# Vengi binary mesh normalized for Tanks of Freedom II

mtllib ../../../materials/vox_grass.mtl
o palm_1

v 1.2 2 1
v 1.1 2 1
v 1.1 2 1.1
v 1.2 2 1.1
v 1.1 2.3 1
v 1 2.3 1
v 1 2.3 1.1
v 1.1 2.3 1.1
v 1 2.6 1
v 0.9 2.6 1
v 0.9 2.6 1.1
v 1 2.6 1.1
v 0.9 2.9 1
v 0.8 2.9 1
v 0.8 2.9 1.1
v 0.9 2.9 1.1
v -0.6 2.9 1
v -0.7 2.9 1
v -0.7 2.9 1.1
v -0.6 2.9 1.1
v -0.7 2.6 1
v -0.8 2.6 1
v -0.8 2.6 1.1
v -0.7 2.6 1.1
v -0.8 2.3 1
v -0.9 2.3 1
v -0.9 2.3 1.1
v -0.8 2.3 1.1
v -0.9 2 1
v -1 2 1
v -1 2 1.1
v -0.9 2 1.1
v 1.2 2.3 0.9
v 1.1 2.3 0.9
v 1.2 2.3 1
v 1.1 2.6 0.9
v 1 2.6 0.9
v 1.1 2.6 1
v 1 2.9 0.9
v 0.9 2.9 0.9
v 1 2.9 1
v 0.8 3.1 0.9
v 0.7 3.1 0.9
v 0.7 3.1 1
v 0.8 3.1 1
v 0.3 2.2 0.9
v 0.2 2.2 0.9
v 0.2 2.2 1
v 0.3 2.2 1
v 0.3 2.4 0.9
v 0.2 2.4 0.9
v 0.2 2.4 1
v 0.3 2.4 1
v 0.2 2.5 0.9
v 0 2.5 0.9
v 0 2.5 1
v 0.2 2.5 1
v 0 2.2 0.9
v -0.1 2.2 0.9
v -0.1 2.2 1
v 0 2.2 1
v 0 2.4 0.9
v -0.1 2.4 0.9
v -0.1 2.4 1
v 0 2.4 1
v -0.5 3.1 0.9
v -0.6 3.1 0.9
v -0.6 3.1 1
v -0.5 3.1 1
v -0.7 2.9 0.9
v -0.8 2.9 0.9
v -0.8 2.9 1
v -0.8 2.6 0.9
v -0.9 2.6 0.9
v -0.9 2.6 1
v -0.9 2.3 0.9
v -1 2.3 0.9
v -1 2.3 1
v 1.2 2.6 0.8
v 1.1 2.6 0.8
v 1.2 2.6 0.9
v 1.1 2.9 0.8
v 1 2.9 0.8
v 1.1 2.9 0.9
v 0.9 3.1 0.8
v 0.8 3.1 0.8
v 0.9 3.1 1
v 0.7 3.3 0.8
v 0.6 3.3 0.8
v 0.6 3.3 0.9
v 0.7 3.3 0.9
v 0.4 2.7 0.8
v 0.3 2.7 0.8
v 0.3 2.7 0.9
v 0.4 2.7 0.9
v 0.3 2.8 0.8
v 0.2 2.8 0.8
v 0.2 2.8 0.9
v 0.3 2.8 0.9
v 0 2.8 0.8
v 0 2.8 0.9
v -0.1 2.8 0.8
v -0.1 2.8 0.9
v -0.1 2.7 0.8
v -0.2 2.7 0.8
v -0.2 2.7 0.9
v -0.1 2.7 0.9
v -0.4 3.3 0.8
v -0.5 3.3 0.8
v -0.5 3.3 0.9
v -0.4 3.3 0.9
v -0.6 3.1 0.8
v -0.7 3.1 0.8
v -0.7 3.1 1
v -0.8 2.9 0.8
v -0.9 2.9 0.8
v -0.9 2.9 0.9
v -0.9 2.6 0.8
v -1 2.6 0.8
v -1 2.6 0.9
v 1.2 2.9 0.7
v 1.1 2.9 0.7
v 1.2 2.9 0.8
v 1.1 3.1 0.7
v 1 3.1 0.7
v 1 3.1 0.8
v 1.1 3.1 0.8
v 0.9 3.1 0.7
v 0.9 3.1 0.9
v 1 3.1 0.9
v 0.8 3.3 0.7
v 0.7 3.3 0.7
v 0.8 3.3 0.9
v 0.7 3.4 0.7
v 0.5 3.4 0.7
v 0.5 3.4 0.8
v 0.7 3.4 0.8
v 0.5 2.9 0.7
v 0.4 2.9 0.7
v 0.4 2.9 0.8
v 0.5 2.9 0.8
v 0.4 3 0.7
v 0.3 3 0.7
v 0.3 3 0.8
v 0.4 3 0.8
v -0.1 3 0.7
v -0.1 3 0.8
v -0.2 3 0.7
v -0.2 3 0.8
v -0.2 2.9 0.7
v -0.3 2.9 0.7
v -0.3 2.9 0.8
v -0.2 2.9 0.8
v -0.3 3.4 0.7
v -0.5 3.4 0.7
v -0.5 3.4 0.8
v -0.3 3.4 0.8
v -0.5 3.3 0.7
v -0.6 3.3 0.7
v -0.6 3.3 0.9
v -0.7 3.1 0.7
v -0.8 3.1 0.7
v -0.8 3.1 0.9
v -0.7 3.1 0.9
v -0.9 3.1 0.7
v -0.9 3.1 0.8
v -0.8 3.1 0.8
v -0.9 2.9 0.7
v -1 2.9 0.7
v -1 2.9 0.8
v 1.1 3.1 0.6
v 1 3.1 0.6
v 1 3.3 0.6
v 0.9 3.3 0.6
v 0.9 3.3 0.7
v 1 3.3 0.7
v 0.8 3.3 0.6
v 0.8 3.3 0.8
v 0.9 3.3 0.8
v 0.7 3.4 0.6
v 0.6 3.4 0.6
v 0.6 3.4 0.7
v 0.6 3.5 0.6
v 0.5 3.5 0.6
v 0.5 3.5 0.7
v 0.6 3.5 0.7
v 0.5 3.6 0.6
v 0.4 3.6 0.6
v 0.4 3.6 0.7
v 0.5 3.6 0.7
v 0.5 3.1 0.6
v 0.3 3.1 0.6
v 0.3 3.1 0.7
v 0.5 3.1 0.7
v -0.1 3.1 0.6
v -0.1 3.1 0.7
v -0.3 3.1 0.6
v -0.3 3.1 0.7
v -0.2 3.6 0.6
v -0.3 3.6 0.6
v -0.3 3.6 0.7
v -0.2 3.6 0.7
v -0.3 3.5 0.6
v -0.4 3.5 0.6
v -0.4 3.5 0.7
v -0.3 3.5 0.7
v -0.4 3.4 0.6
v -0.6 3.4 0.6
v -0.6 3.4 0.7
v -0.4 3.4 0.7
v -0.6 3.3 0.6
v -0.7 3.3 0.6
v -0.7 3.3 0.8
v -0.6 3.3 0.8
v -0.8 3.3 0.6
v -0.8 3.3 0.7
v -0.7 3.3 0.7
v -0.8 3.1 0.6
v -0.9 3.1 0.6
v 1 3.3 0.5
v 0.9 3.3 0.5
v 0.8 3.4 0.5
v 0.7 3.4 0.5
v 0.8 3.4 0.7
v 0.7 3.5 0.5
v 0.6 3.5 0.5
v 0.7 3.5 0.6
v 0.6 3.6 0.5
v 0.4 3.6 0.5
v 0.6 3.6 0.6
v 0.3 3.6 0.5
v 0.3 3.6 0.6
v -0.1 3.6 0.5
v -0.2 3.6 0.5
v -0.1 3.6 0.6
v -0.3 3.6 0.5
v -0.4 3.6 0.5
v -0.4 3.6 0.6
v -0.4 3.5 0.5
v -0.5 3.5 0.5
v -0.5 3.5 0.6
v -0.5 3.4 0.5
v -0.6 3.4 0.5
v -0.5 3.4 0.6
v -0.7 3.3 0.5
v -0.8 3.3 0.5
v 0.9 3.4 0.4
v 0.8 3.4 0.4
v 0.8 3.4 0.6
v 0.9 3.4 0.6
v 0.8 3.5 0.4
v 0.7 3.5 0.4
v 0.8 3.5 0.5
v 0.6 3.6 0.4
v 0.5 3.6 0.4
v 0.5 3.6 0.5
v 0.5 3.2 0.4
v 0.4 3.2 0.4
v 0.4 3.2 0.5
v 0.5 3.2 0.5
v 0.4 3.6 0.4
v 0.3 3.2 0.4
v 0.3 3.2 0.6
v 0.4 3.2 0.6
v -0.1 3.2 0.4
v -0.1 3.2 0.6
v -0.2 3.2 0.4
v -0.2 3.2 0.6
v -0.3 3.2 0.4
v -0.3 3.2 0.5
v -0.2 3.2 0.5
v -0.2 3.6 0.4
v -0.3 3.6 0.4
v -0.4 3.6 0.4
v -0.5 3.5 0.4
v -0.6 3.5 0.4
v -0.6 3.5 0.5
v -0.6 3.4 0.4
v -0.7 3.4 0.4
v -0.7 3.4 0.6
v 0.9 2.9 0.3
v 0.8 2.9 0.3
v 0.8 2.9 0.4
v 0.9 2.9 0.4
v 0.8 3.6 0.3
v 0.7 3.6 0.3
v 0.7 3.6 0.4
v 0.8 3.6 0.4
v 0.6 3.6 0.3
v 0.7 3.6 0.5
v 0.5 3.6 0.3
v 0.5 3.5 0.3
v 0.4 3.5 0.3
v 0.4 3.5 0.4
v 0.5 3.5 0.4
v 0.2 3.5 0.3
v 0.2 3.5 0.5
v 0.4 3.5 0.5
v 0.3 3.3 0.3
v -0.1 3.3 0.3
v -0.1 3.3 0.4
v 0.3 3.3 0.4
v 0 3.5 0.3
v -0.2 3.5 0.3
v -0.2 3.5 0.5
v 0 3.5 0.5
v -0.3 3.5 0.3
v -0.3 3.5 0.4
v -0.2 3.5 0.4
v -0.3 3.6 0.3
v -0.4 3.6 0.3
v -0.5 3.6 0.3
v -0.5 3.6 0.5
v -0.6 3.6 0.3
v -0.6 3.6 0.4
v -0.5 3.6 0.4
v -0.6 2.9 0.3
v -0.7 2.9 0.3
v -0.7 2.9 0.4
v -0.6 2.9 0.4
v 1 2.7 0.2
v 0.9 2.7 0.2
v 0.9 2.7 0.3
v 1 2.7 0.3
v 0.9 3 0.2
v 0.8 3 0.2
v 0.8 3 0.3
v 0.9 3 0.3
v 0.8 3.1 0.2
v 0.7 3.1 0.2
v 0.7 3.1 0.4
v 0.8 3.1 0.4
v 0.7 3.2 0.2
v 0.6 3.2 0.2
v 0.6 3.2 0.3
v 0.7 3.2 0.3
v 0.7 3.6 0.2
v 0.6 3.6 0.2
v 0.5 3.2 0.2
v 0.6 3.2 0.4
v 0.4 3.3 0.2
v 0.3 3.3 0.2
v 0.4 3.3 0.3
v 0.4 3.5 0.2
v 0.3 3.5 0.2
v 0.3 3.5 0.3
v 0.3 3.4 0.2
v -0.1 3.4 0.2
v -0.1 3.4 0.3
v 0.3 3.4 0.3
v 0.2 0.4 0.2
v -0.2 0.4 0.2
v -0.2 0.4 0.3
v 0.2 0.4 0.3
v -0.1 3.3 0.2
v -0.2 3.3 0.2
v -0.2 3.3 0.3
v -0.1 3.5 0.2
v -0.2 3.5 0.2
v -0.1 3.5 0.3
v -0.3 3.2 0.2
v -0.4 3.2 0.2
v -0.4 3.2 0.4
v -0.5 3.2 0.2
v -0.5 3.2 0.3
v -0.4 3.2 0.3
v -0.4 3.6 0.2
v -0.5 3.6 0.2
v -0.5 3.1 0.2
v -0.6 3.1 0.2
v -0.6 3.1 0.4
v -0.5 3.1 0.4
v -0.6 3 0.2
v -0.7 3 0.2
v -0.7 3 0.3
v -0.6 3 0.3
v -0.7 2.7 0.2
v -0.8 2.7 0.2
v -0.8 2.7 0.3
v -0.7 2.7 0.3
v 1.1 2.2 0.1
v 1 2.2 0.1
v 1 2.2 0.2
v 1.1 2.2 0.2
v 1.1 2.4 0.1
v 1 2.4 0.1
v 1 2.4 0.2
v 1.1 2.4 0.2
v 1 2.8 0.1
v 0.9 2.8 0.1
v 0.9 2.8 0.2
v 1 2.8 0.2
v 0.6 3.5 0.1
v 0.4 3.5 0.1
v 0.6 3.5 0.3
v 0.2 0.4 0.1
v 0.1 0.4 0.1
v 0.1 0.4 0.2
v 0.1 0.8 0.1
v 0 0.8 0.1
v 0 0.8 0.2
v 0.1 0.8 0.2
v 0 1.2 0.1
v -0.1 1.2 0.1
v -0.1 1.2 0.2
v 0 1.2 0.2
v -0.1 0.4 0.1
v -0.2 0.4 0.1
v -0.1 0.4 0.2
v -0.2 3.5 0.1
v -0.4 3.5 0.1
v -0.4 3.5 0.3
v -0.7 2.8 0.1
v -0.8 2.8 0.1
v -0.8 2.8 0.2
v -0.7 2.8 0.2
v -0.8 2.2 0.1
v -0.9 2.2 0.1
v -0.9 2.2 0.2
v -0.8 2.2 0.2
v -0.8 2.4 0.1
v -0.9 2.4 0.1
v -0.9 2.4 0.2
v -0.8 2.4 0.2
v 0.2 0.8 0
v 0.1 0.8 0
v 0.2 0.8 0.1
v 0.1 1.2 0
v 0 1.2 0
v 0.1 1.2 0.1
v 0 1.5 0
v -0.1 1.5 0
v -0.1 1.5 0.1
v 0 1.5 0.1
v 1.1 2.5 -0.1
v 1 2.5 -0.1
v 1 2.5 0.1
v 1.1 2.5 0.1
v 1 2.8 -0.1
v 0.9 2.8 -0.1
v 0.2 0.8 -0.1
v 0.1 0.8 -0.1
v 0.1 1.2 -0.1
v 0 1.2 -0.1
v 0 1.5 -0.1
v -0.1 1.5 -0.1
v 0 2.4 -0.1
v -0.1 2.4 -0.1
v -0.1 2.4 0.1
v 0 2.4 0.1
v -0.1 2 -0.1
v -0.2 2 -0.1
v -0.2 2 0.1
v -0.1 2 0.1
v -0.2 0.4 -0.1
v -0.3 0.4 -0.1
v -0.3 0.4 0.2
v -0.2 1.7 -0.1
v -0.3 1.7 -0.1
v -0.3 1.7 0.1
v -0.2 1.7 0.1
v -0.7 2.8 -0.1
v -0.8 2.8 -0.1
v -0.8 2.5 -0.1
v -0.9 2.5 -0.1
v -0.9 2.5 0.1
v -0.8 2.5 0.1
v 1.1 2.2 -0.2
v 1 2.2 -0.2
v 1 2.2 -0.1
v 1.1 2.2 -0.1
v 1.1 2.4 -0.2
v 1 2.4 -0.2
v 1 2.4 -0.1
v 1.1 2.4 -0.1
v 1 2.8 -0.2
v 0.9 2.8 -0.2
v 0.9 3 -0.2
v 0.8 3 -0.2
v 0.8 3.1 -0.2
v 0.7 3.1 -0.2
v 0.7 3.2 -0.2
v 0.5 3.2 -0.2
v 0.5 3.3 -0.2
v 0.4 3.3 -0.2
v 0.5 3.3 0.2
v 0.4 3.4 -0.2
v 0.3 3.4 -0.2
v 0.4 3.4 0.2
v 0.3 0.4 -0.2
v 0.2 0.4 -0.2
v 0.3 0.4 0.2
v 0.1 0.4 -0.2
v 0.1 0.4 -0.1
v 0.2 0.4 -0.1
v 0.1 0.8 -0.2
v 0 0.8 -0.2
v 0 0.8 -0.1
v 0 1.2 -0.2
v -0.1 1.2 -0.2
v -0.1 1.2 -0.1
v 0.3 3.5 -0.2
v -0.1 3.5 -0.2
v -0.1 3.4 -0.2
v -0.2 3.4 -0.2
v -0.2 3.4 0.2
v -0.1 0.4 -0.2
v -0.3 0.4 -0.2
v -0.1 0.4 -0.1
v -0.2 3.3 -0.2
v -0.3 3.3 -0.2
v -0.3 3.3 0.2
v -0.3 3.2 -0.2
v -0.5 3.2 -0.2
v -0.5 3.1 -0.2
v -0.6 3.1 -0.2
v -0.6 3 -0.2
v -0.7 3 -0.2
v -0.7 2.8 -0.2
v -0.8 2.8 -0.2
v -0.8 2.2 -0.2
v -0.9 2.2 -0.2
v -0.9 2.2 -0.1
v -0.8 2.2 -0.1
v -0.8 2.4 -0.2
v -0.9 2.4 -0.2
v -0.9 2.4 -0.1
v -0.8 2.4 -0.1
v 1 2.7 -0.3
v 0.9 2.7 -0.3
v 0.9 2.7 -0.2
v 1 2.7 -0.2
v 0.9 3 -0.3
v 0.8 3 -0.3
v 0.7 3.6 -0.3
v 0.6 3.6 -0.3
v 0.6 3.6 -0.2
v 0.7 3.6 -0.2
v 0.7 3.2 -0.3
v 0.5 3.2 -0.3
v 0.6 3.5 -0.3
v 0.4 3.5 -0.3
v 0.4 3.5 -0.1
v 0.6 3.5 -0.1
v 0.4 3.3 -0.3
v 0.3 3.3 -0.3
v 0.3 3.3 -0.2
v 0.3 3.5 -0.3
v 0.4 3.5 -0.2
v 0.3 3.4 -0.3
v -0.1 3.4 -0.3
v 0.2 0.4 -0.3
v -0.2 0.4 -0.3
v -0.2 0.4 -0.2
v -0.1 3.3 -0.3
v -0.2 3.3 -0.3
v -0.1 3.3 -0.2
v -0.1 3.5 -0.3
v -0.2 3.5 -0.3
v -0.2 3.5 -0.2
v -0.4 3.5 -0.3
v -0.4 3.5 -0.1
v -0.2 3.5 -0.1
v -0.4 3.2 -0.3
v -0.5 3.2 -0.3
v -0.4 3.2 -0.2
v -0.4 3.6 -0.3
v -0.5 3.6 -0.3
v -0.5 3.6 -0.2
v -0.4 3.6 -0.2
v -0.6 3 -0.3
v -0.7 3 -0.3
v -0.7 2.7 -0.3
v -0.8 2.7 -0.3
v -0.8 2.7 -0.2
v -0.7 2.7 -0.2
v 0.9 2.9 -0.4
v 0.8 2.9 -0.4
v 0.8 2.9 -0.3
v 0.9 2.9 -0.3
v 0.8 3.1 -0.4
v 0.7 3.1 -0.4
v 0.8 3.6 -0.4
v 0.7 3.6 -0.4
v 0.8 3.6 -0.3
v 0.6 3.2 -0.4
v 0.5 3.2 -0.4
v 0.6 3.2 -0.3
v 0.6 3.6 -0.4
v 0.5 3.6 -0.4
v 0.5 3.6 -0.3
v 0.5 3.5 -0.4
v 0.4 3.5 -0.4
v 0.5 3.5 -0.3
v 0.3 3.3 -0.4
v -0.1 3.3 -0.4
v -0.2 3.5 -0.4
v -0.3 3.5 -0.4
v -0.3 3.5 -0.3
v -0.3 3.2 -0.4
v -0.4 3.2 -0.4
v -0.3 3.6 -0.4
v -0.5 3.6 -0.4
v -0.3 3.6 -0.3
v -0.5 3.1 -0.4
v -0.6 3.1 -0.4
v -0.6 3.6 -0.4
v -0.6 3.6 -0.3
v -0.6 2.9 -0.4
v -0.7 2.9 -0.4
v -0.7 2.9 -0.3
v -0.6 2.9 -0.3
v 0.8 3.5 -0.5
v 0.7 3.5 -0.5
v 0.7 3.5 -0.4
v 0.8 3.5 -0.4
v 0.7 3.6 -0.5
v 0.6 3.6 -0.5
v 0.5 3.6 -0.5
v 0.5 3.2 -0.5
v 0.3 3.2 -0.5
v 0.3 3.2 -0.4
v 0.4 3.5 -0.5
v 0.2 3.5 -0.5
v 0.2 3.5 -0.3
v 0 3.5 -0.5
v -0.2 3.5 -0.5
v 0 3.5 -0.3
v -0.2 3.2 -0.5
v -0.3 3.2 -0.5
v -0.2 3.2 -0.4
v -0.3 3.6 -0.5
v -0.4 3.6 -0.5
v -0.4 3.6 -0.4
v -0.5 3.6 -0.5
v -0.5 3.5 -0.5
v -0.6 3.5 -0.5
v -0.6 3.5 -0.4
v -0.5 3.5 -0.4
v 1 3.3 -0.6
v 0.9 3.3 -0.6
v 0.9 3.3 -0.5
v 1 3.3 -0.5
v 0.9 3.4 -0.6
v 0.8 3.4 -0.6
v 0.8 3.4 -0.4
v 0.9 3.4 -0.4
v 0.7 3.5 -0.6
v 0.6 3.5 -0.6
v 0.6 3.5 -0.5
v 0.6 3.6 -0.6
v 0.5 3.6 -0.6
v 0.4 3.6 -0.6
v 0.4 3.6 -0.4
v 0.4 3.2 -0.6
v 0.3 3.2 -0.6
v 0.4 3.2 -0.5
v 0.3 3.6 -0.6
v 0.3 3.6 -0.5
v 0.4 3.6 -0.5
v -0.1 3.2 -0.6
v -0.1 3.2 -0.4
v -0.2 3.2 -0.6
v -0.1 3.6 -0.6
v -0.2 3.6 -0.6
v -0.2 3.6 -0.5
v -0.1 3.6 -0.5
v -0.3 3.6 -0.6
v -0.2 3.6 -0.4
v -0.4 3.6 -0.6
v -0.4 3.5 -0.6
v -0.5 3.5 -0.6
v -0.4 3.5 -0.5
v -0.6 3.4 -0.6
v -0.7 3.4 -0.6
v -0.7 3.4 -0.4
v -0.6 3.4 -0.4
v -0.7 3.3 -0.6
v -0.8 3.3 -0.6
v -0.8 3.3 -0.5
v -0.7 3.3 -0.5
v 1.1 3.1 -0.7
v 1 3.1 -0.7
v 1 3.1 -0.6
v 1.1 3.1 -0.6
v 1 3.3 -0.7
v 0.8 3.3 -0.7
v 0.8 3.3 -0.6
v 0.8 3.4 -0.7
v 0.7 3.4 -0.7
v 0.7 3.4 -0.5
v 0.8 3.4 -0.5
v 0.6 3.4 -0.7
v 0.6 3.4 -0.6
v 0.7 3.4 -0.6
v 0.6 3.5 -0.7
v 0.5 3.5 -0.7
v 0.5 3.5 -0.6
v 0.5 3.6 -0.7
v 0.4 3.6 -0.7
v 0.5 3.1 -0.7
v 0.3 3.1 -0.7
v 0.3 3.1 -0.6
v 0.5 3.1 -0.6
v -0.1 3.1 -0.7
v -0.1 3.1 -0.6
v -0.3 3.1 -0.7
v -0.3 3.1 -0.6
v -0.2 3.6 -0.7
v -0.3 3.6 -0.7
v -0.3 3.5 -0.7
v -0.4 3.5 -0.7
v -0.3 3.5 -0.6
v -0.4 3.4 -0.7
v -0.5 3.4 -0.7
v -0.5 3.4 -0.6
v -0.4 3.4 -0.6
v -0.6 3.4 -0.7
v -0.6 3.4 -0.5
v -0.5 3.4 -0.5
v -0.7 3.3 -0.7
v -0.8 3.3 -0.7
v -0.8 3.1 -0.7
v -0.9 3.1 -0.7
v -0.9 3.1 -0.6
v -0.8 3.1 -0.6
v 1.2 2.9 -0.8
v 1.1 2.9 -0.8
v 1.1 2.9 -0.7
v 1.2 2.9 -0.7
v 1.1 3.1 -0.8
v 0.9 3.1 -0.8
v 0.9 3.1 -0.7
v 0.9 3.3 -0.8
v 0.7 3.3 -0.8
v 0.7 3.3 -0.7
v 0.9 3.3 -0.7
v 0.7 3.4 -0.8
v 0.5 3.4 -0.8
v 0.5 3.4 -0.7
v 0.5 2.9 -0.8
v 0.4 2.9 -0.8
v 0.4 2.9 -0.7
v 0.5 2.9 -0.7
v 0.4 3 -0.8
v 0.3 3 -0.8
v 0.3 3 -0.7
v 0.4 3 -0.7
v -0.1 3 -0.8
v -0.1 3 -0.7
v -0.2 3 -0.8
v -0.2 3 -0.7
v -0.2 2.9 -0.8
v -0.3 2.9 -0.8
v -0.3 2.9 -0.7
v -0.2 2.9 -0.7
v -0.3 3.4 -0.8
v -0.5 3.4 -0.8
v -0.3 3.4 -0.7
v -0.6 3.3 -0.8
v -0.7 3.3 -0.8
v -0.6 3.3 -0.6
v -0.8 3.1 -0.8
v -0.9 3.1 -0.8
v -0.9 2.9 -0.8
v -1 2.9 -0.8
v -1 2.9 -0.7
v -0.9 2.9 -0.7
v 1.2 2.6 -0.9
v 1.1 2.6 -0.9
v 1.1 2.6 -0.8
v 1.2 2.6 -0.8
v 1.1 2.9 -0.9
v 1 2.9 -0.9
v 1 2.9 -0.8
v 1 3.1 -0.9
v 0.8 3.1 -0.9
v 0.8 3.1 -0.8
v 1 3.1 -0.8
v 0.8 3.3 -0.9
v 0.7 3.3 -0.9
v 0.8 3.3 -0.8
v 0.6 3.3 -0.9
v 0.6 3.3 -0.8
v 0.4 2.7 -0.9
v 0.3 2.7 -0.9
v 0.3 2.7 -0.8
v 0.4 2.7 -0.8
v 0.3 2.8 -0.9
v 0.2 2.8 -0.9
v 0.2 2.8 -0.8
v 0.3 2.8 -0.8
v 0 2.8 -0.9
v 0 2.8 -0.8
v -0.1 2.8 -0.9
v -0.1 2.8 -0.8
v -0.1 2.7 -0.9
v -0.2 2.7 -0.9
v -0.2 2.7 -0.8
v -0.1 2.7 -0.8
v -0.4 3.3 -0.9
v -0.5 3.3 -0.9
v -0.5 3.3 -0.8
v -0.4 3.3 -0.8
v -0.6 3.3 -0.9
v -0.6 3.3 -0.7
v -0.5 3.3 -0.7
v -0.7 3.1 -0.9
v -0.8 3.1 -0.9
v -0.7 3.1 -0.7
v -0.8 2.9 -0.9
v -0.9 2.9 -0.9
v -0.8 2.9 -0.8
v -0.9 2.6 -0.9
v -1 2.6 -0.9
v -1 2.6 -0.8
v -0.9 2.6 -0.8
v 1.2 2.3 -1
v 1.1 2.3 -1
v 1.1 2.3 -0.9
v 1.2 2.3 -0.9
v 1.1 2.6 -1
v 1 2.6 -1
v 1 2.6 -0.9
v 1 2.9 -1
v 0.9 2.9 -1
v 0.9 2.9 -0.9
v 0.9 3.1 -1
v 0.8 3.1 -1
v 0.9 3.1 -0.9
v 0.7 3.1 -1
v 0.7 3.1 -0.9
v 0.3 2.2 -1
v 0.2 2.2 -1
v 0.2 2.2 -0.9
v 0.3 2.2 -0.9
v 0.3 2.4 -1
v 0.2 2.4 -1
v 0.2 2.4 -0.9
v 0.3 2.4 -0.9
v 0.2 2.5 -1
v 0 2.5 -1
v 0 2.5 -0.9
v 0.2 2.5 -0.9
v 0 2.2 -1
v -0.1 2.2 -1
v -0.1 2.2 -0.9
v 0 2.2 -0.9
v 0 2.4 -1
v -0.1 2.4 -1
v -0.1 2.4 -0.9
v 0 2.4 -0.9
v -0.5 3.1 -1
v -0.6 3.1 -1
v -0.6 3.1 -0.9
v -0.5 3.1 -0.9
v -0.7 3.1 -1
v -0.7 3.1 -0.8
v -0.6 3.1 -0.8
v -0.7 2.9 -1
v -0.8 2.9 -1
v -0.7 2.9 -0.9
v -0.8 2.6 -1
v -0.9 2.6 -1
v -0.8 2.6 -0.9
v -0.9 2.3 -1
v -1 2.3 -1
v -1 2.3 -0.9
v -0.9 2.3 -0.9
v 1.2 2 -1.1
v 1.1 2 -1.1
v 1.1 2 -1
v 1.2 2 -1
v 1.1 2.3 -1.1
v 1 2.3 -1.1
v 1 2.3 -1
v 1 2.6 -1.1
v 0.9 2.6 -1.1
v 0.9 2.6 -1
v 0.9 2.9 -1.1
v 0.8 2.9 -1.1
v 0.8 2.9 -1
v -0.6 2.9 -1.1
v -0.7 2.9 -1.1
v -0.6 2.9 -1
v -0.7 2.6 -1.1
v -0.8 2.6 -1.1
v -0.7 2.6 -1
v -0.8 2.3 -1.1
v -0.9 2.3 -1.1
v -0.8 2.3 -1
v -0.9 2 -1.1
v -1 2 -1.1
v -1 2 -1
v -0.9 2 -1
v 1.2 1.7 1
v 1.2 1.7 1.1
v 1.1 1.7 1.1
v 1.1 1.7 1
v 1 2 1.1
v 1 2 1
v 0.9 2.3 1.1
v 0.9 2.3 1
v 0.8 2.6 1.1
v 0.8 2.6 1
v -0.6 2.6 1
v -0.6 2.6 1.1
v -0.7 2.3 1
v -0.7 2.3 1.1
v -0.8 2 1
v -0.8 2 1.1
v -0.9 1.7 1
v -0.9 1.7 1.1
v -1 1.7 1.1
v -1 1.7 1
v 1.2 2 0.9
v 1.1 2 0.9
v 1 2.3 0.9
v 0.9 2.6 0.9
v 0.8 2.9 0.9
v 0.7 2.9 1
v 0.7 2.9 0.9
v 0.3 2.1 0.9
v 0.3 2.1 1
v 0.2 2.1 1
v 0.2 2.1 0.9
v 0.3 2.3 0.9
v 0.3 2.3 1
v 0.2 2.3 1
v 0.2 2.3 0.9
v 0.2 2 0.9
v 0.2 2 1
v 0 2 1
v 0 2 0.9
v 0 2.1 0.9
v 0 2.1 1
v -0.1 2.1 1
v -0.1 2.1 0.9
v 0 2.3 0.9
v 0 2.3 1
v -0.1 2.3 1
v -0.1 2.3 0.9
v -0.5 2.9 0.9
v -0.5 2.9 1
v -0.6 2.9 0.9
v -0.7 2.6 0.9
v -0.8 2.3 0.9
v -0.9 2 0.9
v -1 2 0.9
v 1.2 2.3 0.8
v 1.1 2.3 0.8
v 1 2.6 0.8
v 0.9 2.9 0.8
v 0.9 3 0.8
v 0.9 3 0.9
v 0.8 3 0.9
v 0.8 3 0.8
v 0.7 3.1 0.8
v 0.6 3.1 0.9
v 0.6 3.1 0.8
v 0.4 2.6 0.8
v 0.4 2.6 0.9
v 0.3 2.6 0.9
v 0.3 2.6 0.8
v 0.3 2.5 0.8
v 0.3 2.5 0.9
v 0.2 2.5 0.8
v 0 2.5 0.8
v -0.1 2.5 0.9
v -0.1 2.5 0.8
v -0.1 2.6 0.8
v -0.1 2.6 0.9
v -0.2 2.6 0.9
v -0.2 2.6 0.8
v -0.4 3.1 0.8
v -0.4 3.1 0.9
v -0.5 3.1 0.8
v -0.6 3 0.8
v -0.6 3 0.9
v -0.7 3 0.9
v -0.7 3 0.8
v -0.7 2.9 0.8
v -0.8 2.6 0.8
v -0.9 2.3 0.8
v -1 2.3 0.8
v 1.2 2.6 0.7
v 1.1 2.6 0.7
v 1 2.9 0.7
v 1 3 0.7
v 1 3 0.8
v 0.9 3 0.7
v 0.8 3.1 0.7
v 0.8 3.2 0.7
v 0.8 3.2 0.8
v 0.7 3.2 0.8
v 0.7 3.2 0.7
v 0.5 3.3 0.8
v 0.5 3.3 0.7
v 0.5 2.8 0.7
v 0.5 2.8 0.8
v 0.3 2.8 0.7
v -0.1 2.8 0.7
v -0.3 2.8 0.8
v -0.3 2.8 0.7
v -0.3 3.3 0.7
v -0.3 3.3 0.8
v -0.5 3.2 0.7
v -0.5 3.2 0.8
v -0.6 3.2 0.8
v -0.6 3.2 0.7
v -0.6 3.1 0.7
v -0.7 3 0.7
v -0.8 3 0.8
v -0.8 3 0.7
v -0.8 2.9 0.7
v -0.9 2.6 0.7
v -1 2.6 0.7
v 1.1 2.9 0.6
v 1 2.9 0.6
v 0.9 3.1 0.6
v 0.9 3.2 0.6
v 0.9 3.2 0.7
v 0.8 3.2 0.6
v 0.7 3.3 0.6
v 0.6 3.3 0.7
v 0.6 3.3 0.6
v 0.5 3.4 0.6
v 0.4 3.5 0.7
v 0.4 3.5 0.6
v 0.5 3 0.6
v 0.5 3 0.7
v 0.3 3 0.6
v -0.1 3 0.6
v -0.3 3 0.7
v -0.3 3 0.6
v -0.2 3.5 0.6
v -0.2 3.5 0.7
v -0.3 3.4 0.6
v -0.4 3.3 0.6
v -0.4 3.3 0.7
v -0.6 3.2 0.6
v -0.7 3.2 0.7
v -0.7 3.2 0.6
v -0.7 3.1 0.6
v -0.8 2.9 0.6
v -0.9 2.9 0.6
v 1 3.1 0.5
v 0.9 3.1 0.5
v 0.8 3.3 0.5
v 0.7 3.3 0.5
v 0.6 3.4 0.5
v 0.3 3.5 0.6
v 0.3 3.5 0.5
v -0.1 3.5 0.5
v -0.1 3.5 0.6
v -0.3 3.5 0.5
v -0.4 3.4 0.5
v -0.5 3.3 0.5
v -0.5 3.3 0.6
v -0.6 3.3 0.5
v -0.7 3.1 0.5
v -0.8 3.1 0.5
v 0.9 3.3 0.4
v 0.8 3.3 0.4
v 0.7 3.4 0.4
v 0.6 3.5 0.4
v 0.5 3.5 0.5
v 0.5 3.1 0.4
v 0.5 3.1 0.5
v 0.4 3.1 0.5
v 0.4 3.1 0.4
v 0.4 3.1 0.6
v 0.3 3.1 0.4
v -0.1 3.1 0.4
v -0.2 3.1 0.6
v -0.2 3.1 0.4
v -0.2 3.1 0.5
v -0.3 3.1 0.5
v -0.3 3.1 0.4
v -0.4 3.5 0.4
v -0.5 3.4 0.4
v -0.6 3.3 0.4
v -0.7 3.3 0.4
v 0.8 3.5 0.3
v 0.7 3.5 0.3
v 0.5 3.4 0.3
v 0.5 3.4 0.4
v 0.4 3.4 0.4
v 0.4 3.4 0.3
v 0.4 3.4 0.5
v 0.2 3.4 0.5
v 0.2 3.4 0.3
v 0 3.4 0.3
v 0 3.4 0.5
v -0.2 3.4 0.5
v -0.2 3.4 0.3
v -0.2 3.4 0.4
v -0.3 3.4 0.4
v -0.3 3.4 0.3
v -0.5 3.5 0.3
v -0.6 3.5 0.3
v 1 2.6 0.2
v 1 2.6 0.3
v 0.9 2.6 0.3
v 0.9 2.6 0.2
v 0.9 2.8 0.4
v 0.8 2.8 0.4
v 0.8 2.8 0.2
v 0.8 3 0.4
v 0.7 3 0.4
v 0.7 3 0.2
v 0.7 3.1 0.3
v 0.6 3.1 0.3
v 0.6 3.1 0.2
v 0.7 3.5 0.2
v 0.6 3.5 0.2
v 0.6 3.1 0.4
v 0.5 3.1 0.2
v 0.4 3.2 0.2
v 0.4 3.2 0.3
v 0.3 3.2 0.3
v 0.3 3.2 0.2
v -0.1 3.2 0.2
v -0.1 3.2 0.3
v -0.2 3.2 0.3
v -0.2 3.2 0.2
v -0.3 3.1 0.2
v -0.4 3.1 0.4
v -0.4 3.1 0.2
v -0.4 3.1 0.3
v -0.5 3.1 0.3
v -0.4 3.5 0.2
v -0.5 3.5 0.2
v -0.5 3 0.2
v -0.5 3 0.4
v -0.6 3 0.4
v -0.6 2.8 0.2
v -0.6 2.8 0.4
v -0.7 2.8 0.4
v -0.7 2.6 0.2
v -0.7 2.6 0.3
v -0.8 2.6 0.3
v -0.8 2.6 0.2
v 1.1 2.1 0.1
v 1.1 2.1 0.2
v 1 2.1 0.2
v 1 2.1 0.1
v 1.1 2.3 0.1
v 1.1 2.3 0.2
v 1 2.3 0.2
v 1 2.3 0.1
v 1 2.5 0.2
v 0.9 2.5 0.2
v 0.9 2.5 0.1
v 0.6 3.4 0.1
v 0.6 3.4 0.3
v 0.4 3.4 0.1
v 0.3 3.3 0.1
v 0.2 3.3 0.2
v 0.2 3.3 0.1
v 0.2 3 0.1
v 0.2 3 0.2
v 0.1 3 0.2
v 0.1 3 0.1
v 0 3 0.2
v 0 3 0.1
v 0 3.3 0.1
v 0 3.3 0.2
v -0.1 3.3 0.1
v -0.2 3.4 0.1
v -0.4 3.4 0.3
v -0.4 3.4 0.1
v -0.7 2.5 0.1
v -0.7 2.5 0.2
v -0.8 2.5 0.2
v -0.8 2.1 0.1
v -0.8 2.1 0.2
v -0.9 2.1 0.2
v -0.9 2.1 0.1
v -0.8 2.3 0.1
v -0.8 2.3 0.2
v -0.9 2.3 0.2
v -0.9 2.3 0.1
v -0.2 1.4 0
v -0.2 1.4 0.1
v -0.3 1.4 0.1
v -0.3 1.4 0
v 1.1 2 -0.1
v 1.1 2 0.1
v 1 2 0.1
v 1 2 -0.1
v 0.9 2.5 -0.1
v 0.3 3 -0.1
v 0.3 3 0.1
v 0.2 3 -0.1
v 0.2 2.4 -0.1
v 0.2 2.4 0.1
v 0.1 2.4 0.1
v 0.1 2.4 -0.1
v 0.1 2 -0.1
v 0.1 2 0.1
v 0 2 0.1
v 0 2 -0.1
v 0 1.7 -0.1
v 0 1.7 0.1
v -0.1 1.7 0.1
v -0.1 1.7 -0.1
v 0 3 -0.1
v -0.1 3 0.1
v -0.1 3 -0.1
v -0.2 1.4 -0.1
v -0.3 1.4 -0.1
v -0.7 2.5 -0.1
v -0.8 2 -0.1
v -0.8 2 0.1
v -0.9 2 0.1
v -0.9 2 -0.1
v 1.1 2.1 -0.2
v 1.1 2.1 -0.1
v 1 2.1 -0.1
v 1 2.1 -0.2
v 1.1 2.3 -0.2
v 1.1 2.3 -0.1
v 1 2.3 -0.1
v 1 2.3 -0.2
v 1 2.5 -0.2
v 0.9 2.5 -0.2
v 0.8 2.8 -0.2
v 0.7 3 -0.2
v 0.5 3.1 -0.2
v 0.3 3.2 -0.2
v 0.3 0 -0.2
v 0.3 0 0.2
v 0.2 0 0.2
v 0.2 0 -0.2
v 0.3 3.3 -0.1
v 0.2 3.3 -0.1
v 0.2 3.3 -0.2
v 0.2 3 -0.2
v 0 3 -0.2
v 0 3.3 -0.2
v 0 3.3 -0.1
v -0.1 3.3 -0.1
v -0.2 0 -0.2
v -0.2 0 0.2
v -0.3 0 0.2
v -0.3 0 -0.2
v -0.1 3.2 -0.2
v -0.3 3.1 -0.2
v -0.5 3 -0.2
v -0.6 2.8 -0.2
v -0.7 2.5 -0.2
v -0.8 2.5 -0.2
v -0.8 2.1 -0.2
v -0.8 2.1 -0.1
v -0.9 2.1 -0.1
v -0.9 2.1 -0.2
v -0.8 2.3 -0.2
v -0.8 2.3 -0.1
v -0.9 2.3 -0.1
v -0.9 2.3 -0.2
v 1 2.6 -0.3
v 1 2.6 -0.2
v 0.9 2.6 -0.2
v 0.9 2.6 -0.3
v 0.7 3.5 -0.3
v 0.7 3.5 -0.2
v 0.6 3.5 -0.2
v 0.7 3.1 -0.3
v 0.5 3.1 -0.3
v 0.6 3.4 -0.3
v 0.6 3.4 -0.1
v 0.4 3.4 -0.1
v 0.4 3.4 -0.3
v 0.4 3.2 -0.3
v 0.4 3.2 -0.2
v 0.3 3.2 -0.3
v 0.2 0 -0.3
v 0.2 0 0.3
v -0.2 0 0.3
v -0.2 0 -0.3
v -0.1 3.2 -0.3
v -0.2 3.2 -0.2
v -0.2 3.2 -0.3
v -0.2 3.4 -0.3
v -0.2 3.4 -0.1
v -0.4 3.4 -0.1
v -0.4 3.4 -0.3
v -0.4 3.1 -0.3
v -0.4 3.1 -0.2
v -0.5 3.1 -0.3
v -0.4 3.5 -0.2
v -0.5 3.5 -0.2
v -0.5 3.5 -0.3
v -0.7 2.6 -0.3
v -0.7 2.6 -0.2
v -0.8 2.6 -0.2
v -0.8 2.6 -0.3
v 0.9 2.8 -0.4
v 0.8 2.8 -0.4
v 0.8 3 -0.4
v 0.7 3 -0.4
v 0.8 3.5 -0.3
v 0.6 3.1 -0.4
v 0.6 3.1 -0.3
v 0.5 3.1 -0.4
v 0.6 3.5 -0.4
v 0.5 3.4 -0.4
v 0.5 3.4 -0.3
v 0.4 3.4 -0.4
v -0.2 3.4 -0.4
v -0.3 3.4 -0.3
v -0.3 3.4 -0.4
v -0.3 3.1 -0.4
v -0.4 3.1 -0.4
v -0.5 3 -0.4
v -0.6 3 -0.4
v -0.6 3.5 -0.3
v -0.6 2.8 -0.4
v -0.7 2.8 -0.4
v 0.7 3.4 -0.4
v 0.5 3.5 -0.5
v 0.5 3.1 -0.5
v 0.3 3.1 -0.4
v 0.3 3.1 -0.5
v 0.4 3.4 -0.5
v 0.2 3.4 -0.3
v 0.2 3.4 -0.5
v 0 3.4 -0.5
v 0 3.4 -0.3
v -0.2 3.4 -0.5
v -0.2 3.1 -0.5
v -0.2 3.1 -0.4
v -0.3 3.1 -0.5
v -0.3 3.5 -0.5
v -0.4 3.5 -0.4
v -0.5 3.4 -0.4
v 1 3.1 -0.5
v 0.9 3.1 -0.5
v 0.9 3.1 -0.6
v 0.9 3.3 -0.4
v 0.8 3.3 -0.4
v 0.6 3.4 -0.5
v 0.4 3.5 -0.6
v 0.4 3.1 -0.6
v 0.4 3.1 -0.5
v 0.3 3.5 -0.5
v 0.3 3.5 -0.6
v -0.1 3.1 -0.4
v -0.2 3.1 -0.6
v -0.1 3.5 -0.6
v -0.1 3.5 -0.5
v -0.2 3.5 -0.6
v -0.4 3.4 -0.5
v -0.6 3.3 -0.4
v -0.7 3.3 -0.4
v -0.7 3.1 -0.6
v -0.7 3.1 -0.5
v -0.8 3.1 -0.5
v 1.1 2.9 -0.6
v 1 2.9 -0.6
v 1 2.9 -0.7
v 0.9 3.2 -0.7
v 0.9 3.2 -0.6
v 0.8 3.2 -0.6
v 0.8 3.2 -0.7
v 0.8 3.3 -0.5
v 0.7 3.3 -0.5
v 0.7 3.3 -0.6
v 0.6 3.3 -0.6
v 0.6 3.3 -0.7
v 0.5 3.4 -0.6
v 0.4 3.5 -0.7
v 0.5 3 -0.7
v 0.5 3 -0.6
v 0.3 3 -0.6
v -0.1 3 -0.6
v -0.3 3 -0.6
v -0.3 3 -0.7
v -0.2 3.5 -0.7
v -0.3 3.4 -0.6
v -0.4 3.3 -0.7
v -0.4 3.3 -0.6
v -0.5 3.3 -0.6
v -0.5 3.3 -0.5
v -0.6 3.3 -0.5
v -0.6 3.2 -0.7
v -0.6 3.2 -0.6
v -0.7 3.2 -0.6
v -0.7 3.2 -0.7
v -0.8 2.9 -0.7
v -0.8 2.9 -0.6
v -0.9 2.9 -0.6
v 1.2 2.6 -0.7
v 1.1 2.6 -0.7
v 1 3 -0.8
v 1 3 -0.7
v 0.9 3 -0.7
v 0.9 3 -0.8
v 0.8 3.1 -0.7
v 0.8 3.2 -0.8
v 0.7 3.2 -0.7
v 0.7 3.2 -0.8
v 0.5 3.3 -0.7
v 0.5 3.3 -0.8
v 0.5 2.8 -0.8
v 0.5 2.8 -0.7
v 0.3 2.8 -0.7
v -0.1 2.8 -0.7
v -0.3 2.8 -0.7
v -0.3 2.8 -0.8
v -0.3 3.3 -0.8
v -0.3 3.3 -0.7
v -0.5 3.2 -0.8
v -0.5 3.2 -0.7
v -0.6 3.2 -0.8
v -0.6 3.1 -0.7
v -0.7 3 -0.8
v -0.7 3 -0.7
v -0.8 3 -0.7
v -0.8 3 -0.8
v -0.9 2.6 -0.7
v -1 2.6 -0.7
v 1.2 2.3 -0.8
v 1.1 2.3 -0.8
v 1 2.6 -0.8
v 0.9 2.9 -0.8
v 0.9 3 -0.9
v 0.8 3 -0.8
v 0.8 3 -0.9
v 0.7 3.1 -0.8
v 0.6 3.1 -0.8
v 0.6 3.1 -0.9
v 0.4 2.6 -0.9
v 0.4 2.6 -0.8
v 0.3 2.6 -0.8
v 0.3 2.6 -0.9
v 0.3 2.5 -0.9
v 0.3 2.5 -0.8
v 0.2 2.5 -0.8
v 0 2.5 -0.8
v -0.1 2.5 -0.8
v -0.1 2.5 -0.9
v -0.1 2.6 -0.9
v -0.1 2.6 -0.8
v -0.2 2.6 -0.8
v -0.2 2.6 -0.9
v -0.4 3.1 -0.9
v -0.4 3.1 -0.8
v -0.5 3.1 -0.8
v -0.6 3 -0.9
v -0.6 3 -0.8
v -0.7 3 -0.9
v -0.7 2.9 -0.8
v -0.8 2.6 -0.8
v -0.9 2.3 -0.8
v -1 2.3 -0.8
v 1.2 2 -0.9
v 1.1 2 -0.9
v 1 2.3 -0.9
v 0.9 2.6 -0.9
v 0.8 2.9 -0.9
v 0.7 2.9 -0.9
v 0.7 2.9 -1
v 0.3 2.1 -1
v 0.3 2.1 -0.9
v 0.2 2.1 -0.9
v 0.2 2.1 -1
v 0.3 2.3 -1
v 0.3 2.3 -0.9
v 0.2 2.3 -0.9
v 0.2 2.3 -1
v 0.2 2 -1
v 0.2 2 -0.9
v 0 2 -0.9
v 0 2 -1
v 0 2.1 -1
v 0 2.1 -0.9
v -0.1 2.1 -0.9
v -0.1 2.1 -1
v 0 2.3 -1
v 0 2.3 -0.9
v -0.1 2.3 -0.9
v -0.1 2.3 -1
v -0.5 2.9 -1
v -0.5 2.9 -0.9
v -0.6 2.9 -0.9
v -0.7 2.6 -0.9
v -0.8 2.3 -0.9
v -0.9 2 -0.9
v -1 2 -0.9
v 1.2 1.7 -1.1
v 1.2 1.7 -1
v 1.1 1.7 -1
v 1.1 1.7 -1.1
v 1 2 -1
v 1 2 -1.1
v 0.9 2.3 -1
v 0.9 2.3 -1.1
v 0.8 2.6 -1
v 0.8 2.6 -1.1
v -0.6 2.6 -1.1
v -0.6 2.6 -1
v -0.7 2.3 -1.1
v -0.7 2.3 -1
v -0.8 2 -1.1
v -0.8 2 -1
v -0.9 1.7 -1.1
v -0.9 1.7 -1
v -1 1.7 -1
v -1 1.7 -1.1
v -0.2 0.1 0.3
v -0.2 0.1 0.2
v -0.3 0.1 0.2
v -0.3 0.1 -0.2
v -0.2 0.1 -0.2
v -0.2 0.1 -0.3
v -0.2 0.2 0.3
v -0.2 0.2 0.2
v -0.2 0.2 -0.2
v -0.2 0.2 -0.3
v -0.2 0.3 0.3
v -0.2 0.3 0.2
v -0.3 0.3 0.2
v -0.3 0.3 -0.2
v -0.2 0.3 -0.2
v -0.2 0.3 -0.3
v -0.3 0.3 -0.1
v -0.1 0.5 0.2
v -0.1 0.5 0.1
v -0.2 0.5 0.1
v -0.2 0.5 -0.1
v -0.1 0.5 -0.1
v -0.1 0.5 -0.2
v -0.1 0.6 0.2
v -0.1 0.6 0.1
v -0.2 0.6 0.1
v -0.2 0.6 -0.1
v -0.1 0.6 -0.1
v -0.1 0.6 -0.2
v -0.1 0.7 0.2
v -0.1 0.7 0.1
v -0.2 0.7 0.1
v -0.2 0.7 -0.1
v -0.1 0.7 -0.1
v -0.1 0.7 -0.2
v -0.1 0.9 0.2
v -0.1 0.9 0.1
v -0.2 0.9 0.1
v -0.2 0.9 -0.1
v -0.1 0.9 -0.1
v -0.1 0.9 -0.2
v -0.1 1 0.2
v -0.1 1 0.1
v -0.2 1 0.1
v -0.2 1 -0.1
v -0.1 1 -0.1
v -0.1 1 -0.2
v -0.1 1.1 0.2
v -0.1 1.1 0.1
v -0.2 1.1 0.1
v -0.2 1.1 -0.1
v -0.1 1.1 -0.1
v -0.1 1.1 -0.2
v -0.2 1.2 0.1
v -0.2 1.2 -0.1
v -0.2 1.3 0.1
v -0.2 1.3 -0.1
v -0.3 1.5 0.1
v -0.3 1.5 0
v -0.3 1.5 -0.1
v -0.3 1.6 0
v -0.3 1.6 -0.1
v -0.3 1.7 0
v -0.2 1.8 0.1
v -0.2 1.8 0
v -0.2 1.7 0
v -0.2 1.8 -0.1
v -0.2 1.9 0.1
v -0.2 1.9 0
v -0.2 1.9 -0.1
v -0.1 2.1 0.1
v -0.1 2.1 -0.1
v -0.1 2.2 0.1
v -0.1 2.2 -0.1
v -0.1 2.3 0.1
v -0.1 2.3 -0.1
v 0 2.5 0
v 0 2.5 -0.1
v 0 2.4 0
v 0 2.6 0.1
v 0 2.6 0
v 0 2.6 -0.1
v 0 2.7 0.1
v 0 2.7 -0.1
v 0 2.8 0.1
v 0 2.8 -0.1
v 0.8 2.9 0.2
v -0.7 2.9 0.2
v 0 2.9 0.1
v 0 2.9 -0.1
v 0.8 2.8 -0.3
v -0.7 2.8 -0.3
v 0 3.1 0.2
v 0 3.1 0.1
v -0.1 3.1 0.1
v -0.1 3.1 -0.1
v 0 3.1 -0.1
v 0 3.1 -0.2
v 0 3.2 0.2
v 0 3.2 0.1
v -0.1 3.2 0.1
v -0.1 3.2 -0.1
v 0 3.2 -0.1
v 0 3.2 -0.2
v 0.3 3.2 0.1
v 0.3 3.2 -0.1
v 0.3 0.1 0.2
v 0.3 0.1 -0.2
v 0.2 0.2 0.3
v 0.2 0.2 0.2
v 0.3 0.2 0.2
v 0.3 0.2 -0.2
v 0.2 0.2 -0.2
v 0.2 0.2 -0.3
v 0.2 0.3 0.3
v 0.2 0.3 0.2
v 0.3 0.3 0.2
v 0.3 0.3 -0.2
v 0.2 0.3 -0.2
v 0.2 0.3 -0.3
v 0.1 0.5 0.2
v 0.1 0.5 0.1
v 0.2 0.5 0.1
v 0.2 0.4 0
v 0.2 0.5 0
v 0.1 0.5 -0.1
v 0.1 0.5 -0.2
v 0.2 0.7 0.1
v 0.2 0.7 0
v 0.2 0.7 -0.1
v 0.1 0.7 -0.1
v 0.1 0.7 -0.2
v 0 0.9 0.2
v 0 0.9 0.1
v 0.1 0.9 0
v 0.1 0.9 -0.1
v 0 0.9 -0.1
v 0 0.9 -0.2
v 0 1 0.2
v 0 1 0.1
v 0.1 1 0.1
v 0.1 1 0
v 0.1 1 -0.1
v 0 1 -0.1
v 0 1 -0.2
v 0 1.1 0.2
v 0 1.1 0.1
v 0.1 1.1 0.1
v 0.1 1.1 -0.1
v 0 1.1 -0.1
v 0 1.1 -0.2
v 0.1 1.1 0
v 0 1.3 0.1
v 0 1.3 -0.1
v 0 1.4 0.1
v 0 1.4 -0.1
v 0 1.4 0
v -0.1 1.6 0
v -0.1 1.6 -0.1
v -0.1 1.7 0
v 0 1.8 0.1
v 0 1.8 -0.1
v 0 1.9 0.1
v 0 1.9 -0.1
v 0.1 2.1 0.1
v 0.1 2.1 -0.1
v 0.1 2.2 0.1
v 0.1 2.2 -0.1
v 0.1 2.3 0.1
v 0.1 2.3 -0.1
v 0.2 2.5 0.1
v 0.2 2.5 -0.1
v 0.2 2.6 0.1
v 0.2 2.6 -0.1
v 0.2 2.7 0.1
v 0.2 2.6 0
v 0.2 2.7 0
v 0.2 2.7 -0.1
v 0.2 2.8 0.1
v 0.2 2.8 -0.1
v 0.9 2.9 0.2
v -0.6 2.9 0.2
v 0.2 2.9 0.1
v 0.2 2.9 -0.1
v 0.9 2.8 -0.3
v -0.6 2.8 -0.3
v 0.2 2.9 0
v 0.2 3 0
v 0.2 3.1 0.2
v 0.2 3.1 0.1
v 0.3 3.1 0.1
v 0.3 3.1 -0.1
v 0.2 3.1 -0.1
v 0.2 3.1 -0.2
v 0.2 3.2 0.2
v 0.2 3.2 0.1
v 0.2 3.2 -0.1
v 0.2 3.2 -0.2
v 0.3 2.9 0.7
v 0.3 2.9 -0.8
v 0.2 0.1 -0.2
v 0.2 2.6 0.8
v 0.2 2.6 -0.9
v 0.2 2.7 0.8
v 0.2 2.7 -0.9
v 0.1 0.1 -0.3
v 0.1 0.2 -0.3
v 0.2 0.1 -0.3
v 0.1 0.3 -0.3
v 0.1 2.6 -0.1
v 0.1 2.7 -0.1
v 0.1 2.8 -0.1
v 0.1 2.9 -0.1
v 0 0.6 -0.2
v 0 0.7 -0.2
v 0.1 0.6 -0.2
v 0 2.1 -0.1
v 0 2.2 -0.1
v 0 2.3 -0.1
v -0.2 1.5 -0.1
v -0.1 2.9 0.7
v -0.1 2.9 -0.8
v 0.3 2.9 0.8
v 0.3 2.9 -0.7
v 0.2 0.1 0.2
v 0.2 2.6 0.9
v 0.2 2.6 -0.8
v 0.2 2.7 0.9
v 0.2 2.7 -0.8
v 0.1 0.7 0.1
v 0.1 2.5 0.1
v 0.1 2.7 0.1
v 0.1 2.8 0.1
v 0.1 2.9 0.1
v 0.1 3.1 0.2
v 0 0.1 0.3
v 0.2 0.1 0.3
v 0 0.2 0.3
v 0 0.3 0.3
v 0 0.6 0.2
v 0.1 0.6 0.2
v 0 2.1 0.1
v 0 2.2 0.1
v 0 2.3 0.1
v 0 2.5 0.1
v 0 0.7 0.2
v -0.1 1.4 0.1
v -0.1 1.8 0.1
v -0.1 1.9 0.1
v -0.1 2.9 0.8
v -0.1 2.9 -0.7
v -0.2 1.5 0.1

vt 0.00585938 0.5
vt 0.0449219 0.5
vt 0.0488281 0.5
vt 0.0683594 0.5
vt 0.0839844 0.5
vt 0.0996094 0.5

vn 0 1 0
vn 0 -1 0
vn -1 0 0
vn 1 0 0
vn 0 0 -1
vn 0 0 1

usemtl palette
f 1/3/1 2/3/1 4/3/1
f 4/3/1 2/3/1 3/3/1
f 5/3/1 6/3/1 8/3/1
f 8/3/1 6/3/1 7/3/1
f 9/3/1 10/3/1 12/3/1
f 12/3/1 10/3/1 11/3/1
f 13/3/1 14/3/1 16/3/1
f 16/3/1 14/3/1 15/3/1
f 17/3/1 18/3/1 20/3/1
f 20/3/1 18/3/1 19/3/1
f 21/3/1 22/3/1 24/3/1
f 24/3/1 22/3/1 23/3/1
f 25/3/1 26/3/1 28/3/1
f 28/3/1 26/3/1 27/3/1
f 29/3/1 30/3/1 32/3/1
f 32/3/1 30/3/1 31/3/1
f 33/3/1 34/3/1 35/3/1
f 35/3/1 34/3/1 5/3/1
f 36/2/1 37/2/1 38/2/1
f 38/2/1 37/2/1 9/2/1
f 39/2/1 40/2/1 41/2/1
f 41/2/1 40/2/1 13/2/1
f 42/3/1 43/3/1 45/3/1
f 45/3/1 43/3/1 44/3/1
f 46/3/1 47/3/1 49/3/1
f 49/3/1 47/3/1 48/3/1
f 50/3/1 51/3/1 53/3/1
f 53/3/1 51/3/1 52/3/1
f 54/3/1 55/3/1 57/3/1
f 57/3/1 55/3/1 56/3/1
f 58/3/1 59/3/1 61/3/1
f 61/3/1 59/3/1 60/3/1
f 62/3/1 63/3/1 65/3/1
f 65/3/1 63/3/1 64/3/1
f 66/3/1 67/3/1 69/3/1
f 69/3/1 67/3/1 68/3/1
f 70/2/1 71/2/1 18/2/1
f 18/2/1 71/2/1 72/2/1
f 73/2/1 74/2/1 22/2/1
f 22/2/1 74/2/1 75/2/1
f 76/3/1 77/3/1 26/3/1
f 26/3/1 77/3/1 78/3/1
f 79/3/1 80/3/1 81/3/1
f 81/3/1 80/3/1 36/3/1
f 82/2/1 83/2/1 84/2/1
f 84/2/1 83/2/1 39/2/1
f 85/2/1 86/2/1 87/2/1
f 87/2/1 86/2/1 45/2/1
f 88/3/1 89/3/1 91/3/1
f 91/3/1 89/3/1 90/3/1
f 92/3/1 93/3/1 95/3/1
f 95/3/1 93/3/1 94/3/1
f 96/3/1 97/3/1 99/3/1
f 99/3/1 97/3/1 98/3/1
f 97/2/1 100/2/1 98/2/1
f 98/2/1 100/2/1 101/2/1
f 100/3/1 102/3/1 101/3/1
f 101/3/1 102/3/1 103/3/1
f 104/3/1 105/3/1 107/3/1
f 107/3/1 105/3/1 106/3/1
f 108/3/1 109/3/1 111/3/1
f 111/3/1 109/3/1 110/3/1
f 112/2/1 113/2/1 68/2/1
f 68/2/1 113/2/1 114/2/1
f 115/2/1 116/2/1 71/2/1
f 71/2/1 116/2/1 117/2/1
f 118/3/1 119/3/1 74/3/1
f 74/3/1 119/3/1 120/3/1
f 121/3/1 122/3/1 123/3/1
f 123/3/1 122/3/1 82/3/1
f 124/2/1 125/2/1 127/2/1
f 127/2/1 125/2/1 126/2/1
f 125/2/1 128/2/1 130/2/1
f 130/2/1 128/2/1 129/2/1
f 131/2/1 132/2/1 133/2/1
f 133/2/1 132/2/1 91/2/1
f 134/3/1 135/3/1 137/3/1
f 137/3/1 135/3/1 136/3/1
f 138/3/1 139/3/1 141/3/1
f 141/3/1 139/3/1 140/3/1
f 142/3/1 143/3/1 145/3/1
f 145/3/1 143/3/1 144/3/1
f 143/2/1 146/2/1 144/2/1
f 144/2/1 146/2/1 147/2/1
f 146/3/1 148/3/1 147/3/1
f 147/3/1 148/3/1 149/3/1
f 150/3/1 151/3/1 153/3/1
f 153/3/1 151/3/1 152/3/1
f 154/3/1 155/3/1 157/3/1
f 157/3/1 155/3/1 156/3/1
f 158/2/1 159/2/1 110/2/1
f 110/2/1 159/2/1 160/2/1
f 161/2/1 162/2/1 164/2/1
f 164/2/1 162/2/1 163/2/1
f 162/2/1 165/2/1 167/2/1
f 167/2/1 165/2/1 166/2/1
f 168/3/1 169/3/1 116/3/1
f 116/3/1 169/3/1 170/3/1
f 171/3/1 172/3/1 124/3/1
f 124/3/1 172/3/1 125/3/1
f 173/2/1 174/2/1 176/2/1
f 176/2/1 174/2/1 175/2/1
f 174/2/1 177/2/1 179/2/1
f 179/2/1 177/2/1 178/2/1
f 180/2/1 181/2/1 134/2/1
f 134/2/1 181/2/1 182/2/1
f 183/3/1 184/3/1 186/3/1
f 186/3/1 184/3/1 185/3/1
f 187/3/1 188/3/1 190/3/1
f 190/3/1 188/3/1 189/3/1
f 191/3/1 192/3/1 194/3/1
f 194/3/1 192/3/1 193/3/1
f 192/2/1 195/2/1 193/2/1
f 193/2/1 195/2/1 196/2/1
f 195/3/1 197/3/1 196/3/1
f 196/3/1 197/3/1 198/3/1
f 199/3/1 200/3/1 202/3/1
f 202/3/1 200/3/1 201/3/1
f 203/3/1 204/3/1 206/3/1
f 206/3/1 204/3/1 205/3/1
f 207/2/1 208/2/1 210/2/1
f 210/2/1 208/2/1 209/2/1
f 211/2/1 212/2/1 214/2/1
f 214/2/1 212/2/1 213/2/1
f 212/2/1 215/2/1 217/2/1
f 217/2/1 215/2/1 216/2/1
f 218/3/1 219/3/1 162/3/1
f 162/3/1 219/3/1 165/3/1
f 220/3/1 221/3/1 173/3/1
f 173/3/1 221/3/1 174/3/1
f 222/2/1 223/2/1 224/2/1
f 224/2/1 223/2/1 134/2/1
f 225/2/1 226/2/1 227/2/1
f 227/2/1 226/2/1 183/2/1
f 228/2/1 229/2/1 230/2/1
f 230/2/1 229/2/1 188/2/1
f 229/3/1 231/3/1 188/3/1
f 188/3/1 231/3/1 232/3/1
f 233/3/1 234/3/1 235/3/1
f 235/3/1 234/3/1 199/3/1
f 236/2/1 237/2/1 200/2/1
f 200/2/1 237/2/1 238/2/1
f 239/2/1 240/2/1 204/2/1
f 204/2/1 240/2/1 241/2/1
f 242/2/1 243/2/1 244/2/1
f 244/2/1 243/2/1 208/2/1
f 245/3/1 246/3/1 212/3/1
f 212/3/1 246/3/1 215/3/1
f 247/3/1 248/3/1 250/3/1
f 250/3/1 248/3/1 249/3/1
f 251/3/1 252/3/1 253/3/1
f 253/3/1 252/3/1 225/3/1
f 254/6/1 255/6/1 228/6/1
f 228/6/1 255/6/1 256/6/1
f 257/3/1 258/3/1 260/3/1
f 260/3/1 258/3/1 259/3/1
f 255/2/1 261/2/1 256/2/1
f 256/2/1 261/2/1 229/2/1
f 258/3/1 262/3/1 264/3/1
f 264/3/1 262/3/1 263/3/1
f 262/2/1 265/2/1 263/2/1
f 263/2/1 265/2/1 266/2/1
f 265/3/1 267/3/1 266/3/1
f 266/3/1 267/3/1 268/3/1
f 267/3/1 269/3/1 271/3/1
f 271/3/1 269/3/1 270/3/1
f 272/2/1 273/2/1 199/2/1
f 199/2/1 273/2/1 200/2/1
f 273/6/1 274/6/1 236/6/1
f 236/6/1 274/6/1 237/6/1
f 275/3/1 276/3/1 240/3/1
f 240/3/1 276/3/1 277/3/1
f 278/3/1 279/3/1 208/3/1
f 208/3/1 279/3/1 280/3/1
f 281/3/1 282/3/1 284/3/1
f 284/3/1 282/3/1 283/3/1
f 285/3/1 286/3/1 288/3/1
f 288/3/1 286/3/1 287/3/1
f 286/2/1 289/2/1 290/2/1
f 290/2/1 289/2/1 228/2/1
f 289/2/1 291/2/1 254/2/1
f 254/2/1 291/2/1 255/2/1
f 292/6/1 293/6/1 295/6/1
f 295/6/1 293/6/1 294/6/1
f 293/2/1 296/2/1 298/2/1
f 298/2/1 296/2/1 297/2/1
f 299/2/1 300/2/1 302/2/1
f 302/2/1 300/2/1 301/2/1
f 303/2/1 304/2/1 306/2/1
f 306/2/1 304/2/1 305/2/1
f 304/6/1 307/6/1 309/6/1
f 309/6/1 307/6/1 308/6/1
f 310/2/1 311/2/1 273/2/1
f 273/2/1 311/2/1 274/2/1
f 311/2/1 312/2/1 237/2/1
f 237/2/1 312/2/1 313/2/1
f 312/3/1 314/3/1 316/3/1
f 316/3/1 314/3/1 315/3/1
f 317/3/1 318/3/1 320/3/1
f 320/3/1 318/3/1 319/3/1
f 321/3/1 322/3/1 324/3/1
f 324/3/1 322/3/1 323/3/1
f 325/3/1 326/3/1 328/3/1
f 328/3/1 326/3/1 327/3/1
f 329/3/1 330/3/1 332/3/1
f 332/3/1 330/3/1 331/3/1
f 333/3/1 334/3/1 336/3/1
f 336/3/1 334/3/1 335/3/1
f 337/3/1 338/3/1 286/3/1
f 286/3/1 338/3/1 289/3/1
f 334/3/1 339/3/1 340/3/1
f 340/3/1 339/3/1 257/3/1
f 341/3/1 342/3/1 343/3/1
f 343/3/1 342/3/1 299/3/1
f 344/6/1 345/6/1 293/6/1
f 293/6/1 345/6/1 346/6/1
f 347/6/1 348/6/1 350/6/1
f 350/6/1 348/6/1 349/6/1
f 351/4/1 352/4/1 354/4/1
f 354/4/1 352/4/1 353/4/1
f 355/3/1 356/3/1 300/3/1
f 300/3/1 356/3/1 357/3/1
f 358/6/1 359/6/1 360/6/1
f 360/6/1 359/6/1 304/6/1
f 361/3/1 362/3/1 269/3/1
f 269/3/1 362/3/1 363/3/1
f 362/3/1 364/3/1 366/3/1
f 366/3/1 364/3/1 365/3/1
f 367/3/1 368/3/1 311/3/1
f 311/3/1 368/3/1 312/3/1
f 369/3/1 370/3/1 372/3/1
f 372/3/1 370/3/1 371/3/1
f 373/3/1 374/3/1 376/3/1
f 376/3/1 374/3/1 375/3/1
f 377/3/1 378/3/1 380/3/1
f 380/3/1 378/3/1 379/3/1
f 381/3/1 382/3/1 384/3/1
f 384/3/1 382/3/1 383/3/1
f 385/3/1 386/3/1 388/3/1
f 388/3/1 386/3/1 387/3/1
f 389/3/1 390/3/1 392/3/1
f 392/3/1 390/3/1 391/3/1
f 393/2/1 394/2/1 395/2/1
f 395/2/1 394/2/1 293/2/1
f 396/5/1 397/5/1 351/5/1
f 351/5/1 397/5/1 398/5/1
f 399/5/1 400/5/1 402/5/1
f 402/5/1 400/5/1 401/5/1
f 403/4/1 404/4/1 406/4/1
f 406/4/1 404/4/1 405/4/1
f 407/5/1 408/5/1 409/5/1
f 409/5/1 408/5/1 352/5/1
f 410/2/1 411/2/1 304/2/1
f 304/2/1 411/2/1 412/2/1
f 413/3/1 414/3/1 416/3/1
f 416/3/1 414/3/1 415/3/1
f 417/3/1 418/3/1 420/3/1
f 420/3/1 418/3/1 419/3/1
f 421/3/1 422/3/1 424/3/1
f 424/3/1 422/3/1 423/3/1
f 425/1/1 426/1/1 427/1/1
f 427/1/1 426/1/1 399/1/1
f 428/4/1 429/4/1 430/4/1
f 430/4/1 429/4/1 403/4/1
f 431/1/1 432/1/1 434/1/1
f 434/1/1 432/1/1 433/1/1
f 435/3/1 436/3/1 438/3/1
f 438/3/1 436/3/1 437/3/1
f 439/2/1 440/2/1 389/2/1
f 389/2/1 440/2/1 390/2/1
f 441/4/1 442/4/1 425/4/1
f 425/4/1 442/4/1 426/4/1
f 443/5/1 444/5/1 428/5/1
f 428/5/1 444/5/1 429/5/1
f 445/5/1 446/5/1 431/5/1
f 431/5/1 446/5/1 432/5/1
f 447/1/1 448/1/1 450/1/1
f 450/1/1 448/1/1 449/1/1
f 451/4/1 452/4/1 454/4/1
f 454/4/1 452/4/1 453/4/1
f 455/4/1 456/4/1 352/4/1
f 352/4/1 456/4/1 457/4/1
f 458/5/1 459/5/1 461/5/1
f 461/5/1 459/5/1 460/5/1
f 462/2/1 463/2/1 413/2/1
f 413/2/1 463/2/1 414/2/1
f 464/3/1 465/3/1 467/3/1
f 467/3/1 465/3/1 466/3/1
f 468/3/1 469/3/1 471/3/1
f 471/3/1 469/3/1 470/3/1
f 472/3/1 473/3/1 475/3/1
f 475/3/1 473/3/1 474/3/1
f 476/3/1 477/3/1 439/3/1
f 439/3/1 477/3/1 440/3/1
f 478/2/1 479/2/1 325/2/1
f 325/2/1 479/2/1 326/2/1
f 480/2/1 481/2/1 329/2/1
f 329/2/1 481/2/1 330/2/1
f 482/2/1 483/2/1 333/2/1
f 333/2/1 483/2/1 339/2/1
f 484/2/1 485/2/1 486/2/1
f 486/2/1 485/2/1 341/2/1
f 487/6/1 488/6/1 489/6/1
f 489/6/1 488/6/1 347/6/1
f 490/4/1 491/4/1 492/4/1
f 492/4/1 491/4/1 351/4/1
f 491/5/1 493/5/1 495/5/1
f 495/5/1 493/5/1 494/5/1
f 496/4/1 497/4/1 442/4/1
f 442/4/1 497/4/1 498/4/1
f 499/4/1 500/4/1 444/4/1
f 444/4/1 500/4/1 501/4/1
f 502/6/1 503/6/1 345/6/1
f 345/6/1 503/6/1 358/6/1
f 504/6/1 505/6/1 348/6/1
f 348/6/1 505/6/1 506/6/1
f 507/1/1 508/1/1 509/1/1
f 509/1/1 508/1/1 456/1/1
f 510/2/1 511/2/1 356/2/1
f 356/2/1 511/2/1 512/2/1
f 513/2/1 514/2/1 361/2/1
f 361/2/1 514/2/1 364/2/1
f 515/2/1 516/2/1 369/2/1
f 369/2/1 516/2/1 370/2/1
f 517/2/1 518/2/1 373/2/1
f 373/2/1 518/2/1 374/2/1
f 519/3/1 520/3/1 462/3/1
f 462/3/1 520/3/1 463/3/1
f 521/3/1 522/3/1 524/3/1
f 524/3/1 522/3/1 523/3/1
f 525/3/1 526/3/1 528/3/1
f 528/3/1 526/3/1 527/3/1
f 529/3/1 530/3/1 532/3/1
f 532/3/1 530/3/1 531/3/1
f 533/3/1 534/3/1 478/3/1
f 478/3/1 534/3/1 479/3/1
f 535/3/1 536/3/1 538/3/1
f 538/3/1 536/3/1 537/3/1
f 539/3/1 540/3/1 482/3/1
f 482/3/1 540/3/1 483/3/1
f 541/2/1 542/2/1 544/2/1
f 544/2/1 542/2/1 543/2/1
f 545/3/1 546/3/1 485/3/1
f 485/3/1 546/3/1 547/3/1
f 542/6/1 548/6/1 549/6/1
f 549/6/1 548/6/1 502/6/1
f 550/6/1 551/6/1 488/6/1
f 488/6/1 551/6/1 504/6/1
f 552/4/1 553/4/1 491/4/1
f 491/4/1 553/4/1 554/4/1
f 555/3/1 556/3/1 557/3/1
f 557/3/1 556/3/1 510/3/1
f 558/6/1 559/6/1 503/6/1
f 503/6/1 559/6/1 560/6/1
f 559/2/1 561/2/1 563/2/1
f 563/2/1 561/2/1 562/2/1
f 564/3/1 565/3/1 566/3/1
f 566/3/1 565/3/1 514/3/1
f 567/3/1 568/3/1 570/3/1
f 570/3/1 568/3/1 569/3/1
f 571/3/1 572/3/1 517/3/1
f 517/3/1 572/3/1 518/3/1
f 573/3/1 574/3/1 576/3/1
f 576/3/1 574/3/1 575/3/1
f 577/3/1 578/3/1 580/3/1
f 580/3/1 578/3/1 579/3/1
f 581/3/1 582/3/1 480/3/1
f 480/3/1 582/3/1 481/3/1
f 583/3/1 584/3/1 585/3/1
f 585/3/1 584/3/1 535/3/1
f 586/3/1 587/3/1 588/3/1
f 588/3/1 587/3/1 540/3/1
f 589/2/1 590/2/1 536/2/1
f 536/2/1 590/2/1 591/2/1
f 592/6/1 593/6/1 594/6/1
f 594/6/1 593/6/1 542/6/1
f 595/2/1 596/2/1 546/2/1
f 546/2/1 596/2/1 555/2/1
f 597/6/1 598/6/1 559/6/1
f 559/6/1 598/6/1 599/6/1
f 600/3/1 601/3/1 513/3/1
f 513/3/1 601/3/1 566/3/1
f 602/2/1 603/2/1 604/2/1
f 604/2/1 603/2/1 568/2/1
f 605/3/1 606/3/1 515/3/1
f 515/3/1 606/3/1 516/3/1
f 603/3/1 607/3/1 568/3/1
f 568/3/1 607/3/1 608/3/1
f 609/3/1 610/3/1 612/3/1
f 612/3/1 610/3/1 611/3/1
f 613/3/1 614/3/1 616/3/1
f 616/3/1 614/3/1 615/3/1
f 617/2/1 618/2/1 535/2/1
f 535/2/1 618/2/1 536/2/1
f 618/6/1 619/6/1 589/6/1
f 589/6/1 619/6/1 590/6/1
f 620/3/1 621/3/1 587/3/1
f 587/3/1 621/3/1 622/3/1
f 623/2/1 624/2/1 542/2/1
f 542/2/1 624/2/1 625/2/1
f 626/2/1 627/2/1 628/2/1
f 628/2/1 627/2/1 559/2/1
f 629/3/1 630/3/1 631/3/1
f 631/3/1 630/3/1 600/3/1
f 632/6/1 633/6/1 602/6/1
f 602/6/1 633/6/1 634/6/1
f 633/2/1 635/2/1 634/2/1
f 634/2/1 635/2/1 603/2/1
f 636/3/1 637/3/1 639/3/1
f 639/3/1 637/3/1 638/3/1
f 640/3/1 641/3/1 643/3/1
f 643/3/1 641/3/1 642/3/1
f 644/3/1 645/3/1 647/3/1
f 647/3/1 645/3/1 646/3/1
f 648/2/1 649/2/1 614/2/1
f 614/2/1 649/2/1 650/2/1
f 651/2/1 652/2/1 618/2/1
f 618/2/1 652/2/1 619/2/1
f 652/2/1 653/2/1 590/2/1
f 590/2/1 653/2/1 654/2/1
f 655/3/1 656/3/1 657/3/1
f 657/3/1 656/3/1 621/3/1
f 653/3/1 658/3/1 660/3/1
f 660/3/1 658/3/1 659/3/1
f 656/2/1 661/2/1 622/2/1
f 622/2/1 661/2/1 662/2/1
f 661/3/1 663/3/1 662/3/1
f 662/3/1 663/3/1 631/3/1
f 664/3/1 665/3/1 667/3/1
f 667/3/1 665/3/1 666/3/1
f 665/2/1 668/2/1 669/2/1
f 669/2/1 668/2/1 602/2/1
f 668/2/1 670/2/1 632/2/1
f 632/2/1 670/2/1 633/2/1
f 671/2/1 672/2/1 673/2/1
f 673/2/1 672/2/1 636/2/1
f 674/3/1 675/3/1 677/3/1
f 677/3/1 675/3/1 676/3/1
f 678/3/1 679/3/1 681/3/1
f 681/3/1 679/3/1 680/3/1
f 682/3/1 683/3/1 685/3/1
f 685/3/1 683/3/1 684/3/1
f 686/2/1 687/2/1 640/2/1
f 640/2/1 687/2/1 688/2/1
f 689/2/1 690/2/1 692/2/1
f 692/2/1 690/2/1 691/2/1
f 690/2/1 693/2/1 695/2/1
f 695/2/1 693/2/1 694/2/1
f 696/3/1 697/3/1 649/3/1
f 649/3/1 697/3/1 698/3/1
f 699/3/1 700/3/1 652/3/1
f 652/3/1 700/3/1 653/3/1
f 701/3/1 702/3/1 704/3/1
f 704/3/1 702/3/1 703/3/1
f 702/2/1 705/2/1 703/2/1
f 703/2/1 705/2/1 706/2/1
f 705/3/1 707/3/1 706/3/1
f 706/3/1 707/3/1 708/3/1
f 709/3/1 710/3/1 665/3/1
f 665/3/1 710/3/1 668/3/1
f 711/3/1 712/3/1 713/3/1
f 713/3/1 712/3/1 671/3/1
f 714/2/1 715/2/1 717/2/1
f 717/2/1 715/2/1 716/2/1
f 715/2/1 718/2/1 720/2/1
f 720/2/1 718/2/1 719/2/1
f 721/2/1 722/2/1 678/2/1
f 678/2/1 722/2/1 679/2/1
f 723/3/1 724/3/1 726/3/1
f 726/3/1 724/3/1 725/3/1
f 727/3/1 728/3/1 730/3/1
f 730/3/1 728/3/1 729/3/1
f 731/2/1 732/2/1 682/2/1
f 682/2/1 732/2/1 733/2/1
f 734/2/1 735/2/1 737/2/1
f 737/2/1 735/2/1 736/2/1
f 738/3/1 739/3/1 690/3/1
f 690/3/1 739/3/1 740/3/1
f 741/3/1 742/3/1 744/3/1
f 744/3/1 742/3/1 743/3/1
f 745/3/1 746/3/1 748/3/1
f 748/3/1 746/3/1 747/3/1
f 746/2/1 749/2/1 747/2/1
f 747/2/1 749/2/1 750/2/1
f 749/3/1 751/3/1 750/3/1
f 750/3/1 751/3/1 752/3/1
f 753/3/1 754/3/1 756/3/1
f 756/3/1 754/3/1 755/3/1
f 757/3/1 758/3/1 759/3/1
f 759/3/1 758/3/1 715/3/1
f 760/2/1 761/2/1 762/2/1
f 762/2/1 761/2/1 678/2/1
f 763/2/1 764/2/1 723/2/1
f 723/2/1 764/2/1 724/2/1
f 765/3/1 766/3/1 768/3/1
f 768/3/1 766/3/1 767/3/1
f 769/3/1 770/3/1 772/3/1
f 772/3/1 770/3/1 771/3/1
f 773/2/1 774/2/1 728/2/1
f 728/2/1 774/2/1 775/2/1
f 776/2/1 777/2/1 779/2/1
f 779/2/1 777/2/1 778/2/1
f 780/2/1 781/2/1 782/2/1
f 782/2/1 781/2/1 735/2/1
f 781/3/1 783/3/1 735/3/1
f 735/3/1 783/3/1 784/3/1
f 785/3/1 786/3/1 788/3/1
f 788/3/1 786/3/1 787/3/1
f 789/3/1 790/3/1 792/3/1
f 792/3/1 790/3/1 791/3/1
f 790/2/1 793/2/1 791/2/1
f 791/2/1 793/2/1 794/2/1
f 793/3/1 795/3/1 794/3/1
f 794/3/1 795/3/1 796/3/1
f 797/3/1 798/3/1 800/3/1
f 800/3/1 798/3/1 799/3/1
f 801/3/1 802/3/1 804/3/1
f 804/3/1 802/3/1 803/3/1
f 802/2/1 805/2/1 807/2/1
f 807/2/1 805/2/1 806/2/1
f 808/2/1 809/2/1 810/2/1
f 810/2/1 809/2/1 723/2/1
f 811/2/1 812/2/1 813/2/1
f 813/2/1 812/2/1 765/2/1
f 814/3/1 815/3/1 817/3/1
f 817/3/1 815/3/1 816/3/1
f 818/3/1 819/3/1 821/3/1
f 821/3/1 819/3/1 820/3/1
f 822/2/1 823/2/1 770/2/1
f 770/2/1 823/2/1 824/2/1
f 825/2/1 826/2/1 774/2/1
f 774/2/1 826/2/1 827/2/1
f 828/2/1 829/2/1 830/2/1
f 830/2/1 829/2/1 777/2/1
f 829/3/1 831/3/1 777/3/1
f 777/3/1 831/3/1 832/3/1
f 833/3/1 834/3/1 836/3/1
f 836/3/1 834/3/1 835/3/1
f 837/3/1 838/3/1 840/3/1
f 840/3/1 838/3/1 839/3/1
f 841/3/1 842/3/1 844/3/1
f 844/3/1 842/3/1 843/3/1
f 845/3/1 846/3/1 848/3/1
f 848/3/1 846/3/1 847/3/1
f 849/3/1 850/3/1 852/3/1
f 852/3/1 850/3/1 851/3/1
f 853/3/1 854/3/1 856/3/1
f 856/3/1 854/3/1 855/3/1
f 854/2/1 857/2/1 859/2/1
f 859/2/1 857/2/1 858/2/1
f 860/2/1 861/2/1 862/2/1
f 862/2/1 861/2/1 811/2/1
f 863/2/1 864/2/1 865/2/1
f 865/2/1 864/2/1 814/2/1
f 866/3/1 867/3/1 869/3/1
f 869/3/1 867/3/1 868/3/1
f 870/3/1 871/3/1 873/3/1
f 873/3/1 871/3/1 872/3/1
f 874/3/1 875/3/1 819/3/1
f 819/3/1 875/3/1 876/3/1
f 877/3/1 878/3/1 823/3/1
f 823/3/1 878/3/1 879/3/1
f 880/3/1 881/3/1 826/3/1
f 826/3/1 881/3/1 882/3/1
f 883/3/1 884/3/1 885/3/1
f 885/3/1 884/3/1 860/3/1
f 886/3/1 887/3/1 888/3/1
f 888/3/1 887/3/1 863/3/1
f 889/3/1 890/3/1 891/3/1
f 891/3/1 890/3/1 866/3/1
f 892/3/1 893/3/1 895/3/1
f 895/3/1 893/3/1 894/3/1
f 896/3/2 897/3/2 899/3/2
f 899/3/2 897/3/2 898/3/2
f 2/3/2 3/3/2 901/3/2
f 901/3/2 3/3/2 900/3/2
f 6/3/2 7/3/2 903/3/2
f 903/3/2 7/3/2 902/3/2
f 10/3/2 11/3/2 905/3/2
f 905/3/2 11/3/2 904/3/2
f 906/3/2 907/3/2 21/3/2
f 21/3/2 907/3/2 24/3/2
f 908/3/2 909/3/2 25/3/2
f 25/3/2 909/3/2 28/3/2
f 910/3/2 911/3/2 29/3/2
f 29/3/2 911/3/2 32/3/2
f 912/3/2 913/3/2 915/3/2
f 915/3/2 913/3/2 914/3/2
f 916/3/2 1/3/2 917/3/2
f 917/3/2 1/3/2 2/3/2
f 34/2/2 5/2/2 918/2/2
f 918/2/2 5/2/2 6/2/2
f 37/2/2 9/2/2 919/2/2
f 919/2/2 9/2/2 10/2/2
f 40/2/2 13/2/2 920/2/2
f 920/2/2 13/2/2 14/2/2
f 920/3/2 14/3/2 922/3/2
f 922/3/2 14/3/2 921/3/2
f 923/3/2 924/3/2 926/3/2
f 926/3/2 924/3/2 925/3/2
f 927/3/2 928/3/2 930/3/2
f 930/3/2 928/3/2 929/3/2
f 931/3/2 932/3/2 934/3/2
f 934/3/2 932/3/2 933/3/2
f 935/3/2 936/3/2 938/3/2
f 938/3/2 936/3/2 937/3/2
f 939/3/2 940/3/2 942/3/2
f 942/3/2 940/3/2 941/3/2
f 943/3/2 944/3/2 945/3/2
f 945/3/2 944/3/2 17/3/2
f 945/2/2 17/2/2 70/2/2
f 70/2/2 17/2/2 18/2/2
f 946/2/2 21/2/2 73/2/2
f 73/2/2 21/2/2 22/2/2
f 947/2/2 25/2/2 76/2/2
f 76/2/2 25/2/2 26/2/2
f 948/3/2 29/3/2 949/3/2
f 949/3/2 29/3/2 30/3/2
f 950/3/2 33/3/2 951/3/2
f 951/3/2 33/3/2 34/3/2
f 80/2/2 36/2/2 952/2/2
f 952/2/2 36/2/2 37/2/2
f 83/2/2 39/2/2 953/2/2
f 953/2/2 39/2/2 40/2/2
f 954/2/2 955/2/2 957/2/2
f 957/2/2 955/2/2 956/2/2
f 86/2/2 42/2/2 958/2/2
f 958/2/2 42/2/2 43/2/2
f 958/3/2 43/3/2 960/3/2
f 960/3/2 43/3/2 959/3/2
f 961/3/2 962/3/2 964/3/2
f 964/3/2 962/3/2 963/3/2
f 965/3/2 966/3/2 967/3/2
f 967/3/2 966/3/2 54/3/2
f 967/2/2 54/2/2 968/2/2
f 968/2/2 54/2/2 55/2/2
f 968/3/2 55/3/2 970/3/2
f 970/3/2 55/3/2 969/3/2
f 971/3/2 972/3/2 974/3/2
f 974/3/2 972/3/2 973/3/2
f 975/3/2 976/3/2 977/3/2
f 977/3/2 976/3/2 66/3/2
f 977/2/2 66/2/2 112/2/2
f 112/2/2 66/2/2 67/2/2
f 978/2/2 979/2/2 981/2/2
f 981/2/2 979/2/2 980/2/2
f 982/2/2 70/2/2 115/2/2
f 115/2/2 70/2/2 71/2/2
f 983/2/2 73/2/2 118/2/2
f 118/2/2 73/2/2 74/2/2
f 984/3/2 76/3/2 985/3/2
f 985/3/2 76/3/2 77/3/2
f 986/3/2 79/3/2 987/3/2
f 987/3/2 79/3/2 80/3/2
f 122/2/2 82/2/2 988/2/2
f 988/2/2 82/2/2 83/2/2
f 989/2/2 990/2/2 991/2/2
f 991/2/2 990/2/2 954/2/2
f 128/2/2 85/2/2 992/2/2
f 992/2/2 85/2/2 86/2/2
f 993/2/2 994/2/2 996/2/2
f 996/2/2 994/2/2 995/2/2
f 132/3/2 88/3/2 998/3/2
f 998/3/2 88/3/2 997/3/2
f 999/3/2 1000/3/2 1001/3/2
f 1001/3/2 1000/3/2 96/3/2
f 1001/2/2 96/2/2 1002/2/2
f 1002/2/2 96/2/2 102/2/2
f 1002/3/2 102/3/2 1004/3/2
f 1004/3/2 102/3/2 1003/3/2
f 1005/3/2 1006/3/2 158/3/2
f 158/3/2 1006/3/2 109/3/2
f 1007/2/2 1008/2/2 1010/2/2
f 1010/2/2 1008/2/2 1009/2/2
f 1011/2/2 112/2/2 161/2/2
f 161/2/2 112/2/2 113/2/2
f 1012/2/2 981/2/2 1014/2/2
f 1014/2/2 981/2/2 1013/2/2
f 1015/2/2 115/2/2 168/2/2
f 168/2/2 115/2/2 116/2/2
f 1016/3/2 118/3/2 1017/3/2
f 1017/3/2 118/3/2 119/3/2
f 1018/3/2 122/3/2 1019/3/2
f 1019/3/2 122/3/2 988/3/2
f 172/2/2 125/2/2 1020/2/2
f 1020/2/2 125/2/2 128/2/2
f 1021/2/2 1022/2/2 1023/2/2
f 1023/2/2 1022/2/2 993/2/2
f 1024/2/2 132/2/2 1026/2/2
f 1026/2/2 132/2/2 1025/2/2
f 181/3/2 182/3/2 1027/3/2
f 1027/3/2 182/3/2 135/3/2
f 184/3/2 185/3/2 1029/3/2
f 1029/3/2 185/3/2 1028/3/2
f 1030/3/2 1031/3/2 1032/3/2
f 1032/3/2 1031/3/2 143/3/2
f 1032/2/2 143/2/2 1033/2/2
f 1033/2/2 143/2/2 146/2/2
f 1033/3/2 146/3/2 1035/3/2
f 1035/3/2 146/3/2 1034/3/2
f 1036/3/2 1037/3/2 203/3/2
f 203/3/2 1037/3/2 206/3/2
f 1038/3/2 154/3/2 207/3/2
f 207/3/2 154/3/2 210/3/2
f 1039/2/2 1040/2/2 211/2/2
f 211/2/2 1040/2/2 159/2/2
f 1041/2/2 1010/2/2 1043/2/2
f 1043/2/2 1010/2/2 1042/2/2
f 1044/2/2 161/2/2 218/2/2
f 218/2/2 161/2/2 162/2/2
f 1045/3/2 1015/3/2 1046/3/2
f 1046/3/2 1015/3/2 168/3/2
f 1047/3/2 172/3/2 1048/3/2
f 1048/3/2 172/3/2 1020/3/2
f 1049/2/2 131/2/2 1050/2/2
f 1050/2/2 131/2/2 132/2/2
f 223/2/2 180/2/2 1051/2/2
f 1051/2/2 180/2/2 181/2/2
f 226/2/2 183/2/2 298/2/2
f 298/2/2 183/2/2 1029/2/2
f 298/3/2 1029/3/2 1053/3/2
f 1053/3/2 1029/3/2 1052/3/2
f 1054/3/2 1055/3/2 305/3/2
f 305/3/2 1055/3/2 1036/3/2
f 1056/2/2 203/2/2 239/2/2
f 239/2/2 203/2/2 204/2/2
f 1057/2/2 207/2/2 242/2/2
f 242/2/2 207/2/2 244/2/2
f 1058/2/2 1059/2/2 1060/2/2
f 1060/2/2 1059/2/2 211/2/2
f 1061/3/2 1044/3/2 1062/3/2
f 1062/3/2 1044/3/2 218/3/2
f 1063/3/2 174/3/2 1064/3/2
f 1064/3/2 174/3/2 177/3/2
f 248/3/2 222/3/2 1065/3/2
f 1065/3/2 222/3/2 223/3/2
f 1066/6/2 226/6/2 295/6/2
f 295/6/2 226/6/2 1067/6/2
f 1068/3/2 1069/3/2 1071/3/2
f 1071/3/2 1069/3/2 1070/3/2
f 295/2/2 1067/2/2 294/2/2
f 294/2/2 1067/2/2 298/2/2
f 1071/3/2 1072/3/2 1073/3/2
f 1073/3/2 1072/3/2 192/3/2
f 1073/2/2 192/2/2 1074/2/2
f 1074/2/2 192/2/2 195/2/2
f 1074/3/2 195/3/2 1076/3/2
f 1076/3/2 195/3/2 1075/3/2
f 1076/3/2 1077/3/2 1079/3/2
f 1079/3/2 1077/3/2 1078/3/2
f 309/2/2 1036/2/2 308/2/2
f 308/2/2 1036/2/2 203/2/2
f 308/6/2 1056/6/2 1080/6/2
f 1080/6/2 1056/6/2 239/6/2
f 1081/3/2 242/3/2 278/3/2
f 278/3/2 242/3/2 243/3/2
f 1082/3/2 211/3/2 1083/3/2
f 1083/3/2 211/3/2 212/3/2
f 1084/3/2 251/3/2 1085/3/2
f 1085/3/2 251/3/2 252/3/2
f 1085/2/2 225/2/2 395/2/2
f 395/2/2 225/2/2 226/2/2
f 395/2/2 1066/2/2 292/2/2
f 292/2/2 1066/2/2 295/2/2
f 1086/6/2 1087/6/2 1089/6/2
f 1089/6/2 1087/6/2 1088/6/2
f 1089/2/2 1090/2/2 1092/2/2
f 1092/2/2 1090/2/2 1091/2/2
f 1093/2/2 1094/2/2 1096/2/2
f 1096/2/2 1094/2/2 1095/2/2
f 1096/6/2 1097/6/2 1099/6/2
f 1099/6/2 1097/6/2 1098/6/2
f 307/2/2 308/2/2 412/2/2
f 412/2/2 308/2/2 1080/2/2
f 412/2/2 239/2/2 1100/2/2
f 1100/2/2 239/2/2 240/2/2
f 1100/3/2 275/3/2 1101/3/2
f 1101/3/2 275/3/2 276/3/2
f 1102/3/2 1103/3/2 1105/3/2
f 1105/3/2 1103/3/2 1104/3/2
f 391/3/2 1106/3/2 1108/3/2
f 1108/3/2 1106/3/2 1107/3/2
f 326/3/2 1109/3/2 1111/3/2
f 1111/3/2 1109/3/2 1110/3/2
f 330/3/2 1112/3/2 1114/3/2
f 1114/3/2 1112/3/2 1113/3/2
f 1115/3/2 1085/3/2 1116/3/2
f 1116/3/2 1085/3/2 395/3/2
f 1114/3/2 1117/3/2 1118/3/2
f 1118/3/2 1117/3/2 1068/3/2
f 1119/3/2 1120/3/2 1122/3/2
f 1122/3/2 1120/3/2 1121/3/2
f 489/6/2 1089/6/2 347/6/2
f 347/6/2 1089/6/2 350/6/2
f 1122/2/2 262/2/2 1123/2/2
f 1123/2/2 262/2/2 265/2/2
f 1123/3/2 1124/3/2 1126/3/2
f 1126/3/2 1124/3/2 1125/3/2
f 348/6/2 349/6/2 506/6/2
f 506/6/2 349/6/2 1096/6/2
f 1127/3/2 1079/3/2 1129/3/2
f 1129/3/2 1079/3/2 1128/3/2
f 1129/3/2 1130/3/2 369/3/2
f 369/3/2 1130/3/2 1131/3/2
f 1132/3/2 412/3/2 1133/3/2
f 1133/3/2 412/3/2 1100/3/2
f 1134/3/2 1135/3/2 373/3/2
f 373/3/2 1135/3/2 1136/3/2
f 1137/3/2 1138/3/2 416/3/2
f 416/3/2 1138/3/2 1139/3/2
f 1140/3/2 1141/3/2 1143/3/2
f 1143/3/2 1141/3/2 1142/3/2
f 1144/3/2 1145/3/2 1147/3/2
f 1147/3/2 1145/3/2 1146/3/2
f 1148/3/2 1149/3/2 1151/3/2
f 1151/3/2 1149/3/2 1150/3/2
f 437/3/2 1152/3/2 1154/3/2
f 1154/3/2 1152/3/2 1153/3/2
f 1155/2/2 1156/2/2 1157/2/2
f 1157/2/2 1156/2/2 1089/2/2
f 1158/6/2 342/6/2 1160/6/2
f 1160/6/2 342/6/2 1159/6/2
f 1161/4/2 1162/4/2 1164/4/2
f 1164/4/2 1162/4/2 1163/4/2
f 1164/5/2 1163/5/2 1166/5/2
f 1166/5/2 1163/5/2 1165/5/2
f 1167/6/2 1168/6/2 1169/6/2
f 1169/6/2 1168/6/2 355/6/2
f 1170/2/2 1096/2/2 1172/2/2
f 1172/2/2 1096/2/2 1171/2/2
f 1173/3/2 1174/3/2 467/3/2
f 467/3/2 1174/3/2 1175/3/2
f 1176/3/2 1177/3/2 1179/3/2
f 1179/3/2 1177/3/2 1178/3/2
f 1180/3/2 1181/3/2 1183/3/2
f 1183/3/2 1181/3/2 1182/3/2
f 1184/1/2 1185/1/2 1187/1/2
f 1187/1/2 1185/1/2 1186/1/2
f 1188/3/2 1189/3/2 1191/3/2
f 1191/3/2 1189/3/2 1190/3/2
f 436/2/2 437/2/2 1192/2/2
f 1192/2/2 437/2/2 1154/2/2
f 1193/4/2 1194/4/2 1195/4/2
f 1195/4/2 1194/4/2 1161/4/2
f 1196/1/2 1197/1/2 1199/1/2
f 1199/1/2 1197/1/2 1198/1/2
f 1200/1/2 1201/1/2 1203/1/2
f 1203/1/2 1201/1/2 1202/1/2
f 1204/1/2 1205/1/2 1207/1/2
f 1207/1/2 1205/1/2 1206/1/2
f 1208/5/2 1166/5/2 1210/5/2
f 1210/5/2 1166/5/2 1209/5/2
f 1211/5/2 1184/5/2 1212/5/2
f 1212/5/2 1184/5/2 1187/5/2
f 1213/2/2 1173/2/2 464/2/2
f 464/2/2 1173/2/2 467/2/2
f 1214/3/2 1215/3/2 1217/3/2
f 1217/3/2 1215/3/2 1216/3/2
f 1218/3/2 1219/3/2 1221/3/2
f 1221/3/2 1219/3/2 1220/3/2
f 1222/3/2 1223/3/2 1225/3/2
f 1225/3/2 1223/3/2 1224/3/2
f 1226/3/2 436/3/2 1227/3/2
f 1227/3/2 436/3/2 1192/3/2
f 477/2/2 391/2/2 1228/2/2
f 1228/2/2 391/2/2 1108/2/2
f 479/2/2 326/2/2 1229/2/2
f 1229/2/2 326/2/2 1111/2/2
f 481/2/2 330/2/2 1230/2/2
f 1230/2/2 330/2/2 1118/2/2
f 483/2/2 339/2/2 1231/2/2
f 1231/2/2 339/2/2 1122/2/2
f 1232/4/2 1233/4/2 1235/4/2
f 1235/4/2 1233/4/2 1234/4/2
f 547/6/2 1236/6/2 1238/6/2
f 1238/6/2 1236/6/2 1237/6/2
f 1239/5/2 1195/5/2 1240/5/2
f 1240/5/2 1195/5/2 1208/5/2
f 1241/6/2 1242/6/2 557/6/2
f 557/6/2 1242/6/2 1243/6/2
f 1244/1/2 1245/1/2 1247/1/2
f 1247/1/2 1245/1/2 1246/1/2
f 1248/2/2 1123/2/2 513/2/2
f 513/2/2 1123/2/2 361/2/2
f 1249/2/2 1127/2/2 515/2/2
f 515/2/2 1127/2/2 369/2/2
f 1250/2/2 1134/2/2 517/2/2
f 517/2/2 1134/2/2 373/2/2
f 1251/2/2 1137/2/2 519/2/2
f 519/2/2 1137/2/2 416/2/2
f 1252/3/2 1213/3/2 1253/3/2
f 1253/3/2 1213/3/2 464/3/2
f 1254/3/2 1255/3/2 1257/3/2
f 1257/3/2 1255/3/2 1256/3/2
f 1258/3/2 1259/3/2 1261/3/2
f 1261/3/2 1259/3/2 1260/3/2
f 1262/3/2 1263/3/2 1265/3/2
f 1265/3/2 1263/3/2 1264/3/2
f 1266/3/2 1267/3/2 541/3/2
f 541/3/2 1267/3/2 1268/3/2
f 1269/3/2 481/3/2 1270/3/2
f 1270/3/2 481/3/2 1230/3/2
f 1271/2/2 1272/2/2 1274/2/2
f 1274/2/2 1272/2/2 1273/2/2
f 1275/3/2 1276/3/2 1277/3/2
f 1277/3/2 1276/3/2 1231/3/2
f 1274/6/2 487/6/2 550/6/2
f 550/6/2 487/6/2 488/6/2
f 1278/5/2 1279/5/2 1281/5/2
f 1281/5/2 1279/5/2 1280/5/2
f 1282/3/2 1248/3/2 1284/3/2
f 1284/3/2 1248/3/2 1283/3/2
f 551/6/2 504/6/2 1285/6/2
f 1285/6/2 504/6/2 505/6/2
f 1285/2/2 1286/2/2 1288/2/2
f 1288/2/2 1286/2/2 1287/2/2
f 1289/3/2 1290/3/2 1291/3/2
f 1291/3/2 1290/3/2 515/3/2
f 561/3/2 1292/3/2 1294/3/2
f 1294/3/2 1292/3/2 1293/3/2
f 1295/3/2 1296/3/2 1298/3/2
f 1298/3/2 1296/3/2 1297/3/2
f 1299/3/2 477/3/2 1300/3/2
f 1300/3/2 477/3/2 1228/3/2
f 1301/3/2 479/3/2 1302/3/2
f 1302/3/2 479/3/2 1229/3/2
f 616/3/2 1303/3/2 615/3/2
f 615/3/2 1303/3/2 1266/3/2
f 1304/3/2 1305/3/2 1306/3/2
f 1306/3/2 1305/3/2 1270/3/2
f 1307/2/2 541/2/2 592/2/2
f 592/2/2 541/2/2 594/2/2
f 1308/6/2 1309/6/2 1310/6/2
f 1310/6/2 1309/6/2 1274/6/2
f 622/2/2 1231/2/2 662/2/2
f 662/2/2 1231/2/2 1248/2/2
f 1311/6/2 1285/6/2 1313/6/2
f 1313/6/2 1285/6/2 1312/6/2
f 1314/3/2 1249/3/2 1315/3/2
f 1315/3/2 1249/3/2 1290/3/2
f 598/2/2 599/2/2 639/2/2
f 639/2/2 599/2/2 1294/2/2
f 1316/3/2 1250/3/2 1317/3/2
f 1317/3/2 1250/3/2 517/3/2
f 639/3/2 1294/3/2 638/3/2
f 638/3/2 1294/3/2 1318/3/2
f 1319/3/2 1251/3/2 1320/3/2
f 1320/3/2 1251/3/2 519/3/2
f 692/3/2 646/3/2 691/3/2
f 691/3/2 646/3/2 1321/3/2
f 614/2/2 1266/2/2 650/2/2
f 650/2/2 1266/2/2 541/2/2
f 650/6/2 1307/6/2 1322/6/2
f 1322/6/2 1307/6/2 592/6/2
f 1323/3/2 1306/3/2 1325/3/2
f 1325/3/2 1306/3/2 1324/3/2
f 1326/2/2 1274/2/2 1328/2/2
f 1328/2/2 1274/2/2 1327/2/2
f 1329/2/2 1330/2/2 1331/2/2
f 1331/2/2 1330/2/2 1285/2/2
f 1332/3/2 1333/3/2 1334/3/2
f 1334/3/2 1333/3/2 1314/3/2
f 1335/6/2 598/6/2 673/6/2
f 673/6/2 598/6/2 1336/6/2
f 673/2/2 1336/2/2 636/2/2
f 636/2/2 1336/2/2 639/2/2
f 720/3/2 1337/3/2 719/3/2
f 719/3/2 1337/3/2 677/3/2
f 684/3/2 1338/3/2 1340/3/2
f 1340/3/2 1338/3/2 1339/3/2
f 641/3/2 1341/3/2 688/3/2
f 688/3/2 1341/3/2 1342/3/2
f 695/2/2 691/2/2 694/2/2
f 694/2/2 691/2/2 1343/2/2
f 649/2/2 650/2/2 698/2/2
f 698/2/2 650/2/2 1322/2/2
f 698/2/2 592/2/2 1344/2/2
f 1344/2/2 592/2/2 593/2/2
f 1345/3/2 1346/3/2 703/3/2
f 703/3/2 1346/3/2 1325/3/2
f 1344/3/2 623/3/2 1348/3/2
f 1348/3/2 623/3/2 1347/3/2
f 703/2/2 1324/2/2 706/2/2
f 706/2/2 1324/2/2 1349/2/2
f 706/3/2 1349/3/2 1350/3/2
f 1350/3/2 1349/3/2 1333/3/2
f 1351/3/2 1352/3/2 1353/3/2
f 1353/3/2 1352/3/2 627/3/2
f 1353/2/2 597/2/2 713/2/2
f 713/2/2 597/2/2 598/2/2
f 713/2/2 1335/2/2 671/2/2
f 671/2/2 1335/2/2 673/2/2
f 717/2/2 1354/2/2 716/2/2
f 716/2/2 1354/2/2 720/2/2
f 762/3/2 1355/3/2 678/3/2
f 678/3/2 1355/3/2 1356/3/2
f 1357/3/2 1358/3/2 726/3/2
f 726/3/2 1358/3/2 1359/3/2
f 729/3/2 1360/3/2 1362/3/2
f 1362/3/2 1360/3/2 1361/3/2
f 683/2/2 684/2/2 733/2/2
f 733/2/2 684/2/2 1340/2/2
f 1363/2/2 1364/2/2 1366/2/2
f 1366/2/2 1364/2/2 1365/2/2
f 687/2/2 1367/2/2 736/2/2
f 736/2/2 1367/2/2 1368/2/2
f 736/2/2 1369/2/2 1371/2/2
f 1371/2/2 1369/2/2 1370/2/2
f 693/3/2 694/3/2 740/3/2
f 740/3/2 694/3/2 1372/3/2
f 697/3/2 698/3/2 1373/3/2
f 1373/3/2 698/3/2 1344/3/2
f 1374/3/2 1375/3/2 747/3/2
f 747/3/2 1375/3/2 1376/3/2
f 747/2/2 1376/2/2 750/2/2
f 750/2/2 1376/2/2 1377/2/2
f 750/3/2 1377/3/2 1379/3/2
f 1379/3/2 1377/3/2 1378/3/2
f 1380/3/2 1353/3/2 711/3/2
f 711/3/2 1353/3/2 713/3/2
f 759/3/2 1381/3/2 714/3/2
f 714/3/2 1381/3/2 717/3/2
f 1382/2/2 1383/2/2 807/2/2
f 807/2/2 1383/2/2 1384/2/2
f 807/2/2 1385/2/2 806/2/2
f 806/2/2 1385/2/2 1386/2/2
f 1387/2/2 1388/2/2 1390/2/2
f 1390/2/2 1388/2/2 1389/2/2
f 810/2/2 1357/2/2 723/2/2
f 723/2/2 1357/2/2 726/2/2
f 1391/3/2 1392/3/2 768/3/2
f 768/3/2 1392/3/2 1393/3/2
f 772/3/2 1394/3/2 771/3/2
f 771/3/2 1394/3/2 1395/3/2
f 728/2/2 729/2/2 775/2/2
f 775/2/2 729/2/2 1362/2/2
f 1396/2/2 1397/2/2 1399/2/2
f 1399/2/2 1397/2/2 1398/2/2
f 732/2/2 733/2/2 778/2/2
f 778/2/2 733/2/2 1400/2/2
f 1401/2/2 1366/2/2 1403/2/2
f 1403/2/2 1366/2/2 1402/2/2
f 735/3/2 736/3/2 1405/3/2
f 1405/3/2 736/3/2 1404/3/2
f 1406/3/2 1407/3/2 792/3/2
f 792/3/2 1407/3/2 1408/3/2
f 792/2/2 1408/2/2 796/2/2
f 796/2/2 1408/2/2 1409/2/2
f 796/3/2 1409/3/2 1411/3/2
f 1411/3/2 1409/3/2 1410/3/2
f 1412/3/2 1413/3/2 803/3/2
f 803/3/2 1413/3/2 807/3/2
f 1414/2/2 1415/2/2 1416/2/2
f 1416/2/2 1415/2/2 1387/2/2
f 859/2/2 1417/2/2 858/2/2
f 858/2/2 1417/2/2 810/2/2
f 1418/2/2 1419/2/2 1421/2/2
f 1421/2/2 1419/2/2 1420/2/2
f 813/2/2 1391/2/2 765/2/2
f 765/2/2 1391/2/2 768/2/2
f 817/3/2 1422/3/2 816/3/2
f 816/3/2 1422/3/2 1423/3/2
f 821/3/2 1424/3/2 820/3/2
f 820/3/2 1424/3/2 1425/3/2
f 770/2/2 771/2/2 824/2/2
f 824/2/2 771/2/2 1426/2/2
f 774/2/2 775/2/2 827/2/2
f 827/2/2 775/2/2 1427/2/2
f 1428/2/2 1399/2/2 1430/2/2
f 1430/2/2 1399/2/2 1429/2/2
f 777/2/2 778/2/2 832/2/2
f 832/2/2 778/2/2 1431/2/2
f 832/3/2 1431/3/2 1433/3/2
f 1433/3/2 1431/3/2 1432/3/2
f 1434/3/2 1435/3/2 1437/3/2
f 1437/3/2 1435/3/2 1436/3/2
f 1438/3/2 1439/3/2 844/3/2
f 844/3/2 1439/3/2 1440/3/2
f 844/2/2 1440/2/2 843/2/2
f 843/2/2 1440/2/2 1441/2/2
f 843/3/2 1441/3/2 1443/3/2
f 1443/3/2 1441/3/2 1442/3/2
f 1444/3/2 1445/3/2 1447/3/2
f 1447/3/2 1445/3/2 1446/3/2
f 1448/3/2 1449/3/2 856/3/2
f 856/3/2 1449/3/2 1450/3/2
f 856/2/2 1450/2/2 855/2/2
f 855/2/2 1450/2/2 859/2/2
f 1451/2/2 1452/2/2 1453/2/2
f 1453/2/2 1452/2/2 1418/2/2
f 862/2/2 1454/2/2 811/2/2
f 811/2/2 1454/2/2 813/2/2
f 865/2/2 1455/2/2 814/2/2
f 814/2/2 1455/2/2 817/2/2
f 869/3/2 1456/3/2 868/3/2
f 868/3/2 1456/3/2 1457/3/2
f 873/3/2 1458/3/2 872/3/2
f 872/3/2 1458/3/2 1459/3/2
f 819/2/2 820/2/2 876/2/2
f 876/2/2 820/2/2 1460/2/2
f 823/2/2 824/2/2 879/2/2
f 879/2/2 824/2/2 1461/2/2
f 826/2/2 827/2/2 882/2/2
f 882/2/2 827/2/2 1462/2/2
f 882/3/2 1462/3/2 1464/3/2
f 1464/3/2 1462/3/2 1463/3/2
f 1465/3/2 1466/3/2 1468/3/2
f 1468/3/2 1466/3/2 1467/3/2
f 1469/3/2 1470/3/2 1472/3/2
f 1472/3/2 1470/3/2 1471/3/2
f 1473/3/2 1474/3/2 1476/3/2
f 1476/3/2 1474/3/2 1475/3/2
f 1477/3/2 1478/3/2 1480/3/2
f 1480/3/2 1478/3/2 1479/3/2
f 1481/3/2 1482/3/2 1484/3/2
f 1484/3/2 1482/3/2 1483/3/2
f 1485/3/2 1486/3/2 885/3/2
f 885/3/2 1486/3/2 1487/3/2
f 885/2/2 1487/2/2 860/2/2
f 860/2/2 1487/2/2 862/2/2
f 888/2/2 1488/2/2 863/2/2
f 863/2/2 1488/2/2 865/2/2
f 891/2/2 1489/2/2 866/2/2
f 866/2/2 1489/2/2 869/2/2
f 895/3/2 1490/3/2 894/3/2
f 894/3/2 1490/3/2 1491/3/2
f 1492/3/2 1493/3/2 1495/3/2
f 1495/3/2 1493/3/2 1494/3/2
f 871/3/2 872/3/2 1497/3/2
f 1497/3/2 872/3/2 1496/3/2
f 875/3/2 876/3/2 1499/3/2
f 1499/3/2 876/3/2 1498/3/2
f 878/3/2 879/3/2 1501/3/2
f 1501/3/2 879/3/2 1500/3/2
f 1502/3/2 1503/3/2 886/3/2
f 886/3/2 1503/3/2 888/3/2
f 1504/3/2 1505/3/2 889/3/2
f 889/3/2 1505/3/2 891/3/2
f 1506/3/2 1507/3/2 892/3/2
f 892/3/2 1507/3/2 895/3/2
f 1508/3/2 1509/3/2 1511/3/2
f 1511/3/2 1509/3/2 1510/3/2
f 1512/5/3 1513/5/3 1280/5/3
f 1280/5/3 1513/5/3 1245/5/3
f 1514/1/3 1515/1/3 1246/1/3
f 1246/1/3 1515/1/3 1247/1/3
f 1516/5/3 1517/5/3 1244/5/3
f 1244/5/3 1517/5/3 1281/5/3
f 1518/1/3 1519/1/3 1512/1/3
f 1512/1/3 1519/1/3 1513/1/3
f 1520/1/3 1521/1/3 1516/1/3
f 1516/1/3 1521/1/3 1517/1/3
f 1522/5/3 1523/5/3 1518/5/3
f 1518/5/3 1523/5/3 1519/5/3
f 1524/5/3 1525/5/3 1514/5/3
f 1514/5/3 1525/5/3 1515/5/3
f 1526/5/3 1527/5/3 1520/5/3
f 1520/5/3 1527/5/3 1521/5/3
f 353/4/3 352/4/3 1522/4/3
f 1522/4/3 352/4/3 1523/4/3
f 457/4/3 456/4/3 1524/4/3
f 1524/4/3 456/4/3 1528/4/3
f 456/1/3 508/1/3 1528/1/3
f 1528/1/3 508/1/3 1525/1/3
f 554/4/3 553/4/3 1526/4/3
f 1526/4/3 553/4/3 1527/4/3
f 1529/1/3 1530/1/3 409/1/3
f 409/1/3 1530/1/3 407/1/3
f 1531/1/3 1532/1/3 408/1/3
f 408/1/3 1532/1/3 455/1/3
f 1533/1/3 1534/1/3 509/1/3
f 509/1/3 1534/1/3 507/1/3
f 1535/5/3 1536/5/3 1529/5/3
f 1529/5/3 1536/5/3 1530/5/3
f 1537/5/3 1538/5/3 1531/5/3
f 1531/5/3 1538/5/3 1532/5/3
f 1539/5/3 1540/5/3 1533/5/3
f 1533/5/3 1540/5/3 1534/5/3
f 1541/4/3 1542/4/3 1535/4/3
f 1535/4/3 1542/4/3 1536/4/3
f 1543/4/3 1544/4/3 1537/4/3
f 1537/4/3 1544/4/3 1538/4/3
f 1545/4/3 1546/4/3 1539/4/3
f 1539/4/3 1546/4/3 1540/4/3
f 1547/5/3 1548/5/3 1541/5/3
f 1541/5/3 1548/5/3 1542/5/3
f 1549/5/3 1550/5/3 1543/5/3
f 1543/5/3 1550/5/3 1544/5/3
f 1551/5/3 1552/5/3 1545/5/3
f 1545/5/3 1552/5/3 1546/5/3
f 1553/1/3 1554/1/3 1547/1/3
f 1547/1/3 1554/1/3 1548/1/3
f 1555/1/3 1556/1/3 1549/1/3
f 1549/1/3 1556/1/3 1550/1/3
f 1557/1/3 1558/1/3 1551/1/3
f 1551/1/3 1558/1/3 1552/1/3
f 1559/5/3 1560/5/3 1553/5/3
f 1553/5/3 1560/5/3 1554/5/3
f 1561/5/3 1562/5/3 1555/5/3
f 1555/5/3 1562/5/3 1556/5/3
f 1563/5/3 1564/5/3 1557/5/3
f 1557/5/3 1564/5/3 1558/5/3
f 405/4/3 404/4/3 1559/4/3
f 1559/4/3 404/4/3 1560/4/3
f 1565/4/3 1566/4/3 1561/4/3
f 1561/4/3 1566/4/3 1562/4/3
f 501/4/3 500/4/3 1563/4/3
f 1563/4/3 500/4/3 1564/4/3
f 1567/1/3 1568/1/3 1565/1/3
f 1565/1/3 1568/1/3 1566/1/3
f 1185/5/3 1211/5/3 1567/5/3
f 1567/5/3 1211/5/3 1568/5/3
f 1569/1/3 1570/1/3 1186/1/3
f 1186/1/3 1570/1/3 1187/1/3
f 1570/5/3 1571/5/3 1187/5/3
f 1187/5/3 1571/5/3 1212/5/3
f 1572/1/3 1573/1/3 1570/1/3
f 1570/1/3 1573/1/3 1571/1/3
f 460/5/3 1574/5/3 1569/5/3
f 1569/5/3 1574/5/3 1570/5/3
f 1574/5/3 459/5/3 1572/5/3
f 1572/5/3 459/5/3 1573/5/3
f 1575/5/3 1576/5/3 461/5/3
f 461/5/3 1576/5/3 1577/5/3
f 1576/1/3 1578/1/3 1577/1/3
f 1577/1/3 1578/1/3 458/1/3
f 1579/1/3 1580/1/3 1575/1/3
f 1575/1/3 1580/1/3 1576/1/3
f 1580/5/3 1581/5/3 1576/5/3
f 1576/5/3 1581/5/3 1578/5/3
f 3/3/3 2/3/3 898/3/3
f 898/3/3 2/3/3 899/3/3
f 31/3/3 30/3/3 914/3/3
f 914/3/3 30/3/3 915/3/3
f 453/4/3 452/4/3 1579/4/3
f 1579/4/3 452/4/3 1581/4/3
f 872/3/3 871/3/3 1494/3/3
f 1494/3/3 871/3/3 1495/3/3
f 894/3/3 893/3/3 1510/3/3
f 1510/3/3 893/3/3 1511/3/3
f 936/3/3 935/3/3 933/3/3
f 933/3/3 935/3/3 934/3/3
f 1582/1/3 1583/1/3 454/1/3
f 454/1/3 1583/1/3 451/1/3
f 1478/3/3 1477/3/3 1475/3/3
f 1475/3/3 1477/3/3 1476/3/3
f 60/3/3 59/3/3 937/3/3
f 937/3/3 59/3/3 938/3/3
f 383/3/3 382/3/3 1146/3/3
f 1146/3/3 382/3/3 1147/3/3
f 419/3/3 418/3/3 1178/3/3
f 1178/3/3 418/3/3 1179/3/3
f 1584/5/3 1585/5/3 1582/5/3
f 1582/5/3 1585/5/3 1583/5/3
f 470/3/3 469/3/3 1220/3/3
f 1220/3/3 469/3/3 1221/3/3
f 523/3/3 522/3/3 1256/3/3
f 1256/3/3 522/3/3 1257/3/3
f 847/3/3 846/3/3 1479/3/3
f 1479/3/3 846/3/3 1480/3/3
f 7/3/3 6/3/3 900/3/3
f 900/3/3 6/3/3 901/3/3
f 27/3/3 26/3/3 32/3/3
f 32/3/3 26/3/3 29/3/3
f 5/3/3 34/3/3 2/3/3
f 2/3/3 34/3/3 917/3/3
f 940/3/3 939/3/3 61/3/3
f 61/3/3 939/3/3 58/3/3
f 78/3/3 77/3/3 30/3/3
f 30/3/3 77/3/3 949/3/3
f 1586/4/3 1587/4/3 1584/4/3
f 1584/4/3 1587/4/3 1585/4/3
f 820/3/3 819/3/3 1459/3/3
f 1459/3/3 819/3/3 872/3/3
f 1482/3/3 1481/3/3 848/3/3
f 848/3/3 1481/3/3 845/3/3
f 868/3/3 867/3/3 1491/3/3
f 1491/3/3 867/3/3 894/3/3
f 876/3/3 875/3/3 1496/3/3
f 1496/3/3 875/3/3 1497/3/3
f 866/3/3 890/3/3 895/3/3
f 895/3/3 890/3/3 892/3/3
f 64/3/3 63/3/3 941/3/3
f 941/3/3 63/3/3 942/3/3
f 387/3/3 386/3/3 1150/3/3
f 1150/3/3 386/3/3 1151/3/3
f 423/3/3 422/3/3 1182/3/3
f 1182/3/3 422/3/3 1183/3/3
f 449/1/3 448/1/3 1586/1/3
f 1586/1/3 448/1/3 1587/1/3
f 474/3/3 473/3/3 1224/3/3
f 1224/3/3 473/3/3 1225/3/3
f 527/3/3 526/3/3 1260/3/3
f 1260/3/3 526/3/3 1261/3/3
f 851/3/3 850/3/3 1483/3/3
f 1483/3/3 850/3/3 1484/3/3
f 56/3/3 55/3/3 65/3/3
f 65/3/3 55/3/3 62/3/3
f 437/3/3 436/3/3 1190/3/3
f 1190/3/3 436/3/3 1191/3/3
f 1588/1/3 1589/1/3 1590/1/3
f 1590/1/3 1589/1/3 447/1/3
f 466/3/3 465/3/3 1216/3/3
f 1216/3/3 465/3/3 1217/3/3
f 843/3/3 842/3/3 852/3/3
f 852/3/3 842/3/3 849/3/3
f 11/3/3 10/3/3 902/3/3
f 902/3/3 10/3/3 903/3/3
f 23/3/3 22/3/3 28/3/3
f 28/3/3 22/3/3 25/3/3
f 9/2/3 37/2/3 6/2/3
f 6/2/3 37/2/3 918/2/3
f 75/2/3 74/2/3 26/2/3
f 26/2/3 74/2/3 76/2/3
f 36/3/3 80/3/3 34/3/3
f 34/3/3 80/3/3 951/3/3
f 972/3/3 971/3/3 969/3/3
f 969/3/3 971/3/3 970/3/3
f 120/3/3 119/3/3 77/3/3
f 77/3/3 119/3/3 985/3/3
f 1591/5/3 1592/5/3 450/5/3
f 450/5/3 1592/5/3 1590/5/3
f 1592/5/3 1593/5/3 1588/5/3
f 1588/5/3 1593/5/3 1589/5/3
f 771/3/3 770/3/3 1425/3/3
f 1425/3/3 770/3/3 820/3/3
f 1445/3/3 1444/3/3 1442/3/3
f 1442/3/3 1444/3/3 1443/3/3
f 816/3/3 815/3/3 1457/3/3
f 1457/3/3 815/3/3 868/3/3
f 824/2/3 823/2/3 1460/2/3
f 1460/2/3 823/2/3 876/2/3
f 814/2/3 864/2/3 869/2/3
f 869/2/3 864/2/3 866/2/3
f 879/3/3 878/3/3 1498/3/3
f 1498/3/3 878/3/3 1499/3/3
f 863/3/3 887/3/3 891/3/3
f 891/3/3 887/3/3 889/3/3
f 106/3/3 105/3/3 973/3/3
f 973/3/3 105/3/3 974/3/3
f 323/3/3 322/3/3 1104/3/3
f 1104/3/3 322/3/3 1105/3/3
f 379/3/3 378/3/3 1142/3/3
f 1142/3/3 378/3/3 1143/3/3
f 1594/4/3 1595/4/3 1591/4/3
f 1591/4/3 1595/4/3 1593/4/3
f 531/3/3 530/3/3 1264/3/3
f 1264/3/3 530/3/3 1265/3/3
f 575/3/3 574/3/3 1297/3/3
f 1297/3/3 574/3/3 1298/3/3
f 799/3/3 798/3/3 1446/3/3
f 1446/3/3 798/3/3 1447/3/3
f 103/3/3 102/3/3 107/3/3
f 107/3/3 102/3/3 104/3/3
f 391/3/3 390/3/3 1153/3/3
f 1153/3/3 390/3/3 1154/3/3
f 415/3/3 414/3/3 1175/3/3
f 1175/3/3 414/3/3 467/3/3
f 390/2/3 440/2/3 1154/2/3
f 1154/2/3 440/2/3 1192/2/3
f 1596/1/3 1597/1/3 1594/1/3
f 1594/1/3 1597/1/3 1595/1/3
f 414/2/3 463/2/3 467/2/3
f 467/2/3 463/2/3 464/2/3
f 440/3/3 477/3/3 1192/3/3
f 1192/3/3 477/3/3 1227/3/3
f 463/3/3 520/3/3 464/3/3
f 464/3/3 520/3/3 1253/3/3
f 796/3/3 795/3/3 800/3/3
f 800/3/3 795/3/3 797/3/3
f 15/3/3 14/3/3 904/3/3
f 904/3/3 14/3/3 905/3/3
f 19/3/3 18/3/3 24/3/3
f 24/3/3 18/3/3 21/3/3
f 13/2/3 40/2/3 10/2/3
f 10/2/3 40/2/3 919/2/3
f 72/2/3 71/2/3 22/2/3
f 22/2/3 71/2/3 73/2/3
f 39/2/3 83/2/3 37/2/3
f 37/2/3 83/2/3 952/2/3
f 117/2/3 116/2/3 74/2/3
f 74/2/3 116/2/3 118/2/3
f 82/3/3 122/3/3 80/3/3
f 80/3/3 122/3/3 987/3/3
f 152/3/3 151/3/3 1003/3/3
f 1003/3/3 151/3/3 1004/3/3
f 170/3/3 169/3/3 119/3/3
f 119/3/3 169/3/3 1017/3/3
f 283/3/3 1598/3/3 1107/3/3
f 1107/3/3 1598/3/3 1108/3/3
f 319/3/3 1599/3/3 1139/3/3
f 1139/3/3 1599/3/3 416/3/3
f 1600/5/3 1601/5/3 1596/5/3
f 1596/5/3 1601/5/3 1597/5/3
f 579/3/3 578/3/3 1602/3/3
f 1602/3/3 578/3/3 1300/3/3
f 611/3/3 610/3/3 1603/3/3
f 1603/3/3 610/3/3 1320/3/3
f 729/3/3 728/3/3 1395/3/3
f 1395/3/3 728/3/3 771/3/3
f 755/3/3 754/3/3 1410/3/3
f 1410/3/3 754/3/3 1411/3/3
f 767/3/3 766/3/3 1423/3/3
f 1423/3/3 766/3/3 816/3/3
f 775/2/3 774/2/3 1426/2/3
f 1426/2/3 774/2/3 824/2/3
f 765/2/3 812/2/3 817/2/3
f 817/2/3 812/2/3 814/2/3
f 827/2/3 826/2/3 1461/2/3
f 1461/2/3 826/2/3 879/2/3
f 811/2/3 861/2/3 865/2/3
f 865/2/3 861/2/3 863/2/3
f 882/3/3 881/3/3 1500/3/3
f 1500/3/3 881/3/3 1501/3/3
f 860/3/3 884/3/3 888/3/3
f 888/3/3 884/3/3 886/3/3
f 955/2/3 954/2/3 40/2/3
f 40/2/3 954/2/3 953/2/3
f 990/2/3 989/2/3 83/2/3
f 83/2/3 989/2/3 988/2/3
f 149/3/3 148/3/3 153/3/3
f 153/3/3 148/3/3 150/3/3
f 327/3/3 326/3/3 282/3/3
f 282/3/3 326/3/3 1598/3/3
f 375/3/3 374/3/3 318/3/3
f 318/3/3 374/3/3 1599/3/3
f 1166/4/3 1208/4/3 1600/4/3
f 1600/4/3 1208/4/3 1601/4/3
f 326/2/3 479/2/3 1108/2/3
f 1108/2/3 479/2/3 1228/2/3
f 374/2/3 518/2/3 416/2/3
f 416/2/3 518/2/3 519/2/3
f 479/3/3 534/3/3 1228/3/3
f 1228/3/3 534/3/3 1602/3/3
f 518/3/3 572/3/3 519/3/3
f 519/3/3 572/3/3 1603/3/3
f 1397/2/3 1396/2/3 1362/2/3
f 1362/2/3 1396/2/3 775/2/3
f 752/3/3 751/3/3 756/3/3
f 756/3/3 751/3/3 753/3/3
f 1399/2/3 1428/2/3 1427/2/3
f 1427/2/3 1428/2/3 827/2/3
f 44/3/3 43/3/3 921/3/3
f 921/3/3 43/3/3 922/3/3
f 114/2/3 164/2/3 18/2/3
f 18/2/3 164/2/3 70/2/3
f 42/2/3 86/2/3 956/2/3
f 956/2/3 86/2/3 957/2/3
f 163/2/3 167/2/3 71/2/3
f 71/2/3 167/2/3 115/2/3
f 85/2/3 128/2/3 954/2/3
f 954/2/3 128/2/3 991/2/3
f 166/2/3 165/2/3 116/2/3
f 116/2/3 165/2/3 168/2/3
f 125/3/3 172/3/3 988/3/3
f 988/3/3 172/3/3 1019/3/3
f 198/3/3 197/3/3 1034/3/3
f 1034/3/3 197/3/3 1035/3/3
f 165/3/3 219/3/3 168/3/3
f 168/3/3 219/3/3 1046/3/3
f 331/3/3 330/3/3 1110/3/3
f 1110/3/3 330/3/3 1111/3/3
f 371/3/3 370/3/3 1136/3/3
f 1136/3/3 370/3/3 373/3/3
f 1604/5/3 1605/5/3 1165/5/3
f 1165/5/3 1605/5/3 1166/5/3
f 1606/5/3 1607/5/3 1209/5/3
f 1209/5/3 1607/5/3 1210/5/3
f 330/2/3 481/2/3 1111/2/3
f 1111/2/3 481/2/3 1229/2/3
f 1608/5/3 1609/5/3 1208/5/3
f 1208/5/3 1609/5/3 1240/5/3
f 370/2/3 516/2/3 373/2/3
f 373/2/3 516/2/3 517/2/3
f 481/3/3 582/3/3 1229/3/3
f 1229/3/3 582/3/3 1302/3/3
f 516/3/3 606/3/3 517/3/3
f 517/3/3 606/3/3 1317/3/3
f 684/3/3 683/3/3 1361/3/3
f 1361/3/3 683/3/3 1362/3/3
f 708/3/3 707/3/3 1378/3/3
f 1378/3/3 707/3/3 1379/3/3
f 725/3/3 724/3/3 1393/3/3
f 1393/3/3 724/3/3 768/3/3
f 733/2/3 732/2/3 1398/2/3
f 1398/2/3 732/2/3 1399/2/3
f 724/2/3 764/2/3 768/2/3
f 768/2/3 764/2/3 765/2/3
f 778/2/3 777/2/3 1429/2/3
f 1429/2/3 777/2/3 1430/2/3
f 763/2/3 809/2/3 813/2/3
f 813/2/3 809/2/3 811/2/3
f 832/3/3 831/3/3 1463/3/3
f 1463/3/3 831/3/3 1464/3/3
f 808/2/3 857/2/3 862/2/3
f 862/2/3 857/2/3 860/2/3
f 994/2/3 993/2/3 86/2/3
f 86/2/3 993/2/3 992/2/3
f 1022/2/3 1021/2/3 128/2/3
f 128/2/3 1021/2/3 1020/2/3
f 268/3/3 271/3/3 1075/3/3
f 1075/3/3 271/3/3 1077/3/3
f 270/3/3 269/3/3 1078/3/3
f 1078/3/3 269/3/3 1079/3/3
f 363/3/3 366/3/3 1128/3/3
f 1128/3/3 366/3/3 1130/3/3
f 257/3/3 339/3/3 1068/3/3
f 1068/3/3 339/3/3 1118/3/3
f 365/3/3 364/3/3 1131/3/3
f 1131/3/3 364/3/3 369/3/3
f 1610/1/3 1611/1/3 1604/1/3
f 1604/1/3 1611/1/3 1605/1/3
f 1612/1/3 1613/1/3 1606/1/3
f 1606/1/3 1613/1/3 1607/1/3
f 339/2/3 483/2/3 1118/2/3
f 1118/2/3 483/2/3 1230/2/3
f 1614/1/3 1615/1/3 1608/1/3
f 1608/1/3 1615/1/3 1609/1/3
f 364/2/3 514/2/3 369/2/3
f 369/2/3 514/2/3 515/2/3
f 514/3/3 565/3/3 515/3/3
f 515/3/3 565/3/3 1291/3/3
f 483/3/3 587/3/3 1230/3/3
f 1230/3/3 587/3/3 1306/3/3
f 564/3/3 601/3/3 1289/3/3
f 1289/3/3 601/3/3 1315/3/3
f 600/3/3 630/3/3 1314/3/3
f 1314/3/3 630/3/3 1334/3/3
f 629/3/3 663/3/3 1332/3/3
f 1332/3/3 663/3/3 1350/3/3
f 1364/2/3 1363/2/3 1340/2/3
f 1340/2/3 1363/2/3 733/2/3
f 1366/2/3 1401/2/3 1400/2/3
f 1400/2/3 1401/2/3 778/2/3
f 90/3/3 89/3/3 959/3/3
f 959/3/3 89/3/3 960/3/3
f 160/2/3 214/2/3 67/2/3
f 67/2/3 214/2/3 112/2/3
f 88/2/3 132/2/3 995/2/3
f 995/2/3 132/2/3 996/2/3
f 213/2/3 217/2/3 113/2/3
f 113/2/3 217/2/3 161/2/3
f 131/2/3 177/2/3 993/2/3
f 993/2/3 177/2/3 1023/2/3
f 216/2/3 215/2/3 162/2/3
f 162/2/3 215/2/3 218/2/3
f 174/3/3 221/3/3 1020/3/3
f 1020/3/3 221/3/3 1048/3/3
f 215/3/3 246/3/3 218/3/3
f 218/3/3 246/3/3 1062/3/3
f 301/2/3 300/2/3 265/2/3
f 265/2/3 300/2/3 1124/2/3
f 357/3/3 356/3/3 1125/3/3
f 1125/3/3 356/3/3 1126/3/3
f 342/2/3 1158/2/3 1122/2/3
f 1122/2/3 1158/2/3 1616/2/3
f 1168/2/3 1167/2/3 1610/2/3
f 1610/2/3 1167/2/3 1611/2/3
f 1236/2/3 547/2/3 1617/2/3
f 1617/2/3 547/2/3 1231/2/3
f 1242/2/3 1241/2/3 1614/2/3
f 1614/2/3 1241/2/3 1615/2/3
f 512/2/3 511/2/3 361/2/3
f 361/2/3 511/2/3 513/2/3
f 510/3/3 556/3/3 1283/3/3
f 1283/3/3 556/3/3 1284/3/3
f 555/2/3 596/2/3 1282/2/3
f 1282/2/3 596/2/3 662/2/3
f 642/3/3 641/3/3 1339/3/3
f 1339/3/3 641/3/3 1340/3/3
f 680/3/3 679/3/3 1359/3/3
f 1359/3/3 679/3/3 726/3/3
f 688/2/3 687/2/3 1365/2/3
f 1365/2/3 687/2/3 1366/2/3
f 679/2/3 722/2/3 726/2/3
f 726/2/3 722/2/3 723/2/3
f 736/2/3 735/2/3 1402/2/3
f 1402/2/3 735/2/3 1403/2/3
f 721/2/3 761/2/3 810/2/3
f 810/2/3 761/2/3 858/2/3
f 784/3/3 783/3/3 1432/3/3
f 1432/3/3 783/3/3 1433/3/3
f 760/2/3 805/2/3 859/2/3
f 859/2/3 805/2/3 855/2/3
f 136/3/3 135/3/3 997/3/3
f 997/3/3 135/3/3 998/3/3
f 156/3/3 155/3/3 109/3/3
f 109/3/3 155/3/3 158/3/3
f 182/2/3 181/2/3 1025/2/3
f 1025/2/3 181/2/3 1026/2/3
f 209/2/3 208/2/3 159/2/3
f 159/2/3 208/2/3 211/2/3
f 180/2/3 223/2/3 1024/2/3
f 1024/2/3 223/2/3 1050/2/3
f 222/3/3 248/3/3 1049/3/3
f 1049/3/3 248/3/3 1064/3/3
f 280/3/3 279/3/3 212/3/3
f 212/3/3 279/3/3 1083/3/3
f 349/6/3 348/6/3 300/6/3
f 300/6/3 348/6/3 355/6/3
f 506/6/3 505/6/3 356/6/3
f 356/6/3 505/6/3 510/6/3
f 504/6/3 551/6/3 557/6/3
f 557/6/3 551/6/3 555/6/3
f 646/3/3 692/3/3 1342/3/3
f 1342/3/3 692/3/3 1367/3/3
f 691/2/3 695/2/3 1368/2/3
f 1368/2/3 695/2/3 1369/2/3
f 676/3/3 675/3/3 1356/3/3
f 1356/3/3 675/3/3 678/3/3
f 694/2/3 693/2/3 1370/2/3
f 1370/2/3 693/2/3 1371/2/3
f 674/2/3 718/2/3 762/2/3
f 762/2/3 718/2/3 806/2/3
f 740/3/3 739/3/3 1404/3/3
f 1404/3/3 739/3/3 1405/3/3
f 715/3/3 758/3/3 807/3/3
f 807/3/3 758/3/3 803/3/3
f 185/3/3 184/3/3 135/3/3
f 135/3/3 184/3/3 1027/3/3
f 205/3/3 204/3/3 210/3/3
f 210/3/3 204/3/3 207/3/3
f 183/2/3 226/2/3 181/2/3
f 181/2/3 226/2/3 1051/2/3
f 241/2/3 240/2/3 244/2/3
f 244/2/3 240/2/3 242/2/3
f 225/3/3 252/3/3 223/3/3
f 223/3/3 252/3/3 1065/3/3
f 305/2/3 309/2/3 1095/2/3
f 1095/2/3 309/2/3 1097/2/3
f 277/3/3 276/3/3 243/3/3
f 243/3/3 276/3/3 278/3/3
f 297/2/3 296/2/3 1091/2/3
f 1091/2/3 296/2/3 1092/2/3
f 308/6/3 307/6/3 1098/6/3
f 1098/6/3 307/6/3 1099/6/3
f 346/6/3 345/6/3 350/6/3
f 350/6/3 345/6/3 347/6/3
f 344/2/3 394/2/3 489/2/3
f 489/2/3 394/2/3 1157/2/3
f 412/2/3 411/2/3 1171/2/3
f 1171/2/3 411/2/3 1172/2/3
f 543/2/3 549/2/3 1273/2/3
f 1273/2/3 549/2/3 487/2/3
f 358/6/3 503/6/3 348/6/3
f 348/6/3 503/6/3 504/6/3
f 502/6/3 548/6/3 488/6/3
f 488/6/3 548/6/3 550/6/3
f 562/2/3 561/2/3 1287/2/3
f 1287/2/3 561/2/3 1288/2/3
f 599/6/3 598/6/3 1312/6/3
f 1312/6/3 598/6/3 1313/6/3
f 615/3/3 614/3/3 1321/3/3
f 1321/3/3 614/3/3 691/3/3
f 625/2/3 624/2/3 1327/2/3
f 1327/2/3 624/2/3 1328/2/3
f 597/2/3 627/2/3 1311/2/3
f 1311/2/3 627/2/3 1331/2/3
f 638/3/3 637/3/3 677/3/3
f 677/3/3 637/3/3 719/3/3
f 650/2/3 649/2/3 1343/2/3
f 1343/2/3 649/2/3 694/2/3
f 636/2/3 672/2/3 720/2/3
f 720/2/3 672/2/3 716/2/3
f 698/3/3 697/3/3 1372/3/3
f 1372/3/3 697/3/3 740/3/3
f 671/3/3 712/3/3 717/3/3
f 717/3/3 712/3/3 714/3/3
f 189/3/3 188/3/3 1028/3/3
f 1028/3/3 188/3/3 1029/3/3
f 201/3/3 200/3/3 206/3/3
f 206/3/3 200/3/3 203/3/3
f 232/3/3 231/3/3 1052/3/3
f 1052/3/3 231/3/3 1053/3/3
f 238/2/3 237/2/3 204/2/3
f 204/2/3 237/2/3 239/2/3
f 229/2/3 261/2/3 298/2/3
f 298/2/3 261/2/3 294/2/3
f 313/2/3 316/2/3 240/2/3
f 240/2/3 316/2/3 275/2/3
f 255/2/3 291/2/3 295/2/3
f 295/2/3 291/2/3 292/2/3
f 315/3/3 314/3/3 276/3/3
f 276/3/3 314/3/3 1101/3/3
f 289/3/3 338/3/3 395/3/3
f 395/3/3 338/3/3 1116/3/3
f 312/3/3 368/3/3 1100/3/3
f 1100/3/3 368/3/3 1133/3/3
f 537/3/3 536/3/3 1268/3/3
f 1268/3/3 536/3/3 541/3/3
f 569/3/3 568/3/3 1293/3/3
f 1293/3/3 568/3/3 1294/3/3
f 591/2/3 590/2/3 594/2/3
f 594/2/3 590/2/3 592/2/3
f 608/3/3 607/3/3 1318/3/3
f 1318/3/3 607/3/3 638/3/3
f 654/2/3 660/2/3 593/2/3
f 593/2/3 660/2/3 623/2/3
f 603/2/3 635/2/3 639/2/3
f 639/2/3 635/2/3 636/2/3
f 659/3/3 658/3/3 1347/3/3
f 1347/3/3 658/3/3 1348/3/3
f 633/2/3 670/2/3 673/2/3
f 673/2/3 670/2/3 671/2/3
f 653/3/3 700/3/3 1344/3/3
f 1344/3/3 700/3/3 1373/3/3
f 668/3/3 710/3/3 713/3/3
f 713/3/3 710/3/3 711/3/3
f 1618/4/4 1233/4/4 1619/4/4
f 1619/4/4 1233/4/4 1232/4/4
f 1620/5/4 1279/5/4 1621/5/4
f 1621/5/4 1279/5/4 1234/5/4
f 1622/5/4 1618/5/4 1623/5/4
f 1623/5/4 1618/5/4 1619/5/4
f 1624/5/4 1235/5/4 1625/5/4
f 1625/5/4 1235/5/4 1278/5/4
f 1626/1/4 1620/1/4 1627/1/4
f 1627/1/4 1620/1/4 1621/1/4
f 1628/1/4 1622/1/4 1629/1/4
f 1629/1/4 1622/1/4 1623/1/4
f 1630/1/4 1624/1/4 1631/1/4
f 1631/1/4 1624/1/4 1625/1/4
f 354/4/4 1626/4/4 351/4/4
f 351/4/4 1626/4/4 1627/4/4
f 492/4/4 1628/4/4 490/4/4
f 490/4/4 1628/4/4 1629/4/4
f 491/4/4 1630/4/4 552/4/4
f 552/4/4 1630/4/4 1631/4/4
f 1632/1/4 398/1/4 1633/1/4
f 1633/1/4 398/1/4 397/1/4
f 1634/1/4 396/1/4 1636/1/4
f 1636/1/4 396/1/4 1635/1/4
f 1637/1/4 494/1/4 1638/1/4
f 1638/1/4 494/1/4 493/1/4
f 1639/5/4 1634/5/4 1640/5/4
f 1640/5/4 1634/5/4 1636/5/4
f 1640/5/4 1635/5/4 1641/5/4
f 1641/5/4 1635/5/4 495/5/4
f 1642/5/4 1637/5/4 1643/5/4
f 1643/5/4 1637/5/4 1638/5/4
f 402/5/4 1632/5/4 399/5/4
f 399/5/4 1632/5/4 1633/5/4
f 427/1/4 1639/1/4 425/1/4
f 425/1/4 1639/1/4 1640/1/4
f 425/4/4 1640/4/4 441/4/4
f 441/4/4 1640/4/4 1641/4/4
f 442/4/4 1642/4/4 496/4/4
f 496/4/4 1642/4/4 1643/4/4
f 1644/5/4 401/5/4 1645/5/4
f 1645/5/4 401/5/4 400/5/4
f 1646/5/4 426/5/4 1647/5/4
f 1647/5/4 426/5/4 442/5/4
f 1648/5/4 498/5/4 1649/5/4
f 1649/5/4 498/5/4 497/5/4
f 1650/1/4 1644/1/4 1651/1/4
f 1651/1/4 1644/1/4 1645/1/4
f 1652/1/4 399/1/4 1653/1/4
f 1653/1/4 399/1/4 426/1/4
f 1653/1/4 1646/1/4 1654/1/4
f 1654/1/4 1646/1/4 1647/1/4
f 1655/1/4 1648/1/4 1656/1/4
f 1656/1/4 1648/1/4 1649/1/4
f 1657/5/4 1650/5/4 1658/5/4
f 1658/5/4 1650/5/4 1651/5/4
f 1659/5/4 1652/5/4 1660/5/4
f 1660/5/4 1652/5/4 1654/5/4
f 1661/5/4 1655/5/4 1662/5/4
f 1662/5/4 1655/5/4 1656/5/4
f 406/4/4 1657/4/4 403/4/4
f 403/4/4 1657/4/4 1658/4/4
f 430/4/4 1659/4/4 428/4/4
f 428/4/4 1659/4/4 1663/4/4
f 428/5/4 1663/5/4 443/5/4
f 443/5/4 1663/5/4 1660/5/4
f 444/4/4 1661/4/4 499/4/4
f 499/4/4 1661/4/4 1662/4/4
f 1664/1/4 403/1/4 1665/1/4
f 1665/1/4 403/1/4 444/1/4
f 1666/5/4 1664/5/4 1667/5/4
f 1667/5/4 1664/5/4 1665/5/4
f 434/1/4 1666/1/4 431/1/4
f 431/1/4 1666/1/4 1668/1/4
f 431/5/4 1668/5/4 445/5/4
f 445/5/4 1668/5/4 1667/5/4
f 1669/1/4 432/1/4 1670/1/4
f 1670/1/4 432/1/4 446/1/4
f 1206/5/4 433/5/4 1671/5/4
f 1671/5/4 433/5/4 432/5/4
f 1671/5/4 1669/5/4 1207/5/4
f 1207/5/4 1669/5/4 1670/5/4
f 1672/1/4 1205/1/4 1673/1/4
f 1673/1/4 1205/1/4 1204/1/4
f 1674/5/4 1672/5/4 1675/5/4
f 1675/5/4 1672/5/4 1673/5/4
f 4/3/4 897/3/4 1/3/4
f 1/3/4 897/3/4 896/3/4
f 32/3/4 913/3/4 29/3/4
f 29/3/4 913/3/4 912/3/4
f 1202/4/4 1674/4/4 1203/4/4
f 1203/4/4 1674/4/4 1675/4/4
f 873/3/4 1493/3/4 870/3/4
f 870/3/4 1493/3/4 1492/3/4
f 895/3/4 1509/3/4 892/3/4
f 892/3/4 1509/3/4 1508/3/4
f 925/3/4 932/3/4 926/3/4
f 926/3/4 932/3/4 931/3/4
f 1676/1/4 1201/1/4 1677/1/4
f 1677/1/4 1201/1/4 1200/1/4
f 1467/3/4 1474/3/4 1468/3/4
f 1468/3/4 1474/3/4 1473/3/4
f 49/3/4 924/3/4 46/3/4
f 46/3/4 924/3/4 923/3/4
f 384/3/4 1145/3/4 381/3/4
f 381/3/4 1145/3/4 1144/3/4
f 420/3/4 1177/3/4 417/3/4
f 417/3/4 1177/3/4 1176/3/4
f 1678/4/4 1676/4/4 1679/4/4
f 1679/4/4 1676/4/4 1677/4/4
f 471/3/4 1219/3/4 468/3/4
f 468/3/4 1219/3/4 1218/3/4
f 524/3/4 1255/3/4 521/3/4
f 521/3/4 1255/3/4 1254/3/4
f 836/3/4 1466/3/4 833/3/4
f 833/3/4 1466/3/4 1465/3/4
f 8/3/4 3/3/4 5/3/4
f 5/3/4 3/3/4 2/3/4
f 28/3/4 911/3/4 25/3/4
f 25/3/4 911/3/4 910/3/4
f 35/3/4 1/3/4 33/3/4
f 33/3/4 1/3/4 916/3/4
f 929/3/4 48/3/4 930/3/4
f 930/3/4 48/3/4 47/3/4
f 26/3/4 29/3/4 76/3/4
f 76/3/4 29/3/4 948/3/4
f 1680/5/4 1678/5/4 1681/5/4
f 1681/5/4 1678/5/4 1679/5/4
f 821/3/4 1458/3/4 818/3/4
f 818/3/4 1458/3/4 873/3/4
f 1471/3/4 835/3/4 1472/3/4
f 1472/3/4 835/3/4 834/3/4
f 869/3/4 1490/3/4 866/3/4
f 866/3/4 1490/3/4 895/3/4
f 819/3/4 872/3/4 874/3/4
f 874/3/4 872/3/4 871/3/4
f 891/3/4 1507/3/4 889/3/4
f 889/3/4 1507/3/4 1506/3/4
f 53/3/4 928/3/4 50/3/4
f 50/3/4 928/3/4 927/3/4
f 388/3/4 1149/3/4 385/3/4
f 385/3/4 1149/3/4 1148/3/4
f 424/3/4 1181/3/4 421/3/4
f 421/3/4 1181/3/4 1180/3/4
f 1198/1/4 1680/1/4 1199/1/4
f 1199/1/4 1680/1/4 1681/1/4
f 475/3/4 1223/3/4 472/3/4
f 472/3/4 1223/3/4 1222/3/4
f 528/3/4 1259/3/4 525/3/4
f 525/3/4 1259/3/4 1258/3/4
f 840/3/4 1470/3/4 837/3/4
f 837/3/4 1470/3/4 1469/3/4
f 57/3/4 52/3/4 54/3/4
f 54/3/4 52/3/4 51/3/4
f 438/3/4 1189/3/4 435/3/4
f 435/3/4 1189/3/4 1188/3/4
f 1682/1/4 1197/1/4 1683/1/4
f 1683/1/4 1197/1/4 1196/1/4
f 467/3/4 1215/3/4 464/3/4
f 464/3/4 1215/3/4 1214/3/4
f 844/3/4 839/3/4 841/3/4
f 841/3/4 839/3/4 838/3/4
f 12/3/4 7/3/4 9/3/4
f 9/3/4 7/3/4 6/3/4
f 24/3/4 909/3/4 21/3/4
f 21/3/4 909/3/4 908/3/4
f 38/2/4 5/2/4 36/2/4
f 36/2/4 5/2/4 34/2/4
f 22/2/4 25/2/4 73/2/4
f 73/2/4 25/2/4 947/2/4
f 81/3/4 33/3/4 79/3/4
f 79/3/4 33/3/4 950/3/4
f 963/3/4 966/3/4 964/3/4
f 964/3/4 966/3/4 965/3/4
f 74/3/4 76/3/4 118/3/4
f 118/3/4 76/3/4 984/3/4
f 1684/5/4 1682/5/4 1685/5/4
f 1685/5/4 1682/5/4 1683/5/4
f 772/3/4 1424/3/4 769/3/4
f 769/3/4 1424/3/4 821/3/4
f 1436/3/4 1439/3/4 1437/3/4
f 1437/3/4 1439/3/4 1438/3/4
f 817/3/4 1456/3/4 814/3/4
f 814/3/4 1456/3/4 869/3/4
f 770/2/4 820/2/4 822/2/4
f 822/2/4 820/2/4 819/2/4
f 865/2/4 1489/2/4 863/2/4
f 863/2/4 1489/2/4 891/2/4
f 823/3/4 876/3/4 877/3/4
f 877/3/4 876/3/4 875/3/4
f 888/3/4 1505/3/4 886/3/4
f 886/3/4 1505/3/4 1504/3/4
f 95/3/4 962/3/4 92/3/4
f 92/3/4 962/3/4 961/3/4
f 324/3/4 1103/3/4 321/3/4
f 321/3/4 1103/3/4 1102/3/4
f 380/3/4 1141/3/4 377/3/4
f 377/3/4 1141/3/4 1140/3/4
f 1686/4/4 1684/4/4 1688/4/4
f 1688/4/4 1684/4/4 1687/4/4
f 1688/1/4 1687/1/4 1689/1/4
f 1689/1/4 1687/1/4 1685/1/4
f 532/3/4 1263/3/4 529/3/4
f 529/3/4 1263/3/4 1262/3/4
f 576/3/4 1296/3/4 573/3/4
f 573/3/4 1296/3/4 1295/3/4
f 788/3/4 1435/3/4 785/3/4
f 785/3/4 1435/3/4 1434/3/4
f 99/3/4 94/3/4 96/3/4
f 96/3/4 94/3/4 93/3/4
f 392/3/4 1152/3/4 389/3/4
f 389/3/4 1152/3/4 437/3/4
f 416/3/4 1174/3/4 413/3/4
f 413/3/4 1174/3/4 1173/3/4
f 389/2/4 437/2/4 439/2/4
f 439/2/4 437/2/4 436/2/4
f 1690/5/4 1686/5/4 1691/5/4
f 1691/5/4 1686/5/4 1689/5/4
f 413/2/4 1173/2/4 462/2/4
f 462/2/4 1173/2/4 1213/2/4
f 439/3/4 436/3/4 476/3/4
f 476/3/4 436/3/4 1226/3/4
f 462/3/4 1213/3/4 519/3/4
f 519/3/4 1213/3/4 1252/3/4
f 792/3/4 787/3/4 789/3/4
f 789/3/4 787/3/4 786/3/4
f 16/3/4 11/3/4 13/3/4
f 13/3/4 11/3/4 10/3/4
f 20/3/4 907/3/4 17/3/4
f 17/3/4 907/3/4 906/3/4
f 41/2/4 9/2/4 39/2/4
f 39/2/4 9/2/4 37/2/4
f 18/2/4 21/2/4 70/2/4
f 70/2/4 21/2/4 946/2/4
f 84/2/4 36/2/4 82/2/4
f 82/2/4 36/2/4 80/2/4
f 71/2/4 73/2/4 115/2/4
f 115/2/4 73/2/4 983/2/4
f 123/3/4 79/3/4 121/3/4
f 121/3/4 79/3/4 986/3/4
f 141/3/4 1000/3/4 138/3/4
f 138/3/4 1000/3/4 999/3/4
f 116/3/4 118/3/4 168/3/4
f 168/3/4 118/3/4 1016/3/4
f 284/3/4 1106/3/4 1692/3/4
f 1692/3/4 1106/3/4 391/3/4
f 320/3/4 1138/3/4 1693/3/4
f 1693/3/4 1138/3/4 1137/3/4
f 1694/1/4 1690/1/4 1695/1/4
f 1695/1/4 1690/1/4 1691/1/4
f 580/3/4 1696/3/4 577/3/4
f 577/3/4 1696/3/4 1299/3/4
f 612/3/4 1697/3/4 609/3/4
f 609/3/4 1697/3/4 1319/3/4
f 730/3/4 1394/3/4 727/3/4
f 727/3/4 1394/3/4 772/3/4
f 744/3/4 1407/3/4 741/3/4
f 741/3/4 1407/3/4 1406/3/4
f 768/3/4 1422/3/4 765/3/4
f 765/3/4 1422/3/4 817/3/4
f 728/2/4 771/2/4 773/2/4
f 773/2/4 771/2/4 770/2/4
f 813/2/4 1455/2/4 811/2/4
f 811/2/4 1455/2/4 865/2/4
f 774/2/4 824/2/4 825/2/4
f 825/2/4 824/2/4 823/2/4
f 862/2/4 1488/2/4 860/2/4
f 860/2/4 1488/2/4 888/2/4
f 826/3/4 879/3/4 880/3/4
f 880/3/4 879/3/4 878/3/4
f 885/3/4 1503/3/4 883/3/4
f 883/3/4 1503/3/4 1502/3/4
f 980/2/4 70/2/4 981/2/4
f 981/2/4 70/2/4 982/2/4
f 145/3/4 140/3/4 142/3/4
f 142/3/4 140/3/4 139/3/4
f 1013/2/4 115/2/4 1014/2/4
f 1014/2/4 115/2/4 1015/2/4
f 328/3/4 281/3/4 325/3/4
f 325/3/4 281/3/4 1692/3/4
f 376/3/4 317/3/4 373/3/4
f 373/3/4 317/3/4 1693/3/4
f 1161/5/4 1694/5/4 1699/5/4
f 1699/5/4 1694/5/4 1698/5/4
f 1699/4/4 1698/4/4 1195/4/4
f 1195/4/4 1698/4/4 1695/4/4
f 325/2/4 391/2/4 478/2/4
f 478/2/4 391/2/4 477/2/4
f 373/2/4 1137/2/4 517/2/4
f 517/2/4 1137/2/4 1251/2/4
f 478/3/4 477/3/4 533/3/4
f 533/3/4 477/3/4 1696/3/4
f 517/3/4 1251/3/4 571/3/4
f 571/3/4 1251/3/4 1697/3/4
f 748/3/4 743/3/4 745/3/4
f 745/3/4 743/3/4 742/3/4
f 1420/2/4 1391/2/4 1421/2/4
f 1421/2/4 1391/2/4 813/2/4
f 1418/2/4 1454/2/4 1453/2/4
f 1453/2/4 1454/2/4 862/2/4
f 87/2/4 13/2/4 129/2/4
f 129/2/4 13/2/4 40/2/4
f 69/3/4 944/3/4 66/3/4
f 66/3/4 944/3/4 943/3/4
f 130/2/4 39/2/4 126/2/4
f 126/2/4 39/2/4 83/2/4
f 67/2/4 979/2/4 112/2/4
f 112/2/4 979/2/4 978/2/4
f 127/2/4 82/2/4 124/2/4
f 124/2/4 82/2/4 122/2/4
f 113/2/4 981/2/4 161/2/4
f 161/2/4 981/2/4 1012/2/4
f 124/3/4 122/3/4 171/3/4
f 171/3/4 122/3/4 1018/3/4
f 194/3/4 1031/3/4 191/3/4
f 191/3/4 1031/3/4 1030/3/4
f 162/3/4 1015/3/4 218/3/4
f 218/3/4 1015/3/4 1045/3/4
f 332/3/4 1109/3/4 329/3/4
f 329/3/4 1109/3/4 326/3/4
f 372/3/4 1135/3/4 369/3/4
f 369/3/4 1135/3/4 1134/3/4
f 1700/4/4 1162/4/4 1701/4/4
f 1701/4/4 1162/4/4 1161/4/4
f 1702/4/4 1194/4/4 1703/4/4
f 1703/4/4 1194/4/4 1193/4/4
f 329/2/4 326/2/4 480/2/4
f 480/2/4 326/2/4 479/2/4
f 1704/5/4 1195/5/4 1705/5/4
f 1705/5/4 1195/5/4 1239/5/4
f 369/2/4 1134/2/4 515/2/4
f 515/2/4 1134/2/4 1250/2/4
f 480/3/4 479/3/4 581/3/4
f 581/3/4 479/3/4 1301/3/4
f 515/3/4 1250/3/4 605/3/4
f 605/3/4 1250/3/4 1316/3/4
f 685/3/4 1360/3/4 682/3/4
f 682/3/4 1360/3/4 729/3/4
f 704/3/4 1375/3/4 701/3/4
f 701/3/4 1375/3/4 1374/3/4
f 726/3/4 1392/3/4 723/3/4
f 723/3/4 1392/3/4 1391/3/4
f 682/2/4 729/2/4 731/2/4
f 731/2/4 729/2/4 728/2/4
f 810/2/4 1419/2/4 858/2/4
f 858/2/4 1419/2/4 1418/2/4
f 779/2/4 775/2/4 776/2/4
f 776/2/4 775/2/4 774/2/4
f 859/2/4 1452/2/4 855/2/4
f 855/2/4 1452/2/4 1451/2/4
f 830/2/4 827/2/4 828/2/4
f 828/2/4 827/2/4 826/2/4
f 856/3/4 1486/3/4 853/3/4
f 853/3/4 1486/3/4 1485/3/4
f 1009/2/4 112/2/4 1010/2/4
f 1010/2/4 112/2/4 1011/2/4
f 1042/2/4 161/2/4 1043/2/4
f 1043/2/4 161/2/4 1044/2/4
f 264/3/4 1072/3/4 259/3/4
f 259/3/4 1072/3/4 1070/3/4
f 260/3/4 1069/3/4 257/3/4
f 257/3/4 1069/3/4 1068/3/4
f 340/3/4 1117/3/4 335/3/4
f 335/3/4 1117/3/4 1113/3/4
f 336/3/4 1112/3/4 333/3/4
f 333/3/4 1112/3/4 330/3/4
f 269/3/4 1079/3/4 361/3/4
f 361/3/4 1079/3/4 1127/3/4
f 1706/1/4 1700/1/4 1707/1/4
f 1707/1/4 1700/1/4 1701/1/4
f 1616/1/4 1702/1/4 1617/1/4
f 1617/1/4 1702/1/4 1703/1/4
f 333/2/4 330/2/4 482/2/4
f 482/2/4 330/2/4 481/2/4
f 1708/1/4 1704/1/4 1709/1/4
f 1709/1/4 1704/1/4 1705/1/4
f 361/2/4 1127/2/4 513/2/4
f 513/2/4 1127/2/4 1249/2/4
f 482/3/4 481/3/4 539/3/4
f 539/3/4 481/3/4 1269/3/4
f 588/3/4 1305/3/4 586/3/4
f 586/3/4 1305/3/4 1304/3/4
f 513/3/4 1249/3/4 600/3/4
f 600/3/4 1249/3/4 1314/3/4
f 587/3/4 1306/3/4 620/3/4
f 620/3/4 1306/3/4 1323/3/4
f 657/3/4 1346/3/4 655/3/4
f 655/3/4 1346/3/4 1345/3/4
f 1389/2/4 1357/2/4 1390/2/4
f 1390/2/4 1357/2/4 810/2/4
f 1387/2/4 1417/2/4 1416/2/4
f 1416/2/4 1417/2/4 859/2/4
f 133/2/4 42/2/4 178/2/4
f 178/2/4 42/2/4 86/2/4
f 111/3/4 976/3/4 108/3/4
f 108/3/4 976/3/4 975/3/4
f 179/2/4 85/2/4 175/2/4
f 175/2/4 85/2/4 128/2/4
f 109/2/4 1008/2/4 158/2/4
f 158/2/4 1008/2/4 1007/2/4
f 176/2/4 125/2/4 173/2/4
f 173/2/4 125/2/4 172/2/4
f 159/2/4 1010/2/4 211/2/4
f 211/2/4 1010/2/4 1041/2/4
f 173/3/4 172/3/4 220/3/4
f 220/3/4 172/3/4 1047/3/4
f 212/3/4 1044/3/4 245/3/4
f 245/3/4 1044/3/4 1061/3/4
f 302/2/4 262/2/4 299/2/4
f 299/2/4 262/2/4 1121/2/4
f 343/3/4 1120/3/4 341/3/4
f 341/3/4 1120/3/4 1119/3/4
f 1159/2/4 1706/2/4 1160/2/4
f 1160/2/4 1706/2/4 1707/2/4
f 355/2/4 1123/2/4 1169/2/4
f 1169/2/4 1123/2/4 1612/2/4
f 486/2/4 339/2/4 484/2/4
f 484/2/4 339/2/4 483/2/4
f 1237/2/4 1708/2/4 1238/2/4
f 1238/2/4 1708/2/4 1709/2/4
f 1243/2/4 1613/2/4 557/2/4
f 557/2/4 1613/2/4 1248/2/4
f 485/3/4 1276/3/4 545/3/4
f 545/3/4 1276/3/4 1275/3/4
f 546/2/4 1277/2/4 595/2/4
f 595/2/4 1277/2/4 622/2/4
f 643/3/4 1338/3/4 640/3/4
f 640/3/4 1338/3/4 684/3/4
f 681/3/4 1358/3/4 678/3/4
f 678/3/4 1358/3/4 1357/3/4
f 640/2/4 684/2/4 686/2/4
f 686/2/4 684/2/4 683/2/4
f 762/2/4 1388/2/4 806/2/4
f 806/2/4 1388/2/4 1387/2/4
f 737/2/4 733/2/4 734/2/4
f 734/2/4 733/2/4 732/2/4
f 807/2/4 1415/2/4 803/2/4
f 803/2/4 1415/2/4 1414/2/4
f 782/2/4 778/2/4 780/2/4
f 780/2/4 778/2/4 777/2/4
f 804/3/4 1449/3/4 801/3/4
f 801/3/4 1449/3/4 1448/3/4
f 137/3/4 88/3/4 134/3/4
f 134/3/4 88/3/4 132/3/4
f 157/3/4 1006/3/4 154/3/4
f 154/3/4 1006/3/4 1005/3/4
f 224/2/4 131/2/4 249/2/4
f 249/2/4 131/2/4 177/2/4
f 210/2/4 1040/2/4 207/2/4
f 207/2/4 1040/2/4 1039/2/4
f 244/2/4 1059/2/4 242/2/4
f 242/2/4 1059/2/4 1058/2/4
f 250/3/4 174/3/4 247/3/4
f 247/3/4 174/3/4 1063/3/4
f 243/3/4 1060/3/4 278/3/4
f 278/3/4 1060/3/4 1082/3/4
f 350/6/4 299/6/4 347/6/4
f 347/6/4 299/6/4 342/6/4
f 489/6/4 341/6/4 487/6/4
f 487/6/4 341/6/4 485/6/4
f 488/6/4 547/6/4 550/6/4
f 550/6/4 547/6/4 546/6/4
f 677/3/4 1355/3/4 719/3/4
f 719/3/4 1355/3/4 1386/3/4
f 647/3/4 1341/3/4 644/3/4
f 644/3/4 1341/3/4 641/3/4
f 720/2/4 1385/2/4 716/2/4
f 716/2/4 1385/2/4 1384/2/4
f 645/2/4 688/2/4 689/2/4
f 689/2/4 688/2/4 687/2/4
f 717/2/4 1383/2/4 714/2/4
f 714/2/4 1383/2/4 1382/2/4
f 690/3/4 736/3/4 738/3/4
f 738/3/4 736/3/4 735/3/4
f 759/3/4 1413/3/4 757/3/4
f 757/3/4 1413/3/4 1412/3/4
f 186/3/4 182/3/4 183/3/4
f 183/3/4 182/3/4 181/3/4
f 206/3/4 154/3/4 203/3/4
f 203/3/4 154/3/4 1038/3/4
f 227/2/4 180/2/4 225/2/4
f 225/2/4 180/2/4 223/2/4
f 204/2/4 207/2/4 239/2/4
f 239/2/4 207/2/4 1057/2/4
f 253/3/4 222/3/4 251/3/4
f 251/3/4 222/3/4 248/3/4
f 298/2/4 1090/2/4 294/2/4
f 294/2/4 1090/2/4 1088/2/4
f 240/3/4 242/3/4 275/3/4
f 275/3/4 242/3/4 1081/3/4
f 295/6/4 1087/6/4 292/6/4
f 292/6/4 1087/6/4 1086/6/4
f 306/2/4 1094/2/4 303/2/4
f 303/2/4 1094/2/4 1093/2/4
f 360/6/4 349/6/4 358/6/4
f 358/6/4 349/6/4 348/6/4
f 395/2/4 1156/2/4 393/2/4
f 393/2/4 1156/2/4 1155/2/4
f 359/2/4 506/2/4 410/2/4
f 410/2/4 506/2/4 1170/2/4
f 345/6/4 347/6/4 502/6/4
f 502/6/4 347/6/4 488/6/4
f 563/2/4 1286/2/4 560/2/4
f 560/2/4 1286/2/4 505/2/4
f 544/2/4 1272/2/4 541/2/4
f 541/2/4 1272/2/4 1271/2/4
f 503/6/4 504/6/4 558/6/4
f 558/6/4 504/6/4 551/6/4
f 594/6/4 1309/6/4 592/6/4
f 592/6/4 1309/6/4 1308/6/4
f 616/3/4 646/3/4 613/3/4
f 613/3/4 646/3/4 692/3/4
f 593/2/4 1310/2/4 623/2/4
f 623/2/4 1310/2/4 1326/2/4
f 628/2/4 1330/2/4 626/2/4
f 626/2/4 1330/2/4 1329/2/4
f 639/3/4 1337/3/4 636/3/4
f 636/3/4 1337/3/4 720/3/4
f 614/2/4 691/2/4 648/2/4
f 648/2/4 691/2/4 695/2/4
f 673/2/4 1354/2/4 671/2/4
f 671/2/4 1354/2/4 717/2/4
f 649/3/4 694/3/4 696/3/4
f 696/3/4 694/3/4 693/3/4
f 713/3/4 1381/3/4 711/3/4
f 711/3/4 1381/3/4 759/3/4
f 190/3/4 185/3/4 187/3/4
f 187/3/4 185/3/4 184/3/4
f 202/3/4 1037/3/4 199/3/4
f 199/3/4 1037/3/4 1036/3/4
f 230/2/4 183/2/4 228/2/4
f 228/2/4 183/2/4 226/2/4
f 235/3/4 1055/3/4 233/3/4
f 233/3/4 1055/3/4 1054/3/4
f 290/2/4 225/2/4 287/2/4
f 287/2/4 225/2/4 252/2/4
f 234/2/4 305/2/4 272/2/4
f 272/2/4 305/2/4 309/2/4
f 288/3/4 251/3/4 285/3/4
f 285/3/4 251/3/4 1084/3/4
f 273/2/4 308/2/4 310/2/4
f 310/2/4 308/2/4 307/2/4
f 286/3/4 1085/3/4 337/3/4
f 337/3/4 1085/3/4 1115/3/4
f 311/3/4 412/3/4 367/3/4
f 367/3/4 412/3/4 1132/3/4
f 538/3/4 1267/3/4 535/3/4
f 535/3/4 1267/3/4 1266/3/4
f 570/3/4 1292/3/4 567/3/4
f 567/3/4 1292/3/4 561/3/4
f 585/3/4 1303/3/4 583/3/4
f 583/3/4 1303/3/4 616/3/4
f 604/2/4 599/2/4 602/2/4
f 602/2/4 599/2/4 598/2/4
f 584/2/4 615/2/4 617/2/4
f 617/2/4 615/2/4 614/2/4
f 669/2/4 597/2/4 666/2/4
f 666/2/4 597/2/4 627/2/4
f 618/2/4 650/2/4 651/2/4
f 651/2/4 650/2/4 649/2/4
f 667/3/4 1352/3/4 664/3/4
f 664/3/4 1352/3/4 1351/3/4
f 652/3/4 698/3/4 699/3/4
f 699/3/4 698/3/4 697/3/4
f 665/3/4 1353/3/4 709/3/4
f 709/3/4 1353/3/4 1380/3/4
f 899/3/5 2/3/5 896/3/5
f 896/3/5 2/3/5 1/3/5
f 1495/3/5 871/3/5 1492/3/5
f 1492/3/5 871/3/5 870/3/5
f 917/3/5 34/3/5 916/3/5
f 916/3/5 34/3/5 33/3/5
f 872/3/5 819/3/5 873/3/5
f 873/3/5 819/3/5 818/3/5
f 951/3/5 80/3/5 950/3/5
f 950/3/5 80/3/5 79/3/5
f 820/3/5 770/3/5 821/3/5
f 821/3/5 770/3/5 769/3/5
f 987/3/5 122/3/5 986/3/5
f 986/3/5 122/3/5 121/3/5
f 771/3/5 728/3/5 772/3/5
f 772/3/5 728/3/5 727/3/5
f 1191/3/5 1220/3/5 1188/3/5
f 1188/3/5 1220/3/5 1219/3/5
f 1221/3/5 469/3/5 1218/3/5
f 1218/3/5 469/3/5 468/3/5
f 901/3/5 6/3/5 2/3/5
f 2/3/5 6/3/5 5/3/5
f 470/3/5 1224/3/5 471/3/5
f 471/3/5 1224/3/5 1223/3/5
f 1497/3/5 875/3/5 871/3/5
f 871/3/5 875/3/5 874/3/5
f 1225/3/5 473/3/5 1222/3/5
f 1222/3/5 473/3/5 472/3/5
f 474/3/5 436/3/5 475/3/5
f 475/3/5 436/3/5 435/3/5
f 918/2/5 37/2/5 34/2/5
f 34/2/5 37/2/5 36/2/5
f 876/2/5 823/2/5 819/2/5
f 819/2/5 823/2/5 822/2/5
f 952/2/5 83/2/5 80/2/5
f 80/2/5 83/2/5 82/2/5
f 824/2/5 774/2/5 770/2/5
f 770/2/5 774/2/5 773/2/5
f 1019/3/5 172/3/5 1018/3/5
f 1018/3/5 172/3/5 171/3/5
f 775/2/5 779/2/5 728/2/5
f 728/2/5 779/2/5 731/2/5
f 903/3/5 10/3/5 6/3/5
f 6/3/5 10/3/5 9/3/5
f 1227/3/5 1264/3/5 1226/3/5
f 1226/3/5 1264/3/5 1263/3/5
f 1499/3/5 878/3/5 875/3/5
f 875/3/5 878/3/5 877/3/5
f 1265/3/5 530/3/5 1262/3/5
f 1262/3/5 530/3/5 529/3/5
f 531/3/5 477/3/5 532/3/5
f 532/3/5 477/3/5 476/3/5
f 919/2/5 40/2/5 37/2/5
f 37/2/5 40/2/5 39/2/5
f 879/2/5 826/2/5 823/2/5
f 823/2/5 826/2/5 825/2/5
f 953/2/5 954/2/5 83/2/5
f 83/2/5 954/2/5 990/2/5
f 991/2/5 128/2/5 989/2/5
f 989/2/5 128/2/5 125/2/5
f 827/2/5 830/2/5 774/2/5
f 774/2/5 830/2/5 776/2/5
f 1048/3/5 221/3/5 1047/3/5
f 1047/3/5 221/3/5 220/3/5
f 733/2/5 737/2/5 683/2/5
f 683/2/5 737/2/5 686/2/5
f 905/3/5 14/3/5 10/3/5
f 10/3/5 14/3/5 13/3/5
f 1300/3/5 578/3/5 1299/3/5
f 1299/3/5 578/3/5 577/3/5
f 1501/3/5 881/3/5 878/3/5
f 878/3/5 881/3/5 880/3/5
f 920/2/5 956/2/5 40/2/5
f 40/2/5 956/2/5 955/2/5
f 579/3/5 534/3/5 580/3/5
f 580/3/5 534/3/5 533/3/5
f 957/2/5 86/2/5 954/2/5
f 954/2/5 86/2/5 85/2/5
f 882/2/5 829/2/5 826/2/5
f 826/2/5 829/2/5 828/2/5
f 992/2/5 993/2/5 128/2/5
f 128/2/5 993/2/5 1022/2/5
f 1023/2/5 177/2/5 1021/2/5
f 1021/2/5 177/2/5 174/2/5
f 778/2/5 782/2/5 732/2/5
f 732/2/5 782/2/5 734/2/5
f 1064/3/5 248/3/5 1063/3/5
f 1063/3/5 248/3/5 247/3/5
f 688/3/5 645/3/5 641/3/5
f 641/3/5 645/3/5 644/3/5
f 922/3/5 43/3/5 920/3/5
f 920/3/5 43/3/5 42/3/5
f 1302/3/5 582/3/5 1301/3/5
f 1301/3/5 582/3/5 581/3/5
f 1464/3/5 831/3/5 882/3/5
f 882/3/5 831/3/5 829/3/5
f 958/2/5 995/2/5 86/2/5
f 86/2/5 995/2/5 994/2/5
f 996/2/5 132/2/5 993/2/5
f 993/2/5 132/2/5 131/2/5
f 832/2/5 781/2/5 777/2/5
f 777/2/5 781/2/5 780/2/5
f 1050/2/5 223/2/5 1049/2/5
f 1049/2/5 223/2/5 222/2/5
f 736/2/5 690/2/5 687/2/5
f 687/2/5 690/2/5 689/2/5
f 1065/3/5 252/3/5 248/3/5
f 248/3/5 252/3/5 251/3/5
f 691/3/5 614/3/5 692/3/5
f 692/3/5 614/3/5 613/3/5
f 1085/3/5 286/3/5 1084/3/5
f 1084/3/5 286/3/5 285/3/5
f 615/3/5 584/3/5 616/3/5
f 616/3/5 584/3/5 583/3/5
f 1305/3/5 588/3/5 1269/3/5
f 1269/3/5 588/3/5 539/3/5
f 960/3/5 89/3/5 958/3/5
f 958/3/5 89/3/5 88/3/5
f 1433/3/5 783/3/5 832/3/5
f 832/3/5 783/3/5 781/3/5
f 1026/2/5 181/2/5 1024/2/5
f 1024/2/5 181/2/5 180/2/5
f 1051/2/5 226/2/5 223/2/5
f 223/2/5 226/2/5 225/2/5
f 694/2/5 649/2/5 695/2/5
f 695/2/5 649/2/5 648/2/5
f 1116/3/5 338/3/5 1115/3/5
f 1115/3/5 338/3/5 337/3/5
f 650/2/5 618/2/5 614/2/5
f 614/2/5 618/2/5 617/2/5
f 1306/3/5 587/3/5 1304/3/5
f 1304/3/5 587/3/5 586/3/5
f 998/3/5 135/3/5 1025/3/5
f 1025/3/5 135/3/5 182/3/5
f 1405/3/5 739/3/5 735/3/5
f 735/3/5 739/3/5 738/3/5
f 1027/3/5 184/3/5 181/3/5
f 181/3/5 184/3/5 183/3/5
f 1309/2/5 594/2/5 1271/2/5
f 1271/2/5 594/2/5 541/2/5
f 740/3/5 697/3/5 693/3/5
f 693/3/5 697/3/5 696/3/5
f 292/2/5 291/2/5 395/2/5
f 395/2/5 291/2/5 289/2/5
f 698/2/5 652/2/5 649/2/5
f 649/2/5 652/2/5 651/2/5
f 1346/3/5 657/3/5 1323/3/5
f 1323/3/5 657/3/5 620/3/5
f 1276/2/5 485/2/5 483/2/5
f 483/2/5 485/2/5 484/2/5
f 1157/2/5 394/2/5 1155/2/5
f 1155/2/5 394/2/5 393/2/5
f 1310/6/5 593/6/5 1308/6/5
f 1308/6/5 593/6/5 592/6/5
f 294/2/5 261/2/5 295/2/5
f 295/2/5 261/2/5 255/2/5
f 1373/3/5 700/3/5 697/3/5
f 697/3/5 700/3/5 699/3/5
f 1001/3/5 1710/3/5 999/3/5
f 999/3/5 1710/3/5 138/3/5
f 792/3/5 1711/3/5 1406/3/5
f 1406/3/5 1711/3/5 741/3/5
f 1710/3/5 143/3/5 139/3/5
f 139/3/5 143/3/5 142/3/5
f 1711/3/5 746/3/5 742/3/5
f 742/3/5 746/3/5 745/3/5
f 1032/3/5 192/3/5 1030/3/5
f 1030/3/5 192/3/5 191/3/5
f 747/3/5 702/3/5 1374/3/5
f 1374/3/5 702/3/5 701/3/5
f 1073/3/5 262/3/5 1068/3/5
f 1068/3/5 262/3/5 257/3/5
f 703/3/5 656/3/5 1345/3/5
f 1345/3/5 656/3/5 655/3/5
f 1277/3/5 546/3/5 1275/3/5
f 1275/3/5 546/3/5 545/3/5
f 547/6/5 488/6/5 485/6/5
f 485/6/5 488/6/5 487/6/5
f 347/6/5 345/6/5 489/6/5
f 489/6/5 345/6/5 344/6/5
f 1053/3/5 231/3/5 298/3/5
f 298/3/5 231/3/5 229/3/5
f 1348/3/5 658/3/5 1344/3/5
f 1344/3/5 658/3/5 653/3/5
f 1235/4/5 1712/4/5 1232/4/5
f 1232/4/5 1712/4/5 1619/4/5
f 1712/5/5 1624/5/5 1619/5/5
f 1619/5/5 1624/5/5 1623/5/5
f 1624/1/5 1630/1/5 1623/1/5
f 1623/1/5 1630/1/5 1629/1/5
f 1630/4/5 491/4/5 1629/4/5
f 1629/4/5 491/4/5 490/4/5
f 967/3/5 1713/3/5 965/3/5
f 965/3/5 1713/3/5 964/3/5
f 844/3/5 1714/3/5 1438/3/5
f 1438/3/5 1714/3/5 1437/3/5
f 1713/3/5 1715/3/5 961/3/5
f 961/3/5 1715/3/5 92/3/5
f 1714/3/5 1716/3/5 1434/3/5
f 1434/3/5 1716/3/5 785/3/5
f 1715/3/5 97/3/5 93/3/5
f 93/3/5 97/3/5 96/3/5
f 1716/3/5 790/3/5 786/3/5
f 786/3/5 790/3/5 789/3/5
f 1195/4/5 1704/4/5 1193/4/5
f 1193/4/5 1704/4/5 1703/4/5
f 1704/1/5 1708/1/5 1703/1/5
f 1703/1/5 1708/1/5 1617/1/5
f 1706/2/5 1159/2/5 1122/2/5
f 1122/2/5 1159/2/5 342/2/5
f 1708/2/5 1237/2/5 1617/2/5
f 1617/2/5 1237/2/5 1236/2/5
f 1092/2/5 296/2/5 350/2/5
f 350/2/5 296/2/5 346/2/5
f 1328/2/5 624/2/5 1326/2/5
f 1326/2/5 624/2/5 623/2/5
f 1717/5/5 1718/5/5 1719/5/5
f 1719/5/5 1718/5/5 1625/5/5
f 1718/1/5 1720/1/5 1625/1/5
f 1625/1/5 1720/1/5 1631/1/5
f 494/5/5 1642/5/5 495/5/5
f 495/5/5 1642/5/5 1641/5/5
f 1642/4/5 442/4/5 1641/4/5
f 1641/4/5 442/4/5 441/4/5
f 1721/1/5 1722/1/5 1685/1/5
f 1685/1/5 1722/1/5 1689/1/5
f 1722/5/5 1723/5/5 1689/5/5
f 1689/5/5 1723/5/5 1691/5/5
f 1723/1/5 1724/1/5 1691/1/5
f 1691/1/5 1724/1/5 1695/1/5
f 1725/5/5 1726/5/5 1727/5/5
f 1727/5/5 1726/5/5 1643/5/5
f 1726/4/5 497/4/5 1643/4/5
f 1643/4/5 497/4/5 496/4/5
f 498/5/5 1648/5/5 442/5/5
f 442/5/5 1648/5/5 1647/5/5
f 1648/1/5 1655/1/5 1647/1/5
f 1647/1/5 1655/1/5 1654/1/5
f 1655/5/5 444/5/5 1654/5/5
f 1654/5/5 444/5/5 443/5/5
f 934/3/5 935/3/5 931/3/5
f 931/3/5 935/3/5 926/3/5
f 1476/3/5 1477/3/5 1473/3/5
f 1473/3/5 1477/3/5 1468/3/5
f 1728/4/5 1729/4/5 1677/4/5
f 1677/4/5 1729/4/5 1679/4/5
f 58/3/5 939/3/5 47/3/5
f 47/3/5 939/3/5 930/3/5
f 1729/5/5 1730/5/5 1679/5/5
f 1679/5/5 1730/5/5 1681/5/5
f 845/3/5 1481/3/5 834/3/5
f 834/3/5 1481/3/5 1472/3/5
f 62/3/5 55/3/5 51/3/5
f 51/3/5 55/3/5 54/3/5
f 447/1/5 1589/1/5 1196/1/5
f 1196/1/5 1589/1/5 1683/1/5
f 849/3/5 842/3/5 838/3/5
f 838/3/5 842/3/5 841/3/5
f 1589/5/5 1593/5/5 1683/5/5
f 1683/5/5 1593/5/5 1685/5/5
f 1593/4/5 1595/4/5 1721/4/5
f 1721/4/5 1595/4/5 1722/4/5
f 968/2/5 100/2/5 967/2/5
f 967/2/5 100/2/5 97/2/5
f 1595/1/5 1597/1/5 1722/1/5
f 1722/1/5 1597/1/5 1723/1/5
f 843/2/5 793/2/5 844/2/5
f 844/2/5 793/2/5 790/2/5
f 1597/5/5 1601/5/5 1723/5/5
f 1723/5/5 1601/5/5 1724/5/5
f 1601/4/5 1208/4/5 1695/4/5
f 1695/4/5 1208/4/5 1195/4/5
f 1240/5/5 1609/5/5 1239/5/5
f 1239/5/5 1609/5/5 1705/5/5
f 1609/1/5 1615/1/5 1705/1/5
f 1705/1/5 1615/1/5 1709/1/5
f 507/1/5 1534/1/5 493/1/5
f 493/1/5 1534/1/5 1638/1/5
f 1534/5/5 1540/5/5 1638/5/5
f 1638/5/5 1540/5/5 1727/5/5
f 1540/4/5 1546/4/5 1725/4/5
f 1725/4/5 1546/4/5 1726/4/5
f 1546/5/5 1552/5/5 1726/5/5
f 1726/5/5 1552/5/5 1649/5/5
f 1552/1/5 1558/1/5 1649/1/5
f 1649/1/5 1558/1/5 1656/1/5
f 1558/5/5 1564/5/5 1656/5/5
f 1656/5/5 1564/5/5 1662/5/5
f 1564/4/5 500/4/5 1662/4/5
f 1662/4/5 500/4/5 499/4/5
f 451/1/5 1583/1/5 1200/1/5
f 1200/1/5 1583/1/5 1677/1/5
f 938/3/5 59/3/5 923/3/5
f 923/3/5 59/3/5 46/3/5
f 1583/5/5 1585/5/5 1728/5/5
f 1728/5/5 1585/5/5 1729/5/5
f 1480/3/5 846/3/5 1465/3/5
f 1465/3/5 846/3/5 833/3/5
f 1585/4/5 1587/4/5 1729/4/5
f 1729/4/5 1587/4/5 1730/4/5
f 942/3/5 63/3/5 927/3/5
f 927/3/5 63/3/5 50/3/5
f 1587/1/5 448/1/5 1681/1/5
f 1681/1/5 448/1/5 1199/1/5
f 1484/3/5 850/3/5 1469/3/5
f 1469/3/5 850/3/5 837/3/5
f 970/3/5 102/3/5 968/3/5
f 968/3/5 102/3/5 100/3/5
f 1443/3/5 795/3/5 843/3/5
f 843/3/5 795/3/5 793/3/5
f 1002/2/5 146/2/5 1001/2/5
f 1001/2/5 146/2/5 143/2/5
f 796/2/5 749/2/5 792/2/5
f 792/2/5 749/2/5 746/2/5
f 1033/2/5 195/2/5 1032/2/5
f 1032/2/5 195/2/5 192/2/5
f 1210/5/5 1607/5/5 1208/5/5
f 1208/5/5 1607/5/5 1608/5/5
f 750/2/5 705/2/5 747/2/5
f 747/2/5 705/2/5 702/2/5
f 1074/2/5 265/2/5 1073/2/5
f 1073/2/5 265/2/5 262/2/5
f 1607/1/5 1613/1/5 1608/1/5
f 1608/1/5 1613/1/5 1614/1/5
f 706/2/5 661/2/5 703/2/5
f 703/2/5 661/2/5 656/2/5
f 1123/2/5 355/2/5 1610/2/5
f 1610/2/5 355/2/5 1168/2/5
f 1613/2/5 1243/2/5 1614/2/5
f 1614/2/5 1243/2/5 1242/2/5
f 662/2/5 596/2/5 622/2/5
f 622/2/5 596/2/5 595/2/5
f 555/6/5 551/6/5 546/6/5
f 546/6/5 551/6/5 550/6/5
f 349/2/5 360/2/5 1093/2/5
f 1093/2/5 360/2/5 303/2/5
f 504/6/5 503/6/5 488/6/5
f 488/6/5 503/6/5 502/6/5
f 1281/5/5 1517/5/5 1278/5/5
f 1278/5/5 1517/5/5 1719/5/5
f 1517/1/5 1521/1/5 1717/1/5
f 1717/1/5 1521/1/5 1718/1/5
f 1521/5/5 1527/5/5 1718/5/5
f 1718/5/5 1527/5/5 1720/5/5
f 1527/4/5 553/4/5 1631/4/5
f 1631/4/5 553/4/5 552/4/5
f 455/1/5 1532/1/5 509/1/5
f 509/1/5 1532/1/5 1533/1/5
f 1532/5/5 1538/5/5 1533/5/5
f 1533/5/5 1538/5/5 1539/5/5
f 1538/4/5 1544/4/5 1539/4/5
f 1539/4/5 1544/4/5 1545/4/5
f 1544/5/5 1550/5/5 1545/5/5
f 1545/5/5 1550/5/5 1551/5/5
f 1550/1/5 1556/1/5 1551/1/5
f 1551/1/5 1556/1/5 1557/1/5
f 1556/5/5 1562/5/5 1557/5/5
f 1557/5/5 1562/5/5 1563/5/5
f 1562/4/5 1566/4/5 1563/4/5
f 1563/4/5 1566/4/5 501/4/5
f 1566/1/5 1568/1/5 444/1/5
f 444/1/5 1568/1/5 1665/1/5
f 1568/5/5 1731/5/5 1665/5/5
f 1665/5/5 1731/5/5 445/5/5
f 458/1/5 1578/1/5 1204/1/5
f 1204/1/5 1578/1/5 1673/1/5
f 1578/5/5 1581/5/5 1673/5/5
f 1673/5/5 1581/5/5 1675/5/5
f 1581/4/5 452/4/5 1675/4/5
f 1675/4/5 452/4/5 1203/4/5
f 974/3/5 105/3/5 971/3/5
f 971/3/5 105/3/5 104/3/5
f 1447/3/5 798/3/5 1444/3/5
f 1444/3/5 798/3/5 797/3/5
f 150/3/5 148/3/5 1732/3/5
f 1732/3/5 148/3/5 146/3/5
f 753/3/5 751/3/5 1733/3/5
f 1733/3/5 751/3/5 749/3/5
f 1350/3/5 663/3/5 706/3/5
f 706/3/5 663/3/5 661/3/5
f 1284/3/5 556/3/5 1282/3/5
f 1282/3/5 556/3/5 555/3/5
f 510/6/5 505/6/5 557/6/5
f 557/6/5 505/6/5 504/6/5
f 506/6/5 359/6/5 348/6/5
f 348/6/5 359/6/5 358/6/5
f 1331/2/5 627/2/5 1329/2/5
f 1329/2/5 627/2/5 626/2/5
f 305/3/5 234/3/5 1054/3/5
f 1054/3/5 234/3/5 233/3/5
f 1353/3/5 665/3/5 1351/3/5
f 1351/3/5 665/3/5 664/3/5
f 1247/1/5 1515/1/5 1244/1/5
f 1244/1/5 1515/1/5 1516/1/5
f 1515/5/5 1525/5/5 1516/5/5
f 1516/5/5 1525/5/5 1526/5/5
f 1525/1/5 508/1/5 1526/1/5
f 1526/1/5 508/1/5 554/1/5
f 1212/5/5 1571/5/5 1211/5/5
f 1211/5/5 1571/5/5 1731/5/5
f 1571/1/5 1573/1/5 446/1/5
f 446/1/5 1573/1/5 1670/1/5
f 1573/5/5 459/5/5 1670/5/5
f 1670/5/5 459/5/5 1207/5/5
f 1004/3/5 151/3/5 1002/3/5
f 1002/3/5 151/3/5 1732/3/5
f 1411/3/5 754/3/5 796/3/5
f 796/3/5 754/3/5 1733/3/5
f 1035/3/5 197/3/5 1033/3/5
f 1033/3/5 197/3/5 195/3/5
f 1379/3/5 707/3/5 750/3/5
f 750/3/5 707/3/5 705/3/5
f 1079/3/5 269/3/5 1074/3/5
f 1074/3/5 269/3/5 265/3/5
f 1334/3/5 630/3/5 1332/3/5
f 1332/3/5 630/3/5 629/3/5
f 513/2/5 511/2/5 1283/2/5
f 1283/2/5 511/2/5 510/2/5
f 1313/6/5 598/6/5 1311/6/5
f 1311/6/5 598/6/5 597/6/5
f 308/2/5 273/2/5 309/2/5
f 309/2/5 273/2/5 272/2/5
f 711/3/5 710/3/5 1380/3/5
f 1380/3/5 710/3/5 709/3/5
f 1315/3/5 601/3/5 1314/3/5
f 1314/3/5 601/3/5 600/3/5
f 1040/3/5 210/3/5 1005/3/5
f 1005/3/5 210/3/5 154/3/5
f 207/3/5 204/3/5 1038/3/5
f 1038/3/5 204/3/5 203/3/5
f 1172/2/5 411/2/5 1170/2/5
f 1170/2/5 411/2/5 410/2/5
f 1288/2/5 561/2/5 1312/2/5
f 1312/2/5 561/2/5 599/2/5
f 714/3/5 712/3/5 759/3/5
f 759/3/5 712/3/5 711/3/5
f 412/2/5 311/2/5 307/2/5
f 307/2/5 311/2/5 310/2/5
f 671/2/5 670/2/5 713/2/5
f 713/2/5 670/2/5 668/2/5
f 1291/3/5 565/3/5 1289/3/5
f 1289/3/5 565/3/5 564/3/5
f 977/3/5 109/3/5 975/3/5
f 975/3/5 109/3/5 108/3/5
f 856/3/5 802/3/5 1448/3/5
f 1448/3/5 802/3/5 801/3/5
f 1059/2/5 244/2/5 1039/2/5
f 1039/2/5 244/2/5 207/2/5
f 803/3/5 758/3/5 1412/3/5
f 1412/3/5 758/3/5 757/3/5
f 242/2/5 240/2/5 1057/2/5
f 1057/2/5 240/2/5 239/2/5
f 716/2/5 672/2/5 717/2/5
f 717/2/5 672/2/5 671/2/5
f 1133/3/5 368/3/5 1132/3/5
f 1132/3/5 368/3/5 367/3/5
f 636/2/5 635/2/5 673/2/5
f 673/2/5 635/2/5 633/2/5
f 945/3/5 67/3/5 943/3/5
f 943/3/5 67/3/5 66/3/5
f 1317/3/5 606/3/5 1316/3/5
f 1316/3/5 606/3/5 605/3/5
f 885/3/5 854/3/5 1485/3/5
f 1485/3/5 854/3/5 853/3/5
f 112/2/5 1009/2/5 977/2/5
f 977/2/5 1009/2/5 1008/2/5
f 1010/2/5 159/2/5 1007/2/5
f 1007/2/5 159/2/5 158/2/5
f 855/2/5 805/2/5 856/2/5
f 856/2/5 805/2/5 802/2/5
f 1060/2/5 243/2/5 1058/2/5
f 1058/2/5 243/2/5 242/2/5
f 806/2/5 718/2/5 807/2/5
f 807/2/5 718/2/5 715/2/5
f 278/3/5 276/3/5 1081/3/5
f 1081/3/5 276/3/5 275/3/5
f 719/3/5 637/3/5 720/3/5
f 720/3/5 637/3/5 636/3/5
f 1101/3/5 314/3/5 1100/3/5
f 1100/3/5 314/3/5 312/3/5
f 638/3/5 607/3/5 639/3/5
f 639/3/5 607/3/5 603/3/5
f 21/3/5 18/3/5 906/3/5
f 906/3/5 18/3/5 17/3/5
f 1320/3/5 610/3/5 1319/3/5
f 1319/3/5 610/3/5 609/3/5
f 886/3/5 884/3/5 1502/3/5
f 1502/3/5 884/3/5 883/3/5
f 70/2/5 980/2/5 945/2/5
f 945/2/5 980/2/5 979/2/5
f 611/3/5 572/3/5 612/3/5
f 612/3/5 572/3/5 571/3/5
f 981/2/5 113/2/5 978/2/5
f 978/2/5 113/2/5 112/2/5
f 860/2/5 857/2/5 885/2/5
f 885/2/5 857/2/5 854/2/5
f 161/2/5 1042/2/5 1011/2/5
f 1011/2/5 1042/2/5 1010/2/5
f 1043/2/5 212/2/5 1041/2/5
f 1041/2/5 212/2/5 211/2/5
f 858/2/5 761/2/5 859/2/5
f 859/2/5 761/2/5 760/2/5
f 1083/3/5 279/3/5 1082/3/5
f 1082/3/5 279/3/5 278/3/5
f 678/3/5 675/3/5 762/3/5
f 762/3/5 675/3/5 674/3/5
f 25/3/5 22/3/5 908/3/5
f 908/3/5 22/3/5 21/3/5
f 1253/3/5 1297/3/5 1252/3/5
f 1252/3/5 1297/3/5 1296/3/5
f 889/3/5 887/3/5 1504/3/5
f 1504/3/5 887/3/5 886/3/5
f 1298/3/5 574/3/5 1295/3/5
f 1295/3/5 574/3/5 573/3/5
f 575/3/5 520/3/5 576/3/5
f 576/3/5 520/3/5 519/3/5
f 73/2/5 71/2/5 946/2/5
f 946/2/5 71/2/5 70/2/5
f 863/2/5 861/2/5 888/2/5
f 888/2/5 861/2/5 860/2/5
f 115/2/5 1013/2/5 982/2/5
f 982/2/5 1013/2/5 981/2/5
f 1014/2/5 162/2/5 1012/2/5
f 1012/2/5 162/2/5 161/2/5
f 811/2/5 809/2/5 862/2/5
f 862/2/5 809/2/5 808/2/5
f 1062/3/5 246/3/5 1061/3/5
f 1061/3/5 246/3/5 245/3/5
f 723/2/5 722/2/5 810/2/5
f 810/2/5 722/2/5 721/2/5
f 1217/3/5 1256/3/5 1214/3/5
f 1214/3/5 1256/3/5 1255/3/5
f 1257/3/5 522/3/5 1254/3/5
f 1254/3/5 522/3/5 521/3/5
f 29/3/5 26/3/5 910/3/5
f 910/3/5 26/3/5 25/3/5
f 523/3/5 1260/3/5 524/3/5
f 524/3/5 1260/3/5 1259/3/5
f 892/3/5 890/3/5 1506/3/5
f 1506/3/5 890/3/5 889/3/5
f 1261/3/5 526/3/5 1258/3/5
f 1258/3/5 526/3/5 525/3/5
f 527/3/5 465/3/5 528/3/5
f 528/3/5 465/3/5 464/3/5
f 76/2/5 74/2/5 947/2/5
f 947/2/5 74/2/5 73/2/5
f 866/2/5 864/2/5 891/2/5
f 891/2/5 864/2/5 863/2/5
f 118/2/5 116/2/5 983/2/5
f 983/2/5 116/2/5 115/2/5
f 814/2/5 812/2/5 865/2/5
f 865/2/5 812/2/5 811/2/5
f 1046/3/5 219/3/5 1045/3/5
f 1045/3/5 219/3/5 218/3/5
f 765/2/5 764/2/5 813/2/5
f 813/2/5 764/2/5 763/2/5
f 915/3/5 30/3/5 912/3/5
f 912/3/5 30/3/5 29/3/5
f 1511/3/5 893/3/5 1508/3/5
f 1508/3/5 893/3/5 892/3/5
f 949/3/5 77/3/5 948/3/5
f 948/3/5 77/3/5 76/3/5
f 894/3/5 867/3/5 895/3/5
f 895/3/5 867/3/5 866/3/5
f 985/3/5 119/3/5 984/3/5
f 984/3/5 119/3/5 118/3/5
f 868/3/5 815/3/5 869/3/5
f 869/3/5 815/3/5 814/3/5
f 1017/3/5 169/3/5 1016/3/5
f 1016/3/5 169/3/5 168/3/5
f 816/3/5 766/3/5 817/3/5
f 817/3/5 766/3/5 765/3/5
f 898/3/6 897/3/6 3/3/6
f 3/3/6 897/3/6 4/3/6
f 1494/3/6 1493/3/6 872/3/6
f 872/3/6 1493/3/6 873/3/6
f 2/3/6 1/3/6 5/3/6
f 5/3/6 1/3/6 35/3/6
f 1459/3/6 1458/3/6 820/3/6
f 820/3/6 1458/3/6 821/3/6
f 34/3/6 33/3/6 36/3/6
f 36/3/6 33/3/6 81/3/6
f 1425/3/6 1424/3/6 771/3/6
f 771/3/6 1424/3/6 772/3/6
f 80/3/6 79/3/6 82/3/6
f 82/3/6 79/3/6 123/3/6
f 1395/3/6 1394/3/6 729/3/6
f 729/3/6 1394/3/6 730/3/6
f 1190/3/6 1189/3/6 1147/3/6
f 1147/3/6 1189/3/6 1144/3/6
f 1146/3/6 1145/3/6 383/3/6
f 383/3/6 1145/3/6 384/3/6
f 900/3/6 3/3/6 7/3/6
f 7/3/6 3/3/6 8/3/6
f 382/3/6 381/3/6 1151/3/6
f 1151/3/6 381/3/6 1148/3/6
f 1496/3/6 872/3/6 876/3/6
f 876/3/6 872/3/6 819/3/6
f 1150/3/6 1149/3/6 387/3/6
f 387/3/6 1149/3/6 388/3/6
f 386/3/6 385/3/6 437/3/6
f 437/3/6 385/3/6 438/3/6
f 6/2/6 5/2/6 9/2/6
f 9/2/6 5/2/6 38/2/6
f 1460/2/6 820/2/6 824/2/6
f 824/2/6 820/2/6 770/2/6
f 37/2/6 36/2/6 39/2/6
f 39/2/6 36/2/6 84/2/6
f 1426/2/6 771/2/6 775/2/6
f 775/2/6 771/2/6 728/2/6
f 83/2/6 82/2/6 126/2/6
f 126/2/6 82/2/6 127/2/6
f 1361/3/6 1360/3/6 684/3/6
f 684/3/6 1360/3/6 685/3/6
f 902/3/6 7/3/6 11/3/6
f 11/3/6 7/3/6 12/3/6
f 1153/3/6 1152/3/6 1105/3/6
f 1105/3/6 1152/3/6 1102/3/6
f 1498/3/6 876/3/6 879/3/6
f 879/3/6 876/3/6 823/3/6
f 1104/3/6 1103/3/6 323/3/6
f 323/3/6 1103/3/6 324/3/6
f 322/3/6 321/3/6 391/3/6
f 391/3/6 321/3/6 392/3/6
f 10/2/6 9/2/6 13/2/6
f 13/2/6 9/2/6 41/2/6
f 1461/2/6 824/2/6 827/2/6
f 827/2/6 824/2/6 774/2/6
f 1427/2/6 775/2/6 1399/2/6
f 1399/2/6 775/2/6 1396/2/6
f 40/2/6 39/2/6 129/2/6
f 129/2/6 39/2/6 130/2/6
f 1398/2/6 1397/2/6 733/2/6
f 733/2/6 1397/2/6 683/2/6
f 128/2/6 125/2/6 175/2/6
f 175/2/6 125/2/6 176/2/6
f 1339/3/6 1338/3/6 642/3/6
f 642/3/6 1338/3/6 643/3/6
f 904/3/6 11/3/6 15/3/6
f 15/3/6 11/3/6 16/3/6
f 1107/3/6 1106/3/6 283/3/6
f 283/3/6 1106/3/6 284/3/6
f 1500/3/6 879/3/6 882/3/6
f 882/3/6 879/3/6 826/3/6
f 282/3/6 281/3/6 327/3/6
f 327/3/6 281/3/6 328/3/6
f 1462/2/6 827/2/6 1430/2/6
f 1430/2/6 827/2/6 1428/2/6
f 14/2/6 13/2/6 45/2/6
f 45/2/6 13/2/6 87/2/6
f 1429/2/6 1399/2/6 778/2/6
f 778/2/6 1399/2/6 732/2/6
f 1400/2/6 733/2/6 1366/2/6
f 1366/2/6 733/2/6 1363/2/6
f 86/2/6 85/2/6 178/2/6
f 178/2/6 85/2/6 179/2/6
f 1365/2/6 1364/2/6 688/2/6
f 688/2/6 1364/2/6 641/2/6
f 177/3/6 174/3/6 249/3/6
f 249/3/6 174/3/6 250/3/6
f 1342/3/6 1341/3/6 646/3/6
f 646/3/6 1341/3/6 647/3/6
f 921/3/6 14/3/6 44/3/6
f 44/3/6 14/3/6 45/3/6
f 1110/3/6 1109/3/6 331/3/6
f 331/3/6 1109/3/6 332/3/6
f 1463/3/6 1462/3/6 832/3/6
f 832/3/6 1462/3/6 777/3/6
f 1431/2/6 778/2/6 1403/2/6
f 1403/2/6 778/2/6 1401/2/6
f 43/2/6 42/2/6 91/2/6
f 91/2/6 42/2/6 133/2/6
f 1402/2/6 1366/2/6 736/2/6
f 736/2/6 1366/2/6 687/2/6
f 132/2/6 131/2/6 134/2/6
f 134/2/6 131/2/6 224/2/6
f 1368/2/6 1367/2/6 691/2/6
f 691/2/6 1367/2/6 692/2/6
f 223/3/6 222/3/6 225/3/6
f 225/3/6 222/3/6 253/3/6
f 1321/3/6 646/3/6 615/3/6
f 615/3/6 646/3/6 616/3/6
f 252/3/6 251/3/6 287/3/6
f 287/3/6 251/3/6 288/3/6
f 1266/3/6 1303/3/6 535/3/6
f 535/3/6 1303/3/6 585/3/6
f 1113/3/6 1112/3/6 335/3/6
f 335/3/6 1112/3/6 336/3/6
f 959/3/6 43/3/6 90/3/6
f 90/3/6 43/3/6 91/3/6
f 1432/3/6 1431/3/6 784/3/6
f 784/3/6 1431/3/6 735/3/6
f 1370/2/6 1369/2/6 694/2/6
f 694/2/6 1369/2/6 695/2/6
f 181/2/6 180/2/6 183/2/6
f 183/2/6 180/2/6 227/2/6
f 1343/2/6 691/2/6 650/2/6
f 650/2/6 691/2/6 614/2/6
f 226/2/6 225/2/6 228/2/6
f 228/2/6 225/2/6 290/2/6
f 1268/3/6 1267/3/6 537/3/6
f 537/3/6 1267/3/6 538/3/6
f 1068/3/6 1117/3/6 257/3/6
f 257/3/6 1117/3/6 340/3/6
f 997/3/6 88/3/6 136/3/6
f 136/3/6 88/3/6 137/3/6
f 1404/3/6 1371/3/6 740/3/6
f 740/3/6 1371/3/6 693/3/6
f 135/3/6 182/3/6 185/3/6
f 185/3/6 182/3/6 186/3/6
f 1086/2/6 1156/2/6 292/2/6
f 292/2/6 1156/2/6 395/2/6
f 1372/3/6 694/3/6 698/3/6
f 698/3/6 694/3/6 649/3/6
f 184/2/6 183/2/6 187/2/6
f 187/2/6 183/2/6 230/2/6
f 594/2/6 541/2/6 591/2/6
f 591/2/6 541/2/6 536/2/6
f 1070/3/6 1069/3/6 259/3/6
f 259/3/6 1069/3/6 260/3/6
f 1119/2/6 339/2/6 341/2/6
f 341/2/6 339/2/6 486/2/6
f 1088/6/6 1087/6/6 294/6/6
f 294/6/6 1087/6/6 295/6/6
f 1273/2/6 1272/2/6 543/2/6
f 543/2/6 1272/2/6 544/2/6
f 1028/3/6 185/3/6 189/3/6
f 189/3/6 185/3/6 190/3/6
f 593/2/6 592/2/6 654/2/6
f 654/2/6 592/2/6 590/2/6
f 96/3/6 1000/3/6 1734/3/6
f 1734/3/6 1000/3/6 141/3/6
f 1408/3/6 1407/3/6 1735/3/6
f 1735/3/6 1407/3/6 744/3/6
f 1734/3/6 140/3/6 144/3/6
f 144/3/6 140/3/6 145/3/6
f 1735/3/6 743/3/6 747/3/6
f 747/3/6 743/3/6 748/3/6
f 143/3/6 1031/3/6 193/3/6
f 193/3/6 1031/3/6 194/3/6
f 1376/3/6 1375/3/6 703/3/6
f 703/3/6 1375/3/6 704/3/6
f 192/3/6 1072/3/6 263/3/6
f 263/3/6 1072/3/6 264/3/6
f 1324/3/6 1306/3/6 622/3/6
f 622/3/6 1306/3/6 587/3/6
f 1121/3/6 1120/3/6 299/3/6
f 299/3/6 1120/3/6 343/3/6
f 342/6/6 341/6/6 347/6/6
f 347/6/6 341/6/6 489/6/6
f 488/6/6 487/6/6 502/6/6
f 502/6/6 487/6/6 549/6/6
f 1052/3/6 1029/3/6 232/3/6
f 232/3/6 1029/3/6 188/3/6
f 1347/3/6 623/3/6 659/3/6
f 659/3/6 623/3/6 660/3/6
f 1234/4/6 1233/4/6 1736/4/6
f 1736/4/6 1233/4/6 1618/4/6
f 1736/5/6 1618/5/6 1621/5/6
f 1621/5/6 1618/5/6 1622/5/6
f 1621/1/6 1622/1/6 1627/1/6
f 1627/1/6 1622/1/6 1628/1/6
f 1627/4/6 1628/4/6 351/4/6
f 351/4/6 1628/4/6 492/4/6
f 54/3/6 966/3/6 1737/3/6
f 1737/3/6 966/3/6 963/3/6
f 1440/3/6 1439/3/6 1738/3/6
f 1738/3/6 1439/3/6 1436/3/6
f 1737/3/6 962/3/6 1739/3/6
f 1739/3/6 962/3/6 95/3/6
f 1738/3/6 1435/3/6 1740/3/6
f 1740/3/6 1435/3/6 788/3/6
f 1739/3/6 94/3/6 98/3/6
f 98/3/6 94/3/6 99/3/6
f 1740/3/6 787/3/6 791/3/6
f 791/3/6 787/3/6 792/3/6
f 1161/4/6 1194/4/6 1701/4/6
f 1701/4/6 1194/4/6 1702/4/6
f 1701/1/6 1702/1/6 1707/1/6
f 1707/1/6 1702/1/6 1616/1/6
f 1707/2/6 1616/2/6 1160/2/6
f 1160/2/6 1616/2/6 1158/2/6
f 1709/2/6 1231/2/6 1238/2/6
f 1238/2/6 1231/2/6 547/2/6
f 1091/2/6 1090/2/6 297/2/6
f 297/2/6 1090/2/6 298/2/6
f 1327/2/6 550/2/6 625/2/6
f 625/2/6 550/2/6 548/2/6
f 397/1/6 396/1/6 1633/1/6
f 1633/1/6 396/1/6 1634/1/6
f 1633/5/6 1634/5/6 1741/5/6
f 1741/5/6 1634/5/6 1639/5/6
f 1741/1/6 1639/1/6 399/1/6
f 399/1/6 1639/1/6 427/1/6
f 1198/1/6 1197/1/6 1742/1/6
f 1742/1/6 1197/1/6 1682/1/6
f 1743/5/6 1686/5/6 1744/5/6
f 1744/5/6 1686/5/6 1690/5/6
f 1744/1/6 1690/1/6 1745/1/6
f 1745/1/6 1690/1/6 1694/1/6
f 1745/5/6 1694/5/6 1164/5/6
f 1164/5/6 1694/5/6 1161/5/6
f 1163/4/6 1162/4/6 1746/4/6
f 1746/4/6 1162/4/6 1700/4/6
f 1747/5/6 1748/5/6 1749/5/6
f 1749/5/6 1748/5/6 1620/5/6
f 1749/1/6 1620/1/6 1750/1/6
f 1750/1/6 1620/1/6 1626/1/6
f 1751/5/6 1752/5/6 401/5/6
f 401/5/6 1752/5/6 402/5/6
f 400/1/6 399/1/6 1651/1/6
f 1651/1/6 399/1/6 1652/1/6
f 1651/5/6 1652/5/6 1658/5/6
f 1658/5/6 1652/5/6 1659/5/6
f 1658/4/6 1659/4/6 403/4/6
f 403/4/6 1659/4/6 430/4/6
f 933/3/6 932/3/6 936/3/6
f 936/3/6 932/3/6 925/3/6
f 1475/3/6 1474/3/6 1478/3/6
f 1478/3/6 1474/3/6 1467/3/6
f 1753/4/6 1676/4/6 1754/4/6
f 1754/4/6 1676/4/6 1678/4/6
f 61/3/6 48/3/6 940/3/6
f 940/3/6 48/3/6 929/3/6
f 1754/5/6 1678/5/6 1755/5/6
f 1755/5/6 1678/5/6 1680/5/6
f 848/3/6 835/3/6 1482/3/6
f 1482/3/6 835/3/6 1471/3/6
f 65/3/6 52/3/6 56/3/6
f 56/3/6 52/3/6 57/3/6
f 450/5/6 1198/5/6 1756/5/6
f 1756/5/6 1198/5/6 1742/5/6
f 852/3/6 839/3/6 843/3/6
f 843/3/6 839/3/6 844/3/6
f 1756/5/6 1682/5/6 1591/5/6
f 1591/5/6 1682/5/6 1684/5/6
f 1591/4/6 1684/4/6 1594/4/6
f 1594/4/6 1684/4/6 1686/4/6
f 55/2/6 54/2/6 101/2/6
f 101/2/6 54/2/6 98/2/6
f 1594/1/6 1743/1/6 1596/1/6
f 1596/1/6 1743/1/6 1744/1/6
f 1441/2/6 1440/2/6 794/2/6
f 794/2/6 1440/2/6 791/2/6
f 1596/5/6 1744/5/6 1600/5/6
f 1600/5/6 1744/5/6 1745/5/6
f 1600/4/6 1745/4/6 1166/4/6
f 1166/4/6 1745/4/6 1164/4/6
f 1165/5/6 1163/5/6 1604/5/6
f 1604/5/6 1163/5/6 1746/5/6
f 1604/1/6 1700/1/6 1610/1/6
f 1610/1/6 1700/1/6 1706/1/6
f 409/1/6 398/1/6 1529/1/6
f 1529/1/6 398/1/6 1632/1/6
f 1529/5/6 1632/5/6 1535/5/6
f 1535/5/6 1632/5/6 1752/5/6
f 1535/4/6 1751/4/6 1541/4/6
f 1541/4/6 1751/4/6 1757/4/6
f 1541/5/6 1757/5/6 1547/5/6
f 1547/5/6 1757/5/6 1644/5/6
f 1547/1/6 1644/1/6 1553/1/6
f 1553/1/6 1644/1/6 1650/1/6
f 1553/5/6 1650/5/6 1559/5/6
f 1559/5/6 1650/5/6 1657/5/6
f 1559/4/6 1657/4/6 405/4/6
f 405/4/6 1657/4/6 406/4/6
f 1758/1/6 1666/1/6 433/1/6
f 433/1/6 1666/1/6 434/1/6
f 1206/1/6 1205/1/6 1759/1/6
f 1759/1/6 1205/1/6 1672/1/6
f 1759/5/6 1672/5/6 1760/5/6
f 1760/5/6 1672/5/6 1674/5/6
f 454/1/6 1201/1/6 1582/1/6
f 1582/1/6 1201/1/6 1676/1/6
f 937/3/6 924/3/6 60/3/6
f 60/3/6 924/3/6 49/3/6
f 1582/5/6 1753/5/6 1584/5/6
f 1584/5/6 1753/5/6 1754/5/6
f 1479/3/6 1466/3/6 847/3/6
f 847/3/6 1466/3/6 836/3/6
f 1584/4/6 1754/4/6 1586/4/6
f 1586/4/6 1754/4/6 1755/4/6
f 941/3/6 928/3/6 64/3/6
f 64/3/6 928/3/6 53/3/6
f 1586/1/6 1680/1/6 449/1/6
f 449/1/6 1680/1/6 1198/1/6
f 1483/3/6 1470/3/6 851/3/6
f 851/3/6 1470/3/6 840/3/6
f 969/3/6 55/3/6 103/3/6
f 103/3/6 55/3/6 101/3/6
f 1442/3/6 1441/3/6 796/3/6
f 796/3/6 1441/3/6 794/3/6
f 102/2/6 96/2/6 147/2/6
f 147/2/6 96/2/6 144/2/6
f 1409/2/6 1408/2/6 750/2/6
f 750/2/6 1408/2/6 747/2/6
f 146/2/6 143/2/6 196/2/6
f 196/2/6 143/2/6 193/2/6
f 1209/5/6 1166/5/6 1606/5/6
f 1606/5/6 1166/5/6 1605/5/6
f 1377/2/6 1376/2/6 706/2/6
f 706/2/6 1376/2/6 703/2/6
f 195/2/6 192/2/6 266/2/6
f 266/2/6 192/2/6 263/2/6
f 1606/1/6 1605/1/6 1612/1/6
f 1612/1/6 1605/1/6 1611/1/6
f 1349/2/6 1324/2/6 662/2/6
f 662/2/6 1324/2/6 622/2/6
f 265/2/6 262/2/6 301/2/6
f 301/2/6 262/2/6 302/2/6
f 1612/2/6 1611/2/6 1169/2/6
f 1169/2/6 1611/2/6 1167/2/6
f 1248/2/6 1615/2/6 557/2/6
f 557/2/6 1615/2/6 1241/2/6
f 300/6/6 299/6/6 349/6/6
f 349/6/6 299/6/6 350/6/6
f 348/6/6 347/6/6 358/6/6
f 358/6/6 347/6/6 345/6/6
f 551/2/6 1330/2/6 558/2/6
f 558/2/6 1330/2/6 628/2/6
f 1280/5/6 1279/5/6 1512/5/6
f 1512/5/6 1279/5/6 1748/5/6
f 1512/1/6 1747/1/6 1518/1/6
f 1518/1/6 1747/1/6 1749/1/6
f 1518/5/6 1749/5/6 1522/5/6
f 1522/5/6 1749/5/6 1750/5/6
f 1522/4/6 1626/4/6 353/4/6
f 353/4/6 1626/4/6 354/4/6
f 408/1/6 407/1/6 1531/1/6
f 1531/1/6 407/1/6 1530/1/6
f 1531/5/6 1530/5/6 1537/5/6
f 1537/5/6 1530/5/6 1536/5/6
f 1537/4/6 1536/4/6 1543/4/6
f 1543/4/6 1536/4/6 1542/4/6
f 1543/5/6 1542/5/6 1549/5/6
f 1549/5/6 1542/5/6 1548/5/6
f 1549/1/6 1548/1/6 1555/1/6
f 1555/1/6 1548/1/6 1554/1/6
f 1555/5/6 1554/5/6 1561/5/6
f 1561/5/6 1554/5/6 1560/5/6
f 1561/4/6 1560/4/6 1565/4/6
f 1565/4/6 1560/4/6 404/4/6
f 1565/1/6 403/1/6 1567/1/6
f 1567/1/6 403/1/6 1664/1/6
f 1567/5/6 1664/5/6 1185/5/6
f 1185/5/6 1664/5/6 1666/5/6
f 1185/5/6 1758/5/6 1575/5/6
f 1575/5/6 1758/5/6 1759/5/6
f 1575/1/6 1759/1/6 1579/1/6
f 1579/1/6 1759/1/6 1760/1/6
f 1579/4/6 1674/4/6 453/4/6
f 453/4/6 1674/4/6 1202/4/6
f 973/3/6 972/3/6 106/3/6
f 106/3/6 972/3/6 107/3/6
f 1446/3/6 1445/3/6 799/3/6
f 799/3/6 1445/3/6 800/3/6
f 153/3/6 1761/3/6 149/3/6
f 149/3/6 1761/3/6 147/3/6
f 756/3/6 1762/3/6 752/3/6
f 752/3/6 1762/3/6 750/3/6
f 1075/3/6 195/3/6 268/3/6
f 268/3/6 195/3/6 266/3/6
f 1125/3/6 1124/3/6 357/3/6
f 357/3/6 1124/3/6 300/3/6
f 356/6/6 355/6/6 506/6/6
f 506/6/6 355/6/6 348/6/6
f 1095/2/6 1094/2/6 305/2/6
f 305/2/6 1094/2/6 306/2/6
f 505/6/6 504/6/6 560/6/6
f 560/6/6 504/6/6 503/6/6
f 1036/3/6 1055/3/6 199/3/6
f 199/3/6 1055/3/6 235/3/6
f 627/3/6 1352/3/6 666/3/6
f 666/3/6 1352/3/6 667/3/6
f 1246/1/6 1245/1/6 1514/1/6
f 1514/1/6 1245/1/6 1513/1/6
f 1514/5/6 1513/5/6 1524/5/6
f 1524/5/6 1513/5/6 1523/5/6
f 1524/4/6 1523/4/6 457/4/6
f 457/4/6 1523/4/6 352/4/6
f 1186/1/6 1185/1/6 1569/1/6
f 1569/1/6 1185/1/6 1763/1/6
f 1569/5/6 1763/5/6 460/5/6
f 460/5/6 1763/5/6 461/5/6
f 1003/3/6 102/3/6 152/3/6
f 152/3/6 102/3/6 1761/3/6
f 1410/3/6 1409/3/6 755/3/6
f 755/3/6 1409/3/6 1762/3/6
f 1034/3/6 146/3/6 198/3/6
f 198/3/6 146/3/6 196/3/6
f 1378/3/6 1377/3/6 708/3/6
f 708/3/6 1377/3/6 706/3/6
f 1078/3/6 1077/3/6 270/3/6
f 270/3/6 1077/3/6 271/3/6
f 1314/3/6 1349/3/6 600/3/6
f 600/3/6 1349/3/6 662/3/6
f 361/2/6 1126/2/6 512/2/6
f 512/2/6 1126/2/6 356/2/6
f 1098/6/6 1097/6/6 308/6/6
f 308/6/6 1097/6/6 309/6/6
f 206/3/6 1037/3/6 201/3/6
f 201/3/6 1037/3/6 202/3/6
f 598/2/6 597/2/6 602/2/6
f 602/2/6 597/2/6 669/2/6
f 1128/3/6 1079/3/6 363/3/6
f 363/3/6 1079/3/6 269/3/6
f 1382/3/6 1413/3/6 714/3/6
f 714/3/6 1413/3/6 759/3/6
f 210/3/6 154/3/6 205/3/6
f 205/3/6 154/3/6 206/3/6
f 1171/2/6 1099/2/6 412/2/6
f 412/2/6 1099/2/6 307/2/6
f 1287/2/6 1286/2/6 562/2/6
f 562/2/6 1286/2/6 563/2/6
f 717/3/6 1381/3/6 671/3/6
f 671/3/6 1381/3/6 713/3/6
f 204/2/6 203/2/6 238/2/6
f 238/2/6 203/2/6 200/2/6
f 561/2/6 599/2/6 567/2/6
f 567/2/6 599/2/6 604/2/6
f 1131/3/6 1130/3/6 365/3/6
f 365/3/6 1130/3/6 366/3/6
f 66/3/6 976/3/6 110/3/6
f 110/3/6 976/3/6 111/3/6
f 1450/3/6 1449/3/6 803/3/6
f 803/3/6 1449/3/6 804/3/6
f 109/3/6 1006/3/6 156/3/6
f 156/3/6 1006/3/6 157/3/6
f 1384/2/6 1383/2/6 716/2/6
f 716/2/6 1383/2/6 717/2/6
f 244/2/6 207/2/6 241/2/6
f 241/2/6 207/2/6 204/2/6
f 720/2/6 1354/2/6 636/2/6
f 636/2/6 1354/2/6 673/2/6
f 240/2/6 239/2/6 313/2/6
f 313/2/6 239/2/6 237/2/6
f 1293/3/6 1292/3/6 569/3/6
f 569/3/6 1292/3/6 570/3/6
f 17/3/6 944/3/6 68/3/6
f 68/3/6 944/3/6 69/3/6
f 1136/3/6 1135/3/6 371/3/6
f 371/3/6 1135/3/6 372/3/6
f 1487/3/6 1486/3/6 855/3/6
f 855/3/6 1486/3/6 856/3/6
f 859/2/6 1450/2/6 1416/2/6
f 1416/2/6 1450/2/6 1414/2/6
f 67/2/6 66/2/6 160/2/6
f 160/2/6 66/2/6 110/2/6
f 1387/2/6 1415/2/6 806/2/6
f 806/2/6 1415/2/6 807/2/6
f 159/2/6 158/2/6 209/2/6
f 209/2/6 158/2/6 155/2/6
f 1386/2/6 1385/2/6 719/2/6
f 719/2/6 1385/2/6 720/2/6
f 243/3/6 242/3/6 277/3/6
f 277/3/6 242/3/6 240/3/6
f 677/3/6 1337/3/6 638/3/6
f 638/3/6 1337/3/6 639/3/6
f 276/3/6 275/3/6 315/3/6
f 315/3/6 275/3/6 316/3/6
f 1318/3/6 1294/3/6 608/3/6
f 608/3/6 1294/3/6 568/3/6
f 24/3/6 907/3/6 19/3/6
f 19/3/6 907/3/6 20/3/6
f 1139/3/6 1138/3/6 319/3/6
f 319/3/6 1138/3/6 320/3/6
f 888/3/6 1503/3/6 860/3/6
f 860/3/6 1503/3/6 885/3/6
f 318/3/6 317/3/6 375/3/6
f 375/3/6 317/3/6 376/3/6
f 862/2/6 1487/2/6 1453/2/6
f 1453/2/6 1487/2/6 1451/2/6
f 18/2/6 17/2/6 114/2/6
f 114/2/6 17/2/6 68/2/6
f 1418/2/6 1452/2/6 858/2/6
f 858/2/6 1452/2/6 859/2/6
f 810/2/6 1417/2/6 1390/2/6
f 1390/2/6 1417/2/6 1387/2/6
f 113/2/6 112/2/6 213/2/6
f 213/2/6 112/2/6 214/2/6
f 1389/2/6 1388/2/6 678/2/6
f 678/2/6 1388/2/6 762/2/6
f 212/3/6 211/3/6 280/3/6
f 280/3/6 211/3/6 208/3/6
f 1356/3/6 1355/3/6 676/3/6
f 676/3/6 1355/3/6 677/3/6
f 28/3/6 909/3/6 23/3/6
f 23/3/6 909/3/6 24/3/6
f 1175/3/6 1174/3/6 1143/3/6
f 1143/3/6 1174/3/6 1140/3/6
f 891/3/6 1505/3/6 863/3/6
f 863/3/6 1505/3/6 888/3/6
f 1142/3/6 1141/3/6 379/3/6
f 379/3/6 1141/3/6 380/3/6
f 378/3/6 377/3/6 415/3/6
f 415/3/6 377/3/6 416/3/6
f 22/2/6 21/2/6 72/2/6
f 72/2/6 21/2/6 18/2/6
f 865/2/6 1488/2/6 811/2/6
f 811/2/6 1488/2/6 862/2/6
f 813/2/6 1454/2/6 1421/2/6
f 1421/2/6 1454/2/6 1418/2/6
f 71/2/6 70/2/6 163/2/6
f 163/2/6 70/2/6 164/2/6
f 1420/2/6 1419/2/6 723/2/6
f 723/2/6 1419/2/6 810/2/6
f 162/2/6 161/2/6 216/2/6
f 216/2/6 161/2/6 217/2/6
f 1359/3/6 1358/3/6 680/3/6
f 680/3/6 1358/3/6 681/3/6
f 1216/3/6 1215/3/6 1179/3/6
f 1179/3/6 1215/3/6 1176/3/6
f 1178/3/6 1177/3/6 419/3/6
f 419/3/6 1177/3/6 420/3/6
f 32/3/6 911/3/6 27/3/6
f 27/3/6 911/3/6 28/3/6
f 418/3/6 417/3/6 1183/3/6
f 1183/3/6 417/3/6 1180/3/6
f 895/3/6 1507/3/6 866/3/6
f 866/3/6 1507/3/6 891/3/6
f 1182/3/6 1181/3/6 423/3/6
f 423/3/6 1181/3/6 424/3/6
f 422/3/6 421/3/6 466/3/6
f 466/3/6 421/3/6 467/3/6
f 26/2/6 25/2/6 75/2/6
f 75/2/6 25/2/6 22/2/6
f 869/2/6 1489/2/6 814/2/6
f 814/2/6 1489/2/6 865/2/6
f 74/2/6 73/2/6 117/2/6
f 117/2/6 73/2/6 71/2/6
f 817/2/6 1455/2/6 765/2/6
f 765/2/6 1455/2/6 813/2/6
f 116/2/6 115/2/6 166/2/6
f 166/2/6 115/2/6 167/2/6
f 1393/3/6 1392/3/6 725/3/6
f 725/3/6 1392/3/6 726/3/6
f 914/3/6 913/3/6 31/3/6
f 31/3/6 913/3/6 32/3/6
f 1510/3/6 1509/3/6 894/3/6
f 894/3/6 1509/3/6 895/3/6
f 30/3/6 29/3/6 78/3/6
f 78/3/6 29/3/6 26/3/6
f 1491/3/6 1490/3/6 868/3/6
f 868/3/6 1490/3/6 869/3/6
f 77/3/6 76/3/6 120/3/6
f 120/3/6 76/3/6 74/3/6
f 1457/3/6 1456/3/6 816/3/6
f 816/3/6 1456/3/6 817/3/6
f 119/3/6 118/3/6 170/3/6
f 170/3/6 118/3/6 116/3/6
f 1423/3/6 1422/3/6 767/3/6
f 767/3/6 1422/3/6 768/3/6
