# Vengi binary mesh normalized for Tanks of Freedom II

mtllib ../../materials/vox_grass.mtl
o ice_river_1_tile

v 4 4 3.9
v 3.9 4 3.9
v 3.9 4 4
v 4 4 4
v 3.8 4 3.9
v 3.8 4 4
v 3.7 4 3.9
v 3.6 4 3.9
v 3.6 4 4
v 3.7 4 4
v 3.5 4 3.9
v 3.4 4 3.9
v 3.4 4 4
v 3.5 4 4
v 3.3 4 3.9
v 3.2 4 3.9
v 3.2 4 4
v 3.3 4 4
v 3.1 4 3.9
v 3 4 3.9
v 3 4 4
v 3.1 4 4
v 2.9 4 3.9
v 2.8 4 3.9
v 2.8 4 4
v 2.9 4 4
v 2.7 4 3.9
v 2.6 4 3.9
v 2.6 4 4
v 2.7 4 4
v 2.5 4 3.9
v 2.4 4 3.9
v 2.4 4 4
v 2.5 4 4
v 2.3 4 3.9
v 2.2 4 3.9
v 2.2 4 4
v 2.3 4 4
v 2.1 4 3.9
v 2 4 3.9
v 2 4 4
v 2.1 4 4
v 1.9 4 3.9
v 1.8 4 3.9
v 1.8 4 4
v 1.9 4 4
v 1.7 4 3.9
v 1.6 4 3.9
v 1.6 4 4
v 1.7 4 4
v 1.5 4 3.9
v 1.4 4 3.9
v 1.4 4 4
v 1.5 4 4
v 1.3 4 3.9
v 1.2 4 3.9
v 1.2 4 4
v 1.3 4 4
v 1.1 4 3.9
v 1 4 3.9
v 1 4 4
v 1.1 4 4
v 0.9 4 3.9
v 0.8 4 3.9
v 0.8 4 4
v 0.9 4 4
v 0.7 4 3.9
v 0.6 4 3.9
v 0.6 4 4
v 0.7 4 4
v 0.5 4 3.9
v 0.4 4 3.9
v 0.4 4 4
v 0.5 4 4
v 0.3 4 3.9
v 0.2 4 3.9
v 0.2 4 4
v 0.3 4 4
v 0.1 4 3.9
v 0 4 3.9
v 0 4 4
v 0.1 4 4
v -0.1 4 3.9
v -0.2 4 3.9
v -0.2 4 4
v -0.1 4 4
v -0.3 4 3.9
v -0.4 4 3.9
v -0.4 4 4
v -0.3 4 4
v -0.5 4 3.9
v -0.6 4 3.9
v -0.6 4 4
v -0.5 4 4
v -0.7 4 3.9
v -0.8 4 3.9
v -0.8 4 4
v -0.7 4 4
v -0.9 4 3.9
v -1 4 3.9
v -1 4 4
v -0.9 4 4
v -1.1 4 3.9
v -1.2 4 3.9
v -1.2 4 4
v -1.1 4 4
v -1.3 4 3.9
v -1.4 4 3.9
v -1.4 4 4
v -1.3 4 4
v -1.4 3.9 3.9
v -1.5 3.9 3.9
v -1.5 3.9 4
v -1.4 3.9 4
v -1.5 4 3.9
v -1.6 4 3.9
v -1.6 4 4
v -1.5 4 4
v -1.7 4 3.9
v -1.8 4 3.9
v -1.8 4 4
v -1.7 4 4
v -1.9 4 3.9
v -2 4 3.9
v -2 4 4
v -1.9 4 4
v -2.1 4 3.9
v -2.2 4 3.9
v -2.2 4 4
v -2.1 4 4
v 4 4 3.8
v 3.9 4 3.8
v 3.8 4 3.8
v 3.7 4 3.8
v 3.6 4 3.8
v 3.5 4 3.8
v 3.4 4 3.8
v 3.3 4 3.8
v 3.2 4 3.8
v 3.1 4 3.8
v 3 4 3.8
v 2.9 4 3.8
v 2.8 4 3.8
v 2.7 4 3.8
v 2.6 4 3.8
v 2.5 4 3.8
v 2.4 4 3.8
v 2.3 4 3.8
v 2.2 4 3.8
v 2.1 4 3.8
v 2 4 3.8
v 1.9 4 3.8
v 1.8 4 3.8
v 1.7 4 3.8
v 1.6 4 3.8
v 1.5 4 3.8
v 1.4 3.9 3.8
v 1.3 3.9 3.8
v 1.3 3.9 4
v 1.4 3.9 4
v -1.5 4 3.8
v -1.6 4 3.8
v -1.7 4 3.8
v -1.8 4 3.8
v -1.9 4 3.8
v -2 4 3.8
v -2.1 4 3.8
v -2.2 4 3.8
v 4 4 3.7
v 3.9 4 3.7
v 3.8 4 3.7
v 3.7 4 3.7
v 3.6 4 3.7
v 3.5 4 3.7
v 3.4 4 3.7
v 3.3 4 3.7
v 3.2 4 3.7
v 3.1 4 3.7
v 3 4 3.7
v 2.9 4 3.7
v 2.8 4 3.7
v 2.7 4 3.7
v 2.6 4 3.7
v 2.5 4 3.7
v 2.4 4 3.7
v 2.3 4 3.7
v 2.2 4 3.7
v 2.1 4 3.7
v 2 4 3.7
v 1.9 4 3.7
v 1.8 4 3.7
v 1.7 4 3.7
v 1.6 4 3.7
v 1.5 3.9 3.7
v 1.4 3.9 3.7
v 1.4 3.9 3.9
v 1.5 3.9 3.9
v 0.7 3.9 3.7
v 0.6 3.9 3.7
v 0.6 3.9 3.9
v 0.7 3.9 3.9
v 0.5 3.9 3.7
v 0.5 3.9 4
v 0.6 3.9 4
v -1.6 4 3.7
v -1.7 4 3.7
v -1.8 4 3.7
v -1.9 4 3.7
v -2 4 3.7
v -2.1 4 3.7
v -2.2 4 3.7
v 4 4 3.6
v 3.9 4 3.6
v 3.8 4 3.6
v 3.7 4 3.6
v 3.6 4 3.6
v 3.5 4 3.6
v 3.4 4 3.6
v 3.3 4 3.6
v 3.2 4 3.6
v 3.1 4 3.6
v 3 4 3.6
v 2.9 4 3.6
v 2.8 4 3.6
v 2.7 4 3.6
v 2.6 4 3.6
v 2.5 4 3.6
v 2.4 4 3.6
v 2.3 4 3.6
v 2.2 4 3.6
v 2.1 4 3.6
v 2 4 3.6
v 1.9 4 3.6
v 1.8 4 3.6
v 1.3 3.9 3.6
v 1.2 3.9 3.6
v 1.2 3.9 3.9
v 1.3 3.9 3.9
v 0.2 3.9 3.6
v 0.1 3.9 3.6
v 0.1 3.9 4
v 0.2 3.9 4
v -0.4 3.9 3.6
v -0.5 3.9 3.6
v -0.5 3.9 4
v -0.4 3.9 4
v -0.6 3.9 3.6
v -0.6 3.9 3.9
v -0.5 3.9 3.9
v -1.1 3.9 3.6
v -1.2 3.9 3.6
v -1.2 3.9 3.9
v -1.1 3.9 3.9
v -1.8 4 3.6
v -1.9 4 3.6
v -2 4 3.6
v -2.1 4 3.6
v -2.2 4 3.6
v 4 4 3.5
v 3.9 4 3.5
v 3.8 4 3.5
v 3.7 4 3.5
v 3.6 4 3.5
v 3.5 4 3.5
v 3.4 4 3.5
v 3.3 4 3.5
v 3.2 4 3.5
v 3.1 4 3.5
v 3 4 3.5
v 2.9 4 3.5
v 2.8 4 3.5
v 2.7 4 3.5
v 2.6 4 3.5
v 2.5 4 3.5
v 2.4 4 3.5
v 2 4 3.5
v 1.9 4 3.5
v 1.8 4 3.5
v 1.4 3.9 3.5
v 1.3 3.9 3.5
v 1 3.9 3.5
v 0.9 3.9 3.5
v 0.9 3.9 4
v 1 3.9 4
v 0.7 4 3.5
v 0.5 4 3.5
v 0.5 4 3.7
v 0.7 4 3.7
v 0.2 4 3.5
v 0.1 4 3.5
v 0.1 4 3.6
v 0.2 4 3.6
v -0.1 3.9 3.5
v -0.2 3.9 3.5
v -0.2 3.9 3.9
v -0.1 3.9 3.9
v -0.3 3.9 3.5
v -0.3 3.9 4
v -0.2 3.9 4
v -0.4 3.9 3.5
v -0.4 3.9 3.9
v -0.3 3.9 3.9
v -0.6 3.9 3.5
v -0.7 3.9 3.5
v -0.7 3.9 4
v -0.6 3.9 4
v -1.1 4 3.5
v -1.2 4 3.5
v -1.2 4 3.6
v -1.1 4 3.6
v -1.8 4 3.5
v -1.9 4 3.5
v -2 4 3.5
v 4 4 3.4
v 3.9 4 3.4
v 3.8 4 3.4
v 3.7 4 3.4
v 3.6 4 3.4
v 3.5 4 3.4
v 3.4 4 3.4
v 3.3 4 3.4
v 3.2 4 3.4
v 3.1 4 3.4
v 3 4 3.4
v 2.9 4 3.4
v 2.8 4 3.4
v 2.7 4 3.4
v 2 4 3.4
v 1.9 4 3.4
v 1.8 4 3.4
v 1 4 3.4
v 0.9 4 3.4
v 0.9 4 3.5
v 1 4 3.5
v 0 3.9 3.4
v -0.1 3.9 3.4
v -0.1 3.9 4
v 0 3.9 4
v -0.7 3.9 3.4
v -0.8 3.9 3.4
v -0.8 3.9 3.9
v -0.7 3.9 3.9
v -1.3 3.9 3.4
v -1.4 3.9 3.4
v -1.3 3.9 3.9
v -1.8 4 3.4
v -1.9 4 3.4
v -2 4 3.4
v 4 4 3.3
v 3.9 4 3.3
v 3.8 4 3.3
v 3.7 4 3.3
v 3.6 4 3.3
v 3.5 4 3.3
v 3.4 4 3.3
v 3.3 4 3.3
v 3.2 4 3.3
v 3.1 4 3.3
v 3 4 3.3
v 2 4 3.3
v 1.9 4 3.3
v 1.8 4 3.3
v 1.1 3.9 3.3
v 1 3.9 3.3
v 1 3.9 3.9
v 1.1 3.9 3.9
v 0.9 3.9 3.3
v 0.9 3.9 3.4
v 1 3.9 3.4
v -1.2 3.9 3.3
v -1.3 3.9 3.3
v -1.3 3.9 4
v -1.2 3.9 4
v -1.4 3.9 3.3
v -1.5 3.9 3.3
v -1.8 4 3.3
v -1.9 4 3.3
v -2 4 3.3
v 4 4 3.2
v 3.9 4 3.2
v 3.8 4 3.2
v 3.7 4 3.2
v 3.6 4 3.2
v 3.5 4 3.2
v 3.4 4 3.2
v 3.3 4 3.2
v 3.2 4 3.2
v 3.1 4 3.2
v 2 4 3.2
v 1.9 4 3.2
v 1.8 4 3.2
v 0.6 3.9 3.2
v 0.5 3.9 3.2
v 0.5 3.9 3.5
v 0.6 3.9 3.5
v 0.4 3.9 3.2
v 0.4 3.9 3.9
v 0.5 3.9 3.9
v 0 4 3.2
v -0.1 4 3.2
v -0.1 4 3.4
v 0 4 3.4
v -0.7 4 3.2
v -0.8 4 3.2
v -0.8 4 3.4
v -0.7 4 3.4
v -1.3 3.9 3.2
v -1.4 3.9 3.2
v -1.8 4 3.2
v -1.9 4 3.2
v -2 4 3.2
v 4 4 3.1
v 3.9 4 3.1
v 3.8 4 3.1
v 3.7 4 3.1
v 3.6 4 3.1
v 3.5 4 3.1
v 3.4 4 3.1
v 3.3 4 3.1
v 3.2 4 3.1
v 2 4 3.1
v 1.9 4 3.1
v 1.8 4 3.1
v 1.4 3.8 3.1
v 1.3 3.8 3.1
v 1.3 3.8 3.5
v 1.4 3.8 3.5
v 1.4 4 3.1
v 1.3 4 3.1
v 1.3 4 3.5
v 1.4 4 3.5
v 1.1 4 3.1
v 0.9 4 3.1
v 0.9 4 3.3
v 1.1 4 3.3
v -1.8 4 3.1
v -1.9 4 3.1
v -2 4 3.1
v 4 4 3
v 3.9 4 3
v 3.8 4 3
v 3.7 4 3
v 3.6 4 3
v 3.5 4 3
v 3.4 4 3
v 3.3 4 3
v 2 4 3
v 1.9 4 3
v 1.8 4 3
v 1.3 3.9 3
v 1.2 3.9 3
v 0.6 4 3
v 0.4 4 3
v 0.4 4 3.2
v 0.6 4 3.2
v -0.1 4 3
v -0.4 4 3
v -0.4 4 3.5
v -0.1 4 3.5
v -0.5 4 3
v -0.6 4 3
v -0.6 4 3.6
v -0.5 4 3.6
v -0.7 4 3
v -0.7 4 3.5
v -0.6 4 3.5
v -1.3 4 3
v -1.4 4 3
v -1.4 4 3.2
v -1.3 4 3.2
v -1.8 4 3
v -1.9 4 3
v -2 4 3
v 4 4 2.9
v 3.9 4 2.9
v 3.8 4 2.9
v 3.7 4 2.9
v 3.6 4 2.9
v 3.5 4 2.9
v 3.4 4 2.9
v 2 4 2.9
v 1.9 4 2.9
v 1.8 4 2.9
v 1.5 3.8 2.9
v 1.4 3.8 2.9
v 1.4 3.8 3.7
v 1.5 3.8 3.7
v 1.5 4 2.9
v 1.4 4 2.9
v 1.4 4 3.7
v 1.5 4 3.7
v -0.4 4 2.9
v -0.5 4 2.9
v -0.4 4 3.6
v -0.9 3.9 2.9
v -1 3.9 2.9
v -1 3.9 3.9
v -0.9 3.9 3.9
v -1.8 4 2.9
v -1.9 4 2.9
v -2 4 2.9
v 4 4 2.8
v 3.9 4 2.8
v 3.8 4 2.8
v 3.7 4 2.8
v 3.6 4 2.8
v 3.5 4 2.8
v 3.4 4 2.8
v 2 4 2.8
v 1.9 4 2.8
v 1.8 4 2.8
v 1.4 3.9 2.8
v 1.3 3.9 2.8
v 1.3 3.9 3.1
v 1.4 3.9 3.1
v -0.9 4 2.8
v -1 4 2.8
v -1 4 2.9
v -0.9 4 2.9
v -1.3 3.9 2.8
v -1.4 3.9 2.8
v -1.4 3.9 3
v -1.3 3.9 3
v -1.8 4 2.8
v -1.9 4 2.8
v -2 4 2.8
v 4 4 2.7
v 3.9 4 2.7
v 3.8 4 2.7
v 3.7 4 2.7
v 3.6 4 2.7
v 3.5 4 2.7
v 3.4 4 2.7
v 2 4 2.7
v 1.9 4 2.7
v 1.8 4 2.7
v 0.1 3.9 2.7
v 0 3.9 2.7
v 0 3.9 3.9
v 0.1 3.9 3.9
v -0.4 3.9 2.7
v -0.5 3.9 2.7
v -0.5 3.9 2.9
v -0.4 3.9 2.9
v -0.7 3.9 2.7
v -0.7 3.9 3
v -0.5 3.9 3
v -1.3 4 2.7
v -1.4 4 2.7
v -1.4 4 2.8
v -1.3 4 2.8
v -1.8 4 2.7
v -1.9 4 2.7
v -2 4 2.7
v 4 4 2.6
v 3.9 4 2.6
v 3.8 4 2.6
v 3.7 4 2.6
v 3.6 4 2.6
v 3.5 4 2.6
v 2 4 2.6
v 1.9 4 2.6
v 1.8 4 2.6
v 1.4 3.9 2.6
v 1.3 3.9 2.6
v 0.8 3.9 2.6
v 0.7 3.9 2.6
v 0.7 3.9 4
v 0.8 3.9 4
v 0.6 3.9 2.6
v 0.7 3.9 3.5
v 0.4 3.9 2.6
v 0.4 3.9 3
v 0.6 3.9 3
v 0.1 4 2.6
v 0 4 2.6
v 0 4 2.7
v 0.1 4 2.7
v -1.2 3.9 2.6
v -1.3 3.9 2.6
v -1.4 3.8 2.6
v -1.5 3.8 2.6
v -1.5 3.8 3.3
v -1.4 3.8 3.3
v -1.4 4 2.6
v -1.5 4 2.6
v -1.5 4 3.3
v -1.4 4 3.3
v -1.8 4 2.6
v -1.9 4 2.6
v -2 4 2.6
v 4 4 2.5
v 3.9 4 2.5
v 3.8 4 2.5
v 3.7 4 2.5
v 3.6 4 2.5
v 3.5 4 2.5
v 2 4 2.5
v 1.9 4 2.5
v 1.8 4 2.5
v 1.5 3.9 2.5
v 1.4 3.9 2.5
v 1.4 3.9 2.9
v 1.5 3.9 2.9
v -0.4 4 2.5
v -0.6 4 2.5
v -0.6 4 2.7
v -0.4 4 2.7
v -1.3 3.9 2.5
v -1.4 3.9 2.5
v -1.4 3.9 2.7
v -1.3 3.9 2.7
v -1.8 4 2.5
v -1.9 4 2.5
v -2 4 2.5
v 4 4 2.4
v 3.9 4 2.4
v 3.8 4 2.4
v 3.7 4 2.4
v 3.6 4 2.4
v 3.5 4 2.4
v 2 4 2.4
v 1.9 4 2.4
v 1.8 4 2.4
v 0.9 3.9 2.4
v 0.8 3.9 2.4
v 0.8 3.9 3.9
v 0.9 3.9 3.9
v 0.4 3.9 2.4
v 0.3 3.9 2.4
v 0.3 3.9 4
v 0.4 3.9 4
v 0.2 3.9 2.4
v 0.2 3.9 3.9
v 0.3 3.9 3.9
v 0.1 3.9 2.4
v 0.1 3.9 3.5
v 0.2 3.9 3.5
v -1.8 4 2.4
v -1.9 4 2.4
v -2 4 2.4
v 4 4 2.3
v 3.9 4 2.3
v 3.8 4 2.3
v 3.7 4 2.3
v 3.6 4 2.3
v 2 4 2.3
v 1.9 4 2.3
v 1.8 4 2.3
v 1.5 3.8 2.3
v 1.4 3.8 2.3
v 1.4 3.8 2.5
v 1.5 3.8 2.5
v 1.5 4 2.3
v 1.4 4 2.3
v 1.4 4 2.5
v 1.5 4 2.5
v -1.8 4 2.3
v -1.9 4 2.3
v -2 4 2.3
v 4 4 2.2
v 3.9 4 2.2
v 3.8 4 2.2
v 3.7 4 2.2
v 3.6 4 2.2
v 2 4 2.2
v 1.9 4 2.2
v 1.8 4 2.2
v 1.4 3.9 2.2
v 1.3 3.9 2.2
v -0.5 3.9 2.2
v -0.6 3.9 2.2
v -0.6 3.9 2.5
v -0.5 3.9 2.5
v -0.7 3.9 2.2
v -0.6 3.9 2.7
v -1.8 4 2.2
v -1.9 4 2.2
v -2 4 2.2
v 4 4 2.1
v 3.9 4 2.1
v 3.8 4 2.1
v 3.7 4 2.1
v 3.6 4 2.1
v 2 4 2.1
v 1.9 4 2.1
v 1.8 4 2.1
v 0.9 4 2.1
v 0.8 4 2.1
v 0.8 4 2.4
v 0.9 4 2.4
v 0.1 3.9 2.1
v 0 3.9 2.1
v 0 3.9 2.6
v 0.1 3.9 2.6
v -0.1 3.9 2.1
v -0.1 3.9 3.2
v 0 3.9 3.2
v -0.4 3.9 2.1
v -0.4 3.9 3
v -0.1 3.9 3
v -0.6 4 2.1
v -0.7 4 2.1
v -0.7 4 2.2
v -0.6 4 2.2
v -1.3 3.9 2.1
v -1.4 3.9 2.1
v -1.8 4 2.1
v -1.9 4 2.1
v -2 4 2.1
v 4 4 2
v 3.9 4 2
v 3.8 4 2
v 3.7 4 2
v 3.6 4 2
v 2 4 2
v 1.9 4 2
v 1.8 4 2
v 1.4 3.9 2
v 1.3 3.9 2
v -0.5 4 2
v -0.6 4 2
v -0.5 4 2.2
v -0.9 3.9 2
v -1 3.9 2
v -1 3.9 2.8
v -0.9 3.9 2.8
v -1.4 3.9 2
v -1.5 3.9 2
v -1.5 3.9 2.6
v -1.4 3.9 2.6
v -1.8 4 2
v -1.9 4 2
v -2 4 2
v 4 4 1.9
v 3.9 4 1.9
v 3.8 4 1.9
v 3.7 4 1.9
v 3.6 4 1.9
v 2 4 1.9
v 1.9 4 1.9
v 1.8 4 1.9
v 1.5 3.9 1.9
v 1.4 3.9 1.9
v 1.4 3.9 2.3
v 1.5 3.9 2.3
v -1.8 4 1.9
v -1.9 4 1.9
v -2 4 1.9
v 4 4 1.8
v 3.9 4 1.8
v 3.8 4 1.8
v 3.7 4 1.8
v 2 4 1.8
v 1.9 4 1.8
v 1.8 4 1.8
v -0.1 4 1.8
v -0.2 4 1.8
v -0.2 4 2.1
v -0.1 4 2.1
v -0.9 4 1.8
v -1 4 1.8
v -1 4 2
v -0.9 4 2
v -1.8 4 1.8
v -1.9 4 1.8
v -2 4 1.8
v 4 4 1.7
v 3.9 4 1.7
v 3.8 4 1.7
v 3.7 4 1.7
v 2 4 1.7
v 1.9 4 1.7
v 1.8 4 1.7
v 0.9 3.9 1.7
v 0.8 3.9 1.7
v 0.8 3.9 2.1
v 0.9 3.9 2.1
v -1.8 4 1.7
v -1.9 4 1.7
v -2 4 1.7
v 4 4 1.6
v 3.9 4 1.6
v 3.8 4 1.6
v 3.7 4 1.6
v 2 4 1.6
v 1.9 4 1.6
v 1.8 4 1.6
v 0.1 4 1.6
v -0.1 4 1.6
v 0.1 4 2.1
v -0.5 3.9 1.6
v -0.6 3.9 1.6
v -0.6 3.9 2
v -0.5 3.9 2
v -0.7 3.9 1.6
v -0.7 3.9 2.1
v -0.6 3.9 2.1
v -1.8 4 1.6
v -1.9 4 1.6
v -2 4 1.6
v 4 4 1.5
v 3.9 4 1.5
v 3.8 4 1.5
v 3.7 4 1.5
v 2 4 1.5
v 1.9 4 1.5
v 1.8 4 1.5
v -0.7 3.9 1.5
v -0.8 3.9 1.5
v -0.8 3.9 3.2
v -0.7 3.9 3.2
v -0.9 3.9 1.5
v -0.9 3.9 4
v -0.8 3.9 4
v -1.8 4 1.5
v -1.9 4 1.5
v -2 4 1.5
v 4 4 1.4
v 3.9 4 1.4
v 3.8 4 1.4
v 3.7 4 1.4
v 2 4 1.4
v 1.9 4 1.4
v 1.8 4 1.4
v 1.5 3.8 1.4
v 1.4 3.8 1.4
v 1.4 3.8 1.9
v 1.5 3.8 1.9
v 1.5 4 1.4
v 1.4 4 1.4
v 1.4 4 1.9
v 1.5 4 1.9
v 0.9 4 1.4
v 0.8 4 1.4
v 0.8 4 1.7
v 0.9 4 1.7
v -1.8 4 1.4
v -1.9 4 1.4
v -2 4 1.4
v 4 4 1.3
v 3.9 4 1.3
v 3.8 4 1.3
v 3.7 4 1.3
v 2 4 1.3
v 1.9 4 1.3
v 1.8 4 1.3
v 1.4 3.9 1.3
v 1.3 3.9 1.3
v 0.8 4 1.3
v 0.4 4 1.3
v 0.4 4 2.6
v 0.8 4 2.6
v 0.3 4 1.3
v 0.1 4 1.3
v 0.1 4 2.4
v 0.3 4 2.4
v -0.4 3.9 1.3
v -0.5 3.9 1.3
v -0.4 3.9 2.5
v -0.8 4 1.3
v -0.9 4 1.3
v -0.9 4 1.5
v -0.8 4 1.5
v -1.8 4 1.3
v -1.9 4 1.3
v -2 4 1.3
v 4 4 1.2
v 3.9 4 1.2
v 3.8 4 1.2
v 3.7 4 1.2
v 2 4 1.2
v 1.9 4 1.2
v 1.8 4 1.2
v -0.7 4 1.2
v -0.8 4 1.2
v -0.7 4 1.5
v -1.4 4 1.2
v -1.5 4 1.2
v -1.5 4 2
v -1.4 4 2
v -1.8 4 1.2
v -1.9 4 1.2
v -2 4 1.2
v 4 4 1.1
v 3.9 4 1.1
v 3.8 4 1.1
v 3.7 4 1.1
v 2 4 1.1
v 1.9 4 1.1
v 1.8 4 1.1
v 1.4 3.9 1.1
v 1.3 3.9 1.1
v 1 3.9 1.1
v 0.9 3.9 1.1
v 0.9 3.9 3.1
v 1 3.9 3.1
v 0.5 4 1.1
v 0.4 4 1.1
v 0.5 4 1.3
v 0.3 4 1.1
v 0.4 4 2.4
v -1.3 3.9 1.1
v -1.4 3.9 1.1
v -1.8 4 1.1
v -1.9 4 1.1
v -2 4 1.1
v 4 4 1
v 3.9 4 1
v 3.8 4 1
v 3.7 4 1
v 2 4 1
v 1.9 4 1
v 1.8 4 1
v 1.5 3.9 1
v 1.4 3.9 1
v 1.4 3.9 1.4
v 1.5 3.9 1.4
v 1 4 1
v 0.9 4 1
v 0.9 4 1.1
v 1 4 1.1
v -0.4 4 1
v -0.5 4 1
v -0.5 4 1.3
v -0.4 4 1.3
v -0.7 4 1
v -0.7 4 1.6
v -0.5 4 1.6
v -1.8 4 1
v -1.9 4 1
v -2 4 1
v 4 4 0.9
v 3.9 4 0.9
v 3.8 4 0.9
v 3.7 4 0.9
v 2 4 0.9
v 1.9 4 0.9
v 1.8 4 0.9
v 0 3.9 0.9
v -0.1 3.9 0.9
v -0.1 3.9 1.6
v 0 3.9 1.6
v -1.8 4 0.9
v -1.9 4 0.9
v -2 4 0.9
v 4 4 0.8
v 3.9 4 0.8
v 3.8 4 0.8
v 3.7 4 0.8
v 2 4 0.8
v 1.9 4 0.8
v 1.8 4 0.8
v 1.3 3.9 0.8
v 1.2 3.9 0.8
v 0 4 0.8
v -0.1 4 0.8
v -0.1 4 0.9
v 0 4 0.9
v -0.4 3.9 0.8
v -0.7 3.9 0.8
v -0.7 3.9 1
v -0.4 3.9 1
v -0.9 3.9 0.8
v -1 3.9 0.8
v -1 3.9 1.8
v -0.9 3.9 1.8
v -1.1 3.9 0.8
v -1.1 3.9 4
v -1 3.9 4
v -1.8 4 0.8
v -1.9 4 0.8
v -2 4 0.8
v 4 4 0.7
v 3.9 4 0.7
v 3.8 4 0.7
v 3.7 4 0.7
v 2 4 0.7
v 1.9 4 0.7
v 1.8 4 0.7
v 1.4 3.9 0.7
v 1.3 3.9 0.7
v 0.7 3.9 0.7
v 0.5 3.9 0.7
v 0.5 3.9 1.3
v 0.7 3.9 1.3
v 0.3 3.9 0.7
v 0.3 3.9 1.1
v 0.5 3.9 1.1
v -0.3 3.9 0.7
v -0.4 3.9 0.7
v -0.3 3.9 2.1
v -0.5 3.9 0.7
v -0.7 3.9 0.7
v -0.5 3.9 0.8
v -1.8 4 0.7
v -1.9 4 0.7
v -2 4 0.7
v 4 4 0.6
v 3.9 4 0.6
v 3.8 4 0.6
v 3.7 4 0.6
v 2 4 0.6
v 1.9 4 0.6
v 1.8 4 0.6
v 0.8 3.9 0.6
v 0.7 3.9 0.6
v 0.8 3.9 1.3
v 0.4 3.9 0.6
v 0.3 3.9 0.6
v 0.4 3.9 0.7
v -0.2 3.9 0.6
v -0.3 3.9 0.6
v -0.2 3.9 2.1
v -0.6 3.9 0.6
v -0.7 3.9 0.6
v -0.6 3.9 0.7
v -0.9 4 0.6
v -1.1 4 0.6
v -1.1 4 0.8
v -0.9 4 0.8
v -1.8 4 0.6
v -1.9 4 0.6
v -2 4 0.6
v 4 4 0.5
v 3.9 4 0.5
v 3.8 4 0.5
v 3.7 4 0.5
v 2 4 0.5
v 1.9 4 0.5
v 1.8 4 0.5
v 1.5 3.8 0.5
v 1.4 3.8 0.5
v 1.4 3.8 1
v 1.5 3.8 1
v 1.5 4 0.5
v 1.4 4 0.5
v 1.4 4 1
v 1.5 4 1
v 0.8 4 0.5
v 0.7 4 0.5
v 0.7 4 0.6
v 0.8 4 0.6
v -0.1 3.9 0.5
v -0.2 3.9 0.5
v -0.2 3.9 1.8
v -0.1 3.9 1.8
v -1.8 4 0.5
v -1.9 4 0.5
v -2 4 0.5
v 4 4 0.4
v 3.9 4 0.4
v 3.8 4 0.4
v 3.7 4 0.4
v 2 4 0.4
v 1.9 4 0.4
v 1.8 4 0.4
v 0.7 4 0.4
v 0.4 4 0.4
v 0.4 4 0.7
v 0.7 4 0.7
v 0.3 3.9 0.4
v 0.1 3.9 0.4
v 0.1 3.9 1.3
v 0.3 3.9 1.3
v -1.3 3.9 0.4
v -1.4 3.9 0.4
v -1.8 4 0.4
v -1.9 4 0.4
v -2 4 0.4
v 4 4 0.3
v 3.9 4 0.3
v 2 4 0.3
v 1.9 4 0.3
v 1.8 4 0.3
v 1.4 3.8 0.3
v 1.3 3.8 0.3
v 1.3 3.8 0.7
v 1.4 3.8 0.7
v 1.4 4 0.3
v 1.3 4 0.3
v 1.3 4 0.7
v 1.4 4 0.7
v -0.1 4 0.3
v -0.2 4 0.3
v -0.2 4 0.5
v -0.1 4 0.5
v -0.6 4 0.3
v -0.7 4 0.3
v -0.7 4 0.6
v -0.6 4 0.6
v -1.4 3.9 0.3
v -1.5 3.9 0.3
v -1.5 3.9 1.2
v -1.4 3.9 1.2
v -1.8 4 0.3
v -1.9 4 0.3
v -2 4 0.3
v 4 4 0.2
v 3.9 4 0.2
v 3.8 4 0.2
v 3.7 4 0.2
v 2 4 0.2
v 1.9 4 0.2
v 1.8 4 0.2
v 1.4 3.9 0.2
v 1.3 3.9 0.2
v 1.3 3.9 0.3
v 1.4 3.9 0.3
v 1.2 3.9 0.2
v 0.6 4 0.2
v 0.4 4 0.2
v 0.6 4 0.4
v 0.3 4 0.2
v 0.2 4 0.2
v 0.2 4 0.4
v 0.3 4 0.4
v -0.2 4 0.2
v -0.3 4 0.2
v -0.3 4 0.6
v -0.2 4 0.6
v -0.4 4 0.2
v -0.4 4 0.7
v -0.3 4 0.7
v -1.8 4 0.2
v -1.9 4 0.2
v -2 4 0.2
v 4 4 0.1
v 3.9 4 0.1
v 3.8 4 0.1
v 3.7 4 0.1
v 2 4 0.1
v 1.9 4 0.1
v 1.8 4 0.1
v 0.9 3.9 0.1
v 0.8 3.9 0.1
v 0.8 3.9 1.4
v 0.9 3.9 1.4
v 0.7 3.9 0.1
v 0.7 3.9 0.5
v 0.8 3.9 0.5
v -1.2 3.9 0.1
v -1.3 3.9 0.1
v -1.8 4 0.1
v -1.9 4 0.1
v -2 4 0.1
v 4 4 0
v 3.9 4 0
v 2 4 0
v 1.9 4 0
v 1.8 4 0
v 0.5 4 0
v 0.4 4 0
v 0.5 4 0.2
v 0.3 4 0
v 0.3 4 0.6
v 0.4 4 0.6
v -0.4 4 0
v -0.5 4 0
v -0.5 4 0.8
v -0.4 4 0.8
v -0.6 4 0
v -0.6 4 0.7
v -0.5 4 0.7
v -0.9 3.9 0
v -1.1 3.9 0
v -1.1 3.9 0.6
v -0.9 3.9 0.6
v -1.3 3.9 0
v -1.4 3.9 0
v -1.8 4 0
v -1.9 4 0
v -2 4 0
v 4 4 -0.1
v 3.9 4 -0.1
v 3.8 4 -0.1
v 3.7 4 -0.1
v 2 4 -0.1
v 1.9 4 -0.1
v 1.8 4 -0.1
v 1.4 3.9 -0.1
v 1.2 3.9 -0.1
v 1 3.9 -0.1
v 0.9 3.9 -0.1
v 0.9 3.9 1
v 1 3.9 1
v -1.8 4 -0.1
v -1.9 4 -0.1
v -2 4 -0.1
v 4 4 -0.2
v 3.9 4 -0.2
v 3.8 4 -0.2
v 3.7 4 -0.2
v 2 4 -0.2
v 1.9 4 -0.2
v 1.8 4 -0.2
v 1.5 3.9 -0.2
v 1.4 3.9 -0.2
v 1.4 3.9 0.5
v 1.5 3.9 0.5
v 1.3 3.9 -0.2
v 1.2 3.9 -0.2
v 1.3 3.9 -0.1
v 0.9 4 -0.2
v 0.7 4 -0.2
v 0.7 4 0.1
v 0.9 4 0.1
v -0.9 4 -0.2
v -1 4 -0.2
v -1 4 0
v -0.9 4 0
v -1.8 4 -0.2
v -1.9 4 -0.2
v -2 4 -0.2
v 4 4 -0.3
v 3.9 4 -0.3
v 2 4 -0.3
v 1.9 4 -0.3
v 1.8 4 -0.3
v 1.4 3.9 -0.3
v 1.3 3.9 -0.3
v 1 4 -0.3
v 0.9 4 -0.3
v 0.9 4 -0.1
v 1 4 -0.1
v -1.3 4 -0.3
v -1.4 4 -0.3
v -1.4 4 0
v -1.3 4 0
v -1.8 4 -0.3
v -1.9 4 -0.3
v -2 4 -0.3
v 4 4 -0.4
v 3.9 4 -0.4
v 3.8 4 -0.4
v 3.7 4 -0.4
v 2 4 -0.4
v 1.9 4 -0.4
v 1.8 4 -0.4
v 0.5 3.9 -0.4
v 0.3 3.9 -0.4
v 0.3 3.9 0
v 0.5 3.9 0
v -0.4 3.9 -0.4
v -0.6 3.9 -0.4
v -0.6 3.9 0
v -0.4 3.9 0
v -1.2 3.9 -0.4
v -1.3 3.9 -0.4
v -1.4 4 -0.4
v -1.5 4 -0.4
v -1.5 4 0.3
v -1.4 4 0.3
v -1.8 4 -0.4
v -1.9 4 -0.4
v -2 4 -0.4
v 4 4 -0.5
v 3.9 4 -0.5
v 3.8 4 -0.5
v 3.7 4 -0.5
v 2 4 -0.5
v 1.9 4 -0.5
v 1.8 4 -0.5
v 0.6 3.9 -0.5
v 0.5 3.9 -0.5
v 0.5 3.9 0.2
v 0.6 3.9 0.2
v 0.3 3.9 -0.5
v 0.2 3.9 -0.5
v 0.2 3.9 0.2
v 0.3 3.9 0.2
v -0.1 3.9 -0.5
v -0.2 3.9 -0.5
v -0.2 3.9 0.3
v -0.1 3.9 0.3
v -0.6 3.9 -0.5
v -0.7 3.9 -0.5
v -0.7 3.9 0.3
v -0.6 3.9 0.3
v -1.3 3.9 -0.5
v -1.4 3.9 -0.5
v -1.4 3.9 -0.3
v -1.3 3.9 -0.3
v -1.8 4 -0.5
v -1.9 4 -0.5
v -2 4 -0.5
v 4 4 -0.6
v 3.9 4 -0.6
v 3.8 4 -0.6
v 3.7 4 -0.6
v 2 4 -0.6
v 1.9 4 -0.6
v 1.8 4 -0.6
v -0.1 4 -0.6
v -0.2 4 -0.6
v -0.2 4 -0.5
v -0.1 4 -0.5
v -0.4 4 -0.6
v -0.6 4 -0.6
v -0.6 4 -0.4
v -0.4 4 -0.4
v -0.7 3.9 -0.6
v -0.8 3.9 -0.6
v -0.8 3.9 1.2
v -0.7 3.9 1.2
v -1.8 4 -0.6
v -1.9 4 -0.6
v -2 4 -0.6
v 4 4 -0.7
v 3.9 4 -0.7
v 3.8 4 -0.7
v 3.7 4 -0.7
v 2 4 -0.7
v 1.9 4 -0.7
v 1.8 4 -0.7
v 1.4 3.8 -0.7
v 1.3 3.8 -0.7
v 1.3 3.8 -0.3
v 1.4 3.8 -0.3
v 1.4 4 -0.7
v 1.3 4 -0.7
v 1.3 4 -0.3
v 1.4 4 -0.3
v 0.7 3.9 -0.7
v 0.6 3.9 -0.7
v 0.6 3.9 0.4
v 0.7 3.9 0.4
v -1.8 4 -0.7
v -1.9 4 -0.7
v -2 4 -0.7
v 4 4 -0.8
v 3.9 4 -0.8
v 3.8 4 -0.8
v 3.7 4 -0.8
v 2 4 -0.8
v 1.9 4 -0.8
v 1.8 4 -0.8
v 1.5 3.8 -0.8
v 1.4 3.8 -0.8
v 1.4 3.8 -0.2
v 1.5 3.8 -0.2
v 1.5 4 -0.8
v 1.4 4 -0.8
v 1.4 4 -0.2
v 1.5 4 -0.2
v 1.3 3.9 -0.8
v 1.2 3.9 -0.8
v -0.7 4 -0.8
v -0.8 4 -0.8
v -0.8 4 -0.6
v -0.7 4 -0.6
v -1.8 4 -0.8
v -1.9 4 -0.8
v -2 4 -0.8
v 4 4 -0.9
v 3.9 4 -0.9
v 3.8 4 -0.9
v 3.7 4 -0.9
v 2 4 -0.9
v 1.9 4 -0.9
v 1.8 4 -0.9
v 1.4 3.9 -0.9
v 1.3 3.9 -0.9
v 1.3 3.9 -0.7
v 1.4 3.9 -0.7
v 1.1 3.9 -0.9
v 1 3.9 -0.9
v 1.1 3.9 3.1
v 0.8 3.9 -0.9
v 0.7 3.9 -0.9
v 0.7 3.9 -0.2
v 0.8 3.9 -0.2
v 0.2 3.9 -0.9
v 0.1 3.9 -0.9
v 0.2 3.9 0.4
v -0.5 4 -0.9
v -0.6 4 -0.9
v -0.5 4 -0.6
v -0.7 4 -0.9
v -0.7 4 -0.5
v -0.6 4 -0.5
v -1.3 3.9 -0.9
v -1.4 3.9 -0.9
v -1.8 4 -0.9
v -1.9 4 -0.9
v -2 4 -0.9
v 4 4 -1
v 3.9 4 -1
v 3.8 4 -1
v 3.7 4 -1
v 2 4 -1
v 1.9 4 -1
v 1.8 4 -1
v 1.1 4 -1
v 1 4 -1
v 1 4 -0.9
v 1.1 4 -0.9
v 0.1 3.9 -1
v 0 3.9 -1
v 0.1 3.9 1.6
v -0.1 3.9 -1
v -0.1 3.9 0.8
v 0 3.9 0.8
v -1.4 3.9 -1
v -1.5 3.9 -1
v -1.5 3.9 -0.4
v -1.4 3.9 -0.4
v -1.8 4 -1
v -1.9 4 -1
v -2 4 -1
v 4 4 -1.1
v 3.9 4 -1.1
v 3.8 4 -1.1
v 3.7 4 -1.1
v 2 4 -1.1
v 1.9 4 -1.1
v 1.8 4 -1.1
v 0.9 3.9 -1.1
v 0.8 3.9 -1.1
v 0.9 3.9 -0.2
v -0.1 3.9 -1.1
v -0.2 3.9 -1.1
v -0.2 3.9 -0.6
v -0.1 3.9 -0.6
v -1.8 4 -1.1
v -1.9 4 -1.1
v -2 4 -1.1
v 4 4 -1.2
v 3.9 4 -1.2
v 3.8 4 -1.2
v 3.7 4 -1.2
v 2 4 -1.2
v 1.9 4 -1.2
v 1.8 4 -1.2
v -0.8 3.9 -1.2
v -0.9 3.9 -1.2
v -0.9 3.9 1.3
v -0.8 3.9 1.3
v -1 3.9 -1.2
v -1 3.9 -0.2
v -0.9 3.9 -0.2
v -1.8 4 -1.2
v -1.9 4 -1.2
v -2 4 -1.2
v 4 4 -1.3
v 3.9 4 -1.3
v 3.8 4 -1.3
v 3.7 4 -1.3
v 2 4 -1.3
v 1.9 4 -1.3
v 1.8 4 -1.3
v -0.2 3.9 -1.3
v -0.4 3.9 -1.3
v -0.4 3.9 0.2
v -0.2 3.9 0.2
v -1.8 4 -1.3
v -1.9 4 -1.3
v -2 4 -1.3
v 4 4 -1.4
v 3.9 4 -1.4
v 3.8 4 -1.4
v 3.7 4 -1.4
v 2 4 -1.4
v 1.9 4 -1.4
v 1.8 4 -1.4
v 1.4 3.9 -1.4
v 1.3 3.9 -1.4
v 0.9 4 -1.4
v 0.8 4 -1.4
v 0.8 4 -1.1
v 0.9 4 -1.1
v -0.4 3.9 -1.4
v -0.5 3.9 -1.4
v -0.5 3.9 -0.6
v -0.4 3.9 -0.6
v -0.7 3.9 -1.4
v -0.7 3.9 -0.9
v -0.5 3.9 -0.9
v -0.8 4 -1.4
v -1 4 -1.4
v -1 4 -1.2
v -0.8 4 -1.2
v -1.2 3.9 -1.4
v -1.3 3.9 -1.4
v -1.8 4 -1.4
v -1.9 4 -1.4
v -2 4 -1.4
v 4 4 -1.5
v 3.9 4 -1.5
v 3.8 4 -1.5
v 3.7 4 -1.5
v 2 4 -1.5
v 1.9 4 -1.5
v 1.8 4 -1.5
v 1.5 3.9 -1.5
v 1.4 3.9 -1.5
v 1.4 3.9 -0.8
v 1.5 3.9 -0.8
v -1.3 3.9 -1.5
v -1.4 3.9 -1.5
v -1.8 4 -1.5
v -1.9 4 -1.5
v -2 4 -1.5
v 4 4 -1.6
v 3.9 4 -1.6
v 3.8 4 -1.6
v 3.7 4 -1.6
v 2 4 -1.6
v 1.9 4 -1.6
v 1.8 4 -1.6
v -1.8 4 -1.6
v -1.9 4 -1.6
v -2 4 -1.6
v 4 4 -1.7
v 3.9 4 -1.7
v 3.8 4 -1.7
v 3.7 4 -1.7
v 2 4 -1.7
v 1.9 4 -1.7
v 1.8 4 -1.7
v 1.1 3.9 -1.7
v 1 3.9 -1.7
v 1 3.9 -1
v 1.1 3.9 -1
v 0.8 4 -1.7
v 0.7 4 -1.7
v 0.7 4 -0.9
v 0.8 4 -0.9
v -1.8 4 -1.7
v -1.9 4 -1.7
v -2 4 -1.7
v 4 4 -1.8
v 3.9 4 -1.8
v 3.8 4 -1.8
v 3.7 4 -1.8
v 2 4 -1.8
v 1.9 4 -1.8
v 1.8 4 -1.8
v 1.2 3.9 -1.8
v 1.1 3.9 -1.8
v 1.1 3.9 4
v 1.2 3.9 4
v -1.8 4 -1.8
v -1.9 4 -1.8
v -2 4 -1.8
v 4 4 -1.9
v 3.9 4 -1.9
v 3.8 4 -1.9
v 3.7 4 -1.9
v 3.6 4 -1.9
v 2 4 -1.9
v 1.9 4 -1.9
v 1.8 4 -1.9
v 1.1 4 -1.9
v 1 4 -1.9
v 1 4 -1.7
v 1.1 4 -1.7
v -1.3 4 -1.9
v -1.4 4 -1.9
v -1.4 4 -1.5
v -1.3 4 -1.5
v -1.8 4 -1.9
v -1.9 4 -1.9
v -2 4 -1.9
v 4 4 -2
v 3.9 4 -2
v 3.8 4 -2
v 3.7 4 -2
v 3.6 4 -2
v 2 4 -2
v 1.9 4 -2
v 1.8 4 -2
v 1.2 4 -2
v 1.1 4 -2
v 1.1 4 -1.8
v 1.2 4 -1.8
v -0.6 3.9 -2
v -0.7 3.9 -2
v -0.6 3.9 -1.4
v -1.2 3.9 -2
v -1.3 3.9 -2
v -1.8 4 -2
v -1.9 4 -2
v -2 4 -2
v 4 4 -2.1
v 3.9 4 -2.1
v 3.8 4 -2.1
v 3.7 4 -2.1
v 3.6 4 -2.1
v 2 4 -2.1
v 1.9 4 -2.1
v 1.8 4 -2.1
v 0.8 3.9 -2.1
v 0.7 3.9 -2.1
v 0.7 3.9 -1.7
v 0.8 3.9 -1.7
v -1.2 3.9 -2.1
v -1.3 3.9 -2.1
v -1.8 4 -2.1
v -1.9 4 -2.1
v -2 4 -2.1
v 4 4 -2.2
v 3.9 4 -2.2
v 3.8 4 -2.2
v 3.7 4 -2.2
v 3.6 4 -2.2
v 3.5 4 -2.2
v 3.4 4 -2.2
v 3.3 4 -2.2
v 3.2 4 -2.2
v 3.1 4 -2.2
v 3 4 -2.2
v 2.9 4 -2.2
v 2.8 4 -2.2
v 2.7 4 -2.2
v 2.6 4 -2.2
v 2.5 4 -2.2
v 2.4 4 -2.2
v 2.3 4 -2.2
v 2.2 4 -2.2
v 2.1 4 -2.2
v 2 4 -2.2
v 1.9 4 -2.2
v 1.8 4 -2.2
v 1.7 4 -2.2
v 1.6 4 -2.2
v 1.5 4 -2.2
v 1.5 3.8 -2.2
v 1.4 3.8 -2.2
v 1.4 3.8 -1.5
v 1.5 3.8 -1.5
v 1.4 4 -2.2
v 1.4 4 -1.5
v 1.5 4 -1.5
v 1.4 3.9 -2.2
v 1.3 3.9 -2.2
v 1.2 3.9 -2.2
v 1.1 3.9 -2.2
v 1.1 3.9 -2
v 1.2 3.9 -2
v 1 3.9 -2.2
v 1 3.9 -1.9
v 1.1 3.9 -1.9
v 0.9 3.9 -2.2
v 0.9 3.9 -0.3
v 1 3.9 -0.3
v 0.8 3.9 -2.2
v 0.8 3.9 -1.4
v 0.9 3.9 -1.4
v 0.8 4 -2.2
v 0.7 4 -2.2
v 0.7 4 -2.1
v 0.8 4 -2.1
v 0.6 4 -2.2
v 0.6 4 -0.7
v 0.7 4 -0.7
v 0.5 4 -2.2
v 0.5 4 -0.5
v 0.6 4 -0.5
v 0.3 4 -2.2
v 0.3 4 -0.4
v 0.5 4 -0.4
v 0.2 4 -2.2
v 0.2 4 -0.5
v 0.3 4 -0.5
v 0.1 4 -2.2
v 0.1 4 -0.9
v 0.2 4 -0.9
v -0.1 4 -2.2
v -0.1 4 -1
v 0.1 4 -1
v -0.2 4 -2.2
v -0.2 4 -1.1
v -0.1 4 -1.1
v -0.4 4 -2.2
v -0.4 4 -1.3
v -0.2 4 -1.3
v -0.6 4 -2.2
v -0.6 4 -1.4
v -0.4 4 -1.4
v -0.7 4 -2.2
v -0.7 4 -2
v -0.6 4 -2
v -0.7 3.9 -2.2
v -0.8 3.9 -2.2
v -0.8 3.9 -0.8
v -0.7 3.9 -0.8
v -1 3.9 -2.2
v -1 3.9 -1.4
v -0.8 3.9 -1.4
v -1.1 3.9 -2.2
v -1 3.9 0
v -1.2 3.9 -2.2
v -1.2 3.9 3.5
v -1.1 3.9 3.5
v -1.3 3.9 -2.2
v -1.4 3.9 -2.2
v -1.4 3.9 -1.9
v -1.3 3.9 -1.9
v -1.4 4 -2.2
v -1.5 4 -2.2
v -1.5 4 -1
v -1.4 4 -1
v -1.6 4 -2.2
v -1.7 4 -2.2
v -1.8 4 -2.2
v -1.9 4 -2.2
v -2 4 -2.2
v -2.1 4 -2.2
v -2.2 4 -2.2
v 1.5 3.9 -2.2
v 4 0 -2.2
v 4 0 4
v -2.2 0 4
v -2.2 0 -2.2
v 1.5 3.9 3.8
v 4 3 4
v 4 3 -2.2
v 4 3.1 4
v 4 3.1 -2.2
v 4 3.2 4
v 4 3.2 -2.2
v 4 3.3 4
v 4 3.3 -2.2
v 4 3.4 4
v 4 3.4 -2.2
v 4 3.5 4
v 4 3.5 -2.2
v 4 3.6 4
v 4 3.6 -2.2
v 4 3.7 4
v 4 3.7 -2.2
v 4 3.8 4
v 4 3.8 -2.2
v 4 3.9 4
v 4 3.9 -2.2
v 4 3.9 3.9
v 4 3.9 3.8
v -1.5 3.9 3.8
v 4 3.9 3.7
v 4 3.9 3.6
v 4 3.9 3.5
v 4 3.9 3.4
v 4 3.9 3.3
v 4 3.9 3.2
v 4 3.9 3.1
v 4 3.9 3
v 4 3.9 2.9
v 4 3.9 2.8
v 4 3.9 2.7
v 4 3.9 2.6
v 4 3.9 2.5
v 4 3.9 2.4
v 4 3.9 2.3
v 4 3.9 2.2
v 4 3.9 2.1
v 4 3.9 2
v 4 3.9 1.9
v 4 3.9 1.8
v 4 3.9 1.7
v 4 3.9 1.6
v 4 3.9 1.5
v 4 3.9 1.4
v 4 3.9 1.3
v 4 3.9 1.2
v 4 3.9 1.1
v 4 3.9 1
v 4 3.9 0.9
v 4 3.9 0.8
v 4 3.9 0.7
v 4 3.9 0.6
v 4 3.9 0.5
v 4 3.9 0.4
v 4 3.9 0.3
v 4 3.9 0.2
v 4 3.9 0.1
v 4 3.9 0
v 4 3.9 -0.1
v 4 3.9 -0.2
v 4 3.9 -0.3
v 4 3.9 -0.4
v 4 3.9 -0.5
v 4 3.9 -0.6
v 4 3.9 -0.7
v 4 3.9 -0.8
v 4 3.9 -0.9
v 4 3.9 -1
v 4 3.9 -1.1
v 4 3.9 -1.2
v 4 3.9 -1.3
v 4 3.9 -1.4
v 4 3.9 -1.5
v 4 3.9 -1.6
v 4 3.9 -1.7
v 4 3.9 -1.8
v 4 3.9 -1.9
v 4 3.9 -2
v 4 3.9 -2.1
v 3.9 3.9 4
v 3.8 3.9 4
v 3.7 3.9 4
v 3.6 3.9 4
v 3.5 3.9 4
v 3.4 3.9 4
v 3.3 3.9 4
v 3.2 3.9 4
v 3.1 3.9 4
v 3 3.9 4
v 2.9 3.9 4
v 2.8 3.9 4
v 2.7 3.9 4
v 2.6 3.9 4
v 2.5 3.9 4
v 2.4 3.9 4
v 2.3 3.9 4
v 2.2 3.9 4
v 2.1 3.9 4
v 2 3.9 4
v 1.9 3.9 4
v 1.8 3.9 4
v 1.7 3.9 4
v 1.6 3.9 4
v 1.5 3.8 4
v 1.5 3.9 4
v -1.5 3.8 4
v -1.6 3.9 4
v -1.7 3.9 4
v -1.8 3.9 4
v -1.9 3.9 4
v -2 3.9 4
v -2.1 3.9 4
v -2.2 3 4
v -2.2 3.1 4
v -2.2 3.2 4
v -2.2 3.3 4
v -2.2 3.4 4
v -2.2 3.5 4
v -2.2 3.6 4
v -2.2 3.7 4
v -2.2 3.8 4
v -2.2 3.9 4
v -2.3 4 3.9
v -2.4 4 3.9
v -2.4 4 4
v -2.3 4 4
v -2.5 4 3.9
v -2.6 4 3.9
v -2.6 4 4
v -2.5 4 4
v -2.7 4 3.9
v -2.8 4 3.9
v -2.8 4 4
v -2.7 4 4
v -2.9 4 3.9
v -3 4 3.9
v -3 4 4
v -2.9 4 4
v -3.1 4 3.9
v -3.2 4 3.9
v -3.2 4 4
v -3.1 4 4
v -3.3 4 3.9
v -3.4 4 3.9
v -3.4 4 4
v -3.3 4 4
v -3.5 4 3.9
v -3.6 4 3.9
v -3.6 4 4
v -3.5 4 4
v -3.7 4 3.9
v -3.8 4 3.9
v -3.8 4 4
v -3.7 4 4
v -3.9 4 3.9
v -4 4 3.9
v -4 4 4
v -3.9 4 4
v -2.3 4 3.8
v -2.4 4 3.8
v -2.5 4 3.8
v -2.6 4 3.8
v -2.7 4 3.8
v -2.8 4 3.8
v -2.9 4 3.8
v -3 4 3.8
v -3.1 4 3.8
v -3.2 4 3.8
v -3.3 4 3.8
v -3.4 4 3.8
v -3.5 4 3.8
v -3.6 4 3.8
v -3.7 4 3.8
v -3.8 4 3.8
v -3.9 4 3.8
v -4 4 3.8
v -2.3 4 3.7
v -2.4 4 3.7
v -2.5 4 3.7
v -2.6 4 3.7
v -2.7 4 3.7
v -2.8 4 3.7
v -2.9 4 3.7
v -3 4 3.7
v -3.1 4 3.7
v -3.2 4 3.7
v -3.3 4 3.7
v -3.4 4 3.7
v -3.5 4 3.7
v -3.6 4 3.7
v -3.7 4 3.7
v -3.8 4 3.7
v -3.9 4 3.7
v -4 4 3.7
v -2.3 4 3.6
v -2.4 4 3.6
v -2.5 4 3.6
v -2.6 4 3.6
v -2.7 4 3.6
v -2.8 4 3.6
v -2.9 4 3.6
v -3 4 3.6
v -3.1 4 3.6
v -3.2 4 3.6
v -3.3 4 3.6
v -3.4 4 3.6
v -3.5 4 3.6
v -3.6 4 3.6
v -3.7 4 3.6
v -3.8 4 3.6
v -3.9 4 3.6
v -4 4 3.6
v -2.4 4 3.5
v -2.5 4 3.5
v -2.6 4 3.5
v -2.7 4 3.5
v -2.8 4 3.5
v -2.9 4 3.5
v -3 4 3.5
v -3.1 4 3.5
v -3.2 4 3.5
v -3.3 4 3.5
v -3.4 4 3.5
v -3.5 4 3.5
v -3.6 4 3.5
v -3.7 4 3.5
v -3.8 4 3.5
v -3.9 4 3.5
v -4 4 3.5
v -2.7 4 3.4
v -2.8 4 3.4
v -2.9 4 3.4
v -3 4 3.4
v -3.1 4 3.4
v -3.2 4 3.4
v -3.3 4 3.4
v -3.4 4 3.4
v -3.5 4 3.4
v -3.6 4 3.4
v -3.7 4 3.4
v -3.8 4 3.4
v -3.9 4 3.4
v -4 4 3.4
v -3 4 3.3
v -3.1 4 3.3
v -3.2 4 3.3
v -3.3 4 3.3
v -3.4 4 3.3
v -3.5 4 3.3
v -3.6 4 3.3
v -3.7 4 3.3
v -3.8 4 3.3
v -3.9 4 3.3
v -4 4 3.3
v -3.1 4 3.2
v -3.2 4 3.2
v -3.3 4 3.2
v -3.4 4 3.2
v -3.5 4 3.2
v -3.6 4 3.2
v -3.7 4 3.2
v -3.8 4 3.2
v -3.9 4 3.2
v -4 4 3.2
v -3.2 4 3.1
v -3.3 4 3.1
v -3.4 4 3.1
v -3.5 4 3.1
v -3.6 4 3.1
v -3.7 4 3.1
v -3.8 4 3.1
v -3.9 4 3.1
v -4 4 3.1
v -3.3 4 3
v -3.4 4 3
v -3.5 4 3
v -3.6 4 3
v -3.7 4 3
v -3.8 4 3
v -3.9 4 3
v -4 4 3
v -3.4 4 2.9
v -3.5 4 2.9
v -3.6 4 2.9
v -3.7 4 2.9
v -3.8 4 2.9
v -3.9 4 2.9
v -4 4 2.9
v -3.4 4 2.8
v -3.5 4 2.8
v -3.6 4 2.8
v -3.7 4 2.8
v -3.8 4 2.8
v -3.9 4 2.8
v -4 4 2.8
v -3.4 4 2.7
v -3.5 4 2.7
v -3.6 4 2.7
v -3.7 4 2.7
v -3.8 4 2.7
v -3.9 4 2.7
v -4 4 2.7
v -3.5 4 2.6
v -3.6 4 2.6
v -3.7 4 2.6
v -3.8 4 2.6
v -3.9 4 2.6
v -4 4 2.6
v -3.5 4 2.5
v -3.6 4 2.5
v -3.7 4 2.5
v -3.8 4 2.5
v -3.9 4 2.5
v -4 4 2.5
v -3.5 4 2.4
v -3.6 4 2.4
v -3.7 4 2.4
v -3.8 4 2.4
v -3.9 4 2.4
v -4 4 2.4
v -3.6 4 2.3
v -3.7 4 2.3
v -3.8 4 2.3
v -3.9 4 2.3
v -4 4 2.3
v -3.6 4 2.2
v -3.7 4 2.2
v -3.8 4 2.2
v -3.9 4 2.2
v -4 4 2.2
v -3.6 4 2.1
v -3.7 4 2.1
v -3.8 4 2.1
v -3.9 4 2.1
v -4 4 2.1
v -3.6 4 2
v -3.7 4 2
v -3.8 4 2
v -3.9 4 2
v -4 4 2
v -3.6 4 1.9
v -3.7 4 1.9
v -3.8 4 1.9
v -3.9 4 1.9
v -4 4 1.9
v -3.7 4 1.8
v -3.8 4 1.8
v -3.9 4 1.8
v -4 4 1.8
v -3.7 4 1.7
v -3.8 4 1.7
v -3.9 4 1.7
v -4 4 1.7
v -3.7 4 1.6
v -3.8 4 1.6
v -3.9 4 1.6
v -4 4 1.6
v -3.7 4 1.5
v -3.8 4 1.5
v -3.9 4 1.5
v -4 4 1.5
v -3.7 4 1.4
v -3.8 4 1.4
v -3.9 4 1.4
v -4 4 1.4
v -3.7 4 1.3
v -3.8 4 1.3
v -3.9 4 1.3
v -4 4 1.3
v -3.7 4 1.2
v -3.8 4 1.2
v -3.9 4 1.2
v -4 4 1.2
v -3.7 4 1.1
v -3.8 4 1.1
v -3.9 4 1.1
v -4 4 1.1
v -3.7 4 1
v -3.8 4 1
v -3.9 4 1
v -4 4 1
v -3.7 4 0.9
v -3.8 4 0.9
v -3.9 4 0.9
v -4 4 0.9
v -3.7 4 0.8
v -3.8 4 0.8
v -3.9 4 0.8
v -4 4 0.8
v -3.7 4 0.7
v -3.8 4 0.7
v -3.9 4 0.7
v -4 4 0.7
v -3.7 4 0.6
v -3.8 4 0.6
v -3.9 4 0.6
v -4 4 0.6
v -3.7 4 0.5
v -3.8 4 0.5
v -3.9 4 0.5
v -4 4 0.5
v -3.7 4 0.4
v -3.8 4 0.4
v -3.9 4 0.4
v -4 4 0.4
v -3.9 4 0.3
v -4 4 0.3
v -3.7 4 0.2
v -3.8 4 0.2
v -3.9 4 0.2
v -4 4 0.2
v -3.7 4 0.1
v -3.8 4 0.1
v -3.9 4 0.1
v -4 4 0.1
v -3.9 4 0
v -4 4 0
v -3.7 4 -0.1
v -3.8 4 -0.1
v -3.9 4 -0.1
v -4 4 -0.1
v -3.7 4 -0.2
v -3.8 4 -0.2
v -3.9 4 -0.2
v -4 4 -0.2
v -3.9 4 -0.3
v -4 4 -0.3
v -3.7 4 -0.4
v -3.8 4 -0.4
v -3.9 4 -0.4
v -4 4 -0.4
v -3.7 4 -0.5
v -3.8 4 -0.5
v -3.9 4 -0.5
v -4 4 -0.5
v -3.7 4 -0.6
v -3.8 4 -0.6
v -3.9 4 -0.6
v -4 4 -0.6
v -3.7 4 -0.7
v -3.8 4 -0.7
v -3.9 4 -0.7
v -4 4 -0.7
v -3.7 4 -0.8
v -3.8 4 -0.8
v -3.9 4 -0.8
v -4 4 -0.8
v -3.7 4 -0.9
v -3.8 4 -0.9
v -3.9 4 -0.9
v -4 4 -0.9
v -3.7 4 -1
v -3.8 4 -1
v -3.9 4 -1
v -4 4 -1
v -3.7 4 -1.1
v -3.8 4 -1.1
v -3.9 4 -1.1
v -4 4 -1.1
v -3.7 4 -1.2
v -3.8 4 -1.2
v -3.9 4 -1.2
v -4 4 -1.2
v -3.7 4 -1.3
v -3.8 4 -1.3
v -3.9 4 -1.3
v -4 4 -1.3
v -3.7 4 -1.4
v -3.8 4 -1.4
v -3.9 4 -1.4
v -4 4 -1.4
v -3.7 4 -1.5
v -3.8 4 -1.5
v -3.9 4 -1.5
v -4 4 -1.5
v -3.7 4 -1.6
v -3.8 4 -1.6
v -3.9 4 -1.6
v -4 4 -1.6
v -3.7 4 -1.7
v -3.8 4 -1.7
v -3.9 4 -1.7
v -4 4 -1.7
v -3.7 4 -1.8
v -3.8 4 -1.8
v -3.9 4 -1.8
v -4 4 -1.8
v -3.6 4 -1.9
v -3.7 4 -1.9
v -3.8 4 -1.9
v -3.9 4 -1.9
v -4 4 -1.9
v -3.6 4 -2
v -3.7 4 -2
v -3.8 4 -2
v -3.9 4 -2
v -4 4 -2
v -3.6 4 -2.1
v -3.7 4 -2.1
v -3.8 4 -2.1
v -3.9 4 -2.1
v -4 4 -2.1
v -2.3 4 -2.2
v -2.4 4 -2.2
v -2.5 4 -2.2
v -2.6 4 -2.2
v -2.7 4 -2.2
v -2.8 4 -2.2
v -2.9 4 -2.2
v -3 4 -2.2
v -3.1 4 -2.2
v -3.2 4 -2.2
v -3.3 4 -2.2
v -3.4 4 -2.2
v -3.5 4 -2.2
v -3.6 4 -2.2
v -3.7 4 -2.2
v -3.8 4 -2.2
v -3.9 4 -2.2
v -4 4 -2.2
v -4 0 4
v -4 0 -2.2
v -4 3 4
v -4 3 -2.2
v -4 3.1 4
v -4 3.1 -2.2
v -4 3.2 4
v -4 3.2 -2.2
v -4 3.3 4
v -4 3.3 -2.2
v -4 3.4 4
v -4 3.4 -2.2
v -4 3.5 4
v -4 3.5 -2.2
v -4 3.6 4
v -4 3.6 -2.2
v -4 3.7 4
v -4 3.7 -2.2
v -4 3.8 4
v -4 3.8 -2.2
v -4 3.9 4
v -4 3.9 -2.2
v -4 3.9 3.9
v -4 3.9 3.8
v -4 3.9 3.7
v -4 3.9 3.6
v -4 3.9 3.5
v -4 3.9 3.4
v -4 3.9 3.3
v -4 3.9 3.2
v -4 3.9 3.1
v -4 3.9 3
v -4 3.9 2.9
v -4 3.9 2.8
v -4 3.9 2.7
v -4 3.9 2.6
v -4 3.9 2.5
v -4 3.9 2.4
v -4 3.9 2.3
v -4 3.9 2.2
v -4 3.9 2.1
v -4 3.9 2
v -4 3.9 1.9
v -4 3.9 1.8
v -4 3.9 1.7
v -4 3.9 1.6
v -4 3.9 1.5
v -4 3.9 1.4
v -4 3.9 1.3
v -4 3.9 1.2
v -4 3.9 1.1
v -4 3.9 1
v -4 3.9 0.9
v -4 3.9 0.8
v -4 3.9 0.7
v -4 3.9 0.6
v -4 3.9 0.5
v -4 3.9 0.4
v -4 3.9 0.3
v -4 3.9 0.2
v -4 3.9 0.1
v -4 3.9 0
v -4 3.9 -0.1
v -4 3.9 -0.2
v -4 3.9 -0.3
v -4 3.9 -0.4
v -4 3.9 -0.5
v -4 3.9 -0.6
v -4 3.9 -0.7
v -4 3.9 -0.8
v -4 3.9 -0.9
v -4 3.9 -1
v -4 3.9 -1.1
v -4 3.9 -1.2
v -4 3.9 -1.3
v -4 3.9 -1.4
v -4 3.9 -1.5
v -4 3.9 -1.6
v -4 3.9 -1.7
v -4 3.9 -1.8
v -4 3.9 -1.9
v -4 3.9 -2
v -4 3.9 -2.1
v -2.3 3.9 4
v -2.4 3.9 4
v -2.5 3.9 4
v -2.6 3.9 4
v -2.7 3.9 4
v -2.8 3.9 4
v -2.9 3.9 4
v -3 3.9 4
v -3.1 3.9 4
v -3.2 3.9 4
v -3.3 3.9 4
v -3.4 3.9 4
v -3.5 3.9 4
v -3.6 3.9 4
v -3.7 3.9 4
v -3.8 3.9 4
v -3.9 3.9 4
v 4 4 -2.3
v 3.7 4 -2.3
v 1.9 4 -2.3
v 1.4 4 -2.3
v -1.8 4 -2.3
v -1.9 4 -2.3
v -2 4 -2.3
v 4 4 -2.4
v 3.9 4 -2.4
v 3.9 4 -2.3
v 3.8 4 -2.4
v 3.7 4 -2.4
v 3.8 4 -2.3
v 3.6 4 -2.4
v 3.6 4 -2.3
v 2 4 -2.4
v 2 4 -2.3
v 1.9 4 -2.4
v 1.8 4 -2.4
v 1.8 4 -2.3
v 1.3 3.9 -2.4
v 0.8 3.9 -2.4
v -1.8 4 -2.4
v -1.9 4 -2.4
v -2 4 -2.4
v 4 4 -2.5
v 3.9 4 -2.5
v 3.8 4 -2.5
v 3.7 4 -2.5
v 3.6 4 -2.5
v 3.5 4 -2.5
v 3.5 4 -2.4
v 2 4 -2.5
v 1.9 4 -2.5
v 1.8 4 -2.5
v 1.4 3.9 -2.5
v 1.3 3.9 -2.5
v -0.6 4 -2.5
v -0.7 4 -2.5
v -1.8 4 -2.5
v -1.9 4 -2.5
v -2 4 -2.5
v 4 4 -2.6
v 3.9 4 -2.6
v 3.8 4 -2.6
v 3.7 4 -2.6
v 3.6 4 -2.6
v 3.5 4 -2.6
v 2 4 -2.6
v 1.9 4 -2.6
v 1.8 4 -2.6
v -1.4 4 -2.6
v -1.8 4 -2.6
v -1.9 4 -2.6
v -2 4 -2.6
v 4 4 -2.7
v 3.9 4 -2.7
v 3.8 4 -2.7
v 3.7 4 -2.7
v 3.6 4 -2.7
v 3.5 4 -2.7
v 2 4 -2.7
v 1.9 4 -2.7
v 1.8 4 -2.7
v 1 3.9 -2.7
v 0.8 3.9 -2.7
v 1 3.9 -2.4
v -0.6 3.9 -2.7
v -0.7 3.9 -2.7
v -0.7 3.9 -2.5
v -0.6 3.9 -2.5
v -1.2 3.9 -2.7
v -1.3 4 -2.7
v -1.4 4 -2.7
v -1.3 4 -2.2
v -1.8 4 -2.7
v -1.9 4 -2.7
v -2 4 -2.7
v 4 4 -2.8
v 3.9 4 -2.8
v 3.8 4 -2.8
v 3.7 4 -2.8
v 3.6 4 -2.8
v 3.5 4 -2.8
v 3.4 4 -2.8
v 3.4 4 -2.7
v 2 4 -2.8
v 1.9 4 -2.8
v 1.8 4 -2.8
v 0.8 4 -2.8
v -0.6 4 -2.8
v -1.2 3.9 -2.8
v -1.3 3.9 -2.8
v -1.8 4 -2.8
v -1.9 4 -2.8
v -2 4 -2.8
v 4 4 -2.9
v 3.9 4 -2.9
v 3.8 4 -2.9
v 3.7 4 -2.9
v 3.6 4 -2.9
v 3.5 4 -2.9
v 3.4 4 -2.9
v 2 4 -2.9
v 1.9 4 -2.9
v 1.8 4 -2.9
v 1 4 -2.9
v 0.9 4 -2.9
v 0.9 4 -2.7
v 1 4 -2.7
v -1.4 3.9 -2.9
v -1.5 3.9 -2.9
v -1.5 3.9 -2.6
v -1.4 3.9 -2.6
v -1.8 4 -2.9
v -1.9 4 -2.9
v -2 4 -2.9
v 4 4 -3
v 3.9 4 -3
v 3.8 4 -3
v 3.7 4 -3
v 3.6 4 -3
v 3.5 4 -3
v 3.4 4 -3
v 2 4 -3
v 1.9 4 -3
v 1.8 4 -3
v 1.4 3.8 -3
v 1.3 3.8 -3
v 1.3 3.8 -2.5
v 1.4 3.8 -2.5
v 1.4 4 -3
v 1.3 4 -3
v 1.3 4 -2.5
v 1.4 4 -2.5
v -1.8 4 -3
v -1.9 4 -3
v -2 4 -3
v 4 4 -3.1
v 3.9 4 -3.1
v 3.8 4 -3.1
v 3.7 4 -3.1
v 3.6 4 -3.1
v 3.5 4 -3.1
v 3.4 4 -3.1
v 3.3 4 -3.1
v 3.3 4 -3
v 1.9 4 -3.1
v 1.8 4 -3.1
v 1.3 3.9 -3.1
v 1.2 3.9 -3.1
v 1.2 3.9 -2.4
v 0.8 3.9 -3.1
v 0.7 3.9 -3.1
v 0.7 3.9 -2.8
v 0.8 3.9 -2.8
v -0.6 4 -3.1
v -0.8 4 -3.1
v -0.8 4 -2.7
v -0.6 4 -2.7
v -1.2 3.9 -3.1
v -1.3 3.9 -3.1
v -1.8 4 -3.1
v -1.9 4 -3.1
v -2 4 -3.1
v 4 4 -3.2
v 3.9 4 -3.2
v 3.8 4 -3.2
v 3.7 4 -3.2
v 3.6 4 -3.2
v 3.5 4 -3.2
v 3.4 4 -3.2
v 3.3 4 -3.2
v 3.2 4 -3.2
v 3.2 4 -3.1
v 2 4 -3.2
v 2 4 -3.1
v 1.9 4 -3.2
v 1.8 4 -3.2
v 1.5 3.8 -3.2
v 1.4 3.8 -3.2
v 1.5 4 -3.2
v 1.4 4 -3.2
v 1.5 4 -2.3
v 0.3 4 -3.2
v -0.6 4 -3.2
v 0.3 4 -2.8
v -1.3 3.9 -3.2
v -1.4 3.9 -3.2
v -1.4 3.9 -2.7
v -1.3 3.9 -2.7
v -1.8 4 -3.2
v -1.9 4 -3.2
v -2 4 -3.2
v 4 4 -3.3
v 3.9 4 -3.3
v 3.8 4 -3.3
v 3.7 4 -3.3
v 3.6 4 -3.3
v 3.5 4 -3.3
v 3.4 4 -3.3
v 3.3 4 -3.3
v 3.2 4 -3.3
v 3.1 4 -3.3
v 3.1 4 -3.2
v 1.9 4 -3.3
v 1.8 4 -3.3
v 1.4 3.9 -3.3
v 1.3 3.9 -3.3
v 1.3 3.9 -3
v 1.4 3.9 -3
v 0.2 4 -3.3
v -0.3 4 -3.3
v -0.3 4 -3.2
v 0.2 4 -3.2
v -1.8 4 -3.3
v -1.9 4 -3.3
v -2 4 -3.3
v 4 4 -3.4
v 3.9 4 -3.4
v 3.8 4 -3.4
v 3.7 4 -3.4
v 3.6 4 -3.4
v 3.5 4 -3.4
v 3.4 4 -3.4
v 3.3 4 -3.4
v 3.2 4 -3.4
v 3.1 4 -3.4
v 3 4 -3.4
v 3 4 -3.3
v 2 4 -3.4
v 2 4 -3.3
v 1.9 4 -3.4
v 1.8 4 -3.4
v 0.1 4 -3.4
v -0.3 4 -3.4
v 0.1 4 -3.3
v -1.3 4 -3.4
v -1.4 4 -3.4
v -1.4 4 -3.2
v -1.3 4 -3.2
v -1.8 4 -3.4
v -1.9 4 -3.4
v -2 4 -3.4
v 4 4 -3.5
v 3.9 4 -3.5
v 3.8 4 -3.5
v 3.7 4 -3.5
v 3.6 4 -3.5
v 3.5 4 -3.5
v 3.4 4 -3.5
v 3.3 4 -3.5
v 3.2 4 -3.5
v 3.1 4 -3.5
v 3 4 -3.5
v 2.9 4 -3.5
v 2.9 4 -3.4
v 2.8 4 -3.5
v 2.8 4 -3.4
v 2.7 4 -3.5
v 2.7 4 -3.4
v 1.9 4 -3.5
v 1.8 4 -3.5
v 1.2 3.9 -3.5
v 1 3.9 -3.5
v 0.8 4 -3.5
v 0.7 4 -3.5
v 0.7 4 -3.1
v 0.8 4 -3.1
v 0.3 4 -3.5
v 0.7 4 -2.8
v -0.8 3.9 -3.5
v -1.2 3.9 -3.5
v -0.8 3.9 -2.7
v -1.3 3.9 -3.5
v -1.4 4 -3.5
v -1.5 4 -3.5
v -1.5 4 -2.9
v -1.4 4 -2.9
v -1.8 4 -3.5
v -1.9 4 -3.5
v -2 4 -3.5
v 4 4 -3.6
v 3.9 4 -3.6
v 3.8 4 -3.6
v 3.7 4 -3.6
v 3.6 4 -3.6
v 3.5 4 -3.6
v 3.4 4 -3.6
v 3.3 4 -3.6
v 3.2 4 -3.6
v 3.1 4 -3.6
v 3 4 -3.6
v 2.9 4 -3.6
v 2.8 4 -3.6
v 2.7 4 -3.6
v 2.6 4 -3.6
v 2.6 4 -3.5
v 2.5 4 -3.6
v 2.5 4 -3.5
v 2.4 4 -3.6
v 2.4 4 -3.5
v 2 4 -3.6
v 2 4 -3.5
v 1.9 4 -3.6
v 1.8 4 -3.6
v 1.4 3.9 -3.6
v 1.3 3.9 -3.6
v 1.1 4 -3.6
v 1 4 -3.6
v 1 4 -3.5
v 1.1 4 -3.5
v -0.3 3.9 -3.6
v -0.6 3.9 -3.6
v -0.6 3.9 -3.2
v -0.3 3.9 -3.2
v -1.3 3.9 -3.6
v -1.4 3.9 -3.6
v -1.4 3.9 -3.4
v -1.3 3.9 -3.4
v -1.8 4 -3.6
v -1.9 4 -3.6
v -2 4 -3.6
v -2.1 4 -3.6
v -2.2 4 -3.6
v 4 4 -3.7
v 3.9 4 -3.7
v 3.8 4 -3.7
v 3.7 4 -3.7
v 3.6 4 -3.7
v 3.5 4 -3.7
v 3.4 4 -3.7
v 3.3 4 -3.7
v 3.2 4 -3.7
v 3.1 4 -3.7
v 3 4 -3.7
v 2.9 4 -3.7
v 2.8 4 -3.7
v 2.7 4 -3.7
v 2.6 4 -3.7
v 2.5 4 -3.7
v 2.4 4 -3.7
v 2.3 4 -3.7
v 2.3 4 -3.6
v 2.2 4 -3.7
v 2.2 4 -3.6
v 2.1 4 -3.7
v 2.1 4 -3.6
v 2 4 -3.7
v 1.9 4 -3.7
v 1.8 4 -3.7
v 1.7 4 -3.7
v 1.5 4 -3.7
v 1.7 4 -2.3
v 1.5 3.9 -3.7
v 1.4 3.9 -3.7
v 1.4 3.9 -3.2
v 1.5 3.9 -3.2
v 1.2 4 -3.7
v 1.1 4 -3.7
v 1.2 4 -3.5
v -0.8 4 -3.7
v -1 4 -3.7
v -1 4 -3.5
v -0.8 4 -3.5
v -1.6 4 -3.7
v -1.8 4 -3.7
v -1.6 4 -2.6
v -1.9 4 -3.7
v -2 4 -3.7
v -2.1 4 -3.7
v -2.2 4 -3.7
v 4 4 -3.8
v 3.9 4 -3.8
v 3.8 4 -3.8
v 3.7 4 -3.8
v 3.6 4 -3.8
v 3.5 4 -3.8
v 3.4 4 -3.8
v 3.3 4 -3.8
v 3.2 4 -3.8
v 3.1 4 -3.8
v 3 4 -3.8
v 2.9 4 -3.8
v 2.8 4 -3.8
v 2.7 4 -3.8
v 2.6 4 -3.8
v 2.5 4 -3.8
v 2.4 4 -3.8
v 2.3 4 -3.8
v 2.2 4 -3.8
v 2.1 4 -3.8
v 2 4 -3.8
v 1.9 4 -3.8
v 1.8 4 -3.8
v 1.7 4 -3.8
v 1.6 4 -3.8
v 1.4 4 -3.8
v 1.4 4 -3.7
v 1.6 4 -3.7
v -0.3 4 -3.8
v -0.4 4 -3.8
v -0.4 4 -3.6
v -0.3 4 -3.6
v -1.5 4 -3.8
v -1.6 4 -3.8
v -1.5 4 -2.6
v -1.7 4 -3.8
v -1.8 4 -3.8
v -1.7 4 -3.7
v -1.9 4 -3.8
v -2 4 -3.8
v -2.1 4 -3.8
v -2.2 4 -3.8
v 4 4 -3.9
v 3.9 4 -3.9
v 3.8 4 -3.9
v 3.7 4 -3.9
v 3.6 4 -3.9
v 3.5 4 -3.9
v 3.4 4 -3.9
v 3.3 4 -3.9
v 3.2 4 -3.9
v 3.1 4 -3.9
v 3 4 -3.9
v 2.9 4 -3.9
v 2.8 4 -3.9
v 2.7 4 -3.9
v 2.6 4 -3.9
v 2.5 4 -3.9
v 2.4 4 -3.9
v 2.3 4 -3.9
v 2.2 4 -3.9
v 2.1 4 -3.9
v 2 4 -3.9
v 1.9 4 -3.9
v 1.8 4 -3.9
v 1.7 4 -3.9
v 1.6 4 -3.9
v 1.5 4 -3.9
v 1.5 4 -3.8
v 1.4 3.9 -3.9
v 1.3 3.9 -3.9
v 1.2 3.9 -3.9
v 1.1 3.9 -3.9
v 1.1 3.9 -3.7
v 1.2 3.9 -3.7
v 1 3.9 -3.9
v 0.9 3.9 -3.9
v 0.9 3.9 -2.9
v 1 3.9 -2.9
v 0.8 3.9 -3.9
v 0.3 3.9 -3.9
v 0.3 3.9 -3.5
v 0.8 3.9 -3.5
v 0.2 3.9 -3.9
v 0.1 3.9 -3.9
v 0.1 3.9 -3.3
v 0.2 3.9 -3.3
v 0 3.9 -3.9
v -0.3 3.9 -3.9
v -0.3 3.9 -3.4
v 0 3.9 -3.4
v -0.4 3.9 -3.9
v -0.6 3.9 -3.9
v -0.4 3.9 -3.6
v -0.8 3.9 -3.9
v -0.8 3.9 -3.1
v -0.6 3.9 -3.1
v -1 3.9 -3.9
v -1 3.9 -3.7
v -0.8 3.9 -3.7
v -1.3 3.9 -3.9
v -1 3.9 -3.5
v -1.4 3.9 -3.9
v -1.5 3.9 -3.9
v -1.5 3.9 -3.5
v -1.4 3.9 -3.5
v -1.6 4 -3.9
v -1.7 4 -3.9
v -1.8 4 -3.9
v -1.9 4 -3.9
v -2 4 -3.9
v -2.1 4 -3.9
v 4 4 -4
v 3.9 4 -4
v 3.8 4 -4
v 3.7 4 -4
v 3.6 4 -4
v 3.5 4 -4
v 3.4 4 -4
v 3.3 4 -4
v 3.2 4 -4
v 3.1 4 -4
v 3 4 -4
v 2.9 4 -4
v 2.8 4 -4
v 2.7 4 -4
v 2.6 4 -4
v 2.5 4 -4
v 2.4 4 -4
v 2.3 4 -4
v 2.2 4 -4
v 2.1 4 -4
v 2 4 -4
v 1.9 4 -4
v 1.8 4 -4
v 1.7 4 -4
v 1.6 4 -4
v 1.5 4 -4
v 1.4 4 -4
v 1.3 4 -4
v 1.3 4 -3.9
v 1.4 4 -3.9
v 1.3 3.9 -4
v 1.2 3.9 -4
v 1.2 4 -4
v 1.1 4 -4
v 1.1 4 -3.9
v 1.2 4 -3.9
v 1.1 3.9 -4
v 1 3.9 -4
v 1 3.9 -3.6
v 1.1 3.9 -3.6
v 1 4 -4
v 0.9 4 -4
v 0.9 4 -3.9
v 1 4 -3.9
v 0.9 3.9 -4
v 0.8 3.9 -4
v 0.9 3.9 -2.7
v 0.8 4 -4
v 0.7 4 -4
v 0.7 4 -3.9
v 0.8 4 -3.9
v 0.7 3.9 -4
v 0.6 3.9 -4
v 0.6 3.9 -3.9
v 0.7 3.9 -3.9
v 0.6 4 -4
v 0.5 4 -4
v 0.5 4 -3.9
v 0.6 4 -3.9
v 0.5 3.9 -4
v 0.4 3.9 -4
v 0.4 3.9 -3.9
v 0.5 3.9 -3.9
v 0.4 4 -4
v 0.3 4 -4
v 0.3 4 -3.9
v 0.4 4 -3.9
v 0.3 3.9 -4
v 0.2 3.9 -4
v 0.2 3.9 -3.2
v 0.3 3.9 -3.2
v 0.2 4 -4
v 0.1 4 -4
v 0.1 4 -3.9
v 0.2 4 -3.9
v 0.1 3.9 -4
v 0 3.9 -4
v 0.1 3.9 -3.4
v 0 4 -4
v -0.1 4 -4
v -0.1 4 -3.9
v 0 4 -3.9
v -0.1 3.9 -4
v -0.2 3.9 -4
v -0.2 3.9 -3.9
v -0.1 3.9 -3.9
v -0.2 4 -4
v -0.3 4 -4
v -0.3 4 -3.9
v -0.2 4 -3.9
v -0.3 3.9 -4
v -0.4 3.9 -4
v -0.4 3.9 -3.8
v -0.3 3.9 -3.8
v -0.4 4 -4
v -0.5 4 -4
v -0.5 4 -3.9
v -0.4 4 -3.9
v -0.5 3.9 -4
v -0.6 3.9 -4
v -0.5 3.9 -3.9
v -0.6 4 -4
v -0.7 4 -4
v -0.7 4 -3.9
v -0.6 4 -3.9
v -0.7 3.9 -4
v -0.8 3.9 -4
v -0.7 3.9 -3.9
v -0.8 4 -4
v -0.9 4 -4
v -0.9 4 -3.9
v -0.8 4 -3.9
v -0.9 3.9 -4
v -1 3.9 -4
v -0.9 3.9 -3.9
v -1 4 -4
v -1.1 4 -4
v -1.1 4 -3.9
v -1 4 -3.9
v -1.1 3.9 -4
v -1.2 3.9 -4
v -1.2 3.9 -3.9
v -1.1 3.9 -3.9
v -1.2 4 -4
v -1.3 4 -4
v -1.3 4 -3.9
v -1.2 4 -3.9
v -1.3 3.9 -4
v -1.4 3.9 -4
v -1.4 4 -4
v -1.5 4 -4
v -1.5 4 -3.9
v -1.4 4 -3.9
v -1.6 4 -4
v -1.7 4 -4
v -1.8 4 -4
v -1.9 4 -4
v -2 4 -4
v -2.1 4 -4
v -2.2 4 -4
v 4 0 -4
v -2.2 0 -4
v 4 3 -4
v 4 3.1 -4
v 4 3.2 -4
v 4 3.3 -4
v 4 3.4 -4
v 4 3.5 -4
v 4 3.6 -4
v 4 3.7 -4
v 4 3.8 -4
v 4 3.9 -4
v 4 3.9 -2.3
v 4 3.9 -2.4
v 4 3.9 -2.5
v 4 3.9 -2.6
v 4 3.9 -2.7
v 4 3.9 -2.8
v 4 3.9 -2.9
v 4 3.9 -3
v 4 3.9 -3.1
v 4 3.9 -3.2
v 4 3.9 -3.3
v 4 3.9 -3.4
v 4 3.9 -3.5
v 4 3.9 -3.6
v 4 3.9 -3.7
v 4 3.9 -3.8
v -1.5 3.9 -3.8
v 4 3.9 -3.9
v 3.9 3.9 -4
v 3.8 3.9 -4
v 3.7 3.9 -4
v 3.6 3.9 -4
v 3.5 3.9 -4
v 3.4 3.9 -4
v 3.3 3.9 -4
v 3.2 3.9 -4
v 3.1 3.9 -4
v 3 3.9 -4
v 2.9 3.9 -4
v 2.8 3.9 -4
v 2.7 3.9 -4
v 2.6 3.9 -4
v 2.5 3.9 -4
v 2.4 3.9 -4
v 2.3 3.9 -4
v 2.2 3.9 -4
v 2.1 3.9 -4
v 2 3.9 -4
v 1.9 3.9 -4
v 1.8 3.9 -4
v 1.7 3.9 -4
v 1.6 3.9 -4
v 1.5 3.8 -4
v 1.5 3.9 -4
v 1.4 3.9 -4
v -1.5 3.8 -4
v -1.5 3.9 -4
v -1.6 3.9 -4
v -1.7 3.9 -4
v -1.8 3.9 -4
v -1.9 3.9 -4
v -2 3.9 -4
v -2.1 3.9 -4
v -2.2 3 -4
v -2.2 3.1 -4
v -2.2 3.2 -4
v -2.2 3.3 -4
v -2.2 3.4 -4
v -2.2 3.5 -4
v -2.2 3.6 -4
v -2.2 3.7 -4
v -2.2 3.8 -4
v -2.2 3.9 -4
v -3.6 4 -2.3
v -3.7 4 -2.3
v -3.9 4 -2.3
v -4 4 -2.3
v -3.5 4 -2.4
v -3.6 4 -2.4
v -3.7 4 -2.4
v -3.8 4 -2.4
v -3.8 4 -2.3
v -3.9 4 -2.4
v -4 4 -2.4
v -3.5 4 -2.5
v -3.6 4 -2.5
v -3.7 4 -2.5
v -3.8 4 -2.5
v -3.9 4 -2.5
v -4 4 -2.5
v -3.5 4 -2.6
v -3.6 4 -2.6
v -3.7 4 -2.6
v -3.8 4 -2.6
v -3.9 4 -2.6
v -4 4 -2.6
v -3.4 4 -2.7
v -3.5 4 -2.7
v -3.6 4 -2.7
v -3.7 4 -2.7
v -3.8 4 -2.7
v -3.9 4 -2.7
v -4 4 -2.7
v -3.4 4 -2.8
v -3.5 4 -2.8
v -3.6 4 -2.8
v -3.7 4 -2.8
v -3.8 4 -2.8
v -3.9 4 -2.8
v -4 4 -2.8
v -3.4 4 -2.9
v -3.5 4 -2.9
v -3.6 4 -2.9
v -3.7 4 -2.9
v -3.8 4 -2.9
v -3.9 4 -2.9
v -4 4 -2.9
v -3.3 4 -3
v -3.4 4 -3
v -3.5 4 -3
v -3.6 4 -3
v -3.7 4 -3
v -3.8 4 -3
v -3.9 4 -3
v -4 4 -3
v -3.2 4 -3.1
v -3.3 4 -3.1
v -3.4 4 -3.1
v -3.5 4 -3.1
v -3.6 4 -3.1
v -3.7 4 -3.1
v -3.8 4 -3.1
v -3.9 4 -3.1
v -4 4 -3.1
v -3.1 4 -3.2
v -3.2 4 -3.2
v -3.3 4 -3.2
v -3.4 4 -3.2
v -3.5 4 -3.2
v -3.6 4 -3.2
v -3.7 4 -3.2
v -3.8 4 -3.2
v -3.9 4 -3.2
v -4 4 -3.2
v -3 4 -3.3
v -3.1 4 -3.3
v -3.2 4 -3.3
v -3.3 4 -3.3
v -3.4 4 -3.3
v -3.5 4 -3.3
v -3.6 4 -3.3
v -3.7 4 -3.3
v -3.8 4 -3.3
v -3.9 4 -3.3
v -4 4 -3.3
v -2.7 4 -3.4
v -3 4 -3.4
v -3.1 4 -3.4
v -3.2 4 -3.4
v -3.3 4 -3.4
v -3.4 4 -3.4
v -3.5 4 -3.4
v -3.6 4 -3.4
v -3.7 4 -3.4
v -3.8 4 -3.4
v -3.9 4 -3.4
v -4 4 -3.4
v -2.4 4 -3.5
v -2.7 4 -3.5
v -2.8 4 -3.5
v -2.8 4 -3.4
v -2.9 4 -3.5
v -2.9 4 -3.4
v -3 4 -3.5
v -3.1 4 -3.5
v -3.2 4 -3.5
v -3.3 4 -3.5
v -3.4 4 -3.5
v -3.5 4 -3.5
v -3.6 4 -3.5
v -3.7 4 -3.5
v -3.8 4 -3.5
v -3.9 4 -3.5
v -4 4 -3.5
v -2.3 4 -3.6
v -2.4 4 -3.6
v -2.5 4 -3.6
v -2.5 4 -3.5
v -2.6 4 -3.6
v -2.6 4 -3.5
v -2.7 4 -3.6
v -2.8 4 -3.6
v -2.9 4 -3.6
v -3 4 -3.6
v -3.1 4 -3.6
v -3.2 4 -3.6
v -3.3 4 -3.6
v -3.4 4 -3.6
v -3.5 4 -3.6
v -3.6 4 -3.6
v -3.7 4 -3.6
v -3.8 4 -3.6
v -3.9 4 -3.6
v -4 4 -3.6
v -2.3 4 -3.7
v -2.4 4 -3.7
v -2.5 4 -3.7
v -2.6 4 -3.7
v -2.7 4 -3.7
v -2.8 4 -3.7
v -2.9 4 -3.7
v -3 4 -3.7
v -3.1 4 -3.7
v -3.2 4 -3.7
v -3.3 4 -3.7
v -3.4 4 -3.7
v -3.5 4 -3.7
v -3.6 4 -3.7
v -3.7 4 -3.7
v -3.8 4 -3.7
v -3.9 4 -3.7
v -4 4 -3.7
v -2.3 4 -3.8
v -2.4 4 -3.8
v -2.5 4 -3.8
v -2.6 4 -3.8
v -2.7 4 -3.8
v -2.8 4 -3.8
v -2.9 4 -3.8
v -3 4 -3.8
v -3.1 4 -3.8
v -3.2 4 -3.8
v -3.3 4 -3.8
v -3.4 4 -3.8
v -3.5 4 -3.8
v -3.6 4 -3.8
v -3.7 4 -3.8
v -3.8 4 -3.8
v -3.9 4 -3.8
v -4 4 -3.8
v -2.2 4 -3.9
v -2.3 4 -3.9
v -2.4 4 -3.9
v -2.5 4 -3.9
v -2.6 4 -3.9
v -2.7 4 -3.9
v -2.8 4 -3.9
v -2.9 4 -3.9
v -3 4 -3.9
v -3.1 4 -3.9
v -3.2 4 -3.9
v -3.3 4 -3.9
v -3.4 4 -3.9
v -3.5 4 -3.9
v -3.6 4 -3.9
v -3.7 4 -3.9
v -3.8 4 -3.9
v -3.9 4 -3.9
v -4 4 -3.9
v -2.3 4 -4
v -2.4 4 -4
v -2.5 4 -4
v -2.6 4 -4
v -2.7 4 -4
v -2.8 4 -4
v -2.9 4 -4
v -3 4 -4
v -3.1 4 -4
v -3.2 4 -4
v -3.3 4 -4
v -3.4 4 -4
v -3.5 4 -4
v -3.6 4 -4
v -3.7 4 -4
v -3.8 4 -4
v -3.9 4 -4
v -4 4 -4
v -4 0 -4
v -4 3 -4
v -4 3.1 -4
v -4 3.2 -4
v -4 3.3 -4
v -4 3.4 -4
v -4 3.5 -4
v -4 3.6 -4
v -4 3.7 -4
v -4 3.8 -4
v -4 3.9 -4
v -4 3.9 -2.3
v -4 3.9 -2.4
v -4 3.9 -2.5
v -4 3.9 -2.6
v -4 3.9 -2.7
v -4 3.9 -2.8
v -4 3.9 -2.9
v -4 3.9 -3
v -4 3.9 -3.1
v -4 3.9 -3.2
v -4 3.9 -3.3
v -4 3.9 -3.4
v -4 3.9 -3.5
v -4 3.9 -3.6
v -4 3.9 -3.7
v -4 3.9 -3.8
v -4 3.9 -3.9
v -2.3 3.9 -4
v -2.4 3.9 -4
v -2.5 3.9 -4
v -2.6 3.9 -4
v -2.7 3.9 -4
v -2.8 3.9 -4
v -2.9 3.9 -4
v -3 3.9 -4
v -3.1 3.9 -4
v -3.2 3.9 -4
v -3.3 3.9 -4
v -3.4 3.9 -4
v -3.5 3.9 -4
v -3.6 3.9 -4
v -3.7 3.9 -4
v -3.8 3.9 -4
v -3.9 3.9 -4

vt 0.0214844 0.5
vt 0.0332031 0.5
vt 0.0371094 0.5
vt 0.0449219 0.5
vt 0.0566406 0.5
vt 0.0605469 0.5
vt 0.0722656 0.5
vt 0.0761719 0.5
vt 0.0839844 0.5
vt 0.0957031 0.5

vn 0 1 0
vn 0 -1 0
vn -1 0 0
vn 1 0 0
vn 0 0 -1
vn 0 0 1

usemtl palette
f 1/2/1 2/2/1 4/2/1
f 4/2/1 2/2/1 3/2/1
f 2/3/1 5/3/1 3/3/1
f 3/3/1 5/3/1 6/3/1
f 7/3/1 8/3/1 10/3/1
f 10/3/1 8/3/1 9/3/1
f 11/3/1 12/3/1 14/3/1
f 14/3/1 12/3/1 13/3/1
f 15/3/1 16/3/1 18/3/1
f 18/3/1 16/3/1 17/3/1
f 19/3/1 20/3/1 22/3/1
f 22/3/1 20/3/1 21/3/1
f 23/3/1 24/3/1 26/3/1
f 26/3/1 24/3/1 25/3/1
f 27/3/1 28/3/1 30/3/1
f 30/3/1 28/3/1 29/3/1
f 31/3/1 32/3/1 34/3/1
f 34/3/1 32/3/1 33/3/1
f 35/3/1 36/3/1 38/3/1
f 38/3/1 36/3/1 37/3/1
f 39/3/1 40/3/1 42/3/1
f 42/3/1 40/3/1 41/3/1
f 43/3/1 44/3/1 46/3/1
f 46/3/1 44/3/1 45/3/1
f 47/3/1 48/3/1 50/3/1
f 50/3/1 48/3/1 49/3/1
f 51/3/1 52/3/1 54/3/1
f 54/3/1 52/3/1 53/3/1
f 55/3/1 56/3/1 58/3/1
f 58/3/1 56/3/1 57/3/1
f 59/3/1 60/3/1 62/3/1
f 62/3/1 60/3/1 61/3/1
f 63/3/1 64/3/1 66/3/1
f 66/3/1 64/3/1 65/3/1
f 67/3/1 68/3/1 70/3/1
f 70/3/1 68/3/1 69/3/1
f 71/3/1 72/3/1 74/3/1
f 74/3/1 72/3/1 73/3/1
f 75/3/1 76/3/1 78/3/1
f 78/3/1 76/3/1 77/3/1
f 79/3/1 80/3/1 82/3/1
f 82/3/1 80/3/1 81/3/1
f 83/3/1 84/3/1 86/3/1
f 86/3/1 84/3/1 85/3/1
f 87/3/1 88/3/1 90/3/1
f 90/3/1 88/3/1 89/3/1
f 91/3/1 92/3/1 94/3/1
f 94/3/1 92/3/1 93/3/1
f 95/3/1 96/3/1 98/3/1
f 98/3/1 96/3/1 97/3/1
f 99/3/1 100/3/1 102/3/1
f 102/3/1 100/3/1 101/3/1
f 103/3/1 104/3/1 106/3/1
f 106/3/1 104/3/1 105/3/1
f 107/3/1 108/3/1 110/3/1
f 110/3/1 108/3/1 109/3/1
f 111/5/1 112/5/1 114/5/1
f 114/5/1 112/5/1 113/5/1
f 115/3/1 116/3/1 118/3/1
f 118/3/1 116/3/1 117/3/1
f 119/3/1 120/3/1 122/3/1
f 122/3/1 120/3/1 121/3/1
f 123/3/1 124/3/1 126/3/1
f 126/3/1 124/3/1 125/3/1
f 127/3/1 128/3/1 130/3/1
f 130/3/1 128/3/1 129/3/1
f 131/3/1 132/3/1 1/3/1
f 1/3/1 132/3/1 2/3/1
f 133/2/1 134/2/1 6/2/1
f 6/2/1 134/2/1 10/2/1
f 135/2/1 136/2/1 9/2/1
f 9/2/1 136/2/1 14/2/1
f 137/2/1 138/2/1 13/2/1
f 13/2/1 138/2/1 18/2/1
f 139/2/1 140/2/1 17/2/1
f 17/2/1 140/2/1 22/2/1
f 141/2/1 142/2/1 21/2/1
f 21/2/1 142/2/1 26/2/1
f 143/2/1 144/2/1 25/2/1
f 25/2/1 144/2/1 30/2/1
f 145/2/1 146/2/1 29/2/1
f 29/2/1 146/2/1 34/2/1
f 147/2/1 148/2/1 33/2/1
f 33/2/1 148/2/1 38/2/1
f 149/2/1 150/2/1 37/2/1
f 37/2/1 150/2/1 42/2/1
f 151/2/1 152/2/1 41/2/1
f 41/2/1 152/2/1 46/2/1
f 153/2/1 154/2/1 45/2/1
f 45/2/1 154/2/1 50/2/1
f 155/2/1 156/2/1 49/2/1
f 49/2/1 156/2/1 54/2/1
f 157/5/1 158/5/1 160/5/1
f 160/5/1 158/5/1 159/5/1
f 161/2/1 162/2/1 115/2/1
f 115/2/1 162/2/1 116/2/1
f 163/2/1 164/2/1 119/2/1
f 119/2/1 164/2/1 120/2/1
f 165/2/1 166/2/1 123/2/1
f 123/2/1 166/2/1 124/2/1
f 167/2/1 168/2/1 127/2/1
f 127/2/1 168/2/1 128/2/1
f 169/2/1 170/2/1 131/2/1
f 131/2/1 170/2/1 132/2/1
f 171/7/1 172/7/1 133/7/1
f 133/7/1 172/7/1 134/7/1
f 172/2/1 173/2/1 7/2/1
f 7/2/1 173/2/1 8/2/1
f 173/7/1 174/7/1 135/7/1
f 135/7/1 174/7/1 136/7/1
f 174/2/1 175/2/1 11/2/1
f 11/2/1 175/2/1 12/2/1
f 175/7/1 176/7/1 137/7/1
f 137/7/1 176/7/1 138/7/1
f 176/2/1 177/2/1 15/2/1
f 15/2/1 177/2/1 16/2/1
f 177/7/1 178/7/1 139/7/1
f 139/7/1 178/7/1 140/7/1
f 178/2/1 179/2/1 19/2/1
f 19/2/1 179/2/1 20/2/1
f 179/7/1 180/7/1 141/7/1
f 141/7/1 180/7/1 142/7/1
f 180/2/1 181/2/1 23/2/1
f 23/2/1 181/2/1 24/2/1
f 181/7/1 182/7/1 143/7/1
f 143/7/1 182/7/1 144/7/1
f 182/2/1 183/2/1 27/2/1
f 27/2/1 183/2/1 28/2/1
f 183/7/1 184/7/1 145/7/1
f 145/7/1 184/7/1 146/7/1
f 184/2/1 185/2/1 31/2/1
f 31/2/1 185/2/1 32/2/1
f 185/7/1 186/7/1 147/7/1
f 147/7/1 186/7/1 148/7/1
f 186/2/1 187/2/1 35/2/1
f 35/2/1 187/2/1 36/2/1
f 187/7/1 188/7/1 149/7/1
f 149/7/1 188/7/1 150/7/1
f 188/2/1 189/2/1 39/2/1
f 39/2/1 189/2/1 40/2/1
f 189/7/1 190/7/1 151/7/1
f 151/7/1 190/7/1 152/7/1
f 190/2/1 191/2/1 43/2/1
f 43/2/1 191/2/1 44/2/1
f 192/2/1 193/2/1 47/2/1
f 47/2/1 193/2/1 48/2/1
f 194/9/1 195/9/1 197/9/1
f 197/9/1 195/9/1 196/9/1
f 198/5/1 199/5/1 201/5/1
f 201/5/1 199/5/1 200/5/1
f 199/5/1 202/5/1 204/5/1
f 204/5/1 202/5/1 203/5/1
f 205/2/1 206/2/1 117/2/1
f 117/2/1 206/2/1 122/2/1
f 207/2/1 208/2/1 121/2/1
f 121/2/1 208/2/1 126/2/1
f 208/7/1 209/7/1 165/7/1
f 165/7/1 209/7/1 166/7/1
f 209/2/1 210/2/1 125/2/1
f 125/2/1 210/2/1 130/2/1
f 210/7/1 211/7/1 167/7/1
f 167/7/1 211/7/1 168/7/1
f 212/3/1 213/3/1 169/3/1
f 169/3/1 213/3/1 170/3/1
f 214/2/1 215/2/1 171/2/1
f 171/2/1 215/2/1 172/2/1
f 215/7/1 216/7/1 172/7/1
f 172/7/1 216/7/1 173/7/1
f 216/2/1 217/2/1 173/2/1
f 173/2/1 217/2/1 174/2/1
f 217/7/1 218/7/1 174/7/1
f 174/7/1 218/7/1 175/7/1
f 218/2/1 219/2/1 175/2/1
f 175/2/1 219/2/1 176/2/1
f 219/7/1 220/7/1 176/7/1
f 176/7/1 220/7/1 177/7/1
f 220/2/1 221/2/1 177/2/1
f 177/2/1 221/2/1 178/2/1
f 221/7/1 222/7/1 178/7/1
f 178/7/1 222/7/1 179/7/1
f 222/2/1 223/2/1 179/2/1
f 179/2/1 223/2/1 180/2/1
f 223/7/1 224/7/1 180/7/1
f 180/7/1 224/7/1 181/7/1
f 224/2/1 225/2/1 181/2/1
f 181/2/1 225/2/1 182/2/1
f 225/7/1 226/7/1 182/7/1
f 182/7/1 226/7/1 183/7/1
f 226/2/1 227/2/1 183/2/1
f 183/2/1 227/2/1 184/2/1
f 227/7/1 228/7/1 184/7/1
f 184/7/1 228/7/1 185/7/1
f 228/2/1 229/2/1 185/2/1
f 185/2/1 229/2/1 186/2/1
f 230/2/1 231/2/1 187/2/1
f 187/2/1 231/2/1 188/2/1
f 232/2/1 233/2/1 189/2/1
f 189/2/1 233/2/1 190/2/1
f 233/7/1 234/7/1 190/7/1
f 190/7/1 234/7/1 191/7/1
f 235/5/1 236/5/1 238/5/1
f 238/5/1 236/5/1 237/5/1
f 239/5/1 240/5/1 242/5/1
f 242/5/1 240/5/1 241/5/1
f 243/5/1 244/5/1 246/5/1
f 246/5/1 244/5/1 245/5/1
f 244/5/1 247/5/1 249/5/1
f 249/5/1 247/5/1 248/5/1
f 250/5/1 251/5/1 253/5/1
f 253/5/1 251/5/1 252/5/1
f 254/9/1 255/9/1 207/9/1
f 207/9/1 255/9/1 208/9/1
f 255/2/1 256/2/1 208/2/1
f 208/2/1 256/2/1 209/2/1
f 257/2/1 258/2/1 210/2/1
f 210/2/1 258/2/1 211/2/1
f 259/2/1 260/2/1 212/2/1
f 212/2/1 260/2/1 213/2/1
f 261/7/1 262/7/1 214/7/1
f 214/7/1 262/7/1 215/7/1
f 262/2/1 263/2/1 215/2/1
f 215/2/1 263/2/1 216/2/1
f 263/7/1 264/7/1 216/7/1
f 216/7/1 264/7/1 217/7/1
f 264/2/1 265/2/1 217/2/1
f 217/2/1 265/2/1 218/2/1
f 265/7/1 266/7/1 218/7/1
f 218/7/1 266/7/1 219/7/1
f 266/2/1 267/2/1 219/2/1
f 219/2/1 267/2/1 220/2/1
f 267/7/1 268/7/1 220/7/1
f 220/7/1 268/7/1 221/7/1
f 268/2/1 269/2/1 221/2/1
f 221/2/1 269/2/1 222/2/1
f 269/7/1 270/7/1 222/7/1
f 222/7/1 270/7/1 223/7/1
f 270/2/1 271/2/1 223/2/1
f 223/2/1 271/2/1 224/2/1
f 271/7/1 272/7/1 224/7/1
f 224/7/1 272/7/1 225/7/1
f 272/2/1 273/2/1 225/2/1
f 225/2/1 273/2/1 226/2/1
f 274/2/1 275/2/1 227/2/1
f 227/2/1 275/2/1 228/2/1
f 276/7/1 277/7/1 232/7/1
f 232/7/1 277/7/1 233/7/1
f 277/9/1 278/9/1 233/9/1
f 233/9/1 278/9/1 234/9/1
f 279/9/1 280/9/1 157/9/1
f 157/9/1 280/9/1 158/9/1
f 281/5/1 282/5/1 284/5/1
f 284/5/1 282/5/1 283/5/1
f 285/6/1 286/6/1 288/6/1
f 288/6/1 286/6/1 287/6/1
f 289/6/1 290/6/1 292/6/1
f 292/6/1 290/6/1 291/6/1
f 293/5/1 294/5/1 296/5/1
f 296/5/1 294/5/1 295/5/1
f 294/5/1 297/5/1 299/5/1
f 299/5/1 297/5/1 298/5/1
f 297/5/1 300/5/1 302/5/1
f 302/5/1 300/5/1 301/5/1
f 303/5/1 304/5/1 306/5/1
f 306/5/1 304/5/1 305/5/1
f 307/6/1 308/6/1 310/6/1
f 310/6/1 308/6/1 309/6/1
f 311/7/1 312/7/1 254/7/1
f 254/7/1 312/7/1 255/7/1
f 312/9/1 313/9/1 255/9/1
f 255/9/1 313/9/1 256/9/1
f 314/3/1 315/3/1 259/3/1
f 259/3/1 315/3/1 260/3/1
f 316/2/1 317/2/1 261/2/1
f 261/2/1 317/2/1 262/2/1
f 317/7/1 318/7/1 262/7/1
f 262/7/1 318/7/1 263/7/1
f 318/2/1 319/2/1 263/2/1
f 263/2/1 319/2/1 264/2/1
f 319/7/1 320/7/1 264/7/1
f 264/7/1 320/7/1 265/7/1
f 320/2/1 321/2/1 265/2/1
f 265/2/1 321/2/1 266/2/1
f 321/7/1 322/7/1 266/7/1
f 266/7/1 322/7/1 267/7/1
f 322/2/1 323/2/1 267/2/1
f 267/2/1 323/2/1 268/2/1
f 323/7/1 324/7/1 268/7/1
f 268/7/1 324/7/1 269/7/1
f 324/2/1 325/2/1 269/2/1
f 269/2/1 325/2/1 270/2/1
f 326/2/1 327/2/1 271/2/1
f 271/2/1 327/2/1 272/2/1
f 328/9/1 329/9/1 276/9/1
f 276/9/1 329/9/1 277/9/1
f 329/7/1 330/7/1 277/7/1
f 277/7/1 330/7/1 278/7/1
f 331/6/1 332/6/1 334/6/1
f 334/6/1 332/6/1 333/6/1
f 335/5/1 336/5/1 338/5/1
f 338/5/1 336/5/1 337/5/1
f 339/5/1 340/5/1 342/5/1
f 342/5/1 340/5/1 341/5/1
f 343/5/1 344/5/1 345/5/1
f 345/5/1 344/5/1 111/5/1
f 346/9/1 347/9/1 311/9/1
f 311/9/1 347/9/1 312/9/1
f 347/7/1 348/7/1 312/7/1
f 312/7/1 348/7/1 313/7/1
f 349/2/1 350/2/1 314/2/1
f 314/2/1 350/2/1 315/2/1
f 351/7/1 352/7/1 316/7/1
f 316/7/1 352/7/1 317/7/1
f 352/2/1 353/2/1 317/2/1
f 317/2/1 353/2/1 318/2/1
f 353/7/1 354/7/1 318/7/1
f 318/7/1 354/7/1 319/7/1
f 354/2/1 355/2/1 319/2/1
f 319/2/1 355/2/1 320/2/1
f 355/7/1 356/7/1 320/7/1
f 320/7/1 356/7/1 321/7/1
f 356/2/1 357/2/1 321/2/1
f 321/2/1 357/2/1 322/2/1
f 357/7/1 358/7/1 322/7/1
f 322/7/1 358/7/1 323/7/1
f 358/2/1 359/2/1 323/2/1
f 323/2/1 359/2/1 324/2/1
f 360/7/1 361/7/1 328/7/1
f 328/7/1 361/7/1 329/7/1
f 361/9/1 362/9/1 329/9/1
f 329/9/1 362/9/1 330/9/1
f 363/5/1 364/5/1 366/5/1
f 366/5/1 364/5/1 365/5/1
f 364/5/1 367/5/1 369/5/1
f 369/5/1 367/5/1 368/5/1
f 370/5/1 371/5/1 373/5/1
f 373/5/1 371/5/1 372/5/1
f 374/9/1 375/9/1 111/9/1
f 111/9/1 375/9/1 112/9/1
f 376/7/1 377/7/1 346/7/1
f 346/7/1 377/7/1 347/7/1
f 377/9/1 378/9/1 347/9/1
f 347/9/1 378/9/1 348/9/1
f 379/3/1 380/3/1 349/3/1
f 349/3/1 380/3/1 350/3/1
f 381/2/1 382/2/1 351/2/1
f 351/2/1 382/2/1 352/2/1
f 382/7/1 383/7/1 352/7/1
f 352/7/1 383/7/1 353/7/1
f 383/2/1 384/2/1 353/2/1
f 353/2/1 384/2/1 354/2/1
f 384/7/1 385/7/1 354/7/1
f 354/7/1 385/7/1 355/7/1
f 385/2/1 386/2/1 355/2/1
f 355/2/1 386/2/1 356/2/1
f 386/7/1 387/7/1 356/7/1
f 356/7/1 387/7/1 357/7/1
f 387/2/1 388/2/1 357/2/1
f 357/2/1 388/2/1 358/2/1
f 389/9/1 390/9/1 360/9/1
f 360/9/1 390/9/1 361/9/1
f 390/7/1 391/7/1 361/7/1
f 361/7/1 391/7/1 362/7/1
f 392/5/1 393/5/1 395/5/1
f 395/5/1 393/5/1 394/5/1
f 393/5/1 396/5/1 398/5/1
f 398/5/1 396/5/1 397/5/1
f 399/6/1 400/6/1 402/6/1
f 402/6/1 400/6/1 401/6/1
f 403/6/1 404/6/1 406/6/1
f 406/6/1 404/6/1 405/6/1
f 407/9/1 408/9/1 343/9/1
f 343/9/1 408/9/1 344/9/1
f 409/9/1 410/9/1 376/9/1
f 376/9/1 410/9/1 377/9/1
f 410/7/1 411/7/1 377/7/1
f 377/7/1 411/7/1 378/7/1
f 412/2/1 413/2/1 379/2/1
f 379/2/1 413/2/1 380/2/1
f 414/7/1 415/7/1 381/7/1
f 381/7/1 415/7/1 382/7/1
f 415/2/1 416/2/1 382/2/1
f 382/2/1 416/2/1 383/2/1
f 416/7/1 417/7/1 383/7/1
f 383/7/1 417/7/1 384/7/1
f 417/2/1 418/2/1 384/2/1
f 384/2/1 418/2/1 385/2/1
f 418/7/1 419/7/1 385/7/1
f 385/7/1 419/7/1 386/7/1
f 419/2/1 420/2/1 386/2/1
f 386/2/1 420/2/1 387/2/1
f 421/7/1 422/7/1 389/7/1
f 389/7/1 422/7/1 390/7/1
f 422/9/1 423/9/1 390/9/1
f 390/9/1 423/9/1 391/9/1
f 424/2/1 425/2/1 427/2/1
f 427/2/1 425/2/1 426/2/1
f 428/9/1 429/9/1 431/9/1
f 431/9/1 429/9/1 430/9/1
f 432/6/1 433/6/1 435/6/1
f 435/6/1 433/6/1 434/6/1
f 436/7/1 437/7/1 409/7/1
f 409/7/1 437/7/1 410/7/1
f 437/9/1 438/9/1 410/9/1
f 410/9/1 438/9/1 411/9/1
f 439/3/1 440/3/1 412/3/1
f 412/3/1 440/3/1 413/3/1
f 441/2/1 442/2/1 414/2/1
f 414/2/1 442/2/1 415/2/1
f 442/7/1 443/7/1 415/7/1
f 415/7/1 443/7/1 416/7/1
f 443/2/1 444/2/1 416/2/1
f 416/2/1 444/2/1 417/2/1
f 444/7/1 445/7/1 417/7/1
f 417/7/1 445/7/1 418/7/1
f 445/2/1 446/2/1 418/2/1
f 418/2/1 446/2/1 419/2/1
f 447/9/1 448/9/1 421/9/1
f 421/9/1 448/9/1 422/9/1
f 448/7/1 449/7/1 422/7/1
f 422/7/1 449/7/1 423/7/1
f 450/9/1 451/9/1 235/9/1
f 235/9/1 451/9/1 236/9/1
f 452/6/1 453/6/1 455/6/1
f 455/6/1 453/6/1 454/6/1
f 456/6/1 457/6/1 459/6/1
f 459/6/1 457/6/1 458/6/1
f 460/6/1 461/6/1 463/6/1
f 463/6/1 461/6/1 462/6/1
f 461/6/1 464/6/1 466/6/1
f 466/6/1 464/6/1 465/6/1
f 467/9/1 468/9/1 470/9/1
f 470/9/1 468/9/1 469/9/1
f 471/9/1 472/9/1 436/9/1
f 436/9/1 472/9/1 437/9/1
f 472/7/1 473/7/1 437/7/1
f 437/7/1 473/7/1 438/7/1
f 474/2/1 475/2/1 439/2/1
f 439/2/1 475/2/1 440/2/1
f 476/7/1 477/7/1 441/7/1
f 441/7/1 477/7/1 442/7/1
f 477/2/1 478/2/1 442/2/1
f 442/2/1 478/2/1 443/2/1
f 478/7/1 479/7/1 443/7/1
f 443/7/1 479/7/1 444/7/1
f 479/2/1 480/2/1 444/2/1
f 444/2/1 480/2/1 445/2/1
f 481/7/1 482/7/1 447/7/1
f 447/7/1 482/7/1 448/7/1
f 482/9/1 483/9/1 448/9/1
f 448/9/1 483/9/1 449/9/1
f 484/2/1 485/2/1 487/2/1
f 487/2/1 485/2/1 486/2/1
f 488/9/1 489/9/1 491/9/1
f 491/9/1 489/9/1 490/9/1
f 492/6/1 493/6/1 494/6/1
f 494/6/1 493/6/1 463/6/1
f 495/5/1 496/5/1 498/5/1
f 498/5/1 496/5/1 497/5/1
f 499/7/1 500/7/1 471/7/1
f 471/7/1 500/7/1 472/7/1
f 500/9/1 501/9/1 472/9/1
f 472/9/1 501/9/1 473/9/1
f 502/3/1 503/3/1 474/3/1
f 474/3/1 503/3/1 475/3/1
f 504/2/1 505/2/1 476/2/1
f 476/2/1 505/2/1 477/2/1
f 505/7/1 506/7/1 477/7/1
f 477/7/1 506/7/1 478/7/1
f 506/2/1 507/2/1 478/2/1
f 478/2/1 507/2/1 479/2/1
f 507/7/1 508/7/1 479/7/1
f 479/7/1 508/7/1 480/7/1
f 509/9/1 510/9/1 481/9/1
f 481/9/1 510/9/1 482/9/1
f 510/7/1 511/7/1 482/7/1
f 482/7/1 511/7/1 483/7/1
f 512/9/1 513/9/1 515/9/1
f 515/9/1 513/9/1 514/9/1
f 516/6/1 517/6/1 519/6/1
f 519/6/1 517/6/1 518/6/1
f 520/9/1 521/9/1 523/9/1
f 523/9/1 521/9/1 522/9/1
f 524/9/1 525/9/1 499/9/1
f 499/9/1 525/9/1 500/9/1
f 525/7/1 526/7/1 500/7/1
f 500/7/1 526/7/1 501/7/1
f 527/2/1 528/2/1 502/2/1
f 502/2/1 528/2/1 503/2/1
f 529/7/1 530/7/1 504/7/1
f 504/7/1 530/7/1 505/7/1
f 530/2/1 531/2/1 505/2/1
f 505/2/1 531/2/1 506/2/1
f 531/7/1 532/7/1 506/7/1
f 506/7/1 532/7/1 507/7/1
f 532/2/1 533/2/1 507/2/1
f 507/2/1 533/2/1 508/2/1
f 534/7/1 535/7/1 509/7/1
f 509/7/1 535/7/1 510/7/1
f 535/9/1 536/9/1 510/9/1
f 510/9/1 536/9/1 511/9/1
f 537/5/1 538/5/1 540/5/1
f 540/5/1 538/5/1 539/5/1
f 541/5/1 542/5/1 544/5/1
f 544/5/1 542/5/1 543/5/1
f 542/5/1 545/5/1 547/5/1
f 547/5/1 545/5/1 546/5/1
f 548/9/1 549/9/1 551/9/1
f 551/9/1 549/9/1 550/9/1
f 552/7/1 553/7/1 524/7/1
f 524/7/1 553/7/1 525/7/1
f 553/9/1 554/9/1 525/9/1
f 525/9/1 554/9/1 526/9/1
f 555/3/1 556/3/1 527/3/1
f 527/3/1 556/3/1 528/3/1
f 557/2/1 558/2/1 529/2/1
f 529/2/1 558/2/1 530/2/1
f 558/7/1 559/7/1 530/7/1
f 530/7/1 559/7/1 531/7/1
f 559/2/1 560/2/1 531/2/1
f 531/2/1 560/2/1 532/2/1
f 561/9/1 562/9/1 534/9/1
f 534/9/1 562/9/1 535/9/1
f 562/7/1 563/7/1 535/7/1
f 535/7/1 563/7/1 536/7/1
f 564/5/1 565/5/1 512/5/1
f 512/5/1 565/5/1 513/5/1
f 566/5/1 567/5/1 569/5/1
f 569/5/1 567/5/1 568/5/1
f 567/5/1 570/5/1 571/5/1
f 571/5/1 570/5/1 395/5/1
f 570/5/1 572/5/1 574/5/1
f 574/5/1 572/5/1 573/5/1
f 575/6/1 576/6/1 578/6/1
f 578/6/1 576/6/1 577/6/1
f 579/9/1 580/9/1 370/9/1
f 370/9/1 580/9/1 371/9/1
f 581/2/1 582/2/1 584/2/1
f 584/2/1 582/2/1 583/2/1
f 585/9/1 586/9/1 588/9/1
f 588/9/1 586/9/1 587/9/1
f 589/9/1 590/9/1 552/9/1
f 552/9/1 590/9/1 553/9/1
f 590/7/1 591/7/1 553/7/1
f 553/7/1 591/7/1 554/7/1
f 592/2/1 593/2/1 555/2/1
f 555/2/1 593/2/1 556/2/1
f 594/7/1 595/7/1 557/7/1
f 557/7/1 595/7/1 558/7/1
f 595/2/1 596/2/1 558/2/1
f 558/2/1 596/2/1 559/2/1
f 596/7/1 597/7/1 559/7/1
f 559/7/1 597/7/1 560/7/1
f 598/7/1 599/7/1 561/7/1
f 561/7/1 599/7/1 562/7/1
f 599/9/1 600/9/1 562/9/1
f 562/9/1 600/9/1 563/9/1
f 601/9/1 602/9/1 604/9/1
f 604/9/1 602/9/1 603/9/1
f 605/6/1 606/6/1 608/6/1
f 608/6/1 606/6/1 607/6/1
f 609/9/1 610/9/1 612/9/1
f 612/9/1 610/9/1 611/9/1
f 613/7/1 614/7/1 589/7/1
f 589/7/1 614/7/1 590/7/1
f 614/9/1 615/9/1 590/9/1
f 590/9/1 615/9/1 591/9/1
f 616/3/1 617/3/1 592/3/1
f 592/3/1 617/3/1 593/3/1
f 618/2/1 619/2/1 594/2/1
f 594/2/1 619/2/1 595/2/1
f 619/7/1 620/7/1 595/7/1
f 595/7/1 620/7/1 596/7/1
f 620/2/1 621/2/1 596/2/1
f 596/2/1 621/2/1 597/2/1
f 622/9/1 623/9/1 598/9/1
f 598/9/1 623/9/1 599/9/1
f 623/7/1 624/7/1 599/7/1
f 599/7/1 624/7/1 600/7/1
f 625/5/1 626/5/1 628/5/1
f 628/5/1 626/5/1 627/5/1
f 629/5/1 630/5/1 632/5/1
f 632/5/1 630/5/1 631/5/1
f 630/5/1 633/5/1 635/5/1
f 635/5/1 633/5/1 634/5/1
f 633/5/1 636/5/1 638/5/1
f 638/5/1 636/5/1 637/5/1
f 639/9/1 640/9/1 613/9/1
f 613/9/1 640/9/1 614/9/1
f 640/7/1 641/7/1 614/7/1
f 614/7/1 641/7/1 615/7/1
f 642/2/1 643/2/1 616/2/1
f 616/2/1 643/2/1 617/2/1
f 644/7/1 645/7/1 618/7/1
f 618/7/1 645/7/1 619/7/1
f 645/2/1 646/2/1 619/2/1
f 619/2/1 646/2/1 620/2/1
f 647/7/1 648/7/1 622/7/1
f 622/7/1 648/7/1 623/7/1
f 648/9/1 649/9/1 623/9/1
f 623/9/1 649/9/1 624/9/1
f 650/2/1 651/2/1 653/2/1
f 653/2/1 651/2/1 652/2/1
f 654/9/1 655/9/1 657/9/1
f 657/9/1 655/9/1 656/9/1
f 658/7/1 659/7/1 639/7/1
f 639/7/1 659/7/1 640/7/1
f 659/9/1 660/9/1 640/9/1
f 640/9/1 660/9/1 641/9/1
f 661/3/1 662/3/1 642/3/1
f 642/3/1 662/3/1 643/3/1
f 663/2/1 664/2/1 644/2/1
f 644/2/1 664/2/1 645/2/1
f 664/7/1 665/7/1 645/7/1
f 645/7/1 665/7/1 646/7/1
f 666/9/1 667/9/1 647/9/1
f 647/9/1 667/9/1 648/9/1
f 667/7/1 668/7/1 648/7/1
f 648/7/1 668/7/1 649/7/1
f 669/9/1 670/9/1 564/9/1
f 564/9/1 670/9/1 565/9/1
f 671/5/1 672/5/1 674/5/1
f 674/5/1 672/5/1 673/5/1
f 672/5/1 675/5/1 676/5/1
f 676/5/1 675/5/1 545/5/1
f 677/9/1 678/9/1 658/9/1
f 658/9/1 678/9/1 659/9/1
f 678/7/1 679/7/1 659/7/1
f 659/7/1 679/7/1 660/7/1
f 680/2/1 681/2/1 661/2/1
f 661/2/1 681/2/1 662/2/1
f 682/7/1 683/7/1 663/7/1
f 663/7/1 683/7/1 664/7/1
f 683/2/1 684/2/1 664/2/1
f 664/2/1 684/2/1 665/2/1
f 685/7/1 686/7/1 666/7/1
f 666/7/1 686/7/1 667/7/1
f 686/9/1 687/9/1 667/9/1
f 667/9/1 687/9/1 668/9/1
f 688/6/1 689/6/1 691/6/1
f 691/6/1 689/6/1 690/6/1
f 692/5/1 693/5/1 695/5/1
f 695/5/1 693/5/1 694/5/1
f 693/5/1 696/5/1 698/5/1
f 698/5/1 696/5/1 697/5/1
f 696/5/1 699/5/1 701/5/1
f 701/5/1 699/5/1 700/5/1
f 702/6/1 703/6/1 705/6/1
f 705/6/1 703/6/1 704/6/1
f 706/5/1 707/5/1 609/5/1
f 609/5/1 707/5/1 610/5/1
f 708/7/1 709/7/1 677/7/1
f 677/7/1 709/7/1 678/7/1
f 709/9/1 710/9/1 678/9/1
f 678/9/1 710/9/1 679/9/1
f 711/3/1 712/3/1 680/3/1
f 680/3/1 712/3/1 681/3/1
f 713/2/1 714/2/1 682/2/1
f 682/2/1 714/2/1 683/2/1
f 714/7/1 715/7/1 683/7/1
f 683/7/1 715/7/1 684/7/1
f 716/9/1 717/9/1 685/9/1
f 685/9/1 717/9/1 686/9/1
f 717/7/1 718/7/1 686/7/1
f 686/7/1 718/7/1 687/7/1
f 719/5/1 720/5/1 669/5/1
f 669/5/1 720/5/1 670/5/1
f 721/6/1 722/6/1 723/6/1
f 723/6/1 722/6/1 705/6/1
f 724/5/1 725/5/1 727/5/1
f 727/5/1 725/5/1 726/5/1
f 728/9/1 729/9/1 731/9/1
f 731/9/1 729/9/1 730/9/1
f 732/9/1 733/9/1 708/9/1
f 708/9/1 733/9/1 709/9/1
f 733/7/1 734/7/1 709/7/1
f 709/7/1 734/7/1 710/7/1
f 735/2/1 736/2/1 711/2/1
f 711/2/1 736/2/1 712/2/1
f 737/7/1 738/7/1 713/7/1
f 713/7/1 738/7/1 714/7/1
f 738/2/1 739/2/1 714/2/1
f 714/2/1 739/2/1 715/2/1
f 740/7/1 741/7/1 716/7/1
f 716/7/1 741/7/1 717/7/1
f 741/9/1 742/9/1 717/9/1
f 717/9/1 742/9/1 718/9/1
f 743/9/1 744/9/1 746/9/1
f 746/9/1 744/9/1 745/9/1
f 747/7/1 748/7/1 732/7/1
f 732/7/1 748/7/1 733/7/1
f 748/9/1 749/9/1 733/9/1
f 733/9/1 749/9/1 734/9/1
f 750/3/1 751/3/1 735/3/1
f 735/3/1 751/3/1 736/3/1
f 752/2/1 753/2/1 737/2/1
f 737/2/1 753/2/1 738/2/1
f 754/9/1 755/9/1 740/9/1
f 740/9/1 755/9/1 741/9/1
f 755/7/1 756/7/1 741/7/1
f 741/7/1 756/7/1 742/7/1
f 757/6/1 758/6/1 760/6/1
f 760/6/1 758/6/1 759/6/1
f 761/6/1 762/6/1 764/6/1
f 764/6/1 762/6/1 763/6/1
f 765/9/1 766/9/1 747/9/1
f 747/9/1 766/9/1 748/9/1
f 766/7/1 767/7/1 748/7/1
f 748/7/1 767/7/1 749/7/1
f 768/2/1 769/2/1 750/2/1
f 750/2/1 769/2/1 751/2/1
f 770/7/1 771/7/1 752/7/1
f 752/7/1 771/7/1 753/7/1
f 772/7/1 773/7/1 754/7/1
f 754/7/1 773/7/1 755/7/1
f 773/9/1 774/9/1 755/9/1
f 755/9/1 774/9/1 756/9/1
f 775/5/1 776/5/1 778/5/1
f 778/5/1 776/5/1 777/5/1
f 779/7/1 780/7/1 765/7/1
f 765/7/1 780/7/1 766/7/1
f 780/9/1 781/9/1 766/9/1
f 766/9/1 781/9/1 767/9/1
f 782/3/1 783/3/1 768/3/1
f 768/3/1 783/3/1 769/3/1
f 784/2/1 785/2/1 770/2/1
f 770/2/1 785/2/1 771/2/1
f 786/9/1 787/9/1 772/9/1
f 772/9/1 787/9/1 773/9/1
f 787/7/1 788/7/1 773/7/1
f 773/7/1 788/7/1 774/7/1
f 789/6/1 790/6/1 791/6/1
f 791/6/1 790/6/1 760/6/1
f 792/5/1 793/5/1 795/5/1
f 795/5/1 793/5/1 794/5/1
f 793/5/1 796/5/1 798/5/1
f 798/5/1 796/5/1 797/5/1
f 799/9/1 800/9/1 779/9/1
f 779/9/1 800/9/1 780/9/1
f 800/7/1 801/7/1 780/7/1
f 780/7/1 801/7/1 781/7/1
f 802/2/1 803/2/1 782/2/1
f 782/2/1 803/2/1 783/2/1
f 804/7/1 805/7/1 784/7/1
f 784/7/1 805/7/1 785/7/1
f 806/7/1 807/7/1 786/7/1
f 786/7/1 807/7/1 787/7/1
f 807/9/1 808/9/1 787/9/1
f 787/9/1 808/9/1 788/9/1
f 809/5/1 810/5/1 812/5/1
f 812/5/1 810/5/1 811/5/1
f 810/5/1 813/5/1 815/5/1
f 815/5/1 813/5/1 814/5/1
f 816/7/1 817/7/1 799/7/1
f 799/7/1 817/7/1 800/7/1
f 817/9/1 818/9/1 800/9/1
f 800/9/1 818/9/1 801/9/1
f 819/3/1 820/3/1 802/3/1
f 802/3/1 820/3/1 803/3/1
f 821/2/1 822/2/1 804/2/1
f 804/2/1 822/2/1 805/2/1
f 823/9/1 824/9/1 806/9/1
f 806/9/1 824/9/1 807/9/1
f 824/7/1 825/7/1 807/7/1
f 807/7/1 825/7/1 808/7/1
f 826/2/1 827/2/1 829/2/1
f 829/2/1 827/2/1 828/2/1
f 830/9/1 831/9/1 833/9/1
f 833/9/1 831/9/1 832/9/1
f 834/6/1 835/6/1 837/6/1
f 837/6/1 835/6/1 836/6/1
f 838/9/1 839/9/1 816/9/1
f 816/9/1 839/9/1 817/9/1
f 839/7/1 840/7/1 817/7/1
f 817/7/1 840/7/1 818/7/1
f 841/2/1 842/2/1 819/2/1
f 819/2/1 842/2/1 820/2/1
f 843/7/1 844/7/1 821/7/1
f 821/7/1 844/7/1 822/7/1
f 845/7/1 846/7/1 823/7/1
f 823/7/1 846/7/1 824/7/1
f 846/9/1 847/9/1 824/9/1
f 824/9/1 847/9/1 825/9/1
f 848/9/1 849/9/1 719/9/1
f 719/9/1 849/9/1 720/9/1
f 850/6/1 851/6/1 853/6/1
f 853/6/1 851/6/1 852/6/1
f 854/6/1 855/6/1 857/6/1
f 857/6/1 855/6/1 856/6/1
f 858/5/1 859/5/1 860/5/1
f 860/5/1 859/5/1 674/5/1
f 861/6/1 862/6/1 864/6/1
f 864/6/1 862/6/1 863/6/1
f 865/7/1 866/7/1 838/7/1
f 838/7/1 866/7/1 839/7/1
f 866/9/1 867/9/1 839/9/1
f 839/9/1 867/9/1 840/9/1
f 868/3/1 869/3/1 841/3/1
f 841/3/1 869/3/1 842/3/1
f 870/2/1 871/2/1 843/2/1
f 843/2/1 871/2/1 844/2/1
f 872/9/1 873/9/1 845/9/1
f 845/9/1 873/9/1 846/9/1
f 873/7/1 874/7/1 846/7/1
f 846/7/1 874/7/1 847/7/1
f 875/6/1 876/6/1 877/6/1
f 877/6/1 876/6/1 864/6/1
f 878/9/1 879/9/1 881/9/1
f 881/9/1 879/9/1 880/9/1
f 882/9/1 883/9/1 865/9/1
f 865/9/1 883/9/1 866/9/1
f 883/7/1 884/7/1 866/7/1
f 866/7/1 884/7/1 867/7/1
f 885/2/1 886/2/1 868/2/1
f 868/2/1 886/2/1 869/2/1
f 887/7/1 888/7/1 870/7/1
f 870/7/1 888/7/1 871/7/1
f 889/7/1 890/7/1 872/7/1
f 872/7/1 890/7/1 873/7/1
f 890/9/1 891/9/1 873/9/1
f 873/9/1 891/9/1 874/9/1
f 892/5/1 893/5/1 848/5/1
f 848/5/1 893/5/1 849/5/1
f 894/5/1 895/5/1 897/5/1
f 897/5/1 895/5/1 896/5/1
f 898/6/1 899/6/1 900/6/1
f 900/6/1 899/6/1 851/6/1
f 899/6/1 901/6/1 902/6/1
f 902/6/1 901/6/1 857/6/1
f 903/9/1 904/9/1 706/9/1
f 706/9/1 904/9/1 707/9/1
f 905/7/1 906/7/1 882/7/1
f 882/7/1 906/7/1 883/7/1
f 906/9/1 907/9/1 883/9/1
f 883/9/1 907/9/1 884/9/1
f 908/3/1 909/3/1 885/3/1
f 885/3/1 909/3/1 886/3/1
f 910/2/1 911/2/1 887/2/1
f 887/2/1 911/2/1 888/2/1
f 912/9/1 913/9/1 889/9/1
f 889/9/1 913/9/1 890/9/1
f 913/7/1 914/7/1 890/7/1
f 890/7/1 914/7/1 891/7/1
f 915/9/1 916/9/1 918/9/1
f 918/9/1 916/9/1 917/9/1
f 919/6/1 920/6/1 922/6/1
f 922/6/1 920/6/1 921/6/1
f 923/6/1 924/6/1 926/6/1
f 926/6/1 924/6/1 925/6/1
f 924/6/1 927/6/1 929/6/1
f 929/6/1 927/6/1 928/6/1
f 930/9/1 931/9/1 905/9/1
f 905/9/1 931/9/1 906/9/1
f 931/7/1 932/7/1 906/7/1
f 906/7/1 932/7/1 907/7/1
f 933/2/1 934/2/1 908/2/1
f 908/2/1 934/2/1 909/2/1
f 935/7/1 936/7/1 910/7/1
f 910/7/1 936/7/1 911/7/1
f 937/7/1 938/7/1 912/7/1
f 912/7/1 938/7/1 913/7/1
f 938/9/1 939/9/1 913/9/1
f 913/9/1 939/9/1 914/9/1
f 940/5/1 941/5/1 943/5/1
f 943/5/1 941/5/1 942/5/1
f 944/7/1 945/7/1 930/7/1
f 930/7/1 945/7/1 931/7/1
f 945/9/1 946/9/1 931/9/1
f 931/9/1 946/9/1 932/9/1
f 947/3/1 948/3/1 933/3/1
f 933/3/1 948/3/1 934/3/1
f 949/2/1 950/2/1 935/2/1
f 935/2/1 950/2/1 936/2/1
f 951/9/1 952/9/1 937/9/1
f 937/9/1 952/9/1 938/9/1
f 952/7/1 953/7/1 938/7/1
f 938/7/1 953/7/1 939/7/1
f 954/5/1 955/5/1 450/5/1
f 450/5/1 955/5/1 451/5/1
f 956/6/1 957/6/1 959/6/1
f 959/6/1 957/6/1 958/6/1
f 960/5/1 961/5/1 963/5/1
f 963/5/1 961/5/1 962/5/1
f 964/5/1 965/5/1 967/5/1
f 967/5/1 965/5/1 966/5/1
f 965/5/1 968/5/1 970/5/1
f 970/5/1 968/5/1 969/5/1
f 971/9/1 972/9/1 944/9/1
f 944/9/1 972/9/1 945/9/1
f 972/7/1 973/7/1 945/7/1
f 945/7/1 973/7/1 946/7/1
f 974/2/1 975/2/1 947/2/1
f 947/2/1 975/2/1 948/2/1
f 976/7/1 977/7/1 949/7/1
f 949/7/1 977/7/1 950/7/1
f 978/7/1 979/7/1 951/7/1
f 951/7/1 979/7/1 952/7/1
f 979/9/1 980/9/1 952/9/1
f 952/9/1 980/9/1 953/9/1
f 981/9/1 982/9/1 892/9/1
f 892/9/1 982/9/1 893/9/1
f 983/5/1 984/5/1 986/5/1
f 986/5/1 984/5/1 985/5/1
f 984/5/1 987/5/1 989/5/1
f 989/5/1 987/5/1 988/5/1
f 990/5/1 991/5/1 992/5/1
f 992/5/1 991/5/1 699/5/1
f 993/5/1 994/5/1 995/5/1
f 995/5/1 994/5/1 961/5/1
f 996/7/1 997/7/1 971/7/1
f 971/7/1 997/7/1 972/7/1
f 997/9/1 998/9/1 972/9/1
f 972/9/1 998/9/1 973/9/1
f 999/3/1 1000/3/1 974/3/1
f 974/3/1 1000/3/1 975/3/1
f 1001/2/1 1002/2/1 976/2/1
f 976/2/1 1002/2/1 977/2/1
f 1003/9/1 1004/9/1 978/9/1
f 978/9/1 1004/9/1 979/9/1
f 1004/7/1 1005/7/1 979/7/1
f 979/7/1 1005/7/1 980/7/1
f 1006/5/1 1007/5/1 1008/5/1
f 1008/5/1 1007/5/1 986/5/1
f 1009/5/1 1010/5/1 1011/5/1
f 1011/5/1 1010/5/1 987/5/1
f 1012/5/1 1013/5/1 1014/5/1
f 1014/5/1 1013/5/1 992/5/1
f 1015/5/1 1016/5/1 1017/5/1
f 1017/5/1 1016/5/1 994/5/1
f 1018/6/1 1019/6/1 1021/6/1
f 1021/6/1 1019/6/1 1020/6/1
f 1022/9/1 1023/9/1 996/9/1
f 996/9/1 1023/9/1 997/9/1
f 1023/7/1 1024/7/1 997/7/1
f 997/7/1 1024/7/1 998/7/1
f 1025/2/1 1026/2/1 999/2/1
f 999/2/1 1026/2/1 1000/2/1
f 1027/7/1 1028/7/1 1001/7/1
f 1001/7/1 1028/7/1 1002/7/1
f 1029/7/1 1030/7/1 1003/7/1
f 1003/7/1 1030/7/1 1004/7/1
f 1030/9/1 1031/9/1 1004/9/1
f 1004/9/1 1031/9/1 1005/9/1
f 1032/2/1 1033/2/1 1035/2/1
f 1035/2/1 1033/2/1 1034/2/1
f 1036/9/1 1037/9/1 1039/9/1
f 1039/9/1 1037/9/1 1038/9/1
f 1040/6/1 1041/6/1 1043/6/1
f 1043/6/1 1041/6/1 1042/6/1
f 1044/5/1 1045/5/1 1047/5/1
f 1047/5/1 1045/5/1 1046/5/1
f 1048/7/1 1049/7/1 1022/7/1
f 1022/7/1 1049/7/1 1023/7/1
f 1049/9/1 1050/9/1 1023/9/1
f 1023/9/1 1050/9/1 1024/9/1
f 1051/3/1 1052/3/1 1025/3/1
f 1025/3/1 1052/3/1 1026/3/1
f 1053/2/1 1054/2/1 1027/2/1
f 1027/2/1 1054/2/1 1028/2/1
f 1055/9/1 1056/9/1 1029/9/1
f 1029/9/1 1056/9/1 1030/9/1
f 1056/7/1 1057/7/1 1030/7/1
f 1030/7/1 1057/7/1 1031/7/1
f 1058/6/1 1059/6/1 1061/6/1
f 1061/6/1 1059/6/1 1060/6/1
f 1062/5/1 1063/5/1 1065/5/1
f 1065/5/1 1063/5/1 1064/5/1
f 1066/5/1 1067/5/1 903/5/1
f 903/5/1 1067/5/1 904/5/1
f 1068/9/1 1069/9/1 1048/9/1
f 1048/9/1 1069/9/1 1049/9/1
f 1069/7/1 1070/7/1 1049/7/1
f 1049/7/1 1070/7/1 1050/7/1
f 1071/2/1 1072/2/1 1051/2/1
f 1051/2/1 1072/2/1 1052/2/1
f 1073/7/1 1074/7/1 1055/7/1
f 1055/7/1 1074/7/1 1056/7/1
f 1074/9/1 1075/9/1 1056/9/1
f 1056/9/1 1075/9/1 1057/9/1
f 1076/2/1 1077/2/1 1079/2/1
f 1079/2/1 1077/2/1 1078/2/1
f 1080/9/1 1081/9/1 1083/9/1
f 1083/9/1 1081/9/1 1082/9/1
f 1084/6/1 1085/6/1 1087/6/1
f 1087/6/1 1085/6/1 1086/6/1
f 1088/6/1 1089/6/1 1091/6/1
f 1091/6/1 1089/6/1 1090/6/1
f 1092/9/1 1093/9/1 1095/9/1
f 1095/9/1 1093/9/1 1094/9/1
f 1096/7/1 1097/7/1 1068/7/1
f 1068/7/1 1097/7/1 1069/7/1
f 1097/9/1 1098/9/1 1069/9/1
f 1069/9/1 1098/9/1 1070/9/1
f 1099/3/1 1100/3/1 1071/3/1
f 1071/3/1 1100/3/1 1072/3/1
f 1101/7/1 1102/7/1 1053/7/1
f 1053/7/1 1102/7/1 1054/7/1
f 1103/9/1 1104/9/1 1073/9/1
f 1073/9/1 1104/9/1 1074/9/1
f 1104/7/1 1105/7/1 1074/7/1
f 1074/7/1 1105/7/1 1075/7/1
f 1106/9/1 1107/9/1 1109/9/1
f 1109/9/1 1107/9/1 1108/9/1
f 1107/9/1 1110/9/1 954/9/1
f 954/9/1 1110/9/1 955/9/1
f 1111/6/1 1112/6/1 1113/6/1
f 1113/6/1 1112/6/1 1059/6/1
f 1114/6/1 1115/6/1 1117/6/1
f 1117/6/1 1115/6/1 1116/6/1
f 1118/6/1 1119/6/1 1121/6/1
f 1121/6/1 1119/6/1 1120/6/1
f 1119/6/1 1122/6/1 1124/6/1
f 1124/6/1 1122/6/1 1123/6/1
f 1125/9/1 1126/9/1 1096/9/1
f 1096/9/1 1126/9/1 1097/9/1
f 1126/7/1 1127/7/1 1097/7/1
f 1097/7/1 1127/7/1 1098/7/1
f 1128/2/1 1129/2/1 1099/2/1
f 1099/2/1 1129/2/1 1100/2/1
f 1130/2/1 1131/2/1 1101/2/1
f 1101/2/1 1131/2/1 1102/2/1
f 1132/7/1 1133/7/1 1103/7/1
f 1103/7/1 1133/7/1 1104/7/1
f 1133/9/1 1134/9/1 1104/9/1
f 1104/9/1 1134/9/1 1105/9/1
f 1135/5/1 1136/5/1 1138/5/1
f 1138/5/1 1136/5/1 1137/5/1
f 1136/5/1 1139/5/1 1141/5/1
f 1141/5/1 1139/5/1 1140/5/1
f 1142/5/1 1143/5/1 579/5/1
f 579/5/1 1143/5/1 580/5/1
f 1144/7/1 1145/7/1 1125/7/1
f 1125/7/1 1145/7/1 1126/7/1
f 1145/9/1 1146/9/1 1126/9/1
f 1126/9/1 1146/9/1 1127/9/1
f 1147/3/1 1148/3/1 1128/3/1
f 1128/3/1 1148/3/1 1129/3/1
f 1149/9/1 1150/9/1 1132/9/1
f 1132/9/1 1150/9/1 1133/9/1
f 1150/7/1 1151/7/1 1133/7/1
f 1133/7/1 1151/7/1 1134/7/1
f 1152/6/1 1153/6/1 1154/6/1
f 1154/6/1 1153/6/1 1112/6/1
f 1153/6/1 1155/6/1 1157/6/1
f 1157/6/1 1155/6/1 1156/6/1
f 1158/6/1 1159/6/1 1161/6/1
f 1161/6/1 1159/6/1 1160/6/1
f 1159/6/1 1162/6/1 1164/6/1
f 1164/6/1 1162/6/1 1163/6/1
f 1165/5/1 1166/5/1 1168/5/1
f 1168/5/1 1166/5/1 1167/5/1
f 1169/9/1 1170/9/1 1066/9/1
f 1066/9/1 1170/9/1 1067/9/1
f 1171/9/1 1172/9/1 1144/9/1
f 1144/9/1 1172/9/1 1145/9/1
f 1172/7/1 1173/7/1 1145/7/1
f 1145/7/1 1173/7/1 1146/7/1
f 1174/2/1 1175/2/1 1147/2/1
f 1147/2/1 1175/2/1 1148/2/1
f 1176/7/1 1177/7/1 1130/7/1
f 1130/7/1 1177/7/1 1131/7/1
f 1178/7/1 1179/7/1 1149/7/1
f 1149/7/1 1179/7/1 1150/7/1
f 1179/9/1 1180/9/1 1150/9/1
f 1150/9/1 1180/9/1 1151/9/1
f 1181/5/1 1182/5/1 1106/5/1
f 1106/5/1 1182/5/1 1110/5/1
f 1183/5/1 1184/5/1 1186/5/1
f 1186/5/1 1184/5/1 1185/5/1
f 1187/7/1 1188/7/1 1171/7/1
f 1171/7/1 1188/7/1 1172/7/1
f 1188/9/1 1189/9/1 1172/9/1
f 1172/9/1 1189/9/1 1173/9/1
f 1190/3/1 1191/3/1 1174/3/1
f 1174/3/1 1191/3/1 1175/3/1
f 1192/2/1 1193/2/1 1176/2/1
f 1176/2/1 1193/2/1 1177/2/1
f 1194/9/1 1195/9/1 1178/9/1
f 1178/9/1 1195/9/1 1179/9/1
f 1195/7/1 1196/7/1 1179/7/1
f 1179/7/1 1196/7/1 1180/7/1
f 1197/9/1 1198/9/1 1200/9/1
f 1200/9/1 1198/9/1 1199/9/1
f 1201/5/1 1202/5/1 1203/5/1
f 1203/5/1 1202/5/1 1182/5/1
f 1204/6/1 1205/6/1 1207/6/1
f 1207/6/1 1205/6/1 1206/6/1
f 1208/6/1 1209/6/1 1211/6/1
f 1211/6/1 1209/6/1 1210/6/1
f 1212/9/1 1213/9/1 1187/9/1
f 1187/9/1 1213/9/1 1188/9/1
f 1213/7/1 1214/7/1 1188/7/1
f 1188/7/1 1214/7/1 1189/7/1
f 1215/2/1 1216/2/1 1190/2/1
f 1190/2/1 1216/2/1 1191/2/1
f 1217/7/1 1218/7/1 1194/7/1
f 1194/7/1 1218/7/1 1195/7/1
f 1218/9/1 1219/9/1 1195/9/1
f 1195/9/1 1219/9/1 1196/9/1
f 1220/9/1 1221/9/1 1181/9/1
f 1181/9/1 1221/9/1 1203/9/1
f 1222/6/1 1223/6/1 1225/6/1
f 1225/6/1 1223/6/1 1224/6/1
f 1226/9/1 1227/9/1 1229/9/1
f 1229/9/1 1227/9/1 1228/9/1
f 1230/7/1 1231/7/1 1212/7/1
f 1212/7/1 1231/7/1 1213/7/1
f 1231/9/1 1232/9/1 1213/9/1
f 1213/9/1 1232/9/1 1214/9/1
f 1233/3/1 1234/3/1 1215/3/1
f 1215/3/1 1234/3/1 1216/3/1
f 1235/7/1 1236/7/1 1192/7/1
f 1192/7/1 1236/7/1 1193/7/1
f 1237/9/1 1238/9/1 1217/9/1
f 1217/9/1 1238/9/1 1218/9/1
f 1238/7/1 1239/7/1 1218/7/1
f 1218/7/1 1239/7/1 1219/7/1
f 1240/5/1 1241/5/1 1243/5/1
f 1243/5/1 1241/5/1 1242/5/1
f 1244/5/1 1245/5/1 1247/5/1
f 1247/5/1 1245/5/1 1246/5/1
f 1248/9/1 1249/9/1 1142/9/1
f 1142/9/1 1249/9/1 1143/9/1
f 1250/9/1 1251/9/1 1253/9/1
f 1253/9/1 1251/9/1 1252/9/1
f 1254/9/1 1255/9/1 1230/9/1
f 1230/9/1 1255/9/1 1231/9/1
f 1255/7/1 1256/7/1 1231/7/1
f 1231/7/1 1256/7/1 1232/7/1
f 1257/2/1 1258/2/1 1233/2/1
f 1233/2/1 1258/2/1 1234/2/1
f 1259/2/1 1260/2/1 1235/2/1
f 1235/2/1 1260/2/1 1236/2/1
f 1261/7/1 1262/7/1 1237/7/1
f 1237/7/1 1262/7/1 1238/7/1
f 1262/9/1 1263/9/1 1238/9/1
f 1238/9/1 1263/9/1 1239/9/1
f 1264/5/1 1265/5/1 1267/5/1
f 1267/5/1 1265/5/1 1266/5/1
f 1268/5/1 1269/5/1 1271/5/1
f 1271/5/1 1269/5/1 1270/5/1
f 1272/5/1 1273/5/1 1275/5/1
f 1275/5/1 1273/5/1 1274/5/1
f 1276/5/1 1277/5/1 1279/5/1
f 1279/5/1 1277/5/1 1278/5/1
f 1280/9/1 1281/9/1 1283/9/1
f 1283/9/1 1281/9/1 1282/9/1
f 1284/7/1 1285/7/1 1254/7/1
f 1254/7/1 1285/7/1 1255/7/1
f 1285/9/1 1286/9/1 1255/9/1
f 1255/9/1 1286/9/1 1256/9/1
f 1287/3/1 1288/3/1 1257/3/1
f 1257/3/1 1288/3/1 1258/3/1
f 1289/7/1 1290/7/1 1259/7/1
f 1259/7/1 1290/7/1 1260/7/1
f 1291/9/1 1292/9/1 1261/9/1
f 1261/9/1 1292/9/1 1262/9/1
f 1292/7/1 1293/7/1 1262/7/1
f 1262/7/1 1293/7/1 1263/7/1
f 1294/6/1 1295/6/1 1297/6/1
f 1297/6/1 1295/6/1 1296/6/1
f 1298/6/1 1299/6/1 1301/6/1
f 1301/6/1 1299/6/1 1300/6/1
f 1302/5/1 1303/5/1 1305/5/1
f 1305/5/1 1303/5/1 1304/5/1
f 1306/9/1 1307/9/1 1284/9/1
f 1284/9/1 1307/9/1 1285/9/1
f 1307/7/1 1308/7/1 1285/7/1
f 1285/7/1 1308/7/1 1286/7/1
f 1309/2/1 1310/2/1 1287/2/1
f 1287/2/1 1310/2/1 1288/2/1
f 1311/2/1 1312/2/1 1289/2/1
f 1289/2/1 1312/2/1 1290/2/1
f 1313/7/1 1314/7/1 1291/7/1
f 1291/7/1 1314/7/1 1292/7/1
f 1314/9/1 1315/9/1 1292/9/1
f 1292/9/1 1315/9/1 1293/9/1
f 1316/2/1 1317/2/1 1319/2/1
f 1319/2/1 1317/2/1 1318/2/1
f 1320/9/1 1321/9/1 1323/9/1
f 1323/9/1 1321/9/1 1322/9/1
f 1324/5/1 1325/5/1 1327/5/1
f 1327/5/1 1325/5/1 1326/5/1
f 1328/7/1 1329/7/1 1306/7/1
f 1306/7/1 1329/7/1 1307/7/1
f 1329/9/1 1330/9/1 1307/9/1
f 1307/9/1 1330/9/1 1308/9/1
f 1331/3/1 1332/3/1 1309/3/1
f 1309/3/1 1332/3/1 1310/3/1
f 1333/7/1 1334/7/1 1311/7/1
f 1311/7/1 1334/7/1 1312/7/1
f 1335/9/1 1336/9/1 1313/9/1
f 1313/9/1 1336/9/1 1314/9/1
f 1336/7/1 1337/7/1 1314/7/1
f 1314/7/1 1337/7/1 1315/7/1
f 1338/2/1 1339/2/1 1341/2/1
f 1341/2/1 1339/2/1 1340/2/1
f 1342/9/1 1343/9/1 1345/9/1
f 1345/9/1 1343/9/1 1344/9/1
f 1346/9/1 1347/9/1 1201/9/1
f 1201/9/1 1347/9/1 1202/9/1
f 1348/6/1 1349/6/1 1351/6/1
f 1351/6/1 1349/6/1 1350/6/1
f 1352/9/1 1353/9/1 1328/9/1
f 1328/9/1 1353/9/1 1329/9/1
f 1353/7/1 1354/7/1 1329/7/1
f 1329/7/1 1354/7/1 1330/7/1
f 1355/2/1 1356/2/1 1331/2/1
f 1331/2/1 1356/2/1 1332/2/1
f 1357/2/1 1358/2/1 1333/2/1
f 1333/2/1 1358/2/1 1334/2/1
f 1359/7/1 1360/7/1 1335/7/1
f 1335/7/1 1360/7/1 1336/7/1
f 1360/9/1 1361/9/1 1336/9/1
f 1336/9/1 1361/9/1 1337/9/1
f 1362/9/1 1363/9/1 1365/9/1
f 1365/9/1 1363/9/1 1364/9/1
f 1366/5/1 1367/5/1 1368/5/1
f 1368/5/1 1367/5/1 897/5/1
f 1369/5/1 1370/5/1 1372/5/1
f 1372/5/1 1370/5/1 1371/5/1
f 1373/5/1 1374/5/1 1375/5/1
f 1375/5/1 1374/5/1 1063/5/1
f 1376/6/1 1377/6/1 1378/6/1
f 1378/6/1 1377/6/1 1299/6/1
f 1377/6/1 1379/6/1 1381/6/1
f 1381/6/1 1379/6/1 1380/6/1
f 1382/5/1 1383/5/1 1280/5/1
f 1280/5/1 1383/5/1 1281/5/1
f 1384/7/1 1385/7/1 1352/7/1
f 1352/7/1 1385/7/1 1353/7/1
f 1385/9/1 1386/9/1 1353/9/1
f 1353/9/1 1386/9/1 1354/9/1
f 1387/3/1 1388/3/1 1355/3/1
f 1355/3/1 1388/3/1 1356/3/1
f 1389/7/1 1390/7/1 1357/7/1
f 1357/7/1 1390/7/1 1358/7/1
f 1391/9/1 1392/9/1 1359/9/1
f 1359/9/1 1392/9/1 1360/9/1
f 1392/7/1 1393/7/1 1360/7/1
f 1360/7/1 1393/7/1 1361/7/1
f 1394/6/1 1395/6/1 1397/6/1
f 1397/6/1 1395/6/1 1396/6/1
f 1398/5/1 1399/5/1 1400/5/1
f 1400/5/1 1399/5/1 943/5/1
f 1399/5/1 1401/5/1 1403/5/1
f 1403/5/1 1401/5/1 1402/5/1
f 1404/9/1 1405/9/1 1407/9/1
f 1407/9/1 1405/9/1 1406/9/1
f 1408/9/1 1409/9/1 1384/9/1
f 1384/9/1 1409/9/1 1385/9/1
f 1409/7/1 1410/7/1 1385/7/1
f 1385/7/1 1410/7/1 1386/7/1
f 1411/2/1 1412/2/1 1387/2/1
f 1387/2/1 1412/2/1 1388/2/1
f 1413/2/1 1414/2/1 1389/2/1
f 1389/2/1 1414/2/1 1390/2/1
f 1415/7/1 1416/7/1 1391/7/1
f 1391/7/1 1416/7/1 1392/7/1
f 1416/9/1 1417/9/1 1392/9/1
f 1392/9/1 1417/9/1 1393/9/1
f 1418/5/1 1419/5/1 1420/5/1
f 1420/5/1 1419/5/1 1372/5/1
f 1421/5/1 1422/5/1 1424/5/1
f 1424/5/1 1422/5/1 1423/5/1
f 1425/7/1 1426/7/1 1408/7/1
f 1408/7/1 1426/7/1 1409/7/1
f 1426/9/1 1427/9/1 1409/9/1
f 1409/9/1 1427/9/1 1410/9/1
f 1428/3/1 1429/3/1 1411/3/1
f 1411/3/1 1429/3/1 1412/3/1
f 1430/7/1 1431/7/1 1413/7/1
f 1413/7/1 1431/7/1 1414/7/1
f 1432/9/1 1433/9/1 1415/9/1
f 1415/9/1 1433/9/1 1416/9/1
f 1433/7/1 1434/7/1 1416/7/1
f 1416/7/1 1434/7/1 1417/7/1
f 1435/5/1 1436/5/1 1438/5/1
f 1438/5/1 1436/5/1 1437/5/1
f 1436/5/1 1439/5/1 1441/5/1
f 1441/5/1 1439/5/1 1440/5/1
f 1442/9/1 1443/9/1 1425/9/1
f 1425/9/1 1443/9/1 1426/9/1
f 1443/7/1 1444/7/1 1426/7/1
f 1426/7/1 1444/7/1 1427/7/1
f 1445/2/1 1446/2/1 1428/2/1
f 1428/2/1 1446/2/1 1429/2/1
f 1447/2/1 1448/2/1 1430/2/1
f 1430/2/1 1448/2/1 1431/2/1
f 1449/7/1 1450/7/1 1432/7/1
f 1432/7/1 1450/7/1 1433/7/1
f 1450/9/1 1451/9/1 1433/9/1
f 1433/9/1 1451/9/1 1434/9/1
f 1452/5/1 1453/5/1 1455/5/1
f 1455/5/1 1453/5/1 1454/5/1
f 1456/7/1 1457/7/1 1442/7/1
f 1442/7/1 1457/7/1 1443/7/1
f 1457/9/1 1458/9/1 1443/9/1
f 1443/9/1 1458/9/1 1444/9/1
f 1459/3/1 1460/3/1 1445/3/1
f 1445/3/1 1460/3/1 1446/3/1
f 1461/7/1 1462/7/1 1447/7/1
f 1447/7/1 1462/7/1 1448/7/1
f 1463/9/1 1464/9/1 1449/9/1
f 1449/9/1 1464/9/1 1450/9/1
f 1464/7/1 1465/7/1 1450/7/1
f 1450/7/1 1465/7/1 1451/7/1
f 1466/5/1 1467/5/1 1362/5/1
f 1362/5/1 1467/5/1 1363/5/1
f 1468/6/1 1469/6/1 1471/6/1
f 1471/6/1 1469/6/1 1470/6/1
f 1472/5/1 1473/5/1 1475/5/1
f 1475/5/1 1473/5/1 1474/5/1
f 1473/5/1 1476/5/1 1478/5/1
f 1478/5/1 1476/5/1 1477/5/1
f 1479/6/1 1480/6/1 1482/6/1
f 1482/6/1 1480/6/1 1481/6/1
f 1483/5/1 1484/5/1 1248/5/1
f 1248/5/1 1484/5/1 1249/5/1
f 1485/9/1 1486/9/1 1456/9/1
f 1456/9/1 1486/9/1 1457/9/1
f 1486/7/1 1487/7/1 1457/7/1
f 1457/7/1 1487/7/1 1458/7/1
f 1488/2/1 1489/2/1 1459/2/1
f 1459/2/1 1489/2/1 1460/2/1
f 1490/2/1 1491/2/1 1461/2/1
f 1461/2/1 1491/2/1 1462/2/1
f 1492/7/1 1493/7/1 1463/7/1
f 1463/7/1 1493/7/1 1464/7/1
f 1493/9/1 1494/9/1 1464/9/1
f 1464/9/1 1494/9/1 1465/9/1
f 1495/9/1 1496/9/1 1498/9/1
f 1498/9/1 1496/9/1 1497/9/1
f 1499/9/1 1500/9/1 1382/9/1
f 1382/9/1 1500/9/1 1383/9/1
f 1501/7/1 1502/7/1 1485/7/1
f 1485/7/1 1502/7/1 1486/7/1
f 1502/9/1 1503/9/1 1486/9/1
f 1486/9/1 1503/9/1 1487/9/1
f 1504/3/1 1505/3/1 1488/3/1
f 1488/3/1 1505/3/1 1489/3/1
f 1506/7/1 1507/7/1 1490/7/1
f 1490/7/1 1507/7/1 1491/7/1
f 1508/9/1 1509/9/1 1492/9/1
f 1492/9/1 1509/9/1 1493/9/1
f 1509/7/1 1510/7/1 1493/7/1
f 1493/7/1 1510/7/1 1494/7/1
f 1511/9/1 1512/9/1 1501/9/1
f 1501/9/1 1512/9/1 1502/9/1
f 1512/7/1 1513/7/1 1502/7/1
f 1502/7/1 1513/7/1 1503/7/1
f 1514/2/1 1515/2/1 1504/2/1
f 1504/2/1 1515/2/1 1505/2/1
f 1516/2/1 1517/2/1 1506/2/1
f 1506/2/1 1517/2/1 1507/2/1
f 1518/7/1 1519/7/1 1508/7/1
f 1508/7/1 1519/7/1 1509/7/1
f 1519/9/1 1520/9/1 1509/9/1
f 1509/9/1 1520/9/1 1510/9/1
f 1521/5/1 1522/5/1 1524/5/1
f 1524/5/1 1522/5/1 1523/5/1
f 1525/6/1 1526/6/1 1528/6/1
f 1528/6/1 1526/6/1 1527/6/1
f 1529/7/1 1530/7/1 1511/7/1
f 1511/7/1 1530/7/1 1512/7/1
f 1530/9/1 1531/9/1 1512/9/1
f 1512/9/1 1531/9/1 1513/9/1
f 1532/3/1 1533/3/1 1514/3/1
f 1514/3/1 1533/3/1 1515/3/1
f 1534/7/1 1535/7/1 1516/7/1
f 1516/7/1 1535/7/1 1517/7/1
f 1536/9/1 1537/9/1 1518/9/1
f 1518/9/1 1537/9/1 1519/9/1
f 1537/7/1 1538/7/1 1519/7/1
f 1519/7/1 1538/7/1 1520/7/1
f 1539/5/1 1540/5/1 1542/5/1
f 1542/5/1 1540/5/1 1541/5/1
f 1543/9/1 1544/9/1 1529/9/1
f 1529/9/1 1544/9/1 1530/9/1
f 1544/7/1 1545/7/1 1530/7/1
f 1530/7/1 1545/7/1 1531/7/1
f 1546/2/1 1547/2/1 1532/2/1
f 1532/2/1 1547/2/1 1533/2/1
f 1548/2/1 1549/2/1 1534/2/1
f 1534/2/1 1549/2/1 1535/2/1
f 1549/7/1 1550/7/1 738/7/1
f 738/7/1 1550/7/1 739/7/1
f 1551/7/1 1552/7/1 1536/7/1
f 1536/7/1 1552/7/1 1537/7/1
f 1552/9/1 1553/9/1 1537/9/1
f 1537/9/1 1553/9/1 1538/9/1
f 1554/6/1 1555/6/1 1557/6/1
f 1557/6/1 1555/6/1 1556/6/1
f 1558/9/1 1559/9/1 1561/9/1
f 1561/9/1 1559/9/1 1560/9/1
f 1562/7/1 1563/7/1 1543/7/1
f 1543/7/1 1563/7/1 1544/7/1
f 1563/9/1 1564/9/1 1544/9/1
f 1544/9/1 1564/9/1 1545/9/1
f 1565/3/1 1566/3/1 1546/3/1
f 1546/3/1 1566/3/1 1547/3/1
f 1567/7/1 1568/7/1 1548/7/1
f 1548/7/1 1568/7/1 1549/7/1
f 1568/2/1 1569/2/1 1549/2/1
f 1549/2/1 1569/2/1 1550/2/1
f 1570/9/1 1571/9/1 1551/9/1
f 1551/9/1 1571/9/1 1552/9/1
f 1571/7/1 1572/7/1 1552/7/1
f 1552/7/1 1572/7/1 1553/7/1
f 1573/6/1 1574/6/1 1576/6/1
f 1576/6/1 1574/6/1 1575/6/1
f 1577/5/1 1578/5/1 1579/5/1
f 1579/5/1 1578/5/1 1476/5/1
f 1580/9/1 1581/9/1 1483/9/1
f 1483/9/1 1581/9/1 1484/9/1
f 1582/9/1 1583/9/1 1562/9/1
f 1562/9/1 1583/9/1 1563/9/1
f 1583/7/1 1584/7/1 1563/7/1
f 1563/7/1 1584/7/1 1564/7/1
f 1585/2/1 1586/2/1 1565/2/1
f 1565/2/1 1586/2/1 1566/2/1
f 1587/2/1 1588/2/1 1567/2/1
f 1567/2/1 1588/2/1 1568/2/1
f 1588/7/1 1589/7/1 1568/7/1
f 1568/7/1 1589/7/1 1569/7/1
f 1590/7/1 1591/7/1 1570/7/1
f 1570/7/1 1591/7/1 1571/7/1
f 1591/9/1 1592/9/1 1571/9/1
f 1571/9/1 1592/9/1 1572/9/1
f 1593/5/1 1594/5/1 1596/5/1
f 1596/5/1 1594/5/1 1595/5/1
f 1597/5/1 1598/5/1 1580/5/1
f 1580/5/1 1598/5/1 1581/5/1
f 1599/7/1 1600/7/1 1582/7/1
f 1582/7/1 1600/7/1 1583/7/1
f 1600/9/1 1601/9/1 1583/9/1
f 1583/9/1 1601/9/1 1584/9/1
f 1602/3/1 1603/3/1 1585/3/1
f 1585/3/1 1603/3/1 1586/3/1
f 1603/2/1 1604/2/1 2/2/1
f 2/2/1 1604/2/1 5/2/1
f 1604/7/1 1605/7/1 1587/7/1
f 1587/7/1 1605/7/1 1588/7/1
f 1605/2/1 1606/2/1 1588/2/1
f 1588/2/1 1606/2/1 1589/2/1
f 1606/7/1 1607/7/1 620/7/1
f 620/7/1 1607/7/1 621/7/1
f 1607/7/1 1608/7/1 532/7/1
f 532/7/1 1608/7/1 533/7/1
f 1608/7/1 1609/7/1 445/7/1
f 445/7/1 1609/7/1 446/7/1
f 1609/7/1 1610/7/1 419/7/1
f 419/7/1 1610/7/1 420/7/1
f 1610/7/1 1611/7/1 387/7/1
f 387/7/1 1611/7/1 388/7/1
f 1611/7/1 1612/7/1 358/7/1
f 358/7/1 1612/7/1 359/7/1
f 1612/7/1 1613/7/1 324/7/1
f 324/7/1 1613/7/1 325/7/1
f 1613/7/1 1614/7/1 270/7/1
f 270/7/1 1614/7/1 271/7/1
f 1614/7/1 1615/7/1 326/7/1
f 326/7/1 1615/7/1 327/7/1
f 1615/7/1 1616/7/1 272/7/1
f 272/7/1 1616/7/1 273/7/1
f 1616/7/1 1617/7/1 226/7/1
f 226/7/1 1617/7/1 227/7/1
f 1617/7/1 1618/7/1 274/7/1
f 274/7/1 1618/7/1 275/7/1
f 1618/7/1 1619/7/1 228/7/1
f 228/7/1 1619/7/1 229/7/1
f 1619/7/1 1620/7/1 186/7/1
f 186/7/1 1620/7/1 187/7/1
f 1620/7/1 1621/7/1 230/7/1
f 230/7/1 1621/7/1 231/7/1
f 1621/7/1 1622/7/1 188/7/1
f 188/7/1 1622/7/1 189/7/1
f 1622/9/1 1623/9/1 1590/9/1
f 1590/9/1 1623/9/1 1591/9/1
f 1623/7/1 1624/7/1 1591/7/1
f 1591/7/1 1624/7/1 1592/7/1
f 1624/9/1 1625/9/1 153/9/1
f 153/9/1 1625/9/1 154/9/1
f 1625/9/1 1626/9/1 192/9/1
f 192/9/1 1626/9/1 193/9/1
f 1626/9/1 1627/9/1 155/9/1
f 155/9/1 1627/9/1 156/9/1
f 1628/2/1 1629/2/1 1631/2/1
f 1631/2/1 1629/2/1 1630/2/1
f 1627/9/1 1632/9/1 1634/9/1
f 1634/9/1 1632/9/1 1633/9/1
f 1635/9/1 1636/9/1 1466/9/1
f 1466/9/1 1636/9/1 1467/9/1
f 1636/5/1 1637/5/1 1346/5/1
f 1346/5/1 1637/5/1 1347/5/1
f 1637/5/1 1638/5/1 1640/5/1
f 1640/5/1 1638/5/1 1639/5/1
f 1638/5/1 1641/5/1 1643/5/1
f 1643/5/1 1641/5/1 1642/5/1
f 1641/5/1 1644/5/1 1646/5/1
f 1646/5/1 1644/5/1 1645/5/1
f 1644/5/1 1647/5/1 1649/5/1
f 1649/5/1 1647/5/1 1648/5/1
f 1650/6/1 1651/6/1 1653/6/1
f 1653/6/1 1651/6/1 1652/6/1
f 1651/6/1 1654/6/1 1656/6/1
f 1656/6/1 1654/6/1 1655/6/1
f 1654/6/1 1657/6/1 1659/6/1
f 1659/6/1 1657/6/1 1658/6/1
f 1657/6/1 1660/6/1 1662/6/1
f 1662/6/1 1660/6/1 1661/6/1
f 1660/6/1 1663/6/1 1665/6/1
f 1665/6/1 1663/6/1 1664/6/1
f 1663/6/1 1666/6/1 1668/6/1
f 1668/6/1 1666/6/1 1667/6/1
f 1666/6/1 1669/6/1 1671/6/1
f 1671/6/1 1669/6/1 1670/6/1
f 1669/6/1 1672/6/1 1674/6/1
f 1674/6/1 1672/6/1 1673/6/1
f 1672/6/1 1675/6/1 1677/6/1
f 1677/6/1 1675/6/1 1676/6/1
f 1675/6/1 1678/6/1 1680/6/1
f 1680/6/1 1678/6/1 1679/6/1
f 1678/6/1 1681/6/1 1683/6/1
f 1683/6/1 1681/6/1 1682/6/1
f 1684/5/1 1685/5/1 1687/5/1
f 1687/5/1 1685/5/1 1686/5/1
f 1685/5/1 1688/5/1 1690/5/1
f 1690/5/1 1688/5/1 1689/5/1
f 1688/5/1 1691/5/1 1692/5/1
f 1692/5/1 1691/5/1 1166/5/1
f 1691/5/1 1693/5/1 1695/5/1
f 1695/5/1 1693/5/1 1694/5/1
f 1693/9/1 1696/9/1 1597/9/1
f 1597/9/1 1696/9/1 1598/9/1
f 1696/9/1 1697/9/1 1699/9/1
f 1699/9/1 1697/9/1 1698/9/1
f 1700/9/1 1701/9/1 1703/9/1
f 1703/9/1 1701/9/1 1702/9/1
f 1701/9/1 1704/9/1 161/9/1
f 161/9/1 1704/9/1 162/9/1
f 1704/9/1 1705/9/1 205/9/1
f 205/9/1 1705/9/1 206/9/1
f 1705/9/1 1706/9/1 163/9/1
f 163/9/1 1706/9/1 164/9/1
f 1706/9/1 1707/9/1 1599/9/1
f 1599/9/1 1707/9/1 1600/9/1
f 1707/7/1 1708/7/1 1600/7/1
f 1600/7/1 1708/7/1 1601/7/1
f 1708/7/1 1709/7/1 209/7/1
f 209/7/1 1709/7/1 210/7/1
f 1709/7/1 1710/7/1 257/7/1
f 257/7/1 1710/7/1 258/7/1
f 515/9/2 279/9/2 514/9/2
f 514/9/2 279/9/2 280/9/2
f 604/9/2 194/9/2 603/9/2
f 603/9/2 194/9/2 195/9/2
f 731/9/2 374/9/2 730/9/2
f 730/9/2 374/9/2 375/9/2
f 746/9/2 601/9/2 745/9/2
f 745/9/2 601/9/2 602/9/2
f 918/9/2 743/9/2 917/9/2
f 917/9/2 743/9/2 744/9/2
f 1200/9/2 915/9/2 1199/9/2
f 1199/9/2 915/9/2 916/9/2
f 1109/9/2 981/9/2 1108/9/2
f 1108/9/2 981/9/2 982/9/2
f 1365/9/2 1220/9/2 1364/9/2
f 1364/9/2 1220/9/2 1221/9/2
f 1498/9/2 1197/9/2 1497/9/2
f 1497/9/2 1197/9/2 1198/9/2
f 1711/9/2 1495/9/2 1635/9/2
f 1635/9/2 1495/9/2 1496/9/2
f 1712/1/2 1713/1/2 1715/1/2
f 1715/1/2 1713/1/2 1714/1/2
f 194/2/3 604/2/3 487/2/3
f 487/2/3 604/2/3 484/2/3
f 374/9/3 731/9/3 584/9/3
f 584/9/3 731/9/3 581/9/3
f 601/2/3 746/2/3 653/2/3
f 653/2/3 746/2/3 650/2/3
f 743/2/3 918/2/3 829/2/3
f 829/2/3 918/2/3 826/2/3
f 915/2/3 1200/2/3 1035/2/3
f 1035/2/3 1200/2/3 1032/2/3
f 1199/9/3 1109/9/3 1033/9/3
f 1033/9/3 1109/9/3 1076/9/3
f 1197/2/3 1498/2/3 1341/2/3
f 1341/2/3 1498/2/3 1338/2/3
f 1495/2/3 1711/2/3 1631/2/3
f 1631/2/3 1711/2/3 1628/2/3
f 53/3/3 52/3/3 160/3/3
f 160/3/3 52/3/3 196/3/3
f 57/3/3 56/3/3 1542/3/3
f 1542/3/3 56/3/3 237/3/3
f 61/3/3 60/3/3 284/3/3
f 284/3/3 60/3/3 365/3/3
f 65/3/3 64/3/3 569/3/3
f 569/3/3 64/3/3 627/3/3
f 69/3/3 68/3/3 204/3/3
f 204/3/3 68/3/3 200/3/3
f 73/3/3 72/3/3 632/3/3
f 632/3/3 72/3/3 397/3/3
f 77/3/3 76/3/3 242/3/3
f 242/3/3 76/3/3 634/3/3
f 81/3/3 80/3/3 338/3/3
f 338/3/3 80/3/3 539/3/3
f 85/3/3 84/3/3 299/3/3
f 299/3/3 84/3/3 295/3/3
f 89/3/3 88/3/3 246/3/3
f 246/3/3 88/3/3 301/3/3
f 93/3/3 92/3/3 306/3/3
f 306/3/3 92/3/3 248/3/3
f 97/3/3 96/3/3 815/3/3
f 815/3/3 96/3/3 341/3/3
f 101/3/3 100/3/3 970/3/3
f 970/3/3 100/3/3 497/3/3
f 105/3/3 104/3/3 373/3/3
f 373/3/3 104/3/3 252/3/3
f 109/3/3 108/3/3 114/3/3
f 114/3/3 108/3/3 111/3/3
f 51/2/3 156/2/3 197/2/3
f 197/2/3 156/2/3 1716/2/3
f 156/9/3 491/9/3 1716/9/3
f 1716/9/3 491/9/3 194/9/3
f 490/9/3 431/9/3 195/9/3
f 195/9/3 431/9/3 279/9/3
f 287/6/3 286/6/3 202/6/3
f 202/6/3 286/6/3 394/6/3
f 291/6/3 290/6/3 240/6/3
f 240/6/3 290/6/3 637/6/3
f 462/6/3 466/6/3 247/6/3
f 247/6/3 466/6/3 303/6/3
f 309/6/3 308/6/3 251/6/3
f 251/6/3 308/6/3 1694/6/3
f 333/6/3 332/6/3 282/6/3
f 282/6/3 332/6/3 368/6/3
f 465/6/3 406/6/3 304/6/3
f 304/6/3 406/6/3 339/6/3
f 405/6/3 404/6/3 340/6/3
f 340/6/3 404/6/3 811/6/3
f 430/9/3 429/9/3 280/9/3
f 280/9/3 429/9/3 514/9/3
f 434/6/3 433/6/3 367/6/3
f 367/6/3 433/6/3 896/6/3
f 454/6/3 453/6/3 396/6/3
f 396/6/3 453/6/3 573/6/3
f 403/6/3 464/6/3 812/6/3
f 812/6/3 464/6/3 546/6/3
f 428/9/3 489/9/3 515/9/3
f 515/9/3 489/9/3 603/9/3
f 460/6/3 493/6/3 547/6/3
f 547/6/3 493/6/3 543/6/3
f 518/6/3 517/6/3 496/6/3
f 496/6/3 517/6/3 726/6/3
f 577/6/3 576/6/3 538/6/3
f 538/6/3 576/6/3 694/6/3
f 488/9/3 657/9/3 604/9/3
f 604/9/3 657/9/3 601/9/3
f 607/6/3 606/6/3 676/6/3
f 676/6/3 606/6/3 673/6/3
f 852/6/3 902/6/3 572/6/3
f 572/6/3 902/6/3 629/6/3
f 656/9/3 655/9/3 602/9/3
f 602/9/3 655/9/3 745/9/3
f 856/6/3 791/6/3 636/6/3
f 636/6/3 791/6/3 692/6/3
f 704/6/3 703/6/3 675/6/3
f 675/6/3 703/6/3 797/6/3
f 702/6/3 722/6/3 798/6/3
f 798/6/3 722/6/3 794/6/3
f 654/9/3 833/9/3 746/9/3
f 746/9/3 833/9/3 743/9/3
f 759/6/3 758/6/3 1014/6/3
f 1014/6/3 758/6/3 1046/6/3
f 763/6/3 762/6/3 725/6/3
f 725/6/3 762/6/3 966/6/3
f 757/6/3 790/6/3 1047/6/3
f 1047/6/3 790/6/3 942/6/3
f 928/6/3 877/6/3 796/6/3
f 796/6/3 877/6/3 809/6/3
f 832/9/3 831/9/3 744/9/3
f 744/9/3 831/9/3 917/9/3
f 789/6/3 855/6/3 1400/6/3
f 1400/6/3 855/6/3 1064/6/3
f 863/6/3 862/6/3 813/6/3
f 813/6/3 862/6/3 1437/6/3
f 861/6/3 876/6/3 1438/6/3
f 1438/6/3 876/6/3 1304/6/3
f 854/6/3 901/6/3 1065/6/3
f 1065/6/3 901/6/3 988/6/3
f 830/9/3 1039/9/3 918/9/3
f 918/9/3 1039/9/3 915/9/3
f 921/6/3 920/6/3 895/6/3
f 895/6/3 920/6/3 1185/6/3
f 875/6/3 927/6/3 1305/6/3
f 1305/6/3 927/6/3 962/6/3
f 958/6/3 957/6/3 941/6/3
f 941/6/3 957/6/3 1402/6/3
f 1038/9/3 1083/9/3 916/9/3
f 916/9/3 1083/9/3 981/9/3
f 1160/6/3 1164/6/3 995/6/3
f 995/6/3 1164/6/3 993/6/3
f 1060/6/3 1157/6/3 1011/6/3
f 1011/6/3 1157/6/3 1009/6/3
f 1163/6/3 1091/6/3 1017/6/3
f 1017/6/3 1091/6/3 1015/6/3
f 1020/6/3 1019/6/3 968/6/3
f 968/6/3 1019/6/3 1167/6/3
f 1156/6/3 1117/6/3 1010/6/3
f 1010/6/3 1117/6/3 1062/6/3
f 1082/9/3 1081/9/3 982/9/3
f 982/9/3 1081/9/3 1108/9/3
f 1090/6/3 1089/6/3 1016/6/3
f 1016/6/3 1089/6/3 1278/6/3
f 1116/6/3 1115/6/3 1375/6/3
f 1375/6/3 1115/6/3 1270/6/3
f 1114/6/3 1155/6/3 1271/6/3
f 1271/6/3 1155/6/3 1242/6/3
f 1088/6/3 1162/6/3 1279/6/3
f 1279/6/3 1162/6/3 1246/6/3
f 1036/9/3 1345/9/3 1200/9/3
f 1200/9/3 1345/9/3 1197/9/3
f 1206/6/3 1205/6/3 1139/6/3
f 1139/6/3 1205/6/3 1371/6/3
f 1210/6/3 1209/6/3 1692/6/3
f 1692/6/3 1209/6/3 1440/6/3
f 1344/9/3 1323/9/3 1198/9/3
f 1198/9/3 1323/9/3 1220/9/3
f 1204/6/3 1223/6/3 1420/6/3
f 1420/6/3 1223/6/3 1645/6/3
f 1661/6/3 1665/6/3 1241/6/3
f 1241/6/3 1665/6/3 1268/6/3
f 1300/6/3 1381/6/3 1245/6/3
f 1245/6/3 1381/6/3 1276/6/3
f 1296/6/3 1295/6/3 1273/6/3
f 1273/6/3 1295/6/3 1423/6/3
f 1380/6/3 1351/6/3 1277/6/3
f 1277/6/3 1351/6/3 1302/6/3
f 1322/9/3 1321/9/3 1221/9/3
f 1221/9/3 1321/9/3 1364/9/3
f 1320/9/3 1343/9/3 1365/9/3
f 1365/9/3 1343/9/3 1497/9/3
f 1350/6/3 1349/6/3 1303/6/3
f 1303/6/3 1349/6/3 1686/6/3
f 1664/6/3 1668/6/3 1269/6/3
f 1269/6/3 1668/6/3 1373/6/3
f 1348/6/3 1379/6/3 1687/6/3
f 1687/6/3 1379/6/3 1477/6/3
f 1396/6/3 1395/6/3 1367/6/3
f 1367/6/3 1395/6/3 1523/6/3
f 1667/6/3 1671/6/3 1374/6/3
f 1374/6/3 1671/6/3 1398/6/3
f 1670/6/3 1674/6/3 1401/6/3
f 1401/6/3 1674/6/3 1421/6/3
f 1673/6/3 1677/6/3 1422/6/3
f 1422/6/3 1677/6/3 1452/6/3
f 1676/6/3 1680/6/3 1453/6/3
f 1453/6/3 1680/6/3 1472/6/3
f 1481/6/3 1480/6/3 1439/6/3
f 1439/6/3 1480/6/3 1689/6/3
f 1342/9/3 1634/9/3 1498/9/3
f 1498/9/3 1634/9/3 1495/9/3
f 1556/6/3 1555/6/3 1522/6/3
f 1522/6/3 1555/6/3 1642/6/3
f 1554/6/3 1574/6/3 1643/6/3
f 1643/6/3 1574/6/3 1639/6/3
f 1679/6/3 1683/6/3 1579/6/3
f 1579/6/3 1683/6/3 1577/6/3
f 1633/9/3 1632/9/3 1496/9/3
f 1496/9/3 1632/9/3 1635/9/3
f 1682/6/3 1681/6/3 1578/6/3
f 1578/6/3 1681/6/3 1684/6/3
f 1717/1/4 1713/1/4 1718/1/4
f 1718/1/4 1713/1/4 1712/1/4
f 1719/8/4 1717/8/4 1720/8/4
f 1720/8/4 1717/8/4 1718/8/4
f 1721/1/4 1719/1/4 1722/1/4
f 1722/1/4 1719/1/4 1720/1/4
f 1723/8/4 1721/8/4 1724/8/4
f 1724/8/4 1721/8/4 1722/8/4
f 1725/1/4 1723/1/4 1726/1/4
f 1726/1/4 1723/1/4 1724/1/4
f 1727/4/4 1725/4/4 1728/4/4
f 1728/4/4 1725/4/4 1726/4/4
f 1729/1/4 1727/1/4 1730/1/4
f 1730/1/4 1727/1/4 1728/1/4
f 1731/4/4 1729/4/4 1732/4/4
f 1732/4/4 1729/4/4 1730/4/4
f 1733/1/4 1731/1/4 1734/1/4
f 1734/1/4 1731/1/4 1732/1/4
f 195/9/4 486/9/4 279/9/4
f 279/9/4 486/9/4 427/9/4
f 280/9/4 426/9/4 514/9/4
f 514/9/4 426/9/4 425/9/4
f 515/9/4 424/9/4 603/9/4
f 603/9/4 424/9/4 485/9/4
f 375/2/4 583/2/4 730/2/4
f 730/2/4 583/2/4 582/2/4
f 602/9/4 652/9/4 745/9/4
f 745/9/4 652/9/4 651/9/4
f 744/9/4 828/9/4 917/9/4
f 917/9/4 828/9/4 827/9/4
f 916/9/4 1034/9/4 981/9/4
f 981/9/4 1034/9/4 1079/9/4
f 982/9/4 1078/9/4 1108/9/4
f 1108/9/4 1078/9/4 1077/9/4
f 1198/9/4 1340/9/4 1220/9/4
f 1220/9/4 1340/9/4 1319/9/4
f 1221/9/4 1318/9/4 1364/9/4
f 1364/9/4 1318/9/4 1317/9/4
f 1365/9/4 1316/9/4 1497/9/4
f 1497/9/4 1316/9/4 1339/9/4
f 1735/10/4 1733/10/4 1736/10/4
f 1736/10/4 1733/10/4 1734/10/4
f 1496/9/4 1630/9/4 1635/9/4
f 1635/9/4 1630/9/4 1629/9/4
f 4/2/4 1735/2/4 1/2/4
f 1/2/4 1735/2/4 1737/2/4
f 58/3/4 159/3/4 55/3/4
f 55/3/4 159/3/4 238/3/4
f 62/3/4 1541/3/4 59/3/4
f 59/3/4 1541/3/4 366/3/4
f 66/3/4 283/3/4 63/3/4
f 63/3/4 283/3/4 628/3/4
f 70/3/4 568/3/4 67/3/4
f 67/3/4 568/3/4 201/3/4
f 74/3/4 203/3/4 71/3/4
f 71/3/4 203/3/4 398/3/4
f 78/3/4 631/3/4 75/3/4
f 75/3/4 631/3/4 635/3/4
f 82/3/4 241/3/4 79/3/4
f 79/3/4 241/3/4 540/3/4
f 86/3/4 337/3/4 83/3/4
f 83/3/4 337/3/4 296/3/4
f 90/3/4 298/3/4 87/3/4
f 87/3/4 298/3/4 302/3/4
f 94/3/4 245/3/4 91/3/4
f 91/3/4 245/3/4 249/3/4
f 98/3/4 305/3/4 95/3/4
f 95/3/4 305/3/4 342/3/4
f 102/3/4 814/3/4 99/3/4
f 99/3/4 814/3/4 498/3/4
f 106/3/4 969/3/4 103/3/4
f 103/3/4 969/3/4 253/3/4
f 110/3/4 372/3/4 107/3/4
f 107/3/4 372/3/4 345/3/4
f 118/3/4 113/3/4 115/3/4
f 115/3/4 113/3/4 112/3/4
f 1/3/4 1737/3/4 131/3/4
f 131/3/4 1737/3/4 1738/3/4
f 115/2/4 112/2/4 161/2/4
f 161/2/4 112/2/4 1739/2/4
f 131/2/4 1738/2/4 169/2/4
f 169/2/4 1738/2/4 1740/2/4
f 169/3/4 1740/3/4 212/3/4
f 212/3/4 1740/3/4 1741/3/4
f 212/2/4 1741/2/4 259/2/4
f 259/2/4 1741/2/4 1742/2/4
f 288/6/4 198/6/4 285/6/4
f 285/6/4 198/6/4 571/6/4
f 292/6/4 239/6/4 289/6/4
f 289/6/4 239/6/4 638/6/4
f 494/6/4 243/6/4 458/6/4
f 458/6/4 243/6/4 300/6/4
f 310/6/4 250/6/4 307/6/4
f 307/6/4 250/6/4 1695/6/4
f 259/3/4 1742/3/4 314/3/4
f 314/3/4 1742/3/4 1743/3/4
f 334/6/4 281/6/4 331/6/4
f 331/6/4 281/6/4 369/6/4
f 459/6/4 293/6/4 401/6/4
f 401/6/4 293/6/4 336/6/4
f 314/2/4 1743/2/4 349/2/4
f 349/2/4 1743/2/4 1744/2/4
f 161/9/4 1739/9/4 587/9/4
f 587/9/4 1739/9/4 375/9/4
f 349/3/4 1744/3/4 379/3/4
f 379/3/4 1744/3/4 1745/3/4
f 402/6/4 335/6/4 399/6/4
f 399/6/4 335/6/4 698/6/4
f 588/9/4 374/9/4 469/9/4
f 469/9/4 374/9/4 408/9/4
f 379/2/4 1745/2/4 412/2/4
f 412/2/4 1745/2/4 1746/2/4
f 435/6/4 363/6/4 432/6/4
f 432/6/4 363/6/4 1368/6/4
f 412/3/4 1746/3/4 439/3/4
f 439/3/4 1746/3/4 1747/3/4
f 455/6/4 392/6/4 452/6/4
f 452/6/4 392/6/4 574/6/4
f 400/6/4 697/6/4 456/6/4
f 456/6/4 697/6/4 701/6/4
f 470/9/4 407/9/4 467/9/4
f 467/9/4 407/9/4 523/9/4
f 439/2/4 1747/2/4 474/2/4
f 474/2/4 1747/2/4 1748/2/4
f 457/6/4 700/6/4 492/6/4
f 492/6/4 700/6/4 544/6/4
f 474/3/4 1748/3/4 502/3/4
f 502/3/4 1748/3/4 1749/3/4
f 519/6/4 495/6/4 516/6/4
f 516/6/4 495/6/4 727/6/4
f 468/9/4 522/9/4 550/9/4
f 550/9/4 522/9/4 521/9/4
f 502/2/4 1749/2/4 527/2/4
f 527/2/4 1749/2/4 1750/2/4
f 551/9/4 520/9/4 548/9/4
f 548/9/4 520/9/4 612/9/4
f 527/3/4 1750/3/4 555/3/4
f 555/3/4 1750/3/4 1751/3/4
f 578/6/4 537/6/4 575/6/4
f 575/6/4 537/6/4 695/6/4
f 549/9/4 611/9/4 585/9/4
f 585/9/4 611/9/4 731/9/4
f 555/2/4 1751/2/4 592/2/4
f 592/2/4 1751/2/4 1752/2/4
f 608/6/4 541/6/4 605/6/4
f 605/6/4 541/6/4 860/6/4
f 592/3/4 1752/3/4 616/3/4
f 616/3/4 1752/3/4 1753/3/4
f 853/6/4 566/6/4 690/6/4
f 690/6/4 566/6/4 626/6/4
f 616/2/4 1753/2/4 642/2/4
f 642/2/4 1753/2/4 1754/2/4
f 642/3/4 1754/3/4 661/3/4
f 661/3/4 1754/3/4 1755/3/4
f 661/2/4 1755/2/4 680/2/4
f 680/2/4 1755/2/4 1756/2/4
f 691/6/4 625/6/4 688/6/4
f 688/6/4 625/6/4 778/6/4
f 680/3/4 1756/3/4 711/3/4
f 711/3/4 1756/3/4 1757/3/4
f 723/6/4 671/6/4 721/6/4
f 721/6/4 671/6/4 795/6/4
f 586/9/4 730/9/4 880/9/4
f 880/9/4 730/9/4 729/9/4
f 711/2/4 1757/2/4 735/2/4
f 735/2/4 1757/2/4 1758/2/4
f 735/3/4 1758/3/4 750/3/4
f 750/3/4 1758/3/4 1759/3/4
f 764/6/4 724/6/4 761/6/4
f 761/6/4 724/6/4 967/6/4
f 750/2/4 1759/2/4 768/2/4
f 768/2/4 1759/2/4 1760/2/4
f 689/6/4 777/6/4 836/6/4
f 836/6/4 777/6/4 776/6/4
f 768/3/4 1760/3/4 782/3/4
f 782/3/4 1760/3/4 1761/3/4
f 782/2/4 1761/2/4 802/2/4
f 802/2/4 1761/2/4 1762/2/4
f 802/3/4 1762/3/4 819/3/4
f 819/3/4 1762/3/4 1763/3/4
f 837/6/4 775/6/4 834/6/4
f 834/6/4 775/6/4 1138/6/4
f 819/2/4 1763/2/4 841/2/4
f 841/2/4 1763/2/4 1764/2/4
f 835/6/4 1137/6/4 850/6/4
f 850/6/4 1137/6/4 1008/6/4
f 929/6/4 792/6/4 925/6/4
f 925/6/4 792/6/4 859/6/4
f 841/3/4 1764/3/4 868/3/4
f 868/3/4 1764/3/4 1765/3/4
f 881/9/4 728/9/4 878/9/4
f 878/9/4 728/9/4 1095/9/4
f 868/2/4 1765/2/4 885/2/4
f 885/2/4 1765/2/4 1766/2/4
f 900/6/4 985/6/4 898/6/4
f 898/6/4 985/6/4 989/6/4
f 885/3/4 1766/3/4 908/3/4
f 908/3/4 1766/3/4 1767/3/4
f 922/6/4 894/6/4 919/6/4
f 919/6/4 894/6/4 1186/6/4
f 926/6/4 858/6/4 923/6/4
f 923/6/4 858/6/4 963/6/4
f 908/2/4 1767/2/4 933/2/4
f 933/2/4 1767/2/4 1768/2/4
f 933/3/4 1768/3/4 947/3/4
f 947/3/4 1768/3/4 1769/3/4
f 959/6/4 940/6/4 956/6/4
f 956/6/4 940/6/4 1403/6/4
f 947/2/4 1769/2/4 974/2/4
f 974/2/4 1769/2/4 1770/2/4
f 1161/6/4 960/6/4 1123/6/4
f 1123/6/4 960/6/4 991/6/4
f 974/3/4 1770/3/4 999/3/4
f 999/3/4 1770/3/4 1771/3/4
f 1061/6/4 983/6/4 1042/6/4
f 1042/6/4 983/6/4 1007/6/4
f 1124/6/4 990/6/4 1120/6/4
f 1120/6/4 990/6/4 1013/6/4
f 1021/6/4 964/6/4 1018/6/4
f 1018/6/4 964/6/4 1168/6/4
f 999/2/4 1771/2/4 1025/2/4
f 1025/2/4 1771/2/4 1772/2/4
f 1043/6/4 1006/6/4 1040/6/4
f 1040/6/4 1006/6/4 1141/6/4
f 1121/6/4 1012/6/4 1086/6/4
f 1086/6/4 1012/6/4 1045/6/4
f 1025/3/4 1772/3/4 1051/3/4
f 1051/3/4 1772/3/4 1773/3/4
f 1041/6/4 1140/6/4 1058/6/4
f 1058/6/4 1140/6/4 1327/6/4
f 1051/2/4 1773/2/4 1071/2/4
f 1071/2/4 1773/2/4 1774/2/4
f 1037/9/4 1199/9/4 1080/9/4
f 1080/9/4 1199/9/4 1109/9/4
f 1087/6/4 1044/6/4 1084/6/4
f 1084/6/4 1044/6/4 1275/6/4
f 879/9/4 1094/9/4 1252/9/4
f 1252/9/4 1094/9/4 1093/9/4
f 1071/3/4 1774/3/4 1099/3/4
f 1099/3/4 1774/3/4 1775/3/4
f 1113/6/4 1326/6/4 1111/6/4
f 1111/6/4 1326/6/4 1267/6/4
f 1085/6/4 1274/6/4 1118/6/4
f 1118/6/4 1274/6/4 1455/6/4
f 1099/2/4 1775/2/4 1128/2/4
f 1128/2/4 1775/2/4 1776/2/4
f 1128/3/4 1776/3/4 1147/3/4
f 1147/3/4 1776/3/4 1777/3/4
f 1154/6/4 1266/6/4 1152/6/4
f 1152/6/4 1266/6/4 1243/6/4
f 1122/6/4 1454/6/4 1158/6/4
f 1158/6/4 1454/6/4 1247/6/4
f 1253/9/4 1092/9/4 1228/9/4
f 1228/9/4 1092/9/4 1170/9/4
f 1147/2/4 1777/2/4 1174/2/4
f 1174/2/4 1777/2/4 1778/2/4
f 1207/6/4 1135/6/4 1224/6/4
f 1224/6/4 1135/6/4 1184/6/4
f 1174/3/4 1778/3/4 1190/3/4
f 1190/3/4 1778/3/4 1779/3/4
f 1211/6/4 1165/6/4 1208/6/4
f 1208/6/4 1165/6/4 1441/6/4
f 1190/2/4 1779/2/4 1215/2/4
f 1215/2/4 1779/2/4 1780/2/4
f 1225/6/4 1183/6/4 1222/6/4
f 1222/6/4 1183/6/4 1646/6/4
f 1229/9/4 1169/9/4 1226/9/4
f 1226/9/4 1169/9/4 1283/9/4
f 1215/3/4 1780/3/4 1233/3/4
f 1233/3/4 1780/3/4 1781/3/4
f 1227/9/4 1282/9/4 1250/9/4
f 1250/9/4 1282/9/4 1407/9/4
f 1233/2/4 1781/2/4 1257/2/4
f 1257/2/4 1781/2/4 1782/2/4
f 1662/6/4 1240/6/4 1658/6/4
f 1658/6/4 1240/6/4 1265/6/4
f 1257/3/4 1782/3/4 1287/3/4
f 1287/3/4 1782/3/4 1783/3/4
f 1297/6/4 1272/6/4 1294/6/4
f 1294/6/4 1272/6/4 1424/6/4
f 1301/6/4 1244/6/4 1298/6/4
f 1298/6/4 1244/6/4 1475/6/4
f 1287/2/4 1783/2/4 1309/2/4
f 1309/2/4 1783/2/4 1784/2/4
f 1659/6/4 1264/6/4 1655/6/4
f 1655/6/4 1264/6/4 1325/6/4
f 1309/3/4 1784/3/4 1331/3/4
f 1331/3/4 1784/3/4 1785/3/4
f 1331/2/4 1785/2/4 1355/2/4
f 1355/2/4 1785/2/4 1786/2/4
f 1656/6/4 1324/6/4 1527/6/4
f 1527/6/4 1324/6/4 1370/6/4
f 1378/6/4 1474/6/4 1376/6/4
f 1376/6/4 1474/6/4 1478/6/4
f 1355/3/4 1786/3/4 1387/3/4
f 1387/3/4 1786/3/4 1787/3/4
f 1397/6/4 1366/6/4 1394/6/4
f 1394/6/4 1366/6/4 1524/6/4
f 1251/9/4 1406/9/4 1702/9/4
f 1702/9/4 1406/9/4 1405/9/4
f 1387/2/4 1787/2/4 1411/2/4
f 1411/2/4 1787/2/4 1788/2/4
f 1528/6/4 1369/6/4 1470/6/4
f 1470/6/4 1369/6/4 1419/6/4
f 1411/3/4 1788/3/4 1428/3/4
f 1428/3/4 1788/3/4 1789/3/4
f 1428/2/4 1789/2/4 1445/2/4
f 1445/2/4 1789/2/4 1790/2/4
f 1445/3/4 1790/3/4 1459/3/4
f 1459/3/4 1790/3/4 1791/3/4
f 1471/6/4 1418/6/4 1468/6/4
f 1468/6/4 1418/6/4 1649/6/4
f 1482/6/4 1435/6/4 1479/6/4
f 1479/6/4 1435/6/4 1690/6/4
f 1459/2/4 1791/2/4 1488/2/4
f 1488/2/4 1791/2/4 1792/2/4
f 1703/9/4 1404/9/4 1560/9/4
f 1560/9/4 1404/9/4 1500/9/4
f 1488/3/4 1792/3/4 1504/3/4
f 1504/3/4 1792/3/4 1793/3/4
f 1504/2/4 1793/2/4 1514/2/4
f 1514/2/4 1793/2/4 1794/2/4
f 1469/6/4 1648/6/4 1525/6/4
f 1525/6/4 1648/6/4 1596/6/4
f 1514/3/4 1794/3/4 1532/3/4
f 1532/3/4 1794/3/4 1795/3/4
f 1557/6/4 1521/6/4 1575/6/4
f 1575/6/4 1521/6/4 1540/6/4
f 1532/2/4 1795/2/4 1546/2/4
f 1546/2/4 1795/2/4 1796/2/4
f 1561/9/4 1499/9/4 1558/9/4
f 1558/9/4 1499/9/4 1699/9/4
f 1546/3/4 1796/3/4 1565/3/4
f 1565/3/4 1796/3/4 1797/3/4
f 1576/6/4 1539/6/4 1573/6/4
f 1573/6/4 1539/6/4 1640/6/4
f 1565/2/4 1797/2/4 1585/2/4
f 1585/2/4 1797/2/4 1798/2/4
f 1526/6/4 1595/6/4 1652/6/4
f 1652/6/4 1595/6/4 1594/6/4
f 1585/3/4 1798/3/4 1602/3/4
f 1602/3/4 1798/3/4 1736/3/4
f 1653/6/4 1593/6/4 1650/6/4
f 1650/6/4 1593/6/4 1647/6/4
f 1559/9/4 1698/9/4 1700/9/4
f 1700/9/4 1698/9/4 1697/9/4
f 486/9/5 195/9/5 487/9/5
f 487/9/5 195/9/5 194/9/5
f 652/9/5 602/9/5 653/9/5
f 653/9/5 602/9/5 601/9/5
f 828/9/5 744/9/5 829/9/5
f 829/9/5 744/9/5 743/9/5
f 1034/9/5 916/9/5 1035/9/5
f 1035/9/5 916/9/5 915/9/5
f 1340/9/5 1198/9/5 1341/9/5
f 1341/9/5 1198/9/5 1197/9/5
f 1630/9/5 1496/9/5 1631/9/5
f 1631/9/5 1496/9/5 1495/9/5
f 196/3/5 52/3/5 197/3/5
f 197/3/5 52/3/5 51/3/5
f 603/9/5 489/9/5 604/9/5
f 604/9/5 489/9/5 488/9/5
f 745/9/5 655/9/5 746/9/5
f 746/9/5 655/9/5 654/9/5
f 917/9/5 831/9/5 918/9/5
f 918/9/5 831/9/5 830/9/5
f 1199/9/5 1037/9/5 1200/9/5
f 1200/9/5 1037/9/5 1036/9/5
f 1497/9/5 1343/9/5 1498/9/5
f 1498/9/5 1343/9/5 1342/9/5
f 426/9/5 280/9/5 427/9/5
f 427/9/5 280/9/5 279/9/5
f 1078/9/5 982/9/5 1079/9/5
f 1079/9/5 982/9/5 981/9/5
f 1318/9/5 1221/9/5 1319/9/5
f 1319/9/5 1221/9/5 1220/9/5
f 514/9/5 429/9/5 515/9/5
f 515/9/5 429/9/5 428/9/5
f 1108/9/5 1081/9/5 1109/9/5
f 1109/9/5 1081/9/5 1080/9/5
f 1364/9/5 1321/9/5 1365/9/5
f 1365/9/5 1321/9/5 1320/9/5
f 237/3/5 56/3/5 238/3/5
f 238/3/5 56/3/5 55/3/5
f 1639/6/5 1574/6/5 1640/6/5
f 1640/6/5 1574/6/5 1573/6/5
f 365/3/5 60/3/5 366/3/5
f 366/3/5 60/3/5 59/3/5
f 1523/6/5 1395/6/5 1524/6/5
f 1524/6/5 1395/6/5 1394/6/5
f 1642/6/5 1555/6/5 1643/6/5
f 1643/6/5 1555/6/5 1554/6/5
f 368/6/5 332/6/5 369/6/5
f 369/6/5 332/6/5 331/6/5
f 896/6/5 433/6/5 1368/6/5
f 1368/6/5 433/6/5 432/6/5
f 1185/6/5 920/6/5 1186/6/5
f 1186/6/5 920/6/5 919/6/5
f 1645/6/5 1223/6/5 1646/6/5
f 1646/6/5 1223/6/5 1222/6/5
f 627/3/5 64/3/5 628/3/5
f 628/3/5 64/3/5 63/3/5
f 777/6/5 689/6/5 778/6/5
f 778/6/5 689/6/5 688/6/5
f 1137/6/5 835/6/5 1138/6/5
f 1138/6/5 835/6/5 834/6/5
f 1648/6/5 1469/6/5 1649/6/5
f 1649/6/5 1469/6/5 1468/6/5
f 1140/6/5 1041/6/5 1141/6/5
f 1141/6/5 1041/6/5 1040/6/5
f 1371/6/5 1205/6/5 1420/6/5
f 1420/6/5 1205/6/5 1204/6/5
f 1595/6/5 1526/6/5 1596/6/5
f 1596/6/5 1526/6/5 1525/6/5
f 200/3/5 68/3/5 201/3/5
f 201/3/5 68/3/5 67/3/5
f 1326/6/5 1113/6/5 1327/6/5
f 1327/6/5 1113/6/5 1058/6/5
f 394/6/5 286/6/5 571/6/5
f 571/6/5 286/6/5 285/6/5
f 985/6/5 900/6/5 1008/6/5
f 1008/6/5 900/6/5 850/6/5
f 1266/6/5 1154/6/5 1267/6/5
f 1267/6/5 1154/6/5 1111/6/5
f 397/3/5 72/3/5 398/3/5
f 398/3/5 72/3/5 71/3/5
f 573/6/5 453/6/5 574/6/5
f 574/6/5 453/6/5 452/6/5
f 988/6/5 901/6/5 989/6/5
f 989/6/5 901/6/5 898/6/5
f 1242/6/5 1155/6/5 1243/6/5
f 1243/6/5 1155/6/5 1152/6/5
f 634/3/5 76/3/5 635/3/5
f 635/3/5 76/3/5 75/3/5
f 1270/6/5 1115/6/5 1271/6/5
f 1271/6/5 1115/6/5 1114/6/5
f 637/6/5 290/6/5 638/6/5
f 638/6/5 290/6/5 289/6/5
f 1064/6/5 855/6/5 1065/6/5
f 1065/6/5 855/6/5 854/6/5
f 539/3/5 80/3/5 540/3/5
f 540/3/5 80/3/5 79/3/5
f 694/6/5 576/6/5 695/6/5
f 695/6/5 576/6/5 575/6/5
f 697/6/5 400/6/5 698/6/5
f 698/6/5 400/6/5 399/6/5
f 942/6/5 790/6/5 1400/6/5
f 1400/6/5 790/6/5 789/6/5
f 1402/6/5 957/6/5 1403/6/5
f 1403/6/5 957/6/5 956/6/5
f 295/3/5 84/3/5 296/3/5
f 296/3/5 84/3/5 83/3/5
f 1046/6/5 758/6/5 1047/6/5
f 1047/6/5 758/6/5 757/6/5
f 1274/6/5 1085/6/5 1275/6/5
f 1275/6/5 1085/6/5 1084/6/5
f 1423/6/5 1295/6/5 1424/6/5
f 1424/6/5 1295/6/5 1294/6/5
f 301/3/5 88/3/5 302/3/5
f 302/3/5 88/3/5 87/3/5
f 700/6/5 457/6/5 701/6/5
f 701/6/5 457/6/5 456/6/5
f 1454/6/5 1122/6/5 1455/6/5
f 1455/6/5 1122/6/5 1118/6/5
f 543/6/5 493/6/5 544/6/5
f 544/6/5 493/6/5 492/6/5
f 1474/6/5 1378/6/5 1475/6/5
f 1475/6/5 1378/6/5 1298/6/5
f 248/3/5 92/3/5 249/3/5
f 249/3/5 92/3/5 91/3/5
f 673/6/5 606/6/5 860/6/5
f 860/6/5 606/6/5 605/6/5
f 794/6/5 722/6/5 795/6/5
f 795/6/5 722/6/5 721/6/5
f 1246/6/5 1162/6/5 1247/6/5
f 1247/6/5 1162/6/5 1158/6/5
f 546/6/5 464/6/5 547/6/5
f 547/6/5 464/6/5 460/6/5
f 797/6/5 703/6/5 798/6/5
f 798/6/5 703/6/5 702/6/5
f 962/6/5 927/6/5 963/6/5
f 963/6/5 927/6/5 923/6/5
f 1278/6/5 1089/6/5 1279/6/5
f 1279/6/5 1089/6/5 1088/6/5
f 1477/6/5 1379/6/5 1478/6/5
f 1478/6/5 1379/6/5 1376/6/5
f 341/3/5 96/3/5 342/3/5
f 342/3/5 96/3/5 95/3/5
f 811/6/5 404/6/5 812/6/5
f 812/6/5 404/6/5 403/6/5
f 1304/6/5 876/6/5 1305/6/5
f 1305/6/5 876/6/5 875/6/5
f 1686/6/5 1349/6/5 1687/6/5
f 1687/6/5 1349/6/5 1348/6/5
f 1437/6/5 862/6/5 1438/6/5
f 1438/6/5 862/6/5 861/6/5
f 497/3/5 100/3/5 498/3/5
f 498/3/5 100/3/5 99/3/5
f 726/6/5 517/6/5 727/6/5
f 727/6/5 517/6/5 516/6/5
f 966/6/5 762/6/5 967/6/5
f 967/6/5 762/6/5 761/6/5
f 1440/6/5 1209/6/5 1441/6/5
f 1441/6/5 1209/6/5 1208/6/5
f 1689/6/5 1480/6/5 1690/6/5
f 1690/6/5 1480/6/5 1479/6/5
f 1167/6/5 1019/6/5 1168/6/5
f 1168/6/5 1019/6/5 1018/6/5
f 252/3/5 104/3/5 253/3/5
f 253/3/5 104/3/5 103/3/5
f 1694/6/5 308/6/5 1695/6/5
f 1695/6/5 308/6/5 307/6/5
f 111/3/5 108/3/5 345/3/5
f 345/3/5 108/3/5 107/3/5
f 522/9/5 468/9/5 523/9/5
f 523/9/5 468/9/5 467/9/5
f 611/9/5 549/9/5 612/9/5
f 612/9/5 549/9/5 548/9/5
f 1282/9/5 1227/9/5 1283/9/5
f 1283/9/5 1227/9/5 1226/9/5
f 1698/9/5 1559/9/5 1699/9/5
f 1699/9/5 1559/9/5 1558/9/5
f 583/9/5 375/9/5 584/9/5
f 584/9/5 375/9/5 374/9/5
f 730/9/5 586/9/5 731/9/5
f 731/9/5 586/9/5 585/9/5
f 1094/9/5 879/9/5 1095/9/5
f 1095/9/5 879/9/5 878/9/5
f 1406/9/5 1251/9/5 1407/9/5
f 1407/9/5 1251/9/5 1250/9/5
f 1799/2/6 1735/2/6 3/2/6
f 3/2/6 1735/2/6 4/2/6
f 1800/3/6 1799/3/6 6/3/6
f 6/3/6 1799/3/6 3/3/6
f 1801/2/6 1800/2/6 10/2/6
f 10/2/6 1800/2/6 6/2/6
f 1802/3/6 1801/3/6 9/3/6
f 9/3/6 1801/3/6 10/3/6
f 1803/2/6 1802/2/6 14/2/6
f 14/2/6 1802/2/6 9/2/6
f 1804/3/6 1803/3/6 13/3/6
f 13/3/6 1803/3/6 14/3/6
f 1805/2/6 1804/2/6 18/2/6
f 18/2/6 1804/2/6 13/2/6
f 1806/3/6 1805/3/6 17/3/6
f 17/3/6 1805/3/6 18/3/6
f 1807/2/6 1806/2/6 22/2/6
f 22/2/6 1806/2/6 17/2/6
f 1808/3/6 1807/3/6 21/3/6
f 21/3/6 1807/3/6 22/3/6
f 1809/2/6 1808/2/6 26/2/6
f 26/2/6 1808/2/6 21/2/6
f 1810/3/6 1809/3/6 25/3/6
f 25/3/6 1809/3/6 26/3/6
f 1811/2/6 1810/2/6 30/2/6
f 30/2/6 1810/2/6 25/2/6
f 1812/3/6 1811/3/6 29/3/6
f 29/3/6 1811/3/6 30/3/6
f 1813/2/6 1812/2/6 34/2/6
f 34/2/6 1812/2/6 29/2/6
f 1814/3/6 1813/3/6 33/3/6
f 33/3/6 1813/3/6 34/3/6
f 1815/2/6 1814/2/6 38/2/6
f 38/2/6 1814/2/6 33/2/6
f 1816/3/6 1815/3/6 37/3/6
f 37/3/6 1815/3/6 38/3/6
f 1817/2/6 1816/2/6 42/2/6
f 42/2/6 1816/2/6 37/2/6
f 1818/3/6 1817/3/6 41/3/6
f 41/3/6 1817/3/6 42/3/6
f 1819/2/6 1818/2/6 46/2/6
f 46/2/6 1818/2/6 41/2/6
f 1820/3/6 1819/3/6 45/3/6
f 45/3/6 1819/3/6 46/3/6
f 1821/2/6 1820/2/6 50/2/6
f 50/2/6 1820/2/6 45/2/6
f 1822/3/6 1821/3/6 49/3/6
f 49/3/6 1821/3/6 50/3/6
f 1823/10/6 1733/10/6 1824/10/6
f 1824/10/6 1733/10/6 1735/10/6
f 1824/2/6 1822/2/6 54/2/6
f 54/2/6 1822/2/6 49/2/6
f 485/9/6 484/9/6 603/9/6
f 603/9/6 484/9/6 604/9/6
f 651/9/6 650/9/6 745/9/6
f 745/9/6 650/9/6 746/9/6
f 827/9/6 826/9/6 917/9/6
f 917/9/6 826/9/6 918/9/6
f 1033/9/6 1032/9/6 1199/9/6
f 1199/9/6 1032/9/6 1200/9/6
f 1339/9/6 1338/9/6 1497/9/6
f 1497/9/6 1338/9/6 1498/9/6
f 160/3/6 1824/3/6 53/3/6
f 53/3/6 1824/3/6 54/3/6
f 195/9/6 194/9/6 490/9/6
f 490/9/6 194/9/6 491/9/6
f 602/9/6 601/9/6 656/9/6
f 656/9/6 601/9/6 657/9/6
f 744/9/6 743/9/6 832/9/6
f 832/9/6 743/9/6 833/9/6
f 916/9/6 915/9/6 1038/9/6
f 1038/9/6 915/9/6 1039/9/6
f 1198/9/6 1197/9/6 1344/9/6
f 1344/9/6 1197/9/6 1345/9/6
f 1496/9/6 1495/9/6 1633/9/6
f 1633/9/6 1495/9/6 1634/9/6
f 425/9/6 424/9/6 514/9/6
f 514/9/6 424/9/6 515/9/6
f 1077/9/6 1076/9/6 1108/9/6
f 1108/9/6 1076/9/6 1109/9/6
f 1317/9/6 1316/9/6 1364/9/6
f 1364/9/6 1316/9/6 1365/9/6
f 280/9/6 279/9/6 430/9/6
f 430/9/6 279/9/6 431/9/6
f 982/9/6 981/9/6 1082/9/6
f 1082/9/6 981/9/6 1083/9/6
f 1221/9/6 1220/9/6 1322/9/6
f 1322/9/6 1220/9/6 1323/9/6
f 1542/3/6 159/3/6 57/3/6
f 57/3/6 159/3/6 58/3/6
f 1540/6/6 1539/6/6 1575/6/6
f 1575/6/6 1539/6/6 1576/6/6
f 284/3/6 1541/3/6 61/3/6
f 61/3/6 1541/3/6 62/3/6
f 1367/6/6 1366/6/6 1396/6/6
f 1396/6/6 1366/6/6 1397/6/6
f 1522/6/6 1521/6/6 1556/6/6
f 1556/6/6 1521/6/6 1557/6/6
f 282/6/6 281/6/6 333/6/6
f 333/6/6 281/6/6 334/6/6
f 367/6/6 363/6/6 434/6/6
f 434/6/6 363/6/6 435/6/6
f 895/6/6 894/6/6 921/6/6
f 921/6/6 894/6/6 922/6/6
f 1184/6/6 1183/6/6 1224/6/6
f 1224/6/6 1183/6/6 1225/6/6
f 569/3/6 283/3/6 65/3/6
f 65/3/6 283/3/6 66/3/6
f 626/6/6 625/6/6 690/6/6
f 690/6/6 625/6/6 691/6/6
f 776/6/6 775/6/6 836/6/6
f 836/6/6 775/6/6 837/6/6
f 1419/6/6 1418/6/6 1470/6/6
f 1470/6/6 1418/6/6 1471/6/6
f 1007/6/6 1006/6/6 1042/6/6
f 1042/6/6 1006/6/6 1043/6/6
f 1139/6/6 1135/6/6 1206/6/6
f 1206/6/6 1135/6/6 1207/6/6
f 1370/6/6 1369/6/6 1527/6/6
f 1527/6/6 1369/6/6 1528/6/6
f 1594/6/6 1593/6/6 1652/6/6
f 1652/6/6 1593/6/6 1653/6/6
f 204/3/6 568/3/6 69/3/6
f 69/3/6 568/3/6 70/3/6
f 1325/6/6 1324/6/6 1655/6/6
f 1655/6/6 1324/6/6 1656/6/6
f 202/6/6 198/6/6 287/6/6
f 287/6/6 198/6/6 288/6/6
f 1265/6/6 1264/6/6 1658/6/6
f 1658/6/6 1264/6/6 1659/6/6
f 632/3/6 203/3/6 73/3/6
f 73/3/6 203/3/6 74/3/6
f 396/6/6 392/6/6 454/6/6
f 454/6/6 392/6/6 455/6/6
f 572/6/6 566/6/6 852/6/6
f 852/6/6 566/6/6 853/6/6
f 1011/6/6 983/6/6 1060/6/6
f 1060/6/6 983/6/6 1061/6/6
f 1010/6/6 1009/6/6 1156/6/6
f 1156/6/6 1009/6/6 1157/6/6
f 1241/6/6 1240/6/6 1661/6/6
f 1661/6/6 1240/6/6 1662/6/6
f 242/3/6 631/3/6 77/3/6
f 77/3/6 631/3/6 78/3/6
f 1375/6/6 1062/6/6 1116/6/6
f 1116/6/6 1062/6/6 1117/6/6
f 1269/6/6 1268/6/6 1664/6/6
f 1664/6/6 1268/6/6 1665/6/6
f 240/6/6 239/6/6 291/6/6
f 291/6/6 239/6/6 292/6/6
f 636/6/6 629/6/6 856/6/6
f 856/6/6 629/6/6 902/6/6
f 1374/6/6 1373/6/6 1667/6/6
f 1667/6/6 1373/6/6 1668/6/6
f 338/3/6 241/3/6 81/3/6
f 81/3/6 241/3/6 82/3/6
f 538/6/6 537/6/6 577/6/6
f 577/6/6 537/6/6 578/6/6
f 336/6/6 335/6/6 401/6/6
f 401/6/6 335/6/6 402/6/6
f 941/6/6 940/6/6 958/6/6
f 958/6/6 940/6/6 959/6/6
f 1401/6/6 1398/6/6 1670/6/6
f 1670/6/6 1398/6/6 1671/6/6
f 299/3/6 337/3/6 85/3/6
f 85/3/6 337/3/6 86/3/6
f 1014/6/6 692/6/6 759/6/6
f 759/6/6 692/6/6 791/6/6
f 1045/6/6 1044/6/6 1086/6/6
f 1086/6/6 1044/6/6 1087/6/6
f 1273/6/6 1272/6/6 1296/6/6
f 1296/6/6 1272/6/6 1297/6/6
f 1422/6/6 1421/6/6 1673/6/6
f 1673/6/6 1421/6/6 1674/6/6
f 1013/6/6 1012/6/6 1120/6/6
f 1120/6/6 1012/6/6 1121/6/6
f 246/3/6 298/3/6 89/3/6
f 89/3/6 298/3/6 90/3/6
f 300/6/6 293/6/6 458/6/6
f 458/6/6 293/6/6 459/6/6
f 991/6/6 990/6/6 1123/6/6
f 1123/6/6 990/6/6 1124/6/6
f 1453/6/6 1452/6/6 1676/6/6
f 1676/6/6 1452/6/6 1677/6/6
f 859/6/6 858/6/6 925/6/6
f 925/6/6 858/6/6 926/6/6
f 995/6/6 960/6/6 1160/6/6
f 1160/6/6 960/6/6 1161/6/6
f 306/3/6 245/3/6 93/3/6
f 93/3/6 245/3/6 94/3/6
f 247/6/6 243/6/6 462/6/6
f 462/6/6 243/6/6 494/6/6
f 676/6/6 541/6/6 607/6/6
f 607/6/6 541/6/6 608/6/6
f 1017/6/6 993/6/6 1163/6/6
f 1163/6/6 993/6/6 1164/6/6
f 1245/6/6 1244/6/6 1300/6/6
f 1300/6/6 1244/6/6 1301/6/6
f 1579/6/6 1472/6/6 1679/6/6
f 1679/6/6 1472/6/6 1680/6/6
f 304/6/6 303/6/6 465/6/6
f 465/6/6 303/6/6 466/6/6
f 675/6/6 671/6/6 704/6/6
f 704/6/6 671/6/6 723/6/6
f 796/6/6 792/6/6 928/6/6
f 928/6/6 792/6/6 929/6/6
f 1016/6/6 1015/6/6 1090/6/6
f 1090/6/6 1015/6/6 1091/6/6
f 1277/6/6 1276/6/6 1380/6/6
f 1380/6/6 1276/6/6 1381/6/6
f 1578/6/6 1577/6/6 1682/6/6
f 1682/6/6 1577/6/6 1683/6/6
f 815/3/6 305/3/6 97/3/6
f 97/3/6 305/3/6 98/3/6
f 340/6/6 339/6/6 405/6/6
f 405/6/6 339/6/6 406/6/6
f 1303/6/6 1302/6/6 1350/6/6
f 1350/6/6 1302/6/6 1351/6/6
f 813/6/6 809/6/6 863/6/6
f 863/6/6 809/6/6 877/6/6
f 970/3/6 814/3/6 101/3/6
f 101/3/6 814/3/6 102/3/6
f 496/6/6 495/6/6 518/6/6
f 518/6/6 495/6/6 519/6/6
f 725/6/6 724/6/6 763/6/6
f 763/6/6 724/6/6 764/6/6
f 1692/6/6 1165/6/6 1210/6/6
f 1210/6/6 1165/6/6 1211/6/6
f 1439/6/6 1435/6/6 1481/6/6
f 1481/6/6 1435/6/6 1482/6/6
f 968/6/6 964/6/6 1020/6/6
f 1020/6/6 964/6/6 1021/6/6
f 373/3/6 969/3/6 105/3/6
f 105/3/6 969/3/6 106/3/6
f 251/6/6 250/6/6 309/6/6
f 309/6/6 250/6/6 310/6/6
f 114/3/6 372/3/6 109/3/6
f 109/3/6 372/3/6 110/3/6
f 408/9/6 407/9/6 469/9/6
f 469/9/6 407/9/6 470/9/6
f 521/9/6 520/9/6 550/9/6
f 550/9/6 520/9/6 551/9/6
f 1170/9/6 1169/9/6 1228/9/6
f 1228/9/6 1169/9/6 1229/9/6
f 1500/9/6 1499/9/6 1560/9/6
f 1560/9/6 1499/9/6 1561/9/6
f 1825/5/6 1823/5/6 113/5/6
f 113/5/6 1823/5/6 1824/5/6
f 582/9/6 581/9/6 730/9/6
f 730/9/6 581/9/6 731/9/6
f 375/9/6 374/9/6 587/9/6
f 587/9/6 374/9/6 588/9/6
f 729/9/6 728/9/6 880/9/6
f 880/9/6 728/9/6 881/9/6
f 1093/9/6 1092/9/6 1252/9/6
f 1252/9/6 1092/9/6 1253/9/6
f 1405/9/6 1404/9/6 1702/9/6
f 1702/9/6 1404/9/6 1703/9/6
f 1826/3/6 113/3/6 117/3/6
f 117/3/6 113/3/6 118/3/6
f 1827/2/6 1826/2/6 122/2/6
f 122/2/6 1826/2/6 117/2/6
f 1828/3/6 1827/3/6 121/3/6
f 121/3/6 1827/3/6 122/3/6
f 1829/2/6 1828/2/6 126/2/6
f 126/2/6 1828/2/6 121/2/6
f 1830/3/6 1829/3/6 125/3/6
f 125/3/6 1829/3/6 126/3/6
f 1831/2/6 1830/2/6 130/2/6
f 130/2/6 1830/2/6 125/2/6
f 1714/1/6 1713/1/6 1832/1/6
f 1832/1/6 1713/1/6 1717/1/6
f 1832/8/6 1717/8/6 1833/8/6
f 1833/8/6 1717/8/6 1719/8/6
f 1833/1/6 1719/1/6 1834/1/6
f 1834/1/6 1719/1/6 1721/1/6
f 1834/8/6 1721/8/6 1835/8/6
f 1835/8/6 1721/8/6 1723/8/6
f 1835/1/6 1723/1/6 1836/1/6
f 1836/1/6 1723/1/6 1725/1/6
f 1836/4/6 1725/4/6 1837/4/6
f 1837/4/6 1725/4/6 1727/4/6
f 1837/1/6 1727/1/6 1838/1/6
f 1838/1/6 1727/1/6 1729/1/6
f 1838/4/6 1729/4/6 1839/4/6
f 1839/4/6 1729/4/6 1731/4/6
f 1839/1/6 1731/1/6 1840/1/6
f 1840/1/6 1731/1/6 1733/1/6
f 1840/10/6 1825/10/6 1841/10/6
f 1841/10/6 1825/10/6 113/10/6
f 1841/3/6 1831/3/6 129/3/6
f 129/3/6 1831/3/6 130/3/6
f 1842/3/1 1843/3/1 1845/3/1
f 1845/3/1 1843/3/1 1844/3/1
f 1846/3/1 1847/3/1 1849/3/1
f 1849/3/1 1847/3/1 1848/3/1
f 1850/3/1 1851/3/1 1853/3/1
f 1853/3/1 1851/3/1 1852/3/1
f 1854/3/1 1855/3/1 1857/3/1
f 1857/3/1 1855/3/1 1856/3/1
f 1858/3/1 1859/3/1 1861/3/1
f 1861/3/1 1859/3/1 1860/3/1
f 1862/3/1 1863/3/1 1865/3/1
f 1865/3/1 1863/3/1 1864/3/1
f 1866/3/1 1867/3/1 1869/3/1
f 1869/3/1 1867/3/1 1868/3/1
f 1870/3/1 1871/3/1 1873/3/1
f 1873/3/1 1871/3/1 1872/3/1
f 1874/3/1 1875/3/1 1877/3/1
f 1877/3/1 1875/3/1 1876/3/1
f 1878/2/1 1879/2/1 1842/2/1
f 1842/2/1 1879/2/1 1843/2/1
f 1880/2/1 1881/2/1 1846/2/1
f 1846/2/1 1881/2/1 1847/2/1
f 1882/2/1 1883/2/1 1850/2/1
f 1850/2/1 1883/2/1 1851/2/1
f 1884/2/1 1885/2/1 1854/2/1
f 1854/2/1 1885/2/1 1855/2/1
f 1886/2/1 1887/2/1 1858/2/1
f 1858/2/1 1887/2/1 1859/2/1
f 1888/2/1 1889/2/1 1862/2/1
f 1862/2/1 1889/2/1 1863/2/1
f 1890/2/1 1891/2/1 1866/2/1
f 1866/2/1 1891/2/1 1867/2/1
f 1892/2/1 1893/2/1 1870/2/1
f 1870/2/1 1893/2/1 1871/2/1
f 1894/2/1 1895/2/1 1874/2/1
f 1874/2/1 1895/2/1 1875/2/1
f 211/2/1 1896/2/1 129/2/1
f 129/2/1 1896/2/1 1845/2/1
f 1896/7/1 1897/7/1 1878/7/1
f 1878/7/1 1897/7/1 1879/7/1
f 1897/2/1 1898/2/1 1844/2/1
f 1844/2/1 1898/2/1 1849/2/1
f 1898/7/1 1899/7/1 1880/7/1
f 1880/7/1 1899/7/1 1881/7/1
f 1899/2/1 1900/2/1 1848/2/1
f 1848/2/1 1900/2/1 1853/2/1
f 1900/7/1 1901/7/1 1882/7/1
f 1882/7/1 1901/7/1 1883/7/1
f 1901/2/1 1902/2/1 1852/2/1
f 1852/2/1 1902/2/1 1857/2/1
f 1902/7/1 1903/7/1 1884/7/1
f 1884/7/1 1903/7/1 1885/7/1
f 1903/2/1 1904/2/1 1856/2/1
f 1856/2/1 1904/2/1 1861/2/1
f 1904/7/1 1905/7/1 1886/7/1
f 1886/7/1 1905/7/1 1887/7/1
f 1905/2/1 1906/2/1 1860/2/1
f 1860/2/1 1906/2/1 1865/2/1
f 1906/7/1 1907/7/1 1888/7/1
f 1888/7/1 1907/7/1 1889/7/1
f 1907/2/1 1908/2/1 1864/2/1
f 1864/2/1 1908/2/1 1869/2/1
f 1908/7/1 1909/7/1 1890/7/1
f 1890/7/1 1909/7/1 1891/7/1
f 1909/2/1 1910/2/1 1868/2/1
f 1868/2/1 1910/2/1 1873/2/1
f 1910/7/1 1911/7/1 1892/7/1
f 1892/7/1 1911/7/1 1893/7/1
f 1912/3/1 1913/3/1 1894/3/1
f 1894/3/1 1913/3/1 1895/3/1
f 1914/2/1 1915/2/1 1896/2/1
f 1896/2/1 1915/2/1 1897/2/1
f 1915/7/1 1916/7/1 1897/7/1
f 1897/7/1 1916/7/1 1898/7/1
f 1916/2/1 1917/2/1 1898/2/1
f 1898/2/1 1917/2/1 1899/2/1
f 1917/7/1 1918/7/1 1899/7/1
f 1899/7/1 1918/7/1 1900/7/1
f 1918/2/1 1919/2/1 1900/2/1
f 1900/2/1 1919/2/1 1901/2/1
f 1919/7/1 1920/7/1 1901/7/1
f 1901/7/1 1920/7/1 1902/7/1
f 1920/2/1 1921/2/1 1902/2/1
f 1902/2/1 1921/2/1 1903/2/1
f 1921/7/1 1922/7/1 1903/7/1
f 1903/7/1 1922/7/1 1904/7/1
f 1922/2/1 1923/2/1 1904/2/1
f 1904/2/1 1923/2/1 1905/2/1
f 1923/7/1 1924/7/1 1905/7/1
f 1905/7/1 1924/7/1 1906/7/1
f 1924/2/1 1925/2/1 1906/2/1
f 1906/2/1 1925/2/1 1907/2/1
f 1925/7/1 1926/7/1 1907/7/1
f 1907/7/1 1926/7/1 1908/7/1
f 1926/2/1 1927/2/1 1908/2/1
f 1908/2/1 1927/2/1 1909/2/1
f 1927/7/1 1928/7/1 1909/7/1
f 1909/7/1 1928/7/1 1910/7/1
f 1928/2/1 1929/2/1 1910/2/1
f 1910/2/1 1929/2/1 1911/2/1
f 1930/2/1 1931/2/1 1912/2/1
f 1912/2/1 1931/2/1 1913/2/1
f 1932/2/1 1933/2/1 1915/2/1
f 1915/2/1 1933/2/1 1916/2/1
f 1934/2/1 1935/2/1 1917/2/1
f 1917/2/1 1935/2/1 1918/2/1
f 1935/7/1 1936/7/1 1918/7/1
f 1918/7/1 1936/7/1 1919/7/1
f 1936/2/1 1937/2/1 1919/2/1
f 1919/2/1 1937/2/1 1920/2/1
f 1937/7/1 1938/7/1 1920/7/1
f 1920/7/1 1938/7/1 1921/7/1
f 1938/2/1 1939/2/1 1921/2/1
f 1921/2/1 1939/2/1 1922/2/1
f 1939/7/1 1940/7/1 1922/7/1
f 1922/7/1 1940/7/1 1923/7/1
f 1940/2/1 1941/2/1 1923/2/1
f 1923/2/1 1941/2/1 1924/2/1
f 1941/7/1 1942/7/1 1924/7/1
f 1924/7/1 1942/7/1 1925/7/1
f 1942/2/1 1943/2/1 1925/2/1
f 1925/2/1 1943/2/1 1926/2/1
f 1943/7/1 1944/7/1 1926/7/1
f 1926/7/1 1944/7/1 1927/7/1
f 1944/2/1 1945/2/1 1927/2/1
f 1927/2/1 1945/2/1 1928/2/1
f 1945/7/1 1946/7/1 1928/7/1
f 1928/7/1 1946/7/1 1929/7/1
f 1947/3/1 1948/3/1 1930/3/1
f 1930/3/1 1948/3/1 1931/3/1
f 1949/2/1 1950/2/1 1935/2/1
f 1935/2/1 1950/2/1 1936/2/1
f 1951/2/1 1952/2/1 1937/2/1
f 1937/2/1 1952/2/1 1938/2/1
f 1952/7/1 1953/7/1 1938/7/1
f 1938/7/1 1953/7/1 1939/7/1
f 1953/2/1 1954/2/1 1939/2/1
f 1939/2/1 1954/2/1 1940/2/1
f 1954/7/1 1955/7/1 1940/7/1
f 1940/7/1 1955/7/1 1941/7/1
f 1955/2/1 1956/2/1 1941/2/1
f 1941/2/1 1956/2/1 1942/2/1
f 1956/7/1 1957/7/1 1942/7/1
f 1942/7/1 1957/7/1 1943/7/1
f 1957/2/1 1958/2/1 1943/2/1
f 1943/2/1 1958/2/1 1944/2/1
f 1958/7/1 1959/7/1 1944/7/1
f 1944/7/1 1959/7/1 1945/7/1
f 1959/2/1 1960/2/1 1945/2/1
f 1945/2/1 1960/2/1 1946/2/1
f 1961/2/1 1962/2/1 1947/2/1
f 1947/2/1 1962/2/1 1948/2/1
f 1963/2/1 1964/2/1 1952/2/1
f 1952/2/1 1964/2/1 1953/2/1
f 1964/7/1 1965/7/1 1953/7/1
f 1953/7/1 1965/7/1 1954/7/1
f 1965/2/1 1966/2/1 1954/2/1
f 1954/2/1 1966/2/1 1955/2/1
f 1966/7/1 1967/7/1 1955/7/1
f 1955/7/1 1967/7/1 1956/7/1
f 1967/2/1 1968/2/1 1956/2/1
f 1956/2/1 1968/2/1 1957/2/1
f 1968/7/1 1969/7/1 1957/7/1
f 1957/7/1 1969/7/1 1958/7/1
f 1969/2/1 1970/2/1 1958/2/1
f 1958/2/1 1970/2/1 1959/2/1
f 1970/7/1 1971/7/1 1959/7/1
f 1959/7/1 1971/7/1 1960/7/1
f 1972/3/1 1973/3/1 1961/3/1
f 1961/3/1 1973/3/1 1962/3/1
f 1974/2/1 1975/2/1 1964/2/1
f 1964/2/1 1975/2/1 1965/2/1
f 1975/7/1 1976/7/1 1965/7/1
f 1965/7/1 1976/7/1 1966/7/1
f 1976/2/1 1977/2/1 1966/2/1
f 1966/2/1 1977/2/1 1967/2/1
f 1977/7/1 1978/7/1 1967/7/1
f 1967/7/1 1978/7/1 1968/7/1
f 1978/2/1 1979/2/1 1968/2/1
f 1968/2/1 1979/2/1 1969/2/1
f 1979/7/1 1980/7/1 1969/7/1
f 1969/7/1 1980/7/1 1970/7/1
f 1980/2/1 1981/2/1 1970/2/1
f 1970/2/1 1981/2/1 1971/2/1
f 1982/2/1 1983/2/1 1972/2/1
f 1972/2/1 1983/2/1 1973/2/1
f 1984/2/1 1985/2/1 1975/2/1
f 1975/2/1 1985/2/1 1976/2/1
f 1985/7/1 1986/7/1 1976/7/1
f 1976/7/1 1986/7/1 1977/7/1
f 1986/2/1 1987/2/1 1977/2/1
f 1977/2/1 1987/2/1 1978/2/1
f 1987/7/1 1988/7/1 1978/7/1
f 1978/7/1 1988/7/1 1979/7/1
f 1988/2/1 1989/2/1 1979/2/1
f 1979/2/1 1989/2/1 1980/2/1
f 1989/7/1 1990/7/1 1980/7/1
f 1980/7/1 1990/7/1 1981/7/1
f 1991/3/1 1992/3/1 1982/3/1
f 1982/3/1 1992/3/1 1983/3/1
f 1993/2/1 1994/2/1 1985/2/1
f 1985/2/1 1994/2/1 1986/2/1
f 1994/7/1 1995/7/1 1986/7/1
f 1986/7/1 1995/7/1 1987/7/1
f 1995/2/1 1996/2/1 1987/2/1
f 1987/2/1 1996/2/1 1988/2/1
f 1996/7/1 1997/7/1 1988/7/1
f 1988/7/1 1997/7/1 1989/7/1
f 1997/2/1 1998/2/1 1989/2/1
f 1989/2/1 1998/2/1 1990/2/1
f 1999/2/1 2000/2/1 1991/2/1
f 1991/2/1 2000/2/1 1992/2/1
f 2001/2/1 2002/2/1 1994/2/1
f 1994/2/1 2002/2/1 1995/2/1
f 2002/7/1 2003/7/1 1995/7/1
f 1995/7/1 2003/7/1 1996/7/1
f 2003/2/1 2004/2/1 1996/2/1
f 1996/2/1 2004/2/1 1997/2/1
f 2004/7/1 2005/7/1 1997/7/1
f 1997/7/1 2005/7/1 1998/7/1
f 2006/3/1 2007/3/1 1999/3/1
f 1999/3/1 2007/3/1 2000/3/1
f 2008/7/1 2009/7/1 2001/7/1
f 2001/7/1 2009/7/1 2002/7/1
f 2009/2/1 2010/2/1 2002/2/1
f 2002/2/1 2010/2/1 2003/2/1
f 2010/7/1 2011/7/1 2003/7/1
f 2003/7/1 2011/7/1 2004/7/1
f 2011/2/1 2012/2/1 2004/2/1
f 2004/2/1 2012/2/1 2005/2/1
f 2013/2/1 2014/2/1 2006/2/1
f 2006/2/1 2014/2/1 2007/2/1
f 2015/2/1 2016/2/1 2008/2/1
f 2008/2/1 2016/2/1 2009/2/1
f 2016/7/1 2017/7/1 2009/7/1
f 2009/7/1 2017/7/1 2010/7/1
f 2017/2/1 2018/2/1 2010/2/1
f 2010/2/1 2018/2/1 2011/2/1
f 2018/7/1 2019/7/1 2011/7/1
f 2011/7/1 2019/7/1 2012/7/1
f 2020/3/1 2021/3/1 2013/3/1
f 2013/3/1 2021/3/1 2014/3/1
f 2022/2/1 2023/2/1 2016/2/1
f 2016/2/1 2023/2/1 2017/2/1
f 2023/7/1 2024/7/1 2017/7/1
f 2017/7/1 2024/7/1 2018/7/1
f 2024/2/1 2025/2/1 2018/2/1
f 2018/2/1 2025/2/1 2019/2/1
f 2026/2/1 2027/2/1 2020/2/1
f 2020/2/1 2027/2/1 2021/2/1
f 2028/7/1 2029/7/1 2022/7/1
f 2022/7/1 2029/7/1 2023/7/1
f 2029/2/1 2030/2/1 2023/2/1
f 2023/2/1 2030/2/1 2024/2/1
f 2030/7/1 2031/7/1 2024/7/1
f 2024/7/1 2031/7/1 2025/7/1
f 2032/3/1 2033/3/1 2026/3/1
f 2026/3/1 2033/3/1 2027/3/1
f 2034/2/1 2035/2/1 2028/2/1
f 2028/2/1 2035/2/1 2029/2/1
f 2035/7/1 2036/7/1 2029/7/1
f 2029/7/1 2036/7/1 2030/7/1
f 2036/2/1 2037/2/1 2030/2/1
f 2030/2/1 2037/2/1 2031/2/1
f 2038/2/1 2039/2/1 2032/2/1
f 2032/2/1 2039/2/1 2033/2/1
f 2040/2/1 2041/2/1 2035/2/1
f 2035/2/1 2041/2/1 2036/2/1
f 2041/7/1 2042/7/1 2036/7/1
f 2036/7/1 2042/7/1 2037/7/1
f 2043/3/1 2044/3/1 2038/3/1
f 2038/3/1 2044/3/1 2039/3/1
f 2045/7/1 2046/7/1 2040/7/1
f 2040/7/1 2046/7/1 2041/7/1
f 2046/2/1 2047/2/1 2041/2/1
f 2041/2/1 2047/2/1 2042/2/1
f 2048/2/1 2049/2/1 2043/2/1
f 2043/2/1 2049/2/1 2044/2/1
f 2050/2/1 2051/2/1 2045/2/1
f 2045/2/1 2051/2/1 2046/2/1
f 2051/7/1 2052/7/1 2046/7/1
f 2046/7/1 2052/7/1 2047/7/1
f 2053/3/1 2054/3/1 2048/3/1
f 2048/3/1 2054/3/1 2049/3/1
f 2055/7/1 2056/7/1 2050/7/1
f 2050/7/1 2056/7/1 2051/7/1
f 2056/2/1 2057/2/1 2051/2/1
f 2051/2/1 2057/2/1 2052/2/1
f 2058/2/1 2059/2/1 2053/2/1
f 2053/2/1 2059/2/1 2054/2/1
f 2060/2/1 2061/2/1 2055/2/1
f 2055/2/1 2061/2/1 2056/2/1
f 2061/7/1 2062/7/1 2056/7/1
f 2056/7/1 2062/7/1 2057/7/1
f 2063/3/1 2064/3/1 2058/3/1
f 2058/3/1 2064/3/1 2059/3/1
f 2065/2/1 2066/2/1 2061/2/1
f 2061/2/1 2066/2/1 2062/2/1
f 2067/2/1 2068/2/1 2063/2/1
f 2063/2/1 2068/2/1 2064/2/1
f 2069/7/1 2070/7/1 2065/7/1
f 2065/7/1 2070/7/1 2066/7/1
f 2071/3/1 2072/3/1 2067/3/1
f 2067/3/1 2072/3/1 2068/3/1
f 2073/2/1 2074/2/1 2069/2/1
f 2069/2/1 2074/2/1 2070/2/1
f 2075/2/1 2076/2/1 2071/2/1
f 2071/2/1 2076/2/1 2072/2/1
f 2077/7/1 2078/7/1 2073/7/1
f 2073/7/1 2078/7/1 2074/7/1
f 2079/3/1 2080/3/1 2075/3/1
f 2075/3/1 2080/3/1 2076/3/1
f 2081/2/1 2082/2/1 2077/2/1
f 2077/2/1 2082/2/1 2078/2/1
f 2083/2/1 2084/2/1 2079/2/1
f 2079/2/1 2084/2/1 2080/2/1
f 2085/7/1 2086/7/1 2081/7/1
f 2081/7/1 2086/7/1 2082/7/1
f 2087/3/1 2088/3/1 2083/3/1
f 2083/3/1 2088/3/1 2084/3/1
f 2089/2/1 2090/2/1 2085/2/1
f 2085/2/1 2090/2/1 2086/2/1
f 2091/2/1 2092/2/1 2087/2/1
f 2087/2/1 2092/2/1 2088/2/1
f 2093/7/1 2094/7/1 2089/7/1
f 2089/7/1 2094/7/1 2090/7/1
f 2095/3/1 2096/3/1 2091/3/1
f 2091/3/1 2096/3/1 2092/3/1
f 2097/2/1 2098/2/1 2093/2/1
f 2093/2/1 2098/2/1 2094/2/1
f 2099/2/1 2100/2/1 2095/2/1
f 2095/2/1 2100/2/1 2096/2/1
f 2101/7/1 2102/7/1 2097/7/1
f 2097/7/1 2102/7/1 2098/7/1
f 2103/3/1 2104/3/1 2099/3/1
f 2099/3/1 2104/3/1 2100/3/1
f 2105/2/1 2106/2/1 2101/2/1
f 2101/2/1 2106/2/1 2102/2/1
f 2107/2/1 2108/2/1 2103/2/1
f 2103/2/1 2108/2/1 2104/2/1
f 2109/7/1 2110/7/1 2105/7/1
f 2105/7/1 2110/7/1 2106/7/1
f 2111/3/1 2112/3/1 2107/3/1
f 2107/3/1 2112/3/1 2108/3/1
f 2113/2/1 2114/2/1 2109/2/1
f 2109/2/1 2114/2/1 2110/2/1
f 2115/2/1 2116/2/1 2111/2/1
f 2111/2/1 2116/2/1 2112/2/1
f 2117/7/1 2118/7/1 2113/7/1
f 2113/7/1 2118/7/1 2114/7/1
f 2119/3/1 2120/3/1 2115/3/1
f 2115/3/1 2120/3/1 2116/3/1
f 2121/2/1 2122/2/1 2117/2/1
f 2117/2/1 2122/2/1 2118/2/1
f 2123/2/1 2124/2/1 2119/2/1
f 2119/2/1 2124/2/1 2120/2/1
f 2125/3/1 2126/3/1 2123/3/1
f 2123/3/1 2126/3/1 2124/3/1
f 2127/7/1 2128/7/1 2121/7/1
f 2121/7/1 2128/7/1 2122/7/1
f 2129/2/1 2130/2/1 2125/2/1
f 2125/2/1 2130/2/1 2126/2/1
f 2131/2/1 2132/2/1 2127/2/1
f 2127/2/1 2132/2/1 2128/2/1
f 2133/3/1 2134/3/1 2129/3/1
f 2129/3/1 2134/3/1 2130/3/1
f 2135/2/1 2136/2/1 2133/2/1
f 2133/2/1 2136/2/1 2134/2/1
f 2137/7/1 2138/7/1 2131/7/1
f 2131/7/1 2138/7/1 2132/7/1
f 2139/3/1 2140/3/1 2135/3/1
f 2135/3/1 2140/3/1 2136/3/1
f 2141/2/1 2142/2/1 2137/2/1
f 2137/2/1 2142/2/1 2138/2/1
f 2143/2/1 2144/2/1 2139/2/1
f 2139/2/1 2144/2/1 2140/2/1
f 2145/3/1 2146/3/1 2143/3/1
f 2143/3/1 2146/3/1 2144/3/1
f 2147/7/1 2148/7/1 2141/7/1
f 2141/7/1 2148/7/1 2142/7/1
f 2149/2/1 2150/2/1 2145/2/1
f 2145/2/1 2150/2/1 2146/2/1
f 2151/2/1 2152/2/1 2147/2/1
f 2147/2/1 2152/2/1 2148/2/1
f 2153/3/1 2154/3/1 2149/3/1
f 2149/3/1 2154/3/1 2150/3/1
f 2155/7/1 2156/7/1 2151/7/1
f 2151/7/1 2156/7/1 2152/7/1
f 2157/2/1 2158/2/1 2153/2/1
f 2153/2/1 2158/2/1 2154/2/1
f 2159/2/1 2160/2/1 2155/2/1
f 2155/2/1 2160/2/1 2156/2/1
f 2161/3/1 2162/3/1 2157/3/1
f 2157/3/1 2162/3/1 2158/3/1
f 2163/7/1 2164/7/1 2159/7/1
f 2159/7/1 2164/7/1 2160/7/1
f 2165/2/1 2166/2/1 2161/2/1
f 2161/2/1 2166/2/1 2162/2/1
f 2167/2/1 2168/2/1 2163/2/1
f 2163/2/1 2168/2/1 2164/2/1
f 2169/3/1 2170/3/1 2165/3/1
f 2165/3/1 2170/3/1 2166/3/1
f 2171/7/1 2172/7/1 2167/7/1
f 2167/7/1 2172/7/1 2168/7/1
f 2173/2/1 2174/2/1 2169/2/1
f 2169/2/1 2174/2/1 2170/2/1
f 2175/2/1 2176/2/1 2171/2/1
f 2171/2/1 2176/2/1 2172/2/1
f 2177/3/1 2178/3/1 2173/3/1
f 2173/3/1 2178/3/1 2174/3/1
f 2179/7/1 2180/7/1 2175/7/1
f 2175/7/1 2180/7/1 2176/7/1
f 2181/2/1 2182/2/1 2177/2/1
f 2177/2/1 2182/2/1 2178/2/1
f 2183/2/1 2184/2/1 2179/2/1
f 2179/2/1 2184/2/1 2180/2/1
f 2185/3/1 2186/3/1 2181/3/1
f 2181/3/1 2186/3/1 2182/3/1
f 2187/7/1 2188/7/1 2183/7/1
f 2183/7/1 2188/7/1 2184/7/1
f 2189/2/1 2190/2/1 2185/2/1
f 2185/2/1 2190/2/1 2186/2/1
f 2191/2/1 2192/2/1 2187/2/1
f 2187/2/1 2192/2/1 2188/2/1
f 2193/3/1 2194/3/1 2189/3/1
f 2189/3/1 2194/3/1 2190/3/1
f 2195/7/1 2196/7/1 2191/7/1
f 2191/7/1 2196/7/1 2192/7/1
f 2197/2/1 2198/2/1 2193/2/1
f 2193/2/1 2198/2/1 2194/2/1
f 2199/2/1 2200/2/1 2195/2/1
f 2195/2/1 2200/2/1 2196/2/1
f 2201/3/1 2202/3/1 2197/3/1
f 2197/3/1 2202/3/1 2198/3/1
f 2203/7/1 2204/7/1 2199/7/1
f 2199/7/1 2204/7/1 2200/7/1
f 2205/2/1 2206/2/1 2201/2/1
f 2201/2/1 2206/2/1 2202/2/1
f 2207/7/1 2208/7/1 2060/7/1
f 2060/7/1 2208/7/1 2061/7/1
f 2208/2/1 2209/2/1 2203/2/1
f 2203/2/1 2209/2/1 2204/2/1
f 2210/3/1 2211/3/1 2205/3/1
f 2205/3/1 2211/3/1 2206/3/1
f 2212/2/1 2213/2/1 2207/2/1
f 2207/2/1 2213/2/1 2208/2/1
f 2213/7/1 2214/7/1 2208/7/1
f 2208/7/1 2214/7/1 2209/7/1
f 2215/2/1 2216/2/1 2210/2/1
f 2210/2/1 2216/2/1 2211/2/1
f 2217/7/1 2218/7/1 2212/7/1
f 2212/7/1 2218/7/1 2213/7/1
f 2218/2/1 2219/2/1 2213/2/1
f 2213/2/1 2219/2/1 2214/2/1
f 2220/3/1 2221/3/1 2215/3/1
f 2215/3/1 2221/3/1 2216/3/1
f 1710/7/1 2222/7/1 211/7/1
f 211/7/1 2222/7/1 1896/7/1
f 2222/7/1 2223/7/1 1914/7/1
f 1914/7/1 2223/7/1 1915/7/1
f 2223/7/1 2224/7/1 1932/7/1
f 1932/7/1 2224/7/1 1933/7/1
f 2224/7/1 2225/7/1 1916/7/1
f 1916/7/1 2225/7/1 1917/7/1
f 2225/7/1 2226/7/1 1934/7/1
f 1934/7/1 2226/7/1 1935/7/1
f 2226/7/1 2227/7/1 1949/7/1
f 1949/7/1 2227/7/1 1950/7/1
f 2227/7/1 2228/7/1 1936/7/1
f 1936/7/1 2228/7/1 1937/7/1
f 2228/7/1 2229/7/1 1951/7/1
f 1951/7/1 2229/7/1 1952/7/1
f 2229/7/1 2230/7/1 1963/7/1
f 1963/7/1 2230/7/1 1964/7/1
f 2230/7/1 2231/7/1 1974/7/1
f 1974/7/1 2231/7/1 1975/7/1
f 2231/7/1 2232/7/1 1984/7/1
f 1984/7/1 2232/7/1 1985/7/1
f 2232/7/1 2233/7/1 1993/7/1
f 1993/7/1 2233/7/1 1994/7/1
f 2233/7/1 2234/7/1 2015/7/1
f 2015/7/1 2234/7/1 2016/7/1
f 2234/7/1 2235/7/1 2034/7/1
f 2034/7/1 2235/7/1 2035/7/1
f 2235/2/1 2236/2/1 2217/2/1
f 2217/2/1 2236/2/1 2218/2/1
f 2236/7/1 2237/7/1 2218/7/1
f 2218/7/1 2237/7/1 2219/7/1
f 2237/2/1 2238/2/1 1872/2/1
f 1872/2/1 2238/2/1 1877/2/1
f 2238/2/1 2239/2/1 2220/2/1
f 2220/2/1 2239/2/1 2221/2/1
f 1715/1/2 1714/1/2 2241/1/2
f 2241/1/2 1714/1/2 2240/1/2
f 2242/1/3 2243/1/3 2240/1/3
f 2240/1/3 2243/1/3 2241/1/3
f 2244/8/3 2245/8/3 2242/8/3
f 2242/8/3 2245/8/3 2243/8/3
f 2246/1/3 2247/1/3 2244/1/3
f 2244/1/3 2247/1/3 2245/1/3
f 2248/8/3 2249/8/3 2246/8/3
f 2246/8/3 2249/8/3 2247/8/3
f 2250/1/3 2251/1/3 2248/1/3
f 2248/1/3 2251/1/3 2249/1/3
f 2252/4/3 2253/4/3 2250/4/3
f 2250/4/3 2253/4/3 2251/4/3
f 2254/1/3 2255/1/3 2252/1/3
f 2252/1/3 2255/1/3 2253/1/3
f 2256/4/3 2257/4/3 2254/4/3
f 2254/4/3 2257/4/3 2255/4/3
f 2258/1/3 2259/1/3 2256/1/3
f 2256/1/3 2259/1/3 2257/1/3
f 2260/10/3 2261/10/3 2258/10/3
f 2258/10/3 2261/10/3 2259/10/3
f 1876/3/3 1875/3/3 2260/3/3
f 2260/3/3 1875/3/3 2262/3/3
f 1875/2/3 1895/2/3 2262/2/3
f 2262/2/3 1895/2/3 2263/2/3
f 1895/3/3 1913/3/3 2263/3/3
f 2263/3/3 1913/3/3 2264/3/3
f 1913/2/3 1931/2/3 2264/2/3
f 2264/2/3 1931/2/3 2265/2/3
f 1931/3/3 1948/3/3 2265/3/3
f 2265/3/3 1948/3/3 2266/3/3
f 1948/2/3 1962/2/3 2266/2/3
f 2266/2/3 1962/2/3 2267/2/3
f 1962/3/3 1973/3/3 2267/3/3
f 2267/3/3 1973/3/3 2268/3/3
f 1973/2/3 1983/2/3 2268/2/3
f 2268/2/3 1983/2/3 2269/2/3
f 1983/3/3 1992/3/3 2269/3/3
f 2269/3/3 1992/3/3 2270/3/3
f 1992/2/3 2000/2/3 2270/2/3
f 2270/2/3 2000/2/3 2271/2/3
f 2000/3/3 2007/3/3 2271/3/3
f 2271/3/3 2007/3/3 2272/3/3
f 2007/2/3 2014/2/3 2272/2/3
f 2272/2/3 2014/2/3 2273/2/3
f 2014/3/3 2021/3/3 2273/3/3
f 2273/3/3 2021/3/3 2274/3/3
f 2021/2/3 2027/2/3 2274/2/3
f 2274/2/3 2027/2/3 2275/2/3
f 2027/3/3 2033/3/3 2275/3/3
f 2275/3/3 2033/3/3 2276/3/3
f 2033/2/3 2039/2/3 2276/2/3
f 2276/2/3 2039/2/3 2277/2/3
f 2039/3/3 2044/3/3 2277/3/3
f 2277/3/3 2044/3/3 2278/3/3
f 2044/2/3 2049/2/3 2278/2/3
f 2278/2/3 2049/2/3 2279/2/3
f 2049/3/3 2054/3/3 2279/3/3
f 2279/3/3 2054/3/3 2280/3/3
f 2054/2/3 2059/2/3 2280/2/3
f 2280/2/3 2059/2/3 2281/2/3
f 2059/3/3 2064/3/3 2281/3/3
f 2281/3/3 2064/3/3 2282/3/3
f 2064/2/3 2068/2/3 2282/2/3
f 2282/2/3 2068/2/3 2283/2/3
f 2068/3/3 2072/3/3 2283/3/3
f 2283/3/3 2072/3/3 2284/3/3
f 2072/2/3 2076/2/3 2284/2/3
f 2284/2/3 2076/2/3 2285/2/3
f 2076/3/3 2080/3/3 2285/3/3
f 2285/3/3 2080/3/3 2286/3/3
f 2080/2/3 2084/2/3 2286/2/3
f 2286/2/3 2084/2/3 2287/2/3
f 2084/3/3 2088/3/3 2287/3/3
f 2287/3/3 2088/3/3 2288/3/3
f 2088/2/3 2092/2/3 2288/2/3
f 2288/2/3 2092/2/3 2289/2/3
f 2092/3/3 2096/3/3 2289/3/3
f 2289/3/3 2096/3/3 2290/3/3
f 2096/2/3 2100/2/3 2290/2/3
f 2290/2/3 2100/2/3 2291/2/3
f 2100/3/3 2104/3/3 2291/3/3
f 2291/3/3 2104/3/3 2292/3/3
f 2104/2/3 2108/2/3 2292/2/3
f 2292/2/3 2108/2/3 2293/2/3
f 2108/3/3 2112/3/3 2293/3/3
f 2293/3/3 2112/3/3 2294/3/3
f 2112/2/3 2116/2/3 2294/2/3
f 2294/2/3 2116/2/3 2295/2/3
f 2116/3/3 2120/3/3 2295/3/3
f 2295/3/3 2120/3/3 2296/3/3
f 2120/2/3 2124/2/3 2296/2/3
f 2296/2/3 2124/2/3 2297/2/3
f 2124/3/3 2126/3/3 2297/3/3
f 2297/3/3 2126/3/3 2298/3/3
f 2126/2/3 2130/2/3 2298/2/3
f 2298/2/3 2130/2/3 2299/2/3
f 2130/3/3 2134/3/3 2299/3/3
f 2299/3/3 2134/3/3 2300/3/3
f 2134/2/3 2136/2/3 2300/2/3
f 2300/2/3 2136/2/3 2301/2/3
f 2136/3/3 2140/3/3 2301/3/3
f 2301/3/3 2140/3/3 2302/3/3
f 2140/2/3 2144/2/3 2302/2/3
f 2302/2/3 2144/2/3 2303/2/3
f 2144/3/3 2146/3/3 2303/3/3
f 2303/3/3 2146/3/3 2304/3/3
f 2146/2/3 2150/2/3 2304/2/3
f 2304/2/3 2150/2/3 2305/2/3
f 2150/3/3 2154/3/3 2305/3/3
f 2305/3/3 2154/3/3 2306/3/3
f 2154/2/3 2158/2/3 2306/2/3
f 2306/2/3 2158/2/3 2307/2/3
f 2158/3/3 2162/3/3 2307/3/3
f 2307/3/3 2162/3/3 2308/3/3
f 2162/2/3 2166/2/3 2308/2/3
f 2308/2/3 2166/2/3 2309/2/3
f 2166/3/3 2170/3/3 2309/3/3
f 2309/3/3 2170/3/3 2310/3/3
f 2170/2/3 2174/2/3 2310/2/3
f 2310/2/3 2174/2/3 2311/2/3
f 2174/3/3 2178/3/3 2311/3/3
f 2311/3/3 2178/3/3 2312/3/3
f 2178/2/3 2182/2/3 2312/2/3
f 2312/2/3 2182/2/3 2313/2/3
f 2182/3/3 2186/3/3 2313/3/3
f 2313/3/3 2186/3/3 2314/3/3
f 2186/2/3 2190/2/3 2314/2/3
f 2314/2/3 2190/2/3 2315/2/3
f 2190/3/3 2194/3/3 2315/3/3
f 2315/3/3 2194/3/3 2316/3/3
f 2194/2/3 2198/2/3 2316/2/3
f 2316/2/3 2198/2/3 2317/2/3
f 2198/3/3 2202/3/3 2317/3/3
f 2317/3/3 2202/3/3 2318/3/3
f 2202/2/3 2206/2/3 2318/2/3
f 2318/2/3 2206/2/3 2319/2/3
f 2206/3/3 2211/3/3 2319/3/3
f 2319/3/3 2211/3/3 2320/3/3
f 2211/2/3 2216/2/3 2320/2/3
f 2320/2/3 2216/2/3 2321/2/3
f 2216/3/3 2221/3/3 2321/3/3
f 2321/3/3 2221/3/3 2322/3/3
f 2221/2/3 2239/2/3 2322/2/3
f 2322/2/3 2239/2/3 2261/2/3
f 2323/2/6 1841/2/6 1845/2/6
f 1845/2/6 1841/2/6 129/2/6
f 2324/3/6 2323/3/6 1844/3/6
f 1844/3/6 2323/3/6 1845/3/6
f 2325/2/6 2324/2/6 1849/2/6
f 1849/2/6 2324/2/6 1844/2/6
f 2326/3/6 2325/3/6 1848/3/6
f 1848/3/6 2325/3/6 1849/3/6
f 2327/2/6 2326/2/6 1853/2/6
f 1853/2/6 2326/2/6 1848/2/6
f 2328/3/6 2327/3/6 1852/3/6
f 1852/3/6 2327/3/6 1853/3/6
f 2329/2/6 2328/2/6 1857/2/6
f 1857/2/6 2328/2/6 1852/2/6
f 2330/3/6 2329/3/6 1856/3/6
f 1856/3/6 2329/3/6 1857/3/6
f 2331/2/6 2330/2/6 1861/2/6
f 1861/2/6 2330/2/6 1856/2/6
f 2332/3/6 2331/3/6 1860/3/6
f 1860/3/6 2331/3/6 1861/3/6
f 2333/2/6 2332/2/6 1865/2/6
f 1865/2/6 2332/2/6 1860/2/6
f 2334/3/6 2333/3/6 1864/3/6
f 1864/3/6 2333/3/6 1865/3/6
f 2335/2/6 2334/2/6 1869/2/6
f 1869/2/6 2334/2/6 1864/2/6
f 2336/3/6 2335/3/6 1868/3/6
f 1868/3/6 2335/3/6 1869/3/6
f 2337/2/6 2336/2/6 1873/2/6
f 1873/2/6 2336/2/6 1868/2/6
f 2338/3/6 2337/3/6 1872/3/6
f 1872/3/6 2337/3/6 1873/3/6
f 2339/2/6 2338/2/6 1877/2/6
f 1877/2/6 2338/2/6 1872/2/6
f 2240/1/6 1714/1/6 2242/1/6
f 2242/1/6 1714/1/6 1832/1/6
f 2242/8/6 1832/8/6 2244/8/6
f 2244/8/6 1832/8/6 1833/8/6
f 2244/1/6 1833/1/6 2246/1/6
f 2246/1/6 1833/1/6 1834/1/6
f 2246/8/6 1834/8/6 2248/8/6
f 2248/8/6 1834/8/6 1835/8/6
f 2248/1/6 1835/1/6 2250/1/6
f 2250/1/6 1835/1/6 1836/1/6
f 2250/4/6 1836/4/6 2252/4/6
f 2252/4/6 1836/4/6 1837/4/6
f 2252/1/6 1837/1/6 2254/1/6
f 2254/1/6 1837/1/6 1838/1/6
f 2254/4/6 1838/4/6 2256/4/6
f 2256/4/6 1838/4/6 1839/4/6
f 2256/1/6 1839/1/6 2258/1/6
f 2258/1/6 1839/1/6 1840/1/6
f 2258/10/6 1840/10/6 2260/10/6
f 2260/10/6 1840/10/6 1841/10/6
f 2260/3/6 2339/3/6 1876/3/6
f 1876/3/6 2339/3/6 1877/3/6
f 2340/2/1 2341/2/1 1602/2/1
f 1602/2/1 2341/2/1 1605/2/1
f 2341/7/1 2342/7/1 1605/7/1
f 1605/7/1 2342/7/1 1623/7/1
f 2342/9/1 2343/9/1 1623/9/1
f 1623/9/1 2343/9/1 1632/9/1
f 2344/7/1 2345/7/1 1706/7/1
f 1706/7/1 2345/7/1 1707/7/1
f 2345/9/1 2346/9/1 1707/9/1
f 1707/9/1 2346/9/1 1708/9/1
f 2347/3/1 2348/3/1 2340/3/1
f 2340/3/1 2348/3/1 2349/3/1
f 2350/7/1 2351/7/1 2352/7/1
f 2352/7/1 2351/7/1 2341/7/1
f 2351/2/1 2353/2/1 2341/2/1
f 2341/2/1 2353/2/1 2354/2/1
f 2353/7/1 2355/7/1 2354/7/1
f 2354/7/1 2355/7/1 2356/7/1
f 2355/9/1 2357/9/1 2356/9/1
f 2356/9/1 2357/9/1 2342/9/1
f 2357/7/1 2358/7/1 2342/7/1
f 2342/7/1 2358/7/1 2359/7/1
f 2360/5/1 2361/5/1 1636/5/1
f 1636/5/1 2361/5/1 1647/5/1
f 2362/9/1 2363/9/1 2344/9/1
f 2344/9/1 2363/9/1 2345/9/1
f 2363/7/1 2364/7/1 2345/7/1
f 2345/7/1 2364/7/1 2346/7/1
f 2365/2/1 2366/2/1 2347/2/1
f 2347/2/1 2366/2/1 2348/2/1
f 2367/2/1 2368/2/1 2350/2/1
f 2350/2/1 2368/2/1 2351/2/1
f 2368/7/1 2369/7/1 2351/7/1
f 2351/7/1 2369/7/1 2353/7/1
f 2369/2/1 2370/2/1 2353/2/1
f 2353/2/1 2370/2/1 2371/2/1
f 2372/7/1 2373/7/1 2355/7/1
f 2355/7/1 2373/7/1 2357/7/1
f 2373/9/1 2374/9/1 2357/9/1
f 2357/9/1 2374/9/1 2358/9/1
f 2375/9/1 2376/9/1 1635/9/1
f 1635/9/1 2376/9/1 1636/9/1
f 2377/6/1 2378/6/1 1678/6/1
f 1678/6/1 2378/6/1 1681/6/1
f 2379/7/1 2380/7/1 2362/7/1
f 2362/7/1 2380/7/1 2363/7/1
f 2380/9/1 2381/9/1 2363/9/1
f 2363/9/1 2381/9/1 2364/9/1
f 2382/3/1 2383/3/1 2365/3/1
f 2365/3/1 2383/3/1 2366/3/1
f 2384/7/1 2385/7/1 2367/7/1
f 2367/7/1 2385/7/1 2368/7/1
f 2385/2/1 2386/2/1 2368/2/1
f 2368/2/1 2386/2/1 2369/2/1
f 2386/7/1 2387/7/1 2369/7/1
f 2369/7/1 2387/7/1 2370/7/1
f 2388/9/1 2389/9/1 2372/9/1
f 2372/9/1 2389/9/1 2373/9/1
f 2389/7/1 2390/7/1 2373/7/1
f 2373/7/1 2390/7/1 2374/7/1
f 2391/9/1 2392/9/1 1700/9/1
f 1700/9/1 2392/9/1 1706/9/1
f 2392/9/1 2393/9/1 2379/9/1
f 2379/9/1 2393/9/1 2380/9/1
f 2393/7/1 2394/7/1 2380/7/1
f 2380/7/1 2394/7/1 2381/7/1
f 2395/2/1 2396/2/1 2382/2/1
f 2382/2/1 2396/2/1 2383/2/1
f 2397/2/1 2398/2/1 2384/2/1
f 2384/2/1 2398/2/1 2385/2/1
f 2398/7/1 2399/7/1 2385/7/1
f 2385/7/1 2399/7/1 2386/7/1
f 2399/2/1 2400/2/1 2386/2/1
f 2386/2/1 2400/2/1 2387/2/1
f 2400/7/1 2401/7/1 2371/7/1
f 2371/7/1 2401/7/1 2355/7/1
f 2401/7/1 2402/7/1 2388/7/1
f 2388/7/1 2402/7/1 2389/7/1
f 2402/9/1 2403/9/1 2389/9/1
f 2389/9/1 2403/9/1 2390/9/1
f 2404/5/1 2405/5/1 2406/5/1
f 2406/5/1 2405/5/1 2361/5/1
f 2407/5/1 2408/5/1 2410/5/1
f 2410/5/1 2408/5/1 2409/5/1
f 2408/5/1 2411/5/1 1684/5/1
f 1684/5/1 2411/5/1 1693/5/1
f 2412/9/1 2413/9/1 2414/9/1
f 2414/9/1 2413/9/1 1700/9/1
f 2415/7/1 2416/7/1 2392/7/1
f 2392/7/1 2416/7/1 2393/7/1
f 2416/9/1 2417/9/1 2393/9/1
f 2393/9/1 2417/9/1 2394/9/1
f 2418/3/1 2419/3/1 2395/3/1
f 2395/3/1 2419/3/1 2396/3/1
f 2420/7/1 2421/7/1 2397/7/1
f 2397/7/1 2421/7/1 2398/7/1
f 2421/2/1 2422/2/1 2398/2/1
f 2398/2/1 2422/2/1 2399/2/1
f 2422/7/1 2423/7/1 2399/7/1
f 2399/7/1 2423/7/1 2400/7/1
f 2423/2/1 2424/2/1 2400/2/1
f 2400/2/1 2424/2/1 2425/2/1
f 2426/9/1 2427/9/1 2401/9/1
f 2401/9/1 2427/9/1 2402/9/1
f 2427/7/1 2428/7/1 2402/7/1
f 2402/7/1 2428/7/1 2403/7/1
f 2429/6/1 2430/6/1 1650/6/1
f 1650/6/1 2430/6/1 1678/6/1
f 2431/9/1 2432/9/1 1693/9/1
f 1693/9/1 2432/9/1 1696/9/1
f 2433/9/1 2434/9/1 2415/9/1
f 2415/9/1 2434/9/1 2416/9/1
f 2434/7/1 2435/7/1 2416/7/1
f 2416/7/1 2435/7/1 2417/7/1
f 2436/2/1 2437/2/1 2418/2/1
f 2418/2/1 2437/2/1 2419/2/1
f 2438/2/1 2439/2/1 2420/2/1
f 2420/2/1 2439/2/1 2421/2/1
f 2439/7/1 2440/7/1 2421/7/1
f 2421/7/1 2440/7/1 2422/7/1
f 2440/2/1 2441/2/1 2422/2/1
f 2422/2/1 2441/2/1 2423/2/1
f 2441/7/1 2442/7/1 2423/7/1
f 2423/7/1 2442/7/1 2424/7/1
f 2443/7/1 2444/7/1 2426/7/1
f 2426/7/1 2444/7/1 2427/7/1
f 2444/9/1 2445/9/1 2427/9/1
f 2427/9/1 2445/9/1 2428/9/1
f 2446/6/1 2447/6/1 2449/6/1
f 2449/6/1 2447/6/1 2448/6/1
f 2450/9/1 2451/9/1 2453/9/1
f 2453/9/1 2451/9/1 2452/9/1
f 2454/7/1 2455/7/1 2433/7/1
f 2433/7/1 2455/7/1 2434/7/1
f 2455/9/1 2456/9/1 2434/9/1
f 2434/9/1 2456/9/1 2435/9/1
f 2457/3/1 2458/3/1 2436/3/1
f 2436/3/1 2458/3/1 2437/3/1
f 2459/7/1 2460/7/1 2438/7/1
f 2438/7/1 2460/7/1 2439/7/1
f 2460/2/1 2461/2/1 2439/2/1
f 2439/2/1 2461/2/1 2440/2/1
f 2461/7/1 2462/7/1 2440/7/1
f 2440/7/1 2462/7/1 2441/7/1
f 2462/2/1 2463/2/1 2441/2/1
f 2441/2/1 2463/2/1 2442/2/1
f 2463/7/1 2464/7/1 2425/7/1
f 2425/7/1 2464/7/1 2401/7/1
f 2464/9/1 2465/9/1 2443/9/1
f 2443/9/1 2465/9/1 2444/9/1
f 2465/7/1 2466/7/1 2444/7/1
f 2444/7/1 2466/7/1 2445/7/1
f 2467/2/1 2468/2/1 2470/2/1
f 2470/2/1 2468/2/1 2469/2/1
f 2471/9/1 2472/9/1 2474/9/1
f 2474/9/1 2472/9/1 2473/9/1
f 2475/9/1 2476/9/1 2454/9/1
f 2454/9/1 2476/9/1 2455/9/1
f 2476/7/1 2477/7/1 2455/7/1
f 2455/7/1 2477/7/1 2456/7/1
f 2478/2/1 2479/2/1 2457/2/1
f 2457/2/1 2479/2/1 2458/2/1
f 2480/2/1 2481/2/1 2459/2/1
f 2459/2/1 2481/2/1 2460/2/1
f 2481/7/1 2482/7/1 2460/7/1
f 2460/7/1 2482/7/1 2461/7/1
f 2482/2/1 2483/2/1 2461/2/1
f 2461/2/1 2483/2/1 2462/2/1
f 2483/7/1 2484/7/1 2462/7/1
f 2462/7/1 2484/7/1 2463/7/1
f 2484/2/1 2485/2/1 2463/2/1
f 2463/2/1 2485/2/1 2486/2/1
f 2485/7/1 2487/7/1 2486/7/1
f 2486/7/1 2487/7/1 2465/7/1
f 2487/9/1 2488/9/1 2465/9/1
f 2465/9/1 2488/9/1 2466/9/1
f 2489/9/1 2490/9/1 2360/9/1
f 2360/9/1 2490/9/1 2491/9/1
f 2492/5/1 2493/5/1 2495/5/1
f 2495/5/1 2493/5/1 2494/5/1
f 2496/6/1 2497/6/1 2499/6/1
f 2499/6/1 2497/6/1 2498/6/1
f 2500/5/1 2501/5/1 2431/5/1
f 2431/5/1 2501/5/1 2432/5/1
f 2502/7/1 2503/7/1 2475/7/1
f 2475/7/1 2503/7/1 2476/7/1
f 2503/9/1 2504/9/1 2476/9/1
f 2476/9/1 2504/9/1 2477/9/1
f 2505/3/1 2506/3/1 2478/3/1
f 2478/3/1 2506/3/1 2479/3/1
f 2507/7/1 2508/7/1 2480/7/1
f 2480/7/1 2508/7/1 2481/7/1
f 2508/2/1 2509/2/1 2481/2/1
f 2481/2/1 2509/2/1 2482/2/1
f 2509/7/1 2510/7/1 2482/7/1
f 2482/7/1 2510/7/1 2483/7/1
f 2510/2/1 2511/2/1 2483/2/1
f 2483/2/1 2511/2/1 2484/2/1
f 2511/7/1 2512/7/1 2484/7/1
f 2484/7/1 2512/7/1 2485/7/1
f 2512/2/1 2513/2/1 2485/2/1
f 2485/2/1 2513/2/1 2514/2/1
f 2513/7/1 2515/7/1 2514/7/1
f 2514/7/1 2515/7/1 2516/7/1
f 2515/9/1 2517/9/1 2516/9/1
f 2516/9/1 2517/9/1 2487/9/1
f 2517/7/1 2518/7/1 2487/7/1
f 2487/7/1 2518/7/1 2488/7/1
f 2519/2/1 2520/2/1 1628/2/1
f 1628/2/1 2520/2/1 1629/2/1
f 2521/9/1 2522/9/1 2523/9/1
f 2523/9/1 2522/9/1 2343/9/1
f 2524/6/1 2525/6/1 2526/6/1
f 2526/6/1 2525/6/1 2430/6/1
f 2527/9/1 2528/9/1 2530/9/1
f 2530/9/1 2528/9/1 2529/9/1
f 2531/9/1 2532/9/1 2502/9/1
f 2502/9/1 2532/9/1 2503/9/1
f 2532/7/1 2533/7/1 2503/7/1
f 2503/7/1 2533/7/1 2504/7/1
f 2534/2/1 2535/2/1 2505/2/1
f 2505/2/1 2535/2/1 2506/2/1
f 2536/2/1 2537/2/1 2507/2/1
f 2507/2/1 2537/2/1 2508/2/1
f 2537/7/1 2538/7/1 2508/7/1
f 2508/7/1 2538/7/1 2509/7/1
f 2538/2/1 2539/2/1 2509/2/1
f 2509/2/1 2539/2/1 2510/2/1
f 2539/7/1 2540/7/1 2510/7/1
f 2510/7/1 2540/7/1 2511/7/1
f 2540/2/1 2541/2/1 2511/2/1
f 2511/2/1 2541/2/1 2512/2/1
f 2541/7/1 2542/7/1 2512/7/1
f 2512/7/1 2542/7/1 2513/7/1
f 2542/2/1 2543/2/1 2513/2/1
f 2513/2/1 2543/2/1 2544/2/1
f 2543/7/1 2545/7/1 2544/7/1
f 2544/7/1 2545/7/1 2517/7/1
f 2545/9/1 2546/9/1 2517/9/1
f 2517/9/1 2546/9/1 2518/9/1
f 2547/9/1 2548/9/1 2550/9/1
f 2550/9/1 2548/9/1 2549/9/1
f 2551/6/1 2552/6/1 2554/6/1
f 2554/6/1 2552/6/1 2553/6/1
f 2555/7/1 2556/7/1 2531/7/1
f 2531/7/1 2556/7/1 2532/7/1
f 2556/9/1 2557/9/1 2532/9/1
f 2532/9/1 2557/9/1 2533/9/1
f 2558/3/1 2559/3/1 2534/3/1
f 2534/3/1 2559/3/1 2535/3/1
f 2560/7/1 2561/7/1 2536/7/1
f 2536/7/1 2561/7/1 2537/7/1
f 2561/2/1 2562/2/1 2537/2/1
f 2537/2/1 2562/2/1 2538/2/1
f 2562/7/1 2563/7/1 2538/7/1
f 2538/7/1 2563/7/1 2539/7/1
f 2563/2/1 2564/2/1 2539/2/1
f 2539/2/1 2564/2/1 2540/2/1
f 2564/7/1 2565/7/1 2540/7/1
f 2540/7/1 2565/7/1 2541/7/1
f 2565/2/1 2566/2/1 2541/2/1
f 2541/2/1 2566/2/1 2542/2/1
f 2566/7/1 2567/7/1 2542/7/1
f 2542/7/1 2567/7/1 2543/7/1
f 2567/2/1 2568/2/1 2543/2/1
f 2543/2/1 2568/2/1 2569/2/1
f 2568/7/1 2570/7/1 2569/7/1
f 2569/7/1 2570/7/1 2571/7/1
f 2570/9/1 2572/9/1 2571/9/1
f 2571/9/1 2572/9/1 2545/9/1
f 2572/7/1 2573/7/1 2545/7/1
f 2545/7/1 2573/7/1 2546/7/1
f 2574/6/1 2575/6/1 2576/6/1
f 2576/6/1 2575/6/1 2552/6/1
f 2577/9/1 2578/9/1 2580/9/1
f 2580/9/1 2578/9/1 2579/9/1
f 2581/9/1 2582/9/1 2555/9/1
f 2555/9/1 2582/9/1 2556/9/1
f 2582/7/1 2583/7/1 2556/7/1
f 2556/7/1 2583/7/1 2557/7/1
f 2584/2/1 2585/2/1 2558/2/1
f 2558/2/1 2585/2/1 2559/2/1
f 2586/2/1 2587/2/1 2560/2/1
f 2560/2/1 2587/2/1 2561/2/1
f 2587/7/1 2588/7/1 2561/7/1
f 2561/7/1 2588/7/1 2562/7/1
f 2588/2/1 2589/2/1 2562/2/1
f 2562/2/1 2589/2/1 2563/2/1
f 2589/7/1 2590/7/1 2563/7/1
f 2563/7/1 2590/7/1 2564/7/1
f 2590/2/1 2591/2/1 2564/2/1
f 2564/2/1 2591/2/1 2565/2/1
f 2591/7/1 2592/7/1 2565/7/1
f 2565/7/1 2592/7/1 2566/7/1
f 2592/2/1 2593/2/1 2566/2/1
f 2566/2/1 2593/2/1 2567/2/1
f 2593/7/1 2594/7/1 2567/7/1
f 2567/7/1 2594/7/1 2568/7/1
f 2594/2/1 2595/2/1 2568/2/1
f 2568/2/1 2595/2/1 2596/2/1
f 2595/7/1 2597/7/1 2596/7/1
f 2596/7/1 2597/7/1 2598/7/1
f 2597/2/1 2599/2/1 2598/2/1
f 2598/2/1 2599/2/1 2600/2/1
f 2599/7/1 2601/7/1 2600/7/1
f 2600/7/1 2601/7/1 2572/7/1
f 2601/9/1 2602/9/1 2572/9/1
f 2572/9/1 2602/9/1 2573/9/1
f 2603/5/1 2604/5/1 2491/5/1
f 2491/5/1 2604/5/1 2406/5/1
f 2605/6/1 2606/6/1 2608/6/1
f 2608/6/1 2606/6/1 2607/6/1
f 2606/6/1 2609/6/1 2610/6/1
f 2610/6/1 2609/6/1 2526/6/1
f 2611/5/1 2612/5/1 2613/5/1
f 2613/5/1 2612/5/1 2411/5/1
f 2612/9/1 2614/9/1 2500/9/1
f 2500/9/1 2614/9/1 2501/9/1
f 2615/9/1 2616/9/1 2618/9/1
f 2618/9/1 2616/9/1 2617/9/1
f 2619/7/1 2620/7/1 2581/7/1
f 2581/7/1 2620/7/1 2582/7/1
f 2620/9/1 2621/9/1 2582/9/1
f 2582/9/1 2621/9/1 2583/9/1
f 2622/3/1 2623/3/1 2584/3/1
f 2584/3/1 2623/3/1 2585/3/1
f 2624/7/1 2625/7/1 2586/7/1
f 2586/7/1 2625/7/1 2587/7/1
f 2625/2/1 2626/2/1 2587/2/1
f 2587/2/1 2626/2/1 2588/2/1
f 2626/7/1 2627/7/1 2588/7/1
f 2588/7/1 2627/7/1 2589/7/1
f 2627/2/1 2628/2/1 2589/2/1
f 2589/2/1 2628/2/1 2590/2/1
f 2628/7/1 2629/7/1 2590/7/1
f 2590/7/1 2629/7/1 2591/7/1
f 2629/2/1 2630/2/1 2591/2/1
f 2591/2/1 2630/2/1 2592/2/1
f 2630/7/1 2631/7/1 2592/7/1
f 2592/7/1 2631/7/1 2593/7/1
f 2631/2/1 2632/2/1 2593/2/1
f 2593/2/1 2632/2/1 2594/2/1
f 2632/7/1 2633/7/1 2594/7/1
f 2594/7/1 2633/7/1 2595/7/1
f 2633/2/1 2634/2/1 2595/2/1
f 2595/2/1 2634/2/1 2597/2/1
f 2634/7/1 2635/7/1 2597/7/1
f 2597/7/1 2635/7/1 2599/7/1
f 2635/2/1 2636/2/1 2599/2/1
f 2599/2/1 2636/2/1 2637/2/1
f 2636/7/1 2638/7/1 2637/7/1
f 2637/7/1 2638/7/1 2639/7/1
f 2638/2/1 2640/2/1 2639/2/1
f 2639/2/1 2640/2/1 2641/2/1
f 2640/7/1 2642/7/1 2641/7/1
f 2641/7/1 2642/7/1 2643/7/1
f 2642/9/1 2644/9/1 2643/9/1
f 2643/9/1 2644/9/1 2601/9/1
f 2644/7/1 2645/7/1 2601/7/1
f 2601/7/1 2645/7/1 2602/7/1
f 2646/5/1 2647/5/1 2547/5/1
f 2547/5/1 2647/5/1 2548/5/1
f 2648/6/1 2649/6/1 2651/6/1
f 2651/6/1 2649/6/1 2650/6/1
f 2652/5/1 2653/5/1 2655/5/1
f 2655/5/1 2653/5/1 2654/5/1
f 2656/9/1 2657/9/1 2659/9/1
f 2659/9/1 2657/9/1 2658/9/1
f 2660/9/1 2661/9/1 2619/9/1
f 2619/9/1 2661/9/1 2620/9/1
f 2661/7/1 2662/7/1 2620/7/1
f 2620/7/1 2662/7/1 2621/7/1
f 2663/7/1 2664/7/1 1709/7/1
f 1709/7/1 2664/7/1 1710/7/1
f 2665/2/1 2666/2/1 2622/2/1
f 2622/2/1 2666/2/1 2623/2/1
f 2667/2/1 2668/2/1 2624/2/1
f 2624/2/1 2668/2/1 2625/2/1
f 2668/7/1 2669/7/1 2625/7/1
f 2625/7/1 2669/7/1 2626/7/1
f 2669/2/1 2670/2/1 2626/2/1
f 2626/2/1 2670/2/1 2627/2/1
f 2670/7/1 2671/7/1 2627/7/1
f 2627/7/1 2671/7/1 2628/7/1
f 2671/2/1 2672/2/1 2628/2/1
f 2628/2/1 2672/2/1 2629/2/1
f 2672/7/1 2673/7/1 2629/7/1
f 2629/7/1 2673/7/1 2630/7/1
f 2673/2/1 2674/2/1 2630/2/1
f 2630/2/1 2674/2/1 2631/2/1
f 2674/7/1 2675/7/1 2631/7/1
f 2631/7/1 2675/7/1 2632/7/1
f 2675/2/1 2676/2/1 2632/2/1
f 2632/2/1 2676/2/1 2633/2/1
f 2676/7/1 2677/7/1 2633/7/1
f 2633/7/1 2677/7/1 2634/7/1
f 2677/2/1 2678/2/1 2634/2/1
f 2634/2/1 2678/2/1 2635/2/1
f 2678/7/1 2679/7/1 2635/7/1
f 2635/7/1 2679/7/1 2636/7/1
f 2679/2/1 2680/2/1 2636/2/1
f 2636/2/1 2680/2/1 2638/2/1
f 2680/7/1 2681/7/1 2638/7/1
f 2638/7/1 2681/7/1 2640/7/1
f 2681/2/1 2682/2/1 2640/2/1
f 2640/2/1 2682/2/1 2683/2/1
f 2682/7/1 2684/7/1 2683/7/1
f 2683/7/1 2684/7/1 2685/7/1
f 2684/2/1 2686/2/1 2685/2/1
f 2685/2/1 2686/2/1 2687/2/1
f 2686/7/1 2688/7/1 2687/7/1
f 2687/7/1 2688/7/1 2642/7/1
f 2688/2/1 2689/2/1 2642/2/1
f 2642/2/1 2689/2/1 2644/2/1
f 2689/9/1 2690/9/1 2644/9/1
f 2644/9/1 2690/9/1 2645/9/1
f 2691/9/1 2692/9/1 2693/9/1
f 2693/9/1 2692/9/1 2523/9/1
f 2694/9/1 2695/9/1 2697/9/1
f 2697/9/1 2695/9/1 2696/9/1
f 2698/6/1 2699/6/1 2700/6/1
f 2700/6/1 2699/6/1 2651/6/1
f 2701/6/1 2702/6/1 2704/6/1
f 2704/6/1 2702/6/1 2703/6/1
f 2705/9/1 2706/9/1 2707/9/1
f 2707/9/1 2706/9/1 2392/9/1
f 2706/7/1 2708/7/1 2660/7/1
f 2660/7/1 2708/7/1 2661/7/1
f 2708/2/1 2709/2/1 2661/2/1
f 2661/2/1 2709/2/1 2662/2/1
f 2709/7/1 2710/7/1 1708/7/1
f 1708/7/1 2710/7/1 1709/7/1
f 2710/2/1 2711/2/1 2663/2/1
f 2663/2/1 2711/2/1 2664/2/1
f 2712/3/1 2713/3/1 2665/3/1
f 2665/3/1 2713/3/1 2666/3/1
f 2714/7/1 2715/7/1 2667/7/1
f 2667/7/1 2715/7/1 2668/7/1
f 2716/7/1 2717/7/1 2669/7/1
f 2669/7/1 2717/7/1 2670/7/1
f 2718/7/1 2719/7/1 2671/7/1
f 2671/7/1 2719/7/1 2672/7/1
f 2720/7/1 2721/7/1 2673/7/1
f 2673/7/1 2721/7/1 2674/7/1
f 2722/7/1 2723/7/1 2675/7/1
f 2675/7/1 2723/7/1 2676/7/1
f 2724/7/1 2725/7/1 2677/7/1
f 2677/7/1 2725/7/1 2678/7/1
f 2726/7/1 2727/7/1 2679/7/1
f 2679/7/1 2727/7/1 2680/7/1
f 2728/7/1 2729/7/1 2681/7/1
f 2681/7/1 2729/7/1 2682/7/1
f 2730/7/1 2731/7/1 2684/7/1
f 2684/7/1 2731/7/1 2686/7/1
f 2732/7/1 2733/7/1 2688/7/1
f 2688/7/1 2733/7/1 2689/7/1
f 2734/9/1 2735/9/1 2359/9/1
f 2359/9/1 2735/9/1 2693/9/1
f 2736/9/1 2737/9/1 2739/9/1
f 2739/9/1 2737/9/1 2738/9/1
f 2740/6/1 2741/6/1 2743/6/1
f 2743/6/1 2741/6/1 2742/6/1
f 2744/9/1 2745/9/1 2746/9/1
f 2746/9/1 2745/9/1 2707/9/1
f 2747/9/1 2748/9/1 2749/9/1
f 2749/9/1 2748/9/1 2706/9/1
f 2750/7/1 2751/7/1 2708/7/1
f 2708/7/1 2751/7/1 2709/7/1
f 2752/7/1 2753/7/1 2710/7/1
f 2710/7/1 2753/7/1 2711/7/1
f 2754/2/1 2755/2/1 2712/2/1
f 2712/2/1 2755/2/1 2713/2/1
f 2756/2/1 2757/2/1 2714/2/1
f 2714/2/1 2757/2/1 2715/2/1
f 2758/2/1 2759/2/1 2716/2/1
f 2716/2/1 2759/2/1 2717/2/1
f 2760/2/1 2761/2/1 2718/2/1
f 2718/2/1 2761/2/1 2719/2/1
f 2762/2/1 2763/2/1 2720/2/1
f 2720/2/1 2763/2/1 2721/2/1
f 2764/2/1 2765/2/1 2722/2/1
f 2722/2/1 2765/2/1 2723/2/1
f 2766/2/1 2767/2/1 2724/2/1
f 2724/2/1 2767/2/1 2725/2/1
f 2768/2/1 2769/2/1 2726/2/1
f 2726/2/1 2769/2/1 2727/2/1
f 2770/2/1 2771/2/1 2728/2/1
f 2728/2/1 2771/2/1 2729/2/1
f 2772/2/1 2773/2/1 2730/2/1
f 2730/2/1 2773/2/1 2731/2/1
f 2774/2/1 2775/2/1 2732/2/1
f 2732/2/1 2775/2/1 2733/2/1
f 2776/2/1 2777/2/1 2734/2/1
f 2734/2/1 2777/2/1 2735/2/1
f 2778/2/1 2779/2/1 2736/2/1
f 2736/2/1 2779/2/1 2780/2/1
f 2781/9/1 2782/9/1 2646/9/1
f 2646/9/1 2782/9/1 2647/9/1
f 2783/5/1 2784/5/1 2786/5/1
f 2786/5/1 2784/5/1 2785/5/1
f 2787/5/1 2788/5/1 2790/5/1
f 2790/5/1 2788/5/1 2789/5/1
f 2791/5/1 2792/5/1 2794/5/1
f 2794/5/1 2792/5/1 2793/5/1
f 2795/5/1 2796/5/1 2798/5/1
f 2798/5/1 2796/5/1 2797/5/1
f 2799/5/1 2800/5/1 2802/5/1
f 2802/5/1 2800/5/1 2801/5/1
f 2803/5/1 2804/5/1 2805/5/1
f 2805/5/1 2804/5/1 2653/5/1
f 2804/5/1 2806/5/1 2808/5/1
f 2808/5/1 2806/5/1 2807/5/1
f 2806/5/1 2809/5/1 2811/5/1
f 2811/5/1 2809/5/1 2810/5/1
f 2809/5/1 2812/5/1 2813/5/1
f 2813/5/1 2812/5/1 2614/5/1
f 2814/9/1 2815/9/1 2817/9/1
f 2817/9/1 2815/9/1 2816/9/1
f 2818/2/1 2819/2/1 2705/2/1
f 2705/2/1 2819/2/1 2749/2/1
f 2820/2/1 2821/2/1 2706/2/1
f 2706/2/1 2821/2/1 2708/2/1
f 2822/2/1 2823/2/1 2709/2/1
f 2709/2/1 2823/2/1 2710/2/1
f 2824/3/1 2825/3/1 2754/3/1
f 2754/3/1 2825/3/1 2755/3/1
f 2825/2/1 2826/2/1 2349/2/1
f 2349/2/1 2826/2/1 2352/2/1
f 2826/3/1 2827/3/1 2756/3/1
f 2756/3/1 2827/3/1 2757/3/1
f 2827/2/1 2828/2/1 2668/2/1
f 2668/2/1 2828/2/1 2669/2/1
f 2828/3/1 2829/3/1 2758/3/1
f 2758/3/1 2829/3/1 2759/3/1
f 2829/2/1 2830/2/1 2670/2/1
f 2670/2/1 2830/2/1 2671/2/1
f 2830/3/1 2831/3/1 2760/3/1
f 2760/3/1 2831/3/1 2761/3/1
f 2831/2/1 2832/2/1 2672/2/1
f 2672/2/1 2832/2/1 2673/2/1
f 2832/3/1 2833/3/1 2762/3/1
f 2762/3/1 2833/3/1 2763/3/1
f 2833/2/1 2834/2/1 2674/2/1
f 2674/2/1 2834/2/1 2675/2/1
f 2834/3/1 2835/3/1 2764/3/1
f 2764/3/1 2835/3/1 2765/3/1
f 2835/2/1 2836/2/1 2676/2/1
f 2676/2/1 2836/2/1 2677/2/1
f 2836/3/1 2837/3/1 2766/3/1
f 2766/3/1 2837/3/1 2767/3/1
f 2837/2/1 2838/2/1 2678/2/1
f 2678/2/1 2838/2/1 2679/2/1
f 2838/3/1 2839/3/1 2768/3/1
f 2768/3/1 2839/3/1 2769/3/1
f 2839/2/1 2840/2/1 2680/2/1
f 2680/2/1 2840/2/1 2681/2/1
f 2840/3/1 2841/3/1 2770/3/1
f 2770/3/1 2841/3/1 2771/3/1
f 2841/2/1 2842/2/1 2682/2/1
f 2682/2/1 2842/2/1 2684/2/1
f 2842/3/1 2843/3/1 2772/3/1
f 2772/3/1 2843/3/1 2773/3/1
f 2843/2/1 2844/2/1 2686/2/1
f 2686/2/1 2844/2/1 2688/2/1
f 2844/3/1 2845/3/1 2774/3/1
f 2774/3/1 2845/3/1 2775/3/1
f 2845/2/1 2846/2/1 2689/2/1
f 2689/2/1 2846/2/1 2690/2/1
f 2846/3/1 2847/3/1 2776/3/1
f 2776/3/1 2847/3/1 2777/3/1
f 2847/2/1 2848/2/1 2691/2/1
f 2691/2/1 2848/2/1 2739/2/1
f 2848/3/1 2849/3/1 2778/3/1
f 2778/3/1 2849/3/1 2779/3/1
f 2849/9/1 2850/9/1 2780/9/1
f 2780/9/1 2850/9/1 2737/9/1
f 2850/3/1 2851/3/1 2853/3/1
f 2853/3/1 2851/3/1 2852/3/1
f 2854/5/1 2855/5/1 2489/5/1
f 2489/5/1 2855/5/1 2490/5/1
f 2856/3/1 2857/3/1 2859/3/1
f 2859/3/1 2857/3/1 2858/3/1
f 2860/5/1 2861/5/1 2863/5/1
f 2863/5/1 2861/5/1 2862/5/1
f 2864/3/1 2865/3/1 2867/3/1
f 2867/3/1 2865/3/1 2866/3/1
f 2868/5/1 2869/5/1 2870/5/1
f 2870/5/1 2869/5/1 2405/5/1
f 2871/3/1 2872/3/1 2874/3/1
f 2874/3/1 2872/3/1 2873/3/1
f 2875/5/1 2876/5/1 2878/5/1
f 2878/5/1 2876/5/1 2877/5/1
f 2879/3/1 2880/3/1 2882/3/1
f 2882/3/1 2880/3/1 2881/3/1
f 2883/5/1 2884/5/1 2886/5/1
f 2886/5/1 2884/5/1 2885/5/1
f 2887/3/1 2888/3/1 2890/3/1
f 2890/3/1 2888/3/1 2889/3/1
f 2891/5/1 2892/5/1 2894/5/1
f 2894/5/1 2892/5/1 2893/5/1
f 2895/3/1 2896/3/1 2898/3/1
f 2898/3/1 2896/3/1 2897/3/1
f 2899/5/1 2900/5/1 2901/5/1
f 2901/5/1 2900/5/1 2802/5/1
f 2902/3/1 2903/3/1 2905/3/1
f 2905/3/1 2903/3/1 2904/3/1
f 2906/5/1 2907/5/1 2909/5/1
f 2909/5/1 2907/5/1 2908/5/1
f 2910/3/1 2911/3/1 2913/3/1
f 2913/3/1 2911/3/1 2912/3/1
f 2914/5/1 2915/5/1 2917/5/1
f 2917/5/1 2915/5/1 2916/5/1
f 2918/3/1 2919/3/1 2921/3/1
f 2921/3/1 2919/3/1 2920/3/1
f 2922/5/1 2923/5/1 2924/5/1
f 2924/5/1 2923/5/1 2804/5/1
f 2925/3/1 2926/3/1 2928/3/1
f 2928/3/1 2926/3/1 2927/3/1
f 2929/5/1 2930/5/1 2931/5/1
f 2931/5/1 2930/5/1 2806/5/1
f 2932/3/1 2933/3/1 2935/3/1
f 2935/3/1 2933/3/1 2934/3/1
f 2936/5/1 2937/5/1 2938/5/1
f 2938/5/1 2937/5/1 2809/5/1
f 2939/3/1 2940/3/1 2942/3/1
f 2942/3/1 2940/3/1 2941/3/1
f 2943/5/1 2944/5/1 2946/5/1
f 2946/5/1 2944/5/1 2945/5/1
f 2947/3/1 2948/3/1 2950/3/1
f 2950/3/1 2948/3/1 2949/3/1
f 2951/5/1 2952/5/1 2656/5/1
f 2656/5/1 2952/5/1 2657/5/1
f 2953/3/1 2954/3/1 2956/3/1
f 2956/3/1 2954/3/1 2955/3/1
f 2954/2/1 2957/2/1 2744/2/1
f 2744/2/1 2957/2/1 2745/2/1
f 2957/3/1 2958/3/1 2818/3/1
f 2818/3/1 2958/3/1 2819/3/1
f 2958/2/1 2959/2/1 2747/2/1
f 2747/2/1 2959/2/1 2748/2/1
f 2959/3/1 2960/3/1 2820/3/1
f 2820/3/1 2960/3/1 2821/3/1
f 2960/2/1 2961/2/1 2750/2/1
f 2750/2/1 2961/2/1 2751/2/1
f 2961/3/1 2962/3/1 2822/3/1
f 2822/3/1 2962/3/1 2823/3/1
f 2962/2/1 2963/2/1 2752/2/1
f 2752/2/1 2963/2/1 2753/2/1
f 2550/9/2 2375/9/2 2549/9/2
f 2549/9/2 2375/9/2 2376/9/2
f 2697/9/2 1711/9/2 2696/9/2
f 2696/9/2 1711/9/2 1635/9/2
f 2964/1/2 1712/1/2 2965/1/2
f 2965/1/2 1712/1/2 1715/1/2
f 1711/2/3 2697/2/3 1628/2/3
f 1628/2/3 2697/2/3 2519/2/3
f 1632/9/3 2474/9/3 1635/9/3
f 1635/9/3 2474/9/3 2375/9/3
f 1681/6/3 2378/6/3 1684/6/3
f 1684/6/3 2378/6/3 2409/6/3
f 2377/6/3 2499/6/3 2410/6/3
f 2410/6/3 2499/6/3 2407/6/3
f 2391/9/3 2413/9/3 2453/9/3
f 2453/9/3 2413/9/3 2529/9/3
f 2448/6/3 2447/6/3 2870/6/3
f 2870/6/3 2447/6/3 2789/6/3
f 2473/9/3 2472/9/3 2376/9/3
f 2376/9/3 2472/9/3 2549/9/3
f 2498/6/3 2497/6/3 2613/6/3
f 2613/6/3 2497/6/3 2807/6/3
f 2471/9/3 2522/9/3 2550/9/3
f 2550/9/3 2522/9/3 2696/9/3
f 2496/6/3 2525/6/3 2808/6/3
f 2808/6/3 2525/6/3 2654/6/3
f 2553/6/3 2575/6/3 2655/6/3
f 2655/6/3 2575/6/3 2801/6/3
f 2524/6/3 2609/6/3 2894/6/3
f 2894/6/3 2609/6/3 2793/6/3
f 2650/6/3 2649/6/3 2604/6/3
f 2604/6/3 2649/6/3 2862/6/3
f 2521/9/3 2692/9/3 2697/9/3
f 2697/9/3 2692/9/3 2694/9/3
f 2648/6/3 2699/6/3 2863/6/3
f 2863/6/3 2699/6/3 2785/6/3
f 2703/6/3 2702/6/3 2813/6/3
f 2813/6/3 2702/6/3 2810/6/3
f 2742/6/3 2741/6/3 2805/6/3
f 2805/6/3 2741/6/3 2916/6/3
f 2738/9/3 2853/9/3 2695/9/3
f 2695/9/3 2853/9/3 2781/9/3
f 2852/3/3 2851/3/3 2782/3/3
f 2782/3/3 2851/3/3 2854/3/3
f 2858/3/3 2857/3/3 2784/3/3
f 2784/3/3 2857/3/3 2860/3/3
f 2866/3/3 2865/3/3 2788/3/3
f 2788/3/3 2865/3/3 2868/3/3
f 2873/3/3 2872/3/3 2878/3/3
f 2878/3/3 2872/3/3 2875/3/3
f 2881/3/3 2880/3/3 2886/3/3
f 2886/3/3 2880/3/3 2883/3/3
f 2889/3/3 2888/3/3 2792/3/3
f 2792/3/3 2888/3/3 2891/3/3
f 2897/3/3 2896/3/3 2796/3/3
f 2796/3/3 2896/3/3 2899/3/3
f 2904/3/3 2903/3/3 2909/3/3
f 2909/3/3 2903/3/3 2906/3/3
f 2912/3/3 2911/3/3 2800/3/3
f 2800/3/3 2911/3/3 2914/3/3
f 2920/3/3 2919/3/3 2924/3/3
f 2924/3/3 2919/3/3 2922/3/3
f 2927/3/3 2926/3/3 2931/3/3
f 2931/3/3 2926/3/3 2929/3/3
f 2934/3/3 2933/3/3 2938/3/3
f 2938/3/3 2933/3/3 2936/3/3
f 2941/3/3 2940/3/3 2946/3/3
f 2946/3/3 2940/3/3 2943/3/3
f 2949/3/3 2948/3/3 2812/3/3
f 2812/3/3 2948/3/3 2951/3/3
f 1718/1/4 1712/1/4 2966/1/4
f 2966/1/4 1712/1/4 2964/1/4
f 1720/8/4 1718/8/4 2967/8/4
f 2967/8/4 1718/8/4 2966/8/4
f 1722/1/4 1720/1/4 2968/1/4
f 2968/1/4 1720/1/4 2967/1/4
f 1724/8/4 1722/8/4 2969/8/4
f 2969/8/4 1722/8/4 2968/8/4
f 1726/1/4 1724/1/4 2970/1/4
f 2970/1/4 1724/1/4 2969/1/4
f 1728/4/4 1726/4/4 2971/4/4
f 2971/4/4 1726/4/4 2970/4/4
f 1730/1/4 1728/1/4 2972/1/4
f 2972/1/4 1728/1/4 2971/1/4
f 1732/4/4 1730/4/4 2973/4/4
f 2973/4/4 1730/4/4 2972/4/4
f 1734/1/4 1732/1/4 2974/1/4
f 2974/1/4 1732/1/4 2973/1/4
f 1635/9/4 1629/9/4 2375/9/4
f 2375/9/4 1629/9/4 2470/9/4
f 2376/9/4 2469/9/4 2549/9/4
f 2549/9/4 2469/9/4 2468/9/4
f 2550/9/4 2467/9/4 2696/9/4
f 2696/9/4 2467/9/4 2520/9/4
f 1736/10/4 1734/10/4 2975/10/4
f 2975/10/4 1734/10/4 2974/10/4
f 1602/2/4 1736/2/4 2340/2/4
f 2340/2/4 1736/2/4 2976/2/4
f 2340/3/4 2976/3/4 2347/3/4
f 2347/3/4 2976/3/4 2977/3/4
f 2347/2/4 2977/2/4 2365/2/4
f 2365/2/4 2977/2/4 2978/2/4
f 2365/3/4 2978/3/4 2382/3/4
f 2382/3/4 2978/3/4 2979/3/4
f 2382/2/4 2979/2/4 2395/2/4
f 2395/2/4 2979/2/4 2980/2/4
f 2414/9/4 1696/9/4 2412/9/4
f 2412/9/4 1696/9/4 2530/9/4
f 2395/3/4 2980/3/4 2418/3/4
f 2418/3/4 2980/3/4 2981/3/4
f 1650/6/4 1647/6/4 2429/6/4
f 2429/6/4 1647/6/4 2495/6/4
f 2418/2/4 2981/2/4 2436/2/4
f 2436/2/4 2981/2/4 2982/2/4
f 2449/6/4 2404/6/4 2446/6/4
f 2446/6/4 2404/6/4 2790/6/4
f 2746/9/4 2452/9/4 2617/9/4
f 2617/9/4 2452/9/4 2451/9/4
f 2436/3/4 2982/3/4 2457/3/4
f 2457/3/4 2982/3/4 2983/3/4
f 2457/2/4 2983/2/4 2478/2/4
f 2478/2/4 2983/2/4 2984/2/4
f 2610/6/4 2494/6/4 2607/6/4
f 2607/6/4 2494/6/4 2493/6/4
f 2478/3/4 2984/3/4 2505/3/4
f 2505/3/4 2984/3/4 2985/3/4
f 2618/9/4 2450/9/4 2579/9/4
f 2579/9/4 2450/9/4 2528/9/4
f 2505/2/4 2985/2/4 2534/2/4
f 2534/2/4 2985/2/4 2986/2/4
f 2554/6/4 2893/6/4 2551/6/4
f 2551/6/4 2893/6/4 2798/6/4
f 2534/3/4 2986/3/4 2558/3/4
f 2558/3/4 2986/3/4 2987/3/4
f 2576/6/4 2797/6/4 2574/6/4
f 2574/6/4 2797/6/4 2901/6/4
f 2580/9/4 2527/9/4 2577/9/4
f 2577/9/4 2527/9/4 2659/9/4
f 2558/2/4 2987/2/4 2584/2/4
f 2584/2/4 2987/2/4 2988/2/4
f 2608/6/4 2492/6/4 2605/6/4
f 2605/6/4 2492/6/4 2794/6/4
f 2578/9/4 2658/9/4 2615/9/4
f 2615/9/4 2658/9/4 2817/9/4
f 2584/3/4 2988/3/4 2622/3/4
f 2622/3/4 2988/3/4 2989/3/4
f 2622/2/4 2989/2/4 2665/2/4
f 2665/2/4 2989/2/4 2990/2/4
f 2700/6/4 2603/6/4 2698/6/4
f 2698/6/4 2603/6/4 2786/6/4
f 2704/6/4 2611/6/4 2701/6/4
f 2701/6/4 2611/6/4 2811/6/4
f 2665/3/4 2990/3/4 2712/3/4
f 2712/3/4 2990/3/4 2991/3/4
f 2743/6/4 2652/6/4 2740/6/4
f 2740/6/4 2652/6/4 2917/6/4
f 2616/9/4 2816/9/4 2744/9/4
f 2744/9/4 2816/9/4 2992/9/4
f 2712/2/4 2991/2/4 2754/2/4
f 2754/2/4 2991/2/4 2993/2/4
f 2744/2/4 2992/2/4 2955/2/4
f 2955/2/4 2992/2/4 2815/2/4
f 2754/3/4 2993/3/4 2824/3/4
f 2824/3/4 2993/3/4 2975/3/4
f 2859/3/4 2783/3/4 2856/3/4
f 2856/3/4 2783/3/4 2855/3/4
f 2867/3/4 2787/3/4 2864/3/4
f 2864/3/4 2787/3/4 2861/3/4
f 2874/3/4 2791/3/4 2871/3/4
f 2871/3/4 2791/3/4 2869/3/4
f 2882/3/4 2877/3/4 2879/3/4
f 2879/3/4 2877/3/4 2876/3/4
f 2890/3/4 2885/3/4 2887/3/4
f 2887/3/4 2885/3/4 2884/3/4
f 2898/3/4 2795/3/4 2895/3/4
f 2895/3/4 2795/3/4 2892/3/4
f 2905/3/4 2799/3/4 2902/3/4
f 2902/3/4 2799/3/4 2900/3/4
f 2913/3/4 2908/3/4 2910/3/4
f 2910/3/4 2908/3/4 2907/3/4
f 2921/3/4 2803/3/4 2918/3/4
f 2918/3/4 2803/3/4 2915/3/4
f 2928/3/4 2804/3/4 2925/3/4
f 2925/3/4 2804/3/4 2923/3/4
f 2935/3/4 2806/3/4 2932/3/4
f 2932/3/4 2806/3/4 2930/3/4
f 2942/3/4 2809/3/4 2939/3/4
f 2939/3/4 2809/3/4 2937/3/4
f 2950/3/4 2945/3/4 2947/3/4
f 2947/3/4 2945/3/4 2944/3/4
f 2956/3/4 2814/3/4 2953/3/4
f 2953/3/4 2814/3/4 2952/3/4
f 2994/3/5 2825/3/5 2975/3/5
f 2975/3/5 2825/3/5 2824/3/5
f 2995/2/5 2826/2/5 2994/2/5
f 2994/2/5 2826/2/5 2825/2/5
f 2996/3/5 2827/3/5 2995/3/5
f 2995/3/5 2827/3/5 2826/3/5
f 2997/2/5 2828/2/5 2996/2/5
f 2996/2/5 2828/2/5 2827/2/5
f 2998/3/5 2829/3/5 2997/3/5
f 2997/3/5 2829/3/5 2828/3/5
f 2999/2/5 2830/2/5 2998/2/5
f 2998/2/5 2830/2/5 2829/2/5
f 3000/3/5 2831/3/5 2999/3/5
f 2999/3/5 2831/3/5 2830/3/5
f 3001/2/5 2832/2/5 3000/2/5
f 3000/2/5 2832/2/5 2831/2/5
f 3002/3/5 2833/3/5 3001/3/5
f 3001/3/5 2833/3/5 2832/3/5
f 3003/2/5 2834/2/5 3002/2/5
f 3002/2/5 2834/2/5 2833/2/5
f 3004/3/5 2835/3/5 3003/3/5
f 3003/3/5 2835/3/5 2834/3/5
f 3005/2/5 2836/2/5 3004/2/5
f 3004/2/5 2836/2/5 2835/2/5
f 3006/3/5 2837/3/5 3005/3/5
f 3005/3/5 2837/3/5 2836/3/5
f 3007/2/5 2838/2/5 3006/2/5
f 3006/2/5 2838/2/5 2837/2/5
f 3008/3/5 2839/3/5 3007/3/5
f 3007/3/5 2839/3/5 2838/3/5
f 3009/2/5 2840/2/5 3008/2/5
f 3008/2/5 2840/2/5 2839/2/5
f 3010/3/5 2841/3/5 3009/3/5
f 3009/3/5 2841/3/5 2840/3/5
f 3011/2/5 2842/2/5 3010/2/5
f 3010/2/5 2842/2/5 2841/2/5
f 3012/3/5 2843/3/5 3011/3/5
f 3011/3/5 2843/3/5 2842/3/5
f 3013/2/5 2844/2/5 3012/2/5
f 3012/2/5 2844/2/5 2843/2/5
f 3014/3/5 2845/3/5 3013/3/5
f 3013/3/5 2845/3/5 2844/3/5
f 3015/2/5 2846/2/5 3014/2/5
f 3014/2/5 2846/2/5 2845/2/5
f 3016/3/5 2847/3/5 3015/3/5
f 3015/3/5 2847/3/5 2846/3/5
f 3017/2/5 2848/2/5 3016/2/5
f 3016/2/5 2848/2/5 2847/2/5
f 3018/10/5 3019/10/5 2974/10/5
f 2974/10/5 3019/10/5 2975/10/5
f 3019/3/5 2849/3/5 3017/3/5
f 3017/3/5 2849/3/5 2848/3/5
f 2696/9/5 2522/9/5 2697/9/5
f 2697/9/5 2522/9/5 2521/9/5
f 3020/9/5 2850/9/5 3019/9/5
f 3019/9/5 2850/9/5 2849/9/5
f 2469/9/5 2376/9/5 2470/9/5
f 2470/9/5 2376/9/5 2375/9/5
f 2549/9/5 2472/9/5 2550/9/5
f 2550/9/5 2472/9/5 2471/9/5
f 2854/3/5 2851/3/5 3020/3/5
f 3020/3/5 2851/3/5 2850/3/5
f 2785/6/5 2699/6/5 2786/6/5
f 2786/6/5 2699/6/5 2698/6/5
f 2860/3/5 2857/3/5 2855/3/5
f 2855/3/5 2857/3/5 2856/3/5
f 2862/6/5 2649/6/5 2863/6/5
f 2863/6/5 2649/6/5 2648/6/5
f 2789/6/5 2447/6/5 2790/6/5
f 2790/6/5 2447/6/5 2446/6/5
f 2868/3/5 2865/3/5 2861/3/5
f 2861/3/5 2865/3/5 2864/3/5
f 2494/6/5 2610/6/5 2495/6/5
f 2495/6/5 2610/6/5 2429/6/5
f 2875/3/5 2872/3/5 2869/3/5
f 2869/3/5 2872/3/5 2871/3/5
f 2883/3/5 2880/3/5 2876/3/5
f 2876/3/5 2880/3/5 2879/3/5
f 2793/6/5 2609/6/5 2794/6/5
f 2794/6/5 2609/6/5 2605/6/5
f 2891/3/5 2888/3/5 2884/3/5
f 2884/3/5 2888/3/5 2887/3/5
f 2893/6/5 2554/6/5 2894/6/5
f 2894/6/5 2554/6/5 2524/6/5
f 2797/6/5 2576/6/5 2798/6/5
f 2798/6/5 2576/6/5 2551/6/5
f 2899/3/5 2896/3/5 2892/3/5
f 2892/3/5 2896/3/5 2895/3/5
f 2906/3/5 2903/3/5 2900/3/5
f 2900/3/5 2903/3/5 2902/3/5
f 2801/6/5 2575/6/5 2901/6/5
f 2901/6/5 2575/6/5 2574/6/5
f 2914/3/5 2911/3/5 2907/3/5
f 2907/3/5 2911/3/5 2910/3/5
f 2916/6/5 2741/6/5 2917/6/5
f 2917/6/5 2741/6/5 2740/6/5
f 2922/3/5 2919/3/5 2915/3/5
f 2915/3/5 2919/3/5 2918/3/5
f 2654/6/5 2525/6/5 2655/6/5
f 2655/6/5 2525/6/5 2553/6/5
f 2409/6/5 2378/6/5 2410/6/5
f 2410/6/5 2378/6/5 2377/6/5
f 2929/3/5 2926/3/5 2923/3/5
f 2923/3/5 2926/3/5 2925/3/5
f 2807/6/5 2497/6/5 2808/6/5
f 2808/6/5 2497/6/5 2496/6/5
f 2936/3/5 2933/3/5 2930/3/5
f 2930/3/5 2933/3/5 2932/3/5
f 2810/6/5 2702/6/5 2811/6/5
f 2811/6/5 2702/6/5 2701/6/5
f 2943/3/5 2940/3/5 2937/3/5
f 2937/3/5 2940/3/5 2939/3/5
f 2951/3/5 2948/3/5 2944/3/5
f 2944/3/5 2948/3/5 2947/3/5
f 2529/9/5 2413/9/5 2530/9/5
f 2530/9/5 2413/9/5 2412/9/5
f 2658/9/5 2578/9/5 2659/9/5
f 2659/9/5 2578/9/5 2577/9/5
f 3021/5/5 3022/5/5 3018/5/5
f 3018/5/5 3022/5/5 3019/5/5
f 2452/9/5 2746/9/5 2453/9/5
f 2453/9/5 2746/9/5 2391/9/5
f 2816/9/5 2616/9/5 2817/9/5
f 2817/9/5 2616/9/5 2615/9/5
f 3022/3/5 2954/3/5 2952/3/5
f 2952/3/5 2954/3/5 2953/3/5
f 3023/2/5 2957/2/5 3022/2/5
f 3022/2/5 2957/2/5 2954/2/5
f 3024/3/5 2958/3/5 3023/3/5
f 3023/3/5 2958/3/5 2957/3/5
f 3025/2/5 2959/2/5 3024/2/5
f 3024/2/5 2959/2/5 2958/2/5
f 3026/3/5 2960/3/5 3025/3/5
f 3025/3/5 2960/3/5 2959/3/5
f 3027/2/5 2961/2/5 3026/2/5
f 3026/2/5 2961/2/5 2960/2/5
f 3028/3/5 2962/3/5 3027/3/5
f 3027/3/5 2962/3/5 2961/3/5
f 2965/1/5 3029/1/5 2964/1/5
f 2964/1/5 3029/1/5 2966/1/5
f 3029/8/5 3030/8/5 2966/8/5
f 2966/8/5 3030/8/5 2967/8/5
f 3030/1/5 3031/1/5 2967/1/5
f 2967/1/5 3031/1/5 2968/1/5
f 3031/8/5 3032/8/5 2968/8/5
f 2968/8/5 3032/8/5 2969/8/5
f 3032/1/5 3033/1/5 2969/1/5
f 2969/1/5 3033/1/5 2970/1/5
f 3033/4/5 3034/4/5 2970/4/5
f 2970/4/5 3034/4/5 2971/4/5
f 3034/1/5 3035/1/5 2971/1/5
f 2971/1/5 3035/1/5 2972/1/5
f 3035/4/5 3036/4/5 2972/4/5
f 2972/4/5 3036/4/5 2973/4/5
f 3036/1/5 3037/1/5 2973/1/5
f 2973/1/5 3037/1/5 2974/1/5
f 3037/10/5 3038/10/5 3021/10/5
f 3021/10/5 3038/10/5 3022/10/5
f 3038/2/5 2963/2/5 3028/2/5
f 3028/2/5 2963/2/5 2962/2/5
f 2520/9/6 2519/9/6 2696/9/6
f 2696/9/6 2519/9/6 2697/9/6
f 2695/9/6 2694/9/6 2738/9/6
f 2738/9/6 2694/9/6 2692/9/6
f 2468/9/6 2467/9/6 2549/9/6
f 2549/9/6 2467/9/6 2550/9/6
f 2376/9/6 2375/9/6 2473/9/6
f 2473/9/6 2375/9/6 2474/9/6
f 2782/3/6 2781/3/6 2852/3/6
f 2852/3/6 2781/3/6 2853/3/6
f 2784/3/6 2783/3/6 2858/3/6
f 2858/3/6 2783/3/6 2859/3/6
f 2604/6/6 2603/6/6 2650/6/6
f 2650/6/6 2603/6/6 2700/6/6
f 2870/6/6 2404/6/6 2448/6/6
f 2448/6/6 2404/6/6 2449/6/6
f 2788/3/6 2787/3/6 2866/3/6
f 2866/3/6 2787/3/6 2867/3/6
f 2493/6/6 2492/6/6 2607/6/6
f 2607/6/6 2492/6/6 2608/6/6
f 2878/3/6 2791/3/6 2873/3/6
f 2873/3/6 2791/3/6 2874/3/6
f 2886/3/6 2877/3/6 2881/3/6
f 2881/3/6 2877/3/6 2882/3/6
f 2792/3/6 2885/3/6 2889/3/6
f 2889/3/6 2885/3/6 2890/3/6
f 2796/3/6 2795/3/6 2897/3/6
f 2897/3/6 2795/3/6 2898/3/6
f 2909/3/6 2799/3/6 2904/3/6
f 2904/3/6 2799/3/6 2905/3/6
f 2800/3/6 2908/3/6 2912/3/6
f 2912/3/6 2908/3/6 2913/3/6
f 2805/6/6 2652/6/6 2742/6/6
f 2742/6/6 2652/6/6 2743/6/6
f 2924/3/6 2803/3/6 2920/3/6
f 2920/3/6 2803/3/6 2921/3/6
f 2931/3/6 2804/3/6 2927/3/6
f 2927/3/6 2804/3/6 2928/3/6
f 2613/6/6 2407/6/6 2498/6/6
f 2498/6/6 2407/6/6 2499/6/6
f 2938/3/6 2806/3/6 2934/3/6
f 2934/3/6 2806/3/6 2935/3/6
f 2813/6/6 2611/6/6 2703/6/6
f 2703/6/6 2611/6/6 2704/6/6
f 2946/3/6 2809/3/6 2941/3/6
f 2941/3/6 2809/3/6 2942/3/6
f 2812/3/6 2945/3/6 2949/3/6
f 2949/3/6 2945/3/6 2950/3/6
f 1697/9/6 1696/9/6 1700/9/6
f 1700/9/6 1696/9/6 2414/9/6
f 2528/9/6 2527/9/6 2579/9/6
f 2579/9/6 2527/9/6 2580/9/6
f 2451/9/6 2450/9/6 2617/9/6
f 2617/9/6 2450/9/6 2618/9/6
f 2815/3/6 2814/3/6 2955/3/6
f 2955/3/6 2814/3/6 2956/3/6
f 3039/7/1 3040/7/1 2235/7/1
f 2235/7/1 3040/7/1 2236/7/1
f 3040/2/1 3041/2/1 2236/2/1
f 2236/2/1 3041/2/1 2238/2/1
f 3041/3/1 3042/3/1 2238/3/1
f 2238/3/1 3042/3/1 2239/3/1
f 3043/7/1 3044/7/1 2234/7/1
f 2234/7/1 3044/7/1 2235/7/1
f 3044/2/1 3045/2/1 3039/2/1
f 3039/2/1 3045/2/1 3040/2/1
f 3045/7/1 3046/7/1 3040/7/1
f 3040/7/1 3046/7/1 3047/7/1
f 3048/2/1 3049/2/1 3041/2/1
f 3041/2/1 3049/2/1 3042/2/1
f 3050/2/1 3051/2/1 3043/2/1
f 3043/2/1 3051/2/1 3044/2/1
f 3051/7/1 3052/7/1 3044/7/1
f 3044/7/1 3052/7/1 3045/7/1
f 3052/2/1 3053/2/1 3045/2/1
f 3045/2/1 3053/2/1 3046/2/1
f 3054/3/1 3055/3/1 3048/3/1
f 3048/3/1 3055/3/1 3049/3/1
f 3056/7/1 3057/7/1 3050/7/1
f 3050/7/1 3057/7/1 3051/7/1
f 3057/2/1 3058/2/1 3051/2/1
f 3051/2/1 3058/2/1 3052/2/1
f 3058/7/1 3059/7/1 3052/7/1
f 3052/7/1 3059/7/1 3053/7/1
f 3060/2/1 3061/2/1 3054/2/1
f 3054/2/1 3061/2/1 3055/2/1
f 3062/7/1 3063/7/1 2233/7/1
f 2233/7/1 3063/7/1 2234/7/1
f 3063/2/1 3064/2/1 3056/2/1
f 3056/2/1 3064/2/1 3057/2/1
f 3064/7/1 3065/7/1 3057/7/1
f 3057/7/1 3065/7/1 3058/7/1
f 3065/2/1 3066/2/1 3058/2/1
f 3058/2/1 3066/2/1 3059/2/1
f 3067/3/1 3068/3/1 3060/3/1
f 3060/3/1 3068/3/1 3061/3/1
f 3069/2/1 3070/2/1 3062/2/1
f 3062/2/1 3070/2/1 3063/2/1
f 3070/7/1 3071/7/1 3063/7/1
f 3063/7/1 3071/7/1 3064/7/1
f 3071/2/1 3072/2/1 3064/2/1
f 3064/2/1 3072/2/1 3065/2/1
f 3072/7/1 3073/7/1 3065/7/1
f 3065/7/1 3073/7/1 3066/7/1
f 3074/2/1 3075/2/1 3067/2/1
f 3067/2/1 3075/2/1 3068/2/1
f 3076/7/1 3077/7/1 3069/7/1
f 3069/7/1 3077/7/1 3070/7/1
f 3077/2/1 3078/2/1 3070/2/1
f 3070/2/1 3078/2/1 3071/2/1
f 3078/7/1 3079/7/1 3071/7/1
f 3071/7/1 3079/7/1 3072/7/1
f 3079/2/1 3080/2/1 3072/2/1
f 3072/2/1 3080/2/1 3073/2/1
f 3081/3/1 3082/3/1 3074/3/1
f 3074/3/1 3082/3/1 3075/3/1
f 3083/7/1 3084/7/1 2232/7/1
f 2232/7/1 3084/7/1 2233/7/1
f 3084/2/1 3085/2/1 3076/2/1
f 3076/2/1 3085/2/1 3077/2/1
f 3085/7/1 3086/7/1 3077/7/1
f 3077/7/1 3086/7/1 3078/7/1
f 3086/2/1 3087/2/1 3078/2/1
f 3078/2/1 3087/2/1 3079/2/1
f 3087/7/1 3088/7/1 3079/7/1
f 3079/7/1 3088/7/1 3080/7/1
f 3089/2/1 3090/2/1 3081/2/1
f 3081/2/1 3090/2/1 3082/2/1
f 3091/7/1 3092/7/1 2231/7/1
f 2231/7/1 3092/7/1 2232/7/1
f 3092/2/1 3093/2/1 3083/2/1
f 3083/2/1 3093/2/1 3084/2/1
f 3093/7/1 3094/7/1 3084/7/1
f 3084/7/1 3094/7/1 3085/7/1
f 3094/2/1 3095/2/1 3085/2/1
f 3085/2/1 3095/2/1 3086/2/1
f 3095/7/1 3096/7/1 3086/7/1
f 3086/7/1 3096/7/1 3087/7/1
f 3096/2/1 3097/2/1 3087/2/1
f 3087/2/1 3097/2/1 3088/2/1
f 3098/3/1 3099/3/1 3089/3/1
f 3089/3/1 3099/3/1 3090/3/1
f 3100/7/1 3101/7/1 2230/7/1
f 2230/7/1 3101/7/1 2231/7/1
f 3101/2/1 3102/2/1 3091/2/1
f 3091/2/1 3102/2/1 3092/2/1
f 3102/7/1 3103/7/1 3092/7/1
f 3092/7/1 3103/7/1 3093/7/1
f 3103/2/1 3104/2/1 3093/2/1
f 3093/2/1 3104/2/1 3094/2/1
f 3104/7/1 3105/7/1 3094/7/1
f 3094/7/1 3105/7/1 3095/7/1
f 3105/2/1 3106/2/1 3095/2/1
f 3095/2/1 3106/2/1 3096/2/1
f 3106/7/1 3107/7/1 3096/7/1
f 3096/7/1 3107/7/1 3097/7/1
f 3108/2/1 3109/2/1 3098/2/1
f 3098/2/1 3109/2/1 3099/2/1
f 3110/7/1 3111/7/1 2229/7/1
f 2229/7/1 3111/7/1 2230/7/1
f 3111/2/1 3112/2/1 3100/2/1
f 3100/2/1 3112/2/1 3101/2/1
f 3112/7/1 3113/7/1 3101/7/1
f 3101/7/1 3113/7/1 3102/7/1
f 3113/2/1 3114/2/1 3102/2/1
f 3102/2/1 3114/2/1 3103/2/1
f 3114/7/1 3115/7/1 3103/7/1
f 3103/7/1 3115/7/1 3104/7/1
f 3115/2/1 3116/2/1 3104/2/1
f 3104/2/1 3116/2/1 3105/2/1
f 3116/7/1 3117/7/1 3105/7/1
f 3105/7/1 3117/7/1 3106/7/1
f 3117/2/1 3118/2/1 3106/2/1
f 3106/2/1 3118/2/1 3107/2/1
f 3119/3/1 3120/3/1 3108/3/1
f 3108/3/1 3120/3/1 3109/3/1
f 3121/7/1 3122/7/1 2226/7/1
f 2226/7/1 3122/7/1 2229/7/1
f 3122/2/1 3123/2/1 3110/2/1
f 3110/2/1 3123/2/1 3111/2/1
f 3123/7/1 3124/7/1 3111/7/1
f 3111/7/1 3124/7/1 3112/7/1
f 3124/2/1 3125/2/1 3112/2/1
f 3112/2/1 3125/2/1 3113/2/1
f 3125/7/1 3126/7/1 3113/7/1
f 3113/7/1 3126/7/1 3114/7/1
f 3126/2/1 3127/2/1 3114/2/1
f 3114/2/1 3127/2/1 3115/2/1
f 3127/7/1 3128/7/1 3115/7/1
f 3115/7/1 3128/7/1 3116/7/1
f 3128/2/1 3129/2/1 3116/2/1
f 3116/2/1 3129/2/1 3117/2/1
f 3129/7/1 3130/7/1 3117/7/1
f 3117/7/1 3130/7/1 3118/7/1
f 3131/2/1 3132/2/1 3119/2/1
f 3119/2/1 3132/2/1 3120/2/1
f 3133/7/1 3134/7/1 2223/7/1
f 2223/7/1 3134/7/1 2226/7/1
f 3134/2/1 3135/2/1 3121/2/1
f 3121/2/1 3135/2/1 3136/2/1
f 3135/7/1 3137/7/1 3136/7/1
f 3136/7/1 3137/7/1 3138/7/1
f 3137/2/1 3139/2/1 3138/2/1
f 3138/2/1 3139/2/1 3122/2/1
f 3139/7/1 3140/7/1 3122/7/1
f 3122/7/1 3140/7/1 3123/7/1
f 3140/2/1 3141/2/1 3123/2/1
f 3123/2/1 3141/2/1 3124/2/1
f 3141/7/1 3142/7/1 3124/7/1
f 3124/7/1 3142/7/1 3125/7/1
f 3142/2/1 3143/2/1 3125/2/1
f 3125/2/1 3143/2/1 3126/2/1
f 3143/7/1 3144/7/1 3126/7/1
f 3126/7/1 3144/7/1 3127/7/1
f 3144/2/1 3145/2/1 3127/2/1
f 3127/2/1 3145/2/1 3128/2/1
f 3145/7/1 3146/7/1 3128/7/1
f 3128/7/1 3146/7/1 3129/7/1
f 3146/2/1 3147/2/1 3129/2/1
f 3129/2/1 3147/2/1 3130/2/1
f 3148/3/1 3149/3/1 3131/3/1
f 3131/3/1 3149/3/1 3132/3/1
f 3150/7/1 3151/7/1 2222/7/1
f 2222/7/1 3151/7/1 2223/7/1
f 3151/2/1 3152/2/1 3133/2/1
f 3133/2/1 3152/2/1 3153/2/1
f 3152/7/1 3154/7/1 3153/7/1
f 3153/7/1 3154/7/1 3155/7/1
f 3154/2/1 3156/2/1 3155/2/1
f 3155/2/1 3156/2/1 3134/2/1
f 3156/7/1 3157/7/1 3134/7/1
f 3134/7/1 3157/7/1 3135/7/1
f 3157/2/1 3158/2/1 3135/2/1
f 3135/2/1 3158/2/1 3137/2/1
f 3158/7/1 3159/7/1 3137/7/1
f 3137/7/1 3159/7/1 3139/7/1
f 3159/2/1 3160/2/1 3139/2/1
f 3139/2/1 3160/2/1 3140/2/1
f 3160/7/1 3161/7/1 3140/7/1
f 3140/7/1 3161/7/1 3141/7/1
f 3161/2/1 3162/2/1 3141/2/1
f 3141/2/1 3162/2/1 3142/2/1
f 3162/7/1 3163/7/1 3142/7/1
f 3142/7/1 3163/7/1 3143/7/1
f 3163/2/1 3164/2/1 3143/2/1
f 3143/2/1 3164/2/1 3144/2/1
f 3164/7/1 3165/7/1 3144/7/1
f 3144/7/1 3165/7/1 3145/7/1
f 3165/2/1 3166/2/1 3145/2/1
f 3145/2/1 3166/2/1 3146/2/1
f 3166/7/1 3167/7/1 3146/7/1
f 3146/7/1 3167/7/1 3147/7/1
f 3168/2/1 3169/2/1 3148/2/1
f 3148/2/1 3169/2/1 3149/2/1
f 2711/7/1 3170/7/1 1710/7/1
f 1710/7/1 3170/7/1 2222/7/1
f 3170/2/1 3171/2/1 3150/2/1
f 3150/2/1 3171/2/1 3151/2/1
f 3171/7/1 3172/7/1 3151/7/1
f 3151/7/1 3172/7/1 3152/7/1
f 3172/2/1 3173/2/1 3152/2/1
f 3152/2/1 3173/2/1 3154/2/1
f 3173/7/1 3174/7/1 3154/7/1
f 3154/7/1 3174/7/1 3156/7/1
f 3174/2/1 3175/2/1 3156/2/1
f 3156/2/1 3175/2/1 3157/2/1
f 3175/7/1 3176/7/1 3157/7/1
f 3157/7/1 3176/7/1 3158/7/1
f 3176/2/1 3177/2/1 3158/2/1
f 3158/2/1 3177/2/1 3159/2/1
f 3177/7/1 3178/7/1 3159/7/1
f 3159/7/1 3178/7/1 3160/7/1
f 3178/2/1 3179/2/1 3160/2/1
f 3160/2/1 3179/2/1 3161/2/1
f 3179/7/1 3180/7/1 3161/7/1
f 3161/7/1 3180/7/1 3162/7/1
f 3180/2/1 3181/2/1 3162/2/1
f 3162/2/1 3181/2/1 3163/2/1
f 3181/7/1 3182/7/1 3163/7/1
f 3163/7/1 3182/7/1 3164/7/1
f 3182/2/1 3183/2/1 3164/2/1
f 3164/2/1 3183/2/1 3165/2/1
f 3183/7/1 3184/7/1 3165/7/1
f 3165/7/1 3184/7/1 3166/7/1
f 3184/2/1 3185/2/1 3166/2/1
f 3166/2/1 3185/2/1 3167/2/1
f 3186/3/1 3187/3/1 3168/3/1
f 3168/3/1 3187/3/1 3169/3/1
f 3188/7/1 3189/7/1 3170/7/1
f 3170/7/1 3189/7/1 3171/7/1
f 3190/7/1 3191/7/1 3172/7/1
f 3172/7/1 3191/7/1 3173/7/1
f 3192/7/1 3193/7/1 3174/7/1
f 3174/7/1 3193/7/1 3175/7/1
f 3194/7/1 3195/7/1 3176/7/1
f 3176/7/1 3195/7/1 3177/7/1
f 3196/7/1 3197/7/1 3178/7/1
f 3178/7/1 3197/7/1 3179/7/1
f 3198/7/1 3199/7/1 3180/7/1
f 3180/7/1 3199/7/1 3181/7/1
f 3200/7/1 3201/7/1 3182/7/1
f 3182/7/1 3201/7/1 3183/7/1
f 3202/7/1 3203/7/1 3184/7/1
f 3184/7/1 3203/7/1 3185/7/1
f 3204/2/1 3205/2/1 3186/2/1
f 3186/2/1 3205/2/1 3187/2/1
f 3206/2/1 3207/2/1 2711/2/1
f 2711/2/1 3207/2/1 3170/2/1
f 3208/2/1 3209/2/1 3171/2/1
f 3171/2/1 3209/2/1 3172/2/1
f 3210/2/1 3211/2/1 3173/2/1
f 3173/2/1 3211/2/1 3174/2/1
f 3212/2/1 3213/2/1 3175/2/1
f 3175/2/1 3213/2/1 3176/2/1
f 3214/2/1 3215/2/1 3177/2/1
f 3177/2/1 3215/2/1 3178/2/1
f 3216/2/1 3217/2/1 3179/2/1
f 3179/2/1 3217/2/1 3180/2/1
f 3218/2/1 3219/2/1 3181/2/1
f 3181/2/1 3219/2/1 3182/2/1
f 3220/2/1 3221/2/1 3183/2/1
f 3183/2/1 3221/2/1 3184/2/1
f 3222/2/1 3223/2/1 3047/2/1
f 3047/2/1 3223/2/1 3041/2/1
f 3223/3/1 3224/3/1 3204/3/1
f 3204/3/1 3224/3/1 3205/3/1
f 2963/3/1 3225/3/1 3206/3/1
f 3206/3/1 3225/3/1 3207/3/1
f 3225/2/1 3226/2/1 3188/2/1
f 3188/2/1 3226/2/1 3189/2/1
f 3226/3/1 3227/3/1 3208/3/1
f 3208/3/1 3227/3/1 3209/3/1
f 3227/2/1 3228/2/1 3190/2/1
f 3190/2/1 3228/2/1 3191/2/1
f 3228/3/1 3229/3/1 3210/3/1
f 3210/3/1 3229/3/1 3211/3/1
f 3229/2/1 3230/2/1 3192/2/1
f 3192/2/1 3230/2/1 3193/2/1
f 3230/3/1 3231/3/1 3212/3/1
f 3212/3/1 3231/3/1 3213/3/1
f 3231/2/1 3232/2/1 3194/2/1
f 3194/2/1 3232/2/1 3195/2/1
f 3232/3/1 3233/3/1 3214/3/1
f 3214/3/1 3233/3/1 3215/3/1
f 3233/2/1 3234/2/1 3196/2/1
f 3196/2/1 3234/2/1 3197/2/1
f 3234/3/1 3235/3/1 3216/3/1
f 3216/3/1 3235/3/1 3217/3/1
f 3235/2/1 3236/2/1 3198/2/1
f 3198/2/1 3236/2/1 3199/2/1
f 3236/3/1 3237/3/1 3218/3/1
f 3218/3/1 3237/3/1 3219/3/1
f 3237/2/1 3238/2/1 3200/2/1
f 3200/2/1 3238/2/1 3201/2/1
f 3238/3/1 3239/3/1 3220/3/1
f 3220/3/1 3239/3/1 3221/3/1
f 3239/2/1 3240/2/1 3202/2/1
f 3202/2/1 3240/2/1 3203/2/1
f 3240/3/1 3241/3/1 3222/3/1
f 3222/3/1 3241/3/1 3223/3/1
f 3241/2/1 3242/2/1 3223/2/1
f 3223/2/1 3242/2/1 3224/2/1
f 2965/1/2 1715/1/2 3243/1/2
f 3243/1/2 1715/1/2 2241/1/2
f 2243/1/3 3244/1/3 2241/1/3
f 2241/1/3 3244/1/3 3243/1/3
f 2245/8/3 3245/8/3 2243/8/3
f 2243/8/3 3245/8/3 3244/8/3
f 2247/1/3 3246/1/3 2245/1/3
f 2245/1/3 3246/1/3 3245/1/3
f 2249/8/3 3247/8/3 2247/8/3
f 2247/8/3 3247/8/3 3246/8/3
f 2251/1/3 3248/1/3 2249/1/3
f 2249/1/3 3248/1/3 3247/1/3
f 2253/4/3 3249/4/3 2251/4/3
f 2251/4/3 3249/4/3 3248/4/3
f 2255/1/3 3250/1/3 2253/1/3
f 2253/1/3 3250/1/3 3249/1/3
f 2257/4/3 3251/4/3 2255/4/3
f 2255/4/3 3251/4/3 3250/4/3
f 2259/1/3 3252/1/3 2257/1/3
f 2257/1/3 3252/1/3 3251/1/3
f 2261/10/3 3253/10/3 2259/10/3
f 2259/10/3 3253/10/3 3252/10/3
f 2239/3/3 3042/3/3 2261/3/3
f 2261/3/3 3042/3/3 3254/3/3
f 3042/2/3 3049/2/3 3254/2/3
f 3254/2/3 3049/2/3 3255/2/3
f 3049/3/3 3055/3/3 3255/3/3
f 3255/3/3 3055/3/3 3256/3/3
f 3055/2/3 3061/2/3 3256/2/3
f 3256/2/3 3061/2/3 3257/2/3
f 3061/3/3 3068/3/3 3257/3/3
f 3257/3/3 3068/3/3 3258/3/3
f 3068/2/3 3075/2/3 3258/2/3
f 3258/2/3 3075/2/3 3259/2/3
f 3075/3/3 3082/3/3 3259/3/3
f 3259/3/3 3082/3/3 3260/3/3
f 3082/2/3 3090/2/3 3260/2/3
f 3260/2/3 3090/2/3 3261/2/3
f 3090/3/3 3099/3/3 3261/3/3
f 3261/3/3 3099/3/3 3262/3/3
f 3099/2/3 3109/2/3 3262/2/3
f 3262/2/3 3109/2/3 3263/2/3
f 3109/3/3 3120/3/3 3263/3/3
f 3263/3/3 3120/3/3 3264/3/3
f 3120/2/3 3132/2/3 3264/2/3
f 3264/2/3 3132/2/3 3265/2/3
f 3132/3/3 3149/3/3 3265/3/3
f 3265/3/3 3149/3/3 3266/3/3
f 3149/2/3 3169/2/3 3266/2/3
f 3266/2/3 3169/2/3 3267/2/3
f 3169/3/3 3187/3/3 3267/3/3
f 3267/3/3 3187/3/3 3268/3/3
f 3187/2/3 3205/2/3 3268/2/3
f 3268/2/3 3205/2/3 3269/2/3
f 3205/3/3 3224/3/3 3269/3/3
f 3269/3/3 3224/3/3 3270/3/3
f 3224/2/3 3242/2/3 3270/2/3
f 3270/2/3 3242/2/3 3253/2/3
f 3271/3/5 3225/3/5 3038/3/5
f 3038/3/5 3225/3/5 2963/3/5
f 3272/2/5 3226/2/5 3271/2/5
f 3271/2/5 3226/2/5 3225/2/5
f 3273/3/5 3227/3/5 3272/3/5
f 3272/3/5 3227/3/5 3226/3/5
f 3274/2/5 3228/2/5 3273/2/5
f 3273/2/5 3228/2/5 3227/2/5
f 3275/3/5 3229/3/5 3274/3/5
f 3274/3/5 3229/3/5 3228/3/5
f 3276/2/5 3230/2/5 3275/2/5
f 3275/2/5 3230/2/5 3229/2/5
f 3277/3/5 3231/3/5 3276/3/5
f 3276/3/5 3231/3/5 3230/3/5
f 3278/2/5 3232/2/5 3277/2/5
f 3277/2/5 3232/2/5 3231/2/5
f 3279/3/5 3233/3/5 3278/3/5
f 3278/3/5 3233/3/5 3232/3/5
f 3280/2/5 3234/2/5 3279/2/5
f 3279/2/5 3234/2/5 3233/2/5
f 3281/3/5 3235/3/5 3280/3/5
f 3280/3/5 3235/3/5 3234/3/5
f 3282/2/5 3236/2/5 3281/2/5
f 3281/2/5 3236/2/5 3235/2/5
f 3283/3/5 3237/3/5 3282/3/5
f 3282/3/5 3237/3/5 3236/3/5
f 3284/2/5 3238/2/5 3283/2/5
f 3283/2/5 3238/2/5 3237/2/5
f 3285/3/5 3239/3/5 3284/3/5
f 3284/3/5 3239/3/5 3238/3/5
f 3286/2/5 3240/2/5 3285/2/5
f 3285/2/5 3240/2/5 3239/2/5
f 3287/3/5 3241/3/5 3286/3/5
f 3286/3/5 3241/3/5 3240/3/5
f 3243/1/5 3244/1/5 2965/1/5
f 2965/1/5 3244/1/5 3029/1/5
f 3244/8/5 3245/8/5 3029/8/5
f 3029/8/5 3245/8/5 3030/8/5
f 3245/1/5 3246/1/5 3030/1/5
f 3030/1/5 3246/1/5 3031/1/5
f 3246/8/5 3247/8/5 3031/8/5
f 3031/8/5 3247/8/5 3032/8/5
f 3247/1/5 3248/1/5 3032/1/5
f 3032/1/5 3248/1/5 3033/1/5
f 3248/4/5 3249/4/5 3033/4/5
f 3033/4/5 3249/4/5 3034/4/5
f 3249/1/5 3250/1/5 3034/1/5
f 3034/1/5 3250/1/5 3035/1/5
f 3250/4/5 3251/4/5 3035/4/5
f 3035/4/5 3251/4/5 3036/4/5
f 3251/1/5 3252/1/5 3036/1/5
f 3036/1/5 3252/1/5 3037/1/5
f 3252/10/5 3253/10/5 3037/10/5
f 3037/10/5 3253/10/5 3038/10/5
f 3253/2/5 3242/2/5 3287/2/5
f 3287/2/5 3242/2/5 3241/2/5
