# Vengi binary mesh normalized for Tanks of Freedom II

mtllib ../../materials/vox_building.mtl
o tank_modern

v 0.2 1.5 1.9
v -0.2 1.5 1.9
v -0.2 1.5 2
v 0.2 1.5 2
v 1.4 0.7 1.8
v 1.3 0.7 1.8
v 1.3 0.7 1.9
v 1.4 0.7 1.9
v 1.3 0.8 1.8
v 1.2 0.8 1.8
v 1.2 0.8 1.9
v 1.3 0.8 1.9
v 1.2 0.7 1.8
v 1 0.7 1.8
v 1 0.7 1.9
v 1.2 0.7 1.9
v 1 0.8 1.8
v 0.9 0.8 1.8
v 0.9 0.8 1.9
v 1 0.8 1.9
v 0.9 0.7 1.8
v 0.8 0.7 1.8
v 0.8 0.7 1.9
v 0.9 0.7 1.9
v 0.1 1.2 1.8
v -0.1 1.2 1.8
v -0.1 1.2 2
v 0.1 1.2 2
v -0.8 0.7 1.8
v -0.9 0.7 1.8
v -0.9 0.7 1.9
v -0.8 0.7 1.9
v -0.9 0.8 1.8
v -1 0.8 1.8
v -1 0.8 1.9
v -0.9 0.8 1.9
v -1 0.7 1.8
v -1.2 0.7 1.8
v -1.2 0.7 1.9
v -1 0.7 1.9
v -1.2 0.8 1.8
v -1.3 0.8 1.8
v -1.3 0.8 1.9
v -1.2 0.8 1.9
v -1.3 0.7 1.8
v -1.4 0.7 1.8
v -1.4 0.7 1.9
v -1.3 0.7 1.9
v 1.7 0.2 1.7
v 1.6 0.2 1.7
v 1.6 0.2 1.8
v 1.7 0.2 1.8
v 1.7 0.4 1.7
v 1.6 0.4 1.7
v 1.6 0.4 1.8
v 1.7 0.4 1.8
v 0.8 0.2 1.7
v 0.7 0.2 1.7
v 0.7 0.2 1.8
v 0.8 0.2 1.8
v 0.8 0.4 1.7
v 0.7 0.4 1.7
v 0.7 0.4 1.8
v 0.8 0.4 1.8
v 1.7 0.6 1.7
v 0.7 0.6 1.7
v 0.7 0.6 1.8
v 1.7 0.6 1.8
v -0.7 0.2 1.7
v -0.8 0.2 1.7
v -0.8 0.2 1.8
v -0.7 0.2 1.8
v -0.7 0.4 1.7
v -0.8 0.4 1.7
v -0.8 0.4 1.8
v -0.7 0.4 1.8
v -1.6 0.2 1.7
v -1.7 0.2 1.7
v -1.7 0.2 1.8
v -1.6 0.2 1.8
v -1.6 0.4 1.7
v -1.7 0.4 1.7
v -1.7 0.4 1.8
v -1.6 0.4 1.8
v -0.7 0.6 1.7
v -1.7 0.6 1.7
v -1.7 0.6 1.8
v -0.7 0.6 1.8
v 1.6 0.1 1.6
v 1.5 0.1 1.6
v 1.5 0.1 1.7
v 1.6 0.1 1.7
v 1.6 0.7 1.6
v 1.4 0.7 1.6
v 1.4 0.7 1.7
v 1.6 0.7 1.7
v 1.3 0.8 1.6
v 1.2 0.8 1.6
v 1.2 0.8 1.7
v 1.3 0.8 1.7
v 1 0.8 1.6
v 0.9 0.1 1.6
v 0.8 0.1 1.6
v 0.8 0.1 1.7
v 0.9 0.1 1.7
v 0.4 0.6 1.6
v -0.4 0.6 1.6
v -0.4 0.6 1.8
v 0.4 0.6 1.8
v -0.8 0.1 1.6
v -0.9 0.1 1.6
v -0.9 0.1 1.7
v -0.8 0.1 1.7
v -1 0.8 1.6
v -1.2 0.8 1.6
v -1.3 0.8 1.6
v -1.3 0.8 1.7
v -1.2 0.8 1.7
v -1.5 0.1 1.6
v -1.6 0.1 1.6
v -1.6 0.1 1.7
v -1.5 0.1 1.7
v -1.4 0.7 1.6
v -1.6 0.7 1.6
v -1.6 0.7 1.7
v -1.4 0.7 1.7
v 1.7 0.1 1.5
v 1.5 0.1 1.5
v 1.7 0.1 1.6
v 1.7 0.7 1.5
v 1.5 0.7 1.5
v 1.5 0.7 1.6
v 1.7 0.7 1.6
v 0.8 0.1 1.5
v 0.7 0.1 1.5
v 0.7 0.1 1.6
v 0.8 0.7 1.5
v 0.7 0.7 1.5
v 0.7 0.7 1.6
v 0.8 0.7 1.6
v -0.7 0.1 1.5
v -0.8 0.1 1.5
v -0.7 0.1 1.6
v -0.7 0.7 1.5
v -0.8 0.7 1.5
v -0.8 0.7 1.6
v -0.7 0.7 1.6
v -1.5 0.1 1.5
v -1.7 0.1 1.5
v -1.7 0.1 1.6
v -1.5 0.7 1.5
v -1.7 0.7 1.5
v -1.7 0.7 1.6
v -1.5 0.7 1.6
v 1.6 0.1 1.4
v 1.5 0.1 1.4
v 1.6 0.1 1.5
v 1.6 0.7 1.4
v 1.5 0.7 1.4
v 1.6 0.7 1.5
v 0.8 0.6 1.4
v 0.7 0.6 1.4
v 0.7 0.6 1.5
v 0.8 0.6 1.5
v 0.7 0.8 1.4
v 0.4 0.8 1.4
v 0.4 0.8 1.8
v 0.7 0.8 1.8
v 0.4 0.7 1.4
v -0.4 0.7 1.4
v -0.4 0.7 1.6
v 0.4 0.7 1.6
v -0.4 0.8 1.4
v -0.7 0.8 1.4
v -0.7 0.8 1.8
v -0.4 0.8 1.8
v -0.7 0.6 1.4
v -0.8 0.6 1.4
v -0.8 0.6 1.5
v -0.7 0.6 1.5
v -1.5 0.1 1.4
v -1.6 0.1 1.4
v -1.6 0.1 1.5
v -1.5 0.7 1.4
v -1.6 0.7 1.4
v -1.6 0.7 1.5
v 1.7 0.1 1.3
v 1.5 0.1 1.3
v 1.7 0.1 1.4
v 1.7 0.7 1.3
v 1.5 0.7 1.3
v 1.7 0.7 1.4
v 1.5 0.8 1.3
v 1.4 0.8 1.3
v 1.4 0.8 1.6
v 1.5 0.8 1.6
v 1.3 0.8 1.3
v 1.4 0.8 1.8
v 1 0.8 1.3
v 0.9 0.8 1.3
v 0.9 0.8 1.7
v 1 0.8 1.7
v 0.8 0.8 1.3
v 0.8 0.8 1.8
v 0.8 0.1 1.3
v 0.7 0.1 1.3
v 0.7 0.1 1.4
v 0.8 0.1 1.4
v 0.5 0.8 1.3
v 0.5 0.8 1.4
v 0.8 0.8 1.4
v -0.7 0.1 1.3
v -0.8 0.1 1.3
v -0.8 0.1 1.4
v -0.7 0.1 1.4
v -0.5 0.8 1.3
v -0.8 0.8 1.3
v -0.8 0.8 1.4
v -0.5 0.8 1.4
v -0.9 0.8 1.3
v -0.8 0.8 1.8
v -1 0.8 1.3
v -1 0.8 1.7
v -0.9 0.8 1.7
v -1.3 0.8 1.3
v -1.4 0.8 1.3
v -1.4 0.8 1.8
v -1.5 0.8 1.3
v -1.5 0.8 1.6
v -1.4 0.8 1.6
v -1.5 0.1 1.3
v -1.7 0.1 1.3
v -1.7 0.1 1.4
v -1.5 0.7 1.3
v -1.7 0.7 1.3
v -1.7 0.7 1.4
v 1.6 0.1 1.2
v 1.5 0.1 1.2
v 1.6 0.1 1.3
v 1.6 0.7 1.2
v 1.4 0.7 1.2
v 1.4 0.7 1.3
v 1.6 0.7 1.3
v 1.4 0.2 1.2
v 1 0.2 1.2
v 1 0.2 1.3
v 1.4 0.2 1.3
v 1.3 1 1.2
v 1 1 1.2
v 1 1 1.6
v 1.3 1 1.6
v 0.8 0.6 1.2
v 0.7 0.6 1.2
v 0.7 0.6 1.3
v 0.8 0.6 1.3
v 0.5 1 1.2
v 0.4 1 1.2
v 0.4 1 1.4
v 0.5 1 1.4
v -0.4 1 1.2
v -0.5 1 1.2
v -0.5 1 1.4
v -0.4 1 1.4
v -0.7 0.6 1.2
v -0.8 0.6 1.2
v -0.8 0.6 1.3
v -0.7 0.6 1.3
v -1 1 1.2
v -1.3 1 1.2
v -1.3 1 1.6
v -1 1 1.6
v -1 0.2 1.2
v -1.4 0.2 1.2
v -1.4 0.2 1.3
v -1 0.2 1.3
v -1.5 0.1 1.2
v -1.6 0.1 1.2
v -1.6 0.1 1.3
v -1.4 0.7 1.2
v -1.6 0.7 1.2
v -1.6 0.7 1.3
v -1.4 0.7 1.3
v 1.7 0.1 1.1
v 1.5 0.1 1.1
v 1.7 0.1 1.2
v 1.7 0.7 1.1
v 1.3 0.7 1.1
v 1.3 0.7 1.2
v 1.7 0.7 1.2
v 0.8 0.1 1.1
v 0.7 0.1 1.1
v 0.7 0.1 1.2
v 0.8 0.1 1.2
v 0.2 1.4 1.1
v 0.1 1.4 1.1
v 0.1 1.4 1.9
v 0.2 1.4 1.9
v 0.1 1.5 1.1
v -0.1 1.5 1.1
v -0.1 1.5 1.9
v 0.1 1.5 1.9
v -0.1 1.4 1.1
v -0.2 1.4 1.1
v -0.2 1.4 1.9
v -0.1 1.4 1.9
v -0.7 0.1 1.1
v -0.8 0.1 1.1
v -0.8 0.1 1.2
v -0.7 0.1 1.2
v -1.5 0.1 1.1
v -1.7 0.1 1.1
v -1.7 0.1 1.2
v -1.3 0.7 1.1
v -1.7 0.7 1.1
v -1.7 0.7 1.2
v -1.3 0.7 1.2
v 1.6 0.1 1
v 1.5 0.1 1
v 1.6 0.1 1.1
v 1.6 0.7 1
v 1.5 0.7 1
v 1.5 0.7 1.1
v 1.6 0.7 1.1
v 0.8 0.6 1
v 0.7 0.6 1
v 0.7 0.6 1.1
v 0.8 0.6 1.1
v 0.5 0.9 1
v 0.4 0.9 1
v 0.4 0.9 1.2
v 0.5 0.9 1.2
v 0.2 1.5 1
v 0.1 1.5 1
v 0.2 1.5 1.1
v 0.1 1.6 1
v -0.1 1.6 1
v -0.1 1.6 1.1
v 0.1 1.6 1.1
v -0.1 1.5 1
v -0.2 1.5 1
v -0.2 1.5 1.1
v -0.4 0.9 1
v -0.5 0.9 1
v -0.5 0.9 1.2
v -0.4 0.9 1.2
v -0.7 0.6 1
v -0.8 0.6 1
v -0.8 0.6 1.1
v -0.7 0.6 1.1
v -1.5 0.1 1
v -1.6 0.1 1
v -1.6 0.1 1.1
v -1.5 0.7 1
v -1.6 0.7 1
v -1.6 0.7 1.1
v -1.5 0.7 1.1
v 1.7 0.1 0.9
v 1.5 0.1 0.9
v 1.7 0.1 1
v 1.7 0.7 0.9
v 1.5 0.7 0.9
v 1.7 0.7 1
v 0.8 0.1 0.9
v 0.7 0.1 0.9
v 0.7 0.1 1
v 0.8 0.1 1
v -0.7 0.1 0.9
v -0.8 0.1 0.9
v -0.8 0.1 1
v -0.7 0.1 1
v -1.5 0.1 0.9
v -1.7 0.1 0.9
v -1.7 0.1 1
v -1.5 0.7 0.9
v -1.7 0.7 0.9
v -1.7 0.7 1
v 1.6 0.1 0.8
v 1.5 0.1 0.8
v 1.6 0.1 0.9
v 1.6 0.7 0.8
v 1.5 0.7 0.8
v 1.6 0.7 0.9
v 1.5 0.8 0.8
v 1.4 0.8 0.8
v 1.4 0.8 1.1
v 1.5 0.8 1.1
v 1.4 0.2 0.8
v 1 0.2 0.8
v 1 0.2 0.9
v 1.4 0.2 0.9
v 0.8 0.6 0.8
v 0.7 0.6 0.8
v 0.7 0.6 0.9
v 0.8 0.6 0.9
v -0.7 0.6 0.8
v -0.8 0.6 0.8
v -0.8 0.6 0.9
v -0.7 0.6 0.9
v -1 0.2 0.8
v -1.4 0.2 0.8
v -1.4 0.2 0.9
v -1 0.2 0.9
v -1.4 0.8 0.8
v -1.5 0.8 0.8
v -1.5 0.8 1.1
v -1.4 0.8 1.1
v -1.5 0.1 0.8
v -1.6 0.1 0.8
v -1.6 0.1 0.9
v -1.5 0.7 0.8
v -1.6 0.7 0.8
v -1.6 0.7 0.9
v 1.7 0.1 0.7
v 1.5 0.1 0.7
v 1.7 0.1 0.8
v 1.7 0.7 0.7
v 1.3 0.7 0.7
v 1.3 0.7 0.8
v 1.7 0.7 0.8
v 0.8 0.1 0.7
v 0.7 0.1 0.7
v 0.7 0.1 0.8
v 0.8 0.1 0.8
v 0.5 1 0.7
v 0.4 1 0.7
v 0.4 1 1
v 0.5 1 1
v 0.2 1.5 0.7
v 0.1 1.5 0.7
v 0.1 1.6 0.7
v -0.1 1.6 0.7
v -0.1 1.5 0.7
v -0.2 1.5 0.7
v -0.4 1 0.7
v -0.5 1 0.7
v -0.5 1 1
v -0.4 1 1
v -0.7 0.1 0.7
v -0.8 0.1 0.7
v -0.8 0.1 0.8
v -0.7 0.1 0.8
v -1.5 0.1 0.7
v -1.7 0.1 0.7
v -1.7 0.1 0.8
v -1.3 0.7 0.7
v -1.7 0.7 0.7
v -1.7 0.7 0.8
v -1.3 0.7 0.8
v 1.6 0.1 0.6
v 1.5 0.1 0.6
v 1.6 0.1 0.7
v 1.6 0.7 0.6
v 1.5 0.7 0.6
v 1.5 0.7 0.7
v 1.6 0.7 0.7
v 0.8 0.6 0.6
v 0.7 0.6 0.6
v 0.7 0.6 0.7
v 0.8 0.6 0.7
v -0.7 0.6 0.6
v -0.8 0.6 0.6
v -0.8 0.6 0.7
v -0.7 0.6 0.7
v -1.5 0.1 0.6
v -1.6 0.1 0.6
v -1.6 0.1 0.7
v -1.5 0.7 0.6
v -1.6 0.7 0.6
v -1.6 0.7 0.7
v -1.5 0.7 0.7
v 1.7 0.1 0.5
v 1.5 0.1 0.5
v 1.7 0.1 0.6
v 1.7 0.7 0.5
v 1.5 0.7 0.5
v 1.7 0.7 0.6
v 0.8 0.1 0.5
v 0.7 0.1 0.5
v 0.7 0.1 0.6
v 0.8 0.1 0.6
v -0.7 0.1 0.5
v -0.8 0.1 0.5
v -0.8 0.1 0.6
v -0.7 0.1 0.6
v -1.5 0.1 0.5
v -1.7 0.1 0.5
v -1.7 0.1 0.6
v -1.5 0.7 0.5
v -1.7 0.7 0.5
v -1.7 0.7 0.6
v 1.6 0.1 0.4
v 1.5 0.1 0.4
v 1.6 0.1 0.5
v 1.6 0.7 0.4
v 1.5 0.7 0.4
v 1.6 0.7 0.5
v 1.5 0.8 0.4
v 1.4 0.8 0.4
v 1.4 0.8 0.7
v 1.5 0.8 0.7
v 1.4 0.2 0.4
v 1 0.2 0.4
v 1 0.2 0.5
v 1.4 0.2 0.5
v 0.8 0.6 0.4
v 0.7 0.6 0.4
v 0.7 0.6 0.5
v 0.8 0.6 0.5
v -0.7 0.6 0.4
v -0.8 0.6 0.4
v -0.8 0.6 0.5
v -0.7 0.6 0.5
v -1 0.2 0.4
v -1.4 0.2 0.4
v -1.4 0.2 0.5
v -1 0.2 0.5
v -1.4 0.8 0.4
v -1.5 0.8 0.4
v -1.5 0.8 0.7
v -1.4 0.8 0.7
v -1.5 0.1 0.4
v -1.6 0.1 0.4
v -1.6 0.1 0.5
v -1.5 0.7 0.4
v -1.6 0.7 0.4
v -1.6 0.7 0.5
v 1.7 0.1 0.3
v 1.5 0.1 0.3
v 1.7 0.1 0.4
v 1.7 0.7 0.3
v 1.3 0.7 0.3
v 1.3 0.7 0.4
v 1.7 0.7 0.4
v 0.8 0.1 0.3
v 0.7 0.1 0.3
v 0.7 0.1 0.4
v 0.8 0.1 0.4
v 0.2 0.8 0.3
v -0.4 0.8 0.3
v 0.2 0.8 1.4
v -0.7 0.1 0.3
v -0.8 0.1 0.3
v -0.8 0.1 0.4
v -0.7 0.1 0.4
v -1.5 0.1 0.3
v -1.7 0.1 0.3
v -1.7 0.1 0.4
v -1.3 0.7 0.3
v -1.7 0.7 0.3
v -1.7 0.7 0.4
v -1.3 0.7 0.4
v 1.6 0.1 0.2
v 1.5 0.1 0.2
v 1.6 0.1 0.3
v 1.6 0.7 0.2
v 1.5 0.7 0.2
v 1.5 0.7 0.3
v 1.6 0.7 0.3
v 0.8 0.6 0.2
v 0.7 0.6 0.2
v 0.7 0.6 0.3
v 0.8 0.6 0.3
v 0.8 1.4 0.2
v 0.7 1.4 0.2
v 0.7 1.4 0.3
v 0.8 1.4 0.3
v 0.6 1.3 0.2
v 0.4 1.3 0.2
v 0.4 1.3 0.3
v 0.6 1.3 0.3
v 0.4 0.8 0.2
v 0.2 0.8 0.2
v 0.2 0.9 0.2
v -0.2 0.9 0.2
v -0.2 0.9 0.3
v 0.2 0.9 0.3
v -0.2 0.8 0.2
v -0.4 0.8 0.2
v -0.2 0.8 0.3
v -0.7 0.6 0.2
v -0.8 0.6 0.2
v -0.8 0.6 0.3
v -0.7 0.6 0.3
v -0.3 1.4 0.2
v -0.8 1.4 0.2
v -0.8 1.4 0.3
v -0.3 1.4 0.3
v -1.5 0.1 0.2
v -1.6 0.1 0.2
v -1.6 0.1 0.3
v -1.5 0.7 0.2
v -1.6 0.7 0.2
v -1.6 0.7 0.3
v -1.5 0.7 0.3
v 1.7 0.1 0.1
v 1.5 0.1 0.1
v 1.7 0.1 0.2
v 1.7 0.7 0.1
v 1.5 0.7 0.1
v 1.7 0.7 0.2
v 0.8 0.1 0.1
v 0.7 0.1 0.1
v 0.7 0.1 0.2
v 0.8 0.1 0.2
v 0.8 1.5 0.1
v 0.7 1.5 0.1
v 0.7 1.5 0.2
v 0.8 1.5 0.2
v 0.7 1.6 0.1
v 0.3 1.6 0.1
v 0.3 1.6 0.4
v 0.7 1.6 0.4
v 0.3 1.5 0.1
v 0.2 1.5 0.1
v 0.2 1.5 0.3
v 0.3 1.5 0.3
v 0.1 1.5 0.1
v 0.1 1.6 0.1
v -0.1 1.6 0.1
v -0.1 1.5 0.1
v -0.2 1.5 0.1
v -0.3 1.5 0.1
v -0.3 1.5 0.3
v -0.2 1.5 0.3
v -0.7 0.1 0.1
v -0.8 0.1 0.1
v -0.8 0.1 0.2
v -0.7 0.1 0.2
v -0.8 1.5 0.1
v -0.8 1.5 0.2
v -0.3 1.5 0.2
v -1.5 0.1 0.1
v -1.7 0.1 0.1
v -1.7 0.1 0.2
v -1.5 0.7 0.1
v -1.7 0.7 0.1
v -1.7 0.7 0.2
v 1.6 0.1 0
v 1.5 0.1 0
v 1.6 0.1 0.1
v 1.6 0.7 0
v 1.5 0.7 0
v 1.6 0.7 0.1
v 1.5 0.8 0
v 1.4 0.8 0
v 1.4 0.8 0.3
v 1.5 0.8 0.3
v 1.4 0.2 0
v 1 0.2 0
v 1 0.2 0.1
v 1.4 0.2 0.1
v 1 1.4 0
v 0.8 1.4 0
v 0.8 1.4 0.1
v 1 1.4 0.1
v 0.8 0.6 0
v 0.7 0.6 0
v 0.7 0.6 0.1
v 0.8 0.6 0.1
v -0.7 0.6 0
v -0.8 0.6 0
v -0.8 0.6 0.1
v -0.7 0.6 0.1
v 0.2 1.6 0
v -0.8 1.6 0
v -0.8 1.6 0.1
v 0.2 1.6 0.1
v -1 0.2 0
v -1.4 0.2 0
v -1.4 0.2 0.1
v -1 0.2 0.1
v -1.4 0.8 0
v -1.5 0.8 0
v -1.5 0.8 0.3
v -1.4 0.8 0.3
v -1.5 0.1 0
v -1.6 0.1 0
v -1.6 0.1 0.1
v -1.5 0.7 0
v -1.6 0.7 0
v -1.6 0.7 0.1
v 1.7 0.1 -0.1
v 1.5 0.1 -0.1
v 1.7 0.1 0
v 1.7 0.7 -0.1
v 1.3 0.7 -0.1
v 1.3 0.7 0
v 1.7 0.7 0
v 0.8 0.1 -0.1
v 0.7 0.1 -0.1
v 0.7 0.1 0
v 0.8 0.1 0
v 0.8 1.6 -0.1
v 0.2 1.6 -0.1
v 0.8 1.6 0.1
v -0.7 0.1 -0.1
v -0.8 0.1 -0.1
v -0.8 0.1 0
v -0.7 0.1 0
v -0.3 1.6 -0.1
v -0.8 1.6 -0.1
v -0.3 1.6 0
v -1.5 0.1 -0.1
v -1.7 0.1 -0.1
v -1.7 0.1 0
v -1.3 0.7 -0.1
v -1.7 0.7 -0.1
v -1.7 0.7 0
v -1.3 0.7 0
v 1.6 0.1 -0.2
v 1.5 0.1 -0.2
v 1.6 0.1 -0.1
v 1.6 0.7 -0.2
v 1.5 0.7 -0.2
v 1.5 0.7 -0.1
v 1.6 0.7 -0.1
v 0.8 0.6 -0.2
v 0.7 0.6 -0.2
v 0.7 0.6 -0.1
v 0.8 0.6 -0.1
v 0.8 1.5 -0.2
v 0.7 1.5 -0.2
v 0.7 1.5 -0.1
v 0.8 1.5 -0.1
v -0.7 0.6 -0.2
v -0.8 0.6 -0.2
v -0.8 0.6 -0.1
v -0.7 0.6 -0.1
v -0.7 1.5 -0.2
v -0.8 1.5 -0.2
v -0.8 1.5 -0.1
v -0.7 1.5 -0.1
v -1.5 0.1 -0.2
v -1.6 0.1 -0.2
v -1.6 0.1 -0.1
v -1.5 0.7 -0.2
v -1.6 0.7 -0.2
v -1.6 0.7 -0.1
v -1.5 0.7 -0.1
v 1.7 0.1 -0.3
v 1.5 0.1 -0.3
v 1.7 0.1 -0.2
v 1.7 0.7 -0.3
v 1.5 0.7 -0.3
v 1.7 0.7 -0.2
v 1.3 0.9 -0.3
v 1 0.9 -0.3
v 1 0.9 1.2
v 1.3 0.9 1.2
v 1 1.4 -0.3
v 0.8 1.4 -0.3
v 0.8 0.1 -0.3
v 0.7 0.1 -0.3
v 0.7 0.1 -0.2
v 0.8 0.1 -0.2
v 0.5 0.9 -0.3
v 0.5 0.9 1.3
v 1 0.9 1.3
v 0.4 0.9 -0.3
v 0.4 0.9 0.7
v 0.5 0.9 0.7
v 0.2 1.7 -0.3
v -0.2 1.7 -0.3
v -0.2 1.7 0
v 0.2 1.7 0
v -0.4 0.9 -0.3
v -0.5 0.9 -0.3
v -0.5 0.9 0.7
v -0.4 0.9 0.7
v -0.7 0.1 -0.3
v -0.8 0.1 -0.3
v -0.8 0.1 -0.2
v -0.7 0.1 -0.2
v -1 0.9 -0.3
v -1 0.9 1.3
v -0.5 0.9 1.3
v -1.3 0.9 -0.3
v -1.3 0.9 1.2
v -1 0.9 1.2
v -1.5 0.1 -0.3
v -1.7 0.1 -0.3
v -1.7 0.1 -0.2
v -1.5 0.7 -0.3
v -1.7 0.7 -0.3
v -1.7 0.7 -0.2
v 1.6 0.1 -0.4
v 1.5 0.1 -0.4
v 1.6 0.1 -0.3
v 1.6 0.7 -0.4
v 1.5 0.7 -0.4
v 1.6 0.7 -0.3
v 1.5 0.8 -0.4
v 1.4 0.8 -0.4
v 1.4 0.8 -0.1
v 1.5 0.8 -0.1
v 1.4 0.2 -0.4
v 1 0.2 -0.4
v 1 0.2 -0.3
v 1.4 0.2 -0.3
v 0.8 0.6 -0.4
v 0.7 0.6 -0.4
v 0.7 0.6 -0.3
v 0.8 0.6 -0.3
v 0.8 1.6 -0.4
v 0.7 1.6 -0.4
v 0.7 1.6 -0.2
v 0.8 1.6 -0.2
v 0.6 1.5 -0.4
v 0.5 1.5 -0.4
v 0.5 1.5 -0.2
v 0.6 1.5 -0.2
v 0.3 1.6 -0.4
v 0.2 1.6 -0.4
v 0.3 1.6 -0.1
v -0.2 1.6 -0.4
v -0.3 1.6 -0.4
v -0.2 1.6 0
v -0.5 1.5 -0.4
v -0.6 1.5 -0.4
v -0.6 1.5 -0.2
v -0.5 1.5 -0.2
v -0.7 0.6 -0.4
v -0.8 0.6 -0.4
v -0.8 0.6 -0.3
v -0.7 0.6 -0.3
v -0.7 1.6 -0.4
v -0.8 1.6 -0.4
v -0.8 1.6 -0.2
v -0.7 1.6 -0.2
v -1 0.2 -0.4
v -1.4 0.2 -0.4
v -1.4 0.2 -0.3
v -1 0.2 -0.3
v -1.4 0.8 -0.4
v -1.5 0.8 -0.4
v -1.5 0.8 -0.1
v -1.4 0.8 -0.1
v -1.5 0.1 -0.4
v -1.6 0.1 -0.4
v -1.6 0.1 -0.3
v -1.5 0.7 -0.4
v -1.6 0.7 -0.4
v -1.6 0.7 -0.3
v 1.7 0.1 -0.5
v 1.5 0.1 -0.5
v 1.7 0.1 -0.4
v 1.7 0.7 -0.5
v 1.3 0.7 -0.5
v 1.3 0.7 -0.4
v 1.7 0.7 -0.4
v 0.8 0.1 -0.5
v 0.7 0.1 -0.5
v 0.7 0.1 -0.4
v 0.8 0.1 -0.4
v 0.8 1.5 -0.5
v 0.7 1.5 -0.5
v 0.7 1.5 -0.4
v 0.8 1.5 -0.4
v 0.6 1.7 -0.5
v 0.5 1.7 -0.5
v 0.5 1.7 -0.1
v 0.6 1.7 -0.1
v 0.5 1.5 -0.5
v 0.3 1.5 -0.5
v 0.3 1.5 -0.1
v 0.5 1.5 -0.1
v 0.3 1.7 -0.5
v 0.2 1.7 -0.5
v 0.2 1.7 -0.4
v 0.3 1.7 -0.4
v 0.1 1.7 -0.5
v -0.1 1.7 -0.5
v -0.1 1.7 -0.3
v 0.1 1.7 -0.3
v -0.2 1.7 -0.5
v -0.3 1.7 -0.5
v -0.3 1.7 -0.4
v -0.2 1.7 -0.4
v -0.3 1.5 -0.5
v -0.5 1.5 -0.5
v -0.5 1.5 -0.1
v -0.3 1.5 -0.1
v -0.5 1.7 -0.5
v -0.6 1.7 -0.5
v -0.6 1.7 -0.1
v -0.5 1.7 -0.1
v -0.7 0.1 -0.5
v -0.8 0.1 -0.5
v -0.8 0.1 -0.4
v -0.7 0.1 -0.4
v -0.7 1.5 -0.5
v -0.8 1.5 -0.5
v -0.8 1.5 -0.4
v -0.7 1.5 -0.4
v -1.5 0.1 -0.5
v -1.7 0.1 -0.5
v -1.7 0.1 -0.4
v -1.3 0.7 -0.5
v -1.7 0.7 -0.5
v -1.7 0.7 -0.4
v -1.3 0.7 -0.4
v 1.6 0.1 -0.6
v 1.5 0.1 -0.6
v 1.6 0.1 -0.5
v 1.6 0.7 -0.6
v 1.5 0.7 -0.6
v 1.5 0.7 -0.5
v 1.6 0.7 -0.5
v 0.8 0.6 -0.6
v 0.7 0.6 -0.6
v 0.7 0.6 -0.5
v 0.8 0.6 -0.5
v 1.2 1 -0.6
v 0.4 1 -0.6
v 0.4 1 -0.3
v 1.2 1 -0.3
v -0.3 1.7 -0.6
v -0.5 1.7 -0.6
v -0.5 1.6 -0.6
v -0.6 1.6 -0.6
v -0.6 1.6 -0.5
v -0.5 1.6 -0.5
v -0.7 0.6 -0.6
v -0.8 0.6 -0.6
v -0.8 0.6 -0.5
v -0.7 0.6 -0.5
v -1 1 -0.6
v -1.3 1 -0.6
v -1.3 1 -0.3
v -1 1 -0.3
v -1.5 0.1 -0.6
v -1.6 0.1 -0.6
v -1.6 0.1 -0.5
v -1.5 0.7 -0.6
v -1.6 0.7 -0.6
v -1.6 0.7 -0.5
v -1.5 0.7 -0.5
v 1.7 0.1 -0.7
v 1.5 0.1 -0.7
v 1.7 0.1 -0.6
v 1.7 0.7 -0.7
v 1.5 0.7 -0.7
v 1.7 0.7 -0.6
v 0.8 0.1 -0.7
v 0.7 0.1 -0.7
v 0.7 0.1 -0.6
v 0.8 0.1 -0.6
v 0.8 1.6 -0.7
v 0.7 1.6 -0.7
v 0.7 1.6 -0.5
v 0.8 1.6 -0.5
v -0.3 1.8 -0.7
v -0.4 1.8 -0.7
v -0.4 1.8 -0.6
v -0.3 1.8 -0.6
v -0.5 1.8 -0.7
v -0.6 1.8 -0.7
v -0.6 1.8 -0.6
v -0.5 1.8 -0.6
v -0.7 0.1 -0.7
v -0.8 0.1 -0.7
v -0.8 0.1 -0.6
v -0.7 0.1 -0.6
v -0.7 1.6 -0.7
v -0.8 1.6 -0.7
v -0.8 1.6 -0.5
v -0.7 1.6 -0.5
v -1.5 0.1 -0.7
v -1.7 0.1 -0.7
v -1.7 0.1 -0.6
v -1.5 0.7 -0.7
v -1.7 0.7 -0.7
v -1.7 0.7 -0.6
v 1.6 0.1 -0.8
v 1.5 0.1 -0.8
v 1.6 0.1 -0.7
v 1.6 0.7 -0.8
v 1.5 0.7 -0.8
v 1.6 0.7 -0.7
v 1.5 0.8 -0.8
v 1.4 0.8 -0.8
v 1.4 0.8 -0.5
v 1.5 0.8 -0.5
v 1.4 0.2 -0.8
v 1 0.2 -0.8
v 1 0.2 -0.7
v 1.4 0.2 -0.7
v 1.2 0.9 -0.8
v 1 0.9 -0.8
v 1 0.9 -0.6
v 1.2 0.9 -0.6
v 0.8 0.6 -0.8
v 0.7 0.6 -0.8
v 0.7 0.6 -0.7
v 0.8 0.6 -0.7
v 0.8 1.5 -0.8
v 0.7 1.5 -0.8
v 0.7 1.5 -0.7
v 0.8 1.5 -0.7
v -0.3 1.9 -0.8
v -0.4 1.9 -0.8
v -0.4 1.9 -0.7
v -0.3 1.9 -0.7
v -0.5 1.9 -0.8
v -0.6 1.9 -0.8
v -0.6 1.9 -0.7
v -0.5 1.9 -0.7
v -0.6 1.6 -0.8
v -0.7 1.6 -0.8
v -0.7 1.6 -0.1
v -0.6 1.6 -0.1
v -0.7 0.6 -0.8
v -0.8 0.6 -0.8
v -0.8 0.6 -0.7
v -0.7 0.6 -0.7
v -0.7 1.5 -0.8
v -0.8 1.5 -0.8
v -0.8 1.5 -0.7
v -0.7 1.5 -0.7
v -1 0.9 -0.8
v -1.2 0.9 -0.8
v -1.2 0.9 -0.6
v -1 0.9 -0.6
v -1 0.2 -0.8
v -1.4 0.2 -0.8
v -1.4 0.2 -0.7
v -1 0.2 -0.7
v -1.4 0.8 -0.8
v -1.5 0.8 -0.8
v -1.5 0.8 -0.5
v -1.4 0.8 -0.5
v -1.5 0.1 -0.8
v -1.6 0.1 -0.8
v -1.6 0.1 -0.7
v -1.5 0.7 -0.8
v -1.6 0.7 -0.8
v -1.6 0.7 -0.7
v 1.7 0.1 -0.9
v 1.5 0.1 -0.9
v 1.7 0.1 -0.8
v 1.7 0.7 -0.9
v 1.3 0.7 -0.9
v 1.3 0.7 -0.8
v 1.7 0.7 -0.8
v 1.4 0.9 -0.9
v 1.3 0.9 -0.9
v 1.3 0.9 1.3
v 1.4 0.9 1.3
v 1.3 1 -0.9
v 1.2 1 -0.9
v 1.3 1 -0.3
v 1 1 -0.9
v 1 1 -0.8
v 1.2 1 -0.8
v 0.8 0.1 -0.9
v 0.7 0.1 -0.9
v 0.7 0.1 -0.8
v 0.8 0.1 -0.8
v 0.4 1 -0.9
v 1 1 -0.6
v 0.5 1.7 -0.9
v 0.4 1.7 -0.9
v 0.4 1.7 -0.5
v 0.4 1.8 -0.9
v 0.2 1.8 -0.9
v 0.2 1.8 -0.5
v 0.4 1.8 -0.5
v 0.1 1.8 -0.9
v -0.1 1.8 -0.9
v -0.1 1.8 -0.5
v 0.1 1.8 -0.5
v -0.2 1.8 -0.9
v -0.3 1.8 -0.9
v -0.3 1.8 -0.5
v -0.2 1.8 -0.5
v -0.4 1.8 -0.9
v -0.4 1.8 -0.8
v -0.3 1.8 -0.8
v -0.4 1.9 -0.9
v -0.5 1.9 -0.9
v -0.5 1.9 -0.6
v -0.4 1.9 -0.6
v -0.5 1.8 -0.9
v -0.6 1.8 -0.9
v -0.6 1.8 -0.8
v -0.5 1.8 -0.8
v -0.6 1.7 -0.9
v -0.7 1.7 -0.9
v -0.7 1.7 -0.8
v -0.6 1.7 -0.8
v -0.7 0.1 -0.9
v -0.8 0.1 -0.9
v -0.8 0.1 -0.8
v -0.7 0.1 -0.8
v -0.7 1.6 -0.9
v -0.8 1.6 -0.9
v -0.8 1.6 -0.8
v -0.4 1 -0.9
v -1 1 -0.9
v -0.4 1 -0.3
v -1.2 1 -0.9
v -1.2 1 -0.8
v -1 1 -0.8
v -1.3 1 -0.9
v -1.2 1 -0.6
v -1.3 0.9 -0.9
v -1.4 0.9 -0.9
v -1.4 0.9 1.3
v -1.3 0.9 1.3
v -1.5 0.1 -0.9
v -1.7 0.1 -0.9
v -1.7 0.1 -0.8
v -1.3 0.7 -0.9
v -1.7 0.7 -0.9
v -1.7 0.7 -0.8
v -1.3 0.7 -0.8
v 1.6 0.1 -1
v 1.5 0.1 -1
v 1.6 0.1 -0.9
v 1.6 0.7 -1
v 1.4 0.7 -1
v 1.4 0.7 -0.9
v 1.6 0.7 -0.9
v 0.8 0.6 -1
v 0.7 0.6 -1
v 0.7 0.6 -0.9
v 0.8 0.6 -0.9
v 0.8 1.6 -1
v 0.7 1.6 -1
v 0.7 1.6 -0.8
v 0.8 1.6 -0.8
v 0.6 1.6 -1
v 0.6 1.6 -0.1
v 0.7 1.6 -0.1
v 0.5 1.6 -1
v 0.5 1.6 -0.5
v 0.6 1.6 -0.5
v 0.2 1.6 -1
v 0.2 1.6 -0.9
v 0.5 1.6 -0.9
v 0.2 1.8 -1
v 0.1 1.8 -1
v 0.1 1.8 -0.3
v 0.2 1.8 -0.3
v 0.1 1.7 -1
v -0.1 1.7 -1
v -0.1 1.7 -0.9
v 0.1 1.7 -0.9
v -0.1 1.8 -1
v -0.2 1.8 -1
v -0.2 1.8 -0.3
v -0.1 1.8 -0.3
v -0.2 1.6 -1
v -0.6 1.6 -1
v -0.6 1.6 -0.9
v -0.2 1.6 -0.9
v -0.6 2.8 -1
v -0.7 2.8 -1
v -0.7 2.8 -0.9
v -0.6 2.8 -0.9
v -0.7 0.6 -1
v -0.8 0.6 -1
v -0.8 0.6 -0.9
v -0.7 0.6 -0.9
v -0.7 1.7 -1
v -0.8 1.7 -1
v -0.8 1.7 -0.9
v -0.9 0.9 -1
v -1.4 0.9 -1
v -0.9 0.9 -0.9
v -1.5 0.1 -1
v -1.6 0.1 -1
v -1.6 0.1 -0.9
v -1.4 0.7 -1
v -1.6 0.7 -1
v -1.6 0.7 -0.9
v -1.4 0.7 -0.9
v 1.7 0.1 -1.1
v 1.5 0.1 -1.1
v 1.7 0.1 -1
v 1.7 0.7 -1.1
v 1.4 0.7 -1.1
v 1.7 0.7 -1
v 0.8 0.1 -1.1
v 0.7 0.1 -1.1
v 0.7 0.1 -1
v 0.8 0.1 -1
v 0.8 1.5 -1.1
v 0.7 1.5 -1.1
v 0.7 1.5 -1
v 0.8 1.5 -1
v 1.4 0.9 -1.1
v 0.4 0.9 -1.1
v 0.4 0.9 -0.9
v 0.2 1.7 -1.1
v 0.1 1.7 -1.1
v 0.2 1.7 -1
v -0.1 1.7 -1.1
v -0.2 1.7 -1.1
v -0.2 1.7 -1
v -0.7 0.1 -1.1
v -0.8 0.1 -1.1
v -0.8 0.1 -1
v -0.7 0.1 -1
v -0.7 1.5 -1.1
v -0.8 1.5 -1.1
v -0.8 1.5 -1
v -0.7 1.5 -1
v -0.9 1.1 -1.1
v -1 1.1 -1.1
v -1 1.1 -1
v -0.9 1.1 -1
v -1.2 1.1 -1.1
v -1.3 1.1 -1.1
v -1.3 1.1 -1
v -1.2 1.1 -1
v -1.3 0.9 -1.1
v -1.4 0.9 -1.1
v -1.3 0.9 -1
v -1.5 0.1 -1.1
v -1.7 0.1 -1.1
v -1.7 0.1 -1
v -1.4 0.7 -1.1
v -1.7 0.7 -1.1
v -1.7 0.7 -1
v 1.6 0.1 -1.2
v 1.5 0.1 -1.2
v 1.6 0.1 -1.1
v 1.6 0.7 -1.2
v 1.4 0.7 -1.2
v 1.6 0.7 -1.1
v 1.4 0.8 -1.2
v 1.3 0.8 -1.2
v 1.3 0.8 -1.1
v 1.4 0.8 -1.1
v 1.4 0.2 -1.2
v 1 0.2 -1.2
v 1 0.2 -1.1
v 1.4 0.2 -1.1
v 0.8 0.6 -1.2
v 0.7 0.6 -1.2
v 0.7 0.6 -1.1
v 0.8 0.6 -1.1
v 0.2 1.6 -1.2
v 0.1 1.6 -1.2
v 0.1 1.6 -1.1
v 0.2 1.6 -1.1
v -0.1 1.6 -1.2
v -0.2 1.6 -1.2
v -0.2 1.6 -1.1
v -0.1 1.6 -1.1
v -0.7 0.6 -1.2
v -0.8 0.6 -1.2
v -0.8 0.6 -1.1
v -0.7 0.6 -1.1
v -0.9 1.1 -1.2
v -1 1.1 -1.2
v -1.2 1.1 -1.2
v -1.3 1.1 -1.2
v -1 0.2 -1.2
v -1.4 0.2 -1.2
v -1.4 0.2 -1.1
v -1 0.2 -1.1
v -1.3 0.8 -1.2
v -1.4 0.8 -1.2
v -1.4 0.8 -1.1
v -1.3 0.8 -1.1
v -1.5 0.1 -1.2
v -1.6 0.1 -1.2
v -1.6 0.1 -1.1
v -1.4 0.7 -1.2
v -1.6 0.7 -1.2
v -1.6 0.7 -1.1
v 1.7 0.1 -1.3
v 1.5 0.1 -1.3
v 1.7 0.1 -1.2
v 1.7 0.7 -1.3
v 1.4 0.7 -1.3
v 1.7 0.7 -1.2
v 0.8 0.1 -1.3
v 0.7 0.1 -1.3
v 0.7 0.1 -1.2
v 0.8 0.1 -1.2
v 0.8 1.2 -1.3
v 0.7 1.2 -1.3
v 0.7 1.2 -1.2
v 0.8 1.2 -1.2
v 0.8 1.4 -1.3
v 0.7 1.4 -1.3
v 0.7 1.4 -1.2
v 0.8 1.4 -1.2
v 0.8 1.6 -1.3
v 0.7 1.6 -1.3
v 0.7 1.6 -1.1
v 0.8 1.6 -1.1
v 0.6 1.6 -1.3
v 0.6 1.5 -1.3
v 0.4 1.5 -1.3
v 0.4 1.5 -1
v 0.6 1.5 -1
v 0.4 1.6 -1.3
v 0.2 1.6 -1.3
v 0.4 1.6 -1
v 0.2 1.5 -1.3
v 0.1 1.5 -1.3
v 0.1 1.5 -1.2
v 0.2 1.5 -1.2
v 0.1 1.6 -1.3
v -0.1 1.6 -1.3
v -0.1 1.6 -1
v 0.1 1.6 -1
v -0.1 1.5 -1.3
v -0.2 1.5 -1.3
v -0.2 1.5 -1.2
v -0.1 1.5 -1.2
v -0.2 1.6 -1.3
v -0.4 1.6 -1.3
v -0.4 1.6 -1
v -0.4 1.5 -1.3
v -0.6 1.5 -1.3
v -0.6 1.5 -1
v -0.4 1.5 -1
v -0.6 1.6 -1.3
v -0.7 1.6 -1.3
v -0.7 1.6 -1
v -0.7 0.1 -1.3
v -0.8 0.1 -1.3
v -0.8 0.1 -1.2
v -0.7 0.1 -1.2
v -0.7 1.2 -1.3
v -0.8 1.2 -1.3
v -0.8 1.2 -1.2
v -0.7 1.2 -1.2
v -0.7 1.4 -1.3
v -0.8 1.4 -1.3
v -0.8 1.4 -1.2
v -0.7 1.4 -1.2
v -0.8 1.6 -1.3
v -0.8 1.6 -1.1
v -0.7 1.6 -1.1
v -0.9 1.1 -1.3
v -1.3 1.1 -1.3
v -1.5 0.1 -1.3
v -1.7 0.1 -1.3
v -1.7 0.1 -1.2
v -1.4 0.7 -1.3
v -1.7 0.7 -1.3
v -1.7 0.7 -1.2
v 1.6 0.1 -1.4
v 1.5 0.1 -1.4
v 1.6 0.1 -1.3
v 1.6 0.7 -1.4
v 1.4 0.7 -1.4
v 1.6 0.7 -1.3
v 0.8 0.6 -1.4
v 0.7 0.6 -1.4
v 0.7 0.6 -1.3
v 0.8 0.6 -1.3
v 0.7 1.5 -1.4
v 0.6 1.5 -1.4
v 0.7 1.5 -1.3
v 0.4 1.5 -1.4
v 0.2 1.5 -1.4
v 0.1 1.5 -1.4
v -0.1 1.5 -1.4
v -0.2 1.5 -1.4
v -0.4 1.5 -1.4
v -0.6 1.5 -1.4
v -0.7 1.5 -1.4
v -0.7 1.5 -1.3
v -0.7 0.6 -1.4
v -0.8 0.6 -1.4
v -0.8 0.6 -1.3
v -0.7 0.6 -1.3
v -0.9 1.1 -1.4
v -1.3 1.1 -1.4
v -1.5 0.1 -1.4
v -1.6 0.1 -1.4
v -1.6 0.1 -1.3
v -1.4 0.7 -1.4
v -1.6 0.7 -1.4
v -1.6 0.7 -1.3
v 1.7 0.1 -1.5
v 1.5 0.1 -1.5
v 1.7 0.1 -1.4
v 1.5 0.2 -1.5
v 1.4 0.2 -1.5
v 1.4 0.2 1.6
v 1.5 0.2 1.6
v 0.8 0.1 -1.5
v 0.7 0.1 -1.5
v 0.7 0.1 -1.4
v 0.8 0.1 -1.4
v 1.7 0.7 -1.5
v 0.7 0.7 -1.5
v 0.7 0.7 -1.4
v 1.7 0.7 -1.4
v 1.2 0.9 -1.5
v 0.4 0.9 -1.5
v 1.2 0.9 -1.1
v -0.4 0.9 -1.5
v -0.4 0.9 -1.2
v 0.4 0.9 -1.2
v -0.7 0.1 -1.5
v -0.8 0.1 -1.5
v -0.8 0.1 -1.4
v -0.7 0.1 -1.4
v -0.8 0.9 -1.5
v -0.9 0.9 -1.5
v -0.8 0.9 -0.9
v -0.9 1.1 -1.5
v -1.3 1.1 -1.5
v -1.4 0.2 -1.5
v -1.5 0.2 -1.5
v -1.5 0.2 1.6
v -1.4 0.2 1.6
v -1.5 0.1 -1.5
v -1.7 0.1 -1.5
v -1.7 0.1 -1.4
v -0.7 0.7 -1.5
v -1.7 0.7 -1.5
v -1.7 0.7 -1.4
v -0.7 0.7 -1.4
v 1.6 0.1 -1.6
v 1.5 0.1 -1.6
v 1.6 0.1 -1.5
v 1.4 0.9 -1.6
v 1.3 0.9 -1.6
v 1.3 0.9 -1.2
v 1.4 0.9 -1.2
v 1.2 0.9 -1.6
v 1.3 0.9 -1.1
v 1.1 0.9 -1.6
v 0.9 0.9 -1.6
v 0.9 0.9 -1.5
v 1.1 0.9 -1.5
v 0.9 0.1 -1.6
v 0.8 0.1 -1.6
v 0.9 0.1 -1.5
v 1.6 0.7 -1.6
v 0.8 0.7 -1.6
v 0.8 0.7 -1.5
v 1.6 0.7 -1.5
v 0.8 0.9 -1.6
v 0.4 0.9 -1.6
v 0.8 0.9 -1.5
v 0.3 0.9 -1.6
v -0.3 0.9 -1.6
v -0.3 0.9 -1.5
v 0.3 0.9 -1.5
v -0.4 0.9 -1.6
v -0.8 0.9 -1.6
v -0.4 0.9 -0.9
v -0.8 0.1 -1.6
v -0.9 0.1 -1.6
v -0.9 0.1 -1.5
v -0.9 0.9 -1.6
v -1.1 0.9 -1.6
v -1.1 0.9 -1.5
v -1.2 0.9 -1.6
v -1.3 0.9 -1.6
v -1.3 0.9 -1.5
v -1.2 0.9 -1.5
v -1.4 0.9 -1.6
v -1.4 0.9 -1.2
v -1.3 0.9 -1.2
v -1.5 0.1 -1.6
v -1.6 0.1 -1.6
v -1.6 0.1 -1.5
v -0.8 0.7 -1.6
v -1.6 0.7 -1.6
v -1.6 0.7 -1.5
v -0.8 0.7 -1.5
v 1.7 0.2 -1.7
v 1.6 0.2 -1.7
v 1.6 0.2 -1.6
v 1.7 0.2 -1.6
v 1.7 0.4 -1.7
v 1.6 0.4 -1.7
v 1.6 0.4 -1.6
v 1.7 0.4 -1.6
v 0.8 0.2 -1.7
v 0.7 0.2 -1.7
v 0.7 0.2 -1.6
v 0.8 0.2 -1.6
v 0.8 0.4 -1.7
v 0.7 0.4 -1.7
v 0.7 0.4 -1.6
v 0.8 0.4 -1.6
v 1.7 0.6 -1.7
v 0.7 0.6 -1.7
v 0.7 0.6 -1.6
v 1.7 0.6 -1.6
v 0.6 0.5 -1.7
v 0.5 0.5 -1.7
v 0.5 0.5 -1.6
v 0.6 0.5 -1.6
v 0.7 0.8 -1.7
v 0.4 0.8 -1.7
v 0.4 0.8 -1.6
v 0.7 0.8 -1.6
v 0.4 0.5 -1.7
v 0.3 0.5 -1.7
v 0.3 0.5 -1.6
v 0.4 0.5 -1.6
v 0.3 0.8 -1.7
v 0.3 0.8 -1.5
v 0.4 0.8 -1.5
v 0.2 0.5 -1.7
v 0.1 0.5 -1.7
v 0.1 0.5 -1.6
v 0.2 0.5 -1.6
v -0.1 0.5 -1.7
v -0.2 0.5 -1.7
v -0.2 0.5 -1.6
v -0.1 0.5 -1.6
v -0.3 0.8 -1.7
v -0.3 0.8 -1.6
v 0.3 0.8 -1.6
v -0.3 0.5 -1.7
v -0.4 0.5 -1.7
v -0.4 0.5 -1.6
v -0.3 0.5 -1.6
v -0.4 0.8 -1.7
v -0.4 0.8 -1.5
v -0.3 0.8 -1.5
v -0.5 0.5 -1.7
v -0.6 0.5 -1.7
v -0.6 0.5 -1.6
v -0.5 0.5 -1.6
v -0.7 0.8 -1.7
v -0.7 0.8 -1.6
v -0.4 0.8 -1.6
v -0.7 0.2 -1.7
v -0.8 0.2 -1.7
v -0.8 0.2 -1.6
v -0.7 0.2 -1.6
v -0.7 0.4 -1.7
v -0.8 0.4 -1.7
v -0.8 0.4 -1.6
v -0.7 0.4 -1.6
v -1.6 0.2 -1.7
v -1.7 0.2 -1.7
v -1.7 0.2 -1.6
v -1.6 0.2 -1.6
v -1.6 0.4 -1.7
v -1.7 0.4 -1.7
v -1.7 0.4 -1.6
v -1.6 0.4 -1.6
v -0.7 0.6 -1.7
v -1.7 0.6 -1.7
v -1.7 0.6 -1.6
v -0.7 0.6 -1.6
v 0.2 1.1 1.9
v 0.2 1.1 2
v -0.2 1.1 2
v -0.2 1.1 1.9
v 1.4 0.5 1.8
v 1.4 0.5 1.9
v 0.8 0.5 1.9
v 0.8 0.5 1.8
v 0.1 1.4 1.8
v 0.1 1.4 2
v -0.1 1.4 2
v -0.1 1.4 1.8
v -0.8 0.5 1.8
v -0.8 0.5 1.9
v -1.4 0.5 1.9
v -1.4 0.5 1.8
v 1.7 0.3 1.7
v 1.7 0.3 1.8
v 1.6 0.3 1.8
v 1.6 0.3 1.7
v 1.7 0.5 1.7
v 1.7 0.5 1.8
v 1.6 0.5 1.8
v 1.6 0.5 1.7
v 1.3 0.7 1.7
v 1.2 0.7 1.7
v 1 0.7 1.7
v 0.9 0.7 1.7
v 0.8 0.7 1.7
v 1.7 0.1 1.7
v 1.7 0.1 1.8
v 0.7 0.1 1.8
v 0.7 0.1 1.7
v 0.8 0.3 1.7
v 0.8 0.3 1.8
v 0.7 0.3 1.8
v 0.7 0.3 1.7
v 0.8 0.5 1.7
v 0.7 0.5 1.8
v 0.7 0.5 1.7
v 0.6 0.5 1.7
v 0.6 0.5 1.8
v -0.6 0.5 1.8
v -0.6 0.5 1.7
v -0.7 0.3 1.7
v -0.7 0.3 1.8
v -0.8 0.3 1.8
v -0.8 0.3 1.7
v -0.7 0.5 1.7
v -0.7 0.5 1.8
v -0.8 0.5 1.7
v -0.8 0.7 1.7
v -0.9 0.7 1.7
v -1 0.7 1.7
v -1.2 0.7 1.7
v -1.3 0.7 1.7
v -0.7 0.1 1.7
v -0.7 0.1 1.8
v -1.7 0.1 1.8
v -1.7 0.1 1.7
v -1.6 0.3 1.7
v -1.6 0.3 1.8
v -1.7 0.3 1.8
v -1.7 0.3 1.7
v -1.6 0.5 1.7
v -1.6 0.5 1.8
v -1.7 0.5 1.8
v -1.7 0.5 1.7
v 1.6 0.6 1.6
v 1.6 0.6 1.7
v 1.5 0.6 1.7
v 1.5 0.6 1.6
v 1.6 0 1.6
v 1.6 0 1.7
v 0.8 0 1.7
v 0.8 0 1.6
v 0.9 0.6 1.6
v 0.9 0.6 1.7
v 0.8 0.6 1.7
v 0.8 0.6 1.6
v 0.6 0.4 1.6
v 0.6 0.4 1.7
v -0.6 0.4 1.7
v -0.6 0.4 1.6
v -0.8 0.6 1.6
v -0.8 0.6 1.7
v -0.9 0.6 1.7
v -0.9 0.6 1.6
v -0.8 0 1.6
v -0.8 0 1.7
v -1.6 0 1.7
v -1.6 0 1.6
v -1.5 0.6 1.6
v -1.5 0.6 1.7
v -1.6 0.6 1.7
v -1.6 0.6 1.6
v 1.7 0.6 1.5
v 1.7 0.6 1.6
v 1.5 0.6 1.5
v 1.7 0 1.5
v 1.7 0 1.6
v 0.7 0 1.6
v 0.7 0 1.5
v 0.7 0.6 1.6
v 0.7 0.2 1.5
v 0.6 0.2 1.8
v 0.6 0.2 1.5
v 0.6 0.3 1.5
v 0.6 0.3 1.6
v -0.6 0.3 1.6
v -0.6 0.3 1.5
v -0.6 0.2 1.5
v -0.6 0.2 1.8
v -0.7 0.2 1.5
v -0.7 0.6 1.6
v -0.7 0 1.5
v -0.7 0 1.6
v -1.7 0 1.6
v -1.7 0 1.5
v -1.5 0.6 1.5
v -1.7 0.6 1.6
v -1.7 0.6 1.5
v 1.6 0.6 1.4
v 1.6 0.6 1.5
v 1.5 0.6 1.4
v 1.6 0 1.4
v 1.6 0 1.5
v 0.8 0 1.5
v 0.8 0 1.4
v -0.8 0 1.4
v -0.8 0 1.5
v -1.6 0 1.5
v -1.6 0 1.4
v -1.5 0.6 1.4
v -1.6 0.6 1.5
v -1.6 0.6 1.4
v 1.7 0.6 1.3
v 1.7 0.6 1.4
v 1.5 0.6 1.3
v 1.7 0 1.3
v 1.7 0 1.4
v 0.7 0 1.4
v 0.7 0 1.3
v -0.7 0 1.3
v -0.7 0 1.4
v -1.7 0 1.4
v -1.7 0 1.3
v -1.5 0.6 1.3
v -1.7 0.6 1.4
v -1.7 0.6 1.3
v 1.6 0.6 1.2
v 1.6 0.6 1.3
v 1.5 0.6 1.2
v 1.4 0.5 1.2
v 1.4 0.5 1.3
v 1 0.5 1.3
v 1 0.5 1.2
v 1.6 0 1.2
v 1.6 0 1.3
v 0.8 0 1.3
v 0.8 0 1.2
v 0.8 0.7 1.2
v 0.8 0.7 1.3
v 0.7 0.7 1.3
v 0.7 0.7 1.2
v -0.7 0.7 1.2
v -0.7 0.7 1.3
v -0.8 0.7 1.3
v -0.8 0.7 1.2
v -1 0.5 1.2
v -1 0.5 1.3
v -1.4 0.5 1.3
v -1.4 0.5 1.2
v -0.8 0 1.2
v -0.8 0 1.3
v -1.6 0 1.3
v -1.6 0 1.2
v -1.5 0.6 1.2
v -1.6 0.6 1.3
v -1.6 0.6 1.2
v 1.7 0.6 1.1
v 1.7 0.6 1.2
v 1.5 0.6 1.1
v 1.4 0.8 1.2
v 1.3 0.8 1.2
v 1.3 0.8 1.1
v 1.7 0 1.1
v 1.7 0 1.2
v 0.7 0 1.2
v 0.7 0 1.1
v -1.3 0.8 1.1
v -1.3 0.8 1.2
v -1.4 0.8 1.2
v -0.7 0 1.1
v -0.7 0 1.2
v -1.7 0 1.2
v -1.7 0 1.1
v -1.5 0.6 1.1
v -1.7 0.6 1.2
v -1.7 0.6 1.1
v 1.6 0.6 1
v 1.6 0.6 1.1
v 1.5 0.6 1
v 1.6 0 1
v 1.6 0 1.1
v 0.8 0 1.1
v 0.8 0 1
v 0.8 0.7 1
v 0.8 0.7 1.1
v 0.7 0.7 1.1
v 0.7 0.7 1
v 0.2 1.2 1
v 0.2 1.2 1.9
v 0.1 1.2 1.9
v 0.1 1.2 1
v 0.1 1.1 1
v 0.1 1.1 1.9
v -0.1 1.1 1.9
v -0.1 1.1 1
v -0.1 1.2 1
v -0.1 1.2 1.9
v -0.2 1.2 1.9
v -0.2 1.2 1
v -0.7 0.7 1
v -0.7 0.7 1.1
v -0.8 0.7 1.1
v -0.8 0.7 1
v -0.8 0 1
v -0.8 0 1.1
v -1.6 0 1.1
v -1.6 0 1
v -1.5 0.6 1
v -1.6 0.6 1.1
v -1.6 0.6 1
v 1.7 0.6 0.9
v 1.7 0.6 1
v 1.5 0.6 0.9
v 1.7 0 0.9
v 1.7 0 1
v 0.7 0 1
v 0.7 0 0.9
v -0.7 0 0.9
v -0.7 0 1
v -1.7 0 1
v -1.7 0 0.9
v -1.5 0.6 0.9
v -1.7 0.6 1
v -1.7 0.6 0.9
v 1.6 0.6 0.8
v 1.6 0.6 0.9
v 1.5 0.6 0.8
v 1.4 0.5 0.8
v 1.4 0.5 0.9
v 1 0.5 0.9
v 1 0.5 0.8
v 1.6 0 0.8
v 1.6 0 0.9
v 0.8 0 0.9
v 0.8 0 0.8
v 0.8 0.7 0.8
v 0.8 0.7 0.9
v 0.7 0.7 0.9
v 0.7 0.7 0.8
v -0.7 0.7 0.8
v -0.7 0.7 0.9
v -0.8 0.7 0.9
v -0.8 0.7 0.8
v -1 0.5 0.8
v -1 0.5 0.9
v -1.4 0.5 0.9
v -1.4 0.5 0.8
v -0.8 0 0.8
v -0.8 0 0.9
v -1.6 0 0.9
v -1.6 0 0.8
v -1.5 0.6 0.8
v -1.6 0.6 0.9
v -1.6 0.6 0.8
v 1.7 0.6 0.7
v 1.7 0.6 0.8
v 1.5 0.6 0.7
v 1.3 0.8 0.8
v 1.3 0.8 0.7
v 1.7 0 0.7
v 1.7 0 0.8
v 0.7 0 0.8
v 0.7 0 0.7
v 0.2 1.2 0.7
v 0.1 1.2 0.7
v 0.1 1.1 0.7
v -0.1 1.1 0.7
v -0.1 1.2 0.7
v -0.2 1.2 0.7
v -1.3 0.8 0.7
v -1.3 0.8 0.8
v -0.7 0 0.7
v -0.7 0 0.8
v -1.7 0 0.8
v -1.7 0 0.7
v -1.5 0.6 0.7
v -1.7 0.6 0.8
v -1.7 0.6 0.7
v 1.6 0.6 0.6
v 1.6 0.6 0.7
v 1.5 0.6 0.6
v 1.6 0 0.6
v 1.6 0 0.7
v 0.8 0 0.7
v 0.8 0 0.6
v 0.8 0.7 0.6
v 0.8 0.7 0.7
v 0.7 0.7 0.7
v 0.7 0.7 0.6
v -0.7 0.7 0.6
v -0.7 0.7 0.7
v -0.8 0.7 0.7
v -0.8 0.7 0.6
v -0.8 0 0.6
v -0.8 0 0.7
v -1.6 0 0.7
v -1.6 0 0.6
v -1.5 0.6 0.6
v -1.6 0.6 0.7
v -1.6 0.6 0.6
v 1.7 0.6 0.5
v 1.7 0.6 0.6
v 1.5 0.6 0.5
v 1.7 0 0.5
v 1.7 0 0.6
v 0.7 0 0.6
v 0.7 0 0.5
v -0.7 0 0.5
v -0.7 0 0.6
v -1.7 0 0.6
v -1.7 0 0.5
v -1.5 0.6 0.5
v -1.7 0.6 0.6
v -1.7 0.6 0.5
v 1.6 0.6 0.4
v 1.6 0.6 0.5
v 1.5 0.6 0.4
v 1.4 0.5 0.4
v 1.4 0.5 0.5
v 1 0.5 0.5
v 1 0.5 0.4
v 1.6 0 0.4
v 1.6 0 0.5
v 0.8 0 0.5
v 0.8 0 0.4
v 0.8 0.7 0.4
v 0.8 0.7 0.5
v 0.7 0.7 0.5
v 0.7 0.7 0.4
v -0.7 0.7 0.4
v -0.7 0.7 0.5
v -0.8 0.7 0.5
v -0.8 0.7 0.4
v -1 0.5 0.4
v -1 0.5 0.5
v -1.4 0.5 0.5
v -1.4 0.5 0.4
v -0.8 0 0.4
v -0.8 0 0.5
v -1.6 0 0.5
v -1.6 0 0.4
v -1.5 0.6 0.4
v -1.6 0.6 0.5
v -1.6 0.6 0.4
v 1.7 0.6 0.3
v 1.7 0.6 0.4
v 1.5 0.6 0.3
v 1.3 0.8 0.4
v 1.3 0.8 0.3
v 1.7 0 0.3
v 1.7 0 0.4
v 0.7 0 0.4
v 0.7 0 0.3
v 0.7 1.2 0.3
v 0.7 1.2 0.4
v 0.6 1.2 0.4
v 0.6 1.2 0.3
v 0.4 1.2 0.3
v 0.4 1.2 0.4
v 0.3 1.2 0.4
v 0.3 1.2 0.3
v 0.2 1.2 0.3
v 0.1 1.2 0.3
v -0.1 1.2 0.3
v -0.2 1.2 0.3
v -1.3 0.8 0.3
v -1.3 0.8 0.4
v -0.7 0 0.3
v -0.7 0 0.4
v -1.7 0 0.4
v -1.7 0 0.3
v -1.5 0.6 0.3
v -1.7 0.6 0.4
v -1.7 0.6 0.3
v 1.6 0.6 0.2
v 1.6 0.6 0.3
v 1.5 0.6 0.2
v 1.6 0 0.2
v 1.6 0 0.3
v 0.8 0 0.3
v 0.8 0 0.2
v 0.8 0.7 0.2
v 0.8 0.7 0.3
v 0.7 0.7 0.3
v 0.7 0.7 0.2
v 0.6 1.5 0.2
v 0.6 1.5 0.4
v 0.4 1.5 0.4
v 0.4 1.5 0.2
v 0.4 1.1 0.2
v 0.4 1.1 0.3
v 0.1 1.1 0.3
v 0.1 1.1 0.2
v -0.1 1.1 0.2
v -0.7 0.7 0.2
v -0.7 0.7 0.3
v -0.8 0.7 0.3
v -0.8 0.7 0.2
v -0.1 1.1 0.3
v -0.8 1.1 0.3
v -0.8 1.1 0.2
v -0.8 0 0.2
v -0.8 0 0.3
v -1.6 0 0.3
v -1.6 0 0.2
v -1.5 0.6 0.2
v -1.6 0.6 0.3
v -1.6 0.6 0.2
v 1.7 0.6 0.1
v 1.7 0.6 0.2
v 1.5 0.6 0.1
v 1.7 0 0.1
v 1.7 0 0.2
v 0.7 0 0.2
v 0.7 0 0.1
v 0.8 1.1 0.1
v 0.8 1.1 0.3
v 0.4 1.1 0.1
v -0.7 1.1 0.1
v -0.7 1.1 0.2
v -0.8 1.1 0.1
v -0.7 0 0.1
v -0.7 0 0.2
v -1.7 0 0.2
v -1.7 0 0.1
v -1.5 0.6 0.1
v -1.7 0.6 0.2
v -1.7 0.6 0.1
v 1.6 0.6 0
v 1.6 0.6 0.1
v 1.5 0.6 0
v 1.4 0.5 0
v 1.4 0.5 0.1
v 1 0.5 0.1
v 1 0.5 0
v 1.6 0 0
v 1.6 0 0.1
v 0.8 0 0.1
v 0.8 0 0
v 1 1.2 0
v 1 1.2 0.1
v 0.8 1.2 0.1
v 0.8 1.2 0
v 0.8 0.7 0
v 0.8 0.7 0.1
v 0.7 0.7 0.1
v 0.7 0.7 0
v 0.7 1.2 0.1
v 0.7 1.2 0
v -0.7 0.7 0
v -0.7 0.7 0.1
v -0.8 0.7 0.1
v -0.8 0.7 0
v -0.7 1.2 0
v -0.7 1.2 0.1
v -0.8 1.2 0.1
v -0.8 1.2 0
v -1 0.5 0
v -1 0.5 0.1
v -1.4 0.5 0.1
v -1.4 0.5 0
v -0.8 0 0
v -0.8 0 0.1
v -1.6 0 0.1
v -1.6 0 0
v -1.5 0.6 0
v -1.6 0.6 0.1
v -1.6 0.6 0
v 1.7 0.6 -0.1
v 1.7 0.6 0
v 1.5 0.6 -0.1
v 1.3 0.8 0
v 1.3 0.8 -0.1
v 1.7 0 -0.1
v 1.7 0 0
v 0.7 0 0
v 0.7 0 -0.1
v -1.3 0.8 -0.1
v -1.3 0.8 0
v -0.7 0 -0.1
v -0.7 0 0
v -1.7 0 0
v -1.7 0 -0.1
v -1.5 0.6 -0.1
v -1.7 0.6 0
v -1.7 0.6 -0.1
v 1.6 0.6 -0.2
v 1.6 0.6 -0.1
v 1.5 0.6 -0.2
v 1.6 0 -0.2
v 1.6 0 -0.1
v 0.8 0 -0.1
v 0.8 0 -0.2
v 0.8 0.7 -0.2
v 0.8 0.7 -0.1
v 0.7 0.7 -0.1
v 0.7 0.7 -0.2
v 0.8 1.1 -0.2
v 0.8 1.1 0
v 0.7 1.1 0
v 0.7 1.1 -0.2
v -0.7 0.7 -0.2
v -0.7 0.7 -0.1
v -0.8 0.7 -0.1
v -0.8 0.7 -0.2
v -0.7 1.1 -0.2
v -0.7 1.1 0
v -0.8 1.1 0
v -0.8 1.1 -0.2
v -0.8 0 -0.2
v -0.8 0 -0.1
v -1.6 0 -0.1
v -1.6 0 -0.2
v -1.5 0.6 -0.2
v -1.6 0.6 -0.1
v -1.6 0.6 -0.2
v 1.7 0.6 -0.3
v 1.7 0.6 -0.2
v 1.5 0.6 -0.3
v 1 1.2 -0.3
v 0.8 1.2 -0.3
v 1.7 0 -0.3
v 1.7 0 -0.2
v 0.7 0 -0.2
v 0.7 0 -0.3
v 0.8 1.2 -0.2
v 0.7 1.2 -0.2
v 0.7 1.2 -0.3
v -0.7 1.2 -0.3
v -0.7 1.2 -0.2
v -0.8 1.2 -0.2
v -0.8 1.2 -0.3
v -0.7 0 -0.3
v -0.7 0 -0.2
v -1.7 0 -0.2
v -1.7 0 -0.3
v -1.5 0.6 -0.3
v -1.7 0.6 -0.2
v -1.7 0.6 -0.3
v 1.6 0.6 -0.4
v 1.6 0.6 -0.3
v 1.5 0.6 -0.4
v 1.4 0.5 -0.4
v 1.4 0.5 -0.3
v 1 0.5 -0.3
v 1 0.5 -0.4
v 1.6 0 -0.4
v 1.6 0 -0.3
v 0.8 0 -0.3
v 0.8 0 -0.4
v 0.8 0.7 -0.4
v 0.8 0.7 -0.3
v 0.7 0.7 -0.3
v 0.7 0.7 -0.4
v 0.6 1.6 -0.4
v 0.6 1.6 -0.2
v 0.5 1.6 -0.2
v 0.5 1.6 -0.4
v -0.5 1.6 -0.4
v -0.5 1.6 -0.2
v -0.6 1.6 -0.2
v -0.6 1.6 -0.4
v -0.7 0.7 -0.4
v -0.7 0.7 -0.3
v -0.8 0.7 -0.3
v -0.8 0.7 -0.4
v -1 0.5 -0.4
v -1 0.5 -0.3
v -1.4 0.5 -0.3
v -1.4 0.5 -0.4
v -0.8 0 -0.4
v -0.8 0 -0.3
v -1.6 0 -0.3
v -1.6 0 -0.4
v -1.5 0.6 -0.4
v -1.6 0.6 -0.3
v -1.6 0.6 -0.4
v 1.7 0.6 -0.5
v 1.7 0.6 -0.4
v 1.5 0.6 -0.5
v 1.3 0.8 -0.4
v 1.3 0.8 -0.5
v 1.7 0 -0.5
v 1.7 0 -0.4
v 0.7 0 -0.4
v 0.7 0 -0.5
v 0.8 1.1 -0.5
v 0.8 1.1 -0.3
v 0.7 1.1 -0.3
v 0.7 1.1 -0.5
v -0.7 1.1 -0.5
v -0.7 1.1 -0.3
v -0.8 1.1 -0.3
v -0.8 1.1 -0.5
v -1.3 0.8 -0.5
v -1.3 0.8 -0.4
v -0.7 0 -0.5
v -0.7 0 -0.4
v -1.7 0 -0.4
v -1.7 0 -0.5
v -1.5 0.6 -0.5
v -1.7 0.6 -0.4
v -1.7 0.6 -0.5
v 1.6 0.6 -0.6
v 1.6 0.6 -0.5
v 1.5 0.6 -0.6
v 1.6 0 -0.6
v 1.6 0 -0.5
v 0.8 0 -0.5
v 0.8 0 -0.6
v 0.8 0.7 -0.6
v 0.8 0.7 -0.5
v 0.7 0.7 -0.5
v 0.7 0.7 -0.6
v 0.8 1.2 -0.6
v 0.8 1.2 -0.5
v 0.7 1.2 -0.5
v 0.7 1.2 -0.6
v -0.7 0.7 -0.6
v -0.7 0.7 -0.5
v -0.8 0.7 -0.5
v -0.8 0.7 -0.6
v -0.7 1.2 -0.6
v -0.7 1.2 -0.5
v -0.8 1.2 -0.5
v -0.8 1.2 -0.6
v -0.8 0 -0.6
v -0.8 0 -0.5
v -1.6 0 -0.5
v -1.6 0 -0.6
v -1.5 0.6 -0.6
v -1.6 0.6 -0.5
v -1.6 0.6 -0.6
v 1.7 0.6 -0.7
v 1.7 0.6 -0.6
v 1.5 0.6 -0.7
v 1.7 0 -0.7
v 1.7 0 -0.6
v 0.7 0 -0.6
v 0.7 0 -0.7
v -0.7 0 -0.7
v -0.7 0 -0.6
v -1.7 0 -0.6
v -1.7 0 -0.7
v -1.5 0.6 -0.7
v -1.7 0.6 -0.6
v -1.7 0.6 -0.7
v 1.6 0.6 -0.8
v 1.6 0.6 -0.7
v 1.5 0.6 -0.8
v 1.4 0.5 -0.8
v 1.4 0.5 -0.7
v 1 0.5 -0.7
v 1 0.5 -0.8
v 1.6 0 -0.8
v 1.6 0 -0.7
v 0.8 0 -0.7
v 0.8 0 -0.8
v 0.8 0.7 -0.8
v 0.8 0.7 -0.7
v 0.7 0.7 -0.7
v 0.7 0.7 -0.8
v -0.7 0.7 -0.8
v -0.7 0.7 -0.7
v -0.8 0.7 -0.7
v -0.8 0.7 -0.8
v -1 0.5 -0.8
v -1 0.5 -0.7
v -1.4 0.5 -0.7
v -1.4 0.5 -0.8
v -0.8 0 -0.8
v -0.8 0 -0.7
v -1.6 0 -0.7
v -1.6 0 -0.8
v -1.5 0.6 -0.8
v -1.6 0.6 -0.7
v -1.6 0.6 -0.8
v 1.7 0.6 -0.9
v 1.7 0.6 -0.8
v 1.5 0.6 -0.9
v 1.4 0.8 -0.9
v 1.3 0.8 -0.8
v 1.3 0.8 -0.9
v 1.7 0 -0.9
v 1.7 0 -0.8
v 0.7 0 -0.8
v 0.7 0 -0.9
v -1.3 0.8 -0.9
v -1.3 0.8 -0.8
v -1.4 0.8 -0.9
v -0.7 0 -0.9
v -0.7 0 -0.8
v -1.7 0 -0.8
v -1.7 0 -0.9
v -1.5 0.6 -0.9
v -1.7 0.6 -0.8
v -1.7 0.6 -0.9
v 1.6 0.6 -1
v 1.6 0.6 -0.9
v 1.5 0.6 -1
v 1.6 0 -1
v 1.6 0 -0.9
v 0.8 0 -0.9
v 0.8 0 -1
v 0.8 0.7 -1
v 0.8 0.7 -0.9
v 0.7 0.7 -0.9
v 0.7 0.7 -1
v 0.8 1.1 -1
v 0.8 1.1 -0.6
v 0.7 1.1 -0.6
v 0.7 1.1 -1
v 0.7 1.1 0.1
v 0.4 1.1 -1
v -0.4 1.1 -1
v -0.4 1.1 0.2
v -0.7 1.1 -1
v 0.8 0.2 -1
v 0.8 0.2 1.5
v -0.8 0.2 1.5
v -0.8 0.2 -1
v -0.7 0.7 -1
v -0.7 0.7 -0.9
v -0.8 0.7 -0.9
v -0.8 0.7 -1
v -0.7 1.1 -0.6
v -0.8 1.1 -0.6
v -0.8 1.1 -1
v -0.8 0 -1
v -0.8 0 -0.9
v -1.6 0 -0.9
v -1.6 0 -1
v -1.5 0.6 -1
v -1.6 0.6 -0.9
v -1.6 0.6 -1
v 1.7 0.6 -1.1
v 1.7 0.6 -1
v 1.5 0.6 -1.1
v 1.7 0 -1.1
v 1.7 0 -1
v 0.7 0 -1
v 0.7 0 -1.1
v -0.7 0 -1.1
v -0.7 0 -1
v -1.7 0 -1
v -1.7 0 -1.1
v -1.5 0.6 -1.1
v -1.7 0.6 -1
v -1.7 0.6 -1.1
v 1.6 0.6 -1.2
v 1.6 0.6 -1.1
v 1.5 0.6 -1.2
v 1.4 0.5 -1.2
v 1.4 0.5 -1.1
v 1 0.5 -1.1
v 1 0.5 -1.2
v 1.6 0 -1.2
v 1.6 0 -1.1
v 0.8 0 -1.1
v 0.8 0 -1.2
v 0.8 0.7 -1.2
v 0.8 0.7 -1.1
v 0.7 0.7 -1.1
v 0.7 0.7 -1.2
v -0.7 0.7 -1.2
v -0.7 0.7 -1.1
v -0.8 0.7 -1.1
v -0.8 0.7 -1.2
v -1 0.5 -1.2
v -1 0.5 -1.1
v -1.4 0.5 -1.1
v -1.4 0.5 -1.2
v -0.8 0 -1.2
v -0.8 0 -1.1
v -1.6 0 -1.1
v -1.6 0 -1.2
v -1.5 0.6 -1.2
v -1.6 0.6 -1.1
v -1.6 0.6 -1.2
v 1.7 0.6 -1.3
v 1.7 0.6 -1.2
v 1.5 0.6 -1.3
v 1.7 0 -1.3
v 1.7 0 -1.2
v 0.7 0 -1.2
v 0.7 0 -1.3
v 0.8 1.3 -1.3
v 0.8 1.3 -1.2
v 0.7 1.3 -1.2
v 0.7 1.3 -1.3
v 0.8 1.5 -1.3
v 0.8 1.5 -1.2
v 0.7 1.5 -1.2
v 0.8 1.1 -1.3
v 0.4 1.1 -1.3
v 0.4 1.1 -1.2
v -0.4 1.1 -1.2
v -0.4 1.1 -1.3
v -0.8 1.1 -1.3
v -0.7 1.3 -1.3
v -0.7 1.3 -1.2
v -0.8 1.3 -1.2
v -0.8 1.3 -1.3
v -0.7 1.5 -1.2
v -0.8 1.5 -1.2
v -0.8 1.5 -1.3
v -0.7 0 -1.3
v -0.7 0 -1.2
v -1.7 0 -1.2
v -1.7 0 -1.3
v -1.5 0.6 -1.3
v -1.7 0.6 -1.2
v -1.7 0.6 -1.3
v 1.6 0.6 -1.4
v 1.6 0.6 -1.3
v 1.5 0.6 -1.4
v 1.6 0 -1.4
v 1.6 0 -1.3
v 0.8 0 -1.3
v 0.8 0 -1.4
v 0.8 0.7 -1.4
v 0.8 0.7 -1.3
v 0.7 0.7 -1.3
v 0.7 1.2 -1.4
v 0.6 1.2 -1.3
v 0.6 1.2 -1.4
v 0.4 1.2 -1.4
v 0.4 1.2 -1.3
v 0.2 1.2 -1.3
v 0.2 1.2 -1.4
v 0.1 1.2 -1.4
v 0.1 1.2 -1.3
v -0.1 1.2 -1.3
v -0.1 1.2 -1.4
v -0.2 1.2 -1.4
v -0.2 1.2 -1.3
v -0.4 1.2 -1.3
v -0.4 1.2 -1.4
v -0.6 1.2 -1.4
v -0.6 1.2 -1.3
v -0.7 1.2 -1.4
v 0.8 0.2 -1.4
v -0.8 0.2 -1.4
v -0.7 0.7 -1.3
v -0.8 0.7 -1.3
v -0.8 0.7 -1.4
v -0.8 0 -1.4
v -0.8 0 -1.3
v -1.6 0 -1.3
v -1.6 0 -1.4
v -1.5 0.6 -1.4
v -1.6 0.6 -1.3
v -1.6 0.6 -1.4
v 1.7 0.6 -1.5
v 1.7 0.6 -1.4
v 1.5 0.6 -1.5
v 1.5 0.5 -1.5
v 1.5 0.5 1.6
v 1.4 0.5 1.6
v 1.4 0.5 -1.5
v 1.7 0 -1.5
v 1.7 0 -1.4
v 0.7 0 -1.4
v 0.7 0 -1.5
v 0.8 0.6 -1.5
v 0.7 0.6 -1.5
v 1.2 0.8 -1.5
v 1.2 0.8 -1.4
v 0.7 0.8 -1.4
v 0.7 0.8 -1.5
v 0.7 0.3 -1.5
v 0.7 0.3 -1.4
v -0.7 0.3 -1.4
v -0.7 0.3 -1.5
v -0.7 0.6 -1.5
v -0.8 0.6 -1.5
v -0.8 0.8 -1.5
v -0.8 0.8 -1.4
v -1.4 0.8 -1.4
v -1.4 0.8 -1.5
v -1.4 0.5 -1.5
v -1.4 0.5 1.6
v -1.5 0.5 1.6
v -1.5 0.5 -1.5
v -0.7 0 -1.5
v -0.7 0 -1.4
v -1.7 0 -1.4
v -1.7 0 -1.5
v -1.5 0.6 -1.5
v -1.7 0.6 -1.4
v -1.7 0.6 -1.5
v 1.6 0.6 -1.6
v 1.6 0.6 -1.5
v 1.5 0.6 -1.6
v 1.4 0.8 -1.6
v 1.4 0.8 -1.4
v 1.2 0.8 -1.6
v 1.1 0.8 -1.6
v 1.1 0.8 -1.5
v 0.9 0.8 -1.5
v 0.9 0.8 -1.6
v 1.6 0 -1.6
v 1.6 0 -1.5
v 0.8 0 -1.5
v 0.8 0 -1.6
v 0.9 0.6 -1.6
v 0.9 0.6 -1.5
v 0.8 0.6 -1.6
v 0.8 0.8 -1.6
v 0.8 0.8 -1.5
v -0.7 0.8 -1.4
v -0.8 0.8 -1.6
v -0.8 0.6 -1.6
v -0.9 0.6 -1.5
v -0.9 0.6 -1.6
v -0.9 0.8 -1.6
v -0.9 0.8 -1.5
v -1.1 0.8 -1.5
v -1.1 0.8 -1.6
v -1.2 0.8 -1.6
v -1.2 0.8 -1.5
v -1.4 0.8 -1.6
v -0.8 0 -1.6
v -0.8 0 -1.5
v -1.6 0 -1.5
v -1.6 0 -1.6
v -1.5 0.6 -1.6
v -1.6 0.6 -1.5
v -1.6 0.6 -1.6
v 1.7 0.3 -1.7
v 1.7 0.3 -1.6
v 1.6 0.3 -1.6
v 1.6 0.3 -1.7
v 1.7 0.5 -1.7
v 1.7 0.5 -1.6
v 1.6 0.5 -1.6
v 1.6 0.5 -1.7
v 1.7 0.1 -1.7
v 1.7 0.1 -1.6
v 0.7 0.1 -1.6
v 0.7 0.1 -1.7
v 0.8 0.3 -1.7
v 0.8 0.3 -1.6
v 0.7 0.3 -1.6
v 0.7 0.3 -1.7
v 0.8 0.5 -1.7
v 0.8 0.5 -1.6
v 0.7 0.5 -1.6
v 0.7 0.5 -1.7
v 0.6 0.7 -1.7
v 0.6 0.7 -1.6
v 0.5 0.7 -1.6
v 0.5 0.7 -1.7
v 0.4 0.7 -1.7
v 0.4 0.7 -1.6
v 0.3 0.7 -1.6
v 0.3 0.7 -1.7
v 0.2 0.7 -1.7
v 0.2 0.7 -1.6
v 0.1 0.7 -1.6
v 0.1 0.7 -1.7
v -0.1 0.7 -1.7
v -0.1 0.7 -1.6
v -0.2 0.7 -1.6
v -0.2 0.7 -1.7
v -0.3 0.7 -1.7
v -0.3 0.7 -1.6
v -0.4 0.7 -1.6
v -0.4 0.7 -1.7
v -0.5 0.7 -1.7
v -0.5 0.7 -1.6
v -0.6 0.7 -1.6
v -0.6 0.7 -1.7
v 0.7 0.4 -1.5
v -0.7 0.4 -1.5
v -0.7 0.3 -1.7
v -0.7 0.3 -1.6
v -0.8 0.3 -1.6
v -0.8 0.3 -1.7
v -0.7 0.5 -1.7
v -0.7 0.5 -1.6
v -0.8 0.5 -1.6
v -0.8 0.5 -1.7
v -0.7 0.1 -1.7
v -0.7 0.1 -1.6
v -1.7 0.1 -1.6
v -1.7 0.1 -1.7
v -1.6 0.3 -1.7
v -1.6 0.3 -1.6
v -1.7 0.3 -1.6
v -1.7 0.3 -1.7
v -1.6 0.5 -1.7
v -1.6 0.5 -1.6
v -1.7 0.5 -1.6
v -1.7 0.5 -1.7
v 0.8 0.2 -1.5
v -1.5 0.2 -1.6
v 0.6 0.2 1.6
v -0.7 0.3 1.5
v -1.4 0.3 1.5
v -1.4 0.3 1.3
v -1.4 0.2 1.5
v -1.4 0.3 1.1
v -1.4 0.3 0.9
v -1.4 0.2 1.1
v -1.4 0.3 0.7
v -1.4 0.3 0.5
v -1.4 0.2 0.7
v -1.4 0.3 0.3
v -1.4 0.3 0.1
v -1.4 0.2 0.3
v -1.4 0.3 -0.1
v -1.4 0.3 -0.3
v -1.4 0.2 -0.1
v -1.4 0.3 -0.5
v -1.4 0.3 -0.7
v -1.4 0.2 -0.5
v -1.4 0.3 -0.9
v -1.4 0.3 -1.1
v -1.4 0.2 -0.9
v -1.4 0.3 -1.3
v -1.4 0.3 -1.5
v -1.4 0.2 -1.3
v 0.6 0.2 1.7
v -0.7 0.4 1.6
v -0.7 0.3 1.6
v -1.4 0.4 1.5
v -1.4 0.4 1.4
v -1.4 0.3 1.4
v -1.4 0.4 1.1
v -1.4 0.4 1
v -1.4 0.3 1
v -1.4 0.4 0.7
v -1.4 0.4 0.6
v -1.4 0.3 0.6
v -1.4 0.4 0.3
v -1.4 0.4 0.2
v -1.4 0.3 0.2
v -1.4 0.4 -0.1
v -1.4 0.4 -0.2
v -1.4 0.3 -0.2
v -1.4 0.4 -0.5
v -1.4 0.4 -0.6
v -1.4 0.3 -0.6
v -1.4 0.4 -0.9
v -1.4 0.4 -1
v -1.4 0.3 -1
v -1.4 0.4 -1.3
v -1.4 0.4 -1.4
v -1.4 0.3 -1.4
v -1.4 0.5 1.5
v -1.4 0.5 1.4
v -1.4 0.5 1.1
v -1.4 0.5 1
v -1.4 0.5 0.7
v -1.4 0.5 0.6
v -1.4 0.5 0.3
v -1.4 0.5 0.2
v -1.4 0.5 -0.1
v -1.4 0.5 -0.2
v -1.4 0.5 -0.5
v -1.4 0.5 -0.6
v -1.4 0.5 -0.9
v -1.4 0.5 -1
v -1.4 0.5 -1.3
v -1.4 0.5 -1.4
v 0.8 0.6 1.9
v 0.8 0.6 1.8
v -1.4 0.6 1.9
v -1.4 0.6 1.8
v 0.8 0.7 1.4
v -0.7 0.7 1.4
v 0.4 0.8 1.6
v -0.7 0.8 1.6
v -0.7 0.8 -1.5
v -1.4 0.9 1.2
v 0.4 0.9 1.3
v 0.4 0.9 0.2
v 0.4 0.8 1.3
v 1 1 1.3
v 0.4 1 1.3
v -0.5 1 1.3
v -1.3 1 1.3
v -0.4 1.1 -0.3
v -0.4 0.9 0.2
v -0.4 1.1 -0.9
v -1.3 0.9 -1.3
v -1.3 0.9 -1.4
v -0.8 1.2 -1
v -0.8 1.1 -1.2
v -0.8 1.3 -0.6
v -0.8 1.3 -0.9
v -0.8 1.2 -0.9
v -0.7 1.3 -1.4
v -0.2 1.4 1
v 0.6 1.4 0.3
v 0.6 1.4 0.2
v -0.8 1.4 0.1
v 0.6 1.5 0.3
v -0.8 1.1 -0.1
v -0.8 1.1 -0.4
v -0.8 1.5 -0.9
v -0.8 1.3 -0.7
v 0.3 1.6 0.3
v -0.8 1.6 -0.3
v -0.3 1.6 -0.5
v -0.8 1.6 -0.6
v -0.8 1.6 -1
v 0.5 1.7 -0.2
v 0.5 1.7 -0.4
v -0.7 2.6 -0.9
v -0.7 2.6 -1
v -0.8 0.2 -1.5
v 1.5 0.2 -1.6
v 0.7 0.3 1.5
v -0.6 0.2 1.6
v 1.4 0.3 1.5
v 1.4 0.2 1.5
v 1.4 0.3 1.3
v 1.4 0.3 1.1
v 1.4 0.2 1.1
v 1.4 0.3 0.9
v 1.4 0.3 0.7
v 1.4 0.2 0.7
v 1.4 0.3 0.5
v 1.4 0.3 0.3
v 1.4 0.2 0.3
v 1.4 0.3 0.1
v 1.4 0.3 -0.1
v 1.4 0.2 -0.1
v 1.4 0.3 -0.3
v 1.4 0.3 -0.5
v 1.4 0.2 -0.5
v 1.4 0.3 -0.7
v 1.4 0.3 -0.9
v 1.4 0.2 -0.9
v 1.4 0.3 -1.1
v 1.4 0.3 -1.3
v 1.4 0.2 -1.3
v 1.4 0.3 -1.5
v 0.7 0.3 1.6
v 0.7 0.4 1.6
v -0.6 0.2 1.7
v 1.4 0.4 1.5
v 1.4 0.3 1.4
v 1.4 0.4 1.4
v 1.4 0.4 1.1
v 1.4 0.3 1
v 1.4 0.4 1
v 1.4 0.4 0.7
v 1.4 0.3 0.6
v 1.4 0.4 0.6
v 1.4 0.4 0.3
v 1.4 0.3 0.2
v 1.4 0.4 0.2
v 1.4 0.4 -0.1
v 1.4 0.3 -0.2
v 1.4 0.4 -0.2
v 1.4 0.4 -0.5
v 1.4 0.3 -0.6
v 1.4 0.4 -0.6
v 1.4 0.4 -0.9
v 1.4 0.3 -1
v 1.4 0.4 -1
v 1.4 0.4 -1.3
v 1.4 0.3 -1.4
v 1.4 0.4 -1.4
v 1.4 0.5 1.5
v 1.4 0.5 1.4
v 1.4 0.5 1.1
v 1.4 0.5 1
v 1.4 0.5 0.7
v 1.4 0.5 0.6
v 1.4 0.5 0.3
v 1.4 0.5 0.2
v 1.4 0.5 -0.1
v 1.4 0.5 -0.2
v 1.4 0.5 -0.5
v 1.4 0.5 -0.6
v 1.4 0.5 -0.9
v 1.4 0.5 -1
v 1.4 0.5 -1.3
v 1.4 0.5 -1.4
v 1.4 0.6 1.9
v 1.4 0.6 1.8
v -0.8 0.6 1.9
v -0.8 0.6 1.8
v 0.7 0.7 1.4
v -0.8 0.7 1.4
v 0.7 0.8 1.6
v -0.4 0.8 1.6
v 1.4 0.9 1.2
v -0.4 0.9 1.3
v -0.4 0.8 1.3
v 1.3 1 1.3
v 0.5 1 1.3
v -0.4 1 1.3
v -1 1 1.3
v 0.4 1.1 -0.3
v 0.4 1.1 -0.9
v -0.9 0.9 -1.1
v -0.9 0.9 -1.2
v -0.9 0.9 -1.3
v -0.9 0.9 -1.4
v 0.8 1.2 -1
v 0.8 1.1 -1.2
v 0.8 1.3 -0.6
v 0.8 1.2 -0.9
v 0.8 1.3 -0.9
v 0.7 1.3 -1.4
v 0.2 1.4 1
v 0.4 1.4 0.3
v 0.4 1.4 0.2
v 0.4 1.5 0.3
v 0.8 1.5 -0.3
v 0.8 1.1 -0.4
v 0.8 1.3 -0.7
v 0.8 1.5 -0.9
v 0.7 1.6 0.3
v 0.7 1.6 0.2
v 0.8 1.6 -0.3
v 0.3 1.6 -0.5
v 0.8 1.6 -0.6
v 0.8 1.6 -0.9
v -0.5 1.7 -0.2
v -0.5 1.7 -0.4
v -0.6 2.6 -0.9
v -0.6 2.6 -1
v 1.5 0.2 1.7
v 1.5 0.3 1.7
v 1.5 0.4 1.7
v 1.5 0.5 1.7
v 0.9 0.3 1.7
v 0.9 0.2 1.7
v 0.9 0.5 1.7
v 0.9 0.4 1.7
v 0.8 0.3 -1.4
v 0.6 0.8 -1.7
v 0.5 1.6 -0.1
v 0.2 1.7 -0.9
v -0.3 1.6 -0.9
v -0.5 1.6 -0.1
v -0.7 0.7 -1.7
v -0.8 0.3 -1.4
v -0.9 0.2 1.7
v -0.9 0.3 1.7
v -0.9 0.4 1.7
v -0.9 0.5 1.7
v -1.5 0.3 1.7
v -1.5 0.2 1.7
v -1.5 0.5 1.7
v -1.5 0.4 1.7
v 1.5 0.3 -1.6
v 1.5 0.4 -1.6
v 1.5 0.5 -1.6
v 1.2 1 1.6
v 1.1 0.8 1.6
v 1.2 0.9 1.6
v 1.1 0.9 1.6
v 1 0.9 1.6
v 0.9 0.2 -1.6
v 0.9 0.3 -1.6
v 0.9 0.4 -1.6
v 0.9 0.5 -1.6
v 0.8 1.2 0.3
v 0.6 0.6 1.8
v 0.6 0.8 1.8
v 0.6 1.6 0.4
v 0.5 0.6 1.8
v 0.6 0.7 1.8
v 0.5 0.7 1.8
v 0.4 0.7 1.8
v 0.3 1.5 0.4
v 0.2 1.1 0.2
v 0.2 1.2 2
v 0.1 1.5 2
v -0.2 1.2 2
v -0.2 1.4 2
v -0.2 1.4 0.3
v -0.5 0.6 1.8
v -0.5 0.8 1.8
v -0.6 0.6 1.8
v -0.5 0.7 1.8
v -0.6 0.7 1.8
v -0.6 1.7 -0.6
v -0.7 0.7 1.8
v -0.8 1.2 0.3
v -0.9 0.2 -1.6
v -0.9 0.3 -1.6
v -0.9 0.4 -1.6
v -0.9 0.5 -1.6
v -1 0.9 -1
v -1.1 0.8 1.6
v -1.1 1 1.6
v -1.1 0.9 1.6
v -1.2 0.9 1.6
v -1.2 0.9 -1
v -1.3 0.9 1.6
v -1.5 0.3 -1.6
v -1.5 0.4 -1.6
v -1.5 0.5 -1.6

vt 0.00195313 0.5
vt 0.00585938 0.5
vt 0.0292969 0.5
vt 0.0332031 0.5
vt 0.0683594 0.5
vt 0.0839844 0.5
vt 0.158203 0.5
vt 0.162109 0.5

vn 0 1 0
vn 0 -1 0
vn -1 0 0
vn 1 0 0
vn 0 0 -1
vn 0 0 1

usemtl palette
f 1/7/1 2/7/1 4/7/1
f 4/7/1 2/7/1 3/7/1
f 5/8/1 6/8/1 8/8/1
f 8/8/1 6/8/1 7/8/1
f 9/8/1 10/8/1 12/8/1
f 12/8/1 10/8/1 11/8/1
f 13/8/1 14/8/1 16/8/1
f 16/8/1 14/8/1 15/8/1
f 17/8/1 18/8/1 20/8/1
f 20/8/1 18/8/1 19/8/1
f 21/8/1 22/8/1 24/8/1
f 24/8/1 22/8/1 23/8/1
f 25/7/1 26/7/1 28/7/1
f 28/7/1 26/7/1 27/7/1
f 29/8/1 30/8/1 32/8/1
f 32/8/1 30/8/1 31/8/1
f 33/8/1 34/8/1 36/8/1
f 36/8/1 34/8/1 35/8/1
f 37/8/1 38/8/1 40/8/1
f 40/8/1 38/8/1 39/8/1
f 41/8/1 42/8/1 44/8/1
f 44/8/1 42/8/1 43/8/1
f 45/8/1 46/8/1 48/8/1
f 48/8/1 46/8/1 47/8/1
f 49/5/1 50/5/1 52/5/1
f 52/5/1 50/5/1 51/5/1
f 53/5/1 54/5/1 56/5/1
f 56/5/1 54/5/1 55/5/1
f 57/5/1 58/5/1 60/5/1
f 60/5/1 58/5/1 59/5/1
f 61/5/1 62/5/1 64/5/1
f 64/5/1 62/5/1 63/5/1
f 65/5/1 66/5/1 68/5/1
f 68/5/1 66/5/1 67/5/1
f 69/5/1 70/5/1 72/5/1
f 72/5/1 70/5/1 71/5/1
f 73/5/1 74/5/1 76/5/1
f 76/5/1 74/5/1 75/5/1
f 77/5/1 78/5/1 80/5/1
f 80/5/1 78/5/1 79/5/1
f 81/5/1 82/5/1 84/5/1
f 84/5/1 82/5/1 83/5/1
f 85/5/1 86/5/1 88/5/1
f 88/5/1 86/5/1 87/5/1
f 89/6/1 90/6/1 92/6/1
f 92/6/1 90/6/1 91/6/1
f 93/6/1 94/6/1 96/6/1
f 96/6/1 94/6/1 95/6/1
f 97/8/1 98/8/1 100/8/1
f 100/8/1 98/8/1 99/8/1
f 98/8/1 101/8/1 10/8/1
f 10/8/1 101/8/1 17/8/1
f 102/6/1 103/6/1 105/6/1
f 105/6/1 103/6/1 104/6/1
f 106/8/1 107/8/1 109/8/1
f 109/8/1 107/8/1 108/8/1
f 110/6/1 111/6/1 113/6/1
f 113/6/1 111/6/1 112/6/1
f 114/8/1 115/8/1 34/8/1
f 34/8/1 115/8/1 41/8/1
f 115/8/1 116/8/1 118/8/1
f 118/8/1 116/8/1 117/8/1
f 119/6/1 120/6/1 122/6/1
f 122/6/1 120/6/1 121/6/1
f 123/6/1 124/6/1 126/6/1
f 126/6/1 124/6/1 125/6/1
f 127/5/1 128/5/1 129/5/1
f 129/5/1 128/5/1 90/5/1
f 130/5/1 131/5/1 133/5/1
f 133/5/1 131/5/1 132/5/1
f 134/5/1 135/5/1 103/5/1
f 103/5/1 135/5/1 136/5/1
f 137/5/1 138/5/1 140/5/1
f 140/5/1 138/5/1 139/5/1
f 141/5/1 142/5/1 143/5/1
f 143/5/1 142/5/1 110/5/1
f 144/5/1 145/5/1 147/5/1
f 147/5/1 145/5/1 146/5/1
f 148/5/1 149/5/1 119/5/1
f 119/5/1 149/5/1 150/5/1
f 151/5/1 152/5/1 154/5/1
f 154/5/1 152/5/1 153/5/1
f 155/6/1 156/6/1 157/6/1
f 157/6/1 156/6/1 128/6/1
f 158/6/1 159/6/1 160/6/1
f 160/6/1 159/6/1 131/6/1
f 161/8/1 162/8/1 164/8/1
f 164/8/1 162/8/1 163/8/1
f 165/7/1 166/7/1 168/7/1
f 168/7/1 166/7/1 167/7/1
f 169/8/1 170/8/1 172/8/1
f 172/8/1 170/8/1 171/8/1
f 173/7/1 174/7/1 176/7/1
f 176/7/1 174/7/1 175/7/1
f 177/8/1 178/8/1 180/8/1
f 180/8/1 178/8/1 179/8/1
f 181/6/1 182/6/1 148/6/1
f 148/6/1 182/6/1 183/6/1
f 184/6/1 185/6/1 151/6/1
f 151/6/1 185/6/1 186/6/1
f 187/5/1 188/5/1 189/5/1
f 189/5/1 188/5/1 156/5/1
f 190/5/1 191/5/1 192/5/1
f 192/5/1 191/5/1 159/5/1
f 193/8/1 194/8/1 196/8/1
f 196/8/1 194/8/1 195/8/1
f 194/8/1 197/8/1 198/8/1
f 198/8/1 197/8/1 9/8/1
f 199/8/1 200/8/1 202/8/1
f 202/8/1 200/8/1 201/8/1
f 200/8/1 203/8/1 18/8/1
f 18/8/1 203/8/1 204/8/1
f 205/5/1 206/5/1 208/5/1
f 208/5/1 206/5/1 207/5/1
f 203/8/1 209/8/1 211/8/1
f 211/8/1 209/8/1 210/8/1
f 212/5/1 213/5/1 215/5/1
f 215/5/1 213/5/1 214/5/1
f 216/8/1 217/8/1 219/8/1
f 219/8/1 217/8/1 218/8/1
f 217/8/1 220/8/1 221/8/1
f 221/8/1 220/8/1 33/8/1
f 220/8/1 222/8/1 224/8/1
f 224/8/1 222/8/1 223/8/1
f 225/8/1 226/8/1 42/8/1
f 42/8/1 226/8/1 227/8/1
f 226/8/1 228/8/1 230/8/1
f 230/8/1 228/8/1 229/8/1
f 231/5/1 232/5/1 181/5/1
f 181/5/1 232/5/1 233/5/1
f 234/5/1 235/5/1 184/5/1
f 184/5/1 235/5/1 236/5/1
f 237/6/1 238/6/1 239/6/1
f 239/6/1 238/6/1 188/6/1
f 240/6/1 241/6/1 243/6/1
f 243/6/1 241/6/1 242/6/1
f 244/6/1 245/6/1 247/6/1
f 247/6/1 245/6/1 246/6/1
f 248/7/1 249/7/1 251/7/1
f 251/7/1 249/7/1 250/7/1
f 252/8/1 253/8/1 255/8/1
f 255/8/1 253/8/1 254/8/1
f 256/7/1 257/7/1 259/7/1
f 259/7/1 257/7/1 258/7/1
f 260/7/1 261/7/1 263/7/1
f 263/7/1 261/7/1 262/7/1
f 264/8/1 265/8/1 267/8/1
f 267/8/1 265/8/1 266/8/1
f 268/7/1 269/7/1 271/7/1
f 271/7/1 269/7/1 270/7/1
f 272/6/1 273/6/1 275/6/1
f 275/6/1 273/6/1 274/6/1
f 276/6/1 277/6/1 231/6/1
f 231/6/1 277/6/1 278/6/1
f 279/6/1 280/6/1 282/6/1
f 282/6/1 280/6/1 281/6/1
f 283/5/1 284/5/1 285/5/1
f 285/5/1 284/5/1 238/5/1
f 286/5/1 287/5/1 289/5/1
f 289/5/1 287/5/1 288/5/1
f 290/5/1 291/5/1 293/5/1
f 293/5/1 291/5/1 292/5/1
f 294/7/1 295/7/1 297/7/1
f 297/7/1 295/7/1 296/7/1
f 298/7/1 299/7/1 301/7/1
f 301/7/1 299/7/1 300/7/1
f 302/7/1 303/7/1 305/7/1
f 305/7/1 303/7/1 304/7/1
f 306/5/1 307/5/1 309/5/1
f 309/5/1 307/5/1 308/5/1
f 310/5/1 311/5/1 276/5/1
f 276/5/1 311/5/1 312/5/1
f 313/5/1 314/5/1 316/5/1
f 316/5/1 314/5/1 315/5/1
f 317/6/1 318/6/1 319/6/1
f 319/6/1 318/6/1 284/6/1
f 320/6/1 321/6/1 323/6/1
f 323/6/1 321/6/1 322/6/1
f 324/8/1 325/8/1 327/8/1
f 327/8/1 325/8/1 326/8/1
f 328/8/1 329/8/1 331/8/1
f 331/8/1 329/8/1 330/8/1
f 332/7/1 333/7/1 334/7/1
f 334/7/1 333/7/1 298/7/1
f 335/7/1 336/7/1 338/7/1
f 338/7/1 336/7/1 337/7/1
f 339/7/1 340/7/1 299/7/1
f 299/7/1 340/7/1 341/7/1
f 342/8/1 343/8/1 345/8/1
f 345/8/1 343/8/1 344/8/1
f 346/8/1 347/8/1 349/8/1
f 349/8/1 347/8/1 348/8/1
f 350/6/1 351/6/1 310/6/1
f 310/6/1 351/6/1 352/6/1
f 353/6/1 354/6/1 356/6/1
f 356/6/1 354/6/1 355/6/1
f 357/5/1 358/5/1 359/5/1
f 359/5/1 358/5/1 318/5/1
f 360/5/1 361/5/1 362/5/1
f 362/5/1 361/5/1 321/5/1
f 363/5/1 364/5/1 366/5/1
f 366/5/1 364/5/1 365/5/1
f 367/5/1 368/5/1 370/5/1
f 370/5/1 368/5/1 369/5/1
f 371/5/1 372/5/1 350/5/1
f 350/5/1 372/5/1 373/5/1
f 374/5/1 375/5/1 353/5/1
f 353/5/1 375/5/1 376/5/1
f 377/6/1 378/6/1 379/6/1
f 379/6/1 378/6/1 358/6/1
f 380/6/1 381/6/1 382/6/1
f 382/6/1 381/6/1 361/6/1
f 383/8/1 384/8/1 386/8/1
f 386/8/1 384/8/1 385/8/1
f 387/6/1 388/6/1 390/6/1
f 390/6/1 388/6/1 389/6/1
f 391/8/1 392/8/1 394/8/1
f 394/8/1 392/8/1 393/8/1
f 395/8/1 396/8/1 398/8/1
f 398/8/1 396/8/1 397/8/1
f 399/6/1 400/6/1 402/6/1
f 402/6/1 400/6/1 401/6/1
f 403/8/1 404/8/1 406/8/1
f 406/8/1 404/8/1 405/8/1
f 407/6/1 408/6/1 371/6/1
f 371/6/1 408/6/1 409/6/1
f 410/6/1 411/6/1 374/6/1
f 374/6/1 411/6/1 412/6/1
f 413/5/1 414/5/1 415/5/1
f 415/5/1 414/5/1 378/5/1
f 416/5/1 417/5/1 419/5/1
f 419/5/1 417/5/1 418/5/1
f 420/5/1 421/5/1 423/5/1
f 423/5/1 421/5/1 422/5/1
f 424/8/1 425/8/1 427/8/1
f 427/8/1 425/8/1 426/8/1
f 428/4/1 429/4/1 332/4/1
f 332/4/1 429/4/1 333/4/1
f 430/4/1 431/4/1 335/4/1
f 335/4/1 431/4/1 336/4/1
f 432/4/1 433/4/1 339/4/1
f 339/4/1 433/4/1 340/4/1
f 434/8/1 435/8/1 437/8/1
f 437/8/1 435/8/1 436/8/1
f 438/5/1 439/5/1 441/5/1
f 441/5/1 439/5/1 440/5/1
f 442/5/1 443/5/1 407/5/1
f 407/5/1 443/5/1 444/5/1
f 445/5/1 446/5/1 448/5/1
f 448/5/1 446/5/1 447/5/1
f 449/6/1 450/6/1 451/6/1
f 451/6/1 450/6/1 414/6/1
f 452/6/1 453/6/1 455/6/1
f 455/6/1 453/6/1 454/6/1
f 456/8/1 457/8/1 459/8/1
f 459/8/1 457/8/1 458/8/1
f 460/8/1 461/8/1 463/8/1
f 463/8/1 461/8/1 462/8/1
f 464/6/1 465/6/1 442/6/1
f 442/6/1 465/6/1 466/6/1
f 467/6/1 468/6/1 470/6/1
f 470/6/1 468/6/1 469/6/1
f 471/5/1 472/5/1 473/5/1
f 473/5/1 472/5/1 450/5/1
f 474/5/1 475/5/1 476/5/1
f 476/5/1 475/5/1 453/5/1
f 477/5/1 478/5/1 480/5/1
f 480/5/1 478/5/1 479/5/1
f 481/5/1 482/5/1 484/5/1
f 484/5/1 482/5/1 483/5/1
f 485/5/1 486/5/1 464/5/1
f 464/5/1 486/5/1 487/5/1
f 488/5/1 489/5/1 467/5/1
f 467/5/1 489/5/1 490/5/1
f 491/6/1 492/6/1 493/6/1
f 493/6/1 492/6/1 472/6/1
f 494/6/1 495/6/1 496/6/1
f 496/6/1 495/6/1 475/6/1
f 497/8/1 498/8/1 500/8/1
f 500/8/1 498/8/1 499/8/1
f 501/6/1 502/6/1 504/6/1
f 504/6/1 502/6/1 503/6/1
f 505/8/1 506/8/1 508/8/1
f 508/8/1 506/8/1 507/8/1
f 509/8/1 510/8/1 512/8/1
f 512/8/1 510/8/1 511/8/1
f 513/6/1 514/6/1 516/6/1
f 516/6/1 514/6/1 515/6/1
f 517/8/1 518/8/1 520/8/1
f 520/8/1 518/8/1 519/8/1
f 521/6/1 522/6/1 485/6/1
f 485/6/1 522/6/1 523/6/1
f 524/6/1 525/6/1 488/6/1
f 488/6/1 525/6/1 526/6/1
f 527/5/1 528/5/1 529/5/1
f 529/5/1 528/5/1 492/5/1
f 530/5/1 531/5/1 533/5/1
f 533/5/1 531/5/1 532/5/1
f 534/5/1 535/5/1 537/5/1
f 537/5/1 535/5/1 536/5/1
f 538/8/1 539/8/1 540/8/1
f 540/8/1 539/8/1 173/8/1
f 541/5/1 542/5/1 544/5/1
f 544/5/1 542/5/1 543/5/1
f 545/5/1 546/5/1 521/5/1
f 521/5/1 546/5/1 547/5/1
f 548/5/1 549/5/1 551/5/1
f 551/5/1 549/5/1 550/5/1
f 552/6/1 553/6/1 554/6/1
f 554/6/1 553/6/1 528/6/1
f 555/6/1 556/6/1 558/6/1
f 558/6/1 556/6/1 557/6/1
f 559/8/1 560/8/1 562/8/1
f 562/8/1 560/8/1 561/8/1
f 563/8/1 564/8/1 566/8/1
f 566/8/1 564/8/1 565/8/1
f 567/7/1 568/7/1 570/7/1
f 570/7/1 568/7/1 569/7/1
f 571/8/1 572/8/1 166/8/1
f 166/8/1 572/8/1 540/8/1
f 573/7/1 574/7/1 576/7/1
f 576/7/1 574/7/1 575/7/1
f 577/8/1 578/8/1 579/8/1
f 579/8/1 578/8/1 539/8/1
f 580/8/1 581/8/1 583/8/1
f 583/8/1 581/8/1 582/8/1
f 584/8/1 585/8/1 587/8/1
f 587/8/1 585/8/1 586/8/1
f 588/6/1 589/6/1 545/6/1
f 545/6/1 589/6/1 590/6/1
f 591/6/1 592/6/1 594/6/1
f 594/6/1 592/6/1 593/6/1
f 595/5/1 596/5/1 597/5/1
f 597/5/1 596/5/1 553/5/1
f 598/5/1 599/5/1 600/5/1
f 600/5/1 599/5/1 556/5/1
f 601/5/1 602/5/1 604/5/1
f 604/5/1 602/5/1 603/5/1
f 605/8/1 606/8/1 608/8/1
f 608/8/1 606/8/1 607/8/1
f 609/7/1 610/7/1 612/7/1
f 612/7/1 610/7/1 611/7/1
f 613/8/1 614/8/1 616/8/1
f 616/8/1 614/8/1 615/8/1
f 614/7/1 617/7/1 428/7/1
f 428/7/1 617/7/1 429/7/1
f 618/7/1 619/7/1 430/7/1
f 430/7/1 619/7/1 431/7/1
f 620/7/1 621/7/1 432/7/1
f 432/7/1 621/7/1 433/7/1
f 621/8/1 622/8/1 624/8/1
f 624/8/1 622/8/1 623/8/1
f 625/5/1 626/5/1 628/5/1
f 628/5/1 626/5/1 627/5/1
f 622/8/1 629/8/1 631/8/1
f 631/8/1 629/8/1 630/8/1
f 632/5/1 633/5/1 588/5/1
f 588/5/1 633/5/1 634/5/1
f 635/5/1 636/5/1 591/5/1
f 591/5/1 636/5/1 637/5/1
f 638/6/1 639/6/1 640/6/1
f 640/6/1 639/6/1 596/6/1
f 641/6/1 642/6/1 643/6/1
f 643/6/1 642/6/1 599/6/1
f 644/8/1 645/8/1 647/8/1
f 647/8/1 645/8/1 646/8/1
f 648/6/1 649/6/1 651/6/1
f 651/6/1 649/6/1 650/6/1
f 652/7/1 653/7/1 655/7/1
f 655/7/1 653/7/1 654/7/1
f 656/8/1 657/8/1 659/8/1
f 659/8/1 657/8/1 658/8/1
f 660/8/1 661/8/1 663/8/1
f 663/8/1 661/8/1 662/8/1
f 664/8/1 665/8/1 667/8/1
f 667/8/1 665/8/1 666/8/1
f 668/6/1 669/6/1 671/6/1
f 671/6/1 669/6/1 670/6/1
f 672/8/1 673/8/1 675/8/1
f 675/8/1 673/8/1 674/8/1
f 676/6/1 677/6/1 632/6/1
f 632/6/1 677/6/1 678/6/1
f 679/6/1 680/6/1 635/6/1
f 635/6/1 680/6/1 681/6/1
f 682/5/1 683/5/1 684/5/1
f 684/5/1 683/5/1 639/5/1
f 685/5/1 686/5/1 688/5/1
f 688/5/1 686/5/1 687/5/1
f 689/5/1 690/5/1 692/5/1
f 692/5/1 690/5/1 691/5/1
f 693/8/1 694/8/1 695/8/1
f 695/8/1 694/8/1 667/8/1
f 696/5/1 697/5/1 699/5/1
f 699/5/1 697/5/1 698/5/1
f 700/8/1 701/8/1 702/8/1
f 702/8/1 701/8/1 665/8/1
f 703/5/1 704/5/1 676/5/1
f 676/5/1 704/5/1 705/5/1
f 706/5/1 707/5/1 709/5/1
f 709/5/1 707/5/1 708/5/1
f 710/6/1 711/6/1 712/6/1
f 712/6/1 711/6/1 683/6/1
f 713/6/1 714/6/1 716/6/1
f 716/6/1 714/6/1 715/6/1
f 717/8/1 718/8/1 720/8/1
f 720/8/1 718/8/1 719/8/1
f 721/8/1 722/8/1 724/8/1
f 724/8/1 722/8/1 723/8/1
f 725/8/1 726/8/1 728/8/1
f 728/8/1 726/8/1 727/8/1
f 729/8/1 730/8/1 732/8/1
f 732/8/1 730/8/1 731/8/1
f 733/6/1 734/6/1 703/6/1
f 703/6/1 734/6/1 735/6/1
f 736/6/1 737/6/1 739/6/1
f 739/6/1 737/6/1 738/6/1
f 740/5/1 741/5/1 742/5/1
f 742/5/1 741/5/1 711/5/1
f 743/5/1 744/5/1 745/5/1
f 745/5/1 744/5/1 714/5/1
f 746/8/1 747/8/1 749/8/1
f 749/8/1 747/8/1 748/8/1
f 750/4/1 751/4/1 652/4/1
f 652/4/1 751/4/1 653/4/1
f 752/5/1 753/5/1 755/5/1
f 755/5/1 753/5/1 754/5/1
f 747/8/1 756/8/1 758/8/1
f 758/8/1 756/8/1 757/8/1
f 756/8/1 759/8/1 761/8/1
f 761/8/1 759/8/1 760/8/1
f 762/8/1 763/8/1 765/8/1
f 765/8/1 763/8/1 764/8/1
f 766/8/1 767/8/1 769/8/1
f 769/8/1 767/8/1 768/8/1
f 770/5/1 771/5/1 773/5/1
f 773/5/1 771/5/1 772/5/1
f 767/8/1 774/8/1 776/8/1
f 776/8/1 774/8/1 775/8/1
f 774/8/1 777/8/1 779/8/1
f 779/8/1 777/8/1 778/8/1
f 780/5/1 781/5/1 733/5/1
f 733/5/1 781/5/1 782/5/1
f 783/5/1 784/5/1 736/5/1
f 736/5/1 784/5/1 785/5/1
f 786/6/1 787/6/1 788/6/1
f 788/6/1 787/6/1 741/6/1
f 789/6/1 790/6/1 791/6/1
f 791/6/1 790/6/1 744/6/1
f 792/8/1 793/8/1 795/8/1
f 795/8/1 793/8/1 794/8/1
f 796/6/1 797/6/1 799/6/1
f 799/6/1 797/6/1 798/6/1
f 800/8/1 801/8/1 803/8/1
f 803/8/1 801/8/1 802/8/1
f 804/8/1 805/8/1 807/8/1
f 807/8/1 805/8/1 806/8/1
f 808/7/1 809/7/1 811/7/1
f 811/7/1 809/7/1 810/7/1
f 812/8/1 813/8/1 814/8/1
f 814/8/1 813/8/1 694/8/1
f 815/8/1 816/8/1 817/8/1
f 817/8/1 816/8/1 702/8/1
f 818/7/1 819/7/1 821/7/1
f 821/7/1 819/7/1 820/7/1
f 822/8/1 823/8/1 825/8/1
f 825/8/1 823/8/1 824/8/1
f 826/8/1 827/8/1 829/8/1
f 829/8/1 827/8/1 828/8/1
f 830/6/1 831/6/1 833/6/1
f 833/6/1 831/6/1 832/6/1
f 834/8/1 835/8/1 837/8/1
f 837/8/1 835/8/1 836/8/1
f 838/6/1 839/6/1 780/6/1
f 780/6/1 839/6/1 840/6/1
f 841/6/1 842/6/1 783/6/1
f 783/6/1 842/6/1 843/6/1
f 844/5/1 845/5/1 846/5/1
f 846/5/1 845/5/1 787/5/1
f 847/5/1 848/5/1 850/5/1
f 850/5/1 848/5/1 849/5/1
f 851/5/1 852/5/1 854/5/1
f 854/5/1 852/5/1 853/5/1
f 855/8/1 856/8/1 858/8/1
f 858/8/1 856/8/1 857/8/1
f 859/4/1 860/4/1 862/4/1
f 862/4/1 860/4/1 861/4/1
f 863/7/1 864/7/1 866/7/1
f 866/7/1 864/7/1 865/7/1
f 867/8/1 868/8/1 870/8/1
f 870/8/1 868/8/1 869/8/1
f 871/8/1 872/8/1 874/8/1
f 874/8/1 872/8/1 873/8/1
f 875/8/1 876/8/1 878/8/1
f 878/8/1 876/8/1 877/8/1
f 879/7/1 880/7/1 882/7/1
f 882/7/1 880/7/1 881/7/1
f 883/4/1 884/4/1 886/4/1
f 886/4/1 884/4/1 885/4/1
f 887/5/1 888/5/1 890/5/1
f 890/5/1 888/5/1 889/5/1
f 891/8/1 892/8/1 894/8/1
f 894/8/1 892/8/1 893/8/1
f 895/5/1 896/5/1 838/5/1
f 838/5/1 896/5/1 897/5/1
f 898/5/1 899/5/1 901/5/1
f 901/5/1 899/5/1 900/5/1
f 902/6/1 903/6/1 904/6/1
f 904/6/1 903/6/1 845/6/1
f 905/6/1 906/6/1 908/6/1
f 908/6/1 906/6/1 907/6/1
f 909/8/1 910/8/1 912/8/1
f 912/8/1 910/8/1 911/8/1
f 913/8/1 914/8/1 916/8/1
f 916/8/1 914/8/1 915/8/1
f 917/8/1 918/8/1 876/8/1
f 876/8/1 918/8/1 883/8/1
f 919/8/1 920/8/1 922/8/1
f 922/8/1 920/8/1 921/8/1
f 923/8/1 924/8/1 926/8/1
f 926/8/1 924/8/1 925/8/1
f 927/8/1 928/8/1 930/8/1
f 930/8/1 928/8/1 929/8/1
f 931/6/1 932/6/1 895/6/1
f 895/6/1 932/6/1 933/6/1
f 934/6/1 935/6/1 937/6/1
f 937/6/1 935/6/1 936/6/1
f 938/5/1 939/5/1 940/5/1
f 940/5/1 939/5/1 903/5/1
f 941/5/1 942/5/1 943/5/1
f 943/5/1 942/5/1 906/5/1
f 944/5/1 945/5/1 947/5/1
f 947/5/1 945/5/1 946/5/1
f 948/8/1 949/8/1 951/8/1
f 951/8/1 949/8/1 950/8/1
f 952/7/1 953/7/1 955/7/1
f 955/7/1 953/7/1 954/7/1
f 956/7/1 957/7/1 959/7/1
f 959/7/1 957/7/1 958/7/1
f 960/5/1 961/5/1 963/5/1
f 963/5/1 961/5/1 962/5/1
f 964/8/1 965/8/1 967/8/1
f 967/8/1 965/8/1 966/8/1
f 968/5/1 969/5/1 931/5/1
f 931/5/1 969/5/1 970/5/1
f 971/5/1 972/5/1 934/5/1
f 934/5/1 972/5/1 973/5/1
f 974/6/1 975/6/1 976/6/1
f 976/6/1 975/6/1 939/6/1
f 977/6/1 978/6/1 979/6/1
f 979/6/1 978/6/1 942/6/1
f 980/8/1 981/8/1 983/8/1
f 983/8/1 981/8/1 982/8/1
f 984/6/1 985/6/1 987/6/1
f 987/6/1 985/6/1 986/6/1
f 988/8/1 989/8/1 991/8/1
f 991/8/1 989/8/1 990/8/1
f 992/8/1 993/8/1 995/8/1
f 995/8/1 993/8/1 994/8/1
f 996/8/1 997/8/1 999/8/1
f 999/8/1 997/8/1 998/8/1
f 1000/4/1 1001/4/1 1003/4/1
f 1003/4/1 1001/4/1 1002/4/1
f 1004/4/1 1005/4/1 1007/4/1
f 1007/4/1 1005/4/1 1006/4/1
f 1008/8/1 1009/8/1 1011/8/1
f 1011/8/1 1009/8/1 1010/8/1
f 1012/8/1 1013/8/1 1015/8/1
f 1015/8/1 1013/8/1 1014/8/1
f 1016/8/1 1017/8/1 1019/8/1
f 1019/8/1 1017/8/1 1018/8/1
f 1020/8/1 1021/8/1 1023/8/1
f 1023/8/1 1021/8/1 1022/8/1
f 1024/6/1 1025/6/1 1027/6/1
f 1027/6/1 1025/6/1 1026/6/1
f 1028/8/1 1029/8/1 1031/8/1
f 1031/8/1 1029/8/1 1030/8/1
f 1032/6/1 1033/6/1 968/6/1
f 968/6/1 1033/6/1 1034/6/1
f 1035/6/1 1036/6/1 971/6/1
f 971/6/1 1036/6/1 1037/6/1
f 1038/5/1 1039/5/1 1040/5/1
f 1040/5/1 1039/5/1 975/5/1
f 1041/5/1 1042/5/1 1044/5/1
f 1044/5/1 1042/5/1 1043/5/1
f 1045/8/1 1046/8/1 1048/8/1
f 1048/8/1 1046/8/1 1047/8/1
f 1049/8/1 1050/8/1 1051/8/1
f 1051/8/1 1050/8/1 916/8/1
f 1050/8/1 1052/8/1 1054/8/1
f 1054/8/1 1052/8/1 1053/8/1
f 1055/5/1 1056/5/1 1058/5/1
f 1058/5/1 1056/5/1 1057/5/1
f 1052/8/1 1059/8/1 1060/8/1
f 1060/8/1 1059/8/1 914/8/1
f 1061/8/1 1062/8/1 860/8/1
f 860/8/1 1062/8/1 1063/8/1
f 1064/8/1 1065/8/1 1067/8/1
f 1067/8/1 1065/8/1 1066/8/1
f 1068/8/1 1069/8/1 1071/8/1
f 1071/8/1 1069/8/1 1070/8/1
f 1072/8/1 1073/8/1 1075/8/1
f 1075/8/1 1073/8/1 1074/8/1
f 1073/7/1 1076/7/1 1078/7/1
f 1078/7/1 1076/7/1 1077/7/1
f 1079/4/1 1080/4/1 1082/4/1
f 1082/4/1 1080/4/1 1081/4/1
f 1083/7/1 1084/7/1 1086/7/1
f 1086/7/1 1084/7/1 1085/7/1
f 1087/4/1 1088/4/1 1090/4/1
f 1090/4/1 1088/4/1 1089/4/1
f 1091/5/1 1092/5/1 1094/5/1
f 1094/5/1 1092/5/1 1093/5/1
f 1095/8/1 1096/8/1 1009/8/1
f 1009/8/1 1096/8/1 1097/8/1
f 1098/8/1 1099/8/1 1100/8/1
f 1100/8/1 1099/8/1 930/8/1
f 1099/8/1 1101/8/1 1103/8/1
f 1103/8/1 1101/8/1 1102/8/1
f 1101/8/1 1104/8/1 1105/8/1
f 1105/8/1 1104/8/1 928/8/1
f 1106/8/1 1107/8/1 1109/8/1
f 1109/8/1 1107/8/1 1108/8/1
f 1110/5/1 1111/5/1 1032/5/1
f 1032/5/1 1111/5/1 1112/5/1
f 1113/5/1 1114/5/1 1116/5/1
f 1116/5/1 1114/5/1 1115/5/1
f 1117/6/1 1118/6/1 1119/6/1
f 1119/6/1 1118/6/1 1039/6/1
f 1120/6/1 1121/6/1 1123/6/1
f 1123/6/1 1121/6/1 1122/6/1
f 1124/8/1 1125/8/1 1127/8/1
f 1127/8/1 1125/8/1 1126/8/1
f 1128/8/1 1129/8/1 1131/8/1
f 1131/8/1 1129/8/1 1130/8/1
f 1129/8/1 1132/8/1 1134/8/1
f 1134/8/1 1132/8/1 1133/8/1
f 1132/8/1 1135/8/1 1137/8/1
f 1137/8/1 1135/8/1 1136/8/1
f 1135/8/1 1138/8/1 1140/8/1
f 1140/8/1 1138/8/1 1139/8/1
f 1141/8/1 1142/8/1 1144/8/1
f 1144/8/1 1142/8/1 1143/8/1
f 1145/8/1 1146/8/1 1148/8/1
f 1148/8/1 1146/8/1 1147/8/1
f 1149/8/1 1150/8/1 1152/8/1
f 1152/8/1 1150/8/1 1151/8/1
f 1153/8/1 1154/8/1 1156/8/1
f 1156/8/1 1154/8/1 1155/8/1
f 1157/8/1 1158/8/1 1160/8/1
f 1160/8/1 1158/8/1 1159/8/1
f 1161/8/1 1162/8/1 1164/8/1
f 1164/8/1 1162/8/1 1163/8/1
f 1165/4/1 1166/4/1 1088/4/1
f 1088/4/1 1166/4/1 1167/4/1
f 1168/7/1 1169/7/1 1170/7/1
f 1170/7/1 1169/7/1 1107/7/1
f 1171/6/1 1172/6/1 1110/6/1
f 1110/6/1 1172/6/1 1173/6/1
f 1174/6/1 1175/6/1 1177/6/1
f 1177/6/1 1175/6/1 1176/6/1
f 1178/5/1 1179/5/1 1180/5/1
f 1180/5/1 1179/5/1 1118/5/1
f 1181/5/1 1182/5/1 1183/5/1
f 1183/5/1 1182/5/1 1121/5/1
f 1184/5/1 1185/5/1 1187/5/1
f 1187/5/1 1185/5/1 1186/5/1
f 1188/7/1 1189/7/1 1191/7/1
f 1191/7/1 1189/7/1 1190/7/1
f 1192/7/1 1193/7/1 1045/7/1
f 1045/7/1 1193/7/1 1194/7/1
f 1195/8/1 1196/8/1 1197/8/1
f 1197/8/1 1196/8/1 1145/8/1
f 1198/8/1 1199/8/1 1146/8/1
f 1146/8/1 1199/8/1 1200/8/1
f 1201/5/1 1202/5/1 1204/5/1
f 1204/5/1 1202/5/1 1203/5/1
f 1205/7/1 1206/7/1 1208/7/1
f 1208/7/1 1206/7/1 1207/7/1
f 1209/6/1 1210/6/1 1212/6/1
f 1212/6/1 1210/6/1 1211/6/1
f 1213/6/1 1214/6/1 1216/6/1
f 1216/6/1 1214/6/1 1215/6/1
f 1217/7/1 1218/7/1 1219/7/1
f 1219/7/1 1218/7/1 1169/7/1
f 1220/5/1 1221/5/1 1171/5/1
f 1171/5/1 1221/5/1 1222/5/1
f 1223/5/1 1224/5/1 1174/5/1
f 1174/5/1 1224/5/1 1225/5/1
f 1226/6/1 1227/6/1 1228/6/1
f 1228/6/1 1227/6/1 1179/6/1
f 1229/6/1 1230/6/1 1231/6/1
f 1231/6/1 1230/6/1 1182/6/1
f 1232/7/1 1233/7/1 1235/7/1
f 1235/7/1 1233/7/1 1234/7/1
f 1236/6/1 1237/6/1 1239/6/1
f 1239/6/1 1237/6/1 1238/6/1
f 1240/7/1 1241/7/1 1243/7/1
f 1243/7/1 1241/7/1 1242/7/1
f 1244/7/1 1245/7/1 1247/7/1
f 1247/7/1 1245/7/1 1246/7/1
f 1248/7/1 1249/7/1 1251/7/1
f 1251/7/1 1249/7/1 1250/7/1
f 1252/7/1 1253/7/1 1255/7/1
f 1255/7/1 1253/7/1 1254/7/1
f 1256/2/1 1257/2/1 1209/2/1
f 1209/2/1 1257/2/1 1210/2/1
f 1257/2/1 1258/2/1 1211/2/1
f 1211/2/1 1258/2/1 1216/2/1
f 1258/2/1 1259/2/1 1213/2/1
f 1213/2/1 1259/2/1 1214/2/1
f 1260/6/1 1261/6/1 1263/6/1
f 1263/6/1 1261/6/1 1262/6/1
f 1264/7/1 1265/7/1 1267/7/1
f 1267/7/1 1265/7/1 1266/7/1
f 1268/6/1 1269/6/1 1220/6/1
f 1220/6/1 1269/6/1 1270/6/1
f 1271/6/1 1272/6/1 1223/6/1
f 1223/6/1 1272/6/1 1273/6/1
f 1274/5/1 1275/5/1 1276/5/1
f 1276/5/1 1275/5/1 1227/5/1
f 1277/5/1 1278/5/1 1279/5/1
f 1279/5/1 1278/5/1 1230/5/1
f 1280/5/1 1281/5/1 1283/5/1
f 1283/5/1 1281/5/1 1282/5/1
f 1284/7/1 1285/7/1 1287/7/1
f 1287/7/1 1285/7/1 1286/7/1
f 1288/7/1 1289/7/1 1291/7/1
f 1291/7/1 1289/7/1 1290/7/1
f 1292/7/1 1293/7/1 1295/7/1
f 1295/7/1 1293/7/1 1294/7/1
f 1293/7/1 1296/7/1 1129/7/1
f 1129/7/1 1296/7/1 1132/7/1
f 1297/7/1 1298/7/1 1300/7/1
f 1300/7/1 1298/7/1 1299/7/1
f 1301/7/1 1302/7/1 1303/7/1
f 1303/7/1 1302/7/1 1138/7/1
f 1304/7/1 1305/7/1 1307/7/1
f 1307/7/1 1305/7/1 1306/7/1
f 1308/7/1 1309/7/1 1311/7/1
f 1311/7/1 1309/7/1 1310/7/1
f 1312/7/1 1313/7/1 1315/7/1
f 1315/7/1 1313/7/1 1314/7/1
f 1316/7/1 1317/7/1 1153/7/1
f 1153/7/1 1317/7/1 1318/7/1
f 1319/7/1 1320/7/1 1322/7/1
f 1322/7/1 1320/7/1 1321/7/1
f 1323/7/1 1324/7/1 1154/7/1
f 1154/7/1 1324/7/1 1325/7/1
f 1326/5/1 1327/5/1 1329/5/1
f 1329/5/1 1327/5/1 1328/5/1
f 1330/7/1 1331/7/1 1333/7/1
f 1333/7/1 1331/7/1 1332/7/1
f 1334/7/1 1335/7/1 1337/7/1
f 1337/7/1 1335/7/1 1336/7/1
f 1324/7/1 1338/7/1 1340/7/1
f 1340/7/1 1338/7/1 1339/7/1
f 1341/6/1 1342/6/1 1256/6/1
f 1256/6/1 1342/6/1 1259/6/1
f 1343/5/1 1344/5/1 1268/5/1
f 1268/5/1 1344/5/1 1345/5/1
f 1346/5/1 1347/5/1 1271/5/1
f 1271/5/1 1347/5/1 1348/5/1
f 1349/6/1 1350/6/1 1351/6/1
f 1351/6/1 1350/6/1 1275/6/1
f 1352/6/1 1353/6/1 1354/6/1
f 1354/6/1 1353/6/1 1278/6/1
f 1355/7/1 1356/7/1 1358/7/1
f 1358/7/1 1356/7/1 1357/7/1
f 1359/7/1 1360/7/1 1361/7/1
f 1361/7/1 1360/7/1 1297/7/1
f 1362/7/1 1363/7/1 1298/7/1
f 1298/7/1 1363/7/1 1304/7/1
f 1364/7/1 1365/7/1 1305/7/1
f 1305/7/1 1365/7/1 1312/7/1
f 1366/7/1 1367/7/1 1313/7/1
f 1313/7/1 1367/7/1 1319/7/1
f 1368/7/1 1369/7/1 1320/7/1
f 1320/7/1 1369/7/1 1370/7/1
f 1371/7/1 1372/7/1 1374/7/1
f 1374/7/1 1372/7/1 1373/7/1
f 1375/2/1 1376/2/1 1341/2/1
f 1341/2/1 1376/2/1 1342/2/1
f 1377/6/1 1378/6/1 1343/6/1
f 1343/6/1 1378/6/1 1379/6/1
f 1380/6/1 1381/6/1 1346/6/1
f 1346/6/1 1381/6/1 1382/6/1
f 1383/5/1 1384/5/1 1385/5/1
f 1385/5/1 1384/5/1 1350/5/1
f 1386/6/1 1387/6/1 1389/6/1
f 1389/6/1 1387/6/1 1388/6/1
f 1390/5/1 1391/5/1 1393/5/1
f 1393/5/1 1391/5/1 1392/5/1
f 1394/5/1 1395/5/1 1397/5/1
f 1397/5/1 1395/5/1 1396/5/1
f 1398/7/1 1399/7/1 1400/7/1
f 1400/7/1 1399/7/1 1193/7/1
f 1399/7/1 1401/7/1 1403/7/1
f 1403/7/1 1401/7/1 1402/7/1
f 1404/5/1 1405/5/1 1407/5/1
f 1407/5/1 1405/5/1 1406/5/1
f 1408/7/1 1409/7/1 1410/7/1
f 1410/7/1 1409/7/1 1170/7/1
f 1411/6/1 1412/6/1 1375/6/1
f 1375/6/1 1412/6/1 1376/6/1
f 1413/6/1 1414/6/1 1416/6/1
f 1416/6/1 1414/6/1 1415/6/1
f 1417/5/1 1418/5/1 1377/5/1
f 1377/5/1 1418/5/1 1419/5/1
f 1420/5/1 1421/5/1 1423/5/1
f 1423/5/1 1421/5/1 1422/5/1
f 1424/6/1 1425/6/1 1426/6/1
f 1426/6/1 1425/6/1 1384/6/1
f 1427/7/1 1428/7/1 1430/7/1
f 1430/7/1 1428/7/1 1429/7/1
f 1428/7/1 1431/7/1 1432/7/1
f 1432/7/1 1431/7/1 1400/7/1
f 1433/7/1 1434/7/1 1436/7/1
f 1436/7/1 1434/7/1 1435/7/1
f 1437/6/1 1438/6/1 1439/6/1
f 1439/6/1 1438/6/1 1390/6/1
f 1440/6/1 1441/6/1 1443/6/1
f 1443/6/1 1441/6/1 1442/6/1
f 1444/7/1 1445/7/1 1446/7/1
f 1446/7/1 1445/7/1 1399/7/1
f 1447/7/1 1448/7/1 1450/7/1
f 1450/7/1 1448/7/1 1449/7/1
f 1451/7/1 1452/7/1 1453/7/1
f 1453/7/1 1452/7/1 1410/7/1
f 1454/6/1 1455/6/1 1405/6/1
f 1405/6/1 1455/6/1 1456/6/1
f 1457/7/1 1458/7/1 1409/7/1
f 1409/7/1 1458/7/1 1459/7/1
f 1460/7/1 1461/7/1 1463/7/1
f 1463/7/1 1461/7/1 1462/7/1
f 1461/7/1 1464/7/1 1466/7/1
f 1466/7/1 1464/7/1 1465/7/1
f 1467/6/1 1468/6/1 1417/6/1
f 1417/6/1 1468/6/1 1469/6/1
f 1470/6/1 1471/6/1 1473/6/1
f 1473/6/1 1471/6/1 1472/6/1
f 1474/5/1 1475/5/1 1477/5/1
f 1477/5/1 1475/5/1 1476/5/1
f 1478/5/1 1479/5/1 1481/5/1
f 1481/5/1 1479/5/1 1480/5/1
f 1482/5/1 1483/5/1 1485/5/1
f 1485/5/1 1483/5/1 1484/5/1
f 1486/5/1 1487/5/1 1489/5/1
f 1489/5/1 1487/5/1 1488/5/1
f 1490/5/1 1491/5/1 1493/5/1
f 1493/5/1 1491/5/1 1492/5/1
f 1494/7/1 1495/7/1 1497/7/1
f 1497/7/1 1495/7/1 1496/7/1
f 1498/7/1 1499/7/1 1501/7/1
f 1501/7/1 1499/7/1 1500/7/1
f 1502/7/1 1503/7/1 1505/7/1
f 1505/7/1 1503/7/1 1504/7/1
f 1499/7/1 1506/7/1 1508/7/1
f 1508/7/1 1506/7/1 1507/7/1
f 1509/7/1 1510/7/1 1512/7/1
f 1512/7/1 1510/7/1 1511/7/1
f 1513/7/1 1514/7/1 1516/7/1
f 1516/7/1 1514/7/1 1515/7/1
f 1506/7/1 1517/7/1 1519/7/1
f 1519/7/1 1517/7/1 1518/7/1
f 1520/7/1 1521/7/1 1523/7/1
f 1523/7/1 1521/7/1 1522/7/1
f 1517/7/1 1524/7/1 1526/7/1
f 1526/7/1 1524/7/1 1525/7/1
f 1527/7/1 1528/7/1 1530/7/1
f 1530/7/1 1528/7/1 1529/7/1
f 1524/7/1 1531/7/1 1533/7/1
f 1533/7/1 1531/7/1 1532/7/1
f 1534/5/1 1535/5/1 1537/5/1
f 1537/5/1 1535/5/1 1536/5/1
f 1538/5/1 1539/5/1 1541/5/1
f 1541/5/1 1539/5/1 1540/5/1
f 1542/5/1 1543/5/1 1545/5/1
f 1545/5/1 1543/5/1 1544/5/1
f 1546/5/1 1547/5/1 1549/5/1
f 1549/5/1 1547/5/1 1548/5/1
f 1550/5/1 1551/5/1 1553/5/1
f 1553/5/1 1551/5/1 1552/5/1
f 1554/7/2 1555/7/2 1557/7/2
f 1557/7/2 1555/7/2 1556/7/2
f 1558/7/2 1559/7/2 1561/7/2
f 1561/7/2 1559/7/2 1560/7/2
f 1562/7/2 1563/7/2 1565/7/2
f 1565/7/2 1563/7/2 1564/7/2
f 1566/7/2 1567/7/2 1569/7/2
f 1569/7/2 1567/7/2 1568/7/2
f 1570/5/2 1571/5/2 1573/5/2
f 1573/5/2 1571/5/2 1572/5/2
f 1574/5/2 1575/5/2 1577/5/2
f 1577/5/2 1575/5/2 1576/5/2
f 95/8/2 5/8/2 1578/8/2
f 1578/8/2 5/8/2 6/8/2
f 1579/8/2 13/8/2 1580/8/2
f 1580/8/2 13/8/2 14/8/2
f 1581/8/2 21/8/2 1582/8/2
f 1582/8/2 21/8/2 22/8/2
f 1583/5/2 1584/5/2 1586/5/2
f 1586/5/2 1584/5/2 1585/5/2
f 1587/5/2 1588/5/2 1590/5/2
f 1590/5/2 1588/5/2 1589/5/2
f 1591/5/2 1561/5/2 1593/5/2
f 1593/5/2 1561/5/2 1592/5/2
f 1594/8/2 1595/8/2 1597/8/2
f 1597/8/2 1595/8/2 1596/8/2
f 1598/5/2 1599/5/2 1601/5/2
f 1601/5/2 1599/5/2 1600/5/2
f 1602/5/2 1603/5/2 1604/5/2
f 1604/5/2 1603/5/2 1566/5/2
f 1605/8/2 29/8/2 1606/8/2
f 1606/8/2 29/8/2 30/8/2
f 1607/8/2 37/8/2 1608/8/2
f 1608/8/2 37/8/2 38/8/2
f 1609/8/2 45/8/2 126/8/2
f 126/8/2 45/8/2 46/8/2
f 1610/5/2 1611/5/2 1613/5/2
f 1613/5/2 1611/5/2 1612/5/2
f 1614/5/2 1615/5/2 1617/5/2
f 1617/5/2 1615/5/2 1616/5/2
f 1618/5/2 1619/5/2 1621/5/2
f 1621/5/2 1619/5/2 1620/5/2
f 1622/6/2 1623/6/2 1625/6/2
f 1625/6/2 1623/6/2 1624/6/2
f 1626/6/2 1627/6/2 1629/6/2
f 1629/6/2 1627/6/2 1628/6/2
f 1630/6/2 1631/6/2 1633/6/2
f 1633/6/2 1631/6/2 1632/6/2
f 1634/8/2 1635/8/2 1637/8/2
f 1637/8/2 1635/8/2 1636/8/2
f 1638/6/2 1639/6/2 1641/6/2
f 1641/6/2 1639/6/2 1640/6/2
f 1642/6/2 1643/6/2 1645/6/2
f 1645/6/2 1643/6/2 1644/6/2
f 1646/6/2 1647/6/2 1649/6/2
f 1649/6/2 1647/6/2 1648/6/2
f 1650/5/2 1651/5/2 1652/5/2
f 1652/5/2 1651/5/2 1625/5/2
f 1653/5/2 1654/5/2 1656/5/2
f 1656/5/2 1654/5/2 1655/5/2
f 164/5/2 1633/5/2 163/5/2
f 163/5/2 1633/5/2 1657/5/2
f 1658/7/2 59/7/2 1660/7/2
f 1660/7/2 59/7/2 1659/7/2
f 1661/8/2 1662/8/2 1664/8/2
f 1664/8/2 1662/8/2 1663/8/2
f 1665/7/2 1666/7/2 1667/7/2
f 1667/7/2 1666/7/2 72/7/2
f 180/5/2 1668/5/2 179/5/2
f 179/5/2 1668/5/2 1638/5/2
f 1669/5/2 1670/5/2 1672/5/2
f 1672/5/2 1670/5/2 1671/5/2
f 1673/5/2 1646/5/2 1675/5/2
f 1675/5/2 1646/5/2 1674/5/2
f 1676/6/2 1677/6/2 1678/6/2
f 1678/6/2 1677/6/2 1652/6/2
f 1679/6/2 1680/6/2 1682/6/2
f 1682/6/2 1680/6/2 1681/6/2
f 1683/6/2 1684/6/2 1686/6/2
f 1686/6/2 1684/6/2 1685/6/2
f 1687/6/2 1673/6/2 1689/6/2
f 1689/6/2 1673/6/2 1688/6/2
f 1690/5/2 1691/5/2 1692/5/2
f 1692/5/2 1691/5/2 1678/5/2
f 1693/5/2 1694/5/2 1696/5/2
f 1696/5/2 1694/5/2 1695/5/2
f 1697/5/2 1698/5/2 1700/5/2
f 1700/5/2 1698/5/2 1699/5/2
f 1701/5/2 1687/5/2 1703/5/2
f 1703/5/2 1687/5/2 1702/5/2
f 1704/6/2 1705/6/2 1706/6/2
f 1706/6/2 1705/6/2 1692/6/2
f 1707/6/2 1708/6/2 1710/6/2
f 1710/6/2 1708/6/2 1709/6/2
f 1711/6/2 1712/6/2 1714/6/2
f 1714/6/2 1712/6/2 1713/6/2
f 1715/8/2 1716/8/2 1718/8/2
f 1718/8/2 1716/8/2 1717/8/2
f 1719/8/2 1720/8/2 1722/8/2
f 1722/8/2 1720/8/2 1721/8/2
f 1723/6/2 1724/6/2 1726/6/2
f 1726/6/2 1724/6/2 1725/6/2
f 1727/6/2 1728/6/2 1730/6/2
f 1730/6/2 1728/6/2 1729/6/2
f 1731/6/2 1701/6/2 1733/6/2
f 1733/6/2 1701/6/2 1732/6/2
f 1734/5/2 1735/5/2 1736/5/2
f 1736/5/2 1735/5/2 1706/5/2
f 385/8/2 1737/8/2 1739/8/2
f 1739/8/2 1737/8/2 1738/8/2
f 1740/5/2 1741/5/2 1743/5/2
f 1743/5/2 1741/5/2 1742/5/2
f 1744/8/2 1745/8/2 406/8/2
f 406/8/2 1745/8/2 1746/8/2
f 1747/5/2 1748/5/2 1750/5/2
f 1750/5/2 1748/5/2 1749/5/2
f 1751/5/2 1731/5/2 1753/5/2
f 1753/5/2 1731/5/2 1752/5/2
f 1754/6/2 1755/6/2 1756/6/2
f 1756/6/2 1755/6/2 1736/6/2
f 1757/6/2 1758/6/2 1760/6/2
f 1760/6/2 1758/6/2 1759/6/2
f 1761/8/2 1762/8/2 1764/8/2
f 1764/8/2 1762/8/2 1763/8/2
f 1765/7/2 1766/7/2 1768/7/2
f 1768/7/2 1766/7/2 1767/7/2
f 1769/7/2 1770/7/2 1772/7/2
f 1772/7/2 1770/7/2 1771/7/2
f 1773/7/2 1774/7/2 1776/7/2
f 1776/7/2 1774/7/2 1775/7/2
f 1777/8/2 1778/8/2 1780/8/2
f 1780/8/2 1778/8/2 1779/8/2
f 1781/6/2 1782/6/2 1784/6/2
f 1784/6/2 1782/6/2 1783/6/2
f 1785/6/2 1751/6/2 1787/6/2
f 1787/6/2 1751/6/2 1786/6/2
f 1788/5/2 1789/5/2 1790/5/2
f 1790/5/2 1789/5/2 1756/5/2
f 1791/5/2 1792/5/2 1794/5/2
f 1794/5/2 1792/5/2 1793/5/2
f 1795/5/2 1796/5/2 1798/5/2
f 1798/5/2 1796/5/2 1797/5/2
f 1799/5/2 1785/5/2 1801/5/2
f 1801/5/2 1785/5/2 1800/5/2
f 1802/6/2 1803/6/2 1804/6/2
f 1804/6/2 1803/6/2 1790/6/2
f 1805/6/2 1806/6/2 1808/6/2
f 1808/6/2 1806/6/2 1807/6/2
f 1809/6/2 1810/6/2 1812/6/2
f 1812/6/2 1810/6/2 1811/6/2
f 1813/8/2 1814/8/2 1816/8/2
f 1816/8/2 1814/8/2 1815/8/2
f 1817/8/2 1818/8/2 1820/8/2
f 1820/8/2 1818/8/2 1819/8/2
f 1821/6/2 1822/6/2 1824/6/2
f 1824/6/2 1822/6/2 1823/6/2
f 1825/6/2 1826/6/2 1828/6/2
f 1828/6/2 1826/6/2 1827/6/2
f 1829/6/2 1799/6/2 1831/6/2
f 1831/6/2 1799/6/2 1830/6/2
f 1832/5/2 1833/5/2 1834/5/2
f 1834/5/2 1833/5/2 1804/5/2
f 499/8/2 384/8/2 1836/8/2
f 1836/8/2 384/8/2 1835/8/2
f 1837/5/2 1838/5/2 1840/5/2
f 1840/5/2 1838/5/2 1839/5/2
f 1841/4/2 1765/4/2 1842/4/2
f 1842/4/2 1765/4/2 1768/4/2
f 1843/4/2 1769/4/2 1844/4/2
f 1844/4/2 1769/4/2 1772/4/2
f 1845/4/2 1773/4/2 1846/4/2
f 1846/4/2 1773/4/2 1776/4/2
f 1847/8/2 1848/8/2 520/8/2
f 520/8/2 1848/8/2 403/8/2
f 1849/5/2 1850/5/2 1852/5/2
f 1852/5/2 1850/5/2 1851/5/2
f 1853/5/2 1829/5/2 1855/5/2
f 1855/5/2 1829/5/2 1854/5/2
f 1856/6/2 1857/6/2 1858/6/2
f 1858/6/2 1857/6/2 1834/6/2
f 1859/6/2 1860/6/2 1862/6/2
f 1862/6/2 1860/6/2 1861/6/2
f 1863/8/2 1864/8/2 1866/8/2
f 1866/8/2 1864/8/2 1865/8/2
f 1867/8/2 1868/8/2 1870/8/2
f 1870/8/2 1868/8/2 1869/8/2
f 1871/6/2 1872/6/2 1874/6/2
f 1874/6/2 1872/6/2 1873/6/2
f 1875/6/2 1853/6/2 1877/6/2
f 1877/6/2 1853/6/2 1876/6/2
f 1878/5/2 1879/5/2 1880/5/2
f 1880/5/2 1879/5/2 1858/5/2
f 1881/5/2 1882/5/2 1884/5/2
f 1884/5/2 1882/5/2 1883/5/2
f 1885/5/2 1886/5/2 1888/5/2
f 1888/5/2 1886/5/2 1887/5/2
f 1889/5/2 1875/5/2 1891/5/2
f 1891/5/2 1875/5/2 1890/5/2
f 1892/6/2 1893/6/2 1894/6/2
f 1894/6/2 1893/6/2 1880/6/2
f 1895/6/2 1896/6/2 1898/6/2
f 1898/6/2 1896/6/2 1897/6/2
f 1899/6/2 1900/6/2 1902/6/2
f 1902/6/2 1900/6/2 1901/6/2
f 1903/8/2 1904/8/2 1906/8/2
f 1906/8/2 1904/8/2 1905/8/2
f 1907/8/2 1908/8/2 1910/8/2
f 1910/8/2 1908/8/2 1909/8/2
f 1911/6/2 1912/6/2 1914/6/2
f 1914/6/2 1912/6/2 1913/6/2
f 1915/6/2 1916/6/2 1918/6/2
f 1918/6/2 1916/6/2 1917/6/2
f 1919/6/2 1889/6/2 1921/6/2
f 1921/6/2 1889/6/2 1920/6/2
f 1922/5/2 1923/5/2 1924/5/2
f 1924/5/2 1923/5/2 1894/5/2
f 646/8/2 498/8/2 1926/8/2
f 1926/8/2 498/8/2 1925/8/2
f 1927/5/2 1928/5/2 1930/5/2
f 1930/5/2 1928/5/2 1929/5/2
f 1931/7/2 1932/7/2 1934/7/2
f 1934/7/2 1932/7/2 1933/7/2
f 1935/7/2 1936/7/2 1938/7/2
f 1938/7/2 1936/7/2 1937/7/2
f 1939/7/2 1841/7/2 1940/7/2
f 1940/7/2 1841/7/2 1842/7/2
f 1941/7/2 1845/7/2 1942/7/2
f 1942/7/2 1845/7/2 1846/7/2
f 1943/8/2 1944/8/2 675/8/2
f 675/8/2 1944/8/2 517/8/2
f 1945/5/2 1946/5/2 1948/5/2
f 1948/5/2 1946/5/2 1947/5/2
f 1949/5/2 1919/5/2 1951/5/2
f 1951/5/2 1919/5/2 1950/5/2
f 1952/6/2 1953/6/2 1954/6/2
f 1954/6/2 1953/6/2 1924/6/2
f 1955/6/2 1956/6/2 1958/6/2
f 1958/6/2 1956/6/2 1957/6/2
f 1959/8/2 1960/8/2 1962/8/2
f 1962/8/2 1960/8/2 1961/8/2
f 1963/7/2 1964/7/2 1966/7/2
f 1966/7/2 1964/7/2 1965/7/2
f 1967/8/2 1968/8/2 1970/8/2
f 1970/8/2 1968/8/2 1969/8/2
f 1970/7/2 1843/7/2 1971/7/2
f 1971/7/2 1843/7/2 1844/7/2
f 1972/8/2 1973/8/2 1975/8/2
f 1975/8/2 1973/8/2 1974/8/2
f 1971/8/2 1976/8/2 1978/8/2
f 1978/8/2 1976/8/2 1977/8/2
f 1979/6/2 1980/6/2 1982/6/2
f 1982/6/2 1980/6/2 1981/6/2
f 1983/6/2 1949/6/2 1985/6/2
f 1985/6/2 1949/6/2 1984/6/2
f 1986/5/2 1987/5/2 1988/5/2
f 1988/5/2 1987/5/2 1954/5/2
f 1989/5/2 1990/5/2 1992/5/2
f 1992/5/2 1990/5/2 1991/5/2
f 1993/8/2 1994/8/2 1995/8/2
f 1995/8/2 1994/8/2 1968/8/2
f 1996/8/2 1997/8/2 1998/8/2
f 1998/8/2 1997/8/2 1978/8/2
f 1999/5/2 2000/5/2 2002/5/2
f 2002/5/2 2000/5/2 2001/5/2
f 2003/5/2 1983/5/2 2005/5/2
f 2005/5/2 1983/5/2 2004/5/2
f 2006/6/2 2007/6/2 2008/6/2
f 2008/6/2 2007/6/2 1988/6/2
f 2009/6/2 2010/6/2 2012/6/2
f 2012/6/2 2010/6/2 2011/6/2
f 2013/6/2 2014/6/2 2016/6/2
f 2016/6/2 2014/6/2 2015/6/2
f 2017/7/2 2018/7/2 2020/7/2
f 2020/7/2 2018/7/2 2019/7/2
f 2021/8/2 2022/8/2 2024/8/2
f 2024/8/2 2022/8/2 2023/8/2
f 2020/8/2 2019/8/2 2026/8/2
f 2026/8/2 2019/8/2 2025/8/2
f 2027/8/2 2028/8/2 2030/8/2
f 2030/8/2 2028/8/2 2029/8/2
f 2031/8/2 2032/8/2 2034/8/2
f 2034/8/2 2032/8/2 2033/8/2
f 2035/6/2 2036/6/2 2038/6/2
f 2038/6/2 2036/6/2 2037/6/2
f 2039/6/2 2040/6/2 2042/6/2
f 2042/6/2 2040/6/2 2041/6/2
f 2043/6/2 2003/6/2 2045/6/2
f 2045/6/2 2003/6/2 2044/6/2
f 2046/5/2 2047/5/2 2048/5/2
f 2048/5/2 2047/5/2 2008/5/2
f 794/8/2 645/8/2 2050/8/2
f 2050/8/2 645/8/2 2049/8/2
f 2051/5/2 2052/5/2 2054/5/2
f 2054/5/2 2052/5/2 2053/5/2
f 2055/8/2 2056/8/2 837/8/2
f 837/8/2 2056/8/2 672/8/2
f 2057/5/2 2058/5/2 2060/5/2
f 2060/5/2 2058/5/2 2059/5/2
f 2061/5/2 2043/5/2 2063/5/2
f 2063/5/2 2043/5/2 2062/5/2
f 2064/6/2 2065/6/2 2066/6/2
f 2066/6/2 2065/6/2 2048/6/2
f 2067/6/2 2068/6/2 2070/6/2
f 2070/6/2 2068/6/2 2069/6/2
f 2071/8/2 2072/8/2 2074/8/2
f 2074/8/2 2072/8/2 2073/8/2
f 2075/8/2 2076/8/2 2078/8/2
f 2078/8/2 2076/8/2 2077/8/2
f 2079/8/2 2080/8/2 2082/8/2
f 2082/8/2 2080/8/2 2081/8/2
f 2083/8/2 2084/8/2 2086/8/2
f 2086/8/2 2084/8/2 2085/8/2
f 2087/6/2 2088/6/2 2090/6/2
f 2090/6/2 2088/6/2 2089/6/2
f 2091/6/2 2061/6/2 2093/6/2
f 2093/6/2 2061/6/2 2092/6/2
f 2094/5/2 2095/5/2 2096/5/2
f 2096/5/2 2095/5/2 2066/5/2
f 2097/4/2 2017/4/2 2098/4/2
f 2098/4/2 2017/4/2 2020/4/2
f 2099/5/2 2100/5/2 2102/5/2
f 2102/5/2 2100/5/2 2101/5/2
f 2098/8/2 2103/8/2 2105/8/2
f 2105/8/2 2103/8/2 2104/8/2
f 2106/8/2 2107/8/2 2109/8/2
f 2109/8/2 2107/8/2 2108/8/2
f 2110/5/2 2111/5/2 2113/5/2
f 2113/5/2 2111/5/2 2112/5/2
f 2114/5/2 2091/5/2 2116/5/2
f 2116/5/2 2091/5/2 2115/5/2
f 2117/6/2 2118/6/2 2119/6/2
f 2119/6/2 2118/6/2 2096/6/2
f 2120/6/2 2121/6/2 2123/6/2
f 2123/6/2 2121/6/2 2122/6/2
f 2124/6/2 2125/6/2 2127/6/2
f 2127/6/2 2125/6/2 2126/6/2
f 2128/8/2 2129/8/2 2131/8/2
f 2131/8/2 2129/8/2 2130/8/2
f 2132/4/2 2133/4/2 2135/4/2
f 2135/4/2 2133/4/2 2134/4/2
f 2136/4/2 2137/4/2 2139/4/2
f 2139/4/2 2137/4/2 2138/4/2
f 2140/8/2 2141/8/2 2143/8/2
f 2143/8/2 2141/8/2 2142/8/2
f 2144/6/2 2145/6/2 2147/6/2
f 2147/6/2 2145/6/2 2146/6/2
f 2148/6/2 2149/6/2 2151/6/2
f 2151/6/2 2149/6/2 2150/6/2
f 2152/6/2 2114/6/2 2154/6/2
f 2154/6/2 2114/6/2 2153/6/2
f 2155/5/2 2156/5/2 2157/5/2
f 2157/5/2 2156/5/2 2119/5/2
f 982/8/2 793/8/2 2159/8/2
f 2159/8/2 793/8/2 2158/8/2
f 2160/5/2 2161/5/2 2163/5/2
f 2163/5/2 2161/5/2 2162/5/2
f 2164/8/2 2165/8/2 2167/8/2
f 2167/8/2 2165/8/2 2166/8/2
f 2168/8/2 2169/8/2 2171/8/2
f 2171/8/2 2169/8/2 2170/8/2
f 2172/8/2 2173/8/2 1031/8/2
f 1031/8/2 2173/8/2 834/8/2
f 2174/5/2 2175/5/2 2177/5/2
f 2177/5/2 2175/5/2 2176/5/2
f 2178/5/2 2152/5/2 2180/5/2
f 2180/5/2 2152/5/2 2179/5/2
f 2181/6/2 2182/6/2 2183/6/2
f 2183/6/2 2182/6/2 2157/6/2
f 2184/6/2 2185/6/2 2187/6/2
f 2187/6/2 2185/6/2 2186/6/2
f 2188/8/2 2189/8/2 2191/8/2
f 2191/8/2 2189/8/2 2190/8/2
f 2192/8/2 2193/8/2 2195/8/2
f 2195/8/2 2193/8/2 2194/8/2
f 2196/8/2 2197/8/2 2199/8/2
f 2199/8/2 2197/8/2 2198/8/2
f 2200/8/2 2201/8/2 2203/8/2
f 2203/8/2 2201/8/2 2202/8/2
f 2204/6/2 2205/6/2 2207/6/2
f 2207/6/2 2205/6/2 2206/6/2
f 2208/6/2 2178/6/2 2210/6/2
f 2210/6/2 2178/6/2 2209/6/2
f 2211/5/2 2212/5/2 2213/5/2
f 2213/5/2 2212/5/2 2183/5/2
f 2214/5/2 2215/5/2 2217/5/2
f 2217/5/2 2215/5/2 2216/5/2
f 2218/5/2 2219/5/2 2221/5/2
f 2221/5/2 2219/5/2 2220/5/2
f 2222/5/2 2208/5/2 2224/5/2
f 2224/5/2 2208/5/2 2223/5/2
f 2225/6/2 2226/6/2 2227/6/2
f 2227/6/2 2226/6/2 2213/6/2
f 2228/6/2 2229/6/2 2231/6/2
f 2231/6/2 2229/6/2 2230/6/2
f 2232/6/2 2233/6/2 2235/6/2
f 2235/6/2 2233/6/2 2234/6/2
f 2236/8/2 2237/8/2 2239/8/2
f 2239/8/2 2237/8/2 2238/8/2
f 2240/8/2 2241/8/2 2243/8/2
f 2243/8/2 2241/8/2 2242/8/2
f 2244/6/2 2245/6/2 2247/6/2
f 2247/6/2 2245/6/2 2246/6/2
f 2248/6/2 2249/6/2 2251/6/2
f 2251/6/2 2249/6/2 2250/6/2
f 2252/6/2 2222/6/2 2254/6/2
f 2254/6/2 2222/6/2 2253/6/2
f 2255/5/2 2256/5/2 2257/5/2
f 2257/5/2 2256/5/2 2227/5/2
f 2258/8/2 981/8/2 2260/8/2
f 2260/8/2 981/8/2 2259/8/2
f 2261/5/2 2262/5/2 2264/5/2
f 2264/5/2 2262/5/2 2263/5/2
f 2265/8/2 2266/8/2 2267/8/2
f 2267/8/2 2266/8/2 1028/8/2
f 2268/5/2 2269/5/2 2271/5/2
f 2271/5/2 2269/5/2 2270/5/2
f 2272/5/2 2252/5/2 2274/5/2
f 2274/5/2 2252/5/2 2273/5/2
f 2275/6/2 2276/6/2 2277/6/2
f 2277/6/2 2276/6/2 2257/6/2
f 2278/6/2 2279/6/2 2281/6/2
f 2281/6/2 2279/6/2 2280/6/2
f 2282/7/2 2283/7/2 2285/7/2
f 2285/7/2 2283/7/2 2284/7/2
f 2286/8/2 2287/8/2 2289/8/2
f 2289/8/2 2287/8/2 2288/8/2
f 2289/8/2 2290/8/2 2291/8/2
f 2291/8/2 2290/8/2 1995/8/2
f 2292/8/2 2293/8/2 2294/8/2
f 2294/8/2 2293/8/2 1997/8/2
f 2295/8/2 2296/8/2 2298/8/2
f 2298/8/2 2296/8/2 2297/8/2
f 2299/7/2 2300/7/2 2302/7/2
f 2302/7/2 2300/7/2 2301/7/2
f 2294/8/2 2303/8/2 2305/8/2
f 2305/8/2 2303/8/2 2304/8/2
f 2306/6/2 2307/6/2 2309/6/2
f 2309/6/2 2307/6/2 2308/6/2
f 2310/6/2 2272/6/2 2312/6/2
f 2312/6/2 2272/6/2 2311/6/2
f 2313/5/2 2314/5/2 2315/5/2
f 2315/5/2 2314/5/2 2277/5/2
f 2316/5/2 2317/5/2 2319/5/2
f 2319/5/2 2317/5/2 2318/5/2
f 2320/5/2 2321/5/2 2323/5/2
f 2323/5/2 2321/5/2 2322/5/2
f 2324/5/2 2310/5/2 2326/5/2
f 2326/5/2 2310/5/2 2325/5/2
f 2327/6/2 2328/6/2 2329/6/2
f 2329/6/2 2328/6/2 2315/6/2
f 2330/6/2 2331/6/2 2333/6/2
f 2333/6/2 2331/6/2 2332/6/2
f 2334/6/2 2335/6/2 2337/6/2
f 2337/6/2 2335/6/2 2336/6/2
f 2338/7/2 2339/7/2 2341/7/2
f 2341/7/2 2339/7/2 2340/7/2
f 2342/7/2 2343/7/2 2345/7/2
f 2345/7/2 2343/7/2 2344/7/2
f 2346/6/2 2347/6/2 2349/6/2
f 2349/6/2 2347/6/2 2348/6/2
f 2350/6/2 2351/6/2 2353/6/2
f 2353/6/2 2351/6/2 2352/6/2
f 2354/6/2 2324/6/2 2356/6/2
f 2356/6/2 2324/6/2 2355/6/2
f 2357/5/2 2358/5/2 2359/5/2
f 2359/5/2 2358/5/2 2329/5/2
f 2360/5/2 2361/5/2 2363/5/2
f 2363/5/2 2361/5/2 2362/5/2
f 2364/7/2 2365/7/2 2367/7/2
f 2367/7/2 2365/7/2 2366/7/2
f 2368/7/2 2369/7/2 1361/7/2
f 1361/7/2 2369/7/2 2370/7/2
f 2371/7/2 2286/7/2 2372/7/2
f 2372/7/2 2286/7/2 2291/7/2
f 2372/7/2 2373/7/2 2375/7/2
f 2375/7/2 2373/7/2 2374/7/2
f 2375/7/2 2292/7/2 2376/7/2
f 2376/7/2 2292/7/2 2305/7/2
f 2377/7/2 2378/7/2 2380/7/2
f 2380/7/2 2378/7/2 2379/7/2
f 1370/7/2 2381/7/2 2383/7/2
f 2383/7/2 2381/7/2 2382/7/2
f 2384/5/2 2385/5/2 2387/5/2
f 2387/5/2 2385/5/2 2386/5/2
f 2388/5/2 2354/5/2 2390/5/2
f 2390/5/2 2354/5/2 2389/5/2
f 2391/6/2 2392/6/2 2393/6/2
f 2393/6/2 2392/6/2 2359/6/2
f 2394/6/2 2395/6/2 2397/6/2
f 2397/6/2 2395/6/2 2396/6/2
f 2398/7/2 2399/7/2 1396/7/2
f 1396/7/2 2399/7/2 2400/7/2
f 2401/7/2 1285/7/2 2403/7/2
f 2403/7/2 1285/7/2 2402/7/2
f 2404/7/2 2405/7/2 2407/7/2
f 2407/7/2 2405/7/2 2406/7/2
f 2408/7/2 2409/7/2 2411/7/2
f 2411/7/2 2409/7/2 2410/7/2
f 2412/7/2 2413/7/2 2415/7/2
f 2415/7/2 2413/7/2 2414/7/2
f 2416/7/2 2417/7/2 2418/7/2
f 2418/7/2 2417/7/2 1330/7/2
f 2419/7/2 2295/7/2 2420/7/2
f 2420/7/2 2295/7/2 2298/7/2
f 1423/7/2 2421/7/2 2423/7/2
f 2423/7/2 2421/7/2 2422/7/2
f 2424/6/2 2425/6/2 2427/6/2
f 2427/6/2 2425/6/2 2426/6/2
f 2428/6/2 2388/6/2 2430/6/2
f 2430/6/2 2388/6/2 2429/6/2
f 2431/5/2 2432/5/2 2433/5/2
f 2433/5/2 2432/5/2 2393/5/2
f 2434/6/2 2435/6/2 2437/6/2
f 2437/6/2 2435/6/2 2436/6/2
f 2438/5/2 2439/5/2 2441/5/2
f 2441/5/2 2439/5/2 2440/5/2
f 2442/5/2 1355/5/2 2443/5/2
f 2443/5/2 1355/5/2 1356/5/2
f 2444/7/2 2445/7/2 2447/7/2
f 2447/7/2 2445/7/2 2446/7/2
f 2448/7/2 2449/7/2 2451/7/2
f 2451/7/2 2449/7/2 2450/7/2
f 2452/5/2 1371/5/2 2453/5/2
f 2453/5/2 1371/5/2 1372/5/2
f 2454/7/2 2455/7/2 2457/7/2
f 2457/7/2 2455/7/2 2456/7/2
f 2458/6/2 2459/6/2 2461/6/2
f 2461/6/2 2459/6/2 2460/6/2
f 2462/5/2 2463/5/2 2465/5/2
f 2465/5/2 2463/5/2 2464/5/2
f 2466/5/2 2428/5/2 2468/5/2
f 2468/5/2 2428/5/2 2467/5/2
f 2469/6/2 2470/6/2 2471/6/2
f 2471/6/2 2470/6/2 2433/6/2
f 2472/7/2 2473/7/2 2474/7/2
f 2474/7/2 2473/7/2 2445/7/2
f 2475/7/2 2476/7/2 2478/7/2
f 2478/7/2 2476/7/2 2477/7/2
f 2479/6/2 2480/6/2 2482/6/2
f 2482/6/2 2480/6/2 2481/6/2
f 2483/6/2 2484/6/2 2485/6/2
f 2485/6/2 2484/6/2 2442/6/2
f 2486/7/2 2487/7/2 1501/7/2
f 1501/7/2 2487/7/2 2447/7/2
f 1532/7/2 2488/7/2 2489/7/2
f 2489/7/2 2488/7/2 2455/7/2
f 2490/6/2 2453/6/2 2492/6/2
f 2492/6/2 2453/6/2 2491/6/2
f 2493/7/2 2494/7/2 2496/7/2
f 2496/7/2 2494/7/2 2495/7/2
f 2497/7/2 2498/7/2 2499/7/2
f 2499/7/2 2498/7/2 2457/7/2
f 2500/6/2 2501/6/2 2503/6/2
f 2503/6/2 2501/6/2 2502/6/2
f 2504/6/2 2466/6/2 2506/6/2
f 2506/6/2 2466/6/2 2505/6/2
f 2507/5/2 2508/5/2 2510/5/2
f 2510/5/2 2508/5/2 2509/5/2
f 2511/5/2 2512/5/2 2514/5/2
f 2514/5/2 2512/5/2 2513/5/2
f 2515/5/2 2516/5/2 2518/5/2
f 2518/5/2 2516/5/2 2517/5/2
f 2519/5/2 2520/5/2 2522/5/2
f 2522/5/2 2520/5/2 2521/5/2
f 2523/5/2 2524/5/2 2526/5/2
f 2526/5/2 2524/5/2 2525/5/2
f 2527/7/2 2528/7/2 2530/7/2
f 2530/7/2 2528/7/2 2529/7/2
f 2531/7/2 2532/7/2 2534/7/2
f 2534/7/2 2532/7/2 2533/7/2
f 2535/7/2 2536/7/2 2538/7/2
f 2538/7/2 2536/7/2 2537/7/2
f 2539/7/2 2540/7/2 2542/7/2
f 2542/7/2 2540/7/2 2541/7/2
f 2543/7/2 2544/7/2 2546/7/2
f 2546/7/2 2544/7/2 2545/7/2
f 2547/7/2 2548/7/2 2550/7/2
f 2550/7/2 2548/7/2 2549/7/2
f 1487/7/2 2551/7/2 1538/7/2
f 1538/7/2 2551/7/2 2552/7/2
f 2553/5/2 2554/5/2 2556/5/2
f 2556/5/2 2554/5/2 2555/5/2
f 2557/5/2 2558/5/2 2560/5/2
f 2560/5/2 2558/5/2 2559/5/2
f 2561/5/2 2562/5/2 2564/5/2
f 2564/5/2 2562/5/2 2563/5/2
f 2565/5/2 2566/5/2 2568/5/2
f 2568/5/2 2566/5/2 2567/5/2
f 2569/5/2 2570/5/2 2572/5/2
f 2572/5/2 2570/5/2 2571/5/2
f 104/6/3 103/6/3 1628/6/3
f 1628/6/3 103/6/3 1629/6/3
f 121/6/3 120/6/3 1644/6/3
f 1644/6/3 120/6/3 1645/6/3
f 136/5/3 135/5/3 1655/5/3
f 1655/5/3 135/5/3 1656/5/3
f 150/5/3 149/5/3 1671/5/3
f 1671/5/3 149/5/3 1672/5/3
f 134/6/3 208/6/3 1681/6/3
f 1681/6/3 208/6/3 1682/6/3
f 183/6/3 182/6/3 1685/6/3
f 1685/6/3 182/6/3 1686/6/3
f 207/5/3 206/5/3 1695/5/3
f 1695/5/3 206/5/3 1696/5/3
f 233/5/3 232/5/3 1699/5/3
f 1699/5/3 232/5/3 1700/5/3
f 205/6/3 293/6/3 1713/6/3
f 1713/6/3 293/6/3 1714/6/3
f 278/6/3 277/6/3 1729/6/3
f 1729/6/3 277/6/3 1730/6/3
f 292/5/3 291/5/3 1742/5/3
f 1742/5/3 291/5/3 1743/5/3
f 312/5/3 311/5/3 1749/5/3
f 1749/5/3 311/5/3 1750/5/3
f 290/6/3 366/6/3 1759/6/3
f 1759/6/3 366/6/3 1760/6/3
f 352/6/3 351/6/3 1783/6/3
f 1783/6/3 351/6/3 1784/6/3
f 365/5/3 364/5/3 1793/5/3
f 1793/5/3 364/5/3 1794/5/3
f 373/5/3 372/5/3 1797/5/3
f 1797/5/3 372/5/3 1798/5/3
f 363/6/3 423/6/3 1811/6/3
f 1811/6/3 423/6/3 1812/6/3
f 409/6/3 408/6/3 1827/6/3
f 1827/6/3 408/6/3 1828/6/3
f 422/5/3 421/5/3 1839/5/3
f 1839/5/3 421/5/3 1840/5/3
f 444/5/3 443/5/3 1851/5/3
f 1851/5/3 443/5/3 1852/5/3
f 420/6/3 480/6/3 1861/6/3
f 1861/6/3 480/6/3 1862/6/3
f 466/6/3 465/6/3 1873/6/3
f 1873/6/3 465/6/3 1874/6/3
f 479/5/3 478/5/3 1883/5/3
f 1883/5/3 478/5/3 1884/5/3
f 487/5/3 486/5/3 1887/5/3
f 1887/5/3 486/5/3 1888/5/3
f 477/6/3 537/6/3 1901/6/3
f 1901/6/3 537/6/3 1902/6/3
f 523/6/3 522/6/3 1917/6/3
f 1917/6/3 522/6/3 1918/6/3
f 536/5/3 535/5/3 1929/5/3
f 1929/5/3 535/5/3 1930/5/3
f 547/5/3 546/5/3 1947/5/3
f 1947/5/3 546/5/3 1948/5/3
f 534/6/3 604/6/3 1957/6/3
f 1957/6/3 604/6/3 1958/6/3
f 590/6/3 589/6/3 1981/6/3
f 1981/6/3 589/6/3 1982/6/3
f 603/5/3 602/5/3 1991/5/3
f 1991/5/3 602/5/3 1992/5/3
f 634/5/3 633/5/3 2001/5/3
f 2001/5/3 633/5/3 2002/5/3
f 601/6/3 692/6/3 2015/6/3
f 2015/6/3 692/6/3 2016/6/3
f 678/6/3 677/6/3 2041/6/3
f 2041/6/3 677/6/3 2042/6/3
f 691/5/3 690/5/3 2053/5/3
f 2053/5/3 690/5/3 2054/5/3
f 705/5/3 704/5/3 2059/5/3
f 2059/5/3 704/5/3 2060/5/3
f 689/6/3 755/6/3 2069/6/3
f 2069/6/3 755/6/3 2070/6/3
f 735/6/3 734/6/3 2089/6/3
f 2089/6/3 734/6/3 2090/6/3
f 754/5/3 753/5/3 2101/5/3
f 2101/5/3 753/5/3 2102/5/3
f 782/5/3 781/5/3 2112/5/3
f 2112/5/3 781/5/3 2113/5/3
f 752/6/3 854/6/3 2126/6/3
f 2126/6/3 854/6/3 2127/6/3
f 840/6/3 839/6/3 2150/6/3
f 2150/6/3 839/6/3 2151/6/3
f 853/5/3 852/5/3 2162/5/3
f 2162/5/3 852/5/3 2163/5/3
f 897/5/3 896/5/3 2176/5/3
f 2176/5/3 896/5/3 2177/5/3
f 851/6/3 947/6/3 2186/6/3
f 2186/6/3 947/6/3 2187/6/3
f 933/6/3 932/6/3 2206/6/3
f 2206/6/3 932/6/3 2207/6/3
f 946/5/3 945/5/3 2216/5/3
f 2216/5/3 945/5/3 2217/5/3
f 970/5/3 969/5/3 2220/5/3
f 2220/5/3 969/5/3 2221/5/3
f 944/6/3 1058/6/3 2234/6/3
f 2234/6/3 1058/6/3 2235/6/3
f 1034/6/3 1033/6/3 2250/6/3
f 2250/6/3 1033/6/3 2251/6/3
f 1057/5/3 1056/5/3 2263/5/3
f 2263/5/3 1056/5/3 2264/5/3
f 1112/5/3 1111/5/3 2270/5/3
f 2270/5/3 1111/5/3 2271/5/3
f 1055/6/3 1187/6/3 2280/6/3
f 2280/6/3 1187/6/3 2281/6/3
f 1173/6/3 1172/6/3 2308/6/3
f 2308/6/3 1172/6/3 2309/6/3
f 1186/5/3 1185/5/3 2318/5/3
f 2318/5/3 1185/5/3 2319/5/3
f 1222/5/3 1221/5/3 2322/5/3
f 2322/5/3 1221/5/3 2323/5/3
f 1184/6/3 1283/6/3 2336/6/3
f 2336/6/3 1283/6/3 2337/6/3
f 1270/6/3 1269/6/3 2352/6/3
f 2352/6/3 1269/6/3 2353/6/3
f 1282/5/3 1281/5/3 2362/5/3
f 2362/5/3 1281/5/3 2363/5/3
f 1345/5/3 1344/5/3 2386/5/3
f 2386/5/3 1344/5/3 2387/5/3
f 1280/6/3 1393/6/3 2396/6/3
f 2396/6/3 1393/6/3 2397/6/3
f 1379/6/3 1378/6/3 2426/6/3
f 2426/6/3 1378/6/3 2427/6/3
f 1392/5/3 1391/5/3 2440/5/3
f 2440/5/3 1391/5/3 2441/5/3
f 1419/5/3 1418/5/3 2464/5/3
f 2464/5/3 1418/5/3 2465/5/3
f 1390/6/3 1438/6/3 2481/6/3
f 2481/6/3 1438/6/3 2482/6/3
f 1469/6/3 1468/6/3 2502/6/3
f 2502/6/3 1468/6/3 2503/6/3
f 59/5/3 58/5/3 1585/5/3
f 1585/5/3 58/5/3 1586/5/3
f 79/5/3 78/5/3 1612/5/3
f 1612/5/3 78/5/3 1613/5/3
f 2296/8/3 2295/8/3 134/8/3
f 134/8/3 2295/8/3 1187/8/3
f 2295/7/3 2573/7/3 1187/7/3
f 1187/7/3 2573/7/3 1390/7/3
f 1415/6/3 2574/6/3 119/6/3
f 119/6/3 2574/6/3 1467/6/3
f 1484/5/3 1483/5/3 2517/5/3
f 2517/5/3 1483/5/3 2518/5/3
f 1544/5/3 1543/5/3 2563/5/3
f 2563/5/3 1543/5/3 2564/5/3
f 1588/6/3 1587/6/3 60/6/3
f 60/6/3 1587/6/3 57/6/3
f 1615/6/3 1614/6/3 80/6/3
f 80/6/3 1614/6/3 77/6/3
f 1662/7/3 1661/7/3 2575/7/3
f 2575/7/3 1661/7/3 1660/7/3
f 1599/7/3 2576/7/3 72/7/3
f 72/7/3 2576/7/3 1667/7/3
f 2577/7/3 2578/7/3 2579/7/3
f 2579/7/3 2578/7/3 274/7/3
f 2580/7/3 2581/7/3 2582/7/3
f 2582/7/3 2581/7/3 401/7/3
f 2583/7/3 2584/7/3 2585/7/3
f 2585/7/3 2584/7/3 515/7/3
f 2586/7/3 2587/7/3 2588/7/3
f 2588/7/3 2587/7/3 670/7/3
f 2589/7/3 2590/7/3 2591/7/3
f 2591/7/3 2590/7/3 832/7/3
f 2592/7/3 2593/7/3 2594/7/3
f 2594/7/3 2593/7/3 1026/7/3
f 2595/7/3 2596/7/3 2597/7/3
f 2597/7/3 2596/7/3 1262/7/3
f 2598/7/3 2599/7/3 2600/7/3
f 2600/7/3 2599/7/3 1413/7/3
f 2520/6/3 2519/6/3 1485/6/3
f 1485/6/3 2519/6/3 1482/6/3
f 2566/6/3 2565/6/3 1545/6/3
f 1545/6/3 2565/6/3 1542/6/3
f 83/5/3 82/5/3 1616/5/3
f 1616/5/3 82/5/3 1617/5/3
f 1635/7/3 1634/7/3 2601/7/3
f 2601/7/3 1634/7/3 2575/7/3
f 73/7/3 2602/7/3 1598/7/3
f 1598/7/3 2602/7/3 2603/7/3
f 2604/5/3 2605/5/3 2577/5/3
f 2577/5/3 2605/5/3 2606/5/3
f 2607/5/3 2608/5/3 2580/5/3
f 2580/5/3 2608/5/3 2609/5/3
f 2610/5/3 2611/5/3 2583/5/3
f 2583/5/3 2611/5/3 2612/5/3
f 2613/5/3 2614/5/3 2586/5/3
f 2586/5/3 2614/5/3 2615/5/3
f 2616/5/3 2617/5/3 2589/5/3
f 2589/5/3 2617/5/3 2618/5/3
f 2619/5/3 2620/5/3 2592/5/3
f 2592/5/3 2620/5/3 2621/5/3
f 2622/5/3 2623/5/3 2595/5/3
f 2595/5/3 2623/5/3 2624/5/3
f 2625/5/3 2626/5/3 2598/5/3
f 2598/5/3 2626/5/3 2627/5/3
f 1488/5/3 1487/5/3 2521/5/3
f 2521/5/3 1487/5/3 2522/5/3
f 1548/5/3 1547/5/3 2567/5/3
f 2567/5/3 1547/5/3 2568/5/3
f 1561/6/3 1591/6/3 64/6/3
f 64/6/3 1591/6/3 61/6/3
f 1595/7/3 1594/7/3 1659/7/3
f 1659/7/3 1594/7/3 2601/7/3
f 1603/7/3 1602/7/3 76/7/3
f 76/7/3 1602/7/3 73/7/3
f 1619/6/3 1618/6/3 84/6/3
f 84/6/3 1618/6/3 81/6/3
f 2459/7/3 2628/7/3 1416/7/3
f 1416/7/3 2628/7/3 2579/7/3
f 2628/7/3 2629/7/3 2604/7/3
f 2604/7/3 2629/7/3 2605/7/3
f 2629/7/3 1725/7/3 2606/7/3
f 2606/7/3 1725/7/3 2578/7/3
f 1724/1/3 1723/1/3 275/1/3
f 275/1/3 1723/1/3 272/1/3
f 1726/7/3 2630/7/3 273/7/3
f 273/7/3 2630/7/3 2582/7/3
f 2630/7/3 2631/7/3 2607/7/3
f 2607/7/3 2631/7/3 2608/7/3
f 2631/7/3 1823/7/3 2609/7/3
f 2609/7/3 1823/7/3 2581/7/3
f 1822/1/3 1821/1/3 402/1/3
f 402/1/3 1821/1/3 399/1/3
f 1824/7/3 2632/7/3 400/7/3
f 400/7/3 2632/7/3 2585/7/3
f 2632/7/3 2633/7/3 2610/7/3
f 2610/7/3 2633/7/3 2611/7/3
f 2633/7/3 1913/7/3 2612/7/3
f 2612/7/3 1913/7/3 2584/7/3
f 1912/1/3 1911/1/3 516/1/3
f 516/1/3 1911/1/3 513/1/3
f 1914/7/3 2634/7/3 514/7/3
f 514/7/3 2634/7/3 2588/7/3
f 2634/7/3 2635/7/3 2613/7/3
f 2613/7/3 2635/7/3 2614/7/3
f 2635/7/3 2037/7/3 2615/7/3
f 2615/7/3 2037/7/3 2587/7/3
f 2036/1/3 2035/1/3 671/1/3
f 671/1/3 2035/1/3 668/1/3
f 2038/7/3 2636/7/3 669/7/3
f 669/7/3 2636/7/3 2591/7/3
f 2636/7/3 2637/7/3 2616/7/3
f 2616/7/3 2637/7/3 2617/7/3
f 2637/7/3 2146/7/3 2618/7/3
f 2618/7/3 2146/7/3 2590/7/3
f 2145/1/3 2144/1/3 833/1/3
f 833/1/3 2144/1/3 830/1/3
f 2147/7/3 2638/7/3 831/7/3
f 831/7/3 2638/7/3 2594/7/3
f 2638/7/3 2639/7/3 2619/7/3
f 2619/7/3 2639/7/3 2620/7/3
f 2639/7/3 2246/7/3 2621/7/3
f 2621/7/3 2246/7/3 2593/7/3
f 2245/1/3 2244/1/3 1027/1/3
f 1027/1/3 2244/1/3 1024/1/3
f 2247/7/3 2640/7/3 1025/7/3
f 1025/7/3 2640/7/3 2597/7/3
f 2640/7/3 2641/7/3 2622/7/3
f 2622/7/3 2641/7/3 2623/7/3
f 2641/7/3 2348/7/3 2624/7/3
f 2624/7/3 2348/7/3 2596/7/3
f 2347/1/3 2346/1/3 1263/1/3
f 1263/1/3 2346/1/3 1260/1/3
f 2349/7/3 2642/7/3 1261/7/3
f 1261/7/3 2642/7/3 2600/7/3
f 2642/7/3 2643/7/3 2625/7/3
f 2625/7/3 2643/7/3 2626/7/3
f 2643/7/3 2458/7/3 2627/7/3
f 2627/7/3 2458/7/3 2599/7/3
f 2524/6/3 2523/6/3 1489/6/3
f 1489/6/3 2523/6/3 1486/6/3
f 2558/7/3 2557/7/3 1541/7/3
f 1541/7/3 2557/7/3 1538/7/3
f 2570/6/3 2569/6/3 1549/6/3
f 1549/6/3 2569/6/3 1546/6/3
f 2644/7/3 2645/7/3 1560/7/3
f 1560/7/3 2645/7/3 1561/7/3
f 2646/7/3 2647/7/3 1568/7/3
f 1568/7/3 2647/7/3 1569/7/3
f 87/5/3 86/5/3 1620/5/3
f 1620/5/3 86/5/3 1621/5/3
f 1631/6/3 1630/6/3 105/6/3
f 105/6/3 1630/6/3 102/6/3
f 85/8/3 1668/8/3 73/8/3
f 73/8/3 1668/8/3 2602/8/3
f 1647/6/3 1646/6/3 122/6/3
f 122/6/3 1646/6/3 119/6/3
f 1633/8/3 164/8/3 103/8/3
f 103/8/3 164/8/3 134/8/3
f 1668/8/3 180/8/3 2603/8/3
f 2603/8/3 180/8/3 2576/8/3
f 1355/7/3 2442/7/3 2419/7/3
f 2419/7/3 2442/7/3 2573/7/3
f 1371/7/3 2452/7/3 2450/7/3
f 2450/7/3 2452/7/3 2451/7/3
f 1646/6/3 2466/6/3 2460/6/3
f 2460/6/3 2466/6/3 2461/6/3
f 2484/6/3 2483/6/3 1439/6/3
f 1439/6/3 2483/6/3 1437/6/3
f 2466/6/3 2504/6/3 1414/6/3
f 1414/6/3 2504/6/3 2574/6/3
f 1552/5/3 1551/5/3 2571/5/3
f 2571/5/3 1551/5/3 2572/5/3
f 23/8/3 22/8/3 2644/8/3
f 2644/8/3 22/8/3 2645/8/3
f 47/8/3 46/8/3 2646/8/3
f 2646/8/3 46/8/3 2647/8/3
f 1582/6/3 140/6/3 1632/6/3
f 1632/6/3 140/6/3 1633/6/3
f 125/6/3 124/6/3 1648/6/3
f 1648/6/3 124/6/3 1649/6/3
f 153/5/3 152/5/3 1674/5/3
f 1674/5/3 152/5/3 1675/5/3
f 137/6/3 2648/6/3 164/6/3
f 164/6/3 2648/6/3 161/6/3
f 144/8/3 2649/8/3 180/8/3
f 180/8/3 2649/8/3 177/8/3
f 186/6/3 185/6/3 1688/6/3
f 1688/6/3 185/6/3 1689/6/3
f 236/5/3 235/5/3 1702/5/3
f 1702/5/3 235/5/3 1703/5/3
f 1716/6/3 1715/6/3 255/6/3
f 255/6/3 1715/6/3 252/6/3
f 1720/8/3 1719/8/3 267/8/3
f 267/8/3 1719/8/3 264/8/3
f 281/6/3 280/6/3 1732/6/3
f 1732/6/3 280/6/3 1733/6/3
f 315/5/3 314/5/3 1752/5/3
f 1752/5/3 314/5/3 1753/5/3
f 1762/6/3 1761/6/3 327/6/3
f 327/6/3 1761/6/3 324/6/3
f 1778/8/3 1777/8/3 349/8/3
f 349/8/3 1777/8/3 346/8/3
f 355/6/3 354/6/3 1786/6/3
f 1786/6/3 354/6/3 1787/6/3
f 376/5/3 375/5/3 1800/5/3
f 1800/5/3 375/5/3 1801/5/3
f 1814/6/3 1813/6/3 394/6/3
f 394/6/3 1813/6/3 391/6/3
f 1818/8/3 1817/8/3 398/8/3
f 398/8/3 1817/8/3 395/8/3
f 412/6/3 411/6/3 1830/6/3
f 1830/6/3 411/6/3 1831/6/3
f 447/5/3 446/5/3 1854/5/3
f 1854/5/3 446/5/3 1855/5/3
f 1864/6/3 1863/6/3 459/6/3
f 459/6/3 1863/6/3 456/6/3
f 1868/8/3 1867/8/3 463/8/3
f 463/8/3 1867/8/3 460/8/3
f 469/6/3 468/6/3 1876/6/3
f 1876/6/3 468/6/3 1877/6/3
f 490/5/3 489/5/3 1890/5/3
f 1890/5/3 489/5/3 1891/5/3
f 1904/6/3 1903/6/3 508/6/3
f 508/6/3 1903/6/3 505/6/3
f 1908/8/3 1907/8/3 512/8/3
f 512/8/3 1907/8/3 509/8/3
f 526/6/3 525/6/3 1920/6/3
f 1920/6/3 525/6/3 1921/6/3
f 550/5/3 549/5/3 1950/5/3
f 1950/5/3 549/5/3 1951/5/3
f 1960/6/3 1959/6/3 562/6/3
f 562/6/3 1959/6/3 559/6/3
f 1973/8/3 1972/8/3 583/8/3
f 583/8/3 1972/8/3 580/8/3
f 593/6/3 592/6/3 1984/6/3
f 1984/6/3 592/6/3 1985/6/3
f 637/5/3 636/5/3 2004/5/3
f 2004/5/3 636/5/3 2005/5/3
f 2022/6/3 2021/6/3 659/6/3
f 659/6/3 2021/6/3 656/6/3
f 2028/8/3 2027/8/3 663/8/3
f 663/8/3 2027/8/3 660/8/3
f 681/6/3 680/6/3 2044/6/3
f 2044/6/3 680/6/3 2045/6/3
f 708/5/3 707/5/3 2062/5/3
f 2062/5/3 707/5/3 2063/5/3
f 2072/6/3 2071/6/3 720/6/3
f 720/6/3 2071/6/3 717/6/3
f 2080/8/3 2079/8/3 728/8/3
f 728/8/3 2079/8/3 725/8/3
f 738/6/3 737/6/3 2092/6/3
f 2092/6/3 737/6/3 2093/6/3
f 785/5/3 784/5/3 2115/5/3
f 2115/5/3 784/5/3 2116/5/3
f 2129/6/3 2128/6/3 803/6/3
f 803/6/3 2128/6/3 800/6/3
f 2141/8/3 2140/8/3 825/8/3
f 825/8/3 2140/8/3 822/8/3
f 843/6/3 842/6/3 2153/6/3
f 2153/6/3 842/6/3 2154/6/3
f 900/5/3 899/5/3 2179/5/3
f 2179/5/3 899/5/3 2180/5/3
f 2189/6/3 2188/6/3 912/6/3
f 912/6/3 2188/6/3 909/6/3
f 2197/8/3 2196/8/3 926/8/3
f 926/8/3 2196/8/3 923/8/3
f 936/6/3 935/6/3 2209/6/3
f 2209/6/3 935/6/3 2210/6/3
f 973/5/3 972/5/3 2223/5/3
f 2223/5/3 972/5/3 2224/5/3
f 2237/6/3 2236/6/3 995/6/3
f 995/6/3 2236/6/3 992/6/3
f 2241/8/3 2240/8/3 1015/8/3
f 1015/8/3 2240/8/3 1012/8/3
f 1037/6/3 1036/6/3 2253/6/3
f 2253/6/3 1036/6/3 2254/6/3
f 1115/5/3 1114/5/3 2273/5/3
f 2273/5/3 1114/5/3 2274/5/3
f 2283/6/3 2282/6/3 1127/6/3
f 1127/6/3 2282/6/3 1124/6/3
f 2300/8/3 2299/8/3 1164/8/3
f 1164/8/3 2299/8/3 1161/8/3
f 1176/6/3 1175/6/3 2311/6/3
f 2311/6/3 1175/6/3 2312/6/3
f 1225/5/3 1224/5/3 2325/5/3
f 2325/5/3 1224/5/3 2326/5/3
f 2339/6/3 2338/6/3 1243/6/3
f 1243/6/3 2338/6/3 1240/6/3
f 2343/7/3 2342/7/3 1255/7/3
f 1255/7/3 2342/7/3 1252/7/3
f 1273/6/3 1272/6/3 2355/6/3
f 2355/6/3 1272/6/3 2356/6/3
f 1348/5/3 1347/5/3 2389/5/3
f 2389/5/3 1347/5/3 2390/5/3
f 2399/6/3 2398/6/3 1358/6/3
f 1358/6/3 2398/6/3 1355/6/3
f 2421/7/3 1423/7/3 1374/7/3
f 1374/7/3 1423/7/3 1371/7/3
f 1382/6/3 1381/6/3 2429/6/3
f 2429/6/3 1381/6/3 2430/6/3
f 1422/5/3 1421/5/3 2467/5/3
f 2467/5/3 1421/5/3 2468/5/3
f 1442/6/3 1441/6/3 2442/6/3
f 2442/6/3 1441/6/3 2485/6/3
f 1472/6/3 1471/6/3 2505/6/3
f 2505/6/3 1471/6/3 2506/6/3
f 2528/7/3 2527/7/3 1497/7/3
f 1497/7/3 2527/7/3 1494/7/3
f 2532/7/3 2531/7/3 1505/7/3
f 1505/7/3 2531/7/3 1502/7/3
f 2536/7/3 2535/7/3 1512/7/3
f 1512/7/3 2535/7/3 1509/7/3
f 2540/7/3 2539/7/3 1516/7/3
f 1516/7/3 2539/7/3 1513/7/3
f 2544/7/3 2543/7/3 1523/7/3
f 1523/7/3 2543/7/3 1520/7/3
f 2548/7/3 2547/7/3 1530/7/3
f 1530/7/3 2547/7/3 1527/7/3
f 11/8/3 10/8/3 16/8/3
f 16/8/3 10/8/3 13/8/3
f 19/8/3 18/8/3 24/8/3
f 24/8/3 18/8/3 21/8/3
f 35/8/3 34/8/3 40/8/3
f 40/8/3 34/8/3 37/8/3
f 43/8/3 42/8/3 48/8/3
f 48/8/3 42/8/3 45/8/3
f 9/8/3 100/8/3 6/8/3
f 6/8/3 100/8/3 1578/8/3
f 17/8/3 202/8/3 14/8/3
f 14/8/3 202/8/3 1580/8/3
f 33/8/3 224/8/3 30/8/3
f 30/8/3 224/8/3 1606/8/3
f 41/8/3 118/8/3 38/8/3
f 38/8/3 118/8/3 1608/8/3
f 167/7/3 2650/7/3 109/7/3
f 109/7/3 2650/7/3 106/7/3
f 175/7/3 2651/7/3 88/7/3
f 88/7/3 2651/7/3 1668/7/3
f 227/8/3 230/8/3 46/8/3
f 46/8/3 230/8/3 123/8/3
f 204/8/3 211/8/3 22/8/3
f 22/8/3 211/8/3 2648/8/3
f 2650/7/3 166/7/3 172/7/3
f 172/7/3 166/7/3 169/7/3
f 2651/7/3 174/7/3 147/7/3
f 147/7/3 174/7/3 2649/7/3
f 229/8/3 228/8/3 154/8/3
f 154/8/3 228/8/3 234/8/3
f 1745/8/3 1744/8/3 316/8/3
f 316/8/3 1744/8/3 313/8/3
f 405/8/3 404/8/3 356/8/3
f 356/8/3 404/8/3 410/8/3
f 1848/8/3 1847/8/3 448/8/3
f 448/8/3 1847/8/3 445/8/3
f 519/8/3 518/8/3 470/8/3
f 470/8/3 518/8/3 524/8/3
f 1944/8/3 1943/8/3 551/8/3
f 551/8/3 1943/8/3 548/8/3
f 674/8/3 673/8/3 594/8/3
f 594/8/3 673/8/3 679/8/3
f 2056/8/3 2055/8/3 709/8/3
f 709/8/3 2055/8/3 706/8/3
f 836/8/3 835/8/3 739/8/3
f 739/8/3 835/8/3 841/8/3
f 2173/8/3 2172/8/3 901/8/3
f 901/8/3 2172/8/3 898/8/3
f 1030/8/3 1029/8/3 937/8/3
f 937/8/3 1029/8/3 1035/8/3
f 2266/8/3 2265/8/3 1116/8/3
f 1116/8/3 2265/8/3 1113/8/3
f 1266/7/3 2456/7/3 1223/7/3
f 1223/7/3 2456/7/3 1380/7/3
f 2488/7/3 2652/7/3 1423/7/3
f 1423/7/3 2652/7/3 1420/7/3
f 2652/7/3 1532/7/3 2552/7/3
f 2552/7/3 1532/7/3 1541/7/3
f 1532/7/3 1531/7/3 1553/7/3
f 1553/7/3 1531/7/3 1550/7/3
f 1108/8/3 2653/8/3 282/8/3
f 282/8/3 2653/8/3 279/8/3
f 2654/8/3 2655/8/3 2656/8/3
f 2656/8/3 2655/8/3 571/8/3
f 575/7/3 574/7/3 579/7/3
f 579/7/3 574/7/3 577/7/3
f 2653/8/3 1107/8/3 1746/8/3
f 1746/8/3 1107/8/3 2267/8/3
f 1107/7/3 1218/7/3 1177/7/3
f 1177/7/3 1218/7/3 1223/7/3
f 1217/7/3 1466/7/3 1267/7/3
f 1267/7/3 1466/7/3 1264/7/3
f 1398/7/3 1431/7/3 2444/7/3
f 2444/7/3 1431/7/3 2474/7/3
f 1435/7/3 1434/7/3 2477/7/3
f 2477/7/3 1434/7/3 2478/7/3
f 1399/7/3 1445/7/3 1508/7/3
f 1508/7/3 1445/7/3 1500/7/3
f 1449/7/3 1448/7/3 1526/7/3
f 1526/7/3 1448/7/3 1518/7/3
f 1408/7/3 1452/7/3 2454/7/3
f 2454/7/3 1452/7/3 2489/7/3
f 1459/7/3 1458/7/3 2495/7/3
f 2495/7/3 1458/7/3 2496/7/3
f 1465/7/3 1464/7/3 1265/7/3
f 1265/7/3 1464/7/3 2499/7/3
f 250/7/3 2657/7/3 101/7/3
f 101/7/3 2657/7/3 199/7/3
f 258/7/3 2658/7/3 166/7/3
f 166/7/3 2658/7/3 2656/7/3
f 262/7/3 2659/7/3 219/7/3
f 219/7/3 2659/7/3 216/7/3
f 270/7/3 2660/7/3 116/7/3
f 116/7/3 2660/7/3 225/7/3
f 2657/7/3 249/7/3 758/7/3
f 758/7/3 249/7/3 748/7/3
f 2658/7/3 257/7/3 2654/7/3
f 2654/7/3 257/7/3 330/7/3
f 2659/7/3 261/7/3 776/7/3
f 776/7/3 261/7/3 344/7/3
f 2660/7/3 269/7/3 1109/7/3
f 1109/7/3 269/7/3 778/7/3
f 426/8/3 425/8/3 329/8/3
f 329/8/3 425/8/3 760/8/3
f 436/8/3 435/8/3 343/8/3
f 343/8/3 435/8/3 768/8/3
f 913/8/3 1054/8/3 991/8/3
f 991/8/3 1054/8/3 988/8/3
f 927/8/3 1103/8/3 1023/8/3
f 1023/8/3 1103/8/3 1020/8/3
f 929/8/3 1104/8/3 777/8/3
f 777/8/3 1104/8/3 1106/8/3
f 2293/7/3 2661/7/3 2662/7/3
f 2662/7/3 2661/7/3 766/7/3
f 2661/7/3 2663/7/3 1100/7/3
f 1100/7/3 2663/7/3 1098/7/3
f 1215/6/3 1214/6/3 1219/6/3
f 1219/6/3 1214/6/3 1217/6/3
f 2663/7/3 2374/7/3 1453/7/3
f 1453/7/3 2374/7/3 1402/7/3
f 1214/2/3 1259/2/3 1217/2/3
f 1217/2/3 1259/2/3 1466/2/3
f 1259/6/3 1342/6/3 1466/6/3
f 1466/6/3 1342/6/3 2664/6/3
f 1342/2/3 1376/2/3 2664/2/3
f 2664/2/3 1376/2/3 2665/2/3
f 1376/6/3 1412/6/3 2665/6/3
f 2665/6/3 1412/6/3 1462/6/3
f 1774/7/3 1773/7/3 1771/7/3
f 1771/7/3 1773/7/3 1772/7/3
f 1773/4/3 1845/4/3 1772/4/3
f 1772/4/3 1845/4/3 1844/4/3
f 1845/7/3 1941/7/3 1844/7/3
f 1844/7/3 1941/7/3 1976/7/3
f 2032/8/3 2031/8/3 1996/8/3
f 1996/8/3 2031/8/3 2084/8/3
f 2107/8/3 2106/8/3 2083/8/3
f 2083/8/3 2106/8/3 2169/8/3
f 2201/8/3 2200/8/3 2168/8/3
f 2168/8/3 2200/8/3 2303/8/3
f 2203/8/3 2666/8/3 2304/8/3
f 2304/8/3 2666/8/3 2305/8/3
f 1332/7/3 1331/7/3 2667/7/3
f 2667/7/3 1331/7/3 2376/7/3
f 2668/7/3 2669/7/3 2203/7/3
f 2203/7/3 2669/7/3 2670/7/3
f 2378/7/3 2671/7/3 1333/7/3
f 1333/7/3 2671/7/3 2418/7/3
f 1563/7/3 1562/7/3 28/7/3
f 28/7/3 1562/7/3 25/7/3
f 304/7/3 2672/7/3 1775/7/3
f 1775/7/3 2672/7/3 1776/7/3
f 2673/8/3 2674/8/3 570/8/3
f 570/8/3 2674/8/3 567/8/3
f 586/8/3 2675/8/3 1977/8/3
f 1977/8/3 2675/8/3 1998/8/3
f 1336/7/3 1335/7/3 2379/7/3
f 2379/7/3 1335/7/3 2380/7/3
f 3/7/3 2/7/3 1556/7/3
f 1556/7/3 2/7/3 1557/7/3
f 300/7/3 299/7/3 305/7/3
f 305/7/3 299/7/3 302/7/3
f 341/7/3 340/7/3 303/7/3
f 303/7/3 340/7/3 2672/7/3
f 340/4/3 433/4/3 1776/4/3
f 1776/4/3 433/4/3 1846/4/3
f 1964/7/3 2676/7/3 1933/7/3
f 1933/7/3 2676/7/3 1934/7/3
f 433/7/3 624/7/3 1846/7/3
f 1846/7/3 624/7/3 1942/7/3
f 2676/7/3 1963/7/3 2673/7/3
f 2673/7/3 1963/7/3 2674/7/3
f 623/8/3 631/8/3 587/8/3
f 587/8/3 631/8/3 584/8/3
f 630/8/3 629/8/3 585/8/3
f 585/8/3 629/8/3 2675/8/3
f 731/8/3 730/8/3 2677/8/3
f 2677/8/3 730/8/3 2086/8/3
f 893/8/3 892/8/3 2678/8/3
f 2678/8/3 892/8/3 2171/8/3
f 1018/8/3 2679/8/3 2680/8/3
f 2680/8/3 2679/8/3 2669/8/3
f 1207/7/3 2382/7/3 2305/7/3
f 2305/7/3 2382/7/3 2667/7/3
f 2381/7/3 1370/7/3 1337/7/3
f 1337/7/3 1370/7/3 1334/7/3
f 1297/7/3 1360/7/3 2402/7/3
f 2402/7/3 1360/7/3 2403/7/3
f 1304/7/3 1363/7/3 2406/7/3
f 2406/7/3 1363/7/3 2407/7/3
f 1312/7/3 1365/7/3 2410/7/3
f 2410/7/3 1365/7/3 2411/7/3
f 1319/7/3 1367/7/3 2414/7/3
f 2414/7/3 1367/7/3 2415/7/3
f 1370/7/3 1369/7/3 2377/7/3
f 2377/7/3 1369/7/3 2671/7/3
f 337/7/3 336/7/3 299/7/3
f 299/7/3 336/7/3 339/7/3
f 336/4/3 431/4/3 339/4/3
f 339/4/3 431/4/3 432/4/3
f 611/7/3 2681/7/3 1937/7/3
f 1937/7/3 2681/7/3 1938/7/3
f 2681/7/3 610/7/3 616/7/3
f 616/7/3 610/7/3 613/7/3
f 431/7/3 619/7/3 432/7/3
f 432/7/3 619/7/3 620/7/3
f 666/8/3 665/8/3 2033/8/3
f 2033/8/3 665/8/3 2034/8/3
f 665/8/3 701/8/3 2085/8/3
f 2085/8/3 701/8/3 2677/8/3
f 1010/8/3 829/8/3 732/8/3
f 732/8/3 829/8/3 729/8/3
f 828/8/3 2682/8/3 2108/8/3
f 2108/8/3 2682/8/3 2109/8/3
f 2133/8/3 2132/8/3 811/8/3
f 811/8/3 2132/8/3 808/8/3
f 2682/8/3 827/8/3 2170/8/3
f 2170/8/3 827/8/3 2678/8/3
f 700/8/3 2683/8/3 882/8/3
f 882/8/3 2683/8/3 879/8/3
f 826/8/3 967/8/3 894/8/3
f 894/8/3 967/8/3 891/8/3
f 966/8/3 2684/8/3 2202/8/3
f 2202/8/3 2684/8/3 2203/8/3
f 2684/8/3 965/8/3 2668/8/3
f 2668/8/3 965/8/3 2680/8/3
f 964/8/3 1009/8/3 1019/8/3
f 1019/8/3 1009/8/3 1016/8/3
f 1097/8/3 1096/8/3 1017/8/3
f 1017/8/3 1096/8/3 2679/8/3
f 1096/8/3 2685/8/3 2670/8/3
f 2670/8/3 2685/8/3 2666/8/3
f 1325/7/3 1340/7/3 1208/7/3
f 1208/7/3 1340/7/3 1205/7/3
f 1132/7/3 1296/7/3 1300/7/3
f 1300/7/3 1296/7/3 1297/7/3
f 1244/7/3 1302/7/3 1307/7/3
f 1307/7/3 1302/7/3 1304/7/3
f 1248/7/3 1309/7/3 1315/7/3
f 1315/7/3 1309/7/3 1312/7/3
f 1318/7/3 1317/7/3 1322/7/3
f 1322/7/3 1317/7/3 1319/7/3
f 1339/7/3 1338/7/3 1206/7/3
f 1206/7/3 1338/7/3 2383/7/3
f 861/4/3 2686/4/3 866/4/3
f 866/4/3 2686/4/3 810/4/3
f 2686/4/3 2687/4/3 2134/4/3
f 2134/4/3 2687/4/3 2135/4/3
f 764/8/3 878/8/3 817/8/3
f 817/8/3 878/8/3 815/8/3
f 2687/4/3 860/4/3 809/4/3
f 809/4/3 860/4/3 863/4/3
f 877/8/3 876/8/3 816/8/3
f 816/8/3 876/8/3 2683/8/3
f 885/4/3 884/4/3 1011/4/3
f 1011/4/3 884/4/3 921/4/3
f 883/8/3 918/8/3 922/8/3
f 922/8/3 918/8/3 919/8/3
f 1089/4/3 1088/4/3 1009/4/3
f 1009/4/3 1088/4/3 1095/4/3
f 1167/4/3 1166/4/3 1096/4/3
f 1096/4/3 1166/4/3 2685/4/3
f 1145/8/3 1196/8/3 1311/8/3
f 1311/8/3 1196/8/3 1246/8/3
f 1200/8/3 1199/8/3 1153/8/3
f 1153/8/3 1199/8/3 1250/8/3
f 1143/8/3 1071/8/3 874/8/3
f 874/8/3 1071/8/3 871/8/3
f 1151/8/3 1075/8/3 763/8/3
f 763/8/3 1075/8/3 875/8/3
f 1074/8/3 955/8/3 876/8/3
f 876/8/3 955/8/3 917/8/3
f 958/7/3 1085/7/3 920/7/3
f 920/7/3 1085/7/3 1008/7/3
f 1085/7/3 1084/7/3 1090/7/3
f 1090/7/3 1084/7/3 1087/7/3
f 1068/8/3 1142/8/3 1148/8/3
f 1148/8/3 1142/8/3 1145/8/3
f 1072/8/3 1150/8/3 1156/8/3
f 1156/8/3 1150/8/3 1153/8/3
f 1081/4/3 1007/4/3 959/4/3
f 959/4/3 1007/4/3 956/4/3
f 1006/4/3 1005/4/3 957/4/3
f 957/4/3 1005/4/3 1085/4/3
f 1004/4/3 1080/4/3 1086/4/3
f 1086/4/3 1080/4/3 1083/4/3
f 2688/7/3 2689/7/3 1088/7/3
f 1088/7/3 2689/7/3 1165/7/3
f 1159/8/3 1158/8/3 2688/8/3
f 2688/8/3 1158/8/3 2689/8/3
f 92/6/4 1627/6/4 89/6/4
f 89/6/4 1627/6/4 1626/6/4
f 113/6/4 1643/6/4 110/6/4
f 110/6/4 1643/6/4 1642/6/4
f 129/5/4 1654/5/4 127/5/4
f 127/5/4 1654/5/4 1653/5/4
f 143/5/4 1670/5/4 141/5/4
f 141/5/4 1670/5/4 1669/5/4
f 157/6/4 1680/6/4 155/6/4
f 155/6/4 1680/6/4 1679/6/4
f 142/6/4 1684/6/4 214/6/4
f 214/6/4 1684/6/4 1683/6/4
f 189/5/4 1694/5/4 187/5/4
f 187/5/4 1694/5/4 1693/5/4
f 215/5/4 1698/5/4 212/5/4
f 212/5/4 1698/5/4 1697/5/4
f 239/6/4 1712/6/4 237/6/4
f 237/6/4 1712/6/4 1711/6/4
f 213/6/4 1728/6/4 308/6/4
f 308/6/4 1728/6/4 1727/6/4
f 285/5/4 1741/5/4 283/5/4
f 283/5/4 1741/5/4 1740/5/4
f 309/5/4 1748/5/4 306/5/4
f 306/5/4 1748/5/4 1747/5/4
f 319/6/4 1758/6/4 317/6/4
f 317/6/4 1758/6/4 1757/6/4
f 307/6/4 1782/6/4 369/6/4
f 369/6/4 1782/6/4 1781/6/4
f 359/5/4 1792/5/4 357/5/4
f 357/5/4 1792/5/4 1791/5/4
f 370/5/4 1796/5/4 367/5/4
f 367/5/4 1796/5/4 1795/5/4
f 379/6/4 1810/6/4 377/6/4
f 377/6/4 1810/6/4 1809/6/4
f 368/6/4 1826/6/4 440/6/4
f 440/6/4 1826/6/4 1825/6/4
f 415/5/4 1838/5/4 413/5/4
f 413/5/4 1838/5/4 1837/5/4
f 441/5/4 1850/5/4 438/5/4
f 438/5/4 1850/5/4 1849/5/4
f 451/6/4 1860/6/4 449/6/4
f 449/6/4 1860/6/4 1859/6/4
f 439/6/4 1872/6/4 483/6/4
f 483/6/4 1872/6/4 1871/6/4
f 473/5/4 1882/5/4 471/5/4
f 471/5/4 1882/5/4 1881/5/4
f 484/5/4 1886/5/4 481/5/4
f 481/5/4 1886/5/4 1885/5/4
f 493/6/4 1900/6/4 491/6/4
f 491/6/4 1900/6/4 1899/6/4
f 482/6/4 1916/6/4 543/6/4
f 543/6/4 1916/6/4 1915/6/4
f 529/5/4 1928/5/4 527/5/4
f 527/5/4 1928/5/4 1927/5/4
f 544/5/4 1946/5/4 541/5/4
f 541/5/4 1946/5/4 1945/5/4
f 554/6/4 1956/6/4 552/6/4
f 552/6/4 1956/6/4 1955/6/4
f 542/6/4 1980/6/4 627/6/4
f 627/6/4 1980/6/4 1979/6/4
f 597/5/4 1990/5/4 595/5/4
f 595/5/4 1990/5/4 1989/5/4
f 628/5/4 2000/5/4 625/5/4
f 625/5/4 2000/5/4 1999/5/4
f 640/6/4 2014/6/4 638/6/4
f 638/6/4 2014/6/4 2013/6/4
f 626/6/4 2040/6/4 698/6/4
f 698/6/4 2040/6/4 2039/6/4
f 684/5/4 2052/5/4 682/5/4
f 682/5/4 2052/5/4 2051/5/4
f 699/5/4 2058/5/4 696/5/4
f 696/5/4 2058/5/4 2057/5/4
f 712/6/4 2068/6/4 710/6/4
f 710/6/4 2068/6/4 2067/6/4
f 697/6/4 2088/6/4 772/6/4
f 772/6/4 2088/6/4 2087/6/4
f 742/5/4 2100/5/4 740/5/4
f 740/5/4 2100/5/4 2099/5/4
f 773/5/4 2111/5/4 770/5/4
f 770/5/4 2111/5/4 2110/5/4
f 788/6/4 2125/6/4 786/6/4
f 786/6/4 2125/6/4 2124/6/4
f 771/6/4 2149/6/4 889/6/4
f 889/6/4 2149/6/4 2148/6/4
f 846/5/4 2161/5/4 844/5/4
f 844/5/4 2161/5/4 2160/5/4
f 890/5/4 2175/5/4 887/5/4
f 887/5/4 2175/5/4 2174/5/4
f 904/6/4 2185/6/4 902/6/4
f 902/6/4 2185/6/4 2184/6/4
f 888/6/4 2205/6/4 962/6/4
f 962/6/4 2205/6/4 2204/6/4
f 940/5/4 2215/5/4 938/5/4
f 938/5/4 2215/5/4 2214/5/4
f 963/5/4 2219/5/4 960/5/4
f 960/5/4 2219/5/4 2218/5/4
f 976/6/4 2233/6/4 974/6/4
f 974/6/4 2233/6/4 2232/6/4
f 961/6/4 2249/6/4 1093/6/4
f 1093/6/4 2249/6/4 2248/6/4
f 1040/5/4 2262/5/4 1038/5/4
f 1038/5/4 2262/5/4 2261/5/4
f 1094/5/4 2269/5/4 1091/5/4
f 1091/5/4 2269/5/4 2268/5/4
f 1119/6/4 2279/6/4 1117/6/4
f 1117/6/4 2279/6/4 2278/6/4
f 1092/6/4 2307/6/4 1203/6/4
f 1203/6/4 2307/6/4 2306/6/4
f 1180/5/4 2317/5/4 1178/5/4
f 1178/5/4 2317/5/4 2316/5/4
f 1204/5/4 2321/5/4 1201/5/4
f 1201/5/4 2321/5/4 2320/5/4
f 1228/6/4 2335/6/4 1226/6/4
f 1226/6/4 2335/6/4 2334/6/4
f 1202/6/4 2351/6/4 1328/6/4
f 1328/6/4 2351/6/4 2350/6/4
f 1276/5/4 2361/5/4 1274/5/4
f 1274/5/4 2361/5/4 2360/5/4
f 1329/5/4 2385/5/4 1326/5/4
f 1326/5/4 2385/5/4 2384/5/4
f 1351/6/4 2395/6/4 1349/6/4
f 1349/6/4 2395/6/4 2394/6/4
f 1327/6/4 2425/6/4 1406/6/4
f 1406/6/4 2425/6/4 2424/6/4
f 1385/5/4 2439/5/4 1383/5/4
f 1383/5/4 2439/5/4 2438/5/4
f 1407/5/4 2463/5/4 1404/5/4
f 1404/5/4 2463/5/4 2462/5/4
f 1426/6/4 2480/6/4 1424/6/4
f 1424/6/4 2480/6/4 2479/6/4
f 1405/6/4 2501/6/4 1454/6/4
f 1454/6/4 2501/6/4 2500/6/4
f 52/5/4 1584/5/4 49/5/4
f 49/5/4 1584/5/4 1583/5/4
f 72/5/4 1611/5/4 69/5/4
f 69/5/4 1611/5/4 1610/5/4
f 2297/8/4 142/8/4 2298/8/4
f 2298/8/4 142/8/4 1203/8/4
f 2298/7/4 1203/7/4 2690/7/4
f 2690/7/4 1203/7/4 1405/7/4
f 1389/6/4 90/6/4 2691/6/4
f 2691/6/4 90/6/4 1425/6/4
f 1477/5/4 2516/5/4 1474/5/4
f 1474/5/4 2516/5/4 2515/5/4
f 1537/5/4 2562/5/4 1534/5/4
f 1534/5/4 2562/5/4 2561/5/4
f 1572/6/4 51/6/4 1573/6/4
f 1573/6/4 51/6/4 50/6/4
f 1600/6/4 71/6/4 1601/6/4
f 1601/6/4 71/6/4 70/6/4
f 1589/7/4 59/7/4 2692/7/4
f 2692/7/4 59/7/4 1658/7/4
f 1663/7/4 2693/7/4 1664/7/4
f 1664/7/4 2693/7/4 1665/7/4
f 2694/7/4 2695/7/4 2696/7/4
f 2696/7/4 2695/7/4 247/7/4
f 2697/7/4 2698/7/4 2699/7/4
f 2699/7/4 2698/7/4 390/7/4
f 2700/7/4 2701/7/4 2702/7/4
f 2702/7/4 2701/7/4 504/7/4
f 2703/7/4 2704/7/4 2705/7/4
f 2705/7/4 2704/7/4 651/7/4
f 2706/7/4 2707/7/4 2708/7/4
f 2708/7/4 2707/7/4 799/7/4
f 2709/7/4 2710/7/4 2711/7/4
f 2711/7/4 2710/7/4 987/7/4
f 2712/7/4 2713/7/4 2714/7/4
f 2714/7/4 2713/7/4 1239/7/4
f 2715/7/4 2716/7/4 2717/7/4
f 2717/7/4 2716/7/4 1387/7/4
f 2509/6/4 1476/6/4 2510/6/4
f 2510/6/4 1476/6/4 1475/6/4
f 2555/6/4 1536/6/4 2556/6/4
f 2556/6/4 1536/6/4 1535/6/4
f 56/5/4 1571/5/4 53/5/4
f 53/5/4 1571/5/4 1570/5/4
f 62/7/4 1590/7/4 2719/7/4
f 2719/7/4 1590/7/4 2718/7/4
f 1636/7/4 2720/7/4 1637/7/4
f 1637/7/4 2720/7/4 2693/7/4
f 2721/5/4 2694/5/4 2723/5/4
f 2723/5/4 2694/5/4 2722/5/4
f 2724/5/4 2697/5/4 2726/5/4
f 2726/5/4 2697/5/4 2725/5/4
f 2727/5/4 2700/5/4 2729/5/4
f 2729/5/4 2700/5/4 2728/5/4
f 2730/5/4 2703/5/4 2732/5/4
f 2732/5/4 2703/5/4 2731/5/4
f 2733/5/4 2706/5/4 2735/5/4
f 2735/5/4 2706/5/4 2734/5/4
f 2736/5/4 2709/5/4 2738/5/4
f 2738/5/4 2709/5/4 2737/5/4
f 2739/5/4 2712/5/4 2741/5/4
f 2741/5/4 2712/5/4 2740/5/4
f 2742/5/4 2715/5/4 2744/5/4
f 2744/5/4 2715/5/4 2743/5/4
f 1481/5/4 2508/5/4 1478/5/4
f 1478/5/4 2508/5/4 2507/5/4
f 1541/5/4 2554/5/4 1538/5/4
f 1538/5/4 2554/5/4 2553/5/4
f 1576/6/4 55/6/4 1577/6/4
f 1577/6/4 55/6/4 54/6/4
f 1592/7/4 63/7/4 1593/7/4
f 1593/7/4 63/7/4 62/7/4
f 1596/7/4 1666/7/4 1597/7/4
f 1597/7/4 1666/7/4 2720/7/4
f 1566/6/4 75/6/4 1604/6/4
f 1604/6/4 75/6/4 74/6/4
f 2436/7/4 1388/7/4 2745/7/4
f 2745/7/4 1388/7/4 2695/7/4
f 2745/7/4 2721/7/4 2746/7/4
f 2746/7/4 2721/7/4 2723/7/4
f 2746/7/4 2722/7/4 1708/7/4
f 1708/7/4 2722/7/4 2696/7/4
f 1709/1/4 246/1/4 1710/1/4
f 1710/1/4 246/1/4 245/1/4
f 1707/7/4 244/7/4 2747/7/4
f 2747/7/4 244/7/4 2698/7/4
f 2747/7/4 2724/7/4 2748/7/4
f 2748/7/4 2724/7/4 2726/7/4
f 2748/7/4 2725/7/4 1806/7/4
f 1806/7/4 2725/7/4 2699/7/4
f 1807/1/4 389/1/4 1808/1/4
f 1808/1/4 389/1/4 388/1/4
f 1805/7/4 387/7/4 2749/7/4
f 2749/7/4 387/7/4 2701/7/4
f 2749/7/4 2727/7/4 2750/7/4
f 2750/7/4 2727/7/4 2729/7/4
f 2750/7/4 2728/7/4 1896/7/4
f 1896/7/4 2728/7/4 2702/7/4
f 1897/1/4 503/1/4 1898/1/4
f 1898/1/4 503/1/4 502/1/4
f 1895/7/4 501/7/4 2751/7/4
f 2751/7/4 501/7/4 2704/7/4
f 2751/7/4 2730/7/4 2752/7/4
f 2752/7/4 2730/7/4 2732/7/4
f 2752/7/4 2731/7/4 2010/7/4
f 2010/7/4 2731/7/4 2705/7/4
f 2011/1/4 650/1/4 2012/1/4
f 2012/1/4 650/1/4 649/1/4
f 2009/7/4 648/7/4 2753/7/4
f 2753/7/4 648/7/4 2707/7/4
f 2753/7/4 2733/7/4 2754/7/4
f 2754/7/4 2733/7/4 2735/7/4
f 2754/7/4 2734/7/4 2121/7/4
f 2121/7/4 2734/7/4 2708/7/4
f 2122/1/4 798/1/4 2123/1/4
f 2123/1/4 798/1/4 797/1/4
f 2120/7/4 796/7/4 2755/7/4
f 2755/7/4 796/7/4 2710/7/4
f 2755/7/4 2736/7/4 2756/7/4
f 2756/7/4 2736/7/4 2738/7/4
f 2756/7/4 2737/7/4 2229/7/4
f 2229/7/4 2737/7/4 2711/7/4
f 2230/1/4 986/1/4 2231/1/4
f 2231/1/4 986/1/4 985/1/4
f 2228/7/4 984/7/4 2757/7/4
f 2757/7/4 984/7/4 2713/7/4
f 2757/7/4 2739/7/4 2758/7/4
f 2758/7/4 2739/7/4 2741/7/4
f 2758/7/4 2740/7/4 2331/7/4
f 2331/7/4 2740/7/4 2714/7/4
f 2332/1/4 1238/1/4 2333/1/4
f 2333/1/4 1238/1/4 1237/1/4
f 2330/7/4 1236/7/4 2759/7/4
f 2759/7/4 1236/7/4 2716/7/4
f 2759/7/4 2742/7/4 2760/7/4
f 2760/7/4 2742/7/4 2744/7/4
f 2760/7/4 2743/7/4 2437/7/4
f 2437/7/4 2743/7/4 2717/7/4
f 2513/6/4 1480/6/4 2514/6/4
f 2514/6/4 1480/6/4 1479/6/4
f 2525/7/4 1488/7/4 2526/7/4
f 2526/7/4 1488/7/4 1487/7/4
f 2559/6/4 1540/6/4 2560/6/4
f 2560/6/4 1540/6/4 1539/6/4
f 2761/7/4 1559/7/4 2762/7/4
f 2762/7/4 1559/7/4 1558/7/4
f 2763/7/4 1567/7/4 2764/7/4
f 2764/7/4 1567/7/4 1566/7/4
f 68/5/4 1575/5/4 65/5/4
f 65/5/4 1575/5/4 1574/5/4
f 1624/6/4 91/6/4 1625/6/4
f 1625/6/4 91/6/4 90/6/4
f 66/8/4 62/8/4 1657/8/4
f 1657/8/4 62/8/4 2719/8/4
f 1640/6/4 112/6/4 1641/6/4
f 1641/6/4 112/6/4 111/6/4
f 1657/8/4 2718/8/4 163/8/4
f 163/8/4 2718/8/4 2692/8/4
f 1638/8/4 110/8/4 179/8/4
f 179/8/4 110/8/4 142/8/4
f 1625/6/4 2435/6/4 2433/6/4
f 2433/6/4 2435/6/4 2434/6/4
f 1356/7/4 2449/7/4 2443/7/4
f 2443/7/4 2449/7/4 2448/7/4
f 1372/7/4 2420/7/4 2453/7/4
f 2453/7/4 2420/7/4 2690/7/4
f 2433/6/4 1386/6/4 2471/6/4
f 2471/6/4 1386/6/4 2691/6/4
f 2491/6/4 1456/6/4 2492/6/4
f 2492/6/4 1456/6/4 1455/6/4
f 1493/5/4 2512/5/4 1490/5/4
f 1490/5/4 2512/5/4 2511/5/4
f 8/8/4 2761/8/4 5/8/4
f 5/8/4 2761/8/4 2762/8/4
f 32/8/4 2763/8/4 29/8/4
f 29/8/4 2763/8/4 2764/8/4
f 96/6/4 1623/6/4 93/6/4
f 93/6/4 1623/6/4 1622/6/4
f 1605/6/4 1639/6/4 146/6/4
f 146/6/4 1639/6/4 1638/6/4
f 133/5/4 1651/5/4 130/5/4
f 130/5/4 1651/5/4 1650/5/4
f 160/6/4 1677/6/4 158/6/4
f 158/6/4 1677/6/4 1676/6/4
f 138/8/4 163/8/4 2765/8/4
f 2765/8/4 163/8/4 162/8/4
f 145/6/4 179/6/4 2766/6/4
f 2766/6/4 179/6/4 178/6/4
f 192/5/4 1691/5/4 190/5/4
f 190/5/4 1691/5/4 1690/5/4
f 243/6/4 1705/6/4 240/6/4
f 240/6/4 1705/6/4 1704/6/4
f 1717/8/4 254/8/4 1718/8/4
f 1718/8/4 254/8/4 253/8/4
f 1721/6/4 266/6/4 1722/6/4
f 1722/6/4 266/6/4 265/6/4
f 289/5/4 1735/5/4 286/5/4
f 286/5/4 1735/5/4 1734/5/4
f 323/6/4 1755/6/4 320/6/4
f 320/6/4 1755/6/4 1754/6/4
f 1763/8/4 326/8/4 1764/8/4
f 1764/8/4 326/8/4 325/8/4
f 1779/6/4 348/6/4 1780/6/4
f 1780/6/4 348/6/4 347/6/4
f 362/5/4 1789/5/4 360/5/4
f 360/5/4 1789/5/4 1788/5/4
f 382/6/4 1803/6/4 380/6/4
f 380/6/4 1803/6/4 1802/6/4
f 1815/8/4 393/8/4 1816/8/4
f 1816/8/4 393/8/4 392/8/4
f 1819/6/4 397/6/4 1820/6/4
f 1820/6/4 397/6/4 396/6/4
f 419/5/4 1833/5/4 416/5/4
f 416/5/4 1833/5/4 1832/5/4
f 455/6/4 1857/6/4 452/6/4
f 452/6/4 1857/6/4 1856/6/4
f 1865/8/4 458/8/4 1866/8/4
f 1866/8/4 458/8/4 457/8/4
f 1869/6/4 462/6/4 1870/6/4
f 1870/6/4 462/6/4 461/6/4
f 476/5/4 1879/5/4 474/5/4
f 474/5/4 1879/5/4 1878/5/4
f 496/6/4 1893/6/4 494/6/4
f 494/6/4 1893/6/4 1892/6/4
f 1905/8/4 507/8/4 1906/8/4
f 1906/8/4 507/8/4 506/8/4
f 1909/6/4 511/6/4 1910/6/4
f 1910/6/4 511/6/4 510/6/4
f 533/5/4 1923/5/4 530/5/4
f 530/5/4 1923/5/4 1922/5/4
f 558/6/4 1953/6/4 555/6/4
f 555/6/4 1953/6/4 1952/6/4
f 1961/8/4 561/8/4 1962/8/4
f 1962/8/4 561/8/4 560/8/4
f 1974/6/4 582/6/4 1975/6/4
f 1975/6/4 582/6/4 581/6/4
f 600/5/4 1987/5/4 598/5/4
f 598/5/4 1987/5/4 1986/5/4
f 643/6/4 2007/6/4 641/6/4
f 641/6/4 2007/6/4 2006/6/4
f 2023/8/4 658/8/4 2024/8/4
f 2024/8/4 658/8/4 657/8/4
f 2029/6/4 662/6/4 2030/6/4
f 2030/6/4 662/6/4 661/6/4
f 688/5/4 2047/5/4 685/5/4
f 685/5/4 2047/5/4 2046/5/4
f 716/6/4 2065/6/4 713/6/4
f 713/6/4 2065/6/4 2064/6/4
f 2073/8/4 719/8/4 2074/8/4
f 2074/8/4 719/8/4 718/8/4
f 2081/6/4 727/6/4 2082/6/4
f 2082/6/4 727/6/4 726/6/4
f 745/5/4 2095/5/4 743/5/4
f 743/5/4 2095/5/4 2094/5/4
f 791/6/4 2118/6/4 789/6/4
f 789/6/4 2118/6/4 2117/6/4
f 2130/8/4 802/8/4 2131/8/4
f 2131/8/4 802/8/4 801/8/4
f 2142/6/4 824/6/4 2143/6/4
f 2143/6/4 824/6/4 823/6/4
f 850/5/4 2156/5/4 847/5/4
f 847/5/4 2156/5/4 2155/5/4
f 908/6/4 2182/6/4 905/6/4
f 905/6/4 2182/6/4 2181/6/4
f 2190/8/4 911/8/4 2191/8/4
f 2191/8/4 911/8/4 910/8/4
f 2198/6/4 925/6/4 2199/6/4
f 2199/6/4 925/6/4 924/6/4
f 943/5/4 2212/5/4 941/5/4
f 941/5/4 2212/5/4 2211/5/4
f 979/6/4 2226/6/4 977/6/4
f 977/6/4 2226/6/4 2225/6/4
f 2238/8/4 994/8/4 2239/8/4
f 2239/8/4 994/8/4 993/8/4
f 2242/6/4 1014/6/4 2243/6/4
f 2243/6/4 1014/6/4 1013/6/4
f 1044/5/4 2256/5/4 1041/5/4
f 1041/5/4 2256/5/4 2255/5/4
f 1123/6/4 2276/6/4 1120/6/4
f 1120/6/4 2276/6/4 2275/6/4
f 2284/8/4 1126/8/4 2285/8/4
f 2285/8/4 1126/8/4 1125/8/4
f 2301/6/4 1163/6/4 2302/6/4
f 2302/6/4 1163/6/4 1162/6/4
f 1183/5/4 2314/5/4 1181/5/4
f 1181/5/4 2314/5/4 2313/5/4
f 1231/6/4 2328/6/4 1229/6/4
f 1229/6/4 2328/6/4 2327/6/4
f 2340/7/4 1242/7/4 2341/7/4
f 2341/7/4 1242/7/4 1241/7/4
f 2344/6/4 1254/6/4 2345/6/4
f 2345/6/4 1254/6/4 1253/6/4
f 1279/5/4 2358/5/4 1277/5/4
f 1277/5/4 2358/5/4 2357/5/4
f 1354/6/4 2392/6/4 1352/6/4
f 1352/6/4 2392/6/4 2391/6/4
f 2400/7/4 1357/7/4 1396/7/4
f 1396/7/4 1357/7/4 1356/7/4
f 2422/6/4 1373/6/4 2423/6/4
f 2423/6/4 1373/6/4 1372/6/4
f 1397/5/4 2432/5/4 1394/5/4
f 1394/5/4 2432/5/4 2431/5/4
f 1443/6/4 2470/6/4 1440/6/4
f 1440/6/4 2470/6/4 2469/6/4
f 1473/6/4 2453/6/4 1470/6/4
f 1470/6/4 2453/6/4 2490/6/4
f 2529/7/4 1496/7/4 2530/7/4
f 2530/7/4 1496/7/4 1495/7/4
f 2533/7/4 1504/7/4 2534/7/4
f 2534/7/4 1504/7/4 1503/7/4
f 2537/7/4 1511/7/4 2538/7/4
f 2538/7/4 1511/7/4 1510/7/4
f 2541/7/4 1515/7/4 2542/7/4
f 2542/7/4 1515/7/4 1514/7/4
f 2545/7/4 1522/7/4 2546/7/4
f 2546/7/4 1522/7/4 1521/7/4
f 2549/7/4 1529/7/4 2550/7/4
f 2550/7/4 1529/7/4 1528/7/4
f 12/8/4 7/8/4 9/8/4
f 9/8/4 7/8/4 6/8/4
f 20/8/4 15/8/4 17/8/4
f 17/8/4 15/8/4 14/8/4
f 36/8/4 31/8/4 33/8/4
f 33/8/4 31/8/4 30/8/4
f 44/8/4 39/8/4 41/8/4
f 41/8/4 39/8/4 38/8/4
f 10/8/4 13/8/4 99/8/4
f 99/8/4 13/8/4 1579/8/4
f 18/8/4 21/8/4 201/8/4
f 201/8/4 21/8/4 1581/8/4
f 34/8/4 37/8/4 223/8/4
f 223/8/4 37/8/4 1607/8/4
f 42/8/4 45/8/4 117/8/4
f 117/8/4 45/8/4 1609/8/4
f 198/8/4 5/8/4 195/8/4
f 195/8/4 5/8/4 94/8/4
f 168/7/4 67/7/4 2767/7/4
f 2767/7/4 67/7/4 1657/7/4
f 176/7/4 108/7/4 2768/7/4
f 2768/7/4 108/7/4 107/7/4
f 2767/7/4 139/7/4 165/7/4
f 165/7/4 139/7/4 2765/7/4
f 2768/7/4 171/7/4 173/7/4
f 173/7/4 171/7/4 170/7/4
f 221/8/4 29/8/4 218/8/4
f 218/8/4 29/8/4 2766/8/4
f 196/8/4 132/8/4 193/8/4
f 193/8/4 132/8/4 191/8/4
f 1738/8/4 288/8/4 1739/8/4
f 1739/8/4 288/8/4 287/8/4
f 386/8/4 322/8/4 383/8/4
f 383/8/4 322/8/4 381/8/4
f 1835/8/4 418/8/4 1836/8/4
f 1836/8/4 418/8/4 417/8/4
f 500/8/4 454/8/4 497/8/4
f 497/8/4 454/8/4 495/8/4
f 1925/8/4 532/8/4 1926/8/4
f 1926/8/4 532/8/4 531/8/4
f 647/8/4 557/8/4 644/8/4
f 644/8/4 557/8/4 642/8/4
f 2049/8/4 687/8/4 2050/8/4
f 2050/8/4 687/8/4 686/8/4
f 795/8/4 715/8/4 792/8/4
f 792/8/4 715/8/4 790/8/4
f 2158/8/4 849/8/4 2159/8/4
f 2159/8/4 849/8/4 848/8/4
f 983/8/4 907/8/4 980/8/4
f 980/8/4 907/8/4 978/8/4
f 2259/8/4 1043/8/4 2260/8/4
f 2260/8/4 1043/8/4 1042/8/4
f 1235/7/4 1182/7/4 2473/7/4
f 2473/7/4 1182/7/4 1353/7/4
f 2446/7/4 1396/7/4 2447/7/4
f 2447/7/4 1396/7/4 1395/7/4
f 2447/7/4 2551/7/4 1501/7/4
f 1501/7/4 2551/7/4 1488/7/4
f 1501/7/4 1492/7/4 1498/7/4
f 1498/7/4 1492/7/4 1491/7/4
f 1048/8/4 242/8/4 2769/8/4
f 2769/8/4 242/8/4 241/8/4
f 576/7/4 538/7/4 573/7/4
f 573/7/4 538/7/4 572/7/4
f 2770/8/4 2771/8/4 2662/8/4
f 2662/8/4 2771/8/4 578/8/4
f 2769/8/4 1737/8/4 1045/8/4
f 1045/8/4 1737/8/4 2258/8/4
f 1045/7/4 1122/7/4 1192/7/4
f 1192/7/4 1122/7/4 1182/7/4
f 1432/7/4 1234/7/4 1429/7/4
f 1429/7/4 1234/7/4 1233/7/4
f 1430/7/4 1232/7/4 1427/7/4
f 1427/7/4 1232/7/4 2472/7/4
f 1436/7/4 2476/7/4 1433/7/4
f 1433/7/4 2476/7/4 2475/7/4
f 1446/7/4 2487/7/4 1444/7/4
f 1444/7/4 2487/7/4 2486/7/4
f 1450/7/4 1507/7/4 1447/7/4
f 1447/7/4 1507/7/4 1519/7/4
f 1401/7/4 1525/7/4 1451/7/4
f 1451/7/4 1525/7/4 1533/7/4
f 1409/7/4 2494/7/4 1457/7/4
f 1457/7/4 2494/7/4 2493/7/4
f 1463/7/4 2498/7/4 1460/7/4
f 1460/7/4 2498/7/4 2497/7/4
f 251/7/4 97/7/4 2772/7/4
f 2772/7/4 97/7/4 197/7/4
f 259/7/4 210/7/4 2773/7/4
f 2773/7/4 210/7/4 209/7/4
f 263/7/4 173/7/4 2774/7/4
f 2774/7/4 173/7/4 2771/7/4
f 271/7/4 114/7/4 2775/7/4
f 2775/7/4 114/7/4 222/7/4
f 2772/7/4 1047/7/4 248/7/4
f 248/7/4 1047/7/4 749/7/4
f 2773/7/4 757/7/4 256/7/4
f 256/7/4 757/7/4 331/7/4
f 2774/7/4 2770/7/4 260/7/4
f 260/7/4 2770/7/4 345/7/4
f 2775/7/4 775/7/4 268/7/4
f 268/7/4 775/7/4 779/7/4
f 427/8/4 328/8/4 424/8/4
f 424/8/4 328/8/4 761/8/4
f 437/8/4 342/8/4 434/8/4
f 434/8/4 342/8/4 769/8/4
f 1060/8/4 990/8/4 1053/8/4
f 1053/8/4 990/8/4 989/8/4
f 1105/8/4 1022/8/4 1102/8/4
f 1102/8/4 1022/8/4 1021/8/4
f 1051/8/4 746/8/4 1049/8/4
f 1049/8/4 746/8/4 1046/8/4
f 1967/7/4 2655/7/4 2776/7/4
f 2776/7/4 2655/7/4 759/7/4
f 2776/7/4 915/7/4 2777/7/4
f 2777/7/4 915/7/4 1059/7/4
f 1212/6/4 1168/6/4 1209/6/4
f 1209/6/4 1168/6/4 2778/6/4
f 2777/7/4 1194/7/4 2373/7/4
f 2373/7/4 1194/7/4 1403/7/4
f 1209/2/4 2778/2/4 1256/2/4
f 1256/2/4 2778/2/4 2779/2/4
f 1256/6/4 2779/6/4 1341/6/4
f 1341/6/4 2779/6/4 2780/6/4
f 1341/2/4 2780/2/4 1375/2/4
f 1375/2/4 2780/2/4 2781/2/4
f 1375/6/4 2781/6/4 1411/6/4
f 1411/6/4 2781/6/4 1409/6/4
f 1767/7/4 1770/7/4 1768/7/4
f 1768/7/4 1770/7/4 1769/7/4
f 1768/4/4 1769/4/4 1842/4/4
f 1842/4/4 1769/4/4 1843/4/4
f 1842/7/4 1843/7/4 1940/7/4
f 1940/7/4 1843/7/4 1969/7/4
f 2025/8/4 2290/8/4 2026/8/4
f 2026/8/4 2290/8/4 2077/8/4
f 2020/8/4 2076/8/4 2103/8/4
f 2103/8/4 2076/8/4 2075/8/4
f 2104/8/4 2078/8/4 2105/8/4
f 2105/8/4 2078/8/4 2166/8/4
f 2194/8/4 2167/8/4 2195/8/4
f 2195/8/4 2167/8/4 2288/8/4
f 2192/8/4 2287/8/4 2782/8/4
f 2782/8/4 2287/8/4 2286/8/4
f 1287/7/4 2783/7/4 1284/7/4
f 1284/7/4 2783/7/4 2371/7/4
f 2784/7/4 2192/7/4 2786/7/4
f 2786/7/4 2192/7/4 2785/7/4
f 2366/7/4 1286/7/4 2787/7/4
f 2787/7/4 1286/7/4 2401/7/4
f 1564/7/4 27/7/4 1565/7/4
f 1565/7/4 27/7/4 26/7/4
f 297/7/4 1766/7/4 2788/7/4
f 2788/7/4 1766/7/4 1765/7/4
f 2789/8/4 569/8/4 2790/8/4
f 2790/8/4 569/8/4 568/8/4
f 566/8/4 1994/8/4 654/8/4
f 654/8/4 1994/8/4 1993/8/4
f 655/7/4 2018/7/4 652/7/4
f 652/7/4 2018/7/4 2017/7/4
f 652/4/4 2017/4/4 750/4/4
f 750/4/4 2017/4/4 2097/4/4
f 1291/7/4 2365/7/4 1288/7/4
f 1288/7/4 2365/7/4 2364/7/4
f 4/7/4 1555/7/4 1/7/4
f 1/7/4 1555/7/4 1554/7/4
f 301/7/4 296/7/4 298/7/4
f 298/7/4 296/7/4 295/7/4
f 334/7/4 294/7/4 332/7/4
f 332/7/4 294/7/4 2788/7/4
f 332/4/4 1765/4/4 428/4/4
f 428/4/4 1765/4/4 1841/4/4
f 1965/7/4 1936/7/4 2791/7/4
f 2791/7/4 1936/7/4 1935/7/4
f 428/7/4 1841/7/4 615/7/4
f 615/7/4 1841/7/4 1939/7/4
f 2791/7/4 2789/7/4 1966/7/4
f 1966/7/4 2789/7/4 2790/7/4
f 608/8/4 563/8/4 2792/8/4
f 2792/8/4 563/8/4 751/8/4
f 858/8/4 2793/8/4 855/8/4
f 855/8/4 2793/8/4 2164/8/4
f 999/8/4 2794/8/4 2795/8/4
f 2795/8/4 2794/8/4 2786/8/4
f 1191/7/4 2286/7/4 2369/7/4
f 2369/7/4 2286/7/4 2783/7/4
f 2370/7/4 1290/7/4 1361/7/4
f 1361/7/4 1290/7/4 1289/7/4
f 1361/7/4 2367/7/4 1359/7/4
f 1359/7/4 2367/7/4 2787/7/4
f 1298/7/4 2405/7/4 1362/7/4
f 1362/7/4 2405/7/4 2404/7/4
f 1305/7/4 2409/7/4 1364/7/4
f 1364/7/4 2409/7/4 2408/7/4
f 1313/7/4 2413/7/4 1366/7/4
f 1366/7/4 2413/7/4 2412/7/4
f 1320/7/4 2417/7/4 1368/7/4
f 1368/7/4 2417/7/4 2416/7/4
f 338/7/4 298/7/4 335/7/4
f 335/7/4 298/7/4 333/7/4
f 335/4/4 333/4/4 430/4/4
f 430/4/4 333/4/4 429/4/4
f 612/7/4 1932/7/4 2796/7/4
f 2796/7/4 1932/7/4 1931/7/4
f 2796/7/4 565/7/4 2797/7/4
f 2797/7/4 565/7/4 564/7/4
f 2797/7/4 607/7/4 609/7/4
f 609/7/4 607/7/4 606/7/4
f 430/7/4 429/7/4 618/7/4
f 618/7/4 429/7/4 617/7/4
f 695/8/4 605/8/4 693/8/4
f 693/8/4 605/8/4 724/8/4
f 1134/8/4 723/8/4 806/8/4
f 806/8/4 723/8/4 722/8/4
f 807/8/4 721/8/4 2798/8/4
f 2798/8/4 721/8/4 2792/8/4
f 2798/8/4 2165/8/4 804/8/4
f 804/8/4 2165/8/4 2793/8/4
f 2138/8/4 820/8/4 2139/8/4
f 2139/8/4 820/8/4 819/8/4
f 805/8/4 857/8/4 950/8/4
f 950/8/4 857/8/4 856/8/4
f 814/8/4 865/8/4 2799/8/4
f 2799/8/4 865/8/4 864/8/4
f 951/8/4 2193/8/4 2800/8/4
f 2800/8/4 2193/8/4 2192/8/4
f 2800/8/4 2784/8/4 948/8/4
f 948/8/4 2784/8/4 2794/8/4
f 949/8/4 998/8/4 1130/8/4
f 1130/8/4 998/8/4 997/8/4
f 1131/8/4 996/8/4 2801/8/4
f 2801/8/4 996/8/4 2795/8/4
f 2801/8/4 2785/8/4 1128/8/4
f 1128/8/4 2785/8/4 2782/8/4
f 1129/7/4 1190/7/4 1294/7/4
f 1294/7/4 1190/7/4 1189/7/4
f 1295/7/4 1188/7/4 1292/7/4
f 1292/7/4 1188/7/4 2368/7/4
f 1303/7/4 1299/7/4 1301/7/4
f 1301/7/4 1299/7/4 1298/7/4
f 1245/7/4 1306/7/4 1308/7/4
f 1308/7/4 1306/7/4 1305/7/4
f 1249/7/4 1314/7/4 1316/7/4
f 1316/7/4 1314/7/4 1313/7/4
f 1154/7/4 1321/7/4 1323/7/4
f 1323/7/4 1321/7/4 1320/7/4
f 886/4/4 881/4/4 2802/4/4
f 2802/4/4 881/4/4 821/4/4
f 765/8/4 664/8/4 869/8/4
f 869/8/4 664/8/4 813/8/4
f 2802/4/4 2137/4/4 2803/4/4
f 2803/4/4 2137/4/4 2136/4/4
f 862/4/4 1133/4/4 859/4/4
f 859/4/4 1133/4/4 1137/4/4
f 870/8/4 812/8/4 867/8/4
f 867/8/4 812/8/4 2799/8/4
f 2803/4/4 818/4/4 883/4/4
f 883/4/4 818/4/4 880/4/4
f 860/8/4 1136/8/4 1061/8/4
f 1061/8/4 1136/8/4 1140/8/4
f 1197/8/4 1138/8/4 1195/8/4
f 1195/8/4 1138/8/4 1247/8/4
f 1146/8/4 1310/8/4 1198/8/4
f 1198/8/4 1310/8/4 1251/8/4
f 1144/8/4 762/8/4 1066/8/4
f 1066/8/4 762/8/4 868/8/4
f 1152/8/4 873/8/4 1070/8/4
f 1070/8/4 873/8/4 872/8/4
f 1067/8/4 1063/8/4 1064/8/4
f 1064/8/4 1063/8/4 1062/8/4
f 1065/8/4 1139/8/4 1141/8/4
f 1141/8/4 1139/8/4 1138/8/4
f 1069/8/4 1147/8/4 1149/8/4
f 1149/8/4 1147/8/4 1146/8/4
f 1082/4/4 954/4/4 1002/4/4
f 1002/4/4 954/4/4 953/4/4
f 1003/4/4 952/4/4 1000/4/4
f 1000/4/4 952/4/4 1078/4/4
f 1001/4/4 1077/4/4 1079/4/4
f 1079/4/4 1077/4/4 1076/4/4
f 2804/7/4 1155/7/4 2805/7/4
f 2805/7/4 1155/7/4 1154/7/4
f 1160/8/4 2804/8/4 1157/8/4
f 1157/8/4 2804/8/4 2805/8/4
f 1680/5/5 157/5/5 1653/5/5
f 1653/5/5 157/5/5 127/5/5
f 1712/5/5 239/5/5 1693/5/5
f 1693/5/5 239/5/5 187/5/5
f 1758/5/5 319/5/5 1740/5/5
f 1740/5/5 319/5/5 283/5/5
f 1810/5/5 379/5/5 1791/5/5
f 1791/5/5 379/5/5 357/5/5
f 1860/5/5 451/5/5 1837/5/5
f 1837/5/5 451/5/5 413/5/5
f 1900/5/5 493/5/5 1881/5/5
f 1881/5/5 493/5/5 471/5/5
f 1956/5/5 554/5/5 1927/5/5
f 1927/5/5 554/5/5 527/5/5
f 2014/5/5 640/5/5 1989/5/5
f 1989/5/5 640/5/5 595/5/5
f 2068/5/5 712/5/5 2051/5/5
f 2051/5/5 712/5/5 682/5/5
f 2125/5/5 788/5/5 2099/5/5
f 2099/5/5 788/5/5 740/5/5
f 2185/5/5 904/5/5 2160/5/5
f 2160/5/5 904/5/5 844/5/5
f 2233/5/5 976/5/5 2214/5/5
f 2214/5/5 976/5/5 938/5/5
f 2279/5/5 1119/5/5 2261/5/5
f 2261/5/5 1119/5/5 1038/5/5
f 2335/5/5 1228/5/5 2316/5/5
f 2316/5/5 1228/5/5 1178/5/5
f 2395/5/5 1351/5/5 2360/5/5
f 2360/5/5 1351/5/5 1274/5/5
f 2480/5/5 1426/5/5 2438/5/5
f 2438/5/5 1426/5/5 1383/5/5
f 1677/5/5 160/5/5 1650/5/5
f 1650/5/5 160/5/5 130/5/5
f 1705/5/5 243/5/5 1690/5/5
f 1690/5/5 243/5/5 190/5/5
f 1755/5/5 323/5/5 1734/5/5
f 1734/5/5 323/5/5 286/5/5
f 1803/5/5 382/5/5 1788/5/5
f 1788/5/5 382/5/5 360/5/5
f 1857/5/5 455/5/5 1832/5/5
f 1832/5/5 455/5/5 416/5/5
f 1893/5/5 496/5/5 1878/5/5
f 1878/5/5 496/5/5 474/5/5
f 1953/5/5 558/5/5 1922/5/5
f 1922/5/5 558/5/5 530/5/5
f 2007/5/5 643/5/5 1986/5/5
f 1986/5/5 643/5/5 598/5/5
f 2065/5/5 716/5/5 2046/5/5
f 2046/5/5 716/5/5 685/5/5
f 2118/5/5 791/5/5 2094/5/5
f 2094/5/5 791/5/5 743/5/5
f 2182/5/5 908/5/5 2155/5/5
f 2155/5/5 908/5/5 847/5/5
f 2226/5/5 979/5/5 2211/5/5
f 2211/5/5 979/5/5 941/5/5
f 2276/5/5 1123/5/5 2255/5/5
f 2255/5/5 1123/5/5 1041/5/5
f 2328/5/5 1231/5/5 2313/5/5
f 2313/5/5 1231/5/5 1181/5/5
f 2392/5/5 1354/5/5 2357/5/5
f 2357/5/5 1354/5/5 1277/5/5
f 2470/5/5 1443/5/5 2431/5/5
f 2431/5/5 1443/5/5 1394/5/5
f 91/5/5 2806/5/5 1583/5/5
f 1583/5/5 2806/5/5 49/5/5
f 2806/6/5 2807/6/5 50/6/5
f 50/6/5 2807/6/5 1573/6/5
f 2807/5/5 2808/5/5 1570/5/5
f 1570/5/5 2808/5/5 53/5/5
f 2808/6/5 2809/6/5 54/6/5
f 54/6/5 2809/6/5 1577/6/5
f 2809/5/5 1624/5/5 1574/5/5
f 1574/5/5 1624/5/5 65/5/5
f 1388/6/5 2436/6/5 1389/6/5
f 1389/6/5 2436/6/5 2435/6/5
f 242/8/5 194/8/5 191/8/5
f 191/8/5 194/8/5 193/8/5
f 288/8/5 1738/8/5 241/8/5
f 241/8/5 1738/8/5 1737/8/5
f 418/8/5 1835/8/5 381/8/5
f 381/8/5 1835/8/5 383/8/5
f 532/8/5 1925/8/5 495/8/5
f 495/8/5 1925/8/5 497/8/5
f 687/8/5 2049/8/5 642/8/5
f 642/8/5 2049/8/5 644/8/5
f 849/8/5 2158/8/5 790/8/5
f 790/8/5 2158/8/5 792/8/5
f 1043/8/5 2259/8/5 978/8/5
f 978/8/5 2259/8/5 980/8/5
f 1234/7/5 1432/7/5 1235/7/5
f 1235/7/5 1432/7/5 1192/7/5
f 13/8/5 10/8/5 6/8/5
f 6/8/5 10/8/5 9/8/5
f 2474/7/5 1431/7/5 2472/7/5
f 2472/7/5 1431/7/5 1427/7/5
f 2476/7/5 1436/7/5 2444/7/5
f 2444/7/5 1436/7/5 1398/7/5
f 246/7/5 1709/7/5 247/7/5
f 247/7/5 1709/7/5 1708/7/5
f 389/7/5 1807/7/5 390/7/5
f 390/7/5 1807/7/5 1806/7/5
f 503/7/5 1897/7/5 504/7/5
f 504/7/5 1897/7/5 1896/7/5
f 650/7/5 2011/7/5 651/7/5
f 651/7/5 2011/7/5 2010/7/5
f 798/7/5 2122/7/5 799/7/5
f 799/7/5 2122/7/5 2121/7/5
f 986/7/5 2230/7/5 987/7/5
f 987/7/5 2230/7/5 2229/7/5
f 1238/7/5 2332/7/5 1239/7/5
f 1239/7/5 2332/7/5 2331/7/5
f 748/7/5 249/7/5 749/7/5
f 749/7/5 249/7/5 248/7/5
f 990/8/5 1060/8/5 991/8/5
f 991/8/5 1060/8/5 913/8/5
f 21/8/5 18/8/5 14/8/5
f 14/8/5 18/8/5 17/8/5
f 2478/7/5 1434/7/5 2475/7/5
f 2475/7/5 1434/7/5 1433/7/5
f 2482/6/5 1438/6/5 2479/6/5
f 2479/6/5 1438/6/5 1424/6/5
f 57/6/5 1587/6/5 2811/6/5
f 2811/6/5 1587/6/5 2810/6/5
f 1482/6/5 2519/6/5 1475/6/5
f 1475/6/5 2519/6/5 2510/6/5
f 61/6/5 1591/6/5 2813/6/5
f 2813/6/5 1591/6/5 2812/6/5
f 1486/6/5 2523/6/5 1479/6/5
f 1479/6/5 2523/6/5 2514/6/5
f 1390/7/5 2442/7/5 1439/7/5
f 1439/7/5 2442/7/5 2484/7/5
f 2645/8/5 22/8/5 2762/8/5
f 2762/8/5 22/8/5 5/8/5
f 2485/6/5 1441/6/5 2469/6/5
f 2469/6/5 1441/6/5 1440/6/5
f 2487/7/5 1446/7/5 2477/7/5
f 2477/7/5 1446/7/5 1435/7/5
f 2098/4/5 751/4/5 2097/4/5
f 2097/4/5 751/4/5 750/4/5
f 1656/5/5 135/5/5 1681/5/5
f 1681/5/5 135/5/5 134/5/5
f 1696/5/5 206/5/5 1713/5/5
f 1713/5/5 206/5/5 205/5/5
f 1743/5/5 291/5/5 1759/5/5
f 1759/5/5 291/5/5 290/5/5
f 1794/5/5 364/5/5 1811/5/5
f 1811/5/5 364/5/5 363/5/5
f 1840/5/5 421/5/5 1861/5/5
f 1861/5/5 421/5/5 420/5/5
f 1884/5/5 478/5/5 1901/5/5
f 1901/5/5 478/5/5 477/5/5
f 1930/5/5 535/5/5 1957/5/5
f 1957/5/5 535/5/5 534/5/5
f 1992/5/5 602/5/5 2015/5/5
f 2015/5/5 602/5/5 601/5/5
f 2054/5/5 690/5/5 2069/5/5
f 2069/5/5 690/5/5 689/5/5
f 2102/5/5 753/5/5 2126/5/5
f 2126/5/5 753/5/5 752/5/5
f 2163/5/5 852/5/5 2186/5/5
f 2186/5/5 852/5/5 851/5/5
f 2217/5/5 945/5/5 2234/5/5
f 2234/5/5 945/5/5 944/5/5
f 2264/5/5 1056/5/5 2280/5/5
f 2280/5/5 1056/5/5 1055/5/5
f 2319/5/5 1185/5/5 2336/5/5
f 2336/5/5 1185/5/5 1184/5/5
f 2363/5/5 1281/5/5 2396/5/5
f 2396/5/5 1281/5/5 1280/5/5
f 2441/5/5 1391/5/5 2481/5/5
f 2481/5/5 1391/5/5 1390/5/5
f 1586/5/5 58/5/5 105/5/5
f 105/5/5 58/5/5 2811/5/5
f 2518/5/5 1483/5/5 2515/5/5
f 2515/5/5 1483/5/5 1474/5/5
f 1590/5/5 62/5/5 2810/5/5
f 2810/5/5 62/5/5 2813/5/5
f 2522/5/5 1487/5/5 2507/5/5
f 2507/5/5 1487/5/5 1478/5/5
f 1593/5/5 66/5/5 2812/5/5
f 2812/5/5 66/5/5 1631/5/5
f 2449/7/5 1356/7/5 2814/7/5
f 2814/7/5 1356/7/5 1355/7/5
f 2526/5/5 1491/5/5 2511/5/5
f 2511/5/5 1491/5/5 1490/5/5
f 163/5/5 138/5/5 164/5/5
f 164/5/5 138/5/5 137/5/5
f 254/5/5 1717/5/5 255/5/5
f 255/5/5 1717/5/5 1716/5/5
f 326/5/5 1763/5/5 327/5/5
f 327/5/5 1763/5/5 1762/5/5
f 393/5/5 1815/5/5 394/5/5
f 394/5/5 1815/5/5 1814/5/5
f 458/5/5 1865/5/5 459/5/5
f 459/5/5 1865/5/5 1864/5/5
f 507/5/5 1905/5/5 508/5/5
f 508/5/5 1905/5/5 1904/5/5
f 561/5/5 1961/5/5 562/5/5
f 562/5/5 1961/5/5 1960/5/5
f 658/5/5 2023/5/5 659/5/5
f 659/5/5 2023/5/5 2022/5/5
f 719/5/5 2073/5/5 720/5/5
f 720/5/5 2073/5/5 2072/5/5
f 802/5/5 2130/5/5 803/5/5
f 803/5/5 2130/5/5 2129/5/5
f 911/5/5 2190/5/5 912/5/5
f 912/5/5 2190/5/5 2189/5/5
f 994/5/5 2238/5/5 995/5/5
f 995/5/5 2238/5/5 2237/5/5
f 1126/5/5 2284/5/5 1127/5/5
f 1127/5/5 2284/5/5 2283/5/5
f 1242/5/5 2340/5/5 1243/5/5
f 1243/5/5 2340/5/5 2339/5/5
f 1357/5/5 2400/5/5 1358/5/5
f 1358/5/5 2400/5/5 2399/5/5
f 2443/5/5 1395/5/5 2442/5/5
f 2442/5/5 1395/5/5 1442/5/5
f 1396/7/5 2446/7/5 1353/7/5
f 1353/7/5 2446/7/5 2473/7/5
f 2290/8/5 2025/8/5 1993/8/5
f 1993/8/5 2025/8/5 2019/8/5
f 2078/8/5 2104/8/5 2075/8/5
f 2075/8/5 2104/8/5 2103/8/5
f 2167/8/5 2194/8/5 2164/8/5
f 2164/8/5 2194/8/5 2193/8/5
f 1286/7/5 2366/7/5 1287/7/5
f 1287/7/5 2366/7/5 2365/7/5
f 2367/7/5 1289/7/5 2364/7/5
f 2364/7/5 1289/7/5 1288/7/5
f 1290/7/5 2370/7/5 1291/7/5
f 1291/7/5 2370/7/5 2369/7/5
f 723/8/5 1134/8/5 724/8/5
f 724/8/5 1134/8/5 693/8/5
f 857/8/5 805/8/5 858/8/5
f 858/8/5 805/8/5 804/8/5
f 998/8/5 949/8/5 999/8/5
f 999/8/5 949/8/5 948/8/5
f 1190/8/5 1129/8/5 1191/8/5
f 1191/8/5 1129/8/5 1128/8/5
f 1494/7/5 2815/7/5 2526/7/5
f 2526/7/5 2815/7/5 1498/7/5
f 2403/7/5 1360/7/5 2401/7/5
f 2401/7/5 1360/7/5 1359/7/5
f 1297/7/5 1296/7/5 2368/7/5
f 2368/7/5 1296/7/5 1292/7/5
f 1496/1/5 2529/1/5 1497/1/5
f 1497/1/5 2529/1/5 2528/1/5
f 810/4/5 2134/4/5 811/4/5
f 811/4/5 2134/4/5 2133/4/5
f 1136/4/5 860/4/5 1137/4/5
f 1137/4/5 860/4/5 859/4/5
f 1502/7/5 2531/7/5 1495/7/5
f 1495/7/5 2531/7/5 2530/7/5
f 1500/7/5 1445/7/5 2486/7/5
f 2486/7/5 1445/7/5 1444/7/5
f 330/7/5 257/7/5 331/7/5
f 331/7/5 257/7/5 256/7/5
f 760/8/5 425/8/5 761/8/5
f 761/8/5 425/8/5 424/8/5
f 1194/8/5 1059/8/5 1046/8/5
f 1046/8/5 1059/8/5 1049/8/5
f 2405/7/5 1298/7/5 2402/7/5
f 2402/7/5 1298/7/5 1297/7/5
f 1299/8/5 1303/8/5 1300/8/5
f 1300/8/5 1303/8/5 1132/8/5
f 1504/1/5 2533/1/5 1505/1/5
f 1505/1/5 2533/1/5 2532/1/5
f 1507/7/5 1450/7/5 1508/7/5
f 1508/7/5 1450/7/5 1399/7/5
f 865/8/5 814/8/5 866/8/5
f 866/8/5 814/8/5 2816/8/5
f 1509/7/5 2535/7/5 1503/7/5
f 1503/7/5 2535/7/5 2534/7/5
f 2407/7/5 1363/7/5 2404/7/5
f 2404/7/5 1363/7/5 1362/7/5
f 1304/7/5 1302/7/5 1298/7/5
f 1298/7/5 1302/7/5 1301/7/5
f 1139/8/5 2817/8/5 1140/8/5
f 1140/8/5 2817/8/5 1061/8/5
f 2817/8/5 1065/8/5 1062/8/5
f 1062/8/5 1065/8/5 1064/8/5
f 1511/1/5 2537/1/5 1512/1/5
f 1512/1/5 2537/1/5 2536/1/5
f 1770/7/5 1767/7/5 1554/7/5
f 1554/7/5 1767/7/5 1766/7/5
f 296/7/5 301/7/5 297/7/5
f 297/7/5 301/7/5 1/7/5
f 2409/7/5 1305/7/5 2406/7/5
f 2406/7/5 1305/7/5 1304/7/5
f 1306/7/5 1245/7/5 1307/7/5
f 1307/7/5 1245/7/5 1244/7/5
f 1246/8/5 1196/8/5 1247/8/5
f 1247/8/5 1196/8/5 1195/8/5
f 1145/8/5 1142/8/5 1197/8/5
f 1197/8/5 1142/8/5 1141/8/5
f 1513/7/5 2539/7/5 1510/7/5
f 1510/7/5 2539/7/5 2538/7/5
f 2411/7/5 1365/7/5 2408/7/5
f 2408/7/5 1365/7/5 1364/7/5
f 1312/7/5 1309/7/5 1305/7/5
f 1305/7/5 1309/7/5 1308/7/5
f 1310/8/5 1146/8/5 1311/8/5
f 1311/8/5 1146/8/5 1145/8/5
f 1147/8/5 1069/8/5 1148/8/5
f 1148/8/5 1069/8/5 1068/8/5
f 1515/1/5 2541/1/5 1516/1/5
f 1516/1/5 2541/1/5 2540/1/5
f 1557/7/5 1775/7/5 1771/7/5
f 1771/7/5 1775/7/5 1774/7/5
f 304/7/5 2/7/5 305/7/5
f 305/7/5 2/7/5 300/7/5
f 2413/7/5 1313/7/5 2410/7/5
f 2410/7/5 1313/7/5 1312/7/5
f 1314/7/5 1249/7/5 1315/7/5
f 1315/7/5 1249/7/5 1248/7/5
f 1250/8/5 1199/8/5 1251/8/5
f 1251/8/5 1199/8/5 1198/8/5
f 1200/8/5 1150/8/5 1146/8/5
f 1146/8/5 1150/8/5 1149/8/5
f 1520/7/5 2543/7/5 1514/7/5
f 1514/7/5 2543/7/5 2542/7/5
f 1518/7/5 1448/7/5 1519/7/5
f 1519/7/5 1448/7/5 1447/7/5
f 2818/8/5 1073/8/5 1156/8/5
f 1156/8/5 1073/8/5 1072/8/5
f 1522/1/5 2545/1/5 1523/1/5
f 1523/1/5 2545/1/5 2544/1/5
f 1525/7/5 1401/7/5 1526/7/5
f 1526/7/5 1401/7/5 1449/7/5
f 1402/7/5 2374/7/5 1403/7/5
f 1403/7/5 2374/7/5 2373/7/5
f 2415/7/5 1367/7/5 2412/7/5
f 2412/7/5 1367/7/5 1366/7/5
f 1319/7/5 1317/7/5 1313/7/5
f 1313/7/5 1317/7/5 1316/7/5
f 1077/4/5 1001/4/5 1078/4/5
f 1078/4/5 1001/4/5 1000/4/5
f 1527/7/5 2547/7/5 1521/7/5
f 1521/7/5 2547/7/5 2546/7/5
f 344/7/5 261/7/5 345/7/5
f 345/7/5 261/7/5 260/7/5
f 768/8/5 435/8/5 769/8/5
f 769/8/5 435/8/5 434/8/5
f 881/8/5 2819/8/5 882/8/5
f 882/8/5 2819/8/5 700/8/5
f 1083/4/5 1080/4/5 1076/4/5
f 1076/4/5 1080/4/5 1079/4/5
f 1529/1/5 2549/1/5 1530/1/5
f 1530/1/5 2549/1/5 2548/1/5
f 2417/7/5 1320/7/5 2414/7/5
f 2414/7/5 1320/7/5 1319/7/5
f 820/4/5 2138/4/5 821/4/5
f 821/4/5 2138/4/5 2137/4/5
f 1321/8/5 1154/8/5 1322/8/5
f 1322/8/5 1154/8/5 1318/8/5
f 921/4/5 884/4/5 922/4/5
f 922/4/5 884/4/5 883/4/5
f 1155/7/5 1084/7/5 2818/7/5
f 2818/7/5 1084/7/5 1073/7/5
f 1085/4/5 1005/4/5 1086/4/5
f 1086/4/5 1005/4/5 1004/4/5
f 2451/7/5 2552/7/5 2448/7/5
f 2448/7/5 2552/7/5 2551/7/5
f 1538/7/5 2557/7/5 1487/7/5
f 1487/7/5 2557/7/5 2526/7/5
f 2557/7/5 2820/7/5 1528/7/5
f 1528/7/5 2820/7/5 2550/7/5
f 2820/7/5 1531/7/5 2527/7/5
f 2527/7/5 1531/7/5 2815/7/5
f 2418/7/5 1369/7/5 2416/7/5
f 2416/7/5 1369/7/5 1368/7/5
f 1325/7/5 2689/7/5 1154/7/5
f 1154/7/5 2689/7/5 2805/7/5
f 2689/8/5 1158/8/5 2805/8/5
f 2805/8/5 1158/8/5 1157/8/5
f 1684/5/5 142/5/5 1669/5/5
f 1669/5/5 142/5/5 141/5/5
f 1728/5/5 213/5/5 1697/5/5
f 1697/5/5 213/5/5 212/5/5
f 1782/5/5 307/5/5 1747/5/5
f 1747/5/5 307/5/5 306/5/5
f 1826/5/5 368/5/5 1795/5/5
f 1795/5/5 368/5/5 367/5/5
f 1872/5/5 439/5/5 1849/5/5
f 1849/5/5 439/5/5 438/5/5
f 1916/5/5 482/5/5 1885/5/5
f 1885/5/5 482/5/5 481/5/5
f 1980/5/5 542/5/5 1945/5/5
f 1945/5/5 542/5/5 541/5/5
f 2040/5/5 626/5/5 1999/5/5
f 1999/5/5 626/5/5 625/5/5
f 2088/5/5 697/5/5 2057/5/5
f 2057/5/5 697/5/5 696/5/5
f 2149/5/5 771/5/5 2110/5/5
f 2110/5/5 771/5/5 770/5/5
f 2205/5/5 888/5/5 2174/5/5
f 2174/5/5 888/5/5 887/5/5
f 2249/5/5 961/5/5 2218/5/5
f 2218/5/5 961/5/5 960/5/5
f 2307/5/5 1092/5/5 2268/5/5
f 2268/5/5 1092/5/5 1091/5/5
f 2351/5/5 1202/5/5 2320/5/5
f 2320/5/5 1202/5/5 1201/5/5
f 2425/5/5 1327/5/5 2384/5/5
f 2384/5/5 1327/5/5 1326/5/5
f 2501/5/5 1405/5/5 2462/5/5
f 2462/5/5 1405/5/5 1404/5/5
f 2420/7/5 2821/7/5 2419/7/5
f 2419/7/5 2821/7/5 2814/7/5
f 2821/7/5 1372/7/5 2450/7/5
f 2450/7/5 1372/7/5 1371/7/5
f 179/5/5 145/5/5 180/5/5
f 180/5/5 145/5/5 144/5/5
f 266/5/5 1721/5/5 267/5/5
f 267/5/5 1721/5/5 1720/5/5
f 348/5/5 1779/5/5 349/5/5
f 349/5/5 1779/5/5 1778/5/5
f 397/5/5 1819/5/5 398/5/5
f 398/5/5 1819/5/5 1818/5/5
f 462/5/5 1869/5/5 463/5/5
f 463/5/5 1869/5/5 1868/5/5
f 511/5/5 1909/5/5 512/5/5
f 512/5/5 1909/5/5 1908/5/5
f 582/5/5 1974/5/5 583/5/5
f 583/5/5 1974/5/5 1973/5/5
f 662/5/5 2029/5/5 663/5/5
f 663/5/5 2029/5/5 2028/5/5
f 727/5/5 2081/5/5 728/5/5
f 728/5/5 2081/5/5 2080/5/5
f 824/5/5 2142/5/5 825/5/5
f 825/5/5 2142/5/5 2141/5/5
f 925/5/5 2198/5/5 926/5/5
f 926/5/5 2198/5/5 2197/5/5
f 1014/5/5 2242/5/5 1015/5/5
f 1015/5/5 2242/5/5 2241/5/5
f 1163/5/5 2301/5/5 1164/5/5
f 1164/5/5 2301/5/5 2300/5/5
f 1254/5/5 2344/5/5 1255/5/5
f 1255/5/5 2344/5/5 2343/5/5
f 1373/5/5 2422/5/5 1374/5/5
f 1374/5/5 2422/5/5 2421/5/5
f 2453/5/5 1473/5/5 2452/5/5
f 2452/5/5 1473/5/5 1420/5/5
f 2489/7/5 1452/7/5 1533/7/5
f 1533/7/5 1452/7/5 1451/7/5
f 1998/8/5 2033/8/5 1996/8/5
f 1996/8/5 2033/8/5 2032/8/5
f 2086/8/5 2108/8/5 2083/8/5
f 2083/8/5 2108/8/5 2107/8/5
f 2171/8/5 2202/8/5 2168/8/5
f 2168/8/5 2202/8/5 2201/8/5
f 2376/7/5 1331/7/5 2371/7/5
f 2371/7/5 1331/7/5 1284/7/5
f 1332/7/5 2379/7/5 1333/7/5
f 1333/7/5 2379/7/5 2378/7/5
f 2380/7/5 1335/7/5 2377/7/5
f 2377/7/5 1335/7/5 1334/7/5
f 1336/7/5 2382/7/5 1337/7/5
f 1337/7/5 2382/7/5 2381/7/5
f 731/8/5 701/8/5 732/8/5
f 732/8/5 701/8/5 1010/8/5
f 893/8/5 827/8/5 894/8/5
f 894/8/5 827/8/5 826/8/5
f 1018/8/5 965/8/5 1019/8/5
f 1019/8/5 965/8/5 964/8/5
f 1207/8/5 2685/8/5 1208/8/5
f 1208/8/5 2685/8/5 1325/8/5
f 2383/7/5 1338/7/5 1320/7/5
f 1320/7/5 1338/7/5 1323/7/5
f 2685/4/5 1166/4/5 1325/4/5
f 1325/4/5 1166/4/5 1165/4/5
f 112/5/5 2822/5/5 1610/5/5
f 1610/5/5 2822/5/5 69/5/5
f 2822/6/5 2823/6/5 70/6/5
f 70/6/5 2823/6/5 1601/6/5
f 2823/5/5 2824/5/5 1598/5/5
f 1598/5/5 2824/5/5 73/5/5
f 2824/6/5 2825/6/5 74/6/5
f 74/6/5 2825/6/5 1604/6/5
f 2825/5/5 1640/5/5 1602/5/5
f 1602/5/5 1640/5/5 85/5/5
f 1456/7/5 2491/7/5 1405/7/5
f 1405/7/5 2491/7/5 2453/7/5
f 2494/7/5 1409/7/5 2454/7/5
f 2454/7/5 1409/7/5 1408/7/5
f 37/8/5 34/8/5 30/8/5
f 30/8/5 34/8/5 33/8/5
f 2496/7/5 1458/7/5 2493/7/5
f 2493/7/5 1458/7/5 1457/7/5
f 2498/7/5 1463/7/5 2495/7/5
f 2495/7/5 1463/7/5 1459/7/5
f 1022/8/5 1105/8/5 1023/8/5
f 1023/8/5 1105/8/5 927/8/5
f 45/8/5 42/8/5 38/8/5
f 38/8/5 42/8/5 41/8/5
f 778/7/5 269/7/5 779/7/5
f 779/7/5 269/7/5 268/7/5
f 1106/8/5 1104/8/5 1453/8/5
f 1453/8/5 1104/8/5 1098/8/5
f 1462/6/5 1412/6/5 1409/6/5
f 1409/6/5 1412/6/5 1411/6/5
f 274/7/5 1725/7/5 275/7/5
f 275/7/5 1725/7/5 1724/7/5
f 401/7/5 1823/7/5 402/7/5
f 402/7/5 1823/7/5 1822/7/5
f 515/7/5 1913/7/5 516/7/5
f 516/7/5 1913/7/5 1912/7/5
f 670/7/5 2037/7/5 671/7/5
f 671/7/5 2037/7/5 2036/7/5
f 832/7/5 2146/7/5 833/7/5
f 833/7/5 2146/7/5 2145/7/5
f 1026/7/5 2246/7/5 1027/7/5
f 1027/7/5 2246/7/5 2245/7/5
f 1262/7/5 2348/7/5 1263/7/5
f 1263/7/5 2348/7/5 2347/7/5
f 2647/8/5 46/8/5 2764/8/5
f 2764/8/5 46/8/5 29/8/5
f 279/8/5 1746/8/5 316/8/5
f 316/8/5 1746/8/5 1745/8/5
f 1380/7/5 2456/7/5 1423/7/5
f 1423/7/5 2456/7/5 2488/7/5
f 1266/7/5 1218/7/5 1267/7/5
f 1267/7/5 1218/7/5 1217/7/5
f 2499/7/5 1464/7/5 2497/7/5
f 2497/7/5 1464/7/5 1460/7/5
f 1415/6/5 2460/6/5 1416/6/5
f 1416/6/5 2460/6/5 2459/6/5
f 234/8/5 228/8/5 282/8/5
f 282/8/5 228/8/5 226/8/5
f 410/8/5 404/8/5 448/8/5
f 448/8/5 404/8/5 1848/8/5
f 524/8/5 518/8/5 551/8/5
f 551/8/5 518/8/5 1944/8/5
f 679/8/5 673/8/5 709/8/5
f 709/8/5 673/8/5 2056/8/5
f 841/8/5 835/8/5 901/8/5
f 901/8/5 835/8/5 2173/8/5
f 1035/8/5 1029/8/5 1116/8/5
f 1116/8/5 1029/8/5 2266/8/5
f 2503/6/5 1468/6/5 2500/6/5
f 2500/6/5 1468/6/5 1454/6/5
f 77/6/5 1614/6/5 2827/6/5
f 2827/6/5 1614/6/5 2826/6/5
f 1542/6/5 2565/6/5 1535/6/5
f 1535/6/5 2565/6/5 2556/6/5
f 81/6/5 1618/6/5 2829/6/5
f 2829/6/5 1618/6/5 2828/6/5
f 1546/6/5 2569/6/5 1539/6/5
f 1539/6/5 2569/6/5 2560/6/5
f 2506/6/5 1471/6/5 2490/6/5
f 2490/6/5 1471/6/5 1470/6/5
f 1672/5/5 149/5/5 1685/5/5
f 1685/5/5 149/5/5 183/5/5
f 1700/5/5 232/5/5 1729/5/5
f 1729/5/5 232/5/5 278/5/5
f 1750/5/5 311/5/5 1783/5/5
f 1783/5/5 311/5/5 352/5/5
f 1798/5/5 372/5/5 1827/5/5
f 1827/5/5 372/5/5 409/5/5
f 1852/5/5 443/5/5 1873/5/5
f 1873/5/5 443/5/5 466/5/5
f 1888/5/5 486/5/5 1917/5/5
f 1917/5/5 486/5/5 523/5/5
f 1948/5/5 546/5/5 1981/5/5
f 1981/5/5 546/5/5 590/5/5
f 2002/5/5 633/5/5 2041/5/5
f 2041/5/5 633/5/5 678/5/5
f 2060/5/5 704/5/5 2089/5/5
f 2089/5/5 704/5/5 735/5/5
f 2113/5/5 781/5/5 2150/5/5
f 2150/5/5 781/5/5 840/5/5
f 2177/5/5 896/5/5 2206/5/5
f 2206/5/5 896/5/5 933/5/5
f 2221/5/5 969/5/5 2250/5/5
f 2250/5/5 969/5/5 1034/5/5
f 2271/5/5 1111/5/5 2308/5/5
f 2308/5/5 1111/5/5 1173/5/5
f 2323/5/5 1221/5/5 2352/5/5
f 2352/5/5 1221/5/5 1270/5/5
f 2387/5/5 1344/5/5 2426/5/5
f 2426/5/5 1344/5/5 1379/5/5
f 2465/5/5 1418/5/5 2502/5/5
f 2502/5/5 1418/5/5 1469/5/5
f 1613/5/5 78/5/5 122/5/5
f 122/5/5 78/5/5 2827/5/5
f 2564/5/5 1543/5/5 2561/5/5
f 2561/5/5 1543/5/5 1534/5/5
f 1617/5/5 82/5/5 2826/5/5
f 2826/5/5 82/5/5 2829/5/5
f 2568/5/5 1547/5/5 2553/5/5
f 2553/5/5 1547/5/5 1538/5/5
f 1621/5/5 86/5/5 2828/5/5
f 2828/5/5 86/5/5 1647/5/5
f 2572/5/5 1551/5/5 2557/5/5
f 2557/5/5 1551/5/5 1550/5/5
f 1675/5/5 152/5/5 1688/5/5
f 1688/5/5 152/5/5 186/5/5
f 1703/5/5 235/5/5 1732/5/5
f 1732/5/5 235/5/5 281/5/5
f 1753/5/5 314/5/5 1786/5/5
f 1786/5/5 314/5/5 355/5/5
f 1801/5/5 375/5/5 1830/5/5
f 1830/5/5 375/5/5 412/5/5
f 1855/5/5 446/5/5 1876/5/5
f 1876/5/5 446/5/5 469/5/5
f 1891/5/5 489/5/5 1920/5/5
f 1920/5/5 489/5/5 526/5/5
f 1951/5/5 549/5/5 1984/5/5
f 1984/5/5 549/5/5 593/5/5
f 2005/5/5 636/5/5 2044/5/5
f 2044/5/5 636/5/5 681/5/5
f 2063/5/5 707/5/5 2092/5/5
f 2092/5/5 707/5/5 738/5/5
f 2116/5/5 784/5/5 2153/5/5
f 2153/5/5 784/5/5 843/5/5
f 2180/5/5 899/5/5 2209/5/5
f 2209/5/5 899/5/5 936/5/5
f 2224/5/5 972/5/5 2253/5/5
f 2253/5/5 972/5/5 1037/5/5
f 2274/5/5 1114/5/5 2311/5/5
f 2311/5/5 1114/5/5 1176/5/5
f 2326/5/5 1224/5/5 2355/5/5
f 2355/5/5 1224/5/5 1273/5/5
f 2390/5/5 1347/5/5 2429/5/5
f 2429/5/5 1347/5/5 1382/5/5
f 2468/5/5 1421/5/5 2505/5/5
f 2505/5/5 1421/5/5 1472/5/5
f 1626/5/6 1654/5/6 89/5/6
f 89/5/6 1654/5/6 129/5/6
f 1679/5/6 1694/5/6 155/5/6
f 155/5/6 1694/5/6 189/5/6
f 1711/5/6 1741/5/6 237/5/6
f 237/5/6 1741/5/6 285/5/6
f 1757/5/6 1792/5/6 317/5/6
f 317/5/6 1792/5/6 359/5/6
f 1809/5/6 1838/5/6 377/5/6
f 377/5/6 1838/5/6 415/5/6
f 1859/5/6 1882/5/6 449/5/6
f 449/5/6 1882/5/6 473/5/6
f 1899/5/6 1928/5/6 491/5/6
f 491/5/6 1928/5/6 529/5/6
f 1955/5/6 1990/5/6 552/5/6
f 552/5/6 1990/5/6 597/5/6
f 2013/5/6 2052/5/6 638/5/6
f 638/5/6 2052/5/6 684/5/6
f 2067/5/6 2100/5/6 710/5/6
f 710/5/6 2100/5/6 742/5/6
f 2124/5/6 2161/5/6 786/5/6
f 786/5/6 2161/5/6 846/5/6
f 2184/5/6 2215/5/6 902/5/6
f 902/5/6 2215/5/6 940/5/6
f 2232/5/6 2262/5/6 974/5/6
f 974/5/6 2262/5/6 1040/5/6
f 2278/5/6 2317/5/6 1117/5/6
f 1117/5/6 2317/5/6 1180/5/6
f 2334/5/6 2361/5/6 1226/5/6
f 1226/5/6 2361/5/6 1276/5/6
f 2394/5/6 2439/5/6 1349/5/6
f 1349/5/6 2439/5/6 1385/5/6
f 1622/5/6 1651/5/6 93/5/6
f 93/5/6 1651/5/6 133/5/6
f 1676/5/6 1691/5/6 158/5/6
f 158/5/6 1691/5/6 192/5/6
f 1704/5/6 1735/5/6 240/5/6
f 240/5/6 1735/5/6 289/5/6
f 1754/5/6 1789/5/6 320/5/6
f 320/5/6 1789/5/6 362/5/6
f 1802/5/6 1833/5/6 380/5/6
f 380/5/6 1833/5/6 419/5/6
f 1856/5/6 1879/5/6 452/5/6
f 452/5/6 1879/5/6 476/5/6
f 1892/5/6 1923/5/6 494/5/6
f 494/5/6 1923/5/6 533/5/6
f 1952/5/6 1987/5/6 555/5/6
f 555/5/6 1987/5/6 600/5/6
f 2006/5/6 2047/5/6 641/5/6
f 641/5/6 2047/5/6 688/5/6
f 2064/5/6 2095/5/6 713/5/6
f 713/5/6 2095/5/6 745/5/6
f 2117/5/6 2156/5/6 789/5/6
f 789/5/6 2156/5/6 850/5/6
f 2181/5/6 2212/5/6 905/5/6
f 905/5/6 2212/5/6 943/5/6
f 2225/5/6 2256/5/6 977/5/6
f 977/5/6 2256/5/6 1044/5/6
f 2275/5/6 2314/5/6 1120/5/6
f 1120/5/6 2314/5/6 1183/5/6
f 2327/5/6 2358/5/6 1229/5/6
f 1229/5/6 2358/5/6 1279/5/6
f 2391/5/6 2432/5/6 1352/5/6
f 1352/5/6 2432/5/6 1397/5/6
f 1425/5/6 2516/5/6 2691/5/6
f 2691/5/6 2516/5/6 1477/5/6
f 2691/6/6 1476/6/6 2830/6/6
f 2830/6/6 1476/6/6 2509/6/6
f 2830/5/6 2508/5/6 2831/5/6
f 2831/5/6 2508/5/6 1481/5/6
f 2831/6/6 1480/6/6 2832/6/6
f 2832/6/6 1480/6/6 2513/6/6
f 2832/5/6 2512/5/6 2471/5/6
f 2471/5/6 2512/5/6 1493/5/6
f 1387/6/6 1386/6/6 2437/6/6
f 2437/6/6 1386/6/6 2434/6/6
f 1558/5/6 1575/5/6 2762/5/6
f 2762/5/6 1575/5/6 68/5/6
f 94/8/6 132/8/6 195/8/6
f 195/8/6 132/8/6 196/8/6
f 6/8/6 5/8/6 9/8/6
f 9/8/6 5/8/6 198/8/6
f 287/8/6 322/8/6 1739/8/6
f 1739/8/6 322/8/6 386/8/6
f 417/8/6 454/8/6 1836/8/6
f 1836/8/6 454/8/6 500/8/6
f 531/8/6 557/8/6 1926/8/6
f 1926/8/6 557/8/6 647/8/6
f 686/8/6 715/8/6 2050/8/6
f 2050/8/6 715/8/6 795/8/6
f 848/8/6 907/8/6 2159/8/6
f 2159/8/6 907/8/6 983/8/6
f 1042/7/6 1122/7/6 2260/7/6
f 2260/7/6 1122/7/6 2258/7/6
f 197/8/6 194/8/6 1047/8/6
f 1047/8/6 194/8/6 1048/8/6
f 1233/7/6 1232/7/6 1429/7/6
f 1429/7/6 1232/7/6 1430/7/6
f 16/8/6 7/8/6 11/8/6
f 11/8/6 7/8/6 12/8/6
f 1579/8/6 1578/8/6 99/8/6
f 99/8/6 1578/8/6 100/8/6
f 98/7/6 97/7/6 2833/7/6
f 2833/7/6 97/7/6 251/7/6
f 2834/3/6 98/3/6 2836/3/6
f 2836/3/6 98/3/6 2835/3/6
f 245/7/6 244/7/6 1710/7/6
f 1710/7/6 244/7/6 1707/7/6
f 388/7/6 387/7/6 1808/7/6
f 1808/7/6 387/7/6 1805/7/6
f 502/7/6 501/7/6 1898/7/6
f 1898/7/6 501/7/6 1895/7/6
f 649/7/6 648/7/6 2012/7/6
f 2012/7/6 648/7/6 2009/7/6
f 797/7/6 796/7/6 2123/7/6
f 2123/7/6 796/7/6 2120/7/6
f 985/7/6 984/7/6 2231/7/6
f 2231/7/6 984/7/6 2228/7/6
f 1237/7/6 1236/7/6 2333/7/6
f 2333/7/6 1236/7/6 2330/7/6
f 14/8/6 13/8/6 17/8/6
f 17/8/6 13/8/6 10/8/6
f 101/7/6 2834/7/6 2837/7/6
f 2837/7/6 2834/7/6 2836/7/6
f 2837/7/6 2835/7/6 250/7/6
f 250/7/6 2835/7/6 2833/7/6
f 989/8/6 988/8/6 1053/8/6
f 1053/8/6 988/8/6 1054/8/6
f 24/8/6 15/8/6 19/8/6
f 19/8/6 15/8/6 20/8/6
f 1581/8/6 1580/8/6 201/8/6
f 201/8/6 1580/8/6 202/8/6
f 1628/6/6 1627/6/6 104/6/6
f 104/6/6 1627/6/6 92/6/6
f 60/6/6 51/6/6 1588/6/6
f 1588/6/6 51/6/6 1572/6/6
f 1485/6/6 2838/6/6 2520/6/6
f 2520/6/6 2838/6/6 2839/6/6
f 64/6/6 55/6/6 1561/6/6
f 1561/6/6 55/6/6 1576/6/6
f 1489/6/6 2840/6/6 2524/6/6
f 2524/6/6 2840/6/6 2841/6/6
f 1560/7/6 1559/7/6 2644/7/6
f 2644/7/6 1559/7/6 2761/7/6
f 103/8/6 102/8/6 1633/8/6
f 1633/8/6 102/8/6 1630/8/6
f 2644/8/6 2761/8/6 23/8/6
f 23/8/6 2761/8/6 8/8/6
f 1632/6/6 1623/6/6 1582/6/6
f 1582/6/6 1623/6/6 96/6/6
f 22/8/6 21/8/6 204/8/6
f 204/8/6 21/8/6 18/8/6
f 2019/7/6 2018/7/6 654/7/6
f 654/7/6 2018/7/6 655/7/6
f 1655/5/6 1629/5/6 136/5/6
f 136/5/6 1629/5/6 103/5/6
f 1695/5/6 1682/5/6 207/5/6
f 207/5/6 1682/5/6 208/5/6
f 1742/5/6 1714/5/6 292/5/6
f 292/5/6 1714/5/6 293/5/6
f 1793/5/6 1760/5/6 365/5/6
f 365/5/6 1760/5/6 366/5/6
f 1839/5/6 1812/5/6 422/5/6
f 422/5/6 1812/5/6 423/5/6
f 1883/5/6 1862/5/6 479/5/6
f 479/5/6 1862/5/6 480/5/6
f 1929/5/6 1902/5/6 536/5/6
f 536/5/6 1902/5/6 537/5/6
f 1991/5/6 1958/5/6 603/5/6
f 603/5/6 1958/5/6 604/5/6
f 2053/5/6 2016/5/6 691/5/6
f 691/5/6 2016/5/6 692/5/6
f 2101/5/6 2070/5/6 754/5/6
f 754/5/6 2070/5/6 755/5/6
f 2162/5/6 2127/5/6 853/5/6
f 853/5/6 2127/5/6 854/5/6
f 2216/5/6 2187/5/6 946/5/6
f 946/5/6 2187/5/6 947/5/6
f 2263/5/6 2235/5/6 1057/5/6
f 1057/5/6 2235/5/6 1058/5/6
f 2318/5/6 2281/5/6 1186/5/6
f 1186/5/6 2281/5/6 1187/5/6
f 2362/5/6 2337/5/6 1282/5/6
f 1282/5/6 2337/5/6 1283/5/6
f 2440/5/6 2397/5/6 1392/5/6
f 1392/5/6 2397/5/6 1393/5/6
f 1585/5/6 1584/5/6 59/5/6
f 59/5/6 1584/5/6 52/5/6
f 2517/5/6 1437/5/6 1484/5/6
f 1484/5/6 1437/5/6 2838/5/6
f 1589/5/6 1571/5/6 63/5/6
f 63/5/6 1571/5/6 56/5/6
f 2521/5/6 2839/5/6 1488/5/6
f 1488/5/6 2839/5/6 2840/5/6
f 1592/5/6 1561/5/6 67/5/6
f 67/5/6 1561/5/6 2645/5/6
f 1658/8/6 2296/8/6 163/8/6
f 163/8/6 2296/8/6 164/8/6
f 2525/5/6 2841/5/6 1492/5/6
f 1492/5/6 2841/5/6 2483/5/6
f 1657/5/6 1633/5/6 139/5/6
f 139/5/6 1633/5/6 140/5/6
f 162/5/6 161/5/6 2765/5/6
f 2765/5/6 161/5/6 2648/5/6
f 253/5/6 252/5/6 1718/5/6
f 1718/5/6 252/5/6 1715/5/6
f 325/5/6 324/5/6 1764/5/6
f 1764/5/6 324/5/6 1761/5/6
f 392/5/6 391/5/6 1816/5/6
f 1816/5/6 391/5/6 1813/5/6
f 457/5/6 456/5/6 1866/5/6
f 1866/5/6 456/5/6 1863/5/6
f 506/5/6 505/5/6 1906/5/6
f 1906/5/6 505/5/6 1903/5/6
f 560/5/6 559/5/6 1962/5/6
f 1962/5/6 559/5/6 1959/5/6
f 657/5/6 656/5/6 2024/5/6
f 2024/5/6 656/5/6 2021/5/6
f 718/5/6 717/5/6 2074/5/6
f 2074/5/6 717/5/6 2071/5/6
f 801/5/6 800/5/6 2131/5/6
f 2131/5/6 800/5/6 2128/5/6
f 910/5/6 909/5/6 2191/5/6
f 2191/5/6 909/5/6 2188/5/6
f 993/5/6 992/5/6 2239/5/6
f 2239/5/6 992/5/6 2236/5/6
f 1125/5/6 1124/5/6 2285/5/6
f 2285/5/6 1124/5/6 2282/5/6
f 1241/5/6 1240/5/6 2341/5/6
f 2341/5/6 1240/5/6 2338/5/6
f 1356/5/6 1355/5/6 1396/5/6
f 1396/5/6 1355/5/6 2398/5/6
f 2765/8/6 2648/8/6 165/8/6
f 165/8/6 2648/8/6 211/8/6
f 2077/8/6 2076/8/6 2026/8/6
f 2026/8/6 2076/8/6 2020/8/6
f 2166/8/6 2165/8/6 2105/8/6
f 2105/8/6 2165/8/6 2098/8/6
f 2288/8/6 2287/8/6 2195/8/6
f 2195/8/6 2287/8/6 2192/8/6
f 1931/8/6 2842/8/6 565/8/6
f 565/8/6 2842/8/6 566/8/6
f 564/8/6 563/8/6 607/8/6
f 607/8/6 563/8/6 608/8/6
f 606/8/6 605/8/6 609/8/6
f 609/8/6 605/8/6 695/8/6
f 722/8/6 721/8/6 806/8/6
f 806/8/6 721/8/6 807/8/6
f 856/8/6 855/8/6 950/8/6
f 950/8/6 855/8/6 951/8/6
f 997/8/6 996/8/6 1130/8/6
f 1130/8/6 996/8/6 1131/8/6
f 1189/7/6 1188/7/6 1294/7/6
f 1294/7/6 1188/7/6 1295/7/6
f 1659/7/6 59/7/6 1595/7/6
f 1595/7/6 59/7/6 1592/7/6
f 2843/7/6 67/7/6 2844/7/6
f 2844/7/6 67/7/6 168/7/6
f 1933/7/6 1932/7/6 2845/7/6
f 2845/7/6 1932/7/6 612/7/6
f 2846/3/6 2843/3/6 2848/3/6
f 2848/3/6 2843/3/6 2847/3/6
f 209/8/6 199/8/6 757/8/6
f 757/8/6 199/8/6 758/8/6
f 809/4/6 808/4/6 2135/4/6
f 2135/4/6 808/4/6 2132/4/6
f 2816/4/6 1133/4/6 861/4/6
f 861/4/6 1133/4/6 862/4/6
f 109/7/6 2846/7/6 2849/7/6
f 2849/7/6 2846/7/6 2848/7/6
f 2849/7/6 2847/7/6 167/7/6
f 167/7/6 2847/7/6 2844/7/6
f 166/7/6 210/7/6 258/7/6
f 258/7/6 210/7/6 259/7/6
f 329/8/6 328/8/6 426/8/6
f 426/8/6 328/8/6 427/8/6
f 759/8/6 746/8/6 915/8/6
f 915/8/6 746/8/6 1051/8/6
f 1935/7/6 1934/7/6 569/7/6
f 569/7/6 1934/7/6 570/7/6
f 568/4/6 567/4/6 1966/4/6
f 1966/4/6 567/4/6 1963/4/6
f 1937/7/6 1936/7/6 2850/7/6
f 2850/7/6 1936/7/6 1965/7/6
f 2850/7/6 1964/7/6 611/7/6
f 611/7/6 1964/7/6 2845/7/6
f 864/8/6 863/8/6 867/8/6
f 867/8/6 863/8/6 860/8/6
f 572/7/6 571/7/6 2851/7/6
f 2851/7/6 571/7/6 1967/7/6
f 1939/8/6 1938/8/6 615/8/6
f 615/8/6 1938/8/6 616/8/6
f 813/8/6 812/8/6 869/8/6
f 869/8/6 812/8/6 870/8/6
f 868/8/6 1063/8/6 1066/8/6
f 1066/8/6 1063/8/6 1067/8/6
f 1969/8/6 1994/8/6 1940/8/6
f 1940/8/6 1994/8/6 2842/8/6
f 28/7/6 2852/7/6 2853/7/6
f 2853/7/6 2852/7/6 4/7/6
f 295/7/6 294/7/6 298/7/6
f 298/7/6 294/7/6 334/7/6
f 617/8/6 613/8/6 618/8/6
f 618/8/6 613/8/6 610/8/6
f 874/8/6 762/8/6 1143/8/6
f 1143/8/6 762/8/6 1144/8/6
f 26/1/6 25/1/6 1565/1/6
f 1565/1/6 25/1/6 1562/1/6
f 299/7/6 298/7/6 337/7/6
f 337/7/6 298/7/6 338/7/6
f 872/8/6 871/8/6 1070/8/6
f 1070/8/6 871/8/6 1071/8/6
f 579/7/6 538/7/6 575/7/6
f 575/7/6 538/7/6 576/7/6
f 1556/7/6 1555/7/6 2854/7/6
f 2854/7/6 1555/7/6 2852/7/6
f 2854/7/6 27/7/6 2855/7/6
f 2855/7/6 27/7/6 1564/7/6
f 2855/7/6 1563/7/6 3/7/6
f 3/7/6 1563/7/6 2853/7/6
f 303/7/6 302/7/6 341/7/6
f 341/7/6 302/7/6 299/7/6
f 817/8/6 664/8/6 764/8/6
f 764/8/6 664/8/6 765/8/6
f 763/8/6 873/8/6 1151/8/6
f 1151/8/6 873/8/6 1152/8/6
f 587/8/6 2856/8/6 623/8/6
f 623/8/6 2856/8/6 624/8/6
f 816/8/6 815/8/6 877/8/6
f 877/8/6 815/8/6 878/8/6
f 876/8/6 875/8/6 1074/8/6
f 1074/8/6 875/8/6 1075/8/6
f 107/8/6 106/8/6 171/8/6
f 171/8/6 106/8/6 172/8/6
f 170/8/6 169/8/6 173/8/6
f 173/8/6 169/8/6 166/8/6
f 578/7/6 577/7/6 2662/7/6
f 2662/7/6 577/7/6 574/7/6
f 2662/7/6 573/7/6 2293/7/6
f 2293/7/6 573/7/6 2851/7/6
f 953/4/6 952/4/6 1002/4/6
f 1002/4/6 952/4/6 1003/4/6
f 2857/7/6 108/7/6 2858/7/6
f 2858/7/6 108/7/6 176/7/6
f 219/7/6 173/7/6 262/7/6
f 262/7/6 173/7/6 263/7/6
f 343/8/6 342/8/6 436/8/6
f 436/8/6 342/8/6 437/8/6
f 880/8/6 879/8/6 883/8/6
f 883/8/6 879/8/6 876/8/6
f 959/4/6 954/4/6 1081/4/6
f 1081/4/6 954/4/6 1082/4/6
f 1665/8/6 1660/8/6 1664/8/6
f 1664/8/6 1660/8/6 1661/8/6
f 1663/8/6 1662/8/6 1637/8/6
f 1637/8/6 1662/8/6 1634/8/6
f 1636/8/6 1635/8/6 1597/8/6
f 1597/8/6 1635/8/6 1594/8/6
f 2859/3/6 2857/3/6 2861/3/6
f 2861/3/6 2857/3/6 2860/3/6
f 819/4/6 818/4/6 2139/4/6
f 2139/4/6 818/4/6 2136/4/6
f 1011/4/6 2819/4/6 885/4/6
f 885/4/6 2819/4/6 886/4/6
f 920/7/6 919/7/6 2862/7/6
f 2862/7/6 919/7/6 918/7/6
f 2862/7/6 917/7/6 958/7/6
f 958/7/6 917/7/6 955/7/6
f 957/4/6 956/4/6 1006/4/6
f 1006/4/6 956/4/6 1007/4/6
f 72/7/6 1666/7/6 1603/7/6
f 1603/7/6 1666/7/6 1596/7/6
f 1603/8/6 1592/8/6 88/8/6
f 88/8/6 1592/8/6 67/8/6
f 88/7/6 2859/7/6 2863/7/6
f 2863/7/6 2859/7/6 2861/7/6
f 2863/7/6 2860/7/6 175/7/6
f 175/7/6 2860/7/6 2858/7/6
f 1009/4/6 1008/4/6 1089/4/6
f 1089/4/6 1008/4/6 1090/4/6
f 1088/7/6 1087/7/6 2688/7/6
f 2688/7/6 1087/7/6 2804/7/6
f 2688/8/6 2804/8/6 1159/8/6
f 1159/8/6 2804/8/6 1160/8/6
f 1642/5/6 1670/5/6 110/5/6
f 110/5/6 1670/5/6 143/5/6
f 1683/5/6 1698/5/6 214/5/6
f 214/5/6 1698/5/6 215/5/6
f 1727/5/6 1748/5/6 308/5/6
f 308/5/6 1748/5/6 309/5/6
f 1781/5/6 1796/5/6 369/5/6
f 369/5/6 1796/5/6 370/5/6
f 1825/5/6 1850/5/6 440/5/6
f 440/5/6 1850/5/6 441/5/6
f 1871/5/6 1886/5/6 483/5/6
f 483/5/6 1886/5/6 484/5/6
f 1915/5/6 1946/5/6 543/5/6
f 543/5/6 1946/5/6 544/5/6
f 1979/5/6 2000/5/6 627/5/6
f 627/5/6 2000/5/6 628/5/6
f 2039/5/6 2058/5/6 698/5/6
f 698/5/6 2058/5/6 699/5/6
f 2087/5/6 2111/5/6 772/5/6
f 772/5/6 2111/5/6 773/5/6
f 2148/5/6 2175/5/6 889/5/6
f 889/5/6 2175/5/6 890/5/6
f 2204/5/6 2219/5/6 962/5/6
f 962/5/6 2219/5/6 963/5/6
f 2248/5/6 2269/5/6 1093/5/6
f 1093/5/6 2269/5/6 1094/5/6
f 2306/5/6 2321/5/6 1203/5/6
f 1203/5/6 2321/5/6 1204/5/6
f 2350/5/6 2385/5/6 1328/5/6
f 1328/5/6 2385/5/6 1329/5/6
f 2424/5/6 2463/5/6 1406/5/6
f 1406/5/6 2463/5/6 1407/5/6
f 1566/5/6 1603/5/6 2764/5/6
f 2764/5/6 1603/5/6 88/5/6
f 2297/8/6 1667/8/6 179/8/6
f 179/8/6 1667/8/6 180/8/6
f 1638/5/6 1668/5/6 146/5/6
f 146/5/6 1668/5/6 147/5/6
f 178/5/6 177/5/6 2766/5/6
f 2766/5/6 177/5/6 2649/5/6
f 265/5/6 264/5/6 1722/5/6
f 1722/5/6 264/5/6 1719/5/6
f 347/5/6 346/5/6 1780/5/6
f 1780/5/6 346/5/6 1777/5/6
f 396/5/6 395/5/6 1820/5/6
f 1820/5/6 395/5/6 1817/5/6
f 461/5/6 460/5/6 1870/5/6
f 1870/5/6 460/5/6 1867/5/6
f 510/5/6 509/5/6 1910/5/6
f 1910/5/6 509/5/6 1907/5/6
f 581/5/6 580/5/6 1975/5/6
f 1975/5/6 580/5/6 1972/5/6
f 661/5/6 660/5/6 2030/5/6
f 2030/5/6 660/5/6 2027/5/6
f 726/5/6 725/5/6 2082/5/6
f 2082/5/6 725/5/6 2079/5/6
f 823/5/6 822/5/6 2143/5/6
f 2143/5/6 822/5/6 2140/5/6
f 924/5/6 923/5/6 2199/5/6
f 2199/5/6 923/5/6 2196/5/6
f 1013/5/6 1012/5/6 2243/5/6
f 2243/5/6 1012/5/6 2240/5/6
f 1162/5/6 1161/5/6 2302/5/6
f 2302/5/6 1161/5/6 2299/5/6
f 1253/5/6 1252/5/6 2345/5/6
f 2345/5/6 1252/5/6 2342/5/6
f 1372/5/6 1371/5/6 2423/5/6
f 2423/5/6 1371/5/6 1423/5/6
f 2766/8/6 2649/8/6 218/8/6
f 218/8/6 2649/8/6 174/8/6
f 1977/8/6 1976/8/6 2864/8/6
f 2864/8/6 1976/8/6 1941/8/6
f 2085/8/6 2084/8/6 2034/8/6
f 2034/8/6 2084/8/6 2031/8/6
f 2170/8/6 2169/8/6 2109/8/6
f 2109/8/6 2169/8/6 2106/8/6
f 2304/8/6 2303/8/6 2203/8/6
f 2203/8/6 2303/8/6 2200/8/6
f 2864/8/6 1942/8/6 586/8/6
f 586/8/6 1942/8/6 2856/8/6
f 585/8/6 584/8/6 630/8/6
f 630/8/6 584/8/6 631/8/6
f 629/8/6 620/8/6 666/8/6
f 666/8/6 620/8/6 619/8/6
f 730/8/6 729/8/6 828/8/6
f 828/8/6 729/8/6 829/8/6
f 892/8/6 891/8/6 966/8/6
f 966/8/6 891/8/6 967/8/6
f 1017/8/6 1016/8/6 1097/8/6
f 1097/8/6 1016/8/6 1009/8/6
f 1206/7/6 1205/7/6 1339/7/6
f 1339/7/6 1205/7/6 1340/7/6
f 1096/4/6 1095/4/6 1167/4/6
f 1167/4/6 1095/4/6 1088/4/6
f 1455/5/6 2562/5/6 2865/5/6
f 2865/5/6 2562/5/6 1537/5/6
f 2865/6/6 1536/6/6 2866/6/6
f 2866/6/6 1536/6/6 2555/6/6
f 2866/5/6 2554/5/6 2867/5/6
f 2867/5/6 2554/5/6 1541/5/6
f 2867/6/6 1540/6/6 2868/6/6
f 2868/6/6 1540/6/6 2559/6/6
f 111/8/6 110/8/6 1641/8/6
f 1641/8/6 110/8/6 1638/8/6
f 2868/5/6 2558/5/6 2492/5/6
f 2492/5/6 2558/5/6 1553/5/6
f 30/8/6 29/8/6 33/8/6
f 33/8/6 29/8/6 221/8/6
f 40/8/6 31/8/6 35/8/6
f 35/8/6 31/8/6 36/8/6
f 1607/8/6 1606/8/6 223/8/6
f 223/8/6 1606/8/6 224/8/6
f 222/8/6 216/8/6 775/8/6
f 775/8/6 216/8/6 776/8/6
f 2869/6/6 1168/6/6 1211/6/6
f 1211/6/6 1168/6/6 1212/6/6
f 2870/7/6 114/7/6 2871/7/6
f 2871/7/6 114/7/6 271/7/6
f 38/8/6 37/8/6 41/8/6
f 41/8/6 37/8/6 34/8/6
f 115/3/6 2870/3/6 2873/3/6
f 2873/3/6 2870/3/6 2872/3/6
f 1021/8/6 1020/8/6 1102/8/6
f 1102/8/6 1020/8/6 1103/8/6
f 2874/2/6 2869/2/6 1216/2/6
f 1216/2/6 2869/2/6 1211/2/6
f 48/8/6 39/8/6 43/8/6
f 43/8/6 39/8/6 44/8/6
f 1609/8/6 1608/8/6 117/8/6
f 117/8/6 1608/8/6 118/8/6
f 116/7/6 115/7/6 2875/7/6
f 2875/7/6 115/7/6 2873/7/6
f 2875/7/6 2872/7/6 270/7/6
f 270/7/6 2872/7/6 2871/7/6
f 777/8/6 766/8/6 929/8/6
f 929/8/6 766/8/6 1100/8/6
f 1219/6/6 2874/6/6 1215/6/6
f 1215/6/6 2874/6/6 1216/6/6
f 273/7/6 272/7/6 1726/7/6
f 1726/7/6 272/7/6 1723/7/6
f 400/7/6 399/7/6 1824/7/6
f 1824/7/6 399/7/6 1821/7/6
f 514/7/6 513/7/6 1914/7/6
f 1914/7/6 513/7/6 1911/7/6
f 669/7/6 668/7/6 2038/7/6
f 2038/7/6 668/7/6 2035/7/6
f 831/7/6 830/7/6 2147/7/6
f 2147/7/6 830/7/6 2144/7/6
f 1025/7/6 1024/7/6 2247/7/6
f 2247/7/6 1024/7/6 2244/7/6
f 1261/7/6 1260/7/6 2349/7/6
f 2349/7/6 1260/7/6 2346/7/6
f 1568/7/6 1567/7/6 2646/7/6
f 2646/7/6 1567/7/6 2763/7/6
f 2646/8/6 2763/8/6 47/8/6
f 47/8/6 2763/8/6 32/8/6
f 46/8/6 45/8/6 227/8/6
f 227/8/6 45/8/6 42/8/6
f 1177/7/6 1113/7/6 2267/7/6
f 2267/7/6 1113/7/6 2265/7/6
f 226/8/6 225/8/6 1108/8/6
f 1108/8/6 225/8/6 1109/8/6
f 1265/7/6 1264/7/6 1465/7/6
f 1465/7/6 1264/7/6 1466/7/6
f 1414/6/6 1413/6/6 2461/6/6
f 2461/6/6 1413/6/6 2458/6/6
f 154/8/6 123/8/6 229/8/6
f 229/8/6 123/8/6 230/8/6
f 356/8/6 313/8/6 405/8/6
f 405/8/6 313/8/6 1744/8/6
f 470/8/6 445/8/6 519/8/6
f 519/8/6 445/8/6 1847/8/6
f 594/8/6 548/8/6 674/8/6
f 674/8/6 548/8/6 1943/8/6
f 739/8/6 706/8/6 836/8/6
f 836/8/6 706/8/6 2055/8/6
f 937/8/6 898/8/6 1030/8/6
f 1030/8/6 898/8/6 2172/8/6
f 1644/6/6 1643/6/6 121/6/6
f 121/6/6 1643/6/6 113/6/6
f 80/6/6 71/6/6 1615/6/6
f 1615/6/6 71/6/6 1600/6/6
f 1545/6/6 2574/6/6 2566/6/6
f 2566/6/6 2574/6/6 2876/6/6
f 84/6/6 75/6/6 1619/6/6
f 1619/6/6 75/6/6 1566/6/6
f 1549/6/6 2877/6/6 2570/6/6
f 2570/6/6 2877/6/6 2878/6/6
f 1648/6/6 1639/6/6 125/6/6
f 125/6/6 1639/6/6 1605/6/6
f 1671/5/6 1645/5/6 150/5/6
f 150/5/6 1645/5/6 120/5/6
f 1699/5/6 1686/5/6 233/5/6
f 233/5/6 1686/5/6 182/5/6
f 1749/5/6 1730/5/6 312/5/6
f 312/5/6 1730/5/6 277/5/6
f 1797/5/6 1784/5/6 373/5/6
f 373/5/6 1784/5/6 351/5/6
f 1851/5/6 1828/5/6 444/5/6
f 444/5/6 1828/5/6 408/5/6
f 1887/5/6 1874/5/6 487/5/6
f 487/5/6 1874/5/6 465/5/6
f 1947/5/6 1918/5/6 547/5/6
f 547/5/6 1918/5/6 522/5/6
f 2001/5/6 1982/5/6 634/5/6
f 634/5/6 1982/5/6 589/5/6
f 2059/5/6 2042/5/6 705/5/6
f 705/5/6 2042/5/6 677/5/6
f 2112/5/6 2090/5/6 782/5/6
f 782/5/6 2090/5/6 734/5/6
f 2176/5/6 2151/5/6 897/5/6
f 897/5/6 2151/5/6 839/5/6
f 2220/5/6 2207/5/6 970/5/6
f 970/5/6 2207/5/6 932/5/6
f 2270/5/6 2251/5/6 1112/5/6
f 1112/5/6 2251/5/6 1033/5/6
f 2322/5/6 2309/5/6 1222/5/6
f 1222/5/6 2309/5/6 1172/5/6
f 2386/5/6 2353/5/6 1345/5/6
f 1345/5/6 2353/5/6 1269/5/6
f 2464/5/6 2427/5/6 1419/5/6
f 1419/5/6 2427/5/6 1378/5/6
f 1612/5/6 1611/5/6 79/5/6
f 79/5/6 1611/5/6 72/5/6
f 2563/5/6 1467/5/6 1544/5/6
f 1544/5/6 1467/5/6 2574/5/6
f 1616/5/6 1599/5/6 83/5/6
f 83/5/6 1599/5/6 76/5/6
f 2567/5/6 2876/5/6 1548/5/6
f 1548/5/6 2876/5/6 2877/5/6
f 1620/5/6 1569/5/6 87/5/6
f 87/5/6 1569/5/6 2647/5/6
f 2571/5/6 2878/5/6 1552/5/6
f 1552/5/6 2878/5/6 2504/5/6
f 1674/5/6 1649/5/6 153/5/6
f 153/5/6 1649/5/6 124/5/6
f 1702/5/6 1689/5/6 236/5/6
f 236/5/6 1689/5/6 185/5/6
f 1752/5/6 1733/5/6 315/5/6
f 315/5/6 1733/5/6 280/5/6
f 1800/5/6 1787/5/6 376/5/6
f 376/5/6 1787/5/6 354/5/6
f 1854/5/6 1831/5/6 447/5/6
f 447/5/6 1831/5/6 411/5/6
f 1890/5/6 1877/5/6 490/5/6
f 490/5/6 1877/5/6 468/5/6
f 1950/5/6 1921/5/6 550/5/6
f 550/5/6 1921/5/6 525/5/6
f 2004/5/6 1985/5/6 637/5/6
f 637/5/6 1985/5/6 592/5/6
f 2062/5/6 2045/5/6 708/5/6
f 708/5/6 2045/5/6 680/5/6
f 2115/5/6 2093/5/6 785/5/6
f 785/5/6 2093/5/6 737/5/6
f 2179/5/6 2154/5/6 900/5/6
f 900/5/6 2154/5/6 842/5/6
f 2223/5/6 2210/5/6 973/5/6
f 973/5/6 2210/5/6 935/5/6
f 2273/5/6 2254/5/6 1115/5/6
f 1115/5/6 2254/5/6 1036/5/6
f 2325/5/6 2312/5/6 1225/5/6
f 1225/5/6 2312/5/6 1175/5/6
f 2389/5/6 2356/5/6 1348/5/6
f 1348/5/6 2356/5/6 1272/5/6
f 2467/5/6 2430/5/6 1422/5/6
f 1422/5/6 2430/5/6 1381/5/6
