# Vengi binary mesh normalized for Tanks of Freedom II

mtllib ../../materials/vox_building.mtl
o airfield

v 3 2.7 2.9
v 2.9 2.7 2.9
v 2.9 2.7 3
v 3 2.7 3
v 2.9 2.6 2.9
v 2.7 2.6 2.9
v 2.7 2.6 3
v 2.9 2.6 3
v 2.7 2.7 2.9
v 2.6 2.7 2.9
v 2.6 2.7 3
v 2.7 2.7 3
v 2.6 2.1 2.9
v 0.4 2.1 2.9
v 0.4 2.1 3
v 2.6 2.1 3
v 0.4 2.7 2.9
v 0.3 2.7 2.9
v 0.3 2.7 3
v 0.4 2.7 3
v 0.3 2.6 2.9
v 0.1 2.6 2.9
v 0.1 2.6 3
v 0.3 2.6 3
v 0.1 2.7 2.9
v 0 2.7 2.9
v 0 2.7 3
v 0.1 2.7 3
v 0 0.4 2.9
v -2.2 0.4 2.9
v -2.2 0.4 3
v 0 0.4 3
v 3 2.6 2.7
v 2.9 2.6 2.7
v 3 2.6 2.9
v 2.9 2.5 2.7
v 2.7 2.5 2.7
v 2.7 2.5 2.9
v 2.9 2.5 2.9
v 2.7 2.6 2.7
v 2.6 2.6 2.7
v 2.6 2.6 2.9
v 2.6 2.5 2.7
v 2.4 2.5 2.7
v 2.4 2.5 2.9
v 2.6 2.5 2.9
v 2.4 2.4 2.7
v 2.2 2.4 2.7
v 2.2 2.4 2.9
v 2.4 2.4 2.9
v 2.2 2.5 2.7
v 2 2.5 2.7
v 2 2.5 2.9
v 2.2 2.5 2.9
v 2 2.4 2.7
v 1.8 2.4 2.7
v 1.8 2.4 2.9
v 2 2.4 2.9
v 1.8 2.5 2.7
v 1.6 2.5 2.7
v 1.6 2.5 2.9
v 1.8 2.5 2.9
v 1.6 2.4 2.7
v 1.4 2.4 2.7
v 1.4 2.4 2.9
v 1.6 2.4 2.9
v 1.4 2.5 2.7
v 1.2 2.5 2.7
v 1.2 2.5 2.9
v 1.4 2.5 2.9
v 1.2 2.4 2.7
v 1 2.4 2.7
v 1 2.4 2.9
v 1.2 2.4 2.9
v 1 2.5 2.7
v 0.8 2.5 2.7
v 0.8 2.5 2.9
v 1 2.5 2.9
v 0.8 2.4 2.7
v 0.6 2.4 2.7
v 0.6 2.4 2.9
v 0.8 2.4 2.9
v 0.6 2.5 2.7
v 0.4 2.5 2.7
v 0.4 2.5 2.9
v 0.6 2.5 2.9
v 0.4 2.6 2.7
v 0.3 2.6 2.7
v 0.4 2.6 2.9
v 0.3 2.5 2.7
v 0.1 2.5 2.7
v 0.1 2.5 2.9
v 0.3 2.5 2.9
v 0.1 2.6 2.7
v 0 2.6 2.7
v 0 2.6 2.9
v 3 2.7 2.6
v 2.9 2.7 2.6
v 2.9 2.7 2.7
v 3 2.7 2.7
v 2.9 2.6 2.6
v 2.7 2.6 2.6
v 2.7 2.7 2.6
v 2.6 2.7 2.6
v 2.6 2.7 2.7
v 2.7 2.7 2.7
v 0.4 2.7 2.6
v 0.3 2.7 2.6
v 0.3 2.7 2.7
v 0.4 2.7 2.7
v 0.3 2.6 2.6
v 0.1 2.6 2.6
v 0.1 2.7 2.6
v 0 2.7 2.6
v 0 2.7 2.7
v 0.1 2.7 2.7
v 0.8 0.1 2.5
v 0.4 0.1 2.5
v 0.4 0.1 3
v 0.8 0.1 3
v 2.9 2.5 2.4
v 2.7 2.5 2.4
v 2.7 2.5 2.6
v 2.9 2.5 2.6
v 0.7 0.1 2.4
v 0.4 0.1 2.4
v 0.7 0.1 2.5
v 0.3 2.5 2.4
v 0.1 2.5 2.4
v 0.1 2.5 2.6
v 0.3 2.5 2.6
v -0.4 0.3 2.4
v -0.7 0.3 2.4
v -0.7 0.3 2.5
v -0.4 0.3 2.5
v -0.4 0.7 2.4
v -0.8 0.7 2.4
v -0.8 0.7 2.5
v -0.4 0.7 2.5
v 0.9 0.1 2.3
v 0.8 0.1 2.3
v 0.9 0.1 3
v 0.8 0.2 2.3
v 0.7 0.2 2.3
v 0.7 0.2 2.5
v 0.8 0.2 2.5
v 0.6 0.2 2.3
v 0.6 0.2 2.4
v 0.7 0.2 2.4
v 0.6 0.1 2.3
v 0.4 0.1 2.3
v 0.6 0.1 2.4
v 2.3 2.1 2.3
v 0.4 2.1 2.3
v 0.4 2.1 2.7
v 2.3 2.1 2.7
v 0 0.1 2.3
v 0 0.1 2.6
v 0.4 0.1 2.6
v 2.9 2.4 2.2
v 2.7 2.4 2.2
v 2.7 2.4 2.4
v 2.9 2.4 2.4
v 2.8 0.1 2.2
v 2.6 0.1 2.2
v 2.6 0.1 2.6
v 2.8 0.1 2.6
v 2.5 0.1 2.2
v 0.9 0.1 2.2
v 2.5 0.1 3
v 0.3 2.4 2.2
v 0.1 2.4 2.2
v 0.1 2.4 2.4
v 0.3 2.4 2.4
v -1.4 1 2.2
v -1.6 1 2.2
v -1.6 1 2.4
v -1.4 1 2.4
v -2.1 0.3 2.2
v -2.2 0.3 2.2
v -2.2 0.3 2.5
v -2.1 0.3 2.5
v 2.9 0.5 2.1
v 2.3 0.5 2.1
v 2.3 0.5 2.2
v 2.9 0.5 2.2
v 1.1 2.1 2.1
v 0.4 2.1 2.1
v 1.1 2.1 2.3
v 0.9 0.3 2.1
v 0.3 0.3 2.1
v 0.3 0.3 2.3
v 0.9 0.3 2.3
v 0.2 0.3 2.1
v 0.2 0.3 2.3
v -0.3 0.3 2.1
v -0.4 0.3 2.1
v -0.3 0.3 2.4
v -0.4 0.6 2.1
v -0.7 0.6 2.1
v -0.7 0.6 2.4
v -0.4 0.6 2.4
v -0.7 0.3 2.1
v -0.8 0.3 2.1
v -0.8 0.3 2.4
v -1.4 0.9 2.1
v -1.6 0.9 2.1
v -1.6 0.9 2.2
v -1.4 0.9 2.2
v -2.1 0.7 2.1
v -2.2 0.7 2.1
v -2.2 0.7 2.6
v -2.1 0.7 2.6
v 2.9 2.5 2
v 2.7 2.5 2
v 2.7 2.5 2.2
v 2.9 2.5 2.2
v 2.3 2.4 2
v 2.2 2.4 2
v 2.2 2.4 2.3
v 2.3 2.4 2.3
v 2.1 2.4 2
v 2.1 2.4 2.3
v 2 2.4 2
v 2 2.4 2.3
v 0.9 2.4 2
v 0.8 2.4 2
v 0.8 2.4 2.1
v 0.9 2.4 2.1
v 0.7 0.2 2
v 0.6 0.2 2
v 0.6 0.2 2.1
v 0.7 0.2 2.1
v 0.7 2.4 2
v 0.4 2.4 2
v 0.4 2.4 2.1
v 0.7 2.4 2.1
v 0.3 2.5 2
v 0.1 2.5 2
v 0.1 2.5 2.2
v 0.3 2.5 2.2
v -0.3 0.7 2
v -0.4 0.7 2
v -0.3 0.7 2.5
v -0.4 0.3 2
v -0.7 0.3 2
v -0.7 0.7 2
v -0.7 0.7 2.1
v -0.4 0.7 2.1
v -0.8 0.7 2
v -0.7 0.7 2.4
v -1.4 0.8 2
v -1.6 0.8 2
v -1.6 0.8 2.1
v -1.4 0.8 2.1
v 3 0.5 1.9
v 2.9 0.5 1.9
v 3 0.5 2.1
v 2.8 0.1 1.9
v 2.7 0.1 1.9
v 2.7 0.1 2.1
v 2.8 0.1 2.1
v 2.5 0.1 1.9
v 2.4 0.1 1.9
v 2.4 0.1 2.1
v 2.5 0.1 2.1
v 2.9 0.6 1.9
v 2.3 0.6 1.9
v 2.3 0.6 2.1
v 2.9 0.6 2.1
v 2.3 0.5 1.9
v 2.2 0.5 1.9
v 2.2 0.5 2.1
v 0.8 0.2 1.9
v 0.7 0.2 1.9
v 0.8 0.2 2.1
v 0.9 2.7 1.9
v 0.6 2.7 1.9
v 0.6 2.7 2
v 0.9 2.7 2
v 0.6 2.4 1.9
v 0.4 2.4 1.9
v 0.6 2.4 2
v 0.6 0.1 1.9
v 0.2 0.1 1.9
v 0.2 0.1 2.1
v 0.6 0.1 2.1
v -1.3 0.9 1.9
v -1.4 0.9 1.9
v -1.3 0.9 2.1
v -1.6 0.9 1.9
v -1.7 0.9 1.9
v -1.7 0.9 2.1
v 2.9 2.4 1.8
v 2.7 2.4 1.8
v 2.7 2.4 2
v 2.9 2.4 2
v 2.9 0.5 1.8
v 2.3 0.5 1.8
v 1.7 0.6 1.8
v 1.3 0.6 1.8
v 1.3 0.6 1.9
v 1.7 0.6 1.9
v 1.7 1.6 1.8
v 1.3 1.6 1.8
v 1.3 1.6 1.9
v 1.7 1.6 1.9
v 1.7 3 1.8
v 1.3 3 1.8
v 1.3 3 1.9
v 1.7 3 1.9
v 1.7 2.1 1.8
v 1.1 2.1 1.8
v 1.7 2.1 2.3
v 1.1 2.4 1.8
v 1 2.4 1.8
v 1 2.4 2.1
v 1.1 2.4 2.1
v 1.7 0.1 1.8
v 0.9 0.1 1.8
v 1.7 0.1 2.2
v 0.9 2.4 1.8
v 0.8 2.1 1.8
v 0.7 2.1 1.8
v 0.7 2.1 2.1
v 0.8 2.1 2.1
v 0.9 2.7 1.8
v 0.6 2.7 1.8
v 0.6 2.4 1.8
v 0.4 2.4 1.8
v 0.5 0.1 1.8
v 0.2 0.1 1.8
v 0.5 0.1 1.9
v 0.3 2.4 1.8
v 0.1 2.4 1.8
v 0.1 2.4 2
v 0.3 2.4 2
v -1.3 0.8 1.8
v -1.4 0.8 1.8
v -1.4 0.8 1.9
v -1.3 0.8 1.9
v -1.6 0.8 1.8
v -1.7 0.8 1.8
v -1.7 0.8 1.9
v -1.6 0.8 1.9
v 2.8 0.1 1.7
v 2.7 0.1 1.7
v 2.7 0.1 1.8
v 2.8 0.1 1.8
v 2.5 0.1 1.7
v 2.4 0.1 1.7
v 2.4 0.1 1.8
v 2.5 0.1 1.8
v 1.8 0.1 1.7
v 1.7 0.1 1.7
v 1.8 0.1 2.2
v 1.8 0.6 1.7
v 1.7 0.6 1.7
v 1.8 0.6 1.8
v 1.8 1.6 1.7
v 1.7 1.6 1.7
v 1.8 1.6 1.8
v 1.8 2.1 1.7
v 1.7 2.1 1.7
v 1.8 2.1 2.3
v 1.8 3 1.7
v 1.7 3 1.7
v 1.8 3 1.8
v 1.3 0.6 1.7
v 1.2 0.6 1.7
v 1.2 0.6 1.8
v 1.3 1.6 1.7
v 1.2 1.6 1.7
v 1.2 1.6 1.8
v 1.3 3 1.7
v 1.2 3 1.7
v 1.2 3 1.8
v 1.3 0.1 1.7
v 0.9 0.1 1.7
v 1.3 0.1 1.8
v 1.3 2.1 1.7
v 0.9 2.1 1.7
v 0.9 2.1 1.8
v 1.3 2.1 1.8
v 0.7 0.1 1.7
v 0.6 0.1 1.7
v 0.6 0.1 2
v 0.7 0.1 2
v 0.9 2.7 1.7
v 0.6 2.7 1.7
v 0.6 0.2 1.7
v 0.5 0.2 1.7
v 0.5 0.2 1.9
v 0.6 0.2 1.9
v 0.4 0.2 1.7
v 0.4 0.2 1.8
v 0.5 0.2 1.8
v 0.4 0.1 1.7
v 0.2 0.1 1.7
v 0.4 0.1 1.8
v 0 0.1 1.7
v 0.2 0.1 2.3
v -0.1 0.3 1.7
v -0.4 0.3 1.7
v -0.4 0.3 1.8
v -0.1 0.3 1.8
v -0.1 0.7 1.7
v -0.5 0.7 1.7
v -0.5 0.7 1.8
v -0.1 0.7 1.8
v -1.4 0.7 1.7
v -1.6 0.7 1.7
v -1.6 0.7 2
v -1.4 0.7 2
v 2.9 2.5 1.6
v 2.7 2.5 1.6
v 2.7 2.5 1.8
v 2.9 2.5 1.8
v 2.9 0.5 1.6
v 2.3 0.5 1.6
v 2.3 0.5 1.7
v 2.9 0.5 1.7
v 0.9 2.4 1.6
v 0.6 2.4 1.6
v 0.6 2.4 1.7
v 0.9 2.4 1.7
v 0.3 2.5 1.6
v 0.1 2.5 1.6
v 0.1 2.5 1.8
v 0.3 2.5 1.8
v -1.2 0.9 1.6
v -1.3 0.9 1.6
v -1.2 0.9 1.9
v -1.4 0.6 1.6
v -1.6 0.6 1.6
v -1.6 0.6 1.7
v -1.4 0.6 1.7
v -1.7 0.9 1.6
v -1.8 0.9 1.6
v -1.8 0.9 1.9
v 0.9 2.4 1.5
v 0.6 2.4 1.5
v 0.7 0.3 1.5
v 0.1 0.3 1.5
v 0.1 0.3 1.7
v 0.7 0.3 1.7
v 0 0.3 1.5
v 0 0.3 1.7
v -1.2 0.8 1.5
v -1.3 0.8 1.5
v -1.3 0.8 1.6
v -1.2 0.8 1.6
v -1.7 0.8 1.5
v -1.8 0.8 1.5
v -1.8 0.8 1.6
v -1.7 0.8 1.6
v -1.2 0.1 1.5
v -2 0.1 1.5
v -2 0.1 3
v -1.2 0.1 3
v 3 0.5 1.4
v 2.9 0.5 1.4
v 3 0.5 1.6
v 2.8 0.1 1.4
v 2.7 0.1 1.4
v 2.7 0.1 1.6
v 2.8 0.1 1.6
v 2.9 2.4 1.4
v 2.7 2.4 1.4
v 2.7 2.4 1.6
v 2.9 2.4 1.6
v 2.5 0.1 1.4
v 2.4 0.1 1.4
v 2.4 0.1 1.6
v 2.5 0.1 1.6
v 2.9 0.6 1.4
v 2.3 0.6 1.4
v 2.3 0.6 1.6
v 2.9 0.6 1.6
v 2.3 0.5 1.4
v 2.2 0.5 1.4
v 2.2 0.5 1.6
v 0.5 0.2 1.4
v 0.4 0.2 1.4
v 0.4 0.2 1.5
v 0.5 0.2 1.5
v 0.3 2.4 1.4
v 0.1 2.4 1.4
v 0.1 2.4 1.6
v 0.3 2.4 1.6
v 0 0.3 1.4
v -0.1 0.3 1.4
v -0.1 0.6 1.4
v -0.4 0.6 1.4
v -0.4 0.6 1.7
v -0.1 0.6 1.7
v -0.4 0.3 1.4
v -0.5 0.3 1.4
v -0.5 0.3 1.7
v -1.1 0.1 1.4
v -1.2 0.1 1.4
v -1.1 0.1 3
v -1.3 0.7 1.4
v -1.4 0.7 1.4
v -1.4 0.7 1.8
v -1.3 0.7 1.8
v -1.3 0.1 1.4
v -1.7 0.1 1.4
v -1.7 0.1 1.5
v -1.3 0.1 1.5
v -1.6 0.7 1.4
v -1.7 0.7 1.4
v -1.7 0.7 1.8
v -1.6 0.7 1.8
v -1.8 0.1 1.4
v -2 0.1 1.4
v -1.8 0.1 1.5
v 2.9 0.5 1.3
v 2.3 0.5 1.3
v 1.9 0.6 1.3
v 1.8 0.6 1.3
v 1.9 0.6 1.7
v 1.9 1.6 1.3
v 1.8 1.6 1.3
v 1.9 1.6 1.7
v 1.9 3 1.3
v 1.8 3 1.3
v 1.9 3 1.7
v 1.2 0.6 1.3
v 1.1 0.6 1.3
v 1.1 0.6 1.7
v 1.2 1.6 1.3
v 1.1 1.6 1.3
v 1.1 1.6 1.7
v 1.2 3 1.3
v 1.1 3 1.3
v 1.1 3 1.7
v 0.6 0.2 1.3
v 0.5 0.2 1.3
v 0.6 0.2 1.5
v 0 0.7 1.3
v -0.1 0.7 1.3
v 0 0.7 1.8
v -0.1 0.3 1.3
v -0.4 0.3 1.3
v -0.4 0.7 1.3
v -0.4 0.7 1.4
v -0.1 0.7 1.4
v -0.5 0.7 1.3
v -0.4 0.7 1.7
v -1.1 0.5 1.3
v -1.2 0.5 1.3
v -1.2 0.5 1.4
v -1.1 0.5 1.4
v -1.1 0.9 1.3
v -1.2 0.9 1.3
v -1.1 0.9 1.6
v -1.8 0.5 1.3
v -1.9 0.5 1.3
v -1.9 0.5 1.4
v -1.8 0.5 1.4
v -1.8 0.9 1.3
v -1.9 0.9 1.3
v -1.9 0.9 1.6
v 2.8 0.1 1.2
v 2.7 0.1 1.2
v 2.7 0.1 1.3
v 2.8 0.1 1.3
v 2.9 2.5 1.2
v 2.7 2.5 1.2
v 2.7 2.5 1.4
v 2.9 2.5 1.4
v 2.5 0.1 1.2
v 2.4 0.1 1.2
v 2.4 0.1 1.3
v 2.5 0.1 1.3
v 1.8 0.6 1.2
v 1.7 0.6 1.2
v 1.7 0.6 1.3
v 1.8 1.6 1.2
v 1.7 1.6 1.2
v 1.7 1.6 1.3
v 1.8 3 1.2
v 1.7 3 1.2
v 1.7 3 1.3
v 1.3 0.6 1.2
v 1.2 0.6 1.2
v 1.3 0.6 1.3
v 1.3 1.6 1.2
v 1.2 1.6 1.2
v 1.3 1.6 1.3
v 1.3 3 1.2
v 1.2 3 1.2
v 1.3 3 1.3
v 0.3 2.5 1.2
v 0.1 2.5 1.2
v 0.1 2.5 1.4
v 0.3 2.5 1.4
v -1.1 0.8 1.2
v -1.2 0.8 1.2
v -1.2 0.8 1.3
v -1.1 0.8 1.3
v -1.8 0.8 1.2
v -1.9 0.8 1.2
v -1.9 0.8 1.3
v -1.8 0.8 1.3
v 2.9 0.5 1.1
v 2.3 0.5 1.1
v 2.3 0.5 1.2
v 2.9 0.5 1.2
v 2.5 2.1 1.1
v 2.3 2.1 1.1
v 2.5 2.1 2.7
v 2 2.1 1.1
v 2 2.1 2
v 2.3 2.1 2
v 1.7 0.6 1.1
v 1.3 0.6 1.1
v 1.7 1.6 1.1
v 1.3 1.6 1.1
v 1.7 3 1.1
v 1.3 3 1.1
v 1.1 2.1 1.1
v 0.9 2.1 1.1
v 1.1 2.1 1.7
v 0.9 0.1 1.1
v 0.8 0.1 1.1
v 0.8 0.1 2.1
v 0.9 0.1 2.1
v 0.6 2.1 1.1
v 0.6 2.1 1.5
v 0.9 2.1 1.5
v -1.2 0.7 1.1
v -1.3 0.7 1.1
v -1.3 0.7 1.5
v -1.2 0.7 1.5
v -1.7 0.7 1.1
v -1.8 0.7 1.1
v -1.8 0.7 1.5
v -1.7 0.7 1.5
v 2.9 2.4 1
v 2.7 2.4 1
v 2.7 2.4 1.2
v 2.9 2.4 1.2
v 2.4 2.2 1
v 2.1 2.2 1
v 2.1 2.2 1.1
v 2.4 2.2 1.1
v 2.4 2.6 1
v 2 2.6 1
v 2 2.6 1.1
v 2.4 2.6 1.1
v 0.8 0.1 1
v 0.7 0.1 1
v 0.7 0.1 1.9
v 0.8 0.1 1.9
v 0.3 2.4 1
v 0.1 2.4 1
v 0.1 2.4 1.2
v 0.3 2.4 1.2
v -0.6 1.4 1
v -0.7 1.4 1
v -0.7 1.4 1.1
v -0.6 1.4 1.1
v -0.7 1.2 1
v -0.9 1.2 1
v -0.9 1.2 1.1
v -0.7 1.2 1.1
v -0.7 1.5 1
v -0.9 1.5 1
v -0.9 1.5 1.1
v -0.7 1.5 1.1
v -0.9 1.4 1
v -1 1.4 1
v -1 1.4 1.1
v -0.9 1.4 1.1
v -1 1.2 1
v -1.1 1.2 1
v -1.1 1.2 1.1
v -1 1.2 1.1
v -1 1.5 1
v -1.1 1.5 1
v -1.1 1.5 1.1
v -1 1.5 1.1
v -1.1 1 1
v -1.2 1 1
v -1.2 1 1.1
v -1.1 1 1.1
v -1.1 1.6 1
v -1.2 1.6 1
v -1.2 1.6 1.1
v -1.1 1.6 1.1
v -1.2 0.8 1
v -1.3 0.8 1
v -1.3 0.8 1.1
v -1.2 0.8 1.1
v -1.7 0.8 1
v -1.8 0.8 1
v -1.8 0.8 1.1
v -1.7 0.8 1.1
v -1.2 1.7 1
v -1.8 1.7 1
v -1.8 1.7 1.1
v -1.2 1.7 1.1
v -1.8 1 1
v -1.9 1 1
v -1.9 1 1.1
v -1.8 1 1.1
v -1.8 1.6 1
v -1.9 1.6 1
v -1.9 1.6 1.1
v -1.8 1.6 1.1
v -1.9 1.2 1
v -2 1.2 1
v -2 1.2 1.1
v -1.9 1.2 1.1
v -1.9 1.5 1
v -2 1.5 1
v -2 1.5 1.1
v -1.9 1.5 1.1
v -2 1.4 1
v -2.1 1.4 1
v -2.1 1.4 1.1
v -2 1.4 1.1
v -2.1 1.2 1
v -2.2 1.2 1
v -2.2 1.2 1.1
v -2.1 1.2 1.1
v 3 0.5 0.9
v 2.9 0.5 0.9
v 3 0.5 1.1
v 2.8 0.1 0.9
v 2.7 0.1 0.9
v 2.7 0.1 1.1
v 2.8 0.1 1.1
v 2.5 0.1 0.9
v 2.4 0.1 0.9
v 2.4 0.1 1.1
v 2.5 0.1 1.1
v 2.9 0.6 0.9
v 2.3 0.6 0.9
v 2.3 0.6 1.1
v 2.9 0.6 1.1
v 2.3 0.5 0.9
v 2.2 0.5 0.9
v 2.2 0.5 1.1
v 1 0.1 0.9
v 0.9 0.1 0.9
v 1 0.1 1.7
v 0.9 0.2 0.9
v 0.8 0.2 0.9
v 0.8 0.2 1.1
v 0.9 0.2 1.1
v 0.7 0.2 0.9
v 0.7 0.2 1
v 0.8 0.2 1
v 0.7 0.1 0.9
v 0.6 0.1 0.9
v 0.6 0.1 1.5
v 0.7 0.1 1.5
v 0.5 0.1 0.9
v 0.5 0.1 1.3
v 0.6 0.1 1.3
v 0.4 0.1 0.9
v 0.4 0.1 1.4
v 0.5 0.1 1.4
v 0 0.1 0.9
v 0 0.1 1.5
v 0.4 0.1 1.5
v -0.2 0.1 0.9
v -1 0.1 0.9
v -1 0.1 3
v -0.2 0.1 3
v -0.8 1.5 0.9
v -1 1.5 0.9
v -0.8 1.5 1
v -2.1 1.5 0.9
v -2.2 1.5 0.9
v -2.2 1.5 1.1
v -2.1 1.5 1.1
v 2.9 2.5 0.8
v 2.7 2.5 0.8
v 2.7 2.5 1
v 2.9 2.5 1
v 2.9 0.5 0.8
v 2.3 0.5 0.8
v 1.1 2.4 0.8
v 1 2.4 0.8
v 1 2.4 1.1
v 1.1 2.4 1.1
v 0.9 2.4 0.8
v 0.9 2.4 1.1
v 0.8 2.4 0.8
v 0.8 2.4 1.1
v 0.3 2.5 0.8
v 0.1 2.5 0.8
v 0.1 2.5 1
v 0.3 2.5 1
v -0.2 0.4 0.8
v -0.5 0.4 0.8
v -0.5 0.4 0.9
v -0.2 0.4 0.9
v -0.7 1.5 0.8
v -0.8 1.5 0.8
v -0.7 1.5 0.9
v 2.5 2.2 0.7
v 2.4 2.2 0.7
v 2.5 2.2 1
v 2.4 2.5 0.7
v 2.1 2.5 0.7
v 2.1 2.5 1
v 2.4 2.5 1
v 2.1 2.2 0.7
v 2 2.2 0.7
v 2 2.2 1
v 1 0.3 0.7
v 0.4 0.3 0.7
v 0.4 0.3 0.9
v 1 0.3 0.9
v 0.3 0.3 0.7
v 0.3 0.3 0.9
v -0.2 0.4 0.7
v -0.5 0.4 0.7
v -0.6 1.5 0.7
v -0.7 1.5 0.7
v -0.6 1.5 0.8
v 2.9 2.4 0.6
v 2.7 2.4 0.6
v 2.7 2.4 0.8
v 2.9 2.4 0.8
v 2.5 2.6 0.6
v 2.4 2.6 0.6
v 2.5 2.6 1.1
v 2.4 2.2 0.6
v 2.1 2.2 0.6
v 2.1 2.6 0.6
v 2.1 2.6 0.7
v 2.4 2.6 0.7
v 2 2.6 0.6
v 2.1 2.6 1
v 0.8 0.2 0.6
v 0.7 0.2 0.6
v 0.7 0.2 0.7
v 0.8 0.2 0.7
v 0.3 2.4 0.6
v 0.1 2.4 0.6
v 0.1 2.4 0.8
v 0.3 2.4 0.8
v -0.2 0.4 0.6
v -0.5 0.4 0.6
v -0.5 1.5 0.6
v -0.6 1.5 0.6
v -0.5 1.5 0.7
v 0.9 0.2 0.5
v 0.8 0.2 0.5
v 0.9 0.2 0.7
v -0.4 1.5 0.5
v -0.5 1.5 0.5
v -0.4 1.5 0.6
v 3 2.1 0.4
v 2.9 2.1 0.4
v 2.9 2.1 2.6
v 3 2.1 2.6
v 3 0.1 0.4
v 2.8 0.1 0.4
v 3 0.1 2.6
v 2.7 0.1 0.4
v 2.7 0.1 0.8
v 2.8 0.1 0.8
v 2.9 2.5 0.4
v 2.7 2.5 0.4
v 2.7 2.5 0.6
v 2.9 2.5 0.6
v 2.6 0.1 0.4
v 2.7 0.1 2.2
v 2.7 2.1 0.4
v 2.6 2.1 0.4
v 2.6 2.1 2.6
v 2.7 2.1 2.6
v 0.4 0.1 0.4
v 0.3 0.1 0.4
v 0.3 0.1 0.7
v 0.4 0.1 0.7
v 0.4 2.1 0.4
v 0.3 2.1 0.4
v 0.3 2.1 2.6
v 0.4 2.1 2.6
v 0.3 2.5 0.4
v 0.1 2.5 0.4
v 0.1 2.5 0.6
v 0.3 2.5 0.6
v 0 0.1 0.4
v 0.3 0.1 0.9
v 0.1 2.1 0.4
v 0 2.1 0.4
v 0 2.1 2.6
v 0.1 2.1 2.6
v -0.3 1.5 0.4
v -0.4 1.5 0.4
v -0.3 1.5 0.5
v 3 2.7 0.3
v 2.9 2.7 0.3
v 2.9 2.7 0.4
v 3 2.7 0.4
v 2.9 2.6 0.3
v 2.7 2.6 0.3
v 2.7 2.6 0.4
v 2.9 2.6 0.4
v 2.7 2.7 0.3
v 2.6 2.7 0.3
v 2.6 2.7 0.4
v 2.7 2.7 0.4
v 2.6 2.1 0.3
v 2.5 2.1 0.3
v 2.6 2.1 2.7
v 2 2.1 0.3
v 2 2.1 0.6
v 2.5 2.1 0.6
v 1.8 2.1 0.3
v 2 2.1 2.3
v 1.7 2.1 0.3
v 1.7 2.1 1.3
v 1.8 2.1 1.3
v 1.3 2.1 0.3
v 1.3 2.1 1.2
v 1.7 2.1 1.2
v 1.2 2.1 0.3
v 1.2 2.1 1.3
v 1.3 2.1 1.3
v 1.1 2.1 0.3
v 1.2 2.1 1.7
v 0.8 2.1 0.3
v 0.8 2.1 0.8
v 1.1 2.1 0.8
v 0.6 2.1 0.3
v 0.8 2.1 1.1
v 0.4 2.1 0.3
v 0.4 2.1 1.8
v 0.6 2.1 1.8
v 0.4 2.7 0.3
v 0.3 2.7 0.3
v 0.3 2.7 0.4
v 0.4 2.7 0.4
v 0.3 2.6 0.3
v 0.1 2.6 0.3
v 0.1 2.6 0.4
v 0.3 2.6 0.4
v 0.1 2.7 0.3
v 0 2.7 0.3
v 0 2.7 0.4
v 0.1 2.7 0.4
v -0.2 1.5 0.3
v -0.3 1.5 0.3
v -0.2 1.5 0.4
v -0.3 1.4 0.3
v -0.4 1.4 0.3
v -0.4 1.4 0.4
v -0.3 1.4 0.4
v -0.4 1.3 0.3
v -0.5 1.3 0.3
v -0.5 1.3 0.4
v -0.4 1.3 0.4
v -0.5 1.2 0.3
v -0.6 1.2 0.3
v -0.6 1.2 0.4
v -0.5 1.2 0.4
v -0.6 1.1 0.3
v -0.7 1.1 0.3
v -0.7 1.1 0.4
v -0.6 1.1 0.4
v -0.7 1 0.3
v -0.8 1 0.3
v -0.8 1 0.4
v -0.7 1 0.4
v -0.8 0.9 0.3
v -0.9 0.9 0.3
v -0.9 0.9 0.4
v -0.8 0.9 0.4
v -0.9 0.8 0.3
v -1 0.8 0.3
v -1 0.8 0.4
v -0.9 0.8 0.4
v -2 0.8 0.3
v -2.1 0.8 0.3
v -2.1 0.8 0.4
v -2 0.8 0.4
v -2.1 0.9 0.3
v -2.2 0.9 0.3
v -2.2 0.9 0.4
v -2.1 0.9 0.4
v -0.3 1.5 0.2
v -0.4 1.5 0.2
v -0.4 1.5 0.3
v 3 2.6 0.1
v 2.9 2.6 0.1
v 3 2.6 0.3
v 2.9 2.5 0.1
v 2.7 2.5 0.1
v 2.7 2.5 0.3
v 2.9 2.5 0.3
v 2.7 2.6 0.1
v 2.6 2.6 0.1
v 2.6 2.6 0.3
v 2.6 2.5 0.1
v 2.4 2.5 0.1
v 2.4 2.5 0.3
v 2.6 2.5 0.3
v 2.4 2.4 0.1
v 2.2 2.4 0.1
v 2.2 2.4 0.3
v 2.4 2.4 0.3
v 2.2 2.5 0.1
v 2 2.5 0.1
v 2 2.5 0.3
v 2.2 2.5 0.3
v 2 2.4 0.1
v 1.8 2.4 0.1
v 1.8 2.4 0.3
v 2 2.4 0.3
v 1.8 2.5 0.1
v 1.6 2.5 0.1
v 1.6 2.5 0.3
v 1.8 2.5 0.3
v 1.6 2.4 0.1
v 1.4 2.4 0.1
v 1.4 2.4 0.3
v 1.6 2.4 0.3
v 1.4 2.5 0.1
v 1.2 2.5 0.1
v 1.2 2.5 0.3
v 1.4 2.5 0.3
v 1.2 2.4 0.1
v 1 2.4 0.1
v 1 2.4 0.3
v 1.2 2.4 0.3
v 1 2.5 0.1
v 0.8 2.5 0.1
v 0.8 2.5 0.3
v 1 2.5 0.3
v 0.8 2.4 0.1
v 0.6 2.4 0.1
v 0.6 2.4 0.3
v 0.8 2.4 0.3
v 0.6 2.5 0.1
v 0.4 2.5 0.1
v 0.4 2.5 0.3
v 0.6 2.5 0.3
v 0.4 2.6 0.1
v 0.3 2.6 0.1
v 0.4 2.6 0.3
v 0.3 2.5 0.1
v 0.1 2.5 0.1
v 0.1 2.5 0.3
v 0.3 2.5 0.3
v 0.1 2.6 0.1
v 0 2.6 0.1
v 0 2.6 0.3
v -0.4 1.5 0.1
v -0.5 1.5 0.1
v -0.5 1.5 0.2
v 3 2.7 0
v 2.9 2.7 0
v 2.9 2.7 0.1
v 3 2.7 0.1
v 2.9 2.6 0
v 2.7 2.6 0
v 2.7 2.7 0
v 2.6 2.7 0
v 2.6 2.7 0.1
v 2.7 2.7 0.1
v 2.6 0.1 0
v 2.5 0.1 0
v 2.6 0.1 3
v 2.4 0.1 0
v 2.4 0.1 0.8
v 2.5 0.1 0.8
v 1.8 0.1 0
v 2.4 0.1 2.2
v 1.7 0.1 0
v 1.7 0.1 1.3
v 1.8 0.1 1.3
v 1.3 0.1 0
v 1.3 0.1 1.2
v 1.7 0.1 1.2
v 1.2 0.1 0
v 1.2 0.1 1.3
v 1.3 0.1 1.3
v 1 0.1 0
v 1.2 0.1 1.7
v 0.9 0.1 0
v 0.9 0.1 0.7
v 1 0.1 0.7
v 0.8 0.1 0
v 0.8 0.1 0.5
v 0.9 0.1 0.5
v 0.7 0.1 0
v 0.7 0.1 0.6
v 0.8 0.1 0.6
v 0.4 0.1 0
v 0.7 0.1 0.7
v 2.6 2.1 0
v 0.4 2.1 0
v 0.4 2.1 0.1
v 2.6 2.1 0.1
v 0.4 2.7 0
v 0.3 2.7 0
v 0.3 2.7 0.1
v 0.4 2.7 0.1
v 0.3 2.6 0
v 0.1 2.6 0
v 0.1 2.7 0
v 0 2.7 0
v 0 2.7 0.1
v 0.1 2.7 0.1
v 0 0.1 0
v -0.1 0.1 0
v -0.1 0.1 2.9
v 0 0.1 2.9
v -0.2 0.1 0
v -0.1 0.1 3
v -0.5 0.1 0
v -0.5 0.1 0.6
v -0.2 0.1 0.6
v -0.5 1.5 0
v -0.6 1.5 0
v -0.6 1.5 0.1
v -1 0.1 0
v -0.5 0.1 0.9
v -1.1 0.1 0
v -1.1 0.1 2.9
v -1 0.1 2.9
v -1.2 0.1 0
v -1.2 0.1 1.3
v -1.1 0.1 1.3
v -1.3 0.1 0
v -1.3 0.1 1.2
v -1.2 0.1 1.2
v -1.4 0.1 0
v -1.4 0.1 1.3
v -1.3 0.1 1.3
v -1.6 0.1 0
v -1.6 0.1 1.4
v -1.4 0.1 1.4
v -1.7 0.1 0
v -1.7 0.1 1.3
v -1.6 0.1 1.3
v -1.8 0.1 0
v -1.8 0.1 1.2
v -1.7 0.1 1.2
v -1.9 0.1 0
v -1.9 0.1 1.3
v -1.8 0.1 1.3
v -2 0.1 0
v -1.9 0.1 1.4
v -2.1 0.1 0
v -2.1 0.1 2.9
v -2 0.1 2.9
v -2.2 0.1 0
v -2.2 0.1 3
v -2.1 0.1 3
v -0.6 1.5 -0.1
v -0.7 1.5 -0.1
v -0.7 1.5 0
v -0.7 1.5 -0.2
v -0.8 1.5 -0.2
v -0.8 1.5 -0.1
v 0.1 0.1 -0.3
v 0 0.1 -0.3
v 0.1 0.1 0
v -0.9 1.5 -0.3
v -1 1.5 -0.3
v -0.9 1.5 0.9
v -1.2 0.6 -0.3
v -1.3 0.6 -0.3
v -1.3 0.6 1
v -1.2 0.6 1
v -1.7 0.6 -0.3
v -1.8 0.6 -0.3
v -1.8 0.6 1
v -1.7 0.6 1
v -2 1.5 -0.3
v -2.1 1.5 -0.3
v -2.1 1.5 1
v -2.2 0.1 -0.3
v -0.6 1.4 -0.4
v -0.7 1.4 -0.4
v -0.7 1.4 -0.3
v -0.6 1.4 -0.3
v -0.7 1.5 -0.4
v -0.8 1.5 -0.4
v -0.8 1.5 -0.3
v -0.7 1.5 -0.3
v -0.7 1.2 -0.4
v -0.9 1.2 -0.4
v -0.9 1.2 -0.3
v -0.7 1.2 -0.3
v -0.9 1.5 -0.4
v -0.9 1.5 -0.2
v -0.9 1.4 -0.4
v -1 1.4 -0.4
v -1 1.4 -0.3
v -0.9 1.4 -0.3
v -1 1.2 -0.4
v -1.1 1.2 -0.4
v -1.1 1.2 -0.3
v -1 1.2 -0.3
v -1 1.5 -0.4
v -1.1 1.5 -0.4
v -1.1 1.5 -0.3
v -1.1 1 -0.4
v -1.2 1 -0.4
v -1.2 1 -0.3
v -1.1 1 -0.3
v -1.1 1.6 -0.4
v -1.2 1.6 -0.4
v -1.2 1.6 -0.3
v -1.1 1.6 -0.3
v -1.2 0.8 -0.4
v -1.3 0.8 -0.4
v -1.3 0.8 -0.3
v -1.2 0.8 -0.3
v -1.7 0.8 -0.4
v -1.8 0.8 -0.4
v -1.8 0.8 -0.3
v -1.7 0.8 -0.3
v -1.2 1.7 -0.4
v -1.8 1.7 -0.4
v -1.8 1.7 -0.3
v -1.2 1.7 -0.3
v -1.8 1 -0.4
v -1.9 1 -0.4
v -1.9 1 -0.3
v -1.8 1 -0.3
v -1.8 1.6 -0.4
v -1.9 1.6 -0.4
v -1.9 1.6 -0.3
v -1.8 1.6 -0.3
v -1.9 1.2 -0.4
v -2 1.2 -0.4
v -2 1.2 -0.3
v -1.9 1.2 -0.3
v -1.9 1.5 -0.4
v -2 1.5 -0.4
v -1.9 1.5 -0.3
v -2 1.4 -0.4
v -2.1 1.4 -0.4
v -2.1 1.4 -0.3
v -2 1.4 -0.3
v -2.1 1.2 -0.4
v -2.2 1.2 -0.4
v -2.2 1.2 -0.3
v -2.1 1.2 -0.3
v -2.1 1.5 -0.4
v -2.2 1.5 -0.4
v -2.2 1.5 -0.2
v -2.1 1.5 -0.2
v -1 0.8 -0.5
v -1.1 0.8 -0.5
v -1 0.8 1.2
v -1.9 0.8 -0.5
v -2 0.8 -0.5
v -2 0.8 1.2
v -1.1 0.1 -0.5
v -2.2 0.1 -0.5
v -1.1 0.1 -0.3
v 1.8 0.7 -0.6
v 1.7 0.7 -0.6
v 1.7 0.7 -0.5
v 1.8 0.7 -0.5
v 1.7 1 -0.6
v 1.6 1 -0.6
v 1.6 1 -0.5
v 1.7 1 -0.5
v 1.6 0.7 -0.6
v 1.4 0.7 -0.6
v 1.4 0.7 -0.5
v 1.6 0.7 -0.5
v 1.6 1.1 -0.6
v 1.4 1.1 -0.6
v 1.4 1.1 -0.5
v 1.6 1.1 -0.5
v 1.4 1 -0.6
v 1.3 1 -0.6
v 1.3 1 -0.5
v 1.4 1 -0.5
v 1.3 0.7 -0.6
v 1.2 0.7 -0.6
v 1.2 0.7 -0.5
v 1.3 0.7 -0.5
v 0.8 1 -0.6
v 0.7 1 -0.6
v 0.7 1 -0.5
v 0.8 1 -0.5
v 0.1 0.4 -0.6
v 0 0.4 -0.6
v 0 0.4 -0.3
v 0.1 0.4 -0.3
v -0.1 0.4 -0.6
v -0.1 0.4 -0.3
v -0.2 0.4 -0.6
v -0.2 0.4 -0.3
v -1 0.1 -0.6
v -1.1 0.1 -0.6
v -1 0.1 -0.3
v -1.2 0.1 -0.6
v -1.8 0.1 -0.6
v -1.8 0.1 -0.5
v -1.2 0.1 -0.5
v -1.9 0.1 -0.6
v -2.2 0.1 -0.6
v -1.9 0.1 -0.5
v 2 0.7 -0.7
v 1.8 0.7 -0.7
v 2 0.7 -0.6
v 1.6 1.2 -0.7
v 1.4 1.2 -0.7
v 1.4 1.2 -0.6
v 1.6 1.2 -0.6
v 1.2 0.7 -0.7
v 1 0.7 -0.7
v 1 0.7 -0.6
v 0.7 1 -0.7
v 0.6 1 -0.7
v 0.6 1 -0.5
v -1 0.5 -0.7
v -1.1 0.5 -0.7
v -1.1 0.5 -0.6
v -1 0.5 -0.6
v -1.2 0.6 -0.7
v -1.3 0.6 -0.7
v -1.3 0.6 -0.4
v -1.2 0.6 -0.4
v -1.4 0.6 -0.7
v -1.4 0.6 1.4
v -1.3 0.6 1.4
v -1.6 0.6 -0.7
v -1.7 0.6 -0.7
v -1.7 0.6 1.4
v -1.6 0.6 1.4
v -1.8 0.6 -0.7
v -1.8 0.6 -0.4
v -1.7 0.6 -0.4
v -1.9 0.5 -0.7
v -2 0.5 -0.7
v -2 0.5 -0.6
v -1.9 0.5 -0.6
v 2.2 0.7 -0.8
v 2 0.7 -0.8
v 2.2 0.7 -0.7
v 1.6 1.3 -0.8
v 1.4 1.3 -0.8
v 1.4 1.3 -0.7
v 1.6 1.3 -0.7
v 1.1 0.9 -0.8
v 1 0.9 -0.8
v 1 0.9 -0.7
v 1.1 0.9 -0.7
v 1 0.7 -0.8
v 0.8 0.7 -0.8
v 0.8 0.7 -0.7
v 0.9 1 -0.8
v 0.8 1 -0.8
v 0.9 1 -0.6
v 0.6 1 -0.8
v 0.5 1 -0.8
v 0.5 1 -0.7
v -1 0.9 -0.8
v -1.1 0.9 -0.8
v -1.1 0.9 -0.5
v -1 0.9 -0.5
v -1.1 0.7 -0.8
v -1.2 0.7 -0.8
v -1.2 0.7 1.2
v -1.1 0.7 1.2
v -1.8 0.7 -0.8
v -1.8 0.7 -0.7
v -1.2 0.7 -0.7
v -1.9 0.7 -0.8
v -1.9 0.7 1.2
v -1.8 0.7 1.2
v -1.9 0.9 -0.8
v -2 0.9 -0.8
v -2 0.9 -0.5
v -1.9 0.9 -0.5
v 3 0.1 -0.9
v 2.9 0.1 -0.9
v 2.9 0.1 -0.1
v 3 0.1 -0.1
v 2.1 0.6 -0.9
v 2 0.6 -0.9
v 2 0.6 -0.8
v 2.1 0.6 -0.8
v 1.8 0.6 -0.9
v 1.8 0.6 -0.7
v 2 0.6 -0.7
v 1.6 1.4 -0.9
v 1.4 1.4 -0.9
v 1.4 1.4 -0.8
v 1.6 1.4 -0.8
v 1 1 -0.9
v 0.9 1 -0.9
v 1 1 -0.8
v 0.8 1 -0.9
v 0.5 1 -0.9
v 0.4 1 -0.9
v 0.4 1 -0.8
v -1.1 0.9 -0.9
v -1.4 0.9 -0.9
v -1.4 0.9 -0.8
v -1.4 0.8 -0.9
v -1.6 0.8 -0.9
v -1.6 0.8 -0.8
v -1.4 0.8 -0.8
v -1.6 0.9 -0.9
v -1.9 0.9 -0.9
v -1.6 0.9 -0.8
v 2.3 0.7 -1
v 2.2 0.7 -1
v 2.3 0.7 -0.8
v 2.2 0.6 -1
v 2.1 0.6 -1
v 2.2 0.6 -0.8
v 2.1 1 -1
v 1.9 1 -1
v 1.9 1 -0.9
v 2.1 1 -0.9
v 1.9 0.6 -1
v 1.8 0.6 -1
v 1.9 0.6 -0.9
v 1.6 1.5 -1
v 1.4 1.5 -1
v 1.4 1.5 -0.9
v 1.6 1.5 -0.9
v 1.1 0.9 -1
v 1 0.9 -1
v 1 0.9 -0.9
v 1.1 0.9 -0.9
v 0.8 0.7 -1
v 0.7 0.7 -1
v 0.7 0.7 -0.9
v 0.8 0.7 -0.9
v 0.6 1 -1
v 0.5 1 -1
v 0.6 1 -0.9
v -0.6 0.6 -1
v -0.7 0.6 -1
v -0.7 0.6 -0.8
v -0.6 0.6 -0.8
v 1.6 1.6 -1.1
v 1.4 1.6 -1.1
v 1.4 1.6 -1
v 1.6 1.6 -1
v 0.9 1 -1.1
v 0.8 1 -1.1
v -0.6 0.7 -1.1
v -0.7 0.7 -1.1
v -0.7 0.7 -1
v -0.6 0.7 -1
v 2.4 0.7 -1.2
v 2.3 0.7 -1.2
v 2.4 0.7 -1
v 2.2 1 -1.2
v 2.1 1 -1.2
v 2.2 1 -1
v 2.1 0.9 -1.2
v 1.9 0.9 -1.2
v 1.9 0.9 -1
v 2.1 0.9 -1
v 1.9 1 -1.2
v 1.8 1 -1.2
v 1.8 1 -1
v 1.6 1.7 -1.2
v 1.4 1.7 -1.2
v 1.4 1.7 -1.1
v 1.6 1.7 -1.1
v 0.8 1 -1.2
v 0.7 1 -1.2
v 0.7 1 -1.1
v 0.7 0.7 -1.2
v 0.6 0.7 -1.2
v 0.6 0.7 -1
v 0.6 1 -1.2
v 0.7 1 -1
v -0.6 0.4 -1.2
v -0.7 0.4 -1.2
v -0.7 0.4 -1.1
v -0.6 0.4 -1.1
v -0.6 0.8 -1.2
v -0.7 0.8 -1.2
v -0.7 0.8 -1.1
v -0.6 0.8 -1.1
v 2.5 0.7 -1.3
v 2.4 0.7 -1.3
v 2.5 0.7 -1.2
v 2.1 1 -1.3
v 1.9 1 -1.3
v 1.7 1.7 -1.3
v 1.6 1.7 -1.3
v 1.7 1.7 -1.2
v 1.5 1 -1.3
v 1.4 1 -1.3
v 1.4 1 -1
v 1.5 1 -1
v 1.6 1.8 -1.3
v 1.4 1.8 -1.3
v 1.4 1.8 -1.2
v 1.6 1.8 -1.2
v 1.4 1.7 -1.3
v 1.3 1.7 -1.3
v 1.3 1.7 -1.2
v 1.6 0.6 -1.3
v 1.2 0.6 -1.3
v 1.2 0.6 -0.6
v 1.6 0.6 -0.6
v 0.6 0.7 -1.3
v 0.5 0.7 -1.3
v 0.5 0.7 -1.2
v -0.5 0.7 -1.3
v -0.6 0.7 -1.3
v -0.6 0.7 -0.7
v -0.5 0.7 -0.7
v -0.6 0.3 -1.3
v -0.7 0.3 -1.3
v -0.7 0.3 -1.2
v -0.6 0.3 -1.2
v -0.6 0.9 -1.3
v -0.7 0.9 -1.3
v -0.7 0.9 -1.2
v -0.6 0.9 -1.2
v -0.7 0.5 -1.3
v -0.8 0.5 -1.3
v -0.8 0.5 -0.9
v -0.7 0.5 -0.9
v -0.6 0.1 -1.3
v -1 0.1 -1.3
v -0.6 0.1 -0.3
v 2.5 1 -1.4
v 2.4 1 -1.4
v 2.4 1 -1.3
v 2.5 1 -1.3
v 1.8 1.7 -1.4
v 1.7 1.7 -1.4
v 1.8 1.7 -1.3
v 1.7 0.6 -1.4
v 1.6 0.6 -1.4
v 1.7 0.6 -0.6
v 1.4 0.6 -1.4
v 1.2 0.6 -1.4
v 1.4 0.6 -1.3
v 1.3 1.7 -1.4
v 1.2 1.7 -1.4
v 1.2 1.7 -1.3
v 0.6 1 -1.4
v 0.5 1 -1.4
v 0.5 1 -1.3
v 0.6 1 -1.3
v -0.1 0.5 -1.4
v -0.5 0.5 -1.4
v -0.5 0.5 -1.3
v -0.1 0.5 -1.3
v -0.5 0.1 -1.4
v -0.6 0.1 -1.4
v -0.5 0.1 -0.3
v -0.6 0.2 -1.4
v -0.7 0.2 -1.4
v -0.7 0.2 -1.3
v -0.6 0.2 -1.3
v -0.6 0.6 -1.4
v -0.7 0.6 -1.4
v -0.7 0.6 -1.1
v -0.6 0.6 -1.1
v -0.6 1 -1.4
v -0.7 1 -1.4
v -0.7 1 -1.3
v -0.6 1 -1.3
v -0.7 0.1 -1.4
v -1 0.1 -1.4
v -0.7 0.1 -1.3
v -0.8 0.7 -1.4
v -1.4 0.7 -1.4
v -1.4 0.7 -1.3
v -0.8 0.7 -1.3
v -2 0.6 -1.4
v -2.1 0.6 -1.4
v -2.1 0.6 -1.2
v -2 0.6 -1.2
v 2 1 -1.5
v 1.7 1 -1.5
v 1.7 1 -1.4
v 2 1 -1.4
v 0 0.6 -1.5
v -0.2 0.6 -1.5
v -0.2 0.6 -1.4
v 0 0.6 -1.4
v -0.2 0.7 -1.5
v -0.3 0.7 -1.5
v -0.3 0.7 -1.4
v -0.2 0.7 -1.4
v -0.3 0.4 -1.5
v -0.4 0.4 -1.5
v -0.4 0.4 -1.4
v -0.3 0.4 -1.4
v -0.3 0.8 -1.5
v -0.4 0.8 -1.5
v -0.4 0.8 -1.4
v -0.3 0.8 -1.4
v -0.4 0.3 -1.5
v -0.5 0.3 -1.5
v -0.5 0.3 -1.4
v -0.4 0.3 -1.4
v -0.4 0.9 -1.5
v -0.5 0.9 -1.5
v -0.5 0.9 -1.4
v -0.4 0.9 -1.4
v -0.5 0.2 -1.5
v -0.6 0.2 -1.5
v -0.5 0.2 -1.4
v -0.3 0.6 -1.5
v -0.6 0.6 -1.5
v -0.3 0.6 -1.4
v -0.5 1 -1.5
v -0.6 1 -1.5
v -0.5 1 -1.4
v -0.6 0.9 -1.5
v -0.7 0.9 -1.5
v -0.7 0.9 -1.4
v -0.6 0.9 -1.4
v -0.7 0.2 -1.5
v -0.8 0.2 -1.5
v -0.8 0.2 -1.4
v -0.7 1 -1.5
v -0.8 1 -1.5
v -0.8 1 -1.4
v -0.8 0.3 -1.5
v -0.9 0.3 -1.5
v -0.9 0.3 -1.4
v -0.8 0.3 -1.4
v -0.8 0.9 -1.5
v -0.9 0.9 -1.5
v -0.9 0.9 -1.4
v -0.8 0.9 -1.4
v -0.9 0.4 -1.5
v -1 0.4 -1.5
v -1 0.4 -1.4
v -0.9 0.4 -1.4
v -0.7 0.6 -1.5
v -1 0.6 -1.5
v -1 0.6 -1.4
v -0.9 0.8 -1.5
v -1 0.8 -1.5
v -1 0.8 -1.4
v -0.9 0.8 -1.4
v -1 0.7 -1.5
v -1.1 0.7 -1.5
v -1.1 0.7 -1.4
v -1 0.7 -1.4
v -1.1 0.6 -1.5
v -1.3 0.6 -1.5
v -1.3 0.6 -1.4
v -1.1 0.6 -1.4
v -2 0.7 -1.5
v -2.1 0.7 -1.5
v -2.1 0.7 -1.4
v -2 0.7 -1.4
v 2.5 0.7 -1.6
v 2.4 0.7 -1.6
v 2.4 0.7 -1.4
v 2.5 0.7 -1.4
v 2.5 1.1 -1.6
v 2.4 1.1 -1.6
v 2.4 1.1 -1.4
v 2.5 1.1 -1.4
v 2.4 1.2 -1.6
v 2.3 1.2 -1.6
v 2.3 1.2 -1.4
v 2.4 1.2 -1.4
v 2.3 1.3 -1.6
v 2.2 1.3 -1.6
v 2.2 1.3 -1.4
v 2.3 1.3 -1.4
v 2.2 0.6 -1.6
v 2.1 0.6 -1.6
v 2.1 0.6 -1.2
v 2.2 0.6 -1.2
v 2.2 1.4 -1.6
v 2.1 1.4 -1.6
v 2.1 1.4 -1.4
v 2.2 1.4 -1.4
v 2.1 1.5 -1.6
v 2 1.5 -1.6
v 2 1.5 -1.4
v 2.1 1.5 -1.4
v 1.9 0.6 -1.6
v 1.9 0.6 -1.3
v 2.1 0.6 -1.3
v 2 1.6 -1.6
v 1.9 1.6 -1.6
v 1.9 1.6 -1.4
v 2 1.6 -1.4
v 1.9 1.7 -1.6
v 1.8 1.7 -1.6
v 1.9 1.7 -1.4
v 1.8 1.8 -1.6
v 1.7 1.8 -1.6
v 1.7 1.8 -1.4
v 1.8 1.8 -1.4
v 1.6 1.8 -1.6
v 1.6 1.8 -1.4
v 1.4 1.8 -1.6
v 1.3 1.8 -1.6
v 1.3 1.8 -1.4
v 1.4 1.8 -1.4
v 1.2 1.8 -1.6
v 1.2 1.8 -1.4
v 1.2 1.7 -1.6
v 1.1 1.7 -1.6
v 1.1 1.7 -1.4
v 1.3 1 -1.6
v 1 1 -1.6
v 1 1 -1.5
v 1.3 1 -1.5
v 1.1 1.6 -1.6
v 1 1.6 -1.6
v 1 1.6 -1.4
v 1.1 1.6 -1.4
v 1 1.5 -1.6
v 0.9 1.5 -1.6
v 0.9 1.5 -1.4
v 1 1.5 -1.4
v 0.9 1.4 -1.6
v 0.8 1.4 -1.6
v 0.8 1.4 -1.4
v 0.9 1.4 -1.4
v 0.8 1.3 -1.6
v 0.7 1.3 -1.6
v 0.7 1.3 -1.4
v 0.8 1.3 -1.4
v 0.7 1.2 -1.6
v 0.6 1.2 -1.6
v 0.6 1.2 -1.4
v 0.7 1.2 -1.4
v 0.6 0.7 -1.6
v 0.5 0.7 -1.6
v 0.5 0.7 -1.4
v 0.6 0.7 -1.4
v 0.6 1.1 -1.6
v 0.5 1.1 -1.6
v 0.5 1.1 -1.4
v 0.6 1.1 -1.4
v 0.1 0.7 -1.6
v -0.5 0.7 -1.6
v -0.5 0.7 -1.5
v 0.1 0.7 -1.5
v -0.6 0.2 -1.6
v -0.7 0.2 -1.6
v -0.6 1 -1.6
v -0.7 1 -1.6
v -0.8 0.5 -1.6
v -1.2 0.5 -1.6
v -1.2 0.5 -1.5
v -0.8 0.5 -1.5
v -2 0.4 -1.6
v -2.1 0.4 -1.6
v -2.1 0.4 -1.5
v -2 0.4 -1.5
v -2 0.8 -1.6
v -2.1 0.8 -1.6
v -2.1 0.8 -1.5
v -2 0.8 -1.5
v 2.5 1 -1.7
v 2.4 1 -1.7
v 2.4 1 -1.6
v 2.5 1 -1.6
v 2.1 0.9 -1.7
v 1.9 0.9 -1.7
v 1.9 0.9 -1.6
v 2.1 0.9 -1.6
v 1.8 1.7 -1.7
v 1.7 1.7 -1.7
v 1.7 1.7 -1.6
v 1.6 1.8 -1.7
v 1.4 1.8 -1.7
v 1.3 1.7 -1.7
v 1.2 1.7 -1.7
v 1.3 1.7 -1.6
v 0.6 1 -1.7
v 0.5 1 -1.7
v 0.5 1 -1.6
v 0.6 1 -1.6
v -0.6 0.3 -1.7
v -0.7 0.3 -1.7
v -0.7 0.3 -1.6
v -0.6 0.3 -1.6
v -0.6 0.9 -1.7
v -0.7 0.9 -1.7
v -0.7 0.9 -1.6
v -0.6 0.9 -1.6
v -1.9 0.7 -1.7
v -2 0.7 -1.7
v -2 0.7 -1.1
v -1.9 0.7 -1.1
v -2 0.3 -1.7
v -2.1 0.3 -1.7
v -2.1 0.3 -1.6
v -2 0.3 -1.6
v -2 0.9 -1.7
v -2.1 0.9 -1.7
v -2.1 0.9 -1.6
v -2 0.9 -1.6
v -2 0.1 -1.7
v -2.2 0.1 -1.7
v -2 0.1 -0.6
v -2.1 0.5 -1.7
v -2.2 0.5 -1.7
v -2.2 0.5 -1.3
v -2.1 0.5 -1.3
v 2.5 0.7 -1.8
v 2.4 0.7 -1.8
v 2.4 0.7 -1.7
v 2.5 0.7 -1.7
v 2.4 0.6 -1.8
v 2.3 0.6 -1.8
v 2.3 0.6 -1.2
v 2.4 0.6 -1.2
v 2.1 0.9 -1.8
v 2 0.9 -1.8
v 2 0.9 -1.7
v 1.7 1.7 -1.8
v 1.6 1.7 -1.8
v 1.6 1.7 -1.7
v 1.6 1.8 -1.8
v 1.4 1.8 -1.8
v 1.4 1.7 -1.8
v 1.3 1.7 -1.8
v 1.4 1.7 -1.7
v 0.7 0.6 -1.8
v 0.6 0.6 -1.8
v 0.6 0.6 -1.2
v 0.7 0.6 -1.2
v 0.6 0.7 -1.8
v 0.5 0.7 -1.8
v 0.5 0.7 -1.7
v 0.6 0.7 -1.7
v -0.6 0.4 -1.8
v -0.7 0.4 -1.8
v -0.7 0.4 -1.7
v -0.6 0.4 -1.7
v -0.6 0.6 -1.8
v -0.7 0.6 -1.8
v -0.6 0.8 -1.8
v -0.7 0.8 -1.8
v -0.7 0.8 -1.7
v -0.6 0.8 -1.7
v -1.5 0.5 -1.8
v -1.9 0.5 -1.8
v -1.9 0.5 -1.7
v -1.5 0.5 -1.7
v -1.9 0.1 -1.8
v -2 0.1 -1.8
v -2 0.1 -0.7
v -1.9 0.1 -0.7
v -2 0.2 -1.8
v -2.1 0.2 -1.8
v -2.1 0.2 -1.7
v -2 0.2 -1.7
v -2 0.6 -1.8
v -2.1 0.6 -1.8
v -2.1 0.6 -1.5
v -2 0.6 -1.5
v -2 1 -1.8
v -2.1 1 -1.8
v -2.1 1 -1.7
v -2 1 -1.7
v -2.1 0.1 -1.8
v -2.2 0.1 -1.8
v -2.1 0.1 -1.7
v 2.2 0.9 -1.9
v 2.1 0.9 -1.9
v 2.2 0.9 -1.6
v 2 0.9 -1.9
v 1.9 0.6 -1.9
v 1.8 0.6 -1.9
v 1.8 0.6 -1.2
v 1.9 0.6 -1.2
v 1.7 0.6 -1.9
v 1.8 0.6 -0.6
v 1.6 1.7 -1.9
v 1.4 1.7 -1.9
v 0.8 1 -1.9
v 0.7 1 -1.9
v 0.7 1 -1.8
v 0.8 1 -1.8
v -0.6 0.7 -1.9
v -0.7 0.7 -1.9
v -0.7 0.7 -1.8
v -0.6 0.7 -1.8
v -1.4 0.6 -1.9
v -1.6 0.6 -1.9
v -1.6 0.6 -1.8
v -1.4 0.6 -1.8
v -1.6 0.7 -1.9
v -1.7 0.7 -1.9
v -1.7 0.7 -1.8
v -1.6 0.7 -1.8
v -1.7 0.4 -1.9
v -1.8 0.4 -1.9
v -1.8 0.4 -1.8
v -1.7 0.4 -1.8
v -1.7 0.8 -1.9
v -1.8 0.8 -1.9
v -1.8 0.8 -1.8
v -1.7 0.8 -1.8
v -1.8 0.3 -1.9
v -1.9 0.3 -1.9
v -1.9 0.3 -1.8
v -1.8 0.3 -1.8
v -1.8 0.9 -1.9
v -1.9 0.9 -1.9
v -1.9 0.9 -1.8
v -1.8 0.9 -1.8
v -1.9 0.2 -1.9
v -2 0.2 -1.9
v -1.9 0.2 -1.8
v -1.7 0.6 -1.9
v -2 0.6 -1.9
v -1.7 0.6 -1.8
v -1.9 1 -1.9
v -2 1 -1.9
v -1.9 1 -1.8
v -2 0.9 -1.9
v -2.1 0.9 -1.9
v -2.1 0.9 -1.8
v -2 0.9 -1.8
v -2.1 0.2 -1.9
v -2.2 0.2 -1.9
v -2.2 0.2 -1.8
v -2.1 0.6 -1.9
v -2.2 0.6 -1.9
v -2.2 0.6 -1.8
v -2.1 1 -1.9
v -2.2 1 -1.9
v -2.2 1 -1.8
v 3 0.1 -2
v 2.9 0.1 -2
v 2.9 0.1 -1
v 3 0.1 -1
v 2.4 0.7 -2
v 2.3 0.7 -2
v 2.3 0.7 -1.8
v 2.3 0.6 -2
v 2.2 0.6 -2
v 2.3 0.6 -1
v 1.9 0.9 -2
v 1.7 0.9 -2
v 1.7 0.9 -1.9
v 1.9 0.9 -1.9
v 1.6 1 -2
v 1.5 1 -2
v 1.5 1 -1.7
v 1.6 1 -1.7
v 1.6 1.6 -2
v 1.4 1.6 -2
v 1.4 1.6 -1.9
v 1.6 1.6 -1.9
v 0.8 0.6 -2
v 0.7 0.6 -2
v 0.7 0.6 -1
v 0.8 0.6 -1
v 0.7 0.7 -2
v 0.6 0.7 -2
v 0.7 0.7 -1.8
v 0.7 1 -2
v 0.6 1 -2
v 0.6 1 -1.8
v -0.5 0.5 -2
v -0.6 0.5 -2
v -0.6 0.5 -1.6
v -0.5 0.5 -1.6
v -1 0.6 -2
v -1.1 0.6 -2
v -1.1 0.6 -1.8
v -1 0.6 -1.8
v -1.3 0.7 -2
v -1.9 0.7 -2
v -1.9 0.7 -1.9
v -1.3 0.7 -1.9
v -2 0.2 -2
v -2.1 0.2 -2
v -2 1 -2
v -2.1 1 -2
v 1.9 0.9 -2.1
v 1.8 0.9 -2.1
v 1.8 0.9 -2
v 1.8 3.7 -2.1
v 1.7 3.7 -2.1
v 1.7 3.7 1.8
v 1.8 3.7 1.8
v 1.6 1.5 -2.1
v 1.4 1.5 -2.1
v 1.4 1.5 -2
v 1.6 1.5 -2
v 1.7 3.8 -2.1
v 1.3 3.8 -2.1
v 1.3 3.8 1.8
v 1.7 3.8 1.8
v 1.3 3.7 -2.1
v 1.2 3.7 -2.1
v 1.2 3.7 1.8
v 1.3 3.7 1.8
v 1.1 0.9 -2.1
v 1 0.9 -2.1
v 1 0.9 -2
v 1.1 0.9 -2
v 0.9 1 -2.1
v 0.8 1 -2.1
v 0.9 1 -1.9
v 0.8 0.7 -2.1
v 0.7 0.7 -2.1
v 0.8 0.7 -2
v 0.6 1 -2.1
v 0.5 1 -2.1
v 0.5 1 -2
v -0.6 0.6 -2.1
v -0.7 0.6 -2.1
v -0.7 0.6 -1.9
v -0.6 0.6 -1.9
v -1 0.7 -2.1
v -1.1 0.7 -2.1
v -1.1 0.7 -2
v -1 0.7 -2
v -2 0.3 -2.1
v -2.1 0.3 -2.1
v -2.1 0.3 -2
v -2 0.3 -2
v -2 0.9 -2.1
v -2.1 0.9 -2.1
v -2.1 0.9 -2
v -2 0.9 -2
v 3 0.1 -2.2
v 2.9 0.1 -2.2
v 2.9 0.1 -2.1
v 3 0.1 -2.1
v 3 0.4 -2.2
v 2.9 0.4 -2.2
v 2.9 0.4 0
v 3 0.4 0
v 2.3 0.7 -2.2
v 2.2 0.7 -2.2
v 2.2 0.7 -2
v 2.2 0.6 -2.2
v 2 0.6 -2.2
v 2 0.6 -1.9
v 2.2 0.6 -1.9
v 2 0.9 -2.2
v 1.9 0.9 -2.2
v 1.8 0.9 -2.2
v 1.7 0.9 -2.2
v 1.7 0.6 -2.2
v 1.6 0.6 -2.2
v 1.6 0.6 -1.6
v 1.7 0.6 -1.6
v 1.4 0.6 -2.2
v 1.4 0.6 -1.7
v 1.6 0.6 -1.7
v 1.6 1.4 -2.2
v 1.4 1.4 -2.2
v 1.4 1.4 -2.1
v 1.6 1.4 -2.1
v 1.3 0.6 -2.2
v 1.3 0.6 -1.6
v 1.4 0.6 -1.6
v 1.2 0.6 -2.2
v 1.3 0.6 -1.4
v 1 0.6 -2.2
v 1 0.6 -0.7
v 1.2 0.6 -0.7
v 1 1 -2.2
v 0.9 1 -2.2
v 1 1 -2.1
v 0.8 0.6 -2.2
v 0.8 0.6 -0.8
v 1 0.6 -0.8
v 0.8 1 -2.2
v 0.5 1 -2.2
v 0.4 1 -2.2
v 0.4 1 -2.1
v 0.1 0.1 -2.2
v 2.9 0.1 0
v 0 0.1 -2.2
v 0 0.1 -0.6
v 0.1 0.1 -0.6
v -0.2 0.1 -2.2
v -0.2 0.1 -0.6
v -0.5 0.1 -2.2
v -0.2 0.1 -0.3
v -0.6 0.1 -2.2
v -0.6 0.1 -1.5
v -0.5 0.1 -1.5
v -0.7 0.1 -2.2
v -0.7 0.1 -1.6
v -0.6 0.1 -1.6
v -0.8 0.1 -2.2
v -0.8 0.1 -1.5
v -0.7 0.1 -1.5
v -0.7 0.7 -2.2
v -0.8 0.7 -2.2
v -0.8 0.7 -1.6
v -0.7 0.7 -1.6
v -1 0.1 -2.2
v -0.8 0.1 -1.4
v -0.9 0.7 -2.2
v -1 0.7 -2.2
v -1 0.7 -1.7
v -0.9 0.7 -1.7
v -1.1 0.1 -2.2
v -1.1 0.1 -0.7
v -1 0.1 -0.7
v -1 0.4 -2.2
v -1.1 0.4 -2.2
v -1.1 0.4 -2.1
v -1 0.4 -2.1
v -1 0.6 -2.2
v -1.1 0.6 -2.2
v -1.1 0.6 -2.1
v -1 0.6 -2.1
v -1 0.8 -2.2
v -1.1 0.8 -2.2
v -1.1 0.8 -2.1
v -1 0.8 -2.1
v -1.2 0.1 -2.2
v -1.2 0.1 -0.8
v -1.1 0.1 -0.8
v -1.1 0.5 -2.2
v -1.2 0.5 -2.2
v -1.2 0.5 -1.9
v -1.1 0.5 -1.9
v -1.3 0.1 -2.2
v -1.3 0.1 -0.7
v -1.2 0.1 -0.7
v -1.7 0.1 -2.2
v -1.7 0.1 -0.6
v -1.3 0.1 -0.6
v -1.8 0.1 -2.2
v -1.8 0.1 -0.7
v -1.7 0.1 -0.7
v -1.9 0.1 -2.2
v -1.9 0.1 -0.8
v -1.8 0.1 -0.8
v -2 0.1 -2.2
v -2 0.1 -1.9
v -1.9 0.1 -1.9
v -1.9 0.5 -2.2
v -2 0.5 -2.2
v -2 0.5 -2
v -1.9 0.5 -2
v -2.1 0.1 -2.2
v -2.1 0.1 -2
v -2 0.1 -2
v -2 0.4 -2.2
v -2.1 0.4 -2.2
v -2.1 0.4 -2.1
v -2 0.4 -2.1
v -2 0.6 -2.2
v -2.1 0.6 -2.2
v -2 0.8 -2.2
v -2.1 0.8 -2.2
v -2.1 0.8 -2.1
v -2 0.8 -2.1
v -2.2 0.1 -2.2
v -2.2 0.1 -1.9
v -2.1 0.1 -1.9
v -2.1 0.7 -2.2
v -2.2 0.7 -2.2
v -2.2 0.7 -2
v -2.1 0.7 -2
v 2.6 1.9 2.9
v 2.6 1.9 3
v 0.4 1.9 3
v 0.4 1.9 2.9
v -0.1 0.3 2.9
v -0.1 0.3 3
v -1 0.3 3
v -1 0.3 2.9
v -1.1 0.3 2.9
v -1.1 0.3 3
v -2 0.3 3
v -2 0.3 2.9
v -2.1 0.3 2.9
v -2.1 0.3 3
v -2.2 0.3 3
v -2.2 0.3 2.9
v 2.6 1.3 2.7
v 2.6 1.3 2.9
v 2.5 1.3 2.9
v 2.5 1.3 2.7
v 2.5 1.5 2.7
v 2.5 1.5 2.9
v 2.4 1.5 2.9
v 2.4 1.5 2.7
v 2.4 1.6 2.7
v 2.4 1.6 2.9
v 2.3 1.6 2.9
v 2.3 1.6 2.7
v 2.3 1.7 2.7
v 2.3 1.7 2.9
v 2.2 1.7 2.9
v 2.2 1.7 2.7
v 2.2 1.8 2.7
v 2.2 1.8 2.9
v 2 1.8 2.9
v 2 1.8 2.7
v 1 1.8 2.7
v 1 1.8 2.9
v 0.8 1.8 2.9
v 0.8 1.8 2.7
v 0.8 1.7 2.7
v 0.8 1.7 2.9
v 0.7 1.7 2.9
v 0.7 1.7 2.7
v 0.7 1.6 2.7
v 0.7 1.6 2.9
v 0.6 1.6 2.9
v 0.6 1.6 2.7
v 0.6 1.5 2.7
v 0.6 1.5 2.9
v 0.5 1.5 2.9
v 0.5 1.5 2.7
v 0.5 1.3 2.7
v 0.5 1.3 2.9
v 0.4 1.3 2.9
v 0.4 1.3 2.7
v 2.9 1.3 2.5
v 2.9 1.3 2.6
v 2.7 1.3 2.6
v 2.7 1.3 2.5
v 0.3 1.3 2.5
v 0.3 1.3 2.6
v 0.1 1.3 2.6
v 0.1 1.3 2.5
v 2.9 1.5 2.4
v 2.9 1.5 2.5
v 2.7 1.5 2.5
v 2.7 1.5 2.4
v 0.3 1.5 2.4
v 0.3 1.5 2.5
v 0.1 1.5 2.5
v 0.1 1.5 2.4
v -0.4 0.6 2.5
v -0.7 0.6 2.5
v 2.9 1.6 2.3
v 2.9 1.6 2.4
v 2.7 1.6 2.4
v 2.7 1.6 2.3
v 0.3 1.6 2.3
v 0.3 1.6 2.4
v 0.1 1.6 2.4
v 0.1 1.6 2.3
v -1.4 0.9 2.3
v -1.4 0.9 2.4
v -1.6 0.9 2.4
v -1.6 0.9 2.3
v 2.9 1.7 2.2
v 2.9 1.7 2.3
v 2.7 1.7 2.3
v 2.7 1.7 2.2
v 0.3 1.7 2.2
v 0.3 1.7 2.3
v 0.1 1.7 2.3
v 0.1 1.7 2.2
v -1.4 0.8 2.2
v -1.4 0.8 2.3
v -1.6 0.8 2.3
v -1.6 0.8 2.2
v -2.1 0.6 2.2
v -2.1 0.6 2.5
v -2.2 0.6 2.5
v -2.2 0.6 2.2
v 2.9 0.3 2.1
v 2.9 0.3 2.2
v 2.8 0.3 2.2
v 2.8 0.3 2.1
v 2.7 0.3 2.1
v 2.7 0.3 2.2
v 2.5 0.3 2.2
v 2.5 0.3 2.1
v 2.4 0.3 2.1
v 2.4 0.3 2.2
v 2.3 0.3 2.2
v 2.3 0.3 2.1
v -0.3 0.6 2.1
v -0.3 0.6 2.4
v -0.8 0.6 2.4
v -0.8 0.6 2.1
v -1.4 0.7 2.1
v -1.4 0.7 2.2
v -1.6 0.7 2.2
v -1.6 0.7 2.1
v -2.1 0.2 2.1
v -2.1 0.2 2.6
v -2.2 0.2 2.6
v -2.2 0.2 2.1
v 2.9 1.8 2
v 2.9 1.8 2.2
v 2.7 1.8 2.2
v 2.7 1.8 2
v 0.3 1.8 2
v 0.3 1.8 2.2
v 0.1 1.8 2.2
v 0.1 1.8 2
v -0.4 0.6 2
v -0.7 0.6 2
v -0.3 0.2 2
v -0.3 0.2 2.5
v -0.8 0.2 2.5
v -0.8 0.2 2
v -1.3 0.8 2
v -1.3 0.8 2.1
v -1.4 0.6 2
v -1.4 0.6 2.1
v -1.6 0.6 2.1
v -1.6 0.6 2
v -1.7 0.8 2.1
v -1.7 0.8 2
v 3 0.3 1.9
v 3 0.3 2.1
v 2.9 0.3 1.9
v 2.9 0.2 1.9
v 2.9 0.2 2.1
v 2.3 0.2 2.1
v 2.3 0.2 1.9
v 2.3 0.3 1.9
v 2.2 0.3 2.1
v 2.2 0.3 1.9
v 2.9 0.3 1.8
v 2.8 0.3 1.9
v 2.8 0.3 1.8
v 2.7 0.3 1.8
v 2.7 0.3 1.9
v 2.5 0.3 1.9
v 2.5 0.3 1.8
v 2.4 0.3 1.8
v 2.4 0.3 1.9
v 2.3 0.3 1.8
v 1.7 0.4 1.8
v 1.7 0.4 1.9
v 1.3 0.4 1.9
v 1.3 0.4 1.8
v 1.7 1.4 1.8
v 1.7 1.4 1.9
v 1.3 1.4 1.9
v 1.3 1.4 1.8
v 1.7 2.8 1.8
v 1.7 2.8 1.9
v 1.3 2.8 1.9
v 1.3 2.8 1.8
v 1.7 1.9 1.8
v 1.7 1.9 2.9
v 1 1.9 2.9
v 1 1.9 1.8
v 0.8 2.4 1.8
v 0.7 2.4 1.8
v -1.2 0.8 1.8
v -1.2 0.8 1.9
v -1.3 0.6 1.8
v -1.3 0.6 2
v -1.4 0.6 1.8
v -1.6 0.6 1.8
v -1.7 0.6 2
v -1.7 0.6 1.8
v -1.8 0.8 1.9
v -1.8 0.8 1.8
v 1.8 0.4 1.7
v 1.8 0.4 1.8
v 1.7 0.4 1.7
v 1.8 1.4 1.7
v 1.8 1.4 1.8
v 1.7 1.4 1.7
v 1.8 1.9 1.7
v 1.8 1.9 2.9
v 1.7 1.9 1.7
v 1.8 2.8 1.7
v 1.8 2.8 1.8
v 1.7 2.8 1.7
v 1.8 3.3 1.7
v 1.8 3.3 1.8
v 1.7 3.3 1.8
v 1.7 3.3 1.7
v 1.3 0.4 1.7
v 1.2 0.4 1.8
v 1.2 0.4 1.7
v 1.3 1.4 1.7
v 1.2 1.4 1.8
v 1.2 1.4 1.7
v 1.3 2.8 1.7
v 1.2 2.8 1.8
v 1.2 2.8 1.7
v 1.3 3.3 1.7
v 1.3 3.3 1.8
v 1.2 3.3 1.8
v 1.2 3.3 1.7
v 1.3 1.9 1.7
v 1.3 1.9 1.8
v 1 1.9 1.7
v -0.1 0.6 1.8
v -0.4 0.6 1.8
v -1.4 0.5 1.7
v -1.4 0.5 2
v -1.6 0.5 2
v -1.6 0.5 1.7
v 2.9 0.3 1.6
v 2.9 0.3 1.7
v 2.8 0.3 1.7
v 2.8 0.3 1.6
v 2.7 0.3 1.6
v 2.7 0.3 1.7
v 2.5 0.3 1.7
v 2.5 0.3 1.6
v 2.4 0.3 1.6
v 2.4 0.3 1.7
v 2.3 0.3 1.7
v 2.3 0.3 1.6
v -1.1 0.8 1.5
v -1.1 0.8 1.6
v -1.2 0.6 1.5
v -1.2 0.6 1.8
v -1.3 0.6 1.5
v -1.7 0.6 1.5
v -1.8 0.6 1.8
v -1.8 0.6 1.5
v -1.9 0.8 1.6
v -1.9 0.8 1.5
v 3 0.3 1.4
v 3 0.3 1.6
v 2.9 0.3 1.4
v 2.9 0.2 1.4
v 2.9 0.2 1.6
v 2.3 0.2 1.6
v 2.3 0.2 1.4
v 2.3 0.3 1.4
v 2.2 0.3 1.6
v 2.2 0.3 1.4
v 0 0.6 1.4
v 0 0.6 1.7
v -0.5 0.6 1.7
v -0.5 0.6 1.4
v -1.3 0.5 1.4
v -1.3 0.5 1.8
v -1.4 0.5 1.8
v -1.4 0.5 1.4
v -1.6 0.5 1.4
v -1.6 0.5 1.8
v -1.7 0.5 1.8
v -1.7 0.5 1.4
v 2.9 0.3 1.3
v 2.8 0.3 1.4
v 2.8 0.3 1.3
v 2.7 0.3 1.3
v 2.7 0.3 1.4
v 2.5 0.3 1.4
v 2.5 0.3 1.3
v 2.4 0.3 1.3
v 2.4 0.3 1.4
v 2.3 0.3 1.3
v 1.9 0.4 1.3
v 1.9 0.4 1.7
v 1.8 0.4 1.3
v 1.9 1.4 1.3
v 1.9 1.4 1.7
v 1.8 1.4 1.3
v 1.9 2.8 1.3
v 1.9 2.8 1.7
v 1.8 2.8 1.3
v 1.2 0.4 1.3
v 1.1 0.4 1.7
v 1.1 0.4 1.3
v 1.2 1.4 1.3
v 1.1 1.4 1.7
v 1.1 1.4 1.3
v 1.2 2.8 1.3
v 1.1 2.8 1.7
v 1.1 2.8 1.3
v -0.1 0.6 1.3
v -0.4 0.6 1.3
v 0 0.2 1.3
v 0 0.2 1.8
v -0.5 0.2 1.8
v -0.5 0.2 1.3
v 1.8 0.4 1.2
v 1.7 0.4 1.3
v 1.7 0.4 1.2
v 1.8 1.4 1.2
v 1.7 1.4 1.3
v 1.7 1.4 1.2
v 1.8 2.8 1.2
v 1.7 2.8 1.3
v 1.7 2.8 1.2
v 1.3 0.4 1.2
v 1.3 0.4 1.3
v 1.2 0.4 1.2
v 1.3 1.4 1.2
v 1.3 1.4 1.3
v 1.2 1.4 1.2
v 1.3 2.8 1.2
v 1.3 2.8 1.3
v 1.2 2.8 1.2
v -1.1 0.6 1.2
v -1.1 0.6 1.5
v -1.2 0.6 1.2
v -1.8 0.6 1.2
v -1.9 0.6 1.5
v -1.9 0.6 1.2
v 2.9 0.3 1.1
v 2.9 0.3 1.2
v 2.8 0.3 1.2
v 2.8 0.3 1.1
v 2.7 0.3 1.1
v 2.7 0.3 1.2
v 2.5 0.3 1.2
v 2.5 0.3 1.1
v 2.4 0.3 1.1
v 2.4 0.3 1.2
v 2.3 0.3 1.2
v 2.3 0.3 1.1
v 1.7 0.4 1.1
v 1.3 0.4 1.1
v 1.7 1.4 1.1
v 1.3 1.4 1.1
v 1.7 2.8 1.1
v 1.3 2.8 1.1
v -1.2 0.5 1.1
v -1.2 0.5 1.2
v -1.3 0.5 1.2
v -1.3 0.5 1.1
v -1.7 0.5 1.1
v -1.7 0.5 1.2
v -1.9 0.5 1.2
v -1.9 0.5 1.1
v 2.9 1.9 1
v 2.9 1.9 2
v 2.7 1.9 2
v 2.7 1.9 1
v 2.4 2.5 1.1
v 2.1 2.5 1.1
v 0.3 1.9 1
v 0.3 1.9 2
v 0.1 1.9 2
v 0.1 1.9 1
v -0.6 1.2 1
v -0.6 1.2 1.1
v -0.7 1.1 1
v -0.7 1.1 1.1
v -0.9 1.1 1.1
v -0.9 1.1 1
v -1 1 1
v -1 1 1.1
v -1.1 1.4 1.1
v -1.1 1.4 1
v -1.1 0.8 1
v -1.1 0.8 1.1
v -1.2 1.5 1.1
v -1.2 1.5 1
v -1.9 0.8 1.1
v -1.9 0.8 1
v -1.8 1.5 1
v -1.8 1.5 1.1
v -2 1 1.1
v -2 1 1
v -1.9 1.4 1
v -1.9 1.4 1.1
v -2.1 1.1 1
v -2.1 1.1 1.1
v -2.2 1.1 1.1
v -2.2 1.1 1
v 3 0.3 0.9
v 3 0.3 1.1
v 2.9 0.3 0.9
v 2.9 0.2 0.9
v 2.9 0.2 1.1
v 2.3 0.2 1.1
v 2.3 0.2 0.9
v 2.3 0.3 0.9
v 2.2 0.3 1.1
v 2.2 0.3 0.9
v -0.8 1.4 0.9
v -0.8 1.4 1
v -1 1.4 0.9
v -2.1 1.4 0.9
v -2.2 1.4 1.1
v -2.2 1.4 0.9
v 2.9 0.3 0.8
v 2.8 0.3 0.9
v 2.8 0.3 0.8
v 2.9 1.8 0.8
v 2.9 1.8 1
v 2.7 1.8 1
v 2.7 1.8 0.8
v 2.7 0.3 0.8
v 2.7 0.3 0.9
v 2.5 0.3 0.9
v 2.5 0.3 0.8
v 2.4 0.3 0.8
v 2.4 0.3 0.9
v 2.3 0.3 0.8
v 0.3 1.8 0.8
v 0.3 1.8 1
v 0.1 1.8 1
v 0.1 1.8 0.8
v -0.7 1.4 0.8
v -0.7 1.4 0.9
v -0.8 1.4 0.8
v 2.9 1.7 0.7
v 2.9 1.7 0.8
v 2.7 1.7 0.8
v 2.7 1.7 0.7
v 2.5 2.5 0.7
v 2.5 2.5 1
v 2 2.5 1
v 2 2.5 0.7
v 0.3 1.7 0.7
v 0.3 1.7 0.8
v 0.1 1.7 0.8
v 0.1 1.7 0.7
v -0.6 1.4 0.7
v -0.6 1.4 0.8
v -0.7 1.4 0.7
v 2.9 1.6 0.6
v 2.9 1.6 0.7
v 2.7 1.6 0.7
v 2.7 1.6 0.6
v 2.4 2.5 0.6
v 2.1 2.5 0.6
v 0.3 1.6 0.6
v 0.3 1.6 0.7
v 0.1 1.6 0.7
v 0.1 1.6 0.6
v -0.5 1.4 0.6
v -0.5 1.4 0.7
v -0.6 1.4 0.6
v 2.9 1.5 0.5
v 2.9 1.5 0.6
v 2.7 1.5 0.6
v 2.7 1.5 0.5
v 0.3 1.5 0.5
v 0.3 1.5 0.6
v 0.1 1.5 0.6
v 0.1 1.5 0.5
v -0.4 1.4 0.5
v -0.4 1.4 0.6
v -0.5 1.4 0.5
v 3 1.9 0.4
v 3 1.9 2.6
v 2.9 1.9 2.6
v 2.9 1.9 0.4
v 2.9 1.3 0.4
v 2.9 1.3 0.5
v 2.7 1.3 0.5
v 2.7 1.3 0.4
v 2.7 1.9 0.4
v 2.7 1.9 2.6
v 2.6 1.9 2.6
v 2.6 1.9 0.4
v 0.4 1.9 0.4
v 0.4 1.9 2.6
v 0.3 1.9 2.6
v 0.3 1.9 0.4
v 0.3 1.3 0.4
v 0.3 1.3 0.5
v 0.1 1.3 0.5
v 0.1 1.3 0.4
v 0.1 1.9 0.4
v 0.1 1.9 2.6
v 0 1.9 2.6
v 0 1.9 0.4
v -0.3 1.4 0.5
v 2.6 1.9 0.3
v 2.6 1.9 2.7
v 2 1.9 2.7
v 2 1.9 0.3
v 1 1.9 0.3
v 1 1.9 2.7
v 0.4 1.9 2.7
v 0.4 1.9 0.3
v -0.2 1.4 0.3
v -0.2 1.4 0.4
v -0.3 1.3 0.3
v -0.3 1.3 0.4
v -0.4 1.2 0.3
v -0.4 1.2 0.4
v -0.5 1.1 0.3
v -0.5 1.1 0.4
v -0.6 1 0.3
v -0.6 1 0.4
v -0.7 0.9 0.3
v -0.7 0.9 0.4
v -0.8 0.8 0.3
v -0.8 0.8 0.4
v -0.9 0.7 0.3
v -0.9 0.7 0.4
v -1 0.7 0.4
v -1 0.7 0.3
v -2 0.7 0.3
v -2 0.7 0.4
v -2.1 0.7 0.4
v -2.1 0.7 0.3
v -2.2 0.8 0.4
v -2.2 0.8 0.3
v -0.3 1.4 0.2
v -0.4 1.4 0.2
v 2.6 1.3 0.1
v 2.6 1.3 0.3
v 2.5 1.3 0.3
v 2.5 1.3 0.1
v 2.5 1.5 0.1
v 2.5 1.5 0.3
v 2.4 1.5 0.3
v 2.4 1.5 0.1
v 2.4 1.6 0.1
v 2.4 1.6 0.3
v 2.3 1.6 0.3
v 2.3 1.6 0.1
v 2.3 1.7 0.1
v 2.3 1.7 0.3
v 2.2 1.7 0.3
v 2.2 1.7 0.1
v 2.2 1.8 0.1
v 2.2 1.8 0.3
v 2 1.8 0.3
v 2 1.8 0.1
v 1 1.8 0.1
v 1 1.8 0.3
v 0.8 1.8 0.3
v 0.8 1.8 0.1
v 0.8 1.7 0.1
v 0.8 1.7 0.3
v 0.7 1.7 0.3
v 0.7 1.7 0.1
v 0.7 1.6 0.1
v 0.7 1.6 0.3
v 0.6 1.6 0.3
v 0.6 1.6 0.1
v 0.6 1.5 0.1
v 0.6 1.5 0.3
v 0.5 1.5 0.3
v 0.5 1.5 0.1
v 0.5 1.3 0.1
v 0.5 1.3 0.3
v 0.4 1.3 0.3
v 0.4 1.3 0.1
v -0.4 1.4 0.1
v -0.5 1.4 0.2
v -0.5 1.4 0.1
v 2.6 1.9 0
v 2.6 1.9 0.1
v 2 1.9 0.1
v 2 1.9 0
v 2 1.9 2.9
v 1.8 1.9 0
v 1.8 1.9 1.3
v 1.7 1.9 1.3
v 1.7 1.9 0
v 1.7 1.9 1.2
v 1.3 1.9 1.2
v 1.3 1.9 0
v 1.3 1.9 1.3
v 1.2 1.9 1.3
v 1.2 1.9 0
v 1.2 1.9 1.7
v 1 1.9 0
v 1 1.9 0.1
v 0.4 1.9 0.1
v 0.4 1.9 0
v 3 0 0
v 3 0 3
v 0 0 3
v 0 0 0
v -0.5 1.4 0
v -0.6 1.4 0.1
v -0.6 1.4 0
v -2.2 0 3
v -2.2 0 0
v -0.6 1.4 -0.1
v -0.7 1.4 0
v -0.7 1.4 -0.1
v -0.7 1.4 -0.2
v -0.8 1.4 -0.1
v -0.8 1.4 -0.2
v -0.9 1.4 0.9
v -0.6 1.2 -0.4
v -0.6 1.2 -0.3
v -0.8 1.4 -0.3
v -0.8 1.4 -0.4
v -0.7 1.1 -0.4
v -0.7 1.1 -0.3
v -0.9 1.1 -0.3
v -0.9 1.1 -0.4
v -0.9 1.4 -0.2
v -1 1 -0.4
v -1 1 -0.3
v -1.1 1.4 -0.3
v -1.1 1.4 -0.4
v -1.1 0.8 -0.4
v -1.1 0.8 -0.3
v -1.2 1.5 -0.3
v -1.2 1.5 -0.4
v -1.9 0.8 -0.3
v -1.9 0.8 -0.4
v -1.8 1.5 -0.4
v -1.8 1.5 -0.3
v -2 1 -0.3
v -2 1 -0.4
v -1.9 1.4 -0.4
v -1.9 1.4 -0.3
v -2.1 1.1 -0.4
v -2.1 1.1 -0.3
v -2.2 1.1 -0.3
v -2.2 1.1 -0.4
v -2.1 1.4 -0.2
v -2.2 1.4 -0.2
v -2.2 1.4 -0.4
v -1.1 0.5 -0.5
v -1.1 0.5 1.2
v -1.2 0.5 -0.5
v -1.8 0.5 -0.5
v -1.8 0.5 1.1
v -1.9 0.5 -0.5
v 1.8 0.6 -0.5
v 1.2 0.6 -0.5
v 0.8 0.9 -0.6
v 0.8 0.9 -0.5
v 0.7 0.9 -0.5
v 0.7 0.9 -0.6
v -1.2 0.4 -0.6
v -1.2 0.4 1.1
v -1.3 0.4 1.1
v -1.3 0.4 -0.6
v -1.7 0.4 -0.6
v -1.7 0.4 1.1
v -1.8 0.4 1.1
v -1.8 0.4 -0.6
v 2 0.6 -0.6
v 1.6 1.1 -0.7
v 1.4 1.1 -0.7
v 1 0.6 -0.6
v 0.7 0.9 -0.7
v 0.6 0.9 -0.5
v 0.6 0.9 -0.7
v -1.3 0.4 -0.7
v -1.3 0.4 1.3
v -1.4 0.4 1.3
v -1.4 0.4 -0.7
v -1.4 0.4 1.7
v -1.6 0.4 1.7
v -1.6 0.4 -0.7
v -1.6 0.4 1.3
v -1.7 0.4 1.3
v -1.7 0.4 -0.7
v 2.2 0.6 -0.7
v 1.6 1.2 -0.8
v 1.4 1.2 -0.8
v 1.1 0.8 -0.8
v 1.1 0.8 -0.7
v 1 0.8 -0.7
v 1 0.8 -0.8
v 0.8 0.6 -0.7
v 0.9 0.9 -0.8
v 0.9 0.9 -0.6
v 0.8 0.9 -0.8
v 0.6 0.9 -0.8
v 0.5 0.9 -0.7
v 0.5 0.9 -0.8
v -1 0.6 -0.8
v -1 0.6 1.2
v -1.1 0.6 -0.8
v -1.2 0.5 -0.8
v -1.2 0.5 -0.7
v -1.4 0.5 -0.7
v -1.4 0.5 -0.8
v -1.6 0.5 -0.7
v -1.6 0.5 -0.8
v -1.8 0.5 -0.7
v -1.8 0.5 -0.8
v -1.9 0.6 -0.8
v -2 0.6 1.2
v -2 0.6 -0.8
v 3 0.3 -0.9
v 3 0.3 -0.1
v 2.9 0.3 -0.1
v 2.9 0.3 -0.9
v 1.6 1.3 -0.9
v 1.4 1.3 -0.9
v 1 0.8 -0.9
v 0.8 0.8 -0.8
v 0.8 0.8 -0.9
v 0.7 0.8 -0.9
v 0.7 0.8 -0.8
v 0.4 0.8 -0.8
v 0.4 0.8 -0.9
v -1.1 0.6 -0.9
v -1.4 0.6 -0.8
v -1.4 0.6 -0.9
v -1.6 0.6 -0.8
v -1.6 0.6 -0.9
v -1.9 0.6 -0.9
v 2.3 0.6 -0.8
v 1.6 1.4 -1
v 1.4 1.4 -1
v 1.1 0.8 -1
v 1.1 0.8 -0.9
v 1 0.8 -1
v 0.7 0.6 -0.8
v 0.6 0.9 -1
v 0.6 0.9 -0.9
v 0.5 0.9 -0.9
v 0.5 0.9 -1
v -0.6 0.5 -1
v -0.6 0.5 -0.8
v -0.7 0.5 -0.8
v -0.7 0.5 -1
v 1.6 1.5 -1.1
v 1.4 1.5 -1.1
v 0.9 0.9 -1.1
v 0.9 0.9 -0.9
v 0.8 0.9 -0.9
v 0.8 0.9 -1.1
v -0.6 0.4 -1
v -0.7 0.4 -1
v 2.4 0.6 -1
v 1.6 1.6 -1.2
v 1.4 1.6 -1.2
v 0.8 0.9 -1.2
v 0.7 0.9 -1.1
v 0.7 0.9 -1.2
v 0.6 0.6 -1
v 0.7 0.9 -1
v 0.6 0.9 -1.2
v -0.6 0.3 -1.1
v -0.7 0.3 -1.1
v -0.6 0.7 -1.2
v -0.7 0.7 -1.2
v 1.7 1.6 -1.3
v 1.7 1.6 -1.2
v 1.6 1.6 -1.3
v 1.5 0.9 -1.3
v 1.5 0.9 -1
v 1.4 0.9 -1
v 1.4 0.9 -1.3
v 1.6 1.5 -1.3
v 1.6 1.5 -1.2
v 1.4 1.5 -1.2
v 1.4 1.5 -1.3
v 1.4 1.6 -1.3
v 1.3 1.6 -1.2
v 1.3 1.6 -1.3
v 1.7 3.2 -1.3
v 1.7 3.2 1.2
v 1.3 3.2 1.2
v 1.3 3.2 -1.3
v -0.5 0.6 -1.3
v -0.5 0.6 -0.7
v -0.6 0.6 -0.7
v -0.6 0.6 -1.3
v -0.6 0.2 -1.2
v -0.7 0.2 -1.2
v -0.6 0.8 -1.3
v -0.7 0.8 -1.3
v -0.7 0.4 -1.3
v -0.7 0.4 -0.9
v -0.8 0.4 -0.9
v -0.8 0.4 -1.3
v 1.8 1.6 -1.4
v 1.8 1.6 -1.3
v 1.7 1.6 -1.4
v 1.7 1.5 -1.4
v 1.7 1.5 -1.3
v 1.6 1.5 -1.4
v 1.4 1.5 -1.4
v 1.3 1.5 -1.3
v 1.3 1.5 -1.4
v 1.3 1.6 -1.4
v 1.2 1.6 -1.3
v 1.2 1.6 -1.4
v -0.1 0.4 -1.4
v -0.1 0.4 -1.3
v -0.5 0.4 -1.3
v -0.5 0.4 -1.4
v -0.6 0.5 -1.4
v -0.6 0.5 -1.1
v -0.7 0.5 -1.1
v -0.7 0.5 -1.4
v -0.8 0.6 -1.4
v -0.8 0.6 -1.3
v -1.4 0.6 -1.3
v -1.4 0.6 -1.4
v -2 0.5 -1.4
v -2 0.5 -1.2
v -2.1 0.5 -1.2
v -2.1 0.5 -1.4
v 2 0.9 -1.5
v 2 0.9 -1.4
v 1.7 0.9 -1.4
v 1.7 0.9 -1.5
v 0 0.5 -1.5
v 0 0.5 -1.4
v -0.2 0.5 -1.4
v -0.2 0.5 -1.5
v -0.2 0.4 -1.5
v -0.2 0.4 -1.4
v -0.3 0.3 -1.5
v -0.3 0.3 -1.4
v -0.4 0.7 -1.4
v -0.4 0.7 -1.5
v -0.4 0.2 -1.5
v -0.4 0.2 -1.4
v -0.5 0.8 -1.4
v -0.5 0.8 -1.5
v -0.3 0.5 -1.5
v -0.3 0.5 -1.4
v -0.6 0.5 -1.5
v -0.9 0.2 -1.4
v -0.9 0.2 -1.5
v -0.8 0.8 -1.5
v -0.8 0.8 -1.4
v -1 0.3 -1.4
v -1 0.3 -1.5
v -0.7 0.5 -1.5
v -1 0.5 -1.4
v -1 0.5 -1.5
v -0.9 0.7 -1.5
v -0.9 0.7 -1.4
v -1.1 0.4 -1.4
v -1.1 0.4 -1.5
v -1.1 0.5 -1.5
v -1.1 0.5 -1.4
v -1.3 0.5 -1.4
v -1.3 0.5 -1.5
v -2 0.4 -1.4
v -2.1 0.4 -1.4
v 2.3 1.1 -1.4
v 2.3 1.1 -1.6
v 2.2 1.2 -1.4
v 2.2 1.2 -1.6
v 2.1 1.3 -1.4
v 2.1 1.3 -1.6
v 2 1.4 -1.4
v 2 1.4 -1.6
v 1.9 1.5 -1.4
v 1.9 1.5 -1.6
v 1.8 1.6 -1.6
v 1.8 1.5 -1.6
v 1.8 1.5 -1.4
v 1.7 1.5 -1.6
v 1.7 3.2 -1.6
v 1.7 3.2 -1.4
v 1.6 3.2 -1.4
v 1.6 3.2 -1.6
v 1.4 3.2 -1.6
v 1.4 3.2 -1.4
v 1.3 3.2 -1.4
v 1.3 3.2 -1.6
v 1.3 1.5 -1.6
v 1.2 1.5 -1.4
v 1.2 1.5 -1.6
v 1.2 1.6 -1.6
v 1.3 0.9 -1.6
v 1.3 0.9 -1.5
v 1 0.9 -1.5
v 1 0.9 -1.6
v 1.1 1.5 -1.6
v 1.1 1.5 -1.4
v 1 1.4 -1.6
v 1 1.4 -1.4
v 0.9 1.3 -1.6
v 0.9 1.3 -1.4
v 0.8 1.2 -1.6
v 0.8 1.2 -1.4
v 0.7 1.1 -1.6
v 0.7 1.1 -1.4
v 0.1 0.6 -1.6
v 0.1 0.6 -1.5
v -0.5 0.6 -1.5
v -0.5 0.6 -1.6
v -0.8 0.4 -1.6
v -0.8 0.4 -1.5
v -1.2 0.4 -1.5
v -1.2 0.4 -1.6
v -2 0.3 -1.5
v -2.1 0.3 -1.5
v -2 0.7 -1.6
v -2.1 0.7 -1.6
v 1.8 1.6 -1.7
v 1.7 1.6 -1.6
v 1.7 1.6 -1.7
v 1.7 1.5 -1.7
v 1.6 1.5 -1.6
v 1.6 1.5 -1.7
v 1.4 1.5 -1.7
v 1.4 1.5 -1.6
v 1.3 1.5 -1.7
v 1.3 1.6 -1.7
v 1.3 1.6 -1.6
v 1.2 1.6 -1.7
v -0.6 0.2 -1.7
v -0.7 0.2 -1.7
v -0.6 0.8 -1.6
v -0.7 0.8 -1.6
v -1.9 0.6 -1.7
v -1.9 0.6 -1.1
v -2 0.6 -1.1
v -2 0.6 -1.7
v -2 0.2 -1.6
v -2.1 0.2 -1.6
v -2 0.8 -1.7
v -2.1 0.8 -1.7
v -2.1 0.4 -1.7
v -2.1 0.4 -1.3
v -2.2 0.4 -1.3
v -2.2 0.4 -1.7
v 2.5 0.6 -1.8
v 2.5 0.6 -1.2
v 2.4 0.5 -1.8
v 2.4 0.5 -1.2
v 2.3 0.5 -1.2
v 2.3 0.5 -1.8
v 1.7 1.6 -1.8
v 1.6 1.6 -1.7
v 1.6 1.6 -1.8
v 1.6 1.5 -1.8
v 1.4 1.5 -1.8
v 1.4 1.6 -1.8
v 1.4 1.6 -1.7
v 1.3 1.6 -1.8
v 0.7 0.5 -1.8
v 0.7 0.5 -1.2
v 0.6 0.5 -1.2
v 0.6 0.5 -1.8
v 0.5 0.6 -1.2
v 0.5 0.6 -1.8
v -0.6 0.3 -1.8
v -0.7 0.3 -1.8
v -0.6 0.5 -1.8
v -0.7 0.5 -1.8
v -0.6 0.7 -1.7
v -0.7 0.7 -1.7
v -1.5 0.4 -1.8
v -1.5 0.4 -1.7
v -1.9 0.4 -1.7
v -1.9 0.4 -1.8
v -2 0.5 -1.8
v -2 0.5 -1.5
v -2.1 0.5 -1.5
v -2.1 0.5 -1.8
v 0.8 0.9 -1.9
v 0.8 0.9 -1.8
v 0.7 0.9 -1.8
v 0.7 0.9 -1.9
v -0.6 0.4 -1.9
v -0.7 0.4 -1.9
v -1.4 0.5 -1.9
v -1.4 0.5 -1.8
v -1.6 0.5 -1.8
v -1.6 0.5 -1.9
v -1.6 0.4 -1.9
v -1.6 0.4 -1.8
v -1.7 0.3 -1.9
v -1.7 0.3 -1.8
v -1.8 0.7 -1.8
v -1.8 0.7 -1.9
v -1.8 0.2 -1.9
v -1.8 0.2 -1.8
v -1.9 0.8 -1.8
v -1.9 0.8 -1.9
v -1.7 0.5 -1.9
v -1.7 0.5 -1.8
v -2 0.5 -1.9
v -2.1 0.5 -1.9
v -2.2 0.5 -1.8
v -2.2 0.5 -1.9
v -2.2 0.9 -1.8
v -2.2 0.9 -1.9
v 3 0.3 -2
v 3 0.3 -1
v 2.9 0.3 -1
v 2.9 0.3 -2
v 2.4 0.6 -2
v 2.3 0.5 -2
v 2.3 0.5 -1
v 2.2 0.5 -1
v 2.2 0.5 -2
v 1.6 0.9 -2
v 1.6 0.9 -1.7
v 1.5 0.9 -1.7
v 1.5 0.9 -2
v 1.6 1.5 -1.9
v 1.4 1.5 -1.9
v 0.8 0.5 -2
v 0.8 0.5 -1
v 0.7 0.5 -1
v 0.7 0.5 -2
v 0.6 0.6 -2
v 0.7 0.9 -2
v 0.6 0.9 -1.8
v 0.6 0.9 -2
v -0.5 0.4 -2
v -0.5 0.4 -1.6
v -0.6 0.4 -1.6
v -0.6 0.4 -2
v -1 0.5 -2
v -1 0.5 -1.8
v -1.1 0.5 -1.8
v -1.1 0.5 -2
v -1.3 0.6 -2
v -1.3 0.6 -1.9
v -1.9 0.6 -1.9
v -1.9 0.6 -2
v 1.8 3.3 -2.1
v 1.8 3.3 1.3
v 1.7 3.3 1.3
v 1.7 3.3 -2.1
v 1.7 3.2 -2.1
v 1.7 3.2 -1.7
v 1.6 3.2 -1.7
v 1.6 3.2 -2.1
v 1.6 1.4 -2
v 1.4 1.4 -2
v 1.6 3.2 -1.3
v 1.4 3.2 -1.3
v 1.4 3.2 -2.1
v 1.4 3.2 -1.7
v 1.3 3.2 -1.7
v 1.3 3.2 -2.1
v 1.3 3.3 -2.1
v 1.3 3.3 1.3
v 1.2 3.3 1.3
v 1.2 3.3 -2.1
v 1.1 0.8 -2.1
v 1.1 0.8 -2
v 1 0.8 -2
v 1 0.8 -2.1
v 0.9 0.9 -2.1
v 0.9 0.9 -1.9
v 0.8 0.9 -2.1
v 0.6 0.9 -2.1
v 0.5 0.9 -2
v 0.5 0.9 -2.1
v -0.6 0.5 -2.1
v -0.6 0.5 -1.9
v -0.7 0.5 -1.9
v -0.7 0.5 -2.1
v -1 0.4 -2
v -1.1 0.4 -2
v -2 0.2 -2.1
v -2.1 0.2 -2.1
v -2 0.8 -2
v -2.1 0.8 -2
v 3 0.3 -2.2
v 3 0.3 -2.1
v 2.9 0.3 -2.1
v 2.9 0.3 -2.2
v 2.3 0.6 -2.2
v 2.2 0.5 -2.2
v 2.2 0.5 -0.8
v 2 0.5 -0.8
v 2 0.5 -2.2
v 2 0.5 -0.7
v 1.8 0.5 -0.7
v 1.8 0.5 -2.2
v 1.6 1.3 -2.2
v 1.6 1.3 -2.1
v 1.4 1.3 -2.1
v 1.4 1.3 -2.2
v 1.8 0.5 -0.6
v 1.2 0.5 -0.6
v 1.2 0.5 -2.2
v 1.2 0.5 -0.7
v 1 0.5 -0.7
v 1 0.5 -2.2
v 1 0.5 -0.8
v 0.8 0.5 -0.8
v 0.8 0.5 -2.2
v 1 0.8 -2.2
v 0.8 0.8 -2.1
v 0.8 0.8 -2.2
v 0.7 0.6 -2.2
v 0.7 0.8 -2.2
v 0.7 0.8 -2.1
v 0.4 0.8 -2.1
v 0.4 0.8 -2.2
v 3 0 -2.2
v 0 0 -2.2
v -0.7 0.6 -2.2
v -0.7 0.6 -1.6
v -0.8 0.6 -1.6
v -0.8 0.6 -2.2
v -0.9 0.6 -2.2
v -0.9 0.6 -1.7
v -1 0.6 -1.7
v -1 0.3 -2.2
v -1 0.3 -2.1
v -1.1 0.3 -2.1
v -1.1 0.3 -2.2
v -1 0.5 -2.2
v -1 0.5 -2.1
v -1.1 0.5 -2.1
v -1.1 0.7 -2.2
v -1.1 0.4 -1.9
v -1.2 0.4 -1.9
v -1.2 0.4 -2.2
v -1.9 0.4 -2.2
v -1.9 0.4 -2
v -2 0.4 -2
v -2 0.3 -2.2
v -2.1 0.3 -2.2
v -2.1 0.5 -2.2
v -2 0.7 -2.2
v -2 0.7 -2.1
v -2.1 0.7 -2.1
v -2.2 0 -2.2
v -2.1 0.6 -2
v -2.2 0.6 -2
v -2.2 0.6 -2.2
v 0 0.2 1.7
v 0 0.2 1.5
v -0.8 0.3 2
v -0.8 0.2 2.4
v -0.5 0.3 1.3
v -0.5 0.2 1.7
v -1.4 0.4 1.4
v -1.3 0.4 1.2
v -0.5 0.1 0.8
v -0.5 0.1 0.7
v 2.9 0.4 -0.1
v -1.2 0.4 -0.5
v 2.9 0.4 -0.9
v 2.9 0.4 -1
v 2.9 0.4 -2
v 2.9 0.4 -2.1
v -1.3 0.5 1.5
v -1.6 0.4 1.4
v -1.8 0.5 1.5
v -1.8 0.5 1.2
v -1.7 0.4 1.2
v -1.8 0.4 -0.5
v -1.9 0.5 -0.8
v -2.2 0.6 2.6
v -2.2 0.3 2.6
v -2.2 0.6 2.1
v -2.2 0.3 2.1
v -1.7 0.5 1.5
v -2.2 0.7 2.5
v -2.2 0.7 2.2
v -0.8 0.7 2.1
v -0.5 0.7 1.4
v -1.9 0.7 1.3
v -1.9 0.6 1.3
v -1.3 0.6 1.1
v -1.2 0.7 1
v -1.2 0.7 -0.3
v -1.2 0.7 -0.4
v -2 0.7 1.2
v -2 0.7 -0.8
v 0.7 0.7 -0.8
v 1.9 0.7 -1.7
v 1.9 0.7 -1.9
v 1.9 0.6 -1.7
v 1.7 0.7 -2
v 1.7 0.7 -2.2
v 1.7 0.6 -2
v 0.7 0.7 -2.2
v -1.2 0.7 1.3
v -1.8 0.7 1
v -1.8 0.7 -0.4
v -1.8 0.7 -0.3
v -1.1 0.7 -0.5
v -2 0.7 -0.5
v -1.1 0.8 -0.8
v -2 0.8 -0.8
v -1.9 0.8 -0.8
v -1.9 0.8 -0.9
v 1.9 0.8 -1.7
v 1.9 0.8 -1.8
v 1.9 0.7 -1.8
v 1.7 0.8 -2
v 1.7 0.8 -2.1
v 1.7 0.7 -2.1
v 0.4 0.9 -0.8
v 0.4 0.9 -0.9
v 1.3 0.6 -1.5
v 1.9 0.9 -1.8
v 1.7 0.9 -2.1
v 0.4 0.9 -2.1
v 0.4 0.9 -2.2
v -1.6 1 2.3
v 2.6 1.3 2.6
v 2.6 0.1 2.9
v 2.6 1.3 0
v 2.6 0.1 0.3
v -2.2 1.5 1
v -2.2 1.4 1
v -2.2 1.5 -0.3
v -2.2 1.4 -0.3
v 1.3 1.5 -1.5
v 1.3 1.8 -1.3
v 1.3 1.8 -1.7
v 0 1.9 3
v 0 1.9 2.9
v 2.7 1.9 2.5
v 0.1 1.9 2.5
v 2.7 1.9 2.4
v 0.1 1.9 2.4
v 2.7 1.9 2.3
v 0.1 1.9 2.3
v 2.7 1.9 2.2
v 0.1 1.9 2.2
v 2.7 1.9 0.8
v 0.1 1.9 0.8
v 2.7 1.9 0.7
v 0.1 1.9 0.7
v 2.7 1.9 0.6
v 0.1 1.9 0.6
v 2.7 1.9 0.5
v 0.1 1.9 0.5
v 0 1.9 0
v 0 2.1 3
v 0 2.1 0
v 2 2.2 0.6
v 2 2.1 1
v 0.4 2.1 2
v 0.4 2.1 1.9
v 0.6 2.1 1.6
v 0.6 2.1 1.7
v 2.7 2.4 0.4
v 2.7 2.1 2.4
v 0.1 2.4 0.4
v 0.1 2.1 2.4
v 0 2.6 2.6
v 0 2.1 2.9
v 2 2.6 0.7
v 0 2.6 0
v 0 2.1 0.3
v 1.3 3.2 1.8
v 1.3 3.2 1.7
v 1.3 3.2 1.3
v 3 0.1 3
v 3 0.1 0
v -2.1 0.2 2.5
v -2.1 0.3 2.1
v -0.3 0.2 2.4
v -0.3 0.3 2
v 0 0.3 1.3
v -0.2 0.1 0.8
v -0.2 0.1 0.7
v 3 0.4 -0.1
v 3 0.4 -0.9
v 3 0.4 -1
v 3 0.4 -2
v 3 0.4 -2.1
v -1.2 0.5 1.5
v -1.1 0.5 -0.8
v -2.1 0.7 2.5
v -0.3 0.7 2.4
v -2.1 0.7 2.2
v -0.3 0.7 2.1
v 0 0.7 1.7
v 0 0.7 1.4
v -1.1 0.7 1.3
v -1.1 0.6 1.3
v -1.7 0.6 1.1
v -1 0.7 1.2
v -1 0.7 -0.8
v 2.2 0.7 -1.7
v 2.2 0.6 -1.7
v 2.2 0.7 -1.9
v 2 0.7 -2
v 2 0.6 -2
v 2 0.7 -2.2
v 0.8 0.7 -2.2
v -1.8 0.7 1.3
v -1 0.7 -0.5
v -1.9 0.7 -0.5
v -1 0.8 -0.8
v -1.1 0.8 -0.9
v 2.2 0.8 -1.7
v 2.2 0.7 -1.8
v 2.2 0.8 -1.8
v 2 0.8 -2
v 2 0.7 -2.1
v 2 0.8 -2.1
v 1.7 0.9 -1.6
v 2.2 0.9 -1.7
v 2.2 0.9 -1.8
v 2 0.9 -2
v 2 0.9 -2.1
v 1 0.9 -2.2
v -1.4 1 2.3
v 0.4 0.1 2.9
v 0.4 1.3 2.6
v 0.4 0.1 0.3
v 0.4 1.3 0
v 1.7 1.5 -1.5
v 1.7 1.8 -1.3
v 1.7 1.8 -1.7
v 3 1.9 3
v 2.9 1.9 2.5
v 0.3 1.9 2.5
v 2.9 1.9 2.4
v 0.3 1.9 2.4
v 2.9 1.9 2.3
v 0.3 1.9 2.3
v 2.9 1.9 2.2
v 0.3 1.9 2.2
v 2.9 1.9 0.8
v 0.3 1.9 0.8
v 2.9 1.9 0.7
v 0.3 1.9 0.7
v 2.9 1.9 0.6
v 0.3 1.9 0.6
v 2.9 1.9 0.5
v 0.3 1.9 0.5
v 3 1.9 0
v 3 2.1 3
v 3 2.1 0
v 2.5 2.1 1
v 2.5 2.2 0.6
v 0.7 2.1 2
v 0.7 2.1 1.9
v 0.7 2.4 1.9
v 0.9 2.1 1.6
v 2.9 2.1 2.4
v 2.9 2.4 0.4
v 0.3 2.1 2.4
v 0.3 2.4 0.4
v 3 2.1 2.9
v 3 2.6 2.6
v 2.5 2.6 1
v 2.5 2.6 0.7
v 3 2.1 0.3
v 3 2.6 0
v 0.9 2.4 1.9
v 1.7 3.2 1.8
v 1.7 3.2 1.7
v 1.7 3.2 1.3
v 3 1.3 2.6
v 2.8 0.2 1.9
v 2.8 0.2 1.4
v 2.8 0.2 0.9
v 2.7 0.2 2.1
v 2.8 0.2 2.1
v 2.7 0.2 1.6
v 2.8 0.2 1.6
v 2.7 0.2 1.1
v 2.8 0.2 1.1
v 2.6 0.4 0
v 2.6 2.5 2.6
v 2.6 2.6 2.6
v 2.6 2.6 0
v 2.5 0.2 1.9
v 2.7 0.2 1.9
v 2.5 0.2 1.4
v 2.7 0.2 1.4
v 2.5 0.2 0.9
v 2.7 0.2 0.9
v 2.5 1.9 2.7
v 2.5 1.9 0.1
v 2.4 0.2 2.1
v 2.5 0.2 2.1
v 2.4 0.2 1.6
v 2.5 0.2 1.6
v 2.4 0.2 1.1
v 2.5 0.2 1.1
v 2.4 1.9 2.7
v 2.4 1.9 0.1
v 2.6 2.4 2.7
v 2.6 2.4 0.1
v 2.4 0.2 1.9
v 2.4 0.2 1.4
v 2.4 0.2 0.9
v 2.3 1.9 2.7
v 2.3 1.9 0.1
v 2.2 1.9 2.7
v 2.2 1.9 0.1
v 2.2 2.1 2
v 2.1 0.7 -1.9
v 2.1 2.1 2
v 2 0.7 -1.9
v 2 0.8 -1.9
v 2.1 0.8 -1.9
v 2 2.5 0.6
v 1.9 0.7 -2.2
v 1.8 0.7 -2.2
v 1.8 0.8 -2.2
v 1.9 0.8 -2.2
v 1.7 0.8 -2.2
v 1.4 0.9 -1.7
v 1.4 1 -1.7
v 1 2.1 1.8
v 1 2.1 0.8
v 0.9 0.3 0.7
v 0.9 0.9 -2.2
v 0.9 2.1 0.8
v 0.8 0.3 2.1
v 0.6 0.3 1.5
v 0.6 0.9 -2.2
v 0.6 1 -2.2
v 0.8 0.9 -2.2
v 0.4 0.2 0.7
v 0.5 0.9 -2.2
v 0.4 1.5 2.7
v 0.4 1.5 0.1
v 0.4 1.6 2.7
v 0.4 1.6 0.1
v 0.4 1.7 2.7
v 0.4 1.7 0.1
v 0.4 1.8 2.7
v 0.4 1.8 0.1
v 0.4 2.4 2.7
v 0.4 2.4 0.1
v 0.3 0.1 2.1
v 0.3 0.2 2.1
v 0.4 2.6 0
v 0.1 0.1 1.5
v 0.1 0.2 1.5
v 0 1.3 2.6
v 0 2.5 2.6
v -0.1 0.4 2.9
v -0.1 0.1 -0.6
v -0.5 0.6 1.3
v -0.8 0.6 2
v -1.2 0.4 -0.7
v -1.8 0.4 -0.7
v 3 1.3 0.4
v 3 2.6 3
v 2.6 1.3 0.4
v 2.6 2.5 0.4
v 2.6 2.6 3
v 2.6 2.6 0.4
v 2.5 1.9 2.9
v 2.5 1.9 0.3
v 2.4 1.9 2.9
v 2.4 1.9 0.3
v 2.6 2.4 2.9
v 2.6 2.4 0.3
v 2.5 2.2 1.1
v 2.3 1.9 2.9
v 2.3 1.9 0.3
v 2.2 1.9 2.9
v 2.2 1.9 0.3
v 2.2 2.1 2.3
v 2.1 0.7 -1.6
v 2.2 0.7 -1.6
v 2.1 2.1 2.3
v 2 0.7 -1.6
v 2.1 0.8 -1.6
v 2 0.8 -1.6
v 2 2.2 1.1
v 2 2.5 1.1
v 1.9 0.7 -1.6
v 1.9 0.8 -1.6
v 1.8 0.7 -1.9
v 1.9 0.8 -1.9
v 1.8 0.8 -1.9
v 1.7 0.7 -1.9
v 1.7 0.8 -1.9
v 1.6 0.9 -1.3
v 1.5 1.5 -1.3
v 1 2.1 2.1
v 1 2.1 1.1
v 0.9 0.3 0.9
v 0.9 2.1 2.1
v 0.8 0.3 2.3
v 0.6 0.3 1.7
v 0.4 0.2 0.9
v 0.4 1.5 2.9
v 0.4 1.5 0.3
v 0.4 1.6 2.9
v 0.4 1.6 0.3
v 0.4 1.7 2.9
v 0.4 1.7 0.3
v 0.4 1.8 2.9
v 0.4 1.8 0.3
v 0.4 2.4 2.9
v 0.4 2.4 0.3
v 0.3 0.1 2.3
v 0.3 0.2 2.3
v 0.4 1.3 0.4
v 0.4 2.6 3
v 0.1 0.1 1.7
v 0.1 0.2 1.7
v 0 0.1 3
v 0 1.3 0.4
v 0 2.5 0.4
v 0 2.6 3
v 0 2.6 0.4
v -0.1 0.4 3
v -0.1 0.1 -0.3
v 0 0.3 1.8
v -0.3 0.3 2.5
v -0.5 0.3 1.8
v -0.5 0.6 1.8
v -0.8 0.3 2.5
v -0.8 0.6 2.5
v -1.3 0.4 1.4
v -1.4 0.7 -0.8
v -1.6 0.7 -0.8
v -1.7 0.4 1.4
v -3 0.4 2.9
v -3 0.4 3
v -2.5 0.3 2.5
v -2.5 0.3 2.6
v -2.6 0.7 2.5
v -2.6 0.7 2.6
v -2.5 0.6 2.2
v -2.5 0.6 2.5
v -2.5 0.3 2.2
v -2.6 0.3 2.2
v -2.6 0.3 2.5
v -2.5 0.3 2.1
v -2.5 0.7 2.1
v -2.5 0.7 2.2
v -2.6 0.7 2.1
v -2.5 0.7 2.5
v -2.9 0.1 2.1
v -3 0.1 2.1
v -3 0.1 2.9
v -2.9 0.1 2.9
v -2.3 0.1 2
v -2.9 0.1 2
v -2.9 0.1 3
v -2.3 0.1 3
v -2.3 0.4 1.7
v -2.4 0.4 1.7
v -2.4 0.4 2
v -2.3 0.4 2
v -2.5 0.4 1.7
v -2.5 0.4 2
v -2.6 0.4 1.7
v -2.6 0.4 2
v -2.3 1.2 1
v -2.3 1.2 1.1
v -2.3 1.5 1
v -2.3 1.5 1.1
v -2.3 1.4 1
v -2.4 1.4 1
v -2.4 1.4 1.1
v -2.3 1.4 1.1
v -2.9 0.1 1
v -3 0.1 1
v -3 0.1 2
v -2.2 1.5 0.8
v -2.3 1.5 0.8
v -2.3 1.5 0.9
v -2.3 1.5 0.7
v -2.4 1.5 0.7
v -2.4 1.5 0.8
v -2.4 1.5 0.6
v -2.5 1.5 0.6
v -2.5 1.5 0.7
v -2.5 1.5 0.5
v -2.6 1.5 0.5
v -2.6 1.5 0.6
v -2.6 1.5 0.4
v -2.7 1.5 0.4
v -2.7 1.5 0.5
v -2.2 1 0.3
v -2.3 1 0.3
v -2.3 1 0.4
v -2.2 1 0.4
v -2.3 1.1 0.3
v -2.4 1.1 0.3
v -2.4 1.1 0.4
v -2.3 1.1 0.4
v -2.4 1.2 0.3
v -2.5 1.2 0.3
v -2.5 1.2 0.4
v -2.4 1.2 0.4
v -2.5 1.3 0.3
v -2.6 1.3 0.3
v -2.6 1.3 0.4
v -2.5 1.3 0.4
v -2.6 1.4 0.3
v -2.7 1.4 0.3
v -2.7 1.4 0.4
v -2.6 1.4 0.4
v -2.7 1.5 0.3
v -2.8 1.5 0.3
v -2.8 1.5 0.4
v -2.6 1.5 0.2
v -2.7 1.5 0.2
v -2.6 1.5 0.3
v -2.5 1.5 0.1
v -2.6 1.5 0.1
v -2.5 1.5 0.2
v -2.9 0.1 0.1
v -3 0.1 0.1
v -3 0.1 0.9
v -2.9 0.1 0.9
v -2.3 0.1 0
v -2.4 1.5 0
v -2.5 1.5 0
v -2.4 1.5 0.1
v -2.6 0.1 0
v -2.6 0.1 1.7
v -2.3 0.1 1.7
v -2.9 0.1 0
v -2.6 0.1 2
v -2.9 0.4 0
v -3 0.4 0
v -2.9 0.4 2.9
v -2.3 1.5 -0.1
v -2.4 1.5 -0.1
v -2.3 1.5 0
v -2.3 1.5 -0.2
v -2.2 1.5 -0.1
v -2.3 1.2 -0.4
v -2.3 1.2 -0.3
v -2.3 1.5 -0.4
v -2.3 1.5 -0.3
v -2.3 1.4 -0.4
v -2.4 1.4 -0.4
v -2.4 1.4 -0.3
v -2.3 1.4 -0.3
v -2.4 0.3 -0.8
v -2.7 0.3 -0.8
v -2.7 0.3 -0.7
v -2.4 0.3 -0.7
v -2.4 0.7 -0.8
v -2.8 0.7 -0.8
v -2.8 0.7 -0.7
v -2.4 0.7 -0.7
v -2.3 0.3 -1.1
v -2.4 0.3 -1.1
v -2.3 0.3 -0.8
v -2.4 0.6 -1.1
v -2.7 0.6 -1.1
v -2.7 0.6 -0.8
v -2.4 0.6 -0.8
v -2.7 0.3 -1.1
v -2.8 0.3 -1.1
v -2.8 0.3 -0.8
v -2.3 0.7 -1.2
v -2.4 0.7 -1.2
v -2.3 0.7 -0.7
v -2.4 0.3 -1.2
v -2.7 0.3 -1.2
v -2.7 0.7 -1.2
v -2.7 0.7 -1.1
v -2.4 0.7 -1.1
v -2.8 0.7 -1.2
v -2.7 0.7 -0.8
v -2.2 0.7 -1.8
v -2.8 0.7 -1.8
v -2.8 0.7 -1.7
v -2.2 0.7 -1.7
v -2.2 0.3 -1.9
v -2.3 0.3 -1.9
v -2.3 0.3 -1.8
v -2.2 0.3 -1.8
v -2.3 0.9 -1.9
v -2.3 0.9 -1.8
v -2.3 0.4 -1.9
v -2.4 0.4 -1.9
v -2.4 0.4 -1.8
v -2.3 0.4 -1.8
v -2.4 0.6 -1.9
v -2.4 0.6 -1.8
v -2.3 0.8 -1.9
v -2.4 0.8 -1.9
v -2.4 0.8 -1.8
v -2.3 0.8 -1.8
v -2.4 0.7 -1.9
v -2.5 0.7 -1.9
v -2.5 0.7 -1.8
v -2.4 0.7 -1.8
v -2.5 0.6 -1.9
v -2.7 0.6 -1.9
v -2.7 0.6 -1.8
v -2.5 0.6 -1.8
v -2.2 0.5 -2
v -2.6 0.5 -2
v -2.6 0.5 -1.9
v -3 0.1 -2.2
v -3 0.1 0
v -2.9 0.3 3
v -2.9 0.3 2.9
v -2.5 0.6 2.6
v -2.6 0.6 2.5
v -2.6 0.6 2.2
v -2.5 0.6 2.1
v -2.6 0.2 2.6
v -2.6 0.2 2.1
v -2.9 0.3 2.1
v -3 0.3 2.9
v -3 0.3 2.1
v -2.3 1.1 1.1
v -2.3 1.1 1
v -2.4 1.2 1.1
v -2.4 1.2 1
v -2.9 0.3 1
v -2.9 0.3 2
v -3 0.3 2
v -3 0.3 1
v -2.2 1.4 0.8
v -2.3 1.4 0.9
v -2.3 1.4 0.8
v -2.3 1.4 0.7
v -2.4 1.4 0.8
v -2.4 1.4 0.7
v -2.4 1.4 0.6
v -2.5 1.4 0.7
v -2.5 1.4 0.6
v -2.5 1.4 0.5
v -2.6 1.4 0.6
v -2.6 1.4 0.5
v -2.7 1.4 0.5
v -2.3 0.9 0.4
v -2.3 0.9 0.3
v -2.4 1 0.4
v -2.4 1 0.3
v -2.5 1.1 0.4
v -2.5 1.1 0.3
v -2.6 1.2 0.4
v -2.6 1.2 0.3
v -2.7 1.3 0.4
v -2.7 1.3 0.3
v -2.8 1.4 0.4
v -2.8 1.4 0.3
v -2.6 1.4 0.2
v -2.7 1.4 0.2
v -2.5 1.4 0.1
v -2.5 1.4 0.2
v -2.6 1.4 0.1
v -2.9 0.3 0.1
v -2.9 0.3 0.9
v -3 0.3 0.9
v -3 0.3 0.1
v -2.4 1.4 0
v -2.4 1.4 0.1
v -2.5 1.4 0
v -3 0 3
v -3 0 0
v -2.3 1.4 -0.1
v -2.3 1.4 0
v -2.4 1.4 -0.1
v -2.2 1.4 -0.1
v -2.3 1.4 -0.2
v -2.3 1.1 -0.3
v -2.3 1.1 -0.4
v -2.4 1.2 -0.3
v -2.4 1.2 -0.4
v -2.4 0.6 -0.7
v -2.7 0.6 -0.7
v -2.3 0.6 -1.1
v -2.3 0.6 -0.8
v -2.8 0.6 -0.8
v -2.8 0.6 -1.1
v -2.4 0.6 -1.2
v -2.7 0.6 -1.2
v -2.3 0.2 -1.2
v -2.3 0.2 -0.7
v -2.8 0.2 -0.7
v -2.8 0.2 -1.2
v -2.2 0.6 -1.7
v -2.8 0.6 -1.7
v -2.8 0.6 -1.8
v -2.3 0.2 -1.8
v -2.3 0.2 -1.9
v -2.2 0.8 -1.9
v -2.2 0.8 -1.8
v -2.4 0.3 -1.8
v -2.4 0.3 -1.9
v -2.4 0.5 -1.8
v -2.4 0.5 -1.9
v -2.3 0.7 -1.9
v -2.3 0.7 -1.8
v -2.5 0.4 -1.8
v -2.5 0.4 -1.9
v -2.5 0.5 -1.9
v -2.5 0.5 -1.8
v -2.7 0.5 -1.8
v -2.7 0.5 -1.9
v -2.2 0.4 -2
v -2.2 0.4 -1.9
v -2.6 0.4 -1.9
v -2.6 0.4 -2
v -3 0 -2.2
v -3 0.1 3
v -2.6 0.3 2.1
v -2.6 0.2 2.5
v -2.8 0.3 -1.2
v -2.8 0.2 -0.8
v -3 0.4 2.1
v -3 0.4 2
v -3 0.4 1
v -3 0.4 0.9
v -3 0.4 0.1
v -2.6 0.7 2.2
v -2.8 0.7 -1.1
v -2.3 0.2 -0.8
v -2.3 0.3 -1.2
v -2.9 0.4 2.1
v -2.9 0.4 2
v -2.9 0.4 1
v -2.9 0.4 0.9
v -2.9 0.4 0.1
v -2.3 0.7 -0.8
v -2.3 0.7 -1.1
v -2.4 0.1 1.7
v -2.5 0.1 1.7
v -2.6 0.6 2.1
v -2.8 0.6 -1.2
v -2.4 0.1 2
v -2.3 0.3 -0.7
v -2.5 0.1 2
v -2.6 0.3 2.6
v -2.6 0.6 2.6
v -2.8 0.3 -0.7
v -2.8 0.6 -0.7
v -3 0.3 3
v 2.2 0.7 -2.3
v 2 0.7 -2.3
v 1.6 1.3 -2.3
v 1.4 1.3 -2.3
v 2 0.6 -2.3
v 1 0.6 -2.3
v 1.1 0.9 -2.3
v 1 0.9 -2.3
v 1.1 0.9 -2.2
v 1 0.7 -2.3
v 0.8 0.7 -2.3
v 1 0.7 -2.2
v 0.6 1 -2.3
v 0.5 1 -2.3
v -0.9 0.7 -2.3
v -1 0.7 -2.3
v -1 0.3 -2.3
v -1.1 0.3 -2.3
v -1 0.9 -2.3
v -1.1 0.9 -2.3
v -1.1 0.9 -2.2
v -1 0.9 -2.2
v -1.1 0.5 -2.3
v -1.2 0.5 -2.3
v -2 0.7 -2.3
v -2.1 0.7 -2.3
v -1 0.1 -2.3
v -2.2 0.1 -2.3
v 2 0.7 -2.4
v 1.8 0.7 -2.4
v 1.8 0.7 -2.3
v 1.6 1.2 -2.4
v 1.4 1.2 -2.4
v 1.4 1.2 -2.3
v 1.6 1.2 -2.3
v 1.8 0.6 -2.4
v 1.2 0.6 -2.4
v 1.2 0.6 -2.3
v 1.8 0.6 -2.3
v 1.2 0.7 -2.4
v 1 0.7 -2.4
v 1.2 0.7 -2.3
v 0.9 1 -2.4
v 0.8 1 -2.4
v 0.3 0.1 -2.4
v 0 0.1 -2.4
v 0.3 0.1 -2.2
v -0.5 0.5 -2.4
v -0.9 0.5 -2.4
v -0.9 0.5 -2.3
v -0.5 0.5 -2.3
v -0.9 0.1 -2.4
v -1 0.1 -2.4
v -0.9 0.1 -2.2
v -1 0.2 -2.4
v -1.1 0.2 -2.4
v -1.1 0.2 -2.3
v -1 0.2 -2.3
v -1 0.6 -2.4
v -1.1 0.6 -2.4
v -1 1 -2.4
v -1.1 1 -2.4
v -1.1 1 -2.3
v -1 1 -2.3
v -1.2 0.7 -2.4
v -1.8 0.7 -2.4
v -1.8 0.7 -2.3
v -1.2 0.7 -2.3
v -1.9 0.5 -2.4
v -2 0.5 -2.4
v -1.1 0.1 -2.4
v -2.2 0.1 -2.4
v -1.1 0.1 -2.3
v 2.7 0.3 -2.5
v 2.4 0.3 -2.5
v 2.4 0.3 -2.4
v 2.7 0.3 -2.4
v 2.7 0.7 -2.5
v 2.3 0.7 -2.5
v 2.3 0.7 -2.4
v 2.7 0.7 -2.4
v 1.8 0.7 -2.5
v 1.7 0.7 -2.5
v 1.7 0.7 -2.4
v 1.7 1 -2.5
v 1.6 1 -2.5
v 1.6 1 -2.4
v 1.7 1 -2.4
v 1.6 0.7 -2.5
v 1.4 0.7 -2.5
v 1.4 0.7 -2.4
v 1.6 0.7 -2.4
v 1.6 1.1 -2.5
v 1.4 1.1 -2.5
v 1.4 1.1 -2.4
v 1.6 1.1 -2.4
v 1.4 1 -2.5
v 1.3 1 -2.5
v 1.3 1 -2.4
v 1.4 1 -2.4
v 1.3 0.7 -2.5
v 1.2 0.7 -2.5
v 1.3 0.7 -2.4
v 0.8 1 -2.5
v 0.7 1 -2.5
v 0.7 1 -2.4
v 0.6 1 -2.5
v 0.7 1 -2.3
v -0.4 0.6 -2.5
v -0.6 0.6 -2.5
v -0.6 0.6 -2.4
v -0.4 0.6 -2.4
v -0.6 0.7 -2.5
v -0.7 0.7 -2.5
v -0.7 0.7 -2.4
v -0.6 0.7 -2.4
v -0.7 0.4 -2.5
v -0.8 0.4 -2.5
v -0.8 0.4 -2.4
v -0.7 0.4 -2.4
v -0.7 0.8 -2.5
v -0.8 0.8 -2.5
v -0.8 0.8 -2.4
v -0.7 0.8 -2.4
v -0.8 0.3 -2.5
v -0.9 0.3 -2.5
v -0.9 0.3 -2.4
v -0.8 0.3 -2.4
v -0.8 0.9 -2.5
v -0.9 0.9 -2.5
v -0.9 0.9 -2.4
v -0.8 0.9 -2.4
v -0.9 0.2 -2.5
v -1 0.2 -2.5
v -0.9 0.2 -2.4
v -0.7 0.6 -2.5
v -1 0.6 -2.5
v -0.7 0.6 -2.4
v -0.9 1 -2.5
v -1 1 -2.5
v -0.9 1 -2.4
v -1 0.9 -2.5
v -1.1 0.9 -2.5
v -1.1 0.9 -2.4
v -1 0.9 -2.4
v -1.1 0.2 -2.5
v -1.2 0.2 -2.5
v -1.2 0.2 -2.4
v -1.1 1 -2.5
v -1.2 1 -2.5
v -1.2 1 -2.4
v -1.2 0.3 -2.5
v -1.3 0.3 -2.5
v -1.3 0.3 -2.4
v -1.2 0.3 -2.4
v -1.2 0.9 -2.5
v -1.3 0.9 -2.5
v -1.3 0.9 -2.4
v -1.2 0.9 -2.4
v -1.3 0.4 -2.5
v -1.4 0.4 -2.5
v -1.4 0.4 -2.4
v -1.3 0.4 -2.4
v -1.1 0.6 -2.5
v -1.4 0.6 -2.5
v -1.4 0.6 -2.4
v -1.3 0.8 -2.5
v -1.4 0.8 -2.5
v -1.4 0.8 -2.4
v -1.3 0.8 -2.4
v -1.4 0.7 -2.5
v -1.5 0.7 -2.5
v -1.5 0.7 -2.4
v -1.4 0.7 -2.4
v -1.5 0.6 -2.5
v -1.7 0.6 -2.5
v -1.7 0.6 -2.4
v -1.5 0.6 -2.4
v -2 0.6 -2.5
v -2.1 0.6 -2.5
v -2.1 0.6 -2.3
v -2 0.6 -2.3
v -0.3 0.7 -2.6
v -0.9 0.7 -2.6
v -0.9 0.7 -2.5
v -0.3 0.7 -2.5
v -1 0.2 -2.6
v -1.1 0.2 -2.6
v -1 1 -2.6
v -1.1 1 -2.6
v -1.2 0.5 -2.6
v -1.6 0.5 -2.6
v -1.6 0.5 -2.5
v -1.2 0.5 -2.5
v -2.1 0.7 -2.6
v -2.2 0.7 -2.6
v 0.3 0.4 -2.7
v 0.2 0.4 -2.7
v 0.2 0.4 -2.4
v 0.3 0.4 -2.4
v 0.1 0.4 -2.7
v 0.1 0.4 -2.4
v 0 0.4 -2.7
v 0 0.4 -2.4
v -1 0.3 -2.7
v -1.1 0.3 -2.7
v -1.1 0.3 -2.6
v -1 0.3 -2.6
v -1 0.9 -2.7
v -1.1 0.9 -2.7
v -1.1 0.9 -2.6
v -1 0.9 -2.6
v 2.8 0.3 -2.8
v 2.7 0.3 -2.8
v 2.8 0.3 -2.5
v 2.7 0.6 -2.8
v 2.4 0.6 -2.8
v 2.4 0.6 -2.5
v 2.7 0.6 -2.5
v 2.4 0.3 -2.8
v 2.3 0.3 -2.8
v 2.3 0.3 -2.5
v -1 0.4 -2.8
v -1.1 0.4 -2.8
v -1.1 0.4 -2.7
v -1 0.4 -2.7
v -1 0.6 -2.8
v -1.1 0.6 -2.8
v -1 0.8 -2.8
v -1.1 0.8 -2.8
v -1.1 0.8 -2.7
v -1 0.8 -2.7
v 2.8 0.7 -2.9
v 2.7 0.7 -2.9
v 2.8 0.7 -2.4
v 2.7 0.3 -2.9
v 2.4 0.3 -2.9
v 2.4 0.7 -2.9
v 2.4 0.7 -2.8
v 2.7 0.7 -2.8
v 2.3 0.7 -2.9
v 2.4 0.7 -2.5
v 3 0.1 -2.9
v 0.3 0.1 -2.9
v 0.1 0.1 -2.9
v 0 0.1 -2.9
v 0 0.1 -2.7
v 0.1 0.1 -2.7
v -1 0.7 -2.9
v -1.1 0.7 -2.9
v -1.1 0.7 -2.8
v -1 0.7 -2.8
v 3 0.4 -3
v 2.9 0.4 -3
v 2.9 0.1 -3
v 2.1 0.1 -3
v 2.1 0.1 -2.9
v 2.9 0.1 -2.9
v 2 0.1 -3
v 1.1 0.1 -3
v 1.1 0.1 -2.9
v 2 0.1 -2.9
v 1 0.1 -3
v 0.3 0.1 -3
v 1 0.1 -2.9
v 0.1 0.1 -3
v 0.3 0.1 -2.7
v 0 0.4 -3
v 0 0.4 -2.9
v 2.9 0.4 -2.9
v 0 0.1 -3
v -0.9 0.1 -3
v -1 0.1 -3
v -1 0.1 -2.5
v -0.9 0.1 -2.5
v -0.9 0.5 -3
v -1 0.5 -3
v -1 0.5 -2.6
v -0.9 0.5 -2.6
v -1.1 0.1 -3
v -1.1 0.1 -2.6
v -1 0.1 -2.6
v -1.2 0.1 -3
v -1.2 0.1 -2.5
v -1.1 0.1 -2.5
v -2.2 0.1 -3
v -1.2 0.1 -2.4
v -1 0.6 -3.1
v -1.1 0.6 -3.1
v -1.1 0.6 -2.9
v -1 0.6 -2.9
v -1.1 0.7 -3.2
v -1.2 0.7 -3.2
v -1.2 0.7 -2.6
v -1.1 0.7 -2.6
v 2.2 0.6 -2.3
v 1.6 1.2 -2.2
v 1.4 1.2 -2.2
v 2 0.5 -2.3
v 1 0.5 -2.3
v 1.1 0.8 -2.3
v 1.1 0.8 -2.2
v 1 0.8 -2.3
v 0.8 0.6 -2.3
v 0.6 0.9 -2.3
v 0.5 0.9 -2.3
v -0.9 0.6 -2.3
v -1 0.6 -2.3
v -1 0.2 -2.2
v -1.1 0.2 -2.2
v -1 0.8 -2.3
v -1.1 0.8 -2.3
v -1.1 0.4 -2.3
v -1.2 0.4 -2.3
v -2 0.4 -2.3
v -2.1 0.4 -2.3
v 2 0.6 -2.4
v 1.6 1.1 -2.3
v 1.4 1.1 -2.3
v 1.8 0.5 -2.4
v 1.8 0.5 -2.3
v 1.2 0.5 -2.3
v 1.2 0.5 -2.4
v 1 0.6 -2.4
v 0.9 0.9 -2.4
v 0.8 0.9 -2.4
v -0.5 0.4 -2.4
v -0.5 0.4 -2.3
v -0.9 0.4 -2.3
v -0.9 0.4 -2.4
v -1 0.5 -2.4
v -1.1 0.5 -2.4
v -1.2 0.6 -2.4
v -1.2 0.6 -2.3
v -1.8 0.6 -2.3
v -1.8 0.6 -2.4
v -1.9 0.4 -2.4
v -2 0.4 -2.4
v 2.7 0.6 -2.4
v 2.4 0.6 -2.4
v 1.8 0.6 -2.5
v 1.2 0.6 -2.5
v 0.8 0.9 -2.5
v 0.7 0.9 -2.4
v 0.7 0.9 -2.5
v 0.7 0.9 -2.3
v 0.6 0.9 -2.5
v -0.4 0.5 -2.5
v -0.4 0.5 -2.4
v -0.6 0.5 -2.4
v -0.6 0.5 -2.5
v -0.6 0.4 -2.5
v -0.6 0.4 -2.4
v -0.7 0.3 -2.5
v -0.7 0.3 -2.4
v -0.8 0.7 -2.4
v -0.8 0.7 -2.5
v -0.8 0.2 -2.5
v -0.8 0.2 -2.4
v -0.9 0.8 -2.4
v -0.9 0.8 -2.5
v -0.7 0.5 -2.5
v -0.7 0.5 -2.4
v -1 0.5 -2.5
v -1.3 0.2 -2.4
v -1.3 0.2 -2.5
v -1.2 0.8 -2.5
v -1.2 0.8 -2.4
v -1.4 0.3 -2.4
v -1.4 0.3 -2.5
v -1.1 0.5 -2.5
v -1.4 0.5 -2.4
v -1.4 0.5 -2.5
v -1.3 0.7 -2.5
v -1.3 0.7 -2.4
v -1.5 0.4 -2.4
v -1.5 0.4 -2.5
v -1.5 0.5 -2.5
v -1.5 0.5 -2.4
v -1.7 0.5 -2.4
v -1.7 0.5 -2.5
v -2 0.5 -2.5
v -2 0.5 -2.3
v -2.1 0.5 -2.3
v -2.1 0.5 -2.5
v -0.3 0.6 -2.6
v -0.3 0.6 -2.5
v -0.9 0.6 -2.5
v -0.9 0.6 -2.6
v -1.2 0.4 -2.6
v -1.2 0.4 -2.5
v -1.6 0.4 -2.5
v -1.6 0.4 -2.6
v -2.1 0.6 -2.6
v -2.2 0.6 -2.6
v -1 0.2 -2.7
v -1.1 0.2 -2.7
v -1 0.8 -2.6
v -1.1 0.8 -2.6
v 2.8 0.6 -2.8
v 2.8 0.6 -2.5
v 2.3 0.6 -2.5
v 2.3 0.6 -2.8
v -1 0.3 -2.8
v -1.1 0.3 -2.8
v -1 0.5 -2.8
v -1.1 0.5 -2.8
v -1 0.7 -2.7
v -1.1 0.7 -2.7
v 3 0.3 -2.9
v 2.9 0.3 -2.9
v 2.7 0.6 -2.9
v 2.4 0.6 -2.9
v 2.8 0.2 -2.9
v 2.8 0.2 -2.4
v 2.3 0.2 -2.4
v 2.3 0.2 -2.9
v -1 0.4 -2.9
v -1.1 0.4 -2.9
v 2.9 0.3 -3
v 2.1 0.3 -2.9
v 2.1 0.3 -3
v 2 0.3 -3
v 2 0.3 -2.9
v 1.1 0.3 -2.9
v 1.1 0.3 -3
v 1 0.3 -3
v 1 0.3 -2.9
v 0.1 0.3 -2.9
v 0.1 0.3 -3
v 3 0 -3
v 0 0 -3
v -0.9 0.4 -3
v -0.9 0.4 -2.6
v -1 0.4 -2.6
v -1 0.4 -3
v -2.2 0 -3
v -1 0.5 -3.1
v -1 0.5 -2.9
v -1.1 0.5 -2.9
v -1.1 0.5 -3.1
v -1.1 0.6 -3.2
v -1.1 0.6 -2.6
v -1.2 0.6 -2.6
v -1.2 0.6 -3.2
v 2.3 0.3 -2.9
v 2.3 0.2 -2.5
v 2.3 0.7 -2.8
v 3 0.1 -3
v 2.8 0.2 -2.5
v 2.8 0.3 -2.9
v 3 0.4 -2.9
v 2.8 0.7 -2.5
v 2.8 0.7 -2.8
v 2.7 0.4 -2.9
v 2.8 0.4 -2.9
v 2.3 0.4 -2.9
v 2.3 0.6 -2.9
v 2.4 0.4 -2.9
v 0.2 0.1 -2.7
v 0 0.3 -3
v 2.8 0.3 -2.4
v 2.3 0.3 -2.4
v 2.3 0.6 -2.4
v 0.2 0.1 -2.4
v 0.1 0.1 -2.4
v 0 0.3 -2.9
v -3 0.1 -3
v -3 0 -3

vt 0.00585938 0.5
vt 0.0292969 0.5
vt 0.0332031 0.5
vt 0.0371094 0.5
vt 0.0410156 0.5
vt 0.0683594 0.5
vt 0.0722656 0.5
vt 0.0839844 0.5
vt 0.158203 0.5
vt 0.162109 0.5
vt 0.166016 0.5

vn 0 1 0
vn 0 -1 0
vn -1 0 0
vn 1 0 0
vn 0 0 -1
vn 0 0 1

usemtl palette
f 1/9/1 2/9/1 4/9/1
f 4/9/1 2/9/1 3/9/1
f 5/9/1 6/9/1 8/9/1
f 8/9/1 6/9/1 7/9/1
f 9/9/1 10/9/1 12/9/1
f 12/9/1 10/9/1 11/9/1
f 13/10/1 14/10/1 16/10/1
f 16/10/1 14/10/1 15/10/1
f 17/9/1 18/9/1 20/9/1
f 20/9/1 18/9/1 19/9/1
f 21/9/1 22/9/1 24/9/1
f 24/9/1 22/9/1 23/9/1
f 25/9/1 26/9/1 28/9/1
f 28/9/1 26/9/1 27/9/1
f 29/1/1 30/1/1 32/1/1
f 32/1/1 30/1/1 31/1/1
f 33/9/1 34/9/1 35/9/1
f 35/9/1 34/9/1 5/9/1
f 36/9/1 37/9/1 39/9/1
f 39/9/1 37/9/1 38/9/1
f 40/9/1 41/9/1 6/9/1
f 6/9/1 41/9/1 42/9/1
f 43/9/1 44/9/1 46/9/1
f 46/9/1 44/9/1 45/9/1
f 47/9/1 48/9/1 50/9/1
f 50/9/1 48/9/1 49/9/1
f 51/9/1 52/9/1 54/9/1
f 54/9/1 52/9/1 53/9/1
f 55/9/1 56/9/1 58/9/1
f 58/9/1 56/9/1 57/9/1
f 59/9/1 60/9/1 62/9/1
f 62/9/1 60/9/1 61/9/1
f 63/9/1 64/9/1 66/9/1
f 66/9/1 64/9/1 65/9/1
f 67/9/1 68/9/1 70/9/1
f 70/9/1 68/9/1 69/9/1
f 71/9/1 72/9/1 74/9/1
f 74/9/1 72/9/1 73/9/1
f 75/9/1 76/9/1 78/9/1
f 78/9/1 76/9/1 77/9/1
f 79/9/1 80/9/1 82/9/1
f 82/9/1 80/9/1 81/9/1
f 83/9/1 84/9/1 86/9/1
f 86/9/1 84/9/1 85/9/1
f 87/9/1 88/9/1 89/9/1
f 89/9/1 88/9/1 21/9/1
f 90/9/1 91/9/1 93/9/1
f 93/9/1 91/9/1 92/9/1
f 94/9/1 95/9/1 22/9/1
f 22/9/1 95/9/1 96/9/1
f 97/9/1 98/9/1 100/9/1
f 100/9/1 98/9/1 99/9/1
f 101/9/1 102/9/1 34/9/1
f 34/9/1 102/9/1 40/9/1
f 103/9/1 104/9/1 106/9/1
f 106/9/1 104/9/1 105/9/1
f 107/9/1 108/9/1 110/9/1
f 110/9/1 108/9/1 109/9/1
f 111/9/1 112/9/1 88/9/1
f 88/9/1 112/9/1 94/9/1
f 113/9/1 114/9/1 116/9/1
f 116/9/1 114/9/1 115/9/1
f 117/1/1 118/1/1 120/1/1
f 120/1/1 118/1/1 119/1/1
f 121/9/1 122/9/1 124/9/1
f 124/9/1 122/9/1 123/9/1
f 125/1/1 126/1/1 127/1/1
f 127/1/1 126/1/1 118/1/1
f 128/9/1 129/9/1 131/9/1
f 131/9/1 129/9/1 130/9/1
f 132/1/1 133/1/1 135/1/1
f 135/1/1 133/1/1 134/1/1
f 136/1/1 137/1/1 139/1/1
f 139/1/1 137/1/1 138/1/1
f 140/1/1 141/1/1 142/1/1
f 142/1/1 141/1/1 120/1/1
f 143/4/1 144/4/1 146/4/1
f 146/4/1 144/4/1 145/4/1
f 144/4/1 147/4/1 149/4/1
f 149/4/1 147/4/1 148/4/1
f 150/1/1 151/1/1 152/1/1
f 152/1/1 151/1/1 126/1/1
f 153/10/1 154/10/1 156/10/1
f 156/10/1 154/10/1 155/10/1
f 151/1/1 157/1/1 159/1/1
f 159/1/1 157/1/1 158/1/1
f 160/9/1 161/9/1 163/9/1
f 163/9/1 161/9/1 162/9/1
f 164/1/1 165/1/1 167/1/1
f 167/1/1 165/1/1 166/1/1
f 168/1/1 169/1/1 170/1/1
f 170/1/1 169/1/1 142/1/1
f 171/9/1 172/9/1 174/9/1
f 174/9/1 172/9/1 173/9/1
f 175/9/1 176/9/1 178/9/1
f 178/9/1 176/9/1 177/9/1
f 179/1/1 180/1/1 182/1/1
f 182/1/1 180/1/1 181/1/1
f 183/10/1 184/10/1 186/10/1
f 186/10/1 184/10/1 185/10/1
f 187/10/1 188/10/1 189/10/1
f 189/10/1 188/10/1 154/10/1
f 190/6/1 191/6/1 193/6/1
f 193/6/1 191/6/1 192/6/1
f 191/9/1 194/9/1 192/9/1
f 192/9/1 194/9/1 195/9/1
f 196/1/1 197/1/1 198/1/1
f 198/1/1 197/1/1 132/1/1
f 199/9/1 200/9/1 202/9/1
f 202/9/1 200/9/1 201/9/1
f 203/1/1 204/1/1 133/1/1
f 133/1/1 204/1/1 205/1/1
f 206/9/1 207/9/1 209/9/1
f 209/9/1 207/9/1 208/9/1
f 210/1/1 211/1/1 213/1/1
f 213/1/1 211/1/1 212/1/1
f 214/9/1 215/9/1 217/9/1
f 217/9/1 215/9/1 216/9/1
f 218/1/1 219/1/1 221/1/1
f 221/1/1 219/1/1 220/1/1
f 219/9/1 222/9/1 220/9/1
f 220/9/1 222/9/1 223/9/1
f 222/1/1 224/1/1 223/1/1
f 223/1/1 224/1/1 225/1/1
f 226/1/1 227/1/1 229/1/1
f 229/1/1 227/1/1 228/1/1
f 230/4/1 231/4/1 233/4/1
f 233/4/1 231/4/1 232/4/1
f 234/1/1 235/1/1 237/1/1
f 237/1/1 235/1/1 236/1/1
f 238/9/1 239/9/1 241/9/1
f 241/9/1 239/9/1 240/9/1
f 242/1/1 243/1/1 244/1/1
f 244/1/1 243/1/1 139/1/1
f 245/1/1 246/1/1 197/1/1
f 197/1/1 246/1/1 203/1/1
f 243/1/1 247/1/1 249/1/1
f 249/1/1 247/1/1 248/1/1
f 247/1/1 250/1/1 251/1/1
f 251/1/1 250/1/1 137/1/1
f 252/10/1 253/10/1 255/10/1
f 255/10/1 253/10/1 254/10/1
f 256/10/1 257/10/1 258/10/1
f 258/10/1 257/10/1 183/10/1
f 259/1/1 260/1/1 262/1/1
f 262/1/1 260/1/1 261/1/1
f 263/1/1 264/1/1 266/1/1
f 266/1/1 264/1/1 265/1/1
f 267/10/1 268/10/1 270/10/1
f 270/10/1 268/10/1 269/10/1
f 271/10/1 272/10/1 184/10/1
f 184/10/1 272/10/1 273/10/1
f 274/4/1 275/4/1 276/4/1
f 276/4/1 275/4/1 233/4/1
f 277/1/1 278/1/1 280/1/1
f 280/1/1 278/1/1 279/1/1
f 281/9/1 282/9/1 283/9/1
f 283/9/1 282/9/1 235/9/1
f 284/1/1 285/1/1 287/1/1
f 287/1/1 285/1/1 286/1/1
f 288/9/1 289/9/1 290/9/1
f 290/9/1 289/9/1 206/9/1
f 291/9/1 292/9/1 207/9/1
f 207/9/1 292/9/1 293/9/1
f 294/9/1 295/9/1 297/9/1
f 297/9/1 295/9/1 296/9/1
f 298/10/1 299/10/1 257/10/1
f 257/10/1 299/10/1 271/10/1
f 300/1/1 301/1/1 303/1/1
f 303/1/1 301/1/1 302/1/1
f 304/1/1 305/1/1 307/1/1
f 307/1/1 305/1/1 306/1/1
f 308/1/1 309/1/1 311/1/1
f 311/1/1 309/1/1 310/1/1
f 312/10/1 313/10/1 314/10/1
f 314/10/1 313/10/1 189/10/1
f 315/1/1 316/1/1 318/1/1
f 318/1/1 316/1/1 317/1/1
f 319/1/1 320/1/1 321/1/1
f 321/1/1 320/1/1 169/1/1
f 316/9/1 322/9/1 317/9/1
f 317/9/1 322/9/1 229/9/1
f 323/10/1 324/10/1 326/10/1
f 326/10/1 324/10/1 325/10/1
f 327/9/1 328/9/1 277/9/1
f 277/9/1 328/9/1 278/9/1
f 329/1/1 330/1/1 281/1/1
f 281/1/1 330/1/1 282/1/1
f 331/1/1 332/1/1 333/1/1
f 333/1/1 332/1/1 285/1/1
f 334/9/1 335/9/1 337/9/1
f 337/9/1 335/9/1 336/9/1
f 338/10/1 339/10/1 341/10/1
f 341/10/1 339/10/1 340/10/1
f 342/10/1 343/10/1 345/10/1
f 345/10/1 343/10/1 344/10/1
f 346/1/1 347/1/1 349/1/1
f 349/1/1 347/1/1 348/1/1
f 350/1/1 351/1/1 353/1/1
f 353/1/1 351/1/1 352/1/1
f 354/1/1 355/1/1 356/1/1
f 356/1/1 355/1/1 321/1/1
f 357/1/1 358/1/1 359/1/1
f 359/1/1 358/1/1 300/1/1
f 360/1/1 361/1/1 362/1/1
f 362/1/1 361/1/1 304/1/1
f 363/10/1 364/10/1 365/10/1
f 365/10/1 364/10/1 314/10/1
f 366/1/1 367/1/1 368/1/1
f 368/1/1 367/1/1 308/1/1
f 369/1/1 370/1/1 301/1/1
f 301/1/1 370/1/1 371/1/1
f 372/1/1 373/1/1 305/1/1
f 305/1/1 373/1/1 374/1/1
f 375/1/1 376/1/1 309/1/1
f 309/1/1 376/1/1 377/1/1
f 378/1/1 379/1/1 380/1/1
f 380/1/1 379/1/1 320/1/1
f 381/10/1 382/10/1 384/10/1
f 384/10/1 382/10/1 383/10/1
f 385/1/1 386/1/1 388/1/1
f 388/1/1 386/1/1 387/1/1
f 389/1/1 390/1/1 327/1/1
f 327/1/1 390/1/1 328/1/1
f 391/4/1 392/4/1 394/4/1
f 394/4/1 392/4/1 393/4/1
f 392/4/1 395/4/1 397/4/1
f 397/4/1 395/4/1 396/4/1
f 398/1/1 399/1/1 400/1/1
f 400/1/1 399/1/1 332/1/1
f 399/1/1 401/1/1 402/1/1
f 402/1/1 401/1/1 157/1/1
f 403/1/1 404/1/1 406/1/1
f 406/1/1 404/1/1 405/1/1
f 407/1/1 408/1/1 410/1/1
f 410/1/1 408/1/1 409/1/1
f 411/8/1 412/8/1 414/8/1
f 414/8/1 412/8/1 413/8/1
f 415/9/1 416/9/1 418/9/1
f 418/9/1 416/9/1 417/9/1
f 419/10/1 420/10/1 422/10/1
f 422/10/1 420/10/1 421/10/1
f 423/9/1 424/9/1 426/9/1
f 426/9/1 424/9/1 425/9/1
f 427/9/1 428/9/1 430/9/1
f 430/9/1 428/9/1 429/9/1
f 431/9/1 432/9/1 433/9/1
f 433/9/1 432/9/1 288/9/1
f 434/8/1 435/8/1 437/8/1
f 437/8/1 435/8/1 436/8/1
f 438/9/1 439/9/1 292/9/1
f 292/9/1 439/9/1 440/9/1
f 441/1/1 442/1/1 423/1/1
f 423/1/1 442/1/1 424/1/1
f 443/6/1 444/6/1 446/6/1
f 446/6/1 444/6/1 445/6/1
f 444/9/1 447/9/1 445/9/1
f 445/9/1 447/9/1 448/9/1
f 449/10/1 450/10/1 452/10/1
f 452/10/1 450/10/1 451/10/1
f 453/10/1 454/10/1 456/10/1
f 456/10/1 454/10/1 455/10/1
f 457/8/1 458/8/1 460/8/1
f 460/8/1 458/8/1 459/8/1
f 461/10/1 462/10/1 463/10/1
f 463/10/1 462/10/1 419/10/1
f 464/1/1 465/1/1 467/1/1
f 467/1/1 465/1/1 466/1/1
f 468/9/1 469/9/1 471/9/1
f 471/9/1 469/9/1 470/9/1
f 472/1/1 473/1/1 475/1/1
f 475/1/1 473/1/1 474/1/1
f 476/10/1 477/10/1 479/10/1
f 479/10/1 477/10/1 478/10/1
f 480/10/1 481/10/1 420/10/1
f 420/10/1 481/10/1 482/10/1
f 483/4/1 484/4/1 486/4/1
f 486/4/1 484/4/1 485/4/1
f 487/9/1 488/9/1 490/9/1
f 490/9/1 488/9/1 489/9/1
f 491/1/1 492/1/1 448/1/1
f 448/1/1 492/1/1 403/1/1
f 493/9/1 494/9/1 496/9/1
f 496/9/1 494/9/1 495/9/1
f 497/1/1 498/1/1 404/1/1
f 404/1/1 498/1/1 499/1/1
f 500/8/1 501/8/1 502/8/1
f 502/8/1 501/8/1 460/8/1
f 503/8/1 504/8/1 506/8/1
f 506/8/1 504/8/1 505/8/1
f 507/8/1 508/8/1 510/8/1
f 510/8/1 508/8/1 509/8/1
f 511/8/1 512/8/1 514/8/1
f 514/8/1 512/8/1 513/8/1
f 515/8/1 516/8/1 517/8/1
f 517/8/1 516/8/1 458/8/1
f 518/10/1 519/10/1 462/10/1
f 462/10/1 519/10/1 480/10/1
f 520/1/1 521/1/1 522/1/1
f 522/1/1 521/1/1 357/1/1
f 523/1/1 524/1/1 525/1/1
f 525/1/1 524/1/1 360/1/1
f 526/1/1 527/1/1 528/1/1
f 528/1/1 527/1/1 366/1/1
f 529/1/1 530/1/1 370/1/1
f 370/1/1 530/1/1 531/1/1
f 532/1/1 533/1/1 373/1/1
f 373/1/1 533/1/1 534/1/1
f 535/1/1 536/1/1 376/1/1
f 376/1/1 536/1/1 537/1/1
f 538/4/1 539/4/1 540/4/1
f 540/4/1 539/4/1 486/4/1
f 541/1/1 542/1/1 543/1/1
f 543/1/1 542/1/1 410/1/1
f 544/1/1 545/1/1 492/1/1
f 492/1/1 545/1/1 497/1/1
f 542/1/1 546/1/1 548/1/1
f 548/1/1 546/1/1 547/1/1
f 546/1/1 549/1/1 550/1/1
f 550/1/1 549/1/1 408/1/1
f 551/5/1 552/5/1 554/5/1
f 554/5/1 552/5/1 553/5/1
f 555/9/1 556/9/1 557/9/1
f 557/9/1 556/9/1 431/9/1
f 558/5/1 559/5/1 561/5/1
f 561/5/1 559/5/1 560/5/1
f 562/9/1 563/9/1 439/9/1
f 439/9/1 563/9/1 564/9/1
f 565/1/1 566/1/1 568/1/1
f 568/1/1 566/1/1 567/1/1
f 569/9/1 570/9/1 572/9/1
f 572/9/1 570/9/1 571/9/1
f 573/1/1 574/1/1 576/1/1
f 576/1/1 574/1/1 575/1/1
f 577/1/1 578/1/1 521/1/1
f 521/1/1 578/1/1 579/1/1
f 580/1/1 581/1/1 524/1/1
f 524/1/1 581/1/1 582/1/1
f 583/1/1 584/1/1 527/1/1
f 527/1/1 584/1/1 585/1/1
f 586/1/1 587/1/1 588/1/1
f 588/1/1 587/1/1 529/1/1
f 589/1/1 590/1/1 591/1/1
f 591/1/1 590/1/1 532/1/1
f 592/1/1 593/1/1 594/1/1
f 594/1/1 593/1/1 535/1/1
f 595/9/1 596/9/1 598/9/1
f 598/9/1 596/9/1 597/9/1
f 599/9/1 600/9/1 602/9/1
f 602/9/1 600/9/1 601/9/1
f 603/9/1 604/9/1 606/9/1
f 606/9/1 604/9/1 605/9/1
f 607/10/1 608/10/1 610/10/1
f 610/10/1 608/10/1 609/10/1
f 611/10/1 612/10/1 613/10/1
f 613/10/1 612/10/1 156/10/1
f 612/10/1 614/10/1 616/10/1
f 616/10/1 614/10/1 615/10/1
f 617/1/1 618/1/1 578/1/1
f 578/1/1 618/1/1 586/1/1
f 619/1/1 620/1/1 581/1/1
f 581/1/1 620/1/1 589/1/1
f 621/1/1 622/1/1 584/1/1
f 584/1/1 622/1/1 592/1/1
f 623/10/1 624/10/1 625/10/1
f 625/10/1 624/10/1 382/10/1
f 626/1/1 627/1/1 629/1/1
f 629/1/1 627/1/1 628/1/1
f 624/10/1 630/10/1 632/10/1
f 632/10/1 630/10/1 631/10/1
f 633/8/1 634/8/1 636/8/1
f 636/8/1 634/8/1 635/8/1
f 637/8/1 638/8/1 640/8/1
f 640/8/1 638/8/1 639/8/1
f 641/9/1 642/9/1 644/9/1
f 644/9/1 642/9/1 643/9/1
f 645/1/1 646/1/1 648/1/1
f 648/1/1 646/1/1 647/1/1
f 649/1/1 650/1/1 652/1/1
f 652/1/1 650/1/1 651/1/1
f 653/1/1 654/1/1 656/1/1
f 656/1/1 654/1/1 655/1/1
f 657/9/1 658/9/1 660/9/1
f 660/9/1 658/9/1 659/9/1
f 661/4/1 662/4/1 664/4/1
f 664/4/1 662/4/1 663/4/1
f 665/4/1 666/4/1 668/4/1
f 668/4/1 666/4/1 667/4/1
f 669/4/1 670/4/1 672/4/1
f 672/4/1 670/4/1 671/4/1
f 673/4/1 674/4/1 676/4/1
f 676/4/1 674/4/1 675/4/1
f 677/4/1 678/4/1 680/4/1
f 680/4/1 678/4/1 679/4/1
f 681/4/1 682/4/1 684/4/1
f 684/4/1 682/4/1 683/4/1
f 685/4/1 686/4/1 688/4/1
f 688/4/1 686/4/1 687/4/1
f 689/4/1 690/4/1 692/4/1
f 692/4/1 690/4/1 691/4/1
f 693/4/1 694/4/1 696/4/1
f 696/4/1 694/4/1 695/4/1
f 697/4/1 698/4/1 700/4/1
f 700/4/1 698/4/1 699/4/1
f 701/4/1 702/4/1 704/4/1
f 704/4/1 702/4/1 703/4/1
f 705/4/1 706/4/1 708/4/1
f 708/4/1 706/4/1 707/4/1
f 709/4/1 710/4/1 712/4/1
f 712/4/1 710/4/1 711/4/1
f 713/4/1 714/4/1 716/4/1
f 716/4/1 714/4/1 715/4/1
f 717/4/1 718/4/1 720/4/1
f 720/4/1 718/4/1 719/4/1
f 721/4/1 722/4/1 724/4/1
f 724/4/1 722/4/1 723/4/1
f 725/4/1 726/4/1 728/4/1
f 728/4/1 726/4/1 727/4/1
f 729/10/1 730/10/1 731/10/1
f 731/10/1 730/10/1 607/10/1
f 732/1/1 733/1/1 735/1/1
f 735/1/1 733/1/1 734/1/1
f 736/1/1 737/1/1 739/1/1
f 739/1/1 737/1/1 738/1/1
f 740/10/1 741/10/1 743/10/1
f 743/10/1 741/10/1 742/10/1
f 744/10/1 745/10/1 608/10/1
f 608/10/1 745/10/1 746/10/1
f 747/1/1 748/1/1 749/1/1
f 749/1/1 748/1/1 379/1/1
f 750/4/1 751/4/1 753/4/1
f 753/4/1 751/4/1 752/4/1
f 751/4/1 754/4/1 756/4/1
f 756/4/1 754/4/1 755/4/1
f 757/1/1 758/1/1 760/1/1
f 760/1/1 758/1/1 759/1/1
f 758/1/1 761/1/1 763/1/1
f 763/1/1 761/1/1 762/1/1
f 761/1/1 764/1/1 766/1/1
f 766/1/1 764/1/1 765/1/1
f 764/1/1 767/1/1 769/1/1
f 769/1/1 767/1/1 768/1/1
f 770/8/1 771/8/1 773/8/1
f 773/8/1 771/8/1 772/8/1
f 774/4/1 775/4/1 776/4/1
f 776/4/1 775/4/1 681/4/1
f 777/4/1 778/4/1 780/4/1
f 780/4/1 778/4/1 779/4/1
f 781/9/1 782/9/1 784/9/1
f 784/9/1 782/9/1 783/9/1
f 785/10/1 786/10/1 730/10/1
f 730/10/1 786/10/1 744/10/1
f 787/1/1 788/1/1 790/1/1
f 790/1/1 788/1/1 789/1/1
f 788/9/1 791/9/1 789/9/1
f 789/9/1 791/9/1 792/9/1
f 791/1/1 793/1/1 792/1/1
f 792/1/1 793/1/1 794/1/1
f 795/9/1 796/9/1 798/9/1
f 798/9/1 796/9/1 797/9/1
f 799/1/1 800/1/1 802/1/1
f 802/1/1 800/1/1 801/1/1
f 803/4/1 804/4/1 805/4/1
f 805/4/1 804/4/1 774/4/1
f 806/1/1 807/1/1 808/1/1
f 808/1/1 807/1/1 645/1/1
f 809/9/1 810/9/1 812/9/1
f 812/9/1 810/9/1 811/9/1
f 813/1/1 814/1/1 646/1/1
f 646/1/1 814/1/1 815/1/1
f 816/6/1 817/6/1 819/6/1
f 819/6/1 817/6/1 818/6/1
f 817/9/1 820/9/1 818/9/1
f 818/9/1 820/9/1 821/9/1
f 822/9/1 823/9/1 799/9/1
f 799/9/1 823/9/1 800/9/1
f 824/4/1 825/4/1 826/4/1
f 826/4/1 825/4/1 803/4/1
f 827/9/1 828/9/1 830/9/1
f 830/9/1 828/9/1 829/9/1
f 831/1/1 832/1/1 833/1/1
f 833/1/1 832/1/1 652/1/1
f 834/1/1 835/1/1 807/1/1
f 807/1/1 835/1/1 813/1/1
f 832/1/1 836/1/1 838/1/1
f 838/1/1 836/1/1 837/1/1
f 836/1/1 839/1/1 840/1/1
f 840/1/1 839/1/1 650/1/1
f 841/4/1 842/4/1 844/4/1
f 844/4/1 842/4/1 843/4/1
f 845/9/1 846/9/1 848/9/1
f 848/9/1 846/9/1 847/9/1
f 849/1/1 850/1/1 822/1/1
f 822/1/1 850/1/1 823/1/1
f 851/4/1 852/4/1 853/4/1
f 853/4/1 852/4/1 824/4/1
f 854/4/1 855/4/1 856/4/1
f 856/4/1 855/4/1 844/4/1
f 857/4/1 858/4/1 859/4/1
f 859/4/1 858/4/1 851/4/1
f 860/10/1 861/10/1 863/10/1
f 863/10/1 861/10/1 862/10/1
f 864/1/1 865/1/1 866/1/1
f 866/1/1 865/1/1 167/1/1
f 865/1/1 867/1/1 869/1/1
f 869/1/1 867/1/1 868/1/1
f 870/9/1 871/9/1 873/9/1
f 873/9/1 871/9/1 872/9/1
f 867/1/1 874/1/1 875/1/1
f 875/1/1 874/1/1 165/1/1
f 876/10/1 877/10/1 879/10/1
f 879/10/1 877/10/1 878/10/1
f 880/1/1 881/1/1 883/1/1
f 883/1/1 881/1/1 882/1/1
f 884/10/1 885/10/1 887/10/1
f 887/10/1 885/10/1 886/10/1
f 888/9/1 889/9/1 891/9/1
f 891/9/1 889/9/1 890/9/1
f 881/1/1 892/1/1 893/1/1
f 893/1/1 892/1/1 767/1/1
f 894/10/1 895/10/1 897/10/1
f 897/10/1 895/10/1 896/10/1
f 898/4/1 899/4/1 900/4/1
f 900/4/1 899/4/1 857/4/1
f 901/9/1 902/9/1 904/9/1
f 904/9/1 902/9/1 903/9/1
f 905/9/1 906/9/1 908/9/1
f 908/9/1 906/9/1 907/9/1
f 909/9/1 910/9/1 912/9/1
f 912/9/1 910/9/1 911/9/1
f 913/10/1 914/10/1 915/10/1
f 915/10/1 914/10/1 613/10/1
f 914/10/1 916/10/1 918/10/1
f 918/10/1 916/10/1 917/10/1
f 916/10/1 919/10/1 920/10/1
f 920/10/1 919/10/1 365/10/1
f 919/10/1 921/10/1 923/10/1
f 923/10/1 921/10/1 922/10/1
f 921/10/1 924/10/1 926/10/1
f 926/10/1 924/10/1 925/10/1
f 924/10/1 927/10/1 929/10/1
f 929/10/1 927/10/1 928/10/1
f 927/10/1 930/10/1 931/10/1
f 931/10/1 930/10/1 625/10/1
f 930/10/1 932/10/1 934/10/1
f 934/10/1 932/10/1 933/10/1
f 932/10/1 935/10/1 936/10/1
f 936/10/1 935/10/1 630/10/1
f 935/10/1 937/10/1 939/10/1
f 939/10/1 937/10/1 938/10/1
f 940/9/1 941/9/1 943/9/1
f 943/9/1 941/9/1 942/9/1
f 944/9/1 945/9/1 947/9/1
f 947/9/1 945/9/1 946/9/1
f 948/9/1 949/9/1 951/9/1
f 951/9/1 949/9/1 950/9/1
f 952/4/1 953/4/1 954/4/1
f 954/4/1 953/4/1 898/4/1
f 955/4/1 956/4/1 958/4/1
f 958/4/1 956/4/1 957/4/1
f 959/4/1 960/4/1 962/4/1
f 962/4/1 960/4/1 961/4/1
f 963/4/1 964/4/1 966/4/1
f 966/4/1 964/4/1 965/4/1
f 967/4/1 968/4/1 970/4/1
f 970/4/1 968/4/1 969/4/1
f 971/4/1 972/4/1 974/4/1
f 974/4/1 972/4/1 973/4/1
f 975/4/1 976/4/1 978/4/1
f 978/4/1 976/4/1 977/4/1
f 979/4/1 980/4/1 982/4/1
f 982/4/1 980/4/1 981/4/1
f 983/4/1 984/4/1 986/4/1
f 986/4/1 984/4/1 985/4/1
f 987/4/1 988/4/1 990/4/1
f 990/4/1 988/4/1 989/4/1
f 991/4/1 992/4/1 953/4/1
f 953/4/1 992/4/1 993/4/1
f 994/9/1 995/9/1 996/9/1
f 996/9/1 995/9/1 905/9/1
f 997/9/1 998/9/1 1000/9/1
f 1000/9/1 998/9/1 999/9/1
f 1001/9/1 1002/9/1 906/9/1
f 906/9/1 1002/9/1 1003/9/1
f 1004/9/1 1005/9/1 1007/9/1
f 1007/9/1 1005/9/1 1006/9/1
f 1008/9/1 1009/9/1 1011/9/1
f 1011/9/1 1009/9/1 1010/9/1
f 1012/9/1 1013/9/1 1015/9/1
f 1015/9/1 1013/9/1 1014/9/1
f 1016/9/1 1017/9/1 1019/9/1
f 1019/9/1 1017/9/1 1018/9/1
f 1020/9/1 1021/9/1 1023/9/1
f 1023/9/1 1021/9/1 1022/9/1
f 1024/9/1 1025/9/1 1027/9/1
f 1027/9/1 1025/9/1 1026/9/1
f 1028/9/1 1029/9/1 1031/9/1
f 1031/9/1 1029/9/1 1030/9/1
f 1032/9/1 1033/9/1 1035/9/1
f 1035/9/1 1033/9/1 1034/9/1
f 1036/9/1 1037/9/1 1039/9/1
f 1039/9/1 1037/9/1 1038/9/1
f 1040/9/1 1041/9/1 1043/9/1
f 1043/9/1 1041/9/1 1042/9/1
f 1044/9/1 1045/9/1 1047/9/1
f 1047/9/1 1045/9/1 1046/9/1
f 1048/9/1 1049/9/1 1050/9/1
f 1050/9/1 1049/9/1 944/9/1
f 1051/9/1 1052/9/1 1054/9/1
f 1054/9/1 1052/9/1 1053/9/1
f 1055/9/1 1056/9/1 945/9/1
f 945/9/1 1056/9/1 1057/9/1
f 1058/4/1 1059/4/1 992/4/1
f 992/4/1 1059/4/1 1060/4/1
f 1061/9/1 1062/9/1 1064/9/1
f 1064/9/1 1062/9/1 1063/9/1
f 1065/9/1 1066/9/1 995/9/1
f 995/9/1 1066/9/1 1001/9/1
f 1067/9/1 1068/9/1 1070/9/1
f 1070/9/1 1068/9/1 1069/9/1
f 1071/1/1 1072/1/1 1073/1/1
f 1073/1/1 1072/1/1 170/1/1
f 1072/1/1 1074/1/1 1076/1/1
f 1076/1/1 1074/1/1 1075/1/1
f 1074/1/1 1077/1/1 1078/1/1
f 1078/1/1 1077/1/1 356/1/1
f 1077/1/1 1079/1/1 1081/1/1
f 1081/1/1 1079/1/1 1080/1/1
f 1079/1/1 1082/1/1 1084/1/1
f 1084/1/1 1082/1/1 1083/1/1
f 1082/1/1 1085/1/1 1087/1/1
f 1087/1/1 1085/1/1 1086/1/1
f 1085/1/1 1088/1/1 1089/1/1
f 1089/1/1 1088/1/1 749/1/1
f 1088/1/1 1090/1/1 1092/1/1
f 1092/1/1 1090/1/1 1091/1/1
f 1090/1/1 1093/1/1 1095/1/1
f 1095/1/1 1093/1/1 1094/1/1
f 1093/1/1 1096/1/1 1098/1/1
f 1098/1/1 1096/1/1 1097/1/1
f 1096/1/1 1099/1/1 1100/1/1
f 1100/1/1 1099/1/1 883/1/1
f 1101/10/1 1102/10/1 1104/10/1
f 1104/10/1 1102/10/1 1103/10/1
f 1105/9/1 1106/9/1 1108/9/1
f 1108/9/1 1106/9/1 1107/9/1
f 1109/9/1 1110/9/1 1049/9/1
f 1049/9/1 1110/9/1 1055/9/1
f 1111/9/1 1112/9/1 1114/9/1
f 1114/9/1 1112/9/1 1113/9/1
f 1115/8/1 1116/8/1 1118/8/1
f 1118/8/1 1116/8/1 1117/8/1
f 1116/8/1 1119/8/1 1120/8/1
f 1120/8/1 1119/8/1 773/8/1
f 1119/8/1 1121/8/1 1123/8/1
f 1123/8/1 1121/8/1 1122/8/1
f 1124/4/1 1125/4/1 1059/4/1
f 1059/4/1 1125/4/1 1126/4/1
f 1121/8/1 1127/8/1 1128/8/1
f 1128/8/1 1127/8/1 771/8/1
f 1127/8/1 1129/8/1 1131/8/1
f 1131/8/1 1129/8/1 1130/8/1
f 1129/8/1 1132/8/1 1134/8/1
f 1134/8/1 1132/8/1 1133/8/1
f 1132/8/1 1135/8/1 1137/8/1
f 1137/8/1 1135/8/1 1136/8/1
f 1135/8/1 1138/8/1 1140/8/1
f 1140/8/1 1138/8/1 1139/8/1
f 1138/8/1 1141/8/1 1143/8/1
f 1143/8/1 1141/8/1 1142/8/1
f 1141/8/1 1144/8/1 1146/8/1
f 1146/8/1 1144/8/1 1145/8/1
f 1144/8/1 1147/8/1 1149/8/1
f 1149/8/1 1147/8/1 1148/8/1
f 1147/8/1 1150/8/1 1152/8/1
f 1152/8/1 1150/8/1 1151/8/1
f 1150/8/1 1153/8/1 1154/8/1
f 1154/8/1 1153/8/1 516/8/1
f 1153/8/1 1155/8/1 1157/8/1
f 1157/8/1 1155/8/1 1156/8/1
f 1155/8/1 1158/8/1 1160/8/1
f 1160/8/1 1158/8/1 1159/8/1
f 1161/4/1 1162/4/1 1125/4/1
f 1125/4/1 1162/4/1 1163/4/1
f 1164/4/1 1165/4/1 1162/4/1
f 1162/4/1 1165/4/1 1166/4/1
f 1167/8/1 1168/8/1 1169/8/1
f 1169/8/1 1168/8/1 1115/8/1
f 1170/4/1 1171/4/1 1172/4/1
f 1172/4/1 1171/4/1 775/4/1
f 1173/11/1 1174/11/1 1176/11/1
f 1176/11/1 1174/11/1 1175/11/1
f 1177/11/1 1178/11/1 1180/11/1
f 1180/11/1 1178/11/1 1179/11/1
f 1181/4/1 1182/4/1 718/4/1
f 718/4/1 1182/4/1 1183/4/1
f 1168/1/1 1184/1/1 1115/1/1
f 1115/1/1 1184/1/1 1158/1/1
f 1185/4/1 1186/4/1 1188/4/1
f 1188/4/1 1186/4/1 1187/4/1
f 1189/4/1 1190/4/1 1192/4/1
f 1192/4/1 1190/4/1 1191/4/1
f 1193/4/1 1194/4/1 1196/4/1
f 1196/4/1 1194/4/1 1195/4/1
f 1190/4/1 1197/4/1 1165/4/1
f 1165/4/1 1197/4/1 1198/4/1
f 1199/4/1 1200/4/1 1202/4/1
f 1202/4/1 1200/4/1 1201/4/1
f 1203/4/1 1204/4/1 1206/4/1
f 1206/4/1 1204/4/1 1205/4/1
f 1207/4/1 1208/4/1 1171/4/1
f 1171/4/1 1208/4/1 1209/4/1
f 1210/4/1 1211/4/1 1213/4/1
f 1213/4/1 1211/4/1 1212/4/1
f 1214/4/1 1215/4/1 1217/4/1
f 1217/4/1 1215/4/1 1216/4/1
f 1218/4/1 1219/4/1 1221/4/1
f 1221/4/1 1219/4/1 1220/4/1
f 1222/4/1 1223/4/1 1225/4/1
f 1225/4/1 1223/4/1 1224/4/1
f 1226/4/1 1227/4/1 1229/4/1
f 1229/4/1 1227/4/1 1228/4/1
f 1230/4/1 1231/4/1 1233/4/1
f 1233/4/1 1231/4/1 1232/4/1
f 1234/4/1 1235/4/1 1237/4/1
f 1237/4/1 1235/4/1 1236/4/1
f 1238/4/1 1239/4/1 1241/4/1
f 1241/4/1 1239/4/1 1240/4/1
f 1242/4/1 1243/4/1 1244/4/1
f 1244/4/1 1243/4/1 1181/4/1
f 1245/4/1 1246/4/1 1248/4/1
f 1248/4/1 1246/4/1 1247/4/1
f 1249/4/1 1250/4/1 1252/4/1
f 1252/4/1 1250/4/1 1251/4/1
f 1253/4/1 1254/4/1 1256/4/1
f 1256/4/1 1254/4/1 1255/4/1
f 1257/9/1 1258/9/1 1259/9/1
f 1259/9/1 1258/9/1 599/9/1
f 1260/9/1 1261/9/1 604/9/1
f 604/9/1 1261/9/1 1262/9/1
f 1263/1/1 1264/1/1 1265/1/1
f 1265/1/1 1264/1/1 1184/1/1
f 1266/9/1 1267/9/1 1269/9/1
f 1269/9/1 1267/9/1 1268/9/1
f 1270/8/1 1271/8/1 1273/8/1
f 1273/8/1 1271/8/1 1272/8/1
f 1274/9/1 1275/9/1 1277/9/1
f 1277/9/1 1275/9/1 1276/9/1
f 1278/8/1 1279/8/1 1281/8/1
f 1281/8/1 1279/8/1 1280/8/1
f 1282/8/1 1283/8/1 1285/8/1
f 1285/8/1 1283/8/1 1284/8/1
f 1286/9/1 1287/9/1 1289/9/1
f 1289/9/1 1287/9/1 1288/9/1
f 1290/7/1 1291/7/1 1293/7/1
f 1293/7/1 1291/7/1 1292/7/1
f 1294/1/1 1295/1/1 1297/1/1
f 1297/1/1 1295/1/1 1296/1/1
f 1295/9/1 1298/9/1 1296/9/1
f 1296/9/1 1298/9/1 1299/9/1
f 1298/1/1 1300/1/1 1299/1/1
f 1299/1/1 1300/1/1 1301/1/1
f 1302/1/1 1303/1/1 1304/1/1
f 1304/1/1 1303/1/1 1265/1/1
f 1305/1/1 1306/1/1 1308/1/1
f 1308/1/1 1306/1/1 1307/1/1
f 1309/1/1 1310/1/1 1311/1/1
f 1311/1/1 1310/1/1 1264/1/1
f 1312/9/1 1313/9/1 1314/9/1
f 1314/9/1 1313/9/1 1266/9/1
f 1315/8/1 1316/8/1 1318/8/1
f 1318/8/1 1316/8/1 1317/8/1
f 1319/9/1 1320/9/1 1287/9/1
f 1287/9/1 1320/9/1 1321/9/1
f 1322/1/1 1323/1/1 1292/1/1
f 1292/1/1 1323/1/1 1324/1/1
f 1325/5/1 1326/5/1 1328/5/1
f 1328/5/1 1326/5/1 1327/5/1
f 1329/11/1 1330/11/1 1332/11/1
f 1332/11/1 1330/11/1 1331/11/1
f 1330/11/1 1333/11/1 1335/11/1
f 1335/11/1 1333/11/1 1334/11/1
f 1333/11/1 1336/11/1 434/11/1
f 434/11/1 1336/11/1 435/11/1
f 1336/11/1 1337/11/1 1339/11/1
f 1339/11/1 1337/11/1 1338/11/1
f 1337/11/1 1340/11/1 1342/11/1
f 1342/11/1 1340/11/1 1341/11/1
f 1343/5/1 1344/5/1 1346/5/1
f 1346/5/1 1344/5/1 1345/5/1
f 1347/9/1 1348/9/1 1349/9/1
f 1349/9/1 1348/9/1 1312/9/1
f 1350/8/1 1351/8/1 1353/8/1
f 1353/8/1 1351/8/1 1352/8/1
f 1354/5/1 1355/5/1 1357/5/1
f 1357/5/1 1355/5/1 1356/5/1
f 1358/9/1 1359/9/1 1320/9/1
f 1320/9/1 1359/9/1 1360/9/1
f 1361/7/1 1362/7/1 1363/7/1
f 1363/7/1 1362/7/1 1290/7/1
f 1364/1/1 1365/1/1 1323/1/1
f 1323/1/1 1365/1/1 1366/1/1
f 1367/9/1 1368/9/1 1370/9/1
f 1370/9/1 1368/9/1 1369/9/1
f 1371/8/1 1372/8/1 1374/8/1
f 1374/8/1 1372/8/1 1373/8/1
f 1372/8/1 1375/8/1 1377/8/1
f 1377/8/1 1375/8/1 1376/8/1
f 1375/8/1 1378/8/1 1380/8/1
f 1380/8/1 1378/8/1 1379/8/1
f 1381/9/1 1382/9/1 1384/9/1
f 1384/9/1 1382/9/1 1383/9/1
f 1385/8/1 1386/8/1 1388/8/1
f 1388/8/1 1386/8/1 1387/8/1
f 1389/11/1 1390/11/1 1392/11/1
f 1392/11/1 1390/11/1 1391/11/1
f 1390/11/1 1393/11/1 1395/11/1
f 1395/11/1 1393/11/1 1394/11/1
f 1396/8/1 1397/8/1 1399/8/1
f 1399/8/1 1397/8/1 1398/8/1
f 1400/7/1 1401/7/1 1402/7/1
f 1402/7/1 1401/7/1 1361/7/1
f 1401/2/1 1403/2/1 1361/2/1
f 1361/2/1 1403/2/1 1362/2/1
f 1403/8/1 1404/8/1 1362/8/1
f 1362/8/1 1404/8/1 1365/8/1
f 1404/6/1 1405/6/1 1365/6/1
f 1365/6/1 1405/6/1 1406/6/1
f 1407/9/1 1408/9/1 1368/9/1
f 1368/9/1 1408/9/1 1409/9/1
f 1410/9/1 1411/9/1 1413/9/1
f 1413/9/1 1411/9/1 1412/9/1
f 1414/9/1 1415/9/1 1416/9/1
f 1416/9/1 1415/9/1 1381/9/1
f 1417/9/1 1418/9/1 1419/9/1
f 1419/9/1 1418/9/1 1347/9/1
f 1420/11/1 1421/11/1 1422/11/1
f 1422/11/1 1421/11/1 1392/11/1
f 1423/3/1 1424/3/1 1426/3/1
f 1426/3/1 1424/3/1 1425/3/1
f 1427/11/1 1428/11/1 1429/11/1
f 1429/11/1 1428/11/1 1393/11/1
f 1430/8/1 1431/8/1 1433/8/1
f 1433/8/1 1431/8/1 1432/8/1
f 1434/5/1 1435/5/1 1437/5/1
f 1437/5/1 1435/5/1 1436/5/1
f 1438/9/1 1439/9/1 1441/9/1
f 1441/9/1 1439/9/1 1440/9/1
f 1442/1/1 1443/1/1 1444/1/1
f 1444/1/1 1443/1/1 1404/1/1
f 1445/3/1 1446/3/1 1448/3/1
f 1448/3/1 1446/3/1 1447/3/1
f 1449/8/1 1450/8/1 1452/8/1
f 1452/8/1 1450/8/1 1451/8/1
f 1453/7/1 1454/7/1 1401/7/1
f 1401/7/1 1454/7/1 1403/7/1
f 1455/6/1 1456/6/1 1458/6/1
f 1458/6/1 1456/6/1 1457/6/1
f 1459/9/1 1460/9/1 1461/9/1
f 1461/9/1 1460/9/1 1417/9/1
f 1462/3/1 1463/3/1 1464/3/1
f 1464/3/1 1463/3/1 1423/3/1
f 1465/4/1 1466/4/1 1468/4/1
f 1468/4/1 1466/4/1 1467/4/1
f 1469/3/1 1470/3/1 1424/3/1
f 1424/3/1 1470/3/1 1471/3/1
f 1472/1/1 1473/1/1 1475/1/1
f 1475/1/1 1473/1/1 1474/1/1
f 1476/7/1 1477/7/1 1454/7/1
f 1454/7/1 1477/7/1 1478/7/1
f 1479/9/1 1480/9/1 1439/9/1
f 1439/9/1 1480/9/1 1481/9/1
f 1477/1/1 1482/1/1 1483/1/1
f 1483/1/1 1482/1/1 1442/1/1
f 1484/6/1 1485/6/1 1487/6/1
f 1487/6/1 1485/6/1 1486/6/1
f 1488/6/1 1489/6/1 1491/6/1
f 1491/6/1 1489/6/1 1490/6/1
f 1492/9/1 1493/9/1 1494/9/1
f 1494/9/1 1493/9/1 1459/9/1
f 1495/3/1 1496/3/1 1463/3/1
f 1463/3/1 1496/3/1 1469/3/1
f 1497/1/1 1498/1/1 1499/1/1
f 1499/1/1 1498/1/1 1472/1/1
f 1500/9/1 1501/9/1 1503/9/1
f 1503/9/1 1501/9/1 1502/9/1
f 1504/1/1 1505/1/1 1507/1/1
f 1507/1/1 1505/1/1 1506/1/1
f 1508/1/1 1509/1/1 1473/1/1
f 1473/1/1 1509/1/1 1510/1/1
f 1511/11/1 1512/11/1 1514/11/1
f 1514/11/1 1512/11/1 1513/11/1
f 1515/9/1 1516/9/1 1480/9/1
f 1480/9/1 1516/9/1 1517/9/1
f 1518/3/1 1519/3/1 1521/3/1
f 1521/3/1 1519/3/1 1520/3/1
f 1522/6/1 1523/6/1 1525/6/1
f 1525/6/1 1523/6/1 1524/6/1
f 1526/6/1 1527/6/1 1529/6/1
f 1529/6/1 1527/6/1 1528/6/1
f 1530/3/1 1531/3/1 1533/3/1
f 1533/3/1 1531/3/1 1532/3/1
f 1534/1/1 1535/1/1 1536/1/1
f 1536/1/1 1535/1/1 1304/1/1
f 1537/8/1 1538/8/1 1540/8/1
f 1540/8/1 1538/8/1 1539/8/1
f 1541/1/1 1542/1/1 1543/1/1
f 1543/1/1 1542/1/1 1497/1/1
f 1544/11/1 1545/11/1 1546/11/1
f 1546/11/1 1545/11/1 1514/11/1
f 1547/11/1 1548/11/1 1549/11/1
f 1549/11/1 1548/11/1 1512/11/1
f 1550/1/1 1551/1/1 1509/1/1
f 1509/1/1 1551/1/1 1552/1/1
f 1553/8/1 1554/8/1 1556/8/1
f 1556/8/1 1554/8/1 1555/8/1
f 1557/3/1 1558/3/1 1560/3/1
f 1560/3/1 1558/3/1 1559/3/1
f 1561/1/1 1562/1/1 1563/1/1
f 1563/1/1 1562/1/1 1536/1/1
f 1564/5/1 1565/5/1 1567/5/1
f 1567/5/1 1565/5/1 1566/5/1
f 1568/3/1 1569/3/1 1571/3/1
f 1571/3/1 1569/3/1 1570/3/1
f 1572/5/1 1573/5/1 1575/5/1
f 1575/5/1 1573/5/1 1574/5/1
f 1576/1/1 1577/1/1 1578/1/1
f 1578/1/1 1577/1/1 1535/1/1
f 1579/3/1 1580/3/1 1582/3/1
f 1582/3/1 1580/3/1 1581/3/1
f 1583/3/1 1584/3/1 1586/3/1
f 1586/3/1 1584/3/1 1585/3/1
f 1587/9/1 1588/9/1 1590/9/1
f 1590/9/1 1588/9/1 1589/9/1
f 1591/3/1 1592/3/1 1594/3/1
f 1594/3/1 1592/3/1 1593/3/1
f 1595/6/1 1596/6/1 1598/6/1
f 1598/6/1 1596/6/1 1597/6/1
f 1599/6/1 1600/6/1 1602/6/1
f 1602/6/1 1600/6/1 1601/6/1
f 1603/6/1 1604/6/1 1606/6/1
f 1606/6/1 1604/6/1 1605/6/1
f 1607/6/1 1608/6/1 1610/6/1
f 1610/6/1 1608/6/1 1609/6/1
f 1611/6/1 1612/6/1 1614/6/1
f 1614/6/1 1612/6/1 1613/6/1
f 1615/5/1 1616/5/1 1617/5/1
f 1617/5/1 1616/5/1 1564/5/1
f 1618/3/1 1619/3/1 1620/3/1
f 1620/3/1 1619/3/1 1568/3/1
f 1621/5/1 1622/5/1 1623/5/1
f 1623/5/1 1622/5/1 1572/5/1
f 1624/1/1 1625/1/1 1627/1/1
f 1627/1/1 1625/1/1 1626/1/1
f 1628/5/1 1629/5/1 1565/5/1
f 1565/5/1 1629/5/1 1630/5/1
f 1631/5/1 1632/5/1 1573/5/1
f 1573/5/1 1632/5/1 1633/5/1
f 1634/6/1 1635/6/1 1637/6/1
f 1637/6/1 1635/6/1 1636/6/1
f 1638/6/1 1639/6/1 1641/6/1
f 1641/6/1 1639/6/1 1640/6/1
f 1642/6/1 1643/6/1 1645/6/1
f 1645/6/1 1643/6/1 1644/6/1
f 1646/3/1 1647/3/1 1569/3/1
f 1569/3/1 1647/3/1 1648/3/1
f 1649/6/1 1650/6/1 1652/6/1
f 1652/6/1 1650/6/1 1651/6/1
f 1653/6/1 1654/6/1 1656/6/1
f 1656/6/1 1654/6/1 1655/6/1
f 1657/3/1 1658/3/1 1660/3/1
f 1660/3/1 1658/3/1 1659/3/1
f 1661/6/1 1662/6/1 1664/6/1
f 1664/6/1 1662/6/1 1663/6/1
f 1665/9/1 1666/9/1 1668/9/1
f 1668/9/1 1666/9/1 1667/9/1
f 1669/8/1 1670/8/1 1672/8/1
f 1672/8/1 1670/8/1 1671/8/1
f 1673/8/1 1674/8/1 1676/8/1
f 1676/8/1 1674/8/1 1675/8/1
f 1677/8/1 1678/8/1 1680/8/1
f 1680/8/1 1678/8/1 1679/8/1
f 1681/11/1 1682/11/1 1684/11/1
f 1684/11/1 1682/11/1 1683/11/1
f 1685/8/1 1686/8/1 1688/8/1
f 1688/8/1 1686/8/1 1687/8/1
f 1689/8/1 1690/8/1 1692/8/1
f 1692/8/1 1690/8/1 1691/8/1
f 1682/11/1 1693/11/1 1695/11/1
f 1695/11/1 1693/11/1 1694/11/1
f 1696/8/1 1697/8/1 1699/8/1
f 1699/8/1 1697/8/1 1698/8/1
f 1700/1/1 1701/1/1 1702/1/1
f 1702/1/1 1701/1/1 1541/1/1
f 1703/1/1 1704/1/1 1706/1/1
f 1706/1/1 1704/1/1 1705/1/1
f 1704/10/1 1707/10/1 1705/10/1
f 1705/10/1 1707/10/1 1708/10/1
f 1709/10/1 1710/10/1 1712/10/1
f 1712/10/1 1710/10/1 1711/10/1
f 1710/1/1 1713/1/1 1711/1/1
f 1711/1/1 1713/1/1 1714/1/1
f 1715/1/1 1716/1/1 1551/1/1
f 1551/1/1 1716/1/1 1717/1/1
f 1718/9/1 1719/9/1 1721/9/1
f 1721/9/1 1719/9/1 1720/9/1
f 1722/8/1 1723/8/1 1725/8/1
f 1725/8/1 1723/8/1 1724/8/1
f 1726/8/1 1727/8/1 1729/8/1
f 1729/8/1 1727/8/1 1728/8/1
f 1730/8/1 1731/8/1 1733/8/1
f 1733/8/1 1731/8/1 1732/8/1
f 1734/8/1 1735/8/1 1737/8/1
f 1737/8/1 1735/8/1 1736/8/1
f 1738/8/1 1739/8/1 1741/8/1
f 1741/8/1 1739/8/1 1740/8/1
f 1742/9/1 1743/9/1 1745/9/1
f 1745/9/1 1743/9/1 1744/9/1
f 1746/8/1 1747/8/1 1749/8/1
f 1749/8/1 1747/8/1 1748/8/1
f 1750/3/1 1751/3/1 1753/3/1
f 1753/3/1 1751/3/1 1752/3/1
f 1754/5/1 1755/5/1 1616/5/1
f 1616/5/1 1755/5/1 1628/5/1
f 1756/5/1 1757/5/1 1622/5/1
f 1622/5/1 1757/5/1 1631/5/1
f 1758/3/1 1759/3/1 1761/3/1
f 1761/3/1 1759/3/1 1760/3/1
f 1762/6/1 1763/6/1 1765/6/1
f 1765/6/1 1763/6/1 1764/6/1
f 1766/6/1 1767/6/1 1769/6/1
f 1769/6/1 1767/6/1 1768/6/1
f 1770/8/1 1771/8/1 1773/8/1
f 1773/8/1 1771/8/1 1772/8/1
f 1774/3/1 1775/3/1 1777/3/1
f 1777/3/1 1775/3/1 1776/3/1
f 1778/1/1 1779/1/1 1701/1/1
f 1701/1/1 1779/1/1 1780/1/1
f 1781/10/1 1782/10/1 1504/10/1
f 1504/10/1 1782/10/1 1505/10/1
f 1783/1/1 1784/1/1 1785/1/1
f 1785/1/1 1784/1/1 1715/1/1
f 1786/8/1 1787/8/1 1789/8/1
f 1789/8/1 1787/8/1 1788/8/1
f 1790/6/1 1791/6/1 1793/6/1
f 1793/6/1 1791/6/1 1792/6/1
f 1794/6/1 1795/6/1 1797/6/1
f 1797/6/1 1795/6/1 1796/6/1
f 1798/3/1 1799/3/1 1801/3/1
f 1801/3/1 1799/3/1 1800/3/1
f 1802/6/1 1803/6/1 1805/6/1
f 1805/6/1 1803/6/1 1804/6/1
f 1806/6/1 1807/6/1 1809/6/1
f 1809/6/1 1807/6/1 1808/6/1
f 1810/1/1 1811/1/1 1812/1/1
f 1812/1/1 1811/1/1 1310/1/1
f 1813/3/1 1814/3/1 1816/3/1
f 1816/3/1 1814/3/1 1815/3/1
f 1817/9/1 1818/9/1 1820/9/1
f 1820/9/1 1818/9/1 1819/9/1
f 1821/11/1 1822/11/1 1824/11/1
f 1824/11/1 1822/11/1 1823/11/1
f 1825/8/1 1826/8/1 1774/8/1
f 1774/8/1 1826/8/1 1827/8/1
f 1828/1/1 1829/1/1 1779/1/1
f 1779/1/1 1829/1/1 1830/1/1
f 1831/1/1 1832/1/1 1781/1/1
f 1781/1/1 1832/1/1 1782/1/1
f 1833/1/1 1834/1/1 1835/1/1
f 1835/1/1 1834/1/1 1783/1/1
f 1836/11/1 1837/11/1 1839/11/1
f 1839/11/1 1837/11/1 1838/11/1
f 1840/9/1 1841/9/1 1843/9/1
f 1843/9/1 1841/9/1 1842/9/1
f 1844/6/1 1845/6/1 1847/6/1
f 1847/6/1 1845/6/1 1846/6/1
f 1848/3/1 1849/3/1 1619/3/1
f 1619/3/1 1849/3/1 1646/3/1
f 1850/6/1 1851/6/1 1853/6/1
f 1853/6/1 1851/6/1 1852/6/1
f 1854/3/1 1855/3/1 1857/3/1
f 1857/3/1 1855/3/1 1856/3/1
f 1858/1/1 1859/1/1 1861/1/1
f 1861/1/1 1859/1/1 1860/1/1
f 1862/5/1 1863/5/1 1865/5/1
f 1865/5/1 1863/5/1 1864/5/1
f 1866/3/1 1867/3/1 1869/3/1
f 1869/3/1 1867/3/1 1868/3/1
f 1870/5/1 1871/5/1 1873/5/1
f 1873/5/1 1871/5/1 1872/5/1
f 1874/1/1 1875/1/1 1876/1/1
f 1876/1/1 1875/1/1 1811/1/1
f 1877/3/1 1878/3/1 1879/3/1
f 1879/3/1 1878/3/1 1777/3/1
f 1878/3/1 1880/3/1 1825/3/1
f 1825/3/1 1880/3/1 1826/3/1
f 1881/11/1 1882/11/1 1884/11/1
f 1884/11/1 1882/11/1 1883/11/1
f 1882/11/1 1885/11/1 1886/11/1
f 1886/11/1 1885/11/1 1546/11/1
f 1887/1/1 1888/1/1 1829/1/1
f 1829/1/1 1888/1/1 1833/1/1
f 1889/7/1 1890/7/1 1892/7/1
f 1892/7/1 1890/7/1 1891/7/1
f 1893/6/1 1894/6/1 1896/6/1
f 1896/6/1 1894/6/1 1895/6/1
f 1897/3/1 1898/3/1 1900/3/1
f 1900/3/1 1898/3/1 1899/3/1
f 1901/6/1 1902/6/1 1904/6/1
f 1904/6/1 1902/6/1 1903/6/1
f 1905/6/1 1906/6/1 1908/6/1
f 1908/6/1 1906/6/1 1907/6/1
f 1909/6/1 1910/6/1 1912/6/1
f 1912/6/1 1910/6/1 1911/6/1
f 1913/6/1 1914/6/1 1916/6/1
f 1916/6/1 1914/6/1 1915/6/1
f 1917/6/1 1918/6/1 1920/6/1
f 1920/6/1 1918/6/1 1919/6/1
f 1921/5/1 1922/5/1 1923/5/1
f 1923/5/1 1922/5/1 1862/5/1
f 1924/3/1 1925/3/1 1926/3/1
f 1926/3/1 1925/3/1 1866/3/1
f 1927/5/1 1928/5/1 1929/5/1
f 1929/5/1 1928/5/1 1870/5/1
f 1930/1/1 1931/1/1 1933/1/1
f 1933/1/1 1931/1/1 1932/1/1
f 1934/5/1 1935/5/1 1863/5/1
f 1863/5/1 1935/5/1 1936/5/1
f 1937/3/1 1938/3/1 1867/3/1
f 1867/3/1 1938/3/1 1939/3/1
f 1940/5/1 1941/5/1 1871/5/1
f 1871/5/1 1941/5/1 1942/5/1
f 1943/8/1 1944/8/1 1946/8/1
f 1946/8/1 1944/8/1 1945/8/1
f 1947/9/1 1948/9/1 1818/9/1
f 1818/9/1 1948/9/1 1949/9/1
f 1950/11/1 1951/11/1 1952/11/1
f 1952/11/1 1951/11/1 1420/11/1
f 1953/3/1 1954/3/1 1956/3/1
f 1956/3/1 1954/3/1 1955/3/1
f 1957/9/1 1958/9/1 1960/9/1
f 1960/9/1 1958/9/1 1959/9/1
f 1961/8/1 1962/8/1 1964/8/1
f 1964/8/1 1962/8/1 1963/8/1
f 1965/11/1 1966/11/1 1968/11/1
f 1968/11/1 1966/11/1 1967/11/1
f 1969/9/1 1970/9/1 1971/9/1
f 1971/9/1 1970/9/1 1840/9/1
f 1972/1/1 1973/1/1 1891/1/1
f 1891/1/1 1973/1/1 1974/1/1
f 1975/3/1 1976/3/1 1978/3/1
f 1978/3/1 1976/3/1 1977/3/1
f 1979/3/1 1980/3/1 1982/3/1
f 1982/3/1 1980/3/1 1981/3/1
f 1983/3/1 1984/3/1 1986/3/1
f 1986/3/1 1984/3/1 1985/3/1
f 1987/5/1 1988/5/1 1922/5/1
f 1922/5/1 1988/5/1 1934/5/1
f 1989/5/1 1990/5/1 1928/5/1
f 1928/5/1 1990/5/1 1940/5/1
f 1991/8/1 1992/8/1 1953/8/1
f 1953/8/1 1992/8/1 1993/8/1
f 1994/1/1 1995/1/1 1997/1/1
f 1997/1/1 1995/1/1 1996/1/1
f 1998/8/1 1999/8/1 2001/8/1
f 2001/8/1 1999/8/1 2000/8/1
f 2002/1/1 2003/1/1 2005/1/1
f 2005/1/1 2003/1/1 2004/1/1
f 2006/1/1 2007/1/1 2009/1/1
f 2009/1/1 2007/1/1 2008/1/1
f 2010/5/1 2011/5/1 2013/5/1
f 2013/5/1 2011/5/1 2012/5/1
f 2014/7/1 2015/7/1 2016/7/1
f 2016/7/1 2015/7/1 1889/7/1
f 2017/9/1 2018/9/1 2019/9/1
f 2019/9/1 2018/9/1 1969/9/1
f 2020/1/1 2021/1/1 1973/1/1
f 1973/1/1 2021/1/1 2022/1/1
f 2023/3/1 2024/3/1 2026/3/1
f 2026/3/1 2024/3/1 2025/3/1
f 2027/6/1 2028/6/1 2030/6/1
f 2030/6/1 2028/6/1 2029/6/1
f 2031/6/1 2032/6/1 2034/6/1
f 2034/6/1 2032/6/1 2033/6/1
f 2035/6/1 2036/6/1 2038/6/1
f 2038/6/1 2036/6/1 2037/6/1
f 2039/8/1 2040/8/1 2042/8/1
f 2042/8/1 2040/8/1 2041/8/1
f 2043/1/1 2044/1/1 2046/1/1
f 2046/1/1 2044/1/1 2045/1/1
f 2047/9/1 2048/9/1 1948/9/1
f 1948/9/1 2048/9/1 2049/9/1
f 2050/11/1 2051/11/1 2053/11/1
f 2053/11/1 2051/11/1 2052/11/1
f 2054/3/1 2055/3/1 1827/3/1
f 1827/3/1 2055/3/1 1775/3/1
f 2055/3/1 2056/3/1 1991/3/1
f 1991/3/1 2056/3/1 1992/3/1
f 2056/3/1 2057/3/1 1993/3/1
f 1993/3/1 2057/3/1 1954/3/1
f 2058/11/1 2059/11/1 2061/11/1
f 2061/11/1 2059/11/1 2060/11/1
f 2059/11/1 2062/11/1 2064/11/1
f 2064/11/1 2062/11/1 2063/11/1
f 2065/8/1 2066/8/1 2068/8/1
f 2068/8/1 2066/8/1 2067/8/1
f 2062/11/1 2069/11/1 2071/11/1
f 2071/11/1 2069/11/1 2070/11/1
f 2069/11/1 2072/11/1 2073/11/1
f 2073/11/1 2072/11/1 1548/11/1
f 2072/11/1 2074/11/1 2076/11/1
f 2076/11/1 2074/11/1 2075/11/1
f 2077/7/1 2078/7/1 2079/7/1
f 2079/7/1 2078/7/1 2014/7/1
f 2074/11/1 2080/11/1 2082/11/1
f 2082/11/1 2080/11/1 2081/11/1
f 2078/2/1 2083/2/1 2014/2/1
f 2014/2/1 2083/2/1 2015/2/1
f 2083/8/1 2084/8/1 2015/8/1
f 2015/8/1 2084/8/1 2021/8/1
f 2084/6/1 2085/6/1 2021/6/1
f 2021/6/1 2085/6/1 2086/6/1
f 2040/8/1 2087/8/1 2088/8/1
f 2088/8/1 2087/8/1 1169/8/1
f 2087/8/1 2089/8/1 2091/8/1
f 2091/8/1 2089/8/1 2090/8/1
f 2089/1/1 2092/1/1 2090/1/1
f 2090/1/1 2092/1/1 2093/1/1
f 2092/1/1 2094/1/1 2095/1/1
f 2095/1/1 2094/1/1 1563/1/1
f 2094/1/1 2096/1/1 2098/1/1
f 2098/1/1 2096/1/1 2097/1/1
f 2096/1/1 2099/1/1 2101/1/1
f 2101/1/1 2099/1/1 2100/1/1
f 2099/1/1 2102/1/1 2104/1/1
f 2104/1/1 2102/1/1 2103/1/1
f 2105/3/1 2106/3/1 2108/3/1
f 2108/3/1 2106/3/1 2107/3/1
f 2102/1/1 2109/1/1 2110/1/1
f 2110/1/1 2109/1/1 1577/1/1
f 2111/3/1 2112/3/1 2114/3/1
f 2114/3/1 2112/3/1 2113/3/1
f 2109/1/1 2115/1/1 2117/1/1
f 2117/1/1 2115/1/1 2116/1/1
f 2118/6/1 2119/6/1 2121/6/1
f 2121/6/1 2119/6/1 2120/6/1
f 2122/3/1 2123/3/1 2125/3/1
f 2125/3/1 2123/3/1 2124/3/1
f 2126/6/1 2127/6/1 2129/6/1
f 2129/6/1 2127/6/1 2128/6/1
f 2115/1/1 2130/1/1 2132/1/1
f 2132/1/1 2130/1/1 2131/1/1
f 2133/3/1 2134/3/1 2136/3/1
f 2136/3/1 2134/3/1 2135/3/1
f 2130/1/1 2137/1/1 2139/1/1
f 2139/1/1 2137/1/1 2138/1/1
f 2137/1/1 2140/1/1 2142/1/1
f 2142/1/1 2140/1/1 2141/1/1
f 2140/1/1 2143/1/1 2145/1/1
f 2145/1/1 2143/1/1 2144/1/1
f 2143/1/1 2146/1/1 2148/1/1
f 2148/1/1 2146/1/1 2147/1/1
f 2146/1/1 2149/1/1 2151/1/1
f 2151/1/1 2149/1/1 2150/1/1
f 2152/3/1 2153/3/1 2155/3/1
f 2155/3/1 2153/3/1 2154/3/1
f 2149/1/1 2156/1/1 2158/1/1
f 2158/1/1 2156/1/1 2157/1/1
f 2159/6/1 2160/6/1 2162/6/1
f 2162/6/1 2160/6/1 2161/6/1
f 2163/3/1 2164/3/1 1925/3/1
f 1925/3/1 2164/3/1 1937/3/1
f 2165/6/1 2166/6/1 2168/6/1
f 2168/6/1 2166/6/1 2167/6/1
f 2156/1/1 2169/1/1 2171/1/1
f 2171/1/1 2169/1/1 2170/1/1
f 2172/3/1 2173/3/1 2175/3/1
f 2175/3/1 2173/3/1 2174/3/1
f 2176/10/2 2177/10/2 2179/10/2
f 2179/10/2 2177/10/2 2178/10/2
f 2180/1/2 2181/1/2 2183/1/2
f 2183/1/2 2181/1/2 2182/1/2
f 2184/1/2 2185/1/2 2187/1/2
f 2187/1/2 2185/1/2 2186/1/2
f 2188/1/2 2189/1/2 2191/1/2
f 2191/1/2 2189/1/2 2190/1/2
f 2192/9/2 2193/9/2 2195/9/2
f 2195/9/2 2193/9/2 2194/9/2
f 2196/9/2 2197/9/2 2199/9/2
f 2199/9/2 2197/9/2 2198/9/2
f 2200/9/2 2201/9/2 2203/9/2
f 2203/9/2 2201/9/2 2202/9/2
f 2204/9/2 2205/9/2 2207/9/2
f 2207/9/2 2205/9/2 2206/9/2
f 2208/9/2 2209/9/2 2211/9/2
f 2211/9/2 2209/9/2 2210/9/2
f 2212/9/2 2213/9/2 2215/9/2
f 2215/9/2 2213/9/2 2214/9/2
f 2216/9/2 2217/9/2 2219/9/2
f 2219/9/2 2217/9/2 2218/9/2
f 2220/9/2 2221/9/2 2223/9/2
f 2223/9/2 2221/9/2 2222/9/2
f 2224/9/2 2225/9/2 2227/9/2
f 2227/9/2 2225/9/2 2226/9/2
f 2228/9/2 2229/9/2 2231/9/2
f 2231/9/2 2229/9/2 2230/9/2
f 2232/9/2 2233/9/2 2235/9/2
f 2235/9/2 2233/9/2 2234/9/2
f 2236/9/2 2237/9/2 2239/9/2
f 2239/9/2 2237/9/2 2238/9/2
f 2240/9/2 2241/9/2 2243/9/2
f 2243/9/2 2241/9/2 2242/9/2
f 2244/9/2 2245/9/2 2247/9/2
f 2247/9/2 2245/9/2 2246/9/2
f 202/1/2 2248/1/2 201/1/2
f 201/1/2 2248/1/2 2249/1/2
f 2250/9/2 2251/9/2 2253/9/2
f 2253/9/2 2251/9/2 2252/9/2
f 2254/9/2 2255/9/2 2257/9/2
f 2257/9/2 2255/9/2 2256/9/2
f 2258/9/2 2259/9/2 2261/9/2
f 2261/9/2 2259/9/2 2260/9/2
f 2262/9/2 2263/9/2 2265/9/2
f 2265/9/2 2263/9/2 2264/9/2
f 2266/9/2 2267/9/2 2269/9/2
f 2269/9/2 2267/9/2 2268/9/2
f 2270/9/2 2271/9/2 2273/9/2
f 2273/9/2 2271/9/2 2272/9/2
f 2274/1/2 2275/1/2 2277/1/2
f 2277/1/2 2275/1/2 2276/1/2
f 2278/10/2 2279/10/2 2281/10/2
f 2281/10/2 2279/10/2 2280/10/2
f 2282/10/2 2283/10/2 2285/10/2
f 2285/10/2 2283/10/2 2284/10/2
f 2286/10/2 2287/10/2 2289/10/2
f 2289/10/2 2287/10/2 2288/10/2
f 2290/1/2 2291/1/2 199/1/2
f 199/1/2 2291/1/2 202/1/2
f 200/1/2 201/1/2 2293/1/2
f 2293/1/2 201/1/2 2292/1/2
f 2294/9/2 2295/9/2 2297/9/2
f 2297/9/2 2295/9/2 2296/9/2
f 2298/1/2 2299/1/2 2301/1/2
f 2301/1/2 2299/1/2 2300/1/2
f 2302/9/2 2303/9/2 2305/9/2
f 2305/9/2 2303/9/2 2304/9/2
f 2306/9/2 2307/9/2 2309/9/2
f 2309/9/2 2307/9/2 2308/9/2
f 2310/1/2 199/1/2 2311/1/2
f 2311/1/2 199/1/2 200/1/2
f 2312/1/2 2313/1/2 2315/1/2
f 2315/1/2 2313/1/2 2314/1/2
f 2316/9/2 2317/9/2 252/9/2
f 252/9/2 2317/9/2 255/9/2
f 2318/9/2 2319/9/2 2321/9/2
f 2321/9/2 2319/9/2 2320/9/2
f 253/9/2 254/9/2 2323/9/2
f 2323/9/2 254/9/2 2322/9/2
f 2324/10/2 2325/10/2 2326/10/2
f 2326/10/2 2325/10/2 2278/10/2
f 2327/10/2 2328/10/2 2330/10/2
f 2330/10/2 2328/10/2 2329/10/2
f 2331/10/2 2289/10/2 2333/10/2
f 2333/10/2 2289/10/2 2332/10/2
f 2334/10/2 2326/10/2 2336/10/2
f 2336/10/2 2326/10/2 2335/10/2
f 2337/10/2 2338/10/2 2340/10/2
f 2340/10/2 2338/10/2 2339/10/2
f 2341/10/2 2342/10/2 2343/10/2
f 2343/10/2 2342/10/2 2331/10/2
f 2344/1/2 2345/1/2 2347/1/2
f 2347/1/2 2345/1/2 2346/1/2
f 2348/1/2 2349/1/2 2351/1/2
f 2351/1/2 2349/1/2 2350/1/2
f 2352/1/2 2353/1/2 2355/1/2
f 2355/1/2 2353/1/2 2354/1/2
f 2356/10/2 2357/10/2 2359/10/2
f 2359/10/2 2357/10/2 2358/10/2
f 2360/1/2 227/1/2 2361/1/2
f 2361/1/2 227/1/2 234/1/2
f 2362/9/2 2363/9/2 338/9/2
f 338/9/2 2363/9/2 341/9/2
f 2364/10/2 2365/10/2 2366/10/2
f 2366/10/2 2365/10/2 2318/10/2
f 2367/10/2 2321/10/2 2369/10/2
f 2369/10/2 2321/10/2 2368/10/2
f 343/9/2 344/9/2 2371/9/2
f 2371/9/2 344/9/2 2370/9/2
f 2372/1/2 2373/1/2 2374/1/2
f 2374/1/2 2373/1/2 2344/1/2
f 2375/1/2 2376/1/2 2377/1/2
f 2377/1/2 2376/1/2 2348/1/2
f 2378/10/2 2379/10/2 2380/10/2
f 2380/10/2 2379/10/2 2357/10/2
f 2381/1/2 2382/1/2 2383/1/2
f 2383/1/2 2382/1/2 2352/1/2
f 2384/1/2 2385/1/2 2387/1/2
f 2387/1/2 2385/1/2 2386/1/2
f 2388/1/2 2347/1/2 2390/1/2
f 2390/1/2 2347/1/2 2389/1/2
f 2391/1/2 2351/1/2 2393/1/2
f 2393/1/2 2351/1/2 2392/1/2
f 2394/1/2 2355/1/2 2396/1/2
f 2396/1/2 2355/1/2 2395/1/2
f 2397/1/2 2398/1/2 2400/1/2
f 2400/1/2 2398/1/2 2399/1/2
f 2401/10/2 2402/10/2 2403/10/2
f 2403/10/2 2402/10/2 2359/10/2
f 496/1/2 2404/1/2 495/1/2
f 495/1/2 2404/1/2 2405/1/2
f 2406/9/2 2407/9/2 2409/9/2
f 2409/9/2 2407/9/2 2408/9/2
f 2410/10/2 2411/10/2 2413/10/2
f 2413/10/2 2411/10/2 2412/10/2
f 2414/10/2 2415/10/2 2417/10/2
f 2417/10/2 2415/10/2 2416/10/2
f 2418/10/2 2419/10/2 2421/10/2
f 2421/10/2 2419/10/2 2420/10/2
f 2422/9/2 2423/9/2 449/9/2
f 449/9/2 2423/9/2 452/9/2
f 2424/10/2 2425/10/2 2426/10/2
f 2426/10/2 2425/10/2 2364/10/2
f 2427/10/2 2369/10/2 2429/10/2
f 2429/10/2 2369/10/2 2428/10/2
f 454/9/2 455/9/2 2431/9/2
f 2431/9/2 455/9/2 2430/9/2
f 2432/10/2 2433/10/2 2434/10/2
f 2434/10/2 2433/10/2 2410/10/2
f 2435/10/2 2436/10/2 2438/10/2
f 2438/10/2 2436/10/2 2437/10/2
f 2439/10/2 2421/10/2 2441/10/2
f 2441/10/2 2421/10/2 2440/10/2
f 2442/1/2 2443/1/2 493/1/2
f 493/1/2 2443/1/2 496/1/2
f 494/1/2 495/1/2 2445/1/2
f 2445/1/2 495/1/2 2444/1/2
f 2446/10/2 2447/10/2 2449/10/2
f 2449/10/2 2447/10/2 2448/10/2
f 2450/10/2 2451/10/2 2453/10/2
f 2453/10/2 2451/10/2 2452/10/2
f 2454/10/2 2434/10/2 2456/10/2
f 2456/10/2 2434/10/2 2455/10/2
f 2457/10/2 2458/10/2 2460/10/2
f 2460/10/2 2458/10/2 2459/10/2
f 2461/10/2 2462/10/2 2463/10/2
f 2463/10/2 2462/10/2 2439/10/2
f 2464/1/2 2465/1/2 2466/1/2
f 2466/1/2 2465/1/2 2372/1/2
f 2467/1/2 2468/1/2 2469/1/2
f 2469/1/2 2468/1/2 2375/1/2
f 2470/1/2 2471/1/2 2472/1/2
f 2472/1/2 2471/1/2 2381/1/2
f 2473/1/2 2390/1/2 2475/1/2
f 2475/1/2 2390/1/2 2474/1/2
f 2476/1/2 2393/1/2 2478/1/2
f 2478/1/2 2393/1/2 2477/1/2
f 2479/1/2 2396/1/2 2481/1/2
f 2481/1/2 2396/1/2 2480/1/2
f 2482/1/2 493/1/2 2483/1/2
f 2483/1/2 493/1/2 494/1/2
f 2484/1/2 2485/1/2 2487/1/2
f 2487/1/2 2485/1/2 2486/1/2
f 2488/1/2 2466/1/2 2490/1/2
f 2490/1/2 2466/1/2 2489/1/2
f 2491/1/2 2469/1/2 2493/1/2
f 2493/1/2 2469/1/2 2492/1/2
f 2494/1/2 2472/1/2 2496/1/2
f 2496/1/2 2472/1/2 2495/1/2
f 2497/1/2 2498/1/2 2499/1/2
f 2499/1/2 2498/1/2 2473/1/2
f 2500/1/2 2501/1/2 2502/1/2
f 2502/1/2 2501/1/2 2476/1/2
f 2503/1/2 2504/1/2 2505/1/2
f 2505/1/2 2504/1/2 2479/1/2
f 2506/10/2 2507/10/2 2508/10/2
f 2508/10/2 2507/10/2 2424/10/2
f 2509/10/2 2429/10/2 2511/10/2
f 2511/10/2 2429/10/2 2510/10/2
f 2512/10/2 2513/10/2 2515/10/2
f 2515/10/2 2513/10/2 2514/10/2
f 2516/10/2 2517/10/2 2519/10/2
f 2519/10/2 2517/10/2 2518/10/2
f 2520/10/2 2521/10/2 2523/10/2
f 2523/10/2 2521/10/2 2522/10/2
f 2524/1/2 2490/1/2 2525/1/2
f 2525/1/2 2490/1/2 2497/1/2
f 2526/1/2 2493/1/2 2527/1/2
f 2527/1/2 2493/1/2 2500/1/2
f 2528/1/2 2496/1/2 2529/1/2
f 2529/1/2 2496/1/2 2503/1/2
f 2530/10/2 2531/10/2 2533/10/2
f 2533/10/2 2531/10/2 2532/10/2
f 2534/10/2 2535/10/2 2537/10/2
f 2537/10/2 2535/10/2 2536/10/2
f 2538/10/2 2539/10/2 2541/10/2
f 2541/10/2 2539/10/2 2540/10/2
f 812/1/2 2542/1/2 811/1/2
f 811/1/2 2542/1/2 2543/1/2
f 2544/10/2 2545/10/2 2547/10/2
f 2547/10/2 2545/10/2 2546/10/2
f 2548/4/2 2549/4/2 665/4/2
f 665/4/2 2549/4/2 668/4/2
f 2550/4/2 2551/4/2 2553/4/2
f 2553/4/2 2551/4/2 2552/4/2
f 662/4/2 663/4/2 673/4/2
f 673/4/2 663/4/2 676/4/2
f 666/4/2 667/4/2 677/4/2
f 677/4/2 667/4/2 680/4/2
f 2554/4/2 2555/4/2 685/4/2
f 685/4/2 2555/4/2 688/4/2
f 674/4/2 675/4/2 2557/4/2
f 2557/4/2 675/4/2 2556/4/2
f 2558/4/2 2559/4/2 693/4/2
f 693/4/2 2559/4/2 696/4/2
f 682/4/2 683/4/2 2561/4/2
f 2561/4/2 683/4/2 2560/4/2
f 690/4/2 691/4/2 709/4/2
f 709/4/2 691/4/2 712/4/2
f 698/4/2 699/4/2 2563/4/2
f 2563/4/2 699/4/2 2562/4/2
f 2564/4/2 2565/4/2 717/4/2
f 717/4/2 2565/4/2 720/4/2
f 706/4/2 707/4/2 2567/4/2
f 2567/4/2 707/4/2 2566/4/2
f 2568/4/2 2569/4/2 721/4/2
f 721/4/2 2569/4/2 724/4/2
f 714/4/2 715/4/2 725/4/2
f 725/4/2 715/4/2 728/4/2
f 2570/4/2 2571/4/2 2573/4/2
f 2573/4/2 2571/4/2 2572/4/2
f 2574/10/2 2575/10/2 2576/10/2
f 2576/10/2 2575/10/2 2512/10/2
f 2577/10/2 2578/10/2 2580/10/2
f 2580/10/2 2578/10/2 2579/10/2
f 2581/10/2 2523/10/2 2583/10/2
f 2583/10/2 2523/10/2 2582/10/2
f 2584/4/2 2585/4/2 2586/4/2
f 2586/4/2 2585/4/2 674/4/2
f 2587/4/2 723/4/2 2589/4/2
f 2589/4/2 723/4/2 2588/4/2
f 2590/10/2 2576/10/2 2592/10/2
f 2592/10/2 2576/10/2 2591/10/2
f 2593/9/2 2594/9/2 2596/9/2
f 2596/9/2 2594/9/2 2595/9/2
f 2597/10/2 2598/10/2 2600/10/2
f 2600/10/2 2598/10/2 2599/10/2
f 2601/10/2 2602/10/2 2603/10/2
f 2603/10/2 2602/10/2 2581/10/2
f 2604/9/2 2605/9/2 2607/9/2
f 2607/9/2 2605/9/2 2606/9/2
f 2608/4/2 2609/4/2 2610/4/2
f 2610/4/2 2609/4/2 2584/4/2
f 2611/9/2 2612/9/2 2614/9/2
f 2614/9/2 2612/9/2 2613/9/2
f 2615/1/2 2616/1/2 809/1/2
f 809/1/2 2616/1/2 812/1/2
f 810/1/2 811/1/2 2618/1/2
f 2618/1/2 811/1/2 2617/1/2
f 2619/9/2 2620/9/2 2622/9/2
f 2622/9/2 2620/9/2 2621/9/2
f 2623/4/2 2624/4/2 2625/4/2
f 2625/4/2 2624/4/2 2608/4/2
f 2626/9/2 2627/9/2 2629/9/2
f 2629/9/2 2627/9/2 2628/9/2
f 2630/1/2 809/1/2 2631/1/2
f 2631/1/2 809/1/2 810/1/2
f 2632/9/2 2633/9/2 2635/9/2
f 2635/9/2 2633/9/2 2634/9/2
f 2636/4/2 2637/4/2 2638/4/2
f 2638/4/2 2637/4/2 2623/4/2
f 2639/9/2 2640/9/2 2642/9/2
f 2642/9/2 2640/9/2 2641/9/2
f 2643/9/2 2644/9/2 2646/9/2
f 2646/9/2 2644/9/2 2645/9/2
f 2647/4/2 2648/4/2 2649/4/2
f 2649/4/2 2648/4/2 2636/4/2
f 2650/10/2 2651/10/2 2653/10/2
f 2653/10/2 2651/10/2 2652/10/2
f 2654/9/2 2655/9/2 2657/9/2
f 2657/9/2 2655/9/2 2656/9/2
f 2658/10/2 2659/10/2 2661/10/2
f 2661/10/2 2659/10/2 2660/10/2
f 2662/10/2 2663/10/2 2665/10/2
f 2665/10/2 2663/10/2 2664/10/2
f 2666/9/2 2667/9/2 2669/9/2
f 2669/9/2 2667/9/2 2668/9/2
f 2670/10/2 2671/10/2 2673/10/2
f 2673/10/2 2671/10/2 2672/10/2
f 958/4/2 2674/4/2 957/4/2
f 957/4/2 2674/4/2 2647/4/2
f 2675/10/2 2676/10/2 2678/10/2
f 2678/10/2 2676/10/2 2677/10/2
f 2679/10/2 2680/10/2 2682/10/2
f 2682/10/2 2680/10/2 2681/10/2
f 2683/4/2 2684/4/2 955/4/2
f 955/4/2 2684/4/2 958/4/2
f 2685/4/2 2686/4/2 959/4/2
f 959/4/2 2686/4/2 962/4/2
f 2687/4/2 2688/4/2 963/4/2
f 963/4/2 2688/4/2 966/4/2
f 2689/4/2 2690/4/2 967/4/2
f 967/4/2 2690/4/2 970/4/2
f 2691/4/2 2692/4/2 971/4/2
f 971/4/2 2692/4/2 974/4/2
f 2693/4/2 2694/4/2 975/4/2
f 975/4/2 2694/4/2 978/4/2
f 2695/4/2 2696/4/2 979/4/2
f 979/4/2 2696/4/2 982/4/2
f 2697/4/2 2698/4/2 2700/4/2
f 2700/4/2 2698/4/2 2699/4/2
f 2701/4/2 2702/4/2 2704/4/2
f 2704/4/2 2702/4/2 2703/4/2
f 984/4/2 985/4/2 2706/4/2
f 2706/4/2 985/4/2 2705/4/2
f 2707/4/2 955/4/2 2708/4/2
f 2708/4/2 955/4/2 956/4/2
f 2709/9/2 2710/9/2 2712/9/2
f 2712/9/2 2710/9/2 2711/9/2
f 2713/9/2 2714/9/2 2716/9/2
f 2716/9/2 2714/9/2 2715/9/2
f 2717/9/2 2718/9/2 2720/9/2
f 2720/9/2 2718/9/2 2719/9/2
f 2721/9/2 2722/9/2 2724/9/2
f 2724/9/2 2722/9/2 2723/9/2
f 2725/9/2 2726/9/2 2728/9/2
f 2728/9/2 2726/9/2 2727/9/2
f 2729/9/2 2730/9/2 2732/9/2
f 2732/9/2 2730/9/2 2731/9/2
f 2733/9/2 2734/9/2 2736/9/2
f 2736/9/2 2734/9/2 2735/9/2
f 2737/9/2 2738/9/2 2740/9/2
f 2740/9/2 2738/9/2 2739/9/2
f 2741/9/2 2742/9/2 2744/9/2
f 2744/9/2 2742/9/2 2743/9/2
f 2745/9/2 2746/9/2 2748/9/2
f 2748/9/2 2746/9/2 2747/9/2
f 2749/4/2 2708/4/2 2751/4/2
f 2751/4/2 2708/4/2 2750/4/2
f 2752/10/2 2753/10/2 2755/10/2
f 2755/10/2 2753/10/2 2754/10/2
f 2755/10/2 2756/10/2 2757/10/2
f 2757/10/2 2756/10/2 2379/10/2
f 2757/10/2 2758/10/2 2760/10/2
f 2760/10/2 2758/10/2 2759/10/2
f 2760/10/2 2761/10/2 2763/10/2
f 2763/10/2 2761/10/2 2762/10/2
f 2763/10/2 2764/10/2 2766/10/2
f 2766/10/2 2764/10/2 2765/10/2
f 2766/10/2 2767/10/2 2768/10/2
f 2768/10/2 2767/10/2 2403/10/2
f 2768/10/2 2769/10/2 2771/10/2
f 2771/10/2 2769/10/2 2770/10/2
f 2772/1/2 2773/1/2 2775/1/2
f 2775/1/2 2773/1/2 2774/1/2
f 2776/4/2 2751/4/2 2778/4/2
f 2778/4/2 2751/4/2 2777/4/2
f 2775/8/2 2774/8/2 2780/8/2
f 2780/8/2 2774/8/2 2779/8/2
f 2781/4/2 2778/4/2 2783/4/2
f 2783/4/2 2778/4/2 2782/4/2
f 2784/4/2 2783/4/2 2786/4/2
f 2786/4/2 2783/4/2 2785/4/2
f 1202/4/2 2787/4/2 1201/4/2
f 1201/4/2 2787/4/2 2586/4/2
f 1248/4/2 721/4/2 1247/4/2
f 1247/4/2 721/4/2 722/4/2
f 2788/4/2 2789/4/2 1193/4/2
f 1193/4/2 2789/4/2 1196/4/2
f 1186/4/2 1187/4/2 2791/4/2
f 2791/4/2 1187/4/2 2790/4/2
f 2792/4/2 2793/4/2 2795/4/2
f 2795/4/2 2793/4/2 2794/4/2
f 2791/4/2 2786/4/2 1199/4/2
f 1199/4/2 2786/4/2 2796/4/2
f 1194/4/2 1195/4/2 1203/4/2
f 1203/4/2 1195/4/2 1206/4/2
f 2797/4/2 2798/4/2 1210/4/2
f 1210/4/2 2798/4/2 1213/4/2
f 1200/4/2 1201/4/2 2800/4/2
f 2800/4/2 1201/4/2 2799/4/2
f 2801/4/2 2802/4/2 1218/4/2
f 1218/4/2 2802/4/2 1221/4/2
f 1208/4/2 1209/4/2 2804/4/2
f 2804/4/2 1209/4/2 2803/4/2
f 1215/4/2 1216/4/2 1234/4/2
f 1234/4/2 1216/4/2 1237/4/2
f 1223/4/2 1224/4/2 2806/4/2
f 2806/4/2 1224/4/2 2805/4/2
f 2807/4/2 2808/4/2 1242/4/2
f 1242/4/2 2808/4/2 1244/4/2
f 1231/4/2 1232/4/2 2810/4/2
f 2810/4/2 1232/4/2 2809/4/2
f 2811/4/2 2812/4/2 1245/4/2
f 1245/4/2 2812/4/2 1248/4/2
f 1239/4/2 1240/4/2 1249/4/2
f 1249/4/2 1240/4/2 1252/4/2
f 2813/4/2 2814/4/2 2816/4/2
f 2816/4/2 2814/4/2 2815/4/2
f 1246/4/2 2817/4/2 2819/4/2
f 2819/4/2 2817/4/2 2818/4/2
f 2820/10/2 2821/10/2 2822/10/2
f 2822/10/2 2821/10/2 2531/10/2
f 2823/10/2 2824/10/2 2825/10/2
f 2825/10/2 2824/10/2 2537/10/2
f 1271/8/2 1272/8/2 1282/8/2
f 1282/8/2 1272/8/2 1285/8/2
f 1886/9/2 2826/9/2 1513/9/2
f 1513/9/2 2826/9/2 2827/9/2
f 2828/7/2 2829/7/2 2831/7/2
f 2831/7/2 2829/7/2 2830/7/2
f 2832/10/2 2833/10/2 2835/10/2
f 2835/10/2 2833/10/2 2834/10/2
f 2836/10/2 2837/10/2 2839/10/2
f 2839/10/2 2837/10/2 2838/10/2
f 1395/9/2 2840/9/2 1394/9/2
f 1394/9/2 2840/9/2 1886/9/2
f 2841/8/2 1278/8/2 2842/8/2
f 2842/8/2 1278/8/2 1279/8/2
f 2076/9/2 1513/9/2 2075/9/2
f 2075/9/2 1513/9/2 2843/9/2
f 2844/1/2 2830/1/2 2846/1/2
f 2846/1/2 2830/1/2 2845/1/2
f 2847/10/2 2848/10/2 2850/10/2
f 2850/10/2 2848/10/2 2849/10/2
f 2850/9/2 2851/9/2 2853/9/2
f 2853/9/2 2851/9/2 2852/9/2
f 2853/10/2 2854/10/2 2856/10/2
f 2856/10/2 2854/10/2 2855/10/2
f 1422/9/2 2857/9/2 1391/9/2
f 1391/9/2 2857/9/2 1395/9/2
f 2858/8/2 1315/8/2 2859/8/2
f 2859/8/2 1315/8/2 1316/8/2
f 2860/5/2 2861/5/2 2863/5/2
f 2863/5/2 2861/5/2 2862/5/2
f 2082/9/2 2075/9/2 2081/9/2
f 2081/9/2 2075/9/2 2864/9/2
f 2865/7/2 2866/7/2 2867/7/2
f 2867/7/2 2866/7/2 2828/7/2
f 2868/1/2 2846/1/2 2870/1/2
f 2870/1/2 2846/1/2 2869/1/2
f 2871/10/2 2872/10/2 2873/10/2
f 2873/10/2 2872/10/2 2506/10/2
f 2874/10/2 2875/10/2 2877/10/2
f 2877/10/2 2875/10/2 2876/10/2
f 2877/9/2 2876/9/2 2879/9/2
f 2879/9/2 2876/9/2 2878/9/2
f 2879/10/2 2878/10/2 2881/10/2
f 2881/10/2 2878/10/2 2880/10/2
f 2882/10/2 2511/10/2 2884/10/2
f 2884/10/2 2511/10/2 2883/10/2
f 2885/1/2 2886/1/2 2888/1/2
f 2888/1/2 2886/1/2 2887/1/2
f 2889/8/2 1350/8/2 2890/8/2
f 2890/8/2 1350/8/2 1351/8/2
f 2891/5/2 2863/5/2 2893/5/2
f 2893/5/2 2863/5/2 2892/5/2
f 2894/5/2 2895/5/2 2897/5/2
f 2897/5/2 2895/5/2 2896/5/2
f 2898/10/2 2873/10/2 2900/10/2
f 2900/10/2 2873/10/2 2899/10/2
f 2900/9/2 2899/9/2 2902/9/2
f 2902/9/2 2899/9/2 2901/9/2
f 2902/10/2 2901/10/2 2903/10/2
f 2903/10/2 2901/10/2 2882/10/2
f 1952/9/2 2904/9/2 1420/9/2
f 1420/9/2 2904/9/2 1422/9/2
f 2905/8/2 1396/8/2 2906/8/2
f 2906/8/2 1396/8/2 1397/8/2
f 2907/5/2 2908/5/2 2909/5/2
f 2909/5/2 2908/5/2 2891/5/2
f 1968/9/2 2081/9/2 1967/9/2
f 1967/9/2 2081/9/2 2910/9/2
f 2911/1/2 2912/1/2 2914/1/2
f 2914/1/2 2912/1/2 2913/1/2
f 2915/3/2 2916/3/2 2918/3/2
f 2918/3/2 2916/3/2 2917/3/2
f 2919/8/2 1430/8/2 2920/8/2
f 2920/8/2 1430/8/2 1431/8/2
f 2921/7/2 2922/7/2 2924/7/2
f 2924/7/2 2922/7/2 2923/7/2
f 1487/6/2 2925/6/2 1486/6/2
f 1486/6/2 2925/6/2 2926/6/2
f 1824/9/2 2927/9/2 1823/9/2
f 1823/9/2 2927/9/2 1952/9/2
f 2928/1/2 1449/1/2 2929/1/2
f 2929/1/2 1449/1/2 1450/1/2
f 2930/7/2 2924/7/2 2932/7/2
f 2932/7/2 2924/7/2 2931/7/2
f 1839/9/2 1967/9/2 1838/9/2
f 1838/9/2 1967/9/2 2933/9/2
f 2932/1/2 2934/1/2 2935/1/2
f 2935/1/2 2934/1/2 2911/1/2
f 1525/6/2 2936/6/2 1524/6/2
f 1524/6/2 2936/6/2 2937/6/2
f 2938/6/2 1455/6/2 2939/6/2
f 2939/6/2 1455/6/2 1456/6/2
f 2940/1/2 2941/1/2 2942/1/2
f 2942/1/2 2941/1/2 2928/1/2
f 2943/9/2 2944/9/2 2946/9/2
f 2946/9/2 2944/9/2 2945/9/2
f 2947/1/2 2948/1/2 2950/1/2
f 2950/1/2 2948/1/2 2949/1/2
f 2951/1/2 2929/1/2 2953/1/2
f 2953/1/2 2929/1/2 2952/1/2
f 2954/1/2 2955/1/2 2957/1/2
f 2957/1/2 2955/1/2 2956/1/2
f 2958/3/2 2959/3/2 2961/3/2
f 2961/3/2 2959/3/2 2960/3/2
f 1567/6/2 2962/6/2 1566/6/2
f 1566/6/2 2962/6/2 2963/6/2
f 2964/6/2 1488/6/2 2965/6/2
f 2965/6/2 1488/6/2 1489/6/2
f 2966/3/2 2967/3/2 2969/3/2
f 2969/3/2 2967/3/2 2968/3/2
f 2970/1/2 2971/1/2 2972/1/2
f 2972/1/2 2971/1/2 2940/1/2
f 2973/1/2 2974/1/2 2975/1/2
f 2975/1/2 2974/1/2 2947/1/2
f 2976/1/2 2950/1/2 2978/1/2
f 2978/1/2 2950/1/2 2977/1/2
f 2979/1/2 2953/1/2 2981/1/2
f 2981/1/2 2953/1/2 2980/1/2
f 2982/3/2 2983/3/2 2985/3/2
f 2985/3/2 2983/3/2 2984/3/2
f 2986/3/2 2987/3/2 2989/3/2
f 2989/3/2 2987/3/2 2988/3/2
f 1627/5/2 1526/5/2 1626/5/2
f 1626/5/2 1526/5/2 1527/5/2
f 2990/3/2 2991/3/2 2993/3/2
f 2993/3/2 2991/3/2 2992/3/2
f 2994/3/2 2995/3/2 2997/3/2
f 2997/3/2 2995/3/2 2996/3/2
f 2998/9/2 2999/9/2 3001/9/2
f 3001/9/2 2999/9/2 3000/9/2
f 3002/3/2 3003/3/2 3005/3/2
f 3005/3/2 3003/3/2 3004/3/2
f 3006/6/2 3007/6/2 1599/6/2
f 1599/6/2 3007/6/2 1602/6/2
f 3008/6/2 3009/6/2 1607/6/2
f 1607/6/2 3009/6/2 1610/6/2
f 1596/6/2 1597/6/2 3011/6/2
f 3011/6/2 1597/6/2 3010/6/2
f 3012/6/2 3013/6/2 1615/6/2
f 1615/6/2 3013/6/2 1617/6/2
f 1604/6/2 1605/6/2 3015/6/2
f 3015/6/2 1605/6/2 3014/6/2
f 3016/3/2 3017/3/2 3018/3/2
f 3018/3/2 3017/3/2 2986/3/2
f 1612/5/2 1613/5/2 1624/5/2
f 1624/5/2 1613/5/2 1627/5/2
f 1625/5/2 1626/5/2 1638/5/2
f 1638/5/2 1626/5/2 1641/5/2
f 1629/6/2 1630/6/2 3020/6/2
f 3020/6/2 1630/6/2 3019/6/2
f 3021/6/2 3022/6/2 1649/6/2
f 1649/6/2 3022/6/2 1652/6/2
f 1635/6/2 1636/6/2 3024/6/2
f 3024/6/2 1636/6/2 3023/6/2
f 3025/3/2 2989/3/2 3027/3/2
f 3027/3/2 2989/3/2 3026/3/2
f 3028/6/2 3029/6/2 1653/6/2
f 1653/6/2 3029/6/2 1656/6/2
f 1643/6/2 1644/6/2 3031/6/2
f 3031/6/2 1644/6/2 3030/6/2
f 3032/3/2 3033/3/2 3035/3/2
f 3035/3/2 3033/3/2 3034/3/2
f 1765/6/2 3036/6/2 1764/6/2
f 1764/6/2 3036/6/2 3037/6/2
f 1773/8/2 1537/8/2 1772/8/2
f 1772/8/2 1537/8/2 1538/8/2
f 1670/8/2 1671/8/2 3039/8/2
f 3039/8/2 1671/8/2 3038/8/2
f 1674/8/2 1675/8/2 3041/8/2
f 3041/8/2 1675/8/2 3040/8/2
f 1678/8/2 1679/8/2 3043/8/2
f 3043/8/2 1679/8/2 3042/8/2
f 1686/8/2 1687/8/2 3045/8/2
f 3045/8/2 1687/8/2 3044/8/2
f 1690/8/2 1691/8/2 3047/8/2
f 3047/8/2 1691/8/2 3046/8/2
f 1697/1/2 1698/1/2 3048/1/2
f 3048/1/2 1698/1/2 2970/1/2
f 3049/1/2 3050/1/2 3051/1/2
f 3051/1/2 3050/1/2 2973/1/2
f 3052/1/2 3053/1/2 3055/1/2
f 3055/1/2 3053/1/2 3054/1/2
f 3056/1/2 3057/1/2 3059/1/2
f 3059/1/2 3057/1/2 3058/1/2
f 3060/1/2 2978/1/2 3062/1/2
f 3062/1/2 2978/1/2 3061/1/2
f 3063/1/2 2981/1/2 1722/1/2
f 1722/1/2 2981/1/2 1725/1/2
f 3064/9/2 3065/9/2 3067/9/2
f 3067/9/2 3065/9/2 3066/9/2
f 3068/8/2 3069/8/2 1726/8/2
f 1726/8/2 3069/8/2 1729/8/2
f 3070/8/2 3071/8/2 1730/8/2
f 1730/8/2 3071/8/2 1733/8/2
f 3072/8/2 3073/8/2 1734/8/2
f 1734/8/2 3073/8/2 1737/8/2
f 3074/8/2 3075/8/2 1738/8/2
f 1738/8/2 3075/8/2 1741/8/2
f 3076/8/2 3077/8/2 1746/8/2
f 1746/8/2 3077/8/2 1749/8/2
f 1789/8/2 1553/8/2 1788/8/2
f 1788/8/2 1553/8/2 1554/8/2
f 3078/3/2 3079/3/2 3081/3/2
f 3081/3/2 3079/3/2 3080/3/2
f 1797/5/2 1624/5/2 1796/5/2
f 1796/5/2 1624/5/2 1625/5/2
f 3082/3/2 3083/3/2 3085/3/2
f 3085/3/2 3083/3/2 3084/3/2
f 1805/6/2 3086/6/2 1804/6/2
f 1804/6/2 3086/6/2 3087/6/2
f 3088/6/2 1661/6/2 3089/6/2
f 3089/6/2 1661/6/2 1662/6/2
f 3090/1/2 3048/1/2 3092/1/2
f 3092/1/2 3048/1/2 3091/1/2
f 3093/1/2 3051/1/2 3095/1/2
f 3095/1/2 3051/1/2 3094/1/2
f 3096/1/2 3097/1/2 3098/1/2
f 3098/1/2 3097/1/2 3060/1/2
f 3099/1/2 3100/1/2 3101/1/2
f 3101/1/2 3100/1/2 3063/1/2
f 3102/6/2 1754/6/2 3103/6/2
f 3103/6/2 1754/6/2 1755/6/2
f 1853/6/2 3104/6/2 1852/6/2
f 1852/6/2 3104/6/2 3105/6/2
f 3106/3/2 3107/3/2 3109/3/2
f 3109/3/2 3107/3/2 3108/3/2
f 1865/6/2 3110/6/2 1864/6/2
f 1864/6/2 3110/6/2 3111/6/2
f 3112/6/2 1766/6/2 3113/6/2
f 3113/6/2 1766/6/2 1767/6/2
f 3114/3/2 3115/3/2 3117/3/2
f 3117/3/2 3115/3/2 3116/3/2
f 3118/9/2 3119/9/2 1821/9/2
f 1821/9/2 3119/9/2 1824/9/2
f 3120/11/2 3121/11/2 3123/11/2
f 3123/11/2 3121/11/2 3122/11/2
f 3124/1/2 3092/1/2 3126/1/2
f 3126/1/2 3092/1/2 3125/1/2
f 3127/1/2 3095/1/2 3128/1/2
f 3128/1/2 3095/1/2 3096/1/2
f 3129/1/2 3130/1/2 3131/1/2
f 3131/1/2 3130/1/2 3099/1/2
f 3132/11/2 3133/11/2 3135/11/2
f 3135/11/2 3133/11/2 3134/11/2
f 1837/9/2 1838/9/2 3137/9/2
f 3137/9/2 1838/9/2 3136/9/2
f 3138/6/2 1790/6/2 3139/6/2
f 3139/6/2 1790/6/2 1791/6/2
f 3140/3/2 3018/3/2 3141/3/2
f 3141/3/2 3018/3/2 3025/3/2
f 1896/6/2 3142/6/2 1895/6/2
f 1895/6/2 3142/6/2 3143/6/2
f 3144/3/2 3145/3/2 3147/3/2
f 3147/3/2 3145/3/2 3146/3/2
f 3148/3/2 3149/3/2 3151/3/2
f 3151/3/2 3149/3/2 3150/3/2
f 1933/5/2 1806/5/2 1932/5/2
f 1932/5/2 1806/5/2 1807/5/2
f 1964/1/2 3126/1/2 1963/1/2
f 1963/1/2 3126/1/2 3129/1/2
f 3152/7/2 3153/7/2 3155/7/2
f 3155/7/2 3153/7/2 3154/7/2
f 3156/6/2 1844/6/2 3157/6/2
f 3157/6/2 1844/6/2 1845/6/2
f 3158/3/2 3159/3/2 3161/3/2
f 3161/3/2 3159/3/2 3160/3/2
f 3162/6/2 3163/6/2 1905/6/2
f 1905/6/2 3163/6/2 1908/6/2
f 3164/6/2 3165/6/2 1913/6/2
f 1913/6/2 3165/6/2 1916/6/2
f 1902/6/2 1903/6/2 3167/6/2
f 3167/6/2 1903/6/2 3166/6/2
f 3168/6/2 3169/6/2 1921/6/2
f 1921/6/2 3169/6/2 1923/6/2
f 1910/6/2 1911/6/2 3171/6/2
f 3171/6/2 1911/6/2 3170/6/2
f 3172/3/2 3173/3/2 3174/3/2
f 3174/3/2 3173/3/2 3148/3/2
f 1918/5/2 1919/5/2 1930/5/2
f 1930/5/2 1919/5/2 1933/5/2
f 3175/3/2 3151/3/2 3177/3/2
f 3177/3/2 3151/3/2 3176/3/2
f 1931/5/2 1932/5/2 3179/5/2
f 3179/5/2 1932/5/2 3178/5/2
f 3180/1/2 3181/1/2 3183/1/2
f 3183/1/2 3181/1/2 3182/1/2
f 3184/9/2 1821/9/2 1950/9/2
f 1950/9/2 1821/9/2 1822/9/2
f 3185/11/2 3186/11/2 3188/11/2
f 3188/11/2 3186/11/2 3187/11/2
f 3189/9/2 3190/9/2 3192/9/2
f 3192/9/2 3190/9/2 3191/9/2
f 2001/8/2 3193/8/2 2000/8/2
f 2000/8/2 3193/8/2 3194/8/2
f 3195/11/2 3196/11/2 3198/11/2
f 3198/11/2 3196/11/2 3197/11/2
f 1966/9/2 1836/9/2 3199/9/2
f 3199/9/2 1836/9/2 1837/9/2
f 3200/1/2 3154/1/2 3202/1/2
f 3202/1/2 3154/1/2 3201/1/2
f 3203/3/2 3204/3/2 3206/3/2
f 3206/3/2 3204/3/2 3205/3/2
f 3207/3/2 3208/3/2 3210/3/2
f 3210/3/2 3208/3/2 3209/3/2
f 3211/3/2 3212/3/2 3214/3/2
f 3214/3/2 3212/3/2 3213/3/2
f 2038/5/2 1930/5/2 2037/5/2
f 2037/5/2 1930/5/2 1931/5/2
f 3215/1/2 3216/1/2 3218/1/2
f 3218/1/2 3216/1/2 3217/1/2
f 3219/1/2 3220/1/2 3222/1/2
f 3222/1/2 3220/1/2 3221/1/2
f 2068/8/2 3223/8/2 2067/8/2
f 2067/8/2 3223/8/2 3224/8/2
f 3222/1/2 3225/1/2 3227/1/2
f 3227/1/2 3225/1/2 3226/1/2
f 3227/1/2 3228/1/2 3230/1/2
f 3230/1/2 3228/1/2 3229/1/2
f 3231/1/2 3232/1/2 3234/1/2
f 3234/1/2 3232/1/2 3233/1/2
f 3235/5/2 3236/5/2 3238/5/2
f 3238/5/2 3236/5/2 3237/5/2
f 3239/7/2 3240/7/2 3241/7/2
f 3241/7/2 3240/7/2 3152/7/2
f 3242/1/2 3202/1/2 3244/1/2
f 3244/1/2 3202/1/2 3243/1/2
f 3245/3/2 3246/3/2 3248/3/2
f 3248/3/2 3246/3/2 3247/3/2
f 2121/6/2 3249/6/2 2120/6/2
f 2120/6/2 3249/6/2 3250/6/2
f 3251/6/2 1987/6/2 3252/6/2
f 3252/6/2 1987/6/2 1988/6/2
f 2168/6/2 3253/6/2 2167/6/2
f 2167/6/2 3253/6/2 3254/6/2
f 3255/1/2 3256/1/2 3258/1/2
f 3258/1/2 3256/1/2 3257/1/2
f 3259/9/2 1950/9/2 2050/9/2
f 2050/9/2 1950/9/2 1951/9/2
f 3260/11/2 3261/11/2 3263/11/2
f 3263/11/2 3261/11/2 3262/11/2
f 3263/11/2 3264/11/2 3266/11/2
f 3266/11/2 3264/11/2 3265/11/2
f 3267/8/2 3268/8/2 3270/8/2
f 3270/8/2 3268/8/2 3269/8/2
f 3266/11/2 3271/11/2 3273/11/2
f 3273/11/2 3271/11/2 3272/11/2
f 3273/11/2 3274/11/2 3276/11/2
f 3276/11/2 3274/11/2 3275/11/2
f 3276/11/2 3277/11/2 3279/11/2
f 3279/11/2 3277/11/2 3278/11/2
f 3280/5/2 3238/5/2 3282/5/2
f 3282/5/2 3238/5/2 3281/5/2
f 2080/9/2 1965/9/2 3283/9/2
f 3283/9/2 1965/9/2 1966/9/2
f 3284/5/2 3285/5/2 3287/5/2
f 3287/5/2 3285/5/2 3286/5/2
f 3288/8/2 2772/8/2 3289/8/2
f 3289/8/2 2772/8/2 2775/8/2
f 3290/3/2 3291/3/2 3293/3/2
f 3293/3/2 3291/3/2 3292/3/2
f 3294/3/2 3295/3/2 2122/3/2
f 2122/3/2 3295/3/2 3296/3/2
f 3297/6/2 3298/6/2 3300/6/2
f 3300/6/2 3298/6/2 3299/6/2
f 3301/3/2 3302/3/2 2133/3/2
f 2133/3/2 3302/3/2 3303/3/2
f 2112/6/2 2027/6/2 3304/6/2
f 3304/6/2 2027/6/2 2028/6/2
f 2119/3/2 3305/3/2 3307/3/2
f 3307/3/2 3305/3/2 3306/3/2
f 3308/3/2 3309/3/2 2159/3/2
f 2159/3/2 3309/3/2 3310/3/2
f 3311/6/2 2031/6/2 3312/6/2
f 3312/6/2 2031/6/2 2032/6/2
f 2153/3/2 3174/3/2 3313/3/2
f 3313/3/2 3174/3/2 3175/3/2
f 3314/6/2 3315/6/2 2172/6/2
f 2172/6/2 3315/6/2 3316/6/2
f 3289/1/2 2775/1/2 3317/1/2
f 3317/1/2 2775/1/2 2780/1/2
f 2164/3/2 3318/3/2 3320/3/2
f 3320/3/2 3318/3/2 3319/3/2
f 145/4/3 149/4/3 127/4/3
f 127/4/3 149/4/3 125/4/3
f 148/4/3 147/4/3 152/4/3
f 152/4/3 147/4/3 150/4/3
f 232/4/3 231/4/3 287/4/3
f 287/4/3 231/4/3 387/4/3
f 230/4/3 275/4/3 388/4/3
f 388/4/3 275/4/3 655/4/3
f 393/4/3 397/4/3 333/4/3
f 333/4/3 397/4/3 331/4/3
f 396/4/3 395/4/3 400/4/3
f 400/4/3 395/4/3 398/4/3
f 3321/9/3 3322/9/3 401/9/3
f 401/9/3 3322/9/3 768/9/3
f 485/4/3 484/4/3 769/4/3
f 769/4/3 484/4/3 765/4/3
f 483/4/3 539/4/3 766/4/3
f 766/4/3 539/4/3 762/4/3
f 752/4/3 756/4/3 627/4/3
f 627/4/3 756/4/3 653/4/3
f 755/4/3 754/4/3 654/4/3
f 654/4/3 754/4/3 757/4/3
f 843/4/3 842/4/3 1100/4/3
f 1100/4/3 842/4/3 1097/4/3
f 841/4/3 855/4/3 1098/4/3
f 1098/4/3 855/4/3 1094/4/3
f 1566/5/3 1565/5/3 1578/5/3
f 1578/5/3 1565/5/3 1576/5/3
f 1630/5/3 1629/5/3 2110/5/3
f 2110/5/3 1629/5/3 2103/5/3
f 1628/5/3 1755/5/3 2104/5/3
f 2104/5/3 1755/5/3 2100/5/3
f 1864/5/3 1863/5/3 1876/5/3
f 1876/5/3 1863/5/3 1874/5/3
f 1936/5/3 1935/5/3 1875/5/3
f 1875/5/3 1935/5/3 2170/5/3
f 1934/5/3 1988/5/3 2171/5/3
f 2171/5/3 1988/5/3 2157/5/3
f 2181/1/3 2180/1/3 1120/1/3
f 1120/1/3 2180/1/3 1117/1/3
f 2185/1/3 2184/1/3 502/1/3
f 502/1/3 2184/1/3 1130/1/3
f 2189/1/3 2188/1/3 1160/1/3
f 1160/1/3 2188/1/3 1156/1/3
f 2283/1/3 2282/1/3 875/1/3
f 875/1/3 2282/1/3 261/1/3
f 2287/1/3 2286/1/3 1078/1/3
f 1078/1/3 2286/1/3 265/1/3
f 195/9/3 194/9/3 402/9/3
f 402/9/3 194/9/3 286/9/3
f 205/1/3 3323/1/3 3324/1/3
f 3324/1/3 3323/1/3 2315/1/3
f 2289/10/3 2331/10/3 2329/10/3
f 2329/10/3 2331/10/3 2330/10/3
f 2338/1/3 2337/1/3 260/1/3
f 260/1/3 2337/1/3 348/1/3
f 2342/1/3 2341/1/3 264/1/3
f 264/1/3 2341/1/3 352/1/3
f 2415/1/3 2414/1/3 347/1/3
f 347/1/3 2414/1/3 466/1/3
f 2419/1/3 2418/1/3 351/1/3
f 351/1/3 2418/1/3 474/1/3
f 2421/10/3 2439/10/3 2437/10/3
f 2437/10/3 2439/10/3 2438/10/3
f 2458/1/3 2457/1/3 465/1/3
f 465/1/3 2457/1/3 567/1/3
f 2462/1/3 2461/1/3 473/1/3
f 473/1/3 2461/1/3 575/1/3
f 499/1/3 3325/1/3 3326/1/3
f 3326/1/3 3325/1/3 2487/1/3
f 2517/1/3 2516/1/3 566/1/3
f 566/1/3 2516/1/3 734/1/3
f 2521/1/3 2520/1/3 574/1/3
f 574/1/3 2520/1/3 738/1/3
f 2523/10/3 2581/10/3 2579/10/3
f 2579/10/3 2581/10/3 2580/10/3
f 2598/1/3 2597/1/3 733/1/3
f 733/1/3 2597/1/3 868/1/3
f 2602/1/3 2601/1/3 737/1/3
f 737/1/3 2601/1/3 1075/1/3
f 821/9/3 820/9/3 893/9/3
f 893/9/3 820/9/3 882/9/3
f 1524/6/3 1523/6/3 2963/6/3
f 2963/6/3 1523/6/3 1566/6/3
f 1609/6/3 1608/6/3 1617/6/3
f 1617/6/3 1608/6/3 1615/6/3
f 1636/6/3 1635/6/3 3019/6/3
f 3019/6/3 1635/6/3 3020/6/3
f 1792/6/3 1791/6/3 1755/6/3
f 1755/6/3 1791/6/3 3103/6/3
f 1804/6/3 1803/6/3 3111/6/3
f 3111/6/3 1803/6/3 1864/6/3
f 1915/6/3 1914/6/3 1923/6/3
f 1923/6/3 1914/6/3 1921/6/3
f 2033/6/3 2032/6/3 1988/6/3
f 1988/6/3 2032/6/3 3252/6/3
f 2347/8/3 2388/8/3 380/8/3
f 380/8/3 2388/8/3 378/8/3
f 2390/8/3 2473/8/3 1089/8/3
f 1089/8/3 2473/8/3 1086/8/3
f 3327/5/3 2849/5/3 1143/5/3
f 1143/5/3 2849/5/3 1139/5/3
f 2498/8/3 2497/8/3 1087/8/3
f 1087/8/3 2497/8/3 1083/8/3
f 2848/5/3 3328/5/3 1140/5/3
f 1140/5/3 3328/5/3 1136/5/3
f 801/1/3 800/1/3 1128/1/3
f 1128/1/3 800/1/3 3329/1/3
f 800/9/3 823/9/3 3329/9/3
f 3329/9/3 823/9/3 3330/9/3
f 823/1/3 850/1/3 3330/1/3
f 3330/1/3 850/1/3 1122/1/3
f 2045/1/3 3331/1/3 2088/1/3
f 2088/1/3 3331/1/3 1387/1/3
f 1301/1/3 1300/1/3 2095/1/3
f 2095/1/3 1300/1/3 2093/1/3
f 3332/5/3 2832/5/3 1308/5/3
f 1308/5/3 2832/5/3 1305/5/3
f 2835/5/3 2847/5/3 2142/5/3
f 2142/5/3 2847/5/3 2138/5/3
f 3331/1/3 3333/1/3 2887/1/3
f 2887/1/3 3333/1/3 2888/1/3
f 3333/1/3 3334/1/3 1386/1/3
f 1386/1/3 3334/1/3 1945/1/3
f 1486/6/3 1485/6/3 2937/6/3
f 2937/6/3 1485/6/3 1524/6/3
f 1601/6/3 1600/6/3 1610/6/3
f 1610/6/3 1600/6/3 1607/6/3
f 1644/6/3 1643/6/3 3023/6/3
f 3023/6/3 1643/6/3 3024/6/3
f 1764/6/3 1763/6/3 3087/6/3
f 3087/6/3 1763/6/3 1804/6/3
f 1846/6/3 1845/6/3 1791/6/3
f 1791/6/3 1845/6/3 3139/6/3
f 1907/6/3 1906/6/3 1916/6/3
f 1916/6/3 1906/6/3 1913/6/3
f 3334/1/3 3335/1/3 3182/1/3
f 3182/1/3 3335/1/3 3183/1/3
f 3335/1/3 3336/1/3 1944/1/3
f 1944/1/3 3336/1/3 2041/1/3
f 3336/1/3 2044/1/3 3257/1/3
f 3257/1/3 2044/1/3 3258/1/3
f 2120/6/3 2119/6/3 3299/6/3
f 3299/6/3 2119/6/3 3300/6/3
f 2161/6/3 2160/6/3 2032/6/3
f 2032/6/3 2160/6/3 3312/6/3
f 185/10/3 184/10/3 2288/10/3
f 2288/10/3 184/10/3 2289/10/3
f 273/10/3 272/10/3 2332/10/3
f 2332/10/3 272/10/3 2333/10/3
f 271/10/3 299/10/3 2331/10/3
f 2331/10/3 299/10/3 2343/10/3
f 421/10/3 420/10/3 2420/10/3
f 2420/10/3 420/10/3 2421/10/3
f 482/10/3 481/10/3 2440/10/3
f 2440/10/3 481/10/3 2441/10/3
f 3337/5/3 2446/5/3 510/5/3
f 510/5/3 2446/5/3 507/5/3
f 2409/9/3 2450/9/3 2852/9/3
f 2852/9/3 2450/9/3 3338/9/3
f 3339/5/3 561/5/3 517/5/3
f 517/5/3 561/5/3 515/5/3
f 480/10/3 519/10/3 2439/10/3
f 2439/10/3 519/10/3 2463/10/3
f 560/5/3 559/5/3 1154/5/3
f 1154/5/3 559/5/3 1151/5/3
f 558/5/3 3340/5/3 1152/5/3
f 1152/5/3 3340/5/3 1148/5/3
f 609/10/3 608/10/3 2522/10/3
f 2522/10/3 608/10/3 2523/10/3
f 2535/10/3 2534/10/3 3341/10/3
f 3341/10/3 2534/10/3 2837/10/3
f 746/10/3 745/10/3 2582/10/3
f 2582/10/3 745/10/3 2583/10/3
f 744/10/3 786/10/3 2581/10/3
f 2581/10/3 786/10/3 2603/10/3
f 2824/10/3 2823/10/3 2838/10/3
f 2838/10/3 2823/10/3 3342/10/3
f 2825/5/3 1346/5/3 1311/5/3
f 1311/5/3 1346/5/3 1309/5/3
f 1345/5/3 1344/5/3 1812/5/3
f 1812/5/3 1344/5/3 1860/5/3
f 2875/5/3 2874/5/3 2139/5/3
f 2139/5/3 2874/5/3 2131/5/3
f 1343/5/3 3343/5/3 1861/5/3
f 1861/5/3 3343/5/3 2147/5/3
f 1532/3/3 1531/3/3 2968/3/3
f 2968/3/3 1531/3/3 2969/3/3
f 1559/3/3 1558/3/3 2984/3/3
f 2984/3/3 1558/3/3 2985/3/3
f 3017/6/3 3016/6/3 1602/6/3
f 1602/6/3 3016/6/3 1599/6/3
f 2989/1/3 3025/1/3 1565/1/3
f 1565/1/3 3025/1/3 1628/1/3
f 3033/6/3 3032/6/3 3030/6/3
f 3030/6/3 3032/6/3 3031/6/3
f 1760/3/3 1759/3/3 3084/3/3
f 3084/3/3 1759/3/3 3085/3/3
f 1815/3/3 1814/3/3 3116/3/3
f 3116/3/3 1814/3/3 3117/3/3
f 1977/3/3 3140/3/3 3205/3/3
f 3205/3/3 3140/3/3 1844/3/3
f 1856/3/3 1855/3/3 3146/3/3
f 3146/3/3 1855/3/3 3147/3/3
f 3141/6/3 3247/6/3 1845/6/3
f 1845/6/3 3247/6/3 3157/6/3
f 3173/6/3 3172/6/3 1908/6/3
f 1908/6/3 3172/6/3 1905/6/3
f 3151/1/3 3175/1/3 1863/1/3
f 1863/1/3 3175/1/3 1934/1/3
f 3246/3/3 1976/3/3 3156/3/3
f 3156/3/3 1976/3/3 3206/3/3
f 2135/3/3 2134/3/3 3306/3/3
f 3306/3/3 2134/3/3 3307/3/3
f 2154/3/3 2153/3/3 3310/3/3
f 3310/3/3 2153/3/3 2159/3/3
f 3344/1/3 2276/1/3 3345/1/3
f 3345/1/3 2276/1/3 181/1/3
f 2248/1/3 202/1/3 135/1/3
f 135/1/3 202/1/3 132/1/3
f 201/9/3 200/9/3 133/9/3
f 133/9/3 200/9/3 203/9/3
f 2277/1/3 3346/1/3 180/1/3
f 180/1/3 3346/1/3 3347/1/3
f 199/1/3 2310/1/3 197/1/3
f 197/1/3 2310/1/3 245/1/3
f 269/10/3 268/10/3 184/10/3
f 184/10/3 268/10/3 271/10/3
f 302/1/3 301/1/3 2346/1/3
f 2346/1/3 301/1/3 2347/1/3
f 2321/9/3 2367/9/3 2408/9/3
f 2408/9/3 2367/9/3 2451/9/3
f 371/1/3 370/1/3 2389/1/3
f 2389/1/3 370/1/3 2390/1/3
f 2404/1/3 496/1/3 406/1/3
f 406/1/3 496/1/3 403/1/3
f 2369/10/3 2427/10/3 2452/10/3
f 2452/10/3 2427/10/3 3348/10/3
f 478/10/3 477/10/3 420/10/3
f 420/10/3 477/10/3 480/10/3
f 495/9/3 494/9/3 404/9/3
f 404/9/3 494/9/3 497/9/3
f 531/1/3 530/1/3 2474/1/3
f 2474/1/3 530/1/3 2475/1/3
f 493/1/3 2482/1/3 492/1/3
f 492/1/3 2482/1/3 544/1/3
f 529/1/3 587/1/3 2473/1/3
f 2473/1/3 587/1/3 2499/1/3
f 2429/10/3 2509/10/3 3339/10/3
f 3339/10/3 2509/10/3 3340/10/3
f 586/1/3 618/1/3 2497/1/3
f 2497/1/3 618/1/3 2525/1/3
f 742/10/3 741/10/3 608/10/3
f 608/10/3 741/10/3 744/10/3
f 1513/11/3 2076/11/3 3272/11/3
f 3272/11/3 2076/11/3 3274/11/3
f 2075/11/3 2082/11/3 3275/11/3
f 3275/11/3 2082/11/3 3277/11/3
f 2511/10/3 2882/10/3 2536/10/3
f 2536/10/3 2882/10/3 3343/10/3
f 2081/11/3 1968/11/3 3278/11/3
f 3278/11/3 1968/11/3 3196/11/3
f 1967/11/3 1839/11/3 3197/11/3
f 3197/11/3 1839/11/3 3133/11/3
f 1447/3/3 1569/3/3 2917/3/3
f 2917/3/3 1569/3/3 2989/3/3
f 1659/3/3 1658/3/3 3034/3/3
f 3034/3/3 1658/3/3 3035/3/3
f 1838/11/3 1837/11/3 3134/11/3
f 3134/11/3 1837/11/3 3135/11/3
f 1585/3/3 1867/3/3 2996/3/3
f 2996/3/3 1867/3/3 3151/3/3
f 1836/11/3 1966/11/3 3132/11/3
f 3132/11/3 1966/11/3 3198/11/3
f 1646/3/3 2024/3/3 3025/3/3
f 3025/3/3 2024/3/3 3248/3/3
f 1965/11/3 2080/11/3 3195/11/3
f 3195/11/3 2080/11/3 3279/11/3
f 1981/3/3 2123/3/3 3209/3/3
f 3209/3/3 2123/3/3 2133/3/3
f 1937/3/3 2164/3/3 3175/3/3
f 3175/3/3 2164/3/3 3313/3/3
f 138/1/3 137/1/3 2314/1/3
f 2314/1/3 137/1/3 3324/1/3
f 3349/1/3 3350/1/3 2276/1/3
f 2276/1/3 3350/1/3 2277/1/3
f 136/1/3 249/1/3 202/1/3
f 202/1/3 249/1/3 199/1/3
f 137/1/3 3351/1/3 2292/1/3
f 2292/1/3 3351/1/3 2293/1/3
f 3351/1/3 250/1/3 204/1/3
f 204/1/3 250/1/3 3323/1/3
f 2297/9/3 413/9/3 2320/9/3
f 2320/9/3 413/9/3 2321/9/3
f 409/1/3 408/1/3 2486/1/3
f 2486/1/3 408/1/3 3326/1/3
f 407/1/3 548/1/3 496/1/3
f 496/1/3 548/1/3 493/1/3
f 408/1/3 3352/1/3 2444/1/3
f 2444/1/3 3352/1/3 2445/1/3
f 411/8/3 504/8/3 437/8/3
f 437/8/3 504/8/3 1334/8/3
f 3352/1/3 549/1/3 498/1/3
f 498/1/3 549/1/3 3325/1/3
f 3353/10/3 1379/10/3 3354/10/3
f 3354/10/3 1379/10/3 2511/10/3
f 503/8/3 634/8/3 1335/8/3
f 1335/8/3 634/8/3 3355/8/3
f 3356/8/3 3357/8/3 1176/8/3
f 1176/8/3 3357/8/3 1173/8/3
f 1288/9/3 1287/9/3 2827/9/3
f 2827/9/3 1287/9/3 1513/9/3
f 1266/9/3 1313/9/3 1886/9/3
f 1886/9/3 1313/9/3 1394/9/3
f 1321/9/3 1320/9/3 2843/9/3
f 2843/9/3 1320/9/3 2075/9/3
f 3358/8/3 1377/8/3 1332/8/3
f 1332/8/3 1377/8/3 1329/8/3
f 1312/9/3 1348/9/3 1395/9/3
f 1395/9/3 1348/9/3 1391/9/3
f 1360/9/3 1359/9/3 2864/9/3
f 2864/9/3 1359/9/3 2081/9/3
f 3359/10/3 3360/10/3 2883/10/3
f 2883/10/3 3360/10/3 2884/10/3
f 1347/9/3 1418/9/3 1422/9/3
f 1422/9/3 1418/9/3 1420/9/3
f 3361/9/3 1439/9/3 2910/9/3
f 2910/9/3 1439/9/3 1967/9/3
f 1520/3/3 1458/3/3 2960/3/3
f 2960/3/3 1458/3/3 1445/3/3
f 1457/6/3 1456/6/3 1446/6/3
f 1446/6/3 1456/6/3 1570/6/3
f 1417/9/3 1460/9/3 1952/9/3
f 1952/9/3 1460/9/3 1823/9/3
f 1481/9/3 1480/9/3 2933/9/3
f 2933/9/3 1480/9/3 1838/9/3
f 1455/3/3 1519/3/3 1571/3/3
f 1571/3/3 1519/3/3 2961/3/3
f 1581/3/3 1580/3/3 2992/3/3
f 2992/3/3 1580/3/3 2993/3/3
f 1800/3/3 1664/3/3 3108/3/3
f 3108/3/3 1664/3/3 1583/3/3
f 1597/6/3 1596/6/3 1620/6/3
f 1620/6/3 1596/6/3 1618/6/3
f 1655/6/3 1654/6/3 1660/6/3
f 1660/6/3 1654/6/3 1657/6/3
f 1663/6/3 1662/6/3 1584/6/3
f 1584/6/3 1662/6/3 1868/6/3
f 1752/3/3 1751/3/3 3080/3/3
f 3080/3/3 1751/3/3 3081/3/3
f 1661/3/3 1799/3/3 1869/3/3
f 1869/3/3 1799/3/3 3109/3/3
f 1459/9/3 1818/9/3 1824/9/3
f 1824/9/3 1818/9/3 1821/9/3
f 1517/9/3 1841/9/3 3136/9/3
f 3136/9/3 1841/9/3 3137/9/3
f 3362/3/3 3363/3/3 3364/3/3
f 3364/3/3 3363/3/3 1881/3/3
f 1903/6/3 1902/6/3 1926/6/3
f 1926/6/3 1902/6/3 1924/6/3
f 1949/9/3 1948/9/3 1822/9/3
f 1822/9/3 1948/9/3 1950/9/3
f 1840/9/3 1970/9/3 1837/9/3
f 1837/9/3 1970/9/3 3199/9/3
f 2113/3/3 2030/3/3 3296/3/3
f 3296/3/3 2030/3/3 1979/3/3
f 1985/3/3 1984/3/3 3213/3/3
f 3213/3/3 1984/3/3 3214/3/3
f 2029/6/3 2028/6/3 1980/6/3
f 1980/6/3 2028/6/3 2124/6/3
f 2049/9/3 2048/9/3 1951/9/3
f 1951/9/3 2048/9/3 2050/9/3
f 3365/3/3 3366/3/3 3367/3/3
f 3367/3/3 3366/3/3 2058/3/3
f 1969/9/3 3368/9/3 1966/9/3
f 1966/9/3 3368/9/3 3283/9/3
f 2107/3/3 2106/3/3 3292/3/3
f 3292/3/3 2106/3/3 3293/3/3
f 2027/3/3 2112/3/3 2125/3/3
f 2125/3/3 2112/3/3 2122/3/3
f 2174/3/3 2173/3/3 3319/3/3
f 3319/3/3 2173/3/3 3320/3/3
f 254/10/3 253/10/3 2297/10/3
f 2297/10/3 253/10/3 413/10/3
f 252/10/3 339/10/3 414/10/3
f 414/10/3 339/10/3 505/10/3
f 2323/10/3 343/10/3 2368/10/3
f 2368/10/3 343/10/3 2369/10/3
f 338/10/3 450/10/3 506/10/3
f 506/10/3 450/10/3 635/10/3
f 2371/10/3 454/10/3 2428/10/3
f 2428/10/3 454/10/3 2429/10/3
f 449/10/3 601/10/3 636/10/3
f 636/10/3 601/10/3 3369/10/3
f 2431/10/3 605/10/3 2510/10/3
f 2510/10/3 605/10/3 3354/10/3
f 601/9/3 600/9/3 3369/9/3
f 3369/9/3 600/9/3 1373/9/3
f 605/9/3 604/9/3 3353/9/3
f 3353/9/3 604/9/3 1379/9/3
f 695/4/3 694/4/3 3355/4/3
f 3355/4/3 694/4/3 1175/4/3
f 699/4/3 698/4/3 638/4/3
f 638/4/3 698/4/3 3370/4/3
f 1262/9/3 986/9/3 3359/9/3
f 3359/9/3 986/9/3 2702/9/3
f 985/4/3 984/4/3 2703/4/3
f 2703/4/3 984/4/3 2704/4/3
f 1220/4/3 1219/4/3 1174/4/3
f 1174/4/3 1219/4/3 1331/4/3
f 1224/4/3 1223/4/3 3372/4/3
f 3372/4/3 1223/4/3 3371/4/3
f 599/9/3 1258/9/3 1374/9/3
f 1374/9/3 1258/9/3 3373/9/3
f 983/9/3 1261/9/3 2701/9/3
f 2701/9/3 1261/9/3 3374/9/3
f 1258/10/3 3375/10/3 3373/10/3
f 3373/10/3 3375/10/3 1371/10/3
f 1261/10/3 3376/10/3 3374/10/3
f 3374/10/3 3376/10/3 3360/10/3
f 2895/5/3 2894/5/3 3361/5/3
f 3361/5/3 2894/5/3 1440/5/3
f 3377/10/3 3378/10/3 2882/10/3
f 2882/10/3 3378/10/3 2903/10/3
f 1490/6/3 1489/6/3 1456/6/3
f 1456/6/3 1489/6/3 2939/6/3
f 1605/6/3 1604/6/3 3010/6/3
f 3010/6/3 1604/6/3 3011/6/3
f 1651/6/3 1650/6/3 1656/6/3
f 1656/6/3 1650/6/3 1653/6/3
f 1768/6/3 1767/6/3 1662/6/3
f 1662/6/3 1767/6/3 3089/6/3
f 3379/8/3 3380/8/3 3362/8/3
f 3362/8/3 3380/8/3 3381/8/3
f 1852/6/3 1851/6/3 3143/6/3
f 3143/6/3 1851/6/3 1895/6/3
f 1911/6/3 1910/6/3 3166/6/3
f 3166/6/3 1910/6/3 3167/6/3
f 3382/8/3 3383/8/3 3365/8/3
f 3365/8/3 3383/8/3 3384/8/3
f 3285/5/3 3284/5/3 2018/5/3
f 2018/5/3 3284/5/3 3368/5/3
f 2128/6/3 2127/6/3 2028/6/3
f 2028/6/3 2127/6/3 3304/6/3
f 2167/6/3 2166/6/3 3316/6/3
f 3316/6/3 2166/6/3 2172/6/3
f 208/9/3 207/9/3 2296/9/3
f 2296/9/3 207/9/3 2297/9/3
f 206/9/3 289/9/3 255/9/3
f 255/9/3 289/9/3 340/9/3
f 293/9/3 292/9/3 2322/9/3
f 2322/9/3 292/9/3 344/9/3
f 288/9/3 432/9/3 341/9/3
f 341/9/3 432/9/3 451/9/3
f 440/9/3 439/9/3 2370/9/3
f 2370/9/3 439/9/3 455/9/3
f 431/9/3 556/9/3 452/9/3
f 452/9/3 556/9/3 601/9/3
f 564/9/3 563/9/3 2430/9/3
f 2430/9/3 563/9/3 605/9/3
f 977/4/3 976/4/3 982/4/3
f 982/4/3 976/4/3 979/4/3
f 989/4/3 988/4/3 2705/4/3
f 2705/4/3 988/4/3 2706/4/3
f 1356/5/3 1355/5/3 2862/5/3
f 2862/5/3 1355/5/3 2863/5/3
f 1369/9/3 1368/9/3 1258/9/3
f 1258/9/3 1368/9/3 3375/9/3
f 1383/9/3 1382/9/3 1261/9/3
f 1261/9/3 1382/9/3 3376/9/3
f 3385/5/3 3386/5/3 2896/5/3
f 2896/5/3 3386/5/3 2897/5/3
f 1409/9/3 1408/9/3 1413/9/3
f 1413/9/3 1408/9/3 1410/9/3
f 1381/9/3 1415/9/3 3377/9/3
f 3377/9/3 1415/9/3 3378/9/3
f 1436/5/3 1435/5/3 2891/5/3
f 2891/5/3 1435/5/3 2909/5/3
f 1528/6/3 1527/6/3 1489/6/3
f 1489/6/3 1527/6/3 2965/6/3
f 1613/6/3 1612/6/3 3014/6/3
f 3014/6/3 1612/6/3 3015/6/3
f 1626/1/3 1625/1/3 1569/1/3
f 1569/1/3 1625/1/3 1646/1/3
f 1640/6/3 1639/6/3 1652/6/3
f 1652/6/3 1639/6/3 1649/6/3
f 3065/10/3 3064/10/3 3387/10/3
f 3387/10/3 3064/10/3 2070/10/3
f 1776/3/3 1775/3/3 1693/3/3
f 1693/3/3 1775/3/3 3364/3/3
f 1796/6/3 1795/6/3 3105/6/3
f 3105/6/3 1795/6/3 1852/6/3
f 1808/6/3 1807/6/3 1767/6/3
f 1767/6/3 1807/6/3 3113/6/3
f 1775/3/3 3388/3/3 3379/3/3
f 3379/3/3 3388/3/3 3380/3/3
f 3388/3/3 1956/3/3 3381/3/3
f 3381/3/3 1956/3/3 3363/3/3
f 1919/6/3 1918/6/3 3170/6/3
f 3170/6/3 1918/6/3 3171/6/3
f 1932/1/3 1931/1/3 1867/1/3
f 1867/1/3 1931/1/3 1937/1/3
f 1955/3/3 1954/3/3 1885/3/3
f 1885/3/3 1954/3/3 3367/3/3
f 1954/3/3 3389/3/3 3382/3/3
f 3382/3/3 3389/3/3 3383/3/3
f 2012/5/3 2011/5/3 3237/5/3
f 3237/5/3 2011/5/3 3238/5/3
f 2037/6/3 2036/6/3 3254/6/3
f 3254/6/3 2036/6/3 2167/6/3
f 3389/3/3 2057/3/3 3384/3/3
f 3384/3/3 2057/3/3 3366/3/3
f 3390/5/3 3391/5/3 3286/5/3
f 3286/5/3 3391/5/3 3287/5/3
f 177/9/3 3392/9/3 2260/9/3
f 2260/9/3 3392/9/3 2261/9/3
f 3392/9/3 176/9/3 2272/9/3
f 2272/9/3 176/9/3 2273/9/3
f 687/4/3 686/4/3 696/4/3
f 696/4/3 686/4/3 693/4/3
f 707/4/3 706/4/3 2562/4/3
f 2562/4/3 706/4/3 2563/4/3
f 973/4/3 972/4/3 978/4/3
f 978/4/3 972/4/3 975/4/3
f 1212/4/3 1211/4/3 1221/4/3
f 1221/4/3 1211/4/3 1218/4/3
f 1232/4/3 1231/4/3 2805/4/3
f 2805/4/3 1231/4/3 2806/4/3
f 1272/8/3 1271/8/3 1277/8/3
f 1277/8/3 1271/8/3 1274/8/3
f 1284/8/3 1283/8/3 1289/8/3
f 1289/8/3 1283/8/3 1286/8/3
f 1324/1/3 1323/1/3 2845/1/3
f 2845/1/3 1323/1/3 2846/1/3
f 1290/7/3 1362/7/3 2828/7/3
f 2828/7/3 1362/7/3 2867/7/3
f 1366/1/3 1365/1/3 2869/1/3
f 2869/1/3 1365/1/3 2870/1/3
f 1406/6/3 1405/6/3 3385/6/3
f 3385/6/3 1405/6/3 3386/6/3
f 1425/3/3 1424/3/3 1429/3/3
f 1429/3/3 1424/3/3 1427/3/3
f 1404/1/3 1443/1/3 2913/1/3
f 2913/1/3 1443/1/3 2914/1/3
f 1403/7/3 1454/7/3 2923/7/3
f 2923/7/3 1454/7/3 2924/7/3
f 1423/3/3 1463/3/3 1468/3/3
f 1468/3/3 1463/3/3 1465/3/3
f 1471/3/3 1470/3/3 1428/3/3
f 1428/3/3 1470/3/3 1883/3/3
f 1442/1/3 1482/1/3 2911/1/3
f 2911/1/3 1482/1/3 2935/1/3
f 1469/3/3 1496/3/3 1884/3/3
f 1884/3/3 1496/3/3 1694/3/3
f 1502/9/3 1501/9/3 2945/9/3
f 2945/9/3 1501/9/3 2946/9/3
f 1539/8/3 1538/8/3 1493/8/3
f 1493/8/3 1538/8/3 1667/8/3
f 1555/8/3 1554/8/3 1516/8/3
f 1516/8/3 1554/8/3 1744/8/3
f 1574/5/3 1573/5/3 1527/5/3
f 1527/5/3 1573/5/3 1626/5/3
f 1572/5/3 1622/5/3 1627/5/3
f 1627/5/3 1622/5/3 1624/5/3
f 1633/5/3 1632/5/3 1641/5/3
f 1641/5/3 1632/5/3 1638/5/3
f 1720/9/3 1719/9/3 3066/9/3
f 3066/9/3 1719/9/3 3067/9/3
f 1631/5/3 1757/5/3 1625/5/3
f 1625/5/3 1757/5/3 1796/5/3
f 1772/8/3 1771/8/3 1666/8/3
f 1666/8/3 1771/8/3 1819/8/3
f 1788/8/3 1787/8/3 1743/8/3
f 1743/8/3 1787/8/3 1842/8/3
f 1872/5/3 1871/5/3 1807/5/3
f 1807/5/3 1871/5/3 1932/5/3
f 1870/5/3 1928/5/3 1933/5/3
f 1933/5/3 1928/5/3 1930/5/3
f 1942/5/3 1941/5/3 3178/5/3
f 3178/5/3 1941/5/3 3179/5/3
f 1959/9/3 1958/9/3 3191/9/3
f 3191/9/3 1958/9/3 3192/9/3
f 1974/1/3 1973/1/3 3201/1/3
f 3201/1/3 1973/1/3 3202/1/3
f 1940/5/3 1990/5/3 1931/5/3
f 1931/5/3 1990/5/3 2037/5/3
f 1889/7/3 2015/7/3 3152/7/3
f 3152/7/3 2015/7/3 3241/7/3
f 2022/1/3 2021/1/3 3243/1/3
f 3243/1/3 2021/1/3 3244/1/3
f 2086/6/3 2085/6/3 3390/6/3
f 3390/6/3 2085/6/3 3391/6/3
f 969/4/3 968/4/3 974/4/3
f 974/4/3 968/4/3 971/4/3
f 1280/8/3 1279/8/3 1285/8/3
f 1285/8/3 1279/8/3 1282/8/3
f 1671/8/3 1670/8/3 1538/8/3
f 1538/8/3 1670/8/3 1772/8/3
f 1748/8/3 1747/8/3 1554/8/3
f 1554/8/3 1747/8/3 1788/8/3
f 667/4/3 666/4/3 2552/4/3
f 2552/4/3 666/4/3 2553/4/3
f 679/4/3 678/4/3 688/4/3
f 688/4/3 678/4/3 685/4/3
f 715/4/3 714/4/3 2566/4/3
f 2566/4/3 714/4/3 2567/4/3
f 965/4/3 964/4/3 970/4/3
f 970/4/3 964/4/3 967/4/3
f 1195/4/3 1194/4/3 2794/4/3
f 2794/4/3 1194/4/3 2795/4/3
f 1205/4/3 1204/4/3 1213/4/3
f 1213/4/3 1204/4/3 1210/4/3
f 1240/4/3 1239/4/3 2809/4/3
f 2809/4/3 1239/4/3 2810/4/3
f 1317/8/3 1316/8/3 1279/8/3
f 1279/8/3 1316/8/3 2842/8/3
f 1675/8/3 1674/8/3 3038/8/3
f 3038/8/3 1674/8/3 3039/8/3
f 1740/8/3 1739/8/3 1749/8/3
f 1749/8/3 1739/8/3 1746/8/3
f 2193/9/3 3393/9/3 3394/9/3
f 3394/9/3 3393/9/3 166/9/3
f 961/4/3 960/4/3 966/4/3
f 966/4/3 960/4/3 963/4/3
f 2710/9/3 3395/9/3 3396/9/3
f 3396/9/3 3395/9/3 1071/9/3
f 1352/8/3 1351/8/3 1316/8/3
f 1316/8/3 1351/8/3 2859/8/3
f 1679/8/3 1678/8/3 3040/8/3
f 3040/8/3 1678/8/3 3041/8/3
f 1736/8/3 1735/8/3 1741/8/3
f 1741/8/3 1735/8/3 1738/8/3
f 2351/8/3 2391/8/3 301/8/3
f 301/8/3 2391/8/3 369/8/3
f 2393/8/3 2476/8/3 370/8/3
f 370/8/3 2476/8/3 529/8/3
f 2501/8/3 2500/8/3 588/8/3
f 588/8/3 2500/8/3 586/8/3
f 663/4/3 662/4/3 668/4/3
f 668/4/3 662/4/3 665/4/3
f 675/4/3 674/4/3 680/4/3
f 680/4/3 674/4/3 677/4/3
f 723/4/3 722/4/3 728/4/3
f 728/4/3 722/4/3 725/4/3
f 957/4/3 956/4/3 962/4/3
f 962/4/3 956/4/3 959/4/3
f 1187/4/3 1186/4/3 1196/4/3
f 1196/4/3 1186/4/3 1193/4/3
f 1201/4/3 1200/4/3 1206/4/3
f 1206/4/3 1200/4/3 1203/4/3
f 1247/4/3 1246/4/3 1252/4/3
f 1252/4/3 1246/4/3 1249/4/3
f 1398/8/3 1397/8/3 1351/8/3
f 1351/8/3 1397/8/3 2890/8/3
f 1687/8/3 1686/8/3 3042/8/3
f 3042/8/3 1686/8/3 3043/8/3
f 1732/8/3 1731/8/3 1737/8/3
f 1737/8/3 1731/8/3 1734/8/3
f 2067/8/3 2066/8/3 3269/8/3
f 3269/8/3 2066/8/3 3270/8/3
f 2197/9/3 2196/9/3 2194/9/3
f 2194/9/3 2196/9/3 2195/9/3
f 671/4/3 670/4/3 676/4/3
f 676/4/3 670/4/3 673/4/3
f 683/4/3 682/4/3 2556/4/3
f 2556/4/3 682/4/3 2557/4/3
f 719/4/3 718/4/3 724/4/3
f 724/4/3 718/4/3 721/4/3
f 3397/4/3 778/4/3 3398/4/3
f 3398/4/3 778/4/3 2589/4/3
f 774/4/3 804/4/3 2584/4/3
f 2584/4/3 804/4/3 2610/4/3
f 803/4/3 825/4/3 2608/4/3
f 2608/4/3 825/4/3 2625/4/3
f 824/4/3 852/4/3 2623/4/3
f 2623/4/3 852/4/3 2638/4/3
f 851/4/3 858/4/3 2636/4/3
f 2636/4/3 858/4/3 2649/4/3
f 857/4/3 899/4/3 2647/4/3
f 2647/4/3 899/4/3 957/4/3
f 898/4/3 953/4/3 958/4/3
f 958/4/3 953/4/3 955/4/3
f 993/4/3 992/4/3 956/4/3
f 956/4/3 992/4/3 2708/4/3
f 2714/9/3 2713/9/3 2711/9/3
f 2711/9/3 2713/9/3 2712/9/3
f 1060/4/3 1059/4/3 2750/4/3
f 2750/4/3 1059/4/3 2751/4/3
f 1126/4/3 1125/4/3 2777/4/3
f 2777/4/3 1125/4/3 2778/4/3
f 1163/4/3 1162/4/3 2782/4/3
f 2782/4/3 1162/4/3 2783/4/3
f 1166/4/3 1165/4/3 2785/4/3
f 2785/4/3 1165/4/3 2786/4/3
f 777/4/3 1256/4/3 2587/4/3
f 2587/4/3 1256/4/3 2817/4/3
f 681/4/3 1171/4/3 674/4/3
f 674/4/3 1171/4/3 1201/4/3
f 1255/4/3 3399/4/3 2818/4/3
f 2818/4/3 3399/4/3 3400/4/3
f 1170/4/3 1197/4/3 1202/4/3
f 1202/4/3 1197/4/3 1199/4/3
f 1209/4/3 1208/4/3 2799/4/3
f 2799/4/3 1208/4/3 2800/4/3
f 1181/4/3 1243/4/3 1248/4/3
f 1248/4/3 1243/4/3 1245/4/3
f 1432/8/3 1431/8/3 1397/8/3
f 1397/8/3 1431/8/3 2906/8/3
f 2950/10/3 2976/10/3 1549/10/3
f 1549/10/3 2976/10/3 1547/10/3
f 2978/10/3 3401/10/3 2073/10/3
f 2073/10/3 3401/10/3 3387/10/3
f 1691/8/3 1690/8/3 3044/8/3
f 3044/8/3 1690/8/3 3045/8/3
f 3401/10/3 3060/10/3 1721/10/3
f 1721/10/3 3060/10/3 1718/10/3
f 1728/8/3 1727/8/3 1733/8/3
f 1733/8/3 1727/8/3 1730/8/3
f 3097/10/3 3096/10/3 2071/10/3
f 2071/10/3 3096/10/3 2063/10/3
f 2000/8/3 1999/8/3 3224/8/3
f 3224/8/3 1999/8/3 2067/8/3
f 2201/9/3 2200/9/3 2198/9/3
f 2198/9/3 2200/9/3 2199/9/3
f 306/1/3 305/1/3 2350/1/3
f 2350/1/3 305/1/3 2351/1/3
f 374/1/3 373/1/3 2392/1/3
f 2392/1/3 373/1/3 2393/1/3
f 534/1/3 533/1/3 2477/1/3
f 2477/1/3 533/1/3 2478/1/3
f 532/1/3 590/1/3 2476/1/3
f 2476/1/3 590/1/3 2502/1/3
f 589/1/3 620/1/3 2500/1/3
f 2500/1/3 620/1/3 2527/1/3
f 691/4/3 690/4/3 2560/4/3
f 2560/4/3 690/4/3 2561/4/3
f 711/4/3 710/4/3 720/4/3
f 720/4/3 710/4/3 717/4/3
f 2718/9/3 2717/9/3 2715/9/3
f 2715/9/3 2717/9/3 2716/9/3
f 1216/4/3 1215/4/3 2803/4/3
f 2803/4/3 1215/4/3 2804/4/3
f 1236/4/3 1235/4/3 1244/4/3
f 1244/4/3 1235/4/3 1242/4/3
f 1451/8/3 1450/8/3 1431/8/3
f 1431/8/3 1450/8/3 2920/8/3
f 2929/1/3 2951/1/3 2949/1/3
f 2949/1/3 2951/1/3 2950/1/3
f 2953/1/3 2979/1/3 2977/1/3
f 2977/1/3 2979/1/3 2978/1/3
f 1698/8/3 1697/8/3 3046/8/3
f 3046/8/3 1697/8/3 3047/8/3
f 2981/1/3 3063/1/3 3061/1/3
f 3061/1/3 3063/1/3 3062/1/3
f 1724/8/3 1723/8/3 1729/8/3
f 1729/8/3 1723/8/3 1726/8/3
f 3100/1/3 3099/1/3 3060/1/3
f 3060/1/3 3099/1/3 3098/1/3
f 3130/1/3 3129/1/3 3096/1/3
f 3096/1/3 3129/1/3 3128/1/3
f 1963/8/3 1962/8/3 3194/8/3
f 3194/8/3 1962/8/3 2000/8/3
f 2205/9/3 2204/9/3 2202/9/3
f 2202/9/3 2204/9/3 2203/9/3
f 703/4/3 702/4/3 712/4/3
f 712/4/3 702/4/3 709/4/3
f 2722/9/3 2721/9/3 2719/9/3
f 2719/9/3 2721/9/3 2720/9/3
f 1228/4/3 1227/4/3 1237/4/3
f 1237/4/3 1227/4/3 1234/4/3
f 1474/1/3 1473/1/3 1450/1/3
f 1450/1/3 1473/1/3 2929/1/3
f 1510/1/3 1509/1/3 2952/1/3
f 2952/1/3 1509/1/3 2953/1/3
f 1552/1/3 1551/1/3 2980/1/3
f 2980/1/3 1551/1/3 2981/1/3
f 1717/1/3 1716/1/3 1725/1/3
f 1725/1/3 1716/1/3 1722/1/3
f 1715/1/3 1784/1/3 3063/1/3
f 3063/1/3 1784/1/3 3101/1/3
f 1783/1/3 1834/1/3 3099/1/3
f 3099/1/3 1834/1/3 3131/1/3
f 1833/1/3 1888/1/3 3129/1/3
f 3129/1/3 1888/1/3 1963/1/3
f 2209/9/3 2208/9/3 2206/9/3
f 2206/9/3 2208/9/3 2207/9/3
f 2726/9/3 2725/9/3 2723/9/3
f 2723/9/3 2725/9/3 2724/9/3
f 1506/1/3 1505/1/3 1473/1/3
f 1473/1/3 1505/1/3 1508/1/3
f 3402/1/3 1711/1/3 1509/1/3
f 1509/1/3 1711/1/3 1550/1/3
f 1714/1/3 1713/1/3 1551/1/3
f 1551/1/3 1713/1/3 1715/1/3
f 1710/1/3 3403/1/3 1785/1/3
f 1785/1/3 3403/1/3 1783/1/3
f 1782/1/3 1832/1/3 1835/1/3
f 1835/1/3 1832/1/3 1833/1/3
f 2177/9/3 2176/9/3 1073/9/3
f 1073/9/3 2176/9/3 3394/9/3
f 3404/9/3 3405/9/3 32/9/3
f 32/9/3 3405/9/3 29/9/3
f 2756/9/3 2677/9/3 2210/9/3
f 2210/9/3 2677/9/3 2211/9/3
f 2676/9/3 2660/9/3 2192/9/3
f 2192/9/3 2660/9/3 3393/9/3
f 3405/9/3 2672/9/3 1118/9/3
f 1118/9/3 2672/9/3 158/9/3
f 2659/9/3 3406/9/3 2234/9/3
f 2234/9/3 3406/9/3 2235/9/3
f 2671/9/3 3407/9/3 2238/9/3
f 2238/9/3 3407/9/3 2239/9/3
f 3406/9/3 3408/9/3 2242/9/3
f 2242/9/3 3408/9/3 2243/9/3
f 3407/9/3 3409/9/3 2246/9/3
f 2246/9/3 3409/9/3 2247/9/3
f 3408/9/3 3410/9/3 2252/9/3
f 2252/9/3 3410/9/3 2253/9/3
f 3409/9/3 3411/9/3 2256/9/3
f 2256/9/3 3411/9/3 2257/9/3
f 3410/9/3 3412/9/3 2264/9/3
f 2264/9/3 3412/9/3 2265/9/3
f 3411/9/3 3413/9/3 2268/9/3
f 2268/9/3 3413/9/3 2269/9/3
f 3412/9/3 2540/9/3 2304/9/3
f 2304/9/3 2540/9/3 2305/9/3
f 3413/9/3 2546/9/3 2308/9/3
f 2308/9/3 2546/9/3 2309/9/3
f 2402/8/3 2401/8/3 305/8/3
f 305/8/3 2401/8/3 372/8/3
f 2767/8/3 2765/8/3 373/8/3
f 373/8/3 2765/8/3 532/8/3
f 2764/8/3 2762/8/3 591/8/3
f 591/8/3 2762/8/3 589/8/3
f 2541/9/3 3414/9/3 2595/9/3
f 2595/9/3 3414/9/3 2596/9/3
f 2547/9/3 3415/9/3 2606/9/3
f 2606/9/3 3415/9/3 2607/9/3
f 3414/9/3 3416/9/3 2613/9/3
f 2613/9/3 3416/9/3 2614/9/3
f 3415/9/3 3417/9/3 2621/9/3
f 2621/9/3 3417/9/3 2622/9/3
f 3416/9/3 3418/9/3 2628/9/3
f 2628/9/3 3418/9/3 2629/9/3
f 3417/9/3 3419/9/3 2634/9/3
f 2634/9/3 3419/9/3 2635/9/3
f 3418/9/3 3420/9/3 2641/9/3
f 2641/9/3 3420/9/3 2642/9/3
f 3419/9/3 3421/9/3 2645/9/3
f 2645/9/3 3421/9/3 2646/9/3
f 3420/9/3 2658/9/3 2656/9/3
f 2656/9/3 2658/9/3 2657/9/3
f 3421/9/3 2670/9/3 2668/9/3
f 2668/9/3 2670/9/3 2669/9/3
f 2661/9/3 2675/9/3 874/9/3
f 874/9/3 2675/9/3 3396/9/3
f 2678/9/3 2754/9/3 2727/9/3
f 2727/9/3 2754/9/3 2728/9/3
f 2753/9/3 2752/9/3 2709/9/3
f 2709/9/3 2752/9/3 3395/9/3
f 2673/9/3 3422/9/3 892/9/3
f 892/9/3 3422/9/3 1115/9/3
f 3423/10/3 3424/10/3 3404/10/3
f 3404/10/3 3424/10/3 3422/10/3
f 815/1/3 3425/1/3 3426/1/3
f 3426/1/3 3425/1/3 917/1/3
f 225/1/3 224/1/3 920/1/3
f 920/1/3 224/1/3 615/1/3
f 236/1/3 235/1/3 188/1/3
f 188/1/3 235/1/3 3427/1/3
f 235/9/3 282/9/3 3427/9/3
f 3427/9/3 282/9/3 3428/9/3
f 228/1/3 2360/1/3 326/1/3
f 326/1/3 2360/1/3 323/1/3
f 282/1/3 330/1/3 3428/1/3
f 3428/1/3 330/1/3 938/1/3
f 425/9/3 424/9/3 3430/9/3
f 3430/9/3 424/9/3 3429/9/3
f 424/1/3 442/1/3 3429/1/3
f 3429/1/3 442/1/3 631/1/3
f 794/1/3 793/1/3 936/1/3
f 936/1/3 793/1/3 933/1/3
f 162/9/3 3431/9/3 3432/9/3
f 3432/9/3 3431/9/3 876/9/3
f 173/9/3 3433/9/3 3434/9/3
f 3434/9/3 3433/9/3 894/9/3
f 45/9/3 44/9/3 50/9/3
f 50/9/3 44/9/3 47/9/3
f 53/9/3 52/9/3 58/9/3
f 58/9/3 52/9/3 55/9/3
f 61/9/3 60/9/3 66/9/3
f 66/9/3 60/9/3 63/9/3
f 69/9/3 68/9/3 74/9/3
f 74/9/3 68/9/3 71/9/3
f 77/9/3 76/9/3 82/9/3
f 82/9/3 76/9/3 79/9/3
f 123/9/3 122/9/3 879/9/3
f 879/9/3 122/9/3 3432/9/3
f 130/9/3 129/9/3 897/9/3
f 897/9/3 129/9/3 3434/9/3
f 216/9/3 215/9/3 161/9/3
f 161/9/3 215/9/3 296/9/3
f 240/9/3 239/9/3 172/9/3
f 172/9/3 239/9/3 336/9/3
f 417/9/3 416/9/3 295/9/3
f 295/9/3 416/9/3 470/9/3
f 429/9/3 428/9/3 335/9/3
f 335/9/3 428/9/3 489/9/3
f 571/9/3 570/9/3 469/9/3
f 469/9/3 570/9/3 643/9/3
f 597/9/3 596/9/3 488/9/3
f 488/9/3 596/9/3 659/9/3
f 2542/1/3 812/1/3 648/1/3
f 648/1/3 812/1/3 645/1/3
f 783/9/3 782/9/3 642/9/3
f 642/9/3 782/9/3 829/9/3
f 797/9/3 796/9/3 658/9/3
f 658/9/3 796/9/3 847/9/3
f 811/9/3 810/9/3 646/9/3
f 646/9/3 810/9/3 813/9/3
f 809/1/3 2630/1/3 807/1/3
f 807/1/3 2630/1/3 834/1/3
f 872/9/3 871/9/3 828/9/3
f 828/9/3 871/9/3 3431/9/3
f 890/9/3 889/9/3 846/9/3
f 846/9/3 889/9/3 3433/9/3
f 1006/9/3 1005/9/3 1011/9/3
f 1011/9/3 1005/9/3 1008/9/3
f 1014/9/3 1013/9/3 1019/9/3
f 1019/9/3 1013/9/3 1016/9/3
f 1022/9/3 1021/9/3 1027/9/3
f 1027/9/3 1021/9/3 1024/9/3
f 1030/9/3 1029/9/3 1035/9/3
f 1035/9/3 1029/9/3 1032/9/3
f 1038/9/3 1037/9/3 1043/9/3
f 1043/9/3 1037/9/3 1040/9/3
f 5/9/3 34/9/3 39/9/3
f 39/9/3 34/9/3 36/9/3
f 42/9/3 41/9/3 46/9/3
f 46/9/3 41/9/3 43/9/3
f 21/9/3 88/9/3 93/9/3
f 93/9/3 88/9/3 90/9/3
f 96/9/3 3435/9/3 3436/9/3
f 3436/9/3 3435/9/3 896/9/3
f 651/1/3 650/1/3 614/1/3
f 614/1/3 650/1/3 3426/1/3
f 649/1/3 838/1/3 812/1/3
f 812/1/3 838/1/3 809/1/3
f 650/1/3 3437/1/3 2617/1/3
f 2617/1/3 3437/1/3 2618/1/3
f 3437/1/3 839/1/3 814/1/3
f 814/1/3 839/1/3 3425/1/3
f 905/9/3 995/9/3 1000/9/3
f 1000/9/3 995/9/3 997/9/3
f 1003/9/3 1002/9/3 1007/9/3
f 1007/9/3 1002/9/3 1004/9/3
f 944/9/3 1049/9/3 1054/9/3
f 1054/9/3 1049/9/3 1051/9/3
f 1057/9/3 3438/9/3 3439/9/3
f 3439/9/3 3438/9/3 3424/9/3
f 3/9/3 2/9/3 8/9/3
f 8/9/3 2/9/3 5/9/3
f 11/9/3 10/9/3 16/9/3
f 16/9/3 10/9/3 13/9/3
f 19/9/3 18/9/3 24/9/3
f 24/9/3 18/9/3 21/9/3
f 27/9/3 26/9/3 3423/9/3
f 3423/9/3 26/9/3 3436/9/3
f 99/9/3 98/9/3 34/9/3
f 34/9/3 98/9/3 101/9/3
f 105/9/3 104/9/3 915/9/3
f 915/9/3 104/9/3 878/9/3
f 109/9/3 108/9/3 88/9/3
f 88/9/3 108/9/3 111/9/3
f 115/9/3 114/9/3 95/9/3
f 95/9/3 114/9/3 3435/9/3
f 279/1/3 278/1/3 283/1/3
f 283/1/3 278/1/3 281/1/3
f 278/9/3 328/9/3 281/9/3
f 281/9/3 328/9/3 329/9/3
f 328/1/3 390/1/3 939/1/3
f 939/1/3 390/1/3 3430/1/3
f 903/9/3 902/9/3 908/9/3
f 908/9/3 902/9/3 905/9/3
f 911/9/3 910/9/3 877/9/3
f 877/9/3 910/9/3 913/9/3
f 942/9/3 941/9/3 947/9/3
f 947/9/3 941/9/3 944/9/3
f 950/9/3 949/9/3 895/9/3
f 895/9/3 949/9/3 3439/9/3
f 1063/9/3 1062/9/3 995/9/3
f 995/9/3 1062/9/3 1065/9/3
f 1069/9/3 1068/9/3 1104/9/3
f 1104/9/3 1068/9/3 1101/9/3
f 1107/9/3 1106/9/3 1049/9/3
f 1049/9/3 1106/9/3 1109/9/3
f 1113/9/3 1112/9/3 1056/9/3
f 1056/9/3 1112/9/3 3438/9/3
f 2355/8/3 2394/8/3 384/8/3
f 384/8/3 2394/8/3 381/8/3
f 2396/8/3 2479/8/3 931/8/3
f 931/8/3 2479/8/3 928/8/3
f 2504/8/3 2503/8/3 929/8/3
f 929/8/3 2503/8/3 925/8/3
f 310/1/3 309/1/3 2354/1/3
f 2354/1/3 309/1/3 2355/1/3
f 377/1/3 376/1/3 2395/1/3
f 2395/1/3 376/1/3 2396/1/3
f 537/1/3 536/1/3 2480/1/3
f 2480/1/3 536/1/3 2481/1/3
f 535/1/3 593/1/3 2479/1/3
f 2479/1/3 593/1/3 2505/1/3
f 592/1/3 622/1/3 2503/1/3
f 2503/1/3 622/1/3 2529/1/3
f 3440/8/3 3441/8/3 309/8/3
f 309/8/3 3441/8/3 375/8/3
f 3442/8/3 2956/8/3 594/8/3
f 594/8/3 2956/8/3 592/8/3
f 3225/11/3 3054/11/3 1504/11/3
f 1504/11/3 3054/11/3 1708/11/3
f 2957/11/3 3058/11/3 3402/11/3
f 3402/11/3 3058/11/3 1711/11/3
f 3055/11/3 3221/11/3 1707/11/3
f 1707/11/3 3221/11/3 1781/11/3
f 3059/11/3 3229/11/3 1710/11/3
f 1710/11/3 3229/11/3 3403/11/3
f 2398/1/3 2397/1/3 3440/1/3
f 3440/1/3 2397/1/3 3441/1/3
f 2400/8/3 3233/8/3 376/8/3
f 376/8/3 3233/8/3 535/8/3
f 3232/1/3 3231/1/3 3442/1/3
f 3442/1/3 3231/1/3 3230/1/3
f 2008/1/3 2007/1/3 2399/1/3
f 2399/1/3 2007/1/3 3234/1/3
f 2004/1/3 2003/1/3 2009/1/3
f 2009/1/3 2003/1/3 2006/1/3
f 3443/1/4 2773/1/4 3444/1/4
f 3444/1/4 2773/1/4 2772/1/4
f 3444/8/4 2772/8/4 2039/8/4
f 2039/8/4 2772/8/4 3288/8/4
f 146/4/4 117/4/4 143/4/4
f 143/4/4 117/4/4 141/4/4
f 276/4/4 628/4/4 274/4/4
f 274/4/4 628/4/4 656/4/4
f 394/4/4 284/4/4 391/4/4
f 391/4/4 284/4/4 386/4/4
f 540/4/4 759/4/4 538/4/4
f 538/4/4 759/4/4 763/4/4
f 753/4/4 626/4/4 750/4/4
f 750/4/4 626/4/4 748/4/4
f 856/4/4 1091/4/4 854/4/4
f 854/4/4 1091/4/4 1095/4/4
f 1567/5/4 1534/5/4 1564/5/4
f 1564/5/4 1534/5/4 1562/5/4
f 1617/5/4 1561/5/4 1615/5/4
f 1615/5/4 1561/5/4 2098/5/4
f 1616/5/4 2097/5/4 1754/5/4
f 1754/5/4 2097/5/4 2101/5/4
f 1865/5/4 1810/5/4 1862/5/4
f 1862/5/4 1810/5/4 1859/5/4
f 1923/5/4 1858/5/4 1921/5/4
f 1921/5/4 1858/5/4 2151/5/4
f 1922/5/4 2150/5/4 1987/5/4
f 1987/5/4 2150/5/4 2158/5/4
f 2182/1/4 772/1/4 2183/1/4
f 2183/1/4 772/1/4 1131/1/4
f 2186/1/4 459/1/4 2187/1/4
f 2187/1/4 459/1/4 1157/1/4
f 2280/1/4 164/1/4 2281/1/4
f 2281/1/4 164/1/4 262/1/4
f 2284/1/4 168/1/4 2285/1/4
f 2285/1/4 168/1/4 266/1/4
f 193/6/4 140/6/4 190/6/4
f 190/6/4 140/6/4 629/6/4
f 182/1/4 3445/1/4 3446/1/4
f 3446/1/4 3445/1/4 2298/1/4
f 198/1/4 3447/1/4 3448/1/4
f 3448/1/4 3447/1/4 2312/1/4
f 2278/10/4 2328/10/4 2326/10/4
f 2326/10/4 2328/10/4 2327/10/4
f 2335/1/4 259/1/4 2336/1/4
f 2336/1/4 259/1/4 349/1/4
f 2339/1/4 263/1/4 2340/1/4
f 2340/1/4 263/1/4 353/1/4
f 2412/1/4 346/1/4 2413/1/4
f 2413/1/4 346/1/4 467/1/4
f 2416/1/4 350/1/4 2417/1/4
f 2417/1/4 350/1/4 475/1/4
f 446/6/4 385/6/4 443/6/4
f 443/6/4 385/6/4 760/6/4
f 2410/10/4 2436/10/4 2434/10/4
f 2434/10/4 2436/10/4 2435/10/4
f 2455/1/4 464/1/4 2456/1/4
f 2456/1/4 464/1/4 568/1/4
f 2459/1/4 472/1/4 2460/1/4
f 2460/1/4 472/1/4 576/1/4
f 447/1/4 3322/1/4 3449/1/4
f 3449/1/4 3322/1/4 2484/1/4
f 2514/1/4 565/1/4 2515/1/4
f 2515/1/4 565/1/4 735/1/4
f 2518/1/4 573/1/4 2519/1/4
f 2519/1/4 573/1/4 739/1/4
f 2512/10/4 2578/10/4 2576/10/4
f 2576/10/4 2578/10/4 2577/10/4
f 2591/1/4 732/1/4 2592/1/4
f 2592/1/4 732/1/4 869/1/4
f 2599/1/4 736/1/4 2600/1/4
f 2600/1/4 736/1/4 1076/1/4
f 819/6/4 747/6/4 816/6/4
f 816/6/4 747/6/4 1092/6/4
f 1525/6/4 2962/6/4 1522/6/4
f 1522/6/4 2962/6/4 1567/6/4
f 1610/6/4 3013/6/4 1607/6/4
f 1607/6/4 3013/6/4 3012/6/4
f 1637/6/4 1630/6/4 1634/6/4
f 1634/6/4 1630/6/4 1629/6/4
f 1793/6/4 1754/6/4 1790/6/4
f 1790/6/4 1754/6/4 3102/6/4
f 1805/6/4 3110/6/4 1802/6/4
f 1802/6/4 3110/6/4 1865/6/4
f 1916/6/4 3169/6/4 1913/6/4
f 1913/6/4 3169/6/4 3168/6/4
f 2034/6/4 1987/6/4 2031/6/4
f 2031/6/4 1987/6/4 3251/6/4
f 2344/8/4 319/8/4 2374/8/4
f 2374/8/4 319/8/4 355/8/4
f 2372/8/4 354/8/4 2466/8/4
f 2466/8/4 354/8/4 1081/8/4
f 3338/5/4 1142/5/4 2854/5/4
f 2854/5/4 1142/5/4 1146/5/4
f 2489/8/4 1080/8/4 2490/8/4
f 2490/8/4 1080/8/4 1084/8/4
f 2855/5/4 1145/5/4 3341/5/4
f 3341/5/4 1145/5/4 1149/5/4
f 802/1/4 770/1/4 799/1/4
f 799/1/4 770/1/4 3450/1/4
f 799/9/4 3450/9/4 822/9/4
f 822/9/4 3450/9/4 3451/9/4
f 822/1/4 3451/1/4 849/1/4
f 849/1/4 3451/1/4 1123/1/4
f 2046/1/4 3444/1/4 3452/1/4
f 3452/1/4 3444/1/4 1388/1/4
f 1297/1/4 1167/1/4 1294/1/4
f 1294/1/4 1167/1/4 2091/1/4
f 3342/5/4 1307/5/4 2839/5/4
f 2839/5/4 1307/5/4 1306/5/4
f 2836/5/4 2141/5/4 2856/5/4
f 2856/5/4 2141/5/4 2145/5/4
f 3452/1/4 2886/1/4 3453/1/4
f 3453/1/4 2886/1/4 2885/1/4
f 3453/1/4 1385/1/4 3454/1/4
f 3454/1/4 1385/1/4 1946/1/4
f 1487/6/4 2936/6/4 1484/6/4
f 1484/6/4 2936/6/4 1525/6/4
f 1602/6/4 3009/6/4 1599/6/4
f 1599/6/4 3009/6/4 3008/6/4
f 1645/6/4 1636/6/4 1642/6/4
f 1642/6/4 1636/6/4 1635/6/4
f 1765/6/4 3086/6/4 1762/6/4
f 1762/6/4 3086/6/4 1805/6/4
f 1847/6/4 1790/6/4 1844/6/4
f 1844/6/4 1790/6/4 3138/6/4
f 1908/6/4 3165/6/4 1905/6/4
f 1905/6/4 3165/6/4 3164/6/4
f 3454/1/4 3181/1/4 3455/1/4
f 3455/1/4 3181/1/4 3180/1/4
f 3455/1/4 1943/1/4 3456/1/4
f 3456/1/4 1943/1/4 2042/1/4
f 3456/1/4 3256/1/4 2043/1/4
f 2043/1/4 3256/1/4 3255/1/4
f 2121/6/4 3298/6/4 2118/6/4
f 2118/6/4 3298/6/4 3297/6/4
f 2162/6/4 2031/6/4 2159/6/4
f 2159/6/4 2031/6/4 3311/6/4
f 186/10/4 2279/10/4 183/10/4
f 183/10/4 2279/10/4 2278/10/4
f 258/10/4 2325/10/4 256/10/4
f 256/10/4 2325/10/4 2324/10/4
f 257/10/4 2326/10/4 298/10/4
f 298/10/4 2326/10/4 2334/10/4
f 422/10/4 2411/10/4 419/10/4
f 419/10/4 2411/10/4 2410/10/4
f 463/10/4 2433/10/4 461/10/4
f 461/10/4 2433/10/4 2432/10/4
f 3457/5/4 457/5/4 553/5/4
f 553/5/4 457/5/4 501/5/4
f 2406/9/4 2851/9/4 2449/9/4
f 2449/9/4 2851/9/4 3327/9/4
f 3348/5/4 509/5/4 2453/5/4
f 2453/5/4 509/5/4 508/5/4
f 462/10/4 2434/10/4 518/10/4
f 518/10/4 2434/10/4 2454/10/4
f 554/5/4 500/5/4 551/5/4
f 551/5/4 500/5/4 1134/5/4
f 552/5/4 1133/5/4 2531/5/4
f 2531/5/4 1133/5/4 1137/5/4
f 610/10/4 2513/10/4 607/10/4
f 607/10/4 2513/10/4 2512/10/4
f 2532/10/4 3328/10/4 2533/10/4
f 2533/10/4 3328/10/4 2834/10/4
f 731/10/4 2575/10/4 729/10/4
f 729/10/4 2575/10/4 2574/10/4
f 730/10/4 2576/10/4 785/10/4
f 785/10/4 2576/10/4 2590/10/4
f 2530/10/4 2833/10/4 2822/10/4
f 2822/10/4 2833/10/4 3332/10/4
f 2820/5/4 1263/5/4 1327/5/4
f 1327/5/4 1263/5/4 1303/5/4
f 1328/5/4 1302/5/4 1325/5/4
f 1325/5/4 1302/5/4 2117/5/4
f 1326/5/4 2116/5/4 3458/5/4
f 3458/5/4 2116/5/4 2132/5/4
f 2880/5/4 2144/5/4 2881/5/4
f 2881/5/4 2144/5/4 2148/5/4
f 1533/3/4 2967/3/4 2918/3/4
f 2918/3/4 2967/3/4 2926/3/4
f 2915/6/4 2925/6/4 2987/6/4
f 2987/6/4 2925/6/4 1487/6/4
f 2988/3/4 1486/3/4 1530/3/4
f 1530/3/4 1486/3/4 2966/3/4
f 1560/3/4 2983/3/4 1557/3/4
f 1557/3/4 2983/3/4 2982/3/4
f 1816/3/4 3115/3/4 2997/3/4
f 2997/3/4 3115/3/4 3037/3/4
f 3004/6/4 3007/6/4 3005/6/4
f 3005/6/4 3007/6/4 3006/6/4
f 2986/1/4 1564/1/4 3018/1/4
f 3018/1/4 1564/1/4 1616/1/4
f 3026/6/4 1644/6/4 3027/6/4
f 3027/6/4 1644/6/4 1643/6/4
f 2994/6/4 3036/6/4 3149/6/4
f 3149/6/4 3036/6/4 1765/6/4
f 1761/3/4 3083/3/4 1758/3/4
f 1758/3/4 3083/3/4 3082/3/4
f 3150/3/4 1764/3/4 1813/3/4
f 1813/3/4 1764/3/4 3114/3/4
f 1857/3/4 3145/3/4 1854/3/4
f 1854/3/4 3145/3/4 3144/3/4
f 3160/6/4 3163/6/4 3161/6/4
f 3161/6/4 3163/6/4 3162/6/4
f 3148/1/4 1862/1/4 3174/1/4
f 3174/1/4 1862/1/4 1922/1/4
f 1978/3/4 3204/3/4 1975/3/4
f 1975/3/4 3204/3/4 3203/3/4
f 2136/3/4 3305/3/4 3210/3/4
f 3210/3/4 3305/3/4 3250/3/4
f 3207/6/4 3249/6/4 3302/6/4
f 3302/6/4 3249/6/4 2121/6/4
f 3303/3/4 2120/3/4 2133/3/4
f 2133/3/4 2120/3/4 2119/3/4
f 2155/3/4 3309/3/4 2152/3/4
f 2152/3/4 3309/3/4 3308/3/4
f 2249/1/4 134/1/4 201/1/4
f 201/1/4 134/1/4 133/1/4
f 202/9/4 132/9/4 199/9/4
f 199/9/4 132/9/4 197/9/4
f 200/1/4 203/1/4 2311/1/4
f 2311/1/4 203/1/4 246/1/4
f 270/10/4 183/10/4 267/10/4
f 267/10/4 183/10/4 257/10/4
f 303/1/4 2345/1/4 300/1/4
f 300/1/4 2345/1/4 2344/1/4
f 2318/9/4 2407/9/4 2366/9/4
f 2366/9/4 2407/9/4 2448/9/4
f 359/1/4 2373/1/4 357/1/4
f 357/1/4 2373/1/4 2372/1/4
f 2405/1/4 405/1/4 495/1/4
f 495/1/4 405/1/4 404/1/4
f 2364/10/4 2447/10/4 2426/10/4
f 2426/10/4 2447/10/4 3337/10/4
f 479/10/4 419/10/4 476/10/4
f 476/10/4 419/10/4 462/10/4
f 496/9/4 403/9/4 493/9/4
f 493/9/4 403/9/4 492/9/4
f 522/1/4 2465/1/4 520/1/4
f 520/1/4 2465/1/4 2464/1/4
f 494/1/4 497/1/4 2483/1/4
f 2483/1/4 497/1/4 545/1/4
f 521/1/4 2466/1/4 577/1/4
f 577/1/4 2466/1/4 2488/1/4
f 2424/10/4 3457/10/4 2508/10/4
f 2508/10/4 3457/10/4 2531/10/4
f 578/1/4 2490/1/4 617/1/4
f 617/1/4 2490/1/4 2524/1/4
f 743/10/4 607/10/4 740/10/4
f 740/10/4 607/10/4 730/10/4
f 1886/11/4 3271/11/4 1394/11/4
f 1394/11/4 3271/11/4 3265/11/4
f 1395/11/4 3264/11/4 1391/11/4
f 1391/11/4 3264/11/4 3262/11/4
f 2506/10/4 2821/10/4 2873/10/4
f 2873/10/4 2821/10/4 3458/10/4
f 1422/11/4 3261/11/4 1420/11/4
f 1420/11/4 3261/11/4 3187/11/4
f 1952/11/4 3186/11/4 1823/11/4
f 1823/11/4 3186/11/4 3122/11/4
f 1448/3/4 2916/3/4 1568/3/4
f 1568/3/4 2916/3/4 2986/3/4
f 1594/3/4 3003/3/4 1591/3/4
f 1591/3/4 3003/3/4 3002/3/4
f 1824/11/4 3121/11/4 1821/11/4
f 1821/11/4 3121/11/4 3120/11/4
f 1586/3/4 2995/3/4 1866/3/4
f 1866/3/4 2995/3/4 3148/3/4
f 1900/3/4 3159/3/4 1897/3/4
f 1897/3/4 3159/3/4 3158/3/4
f 1822/11/4 3123/11/4 1950/11/4
f 1950/11/4 3123/11/4 3185/11/4
f 1619/3/4 3018/3/4 2023/3/4
f 2023/3/4 3018/3/4 3245/3/4
f 1951/11/4 3188/11/4 2050/11/4
f 2050/11/4 3188/11/4 3260/11/4
f 1982/3/4 3208/3/4 2122/3/4
f 2122/3/4 3208/3/4 3301/3/4
f 1925/3/4 3174/3/4 2163/3/4
f 2163/3/4 3174/3/4 2153/3/4
f 213/1/4 2299/1/4 3459/1/4
f 3459/1/4 2299/1/4 3445/1/4
f 244/1/4 2313/1/4 3460/1/4
f 3460/1/4 2313/1/4 3447/1/4
f 3459/1/4 2275/1/4 3461/1/4
f 3461/1/4 2275/1/4 2274/1/4
f 3460/1/4 2291/1/4 3462/1/4
f 3462/1/4 2291/1/4 2290/1/4
f 251/1/4 201/1/4 248/1/4
f 248/1/4 201/1/4 200/1/4
f 3461/1/4 179/1/4 210/1/4
f 210/1/4 179/1/4 3446/1/4
f 3462/1/4 196/1/4 242/1/4
f 242/1/4 196/1/4 3448/1/4
f 2294/9/4 2319/9/4 414/9/4
f 414/9/4 2319/9/4 2318/9/4
f 543/1/4 2485/1/4 3463/1/4
f 3463/1/4 2485/1/4 3321/1/4
f 3463/1/4 2443/1/4 3464/1/4
f 3464/1/4 2443/1/4 2442/1/4
f 550/1/4 495/1/4 547/1/4
f 547/1/4 495/1/4 494/1/4
f 412/8/4 436/8/4 511/8/4
f 511/8/4 436/8/4 1339/8/4
f 3464/1/4 491/1/4 541/1/4
f 541/1/4 491/1/4 3449/1/4
f 3465/10/4 3466/10/4 1374/10/4
f 1374/10/4 3466/10/4 2506/10/4
f 512/8/4 1338/8/4 637/8/4
f 637/8/4 1338/8/4 3467/8/4
f 3370/8/4 1179/8/4 3372/8/4
f 3372/8/4 1179/8/4 1178/8/4
f 1269/9/4 2826/9/4 1266/9/4
f 1266/9/4 2826/9/4 1886/9/4
f 1314/9/4 2840/9/4 1312/9/4
f 1312/9/4 2840/9/4 1395/9/4
f 1287/9/4 1513/9/4 1319/9/4
f 1319/9/4 1513/9/4 2076/9/4
f 3371/8/4 1341/8/4 1376/8/4
f 1376/8/4 1341/8/4 1340/8/4
f 1349/9/4 2857/9/4 1347/9/4
f 1347/9/4 2857/9/4 1422/9/4
f 1320/9/4 2075/9/4 1358/9/4
f 1358/9/4 2075/9/4 2082/9/4
f 3468/10/4 2872/10/4 3469/10/4
f 3469/10/4 2872/10/4 2871/10/4
f 1419/9/4 2904/9/4 1417/9/4
f 1417/9/4 2904/9/4 1952/9/4
f 1359/9/4 2081/9/4 1438/9/4
f 1438/9/4 2081/9/4 1968/9/4
f 1461/9/4 2927/9/4 1459/9/4
f 1459/9/4 2927/9/4 1824/9/4
f 1439/9/4 1967/9/4 1479/9/4
f 1479/9/4 1967/9/4 1839/9/4
f 1521/3/4 2959/3/4 1518/3/4
f 1518/3/4 2959/3/4 2958/3/4
f 1582/3/4 2991/3/4 1579/3/4
f 1579/3/4 2991/3/4 2990/3/4
f 1598/6/4 1593/6/4 1595/6/4
f 1595/6/4 1593/6/4 1592/6/4
f 1656/6/4 1648/6/4 1653/6/4
f 1653/6/4 1648/6/4 1647/6/4
f 1753/3/4 3079/3/4 1750/3/4
f 1750/3/4 3079/3/4 3078/3/4
f 1801/3/4 3107/3/4 1798/3/4
f 1798/3/4 3107/3/4 3106/3/4
f 1494/9/4 3119/9/4 1817/9/4
f 1817/9/4 3119/9/4 3118/9/4
f 1480/9/4 1838/9/4 1840/9/4
f 1840/9/4 1838/9/4 1837/9/4
f 2108/3/4 3291/3/4 1895/3/4
f 1895/3/4 3291/3/4 1849/3/4
f 3470/3/4 3471/3/4 3472/3/4
f 3472/3/4 3471/3/4 2053/3/4
f 1896/6/4 1848/6/4 1893/6/4
f 1893/6/4 1848/6/4 2026/6/4
f 1904/6/4 1899/6/4 1901/6/4
f 1901/6/4 1899/6/4 1898/6/4
f 1818/9/4 1821/9/4 1947/9/4
f 1947/9/4 1821/9/4 3184/9/4
f 1971/9/4 1836/9/4 1969/9/4
f 1969/9/4 1836/9/4 1966/9/4
f 1986/3/4 3212/3/4 1983/3/4
f 1983/3/4 3212/3/4 3211/3/4
f 1948/9/4 1950/9/4 2047/9/4
f 2047/9/4 1950/9/4 3259/9/4
f 3473/3/4 3474/3/4 3475/3/4
f 3475/3/4 3474/3/4 2051/3/4
f 2019/9/4 1965/9/4 3476/9/4
f 3476/9/4 1965/9/4 2080/9/4
f 1894/3/4 2025/3/4 2105/3/4
f 2105/3/4 2025/3/4 3290/3/4
f 2114/3/4 3295/3/4 2111/3/4
f 2111/3/4 3295/3/4 3294/3/4
f 2175/3/4 3318/3/4 2172/3/4
f 2172/3/4 3318/3/4 2164/3/4
f 255/10/4 2294/10/4 252/10/4
f 252/10/4 2294/10/4 414/10/4
f 2316/10/4 2365/10/4 338/10/4
f 338/10/4 2365/10/4 2364/10/4
f 253/10/4 413/10/4 342/10/4
f 342/10/4 413/10/4 514/10/4
f 2362/10/4 2425/10/4 449/10/4
f 449/10/4 2425/10/4 2424/10/4
f 343/10/4 513/10/4 453/10/4
f 453/10/4 513/10/4 640/10/4
f 2422/10/4 2507/10/4 602/10/4
f 602/10/4 2507/10/4 3466/10/4
f 454/10/4 639/10/4 606/10/4
f 606/10/4 639/10/4 3477/10/4
f 602/9/4 3465/9/4 599/9/4
f 599/9/4 3465/9/4 1374/9/4
f 606/9/4 3477/9/4 603/9/4
f 603/9/4 3477/9/4 1380/9/4
f 696/4/4 633/4/4 693/4/4
f 693/4/4 633/4/4 3356/4/4
f 700/4/4 3467/4/4 697/4/4
f 697/4/4 3467/4/4 1180/4/4
f 1259/9/4 3468/9/4 981/9/4
f 981/9/4 3468/9/4 2699/9/4
f 982/4/4 2698/4/4 979/4/4
f 979/4/4 2698/4/4 2697/4/4
f 1221/4/4 3357/4/4 1218/4/4
f 1218/4/4 3357/4/4 3358/4/4
f 1225/4/4 1177/4/4 1222/4/4
f 1222/4/4 1177/4/4 1342/4/4
f 980/9/4 2700/9/4 1257/9/4
f 1257/9/4 2700/9/4 3478/9/4
f 604/9/4 1379/9/4 1260/9/4
f 1260/9/4 1379/9/4 3479/9/4
f 1257/10/4 3478/10/4 3480/10/4
f 3480/10/4 3478/10/4 3469/10/4
f 1260/10/4 3479/10/4 3377/10/4
f 3377/10/4 3479/10/4 1378/10/4
f 2892/5/4 1359/5/4 2893/5/4
f 2893/5/4 1359/5/4 1441/5/4
f 3375/10/4 2873/10/4 3481/10/4
f 3481/10/4 2873/10/4 2898/10/4
f 1491/6/4 1455/6/4 1488/6/4
f 1488/6/4 1455/6/4 2938/6/4
f 1606/6/4 1597/6/4 1603/6/4
f 1603/6/4 1597/6/4 1596/6/4
f 1652/6/4 3029/6/4 1649/6/4
f 1649/6/4 3029/6/4 3028/6/4
f 1769/6/4 1661/6/4 1766/6/4
f 1766/6/4 1661/6/4 3088/6/4
f 3482/8/4 3470/8/4 3484/8/4
f 3484/8/4 3470/8/4 3483/8/4
f 1853/6/4 3142/6/4 1850/6/4
f 1850/6/4 3142/6/4 1896/6/4
f 1912/6/4 1903/6/4 1909/6/4
f 1909/6/4 1903/6/4 1902/6/4
f 3485/8/4 3473/8/4 3487/8/4
f 3487/8/4 3473/8/4 3486/8/4
f 3281/5/4 2017/5/4 3282/5/4
f 3282/5/4 2017/5/4 3476/5/4
f 2129/6/4 2027/6/4 2126/6/4
f 2126/6/4 2027/6/4 2112/6/4
f 2168/6/4 3315/6/4 2165/6/4
f 2165/6/4 3315/6/4 3314/6/4
f 209/9/4 2295/9/4 206/9/4
f 206/9/4 2295/9/4 2294/9/4
f 290/9/4 2317/9/4 288/9/4
f 288/9/4 2317/9/4 341/9/4
f 207/9/4 254/9/4 291/9/4
f 291/9/4 254/9/4 345/9/4
f 433/9/4 2363/9/4 431/9/4
f 431/9/4 2363/9/4 452/9/4
f 292/9/4 344/9/4 438/9/4
f 438/9/4 344/9/4 456/9/4
f 557/9/4 2423/9/4 555/9/4
f 555/9/4 2423/9/4 602/9/4
f 439/9/4 455/9/4 562/9/4
f 562/9/4 455/9/4 606/9/4
f 978/4/4 2696/4/4 975/4/4
f 975/4/4 2696/4/4 2695/4/4
f 990/4/4 985/4/4 987/4/4
f 987/4/4 985/4/4 984/4/4
f 1357/5/4 2861/5/4 1354/5/4
f 1354/5/4 2861/5/4 2860/5/4
f 1370/9/4 1257/9/4 1367/9/4
f 1367/9/4 1257/9/4 3480/9/4
f 1384/9/4 1260/9/4 1381/9/4
f 1381/9/4 1260/9/4 3377/9/4
f 1355/5/4 2863/5/4 1436/5/4
f 1436/5/4 2863/5/4 2891/5/4
f 1368/9/4 3375/9/4 1407/9/4
f 1407/9/4 3375/9/4 3481/9/4
f 1416/9/4 1412/9/4 1414/9/4
f 1414/9/4 1412/9/4 1411/9/4
f 1437/5/4 2908/5/4 1434/5/4
f 1434/5/4 2908/5/4 2907/5/4
f 1529/6/4 1488/6/4 1526/6/4
f 1526/6/4 1488/6/4 2964/6/4
f 1614/6/4 1605/6/4 1611/6/4
f 1611/6/4 1605/6/4 1604/6/4
f 1627/1/4 1568/1/4 1624/1/4
f 1624/1/4 1568/1/4 1619/1/4
f 1641/6/4 3022/6/4 1638/6/4
f 1638/6/4 3022/6/4 3021/6/4
f 3000/10/4 1544/10/4 3488/10/4
f 3488/10/4 1544/10/4 2061/10/4
f 1879/3/4 1681/3/4 3489/3/4
f 3489/3/4 1681/3/4 3471/3/4
f 1797/6/4 3104/6/4 1794/6/4
f 1794/6/4 3104/6/4 1853/6/4
f 1809/6/4 1766/6/4 1806/6/4
f 1806/6/4 1766/6/4 3112/6/4
f 3489/3/4 3482/3/4 3490/3/4
f 3490/3/4 3482/3/4 3484/3/4
f 3490/3/4 3483/3/4 1877/3/4
f 1877/3/4 3483/3/4 3472/3/4
f 1920/6/4 1911/6/4 1917/6/4
f 1917/6/4 1911/6/4 1910/6/4
f 1933/1/4 1866/1/4 1930/1/4
f 1930/1/4 1866/1/4 1925/1/4
f 1880/3/4 2052/3/4 3491/3/4
f 3491/3/4 2052/3/4 3474/3/4
f 3491/3/4 3485/3/4 3492/3/4
f 3492/3/4 3485/3/4 3487/3/4
f 2013/5/4 3236/5/4 2010/5/4
f 2010/5/4 3236/5/4 3235/5/4
f 2038/6/4 3253/6/4 2035/6/4
f 2035/6/4 3253/6/4 2168/6/4
f 3492/3/4 3486/3/4 2054/3/4
f 2054/3/4 3486/3/4 3475/3/4
f 2011/5/4 3238/5/4 3493/5/4
f 3493/5/4 3238/5/4 3280/5/4
f 178/9/4 2259/9/4 3494/9/4
f 3494/9/4 2259/9/4 2258/9/4
f 3494/9/4 2271/9/4 175/9/4
f 175/9/4 2271/9/4 2270/9/4
f 688/4/4 2559/4/4 685/4/4
f 685/4/4 2559/4/4 2558/4/4
f 708/4/4 699/4/4 705/4/4
f 705/4/4 699/4/4 698/4/4
f 974/4/4 2694/4/4 971/4/4
f 971/4/4 2694/4/4 2693/4/4
f 1213/4/4 2802/4/4 1210/4/4
f 1210/4/4 2802/4/4 2801/4/4
f 1233/4/4 1224/4/4 1230/4/4
f 1230/4/4 1224/4/4 1223/4/4
f 1273/8/4 1268/8/4 1270/8/4
f 1270/8/4 1268/8/4 1267/8/4
f 1285/8/4 1276/8/4 1282/8/4
f 1282/8/4 1276/8/4 1275/8/4
f 1293/7/4 2829/7/4 1290/7/4
f 1290/7/4 2829/7/4 2828/7/4
f 1291/1/4 2831/1/4 1322/1/4
f 1322/1/4 2831/1/4 2844/1/4
f 1363/7/4 2866/7/4 1361/7/4
f 1361/7/4 2866/7/4 2865/7/4
f 1323/1/4 2846/1/4 1364/1/4
f 1364/1/4 2846/1/4 2868/1/4
f 1402/7/4 1355/7/4 1400/7/4
f 1400/7/4 1355/7/4 1436/7/4
f 1426/3/4 1389/3/4 1423/3/4
f 1423/3/4 1389/3/4 1421/3/4
f 1444/1/4 2912/1/4 1442/1/4
f 1442/1/4 2912/1/4 2911/1/4
f 1401/7/4 2922/7/4 1453/7/4
f 1453/7/4 2922/7/4 2921/7/4
f 1483/1/4 2934/1/4 1478/1/4
f 1478/1/4 2934/1/4 2931/1/4
f 1464/3/4 1420/3/4 1462/3/4
f 1462/3/4 1420/3/4 1684/3/4
f 1424/3/4 1467/3/4 1469/3/4
f 1469/3/4 1467/3/4 1466/3/4
f 1454/7/4 2924/7/4 1476/7/4
f 1476/7/4 2924/7/4 2930/7/4
f 1463/3/4 1683/3/4 1495/3/4
f 1495/3/4 1683/3/4 1695/3/4
f 1503/9/4 2944/9/4 1500/9/4
f 1500/9/4 2944/9/4 2943/9/4
f 1540/8/4 1492/8/4 1537/8/4
f 1537/8/4 1492/8/4 1668/8/4
f 1556/8/4 1515/8/4 1553/8/4
f 1553/8/4 1515/8/4 1745/8/4
f 1575/5/4 1526/5/4 1572/5/4
f 1572/5/4 1526/5/4 1627/5/4
f 1590/9/4 2999/9/4 1587/9/4
f 1587/9/4 2999/9/4 2998/9/4
f 1623/5/4 1613/5/4 1621/5/4
f 1621/5/4 1613/5/4 1612/5/4
f 1573/5/4 1626/5/4 1631/5/4
f 1631/5/4 1626/5/4 1625/5/4
f 1622/5/4 1624/5/4 1756/5/4
f 1756/5/4 1624/5/4 1797/5/4
f 1773/8/4 1665/8/4 1770/8/4
f 1770/8/4 1665/8/4 1820/8/4
f 1789/8/4 1742/8/4 1786/8/4
f 1786/8/4 1742/8/4 1843/8/4
f 1873/5/4 1806/5/4 1870/5/4
f 1870/5/4 1806/5/4 1933/5/4
f 1892/7/4 3153/7/4 1889/7/4
f 1889/7/4 3153/7/4 3152/7/4
f 1929/5/4 1919/5/4 1927/5/4
f 1927/5/4 1919/5/4 1918/5/4
f 1871/5/4 1932/5/4 1940/5/4
f 1940/5/4 1932/5/4 1931/5/4
f 1960/9/4 3190/9/4 1957/9/4
f 1957/9/4 3190/9/4 3189/9/4
f 1890/1/4 3155/1/4 1972/1/4
f 1972/1/4 3155/1/4 3200/1/4
f 1928/5/4 1930/5/4 1989/5/4
f 1989/5/4 1930/5/4 2038/5/4
f 2016/7/4 3240/7/4 2014/7/4
f 2014/7/4 3240/7/4 3239/7/4
f 1973/1/4 3202/1/4 2020/1/4
f 2020/1/4 3202/1/4 3242/1/4
f 2079/7/4 2011/7/4 2077/7/4
f 2077/7/4 2011/7/4 3493/7/4
f 970/4/4 2692/4/4 967/4/4
f 967/4/4 2692/4/4 2691/4/4
f 1281/8/4 1272/8/4 1278/8/4
f 1278/8/4 1272/8/4 1271/8/4
f 1672/8/4 1537/8/4 1669/8/4
f 1669/8/4 1537/8/4 1773/8/4
f 1749/8/4 1553/8/4 1746/8/4
f 1746/8/4 1553/8/4 1789/8/4
f 668/4/4 2551/4/4 665/4/4
f 665/4/4 2551/4/4 2550/4/4
f 680/4/4 2555/4/4 677/4/4
f 677/4/4 2555/4/4 2554/4/4
f 716/4/4 707/4/4 713/4/4
f 713/4/4 707/4/4 706/4/4
f 728/4/4 2571/4/4 725/4/4
f 725/4/4 2571/4/4 2570/4/4
f 966/4/4 2690/4/4 963/4/4
f 963/4/4 2690/4/4 2689/4/4
f 1196/4/4 2793/4/4 1193/4/4
f 1193/4/4 2793/4/4 2792/4/4
f 1206/4/4 2798/4/4 1203/4/4
f 1203/4/4 2798/4/4 2797/4/4
f 1241/4/4 1232/4/4 1238/4/4
f 1238/4/4 1232/4/4 1231/4/4
f 1252/4/4 2814/4/4 1249/4/4
f 1249/4/4 2814/4/4 2813/4/4
f 1318/8/4 1278/8/4 1315/8/4
f 1315/8/4 1278/8/4 2841/8/4
f 1676/8/4 1671/8/4 1673/8/4
f 1673/8/4 1671/8/4 1670/8/4
f 1741/8/4 3077/8/4 1738/8/4
f 1738/8/4 3077/8/4 3076/8/4
f 2230/9/4 3495/9/4 3496/9/4
f 3496/9/4 3495/9/4 159/9/4
f 962/4/4 2688/4/4 959/4/4
f 959/4/4 2688/4/4 2687/4/4
f 2747/9/4 3497/9/4 3498/9/4
f 3498/9/4 3497/9/4 1099/9/4
f 1353/8/4 1315/8/4 1350/8/4
f 1350/8/4 1315/8/4 2858/8/4
f 1680/8/4 1675/8/4 1677/8/4
f 1677/8/4 1675/8/4 1674/8/4
f 1737/8/4 3075/8/4 1734/8/4
f 1734/8/4 3075/8/4 3074/8/4
f 2348/8/4 300/8/4 2377/8/4
f 2377/8/4 300/8/4 358/8/4
f 2375/8/4 357/8/4 2469/8/4
f 2469/8/4 357/8/4 521/8/4
f 2492/8/4 579/8/4 2493/8/4
f 2493/8/4 579/8/4 578/8/4
f 664/4/4 2549/4/4 661/4/4
f 661/4/4 2549/4/4 2548/4/4
f 676/4/4 667/4/4 673/4/4
f 673/4/4 667/4/4 666/4/4
f 724/4/4 715/4/4 721/4/4
f 721/4/4 715/4/4 714/4/4
f 958/4/4 2686/4/4 955/4/4
f 955/4/4 2686/4/4 2685/4/4
f 1188/4/4 2789/4/4 1185/4/4
f 1185/4/4 2789/4/4 2788/4/4
f 1202/4/4 1195/4/4 1199/4/4
f 1199/4/4 1195/4/4 1194/4/4
f 1248/4/4 1240/4/4 1245/4/4
f 1245/4/4 1240/4/4 1239/4/4
f 1399/8/4 1350/8/4 1396/8/4
f 1396/8/4 1350/8/4 2889/8/4
f 1688/8/4 1679/8/4 1685/8/4
f 1685/8/4 1679/8/4 1678/8/4
f 1733/8/4 3073/8/4 1730/8/4
f 1730/8/4 3073/8/4 3072/8/4
f 2068/8/4 3268/8/4 2065/8/4
f 2065/8/4 3268/8/4 3267/8/4
f 2226/9/4 2229/9/4 2227/9/4
f 2227/9/4 2229/9/4 2228/9/4
f 672/4/4 663/4/4 669/4/4
f 669/4/4 663/4/4 662/4/4
f 684/4/4 675/4/4 681/4/4
f 681/4/4 675/4/4 674/4/4
f 720/4/4 2569/4/4 717/4/4
f 717/4/4 2569/4/4 2568/4/4
f 780/4/4 723/4/4 1183/4/4
f 1183/4/4 723/4/4 722/4/4
f 776/4/4 2585/4/4 774/4/4
f 774/4/4 2585/4/4 2584/4/4
f 805/4/4 2609/4/4 803/4/4
f 803/4/4 2609/4/4 2608/4/4
f 826/4/4 2624/4/4 824/4/4
f 824/4/4 2624/4/4 2623/4/4
f 853/4/4 2637/4/4 851/4/4
f 851/4/4 2637/4/4 2636/4/4
f 859/4/4 2648/4/4 857/4/4
f 857/4/4 2648/4/4 2647/4/4
f 900/4/4 2674/4/4 898/4/4
f 898/4/4 2674/4/4 958/4/4
f 954/4/4 2684/4/4 952/4/4
f 952/4/4 2684/4/4 2683/4/4
f 953/4/4 955/4/4 991/4/4
f 991/4/4 955/4/4 2707/4/4
f 2743/9/4 2746/9/4 2744/9/4
f 2744/9/4 2746/9/4 2745/9/4
f 992/4/4 2708/4/4 1058/4/4
f 1058/4/4 2708/4/4 2749/4/4
f 1059/4/4 2751/4/4 1124/4/4
f 1124/4/4 2751/4/4 2776/4/4
f 1125/4/4 2778/4/4 1161/4/4
f 1161/4/4 2778/4/4 2781/4/4
f 1162/4/4 2783/4/4 1164/4/4
f 1164/4/4 2783/4/4 2784/4/4
f 1172/4/4 2787/4/4 1198/4/4
f 1198/4/4 2787/4/4 2796/4/4
f 1165/4/4 2786/4/4 1191/4/4
f 1191/4/4 2786/4/4 2790/4/4
f 718/4/4 721/4/4 1181/4/4
f 1181/4/4 721/4/4 1248/4/4
f 1192/4/4 1187/4/4 1189/4/4
f 1189/4/4 1187/4/4 1186/4/4
f 1171/4/4 1201/4/4 1207/4/4
f 1207/4/4 1201/4/4 1200/4/4
f 1244/4/4 2812/4/4 1242/4/4
f 1242/4/4 2812/4/4 2811/4/4
f 1182/4/4 1247/4/4 1253/4/4
f 1253/4/4 1247/4/4 1246/4/4
f 1433/8/4 1396/8/4 1430/8/4
f 1430/8/4 1396/8/4 2905/8/4
f 2947/10/4 1511/10/4 2975/10/4
f 2975/10/4 1511/10/4 1545/10/4
f 2973/10/4 1589/10/4 3499/10/4
f 3499/10/4 1589/10/4 1588/10/4
f 1692/8/4 1687/8/4 1689/8/4
f 1689/8/4 1687/8/4 1686/8/4
f 3499/10/4 3001/10/4 3051/10/4
f 3051/10/4 3001/10/4 3488/10/4
f 1729/8/4 3071/8/4 1726/8/4
f 1726/8/4 3071/8/4 3070/8/4
f 3094/10/4 2060/10/4 3095/10/4
f 3095/10/4 2060/10/4 2064/10/4
f 2001/8/4 3223/8/4 1998/8/4
f 1998/8/4 3223/8/4 2068/8/4
f 2222/9/4 2225/9/4 2223/9/4
f 2223/9/4 2225/9/4 2224/9/4
f 307/1/4 2349/1/4 304/1/4
f 304/1/4 2349/1/4 2348/1/4
f 362/1/4 2376/1/4 360/1/4
f 360/1/4 2376/1/4 2375/1/4
f 525/1/4 2468/1/4 523/1/4
f 523/1/4 2468/1/4 2467/1/4
f 524/1/4 2469/1/4 580/1/4
f 580/1/4 2469/1/4 2491/1/4
f 581/1/4 2493/1/4 619/1/4
f 619/1/4 2493/1/4 2526/1/4
f 692/4/4 683/4/4 689/4/4
f 689/4/4 683/4/4 682/4/4
f 712/4/4 2565/4/4 709/4/4
f 709/4/4 2565/4/4 2564/4/4
f 2739/9/4 2742/9/4 2740/9/4
f 2740/9/4 2742/9/4 2741/9/4
f 1217/4/4 1209/4/4 1214/4/4
f 1214/4/4 1209/4/4 1208/4/4
f 1237/4/4 2808/4/4 1234/4/4
f 1234/4/4 2808/4/4 2807/4/4
f 1452/8/4 1430/8/4 1449/8/4
f 1449/8/4 1430/8/4 2919/8/4
f 2928/1/4 2948/1/4 2942/1/4
f 2942/1/4 2948/1/4 2947/1/4
f 2940/1/4 2974/1/4 2972/1/4
f 2972/1/4 2974/1/4 2973/1/4
f 1699/8/4 1691/8/4 1696/8/4
f 1696/8/4 1691/8/4 1690/8/4
f 2970/1/4 3050/1/4 3048/1/4
f 3048/1/4 3050/1/4 3049/1/4
f 1725/8/4 3069/8/4 1722/8/4
f 1722/8/4 3069/8/4 3068/8/4
f 3091/1/4 3051/1/4 3092/1/4
f 3092/1/4 3051/1/4 3093/1/4
f 3125/1/4 3095/1/4 3126/1/4
f 3126/1/4 3095/1/4 3127/1/4
f 1964/8/4 3193/8/4 1961/8/4
f 1961/8/4 3193/8/4 2001/8/4
f 2218/9/4 2221/9/4 2219/9/4
f 2219/9/4 2221/9/4 2220/9/4
f 704/4/4 691/4/4 701/4/4
f 701/4/4 691/4/4 690/4/4
f 2735/9/4 2738/9/4 2736/9/4
f 2736/9/4 2738/9/4 2737/9/4
f 1229/4/4 1216/4/4 1226/4/4
f 1226/4/4 1216/4/4 1215/4/4
f 1475/1/4 1449/1/4 1472/1/4
f 1472/1/4 1449/1/4 2928/1/4
f 1499/1/4 2941/1/4 1497/1/4
f 1497/1/4 2941/1/4 2940/1/4
f 1543/1/4 2971/1/4 1541/1/4
f 1541/1/4 2971/1/4 2970/1/4
f 1702/1/4 1698/1/4 1700/1/4
f 1700/1/4 1698/1/4 1697/1/4
f 1701/1/4 3048/1/4 1778/1/4
f 1778/1/4 3048/1/4 3090/1/4
f 1779/1/4 3092/1/4 1828/1/4
f 1828/1/4 3092/1/4 3124/1/4
f 1829/1/4 3126/1/4 1887/1/4
f 1887/1/4 3126/1/4 1964/1/4
f 2214/9/4 2217/9/4 2215/9/4
f 2215/9/4 2217/9/4 2216/9/4
f 2731/9/4 2734/9/4 2732/9/4
f 2732/9/4 2734/9/4 2733/9/4
f 1507/1/4 1472/1/4 1504/1/4
f 1504/1/4 1472/1/4 1498/1/4
f 3500/1/4 1497/1/4 1705/1/4
f 1705/1/4 1497/1/4 1542/1/4
f 1706/1/4 1541/1/4 1703/1/4
f 1703/1/4 1541/1/4 1701/1/4
f 1704/1/4 1780/1/4 3501/1/4
f 3501/1/4 1780/1/4 1779/1/4
f 1781/1/4 1830/1/4 1831/1/4
f 1831/1/4 1830/1/4 1829/1/4
f 2178/9/4 119/9/4 2179/9/4
f 2179/9/4 119/9/4 3495/9/4
f 2358/9/4 2213/9/4 2680/9/4
f 2680/9/4 2213/9/4 2212/9/4
f 3502/9/4 3443/9/4 2651/9/4
f 2651/9/4 3443/9/4 866/9/4
f 2681/9/4 2231/9/4 2663/9/4
f 2663/9/4 2231/9/4 3496/9/4
f 2652/9/4 2233/9/4 3503/9/4
f 3503/9/4 2233/9/4 2232/9/4
f 2664/9/4 2237/9/4 3504/9/4
f 3504/9/4 2237/9/4 2236/9/4
f 3503/9/4 2241/9/4 3505/9/4
f 3505/9/4 2241/9/4 2240/9/4
f 3504/9/4 2245/9/4 3506/9/4
f 3506/9/4 2245/9/4 2244/9/4
f 3505/9/4 2251/9/4 3507/9/4
f 3507/9/4 2251/9/4 2250/9/4
f 3506/9/4 2255/9/4 3508/9/4
f 3508/9/4 2255/9/4 2254/9/4
f 3507/9/4 2263/9/4 3509/9/4
f 3509/9/4 2263/9/4 2262/9/4
f 3508/9/4 2267/9/4 3510/9/4
f 3510/9/4 2267/9/4 2266/9/4
f 3509/9/4 2303/9/4 2539/9/4
f 2539/9/4 2303/9/4 2302/9/4
f 3510/9/4 2307/9/4 2545/9/4
f 2545/9/4 2307/9/4 2306/9/4
f 2356/8/4 304/8/4 2380/8/4
f 2380/8/4 304/8/4 361/8/4
f 2378/8/4 360/8/4 2758/8/4
f 2758/8/4 360/8/4 524/8/4
f 2759/8/4 582/8/4 2761/8/4
f 2761/8/4 582/8/4 581/8/4
f 2538/9/4 2594/9/4 3511/9/4
f 3511/9/4 2594/9/4 2593/9/4
f 2544/9/4 2605/9/4 3512/9/4
f 3512/9/4 2605/9/4 2604/9/4
f 3511/9/4 2612/9/4 3513/9/4
f 3513/9/4 2612/9/4 2611/9/4
f 3512/9/4 2620/9/4 3514/9/4
f 3514/9/4 2620/9/4 2619/9/4
f 3513/9/4 2627/9/4 3515/9/4
f 3515/9/4 2627/9/4 2626/9/4
f 3514/9/4 2633/9/4 3516/9/4
f 3516/9/4 2633/9/4 2632/9/4
f 3515/9/4 2640/9/4 3517/9/4
f 3517/9/4 2640/9/4 2639/9/4
f 3516/9/4 2644/9/4 3518/9/4
f 3518/9/4 2644/9/4 2643/9/4
f 3517/9/4 2655/9/4 2653/9/4
f 2653/9/4 2655/9/4 2654/9/4
f 3518/9/4 2667/9/4 2665/9/4
f 2665/9/4 2667/9/4 2666/9/4
f 2662/9/4 880/9/4 2682/9/4
f 2682/9/4 880/9/4 3497/9/4
f 2679/9/4 2730/9/4 2769/9/4
f 2769/9/4 2730/9/4 2729/9/4
f 2650/9/4 864/9/4 3519/9/4
f 3519/9/4 864/9/4 3444/9/4
f 2770/9/4 2748/9/4 2771/9/4
f 2771/9/4 2748/9/4 3498/9/4
f 3520/10/4 3502/10/4 3521/10/4
f 3521/10/4 3502/10/4 3519/10/4
f 808/1/4 3522/1/4 3523/1/4
f 3523/1/4 3522/1/4 918/1/4
f 221/1/4 153/1/4 218/1/4
f 218/1/4 153/1/4 616/1/4
f 237/1/4 325/1/4 234/1/4
f 234/1/4 325/1/4 3524/1/4
f 234/9/4 3524/9/4 3526/9/4
f 3526/9/4 3524/9/4 3525/9/4
f 318/1/4 187/1/4 315/1/4
f 315/1/4 187/1/4 313/1/4
f 3526/1/4 3525/1/4 2361/1/4
f 2361/1/4 3525/1/4 324/1/4
f 426/9/4 382/9/4 423/9/4
f 423/9/4 382/9/4 3527/9/4
f 423/1/4 3527/1/4 441/1/4
f 441/1/4 3527/1/4 632/1/4
f 790/1/4 623/1/4 787/1/4
f 787/1/4 623/1/4 934/1/4
f 163/9/4 3528/9/4 3529/9/4
f 3529/9/4 3528/9/4 861/9/4
f 174/9/4 3530/9/4 3531/9/4
f 3531/9/4 3530/9/4 885/9/4
f 54/9/4 49/9/4 51/9/4
f 51/9/4 49/9/4 48/9/4
f 62/9/4 57/9/4 59/9/4
f 59/9/4 57/9/4 56/9/4
f 70/9/4 65/9/4 67/9/4
f 67/9/4 65/9/4 64/9/4
f 78/9/4 73/9/4 75/9/4
f 75/9/4 73/9/4 72/9/4
f 86/9/4 81/9/4 83/9/4
f 83/9/4 81/9/4 80/9/4
f 124/9/4 862/9/4 121/9/4
f 121/9/4 862/9/4 3528/9/4
f 131/9/4 886/9/4 128/9/4
f 128/9/4 886/9/4 3530/9/4
f 217/9/4 160/9/4 214/9/4
f 214/9/4 160/9/4 297/9/4
f 241/9/4 171/9/4 238/9/4
f 238/9/4 171/9/4 337/9/4
f 418/9/4 294/9/4 415/9/4
f 415/9/4 294/9/4 471/9/4
f 430/9/4 334/9/4 427/9/4
f 427/9/4 334/9/4 490/9/4
f 572/9/4 468/9/4 569/9/4
f 569/9/4 468/9/4 644/9/4
f 598/9/4 487/9/4 595/9/4
f 595/9/4 487/9/4 660/9/4
f 2543/1/4 647/1/4 811/1/4
f 811/1/4 647/1/4 646/1/4
f 784/9/4 641/9/4 781/9/4
f 781/9/4 641/9/4 830/9/4
f 798/9/4 657/9/4 795/9/4
f 795/9/4 657/9/4 848/9/4
f 812/9/4 645/9/4 809/9/4
f 809/9/4 645/9/4 807/9/4
f 810/1/4 813/1/4 2631/1/4
f 2631/1/4 813/1/4 835/1/4
f 873/9/4 827/9/4 870/9/4
f 870/9/4 827/9/4 3529/9/4
f 891/9/4 845/9/4 888/9/4
f 888/9/4 845/9/4 3531/9/4
f 1015/9/4 1010/9/4 1012/9/4
f 1012/9/4 1010/9/4 1009/9/4
f 1023/9/4 1018/9/4 1020/9/4
f 1020/9/4 1018/9/4 1017/9/4
f 1031/9/4 1026/9/4 1028/9/4
f 1028/9/4 1026/9/4 1025/9/4
f 1039/9/4 1034/9/4 1036/9/4
f 1036/9/4 1034/9/4 1033/9/4
f 1047/9/4 1042/9/4 1044/9/4
f 1044/9/4 1042/9/4 1041/9/4
f 6/9/4 38/9/4 40/9/4
f 40/9/4 38/9/4 37/9/4
f 89/9/4 85/9/4 87/9/4
f 87/9/4 85/9/4 84/9/4
f 22/9/4 92/9/4 94/9/4
f 94/9/4 92/9/4 91/9/4
f 35/9/4 3532/9/4 3533/9/4
f 3533/9/4 3532/9/4 863/9/4
f 833/1/4 611/1/4 3534/1/4
f 3534/1/4 611/1/4 3522/1/4
f 3534/1/4 2616/1/4 3535/1/4
f 3535/1/4 2616/1/4 2615/1/4
f 840/1/4 811/1/4 837/1/4
f 837/1/4 811/1/4 810/1/4
f 3535/1/4 806/1/4 831/1/4
f 831/1/4 806/1/4 3523/1/4
f 906/9/4 999/9/4 1001/9/4
f 1001/9/4 999/9/4 998/9/4
f 1050/9/4 1046/9/4 1048/9/4
f 1048/9/4 1046/9/4 1045/9/4
f 945/9/4 1053/9/4 1055/9/4
f 1055/9/4 1053/9/4 1052/9/4
f 996/9/4 3536/9/4 3537/9/4
f 3537/9/4 3536/9/4 3521/9/4
f 4/9/4 3520/9/4 1/9/4
f 1/9/4 3520/9/4 3532/9/4
f 12/9/4 7/9/4 9/9/4
f 9/9/4 7/9/4 6/9/4
f 20/9/4 15/9/4 17/9/4
f 17/9/4 15/9/4 14/9/4
f 28/9/4 23/9/4 25/9/4
f 25/9/4 23/9/4 22/9/4
f 100/9/4 33/9/4 97/9/4
f 97/9/4 33/9/4 3533/9/4
f 106/9/4 40/9/4 103/9/4
f 103/9/4 40/9/4 102/9/4
f 110/9/4 155/9/4 107/9/4
f 107/9/4 155/9/4 887/9/4
f 116/9/4 94/9/4 113/9/4
f 113/9/4 94/9/4 112/9/4
f 280/1/4 226/1/4 277/1/4
f 277/1/4 226/1/4 3538/1/4
f 277/9/4 3538/9/4 327/9/4
f 327/9/4 3538/9/4 322/9/4
f 327/1/4 383/1/4 389/1/4
f 389/1/4 383/1/4 382/1/4
f 904/9/4 860/9/4 901/9/4
f 901/9/4 860/9/4 3536/9/4
f 912/9/4 907/9/4 909/9/4
f 909/9/4 907/9/4 906/9/4
f 943/9/4 884/9/4 940/9/4
f 940/9/4 884/9/4 937/9/4
f 951/9/4 946/9/4 948/9/4
f 948/9/4 946/9/4 945/9/4
f 1064/9/4 994/9/4 1061/9/4
f 1061/9/4 994/9/4 3537/9/4
f 1070/9/4 1001/9/4 1067/9/4
f 1067/9/4 1001/9/4 1066/9/4
f 1108/9/4 1103/9/4 1105/9/4
f 1105/9/4 1103/9/4 1102/9/4
f 1114/9/4 1055/9/4 1111/9/4
f 1111/9/4 1055/9/4 1110/9/4
f 2352/8/4 312/8/4 2383/8/4
f 2383/8/4 312/8/4 364/8/4
f 2381/8/4 363/8/4 2472/8/4
f 2472/8/4 363/8/4 923/8/4
f 2495/8/4 922/8/4 2496/8/4
f 2496/8/4 922/8/4 926/8/4
f 311/1/4 2353/1/4 308/1/4
f 308/1/4 2353/1/4 2352/1/4
f 368/1/4 2382/1/4 366/1/4
f 366/1/4 2382/1/4 2381/1/4
f 528/1/4 2471/1/4 526/1/4
f 526/1/4 2471/1/4 2470/1/4
f 527/1/4 2472/1/4 583/1/4
f 583/1/4 2472/1/4 2494/1/4
f 584/1/4 2496/1/4 621/1/4
f 621/1/4 2496/1/4 2528/1/4
f 3539/8/4 308/8/4 3540/8/4
f 3540/8/4 308/8/4 367/8/4
f 3541/8/4 585/8/4 2955/8/4
f 2955/8/4 585/8/4 584/8/4
f 2954/11/4 3500/11/4 3053/11/4
f 3053/11/4 3500/11/4 1705/11/4
f 3226/11/4 1505/11/4 3057/11/4
f 3057/11/4 1505/11/4 1712/11/4
f 3052/11/4 1704/11/4 3220/11/4
f 3220/11/4 1704/11/4 3501/11/4
f 3056/11/4 1709/11/4 3228/11/4
f 3228/11/4 1709/11/4 1782/11/4
f 2386/1/4 3539/1/4 2387/1/4
f 2387/1/4 3539/1/4 3540/1/4
f 2384/8/4 366/8/4 3216/8/4
f 3216/8/4 366/8/4 527/8/4
f 3217/1/4 3541/1/4 3218/1/4
f 3218/1/4 3541/1/4 3219/1/4
f 1997/1/4 2385/1/4 1994/1/4
f 1994/1/4 2385/1/4 3215/1/4
f 2005/1/4 1996/1/4 2002/1/4
f 2002/1/4 1996/1/4 1995/1/4
f 1387/1/5 2887/1/5 1388/1/5
f 1388/1/5 2887/1/5 2886/1/5
f 1945/1/5 3182/1/5 1946/1/5
f 1946/1/5 3182/1/5 3181/1/5
f 2041/1/5 3257/1/5 2042/1/5
f 2042/1/5 3257/1/5 3256/1/5
f 2326/10/5 257/10/5 2324/10/5
f 2324/10/5 257/10/5 256/10/5
f 2434/10/5 462/10/5 2432/10/5
f 2432/10/5 462/10/5 461/10/5
f 2576/10/5 730/10/5 2574/10/5
f 2574/10/5 730/10/5 729/10/5
f 2233/9/5 2652/9/5 3542/9/5
f 3542/9/5 2652/9/5 2651/9/5
f 5/9/5 2/9/5 35/9/5
f 35/9/5 2/9/5 1/9/5
f 862/9/5 98/9/5 863/9/5
f 863/9/5 98/9/5 97/9/5
f 905/9/5 902/9/5 996/9/5
f 996/9/5 902/9/5 901/9/5
f 1065/9/5 1062/9/5 3537/9/5
f 3537/9/5 1062/9/5 1061/9/5
f 3543/10/5 2335/10/5 2327/10/5
f 2327/10/5 2335/10/5 2326/10/5
f 3544/10/5 2455/10/5 2435/10/5
f 2435/10/5 2455/10/5 2434/10/5
f 3545/10/5 2591/10/5 2577/10/5
f 2577/10/5 2591/10/5 2576/10/5
f 261/1/5 3546/1/5 262/1/5
f 262/1/5 3546/1/5 3547/1/5
f 466/1/5 3548/1/5 467/1/5
f 467/1/5 3548/1/5 3549/1/5
f 734/1/5 3550/1/5 735/1/5
f 735/1/5 3550/1/5 3551/1/5
f 348/1/5 2337/1/5 349/1/5
f 349/1/5 2337/1/5 2336/1/5
f 567/1/5 2457/1/5 568/1/5
f 568/1/5 2457/1/5 2456/1/5
f 868/1/5 2597/1/5 869/1/5
f 869/1/5 2597/1/5 2592/1/5
f 2235/9/5 2242/9/5 2232/9/5
f 2232/9/5 2242/9/5 2241/9/5
f 2243/9/5 2252/9/5 2240/9/5
f 2240/9/5 2252/9/5 2251/9/5
f 2253/9/5 2264/9/5 2250/9/5
f 2250/9/5 2264/9/5 2263/9/5
f 2265/9/5 2304/9/5 2262/9/5
f 2262/9/5 2304/9/5 2303/9/5
f 2305/9/5 2540/9/5 2302/9/5
f 2302/9/5 2540/9/5 2539/9/5
f 162/9/5 122/9/5 163/9/5
f 163/9/5 122/9/5 121/9/5
f 296/9/5 215/9/5 297/9/5
f 297/9/5 215/9/5 214/9/5
f 470/9/5 416/9/5 471/9/5
f 471/9/5 416/9/5 415/9/5
f 643/9/5 570/9/5 644/9/5
f 644/9/5 570/9/5 569/9/5
f 829/9/5 782/9/5 830/9/5
f 830/9/5 782/9/5 781/9/5
f 38/9/5 6/9/5 39/9/5
f 39/9/5 6/9/5 5/9/5
f 999/9/5 906/9/5 1000/9/5
f 1000/9/5 906/9/5 905/9/5
f 1071/9/5 3552/9/5 2088/9/5
f 2088/9/5 3552/9/5 2045/9/5
f 166/9/5 3393/9/5 866/9/5
f 866/9/5 3393/9/5 3542/9/5
f 3393/9/5 2660/9/5 2234/9/5
f 2234/9/5 2660/9/5 2659/9/5
f 3552/9/5 2752/9/5 2046/9/5
f 2046/9/5 2752/9/5 3519/9/5
f 878/9/5 3553/9/5 879/9/5
f 879/9/5 3553/9/5 123/9/5
f 3553/9/5 3554/9/5 124/9/5
f 124/9/5 3554/9/5 101/9/5
f 1101/9/5 3555/9/5 3521/9/5
f 3521/9/5 3555/9/5 3537/9/5
f 42/9/5 10/9/5 6/9/5
f 6/9/5 10/9/5 9/9/5
f 3554/9/5 104/9/5 102/9/5
f 102/9/5 104/9/5 103/9/5
f 1003/9/5 910/9/5 906/9/5
f 906/9/5 910/9/5 909/9/5
f 3555/9/5 1068/9/5 1066/9/5
f 1066/9/5 1068/9/5 1067/9/5
f 3556/10/5 2339/10/5 3557/10/5
f 3557/10/5 2339/10/5 2338/10/5
f 3558/10/5 2459/10/5 3559/10/5
f 3559/10/5 2459/10/5 2458/10/5
f 3560/10/5 2599/10/5 3561/10/5
f 3561/10/5 2599/10/5 2598/10/5
f 2195/9/5 3562/9/5 2192/9/5
f 2192/9/5 3562/9/5 2676/9/5
f 2712/9/5 3563/9/5 2709/9/5
f 2709/9/5 3563/9/5 2753/9/5
f 265/1/5 3564/1/5 266/1/5
f 266/1/5 3564/1/5 3565/1/5
f 474/1/5 3566/1/5 475/1/5
f 475/1/5 3566/1/5 3567/1/5
f 738/1/5 3568/1/5 739/1/5
f 739/1/5 3568/1/5 3569/1/5
f 352/1/5 2341/1/5 353/1/5
f 353/1/5 2341/1/5 2340/1/5
f 575/1/5 2461/1/5 576/1/5
f 576/1/5 2461/1/5 2460/1/5
f 1075/1/5 2601/1/5 1076/1/5
f 1076/1/5 2601/1/5 2600/1/5
f 1821/9/5 1818/9/5 3118/9/5
f 3118/9/5 1818/9/5 1817/9/5
f 1667/8/5 1538/8/5 1668/8/5
f 1668/8/5 1538/8/5 1537/8/5
f 1819/8/5 1771/8/5 1820/8/5
f 1820/8/5 1771/8/5 1770/8/5
f 1772/8/5 1670/8/5 1773/8/5
f 1773/8/5 1670/8/5 1669/8/5
f 2199/9/5 3570/9/5 2196/9/5
f 2196/9/5 3570/9/5 3562/9/5
f 2716/9/5 3571/9/5 2713/9/5
f 2713/9/5 3571/9/5 3563/9/5
f 47/9/5 44/9/5 3572/9/5
f 3572/9/5 44/9/5 43/9/5
f 645/1/5 812/1/5 808/1/5
f 808/1/5 812/1/5 2616/1/5
f 1008/9/5 1005/9/5 3573/9/5
f 3573/9/5 1005/9/5 1004/9/5
f 834/1/5 832/1/5 3523/1/5
f 3523/1/5 832/1/5 831/1/5
f 2330/10/5 2331/10/5 3574/10/5
f 3574/10/5 2331/10/5 2342/10/5
f 2438/10/5 2439/10/5 3575/10/5
f 3575/10/5 2439/10/5 2462/10/5
f 2580/10/5 2581/10/5 3576/10/5
f 3576/10/5 2581/10/5 2602/10/5
f 2343/10/5 299/10/5 2334/10/5
f 2334/10/5 299/10/5 298/10/5
f 2463/10/5 519/10/5 2454/10/5
f 2454/10/5 519/10/5 518/10/5
f 2603/10/5 786/10/5 2590/10/5
f 2590/10/5 786/10/5 785/10/5
f 271/10/5 268/10/5 257/10/5
f 257/10/5 268/10/5 267/10/5
f 480/10/5 477/10/5 462/10/5
f 462/10/5 477/10/5 476/10/5
f 744/10/5 741/10/5 730/10/5
f 730/10/5 741/10/5 740/10/5
f 3123/11/5 1822/11/5 3120/11/5
f 3120/11/5 1822/11/5 1821/11/5
f 1823/9/5 1460/9/5 1824/9/5
f 1824/9/5 1460/9/5 1459/9/5
f 1950/9/5 1948/9/5 3184/9/5
f 3184/9/5 1948/9/5 1947/9/5
f 3039/8/5 1674/8/5 1670/8/5
f 1670/8/5 1674/8/5 1673/8/5
f 2203/9/5 3577/9/5 2200/9/5
f 2200/9/5 3577/9/5 3570/9/5
f 2720/9/5 3578/9/5 2717/9/5
f 2717/9/5 3578/9/5 3571/9/5
f 2333/10/5 272/10/5 2331/10/5
f 2331/10/5 272/10/5 271/10/5
f 2441/10/5 481/10/5 2439/10/5
f 2439/10/5 481/10/5 480/10/5
f 2583/10/5 745/10/5 2581/10/5
f 2581/10/5 745/10/5 744/10/5
f 3188/11/5 1951/11/5 3185/11/5
f 3185/11/5 1951/11/5 1950/11/5
f 1420/9/5 1418/9/5 1952/9/5
f 1952/9/5 1418/9/5 1417/9/5
f 2050/9/5 2048/9/5 3259/9/5
f 3259/9/5 2048/9/5 2047/9/5
f 3041/8/5 1678/8/5 1674/8/5
f 1674/8/5 1678/8/5 1677/8/5
f 2207/9/5 3579/9/5 2204/9/5
f 2204/9/5 3579/9/5 3577/9/5
f 2724/9/5 3580/9/5 2721/9/5
f 2721/9/5 3580/9/5 3578/9/5
f 3581/1/5 219/1/5 616/1/5
f 616/1/5 219/1/5 218/1/5
f 3582/3/5 1878/3/5 3472/3/5
f 3472/3/5 1878/3/5 1877/3/5
f 1683/3/5 1463/3/5 1684/3/5
f 1684/3/5 1463/3/5 1462/3/5
f 3043/8/5 1686/8/5 1678/8/5
f 1678/8/5 1686/8/5 1685/8/5
f 3583/9/5 222/9/5 3581/9/5
f 3581/9/5 222/9/5 219/9/5
f 813/9/5 810/9/5 807/9/5
f 807/9/5 810/9/5 809/9/5
f 811/1/5 840/1/5 812/1/5
f 812/1/5 840/1/5 649/1/5
f 3263/11/5 2051/11/5 3260/11/5
f 3260/11/5 2051/11/5 2050/11/5
f 1391/9/5 1348/9/5 1422/9/5
f 1422/9/5 1348/9/5 1347/9/5
f 2052/3/5 3584/3/5 2053/3/5
f 2053/3/5 3584/3/5 3472/3/5
f 3584/8/5 3585/8/5 3582/8/5
f 3582/8/5 3585/8/5 3586/8/5
f 3585/3/5 1880/3/5 3586/3/5
f 3586/3/5 1880/3/5 1878/3/5
f 3045/8/5 1690/8/5 1686/8/5
f 1686/8/5 1690/8/5 1689/8/5
f 2211/9/5 2677/9/5 2208/9/5
f 2208/9/5 2677/9/5 3579/9/5
f 2728/9/5 2754/9/5 2725/9/5
f 2725/9/5 2754/9/5 3580/9/5
f 917/1/5 3425/1/5 918/1/5
f 918/1/5 3425/1/5 3523/1/5
f 615/1/5 224/1/5 3583/1/5
f 3583/1/5 224/1/5 222/1/5
f 55/9/5 52/9/5 48/9/5
f 48/9/5 52/9/5 51/9/5
f 815/1/5 2617/1/5 646/1/5
f 646/1/5 2617/1/5 811/1/5
f 3425/1/5 3587/1/5 835/1/5
f 835/1/5 3587/1/5 2631/1/5
f 1016/9/5 1013/9/5 1009/9/5
f 1009/9/5 1013/9/5 1012/9/5
f 3587/1/5 839/1/5 2630/1/5
f 2630/1/5 839/1/5 832/1/5
f 3588/3/5 2055/3/5 3475/3/5
f 3475/3/5 2055/3/5 2054/3/5
f 1467/3/5 1424/3/5 1468/3/5
f 1468/3/5 1424/3/5 1423/3/5
f 1694/3/5 1496/3/5 1695/3/5
f 1695/3/5 1496/3/5 1495/3/5
f 3047/8/5 1697/8/5 1690/8/5
f 1690/8/5 1697/8/5 1696/8/5
f 2466/1/5 521/1/5 2464/1/5
f 2464/1/5 521/1/5 520/1/5
f 1394/9/5 1313/9/5 1395/9/5
f 1395/9/5 1313/9/5 1312/9/5
f 3589/8/5 3590/8/5 3588/8/5
f 3588/8/5 3590/8/5 3591/8/5
f 1883/3/5 1470/3/5 1884/3/5
f 1884/3/5 1470/3/5 1469/3/5
f 2469/1/5 524/1/5 2467/1/5
f 2467/1/5 524/1/5 523/1/5
f 3048/1/5 1701/1/5 1697/1/5
f 1697/1/5 1701/1/5 1700/1/5
f 2472/1/5 527/1/5 2470/1/5
f 2470/1/5 527/1/5 526/1/5
f 1080/8/5 2489/8/5 1081/8/5
f 1081/8/5 2489/8/5 2466/8/5
f 2490/1/5 578/1/5 2488/1/5
f 2488/1/5 578/1/5 577/1/5
f 2058/3/5 3366/3/5 2051/3/5
f 2051/3/5 3366/3/5 3475/3/5
f 3366/3/5 3592/3/5 3589/3/5
f 3589/3/5 3592/3/5 3590/3/5
f 3592/3/5 2057/3/5 3591/3/5
f 3591/3/5 2057/3/5 2055/3/5
f 3001/9/5 1588/9/5 2998/9/5
f 2998/9/5 1588/9/5 1587/9/5
f 579/8/5 2492/8/5 521/8/5
f 521/8/5 2492/8/5 2469/8/5
f 2493/1/5 581/1/5 2491/1/5
f 2491/1/5 581/1/5 580/1/5
f 3051/1/5 3091/1/5 3049/1/5
f 3049/1/5 3091/1/5 3048/1/5
f 3092/1/5 1779/1/5 3090/1/5
f 3090/1/5 1779/1/5 1778/1/5
f 1780/1/5 1704/1/5 1701/1/5
f 1701/1/5 1704/1/5 1703/1/5
f 582/8/5 2759/8/5 524/8/5
f 524/8/5 2759/8/5 2758/8/5
f 922/8/5 2495/8/5 923/8/5
f 923/8/5 2495/8/5 2472/8/5
f 2496/1/5 584/1/5 2494/1/5
f 2494/1/5 584/1/5 583/1/5
f 585/8/5 3217/8/5 527/8/5
f 527/8/5 3217/8/5 3216/8/5
f 1274/8/5 1271/8/5 1267/8/5
f 1267/8/5 1271/8/5 1270/8/5
f 2060/10/5 3094/10/5 2061/10/5
f 2061/10/5 3094/10/5 3051/10/5
f 3095/1/5 3125/1/5 3093/1/5
f 3093/1/5 3125/1/5 3092/1/5
f 3126/1/5 1829/1/5 3124/1/5
f 3124/1/5 1829/1/5 1828/1/5
f 1830/1/5 1781/1/5 1779/1/5
f 1779/1/5 1781/1/5 3501/1/5
f 63/9/5 60/9/5 56/9/5
f 56/9/5 60/9/5 59/9/5
f 1024/9/5 1021/9/5 1017/9/5
f 1017/9/5 1021/9/5 1020/9/5
f 1708/11/5 3054/11/5 1705/11/5
f 1705/11/5 3054/11/5 3053/11/5
f 1781/11/5 3221/11/5 3501/11/5
f 3501/11/5 3221/11/5 3220/11/5
f 3192/9/5 1958/9/5 3189/9/5
f 3189/9/5 1958/9/5 1957/9/5
f 2063/10/5 3593/10/5 2064/10/5
f 2064/10/5 3593/10/5 3190/10/5
f 3593/10/5 3594/10/5 3191/10/5
f 3191/10/5 3594/10/5 1959/10/5
f 1282/8/5 1279/8/5 1271/8/5
f 1271/8/5 1279/8/5 1278/8/5
f 2842/8/5 1316/8/5 2841/8/5
f 2841/8/5 1316/8/5 1315/8/5
f 2859/8/5 1351/8/5 2858/8/5
f 2858/8/5 1351/8/5 1350/8/5
f 2890/8/5 1397/8/5 2889/8/5
f 2889/8/5 1397/8/5 1396/8/5
f 3270/8/5 2066/8/5 3267/8/5
f 3267/8/5 2066/8/5 2065/8/5
f 2906/8/5 1431/8/5 2905/8/5
f 2905/8/5 1431/8/5 1430/8/5
f 3594/10/5 3096/10/5 1960/10/5
f 1960/10/5 3096/10/5 3095/10/5
f 2067/8/5 1999/8/5 2068/8/5
f 2068/8/5 1999/8/5 1998/8/5
f 2920/8/5 1450/8/5 2919/8/5
f 2919/8/5 1450/8/5 1449/8/5
f 3128/1/5 3129/1/5 3127/1/5
f 3127/1/5 3129/1/5 3126/1/5
f 2000/8/5 1962/8/5 2001/8/5
f 2001/8/5 1962/8/5 1961/8/5
f 1963/1/5 1888/1/5 1964/1/5
f 1964/1/5 1888/1/5 1887/1/5
f 1833/1/5 1832/1/5 1829/1/5
f 1829/1/5 1832/1/5 1831/1/5
f 1083/8/5 2497/8/5 1084/8/5
f 1084/8/5 2497/8/5 2490/8/5
f 2525/1/5 618/1/5 2524/1/5
f 2524/1/5 618/1/5 617/1/5
f 1286/8/5 1283/8/5 1275/8/5
f 1275/8/5 1283/8/5 1282/8/5
f 586/8/5 2500/8/5 578/8/5
f 578/8/5 2500/8/5 2493/8/5
f 2070/10/5 3060/10/5 2071/10/5
f 2071/10/5 3060/10/5 3097/10/5
f 2527/1/5 620/1/5 2526/1/5
f 2526/1/5 620/1/5 619/1/5
f 3098/1/5 3099/1/5 3096/1/5
f 3096/1/5 3099/1/5 3130/1/5
f 3131/1/5 1834/1/5 3129/1/5
f 3129/1/5 1834/1/5 1833/1/5
f 1783/1/5 3403/1/5 1835/1/5
f 1835/1/5 3403/1/5 1782/1/5
f 589/8/5 2762/8/5 581/8/5
f 581/8/5 2762/8/5 2761/8/5
f 925/8/5 2503/8/5 926/8/5
f 926/8/5 2503/8/5 2496/8/5
f 2529/1/5 622/1/5 2528/1/5
f 2528/1/5 622/1/5 621/1/5
f 592/8/5 2956/8/5 584/8/5
f 584/8/5 2956/8/5 2955/8/5
f 1711/11/5 3058/11/5 1712/11/5
f 1712/11/5 3058/11/5 3057/11/5
f 3403/11/5 3229/11/5 1782/11/5
f 1782/11/5 3229/11/5 3228/11/5
f 3230/1/5 3231/1/5 3219/1/5
f 3219/1/5 3231/1/5 3218/1/5
f 2006/1/5 2003/1/5 1995/1/5
f 1995/1/5 2003/1/5 2002/1/5
f 1086/8/5 2473/8/5 1087/8/5
f 1087/8/5 2473/8/5 2498/8/5
f 2499/1/5 587/1/5 2497/1/5
f 2497/1/5 587/1/5 586/1/5
f 1513/9/5 1287/9/5 1886/9/5
f 1886/9/5 1287/9/5 1266/9/5
f 529/8/5 2476/8/5 588/8/5
f 588/8/5 2476/8/5 2501/8/5
f 2502/1/5 590/1/5 2500/1/5
f 2500/1/5 590/1/5 589/1/5
f 3062/1/5 3063/1/5 3060/1/5
f 3060/1/5 3063/1/5 3100/1/5
f 3101/1/5 1784/1/5 3099/1/5
f 3099/1/5 1784/1/5 1783/1/5
f 1715/1/5 1713/1/5 1785/1/5
f 1785/1/5 1713/1/5 1710/1/5
f 532/8/5 2765/8/5 591/8/5
f 591/8/5 2765/8/5 2764/8/5
f 71/9/5 68/9/5 64/9/5
f 64/9/5 68/9/5 67/9/5
f 1032/9/5 1029/9/5 1025/9/5
f 1025/9/5 1029/9/5 1028/9/5
f 928/8/5 2479/8/5 929/8/5
f 929/8/5 2479/8/5 2504/8/5
f 2505/1/5 593/1/5 2503/1/5
f 2503/1/5 593/1/5 592/1/5
f 535/8/5 3233/8/5 594/8/5
f 594/8/5 3233/8/5 3232/8/5
f 3234/1/5 2007/1/5 3215/1/5
f 3215/1/5 2007/1/5 1994/1/5
f 2475/1/5 530/1/5 2473/1/5
f 2473/1/5 530/1/5 529/1/5
f 2478/1/5 533/1/5 2476/1/5
f 2476/1/5 533/1/5 532/1/5
f 1722/1/5 1716/1/5 3063/1/5
f 3063/1/5 1716/1/5 1715/1/5
f 2481/1/5 536/1/5 2479/1/5
f 2479/1/5 536/1/5 535/1/5
f 2075/9/5 1320/9/5 2076/9/5
f 2076/9/5 1320/9/5 1319/9/5
f 2863/5/5 1355/5/5 2860/5/5
f 2860/5/5 1355/5/5 1354/5/5
f 2909/5/5 1435/5/5 2907/5/5
f 2907/5/5 1435/5/5 1434/5/5
f 3238/5/5 2011/5/5 3235/5/5
f 3235/5/5 2011/5/5 2010/5/5
f 3067/9/5 1719/9/5 3064/9/5
f 3064/9/5 1719/9/5 1718/9/5
f 1726/8/5 1723/8/5 3068/8/5
f 3068/8/5 1723/8/5 1722/8/5
f 3595/1/5 316/1/5 313/1/5
f 313/1/5 316/1/5 315/1/5
f 3596/1/5 788/1/5 934/1/5
f 934/1/5 788/1/5 787/1/5
f 1091/6/5 3597/6/5 1092/6/5
f 1092/6/5 3597/6/5 816/6/5
f 2922/7/5 1401/7/5 1436/7/5
f 1436/7/5 1401/7/5 1400/7/5
f 3598/7/5 2078/7/5 3493/7/5
f 3493/7/5 2078/7/5 2077/7/5
f 1730/8/5 1727/8/5 3070/8/5
f 3070/8/5 1727/8/5 1726/8/5
f 383/9/5 322/9/5 3595/9/5
f 3595/9/5 322/9/5 316/9/5
f 3599/9/5 791/9/5 3596/9/5
f 3596/9/5 791/9/5 788/9/5
f 1094/4/5 855/4/5 1095/4/5
f 1095/4/5 855/4/5 854/4/5
f 628/6/5 3600/6/5 629/6/5
f 629/6/5 3600/6/5 190/6/5
f 3279/11/5 2080/11/5 3276/11/5
f 3276/11/5 2080/11/5 2074/11/5
f 2081/9/5 1359/9/5 2082/9/5
f 2082/9/5 1359/9/5 1358/9/5
f 2924/7/5 1454/7/5 2921/7/5
f 2921/7/5 1454/7/5 1453/7/5
f 1734/8/5 1731/8/5 3072/8/5
f 3072/8/5 1731/8/5 1730/8/5
f 933/1/5 793/1/5 3599/1/5
f 3599/1/5 793/1/5 791/1/5
f 79/9/5 76/9/5 72/9/5
f 72/9/5 76/9/5 75/9/5
f 1040/9/5 1037/9/5 1033/9/5
f 1033/9/5 1037/9/5 1036/9/5
f 655/4/5 275/4/5 656/4/5
f 656/4/5 275/4/5 274/4/5
f 1097/4/5 842/4/5 1098/4/5
f 1098/4/5 842/4/5 841/4/5
f 3198/11/5 1966/11/5 3195/11/5
f 3195/11/5 1966/11/5 1965/11/5
f 1967/9/5 1439/9/5 1968/9/5
f 1968/9/5 1439/9/5 1438/9/5
f 3283/9/5 3368/9/5 2080/9/5
f 2080/9/5 3368/9/5 3476/9/5
f 1440/5/5 2894/5/5 1441/5/5
f 1441/5/5 2894/5/5 2893/5/5
f 3368/5/5 3284/5/5 3476/5/5
f 3476/5/5 3284/5/5 3282/5/5
f 2831/7/5 1291/7/5 2828/7/5
f 2828/7/5 1291/7/5 1290/7/5
f 2932/7/5 1477/7/5 2930/7/5
f 2930/7/5 1477/7/5 1476/7/5
f 3155/7/5 1890/7/5 3152/7/5
f 3152/7/5 1890/7/5 1889/7/5
f 1738/8/5 1735/8/5 3074/8/5
f 3074/8/5 1735/8/5 1734/8/5
f 387/4/5 231/4/5 388/4/5
f 388/4/5 231/4/5 230/4/5
f 759/6/5 3601/6/5 760/6/5
f 760/6/5 3601/6/5 443/6/5
f 3135/11/5 1837/11/5 3132/11/5
f 3132/11/5 1837/11/5 1836/11/5
f 1838/9/5 1480/9/5 1839/9/5
f 1839/9/5 1480/9/5 1479/9/5
f 3199/9/5 1970/9/5 1966/9/5
f 1966/9/5 1970/9/5 1969/9/5
f 2846/1/5 1323/1/5 2844/1/5
f 2844/1/5 1323/1/5 1322/1/5
f 2912/8/5 1444/8/5 2923/8/5
f 2923/8/5 1444/8/5 1403/8/5
f 2935/1/5 1482/1/5 2932/1/5
f 2932/1/5 1482/1/5 1477/1/5
f 3202/1/5 1973/1/5 3200/1/5
f 3200/1/5 1973/1/5 1972/1/5
f 3602/8/5 3603/8/5 3604/8/5
f 3604/8/5 3603/8/5 2083/8/5
f 1746/8/5 1739/8/5 3076/8/5
f 3076/8/5 1739/8/5 1738/8/5
f 631/1/5 442/1/5 632/1/5
f 632/1/5 442/1/5 441/1/5
f 425/1/5 390/1/5 426/1/5
f 426/1/5 390/1/5 389/1/5
f 762/4/5 539/4/5 763/4/5
f 763/4/5 539/4/5 538/4/5
f 3137/9/5 1841/9/5 1837/9/5
f 1837/9/5 1841/9/5 1840/9/5
f 2914/1/5 1443/1/5 2911/1/5
f 2911/1/5 1443/1/5 1442/1/5
f 1744/8/5 1554/8/5 1745/8/5
f 1745/8/5 1554/8/5 1553/8/5
f 1842/8/5 1787/8/5 1843/8/5
f 1843/8/5 1787/8/5 1786/8/5
f 1788/8/5 1747/8/5 1789/8/5
f 1789/8/5 1747/8/5 1746/8/5
f 765/4/5 484/4/5 766/4/5
f 766/4/5 484/4/5 483/4/5
f 883/6/5 3605/6/5 1100/6/5
f 1100/6/5 3605/6/5 843/6/5
f 3605/6/5 817/6/5 856/6/5
f 856/6/5 817/6/5 3597/6/5
f 2897/5/5 3386/5/5 2891/5/5
f 2891/5/5 3386/5/5 1436/5/5
f 3287/5/5 3391/5/5 3280/5/5
f 3280/5/5 3391/5/5 3493/5/5
f 3386/6/5 1405/6/5 2913/6/5
f 2913/6/5 1405/6/5 1404/6/5
f 3391/6/5 2085/6/5 3606/6/5
f 3606/6/5 2085/6/5 2084/6/5
f 2231/9/5 3607/9/5 2228/9/5
f 2228/9/5 3607/9/5 2227/9/5
f 2748/9/5 3608/9/5 2745/9/5
f 2745/9/5 3608/9/5 2744/9/5
f 3607/9/5 3609/9/5 2224/9/5
f 2224/9/5 3609/9/5 2223/9/5
f 3608/9/5 3610/9/5 2741/9/5
f 2741/9/5 3610/9/5 2740/9/5
f 3609/9/5 3611/9/5 2220/9/5
f 2220/9/5 3611/9/5 2219/9/5
f 3610/9/5 3612/9/5 2737/9/5
f 2737/9/5 3612/9/5 2736/9/5
f 3611/9/5 3613/9/5 2216/9/5
f 2216/9/5 3613/9/5 2215/9/5
f 3612/9/5 3614/9/5 2733/9/5
f 2733/9/5 3614/9/5 2732/9/5
f 3613/9/5 2681/9/5 2212/9/5
f 2212/9/5 2681/9/5 2680/9/5
f 3614/9/5 2770/9/5 2729/9/5
f 2729/9/5 2770/9/5 2769/9/5
f 155/9/5 3615/9/5 915/9/5
f 915/9/5 3615/9/5 3572/9/5
f 938/1/5 330/1/5 939/1/5
f 939/1/5 330/1/5 329/1/5
f 1103/9/5 3616/9/5 1104/9/5
f 1104/9/5 3616/9/5 3573/9/5
f 3615/9/5 84/9/5 80/9/5
f 80/9/5 84/9/5 83/9/5
f 3616/9/5 1045/9/5 1041/9/5
f 1041/9/5 1045/9/5 1044/9/5
f 3617/6/5 3618/6/5 287/6/5
f 287/6/5 3618/6/5 232/6/5
f 3618/6/5 191/6/5 276/6/5
f 276/6/5 191/6/5 3600/6/5
f 882/9/5 820/9/5 883/9/5
f 883/9/5 820/9/5 817/9/5
f 2237/9/5 2664/9/5 3496/9/5
f 3496/9/5 2664/9/5 2663/9/5
f 21/9/5 18/9/5 89/9/5
f 89/9/5 18/9/5 17/9/5
f 886/9/5 108/9/5 887/9/5
f 887/9/5 108/9/5 107/9/5
f 944/9/5 941/9/5 1050/9/5
f 1050/9/5 941/9/5 940/9/5
f 1109/9/5 1106/9/5 3619/9/5
f 3619/9/5 1106/9/5 1105/9/5
f 286/9/5 194/9/5 3617/9/5
f 3617/9/5 194/9/5 191/9/5
f 3620/6/5 3621/6/5 769/6/5
f 769/6/5 3621/6/5 485/6/5
f 3621/6/5 444/6/5 540/6/5
f 540/6/5 444/6/5 3601/6/5
f 2239/9/5 2246/9/5 2236/9/5
f 2236/9/5 2246/9/5 2245/9/5
f 2247/9/5 2256/9/5 2244/9/5
f 2244/9/5 2256/9/5 2255/9/5
f 2257/9/5 2268/9/5 2254/9/5
f 2254/9/5 2268/9/5 2267/9/5
f 2269/9/5 2308/9/5 2266/9/5
f 2266/9/5 2308/9/5 2307/9/5
f 2309/9/5 2546/9/5 2306/9/5
f 2306/9/5 2546/9/5 2545/9/5
f 173/9/5 129/9/5 174/9/5
f 174/9/5 129/9/5 128/9/5
f 336/9/5 239/9/5 337/9/5
f 337/9/5 239/9/5 238/9/5
f 489/9/5 428/9/5 490/9/5
f 490/9/5 428/9/5 427/9/5
f 659/9/5 596/9/5 660/9/5
f 660/9/5 596/9/5 595/9/5
f 847/9/5 796/9/5 848/9/5
f 848/9/5 796/9/5 795/9/5
f 92/9/5 22/9/5 93/9/5
f 93/9/5 22/9/5 21/9/5
f 1053/9/5 945/9/5 1054/9/5
f 1054/9/5 945/9/5 944/9/5
f 768/9/5 447/9/5 3620/9/5
f 3620/9/5 447/9/5 444/9/5
f 2090/1/5 1295/1/5 2091/1/5
f 2091/1/5 1295/1/5 1294/1/5
f 158/9/5 3622/9/5 159/9/5
f 159/9/5 3622/9/5 3496/9/5
f 3622/9/5 2672/9/5 2238/9/5
f 2238/9/5 2672/9/5 2671/9/5
f 1115/9/5 3422/9/5 1099/9/5
f 1099/9/5 3422/9/5 2771/9/5
f 3422/10/5 3424/10/5 3519/10/5
f 3519/10/5 3424/10/5 3521/10/5
f 896/9/5 3623/9/5 897/9/5
f 897/9/5 3623/9/5 130/9/5
f 3623/9/5 3435/9/5 131/9/5
f 131/9/5 3435/9/5 111/9/5
f 3424/9/5 3438/9/5 1102/9/5
f 1102/9/5 3438/9/5 3619/9/5
f 96/9/5 26/9/5 22/9/5
f 22/9/5 26/9/5 25/9/5
f 3435/9/5 114/9/5 112/9/5
f 112/9/5 114/9/5 113/9/5
f 1057/9/5 949/9/5 945/9/5
f 945/9/5 949/9/5 948/9/5
f 3438/9/5 1112/9/5 1110/9/5
f 1110/9/5 1112/9/5 1111/9/5
f 1117/1/5 3624/1/5 1118/1/5
f 1118/1/5 3624/1/5 29/1/5
f 3625/9/5 1298/9/5 2090/9/5
f 2090/9/5 1298/9/5 1295/9/5
f 403/1/5 496/1/5 448/1/5
f 448/1/5 496/1/5 2443/1/5
f 544/1/5 542/1/5 3449/1/5
f 3449/1/5 542/1/5 541/1/5
f 2093/1/5 1300/1/5 3625/1/5
f 3625/1/5 1300/1/5 1298/1/5
f 3007/3/5 3004/3/5 2982/3/5
f 2982/3/5 3004/3/5 1557/3/5
f 1599/6/5 3016/6/5 3006/6/5
f 3006/6/5 3016/6/5 3005/6/5
f 955/4/5 953/4/5 2683/4/5
f 2683/4/5 953/4/5 952/4/5
f 1607/6/5 1600/6/5 3008/6/5
f 3008/6/5 1600/6/5 1599/6/5
f 132/1/5 202/1/5 198/1/5
f 198/1/5 202/1/5 2291/1/5
f 497/9/5 494/9/5 492/9/5
f 492/9/5 494/9/5 493/9/5
f 245/1/5 243/1/5 3448/1/5
f 3448/1/5 243/1/5 242/1/5
f 495/1/5 550/1/5 496/1/5
f 496/1/5 550/1/5 407/1/5
f 3011/6/5 1604/6/5 1596/6/5
f 1596/6/5 1604/6/5 1603/6/5
f 959/4/5 956/4/5 2685/4/5
f 2685/4/5 956/4/5 955/4/5
f 957/4/5 899/4/5 958/4/5
f 958/4/5 899/4/5 898/4/5
f 2708/4/5 992/4/5 2707/4/5
f 2707/4/5 992/4/5 991/4/5
f 2487/1/5 3325/1/5 2484/1/5
f 2484/1/5 3325/1/5 3449/1/5
f 1615/6/5 1608/6/5 3012/6/5
f 3012/6/5 1608/6/5 1607/6/5
f 1122/1/5 850/1/5 1123/1/5
f 1123/1/5 850/1/5 849/1/5
f 2985/3/5 1558/3/5 1602/3/5
f 1602/3/5 1558/3/5 3017/3/5
f 499/1/5 2444/1/5 404/1/5
f 404/1/5 2444/1/5 495/1/5
f 3325/1/5 3626/1/5 545/1/5
f 545/1/5 3626/1/5 2483/1/5
f 3626/1/5 549/1/5 2482/1/5
f 2482/1/5 549/1/5 542/1/5
f 3081/3/5 1751/3/5 3078/3/5
f 3078/3/5 1751/3/5 1750/3/5
f 3015/6/5 1612/6/5 1604/6/5
f 1604/6/5 1612/6/5 1611/6/5
f 963/4/5 960/4/5 2687/4/5
f 2687/4/5 960/4/5 959/4/5
f 2649/4/5 858/4/5 2647/4/5
f 2647/4/5 858/4/5 857/4/5
f 2751/4/5 1059/4/5 2749/4/5
f 2749/4/5 1059/4/5 1058/4/5
f 2097/5/5 1616/5/5 2098/5/5
f 2098/5/5 1616/5/5 1615/5/5
f 3206/3/5 1976/3/5 3203/3/5
f 3203/3/5 1976/3/5 1975/3/5
f 3018/3/5 1619/3/5 3002/3/5
f 3002/3/5 1619/3/5 1591/3/5
f 2961/3/5 1519/3/5 2958/3/5
f 2958/3/5 1519/3/5 1518/3/5
f 1624/5/5 1622/5/5 1612/5/5
f 1612/5/5 1622/5/5 1621/5/5
f 967/4/5 964/4/5 2689/4/5
f 2689/4/5 964/4/5 963/4/5
f 2638/4/5 852/4/5 2636/4/5
f 2636/4/5 852/4/5 851/4/5
f 2778/4/5 1125/4/5 2776/4/5
f 2776/4/5 1125/4/5 1124/4/5
f 2100/5/5 1755/5/5 2101/5/5
f 2101/5/5 1755/5/5 1754/5/5
f 1566/6/5 1523/6/5 1567/6/5
f 1567/6/5 1523/6/5 1522/6/5
f 3103/6/5 1791/6/5 3102/6/5
f 3102/6/5 1791/6/5 1790/6/5
f 1524/6/5 1485/6/5 1525/6/5
f 1525/6/5 1485/6/5 1484/6/5
f 3139/6/5 1845/6/5 3138/6/5
f 3138/6/5 1845/6/5 1844/6/5
f 1486/6/5 2988/6/5 1487/6/5
f 1487/6/5 2988/6/5 2987/6/5
f 1628/1/5 3025/1/5 1616/1/5
f 1616/1/5 3025/1/5 3018/1/5
f 3157/6/5 3247/6/5 3156/6/5
f 3156/6/5 3247/6/5 3246/6/5
f 203/9/5 200/9/5 197/9/5
f 197/9/5 200/9/5 199/9/5
f 3248/3/5 2024/3/5 3245/3/5
f 3245/3/5 2024/3/5 2023/3/5
f 201/1/5 251/1/5 202/1/5
f 202/1/5 251/1/5 136/1/5
f 1570/6/5 1456/6/5 1571/6/5
f 1571/6/5 1456/6/5 1455/6/5
f 2025/6/5 1894/6/5 2026/6/5
f 2026/6/5 1894/6/5 1893/6/5
f 2939/6/5 1489/6/5 2938/6/5
f 2938/6/5 1489/6/5 1488/6/5
f 1895/6/5 1851/6/5 1896/6/5
f 1896/6/5 1851/6/5 1850/6/5
f 2965/6/5 1527/6/5 2964/6/5
f 2964/6/5 1527/6/5 1526/6/5
f 1646/1/5 1625/1/5 1619/1/5
f 1619/1/5 1625/1/5 1624/1/5
f 1852/6/5 1795/6/5 1853/6/5
f 1853/6/5 1795/6/5 1794/6/5
f 1626/5/5 1573/5/5 1627/5/5
f 1627/5/5 1573/5/5 1572/5/5
f 1796/5/5 1757/5/5 1797/5/5
f 1797/5/5 1757/5/5 1756/5/5
f 971/4/5 968/4/5 2691/4/5
f 2691/4/5 968/4/5 967/4/5
f 665/4/5 662/4/5 2548/4/5
f 2548/4/5 662/4/5 661/4/5
f 1193/4/5 1186/4/5 2788/4/5
f 2788/4/5 1186/4/5 1185/4/5
f 2625/4/5 825/4/5 2623/4/5
f 2623/4/5 825/4/5 824/4/5
f 2783/4/5 1162/4/5 2781/4/5
f 2781/4/5 1162/4/5 1161/4/5
f 2103/5/5 1629/5/5 2104/5/5
f 2104/5/5 1629/5/5 1628/5/5
f 2315/1/5 3323/1/5 2312/1/5
f 2312/1/5 3323/1/5 3448/1/5
f 2969/3/5 1531/3/5 2966/3/5
f 2966/3/5 1531/3/5 1530/3/5
f 205/1/5 2292/1/5 133/1/5
f 133/1/5 2292/1/5 201/1/5
f 3323/1/5 3627/1/5 246/1/5
f 246/1/5 3627/1/5 2311/1/5
f 3627/1/5 250/1/5 2310/1/5
f 2310/1/5 250/1/5 243/1/5
f 3293/3/5 2106/3/5 3290/3/5
f 3290/3/5 2106/3/5 2105/3/5
f 975/4/5 972/4/5 2693/4/5
f 2693/4/5 972/4/5 971/4/5
f 1638/5/5 1632/5/5 1625/5/5
f 1625/5/5 1632/5/5 1631/5/5
f 2585/4/5 776/4/5 662/4/5
f 662/4/5 776/4/5 669/4/5
f 2610/4/5 804/4/5 2608/4/5
f 2608/4/5 804/4/5 803/4/5
f 2786/4/5 1165/4/5 2784/4/5
f 2784/4/5 1165/4/5 1164/4/5
f 3020/6/5 1635/6/5 1629/6/5
f 1629/6/5 1635/6/5 1634/6/5
f 979/4/5 976/4/5 2695/4/5
f 2695/4/5 976/4/5 975/4/5
f 1649/6/5 1639/6/5 3021/6/5
f 3021/6/5 1639/6/5 1638/6/5
f 2553/4/5 666/4/5 2550/4/5
f 2550/4/5 666/4/5 665/4/5
f 2795/4/5 1194/4/5 2792/4/5
f 2792/4/5 1194/4/5 1193/4/5
f 2787/4/5 1172/4/5 2584/4/5
f 2584/4/5 1172/4/5 774/4/5
f 1199/4/5 1197/4/5 1186/4/5
f 1186/4/5 1197/4/5 1189/4/5
f 3024/6/5 1643/6/5 1635/6/5
f 1635/6/5 1643/6/5 1642/6/5
f 1648/3/5 1656/3/5 2990/3/5
f 2990/3/5 1656/3/5 1579/3/5
f 2700/4/5 980/4/5 2697/4/5
f 2697/4/5 980/4/5 979/4/5
f 1653/6/5 1650/6/5 3028/6/5
f 3028/6/5 1650/6/5 1649/6/5
f 677/4/5 674/4/5 666/4/5
f 666/4/5 674/4/5 673/4/5
f 1203/4/5 1200/4/5 1194/4/5
f 1194/4/5 1200/4/5 1199/4/5
f 1201/4/5 1171/4/5 1202/4/5
f 1202/4/5 1171/4/5 1170/4/5
f 1130/1/5 2184/1/5 1131/1/5
f 1131/1/5 2184/1/5 2183/1/5
f 3300/6/5 2119/6/5 3297/6/5
f 3297/6/5 2119/6/5 2118/6/5
f 2116/5/5 1326/5/5 2117/5/5
f 2117/5/5 1326/5/5 1325/5/5
f 2120/6/5 3303/6/5 2121/6/5
f 2121/6/5 3303/6/5 3302/6/5
f 1657/6/5 1654/6/5 1647/6/5
f 1647/6/5 1654/6/5 1653/6/5
f 2124/6/5 2028/6/5 2125/6/5
f 2125/6/5 2028/6/5 2027/6/5
f 2873/10/5 3375/10/5 2871/10/5
f 2871/10/5 3375/10/5 3480/10/5
f 3304/6/5 2127/6/5 2112/6/5
f 2112/6/5 2127/6/5 2126/6/5
f 3375/9/5 1368/9/5 3480/9/5
f 3480/9/5 1368/9/5 1367/9/5
f 685/4/5 678/4/5 2554/4/5
f 2554/4/5 678/4/5 677/4/5
f 1210/4/5 1204/4/5 2797/4/5
f 2797/4/5 1204/4/5 1203/4/5
f 2557/4/5 682/4/5 674/4/5
f 674/4/5 682/4/5 681/4/5
f 2800/4/5 1208/4/5 1200/4/5
f 1200/4/5 1208/4/5 1207/4/5
f 1133/5/5 552/5/5 1134/5/5
f 1134/5/5 552/5/5 551/5/5
f 2131/5/5 2874/5/5 2132/5/5
f 2132/5/5 2874/5/5 3458/5/5
f 3085/3/5 1759/3/5 3082/3/5
f 3082/3/5 1759/3/5 1758/3/5
f 1373/9/5 600/9/5 1374/9/5
f 1374/9/5 600/9/5 599/9/5
f 601/9/5 556/9/5 602/9/5
f 602/9/5 556/9/5 555/9/5
f 693/4/5 686/4/5 2558/4/5
f 2558/4/5 686/4/5 685/4/5
f 1218/4/5 1211/4/5 2801/4/5
f 2801/4/5 1211/4/5 1210/4/5
f 2561/4/5 690/4/5 682/4/5
f 682/4/5 690/4/5 689/4/5
f 2804/4/5 1215/4/5 1208/4/5
f 1208/4/5 1215/4/5 1214/4/5
f 2138/5/5 2847/5/5 2139/5/5
f 2139/5/5 2847/5/5 3628/5/5
f 1136/5/5 2532/5/5 1137/5/5
f 1137/5/5 2532/5/5 2531/5/5
f 3035/3/5 1658/3/5 3025/3/5
f 3025/3/5 1658/3/5 1646/3/5
f 635/10/5 450/10/5 636/10/5
f 636/10/5 450/10/5 449/10/5
f 1175/4/5 694/4/5 1176/4/5
f 1176/4/5 694/4/5 693/4/5
f 1331/4/5 1219/4/5 1332/4/5
f 1332/4/5 1219/4/5 1218/4/5
f 451/9/5 432/9/5 452/9/5
f 452/9/5 432/9/5 431/9/5
f 1139/5/5 2849/5/5 1140/5/5
f 1140/5/5 2849/5/5 2848/5/5
f 2850/10/5 2876/10/5 3628/10/5
f 3628/10/5 2876/10/5 2875/10/5
f 2877/10/5 2899/10/5 3458/10/5
f 3458/10/5 2899/10/5 2873/10/5
f 1334/8/5 504/8/5 1335/8/5
f 1335/8/5 504/8/5 503/8/5
f 2993/3/5 1580/3/5 1660/3/5
f 1660/3/5 1580/3/5 1655/3/5
f 505/10/5 339/10/5 506/10/5
f 506/10/5 339/10/5 338/10/5
f 2900/10/5 1410/10/5 2898/10/5
f 2898/10/5 1410/10/5 3481/10/5
f 340/9/5 289/9/5 341/9/5
f 341/9/5 289/9/5 288/9/5
f 1410/9/5 1408/9/5 3481/9/5
f 3481/9/5 1408/9/5 1407/9/5
f 2853/9/5 2878/9/5 2850/9/5
f 2850/9/5 2878/9/5 2876/9/5
f 3163/3/5 3160/3/5 3144/3/5
f 3144/3/5 3160/3/5 1854/3/5
f 2879/9/5 2901/9/5 2877/9/5
f 2877/9/5 2901/9/5 2899/9/5
f 436/8/5 412/8/5 437/8/5
f 437/8/5 412/8/5 411/8/5
f 413/10/5 253/10/5 414/10/5
f 414/10/5 253/10/5 252/10/5
f 2902/9/5 1411/9/5 2900/9/5
f 2900/9/5 1411/9/5 1410/9/5
f 254/9/5 207/9/5 255/9/5
f 255/9/5 207/9/5 206/9/5
f 208/9/5 176/9/5 209/9/5
f 209/9/5 176/9/5 175/9/5
f 1145/5/5 2855/5/5 1146/5/5
f 1146/5/5 2855/5/5 2854/5/5
f 1905/6/5 3172/6/5 3162/6/5
f 3162/6/5 3172/6/5 3161/6/5
f 1338/8/5 512/8/5 1339/8/5
f 1339/8/5 512/8/5 511/8/5
f 513/10/5 343/10/5 514/10/5
f 514/10/5 343/10/5 342/10/5
f 344/9/5 292/9/5 345/9/5
f 345/9/5 292/9/5 291/9/5
f 2144/5/5 3629/5/5 2145/5/5
f 2145/5/5 3629/5/5 2856/5/5
f 1913/6/5 1906/6/5 3164/6/5
f 3164/6/5 1906/6/5 1905/6/5
f 1148/5/5 3340/5/5 1149/5/5
f 1149/5/5 3340/5/5 2535/5/5
f 3629/10/5 2880/10/5 2853/10/5
f 2853/10/5 2880/10/5 2878/10/5
f 639/10/5 454/10/5 640/10/5
f 640/10/5 454/10/5 453/10/5
f 1179/4/5 698/4/5 1180/4/5
f 1180/4/5 698/4/5 697/4/5
f 1341/4/5 1223/4/5 1342/4/5
f 1342/4/5 1223/4/5 1222/4/5
f 3167/6/5 1910/6/5 1902/6/5
f 1902/6/5 1910/6/5 1909/6/5
f 455/9/5 439/9/5 456/9/5
f 456/9/5 439/9/5 438/9/5
f 709/4/5 702/4/5 690/4/5
f 690/4/5 702/4/5 701/4/5
f 1234/4/5 1227/4/5 1215/4/5
f 1215/4/5 1227/4/5 1226/4/5
f 1921/6/5 1914/6/5 3168/6/5
f 3168/6/5 1914/6/5 1913/6/5
f 1151/5/5 559/5/5 1152/5/5
f 1152/5/5 559/5/5 558/5/5
f 2147/5/5 3343/5/5 2148/5/5
f 2148/5/5 3343/5/5 2881/5/5
f 3147/3/5 1855/3/5 1908/3/5
f 1908/3/5 1855/3/5 3173/3/5
f 3343/10/5 2882/10/5 2879/10/5
f 2879/10/5 2882/10/5 2901/10/5
f 3214/3/5 1984/3/5 3211/3/5
f 3211/3/5 1984/3/5 1983/3/5
f 1379/9/5 604/9/5 1380/9/5
f 1380/9/5 604/9/5 603/9/5
f 2903/10/5 3378/10/5 2902/10/5
f 2902/10/5 3378/10/5 1411/10/5
f 605/9/5 563/9/5 606/9/5
f 606/9/5 563/9/5 562/9/5
f 3378/9/5 1415/9/5 1411/9/5
f 1411/9/5 1415/9/5 1414/9/5
f 3171/6/5 1918/6/5 1910/6/5
f 1910/6/5 1918/6/5 1917/6/5
f 2563/4/5 706/4/5 698/4/5
f 698/4/5 706/4/5 705/4/5
f 2806/4/5 1231/4/5 1223/4/5
f 1223/4/5 1231/4/5 1230/4/5
f 717/4/5 710/4/5 2564/4/5
f 2564/4/5 710/4/5 709/4/5
f 1242/4/5 1235/4/5 2807/4/5
f 2807/4/5 1235/4/5 1234/4/5
f 2150/5/5 1922/5/5 2151/5/5
f 2151/5/5 1922/5/5 1921/5/5
f 1860/5/5 1344/5/5 1861/5/5
f 1861/5/5 1344/5/5 1343/5/5
f 3174/3/5 1925/3/5 3158/3/5
f 3158/3/5 1925/3/5 1897/3/5
f 3109/3/5 1799/3/5 3106/3/5
f 3106/3/5 1799/3/5 1798/3/5
f 2884/10/5 3376/10/5 2882/10/5
f 2882/10/5 3376/10/5 3377/10/5
f 3376/9/5 1382/9/5 3377/9/5
f 3377/9/5 1382/9/5 1381/9/5
f 1930/5/5 1928/5/5 1918/5/5
f 1918/5/5 1928/5/5 1927/5/5
f 2567/4/5 714/4/5 706/4/5
f 706/4/5 714/4/5 713/4/5
f 2810/4/5 1239/4/5 1231/4/5
f 1231/4/5 1239/4/5 1238/4/5
f 721/4/5 718/4/5 2568/4/5
f 2568/4/5 718/4/5 717/4/5
f 1245/4/5 1243/4/5 2811/4/5
f 2811/4/5 1243/4/5 1242/4/5
f 2157/5/5 1988/5/5 2158/5/5
f 2158/5/5 1988/5/5 1987/5/5
f 1156/1/5 2188/1/5 1157/1/5
f 1157/1/5 2188/1/5 2187/1/5
f 1864/6/5 1803/6/5 1865/6/5
f 1865/6/5 1803/6/5 1802/6/5
f 3252/6/5 2032/6/5 3251/6/5
f 3251/6/5 2032/6/5 2031/6/5
f 1804/6/5 1763/6/5 1805/6/5
f 1805/6/5 1763/6/5 1762/6/5
f 3312/6/5 2160/6/5 3311/6/5
f 3311/6/5 2160/6/5 2159/6/5
f 1764/6/5 3150/6/5 1765/6/5
f 1765/6/5 3150/6/5 3149/6/5
f 1934/1/5 3175/1/5 1922/1/5
f 1922/1/5 3175/1/5 3174/1/5
f 1868/6/5 1662/6/5 1869/6/5
f 1869/6/5 1662/6/5 1661/6/5
f 2704/4/5 984/4/5 2701/4/5
f 2701/4/5 984/4/5 983/4/5
f 3089/6/5 1767/6/5 3088/6/5
f 3088/6/5 1767/6/5 1766/6/5
f 2172/6/5 2166/6/5 3314/6/5
f 3314/6/5 2166/6/5 2165/6/5
f 3113/6/5 1807/6/5 3112/6/5
f 3112/6/5 1807/6/5 1806/6/5
f 1937/1/5 1931/1/5 1925/1/5
f 1925/1/5 1931/1/5 1930/1/5
f 2167/6/5 2036/6/5 2168/6/5
f 2168/6/5 2036/6/5 2035/6/5
f 1932/5/5 1871/5/5 1933/5/5
f 1933/5/5 1871/5/5 1870/5/5
f 2037/5/5 1990/5/5 2038/5/5
f 2038/5/5 1990/5/5 1989/5/5
f 725/4/5 722/4/5 714/4/5
f 714/4/5 722/4/5 721/4/5
f 1249/4/5 1246/4/5 1239/4/5
f 1239/4/5 1246/4/5 1245/4/5
f 1247/4/5 1182/4/5 1248/4/5
f 1248/4/5 1182/4/5 1181/4/5
f 2170/5/5 1935/5/5 2171/5/5
f 2171/5/5 1935/5/5 1934/5/5
f 2191/1/5 30/1/5 2180/1/5
f 2180/1/5 30/1/5 3624/1/5
f 3117/3/5 1814/3/5 3114/3/5
f 3114/3/5 1814/3/5 1813/3/5
f 181/1/5 2276/1/5 182/1/5
f 182/1/5 2276/1/5 2275/1/5
f 3177/3/5 1938/3/5 3175/3/5
f 3175/3/5 1938/3/5 1937/3/5
f 2301/1/5 211/1/5 2298/1/5
f 2298/1/5 211/1/5 210/1/5
f 2706/4/5 988/4/5 984/4/5
f 984/4/5 988/4/5 987/4/5
f 3179/5/5 1941/5/5 1931/5/5
f 1931/5/5 1941/5/5 1940/5/5
f 2573/4/5 726/4/5 2570/4/5
f 2570/4/5 726/4/5 725/4/5
f 2816/4/5 1250/4/5 2813/4/5
f 2813/4/5 1250/4/5 1249/4/5
f 2589/4/5 778/4/5 2587/4/5
f 2587/4/5 778/4/5 777/4/5
f 2819/4/5 1254/4/5 1246/4/5
f 1246/4/5 1254/4/5 1253/4/5
f 1386/1/6 1385/1/6 2888/1/6
f 2888/1/6 1385/1/6 2885/1/6
f 1944/1/6 1943/1/6 3183/1/6
f 3183/1/6 1943/1/6 3180/1/6
f 2278/10/6 2325/10/6 183/10/6
f 183/10/6 2325/10/6 258/10/6
f 2410/10/6 2433/10/6 419/10/6
f 419/10/6 2433/10/6 463/10/6
f 2512/10/6 2575/10/6 607/10/6
f 607/10/6 2575/10/6 731/10/6
f 2654/9/6 3630/9/6 2653/9/6
f 2653/9/6 3630/9/6 2650/9/6
f 8/9/6 3631/9/6 3/9/6
f 3/9/6 3631/9/6 4/9/6
f 34/9/6 33/9/6 99/9/6
f 99/9/6 33/9/6 100/9/6
f 861/9/6 860/9/6 903/9/6
f 903/9/6 860/9/6 904/9/6
f 995/9/6 994/9/6 1063/9/6
f 1063/9/6 994/9/6 1064/9/6
f 3547/10/6 2328/10/6 2281/10/6
f 2281/10/6 2328/10/6 2278/10/6
f 3549/10/6 2436/10/6 2413/10/6
f 2413/10/6 2436/10/6 2410/10/6
f 3551/10/6 2578/10/6 2515/10/6
f 2515/10/6 2578/10/6 2512/10/6
f 260/1/6 259/1/6 3557/1/6
f 3557/1/6 259/1/6 3543/1/6
f 465/1/6 464/1/6 3559/1/6
f 3559/1/6 464/1/6 3544/1/6
f 733/1/6 732/1/6 3561/1/6
f 3561/1/6 732/1/6 3545/1/6
f 875/1/6 164/1/6 2283/1/6
f 2283/1/6 164/1/6 2280/1/6
f 347/1/6 346/1/6 2415/1/6
f 2415/1/6 346/1/6 2412/1/6
f 566/1/6 565/1/6 2517/1/6
f 2517/1/6 565/1/6 2514/1/6
f 2656/9/6 2655/9/6 2642/9/6
f 2642/9/6 2655/9/6 2639/9/6
f 2641/9/6 2640/9/6 2629/9/6
f 2629/9/6 2640/9/6 2626/9/6
f 2628/9/6 2627/9/6 2614/9/6
f 2614/9/6 2627/9/6 2611/9/6
f 2613/9/6 2612/9/6 2596/9/6
f 2596/9/6 2612/9/6 2593/9/6
f 2595/9/6 2594/9/6 2541/9/6
f 2541/9/6 2594/9/6 2538/9/6
f 161/9/6 160/9/6 216/9/6
f 216/9/6 160/9/6 217/9/6
f 295/9/6 294/9/6 417/9/6
f 417/9/6 294/9/6 418/9/6
f 469/9/6 468/9/6 571/9/6
f 571/9/6 468/9/6 572/9/6
f 642/9/6 641/9/6 783/9/6
f 783/9/6 641/9/6 784/9/6
f 828/9/6 827/9/6 872/9/6
f 872/9/6 827/9/6 873/9/6
f 37/9/6 36/9/6 40/9/6
f 40/9/6 36/9/6 34/9/6
f 998/9/6 997/9/6 1001/9/6
f 1001/9/6 997/9/6 995/9/6
f 874/9/6 864/9/6 3632/9/6
f 3632/9/6 864/9/6 3630/9/6
f 1073/9/6 3443/9/6 2177/9/6
f 2177/9/6 3443/9/6 3502/9/6
f 3632/9/6 2657/9/6 2661/9/6
f 2661/9/6 2657/9/6 2658/9/6
f 877/9/6 876/9/6 3633/9/6
f 3633/9/6 876/9/6 871/9/6
f 16/9/6 3520/9/6 3634/9/6
f 3634/9/6 3520/9/6 3631/9/6
f 3633/9/6 870/9/6 3635/9/6
f 3635/9/6 870/9/6 908/9/6
f 3634/9/6 7/9/6 11/9/6
f 11/9/6 7/9/6 12/9/6
f 41/9/6 40/9/6 105/9/6
f 105/9/6 40/9/6 106/9/6
f 3635/9/6 907/9/6 911/9/6
f 911/9/6 907/9/6 912/9/6
f 1002/9/6 1001/9/6 1069/9/6
f 1069/9/6 1001/9/6 1070/9/6
f 3565/10/6 3546/10/6 2285/10/6
f 2285/10/6 3546/10/6 2282/10/6
f 3567/10/6 3548/10/6 2417/10/6
f 2417/10/6 3548/10/6 2414/10/6
f 3569/10/6 3550/10/6 2519/10/6
f 2519/10/6 3550/10/6 2516/10/6
f 2194/9/6 2193/9/6 3636/9/6
f 3636/9/6 2193/9/6 2176/9/6
f 2711/9/6 2710/9/6 3637/9/6
f 3637/9/6 2710/9/6 2675/9/6
f 264/1/6 263/1/6 3574/1/6
f 3574/1/6 263/1/6 3556/1/6
f 473/1/6 472/1/6 3575/1/6
f 3575/1/6 472/1/6 3558/1/6
f 737/1/6 736/1/6 3576/1/6
f 3576/1/6 736/1/6 3560/1/6
f 1078/1/6 168/1/6 2287/1/6
f 2287/1/6 168/1/6 2284/1/6
f 351/1/6 350/1/6 2419/1/6
f 2419/1/6 350/1/6 2416/1/6
f 574/1/6 573/1/6 2521/1/6
f 2521/1/6 573/1/6 2518/1/6
f 1824/9/6 3119/9/6 1459/9/6
f 1459/9/6 3119/9/6 1494/9/6
f 1493/8/6 1492/8/6 1539/8/6
f 1539/8/6 1492/8/6 1540/8/6
f 1666/8/6 1665/8/6 1772/8/6
f 1772/8/6 1665/8/6 1773/8/6
f 1538/8/6 1537/8/6 1671/8/6
f 1671/8/6 1537/8/6 1672/8/6
f 2198/9/6 2197/9/6 3638/9/6
f 3638/9/6 2197/9/6 3636/9/6
f 2715/9/6 2714/9/6 3639/9/6
f 3639/9/6 2714/9/6 3637/9/6
f 50/9/6 3640/9/6 45/9/6
f 45/9/6 3640/9/6 46/9/6
f 807/1/6 806/1/6 809/1/6
f 809/1/6 806/1/6 2615/1/6
f 1011/9/6 3641/9/6 1006/9/6
f 1006/9/6 3641/9/6 1007/9/6
f 648/1/6 3642/1/6 652/1/6
f 652/1/6 3642/1/6 833/1/6
f 2329/10/6 3564/10/6 2289/10/6
f 2289/10/6 3564/10/6 2286/10/6
f 2437/10/6 3566/10/6 2421/10/6
f 2421/10/6 3566/10/6 2418/10/6
f 2579/10/6 3568/10/6 2523/10/6
f 2523/10/6 3568/10/6 2520/10/6
f 2288/10/6 2279/10/6 185/10/6
f 185/10/6 2279/10/6 186/10/6
f 2420/10/6 2411/10/6 421/10/6
f 421/10/6 2411/10/6 422/10/6
f 2522/10/6 2513/10/6 609/10/6
f 609/10/6 2513/10/6 610/10/6
f 184/10/6 183/10/6 269/10/6
f 269/10/6 183/10/6 270/10/6
f 420/10/6 419/10/6 478/10/6
f 478/10/6 419/10/6 479/10/6
f 608/10/6 607/10/6 742/10/6
f 742/10/6 607/10/6 743/10/6
f 3122/11/6 3121/11/6 1823/11/6
f 1823/11/6 3121/11/6 1824/11/6
f 1952/9/6 2927/9/6 1417/9/6
f 1417/9/6 2927/9/6 1461/9/6
f 1822/9/6 1821/9/6 1949/9/6
f 1949/9/6 1821/9/6 1818/9/6
f 3038/8/6 1671/8/6 1675/8/6
f 1675/8/6 1671/8/6 1676/8/6
f 2202/9/6 2201/9/6 3643/9/6
f 3643/9/6 2201/9/6 3638/9/6
f 2719/9/6 2718/9/6 3644/9/6
f 3644/9/6 2718/9/6 3639/9/6
f 2332/10/6 2289/10/6 273/10/6
f 273/10/6 2289/10/6 184/10/6
f 2440/10/6 2421/10/6 482/10/6
f 482/10/6 2421/10/6 420/10/6
f 2582/10/6 2523/10/6 746/10/6
f 746/10/6 2523/10/6 608/10/6
f 3187/11/6 3186/11/6 1420/11/6
f 1420/11/6 3186/11/6 1952/11/6
f 1422/9/6 2904/9/6 1347/9/6
f 1347/9/6 2904/9/6 1419/9/6
f 1951/9/6 1950/9/6 2049/9/6
f 2049/9/6 1950/9/6 1948/9/6
f 3040/8/6 1675/8/6 1679/8/6
f 1679/8/6 1675/8/6 1680/8/6
f 2206/9/6 2205/9/6 3645/9/6
f 3645/9/6 2205/9/6 3643/9/6
f 2723/9/6 2722/9/6 3646/9/6
f 3646/9/6 2722/9/6 3644/9/6
f 3647/1/6 153/1/6 220/1/6
f 220/1/6 153/1/6 221/1/6
f 3648/3/6 3649/3/6 1777/3/6
f 1777/3/6 3649/3/6 1879/3/6
f 1421/3/6 1420/3/6 1423/3/6
f 1423/3/6 1420/3/6 1464/3/6
f 3042/8/6 1679/8/6 1687/8/6
f 1687/8/6 1679/8/6 1688/8/6
f 3650/9/6 3647/9/6 223/9/6
f 223/9/6 3647/9/6 220/9/6
f 646/9/6 645/9/6 811/9/6
f 811/9/6 645/9/6 812/9/6
f 810/1/6 809/1/6 837/1/6
f 837/1/6 809/1/6 838/1/6
f 3262/11/6 3261/11/6 1391/11/6
f 1391/11/6 3261/11/6 1422/11/6
f 1395/9/6 2857/9/6 1312/9/6
f 1312/9/6 2857/9/6 1349/9/6
f 3651/8/6 3648/8/6 3653/8/6
f 3653/8/6 3648/8/6 3652/8/6
f 3044/8/6 1687/8/6 1691/8/6
f 1691/8/6 1687/8/6 1692/8/6
f 2210/9/6 2209/9/6 2756/9/6
f 2756/9/6 2209/9/6 3645/9/6
f 2727/9/6 2726/9/6 2678/9/6
f 2678/9/6 2726/9/6 3646/9/6
f 614/1/6 611/1/6 3654/1/6
f 3654/1/6 611/1/6 3642/1/6
f 920/1/6 3650/1/6 225/1/6
f 225/1/6 3650/1/6 223/1/6
f 58/9/6 49/9/6 53/9/6
f 53/9/6 49/9/6 54/9/6
f 3654/1/6 647/1/6 3655/1/6
f 3655/1/6 647/1/6 2543/1/6
f 814/1/6 813/1/6 2618/1/6
f 2618/1/6 813/1/6 810/1/6
f 1019/9/6 1010/9/6 1014/9/6
f 1014/9/6 1010/9/6 1015/9/6
f 3655/1/6 2542/1/6 651/1/6
f 651/1/6 2542/1/6 652/1/6
f 1693/3/6 1681/3/6 3656/3/6
f 3656/3/6 1681/3/6 3649/3/6
f 3656/3/6 3651/3/6 3657/3/6
f 3657/3/6 3651/3/6 3653/3/6
f 3657/3/6 3652/3/6 1776/3/6
f 1776/3/6 3652/3/6 1777/3/6
f 1429/3/6 1389/3/6 1425/3/6
f 1425/3/6 1389/3/6 1426/3/6
f 1466/3/6 1465/3/6 1469/3/6
f 1469/3/6 1465/3/6 1463/3/6
f 3046/8/6 1691/8/6 1698/8/6
f 1698/8/6 1691/8/6 1699/8/6
f 2372/1/6 2465/1/6 357/1/6
f 357/1/6 2465/1/6 522/1/6
f 3265/11/6 3264/11/6 1394/11/6
f 1394/11/6 3264/11/6 1395/11/6
f 1886/9/6 2840/9/6 1266/9/6
f 1266/9/6 2840/9/6 1314/9/6
f 3658/8/6 3363/8/6 3660/8/6
f 3660/8/6 3363/8/6 3659/8/6
f 1428/3/6 1427/3/6 1471/3/6
f 1471/3/6 1427/3/6 1424/3/6
f 2375/1/6 2468/1/6 360/1/6
f 360/1/6 2468/1/6 525/1/6
f 2970/1/6 1698/1/6 1541/1/6
f 1541/1/6 1698/1/6 1702/1/6
f 2381/1/6 2471/1/6 366/1/6
f 366/1/6 2471/1/6 528/1/6
f 355/8/6 354/8/6 2374/8/6
f 2374/8/6 354/8/6 2372/8/6
f 2344/1/6 2373/1/6 300/1/6
f 300/1/6 2373/1/6 359/1/6
f 1885/3/6 1881/3/6 3661/3/6
f 3661/3/6 1881/3/6 3363/3/6
f 3661/3/6 3658/3/6 3662/3/6
f 3662/3/6 3658/3/6 3660/3/6
f 3662/3/6 3659/3/6 1955/3/6
f 1955/3/6 3659/3/6 1956/3/6
f 3000/9/6 2999/9/6 1589/9/6
f 1589/9/6 2999/9/6 1590/9/6
f 358/8/6 357/8/6 2377/8/6
f 2377/8/6 357/8/6 2375/8/6
f 2348/1/6 2376/1/6 304/1/6
f 304/1/6 2376/1/6 362/1/6
f 2973/1/6 3050/1/6 2972/1/6
f 2972/1/6 3050/1/6 2970/1/6
f 2940/1/6 2971/1/6 1497/1/6
f 1497/1/6 2971/1/6 1543/1/6
f 1542/1/6 1541/1/6 1705/1/6
f 1705/1/6 1541/1/6 1706/1/6
f 361/8/6 360/8/6 2380/8/6
f 2380/8/6 360/8/6 2378/8/6
f 364/8/6 363/8/6 2383/8/6
f 2383/8/6 363/8/6 2381/8/6
f 2352/1/6 2382/1/6 308/1/6
f 308/1/6 2382/1/6 368/1/6
f 367/8/6 366/8/6 2387/8/6
f 2387/8/6 366/8/6 2384/8/6
f 1277/8/6 1268/8/6 1272/8/6
f 1272/8/6 1268/8/6 1273/8/6
f 1545/10/6 1544/10/6 2975/10/6
f 2975/10/6 1544/10/6 2973/10/6
f 2947/1/6 2974/1/6 2942/1/6
f 2942/1/6 2974/1/6 2940/1/6
f 2928/1/6 2941/1/6 1472/1/6
f 1472/1/6 2941/1/6 1499/1/6
f 1498/1/6 1497/1/6 1504/1/6
f 1504/1/6 1497/1/6 3500/1/6
f 66/9/6 57/9/6 61/9/6
f 61/9/6 57/9/6 62/9/6
f 1027/9/6 1018/9/6 1022/9/6
f 1022/9/6 1018/9/6 1023/9/6
f 1504/11/6 3500/11/6 3225/11/6
f 3225/11/6 3500/11/6 2954/11/6
f 1707/11/6 1704/11/6 3055/11/6
f 3055/11/6 1704/11/6 3052/11/6
f 2943/10/6 3663/10/6 3664/10/6
f 3664/10/6 3663/10/6 2947/10/6
f 1549/10/6 1511/10/6 2946/10/6
f 2946/10/6 1511/10/6 3663/10/6
f 2945/9/6 2944/9/6 1502/9/6
f 1502/9/6 2944/9/6 1503/9/6
f 1285/8/6 1272/8/6 1280/8/6
f 1280/8/6 1272/8/6 1281/8/6
f 1279/8/6 1278/8/6 1317/8/6
f 1317/8/6 1278/8/6 1318/8/6
f 1316/8/6 1315/8/6 1352/8/6
f 1352/8/6 1315/8/6 1353/8/6
f 1351/8/6 1350/8/6 1398/8/6
f 1398/8/6 1350/8/6 1399/8/6
f 3269/8/6 3268/8/6 2067/8/6
f 2067/8/6 3268/8/6 2068/8/6
f 1397/8/6 1396/8/6 1432/8/6
f 1432/8/6 1396/8/6 1433/8/6
f 1501/10/6 1500/10/6 2950/10/6
f 2950/10/6 1500/10/6 3664/10/6
f 3224/8/6 3223/8/6 2000/8/6
f 2000/8/6 3223/8/6 2001/8/6
f 1431/8/6 1430/8/6 1451/8/6
f 1451/8/6 1430/8/6 1452/8/6
f 2949/1/6 2948/1/6 2929/1/6
f 2929/1/6 2948/1/6 2928/1/6
f 3194/8/6 3193/8/6 1963/8/6
f 1963/8/6 3193/8/6 1964/8/6
f 1450/1/6 1449/1/6 1474/1/6
f 1474/1/6 1449/1/6 1475/1/6
f 1473/1/6 1472/1/6 1506/1/6
f 1506/1/6 1472/1/6 1507/1/6
f 380/8/6 319/8/6 2347/8/6
f 2347/8/6 319/8/6 2344/8/6
f 2346/1/6 2345/1/6 302/1/6
f 302/1/6 2345/1/6 303/1/6
f 1289/8/6 1276/8/6 1284/8/6
f 1284/8/6 1276/8/6 1285/8/6
f 301/8/6 300/8/6 2351/8/6
f 2351/8/6 300/8/6 2348/8/6
f 2073/10/6 1547/10/6 2978/10/6
f 2978/10/6 1547/10/6 2976/10/6
f 2350/1/6 2349/1/6 306/1/6
f 306/1/6 2349/1/6 307/1/6
f 2977/1/6 2950/1/6 2953/1/6
f 2953/1/6 2950/1/6 2951/1/6
f 2952/1/6 2929/1/6 1510/1/6
f 1510/1/6 2929/1/6 1473/1/6
f 1509/1/6 1508/1/6 3402/1/6
f 3402/1/6 1508/1/6 1505/1/6
f 305/8/6 304/8/6 2402/8/6
f 2402/8/6 304/8/6 2356/8/6
f 384/8/6 312/8/6 2355/8/6
f 2355/8/6 312/8/6 2352/8/6
f 2354/1/6 2353/1/6 310/1/6
f 310/1/6 2353/1/6 311/1/6
f 309/8/6 308/8/6 3440/8/6
f 3440/8/6 308/8/6 3539/8/6
f 3402/11/6 1505/11/6 2957/11/6
f 2957/11/6 1505/11/6 3226/11/6
f 1710/11/6 1709/11/6 3059/11/6
f 3059/11/6 1709/11/6 3056/11/6
f 3440/1/6 3539/1/6 2398/1/6
f 2398/1/6 3539/1/6 2386/1/6
f 2009/1/6 1996/1/6 2004/1/6
f 2004/1/6 1996/1/6 2005/1/6
f 1089/8/6 378/8/6 2390/8/6
f 2390/8/6 378/8/6 2388/8/6
f 2389/1/6 2347/1/6 371/1/6
f 371/1/6 2347/1/6 301/1/6
f 3272/11/6 3271/11/6 1513/11/6
f 1513/11/6 3271/11/6 1886/11/6
f 2827/9/6 2826/9/6 1288/9/6
f 1288/9/6 2826/9/6 1269/9/6
f 370/8/6 369/8/6 2393/8/6
f 2393/8/6 369/8/6 2391/8/6
f 2392/1/6 2351/1/6 374/1/6
f 374/1/6 2351/1/6 305/1/6
f 3061/1/6 2978/1/6 2981/1/6
f 2981/1/6 2978/1/6 2979/1/6
f 2980/1/6 2953/1/6 1552/1/6
f 1552/1/6 2953/1/6 1509/1/6
f 1551/1/6 1550/1/6 1714/1/6
f 1714/1/6 1550/1/6 1711/1/6
f 373/8/6 372/8/6 2767/8/6
f 2767/8/6 372/8/6 2401/8/6
f 74/9/6 65/9/6 69/9/6
f 69/9/6 65/9/6 70/9/6
f 1035/9/6 1026/9/6 1030/9/6
f 1030/9/6 1026/9/6 1031/9/6
f 931/8/6 381/8/6 2396/8/6
f 2396/8/6 381/8/6 2394/8/6
f 2395/1/6 2355/1/6 377/1/6
f 377/1/6 2355/1/6 309/1/6
f 376/8/6 375/8/6 2400/8/6
f 2400/8/6 375/8/6 2397/8/6
f 2399/1/6 2385/1/6 2008/1/6
f 2008/1/6 2385/1/6 1997/1/6
f 2474/1/6 2390/1/6 531/1/6
f 531/1/6 2390/1/6 370/1/6
f 2477/1/6 2393/1/6 534/1/6
f 534/1/6 2393/1/6 373/1/6
f 1725/1/6 2981/1/6 1717/1/6
f 1717/1/6 2981/1/6 1551/1/6
f 2480/1/6 2396/1/6 537/1/6
f 537/1/6 2396/1/6 376/1/6
f 3275/11/6 3274/11/6 2075/11/6
f 2075/11/6 3274/11/6 2076/11/6
f 2843/9/6 1513/9/6 1321/9/6
f 1321/9/6 1513/9/6 1287/9/6
f 2862/5/6 2861/5/6 1356/5/6
f 1356/5/6 2861/5/6 1357/5/6
f 2891/5/6 2908/5/6 1436/5/6
f 1436/5/6 2908/5/6 1437/5/6
f 3237/5/6 3236/5/6 2012/5/6
f 2012/5/6 3236/5/6 2013/5/6
f 3066/9/6 3065/9/6 1720/9/6
f 1720/9/6 3065/9/6 1721/9/6
f 1729/8/6 3069/8/6 1724/8/6
f 1724/8/6 3069/8/6 1725/8/6
f 3665/1/6 187/1/6 317/1/6
f 317/1/6 187/1/6 318/1/6
f 3666/1/6 623/1/6 789/1/6
f 789/1/6 623/1/6 790/1/6
f 748/6/6 747/6/6 3667/6/6
f 3667/6/6 747/6/6 819/6/6
f 2865/7/6 1355/7/6 1361/7/6
f 1361/7/6 1355/7/6 1402/7/6
f 3239/7/6 2011/7/6 2014/7/6
f 2014/7/6 2011/7/6 2079/7/6
f 1733/8/6 3071/8/6 1728/8/6
f 1728/8/6 3071/8/6 1729/8/6
f 3668/9/6 3665/9/6 229/9/6
f 229/9/6 3665/9/6 317/9/6
f 624/9/6 3666/9/6 792/9/6
f 792/9/6 3666/9/6 789/9/6
f 627/4/6 626/4/6 752/4/6
f 752/4/6 626/4/6 753/4/6
f 141/6/6 140/6/6 3669/6/6
f 3669/6/6 140/6/6 193/6/6
f 3278/11/6 3277/11/6 2081/11/6
f 2081/11/6 3277/11/6 2082/11/6
f 2864/9/6 2075/9/6 1360/9/6
f 1360/9/6 2075/9/6 1320/9/6
f 2828/7/6 2866/7/6 1290/7/6
f 1290/7/6 2866/7/6 1363/7/6
f 3152/7/6 3240/7/6 1889/7/6
f 1889/7/6 3240/7/6 2016/7/6
f 1737/8/6 3073/8/6 1732/8/6
f 1732/8/6 3073/8/6 1733/8/6
f 326/1/6 3668/1/6 228/1/6
f 228/1/6 3668/1/6 229/1/6
f 936/1/6 624/1/6 794/1/6
f 794/1/6 624/1/6 792/1/6
f 82/9/6 73/9/6 77/9/6
f 77/9/6 73/9/6 78/9/6
f 1043/9/6 1034/9/6 1038/9/6
f 1038/9/6 1034/9/6 1039/9/6
f 127/4/6 117/4/6 145/4/6
f 145/4/6 117/4/6 146/4/6
f 654/4/6 653/4/6 755/4/6
f 755/4/6 653/4/6 756/4/6
f 3197/11/6 3196/11/6 1967/11/6
f 1967/11/6 3196/11/6 1968/11/6
f 2910/9/6 2081/9/6 3361/9/6
f 3361/9/6 2081/9/6 1359/9/6
f 1966/9/6 1965/9/6 1969/9/6
f 1969/9/6 1965/9/6 2019/9/6
f 3361/5/6 1359/5/6 2895/5/6
f 2895/5/6 1359/5/6 2892/5/6
f 2018/5/6 2017/5/6 3285/5/6
f 3285/5/6 2017/5/6 3281/5/6
f 2830/7/6 2829/7/6 1292/7/6
f 1292/7/6 2829/7/6 1293/7/6
f 2931/7/6 2924/7/6 1478/7/6
f 1478/7/6 2924/7/6 1454/7/6
f 3154/7/6 3153/7/6 1891/7/6
f 1891/7/6 3153/7/6 1892/7/6
f 1741/8/6 3075/8/6 1736/8/6
f 1736/8/6 3075/8/6 1737/8/6
f 324/1/6 323/1/6 2361/1/6
f 2361/1/6 323/1/6 2360/1/6
f 152/4/6 125/4/6 148/4/6
f 148/4/6 125/4/6 149/4/6
f 386/6/6 385/6/6 3670/6/6
f 3670/6/6 385/6/6 446/6/6
f 3134/11/6 3133/11/6 1838/11/6
f 1838/11/6 3133/11/6 1839/11/6
f 2933/9/6 1967/9/6 1481/9/6
f 1481/9/6 1967/9/6 1439/9/6
f 1837/9/6 1836/9/6 1840/9/6
f 1840/9/6 1836/9/6 1971/9/6
f 2845/1/6 2830/1/6 1324/1/6
f 1324/1/6 2830/1/6 1292/1/6
f 2868/8/6 2867/8/6 1364/8/6
f 1364/8/6 2867/8/6 1362/8/6
f 2911/1/6 2934/1/6 1442/1/6
f 1442/1/6 2934/1/6 1483/1/6
f 3201/1/6 3154/1/6 1974/1/6
f 1974/1/6 3154/1/6 1891/1/6
f 3242/8/6 3241/8/6 2020/8/6
f 2020/8/6 3241/8/6 2015/8/6
f 1749/8/6 3077/8/6 1740/8/6
f 1740/8/6 3077/8/6 1741/8/6
f 283/1/6 226/1/6 279/1/6
f 279/1/6 226/1/6 280/1/6
f 333/4/6 284/4/6 393/4/6
f 393/4/6 284/4/6 394/4/6
f 3136/9/6 1838/9/6 1517/9/6
f 1517/9/6 1838/9/6 1480/9/6
f 2869/1/6 2846/1/6 1366/1/6
f 1366/1/6 2846/1/6 1323/1/6
f 1516/8/6 1515/8/6 1555/8/6
f 1555/8/6 1515/8/6 1556/8/6
f 1743/8/6 1742/8/6 1788/8/6
f 1788/8/6 1742/8/6 1789/8/6
f 3243/1/6 3202/1/6 2022/1/6
f 2022/1/6 3202/1/6 1973/1/6
f 1554/8/6 1553/8/6 1748/8/6
f 1748/8/6 1553/8/6 1749/8/6
f 400/4/6 331/4/6 396/4/6
f 396/4/6 331/4/6 397/4/6
f 764/6/6 757/6/6 3671/6/6
f 3671/6/6 757/6/6 754/6/6
f 3671/6/6 750/6/6 818/6/6
f 818/6/6 750/6/6 3667/6/6
f 2896/5/6 2863/5/6 3385/5/6
f 3385/5/6 2863/5/6 1355/5/6
f 3286/5/6 3238/5/6 3390/5/6
f 3390/5/6 3238/5/6 2011/5/6
f 3385/6/6 2870/6/6 1406/6/6
f 1406/6/6 2870/6/6 1365/6/6
f 3390/6/6 3244/6/6 2086/6/6
f 2086/6/6 3244/6/6 2021/6/6
f 2230/9/6 2229/9/6 3672/9/6
f 3672/9/6 2229/9/6 2226/9/6
f 2747/9/6 2746/9/6 3673/9/6
f 3673/9/6 2746/9/6 2743/9/6
f 3672/9/6 2225/9/6 3674/9/6
f 3674/9/6 2225/9/6 2222/9/6
f 3673/9/6 2742/9/6 3675/9/6
f 3675/9/6 2742/9/6 2739/9/6
f 3674/9/6 2221/9/6 3676/9/6
f 3676/9/6 2221/9/6 2218/9/6
f 3675/9/6 2738/9/6 3677/9/6
f 3677/9/6 2738/9/6 2735/9/6
f 3676/9/6 2217/9/6 3678/9/6
f 3678/9/6 2217/9/6 2214/9/6
f 3677/9/6 2734/9/6 3679/9/6
f 3679/9/6 2734/9/6 2731/9/6
f 3678/9/6 2213/9/6 2179/9/6
f 2179/9/6 2213/9/6 2358/9/6
f 3679/9/6 2730/9/6 2682/9/6
f 2682/9/6 2730/9/6 2679/9/6
f 14/9/6 13/9/6 3680/9/6
f 3680/9/6 13/9/6 3640/9/6
f 188/1/6 325/1/6 236/1/6
f 236/1/6 325/1/6 237/1/6
f 937/9/6 913/9/6 3681/9/6
f 3681/9/6 913/9/6 3641/9/6
f 3680/9/6 81/9/6 85/9/6
f 85/9/6 81/9/6 86/9/6
f 3681/9/6 1042/9/6 1046/9/6
f 1046/9/6 1042/9/6 1047/9/6
f 3682/6/6 150/6/6 3683/6/6
f 3683/6/6 150/6/6 147/6/6
f 3683/6/6 143/6/6 192/6/6
f 192/6/6 143/6/6 3669/6/6
f 893/9/6 764/9/6 821/9/6
f 821/9/6 764/9/6 818/9/6
f 2666/9/6 3684/9/6 2665/9/6
f 2665/9/6 3684/9/6 2662/9/6
f 24/9/6 3685/9/6 19/9/6
f 19/9/6 3685/9/6 20/9/6
f 88/9/6 87/9/6 109/9/6
f 109/9/6 87/9/6 110/9/6
f 885/9/6 884/9/6 942/9/6
f 942/9/6 884/9/6 943/9/6
f 1049/9/6 1048/9/6 1107/9/6
f 1107/9/6 1048/9/6 1108/9/6
f 402/9/6 3682/9/6 195/9/6
f 195/9/6 3682/9/6 192/9/6
f 3686/6/6 398/6/6 3687/6/6
f 3687/6/6 398/6/6 395/6/6
f 3687/6/6 391/6/6 445/6/6
f 445/6/6 391/6/6 3670/6/6
f 2668/9/6 2667/9/6 2646/9/6
f 2646/9/6 2667/9/6 2643/9/6
f 2645/9/6 2644/9/6 2635/9/6
f 2635/9/6 2644/9/6 2632/9/6
f 2634/9/6 2633/9/6 2622/9/6
f 2622/9/6 2633/9/6 2619/9/6
f 2621/9/6 2620/9/6 2607/9/6
f 2607/9/6 2620/9/6 2604/9/6
f 2606/9/6 2605/9/6 2547/9/6
f 2547/9/6 2605/9/6 2544/9/6
f 172/9/6 171/9/6 240/9/6
f 240/9/6 171/9/6 241/9/6
f 335/9/6 334/9/6 429/9/6
f 429/9/6 334/9/6 430/9/6
f 488/9/6 487/9/6 597/9/6
f 597/9/6 487/9/6 598/9/6
f 658/9/6 657/9/6 797/9/6
f 797/9/6 657/9/6 798/9/6
f 846/9/6 845/9/6 890/9/6
f 890/9/6 845/9/6 891/9/6
f 91/9/6 90/9/6 94/9/6
f 94/9/6 90/9/6 88/9/6
f 1052/9/6 1051/9/6 1055/9/6
f 1055/9/6 1051/9/6 1049/9/6
f 2774/1/6 2773/1/6 3688/1/6
f 3688/1/6 2773/1/6 3443/1/6
f 401/9/6 3686/9/6 448/9/6
f 448/9/6 3686/9/6 445/9/6
f 1168/1/6 1167/1/6 1296/1/6
f 1296/1/6 1167/1/6 1297/1/6
f 892/9/6 880/9/6 3689/9/6
f 3689/9/6 880/9/6 3684/9/6
f 3688/9/6 119/9/6 3404/9/6
f 3404/9/6 119/9/6 2178/9/6
f 3689/9/6 2669/9/6 2673/9/6
f 2673/9/6 2669/9/6 2670/9/6
f 3404/10/6 3502/10/6 3423/10/6
f 3423/10/6 3502/10/6 3520/10/6
f 895/9/6 894/9/6 3690/9/6
f 3690/9/6 894/9/6 889/9/6
f 3423/9/6 15/9/6 3691/9/6
f 3691/9/6 15/9/6 3685/9/6
f 3690/9/6 888/9/6 3692/9/6
f 3692/9/6 888/9/6 947/9/6
f 3691/9/6 23/9/6 27/9/6
f 27/9/6 23/9/6 28/9/6
f 95/9/6 94/9/6 115/9/6
f 115/9/6 94/9/6 116/9/6
f 3692/9/6 946/9/6 950/9/6
f 950/9/6 946/9/6 951/9/6
f 1056/9/6 1055/9/6 1113/9/6
f 1113/9/6 1055/9/6 1114/9/6
f 1120/1/6 3688/1/6 3693/1/6
f 3693/1/6 3688/1/6 32/1/6
f 3694/9/6 1168/9/6 1299/9/6
f 1299/9/6 1168/9/6 1296/9/6
f 492/1/6 491/1/6 493/1/6
f 493/1/6 491/1/6 2442/1/6
f 406/1/6 3695/1/6 410/1/6
f 410/1/6 3695/1/6 543/1/6
f 2095/1/6 3694/1/6 1301/1/6
f 1301/1/6 3694/1/6 1299/1/6
f 1592/3/6 3079/3/6 1595/3/6
f 1595/3/6 3079/3/6 1753/3/6
f 1620/6/6 1593/6/6 1597/6/6
f 1597/6/6 1593/6/6 1598/6/6
f 958/4/6 2684/4/6 898/4/6
f 898/4/6 2684/4/6 954/4/6
f 1610/6/6 3009/6/6 1601/6/6
f 1601/6/6 3009/6/6 1602/6/6
f 197/1/6 196/1/6 199/1/6
f 199/1/6 196/1/6 2290/1/6
f 404/9/6 403/9/6 495/9/6
f 495/9/6 403/9/6 496/9/6
f 135/1/6 3696/1/6 139/1/6
f 139/1/6 3696/1/6 244/1/6
f 494/1/6 493/1/6 547/1/6
f 547/1/6 493/1/6 548/1/6
f 3010/6/6 1597/6/6 1605/6/6
f 1605/6/6 1597/6/6 1606/6/6
f 962/4/6 2686/4/6 957/4/6
f 957/4/6 2686/4/6 958/4/6
f 2647/4/6 2674/4/6 857/4/6
f 857/4/6 2674/4/6 900/4/6
f 956/4/6 955/4/6 993/4/6
f 993/4/6 955/4/6 953/4/6
f 2486/1/6 2485/1/6 3697/1/6
f 3697/1/6 2485/1/6 3695/1/6
f 1617/6/6 3013/6/6 1609/6/6
f 1609/6/6 3013/6/6 1610/6/6
f 1128/1/6 770/1/6 801/1/6
f 801/1/6 770/1/6 802/1/6
f 2984/3/6 2983/3/6 1559/3/6
f 1559/3/6 2983/3/6 1560/3/6
f 3697/1/6 405/1/6 3698/1/6
f 3698/1/6 405/1/6 2405/1/6
f 498/1/6 497/1/6 2445/1/6
f 2445/1/6 497/1/6 494/1/6
f 3698/1/6 2404/1/6 409/1/6
f 409/1/6 2404/1/6 410/1/6
f 3080/3/6 1618/3/6 1752/3/6
f 1752/3/6 1618/3/6 1596/3/6
f 3014/6/6 1605/6/6 1613/6/6
f 1613/6/6 1605/6/6 1614/6/6
f 966/4/6 2688/4/6 961/4/6
f 961/4/6 2688/4/6 962/4/6
f 2636/4/6 2648/4/6 851/4/6
f 851/4/6 2648/4/6 859/4/6
f 2750/4/6 2708/4/6 1060/4/6
f 1060/4/6 2708/4/6 992/4/6
f 1562/5/6 1561/5/6 1564/5/6
f 1564/5/6 1561/5/6 1617/5/6
f 3205/3/6 3204/3/6 1977/3/6
f 1977/3/6 3204/3/6 1978/3/6
f 2986/3/6 3003/3/6 1568/3/6
f 1568/3/6 3003/3/6 1594/3/6
f 2960/3/6 2959/3/6 1520/3/6
f 1520/3/6 2959/3/6 1521/3/6
f 1627/5/6 1613/5/6 1572/5/6
f 1572/5/6 1613/5/6 1623/5/6
f 970/4/6 2690/4/6 965/4/6
f 965/4/6 2690/4/6 966/4/6
f 2623/4/6 2637/4/6 824/4/6
f 824/4/6 2637/4/6 853/4/6
f 2777/4/6 2751/4/6 1126/4/6
f 1126/4/6 2751/4/6 1059/4/6
f 1578/5/6 1534/5/6 1566/5/6
f 1566/5/6 1534/5/6 1567/5/6
f 2963/6/6 2962/6/6 1524/6/6
f 1524/6/6 2962/6/6 1525/6/6
f 1755/6/6 1754/6/6 1792/6/6
f 1792/6/6 1754/6/6 1793/6/6
f 2937/6/6 2936/6/6 1486/6/6
f 1486/6/6 2936/6/6 1487/6/6
f 1791/6/6 1790/6/6 1846/6/6
f 1846/6/6 1790/6/6 1847/6/6
f 2926/6/6 2925/6/6 2918/6/6
f 2918/6/6 2925/6/6 2915/6/6
f 1565/1/6 1564/1/6 2989/1/6
f 2989/1/6 1564/1/6 2986/1/6
f 1845/6/6 1844/6/6 3141/6/6
f 3141/6/6 1844/6/6 3140/6/6
f 133/9/6 132/9/6 201/9/6
f 201/9/6 132/9/6 202/9/6
f 2917/3/6 2916/3/6 1447/3/6
f 1447/3/6 2916/3/6 1448/3/6
f 200/1/6 199/1/6 248/1/6
f 248/1/6 199/1/6 249/1/6
f 1446/6/6 1445/6/6 1457/6/6
f 1457/6/6 1445/6/6 1458/6/6
f 1849/6/6 1848/6/6 1895/6/6
f 1895/6/6 1848/6/6 1896/6/6
f 1456/6/6 1455/6/6 1490/6/6
f 1490/6/6 1455/6/6 1491/6/6
f 3143/6/6 3142/6/6 1852/6/6
f 1852/6/6 3142/6/6 1853/6/6
f 1489/6/6 1488/6/6 1528/6/6
f 1528/6/6 1488/6/6 1529/6/6
f 1569/1/6 1568/1/6 1626/1/6
f 1626/1/6 1568/1/6 1627/1/6
f 3105/6/6 3104/6/6 1796/6/6
f 1796/6/6 3104/6/6 1797/6/6
f 1527/5/6 1526/5/6 1574/5/6
f 1574/5/6 1526/5/6 1575/5/6
f 1625/5/6 1624/5/6 1631/5/6
f 1631/5/6 1624/5/6 1622/5/6
f 974/4/6 2692/4/6 969/4/6
f 969/4/6 2692/4/6 970/4/6
f 668/4/6 2549/4/6 663/4/6
f 663/4/6 2549/4/6 664/4/6
f 1196/4/6 2789/4/6 1187/4/6
f 1187/4/6 2789/4/6 1188/4/6
f 2608/4/6 2624/4/6 803/4/6
f 803/4/6 2624/4/6 826/4/6
f 2782/4/6 2778/4/6 1163/4/6
f 1163/4/6 2778/4/6 1125/4/6
f 2110/5/6 1576/5/6 1630/5/6
f 1630/5/6 1576/5/6 1565/5/6
f 2314/1/6 2313/1/6 3699/1/6
f 3699/1/6 2313/1/6 3696/1/6
f 2968/3/6 2967/3/6 1532/3/6
f 1532/3/6 2967/3/6 1533/3/6
f 3699/1/6 134/1/6 3700/1/6
f 3700/1/6 134/1/6 2249/1/6
f 204/1/6 203/1/6 2293/1/6
f 2293/1/6 203/1/6 200/1/6
f 3700/1/6 2248/1/6 138/1/6
f 138/1/6 2248/1/6 139/1/6
f 3292/3/6 3291/3/6 2107/3/6
f 2107/3/6 3291/3/6 2108/3/6
f 978/4/6 2694/4/6 973/4/6
f 973/4/6 2694/4/6 974/4/6
f 1641/5/6 1626/5/6 1633/5/6
f 1633/5/6 1626/5/6 1573/5/6
f 2584/4/6 2609/4/6 774/4/6
f 774/4/6 2609/4/6 805/4/6
f 2785/4/6 2783/4/6 1166/4/6
f 1166/4/6 2783/4/6 1162/4/6
f 2790/4/6 1187/4/6 1191/4/6
f 1191/4/6 1187/4/6 1192/4/6
f 3019/6/6 1630/6/6 1636/6/6
f 1636/6/6 1630/6/6 1637/6/6
f 982/4/6 2696/4/6 977/4/6
f 977/4/6 2696/4/6 978/4/6
f 1652/6/6 3022/6/6 1640/6/6
f 1640/6/6 3022/6/6 1641/6/6
f 2552/4/6 2551/4/6 667/4/6
f 667/4/6 2551/4/6 668/4/6
f 2794/4/6 2793/4/6 1195/4/6
f 1195/4/6 2793/4/6 1196/4/6
f 676/4/6 663/4/6 671/4/6
f 671/4/6 663/4/6 672/4/6
f 2796/4/6 2786/4/6 1198/4/6
f 1198/4/6 2786/4/6 1165/4/6
f 3023/6/6 1636/6/6 1644/6/6
f 1644/6/6 1636/6/6 1645/6/6
f 1643/3/6 3083/3/6 3027/3/6
f 3027/3/6 3083/3/6 1761/3/6
f 3296/3/6 3295/3/6 2113/3/6
f 2113/3/6 3295/3/6 2114/3/6
f 2699/4/6 2698/4/6 981/4/6
f 981/4/6 2698/4/6 982/4/6
f 1656/6/6 3029/6/6 1651/6/6
f 1651/6/6 3029/6/6 1652/6/6
f 680/4/6 667/4/6 675/4/6
f 675/4/6 667/4/6 676/4/6
f 1206/4/6 1195/4/6 1201/4/6
f 1201/4/6 1195/4/6 1202/4/6
f 674/4/6 673/4/6 681/4/6
f 681/4/6 673/4/6 670/4/6
f 502/1/6 772/1/6 2185/1/6
f 2185/1/6 772/1/6 2182/1/6
f 3299/6/6 3298/6/6 2120/6/6
f 2120/6/6 3298/6/6 2121/6/6
f 1303/5/6 1302/5/6 1327/5/6
f 1327/5/6 1302/5/6 1328/5/6
f 3030/6/6 1644/6/6 3033/6/6
f 3033/6/6 1644/6/6 3026/6/6
f 3250/6/6 3249/6/6 3210/6/6
f 3210/6/6 3249/6/6 3207/6/6
f 3209/3/6 3208/3/6 1981/3/6
f 1981/3/6 3208/3/6 1982/3/6
f 2506/10/6 2872/10/6 1374/10/6
f 1374/10/6 2872/10/6 3468/10/6
f 1980/6/6 1979/6/6 2029/6/6
f 2029/6/6 1979/6/6 2030/6/6
f 1374/9/6 3468/9/6 599/9/6
f 599/9/6 3468/9/6 1259/9/6
f 2028/6/6 2027/6/6 2128/6/6
f 2128/6/6 2027/6/6 2129/6/6
f 1258/9/6 1257/9/6 1369/9/6
f 1369/9/6 1257/9/6 1370/9/6
f 688/4/6 2555/4/6 679/4/6
f 679/4/6 2555/4/6 680/4/6
f 1213/4/6 2798/4/6 1205/4/6
f 1205/4/6 2798/4/6 1206/4/6
f 2556/4/6 675/4/6 683/4/6
f 683/4/6 675/4/6 684/4/6
f 2799/4/6 1201/4/6 1209/4/6
f 1209/4/6 1201/4/6 1171/4/6
f 501/5/6 500/5/6 553/5/6
f 553/5/6 500/5/6 554/5/6
f 1308/5/6 1263/5/6 2822/5/6
f 2822/5/6 1263/5/6 2820/5/6
f 3084/3/6 3031/3/6 1760/3/6
f 1760/3/6 3031/3/6 3032/3/6
f 3306/3/6 3305/3/6 2135/3/6
f 2135/3/6 3305/3/6 2136/3/6
f 2531/10/6 2821/10/6 2508/10/6
f 2508/10/6 2821/10/6 2506/10/6
f 2424/10/6 2507/10/6 449/10/6
f 449/10/6 2507/10/6 2422/10/6
f 452/9/6 2423/9/6 431/9/6
f 431/9/6 2423/9/6 557/9/6
f 696/4/6 2559/4/6 687/4/6
f 687/4/6 2559/4/6 688/4/6
f 1221/4/6 2802/4/6 1212/4/6
f 1212/4/6 2802/4/6 1213/4/6
f 2560/4/6 683/4/6 691/4/6
f 691/4/6 683/4/6 692/4/6
f 2803/4/6 1209/4/6 1216/4/6
f 1216/4/6 1209/4/6 1217/4/6
f 2142/5/6 1305/5/6 2835/5/6
f 2835/5/6 1305/5/6 2832/5/6
f 510/5/6 457/5/6 3337/5/6
f 3337/5/6 457/5/6 3457/5/6
f 2834/10/6 2833/10/6 2533/10/6
f 2533/10/6 2833/10/6 2530/10/6
f 3337/10/6 3457/10/6 2426/10/6
f 2426/10/6 3457/10/6 2424/10/6
f 3034/3/6 2989/3/6 1659/3/6
f 1659/3/6 2989/3/6 1569/3/6
f 2364/10/6 2425/10/6 338/10/6
f 338/10/6 2425/10/6 2362/10/6
f 634/4/6 633/4/6 695/4/6
f 695/4/6 633/4/6 696/4/6
f 1174/4/6 1173/4/6 1220/4/6
f 1220/4/6 1173/4/6 1221/4/6
f 341/9/6 2363/9/6 288/9/6
f 288/9/6 2363/9/6 433/9/6
f 1143/5/6 507/5/6 3327/5/6
f 3327/5/6 507/5/6 3701/5/6
f 3327/10/6 3701/10/6 2449/10/6
f 2449/10/6 3701/10/6 2446/10/6
f 2448/10/6 2447/10/6 2366/10/6
f 2366/10/6 2447/10/6 2364/10/6
f 2992/3/6 2991/3/6 1581/3/6
f 1581/3/6 2991/3/6 1582/3/6
f 2318/10/6 2365/10/6 252/10/6
f 252/10/6 2365/10/6 2316/10/6
f 3702/10/6 1371/10/6 1413/10/6
f 1413/10/6 1371/10/6 3375/10/6
f 255/9/6 2317/9/6 206/9/6
f 206/9/6 2317/9/6 290/9/6
f 1413/9/6 3375/9/6 1409/9/6
f 1409/9/6 3375/9/6 1368/9/6
f 2852/9/6 2851/9/6 2409/9/6
f 2409/9/6 2851/9/6 2406/9/6
f 2408/9/6 2407/9/6 2321/9/6
f 2321/9/6 2407/9/6 2318/9/6
f 2320/9/6 2319/9/6 2297/9/6
f 2297/9/6 2319/9/6 2294/9/6
f 1898/3/6 3212/3/6 1901/3/6
f 1901/3/6 3212/3/6 1986/3/6
f 2296/9/6 2295/9/6 2273/9/6
f 2273/9/6 2295/9/6 2270/9/6
f 3703/9/6 3702/9/6 1412/9/6
f 1412/9/6 3702/9/6 1413/9/6
f 2272/9/6 2271/9/6 2261/9/6
f 2261/9/6 2271/9/6 2258/9/6
f 2260/9/6 2259/9/6 177/9/6
f 177/9/6 2259/9/6 178/9/6
f 508/5/6 1142/5/6 3704/5/6
f 3704/5/6 1142/5/6 3338/5/6
f 3704/10/6 3338/10/6 2453/10/6
f 2453/10/6 3338/10/6 2450/10/6
f 2452/10/6 2451/10/6 2369/10/6
f 2369/10/6 2451/10/6 2367/10/6
f 1926/6/6 1899/6/6 1903/6/6
f 1903/6/6 1899/6/6 1904/6/6
f 2368/10/6 2321/10/6 2323/10/6
f 2323/10/6 2321/10/6 253/10/6
f 2322/9/6 254/9/6 293/9/6
f 293/9/6 254/9/6 207/9/6
f 1306/5/6 2141/5/6 2839/5/6
f 2839/5/6 2141/5/6 2836/5/6
f 1916/6/6 3165/6/6 1907/6/6
f 1907/6/6 3165/6/6 1908/6/6
f 517/5/6 509/5/6 3339/5/6
f 3339/5/6 509/5/6 3348/5/6
f 2838/10/6 2837/10/6 2824/10/6
f 2824/10/6 2837/10/6 2534/10/6
f 3339/10/6 3348/10/6 2429/10/6
f 2429/10/6 3348/10/6 2427/10/6
f 1340/8/6 1329/8/6 1376/8/6
f 1376/8/6 1329/8/6 1377/8/6
f 2428/10/6 2369/10/6 2371/10/6
f 2371/10/6 2369/10/6 343/10/6
f 638/4/6 637/4/6 699/4/6
f 699/4/6 637/4/6 700/4/6
f 1178/4/6 1177/4/6 1224/4/6
f 1224/4/6 1177/4/6 1225/4/6
f 3166/6/6 1903/6/6 1911/6/6
f 1911/6/6 1903/6/6 1912/6/6
f 2370/9/6 344/9/6 440/9/6
f 440/9/6 344/9/6 292/9/6
f 712/4/6 691/4/6 703/4/6
f 703/4/6 691/4/6 704/4/6
f 1237/4/6 1216/4/6 1228/4/6
f 1228/4/6 1216/4/6 1229/4/6
f 1923/6/6 3169/6/6 1915/6/6
f 1915/6/6 3169/6/6 1916/6/6
f 1154/5/6 515/5/6 560/5/6
f 560/5/6 515/5/6 561/5/6
f 1311/5/6 1307/5/6 2825/5/6
f 2825/5/6 1307/5/6 2823/5/6
f 3146/3/6 3145/3/6 1856/3/6
f 1856/3/6 3145/3/6 1857/3/6
f 2536/10/6 3340/10/6 2511/10/6
f 2511/10/6 3340/10/6 2509/10/6
f 3213/3/6 1924/3/6 1985/3/6
f 1985/3/6 1924/3/6 1902/3/6
f 2510/10/6 2429/10/6 2431/10/6
f 2431/10/6 2429/10/6 454/10/6
f 1378/10/6 3703/10/6 3377/10/6
f 3377/10/6 3703/10/6 1412/10/6
f 2430/9/6 455/9/6 564/9/6
f 564/9/6 455/9/6 439/9/6
f 3377/9/6 1412/9/6 1381/9/6
f 1381/9/6 1412/9/6 1416/9/6
f 3170/6/6 1911/6/6 1919/6/6
f 1919/6/6 1911/6/6 1920/6/6
f 2562/4/6 699/4/6 707/4/6
f 707/4/6 699/4/6 708/4/6
f 2805/4/6 1224/4/6 1232/4/6
f 1232/4/6 1224/4/6 1233/4/6
f 720/4/6 2565/4/6 711/4/6
f 711/4/6 2565/4/6 712/4/6
f 1244/4/6 2808/4/6 1236/4/6
f 1236/4/6 2808/4/6 1237/4/6
f 1859/5/6 1858/5/6 1862/5/6
f 1862/5/6 1858/5/6 1923/5/6
f 1812/5/6 1309/5/6 1345/5/6
f 1345/5/6 1309/5/6 1346/5/6
f 3310/3/6 3309/3/6 2154/3/6
f 2154/3/6 3309/3/6 2155/3/6
f 3148/3/6 3159/3/6 1866/3/6
f 1866/3/6 3159/3/6 1900/3/6
f 2883/10/6 2511/10/6 3359/10/6
f 3359/10/6 2511/10/6 1379/10/6
f 3108/3/6 3107/3/6 1800/3/6
f 1800/3/6 3107/3/6 1801/3/6
f 3359/9/6 1379/9/6 1262/9/6
f 1262/9/6 1379/9/6 604/9/6
f 1261/9/6 1260/9/6 1383/9/6
f 1383/9/6 1260/9/6 1384/9/6
f 1933/5/6 1919/5/6 1870/5/6
f 1870/5/6 1919/5/6 1929/5/6
f 2566/4/6 707/4/6 715/4/6
f 715/4/6 707/4/6 716/4/6
f 2809/4/6 1232/4/6 1240/4/6
f 1240/4/6 1232/4/6 1241/4/6
f 724/4/6 2569/4/6 719/4/6
f 719/4/6 2569/4/6 720/4/6
f 1248/4/6 2812/4/6 1181/4/6
f 1181/4/6 2812/4/6 1244/4/6
f 1876/5/6 1810/5/6 1864/5/6
f 1864/5/6 1810/5/6 1865/5/6
f 1160/1/6 459/1/6 2189/1/6
f 2189/1/6 459/1/6 2186/1/6
f 3111/6/6 3110/6/6 1804/6/6
f 1804/6/6 3110/6/6 1805/6/6
f 1988/6/6 1987/6/6 2033/6/6
f 2033/6/6 1987/6/6 2034/6/6
f 3087/6/6 3086/6/6 1764/6/6
f 1764/6/6 3086/6/6 1765/6/6
f 2032/6/6 2031/6/6 2161/6/6
f 2161/6/6 2031/6/6 2162/6/6
f 3037/6/6 3036/6/6 2997/6/6
f 2997/6/6 3036/6/6 2994/6/6
f 1863/1/6 1862/1/6 3151/1/6
f 3151/1/6 1862/1/6 3148/1/6
f 2996/3/6 2995/3/6 1585/3/6
f 1585/3/6 2995/3/6 1586/3/6
f 1584/6/6 1583/6/6 1663/6/6
f 1663/6/6 1583/6/6 1664/6/6
f 2703/4/6 2702/4/6 985/4/6
f 985/4/6 2702/4/6 986/4/6
f 1662/6/6 1661/6/6 1768/6/6
f 1768/6/6 1661/6/6 1769/6/6
f 3316/6/6 3315/6/6 2167/6/6
f 2167/6/6 3315/6/6 2168/6/6
f 1767/6/6 1766/6/6 1808/6/6
f 1808/6/6 1766/6/6 1809/6/6
f 1867/1/6 1866/1/6 1932/1/6
f 1932/1/6 1866/1/6 1933/1/6
f 3254/6/6 3253/6/6 2037/6/6
f 2037/6/6 3253/6/6 2038/6/6
f 1807/5/6 1806/5/6 1872/5/6
f 1872/5/6 1806/5/6 1873/5/6
f 1931/5/6 1930/5/6 1940/5/6
f 1940/5/6 1930/5/6 1928/5/6
f 728/4/6 715/4/6 723/4/6
f 723/4/6 715/4/6 724/4/6
f 1252/4/6 1240/4/6 1247/4/6
f 1247/4/6 1240/4/6 1248/4/6
f 722/4/6 721/4/6 1183/4/6
f 1183/4/6 721/4/6 718/4/6
f 2779/8/6 2774/8/6 1159/8/6
f 1159/8/6 2774/8/6 3688/8/6
f 1875/5/6 1874/5/6 1936/5/6
f 1936/5/6 1874/5/6 1863/5/6
f 2190/1/6 2181/1/6 31/1/6
f 31/1/6 2181/1/6 3693/1/6
f 3116/3/6 3115/3/6 1815/3/6
f 1815/3/6 3115/3/6 1816/3/6
f 180/1/6 179/1/6 2277/1/6
f 2277/1/6 179/1/6 2274/1/6
f 3176/3/6 3151/3/6 1939/3/6
f 1939/3/6 3151/3/6 1867/3/6
f 2300/1/6 2299/1/6 212/1/6
f 212/1/6 2299/1/6 213/1/6
f 3319/3/6 3318/3/6 2174/3/6
f 2174/3/6 3318/3/6 2175/3/6
f 2705/4/6 985/4/6 989/4/6
f 989/4/6 985/4/6 990/4/6
f 3178/5/6 1932/5/6 1942/5/6
f 1942/5/6 1932/5/6 1871/5/6
f 2572/4/6 2571/4/6 727/4/6
f 727/4/6 2571/4/6 728/4/6
f 2815/4/6 2814/4/6 1251/4/6
f 1251/4/6 2814/4/6 1252/4/6
f 2588/4/6 723/4/6 779/4/6
f 779/4/6 723/4/6 780/4/6
f 2818/4/6 2817/4/6 1255/4/6
f 1255/4/6 2817/4/6 1256/4/6
f 30/1/1 3705/1/1 31/1/1
f 31/1/1 3705/1/1 3706/1/1
f 181/1/1 3707/1/1 3345/1/1
f 3345/1/1 3707/1/1 3708/1/1
f 3349/1/1 3709/1/1 212/1/1
f 212/1/1 3709/1/1 3710/1/1
f 2277/9/1 3711/9/1 2276/9/1
f 2276/9/1 3711/9/1 3712/9/1
f 3713/1/1 3714/1/1 3707/1/1
f 3707/1/1 3714/1/1 3715/1/1
f 3347/1/1 3716/1/1 180/1/1
f 180/1/1 3716/1/1 3713/1/1
f 211/1/1 3717/1/1 3350/1/1
f 3350/1/1 3717/1/1 3718/1/1
f 3717/1/1 3719/1/1 3720/1/1
f 3720/1/1 3719/1/1 3709/1/1
f 3721/8/1 3722/8/1 3724/8/1
f 3724/8/1 3722/8/1 3723/8/1
f 3725/8/1 3726/8/1 3728/8/1
f 3728/8/1 3726/8/1 3727/8/1
f 3729/1/1 3730/1/1 3732/1/1
f 3732/1/1 3730/1/1 3731/1/1
f 3730/9/1 3733/9/1 3731/9/1
f 3731/9/1 3733/9/1 3734/9/1
f 3733/1/1 3735/1/1 3734/1/1
f 3734/1/1 3735/1/1 3736/1/1
f 726/4/1 3737/4/1 727/4/1
f 727/4/1 3737/4/1 3738/4/1
f 3397/4/1 3739/4/1 779/4/1
f 779/4/1 3739/4/1 3740/4/1
f 3741/4/1 3742/4/1 3744/4/1
f 3744/4/1 3742/4/1 3743/4/1
f 3745/8/1 3746/8/1 3726/8/1
f 3726/8/1 3746/8/1 3747/8/1
f 3748/4/1 3749/4/1 778/4/1
f 778/4/1 3749/4/1 3750/4/1
f 3751/4/1 3752/4/1 3749/4/1
f 3749/4/1 3752/4/1 3753/4/1
f 3754/4/1 3755/4/1 3752/4/1
f 3752/4/1 3755/4/1 3756/4/1
f 3757/4/1 3758/4/1 3755/4/1
f 3755/4/1 3758/4/1 3759/4/1
f 3760/4/1 3761/4/1 3758/4/1
f 3758/4/1 3761/4/1 3762/4/1
f 3763/4/1 3764/4/1 3766/4/1
f 3766/4/1 3764/4/1 3765/4/1
f 3767/4/1 3768/4/1 3770/4/1
f 3770/4/1 3768/4/1 3769/4/1
f 3771/4/1 3772/4/1 3774/4/1
f 3774/4/1 3772/4/1 3773/4/1
f 3775/4/1 3776/4/1 3778/4/1
f 3778/4/1 3776/4/1 3777/4/1
f 3779/4/1 3780/4/1 3782/4/1
f 3782/4/1 3780/4/1 3781/4/1
f 3783/4/1 3784/4/1 3761/4/1
f 3761/4/1 3784/4/1 3785/4/1
f 3786/4/1 3787/4/1 3788/4/1
f 3788/4/1 3787/4/1 3783/4/1
f 3789/4/1 3790/4/1 3791/4/1
f 3791/4/1 3790/4/1 3786/4/1
f 3792/8/1 3793/8/1 3795/8/1
f 3795/8/1 3793/8/1 3794/8/1
f 1158/8/1 3796/8/1 1159/8/1
f 1159/8/1 3796/8/1 3728/8/1
f 3797/4/1 3798/4/1 3799/4/1
f 3799/4/1 3798/4/1 3789/4/1
f 3796/8/1 3800/8/1 3802/8/1
f 3802/8/1 3800/8/1 3801/8/1
f 3800/8/1 3803/8/1 3804/8/1
f 3804/8/1 3803/8/1 3726/8/1
f 3805/1/1 3806/1/1 3807/1/1
f 3807/1/1 3806/1/1 3705/1/1
f 3808/4/1 3809/4/1 3810/4/1
f 3810/4/1 3809/4/1 3797/4/1
f 1255/4/1 3811/4/1 3812/4/1
f 3812/4/1 3811/4/1 3808/4/1
f 1250/4/1 3813/4/1 1251/4/1
f 1251/4/1 3813/4/1 3814/4/1
f 1254/4/1 3815/4/1 3399/4/1
f 3399/4/1 3815/4/1 3816/4/1
f 3817/4/1 3818/4/1 3820/4/1
f 3820/4/1 3818/4/1 3819/4/1
f 3821/1/1 3822/1/1 3824/1/1
f 3824/1/1 3822/1/1 3823/1/1
f 3825/1/1 3826/1/1 3828/1/1
f 3828/1/1 3826/1/1 3827/1/1
f 3829/1/1 3830/1/1 3831/1/1
f 3831/1/1 3830/1/1 3821/1/1
f 3832/9/1 3833/9/1 3835/9/1
f 3835/9/1 3833/9/1 3834/9/1
f 3836/1/1 3837/1/1 3822/1/1
f 3822/1/1 3837/1/1 3838/1/1
f 3839/1/1 3840/1/1 3841/1/1
f 3841/1/1 3840/1/1 3828/1/1
f 3842/1/1 3843/1/1 3830/1/1
f 3830/1/1 3843/1/1 3836/1/1
f 3840/1/1 3844/1/1 3846/1/1
f 3846/1/1 3844/1/1 3845/1/1
f 3844/1/1 3847/1/1 3848/1/1
f 3848/1/1 3847/1/1 3826/1/1
f 3849/3/1 3850/3/1 3852/3/1
f 3852/3/1 3850/3/1 3851/3/1
f 3853/6/1 3854/6/1 3856/6/1
f 3856/6/1 3854/6/1 3855/6/1
f 3179/6/1 3857/6/1 3178/6/1
f 3178/6/1 3857/6/1 3858/6/1
f 3859/6/1 3860/6/1 3862/6/1
f 3862/6/1 3860/6/1 3861/6/1
f 1938/3/1 3863/3/1 1939/3/1
f 1939/3/1 3863/3/1 3864/3/1
f 3865/6/1 3866/6/1 3868/6/1
f 3868/6/1 3866/6/1 3867/6/1
f 3869/6/1 3870/6/1 3872/6/1
f 3872/6/1 3870/6/1 3871/6/1
f 3873/3/1 3874/3/1 3876/3/1
f 3876/3/1 3874/3/1 3875/3/1
f 3877/3/1 3878/3/1 3177/3/1
f 3177/3/1 3878/3/1 3879/3/1
f 2169/1/1 3880/1/1 1158/1/1
f 1158/1/1 3880/1/1 3881/1/1
f 2191/1/2 2190/1/2 3883/1/2
f 3883/1/2 2190/1/2 3882/1/2
f 2276/1/2 3344/1/2 3712/1/2
f 3712/1/2 3344/1/2 3884/1/2
f 3711/1/2 3712/1/2 3886/1/2
f 3886/1/2 3712/1/2 3885/1/2
f 3346/1/2 2277/1/2 3887/1/2
f 3887/1/2 2277/1/2 3711/1/2
f 2301/1/2 2300/1/2 3889/1/2
f 3889/1/2 2300/1/2 3888/1/2
f 3890/1/2 3883/1/2 3892/1/2
f 3892/1/2 3883/1/2 3891/1/2
f 2573/4/2 2572/4/2 3894/4/2
f 3894/4/2 2572/4/2 3893/4/2
f 3398/4/2 2588/4/2 3741/4/2
f 3741/4/2 2588/4/2 3744/4/2
f 3737/4/2 3738/4/2 3896/4/2
f 3896/4/2 3738/4/2 3895/4/2
f 3897/1/2 3898/1/2 3900/1/2
f 3900/1/2 3898/1/2 3899/1/2
f 3901/4/2 2589/4/2 3903/4/2
f 3903/4/2 2589/4/2 3902/4/2
f 3904/4/2 3903/4/2 3906/4/2
f 3906/4/2 3903/4/2 3905/4/2
f 3907/4/2 3906/4/2 3909/4/2
f 3909/4/2 3906/4/2 3908/4/2
f 3910/4/2 3909/4/2 3912/4/2
f 3912/4/2 3909/4/2 3911/4/2
f 3782/4/2 3912/4/2 3781/4/2
f 3781/4/2 3912/4/2 3913/4/2
f 988/4/2 989/4/2 3915/4/2
f 3915/4/2 989/4/2 3914/4/2
f 3764/4/2 3765/4/2 3917/4/2
f 3917/4/2 3765/4/2 3916/4/2
f 3768/4/2 3769/4/2 3919/4/2
f 3919/4/2 3769/4/2 3918/4/2
f 3772/4/2 3773/4/2 3921/4/2
f 3921/4/2 3773/4/2 3920/4/2
f 3776/4/2 3777/4/2 3923/4/2
f 3923/4/2 3777/4/2 3922/4/2
f 3780/4/2 3781/4/2 3925/4/2
f 3925/4/2 3781/4/2 3924/4/2
f 3926/4/2 3779/4/2 3927/4/2
f 3927/4/2 3779/4/2 3780/4/2
f 3928/4/2 3929/4/2 3930/4/2
f 3930/4/2 3929/4/2 3926/4/2
f 3931/1/2 3932/1/2 3934/1/2
f 3934/1/2 3932/1/2 3933/1/2
f 3935/4/2 3936/4/2 3937/4/2
f 3937/4/2 3936/4/2 3928/4/2
f 2780/8/2 2779/8/2 3939/8/2
f 3939/8/2 2779/8/2 3938/8/2
f 3940/4/2 3941/4/2 3942/4/2
f 3942/4/2 3941/4/2 3935/4/2
f 2818/4/2 3943/4/2 3944/4/2
f 3944/4/2 3943/4/2 3940/4/2
f 2816/4/2 2815/4/2 3946/4/2
f 3946/4/2 2815/4/2 3945/4/2
f 2819/4/2 3400/4/2 3817/4/2
f 3817/4/2 3400/4/2 3820/4/2
f 3813/4/2 3814/4/2 3948/4/2
f 3948/4/2 3814/4/2 3947/4/2
f 3835/1/2 3949/1/2 3834/1/2
f 3834/1/2 3949/1/2 3950/1/2
f 3951/1/2 3952/1/2 3832/1/2
f 3832/1/2 3952/1/2 3835/1/2
f 3833/1/2 3834/1/2 3954/1/2
f 3954/1/2 3834/1/2 3953/1/2
f 3955/1/2 3832/1/2 3956/1/2
f 3956/1/2 3832/1/2 3833/1/2
f 3957/1/2 3958/1/2 3960/1/2
f 3960/1/2 3958/1/2 3959/1/2
f 1939/3/2 3961/3/2 3963/3/2
f 3963/3/2 3961/3/2 3962/3/2
f 1935/6/2 1936/6/2 3965/6/2
f 3965/6/2 1936/6/2 3964/6/2
f 3966/6/2 3967/6/2 3865/6/2
f 3865/6/2 3967/6/2 3868/6/2
f 3854/6/2 3855/6/2 3969/6/2
f 3969/6/2 3855/6/2 3968/6/2
f 3177/3/2 3176/3/2 3971/3/2
f 3971/3/2 3176/3/2 3970/3/2
f 3972/6/2 3973/6/2 3869/6/2
f 3869/6/2 3973/6/2 3872/6/2
f 3860/6/2 3861/6/2 3975/6/2
f 3975/6/2 3861/6/2 3974/6/2
f 3976/3/2 3977/3/2 3979/3/2
f 3979/3/2 3977/3/2 3978/3/2
f 3980/3/2 3981/3/2 3983/3/2
f 3983/3/2 3981/3/2 3982/3/2
f 3317/1/2 2780/1/2 3984/1/2
f 3984/1/2 2780/1/2 3939/1/2
f 3985/8/3 3881/8/3 3938/8/3
f 3938/8/3 3881/8/3 3939/8/3
f 3881/1/3 3880/1/3 3939/1/3
f 3939/1/3 3880/1/3 3984/1/3
f 3715/1/3 3986/1/3 3987/1/3
f 3987/1/3 3986/1/3 3889/1/3
f 3838/1/3 3988/1/3 3989/1/3
f 3989/1/3 3988/1/3 3960/1/3
f 3855/6/3 3854/6/3 3964/6/3
f 3964/6/3 3854/6/3 3965/6/3
f 3706/1/3 3705/1/3 3985/1/3
f 3985/1/3 3705/1/3 3723/1/3
f 3705/1/3 3990/1/3 3891/1/3
f 3891/1/3 3990/1/3 3892/1/3
f 3990/1/3 3991/1/3 3722/1/3
f 3722/1/3 3991/1/3 3747/1/3
f 3736/1/3 3735/1/3 3804/1/3
f 3804/1/3 3735/1/3 3801/1/3
f 3991/1/3 3992/1/3 3899/1/3
f 3899/1/3 3992/1/3 3900/1/3
f 3992/1/3 3993/1/3 3746/1/3
f 3746/1/3 3993/1/3 3794/1/3
f 3993/1/3 3994/1/3 3933/1/3
f 3933/1/3 3994/1/3 3934/1/3
f 3994/1/3 3806/1/3 3793/1/3
f 3793/1/3 3806/1/3 3881/1/3
f 3861/6/3 3860/6/3 3968/6/3
f 3968/6/3 3860/6/3 3969/6/3
f 3977/6/3 3976/6/3 3974/6/3
f 3974/6/3 3976/6/3 3975/6/3
f 3879/3/3 3878/3/3 3982/3/3
f 3982/3/3 3878/3/3 3983/3/3
f 3712/9/3 3711/9/3 3707/9/3
f 3707/9/3 3711/9/3 3713/9/3
f 3949/1/3 3835/1/3 3824/1/3
f 3824/1/3 3835/1/3 3821/1/3
f 3834/9/3 3833/9/3 3822/9/3
f 3822/9/3 3833/9/3 3836/9/3
f 3832/1/3 3955/1/3 3830/1/3
f 3830/1/3 3955/1/3 3842/1/3
f 3875/3/3 3874/3/3 3978/3/3
f 3978/3/3 3874/3/3 3979/3/3
f 3710/1/3 3709/1/3 3888/1/3
f 3888/1/3 3709/1/3 3987/1/3
f 3709/1/3 3995/1/3 3885/1/3
f 3885/1/3 3995/1/3 3886/1/3
f 3995/1/3 3719/1/3 3714/1/3
f 3714/1/3 3719/1/3 3986/1/3
f 3827/1/3 3826/1/3 3959/1/3
f 3959/1/3 3826/1/3 3989/1/3
f 3825/1/3 3846/1/3 3835/1/3
f 3835/1/3 3846/1/3 3832/1/3
f 3826/1/3 3996/1/3 3953/1/3
f 3953/1/3 3996/1/3 3954/1/3
f 3996/1/3 3847/1/3 3837/1/3
f 3837/1/3 3847/1/3 3988/1/3
f 3851/3/3 3850/3/3 3962/3/3
f 3962/3/3 3850/3/3 3963/3/3
f 3871/6/3 3870/6/3 3876/6/3
f 3876/6/3 3870/6/3 3873/6/3
f 3867/6/3 3866/6/3 3872/6/3
f 3872/6/3 3866/6/3 3869/6/3
f 3858/6/3 3857/6/3 3868/6/3
f 3868/6/3 3857/6/3 3865/6/3
f 3765/4/3 3764/4/3 3914/4/3
f 3914/4/3 3764/4/3 3915/4/3
f 3769/4/3 3768/4/3 3916/4/3
f 3916/4/3 3768/4/3 3917/4/3
f 3738/4/3 3737/4/3 3893/4/3
f 3893/4/3 3737/4/3 3894/4/3
f 3773/4/3 3772/4/3 3918/4/3
f 3918/4/3 3772/4/3 3919/4/3
f 3814/4/3 3813/4/3 3945/4/3
f 3945/4/3 3813/4/3 3946/4/3
f 3777/4/3 3776/4/3 3920/4/3
f 3920/4/3 3776/4/3 3921/4/3
f 3743/4/3 3742/4/3 3895/4/3
f 3895/4/3 3742/4/3 3896/4/3
f 3781/4/3 3780/4/3 3922/4/3
f 3922/4/3 3780/4/3 3923/4/3
f 3819/4/3 3818/4/3 3947/4/3
f 3947/4/3 3818/4/3 3948/4/3
f 3740/4/3 3739/4/3 3744/4/3
f 3744/4/3 3739/4/3 3741/4/3
f 3750/4/3 3749/4/3 3902/4/3
f 3902/4/3 3749/4/3 3903/4/3
f 3753/4/3 3752/4/3 3905/4/3
f 3905/4/3 3752/4/3 3906/4/3
f 3756/4/3 3755/4/3 3908/4/3
f 3908/4/3 3755/4/3 3909/4/3
f 3759/4/3 3758/4/3 3911/4/3
f 3911/4/3 3758/4/3 3912/4/3
f 3762/4/3 3761/4/3 3913/4/3
f 3913/4/3 3761/4/3 3781/4/3
f 3785/4/3 3784/4/3 3924/4/3
f 3924/4/3 3784/4/3 3925/4/3
f 3783/4/3 3787/4/3 3780/4/3
f 3780/4/3 3787/4/3 3927/4/3
f 3786/4/3 3790/4/3 3926/4/3
f 3926/4/3 3790/4/3 3930/4/3
f 3789/4/3 3798/4/3 3928/4/3
f 3928/4/3 3798/4/3 3937/4/3
f 3797/4/3 3809/4/3 3935/4/3
f 3935/4/3 3809/4/3 3942/4/3
f 3808/4/3 3811/4/3 3940/4/3
f 3940/4/3 3811/4/3 3944/4/3
f 3816/4/3 3815/4/3 3820/4/3
f 3820/4/3 3815/4/3 3817/4/3
f 3882/1/4 3727/1/4 3883/1/4
f 3883/1/4 3727/1/4 3724/1/4
f 3831/1/4 3997/1/4 3998/1/4
f 3998/1/4 3997/1/4 3957/1/4
f 3856/6/4 1936/6/4 3853/6/4
f 3853/6/4 1936/6/4 1935/6/4
f 3807/1/4 3883/1/4 3999/1/4
f 3999/1/4 3883/1/4 3890/1/4
f 3999/1/4 3721/1/4 4000/1/4
f 4000/1/4 3721/1/4 3726/1/4
f 3732/1/4 3725/1/4 3729/1/4
f 3729/1/4 3725/1/4 3802/1/4
f 4000/1/4 3898/1/4 4001/1/4
f 4001/1/4 3898/1/4 3897/1/4
f 4001/1/4 3745/1/4 4002/1/4
f 4002/1/4 3745/1/4 3795/1/4
f 4002/1/4 3932/1/4 4003/1/4
f 4003/1/4 3932/1/4 3931/1/4
f 4003/1/4 3792/1/4 3805/1/4
f 3805/1/4 3792/1/4 3803/1/4
f 3862/6/4 3855/6/4 3859/6/4
f 3859/6/4 3855/6/4 3854/6/4
f 3970/6/4 3861/6/4 3971/6/4
f 3971/6/4 3861/6/4 3860/6/4
f 3177/3/4 3981/3/4 3877/3/4
f 3877/3/4 3981/3/4 3980/3/4
f 3884/1/4 3708/1/4 3712/1/4
f 3712/1/4 3708/1/4 3707/1/4
f 2276/9/4 181/9/4 2277/9/4
f 2277/9/4 181/9/4 180/9/4
f 3711/1/4 3713/1/4 3887/1/4
f 3887/1/4 3713/1/4 3716/1/4
f 3950/1/4 3823/1/4 3834/1/4
f 3834/1/4 3823/1/4 3822/1/4
f 3835/9/4 3821/9/4 3832/9/4
f 3832/9/4 3821/9/4 3830/9/4
f 3833/1/4 3836/1/4 3956/1/4
f 3956/1/4 3836/1/4 3843/1/4
f 3720/1/4 3712/1/4 3718/1/4
f 3718/1/4 3712/1/4 3711/1/4
f 3841/1/4 3958/1/4 4004/1/4
f 4004/1/4 3958/1/4 3997/1/4
f 4004/1/4 3952/1/4 4005/1/4
f 4005/1/4 3952/1/4 3951/1/4
f 3848/1/4 3834/1/4 3845/1/4
f 3845/1/4 3834/1/4 3833/1/4
f 4005/1/4 3829/1/4 3839/1/4
f 3839/1/4 3829/1/4 3998/1/4
f 3852/3/4 3961/3/4 3849/3/4
f 3849/3/4 3961/3/4 1939/3/4
f 3872/6/4 3864/6/4 3869/6/4
f 3869/6/4 3864/6/4 3863/6/4
f 3868/6/4 3973/6/4 3865/6/4
f 3865/6/4 3973/6/4 3972/6/4
f 3178/6/4 3967/6/4 3179/6/4
f 3179/6/4 3967/6/4 3966/6/4
f 3766/4/4 989/4/4 3763/4/4
f 3763/4/4 989/4/4 988/4/4
f 3770/4/4 3765/4/4 3767/4/4
f 3767/4/4 3765/4/4 3764/4/4
f 3774/4/4 3769/4/4 3771/4/4
f 3771/4/4 3769/4/4 3768/4/4
f 3778/4/4 3773/4/4 3775/4/4
f 3775/4/4 3773/4/4 3772/4/4
f 3744/4/4 3738/4/4 3741/4/4
f 3741/4/4 3738/4/4 3737/4/4
f 3782/4/4 3777/4/4 3779/4/4
f 3779/4/4 3777/4/4 3776/4/4
f 3820/4/4 3814/4/4 3817/4/4
f 3817/4/4 3814/4/4 3813/4/4
f 778/4/4 2589/4/4 3748/4/4
f 3748/4/4 2589/4/4 3901/4/4
f 3749/4/4 3903/4/4 3751/4/4
f 3751/4/4 3903/4/4 3904/4/4
f 3752/4/4 3906/4/4 3754/4/4
f 3754/4/4 3906/4/4 3907/4/4
f 3755/4/4 3909/4/4 3757/4/4
f 3757/4/4 3909/4/4 3910/4/4
f 3758/4/4 3912/4/4 3760/4/4
f 3760/4/4 3912/4/4 3782/4/4
f 3761/4/4 3781/4/4 3783/4/4
f 3783/4/4 3781/4/4 3780/4/4
f 3788/4/4 3779/4/4 3786/4/4
f 3786/4/4 3779/4/4 3926/4/4
f 3791/4/4 3929/4/4 3789/4/4
f 3789/4/4 3929/4/4 3928/4/4
f 3799/4/4 3936/4/4 3797/4/4
f 3797/4/4 3936/4/4 3935/4/4
f 3810/4/4 3941/4/4 3808/4/4
f 3808/4/4 3941/4/4 3940/4/4
f 3812/4/4 3943/4/4 1255/4/4
f 1255/4/4 3943/4/4 2818/4/4
f 3965/6/5 3854/6/5 1935/6/5
f 1935/6/5 3854/6/5 3853/6/5
f 3865/6/5 3857/6/5 3966/6/5
f 3966/6/5 3857/6/5 3179/6/5
f 3915/4/5 3764/4/5 988/4/5
f 988/4/5 3764/4/5 3763/4/5
f 3894/4/5 3737/4/5 2573/4/5
f 2573/4/5 3737/4/5 726/4/5
f 3946/4/5 3813/4/5 2816/4/5
f 2816/4/5 3813/4/5 1250/4/5
f 3741/4/5 3739/4/5 3398/4/5
f 3398/4/5 3739/4/5 3397/4/5
f 3903/4/5 3749/4/5 3901/4/5
f 3901/4/5 3749/4/5 3748/4/5
f 3944/4/5 3811/4/5 2818/4/5
f 2818/4/5 3811/4/5 1255/4/5
f 3817/4/5 3815/4/5 2819/4/5
f 2819/4/5 3815/4/5 1254/4/5
f 4006/1/5 3730/1/5 3802/1/5
f 3802/1/5 3730/1/5 3729/1/5
f 3969/6/5 3860/6/5 3854/6/5
f 3854/6/5 3860/6/5 3859/6/5
f 3821/1/5 3835/1/5 3831/1/5
f 3831/1/5 3835/1/5 3952/1/5
f 3842/1/5 3840/1/5 3998/1/5
f 3998/1/5 3840/1/5 3839/1/5
f 3864/3/5 3872/3/5 1939/3/5
f 1939/3/5 3872/3/5 3849/3/5
f 3869/6/5 3866/6/5 3972/6/5
f 3972/6/5 3866/6/5 3865/6/5
f 3917/4/5 3768/4/5 3764/4/5
f 3764/4/5 3768/4/5 3767/4/5
f 3896/4/5 3742/4/5 3737/4/5
f 3737/4/5 3742/4/5 3741/4/5
f 3948/4/5 3818/4/5 3813/4/5
f 3813/4/5 3818/4/5 3817/4/5
f 3906/4/5 3752/4/5 3904/4/5
f 3904/4/5 3752/4/5 3751/4/5
f 3942/4/5 3809/4/5 3940/4/5
f 3940/4/5 3809/4/5 3808/4/5
f 4007/9/5 3733/9/5 4006/9/5
f 4006/9/5 3733/9/5 3730/9/5
f 3713/9/5 3711/9/5 180/9/5
f 180/9/5 3711/9/5 2277/9/5
f 3712/1/5 3720/1/5 2276/1/5
f 2276/1/5 3720/1/5 3349/1/5
f 3873/6/5 3870/6/5 3863/6/5
f 3863/6/5 3870/6/5 3869/6/5
f 3919/4/5 3772/4/5 3768/4/5
f 3768/4/5 3772/4/5 3771/4/5
f 3909/4/5 3755/4/5 3907/4/5
f 3907/4/5 3755/4/5 3754/4/5
f 3937/4/5 3798/4/5 3935/4/5
f 3935/4/5 3798/4/5 3797/4/5
f 3889/1/5 3986/1/5 2301/1/5
f 2301/1/5 3986/1/5 3347/1/5
f 3801/1/5 3735/1/5 4007/1/5
f 4007/1/5 3735/1/5 3733/1/5
f 3983/3/5 3878/3/5 3980/3/5
f 3980/3/5 3878/3/5 3877/3/5
f 3715/1/5 3885/1/5 3707/1/5
f 3707/1/5 3885/1/5 3712/1/5
f 3986/1/5 4008/1/5 3716/1/5
f 3716/1/5 4008/1/5 3887/1/5
f 4008/1/5 3719/1/5 3346/1/5
f 3346/1/5 3719/1/5 211/1/5
f 3921/4/5 3776/4/5 3772/4/5
f 3772/4/5 3776/4/5 3775/4/5
f 3912/4/5 3758/4/5 3910/4/5
f 3910/4/5 3758/4/5 3757/4/5
f 3930/4/5 3790/4/5 3928/4/5
f 3928/4/5 3790/4/5 3789/4/5
f 3836/9/5 3833/9/5 3830/9/5
f 3830/9/5 3833/9/5 3832/9/5
f 3979/3/5 3874/3/5 3177/3/5
f 3177/3/5 3874/3/5 1938/3/5
f 3834/1/5 3848/1/5 3835/1/5
f 3835/1/5 3848/1/5 3825/1/5
f 3923/4/5 3780/4/5 3776/4/5
f 3776/4/5 3780/4/5 3779/4/5
f 3781/4/5 3761/4/5 3782/4/5
f 3782/4/5 3761/4/5 3760/4/5
f 3927/4/5 3787/4/5 3926/4/5
f 3926/4/5 3787/4/5 3786/4/5
f 3960/1/5 3988/1/5 3957/1/5
f 3957/1/5 3988/1/5 3998/1/5
f 3838/1/5 3953/1/5 3822/1/5
f 3822/1/5 3953/1/5 3834/1/5
f 3988/1/5 4009/1/5 3843/1/5
f 3843/1/5 4009/1/5 3956/1/5
f 4009/1/5 3847/1/5 3955/1/5
f 3955/1/5 3847/1/5 3840/1/5
f 3963/3/5 3850/3/5 3876/3/5
f 3876/3/5 3850/3/5 3871/3/5
f 3925/4/5 3784/4/5 3780/4/5
f 3780/4/5 3784/4/5 3783/4/5
f 3883/1/5 3807/1/5 2191/1/5
f 2191/1/5 3807/1/5 30/1/5
f 3723/1/5 3891/1/5 3724/1/5
f 3724/1/5 3891/1/5 3883/1/5
f 3747/1/5 3899/1/5 3726/1/5
f 3726/1/5 3899/1/5 3898/1/5
f 3794/1/5 3933/1/5 3795/1/5
f 3795/1/5 3933/1/5 3932/1/5
f 3881/1/5 3806/1/5 3803/1/5
f 3803/1/5 3806/1/5 3805/1/5
f 3964/6/6 1936/6/6 3855/6/6
f 3855/6/6 1936/6/6 3856/6/6
f 3868/6/6 3967/6/6 3858/6/6
f 3858/6/6 3967/6/6 3178/6/6
f 3914/4/6 989/4/6 3765/4/6
f 3765/4/6 989/4/6 3766/4/6
f 3893/4/6 2572/4/6 3738/4/6
f 3738/4/6 2572/4/6 727/4/6
f 3945/4/6 2815/4/6 3814/4/6
f 3814/4/6 2815/4/6 1251/4/6
f 3744/4/6 2588/4/6 3740/4/6
f 3740/4/6 2588/4/6 779/4/6
f 3902/4/6 2589/4/6 3750/4/6
f 3750/4/6 2589/4/6 778/4/6
f 3940/4/6 3943/4/6 3808/4/6
f 3808/4/6 3943/4/6 3812/4/6
f 3820/4/6 3400/4/6 3816/4/6
f 3816/4/6 3400/4/6 3399/4/6
f 4010/1/6 3725/1/6 3731/1/6
f 3731/1/6 3725/1/6 3732/1/6
f 3968/6/6 3855/6/6 3861/6/6
f 3861/6/6 3855/6/6 3862/6/6
f 3860/3/6 3981/3/6 3971/3/6
f 3971/3/6 3981/3/6 3177/3/6
f 3830/1/6 3829/1/6 3832/1/6
f 3832/1/6 3829/1/6 3951/1/6
f 3824/1/6 4011/1/6 3828/1/6
f 3828/1/6 4011/1/6 3841/1/6
f 3872/6/6 3973/6/6 3867/6/6
f 3867/6/6 3973/6/6 3868/6/6
f 3916/4/6 3765/4/6 3769/4/6
f 3769/4/6 3765/4/6 3770/4/6
f 3895/4/6 3738/4/6 3743/4/6
f 3743/4/6 3738/4/6 3744/4/6
f 3947/4/6 3814/4/6 3819/4/6
f 3819/4/6 3814/4/6 3820/4/6
f 3905/4/6 3903/4/6 3753/4/6
f 3753/4/6 3903/4/6 3749/4/6
f 3935/4/6 3941/4/6 3797/4/6
f 3797/4/6 3941/4/6 3810/4/6
f 4012/9/6 4010/9/6 3734/9/6
f 3734/9/6 4010/9/6 3731/9/6
f 3974/6/6 3861/6/6 3977/6/6
f 3977/6/6 3861/6/6 3970/6/6
f 3707/9/6 181/9/6 3712/9/6
f 3712/9/6 181/9/6 2276/9/6
f 3711/1/6 2277/1/6 3718/1/6
f 3718/1/6 2277/1/6 3350/1/6
f 3918/4/6 3769/4/6 3773/4/6
f 3773/4/6 3769/4/6 3774/4/6
f 3908/4/6 3906/4/6 3756/4/6
f 3756/4/6 3906/4/6 3752/4/6
f 3928/4/6 3936/4/6 3789/4/6
f 3789/4/6 3936/4/6 3799/4/6
f 3888/1/6 2300/1/6 4013/1/6
f 4013/1/6 2300/1/6 3345/1/6
f 3804/1/6 4012/1/6 3736/1/6
f 3736/1/6 4012/1/6 3734/1/6
f 3982/3/6 3975/3/6 3879/3/6
f 3879/3/6 3975/3/6 3976/3/6
f 4013/1/6 3708/1/6 4014/1/6
f 4014/1/6 3708/1/6 3884/1/6
f 3714/1/6 3713/1/6 3886/1/6
f 3886/1/6 3713/1/6 3711/1/6
f 4014/1/6 3344/1/6 3710/1/6
f 3710/1/6 3344/1/6 212/1/6
f 3920/4/6 3773/4/6 3777/4/6
f 3777/4/6 3773/4/6 3778/4/6
f 3911/4/6 3909/4/6 3759/4/6
f 3759/4/6 3909/4/6 3755/4/6
f 3926/4/6 3929/4/6 3786/4/6
f 3786/4/6 3929/4/6 3791/4/6
f 3822/9/6 3821/9/6 3834/9/6
f 3834/9/6 3821/9/6 3835/9/6
f 3978/3/6 3176/3/6 3875/3/6
f 3875/3/6 3176/3/6 1939/3/6
f 3833/1/6 3832/1/6 3845/1/6
f 3845/1/6 3832/1/6 3846/1/6
f 3922/4/6 3777/4/6 3781/4/6
f 3781/4/6 3777/4/6 3782/4/6
f 3913/4/6 3912/4/6 3762/4/6
f 3762/4/6 3912/4/6 3758/4/6
f 3780/4/6 3779/4/6 3783/4/6
f 3783/4/6 3779/4/6 3788/4/6
f 3959/1/6 3958/1/6 4015/1/6
f 4015/1/6 3958/1/6 4011/1/6
f 4015/1/6 3823/1/6 4016/1/6
f 4016/1/6 3823/1/6 3950/1/6
f 3837/1/6 3836/1/6 3954/1/6
f 3954/1/6 3836/1/6 3833/1/6
f 4016/1/6 3949/1/6 3827/1/6
f 3827/1/6 3949/1/6 3828/1/6
f 3962/3/6 3961/3/6 3851/3/6
f 3851/3/6 3961/3/6 3852/3/6
f 3924/4/6 3781/4/6 3785/4/6
f 3785/4/6 3781/4/6 3761/4/6
f 3938/8/6 2779/8/6 3985/8/6
f 3985/8/6 2779/8/6 1159/8/6
f 3985/1/6 3727/1/6 4017/1/6
f 4017/1/6 3727/1/6 3882/1/6
f 3722/1/6 3721/1/6 3892/1/6
f 3892/1/6 3721/1/6 3890/1/6
f 3746/1/6 3745/1/6 3900/1/6
f 3900/1/6 3745/1/6 3897/1/6
f 3793/1/6 3792/1/6 3934/1/6
f 3934/1/6 3792/1/6 3931/1/6
f 4017/1/6 2190/1/6 3706/1/6
f 3706/1/6 2190/1/6 31/1/6
f 4018/9/1 4019/9/1 2048/9/1
f 2048/9/1 4019/9/1 3475/9/1
f 4020/8/1 4021/8/1 3267/8/1
f 3267/8/1 4021/8/1 3270/8/1
f 4022/11/1 4023/11/1 2051/11/1
f 2051/11/1 4023/11/1 2074/11/1
f 4024/5/1 4025/5/1 4026/5/1
f 4026/5/1 4025/5/1 3493/5/1
f 4027/9/1 4028/9/1 4029/9/1
f 4029/9/1 4028/9/1 3476/9/1
f 4030/1/1 4031/1/1 3603/1/1
f 3603/1/1 4031/1/1 2084/1/1
f 4032/3/1 4033/3/1 2111/3/1
f 2111/3/1 4033/3/1 2112/3/1
f 4034/6/1 4035/6/1 3297/6/1
f 3297/6/1 4035/6/1 3300/6/1
f 4036/6/1 4037/6/1 4039/6/1
f 4039/6/1 4037/6/1 4038/6/1
f 4040/3/1 4041/3/1 2133/3/1
f 2133/3/1 4041/3/1 2134/3/1
f 4042/6/1 4043/6/1 3314/6/1
f 3314/6/1 4043/6/1 2172/6/1
f 4044/1/1 4045/1/1 2109/1/1
f 2109/1/1 4045/1/1 2169/1/1
f 4046/9/1 4047/9/1 4019/9/1
f 4019/9/1 4047/9/1 4048/9/1
f 4049/8/1 4050/8/1 4052/8/1
f 4052/8/1 4050/8/1 4051/8/1
f 4053/11/1 4054/11/1 4056/11/1
f 4056/11/1 4054/11/1 4055/11/1
f 4057/9/1 4058/9/1 4059/9/1
f 4059/9/1 4058/9/1 4027/9/1
f 4060/7/1 4061/7/1 2078/7/1
f 2078/7/1 4061/7/1 2083/7/1
f 4062/8/1 4063/8/1 4064/8/1
f 4064/8/1 4063/8/1 2089/8/1
f 4065/3/1 4066/3/1 4068/3/1
f 4068/3/1 4066/3/1 4067/3/1
f 4069/1/1 4070/1/1 4071/1/1
f 4071/1/1 4070/1/1 2109/1/1
f 4072/5/1 4073/5/1 4075/5/1
f 4075/5/1 4073/5/1 4074/5/1
f 4076/3/1 4077/3/1 2122/3/1
f 2122/3/1 4077/3/1 2123/3/1
f 4078/5/1 4079/5/1 4081/5/1
f 4081/5/1 4079/5/1 4080/5/1
f 4082/3/1 4083/3/1 4085/3/1
f 4085/3/1 4083/3/1 4084/3/1
f 4086/3/1 4087/3/1 2152/3/1
f 2152/3/1 4087/3/1 2153/3/1
f 4088/1/1 4089/1/1 4090/1/1
f 4090/1/1 4089/1/1 4045/1/1
f 4091/1/1 4092/1/1 4094/1/1
f 4094/1/1 4092/1/1 4093/1/1
f 4095/1/1 4096/1/1 4098/1/1
f 4098/1/1 4096/1/1 4097/1/1
f 4099/9/1 4100/9/1 4047/9/1
f 4047/9/1 4100/9/1 4101/9/1
f 4102/8/1 4103/8/1 4105/8/1
f 4105/8/1 4103/8/1 4104/8/1
f 4106/9/1 4107/9/1 4109/9/1
f 4109/9/1 4107/9/1 4108/9/1
f 4110/8/1 4111/8/1 4113/8/1
f 4113/8/1 4111/8/1 4112/8/1
f 4114/8/1 4115/8/1 4117/8/1
f 4117/8/1 4115/8/1 4116/8/1
f 4118/9/1 4119/9/1 4120/9/1
f 4120/9/1 4119/9/1 4057/9/1
f 4121/7/1 4122/7/1 4061/7/1
f 4061/7/1 4122/7/1 4123/7/1
f 4122/1/1 4124/1/1 4125/1/1
f 4125/1/1 4124/1/1 4030/1/1
f 4126/3/1 4127/3/1 4129/3/1
f 4129/3/1 4127/3/1 4128/3/1
f 4130/6/1 4131/6/1 4133/6/1
f 4133/6/1 4131/6/1 4132/6/1
f 4134/6/1 4135/6/1 4137/6/1
f 4137/6/1 4135/6/1 4136/6/1
f 4138/6/1 4139/6/1 4141/6/1
f 4141/6/1 4139/6/1 4140/6/1
f 4142/6/1 4143/6/1 4145/6/1
f 4145/6/1 4143/6/1 4144/6/1
f 4146/6/1 4147/6/1 4149/6/1
f 4149/6/1 4147/6/1 4148/6/1
f 4150/5/1 4151/5/1 4152/5/1
f 4152/5/1 4151/5/1 4072/5/1
f 4153/3/1 4154/3/1 4155/3/1
f 4155/3/1 4154/3/1 4076/3/1
f 4156/5/1 4157/5/1 4158/5/1
f 4158/5/1 4157/5/1 4078/5/1
f 4159/1/1 4160/1/1 4162/1/1
f 4162/1/1 4160/1/1 4161/1/1
f 4163/5/1 4164/5/1 4073/5/1
f 4073/5/1 4164/5/1 4165/5/1
f 4166/5/1 4167/5/1 4079/5/1
f 4079/5/1 4167/5/1 4168/5/1
f 4169/6/1 4170/6/1 4172/6/1
f 4172/6/1 4170/6/1 4171/6/1
f 4173/6/1 4174/6/1 4176/6/1
f 4176/6/1 4174/6/1 4175/6/1
f 4177/6/1 4178/6/1 4180/6/1
f 4180/6/1 4178/6/1 4179/6/1
f 4181/3/1 4182/3/1 4077/3/1
f 4077/3/1 4182/3/1 4183/3/1
f 4184/6/1 4185/6/1 4187/6/1
f 4187/6/1 4185/6/1 4186/6/1
f 4188/6/1 4189/6/1 4191/6/1
f 4191/6/1 4189/6/1 4190/6/1
f 4192/3/1 4193/3/1 4195/3/1
f 4195/3/1 4193/3/1 4194/3/1
f 4196/3/1 4197/3/1 4199/3/1
f 4199/3/1 4197/3/1 4198/3/1
f 4200/3/1 4201/3/1 4203/3/1
f 4203/3/1 4201/3/1 4202/3/1
f 4204/5/1 4205/5/1 4151/5/1
f 4151/5/1 4205/5/1 4163/5/1
f 4206/5/1 4207/5/1 4157/5/1
f 4157/5/1 4207/5/1 4166/5/1
f 4208/3/1 4209/3/1 4211/3/1
f 4211/3/1 4209/3/1 4210/3/1
f 4212/3/1 4213/3/1 2172/3/1
f 2172/3/1 4213/3/1 2173/3/1
f 4214/1/1 4215/1/1 4217/1/1
f 4217/1/1 4215/1/1 4216/1/1
f 4215/9/1 4218/9/1 4216/9/1
f 4216/9/1 4218/9/1 4219/9/1
f 4218/1/1 4220/1/1 4219/1/1
f 4219/1/1 4220/1/1 4221/1/1
f 4222/6/1 4223/6/1 4225/6/1
f 4225/6/1 4223/6/1 4224/6/1
f 4226/6/1 4227/6/1 4229/6/1
f 4229/6/1 4227/6/1 4228/6/1
f 4230/1/1 4231/1/1 4232/1/1
f 4232/1/1 4231/1/1 4091/1/1
f 4233/9/1 4234/9/1 4236/9/1
f 4236/9/1 4234/9/1 4235/9/1
f 4237/1/1 4238/1/1 4092/1/1
f 4092/1/1 4238/1/1 4239/1/1
f 4240/6/1 4241/6/1 4243/6/1
f 4243/6/1 4241/6/1 4242/6/1
f 4244/3/1 4245/3/1 4154/3/1
f 4154/3/1 4245/3/1 4181/3/1
f 4246/6/1 4247/6/1 4249/6/1
f 4249/6/1 4247/6/1 4248/6/1
f 4250/1/1 4251/1/1 4252/1/1
f 4252/1/1 4251/1/1 4098/1/1
f 4253/1/1 4254/1/1 4231/1/1
f 4231/1/1 4254/1/1 4237/1/1
f 4251/1/1 4255/1/1 4257/1/1
f 4257/1/1 4255/1/1 4256/1/1
f 4255/1/1 4258/1/1 4259/1/1
f 4259/1/1 4258/1/1 4096/1/1
f 4260/8/1 4261/8/1 2039/8/1
f 2039/8/1 4261/8/1 4064/8/1
f 4262/8/1 4263/8/1 4265/8/1
f 4265/8/1 4263/8/1 4264/8/1
f 4266/6/1 4267/6/1 4269/6/1
f 4269/6/1 4267/6/1 4268/6/1
f 4270/1/1 4271/1/1 2043/1/1
f 2043/1/1 4271/1/1 2044/1/1
f 4272/8/1 4273/8/1 4275/8/1
f 4275/8/1 4273/8/1 4274/8/1
f 4276/8/1 4277/8/1 4279/8/1
f 4279/8/1 4277/8/1 4278/8/1
f 4280/8/1 4281/8/1 4282/8/1
f 4282/8/1 4281/8/1 4261/8/1
f 4281/8/1 4283/8/1 4284/8/1
f 4284/8/1 4283/8/1 4265/8/1
f 4271/1/1 4285/1/1 4287/1/1
f 4287/1/1 4285/1/1 4286/1/1
f 4288/1/1 4289/1/1 2089/1/1
f 2089/1/1 4289/1/1 4071/1/1
f 4289/1/1 4290/1/1 4292/1/1
f 4292/1/1 4290/1/1 4291/1/1
f 4293/3/1 4294/3/1 4296/3/1
f 4296/3/1 4294/3/1 4295/3/1
f 4290/1/1 4297/1/1 4299/1/1
f 4299/1/1 4297/1/1 4298/1/1
f 4297/1/1 4300/1/1 4302/1/1
f 4302/1/1 4300/1/1 4301/1/1
f 4300/1/1 4303/1/1 4304/1/1
f 4304/1/1 4303/1/1 4089/1/1
f 4305/3/1 4306/3/1 4308/3/1
f 4308/3/1 4306/3/1 4307/3/1
f 4309/3/1 4310/3/1 4312/3/1
f 4312/3/1 4310/3/1 4311/3/1
f 4313/9/2 2050/9/2 4022/9/2
f 4022/9/2 2050/9/2 2051/9/2
f 4052/8/2 4314/8/2 4051/8/2
f 4051/8/2 4314/8/2 4315/8/2
f 4316/11/2 3263/11/2 4317/11/2
f 4317/11/2 3263/11/2 3276/11/2
f 4318/5/2 4319/5/2 4320/5/2
f 4320/5/2 4319/5/2 3280/5/2
f 4023/9/2 2074/9/2 4321/9/2
f 4321/9/2 2074/9/2 2080/9/2
f 4322/1/2 3602/1/2 4323/1/2
f 4323/1/2 3602/1/2 3606/1/2
f 4324/3/2 3294/3/2 4325/3/2
f 4325/3/2 3294/3/2 2122/3/2
f 4075/6/2 4326/6/2 4074/6/2
f 4074/6/2 4326/6/2 4327/6/2
f 4328/6/2 2126/6/2 4329/6/2
f 4329/6/2 2126/6/2 2127/6/2
f 4330/3/2 2119/3/2 4331/3/2
f 4331/3/2 2119/3/2 3307/3/2
f 4332/6/2 2159/6/2 4333/6/2
f 4333/6/2 2159/6/2 2160/6/2
f 4334/9/2 4022/9/2 4053/9/2
f 4053/9/2 4022/9/2 4056/9/2
f 4113/8/2 4335/8/2 4112/8/2
f 4112/8/2 4335/8/2 4336/8/2
f 4337/11/2 4338/11/2 4340/11/2
f 4340/11/2 4338/11/2 4339/11/2
f 4054/9/2 4055/9/2 4341/9/2
f 4341/9/2 4055/9/2 4023/9/2
f 4342/7/2 3598/7/2 4343/7/2
f 4343/7/2 3598/7/2 3604/7/2
f 4344/3/2 4345/3/2 4347/3/2
f 4347/3/2 4345/3/2 4346/3/2
f 4348/3/2 3301/3/2 4349/3/2
f 4349/3/2 3301/3/2 2133/3/2
f 4162/5/2 4036/5/2 4161/5/2
f 4161/5/2 4036/5/2 4037/5/2
f 4350/3/2 4351/3/2 4353/3/2
f 4353/3/2 4351/3/2 4352/3/2
f 4354/3/2 3308/3/2 4355/3/2
f 4355/3/2 3308/3/2 2159/3/2
f 4236/1/2 4356/1/2 4235/1/2
f 4235/1/2 4356/1/2 4357/1/2
f 4103/8/2 4104/8/2 4114/8/2
f 4114/8/2 4104/8/2 4117/8/2
f 4358/9/2 4053/9/2 4359/9/2
f 4359/9/2 4053/9/2 4054/9/2
f 4360/7/2 4343/7/2 4362/7/2
f 4362/7/2 4343/7/2 4361/7/2
f 4362/1/2 4363/1/2 4364/1/2
f 4364/1/2 4363/1/2 4322/1/2
f 4365/3/2 4366/3/2 4368/3/2
f 4368/3/2 4366/3/2 4367/3/2
f 4369/6/2 4370/6/2 4134/6/2
f 4134/6/2 4370/6/2 4137/6/2
f 4371/6/2 4372/6/2 4142/6/2
f 4142/6/2 4372/6/2 4145/6/2
f 4131/6/2 4132/6/2 4374/6/2
f 4374/6/2 4132/6/2 4373/6/2
f 4375/6/2 4376/6/2 4150/6/2
f 4150/6/2 4376/6/2 4152/6/2
f 4139/6/2 4140/6/2 4378/6/2
f 4378/6/2 4140/6/2 4377/6/2
f 4379/3/2 4380/3/2 4381/3/2
f 4381/3/2 4380/3/2 4348/3/2
f 4147/5/2 4148/5/2 4159/5/2
f 4159/5/2 4148/5/2 4162/5/2
f 4160/5/2 4161/5/2 4173/5/2
f 4173/5/2 4161/5/2 4176/5/2
f 4164/6/2 4165/6/2 4383/6/2
f 4383/6/2 4165/6/2 4382/6/2
f 4384/6/2 4385/6/2 4184/6/2
f 4184/6/2 4385/6/2 4187/6/2
f 4170/6/2 4171/6/2 4387/6/2
f 4387/6/2 4171/6/2 4386/6/2
f 4388/3/2 4349/3/2 4390/3/2
f 4390/3/2 4349/3/2 4389/3/2
f 4391/6/2 4392/6/2 4188/6/2
f 4188/6/2 4392/6/2 4191/6/2
f 4178/6/2 4179/6/2 4394/6/2
f 4394/6/2 4179/6/2 4393/6/2
f 4395/3/2 4396/3/2 4398/3/2
f 4398/3/2 4396/3/2 4397/3/2
f 4399/3/2 4400/3/2 4402/3/2
f 4402/3/2 4400/3/2 4401/3/2
f 4403/3/2 4404/3/2 4406/3/2
f 4406/3/2 4404/3/2 4405/3/2
f 4229/5/2 4159/5/2 4228/5/2
f 4228/5/2 4159/5/2 4160/5/2
f 4407/3/2 4408/3/2 4410/3/2
f 4410/3/2 4408/3/2 4409/3/2
f 4411/3/2 2164/3/2 4412/3/2
f 4412/3/2 2164/3/2 3320/3/2
f 4413/6/2 4204/6/2 4414/6/2
f 4414/6/2 4204/6/2 4205/6/2
f 4249/6/2 4415/6/2 4248/6/2
f 4248/6/2 4415/6/2 4416/6/2
f 4417/1/2 4418/1/2 4233/1/2
f 4233/1/2 4418/1/2 4236/1/2
f 4234/1/2 4235/1/2 4420/1/2
f 4420/1/2 4235/1/2 4419/1/2
f 4421/6/2 4222/6/2 4422/6/2
f 4422/6/2 4222/6/2 4223/6/2
f 4423/3/2 4381/3/2 4424/3/2
f 4424/3/2 4381/3/2 4388/3/2
f 4269/6/2 4425/6/2 4268/6/2
f 4268/6/2 4425/6/2 4426/6/2
f 4427/1/2 3255/1/2 4428/1/2
f 4428/1/2 3255/1/2 3258/1/2
f 4429/1/2 4233/1/2 4430/1/2
f 4430/1/2 4233/1/2 4234/1/2
f 4431/1/2 4432/1/2 4434/1/2
f 4434/1/2 4432/1/2 4433/1/2
f 4435/6/2 4240/6/2 4436/6/2
f 4436/6/2 4240/6/2 4241/6/2
f 4437/1/2 4428/1/2 4439/1/2
f 4439/1/2 4428/1/2 4438/1/2
f 4440/1/2 4441/1/2 4443/1/2
f 4443/1/2 4441/1/2 4442/1/2
f 4444/1/2 4445/1/2 4447/1/2
f 4447/1/2 4445/1/2 4446/1/2
f 4448/8/2 3288/8/2 4449/8/2
f 4449/8/2 3288/8/2 3289/8/2
f 4450/3/2 4451/3/2 4453/3/2
f 4453/3/2 4451/3/2 4452/3/2
f 4449/1/2 3289/1/2 4454/1/2
f 4454/1/2 3289/1/2 3317/1/2
f 4455/3/2 4456/3/2 4458/3/2
f 4458/3/2 4456/3/2 4457/3/2
f 4459/3/2 4460/3/2 4462/3/2
f 4462/3/2 4460/3/2 4461/3/2
f 4074/5/3 4073/5/3 4090/5/3
f 4090/5/3 4073/5/3 4088/5/3
f 4165/5/3 4164/5/3 4304/5/3
f 4304/5/3 4164/5/3 4301/5/3
f 4163/5/3 4205/5/3 4302/5/3
f 4302/5/3 4205/5/3 4298/5/3
f 3300/6/3 4035/6/3 4327/6/3
f 4327/6/3 4035/6/3 4074/6/3
f 4144/6/3 4143/6/3 4152/6/3
f 4152/6/3 4143/6/3 4150/6/3
f 4171/6/3 4170/6/3 4382/6/3
f 4382/6/3 4170/6/3 4383/6/3
f 4224/6/3 4223/6/3 4205/6/3
f 4205/6/3 4223/6/3 4414/6/3
f 4239/1/3 4463/1/3 4464/1/3
f 4464/1/3 4463/1/3 4434/1/3
f 4428/1/3 4437/1/3 4275/1/3
f 4275/1/3 4437/1/3 4272/1/3
f 4441/1/3 4440/1/3 4279/1/3
f 4279/1/3 4440/1/3 4276/1/3
f 4445/1/3 4444/1/3 4282/1/3
f 4282/1/3 4444/1/3 4280/1/3
f 4136/6/3 4135/6/3 4145/6/3
f 4145/6/3 4135/6/3 4142/6/3
f 4179/6/3 4178/6/3 4386/6/3
f 4386/6/3 4178/6/3 4387/6/3
f 4221/1/3 4220/1/3 4063/1/3
f 4063/1/3 4220/1/3 4264/1/3
f 4242/6/3 4241/6/3 4223/6/3
f 4223/6/3 4241/6/3 4422/6/3
f 2044/1/3 4287/1/3 3258/1/3
f 3258/1/3 4287/1/3 4428/1/3
f 4286/1/3 4285/1/3 4263/1/3
f 4263/1/3 4285/1/3 4288/1/3
f 2134/3/3 4041/3/3 3307/3/3
f 3307/3/3 4041/3/3 4331/3/3
f 3313/6/3 4401/6/3 2160/6/3
f 2160/6/3 4401/6/3 4333/6/3
f 4067/3/3 4066/3/3 4346/3/3
f 4346/3/3 4066/3/3 4347/3/3
f 4400/3/3 4087/3/3 4332/3/3
f 4332/3/3 4087/3/3 4355/3/3
f 4380/6/3 4379/6/3 4137/6/3
f 4137/6/3 4379/6/3 4134/6/3
f 4349/1/3 4388/1/3 4073/1/3
f 4073/1/3 4388/1/3 4163/1/3
f 4396/6/3 4395/6/3 4393/6/3
f 4393/6/3 4395/6/3 4394/6/3
f 4210/3/3 4209/3/3 4409/3/3
f 4409/3/3 4209/3/3 4410/3/3
f 4295/3/3 4423/3/3 4452/3/3
f 4452/3/3 4423/3/3 4240/3/3
f 4424/6/3 4457/6/3 4241/6/3
f 4241/6/3 4457/6/3 4436/6/3
f 4456/3/3 4294/3/3 4435/3/3
f 4435/3/3 4294/3/3 4453/3/3
f 2074/11/3 4023/11/3 3276/11/3
f 3276/11/3 4023/11/3 4317/11/3
f 4055/11/3 4054/11/3 4339/11/3
f 4339/11/3 4054/11/3 4340/11/3
f 2123/3/3 4077/3/3 2133/3/3
f 2133/3/3 4077/3/3 4349/3/3
f 4356/1/3 4236/1/3 4094/1/3
f 4094/1/3 4236/1/3 4091/1/3
f 4194/3/3 4193/3/3 4397/3/3
f 4397/3/3 4193/3/3 4398/3/3
f 2164/3/3 4197/3/3 3313/3/3
f 3313/3/3 4197/3/3 4402/3/3
f 4235/9/3 4234/9/3 4092/9/3
f 4092/9/3 4234/9/3 4237/9/3
f 4233/1/3 4429/1/3 4231/1/3
f 4231/1/3 4429/1/3 4253/1/3
f 4181/3/3 4306/3/3 4388/3/3
f 4388/3/3 4306/3/3 4458/3/3
f 3475/9/3 4019/9/3 2051/9/3
f 2051/9/3 4019/9/3 4022/9/3
f 3476/9/3 4028/9/3 2080/9/3
f 2080/9/3 4028/9/3 4321/9/3
f 2112/3/3 4033/3/3 2122/3/3
f 2122/3/3 4033/3/3 4325/3/3
f 4048/9/3 4047/9/3 4056/9/3
f 4056/9/3 4047/9/3 4053/9/3
f 4027/9/3 4058/9/3 4023/9/3
f 4023/9/3 4058/9/3 4341/9/3
f 4084/3/3 4083/3/3 4352/3/3
f 4352/3/3 4083/3/3 4353/3/3
f 4097/1/3 4096/1/3 4433/1/3
f 4433/1/3 4096/1/3 4464/1/3
f 4057/9/3 4119/9/3 4054/9/3
f 4054/9/3 4119/9/3 4359/9/3
f 4132/6/3 4131/6/3 4155/6/3
f 4155/6/3 4131/6/3 4153/6/3
f 4190/6/3 4189/6/3 4195/6/3
f 4195/6/3 4189/6/3 4192/6/3
f 4202/3/3 4201/3/3 4405/3/3
f 4405/3/3 4201/3/3 4406/3/3
f 2173/3/3 4213/3/3 3320/3/3
f 3320/3/3 4213/3/3 4412/3/3
f 4095/1/3 4257/1/3 4236/1/3
f 4236/1/3 4257/1/3 4233/1/3
f 4096/1/3 4465/1/3 4419/1/3
f 4419/1/3 4465/1/3 4420/1/3
f 4465/1/3 4258/1/3 4238/1/3
f 4238/1/3 4258/1/3 4463/1/3
f 4311/3/3 4310/3/3 4461/3/3
f 4461/3/3 4310/3/3 4462/3/3
f 4140/6/3 4139/6/3 4373/6/3
f 4373/6/3 4139/6/3 4374/6/3
f 4186/6/3 4185/6/3 4191/6/3
f 4191/6/3 4185/6/3 4188/6/3
f 4248/6/3 4247/6/3 4426/6/3
f 4426/6/3 4247/6/3 4268/6/3
f 3493/5/3 4025/5/3 3280/5/3
f 3280/5/3 4025/5/3 4320/5/3
f 4038/6/3 4037/6/3 2127/6/3
f 2127/6/3 4037/6/3 4329/6/3
f 4148/6/3 4147/6/3 4377/6/3
f 4377/6/3 4147/6/3 4378/6/3
f 4161/1/3 4160/1/3 4077/1/3
f 4077/1/3 4160/1/3 4181/1/3
f 4175/6/3 4174/6/3 4187/6/3
f 4187/6/3 4174/6/3 4184/6/3
f 4228/6/3 4227/6/3 4416/6/3
f 4416/6/3 4227/6/3 4248/6/3
f 2084/1/3 4031/1/3 3606/1/3
f 3606/1/3 4031/1/3 4323/1/3
f 2083/7/3 4061/7/3 3604/7/3
f 3604/7/3 4061/7/3 4343/7/3
f 4080/5/3 4079/5/3 4037/5/3
f 4037/5/3 4079/5/3 4161/5/3
f 4104/8/3 4103/8/3 4109/8/3
f 4109/8/3 4103/8/3 4106/8/3
f 4116/8/3 4115/8/3 4120/8/3
f 4120/8/3 4115/8/3 4118/8/3
f 4030/1/3 4124/1/3 4322/1/3
f 4322/1/3 4124/1/3 4364/1/3
f 4078/5/3 4157/5/3 4162/5/3
f 4162/5/3 4157/5/3 4159/5/3
f 4168/5/3 4167/5/3 4176/5/3
f 4176/5/3 4167/5/3 4173/5/3
f 4166/5/3 4207/5/3 4160/5/3
f 4160/5/3 4207/5/3 4228/5/3
f 4112/8/3 4111/8/3 4117/8/3
f 4117/8/3 4111/8/3 4114/8/3
f 4051/8/3 4050/8/3 4336/8/3
f 4336/8/3 4050/8/3 4112/8/3
f 3270/8/3 4021/8/3 4315/8/3
f 4315/8/3 4021/8/3 4051/8/3
f 2039/8/4 3288/8/4 4466/8/4
f 4466/8/4 3288/8/4 4448/8/4
f 4075/5/4 4044/5/4 4072/5/4
f 4072/5/4 4044/5/4 4070/5/4
f 4152/5/4 4069/5/4 4150/5/4
f 4150/5/4 4069/5/4 4292/5/4
f 4151/5/4 4291/5/4 4204/5/4
f 4204/5/4 4291/5/4 4299/5/4
f 3297/6/4 4326/6/4 4034/6/4
f 4034/6/4 4326/6/4 4075/6/4
f 4145/6/4 4376/6/4 4142/6/4
f 4142/6/4 4376/6/4 4375/6/4
f 4172/6/4 4165/6/4 4169/6/4
f 4169/6/4 4165/6/4 4164/6/4
f 4225/6/4 4204/6/4 4222/6/4
f 4222/6/4 4204/6/4 4413/6/4
f 4232/1/4 4467/1/4 4468/1/4
f 4468/1/4 4467/1/4 4431/1/4
f 4438/1/4 4274/1/4 4439/1/4
f 4439/1/4 4274/1/4 4273/1/4
f 4442/1/4 4278/1/4 4443/1/4
f 4443/1/4 4278/1/4 4277/1/4
f 4446/1/4 4262/1/4 4447/1/4
f 4447/1/4 4262/1/4 4283/1/4
f 4137/6/4 4372/6/4 4134/6/4
f 4134/6/4 4372/6/4 4371/6/4
f 4180/6/4 4171/6/4 4177/6/4
f 4177/6/4 4171/6/4 4170/6/4
f 4217/1/4 4062/1/4 4214/1/4
f 4214/1/4 4062/1/4 4284/1/4
f 4243/6/4 4222/6/4 4240/6/4
f 4240/6/4 4222/6/4 4421/6/4
f 2043/1/4 3255/1/4 4469/1/4
f 4469/1/4 3255/1/4 4427/1/4
f 4469/1/4 4260/1/4 4270/1/4
f 4270/1/4 4260/1/4 4466/1/4
f 2133/3/4 2119/3/4 4040/3/4
f 4040/3/4 2119/3/4 4330/3/4
f 4068/3/4 4345/3/4 4065/3/4
f 4065/3/4 4345/3/4 4344/3/4
f 2152/3/4 3308/3/4 4086/3/4
f 4086/3/4 3308/3/4 4354/3/4
f 4367/6/4 4370/6/4 4368/6/4
f 4368/6/4 4370/6/4 4369/6/4
f 4348/1/4 4072/1/4 4381/1/4
f 4381/1/4 4072/1/4 4151/1/4
f 4389/6/4 4179/6/4 4390/6/4
f 4390/6/4 4179/6/4 4178/6/4
f 4211/3/4 4408/3/4 4208/3/4
f 4208/3/4 4408/3/4 4407/3/4
f 4296/3/4 4451/3/4 4293/3/4
f 4293/3/4 4451/3/4 4450/3/4
f 2051/11/4 3263/11/4 4022/11/4
f 4022/11/4 3263/11/4 4316/11/4
f 4056/11/4 4338/11/4 4053/11/4
f 4053/11/4 4338/11/4 4337/11/4
f 2122/3/4 3301/3/4 4076/3/4
f 4076/3/4 3301/3/4 4348/3/4
f 4357/1/4 4093/1/4 4235/1/4
f 4235/1/4 4093/1/4 4092/1/4
f 4129/3/4 4366/3/4 4126/3/4
f 4126/3/4 4366/3/4 4365/3/4
f 2163/3/4 2153/3/4 4196/3/4
f 4196/3/4 2153/3/4 4399/3/4
f 4236/9/4 4091/9/4 4233/9/4
f 4233/9/4 4091/9/4 4231/9/4
f 4234/1/4 4237/1/4 4430/1/4
f 4430/1/4 4237/1/4 4254/1/4
f 4154/3/4 4381/3/4 4305/3/4
f 4305/3/4 4381/3/4 4455/3/4
f 2048/9/4 2050/9/4 4018/9/4
f 4018/9/4 2050/9/4 4313/9/4
f 4029/9/4 2074/9/4 4027/9/4
f 4027/9/4 2074/9/4 4023/9/4
f 2111/3/4 3294/3/4 4032/3/4
f 4032/3/4 3294/3/4 4324/3/4
f 3314/6/4 2163/6/4 4042/6/4
f 4042/6/4 2163/6/4 4199/6/4
f 4019/9/4 4022/9/4 4046/9/4
f 4046/9/4 4022/9/4 4334/9/4
f 4059/9/4 4055/9/4 4057/9/4
f 4057/9/4 4055/9/4 4054/9/4
f 4085/3/4 4351/3/4 4082/3/4
f 4082/3/4 4351/3/4 4350/3/4
f 4252/1/4 4432/1/4 4470/1/4
f 4470/1/4 4432/1/4 4467/1/4
f 4047/9/4 4053/9/4 4099/9/4
f 4099/9/4 4053/9/4 4358/9/4
f 4133/6/4 4128/6/4 4130/6/4
f 4130/6/4 4128/6/4 4127/6/4
f 4191/6/4 4183/6/4 4188/6/4
f 4188/6/4 4183/6/4 4182/6/4
f 4203/3/4 4404/3/4 4200/3/4
f 4200/3/4 4404/3/4 4403/3/4
f 4043/3/4 4198/3/4 4212/3/4
f 4212/3/4 4198/3/4 4411/3/4
f 4470/1/4 4418/1/4 4471/1/4
f 4471/1/4 4418/1/4 4417/1/4
f 4259/1/4 4235/1/4 4256/1/4
f 4256/1/4 4235/1/4 4234/1/4
f 4312/3/4 4460/3/4 4268/3/4
f 4268/3/4 4460/3/4 4245/3/4
f 4471/1/4 4230/1/4 4250/1/4
f 4250/1/4 4230/1/4 4468/1/4
f 4269/6/4 4244/6/4 4266/6/4
f 4266/6/4 4244/6/4 4308/6/4
f 4267/3/4 4307/3/4 4309/3/4
f 4309/3/4 4307/3/4 4459/3/4
f 4141/6/4 4132/6/4 4138/6/4
f 4138/6/4 4132/6/4 4131/6/4
f 4187/6/4 4392/6/4 4184/6/4
f 4184/6/4 4392/6/4 4391/6/4
f 4249/6/4 4425/6/4 4246/6/4
f 4246/6/4 4425/6/4 4269/6/4
f 4026/5/4 4319/5/4 4024/5/4
f 4024/5/4 4319/5/4 4318/5/4
f 4039/6/4 2126/6/4 4036/6/4
f 4036/6/4 2126/6/4 4328/6/4
f 4149/6/4 4140/6/4 4146/6/4
f 4146/6/4 4140/6/4 4139/6/4
f 4162/1/4 4076/1/4 4159/1/4
f 4159/1/4 4076/1/4 4154/1/4
f 4176/6/4 4385/6/4 4173/6/4
f 4173/6/4 4385/6/4 4384/6/4
f 4229/6/4 4415/6/4 4226/6/4
f 4226/6/4 4415/6/4 4249/6/4
f 3603/1/4 3602/1/4 4030/1/4
f 4030/1/4 3602/1/4 4322/1/4
f 2078/7/4 3598/7/4 4060/7/4
f 4060/7/4 3598/7/4 4342/7/4
f 4125/1/4 4363/1/4 4123/1/4
f 4123/1/4 4363/1/4 4361/1/4
f 4081/5/4 4036/5/4 4078/5/4
f 4078/5/4 4036/5/4 4162/5/4
f 4105/8/4 4101/8/4 4102/8/4
f 4102/8/4 4101/8/4 4100/8/4
f 4117/8/4 4108/8/4 4114/8/4
f 4114/8/4 4108/8/4 4107/8/4
f 4061/7/4 4343/7/4 4121/7/4
f 4121/7/4 4343/7/4 4360/7/4
f 4158/5/4 4148/5/4 4156/5/4
f 4156/5/4 4148/5/4 4147/5/4
f 4079/5/4 4161/5/4 4166/5/4
f 4166/5/4 4161/5/4 4160/5/4
f 4157/5/4 4159/5/4 4206/5/4
f 4206/5/4 4159/5/4 4229/5/4
f 4113/8/4 4104/8/4 4110/8/4
f 4110/8/4 4104/8/4 4103/8/4
f 4052/8/4 4335/8/4 4049/8/4
f 4049/8/4 4335/8/4 4113/8/4
f 3267/8/4 4314/8/4 4020/8/4
f 4020/8/4 4314/8/4 4052/8/4
f 4272/1/5 4271/1/5 4466/1/5
f 4466/1/5 4271/1/5 4270/1/5
f 4091/1/5 4236/1/5 4232/1/5
f 4232/1/5 4236/1/5 4418/1/5
f 4472/1/5 4251/1/5 4473/1/5
f 4473/1/5 4251/1/5 4250/1/5
f 4237/9/5 4234/9/5 4231/9/5
f 4231/9/5 4234/9/5 4233/9/5
f 4235/1/5 4259/1/5 4236/1/5
f 4236/1/5 4259/1/5 4095/1/5
f 4434/1/5 4463/1/5 4431/1/5
f 4431/1/5 4463/1/5 4468/1/5
f 4239/1/5 4419/1/5 4092/1/5
f 4092/1/5 4419/1/5 4235/1/5
f 4474/1/5 4475/1/5 4476/1/5
f 4476/1/5 4475/1/5 4430/1/5
f 4475/1/5 4258/1/5 4429/1/5
f 4429/1/5 4258/1/5 4251/1/5
f 4276/1/5 4440/1/5 4273/1/5
f 4273/1/5 4440/1/5 4439/1/5
f 4022/9/5 4019/9/5 4313/9/5
f 4313/9/5 4019/9/5 4018/9/5
f 4338/11/5 4056/11/5 4316/11/5
f 4316/11/5 4056/11/5 4022/11/5
f 4053/9/5 4047/9/5 4334/9/5
f 4334/9/5 4047/9/5 4046/9/5
f 4106/8/5 4103/8/5 4100/8/5
f 4100/8/5 4103/8/5 4102/8/5
f 4114/8/5 4111/8/5 4103/8/5
f 4103/8/5 4111/8/5 4110/8/5
f 4112/8/5 4050/8/5 4113/8/5
f 4113/8/5 4050/8/5 4049/8/5
f 4051/8/5 4021/8/5 4052/8/5
f 4052/8/5 4021/8/5 4020/8/5
f 4118/8/5 4115/8/5 4107/8/5
f 4107/8/5 4115/8/5 4114/8/5
f 4340/11/5 4054/11/5 4337/11/5
f 4337/11/5 4054/11/5 4053/11/5
f 4359/9/5 4119/9/5 4358/9/5
f 4358/9/5 4119/9/5 4099/9/5
f 4280/1/5 4444/1/5 4277/1/5
f 4277/1/5 4444/1/5 4443/1/5
f 4317/11/5 4023/11/5 4339/11/5
f 4339/11/5 4023/11/5 4055/11/5
f 4341/9/5 4058/9/5 4054/9/5
f 4054/9/5 4058/9/5 4057/9/5
f 4320/5/5 4025/5/5 4318/5/5
f 4318/5/5 4025/5/5 4024/5/5
f 4321/9/5 4028/9/5 4023/9/5
f 4023/9/5 4028/9/5 4027/9/5
f 4343/7/5 4061/7/5 4342/7/5
f 4342/7/5 4061/7/5 4060/7/5
f 4362/7/5 4122/7/5 4360/7/5
f 4360/7/5 4122/7/5 4121/7/5
f 4364/1/5 4124/1/5 4362/1/5
f 4362/1/5 4124/1/5 4122/1/5
f 4323/1/5 4031/1/5 4322/1/5
f 4322/1/5 4031/1/5 4030/1/5
f 4477/1/5 4215/1/5 4284/1/5
f 4284/1/5 4215/1/5 4214/1/5
f 4265/9/5 4218/9/5 4477/9/5
f 4477/9/5 4218/9/5 4215/9/5
f 4449/8/5 4288/8/5 4448/8/5
f 4448/8/5 4288/8/5 4466/8/5
f 4288/1/5 4478/1/5 4283/1/5
f 4283/1/5 4478/1/5 4447/1/5
f 4264/1/5 4220/1/5 4265/1/5
f 4265/1/5 4220/1/5 4218/1/5
f 4478/1/5 4285/1/5 4437/1/5
f 4437/1/5 4285/1/5 4271/1/5
f 4370/3/5 4367/3/5 4344/3/5
f 4344/3/5 4367/3/5 4065/3/5
f 4134/6/5 4379/6/5 4369/6/5
f 4369/6/5 4379/6/5 4368/6/5
f 4142/6/5 4135/6/5 4371/6/5
f 4371/6/5 4135/6/5 4134/6/5
f 4374/6/5 4139/6/5 4131/6/5
f 4131/6/5 4139/6/5 4138/6/5
f 4150/6/5 4143/6/5 4375/6/5
f 4375/6/5 4143/6/5 4142/6/5
f 4347/3/5 4066/3/5 4137/3/5
f 4137/3/5 4066/3/5 4380/3/5
f 4406/3/5 4201/3/5 4403/3/5
f 4403/3/5 4201/3/5 4200/3/5
f 4378/6/5 4147/6/5 4139/6/5
f 4139/6/5 4147/6/5 4146/6/5
f 4291/5/5 4151/5/5 4292/5/5
f 4292/5/5 4151/5/5 4150/5/5
f 4453/3/5 4294/3/5 4450/3/5
f 4450/3/5 4294/3/5 4293/3/5
f 4381/3/5 4154/3/5 4365/3/5
f 4365/3/5 4154/3/5 4126/3/5
f 4325/3/5 4033/3/5 4324/3/5
f 4324/3/5 4033/3/5 4032/3/5
f 4159/5/5 4157/5/5 4147/5/5
f 4147/5/5 4157/5/5 4156/5/5
f 4298/5/5 4205/5/5 4299/5/5
f 4299/5/5 4205/5/5 4204/5/5
f 4074/6/5 4035/6/5 4075/6/5
f 4075/6/5 4035/6/5 4034/6/5
f 4414/6/5 4223/6/5 4413/6/5
f 4413/6/5 4223/6/5 4222/6/5
f 4422/6/5 4241/6/5 4421/6/5
f 4421/6/5 4241/6/5 4240/6/5
f 4163/1/5 4388/1/5 4151/1/5
f 4151/1/5 4388/1/5 4381/1/5
f 4436/6/5 4457/6/5 4435/6/5
f 4435/6/5 4457/6/5 4456/6/5
f 4458/3/5 4306/3/5 4455/3/5
f 4455/3/5 4306/3/5 4305/3/5
f 4307/6/5 4267/6/5 4308/6/5
f 4308/6/5 4267/6/5 4266/6/5
f 4268/6/5 4247/6/5 4269/6/5
f 4269/6/5 4247/6/5 4246/6/5
f 4329/6/5 4037/6/5 4328/6/5
f 4328/6/5 4037/6/5 4036/6/5
f 4181/1/5 4160/1/5 4154/1/5
f 4154/1/5 4160/1/5 4159/1/5
f 4248/6/5 4227/6/5 4249/6/5
f 4249/6/5 4227/6/5 4226/6/5
f 4161/5/5 4079/5/5 4162/5/5
f 4162/5/5 4079/5/5 4078/5/5
f 4228/5/5 4207/5/5 4229/5/5
f 4229/5/5 4207/5/5 4206/5/5
f 4301/5/5 4164/5/5 4302/5/5
f 4302/5/5 4164/5/5 4163/5/5
f 4331/3/5 4041/3/5 4330/3/5
f 4330/3/5 4041/3/5 4040/3/5
f 4462/3/5 4310/3/5 4459/3/5
f 4459/3/5 4310/3/5 4309/3/5
f 4173/5/5 4167/5/5 4160/5/5
f 4160/5/5 4167/5/5 4166/5/5
f 4383/6/5 4170/6/5 4164/6/5
f 4164/6/5 4170/6/5 4169/6/5
f 4184/6/5 4174/6/5 4384/6/5
f 4384/6/5 4174/6/5 4173/6/5
f 4387/6/5 4178/6/5 4170/6/5
f 4170/6/5 4178/6/5 4177/6/5
f 4183/3/5 4191/3/5 4350/3/5
f 4350/3/5 4191/3/5 4082/3/5
f 4188/6/5 4185/6/5 4391/6/5
f 4391/6/5 4185/6/5 4184/6/5
f 4192/6/5 4189/6/5 4182/6/5
f 4182/6/5 4189/6/5 4188/6/5
f 4410/3/5 4209/3/5 4407/3/5
f 4407/3/5 4209/3/5 4208/3/5
f 4398/3/5 4193/3/5 4388/3/5
f 4388/3/5 4193/3/5 4181/3/5
f 4353/3/5 4083/3/5 4195/3/5
f 4195/3/5 4083/3/5 4190/3/5
f 4355/3/5 4087/3/5 4354/3/5
f 4354/3/5 4087/3/5 4086/3/5
f 4333/6/5 4401/6/5 4332/6/5
f 4332/6/5 4401/6/5 4400/6/5
f 4402/3/5 4197/3/5 4399/3/5
f 4399/3/5 4197/3/5 4196/3/5
f 4198/6/5 4043/6/5 4199/6/5
f 4199/6/5 4043/6/5 4042/6/5
f 4454/1/5 4303/1/5 4449/1/5
f 4449/1/5 4303/1/5 4288/1/5
f 4412/3/5 4213/3/5 4411/3/5
f 4411/3/5 4213/3/5 4212/3/5
f 4275/1/6 4260/1/6 4428/1/6
f 4428/1/6 4260/1/6 4427/1/6
f 4468/1/6 4428/1/6 4473/1/6
f 4473/1/6 4428/1/6 4287/1/6
f 4231/1/6 4230/1/6 4233/1/6
f 4233/1/6 4230/1/6 4417/1/6
f 4094/1/6 4479/1/6 4098/1/6
f 4098/1/6 4479/1/6 4252/1/6
f 4254/1/6 4253/1/6 4476/1/6
f 4476/1/6 4253/1/6 4472/1/6
f 4092/9/6 4091/9/6 4235/9/6
f 4235/9/6 4091/9/6 4236/9/6
f 4234/1/6 4233/1/6 4256/1/6
f 4256/1/6 4233/1/6 4257/1/6
f 4433/1/6 4432/1/6 4480/1/6
f 4480/1/6 4432/1/6 4479/1/6
f 4480/1/6 4093/1/6 4481/1/6
f 4481/1/6 4093/1/6 4357/1/6
f 4238/1/6 4237/1/6 4420/1/6
f 4420/1/6 4237/1/6 4234/1/6
f 4481/1/6 4356/1/6 4097/1/6
f 4097/1/6 4356/1/6 4098/1/6
f 4279/1/6 4274/1/6 4441/1/6
f 4441/1/6 4274/1/6 4438/1/6
f 2051/9/6 2050/9/6 3475/9/6
f 3475/9/6 2050/9/6 2048/9/6
f 4056/9/6 4022/9/6 4048/9/6
f 4048/9/6 4022/9/6 4019/9/6
f 4109/8/6 4101/8/6 4104/8/6
f 4104/8/6 4101/8/6 4105/8/6
f 4117/8/6 4104/8/6 4112/8/6
f 4112/8/6 4104/8/6 4113/8/6
f 4336/8/6 4335/8/6 4051/8/6
f 4051/8/6 4335/8/6 4052/8/6
f 4315/8/6 4314/8/6 3270/8/6
f 3270/8/6 4314/8/6 3267/8/6
f 4120/8/6 4108/8/6 4116/8/6
f 4116/8/6 4108/8/6 4117/8/6
f 4054/9/6 4053/9/6 4057/9/6
f 4057/9/6 4053/9/6 4047/9/6
f 4282/1/6 4278/1/6 4445/1/6
f 4445/1/6 4278/1/6 4442/1/6
f 4023/9/6 4055/9/6 4027/9/6
f 4027/9/6 4055/9/6 4059/9/6
f 3280/5/6 4319/5/6 3493/5/6
f 3493/5/6 4319/5/6 4026/5/6
f 2080/9/6 2074/9/6 3476/9/6
f 3476/9/6 2074/9/6 4029/9/6
f 4361/7/6 4343/7/6 4123/7/6
f 4123/7/6 4343/7/6 4061/7/6
f 4322/1/6 4363/1/6 4030/1/6
f 4030/1/6 4363/1/6 4125/1/6
f 4482/1/6 4062/1/6 4216/1/6
f 4216/1/6 4062/1/6 4217/1/6
f 4483/9/6 4482/9/6 4219/9/6
f 4219/9/6 4482/9/6 4216/9/6
f 4263/1/6 4262/1/6 4484/1/6
f 4484/1/6 4262/1/6 4446/1/6
f 4063/1/6 4483/1/6 4221/1/6
f 4221/1/6 4483/1/6 4219/1/6
f 4484/1/6 4463/1/6 4286/1/6
f 4286/1/6 4463/1/6 4474/1/6
f 4127/3/6 4404/3/6 4130/3/6
f 4130/3/6 4404/3/6 4203/3/6
f 4155/6/6 4128/6/6 4132/6/6
f 4132/6/6 4128/6/6 4133/6/6
f 4145/6/6 4372/6/6 4136/6/6
f 4136/6/6 4372/6/6 4137/6/6
f 4373/6/6 4132/6/6 4140/6/6
f 4140/6/6 4132/6/6 4141/6/6
f 4152/6/6 4376/6/6 4144/6/6
f 4144/6/6 4376/6/6 4145/6/6
f 4346/3/6 4345/3/6 4067/3/6
f 4067/3/6 4345/3/6 4068/3/6
f 4405/3/6 4153/3/6 4202/3/6
f 4202/3/6 4153/3/6 4131/3/6
f 4377/6/6 4140/6/6 4148/6/6
f 4148/6/6 4140/6/6 4149/6/6
f 4070/5/6 4069/5/6 4072/5/6
f 4072/5/6 4069/5/6 4152/5/6
f 4452/3/6 4451/3/6 4295/3/6
f 4295/3/6 4451/3/6 4296/3/6
f 4348/3/6 4366/3/6 4076/3/6
f 4076/3/6 4366/3/6 4129/3/6
f 4162/5/6 4148/5/6 4078/5/6
f 4078/5/6 4148/5/6 4158/5/6
f 4090/5/6 4044/5/6 4074/5/6
f 4074/5/6 4044/5/6 4075/5/6
f 4327/6/6 4326/6/6 3300/6/6
f 3300/6/6 4326/6/6 3297/6/6
f 4205/6/6 4204/6/6 4224/6/6
f 4224/6/6 4204/6/6 4225/6/6
f 4223/6/6 4222/6/6 4242/6/6
f 4242/6/6 4222/6/6 4243/6/6
f 4073/1/6 4072/1/6 4349/1/6
f 4349/1/6 4072/1/6 4348/1/6
f 4241/6/6 4240/6/6 4424/6/6
f 4424/6/6 4240/6/6 4423/6/6
f 4245/6/6 4244/6/6 4268/6/6
f 4268/6/6 4244/6/6 4269/6/6
f 4426/6/6 4425/6/6 4248/6/6
f 4248/6/6 4425/6/6 4249/6/6
f 2127/6/6 2126/6/6 4038/6/6
f 4038/6/6 2126/6/6 4039/6/6
f 4077/1/6 4076/1/6 4161/1/6
f 4161/1/6 4076/1/6 4162/1/6
f 4416/6/6 4415/6/6 4228/6/6
f 4228/6/6 4415/6/6 4229/6/6
f 4037/5/6 4036/5/6 4080/5/6
f 4080/5/6 4036/5/6 4081/5/6
f 4160/5/6 4159/5/6 4166/5/6
f 4166/5/6 4159/5/6 4157/5/6
f 4304/5/6 4088/5/6 4165/5/6
f 4165/5/6 4088/5/6 4073/5/6
f 4461/3/6 4460/3/6 4311/3/6
f 4311/3/6 4460/3/6 4312/3/6
f 4176/5/6 4161/5/6 4168/5/6
f 4168/5/6 4161/5/6 4079/5/6
f 4382/6/6 4165/6/6 4171/6/6
f 4171/6/6 4165/6/6 4172/6/6
f 4187/6/6 4385/6/6 4175/6/6
f 4175/6/6 4385/6/6 4176/6/6
f 4386/6/6 4171/6/6 4179/6/6
f 4179/6/6 4171/6/6 4180/6/6
f 4178/3/6 4408/3/6 4390/3/6
f 4390/3/6 4408/3/6 4211/3/6
f 4191/6/6 4392/6/6 4186/6/6
f 4186/6/6 4392/6/6 4187/6/6
f 4393/6/6 4179/6/6 4396/6/6
f 4396/6/6 4179/6/6 4389/6/6
f 4409/3/6 4394/3/6 4210/3/6
f 4210/3/6 4394/3/6 4395/3/6
f 4397/3/6 4349/3/6 4194/3/6
f 4194/3/6 4349/3/6 4077/3/6
f 4352/3/6 4351/3/6 4084/3/6
f 4084/3/6 4351/3/6 4085/3/6
f 2160/6/6 2159/6/6 3313/6/6
f 3313/6/6 2159/6/6 2153/6/6
f 2164/6/6 2163/6/6 2172/6/6
f 2172/6/6 2163/6/6 3314/6/6
f 4303/1/1 4485/1/1 2169/1/1
f 2169/1/1 4485/1/1 3880/1/1
f 4454/1/2 3317/1/2 4486/1/2
f 4486/1/2 3317/1/2 3984/1/2
f 3880/1/3 4485/1/3 3984/1/3
f 3984/1/3 4485/1/3 4486/1/3
f 4486/1/5 4485/1/5 4454/1/5
f 4454/1/5 4485/1/5 4303/1/5
