# Vengi binary mesh normalized for Tanks of Freedom II

mtllib ../../materials/vox_building.mtl
o tower

v -0.1 0.1 0.9
v -0.5 0.1 0.9
v -0.5 0.1 1
v -0.1 0.1 1
v -0.6 0.1 0.9
v -0.7 0.1 0.9
v -0.7 0.1 1
v -0.6 0.1 1
v -0.7 0.8 0.9
v -1.3 0.8 0.9
v -1.3 0.8 1
v -0.7 0.8 1
v -1.3 0.1 0.9
v -1.4 0.1 0.9
v -1.4 0.1 1
v -1.3 0.1 1
v -1.5 0.1 0.9
v -1.9 0.1 0.9
v -1.9 0.1 1
v -1.5 0.1 1
v -0.1 1.1 0.9
v -2 1.1 0.9
v -2 1.1 1
v -0.1 1.1 1
v 0 0.1 0.5
v -0.1 0.1 0.5
v 0 0.1 0.9
v -1.9 0.1 0.5
v -2 0.1 0.5
v -2 0.1 0.9
v 1.3 0.2 0.3
v 1.2 0.2 0.3
v 1.2 0.2 0.4
v 1.3 0.2 0.4
v 1.3 0.7 0.3
v 1.2 0.7 0.3
v 1.2 0.7 0.4
v 1.3 0.7 0.4
v 1.3 1 0.3
v 1.2 1 0.3
v 1.2 1 0.4
v 1.3 1 0.4
v 1.3 1.5 0.3
v 1.2 1.5 0.3
v 1.2 1.5 0.4
v 1.3 1.5 0.4
v 1.3 1.8 0.3
v 1.2 1.8 0.3
v 1.2 1.8 0.4
v 1.3 1.8 0.4
v 1.3 2.3 0.3
v 1.2 2.3 0.3
v 1.2 2.3 0.4
v 1.3 2.3 0.4
v 1.3 2.6 0.3
v 1.2 2.6 0.3
v 1.2 2.6 0.4
v 1.3 2.6 0.4
v 1.3 3.1 0.3
v 1.2 3.1 0.3
v 1.2 3.1 0.4
v 1.3 3.1 0.4
v 1.3 3.4 0.3
v 1.2 3.4 0.3
v 1.2 3.4 0.4
v 1.3 3.4 0.4
v 1.3 3.9 0.3
v 1.2 3.9 0.3
v 1.2 3.9 0.4
v 1.3 3.9 0.4
v 1.3 4.2 0.3
v 1.2 4.2 0.3
v 1.2 4.2 0.4
v 1.3 4.2 0.4
v 1.3 4.7 0.3
v 1.2 4.7 0.3
v 1.2 4.7 0.4
v 1.3 4.7 0.4
v 1.3 5 0.3
v 1.2 5 0.3
v 1.2 5 0.4
v 1.3 5 0.4
v 1.3 5.5 0.3
v 1.2 5.5 0.3
v 1.2 5.5 0.4
v 1.3 5.5 0.4
v 1.3 5.8 0.3
v 1.2 5.8 0.3
v 1.2 5.8 0.4
v 1.3 5.8 0.4
v 1.2 0.3 0.3
v 1.1 0.3 0.3
v 1.1 0.3 0.4
v 1.2 0.3 0.4
v 1.2 0.6 0.3
v 1.1 0.6 0.3
v 1.1 0.6 0.4
v 1.2 0.6 0.4
v 1.2 1.1 0.3
v 1.1 1.1 0.3
v 1.1 1.1 0.4
v 1.2 1.1 0.4
v 1.2 1.4 0.3
v 1.1 1.4 0.3
v 1.1 1.4 0.4
v 1.2 1.4 0.4
v 1.2 1.9 0.3
v 1.1 1.9 0.3
v 1.1 1.9 0.4
v 1.2 1.9 0.4
v 1.2 2.2 0.3
v 1.1 2.2 0.3
v 1.1 2.2 0.4
v 1.2 2.2 0.4
v 1.2 2.7 0.3
v 1.1 2.7 0.3
v 1.1 2.7 0.4
v 1.2 2.7 0.4
v 1.2 3 0.3
v 1.1 3 0.3
v 1.1 3 0.4
v 1.2 3 0.4
v 1.2 3.5 0.3
v 1.1 3.5 0.3
v 1.1 3.5 0.4
v 1.2 3.5 0.4
v 1.2 3.8 0.3
v 1.1 3.8 0.3
v 1.1 3.8 0.4
v 1.2 3.8 0.4
v 1.2 4.3 0.3
v 1.1 4.3 0.3
v 1.1 4.3 0.4
v 1.2 4.3 0.4
v 1.2 4.6 0.3
v 1.1 4.6 0.3
v 1.1 4.6 0.4
v 1.2 4.6 0.4
v 1.2 5.1 0.3
v 1.1 5.1 0.3
v 1.1 5.1 0.4
v 1.2 5.1 0.4
v 1.2 5.4 0.3
v 1.1 5.4 0.3
v 1.1 5.4 0.4
v 1.2 5.4 0.4
v 1.2 5.9 0.3
v 1.1 5.9 0.3
v 1.1 5.9 0.4
v 1.2 5.9 0.4
v 1.2 6.2 0.3
v 1.1 6.2 0.3
v 1.1 6.2 0.4
v 1.2 6.2 0.4
v 1.1 0.5 0.3
v 0.9 0.5 0.3
v 0.9 0.5 0.4
v 1.1 0.5 0.4
v 1.1 1.3 0.3
v 0.9 1.3 0.3
v 0.9 1.3 0.4
v 1.1 1.3 0.4
v 1.1 2.1 0.3
v 0.9 2.1 0.3
v 0.9 2.1 0.4
v 1.1 2.1 0.4
v 1.1 2.9 0.3
v 0.9 2.9 0.3
v 0.9 2.9 0.4
v 1.1 2.9 0.4
v 1.1 3.7 0.3
v 0.9 3.7 0.3
v 0.9 3.7 0.4
v 1.1 3.7 0.4
v 1.1 4.5 0.3
v 0.9 4.5 0.3
v 0.9 4.5 0.4
v 1.1 4.5 0.4
v 1.1 5.3 0.3
v 0.9 5.3 0.3
v 0.9 5.3 0.4
v 1.1 5.3 0.4
v 1.1 6.1 0.3
v 0.9 6.1 0.3
v 0.9 6.1 0.4
v 1.1 6.1 0.4
v 0.9 0.3 0.3
v 0.8 0.3 0.3
v 0.8 0.3 0.4
v 0.9 0.3 0.4
v 0.9 0.6 0.3
v 0.8 0.6 0.3
v 0.8 0.6 0.4
v 0.9 0.6 0.4
v 0.9 1.1 0.3
v 0.8 1.1 0.3
v 0.8 1.1 0.4
v 0.9 1.1 0.4
v 0.9 1.4 0.3
v 0.8 1.4 0.3
v 0.8 1.4 0.4
v 0.9 1.4 0.4
v 0.9 1.9 0.3
v 0.8 1.9 0.3
v 0.8 1.9 0.4
v 0.9 1.9 0.4
v 0.9 2.2 0.3
v 0.8 2.2 0.3
v 0.8 2.2 0.4
v 0.9 2.2 0.4
v 0.9 2.7 0.3
v 0.8 2.7 0.3
v 0.8 2.7 0.4
v 0.9 2.7 0.4
v 0.9 3 0.3
v 0.8 3 0.3
v 0.8 3 0.4
v 0.9 3 0.4
v 0.9 3.5 0.3
v 0.8 3.5 0.3
v 0.8 3.5 0.4
v 0.9 3.5 0.4
v 0.9 3.8 0.3
v 0.8 3.8 0.3
v 0.8 3.8 0.4
v 0.9 3.8 0.4
v 0.9 4.3 0.3
v 0.8 4.3 0.3
v 0.8 4.3 0.4
v 0.9 4.3 0.4
v 0.9 4.6 0.3
v 0.8 4.6 0.3
v 0.8 4.6 0.4
v 0.9 4.6 0.4
v 0.9 5.1 0.3
v 0.8 5.1 0.3
v 0.8 5.1 0.4
v 0.9 5.1 0.4
v 0.9 5.4 0.3
v 0.8 5.4 0.3
v 0.8 5.4 0.4
v 0.9 5.4 0.4
v 0.9 5.9 0.3
v 0.8 5.9 0.3
v 0.8 5.9 0.4
v 0.9 5.9 0.4
v 0.9 6.2 0.3
v 0.8 6.2 0.3
v 0.8 6.2 0.4
v 0.9 6.2 0.4
v 0.8 0.2 0.3
v 0.7 0.2 0.3
v 0.7 0.2 0.4
v 0.8 0.2 0.4
v 0.8 0.7 0.3
v 0.7 0.7 0.3
v 0.7 0.7 0.4
v 0.8 0.7 0.4
v 0.8 1 0.3
v 0.7 1 0.3
v 0.7 1 0.4
v 0.8 1 0.4
v 0.8 1.5 0.3
v 0.7 1.5 0.3
v 0.7 1.5 0.4
v 0.8 1.5 0.4
v 0.8 1.8 0.3
v 0.7 1.8 0.3
v 0.7 1.8 0.4
v 0.8 1.8 0.4
v 0.8 2.3 0.3
v 0.7 2.3 0.3
v 0.7 2.3 0.4
v 0.8 2.3 0.4
v 0.8 2.6 0.3
v 0.7 2.6 0.3
v 0.7 2.6 0.4
v 0.8 2.6 0.4
v 0.8 3.1 0.3
v 0.7 3.1 0.3
v 0.7 3.1 0.4
v 0.8 3.1 0.4
v 0.8 3.4 0.3
v 0.7 3.4 0.3
v 0.7 3.4 0.4
v 0.8 3.4 0.4
v 0.8 3.9 0.3
v 0.7 3.9 0.3
v 0.7 3.9 0.4
v 0.8 3.9 0.4
v 0.8 4.2 0.3
v 0.7 4.2 0.3
v 0.7 4.2 0.4
v 0.8 4.2 0.4
v 0.8 4.7 0.3
v 0.7 4.7 0.3
v 0.7 4.7 0.4
v 0.8 4.7 0.4
v 0.8 5 0.3
v 0.7 5 0.3
v 0.7 5 0.4
v 0.8 5 0.4
v 0.8 5.5 0.3
v 0.7 5.5 0.3
v 0.7 5.5 0.4
v 0.8 5.5 0.4
v 0.8 5.8 0.3
v 0.7 5.8 0.3
v 0.7 5.8 0.4
v 0.8 5.8 0.4
v 1.4 0.2 0.2
v 1.3 0.2 0.2
v 1.4 0.2 0.3
v 1.4 0.7 0.2
v 1.3 0.7 0.2
v 1.4 0.7 0.3
v 1.4 1 0.2
v 1.3 1 0.2
v 1.4 1 0.3
v 1.4 1.5 0.2
v 1.3 1.5 0.2
v 1.4 1.5 0.3
v 1.4 1.8 0.2
v 1.3 1.8 0.2
v 1.4 1.8 0.3
v 1.4 2.3 0.2
v 1.3 2.3 0.2
v 1.4 2.3 0.3
v 1.4 2.6 0.2
v 1.3 2.6 0.2
v 1.4 2.6 0.3
v 1.4 3.1 0.2
v 1.3 3.1 0.2
v 1.4 3.1 0.3
v 1.4 3.4 0.2
v 1.3 3.4 0.2
v 1.4 3.4 0.3
v 1.4 3.9 0.2
v 1.3 3.9 0.2
v 1.4 3.9 0.3
v 1.4 4.2 0.2
v 1.3 4.2 0.2
v 1.4 4.2 0.3
v 1.4 4.7 0.2
v 1.3 4.7 0.2
v 1.4 4.7 0.3
v 1.4 5 0.2
v 1.3 5 0.2
v 1.4 5 0.3
v 1.4 5.5 0.2
v 1.3 5.5 0.2
v 1.4 5.5 0.3
v 1.4 5.8 0.2
v 1.3 5.8 0.2
v 1.4 5.8 0.3
v 0.7 0.2 0.2
v 0.6 0.2 0.2
v 0.6 0.2 0.3
v 0.7 0.7 0.2
v 0.6 0.7 0.2
v 0.6 0.7 0.3
v 0.7 1 0.2
v 0.6 1 0.2
v 0.6 1 0.3
v 0.7 1.5 0.2
v 0.6 1.5 0.2
v 0.6 1.5 0.3
v 0.7 1.8 0.2
v 0.6 1.8 0.2
v 0.6 1.8 0.3
v 0.7 2.3 0.2
v 0.6 2.3 0.2
v 0.6 2.3 0.3
v 0.7 2.6 0.2
v 0.6 2.6 0.2
v 0.6 2.6 0.3
v 0.7 3.1 0.2
v 0.6 3.1 0.2
v 0.6 3.1 0.3
v 0.7 3.4 0.2
v 0.6 3.4 0.2
v 0.6 3.4 0.3
v 0.7 3.9 0.2
v 0.6 3.9 0.2
v 0.6 3.9 0.3
v 0.7 4.2 0.2
v 0.6 4.2 0.2
v 0.6 4.2 0.3
v 0.7 4.7 0.2
v 0.6 4.7 0.2
v 0.6 4.7 0.3
v 0.7 5 0.2
v 0.6 5 0.2
v 0.6 5 0.3
v 0.7 5.5 0.2
v 0.6 5.5 0.2
v 0.6 5.5 0.3
v 0.7 5.8 0.2
v 0.6 5.8 0.2
v 0.6 5.8 0.3
v 1.4 0.3 0.1
v 1.3 0.3 0.1
v 1.3 0.3 0.2
v 1.4 0.3 0.2
v 1.4 0.6 0.1
v 1.3 0.6 0.1
v 1.3 0.6 0.2
v 1.4 0.6 0.2
v 1.4 1.1 0.1
v 1.3 1.1 0.1
v 1.3 1.1 0.2
v 1.4 1.1 0.2
v 1.4 1.4 0.1
v 1.3 1.4 0.1
v 1.3 1.4 0.2
v 1.4 1.4 0.2
v 1.4 1.9 0.1
v 1.3 1.9 0.1
v 1.3 1.9 0.2
v 1.4 1.9 0.2
v 1.4 2.2 0.1
v 1.3 2.2 0.1
v 1.3 2.2 0.2
v 1.4 2.2 0.2
v 1.4 2.7 0.1
v 1.3 2.7 0.1
v 1.3 2.7 0.2
v 1.4 2.7 0.2
v 1.4 3 0.1
v 1.3 3 0.1
v 1.3 3 0.2
v 1.4 3 0.2
v 1.4 3.5 0.1
v 1.3 3.5 0.1
v 1.3 3.5 0.2
v 1.4 3.5 0.2
v 1.4 3.8 0.1
v 1.3 3.8 0.1
v 1.3 3.8 0.2
v 1.4 3.8 0.2
v 1.4 4.3 0.1
v 1.3 4.3 0.1
v 1.3 4.3 0.2
v 1.4 4.3 0.2
v 1.4 4.6 0.1
v 1.3 4.6 0.1
v 1.3 4.6 0.2
v 1.4 4.6 0.2
v 1.4 5.1 0.1
v 1.3 5.1 0.1
v 1.3 5.1 0.2
v 1.4 5.1 0.2
v 1.4 5.4 0.1
v 1.3 5.4 0.1
v 1.3 5.4 0.2
v 1.4 5.4 0.2
v 1.4 5.9 0.1
v 1.3 5.9 0.1
v 1.3 5.9 0.2
v 1.4 5.9 0.2
v 1.4 6.2 0.1
v 1.3 6.2 0.1
v 1.3 6.2 0.2
v 1.4 6.2 0.2
v 0.7 0.3 0.1
v 0.6 0.3 0.1
v 0.6 0.3 0.2
v 0.7 0.3 0.2
v 0.7 0.6 0.1
v 0.6 0.6 0.1
v 0.6 0.6 0.2
v 0.7 0.6 0.2
v 0.7 1.1 0.1
v 0.6 1.1 0.1
v 0.6 1.1 0.2
v 0.7 1.1 0.2
v 0.7 1.4 0.1
v 0.6 1.4 0.1
v 0.6 1.4 0.2
v 0.7 1.4 0.2
v 0.7 1.9 0.1
v 0.6 1.9 0.1
v 0.6 1.9 0.2
v 0.7 1.9 0.2
v 0.7 2.2 0.1
v 0.6 2.2 0.1
v 0.6 2.2 0.2
v 0.7 2.2 0.2
v 0.7 2.7 0.1
v 0.6 2.7 0.1
v 0.6 2.7 0.2
v 0.7 2.7 0.2
v 0.7 3 0.1
v 0.6 3 0.1
v 0.6 3 0.2
v 0.7 3 0.2
v 0.7 3.5 0.1
v 0.6 3.5 0.1
v 0.6 3.5 0.2
v 0.7 3.5 0.2
v 0.7 3.8 0.1
v 0.6 3.8 0.1
v 0.6 3.8 0.2
v 0.7 3.8 0.2
v 0.7 4.3 0.1
v 0.6 4.3 0.1
v 0.6 4.3 0.2
v 0.7 4.3 0.2
v 0.7 4.6 0.1
v 0.6 4.6 0.1
v 0.6 4.6 0.2
v 0.7 4.6 0.2
v 0.7 5.1 0.1
v 0.6 5.1 0.1
v 0.6 5.1 0.2
v 0.7 5.1 0.2
v 0.7 5.4 0.1
v 0.6 5.4 0.1
v 0.6 5.4 0.2
v 0.7 5.4 0.2
v 0.7 5.9 0.1
v 0.6 5.9 0.1
v 0.6 5.9 0.2
v 0.7 5.9 0.2
v 0.7 6.2 0.1
v 0.6 6.2 0.1
v 0.6 6.2 0.2
v 0.7 6.2 0.2
v 0 0.1 0
v -0.1 0.1 0
v -0.1 0.1 0.4
v 0 0.1 0.4
v -0.7 1 0
v -1.9 1 0
v -1.9 1 0.9
v -0.7 1 0.9
v -1.9 0.1 0
v -2 0.1 0
v -2 0.1 0.4
v -1.9 0.1 0.4
v 1.4 0.5 -0.1
v 1.3 0.5 -0.1
v 1.3 0.5 0.1
v 1.4 0.5 0.1
v 1.4 1.3 -0.1
v 1.3 1.3 -0.1
v 1.3 1.3 0.1
v 1.4 1.3 0.1
v 1.4 2.1 -0.1
v 1.3 2.1 -0.1
v 1.3 2.1 0.1
v 1.4 2.1 0.1
v 1.4 2.9 -0.1
v 1.3 2.9 -0.1
v 1.3 2.9 0.1
v 1.4 2.9 0.1
v 1.4 3.7 -0.1
v 1.3 3.7 -0.1
v 1.3 3.7 0.1
v 1.4 3.7 0.1
v 1.4 4.5 -0.1
v 1.3 4.5 -0.1
v 1.3 4.5 0.1
v 1.4 4.5 0.1
v 1.4 5.3 -0.1
v 1.3 5.3 -0.1
v 1.3 5.3 0.1
v 1.4 5.3 0.1
v 1.4 6.1 -0.1
v 1.3 6.1 -0.1
v 1.3 6.1 0.1
v 1.4 6.1 0.1
v 0.7 0.5 -0.1
v 0.6 0.5 -0.1
v 0.6 0.5 0.1
v 0.7 0.5 0.1
v 0.7 1.3 -0.1
v 0.6 1.3 -0.1
v 0.6 1.3 0.1
v 0.7 1.3 0.1
v 0.7 2.1 -0.1
v 0.6 2.1 -0.1
v 0.6 2.1 0.1
v 0.7 2.1 0.1
v 0.7 2.9 -0.1
v 0.6 2.9 -0.1
v 0.6 2.9 0.1
v 0.7 2.9 0.1
v 0.7 3.7 -0.1
v 0.6 3.7 -0.1
v 0.6 3.7 0.1
v 0.7 3.7 0.1
v 0.7 4.5 -0.1
v 0.6 4.5 -0.1
v 0.6 4.5 0.1
v 0.7 4.5 0.1
v 0.7 5.3 -0.1
v 0.6 5.3 -0.1
v 0.6 5.3 0.1
v 0.7 5.3 0.1
v 0.7 6.1 -0.1
v 0.6 6.1 -0.1
v 0.6 6.1 0.1
v 0.7 6.1 0.1
v 1.4 0.3 -0.2
v 1.3 0.3 -0.2
v 1.3 0.3 -0.1
v 1.4 0.3 -0.1
v 1.4 0.6 -0.2
v 1.3 0.6 -0.2
v 1.3 0.6 -0.1
v 1.4 0.6 -0.1
v 1.4 1.1 -0.2
v 1.3 1.1 -0.2
v 1.3 1.1 -0.1
v 1.4 1.1 -0.1
v 1.4 1.4 -0.2
v 1.3 1.4 -0.2
v 1.3 1.4 -0.1
v 1.4 1.4 -0.1
v 1.4 1.9 -0.2
v 1.3 1.9 -0.2
v 1.3 1.9 -0.1
v 1.4 1.9 -0.1
v 1.4 2.2 -0.2
v 1.3 2.2 -0.2
v 1.3 2.2 -0.1
v 1.4 2.2 -0.1
v 1.4 2.7 -0.2
v 1.3 2.7 -0.2
v 1.3 2.7 -0.1
v 1.4 2.7 -0.1
v 1.4 3 -0.2
v 1.3 3 -0.2
v 1.3 3 -0.1
v 1.4 3 -0.1
v 1.4 3.5 -0.2
v 1.3 3.5 -0.2
v 1.3 3.5 -0.1
v 1.4 3.5 -0.1
v 1.4 3.8 -0.2
v 1.3 3.8 -0.2
v 1.3 3.8 -0.1
v 1.4 3.8 -0.1
v 1.4 4.3 -0.2
v 1.3 4.3 -0.2
v 1.3 4.3 -0.1
v 1.4 4.3 -0.1
v 1.4 4.6 -0.2
v 1.3 4.6 -0.2
v 1.3 4.6 -0.1
v 1.4 4.6 -0.1
v 1.4 5.1 -0.2
v 1.3 5.1 -0.2
v 1.3 5.1 -0.1
v 1.4 5.1 -0.1
v 1.4 5.4 -0.2
v 1.3 5.4 -0.2
v 1.3 5.4 -0.1
v 1.4 5.4 -0.1
v 1.4 5.9 -0.2
v 1.3 5.9 -0.2
v 1.3 5.9 -0.1
v 1.4 5.9 -0.1
v 1.4 6.2 -0.2
v 1.3 6.2 -0.2
v 1.3 6.2 -0.1
v 1.4 6.2 -0.1
v 0.7 0.3 -0.2
v 0.6 0.3 -0.2
v 0.6 0.3 -0.1
v 0.7 0.3 -0.1
v 0.7 0.6 -0.2
v 0.6 0.6 -0.2
v 0.6 0.6 -0.1
v 0.7 0.6 -0.1
v 0.7 1.1 -0.2
v 0.6 1.1 -0.2
v 0.6 1.1 -0.1
v 0.7 1.1 -0.1
v 0.7 1.4 -0.2
v 0.6 1.4 -0.2
v 0.6 1.4 -0.1
v 0.7 1.4 -0.1
v 0.7 1.9 -0.2
v 0.6 1.9 -0.2
v 0.6 1.9 -0.1
v 0.7 1.9 -0.1
v 0.7 2.2 -0.2
v 0.6 2.2 -0.2
v 0.6 2.2 -0.1
v 0.7 2.2 -0.1
v 0.7 2.7 -0.2
v 0.6 2.7 -0.2
v 0.6 2.7 -0.1
v 0.7 2.7 -0.1
v 0.7 3 -0.2
v 0.6 3 -0.2
v 0.6 3 -0.1
v 0.7 3 -0.1
v 0.7 3.5 -0.2
v 0.6 3.5 -0.2
v 0.6 3.5 -0.1
v 0.7 3.5 -0.1
v 0.7 3.8 -0.2
v 0.6 3.8 -0.2
v 0.6 3.8 -0.1
v 0.7 3.8 -0.1
v 0.7 4.3 -0.2
v 0.6 4.3 -0.2
v 0.6 4.3 -0.1
v 0.7 4.3 -0.1
v 0.7 4.6 -0.2
v 0.6 4.6 -0.2
v 0.6 4.6 -0.1
v 0.7 4.6 -0.1
v 0.7 5.1 -0.2
v 0.6 5.1 -0.2
v 0.6 5.1 -0.1
v 0.7 5.1 -0.1
v 0.7 5.4 -0.2
v 0.6 5.4 -0.2
v 0.6 5.4 -0.1
v 0.7 5.4 -0.1
v 0.7 5.9 -0.2
v 0.6 5.9 -0.2
v 0.6 5.9 -0.1
v 0.7 5.9 -0.1
v 0.7 6.2 -0.2
v 0.6 6.2 -0.2
v 0.6 6.2 -0.1
v 0.7 6.2 -0.1
v 1.4 0.2 -0.3
v 1.3 0.2 -0.3
v 1.3 0.2 -0.2
v 1.4 0.2 -0.2
v 1.4 0.7 -0.3
v 1.3 0.7 -0.3
v 1.3 0.7 -0.2
v 1.4 0.7 -0.2
v 1.4 1 -0.3
v 1.3 1 -0.3
v 1.3 1 -0.2
v 1.4 1 -0.2
v 1.4 1.5 -0.3
v 1.3 1.5 -0.3
v 1.3 1.5 -0.2
v 1.4 1.5 -0.2
v 1.4 1.8 -0.3
v 1.3 1.8 -0.3
v 1.3 1.8 -0.2
v 1.4 1.8 -0.2
v 1.4 2.3 -0.3
v 1.3 2.3 -0.3
v 1.3 2.3 -0.2
v 1.4 2.3 -0.2
v 1.4 2.6 -0.3
v 1.3 2.6 -0.3
v 1.3 2.6 -0.2
v 1.4 2.6 -0.2
v 1.4 3.1 -0.3
v 1.3 3.1 -0.3
v 1.3 3.1 -0.2
v 1.4 3.1 -0.2
v 1.4 3.4 -0.3
v 1.3 3.4 -0.3
v 1.3 3.4 -0.2
v 1.4 3.4 -0.2
v 1.4 3.9 -0.3
v 1.3 3.9 -0.3
v 1.3 3.9 -0.2
v 1.4 3.9 -0.2
v 1.4 4.2 -0.3
v 1.3 4.2 -0.3
v 1.3 4.2 -0.2
v 1.4 4.2 -0.2
v 1.4 4.7 -0.3
v 1.3 4.7 -0.3
v 1.3 4.7 -0.2
v 1.4 4.7 -0.2
v 1.4 5 -0.3
v 1.3 5 -0.3
v 1.3 5 -0.2
v 1.4 5 -0.2
v 1.4 5.5 -0.3
v 1.3 5.5 -0.3
v 1.3 5.5 -0.2
v 1.4 5.5 -0.2
v 1.4 5.8 -0.3
v 1.3 5.8 -0.3
v 1.3 5.8 -0.2
v 1.4 5.8 -0.2
v 0.7 0.2 -0.3
v 0.6 0.2 -0.3
v 0.6 0.2 -0.2
v 0.7 0.2 -0.2
v 0.7 0.7 -0.3
v 0.6 0.7 -0.3
v 0.6 0.7 -0.2
v 0.7 0.7 -0.2
v 0.7 1 -0.3
v 0.6 1 -0.3
v 0.6 1 -0.2
v 0.7 1 -0.2
v 0.7 1.5 -0.3
v 0.6 1.5 -0.3
v 0.6 1.5 -0.2
v 0.7 1.5 -0.2
v 0.7 1.8 -0.3
v 0.6 1.8 -0.3
v 0.6 1.8 -0.2
v 0.7 1.8 -0.2
v 0.7 2.3 -0.3
v 0.6 2.3 -0.3
v 0.6 2.3 -0.2
v 0.7 2.3 -0.2
v 0.7 2.6 -0.3
v 0.6 2.6 -0.3
v 0.6 2.6 -0.2
v 0.7 2.6 -0.2
v 0.7 3.1 -0.3
v 0.6 3.1 -0.3
v 0.6 3.1 -0.2
v 0.7 3.1 -0.2
v 0.7 3.4 -0.3
v 0.6 3.4 -0.3
v 0.6 3.4 -0.2
v 0.7 3.4 -0.2
v 0.7 3.9 -0.3
v 0.6 3.9 -0.3
v 0.6 3.9 -0.2
v 0.7 3.9 -0.2
v 0.7 4.2 -0.3
v 0.6 4.2 -0.3
v 0.6 4.2 -0.2
v 0.7 4.2 -0.2
v 0.7 4.7 -0.3
v 0.6 4.7 -0.3
v 0.6 4.7 -0.2
v 0.7 4.7 -0.2
v 0.7 5 -0.3
v 0.6 5 -0.3
v 0.6 5 -0.2
v 0.7 5 -0.2
v 0.7 5.5 -0.3
v 0.6 5.5 -0.3
v 0.6 5.5 -0.2
v 0.7 5.5 -0.2
v 0.7 5.8 -0.3
v 0.6 5.8 -0.3
v 0.6 5.8 -0.2
v 0.7 5.8 -0.2
v 1.3 0.2 -0.4
v 1.2 0.2 -0.4
v 1.2 0.2 -0.3
v 1.3 0.7 -0.4
v 1.2 0.7 -0.4
v 1.2 0.7 -0.3
v 1.3 1 -0.4
v 1.2 1 -0.4
v 1.2 1 -0.3
v 1.3 1.5 -0.4
v 1.2 1.5 -0.4
v 1.2 1.5 -0.3
v 1.3 1.8 -0.4
v 1.2 1.8 -0.4
v 1.2 1.8 -0.3
v 1.3 2.3 -0.4
v 1.2 2.3 -0.4
v 1.2 2.3 -0.3
v 1.3 2.6 -0.4
v 1.2 2.6 -0.4
v 1.2 2.6 -0.3
v 1.3 3.1 -0.4
v 1.2 3.1 -0.4
v 1.2 3.1 -0.3
v 1.3 3.4 -0.4
v 1.2 3.4 -0.4
v 1.2 3.4 -0.3
v 1.3 3.9 -0.4
v 1.2 3.9 -0.4
v 1.2 3.9 -0.3
v 1.3 4.2 -0.4
v 1.2 4.2 -0.4
v 1.2 4.2 -0.3
v 1.3 4.7 -0.4
v 1.2 4.7 -0.4
v 1.2 4.7 -0.3
v 1.3 5 -0.4
v 1.2 5 -0.4
v 1.2 5 -0.3
v 1.3 5.5 -0.4
v 1.2 5.5 -0.4
v 1.2 5.5 -0.3
v 1.3 5.8 -0.4
v 1.2 5.8 -0.4
v 1.2 5.8 -0.3
v 1.2 0.3 -0.4
v 1.1 0.3 -0.4
v 1.1 0.3 -0.3
v 1.2 0.3 -0.3
v 1.2 0.6 -0.4
v 1.1 0.6 -0.4
v 1.1 0.6 -0.3
v 1.2 0.6 -0.3
v 1.2 1.1 -0.4
v 1.1 1.1 -0.4
v 1.1 1.1 -0.3
v 1.2 1.1 -0.3
v 1.2 1.4 -0.4
v 1.1 1.4 -0.4
v 1.1 1.4 -0.3
v 1.2 1.4 -0.3
v 1.2 1.9 -0.4
v 1.1 1.9 -0.4
v 1.1 1.9 -0.3
v 1.2 1.9 -0.3
v 1.2 2.2 -0.4
v 1.1 2.2 -0.4
v 1.1 2.2 -0.3
v 1.2 2.2 -0.3
v 1.2 2.7 -0.4
v 1.1 2.7 -0.4
v 1.1 2.7 -0.3
v 1.2 2.7 -0.3
v 1.2 3 -0.4
v 1.1 3 -0.4
v 1.1 3 -0.3
v 1.2 3 -0.3
v 1.2 3.5 -0.4
v 1.1 3.5 -0.4
v 1.1 3.5 -0.3
v 1.2 3.5 -0.3
v 1.2 3.8 -0.4
v 1.1 3.8 -0.4
v 1.1 3.8 -0.3
v 1.2 3.8 -0.3
v 1.2 4.3 -0.4
v 1.1 4.3 -0.4
v 1.1 4.3 -0.3
v 1.2 4.3 -0.3
v 1.2 4.6 -0.4
v 1.1 4.6 -0.4
v 1.1 4.6 -0.3
v 1.2 4.6 -0.3
v 1.2 5.1 -0.4
v 1.1 5.1 -0.4
v 1.1 5.1 -0.3
v 1.2 5.1 -0.3
v 1.2 5.4 -0.4
v 1.1 5.4 -0.4
v 1.1 5.4 -0.3
v 1.2 5.4 -0.3
v 1.2 5.9 -0.4
v 1.1 5.9 -0.4
v 1.1 5.9 -0.3
v 1.2 5.9 -0.3
v 1.2 6.2 -0.4
v 1.1 6.2 -0.4
v 1.1 6.2 -0.3
v 1.2 6.2 -0.3
v 1.1 0.5 -0.4
v 0.9 0.5 -0.4
v 0.9 0.5 -0.3
v 1.1 0.5 -0.3
v 1.1 1.3 -0.4
v 0.9 1.3 -0.4
v 0.9 1.3 -0.3
v 1.1 1.3 -0.3
v 1.1 2.1 -0.4
v 0.9 2.1 -0.4
v 0.9 2.1 -0.3
v 1.1 2.1 -0.3
v 1.1 2.9 -0.4
v 0.9 2.9 -0.4
v 0.9 2.9 -0.3
v 1.1 2.9 -0.3
v 1.1 3.7 -0.4
v 0.9 3.7 -0.4
v 0.9 3.7 -0.3
v 1.1 3.7 -0.3
v 1.1 4.5 -0.4
v 0.9 4.5 -0.4
v 0.9 4.5 -0.3
v 1.1 4.5 -0.3
v 1.1 5.3 -0.4
v 0.9 5.3 -0.4
v 0.9 5.3 -0.3
v 1.1 5.3 -0.3
v 1.1 6.1 -0.4
v 0.9 6.1 -0.4
v 0.9 6.1 -0.3
v 1.1 6.1 -0.3
v 0.9 0.3 -0.4
v 0.8 0.3 -0.4
v 0.8 0.3 -0.3
v 0.9 0.3 -0.3
v 0.9 0.6 -0.4
v 0.8 0.6 -0.4
v 0.8 0.6 -0.3
v 0.9 0.6 -0.3
v 0.9 1.1 -0.4
v 0.8 1.1 -0.4
v 0.8 1.1 -0.3
v 0.9 1.1 -0.3
v 0.9 1.4 -0.4
v 0.8 1.4 -0.4
v 0.8 1.4 -0.3
v 0.9 1.4 -0.3
v 0.9 1.9 -0.4
v 0.8 1.9 -0.4
v 0.8 1.9 -0.3
v 0.9 1.9 -0.3
v 0.9 2.2 -0.4
v 0.8 2.2 -0.4
v 0.8 2.2 -0.3
v 0.9 2.2 -0.3
v 0.9 2.7 -0.4
v 0.8 2.7 -0.4
v 0.8 2.7 -0.3
v 0.9 2.7 -0.3
v 0.9 3 -0.4
v 0.8 3 -0.4
v 0.8 3 -0.3
v 0.9 3 -0.3
v 0.9 3.5 -0.4
v 0.8 3.5 -0.4
v 0.8 3.5 -0.3
v 0.9 3.5 -0.3
v 0.9 3.8 -0.4
v 0.8 3.8 -0.4
v 0.8 3.8 -0.3
v 0.9 3.8 -0.3
v 0.9 4.3 -0.4
v 0.8 4.3 -0.4
v 0.8 4.3 -0.3
v 0.9 4.3 -0.3
v 0.9 4.6 -0.4
v 0.8 4.6 -0.4
v 0.8 4.6 -0.3
v 0.9 4.6 -0.3
v 0.9 5.1 -0.4
v 0.8 5.1 -0.4
v 0.8 5.1 -0.3
v 0.9 5.1 -0.3
v 0.9 5.4 -0.4
v 0.8 5.4 -0.4
v 0.8 5.4 -0.3
v 0.9 5.4 -0.3
v 0.9 5.9 -0.4
v 0.8 5.9 -0.4
v 0.8 5.9 -0.3
v 0.9 5.9 -0.3
v 0.9 6.2 -0.4
v 0.8 6.2 -0.4
v 0.8 6.2 -0.3
v 0.9 6.2 -0.3
v 0.8 0.2 -0.4
v 0.7 0.2 -0.4
v 0.8 0.2 -0.3
v 0.8 0.7 -0.4
v 0.7 0.7 -0.4
v 0.8 0.7 -0.3
v 0.8 1 -0.4
v 0.7 1 -0.4
v 0.8 1 -0.3
v 0.8 1.5 -0.4
v 0.7 1.5 -0.4
v 0.8 1.5 -0.3
v 0.8 1.8 -0.4
v 0.7 1.8 -0.4
v 0.8 1.8 -0.3
v 0.8 2.3 -0.4
v 0.7 2.3 -0.4
v 0.8 2.3 -0.3
v 0.8 2.6 -0.4
v 0.7 2.6 -0.4
v 0.8 2.6 -0.3
v 0.8 3.1 -0.4
v 0.7 3.1 -0.4
v 0.8 3.1 -0.3
v 0.8 3.4 -0.4
v 0.7 3.4 -0.4
v 0.8 3.4 -0.3
v 0.8 3.9 -0.4
v 0.7 3.9 -0.4
v 0.8 3.9 -0.3
v 0.8 4.2 -0.4
v 0.7 4.2 -0.4
v 0.8 4.2 -0.3
v 0.8 4.7 -0.4
v 0.7 4.7 -0.4
v 0.8 4.7 -0.3
v 0.8 5 -0.4
v 0.7 5 -0.4
v 0.8 5 -0.3
v 0.8 5.5 -0.4
v 0.7 5.5 -0.4
v 0.8 5.5 -0.3
v 0.8 5.8 -0.4
v 0.7 5.8 -0.4
v 0.8 5.8 -0.3
v 0 0.1 -0.5
v -0.1 0.1 -0.5
v -0.1 0.1 -0.1
v 0 0.1 -0.1
v -0.8 1.2 -0.5
v -0.9 1.2 -0.5
v -0.9 1.2 -0.4
v -0.8 1.2 -0.4
v -0.9 1.1 -0.5
v -1 1.1 -0.5
v -1 1.1 -0.4
v -0.9 1.1 -0.4
v -1 1.2 -0.5
v -1.1 1.2 -0.5
v -1.1 1.2 -0.4
v -1 1.2 -0.4
v -1.3 1.2 -0.5
v -1.4 1.2 -0.5
v -1.4 1.2 -0.4
v -1.3 1.2 -0.4
v -1.4 1.1 -0.5
v -1.5 1.1 -0.5
v -1.5 1.1 -0.4
v -1.4 1.1 -0.4
v -1.5 1.2 -0.5
v -1.6 1.2 -0.5
v -1.6 1.2 -0.4
v -1.5 1.2 -0.4
v -0.7 1.6 -0.5
v -1.7 1.6 -0.5
v -1.7 1.6 0
v -0.7 1.6 0
v -1.9 0.1 -0.5
v -2 0.1 -0.5
v -2 0.1 -0.1
v -1.9 0.1 -0.1
v 0 0.1 -0.9
v -0.1 0.1 -0.9
v -0.1 0.1 -0.6
v 0 0.1 -0.6
v -0.1 1 -0.9
v -0.7 1 -0.9
v -0.1 1 0.9
v -1.7 1 -0.9
v -1.7 1 -0.5
v -0.7 1 -0.5
v -1.9 1 -0.9
v -1.7 1 0
v -1.9 0.1 -0.9
v -2 0.1 -0.9
v -2 0.1 -0.6
v -1.9 0.1 -0.6
v 0 1.1 -1
v -0.1 1.1 -1
v 0 1.1 1
v -0.1 0.1 -1
v -0.4 0.1 -1
v -0.4 0.1 -0.9
v -0.5 0.1 -1
v -0.9 0.1 -1
v -0.9 0.1 -0.9
v -0.5 0.1 -0.9
v -1 0.1 -1
v -1.4 0.1 -1
v -1.4 0.1 -0.9
v -1 0.1 -0.9
v -1.5 0.1 -1
v -1.9 0.1 -1
v -1.5 0.1 -0.9
v -1.9 1.1 -1
v -1.9 1.1 -0.9
v -0.1 1.1 -0.9
v -2 1.1 -1
v -1.9 1.1 0.9
v 0 0 0.9
v 0 0 1
v -0.1 0 1
v -0.1 0 0.9
v -0.5 0 1
v -0.5 0 0.9
v -0.1 1 1
v -0.5 1 1
v -0.5 1 0.9
v -0.6 0 0.9
v -0.6 0 1
v -0.7 0 1
v -0.7 0 0.9
v -0.8 0 1
v -0.8 0 0.9
v -0.8 0.7 0.9
v -0.8 0.7 1
v -1.2 0.7 1
v -1.2 0.7 0.9
v -1.2 0 0.9
v -1.2 0 1
v -1.3 0 1
v -1.3 0 0.9
v -1.4 0 1
v -1.4 0 0.9
v -0.6 1 0.9
v -0.6 1 1
v -1.4 1 1
v -1.4 1 0.9
v -1.5 0 0.9
v -1.5 0 1
v -1.9 0 1
v -1.9 0 0.9
v -1.5 1 0.9
v -1.5 1 1
v -1.9 1 1
v -2 0 1
v -2 0 0.9
v -0.8 0 0.8
v -1.2 0 0.8
v 0 0 0.5
v -0.1 0 0.5
v 0 1 0.5
v 0 1 0.9
v -0.1 1 0.5
v -1.9 0 0.5
v -2 0 0.5
v -1.9 1 0.5
v -2 1 0.9
v -2 1 0.5
v 0 0 0.4
v -0.1 0 0.4
v -1.9 0 0.4
v -2 0 0.4
v 1.4 0 0.3
v 1.4 0 0.4
v 1.3 0 0.4
v 1.3 0 0.3
v 1.3 0.1 0.3
v 1.3 0.1 0.4
v 1.2 0.1 0.4
v 1.2 0.1 0.3
v 1.3 0.6 0.3
v 1.3 0.6 0.4
v 1.3 0.9 0.3
v 1.3 0.9 0.4
v 1.2 0.9 0.4
v 1.2 0.9 0.3
v 1.3 1.4 0.3
v 1.3 1.4 0.4
v 1.3 1.7 0.3
v 1.3 1.7 0.4
v 1.2 1.7 0.4
v 1.2 1.7 0.3
v 1.3 2.2 0.3
v 1.3 2.2 0.4
v 1.3 2.5 0.3
v 1.3 2.5 0.4
v 1.2 2.5 0.4
v 1.2 2.5 0.3
v 1.3 3 0.3
v 1.3 3 0.4
v 1.3 3.3 0.3
v 1.3 3.3 0.4
v 1.2 3.3 0.4
v 1.2 3.3 0.3
v 1.3 3.8 0.3
v 1.3 3.8 0.4
v 1.3 4.1 0.3
v 1.3 4.1 0.4
v 1.2 4.1 0.4
v 1.2 4.1 0.3
v 1.3 4.6 0.3
v 1.3 4.6 0.4
v 1.3 4.9 0.3
v 1.3 4.9 0.4
v 1.2 4.9 0.4
v 1.2 4.9 0.3
v 1.3 5.4 0.3
v 1.3 5.4 0.4
v 1.3 5.7 0.3
v 1.3 5.7 0.4
v 1.2 5.7 0.4
v 1.2 5.7 0.3
v 1.1 0.2 0.4
v 1.1 0.2 0.3
v 1.2 0.5 0.3
v 1.2 0.5 0.4
v 1.1 1 0.4
v 1.1 1 0.3
v 1.2 1.3 0.3
v 1.2 1.3 0.4
v 1.1 1.8 0.4
v 1.1 1.8 0.3
v 1.2 2.1 0.3
v 1.2 2.1 0.4
v 1.1 2.6 0.4
v 1.1 2.6 0.3
v 1.2 2.9 0.3
v 1.2 2.9 0.4
v 1.1 3.4 0.4
v 1.1 3.4 0.3
v 1.2 3.7 0.3
v 1.2 3.7 0.4
v 1.1 4.2 0.4
v 1.1 4.2 0.3
v 1.2 4.5 0.3
v 1.2 4.5 0.4
v 1.1 5 0.4
v 1.1 5 0.3
v 1.2 5.3 0.3
v 1.2 5.3 0.4
v 1.1 5.8 0.4
v 1.1 5.8 0.3
v 1.2 6.1 0.3
v 1.2 6.1 0.4
v 0.9 0.2 0.3
v 0.9 0.2 0.4
v 0.8 0.5 0.4
v 0.8 0.5 0.3
v 0.9 1 0.3
v 0.9 1 0.4
v 0.8 1.3 0.4
v 0.8 1.3 0.3
v 0.9 1.8 0.3
v 0.9 1.8 0.4
v 0.8 2.1 0.4
v 0.8 2.1 0.3
v 0.9 2.6 0.3
v 0.9 2.6 0.4
v 0.8 2.9 0.4
v 0.8 2.9 0.3
v 0.9 3.4 0.3
v 0.9 3.4 0.4
v 0.8 3.7 0.4
v 0.8 3.7 0.3
v 0.9 4.2 0.3
v 0.9 4.2 0.4
v 0.8 4.5 0.4
v 0.8 4.5 0.3
v 0.9 5 0.3
v 0.9 5 0.4
v 0.8 5.3 0.4
v 0.8 5.3 0.3
v 0.9 5.8 0.3
v 0.9 5.8 0.4
v 0.8 6.1 0.4
v 0.8 6.1 0.3
v 0.8 0.1 0.3
v 0.8 0.1 0.4
v 0.7 0.1 0.4
v 0.7 0.1 0.3
v 0.7 0.6 0.4
v 0.7 0.6 0.3
v 0.8 0.9 0.3
v 0.8 0.9 0.4
v 0.7 0.9 0.4
v 0.7 0.9 0.3
v 0.7 1.4 0.4
v 0.7 1.4 0.3
v 0.8 1.7 0.3
v 0.8 1.7 0.4
v 0.7 1.7 0.4
v 0.7 1.7 0.3
v 0.7 2.2 0.4
v 0.7 2.2 0.3
v 0.8 2.5 0.3
v 0.8 2.5 0.4
v 0.7 2.5 0.4
v 0.7 2.5 0.3
v 0.7 3 0.4
v 0.7 3 0.3
v 0.8 3.3 0.3
v 0.8 3.3 0.4
v 0.7 3.3 0.4
v 0.7 3.3 0.3
v 0.7 3.8 0.4
v 0.7 3.8 0.3
v 0.8 4.1 0.3
v 0.8 4.1 0.4
v 0.7 4.1 0.4
v 0.7 4.1 0.3
v 0.7 4.6 0.4
v 0.7 4.6 0.3
v 0.8 4.9 0.3
v 0.8 4.9 0.4
v 0.7 4.9 0.4
v 0.7 4.9 0.3
v 0.7 5.4 0.4
v 0.7 5.4 0.3
v 0.8 5.7 0.3
v 0.8 5.7 0.4
v 0.7 5.7 0.4
v 0.7 5.7 0.3
v 0.7 0 0.3
v 0.7 0 0.4
v 0.6 0 0.4
v 0.6 0 0.3
v 1.4 0.1 0.2
v 1.4 0.1 0.3
v 1.3 0.1 0.2
v 1.4 0.6 0.3
v 1.4 0.9 0.2
v 1.4 0.9 0.3
v 1.3 0.9 0.2
v 1.4 1.4 0.3
v 1.4 1.7 0.2
v 1.4 1.7 0.3
v 1.3 1.7 0.2
v 1.4 2.2 0.3
v 1.4 2.5 0.2
v 1.4 2.5 0.3
v 1.3 2.5 0.2
v 1.4 3 0.3
v 1.4 3.3 0.2
v 1.4 3.3 0.3
v 1.3 3.3 0.2
v 1.4 3.8 0.3
v 1.4 4.1 0.2
v 1.4 4.1 0.3
v 1.3 4.1 0.2
v 1.4 4.6 0.3
v 1.4 4.9 0.2
v 1.4 4.9 0.3
v 1.3 4.9 0.2
v 1.4 5.4 0.3
v 1.4 5.7 0.2
v 1.4 5.7 0.3
v 1.3 5.7 0.2
v 0.7 0.1 0.2
v 0.6 0.1 0.3
v 0.6 0.1 0.2
v 0.6 0.6 0.3
v 0.7 0.9 0.2
v 0.6 0.9 0.3
v 0.6 0.9 0.2
v 0.6 1.4 0.3
v 0.7 1.7 0.2
v 0.6 1.7 0.3
v 0.6 1.7 0.2
v 0.6 2.2 0.3
v 0.7 2.5 0.2
v 0.6 2.5 0.3
v 0.6 2.5 0.2
v 0.6 3 0.3
v 0.7 3.3 0.2
v 0.6 3.3 0.3
v 0.6 3.3 0.2
v 0.6 3.8 0.3
v 0.7 4.1 0.2
v 0.6 4.1 0.3
v 0.6 4.1 0.2
v 0.6 4.6 0.3
v 0.7 4.9 0.2
v 0.6 4.9 0.3
v 0.6 4.9 0.2
v 0.6 5.4 0.3
v 0.7 5.7 0.2
v 0.6 5.7 0.3
v 0.6 5.7 0.2
v 1.4 0.2 0.1
v 1.3 0.2 0.1
v 1.4 0.5 0.2
v 1.3 0.5 0.2
v 1.4 1 0.1
v 1.3 1 0.1
v 1.4 1.3 0.2
v 1.3 1.3 0.2
v 1.4 1.8 0.1
v 1.3 1.8 0.1
v 1.4 2.1 0.2
v 1.3 2.1 0.2
v 1.4 2.6 0.1
v 1.3 2.6 0.1
v 1.4 2.9 0.2
v 1.3 2.9 0.2
v 1.4 3.4 0.1
v 1.3 3.4 0.1
v 1.4 3.7 0.2
v 1.3 3.7 0.2
v 1.4 4.2 0.1
v 1.3 4.2 0.1
v 1.4 4.5 0.2
v 1.3 4.5 0.2
v 1.4 5 0.1
v 1.3 5 0.1
v 1.4 5.3 0.2
v 1.3 5.3 0.2
v 1.4 5.8 0.1
v 1.3 5.8 0.1
v 1.4 6.1 0.2
v 1.3 6.1 0.2
v 0.7 0.2 0.1
v 0.6 0.2 0.1
v 0.7 0.5 0.2
v 0.6 0.5 0.2
v 0.7 1 0.1
v 0.6 1 0.1
v 0.7 1.3 0.2
v 0.6 1.3 0.2
v 0.7 1.8 0.1
v 0.6 1.8 0.1
v 0.7 2.1 0.2
v 0.6 2.1 0.2
v 0.7 2.6 0.1
v 0.6 2.6 0.1
v 0.7 2.9 0.2
v 0.6 2.9 0.2
v 0.7 3.4 0.1
v 0.6 3.4 0.1
v 0.7 3.7 0.2
v 0.6 3.7 0.2
v 0.7 4.2 0.1
v 0.6 4.2 0.1
v 0.7 4.5 0.2
v 0.6 4.5 0.2
v 0.7 5 0.1
v 0.6 5 0.1
v 0.7 5.3 0.2
v 0.6 5.3 0.2
v 0.7 5.8 0.1
v 0.6 5.8 0.1
v 0.7 6.1 0.2
v 0.6 6.1 0.2
v 0 0 0
v -0.1 0 0
v 0 1 0
v 0 1 0.4
v -0.1 1 0.4
v -0.1 1 0
v -1.9 0 0
v -2 0 0
v -1.9 1 0.4
v -2 1 0.4
v -2 1 0
v 0 0 -0.1
v -0.1 0 -0.1
v -1.9 0 -0.1
v -2 0 -0.1
v 1.4 0.2 -0.1
v 1.3 0.2 -0.1
v 1.4 0.5 -0.2
v 1.3 0.5 -0.2
v 1.4 1 -0.1
v 1.3 1 -0.1
v 1.4 1.3 -0.2
v 1.3 1.3 -0.2
v 1.4 1.8 -0.1
v 1.3 1.8 -0.1
v 1.4 2.1 -0.2
v 1.3 2.1 -0.2
v 1.4 2.6 -0.1
v 1.3 2.6 -0.1
v 1.4 2.9 -0.2
v 1.3 2.9 -0.2
v 1.4 3.4 -0.1
v 1.3 3.4 -0.1
v 1.4 3.7 -0.2
v 1.3 3.7 -0.2
v 1.4 4.2 -0.1
v 1.3 4.2 -0.1
v 1.4 4.5 -0.2
v 1.3 4.5 -0.2
v 1.4 5 -0.1
v 1.3 5 -0.1
v 1.4 5.3 -0.2
v 1.3 5.3 -0.2
v 1.4 5.8 -0.1
v 1.3 5.8 -0.1
v 1.4 6.1 -0.2
v 1.3 6.1 -0.2
v 0.7 0.2 -0.1
v 0.6 0.2 -0.1
v 0.7 0.5 -0.2
v 0.6 0.5 -0.2
v 0.7 1 -0.1
v 0.6 1 -0.1
v 0.7 1.3 -0.2
v 0.6 1.3 -0.2
v 0.7 1.8 -0.1
v 0.6 1.8 -0.1
v 0.7 2.1 -0.2
v 0.6 2.1 -0.2
v 0.7 2.6 -0.1
v 0.6 2.6 -0.1
v 0.7 2.9 -0.2
v 0.6 2.9 -0.2
v 0.7 3.4 -0.1
v 0.6 3.4 -0.1
v 0.7 3.7 -0.2
v 0.6 3.7 -0.2
v 0.7 4.2 -0.1
v 0.6 4.2 -0.1
v 0.7 4.5 -0.2
v 0.6 4.5 -0.2
v 0.7 5 -0.1
v 0.6 5 -0.1
v 0.7 5.3 -0.2
v 0.6 5.3 -0.2
v 0.7 5.8 -0.1
v 0.6 5.8 -0.1
v 0.7 6.1 -0.2
v 0.6 6.1 -0.2
v 1.4 0.1 -0.3
v 1.4 0.1 -0.2
v 1.3 0.1 -0.2
v 1.3 0.1 -0.3
v 1.4 0.6 -0.3
v 1.3 0.6 -0.3
v 1.4 0.9 -0.3
v 1.4 0.9 -0.2
v 1.3 0.9 -0.2
v 1.3 0.9 -0.3
v 1.4 1.4 -0.3
v 1.3 1.4 -0.3
v 1.4 1.7 -0.3
v 1.4 1.7 -0.2
v 1.3 1.7 -0.2
v 1.3 1.7 -0.3
v 1.4 2.2 -0.3
v 1.3 2.2 -0.3
v 1.4 2.5 -0.3
v 1.4 2.5 -0.2
v 1.3 2.5 -0.2
v 1.3 2.5 -0.3
v 1.4 3 -0.3
v 1.3 3 -0.3
v 1.4 3.3 -0.3
v 1.4 3.3 -0.2
v 1.3 3.3 -0.2
v 1.3 3.3 -0.3
v 1.4 3.8 -0.3
v 1.3 3.8 -0.3
v 1.4 4.1 -0.3
v 1.4 4.1 -0.2
v 1.3 4.1 -0.2
v 1.3 4.1 -0.3
v 1.4 4.6 -0.3
v 1.3 4.6 -0.3
v 1.4 4.9 -0.3
v 1.4 4.9 -0.2
v 1.3 4.9 -0.2
v 1.3 4.9 -0.3
v 1.4 5.4 -0.3
v 1.3 5.4 -0.3
v 1.4 5.7 -0.3
v 1.4 5.7 -0.2
v 1.3 5.7 -0.2
v 1.3 5.7 -0.3
v 0.7 0.1 -0.3
v 0.7 0.1 -0.2
v 0.6 0.1 -0.2
v 0.6 0.1 -0.3
v 0.7 0.6 -0.3
v 0.6 0.6 -0.3
v 0.7 0.9 -0.3
v 0.7 0.9 -0.2
v 0.6 0.9 -0.2
v 0.6 0.9 -0.3
v 0.7 1.4 -0.3
v 0.6 1.4 -0.3
v 0.7 1.7 -0.3
v 0.7 1.7 -0.2
v 0.6 1.7 -0.2
v 0.6 1.7 -0.3
v 0.7 2.2 -0.3
v 0.6 2.2 -0.3
v 0.7 2.5 -0.3
v 0.7 2.5 -0.2
v 0.6 2.5 -0.2
v 0.6 2.5 -0.3
v 0.7 3 -0.3
v 0.6 3 -0.3
v 0.7 3.3 -0.3
v 0.7 3.3 -0.2
v 0.6 3.3 -0.2
v 0.6 3.3 -0.3
v 0.7 3.8 -0.3
v 0.6 3.8 -0.3
v 0.7 4.1 -0.3
v 0.7 4.1 -0.2
v 0.6 4.1 -0.2
v 0.6 4.1 -0.3
v 0.7 4.6 -0.3
v 0.6 4.6 -0.3
v 0.7 4.9 -0.3
v 0.7 4.9 -0.2
v 0.6 4.9 -0.2
v 0.6 4.9 -0.3
v 0.7 5.4 -0.3
v 0.6 5.4 -0.3
v 0.7 5.7 -0.3
v 0.7 5.7 -0.2
v 0.6 5.7 -0.2
v 0.6 5.7 -0.3
v 1.4 0 -0.4
v 1.4 0 -0.3
v 1.3 0 -0.3
v 1.3 0 -0.4
v 1.3 0.1 -0.4
v 1.2 0.1 -0.3
v 1.2 0.1 -0.4
v 1.3 0.6 -0.4
v 1.3 0.9 -0.4
v 1.2 0.9 -0.3
v 1.2 0.9 -0.4
v 1.3 1.4 -0.4
v 1.3 1.7 -0.4
v 1.2 1.7 -0.3
v 1.2 1.7 -0.4
v 1.3 2.2 -0.4
v 1.3 2.5 -0.4
v 1.2 2.5 -0.3
v 1.2 2.5 -0.4
v 1.3 3 -0.4
v 1.3 3.3 -0.4
v 1.2 3.3 -0.3
v 1.2 3.3 -0.4
v 1.3 3.8 -0.4
v 1.3 4.1 -0.4
v 1.2 4.1 -0.3
v 1.2 4.1 -0.4
v 1.3 4.6 -0.4
v 1.3 4.9 -0.4
v 1.2 4.9 -0.3
v 1.2 4.9 -0.4
v 1.3 5.4 -0.4
v 1.3 5.7 -0.4
v 1.2 5.7 -0.3
v 1.2 5.7 -0.4
v 1.1 0.2 -0.3
v 1.1 0.2 -0.4
v 1.2 0.5 -0.4
v 1.2 0.5 -0.3
v 1.1 1 -0.3
v 1.1 1 -0.4
v 1.2 1.3 -0.4
v 1.2 1.3 -0.3
v 1.1 1.8 -0.3
v 1.1 1.8 -0.4
v 1.2 2.1 -0.4
v 1.2 2.1 -0.3
v 1.1 2.6 -0.3
v 1.1 2.6 -0.4
v 1.2 2.9 -0.4
v 1.2 2.9 -0.3
v 1.1 3.4 -0.3
v 1.1 3.4 -0.4
v 1.2 3.7 -0.4
v 1.2 3.7 -0.3
v 1.1 4.2 -0.3
v 1.1 4.2 -0.4
v 1.2 4.5 -0.4
v 1.2 4.5 -0.3
v 1.1 5 -0.3
v 1.1 5 -0.4
v 1.2 5.3 -0.4
v 1.2 5.3 -0.3
v 1.1 5.8 -0.3
v 1.1 5.8 -0.4
v 1.2 6.1 -0.4
v 1.2 6.1 -0.3
v 0.9 0.2 -0.4
v 0.9 0.2 -0.3
v 0.8 0.5 -0.3
v 0.8 0.5 -0.4
v 0.9 1 -0.4
v 0.9 1 -0.3
v 0.8 1.3 -0.3
v 0.8 1.3 -0.4
v 0.9 1.8 -0.4
v 0.9 1.8 -0.3
v 0.8 2.1 -0.3
v 0.8 2.1 -0.4
v 0.9 2.6 -0.4
v 0.9 2.6 -0.3
v 0.8 2.9 -0.3
v 0.8 2.9 -0.4
v 0.9 3.4 -0.4
v 0.9 3.4 -0.3
v 0.8 3.7 -0.3
v 0.8 3.7 -0.4
v 0.9 4.2 -0.4
v 0.9 4.2 -0.3
v 0.8 4.5 -0.3
v 0.8 4.5 -0.4
v 0.9 5 -0.4
v 0.9 5 -0.3
v 0.8 5.3 -0.3
v 0.8 5.3 -0.4
v 0.9 5.8 -0.4
v 0.9 5.8 -0.3
v 0.8 6.1 -0.3
v 0.8 6.1 -0.4
v 0.8 0.1 -0.4
v 0.8 0.1 -0.3
v 0.7 0.1 -0.4
v 0.7 0.6 -0.4
v 0.8 0.9 -0.4
v 0.8 0.9 -0.3
v 0.7 0.9 -0.4
v 0.7 1.4 -0.4
v 0.8 1.7 -0.4
v 0.8 1.7 -0.3
v 0.7 1.7 -0.4
v 0.7 2.2 -0.4
v 0.8 2.5 -0.4
v 0.8 2.5 -0.3
v 0.7 2.5 -0.4
v 0.7 3 -0.4
v 0.8 3.3 -0.4
v 0.8 3.3 -0.3
v 0.7 3.3 -0.4
v 0.7 3.8 -0.4
v 0.8 4.1 -0.4
v 0.8 4.1 -0.3
v 0.7 4.1 -0.4
v 0.7 4.6 -0.4
v 0.8 4.9 -0.4
v 0.8 4.9 -0.3
v 0.7 4.9 -0.4
v 0.7 5.4 -0.4
v 0.8 5.7 -0.4
v 0.8 5.7 -0.3
v 0.7 5.7 -0.4
v 0.7 0 -0.4
v 0.7 0 -0.3
v 0.6 0 -0.3
v 0.6 0 -0.4
v 0 0 -0.5
v -0.1 0 -0.5
v 0 1 -0.5
v 0 1 -0.1
v -0.1 1 -0.1
v -0.1 1 -0.5
v -0.8 1.3 -0.5
v -0.8 1.3 -0.4
v -0.9 1.3 -0.4
v -0.9 1.3 -0.5
v -0.9 1.4 -0.5
v -0.9 1.4 -0.4
v -1 1.4 -0.4
v -1 1.4 -0.5
v -1 1.3 -0.5
v -1 1.3 -0.4
v -1.1 1.3 -0.4
v -1.1 1.3 -0.5
v -1.3 1.3 -0.5
v -1.3 1.3 -0.4
v -1.4 1.3 -0.4
v -1.4 1.3 -0.5
v -1.4 1.4 -0.5
v -1.4 1.4 -0.4
v -1.5 1.4 -0.4
v -1.5 1.4 -0.5
v -1.5 1.3 -0.5
v -1.5 1.3 -0.4
v -1.6 1.3 -0.4
v -1.6 1.3 -0.5
v -1.9 0 -0.5
v -2 0 -0.5
v -1.9 1 -0.5
v -1.9 1 -0.1
v -2 1 -0.1
v -2 1 -0.5
v 0 0 -0.6
v -0.1 0 -0.6
v -1.9 0 -0.6
v -2 0 -0.6
v 0 0 -0.9
v -0.1 0 -0.9
v 0 1 -0.9
v 0 1 -0.6
v -0.1 1 -0.6
v -0.5 0 -0.9
v -0.6 0 -0.9
v -0.8 0 -0.9
v -1.2 0 -0.9
v -1.4 0 -0.9
v -1.5 0 -0.9
v -1.9 0 -0.9
v -2 0 -0.9
v -1.9 1 -0.6
v -2 1 -0.6
v -2 1 -0.9
v 0 0 -1
v -0.1 0 -1
v -0.4 0 -0.9
v -0.4 0 -1
v -0.1 1 -1
v -0.4 1 -0.9
v -0.4 1 -1
v -0.5 0 -1
v -0.9 0 -0.9
v -0.9 0 -1
v -0.5 1 -1
v -0.5 1 -0.9
v -0.9 1 -0.9
v -0.9 1 -1
v -1 0 -0.9
v -1 0 -1
v -1.4 0 -1
v -1 1 -1
v -1 1 -0.9
v -1.4 1 -0.9
v -1.4 1 -1
v -1.5 0 -1
v -1.9 0 -1
v -1.5 1 -1
v -1.5 1 -0.9
v -1.9 1 -1
v -2 0 -1
v 1.3 0.8 0.4
v 1.3 0.8 0.3
v 0.6 0.8 0.4
v 0.6 0.8 0.3
v 1.3 0.8 -0.3
v 1.3 0.8 -0.4
v 0.6 0.8 -0.3
v 0.6 0.8 -0.4
v -2 1.1 -0.9
v -1.7 1.5 0
v -1.7 1.5 -0.5
v 1.3 1.6 0.4
v 1.3 1.6 0.3
v 0.6 1.6 0.4
v 0.6 1.6 0.3
v 1.3 1.6 -0.3
v 1.3 1.6 -0.4
v 0.6 1.6 -0.3
v 0.6 1.6 -0.4
v 1.3 2.4 0.4
v 1.3 2.4 0.3
v 0.6 2.4 0.4
v 0.6 2.4 0.3
v 1.3 2.4 -0.3
v 1.3 2.4 -0.4
v 0.6 2.4 -0.3
v 0.6 2.4 -0.4
v 1.3 3.2 0.4
v 1.3 3.2 0.3
v 0.6 3.2 0.4
v 0.6 3.2 0.3
v 1.3 3.2 -0.3
v 1.3 3.2 -0.4
v 0.6 3.2 -0.3
v 0.6 3.2 -0.4
v 1.3 4 0.4
v 1.3 4 0.3
v 0.6 4 0.4
v 0.6 4 0.3
v 1.3 4 -0.3
v 1.3 4 -0.4
v 0.6 4 -0.3
v 0.6 4 -0.4
v 1.3 4.8 0.4
v 1.3 4.8 0.3
v 0.6 4.8 0.4
v 0.6 4.8 0.3
v 1.3 4.8 -0.3
v 1.3 4.8 -0.4
v 0.6 4.8 -0.3
v 0.6 4.8 -0.4
v 1.3 5.6 0.4
v 1.3 5.6 0.3
v 0.6 5.6 0.4
v 0.6 5.6 0.3
v 1.3 5.6 -0.3
v 1.3 5.6 -0.4
v 0.6 5.6 -0.3
v 0.6 5.6 -0.4
v 1.3 6.2 0.4
v 1.3 6.2 0.3
v 0.6 6.2 0.4
v 0.6 6.2 0.3
v 1.3 6.2 -0.3
v 1.3 6.2 -0.4
v 0.6 6.2 -0.3
v 0.6 6.2 -0.4
v 1.4 0.8 0.4
v 1.4 0.8 0.3
v 0.7 0.8 0.4
v 0.7 0.8 0.3
v 1.4 0.8 -0.3
v 1.4 0.8 -0.4
v 0.7 0.8 -0.3
v 0.7 0.8 -0.4
v 0 1.1 0.9
v 0 1.1 -0.9
v -0.7 1.5 0
v -0.7 1.5 -0.5
v 1.4 1.6 0.4
v 1.4 1.6 0.3
v 0.7 1.6 0.4
v 0.7 1.6 0.3
v 1.4 1.6 -0.3
v 1.4 1.6 -0.4
v 0.7 1.6 -0.3
v 0.7 1.6 -0.4
v 1.4 2.4 0.4
v 1.4 2.4 0.3
v 0.7 2.4 0.4
v 0.7 2.4 0.3
v 1.4 2.4 -0.3
v 1.4 2.4 -0.4
v 0.7 2.4 -0.3
v 0.7 2.4 -0.4
v 1.4 3.2 0.4
v 1.4 3.2 0.3
v 0.7 3.2 0.4
v 0.7 3.2 0.3
v 1.4 3.2 -0.3
v 1.4 3.2 -0.4
v 0.7 3.2 -0.3
v 0.7 3.2 -0.4
v 1.4 4 0.4
v 1.4 4 0.3
v 0.7 4 0.4
v 0.7 4 0.3
v 1.4 4 -0.3
v 1.4 4 -0.4
v 0.7 4 -0.3
v 0.7 4 -0.4
v 1.4 4.8 0.4
v 1.4 4.8 0.3
v 0.7 4.8 0.4
v 0.7 4.8 0.3
v 1.4 4.8 -0.3
v 1.4 4.8 -0.4
v 0.7 4.8 -0.3
v 0.7 4.8 -0.4
v 1.4 5.6 0.4
v 1.4 5.6 0.3
v 0.7 5.6 0.4
v 0.7 5.6 0.3
v 1.4 5.6 -0.3
v 1.4 5.6 -0.4
v 0.7 5.6 -0.3
v 0.7 5.6 -0.4
v 1.4 6.2 0.4
v 1.4 6.2 0.3
v 0.7 6.2 0.4
v 0.7 6.2 0.3
v 1.4 6.2 -0.3
v 1.4 6.2 -0.4
v 0.7 6.2 -0.3
v 0.7 6.2 -0.4
v 0.6 0.1 -0.4
v 0.6 0.2 -0.4
v 0.6 0.6 -0.4
v 0.6 0.7 -0.4
v 0.6 0.9 -0.4
v 0.6 1 -0.4
v 0.6 1.4 -0.4
v 0.6 1.5 -0.4
v 0.6 1.7 -0.4
v 0.6 1.8 -0.4
v 0.6 2.2 -0.4
v 0.6 2.3 -0.4
v 0.6 2.5 -0.4
v 0.6 2.6 -0.4
v 0.6 3 -0.4
v 0.6 3.1 -0.4
v 0.6 3.3 -0.4
v 0.6 3.4 -0.4
v 0.6 3.8 -0.4
v 0.6 3.9 -0.4
v 0.6 4.1 -0.4
v 0.6 4.2 -0.4
v 0.6 4.6 -0.4
v 0.6 4.7 -0.4
v 0.6 4.9 -0.4
v 0.6 5 -0.4
v 0.6 5.4 -0.4
v 0.6 5.5 -0.4
v 0.6 5.7 -0.4
v 0.6 5.8 -0.4
v -0.8 1.5 -0.5
v -0.7 1.2 -0.5
v -0.7 1.1 -0.5
v -0.9 1.5 -0.5
v -1.7 1.1 -0.5
v -1.7 1.2 -0.5
v -1.7 1.3 -0.5
v -1.7 1.4 -0.5
v -2 1 -1
v 0.6 0.1 0.4
v 0.6 0.2 0.4
v 0.6 0.6 0.4
v 0.6 0.7 0.4
v 0.6 0.9 0.4
v 0.6 1 0.4
v 0.6 1.4 0.4
v 0.6 1.5 0.4
v 0.6 1.7 0.4
v 0.6 1.8 0.4
v 0.6 2.2 0.4
v 0.6 2.3 0.4
v 0.6 2.5 0.4
v 0.6 2.6 0.4
v 0.6 3 0.4
v 0.6 3.1 0.4
v 0.6 3.3 0.4
v 0.6 3.4 0.4
v 0.6 3.8 0.4
v 0.6 3.9 0.4
v 0.6 4.1 0.4
v 0.6 4.2 0.4
v 0.6 4.6 0.4
v 0.6 4.7 0.4
v 0.6 4.9 0.4
v 0.6 5 0.4
v 0.6 5.4 0.4
v 0.6 5.5 0.4
v 0.6 5.7 0.4
v 0.6 5.8 0.4
v -0.8 0.8 1
v -0.8 1.2 0
v -0.7 1.2 0
v -0.8 1.5 0
v -0.9 1.1 0
v -0.7 1.1 0
v -0.9 1.2 0
v -0.9 1.3 0
v -0.8 1.3 0
v -0.9 1.5 0
v -1 1.1 0
v -1 1.2 0
v -1 1.3 0
v -0.9 1.4 0
v -1 1.4 0
v -1.1 1.2 0
v -1.1 1.3 0
v -1.3 0.7 1
v -1.3 1.2 0
v -1.3 1.3 0
v -1.4 0.8 0.9
v -1.4 1.1 0
v -1.4 1.2 0
v -1.4 1.3 0
v -1.4 1.4 0
v -1.5 1.1 0
v -1.5 1.2 0
v -1.5 1.3 0
v -1.5 1.4 0
v -1.6 1.2 0
v -1.6 1.3 0
v -1.7 1.1 0
v -1.7 1.2 0
v -1.7 1.3 0
v -1.7 1.4 0
v -2 1 1
v 1.2 7.3 0.7
v 0.8 7.3 0.7
v 0.8 7.3 0.8
v 1.2 7.3 0.8
v 1.3 7.3 0.6
v 1.2 7.3 0.6
v 1.3 7.3 0.7
v 0.8 7.3 0.6
v 0.7 7.3 0.6
v 0.7 7.3 0.7
v 1.1 6.8 0.4
v 1 6.8 0.4
v 1 6.8 0.7
v 1.1 6.8 0.7
v 1.4 7.2 0.3
v 1.3 7.2 0.3
v 1.3 7.2 0.4
v 1.4 7.2 0.4
v 1.3 6.3 0.3
v 1.2 6.3 0.3
v 1.2 6.3 0.4
v 1.3 6.3 0.4
v 1.3 6.6 0.3
v 1.2 6.6 0.3
v 1.2 6.6 0.4
v 1.3 6.6 0.4
v 1.3 7.1 0.3
v 1.2 7.1 0.3
v 1.2 7.1 0.4
v 1.3 7.1 0.4
v 1.2 6.7 0.3
v 1.1 6.7 0.3
v 1.1 6.7 0.4
v 1.2 6.7 0.4
v 1.2 7 0.3
v 1.1 7 0.3
v 1.1 7 0.4
v 1.2 7 0.4
v 1.1 6.9 0.3
v 1 6.9 0.3
v 1 6.9 0.4
v 1.1 6.9 0.4
v 0.9 6.9 0.3
v 0.9 6.9 0.7
v 1 6.9 0.7
v 0.9 6.7 0.3
v 0.8 6.7 0.3
v 0.8 6.7 0.4
v 0.9 6.7 0.4
v 0.9 7 0.3
v 0.8 7 0.3
v 0.8 7 0.4
v 0.9 7 0.4
v 0.8 6.3 0.3
v 0.7 6.3 0.3
v 0.7 6.3 0.4
v 0.8 6.3 0.4
v 0.8 6.6 0.3
v 0.7 6.6 0.3
v 0.7 6.6 0.4
v 0.8 6.6 0.4
v 0.8 7.1 0.3
v 0.7 7.1 0.3
v 0.7 7.1 0.4
v 0.8 7.1 0.4
v 0.7 7.2 0.3
v 0.6 7.2 0.3
v 0.6 7.2 0.4
v 0.7 7.2 0.4
v 1.7 7.3 0.2
v 1.6 7.3 0.2
v 1.6 7.3 0.3
v 1.7 7.3 0.3
v 1.4 6.3 0.2
v 1.3 6.3 0.2
v 1.4 6.3 0.3
v 1.4 6.6 0.2
v 1.3 6.6 0.2
v 1.4 6.6 0.3
v 1.4 7.1 0.2
v 1.3 7.1 0.2
v 1.4 7.1 0.3
v 1.3 7.2 0.2
v 1.2 7.2 0.2
v 1.2 7.2 0.3
v 0.8 7.2 0.2
v 0.7 7.2 0.2
v 0.8 7.2 0.3
v 0.7 6.3 0.2
v 0.6 6.3 0.2
v 0.6 6.3 0.3
v 0.7 6.6 0.2
v 0.6 6.6 0.2
v 0.6 6.6 0.3
v 0.7 7.1 0.2
v 0.6 7.1 0.2
v 0.6 7.1 0.3
v 0.4 7.3 0.2
v 0.3 7.3 0.2
v 0.3 7.3 0.3
v 0.4 7.3 0.3
v 1.4 6.7 0.1
v 1.3 6.7 0.1
v 1.3 6.7 0.2
v 1.4 6.7 0.2
v 1.4 7 0.1
v 1.3 7 0.1
v 1.3 7 0.2
v 1.4 7 0.2
v 1.2 7.2 0.1
v 1.1 7.2 0.1
v 1.1 7.2 0.2
v 0.9 7.2 0.1
v 0.8 7.2 0.1
v 0.9 7.2 0.2
v 0.7 6.7 0.1
v 0.6 6.7 0.1
v 0.6 6.7 0.2
v 0.7 6.7 0.2
v 0.7 7 0.1
v 0.6 7 0.1
v 0.6 7 0.2
v 0.7 7 0.2
v 1.7 6.9 0
v 1.3 6.9 0
v 1.3 6.9 0.1
v 1.7 6.9 0.1
v 0.6 6.8 0
v 0.3 6.8 0
v 0.3 6.8 0.1
v 0.6 6.8 0.1
v 1.7 6.8 -0.1
v 1.4 6.8 -0.1
v 1.4 6.8 0
v 1.7 6.8 0
v 1.4 6.9 -0.1
v 1.3 6.9 -0.1
v 1.4 6.9 0
v 1.1 7.2 -0.1
v 0.9 7.2 -0.1
v 0.7 6.9 -0.1
v 0.6 6.9 -0.1
v 0.6 6.9 0.1
v 0.7 6.9 0.1
v 0.3 6.9 -0.1
v 0.3 6.9 0
v 0.6 6.9 0
v 1.8 7.3 -0.2
v 1.7 7.3 -0.2
v 1.8 7.3 0.2
v 1.4 6.7 -0.2
v 1.3 6.7 -0.2
v 1.3 6.7 -0.1
v 1.4 6.7 -0.1
v 1.4 7 -0.2
v 1.3 7 -0.2
v 1.3 7 -0.1
v 1.4 7 -0.1
v 1.2 7.2 -0.2
v 1.1 7.2 -0.2
v 1.2 7.2 -0.1
v 0.9 7.2 -0.2
v 0.8 7.2 -0.2
v 0.8 7.2 -0.1
v 0.7 6.7 -0.2
v 0.6 6.7 -0.2
v 0.6 6.7 -0.1
v 0.7 6.7 -0.1
v 0.7 7 -0.2
v 0.6 7 -0.2
v 0.6 7 -0.1
v 0.7 7 -0.1
v 0.3 7.3 -0.2
v 0.2 7.3 -0.2
v 0.2 7.3 0.2
v 1.7 7.3 -0.3
v 1.6 7.3 -0.3
v 1.6 7.3 -0.2
v 1.4 6.3 -0.3
v 1.3 6.3 -0.3
v 1.3 6.3 -0.2
v 1.4 6.3 -0.2
v 1.4 6.6 -0.3
v 1.3 6.6 -0.3
v 1.3 6.6 -0.2
v 1.4 6.6 -0.2
v 1.4 7.1 -0.3
v 1.3 7.1 -0.3
v 1.3 7.1 -0.2
v 1.4 7.1 -0.2
v 1.3 7.2 -0.3
v 1.2 7.2 -0.3
v 1.3 7.2 -0.2
v 0.8 7.2 -0.3
v 0.7 7.2 -0.3
v 0.7 7.2 -0.2
v 0.7 6.3 -0.3
v 0.6 6.3 -0.3
v 0.6 6.3 -0.2
v 0.7 6.3 -0.2
v 0.7 6.6 -0.3
v 0.6 6.6 -0.3
v 0.6 6.6 -0.2
v 0.7 6.6 -0.2
v 0.7 7.1 -0.3
v 0.6 7.1 -0.3
v 0.6 7.1 -0.2
v 0.7 7.1 -0.2
v 0.4 7.3 -0.3
v 0.3 7.3 -0.3
v 0.4 7.3 -0.2
v 1.4 7.2 -0.4
v 1.3 7.2 -0.4
v 1.4 7.2 -0.3
v 1.3 6.3 -0.4
v 1.2 6.3 -0.4
v 1.2 6.3 -0.3
v 1.3 6.6 -0.4
v 1.2 6.6 -0.4
v 1.2 6.6 -0.3
v 1.3 7.1 -0.4
v 1.2 7.1 -0.4
v 1.2 7.1 -0.3
v 1.2 6.7 -0.4
v 1.1 6.7 -0.4
v 1.1 6.7 -0.3
v 1.2 6.7 -0.3
v 1.2 7 -0.4
v 1.1 7 -0.4
v 1.1 7 -0.3
v 1.2 7 -0.3
v 1 6.9 -0.4
v 0.9 6.9 -0.4
v 0.9 6.9 -0.3
v 1 6.9 -0.3
v 0.9 6.7 -0.4
v 0.8 6.7 -0.4
v 0.8 6.7 -0.3
v 0.9 6.7 -0.3
v 0.9 7 -0.4
v 0.8 7 -0.4
v 0.8 7 -0.3
v 0.9 7 -0.3
v 0.8 6.3 -0.4
v 0.7 6.3 -0.4
v 0.8 6.3 -0.3
v 0.8 6.6 -0.4
v 0.7 6.6 -0.4
v 0.8 6.6 -0.3
v 0.8 7.1 -0.4
v 0.7 7.1 -0.4
v 0.8 7.1 -0.3
v 0.7 7.2 -0.4
v 0.6 7.2 -0.4
v 0.6 7.2 -0.3
v 1.3 7.3 -0.7
v 1.2 7.3 -0.7
v 1.2 7.3 -0.6
v 1.3 7.3 -0.6
v 1.1 6.9 -0.7
v 1 6.9 -0.7
v 1.1 6.9 -0.3
v 1 6.8 -0.7
v 0.9 6.8 -0.7
v 0.9 6.8 -0.4
v 1 6.8 -0.4
v 0.8 7.3 -0.7
v 0.7 7.3 -0.7
v 0.7 7.3 -0.6
v 0.8 7.3 -0.6
v 1.2 7.3 -0.8
v 0.8 7.3 -0.8
v 1.2 6.3 0.7
v 1.2 6.3 0.8
v 0.8 6.3 0.8
v 0.8 6.3 0.7
v 1.3 6.3 0.6
v 1.3 6.3 0.7
v 1.2 6.3 0.6
v 0.8 6.3 0.6
v 0.7 6.3 0.7
v 0.7 6.3 0.6
v 0.9 6.8 0.7
v 0.9 6.8 0.4
v 1.3 6.5 0.3
v 1.3 6.5 0.4
v 1.2 6.5 0.4
v 1.2 6.5 0.3
v 1.3 7 0.3
v 1.3 7 0.4
v 1.1 6.6 0.4
v 1.1 6.6 0.3
v 1.2 6.9 0.3
v 1.2 6.9 0.4
v 1.1 6.7 0.7
v 1 6.7 0.7
v 1 6.7 0.3
v 1 6.7 0.4
v 0.9 6.6 0.3
v 0.9 6.6 0.4
v 0.9 6.9 0.4
v 0.8 6.9 0.4
v 0.8 6.9 0.3
v 0.8 6.5 0.3
v 0.8 6.5 0.4
v 0.7 6.5 0.4
v 0.7 6.5 0.3
v 0.7 7 0.4
v 0.7 7 0.3
v 1.7 6.3 0.2
v 1.7 6.3 0.3
v 1.6 6.3 0.3
v 1.6 6.3 0.2
v 1.4 6.5 0.2
v 1.4 6.5 0.3
v 1.3 6.5 0.2
v 1.4 7 0.3
v 1.2 7.1 0.2
v 0.8 7.1 0.2
v 0.7 6.5 0.2
v 0.6 6.5 0.3
v 0.6 6.5 0.2
v 0.6 7 0.3
v 0.4 6.3 0.2
v 0.4 6.3 0.3
v 0.3 6.3 0.3
v 0.3 6.3 0.2
v 1.4 6.6 0.1
v 1.3 6.6 0.1
v 1.4 6.9 0.1
v 1.4 6.9 0.2
v 1.3 6.9 0.2
v 1.2 7.1 0.1
v 1.1 7.1 0.2
v 1.1 7.1 0.1
v 0.9 7.1 0.1
v 0.9 7.1 0.2
v 0.8 7.1 0.1
v 0.7 6.6 0.1
v 0.6 6.6 0.1
v 0.7 6.9 0.2
v 0.6 6.9 0.2
v 1.7 6.8 0.1
v 1.4 6.8 0.1
v 0.6 6.7 0
v 0.3 6.7 0.1
v 0.3 6.7 0
v 1.7 6.7 -0.1
v 1.7 6.7 0
v 1.4 6.7 0
v 1.1 7.1 -0.1
v 0.9 7.1 -0.1
v 0.6 6.8 -0.1
v 0.3 6.8 -0.1
v 1.8 6.3 -0.2
v 1.8 6.3 0.2
v 1.7 6.3 -0.2
v 1.4 6.6 -0.1
v 1.3 6.6 -0.1
v 1.4 6.9 -0.2
v 1.3 6.9 -0.2
v 1.2 7.1 -0.2
v 1.2 7.1 -0.1
v 1.1 7.1 -0.2
v 0.9 7.1 -0.2
v 0.8 7.1 -0.1
v 0.8 7.1 -0.2
v 0.7 6.6 -0.1
v 0.6 6.6 -0.1
v 0.7 6.9 -0.2
v 0.6 6.9 -0.2
v 0.3 6.3 -0.2
v 0.2 6.3 0.2
v 0.2 6.3 -0.2
v 1.7 6.3 -0.3
v 1.6 6.3 -0.2
v 1.6 6.3 -0.3
v 1.4 6.5 -0.3
v 1.4 6.5 -0.2
v 1.3 6.5 -0.2
v 1.3 6.5 -0.3
v 1.4 7 -0.3
v 1.3 7 -0.3
v 0.7 6.5 -0.3
v 0.7 6.5 -0.2
v 0.6 6.5 -0.2
v 0.6 6.5 -0.3
v 0.7 7 -0.3
v 0.6 7 -0.3
v 0.4 6.3 -0.3
v 0.4 6.3 -0.2
v 0.3 6.3 -0.3
v 1.3 6.5 -0.4
v 1.2 6.5 -0.3
v 1.2 6.5 -0.4
v 1.3 7 -0.4
v 1.1 6.6 -0.3
v 1.1 6.6 -0.4
v 1.2 6.9 -0.4
v 1.2 6.9 -0.3
v 1.1 6.9 -0.4
v 0.9 6.6 -0.4
v 0.9 6.6 -0.3
v 0.8 6.9 -0.3
v 0.8 6.9 -0.4
v 0.8 6.5 -0.4
v 0.8 6.5 -0.3
v 0.7 6.5 -0.4
v 0.7 7 -0.4
v 1.3 6.3 -0.7
v 1.3 6.3 -0.6
v 1.2 6.3 -0.6
v 1.2 6.3 -0.7
v 1.1 6.8 -0.7
v 1.1 6.8 -0.4
v 1 6.7 -0.7
v 1 6.7 -0.4
v 0.9 6.7 -0.7
v 0.8 6.3 -0.7
v 0.8 6.3 -0.6
v 0.7 6.3 -0.6
v 0.7 6.3 -0.7
v 1.2 6.3 -0.8
v 0.8 6.3 -0.8
v 0.6 6.3 -0.4
v 1.3 6.4 0.4
v 1.3 6.4 0.3
v 0.6 6.4 0.4
v 0.6 6.4 0.3
v 1.3 6.4 -0.3
v 1.3 6.4 -0.4
v 0.6 6.4 -0.3
v 0.6 6.4 -0.4
v 1.7 6.7 -0.2
v 1.7 6.3 0
v 1.7 6.3 0.1
v 1.7 7.3 0.1
v 1.7 7.3 0
v 1.7 7.3 -0.1
v 1.4 6.3 -0.4
v 1.4 6.4 0.4
v 1.4 6.4 0.3
v 0.7 6.4 0.4
v 0.7 6.4 0.3
v 1.4 6.4 -0.3
v 1.4 6.4 -0.4
v 0.7 6.4 -0.3
v 0.7 6.4 -0.4
v 0.3 6.3 0.1
v 0.3 6.7 -0.2
v 1.1 6.8 0.3
v 0.3 6.8 -0.2
v 0.3 7.3 0.1
v 0.3 7.3 0
v 0.3 7.3 -0.1
v 1.3 6.8 -0.1
v 1.1 7.3 0.7
v 1.2 6.7 0.7
v 1 7.3 0.7
v 0.8 6.7 0.7
v 0.8 6.8 0.7
v 0.8 6.9 0.7
v 0.6 6.5 -0.4
v 0.6 6.6 -0.4
v 0.6 7 -0.4
v 0.6 7.1 -0.4
v 1.4 6.3 0.4
v 1.3 6.8 0.1
v 1.2 6.8 -0.7
v 1.1 7.3 -0.7
v 1.2 6.7 -0.7
v 0.8 6.7 -0.7
v 0.8 6.8 -0.7
v 0.8 6.9 -0.7
v 0.6 6.3 0.4
v 0.6 6.5 0.4
v 0.6 6.6 0.4
v 0.7 6.8 0.1
v 0.6 7 0.4
v 0.6 7.1 0.4

vt 0.0292969 0.5
vt 0.0371094 0.5
vt 0.0683594 0.5
vt 0.0722656 0.5
vt 0.0839844 0.5
vt 0.158203 0.5

vn 0 1 0
vn 0 -1 0
vn -1 0 0
vn 1 0 0
vn 0 0 -1
vn 0 0 1

usemtl palette
f 1/3/1 2/3/1 4/3/1
f 4/3/1 2/3/1 3/3/1
f 5/3/1 6/3/1 8/3/1
f 8/3/1 6/3/1 7/3/1
f 9/2/1 10/2/1 12/2/1
f 12/2/1 10/2/1 11/2/1
f 13/3/1 14/3/1 16/3/1
f 16/3/1 14/3/1 15/3/1
f 17/3/1 18/3/1 20/3/1
f 20/3/1 18/3/1 19/3/1
f 21/2/1 22/2/1 24/2/1
f 24/2/1 22/2/1 23/2/1
f 25/3/1 26/3/1 27/3/1
f 27/3/1 26/3/1 1/3/1
f 28/3/1 29/3/1 18/3/1
f 18/3/1 29/3/1 30/3/1
f 31/1/1 32/1/1 34/1/1
f 34/1/1 32/1/1 33/1/1
f 35/1/1 36/1/1 38/1/1
f 38/1/1 36/1/1 37/1/1
f 39/6/1 40/6/1 42/6/1
f 42/6/1 40/6/1 41/6/1
f 43/6/1 44/6/1 46/6/1
f 46/6/1 44/6/1 45/6/1
f 47/1/1 48/1/1 50/1/1
f 50/1/1 48/1/1 49/1/1
f 51/1/1 52/1/1 54/1/1
f 54/1/1 52/1/1 53/1/1
f 55/6/1 56/6/1 58/6/1
f 58/6/1 56/6/1 57/6/1
f 59/6/1 60/6/1 62/6/1
f 62/6/1 60/6/1 61/6/1
f 63/1/1 64/1/1 66/1/1
f 66/1/1 64/1/1 65/1/1
f 67/1/1 68/1/1 70/1/1
f 70/1/1 68/1/1 69/1/1
f 71/6/1 72/6/1 74/6/1
f 74/6/1 72/6/1 73/6/1
f 75/6/1 76/6/1 78/6/1
f 78/6/1 76/6/1 77/6/1
f 79/1/1 80/1/1 82/1/1
f 82/1/1 80/1/1 81/1/1
f 83/1/1 84/1/1 86/1/1
f 86/1/1 84/1/1 85/1/1
f 87/6/1 88/6/1 90/6/1
f 90/6/1 88/6/1 89/6/1
f 91/1/1 92/1/1 94/1/1
f 94/1/1 92/1/1 93/1/1
f 95/1/1 96/1/1 98/1/1
f 98/1/1 96/1/1 97/1/1
f 99/6/1 100/6/1 102/6/1
f 102/6/1 100/6/1 101/6/1
f 103/6/1 104/6/1 106/6/1
f 106/6/1 104/6/1 105/6/1
f 107/1/1 108/1/1 110/1/1
f 110/1/1 108/1/1 109/1/1
f 111/1/1 112/1/1 114/1/1
f 114/1/1 112/1/1 113/1/1
f 115/6/1 116/6/1 118/6/1
f 118/6/1 116/6/1 117/6/1
f 119/6/1 120/6/1 122/6/1
f 122/6/1 120/6/1 121/6/1
f 123/1/1 124/1/1 126/1/1
f 126/1/1 124/1/1 125/1/1
f 127/1/1 128/1/1 130/1/1
f 130/1/1 128/1/1 129/1/1
f 131/6/1 132/6/1 134/6/1
f 134/6/1 132/6/1 133/6/1
f 135/6/1 136/6/1 138/6/1
f 138/6/1 136/6/1 137/6/1
f 139/1/1 140/1/1 142/1/1
f 142/1/1 140/1/1 141/1/1
f 143/1/1 144/1/1 146/1/1
f 146/1/1 144/1/1 145/1/1
f 147/6/1 148/6/1 150/6/1
f 150/6/1 148/6/1 149/6/1
f 151/6/1 152/6/1 154/6/1
f 154/6/1 152/6/1 153/6/1
f 155/1/1 156/1/1 158/1/1
f 158/1/1 156/1/1 157/1/1
f 159/6/1 160/6/1 162/6/1
f 162/6/1 160/6/1 161/6/1
f 163/1/1 164/1/1 166/1/1
f 166/1/1 164/1/1 165/1/1
f 167/6/1 168/6/1 170/6/1
f 170/6/1 168/6/1 169/6/1
f 171/1/1 172/1/1 174/1/1
f 174/1/1 172/1/1 173/1/1
f 175/6/1 176/6/1 178/6/1
f 178/6/1 176/6/1 177/6/1
f 179/1/1 180/1/1 182/1/1
f 182/1/1 180/1/1 181/1/1
f 183/6/1 184/6/1 186/6/1
f 186/6/1 184/6/1 185/6/1
f 187/1/1 188/1/1 190/1/1
f 190/1/1 188/1/1 189/1/1
f 191/1/1 192/1/1 194/1/1
f 194/1/1 192/1/1 193/1/1
f 195/6/1 196/6/1 198/6/1
f 198/6/1 196/6/1 197/6/1
f 199/6/1 200/6/1 202/6/1
f 202/6/1 200/6/1 201/6/1
f 203/1/1 204/1/1 206/1/1
f 206/1/1 204/1/1 205/1/1
f 207/1/1 208/1/1 210/1/1
f 210/1/1 208/1/1 209/1/1
f 211/6/1 212/6/1 214/6/1
f 214/6/1 212/6/1 213/6/1
f 215/6/1 216/6/1 218/6/1
f 218/6/1 216/6/1 217/6/1
f 219/1/1 220/1/1 222/1/1
f 222/1/1 220/1/1 221/1/1
f 223/1/1 224/1/1 226/1/1
f 226/1/1 224/1/1 225/1/1
f 227/6/1 228/6/1 230/6/1
f 230/6/1 228/6/1 229/6/1
f 231/6/1 232/6/1 234/6/1
f 234/6/1 232/6/1 233/6/1
f 235/1/1 236/1/1 238/1/1
f 238/1/1 236/1/1 237/1/1
f 239/1/1 240/1/1 242/1/1
f 242/1/1 240/1/1 241/1/1
f 243/6/1 244/6/1 246/6/1
f 246/6/1 244/6/1 245/6/1
f 247/6/1 248/6/1 250/6/1
f 250/6/1 248/6/1 249/6/1
f 251/1/1 252/1/1 254/1/1
f 254/1/1 252/1/1 253/1/1
f 255/1/1 256/1/1 258/1/1
f 258/1/1 256/1/1 257/1/1
f 259/6/1 260/6/1 262/6/1
f 262/6/1 260/6/1 261/6/1
f 263/6/1 264/6/1 266/6/1
f 266/6/1 264/6/1 265/6/1
f 267/1/1 268/1/1 270/1/1
f 270/1/1 268/1/1 269/1/1
f 271/1/1 272/1/1 274/1/1
f 274/1/1 272/1/1 273/1/1
f 275/6/1 276/6/1 278/6/1
f 278/6/1 276/6/1 277/6/1
f 279/6/1 280/6/1 282/6/1
f 282/6/1 280/6/1 281/6/1
f 283/1/1 284/1/1 286/1/1
f 286/1/1 284/1/1 285/1/1
f 287/1/1 288/1/1 290/1/1
f 290/1/1 288/1/1 289/1/1
f 291/6/1 292/6/1 294/6/1
f 294/6/1 292/6/1 293/6/1
f 295/6/1 296/6/1 298/6/1
f 298/6/1 296/6/1 297/6/1
f 299/1/1 300/1/1 302/1/1
f 302/1/1 300/1/1 301/1/1
f 303/1/1 304/1/1 306/1/1
f 306/1/1 304/1/1 305/1/1
f 307/6/1 308/6/1 310/6/1
f 310/6/1 308/6/1 309/6/1
f 311/1/1 312/1/1 313/1/1
f 313/1/1 312/1/1 31/1/1
f 314/1/1 315/1/1 316/1/1
f 316/1/1 315/1/1 35/1/1
f 317/6/1 318/6/1 319/6/1
f 319/6/1 318/6/1 39/6/1
f 320/6/1 321/6/1 322/6/1
f 322/6/1 321/6/1 43/6/1
f 323/1/1 324/1/1 325/1/1
f 325/1/1 324/1/1 47/1/1
f 326/1/1 327/1/1 328/1/1
f 328/1/1 327/1/1 51/1/1
f 329/6/1 330/6/1 331/6/1
f 331/6/1 330/6/1 55/6/1
f 332/6/1 333/6/1 334/6/1
f 334/6/1 333/6/1 59/6/1
f 335/1/1 336/1/1 337/1/1
f 337/1/1 336/1/1 63/1/1
f 338/1/1 339/1/1 340/1/1
f 340/1/1 339/1/1 67/1/1
f 341/6/1 342/6/1 343/6/1
f 343/6/1 342/6/1 71/6/1
f 344/6/1 345/6/1 346/6/1
f 346/6/1 345/6/1 75/6/1
f 347/1/1 348/1/1 349/1/1
f 349/1/1 348/1/1 79/1/1
f 350/1/1 351/1/1 352/1/1
f 352/1/1 351/1/1 83/1/1
f 353/6/1 354/6/1 355/6/1
f 355/6/1 354/6/1 87/6/1
f 356/1/1 357/1/1 252/1/1
f 252/1/1 357/1/1 358/1/1
f 359/1/1 360/1/1 256/1/1
f 256/1/1 360/1/1 361/1/1
f 362/6/1 363/6/1 260/6/1
f 260/6/1 363/6/1 364/6/1
f 365/6/1 366/6/1 264/6/1
f 264/6/1 366/6/1 367/6/1
f 368/1/1 369/1/1 268/1/1
f 268/1/1 369/1/1 370/1/1
f 371/1/1 372/1/1 272/1/1
f 272/1/1 372/1/1 373/1/1
f 374/6/1 375/6/1 276/6/1
f 276/6/1 375/6/1 376/6/1
f 377/6/1 378/6/1 280/6/1
f 280/6/1 378/6/1 379/6/1
f 380/1/1 381/1/1 284/1/1
f 284/1/1 381/1/1 382/1/1
f 383/1/1 384/1/1 288/1/1
f 288/1/1 384/1/1 385/1/1
f 386/6/1 387/6/1 292/6/1
f 292/6/1 387/6/1 388/6/1
f 389/6/1 390/6/1 296/6/1
f 296/6/1 390/6/1 391/6/1
f 392/1/1 393/1/1 300/1/1
f 300/1/1 393/1/1 394/1/1
f 395/1/1 396/1/1 304/1/1
f 304/1/1 396/1/1 397/1/1
f 398/6/1 399/6/1 308/6/1
f 308/6/1 399/6/1 400/6/1
f 401/1/1 402/1/1 404/1/1
f 404/1/1 402/1/1 403/1/1
f 405/1/1 406/1/1 408/1/1
f 408/1/1 406/1/1 407/1/1
f 409/6/1 410/6/1 412/6/1
f 412/6/1 410/6/1 411/6/1
f 413/6/1 414/6/1 416/6/1
f 416/6/1 414/6/1 415/6/1
f 417/1/1 418/1/1 420/1/1
f 420/1/1 418/1/1 419/1/1
f 421/1/1 422/1/1 424/1/1
f 424/1/1 422/1/1 423/1/1
f 425/6/1 426/6/1 428/6/1
f 428/6/1 426/6/1 427/6/1
f 429/6/1 430/6/1 432/6/1
f 432/6/1 430/6/1 431/6/1
f 433/1/1 434/1/1 436/1/1
f 436/1/1 434/1/1 435/1/1
f 437/1/1 438/1/1 440/1/1
f 440/1/1 438/1/1 439/1/1
f 441/6/1 442/6/1 444/6/1
f 444/6/1 442/6/1 443/6/1
f 445/6/1 446/6/1 448/6/1
f 448/6/1 446/6/1 447/6/1
f 449/1/1 450/1/1 452/1/1
f 452/1/1 450/1/1 451/1/1
f 453/1/1 454/1/1 456/1/1
f 456/1/1 454/1/1 455/1/1
f 457/6/1 458/6/1 460/6/1
f 460/6/1 458/6/1 459/6/1
f 461/6/1 462/6/1 464/6/1
f 464/6/1 462/6/1 463/6/1
f 465/1/1 466/1/1 468/1/1
f 468/1/1 466/1/1 467/1/1
f 469/1/1 470/1/1 472/1/1
f 472/1/1 470/1/1 471/1/1
f 473/6/1 474/6/1 476/6/1
f 476/6/1 474/6/1 475/6/1
f 477/6/1 478/6/1 480/6/1
f 480/6/1 478/6/1 479/6/1
f 481/1/1 482/1/1 484/1/1
f 484/1/1 482/1/1 483/1/1
f 485/1/1 486/1/1 488/1/1
f 488/1/1 486/1/1 487/1/1
f 489/6/1 490/6/1 492/6/1
f 492/6/1 490/6/1 491/6/1
f 493/6/1 494/6/1 496/6/1
f 496/6/1 494/6/1 495/6/1
f 497/1/1 498/1/1 500/1/1
f 500/1/1 498/1/1 499/1/1
f 501/1/1 502/1/1 504/1/1
f 504/1/1 502/1/1 503/1/1
f 505/6/1 506/6/1 508/6/1
f 508/6/1 506/6/1 507/6/1
f 509/6/1 510/6/1 512/6/1
f 512/6/1 510/6/1 511/6/1
f 513/1/1 514/1/1 516/1/1
f 516/1/1 514/1/1 515/1/1
f 517/1/1 518/1/1 520/1/1
f 520/1/1 518/1/1 519/1/1
f 521/6/1 522/6/1 524/6/1
f 524/6/1 522/6/1 523/6/1
f 525/6/1 526/6/1 528/6/1
f 528/6/1 526/6/1 527/6/1
f 529/3/1 530/3/1 532/3/1
f 532/3/1 530/3/1 531/3/1
f 533/6/1 534/6/1 536/6/1
f 536/6/1 534/6/1 535/6/1
f 537/3/1 538/3/1 540/3/1
f 540/3/1 538/3/1 539/3/1
f 541/1/1 542/1/1 544/1/1
f 544/1/1 542/1/1 543/1/1
f 545/6/1 546/6/1 548/6/1
f 548/6/1 546/6/1 547/6/1
f 549/1/1 550/1/1 552/1/1
f 552/1/1 550/1/1 551/1/1
f 553/6/1 554/6/1 556/6/1
f 556/6/1 554/6/1 555/6/1
f 557/1/1 558/1/1 560/1/1
f 560/1/1 558/1/1 559/1/1
f 561/6/1 562/6/1 564/6/1
f 564/6/1 562/6/1 563/6/1
f 565/1/1 566/1/1 568/1/1
f 568/1/1 566/1/1 567/1/1
f 569/6/1 570/6/1 572/6/1
f 572/6/1 570/6/1 571/6/1
f 573/1/1 574/1/1 576/1/1
f 576/1/1 574/1/1 575/1/1
f 577/6/1 578/6/1 580/6/1
f 580/6/1 578/6/1 579/6/1
f 581/1/1 582/1/1 584/1/1
f 584/1/1 582/1/1 583/1/1
f 585/6/1 586/6/1 588/6/1
f 588/6/1 586/6/1 587/6/1
f 589/1/1 590/1/1 592/1/1
f 592/1/1 590/1/1 591/1/1
f 593/6/1 594/6/1 596/6/1
f 596/6/1 594/6/1 595/6/1
f 597/1/1 598/1/1 600/1/1
f 600/1/1 598/1/1 599/1/1
f 601/6/1 602/6/1 604/6/1
f 604/6/1 602/6/1 603/6/1
f 605/1/1 606/1/1 608/1/1
f 608/1/1 606/1/1 607/1/1
f 609/1/1 610/1/1 612/1/1
f 612/1/1 610/1/1 611/1/1
f 613/6/1 614/6/1 616/6/1
f 616/6/1 614/6/1 615/6/1
f 617/6/1 618/6/1 620/6/1
f 620/6/1 618/6/1 619/6/1
f 621/1/1 622/1/1 624/1/1
f 624/1/1 622/1/1 623/1/1
f 625/1/1 626/1/1 628/1/1
f 628/1/1 626/1/1 627/1/1
f 629/6/1 630/6/1 632/6/1
f 632/6/1 630/6/1 631/6/1
f 633/6/1 634/6/1 636/6/1
f 636/6/1 634/6/1 635/6/1
f 637/1/1 638/1/1 640/1/1
f 640/1/1 638/1/1 639/1/1
f 641/1/1 642/1/1 644/1/1
f 644/1/1 642/1/1 643/1/1
f 645/6/1 646/6/1 648/6/1
f 648/6/1 646/6/1 647/6/1
f 649/6/1 650/6/1 652/6/1
f 652/6/1 650/6/1 651/6/1
f 653/1/1 654/1/1 656/1/1
f 656/1/1 654/1/1 655/1/1
f 657/1/1 658/1/1 660/1/1
f 660/1/1 658/1/1 659/1/1
f 661/6/1 662/6/1 664/6/1
f 664/6/1 662/6/1 663/6/1
f 665/6/1 666/6/1 668/6/1
f 668/6/1 666/6/1 667/6/1
f 669/1/1 670/1/1 672/1/1
f 672/1/1 670/1/1 671/1/1
f 673/1/1 674/1/1 676/1/1
f 676/1/1 674/1/1 675/1/1
f 677/6/1 678/6/1 680/6/1
f 680/6/1 678/6/1 679/6/1
f 681/6/1 682/6/1 684/6/1
f 684/6/1 682/6/1 683/6/1
f 685/1/1 686/1/1 688/1/1
f 688/1/1 686/1/1 687/1/1
f 689/1/1 690/1/1 692/1/1
f 692/1/1 690/1/1 691/1/1
f 693/6/1 694/6/1 696/6/1
f 696/6/1 694/6/1 695/6/1
f 697/6/1 698/6/1 700/6/1
f 700/6/1 698/6/1 699/6/1
f 701/1/1 702/1/1 704/1/1
f 704/1/1 702/1/1 703/1/1
f 705/1/1 706/1/1 708/1/1
f 708/1/1 706/1/1 707/1/1
f 709/6/1 710/6/1 712/6/1
f 712/6/1 710/6/1 711/6/1
f 713/6/1 714/6/1 716/6/1
f 716/6/1 714/6/1 715/6/1
f 717/1/1 718/1/1 720/1/1
f 720/1/1 718/1/1 719/1/1
f 721/1/1 722/1/1 724/1/1
f 724/1/1 722/1/1 723/1/1
f 725/6/1 726/6/1 728/6/1
f 728/6/1 726/6/1 727/6/1
f 729/6/1 730/6/1 732/6/1
f 732/6/1 730/6/1 731/6/1
f 733/1/1 734/1/1 736/1/1
f 736/1/1 734/1/1 735/1/1
f 737/1/1 738/1/1 740/1/1
f 740/1/1 738/1/1 739/1/1
f 741/6/1 742/6/1 744/6/1
f 744/6/1 742/6/1 743/6/1
f 745/6/1 746/6/1 748/6/1
f 748/6/1 746/6/1 747/6/1
f 749/1/1 750/1/1 752/1/1
f 752/1/1 750/1/1 751/1/1
f 753/1/1 754/1/1 756/1/1
f 756/1/1 754/1/1 755/1/1
f 757/6/1 758/6/1 760/6/1
f 760/6/1 758/6/1 759/6/1
f 761/6/1 762/6/1 764/6/1
f 764/6/1 762/6/1 763/6/1
f 765/1/1 766/1/1 768/1/1
f 768/1/1 766/1/1 767/1/1
f 769/1/1 770/1/1 772/1/1
f 772/1/1 770/1/1 771/1/1
f 773/6/1 774/6/1 776/6/1
f 776/6/1 774/6/1 775/6/1
f 777/6/1 778/6/1 780/6/1
f 780/6/1 778/6/1 779/6/1
f 781/1/1 782/1/1 784/1/1
f 784/1/1 782/1/1 783/1/1
f 785/1/1 786/1/1 788/1/1
f 788/1/1 786/1/1 787/1/1
f 789/6/1 790/6/1 792/6/1
f 792/6/1 790/6/1 791/6/1
f 793/1/1 794/1/1 796/1/1
f 796/1/1 794/1/1 795/1/1
f 797/1/1 798/1/1 800/1/1
f 800/1/1 798/1/1 799/1/1
f 801/6/1 802/6/1 804/6/1
f 804/6/1 802/6/1 803/6/1
f 805/6/1 806/6/1 808/6/1
f 808/6/1 806/6/1 807/6/1
f 809/1/1 810/1/1 812/1/1
f 812/1/1 810/1/1 811/1/1
f 813/1/1 814/1/1 816/1/1
f 816/1/1 814/1/1 815/1/1
f 817/6/1 818/6/1 820/6/1
f 820/6/1 818/6/1 819/6/1
f 821/6/1 822/6/1 824/6/1
f 824/6/1 822/6/1 823/6/1
f 825/1/1 826/1/1 828/1/1
f 828/1/1 826/1/1 827/1/1
f 829/1/1 830/1/1 832/1/1
f 832/1/1 830/1/1 831/1/1
f 833/6/1 834/6/1 836/6/1
f 836/6/1 834/6/1 835/6/1
f 837/6/1 838/6/1 840/6/1
f 840/6/1 838/6/1 839/6/1
f 841/1/1 842/1/1 844/1/1
f 844/1/1 842/1/1 843/1/1
f 845/1/1 846/1/1 848/1/1
f 848/1/1 846/1/1 847/1/1
f 849/6/1 850/6/1 852/6/1
f 852/6/1 850/6/1 851/6/1
f 853/1/1 854/1/1 734/1/1
f 734/1/1 854/1/1 855/1/1
f 856/1/1 857/1/1 738/1/1
f 738/1/1 857/1/1 858/1/1
f 859/6/1 860/6/1 742/6/1
f 742/6/1 860/6/1 861/6/1
f 862/6/1 863/6/1 746/6/1
f 746/6/1 863/6/1 864/6/1
f 865/1/1 866/1/1 750/1/1
f 750/1/1 866/1/1 867/1/1
f 868/1/1 869/1/1 754/1/1
f 754/1/1 869/1/1 870/1/1
f 871/6/1 872/6/1 758/6/1
f 758/6/1 872/6/1 873/6/1
f 874/6/1 875/6/1 762/6/1
f 762/6/1 875/6/1 876/6/1
f 877/1/1 878/1/1 766/1/1
f 766/1/1 878/1/1 879/1/1
f 880/1/1 881/1/1 770/1/1
f 770/1/1 881/1/1 882/1/1
f 883/6/1 884/6/1 774/6/1
f 774/6/1 884/6/1 885/6/1
f 886/6/1 887/6/1 778/6/1
f 778/6/1 887/6/1 888/6/1
f 889/1/1 890/1/1 782/1/1
f 782/1/1 890/1/1 891/1/1
f 892/1/1 893/1/1 786/1/1
f 786/1/1 893/1/1 894/1/1
f 895/6/1 896/6/1 790/6/1
f 790/6/1 896/6/1 897/6/1
f 898/1/1 899/1/1 901/1/1
f 901/1/1 899/1/1 900/1/1
f 902/1/1 903/1/1 905/1/1
f 905/1/1 903/1/1 904/1/1
f 906/6/1 907/6/1 909/6/1
f 909/6/1 907/6/1 908/6/1
f 910/6/1 911/6/1 913/6/1
f 913/6/1 911/6/1 912/6/1
f 914/1/1 915/1/1 917/1/1
f 917/1/1 915/1/1 916/1/1
f 918/1/1 919/1/1 921/1/1
f 921/1/1 919/1/1 920/1/1
f 922/6/1 923/6/1 925/6/1
f 925/6/1 923/6/1 924/6/1
f 926/6/1 927/6/1 929/6/1
f 929/6/1 927/6/1 928/6/1
f 930/1/1 931/1/1 933/1/1
f 933/1/1 931/1/1 932/1/1
f 934/1/1 935/1/1 937/1/1
f 937/1/1 935/1/1 936/1/1
f 938/6/1 939/6/1 941/6/1
f 941/6/1 939/6/1 940/6/1
f 942/6/1 943/6/1 945/6/1
f 945/6/1 943/6/1 944/6/1
f 946/1/1 947/1/1 949/1/1
f 949/1/1 947/1/1 948/1/1
f 950/1/1 951/1/1 953/1/1
f 953/1/1 951/1/1 952/1/1
f 954/6/1 955/6/1 957/6/1
f 957/6/1 955/6/1 956/6/1
f 958/6/1 959/6/1 961/6/1
f 961/6/1 959/6/1 960/6/1
f 962/1/1 963/1/1 965/1/1
f 965/1/1 963/1/1 964/1/1
f 966/6/1 967/6/1 969/6/1
f 969/6/1 967/6/1 968/6/1
f 970/1/1 971/1/1 973/1/1
f 973/1/1 971/1/1 972/1/1
f 974/6/1 975/6/1 977/6/1
f 977/6/1 975/6/1 976/6/1
f 978/1/1 979/1/1 981/1/1
f 981/1/1 979/1/1 980/1/1
f 982/6/1 983/6/1 985/6/1
f 985/6/1 983/6/1 984/6/1
f 986/1/1 987/1/1 989/1/1
f 989/1/1 987/1/1 988/1/1
f 990/6/1 991/6/1 993/6/1
f 993/6/1 991/6/1 992/6/1
f 994/1/1 995/1/1 997/1/1
f 997/1/1 995/1/1 996/1/1
f 998/1/1 999/1/1 1001/1/1
f 1001/1/1 999/1/1 1000/1/1
f 1002/6/1 1003/6/1 1005/6/1
f 1005/6/1 1003/6/1 1004/6/1
f 1006/6/1 1007/6/1 1009/6/1
f 1009/6/1 1007/6/1 1008/6/1
f 1010/1/1 1011/1/1 1013/1/1
f 1013/1/1 1011/1/1 1012/1/1
f 1014/1/1 1015/1/1 1017/1/1
f 1017/1/1 1015/1/1 1016/1/1
f 1018/6/1 1019/6/1 1021/6/1
f 1021/6/1 1019/6/1 1020/6/1
f 1022/6/1 1023/6/1 1025/6/1
f 1025/6/1 1023/6/1 1024/6/1
f 1026/1/1 1027/1/1 1029/1/1
f 1029/1/1 1027/1/1 1028/1/1
f 1030/1/1 1031/1/1 1033/1/1
f 1033/1/1 1031/1/1 1032/1/1
f 1034/6/1 1035/6/1 1037/6/1
f 1037/6/1 1035/6/1 1036/6/1
f 1038/6/1 1039/6/1 1041/6/1
f 1041/6/1 1039/6/1 1040/6/1
f 1042/1/1 1043/1/1 1045/1/1
f 1045/1/1 1043/1/1 1044/1/1
f 1046/1/1 1047/1/1 1049/1/1
f 1049/1/1 1047/1/1 1048/1/1
f 1050/6/1 1051/6/1 1053/6/1
f 1053/6/1 1051/6/1 1052/6/1
f 1054/6/1 1055/6/1 1057/6/1
f 1057/6/1 1055/6/1 1056/6/1
f 1058/1/1 1059/1/1 1060/1/1
f 1060/1/1 1059/1/1 793/1/1
f 1061/1/1 1062/1/1 1063/1/1
f 1063/1/1 1062/1/1 797/1/1
f 1064/6/1 1065/6/1 1066/6/1
f 1066/6/1 1065/6/1 801/6/1
f 1067/6/1 1068/6/1 1069/6/1
f 1069/6/1 1068/6/1 805/6/1
f 1070/1/1 1071/1/1 1072/1/1
f 1072/1/1 1071/1/1 809/1/1
f 1073/1/1 1074/1/1 1075/1/1
f 1075/1/1 1074/1/1 813/1/1
f 1076/6/1 1077/6/1 1078/6/1
f 1078/6/1 1077/6/1 817/6/1
f 1079/6/1 1080/6/1 1081/6/1
f 1081/6/1 1080/6/1 821/6/1
f 1082/1/1 1083/1/1 1084/1/1
f 1084/1/1 1083/1/1 825/1/1
f 1085/1/1 1086/1/1 1087/1/1
f 1087/1/1 1086/1/1 829/1/1
f 1088/6/1 1089/6/1 1090/6/1
f 1090/6/1 1089/6/1 833/6/1
f 1091/6/1 1092/6/1 1093/6/1
f 1093/6/1 1092/6/1 837/6/1
f 1094/1/1 1095/1/1 1096/1/1
f 1096/1/1 1095/1/1 841/1/1
f 1097/1/1 1098/1/1 1099/1/1
f 1099/1/1 1098/1/1 845/1/1
f 1100/6/1 1101/6/1 1102/6/1
f 1102/6/1 1101/6/1 849/6/1
f 1103/3/1 1104/3/1 1106/3/1
f 1106/3/1 1104/3/1 1105/3/1
f 1107/4/1 1108/4/1 1110/4/1
f 1110/4/1 1108/4/1 1109/4/1
f 1111/4/1 1112/4/1 1114/4/1
f 1114/4/1 1112/4/1 1113/4/1
f 1115/4/1 1116/4/1 1118/4/1
f 1118/4/1 1116/4/1 1117/4/1
f 1119/4/1 1120/4/1 1122/4/1
f 1122/4/1 1120/4/1 1121/4/1
f 1123/4/1 1124/4/1 1126/4/1
f 1126/4/1 1124/4/1 1125/4/1
f 1127/4/1 1128/4/1 1130/4/1
f 1130/4/1 1128/4/1 1129/4/1
f 1131/3/1 1132/3/1 1134/3/1
f 1134/3/1 1132/3/1 1133/3/1
f 1135/3/1 1136/3/1 1138/3/1
f 1138/3/1 1136/3/1 1137/3/1
f 1139/3/1 1140/3/1 1142/3/1
f 1142/3/1 1140/3/1 1141/3/1
f 1143/6/1 1144/6/1 1145/6/1
f 1145/6/1 1144/6/1 536/6/1
f 1144/6/1 1146/6/1 1148/6/1
f 1148/6/1 1146/6/1 1147/6/1
f 1146/6/1 1149/6/1 1150/6/1
f 1150/6/1 1149/6/1 534/6/1
f 1151/3/1 1152/3/1 1154/3/1
f 1154/3/1 1152/3/1 1153/3/1
f 1155/2/1 1156/2/1 1157/2/1
f 1157/2/1 1156/2/1 24/2/1
f 1158/3/1 1159/3/1 1140/3/1
f 1140/3/1 1159/3/1 1160/3/1
f 1161/3/1 1162/3/1 1164/3/1
f 1164/3/1 1162/3/1 1163/3/1
f 1165/3/1 1166/3/1 1168/3/1
f 1168/3/1 1166/3/1 1167/3/1
f 1169/3/1 1170/3/1 1171/3/1
f 1171/3/1 1170/3/1 1151/3/1
f 1156/2/1 1172/2/1 1174/2/1
f 1174/2/1 1172/2/1 1173/2/1
f 1172/2/1 1175/2/1 1176/2/1
f 1176/2/1 1175/2/1 22/2/1
f 1177/2/2 1178/2/2 1180/2/2
f 1180/2/2 1178/2/2 1179/2/2
f 1180/3/2 1179/3/2 1182/3/2
f 1182/3/2 1179/3/2 1181/3/2
f 1145/2/2 1183/2/2 1185/2/2
f 1185/2/2 1183/2/2 1184/2/2
f 1186/3/2 1187/3/2 1189/3/2
f 1189/3/2 1187/3/2 1188/3/2
f 1189/2/2 1188/2/2 1191/2/2
f 1191/2/2 1188/2/2 1190/2/2
f 1192/2/2 1193/2/2 1195/2/2
f 1195/2/2 1193/2/2 1194/2/2
f 1196/2/2 1197/2/2 1199/2/2
f 1199/2/2 1197/2/2 1198/2/2
f 1199/3/2 1198/3/2 1201/3/2
f 1201/3/2 1198/3/2 1200/3/2
f 1202/2/2 1203/2/2 1205/2/2
f 1205/2/2 1203/2/2 1204/2/2
f 1206/3/2 1207/3/2 1209/3/2
f 1209/3/2 1207/3/2 1208/3/2
f 1210/2/2 1211/2/2 535/2/2
f 535/2/2 1211/2/2 1212/2/2
f 1209/2/2 1208/2/2 1214/2/2
f 1214/2/2 1208/2/2 1213/2/2
f 1215/5/2 1191/5/2 1216/5/2
f 1216/5/2 1191/5/2 1196/5/2
f 1217/3/2 1177/3/2 1218/3/2
f 1218/3/2 1177/3/2 1180/3/2
f 1219/2/2 1220/2/2 1221/2/2
f 1221/2/2 1220/2/2 1145/2/2
f 1222/3/2 1209/3/2 1223/3/2
f 1223/3/2 1209/3/2 1214/3/2
f 1224/2/2 535/2/2 1226/2/2
f 1226/2/2 535/2/2 1225/2/2
f 1227/6/2 1217/6/2 1228/6/2
f 1228/6/2 1217/6/2 1218/6/2
f 1229/6/2 1222/6/2 1230/6/2
f 1230/6/2 1222/6/2 1223/6/2
f 1231/1/2 1232/1/2 1234/1/2
f 1234/1/2 1232/1/2 1233/1/2
f 1235/1/2 1236/1/2 1238/1/2
f 1238/1/2 1236/1/2 1237/1/2
f 1239/1/2 1240/1/2 95/1/2
f 95/1/2 1240/1/2 98/1/2
f 1241/6/2 1242/6/2 1244/6/2
f 1244/6/2 1242/6/2 1243/6/2
f 1245/6/2 1246/6/2 103/6/2
f 103/6/2 1246/6/2 106/6/2
f 1247/1/2 1248/1/2 1250/1/2
f 1250/1/2 1248/1/2 1249/1/2
f 1251/1/2 1252/1/2 111/1/2
f 111/1/2 1252/1/2 114/1/2
f 1253/6/2 1254/6/2 1256/6/2
f 1256/6/2 1254/6/2 1255/6/2
f 1257/6/2 1258/6/2 119/6/2
f 119/6/2 1258/6/2 122/6/2
f 1259/1/2 1260/1/2 1262/1/2
f 1262/1/2 1260/1/2 1261/1/2
f 1263/1/2 1264/1/2 127/1/2
f 127/1/2 1264/1/2 130/1/2
f 1265/6/2 1266/6/2 1268/6/2
f 1268/6/2 1266/6/2 1267/6/2
f 1269/6/2 1270/6/2 135/6/2
f 135/6/2 1270/6/2 138/6/2
f 1271/1/2 1272/1/2 1274/1/2
f 1274/1/2 1272/1/2 1273/1/2
f 1275/1/2 1276/1/2 143/1/2
f 143/1/2 1276/1/2 146/1/2
f 1277/6/2 1278/6/2 1280/6/2
f 1280/6/2 1278/6/2 1279/6/2
f 32/1/2 33/1/2 1282/1/2
f 1282/1/2 33/1/2 1281/1/2
f 1283/1/2 1284/1/2 155/1/2
f 155/1/2 1284/1/2 158/1/2
f 40/6/2 41/6/2 1286/6/2
f 1286/6/2 41/6/2 1285/6/2
f 1287/6/2 1288/6/2 159/6/2
f 159/6/2 1288/6/2 162/6/2
f 48/1/2 49/1/2 1290/1/2
f 1290/1/2 49/1/2 1289/1/2
f 1291/1/2 1292/1/2 163/1/2
f 163/1/2 1292/1/2 166/1/2
f 56/6/2 57/6/2 1294/6/2
f 1294/6/2 57/6/2 1293/6/2
f 1295/6/2 1296/6/2 167/6/2
f 167/6/2 1296/6/2 170/6/2
f 64/1/2 65/1/2 1298/1/2
f 1298/1/2 65/1/2 1297/1/2
f 1299/1/2 1300/1/2 171/1/2
f 171/1/2 1300/1/2 174/1/2
f 72/6/2 73/6/2 1302/6/2
f 1302/6/2 73/6/2 1301/6/2
f 1303/6/2 1304/6/2 175/6/2
f 175/6/2 1304/6/2 178/6/2
f 80/1/2 81/1/2 1306/1/2
f 1306/1/2 81/1/2 1305/1/2
f 1307/1/2 1308/1/2 179/1/2
f 179/1/2 1308/1/2 182/1/2
f 88/6/2 89/6/2 1310/6/2
f 1310/6/2 89/6/2 1309/6/2
f 1311/6/2 1312/6/2 183/6/2
f 183/6/2 1312/6/2 186/6/2
f 92/1/2 93/1/2 187/1/2
f 187/1/2 93/1/2 190/1/2
f 100/6/2 101/6/2 195/6/2
f 195/6/2 101/6/2 198/6/2
f 108/1/2 109/1/2 203/1/2
f 203/1/2 109/1/2 206/1/2
f 116/6/2 117/6/2 211/6/2
f 211/6/2 117/6/2 214/6/2
f 124/1/2 125/1/2 219/1/2
f 219/1/2 125/1/2 222/1/2
f 132/6/2 133/6/2 227/6/2
f 227/6/2 133/6/2 230/6/2
f 140/1/2 141/1/2 235/1/2
f 235/1/2 141/1/2 238/1/2
f 148/6/2 149/6/2 243/6/2
f 243/6/2 149/6/2 246/6/2
f 1313/1/2 1314/1/2 251/1/2
f 251/1/2 1314/1/2 254/1/2
f 156/1/2 157/1/2 1316/1/2
f 1316/1/2 157/1/2 1315/1/2
f 1317/6/2 1318/6/2 259/6/2
f 259/6/2 1318/6/2 262/6/2
f 160/6/2 161/6/2 1320/6/2
f 1320/6/2 161/6/2 1319/6/2
f 1321/1/2 1322/1/2 267/1/2
f 267/1/2 1322/1/2 270/1/2
f 164/1/2 165/1/2 1324/1/2
f 1324/1/2 165/1/2 1323/1/2
f 1325/6/2 1326/6/2 275/6/2
f 275/6/2 1326/6/2 278/6/2
f 168/6/2 169/6/2 1328/6/2
f 1328/6/2 169/6/2 1327/6/2
f 1329/1/2 1330/1/2 283/1/2
f 283/1/2 1330/1/2 286/1/2
f 172/1/2 173/1/2 1332/1/2
f 1332/1/2 173/1/2 1331/1/2
f 1333/6/2 1334/6/2 291/6/2
f 291/6/2 1334/6/2 294/6/2
f 176/6/2 177/6/2 1336/6/2
f 1336/6/2 177/6/2 1335/6/2
f 1337/1/2 1338/1/2 299/1/2
f 299/1/2 1338/1/2 302/1/2
f 180/1/2 181/1/2 1340/1/2
f 1340/1/2 181/1/2 1339/1/2
f 1341/6/2 1342/6/2 307/6/2
f 307/6/2 1342/6/2 310/6/2
f 184/6/2 185/6/2 1344/6/2
f 1344/6/2 185/6/2 1343/6/2
f 1345/1/2 1346/1/2 1348/1/2
f 1348/1/2 1346/1/2 1347/1/2
f 192/1/2 193/1/2 1350/1/2
f 1350/1/2 193/1/2 1349/1/2
f 1351/6/2 1352/6/2 1354/6/2
f 1354/6/2 1352/6/2 1353/6/2
f 200/6/2 201/6/2 1356/6/2
f 1356/6/2 201/6/2 1355/6/2
f 1357/1/2 1358/1/2 1360/1/2
f 1360/1/2 1358/1/2 1359/1/2
f 208/1/2 209/1/2 1362/1/2
f 1362/1/2 209/1/2 1361/1/2
f 1363/6/2 1364/6/2 1366/6/2
f 1366/6/2 1364/6/2 1365/6/2
f 216/6/2 217/6/2 1368/6/2
f 1368/6/2 217/6/2 1367/6/2
f 1369/1/2 1370/1/2 1372/1/2
f 1372/1/2 1370/1/2 1371/1/2
f 224/1/2 225/1/2 1374/1/2
f 1374/1/2 225/1/2 1373/1/2
f 1375/6/2 1376/6/2 1378/6/2
f 1378/6/2 1376/6/2 1377/6/2
f 232/6/2 233/6/2 1380/6/2
f 1380/6/2 233/6/2 1379/6/2
f 1381/1/2 1382/1/2 1384/1/2
f 1384/1/2 1382/1/2 1383/1/2
f 240/1/2 241/1/2 1386/1/2
f 1386/1/2 241/1/2 1385/1/2
f 1387/6/2 1388/6/2 1390/6/2
f 1390/6/2 1388/6/2 1389/6/2
f 1391/1/2 1392/1/2 1394/1/2
f 1394/1/2 1392/1/2 1393/1/2
f 1395/1/2 1396/1/2 1397/1/2
f 1397/1/2 1396/1/2 1235/1/2
f 408/1/2 1398/1/2 407/1/2
f 407/1/2 1398/1/2 1239/1/2
f 1399/6/2 1400/6/2 1401/6/2
f 1401/6/2 1400/6/2 1241/6/2
f 416/6/2 1402/6/2 415/6/2
f 415/6/2 1402/6/2 1245/6/2
f 1403/1/2 1404/1/2 1405/1/2
f 1405/1/2 1404/1/2 1247/1/2
f 424/1/2 1406/1/2 423/1/2
f 423/1/2 1406/1/2 1251/1/2
f 1407/6/2 1408/6/2 1409/6/2
f 1409/6/2 1408/6/2 1253/6/2
f 432/6/2 1410/6/2 431/6/2
f 431/6/2 1410/6/2 1257/6/2
f 1411/1/2 1412/1/2 1413/1/2
f 1413/1/2 1412/1/2 1259/1/2
f 440/1/2 1414/1/2 439/1/2
f 439/1/2 1414/1/2 1263/1/2
f 1415/6/2 1416/6/2 1417/6/2
f 1417/6/2 1416/6/2 1265/6/2
f 448/6/2 1418/6/2 447/6/2
f 447/6/2 1418/6/2 1269/6/2
f 1419/1/2 1420/1/2 1421/1/2
f 1421/1/2 1420/1/2 1271/1/2
f 456/1/2 1422/1/2 455/1/2
f 455/1/2 1422/1/2 1275/1/2
f 1423/6/2 1424/6/2 1425/6/2
f 1425/6/2 1424/6/2 1277/6/2
f 1426/1/2 1348/1/2 1428/1/2
f 1428/1/2 1348/1/2 1427/1/2
f 472/1/2 1350/1/2 471/1/2
f 471/1/2 1350/1/2 1429/1/2
f 1430/6/2 1354/6/2 1432/6/2
f 1432/6/2 1354/6/2 1431/6/2
f 480/6/2 1356/6/2 479/6/2
f 479/6/2 1356/6/2 1433/6/2
f 1434/1/2 1360/1/2 1436/1/2
f 1436/1/2 1360/1/2 1435/1/2
f 488/1/2 1362/1/2 487/1/2
f 487/1/2 1362/1/2 1437/1/2
f 1438/6/2 1366/6/2 1440/6/2
f 1440/6/2 1366/6/2 1439/6/2
f 496/6/2 1368/6/2 495/6/2
f 495/6/2 1368/6/2 1441/6/2
f 1442/1/2 1372/1/2 1444/1/2
f 1444/1/2 1372/1/2 1443/1/2
f 504/1/2 1374/1/2 503/1/2
f 503/1/2 1374/1/2 1445/1/2
f 1446/6/2 1378/6/2 1448/6/2
f 1448/6/2 1378/6/2 1447/6/2
f 512/6/2 1380/6/2 511/6/2
f 511/6/2 1380/6/2 1449/6/2
f 1450/1/2 1384/1/2 1452/1/2
f 1452/1/2 1384/1/2 1451/1/2
f 520/1/2 1386/1/2 519/1/2
f 519/1/2 1386/1/2 1453/1/2
f 1454/6/2 1390/6/2 1456/6/2
f 1456/6/2 1390/6/2 1455/6/2
f 1457/1/2 311/1/2 1458/1/2
f 1458/1/2 311/1/2 312/1/2
f 544/1/2 1459/1/2 543/1/2
f 543/1/2 1459/1/2 1460/1/2
f 1461/6/2 317/6/2 1462/6/2
f 1462/6/2 317/6/2 318/6/2
f 548/6/2 1463/6/2 547/6/2
f 547/6/2 1463/6/2 1464/6/2
f 1465/1/2 323/1/2 1466/1/2
f 1466/1/2 323/1/2 324/1/2
f 552/1/2 1467/1/2 551/1/2
f 551/1/2 1467/1/2 1468/1/2
f 1469/6/2 329/6/2 1470/6/2
f 1470/6/2 329/6/2 330/6/2
f 556/6/2 1471/6/2 555/6/2
f 555/6/2 1471/6/2 1472/6/2
f 1473/1/2 335/1/2 1474/1/2
f 1474/1/2 335/1/2 336/1/2
f 560/1/2 1475/1/2 559/1/2
f 559/1/2 1475/1/2 1476/1/2
f 1477/6/2 341/6/2 1478/6/2
f 1478/6/2 341/6/2 342/6/2
f 564/6/2 1479/6/2 563/6/2
f 563/6/2 1479/6/2 1480/6/2
f 1481/1/2 347/1/2 1482/1/2
f 1482/1/2 347/1/2 348/1/2
f 568/1/2 1483/1/2 567/1/2
f 567/1/2 1483/1/2 1484/1/2
f 1485/6/2 353/6/2 1486/6/2
f 1486/6/2 353/6/2 354/6/2
f 572/6/2 1487/6/2 571/6/2
f 571/6/2 1487/6/2 1488/6/2
f 1489/1/2 356/1/2 1490/1/2
f 1490/1/2 356/1/2 357/1/2
f 576/1/2 1491/1/2 575/1/2
f 575/1/2 1491/1/2 1492/1/2
f 1493/6/2 362/6/2 1494/6/2
f 1494/6/2 362/6/2 363/6/2
f 580/6/2 1495/6/2 579/6/2
f 579/6/2 1495/6/2 1496/6/2
f 1497/1/2 368/1/2 1498/1/2
f 1498/1/2 368/1/2 369/1/2
f 584/1/2 1499/1/2 583/1/2
f 583/1/2 1499/1/2 1500/1/2
f 1501/6/2 374/6/2 1502/6/2
f 1502/6/2 374/6/2 375/6/2
f 588/6/2 1503/6/2 587/6/2
f 587/6/2 1503/6/2 1504/6/2
f 1505/1/2 380/1/2 1506/1/2
f 1506/1/2 380/1/2 381/1/2
f 592/1/2 1507/1/2 591/1/2
f 591/1/2 1507/1/2 1508/1/2
f 1509/6/2 386/6/2 1510/6/2
f 1510/6/2 386/6/2 387/6/2
f 596/6/2 1511/6/2 595/6/2
f 595/6/2 1511/6/2 1512/6/2
f 1513/1/2 392/1/2 1514/1/2
f 1514/1/2 392/1/2 393/1/2
f 600/1/2 1515/1/2 599/1/2
f 599/1/2 1515/1/2 1516/1/2
f 1517/6/2 398/6/2 1518/6/2
f 1518/6/2 398/6/2 399/6/2
f 604/6/2 1519/6/2 603/6/2
f 603/6/2 1519/6/2 1520/6/2
f 1521/3/2 1227/3/2 1522/3/2
f 1522/3/2 1227/3/2 1228/3/2
f 1523/2/2 1524/2/2 1526/2/2
f 1526/2/2 1524/2/2 1525/2/2
f 1527/3/2 1229/3/2 1528/3/2
f 1528/3/2 1229/3/2 1230/3/2
f 534/2/2 1529/2/2 1531/2/2
f 1531/2/2 1529/2/2 1530/2/2
f 608/1/2 401/1/2 607/1/2
f 607/1/2 401/1/2 402/1/2
f 616/6/2 409/6/2 615/6/2
f 615/6/2 409/6/2 410/6/2
f 624/1/2 417/1/2 623/1/2
f 623/1/2 417/1/2 418/1/2
f 632/6/2 425/6/2 631/6/2
f 631/6/2 425/6/2 426/6/2
f 640/1/2 433/1/2 639/1/2
f 639/1/2 433/1/2 434/1/2
f 648/6/2 441/6/2 647/6/2
f 647/6/2 441/6/2 442/6/2
f 656/1/2 449/1/2 655/1/2
f 655/1/2 449/1/2 450/1/2
f 664/6/2 457/6/2 663/6/2
f 663/6/2 457/6/2 458/6/2
f 672/1/2 465/1/2 671/1/2
f 671/1/2 465/1/2 466/1/2
f 680/6/2 473/6/2 679/6/2
f 679/6/2 473/6/2 474/6/2
f 688/1/2 481/1/2 687/1/2
f 687/1/2 481/1/2 482/1/2
f 696/6/2 489/6/2 695/6/2
f 695/6/2 489/6/2 490/6/2
f 704/1/2 497/1/2 703/1/2
f 703/1/2 497/1/2 498/1/2
f 712/6/2 505/6/2 711/6/2
f 711/6/2 505/6/2 506/6/2
f 720/1/2 513/1/2 719/1/2
f 719/1/2 513/1/2 514/1/2
f 728/6/2 521/6/2 727/6/2
f 727/6/2 521/6/2 522/6/2
f 1532/6/2 1521/6/2 1533/6/2
f 1533/6/2 1521/6/2 1522/6/2
f 1534/6/2 1527/6/2 1535/6/2
f 1535/6/2 1527/6/2 1528/6/2
f 736/1/2 1536/1/2 735/1/2
f 735/1/2 1536/1/2 1537/1/2
f 1538/1/2 541/1/2 1539/1/2
f 1539/1/2 541/1/2 542/1/2
f 744/6/2 1540/6/2 743/6/2
f 743/6/2 1540/6/2 1541/6/2
f 1542/6/2 545/6/2 1543/6/2
f 1543/6/2 545/6/2 546/6/2
f 752/1/2 1544/1/2 751/1/2
f 751/1/2 1544/1/2 1545/1/2
f 1546/1/2 549/1/2 1547/1/2
f 1547/1/2 549/1/2 550/1/2
f 760/6/2 1548/6/2 759/6/2
f 759/6/2 1548/6/2 1549/6/2
f 1550/6/2 553/6/2 1551/6/2
f 1551/6/2 553/6/2 554/6/2
f 768/1/2 1552/1/2 767/1/2
f 767/1/2 1552/1/2 1553/1/2
f 1554/1/2 557/1/2 1555/1/2
f 1555/1/2 557/1/2 558/1/2
f 776/6/2 1556/6/2 775/6/2
f 775/6/2 1556/6/2 1557/6/2
f 1558/6/2 561/6/2 1559/6/2
f 1559/6/2 561/6/2 562/6/2
f 784/1/2 1560/1/2 783/1/2
f 783/1/2 1560/1/2 1561/1/2
f 1562/1/2 565/1/2 1563/1/2
f 1563/1/2 565/1/2 566/1/2
f 792/6/2 1564/6/2 791/6/2
f 791/6/2 1564/6/2 1565/6/2
f 1566/6/2 569/6/2 1567/6/2
f 1567/6/2 569/6/2 570/6/2
f 796/1/2 1568/1/2 795/1/2
f 795/1/2 1568/1/2 1569/1/2
f 1570/1/2 573/1/2 1571/1/2
f 1571/1/2 573/1/2 574/1/2
f 804/6/2 1572/6/2 803/6/2
f 803/6/2 1572/6/2 1573/6/2
f 1574/6/2 577/6/2 1575/6/2
f 1575/6/2 577/6/2 578/6/2
f 812/1/2 1576/1/2 811/1/2
f 811/1/2 1576/1/2 1577/1/2
f 1578/1/2 581/1/2 1579/1/2
f 1579/1/2 581/1/2 582/1/2
f 820/6/2 1580/6/2 819/6/2
f 819/6/2 1580/6/2 1581/6/2
f 1582/6/2 585/6/2 1583/6/2
f 1583/6/2 585/6/2 586/6/2
f 828/1/2 1584/1/2 827/1/2
f 827/1/2 1584/1/2 1585/1/2
f 1586/1/2 589/1/2 1587/1/2
f 1587/1/2 589/1/2 590/1/2
f 836/6/2 1588/6/2 835/6/2
f 835/6/2 1588/6/2 1589/6/2
f 1590/6/2 593/6/2 1591/6/2
f 1591/6/2 593/6/2 594/6/2
f 844/1/2 1592/1/2 843/1/2
f 843/1/2 1592/1/2 1593/1/2
f 1594/1/2 597/1/2 1595/1/2
f 1595/1/2 597/1/2 598/1/2
f 852/6/2 1596/6/2 851/6/2
f 851/6/2 1596/6/2 1597/6/2
f 1598/6/2 601/6/2 1599/6/2
f 1599/6/2 601/6/2 602/6/2
f 1600/1/2 1601/1/2 1603/1/2
f 1603/1/2 1601/1/2 1602/1/2
f 1604/1/2 609/1/2 1605/1/2
f 1605/1/2 609/1/2 610/1/2
f 1606/6/2 1607/6/2 1609/6/2
f 1609/6/2 1607/6/2 1608/6/2
f 1610/6/2 617/6/2 1611/6/2
f 1611/6/2 617/6/2 618/6/2
f 1612/1/2 1613/1/2 1615/1/2
f 1615/1/2 1613/1/2 1614/1/2
f 1616/1/2 625/1/2 1617/1/2
f 1617/1/2 625/1/2 626/1/2
f 1618/6/2 1619/6/2 1621/6/2
f 1621/6/2 1619/6/2 1620/6/2
f 1622/6/2 633/6/2 1623/6/2
f 1623/6/2 633/6/2 634/6/2
f 1624/1/2 1625/1/2 1627/1/2
f 1627/1/2 1625/1/2 1626/1/2
f 1628/1/2 641/1/2 1629/1/2
f 1629/1/2 641/1/2 642/1/2
f 1630/6/2 1631/6/2 1633/6/2
f 1633/6/2 1631/6/2 1632/6/2
f 1634/6/2 649/6/2 1635/6/2
f 1635/6/2 649/6/2 650/6/2
f 1636/1/2 1637/1/2 1639/1/2
f 1639/1/2 1637/1/2 1638/1/2
f 1640/1/2 657/1/2 1641/1/2
f 1641/1/2 657/1/2 658/1/2
f 1642/6/2 1643/6/2 1645/6/2
f 1645/6/2 1643/6/2 1644/6/2
f 1646/1/2 1647/1/2 1649/1/2
f 1649/1/2 1647/1/2 1648/1/2
f 1650/1/2 673/1/2 1651/1/2
f 1651/1/2 673/1/2 674/1/2
f 1652/6/2 1653/6/2 1655/6/2
f 1655/6/2 1653/6/2 1654/6/2
f 1656/6/2 681/6/2 1657/6/2
f 1657/6/2 681/6/2 682/6/2
f 1658/1/2 1659/1/2 1661/1/2
f 1661/1/2 1659/1/2 1660/1/2
f 1662/1/2 689/1/2 1663/1/2
f 1663/1/2 689/1/2 690/1/2
f 1664/6/2 1665/6/2 1667/6/2
f 1667/6/2 1665/6/2 1666/6/2
f 1668/6/2 697/6/2 1669/6/2
f 1669/6/2 697/6/2 698/6/2
f 1670/1/2 1671/1/2 1673/1/2
f 1673/1/2 1671/1/2 1672/1/2
f 1674/1/2 705/1/2 1675/1/2
f 1675/1/2 705/1/2 706/1/2
f 1676/6/2 1677/6/2 1679/6/2
f 1679/6/2 1677/6/2 1678/6/2
f 1680/6/2 713/6/2 1681/6/2
f 1681/6/2 713/6/2 714/6/2
f 1682/1/2 1683/1/2 1685/1/2
f 1685/1/2 1683/1/2 1684/1/2
f 1686/1/2 721/1/2 1687/1/2
f 1687/1/2 721/1/2 722/1/2
f 1688/6/2 1689/6/2 1691/6/2
f 1691/6/2 1689/6/2 1690/6/2
f 1692/1/2 1693/1/2 1695/1/2
f 1695/1/2 1693/1/2 1694/1/2
f 1696/1/2 1603/1/2 1698/1/2
f 1698/1/2 1603/1/2 1697/1/2
f 1699/1/2 1605/1/2 902/1/2
f 902/1/2 1605/1/2 905/1/2
f 1700/6/2 1609/6/2 1702/6/2
f 1702/6/2 1609/6/2 1701/6/2
f 1703/6/2 1611/6/2 910/6/2
f 910/6/2 1611/6/2 913/6/2
f 1704/1/2 1615/1/2 1706/1/2
f 1706/1/2 1615/1/2 1705/1/2
f 1707/1/2 1617/1/2 918/1/2
f 918/1/2 1617/1/2 921/1/2
f 1708/6/2 1621/6/2 1710/6/2
f 1710/6/2 1621/6/2 1709/6/2
f 1711/6/2 1623/6/2 926/6/2
f 926/6/2 1623/6/2 929/6/2
f 1712/1/2 1627/1/2 1714/1/2
f 1714/1/2 1627/1/2 1713/1/2
f 1715/1/2 1629/1/2 934/1/2
f 934/1/2 1629/1/2 937/1/2
f 1716/6/2 1633/6/2 1718/6/2
f 1718/6/2 1633/6/2 1717/6/2
f 1719/6/2 1635/6/2 942/6/2
f 942/6/2 1635/6/2 945/6/2
f 1720/1/2 1639/1/2 1722/1/2
f 1722/1/2 1639/1/2 1721/1/2
f 1723/1/2 1641/1/2 950/1/2
f 950/1/2 1641/1/2 953/1/2
f 1724/6/2 1645/6/2 1726/6/2
f 1726/6/2 1645/6/2 1725/6/2
f 854/1/2 855/1/2 1728/1/2
f 1728/1/2 855/1/2 1727/1/2
f 1729/1/2 1730/1/2 962/1/2
f 962/1/2 1730/1/2 965/1/2
f 860/6/2 861/6/2 1732/6/2
f 1732/6/2 861/6/2 1731/6/2
f 1733/6/2 1734/6/2 966/6/2
f 966/6/2 1734/6/2 969/6/2
f 866/1/2 867/1/2 1736/1/2
f 1736/1/2 867/1/2 1735/1/2
f 1737/1/2 1738/1/2 970/1/2
f 970/1/2 1738/1/2 973/1/2
f 872/6/2 873/6/2 1740/6/2
f 1740/6/2 873/6/2 1739/6/2
f 1741/6/2 1742/6/2 974/6/2
f 974/6/2 1742/6/2 977/6/2
f 878/1/2 879/1/2 1744/1/2
f 1744/1/2 879/1/2 1743/1/2
f 1745/1/2 1746/1/2 978/1/2
f 978/1/2 1746/1/2 981/1/2
f 884/6/2 885/6/2 1748/6/2
f 1748/6/2 885/6/2 1747/6/2
f 1749/6/2 1750/6/2 982/6/2
f 982/6/2 1750/6/2 985/6/2
f 890/1/2 891/1/2 1752/1/2
f 1752/1/2 891/1/2 1751/1/2
f 1753/1/2 1754/1/2 986/1/2
f 986/1/2 1754/1/2 989/1/2
f 896/6/2 897/6/2 1756/6/2
f 1756/6/2 897/6/2 1755/6/2
f 1757/6/2 1758/6/2 990/6/2
f 990/6/2 1758/6/2 993/6/2
f 899/1/2 900/1/2 994/1/2
f 994/1/2 900/1/2 997/1/2
f 907/6/2 908/6/2 1002/6/2
f 1002/6/2 908/6/2 1005/6/2
f 915/1/2 916/1/2 1010/1/2
f 1010/1/2 916/1/2 1013/1/2
f 923/6/2 924/6/2 1018/6/2
f 1018/6/2 924/6/2 1021/6/2
f 931/1/2 932/1/2 1026/1/2
f 1026/1/2 932/1/2 1029/1/2
f 939/6/2 940/6/2 1034/6/2
f 1034/6/2 940/6/2 1037/6/2
f 947/1/2 948/1/2 1042/1/2
f 1042/1/2 948/1/2 1045/1/2
f 955/6/2 956/6/2 1050/6/2
f 1050/6/2 956/6/2 1053/6/2
f 1759/1/2 1760/1/2 1058/1/2
f 1058/1/2 1760/1/2 1060/1/2
f 963/1/2 964/1/2 1762/1/2
f 1762/1/2 964/1/2 1761/1/2
f 1763/6/2 1764/6/2 1064/6/2
f 1064/6/2 1764/6/2 1066/6/2
f 967/6/2 968/6/2 1766/6/2
f 1766/6/2 968/6/2 1765/6/2
f 1767/1/2 1768/1/2 1070/1/2
f 1070/1/2 1768/1/2 1072/1/2
f 971/1/2 972/1/2 1770/1/2
f 1770/1/2 972/1/2 1769/1/2
f 1771/6/2 1772/6/2 1076/6/2
f 1076/6/2 1772/6/2 1078/6/2
f 975/6/2 976/6/2 1774/6/2
f 1774/6/2 976/6/2 1773/6/2
f 1775/1/2 1776/1/2 1082/1/2
f 1082/1/2 1776/1/2 1084/1/2
f 979/1/2 980/1/2 1778/1/2
f 1778/1/2 980/1/2 1777/1/2
f 1779/6/2 1780/6/2 1088/6/2
f 1088/6/2 1780/6/2 1090/6/2
f 983/6/2 984/6/2 1782/6/2
f 1782/6/2 984/6/2 1781/6/2
f 1783/1/2 1784/1/2 1094/1/2
f 1094/1/2 1784/1/2 1096/1/2
f 987/1/2 988/1/2 1786/1/2
f 1786/1/2 988/1/2 1785/1/2
f 1787/6/2 1788/6/2 1100/6/2
f 1100/6/2 1788/6/2 1102/6/2
f 991/6/2 992/6/2 1790/6/2
f 1790/6/2 992/6/2 1789/6/2
f 1791/1/2 1792/1/2 1793/1/2
f 1793/1/2 1792/1/2 1646/1/2
f 999/1/2 1000/1/2 1794/1/2
f 1794/1/2 1000/1/2 1650/1/2
f 1795/6/2 1796/6/2 1797/6/2
f 1797/6/2 1796/6/2 1652/6/2
f 1007/6/2 1008/6/2 1798/6/2
f 1798/6/2 1008/6/2 1656/6/2
f 1799/1/2 1800/1/2 1801/1/2
f 1801/1/2 1800/1/2 1658/1/2
f 1015/1/2 1016/1/2 1802/1/2
f 1802/1/2 1016/1/2 1662/1/2
f 1803/6/2 1804/6/2 1805/6/2
f 1805/6/2 1804/6/2 1664/6/2
f 1023/6/2 1024/6/2 1806/6/2
f 1806/6/2 1024/6/2 1668/6/2
f 1807/1/2 1808/1/2 1809/1/2
f 1809/1/2 1808/1/2 1670/1/2
f 1031/1/2 1032/1/2 1810/1/2
f 1810/1/2 1032/1/2 1674/1/2
f 1811/6/2 1812/6/2 1813/6/2
f 1813/6/2 1812/6/2 1676/6/2
f 1039/6/2 1040/6/2 1814/6/2
f 1814/6/2 1040/6/2 1680/6/2
f 1815/1/2 1816/1/2 1817/1/2
f 1817/1/2 1816/1/2 1682/1/2
f 1047/1/2 1048/1/2 1818/1/2
f 1818/1/2 1048/1/2 1686/1/2
f 1819/6/2 1820/6/2 1821/6/2
f 1821/6/2 1820/6/2 1688/6/2
f 1822/1/2 1823/1/2 1825/1/2
f 1825/1/2 1823/1/2 1824/1/2
f 1826/3/2 1532/3/2 1827/3/2
f 1827/3/2 1532/3/2 1533/3/2
f 1828/2/2 1829/2/2 1831/2/2
f 1831/2/2 1829/2/2 1830/2/2
f 1832/4/2 1833/4/2 1835/4/2
f 1835/4/2 1833/4/2 1834/4/2
f 1836/4/2 1837/4/2 1839/4/2
f 1839/4/2 1837/4/2 1838/4/2
f 1840/4/2 1841/4/2 1843/4/2
f 1843/4/2 1841/4/2 1842/4/2
f 1844/4/2 1845/4/2 1847/4/2
f 1847/4/2 1845/4/2 1846/4/2
f 1848/4/2 1849/4/2 1851/4/2
f 1851/4/2 1849/4/2 1850/4/2
f 1852/4/2 1853/4/2 1855/4/2
f 1855/4/2 1853/4/2 1854/4/2
f 1856/3/2 1534/3/2 1857/3/2
f 1857/3/2 1534/3/2 1535/3/2
f 1858/2/2 1859/2/2 1861/2/2
f 1861/2/2 1859/2/2 1860/2/2
f 1862/6/2 1826/6/2 1863/6/2
f 1863/6/2 1826/6/2 1827/6/2
f 1864/6/2 1856/6/2 1865/6/2
f 1865/6/2 1856/6/2 1857/6/2
f 1866/3/2 1862/3/2 1867/3/2
f 1867/3/2 1862/3/2 1863/3/2
f 1868/2/2 1869/2/2 1143/2/2
f 1143/2/2 1869/2/2 1870/2/2
f 1867/6/2 1180/6/2 1871/6/2
f 1871/6/2 1180/6/2 1182/6/2
f 1871/6/2 1181/6/2 1872/6/2
f 1872/6/2 1181/6/2 1187/6/2
f 1872/6/2 1186/6/2 1873/6/2
f 1873/6/2 1186/6/2 1191/6/2
f 1873/6/2 1215/6/2 1874/6/2
f 1874/6/2 1215/6/2 1216/6/2
f 1874/6/2 1196/6/2 1875/6/2
f 1875/6/2 1196/6/2 1201/6/2
f 1876/6/2 1206/6/2 1877/6/2
f 1877/6/2 1206/6/2 1209/6/2
f 1877/3/2 1864/3/2 1878/3/2
f 1878/3/2 1864/3/2 1865/3/2
f 1149/2/2 1879/2/2 1881/2/2
f 1881/2/2 1879/2/2 1880/2/2
f 1882/2/2 1866/2/2 1883/2/2
f 1883/2/2 1866/2/2 1867/2/2
f 1883/3/2 1867/3/2 1885/3/2
f 1885/3/2 1867/3/2 1884/3/2
f 1886/2/2 1143/2/2 1888/2/2
f 1888/2/2 1143/2/2 1887/2/2
f 1885/6/2 1884/6/2 1889/6/2
f 1889/6/2 1884/6/2 1871/6/2
f 1889/3/2 1871/3/2 1891/3/2
f 1891/3/2 1871/3/2 1890/3/2
f 1892/2/2 1893/2/2 1895/2/2
f 1895/2/2 1893/2/2 1894/2/2
f 1891/6/2 1890/6/2 1897/6/2
f 1897/6/2 1890/6/2 1896/6/2
f 1897/3/2 1896/3/2 1898/3/2
f 1898/3/2 1896/3/2 1875/3/2
f 1899/2/2 1900/2/2 1902/2/2
f 1902/2/2 1900/2/2 1901/2/2
f 1898/6/2 1200/6/2 1903/6/2
f 1903/6/2 1200/6/2 1207/6/2
f 1903/3/2 1876/3/2 1904/3/2
f 1904/3/2 1876/3/2 1877/3/2
f 1905/2/2 1906/2/2 1907/2/2
f 1907/2/2 1906/2/2 1149/2/2
f 1904/2/2 1877/2/2 1908/2/2
f 1908/2/2 1877/2/2 1878/2/2
f 30/3/3 29/3/3 1214/3/3
f 1214/3/3 29/3/3 1223/3/3
f 1236/1/3 1235/1/3 1233/1/3
f 1233/1/3 1235/1/3 1234/1/3
f 539/3/3 538/3/3 1230/3/3
f 1230/3/3 538/3/3 1528/3/3
f 1603/1/3 1696/1/3 1694/1/3
f 1694/1/3 1696/1/3 1695/1/3
f 1137/3/3 1136/3/3 1535/3/3
f 1535/3/3 1136/3/3 1857/3/3
f 1153/3/3 1152/3/3 1865/3/3
f 1865/3/3 1152/3/3 1878/3/3
f 33/1/3 32/1/3 1237/1/3
f 1237/1/3 32/1/3 1238/1/3
f 31/1/3 312/1/3 1235/1/3
f 1235/1/3 312/1/3 1397/1/3
f 358/1/3 357/1/3 1427/1/3
f 1427/1/3 357/1/3 1428/1/3
f 735/1/3 734/1/3 1602/1/3
f 1602/1/3 734/1/3 1603/1/3
f 795/1/3 794/1/3 1648/1/3
f 1648/1/3 794/1/3 1649/1/3
f 855/1/3 854/1/3 1697/1/3
f 1697/1/3 854/1/3 1698/1/3
f 93/1/3 92/1/3 1281/1/3
f 1281/1/3 92/1/3 1282/1/3
f 189/1/3 188/1/3 254/1/3
f 254/1/3 188/1/3 251/1/3
f 403/1/3 402/1/3 312/1/3
f 312/1/3 402/1/3 1458/1/3
f 467/1/3 466/1/3 357/1/3
f 357/1/3 466/1/3 1490/1/3
f 607/1/3 606/1/3 1537/1/3
f 1537/1/3 606/1/3 735/1/3
f 671/1/3 670/1/3 1569/1/3
f 1569/1/3 670/1/3 795/1/3
f 900/1/3 899/1/3 1727/1/3
f 1727/1/3 899/1/3 1728/1/3
f 996/1/3 995/1/3 1060/1/3
f 1060/1/3 995/1/3 1058/1/3
f 157/1/3 156/1/3 190/1/3
f 190/1/3 156/1/3 187/1/3
f 543/1/3 542/1/3 402/1/3
f 402/1/3 542/1/3 607/1/3
f 575/1/3 574/1/3 466/1/3
f 466/1/3 574/1/3 671/1/3
f 964/1/3 963/1/3 997/1/3
f 997/1/3 963/1/3 994/1/3
f 1240/1/3 1239/1/3 34/1/3
f 34/1/3 1239/1/3 31/1/3
f 97/1/3 96/1/3 158/1/3
f 158/1/3 96/1/3 155/1/3
f 193/1/3 192/1/3 1315/1/3
f 1315/1/3 192/1/3 1316/1/3
f 407/1/3 406/1/3 1460/1/3
f 1460/1/3 406/1/3 543/1/3
f 471/1/3 470/1/3 1492/1/3
f 1492/1/3 470/1/3 575/1/3
f 611/1/3 610/1/3 542/1/3
f 542/1/3 610/1/3 1539/1/3
f 675/1/3 674/1/3 574/1/3
f 574/1/3 674/1/3 1571/1/3
f 1605/1/3 1699/1/3 734/1/3
f 734/1/3 1699/1/3 853/1/3
f 904/1/3 903/1/3 965/1/3
f 965/1/3 903/1/3 962/1/3
f 1000/1/3 999/1/3 1761/1/3
f 1761/1/3 999/1/3 1762/1/3
f 1193/2/3 1192/2/3 1190/2/3
f 1190/2/3 1192/2/3 1191/2/3
f 37/1/3 36/1/3 98/1/3
f 98/1/3 36/1/3 95/1/3
f 35/1/3 315/1/3 1239/1/3
f 1239/1/3 315/1/3 407/1/3
f 361/1/3 360/1/3 1429/1/3
f 1429/1/3 360/1/3 471/1/3
f 739/1/3 738/1/3 610/1/3
f 610/1/3 738/1/3 1605/1/3
f 799/1/3 798/1/3 674/1/3
f 674/1/3 798/1/3 1651/1/3
f 858/1/3 857/1/3 905/1/3
f 905/1/3 857/1/3 902/1/3
f 11/2/3 10/2/3 16/2/3
f 16/2/3 10/2/3 13/2/3
f 1909/1/3 1910/1/3 38/1/3
f 38/1/3 1910/1/3 35/1/3
f 1911/1/3 1912/1/3 1393/1/3
f 1393/1/3 1912/1/3 1394/1/3
f 1913/1/3 1914/1/3 738/1/3
f 738/1/3 1914/1/3 856/1/3
f 1915/1/3 1916/1/3 1824/1/3
f 1824/1/3 1916/1/3 1825/1/3
f 1242/6/3 1241/6/3 1909/6/3
f 1909/6/3 1241/6/3 1910/6/3
f 1609/6/3 1700/6/3 1913/6/3
f 1913/6/3 1700/6/3 1914/6/3
f 1183/2/3 1145/2/3 4/2/3
f 4/2/3 1145/2/3 1/2/3
f 1203/6/3 1202/6/3 8/6/3
f 8/6/3 1202/6/3 5/6/3
f 1211/6/3 1210/6/3 20/6/3
f 20/6/3 1210/6/3 17/6/3
f 535/6/3 1224/6/3 18/6/3
f 18/6/3 1224/6/3 28/6/3
f 1226/6/3 1530/6/3 1223/6/3
f 1223/6/3 1530/6/3 1230/6/3
f 41/6/3 40/6/3 1243/6/3
f 1243/6/3 40/6/3 1244/6/3
f 39/6/3 318/6/3 1241/6/3
f 1241/6/3 318/6/3 1401/6/3
f 364/6/3 363/6/3 1431/6/3
f 1431/6/3 363/6/3 1432/6/3
f 1529/6/3 534/6/3 540/6/3
f 540/6/3 534/6/3 537/6/3
f 1531/6/3 1860/6/3 1528/6/3
f 1528/6/3 1860/6/3 1535/6/3
f 743/6/3 742/6/3 1608/6/3
f 1608/6/3 742/6/3 1609/6/3
f 803/6/3 802/6/3 1654/6/3
f 1654/6/3 802/6/3 1655/6/3
f 861/6/3 860/6/3 1701/6/3
f 1701/6/3 860/6/3 1702/6/3
f 1859/6/3 1858/6/3 1138/6/3
f 1138/6/3 1858/6/3 1135/6/3
f 1861/6/3 1880/6/3 1857/6/3
f 1857/6/3 1880/6/3 1865/6/3
f 1879/6/3 1149/6/3 1154/6/3
f 1154/6/3 1149/6/3 1151/6/3
f 1143/2/3 1886/2/3 1140/2/3
f 1140/2/3 1886/2/3 1158/2/3
f 1893/6/3 1892/6/3 1164/6/3
f 1164/6/3 1892/6/3 1161/6/3
f 1900/6/3 1899/6/3 1168/6/3
f 1168/6/3 1899/6/3 1165/6/3
f 1906/6/3 1905/6/3 1171/6/3
f 1171/6/3 1905/6/3 1169/6/3
f 23/2/3 22/2/3 1213/2/3
f 1213/2/3 22/2/3 1214/2/3
f 101/6/3 100/6/3 1285/6/3
f 1285/6/3 100/6/3 1286/6/3
f 197/6/3 196/6/3 262/6/3
f 262/6/3 196/6/3 259/6/3
f 411/6/3 410/6/3 318/6/3
f 318/6/3 410/6/3 1462/6/3
f 475/6/3 474/6/3 363/6/3
f 363/6/3 474/6/3 1494/6/3
f 615/6/3 614/6/3 1541/6/3
f 1541/6/3 614/6/3 743/6/3
f 679/6/3 678/6/3 1573/6/3
f 1573/6/3 678/6/3 803/6/3
f 908/6/3 907/6/3 1731/6/3
f 1731/6/3 907/6/3 1732/6/3
f 1004/6/3 1003/6/3 1066/6/3
f 1066/6/3 1003/6/3 1064/6/3
f 21/2/3 1174/2/3 1145/2/3
f 1145/2/3 1174/2/3 1143/2/3
f 22/2/3 1917/2/3 1225/2/3
f 1225/2/3 1917/2/3 1881/2/3
f 1917/2/3 1175/2/3 1878/2/3
f 1878/2/3 1175/2/3 1908/2/3
f 1109/4/3 1108/4/3 1114/4/3
f 1114/4/3 1108/4/3 1111/4/3
f 1121/4/3 1120/4/3 1126/4/3
f 1126/4/3 1120/4/3 1123/4/3
f 161/6/3 160/6/3 198/6/3
f 198/6/3 160/6/3 195/6/3
f 547/6/3 546/6/3 410/6/3
f 410/6/3 546/6/3 615/6/3
f 579/6/3 578/6/3 474/6/3
f 474/6/3 578/6/3 679/6/3
f 968/6/3 967/6/3 1005/6/3
f 1005/6/3 967/6/3 1002/6/3
f 1833/4/3 1832/4/3 1110/4/3
f 1110/4/3 1832/4/3 1107/4/3
f 1845/4/3 1844/4/3 1122/4/3
f 1122/4/3 1844/4/3 1119/4/3
f 1246/6/3 1245/6/3 42/6/3
f 42/6/3 1245/6/3 39/6/3
f 105/6/3 104/6/3 162/6/3
f 162/6/3 104/6/3 159/6/3
f 201/6/3 200/6/3 1319/6/3
f 1319/6/3 200/6/3 1320/6/3
f 415/6/3 414/6/3 1464/6/3
f 1464/6/3 414/6/3 547/6/3
f 479/6/3 478/6/3 1496/6/3
f 1496/6/3 478/6/3 579/6/3
f 619/6/3 618/6/3 546/6/3
f 546/6/3 618/6/3 1543/6/3
f 683/6/3 682/6/3 578/6/3
f 578/6/3 682/6/3 1575/6/3
f 1611/6/3 1703/6/3 742/6/3
f 742/6/3 1703/6/3 859/6/3
f 912/6/3 911/6/3 969/6/3
f 969/6/3 911/6/3 966/6/3
f 1008/6/3 1007/6/3 1765/6/3
f 1765/6/3 1007/6/3 1766/6/3
f 1837/4/3 1836/4/3 1834/4/3
f 1834/4/3 1836/4/3 1835/4/3
f 1849/4/3 1848/4/3 1846/4/3
f 1846/4/3 1848/4/3 1847/4/3
f 45/6/3 44/6/3 106/6/3
f 106/6/3 44/6/3 103/6/3
f 43/6/3 321/6/3 1245/6/3
f 1245/6/3 321/6/3 415/6/3
f 367/6/3 366/6/3 1433/6/3
f 1433/6/3 366/6/3 479/6/3
f 747/6/3 746/6/3 618/6/3
f 618/6/3 746/6/3 1611/6/3
f 807/6/3 806/6/3 682/6/3
f 682/6/3 806/6/3 1657/6/3
f 864/6/3 863/6/3 913/6/3
f 913/6/3 863/6/3 910/6/3
f 1918/4/3 1919/4/3 1150/4/3
f 1150/4/3 1919/4/3 1147/4/3
f 1920/6/3 1921/6/3 46/6/3
f 46/6/3 1921/6/3 43/6/3
f 1922/6/3 1923/6/3 1911/6/3
f 1911/6/3 1923/6/3 1912/6/3
f 1924/6/3 1925/6/3 746/6/3
f 746/6/3 1925/6/3 862/6/3
f 1926/6/3 1927/6/3 1915/6/3
f 1915/6/3 1927/6/3 1916/6/3
f 1133/3/3 1132/3/3 1918/3/3
f 1918/3/3 1132/3/3 1919/3/3
f 1248/1/3 1247/1/3 1920/1/3
f 1920/1/3 1247/1/3 1921/1/3
f 1615/1/3 1704/1/3 1924/1/3
f 1924/1/3 1704/1/3 1925/1/3
f 49/1/3 48/1/3 1249/1/3
f 1249/1/3 48/1/3 1250/1/3
f 47/1/3 324/1/3 1247/1/3
f 1247/1/3 324/1/3 1405/1/3
f 370/1/3 369/1/3 1435/1/3
f 1435/1/3 369/1/3 1436/1/3
f 751/1/3 750/1/3 1614/1/3
f 1614/1/3 750/1/3 1615/1/3
f 811/1/3 810/1/3 1660/1/3
f 1660/1/3 810/1/3 1661/1/3
f 867/1/3 866/1/3 1705/1/3
f 1705/1/3 866/1/3 1706/1/3
f 109/1/3 108/1/3 1289/1/3
f 1289/1/3 108/1/3 1290/1/3
f 205/1/3 204/1/3 270/1/3
f 270/1/3 204/1/3 267/1/3
f 419/1/3 418/1/3 324/1/3
f 324/1/3 418/1/3 1466/1/3
f 483/1/3 482/1/3 369/1/3
f 369/1/3 482/1/3 1498/1/3
f 623/1/3 622/1/3 1545/1/3
f 1545/1/3 622/1/3 751/1/3
f 687/1/3 686/1/3 1577/1/3
f 1577/1/3 686/1/3 811/1/3
f 916/1/3 915/1/3 1735/1/3
f 1735/1/3 915/1/3 1736/1/3
f 1012/1/3 1011/1/3 1072/1/3
f 1072/1/3 1011/1/3 1070/1/3
f 165/1/3 164/1/3 206/1/3
f 206/1/3 164/1/3 203/1/3
f 551/1/3 550/1/3 418/1/3
f 418/1/3 550/1/3 623/1/3
f 583/1/3 582/1/3 482/1/3
f 482/1/3 582/1/3 687/1/3
f 972/1/3 971/1/3 1013/1/3
f 1013/1/3 971/1/3 1010/1/3
f 1252/1/3 1251/1/3 50/1/3
f 50/1/3 1251/1/3 47/1/3
f 113/1/3 112/1/3 166/1/3
f 166/1/3 112/1/3 163/1/3
f 209/1/3 208/1/3 1323/1/3
f 1323/1/3 208/1/3 1324/1/3
f 423/1/3 422/1/3 1468/1/3
f 1468/1/3 422/1/3 551/1/3
f 487/1/3 486/1/3 1500/1/3
f 1500/1/3 486/1/3 583/1/3
f 627/1/3 626/1/3 550/1/3
f 550/1/3 626/1/3 1547/1/3
f 691/1/3 690/1/3 582/1/3
f 582/1/3 690/1/3 1579/1/3
f 1617/1/3 1707/1/3 750/1/3
f 750/1/3 1707/1/3 865/1/3
f 920/1/3 919/1/3 973/1/3
f 973/1/3 919/1/3 970/1/3
f 1016/1/3 1015/1/3 1769/1/3
f 1769/1/3 1015/1/3 1770/1/3
f 53/1/3 52/1/3 114/1/3
f 114/1/3 52/1/3 111/1/3
f 51/1/3 327/1/3 1251/1/3
f 1251/1/3 327/1/3 423/1/3
f 373/1/3 372/1/3 1437/1/3
f 1437/1/3 372/1/3 487/1/3
f 755/1/3 754/1/3 626/1/3
f 626/1/3 754/1/3 1617/1/3
f 815/1/3 814/1/3 690/1/3
f 690/1/3 814/1/3 1663/1/3
f 870/1/3 869/1/3 921/1/3
f 921/1/3 869/1/3 918/1/3
f 1928/1/3 1929/1/3 54/1/3
f 54/1/3 1929/1/3 51/1/3
f 1930/1/3 1931/1/3 1922/1/3
f 1922/1/3 1931/1/3 1923/1/3
f 1932/1/3 1933/1/3 754/1/3
f 754/1/3 1933/1/3 868/1/3
f 1934/1/3 1935/1/3 1926/1/3
f 1926/1/3 1935/1/3 1927/1/3
f 1254/6/3 1253/6/3 1928/6/3
f 1928/6/3 1253/6/3 1929/6/3
f 1621/6/3 1708/6/3 1932/6/3
f 1932/6/3 1708/6/3 1933/6/3
f 57/6/3 56/6/3 1255/6/3
f 1255/6/3 56/6/3 1256/6/3
f 55/6/3 330/6/3 1253/6/3
f 1253/6/3 330/6/3 1409/6/3
f 376/6/3 375/6/3 1439/6/3
f 1439/6/3 375/6/3 1440/6/3
f 759/6/3 758/6/3 1620/6/3
f 1620/6/3 758/6/3 1621/6/3
f 819/6/3 818/6/3 1666/6/3
f 1666/6/3 818/6/3 1667/6/3
f 873/6/3 872/6/3 1709/6/3
f 1709/6/3 872/6/3 1710/6/3
f 117/6/3 116/6/3 1293/6/3
f 1293/6/3 116/6/3 1294/6/3
f 213/6/3 212/6/3 278/6/3
f 278/6/3 212/6/3 275/6/3
f 427/6/3 426/6/3 330/6/3
f 330/6/3 426/6/3 1470/6/3
f 491/6/3 490/6/3 375/6/3
f 375/6/3 490/6/3 1502/6/3
f 631/6/3 630/6/3 1549/6/3
f 1549/6/3 630/6/3 759/6/3
f 695/6/3 694/6/3 1581/6/3
f 1581/6/3 694/6/3 819/6/3
f 924/6/3 923/6/3 1739/6/3
f 1739/6/3 923/6/3 1740/6/3
f 1020/6/3 1019/6/3 1078/6/3
f 1078/6/3 1019/6/3 1076/6/3
f 169/6/3 168/6/3 214/6/3
f 214/6/3 168/6/3 211/6/3
f 555/6/3 554/6/3 426/6/3
f 426/6/3 554/6/3 631/6/3
f 587/6/3 586/6/3 490/6/3
f 490/6/3 586/6/3 695/6/3
f 976/6/3 975/6/3 1021/6/3
f 1021/6/3 975/6/3 1018/6/3
f 1258/6/3 1257/6/3 58/6/3
f 58/6/3 1257/6/3 55/6/3
f 121/6/3 120/6/3 170/6/3
f 170/6/3 120/6/3 167/6/3
f 217/6/3 216/6/3 1327/6/3
f 1327/6/3 216/6/3 1328/6/3
f 431/6/3 430/6/3 1472/6/3
f 1472/6/3 430/6/3 555/6/3
f 495/6/3 494/6/3 1504/6/3
f 1504/6/3 494/6/3 587/6/3
f 635/6/3 634/6/3 554/6/3
f 554/6/3 634/6/3 1551/6/3
f 699/6/3 698/6/3 586/6/3
f 586/6/3 698/6/3 1583/6/3
f 1623/6/3 1711/6/3 758/6/3
f 758/6/3 1711/6/3 871/6/3
f 928/6/3 927/6/3 977/6/3
f 977/6/3 927/6/3 974/6/3
f 1024/6/3 1023/6/3 1773/6/3
f 1773/6/3 1023/6/3 1774/6/3
f 61/6/3 60/6/3 122/6/3
f 122/6/3 60/6/3 119/6/3
f 59/6/3 333/6/3 1257/6/3
f 1257/6/3 333/6/3 431/6/3
f 379/6/3 378/6/3 1441/6/3
f 1441/6/3 378/6/3 495/6/3
f 763/6/3 762/6/3 634/6/3
f 634/6/3 762/6/3 1623/6/3
f 823/6/3 822/6/3 698/6/3
f 698/6/3 822/6/3 1669/6/3
f 876/6/3 875/6/3 929/6/3
f 929/6/3 875/6/3 926/6/3
f 1936/6/3 1937/6/3 62/6/3
f 62/6/3 1937/6/3 59/6/3
f 1938/6/3 1939/6/3 1930/6/3
f 1930/6/3 1939/6/3 1931/6/3
f 1940/6/3 1941/6/3 762/6/3
f 762/6/3 1941/6/3 874/6/3
f 1942/6/3 1943/6/3 1934/6/3
f 1934/6/3 1943/6/3 1935/6/3
f 1260/1/3 1259/1/3 1936/1/3
f 1936/1/3 1259/1/3 1937/1/3
f 1627/1/3 1712/1/3 1940/1/3
f 1940/1/3 1712/1/3 1941/1/3
f 65/1/3 64/1/3 1261/1/3
f 1261/1/3 64/1/3 1262/1/3
f 63/1/3 336/1/3 1259/1/3
f 1259/1/3 336/1/3 1413/1/3
f 382/1/3 381/1/3 1443/1/3
f 1443/1/3 381/1/3 1444/1/3
f 767/1/3 766/1/3 1626/1/3
f 1626/1/3 766/1/3 1627/1/3
f 827/1/3 826/1/3 1672/1/3
f 1672/1/3 826/1/3 1673/1/3
f 879/1/3 878/1/3 1713/1/3
f 1713/1/3 878/1/3 1714/1/3
f 125/1/3 124/1/3 1297/1/3
f 1297/1/3 124/1/3 1298/1/3
f 221/1/3 220/1/3 286/1/3
f 286/1/3 220/1/3 283/1/3
f 435/1/3 434/1/3 336/1/3
f 336/1/3 434/1/3 1474/1/3
f 499/1/3 498/1/3 381/1/3
f 381/1/3 498/1/3 1506/1/3
f 639/1/3 638/1/3 1553/1/3
f 1553/1/3 638/1/3 767/1/3
f 703/1/3 702/1/3 1585/1/3
f 1585/1/3 702/1/3 827/1/3
f 932/1/3 931/1/3 1743/1/3
f 1743/1/3 931/1/3 1744/1/3
f 1028/1/3 1027/1/3 1084/1/3
f 1084/1/3 1027/1/3 1082/1/3
f 173/1/3 172/1/3 222/1/3
f 222/1/3 172/1/3 219/1/3
f 559/1/3 558/1/3 434/1/3
f 434/1/3 558/1/3 639/1/3
f 591/1/3 590/1/3 498/1/3
f 498/1/3 590/1/3 703/1/3
f 980/1/3 979/1/3 1029/1/3
f 1029/1/3 979/1/3 1026/1/3
f 1264/1/3 1263/1/3 66/1/3
f 66/1/3 1263/1/3 63/1/3
f 129/1/3 128/1/3 174/1/3
f 174/1/3 128/1/3 171/1/3
f 225/1/3 224/1/3 1331/1/3
f 1331/1/3 224/1/3 1332/1/3
f 439/1/3 438/1/3 1476/1/3
f 1476/1/3 438/1/3 559/1/3
f 503/1/3 502/1/3 1508/1/3
f 1508/1/3 502/1/3 591/1/3
f 643/1/3 642/1/3 558/1/3
f 558/1/3 642/1/3 1555/1/3
f 707/1/3 706/1/3 590/1/3
f 590/1/3 706/1/3 1587/1/3
f 1629/1/3 1715/1/3 766/1/3
f 766/1/3 1715/1/3 877/1/3
f 936/1/3 935/1/3 981/1/3
f 981/1/3 935/1/3 978/1/3
f 1032/1/3 1031/1/3 1777/1/3
f 1777/1/3 1031/1/3 1778/1/3
f 69/1/3 68/1/3 130/1/3
f 130/1/3 68/1/3 127/1/3
f 67/1/3 339/1/3 1263/1/3
f 1263/1/3 339/1/3 439/1/3
f 385/1/3 384/1/3 1445/1/3
f 1445/1/3 384/1/3 503/1/3
f 771/1/3 770/1/3 642/1/3
f 642/1/3 770/1/3 1629/1/3
f 831/1/3 830/1/3 706/1/3
f 706/1/3 830/1/3 1675/1/3
f 882/1/3 881/1/3 937/1/3
f 937/1/3 881/1/3 934/1/3
f 1944/1/3 1945/1/3 70/1/3
f 70/1/3 1945/1/3 67/1/3
f 1946/1/3 1947/1/3 1938/1/3
f 1938/1/3 1947/1/3 1939/1/3
f 1948/1/3 1949/1/3 770/1/3
f 770/1/3 1949/1/3 880/1/3
f 1950/1/3 1951/1/3 1942/1/3
f 1942/1/3 1951/1/3 1943/1/3
f 1266/6/3 1265/6/3 1944/6/3
f 1944/6/3 1265/6/3 1945/6/3
f 1633/6/3 1716/6/3 1948/6/3
f 1948/6/3 1716/6/3 1949/6/3
f 73/6/3 72/6/3 1267/6/3
f 1267/6/3 72/6/3 1268/6/3
f 71/6/3 342/6/3 1265/6/3
f 1265/6/3 342/6/3 1417/6/3
f 388/6/3 387/6/3 1447/6/3
f 1447/6/3 387/6/3 1448/6/3
f 775/6/3 774/6/3 1632/6/3
f 1632/6/3 774/6/3 1633/6/3
f 835/6/3 834/6/3 1678/6/3
f 1678/6/3 834/6/3 1679/6/3
f 885/6/3 884/6/3 1717/6/3
f 1717/6/3 884/6/3 1718/6/3
f 133/6/3 132/6/3 1301/6/3
f 1301/6/3 132/6/3 1302/6/3
f 229/6/3 228/6/3 294/6/3
f 294/6/3 228/6/3 291/6/3
f 443/6/3 442/6/3 342/6/3
f 342/6/3 442/6/3 1478/6/3
f 507/6/3 506/6/3 387/6/3
f 387/6/3 506/6/3 1510/6/3
f 647/6/3 646/6/3 1557/6/3
f 1557/6/3 646/6/3 775/6/3
f 711/6/3 710/6/3 1589/6/3
f 1589/6/3 710/6/3 835/6/3
f 940/6/3 939/6/3 1747/6/3
f 1747/6/3 939/6/3 1748/6/3
f 1036/6/3 1035/6/3 1090/6/3
f 1090/6/3 1035/6/3 1088/6/3
f 177/6/3 176/6/3 230/6/3
f 230/6/3 176/6/3 227/6/3
f 563/6/3 562/6/3 442/6/3
f 442/6/3 562/6/3 647/6/3
f 595/6/3 594/6/3 506/6/3
f 506/6/3 594/6/3 711/6/3
f 984/6/3 983/6/3 1037/6/3
f 1037/6/3 983/6/3 1034/6/3
f 1270/6/3 1269/6/3 74/6/3
f 74/6/3 1269/6/3 71/6/3
f 137/6/3 136/6/3 178/6/3
f 178/6/3 136/6/3 175/6/3
f 233/6/3 232/6/3 1335/6/3
f 1335/6/3 232/6/3 1336/6/3
f 447/6/3 446/6/3 1480/6/3
f 1480/6/3 446/6/3 563/6/3
f 511/6/3 510/6/3 1512/6/3
f 1512/6/3 510/6/3 595/6/3
f 651/6/3 650/6/3 562/6/3
f 562/6/3 650/6/3 1559/6/3
f 715/6/3 714/6/3 594/6/3
f 594/6/3 714/6/3 1591/6/3
f 1635/6/3 1719/6/3 774/6/3
f 774/6/3 1719/6/3 883/6/3
f 944/6/3 943/6/3 985/6/3
f 985/6/3 943/6/3 982/6/3
f 1040/6/3 1039/6/3 1781/6/3
f 1781/6/3 1039/6/3 1782/6/3
f 77/6/3 76/6/3 138/6/3
f 138/6/3 76/6/3 135/6/3
f 75/6/3 345/6/3 1269/6/3
f 1269/6/3 345/6/3 447/6/3
f 391/6/3 390/6/3 1449/6/3
f 1449/6/3 390/6/3 511/6/3
f 779/6/3 778/6/3 650/6/3
f 650/6/3 778/6/3 1635/6/3
f 839/6/3 838/6/3 714/6/3
f 714/6/3 838/6/3 1681/6/3
f 888/6/3 887/6/3 945/6/3
f 945/6/3 887/6/3 942/6/3
f 1952/6/3 1953/6/3 78/6/3
f 78/6/3 1953/6/3 75/6/3
f 1954/6/3 1955/6/3 1946/6/3
f 1946/6/3 1955/6/3 1947/6/3
f 1956/6/3 1957/6/3 778/6/3
f 778/6/3 1957/6/3 886/6/3
f 1958/6/3 1959/6/3 1950/6/3
f 1950/6/3 1959/6/3 1951/6/3
f 1272/1/3 1271/1/3 1952/1/3
f 1952/1/3 1271/1/3 1953/1/3
f 1639/1/3 1720/1/3 1956/1/3
f 1956/1/3 1720/1/3 1957/1/3
f 81/1/3 80/1/3 1273/1/3
f 1273/1/3 80/1/3 1274/1/3
f 79/1/3 348/1/3 1271/1/3
f 1271/1/3 348/1/3 1421/1/3
f 394/1/3 393/1/3 1451/1/3
f 1451/1/3 393/1/3 1452/1/3
f 783/1/3 782/1/3 1638/1/3
f 1638/1/3 782/1/3 1639/1/3
f 843/1/3 842/1/3 1684/1/3
f 1684/1/3 842/1/3 1685/1/3
f 891/1/3 890/1/3 1721/1/3
f 1721/1/3 890/1/3 1722/1/3
f 141/1/3 140/1/3 1305/1/3
f 1305/1/3 140/1/3 1306/1/3
f 237/1/3 236/1/3 302/1/3
f 302/1/3 236/1/3 299/1/3
f 451/1/3 450/1/3 348/1/3
f 348/1/3 450/1/3 1482/1/3
f 515/1/3 514/1/3 393/1/3
f 393/1/3 514/1/3 1514/1/3
f 655/1/3 654/1/3 1561/1/3
f 1561/1/3 654/1/3 783/1/3
f 719/1/3 718/1/3 1593/1/3
f 1593/1/3 718/1/3 843/1/3
f 948/1/3 947/1/3 1751/1/3
f 1751/1/3 947/1/3 1752/1/3
f 1044/1/3 1043/1/3 1096/1/3
f 1096/1/3 1043/1/3 1094/1/3
f 181/1/3 180/1/3 238/1/3
f 238/1/3 180/1/3 235/1/3
f 567/1/3 566/1/3 450/1/3
f 450/1/3 566/1/3 655/1/3
f 599/1/3 598/1/3 514/1/3
f 514/1/3 598/1/3 719/1/3
f 988/1/3 987/1/3 1045/1/3
f 1045/1/3 987/1/3 1042/1/3
f 1276/1/3 1275/1/3 82/1/3
f 82/1/3 1275/1/3 79/1/3
f 145/1/3 144/1/3 182/1/3
f 182/1/3 144/1/3 179/1/3
f 241/1/3 240/1/3 1339/1/3
f 1339/1/3 240/1/3 1340/1/3
f 455/1/3 454/1/3 1484/1/3
f 1484/1/3 454/1/3 567/1/3
f 519/1/3 518/1/3 1516/1/3
f 1516/1/3 518/1/3 599/1/3
f 659/1/3 658/1/3 566/1/3
f 566/1/3 658/1/3 1563/1/3
f 723/1/3 722/1/3 598/1/3
f 598/1/3 722/1/3 1595/1/3
f 1641/1/3 1723/1/3 782/1/3
f 782/1/3 1723/1/3 889/1/3
f 952/1/3 951/1/3 989/1/3
f 989/1/3 951/1/3 986/1/3
f 1048/1/3 1047/1/3 1785/1/3
f 1785/1/3 1047/1/3 1786/1/3
f 85/1/3 84/1/3 146/1/3
f 146/1/3 84/1/3 143/1/3
f 83/1/3 351/1/3 1275/1/3
f 1275/1/3 351/1/3 455/1/3
f 397/1/3 396/1/3 1453/1/3
f 1453/1/3 396/1/3 519/1/3
f 787/1/3 786/1/3 658/1/3
f 658/1/3 786/1/3 1641/1/3
f 847/1/3 846/1/3 722/1/3
f 722/1/3 846/1/3 1687/1/3
f 894/1/3 893/1/3 953/1/3
f 953/1/3 893/1/3 950/1/3
f 1960/1/3 1961/1/3 86/1/3
f 86/1/3 1961/1/3 83/1/3
f 1962/1/3 1963/1/3 1954/1/3
f 1954/1/3 1963/1/3 1955/1/3
f 1964/1/3 1965/1/3 786/1/3
f 786/1/3 1965/1/3 892/1/3
f 1966/1/3 1967/1/3 1958/1/3
f 1958/1/3 1967/1/3 1959/1/3
f 1278/6/3 1277/6/3 1960/6/3
f 1960/6/3 1277/6/3 1961/6/3
f 1645/6/3 1724/6/3 1964/6/3
f 1964/6/3 1724/6/3 1965/6/3
f 89/6/3 88/6/3 1279/6/3
f 1279/6/3 88/6/3 1280/6/3
f 87/6/3 354/6/3 1277/6/3
f 1277/6/3 354/6/3 1425/6/3
f 400/6/3 399/6/3 1455/6/3
f 1455/6/3 399/6/3 1456/6/3
f 791/6/3 790/6/3 1644/6/3
f 1644/6/3 790/6/3 1645/6/3
f 851/6/3 850/6/3 1690/6/3
f 1690/6/3 850/6/3 1691/6/3
f 897/6/3 896/6/3 1725/6/3
f 1725/6/3 896/6/3 1726/6/3
f 149/6/3 148/6/3 1309/6/3
f 1309/6/3 148/6/3 1310/6/3
f 245/6/3 244/6/3 310/6/3
f 310/6/3 244/6/3 307/6/3
f 459/6/3 458/6/3 354/6/3
f 354/6/3 458/6/3 1486/6/3
f 523/6/3 522/6/3 399/6/3
f 399/6/3 522/6/3 1518/6/3
f 663/6/3 662/6/3 1565/6/3
f 1565/6/3 662/6/3 791/6/3
f 727/6/3 726/6/3 1597/6/3
f 1597/6/3 726/6/3 851/6/3
f 956/6/3 955/6/3 1755/6/3
f 1755/6/3 955/6/3 1756/6/3
f 1052/6/3 1051/6/3 1102/6/3
f 1102/6/3 1051/6/3 1100/6/3
f 185/6/3 184/6/3 246/6/3
f 246/6/3 184/6/3 243/6/3
f 571/6/3 570/6/3 458/6/3
f 458/6/3 570/6/3 663/6/3
f 603/6/3 602/6/3 522/6/3
f 522/6/3 602/6/3 727/6/3
f 992/6/3 991/6/3 1053/6/3
f 1053/6/3 991/6/3 1050/6/3
f 1968/6/3 1969/6/3 90/6/3
f 90/6/3 1969/6/3 87/6/3
f 153/6/3 152/6/3 186/6/3
f 186/6/3 152/6/3 183/6/3
f 249/6/3 248/6/3 1343/6/3
f 1343/6/3 248/6/3 1344/6/3
f 1970/6/3 1971/6/3 1962/6/3
f 1962/6/3 1971/6/3 1963/6/3
f 463/6/3 462/6/3 1488/6/3
f 1488/6/3 462/6/3 571/6/3
f 527/6/3 526/6/3 1520/6/3
f 1520/6/3 526/6/3 603/6/3
f 667/6/3 666/6/3 570/6/3
f 570/6/3 666/6/3 1567/6/3
f 731/6/3 730/6/3 602/6/3
f 602/6/3 730/6/3 1599/6/3
f 1972/6/3 1973/6/3 790/6/3
f 790/6/3 1973/6/3 895/6/3
f 960/6/3 959/6/3 993/6/3
f 993/6/3 959/6/3 990/6/3
f 1056/6/3 1055/6/3 1789/6/3
f 1789/6/3 1055/6/3 1790/6/3
f 1974/6/3 1975/6/3 1966/6/3
f 1966/6/3 1975/6/3 1967/6/3
f 27/3/4 1177/3/4 25/3/4
f 25/3/4 1177/3/4 1217/3/4
f 1347/1/4 1392/1/4 1348/1/4
f 1348/1/4 1392/1/4 1391/1/4
f 532/3/4 1227/3/4 529/3/4
f 529/3/4 1227/3/4 1521/3/4
f 1646/1/4 1823/1/4 1793/1/4
f 1793/1/4 1823/1/4 1822/1/4
f 1106/3/4 1532/3/4 1103/3/4
f 1103/3/4 1532/3/4 1826/3/4
f 1142/3/4 1862/3/4 1139/3/4
f 1139/3/4 1862/3/4 1866/3/4
f 254/1/4 1346/1/4 251/1/4
f 251/1/4 1346/1/4 1345/1/4
f 313/1/4 1396/1/4 311/1/4
f 311/1/4 1396/1/4 1395/1/4
f 252/1/4 1348/1/4 356/1/4
f 356/1/4 1348/1/4 1426/1/4
f 736/1/4 1601/1/4 733/1/4
f 733/1/4 1601/1/4 1600/1/4
f 796/1/4 1647/1/4 793/1/4
f 793/1/4 1647/1/4 1646/1/4
f 1060/1/4 1792/1/4 1058/1/4
f 1058/1/4 1792/1/4 1791/1/4
f 94/1/4 33/1/4 91/1/4
f 91/1/4 33/1/4 32/1/4
f 190/1/4 1314/1/4 187/1/4
f 187/1/4 1314/1/4 1313/1/4
f 404/1/4 311/1/4 401/1/4
f 401/1/4 311/1/4 1457/1/4
f 468/1/4 356/1/4 465/1/4
f 465/1/4 356/1/4 1489/1/4
f 608/1/4 1536/1/4 605/1/4
f 605/1/4 1536/1/4 736/1/4
f 672/1/4 1568/1/4 669/1/4
f 669/1/4 1568/1/4 796/1/4
f 901/1/4 855/1/4 898/1/4
f 898/1/4 855/1/4 854/1/4
f 997/1/4 1760/1/4 994/1/4
f 994/1/4 1760/1/4 1759/1/4
f 158/1/4 93/1/4 155/1/4
f 155/1/4 93/1/4 92/1/4
f 544/1/4 401/1/4 541/1/4
f 541/1/4 401/1/4 608/1/4
f 576/1/4 465/1/4 573/1/4
f 573/1/4 465/1/4 672/1/4
f 965/1/4 900/1/4 962/1/4
f 962/1/4 900/1/4 899/1/4
f 98/1/4 1284/1/4 95/1/4
f 95/1/4 1284/1/4 1283/1/4
f 194/1/4 157/1/4 191/1/4
f 191/1/4 157/1/4 156/1/4
f 1349/1/4 253/1/4 1350/1/4
f 1350/1/4 253/1/4 252/1/4
f 408/1/4 1459/1/4 405/1/4
f 405/1/4 1459/1/4 544/1/4
f 472/1/4 1491/1/4 469/1/4
f 469/1/4 1491/1/4 576/1/4
f 612/1/4 541/1/4 609/1/4
f 609/1/4 541/1/4 1538/1/4
f 676/1/4 573/1/4 673/1/4
f 673/1/4 573/1/4 1570/1/4
f 905/1/4 1730/1/4 902/1/4
f 902/1/4 1730/1/4 1729/1/4
f 1001/1/4 964/1/4 998/1/4
f 998/1/4 964/1/4 963/1/4
f 1650/1/4 793/1/4 1794/1/4
f 1794/1/4 793/1/4 1059/1/4
f 1194/2/4 1197/2/4 1195/2/4
f 1195/2/4 1197/2/4 1196/2/4
f 258/1/4 193/1/4 255/1/4
f 255/1/4 193/1/4 192/1/4
f 316/1/4 1398/1/4 314/1/4
f 314/1/4 1398/1/4 408/1/4
f 256/1/4 1350/1/4 359/1/4
f 359/1/4 1350/1/4 472/1/4
f 740/1/4 609/1/4 737/1/4
f 737/1/4 609/1/4 1604/1/4
f 800/1/4 673/1/4 797/1/4
f 797/1/4 673/1/4 1650/1/4
f 1063/1/4 1000/1/4 1061/1/4
f 1061/1/4 1000/1/4 999/1/4
f 12/2/4 7/2/4 9/2/4
f 9/2/4 7/2/4 6/2/4
f 1976/1/4 1232/1/4 1977/1/4
f 1977/1/4 1232/1/4 1231/1/4
f 1978/1/4 257/1/4 1979/1/4
f 1979/1/4 257/1/4 256/1/4
f 1980/1/4 1693/1/4 1981/1/4
f 1981/1/4 1693/1/4 1692/1/4
f 1982/1/4 797/1/4 1983/1/4
f 1983/1/4 797/1/4 1062/1/4
f 1353/6/4 1978/6/4 1354/6/4
f 1354/6/4 1978/6/4 1979/6/4
f 1652/6/4 1982/6/4 1797/6/4
f 1797/6/4 1982/6/4 1983/6/4
f 1184/6/4 3/6/4 1185/6/4
f 1185/6/4 3/6/4 2/6/4
f 1204/6/4 15/6/4 1205/6/4
f 1205/6/4 15/6/4 14/6/4
f 1212/2/4 19/2/4 535/2/4
f 535/2/4 19/2/4 18/2/4
f 1145/6/4 1/6/4 1221/6/4
f 1221/6/4 1/6/4 26/6/4
f 1219/6/4 1217/6/4 1524/6/4
f 1524/6/4 1217/6/4 1227/6/4
f 262/6/4 1352/6/4 259/6/4
f 259/6/4 1352/6/4 1351/6/4
f 319/6/4 1400/6/4 317/6/4
f 317/6/4 1400/6/4 1399/6/4
f 260/6/4 1354/6/4 362/6/4
f 362/6/4 1354/6/4 1430/6/4
f 1525/6/4 531/6/4 1526/6/4
f 1526/6/4 531/6/4 530/6/4
f 1523/6/4 1521/6/4 1829/6/4
f 1829/6/4 1521/6/4 1532/6/4
f 744/6/4 1607/6/4 741/6/4
f 741/6/4 1607/6/4 1606/6/4
f 804/6/4 1653/6/4 801/6/4
f 801/6/4 1653/6/4 1652/6/4
f 1066/6/4 1796/6/4 1064/6/4
f 1064/6/4 1796/6/4 1795/6/4
f 1830/6/4 1105/6/4 1831/6/4
f 1831/6/4 1105/6/4 1104/6/4
f 1828/6/4 1826/6/4 1869/6/4
f 1869/6/4 1826/6/4 1862/6/4
f 1870/6/4 1141/6/4 1143/6/4
f 1143/6/4 1141/6/4 1140/6/4
f 1887/6/4 1160/6/4 1888/6/4
f 1888/6/4 1160/6/4 1159/6/4
f 1894/6/4 1163/6/4 1895/6/4
f 1895/6/4 1163/6/4 1162/6/4
f 1901/6/4 1167/6/4 1902/6/4
f 1902/6/4 1167/6/4 1166/6/4
f 1149/2/4 1151/2/4 1907/2/4
f 1907/2/4 1151/2/4 1170/2/4
f 1157/2/4 1178/2/4 1984/2/4
f 1984/2/4 1178/2/4 1177/2/4
f 102/6/4 41/6/4 99/6/4
f 99/6/4 41/6/4 40/6/4
f 198/6/4 1318/6/4 195/6/4
f 195/6/4 1318/6/4 1317/6/4
f 412/6/4 317/6/4 409/6/4
f 409/6/4 317/6/4 1461/6/4
f 476/6/4 362/6/4 473/6/4
f 473/6/4 362/6/4 1493/6/4
f 616/6/4 1540/6/4 613/6/4
f 613/6/4 1540/6/4 744/6/4
f 680/6/4 1572/6/4 677/6/4
f 677/6/4 1572/6/4 804/6/4
f 909/6/4 861/6/4 906/6/4
f 906/6/4 861/6/4 860/6/4
f 1005/6/4 1764/6/4 1002/6/4
f 1002/6/4 1764/6/4 1763/6/4
f 1984/2/4 1220/2/4 1985/2/4
f 1985/2/4 1220/2/4 1868/2/4
f 1176/2/4 535/2/4 1173/2/4
f 1173/2/4 535/2/4 1149/2/4
f 1985/2/4 1866/2/4 1155/2/4
f 1155/2/4 1866/2/4 1882/2/4
f 1118/4/4 1113/4/4 1115/4/4
f 1115/4/4 1113/4/4 1112/4/4
f 1130/4/4 1125/4/4 1127/4/4
f 1127/4/4 1125/4/4 1124/4/4
f 162/6/4 101/6/4 159/6/4
f 159/6/4 101/6/4 100/6/4
f 548/6/4 409/6/4 545/6/4
f 545/6/4 409/6/4 616/6/4
f 580/6/4 473/6/4 577/6/4
f 577/6/4 473/6/4 680/6/4
f 969/6/4 908/6/4 966/6/4
f 966/6/4 908/6/4 907/6/4
f 1842/4/4 1117/4/4 1843/4/4
f 1843/4/4 1117/4/4 1116/4/4
f 1854/4/4 1129/4/4 1855/4/4
f 1855/4/4 1129/4/4 1128/4/4
f 106/6/4 1288/6/4 103/6/4
f 103/6/4 1288/6/4 1287/6/4
f 202/6/4 161/6/4 199/6/4
f 199/6/4 161/6/4 160/6/4
f 1355/6/4 261/6/4 1356/6/4
f 1356/6/4 261/6/4 260/6/4
f 416/6/4 1463/6/4 413/6/4
f 413/6/4 1463/6/4 548/6/4
f 480/6/4 1495/6/4 477/6/4
f 477/6/4 1495/6/4 580/6/4
f 620/6/4 545/6/4 617/6/4
f 617/6/4 545/6/4 1542/6/4
f 684/6/4 577/6/4 681/6/4
f 681/6/4 577/6/4 1574/6/4
f 913/6/4 1734/6/4 910/6/4
f 910/6/4 1734/6/4 1733/6/4
f 1009/6/4 968/6/4 1006/6/4
f 1006/6/4 968/6/4 967/6/4
f 1656/6/4 801/6/4 1798/6/4
f 1798/6/4 801/6/4 1065/6/4
f 1838/4/4 1841/4/4 1839/4/4
f 1839/4/4 1841/4/4 1840/4/4
f 1850/4/4 1853/4/4 1851/4/4
f 1851/4/4 1853/4/4 1852/4/4
f 266/6/4 201/6/4 263/6/4
f 263/6/4 201/6/4 200/6/4
f 322/6/4 1402/6/4 320/6/4
f 320/6/4 1402/6/4 416/6/4
f 264/6/4 1356/6/4 365/6/4
f 365/6/4 1356/6/4 480/6/4
f 748/6/4 617/6/4 745/6/4
f 745/6/4 617/6/4 1610/6/4
f 808/6/4 681/6/4 805/6/4
f 805/6/4 681/6/4 1656/6/4
f 1069/6/4 1008/6/4 1067/6/4
f 1067/6/4 1008/6/4 1007/6/4
f 1986/4/4 533/4/4 1987/4/4
f 1987/4/4 533/4/4 1148/4/4
f 1988/6/4 1976/6/4 1989/6/4
f 1989/6/4 1976/6/4 1977/6/4
f 1990/6/4 265/6/4 1991/6/4
f 1991/6/4 265/6/4 264/6/4
f 1992/6/4 1980/6/4 1993/6/4
f 1993/6/4 1980/6/4 1981/6/4
f 1994/6/4 805/6/4 1995/6/4
f 1995/6/4 805/6/4 1068/6/4
f 1134/3/4 1986/3/4 1131/3/4
f 1131/3/4 1986/3/4 1987/3/4
f 1359/1/4 1990/1/4 1360/1/4
f 1360/1/4 1990/1/4 1991/1/4
f 1658/1/4 1994/1/4 1801/1/4
f 1801/1/4 1994/1/4 1995/1/4
f 270/1/4 1358/1/4 267/1/4
f 267/1/4 1358/1/4 1357/1/4
f 325/1/4 1404/1/4 323/1/4
f 323/1/4 1404/1/4 1403/1/4
f 268/1/4 1360/1/4 368/1/4
f 368/1/4 1360/1/4 1434/1/4
f 752/1/4 1613/1/4 749/1/4
f 749/1/4 1613/1/4 1612/1/4
f 812/1/4 1659/1/4 809/1/4
f 809/1/4 1659/1/4 1658/1/4
f 1072/1/4 1800/1/4 1070/1/4
f 1070/1/4 1800/1/4 1799/1/4
f 110/1/4 49/1/4 107/1/4
f 107/1/4 49/1/4 48/1/4
f 206/1/4 1322/1/4 203/1/4
f 203/1/4 1322/1/4 1321/1/4
f 420/1/4 323/1/4 417/1/4
f 417/1/4 323/1/4 1465/1/4
f 484/1/4 368/1/4 481/1/4
f 481/1/4 368/1/4 1497/1/4
f 624/1/4 1544/1/4 621/1/4
f 621/1/4 1544/1/4 752/1/4
f 688/1/4 1576/1/4 685/1/4
f 685/1/4 1576/1/4 812/1/4
f 917/1/4 867/1/4 914/1/4
f 914/1/4 867/1/4 866/1/4
f 1013/1/4 1768/1/4 1010/1/4
f 1010/1/4 1768/1/4 1767/1/4
f 166/1/4 109/1/4 163/1/4
f 163/1/4 109/1/4 108/1/4
f 552/1/4 417/1/4 549/1/4
f 549/1/4 417/1/4 624/1/4
f 584/1/4 481/1/4 581/1/4
f 581/1/4 481/1/4 688/1/4
f 973/1/4 916/1/4 970/1/4
f 970/1/4 916/1/4 915/1/4
f 114/1/4 1292/1/4 111/1/4
f 111/1/4 1292/1/4 1291/1/4
f 210/1/4 165/1/4 207/1/4
f 207/1/4 165/1/4 164/1/4
f 1361/1/4 269/1/4 1362/1/4
f 1362/1/4 269/1/4 268/1/4
f 424/1/4 1467/1/4 421/1/4
f 421/1/4 1467/1/4 552/1/4
f 488/1/4 1499/1/4 485/1/4
f 485/1/4 1499/1/4 584/1/4
f 628/1/4 549/1/4 625/1/4
f 625/1/4 549/1/4 1546/1/4
f 692/1/4 581/1/4 689/1/4
f 689/1/4 581/1/4 1578/1/4
f 921/1/4 1738/1/4 918/1/4
f 918/1/4 1738/1/4 1737/1/4
f 1017/1/4 972/1/4 1014/1/4
f 1014/1/4 972/1/4 971/1/4
f 1662/1/4 809/1/4 1802/1/4
f 1802/1/4 809/1/4 1071/1/4
f 274/1/4 209/1/4 271/1/4
f 271/1/4 209/1/4 208/1/4
f 328/1/4 1406/1/4 326/1/4
f 326/1/4 1406/1/4 424/1/4
f 272/1/4 1362/1/4 371/1/4
f 371/1/4 1362/1/4 488/1/4
f 756/1/4 625/1/4 753/1/4
f 753/1/4 625/1/4 1616/1/4
f 816/1/4 689/1/4 813/1/4
f 813/1/4 689/1/4 1662/1/4
f 1075/1/4 1016/1/4 1073/1/4
f 1073/1/4 1016/1/4 1015/1/4
f 1996/1/4 1988/1/4 1997/1/4
f 1997/1/4 1988/1/4 1989/1/4
f 1998/1/4 273/1/4 1999/1/4
f 1999/1/4 273/1/4 272/1/4
f 2000/1/4 1992/1/4 2001/1/4
f 2001/1/4 1992/1/4 1993/1/4
f 2002/1/4 813/1/4 2003/1/4
f 2003/1/4 813/1/4 1074/1/4
f 1365/6/4 1998/6/4 1366/6/4
f 1366/6/4 1998/6/4 1999/6/4
f 1664/6/4 2002/6/4 1805/6/4
f 1805/6/4 2002/6/4 2003/6/4
f 278/6/4 1364/6/4 275/6/4
f 275/6/4 1364/6/4 1363/6/4
f 331/6/4 1408/6/4 329/6/4
f 329/6/4 1408/6/4 1407/6/4
f 276/6/4 1366/6/4 374/6/4
f 374/6/4 1366/6/4 1438/6/4
f 760/6/4 1619/6/4 757/6/4
f 757/6/4 1619/6/4 1618/6/4
f 820/6/4 1665/6/4 817/6/4
f 817/6/4 1665/6/4 1664/6/4
f 1078/6/4 1804/6/4 1076/6/4
f 1076/6/4 1804/6/4 1803/6/4
f 118/6/4 57/6/4 115/6/4
f 115/6/4 57/6/4 56/6/4
f 214/6/4 1326/6/4 211/6/4
f 211/6/4 1326/6/4 1325/6/4
f 428/6/4 329/6/4 425/6/4
f 425/6/4 329/6/4 1469/6/4
f 492/6/4 374/6/4 489/6/4
f 489/6/4 374/6/4 1501/6/4
f 632/6/4 1548/6/4 629/6/4
f 629/6/4 1548/6/4 760/6/4
f 696/6/4 1580/6/4 693/6/4
f 693/6/4 1580/6/4 820/6/4
f 925/6/4 873/6/4 922/6/4
f 922/6/4 873/6/4 872/6/4
f 1021/6/4 1772/6/4 1018/6/4
f 1018/6/4 1772/6/4 1771/6/4
f 170/6/4 117/6/4 167/6/4
f 167/6/4 117/6/4 116/6/4
f 556/6/4 425/6/4 553/6/4
f 553/6/4 425/6/4 632/6/4
f 588/6/4 489/6/4 585/6/4
f 585/6/4 489/6/4 696/6/4
f 977/6/4 924/6/4 974/6/4
f 974/6/4 924/6/4 923/6/4
f 122/6/4 1296/6/4 119/6/4
f 119/6/4 1296/6/4 1295/6/4
f 218/6/4 169/6/4 215/6/4
f 215/6/4 169/6/4 168/6/4
f 1367/6/4 277/6/4 1368/6/4
f 1368/6/4 277/6/4 276/6/4
f 432/6/4 1471/6/4 429/6/4
f 429/6/4 1471/6/4 556/6/4
f 496/6/4 1503/6/4 493/6/4
f 493/6/4 1503/6/4 588/6/4
f 636/6/4 553/6/4 633/6/4
f 633/6/4 553/6/4 1550/6/4
f 700/6/4 585/6/4 697/6/4
f 697/6/4 585/6/4 1582/6/4
f 929/6/4 1742/6/4 926/6/4
f 926/6/4 1742/6/4 1741/6/4
f 1025/6/4 976/6/4 1022/6/4
f 1022/6/4 976/6/4 975/6/4
f 1668/6/4 817/6/4 1806/6/4
f 1806/6/4 817/6/4 1077/6/4
f 282/6/4 217/6/4 279/6/4
f 279/6/4 217/6/4 216/6/4
f 334/6/4 1410/6/4 332/6/4
f 332/6/4 1410/6/4 432/6/4
f 280/6/4 1368/6/4 377/6/4
f 377/6/4 1368/6/4 496/6/4
f 764/6/4 633/6/4 761/6/4
f 761/6/4 633/6/4 1622/6/4
f 824/6/4 697/6/4 821/6/4
f 821/6/4 697/6/4 1668/6/4
f 1081/6/4 1024/6/4 1079/6/4
f 1079/6/4 1024/6/4 1023/6/4
f 2004/6/4 1996/6/4 2005/6/4
f 2005/6/4 1996/6/4 1997/6/4
f 2006/6/4 281/6/4 2007/6/4
f 2007/6/4 281/6/4 280/6/4
f 2008/6/4 2000/6/4 2009/6/4
f 2009/6/4 2000/6/4 2001/6/4
f 2010/6/4 821/6/4 2011/6/4
f 2011/6/4 821/6/4 1080/6/4
f 1371/1/4 2006/1/4 1372/1/4
f 1372/1/4 2006/1/4 2007/1/4
f 1670/1/4 2010/1/4 1809/1/4
f 1809/1/4 2010/1/4 2011/1/4
f 286/1/4 1370/1/4 283/1/4
f 283/1/4 1370/1/4 1369/1/4
f 337/1/4 1412/1/4 335/1/4
f 335/1/4 1412/1/4 1411/1/4
f 284/1/4 1372/1/4 380/1/4
f 380/1/4 1372/1/4 1442/1/4
f 768/1/4 1625/1/4 765/1/4
f 765/1/4 1625/1/4 1624/1/4
f 828/1/4 1671/1/4 825/1/4
f 825/1/4 1671/1/4 1670/1/4
f 1084/1/4 1808/1/4 1082/1/4
f 1082/1/4 1808/1/4 1807/1/4
f 126/1/4 65/1/4 123/1/4
f 123/1/4 65/1/4 64/1/4
f 222/1/4 1330/1/4 219/1/4
f 219/1/4 1330/1/4 1329/1/4
f 436/1/4 335/1/4 433/1/4
f 433/1/4 335/1/4 1473/1/4
f 500/1/4 380/1/4 497/1/4
f 497/1/4 380/1/4 1505/1/4
f 640/1/4 1552/1/4 637/1/4
f 637/1/4 1552/1/4 768/1/4
f 704/1/4 1584/1/4 701/1/4
f 701/1/4 1584/1/4 828/1/4
f 933/1/4 879/1/4 930/1/4
f 930/1/4 879/1/4 878/1/4
f 1029/1/4 1776/1/4 1026/1/4
f 1026/1/4 1776/1/4 1775/1/4
f 174/1/4 125/1/4 171/1/4
f 171/1/4 125/1/4 124/1/4
f 560/1/4 433/1/4 557/1/4
f 557/1/4 433/1/4 640/1/4
f 592/1/4 497/1/4 589/1/4
f 589/1/4 497/1/4 704/1/4
f 981/1/4 932/1/4 978/1/4
f 978/1/4 932/1/4 931/1/4
f 130/1/4 1300/1/4 127/1/4
f 127/1/4 1300/1/4 1299/1/4
f 226/1/4 173/1/4 223/1/4
f 223/1/4 173/1/4 172/1/4
f 1373/1/4 285/1/4 1374/1/4
f 1374/1/4 285/1/4 284/1/4
f 440/1/4 1475/1/4 437/1/4
f 437/1/4 1475/1/4 560/1/4
f 504/1/4 1507/1/4 501/1/4
f 501/1/4 1507/1/4 592/1/4
f 644/1/4 557/1/4 641/1/4
f 641/1/4 557/1/4 1554/1/4
f 708/1/4 589/1/4 705/1/4
f 705/1/4 589/1/4 1586/1/4
f 937/1/4 1746/1/4 934/1/4
f 934/1/4 1746/1/4 1745/1/4
f 1033/1/4 980/1/4 1030/1/4
f 1030/1/4 980/1/4 979/1/4
f 1674/1/4 825/1/4 1810/1/4
f 1810/1/4 825/1/4 1083/1/4
f 290/1/4 225/1/4 287/1/4
f 287/1/4 225/1/4 224/1/4
f 340/1/4 1414/1/4 338/1/4
f 338/1/4 1414/1/4 440/1/4
f 288/1/4 1374/1/4 383/1/4
f 383/1/4 1374/1/4 504/1/4
f 772/1/4 641/1/4 769/1/4
f 769/1/4 641/1/4 1628/1/4
f 832/1/4 705/1/4 829/1/4
f 829/1/4 705/1/4 1674/1/4
f 1087/1/4 1032/1/4 1085/1/4
f 1085/1/4 1032/1/4 1031/1/4
f 2012/1/4 2004/1/4 2013/1/4
f 2013/1/4 2004/1/4 2005/1/4
f 2014/1/4 289/1/4 2015/1/4
f 2015/1/4 289/1/4 288/1/4
f 2016/1/4 2008/1/4 2017/1/4
f 2017/1/4 2008/1/4 2009/1/4
f 2018/1/4 829/1/4 2019/1/4
f 2019/1/4 829/1/4 1086/1/4
f 1377/6/4 2014/6/4 1378/6/4
f 1378/6/4 2014/6/4 2015/6/4
f 1676/6/4 2018/6/4 1813/6/4
f 1813/6/4 2018/6/4 2019/6/4
f 294/6/4 1376/6/4 291/6/4
f 291/6/4 1376/6/4 1375/6/4
f 343/6/4 1416/6/4 341/6/4
f 341/6/4 1416/6/4 1415/6/4
f 292/6/4 1378/6/4 386/6/4
f 386/6/4 1378/6/4 1446/6/4
f 776/6/4 1631/6/4 773/6/4
f 773/6/4 1631/6/4 1630/6/4
f 836/6/4 1677/6/4 833/6/4
f 833/6/4 1677/6/4 1676/6/4
f 1090/6/4 1812/6/4 1088/6/4
f 1088/6/4 1812/6/4 1811/6/4
f 134/6/4 73/6/4 131/6/4
f 131/6/4 73/6/4 72/6/4
f 230/6/4 1334/6/4 227/6/4
f 227/6/4 1334/6/4 1333/6/4
f 444/6/4 341/6/4 441/6/4
f 441/6/4 341/6/4 1477/6/4
f 508/6/4 386/6/4 505/6/4
f 505/6/4 386/6/4 1509/6/4
f 648/6/4 1556/6/4 645/6/4
f 645/6/4 1556/6/4 776/6/4
f 712/6/4 1588/6/4 709/6/4
f 709/6/4 1588/6/4 836/6/4
f 941/6/4 885/6/4 938/6/4
f 938/6/4 885/6/4 884/6/4
f 1037/6/4 1780/6/4 1034/6/4
f 1034/6/4 1780/6/4 1779/6/4
f 178/6/4 133/6/4 175/6/4
f 175/6/4 133/6/4 132/6/4
f 564/6/4 441/6/4 561/6/4
f 561/6/4 441/6/4 648/6/4
f 596/6/4 505/6/4 593/6/4
f 593/6/4 505/6/4 712/6/4
f 985/6/4 940/6/4 982/6/4
f 982/6/4 940/6/4 939/6/4
f 138/6/4 1304/6/4 135/6/4
f 135/6/4 1304/6/4 1303/6/4
f 234/6/4 177/6/4 231/6/4
f 231/6/4 177/6/4 176/6/4
f 1379/6/4 293/6/4 1380/6/4
f 1380/6/4 293/6/4 292/6/4
f 448/6/4 1479/6/4 445/6/4
f 445/6/4 1479/6/4 564/6/4
f 512/6/4 1511/6/4 509/6/4
f 509/6/4 1511/6/4 596/6/4
f 652/6/4 561/6/4 649/6/4
f 649/6/4 561/6/4 1558/6/4
f 716/6/4 593/6/4 713/6/4
f 713/6/4 593/6/4 1590/6/4
f 945/6/4 1750/6/4 942/6/4
f 942/6/4 1750/6/4 1749/6/4
f 1041/6/4 984/6/4 1038/6/4
f 1038/6/4 984/6/4 983/6/4
f 1680/6/4 833/6/4 1814/6/4
f 1814/6/4 833/6/4 1089/6/4
f 298/6/4 233/6/4 295/6/4
f 295/6/4 233/6/4 232/6/4
f 346/6/4 1418/6/4 344/6/4
f 344/6/4 1418/6/4 448/6/4
f 296/6/4 1380/6/4 389/6/4
f 389/6/4 1380/6/4 512/6/4
f 780/6/4 649/6/4 777/6/4
f 777/6/4 649/6/4 1634/6/4
f 840/6/4 713/6/4 837/6/4
f 837/6/4 713/6/4 1680/6/4
f 1093/6/4 1040/6/4 1091/6/4
f 1091/6/4 1040/6/4 1039/6/4
f 2020/6/4 2012/6/4 2021/6/4
f 2021/6/4 2012/6/4 2013/6/4
f 2022/6/4 297/6/4 2023/6/4
f 2023/6/4 297/6/4 296/6/4
f 2024/6/4 2016/6/4 2025/6/4
f 2025/6/4 2016/6/4 2017/6/4
f 2026/6/4 837/6/4 2027/6/4
f 2027/6/4 837/6/4 1092/6/4
f 1383/1/4 2022/1/4 1384/1/4
f 1384/1/4 2022/1/4 2023/1/4
f 1682/1/4 2026/1/4 1817/1/4
f 1817/1/4 2026/1/4 2027/1/4
f 302/1/4 1382/1/4 299/1/4
f 299/1/4 1382/1/4 1381/1/4
f 349/1/4 1420/1/4 347/1/4
f 347/1/4 1420/1/4 1419/1/4
f 300/1/4 1384/1/4 392/1/4
f 392/1/4 1384/1/4 1450/1/4
f 784/1/4 1637/1/4 781/1/4
f 781/1/4 1637/1/4 1636/1/4
f 844/1/4 1683/1/4 841/1/4
f 841/1/4 1683/1/4 1682/1/4
f 1096/1/4 1816/1/4 1094/1/4
f 1094/1/4 1816/1/4 1815/1/4
f 142/1/4 81/1/4 139/1/4
f 139/1/4 81/1/4 80/1/4
f 238/1/4 1338/1/4 235/1/4
f 235/1/4 1338/1/4 1337/1/4
f 452/1/4 347/1/4 449/1/4
f 449/1/4 347/1/4 1481/1/4
f 516/1/4 392/1/4 513/1/4
f 513/1/4 392/1/4 1513/1/4
f 656/1/4 1560/1/4 653/1/4
f 653/1/4 1560/1/4 784/1/4
f 720/1/4 1592/1/4 717/1/4
f 717/1/4 1592/1/4 844/1/4
f 949/1/4 891/1/4 946/1/4
f 946/1/4 891/1/4 890/1/4
f 1045/1/4 1784/1/4 1042/1/4
f 1042/1/4 1784/1/4 1783/1/4
f 182/1/4 141/1/4 179/1/4
f 179/1/4 141/1/4 140/1/4
f 568/1/4 449/1/4 565/1/4
f 565/1/4 449/1/4 656/1/4
f 600/1/4 513/1/4 597/1/4
f 597/1/4 513/1/4 720/1/4
f 989/1/4 948/1/4 986/1/4
f 986/1/4 948/1/4 947/1/4
f 146/1/4 1308/1/4 143/1/4
f 143/1/4 1308/1/4 1307/1/4
f 242/1/4 181/1/4 239/1/4
f 239/1/4 181/1/4 180/1/4
f 1385/1/4 301/1/4 1386/1/4
f 1386/1/4 301/1/4 300/1/4
f 456/1/4 1483/1/4 453/1/4
f 453/1/4 1483/1/4 568/1/4
f 520/1/4 1515/1/4 517/1/4
f 517/1/4 1515/1/4 600/1/4
f 660/1/4 565/1/4 657/1/4
f 657/1/4 565/1/4 1562/1/4
f 724/1/4 597/1/4 721/1/4
f 721/1/4 597/1/4 1594/1/4
f 953/1/4 1754/1/4 950/1/4
f 950/1/4 1754/1/4 1753/1/4
f 1049/1/4 988/1/4 1046/1/4
f 1046/1/4 988/1/4 987/1/4
f 1686/1/4 841/1/4 1818/1/4
f 1818/1/4 841/1/4 1095/1/4
f 306/1/4 241/1/4 303/1/4
f 303/1/4 241/1/4 240/1/4
f 352/1/4 1422/1/4 350/1/4
f 350/1/4 1422/1/4 456/1/4
f 304/1/4 1386/1/4 395/1/4
f 395/1/4 1386/1/4 520/1/4
f 788/1/4 657/1/4 785/1/4
f 785/1/4 657/1/4 1640/1/4
f 848/1/4 721/1/4 845/1/4
f 845/1/4 721/1/4 1686/1/4
f 1099/1/4 1048/1/4 1097/1/4
f 1097/1/4 1048/1/4 1047/1/4
f 2028/1/4 2020/1/4 2029/1/4
f 2029/1/4 2020/1/4 2021/1/4
f 2030/1/4 305/1/4 2031/1/4
f 2031/1/4 305/1/4 304/1/4
f 2032/1/4 2024/1/4 2033/1/4
f 2033/1/4 2024/1/4 2025/1/4
f 2034/1/4 845/1/4 2035/1/4
f 2035/1/4 845/1/4 1098/1/4
f 1389/6/4 2030/6/4 1390/6/4
f 1390/6/4 2030/6/4 2031/6/4
f 1688/6/4 2034/6/4 1821/6/4
f 1821/6/4 2034/6/4 2035/6/4
f 310/6/4 1388/6/4 307/6/4
f 307/6/4 1388/6/4 1387/6/4
f 355/6/4 1424/6/4 353/6/4
f 353/6/4 1424/6/4 1423/6/4
f 308/6/4 1390/6/4 398/6/4
f 398/6/4 1390/6/4 1454/6/4
f 792/6/4 1643/6/4 789/6/4
f 789/6/4 1643/6/4 1642/6/4
f 852/6/4 1689/6/4 849/6/4
f 849/6/4 1689/6/4 1688/6/4
f 1102/6/4 1820/6/4 1100/6/4
f 1100/6/4 1820/6/4 1819/6/4
f 150/6/4 89/6/4 147/6/4
f 147/6/4 89/6/4 88/6/4
f 246/6/4 1342/6/4 243/6/4
f 243/6/4 1342/6/4 1341/6/4
f 460/6/4 353/6/4 457/6/4
f 457/6/4 353/6/4 1485/6/4
f 524/6/4 398/6/4 521/6/4
f 521/6/4 398/6/4 1517/6/4
f 664/6/4 1564/6/4 661/6/4
f 661/6/4 1564/6/4 792/6/4
f 728/6/4 1596/6/4 725/6/4
f 725/6/4 1596/6/4 852/6/4
f 957/6/4 897/6/4 954/6/4
f 954/6/4 897/6/4 896/6/4
f 1053/6/4 1788/6/4 1050/6/4
f 1050/6/4 1788/6/4 1787/6/4
f 186/6/4 149/6/4 183/6/4
f 183/6/4 149/6/4 148/6/4
f 572/6/4 457/6/4 569/6/4
f 569/6/4 457/6/4 664/6/4
f 604/6/4 521/6/4 601/6/4
f 601/6/4 521/6/4 728/6/4
f 993/6/4 956/6/4 990/6/4
f 990/6/4 956/6/4 955/6/4
f 2036/6/4 2028/6/4 2037/6/4
f 2037/6/4 2028/6/4 2029/6/4
f 154/6/4 1312/6/4 151/6/4
f 151/6/4 1312/6/4 1311/6/4
f 250/6/4 185/6/4 247/6/4
f 247/6/4 185/6/4 184/6/4
f 2038/6/4 309/6/4 2039/6/4
f 2039/6/4 309/6/4 308/6/4
f 464/6/4 1487/6/4 461/6/4
f 461/6/4 1487/6/4 572/6/4
f 528/6/4 1519/6/4 525/6/4
f 525/6/4 1519/6/4 604/6/4
f 668/6/4 569/6/4 665/6/4
f 665/6/4 569/6/4 1566/6/4
f 732/6/4 601/6/4 729/6/4
f 729/6/4 601/6/4 1598/6/4
f 2040/6/4 2032/6/4 2041/6/4
f 2041/6/4 2032/6/4 2033/6/4
f 961/6/4 1758/6/4 958/6/4
f 958/6/4 1758/6/4 1757/6/4
f 1057/6/4 992/6/4 1054/6/4
f 1054/6/4 992/6/4 991/6/4
f 2042/6/4 849/6/4 2043/6/4
f 2043/6/4 849/6/4 1101/6/4
f 1234/1/5 1235/1/5 1231/1/5
f 1231/1/5 1235/1/5 1396/1/5
f 1397/1/5 312/1/5 1395/1/5
f 1395/1/5 312/1/5 311/1/5
f 1458/1/5 402/1/5 1457/1/5
f 1457/1/5 402/1/5 401/1/5
f 735/1/5 606/1/5 736/1/5
f 736/1/5 606/1/5 605/1/5
f 607/1/5 542/1/5 608/1/5
f 608/1/5 542/1/5 541/1/5
f 31/1/5 1239/1/5 313/1/5
f 313/1/5 1239/1/5 1398/1/5
f 543/1/5 406/1/5 544/1/5
f 544/1/5 406/1/5 405/1/5
f 1539/1/5 610/1/5 1538/1/5
f 1538/1/5 610/1/5 609/1/5
f 407/1/5 315/1/5 408/1/5
f 408/1/5 315/1/5 314/1/5
f 35/1/5 1910/1/5 316/1/5
f 316/1/5 1910/1/5 1977/1/5
f 1695/1/5 1914/1/5 1692/1/5
f 1692/1/5 1914/1/5 1981/1/5
f 1910/6/5 1241/6/5 1977/6/5
f 1977/6/5 1241/6/5 1400/6/5
f 1401/6/5 318/6/5 1399/6/5
f 1399/6/5 318/6/5 317/6/5
f 1462/6/5 410/6/5 1461/6/5
f 1461/6/5 410/6/5 409/6/5
f 743/6/5 614/6/5 744/6/5
f 744/6/5 614/6/5 613/6/5
f 615/6/5 546/6/5 616/6/5
f 616/6/5 546/6/5 545/6/5
f 39/6/5 1245/6/5 319/6/5
f 319/6/5 1245/6/5 1402/6/5
f 547/6/5 414/6/5 548/6/5
f 548/6/5 414/6/5 413/6/5
f 1543/6/5 618/6/5 1542/6/5
f 1542/6/5 618/6/5 617/6/5
f 415/6/5 321/6/5 416/6/5
f 416/6/5 321/6/5 320/6/5
f 43/6/5 1921/6/5 322/6/5
f 322/6/5 1921/6/5 1989/6/5
f 1914/6/5 1925/6/5 1981/6/5
f 1981/6/5 1925/6/5 1993/6/5
f 1921/1/5 1247/1/5 1989/1/5
f 1989/1/5 1247/1/5 1404/1/5
f 1405/1/5 324/1/5 1403/1/5
f 1403/1/5 324/1/5 323/1/5
f 1466/1/5 418/1/5 1465/1/5
f 1465/1/5 418/1/5 417/1/5
f 751/1/5 622/1/5 752/1/5
f 752/1/5 622/1/5 621/1/5
f 623/1/5 550/1/5 624/1/5
f 624/1/5 550/1/5 549/1/5
f 47/1/5 1251/1/5 325/1/5
f 325/1/5 1251/1/5 1406/1/5
f 551/1/5 422/1/5 552/1/5
f 552/1/5 422/1/5 421/1/5
f 1547/1/5 626/1/5 1546/1/5
f 1546/1/5 626/1/5 625/1/5
f 423/1/5 327/1/5 424/1/5
f 424/1/5 327/1/5 326/1/5
f 51/1/5 1929/1/5 328/1/5
f 328/1/5 1929/1/5 1997/1/5
f 1925/1/5 1933/1/5 1993/1/5
f 1993/1/5 1933/1/5 2001/1/5
f 1929/6/5 1253/6/5 1997/6/5
f 1997/6/5 1253/6/5 1408/6/5
f 1409/6/5 330/6/5 1407/6/5
f 1407/6/5 330/6/5 329/6/5
f 1470/6/5 426/6/5 1469/6/5
f 1469/6/5 426/6/5 425/6/5
f 759/6/5 630/6/5 760/6/5
f 760/6/5 630/6/5 629/6/5
f 631/6/5 554/6/5 632/6/5
f 632/6/5 554/6/5 553/6/5
f 55/6/5 1257/6/5 331/6/5
f 331/6/5 1257/6/5 1410/6/5
f 555/6/5 430/6/5 556/6/5
f 556/6/5 430/6/5 429/6/5
f 1551/6/5 634/6/5 1550/6/5
f 1550/6/5 634/6/5 633/6/5
f 431/6/5 333/6/5 432/6/5
f 432/6/5 333/6/5 332/6/5
f 59/6/5 1937/6/5 334/6/5
f 334/6/5 1937/6/5 2005/6/5
f 1933/6/5 1941/6/5 2001/6/5
f 2001/6/5 1941/6/5 2009/6/5
f 1937/1/5 1259/1/5 2005/1/5
f 2005/1/5 1259/1/5 1412/1/5
f 1413/1/5 336/1/5 1411/1/5
f 1411/1/5 336/1/5 335/1/5
f 1474/1/5 434/1/5 1473/1/5
f 1473/1/5 434/1/5 433/1/5
f 767/1/5 638/1/5 768/1/5
f 768/1/5 638/1/5 637/1/5
f 639/1/5 558/1/5 640/1/5
f 640/1/5 558/1/5 557/1/5
f 63/1/5 1263/1/5 337/1/5
f 337/1/5 1263/1/5 1414/1/5
f 559/1/5 438/1/5 560/1/5
f 560/1/5 438/1/5 437/1/5
f 1555/1/5 642/1/5 1554/1/5
f 1554/1/5 642/1/5 641/1/5
f 439/1/5 339/1/5 440/1/5
f 440/1/5 339/1/5 338/1/5
f 67/1/5 1945/1/5 340/1/5
f 340/1/5 1945/1/5 2013/1/5
f 1941/1/5 1949/1/5 2009/1/5
f 2009/1/5 1949/1/5 2017/1/5
f 1945/6/5 1265/6/5 2013/6/5
f 2013/6/5 1265/6/5 1416/6/5
f 1417/6/5 342/6/5 1415/6/5
f 1415/6/5 342/6/5 341/6/5
f 1478/6/5 442/6/5 1477/6/5
f 1477/6/5 442/6/5 441/6/5
f 775/6/5 646/6/5 776/6/5
f 776/6/5 646/6/5 645/6/5
f 647/6/5 562/6/5 648/6/5
f 648/6/5 562/6/5 561/6/5
f 71/6/5 1269/6/5 343/6/5
f 343/6/5 1269/6/5 1418/6/5
f 563/6/5 446/6/5 564/6/5
f 564/6/5 446/6/5 445/6/5
f 1559/6/5 650/6/5 1558/6/5
f 1558/6/5 650/6/5 649/6/5
f 447/6/5 345/6/5 448/6/5
f 448/6/5 345/6/5 344/6/5
f 75/6/5 1953/6/5 346/6/5
f 346/6/5 1953/6/5 2021/6/5
f 1949/6/5 1957/6/5 2017/6/5
f 2017/6/5 1957/6/5 2025/6/5
f 1953/1/5 1271/1/5 2021/1/5
f 2021/1/5 1271/1/5 1420/1/5
f 1421/1/5 348/1/5 1419/1/5
f 1419/1/5 348/1/5 347/1/5
f 1482/1/5 450/1/5 1481/1/5
f 1481/1/5 450/1/5 449/1/5
f 783/1/5 654/1/5 784/1/5
f 784/1/5 654/1/5 653/1/5
f 655/1/5 566/1/5 656/1/5
f 656/1/5 566/1/5 565/1/5
f 79/1/5 1275/1/5 349/1/5
f 349/1/5 1275/1/5 1422/1/5
f 567/1/5 454/1/5 568/1/5
f 568/1/5 454/1/5 453/1/5
f 1563/1/5 658/1/5 1562/1/5
f 1562/1/5 658/1/5 657/1/5
f 455/1/5 351/1/5 456/1/5
f 456/1/5 351/1/5 350/1/5
f 83/1/5 1961/1/5 352/1/5
f 352/1/5 1961/1/5 2029/1/5
f 1957/1/5 1965/1/5 2025/1/5
f 2025/1/5 1965/1/5 2033/1/5
f 1961/6/5 1277/6/5 2029/6/5
f 2029/6/5 1277/6/5 1424/6/5
f 1425/6/5 354/6/5 1423/6/5
f 1423/6/5 354/6/5 353/6/5
f 1486/6/5 458/6/5 1485/6/5
f 1485/6/5 458/6/5 457/6/5
f 791/6/5 662/6/5 792/6/5
f 792/6/5 662/6/5 661/6/5
f 663/6/5 570/6/5 664/6/5
f 664/6/5 570/6/5 569/6/5
f 87/6/5 1969/6/5 355/6/5
f 355/6/5 1969/6/5 2037/6/5
f 571/6/5 462/6/5 572/6/5
f 572/6/5 462/6/5 461/6/5
f 1567/6/5 666/6/5 1566/6/5
f 1566/6/5 666/6/5 665/6/5
f 1965/6/5 1973/6/5 2033/6/5
f 2033/6/5 1973/6/5 2041/6/5
f 1238/1/5 32/1/5 1235/1/5
f 1235/1/5 32/1/5 31/1/5
f 1698/1/5 854/1/5 1696/1/5
f 1696/1/5 854/1/5 853/1/5
f 95/1/5 36/1/5 1239/1/5
f 1239/1/5 36/1/5 35/1/5
f 902/1/5 857/1/5 1699/1/5
f 1699/1/5 857/1/5 856/1/5
f 1244/6/5 40/6/5 1241/6/5
f 1241/6/5 40/6/5 39/6/5
f 1702/6/5 860/6/5 1700/6/5
f 1700/6/5 860/6/5 859/6/5
f 103/6/5 44/6/5 1245/6/5
f 1245/6/5 44/6/5 43/6/5
f 910/6/5 863/6/5 1703/6/5
f 1703/6/5 863/6/5 862/6/5
f 1250/1/5 48/1/5 1247/1/5
f 1247/1/5 48/1/5 47/1/5
f 1706/1/5 866/1/5 1704/1/5
f 1704/1/5 866/1/5 865/1/5
f 111/1/5 52/1/5 1251/1/5
f 1251/1/5 52/1/5 51/1/5
f 918/1/5 869/1/5 1707/1/5
f 1707/1/5 869/1/5 868/1/5
f 1256/6/5 56/6/5 1253/6/5
f 1253/6/5 56/6/5 55/6/5
f 1710/6/5 872/6/5 1708/6/5
f 1708/6/5 872/6/5 871/6/5
f 119/6/5 60/6/5 1257/6/5
f 1257/6/5 60/6/5 59/6/5
f 926/6/5 875/6/5 1711/6/5
f 1711/6/5 875/6/5 874/6/5
f 1262/1/5 64/1/5 1259/1/5
f 1259/1/5 64/1/5 63/1/5
f 1714/1/5 878/1/5 1712/1/5
f 1712/1/5 878/1/5 877/1/5
f 127/1/5 68/1/5 1263/1/5
f 1263/1/5 68/1/5 67/1/5
f 934/1/5 881/1/5 1715/1/5
f 1715/1/5 881/1/5 880/1/5
f 1268/6/5 72/6/5 1265/6/5
f 1265/6/5 72/6/5 71/6/5
f 1718/6/5 884/6/5 1716/6/5
f 1716/6/5 884/6/5 883/6/5
f 135/6/5 76/6/5 1269/6/5
f 1269/6/5 76/6/5 75/6/5
f 942/6/5 887/6/5 1719/6/5
f 1719/6/5 887/6/5 886/6/5
f 1274/1/5 80/1/5 1271/1/5
f 1271/1/5 80/1/5 79/1/5
f 1722/1/5 890/1/5 1720/1/5
f 1720/1/5 890/1/5 889/1/5
f 143/1/5 84/1/5 1275/1/5
f 1275/1/5 84/1/5 83/1/5
f 950/1/5 893/1/5 1723/1/5
f 1723/1/5 893/1/5 892/1/5
f 1280/6/5 88/6/5 1277/6/5
f 1277/6/5 88/6/5 87/6/5
f 1726/6/5 896/6/5 1724/6/5
f 1724/6/5 896/6/5 895/6/5
f 1282/1/5 92/1/5 32/1/5
f 32/1/5 92/1/5 91/1/5
f 1728/1/5 899/1/5 854/1/5
f 854/1/5 899/1/5 898/1/5
f 155/1/5 96/1/5 1283/1/5
f 1283/1/5 96/1/5 95/1/5
f 962/1/5 903/1/5 1729/1/5
f 1729/1/5 903/1/5 902/1/5
f 1286/6/5 100/6/5 40/6/5
f 40/6/5 100/6/5 99/6/5
f 1732/6/5 907/6/5 860/6/5
f 860/6/5 907/6/5 906/6/5
f 159/6/5 104/6/5 1287/6/5
f 1287/6/5 104/6/5 103/6/5
f 966/6/5 911/6/5 1733/6/5
f 1733/6/5 911/6/5 910/6/5
f 1290/1/5 108/1/5 48/1/5
f 48/1/5 108/1/5 107/1/5
f 1736/1/5 915/1/5 866/1/5
f 866/1/5 915/1/5 914/1/5
f 163/1/5 112/1/5 1291/1/5
f 1291/1/5 112/1/5 111/1/5
f 970/1/5 919/1/5 1737/1/5
f 1737/1/5 919/1/5 918/1/5
f 1294/6/5 116/6/5 56/6/5
f 56/6/5 116/6/5 115/6/5
f 1740/6/5 923/6/5 872/6/5
f 872/6/5 923/6/5 922/6/5
f 167/6/5 120/6/5 1295/6/5
f 1295/6/5 120/6/5 119/6/5
f 974/6/5 927/6/5 1741/6/5
f 1741/6/5 927/6/5 926/6/5
f 1298/1/5 124/1/5 64/1/5
f 64/1/5 124/1/5 123/1/5
f 1744/1/5 931/1/5 878/1/5
f 878/1/5 931/1/5 930/1/5
f 171/1/5 128/1/5 1299/1/5
f 1299/1/5 128/1/5 127/1/5
f 978/1/5 935/1/5 1745/1/5
f 1745/1/5 935/1/5 934/1/5
f 1302/6/5 132/6/5 72/6/5
f 72/6/5 132/6/5 131/6/5
f 1748/6/5 939/6/5 884/6/5
f 884/6/5 939/6/5 938/6/5
f 175/6/5 136/6/5 1303/6/5
f 1303/6/5 136/6/5 135/6/5
f 982/6/5 943/6/5 1749/6/5
f 1749/6/5 943/6/5 942/6/5
f 1306/1/5 140/1/5 80/1/5
f 80/1/5 140/1/5 139/1/5
f 1752/1/5 947/1/5 890/1/5
f 890/1/5 947/1/5 946/1/5
f 179/1/5 144/1/5 1307/1/5
f 1307/1/5 144/1/5 143/1/5
f 986/1/5 951/1/5 1753/1/5
f 1753/1/5 951/1/5 950/1/5
f 1310/6/5 148/6/5 88/6/5
f 88/6/5 148/6/5 147/6/5
f 1756/6/5 955/6/5 896/6/5
f 896/6/5 955/6/5 954/6/5
f 183/6/5 152/6/5 1311/6/5
f 1311/6/5 152/6/5 151/6/5
f 990/6/5 959/6/5 1757/6/5
f 1757/6/5 959/6/5 958/6/5
f 187/1/5 156/1/5 92/1/5
f 92/1/5 156/1/5 155/1/5
f 994/1/5 963/1/5 899/1/5
f 899/1/5 963/1/5 962/1/5
f 195/6/5 160/6/5 100/6/5
f 100/6/5 160/6/5 159/6/5
f 1002/6/5 967/6/5 907/6/5
f 907/6/5 967/6/5 966/6/5
f 203/1/5 164/1/5 108/1/5
f 108/1/5 164/1/5 163/1/5
f 1010/1/5 971/1/5 915/1/5
f 915/1/5 971/1/5 970/1/5
f 211/6/5 168/6/5 116/6/5
f 116/6/5 168/6/5 167/6/5
f 1018/6/5 975/6/5 923/6/5
f 923/6/5 975/6/5 974/6/5
f 219/1/5 172/1/5 124/1/5
f 124/1/5 172/1/5 171/1/5
f 1026/1/5 979/1/5 931/1/5
f 931/1/5 979/1/5 978/1/5
f 227/6/5 176/6/5 132/6/5
f 132/6/5 176/6/5 175/6/5
f 1034/6/5 983/6/5 939/6/5
f 939/6/5 983/6/5 982/6/5
f 235/1/5 180/1/5 140/1/5
f 140/1/5 180/1/5 179/1/5
f 1042/1/5 987/1/5 947/1/5
f 947/1/5 987/1/5 986/1/5
f 243/6/5 184/6/5 148/6/5
f 148/6/5 184/6/5 183/6/5
f 1050/6/5 991/6/5 955/6/5
f 955/6/5 991/6/5 990/6/5
f 251/1/5 188/1/5 1313/1/5
f 1313/1/5 188/1/5 187/1/5
f 1058/1/5 995/1/5 1759/1/5
f 1759/1/5 995/1/5 994/1/5
f 1316/1/5 192/1/5 156/1/5
f 156/1/5 192/1/5 191/1/5
f 1762/1/5 999/1/5 963/1/5
f 963/1/5 999/1/5 998/1/5
f 259/6/5 196/6/5 1317/6/5
f 1317/6/5 196/6/5 195/6/5
f 1064/6/5 1003/6/5 1763/6/5
f 1763/6/5 1003/6/5 1002/6/5
f 1320/6/5 200/6/5 160/6/5
f 160/6/5 200/6/5 199/6/5
f 1766/6/5 1007/6/5 967/6/5
f 967/6/5 1007/6/5 1006/6/5
f 267/1/5 204/1/5 1321/1/5
f 1321/1/5 204/1/5 203/1/5
f 1070/1/5 1011/1/5 1767/1/5
f 1767/1/5 1011/1/5 1010/1/5
f 1324/1/5 208/1/5 164/1/5
f 164/1/5 208/1/5 207/1/5
f 1770/1/5 1015/1/5 971/1/5
f 971/1/5 1015/1/5 1014/1/5
f 275/6/5 212/6/5 1325/6/5
f 1325/6/5 212/6/5 211/6/5
f 1076/6/5 1019/6/5 1771/6/5
f 1771/6/5 1019/6/5 1018/6/5
f 1328/6/5 216/6/5 168/6/5
f 168/6/5 216/6/5 215/6/5
f 1774/6/5 1023/6/5 975/6/5
f 975/6/5 1023/6/5 1022/6/5
f 283/1/5 220/1/5 1329/1/5
f 1329/1/5 220/1/5 219/1/5
f 1082/1/5 1027/1/5 1775/1/5
f 1775/1/5 1027/1/5 1026/1/5
f 1332/1/5 224/1/5 172/1/5
f 172/1/5 224/1/5 223/1/5
f 1778/1/5 1031/1/5 979/1/5
f 979/1/5 1031/1/5 1030/1/5
f 291/6/5 228/6/5 1333/6/5
f 1333/6/5 228/6/5 227/6/5
f 1088/6/5 1035/6/5 1779/6/5
f 1779/6/5 1035/6/5 1034/6/5
f 1336/6/5 232/6/5 176/6/5
f 176/6/5 232/6/5 231/6/5
f 1782/6/5 1039/6/5 983/6/5
f 983/6/5 1039/6/5 1038/6/5
f 299/1/5 236/1/5 1337/1/5
f 1337/1/5 236/1/5 235/1/5
f 1094/1/5 1043/1/5 1783/1/5
f 1783/1/5 1043/1/5 1042/1/5
f 1340/1/5 240/1/5 180/1/5
f 180/1/5 240/1/5 239/1/5
f 1786/1/5 1047/1/5 987/1/5
f 987/1/5 1047/1/5 1046/1/5
f 307/6/5 244/6/5 1341/6/5
f 1341/6/5 244/6/5 243/6/5
f 1100/6/5 1051/6/5 1787/6/5
f 1787/6/5 1051/6/5 1050/6/5
f 1344/6/5 248/6/5 184/6/5
f 184/6/5 248/6/5 247/6/5
f 1790/6/5 1055/6/5 991/6/5
f 991/6/5 1055/6/5 1054/6/5
f 1348/1/5 252/1/5 1345/1/5
f 1345/1/5 252/1/5 251/1/5
f 1350/1/5 256/1/5 192/1/5
f 192/1/5 256/1/5 255/1/5
f 1354/6/5 260/6/5 1351/6/5
f 1351/6/5 260/6/5 259/6/5
f 1356/6/5 264/6/5 200/6/5
f 200/6/5 264/6/5 263/6/5
f 1360/1/5 268/1/5 1357/1/5
f 1357/1/5 268/1/5 267/1/5
f 1362/1/5 272/1/5 208/1/5
f 208/1/5 272/1/5 271/1/5
f 1366/6/5 276/6/5 1363/6/5
f 1363/6/5 276/6/5 275/6/5
f 1368/6/5 280/6/5 216/6/5
f 216/6/5 280/6/5 279/6/5
f 1372/1/5 284/1/5 1369/1/5
f 1369/1/5 284/1/5 283/1/5
f 1374/1/5 288/1/5 224/1/5
f 224/1/5 288/1/5 287/1/5
f 1378/6/5 292/6/5 1375/6/5
f 1375/6/5 292/6/5 291/6/5
f 1380/6/5 296/6/5 232/6/5
f 232/6/5 296/6/5 295/6/5
f 1384/1/5 300/1/5 1381/1/5
f 1381/1/5 300/1/5 299/1/5
f 1386/1/5 304/1/5 240/1/5
f 240/1/5 304/1/5 303/1/5
f 1390/6/5 308/6/5 1387/6/5
f 1387/6/5 308/6/5 307/6/5
f 1394/1/5 1427/1/5 1391/1/5
f 1391/1/5 1427/1/5 1348/1/5
f 1825/1/5 2044/1/5 1822/1/5
f 1822/1/5 2044/1/5 1793/1/5
f 1428/1/5 357/1/5 1426/1/5
f 1426/1/5 357/1/5 356/1/5
f 2044/1/5 2045/1/5 1791/1/5
f 1791/1/5 2045/1/5 1058/1/5
f 1490/1/5 466/1/5 1489/1/5
f 1489/1/5 466/1/5 465/1/5
f 795/1/5 670/1/5 796/1/5
f 796/1/5 670/1/5 669/1/5
f 671/1/5 574/1/5 672/1/5
f 672/1/5 574/1/5 573/1/5
f 358/1/5 1429/1/5 252/1/5
f 252/1/5 1429/1/5 1350/1/5
f 575/1/5 470/1/5 576/1/5
f 576/1/5 470/1/5 469/1/5
f 1571/1/5 674/1/5 1570/1/5
f 1570/1/5 674/1/5 673/1/5
f 2045/1/5 2046/1/5 1059/1/5
f 1059/1/5 2046/1/5 1794/1/5
f 471/1/5 360/1/5 472/1/5
f 472/1/5 360/1/5 359/1/5
f 2046/1/5 2047/1/5 999/1/5
f 999/1/5 2047/1/5 1061/1/5
f 361/1/5 1912/1/5 256/1/5
f 256/1/5 1912/1/5 1979/1/5
f 2047/1/5 1916/1/5 1062/1/5
f 1062/1/5 1916/1/5 1983/1/5
f 1912/6/5 1431/6/5 1979/6/5
f 1979/6/5 1431/6/5 1354/6/5
f 1916/6/5 2048/6/5 1983/6/5
f 1983/6/5 2048/6/5 1797/6/5
f 1432/6/5 363/6/5 1430/6/5
f 1430/6/5 363/6/5 362/6/5
f 2048/6/5 2049/6/5 1795/6/5
f 1795/6/5 2049/6/5 1064/6/5
f 1494/6/5 474/6/5 1493/6/5
f 1493/6/5 474/6/5 473/6/5
f 803/6/5 678/6/5 804/6/5
f 804/6/5 678/6/5 677/6/5
f 679/6/5 578/6/5 680/6/5
f 680/6/5 578/6/5 577/6/5
f 364/6/5 1433/6/5 260/6/5
f 260/6/5 1433/6/5 1356/6/5
f 579/6/5 478/6/5 580/6/5
f 580/6/5 478/6/5 477/6/5
f 1575/6/5 682/6/5 1574/6/5
f 1574/6/5 682/6/5 681/6/5
f 2049/6/5 2050/6/5 1065/6/5
f 1065/6/5 2050/6/5 1798/6/5
f 479/6/5 366/6/5 480/6/5
f 480/6/5 366/6/5 365/6/5
f 2050/6/5 2051/6/5 1007/6/5
f 1007/6/5 2051/6/5 1067/6/5
f 367/6/5 1923/6/5 264/6/5
f 264/6/5 1923/6/5 1991/6/5
f 2051/6/5 1927/6/5 1068/6/5
f 1068/6/5 1927/6/5 1995/6/5
f 1923/1/5 1435/1/5 1991/1/5
f 1991/1/5 1435/1/5 1360/1/5
f 1927/1/5 2052/1/5 1995/1/5
f 1995/1/5 2052/1/5 1801/1/5
f 1436/1/5 369/1/5 1434/1/5
f 1434/1/5 369/1/5 368/1/5
f 2052/1/5 2053/1/5 1799/1/5
f 1799/1/5 2053/1/5 1070/1/5
f 1498/1/5 482/1/5 1497/1/5
f 1497/1/5 482/1/5 481/1/5
f 811/1/5 686/1/5 812/1/5
f 812/1/5 686/1/5 685/1/5
f 687/1/5 582/1/5 688/1/5
f 688/1/5 582/1/5 581/1/5
f 370/1/5 1437/1/5 268/1/5
f 268/1/5 1437/1/5 1362/1/5
f 583/1/5 486/1/5 584/1/5
f 584/1/5 486/1/5 485/1/5
f 1579/1/5 690/1/5 1578/1/5
f 1578/1/5 690/1/5 689/1/5
f 2053/1/5 2054/1/5 1071/1/5
f 1071/1/5 2054/1/5 1802/1/5
f 487/1/5 372/1/5 488/1/5
f 488/1/5 372/1/5 371/1/5
f 2054/1/5 2055/1/5 1015/1/5
f 1015/1/5 2055/1/5 1073/1/5
f 373/1/5 1931/1/5 272/1/5
f 272/1/5 1931/1/5 1999/1/5
f 2055/1/5 1935/1/5 1074/1/5
f 1074/1/5 1935/1/5 2003/1/5
f 1931/6/5 1439/6/5 1999/6/5
f 1999/6/5 1439/6/5 1366/6/5
f 1935/6/5 2056/6/5 2003/6/5
f 2003/6/5 2056/6/5 1805/6/5
f 1440/6/5 375/6/5 1438/6/5
f 1438/6/5 375/6/5 374/6/5
f 2056/6/5 2057/6/5 1803/6/5
f 1803/6/5 2057/6/5 1076/6/5
f 1502/6/5 490/6/5 1501/6/5
f 1501/6/5 490/6/5 489/6/5
f 819/6/5 694/6/5 820/6/5
f 820/6/5 694/6/5 693/6/5
f 695/6/5 586/6/5 696/6/5
f 696/6/5 586/6/5 585/6/5
f 376/6/5 1441/6/5 276/6/5
f 276/6/5 1441/6/5 1368/6/5
f 587/6/5 494/6/5 588/6/5
f 588/6/5 494/6/5 493/6/5
f 1583/6/5 698/6/5 1582/6/5
f 1582/6/5 698/6/5 697/6/5
f 2057/6/5 2058/6/5 1077/6/5
f 1077/6/5 2058/6/5 1806/6/5
f 495/6/5 378/6/5 496/6/5
f 496/6/5 378/6/5 377/6/5
f 2058/6/5 2059/6/5 1023/6/5
f 1023/6/5 2059/6/5 1079/6/5
f 379/6/5 1939/6/5 280/6/5
f 280/6/5 1939/6/5 2007/6/5
f 2059/6/5 1943/6/5 1080/6/5
f 1080/6/5 1943/6/5 2011/6/5
f 1939/1/5 1443/1/5 2007/1/5
f 2007/1/5 1443/1/5 1372/1/5
f 1943/1/5 2060/1/5 2011/1/5
f 2011/1/5 2060/1/5 1809/1/5
f 1444/1/5 381/1/5 1442/1/5
f 1442/1/5 381/1/5 380/1/5
f 2060/1/5 2061/1/5 1807/1/5
f 1807/1/5 2061/1/5 1082/1/5
f 1506/1/5 498/1/5 1505/1/5
f 1505/1/5 498/1/5 497/1/5
f 827/1/5 702/1/5 828/1/5
f 828/1/5 702/1/5 701/1/5
f 703/1/5 590/1/5 704/1/5
f 704/1/5 590/1/5 589/1/5
f 382/1/5 1445/1/5 284/1/5
f 284/1/5 1445/1/5 1374/1/5
f 591/1/5 502/1/5 592/1/5
f 592/1/5 502/1/5 501/1/5
f 1587/1/5 706/1/5 1586/1/5
f 1586/1/5 706/1/5 705/1/5
f 2061/1/5 2062/1/5 1083/1/5
f 1083/1/5 2062/1/5 1810/1/5
f 503/1/5 384/1/5 504/1/5
f 504/1/5 384/1/5 383/1/5
f 2062/1/5 2063/1/5 1031/1/5
f 1031/1/5 2063/1/5 1085/1/5
f 385/1/5 1947/1/5 288/1/5
f 288/1/5 1947/1/5 2015/1/5
f 2063/1/5 1951/1/5 1086/1/5
f 1086/1/5 1951/1/5 2019/1/5
f 1947/6/5 1447/6/5 2015/6/5
f 2015/6/5 1447/6/5 1378/6/5
f 1951/6/5 2064/6/5 2019/6/5
f 2019/6/5 2064/6/5 1813/6/5
f 1448/6/5 387/6/5 1446/6/5
f 1446/6/5 387/6/5 386/6/5
f 2064/6/5 2065/6/5 1811/6/5
f 1811/6/5 2065/6/5 1088/6/5
f 1510/6/5 506/6/5 1509/6/5
f 1509/6/5 506/6/5 505/6/5
f 835/6/5 710/6/5 836/6/5
f 836/6/5 710/6/5 709/6/5
f 711/6/5 594/6/5 712/6/5
f 712/6/5 594/6/5 593/6/5
f 388/6/5 1449/6/5 292/6/5
f 292/6/5 1449/6/5 1380/6/5
f 595/6/5 510/6/5 596/6/5
f 596/6/5 510/6/5 509/6/5
f 1591/6/5 714/6/5 1590/6/5
f 1590/6/5 714/6/5 713/6/5
f 2065/6/5 2066/6/5 1089/6/5
f 1089/6/5 2066/6/5 1814/6/5
f 511/6/5 390/6/5 512/6/5
f 512/6/5 390/6/5 389/6/5
f 2066/6/5 2067/6/5 1039/6/5
f 1039/6/5 2067/6/5 1091/6/5
f 391/6/5 1955/6/5 296/6/5
f 296/6/5 1955/6/5 2023/6/5
f 2067/6/5 1959/6/5 1092/6/5
f 1092/6/5 1959/6/5 2027/6/5
f 1955/1/5 1451/1/5 2023/1/5
f 2023/1/5 1451/1/5 1384/1/5
f 1959/1/5 2068/1/5 2027/1/5
f 2027/1/5 2068/1/5 1817/1/5
f 1452/1/5 393/1/5 1450/1/5
f 1450/1/5 393/1/5 392/1/5
f 2068/1/5 2069/1/5 1815/1/5
f 1815/1/5 2069/1/5 1094/1/5
f 1514/1/5 514/1/5 1513/1/5
f 1513/1/5 514/1/5 513/1/5
f 843/1/5 718/1/5 844/1/5
f 844/1/5 718/1/5 717/1/5
f 719/1/5 598/1/5 720/1/5
f 720/1/5 598/1/5 597/1/5
f 394/1/5 1453/1/5 300/1/5
f 300/1/5 1453/1/5 1386/1/5
f 599/1/5 518/1/5 600/1/5
f 600/1/5 518/1/5 517/1/5
f 1595/1/5 722/1/5 1594/1/5
f 1594/1/5 722/1/5 721/1/5
f 2069/1/5 2070/1/5 1095/1/5
f 1095/1/5 2070/1/5 1818/1/5
f 519/1/5 396/1/5 520/1/5
f 520/1/5 396/1/5 395/1/5
f 2070/1/5 2071/1/5 1047/1/5
f 1047/1/5 2071/1/5 1097/1/5
f 397/1/5 1963/1/5 304/1/5
f 304/1/5 1963/1/5 2031/1/5
f 2071/1/5 1967/1/5 1098/1/5
f 1098/1/5 1967/1/5 2035/1/5
f 1963/6/5 1455/6/5 2031/6/5
f 2031/6/5 1455/6/5 1390/6/5
f 1967/6/5 2072/6/5 2035/6/5
f 2035/6/5 2072/6/5 1821/6/5
f 1456/6/5 399/6/5 1454/6/5
f 1454/6/5 399/6/5 398/6/5
f 2072/6/5 2073/6/5 1819/6/5
f 1819/6/5 2073/6/5 1100/6/5
f 1518/6/5 522/6/5 1517/6/5
f 1517/6/5 522/6/5 521/6/5
f 851/6/5 726/6/5 852/6/5
f 852/6/5 726/6/5 725/6/5
f 727/6/5 602/6/5 728/6/5
f 728/6/5 602/6/5 601/6/5
f 400/6/5 1971/6/5 308/6/5
f 308/6/5 1971/6/5 2039/6/5
f 603/6/5 526/6/5 604/6/5
f 604/6/5 526/6/5 525/6/5
f 1599/6/5 730/6/5 1598/6/5
f 1598/6/5 730/6/5 729/6/5
f 2073/6/5 1975/6/5 1101/6/5
f 1101/6/5 1975/6/5 2043/6/5
f 1/2/5 1145/2/5 27/2/5
f 27/2/5 1145/2/5 1220/2/5
f 531/6/5 1525/6/5 532/6/5
f 532/6/5 1525/6/5 1524/6/5
f 1105/6/5 1830/6/5 1106/6/5
f 1106/6/5 1830/6/5 1829/6/5
f 1141/6/5 1870/6/5 1142/6/5
f 1142/6/5 1870/6/5 1869/6/5
f 1883/2/5 1156/2/5 1882/2/5
f 1882/2/5 1156/2/5 1155/2/5
f 1885/3/5 1159/3/5 1883/3/5
f 1883/3/5 1159/3/5 1158/3/5
f 1160/6/5 1887/6/5 1140/6/5
f 1140/6/5 1887/6/5 1143/6/5
f 1889/6/5 1892/6/5 1885/6/5
f 1885/6/5 1892/6/5 1888/6/5
f 1107/4/5 2074/4/5 2075/4/5
f 2075/4/5 2074/4/5 1987/4/5
f 1891/3/5 1162/3/5 1889/3/5
f 1889/3/5 1162/3/5 1161/3/5
f 1163/6/5 1894/6/5 1164/6/5
f 1164/6/5 1894/6/5 1893/6/5
f 1111/4/5 1108/4/5 2076/4/5
f 2076/4/5 1108/4/5 2075/4/5
f 1835/4/5 2077/4/5 1832/4/5
f 1832/4/5 2077/4/5 2074/4/5
f 1897/6/5 1899/6/5 1891/6/5
f 1891/6/5 1899/6/5 1895/6/5
f 1113/4/5 1118/4/5 1114/4/5
f 1114/4/5 1118/4/5 1109/4/5
f 1841/4/5 1838/4/5 1834/4/5
f 1834/4/5 1838/4/5 1837/4/5
f 1117/4/5 1842/4/5 1110/4/5
f 1110/4/5 1842/4/5 1833/4/5
f 1119/4/5 1844/4/5 1116/4/5
f 1116/4/5 1844/4/5 1843/4/5
f 1898/3/5 1166/3/5 1897/3/5
f 1897/3/5 1166/3/5 1165/3/5
f 1167/6/5 1901/6/5 1168/6/5
f 1168/6/5 1901/6/5 1900/6/5
f 1123/4/5 1120/4/5 1112/4/5
f 1112/4/5 1120/4/5 1115/4/5
f 1847/4/5 1848/4/5 1840/4/5
f 1840/4/5 1848/4/5 1839/4/5
f 1903/6/5 1905/6/5 1898/6/5
f 1898/6/5 1905/6/5 1902/6/5
f 1125/4/5 1130/4/5 1126/4/5
f 1126/4/5 1130/4/5 1121/4/5
f 1853/4/5 1850/4/5 1846/4/5
f 1846/4/5 1850/4/5 1849/4/5
f 1129/4/5 1854/4/5 1122/4/5
f 1122/4/5 1854/4/5 1845/4/5
f 1147/4/5 2078/4/5 1148/4/5
f 1148/4/5 2078/4/5 2076/4/5
f 2078/4/5 2079/4/5 1124/4/5
f 1124/4/5 2079/4/5 1127/4/5
f 2079/4/5 2080/4/5 1128/4/5
f 1128/4/5 2080/4/5 1855/4/5
f 2080/4/5 2081/4/5 1852/4/5
f 1852/4/5 2081/4/5 1851/4/5
f 2081/4/5 1919/4/5 1836/4/5
f 1836/4/5 1919/4/5 2077/4/5
f 1919/3/5 1132/3/5 1987/3/5
f 1987/3/5 1132/3/5 1131/3/5
f 1904/3/5 1170/3/5 1903/3/5
f 1903/3/5 1170/3/5 1169/3/5
f 1151/6/5 1149/6/5 1171/6/5
f 1171/6/5 1149/6/5 1906/6/5
f 535/2/5 1176/2/5 1145/2/5
f 1145/2/5 1176/2/5 21/2/5
f 30/2/5 1225/2/5 18/2/5
f 18/2/5 1225/2/5 535/2/5
f 539/6/5 1530/6/5 540/6/5
f 540/6/5 1530/6/5 1529/6/5
f 1137/6/5 1860/6/5 1138/6/5
f 1138/6/5 1860/6/5 1859/6/5
f 1153/6/5 1880/6/5 1154/6/5
f 1154/6/5 1880/6/5 1879/6/5
f 1908/2/5 2082/2/5 1904/2/5
f 1904/2/5 2082/2/5 1907/2/5
f 2082/2/5 1175/2/5 1886/2/5
f 1886/2/5 1175/2/5 1156/2/5
f 1694/1/6 1693/1/6 1603/1/6
f 1603/1/6 1693/1/6 1600/1/6
f 1602/1/6 1601/1/6 735/1/6
f 735/1/6 1601/1/6 736/1/6
f 312/1/6 311/1/6 403/1/6
f 403/1/6 311/1/6 404/1/6
f 1537/1/6 1536/1/6 607/1/6
f 607/1/6 1536/1/6 608/1/6
f 402/1/6 401/1/6 543/1/6
f 543/1/6 401/1/6 544/1/6
f 1460/1/6 1459/1/6 407/1/6
f 407/1/6 1459/1/6 408/1/6
f 542/1/6 541/1/6 611/1/6
f 611/1/6 541/1/6 612/1/6
f 734/1/6 733/1/6 1605/1/6
f 1605/1/6 733/1/6 1604/1/6
f 610/1/6 609/1/6 739/1/6
f 739/1/6 609/1/6 740/1/6
f 1233/1/6 1232/1/6 1909/1/6
f 1909/1/6 1232/1/6 1976/1/6
f 738/1/6 737/1/6 1913/1/6
f 1913/1/6 737/1/6 1980/1/6
f 1913/6/6 1980/6/6 1609/6/6
f 1609/6/6 1980/6/6 1606/6/6
f 1608/6/6 1607/6/6 743/6/6
f 743/6/6 1607/6/6 744/6/6
f 318/6/6 317/6/6 411/6/6
f 411/6/6 317/6/6 412/6/6
f 1541/6/6 1540/6/6 615/6/6
f 615/6/6 1540/6/6 616/6/6
f 410/6/6 409/6/6 547/6/6
f 547/6/6 409/6/6 548/6/6
f 1464/6/6 1463/6/6 415/6/6
f 415/6/6 1463/6/6 416/6/6
f 546/6/6 545/6/6 619/6/6
f 619/6/6 545/6/6 620/6/6
f 742/6/6 741/6/6 1611/6/6
f 1611/6/6 741/6/6 1610/6/6
f 618/6/6 617/6/6 747/6/6
f 747/6/6 617/6/6 748/6/6
f 1909/6/6 1976/6/6 1920/6/6
f 1920/6/6 1976/6/6 1988/6/6
f 746/6/6 745/6/6 1924/6/6
f 1924/6/6 745/6/6 1992/6/6
f 1924/1/6 1992/1/6 1615/1/6
f 1615/1/6 1992/1/6 1612/1/6
f 1614/1/6 1613/1/6 751/1/6
f 751/1/6 1613/1/6 752/1/6
f 324/1/6 323/1/6 419/1/6
f 419/1/6 323/1/6 420/1/6
f 1545/1/6 1544/1/6 623/1/6
f 623/1/6 1544/1/6 624/1/6
f 418/1/6 417/1/6 551/1/6
f 551/1/6 417/1/6 552/1/6
f 1468/1/6 1467/1/6 423/1/6
f 423/1/6 1467/1/6 424/1/6
f 550/1/6 549/1/6 627/1/6
f 627/1/6 549/1/6 628/1/6
f 750/1/6 749/1/6 1617/1/6
f 1617/1/6 749/1/6 1616/1/6
f 626/1/6 625/1/6 755/1/6
f 755/1/6 625/1/6 756/1/6
f 1920/1/6 1988/1/6 1928/1/6
f 1928/1/6 1988/1/6 1996/1/6
f 754/1/6 753/1/6 1932/1/6
f 1932/1/6 753/1/6 2000/1/6
f 1932/6/6 2000/6/6 1621/6/6
f 1621/6/6 2000/6/6 1618/6/6
f 1620/6/6 1619/6/6 759/6/6
f 759/6/6 1619/6/6 760/6/6
f 330/6/6 329/6/6 427/6/6
f 427/6/6 329/6/6 428/6/6
f 1549/6/6 1548/6/6 631/6/6
f 631/6/6 1548/6/6 632/6/6
f 426/6/6 425/6/6 555/6/6
f 555/6/6 425/6/6 556/6/6
f 1472/6/6 1471/6/6 431/6/6
f 431/6/6 1471/6/6 432/6/6
f 554/6/6 553/6/6 635/6/6
f 635/6/6 553/6/6 636/6/6
f 758/6/6 757/6/6 1623/6/6
f 1623/6/6 757/6/6 1622/6/6
f 634/6/6 633/6/6 763/6/6
f 763/6/6 633/6/6 764/6/6
f 1928/6/6 1996/6/6 1936/6/6
f 1936/6/6 1996/6/6 2004/6/6
f 762/6/6 761/6/6 1940/6/6
f 1940/6/6 761/6/6 2008/6/6
f 1940/1/6 2008/1/6 1627/1/6
f 1627/1/6 2008/1/6 1624/1/6
f 1626/1/6 1625/1/6 767/1/6
f 767/1/6 1625/1/6 768/1/6
f 336/1/6 335/1/6 435/1/6
f 435/1/6 335/1/6 436/1/6
f 1553/1/6 1552/1/6 639/1/6
f 639/1/6 1552/1/6 640/1/6
f 434/1/6 433/1/6 559/1/6
f 559/1/6 433/1/6 560/1/6
f 1476/1/6 1475/1/6 439/1/6
f 439/1/6 1475/1/6 440/1/6
f 558/1/6 557/1/6 643/1/6
f 643/1/6 557/1/6 644/1/6
f 766/1/6 765/1/6 1629/1/6
f 1629/1/6 765/1/6 1628/1/6
f 642/1/6 641/1/6 771/1/6
f 771/1/6 641/1/6 772/1/6
f 1936/1/6 2004/1/6 1944/1/6
f 1944/1/6 2004/1/6 2012/1/6
f 770/1/6 769/1/6 1948/1/6
f 1948/1/6 769/1/6 2016/1/6
f 1948/6/6 2016/6/6 1633/6/6
f 1633/6/6 2016/6/6 1630/6/6
f 1632/6/6 1631/6/6 775/6/6
f 775/6/6 1631/6/6 776/6/6
f 342/6/6 341/6/6 443/6/6
f 443/6/6 341/6/6 444/6/6
f 1557/6/6 1556/6/6 647/6/6
f 647/6/6 1556/6/6 648/6/6
f 442/6/6 441/6/6 563/6/6
f 563/6/6 441/6/6 564/6/6
f 1480/6/6 1479/6/6 447/6/6
f 447/6/6 1479/6/6 448/6/6
f 562/6/6 561/6/6 651/6/6
f 651/6/6 561/6/6 652/6/6
f 774/6/6 773/6/6 1635/6/6
f 1635/6/6 773/6/6 1634/6/6
f 650/6/6 649/6/6 779/6/6
f 779/6/6 649/6/6 780/6/6
f 1944/6/6 2012/6/6 1952/6/6
f 1952/6/6 2012/6/6 2020/6/6
f 778/6/6 777/6/6 1956/6/6
f 1956/6/6 777/6/6 2024/6/6
f 1956/1/6 2024/1/6 1639/1/6
f 1639/1/6 2024/1/6 1636/1/6
f 1638/1/6 1637/1/6 783/1/6
f 783/1/6 1637/1/6 784/1/6
f 348/1/6 347/1/6 451/1/6
f 451/1/6 347/1/6 452/1/6
f 1561/1/6 1560/1/6 655/1/6
f 655/1/6 1560/1/6 656/1/6
f 450/1/6 449/1/6 567/1/6
f 567/1/6 449/1/6 568/1/6
f 1484/1/6 1483/1/6 455/1/6
f 455/1/6 1483/1/6 456/1/6
f 566/1/6 565/1/6 659/1/6
f 659/1/6 565/1/6 660/1/6
f 782/1/6 781/1/6 1641/1/6
f 1641/1/6 781/1/6 1640/1/6
f 658/1/6 657/1/6 787/1/6
f 787/1/6 657/1/6 788/1/6
f 1952/1/6 2020/1/6 1960/1/6
f 1960/1/6 2020/1/6 2028/1/6
f 786/1/6 785/1/6 1964/1/6
f 1964/1/6 785/1/6 2032/1/6
f 1964/6/6 2032/6/6 1645/6/6
f 1645/6/6 2032/6/6 1642/6/6
f 1644/6/6 1643/6/6 791/6/6
f 791/6/6 1643/6/6 792/6/6
f 354/6/6 353/6/6 459/6/6
f 459/6/6 353/6/6 460/6/6
f 1565/6/6 1564/6/6 663/6/6
f 663/6/6 1564/6/6 664/6/6
f 458/6/6 457/6/6 571/6/6
f 571/6/6 457/6/6 572/6/6
f 1960/6/6 2028/6/6 1968/6/6
f 1968/6/6 2028/6/6 2036/6/6
f 1488/6/6 1487/6/6 463/6/6
f 463/6/6 1487/6/6 464/6/6
f 570/6/6 569/6/6 667/6/6
f 667/6/6 569/6/6 668/6/6
f 790/6/6 789/6/6 1972/6/6
f 1972/6/6 789/6/6 2040/6/6
f 1237/1/6 1236/1/6 33/1/6
f 33/1/6 1236/1/6 34/1/6
f 1697/1/6 1603/1/6 855/1/6
f 855/1/6 1603/1/6 734/1/6
f 98/1/6 1240/1/6 37/1/6
f 37/1/6 1240/1/6 38/1/6
f 905/1/6 1605/1/6 858/1/6
f 858/1/6 1605/1/6 738/1/6
f 1243/6/6 1242/6/6 41/6/6
f 41/6/6 1242/6/6 42/6/6
f 1701/6/6 1609/6/6 861/6/6
f 861/6/6 1609/6/6 742/6/6
f 106/6/6 1246/6/6 45/6/6
f 45/6/6 1246/6/6 46/6/6
f 913/6/6 1611/6/6 864/6/6
f 864/6/6 1611/6/6 746/6/6
f 1249/1/6 1248/1/6 49/1/6
f 49/1/6 1248/1/6 50/1/6
f 1705/1/6 1615/1/6 867/1/6
f 867/1/6 1615/1/6 750/1/6
f 114/1/6 1252/1/6 53/1/6
f 53/1/6 1252/1/6 54/1/6
f 921/1/6 1617/1/6 870/1/6
f 870/1/6 1617/1/6 754/1/6
f 1255/6/6 1254/6/6 57/6/6
f 57/6/6 1254/6/6 58/6/6
f 1709/6/6 1621/6/6 873/6/6
f 873/6/6 1621/6/6 758/6/6
f 122/6/6 1258/6/6 61/6/6
f 61/6/6 1258/6/6 62/6/6
f 929/6/6 1623/6/6 876/6/6
f 876/6/6 1623/6/6 762/6/6
f 1261/1/6 1260/1/6 65/1/6
f 65/1/6 1260/1/6 66/1/6
f 1713/1/6 1627/1/6 879/1/6
f 879/1/6 1627/1/6 766/1/6
f 130/1/6 1264/1/6 69/1/6
f 69/1/6 1264/1/6 70/1/6
f 937/1/6 1629/1/6 882/1/6
f 882/1/6 1629/1/6 770/1/6
f 1267/6/6 1266/6/6 73/6/6
f 73/6/6 1266/6/6 74/6/6
f 1717/6/6 1633/6/6 885/6/6
f 885/6/6 1633/6/6 774/6/6
f 138/6/6 1270/6/6 77/6/6
f 77/6/6 1270/6/6 78/6/6
f 945/6/6 1635/6/6 888/6/6
f 888/6/6 1635/6/6 778/6/6
f 1273/1/6 1272/1/6 81/1/6
f 81/1/6 1272/1/6 82/1/6
f 1721/1/6 1639/1/6 891/1/6
f 891/1/6 1639/1/6 782/1/6
f 146/1/6 1276/1/6 85/1/6
f 85/1/6 1276/1/6 86/1/6
f 953/1/6 1641/1/6 894/1/6
f 894/1/6 1641/1/6 786/1/6
f 1279/6/6 1278/6/6 89/6/6
f 89/6/6 1278/6/6 90/6/6
f 1725/6/6 1645/6/6 897/6/6
f 897/6/6 1645/6/6 790/6/6
f 1281/1/6 33/1/6 93/1/6
f 93/1/6 33/1/6 94/1/6
f 1727/1/6 855/1/6 900/1/6
f 900/1/6 855/1/6 901/1/6
f 158/1/6 1284/1/6 97/1/6
f 97/1/6 1284/1/6 98/1/6
f 965/1/6 1730/1/6 904/1/6
f 904/1/6 1730/1/6 905/1/6
f 1285/6/6 41/6/6 101/6/6
f 101/6/6 41/6/6 102/6/6
f 1731/6/6 861/6/6 908/6/6
f 908/6/6 861/6/6 909/6/6
f 162/6/6 1288/6/6 105/6/6
f 105/6/6 1288/6/6 106/6/6
f 969/6/6 1734/6/6 912/6/6
f 912/6/6 1734/6/6 913/6/6
f 1289/1/6 49/1/6 109/1/6
f 109/1/6 49/1/6 110/1/6
f 1735/1/6 867/1/6 916/1/6
f 916/1/6 867/1/6 917/1/6
f 166/1/6 1292/1/6 113/1/6
f 113/1/6 1292/1/6 114/1/6
f 973/1/6 1738/1/6 920/1/6
f 920/1/6 1738/1/6 921/1/6
f 1293/6/6 57/6/6 117/6/6
f 117/6/6 57/6/6 118/6/6
f 1739/6/6 873/6/6 924/6/6
f 924/6/6 873/6/6 925/6/6
f 170/6/6 1296/6/6 121/6/6
f 121/6/6 1296/6/6 122/6/6
f 977/6/6 1742/6/6 928/6/6
f 928/6/6 1742/6/6 929/6/6
f 1297/1/6 65/1/6 125/1/6
f 125/1/6 65/1/6 126/1/6
f 1743/1/6 879/1/6 932/1/6
f 932/1/6 879/1/6 933/1/6
f 174/1/6 1300/1/6 129/1/6
f 129/1/6 1300/1/6 130/1/6
f 981/1/6 1746/1/6 936/1/6
f 936/1/6 1746/1/6 937/1/6
f 1301/6/6 73/6/6 133/6/6
f 133/6/6 73/6/6 134/6/6
f 1747/6/6 885/6/6 940/6/6
f 940/6/6 885/6/6 941/6/6
f 178/6/6 1304/6/6 137/6/6
f 137/6/6 1304/6/6 138/6/6
f 985/6/6 1750/6/6 944/6/6
f 944/6/6 1750/6/6 945/6/6
f 1305/1/6 81/1/6 141/1/6
f 141/1/6 81/1/6 142/1/6
f 1751/1/6 891/1/6 948/1/6
f 948/1/6 891/1/6 949/1/6
f 182/1/6 1308/1/6 145/1/6
f 145/1/6 1308/1/6 146/1/6
f 989/1/6 1754/1/6 952/1/6
f 952/1/6 1754/1/6 953/1/6
f 1309/6/6 89/6/6 149/6/6
f 149/6/6 89/6/6 150/6/6
f 1755/6/6 897/6/6 956/6/6
f 956/6/6 897/6/6 957/6/6
f 186/6/6 1312/6/6 153/6/6
f 153/6/6 1312/6/6 154/6/6
f 993/6/6 1758/6/6 960/6/6
f 960/6/6 1758/6/6 961/6/6
f 190/1/6 93/1/6 157/1/6
f 157/1/6 93/1/6 158/1/6
f 997/1/6 900/1/6 964/1/6
f 964/1/6 900/1/6 965/1/6
f 198/6/6 101/6/6 161/6/6
f 161/6/6 101/6/6 162/6/6
f 1005/6/6 908/6/6 968/6/6
f 968/6/6 908/6/6 969/6/6
f 206/1/6 109/1/6 165/1/6
f 165/1/6 109/1/6 166/1/6
f 1013/1/6 916/1/6 972/1/6
f 972/1/6 916/1/6 973/1/6
f 214/6/6 117/6/6 169/6/6
f 169/6/6 117/6/6 170/6/6
f 1021/6/6 924/6/6 976/6/6
f 976/6/6 924/6/6 977/6/6
f 222/1/6 125/1/6 173/1/6
f 173/1/6 125/1/6 174/1/6
f 1029/1/6 932/1/6 980/1/6
f 980/1/6 932/1/6 981/1/6
f 230/6/6 133/6/6 177/6/6
f 177/6/6 133/6/6 178/6/6
f 1037/6/6 940/6/6 984/6/6
f 984/6/6 940/6/6 985/6/6
f 238/1/6 141/1/6 181/1/6
f 181/1/6 141/1/6 182/1/6
f 1045/1/6 948/1/6 988/1/6
f 988/1/6 948/1/6 989/1/6
f 246/6/6 149/6/6 185/6/6
f 185/6/6 149/6/6 186/6/6
f 1053/6/6 956/6/6 992/6/6
f 992/6/6 956/6/6 993/6/6
f 254/1/6 1314/1/6 189/1/6
f 189/1/6 1314/1/6 190/1/6
f 1060/1/6 1760/1/6 996/1/6
f 996/1/6 1760/1/6 997/1/6
f 1315/1/6 157/1/6 193/1/6
f 193/1/6 157/1/6 194/1/6
f 1761/1/6 964/1/6 1000/1/6
f 1000/1/6 964/1/6 1001/1/6
f 262/6/6 1318/6/6 197/6/6
f 197/6/6 1318/6/6 198/6/6
f 1066/6/6 1764/6/6 1004/6/6
f 1004/6/6 1764/6/6 1005/6/6
f 1319/6/6 161/6/6 201/6/6
f 201/6/6 161/6/6 202/6/6
f 1765/6/6 968/6/6 1008/6/6
f 1008/6/6 968/6/6 1009/6/6
f 270/1/6 1322/1/6 205/1/6
f 205/1/6 1322/1/6 206/1/6
f 1072/1/6 1768/1/6 1012/1/6
f 1012/1/6 1768/1/6 1013/1/6
f 1323/1/6 165/1/6 209/1/6
f 209/1/6 165/1/6 210/1/6
f 1769/1/6 972/1/6 1016/1/6
f 1016/1/6 972/1/6 1017/1/6
f 278/6/6 1326/6/6 213/6/6
f 213/6/6 1326/6/6 214/6/6
f 1078/6/6 1772/6/6 1020/6/6
f 1020/6/6 1772/6/6 1021/6/6
f 1327/6/6 169/6/6 217/6/6
f 217/6/6 169/6/6 218/6/6
f 1773/6/6 976/6/6 1024/6/6
f 1024/6/6 976/6/6 1025/6/6
f 286/1/6 1330/1/6 221/1/6
f 221/1/6 1330/1/6 222/1/6
f 1084/1/6 1776/1/6 1028/1/6
f 1028/1/6 1776/1/6 1029/1/6
f 1331/1/6 173/1/6 225/1/6
f 225/1/6 173/1/6 226/1/6
f 1777/1/6 980/1/6 1032/1/6
f 1032/1/6 980/1/6 1033/1/6
f 294/6/6 1334/6/6 229/6/6
f 229/6/6 1334/6/6 230/6/6
f 1090/6/6 1780/6/6 1036/6/6
f 1036/6/6 1780/6/6 1037/6/6
f 1335/6/6 177/6/6 233/6/6
f 233/6/6 177/6/6 234/6/6
f 1781/6/6 984/6/6 1040/6/6
f 1040/6/6 984/6/6 1041/6/6
f 302/1/6 1338/1/6 237/1/6
f 237/1/6 1338/1/6 238/1/6
f 1096/1/6 1784/1/6 1044/1/6
f 1044/1/6 1784/1/6 1045/1/6
f 1339/1/6 181/1/6 241/1/6
f 241/1/6 181/1/6 242/1/6
f 1785/1/6 988/1/6 1048/1/6
f 1048/1/6 988/1/6 1049/1/6
f 310/6/6 1342/6/6 245/6/6
f 245/6/6 1342/6/6 246/6/6
f 1102/6/6 1788/6/6 1052/6/6
f 1052/6/6 1788/6/6 1053/6/6
f 1343/6/6 185/6/6 249/6/6
f 249/6/6 185/6/6 250/6/6
f 1789/6/6 992/6/6 1056/6/6
f 1056/6/6 992/6/6 1057/6/6
f 1646/1/6 1792/1/6 793/1/6
f 793/1/6 1792/1/6 1060/1/6
f 1650/1/6 1000/1/6 797/1/6
f 797/1/6 1000/1/6 1063/1/6
f 1652/6/6 1796/6/6 801/6/6
f 801/6/6 1796/6/6 1066/6/6
f 1656/6/6 1008/6/6 805/6/6
f 805/6/6 1008/6/6 1069/6/6
f 1658/1/6 1800/1/6 809/1/6
f 809/1/6 1800/1/6 1072/1/6
f 1662/1/6 1016/1/6 813/1/6
f 813/1/6 1016/1/6 1075/1/6
f 1664/6/6 1804/6/6 817/6/6
f 817/6/6 1804/6/6 1078/6/6
f 1668/6/6 1024/6/6 821/6/6
f 821/6/6 1024/6/6 1081/6/6
f 1670/1/6 1808/1/6 825/1/6
f 825/1/6 1808/1/6 1084/1/6
f 1674/1/6 1032/1/6 829/1/6
f 829/1/6 1032/1/6 1087/1/6
f 1676/6/6 1812/6/6 833/6/6
f 833/6/6 1812/6/6 1090/6/6
f 1680/6/6 1040/6/6 837/6/6
f 837/6/6 1040/6/6 1093/6/6
f 1682/1/6 1816/1/6 841/1/6
f 841/1/6 1816/1/6 1096/1/6
f 1686/1/6 1048/1/6 845/1/6
f 845/1/6 1048/1/6 1099/1/6
f 1688/6/6 1820/6/6 849/6/6
f 849/6/6 1820/6/6 1102/6/6
f 1393/1/6 1392/1/6 2083/1/6
f 2083/1/6 1392/1/6 1347/1/6
f 1824/1/6 1823/1/6 1649/1/6
f 1649/1/6 1823/1/6 1646/1/6
f 2083/1/6 1346/1/6 2084/1/6
f 2084/1/6 1346/1/6 254/1/6
f 1648/1/6 1647/1/6 795/1/6
f 795/1/6 1647/1/6 796/1/6
f 357/1/6 356/1/6 467/1/6
f 467/1/6 356/1/6 468/1/6
f 1569/1/6 1568/1/6 671/1/6
f 671/1/6 1568/1/6 672/1/6
f 466/1/6 465/1/6 575/1/6
f 575/1/6 465/1/6 576/1/6
f 2084/1/6 253/1/6 2085/1/6
f 2085/1/6 253/1/6 1349/1/6
f 1492/1/6 1491/1/6 471/1/6
f 471/1/6 1491/1/6 472/1/6
f 574/1/6 573/1/6 675/1/6
f 675/1/6 573/1/6 676/1/6
f 794/1/6 793/1/6 1651/1/6
f 1651/1/6 793/1/6 1650/1/6
f 2085/1/6 193/1/6 2086/1/6
f 2086/1/6 193/1/6 258/1/6
f 674/1/6 673/1/6 799/1/6
f 799/1/6 673/1/6 800/1/6
f 2086/1/6 257/1/6 1911/1/6
f 1911/1/6 257/1/6 1978/1/6
f 798/1/6 797/1/6 1915/1/6
f 1915/1/6 797/1/6 1982/1/6
f 1911/6/6 1978/6/6 2087/6/6
f 2087/6/6 1978/6/6 1353/6/6
f 1915/6/6 1982/6/6 1655/6/6
f 1655/6/6 1982/6/6 1652/6/6
f 2087/6/6 1352/6/6 2088/6/6
f 2088/6/6 1352/6/6 262/6/6
f 1654/6/6 1653/6/6 803/6/6
f 803/6/6 1653/6/6 804/6/6
f 363/6/6 362/6/6 475/6/6
f 475/6/6 362/6/6 476/6/6
f 1573/6/6 1572/6/6 679/6/6
f 679/6/6 1572/6/6 680/6/6
f 474/6/6 473/6/6 579/6/6
f 579/6/6 473/6/6 580/6/6
f 2088/6/6 261/6/6 2089/6/6
f 2089/6/6 261/6/6 1355/6/6
f 1496/6/6 1495/6/6 479/6/6
f 479/6/6 1495/6/6 480/6/6
f 578/6/6 577/6/6 683/6/6
f 683/6/6 577/6/6 684/6/6
f 802/6/6 801/6/6 1657/6/6
f 1657/6/6 801/6/6 1656/6/6
f 2089/6/6 201/6/6 2090/6/6
f 2090/6/6 201/6/6 266/6/6
f 682/6/6 681/6/6 807/6/6
f 807/6/6 681/6/6 808/6/6
f 2090/6/6 265/6/6 1922/6/6
f 1922/6/6 265/6/6 1990/6/6
f 806/6/6 805/6/6 1926/6/6
f 1926/6/6 805/6/6 1994/6/6
f 1922/1/6 1990/1/6 2091/1/6
f 2091/1/6 1990/1/6 1359/1/6
f 1926/1/6 1994/1/6 1661/1/6
f 1661/1/6 1994/1/6 1658/1/6
f 2091/1/6 1358/1/6 2092/1/6
f 2092/1/6 1358/1/6 270/1/6
f 1660/1/6 1659/1/6 811/1/6
f 811/1/6 1659/1/6 812/1/6
f 369/1/6 368/1/6 483/1/6
f 483/1/6 368/1/6 484/1/6
f 1577/1/6 1576/1/6 687/1/6
f 687/1/6 1576/1/6 688/1/6
f 482/1/6 481/1/6 583/1/6
f 583/1/6 481/1/6 584/1/6
f 2092/1/6 269/1/6 2093/1/6
f 2093/1/6 269/1/6 1361/1/6
f 1500/1/6 1499/1/6 487/1/6
f 487/1/6 1499/1/6 488/1/6
f 582/1/6 581/1/6 691/1/6
f 691/1/6 581/1/6 692/1/6
f 810/1/6 809/1/6 1663/1/6
f 1663/1/6 809/1/6 1662/1/6
f 2093/1/6 209/1/6 2094/1/6
f 2094/1/6 209/1/6 274/1/6
f 690/1/6 689/1/6 815/1/6
f 815/1/6 689/1/6 816/1/6
f 2094/1/6 273/1/6 1930/1/6
f 1930/1/6 273/1/6 1998/1/6
f 814/1/6 813/1/6 1934/1/6
f 1934/1/6 813/1/6 2002/1/6
f 1930/6/6 1998/6/6 2095/6/6
f 2095/6/6 1998/6/6 1365/6/6
f 1934/6/6 2002/6/6 1667/6/6
f 1667/6/6 2002/6/6 1664/6/6
f 2095/6/6 1364/6/6 2096/6/6
f 2096/6/6 1364/6/6 278/6/6
f 1666/6/6 1665/6/6 819/6/6
f 819/6/6 1665/6/6 820/6/6
f 375/6/6 374/6/6 491/6/6
f 491/6/6 374/6/6 492/6/6
f 1581/6/6 1580/6/6 695/6/6
f 695/6/6 1580/6/6 696/6/6
f 490/6/6 489/6/6 587/6/6
f 587/6/6 489/6/6 588/6/6
f 2096/6/6 277/6/6 2097/6/6
f 2097/6/6 277/6/6 1367/6/6
f 1504/6/6 1503/6/6 495/6/6
f 495/6/6 1503/6/6 496/6/6
f 586/6/6 585/6/6 699/6/6
f 699/6/6 585/6/6 700/6/6
f 818/6/6 817/6/6 1669/6/6
f 1669/6/6 817/6/6 1668/6/6
f 2097/6/6 217/6/6 2098/6/6
f 2098/6/6 217/6/6 282/6/6
f 698/6/6 697/6/6 823/6/6
f 823/6/6 697/6/6 824/6/6
f 2098/6/6 281/6/6 1938/6/6
f 1938/6/6 281/6/6 2006/6/6
f 822/6/6 821/6/6 1942/6/6
f 1942/6/6 821/6/6 2010/6/6
f 1938/1/6 2006/1/6 2099/1/6
f 2099/1/6 2006/1/6 1371/1/6
f 1942/1/6 2010/1/6 1673/1/6
f 1673/1/6 2010/1/6 1670/1/6
f 2099/1/6 1370/1/6 2100/1/6
f 2100/1/6 1370/1/6 286/1/6
f 1672/1/6 1671/1/6 827/1/6
f 827/1/6 1671/1/6 828/1/6
f 381/1/6 380/1/6 499/1/6
f 499/1/6 380/1/6 500/1/6
f 1585/1/6 1584/1/6 703/1/6
f 703/1/6 1584/1/6 704/1/6
f 498/1/6 497/1/6 591/1/6
f 591/1/6 497/1/6 592/1/6
f 2100/1/6 285/1/6 2101/1/6
f 2101/1/6 285/1/6 1373/1/6
f 1508/1/6 1507/1/6 503/1/6
f 503/1/6 1507/1/6 504/1/6
f 590/1/6 589/1/6 707/1/6
f 707/1/6 589/1/6 708/1/6
f 826/1/6 825/1/6 1675/1/6
f 1675/1/6 825/1/6 1674/1/6
f 2101/1/6 225/1/6 2102/1/6
f 2102/1/6 225/1/6 290/1/6
f 706/1/6 705/1/6 831/1/6
f 831/1/6 705/1/6 832/1/6
f 2102/1/6 289/1/6 1946/1/6
f 1946/1/6 289/1/6 2014/1/6
f 830/1/6 829/1/6 1950/1/6
f 1950/1/6 829/1/6 2018/1/6
f 1946/6/6 2014/6/6 2103/6/6
f 2103/6/6 2014/6/6 1377/6/6
f 1950/6/6 2018/6/6 1679/6/6
f 1679/6/6 2018/6/6 1676/6/6
f 2103/6/6 1376/6/6 2104/6/6
f 2104/6/6 1376/6/6 294/6/6
f 1678/6/6 1677/6/6 835/6/6
f 835/6/6 1677/6/6 836/6/6
f 387/6/6 386/6/6 507/6/6
f 507/6/6 386/6/6 508/6/6
f 1589/6/6 1588/6/6 711/6/6
f 711/6/6 1588/6/6 712/6/6
f 506/6/6 505/6/6 595/6/6
f 595/6/6 505/6/6 596/6/6
f 2104/6/6 293/6/6 2105/6/6
f 2105/6/6 293/6/6 1379/6/6
f 1512/6/6 1511/6/6 511/6/6
f 511/6/6 1511/6/6 512/6/6
f 594/6/6 593/6/6 715/6/6
f 715/6/6 593/6/6 716/6/6
f 834/6/6 833/6/6 1681/6/6
f 1681/6/6 833/6/6 1680/6/6
f 2105/6/6 233/6/6 2106/6/6
f 2106/6/6 233/6/6 298/6/6
f 714/6/6 713/6/6 839/6/6
f 839/6/6 713/6/6 840/6/6
f 2106/6/6 297/6/6 1954/6/6
f 1954/6/6 297/6/6 2022/6/6
f 838/6/6 837/6/6 1958/6/6
f 1958/6/6 837/6/6 2026/6/6
f 1954/1/6 2022/1/6 2107/1/6
f 2107/1/6 2022/1/6 1383/1/6
f 1958/1/6 2026/1/6 1685/1/6
f 1685/1/6 2026/1/6 1682/1/6
f 2107/1/6 1382/1/6 2108/1/6
f 2108/1/6 1382/1/6 302/1/6
f 1684/1/6 1683/1/6 843/1/6
f 843/1/6 1683/1/6 844/1/6
f 393/1/6 392/1/6 515/1/6
f 515/1/6 392/1/6 516/1/6
f 1593/1/6 1592/1/6 719/1/6
f 719/1/6 1592/1/6 720/1/6
f 514/1/6 513/1/6 599/1/6
f 599/1/6 513/1/6 600/1/6
f 2108/1/6 301/1/6 2109/1/6
f 2109/1/6 301/1/6 1385/1/6
f 1516/1/6 1515/1/6 519/1/6
f 519/1/6 1515/1/6 520/1/6
f 598/1/6 597/1/6 723/1/6
f 723/1/6 597/1/6 724/1/6
f 842/1/6 841/1/6 1687/1/6
f 1687/1/6 841/1/6 1686/1/6
f 2109/1/6 241/1/6 2110/1/6
f 2110/1/6 241/1/6 306/1/6
f 722/1/6 721/1/6 847/1/6
f 847/1/6 721/1/6 848/1/6
f 2110/1/6 305/1/6 1962/1/6
f 1962/1/6 305/1/6 2030/1/6
f 846/1/6 845/1/6 1966/1/6
f 1966/1/6 845/1/6 2034/1/6
f 1962/6/6 2030/6/6 2111/6/6
f 2111/6/6 2030/6/6 1389/6/6
f 1966/6/6 2034/6/6 1691/6/6
f 1691/6/6 2034/6/6 1688/6/6
f 2111/6/6 1388/6/6 2112/6/6
f 2112/6/6 1388/6/6 310/6/6
f 1690/6/6 1689/6/6 851/6/6
f 851/6/6 1689/6/6 852/6/6
f 399/6/6 398/6/6 523/6/6
f 523/6/6 398/6/6 524/6/6
f 1597/6/6 1596/6/6 727/6/6
f 727/6/6 1596/6/6 728/6/6
f 522/6/6 521/6/6 603/6/6
f 603/6/6 521/6/6 604/6/6
f 2112/6/6 309/6/6 1970/6/6
f 1970/6/6 309/6/6 2038/6/6
f 1520/6/6 1519/6/6 527/6/6
f 527/6/6 1519/6/6 528/6/6
f 602/6/6 601/6/6 731/6/6
f 731/6/6 601/6/6 732/6/6
f 850/6/6 849/6/6 1974/6/6
f 1974/6/6 849/6/6 2042/6/6
f 26/6/6 25/6/6 1221/6/6
f 1221/6/6 25/6/6 1219/6/6
f 530/6/6 529/6/6 1526/6/6
f 1526/6/6 529/6/6 1523/6/6
f 1104/6/6 1103/6/6 1831/6/6
f 1831/6/6 1103/6/6 1828/6/6
f 1140/2/6 1139/2/6 1143/2/6
f 1143/2/6 1139/2/6 1868/2/6
f 1179/2/6 1178/2/6 24/2/6
f 24/2/6 1178/2/6 1157/2/6
f 1181/3/6 1179/3/6 3/3/6
f 3/3/6 1179/3/6 4/3/6
f 2/6/6 1/6/6 1185/6/6
f 1185/6/6 1/6/6 1145/6/6
f 1187/6/6 1181/6/6 1203/6/6
f 1203/6/6 1181/6/6 1184/6/6
f 1188/3/6 1187/3/6 7/3/6
f 7/3/6 1187/3/6 8/3/6
f 6/6/6 5/6/6 536/6/6
f 536/6/6 5/6/6 1202/6/6
f 1190/2/6 1188/2/6 2113/2/6
f 2113/2/6 1188/2/6 12/2/6
f 2114/4/6 2115/4/6 2116/4/6
f 2116/4/6 2115/4/6 1986/4/6
f 2117/4/6 2118/4/6 2119/4/6
f 2119/4/6 2118/4/6 2115/4/6
f 2120/4/6 2121/4/6 2122/4/6
f 2122/4/6 2121/4/6 2116/4/6
f 2123/3/6 2117/3/6 2124/3/6
f 2124/3/6 2117/3/6 2119/3/6
f 2125/3/6 2120/3/6 2127/3/6
f 2127/3/6 2120/3/6 2126/3/6
f 2128/3/6 2114/3/6 2129/3/6
f 2129/3/6 2114/3/6 2121/3/6
f 1196/5/6 1191/5/6 1195/5/6
f 1195/5/6 1191/5/6 1192/5/6
f 1198/2/6 1197/2/6 2130/2/6
f 2130/2/6 1197/2/6 1194/2/6
f 2130/2/6 1193/2/6 11/2/6
f 11/2/6 1193/2/6 2113/2/6
f 2131/4/6 2128/4/6 2132/4/6
f 2132/4/6 2128/4/6 2129/4/6
f 1200/3/6 1198/3/6 15/3/6
f 15/3/6 1198/3/6 16/3/6
f 14/6/6 13/6/6 2133/6/6
f 2133/6/6 13/6/6 10/6/6
f 2133/6/6 9/6/6 1205/6/6
f 1205/6/6 9/6/6 536/6/6
f 2134/4/6 2123/4/6 2135/4/6
f 2135/4/6 2123/4/6 2124/4/6
f 2136/4/6 2125/4/6 2137/4/6
f 2137/4/6 2125/4/6 2127/4/6
f 1207/6/6 1200/6/6 1211/6/6
f 1211/6/6 1200/6/6 1204/6/6
f 2138/3/6 2134/3/6 2139/3/6
f 2139/3/6 2134/3/6 2135/3/6
f 2140/3/6 2136/3/6 2141/3/6
f 2141/3/6 2136/3/6 2137/3/6
f 2142/3/6 2131/3/6 2143/3/6
f 2143/3/6 2131/3/6 2132/3/6
f 1150/4/6 533/4/6 2144/4/6
f 2144/4/6 533/4/6 2118/4/6
f 2144/4/6 2138/4/6 2145/4/6
f 2145/4/6 2138/4/6 2139/4/6
f 2145/4/6 2142/4/6 2146/4/6
f 2146/4/6 2142/4/6 2143/4/6
f 2146/4/6 2140/4/6 2147/4/6
f 2147/4/6 2140/4/6 2141/4/6
f 2147/4/6 2126/4/6 1918/4/6
f 1918/4/6 2126/4/6 2122/4/6
f 1918/3/6 1986/3/6 1133/3/6
f 1133/3/6 1986/3/6 1134/3/6
f 1208/3/6 1207/3/6 19/3/6
f 19/3/6 1207/3/6 20/3/6
f 18/6/6 17/6/6 535/6/6
f 535/6/6 17/6/6 1210/6/6
f 1149/2/6 1143/2/6 1173/2/6
f 1173/2/6 1143/2/6 1174/2/6
f 1213/2/6 1208/2/6 2148/2/6
f 2148/2/6 1208/2/6 1212/2/6
f 29/6/6 28/6/6 1226/6/6
f 1226/6/6 28/6/6 1224/6/6
f 538/6/6 537/6/6 1531/6/6
f 1531/6/6 537/6/6 534/6/6
f 1136/6/6 1135/6/6 1861/6/6
f 1861/6/6 1135/6/6 1858/6/6
f 1152/2/6 1151/2/6 1881/2/6
f 1881/2/6 1151/2/6 1149/2/6
f 2148/2/6 1183/2/6 23/2/6
f 23/2/6 1183/2/6 24/2/6
f 2149/6/1 2150/6/1 2152/6/1
f 2152/6/1 2150/6/1 2151/6/1
f 2153/6/1 2154/6/1 2155/6/1
f 2155/6/1 2154/6/1 2149/6/1
f 2156/6/1 2157/6/1 2150/6/1
f 2150/6/1 2157/6/1 2158/6/1
f 2159/1/1 2160/1/1 2162/1/1
f 2162/1/1 2160/1/1 2161/1/1
f 2163/1/1 2164/1/1 2166/1/1
f 2166/1/1 2164/1/1 2165/1/1
f 2167/6/1 2168/6/1 2170/6/1
f 2170/6/1 2168/6/1 2169/6/1
f 2171/1/1 2172/1/1 2174/1/1
f 2174/1/1 2172/1/1 2173/1/1
f 2175/1/1 2176/1/1 2178/1/1
f 2178/1/1 2176/1/1 2177/1/1
f 2179/1/1 2180/1/1 2182/1/1
f 2182/1/1 2180/1/1 2181/1/1
f 2183/1/1 2184/1/1 2186/1/1
f 2186/1/1 2184/1/1 2185/1/1
f 2187/1/1 2188/1/1 2190/1/1
f 2190/1/1 2188/1/1 2189/1/1
f 2188/1/1 2191/1/1 2193/1/1
f 2193/1/1 2191/1/1 2192/1/1
f 2194/1/1 2195/1/1 2197/1/1
f 2197/1/1 2195/1/1 2196/1/1
f 2198/1/1 2199/1/1 2201/1/1
f 2201/1/1 2199/1/1 2200/1/1
f 2202/6/1 2203/6/1 2205/6/1
f 2205/6/1 2203/6/1 2204/6/1
f 2206/1/1 2207/1/1 2209/1/1
f 2209/1/1 2207/1/1 2208/1/1
f 2210/1/1 2211/1/1 2213/1/1
f 2213/1/1 2211/1/1 2212/1/1
f 2214/1/1 2215/1/1 2217/1/1
f 2217/1/1 2215/1/1 2216/1/1
f 2218/6/1 2219/6/1 2221/6/1
f 2221/6/1 2219/6/1 2220/6/1
f 2222/6/1 2223/6/1 2224/6/1
f 2224/6/1 2223/6/1 2167/6/1
f 2225/1/1 2226/1/1 2227/1/1
f 2227/1/1 2226/1/1 2171/1/1
f 2228/1/1 2229/1/1 2230/1/1
f 2230/1/1 2229/1/1 2175/1/1
f 2231/1/1 2232/1/1 2164/1/1
f 2164/1/1 2232/1/1 2233/1/1
f 2234/1/1 2235/1/1 2236/1/1
f 2236/1/1 2235/1/1 2214/1/1
f 2237/6/1 2238/6/1 2203/6/1
f 2203/6/1 2238/6/1 2239/6/1
f 2240/1/1 2241/1/1 2207/1/1
f 2207/1/1 2241/1/1 2242/1/1
f 2243/1/1 2244/1/1 2211/1/1
f 2211/1/1 2244/1/1 2245/1/1
f 2246/6/1 2247/6/1 2249/6/1
f 2249/6/1 2247/6/1 2248/6/1
f 2250/1/1 2251/1/1 2253/1/1
f 2253/1/1 2251/1/1 2252/1/1
f 2254/1/1 2255/1/1 2257/1/1
f 2257/1/1 2255/1/1 2256/1/1
f 2258/1/1 2259/1/1 2232/1/1
f 2232/1/1 2259/1/1 2260/1/1
f 2261/1/1 2262/1/1 2263/1/1
f 2263/1/1 2262/1/1 2234/1/1
f 2264/1/1 2265/1/1 2267/1/1
f 2267/1/1 2265/1/1 2266/1/1
f 2268/1/1 2269/1/1 2271/1/1
f 2271/1/1 2269/1/1 2270/1/1
f 2272/1/1 2273/1/1 2275/1/1
f 2275/1/1 2273/1/1 2274/1/1
f 2276/1/1 2277/1/1 2279/1/1
f 2279/1/1 2277/1/1 2278/1/1
f 2280/1/1 2281/1/1 2283/1/1
f 2283/1/1 2281/1/1 2282/1/1
f 2284/1/1 2285/1/1 2286/1/1
f 2286/1/1 2285/1/1 2273/1/1
f 2287/1/1 2288/1/1 2259/1/1
f 2259/1/1 2288/1/1 2261/1/1
f 2289/1/1 2290/1/1 2292/1/1
f 2292/1/1 2290/1/1 2291/1/1
f 2290/1/1 2293/1/1 2295/1/1
f 2295/1/1 2293/1/1 2294/1/1
f 2296/6/1 2297/6/1 2298/6/1
f 2298/6/1 2297/6/1 2218/6/1
f 2299/1/1 2300/1/1 2302/1/1
f 2302/1/1 2300/1/1 2301/1/1
f 2303/1/1 2304/1/1 2306/1/1
f 2306/1/1 2304/1/1 2305/1/1
f 2307/1/1 2308/1/1 2309/1/1
f 2309/1/1 2308/1/1 2287/1/1
f 2310/1/1 2311/1/1 2288/1/1
f 2288/1/1 2311/1/1 2312/1/1
f 2313/1/1 2314/1/1 2316/1/1
f 2316/1/1 2314/1/1 2315/1/1
f 2317/1/1 2318/1/1 2320/1/1
f 2320/1/1 2318/1/1 2319/1/1
f 2321/6/1 2322/6/1 2247/6/1
f 2247/6/1 2322/6/1 2323/6/1
f 2324/6/1 2325/6/1 2297/6/1
f 2297/6/1 2325/6/1 2326/6/1
f 2327/6/1 2328/6/1 2330/6/1
f 2330/6/1 2328/6/1 2329/6/1
f 2331/1/1 2332/1/1 2334/1/1
f 2334/1/1 2332/1/1 2333/1/1
f 2335/1/1 2336/1/1 2338/1/1
f 2338/1/1 2336/1/1 2337/1/1
f 2339/1/1 2340/1/1 2341/1/1
f 2341/1/1 2340/1/1 2307/1/1
f 2342/1/1 2343/1/1 2311/1/1
f 2311/1/1 2343/1/1 2344/1/1
f 2345/6/1 2346/6/1 2348/6/1
f 2348/6/1 2346/6/1 2347/6/1
f 2349/1/1 2350/1/1 2352/1/1
f 2352/1/1 2350/1/1 2351/1/1
f 2353/1/1 2354/1/1 2356/1/1
f 2356/1/1 2354/1/1 2355/1/1
f 2357/6/1 2358/6/1 2359/6/1
f 2359/6/1 2358/6/1 2321/6/1
f 2360/1/1 2361/1/1 2362/1/1
f 2362/1/1 2361/1/1 2339/1/1
f 2363/6/1 2364/6/1 2328/6/1
f 2328/6/1 2364/6/1 2365/6/1
f 2366/1/1 2367/1/1 2332/1/1
f 2332/1/1 2367/1/1 2368/1/1
f 2369/1/1 2370/1/1 2336/1/1
f 2336/1/1 2370/1/1 2371/1/1
f 2372/1/1 2373/1/1 2375/1/1
f 2375/1/1 2373/1/1 2374/1/1
f 2376/1/1 2377/1/1 2379/1/1
f 2379/1/1 2377/1/1 2378/1/1
f 2380/1/1 2381/1/1 2383/1/1
f 2383/1/1 2381/1/1 2382/1/1
f 2384/1/1 2385/1/1 2387/1/1
f 2387/1/1 2385/1/1 2386/1/1
f 2388/1/1 2389/1/1 2391/1/1
f 2391/1/1 2389/1/1 2390/1/1
f 2392/6/1 2393/6/1 2394/6/1
f 2394/6/1 2393/6/1 2345/6/1
f 2395/1/1 2396/1/1 2397/1/1
f 2397/1/1 2396/1/1 2349/1/1
f 2398/1/1 2399/1/1 2400/1/1
f 2400/1/1 2399/1/1 2353/1/1
f 2401/1/1 2402/1/1 2343/1/1
f 2343/1/1 2402/1/1 2403/1/1
f 2404/6/1 2405/6/1 2407/6/1
f 2407/6/1 2405/6/1 2406/6/1
f 2408/1/1 2409/1/1 2410/1/1
f 2410/1/1 2409/1/1 2383/1/1
f 2411/1/1 2412/1/1 2414/1/1
f 2414/1/1 2412/1/1 2413/1/1
f 2415/6/1 2416/6/1 2418/6/1
f 2418/6/1 2416/6/1 2417/6/1
f 2419/6/1 2420/6/1 2405/6/1
f 2405/6/1 2420/6/1 2415/6/1
f 2421/6/2 2422/6/2 2424/6/2
f 2424/6/2 2422/6/2 2423/6/2
f 2425/6/2 2426/6/2 2427/6/2
f 2427/6/2 2426/6/2 2421/6/2
f 2428/6/2 2424/6/2 2430/6/2
f 2430/6/2 2424/6/2 2429/6/2
f 2160/1/2 2161/1/2 2432/1/2
f 2432/1/2 2161/1/2 2431/1/2
f 1969/6/2 1968/6/2 151/6/2
f 151/6/2 1968/6/2 154/6/2
f 2433/1/2 2434/1/2 2436/1/2
f 2436/1/2 2434/1/2 2435/1/2
f 2437/1/2 2438/1/2 2183/1/2
f 2183/1/2 2438/1/2 2186/1/2
f 2172/1/2 2173/1/2 2440/1/2
f 2440/1/2 2173/1/2 2439/1/2
f 2441/1/2 2442/1/2 2187/1/2
f 2187/1/2 2442/1/2 2190/1/2
f 2180/1/2 2443/1/2 2445/1/2
f 2445/1/2 2443/1/2 2444/1/2
f 2445/1/2 2446/1/2 2194/1/2
f 2194/1/2 2446/1/2 2197/1/2
f 2447/1/2 2448/1/2 2206/1/2
f 2206/1/2 2448/1/2 2209/1/2
f 2191/1/2 2449/1/2 2451/1/2
f 2451/1/2 2449/1/2 2450/1/2
f 248/6/2 249/6/2 2039/6/2
f 2039/6/2 249/6/2 2038/6/2
f 2452/1/2 2453/1/2 2455/1/2
f 2455/1/2 2453/1/2 2454/1/2
f 2199/1/2 2200/1/2 2457/1/2
f 2457/1/2 2200/1/2 2456/1/2
f 2458/6/2 2459/6/2 2461/6/2
f 2461/6/2 2459/6/2 2460/6/2
f 464/6/2 2037/6/2 463/6/2
f 463/6/2 2037/6/2 1969/6/2
f 2462/1/2 2463/1/2 2464/1/2
f 2464/1/2 2463/1/2 2433/1/2
f 2257/1/2 2465/1/2 2256/1/2
f 2256/1/2 2465/1/2 2437/1/2
f 2229/1/2 2175/1/2 2466/1/2
f 2466/1/2 2175/1/2 2176/1/2
f 2467/1/2 2210/1/2 2243/1/2
f 2243/1/2 2210/1/2 2211/1/2
f 528/6/2 2039/6/2 527/6/2
f 527/6/2 2039/6/2 1971/6/2
f 2468/1/2 2455/1/2 2470/1/2
f 2470/1/2 2455/1/2 2469/1/2
f 2271/1/2 2457/1/2 2270/1/2
f 2270/1/2 2457/1/2 2471/1/2
f 2472/6/2 2473/6/2 2475/6/2
f 2475/6/2 2473/6/2 2474/6/2
f 2476/1/2 2225/1/2 2477/1/2
f 2477/1/2 2225/1/2 2226/1/2
f 2478/1/2 2479/1/2 2274/1/2
f 2274/1/2 2479/1/2 2480/1/2
f 2481/1/2 2466/1/2 2483/1/2
f 2483/1/2 2466/1/2 2482/1/2
f 2484/1/2 2485/1/2 2486/1/2
f 2486/1/2 2485/1/2 2467/1/2
f 2487/1/2 2240/1/2 2488/1/2
f 2488/1/2 2240/1/2 2241/1/2
f 2292/1/2 2489/1/2 2291/1/2
f 2291/1/2 2489/1/2 2490/1/2
f 2283/1/2 2491/1/2 2282/1/2
f 2282/1/2 2491/1/2 2492/1/2
f 2493/1/2 2265/1/2 2495/1/2
f 2495/1/2 2265/1/2 2494/1/2
f 2496/1/2 2497/1/2 2302/1/2
f 2302/1/2 2497/1/2 2498/1/2
f 2302/1/2 2250/1/2 2301/1/2
f 2301/1/2 2250/1/2 2251/1/2
f 2499/1/2 2483/1/2 2500/1/2
f 2500/1/2 2483/1/2 2484/1/2
f 2316/1/2 2264/1/2 2315/1/2
f 2315/1/2 2264/1/2 2265/1/2
f 2501/1/2 2276/1/2 2502/1/2
f 2502/1/2 2276/1/2 2277/1/2
f 2503/6/2 2504/6/2 2505/6/2
f 2505/6/2 2504/6/2 2458/6/2
f 2334/1/2 2506/1/2 2333/1/2
f 2333/1/2 2506/1/2 2507/1/2
f 2508/1/2 2284/1/2 2509/1/2
f 2509/1/2 2284/1/2 2285/1/2
f 2510/1/2 2511/1/2 2512/1/2
f 2512/1/2 2511/1/2 2499/1/2
f 2513/1/2 2500/1/2 2515/1/2
f 2515/1/2 2500/1/2 2514/1/2
f 2352/1/2 2516/1/2 2351/1/2
f 2351/1/2 2516/1/2 2517/1/2
f 2518/1/2 2289/1/2 2519/1/2
f 2519/1/2 2289/1/2 2290/1/2
f 2520/6/2 2475/6/2 2522/6/2
f 2522/6/2 2475/6/2 2521/6/2
f 2523/6/2 2505/6/2 2525/6/2
f 2525/6/2 2505/6/2 2524/6/2
f 2040/6/2 665/6/2 1972/6/2
f 1972/6/2 665/6/2 666/6/2
f 2526/1/2 2527/1/2 2529/1/2
f 2529/1/2 2527/1/2 2528/1/2
f 2530/1/2 2303/1/2 2531/1/2
f 2531/1/2 2303/1/2 2304/1/2
f 2336/1/2 2337/1/2 2371/1/2
f 2371/1/2 2337/1/2 2510/1/2
f 2400/1/2 2515/1/2 2353/1/2
f 2353/1/2 2515/1/2 2356/1/2
f 2042/6/2 729/6/2 1974/6/2
f 1974/6/2 729/6/2 730/6/2
f 2532/1/2 2533/1/2 2535/1/2
f 2535/1/2 2533/1/2 2534/1/2
f 2536/1/2 2317/1/2 2537/1/2
f 2537/1/2 2317/1/2 2318/1/2
f 2538/6/2 2539/6/2 2540/6/2
f 2540/6/2 2539/6/2 2520/6/2
f 1973/6/2 1972/6/2 958/6/2
f 958/6/2 1972/6/2 961/6/2
f 2541/1/2 2529/1/2 2543/1/2
f 2543/1/2 2529/1/2 2542/1/2
f 2544/1/2 2531/1/2 2376/1/2
f 2376/1/2 2531/1/2 2379/1/2
f 2367/1/2 2368/1/2 2546/1/2
f 2546/1/2 2368/1/2 2545/1/2
f 2547/1/2 2548/1/2 2549/1/2
f 2549/1/2 2548/1/2 2410/1/2
f 2373/1/2 2374/1/2 2384/1/2
f 2384/1/2 2374/1/2 2387/1/2
f 2550/1/2 2551/1/2 2395/1/2
f 2395/1/2 2551/1/2 2397/1/2
f 2381/1/2 2382/1/2 2553/1/2
f 2553/1/2 2382/1/2 2552/1/2
f 1055/6/2 1056/6/2 2043/6/2
f 2043/6/2 1056/6/2 2042/6/2
f 2554/1/2 2555/1/2 2556/1/2
f 2556/1/2 2555/1/2 2532/1/2
f 2389/1/2 2390/1/2 2557/1/2
f 2557/1/2 2390/1/2 2536/1/2
f 2558/6/2 2559/6/2 2561/6/2
f 2561/6/2 2559/6/2 2560/6/2
f 2562/1/2 2563/1/2 2411/1/2
f 2411/1/2 2563/1/2 2414/1/2
f 2564/1/2 2565/1/2 2566/1/2
f 2566/1/2 2565/1/2 2384/1/2
f 2567/6/2 2568/6/2 2570/6/2
f 2570/6/2 2568/6/2 2569/6/2
f 2571/6/2 2561/6/2 2572/6/2
f 2572/6/2 2561/6/2 2567/6/2
f 2169/6/3 2168/6/3 154/6/3
f 154/6/3 2168/6/3 151/6/3
f 2167/6/3 2223/6/3 1969/6/3
f 1969/6/3 2223/6/3 463/6/3
f 2239/6/3 2238/6/3 1971/6/3
f 1971/6/3 2238/6/3 527/6/3
f 2329/6/3 2328/6/3 666/6/3
f 666/6/3 2328/6/3 1972/6/3
f 2365/6/3 2364/6/3 961/6/3
f 961/6/3 2364/6/3 958/6/3
f 2347/6/3 2573/6/3 730/6/3
f 730/6/3 2573/6/3 1975/6/3
f 2574/6/3 2575/6/3 2170/6/3
f 2170/6/3 2575/6/3 2167/6/3
f 2576/6/3 2577/6/3 1970/6/3
f 1970/6/3 2577/6/3 1971/6/3
f 2578/6/3 2579/6/3 2328/6/3
f 2328/6/3 2579/6/3 2363/6/3
f 2580/6/3 2581/6/3 2346/6/3
f 2346/6/3 2581/6/3 2573/6/3
f 2434/1/3 2433/1/3 2574/1/3
f 2574/1/3 2433/1/3 2575/1/3
f 2529/1/3 2541/1/3 2578/1/3
f 2578/1/3 2541/1/3 2579/1/3
f 2173/1/3 2172/1/3 2435/1/3
f 2435/1/3 2172/1/3 2436/1/3
f 2171/1/3 2226/1/3 2433/1/3
f 2433/1/3 2226/1/3 2464/1/3
f 2242/1/3 2241/1/3 2469/1/3
f 2469/1/3 2241/1/3 2470/1/3
f 2333/1/3 2332/1/3 2528/1/3
f 2528/1/3 2332/1/3 2529/1/3
f 2351/1/3 2350/1/3 2534/1/3
f 2534/1/3 2350/1/3 2535/1/3
f 2368/1/3 2367/1/3 2542/1/3
f 2542/1/3 2367/1/3 2543/1/3
f 2181/1/3 2180/1/3 2439/1/3
f 2439/1/3 2180/1/3 2440/1/3
f 2196/1/3 2195/1/3 2209/1/3
f 2209/1/3 2195/1/3 2206/1/3
f 2252/1/3 2251/1/3 2226/1/3
f 2226/1/3 2251/1/3 2477/1/3
f 2266/1/3 2265/1/3 2241/1/3
f 2241/1/3 2265/1/3 2488/1/3
f 2497/6/3 2582/6/3 2583/6/3
f 2583/6/3 2582/6/3 2505/6/3
f 2301/1/3 2300/1/3 2507/1/3
f 2507/1/3 2300/1/3 2333/1/3
f 2315/1/3 2314/1/3 2517/1/3
f 2517/1/3 2314/1/3 2351/1/3
f 2374/1/3 2373/1/3 2545/1/3
f 2545/1/3 2373/1/3 2546/1/3
f 2386/1/3 2385/1/3 2397/1/3
f 2397/1/3 2385/1/3 2395/1/3
f 2161/1/3 2160/1/3 2444/1/3
f 2444/1/3 2160/1/3 2446/1/3
f 2491/6/3 2283/6/3 2584/6/3
f 2584/6/3 2283/6/3 2583/6/3
f 2276/1/3 2501/1/3 2493/1/3
f 2493/1/3 2501/1/3 2315/1/3
f 2413/1/3 2412/1/3 2384/1/3
f 2384/1/3 2412/1/3 2566/1/3
f 2192/1/3 2449/1/3 2431/1/3
f 2431/1/3 2449/1/3 2432/1/3
f 2449/1/3 2191/1/3 2197/1/3
f 2197/1/3 2191/1/3 2194/1/3
f 2291/1/3 2295/1/3 2279/1/3
f 2279/1/3 2295/1/3 2276/1/3
f 2274/1/3 2285/1/3 2251/1/3
f 2251/1/3 2285/1/3 2301/1/3
f 2382/1/3 2381/1/3 2387/1/3
f 2387/1/3 2381/1/3 2384/1/3
f 2380/1/3 2409/1/3 2414/1/3
f 2414/1/3 2409/1/3 2411/1/3
f 2438/1/3 2437/1/3 2174/1/3
f 2174/1/3 2437/1/3 2171/1/3
f 2185/1/3 2184/1/3 2190/1/3
f 2190/1/3 2184/1/3 2187/1/3
f 2200/1/3 2199/1/3 2450/1/3
f 2450/1/3 2199/1/3 2451/1/3
f 2256/1/3 2255/1/3 2480/1/3
f 2480/1/3 2255/1/3 2274/1/3
f 2270/1/3 2269/1/3 2490/1/3
f 2490/1/3 2269/1/3 2291/1/3
f 2305/1/3 2304/1/3 2285/1/3
f 2285/1/3 2304/1/3 2509/1/3
f 2319/1/3 2318/1/3 2290/1/3
f 2290/1/3 2318/1/3 2519/1/3
f 2531/1/3 2544/1/3 2332/1/3
f 2332/1/3 2544/1/3 2366/1/3
f 2378/1/3 2377/1/3 2410/1/3
f 2410/1/3 2377/1/3 2549/1/3
f 2390/1/3 2389/1/3 2552/1/3
f 2552/1/3 2389/1/3 2553/1/3
f 2177/1/3 2176/1/3 2186/1/3
f 2186/1/3 2176/1/3 2183/1/3
f 2175/1/3 2229/1/3 2437/1/3
f 2437/1/3 2229/1/3 2256/1/3
f 2245/1/3 2244/1/3 2471/1/3
f 2471/1/3 2244/1/3 2270/1/3
f 2337/1/3 2336/1/3 2304/1/3
f 2304/1/3 2336/1/3 2531/1/3
f 2355/1/3 2354/1/3 2318/1/3
f 2318/1/3 2354/1/3 2537/1/3
f 2371/1/3 2370/1/3 2379/1/3
f 2379/1/3 2370/1/3 2376/1/3
f 2165/1/3 2164/1/3 2178/1/3
f 2178/1/3 2164/1/3 2175/1/3
f 2216/1/3 2215/1/3 2576/1/3
f 2576/1/3 2215/1/3 2577/1/3
f 2233/1/3 2232/1/3 2176/1/3
f 2176/1/3 2232/1/3 2466/1/3
f 2214/1/3 2235/1/3 2211/1/3
f 2211/1/3 2235/1/3 2243/1/3
f 2260/1/3 2259/1/3 2482/1/3
f 2482/1/3 2259/1/3 2483/1/3
f 2234/1/3 2262/1/3 2467/1/3
f 2467/1/3 2262/1/3 2486/1/3
f 2261/1/3 2288/1/3 2484/1/3
f 2484/1/3 2288/1/3 2500/1/3
f 2287/1/3 2308/1/3 2499/1/3
f 2499/1/3 2308/1/3 2512/1/3
f 2312/1/3 2311/1/3 2514/1/3
f 2514/1/3 2311/1/3 2515/1/3
f 2307/1/3 2340/1/3 2510/1/3
f 2510/1/3 2340/1/3 2371/1/3
f 2344/1/3 2343/1/3 2356/1/3
f 2356/1/3 2343/1/3 2353/1/3
f 2339/1/3 2361/1/3 2336/1/3
f 2336/1/3 2361/1/3 2369/1/3
f 2403/1/3 2402/1/3 2580/1/3
f 2580/1/3 2402/1/3 2581/1/3
f 2151/6/3 2150/6/3 2423/6/3
f 2423/6/3 2150/6/3 2424/6/3
f 2149/6/3 2154/6/3 2421/6/3
f 2421/6/3 2154/6/3 2427/6/3
f 2158/6/3 2157/6/3 2429/6/3
f 2429/6/3 2157/6/3 2430/6/3
f 2220/6/3 2219/6/3 2460/6/3
f 2460/6/3 2219/6/3 2461/6/3
f 2248/6/3 2247/6/3 2474/6/3
f 2474/6/3 2247/6/3 2475/6/3
f 2218/6/3 2585/6/3 2458/6/3
f 2458/6/3 2585/6/3 2584/6/3
f 2585/6/3 2586/6/3 2275/6/3
f 2275/6/3 2586/6/3 2272/6/3
f 2586/6/3 2587/6/3 2283/6/3
f 2283/6/3 2587/6/3 2280/6/3
f 2587/6/3 2297/6/3 2496/6/3
f 2496/6/3 2297/6/3 2582/6/3
f 2323/6/3 2322/6/3 2521/6/3
f 2521/6/3 2322/6/3 2522/6/3
f 2326/6/3 2325/6/3 2524/6/3
f 2524/6/3 2325/6/3 2525/6/3
f 2321/6/3 2358/6/3 2520/6/3
f 2520/6/3 2358/6/3 2540/6/3
f 2406/6/3 2405/6/3 2560/6/3
f 2560/6/3 2405/6/3 2561/6/3
f 2417/6/3 2416/6/3 2569/6/3
f 2569/6/3 2416/6/3 2570/6/3
f 2415/6/3 2420/6/3 2567/6/3
f 2567/6/3 2420/6/3 2572/6/3
f 2205/6/4 249/6/4 2202/6/4
f 2202/6/4 249/6/4 248/6/4
f 2224/6/4 2037/6/4 2222/6/4
f 2222/6/4 2037/6/4 464/6/4
f 2203/6/4 2039/6/4 2237/6/4
f 2237/6/4 2039/6/4 528/6/4
f 2348/6/4 729/6/4 2345/6/4
f 2345/6/4 729/6/4 2042/6/4
f 2330/6/4 665/6/4 2588/6/4
f 2588/6/4 665/6/4 2041/6/4
f 2394/6/4 1056/6/4 2392/6/4
f 2392/6/4 1056/6/4 1055/6/4
f 2589/6/4 2036/6/4 2590/6/4
f 2590/6/4 2036/6/4 2037/6/4
f 2591/6/4 2204/6/4 2592/6/4
f 2592/6/4 2204/6/4 2203/6/4
f 2593/6/4 2327/6/4 2594/6/4
f 2594/6/4 2327/6/4 2588/6/4
f 2595/6/4 2345/6/4 2596/6/4
f 2596/6/4 2345/6/4 2393/6/4
f 2454/1/4 2591/1/4 2455/1/4
f 2455/1/4 2591/1/4 2592/1/4
f 2532/1/4 2595/1/4 2556/1/4
f 2556/1/4 2595/1/4 2596/1/4
f 2209/1/4 2453/1/4 2206/1/4
f 2206/1/4 2453/1/4 2452/1/4
f 2227/1/4 2463/1/4 2225/1/4
f 2225/1/4 2463/1/4 2462/1/4
f 2207/1/4 2455/1/4 2240/1/4
f 2240/1/4 2455/1/4 2468/1/4
f 2334/1/4 2527/1/4 2331/1/4
f 2331/1/4 2527/1/4 2526/1/4
f 2352/1/4 2533/1/4 2349/1/4
f 2349/1/4 2533/1/4 2532/1/4
f 2397/1/4 2555/1/4 2395/1/4
f 2395/1/4 2555/1/4 2554/1/4
f 2182/1/4 2173/1/4 2179/1/4
f 2179/1/4 2173/1/4 2172/1/4
f 2197/1/4 2448/1/4 2194/1/4
f 2194/1/4 2448/1/4 2447/1/4
f 2253/1/4 2225/1/4 2250/1/4
f 2250/1/4 2225/1/4 2476/1/4
f 2267/1/4 2240/1/4 2264/1/4
f 2264/1/4 2240/1/4 2487/1/4
f 2302/1/4 2506/1/4 2299/1/4
f 2299/1/4 2506/1/4 2334/1/4
f 2316/1/4 2516/1/4 2313/1/4
f 2313/1/4 2516/1/4 2352/1/4
f 2494/6/4 2597/6/4 2598/6/4
f 2598/6/4 2597/6/4 2520/6/4
f 2375/1/4 2368/1/4 2372/1/4
f 2372/1/4 2368/1/4 2367/1/4
f 2387/1/4 2551/1/4 2384/1/4
f 2384/1/4 2551/1/4 2550/1/4
f 2162/1/4 2443/1/4 2599/1/4
f 2599/1/4 2443/1/4 2180/1/4
f 2492/1/4 2250/1/4 2282/1/4
f 2282/1/4 2250/1/4 2498/1/4
f 2277/6/4 2495/6/4 2600/6/4
f 2600/6/4 2495/6/4 2598/6/4
f 2414/1/4 2565/1/4 2411/1/4
f 2411/1/4 2565/1/4 2564/1/4
f 2193/1/4 2161/1/4 2189/1/4
f 2189/1/4 2161/1/4 2160/1/4
f 2190/1/4 2159/1/4 2187/1/4
f 2187/1/4 2159/1/4 2599/1/4
f 2286/1/4 2282/1/4 2284/1/4
f 2284/1/4 2282/1/4 2281/1/4
f 2292/1/4 2264/1/4 2289/1/4
f 2289/1/4 2264/1/4 2316/1/4
f 2410/1/4 2374/1/4 2549/1/4
f 2549/1/4 2374/1/4 2373/1/4
f 2549/1/4 2563/1/4 2408/1/4
f 2408/1/4 2563/1/4 2562/1/4
f 2186/1/4 2442/1/4 2183/1/4
f 2183/1/4 2442/1/4 2441/1/4
f 2201/1/4 2449/1/4 2198/1/4
f 2198/1/4 2449/1/4 2191/1/4
f 2456/1/4 2208/1/4 2457/1/4
f 2457/1/4 2208/1/4 2207/1/4
f 2257/1/4 2479/1/4 2254/1/4
f 2254/1/4 2479/1/4 2478/1/4
f 2271/1/4 2489/1/4 2268/1/4
f 2268/1/4 2489/1/4 2292/1/4
f 2306/1/4 2284/1/4 2303/1/4
f 2303/1/4 2284/1/4 2508/1/4
f 2320/1/4 2289/1/4 2317/1/4
f 2317/1/4 2289/1/4 2518/1/4
f 2379/1/4 2548/1/4 2376/1/4
f 2376/1/4 2548/1/4 2547/1/4
f 2391/1/4 2382/1/4 2388/1/4
f 2388/1/4 2382/1/4 2381/1/4
f 2536/1/4 2349/1/4 2557/1/4
f 2557/1/4 2349/1/4 2396/1/4
f 2213/1/4 2200/1/4 2210/1/4
f 2210/1/4 2200/1/4 2199/1/4
f 2230/1/4 2465/1/4 2228/1/4
f 2228/1/4 2465/1/4 2257/1/4
f 2211/1/4 2457/1/4 2243/1/4
f 2243/1/4 2457/1/4 2271/1/4
f 2338/1/4 2303/1/4 2335/1/4
f 2335/1/4 2303/1/4 2530/1/4
f 2356/1/4 2317/1/4 2353/1/4
f 2353/1/4 2317/1/4 2536/1/4
f 2400/1/4 2390/1/4 2398/1/4
f 2398/1/4 2390/1/4 2389/1/4
f 2166/1/4 2589/1/4 2163/1/4
f 2163/1/4 2589/1/4 2590/1/4
f 2217/1/4 2212/1/4 2214/1/4
f 2214/1/4 2212/1/4 2211/1/4
f 2164/1/4 2175/1/4 2231/1/4
f 2231/1/4 2175/1/4 2229/1/4
f 2236/1/4 2210/1/4 2234/1/4
f 2234/1/4 2210/1/4 2467/1/4
f 2232/1/4 2466/1/4 2258/1/4
f 2258/1/4 2466/1/4 2481/1/4
f 2263/1/4 2485/1/4 2261/1/4
f 2261/1/4 2485/1/4 2484/1/4
f 2259/1/4 2483/1/4 2287/1/4
f 2287/1/4 2483/1/4 2499/1/4
f 2309/1/4 2511/1/4 2307/1/4
f 2307/1/4 2511/1/4 2510/1/4
f 2288/1/4 2500/1/4 2310/1/4
f 2310/1/4 2500/1/4 2513/1/4
f 2341/1/4 2337/1/4 2339/1/4
f 2339/1/4 2337/1/4 2336/1/4
f 2311/1/4 2515/1/4 2342/1/4
f 2342/1/4 2515/1/4 2400/1/4
f 2362/1/4 2593/1/4 2360/1/4
f 2360/1/4 2593/1/4 2594/1/4
f 2343/1/4 2353/1/4 2401/1/4
f 2401/1/4 2353/1/4 2399/1/4
f 2152/6/4 2422/6/4 2149/6/4
f 2149/6/4 2422/6/4 2421/6/4
f 2155/6/4 2426/6/4 2153/6/4
f 2153/6/4 2426/6/4 2425/6/4
f 2150/6/4 2424/6/4 2156/6/4
f 2156/6/4 2424/6/4 2428/6/4
f 2221/6/4 2459/6/4 2218/6/4
f 2218/6/4 2459/6/4 2458/6/4
f 2249/6/4 2473/6/4 2246/6/4
f 2246/6/4 2473/6/4 2472/6/4
f 2247/6/4 2475/6/4 2601/6/4
f 2601/6/4 2475/6/4 2597/6/4
f 2601/6/4 2278/6/4 2602/6/4
f 2602/6/4 2278/6/4 2277/6/4
f 2602/6/4 2294/6/4 2603/6/4
f 2603/6/4 2294/6/4 2293/6/4
f 2298/6/4 2504/6/4 2296/6/4
f 2296/6/4 2504/6/4 2503/6/4
f 2603/6/4 2502/6/4 2321/6/4
f 2321/6/4 2502/6/4 2600/6/4
f 2297/6/4 2505/6/4 2324/6/4
f 2324/6/4 2505/6/4 2523/6/4
f 2359/6/4 2539/6/4 2357/6/4
f 2357/6/4 2539/6/4 2538/6/4
f 2407/6/4 2559/6/4 2404/6/4
f 2404/6/4 2559/6/4 2558/6/4
f 2418/6/4 2568/6/4 2415/6/4
f 2415/6/4 2568/6/4 2567/6/4
f 2405/6/4 2561/6/4 2419/6/4
f 2419/6/4 2561/6/4 2571/6/4
f 2505/6/5 2297/6/5 2503/6/5
f 2503/6/5 2297/6/5 2296/6/5
f 2461/6/5 2219/6/5 2458/6/5
f 2458/6/5 2219/6/5 2218/6/5
f 2525/6/5 2325/6/5 2523/6/5
f 2523/6/5 2325/6/5 2324/6/5
f 2282/1/5 2286/1/5 2283/1/5
f 2283/1/5 2286/1/5 2272/1/5
f 463/6/5 2223/6/5 464/6/5
f 464/6/5 2223/6/5 2222/6/5
f 2167/6/5 2575/6/5 2224/6/5
f 2224/6/5 2575/6/5 2590/6/5
f 2363/6/5 2579/6/5 2588/6/5
f 2588/6/5 2579/6/5 2594/6/5
f 2575/1/5 2433/1/5 2590/1/5
f 2590/1/5 2433/1/5 2463/1/5
f 2464/1/5 2226/1/5 2462/1/5
f 2462/1/5 2226/1/5 2225/1/5
f 2477/1/5 2251/1/5 2476/1/5
f 2476/1/5 2251/1/5 2250/1/5
f 2333/1/5 2300/1/5 2334/1/5
f 2334/1/5 2300/1/5 2299/1/5
f 2301/1/5 2604/1/5 2496/1/5
f 2496/1/5 2604/1/5 2280/1/5
f 2604/1/5 2285/1/5 2281/1/5
f 2281/1/5 2285/1/5 2284/1/5
f 2171/1/5 2437/1/5 2227/1/5
f 2227/1/5 2437/1/5 2465/1/5
f 2274/1/5 2255/1/5 2478/1/5
f 2478/1/5 2255/1/5 2254/1/5
f 2509/1/5 2304/1/5 2508/1/5
f 2508/1/5 2304/1/5 2303/1/5
f 2256/1/5 2229/1/5 2257/1/5
f 2257/1/5 2229/1/5 2228/1/5
f 2175/1/5 2164/1/5 2230/1/5
f 2230/1/5 2164/1/5 2163/1/5
f 2579/1/5 2361/1/5 2594/1/5
f 2594/1/5 2361/1/5 2360/1/5
f 151/6/5 2168/6/5 1969/6/5
f 1969/6/5 2168/6/5 2167/6/5
f 958/6/5 2364/6/5 2041/6/5
f 2041/6/5 2364/6/5 2588/6/5
f 2436/1/5 2172/1/5 2433/1/5
f 2433/1/5 2172/1/5 2171/1/5
f 2543/1/5 2367/1/5 2541/1/5
f 2541/1/5 2367/1/5 2366/1/5
f 2183/1/5 2176/1/5 2437/1/5
f 2437/1/5 2176/1/5 2175/1/5
f 2376/1/5 2370/1/5 2544/1/5
f 2544/1/5 2370/1/5 2369/1/5
f 2466/1/5 2232/1/5 2229/1/5
f 2229/1/5 2232/1/5 2231/1/5
f 2371/1/5 2340/1/5 2336/1/5
f 2336/1/5 2340/1/5 2339/1/5
f 2427/6/5 2154/6/5 2425/6/5
f 2425/6/5 2154/6/5 2153/6/5
f 2561/6/5 2405/6/5 2558/6/5
f 2558/6/5 2405/6/5 2404/6/5
f 2440/1/5 2180/1/5 2172/1/5
f 2172/1/5 2180/1/5 2179/1/5
f 2546/1/5 2373/1/5 2367/1/5
f 2367/1/5 2373/1/5 2372/1/5
f 2187/1/5 2184/1/5 2441/1/5
f 2441/1/5 2184/1/5 2183/1/5
f 2549/1/5 2377/1/5 2547/1/5
f 2547/1/5 2377/1/5 2376/1/5
f 2483/1/5 2259/1/5 2481/1/5
f 2481/1/5 2259/1/5 2258/1/5
f 2512/1/5 2308/1/5 2510/1/5
f 2510/1/5 2308/1/5 2307/1/5
f 2443/6/5 2605/6/5 2606/6/5
f 2606/6/5 2605/6/5 2149/6/5
f 2565/1/5 2414/1/5 2373/1/5
f 2373/1/5 2414/1/5 2563/1/5
f 2161/6/5 2607/6/5 2162/6/5
f 2162/6/5 2607/6/5 2605/6/5
f 2194/1/5 2191/1/5 2180/1/5
f 2180/1/5 2191/1/5 2187/1/5
f 2413/1/5 2381/1/5 2414/1/5
f 2414/1/5 2381/1/5 2380/1/5
f 2500/1/5 2288/1/5 2499/1/5
f 2499/1/5 2288/1/5 2287/1/5
f 2424/6/5 2608/6/5 2421/6/5
f 2421/6/5 2608/6/5 2606/6/5
f 2206/1/5 2195/1/5 2447/1/5
f 2447/1/5 2195/1/5 2194/1/5
f 2395/1/5 2385/1/5 2550/1/5
f 2550/1/5 2385/1/5 2384/1/5
f 2608/6/5 2609/6/5 2444/6/5
f 2444/6/5 2609/6/5 2161/6/5
f 2609/6/5 2610/6/5 2431/6/5
f 2431/6/5 2610/6/5 2192/6/5
f 2451/1/5 2199/1/5 2191/1/5
f 2191/1/5 2199/1/5 2198/1/5
f 2553/1/5 2389/1/5 2381/1/5
f 2381/1/5 2389/1/5 2388/1/5
f 2486/1/5 2262/1/5 2484/1/5
f 2484/1/5 2262/1/5 2261/1/5
f 2515/1/5 2311/1/5 2513/1/5
f 2513/1/5 2311/1/5 2310/1/5
f 2610/6/5 2150/6/5 2193/6/5
f 2193/6/5 2150/6/5 2607/6/5
f 2572/6/5 2420/6/5 2571/6/5
f 2571/6/5 2420/6/5 2419/6/5
f 2039/6/5 2203/6/5 248/6/5
f 248/6/5 2203/6/5 2202/6/5
f 2455/1/5 2207/1/5 2452/1/5
f 2452/1/5 2207/1/5 2206/1/5
f 2457/1/5 2211/1/5 2199/1/5
f 2199/1/5 2211/1/5 2210/1/5
f 2243/1/5 2235/1/5 2467/1/5
f 2467/1/5 2235/1/5 2234/1/5
f 2353/1/5 2343/1/5 2400/1/5
f 2400/1/5 2343/1/5 2342/1/5
f 2430/6/5 2157/6/5 2428/6/5
f 2428/6/5 2157/6/5 2156/6/5
f 2570/6/5 2416/6/5 2567/6/5
f 2567/6/5 2416/6/5 2415/6/5
f 527/6/5 2238/6/5 528/6/5
f 528/6/5 2238/6/5 2237/6/5
f 1975/6/5 2573/6/5 1055/6/5
f 1055/6/5 2573/6/5 2392/6/5
f 2239/6/5 2577/6/5 2203/6/5
f 2203/6/5 2577/6/5 2592/6/5
f 2573/6/5 2581/6/5 2393/6/5
f 2393/6/5 2581/6/5 2596/6/5
f 2577/1/5 2469/1/5 2592/1/5
f 2592/1/5 2469/1/5 2455/1/5
f 2581/1/5 2611/1/5 2596/1/5
f 2596/1/5 2611/1/5 2556/1/5
f 2470/1/5 2241/1/5 2468/1/5
f 2468/1/5 2241/1/5 2240/1/5
f 2611/1/5 2612/1/5 2554/1/5
f 2554/1/5 2612/1/5 2395/1/5
f 2488/1/5 2265/1/5 2487/1/5
f 2487/1/5 2265/1/5 2264/1/5
f 2351/1/5 2314/1/5 2352/1/5
f 2352/1/5 2314/1/5 2313/1/5
f 2315/1/5 2290/1/5 2316/1/5
f 2316/1/5 2290/1/5 2289/1/5
f 2242/1/5 2471/1/5 2207/1/5
f 2207/1/5 2471/1/5 2457/1/5
f 2291/1/5 2269/1/5 2292/1/5
f 2292/1/5 2269/1/5 2268/1/5
f 2519/1/5 2318/1/5 2518/1/5
f 2518/1/5 2318/1/5 2317/1/5
f 2612/1/5 2613/1/5 2396/1/5
f 2396/1/5 2613/1/5 2557/1/5
f 2270/1/5 2244/1/5 2271/1/5
f 2271/1/5 2244/1/5 2243/1/5
f 2613/1/5 2614/1/5 2389/1/5
f 2389/1/5 2614/1/5 2398/1/5
f 2245/1/5 2215/1/5 2211/1/5
f 2211/1/5 2215/1/5 2214/1/5
f 2614/1/5 2402/1/5 2399/1/5
f 2399/1/5 2402/1/5 2401/1/5
f 2495/1/5 2277/1/5 2493/1/5
f 2493/1/5 2277/1/5 2276/1/5
f 2502/1/5 2293/1/5 2501/1/5
f 2501/1/5 2293/1/5 2290/1/5
f 2475/6/5 2247/6/5 2472/6/5
f 2472/6/5 2247/6/5 2246/6/5
f 2540/6/5 2358/6/5 2538/6/5
f 2538/6/5 2358/6/5 2357/6/5
f 2522/6/5 2322/6/5 2520/6/5
f 2520/6/5 2322/6/5 2321/6/5
f 2458/6/6 2504/6/6 2218/6/6
f 2218/6/6 2504/6/6 2298/6/6
f 2460/6/6 2459/6/6 2220/6/6
f 2220/6/6 2459/6/6 2221/6/6
f 2524/6/6 2505/6/6 2326/6/6
f 2326/6/6 2505/6/6 2297/6/6
f 2498/1/6 2497/1/6 2282/1/6
f 2282/1/6 2497/1/6 2283/1/6
f 666/6/6 665/6/6 2329/6/6
f 2329/6/6 665/6/6 2330/6/6
f 2170/6/6 2615/6/6 2574/6/6
f 2574/6/6 2615/6/6 2589/6/6
f 2328/6/6 2327/6/6 2578/6/6
f 2578/6/6 2327/6/6 2593/6/6
f 2578/1/6 2593/1/6 2529/1/6
f 2529/1/6 2593/1/6 2526/1/6
f 2528/1/6 2527/1/6 2333/1/6
f 2333/1/6 2527/1/6 2334/1/6
f 2226/1/6 2225/1/6 2252/1/6
f 2252/1/6 2225/1/6 2253/1/6
f 2507/1/6 2506/1/6 2301/1/6
f 2301/1/6 2506/1/6 2302/1/6
f 2251/1/6 2250/1/6 2616/1/6
f 2616/1/6 2250/1/6 2492/1/6
f 2616/1/6 2491/1/6 2274/1/6
f 2274/1/6 2491/1/6 2275/1/6
f 2480/1/6 2479/1/6 2256/1/6
f 2256/1/6 2479/1/6 2257/1/6
f 2285/1/6 2284/1/6 2305/1/6
f 2305/1/6 2284/1/6 2306/1/6
f 2332/1/6 2331/1/6 2531/1/6
f 2531/1/6 2331/1/6 2530/1/6
f 2304/1/6 2303/1/6 2337/1/6
f 2337/1/6 2303/1/6 2338/1/6
f 2574/1/6 2589/1/6 2165/1/6
f 2165/1/6 2589/1/6 2166/1/6
f 2336/1/6 2335/1/6 2339/1/6
f 2339/1/6 2335/1/6 2362/1/6
f 154/6/6 2036/6/6 2169/6/6
f 2169/6/6 2036/6/6 2615/6/6
f 961/6/6 1972/6/6 2365/6/6
f 2365/6/6 1972/6/6 2328/6/6
f 2435/1/6 2434/1/6 2173/1/6
f 2173/1/6 2434/1/6 2174/1/6
f 2542/1/6 2529/1/6 2368/1/6
f 2368/1/6 2529/1/6 2332/1/6
f 2186/1/6 2438/1/6 2177/1/6
f 2177/1/6 2438/1/6 2178/1/6
f 2379/1/6 2531/1/6 2371/1/6
f 2371/1/6 2531/1/6 2336/1/6
f 2176/1/6 2175/1/6 2233/1/6
f 2233/1/6 2175/1/6 2164/1/6
f 2510/1/6 2337/1/6 2307/1/6
f 2307/1/6 2337/1/6 2341/1/6
f 2421/6/6 2426/6/6 2149/6/6
f 2149/6/6 2426/6/6 2155/6/6
f 2560/6/6 2559/6/6 2406/6/6
f 2406/6/6 2559/6/6 2407/6/6
f 2439/1/6 2173/1/6 2181/1/6
f 2181/1/6 2173/1/6 2182/1/6
f 2545/1/6 2368/1/6 2374/1/6
f 2374/1/6 2368/1/6 2375/1/6
f 2190/1/6 2442/1/6 2185/1/6
f 2185/1/6 2442/1/6 2186/1/6
f 2410/1/6 2548/1/6 2378/1/6
f 2378/1/6 2548/1/6 2379/1/6
f 2482/1/6 2466/1/6 2260/1/6
f 2260/1/6 2466/1/6 2232/1/6
f 2499/1/6 2511/1/6 2287/1/6
f 2287/1/6 2511/1/6 2309/1/6
f 2562/6/6 2617/6/6 2618/6/6
f 2618/6/6 2617/6/6 2405/6/6
f 2564/6/6 2619/6/6 2411/6/6
f 2411/6/6 2619/6/6 2617/6/6
f 2160/1/6 2159/1/6 2189/1/6
f 2189/1/6 2159/1/6 2190/1/6
f 2197/1/6 2446/1/6 2432/1/6
f 2432/1/6 2446/1/6 2160/1/6
f 2387/1/6 2374/1/6 2382/1/6
f 2382/1/6 2374/1/6 2410/1/6
f 2484/1/6 2483/1/6 2261/1/6
f 2261/1/6 2483/1/6 2259/1/6
f 2209/1/6 2448/1/6 2196/1/6
f 2196/1/6 2448/1/6 2197/1/6
f 2397/1/6 2551/1/6 2386/1/6
f 2386/1/6 2551/1/6 2387/1/6
f 2567/6/6 2561/6/6 2620/6/6
f 2620/6/6 2561/6/6 2619/6/6
f 2620/6/6 2566/6/6 2621/6/6
f 2621/6/6 2566/6/6 2412/6/6
f 2621/6/6 2411/6/6 2622/6/6
f 2622/6/6 2411/6/6 2409/6/6
f 2450/1/6 2449/1/6 2200/1/6
f 2200/1/6 2449/1/6 2201/1/6
f 2552/1/6 2382/1/6 2390/1/6
f 2390/1/6 2382/1/6 2391/1/6
f 2467/1/6 2485/1/6 2234/1/6
f 2234/1/6 2485/1/6 2263/1/6
f 2514/1/6 2500/1/6 2312/1/6
f 2312/1/6 2500/1/6 2288/1/6
f 2423/6/6 2422/6/6 2151/6/6
f 2151/6/6 2422/6/6 2152/6/6
f 2622/6/6 2408/6/6 2415/6/6
f 2415/6/6 2408/6/6 2618/6/6
f 2042/6/6 1056/6/6 2345/6/6
f 2345/6/6 1056/6/6 2394/6/6
f 2532/1/6 2555/1/6 2349/1/6
f 2349/1/6 2555/1/6 2397/1/6
f 2536/1/6 2390/1/6 2353/1/6
f 2353/1/6 2390/1/6 2400/1/6
f 2211/1/6 2210/1/6 2214/1/6
f 2214/1/6 2210/1/6 2236/1/6
f 2356/1/6 2515/1/6 2344/1/6
f 2344/1/6 2515/1/6 2311/1/6
f 2429/6/6 2424/6/6 2158/6/6
f 2158/6/6 2424/6/6 2150/6/6
f 2569/6/6 2568/6/6 2417/6/6
f 2417/6/6 2568/6/6 2418/6/6
f 1970/6/6 249/6/6 2623/6/6
f 2623/6/6 249/6/6 2205/6/6
f 730/6/6 729/6/6 2347/6/6
f 2347/6/6 729/6/6 2348/6/6
f 2623/6/6 2204/6/6 2576/6/6
f 2576/6/6 2204/6/6 2591/6/6
f 2346/6/6 2345/6/6 2580/6/6
f 2580/6/6 2345/6/6 2595/6/6
f 2576/1/6 2591/1/6 2624/1/6
f 2624/1/6 2591/1/6 2454/1/6
f 2580/1/6 2595/1/6 2535/1/6
f 2535/1/6 2595/1/6 2532/1/6
f 2624/1/6 2453/1/6 2625/1/6
f 2625/1/6 2453/1/6 2209/1/6
f 2534/1/6 2533/1/6 2351/1/6
f 2351/1/6 2533/1/6 2352/1/6
f 2241/1/6 2240/1/6 2266/1/6
f 2266/1/6 2240/1/6 2267/1/6
f 2517/1/6 2516/1/6 2315/1/6
f 2315/1/6 2516/1/6 2316/1/6
f 2279/1/6 2626/1/6 2291/1/6
f 2291/1/6 2626/1/6 2292/1/6
f 2625/1/6 2208/1/6 2627/1/6
f 2627/1/6 2208/1/6 2456/1/6
f 2490/1/6 2489/1/6 2270/1/6
f 2270/1/6 2489/1/6 2271/1/6
f 2290/1/6 2289/1/6 2319/1/6
f 2319/1/6 2289/1/6 2320/1/6
f 2350/1/6 2349/1/6 2537/1/6
f 2537/1/6 2349/1/6 2536/1/6
f 2627/1/6 2200/1/6 2628/1/6
f 2628/1/6 2200/1/6 2213/1/6
f 2318/1/6 2317/1/6 2355/1/6
f 2355/1/6 2317/1/6 2356/1/6
f 2628/1/6 2212/1/6 2216/1/6
f 2216/1/6 2212/1/6 2217/1/6
f 2354/1/6 2353/1/6 2403/1/6
f 2403/1/6 2353/1/6 2343/1/6
f 2494/1/6 2264/1/6 2278/1/6
f 2278/1/6 2264/1/6 2626/1/6
f 2277/1/6 2276/1/6 2294/1/6
f 2294/1/6 2276/1/6 2295/1/6
f 2474/6/6 2473/6/6 2248/6/6
f 2248/6/6 2473/6/6 2249/6/6
f 2520/6/6 2539/6/6 2321/6/6
f 2321/6/6 2539/6/6 2359/6/6
f 2521/6/6 2475/6/6 2323/6/6
f 2323/6/6 2475/6/6 2247/6/6
