# Vengi binary mesh normalized for Tanks of Freedom II

mtllib ../../materials/vox_grass.mtl
o sand_road_transition_2_tile

v 4 4 3.9
v 3.9 4 3.9
v 3.9 4 4
v 4 4 4
v 3.8 4 3.9
v 3.8 4 4
v 3.7 4 3.9
v 3.6 4 3.9
v 3.6 4 4
v 3.7 4 4
v 3.5 4 3.9
v 3.4 4 3.9
v 3.4 4 4
v 3.5 4 4
v 3.3 4 3.9
v 3.2 4 3.9
v 3.2 4 4
v 3.3 4 4
v 3.1 4 3.9
v 3 4 3.9
v 3 4 4
v 3.1 4 4
v 2.9 4 3.9
v 2.8 4 3.9
v 2.8 4 4
v 2.9 4 4
v 2.7 4 3.9
v 2.6 4 3.9
v 2.6 4 4
v 2.7 4 4
v 2.5 4 3.9
v 2.4 4 3.9
v 2.4 4 4
v 2.5 4 4
v 2.3 4 3.9
v 2.2 4 3.9
v 2.2 4 4
v 2.3 4 4
v 2.1 4 3.9
v 2 4 3.9
v 2 4 4
v 2.1 4 4
v 1.9 4 3.9
v 1.8 4 3.9
v 1.8 4 4
v 1.9 4 4
v 1.7 4 3.9
v 1.6 4 3.9
v 1.6 4 4
v 1.7 4 4
v 1.5 4 3.9
v 1.4 4 3.9
v 1.4 4 4
v 1.5 4 4
v 1.3 4 3.9
v 1.2 4 3.9
v 1.2 4 4
v 1.3 4 4
v 1.1 4 3.9
v 1 4 3.9
v 1 4 4
v 1.1 4 4
v 0.9 4 3.9
v 0.8 4 3.9
v 0.8 4 4
v 0.9 4 4
v 0.7 4 3.9
v 0.6 4 3.9
v 0.6 4 4
v 0.7 4 4
v 0.5 4 3.9
v 0.4 4 3.9
v 0.4 4 4
v 0.5 4 4
v 0.3 4 3.9
v 0.2 4 3.9
v 0.2 4 4
v 0.3 4 4
v 0.1 4 3.9
v 0 4 3.9
v 0 4 4
v 0.1 4 4
v -0.1 4 3.9
v -0.2 4 3.9
v -0.2 4 4
v -0.1 4 4
v -0.3 4 3.9
v -0.4 4 3.9
v -0.4 4 4
v -0.3 4 4
v -0.5 4 3.9
v -0.6 4 3.9
v -0.6 4 4
v -0.5 4 4
v -0.7 4 3.9
v -0.8 4 3.9
v -0.8 4 4
v -0.7 4 4
v -0.9 4 3.9
v -1 4 3.9
v -1 4 4
v -0.9 4 4
v -1.1 4 3.9
v -1.2 4 3.9
v -1.2 4 4
v -1.1 4 4
v -1.3 4 3.9
v -1.4 4 3.9
v -1.4 4 4
v -1.3 4 4
v -1.5 4 3.9
v -1.6 4 3.9
v -1.6 4 4
v -1.5 4 4
v -1.7 4 3.9
v -1.8 4 3.9
v -1.8 4 4
v -1.7 4 4
v -1.9 4 3.9
v -2 4 3.9
v -2 4 4
v -1.9 4 4
v -2.1 4 3.9
v -2.2 4 3.9
v -2.2 4 4
v -2.1 4 4
v 4 4 3.8
v 3.9 4 3.8
v 3.8 4 3.8
v 3.7 4 3.8
v 3.6 4 3.8
v 3.5 4 3.8
v 3.4 4 3.8
v 3.3 4 3.8
v 3.2 4 3.8
v 3.1 4 3.8
v 3 4 3.8
v 2.9 4 3.8
v 2.8 4 3.8
v 2.7 4 3.8
v 2.6 4 3.8
v 2.5 4 3.8
v 2.4 4 3.8
v 2.3 4 3.8
v 2.2 4 3.8
v 2.1 4 3.8
v -2.1 4 3.8
v -2.2 4 3.8
v 4 4 3.7
v 3.9 4 3.7
v 3.8 4 3.7
v 3.7 4 3.7
v 3.6 4 3.7
v 3.5 4 3.7
v 3.4 4 3.7
v 3.3 4 3.7
v 3.2 4 3.7
v 3.1 4 3.7
v 3 4 3.7
v 2.9 4 3.7
v 2.8 4 3.7
v 2.7 4 3.7
v 2.6 4 3.7
v 2.5 4 3.7
v 2.4 4 3.7
v 2.3 4 3.7
v 2.2 4 3.7
v 2.1 4 3.7
v 2 4 3.7
v -2 4 3.7
v -2.1 4 3.7
v -2.2 4 3.7
v 4 4 3.6
v 3.9 4 3.6
v 3.8 4 3.6
v 3.7 4 3.6
v 3.6 4 3.6
v 3.5 4 3.6
v 3.4 4 3.6
v 3.3 4 3.6
v 3.2 4 3.6
v 3.1 4 3.6
v 3 4 3.6
v 2.9 4 3.6
v 2.8 4 3.6
v 2.7 4 3.6
v 2.6 4 3.6
v 2.5 4 3.6
v 2.4 4 3.6
v 2.3 4 3.6
v 2.2 4 3.6
v 2.1 4 3.6
v -2.1 4 3.6
v -2.2 4 3.6
v 4 4 3.5
v 3.9 4 3.5
v 3.8 4 3.5
v 3.7 4 3.5
v 3.6 4 3.5
v 3.5 4 3.5
v 3.4 4 3.5
v 3.3 4 3.5
v 3.2 4 3.5
v 3.1 4 3.5
v 3 4 3.5
v 2.9 4 3.5
v 2.8 4 3.5
v 2.7 4 3.5
v 2.6 4 3.5
v 2.5 4 3.5
v 2.4 4 3.5
v 4 4 3.4
v 3.9 4 3.4
v 3.8 4 3.4
v 3.7 4 3.4
v 3.6 4 3.4
v 3.5 4 3.4
v 3.4 4 3.4
v 3.3 4 3.4
v 3.2 4 3.4
v 3.1 4 3.4
v 3 4 3.4
v 2.9 4 3.4
v 2.8 4 3.4
v 2.7 4 3.4
v 4 4 3.3
v 3.9 4 3.3
v 3.8 4 3.3
v 3.7 4 3.3
v 3.6 4 3.3
v 3.5 4 3.3
v 3.4 4 3.3
v 3.3 4 3.3
v 3.2 4 3.3
v 3.1 4 3.3
v 3 4 3.3
v 4 4 3.2
v 3.9 4 3.2
v 3.8 4 3.2
v 3.7 4 3.2
v 3.6 4 3.2
v 3.5 4 3.2
v 3.4 4 3.2
v 3.3 4 3.2
v 3.2 4 3.2
v 3.1 4 3.2
v 4 4 3.1
v 3.9 4 3.1
v 3.8 4 3.1
v 3.7 4 3.1
v 3.6 4 3.1
v 3.5 4 3.1
v 3.4 4 3.1
v 3.3 4 3.1
v 3.2 4 3.1
v 4 4 3
v 3.9 4 3
v 3.8 4 3
v 3.7 4 3
v 3.6 4 3
v 3.5 4 3
v 3.4 4 3
v 3.3 4 3
v 0.1 4 3
v 0 4 3
v -0.1 4 3
v 4 4 2.9
v 3.9 4 2.9
v 3.8 4 2.9
v 3.7 4 2.9
v 3.6 4 2.9
v 3.5 4 2.9
v 3.4 4 2.9
v 4 4 2.8
v 3.9 4 2.8
v 3.8 4 2.8
v 3.7 4 2.8
v 3.6 4 2.8
v 3.5 4 2.8
v 3.4 4 2.8
v 4 4 2.7
v 3.9 4 2.7
v 3.8 4 2.7
v 3.7 4 2.7
v 3.6 4 2.7
v 3.5 4 2.7
v 3.4 4 2.7
v -1.3 4 2.7
v -1.4 4 2.7
v -1.5 4 2.7
v -1.6 4 2.7
v -1.8 4 2.7
v -1.9 4 2.7
v 4 4 2.6
v 3.9 4 2.6
v 3.8 4 2.6
v 3.7 4 2.6
v 3.6 4 2.6
v 3.5 4 2.6
v 1.9 4 2.6
v 1.8 4 2.6
v 1.7 4 2.6
v 1.6 4 2.6
v 1.5 4 2.6
v 1.3 4 2.6
v 1.2 4 2.6
v 1.1 4 2.6
v 1 4 2.6
v 0.9 4 2.6
v 0.8 4 2.6
v 0.7 4 2.6
v 0.6 4 2.6
v 0.5 4 2.6
v 0 4 2.6
v -0.1 4 2.6
v -0.2 4 2.6
v -0.3 4 2.6
v -0.4 4 2.6
v -0.5 4 2.6
v -0.6 4 2.6
v -0.7 4 2.6
v -0.8 4 2.6
v -1.1 4 2.6
v -1.2 4 2.6
v -1.3 4 2.6
v -1.6 4 2.6
v -1.7 4 2.6
v -1.8 4 2.6
v -1.9 4 2.6
v -2 4 2.6
v 4 4 2.5
v 3.9 4 2.5
v 3.8 4 2.5
v 3.7 4 2.5
v 3.6 4 2.5
v 3.5 4 2.5
v 2.1 4 2.5
v 2 4 2.5
v 1.9 4 2.5
v 1.5 4 2.5
v 1.4 4 2.5
v 1.3 4 2.5
v 0.5 4 2.5
v 0.4 4 2.5
v 0.1 4 2.5
v 0 4 2.5
v -1 4 2.5
v -1.1 4 2.5
v -1.2 4 2.5
v -1.3 4 2.5
v 4 4 2.4
v 3.9 4 2.4
v 3.8 4 2.4
v 3.7 4 2.4
v 3.6 4 2.4
v 3.5 4 2.4
v 0.2 4 2.4
v 0.1 4 2.4
v -0.9 4 2.4
v -1 4 2.4
v 4 4 2.3
v 3.9 4 2.3
v 3.8 4 2.3
v 3.7 4 2.3
v 3.6 4 2.3
v 1.3 4 2.3
v 0.8 4 2.3
v 0.5 4 2.3
v 0.4 4 2.3
v 0.3 4 2.3
v -0.8 4 2.3
v -0.9 4 2.3
v -1.9 4 2.3
v -2 4 2.3
v -2.1 4 2.3
v 4 4 2.2
v 3.9 4 2.2
v 3.8 4 2.2
v 3.7 4 2.2
v 3.6 4 2.2
v 2.2 4 2.2
v 2.1 4 2.2
v 0.3 4 2.2
v 0.2 4 2.2
v -1.2 4 2.2
v -1.3 4 2.2
v 4 4 2.1
v 3.9 4 2.1
v 3.8 4 2.1
v 3.7 4 2.1
v 3.6 4 2.1
v 3.3 4 2.1
v 3.2 4 2.1
v 3.1 4 2.1
v 3 4 2.1
v 2.9 4 2.1
v 2.8 4 2.1
v 2.6 4 2.1
v 2.5 4 2.1
v 2.4 4 2.1
v 2.3 4 2.1
v 2.2 4 2.1
v 1.3 4 2.1
v 1.2 4 2.1
v 1.2 4 2.3
v 4 4 2
v 3.9 4 2
v 3.8 4 2
v 3.7 4 2
v 3.6 4 2
v 3.5 4 2
v 3.4 4 2
v 3.3 4 2
v 2.8 4 2
v 2.7 4 2
v 2.6 4 2
v -0.1 4 2
v -0.2 4 2
v 4 4 1.9
v 3.3 4 1.9
v 4 4 1.8
v 3.9 4 1.8
v 3.9 4 1.9
v -0.7 4 1.8
v -0.8 4 1.8
v -1.9 4 1.8
v -2.1 4 1.8
v 4 4 1.7
v 3.9 4 1.7
v 1.3 4 1.7
v 1.2 4 1.7
v 0.2 4 1.7
v 0.1 4 1.7
v 4 4 1.6
v 3.9 4 1.6
v 0.8 4 1.6
v 0.7 4 1.6
v 0.7 4 2.3
v -0.1 4 1.6
v -0.2 4 1.6
v -0.7 4 1.6
v -0.8 4 1.6
v -1.2 4 1.6
v -1.3 4 1.6
v 4 4 1.5
v 3.9 4 1.5
v 1.3 4 1.5
v 1.2 4 1.5
v 4 4 1.4
v 3.9 4 1.4
v 1.5 4 1.4
v 1.3 4 1.4
v 0.8 4 1.4
v 0.7 4 1.4
v 4 4 1.3
v 3.9 4 1.3
v 3.7 4 1.3
v 3.3 4 1.3
v 3.7 4 1.9
v 2.8 4 1.3
v 2.6 4 1.3
v 2.2 4 1.3
v 2.1 4 1.3
v 1.7 4 1.3
v 1.5 4 1.3
v -1.2 4 1.3
v -1.3 4 1.3
v 4 4 1.2
v 3.9 4 1.2
v 3.7 4 1.2
v 3 4 1.2
v 2.8 4 1.2
v 3 4 1.3
v 2.6 4 1.2
v 2.1 4 1.2
v 1.9 4 1.2
v 1.7 4 1.2
v -1.9 4 1.2
v -2.1 4 1.2
v 4 4 1.1
v 3.7 4 1.1
v 0.8 4 1.1
v 0.7 4 1.1
v 0.2 4 1.1
v 0.1 4 1.1
v 4 4 1
v 3.9 4 1
v 3.9 4 1.1
v 1 4 1
v 0.8 4 1
v 1 4 2.3
v -0.7 4 1
v -0.8 4 1
v -2 4 1
v -2.1 4 1
v -2 4 1.2
v 4 4 0.9
v 3.9 4 0.9
v 1.2 4 0.9
v 1 4 0.9
v 4 4 0.8
v 3.9 4 0.8
v 3.5 4 0.8
v 3 4 0.8
v 3.5 4 1.3
v 2.8 4 0.8
v 2.6 4 0.8
v 2.1 4 0.8
v 1.9 4 0.8
v 1.7 4 0.8
v 1.5 4 0.8
v 1.3 4 0.8
v 1.2 4 0.8
v -0.1 4 0.8
v -0.2 4 0.8
v -0.7 4 0.8
v -0.8 4 0.8
v 4 4 0.7
v 3.9 4 0.7
v 3.7 4 0.7
v 3.5 4 0.7
v 3.3 4 0.7
v 3 4 0.7
v 3.3 4 0.8
v 2.8 4 0.7
v 2.4 4 0.7
v 2.1 4 0.7
v 2.4 4 0.8
v 1.9 4 0.7
v 1.6 4 0.7
v 1.5 4 0.7
v 1.6 4 0.8
v 1.3 4 0.7
v 0.2 4 0.7
v 0.1 4 0.7
v 0 4 0.7
v -0.1 4 0.7
v -1.2 4 0.7
v -1.3 4 0.7
v 4 4 0.6
v 3.9 4 0.6
v 4 4 0.5
v 3.9 4 0.5
v -0.7 4 0.5
v -0.8 4 0.5
v 4 4 0.4
v 3.9 4 0.4
v 0.3 4 0.4
v 0.2 4 0.4
v 0.1 4 0.4
v 0 4 0.4
v -0.7 4 0.4
v -0.8 4 0.4
v -1.2 4 0.4
v -1.3 4 0.4
v 4 4 0.3
v 3.9 4 0.3
v -2 4 0.3
v -2.1 4 0.3
v 4 4 0.2
v 3.9 4 0.2
v 3.2 4 0.2
v 2.8 4 0.2
v 3.2 4 0.7
v 2.4 4 0.2
v 1 4 0.2
v 0.8 4 0.2
v 0.7 4 0.2
v 0.6 4 0.2
v 0.5 4 0.2
v 0.6 4 2.3
v 0.4 4 0.2
v 0.3 4 0.2
v -0.7 4 0.2
v -0.8 4 0.2
v -1.9 4 0.2
v -2 4 0.2
v 4 4 0.1
v 3.9 4 0.1
v 3.5 4 0.1
v 3.3 4 0.1
v 3.2 4 0.1
v 2.5 4 0.1
v 2.4 4 0.1
v 2.5 4 0.2
v 1.9 4 0.1
v 1.6 4 0.1
v 1.3 4 0.1
v 1.2 4 0.1
v 1 4 0.1
v 0.7 4 0.1
v 0.6 4 0.1
v 0.3 4 0.1
v 0.2 4 0.1
v 0.1 4 0.1
v 4 4 0
v 3.9 4 0
v 0.6 4 0
v 0.3 4 0
v -0.7 4 0
v -0.8 4 0
v -1.2 4 0
v -1.3 4 0
v 4 4 -0.1
v 3.9 4 -0.1
v 3.8 4 -0.1
v 3.8 4 0.1
v 3.2 4 -0.1
v 2.5 4 -0.1
v 1.8 4 -0.1
v 1 4 -0.1
v 1.8 4 0.1
v 0.7 4 -0.1
v 0.6 4 -0.1
v -1.9 4 -0.1
v -2 4 -0.1
v 4 4 -0.2
v 3.9 4 -0.2
v 3.6 4 -0.2
v 3.3 4 -0.2
v 3.3 4 -0.1
v 3.6 4 -0.1
v 2.5 4 -0.2
v 1.8 4 -0.2
v -1.1 4 -0.2
v -1.2 4 -0.2
v -2 4 -0.2
v -2.1 4 -0.2
v 4 4 -0.3
v 3.9 4 -0.3
v -0.6 4 -0.3
v -0.7 4 -0.3
v 4 4 -0.4
v 3.9 4 -0.4
v -0.5 4 -0.4
v -0.6 4 -0.4
v -1 4 -0.4
v -1.1 4 -0.4
v 4 4 -0.5
v 3.9 4 -0.5
v -0.3 4 -0.5
v -0.5 4 -0.5
v 4 4 -0.6
v 3.9 4 -0.6
v -0.1 4 -0.6
v -0.2 4 -0.6
v -0.3 4 -0.6
v -0.9 4 -0.6
v -1 4 -0.6
v -2 4 -0.6
v -2.1 4 -0.6
v 4 4 -0.7
v 3.9 4 -0.7
v 3.6 4 -0.7
v 3.3 4 -0.7
v 2.5 4 -0.7
v 1.8 4 -0.7
v 1.7 4 -0.7
v 0.6 4 -0.7
v 1.7 4 -0.1
v 0.3 4 -0.7
v 0.1 4 -0.7
v 0 4 -0.7
v -0.1 4 -0.7
v 4 4 -0.8
v 3.9 4 -0.8
v 3.6 4 -0.8
v 3.3 4 -0.8
v 2.8 4 -0.8
v 2.7 4 -0.8
v 2.7 4 -0.7
v 2.8 4 -0.7
v 2.1 4 -0.8
v 1.8 4 -0.8
v 2.1 4 -0.7
v 1.7 4 -0.8
v 1.1 4 -0.8
v 0.8 4 -0.8
v 0.8 4 -0.7
v 1.1 4 -0.7
v 0.4 4 -0.8
v 0.3 4 -0.8
v 0.4 4 -0.7
v 0.1 4 -0.8
v -0.8 4 -0.8
v -0.9 4 -0.8
v 4 4 -0.9
v 3.9 4 -0.9
v -0.6 4 -0.9
v -0.7 4 -0.9
v -0.8 4 -0.9
v -1.9 4 -0.9
v -2 4 -0.9
v 4 4 -1
v 3.9 4 -1
v -0.4 4 -1
v -0.5 4 -1
v -0.4 4 -0.5
v -0.6 4 -1
v 4 4 -1.1
v 3.9 4 -1.1
v -0.2 4 -1.1
v -0.3 4 -1.1
v -0.4 4 -1.1
v -1.8 4 -1.1
v -1.9 4 -1.1
v 4 4 -1.2
v 3.9 4 -1.2
v 3.6 4 -1.2
v 3.2 4 -1.2
v 2.8 4 -1.2
v 3.2 4 -0.7
v 2.2 4 -1.2
v 2.1 4 -1.2
v 2.2 4 -0.7
v 1.7 4 -1.2
v 1.2 4 -1.2
v 1.1 4 -1.2
v 1.2 4 -0.7
v 0.8 4 -1.2
v 0.3 4 -1.2
v 0.1 4 -1.2
v 0 4 -1.2
v -0.1 4 -1.2
v -0.2 4 -1.2
v 4 4 -1.3
v 3.8 4 -1.3
v 3.8 4 -1.2
v 3.6 4 -1.3
v 3.3 4 -1.3
v 3.2 4 -1.3
v 2.8 4 -1.3
v 2.7 4 -1.3
v 2.2 4 -1.3
v 1.9 4 -1.3
v 1.7 4 -1.3
v 1.9 4 -1.2
v 1.2 4 -1.3
v 1 4 -1.3
v 0.8 4 -1.3
v 1 4 -1.2
v 0.4 4 -1.3
v 0.3 4 -1.3
v 0.1 4 -1.3
v 0 4 -1.3
v -1.7 4 -1.3
v -1.8 4 -1.3
v 4 4 -1.4
v 3.9 4 -1.4
v 3.9 4 -1.3
v 4 4 -1.5
v 3.9 4 -1.5
v -1.6 4 -1.5
v -1.7 4 -1.5
v 4 4 -1.6
v 3.9 4 -1.6
v -1.5 4 -1.6
v -1.6 4 -1.6
v 4 4 -1.7
v 3.9 4 -1.7
v -1.3 4 -1.7
v -1.5 4 -1.7
v 4 4 -1.8
v 3.9 4 -1.8
v -1.1 4 -1.8
v -1.2 4 -1.8
v -1.3 4 -1.8
v 4 4 -1.9
v 3.9 4 -1.9
v 3.8 4 -1.9
v 3.2 4 -1.9
v 2.2 4 -1.9
v 1.9 4 -1.9
v 1.2 4 -1.9
v 0.6 4 -1.9
v 0.3 4 -1.9
v 0.6 4 -1.3
v -0.5 4 -1.9
v -0.6 4 -1.9
v -0.8 4 -1.9
v -0.9 4 -1.9
v -1 4 -1.9
v -1.1 4 -1.9
v 4 4 -2
v 3.9 4 -2
v 3.8 4 -2
v 3.7 4 -2
v 3.7 4 -1.9
v 3.6 4 -2
v 3.6 4 -1.9
v 3.4 4 -2
v 3.2 4 -2
v 3.4 4 -1.9
v 2.3 4 -2
v 2.2 4 -2
v 2.3 4 -1.3
v 1.7 4 -2
v 1.2 4 -2
v 1.7 4 -1.9
v 0.7 4 -2
v 0.6 4 -2
v 0.7 4 -1.3
v 0.4 4 -2
v 0.3 4 -2
v 0.4 4 -1.9
v -0.4 4 -2
v -0.5 4 -2
v -0.7 4 -2
v -0.8 4 -2
v -0.7 4 -1.9
v 4 4 -2.1
v 3.7 4 -2.1
v 3.6 4 -2.1
v 3.2 4 -2.1
v 2.8 4 -2.1
v 2.3 4 -2.1
v 1.5 4 -2.1
v 1.2 4 -2.1
v 1.5 4 -2
v 1 4 -2.1
v 0.7 4 -2.1
v 0.3 4 -2.1
v 0.1 4 -2.1
v 0 4 -2.1
v -0.2 4 -2.1
v -0.4 4 -2.1
v 4 4 -2.2
v 3.9 4 -2.2
v 3.9 4 -2.1
v 3.8 4 -2.2
v 3.8 4 -2.1
v 3.7 4 -2.2
v 3.6 4 -2.2
v 3.4 4 -2.2
v 3.2 4 -2.2
v 2.3 4 -2.2
v 2.2 4 -2.2
v 1.7 4 -2.2
v 1.5 4 -2.2
v 0.7 4 -2.2
v 0.6 4 -2.2
v 0.4 4 -2.2
v 0.3 4 -2.2
v -0.4 4 -2.2
v -0.5 4 -2.2
v -0.7 4 -2.2
v -0.8 4 -2.2
v -1.1 4 -2.2
v -1.3 4 -2.2
v -1.5 4 -2.2
v -1.6 4 -2.2
v -1.7 4 -2.2
v -1.8 4 -2.2
v -1.9 4 -2.2
v -2 4 -2.2
v -2.1 4 -2.2
v -2.2 4 -2.2
v 4 0 -2.2
v 4 0 4
v -2.2 0 4
v -2.2 0 -2.2
v 4 3 4
v 4 3 -2.2
v 4 3.1 4
v 4 3.1 -2.2
v 4 3.2 4
v 4 3.2 -2.2
v 4 3.3 4
v 4 3.3 -2.2
v 4 3.4 4
v 4 3.4 -2.2
v 4 3.5 4
v 4 3.5 -2.2
v 4 3.6 4
v 4 3.6 -2.2
v 4 3.7 4
v 4 3.7 -2.2
v 4 3.8 4
v 4 3.8 -2.2
v 4 3.9 3.9
v 4 3.8 3.9
v 4 3.9 -2.2
v 4 3.9 3.8
v 4 3.9 3.7
v 4 3.9 3.6
v 4 3.9 3.5
v 4 3.9 3.4
v 4 3.9 3.3
v 4 3.9 3.2
v 4 3.9 3.1
v 4 3.9 3
v 4 3.9 2.9
v 4 3.9 2.8
v 4 3.9 2.7
v 4 3.9 2.6
v 4 3.9 2.5
v 4 3.9 2.4
v 4 3.9 2.3
v 4 3.9 2.2
v 4 3.9 2.1
v 4 3.9 2
v 4 3.9 1.9
v 4 3.9 1.8
v 4 3.9 1.7
v 4 3.9 1.6
v 4 3.9 1.5
v 4 3.9 1.4
v 4 3.9 1.3
v 4 3.9 1.2
v 4 3.9 1.1
v 4 3.9 1
v 4 3.9 0.9
v 4 3.9 0.8
v 4 3.9 0.7
v 4 3.9 0.6
v 4 3.9 0.5
v 4 3.9 0.4
v 4 3.9 0.3
v 4 3.9 0.2
v 4 3.9 0.1
v 4 3.9 0
v 4 3.9 -0.1
v 4 3.9 -0.2
v 4 3.9 -0.3
v 4 3.9 -0.4
v 4 3.9 -0.5
v 4 3.9 -0.6
v 4 3.9 -0.7
v 4 3.9 -0.8
v 4 3.9 -0.9
v 4 3.9 -1
v 4 3.9 -1.1
v 4 3.9 -1.2
v 4 3.9 -1.3
v 4 3.9 -1.4
v 4 3.9 -1.5
v 4 3.9 -1.6
v 4 3.9 -1.7
v 4 3.9 -1.8
v 4 3.9 -1.9
v 4 3.9 -2
v 4 3.9 -2.1
v 3.9 3.9 4
v 4 3.9 4
v 3.8 3.9 4
v 3.7 3.9 4
v 3.6 3.9 4
v 3.5 3.9 4
v 3.4 3.9 4
v 3.3 3.9 4
v 3.2 3.9 4
v 3.1 3.9 4
v 3 3.9 4
v 2.9 3.9 4
v 2.8 3.9 4
v 2.7 3.9 4
v 2.6 3.9 4
v 2.5 3.9 4
v 2.4 3.9 4
v 2.3 3.9 4
v 2.2 3.9 4
v 2.1 3.9 4
v 2 3.9 4
v 1.9 3.9 4
v 1.8 3.9 4
v 1.7 3.9 4
v 1.6 3.9 4
v 1.5 3.9 4
v 1.4 3.9 4
v 1.3 3.9 4
v 1.2 3.9 4
v 1.1 3.9 4
v 1 3.9 4
v 0.9 3.9 4
v 0.8 3.9 4
v 0.7 3.9 4
v 0.6 3.9 4
v 0.5 3.9 4
v 0.4 3.9 4
v 0.3 3.9 4
v 0.2 3.9 4
v 0.1 3.9 4
v 0 3.9 4
v -0.1 3.9 4
v -0.2 3.9 4
v -0.3 3.9 4
v -0.4 3.9 4
v -0.5 3.9 4
v -0.6 3.9 4
v -0.7 3.9 4
v -0.8 3.9 4
v -0.9 3.9 4
v -1 3.9 4
v -1.1 3.9 4
v -1.2 3.9 4
v -1.3 3.9 4
v -1.4 3.9 4
v -1.5 3.9 4
v -1.6 3.9 4
v -1.7 3.9 4
v -1.8 3.9 4
v -1.9 3.9 4
v -2 3.9 4
v -2.1 3.9 4
v -2.2 3 4
v -2.2 3.1 4
v -2.2 3.2 4
v -2.2 3.3 4
v -2.2 3.4 4
v -2.2 3.5 4
v -2.2 3.6 4
v -2.2 3.7 4
v -2.2 3.8 4
v -2.2 3.9 4
v -2.3 4 3.9
v -2.4 4 3.9
v -2.4 4 4
v -2.3 4 4
v -2.5 4 3.9
v -2.6 4 3.9
v -2.6 4 4
v -2.5 4 4
v -2.7 4 3.9
v -2.8 4 3.9
v -2.8 4 4
v -2.7 4 4
v -2.9 4 3.9
v -3 4 3.9
v -3 4 4
v -2.9 4 4
v -3.1 4 3.9
v -3.2 4 3.9
v -3.2 4 4
v -3.1 4 4
v -3.3 4 3.9
v -3.4 4 3.9
v -3.4 4 4
v -3.3 4 4
v -3.5 4 3.9
v -3.6 4 3.9
v -3.6 4 4
v -3.5 4 4
v -3.7 4 3.9
v -3.8 4 3.9
v -3.8 4 4
v -3.7 4 4
v -3.9 4 3.9
v -4 4 3.9
v -4 4 4
v -3.9 4 4
v -2.3 4 3.8
v -2.4 4 3.8
v -2.5 4 3.8
v -2.6 4 3.8
v -2.7 4 3.8
v -2.8 4 3.8
v -2.9 4 3.8
v -3 4 3.8
v -3.1 4 3.8
v -3.2 4 3.8
v -3.3 4 3.8
v -3.4 4 3.8
v -3.5 4 3.8
v -3.6 4 3.8
v -3.7 4 3.8
v -3.8 4 3.8
v -3.9 4 3.8
v -4 4 3.8
v -2.3 4 3.7
v -2.4 4 3.7
v -2.5 4 3.7
v -2.6 4 3.7
v -2.7 4 3.7
v -2.8 4 3.7
v -2.9 4 3.7
v -3 4 3.7
v -3.1 4 3.7
v -3.2 4 3.7
v -3.3 4 3.7
v -3.4 4 3.7
v -3.5 4 3.7
v -3.6 4 3.7
v -3.7 4 3.7
v -3.8 4 3.7
v -3.9 4 3.7
v -4 4 3.7
v -2.3 4 3.6
v -2.4 4 3.6
v -2.5 4 3.6
v -2.6 4 3.6
v -2.7 4 3.6
v -2.8 4 3.6
v -2.9 4 3.6
v -3 4 3.6
v -3.1 4 3.6
v -3.2 4 3.6
v -3.3 4 3.6
v -3.4 4 3.6
v -3.5 4 3.6
v -3.6 4 3.6
v -3.7 4 3.6
v -3.8 4 3.6
v -3.9 4 3.6
v -4 4 3.6
v -2.4 4 3.5
v -2.5 4 3.5
v -2.6 4 3.5
v -2.7 4 3.5
v -2.8 4 3.5
v -2.9 4 3.5
v -3 4 3.5
v -3.1 4 3.5
v -3.2 4 3.5
v -3.3 4 3.5
v -3.4 4 3.5
v -3.5 4 3.5
v -3.6 4 3.5
v -3.7 4 3.5
v -3.8 4 3.5
v -3.9 4 3.5
v -4 4 3.5
v -2.7 4 3.4
v -2.8 4 3.4
v -2.9 4 3.4
v -3 4 3.4
v -3.1 4 3.4
v -3.2 4 3.4
v -3.3 4 3.4
v -3.4 4 3.4
v -3.5 4 3.4
v -3.6 4 3.4
v -3.7 4 3.4
v -3.8 4 3.4
v -3.9 4 3.4
v -4 4 3.4
v -3 4 3.3
v -3.1 4 3.3
v -3.2 4 3.3
v -3.3 4 3.3
v -3.4 4 3.3
v -3.5 4 3.3
v -3.6 4 3.3
v -3.7 4 3.3
v -3.8 4 3.3
v -3.9 4 3.3
v -4 4 3.3
v -3.1 4 3.2
v -3.2 4 3.2
v -3.3 4 3.2
v -3.4 4 3.2
v -3.5 4 3.2
v -3.6 4 3.2
v -3.7 4 3.2
v -3.8 4 3.2
v -3.9 4 3.2
v -4 4 3.2
v -3.2 4 3.1
v -3.3 4 3.1
v -3.4 4 3.1
v -3.5 4 3.1
v -3.6 4 3.1
v -3.7 4 3.1
v -3.8 4 3.1
v -3.9 4 3.1
v -4 4 3.1
v -3.3 4 3
v -3.4 4 3
v -3.5 4 3
v -3.6 4 3
v -3.7 4 3
v -3.8 4 3
v -3.9 4 3
v -4 4 3
v -3.4 4 2.9
v -3.5 4 2.9
v -3.6 4 2.9
v -3.7 4 2.9
v -3.8 4 2.9
v -3.9 4 2.9
v -4 4 2.9
v -3.4 4 2.8
v -3.5 4 2.8
v -3.6 4 2.8
v -3.7 4 2.8
v -3.8 4 2.8
v -3.9 4 2.8
v -4 4 2.8
v -3.4 4 2.7
v -3.5 4 2.7
v -3.6 4 2.7
v -3.7 4 2.7
v -3.8 4 2.7
v -3.9 4 2.7
v -4 4 2.7
v -3.5 4 2.6
v -3.6 4 2.6
v -3.7 4 2.6
v -3.8 4 2.6
v -3.9 4 2.6
v -4 4 2.6
v -3.5 4 2.5
v -3.6 4 2.5
v -3.7 4 2.5
v -3.8 4 2.5
v -3.9 4 2.5
v -4 4 2.5
v -3.5 4 2.4
v -3.6 4 2.4
v -3.7 4 2.4
v -3.8 4 2.4
v -3.9 4 2.4
v -4 4 2.4
v -3.6 4 2.3
v -3.7 4 2.3
v -3.8 4 2.3
v -3.9 4 2.3
v -4 4 2.3
v -3.6 4 2.2
v -3.7 4 2.2
v -3.8 4 2.2
v -3.9 4 2.2
v -4 4 2.2
v -3.6 4 2.1
v -3.7 4 2.1
v -3.8 4 2.1
v -3.9 4 2.1
v -4 4 2.1
v -3.6 4 2
v -3.7 4 2
v -3.8 4 2
v -3.9 4 2
v -4 4 2
v -3.6 4 1.9
v -3.7 4 1.9
v -3.8 4 1.9
v -3.9 4 1.9
v -4 4 1.9
v -3.7 4 1.8
v -3.8 4 1.8
v -3.9 4 1.8
v -4 4 1.8
v -3.7 4 1.7
v -3.8 4 1.7
v -3.9 4 1.7
v -4 4 1.7
v -3.7 4 1.6
v -3.8 4 1.6
v -3.9 4 1.6
v -4 4 1.6
v -3.7 4 1.5
v -3.8 4 1.5
v -3.9 4 1.5
v -4 4 1.5
v -3.7 4 1.4
v -3.8 4 1.4
v -3.9 4 1.4
v -4 4 1.4
v -3.7 4 1.3
v -3.8 4 1.3
v -3.9 4 1.3
v -4 4 1.3
v -3.7 4 1.2
v -3.8 4 1.2
v -3.9 4 1.2
v -4 4 1.2
v -3.7 4 1.1
v -3.8 4 1.1
v -3.9 4 1.1
v -4 4 1.1
v -3.7 4 1
v -3.8 4 1
v -3.9 4 1
v -4 4 1
v -3.7 4 0.9
v -3.8 4 0.9
v -3.9 4 0.9
v -4 4 0.9
v -3.7 4 0.8
v -3.8 4 0.8
v -3.9 4 0.8
v -4 4 0.8
v -3.7 4 0.7
v -3.8 4 0.7
v -3.9 4 0.7
v -4 4 0.7
v -3.7 4 0.6
v -3.8 4 0.6
v -3.9 4 0.6
v -4 4 0.6
v -3.7 4 0.5
v -3.8 4 0.5
v -3.9 4 0.5
v -4 4 0.5
v -3.7 4 0.4
v -3.8 4 0.4
v -3.9 4 0.4
v -4 4 0.4
v -3.9 4 0.3
v -4 4 0.3
v -3.7 4 0.2
v -3.8 4 0.2
v -3.9 4 0.2
v -4 4 0.2
v -3.7 4 0.1
v -3.8 4 0.1
v -3.9 4 0.1
v -4 4 0.1
v -3.9 4 0
v -4 4 0
v -3.7 4 -0.1
v -3.8 4 -0.1
v -3.9 4 -0.1
v -4 4 -0.1
v -3.7 4 -0.2
v -3.8 4 -0.2
v -3.9 4 -0.2
v -4 4 -0.2
v -3.9 4 -0.3
v -4 4 -0.3
v -3.7 4 -0.4
v -3.8 4 -0.4
v -3.9 4 -0.4
v -4 4 -0.4
v -3.7 4 -0.5
v -3.8 4 -0.5
v -3.9 4 -0.5
v -4 4 -0.5
v -3.7 4 -0.6
v -3.8 4 -0.6
v -3.9 4 -0.6
v -4 4 -0.6
v -3.7 4 -0.7
v -3.8 4 -0.7
v -3.9 4 -0.7
v -4 4 -0.7
v -3.7 4 -0.8
v -3.8 4 -0.8
v -3.9 4 -0.8
v -4 4 -0.8
v -3.7 4 -0.9
v -3.8 4 -0.9
v -3.9 4 -0.9
v -4 4 -0.9
v -3.7 4 -1
v -3.8 4 -1
v -3.9 4 -1
v -4 4 -1
v -3.7 4 -1.1
v -3.8 4 -1.1
v -3.9 4 -1.1
v -4 4 -1.1
v -3.7 4 -1.2
v -3.8 4 -1.2
v -3.9 4 -1.2
v -4 4 -1.2
v -3.7 4 -1.3
v -3.8 4 -1.3
v -3.9 4 -1.3
v -4 4 -1.3
v -3.7 4 -1.4
v -3.8 4 -1.4
v -3.9 4 -1.4
v -4 4 -1.4
v -3.7 4 -1.5
v -3.8 4 -1.5
v -3.9 4 -1.5
v -4 4 -1.5
v -3.7 4 -1.6
v -3.8 4 -1.6
v -3.9 4 -1.6
v -4 4 -1.6
v -3.7 4 -1.7
v -3.8 4 -1.7
v -3.9 4 -1.7
v -4 4 -1.7
v -3.7 4 -1.8
v -3.8 4 -1.8
v -3.9 4 -1.8
v -4 4 -1.8
v -3.6 4 -1.9
v -3.7 4 -1.9
v -3.8 4 -1.9
v -3.9 4 -1.9
v -4 4 -1.9
v -3.6 4 -2
v -3.7 4 -2
v -3.8 4 -2
v -3.9 4 -2
v -4 4 -2
v -3.6 4 -2.1
v -3.7 4 -2.1
v -3.8 4 -2.1
v -3.9 4 -2.1
v -4 4 -2.1
v -2.3 4 -2.2
v -2.4 4 -2.2
v -2.5 4 -2.2
v -2.6 4 -2.2
v -2.7 4 -2.2
v -2.8 4 -2.2
v -2.9 4 -2.2
v -3 4 -2.2
v -3.1 4 -2.2
v -3.2 4 -2.2
v -3.3 4 -2.2
v -3.4 4 -2.2
v -3.5 4 -2.2
v -3.6 4 -2.2
v -3.7 4 -2.2
v -3.8 4 -2.2
v -3.9 4 -2.2
v -4 4 -2.2
v -4 0 4
v -4 0 -2.2
v -4 3 4
v -4 3 -2.2
v -4 3.1 4
v -4 3.1 -2.2
v -4 3.2 4
v -4 3.2 -2.2
v -4 3.3 4
v -4 3.3 -2.2
v -4 3.4 4
v -4 3.4 -2.2
v -4 3.5 4
v -4 3.5 -2.2
v -4 3.6 4
v -4 3.6 -2.2
v -4 3.7 4
v -4 3.7 -2.2
v -4 3.8 4
v -4 3.8 -2.2
v -4 3.9 4
v -4 3.9 -2.2
v -4 3.9 3.9
v -4 3.9 3.8
v -4 3.9 3.7
v -4 3.9 3.6
v -4 3.9 3.5
v -4 3.9 3.4
v -4 3.9 3.3
v -4 3.9 3.2
v -4 3.9 3.1
v -4 3.9 3
v -4 3.9 2.9
v -4 3.9 2.8
v -4 3.9 2.7
v -4 3.9 2.6
v -4 3.9 2.5
v -4 3.9 2.4
v -4 3.9 2.3
v -4 3.9 2.2
v -4 3.9 2.1
v -4 3.9 2
v -4 3.9 1.9
v -4 3.9 1.8
v -4 3.9 1.7
v -4 3.9 1.6
v -4 3.9 1.5
v -4 3.9 1.4
v -4 3.9 1.3
v -4 3.9 1.2
v -4 3.9 1.1
v -4 3.9 1
v -4 3.9 0.9
v -4 3.9 0.8
v -4 3.9 0.7
v -4 3.9 0.6
v -4 3.9 0.5
v -4 3.9 0.4
v -4 3.9 0.3
v -4 3.9 0.2
v -4 3.9 0.1
v -4 3.9 0
v -4 3.9 -0.1
v -4 3.9 -0.2
v -4 3.9 -0.3
v -4 3.9 -0.4
v -4 3.9 -0.5
v -4 3.9 -0.6
v -4 3.9 -0.7
v -4 3.9 -0.8
v -4 3.9 -0.9
v -4 3.9 -1
v -4 3.9 -1.1
v -4 3.9 -1.2
v -4 3.9 -1.3
v -4 3.9 -1.4
v -4 3.9 -1.5
v -4 3.9 -1.6
v -4 3.9 -1.7
v -4 3.9 -1.8
v -4 3.9 -1.9
v -4 3.9 -2
v -4 3.9 -2.1
v -2.3 3.9 4
v -2.4 3.9 4
v -2.5 3.9 4
v -2.6 3.9 4
v -2.7 3.9 4
v -2.8 3.9 4
v -2.9 3.9 4
v -3 3.9 4
v -3.1 3.9 4
v -3.2 3.9 4
v -3.3 3.9 4
v -3.4 3.9 4
v -3.5 3.9 4
v -3.6 3.9 4
v -3.7 3.9 4
v -3.8 3.9 4
v -3.9 3.9 4
v 4 4 -2.3
v 3.7 4 -2.3
v -2.2 4 -2.3
v 4 4 -2.4
v 3.9 4 -2.4
v 3.9 4 -2.3
v 3.8 4 -2.4
v 3.7 4 -2.4
v 3.8 4 -2.3
v 3.6 4 -2.4
v 3.6 4 -2.3
v -2.2 4 -2.4
v 4 4 -2.5
v 3.9 4 -2.5
v 3.8 4 -2.5
v 3.7 4 -2.5
v 3.6 4 -2.5
v 3.5 4 -2.5
v 3.5 4 -2.4
v 4 4 -2.6
v 3.9 4 -2.6
v 3.8 4 -2.6
v 3.7 4 -2.6
v 3.6 4 -2.6
v 3.5 4 -2.6
v 4 4 -2.7
v 3.9 4 -2.7
v 3.8 4 -2.7
v 3.7 4 -2.7
v 3.6 4 -2.7
v 3.5 4 -2.7
v -2.2 4 -2.7
v 4 4 -2.8
v 3.9 4 -2.8
v 3.8 4 -2.8
v 3.7 4 -2.8
v 3.6 4 -2.8
v 3.5 4 -2.8
v 3.4 4 -2.8
v 3.4 4 -2.7
v 4 4 -2.9
v 3.9 4 -2.9
v 3.8 4 -2.9
v 3.7 4 -2.9
v 3.6 4 -2.9
v 3.5 4 -2.9
v 3.4 4 -2.9
v 4 4 -3
v 3.9 4 -3
v 3.8 4 -3
v 3.7 4 -3
v 3.6 4 -3
v 3.5 4 -3
v 3.4 4 -3
v -2.2 4 -3
v 4 4 -3.1
v 3.9 4 -3.1
v 3.8 4 -3.1
v 3.7 4 -3.1
v 3.6 4 -3.1
v 3.5 4 -3.1
v 3.4 4 -3.1
v 3.3 4 -3.1
v 3.3 4 -3
v -2.2 4 -3.1
v 4 4 -3.2
v 3.9 4 -3.2
v 3.8 4 -3.2
v 3.7 4 -3.2
v 3.6 4 -3.2
v 3.5 4 -3.2
v 3.4 4 -3.2
v 3.3 4 -3.2
v 3.2 4 -3.2
v 3.2 4 -3.1
v -2.2 4 -3.2
v 4 4 -3.3
v 3.9 4 -3.3
v 3.8 4 -3.3
v 3.7 4 -3.3
v 3.6 4 -3.3
v 3.5 4 -3.3
v 3.4 4 -3.3
v 3.3 4 -3.3
v 3.2 4 -3.3
v 3.1 4 -3.3
v 3.1 4 -3.2
v -2.2 4 -3.3
v 4 4 -3.4
v 3.9 4 -3.4
v 3.8 4 -3.4
v 3.7 4 -3.4
v 3.6 4 -3.4
v 3.5 4 -3.4
v 3.4 4 -3.4
v 3.3 4 -3.4
v 3.2 4 -3.4
v 3.1 4 -3.4
v 3 4 -3.4
v 3 4 -3.3
v -2.2 4 -3.4
v 4 4 -3.5
v 3.9 4 -3.5
v 3.8 4 -3.5
v 3.7 4 -3.5
v 3.6 4 -3.5
v 3.5 4 -3.5
v 3.4 4 -3.5
v 3.3 4 -3.5
v 3.2 4 -3.5
v 3.1 4 -3.5
v 3 4 -3.5
v 2.9 4 -3.5
v 2.9 4 -3.4
v 2.8 4 -3.5
v 2.8 4 -3.4
v 2.7 4 -3.5
v 2.7 4 -3.4
v -2.2 4 -3.5
v 4 4 -3.6
v 3.9 4 -3.6
v 3.8 4 -3.6
v 3.7 4 -3.6
v 3.6 4 -3.6
v 3.5 4 -3.6
v 3.4 4 -3.6
v 3.3 4 -3.6
v 3.2 4 -3.6
v 3.1 4 -3.6
v 3 4 -3.6
v 2.9 4 -3.6
v 2.8 4 -3.6
v 2.7 4 -3.6
v 2.6 4 -3.6
v 2.6 4 -3.5
v 2.5 4 -3.6
v 2.5 4 -3.5
v 2.4 4 -3.6
v 2.4 4 -3.5
v -2.2 4 -3.6
v 4 4 -3.7
v 3.9 4 -3.7
v 3.8 4 -3.7
v 3.7 4 -3.7
v 3.6 4 -3.7
v 3.5 4 -3.7
v 3.4 4 -3.7
v 3.3 4 -3.7
v 3.2 4 -3.7
v 3.1 4 -3.7
v 3 4 -3.7
v 2.9 4 -3.7
v 2.8 4 -3.7
v 2.7 4 -3.7
v 2.6 4 -3.7
v 2.5 4 -3.7
v 2.4 4 -3.7
v 2.3 4 -3.7
v 2.3 4 -3.6
v 2.2 4 -3.7
v 2.2 4 -3.6
v 2.1 4 -3.7
v 2.1 4 -3.6
v 2 4 -3.7
v 2 4 -3.6
v 1.9 4 -3.7
v 1.9 4 -3.6
v -1.9 4 -3.7
v -1.9 4 -3.6
v -2 4 -3.7
v -2 4 -3.6
v -2.1 4 -3.7
v -2.1 4 -3.6
v -2.2 4 -3.7
v 4 4 -3.8
v 3.9 4 -3.8
v 3.8 4 -3.8
v 3.7 4 -3.8
v 3.6 4 -3.8
v 3.5 4 -3.8
v 3.4 4 -3.8
v 3.3 4 -3.8
v 3.2 4 -3.8
v 3.1 4 -3.8
v 3 4 -3.8
v 2.9 4 -3.8
v 2.8 4 -3.8
v 2.7 4 -3.8
v 2.6 4 -3.8
v 2.5 4 -3.8
v 2.4 4 -3.8
v 2.3 4 -3.8
v 2.2 4 -3.8
v 2.1 4 -3.8
v 2 4 -3.8
v 1.9 4 -3.8
v 1.8 4 -3.8
v 1.7 4 -3.8
v 1.7 4 -3.7
v 1.8 4 -3.7
v 1.6 4 -3.8
v 1.5 4 -3.8
v 1.5 4 -3.7
v 1.6 4 -3.7
v 1.4 4 -3.8
v 1.3 4 -3.8
v 1.3 4 -3.7
v 1.4 4 -3.7
v 1.2 4 -3.8
v 1.1 4 -3.8
v 1.1 4 -3.7
v 1.2 4 -3.7
v 1 4 -3.8
v 0.9 4 -3.8
v 0.9 4 -3.7
v 1 4 -3.7
v 0.8 4 -3.8
v 0.7 4 -3.8
v 0.7 4 -3.7
v 0.8 4 -3.7
v 0.6 4 -3.8
v 0.5 4 -3.8
v 0.5 4 -3.7
v 0.6 4 -3.7
v 0.4 4 -3.8
v 0.2 4 -3.8
v 0.2 4 -3.7
v 0.4 4 -3.7
v 0.1 4 -3.8
v -0.1 4 -3.8
v -0.1 4 -3.7
v 0.1 4 -3.7
v -0.2 4 -3.8
v -0.4 4 -3.8
v -0.4 4 -3.7
v -0.2 4 -3.7
v -0.5 4 -3.8
v -0.6 4 -3.8
v -0.6 4 -3.7
v -0.5 4 -3.7
v -0.7 4 -3.8
v -0.8 4 -3.8
v -0.8 4 -3.7
v -0.7 4 -3.7
v -0.9 4 -3.8
v -1 4 -3.8
v -1 4 -3.7
v -0.9 4 -3.7
v -1.1 4 -3.8
v -1.2 4 -3.8
v -1.2 4 -3.7
v -1.1 4 -3.7
v -1.3 4 -3.8
v -1.4 4 -3.8
v -1.4 4 -3.7
v -1.3 4 -3.7
v -1.5 4 -3.8
v -1.6 4 -3.8
v -1.6 4 -3.7
v -1.5 4 -3.7
v -1.7 4 -3.8
v -1.8 4 -3.8
v -1.8 4 -3.7
v -1.7 4 -3.7
v -1.9 4 -3.8
v -2 4 -3.8
v -2.1 4 -3.8
v -2.2 4 -3.8
v 4 4 -3.9
v 3.9 4 -3.9
v 3.8 4 -3.9
v 3.7 4 -3.9
v 3.6 4 -3.9
v 3.5 4 -3.9
v 3.4 4 -3.9
v 3.3 4 -3.9
v 3.2 4 -3.9
v 3.1 4 -3.9
v 3 4 -3.9
v 2.9 4 -3.9
v 2.8 4 -3.9
v 2.7 4 -3.9
v 2.6 4 -3.9
v 2.5 4 -3.9
v 2.4 4 -3.9
v 2.3 4 -3.9
v 2.2 4 -3.9
v 2.1 4 -3.9
v 2 4 -3.9
v 1.9 4 -3.9
v 1.8 4 -3.9
v 1.7 4 -3.9
v 1.6 4 -3.9
v 1.5 4 -3.9
v 1.4 4 -3.9
v 1.3 4 -3.9
v 1.2 4 -3.9
v 1.1 4 -3.9
v 1 4 -3.9
v 0.9 4 -3.9
v 0.8 4 -3.9
v 0.7 4 -3.9
v 0.6 4 -3.9
v 0.5 4 -3.9
v 0.4 4 -3.9
v 0.2 4 -3.9
v 0.1 4 -3.9
v 0 4 -3.9
v -0.1 4 -3.9
v 0 4 -3.8
v -0.2 4 -3.9
v -0.4 4 -3.9
v -0.5 4 -3.9
v -0.6 4 -3.9
v -0.7 4 -3.9
v -0.8 4 -3.9
v -0.9 4 -3.9
v -1 4 -3.9
v -1.1 4 -3.9
v -1.2 4 -3.9
v -1.3 4 -3.9
v -1.4 4 -3.9
v -1.5 4 -3.9
v -1.6 4 -3.9
v -1.7 4 -3.9
v -1.8 4 -3.9
v -1.9 4 -3.9
v -2 4 -3.9
v -2.1 4 -3.9
v 4 4 -4
v 3.9 4 -4
v 3.8 4 -4
v 3.7 4 -4
v 3.6 4 -4
v 3.5 4 -4
v 3.4 4 -4
v 3.3 4 -4
v 3.2 4 -4
v 3.1 4 -4
v 3 4 -4
v 2.9 4 -4
v 2.8 4 -4
v 2.7 4 -4
v 2.6 4 -4
v 2.5 4 -4
v 2.4 4 -4
v 2.3 4 -4
v 2.2 4 -4
v 2.1 4 -4
v 2 4 -4
v 1.9 4 -4
v 1.8 4 -4
v 1.7 4 -4
v 1.6 4 -4
v 1.5 4 -4
v 1.4 4 -4
v 1.3 4 -4
v 1.2 4 -4
v 1.1 4 -4
v 1 4 -4
v 0.9 4 -4
v 0.8 4 -4
v 0.7 4 -4
v 0.6 4 -4
v 0.5 4 -4
v 0.4 4 -4
v 0.3 4 -4
v 0.3 4 -3.9
v 0.2 4 -4
v 0.1 4 -4
v 0 4 -4
v -0.1 4 -4
v -0.2 4 -4
v -0.3 4 -4
v -0.3 4 -3.9
v -0.4 4 -4
v -0.5 4 -4
v -0.6 4 -4
v -0.7 4 -4
v -0.8 4 -4
v -0.9 4 -4
v -1 4 -4
v -1.1 4 -4
v -1.2 4 -4
v -1.3 4 -4
v -1.4 4 -4
v -1.5 4 -4
v -1.6 4 -4
v -1.7 4 -4
v -1.8 4 -4
v -1.9 4 -4
v -2 4 -4
v -2.1 4 -4
v -2.2 4 -4
v 4 0 -4
v -2.2 0 -4
v 4 3 -4
v 4 3.1 -4
v 4 3.2 -4
v 4 3.3 -4
v 4 3.4 -4
v 4 3.5 -4
v 4 3.6 -4
v 4 3.7 -4
v 4 3.8 -4
v 4 3.9 -2.3
v 4 3.8 -2.3
v 4 3.9 -4
v 4 3.9 -2.4
v 4 3.9 -2.5
v 4 3.9 -2.6
v 4 3.9 -2.7
v 4 3.9 -2.8
v 4 3.9 -2.9
v 4 3.9 -3
v 4 3.9 -3.1
v 4 3.9 -3.2
v 4 3.9 -3.3
v 4 3.9 -3.4
v 4 3.9 -3.5
v 4 3.9 -3.6
v 4 3.9 -3.7
v 4 3.9 -3.8
v 4 3.9 -3.9
v 3.9 3.9 -4
v 3.8 3.9 -4
v 3.7 3.9 -4
v 3.6 3.9 -4
v 3.5 3.9 -4
v 3.4 3.9 -4
v 3.3 3.9 -4
v 3.2 3.9 -4
v 3.1 3.9 -4
v 3 3.9 -4
v 2.9 3.9 -4
v 2.8 3.9 -4
v 2.7 3.9 -4
v 2.6 3.9 -4
v 2.5 3.9 -4
v 2.4 3.9 -4
v 2.3 3.9 -4
v 2.2 3.9 -4
v 2.1 3.9 -4
v 2 3.9 -4
v 1.9 3.9 -4
v 1.8 3.9 -4
v 1.7 3.9 -4
v 1.6 3.9 -4
v 1.5 3.9 -4
v 1.4 3.9 -4
v 1.3 3.9 -4
v 1.2 3.9 -4
v 1.1 3.9 -4
v 1 3.9 -4
v 0.9 3.9 -4
v 0.8 3.9 -4
v 0.7 3.9 -4
v 0.6 3.9 -4
v 0.5 3.9 -4
v 0.4 3.9 -4
v 0.3 3.9 -4
v 0.2 3.9 -4
v 0.1 3.9 -4
v 0 3.9 -4
v -0.1 3.9 -4
v -0.2 3.9 -4
v -0.3 3.9 -4
v -0.4 3.9 -4
v -0.5 3.9 -4
v -0.6 3.9 -4
v -0.7 3.9 -4
v -0.8 3.9 -4
v -0.9 3.9 -4
v -1 3.9 -4
v -1.1 3.9 -4
v -1.2 3.9 -4
v -1.3 3.9 -4
v -1.4 3.9 -4
v -1.5 3.9 -4
v -1.6 3.9 -4
v -1.7 3.9 -4
v -1.8 3.9 -4
v -1.9 3.9 -4
v -2 3.9 -4
v -2.1 3.9 -4
v -2.2 3 -4
v -2.2 3.1 -4
v -2.2 3.2 -4
v -2.2 3.3 -4
v -2.2 3.4 -4
v -2.2 3.5 -4
v -2.2 3.6 -4
v -2.2 3.7 -4
v -2.2 3.8 -4
v -2.2 3.9 -4
v -3.6 4 -2.3
v -3.7 4 -2.3
v -3.9 4 -2.3
v -4 4 -2.3
v -3.5 4 -2.4
v -3.6 4 -2.4
v -3.7 4 -2.4
v -3.8 4 -2.4
v -3.8 4 -2.3
v -3.9 4 -2.4
v -4 4 -2.4
v -3.5 4 -2.5
v -3.6 4 -2.5
v -3.7 4 -2.5
v -3.8 4 -2.5
v -3.9 4 -2.5
v -4 4 -2.5
v -3.5 4 -2.6
v -3.6 4 -2.6
v -3.7 4 -2.6
v -3.8 4 -2.6
v -3.9 4 -2.6
v -4 4 -2.6
v -3.4 4 -2.7
v -3.5 4 -2.7
v -3.6 4 -2.7
v -3.7 4 -2.7
v -3.8 4 -2.7
v -3.9 4 -2.7
v -4 4 -2.7
v -3.4 4 -2.8
v -3.5 4 -2.8
v -3.6 4 -2.8
v -3.7 4 -2.8
v -3.8 4 -2.8
v -3.9 4 -2.8
v -4 4 -2.8
v -3.4 4 -2.9
v -3.5 4 -2.9
v -3.6 4 -2.9
v -3.7 4 -2.9
v -3.8 4 -2.9
v -3.9 4 -2.9
v -4 4 -2.9
v -3.3 4 -3
v -3.4 4 -3
v -3.5 4 -3
v -3.6 4 -3
v -3.7 4 -3
v -3.8 4 -3
v -3.9 4 -3
v -4 4 -3
v -3.2 4 -3.1
v -3.3 4 -3.1
v -3.4 4 -3.1
v -3.5 4 -3.1
v -3.6 4 -3.1
v -3.7 4 -3.1
v -3.8 4 -3.1
v -3.9 4 -3.1
v -4 4 -3.1
v -3.1 4 -3.2
v -3.2 4 -3.2
v -3.3 4 -3.2
v -3.4 4 -3.2
v -3.5 4 -3.2
v -3.6 4 -3.2
v -3.7 4 -3.2
v -3.8 4 -3.2
v -3.9 4 -3.2
v -4 4 -3.2
v -3 4 -3.3
v -3.1 4 -3.3
v -3.2 4 -3.3
v -3.3 4 -3.3
v -3.4 4 -3.3
v -3.5 4 -3.3
v -3.6 4 -3.3
v -3.7 4 -3.3
v -3.8 4 -3.3
v -3.9 4 -3.3
v -4 4 -3.3
v -2.7 4 -3.4
v -3 4 -3.4
v -3.1 4 -3.4
v -3.2 4 -3.4
v -3.3 4 -3.4
v -3.4 4 -3.4
v -3.5 4 -3.4
v -3.6 4 -3.4
v -3.7 4 -3.4
v -3.8 4 -3.4
v -3.9 4 -3.4
v -4 4 -3.4
v -2.4 4 -3.5
v -2.7 4 -3.5
v -2.8 4 -3.5
v -2.8 4 -3.4
v -2.9 4 -3.5
v -2.9 4 -3.4
v -3 4 -3.5
v -3.1 4 -3.5
v -3.2 4 -3.5
v -3.3 4 -3.5
v -3.4 4 -3.5
v -3.5 4 -3.5
v -3.6 4 -3.5
v -3.7 4 -3.5
v -3.8 4 -3.5
v -3.9 4 -3.5
v -4 4 -3.5
v -2.3 4 -3.6
v -2.4 4 -3.6
v -2.5 4 -3.6
v -2.5 4 -3.5
v -2.6 4 -3.6
v -2.6 4 -3.5
v -2.7 4 -3.6
v -2.8 4 -3.6
v -2.9 4 -3.6
v -3 4 -3.6
v -3.1 4 -3.6
v -3.2 4 -3.6
v -3.3 4 -3.6
v -3.4 4 -3.6
v -3.5 4 -3.6
v -3.6 4 -3.6
v -3.7 4 -3.6
v -3.8 4 -3.6
v -3.9 4 -3.6
v -4 4 -3.6
v -2.3 4 -3.7
v -2.4 4 -3.7
v -2.5 4 -3.7
v -2.6 4 -3.7
v -2.7 4 -3.7
v -2.8 4 -3.7
v -2.9 4 -3.7
v -3 4 -3.7
v -3.1 4 -3.7
v -3.2 4 -3.7
v -3.3 4 -3.7
v -3.4 4 -3.7
v -3.5 4 -3.7
v -3.6 4 -3.7
v -3.7 4 -3.7
v -3.8 4 -3.7
v -3.9 4 -3.7
v -4 4 -3.7
v -2.3 4 -3.8
v -2.4 4 -3.8
v -2.5 4 -3.8
v -2.6 4 -3.8
v -2.7 4 -3.8
v -2.8 4 -3.8
v -2.9 4 -3.8
v -3 4 -3.8
v -3.1 4 -3.8
v -3.2 4 -3.8
v -3.3 4 -3.8
v -3.4 4 -3.8
v -3.5 4 -3.8
v -3.6 4 -3.8
v -3.7 4 -3.8
v -3.8 4 -3.8
v -3.9 4 -3.8
v -4 4 -3.8
v -2.2 4 -3.9
v -2.3 4 -3.9
v -2.4 4 -3.9
v -2.5 4 -3.9
v -2.6 4 -3.9
v -2.7 4 -3.9
v -2.8 4 -3.9
v -2.9 4 -3.9
v -3 4 -3.9
v -3.1 4 -3.9
v -3.2 4 -3.9
v -3.3 4 -3.9
v -3.4 4 -3.9
v -3.5 4 -3.9
v -3.6 4 -3.9
v -3.7 4 -3.9
v -3.8 4 -3.9
v -3.9 4 -3.9
v -4 4 -3.9
v -2.3 4 -4
v -2.4 4 -4
v -2.5 4 -4
v -2.6 4 -4
v -2.7 4 -4
v -2.8 4 -4
v -2.9 4 -4
v -3 4 -4
v -3.1 4 -4
v -3.2 4 -4
v -3.3 4 -4
v -3.4 4 -4
v -3.5 4 -4
v -3.6 4 -4
v -3.7 4 -4
v -3.8 4 -4
v -3.9 4 -4
v -4 4 -4
v -4 0 -4
v -4 3 -4
v -4 3.1 -4
v -4 3.2 -4
v -4 3.3 -4
v -4 3.4 -4
v -4 3.5 -4
v -4 3.6 -4
v -4 3.7 -4
v -4 3.8 -4
v -4 3.9 -4
v -4 3.9 -2.3
v -4 3.9 -2.4
v -4 3.9 -2.5
v -4 3.9 -2.6
v -4 3.9 -2.7
v -4 3.9 -2.8
v -4 3.9 -2.9
v -4 3.9 -3
v -4 3.9 -3.1
v -4 3.9 -3.2
v -4 3.9 -3.3
v -4 3.9 -3.4
v -4 3.9 -3.5
v -4 3.9 -3.6
v -4 3.9 -3.7
v -4 3.9 -3.8
v -4 3.9 -3.9
v -2.3 3.9 -4
v -2.4 3.9 -4
v -2.5 3.9 -4
v -2.6 3.9 -4
v -2.7 3.9 -4
v -2.8 3.9 -4
v -2.9 3.9 -4
v -3 3.9 -4
v -3.1 3.9 -4
v -3.2 3.9 -4
v -3.3 3.9 -4
v -3.4 3.9 -4
v -3.5 3.9 -4
v -3.6 3.9 -4
v -3.7 3.9 -4
v -3.8 3.9 -4
v -3.9 3.9 -4

vt 0.00585938 0.5
vt 0.0214844 0.5
vt 0.0253906 0.5
vt 0.0292969 0.5
vt 0.0371094 0.5
vt 0.0449219 0.5
vt 0.0683594 0.5
vt 0.0761719 0.5
vt 0.0839844 0.5
vt 0.0957031 0.5

vn 0 1 0
vn 0 -1 0
vn 1 0 0
vn 0 0 1
vn -1 0 0
vn 0 0 -1

usemtl palette
f 1/10/1 2/10/1 4/10/1
f 4/10/1 2/10/1 3/10/1
f 2/5/1 5/5/1 3/5/1
f 3/5/1 5/5/1 6/5/1
f 7/5/1 8/5/1 10/5/1
f 10/5/1 8/5/1 9/5/1
f 11/5/1 12/5/1 14/5/1
f 14/5/1 12/5/1 13/5/1
f 15/5/1 16/5/1 18/5/1
f 18/5/1 16/5/1 17/5/1
f 19/5/1 20/5/1 22/5/1
f 22/5/1 20/5/1 21/5/1
f 23/5/1 24/5/1 26/5/1
f 26/5/1 24/5/1 25/5/1
f 27/5/1 28/5/1 30/5/1
f 30/5/1 28/5/1 29/5/1
f 31/5/1 32/5/1 34/5/1
f 34/5/1 32/5/1 33/5/1
f 35/5/1 36/5/1 38/5/1
f 38/5/1 36/5/1 37/5/1
f 39/5/1 40/5/1 42/5/1
f 42/5/1 40/5/1 41/5/1
f 43/5/1 44/5/1 46/5/1
f 46/5/1 44/5/1 45/5/1
f 47/5/1 48/5/1 50/5/1
f 50/5/1 48/5/1 49/5/1
f 51/5/1 52/5/1 54/5/1
f 54/5/1 52/5/1 53/5/1
f 55/5/1 56/5/1 58/5/1
f 58/5/1 56/5/1 57/5/1
f 59/5/1 60/5/1 62/5/1
f 62/5/1 60/5/1 61/5/1
f 63/5/1 64/5/1 66/5/1
f 66/5/1 64/5/1 65/5/1
f 67/5/1 68/5/1 70/5/1
f 70/5/1 68/5/1 69/5/1
f 71/5/1 72/5/1 74/5/1
f 74/5/1 72/5/1 73/5/1
f 75/5/1 76/5/1 78/5/1
f 78/5/1 76/5/1 77/5/1
f 79/5/1 80/5/1 82/5/1
f 82/5/1 80/5/1 81/5/1
f 83/5/1 84/5/1 86/5/1
f 86/5/1 84/5/1 85/5/1
f 87/5/1 88/5/1 90/5/1
f 90/5/1 88/5/1 89/5/1
f 91/5/1 92/5/1 94/5/1
f 94/5/1 92/5/1 93/5/1
f 95/5/1 96/5/1 98/5/1
f 98/5/1 96/5/1 97/5/1
f 99/5/1 100/5/1 102/5/1
f 102/5/1 100/5/1 101/5/1
f 103/5/1 104/5/1 106/5/1
f 106/5/1 104/5/1 105/5/1
f 107/5/1 108/5/1 110/5/1
f 110/5/1 108/5/1 109/5/1
f 111/5/1 112/5/1 114/5/1
f 114/5/1 112/5/1 113/5/1
f 115/5/1 116/5/1 118/5/1
f 118/5/1 116/5/1 117/5/1
f 119/5/1 120/5/1 122/5/1
f 122/5/1 120/5/1 121/5/1
f 123/5/1 124/5/1 126/5/1
f 126/5/1 124/5/1 125/5/1
f 127/5/1 128/5/1 1/5/1
f 1/5/1 128/5/1 2/5/1
f 129/10/1 130/10/1 6/10/1
f 6/10/1 130/10/1 10/10/1
f 131/10/1 132/10/1 9/10/1
f 9/10/1 132/10/1 14/10/1
f 133/10/1 134/10/1 13/10/1
f 13/10/1 134/10/1 18/10/1
f 135/10/1 136/10/1 17/10/1
f 17/10/1 136/10/1 22/10/1
f 137/10/1 138/10/1 21/10/1
f 21/10/1 138/10/1 26/10/1
f 139/10/1 140/10/1 25/10/1
f 25/10/1 140/10/1 30/10/1
f 141/10/1 142/10/1 29/10/1
f 29/10/1 142/10/1 34/10/1
f 143/10/1 144/10/1 33/10/1
f 33/10/1 144/10/1 38/10/1
f 145/10/1 146/10/1 37/10/1
f 37/10/1 146/10/1 42/10/1
f 147/10/1 148/10/1 123/10/1
f 123/10/1 148/10/1 124/10/1
f 149/10/1 150/10/1 127/10/1
f 127/10/1 150/10/1 128/10/1
f 151/3/1 152/3/1 129/3/1
f 129/3/1 152/3/1 130/3/1
f 152/10/1 153/10/1 7/10/1
f 7/10/1 153/10/1 8/10/1
f 153/3/1 154/3/1 131/3/1
f 131/3/1 154/3/1 132/3/1
f 154/10/1 155/10/1 11/10/1
f 11/10/1 155/10/1 12/10/1
f 155/3/1 156/3/1 133/3/1
f 133/3/1 156/3/1 134/3/1
f 156/10/1 157/10/1 15/10/1
f 15/10/1 157/10/1 16/10/1
f 157/3/1 158/3/1 135/3/1
f 135/3/1 158/3/1 136/3/1
f 158/10/1 159/10/1 19/10/1
f 19/10/1 159/10/1 20/10/1
f 159/3/1 160/3/1 137/3/1
f 137/3/1 160/3/1 138/3/1
f 160/10/1 161/10/1 23/10/1
f 23/10/1 161/10/1 24/10/1
f 161/3/1 162/3/1 139/3/1
f 139/3/1 162/3/1 140/3/1
f 162/10/1 163/10/1 27/10/1
f 27/10/1 163/10/1 28/10/1
f 163/3/1 164/3/1 141/3/1
f 141/3/1 164/3/1 142/3/1
f 164/10/1 165/10/1 31/10/1
f 31/10/1 165/10/1 32/10/1
f 165/3/1 166/3/1 143/3/1
f 143/3/1 166/3/1 144/3/1
f 166/10/1 167/10/1 35/10/1
f 35/10/1 167/10/1 36/10/1
f 167/3/1 168/3/1 145/3/1
f 145/3/1 168/3/1 146/3/1
f 168/10/1 169/10/1 39/10/1
f 39/10/1 169/10/1 40/10/1
f 170/10/1 171/10/1 121/10/1
f 121/10/1 171/10/1 126/10/1
f 171/3/1 172/3/1 147/3/1
f 147/3/1 172/3/1 148/3/1
f 173/5/1 174/5/1 149/5/1
f 149/5/1 174/5/1 150/5/1
f 175/10/1 176/10/1 151/10/1
f 151/10/1 176/10/1 152/10/1
f 176/3/1 177/3/1 152/3/1
f 152/3/1 177/3/1 153/3/1
f 177/10/1 178/10/1 153/10/1
f 153/10/1 178/10/1 154/10/1
f 178/3/1 179/3/1 154/3/1
f 154/3/1 179/3/1 155/3/1
f 179/10/1 180/10/1 155/10/1
f 155/10/1 180/10/1 156/10/1
f 180/3/1 181/3/1 156/3/1
f 156/3/1 181/3/1 157/3/1
f 181/10/1 182/10/1 157/10/1
f 157/10/1 182/10/1 158/10/1
f 182/3/1 183/3/1 158/3/1
f 158/3/1 183/3/1 159/3/1
f 183/10/1 184/10/1 159/10/1
f 159/10/1 184/10/1 160/10/1
f 184/3/1 185/3/1 160/3/1
f 160/3/1 185/3/1 161/3/1
f 185/10/1 186/10/1 161/10/1
f 161/10/1 186/10/1 162/10/1
f 186/3/1 187/3/1 162/3/1
f 162/3/1 187/3/1 163/3/1
f 187/10/1 188/10/1 163/10/1
f 163/10/1 188/10/1 164/10/1
f 188/3/1 189/3/1 164/3/1
f 164/3/1 189/3/1 165/3/1
f 189/10/1 190/10/1 165/10/1
f 165/10/1 190/10/1 166/10/1
f 191/10/1 192/10/1 167/10/1
f 167/10/1 192/10/1 168/10/1
f 193/10/1 194/10/1 171/10/1
f 171/10/1 194/10/1 172/10/1
f 195/10/1 196/10/1 173/10/1
f 173/10/1 196/10/1 174/10/1
f 197/3/1 198/3/1 175/3/1
f 175/3/1 198/3/1 176/3/1
f 198/10/1 199/10/1 176/10/1
f 176/10/1 199/10/1 177/10/1
f 199/3/1 200/3/1 177/3/1
f 177/3/1 200/3/1 178/3/1
f 200/10/1 201/10/1 178/10/1
f 178/10/1 201/10/1 179/10/1
f 201/3/1 202/3/1 179/3/1
f 179/3/1 202/3/1 180/3/1
f 202/10/1 203/10/1 180/10/1
f 180/10/1 203/10/1 181/10/1
f 203/3/1 204/3/1 181/3/1
f 181/3/1 204/3/1 182/3/1
f 204/10/1 205/10/1 182/10/1
f 182/10/1 205/10/1 183/10/1
f 205/3/1 206/3/1 183/3/1
f 183/3/1 206/3/1 184/3/1
f 206/10/1 207/10/1 184/10/1
f 184/10/1 207/10/1 185/10/1
f 207/3/1 208/3/1 185/3/1
f 185/3/1 208/3/1 186/3/1
f 208/10/1 209/10/1 186/10/1
f 186/10/1 209/10/1 187/10/1
f 210/10/1 211/10/1 188/10/1
f 188/10/1 211/10/1 189/10/1
f 212/5/1 213/5/1 195/5/1
f 195/5/1 213/5/1 196/5/1
f 214/10/1 215/10/1 197/10/1
f 197/10/1 215/10/1 198/10/1
f 215/3/1 216/3/1 198/3/1
f 198/3/1 216/3/1 199/3/1
f 216/10/1 217/10/1 199/10/1
f 199/10/1 217/10/1 200/10/1
f 217/3/1 218/3/1 200/3/1
f 200/3/1 218/3/1 201/3/1
f 218/10/1 219/10/1 201/10/1
f 201/10/1 219/10/1 202/10/1
f 219/3/1 220/3/1 202/3/1
f 202/3/1 220/3/1 203/3/1
f 220/10/1 221/10/1 203/10/1
f 203/10/1 221/10/1 204/10/1
f 221/3/1 222/3/1 204/3/1
f 204/3/1 222/3/1 205/3/1
f 222/10/1 223/10/1 205/10/1
f 205/10/1 223/10/1 206/10/1
f 224/10/1 225/10/1 207/10/1
f 207/10/1 225/10/1 208/10/1
f 226/10/1 227/10/1 212/10/1
f 212/10/1 227/10/1 213/10/1
f 228/3/1 229/3/1 214/3/1
f 214/3/1 229/3/1 215/3/1
f 229/10/1 230/10/1 215/10/1
f 215/10/1 230/10/1 216/10/1
f 230/3/1 231/3/1 216/3/1
f 216/3/1 231/3/1 217/3/1
f 231/10/1 232/10/1 217/10/1
f 217/10/1 232/10/1 218/10/1
f 232/3/1 233/3/1 218/3/1
f 218/3/1 233/3/1 219/3/1
f 233/10/1 234/10/1 219/10/1
f 219/10/1 234/10/1 220/10/1
f 234/3/1 235/3/1 220/3/1
f 220/3/1 235/3/1 221/3/1
f 235/10/1 236/10/1 221/10/1
f 221/10/1 236/10/1 222/10/1
f 237/5/1 238/5/1 226/5/1
f 226/5/1 238/5/1 227/5/1
f 239/10/1 240/10/1 228/10/1
f 228/10/1 240/10/1 229/10/1
f 240/3/1 241/3/1 229/3/1
f 229/3/1 241/3/1 230/3/1
f 241/10/1 242/10/1 230/10/1
f 230/10/1 242/10/1 231/10/1
f 242/3/1 243/3/1 231/3/1
f 231/3/1 243/3/1 232/3/1
f 243/10/1 244/10/1 232/10/1
f 232/10/1 244/10/1 233/10/1
f 244/3/1 245/3/1 233/3/1
f 233/3/1 245/3/1 234/3/1
f 245/10/1 246/10/1 234/10/1
f 234/10/1 246/10/1 235/10/1
f 247/10/1 248/10/1 237/10/1
f 237/10/1 248/10/1 238/10/1
f 249/3/1 250/3/1 239/3/1
f 239/3/1 250/3/1 240/3/1
f 250/10/1 251/10/1 240/10/1
f 240/10/1 251/10/1 241/10/1
f 251/3/1 252/3/1 241/3/1
f 241/3/1 252/3/1 242/3/1
f 252/10/1 253/10/1 242/10/1
f 242/10/1 253/10/1 243/10/1
f 253/3/1 254/3/1 243/3/1
f 243/3/1 254/3/1 244/3/1
f 254/10/1 255/10/1 244/10/1
f 244/10/1 255/10/1 245/10/1
f 256/5/1 257/5/1 247/5/1
f 247/5/1 257/5/1 248/5/1
f 258/10/1 259/10/1 249/10/1
f 249/10/1 259/10/1 250/10/1
f 259/3/1 260/3/1 250/3/1
f 250/3/1 260/3/1 251/3/1
f 260/10/1 261/10/1 251/10/1
f 251/10/1 261/10/1 252/10/1
f 261/3/1 262/3/1 252/3/1
f 252/3/1 262/3/1 253/3/1
f 262/10/1 263/10/1 253/10/1
f 253/10/1 263/10/1 254/10/1
f 264/4/1 265/4/1 79/4/1
f 79/4/1 265/4/1 80/4/1
f 265/4/1 266/4/1 81/4/1
f 81/4/1 266/4/1 86/4/1
f 267/10/1 268/10/1 256/10/1
f 256/10/1 268/10/1 257/10/1
f 269/3/1 270/3/1 258/3/1
f 258/3/1 270/3/1 259/3/1
f 270/10/1 271/10/1 259/10/1
f 259/10/1 271/10/1 260/10/1
f 271/3/1 272/3/1 260/3/1
f 260/3/1 272/3/1 261/3/1
f 272/10/1 273/10/1 261/10/1
f 261/10/1 273/10/1 262/10/1
f 274/5/1 275/5/1 267/5/1
f 267/5/1 275/5/1 268/5/1
f 276/10/1 277/10/1 269/10/1
f 269/10/1 277/10/1 270/10/1
f 277/3/1 278/3/1 270/3/1
f 270/3/1 278/3/1 271/3/1
f 278/10/1 279/10/1 271/10/1
f 271/10/1 279/10/1 272/10/1
f 279/3/1 280/3/1 272/3/1
f 272/3/1 280/3/1 273/3/1
f 281/10/1 282/10/1 274/10/1
f 274/10/1 282/10/1 275/10/1
f 283/3/1 284/3/1 276/3/1
f 276/3/1 284/3/1 277/3/1
f 284/10/1 285/10/1 277/10/1
f 277/10/1 285/10/1 278/10/1
f 285/3/1 286/3/1 278/3/1
f 278/3/1 286/3/1 279/3/1
f 286/10/1 287/10/1 279/10/1
f 279/10/1 287/10/1 280/10/1
f 288/7/1 289/7/1 107/7/1
f 107/7/1 289/7/1 108/7/1
f 289/7/1 290/7/1 109/7/1
f 109/7/1 290/7/1 114/7/1
f 290/7/1 291/7/1 111/7/1
f 111/7/1 291/7/1 112/7/1
f 292/4/1 293/4/1 117/4/1
f 117/4/1 293/4/1 122/4/1
f 294/5/1 295/5/1 281/5/1
f 281/5/1 295/5/1 282/5/1
f 296/10/1 297/10/1 283/10/1
f 283/10/1 297/10/1 284/10/1
f 297/3/1 298/3/1 284/3/1
f 284/3/1 298/3/1 285/3/1
f 298/10/1 299/10/1 285/10/1
f 285/10/1 299/10/1 286/10/1
f 300/4/1 301/4/1 43/4/1
f 43/4/1 301/4/1 44/4/1
f 301/7/1 302/7/1 45/7/1
f 45/7/1 302/7/1 50/7/1
f 302/7/1 303/7/1 47/7/1
f 47/7/1 303/7/1 48/7/1
f 303/7/1 304/7/1 49/7/1
f 49/7/1 304/7/1 54/7/1
f 305/7/1 306/7/1 55/7/1
f 55/7/1 306/7/1 56/7/1
f 306/7/1 307/7/1 57/7/1
f 57/7/1 307/7/1 62/7/1
f 307/7/1 308/7/1 59/7/1
f 59/7/1 308/7/1 60/7/1
f 308/7/1 309/7/1 61/7/1
f 61/7/1 309/7/1 66/7/1
f 309/7/1 310/7/1 63/7/1
f 63/7/1 310/7/1 64/7/1
f 310/7/1 311/7/1 65/7/1
f 65/7/1 311/7/1 70/7/1
f 311/7/1 312/7/1 67/7/1
f 67/7/1 312/7/1 68/7/1
f 312/7/1 313/7/1 69/7/1
f 69/7/1 313/7/1 74/7/1
f 314/7/1 315/7/1 265/7/1
f 265/7/1 315/7/1 266/7/1
f 315/7/1 316/7/1 83/7/1
f 83/7/1 316/7/1 84/7/1
f 316/7/1 317/7/1 85/7/1
f 85/7/1 317/7/1 90/7/1
f 317/7/1 318/7/1 87/7/1
f 87/7/1 318/7/1 88/7/1
f 318/7/1 319/7/1 89/7/1
f 89/7/1 319/7/1 94/7/1
f 319/7/1 320/7/1 91/7/1
f 91/7/1 320/7/1 92/7/1
f 320/7/1 321/7/1 93/7/1
f 93/7/1 321/7/1 98/7/1
f 321/7/1 322/7/1 95/7/1
f 95/7/1 322/7/1 96/7/1
f 323/7/1 324/7/1 103/7/1
f 103/7/1 324/7/1 104/7/1
f 324/7/1 325/7/1 105/7/1
f 105/7/1 325/7/1 110/7/1
f 326/7/1 327/7/1 113/7/1
f 113/7/1 327/7/1 118/7/1
f 327/7/1 328/7/1 115/7/1
f 115/7/1 328/7/1 116/7/1
f 329/4/1 330/4/1 119/4/1
f 119/4/1 330/4/1 120/4/1
f 331/10/1 332/10/1 294/10/1
f 294/10/1 332/10/1 295/10/1
f 333/3/1 334/3/1 296/3/1
f 296/3/1 334/3/1 297/3/1
f 334/10/1 335/10/1 297/10/1
f 297/10/1 335/10/1 298/10/1
f 335/3/1 336/3/1 298/3/1
f 298/3/1 336/3/1 299/3/1
f 337/3/1 338/3/1 168/3/1
f 168/3/1 338/3/1 169/3/1
f 338/4/1 339/4/1 41/4/1
f 41/4/1 339/4/1 46/4/1
f 340/7/1 341/7/1 51/7/1
f 51/7/1 341/7/1 52/7/1
f 341/7/1 342/7/1 53/7/1
f 53/7/1 342/7/1 58/7/1
f 343/7/1 344/7/1 71/7/1
f 71/7/1 344/7/1 72/7/1
f 345/7/1 346/7/1 264/7/1
f 264/7/1 346/7/1 265/7/1
f 347/7/1 348/7/1 101/7/1
f 101/7/1 348/7/1 106/7/1
f 349/9/1 350/9/1 324/9/1
f 324/9/1 350/9/1 325/9/1
f 351/5/1 352/5/1 331/5/1
f 331/5/1 352/5/1 332/5/1
f 353/10/1 354/10/1 333/10/1
f 333/10/1 354/10/1 334/10/1
f 354/3/1 355/3/1 334/3/1
f 334/3/1 355/3/1 335/3/1
f 355/10/1 356/10/1 335/10/1
f 335/10/1 356/10/1 336/10/1
f 357/7/1 358/7/1 77/7/1
f 77/7/1 358/7/1 82/7/1
f 359/7/1 360/7/1 99/7/1
f 99/7/1 360/7/1 100/7/1
f 361/10/1 362/10/1 351/10/1
f 351/10/1 362/10/1 352/10/1
f 363/3/1 364/3/1 353/3/1
f 353/3/1 364/3/1 354/3/1
f 364/10/1 365/10/1 354/10/1
f 354/10/1 365/10/1 355/10/1
f 366/9/1 367/9/1 305/9/1
f 305/9/1 367/9/1 310/9/1
f 367/1/1 368/1/1 310/1/1
f 310/1/1 368/1/1 313/1/1
f 369/7/1 370/7/1 73/7/1
f 73/7/1 370/7/1 78/7/1
f 371/7/1 372/7/1 97/7/1
f 97/7/1 372/7/1 102/7/1
f 373/3/1 374/3/1 329/3/1
f 329/3/1 374/3/1 330/3/1
f 374/3/1 375/3/1 170/3/1
f 170/3/1 375/3/1 171/3/1
f 376/5/1 377/5/1 361/5/1
f 361/5/1 377/5/1 362/5/1
f 378/10/1 379/10/1 363/10/1
f 363/10/1 379/10/1 364/10/1
f 379/3/1 380/3/1 364/3/1
f 364/3/1 380/3/1 365/3/1
f 381/3/1 382/3/1 191/3/1
f 191/3/1 382/3/1 192/3/1
f 383/7/1 384/7/1 75/7/1
f 75/7/1 384/7/1 76/7/1
f 385/1/1 386/1/1 349/1/1
f 349/1/1 386/1/1 350/1/1
f 387/10/1 388/10/1 376/10/1
f 376/10/1 388/10/1 377/10/1
f 389/3/1 390/3/1 378/3/1
f 378/3/1 390/3/1 379/3/1
f 390/10/1 391/10/1 379/10/1
f 379/10/1 391/10/1 380/10/1
f 392/3/1 393/3/1 254/3/1
f 254/3/1 393/3/1 255/3/1
f 393/3/1 394/3/1 245/3/1
f 245/3/1 394/3/1 246/3/1
f 394/3/1 395/3/1 235/3/1
f 235/3/1 395/3/1 236/3/1
f 395/3/1 396/3/1 222/3/1
f 222/3/1 396/3/1 223/3/1
f 396/3/1 397/3/1 206/3/1
f 206/3/1 397/3/1 207/3/1
f 398/3/1 399/3/1 187/3/1
f 187/3/1 399/3/1 188/3/1
f 399/3/1 400/3/1 210/3/1
f 210/3/1 400/3/1 211/3/1
f 400/3/1 401/3/1 189/3/1
f 189/3/1 401/3/1 190/3/1
f 401/3/1 402/3/1 166/3/1
f 166/3/1 402/3/1 167/3/1
f 403/1/1 404/1/1 366/1/1
f 366/1/1 404/1/1 405/1/1
f 406/5/1 407/5/1 387/5/1
f 387/5/1 407/5/1 388/5/1
f 407/10/1 408/10/1 2/10/1
f 2/10/1 408/10/1 5/10/1
f 408/10/1 409/10/1 389/10/1
f 389/10/1 409/10/1 390/10/1
f 409/3/1 410/3/1 390/3/1
f 390/3/1 410/3/1 391/3/1
f 410/3/1 411/3/1 355/3/1
f 355/3/1 411/3/1 356/3/1
f 411/3/1 412/3/1 286/3/1
f 286/3/1 412/3/1 287/3/1
f 412/3/1 413/3/1 262/3/1
f 262/3/1 413/3/1 263/3/1
f 414/3/1 415/3/1 224/3/1
f 224/3/1 415/3/1 225/3/1
f 415/3/1 416/3/1 208/3/1
f 208/3/1 416/3/1 209/3/1
f 417/3/1 418/3/1 315/3/1
f 315/3/1 418/3/1 316/3/1
f 419/1/1 420/1/1 406/1/1
f 406/1/1 420/1/1 413/1/1
f 421/5/1 422/5/1 419/5/1
f 419/5/1 422/5/1 423/5/1
f 424/9/1 425/9/1 321/9/1
f 321/9/1 425/9/1 322/9/1
f 426/1/1 427/1/1 373/1/1
f 373/1/1 427/1/1 375/1/1
f 428/1/1 429/1/1 421/1/1
f 421/1/1 429/1/1 422/1/1
f 430/9/1 431/9/1 403/9/1
f 403/9/1 431/9/1 404/9/1
f 432/1/1 433/1/1 357/1/1
f 357/1/1 433/1/1 358/1/1
f 434/5/1 435/5/1 428/5/1
f 428/5/1 435/5/1 429/5/1
f 436/9/1 437/9/1 367/9/1
f 367/9/1 437/9/1 438/9/1
f 439/1/1 440/1/1 417/1/1
f 417/1/1 440/1/1 418/1/1
f 441/1/1 442/1/1 424/1/1
f 424/1/1 442/1/1 425/1/1
f 443/9/1 444/9/1 385/9/1
f 385/9/1 444/9/1 386/9/1
f 445/1/1 446/1/1 434/1/1
f 434/1/1 446/1/1 435/1/1
f 447/1/1 448/1/1 430/1/1
f 430/1/1 448/1/1 431/1/1
f 449/5/1 450/5/1 445/5/1
f 445/5/1 450/5/1 446/5/1
f 451/1/1 452/1/1 340/1/1
f 340/1/1 452/1/1 342/1/1
f 453/1/1 454/1/1 436/1/1
f 436/1/1 454/1/1 437/1/1
f 455/1/1 456/1/1 449/1/1
f 449/1/1 456/1/1 450/1/1
f 457/1/1 458/1/1 459/1/1
f 459/1/1 458/1/1 420/1/1
f 458/1/1 460/1/1 392/1/1
f 392/1/1 460/1/1 397/1/1
f 461/1/1 462/1/1 398/1/1
f 398/1/1 462/1/1 402/1/1
f 462/1/1 463/1/1 381/1/1
f 381/1/1 463/1/1 382/1/1
f 464/1/1 465/1/1 302/1/1
f 302/1/1 465/1/1 304/1/1
f 466/1/1 467/1/1 443/1/1
f 443/1/1 467/1/1 444/1/1
f 468/5/1 469/5/1 455/5/1
f 455/5/1 469/5/1 456/5/1
f 469/1/1 470/1/1 423/1/1
f 423/1/1 470/1/1 459/1/1
f 471/1/1 472/1/1 473/1/1
f 473/1/1 472/1/1 460/1/1
f 472/1/1 474/1/1 414/1/1
f 414/1/1 474/1/1 416/1/1
f 475/1/1 476/1/1 337/1/1
f 337/1/1 476/1/1 339/1/1
f 476/1/1 477/1/1 300/1/1
f 300/1/1 477/1/1 302/1/1
f 478/3/1 479/3/1 426/3/1
f 426/3/1 479/3/1 427/3/1
f 480/9/1 481/9/1 468/9/1
f 468/9/1 481/9/1 470/9/1
f 482/9/1 483/9/1 453/9/1
f 453/9/1 483/9/1 454/9/1
f 484/3/1 485/3/1 432/3/1
f 432/3/1 485/3/1 433/3/1
f 486/5/1 487/5/1 480/5/1
f 480/5/1 487/5/1 488/5/1
f 489/9/1 490/9/1 491/9/1
f 491/9/1 490/9/1 367/9/1
f 492/9/1 493/9/1 441/9/1
f 441/9/1 493/9/1 442/9/1
f 494/3/1 495/3/1 496/3/1
f 496/3/1 495/3/1 479/3/1
f 497/9/1 498/9/1 486/9/1
f 486/9/1 498/9/1 487/9/1
f 499/9/1 500/9/1 405/9/1
f 405/9/1 500/9/1 491/9/1
f 501/5/1 502/5/1 497/5/1
f 497/5/1 502/5/1 498/5/1
f 503/9/1 504/9/1 505/9/1
f 505/9/1 504/9/1 473/9/1
f 506/9/1 507/9/1 472/9/1
f 472/9/1 507/9/1 474/9/1
f 507/9/1 508/9/1 461/9/1
f 461/9/1 508/9/1 463/9/1
f 509/9/1 510/9/1 476/9/1
f 476/9/1 510/9/1 477/9/1
f 510/9/1 511/9/1 464/9/1
f 464/9/1 511/9/1 465/9/1
f 512/9/1 513/9/1 447/9/1
f 447/9/1 513/9/1 448/9/1
f 514/3/1 515/3/1 439/3/1
f 439/3/1 515/3/1 440/3/1
f 516/1/1 517/1/1 492/1/1
f 492/1/1 517/1/1 493/1/1
f 518/1/1 519/1/1 501/1/1
f 501/1/1 519/1/1 502/1/1
f 519/9/1 520/9/1 488/9/1
f 488/9/1 520/9/1 481/9/1
f 520/9/1 521/9/1 457/9/1
f 457/9/1 521/9/1 505/9/1
f 522/9/1 523/9/1 524/9/1
f 524/9/1 523/9/1 504/9/1
f 523/9/1 525/9/1 471/9/1
f 471/9/1 525/9/1 472/9/1
f 526/9/1 527/9/1 528/9/1
f 528/9/1 527/9/1 508/9/1
f 527/9/1 529/9/1 475/9/1
f 475/9/1 529/9/1 476/9/1
f 530/9/1 531/9/1 532/9/1
f 532/9/1 531/9/1 511/9/1
f 531/9/1 533/9/1 451/9/1
f 451/9/1 533/9/1 452/9/1
f 534/1/1 535/1/1 484/1/1
f 484/1/1 535/1/1 485/1/1
f 536/3/1 537/3/1 314/3/1
f 314/3/1 537/3/1 315/3/1
f 538/9/1 539/9/1 466/9/1
f 466/9/1 539/9/1 467/9/1
f 540/5/1 541/5/1 518/5/1
f 518/5/1 541/5/1 519/5/1
f 542/1/1 543/1/1 540/1/1
f 540/1/1 543/1/1 541/1/1
f 544/9/1 545/9/1 516/9/1
f 516/9/1 545/9/1 517/9/1
f 546/5/1 547/5/1 542/5/1
f 542/5/1 547/5/1 543/5/1
f 548/1/1 549/1/1 383/1/1
f 383/1/1 549/1/1 384/1/1
f 550/3/1 551/3/1 345/3/1
f 345/3/1 551/3/1 346/3/1
f 552/1/1 553/1/1 544/1/1
f 544/1/1 553/1/1 545/1/1
f 554/1/1 555/1/1 538/1/1
f 538/1/1 555/1/1 539/1/1
f 556/1/1 557/1/1 546/1/1
f 546/1/1 557/1/1 547/1/1
f 558/1/1 559/1/1 494/1/1
f 494/1/1 559/1/1 495/1/1
f 560/5/1 561/5/1 556/5/1
f 556/5/1 561/5/1 557/5/1
f 562/1/1 563/1/1 564/1/1
f 564/1/1 563/1/1 525/1/1
f 563/1/1 565/1/1 506/1/1
f 506/1/1 565/1/1 528/1/1
f 566/1/1 567/1/1 489/1/1
f 489/1/1 567/1/1 490/1/1
f 567/1/1 568/1/1 482/1/1
f 482/1/1 568/1/1 483/1/1
f 569/1/1 570/1/1 571/1/1
f 571/1/1 570/1/1 368/1/1
f 570/1/1 572/1/1 343/1/1
f 343/1/1 572/1/1 344/1/1
f 572/1/1 573/1/1 369/1/1
f 369/1/1 573/1/1 370/1/1
f 574/9/1 575/9/1 552/9/1
f 552/9/1 575/9/1 553/9/1
f 576/1/1 577/1/1 478/1/1
f 478/1/1 577/1/1 496/1/1
f 578/1/1 579/1/1 560/1/1
f 560/1/1 579/1/1 561/1/1
f 579/1/1 580/1/1 519/1/1
f 519/1/1 580/1/1 521/1/1
f 580/1/1 581/1/1 503/1/1
f 503/1/1 581/1/1 524/1/1
f 581/1/1 582/1/1 522/1/1
f 522/1/1 582/1/1 564/1/1
f 583/1/1 584/1/1 585/1/1
f 585/1/1 584/1/1 565/1/1
f 584/1/1 586/1/1 526/1/1
f 526/1/1 586/1/1 529/1/1
f 586/1/1 587/1/1 509/1/1
f 509/1/1 587/1/1 532/1/1
f 587/1/1 588/1/1 530/1/1
f 530/1/1 588/1/1 533/1/1
f 588/1/1 589/1/1 512/1/1
f 512/1/1 589/1/1 513/1/1
f 589/1/1 590/1/1 499/1/1
f 499/1/1 590/1/1 500/1/1
f 591/1/1 592/1/1 438/1/1
f 438/1/1 592/1/1 571/1/1
f 593/3/1 594/3/1 548/3/1
f 548/3/1 594/3/1 549/3/1
f 594/3/1 595/3/1 534/3/1
f 534/3/1 595/3/1 535/3/1
f 596/5/1 597/5/1 578/5/1
f 578/5/1 597/5/1 579/5/1
f 598/3/1 599/3/1 569/3/1
f 569/3/1 599/3/1 573/3/1
f 600/1/1 601/1/1 574/1/1
f 574/1/1 601/1/1 575/1/1
f 602/9/1 603/9/1 554/9/1
f 554/9/1 603/9/1 555/9/1
f 604/10/1 605/10/1 596/10/1
f 596/10/1 605/10/1 597/10/1
f 605/10/1 606/10/1 579/10/1
f 579/10/1 606/10/1 607/10/1
f 606/3/1 608/3/1 607/3/1
f 607/3/1 608/3/1 582/3/1
f 608/3/1 609/3/1 562/3/1
f 562/3/1 609/3/1 585/3/1
f 610/3/1 611/3/1 612/3/1
f 612/3/1 611/3/1 590/3/1
f 611/3/1 613/3/1 566/3/1
f 566/3/1 613/3/1 568/3/1
f 613/3/1 614/3/1 591/3/1
f 591/3/1 614/3/1 592/3/1
f 615/3/1 616/3/1 576/3/1
f 576/3/1 616/3/1 577/3/1
f 617/5/1 618/5/1 604/5/1
f 604/5/1 618/5/1 605/5/1
f 619/3/1 620/3/1 622/3/1
f 622/3/1 620/3/1 621/3/1
f 623/3/1 624/3/1 583/3/1
f 583/3/1 624/3/1 612/3/1
f 625/9/1 626/9/1 323/9/1
f 323/9/1 626/9/1 324/9/1
f 627/3/1 628/3/1 558/3/1
f 558/3/1 628/3/1 559/3/1
f 629/1/1 630/1/1 617/1/1
f 617/1/1 630/1/1 618/1/1
f 631/1/1 632/1/1 320/1/1
f 320/1/1 632/1/1 321/1/1
f 633/5/1 634/5/1 629/5/1
f 629/5/1 634/5/1 630/5/1
f 635/1/1 636/1/1 319/1/1
f 319/1/1 636/1/1 320/1/1
f 637/9/1 638/9/1 347/9/1
f 347/9/1 638/9/1 348/9/1
f 639/1/1 640/1/1 633/1/1
f 633/1/1 640/1/1 634/1/1
f 641/1/1 642/1/1 317/1/1
f 317/1/1 642/1/1 319/1/1
f 643/5/1 644/5/1 639/5/1
f 639/5/1 644/5/1 640/5/1
f 645/1/1 646/1/1 514/1/1
f 514/1/1 646/1/1 515/1/1
f 646/1/1 647/1/1 316/1/1
f 316/1/1 647/1/1 317/1/1
f 648/9/1 649/9/1 359/9/1
f 359/9/1 649/9/1 360/9/1
f 650/1/1 651/1/1 627/1/1
f 627/1/1 651/1/1 628/1/1
f 652/1/1 653/1/1 643/1/1
f 643/1/1 653/1/1 644/1/1
f 653/1/1 654/1/1 605/1/1
f 605/1/1 654/1/1 622/1/1
f 655/1/1 656/1/1 621/1/1
f 621/1/1 656/1/1 609/1/1
f 656/1/1 657/1/1 623/1/1
f 623/1/1 657/1/1 624/1/1
f 658/1/1 659/1/1 660/1/1
f 660/1/1 659/1/1 614/1/1
f 659/1/1 661/1/1 598/1/1
f 598/1/1 661/1/1 599/1/1
f 662/1/1 663/1/1 550/1/1
f 550/1/1 663/1/1 551/1/1
f 663/1/1 664/1/1 536/1/1
f 536/1/1 664/1/1 537/1/1
f 665/5/1 666/5/1 652/5/1
f 652/5/1 666/5/1 653/5/1
f 667/1/1 668/1/1 619/1/1
f 619/1/1 668/1/1 620/1/1
f 669/1/1 670/1/1 672/1/1
f 672/1/1 670/1/1 671/1/1
f 673/1/1 674/1/1 675/1/1
f 675/1/1 674/1/1 657/1/1
f 674/1/1 676/1/1 610/1/1
f 610/1/1 676/1/1 660/1/1
f 677/1/1 678/1/1 680/1/1
f 680/1/1 678/1/1 679/1/1
f 681/1/1 682/1/1 683/1/1
f 683/1/1 682/1/1 661/1/1
f 682/1/1 684/1/1 593/1/1
f 593/1/1 684/1/1 595/1/1
f 685/9/1 686/9/1 371/9/1
f 371/9/1 686/9/1 372/9/1
f 687/9/1 688/9/1 665/9/1
f 665/9/1 688/9/1 666/9/1
f 689/9/1 690/9/1 631/9/1
f 631/9/1 690/9/1 632/9/1
f 690/9/1 691/9/1 600/9/1
f 600/9/1 691/9/1 601/9/1
f 692/1/1 693/1/1 615/1/1
f 615/1/1 693/1/1 616/1/1
f 694/5/1 695/5/1 687/5/1
f 687/5/1 695/5/1 688/5/1
f 696/9/1 697/9/1 698/9/1
f 698/9/1 697/9/1 642/9/1
f 697/9/1 699/9/1 635/9/1
f 635/9/1 699/9/1 636/9/1
f 700/9/1 701/9/1 694/9/1
f 694/9/1 701/9/1 695/9/1
f 702/9/1 703/9/1 646/9/1
f 646/9/1 703/9/1 647/9/1
f 703/9/1 704/9/1 641/9/1
f 641/9/1 704/9/1 698/9/1
f 705/1/1 706/1/1 292/1/1
f 292/1/1 706/1/1 293/1/1
f 707/5/1 708/5/1 700/5/1
f 700/5/1 708/5/1 701/5/1
f 708/9/1 709/9/1 653/9/1
f 653/9/1 709/9/1 654/9/1
f 710/9/1 711/9/1 712/9/1
f 712/9/1 711/9/1 672/9/1
f 713/9/1 714/9/1 715/9/1
f 715/9/1 714/9/1 675/9/1
f 714/9/1 716/9/1 673/9/1
f 673/9/1 716/9/1 676/9/1
f 717/9/1 718/9/1 719/9/1
f 719/9/1 718/9/1 680/9/1
f 718/9/1 720/9/1 677/9/1
f 677/9/1 720/9/1 678/9/1
f 721/9/1 722/9/1 682/9/1
f 682/9/1 722/9/1 684/9/1
f 723/9/1 724/9/1 663/9/1
f 663/9/1 724/9/1 664/9/1
f 724/9/1 725/9/1 645/9/1
f 645/9/1 725/9/1 646/9/1
f 726/1/1 727/1/1 707/1/1
f 707/1/1 727/1/1 728/1/1
f 727/9/1 729/9/1 728/9/1
f 728/9/1 729/9/1 709/9/1
f 729/9/1 730/9/1 667/9/1
f 667/9/1 730/9/1 668/9/1
f 730/9/1 731/9/1 655/9/1
f 655/9/1 731/9/1 712/9/1
f 732/9/1 733/9/1 669/9/1
f 669/9/1 733/9/1 670/9/1
f 733/9/1 734/9/1 671/9/1
f 671/9/1 734/9/1 715/9/1
f 735/9/1 736/9/1 737/9/1
f 737/9/1 736/9/1 716/9/1
f 736/9/1 738/9/1 658/9/1
f 658/9/1 738/9/1 719/9/1
f 739/9/1 740/9/1 741/9/1
f 741/9/1 740/9/1 720/9/1
f 740/9/1 742/9/1 679/9/1
f 679/9/1 742/9/1 683/9/1
f 742/9/1 743/9/1 681/9/1
f 681/9/1 743/9/1 682/9/1
f 744/9/1 745/9/1 662/9/1
f 662/9/1 745/9/1 663/9/1
f 746/1/1 747/1/1 327/1/1
f 327/1/1 747/1/1 328/1/1
f 748/5/1 749/5/1 726/5/1
f 726/5/1 749/5/1 750/5/1
f 751/1/1 752/1/1 748/1/1
f 748/1/1 752/1/1 749/1/1
f 753/1/1 754/1/1 326/1/1
f 326/1/1 754/1/1 327/1/1
f 755/5/1 756/5/1 751/5/1
f 751/5/1 756/5/1 752/5/1
f 757/1/1 758/1/1 290/1/1
f 290/1/1 758/1/1 291/1/1
f 759/1/1 760/1/1 755/1/1
f 755/1/1 760/1/1 756/1/1
f 761/1/1 762/1/1 288/1/1
f 288/1/1 762/1/1 290/1/1
f 763/5/1 764/5/1 759/5/1
f 759/5/1 764/5/1 760/5/1
f 765/1/1 766/1/1 625/1/1
f 625/1/1 766/1/1 626/1/1
f 766/1/1 767/1/1 602/1/1
f 602/1/1 767/1/1 603/1/1
f 768/1/1 769/1/1 763/1/1
f 763/1/1 769/1/1 764/1/1
f 770/1/1 771/1/1 727/1/1
f 727/1/1 771/1/1 731/1/1
f 772/1/1 773/1/1 713/1/1
f 713/1/1 773/1/1 737/1/1
f 773/1/1 774/1/1 735/1/1
f 735/1/1 774/1/1 738/1/1
f 775/1/1 776/1/1 777/1/1
f 777/1/1 776/1/1 743/1/1
f 778/1/1 779/1/1 697/1/1
f 697/1/1 779/1/1 699/1/1
f 779/1/1 780/1/1 689/1/1
f 689/1/1 780/1/1 691/1/1
f 780/1/1 781/1/1 685/1/1
f 685/1/1 781/1/1 686/1/1
f 781/1/1 782/1/1 648/1/1
f 648/1/1 782/1/1 649/1/1
f 782/1/1 783/1/1 637/1/1
f 637/1/1 783/1/1 638/1/1
f 784/5/1 785/5/1 768/5/1
f 768/5/1 785/5/1 769/5/1
f 785/1/1 786/1/1 750/1/1
f 750/1/1 786/1/1 727/1/1
f 786/3/1 787/3/1 770/3/1
f 770/3/1 787/3/1 788/3/1
f 787/10/1 789/10/1 788/10/1
f 788/10/1 789/10/1 790/10/1
f 791/1/1 792/1/1 793/1/1
f 793/1/1 792/1/1 771/1/1
f 794/1/1 795/1/1 796/1/1
f 796/1/1 795/1/1 734/1/1
f 797/1/1 798/1/1 799/1/1
f 799/1/1 798/1/1 774/1/1
f 800/1/1 801/1/1 802/1/1
f 802/1/1 801/1/1 777/1/1
f 803/1/1 804/1/1 805/1/1
f 805/1/1 804/1/1 776/1/1
f 806/1/1 807/1/1 696/1/1
f 696/1/1 807/1/1 697/1/1
f 808/1/1 809/1/1 810/1/1
f 810/1/1 809/1/1 780/1/1
f 811/10/1 812/10/1 784/10/1
f 784/10/1 812/10/1 787/10/1
f 812/3/1 813/3/1 787/3/1
f 787/3/1 813/3/1 789/3/1
f 814/1/1 815/1/1 710/1/1
f 710/1/1 815/1/1 711/1/1
f 815/1/1 816/1/1 732/1/1
f 732/1/1 816/1/1 796/1/1
f 817/1/1 818/1/1 819/1/1
f 819/1/1 818/1/1 798/1/1
f 818/1/1 820/1/1 717/1/1
f 717/1/1 820/1/1 741/1/1
f 820/1/1 821/1/1 739/1/1
f 739/1/1 821/1/1 802/1/1
f 822/1/1 823/1/1 721/1/1
f 721/1/1 823/1/1 722/1/1
f 823/1/1 824/1/1 744/1/1
f 744/1/1 824/1/1 745/1/1
f 824/1/1 825/1/1 723/1/1
f 723/1/1 825/1/1 725/1/1
f 825/1/1 826/1/1 702/1/1
f 702/1/1 826/1/1 704/1/1
f 827/5/1 828/5/1 811/5/1
f 811/5/1 828/5/1 829/5/1
f 828/10/1 830/10/1 829/10/1
f 829/10/1 830/10/1 831/10/1
f 830/3/1 832/3/1 831/3/1
f 831/3/1 832/3/1 812/3/1
f 832/10/1 833/10/1 812/10/1
f 812/10/1 833/10/1 813/10/1
f 833/3/1 834/3/1 790/3/1
f 790/3/1 834/3/1 793/3/1
f 834/3/1 835/3/1 791/3/1
f 791/3/1 835/3/1 792/3/1
f 835/3/1 836/3/1 814/3/1
f 814/3/1 836/3/1 816/3/1
f 836/3/1 837/3/1 794/3/1
f 794/3/1 837/3/1 795/3/1
f 837/3/1 838/3/1 772/3/1
f 772/3/1 838/3/1 799/3/1
f 838/3/1 839/3/1 797/3/1
f 797/3/1 839/3/1 819/3/1
f 839/3/1 840/3/1 817/3/1
f 817/3/1 840/3/1 821/3/1
f 840/3/1 841/3/1 800/3/1
f 800/3/1 841/3/1 801/3/1
f 841/3/1 842/3/1 775/3/1
f 775/3/1 842/3/1 805/3/1
f 842/3/1 843/3/1 803/3/1
f 803/3/1 843/3/1 804/3/1
f 843/3/1 844/3/1 822/3/1
f 822/3/1 844/3/1 826/3/1
f 844/3/1 845/3/1 806/3/1
f 806/3/1 845/3/1 807/3/1
f 845/3/1 846/3/1 778/3/1
f 778/3/1 846/3/1 810/3/1
f 846/3/1 847/3/1 808/3/1
f 808/3/1 847/3/1 809/3/1
f 847/3/1 848/3/1 780/3/1
f 780/3/1 848/3/1 783/3/1
f 848/3/1 849/3/1 765/3/1
f 765/3/1 849/3/1 767/3/1
f 849/3/1 850/3/1 761/3/1
f 761/3/1 850/3/1 762/3/1
f 850/3/1 851/3/1 757/3/1
f 757/3/1 851/3/1 758/3/1
f 851/3/1 852/3/1 753/3/1
f 753/3/1 852/3/1 754/3/1
f 852/3/1 853/3/1 746/3/1
f 746/3/1 853/3/1 747/3/1
f 853/3/1 854/3/1 705/3/1
f 705/3/1 854/3/1 706/3/1
f 854/3/1 855/3/1 692/3/1
f 692/3/1 855/3/1 693/3/1
f 855/3/1 856/3/1 650/3/1
f 650/3/1 856/3/1 651/3/1
f 856/3/1 857/3/1 193/3/1
f 193/3/1 857/3/1 194/3/1
f 858/2/2 859/2/2 861/2/2
f 861/2/2 859/2/2 860/2/2
f 862/2/3 859/2/3 863/2/3
f 863/2/3 859/2/3 858/2/3
f 864/8/3 862/8/3 865/8/3
f 865/8/3 862/8/3 863/8/3
f 866/2/3 864/2/3 867/2/3
f 867/2/3 864/2/3 865/2/3
f 868/8/3 866/8/3 869/8/3
f 869/8/3 866/8/3 867/8/3
f 870/2/3 868/2/3 871/2/3
f 871/2/3 868/2/3 869/2/3
f 872/6/3 870/6/3 873/6/3
f 873/6/3 870/6/3 871/6/3
f 874/2/3 872/2/3 875/2/3
f 875/2/3 872/2/3 873/2/3
f 876/6/3 874/6/3 877/6/3
f 877/6/3 874/6/3 875/6/3
f 878/2/3 876/2/3 879/2/3
f 879/2/3 876/2/3 877/2/3
f 880/10/3 881/10/3 882/10/3
f 882/10/3 881/10/3 879/10/3
f 4/10/3 878/10/3 1/10/3
f 1/10/3 878/10/3 881/10/3
f 1/5/3 880/5/3 127/5/3
f 127/5/3 880/5/3 883/5/3
f 127/10/3 883/10/3 149/10/3
f 149/10/3 883/10/3 884/10/3
f 149/5/3 884/5/3 173/5/3
f 173/5/3 884/5/3 885/5/3
f 173/10/3 885/10/3 195/10/3
f 195/10/3 885/10/3 886/10/3
f 195/5/3 886/5/3 212/5/3
f 212/5/3 886/5/3 887/5/3
f 212/10/3 887/10/3 226/10/3
f 226/10/3 887/10/3 888/10/3
f 226/5/3 888/5/3 237/5/3
f 237/5/3 888/5/3 889/5/3
f 237/10/3 889/10/3 247/10/3
f 247/10/3 889/10/3 890/10/3
f 247/5/3 890/5/3 256/5/3
f 256/5/3 890/5/3 891/5/3
f 256/10/3 891/10/3 267/10/3
f 267/10/3 891/10/3 892/10/3
f 267/5/3 892/5/3 274/5/3
f 274/5/3 892/5/3 893/5/3
f 274/10/3 893/10/3 281/10/3
f 281/10/3 893/10/3 894/10/3
f 281/5/3 894/5/3 294/5/3
f 294/5/3 894/5/3 895/5/3
f 294/10/3 895/10/3 331/10/3
f 331/10/3 895/10/3 896/10/3
f 331/5/3 896/5/3 351/5/3
f 351/5/3 896/5/3 897/5/3
f 351/10/3 897/10/3 361/10/3
f 361/10/3 897/10/3 898/10/3
f 361/5/3 898/5/3 376/5/3
f 376/5/3 898/5/3 899/5/3
f 376/10/3 899/10/3 387/10/3
f 387/10/3 899/10/3 900/10/3
f 387/5/3 900/5/3 406/5/3
f 406/5/3 900/5/3 901/5/3
f 406/1/3 901/1/3 419/1/3
f 419/1/3 901/1/3 902/1/3
f 419/5/3 902/5/3 421/5/3
f 421/5/3 902/5/3 903/5/3
f 421/1/3 903/1/3 428/1/3
f 428/1/3 903/1/3 904/1/3
f 428/5/3 904/5/3 434/5/3
f 434/5/3 904/5/3 905/5/3
f 434/1/3 905/1/3 445/1/3
f 445/1/3 905/1/3 906/1/3
f 445/5/3 906/5/3 449/5/3
f 449/5/3 906/5/3 907/5/3
f 449/1/3 907/1/3 455/1/3
f 455/1/3 907/1/3 908/1/3
f 455/5/3 908/5/3 468/5/3
f 468/5/3 908/5/3 909/5/3
f 468/9/3 909/9/3 480/9/3
f 480/9/3 909/9/3 910/9/3
f 480/5/3 910/5/3 486/5/3
f 486/5/3 910/5/3 911/5/3
f 486/9/3 911/9/3 497/9/3
f 497/9/3 911/9/3 912/9/3
f 497/5/3 912/5/3 501/5/3
f 501/5/3 912/5/3 913/5/3
f 501/1/3 913/1/3 518/1/3
f 518/1/3 913/1/3 914/1/3
f 518/5/3 914/5/3 540/5/3
f 540/5/3 914/5/3 915/5/3
f 540/1/3 915/1/3 542/1/3
f 542/1/3 915/1/3 916/1/3
f 542/5/3 916/5/3 546/5/3
f 546/5/3 916/5/3 917/5/3
f 546/1/3 917/1/3 556/1/3
f 556/1/3 917/1/3 918/1/3
f 556/5/3 918/5/3 560/5/3
f 560/5/3 918/5/3 919/5/3
f 560/1/3 919/1/3 578/1/3
f 578/1/3 919/1/3 920/1/3
f 578/5/3 920/5/3 596/5/3
f 596/5/3 920/5/3 921/5/3
f 596/10/3 921/10/3 604/10/3
f 604/10/3 921/10/3 922/10/3
f 604/5/3 922/5/3 617/5/3
f 617/5/3 922/5/3 923/5/3
f 617/1/3 923/1/3 629/1/3
f 629/1/3 923/1/3 924/1/3
f 629/5/3 924/5/3 633/5/3
f 633/5/3 924/5/3 925/5/3
f 633/1/3 925/1/3 639/1/3
f 639/1/3 925/1/3 926/1/3
f 639/5/3 926/5/3 643/5/3
f 643/5/3 926/5/3 927/5/3
f 643/1/3 927/1/3 652/1/3
f 652/1/3 927/1/3 928/1/3
f 652/5/3 928/5/3 665/5/3
f 665/5/3 928/5/3 929/5/3
f 665/9/3 929/9/3 687/9/3
f 687/9/3 929/9/3 930/9/3
f 687/5/3 930/5/3 694/5/3
f 694/5/3 930/5/3 931/5/3
f 694/9/3 931/9/3 700/9/3
f 700/9/3 931/9/3 932/9/3
f 700/5/3 932/5/3 707/5/3
f 707/5/3 932/5/3 933/5/3
f 707/1/3 933/1/3 726/1/3
f 726/1/3 933/1/3 934/1/3
f 726/5/3 934/5/3 748/5/3
f 748/5/3 934/5/3 935/5/3
f 748/1/3 935/1/3 751/1/3
f 751/1/3 935/1/3 936/1/3
f 751/5/3 936/5/3 755/5/3
f 755/5/3 936/5/3 937/5/3
f 755/1/3 937/1/3 759/1/3
f 759/1/3 937/1/3 938/1/3
f 759/5/3 938/5/3 763/5/3
f 763/5/3 938/5/3 939/5/3
f 763/1/3 939/1/3 768/1/3
f 768/1/3 939/1/3 940/1/3
f 768/5/3 940/5/3 784/5/3
f 784/5/3 940/5/3 941/5/3
f 784/10/3 941/10/3 811/10/3
f 811/10/3 941/10/3 942/10/3
f 811/5/3 942/5/3 827/5/3
f 827/5/3 942/5/3 882/5/3
f 943/10/4 944/10/4 3/10/4
f 3/10/4 944/10/4 4/10/4
f 945/5/4 943/5/4 6/5/4
f 6/5/4 943/5/4 3/5/4
f 946/10/4 945/10/4 10/10/4
f 10/10/4 945/10/4 6/10/4
f 947/5/4 946/5/4 9/5/4
f 9/5/4 946/5/4 10/5/4
f 948/10/4 947/10/4 14/10/4
f 14/10/4 947/10/4 9/10/4
f 949/5/4 948/5/4 13/5/4
f 13/5/4 948/5/4 14/5/4
f 950/10/4 949/10/4 18/10/4
f 18/10/4 949/10/4 13/10/4
f 951/5/4 950/5/4 17/5/4
f 17/5/4 950/5/4 18/5/4
f 952/10/4 951/10/4 22/10/4
f 22/10/4 951/10/4 17/10/4
f 953/5/4 952/5/4 21/5/4
f 21/5/4 952/5/4 22/5/4
f 954/10/4 953/10/4 26/10/4
f 26/10/4 953/10/4 21/10/4
f 955/5/4 954/5/4 25/5/4
f 25/5/4 954/5/4 26/5/4
f 956/10/4 955/10/4 30/10/4
f 30/10/4 955/10/4 25/10/4
f 957/5/4 956/5/4 29/5/4
f 29/5/4 956/5/4 30/5/4
f 958/10/4 957/10/4 34/10/4
f 34/10/4 957/10/4 29/10/4
f 959/5/4 958/5/4 33/5/4
f 33/5/4 958/5/4 34/5/4
f 960/10/4 959/10/4 38/10/4
f 38/10/4 959/10/4 33/10/4
f 961/5/4 960/5/4 37/5/4
f 37/5/4 960/5/4 38/5/4
f 962/10/4 961/10/4 42/10/4
f 42/10/4 961/10/4 37/10/4
f 963/5/4 962/5/4 41/5/4
f 41/5/4 962/5/4 42/5/4
f 964/4/4 963/4/4 46/4/4
f 46/4/4 963/4/4 41/4/4
f 965/5/4 964/5/4 45/5/4
f 45/5/4 964/5/4 46/5/4
f 966/7/4 965/7/4 50/7/4
f 50/7/4 965/7/4 45/7/4
f 967/5/4 966/5/4 49/5/4
f 49/5/4 966/5/4 50/5/4
f 968/7/4 967/7/4 54/7/4
f 54/7/4 967/7/4 49/7/4
f 969/5/4 968/5/4 53/5/4
f 53/5/4 968/5/4 54/5/4
f 970/7/4 969/7/4 58/7/4
f 58/7/4 969/7/4 53/7/4
f 971/5/4 970/5/4 57/5/4
f 57/5/4 970/5/4 58/5/4
f 972/7/4 971/7/4 62/7/4
f 62/7/4 971/7/4 57/7/4
f 973/5/4 972/5/4 61/5/4
f 61/5/4 972/5/4 62/5/4
f 974/7/4 973/7/4 66/7/4
f 66/7/4 973/7/4 61/7/4
f 975/5/4 974/5/4 65/5/4
f 65/5/4 974/5/4 66/5/4
f 976/7/4 975/7/4 70/7/4
f 70/7/4 975/7/4 65/7/4
f 977/5/4 976/5/4 69/5/4
f 69/5/4 976/5/4 70/5/4
f 978/7/4 977/7/4 74/7/4
f 74/7/4 977/7/4 69/7/4
f 979/5/4 978/5/4 73/5/4
f 73/5/4 978/5/4 74/5/4
f 980/7/4 979/7/4 78/7/4
f 78/7/4 979/7/4 73/7/4
f 981/5/4 980/5/4 77/5/4
f 77/5/4 980/5/4 78/5/4
f 982/7/4 981/7/4 82/7/4
f 82/7/4 981/7/4 77/7/4
f 983/5/4 982/5/4 81/5/4
f 81/5/4 982/5/4 82/5/4
f 984/4/4 983/4/4 86/4/4
f 86/4/4 983/4/4 81/4/4
f 985/5/4 984/5/4 85/5/4
f 85/5/4 984/5/4 86/5/4
f 986/7/4 985/7/4 90/7/4
f 90/7/4 985/7/4 85/7/4
f 987/5/4 986/5/4 89/5/4
f 89/5/4 986/5/4 90/5/4
f 988/7/4 987/7/4 94/7/4
f 94/7/4 987/7/4 89/7/4
f 989/5/4 988/5/4 93/5/4
f 93/5/4 988/5/4 94/5/4
f 990/7/4 989/7/4 98/7/4
f 98/7/4 989/7/4 93/7/4
f 991/5/4 990/5/4 97/5/4
f 97/5/4 990/5/4 98/5/4
f 992/7/4 991/7/4 102/7/4
f 102/7/4 991/7/4 97/7/4
f 993/5/4 992/5/4 101/5/4
f 101/5/4 992/5/4 102/5/4
f 994/7/4 993/7/4 106/7/4
f 106/7/4 993/7/4 101/7/4
f 995/5/4 994/5/4 105/5/4
f 105/5/4 994/5/4 106/5/4
f 996/7/4 995/7/4 110/7/4
f 110/7/4 995/7/4 105/7/4
f 997/5/4 996/5/4 109/5/4
f 109/5/4 996/5/4 110/5/4
f 998/7/4 997/7/4 114/7/4
f 114/7/4 997/7/4 109/7/4
f 999/5/4 998/5/4 113/5/4
f 113/5/4 998/5/4 114/5/4
f 1000/7/4 999/7/4 118/7/4
f 118/7/4 999/7/4 113/7/4
f 1001/5/4 1000/5/4 117/5/4
f 117/5/4 1000/5/4 118/5/4
f 1002/4/4 1001/4/4 122/4/4
f 122/4/4 1001/4/4 117/4/4
f 1003/5/4 1002/5/4 121/5/4
f 121/5/4 1002/5/4 122/5/4
f 1004/10/4 1003/10/4 126/10/4
f 126/10/4 1003/10/4 121/10/4
f 860/2/4 859/2/4 1005/2/4
f 1005/2/4 859/2/4 862/2/4
f 1005/8/4 862/8/4 1006/8/4
f 1006/8/4 862/8/4 864/8/4
f 1006/2/4 864/2/4 1007/2/4
f 1007/2/4 864/2/4 866/2/4
f 1007/8/4 866/8/4 1008/8/4
f 1008/8/4 866/8/4 868/8/4
f 1008/2/4 868/2/4 1009/2/4
f 1009/2/4 868/2/4 870/2/4
f 1009/6/4 870/6/4 1010/6/4
f 1010/6/4 870/6/4 872/6/4
f 1010/2/4 872/2/4 1011/2/4
f 1011/2/4 872/2/4 874/2/4
f 1011/6/4 874/6/4 1012/6/4
f 1012/6/4 874/6/4 876/6/4
f 1012/2/4 876/2/4 1013/2/4
f 1013/2/4 876/2/4 878/2/4
f 1013/10/4 878/10/4 1014/10/4
f 1014/10/4 878/10/4 944/10/4
f 1014/5/4 1004/5/4 125/5/4
f 125/5/4 1004/5/4 126/5/4
f 1015/5/1 1016/5/1 1018/5/1
f 1018/5/1 1016/5/1 1017/5/1
f 1019/5/1 1020/5/1 1022/5/1
f 1022/5/1 1020/5/1 1021/5/1
f 1023/5/1 1024/5/1 1026/5/1
f 1026/5/1 1024/5/1 1025/5/1
f 1027/5/1 1028/5/1 1030/5/1
f 1030/5/1 1028/5/1 1029/5/1
f 1031/5/1 1032/5/1 1034/5/1
f 1034/5/1 1032/5/1 1033/5/1
f 1035/5/1 1036/5/1 1038/5/1
f 1038/5/1 1036/5/1 1037/5/1
f 1039/5/1 1040/5/1 1042/5/1
f 1042/5/1 1040/5/1 1041/5/1
f 1043/5/1 1044/5/1 1046/5/1
f 1046/5/1 1044/5/1 1045/5/1
f 1047/5/1 1048/5/1 1050/5/1
f 1050/5/1 1048/5/1 1049/5/1
f 1051/10/1 1052/10/1 1015/10/1
f 1015/10/1 1052/10/1 1016/10/1
f 1053/10/1 1054/10/1 1019/10/1
f 1019/10/1 1054/10/1 1020/10/1
f 1055/10/1 1056/10/1 1023/10/1
f 1023/10/1 1056/10/1 1024/10/1
f 1057/10/1 1058/10/1 1027/10/1
f 1027/10/1 1058/10/1 1028/10/1
f 1059/10/1 1060/10/1 1031/10/1
f 1031/10/1 1060/10/1 1032/10/1
f 1061/10/1 1062/10/1 1035/10/1
f 1035/10/1 1062/10/1 1036/10/1
f 1063/10/1 1064/10/1 1039/10/1
f 1039/10/1 1064/10/1 1040/10/1
f 1065/10/1 1066/10/1 1043/10/1
f 1043/10/1 1066/10/1 1044/10/1
f 1067/10/1 1068/10/1 1047/10/1
f 1047/10/1 1068/10/1 1048/10/1
f 172/10/1 1069/10/1 125/10/1
f 125/10/1 1069/10/1 1018/10/1
f 1069/3/1 1070/3/1 1051/3/1
f 1051/3/1 1070/3/1 1052/3/1
f 1070/10/1 1071/10/1 1017/10/1
f 1017/10/1 1071/10/1 1022/10/1
f 1071/3/1 1072/3/1 1053/3/1
f 1053/3/1 1072/3/1 1054/3/1
f 1072/10/1 1073/10/1 1021/10/1
f 1021/10/1 1073/10/1 1026/10/1
f 1073/3/1 1074/3/1 1055/3/1
f 1055/3/1 1074/3/1 1056/3/1
f 1074/10/1 1075/10/1 1025/10/1
f 1025/10/1 1075/10/1 1030/10/1
f 1075/3/1 1076/3/1 1057/3/1
f 1057/3/1 1076/3/1 1058/3/1
f 1076/10/1 1077/10/1 1029/10/1
f 1029/10/1 1077/10/1 1034/10/1
f 1077/3/1 1078/3/1 1059/3/1
f 1059/3/1 1078/3/1 1060/3/1
f 1078/10/1 1079/10/1 1033/10/1
f 1033/10/1 1079/10/1 1038/10/1
f 1079/3/1 1080/3/1 1061/3/1
f 1061/3/1 1080/3/1 1062/3/1
f 1080/10/1 1081/10/1 1037/10/1
f 1037/10/1 1081/10/1 1042/10/1
f 1081/3/1 1082/3/1 1063/3/1
f 1063/3/1 1082/3/1 1064/3/1
f 1082/10/1 1083/10/1 1041/10/1
f 1041/10/1 1083/10/1 1046/10/1
f 1083/3/1 1084/3/1 1065/3/1
f 1065/3/1 1084/3/1 1066/3/1
f 1085/5/1 1086/5/1 1067/5/1
f 1067/5/1 1086/5/1 1068/5/1
f 1087/10/1 1088/10/1 1069/10/1
f 1069/10/1 1088/10/1 1070/10/1
f 1088/3/1 1089/3/1 1070/3/1
f 1070/3/1 1089/3/1 1071/3/1
f 1089/10/1 1090/10/1 1071/10/1
f 1071/10/1 1090/10/1 1072/10/1
f 1090/3/1 1091/3/1 1072/3/1
f 1072/3/1 1091/3/1 1073/3/1
f 1091/10/1 1092/10/1 1073/10/1
f 1073/10/1 1092/10/1 1074/10/1
f 1092/3/1 1093/3/1 1074/3/1
f 1074/3/1 1093/3/1 1075/3/1
f 1093/10/1 1094/10/1 1075/10/1
f 1075/10/1 1094/10/1 1076/10/1
f 1094/3/1 1095/3/1 1076/3/1
f 1076/3/1 1095/3/1 1077/3/1
f 1095/10/1 1096/10/1 1077/10/1
f 1077/10/1 1096/10/1 1078/10/1
f 1096/3/1 1097/3/1 1078/3/1
f 1078/3/1 1097/3/1 1079/3/1
f 1097/10/1 1098/10/1 1079/10/1
f 1079/10/1 1098/10/1 1080/10/1
f 1098/3/1 1099/3/1 1080/3/1
f 1080/3/1 1099/3/1 1081/3/1
f 1099/10/1 1100/10/1 1081/10/1
f 1081/10/1 1100/10/1 1082/10/1
f 1100/3/1 1101/3/1 1082/3/1
f 1082/3/1 1101/3/1 1083/3/1
f 1101/10/1 1102/10/1 1083/10/1
f 1083/10/1 1102/10/1 1084/10/1
f 1103/10/1 1104/10/1 1085/10/1
f 1085/10/1 1104/10/1 1086/10/1
f 1105/10/1 1106/10/1 1088/10/1
f 1088/10/1 1106/10/1 1089/10/1
f 1107/10/1 1108/10/1 1090/10/1
f 1090/10/1 1108/10/1 1091/10/1
f 1108/3/1 1109/3/1 1091/3/1
f 1091/3/1 1109/3/1 1092/3/1
f 1109/10/1 1110/10/1 1092/10/1
f 1092/10/1 1110/10/1 1093/10/1
f 1110/3/1 1111/3/1 1093/3/1
f 1093/3/1 1111/3/1 1094/3/1
f 1111/10/1 1112/10/1 1094/10/1
f 1094/10/1 1112/10/1 1095/10/1
f 1112/3/1 1113/3/1 1095/3/1
f 1095/3/1 1113/3/1 1096/3/1
f 1113/10/1 1114/10/1 1096/10/1
f 1096/10/1 1114/10/1 1097/10/1
f 1114/3/1 1115/3/1 1097/3/1
f 1097/3/1 1115/3/1 1098/3/1
f 1115/10/1 1116/10/1 1098/10/1
f 1098/10/1 1116/10/1 1099/10/1
f 1116/3/1 1117/3/1 1099/3/1
f 1099/3/1 1117/3/1 1100/3/1
f 1117/10/1 1118/10/1 1100/10/1
f 1100/10/1 1118/10/1 1101/10/1
f 1118/3/1 1119/3/1 1101/3/1
f 1101/3/1 1119/3/1 1102/3/1
f 1120/5/1 1121/5/1 1103/5/1
f 1103/5/1 1121/5/1 1104/5/1
f 1122/10/1 1123/10/1 1108/10/1
f 1108/10/1 1123/10/1 1109/10/1
f 1124/10/1 1125/10/1 1110/10/1
f 1110/10/1 1125/10/1 1111/10/1
f 1125/3/1 1126/3/1 1111/3/1
f 1111/3/1 1126/3/1 1112/3/1
f 1126/10/1 1127/10/1 1112/10/1
f 1112/10/1 1127/10/1 1113/10/1
f 1127/3/1 1128/3/1 1113/3/1
f 1113/3/1 1128/3/1 1114/3/1
f 1128/10/1 1129/10/1 1114/10/1
f 1114/10/1 1129/10/1 1115/10/1
f 1129/3/1 1130/3/1 1115/3/1
f 1115/3/1 1130/3/1 1116/3/1
f 1130/10/1 1131/10/1 1116/10/1
f 1116/10/1 1131/10/1 1117/10/1
f 1131/3/1 1132/3/1 1117/3/1
f 1117/3/1 1132/3/1 1118/3/1
f 1132/10/1 1133/10/1 1118/10/1
f 1118/10/1 1133/10/1 1119/10/1
f 1134/10/1 1135/10/1 1120/10/1
f 1120/10/1 1135/10/1 1121/10/1
f 1136/10/1 1137/10/1 1125/10/1
f 1125/10/1 1137/10/1 1126/10/1
f 1137/3/1 1138/3/1 1126/3/1
f 1126/3/1 1138/3/1 1127/3/1
f 1138/10/1 1139/10/1 1127/10/1
f 1127/10/1 1139/10/1 1128/10/1
f 1139/3/1 1140/3/1 1128/3/1
f 1128/3/1 1140/3/1 1129/3/1
f 1140/10/1 1141/10/1 1129/10/1
f 1129/10/1 1141/10/1 1130/10/1
f 1141/3/1 1142/3/1 1130/3/1
f 1130/3/1 1142/3/1 1131/3/1
f 1142/10/1 1143/10/1 1131/10/1
f 1131/10/1 1143/10/1 1132/10/1
f 1143/3/1 1144/3/1 1132/3/1
f 1132/3/1 1144/3/1 1133/3/1
f 1145/5/1 1146/5/1 1134/5/1
f 1134/5/1 1146/5/1 1135/5/1
f 1147/10/1 1148/10/1 1137/10/1
f 1137/10/1 1148/10/1 1138/10/1
f 1148/3/1 1149/3/1 1138/3/1
f 1138/3/1 1149/3/1 1139/3/1
f 1149/10/1 1150/10/1 1139/10/1
f 1139/10/1 1150/10/1 1140/10/1
f 1150/3/1 1151/3/1 1140/3/1
f 1140/3/1 1151/3/1 1141/3/1
f 1151/10/1 1152/10/1 1141/10/1
f 1141/10/1 1152/10/1 1142/10/1
f 1152/3/1 1153/3/1 1142/3/1
f 1142/3/1 1153/3/1 1143/3/1
f 1153/10/1 1154/10/1 1143/10/1
f 1143/10/1 1154/10/1 1144/10/1
f 1155/10/1 1156/10/1 1145/10/1
f 1145/10/1 1156/10/1 1146/10/1
f 1157/10/1 1158/10/1 1148/10/1
f 1148/10/1 1158/10/1 1149/10/1
f 1158/3/1 1159/3/1 1149/3/1
f 1149/3/1 1159/3/1 1150/3/1
f 1159/10/1 1160/10/1 1150/10/1
f 1150/10/1 1160/10/1 1151/10/1
f 1160/3/1 1161/3/1 1151/3/1
f 1151/3/1 1161/3/1 1152/3/1
f 1161/10/1 1162/10/1 1152/10/1
f 1152/10/1 1162/10/1 1153/10/1
f 1162/3/1 1163/3/1 1153/3/1
f 1153/3/1 1163/3/1 1154/3/1
f 1164/5/1 1165/5/1 1155/5/1
f 1155/5/1 1165/5/1 1156/5/1
f 1166/10/1 1167/10/1 1158/10/1
f 1158/10/1 1167/10/1 1159/10/1
f 1167/3/1 1168/3/1 1159/3/1
f 1159/3/1 1168/3/1 1160/3/1
f 1168/10/1 1169/10/1 1160/10/1
f 1160/10/1 1169/10/1 1161/10/1
f 1169/3/1 1170/3/1 1161/3/1
f 1161/3/1 1170/3/1 1162/3/1
f 1170/10/1 1171/10/1 1162/10/1
f 1162/10/1 1171/10/1 1163/10/1
f 1172/10/1 1173/10/1 1164/10/1
f 1164/10/1 1173/10/1 1165/10/1
f 1174/10/1 1175/10/1 1167/10/1
f 1167/10/1 1175/10/1 1168/10/1
f 1175/3/1 1176/3/1 1168/3/1
f 1168/3/1 1176/3/1 1169/3/1
f 1176/10/1 1177/10/1 1169/10/1
f 1169/10/1 1177/10/1 1170/10/1
f 1177/3/1 1178/3/1 1170/3/1
f 1170/3/1 1178/3/1 1171/3/1
f 1179/5/1 1180/5/1 1172/5/1
f 1172/5/1 1180/5/1 1173/5/1
f 1181/3/1 1182/3/1 1174/3/1
f 1174/3/1 1182/3/1 1175/3/1
f 1182/10/1 1183/10/1 1175/10/1
f 1175/10/1 1183/10/1 1176/10/1
f 1183/3/1 1184/3/1 1176/3/1
f 1176/3/1 1184/3/1 1177/3/1
f 1184/10/1 1185/10/1 1177/10/1
f 1177/10/1 1185/10/1 1178/10/1
f 1186/10/1 1187/10/1 1179/10/1
f 1179/10/1 1187/10/1 1180/10/1
f 1188/10/1 1189/10/1 1181/10/1
f 1181/10/1 1189/10/1 1182/10/1
f 1189/3/1 1190/3/1 1182/3/1
f 1182/3/1 1190/3/1 1183/3/1
f 1190/10/1 1191/10/1 1183/10/1
f 1183/10/1 1191/10/1 1184/10/1
f 1191/3/1 1192/3/1 1184/3/1
f 1184/3/1 1192/3/1 1185/3/1
f 1193/5/1 1194/5/1 1186/5/1
f 1186/5/1 1194/5/1 1187/5/1
f 1195/10/1 1196/10/1 1189/10/1
f 1189/10/1 1196/10/1 1190/10/1
f 1196/3/1 1197/3/1 1190/3/1
f 1190/3/1 1197/3/1 1191/3/1
f 1197/10/1 1198/10/1 1191/10/1
f 1191/10/1 1198/10/1 1192/10/1
f 1199/10/1 1200/10/1 1193/10/1
f 1193/10/1 1200/10/1 1194/10/1
f 1201/3/1 1202/3/1 1195/3/1
f 1195/3/1 1202/3/1 1196/3/1
f 1202/10/1 1203/10/1 1196/10/1
f 1196/10/1 1203/10/1 1197/10/1
f 1203/3/1 1204/3/1 1197/3/1
f 1197/3/1 1204/3/1 1198/3/1
f 1205/5/1 1206/5/1 1199/5/1
f 1199/5/1 1206/5/1 1200/5/1
f 1207/10/1 1208/10/1 1201/10/1
f 1201/10/1 1208/10/1 1202/10/1
f 1208/3/1 1209/3/1 1202/3/1
f 1202/3/1 1209/3/1 1203/3/1
f 1209/10/1 1210/10/1 1203/10/1
f 1203/10/1 1210/10/1 1204/10/1
f 1211/10/1 1212/10/1 1205/10/1
f 1205/10/1 1212/10/1 1206/10/1
f 1213/10/1 1214/10/1 1208/10/1
f 1208/10/1 1214/10/1 1209/10/1
f 1214/3/1 1215/3/1 1209/3/1
f 1209/3/1 1215/3/1 1210/3/1
f 1216/5/1 1217/5/1 1211/5/1
f 1211/5/1 1217/5/1 1212/5/1
f 1218/3/1 1219/3/1 1213/3/1
f 1213/3/1 1219/3/1 1214/3/1
f 1219/10/1 1220/10/1 1214/10/1
f 1214/10/1 1220/10/1 1215/10/1
f 1221/10/1 1222/10/1 1216/10/1
f 1216/10/1 1222/10/1 1217/10/1
f 1223/10/1 1224/10/1 1218/10/1
f 1218/10/1 1224/10/1 1219/10/1
f 1224/3/1 1225/3/1 1219/3/1
f 1219/3/1 1225/3/1 1220/3/1
f 1226/5/1 1227/5/1 1221/5/1
f 1221/5/1 1227/5/1 1222/5/1
f 1228/3/1 1229/3/1 1223/3/1
f 1223/3/1 1229/3/1 1224/3/1
f 1229/10/1 1230/10/1 1224/10/1
f 1224/10/1 1230/10/1 1225/10/1
f 1231/10/1 1232/10/1 1226/10/1
f 1226/10/1 1232/10/1 1227/10/1
f 1233/10/1 1234/10/1 1228/10/1
f 1228/10/1 1234/10/1 1229/10/1
f 1234/3/1 1235/3/1 1229/3/1
f 1229/3/1 1235/3/1 1230/3/1
f 1236/5/1 1237/5/1 1231/5/1
f 1231/5/1 1237/5/1 1232/5/1
f 1238/10/1 1239/10/1 1234/10/1
f 1234/10/1 1239/10/1 1235/10/1
f 1240/10/1 1241/10/1 1236/10/1
f 1236/10/1 1241/10/1 1237/10/1
f 1242/3/1 1243/3/1 1238/3/1
f 1238/3/1 1243/3/1 1239/3/1
f 1244/5/1 1245/5/1 1240/5/1
f 1240/5/1 1245/5/1 1241/5/1
f 1246/10/1 1247/10/1 1242/10/1
f 1242/10/1 1247/10/1 1243/10/1
f 1248/10/1 1249/10/1 1244/10/1
f 1244/10/1 1249/10/1 1245/10/1
f 1250/3/1 1251/3/1 1246/3/1
f 1246/3/1 1251/3/1 1247/3/1
f 1252/5/1 1253/5/1 1248/5/1
f 1248/5/1 1253/5/1 1249/5/1
f 1254/10/1 1255/10/1 1250/10/1
f 1250/10/1 1255/10/1 1251/10/1
f 1256/10/1 1257/10/1 1252/10/1
f 1252/10/1 1257/10/1 1253/10/1
f 1258/3/1 1259/3/1 1254/3/1
f 1254/3/1 1259/3/1 1255/3/1
f 1260/5/1 1261/5/1 1256/5/1
f 1256/5/1 1261/5/1 1257/5/1
f 1262/10/1 1263/10/1 1258/10/1
f 1258/10/1 1263/10/1 1259/10/1
f 1264/10/1 1265/10/1 1260/10/1
f 1260/10/1 1265/10/1 1261/10/1
f 1266/3/1 1267/3/1 1262/3/1
f 1262/3/1 1267/3/1 1263/3/1
f 1268/5/1 1269/5/1 1264/5/1
f 1264/5/1 1269/5/1 1265/5/1
f 1270/10/1 1271/10/1 1266/10/1
f 1266/10/1 1271/10/1 1267/10/1
f 1272/10/1 1273/10/1 1268/10/1
f 1268/10/1 1273/10/1 1269/10/1
f 1274/3/1 1275/3/1 1270/3/1
f 1270/3/1 1275/3/1 1271/3/1
f 1276/5/1 1277/5/1 1272/5/1
f 1272/5/1 1277/5/1 1273/5/1
f 1278/10/1 1279/10/1 1274/10/1
f 1274/10/1 1279/10/1 1275/10/1
f 1280/10/1 1281/10/1 1276/10/1
f 1276/10/1 1281/10/1 1277/10/1
f 1282/3/1 1283/3/1 1278/3/1
f 1278/3/1 1283/3/1 1279/3/1
f 1284/5/1 1285/5/1 1280/5/1
f 1280/5/1 1285/5/1 1281/5/1
f 1286/10/1 1287/10/1 1282/10/1
f 1282/10/1 1287/10/1 1283/10/1
f 1288/10/1 1289/10/1 1284/10/1
f 1284/10/1 1289/10/1 1285/10/1
f 1290/3/1 1291/3/1 1286/3/1
f 1286/3/1 1291/3/1 1287/3/1
f 1292/5/1 1293/5/1 1288/5/1
f 1288/5/1 1293/5/1 1289/5/1
f 1294/10/1 1295/10/1 1290/10/1
f 1290/10/1 1295/10/1 1291/10/1
f 1296/10/1 1297/10/1 1292/10/1
f 1292/10/1 1297/10/1 1293/10/1
f 1298/5/1 1299/5/1 1296/5/1
f 1296/5/1 1299/5/1 1297/5/1
f 1300/3/1 1301/3/1 1294/3/1
f 1294/3/1 1301/3/1 1295/3/1
f 1302/10/1 1303/10/1 1298/10/1
f 1298/10/1 1303/10/1 1299/10/1
f 1304/10/1 1305/10/1 1300/10/1
f 1300/10/1 1305/10/1 1301/10/1
f 1306/5/1 1307/5/1 1302/5/1
f 1302/5/1 1307/5/1 1303/5/1
f 1308/10/1 1309/10/1 1306/10/1
f 1306/10/1 1309/10/1 1307/10/1
f 1310/3/1 1311/3/1 1304/3/1
f 1304/3/1 1311/3/1 1305/3/1
f 1312/5/1 1313/5/1 1308/5/1
f 1308/5/1 1313/5/1 1309/5/1
f 1314/10/1 1315/10/1 1310/10/1
f 1310/10/1 1315/10/1 1311/10/1
f 1316/10/1 1317/10/1 1312/10/1
f 1312/10/1 1317/10/1 1313/10/1
f 1318/5/1 1319/5/1 1316/5/1
f 1316/5/1 1319/5/1 1317/5/1
f 1320/3/1 1321/3/1 1314/3/1
f 1314/3/1 1321/3/1 1315/3/1
f 1322/10/1 1323/10/1 1318/10/1
f 1318/10/1 1323/10/1 1319/10/1
f 1324/10/1 1325/10/1 1320/10/1
f 1320/10/1 1325/10/1 1321/10/1
f 1326/5/1 1327/5/1 1322/5/1
f 1322/5/1 1327/5/1 1323/5/1
f 1328/3/1 1329/3/1 1324/3/1
f 1324/3/1 1329/3/1 1325/3/1
f 1330/10/1 1331/10/1 1326/10/1
f 1326/10/1 1331/10/1 1327/10/1
f 1332/10/1 1333/10/1 1328/10/1
f 1328/10/1 1333/10/1 1329/10/1
f 1334/5/1 1335/5/1 1330/5/1
f 1330/5/1 1335/5/1 1331/5/1
f 1336/3/1 1337/3/1 1332/3/1
f 1332/3/1 1337/3/1 1333/3/1
f 1338/10/1 1339/10/1 1334/10/1
f 1334/10/1 1339/10/1 1335/10/1
f 1340/10/1 1341/10/1 1336/10/1
f 1336/10/1 1341/10/1 1337/10/1
f 1342/5/1 1343/5/1 1338/5/1
f 1338/5/1 1343/5/1 1339/5/1
f 1344/3/1 1345/3/1 1340/3/1
f 1340/3/1 1345/3/1 1341/3/1
f 1346/10/1 1347/10/1 1342/10/1
f 1342/10/1 1347/10/1 1343/10/1
f 1348/10/1 1349/10/1 1344/10/1
f 1344/10/1 1349/10/1 1345/10/1
f 1350/5/1 1351/5/1 1346/5/1
f 1346/5/1 1351/5/1 1347/5/1
f 1352/3/1 1353/3/1 1348/3/1
f 1348/3/1 1353/3/1 1349/3/1
f 1354/10/1 1355/10/1 1350/10/1
f 1350/10/1 1355/10/1 1351/10/1
f 1356/10/1 1357/10/1 1352/10/1
f 1352/10/1 1357/10/1 1353/10/1
f 1358/5/1 1359/5/1 1354/5/1
f 1354/5/1 1359/5/1 1355/5/1
f 1360/3/1 1361/3/1 1356/3/1
f 1356/3/1 1361/3/1 1357/3/1
f 1362/10/1 1363/10/1 1358/10/1
f 1358/10/1 1363/10/1 1359/10/1
f 1364/10/1 1365/10/1 1360/10/1
f 1360/10/1 1365/10/1 1361/10/1
f 1366/5/1 1367/5/1 1362/5/1
f 1362/5/1 1367/5/1 1363/5/1
f 1368/3/1 1369/3/1 1364/3/1
f 1364/3/1 1369/3/1 1365/3/1
f 1370/10/1 1371/10/1 1366/10/1
f 1366/10/1 1371/10/1 1367/10/1
f 1372/10/1 1373/10/1 1368/10/1
f 1368/10/1 1373/10/1 1369/10/1
f 1374/5/1 1375/5/1 1370/5/1
f 1370/5/1 1375/5/1 1371/5/1
f 1376/3/1 1377/3/1 1372/3/1
f 1372/3/1 1377/3/1 1373/3/1
f 1378/10/1 1379/10/1 1374/10/1
f 1374/10/1 1379/10/1 1375/10/1
f 1380/3/1 1381/3/1 1233/3/1
f 1233/3/1 1381/3/1 1234/3/1
f 1381/10/1 1382/10/1 1376/10/1
f 1376/10/1 1382/10/1 1377/10/1
f 1383/5/1 1384/5/1 1378/5/1
f 1378/5/1 1384/5/1 1379/5/1
f 1385/10/1 1386/10/1 1380/10/1
f 1380/10/1 1386/10/1 1381/10/1
f 1386/3/1 1387/3/1 1381/3/1
f 1381/3/1 1387/3/1 1382/3/1
f 1388/10/1 1389/10/1 1383/10/1
f 1383/10/1 1389/10/1 1384/10/1
f 1390/3/1 1391/3/1 1385/3/1
f 1385/3/1 1391/3/1 1386/3/1
f 1391/10/1 1392/10/1 1386/10/1
f 1386/10/1 1392/10/1 1387/10/1
f 1393/5/1 1394/5/1 1388/5/1
f 1388/5/1 1394/5/1 1389/5/1
f 857/3/1 1395/3/1 172/3/1
f 172/3/1 1395/3/1 1069/3/1
f 1395/3/1 1396/3/1 1087/3/1
f 1087/3/1 1396/3/1 1088/3/1
f 1396/3/1 1397/3/1 1105/3/1
f 1105/3/1 1397/3/1 1106/3/1
f 1397/3/1 1398/3/1 1089/3/1
f 1089/3/1 1398/3/1 1090/3/1
f 1398/3/1 1399/3/1 1107/3/1
f 1107/3/1 1399/3/1 1108/3/1
f 1399/3/1 1400/3/1 1122/3/1
f 1122/3/1 1400/3/1 1123/3/1
f 1400/3/1 1401/3/1 1109/3/1
f 1109/3/1 1401/3/1 1110/3/1
f 1401/3/1 1402/3/1 1124/3/1
f 1124/3/1 1402/3/1 1125/3/1
f 1402/3/1 1403/3/1 1136/3/1
f 1136/3/1 1403/3/1 1137/3/1
f 1403/3/1 1404/3/1 1147/3/1
f 1147/3/1 1404/3/1 1148/3/1
f 1404/3/1 1405/3/1 1157/3/1
f 1157/3/1 1405/3/1 1158/3/1
f 1405/3/1 1406/3/1 1166/3/1
f 1166/3/1 1406/3/1 1167/3/1
f 1406/3/1 1407/3/1 1188/3/1
f 1188/3/1 1407/3/1 1189/3/1
f 1407/3/1 1408/3/1 1207/3/1
f 1207/3/1 1408/3/1 1208/3/1
f 1408/10/1 1409/10/1 1390/10/1
f 1390/10/1 1409/10/1 1391/10/1
f 1409/3/1 1410/3/1 1391/3/1
f 1391/3/1 1410/3/1 1392/3/1
f 1410/10/1 1411/10/1 1045/10/1
f 1045/10/1 1411/10/1 1050/10/1
f 1411/10/1 1412/10/1 1393/10/1
f 1393/10/1 1412/10/1 1394/10/1
f 861/2/2 860/2/2 1414/2/2
f 1414/2/2 860/2/2 1413/2/2
f 1415/2/5 1416/2/5 1413/2/5
f 1413/2/5 1416/2/5 1414/2/5
f 1417/8/5 1418/8/5 1415/8/5
f 1415/8/5 1418/8/5 1416/8/5
f 1419/2/5 1420/2/5 1417/2/5
f 1417/2/5 1420/2/5 1418/2/5
f 1421/8/5 1422/8/5 1419/8/5
f 1419/8/5 1422/8/5 1420/8/5
f 1423/2/5 1424/2/5 1421/2/5
f 1421/2/5 1424/2/5 1422/2/5
f 1425/6/5 1426/6/5 1423/6/5
f 1423/6/5 1426/6/5 1424/6/5
f 1427/2/5 1428/2/5 1425/2/5
f 1425/2/5 1428/2/5 1426/2/5
f 1429/6/5 1430/6/5 1427/6/5
f 1427/6/5 1430/6/5 1428/6/5
f 1431/2/5 1432/2/5 1429/2/5
f 1429/2/5 1432/2/5 1430/2/5
f 1433/10/5 1434/10/5 1431/10/5
f 1431/10/5 1434/10/5 1432/10/5
f 1049/5/5 1048/5/5 1433/5/5
f 1433/5/5 1048/5/5 1435/5/5
f 1048/10/5 1068/10/5 1435/10/5
f 1435/10/5 1068/10/5 1436/10/5
f 1068/5/5 1086/5/5 1436/5/5
f 1436/5/5 1086/5/5 1437/5/5
f 1086/10/5 1104/10/5 1437/10/5
f 1437/10/5 1104/10/5 1438/10/5
f 1104/5/5 1121/5/5 1438/5/5
f 1438/5/5 1121/5/5 1439/5/5
f 1121/10/5 1135/10/5 1439/10/5
f 1439/10/5 1135/10/5 1440/10/5
f 1135/5/5 1146/5/5 1440/5/5
f 1440/5/5 1146/5/5 1441/5/5
f 1146/10/5 1156/10/5 1441/10/5
f 1441/10/5 1156/10/5 1442/10/5
f 1156/5/5 1165/5/5 1442/5/5
f 1442/5/5 1165/5/5 1443/5/5
f 1165/10/5 1173/10/5 1443/10/5
f 1443/10/5 1173/10/5 1444/10/5
f 1173/5/5 1180/5/5 1444/5/5
f 1444/5/5 1180/5/5 1445/5/5
f 1180/10/5 1187/10/5 1445/10/5
f 1445/10/5 1187/10/5 1446/10/5
f 1187/5/5 1194/5/5 1446/5/5
f 1446/5/5 1194/5/5 1447/5/5
f 1194/10/5 1200/10/5 1447/10/5
f 1447/10/5 1200/10/5 1448/10/5
f 1200/5/5 1206/5/5 1448/5/5
f 1448/5/5 1206/5/5 1449/5/5
f 1206/10/5 1212/10/5 1449/10/5
f 1449/10/5 1212/10/5 1450/10/5
f 1212/5/5 1217/5/5 1450/5/5
f 1450/5/5 1217/5/5 1451/5/5
f 1217/10/5 1222/10/5 1451/10/5
f 1451/10/5 1222/10/5 1452/10/5
f 1222/5/5 1227/5/5 1452/5/5
f 1452/5/5 1227/5/5 1453/5/5
f 1227/10/5 1232/10/5 1453/10/5
f 1453/10/5 1232/10/5 1454/10/5
f 1232/5/5 1237/5/5 1454/5/5
f 1454/5/5 1237/5/5 1455/5/5
f 1237/10/5 1241/10/5 1455/10/5
f 1455/10/5 1241/10/5 1456/10/5
f 1241/5/5 1245/5/5 1456/5/5
f 1456/5/5 1245/5/5 1457/5/5
f 1245/10/5 1249/10/5 1457/10/5
f 1457/10/5 1249/10/5 1458/10/5
f 1249/5/5 1253/5/5 1458/5/5
f 1458/5/5 1253/5/5 1459/5/5
f 1253/10/5 1257/10/5 1459/10/5
f 1459/10/5 1257/10/5 1460/10/5
f 1257/5/5 1261/5/5 1460/5/5
f 1460/5/5 1261/5/5 1461/5/5
f 1261/10/5 1265/10/5 1461/10/5
f 1461/10/5 1265/10/5 1462/10/5
f 1265/5/5 1269/5/5 1462/5/5
f 1462/5/5 1269/5/5 1463/5/5
f 1269/10/5 1273/10/5 1463/10/5
f 1463/10/5 1273/10/5 1464/10/5
f 1273/5/5 1277/5/5 1464/5/5
f 1464/5/5 1277/5/5 1465/5/5
f 1277/10/5 1281/10/5 1465/10/5
f 1465/10/5 1281/10/5 1466/10/5
f 1281/5/5 1285/5/5 1466/5/5
f 1466/5/5 1285/5/5 1467/5/5
f 1285/10/5 1289/10/5 1467/10/5
f 1467/10/5 1289/10/5 1468/10/5
f 1289/5/5 1293/5/5 1468/5/5
f 1468/5/5 1293/5/5 1469/5/5
f 1293/10/5 1297/10/5 1469/10/5
f 1469/10/5 1297/10/5 1470/10/5
f 1297/5/5 1299/5/5 1470/5/5
f 1470/5/5 1299/5/5 1471/5/5
f 1299/10/5 1303/10/5 1471/10/5
f 1471/10/5 1303/10/5 1472/10/5
f 1303/5/5 1307/5/5 1472/5/5
f 1472/5/5 1307/5/5 1473/5/5
f 1307/10/5 1309/10/5 1473/10/5
f 1473/10/5 1309/10/5 1474/10/5
f 1309/5/5 1313/5/5 1474/5/5
f 1474/5/5 1313/5/5 1475/5/5
f 1313/10/5 1317/10/5 1475/10/5
f 1475/10/5 1317/10/5 1476/10/5
f 1317/5/5 1319/5/5 1476/5/5
f 1476/5/5 1319/5/5 1477/5/5
f 1319/10/5 1323/10/5 1477/10/5
f 1477/10/5 1323/10/5 1478/10/5
f 1323/5/5 1327/5/5 1478/5/5
f 1478/5/5 1327/5/5 1479/5/5
f 1327/10/5 1331/10/5 1479/10/5
f 1479/10/5 1331/10/5 1480/10/5
f 1331/5/5 1335/5/5 1480/5/5
f 1480/5/5 1335/5/5 1481/5/5
f 1335/10/5 1339/10/5 1481/10/5
f 1481/10/5 1339/10/5 1482/10/5
f 1339/5/5 1343/5/5 1482/5/5
f 1482/5/5 1343/5/5 1483/5/5
f 1343/10/5 1347/10/5 1483/10/5
f 1483/10/5 1347/10/5 1484/10/5
f 1347/5/5 1351/5/5 1484/5/5
f 1484/5/5 1351/5/5 1485/5/5
f 1351/10/5 1355/10/5 1485/10/5
f 1485/10/5 1355/10/5 1486/10/5
f 1355/5/5 1359/5/5 1486/5/5
f 1486/5/5 1359/5/5 1487/5/5
f 1359/10/5 1363/10/5 1487/10/5
f 1487/10/5 1363/10/5 1488/10/5
f 1363/5/5 1367/5/5 1488/5/5
f 1488/5/5 1367/5/5 1489/5/5
f 1367/10/5 1371/10/5 1489/10/5
f 1489/10/5 1371/10/5 1490/10/5
f 1371/5/5 1375/5/5 1490/5/5
f 1490/5/5 1375/5/5 1491/5/5
f 1375/10/5 1379/10/5 1491/10/5
f 1491/10/5 1379/10/5 1492/10/5
f 1379/5/5 1384/5/5 1492/5/5
f 1492/5/5 1384/5/5 1493/5/5
f 1384/10/5 1389/10/5 1493/10/5
f 1493/10/5 1389/10/5 1494/10/5
f 1389/5/5 1394/5/5 1494/5/5
f 1494/5/5 1394/5/5 1495/5/5
f 1394/10/5 1412/10/5 1495/10/5
f 1495/10/5 1412/10/5 1434/10/5
f 1496/10/4 1014/10/4 1018/10/4
f 1018/10/4 1014/10/4 125/10/4
f 1497/5/4 1496/5/4 1017/5/4
f 1017/5/4 1496/5/4 1018/5/4
f 1498/10/4 1497/10/4 1022/10/4
f 1022/10/4 1497/10/4 1017/10/4
f 1499/5/4 1498/5/4 1021/5/4
f 1021/5/4 1498/5/4 1022/5/4
f 1500/10/4 1499/10/4 1026/10/4
f 1026/10/4 1499/10/4 1021/10/4
f 1501/5/4 1500/5/4 1025/5/4
f 1025/5/4 1500/5/4 1026/5/4
f 1502/10/4 1501/10/4 1030/10/4
f 1030/10/4 1501/10/4 1025/10/4
f 1503/5/4 1502/5/4 1029/5/4
f 1029/5/4 1502/5/4 1030/5/4
f 1504/10/4 1503/10/4 1034/10/4
f 1034/10/4 1503/10/4 1029/10/4
f 1505/5/4 1504/5/4 1033/5/4
f 1033/5/4 1504/5/4 1034/5/4
f 1506/10/4 1505/10/4 1038/10/4
f 1038/10/4 1505/10/4 1033/10/4
f 1507/5/4 1506/5/4 1037/5/4
f 1037/5/4 1506/5/4 1038/5/4
f 1508/10/4 1507/10/4 1042/10/4
f 1042/10/4 1507/10/4 1037/10/4
f 1509/5/4 1508/5/4 1041/5/4
f 1041/5/4 1508/5/4 1042/5/4
f 1510/10/4 1509/10/4 1046/10/4
f 1046/10/4 1509/10/4 1041/10/4
f 1511/5/4 1510/5/4 1045/5/4
f 1045/5/4 1510/5/4 1046/5/4
f 1512/10/4 1511/10/4 1050/10/4
f 1050/10/4 1511/10/4 1045/10/4
f 1413/2/4 860/2/4 1415/2/4
f 1415/2/4 860/2/4 1005/2/4
f 1415/8/4 1005/8/4 1417/8/4
f 1417/8/4 1005/8/4 1006/8/4
f 1417/2/4 1006/2/4 1419/2/4
f 1419/2/4 1006/2/4 1007/2/4
f 1419/8/4 1007/8/4 1421/8/4
f 1421/8/4 1007/8/4 1008/8/4
f 1421/2/4 1008/2/4 1423/2/4
f 1423/2/4 1008/2/4 1009/2/4
f 1423/6/4 1009/6/4 1425/6/4
f 1425/6/4 1009/6/4 1010/6/4
f 1425/2/4 1010/2/4 1427/2/4
f 1427/2/4 1010/2/4 1011/2/4
f 1427/6/4 1011/6/4 1429/6/4
f 1429/6/4 1011/6/4 1012/6/4
f 1429/2/4 1012/2/4 1431/2/4
f 1431/2/4 1012/2/4 1013/2/4
f 1431/10/4 1013/10/4 1433/10/4
f 1433/10/4 1013/10/4 1014/10/4
f 1433/5/4 1512/5/4 1049/5/4
f 1049/5/4 1512/5/4 1050/5/4
f 1513/10/1 1514/10/1 827/10/1
f 827/10/1 1514/10/1 832/10/1
f 1514/3/1 1515/3/1 832/3/1
f 832/3/1 1515/3/1 857/3/1
f 1516/5/1 1517/5/1 1513/5/1
f 1513/5/1 1517/5/1 1518/5/1
f 1519/3/1 1520/3/1 1521/3/1
f 1521/3/1 1520/3/1 1514/3/1
f 1520/10/1 1522/10/1 1514/10/1
f 1514/10/1 1522/10/1 1523/10/1
f 1522/3/1 1524/3/1 1523/3/1
f 1523/3/1 1524/3/1 1515/3/1
f 1525/10/1 1526/10/1 1516/10/1
f 1516/10/1 1526/10/1 1517/10/1
f 1527/10/1 1528/10/1 1519/10/1
f 1519/10/1 1528/10/1 1520/10/1
f 1528/3/1 1529/3/1 1520/3/1
f 1520/3/1 1529/3/1 1522/3/1
f 1529/10/1 1530/10/1 1522/10/1
f 1522/10/1 1530/10/1 1531/10/1
f 1532/5/1 1533/5/1 1525/5/1
f 1525/5/1 1533/5/1 1526/5/1
f 1534/3/1 1535/3/1 1527/3/1
f 1527/3/1 1535/3/1 1528/3/1
f 1535/10/1 1536/10/1 1528/10/1
f 1528/10/1 1536/10/1 1529/10/1
f 1536/3/1 1537/3/1 1529/3/1
f 1529/3/1 1537/3/1 1530/3/1
f 1538/10/1 1539/10/1 1532/10/1
f 1532/10/1 1539/10/1 1533/10/1
f 1540/10/1 1541/10/1 1534/10/1
f 1534/10/1 1541/10/1 1535/10/1
f 1541/3/1 1542/3/1 1535/3/1
f 1535/3/1 1542/3/1 1536/3/1
f 1542/10/1 1543/10/1 1536/10/1
f 1536/10/1 1543/10/1 1537/10/1
f 1543/3/1 1544/3/1 1531/3/1
f 1531/3/1 1544/3/1 1524/3/1
f 1545/5/1 1546/5/1 1538/5/1
f 1538/5/1 1546/5/1 1539/5/1
f 1547/3/1 1548/3/1 1540/3/1
f 1540/3/1 1548/3/1 1541/3/1
f 1548/10/1 1549/10/1 1541/10/1
f 1541/10/1 1549/10/1 1542/10/1
f 1549/3/1 1550/3/1 1542/3/1
f 1542/3/1 1550/3/1 1543/3/1
f 1550/10/1 1551/10/1 1543/10/1
f 1543/10/1 1551/10/1 1552/10/1
f 1553/10/1 1554/10/1 1545/10/1
f 1545/10/1 1554/10/1 1546/10/1
f 1555/10/1 1556/10/1 1547/10/1
f 1547/10/1 1556/10/1 1548/10/1
f 1556/3/1 1557/3/1 1548/3/1
f 1548/3/1 1557/3/1 1549/3/1
f 1557/10/1 1558/10/1 1549/10/1
f 1549/10/1 1558/10/1 1550/10/1
f 1558/3/1 1559/3/1 1550/3/1
f 1550/3/1 1559/3/1 1551/3/1
f 1560/5/1 1561/5/1 1553/5/1
f 1553/5/1 1561/5/1 1554/5/1
f 1562/3/1 1563/3/1 1555/3/1
f 1555/3/1 1563/3/1 1556/3/1
f 1563/10/1 1564/10/1 1556/10/1
f 1556/10/1 1564/10/1 1557/10/1
f 1564/3/1 1565/3/1 1557/3/1
f 1557/3/1 1565/3/1 1558/3/1
f 1565/10/1 1566/10/1 1558/10/1
f 1558/10/1 1566/10/1 1559/10/1
f 1566/3/1 1567/3/1 1552/3/1
f 1552/3/1 1567/3/1 1544/3/1
f 1568/10/1 1569/10/1 1560/10/1
f 1560/10/1 1569/10/1 1561/10/1
f 1570/10/1 1571/10/1 1562/10/1
f 1562/10/1 1571/10/1 1563/10/1
f 1571/3/1 1572/3/1 1563/3/1
f 1563/3/1 1572/3/1 1564/3/1
f 1572/10/1 1573/10/1 1564/10/1
f 1564/10/1 1573/10/1 1565/10/1
f 1573/3/1 1574/3/1 1565/3/1
f 1565/3/1 1574/3/1 1566/3/1
f 1574/10/1 1575/10/1 1566/10/1
f 1566/10/1 1575/10/1 1576/10/1
f 1575/3/1 1577/3/1 1576/3/1
f 1576/3/1 1577/3/1 1567/3/1
f 1578/5/1 1579/5/1 1568/5/1
f 1568/5/1 1579/5/1 1569/5/1
f 1580/3/1 1581/3/1 1570/3/1
f 1570/3/1 1581/3/1 1571/3/1
f 1581/10/1 1582/10/1 1571/10/1
f 1571/10/1 1582/10/1 1572/10/1
f 1582/3/1 1583/3/1 1572/3/1
f 1572/3/1 1583/3/1 1573/3/1
f 1583/10/1 1584/10/1 1573/10/1
f 1573/10/1 1584/10/1 1574/10/1
f 1584/3/1 1585/3/1 1574/3/1
f 1574/3/1 1585/3/1 1575/3/1
f 1585/10/1 1586/10/1 1575/10/1
f 1575/10/1 1586/10/1 1587/10/1
f 1586/3/1 1588/3/1 1587/3/1
f 1587/3/1 1588/3/1 1577/3/1
f 1589/10/1 1590/10/1 1578/10/1
f 1578/10/1 1590/10/1 1579/10/1
f 1591/10/1 1592/10/1 1580/10/1
f 1580/10/1 1592/10/1 1581/10/1
f 1592/3/1 1593/3/1 1581/3/1
f 1581/3/1 1593/3/1 1582/3/1
f 1593/10/1 1594/10/1 1582/10/1
f 1582/10/1 1594/10/1 1583/10/1
f 1594/3/1 1595/3/1 1583/3/1
f 1583/3/1 1595/3/1 1584/3/1
f 1595/10/1 1596/10/1 1584/10/1
f 1584/10/1 1596/10/1 1585/10/1
f 1596/3/1 1597/3/1 1585/3/1
f 1585/3/1 1597/3/1 1586/3/1
f 1597/10/1 1598/10/1 1586/10/1
f 1586/10/1 1598/10/1 1599/10/1
f 1598/3/1 1600/3/1 1599/3/1
f 1599/3/1 1600/3/1 1588/3/1
f 1601/5/1 1602/5/1 1589/5/1
f 1589/5/1 1602/5/1 1590/5/1
f 1603/3/1 1604/3/1 1591/3/1
f 1591/3/1 1604/3/1 1592/3/1
f 1604/10/1 1605/10/1 1592/10/1
f 1592/10/1 1605/10/1 1593/10/1
f 1605/3/1 1606/3/1 1593/3/1
f 1593/3/1 1606/3/1 1594/3/1
f 1606/10/1 1607/10/1 1594/10/1
f 1594/10/1 1607/10/1 1595/10/1
f 1607/3/1 1608/3/1 1595/3/1
f 1595/3/1 1608/3/1 1596/3/1
f 1608/10/1 1609/10/1 1596/10/1
f 1596/10/1 1609/10/1 1597/10/1
f 1609/3/1 1610/3/1 1597/3/1
f 1597/3/1 1610/3/1 1598/3/1
f 1610/10/1 1611/10/1 1598/10/1
f 1598/10/1 1611/10/1 1612/10/1
f 1611/3/1 1613/3/1 1612/3/1
f 1612/3/1 1613/3/1 1600/3/1
f 1614/10/1 1615/10/1 1601/10/1
f 1601/10/1 1615/10/1 1602/10/1
f 1616/10/1 1617/10/1 1603/10/1
f 1603/10/1 1617/10/1 1604/10/1
f 1617/3/1 1618/3/1 1604/3/1
f 1604/3/1 1618/3/1 1605/3/1
f 1618/10/1 1619/10/1 1605/10/1
f 1605/10/1 1619/10/1 1606/10/1
f 1619/3/1 1620/3/1 1606/3/1
f 1606/3/1 1620/3/1 1607/3/1
f 1620/10/1 1621/10/1 1607/10/1
f 1607/10/1 1621/10/1 1608/10/1
f 1621/3/1 1622/3/1 1608/3/1
f 1608/3/1 1622/3/1 1609/3/1
f 1622/10/1 1623/10/1 1609/10/1
f 1609/10/1 1623/10/1 1610/10/1
f 1623/3/1 1624/3/1 1610/3/1
f 1610/3/1 1624/3/1 1611/3/1
f 1624/10/1 1625/10/1 1611/10/1
f 1611/10/1 1625/10/1 1626/10/1
f 1625/3/1 1627/3/1 1626/3/1
f 1626/3/1 1627/3/1 1628/3/1
f 1627/10/1 1629/10/1 1628/10/1
f 1628/10/1 1629/10/1 1630/10/1
f 1629/3/1 1631/3/1 1630/3/1
f 1630/3/1 1631/3/1 1613/3/1
f 1632/5/1 1633/5/1 1614/5/1
f 1614/5/1 1633/5/1 1615/5/1
f 1634/3/1 1635/3/1 1616/3/1
f 1616/3/1 1635/3/1 1617/3/1
f 1635/10/1 1636/10/1 1617/10/1
f 1617/10/1 1636/10/1 1618/10/1
f 1636/3/1 1637/3/1 1618/3/1
f 1618/3/1 1637/3/1 1619/3/1
f 1637/10/1 1638/10/1 1619/10/1
f 1619/10/1 1638/10/1 1620/10/1
f 1638/3/1 1639/3/1 1620/3/1
f 1620/3/1 1639/3/1 1621/3/1
f 1639/10/1 1640/10/1 1621/10/1
f 1621/10/1 1640/10/1 1622/10/1
f 1640/3/1 1641/3/1 1622/3/1
f 1622/3/1 1641/3/1 1623/3/1
f 1641/10/1 1642/10/1 1623/10/1
f 1623/10/1 1642/10/1 1624/10/1
f 1642/3/1 1643/3/1 1624/3/1
f 1624/3/1 1643/3/1 1625/3/1
f 1643/10/1 1644/10/1 1625/10/1
f 1625/10/1 1644/10/1 1627/10/1
f 1644/3/1 1645/3/1 1627/3/1
f 1627/3/1 1645/3/1 1629/3/1
f 1645/10/1 1646/10/1 1629/10/1
f 1629/10/1 1646/10/1 1647/10/1
f 1646/3/1 1648/3/1 1647/3/1
f 1647/3/1 1648/3/1 1649/3/1
f 1648/10/1 1650/10/1 1649/10/1
f 1649/10/1 1650/10/1 1651/10/1
f 1650/3/1 1652/3/1 1651/3/1
f 1651/3/1 1652/3/1 1631/3/1
f 1653/10/1 1654/10/1 1632/10/1
f 1632/10/1 1654/10/1 1633/10/1
f 1655/10/1 1656/10/1 1634/10/1
f 1634/10/1 1656/10/1 1635/10/1
f 1656/3/1 1657/3/1 1635/3/1
f 1635/3/1 1657/3/1 1636/3/1
f 1657/10/1 1658/10/1 1636/10/1
f 1636/10/1 1658/10/1 1637/10/1
f 1658/3/1 1659/3/1 1637/3/1
f 1637/3/1 1659/3/1 1638/3/1
f 1659/10/1 1660/10/1 1638/10/1
f 1638/10/1 1660/10/1 1639/10/1
f 1660/3/1 1661/3/1 1639/3/1
f 1639/3/1 1661/3/1 1640/3/1
f 1661/10/1 1662/10/1 1640/10/1
f 1640/10/1 1662/10/1 1641/10/1
f 1662/3/1 1663/3/1 1641/3/1
f 1641/3/1 1663/3/1 1642/3/1
f 1663/10/1 1664/10/1 1642/10/1
f 1642/10/1 1664/10/1 1643/10/1
f 1664/3/1 1665/3/1 1643/3/1
f 1643/3/1 1665/3/1 1644/3/1
f 1665/10/1 1666/10/1 1644/10/1
f 1644/10/1 1666/10/1 1645/10/1
f 1666/3/1 1667/3/1 1645/3/1
f 1645/3/1 1667/3/1 1646/3/1
f 1667/10/1 1668/10/1 1646/10/1
f 1646/10/1 1668/10/1 1648/10/1
f 1668/3/1 1669/3/1 1648/3/1
f 1648/3/1 1669/3/1 1650/3/1
f 1669/10/1 1670/10/1 1650/10/1
f 1650/10/1 1670/10/1 1671/10/1
f 1670/3/1 1672/3/1 1671/3/1
f 1671/3/1 1672/3/1 1673/3/1
f 1672/10/1 1674/10/1 1673/10/1
f 1673/10/1 1674/10/1 1675/10/1
f 1674/3/1 1676/3/1 1675/3/1
f 1675/3/1 1676/3/1 1677/3/1
f 1676/10/1 1678/10/1 1677/10/1
f 1677/10/1 1678/10/1 1679/10/1
f 1678/3/1 1680/3/1 1679/3/1
f 1679/3/1 1680/3/1 1681/3/1
f 1680/10/1 1682/10/1 1681/10/1
f 1681/10/1 1682/10/1 1683/10/1
f 1682/3/1 1684/3/1 1683/3/1
f 1683/3/1 1684/3/1 1685/3/1
f 1684/10/1 1686/10/1 1685/10/1
f 1685/10/1 1686/10/1 1652/10/1
f 1687/5/1 1688/5/1 1653/5/1
f 1653/5/1 1688/5/1 1654/5/1
f 1689/3/1 1690/3/1 1655/3/1
f 1655/3/1 1690/3/1 1656/3/1
f 1691/3/1 1692/3/1 1657/3/1
f 1657/3/1 1692/3/1 1658/3/1
f 1693/3/1 1694/3/1 1659/3/1
f 1659/3/1 1694/3/1 1660/3/1
f 1695/3/1 1696/3/1 1661/3/1
f 1661/3/1 1696/3/1 1662/3/1
f 1697/3/1 1698/3/1 1663/3/1
f 1663/3/1 1698/3/1 1664/3/1
f 1699/3/1 1700/3/1 1665/3/1
f 1665/3/1 1700/3/1 1666/3/1
f 1701/3/1 1702/3/1 1667/3/1
f 1667/3/1 1702/3/1 1668/3/1
f 1703/3/1 1704/3/1 1669/3/1
f 1669/3/1 1704/3/1 1670/3/1
f 1705/3/1 1706/3/1 1672/3/1
f 1672/3/1 1706/3/1 1674/3/1
f 1707/3/1 1708/3/1 1676/3/1
f 1676/3/1 1708/3/1 1678/3/1
f 1709/3/1 1710/3/1 1712/3/1
f 1712/3/1 1710/3/1 1711/3/1
f 1713/3/1 1714/3/1 1716/3/1
f 1716/3/1 1714/3/1 1715/3/1
f 1717/3/1 1718/3/1 1720/3/1
f 1720/3/1 1718/3/1 1719/3/1
f 1721/3/1 1722/3/1 1724/3/1
f 1724/3/1 1722/3/1 1723/3/1
f 1725/3/1 1726/3/1 1728/3/1
f 1728/3/1 1726/3/1 1727/3/1
f 1729/3/1 1730/3/1 1732/3/1
f 1732/3/1 1730/3/1 1731/3/1
f 1733/3/1 1734/3/1 1736/3/1
f 1736/3/1 1734/3/1 1735/3/1
f 1737/3/1 1738/3/1 1740/3/1
f 1740/3/1 1738/3/1 1739/3/1
f 1741/3/1 1742/3/1 1744/3/1
f 1744/3/1 1742/3/1 1743/3/1
f 1745/3/1 1746/3/1 1748/3/1
f 1748/3/1 1746/3/1 1747/3/1
f 1749/3/1 1750/3/1 1752/3/1
f 1752/3/1 1750/3/1 1751/3/1
f 1753/3/1 1754/3/1 1756/3/1
f 1756/3/1 1754/3/1 1755/3/1
f 1757/3/1 1758/3/1 1760/3/1
f 1760/3/1 1758/3/1 1759/3/1
f 1761/3/1 1762/3/1 1764/3/1
f 1764/3/1 1762/3/1 1763/3/1
f 1765/3/1 1766/3/1 1768/3/1
f 1768/3/1 1766/3/1 1767/3/1
f 1769/3/1 1770/3/1 1772/3/1
f 1772/3/1 1770/3/1 1771/3/1
f 1773/3/1 1774/3/1 1776/3/1
f 1776/3/1 1774/3/1 1775/3/1
f 1777/3/1 1778/3/1 1680/3/1
f 1680/3/1 1778/3/1 1682/3/1
f 1779/3/1 1780/3/1 1684/3/1
f 1684/3/1 1780/3/1 1686/3/1
f 1781/10/1 1782/10/1 1687/10/1
f 1687/10/1 1782/10/1 1688/10/1
f 1783/10/1 1784/10/1 1689/10/1
f 1689/10/1 1784/10/1 1690/10/1
f 1785/10/1 1786/10/1 1691/10/1
f 1691/10/1 1786/10/1 1692/10/1
f 1787/10/1 1788/10/1 1693/10/1
f 1693/10/1 1788/10/1 1694/10/1
f 1789/10/1 1790/10/1 1695/10/1
f 1695/10/1 1790/10/1 1696/10/1
f 1791/10/1 1792/10/1 1697/10/1
f 1697/10/1 1792/10/1 1698/10/1
f 1793/10/1 1794/10/1 1699/10/1
f 1699/10/1 1794/10/1 1700/10/1
f 1795/10/1 1796/10/1 1701/10/1
f 1701/10/1 1796/10/1 1702/10/1
f 1797/10/1 1798/10/1 1703/10/1
f 1703/10/1 1798/10/1 1704/10/1
f 1799/10/1 1800/10/1 1705/10/1
f 1705/10/1 1800/10/1 1706/10/1
f 1801/10/1 1802/10/1 1707/10/1
f 1707/10/1 1802/10/1 1708/10/1
f 1803/10/1 1804/10/1 1709/10/1
f 1709/10/1 1804/10/1 1710/10/1
f 1805/10/1 1806/10/1 1713/10/1
f 1713/10/1 1806/10/1 1714/10/1
f 1807/10/1 1808/10/1 1717/10/1
f 1717/10/1 1808/10/1 1718/10/1
f 1809/10/1 1810/10/1 1721/10/1
f 1721/10/1 1810/10/1 1722/10/1
f 1811/10/1 1812/10/1 1725/10/1
f 1725/10/1 1812/10/1 1726/10/1
f 1813/10/1 1814/10/1 1729/10/1
f 1729/10/1 1814/10/1 1730/10/1
f 1815/10/1 1816/10/1 1733/10/1
f 1733/10/1 1816/10/1 1734/10/1
f 1817/10/1 1818/10/1 1737/10/1
f 1737/10/1 1818/10/1 1738/10/1
f 1818/10/1 1819/10/1 1739/10/1
f 1739/10/1 1819/10/1 1744/10/1
f 1820/10/1 1821/10/1 1822/10/1
f 1822/10/1 1821/10/1 1742/10/1
f 1823/10/1 1824/10/1 1745/10/1
f 1745/10/1 1824/10/1 1746/10/1
f 1824/10/1 1825/10/1 1747/10/1
f 1747/10/1 1825/10/1 1752/10/1
f 1826/10/1 1827/10/1 1751/10/1
f 1751/10/1 1827/10/1 1756/10/1
f 1828/10/1 1829/10/1 1755/10/1
f 1755/10/1 1829/10/1 1760/10/1
f 1830/10/1 1831/10/1 1759/10/1
f 1759/10/1 1831/10/1 1764/10/1
f 1832/10/1 1833/10/1 1763/10/1
f 1763/10/1 1833/10/1 1768/10/1
f 1834/10/1 1835/10/1 1767/10/1
f 1767/10/1 1835/10/1 1772/10/1
f 1836/10/1 1837/10/1 1771/10/1
f 1771/10/1 1837/10/1 1776/10/1
f 1838/10/1 1839/10/1 1775/10/1
f 1775/10/1 1839/10/1 1680/10/1
f 1840/10/1 1841/10/1 1682/10/1
f 1682/10/1 1841/10/1 1684/10/1
f 1842/5/1 1843/5/1 1781/5/1
f 1781/5/1 1843/5/1 1782/5/1
f 1843/10/1 1844/10/1 1518/10/1
f 1518/10/1 1844/10/1 1521/10/1
f 1844/5/1 1845/5/1 1783/5/1
f 1783/5/1 1845/5/1 1784/5/1
f 1845/10/1 1846/10/1 1656/10/1
f 1656/10/1 1846/10/1 1657/10/1
f 1846/5/1 1847/5/1 1785/5/1
f 1785/5/1 1847/5/1 1786/5/1
f 1847/10/1 1848/10/1 1658/10/1
f 1658/10/1 1848/10/1 1659/10/1
f 1848/5/1 1849/5/1 1787/5/1
f 1787/5/1 1849/5/1 1788/5/1
f 1849/10/1 1850/10/1 1660/10/1
f 1660/10/1 1850/10/1 1661/10/1
f 1850/5/1 1851/5/1 1789/5/1
f 1789/5/1 1851/5/1 1790/5/1
f 1851/10/1 1852/10/1 1662/10/1
f 1662/10/1 1852/10/1 1663/10/1
f 1852/5/1 1853/5/1 1791/5/1
f 1791/5/1 1853/5/1 1792/5/1
f 1853/10/1 1854/10/1 1664/10/1
f 1664/10/1 1854/10/1 1665/10/1
f 1854/5/1 1855/5/1 1793/5/1
f 1793/5/1 1855/5/1 1794/5/1
f 1855/10/1 1856/10/1 1666/10/1
f 1666/10/1 1856/10/1 1667/10/1
f 1856/5/1 1857/5/1 1795/5/1
f 1795/5/1 1857/5/1 1796/5/1
f 1857/10/1 1858/10/1 1668/10/1
f 1668/10/1 1858/10/1 1669/10/1
f 1858/5/1 1859/5/1 1797/5/1
f 1797/5/1 1859/5/1 1798/5/1
f 1859/10/1 1860/10/1 1670/10/1
f 1670/10/1 1860/10/1 1672/10/1
f 1860/5/1 1861/5/1 1799/5/1
f 1799/5/1 1861/5/1 1800/5/1
f 1861/10/1 1862/10/1 1674/10/1
f 1674/10/1 1862/10/1 1676/10/1
f 1862/5/1 1863/5/1 1801/5/1
f 1801/5/1 1863/5/1 1802/5/1
f 1863/10/1 1864/10/1 1678/10/1
f 1678/10/1 1864/10/1 1712/10/1
f 1864/5/1 1865/5/1 1803/5/1
f 1803/5/1 1865/5/1 1804/5/1
f 1865/10/1 1866/10/1 1711/10/1
f 1711/10/1 1866/10/1 1716/10/1
f 1866/5/1 1867/5/1 1805/5/1
f 1805/5/1 1867/5/1 1806/5/1
f 1867/10/1 1868/10/1 1715/10/1
f 1715/10/1 1868/10/1 1720/10/1
f 1868/5/1 1869/5/1 1807/5/1
f 1807/5/1 1869/5/1 1808/5/1
f 1869/10/1 1870/10/1 1719/10/1
f 1719/10/1 1870/10/1 1724/10/1
f 1870/5/1 1871/5/1 1809/5/1
f 1809/5/1 1871/5/1 1810/5/1
f 1871/10/1 1872/10/1 1723/10/1
f 1723/10/1 1872/10/1 1728/10/1
f 1872/5/1 1873/5/1 1811/5/1
f 1811/5/1 1873/5/1 1812/5/1
f 1873/10/1 1874/10/1 1727/10/1
f 1727/10/1 1874/10/1 1732/10/1
f 1874/5/1 1875/5/1 1813/5/1
f 1813/5/1 1875/5/1 1814/5/1
f 1875/10/1 1876/10/1 1731/10/1
f 1731/10/1 1876/10/1 1736/10/1
f 1876/5/1 1877/5/1 1815/5/1
f 1815/5/1 1877/5/1 1816/5/1
f 1877/10/1 1878/10/1 1735/10/1
f 1735/10/1 1878/10/1 1740/10/1
f 1878/5/1 1879/5/1 1817/5/1
f 1817/5/1 1879/5/1 1880/5/1
f 1879/10/1 1881/10/1 1880/10/1
f 1880/10/1 1881/10/1 1818/10/1
f 1881/5/1 1882/5/1 1818/5/1
f 1818/5/1 1882/5/1 1819/5/1
f 1882/10/1 1883/10/1 1741/10/1
f 1741/10/1 1883/10/1 1822/10/1
f 1883/5/1 1884/5/1 1820/5/1
f 1820/5/1 1884/5/1 1821/5/1
f 1884/10/1 1885/10/1 1743/10/1
f 1743/10/1 1885/10/1 1748/10/1
f 1885/5/1 1886/5/1 1823/5/1
f 1823/5/1 1886/5/1 1887/5/1
f 1886/10/1 1888/10/1 1887/10/1
f 1887/10/1 1888/10/1 1824/10/1
f 1888/5/1 1889/5/1 1824/5/1
f 1824/5/1 1889/5/1 1825/5/1
f 1889/10/1 1890/10/1 1749/10/1
f 1749/10/1 1890/10/1 1750/10/1
f 1890/5/1 1891/5/1 1826/5/1
f 1826/5/1 1891/5/1 1827/5/1
f 1891/10/1 1892/10/1 1753/10/1
f 1753/10/1 1892/10/1 1754/10/1
f 1892/5/1 1893/5/1 1828/5/1
f 1828/5/1 1893/5/1 1829/5/1
f 1893/10/1 1894/10/1 1757/10/1
f 1757/10/1 1894/10/1 1758/10/1
f 1894/5/1 1895/5/1 1830/5/1
f 1830/5/1 1895/5/1 1831/5/1
f 1895/10/1 1896/10/1 1761/10/1
f 1761/10/1 1896/10/1 1762/10/1
f 1896/5/1 1897/5/1 1832/5/1
f 1832/5/1 1897/5/1 1833/5/1
f 1897/10/1 1898/10/1 1765/10/1
f 1765/10/1 1898/10/1 1766/10/1
f 1898/5/1 1899/5/1 1834/5/1
f 1834/5/1 1899/5/1 1835/5/1
f 1899/10/1 1900/10/1 1769/10/1
f 1769/10/1 1900/10/1 1770/10/1
f 1900/5/1 1901/5/1 1836/5/1
f 1836/5/1 1901/5/1 1837/5/1
f 1901/10/1 1902/10/1 1773/10/1
f 1773/10/1 1902/10/1 1774/10/1
f 1902/5/1 1903/5/1 1838/5/1
f 1838/5/1 1903/5/1 1839/5/1
f 1903/10/1 1904/10/1 1777/10/1
f 1777/10/1 1904/10/1 1778/10/1
f 1904/5/1 1905/5/1 1840/5/1
f 1840/5/1 1905/5/1 1841/5/1
f 1905/10/1 1906/10/1 1779/10/1
f 1779/10/1 1906/10/1 1780/10/1
f 1907/2/2 858/2/2 1908/2/2
f 1908/2/2 858/2/2 861/2/2
f 863/2/3 858/2/3 1909/2/3
f 1909/2/3 858/2/3 1907/2/3
f 865/8/3 863/8/3 1910/8/3
f 1910/8/3 863/8/3 1909/8/3
f 867/2/3 865/2/3 1911/2/3
f 1911/2/3 865/2/3 1910/2/3
f 869/8/3 867/8/3 1912/8/3
f 1912/8/3 867/8/3 1911/8/3
f 871/2/3 869/2/3 1913/2/3
f 1913/2/3 869/2/3 1912/2/3
f 873/6/3 871/6/3 1914/6/3
f 1914/6/3 871/6/3 1913/6/3
f 875/2/3 873/2/3 1915/2/3
f 1915/2/3 873/2/3 1914/2/3
f 877/6/3 875/6/3 1916/6/3
f 1916/6/3 875/6/3 1915/6/3
f 879/2/3 877/2/3 1917/2/3
f 1917/2/3 877/2/3 1916/2/3
f 1918/10/3 1919/10/3 1920/10/3
f 1920/10/3 1919/10/3 1917/10/3
f 827/10/3 879/10/3 1513/10/3
f 1513/10/3 879/10/3 1919/10/3
f 1513/5/3 1918/5/3 1516/5/3
f 1516/5/3 1918/5/3 1921/5/3
f 1516/10/3 1921/10/3 1525/10/3
f 1525/10/3 1921/10/3 1922/10/3
f 1525/5/3 1922/5/3 1532/5/3
f 1532/5/3 1922/5/3 1923/5/3
f 1532/10/3 1923/10/3 1538/10/3
f 1538/10/3 1923/10/3 1924/10/3
f 1538/5/3 1924/5/3 1545/5/3
f 1545/5/3 1924/5/3 1925/5/3
f 1545/10/3 1925/10/3 1553/10/3
f 1553/10/3 1925/10/3 1926/10/3
f 1553/5/3 1926/5/3 1560/5/3
f 1560/5/3 1926/5/3 1927/5/3
f 1560/10/3 1927/10/3 1568/10/3
f 1568/10/3 1927/10/3 1928/10/3
f 1568/5/3 1928/5/3 1578/5/3
f 1578/5/3 1928/5/3 1929/5/3
f 1578/10/3 1929/10/3 1589/10/3
f 1589/10/3 1929/10/3 1930/10/3
f 1589/5/3 1930/5/3 1601/5/3
f 1601/5/3 1930/5/3 1931/5/3
f 1601/10/3 1931/10/3 1614/10/3
f 1614/10/3 1931/10/3 1932/10/3
f 1614/5/3 1932/5/3 1632/5/3
f 1632/5/3 1932/5/3 1933/5/3
f 1632/10/3 1933/10/3 1653/10/3
f 1653/10/3 1933/10/3 1934/10/3
f 1653/5/3 1934/5/3 1687/5/3
f 1687/5/3 1934/5/3 1935/5/3
f 1687/10/3 1935/10/3 1781/10/3
f 1781/10/3 1935/10/3 1936/10/3
f 1781/5/3 1936/5/3 1842/5/3
f 1842/5/3 1936/5/3 1920/5/3
f 1937/5/6 1843/5/6 1920/5/6
f 1920/5/6 1843/5/6 1842/5/6
f 1938/10/6 1844/10/6 1937/10/6
f 1937/10/6 1844/10/6 1843/10/6
f 1939/5/6 1845/5/6 1938/5/6
f 1938/5/6 1845/5/6 1844/5/6
f 1940/10/6 1846/10/6 1939/10/6
f 1939/10/6 1846/10/6 1845/10/6
f 1941/5/6 1847/5/6 1940/5/6
f 1940/5/6 1847/5/6 1846/5/6
f 1942/10/6 1848/10/6 1941/10/6
f 1941/10/6 1848/10/6 1847/10/6
f 1943/5/6 1849/5/6 1942/5/6
f 1942/5/6 1849/5/6 1848/5/6
f 1944/10/6 1850/10/6 1943/10/6
f 1943/10/6 1850/10/6 1849/10/6
f 1945/5/6 1851/5/6 1944/5/6
f 1944/5/6 1851/5/6 1850/5/6
f 1946/10/6 1852/10/6 1945/10/6
f 1945/10/6 1852/10/6 1851/10/6
f 1947/5/6 1853/5/6 1946/5/6
f 1946/5/6 1853/5/6 1852/5/6
f 1948/10/6 1854/10/6 1947/10/6
f 1947/10/6 1854/10/6 1853/10/6
f 1949/5/6 1855/5/6 1948/5/6
f 1948/5/6 1855/5/6 1854/5/6
f 1950/10/6 1856/10/6 1949/10/6
f 1949/10/6 1856/10/6 1855/10/6
f 1951/5/6 1857/5/6 1950/5/6
f 1950/5/6 1857/5/6 1856/5/6
f 1952/10/6 1858/10/6 1951/10/6
f 1951/10/6 1858/10/6 1857/10/6
f 1953/5/6 1859/5/6 1952/5/6
f 1952/5/6 1859/5/6 1858/5/6
f 1954/10/6 1860/10/6 1953/10/6
f 1953/10/6 1860/10/6 1859/10/6
f 1955/5/6 1861/5/6 1954/5/6
f 1954/5/6 1861/5/6 1860/5/6
f 1956/10/6 1862/10/6 1955/10/6
f 1955/10/6 1862/10/6 1861/10/6
f 1957/5/6 1863/5/6 1956/5/6
f 1956/5/6 1863/5/6 1862/5/6
f 1958/10/6 1864/10/6 1957/10/6
f 1957/10/6 1864/10/6 1863/10/6
f 1959/5/6 1865/5/6 1958/5/6
f 1958/5/6 1865/5/6 1864/5/6
f 1960/10/6 1866/10/6 1959/10/6
f 1959/10/6 1866/10/6 1865/10/6
f 1961/5/6 1867/5/6 1960/5/6
f 1960/5/6 1867/5/6 1866/5/6
f 1962/10/6 1868/10/6 1961/10/6
f 1961/10/6 1868/10/6 1867/10/6
f 1963/5/6 1869/5/6 1962/5/6
f 1962/5/6 1869/5/6 1868/5/6
f 1964/10/6 1870/10/6 1963/10/6
f 1963/10/6 1870/10/6 1869/10/6
f 1965/5/6 1871/5/6 1964/5/6
f 1964/5/6 1871/5/6 1870/5/6
f 1966/10/6 1872/10/6 1965/10/6
f 1965/10/6 1872/10/6 1871/10/6
f 1967/5/6 1873/5/6 1966/5/6
f 1966/5/6 1873/5/6 1872/5/6
f 1968/10/6 1874/10/6 1967/10/6
f 1967/10/6 1874/10/6 1873/10/6
f 1969/5/6 1875/5/6 1968/5/6
f 1968/5/6 1875/5/6 1874/5/6
f 1970/10/6 1876/10/6 1969/10/6
f 1969/10/6 1876/10/6 1875/10/6
f 1971/5/6 1877/5/6 1970/5/6
f 1970/5/6 1877/5/6 1876/5/6
f 1972/10/6 1878/10/6 1971/10/6
f 1971/10/6 1878/10/6 1877/10/6
f 1973/5/6 1879/5/6 1972/5/6
f 1972/5/6 1879/5/6 1878/5/6
f 1974/10/6 1881/10/6 1973/10/6
f 1973/10/6 1881/10/6 1879/10/6
f 1975/5/6 1882/5/6 1974/5/6
f 1974/5/6 1882/5/6 1881/5/6
f 1976/10/6 1883/10/6 1975/10/6
f 1975/10/6 1883/10/6 1882/10/6
f 1977/5/6 1884/5/6 1976/5/6
f 1976/5/6 1884/5/6 1883/5/6
f 1978/10/6 1885/10/6 1977/10/6
f 1977/10/6 1885/10/6 1884/10/6
f 1979/5/6 1886/5/6 1978/5/6
f 1978/5/6 1886/5/6 1885/5/6
f 1980/10/6 1888/10/6 1979/10/6
f 1979/10/6 1888/10/6 1886/10/6
f 1981/5/6 1889/5/6 1980/5/6
f 1980/5/6 1889/5/6 1888/5/6
f 1982/10/6 1890/10/6 1981/10/6
f 1981/10/6 1890/10/6 1889/10/6
f 1983/5/6 1891/5/6 1982/5/6
f 1982/5/6 1891/5/6 1890/5/6
f 1984/10/6 1892/10/6 1983/10/6
f 1983/10/6 1892/10/6 1891/10/6
f 1985/5/6 1893/5/6 1984/5/6
f 1984/5/6 1893/5/6 1892/5/6
f 1986/10/6 1894/10/6 1985/10/6
f 1985/10/6 1894/10/6 1893/10/6
f 1987/5/6 1895/5/6 1986/5/6
f 1986/5/6 1895/5/6 1894/5/6
f 1988/10/6 1896/10/6 1987/10/6
f 1987/10/6 1896/10/6 1895/10/6
f 1989/5/6 1897/5/6 1988/5/6
f 1988/5/6 1897/5/6 1896/5/6
f 1990/10/6 1898/10/6 1989/10/6
f 1989/10/6 1898/10/6 1897/10/6
f 1991/5/6 1899/5/6 1990/5/6
f 1990/5/6 1899/5/6 1898/5/6
f 1992/10/6 1900/10/6 1991/10/6
f 1991/10/6 1900/10/6 1899/10/6
f 1993/5/6 1901/5/6 1992/5/6
f 1992/5/6 1901/5/6 1900/5/6
f 1994/10/6 1902/10/6 1993/10/6
f 1993/10/6 1902/10/6 1901/10/6
f 1995/5/6 1903/5/6 1994/5/6
f 1994/5/6 1903/5/6 1902/5/6
f 1996/10/6 1904/10/6 1995/10/6
f 1995/10/6 1904/10/6 1903/10/6
f 1997/5/6 1905/5/6 1996/5/6
f 1996/5/6 1905/5/6 1904/5/6
f 1908/2/6 1998/2/6 1907/2/6
f 1907/2/6 1998/2/6 1909/2/6
f 1998/8/6 1999/8/6 1909/8/6
f 1909/8/6 1999/8/6 1910/8/6
f 1999/2/6 2000/2/6 1910/2/6
f 1910/2/6 2000/2/6 1911/2/6
f 2000/8/6 2001/8/6 1911/8/6
f 1911/8/6 2001/8/6 1912/8/6
f 2001/2/6 2002/2/6 1912/2/6
f 1912/2/6 2002/2/6 1913/2/6
f 2002/6/6 2003/6/6 1913/6/6
f 1913/6/6 2003/6/6 1914/6/6
f 2003/2/6 2004/2/6 1914/2/6
f 1914/2/6 2004/2/6 1915/2/6
f 2004/6/6 2005/6/6 1915/6/6
f 1915/6/6 2005/6/6 1916/6/6
f 2005/2/6 2006/2/6 1916/2/6
f 1916/2/6 2006/2/6 1917/2/6
f 2006/10/6 2007/10/6 1917/10/6
f 1917/10/6 2007/10/6 1920/10/6
f 2007/10/6 1906/10/6 1997/10/6
f 1997/10/6 1906/10/6 1905/10/6
f 2008/3/1 2009/3/1 1408/3/1
f 1408/3/1 2009/3/1 1409/3/1
f 2009/10/1 2010/10/1 1409/10/1
f 1409/10/1 2010/10/1 1411/10/1
f 2010/5/1 2011/5/1 1411/5/1
f 1411/5/1 2011/5/1 1412/5/1
f 2012/3/1 2013/3/1 1407/3/1
f 1407/3/1 2013/3/1 1408/3/1
f 2013/10/1 2014/10/1 2008/10/1
f 2008/10/1 2014/10/1 2009/10/1
f 2014/3/1 2015/3/1 2009/3/1
f 2009/3/1 2015/3/1 2016/3/1
f 2017/10/1 2018/10/1 2010/10/1
f 2010/10/1 2018/10/1 2011/10/1
f 2019/10/1 2020/10/1 2012/10/1
f 2012/10/1 2020/10/1 2013/10/1
f 2020/3/1 2021/3/1 2013/3/1
f 2013/3/1 2021/3/1 2014/3/1
f 2021/10/1 2022/10/1 2014/10/1
f 2014/10/1 2022/10/1 2015/10/1
f 2023/5/1 2024/5/1 2017/5/1
f 2017/5/1 2024/5/1 2018/5/1
f 2025/3/1 2026/3/1 2019/3/1
f 2019/3/1 2026/3/1 2020/3/1
f 2026/10/1 2027/10/1 2020/10/1
f 2020/10/1 2027/10/1 2021/10/1
f 2027/3/1 2028/3/1 2021/3/1
f 2021/3/1 2028/3/1 2022/3/1
f 2029/10/1 2030/10/1 2023/10/1
f 2023/10/1 2030/10/1 2024/10/1
f 2031/3/1 2032/3/1 1406/3/1
f 1406/3/1 2032/3/1 1407/3/1
f 2032/10/1 2033/10/1 2025/10/1
f 2025/10/1 2033/10/1 2026/10/1
f 2033/3/1 2034/3/1 2026/3/1
f 2026/3/1 2034/3/1 2027/3/1
f 2034/10/1 2035/10/1 2027/10/1
f 2027/10/1 2035/10/1 2028/10/1
f 2036/5/1 2037/5/1 2029/5/1
f 2029/5/1 2037/5/1 2030/5/1
f 2038/10/1 2039/10/1 2031/10/1
f 2031/10/1 2039/10/1 2032/10/1
f 2039/3/1 2040/3/1 2032/3/1
f 2032/3/1 2040/3/1 2033/3/1
f 2040/10/1 2041/10/1 2033/10/1
f 2033/10/1 2041/10/1 2034/10/1
f 2041/3/1 2042/3/1 2034/3/1
f 2034/3/1 2042/3/1 2035/3/1
f 2043/10/1 2044/10/1 2036/10/1
f 2036/10/1 2044/10/1 2037/10/1
f 2045/3/1 2046/3/1 2038/3/1
f 2038/3/1 2046/3/1 2039/3/1
f 2046/10/1 2047/10/1 2039/10/1
f 2039/10/1 2047/10/1 2040/10/1
f 2047/3/1 2048/3/1 2040/3/1
f 2040/3/1 2048/3/1 2041/3/1
f 2048/10/1 2049/10/1 2041/10/1
f 2041/10/1 2049/10/1 2042/10/1
f 2050/5/1 2051/5/1 2043/5/1
f 2043/5/1 2051/5/1 2044/5/1
f 2052/3/1 2053/3/1 1405/3/1
f 1405/3/1 2053/3/1 1406/3/1
f 2053/10/1 2054/10/1 2045/10/1
f 2045/10/1 2054/10/1 2046/10/1
f 2054/3/1 2055/3/1 2046/3/1
f 2046/3/1 2055/3/1 2047/3/1
f 2055/10/1 2056/10/1 2047/10/1
f 2047/10/1 2056/10/1 2048/10/1
f 2056/3/1 2057/3/1 2048/3/1
f 2048/3/1 2057/3/1 2049/3/1
f 2058/10/1 2059/10/1 2050/10/1
f 2050/10/1 2059/10/1 2051/10/1
f 2060/3/1 2061/3/1 1404/3/1
f 1404/3/1 2061/3/1 1405/3/1
f 2061/10/1 2062/10/1 2052/10/1
f 2052/10/1 2062/10/1 2053/10/1
f 2062/3/1 2063/3/1 2053/3/1
f 2053/3/1 2063/3/1 2054/3/1
f 2063/10/1 2064/10/1 2054/10/1
f 2054/10/1 2064/10/1 2055/10/1
f 2064/3/1 2065/3/1 2055/3/1
f 2055/3/1 2065/3/1 2056/3/1
f 2065/10/1 2066/10/1 2056/10/1
f 2056/10/1 2066/10/1 2057/10/1
f 2067/5/1 2068/5/1 2058/5/1
f 2058/5/1 2068/5/1 2059/5/1
f 2069/3/1 2070/3/1 1403/3/1
f 1403/3/1 2070/3/1 1404/3/1
f 2070/10/1 2071/10/1 2060/10/1
f 2060/10/1 2071/10/1 2061/10/1
f 2071/3/1 2072/3/1 2061/3/1
f 2061/3/1 2072/3/1 2062/3/1
f 2072/10/1 2073/10/1 2062/10/1
f 2062/10/1 2073/10/1 2063/10/1
f 2073/3/1 2074/3/1 2063/3/1
f 2063/3/1 2074/3/1 2064/3/1
f 2074/10/1 2075/10/1 2064/10/1
f 2064/10/1 2075/10/1 2065/10/1
f 2075/3/1 2076/3/1 2065/3/1
f 2065/3/1 2076/3/1 2066/3/1
f 2077/10/1 2078/10/1 2067/10/1
f 2067/10/1 2078/10/1 2068/10/1
f 2079/3/1 2080/3/1 1402/3/1
f 1402/3/1 2080/3/1 1403/3/1
f 2080/10/1 2081/10/1 2069/10/1
f 2069/10/1 2081/10/1 2070/10/1
f 2081/3/1 2082/3/1 2070/3/1
f 2070/3/1 2082/3/1 2071/3/1
f 2082/10/1 2083/10/1 2071/10/1
f 2071/10/1 2083/10/1 2072/10/1
f 2083/3/1 2084/3/1 2072/3/1
f 2072/3/1 2084/3/1 2073/3/1
f 2084/10/1 2085/10/1 2073/10/1
f 2073/10/1 2085/10/1 2074/10/1
f 2085/3/1 2086/3/1 2074/3/1
f 2074/3/1 2086/3/1 2075/3/1
f 2086/10/1 2087/10/1 2075/10/1
f 2075/10/1 2087/10/1 2076/10/1
f 2088/5/1 2089/5/1 2077/5/1
f 2077/5/1 2089/5/1 2078/5/1
f 2090/3/1 2091/3/1 1399/3/1
f 1399/3/1 2091/3/1 1402/3/1
f 2091/10/1 2092/10/1 2079/10/1
f 2079/10/1 2092/10/1 2080/10/1
f 2092/3/1 2093/3/1 2080/3/1
f 2080/3/1 2093/3/1 2081/3/1
f 2093/10/1 2094/10/1 2081/10/1
f 2081/10/1 2094/10/1 2082/10/1
f 2094/3/1 2095/3/1 2082/3/1
f 2082/3/1 2095/3/1 2083/3/1
f 2095/10/1 2096/10/1 2083/10/1
f 2083/10/1 2096/10/1 2084/10/1
f 2096/3/1 2097/3/1 2084/3/1
f 2084/3/1 2097/3/1 2085/3/1
f 2097/10/1 2098/10/1 2085/10/1
f 2085/10/1 2098/10/1 2086/10/1
f 2098/3/1 2099/3/1 2086/3/1
f 2086/3/1 2099/3/1 2087/3/1
f 2100/10/1 2101/10/1 2088/10/1
f 2088/10/1 2101/10/1 2089/10/1
f 2102/3/1 2103/3/1 1396/3/1
f 1396/3/1 2103/3/1 1399/3/1
f 2103/10/1 2104/10/1 2090/10/1
f 2090/10/1 2104/10/1 2105/10/1
f 2104/3/1 2106/3/1 2105/3/1
f 2105/3/1 2106/3/1 2107/3/1
f 2106/10/1 2108/10/1 2107/10/1
f 2107/10/1 2108/10/1 2091/10/1
f 2108/3/1 2109/3/1 2091/3/1
f 2091/3/1 2109/3/1 2092/3/1
f 2109/10/1 2110/10/1 2092/10/1
f 2092/10/1 2110/10/1 2093/10/1
f 2110/3/1 2111/3/1 2093/3/1
f 2093/3/1 2111/3/1 2094/3/1
f 2111/10/1 2112/10/1 2094/10/1
f 2094/10/1 2112/10/1 2095/10/1
f 2112/3/1 2113/3/1 2095/3/1
f 2095/3/1 2113/3/1 2096/3/1
f 2113/10/1 2114/10/1 2096/10/1
f 2096/10/1 2114/10/1 2097/10/1
f 2114/3/1 2115/3/1 2097/3/1
f 2097/3/1 2115/3/1 2098/3/1
f 2115/10/1 2116/10/1 2098/10/1
f 2098/10/1 2116/10/1 2099/10/1
f 2117/5/1 2118/5/1 2100/5/1
f 2100/5/1 2118/5/1 2101/5/1
f 2119/3/1 2120/3/1 1395/3/1
f 1395/3/1 2120/3/1 1396/3/1
f 2120/10/1 2121/10/1 2102/10/1
f 2102/10/1 2121/10/1 2122/10/1
f 2121/3/1 2123/3/1 2122/3/1
f 2122/3/1 2123/3/1 2124/3/1
f 2123/10/1 2125/10/1 2124/10/1
f 2124/10/1 2125/10/1 2103/10/1
f 2125/3/1 2126/3/1 2103/3/1
f 2103/3/1 2126/3/1 2104/3/1
f 2126/10/1 2127/10/1 2104/10/1
f 2104/10/1 2127/10/1 2106/10/1
f 2127/3/1 2128/3/1 2106/3/1
f 2106/3/1 2128/3/1 2108/3/1
f 2128/10/1 2129/10/1 2108/10/1
f 2108/10/1 2129/10/1 2109/10/1
f 2129/3/1 2130/3/1 2109/3/1
f 2109/3/1 2130/3/1 2110/3/1
f 2130/10/1 2131/10/1 2110/10/1
f 2110/10/1 2131/10/1 2111/10/1
f 2131/3/1 2132/3/1 2111/3/1
f 2111/3/1 2132/3/1 2112/3/1
f 2132/10/1 2133/10/1 2112/10/1
f 2112/10/1 2133/10/1 2113/10/1
f 2133/3/1 2134/3/1 2113/3/1
f 2113/3/1 2134/3/1 2114/3/1
f 2134/10/1 2135/10/1 2114/10/1
f 2114/10/1 2135/10/1 2115/10/1
f 2135/3/1 2136/3/1 2115/3/1
f 2115/3/1 2136/3/1 2116/3/1
f 2137/10/1 2138/10/1 2117/10/1
f 2117/10/1 2138/10/1 2118/10/1
f 1686/3/1 2139/3/1 857/3/1
f 857/3/1 2139/3/1 1395/3/1
f 2139/10/1 2140/10/1 2119/10/1
f 2119/10/1 2140/10/1 2120/10/1
f 2140/3/1 2141/3/1 2120/3/1
f 2120/3/1 2141/3/1 2121/3/1
f 2141/10/1 2142/10/1 2121/10/1
f 2121/10/1 2142/10/1 2123/10/1
f 2142/3/1 2143/3/1 2123/3/1
f 2123/3/1 2143/3/1 2125/3/1
f 2143/10/1 2144/10/1 2125/10/1
f 2125/10/1 2144/10/1 2126/10/1
f 2144/3/1 2145/3/1 2126/3/1
f 2126/3/1 2145/3/1 2127/3/1
f 2145/10/1 2146/10/1 2127/10/1
f 2127/10/1 2146/10/1 2128/10/1
f 2146/3/1 2147/3/1 2128/3/1
f 2128/3/1 2147/3/1 2129/3/1
f 2147/10/1 2148/10/1 2129/10/1
f 2129/10/1 2148/10/1 2130/10/1
f 2148/3/1 2149/3/1 2130/3/1
f 2130/3/1 2149/3/1 2131/3/1
f 2149/10/1 2150/10/1 2131/10/1
f 2131/10/1 2150/10/1 2132/10/1
f 2150/3/1 2151/3/1 2132/3/1
f 2132/3/1 2151/3/1 2133/3/1
f 2151/10/1 2152/10/1 2133/10/1
f 2133/10/1 2152/10/1 2134/10/1
f 2152/3/1 2153/3/1 2134/3/1
f 2134/3/1 2153/3/1 2135/3/1
f 2153/10/1 2154/10/1 2135/10/1
f 2135/10/1 2154/10/1 2136/10/1
f 2155/5/1 2156/5/1 2137/5/1
f 2137/5/1 2156/5/1 2138/5/1
f 2157/3/1 2158/3/1 2139/3/1
f 2139/3/1 2158/3/1 2140/3/1
f 2159/3/1 2160/3/1 2141/3/1
f 2141/3/1 2160/3/1 2142/3/1
f 2161/3/1 2162/3/1 2143/3/1
f 2143/3/1 2162/3/1 2144/3/1
f 2163/3/1 2164/3/1 2145/3/1
f 2145/3/1 2164/3/1 2146/3/1
f 2165/3/1 2166/3/1 2147/3/1
f 2147/3/1 2166/3/1 2148/3/1
f 2167/3/1 2168/3/1 2149/3/1
f 2149/3/1 2168/3/1 2150/3/1
f 2169/3/1 2170/3/1 2151/3/1
f 2151/3/1 2170/3/1 2152/3/1
f 2171/3/1 2172/3/1 2153/3/1
f 2153/3/1 2172/3/1 2154/3/1
f 2173/10/1 2174/10/1 2155/10/1
f 2155/10/1 2174/10/1 2156/10/1
f 2175/10/1 2176/10/1 1686/10/1
f 1686/10/1 2176/10/1 2139/10/1
f 2177/10/1 2178/10/1 2140/10/1
f 2140/10/1 2178/10/1 2141/10/1
f 2179/10/1 2180/10/1 2142/10/1
f 2142/10/1 2180/10/1 2143/10/1
f 2181/10/1 2182/10/1 2144/10/1
f 2144/10/1 2182/10/1 2145/10/1
f 2183/10/1 2184/10/1 2146/10/1
f 2146/10/1 2184/10/1 2147/10/1
f 2185/10/1 2186/10/1 2148/10/1
f 2148/10/1 2186/10/1 2149/10/1
f 2187/10/1 2188/10/1 2150/10/1
f 2150/10/1 2188/10/1 2151/10/1
f 2189/10/1 2190/10/1 2152/10/1
f 2152/10/1 2190/10/1 2153/10/1
f 2191/10/1 2192/10/1 2016/10/1
f 2016/10/1 2192/10/1 2010/10/1
f 2192/5/1 2193/5/1 2173/5/1
f 2173/5/1 2193/5/1 2174/5/1
f 1906/5/1 2194/5/1 2175/5/1
f 2175/5/1 2194/5/1 2176/5/1
f 2194/10/1 2195/10/1 2157/10/1
f 2157/10/1 2195/10/1 2158/10/1
f 2195/5/1 2196/5/1 2177/5/1
f 2177/5/1 2196/5/1 2178/5/1
f 2196/10/1 2197/10/1 2159/10/1
f 2159/10/1 2197/10/1 2160/10/1
f 2197/5/1 2198/5/1 2179/5/1
f 2179/5/1 2198/5/1 2180/5/1
f 2198/10/1 2199/10/1 2161/10/1
f 2161/10/1 2199/10/1 2162/10/1
f 2199/5/1 2200/5/1 2181/5/1
f 2181/5/1 2200/5/1 2182/5/1
f 2200/10/1 2201/10/1 2163/10/1
f 2163/10/1 2201/10/1 2164/10/1
f 2201/5/1 2202/5/1 2183/5/1
f 2183/5/1 2202/5/1 2184/5/1
f 2202/10/1 2203/10/1 2165/10/1
f 2165/10/1 2203/10/1 2166/10/1
f 2203/5/1 2204/5/1 2185/5/1
f 2185/5/1 2204/5/1 2186/5/1
f 2204/10/1 2205/10/1 2167/10/1
f 2167/10/1 2205/10/1 2168/10/1
f 2205/5/1 2206/5/1 2187/5/1
f 2187/5/1 2206/5/1 2188/5/1
f 2206/10/1 2207/10/1 2169/10/1
f 2169/10/1 2207/10/1 2170/10/1
f 2207/5/1 2208/5/1 2189/5/1
f 2189/5/1 2208/5/1 2190/5/1
f 2208/10/1 2209/10/1 2171/10/1
f 2171/10/1 2209/10/1 2172/10/1
f 2209/5/1 2210/5/1 2191/5/1
f 2191/5/1 2210/5/1 2192/5/1
f 2210/10/1 2211/10/1 2192/10/1
f 2192/10/1 2211/10/1 2193/10/1
f 1908/2/2 861/2/2 2212/2/2
f 2212/2/2 861/2/2 1414/2/2
f 1416/2/5 2213/2/5 1414/2/5
f 1414/2/5 2213/2/5 2212/2/5
f 1418/8/5 2214/8/5 1416/8/5
f 1416/8/5 2214/8/5 2213/8/5
f 1420/2/5 2215/2/5 1418/2/5
f 1418/2/5 2215/2/5 2214/2/5
f 1422/8/5 2216/8/5 1420/8/5
f 1420/8/5 2216/8/5 2215/8/5
f 1424/2/5 2217/2/5 1422/2/5
f 1422/2/5 2217/2/5 2216/2/5
f 1426/6/5 2218/6/5 1424/6/5
f 1424/6/5 2218/6/5 2217/6/5
f 1428/2/5 2219/2/5 1426/2/5
f 1426/2/5 2219/2/5 2218/2/5
f 1430/6/5 2220/6/5 1428/6/5
f 1428/6/5 2220/6/5 2219/6/5
f 1432/2/5 2221/2/5 1430/2/5
f 1430/2/5 2221/2/5 2220/2/5
f 1434/10/5 2222/10/5 1432/10/5
f 1432/10/5 2222/10/5 2221/10/5
f 1412/5/5 2011/5/5 1434/5/5
f 1434/5/5 2011/5/5 2223/5/5
f 2011/10/5 2018/10/5 2223/10/5
f 2223/10/5 2018/10/5 2224/10/5
f 2018/5/5 2024/5/5 2224/5/5
f 2224/5/5 2024/5/5 2225/5/5
f 2024/10/5 2030/10/5 2225/10/5
f 2225/10/5 2030/10/5 2226/10/5
f 2030/5/5 2037/5/5 2226/5/5
f 2226/5/5 2037/5/5 2227/5/5
f 2037/10/5 2044/10/5 2227/10/5
f 2227/10/5 2044/10/5 2228/10/5
f 2044/5/5 2051/5/5 2228/5/5
f 2228/5/5 2051/5/5 2229/5/5
f 2051/10/5 2059/10/5 2229/10/5
f 2229/10/5 2059/10/5 2230/10/5
f 2059/5/5 2068/5/5 2230/5/5
f 2230/5/5 2068/5/5 2231/5/5
f 2068/10/5 2078/10/5 2231/10/5
f 2231/10/5 2078/10/5 2232/10/5
f 2078/5/5 2089/5/5 2232/5/5
f 2232/5/5 2089/5/5 2233/5/5
f 2089/10/5 2101/10/5 2233/10/5
f 2233/10/5 2101/10/5 2234/10/5
f 2101/5/5 2118/5/5 2234/5/5
f 2234/5/5 2118/5/5 2235/5/5
f 2118/10/5 2138/10/5 2235/10/5
f 2235/10/5 2138/10/5 2236/10/5
f 2138/5/5 2156/5/5 2236/5/5
f 2236/5/5 2156/5/5 2237/5/5
f 2156/10/5 2174/10/5 2237/10/5
f 2237/10/5 2174/10/5 2238/10/5
f 2174/5/5 2193/5/5 2238/5/5
f 2238/5/5 2193/5/5 2239/5/5
f 2193/10/5 2211/10/5 2239/10/5
f 2239/10/5 2211/10/5 2222/10/5
f 2240/5/6 2194/5/6 2007/5/6
f 2007/5/6 2194/5/6 1906/5/6
f 2241/10/6 2195/10/6 2240/10/6
f 2240/10/6 2195/10/6 2194/10/6
f 2242/5/6 2196/5/6 2241/5/6
f 2241/5/6 2196/5/6 2195/5/6
f 2243/10/6 2197/10/6 2242/10/6
f 2242/10/6 2197/10/6 2196/10/6
f 2244/5/6 2198/5/6 2243/5/6
f 2243/5/6 2198/5/6 2197/5/6
f 2245/10/6 2199/10/6 2244/10/6
f 2244/10/6 2199/10/6 2198/10/6
f 2246/5/6 2200/5/6 2245/5/6
f 2245/5/6 2200/5/6 2199/5/6
f 2247/10/6 2201/10/6 2246/10/6
f 2246/10/6 2201/10/6 2200/10/6
f 2248/5/6 2202/5/6 2247/5/6
f 2247/5/6 2202/5/6 2201/5/6
f 2249/10/6 2203/10/6 2248/10/6
f 2248/10/6 2203/10/6 2202/10/6
f 2250/5/6 2204/5/6 2249/5/6
f 2249/5/6 2204/5/6 2203/5/6
f 2251/10/6 2205/10/6 2250/10/6
f 2250/10/6 2205/10/6 2204/10/6
f 2252/5/6 2206/5/6 2251/5/6
f 2251/5/6 2206/5/6 2205/5/6
f 2253/10/6 2207/10/6 2252/10/6
f 2252/10/6 2207/10/6 2206/10/6
f 2254/5/6 2208/5/6 2253/5/6
f 2253/5/6 2208/5/6 2207/5/6
f 2255/10/6 2209/10/6 2254/10/6
f 2254/10/6 2209/10/6 2208/10/6
f 2256/5/6 2210/5/6 2255/5/6
f 2255/5/6 2210/5/6 2209/5/6
f 2212/2/6 2213/2/6 1908/2/6
f 1908/2/6 2213/2/6 1998/2/6
f 2213/8/6 2214/8/6 1998/8/6
f 1998/8/6 2214/8/6 1999/8/6
f 2214/2/6 2215/2/6 1999/2/6
f 1999/2/6 2215/2/6 2000/2/6
f 2215/8/6 2216/8/6 2000/8/6
f 2000/8/6 2216/8/6 2001/8/6
f 2216/2/6 2217/2/6 2001/2/6
f 2001/2/6 2217/2/6 2002/2/6
f 2217/6/6 2218/6/6 2002/6/6
f 2002/6/6 2218/6/6 2003/6/6
f 2218/2/6 2219/2/6 2003/2/6
f 2003/2/6 2219/2/6 2004/2/6
f 2219/6/6 2220/6/6 2004/6/6
f 2004/6/6 2220/6/6 2005/6/6
f 2220/2/6 2221/2/6 2005/2/6
f 2005/2/6 2221/2/6 2006/2/6
f 2221/10/6 2222/10/6 2006/10/6
f 2006/10/6 2222/10/6 2007/10/6
f 2222/10/6 2211/10/6 2256/10/6
f 2256/10/6 2211/10/6 2210/10/6
