# Vengi binary mesh normalized for Tanks of Freedom II

mtllib ../../materials/vox_grass.mtl
o sand_tile

v 4 4 3.9
v 3.9 4 3.9
v 3.9 4 4
v 4 4 4
v 3.8 4 3.9
v 3.8 4 4
v 3.7 4 3.9
v 3.6 4 3.9
v 3.6 4 4
v 3.7 4 4
v 3.5 4 3.9
v 3.4 4 3.9
v 3.4 4 4
v 3.5 4 4
v 3.3 4 3.9
v 3.2 4 3.9
v 3.2 4 4
v 3.3 4 4
v 3.1 4 3.9
v 3 4 3.9
v 3 4 4
v 3.1 4 4
v 2.9 4 3.9
v 2.8 4 3.9
v 2.8 4 4
v 2.9 4 4
v 2.7 4 3.9
v 2.6 4 3.9
v 2.6 4 4
v 2.7 4 4
v 2.5 4 3.9
v 2.4 4 3.9
v 2.4 4 4
v 2.5 4 4
v 2.3 4 3.9
v 2.2 4 3.9
v 2.2 4 4
v 2.3 4 4
v 2.1 4 3.9
v 2 4 3.9
v 2 4 4
v 2.1 4 4
v 1.9 4 3.9
v 1.8 4 3.9
v 1.8 4 4
v 1.9 4 4
v 1.7 4 3.9
v 1.6 4 3.9
v 1.6 4 4
v 1.7 4 4
v 1.5 4 3.9
v 1.4 4 3.9
v 1.4 4 4
v 1.5 4 4
v 1.3 4 3.9
v 1.2 4 3.9
v 1.2 4 4
v 1.3 4 4
v 1.1 4 3.9
v 1 4 3.9
v 1 4 4
v 1.1 4 4
v 0.9 4 3.9
v 0.8 4 3.9
v 0.8 4 4
v 0.9 4 4
v 0.7 4 3.9
v 0.6 4 3.9
v 0.6 4 4
v 0.7 4 4
v 0.5 4 3.9
v 0.4 4 3.9
v 0.4 4 4
v 0.5 4 4
v 0.3 4 3.9
v 0.2 4 3.9
v 0.2 4 4
v 0.3 4 4
v 0.1 4 3.9
v 0 4 3.9
v 0 4 4
v 0.1 4 4
v -0.1 4 3.9
v -0.2 4 3.9
v -0.2 4 4
v -0.1 4 4
v -0.3 4 3.9
v -0.4 4 3.9
v -0.4 4 4
v -0.3 4 4
v -0.5 4 3.9
v -0.6 4 3.9
v -0.6 4 4
v -0.5 4 4
v -0.7 4 3.9
v -0.8 4 3.9
v -0.8 4 4
v -0.7 4 4
v -0.9 4 3.9
v -1 4 3.9
v -1 4 4
v -0.9 4 4
v -1.1 4 3.9
v -1.2 4 3.9
v -1.2 4 4
v -1.1 4 4
v -1.3 4 3.9
v -1.4 4 3.9
v -1.4 4 4
v -1.3 4 4
v -1.5 4 3.9
v -1.6 4 3.9
v -1.6 4 4
v -1.5 4 4
v -1.7 4 3.9
v -1.8 4 3.9
v -1.8 4 4
v -1.7 4 4
v -1.9 4 3.9
v -2 4 3.9
v -2 4 4
v -1.9 4 4
v -2.1 4 3.9
v -2.2 4 3.9
v -2.2 4 4
v -2.1 4 4
v 4 4 3.8
v 3.9 4 3.8
v 3.8 4 3.8
v 3.7 4 3.8
v 3.6 4 3.8
v 3.5 4 3.8
v 3.4 4 3.8
v 3.3 4 3.8
v 3.2 4 3.8
v 3.1 4 3.8
v 3 4 3.8
v 2.9 4 3.8
v 2.8 4 3.8
v 2.7 4 3.8
v 2.6 4 3.8
v 2.5 4 3.8
v 2.4 4 3.8
v 2.3 4 3.8
v 2.2 4 3.8
v 2.1 4 3.8
v 2 4 3.8
v 1.9 4 3.8
v 1.8 4 3.8
v 1.7 4 3.8
v 1.6 4 3.8
v 1.5 4 3.8
v 1.4 4 3.8
v 1.3 4 3.8
v 1.2 4 3.8
v 1.1 4 3.8
v 1 4 3.8
v 0.9 4 3.8
v 0.8 4 3.8
v 0.7 4 3.8
v 0.6 4 3.8
v 0.5 4 3.8
v 0.4 4 3.8
v 0.3 4 3.8
v 0.2 4 3.8
v 0.1 4 3.8
v 0 4 3.8
v -0.1 4 3.8
v -0.2 4 3.8
v -0.3 4 3.8
v -0.4 4 3.8
v -0.5 4 3.8
v -0.6 4 3.8
v -0.7 4 3.8
v -0.8 4 3.8
v -0.9 4 3.8
v -1 4 3.8
v -1.1 4 3.8
v -1.2 4 3.8
v -1.3 4 3.8
v -1.4 4 3.8
v -1.5 4 3.8
v -1.6 4 3.8
v -1.7 4 3.8
v -1.8 4 3.8
v -1.9 4 3.8
v -2 4 3.8
v -2.1 4 3.8
v -2.2 4 3.8
v 4 4 3.7
v 3.9 4 3.7
v 3.8 4 3.7
v 3.7 4 3.7
v 3.6 4 3.7
v 3.5 4 3.7
v 3.4 4 3.7
v 3.3 4 3.7
v 3.2 4 3.7
v 3.1 4 3.7
v 3 4 3.7
v 2.9 4 3.7
v 2.8 4 3.7
v 2.7 4 3.7
v 2.6 4 3.7
v 2.5 4 3.7
v 2.4 4 3.7
v 2.3 4 3.7
v 2.2 4 3.7
v 2.1 4 3.7
v 2 4 3.7
v 1.9 4 3.7
v 1.8 4 3.7
v 1.7 4 3.7
v 1.6 4 3.7
v 1.5 4 3.7
v 1.4 4 3.7
v 1.3 4 3.7
v 1.2 4 3.7
v 1.1 4 3.7
v 1 4 3.7
v 0.9 4 3.7
v 0.8 4 3.7
v 0.7 4 3.7
v 0.6 4 3.7
v 0.5 4 3.7
v 0.4 4 3.7
v 0.2 4 3.7
v 0.1 4 3.7
v -0.1 4 3.7
v -0.2 4 3.7
v -0.4 4 3.7
v -0.5 4 3.7
v -0.6 4 3.7
v -0.7 4 3.7
v -0.8 4 3.7
v -0.9 4 3.7
v -1 4 3.7
v -1.1 4 3.7
v -1.2 4 3.7
v -1.3 4 3.7
v -1.4 4 3.7
v -1.5 4 3.7
v -1.6 4 3.7
v -1.7 4 3.7
v -1.8 4 3.7
v -1.9 4 3.7
v -2 4 3.7
v -2.1 4 3.7
v -2.2 4 3.7
v 4 4 3.6
v 3.9 4 3.6
v 3.8 4 3.6
v 3.7 4 3.6
v 3.6 4 3.6
v 3.5 4 3.6
v 3.4 4 3.6
v 3.3 4 3.6
v 3.2 4 3.6
v 3.1 4 3.6
v 3 4 3.6
v 2.9 4 3.6
v 2.8 4 3.6
v 2.7 4 3.6
v 2.6 4 3.6
v 2.5 4 3.6
v 2.4 4 3.6
v 2.3 4 3.6
v 2.2 4 3.6
v 2.1 4 3.6
v 2 4 3.6
v 1.9 4 3.6
v -1.9 4 3.6
v -2 4 3.6
v -2.1 4 3.6
v -2.2 4 3.6
v 4 4 3.5
v 3.9 4 3.5
v 3.8 4 3.5
v 3.7 4 3.5
v 3.6 4 3.5
v 3.5 4 3.5
v 3.4 4 3.5
v 3.3 4 3.5
v 3.2 4 3.5
v 3.1 4 3.5
v 3 4 3.5
v 2.9 4 3.5
v 2.8 4 3.5
v 2.7 4 3.5
v 2.6 4 3.5
v 2.5 4 3.5
v 2.4 4 3.5
v 4 4 3.4
v 3.9 4 3.4
v 3.8 4 3.4
v 3.7 4 3.4
v 3.6 4 3.4
v 3.5 4 3.4
v 3.4 4 3.4
v 3.3 4 3.4
v 3.2 4 3.4
v 3.1 4 3.4
v 3 4 3.4
v 2.9 4 3.4
v 2.8 4 3.4
v 2.7 4 3.4
v 4 4 3.3
v 3.9 4 3.3
v 3.8 4 3.3
v 3.7 4 3.3
v 3.6 4 3.3
v 3.5 4 3.3
v 3.4 4 3.3
v 3.3 4 3.3
v 3.2 4 3.3
v 3.1 4 3.3
v 3 4 3.3
v 4 4 3.2
v 3.9 4 3.2
v 3.8 4 3.2
v 3.7 4 3.2
v 3.6 4 3.2
v 3.5 4 3.2
v 3.4 4 3.2
v 3.3 4 3.2
v 3.2 4 3.2
v 3.1 4 3.2
v 4 4 3.1
v 3.9 4 3.1
v 3.8 4 3.1
v 3.7 4 3.1
v 3.6 4 3.1
v 3.5 4 3.1
v 3.4 4 3.1
v 3.3 4 3.1
v 3.2 4 3.1
v 4 4 3
v 3.9 4 3
v 3.8 4 3
v 3.7 4 3
v 3.6 4 3
v 3.5 4 3
v 3.4 4 3
v 3.3 4 3
v 4 4 2.9
v 3.9 4 2.9
v 3.8 4 2.9
v 3.7 4 2.9
v 3.6 4 2.9
v 3.5 4 2.9
v 3.4 4 2.9
v 4 4 2.8
v 3.9 4 2.8
v 3.8 4 2.8
v 3.7 4 2.8
v 3.6 4 2.8
v 3.5 4 2.8
v 3.4 4 2.8
v 4 4 2.7
v 3.9 4 2.7
v 3.8 4 2.7
v 3.7 4 2.7
v 3.6 4 2.7
v 3.5 4 2.7
v 3.4 4 2.7
v 4 4 2.6
v 3.9 4 2.6
v 3.8 4 2.6
v 3.7 4 2.6
v 3.6 4 2.6
v 3.5 4 2.6
v 4 4 2.5
v 3.9 4 2.5
v 3.8 4 2.5
v 3.7 4 2.5
v 3.6 4 2.5
v 3.5 4 2.5
v 4 4 2.4
v 3.9 4 2.4
v 3.8 4 2.4
v 3.7 4 2.4
v 3.6 4 2.4
v 3.5 4 2.4
v 4 4 2.3
v 3.9 4 2.3
v 3.8 4 2.3
v 3.7 4 2.3
v 3.6 4 2.3
v 4 4 2.2
v 3.9 4 2.2
v 3.8 4 2.2
v 3.7 4 2.2
v 3.6 4 2.2
v 4 4 2.1
v 3.9 4 2.1
v 3.8 4 2.1
v 3.7 4 2.1
v 3.6 4 2.1
v 4 4 2
v 3.9 4 2
v 3.8 4 2
v 3.7 4 2
v 3.6 4 2
v 4 4 1.9
v 3.9 4 1.9
v 3.8 4 1.9
v 3.7 4 1.9
v 3.6 4 1.9
v 4 4 1.8
v 3.9 4 1.8
v 3.8 4 1.8
v 3.7 4 1.8
v 4 4 1.7
v 3.9 4 1.7
v 3.8 4 1.7
v 3.7 4 1.7
v 4 4 1.6
v 3.9 4 1.6
v 3.8 4 1.6
v 3.7 4 1.6
v 4 4 1.5
v 3.9 4 1.5
v 3.8 4 1.5
v 3.7 4 1.5
v 4 4 1.4
v 3.9 4 1.4
v 3.8 4 1.4
v 3.7 4 1.4
v 4 4 1.3
v 3.9 4 1.3
v 3.8 4 1.3
v 3.7 4 1.3
v 4 4 1.2
v 3.9 4 1.2
v 3.8 4 1.2
v 3.7 4 1.2
v 4 4 1.1
v 3.9 4 1.1
v 3.8 4 1.1
v 3.7 4 1.1
v 4 4 1
v 3.9 4 1
v 3.8 4 1
v 3.7 4 1
v 4 4 0.9
v 3.9 4 0.9
v 3.8 4 0.9
v 3.7 4 0.9
v 4 4 0.8
v 3.9 4 0.8
v 3.8 4 0.8
v 3.7 4 0.8
v 4 4 0.7
v 3.9 4 0.7
v 3.8 4 0.7
v 3.7 4 0.7
v 4 4 0.6
v 3.9 4 0.6
v 3.8 4 0.6
v 3.7 4 0.6
v 4 4 0.5
v 3.9 4 0.5
v 3.8 4 0.5
v 3.7 4 0.5
v 4 4 0.4
v 3.9 4 0.4
v 3.8 4 0.4
v 3.7 4 0.4
v 4 4 0.3
v 3.9 4 0.3
v 4 4 0.2
v 3.9 4 0.2
v 3.8 4 0.2
v 3.7 4 0.2
v 4 4 0.1
v 3.9 4 0.1
v 3.8 4 0.1
v 3.7 4 0.1
v 4 4 0
v 3.9 4 0
v 4 4 -0.1
v 3.9 4 -0.1
v 3.8 4 -0.1
v 3.7 4 -0.1
v 4 4 -0.2
v 3.9 4 -0.2
v 3.8 4 -0.2
v 3.7 4 -0.2
v 4 4 -0.3
v 3.9 4 -0.3
v 4 4 -0.4
v 3.9 4 -0.4
v 3.8 4 -0.4
v 3.7 4 -0.4
v 4 4 -0.5
v 3.9 4 -0.5
v 3.8 4 -0.5
v 3.7 4 -0.5
v 4 4 -0.6
v 3.9 4 -0.6
v 3.8 4 -0.6
v 3.7 4 -0.6
v 4 4 -0.7
v 3.9 4 -0.7
v 3.8 4 -0.7
v 3.7 4 -0.7
v 4 4 -0.8
v 3.9 4 -0.8
v 3.8 4 -0.8
v 3.7 4 -0.8
v 4 4 -0.9
v 3.9 4 -0.9
v 3.8 4 -0.9
v 3.7 4 -0.9
v 4 4 -1
v 3.9 4 -1
v 3.8 4 -1
v 3.7 4 -1
v 4 4 -1.1
v 3.9 4 -1.1
v 3.8 4 -1.1
v 3.7 4 -1.1
v 4 4 -1.2
v 3.9 4 -1.2
v 3.8 4 -1.2
v 3.7 4 -1.2
v 4 4 -1.3
v 3.9 4 -1.3
v 3.8 4 -1.3
v 3.7 4 -1.3
v 4 4 -1.4
v 3.9 4 -1.4
v 3.8 4 -1.4
v 3.7 4 -1.4
v 4 4 -1.5
v 3.9 4 -1.5
v 3.8 4 -1.5
v 3.7 4 -1.5
v 4 4 -1.6
v 3.9 4 -1.6
v 3.8 4 -1.6
v 3.7 4 -1.6
v 4 4 -1.7
v 3.9 4 -1.7
v 3.8 4 -1.7
v 3.7 4 -1.7
v 4 4 -1.8
v 3.9 4 -1.8
v 3.8 4 -1.8
v 3.7 4 -1.8
v 4 4 -1.9
v 3.9 4 -1.9
v 3.8 4 -1.9
v 3.7 4 -1.9
v 3.6 4 -1.9
v 4 4 -2
v 3.9 4 -2
v 3.8 4 -2
v 3.7 4 -2
v 3.6 4 -2
v 4 4 -2.1
v 3.9 4 -2.1
v 3.8 4 -2.1
v 3.7 4 -2.1
v 3.6 4 -2.1
v 4 4 -2.2
v 3.9 4 -2.2
v 3.8 4 -2.2
v 3.7 4 -2.2
v 3.6 4 -2.2
v 3.5 4 -2.2
v 3.4 4 -2.2
v 3.3 4 -2.2
v 3.2 4 -2.2
v 3.1 4 -2.2
v 3 4 -2.2
v 2.9 4 -2.2
v 2.8 4 -2.2
v 2.7 4 -2.2
v 2.6 4 -2.2
v 2.5 4 -2.2
v 2.4 4 -2.2
v 2.3 4 -2.2
v 2.2 4 -2.2
v 2.1 4 -2.2
v 2 4 -2.2
v 1.9 4 -2.2
v 1.8 4 -2.2
v 1.7 4 -2.2
v 1.6 4 -2.2
v 1.5 4 -2.2
v 1.4 4 -2.2
v 1.3 4 -2.2
v 1.2 4 -2.2
v 1.1 4 -2.2
v 1 4 -2.2
v 0.9 4 -2.2
v 0.8 4 -2.2
v 0.7 4 -2.2
v 0.6 4 -2.2
v 0.5 4 -2.2
v 0.4 4 -2.2
v 0.2 4 -2.2
v 0.1 4 -2.2
v -0.1 4 -2.2
v -0.2 4 -2.2
v -0.4 4 -2.2
v -0.5 4 -2.2
v -0.6 4 -2.2
v -0.7 4 -2.2
v -0.8 4 -2.2
v -0.9 4 -2.2
v -1 4 -2.2
v -1.1 4 -2.2
v -1.2 4 -2.2
v -1.3 4 -2.2
v -1.4 4 -2.2
v -1.5 4 -2.2
v -1.6 4 -2.2
v -1.7 4 -2.2
v -1.8 4 -2.2
v -1.9 4 -2.2
v -2 4 -2.2
v -2.1 4 -2.2
v -2.2 4 -2.2
v 4 0 -2.2
v 4 0 4
v -2.2 0 4
v -2.2 0 -2.2
v 4 3 4
v 4 3 -2.2
v 4 3.1 4
v 4 3.1 -2.2
v 4 3.2 4
v 4 3.2 -2.2
v 4 3.3 4
v 4 3.3 -2.2
v 4 3.4 4
v 4 3.4 -2.2
v 4 3.5 4
v 4 3.5 -2.2
v 4 3.6 4
v 4 3.6 -2.2
v 4 3.7 4
v 4 3.7 -2.2
v 4 3.8 4
v 4 3.8 -2.2
v 4 3.9 3.9
v 4 3.8 3.9
v 4 3.9 -2.2
v 4 3.9 3.8
v 4 3.9 3.7
v 4 3.9 3.6
v 4 3.9 3.5
v 4 3.9 3.4
v 4 3.9 3.3
v 4 3.9 3.2
v 4 3.9 3.1
v 4 3.9 3
v 4 3.9 2.9
v 4 3.9 2.8
v 4 3.9 2.7
v 4 3.9 2.6
v 4 3.9 2.5
v 4 3.9 2.4
v 4 3.9 2.3
v 4 3.9 2.2
v 4 3.9 2.1
v 4 3.9 2
v 4 3.9 1.9
v 4 3.9 1.8
v 4 3.9 1.7
v 4 3.9 1.6
v 4 3.9 1.5
v 4 3.9 1.4
v 4 3.9 1.3
v 4 3.9 1.2
v 4 3.9 1.1
v 4 3.9 1
v 4 3.9 0.9
v 4 3.9 0.8
v 4 3.9 0.7
v 4 3.9 0.6
v 4 3.9 0.5
v 4 3.9 0.4
v 4 3.9 0.3
v 4 3.9 0.2
v 4 3.9 0.1
v 4 3.9 0
v 4 3.9 -0.1
v 4 3.9 -0.2
v 4 3.9 -0.3
v 4 3.9 -0.4
v 4 3.9 -0.5
v 4 3.9 -0.6
v 4 3.9 -0.7
v 4 3.9 -0.8
v 4 3.9 -0.9
v 4 3.9 -1
v 4 3.9 -1.1
v 4 3.9 -1.2
v 4 3.9 -1.3
v 4 3.9 -1.4
v 4 3.9 -1.5
v 4 3.9 -1.6
v 4 3.9 -1.7
v 4 3.9 -1.8
v 4 3.9 -1.9
v 4 3.9 -2
v 4 3.9 -2.1
v 3.9 3.9 4
v 4 3.9 4
v 3.8 3.9 4
v 3.7 3.9 4
v 3.6 3.9 4
v 3.5 3.9 4
v 3.4 3.9 4
v 3.3 3.9 4
v 3.2 3.9 4
v 3.1 3.9 4
v 3 3.9 4
v 2.9 3.9 4
v 2.8 3.9 4
v 2.7 3.9 4
v 2.6 3.9 4
v 2.5 3.9 4
v 2.4 3.9 4
v 2.3 3.9 4
v 2.2 3.9 4
v 2.1 3.9 4
v 2 3.9 4
v 1.9 3.9 4
v 1.8 3.9 4
v 1.7 3.9 4
v 1.6 3.9 4
v 1.5 3.9 4
v 1.4 3.9 4
v 1.3 3.9 4
v 1.2 3.9 4
v 1.1 3.9 4
v 1 3.9 4
v 0.9 3.9 4
v 0.8 3.9 4
v 0.7 3.9 4
v 0.6 3.9 4
v 0.5 3.9 4
v 0.4 3.9 4
v 0.3 3.9 4
v 0.2 3.9 4
v 0.1 3.9 4
v 0 3.9 4
v -0.1 3.9 4
v -0.2 3.9 4
v -0.3 3.9 4
v -0.4 3.9 4
v -0.5 3.9 4
v -0.6 3.9 4
v -0.7 3.9 4
v -0.8 3.9 4
v -0.9 3.9 4
v -1 3.9 4
v -1.1 3.9 4
v -1.2 3.9 4
v -1.3 3.9 4
v -1.4 3.9 4
v -1.5 3.9 4
v -1.6 3.9 4
v -1.7 3.9 4
v -1.8 3.9 4
v -1.9 3.9 4
v -2 3.9 4
v -2.1 3.9 4
v -2.2 3 4
v -2.2 3.1 4
v -2.2 3.2 4
v -2.2 3.3 4
v -2.2 3.4 4
v -2.2 3.5 4
v -2.2 3.6 4
v -2.2 3.7 4
v -2.2 3.8 4
v -2.2 3.9 4
v -2.3 4 3.9
v -2.4 4 3.9
v -2.4 4 4
v -2.3 4 4
v -2.5 4 3.9
v -2.6 4 3.9
v -2.6 4 4
v -2.5 4 4
v -2.7 4 3.9
v -2.8 4 3.9
v -2.8 4 4
v -2.7 4 4
v -2.9 4 3.9
v -3 4 3.9
v -3 4 4
v -2.9 4 4
v -3.1 4 3.9
v -3.2 4 3.9
v -3.2 4 4
v -3.1 4 4
v -3.3 4 3.9
v -3.4 4 3.9
v -3.4 4 4
v -3.3 4 4
v -3.5 4 3.9
v -3.6 4 3.9
v -3.6 4 4
v -3.5 4 4
v -3.7 4 3.9
v -3.8 4 3.9
v -3.8 4 4
v -3.7 4 4
v -3.9 4 3.9
v -4 4 3.9
v -4 4 4
v -3.9 4 4
v -2.3 4 3.8
v -2.4 4 3.8
v -2.5 4 3.8
v -2.6 4 3.8
v -2.7 4 3.8
v -2.8 4 3.8
v -2.9 4 3.8
v -3 4 3.8
v -3.1 4 3.8
v -3.2 4 3.8
v -3.3 4 3.8
v -3.4 4 3.8
v -3.5 4 3.8
v -3.6 4 3.8
v -3.7 4 3.8
v -3.8 4 3.8
v -3.9 4 3.8
v -4 4 3.8
v -2.3 4 3.7
v -2.4 4 3.7
v -2.5 4 3.7
v -2.6 4 3.7
v -2.7 4 3.7
v -2.8 4 3.7
v -2.9 4 3.7
v -3 4 3.7
v -3.1 4 3.7
v -3.2 4 3.7
v -3.3 4 3.7
v -3.4 4 3.7
v -3.5 4 3.7
v -3.6 4 3.7
v -3.7 4 3.7
v -3.8 4 3.7
v -3.9 4 3.7
v -4 4 3.7
v -2.3 4 3.6
v -2.4 4 3.6
v -2.5 4 3.6
v -2.6 4 3.6
v -2.7 4 3.6
v -2.8 4 3.6
v -2.9 4 3.6
v -3 4 3.6
v -3.1 4 3.6
v -3.2 4 3.6
v -3.3 4 3.6
v -3.4 4 3.6
v -3.5 4 3.6
v -3.6 4 3.6
v -3.7 4 3.6
v -3.8 4 3.6
v -3.9 4 3.6
v -4 4 3.6
v -2.4 4 3.5
v -2.5 4 3.5
v -2.6 4 3.5
v -2.7 4 3.5
v -2.8 4 3.5
v -2.9 4 3.5
v -3 4 3.5
v -3.1 4 3.5
v -3.2 4 3.5
v -3.3 4 3.5
v -3.4 4 3.5
v -3.5 4 3.5
v -3.6 4 3.5
v -3.7 4 3.5
v -3.8 4 3.5
v -3.9 4 3.5
v -4 4 3.5
v -2.7 4 3.4
v -2.8 4 3.4
v -2.9 4 3.4
v -3 4 3.4
v -3.1 4 3.4
v -3.2 4 3.4
v -3.3 4 3.4
v -3.4 4 3.4
v -3.5 4 3.4
v -3.6 4 3.4
v -3.7 4 3.4
v -3.8 4 3.4
v -3.9 4 3.4
v -4 4 3.4
v -3 4 3.3
v -3.1 4 3.3
v -3.2 4 3.3
v -3.3 4 3.3
v -3.4 4 3.3
v -3.5 4 3.3
v -3.6 4 3.3
v -3.7 4 3.3
v -3.8 4 3.3
v -3.9 4 3.3
v -4 4 3.3
v -3.1 4 3.2
v -3.2 4 3.2
v -3.3 4 3.2
v -3.4 4 3.2
v -3.5 4 3.2
v -3.6 4 3.2
v -3.7 4 3.2
v -3.8 4 3.2
v -3.9 4 3.2
v -4 4 3.2
v -3.2 4 3.1
v -3.3 4 3.1
v -3.4 4 3.1
v -3.5 4 3.1
v -3.6 4 3.1
v -3.7 4 3.1
v -3.8 4 3.1
v -3.9 4 3.1
v -4 4 3.1
v -3.3 4 3
v -3.4 4 3
v -3.5 4 3
v -3.6 4 3
v -3.7 4 3
v -3.8 4 3
v -3.9 4 3
v -4 4 3
v -3.4 4 2.9
v -3.5 4 2.9
v -3.6 4 2.9
v -3.7 4 2.9
v -3.8 4 2.9
v -3.9 4 2.9
v -4 4 2.9
v -3.4 4 2.8
v -3.5 4 2.8
v -3.6 4 2.8
v -3.7 4 2.8
v -3.8 4 2.8
v -3.9 4 2.8
v -4 4 2.8
v -3.4 4 2.7
v -3.5 4 2.7
v -3.6 4 2.7
v -3.7 4 2.7
v -3.8 4 2.7
v -3.9 4 2.7
v -4 4 2.7
v -3.5 4 2.6
v -3.6 4 2.6
v -3.7 4 2.6
v -3.8 4 2.6
v -3.9 4 2.6
v -4 4 2.6
v -3.5 4 2.5
v -3.6 4 2.5
v -3.7 4 2.5
v -3.8 4 2.5
v -3.9 4 2.5
v -4 4 2.5
v -3.5 4 2.4
v -3.6 4 2.4
v -3.7 4 2.4
v -3.8 4 2.4
v -3.9 4 2.4
v -4 4 2.4
v -3.6 4 2.3
v -3.7 4 2.3
v -3.8 4 2.3
v -3.9 4 2.3
v -4 4 2.3
v -3.6 4 2.2
v -3.7 4 2.2
v -3.8 4 2.2
v -3.9 4 2.2
v -4 4 2.2
v -3.6 4 2.1
v -3.7 4 2.1
v -3.8 4 2.1
v -3.9 4 2.1
v -4 4 2.1
v -3.6 4 2
v -3.7 4 2
v -3.8 4 2
v -3.9 4 2
v -4 4 2
v -3.6 4 1.9
v -3.7 4 1.9
v -3.8 4 1.9
v -3.9 4 1.9
v -4 4 1.9
v -3.7 4 1.8
v -3.8 4 1.8
v -3.9 4 1.8
v -4 4 1.8
v -3.7 4 1.7
v -3.8 4 1.7
v -3.9 4 1.7
v -4 4 1.7
v -3.7 4 1.6
v -3.8 4 1.6
v -3.9 4 1.6
v -4 4 1.6
v -3.7 4 1.5
v -3.8 4 1.5
v -3.9 4 1.5
v -4 4 1.5
v -3.7 4 1.4
v -3.8 4 1.4
v -3.9 4 1.4
v -4 4 1.4
v -3.7 4 1.3
v -3.8 4 1.3
v -3.9 4 1.3
v -4 4 1.3
v -3.7 4 1.2
v -3.8 4 1.2
v -3.9 4 1.2
v -4 4 1.2
v -3.7 4 1.1
v -3.8 4 1.1
v -3.9 4 1.1
v -4 4 1.1
v -3.7 4 1
v -3.8 4 1
v -3.9 4 1
v -4 4 1
v -3.7 4 0.9
v -3.8 4 0.9
v -3.9 4 0.9
v -4 4 0.9
v -3.7 4 0.8
v -3.8 4 0.8
v -3.9 4 0.8
v -4 4 0.8
v -3.7 4 0.7
v -3.8 4 0.7
v -3.9 4 0.7
v -4 4 0.7
v -3.7 4 0.6
v -3.8 4 0.6
v -3.9 4 0.6
v -4 4 0.6
v -3.7 4 0.5
v -3.8 4 0.5
v -3.9 4 0.5
v -4 4 0.5
v -3.7 4 0.4
v -3.8 4 0.4
v -3.9 4 0.4
v -4 4 0.4
v -3.9 4 0.3
v -4 4 0.3
v -3.7 4 0.2
v -3.8 4 0.2
v -3.9 4 0.2
v -4 4 0.2
v -3.7 4 0.1
v -3.8 4 0.1
v -3.9 4 0.1
v -4 4 0.1
v -3.9 4 0
v -4 4 0
v -3.7 4 -0.1
v -3.8 4 -0.1
v -3.9 4 -0.1
v -4 4 -0.1
v -3.7 4 -0.2
v -3.8 4 -0.2
v -3.9 4 -0.2
v -4 4 -0.2
v -3.9 4 -0.3
v -4 4 -0.3
v -3.7 4 -0.4
v -3.8 4 -0.4
v -3.9 4 -0.4
v -4 4 -0.4
v -3.7 4 -0.5
v -3.8 4 -0.5
v -3.9 4 -0.5
v -4 4 -0.5
v -3.7 4 -0.6
v -3.8 4 -0.6
v -3.9 4 -0.6
v -4 4 -0.6
v -3.7 4 -0.7
v -3.8 4 -0.7
v -3.9 4 -0.7
v -4 4 -0.7
v -3.7 4 -0.8
v -3.8 4 -0.8
v -3.9 4 -0.8
v -4 4 -0.8
v -3.7 4 -0.9
v -3.8 4 -0.9
v -3.9 4 -0.9
v -4 4 -0.9
v -3.7 4 -1
v -3.8 4 -1
v -3.9 4 -1
v -4 4 -1
v -3.7 4 -1.1
v -3.8 4 -1.1
v -3.9 4 -1.1
v -4 4 -1.1
v -3.7 4 -1.2
v -3.8 4 -1.2
v -3.9 4 -1.2
v -4 4 -1.2
v -3.7 4 -1.3
v -3.8 4 -1.3
v -3.9 4 -1.3
v -4 4 -1.3
v -3.7 4 -1.4
v -3.8 4 -1.4
v -3.9 4 -1.4
v -4 4 -1.4
v -3.7 4 -1.5
v -3.8 4 -1.5
v -3.9 4 -1.5
v -4 4 -1.5
v -3.7 4 -1.6
v -3.8 4 -1.6
v -3.9 4 -1.6
v -4 4 -1.6
v -3.7 4 -1.7
v -3.8 4 -1.7
v -3.9 4 -1.7
v -4 4 -1.7
v -3.7 4 -1.8
v -3.8 4 -1.8
v -3.9 4 -1.8
v -4 4 -1.8
v -3.6 4 -1.9
v -3.7 4 -1.9
v -3.8 4 -1.9
v -3.9 4 -1.9
v -4 4 -1.9
v -3.6 4 -2
v -3.7 4 -2
v -3.8 4 -2
v -3.9 4 -2
v -4 4 -2
v -3.6 4 -2.1
v -3.7 4 -2.1
v -3.8 4 -2.1
v -3.9 4 -2.1
v -4 4 -2.1
v -2.3 4 -2.2
v -2.4 4 -2.2
v -2.5 4 -2.2
v -2.6 4 -2.2
v -2.7 4 -2.2
v -2.8 4 -2.2
v -2.9 4 -2.2
v -3 4 -2.2
v -3.1 4 -2.2
v -3.2 4 -2.2
v -3.3 4 -2.2
v -3.4 4 -2.2
v -3.5 4 -2.2
v -3.6 4 -2.2
v -3.7 4 -2.2
v -3.8 4 -2.2
v -3.9 4 -2.2
v -4 4 -2.2
v -4 0 4
v -4 0 -2.2
v -4 3 4
v -4 3 -2.2
v -4 3.1 4
v -4 3.1 -2.2
v -4 3.2 4
v -4 3.2 -2.2
v -4 3.3 4
v -4 3.3 -2.2
v -4 3.4 4
v -4 3.4 -2.2
v -4 3.5 4
v -4 3.5 -2.2
v -4 3.6 4
v -4 3.6 -2.2
v -4 3.7 4
v -4 3.7 -2.2
v -4 3.8 4
v -4 3.8 -2.2
v -4 3.9 4
v -4 3.9 -2.2
v -4 3.9 3.9
v -4 3.9 3.8
v -4 3.9 3.7
v -4 3.9 3.6
v -4 3.9 3.5
v -4 3.9 3.4
v -4 3.9 3.3
v -4 3.9 3.2
v -4 3.9 3.1
v -4 3.9 3
v -4 3.9 2.9
v -4 3.9 2.8
v -4 3.9 2.7
v -4 3.9 2.6
v -4 3.9 2.5
v -4 3.9 2.4
v -4 3.9 2.3
v -4 3.9 2.2
v -4 3.9 2.1
v -4 3.9 2
v -4 3.9 1.9
v -4 3.9 1.8
v -4 3.9 1.7
v -4 3.9 1.6
v -4 3.9 1.5
v -4 3.9 1.4
v -4 3.9 1.3
v -4 3.9 1.2
v -4 3.9 1.1
v -4 3.9 1
v -4 3.9 0.9
v -4 3.9 0.8
v -4 3.9 0.7
v -4 3.9 0.6
v -4 3.9 0.5
v -4 3.9 0.4
v -4 3.9 0.3
v -4 3.9 0.2
v -4 3.9 0.1
v -4 3.9 0
v -4 3.9 -0.1
v -4 3.9 -0.2
v -4 3.9 -0.3
v -4 3.9 -0.4
v -4 3.9 -0.5
v -4 3.9 -0.6
v -4 3.9 -0.7
v -4 3.9 -0.8
v -4 3.9 -0.9
v -4 3.9 -1
v -4 3.9 -1.1
v -4 3.9 -1.2
v -4 3.9 -1.3
v -4 3.9 -1.4
v -4 3.9 -1.5
v -4 3.9 -1.6
v -4 3.9 -1.7
v -4 3.9 -1.8
v -4 3.9 -1.9
v -4 3.9 -2
v -4 3.9 -2.1
v -2.3 3.9 4
v -2.4 3.9 4
v -2.5 3.9 4
v -2.6 3.9 4
v -2.7 3.9 4
v -2.8 3.9 4
v -2.9 3.9 4
v -3 3.9 4
v -3.1 3.9 4
v -3.2 3.9 4
v -3.3 3.9 4
v -3.4 3.9 4
v -3.5 3.9 4
v -3.6 3.9 4
v -3.7 3.9 4
v -3.8 3.9 4
v -3.9 3.9 4
v 4 4 -2.3
v 3.7 4 -2.3
v -2.2 4 -2.3
v 4 4 -2.4
v 3.9 4 -2.4
v 3.9 4 -2.3
v 3.8 4 -2.4
v 3.7 4 -2.4
v 3.8 4 -2.3
v 3.6 4 -2.4
v 3.6 4 -2.3
v -2.2 4 -2.4
v 4 4 -2.5
v 3.9 4 -2.5
v 3.8 4 -2.5
v 3.7 4 -2.5
v 3.6 4 -2.5
v 3.5 4 -2.5
v 3.5 4 -2.4
v 4 4 -2.6
v 3.9 4 -2.6
v 3.8 4 -2.6
v 3.7 4 -2.6
v 3.6 4 -2.6
v 3.5 4 -2.6
v 4 4 -2.7
v 3.9 4 -2.7
v 3.8 4 -2.7
v 3.7 4 -2.7
v 3.6 4 -2.7
v 3.5 4 -2.7
v -2.2 4 -2.7
v 4 4 -2.8
v 3.9 4 -2.8
v 3.8 4 -2.8
v 3.7 4 -2.8
v 3.6 4 -2.8
v 3.5 4 -2.8
v 3.4 4 -2.8
v 3.4 4 -2.7
v 4 4 -2.9
v 3.9 4 -2.9
v 3.8 4 -2.9
v 3.7 4 -2.9
v 3.6 4 -2.9
v 3.5 4 -2.9
v 3.4 4 -2.9
v 4 4 -3
v 3.9 4 -3
v 3.8 4 -3
v 3.7 4 -3
v 3.6 4 -3
v 3.5 4 -3
v 3.4 4 -3
v -2.2 4 -3
v 4 4 -3.1
v 3.9 4 -3.1
v 3.8 4 -3.1
v 3.7 4 -3.1
v 3.6 4 -3.1
v 3.5 4 -3.1
v 3.4 4 -3.1
v 3.3 4 -3.1
v 3.3 4 -3
v -2.2 4 -3.1
v 4 4 -3.2
v 3.9 4 -3.2
v 3.8 4 -3.2
v 3.7 4 -3.2
v 3.6 4 -3.2
v 3.5 4 -3.2
v 3.4 4 -3.2
v 3.3 4 -3.2
v 3.2 4 -3.2
v 3.2 4 -3.1
v -2.2 4 -3.2
v 4 4 -3.3
v 3.9 4 -3.3
v 3.8 4 -3.3
v 3.7 4 -3.3
v 3.6 4 -3.3
v 3.5 4 -3.3
v 3.4 4 -3.3
v 3.3 4 -3.3
v 3.2 4 -3.3
v 3.1 4 -3.3
v 3.1 4 -3.2
v -2.2 4 -3.3
v 4 4 -3.4
v 3.9 4 -3.4
v 3.8 4 -3.4
v 3.7 4 -3.4
v 3.6 4 -3.4
v 3.5 4 -3.4
v 3.4 4 -3.4
v 3.3 4 -3.4
v 3.2 4 -3.4
v 3.1 4 -3.4
v 3 4 -3.4
v 3 4 -3.3
v -2.2 4 -3.4
v 4 4 -3.5
v 3.9 4 -3.5
v 3.8 4 -3.5
v 3.7 4 -3.5
v 3.6 4 -3.5
v 3.5 4 -3.5
v 3.4 4 -3.5
v 3.3 4 -3.5
v 3.2 4 -3.5
v 3.1 4 -3.5
v 3 4 -3.5
v 2.9 4 -3.5
v 2.9 4 -3.4
v 2.8 4 -3.5
v 2.8 4 -3.4
v 2.7 4 -3.5
v 2.7 4 -3.4
v -2.2 4 -3.5
v 4 4 -3.6
v 3.9 4 -3.6
v 3.8 4 -3.6
v 3.7 4 -3.6
v 3.6 4 -3.6
v 3.5 4 -3.6
v 3.4 4 -3.6
v 3.3 4 -3.6
v 3.2 4 -3.6
v 3.1 4 -3.6
v 3 4 -3.6
v 2.9 4 -3.6
v 2.8 4 -3.6
v 2.7 4 -3.6
v 2.6 4 -3.6
v 2.6 4 -3.5
v 2.5 4 -3.6
v 2.5 4 -3.5
v 2.4 4 -3.6
v 2.4 4 -3.5
v -2.2 4 -3.6
v 4 4 -3.7
v 3.9 4 -3.7
v 3.8 4 -3.7
v 3.7 4 -3.7
v 3.6 4 -3.7
v 3.5 4 -3.7
v 3.4 4 -3.7
v 3.3 4 -3.7
v 3.2 4 -3.7
v 3.1 4 -3.7
v 3 4 -3.7
v 2.9 4 -3.7
v 2.8 4 -3.7
v 2.7 4 -3.7
v 2.6 4 -3.7
v 2.5 4 -3.7
v 2.4 4 -3.7
v 2.3 4 -3.7
v 2.3 4 -3.6
v 2.2 4 -3.7
v 2.2 4 -3.6
v 2.1 4 -3.7
v 2.1 4 -3.6
v 2 4 -3.7
v 2 4 -3.6
v 1.9 4 -3.7
v 1.9 4 -3.6
v -1.9 4 -3.7
v -1.9 4 -3.6
v -2 4 -3.7
v -2 4 -3.6
v -2.1 4 -3.7
v -2.1 4 -3.6
v -2.2 4 -3.7
v 4 4 -3.8
v 3.9 4 -3.8
v 3.8 4 -3.8
v 3.7 4 -3.8
v 3.6 4 -3.8
v 3.5 4 -3.8
v 3.4 4 -3.8
v 3.3 4 -3.8
v 3.2 4 -3.8
v 3.1 4 -3.8
v 3 4 -3.8
v 2.9 4 -3.8
v 2.8 4 -3.8
v 2.7 4 -3.8
v 2.6 4 -3.8
v 2.5 4 -3.8
v 2.4 4 -3.8
v 2.3 4 -3.8
v 2.2 4 -3.8
v 2.1 4 -3.8
v 2 4 -3.8
v 1.9 4 -3.8
v 1.8 4 -3.8
v 1.7 4 -3.8
v 1.7 4 -3.7
v 1.8 4 -3.7
v 1.6 4 -3.8
v 1.5 4 -3.8
v 1.5 4 -3.7
v 1.6 4 -3.7
v 1.4 4 -3.8
v 1.3 4 -3.8
v 1.3 4 -3.7
v 1.4 4 -3.7
v 1.2 4 -3.8
v 1.1 4 -3.8
v 1.1 4 -3.7
v 1.2 4 -3.7
v 1 4 -3.8
v 0.9 4 -3.8
v 0.9 4 -3.7
v 1 4 -3.7
v 0.8 4 -3.8
v 0.7 4 -3.8
v 0.7 4 -3.7
v 0.8 4 -3.7
v 0.6 4 -3.8
v 0.5 4 -3.8
v 0.5 4 -3.7
v 0.6 4 -3.7
v 0.4 4 -3.8
v 0.2 4 -3.8
v 0.2 4 -3.7
v 0.4 4 -3.7
v 0.1 4 -3.8
v -0.1 4 -3.8
v -0.1 4 -3.7
v 0.1 4 -3.7
v -0.2 4 -3.8
v -0.4 4 -3.8
v -0.4 4 -3.7
v -0.2 4 -3.7
v -0.5 4 -3.8
v -0.6 4 -3.8
v -0.6 4 -3.7
v -0.5 4 -3.7
v -0.7 4 -3.8
v -0.8 4 -3.8
v -0.8 4 -3.7
v -0.7 4 -3.7
v -0.9 4 -3.8
v -1 4 -3.8
v -1 4 -3.7
v -0.9 4 -3.7
v -1.1 4 -3.8
v -1.2 4 -3.8
v -1.2 4 -3.7
v -1.1 4 -3.7
v -1.3 4 -3.8
v -1.4 4 -3.8
v -1.4 4 -3.7
v -1.3 4 -3.7
v -1.5 4 -3.8
v -1.6 4 -3.8
v -1.6 4 -3.7
v -1.5 4 -3.7
v -1.7 4 -3.8
v -1.8 4 -3.8
v -1.8 4 -3.7
v -1.7 4 -3.7
v -1.9 4 -3.8
v -2 4 -3.8
v -2.1 4 -3.8
v -2.2 4 -3.8
v 4 4 -3.9
v 3.9 4 -3.9
v 3.8 4 -3.9
v 3.7 4 -3.9
v 3.6 4 -3.9
v 3.5 4 -3.9
v 3.4 4 -3.9
v 3.3 4 -3.9
v 3.2 4 -3.9
v 3.1 4 -3.9
v 3 4 -3.9
v 2.9 4 -3.9
v 2.8 4 -3.9
v 2.7 4 -3.9
v 2.6 4 -3.9
v 2.5 4 -3.9
v 2.4 4 -3.9
v 2.3 4 -3.9
v 2.2 4 -3.9
v 2.1 4 -3.9
v 2 4 -3.9
v 1.9 4 -3.9
v 1.8 4 -3.9
v 1.7 4 -3.9
v 1.6 4 -3.9
v 1.5 4 -3.9
v 1.4 4 -3.9
v 1.3 4 -3.9
v 1.2 4 -3.9
v 1.1 4 -3.9
v 1 4 -3.9
v 0.9 4 -3.9
v 0.8 4 -3.9
v 0.7 4 -3.9
v 0.6 4 -3.9
v 0.5 4 -3.9
v 0.4 4 -3.9
v 0.2 4 -3.9
v 0.1 4 -3.9
v 0 4 -3.9
v -0.1 4 -3.9
v 0 4 -3.8
v -0.2 4 -3.9
v -0.4 4 -3.9
v -0.5 4 -3.9
v -0.6 4 -3.9
v -0.7 4 -3.9
v -0.8 4 -3.9
v -0.9 4 -3.9
v -1 4 -3.9
v -1.1 4 -3.9
v -1.2 4 -3.9
v -1.3 4 -3.9
v -1.4 4 -3.9
v -1.5 4 -3.9
v -1.6 4 -3.9
v -1.7 4 -3.9
v -1.8 4 -3.9
v -1.9 4 -3.9
v -2 4 -3.9
v -2.1 4 -3.9
v 4 4 -4
v 3.9 4 -4
v 3.8 4 -4
v 3.7 4 -4
v 3.6 4 -4
v 3.5 4 -4
v 3.4 4 -4
v 3.3 4 -4
v 3.2 4 -4
v 3.1 4 -4
v 3 4 -4
v 2.9 4 -4
v 2.8 4 -4
v 2.7 4 -4
v 2.6 4 -4
v 2.5 4 -4
v 2.4 4 -4
v 2.3 4 -4
v 2.2 4 -4
v 2.1 4 -4
v 2 4 -4
v 1.9 4 -4
v 1.8 4 -4
v 1.7 4 -4
v 1.6 4 -4
v 1.5 4 -4
v 1.4 4 -4
v 1.3 4 -4
v 1.2 4 -4
v 1.1 4 -4
v 1 4 -4
v 0.9 4 -4
v 0.8 4 -4
v 0.7 4 -4
v 0.6 4 -4
v 0.5 4 -4
v 0.4 4 -4
v 0.3 4 -4
v 0.3 4 -3.9
v 0.2 4 -4
v 0.1 4 -4
v 0 4 -4
v -0.1 4 -4
v -0.2 4 -4
v -0.3 4 -4
v -0.3 4 -3.9
v -0.4 4 -4
v -0.5 4 -4
v -0.6 4 -4
v -0.7 4 -4
v -0.8 4 -4
v -0.9 4 -4
v -1 4 -4
v -1.1 4 -4
v -1.2 4 -4
v -1.3 4 -4
v -1.4 4 -4
v -1.5 4 -4
v -1.6 4 -4
v -1.7 4 -4
v -1.8 4 -4
v -1.9 4 -4
v -2 4 -4
v -2.1 4 -4
v -2.2 4 -4
v 4 0 -4
v -2.2 0 -4
v 4 3 -4
v 4 3.1 -4
v 4 3.2 -4
v 4 3.3 -4
v 4 3.4 -4
v 4 3.5 -4
v 4 3.6 -4
v 4 3.7 -4
v 4 3.8 -4
v 4 3.9 -2.3
v 4 3.8 -2.3
v 4 3.9 -4
v 4 3.9 -2.4
v 4 3.9 -2.5
v 4 3.9 -2.6
v 4 3.9 -2.7
v 4 3.9 -2.8
v 4 3.9 -2.9
v 4 3.9 -3
v 4 3.9 -3.1
v 4 3.9 -3.2
v 4 3.9 -3.3
v 4 3.9 -3.4
v 4 3.9 -3.5
v 4 3.9 -3.6
v 4 3.9 -3.7
v 4 3.9 -3.8
v 4 3.9 -3.9
v 3.9 3.9 -4
v 3.8 3.9 -4
v 3.7 3.9 -4
v 3.6 3.9 -4
v 3.5 3.9 -4
v 3.4 3.9 -4
v 3.3 3.9 -4
v 3.2 3.9 -4
v 3.1 3.9 -4
v 3 3.9 -4
v 2.9 3.9 -4
v 2.8 3.9 -4
v 2.7 3.9 -4
v 2.6 3.9 -4
v 2.5 3.9 -4
v 2.4 3.9 -4
v 2.3 3.9 -4
v 2.2 3.9 -4
v 2.1 3.9 -4
v 2 3.9 -4
v 1.9 3.9 -4
v 1.8 3.9 -4
v 1.7 3.9 -4
v 1.6 3.9 -4
v 1.5 3.9 -4
v 1.4 3.9 -4
v 1.3 3.9 -4
v 1.2 3.9 -4
v 1.1 3.9 -4
v 1 3.9 -4
v 0.9 3.9 -4
v 0.8 3.9 -4
v 0.7 3.9 -4
v 0.6 3.9 -4
v 0.5 3.9 -4
v 0.4 3.9 -4
v 0.3 3.9 -4
v 0.2 3.9 -4
v 0.1 3.9 -4
v 0 3.9 -4
v -0.1 3.9 -4
v -0.2 3.9 -4
v -0.3 3.9 -4
v -0.4 3.9 -4
v -0.5 3.9 -4
v -0.6 3.9 -4
v -0.7 3.9 -4
v -0.8 3.9 -4
v -0.9 3.9 -4
v -1 3.9 -4
v -1.1 3.9 -4
v -1.2 3.9 -4
v -1.3 3.9 -4
v -1.4 3.9 -4
v -1.5 3.9 -4
v -1.6 3.9 -4
v -1.7 3.9 -4
v -1.8 3.9 -4
v -1.9 3.9 -4
v -2 3.9 -4
v -2.1 3.9 -4
v -2.2 3 -4
v -2.2 3.1 -4
v -2.2 3.2 -4
v -2.2 3.3 -4
v -2.2 3.4 -4
v -2.2 3.5 -4
v -2.2 3.6 -4
v -2.2 3.7 -4
v -2.2 3.8 -4
v -2.2 3.9 -4
v -3.6 4 -2.3
v -3.7 4 -2.3
v -3.9 4 -2.3
v -4 4 -2.3
v -3.5 4 -2.4
v -3.6 4 -2.4
v -3.7 4 -2.4
v -3.8 4 -2.4
v -3.8 4 -2.3
v -3.9 4 -2.4
v -4 4 -2.4
v -3.5 4 -2.5
v -3.6 4 -2.5
v -3.7 4 -2.5
v -3.8 4 -2.5
v -3.9 4 -2.5
v -4 4 -2.5
v -3.5 4 -2.6
v -3.6 4 -2.6
v -3.7 4 -2.6
v -3.8 4 -2.6
v -3.9 4 -2.6
v -4 4 -2.6
v -3.4 4 -2.7
v -3.5 4 -2.7
v -3.6 4 -2.7
v -3.7 4 -2.7
v -3.8 4 -2.7
v -3.9 4 -2.7
v -4 4 -2.7
v -3.4 4 -2.8
v -3.5 4 -2.8
v -3.6 4 -2.8
v -3.7 4 -2.8
v -3.8 4 -2.8
v -3.9 4 -2.8
v -4 4 -2.8
v -3.4 4 -2.9
v -3.5 4 -2.9
v -3.6 4 -2.9
v -3.7 4 -2.9
v -3.8 4 -2.9
v -3.9 4 -2.9
v -4 4 -2.9
v -3.3 4 -3
v -3.4 4 -3
v -3.5 4 -3
v -3.6 4 -3
v -3.7 4 -3
v -3.8 4 -3
v -3.9 4 -3
v -4 4 -3
v -3.2 4 -3.1
v -3.3 4 -3.1
v -3.4 4 -3.1
v -3.5 4 -3.1
v -3.6 4 -3.1
v -3.7 4 -3.1
v -3.8 4 -3.1
v -3.9 4 -3.1
v -4 4 -3.1
v -3.1 4 -3.2
v -3.2 4 -3.2
v -3.3 4 -3.2
v -3.4 4 -3.2
v -3.5 4 -3.2
v -3.6 4 -3.2
v -3.7 4 -3.2
v -3.8 4 -3.2
v -3.9 4 -3.2
v -4 4 -3.2
v -3 4 -3.3
v -3.1 4 -3.3
v -3.2 4 -3.3
v -3.3 4 -3.3
v -3.4 4 -3.3
v -3.5 4 -3.3
v -3.6 4 -3.3
v -3.7 4 -3.3
v -3.8 4 -3.3
v -3.9 4 -3.3
v -4 4 -3.3
v -2.7 4 -3.4
v -3 4 -3.4
v -3.1 4 -3.4
v -3.2 4 -3.4
v -3.3 4 -3.4
v -3.4 4 -3.4
v -3.5 4 -3.4
v -3.6 4 -3.4
v -3.7 4 -3.4
v -3.8 4 -3.4
v -3.9 4 -3.4
v -4 4 -3.4
v -2.4 4 -3.5
v -2.7 4 -3.5
v -2.8 4 -3.5
v -2.8 4 -3.4
v -2.9 4 -3.5
v -2.9 4 -3.4
v -3 4 -3.5
v -3.1 4 -3.5
v -3.2 4 -3.5
v -3.3 4 -3.5
v -3.4 4 -3.5
v -3.5 4 -3.5
v -3.6 4 -3.5
v -3.7 4 -3.5
v -3.8 4 -3.5
v -3.9 4 -3.5
v -4 4 -3.5
v -2.3 4 -3.6
v -2.4 4 -3.6
v -2.5 4 -3.6
v -2.5 4 -3.5
v -2.6 4 -3.6
v -2.6 4 -3.5
v -2.7 4 -3.6
v -2.8 4 -3.6
v -2.9 4 -3.6
v -3 4 -3.6
v -3.1 4 -3.6
v -3.2 4 -3.6
v -3.3 4 -3.6
v -3.4 4 -3.6
v -3.5 4 -3.6
v -3.6 4 -3.6
v -3.7 4 -3.6
v -3.8 4 -3.6
v -3.9 4 -3.6
v -4 4 -3.6
v -2.3 4 -3.7
v -2.4 4 -3.7
v -2.5 4 -3.7
v -2.6 4 -3.7
v -2.7 4 -3.7
v -2.8 4 -3.7
v -2.9 4 -3.7
v -3 4 -3.7
v -3.1 4 -3.7
v -3.2 4 -3.7
v -3.3 4 -3.7
v -3.4 4 -3.7
v -3.5 4 -3.7
v -3.6 4 -3.7
v -3.7 4 -3.7
v -3.8 4 -3.7
v -3.9 4 -3.7
v -4 4 -3.7
v -2.3 4 -3.8
v -2.4 4 -3.8
v -2.5 4 -3.8
v -2.6 4 -3.8
v -2.7 4 -3.8
v -2.8 4 -3.8
v -2.9 4 -3.8
v -3 4 -3.8
v -3.1 4 -3.8
v -3.2 4 -3.8
v -3.3 4 -3.8
v -3.4 4 -3.8
v -3.5 4 -3.8
v -3.6 4 -3.8
v -3.7 4 -3.8
v -3.8 4 -3.8
v -3.9 4 -3.8
v -4 4 -3.8
v -2.2 4 -3.9
v -2.3 4 -3.9
v -2.4 4 -3.9
v -2.5 4 -3.9
v -2.6 4 -3.9
v -2.7 4 -3.9
v -2.8 4 -3.9
v -2.9 4 -3.9
v -3 4 -3.9
v -3.1 4 -3.9
v -3.2 4 -3.9
v -3.3 4 -3.9
v -3.4 4 -3.9
v -3.5 4 -3.9
v -3.6 4 -3.9
v -3.7 4 -3.9
v -3.8 4 -3.9
v -3.9 4 -3.9
v -4 4 -3.9
v -2.3 4 -4
v -2.4 4 -4
v -2.5 4 -4
v -2.6 4 -4
v -2.7 4 -4
v -2.8 4 -4
v -2.9 4 -4
v -3 4 -4
v -3.1 4 -4
v -3.2 4 -4
v -3.3 4 -4
v -3.4 4 -4
v -3.5 4 -4
v -3.6 4 -4
v -3.7 4 -4
v -3.8 4 -4
v -3.9 4 -4
v -4 4 -4
v -4 0 -4
v -4 3 -4
v -4 3.1 -4
v -4 3.2 -4
v -4 3.3 -4
v -4 3.4 -4
v -4 3.5 -4
v -4 3.6 -4
v -4 3.7 -4
v -4 3.8 -4
v -4 3.9 -4
v -4 3.9 -2.3
v -4 3.9 -2.4
v -4 3.9 -2.5
v -4 3.9 -2.6
v -4 3.9 -2.7
v -4 3.9 -2.8
v -4 3.9 -2.9
v -4 3.9 -3
v -4 3.9 -3.1
v -4 3.9 -3.2
v -4 3.9 -3.3
v -4 3.9 -3.4
v -4 3.9 -3.5
v -4 3.9 -3.6
v -4 3.9 -3.7
v -4 3.9 -3.8
v -4 3.9 -3.9
v -2.3 3.9 -4
v -2.4 3.9 -4
v -2.5 3.9 -4
v -2.6 3.9 -4
v -2.7 3.9 -4
v -2.8 3.9 -4
v -2.9 3.9 -4
v -3 3.9 -4
v -3.1 3.9 -4
v -3.2 3.9 -4
v -3.3 3.9 -4
v -3.4 3.9 -4
v -3.5 3.9 -4
v -3.6 3.9 -4
v -3.7 3.9 -4
v -3.8 3.9 -4
v -3.9 3.9 -4

vt 0.0214844 0.5
vt 0.0253906 0.5
vt 0.0371094 0.5
vt 0.0449219 0.5
vt 0.0761719 0.5
vt 0.0957031 0.5

vn 0 1 0
vn 0 -1 0
vn 1 0 0
vn 0 0 1
vn -1 0 0
vn 0 0 -1

usemtl palette
f 1/6/1 2/6/1 4/6/1
f 4/6/1 2/6/1 3/6/1
f 2/3/1 5/3/1 3/3/1
f 3/3/1 5/3/1 6/3/1
f 7/3/1 8/3/1 10/3/1
f 10/3/1 8/3/1 9/3/1
f 11/3/1 12/3/1 14/3/1
f 14/3/1 12/3/1 13/3/1
f 15/3/1 16/3/1 18/3/1
f 18/3/1 16/3/1 17/3/1
f 19/3/1 20/3/1 22/3/1
f 22/3/1 20/3/1 21/3/1
f 23/3/1 24/3/1 26/3/1
f 26/3/1 24/3/1 25/3/1
f 27/3/1 28/3/1 30/3/1
f 30/3/1 28/3/1 29/3/1
f 31/3/1 32/3/1 34/3/1
f 34/3/1 32/3/1 33/3/1
f 35/3/1 36/3/1 38/3/1
f 38/3/1 36/3/1 37/3/1
f 39/3/1 40/3/1 42/3/1
f 42/3/1 40/3/1 41/3/1
f 43/3/1 44/3/1 46/3/1
f 46/3/1 44/3/1 45/3/1
f 47/3/1 48/3/1 50/3/1
f 50/3/1 48/3/1 49/3/1
f 51/3/1 52/3/1 54/3/1
f 54/3/1 52/3/1 53/3/1
f 55/3/1 56/3/1 58/3/1
f 58/3/1 56/3/1 57/3/1
f 59/3/1 60/3/1 62/3/1
f 62/3/1 60/3/1 61/3/1
f 63/3/1 64/3/1 66/3/1
f 66/3/1 64/3/1 65/3/1
f 67/3/1 68/3/1 70/3/1
f 70/3/1 68/3/1 69/3/1
f 71/3/1 72/3/1 74/3/1
f 74/3/1 72/3/1 73/3/1
f 75/3/1 76/3/1 78/3/1
f 78/3/1 76/3/1 77/3/1
f 79/3/1 80/3/1 82/3/1
f 82/3/1 80/3/1 81/3/1
f 83/3/1 84/3/1 86/3/1
f 86/3/1 84/3/1 85/3/1
f 87/3/1 88/3/1 90/3/1
f 90/3/1 88/3/1 89/3/1
f 91/3/1 92/3/1 94/3/1
f 94/3/1 92/3/1 93/3/1
f 95/3/1 96/3/1 98/3/1
f 98/3/1 96/3/1 97/3/1
f 99/3/1 100/3/1 102/3/1
f 102/3/1 100/3/1 101/3/1
f 103/3/1 104/3/1 106/3/1
f 106/3/1 104/3/1 105/3/1
f 107/3/1 108/3/1 110/3/1
f 110/3/1 108/3/1 109/3/1
f 111/3/1 112/3/1 114/3/1
f 114/3/1 112/3/1 113/3/1
f 115/3/1 116/3/1 118/3/1
f 118/3/1 116/3/1 117/3/1
f 119/3/1 120/3/1 122/3/1
f 122/3/1 120/3/1 121/3/1
f 123/3/1 124/3/1 126/3/1
f 126/3/1 124/3/1 125/3/1
f 127/3/1 128/3/1 1/3/1
f 1/3/1 128/3/1 2/3/1
f 129/6/1 130/6/1 6/6/1
f 6/6/1 130/6/1 10/6/1
f 131/6/1 132/6/1 9/6/1
f 9/6/1 132/6/1 14/6/1
f 133/6/1 134/6/1 13/6/1
f 13/6/1 134/6/1 18/6/1
f 135/6/1 136/6/1 17/6/1
f 17/6/1 136/6/1 22/6/1
f 137/6/1 138/6/1 21/6/1
f 21/6/1 138/6/1 26/6/1
f 139/6/1 140/6/1 25/6/1
f 25/6/1 140/6/1 30/6/1
f 141/6/1 142/6/1 29/6/1
f 29/6/1 142/6/1 34/6/1
f 143/6/1 144/6/1 33/6/1
f 33/6/1 144/6/1 38/6/1
f 145/6/1 146/6/1 37/6/1
f 37/6/1 146/6/1 42/6/1
f 147/6/1 148/6/1 41/6/1
f 41/6/1 148/6/1 46/6/1
f 149/6/1 150/6/1 45/6/1
f 45/6/1 150/6/1 50/6/1
f 151/6/1 152/6/1 49/6/1
f 49/6/1 152/6/1 54/6/1
f 153/6/1 154/6/1 53/6/1
f 53/6/1 154/6/1 58/6/1
f 155/6/1 156/6/1 57/6/1
f 57/6/1 156/6/1 62/6/1
f 157/6/1 158/6/1 61/6/1
f 61/6/1 158/6/1 66/6/1
f 159/6/1 160/6/1 65/6/1
f 65/6/1 160/6/1 70/6/1
f 161/6/1 162/6/1 69/6/1
f 69/6/1 162/6/1 74/6/1
f 163/6/1 164/6/1 73/6/1
f 73/6/1 164/6/1 78/6/1
f 164/6/1 165/6/1 75/6/1
f 75/6/1 165/6/1 76/6/1
f 166/6/1 167/6/1 79/6/1
f 79/6/1 167/6/1 80/6/1
f 167/6/1 168/6/1 81/6/1
f 81/6/1 168/6/1 86/6/1
f 169/6/1 170/6/1 85/6/1
f 85/6/1 170/6/1 90/6/1
f 170/6/1 171/6/1 87/6/1
f 87/6/1 171/6/1 88/6/1
f 172/6/1 173/6/1 91/6/1
f 91/6/1 173/6/1 92/6/1
f 174/6/1 175/6/1 95/6/1
f 95/6/1 175/6/1 96/6/1
f 176/6/1 177/6/1 99/6/1
f 99/6/1 177/6/1 100/6/1
f 178/6/1 179/6/1 103/6/1
f 103/6/1 179/6/1 104/6/1
f 180/6/1 181/6/1 107/6/1
f 107/6/1 181/6/1 108/6/1
f 182/6/1 183/6/1 111/6/1
f 111/6/1 183/6/1 112/6/1
f 184/6/1 185/6/1 115/6/1
f 115/6/1 185/6/1 116/6/1
f 186/6/1 187/6/1 119/6/1
f 119/6/1 187/6/1 120/6/1
f 188/6/1 189/6/1 123/6/1
f 123/6/1 189/6/1 124/6/1
f 190/6/1 191/6/1 127/6/1
f 127/6/1 191/6/1 128/6/1
f 192/2/1 193/2/1 129/2/1
f 129/2/1 193/2/1 130/2/1
f 193/6/1 194/6/1 7/6/1
f 7/6/1 194/6/1 8/6/1
f 194/2/1 195/2/1 131/2/1
f 131/2/1 195/2/1 132/2/1
f 195/6/1 196/6/1 11/6/1
f 11/6/1 196/6/1 12/6/1
f 196/2/1 197/2/1 133/2/1
f 133/2/1 197/2/1 134/2/1
f 197/6/1 198/6/1 15/6/1
f 15/6/1 198/6/1 16/6/1
f 198/2/1 199/2/1 135/2/1
f 135/2/1 199/2/1 136/2/1
f 199/6/1 200/6/1 19/6/1
f 19/6/1 200/6/1 20/6/1
f 200/2/1 201/2/1 137/2/1
f 137/2/1 201/2/1 138/2/1
f 201/6/1 202/6/1 23/6/1
f 23/6/1 202/6/1 24/6/1
f 202/2/1 203/2/1 139/2/1
f 139/2/1 203/2/1 140/2/1
f 203/6/1 204/6/1 27/6/1
f 27/6/1 204/6/1 28/6/1
f 204/2/1 205/2/1 141/2/1
f 141/2/1 205/2/1 142/2/1
f 205/6/1 206/6/1 31/6/1
f 31/6/1 206/6/1 32/6/1
f 206/2/1 207/2/1 143/2/1
f 143/2/1 207/2/1 144/2/1
f 207/6/1 208/6/1 35/6/1
f 35/6/1 208/6/1 36/6/1
f 208/2/1 209/2/1 145/2/1
f 145/2/1 209/2/1 146/2/1
f 209/6/1 210/6/1 39/6/1
f 39/6/1 210/6/1 40/6/1
f 210/2/1 211/2/1 147/2/1
f 147/2/1 211/2/1 148/2/1
f 211/6/1 212/6/1 43/6/1
f 43/6/1 212/6/1 44/6/1
f 213/6/1 214/6/1 47/6/1
f 47/6/1 214/6/1 48/6/1
f 215/6/1 216/6/1 51/6/1
f 51/6/1 216/6/1 52/6/1
f 217/6/1 218/6/1 55/6/1
f 55/6/1 218/6/1 56/6/1
f 219/6/1 220/6/1 59/6/1
f 59/6/1 220/6/1 60/6/1
f 221/6/1 222/6/1 63/6/1
f 63/6/1 222/6/1 64/6/1
f 223/6/1 224/6/1 67/6/1
f 67/6/1 224/6/1 68/6/1
f 225/6/1 226/6/1 71/6/1
f 71/6/1 226/6/1 72/6/1
f 227/6/1 228/6/1 77/6/1
f 77/6/1 228/6/1 82/6/1
f 229/6/1 230/6/1 83/6/1
f 83/6/1 230/6/1 84/6/1
f 231/6/1 232/6/1 89/6/1
f 89/6/1 232/6/1 94/6/1
f 233/6/1 234/6/1 93/6/1
f 93/6/1 234/6/1 98/6/1
f 235/6/1 236/6/1 97/6/1
f 97/6/1 236/6/1 102/6/1
f 237/6/1 238/6/1 101/6/1
f 101/6/1 238/6/1 106/6/1
f 239/6/1 240/6/1 105/6/1
f 105/6/1 240/6/1 110/6/1
f 241/6/1 242/6/1 109/6/1
f 109/6/1 242/6/1 114/6/1
f 243/6/1 244/6/1 113/6/1
f 113/6/1 244/6/1 118/6/1
f 245/6/1 246/6/1 117/6/1
f 117/6/1 246/6/1 122/6/1
f 246/2/1 247/2/1 186/2/1
f 186/2/1 247/2/1 187/2/1
f 247/6/1 248/6/1 121/6/1
f 121/6/1 248/6/1 126/6/1
f 248/2/1 249/2/1 188/2/1
f 188/2/1 249/2/1 189/2/1
f 250/3/1 251/3/1 190/3/1
f 190/3/1 251/3/1 191/3/1
f 252/6/1 253/6/1 192/6/1
f 192/6/1 253/6/1 193/6/1
f 253/2/1 254/2/1 193/2/1
f 193/2/1 254/2/1 194/2/1
f 254/6/1 255/6/1 194/6/1
f 194/6/1 255/6/1 195/6/1
f 255/2/1 256/2/1 195/2/1
f 195/2/1 256/2/1 196/2/1
f 256/6/1 257/6/1 196/6/1
f 196/6/1 257/6/1 197/6/1
f 257/2/1 258/2/1 197/2/1
f 197/2/1 258/2/1 198/2/1
f 258/6/1 259/6/1 198/6/1
f 198/6/1 259/6/1 199/6/1
f 259/2/1 260/2/1 199/2/1
f 199/2/1 260/2/1 200/2/1
f 260/6/1 261/6/1 200/6/1
f 200/6/1 261/6/1 201/6/1
f 261/2/1 262/2/1 201/2/1
f 201/2/1 262/2/1 202/2/1
f 262/6/1 263/6/1 202/6/1
f 202/6/1 263/6/1 203/6/1
f 263/2/1 264/2/1 203/2/1
f 203/2/1 264/2/1 204/2/1
f 264/6/1 265/6/1 204/6/1
f 204/6/1 265/6/1 205/6/1
f 265/2/1 266/2/1 205/2/1
f 205/2/1 266/2/1 206/2/1
f 266/6/1 267/6/1 206/6/1
f 206/6/1 267/6/1 207/6/1
f 268/6/1 269/6/1 208/6/1
f 208/6/1 269/6/1 209/6/1
f 270/6/1 271/6/1 210/6/1
f 210/6/1 271/6/1 211/6/1
f 272/6/1 273/6/1 246/6/1
f 246/6/1 273/6/1 247/6/1
f 274/6/1 275/6/1 248/6/1
f 248/6/1 275/6/1 249/6/1
f 276/6/1 277/6/1 250/6/1
f 250/6/1 277/6/1 251/6/1
f 278/2/1 279/2/1 252/2/1
f 252/2/1 279/2/1 253/2/1
f 279/6/1 280/6/1 253/6/1
f 253/6/1 280/6/1 254/6/1
f 280/2/1 281/2/1 254/2/1
f 254/2/1 281/2/1 255/2/1
f 281/6/1 282/6/1 255/6/1
f 255/6/1 282/6/1 256/6/1
f 282/2/1 283/2/1 256/2/1
f 256/2/1 283/2/1 257/2/1
f 283/6/1 284/6/1 257/6/1
f 257/6/1 284/6/1 258/6/1
f 284/2/1 285/2/1 258/2/1
f 258/2/1 285/2/1 259/2/1
f 285/6/1 286/6/1 259/6/1
f 259/6/1 286/6/1 260/6/1
f 286/2/1 287/2/1 260/2/1
f 260/2/1 287/2/1 261/2/1
f 287/6/1 288/6/1 261/6/1
f 261/6/1 288/6/1 262/6/1
f 288/2/1 289/2/1 262/2/1
f 262/2/1 289/2/1 263/2/1
f 289/6/1 290/6/1 263/6/1
f 263/6/1 290/6/1 264/6/1
f 291/6/1 292/6/1 265/6/1
f 265/6/1 292/6/1 266/6/1
f 293/3/1 294/3/1 276/3/1
f 276/3/1 294/3/1 277/3/1
f 295/6/1 296/6/1 278/6/1
f 278/6/1 296/6/1 279/6/1
f 296/2/1 297/2/1 279/2/1
f 279/2/1 297/2/1 280/2/1
f 297/6/1 298/6/1 280/6/1
f 280/6/1 298/6/1 281/6/1
f 298/2/1 299/2/1 281/2/1
f 281/2/1 299/2/1 282/2/1
f 299/6/1 300/6/1 282/6/1
f 282/6/1 300/6/1 283/6/1
f 300/2/1 301/2/1 283/2/1
f 283/2/1 301/2/1 284/2/1
f 301/6/1 302/6/1 284/6/1
f 284/6/1 302/6/1 285/6/1
f 302/2/1 303/2/1 285/2/1
f 285/2/1 303/2/1 286/2/1
f 303/6/1 304/6/1 286/6/1
f 286/6/1 304/6/1 287/6/1
f 305/6/1 306/6/1 288/6/1
f 288/6/1 306/6/1 289/6/1
f 307/6/1 308/6/1 293/6/1
f 293/6/1 308/6/1 294/6/1
f 309/2/1 310/2/1 295/2/1
f 295/2/1 310/2/1 296/2/1
f 310/6/1 311/6/1 296/6/1
f 296/6/1 311/6/1 297/6/1
f 311/2/1 312/2/1 297/2/1
f 297/2/1 312/2/1 298/2/1
f 312/6/1 313/6/1 298/6/1
f 298/6/1 313/6/1 299/6/1
f 313/2/1 314/2/1 299/2/1
f 299/2/1 314/2/1 300/2/1
f 314/6/1 315/6/1 300/6/1
f 300/6/1 315/6/1 301/6/1
f 315/2/1 316/2/1 301/2/1
f 301/2/1 316/2/1 302/2/1
f 316/6/1 317/6/1 302/6/1
f 302/6/1 317/6/1 303/6/1
f 318/3/1 319/3/1 307/3/1
f 307/3/1 319/3/1 308/3/1
f 320/6/1 321/6/1 309/6/1
f 309/6/1 321/6/1 310/6/1
f 321/2/1 322/2/1 310/2/1
f 310/2/1 322/2/1 311/2/1
f 322/6/1 323/6/1 311/6/1
f 311/6/1 323/6/1 312/6/1
f 323/2/1 324/2/1 312/2/1
f 312/2/1 324/2/1 313/2/1
f 324/6/1 325/6/1 313/6/1
f 313/6/1 325/6/1 314/6/1
f 325/2/1 326/2/1 314/2/1
f 314/2/1 326/2/1 315/2/1
f 326/6/1 327/6/1 315/6/1
f 315/6/1 327/6/1 316/6/1
f 328/6/1 329/6/1 318/6/1
f 318/6/1 329/6/1 319/6/1
f 330/2/1 331/2/1 320/2/1
f 320/2/1 331/2/1 321/2/1
f 331/6/1 332/6/1 321/6/1
f 321/6/1 332/6/1 322/6/1
f 332/2/1 333/2/1 322/2/1
f 322/2/1 333/2/1 323/2/1
f 333/6/1 334/6/1 323/6/1
f 323/6/1 334/6/1 324/6/1
f 334/2/1 335/2/1 324/2/1
f 324/2/1 335/2/1 325/2/1
f 335/6/1 336/6/1 325/6/1
f 325/6/1 336/6/1 326/6/1
f 337/3/1 338/3/1 328/3/1
f 328/3/1 338/3/1 329/3/1
f 339/6/1 340/6/1 330/6/1
f 330/6/1 340/6/1 331/6/1
f 340/2/1 341/2/1 331/2/1
f 331/2/1 341/2/1 332/2/1
f 341/6/1 342/6/1 332/6/1
f 332/6/1 342/6/1 333/6/1
f 342/2/1 343/2/1 333/2/1
f 333/2/1 343/2/1 334/2/1
f 343/6/1 344/6/1 334/6/1
f 334/6/1 344/6/1 335/6/1
f 345/6/1 346/6/1 337/6/1
f 337/6/1 346/6/1 338/6/1
f 347/2/1 348/2/1 339/2/1
f 339/2/1 348/2/1 340/2/1
f 348/6/1 349/6/1 340/6/1
f 340/6/1 349/6/1 341/6/1
f 349/2/1 350/2/1 341/2/1
f 341/2/1 350/2/1 342/2/1
f 350/6/1 351/6/1 342/6/1
f 342/6/1 351/6/1 343/6/1
f 352/3/1 353/3/1 345/3/1
f 345/3/1 353/3/1 346/3/1
f 354/6/1 355/6/1 347/6/1
f 347/6/1 355/6/1 348/6/1
f 355/2/1 356/2/1 348/2/1
f 348/2/1 356/2/1 349/2/1
f 356/6/1 357/6/1 349/6/1
f 349/6/1 357/6/1 350/6/1
f 357/2/1 358/2/1 350/2/1
f 350/2/1 358/2/1 351/2/1
f 359/6/1 360/6/1 352/6/1
f 352/6/1 360/6/1 353/6/1
f 361/2/1 362/2/1 354/2/1
f 354/2/1 362/2/1 355/2/1
f 362/6/1 363/6/1 355/6/1
f 355/6/1 363/6/1 356/6/1
f 363/2/1 364/2/1 356/2/1
f 356/2/1 364/2/1 357/2/1
f 364/6/1 365/6/1 357/6/1
f 357/6/1 365/6/1 358/6/1
f 366/3/1 367/3/1 359/3/1
f 359/3/1 367/3/1 360/3/1
f 368/6/1 369/6/1 361/6/1
f 361/6/1 369/6/1 362/6/1
f 369/2/1 370/2/1 362/2/1
f 362/2/1 370/2/1 363/2/1
f 370/6/1 371/6/1 363/6/1
f 363/6/1 371/6/1 364/6/1
f 372/6/1 373/6/1 366/6/1
f 366/6/1 373/6/1 367/6/1
f 374/2/1 375/2/1 368/2/1
f 368/2/1 375/2/1 369/2/1
f 375/6/1 376/6/1 369/6/1
f 369/6/1 376/6/1 370/6/1
f 376/2/1 377/2/1 370/2/1
f 370/2/1 377/2/1 371/2/1
f 378/3/1 379/3/1 372/3/1
f 372/3/1 379/3/1 373/3/1
f 380/6/1 381/6/1 374/6/1
f 374/6/1 381/6/1 375/6/1
f 381/2/1 382/2/1 375/2/1
f 375/2/1 382/2/1 376/2/1
f 382/6/1 383/6/1 376/6/1
f 376/6/1 383/6/1 377/6/1
f 384/6/1 385/6/1 378/6/1
f 378/6/1 385/6/1 379/6/1
f 386/2/1 387/2/1 380/2/1
f 380/2/1 387/2/1 381/2/1
f 387/6/1 388/6/1 381/6/1
f 381/6/1 388/6/1 382/6/1
f 389/3/1 390/3/1 384/3/1
f 384/3/1 390/3/1 385/3/1
f 391/6/1 392/6/1 386/6/1
f 386/6/1 392/6/1 387/6/1
f 392/2/1 393/2/1 387/2/1
f 387/2/1 393/2/1 388/2/1
f 394/6/1 395/6/1 389/6/1
f 389/6/1 395/6/1 390/6/1
f 396/2/1 397/2/1 391/2/1
f 391/2/1 397/2/1 392/2/1
f 397/6/1 398/6/1 392/6/1
f 392/6/1 398/6/1 393/6/1
f 399/3/1 400/3/1 394/3/1
f 394/3/1 400/3/1 395/3/1
f 401/6/1 402/6/1 396/6/1
f 396/6/1 402/6/1 397/6/1
f 402/2/1 403/2/1 397/2/1
f 397/2/1 403/2/1 398/2/1
f 404/6/1 405/6/1 399/6/1
f 399/6/1 405/6/1 400/6/1
f 406/2/1 407/2/1 401/2/1
f 401/2/1 407/2/1 402/2/1
f 407/6/1 408/6/1 402/6/1
f 402/6/1 408/6/1 403/6/1
f 409/3/1 410/3/1 404/3/1
f 404/3/1 410/3/1 405/3/1
f 411/6/1 412/6/1 406/6/1
f 406/6/1 412/6/1 407/6/1
f 413/6/1 414/6/1 409/6/1
f 409/6/1 414/6/1 410/6/1
f 415/2/1 416/2/1 411/2/1
f 411/2/1 416/2/1 412/2/1
f 417/3/1 418/3/1 413/3/1
f 413/3/1 418/3/1 414/3/1
f 419/6/1 420/6/1 415/6/1
f 415/6/1 420/6/1 416/6/1
f 421/6/1 422/6/1 417/6/1
f 417/6/1 422/6/1 418/6/1
f 423/2/1 424/2/1 419/2/1
f 419/2/1 424/2/1 420/2/1
f 425/3/1 426/3/1 421/3/1
f 421/3/1 426/3/1 422/3/1
f 427/6/1 428/6/1 423/6/1
f 423/6/1 428/6/1 424/6/1
f 429/6/1 430/6/1 425/6/1
f 425/6/1 430/6/1 426/6/1
f 431/2/1 432/2/1 427/2/1
f 427/2/1 432/2/1 428/2/1
f 433/3/1 434/3/1 429/3/1
f 429/3/1 434/3/1 430/3/1
f 435/6/1 436/6/1 431/6/1
f 431/6/1 436/6/1 432/6/1
f 437/6/1 438/6/1 433/6/1
f 433/6/1 438/6/1 434/6/1
f 439/2/1 440/2/1 435/2/1
f 435/2/1 440/2/1 436/2/1
f 441/3/1 442/3/1 437/3/1
f 437/3/1 442/3/1 438/3/1
f 443/6/1 444/6/1 439/6/1
f 439/6/1 444/6/1 440/6/1
f 445/6/1 446/6/1 441/6/1
f 441/6/1 446/6/1 442/6/1
f 447/2/1 448/2/1 443/2/1
f 443/2/1 448/2/1 444/2/1
f 449/3/1 450/3/1 445/3/1
f 445/3/1 450/3/1 446/3/1
f 451/6/1 452/6/1 447/6/1
f 447/6/1 452/6/1 448/6/1
f 453/6/1 454/6/1 449/6/1
f 449/6/1 454/6/1 450/6/1
f 455/2/1 456/2/1 451/2/1
f 451/2/1 456/2/1 452/2/1
f 457/3/1 458/3/1 453/3/1
f 453/3/1 458/3/1 454/3/1
f 459/6/1 460/6/1 455/6/1
f 455/6/1 460/6/1 456/6/1
f 461/6/1 462/6/1 457/6/1
f 457/6/1 462/6/1 458/6/1
f 463/2/1 464/2/1 459/2/1
f 459/2/1 464/2/1 460/2/1
f 465/3/1 466/3/1 461/3/1
f 461/3/1 466/3/1 462/3/1
f 467/6/1 468/6/1 463/6/1
f 463/6/1 468/6/1 464/6/1
f 469/6/1 470/6/1 465/6/1
f 465/6/1 470/6/1 466/6/1
f 471/3/1 472/3/1 469/3/1
f 469/3/1 472/3/1 470/3/1
f 473/2/1 474/2/1 467/2/1
f 467/2/1 474/2/1 468/2/1
f 475/6/1 476/6/1 471/6/1
f 471/6/1 476/6/1 472/6/1
f 477/6/1 478/6/1 473/6/1
f 473/6/1 478/6/1 474/6/1
f 479/3/1 480/3/1 475/3/1
f 475/3/1 480/3/1 476/3/1
f 481/6/1 482/6/1 479/6/1
f 479/6/1 482/6/1 480/6/1
f 483/2/1 484/2/1 477/2/1
f 477/2/1 484/2/1 478/2/1
f 485/3/1 486/3/1 481/3/1
f 481/3/1 486/3/1 482/3/1
f 487/6/1 488/6/1 483/6/1
f 483/6/1 488/6/1 484/6/1
f 489/6/1 490/6/1 485/6/1
f 485/6/1 490/6/1 486/6/1
f 491/3/1 492/3/1 489/3/1
f 489/3/1 492/3/1 490/3/1
f 493/2/1 494/2/1 487/2/1
f 487/2/1 494/2/1 488/2/1
f 495/6/1 496/6/1 491/6/1
f 491/6/1 496/6/1 492/6/1
f 497/6/1 498/6/1 493/6/1
f 493/6/1 498/6/1 494/6/1
f 499/3/1 500/3/1 495/3/1
f 495/3/1 500/3/1 496/3/1
f 501/2/1 502/2/1 497/2/1
f 497/2/1 502/2/1 498/2/1
f 503/6/1 504/6/1 499/6/1
f 499/6/1 504/6/1 500/6/1
f 505/6/1 506/6/1 501/6/1
f 501/6/1 506/6/1 502/6/1
f 507/3/1 508/3/1 503/3/1
f 503/3/1 508/3/1 504/3/1
f 509/2/1 510/2/1 505/2/1
f 505/2/1 510/2/1 506/2/1
f 511/6/1 512/6/1 507/6/1
f 507/6/1 512/6/1 508/6/1
f 513/6/1 514/6/1 509/6/1
f 509/6/1 514/6/1 510/6/1
f 515/3/1 516/3/1 511/3/1
f 511/3/1 516/3/1 512/3/1
f 517/2/1 518/2/1 513/2/1
f 513/2/1 518/2/1 514/2/1
f 519/6/1 520/6/1 515/6/1
f 515/6/1 520/6/1 516/6/1
f 521/6/1 522/6/1 517/6/1
f 517/6/1 522/6/1 518/6/1
f 523/3/1 524/3/1 519/3/1
f 519/3/1 524/3/1 520/3/1
f 525/2/1 526/2/1 521/2/1
f 521/2/1 526/2/1 522/2/1
f 527/6/1 528/6/1 523/6/1
f 523/6/1 528/6/1 524/6/1
f 529/6/1 530/6/1 525/6/1
f 525/6/1 530/6/1 526/6/1
f 531/3/1 532/3/1 527/3/1
f 527/3/1 532/3/1 528/3/1
f 533/2/1 534/2/1 529/2/1
f 529/2/1 534/2/1 530/2/1
f 535/6/1 536/6/1 531/6/1
f 531/6/1 536/6/1 532/6/1
f 537/6/1 538/6/1 533/6/1
f 533/6/1 538/6/1 534/6/1
f 539/3/1 540/3/1 535/3/1
f 535/3/1 540/3/1 536/3/1
f 541/2/1 542/2/1 537/2/1
f 537/2/1 542/2/1 538/2/1
f 543/6/1 544/6/1 539/6/1
f 539/6/1 544/6/1 540/6/1
f 545/6/1 546/6/1 541/6/1
f 541/6/1 546/6/1 542/6/1
f 547/3/1 548/3/1 543/3/1
f 543/3/1 548/3/1 544/3/1
f 549/2/1 550/2/1 545/2/1
f 545/2/1 550/2/1 546/2/1
f 551/6/1 552/6/1 547/6/1
f 547/6/1 552/6/1 548/6/1
f 553/6/1 554/6/1 549/6/1
f 549/6/1 554/6/1 550/6/1
f 554/2/1 555/2/1 407/2/1
f 407/2/1 555/2/1 408/2/1
f 556/3/1 557/3/1 551/3/1
f 551/3/1 557/3/1 552/3/1
f 558/2/1 559/2/1 553/2/1
f 553/2/1 559/2/1 554/2/1
f 559/6/1 560/6/1 554/6/1
f 554/6/1 560/6/1 555/6/1
f 561/6/1 562/6/1 556/6/1
f 556/6/1 562/6/1 557/6/1
f 563/6/1 564/6/1 558/6/1
f 558/6/1 564/6/1 559/6/1
f 564/2/1 565/2/1 559/2/1
f 559/2/1 565/2/1 560/2/1
f 566/3/1 567/3/1 561/3/1
f 561/3/1 567/3/1 562/3/1
f 567/6/1 568/6/1 2/6/1
f 2/6/1 568/6/1 5/6/1
f 568/2/1 569/2/1 563/2/1
f 563/2/1 569/2/1 564/2/1
f 569/6/1 570/6/1 564/6/1
f 564/6/1 570/6/1 565/6/1
f 570/2/1 571/2/1 382/2/1
f 382/2/1 571/2/1 383/2/1
f 571/2/1 572/2/1 364/2/1
f 364/2/1 572/2/1 365/2/1
f 572/2/1 573/2/1 343/2/1
f 343/2/1 573/2/1 344/2/1
f 573/2/1 574/2/1 335/2/1
f 335/2/1 574/2/1 336/2/1
f 574/2/1 575/2/1 326/2/1
f 326/2/1 575/2/1 327/2/1
f 575/2/1 576/2/1 316/2/1
f 316/2/1 576/2/1 317/2/1
f 576/2/1 577/2/1 303/2/1
f 303/2/1 577/2/1 304/2/1
f 577/2/1 578/2/1 287/2/1
f 287/2/1 578/2/1 288/2/1
f 578/2/1 579/2/1 305/2/1
f 305/2/1 579/2/1 306/2/1
f 579/2/1 580/2/1 289/2/1
f 289/2/1 580/2/1 290/2/1
f 580/2/1 581/2/1 264/2/1
f 264/2/1 581/2/1 265/2/1
f 581/2/1 582/2/1 291/2/1
f 291/2/1 582/2/1 292/2/1
f 582/2/1 583/2/1 266/2/1
f 266/2/1 583/2/1 267/2/1
f 583/2/1 584/2/1 207/2/1
f 207/2/1 584/2/1 208/2/1
f 584/2/1 585/2/1 268/2/1
f 268/2/1 585/2/1 269/2/1
f 585/2/1 586/2/1 209/2/1
f 209/2/1 586/2/1 210/2/1
f 586/2/1 587/2/1 270/2/1
f 270/2/1 587/2/1 271/2/1
f 587/2/1 588/2/1 211/2/1
f 211/2/1 588/2/1 212/2/1
f 588/2/1 589/2/1 149/2/1
f 149/2/1 589/2/1 150/2/1
f 589/2/1 590/2/1 213/2/1
f 213/2/1 590/2/1 214/2/1
f 590/2/1 591/2/1 151/2/1
f 151/2/1 591/2/1 152/2/1
f 591/2/1 592/2/1 215/2/1
f 215/2/1 592/2/1 216/2/1
f 592/2/1 593/2/1 153/2/1
f 153/2/1 593/2/1 154/2/1
f 593/2/1 594/2/1 217/2/1
f 217/2/1 594/2/1 218/2/1
f 594/2/1 595/2/1 155/2/1
f 155/2/1 595/2/1 156/2/1
f 595/2/1 596/2/1 219/2/1
f 219/2/1 596/2/1 220/2/1
f 596/2/1 597/2/1 157/2/1
f 157/2/1 597/2/1 158/2/1
f 597/2/1 598/2/1 221/2/1
f 221/2/1 598/2/1 222/2/1
f 598/2/1 599/2/1 159/2/1
f 159/2/1 599/2/1 160/2/1
f 599/2/1 600/2/1 223/2/1
f 223/2/1 600/2/1 224/2/1
f 600/2/1 601/2/1 161/2/1
f 161/2/1 601/2/1 162/2/1
f 601/2/1 602/2/1 225/2/1
f 225/2/1 602/2/1 226/2/1
f 602/2/1 603/2/1 163/2/1
f 163/2/1 603/2/1 165/2/1
f 603/2/1 604/2/1 227/2/1
f 227/2/1 604/2/1 228/2/1
f 604/2/1 605/2/1 166/2/1
f 166/2/1 605/2/1 168/2/1
f 605/2/1 606/2/1 229/2/1
f 229/2/1 606/2/1 230/2/1
f 606/2/1 607/2/1 169/2/1
f 169/2/1 607/2/1 171/2/1
f 607/2/1 608/2/1 231/2/1
f 231/2/1 608/2/1 232/2/1
f 608/2/1 609/2/1 172/2/1
f 172/2/1 609/2/1 173/2/1
f 609/2/1 610/2/1 233/2/1
f 233/2/1 610/2/1 234/2/1
f 610/2/1 611/2/1 174/2/1
f 174/2/1 611/2/1 175/2/1
f 611/2/1 612/2/1 235/2/1
f 235/2/1 612/2/1 236/2/1
f 612/2/1 613/2/1 176/2/1
f 176/2/1 613/2/1 177/2/1
f 613/2/1 614/2/1 237/2/1
f 237/2/1 614/2/1 238/2/1
f 614/2/1 615/2/1 178/2/1
f 178/2/1 615/2/1 179/2/1
f 615/2/1 616/2/1 239/2/1
f 239/2/1 616/2/1 240/2/1
f 616/2/1 617/2/1 180/2/1
f 180/2/1 617/2/1 181/2/1
f 617/2/1 618/2/1 241/2/1
f 241/2/1 618/2/1 242/2/1
f 618/2/1 619/2/1 182/2/1
f 182/2/1 619/2/1 183/2/1
f 619/2/1 620/2/1 243/2/1
f 243/2/1 620/2/1 244/2/1
f 620/2/1 621/2/1 184/2/1
f 184/2/1 621/2/1 185/2/1
f 621/2/1 622/2/1 245/2/1
f 245/2/1 622/2/1 246/2/1
f 622/2/1 623/2/1 272/2/1
f 272/2/1 623/2/1 273/2/1
f 623/2/1 624/2/1 247/2/1
f 247/2/1 624/2/1 248/2/1
f 624/2/1 625/2/1 274/2/1
f 274/2/1 625/2/1 275/2/1
f 626/1/2 627/1/2 629/1/2
f 629/1/2 627/1/2 628/1/2
f 630/1/3 627/1/3 631/1/3
f 631/1/3 627/1/3 626/1/3
f 632/5/3 630/5/3 633/5/3
f 633/5/3 630/5/3 631/5/3
f 634/1/3 632/1/3 635/1/3
f 635/1/3 632/1/3 633/1/3
f 636/5/3 634/5/3 637/5/3
f 637/5/3 634/5/3 635/5/3
f 638/1/3 636/1/3 639/1/3
f 639/1/3 636/1/3 637/1/3
f 640/4/3 638/4/3 641/4/3
f 641/4/3 638/4/3 639/4/3
f 642/1/3 640/1/3 643/1/3
f 643/1/3 640/1/3 641/1/3
f 644/4/3 642/4/3 645/4/3
f 645/4/3 642/4/3 643/4/3
f 646/1/3 644/1/3 647/1/3
f 647/1/3 644/1/3 645/1/3
f 648/6/3 649/6/3 650/6/3
f 650/6/3 649/6/3 647/6/3
f 4/6/3 646/6/3 1/6/3
f 1/6/3 646/6/3 649/6/3
f 1/3/3 648/3/3 127/3/3
f 127/3/3 648/3/3 651/3/3
f 127/6/3 651/6/3 190/6/3
f 190/6/3 651/6/3 652/6/3
f 190/3/3 652/3/3 250/3/3
f 250/3/3 652/3/3 653/3/3
f 250/6/3 653/6/3 276/6/3
f 276/6/3 653/6/3 654/6/3
f 276/3/3 654/3/3 293/3/3
f 293/3/3 654/3/3 655/3/3
f 293/6/3 655/6/3 307/6/3
f 307/6/3 655/6/3 656/6/3
f 307/3/3 656/3/3 318/3/3
f 318/3/3 656/3/3 657/3/3
f 318/6/3 657/6/3 328/6/3
f 328/6/3 657/6/3 658/6/3
f 328/3/3 658/3/3 337/3/3
f 337/3/3 658/3/3 659/3/3
f 337/6/3 659/6/3 345/6/3
f 345/6/3 659/6/3 660/6/3
f 345/3/3 660/3/3 352/3/3
f 352/3/3 660/3/3 661/3/3
f 352/6/3 661/6/3 359/6/3
f 359/6/3 661/6/3 662/6/3
f 359/3/3 662/3/3 366/3/3
f 366/3/3 662/3/3 663/3/3
f 366/6/3 663/6/3 372/6/3
f 372/6/3 663/6/3 664/6/3
f 372/3/3 664/3/3 378/3/3
f 378/3/3 664/3/3 665/3/3
f 378/6/3 665/6/3 384/6/3
f 384/6/3 665/6/3 666/6/3
f 384/3/3 666/3/3 389/3/3
f 389/3/3 666/3/3 667/3/3
f 389/6/3 667/6/3 394/6/3
f 394/6/3 667/6/3 668/6/3
f 394/3/3 668/3/3 399/3/3
f 399/3/3 668/3/3 669/3/3
f 399/6/3 669/6/3 404/6/3
f 404/6/3 669/6/3 670/6/3
f 404/3/3 670/3/3 409/3/3
f 409/3/3 670/3/3 671/3/3
f 409/6/3 671/6/3 413/6/3
f 413/6/3 671/6/3 672/6/3
f 413/3/3 672/3/3 417/3/3
f 417/3/3 672/3/3 673/3/3
f 417/6/3 673/6/3 421/6/3
f 421/6/3 673/6/3 674/6/3
f 421/3/3 674/3/3 425/3/3
f 425/3/3 674/3/3 675/3/3
f 425/6/3 675/6/3 429/6/3
f 429/6/3 675/6/3 676/6/3
f 429/3/3 676/3/3 433/3/3
f 433/3/3 676/3/3 677/3/3
f 433/6/3 677/6/3 437/6/3
f 437/6/3 677/6/3 678/6/3
f 437/3/3 678/3/3 441/3/3
f 441/3/3 678/3/3 679/3/3
f 441/6/3 679/6/3 445/6/3
f 445/6/3 679/6/3 680/6/3
f 445/3/3 680/3/3 449/3/3
f 449/3/3 680/3/3 681/3/3
f 449/6/3 681/6/3 453/6/3
f 453/6/3 681/6/3 682/6/3
f 453/3/3 682/3/3 457/3/3
f 457/3/3 682/3/3 683/3/3
f 457/6/3 683/6/3 461/6/3
f 461/6/3 683/6/3 684/6/3
f 461/3/3 684/3/3 465/3/3
f 465/3/3 684/3/3 685/3/3
f 465/6/3 685/6/3 469/6/3
f 469/6/3 685/6/3 686/6/3
f 469/3/3 686/3/3 471/3/3
f 471/3/3 686/3/3 687/3/3
f 471/6/3 687/6/3 475/6/3
f 475/6/3 687/6/3 688/6/3
f 475/3/3 688/3/3 479/3/3
f 479/3/3 688/3/3 689/3/3
f 479/6/3 689/6/3 481/6/3
f 481/6/3 689/6/3 690/6/3
f 481/3/3 690/3/3 485/3/3
f 485/3/3 690/3/3 691/3/3
f 485/6/3 691/6/3 489/6/3
f 489/6/3 691/6/3 692/6/3
f 489/3/3 692/3/3 491/3/3
f 491/3/3 692/3/3 693/3/3
f 491/6/3 693/6/3 495/6/3
f 495/6/3 693/6/3 694/6/3
f 495/3/3 694/3/3 499/3/3
f 499/3/3 694/3/3 695/3/3
f 499/6/3 695/6/3 503/6/3
f 503/6/3 695/6/3 696/6/3
f 503/3/3 696/3/3 507/3/3
f 507/3/3 696/3/3 697/3/3
f 507/6/3 697/6/3 511/6/3
f 511/6/3 697/6/3 698/6/3
f 511/3/3 698/3/3 515/3/3
f 515/3/3 698/3/3 699/3/3
f 515/6/3 699/6/3 519/6/3
f 519/6/3 699/6/3 700/6/3
f 519/3/3 700/3/3 523/3/3
f 523/3/3 700/3/3 701/3/3
f 523/6/3 701/6/3 527/6/3
f 527/6/3 701/6/3 702/6/3
f 527/3/3 702/3/3 531/3/3
f 531/3/3 702/3/3 703/3/3
f 531/6/3 703/6/3 535/6/3
f 535/6/3 703/6/3 704/6/3
f 535/3/3 704/3/3 539/3/3
f 539/3/3 704/3/3 705/3/3
f 539/6/3 705/6/3 543/6/3
f 543/6/3 705/6/3 706/6/3
f 543/3/3 706/3/3 547/3/3
f 547/3/3 706/3/3 707/3/3
f 547/6/3 707/6/3 551/6/3
f 551/6/3 707/6/3 708/6/3
f 551/3/3 708/3/3 556/3/3
f 556/3/3 708/3/3 709/3/3
f 556/6/3 709/6/3 561/6/3
f 561/6/3 709/6/3 710/6/3
f 561/3/3 710/3/3 566/3/3
f 566/3/3 710/3/3 650/3/3
f 711/6/4 712/6/4 3/6/4
f 3/6/4 712/6/4 4/6/4
f 713/3/4 711/3/4 6/3/4
f 6/3/4 711/3/4 3/3/4
f 714/6/4 713/6/4 10/6/4
f 10/6/4 713/6/4 6/6/4
f 715/3/4 714/3/4 9/3/4
f 9/3/4 714/3/4 10/3/4
f 716/6/4 715/6/4 14/6/4
f 14/6/4 715/6/4 9/6/4
f 717/3/4 716/3/4 13/3/4
f 13/3/4 716/3/4 14/3/4
f 718/6/4 717/6/4 18/6/4
f 18/6/4 717/6/4 13/6/4
f 719/3/4 718/3/4 17/3/4
f 17/3/4 718/3/4 18/3/4
f 720/6/4 719/6/4 22/6/4
f 22/6/4 719/6/4 17/6/4
f 721/3/4 720/3/4 21/3/4
f 21/3/4 720/3/4 22/3/4
f 722/6/4 721/6/4 26/6/4
f 26/6/4 721/6/4 21/6/4
f 723/3/4 722/3/4 25/3/4
f 25/3/4 722/3/4 26/3/4
f 724/6/4 723/6/4 30/6/4
f 30/6/4 723/6/4 25/6/4
f 725/3/4 724/3/4 29/3/4
f 29/3/4 724/3/4 30/3/4
f 726/6/4 725/6/4 34/6/4
f 34/6/4 725/6/4 29/6/4
f 727/3/4 726/3/4 33/3/4
f 33/3/4 726/3/4 34/3/4
f 728/6/4 727/6/4 38/6/4
f 38/6/4 727/6/4 33/6/4
f 729/3/4 728/3/4 37/3/4
f 37/3/4 728/3/4 38/3/4
f 730/6/4 729/6/4 42/6/4
f 42/6/4 729/6/4 37/6/4
f 731/3/4 730/3/4 41/3/4
f 41/3/4 730/3/4 42/3/4
f 732/6/4 731/6/4 46/6/4
f 46/6/4 731/6/4 41/6/4
f 733/3/4 732/3/4 45/3/4
f 45/3/4 732/3/4 46/3/4
f 734/6/4 733/6/4 50/6/4
f 50/6/4 733/6/4 45/6/4
f 735/3/4 734/3/4 49/3/4
f 49/3/4 734/3/4 50/3/4
f 736/6/4 735/6/4 54/6/4
f 54/6/4 735/6/4 49/6/4
f 737/3/4 736/3/4 53/3/4
f 53/3/4 736/3/4 54/3/4
f 738/6/4 737/6/4 58/6/4
f 58/6/4 737/6/4 53/6/4
f 739/3/4 738/3/4 57/3/4
f 57/3/4 738/3/4 58/3/4
f 740/6/4 739/6/4 62/6/4
f 62/6/4 739/6/4 57/6/4
f 741/3/4 740/3/4 61/3/4
f 61/3/4 740/3/4 62/3/4
f 742/6/4 741/6/4 66/6/4
f 66/6/4 741/6/4 61/6/4
f 743/3/4 742/3/4 65/3/4
f 65/3/4 742/3/4 66/3/4
f 744/6/4 743/6/4 70/6/4
f 70/6/4 743/6/4 65/6/4
f 745/3/4 744/3/4 69/3/4
f 69/3/4 744/3/4 70/3/4
f 746/6/4 745/6/4 74/6/4
f 74/6/4 745/6/4 69/6/4
f 747/3/4 746/3/4 73/3/4
f 73/3/4 746/3/4 74/3/4
f 748/6/4 747/6/4 78/6/4
f 78/6/4 747/6/4 73/6/4
f 749/3/4 748/3/4 77/3/4
f 77/3/4 748/3/4 78/3/4
f 750/6/4 749/6/4 82/6/4
f 82/6/4 749/6/4 77/6/4
f 751/3/4 750/3/4 81/3/4
f 81/3/4 750/3/4 82/3/4
f 752/6/4 751/6/4 86/6/4
f 86/6/4 751/6/4 81/6/4
f 753/3/4 752/3/4 85/3/4
f 85/3/4 752/3/4 86/3/4
f 754/6/4 753/6/4 90/6/4
f 90/6/4 753/6/4 85/6/4
f 755/3/4 754/3/4 89/3/4
f 89/3/4 754/3/4 90/3/4
f 756/6/4 755/6/4 94/6/4
f 94/6/4 755/6/4 89/6/4
f 757/3/4 756/3/4 93/3/4
f 93/3/4 756/3/4 94/3/4
f 758/6/4 757/6/4 98/6/4
f 98/6/4 757/6/4 93/6/4
f 759/3/4 758/3/4 97/3/4
f 97/3/4 758/3/4 98/3/4
f 760/6/4 759/6/4 102/6/4
f 102/6/4 759/6/4 97/6/4
f 761/3/4 760/3/4 101/3/4
f 101/3/4 760/3/4 102/3/4
f 762/6/4 761/6/4 106/6/4
f 106/6/4 761/6/4 101/6/4
f 763/3/4 762/3/4 105/3/4
f 105/3/4 762/3/4 106/3/4
f 764/6/4 763/6/4 110/6/4
f 110/6/4 763/6/4 105/6/4
f 765/3/4 764/3/4 109/3/4
f 109/3/4 764/3/4 110/3/4
f 766/6/4 765/6/4 114/6/4
f 114/6/4 765/6/4 109/6/4
f 767/3/4 766/3/4 113/3/4
f 113/3/4 766/3/4 114/3/4
f 768/6/4 767/6/4 118/6/4
f 118/6/4 767/6/4 113/6/4
f 769/3/4 768/3/4 117/3/4
f 117/3/4 768/3/4 118/3/4
f 770/6/4 769/6/4 122/6/4
f 122/6/4 769/6/4 117/6/4
f 771/3/4 770/3/4 121/3/4
f 121/3/4 770/3/4 122/3/4
f 772/6/4 771/6/4 126/6/4
f 126/6/4 771/6/4 121/6/4
f 628/1/4 627/1/4 773/1/4
f 773/1/4 627/1/4 630/1/4
f 773/5/4 630/5/4 774/5/4
f 774/5/4 630/5/4 632/5/4
f 774/1/4 632/1/4 775/1/4
f 775/1/4 632/1/4 634/1/4
f 775/5/4 634/5/4 776/5/4
f 776/5/4 634/5/4 636/5/4
f 776/1/4 636/1/4 777/1/4
f 777/1/4 636/1/4 638/1/4
f 777/4/4 638/4/4 778/4/4
f 778/4/4 638/4/4 640/4/4
f 778/1/4 640/1/4 779/1/4
f 779/1/4 640/1/4 642/1/4
f 779/4/4 642/4/4 780/4/4
f 780/4/4 642/4/4 644/4/4
f 780/1/4 644/1/4 781/1/4
f 781/1/4 644/1/4 646/1/4
f 781/6/4 646/6/4 782/6/4
f 782/6/4 646/6/4 712/6/4
f 782/3/4 772/3/4 125/3/4
f 125/3/4 772/3/4 126/3/4
f 783/3/1 784/3/1 786/3/1
f 786/3/1 784/3/1 785/3/1
f 787/3/1 788/3/1 790/3/1
f 790/3/1 788/3/1 789/3/1
f 791/3/1 792/3/1 794/3/1
f 794/3/1 792/3/1 793/3/1
f 795/3/1 796/3/1 798/3/1
f 798/3/1 796/3/1 797/3/1
f 799/3/1 800/3/1 802/3/1
f 802/3/1 800/3/1 801/3/1
f 803/3/1 804/3/1 806/3/1
f 806/3/1 804/3/1 805/3/1
f 807/3/1 808/3/1 810/3/1
f 810/3/1 808/3/1 809/3/1
f 811/3/1 812/3/1 814/3/1
f 814/3/1 812/3/1 813/3/1
f 815/3/1 816/3/1 818/3/1
f 818/3/1 816/3/1 817/3/1
f 819/6/1 820/6/1 783/6/1
f 783/6/1 820/6/1 784/6/1
f 821/6/1 822/6/1 787/6/1
f 787/6/1 822/6/1 788/6/1
f 823/6/1 824/6/1 791/6/1
f 791/6/1 824/6/1 792/6/1
f 825/6/1 826/6/1 795/6/1
f 795/6/1 826/6/1 796/6/1
f 827/6/1 828/6/1 799/6/1
f 799/6/1 828/6/1 800/6/1
f 829/6/1 830/6/1 803/6/1
f 803/6/1 830/6/1 804/6/1
f 831/6/1 832/6/1 807/6/1
f 807/6/1 832/6/1 808/6/1
f 833/6/1 834/6/1 811/6/1
f 811/6/1 834/6/1 812/6/1
f 835/6/1 836/6/1 815/6/1
f 815/6/1 836/6/1 816/6/1
f 249/6/1 837/6/1 125/6/1
f 125/6/1 837/6/1 786/6/1
f 837/2/1 838/2/1 819/2/1
f 819/2/1 838/2/1 820/2/1
f 838/6/1 839/6/1 785/6/1
f 785/6/1 839/6/1 790/6/1
f 839/2/1 840/2/1 821/2/1
f 821/2/1 840/2/1 822/2/1
f 840/6/1 841/6/1 789/6/1
f 789/6/1 841/6/1 794/6/1
f 841/2/1 842/2/1 823/2/1
f 823/2/1 842/2/1 824/2/1
f 842/6/1 843/6/1 793/6/1
f 793/6/1 843/6/1 798/6/1
f 843/2/1 844/2/1 825/2/1
f 825/2/1 844/2/1 826/2/1
f 844/6/1 845/6/1 797/6/1
f 797/6/1 845/6/1 802/6/1
f 845/2/1 846/2/1 827/2/1
f 827/2/1 846/2/1 828/2/1
f 846/6/1 847/6/1 801/6/1
f 801/6/1 847/6/1 806/6/1
f 847/2/1 848/2/1 829/2/1
f 829/2/1 848/2/1 830/2/1
f 848/6/1 849/6/1 805/6/1
f 805/6/1 849/6/1 810/6/1
f 849/2/1 850/2/1 831/2/1
f 831/2/1 850/2/1 832/2/1
f 850/6/1 851/6/1 809/6/1
f 809/6/1 851/6/1 814/6/1
f 851/2/1 852/2/1 833/2/1
f 833/2/1 852/2/1 834/2/1
f 853/3/1 854/3/1 835/3/1
f 835/3/1 854/3/1 836/3/1
f 855/6/1 856/6/1 837/6/1
f 837/6/1 856/6/1 838/6/1
f 856/2/1 857/2/1 838/2/1
f 838/2/1 857/2/1 839/2/1
f 857/6/1 858/6/1 839/6/1
f 839/6/1 858/6/1 840/6/1
f 858/2/1 859/2/1 840/2/1
f 840/2/1 859/2/1 841/2/1
f 859/6/1 860/6/1 841/6/1
f 841/6/1 860/6/1 842/6/1
f 860/2/1 861/2/1 842/2/1
f 842/2/1 861/2/1 843/2/1
f 861/6/1 862/6/1 843/6/1
f 843/6/1 862/6/1 844/6/1
f 862/2/1 863/2/1 844/2/1
f 844/2/1 863/2/1 845/2/1
f 863/6/1 864/6/1 845/6/1
f 845/6/1 864/6/1 846/6/1
f 864/2/1 865/2/1 846/2/1
f 846/2/1 865/2/1 847/2/1
f 865/6/1 866/6/1 847/6/1
f 847/6/1 866/6/1 848/6/1
f 866/2/1 867/2/1 848/2/1
f 848/2/1 867/2/1 849/2/1
f 867/6/1 868/6/1 849/6/1
f 849/6/1 868/6/1 850/6/1
f 868/2/1 869/2/1 850/2/1
f 850/2/1 869/2/1 851/2/1
f 869/6/1 870/6/1 851/6/1
f 851/6/1 870/6/1 852/6/1
f 871/6/1 872/6/1 853/6/1
f 853/6/1 872/6/1 854/6/1
f 873/6/1 874/6/1 856/6/1
f 856/6/1 874/6/1 857/6/1
f 875/6/1 876/6/1 858/6/1
f 858/6/1 876/6/1 859/6/1
f 876/2/1 877/2/1 859/2/1
f 859/2/1 877/2/1 860/2/1
f 877/6/1 878/6/1 860/6/1
f 860/6/1 878/6/1 861/6/1
f 878/2/1 879/2/1 861/2/1
f 861/2/1 879/2/1 862/2/1
f 879/6/1 880/6/1 862/6/1
f 862/6/1 880/6/1 863/6/1
f 880/2/1 881/2/1 863/2/1
f 863/2/1 881/2/1 864/2/1
f 881/6/1 882/6/1 864/6/1
f 864/6/1 882/6/1 865/6/1
f 882/2/1 883/2/1 865/2/1
f 865/2/1 883/2/1 866/2/1
f 883/6/1 884/6/1 866/6/1
f 866/6/1 884/6/1 867/6/1
f 884/2/1 885/2/1 867/2/1
f 867/2/1 885/2/1 868/2/1
f 885/6/1 886/6/1 868/6/1
f 868/6/1 886/6/1 869/6/1
f 886/2/1 887/2/1 869/2/1
f 869/2/1 887/2/1 870/2/1
f 888/3/1 889/3/1 871/3/1
f 871/3/1 889/3/1 872/3/1
f 890/6/1 891/6/1 876/6/1
f 876/6/1 891/6/1 877/6/1
f 892/6/1 893/6/1 878/6/1
f 878/6/1 893/6/1 879/6/1
f 893/2/1 894/2/1 879/2/1
f 879/2/1 894/2/1 880/2/1
f 894/6/1 895/6/1 880/6/1
f 880/6/1 895/6/1 881/6/1
f 895/2/1 896/2/1 881/2/1
f 881/2/1 896/2/1 882/2/1
f 896/6/1 897/6/1 882/6/1
f 882/6/1 897/6/1 883/6/1
f 897/2/1 898/2/1 883/2/1
f 883/2/1 898/2/1 884/2/1
f 898/6/1 899/6/1 884/6/1
f 884/6/1 899/6/1 885/6/1
f 899/2/1 900/2/1 885/2/1
f 885/2/1 900/2/1 886/2/1
f 900/6/1 901/6/1 886/6/1
f 886/6/1 901/6/1 887/6/1
f 902/6/1 903/6/1 888/6/1
f 888/6/1 903/6/1 889/6/1
f 904/6/1 905/6/1 893/6/1
f 893/6/1 905/6/1 894/6/1
f 905/2/1 906/2/1 894/2/1
f 894/2/1 906/2/1 895/2/1
f 906/6/1 907/6/1 895/6/1
f 895/6/1 907/6/1 896/6/1
f 907/2/1 908/2/1 896/2/1
f 896/2/1 908/2/1 897/2/1
f 908/6/1 909/6/1 897/6/1
f 897/6/1 909/6/1 898/6/1
f 909/2/1 910/2/1 898/2/1
f 898/2/1 910/2/1 899/2/1
f 910/6/1 911/6/1 899/6/1
f 899/6/1 911/6/1 900/6/1
f 911/2/1 912/2/1 900/2/1
f 900/2/1 912/2/1 901/2/1
f 913/3/1 914/3/1 902/3/1
f 902/3/1 914/3/1 903/3/1
f 915/6/1 916/6/1 905/6/1
f 905/6/1 916/6/1 906/6/1
f 916/2/1 917/2/1 906/2/1
f 906/2/1 917/2/1 907/2/1
f 917/6/1 918/6/1 907/6/1
f 907/6/1 918/6/1 908/6/1
f 918/2/1 919/2/1 908/2/1
f 908/2/1 919/2/1 909/2/1
f 919/6/1 920/6/1 909/6/1
f 909/6/1 920/6/1 910/6/1
f 920/2/1 921/2/1 910/2/1
f 910/2/1 921/2/1 911/2/1
f 921/6/1 922/6/1 911/6/1
f 911/6/1 922/6/1 912/6/1
f 923/6/1 924/6/1 913/6/1
f 913/6/1 924/6/1 914/6/1
f 925/6/1 926/6/1 916/6/1
f 916/6/1 926/6/1 917/6/1
f 926/2/1 927/2/1 917/2/1
f 917/2/1 927/2/1 918/2/1
f 927/6/1 928/6/1 918/6/1
f 918/6/1 928/6/1 919/6/1
f 928/2/1 929/2/1 919/2/1
f 919/2/1 929/2/1 920/2/1
f 929/6/1 930/6/1 920/6/1
f 920/6/1 930/6/1 921/6/1
f 930/2/1 931/2/1 921/2/1
f 921/2/1 931/2/1 922/2/1
f 932/3/1 933/3/1 923/3/1
f 923/3/1 933/3/1 924/3/1
f 934/6/1 935/6/1 926/6/1
f 926/6/1 935/6/1 927/6/1
f 935/2/1 936/2/1 927/2/1
f 927/2/1 936/2/1 928/2/1
f 936/6/1 937/6/1 928/6/1
f 928/6/1 937/6/1 929/6/1
f 937/2/1 938/2/1 929/2/1
f 929/2/1 938/2/1 930/2/1
f 938/6/1 939/6/1 930/6/1
f 930/6/1 939/6/1 931/6/1
f 940/6/1 941/6/1 932/6/1
f 932/6/1 941/6/1 933/6/1
f 942/6/1 943/6/1 935/6/1
f 935/6/1 943/6/1 936/6/1
f 943/2/1 944/2/1 936/2/1
f 936/2/1 944/2/1 937/2/1
f 944/6/1 945/6/1 937/6/1
f 937/6/1 945/6/1 938/6/1
f 945/2/1 946/2/1 938/2/1
f 938/2/1 946/2/1 939/2/1
f 947/3/1 948/3/1 940/3/1
f 940/3/1 948/3/1 941/3/1
f 949/2/1 950/2/1 942/2/1
f 942/2/1 950/2/1 943/2/1
f 950/6/1 951/6/1 943/6/1
f 943/6/1 951/6/1 944/6/1
f 951/2/1 952/2/1 944/2/1
f 944/2/1 952/2/1 945/2/1
f 952/6/1 953/6/1 945/6/1
f 945/6/1 953/6/1 946/6/1
f 954/6/1 955/6/1 947/6/1
f 947/6/1 955/6/1 948/6/1
f 956/6/1 957/6/1 949/6/1
f 949/6/1 957/6/1 950/6/1
f 957/2/1 958/2/1 950/2/1
f 950/2/1 958/2/1 951/2/1
f 958/6/1 959/6/1 951/6/1
f 951/6/1 959/6/1 952/6/1
f 959/2/1 960/2/1 952/2/1
f 952/2/1 960/2/1 953/2/1
f 961/3/1 962/3/1 954/3/1
f 954/3/1 962/3/1 955/3/1
f 963/6/1 964/6/1 957/6/1
f 957/6/1 964/6/1 958/6/1
f 964/2/1 965/2/1 958/2/1
f 958/2/1 965/2/1 959/2/1
f 965/6/1 966/6/1 959/6/1
f 959/6/1 966/6/1 960/6/1
f 967/6/1 968/6/1 961/6/1
f 961/6/1 968/6/1 962/6/1
f 969/2/1 970/2/1 963/2/1
f 963/2/1 970/2/1 964/2/1
f 970/6/1 971/6/1 964/6/1
f 964/6/1 971/6/1 965/6/1
f 971/2/1 972/2/1 965/2/1
f 965/2/1 972/2/1 966/2/1
f 973/3/1 974/3/1 967/3/1
f 967/3/1 974/3/1 968/3/1
f 975/6/1 976/6/1 969/6/1
f 969/6/1 976/6/1 970/6/1
f 976/2/1 977/2/1 970/2/1
f 970/2/1 977/2/1 971/2/1
f 977/6/1 978/6/1 971/6/1
f 971/6/1 978/6/1 972/6/1
f 979/6/1 980/6/1 973/6/1
f 973/6/1 980/6/1 974/6/1
f 981/6/1 982/6/1 976/6/1
f 976/6/1 982/6/1 977/6/1
f 982/2/1 983/2/1 977/2/1
f 977/2/1 983/2/1 978/2/1
f 984/3/1 985/3/1 979/3/1
f 979/3/1 985/3/1 980/3/1
f 986/2/1 987/2/1 981/2/1
f 981/2/1 987/2/1 982/2/1
f 987/6/1 988/6/1 982/6/1
f 982/6/1 988/6/1 983/6/1
f 989/6/1 990/6/1 984/6/1
f 984/6/1 990/6/1 985/6/1
f 991/6/1 992/6/1 986/6/1
f 986/6/1 992/6/1 987/6/1
f 992/2/1 993/2/1 987/2/1
f 987/2/1 993/2/1 988/2/1
f 994/3/1 995/3/1 989/3/1
f 989/3/1 995/3/1 990/3/1
f 996/2/1 997/2/1 991/2/1
f 991/2/1 997/2/1 992/2/1
f 997/6/1 998/6/1 992/6/1
f 992/6/1 998/6/1 993/6/1
f 999/6/1 1000/6/1 994/6/1
f 994/6/1 1000/6/1 995/6/1
f 1001/6/1 1002/6/1 996/6/1
f 996/6/1 1002/6/1 997/6/1
f 1002/2/1 1003/2/1 997/2/1
f 997/2/1 1003/2/1 998/2/1
f 1004/3/1 1005/3/1 999/3/1
f 999/3/1 1005/3/1 1000/3/1
f 1006/6/1 1007/6/1 1002/6/1
f 1002/6/1 1007/6/1 1003/6/1
f 1008/6/1 1009/6/1 1004/6/1
f 1004/6/1 1009/6/1 1005/6/1
f 1010/2/1 1011/2/1 1006/2/1
f 1006/2/1 1011/2/1 1007/2/1
f 1012/3/1 1013/3/1 1008/3/1
f 1008/3/1 1013/3/1 1009/3/1
f 1014/6/1 1015/6/1 1010/6/1
f 1010/6/1 1015/6/1 1011/6/1
f 1016/6/1 1017/6/1 1012/6/1
f 1012/6/1 1017/6/1 1013/6/1
f 1018/2/1 1019/2/1 1014/2/1
f 1014/2/1 1019/2/1 1015/2/1
f 1020/3/1 1021/3/1 1016/3/1
f 1016/3/1 1021/3/1 1017/3/1
f 1022/6/1 1023/6/1 1018/6/1
f 1018/6/1 1023/6/1 1019/6/1
f 1024/6/1 1025/6/1 1020/6/1
f 1020/6/1 1025/6/1 1021/6/1
f 1026/2/1 1027/2/1 1022/2/1
f 1022/2/1 1027/2/1 1023/2/1
f 1028/3/1 1029/3/1 1024/3/1
f 1024/3/1 1029/3/1 1025/3/1
f 1030/6/1 1031/6/1 1026/6/1
f 1026/6/1 1031/6/1 1027/6/1
f 1032/6/1 1033/6/1 1028/6/1
f 1028/6/1 1033/6/1 1029/6/1
f 1034/2/1 1035/2/1 1030/2/1
f 1030/2/1 1035/2/1 1031/2/1
f 1036/3/1 1037/3/1 1032/3/1
f 1032/3/1 1037/3/1 1033/3/1
f 1038/6/1 1039/6/1 1034/6/1
f 1034/6/1 1039/6/1 1035/6/1
f 1040/6/1 1041/6/1 1036/6/1
f 1036/6/1 1041/6/1 1037/6/1
f 1042/2/1 1043/2/1 1038/2/1
f 1038/2/1 1043/2/1 1039/2/1
f 1044/3/1 1045/3/1 1040/3/1
f 1040/3/1 1045/3/1 1041/3/1
f 1046/6/1 1047/6/1 1042/6/1
f 1042/6/1 1047/6/1 1043/6/1
f 1048/6/1 1049/6/1 1044/6/1
f 1044/6/1 1049/6/1 1045/6/1
f 1050/2/1 1051/2/1 1046/2/1
f 1046/2/1 1051/2/1 1047/2/1
f 1052/3/1 1053/3/1 1048/3/1
f 1048/3/1 1053/3/1 1049/3/1
f 1054/6/1 1055/6/1 1050/6/1
f 1050/6/1 1055/6/1 1051/6/1
f 1056/6/1 1057/6/1 1052/6/1
f 1052/6/1 1057/6/1 1053/6/1
f 1058/2/1 1059/2/1 1054/2/1
f 1054/2/1 1059/2/1 1055/2/1
f 1060/3/1 1061/3/1 1056/3/1
f 1056/3/1 1061/3/1 1057/3/1
f 1062/6/1 1063/6/1 1058/6/1
f 1058/6/1 1063/6/1 1059/6/1
f 1064/6/1 1065/6/1 1060/6/1
f 1060/6/1 1065/6/1 1061/6/1
f 1066/3/1 1067/3/1 1064/3/1
f 1064/3/1 1067/3/1 1065/3/1
f 1068/2/1 1069/2/1 1062/2/1
f 1062/2/1 1069/2/1 1063/2/1
f 1070/6/1 1071/6/1 1066/6/1
f 1066/6/1 1071/6/1 1067/6/1
f 1072/6/1 1073/6/1 1068/6/1
f 1068/6/1 1073/6/1 1069/6/1
f 1074/3/1 1075/3/1 1070/3/1
f 1070/3/1 1075/3/1 1071/3/1
f 1076/6/1 1077/6/1 1074/6/1
f 1074/6/1 1077/6/1 1075/6/1
f 1078/2/1 1079/2/1 1072/2/1
f 1072/2/1 1079/2/1 1073/2/1
f 1080/3/1 1081/3/1 1076/3/1
f 1076/3/1 1081/3/1 1077/3/1
f 1082/6/1 1083/6/1 1078/6/1
f 1078/6/1 1083/6/1 1079/6/1
f 1084/6/1 1085/6/1 1080/6/1
f 1080/6/1 1085/6/1 1081/6/1
f 1086/3/1 1087/3/1 1084/3/1
f 1084/3/1 1087/3/1 1085/3/1
f 1088/2/1 1089/2/1 1082/2/1
f 1082/2/1 1089/2/1 1083/2/1
f 1090/6/1 1091/6/1 1086/6/1
f 1086/6/1 1091/6/1 1087/6/1
f 1092/6/1 1093/6/1 1088/6/1
f 1088/6/1 1093/6/1 1089/6/1
f 1094/3/1 1095/3/1 1090/3/1
f 1090/3/1 1095/3/1 1091/3/1
f 1096/2/1 1097/2/1 1092/2/1
f 1092/2/1 1097/2/1 1093/2/1
f 1098/6/1 1099/6/1 1094/6/1
f 1094/6/1 1099/6/1 1095/6/1
f 1100/6/1 1101/6/1 1096/6/1
f 1096/6/1 1101/6/1 1097/6/1
f 1102/3/1 1103/3/1 1098/3/1
f 1098/3/1 1103/3/1 1099/3/1
f 1104/2/1 1105/2/1 1100/2/1
f 1100/2/1 1105/2/1 1101/2/1
f 1106/6/1 1107/6/1 1102/6/1
f 1102/6/1 1107/6/1 1103/6/1
f 1108/6/1 1109/6/1 1104/6/1
f 1104/6/1 1109/6/1 1105/6/1
f 1110/3/1 1111/3/1 1106/3/1
f 1106/3/1 1111/3/1 1107/3/1
f 1112/2/1 1113/2/1 1108/2/1
f 1108/2/1 1113/2/1 1109/2/1
f 1114/6/1 1115/6/1 1110/6/1
f 1110/6/1 1115/6/1 1111/6/1
f 1116/6/1 1117/6/1 1112/6/1
f 1112/6/1 1117/6/1 1113/6/1
f 1118/3/1 1119/3/1 1114/3/1
f 1114/3/1 1119/3/1 1115/3/1
f 1120/2/1 1121/2/1 1116/2/1
f 1116/2/1 1121/2/1 1117/2/1
f 1122/6/1 1123/6/1 1118/6/1
f 1118/6/1 1123/6/1 1119/6/1
f 1124/6/1 1125/6/1 1120/6/1
f 1120/6/1 1125/6/1 1121/6/1
f 1126/3/1 1127/3/1 1122/3/1
f 1122/3/1 1127/3/1 1123/3/1
f 1128/2/1 1129/2/1 1124/2/1
f 1124/2/1 1129/2/1 1125/2/1
f 1130/6/1 1131/6/1 1126/6/1
f 1126/6/1 1131/6/1 1127/6/1
f 1132/6/1 1133/6/1 1128/6/1
f 1128/6/1 1133/6/1 1129/6/1
f 1134/3/1 1135/3/1 1130/3/1
f 1130/3/1 1135/3/1 1131/3/1
f 1136/2/1 1137/2/1 1132/2/1
f 1132/2/1 1137/2/1 1133/2/1
f 1138/6/1 1139/6/1 1134/6/1
f 1134/6/1 1139/6/1 1135/6/1
f 1140/6/1 1141/6/1 1136/6/1
f 1136/6/1 1141/6/1 1137/6/1
f 1142/3/1 1143/3/1 1138/3/1
f 1138/3/1 1143/3/1 1139/3/1
f 1144/2/1 1145/2/1 1140/2/1
f 1140/2/1 1145/2/1 1141/2/1
f 1146/6/1 1147/6/1 1142/6/1
f 1142/6/1 1147/6/1 1143/6/1
f 1148/2/1 1149/2/1 1001/2/1
f 1001/2/1 1149/2/1 1002/2/1
f 1149/6/1 1150/6/1 1144/6/1
f 1144/6/1 1150/6/1 1145/6/1
f 1151/3/1 1152/3/1 1146/3/1
f 1146/3/1 1152/3/1 1147/3/1
f 1153/6/1 1154/6/1 1148/6/1
f 1148/6/1 1154/6/1 1149/6/1
f 1154/2/1 1155/2/1 1149/2/1
f 1149/2/1 1155/2/1 1150/2/1
f 1156/6/1 1157/6/1 1151/6/1
f 1151/6/1 1157/6/1 1152/6/1
f 1158/2/1 1159/2/1 1153/2/1
f 1153/2/1 1159/2/1 1154/2/1
f 1159/6/1 1160/6/1 1154/6/1
f 1154/6/1 1160/6/1 1155/6/1
f 1161/3/1 1162/3/1 1156/3/1
f 1156/3/1 1162/3/1 1157/3/1
f 625/2/1 1163/2/1 249/2/1
f 249/2/1 1163/2/1 837/2/1
f 1163/2/1 1164/2/1 855/2/1
f 855/2/1 1164/2/1 856/2/1
f 1164/2/1 1165/2/1 873/2/1
f 873/2/1 1165/2/1 874/2/1
f 1165/2/1 1166/2/1 857/2/1
f 857/2/1 1166/2/1 858/2/1
f 1166/2/1 1167/2/1 875/2/1
f 875/2/1 1167/2/1 876/2/1
f 1167/2/1 1168/2/1 890/2/1
f 890/2/1 1168/2/1 891/2/1
f 1168/2/1 1169/2/1 877/2/1
f 877/2/1 1169/2/1 878/2/1
f 1169/2/1 1170/2/1 892/2/1
f 892/2/1 1170/2/1 893/2/1
f 1170/2/1 1171/2/1 904/2/1
f 904/2/1 1171/2/1 905/2/1
f 1171/2/1 1172/2/1 915/2/1
f 915/2/1 1172/2/1 916/2/1
f 1172/2/1 1173/2/1 925/2/1
f 925/2/1 1173/2/1 926/2/1
f 1173/2/1 1174/2/1 934/2/1
f 934/2/1 1174/2/1 935/2/1
f 1174/2/1 1175/2/1 956/2/1
f 956/2/1 1175/2/1 957/2/1
f 1175/2/1 1176/2/1 975/2/1
f 975/2/1 1176/2/1 976/2/1
f 1176/6/1 1177/6/1 1158/6/1
f 1158/6/1 1177/6/1 1159/6/1
f 1177/2/1 1178/2/1 1159/2/1
f 1159/2/1 1178/2/1 1160/2/1
f 1178/6/1 1179/6/1 813/6/1
f 813/6/1 1179/6/1 818/6/1
f 1179/6/1 1180/6/1 1161/6/1
f 1161/6/1 1180/6/1 1162/6/1
f 629/1/2 628/1/2 1182/1/2
f 1182/1/2 628/1/2 1181/1/2
f 1183/1/5 1184/1/5 1181/1/5
f 1181/1/5 1184/1/5 1182/1/5
f 1185/5/5 1186/5/5 1183/5/5
f 1183/5/5 1186/5/5 1184/5/5
f 1187/1/5 1188/1/5 1185/1/5
f 1185/1/5 1188/1/5 1186/1/5
f 1189/5/5 1190/5/5 1187/5/5
f 1187/5/5 1190/5/5 1188/5/5
f 1191/1/5 1192/1/5 1189/1/5
f 1189/1/5 1192/1/5 1190/1/5
f 1193/4/5 1194/4/5 1191/4/5
f 1191/4/5 1194/4/5 1192/4/5
f 1195/1/5 1196/1/5 1193/1/5
f 1193/1/5 1196/1/5 1194/1/5
f 1197/4/5 1198/4/5 1195/4/5
f 1195/4/5 1198/4/5 1196/4/5
f 1199/1/5 1200/1/5 1197/1/5
f 1197/1/5 1200/1/5 1198/1/5
f 1201/6/5 1202/6/5 1199/6/5
f 1199/6/5 1202/6/5 1200/6/5
f 817/3/5 816/3/5 1201/3/5
f 1201/3/5 816/3/5 1203/3/5
f 816/6/5 836/6/5 1203/6/5
f 1203/6/5 836/6/5 1204/6/5
f 836/3/5 854/3/5 1204/3/5
f 1204/3/5 854/3/5 1205/3/5
f 854/6/5 872/6/5 1205/6/5
f 1205/6/5 872/6/5 1206/6/5
f 872/3/5 889/3/5 1206/3/5
f 1206/3/5 889/3/5 1207/3/5
f 889/6/5 903/6/5 1207/6/5
f 1207/6/5 903/6/5 1208/6/5
f 903/3/5 914/3/5 1208/3/5
f 1208/3/5 914/3/5 1209/3/5
f 914/6/5 924/6/5 1209/6/5
f 1209/6/5 924/6/5 1210/6/5
f 924/3/5 933/3/5 1210/3/5
f 1210/3/5 933/3/5 1211/3/5
f 933/6/5 941/6/5 1211/6/5
f 1211/6/5 941/6/5 1212/6/5
f 941/3/5 948/3/5 1212/3/5
f 1212/3/5 948/3/5 1213/3/5
f 948/6/5 955/6/5 1213/6/5
f 1213/6/5 955/6/5 1214/6/5
f 955/3/5 962/3/5 1214/3/5
f 1214/3/5 962/3/5 1215/3/5
f 962/6/5 968/6/5 1215/6/5
f 1215/6/5 968/6/5 1216/6/5
f 968/3/5 974/3/5 1216/3/5
f 1216/3/5 974/3/5 1217/3/5
f 974/6/5 980/6/5 1217/6/5
f 1217/6/5 980/6/5 1218/6/5
f 980/3/5 985/3/5 1218/3/5
f 1218/3/5 985/3/5 1219/3/5
f 985/6/5 990/6/5 1219/6/5
f 1219/6/5 990/6/5 1220/6/5
f 990/3/5 995/3/5 1220/3/5
f 1220/3/5 995/3/5 1221/3/5
f 995/6/5 1000/6/5 1221/6/5
f 1221/6/5 1000/6/5 1222/6/5
f 1000/3/5 1005/3/5 1222/3/5
f 1222/3/5 1005/3/5 1223/3/5
f 1005/6/5 1009/6/5 1223/6/5
f 1223/6/5 1009/6/5 1224/6/5
f 1009/3/5 1013/3/5 1224/3/5
f 1224/3/5 1013/3/5 1225/3/5
f 1013/6/5 1017/6/5 1225/6/5
f 1225/6/5 1017/6/5 1226/6/5
f 1017/3/5 1021/3/5 1226/3/5
f 1226/3/5 1021/3/5 1227/3/5
f 1021/6/5 1025/6/5 1227/6/5
f 1227/6/5 1025/6/5 1228/6/5
f 1025/3/5 1029/3/5 1228/3/5
f 1228/3/5 1029/3/5 1229/3/5
f 1029/6/5 1033/6/5 1229/6/5
f 1229/6/5 1033/6/5 1230/6/5
f 1033/3/5 1037/3/5 1230/3/5
f 1230/3/5 1037/3/5 1231/3/5
f 1037/6/5 1041/6/5 1231/6/5
f 1231/6/5 1041/6/5 1232/6/5
f 1041/3/5 1045/3/5 1232/3/5
f 1232/3/5 1045/3/5 1233/3/5
f 1045/6/5 1049/6/5 1233/6/5
f 1233/6/5 1049/6/5 1234/6/5
f 1049/3/5 1053/3/5 1234/3/5
f 1234/3/5 1053/3/5 1235/3/5
f 1053/6/5 1057/6/5 1235/6/5
f 1235/6/5 1057/6/5 1236/6/5
f 1057/3/5 1061/3/5 1236/3/5
f 1236/3/5 1061/3/5 1237/3/5
f 1061/6/5 1065/6/5 1237/6/5
f 1237/6/5 1065/6/5 1238/6/5
f 1065/3/5 1067/3/5 1238/3/5
f 1238/3/5 1067/3/5 1239/3/5
f 1067/6/5 1071/6/5 1239/6/5
f 1239/6/5 1071/6/5 1240/6/5
f 1071/3/5 1075/3/5 1240/3/5
f 1240/3/5 1075/3/5 1241/3/5
f 1075/6/5 1077/6/5 1241/6/5
f 1241/6/5 1077/6/5 1242/6/5
f 1077/3/5 1081/3/5 1242/3/5
f 1242/3/5 1081/3/5 1243/3/5
f 1081/6/5 1085/6/5 1243/6/5
f 1243/6/5 1085/6/5 1244/6/5
f 1085/3/5 1087/3/5 1244/3/5
f 1244/3/5 1087/3/5 1245/3/5
f 1087/6/5 1091/6/5 1245/6/5
f 1245/6/5 1091/6/5 1246/6/5
f 1091/3/5 1095/3/5 1246/3/5
f 1246/3/5 1095/3/5 1247/3/5
f 1095/6/5 1099/6/5 1247/6/5
f 1247/6/5 1099/6/5 1248/6/5
f 1099/3/5 1103/3/5 1248/3/5
f 1248/3/5 1103/3/5 1249/3/5
f 1103/6/5 1107/6/5 1249/6/5
f 1249/6/5 1107/6/5 1250/6/5
f 1107/3/5 1111/3/5 1250/3/5
f 1250/3/5 1111/3/5 1251/3/5
f 1111/6/5 1115/6/5 1251/6/5
f 1251/6/5 1115/6/5 1252/6/5
f 1115/3/5 1119/3/5 1252/3/5
f 1252/3/5 1119/3/5 1253/3/5
f 1119/6/5 1123/6/5 1253/6/5
f 1253/6/5 1123/6/5 1254/6/5
f 1123/3/5 1127/3/5 1254/3/5
f 1254/3/5 1127/3/5 1255/3/5
f 1127/6/5 1131/6/5 1255/6/5
f 1255/6/5 1131/6/5 1256/6/5
f 1131/3/5 1135/3/5 1256/3/5
f 1256/3/5 1135/3/5 1257/3/5
f 1135/6/5 1139/6/5 1257/6/5
f 1257/6/5 1139/6/5 1258/6/5
f 1139/3/5 1143/3/5 1258/3/5
f 1258/3/5 1143/3/5 1259/3/5
f 1143/6/5 1147/6/5 1259/6/5
f 1259/6/5 1147/6/5 1260/6/5
f 1147/3/5 1152/3/5 1260/3/5
f 1260/3/5 1152/3/5 1261/3/5
f 1152/6/5 1157/6/5 1261/6/5
f 1261/6/5 1157/6/5 1262/6/5
f 1157/3/5 1162/3/5 1262/3/5
f 1262/3/5 1162/3/5 1263/3/5
f 1162/6/5 1180/6/5 1263/6/5
f 1263/6/5 1180/6/5 1202/6/5
f 1264/6/4 782/6/4 786/6/4
f 786/6/4 782/6/4 125/6/4
f 1265/3/4 1264/3/4 785/3/4
f 785/3/4 1264/3/4 786/3/4
f 1266/6/4 1265/6/4 790/6/4
f 790/6/4 1265/6/4 785/6/4
f 1267/3/4 1266/3/4 789/3/4
f 789/3/4 1266/3/4 790/3/4
f 1268/6/4 1267/6/4 794/6/4
f 794/6/4 1267/6/4 789/6/4
f 1269/3/4 1268/3/4 793/3/4
f 793/3/4 1268/3/4 794/3/4
f 1270/6/4 1269/6/4 798/6/4
f 798/6/4 1269/6/4 793/6/4
f 1271/3/4 1270/3/4 797/3/4
f 797/3/4 1270/3/4 798/3/4
f 1272/6/4 1271/6/4 802/6/4
f 802/6/4 1271/6/4 797/6/4
f 1273/3/4 1272/3/4 801/3/4
f 801/3/4 1272/3/4 802/3/4
f 1274/6/4 1273/6/4 806/6/4
f 806/6/4 1273/6/4 801/6/4
f 1275/3/4 1274/3/4 805/3/4
f 805/3/4 1274/3/4 806/3/4
f 1276/6/4 1275/6/4 810/6/4
f 810/6/4 1275/6/4 805/6/4
f 1277/3/4 1276/3/4 809/3/4
f 809/3/4 1276/3/4 810/3/4
f 1278/6/4 1277/6/4 814/6/4
f 814/6/4 1277/6/4 809/6/4
f 1279/3/4 1278/3/4 813/3/4
f 813/3/4 1278/3/4 814/3/4
f 1280/6/4 1279/6/4 818/6/4
f 818/6/4 1279/6/4 813/6/4
f 1181/1/4 628/1/4 1183/1/4
f 1183/1/4 628/1/4 773/1/4
f 1183/5/4 773/5/4 1185/5/4
f 1185/5/4 773/5/4 774/5/4
f 1185/1/4 774/1/4 1187/1/4
f 1187/1/4 774/1/4 775/1/4
f 1187/5/4 775/5/4 1189/5/4
f 1189/5/4 775/5/4 776/5/4
f 1189/1/4 776/1/4 1191/1/4
f 1191/1/4 776/1/4 777/1/4
f 1191/4/4 777/4/4 1193/4/4
f 1193/4/4 777/4/4 778/4/4
f 1193/1/4 778/1/4 1195/1/4
f 1195/1/4 778/1/4 779/1/4
f 1195/4/4 779/4/4 1197/4/4
f 1197/4/4 779/4/4 780/4/4
f 1197/1/4 780/1/4 1199/1/4
f 1199/1/4 780/1/4 781/1/4
f 1199/6/4 781/6/4 1201/6/4
f 1201/6/4 781/6/4 782/6/4
f 1201/3/4 1280/3/4 817/3/4
f 817/3/4 1280/3/4 818/3/4
f 1281/6/1 1282/6/1 566/6/1
f 566/6/1 1282/6/1 569/6/1
f 1282/2/1 1283/2/1 569/2/1
f 569/2/1 1283/2/1 625/2/1
f 1284/3/1 1285/3/1 1281/3/1
f 1281/3/1 1285/3/1 1286/3/1
f 1287/2/1 1288/2/1 1289/2/1
f 1289/2/1 1288/2/1 1282/2/1
f 1288/6/1 1290/6/1 1282/6/1
f 1282/6/1 1290/6/1 1291/6/1
f 1290/2/1 1292/2/1 1291/2/1
f 1291/2/1 1292/2/1 1283/2/1
f 1293/6/1 1294/6/1 1284/6/1
f 1284/6/1 1294/6/1 1285/6/1
f 1295/6/1 1296/6/1 1287/6/1
f 1287/6/1 1296/6/1 1288/6/1
f 1296/2/1 1297/2/1 1288/2/1
f 1288/2/1 1297/2/1 1290/2/1
f 1297/6/1 1298/6/1 1290/6/1
f 1290/6/1 1298/6/1 1299/6/1
f 1300/3/1 1301/3/1 1293/3/1
f 1293/3/1 1301/3/1 1294/3/1
f 1302/2/1 1303/2/1 1295/2/1
f 1295/2/1 1303/2/1 1296/2/1
f 1303/6/1 1304/6/1 1296/6/1
f 1296/6/1 1304/6/1 1297/6/1
f 1304/2/1 1305/2/1 1297/2/1
f 1297/2/1 1305/2/1 1298/2/1
f 1306/6/1 1307/6/1 1300/6/1
f 1300/6/1 1307/6/1 1301/6/1
f 1308/6/1 1309/6/1 1302/6/1
f 1302/6/1 1309/6/1 1303/6/1
f 1309/2/1 1310/2/1 1303/2/1
f 1303/2/1 1310/2/1 1304/2/1
f 1310/6/1 1311/6/1 1304/6/1
f 1304/6/1 1311/6/1 1305/6/1
f 1311/2/1 1312/2/1 1299/2/1
f 1299/2/1 1312/2/1 1292/2/1
f 1313/3/1 1314/3/1 1306/3/1
f 1306/3/1 1314/3/1 1307/3/1
f 1315/2/1 1316/2/1 1308/2/1
f 1308/2/1 1316/2/1 1309/2/1
f 1316/6/1 1317/6/1 1309/6/1
f 1309/6/1 1317/6/1 1310/6/1
f 1317/2/1 1318/2/1 1310/2/1
f 1310/2/1 1318/2/1 1311/2/1
f 1318/6/1 1319/6/1 1311/6/1
f 1311/6/1 1319/6/1 1320/6/1
f 1321/6/1 1322/6/1 1313/6/1
f 1313/6/1 1322/6/1 1314/6/1
f 1323/6/1 1324/6/1 1315/6/1
f 1315/6/1 1324/6/1 1316/6/1
f 1324/2/1 1325/2/1 1316/2/1
f 1316/2/1 1325/2/1 1317/2/1
f 1325/6/1 1326/6/1 1317/6/1
f 1317/6/1 1326/6/1 1318/6/1
f 1326/2/1 1327/2/1 1318/2/1
f 1318/2/1 1327/2/1 1319/2/1
f 1328/3/1 1329/3/1 1321/3/1
f 1321/3/1 1329/3/1 1322/3/1
f 1330/2/1 1331/2/1 1323/2/1
f 1323/2/1 1331/2/1 1324/2/1
f 1331/6/1 1332/6/1 1324/6/1
f 1324/6/1 1332/6/1 1325/6/1
f 1332/2/1 1333/2/1 1325/2/1
f 1325/2/1 1333/2/1 1326/2/1
f 1333/6/1 1334/6/1 1326/6/1
f 1326/6/1 1334/6/1 1327/6/1
f 1334/2/1 1335/2/1 1320/2/1
f 1320/2/1 1335/2/1 1312/2/1
f 1336/6/1 1337/6/1 1328/6/1
f 1328/6/1 1337/6/1 1329/6/1
f 1338/6/1 1339/6/1 1330/6/1
f 1330/6/1 1339/6/1 1331/6/1
f 1339/2/1 1340/2/1 1331/2/1
f 1331/2/1 1340/2/1 1332/2/1
f 1340/6/1 1341/6/1 1332/6/1
f 1332/6/1 1341/6/1 1333/6/1
f 1341/2/1 1342/2/1 1333/2/1
f 1333/2/1 1342/2/1 1334/2/1
f 1342/6/1 1343/6/1 1334/6/1
f 1334/6/1 1343/6/1 1344/6/1
f 1343/2/1 1345/2/1 1344/2/1
f 1344/2/1 1345/2/1 1335/2/1
f 1346/3/1 1347/3/1 1336/3/1
f 1336/3/1 1347/3/1 1337/3/1
f 1348/2/1 1349/2/1 1338/2/1
f 1338/2/1 1349/2/1 1339/2/1
f 1349/6/1 1350/6/1 1339/6/1
f 1339/6/1 1350/6/1 1340/6/1
f 1350/2/1 1351/2/1 1340/2/1
f 1340/2/1 1351/2/1 1341/2/1
f 1351/6/1 1352/6/1 1341/6/1
f 1341/6/1 1352/6/1 1342/6/1
f 1352/2/1 1353/2/1 1342/2/1
f 1342/2/1 1353/2/1 1343/2/1
f 1353/6/1 1354/6/1 1343/6/1
f 1343/6/1 1354/6/1 1355/6/1
f 1354/2/1 1356/2/1 1355/2/1
f 1355/2/1 1356/2/1 1345/2/1
f 1357/6/1 1358/6/1 1346/6/1
f 1346/6/1 1358/6/1 1347/6/1
f 1359/6/1 1360/6/1 1348/6/1
f 1348/6/1 1360/6/1 1349/6/1
f 1360/2/1 1361/2/1 1349/2/1
f 1349/2/1 1361/2/1 1350/2/1
f 1361/6/1 1362/6/1 1350/6/1
f 1350/6/1 1362/6/1 1351/6/1
f 1362/2/1 1363/2/1 1351/2/1
f 1351/2/1 1363/2/1 1352/2/1
f 1363/6/1 1364/6/1 1352/6/1
f 1352/6/1 1364/6/1 1353/6/1
f 1364/2/1 1365/2/1 1353/2/1
f 1353/2/1 1365/2/1 1354/2/1
f 1365/6/1 1366/6/1 1354/6/1
f 1354/6/1 1366/6/1 1367/6/1
f 1366/2/1 1368/2/1 1367/2/1
f 1367/2/1 1368/2/1 1356/2/1
f 1369/3/1 1370/3/1 1357/3/1
f 1357/3/1 1370/3/1 1358/3/1
f 1371/2/1 1372/2/1 1359/2/1
f 1359/2/1 1372/2/1 1360/2/1
f 1372/6/1 1373/6/1 1360/6/1
f 1360/6/1 1373/6/1 1361/6/1
f 1373/2/1 1374/2/1 1361/2/1
f 1361/2/1 1374/2/1 1362/2/1
f 1374/6/1 1375/6/1 1362/6/1
f 1362/6/1 1375/6/1 1363/6/1
f 1375/2/1 1376/2/1 1363/2/1
f 1363/2/1 1376/2/1 1364/2/1
f 1376/6/1 1377/6/1 1364/6/1
f 1364/6/1 1377/6/1 1365/6/1
f 1377/2/1 1378/2/1 1365/2/1
f 1365/2/1 1378/2/1 1366/2/1
f 1378/6/1 1379/6/1 1366/6/1
f 1366/6/1 1379/6/1 1380/6/1
f 1379/2/1 1381/2/1 1380/2/1
f 1380/2/1 1381/2/1 1368/2/1
f 1382/6/1 1383/6/1 1369/6/1
f 1369/6/1 1383/6/1 1370/6/1
f 1384/6/1 1385/6/1 1371/6/1
f 1371/6/1 1385/6/1 1372/6/1
f 1385/2/1 1386/2/1 1372/2/1
f 1372/2/1 1386/2/1 1373/2/1
f 1386/6/1 1387/6/1 1373/6/1
f 1373/6/1 1387/6/1 1374/6/1
f 1387/2/1 1388/2/1 1374/2/1
f 1374/2/1 1388/2/1 1375/2/1
f 1388/6/1 1389/6/1 1375/6/1
f 1375/6/1 1389/6/1 1376/6/1
f 1389/2/1 1390/2/1 1376/2/1
f 1376/2/1 1390/2/1 1377/2/1
f 1390/6/1 1391/6/1 1377/6/1
f 1377/6/1 1391/6/1 1378/6/1
f 1391/2/1 1392/2/1 1378/2/1
f 1378/2/1 1392/2/1 1379/2/1
f 1392/6/1 1393/6/1 1379/6/1
f 1379/6/1 1393/6/1 1394/6/1
f 1393/2/1 1395/2/1 1394/2/1
f 1394/2/1 1395/2/1 1396/2/1
f 1395/6/1 1397/6/1 1396/6/1
f 1396/6/1 1397/6/1 1398/6/1
f 1397/2/1 1399/2/1 1398/2/1
f 1398/2/1 1399/2/1 1381/2/1
f 1400/3/1 1401/3/1 1382/3/1
f 1382/3/1 1401/3/1 1383/3/1
f 1402/2/1 1403/2/1 1384/2/1
f 1384/2/1 1403/2/1 1385/2/1
f 1403/6/1 1404/6/1 1385/6/1
f 1385/6/1 1404/6/1 1386/6/1
f 1404/2/1 1405/2/1 1386/2/1
f 1386/2/1 1405/2/1 1387/2/1
f 1405/6/1 1406/6/1 1387/6/1
f 1387/6/1 1406/6/1 1388/6/1
f 1406/2/1 1407/2/1 1388/2/1
f 1388/2/1 1407/2/1 1389/2/1
f 1407/6/1 1408/6/1 1389/6/1
f 1389/6/1 1408/6/1 1390/6/1
f 1408/2/1 1409/2/1 1390/2/1
f 1390/2/1 1409/2/1 1391/2/1
f 1409/6/1 1410/6/1 1391/6/1
f 1391/6/1 1410/6/1 1392/6/1
f 1410/2/1 1411/2/1 1392/2/1
f 1392/2/1 1411/2/1 1393/2/1
f 1411/6/1 1412/6/1 1393/6/1
f 1393/6/1 1412/6/1 1395/6/1
f 1412/2/1 1413/2/1 1395/2/1
f 1395/2/1 1413/2/1 1397/2/1
f 1413/6/1 1414/6/1 1397/6/1
f 1397/6/1 1414/6/1 1415/6/1
f 1414/2/1 1416/2/1 1415/2/1
f 1415/2/1 1416/2/1 1417/2/1
f 1416/6/1 1418/6/1 1417/6/1
f 1417/6/1 1418/6/1 1419/6/1
f 1418/2/1 1420/2/1 1419/2/1
f 1419/2/1 1420/2/1 1399/2/1
f 1421/6/1 1422/6/1 1400/6/1
f 1400/6/1 1422/6/1 1401/6/1
f 1423/6/1 1424/6/1 1402/6/1
f 1402/6/1 1424/6/1 1403/6/1
f 1424/2/1 1425/2/1 1403/2/1
f 1403/2/1 1425/2/1 1404/2/1
f 1425/6/1 1426/6/1 1404/6/1
f 1404/6/1 1426/6/1 1405/6/1
f 1426/2/1 1427/2/1 1405/2/1
f 1405/2/1 1427/2/1 1406/2/1
f 1427/6/1 1428/6/1 1406/6/1
f 1406/6/1 1428/6/1 1407/6/1
f 1428/2/1 1429/2/1 1407/2/1
f 1407/2/1 1429/2/1 1408/2/1
f 1429/6/1 1430/6/1 1408/6/1
f 1408/6/1 1430/6/1 1409/6/1
f 1430/2/1 1431/2/1 1409/2/1
f 1409/2/1 1431/2/1 1410/2/1
f 1431/6/1 1432/6/1 1410/6/1
f 1410/6/1 1432/6/1 1411/6/1
f 1432/2/1 1433/2/1 1411/2/1
f 1411/2/1 1433/2/1 1412/2/1
f 1433/6/1 1434/6/1 1412/6/1
f 1412/6/1 1434/6/1 1413/6/1
f 1434/2/1 1435/2/1 1413/2/1
f 1413/2/1 1435/2/1 1414/2/1
f 1435/6/1 1436/6/1 1414/6/1
f 1414/6/1 1436/6/1 1416/6/1
f 1436/2/1 1437/2/1 1416/2/1
f 1416/2/1 1437/2/1 1418/2/1
f 1437/6/1 1438/6/1 1418/6/1
f 1418/6/1 1438/6/1 1439/6/1
f 1438/2/1 1440/2/1 1439/2/1
f 1439/2/1 1440/2/1 1441/2/1
f 1440/6/1 1442/6/1 1441/6/1
f 1441/6/1 1442/6/1 1443/6/1
f 1442/2/1 1444/2/1 1443/2/1
f 1443/2/1 1444/2/1 1445/2/1
f 1444/6/1 1446/6/1 1445/6/1
f 1445/6/1 1446/6/1 1447/6/1
f 1446/2/1 1448/2/1 1447/2/1
f 1447/2/1 1448/2/1 1449/2/1
f 1448/6/1 1450/6/1 1449/6/1
f 1449/6/1 1450/6/1 1451/6/1
f 1450/2/1 1452/2/1 1451/2/1
f 1451/2/1 1452/2/1 1453/2/1
f 1452/6/1 1454/6/1 1453/6/1
f 1453/6/1 1454/6/1 1420/6/1
f 1455/3/1 1456/3/1 1421/3/1
f 1421/3/1 1456/3/1 1422/3/1
f 1457/2/1 1458/2/1 1423/2/1
f 1423/2/1 1458/2/1 1424/2/1
f 1459/2/1 1460/2/1 1425/2/1
f 1425/2/1 1460/2/1 1426/2/1
f 1461/2/1 1462/2/1 1427/2/1
f 1427/2/1 1462/2/1 1428/2/1
f 1463/2/1 1464/2/1 1429/2/1
f 1429/2/1 1464/2/1 1430/2/1
f 1465/2/1 1466/2/1 1431/2/1
f 1431/2/1 1466/2/1 1432/2/1
f 1467/2/1 1468/2/1 1433/2/1
f 1433/2/1 1468/2/1 1434/2/1
f 1469/2/1 1470/2/1 1435/2/1
f 1435/2/1 1470/2/1 1436/2/1
f 1471/2/1 1472/2/1 1437/2/1
f 1437/2/1 1472/2/1 1438/2/1
f 1473/2/1 1474/2/1 1440/2/1
f 1440/2/1 1474/2/1 1442/2/1
f 1475/2/1 1476/2/1 1444/2/1
f 1444/2/1 1476/2/1 1446/2/1
f 1477/2/1 1478/2/1 1480/2/1
f 1480/2/1 1478/2/1 1479/2/1
f 1481/2/1 1482/2/1 1484/2/1
f 1484/2/1 1482/2/1 1483/2/1
f 1485/2/1 1486/2/1 1488/2/1
f 1488/2/1 1486/2/1 1487/2/1
f 1489/2/1 1490/2/1 1492/2/1
f 1492/2/1 1490/2/1 1491/2/1
f 1493/2/1 1494/2/1 1496/2/1
f 1496/2/1 1494/2/1 1495/2/1
f 1497/2/1 1498/2/1 1500/2/1
f 1500/2/1 1498/2/1 1499/2/1
f 1501/2/1 1502/2/1 1504/2/1
f 1504/2/1 1502/2/1 1503/2/1
f 1505/2/1 1506/2/1 1508/2/1
f 1508/2/1 1506/2/1 1507/2/1
f 1509/2/1 1510/2/1 1512/2/1
f 1512/2/1 1510/2/1 1511/2/1
f 1513/2/1 1514/2/1 1516/2/1
f 1516/2/1 1514/2/1 1515/2/1
f 1517/2/1 1518/2/1 1520/2/1
f 1520/2/1 1518/2/1 1519/2/1
f 1521/2/1 1522/2/1 1524/2/1
f 1524/2/1 1522/2/1 1523/2/1
f 1525/2/1 1526/2/1 1528/2/1
f 1528/2/1 1526/2/1 1527/2/1
f 1529/2/1 1530/2/1 1532/2/1
f 1532/2/1 1530/2/1 1531/2/1
f 1533/2/1 1534/2/1 1536/2/1
f 1536/2/1 1534/2/1 1535/2/1
f 1537/2/1 1538/2/1 1540/2/1
f 1540/2/1 1538/2/1 1539/2/1
f 1541/2/1 1542/2/1 1544/2/1
f 1544/2/1 1542/2/1 1543/2/1
f 1545/2/1 1546/2/1 1448/2/1
f 1448/2/1 1546/2/1 1450/2/1
f 1547/2/1 1548/2/1 1452/2/1
f 1452/2/1 1548/2/1 1454/2/1
f 1549/6/1 1550/6/1 1455/6/1
f 1455/6/1 1550/6/1 1456/6/1
f 1551/6/1 1552/6/1 1457/6/1
f 1457/6/1 1552/6/1 1458/6/1
f 1553/6/1 1554/6/1 1459/6/1
f 1459/6/1 1554/6/1 1460/6/1
f 1555/6/1 1556/6/1 1461/6/1
f 1461/6/1 1556/6/1 1462/6/1
f 1557/6/1 1558/6/1 1463/6/1
f 1463/6/1 1558/6/1 1464/6/1
f 1559/6/1 1560/6/1 1465/6/1
f 1465/6/1 1560/6/1 1466/6/1
f 1561/6/1 1562/6/1 1467/6/1
f 1467/6/1 1562/6/1 1468/6/1
f 1563/6/1 1564/6/1 1469/6/1
f 1469/6/1 1564/6/1 1470/6/1
f 1565/6/1 1566/6/1 1471/6/1
f 1471/6/1 1566/6/1 1472/6/1
f 1567/6/1 1568/6/1 1473/6/1
f 1473/6/1 1568/6/1 1474/6/1
f 1569/6/1 1570/6/1 1475/6/1
f 1475/6/1 1570/6/1 1476/6/1
f 1571/6/1 1572/6/1 1477/6/1
f 1477/6/1 1572/6/1 1478/6/1
f 1573/6/1 1574/6/1 1481/6/1
f 1481/6/1 1574/6/1 1482/6/1
f 1575/6/1 1576/6/1 1485/6/1
f 1485/6/1 1576/6/1 1486/6/1
f 1577/6/1 1578/6/1 1489/6/1
f 1489/6/1 1578/6/1 1490/6/1
f 1579/6/1 1580/6/1 1493/6/1
f 1493/6/1 1580/6/1 1494/6/1
f 1581/6/1 1582/6/1 1497/6/1
f 1497/6/1 1582/6/1 1498/6/1
f 1583/6/1 1584/6/1 1501/6/1
f 1501/6/1 1584/6/1 1502/6/1
f 1585/6/1 1586/6/1 1505/6/1
f 1505/6/1 1586/6/1 1506/6/1
f 1586/6/1 1587/6/1 1507/6/1
f 1507/6/1 1587/6/1 1512/6/1
f 1588/6/1 1589/6/1 1590/6/1
f 1590/6/1 1589/6/1 1510/6/1
f 1591/6/1 1592/6/1 1513/6/1
f 1513/6/1 1592/6/1 1514/6/1
f 1592/6/1 1593/6/1 1515/6/1
f 1515/6/1 1593/6/1 1520/6/1
f 1594/6/1 1595/6/1 1519/6/1
f 1519/6/1 1595/6/1 1524/6/1
f 1596/6/1 1597/6/1 1523/6/1
f 1523/6/1 1597/6/1 1528/6/1
f 1598/6/1 1599/6/1 1527/6/1
f 1527/6/1 1599/6/1 1532/6/1
f 1600/6/1 1601/6/1 1531/6/1
f 1531/6/1 1601/6/1 1536/6/1
f 1602/6/1 1603/6/1 1535/6/1
f 1535/6/1 1603/6/1 1540/6/1
f 1604/6/1 1605/6/1 1539/6/1
f 1539/6/1 1605/6/1 1544/6/1
f 1606/6/1 1607/6/1 1543/6/1
f 1543/6/1 1607/6/1 1448/6/1
f 1608/6/1 1609/6/1 1450/6/1
f 1450/6/1 1609/6/1 1452/6/1
f 1610/3/1 1611/3/1 1549/3/1
f 1549/3/1 1611/3/1 1550/3/1
f 1611/6/1 1612/6/1 1286/6/1
f 1286/6/1 1612/6/1 1289/6/1
f 1612/3/1 1613/3/1 1551/3/1
f 1551/3/1 1613/3/1 1552/3/1
f 1613/6/1 1614/6/1 1424/6/1
f 1424/6/1 1614/6/1 1425/6/1
f 1614/3/1 1615/3/1 1553/3/1
f 1553/3/1 1615/3/1 1554/3/1
f 1615/6/1 1616/6/1 1426/6/1
f 1426/6/1 1616/6/1 1427/6/1
f 1616/3/1 1617/3/1 1555/3/1
f 1555/3/1 1617/3/1 1556/3/1
f 1617/6/1 1618/6/1 1428/6/1
f 1428/6/1 1618/6/1 1429/6/1
f 1618/3/1 1619/3/1 1557/3/1
f 1557/3/1 1619/3/1 1558/3/1
f 1619/6/1 1620/6/1 1430/6/1
f 1430/6/1 1620/6/1 1431/6/1
f 1620/3/1 1621/3/1 1559/3/1
f 1559/3/1 1621/3/1 1560/3/1
f 1621/6/1 1622/6/1 1432/6/1
f 1432/6/1 1622/6/1 1433/6/1
f 1622/3/1 1623/3/1 1561/3/1
f 1561/3/1 1623/3/1 1562/3/1
f 1623/6/1 1624/6/1 1434/6/1
f 1434/6/1 1624/6/1 1435/6/1
f 1624/3/1 1625/3/1 1563/3/1
f 1563/3/1 1625/3/1 1564/3/1
f 1625/6/1 1626/6/1 1436/6/1
f 1436/6/1 1626/6/1 1437/6/1
f 1626/3/1 1627/3/1 1565/3/1
f 1565/3/1 1627/3/1 1566/3/1
f 1627/6/1 1628/6/1 1438/6/1
f 1438/6/1 1628/6/1 1440/6/1
f 1628/3/1 1629/3/1 1567/3/1
f 1567/3/1 1629/3/1 1568/3/1
f 1629/6/1 1630/6/1 1442/6/1
f 1442/6/1 1630/6/1 1444/6/1
f 1630/3/1 1631/3/1 1569/3/1
f 1569/3/1 1631/3/1 1570/3/1
f 1631/6/1 1632/6/1 1446/6/1
f 1446/6/1 1632/6/1 1480/6/1
f 1632/3/1 1633/3/1 1571/3/1
f 1571/3/1 1633/3/1 1572/3/1
f 1633/6/1 1634/6/1 1479/6/1
f 1479/6/1 1634/6/1 1484/6/1
f 1634/3/1 1635/3/1 1573/3/1
f 1573/3/1 1635/3/1 1574/3/1
f 1635/6/1 1636/6/1 1483/6/1
f 1483/6/1 1636/6/1 1488/6/1
f 1636/3/1 1637/3/1 1575/3/1
f 1575/3/1 1637/3/1 1576/3/1
f 1637/6/1 1638/6/1 1487/6/1
f 1487/6/1 1638/6/1 1492/6/1
f 1638/3/1 1639/3/1 1577/3/1
f 1577/3/1 1639/3/1 1578/3/1
f 1639/6/1 1640/6/1 1491/6/1
f 1491/6/1 1640/6/1 1496/6/1
f 1640/3/1 1641/3/1 1579/3/1
f 1579/3/1 1641/3/1 1580/3/1
f 1641/6/1 1642/6/1 1495/6/1
f 1495/6/1 1642/6/1 1500/6/1
f 1642/3/1 1643/3/1 1581/3/1
f 1581/3/1 1643/3/1 1582/3/1
f 1643/6/1 1644/6/1 1499/6/1
f 1499/6/1 1644/6/1 1504/6/1
f 1644/3/1 1645/3/1 1583/3/1
f 1583/3/1 1645/3/1 1584/3/1
f 1645/6/1 1646/6/1 1503/6/1
f 1503/6/1 1646/6/1 1508/6/1
f 1646/3/1 1647/3/1 1585/3/1
f 1585/3/1 1647/3/1 1648/3/1
f 1647/6/1 1649/6/1 1648/6/1
f 1648/6/1 1649/6/1 1586/6/1
f 1649/3/1 1650/3/1 1586/3/1
f 1586/3/1 1650/3/1 1587/3/1
f 1650/6/1 1651/6/1 1509/6/1
f 1509/6/1 1651/6/1 1590/6/1
f 1651/3/1 1652/3/1 1588/3/1
f 1588/3/1 1652/3/1 1589/3/1
f 1652/6/1 1653/6/1 1511/6/1
f 1511/6/1 1653/6/1 1516/6/1
f 1653/3/1 1654/3/1 1591/3/1
f 1591/3/1 1654/3/1 1655/3/1
f 1654/6/1 1656/6/1 1655/6/1
f 1655/6/1 1656/6/1 1592/6/1
f 1656/3/1 1657/3/1 1592/3/1
f 1592/3/1 1657/3/1 1593/3/1
f 1657/6/1 1658/6/1 1517/6/1
f 1517/6/1 1658/6/1 1518/6/1
f 1658/3/1 1659/3/1 1594/3/1
f 1594/3/1 1659/3/1 1595/3/1
f 1659/6/1 1660/6/1 1521/6/1
f 1521/6/1 1660/6/1 1522/6/1
f 1660/3/1 1661/3/1 1596/3/1
f 1596/3/1 1661/3/1 1597/3/1
f 1661/6/1 1662/6/1 1525/6/1
f 1525/6/1 1662/6/1 1526/6/1
f 1662/3/1 1663/3/1 1598/3/1
f 1598/3/1 1663/3/1 1599/3/1
f 1663/6/1 1664/6/1 1529/6/1
f 1529/6/1 1664/6/1 1530/6/1
f 1664/3/1 1665/3/1 1600/3/1
f 1600/3/1 1665/3/1 1601/3/1
f 1665/6/1 1666/6/1 1533/6/1
f 1533/6/1 1666/6/1 1534/6/1
f 1666/3/1 1667/3/1 1602/3/1
f 1602/3/1 1667/3/1 1603/3/1
f 1667/6/1 1668/6/1 1537/6/1
f 1537/6/1 1668/6/1 1538/6/1
f 1668/3/1 1669/3/1 1604/3/1
f 1604/3/1 1669/3/1 1605/3/1
f 1669/6/1 1670/6/1 1541/6/1
f 1541/6/1 1670/6/1 1542/6/1
f 1670/3/1 1671/3/1 1606/3/1
f 1606/3/1 1671/3/1 1607/3/1
f 1671/6/1 1672/6/1 1545/6/1
f 1545/6/1 1672/6/1 1546/6/1
f 1672/3/1 1673/3/1 1608/3/1
f 1608/3/1 1673/3/1 1609/3/1
f 1673/6/1 1674/6/1 1547/6/1
f 1547/6/1 1674/6/1 1548/6/1
f 1675/1/2 626/1/2 1676/1/2
f 1676/1/2 626/1/2 629/1/2
f 631/1/3 626/1/3 1677/1/3
f 1677/1/3 626/1/3 1675/1/3
f 633/5/3 631/5/3 1678/5/3
f 1678/5/3 631/5/3 1677/5/3
f 635/1/3 633/1/3 1679/1/3
f 1679/1/3 633/1/3 1678/1/3
f 637/5/3 635/5/3 1680/5/3
f 1680/5/3 635/5/3 1679/5/3
f 639/1/3 637/1/3 1681/1/3
f 1681/1/3 637/1/3 1680/1/3
f 641/4/3 639/4/3 1682/4/3
f 1682/4/3 639/4/3 1681/4/3
f 643/1/3 641/1/3 1683/1/3
f 1683/1/3 641/1/3 1682/1/3
f 645/4/3 643/4/3 1684/4/3
f 1684/4/3 643/4/3 1683/4/3
f 647/1/3 645/1/3 1685/1/3
f 1685/1/3 645/1/3 1684/1/3
f 1686/6/3 1687/6/3 1688/6/3
f 1688/6/3 1687/6/3 1685/6/3
f 566/6/3 647/6/3 1281/6/3
f 1281/6/3 647/6/3 1687/6/3
f 1281/3/3 1686/3/3 1284/3/3
f 1284/3/3 1686/3/3 1689/3/3
f 1284/6/3 1689/6/3 1293/6/3
f 1293/6/3 1689/6/3 1690/6/3
f 1293/3/3 1690/3/3 1300/3/3
f 1300/3/3 1690/3/3 1691/3/3
f 1300/6/3 1691/6/3 1306/6/3
f 1306/6/3 1691/6/3 1692/6/3
f 1306/3/3 1692/3/3 1313/3/3
f 1313/3/3 1692/3/3 1693/3/3
f 1313/6/3 1693/6/3 1321/6/3
f 1321/6/3 1693/6/3 1694/6/3
f 1321/3/3 1694/3/3 1328/3/3
f 1328/3/3 1694/3/3 1695/3/3
f 1328/6/3 1695/6/3 1336/6/3
f 1336/6/3 1695/6/3 1696/6/3
f 1336/3/3 1696/3/3 1346/3/3
f 1346/3/3 1696/3/3 1697/3/3
f 1346/6/3 1697/6/3 1357/6/3
f 1357/6/3 1697/6/3 1698/6/3
f 1357/3/3 1698/3/3 1369/3/3
f 1369/3/3 1698/3/3 1699/3/3
f 1369/6/3 1699/6/3 1382/6/3
f 1382/6/3 1699/6/3 1700/6/3
f 1382/3/3 1700/3/3 1400/3/3
f 1400/3/3 1700/3/3 1701/3/3
f 1400/6/3 1701/6/3 1421/6/3
f 1421/6/3 1701/6/3 1702/6/3
f 1421/3/3 1702/3/3 1455/3/3
f 1455/3/3 1702/3/3 1703/3/3
f 1455/6/3 1703/6/3 1549/6/3
f 1549/6/3 1703/6/3 1704/6/3
f 1549/3/3 1704/3/3 1610/3/3
f 1610/3/3 1704/3/3 1688/3/3
f 1705/3/6 1611/3/6 1688/3/6
f 1688/3/6 1611/3/6 1610/3/6
f 1706/6/6 1612/6/6 1705/6/6
f 1705/6/6 1612/6/6 1611/6/6
f 1707/3/6 1613/3/6 1706/3/6
f 1706/3/6 1613/3/6 1612/3/6
f 1708/6/6 1614/6/6 1707/6/6
f 1707/6/6 1614/6/6 1613/6/6
f 1709/3/6 1615/3/6 1708/3/6
f 1708/3/6 1615/3/6 1614/3/6
f 1710/6/6 1616/6/6 1709/6/6
f 1709/6/6 1616/6/6 1615/6/6
f 1711/3/6 1617/3/6 1710/3/6
f 1710/3/6 1617/3/6 1616/3/6
f 1712/6/6 1618/6/6 1711/6/6
f 1711/6/6 1618/6/6 1617/6/6
f 1713/3/6 1619/3/6 1712/3/6
f 1712/3/6 1619/3/6 1618/3/6
f 1714/6/6 1620/6/6 1713/6/6
f 1713/6/6 1620/6/6 1619/6/6
f 1715/3/6 1621/3/6 1714/3/6
f 1714/3/6 1621/3/6 1620/3/6
f 1716/6/6 1622/6/6 1715/6/6
f 1715/6/6 1622/6/6 1621/6/6
f 1717/3/6 1623/3/6 1716/3/6
f 1716/3/6 1623/3/6 1622/3/6
f 1718/6/6 1624/6/6 1717/6/6
f 1717/6/6 1624/6/6 1623/6/6
f 1719/3/6 1625/3/6 1718/3/6
f 1718/3/6 1625/3/6 1624/3/6
f 1720/6/6 1626/6/6 1719/6/6
f 1719/6/6 1626/6/6 1625/6/6
f 1721/3/6 1627/3/6 1720/3/6
f 1720/3/6 1627/3/6 1626/3/6
f 1722/6/6 1628/6/6 1721/6/6
f 1721/6/6 1628/6/6 1627/6/6
f 1723/3/6 1629/3/6 1722/3/6
f 1722/3/6 1629/3/6 1628/3/6
f 1724/6/6 1630/6/6 1723/6/6
f 1723/6/6 1630/6/6 1629/6/6
f 1725/3/6 1631/3/6 1724/3/6
f 1724/3/6 1631/3/6 1630/3/6
f 1726/6/6 1632/6/6 1725/6/6
f 1725/6/6 1632/6/6 1631/6/6
f 1727/3/6 1633/3/6 1726/3/6
f 1726/3/6 1633/3/6 1632/3/6
f 1728/6/6 1634/6/6 1727/6/6
f 1727/6/6 1634/6/6 1633/6/6
f 1729/3/6 1635/3/6 1728/3/6
f 1728/3/6 1635/3/6 1634/3/6
f 1730/6/6 1636/6/6 1729/6/6
f 1729/6/6 1636/6/6 1635/6/6
f 1731/3/6 1637/3/6 1730/3/6
f 1730/3/6 1637/3/6 1636/3/6
f 1732/6/6 1638/6/6 1731/6/6
f 1731/6/6 1638/6/6 1637/6/6
f 1733/3/6 1639/3/6 1732/3/6
f 1732/3/6 1639/3/6 1638/3/6
f 1734/6/6 1640/6/6 1733/6/6
f 1733/6/6 1640/6/6 1639/6/6
f 1735/3/6 1641/3/6 1734/3/6
f 1734/3/6 1641/3/6 1640/3/6
f 1736/6/6 1642/6/6 1735/6/6
f 1735/6/6 1642/6/6 1641/6/6
f 1737/3/6 1643/3/6 1736/3/6
f 1736/3/6 1643/3/6 1642/3/6
f 1738/6/6 1644/6/6 1737/6/6
f 1737/6/6 1644/6/6 1643/6/6
f 1739/3/6 1645/3/6 1738/3/6
f 1738/3/6 1645/3/6 1644/3/6
f 1740/6/6 1646/6/6 1739/6/6
f 1739/6/6 1646/6/6 1645/6/6
f 1741/3/6 1647/3/6 1740/3/6
f 1740/3/6 1647/3/6 1646/3/6
f 1742/6/6 1649/6/6 1741/6/6
f 1741/6/6 1649/6/6 1647/6/6
f 1743/3/6 1650/3/6 1742/3/6
f 1742/3/6 1650/3/6 1649/3/6
f 1744/6/6 1651/6/6 1743/6/6
f 1743/6/6 1651/6/6 1650/6/6
f 1745/3/6 1652/3/6 1744/3/6
f 1744/3/6 1652/3/6 1651/3/6
f 1746/6/6 1653/6/6 1745/6/6
f 1745/6/6 1653/6/6 1652/6/6
f 1747/3/6 1654/3/6 1746/3/6
f 1746/3/6 1654/3/6 1653/3/6
f 1748/6/6 1656/6/6 1747/6/6
f 1747/6/6 1656/6/6 1654/6/6
f 1749/3/6 1657/3/6 1748/3/6
f 1748/3/6 1657/3/6 1656/3/6
f 1750/6/6 1658/6/6 1749/6/6
f 1749/6/6 1658/6/6 1657/6/6
f 1751/3/6 1659/3/6 1750/3/6
f 1750/3/6 1659/3/6 1658/3/6
f 1752/6/6 1660/6/6 1751/6/6
f 1751/6/6 1660/6/6 1659/6/6
f 1753/3/6 1661/3/6 1752/3/6
f 1752/3/6 1661/3/6 1660/3/6
f 1754/6/6 1662/6/6 1753/6/6
f 1753/6/6 1662/6/6 1661/6/6
f 1755/3/6 1663/3/6 1754/3/6
f 1754/3/6 1663/3/6 1662/3/6
f 1756/6/6 1664/6/6 1755/6/6
f 1755/6/6 1664/6/6 1663/6/6
f 1757/3/6 1665/3/6 1756/3/6
f 1756/3/6 1665/3/6 1664/3/6
f 1758/6/6 1666/6/6 1757/6/6
f 1757/6/6 1666/6/6 1665/6/6
f 1759/3/6 1667/3/6 1758/3/6
f 1758/3/6 1667/3/6 1666/3/6
f 1760/6/6 1668/6/6 1759/6/6
f 1759/6/6 1668/6/6 1667/6/6
f 1761/3/6 1669/3/6 1760/3/6
f 1760/3/6 1669/3/6 1668/3/6
f 1762/6/6 1670/6/6 1761/6/6
f 1761/6/6 1670/6/6 1669/6/6
f 1763/3/6 1671/3/6 1762/3/6
f 1762/3/6 1671/3/6 1670/3/6
f 1764/6/6 1672/6/6 1763/6/6
f 1763/6/6 1672/6/6 1671/6/6
f 1765/3/6 1673/3/6 1764/3/6
f 1764/3/6 1673/3/6 1672/3/6
f 1676/1/6 1766/1/6 1675/1/6
f 1675/1/6 1766/1/6 1677/1/6
f 1766/5/6 1767/5/6 1677/5/6
f 1677/5/6 1767/5/6 1678/5/6
f 1767/1/6 1768/1/6 1678/1/6
f 1678/1/6 1768/1/6 1679/1/6
f 1768/5/6 1769/5/6 1679/5/6
f 1679/5/6 1769/5/6 1680/5/6
f 1769/1/6 1770/1/6 1680/1/6
f 1680/1/6 1770/1/6 1681/1/6
f 1770/4/6 1771/4/6 1681/4/6
f 1681/4/6 1771/4/6 1682/4/6
f 1771/1/6 1772/1/6 1682/1/6
f 1682/1/6 1772/1/6 1683/1/6
f 1772/4/6 1773/4/6 1683/4/6
f 1683/4/6 1773/4/6 1684/4/6
f 1773/1/6 1774/1/6 1684/1/6
f 1684/1/6 1774/1/6 1685/1/6
f 1774/6/6 1775/6/6 1685/6/6
f 1685/6/6 1775/6/6 1688/6/6
f 1775/6/6 1674/6/6 1765/6/6
f 1765/6/6 1674/6/6 1673/6/6
f 1776/2/1 1777/2/1 1176/2/1
f 1176/2/1 1777/2/1 1177/2/1
f 1777/6/1 1778/6/1 1177/6/1
f 1177/6/1 1778/6/1 1179/6/1
f 1778/3/1 1779/3/1 1179/3/1
f 1179/3/1 1779/3/1 1180/3/1
f 1780/2/1 1781/2/1 1175/2/1
f 1175/2/1 1781/2/1 1176/2/1
f 1781/6/1 1782/6/1 1776/6/1
f 1776/6/1 1782/6/1 1777/6/1
f 1782/2/1 1783/2/1 1777/2/1
f 1777/2/1 1783/2/1 1784/2/1
f 1785/6/1 1786/6/1 1778/6/1
f 1778/6/1 1786/6/1 1779/6/1
f 1787/6/1 1788/6/1 1780/6/1
f 1780/6/1 1788/6/1 1781/6/1
f 1788/2/1 1789/2/1 1781/2/1
f 1781/2/1 1789/2/1 1782/2/1
f 1789/6/1 1790/6/1 1782/6/1
f 1782/6/1 1790/6/1 1783/6/1
f 1791/3/1 1792/3/1 1785/3/1
f 1785/3/1 1792/3/1 1786/3/1
f 1793/2/1 1794/2/1 1787/2/1
f 1787/2/1 1794/2/1 1788/2/1
f 1794/6/1 1795/6/1 1788/6/1
f 1788/6/1 1795/6/1 1789/6/1
f 1795/2/1 1796/2/1 1789/2/1
f 1789/2/1 1796/2/1 1790/2/1
f 1797/6/1 1798/6/1 1791/6/1
f 1791/6/1 1798/6/1 1792/6/1
f 1799/2/1 1800/2/1 1174/2/1
f 1174/2/1 1800/2/1 1175/2/1
f 1800/6/1 1801/6/1 1793/6/1
f 1793/6/1 1801/6/1 1794/6/1
f 1801/2/1 1802/2/1 1794/2/1
f 1794/2/1 1802/2/1 1795/2/1
f 1802/6/1 1803/6/1 1795/6/1
f 1795/6/1 1803/6/1 1796/6/1
f 1804/3/1 1805/3/1 1797/3/1
f 1797/3/1 1805/3/1 1798/3/1
f 1806/6/1 1807/6/1 1799/6/1
f 1799/6/1 1807/6/1 1800/6/1
f 1807/2/1 1808/2/1 1800/2/1
f 1800/2/1 1808/2/1 1801/2/1
f 1808/6/1 1809/6/1 1801/6/1
f 1801/6/1 1809/6/1 1802/6/1
f 1809/2/1 1810/2/1 1802/2/1
f 1802/2/1 1810/2/1 1803/2/1
f 1811/6/1 1812/6/1 1804/6/1
f 1804/6/1 1812/6/1 1805/6/1
f 1813/2/1 1814/2/1 1806/2/1
f 1806/2/1 1814/2/1 1807/2/1
f 1814/6/1 1815/6/1 1807/6/1
f 1807/6/1 1815/6/1 1808/6/1
f 1815/2/1 1816/2/1 1808/2/1
f 1808/2/1 1816/2/1 1809/2/1
f 1816/6/1 1817/6/1 1809/6/1
f 1809/6/1 1817/6/1 1810/6/1
f 1818/3/1 1819/3/1 1811/3/1
f 1811/3/1 1819/3/1 1812/3/1
f 1820/2/1 1821/2/1 1173/2/1
f 1173/2/1 1821/2/1 1174/2/1
f 1821/6/1 1822/6/1 1813/6/1
f 1813/6/1 1822/6/1 1814/6/1
f 1822/2/1 1823/2/1 1814/2/1
f 1814/2/1 1823/2/1 1815/2/1
f 1823/6/1 1824/6/1 1815/6/1
f 1815/6/1 1824/6/1 1816/6/1
f 1824/2/1 1825/2/1 1816/2/1
f 1816/2/1 1825/2/1 1817/2/1
f 1826/6/1 1827/6/1 1818/6/1
f 1818/6/1 1827/6/1 1819/6/1
f 1828/2/1 1829/2/1 1172/2/1
f 1172/2/1 1829/2/1 1173/2/1
f 1829/6/1 1830/6/1 1820/6/1
f 1820/6/1 1830/6/1 1821/6/1
f 1830/2/1 1831/2/1 1821/2/1
f 1821/2/1 1831/2/1 1822/2/1
f 1831/6/1 1832/6/1 1822/6/1
f 1822/6/1 1832/6/1 1823/6/1
f 1832/2/1 1833/2/1 1823/2/1
f 1823/2/1 1833/2/1 1824/2/1
f 1833/6/1 1834/6/1 1824/6/1
f 1824/6/1 1834/6/1 1825/6/1
f 1835/3/1 1836/3/1 1826/3/1
f 1826/3/1 1836/3/1 1827/3/1
f 1837/2/1 1838/2/1 1171/2/1
f 1171/2/1 1838/2/1 1172/2/1
f 1838/6/1 1839/6/1 1828/6/1
f 1828/6/1 1839/6/1 1829/6/1
f 1839/2/1 1840/2/1 1829/2/1
f 1829/2/1 1840/2/1 1830/2/1
f 1840/6/1 1841/6/1 1830/6/1
f 1830/6/1 1841/6/1 1831/6/1
f 1841/2/1 1842/2/1 1831/2/1
f 1831/2/1 1842/2/1 1832/2/1
f 1842/6/1 1843/6/1 1832/6/1
f 1832/6/1 1843/6/1 1833/6/1
f 1843/2/1 1844/2/1 1833/2/1
f 1833/2/1 1844/2/1 1834/2/1
f 1845/6/1 1846/6/1 1835/6/1
f 1835/6/1 1846/6/1 1836/6/1
f 1847/2/1 1848/2/1 1170/2/1
f 1170/2/1 1848/2/1 1171/2/1
f 1848/6/1 1849/6/1 1837/6/1
f 1837/6/1 1849/6/1 1838/6/1
f 1849/2/1 1850/2/1 1838/2/1
f 1838/2/1 1850/2/1 1839/2/1
f 1850/6/1 1851/6/1 1839/6/1
f 1839/6/1 1851/6/1 1840/6/1
f 1851/2/1 1852/2/1 1840/2/1
f 1840/2/1 1852/2/1 1841/2/1
f 1852/6/1 1853/6/1 1841/6/1
f 1841/6/1 1853/6/1 1842/6/1
f 1853/2/1 1854/2/1 1842/2/1
f 1842/2/1 1854/2/1 1843/2/1
f 1854/6/1 1855/6/1 1843/6/1
f 1843/6/1 1855/6/1 1844/6/1
f 1856/3/1 1857/3/1 1845/3/1
f 1845/3/1 1857/3/1 1846/3/1
f 1858/2/1 1859/2/1 1167/2/1
f 1167/2/1 1859/2/1 1170/2/1
f 1859/6/1 1860/6/1 1847/6/1
f 1847/6/1 1860/6/1 1848/6/1
f 1860/2/1 1861/2/1 1848/2/1
f 1848/2/1 1861/2/1 1849/2/1
f 1861/6/1 1862/6/1 1849/6/1
f 1849/6/1 1862/6/1 1850/6/1
f 1862/2/1 1863/2/1 1850/2/1
f 1850/2/1 1863/2/1 1851/2/1
f 1863/6/1 1864/6/1 1851/6/1
f 1851/6/1 1864/6/1 1852/6/1
f 1864/2/1 1865/2/1 1852/2/1
f 1852/2/1 1865/2/1 1853/2/1
f 1865/6/1 1866/6/1 1853/6/1
f 1853/6/1 1866/6/1 1854/6/1
f 1866/2/1 1867/2/1 1854/2/1
f 1854/2/1 1867/2/1 1855/2/1
f 1868/6/1 1869/6/1 1856/6/1
f 1856/6/1 1869/6/1 1857/6/1
f 1870/2/1 1871/2/1 1164/2/1
f 1164/2/1 1871/2/1 1167/2/1
f 1871/6/1 1872/6/1 1858/6/1
f 1858/6/1 1872/6/1 1873/6/1
f 1872/2/1 1874/2/1 1873/2/1
f 1873/2/1 1874/2/1 1875/2/1
f 1874/6/1 1876/6/1 1875/6/1
f 1875/6/1 1876/6/1 1859/6/1
f 1876/2/1 1877/2/1 1859/2/1
f 1859/2/1 1877/2/1 1860/2/1
f 1877/6/1 1878/6/1 1860/6/1
f 1860/6/1 1878/6/1 1861/6/1
f 1878/2/1 1879/2/1 1861/2/1
f 1861/2/1 1879/2/1 1862/2/1
f 1879/6/1 1880/6/1 1862/6/1
f 1862/6/1 1880/6/1 1863/6/1
f 1880/2/1 1881/2/1 1863/2/1
f 1863/2/1 1881/2/1 1864/2/1
f 1881/6/1 1882/6/1 1864/6/1
f 1864/6/1 1882/6/1 1865/6/1
f 1882/2/1 1883/2/1 1865/2/1
f 1865/2/1 1883/2/1 1866/2/1
f 1883/6/1 1884/6/1 1866/6/1
f 1866/6/1 1884/6/1 1867/6/1
f 1885/3/1 1886/3/1 1868/3/1
f 1868/3/1 1886/3/1 1869/3/1
f 1887/2/1 1888/2/1 1163/2/1
f 1163/2/1 1888/2/1 1164/2/1
f 1888/6/1 1889/6/1 1870/6/1
f 1870/6/1 1889/6/1 1890/6/1
f 1889/2/1 1891/2/1 1890/2/1
f 1890/2/1 1891/2/1 1892/2/1
f 1891/6/1 1893/6/1 1892/6/1
f 1892/6/1 1893/6/1 1871/6/1
f 1893/2/1 1894/2/1 1871/2/1
f 1871/2/1 1894/2/1 1872/2/1
f 1894/6/1 1895/6/1 1872/6/1
f 1872/6/1 1895/6/1 1874/6/1
f 1895/2/1 1896/2/1 1874/2/1
f 1874/2/1 1896/2/1 1876/2/1
f 1896/6/1 1897/6/1 1876/6/1
f 1876/6/1 1897/6/1 1877/6/1
f 1897/2/1 1898/2/1 1877/2/1
f 1877/2/1 1898/2/1 1878/2/1
f 1898/6/1 1899/6/1 1878/6/1
f 1878/6/1 1899/6/1 1879/6/1
f 1899/2/1 1900/2/1 1879/2/1
f 1879/2/1 1900/2/1 1880/2/1
f 1900/6/1 1901/6/1 1880/6/1
f 1880/6/1 1901/6/1 1881/6/1
f 1901/2/1 1902/2/1 1881/2/1
f 1881/2/1 1902/2/1 1882/2/1
f 1902/6/1 1903/6/1 1882/6/1
f 1882/6/1 1903/6/1 1883/6/1
f 1903/2/1 1904/2/1 1883/2/1
f 1883/2/1 1904/2/1 1884/2/1
f 1905/6/1 1906/6/1 1885/6/1
f 1885/6/1 1906/6/1 1886/6/1
f 1454/2/1 1907/2/1 625/2/1
f 625/2/1 1907/2/1 1163/2/1
f 1907/6/1 1908/6/1 1887/6/1
f 1887/6/1 1908/6/1 1888/6/1
f 1908/2/1 1909/2/1 1888/2/1
f 1888/2/1 1909/2/1 1889/2/1
f 1909/6/1 1910/6/1 1889/6/1
f 1889/6/1 1910/6/1 1891/6/1
f 1910/2/1 1911/2/1 1891/2/1
f 1891/2/1 1911/2/1 1893/2/1
f 1911/6/1 1912/6/1 1893/6/1
f 1893/6/1 1912/6/1 1894/6/1
f 1912/2/1 1913/2/1 1894/2/1
f 1894/2/1 1913/2/1 1895/2/1
f 1913/6/1 1914/6/1 1895/6/1
f 1895/6/1 1914/6/1 1896/6/1
f 1914/2/1 1915/2/1 1896/2/1
f 1896/2/1 1915/2/1 1897/2/1
f 1915/6/1 1916/6/1 1897/6/1
f 1897/6/1 1916/6/1 1898/6/1
f 1916/2/1 1917/2/1 1898/2/1
f 1898/2/1 1917/2/1 1899/2/1
f 1917/6/1 1918/6/1 1899/6/1
f 1899/6/1 1918/6/1 1900/6/1
f 1918/2/1 1919/2/1 1900/2/1
f 1900/2/1 1919/2/1 1901/2/1
f 1919/6/1 1920/6/1 1901/6/1
f 1901/6/1 1920/6/1 1902/6/1
f 1920/2/1 1921/2/1 1902/2/1
f 1902/2/1 1921/2/1 1903/2/1
f 1921/6/1 1922/6/1 1903/6/1
f 1903/6/1 1922/6/1 1904/6/1
f 1923/3/1 1924/3/1 1905/3/1
f 1905/3/1 1924/3/1 1906/3/1
f 1925/2/1 1926/2/1 1907/2/1
f 1907/2/1 1926/2/1 1908/2/1
f 1927/2/1 1928/2/1 1909/2/1
f 1909/2/1 1928/2/1 1910/2/1
f 1929/2/1 1930/2/1 1911/2/1
f 1911/2/1 1930/2/1 1912/2/1
f 1931/2/1 1932/2/1 1913/2/1
f 1913/2/1 1932/2/1 1914/2/1
f 1933/2/1 1934/2/1 1915/2/1
f 1915/2/1 1934/2/1 1916/2/1
f 1935/2/1 1936/2/1 1917/2/1
f 1917/2/1 1936/2/1 1918/2/1
f 1937/2/1 1938/2/1 1919/2/1
f 1919/2/1 1938/2/1 1920/2/1
f 1939/2/1 1940/2/1 1921/2/1
f 1921/2/1 1940/2/1 1922/2/1
f 1941/6/1 1942/6/1 1923/6/1
f 1923/6/1 1942/6/1 1924/6/1
f 1943/6/1 1944/6/1 1454/6/1
f 1454/6/1 1944/6/1 1907/6/1
f 1945/6/1 1946/6/1 1908/6/1
f 1908/6/1 1946/6/1 1909/6/1
f 1947/6/1 1948/6/1 1910/6/1
f 1910/6/1 1948/6/1 1911/6/1
f 1949/6/1 1950/6/1 1912/6/1
f 1912/6/1 1950/6/1 1913/6/1
f 1951/6/1 1952/6/1 1914/6/1
f 1914/6/1 1952/6/1 1915/6/1
f 1953/6/1 1954/6/1 1916/6/1
f 1916/6/1 1954/6/1 1917/6/1
f 1955/6/1 1956/6/1 1918/6/1
f 1918/6/1 1956/6/1 1919/6/1
f 1957/6/1 1958/6/1 1920/6/1
f 1920/6/1 1958/6/1 1921/6/1
f 1959/6/1 1960/6/1 1784/6/1
f 1784/6/1 1960/6/1 1778/6/1
f 1960/3/1 1961/3/1 1941/3/1
f 1941/3/1 1961/3/1 1942/3/1
f 1674/3/1 1962/3/1 1943/3/1
f 1943/3/1 1962/3/1 1944/3/1
f 1962/6/1 1963/6/1 1925/6/1
f 1925/6/1 1963/6/1 1926/6/1
f 1963/3/1 1964/3/1 1945/3/1
f 1945/3/1 1964/3/1 1946/3/1
f 1964/6/1 1965/6/1 1927/6/1
f 1927/6/1 1965/6/1 1928/6/1
f 1965/3/1 1966/3/1 1947/3/1
f 1947/3/1 1966/3/1 1948/3/1
f 1966/6/1 1967/6/1 1929/6/1
f 1929/6/1 1967/6/1 1930/6/1
f 1967/3/1 1968/3/1 1949/3/1
f 1949/3/1 1968/3/1 1950/3/1
f 1968/6/1 1969/6/1 1931/6/1
f 1931/6/1 1969/6/1 1932/6/1
f 1969/3/1 1970/3/1 1951/3/1
f 1951/3/1 1970/3/1 1952/3/1
f 1970/6/1 1971/6/1 1933/6/1
f 1933/6/1 1971/6/1 1934/6/1
f 1971/3/1 1972/3/1 1953/3/1
f 1953/3/1 1972/3/1 1954/3/1
f 1972/6/1 1973/6/1 1935/6/1
f 1935/6/1 1973/6/1 1936/6/1
f 1973/3/1 1974/3/1 1955/3/1
f 1955/3/1 1974/3/1 1956/3/1
f 1974/6/1 1975/6/1 1937/6/1
f 1937/6/1 1975/6/1 1938/6/1
f 1975/3/1 1976/3/1 1957/3/1
f 1957/3/1 1976/3/1 1958/3/1
f 1976/6/1 1977/6/1 1939/6/1
f 1939/6/1 1977/6/1 1940/6/1
f 1977/3/1 1978/3/1 1959/3/1
f 1959/3/1 1978/3/1 1960/3/1
f 1978/6/1 1979/6/1 1960/6/1
f 1960/6/1 1979/6/1 1961/6/1
f 1676/1/2 629/1/2 1980/1/2
f 1980/1/2 629/1/2 1182/1/2
f 1184/1/5 1981/1/5 1182/1/5
f 1182/1/5 1981/1/5 1980/1/5
f 1186/5/5 1982/5/5 1184/5/5
f 1184/5/5 1982/5/5 1981/5/5
f 1188/1/5 1983/1/5 1186/1/5
f 1186/1/5 1983/1/5 1982/1/5
f 1190/5/5 1984/5/5 1188/5/5
f 1188/5/5 1984/5/5 1983/5/5
f 1192/1/5 1985/1/5 1190/1/5
f 1190/1/5 1985/1/5 1984/1/5
f 1194/4/5 1986/4/5 1192/4/5
f 1192/4/5 1986/4/5 1985/4/5
f 1196/1/5 1987/1/5 1194/1/5
f 1194/1/5 1987/1/5 1986/1/5
f 1198/4/5 1988/4/5 1196/4/5
f 1196/4/5 1988/4/5 1987/4/5
f 1200/1/5 1989/1/5 1198/1/5
f 1198/1/5 1989/1/5 1988/1/5
f 1202/6/5 1990/6/5 1200/6/5
f 1200/6/5 1990/6/5 1989/6/5
f 1180/3/5 1779/3/5 1202/3/5
f 1202/3/5 1779/3/5 1991/3/5
f 1779/6/5 1786/6/5 1991/6/5
f 1991/6/5 1786/6/5 1992/6/5
f 1786/3/5 1792/3/5 1992/3/5
f 1992/3/5 1792/3/5 1993/3/5
f 1792/6/5 1798/6/5 1993/6/5
f 1993/6/5 1798/6/5 1994/6/5
f 1798/3/5 1805/3/5 1994/3/5
f 1994/3/5 1805/3/5 1995/3/5
f 1805/6/5 1812/6/5 1995/6/5
f 1995/6/5 1812/6/5 1996/6/5
f 1812/3/5 1819/3/5 1996/3/5
f 1996/3/5 1819/3/5 1997/3/5
f 1819/6/5 1827/6/5 1997/6/5
f 1997/6/5 1827/6/5 1998/6/5
f 1827/3/5 1836/3/5 1998/3/5
f 1998/3/5 1836/3/5 1999/3/5
f 1836/6/5 1846/6/5 1999/6/5
f 1999/6/5 1846/6/5 2000/6/5
f 1846/3/5 1857/3/5 2000/3/5
f 2000/3/5 1857/3/5 2001/3/5
f 1857/6/5 1869/6/5 2001/6/5
f 2001/6/5 1869/6/5 2002/6/5
f 1869/3/5 1886/3/5 2002/3/5
f 2002/3/5 1886/3/5 2003/3/5
f 1886/6/5 1906/6/5 2003/6/5
f 2003/6/5 1906/6/5 2004/6/5
f 1906/3/5 1924/3/5 2004/3/5
f 2004/3/5 1924/3/5 2005/3/5
f 1924/6/5 1942/6/5 2005/6/5
f 2005/6/5 1942/6/5 2006/6/5
f 1942/3/5 1961/3/5 2006/3/5
f 2006/3/5 1961/3/5 2007/3/5
f 1961/6/5 1979/6/5 2007/6/5
f 2007/6/5 1979/6/5 1990/6/5
f 2008/3/6 1962/3/6 1775/3/6
f 1775/3/6 1962/3/6 1674/3/6
f 2009/6/6 1963/6/6 2008/6/6
f 2008/6/6 1963/6/6 1962/6/6
f 2010/3/6 1964/3/6 2009/3/6
f 2009/3/6 1964/3/6 1963/3/6
f 2011/6/6 1965/6/6 2010/6/6
f 2010/6/6 1965/6/6 1964/6/6
f 2012/3/6 1966/3/6 2011/3/6
f 2011/3/6 1966/3/6 1965/3/6
f 2013/6/6 1967/6/6 2012/6/6
f 2012/6/6 1967/6/6 1966/6/6
f 2014/3/6 1968/3/6 2013/3/6
f 2013/3/6 1968/3/6 1967/3/6
f 2015/6/6 1969/6/6 2014/6/6
f 2014/6/6 1969/6/6 1968/6/6
f 2016/3/6 1970/3/6 2015/3/6
f 2015/3/6 1970/3/6 1969/3/6
f 2017/6/6 1971/6/6 2016/6/6
f 2016/6/6 1971/6/6 1970/6/6
f 2018/3/6 1972/3/6 2017/3/6
f 2017/3/6 1972/3/6 1971/3/6
f 2019/6/6 1973/6/6 2018/6/6
f 2018/6/6 1973/6/6 1972/6/6
f 2020/3/6 1974/3/6 2019/3/6
f 2019/3/6 1974/3/6 1973/3/6
f 2021/6/6 1975/6/6 2020/6/6
f 2020/6/6 1975/6/6 1974/6/6
f 2022/3/6 1976/3/6 2021/3/6
f 2021/3/6 1976/3/6 1975/3/6
f 2023/6/6 1977/6/6 2022/6/6
f 2022/6/6 1977/6/6 1976/6/6
f 2024/3/6 1978/3/6 2023/3/6
f 2023/3/6 1978/3/6 1977/3/6
f 1980/1/6 1981/1/6 1676/1/6
f 1676/1/6 1981/1/6 1766/1/6
f 1981/5/6 1982/5/6 1766/5/6
f 1766/5/6 1982/5/6 1767/5/6
f 1982/1/6 1983/1/6 1767/1/6
f 1767/1/6 1983/1/6 1768/1/6
f 1983/5/6 1984/5/6 1768/5/6
f 1768/5/6 1984/5/6 1769/5/6
f 1984/1/6 1985/1/6 1769/1/6
f 1769/1/6 1985/1/6 1770/1/6
f 1985/4/6 1986/4/6 1770/4/6
f 1770/4/6 1986/4/6 1771/4/6
f 1986/1/6 1987/1/6 1771/1/6
f 1771/1/6 1987/1/6 1772/1/6
f 1987/4/6 1988/4/6 1772/4/6
f 1772/4/6 1988/4/6 1773/4/6
f 1988/1/6 1989/1/6 1773/1/6
f 1773/1/6 1989/1/6 1774/1/6
f 1989/6/6 1990/6/6 1774/6/6
f 1774/6/6 1990/6/6 1775/6/6
f 1990/6/6 1979/6/6 2024/6/6
f 2024/6/6 1979/6/6 1978/6/6
