# Vengi binary mesh normalized for Tanks of Freedom II

mtllib ../../../materials/vox_grass.mtl
o tree_big_1

v 0.2 2.9 0.9
v 0.1 2.9 0.9
v 0.1 2.9 1
v 0.2 2.9 1
v 0.1 2.7 0.9
v 0 2.7 0.9
v 0 2.7 1
v 0.1 2.7 1
v 0 2.5 0.9
v -0.1 2.5 0.9
v -0.1 2.5 1
v 0 2.5 1
v -0.1 2.8 0.9
v -0.2 2.8 0.9
v -0.2 2.8 1
v -0.1 2.8 1
v 0.4 2.3 0.8
v 0.3 2.3 0.8
v 0.3 2.3 0.9
v 0.4 2.3 0.9
v 0.4 2.8 0.8
v 0.3 2.8 0.8
v 0.3 2.8 0.9
v 0.4 2.8 0.9
v 0.3 2.4 0.8
v 0.2 2.4 0.8
v 0.2 2.4 0.9
v 0.3 2.4 0.9
v 0.3 2.7 0.8
v 0.2 2.7 0.8
v 0.2 2.7 0.9
v 0.3 2.7 0.9
v 0.3 2.9 0.8
v 0.2 2.9 0.8
v 0.3 2.9 0.9
v 0.3 3.1 0.8
v 0.2 3.1 0.8
v 0.2 3.1 0.9
v 0.3 3.1 0.9
v 0.2 3 0.8
v 0 3 0.8
v 0 3 0.9
v 0.2 3 0.9
v 0 2.9 0.8
v -0.1 2.9 0.8
v -0.1 2.9 1
v 0 2.9 1
v -0.2 2.9 0.8
v -0.2 2.9 0.9
v -0.1 2.9 0.9
v -0.2 2.3 0.8
v -0.3 2.3 0.8
v -0.3 2.3 0.9
v -0.2 2.3 0.9
v -0.2 2.6 0.8
v -0.3 2.6 0.8
v -0.3 2.6 0.9
v -0.2 2.6 0.9
v -0.3 2.8 0.8
v -0.4 2.8 0.8
v -0.4 2.8 0.9
v -0.3 2.8 0.9
v -0.3 3 0.8
v -0.4 3 0.8
v -0.4 3 0.9
v -0.3 3 0.9
v 0.5 2.4 0.7
v 0.4 2.4 0.7
v 0.4 2.4 0.8
v 0.5 2.4 0.8
v 0.5 2.7 0.7
v 0.4 2.7 0.7
v 0.4 2.7 0.8
v 0.5 2.7 0.8
v 0.5 3.1 0.7
v 0.4 3.1 0.7
v 0.4 3.1 0.8
v 0.5 3.1 0.8
v 0.3 3.1 0.7
v 0.2 3.1 0.7
v 0.1 3.1 0.7
v 0 3.1 0.7
v 0 3.1 0.8
v 0.1 3.1 0.8
v -0.1 3.1 0.7
v -0.1 3.1 0.8
v -0.1 3.2 0.7
v -0.2 3.2 0.7
v -0.2 3.2 0.8
v -0.1 3.2 0.8
v -0.2 3.1 0.7
v -0.3 3.1 0.7
v -0.3 3.1 0.9
v -0.2 3.1 0.9
v -0.4 3.1 0.7
v -0.4 3.1 0.8
v -0.3 3.1 0.8
v -0.4 2.5 0.7
v -0.5 2.5 0.7
v -0.5 2.5 0.8
v -0.4 2.5 0.8
v -0.4 2.9 0.7
v -0.5 2.9 0.7
v -0.5 2.9 0.8
v -0.4 2.9 0.8
v 0.6 2.5 0.6
v 0.5 2.5 0.6
v 0.5 2.5 0.7
v 0.6 2.5 0.7
v 0.6 2.8 0.6
v 0.5 2.8 0.6
v 0.5 2.8 0.7
v 0.6 2.8 0.7
v 0.6 3.2 0.6
v 0.4 3.2 0.6
v 0.4 3.2 0.7
v 0.6 3.2 0.7
v 0.3 3.2 0.6
v 0.3 3.2 0.8
v 0.4 3.2 0.8
v 0.3 3.3 0.6
v 0.2 3.3 0.6
v 0.2 3.3 0.7
v 0.3 3.3 0.7
v 0.2 3.2 0.6
v 0.1 3.2 0.6
v 0.1 3.2 0.8
v 0.2 3.2 0.8
v -0.1 3.2 0.6
v 0.1 3.2 0.7
v -0.2 3.2 0.6
v -0.3 3.2 0.6
v -0.4 3.2 0.6
v -0.4 3.2 0.7
v -0.3 3.2 0.7
v -0.4 3.3 0.6
v -0.5 3.3 0.6
v -0.5 3.3 0.7
v -0.4 3.3 0.7
v -0.5 2.3 0.6
v -0.6 2.3 0.6
v -0.6 2.3 0.7
v -0.5 2.3 0.7
v -0.5 2.8 0.6
v -0.6 2.8 0.6
v -0.6 2.8 0.7
v -0.5 2.8 0.7
v -0.5 3 0.6
v -0.6 3 0.6
v -0.6 3 0.7
v -0.5 3 0.7
v -0.5 3.2 0.6
v -0.6 3.2 0.6
v -0.6 3.2 0.7
v -0.5 3.2 0.7
v 0.7 2.3 0.5
v 0.6 2.3 0.5
v 0.6 2.3 0.6
v 0.7 2.3 0.6
v 0.7 2.6 0.5
v 0.6 2.6 0.5
v 0.6 2.6 0.6
v 0.7 2.6 0.6
v 0.7 3.1 0.5
v 0.6 3.1 0.5
v 0.6 3.1 0.6
v 0.7 3.1 0.6
v 0.7 3.3 0.5
v 0.6 3.3 0.5
v 0.6 3.3 0.6
v 0.7 3.3 0.6
v 0.5 3.3 0.5
v 0.5 3.3 0.6
v 0.2 3.3 0.5
v 0.1 3.3 0.5
v -0.1 3.3 0.5
v -0.1 3.3 0.6
v 0.1 3.3 0.6
v -0.2 3.3 0.5
v -0.3 3.3 0.5
v -0.3 3.3 0.7
v -0.2 3.3 0.7
v -0.4 3.3 0.5
v -0.3 3.3 0.6
v -0.5 3.3 0.5
v -0.6 3.3 0.5
v -0.6 3.3 0.6
v -0.6 2.9 0.5
v -0.7 2.9 0.5
v -0.7 2.9 0.6
v -0.6 2.9 0.6
v -0.6 3.1 0.5
v -0.7 3.1 0.5
v -0.7 3.1 0.6
v -0.6 3.1 0.6
v 0.8 2.4 0.4
v 0.7 2.4 0.4
v 0.7 2.4 0.5
v 0.8 2.4 0.5
v 0.8 2.9 0.4
v 0.7 2.9 0.4
v 0.7 2.9 0.5
v 0.8 2.9 0.5
v 0.7 3.2 0.4
v 0.6 3.2 0.4
v 0.6 3.2 0.5
v 0.7 3.2 0.5
v 0.6 3.4 0.4
v 0.4 3.4 0.4
v 0.4 3.4 0.5
v 0.6 3.4 0.5
v 0.3 3.4 0.4
v 0.3 3.4 0.5
v 0.2 3.4 0.4
v 0.1 3.4 0.4
v 0.1 3.4 0.6
v 0.2 3.4 0.6
v 0.1 3.5 0.4
v 0 3.5 0.4
v 0 3.5 0.5
v 0.1 3.5 0.5
v -0.1 3.4 0.4
v -0.2 3.4 0.4
v -0.2 3.4 0.6
v -0.1 3.4 0.6
v -0.3 3.4 0.4
v -0.3 3.4 0.5
v -0.2 3.4 0.5
v -0.3 3.5 0.4
v -0.4 3.5 0.4
v -0.4 3.5 0.5
v -0.3 3.5 0.5
v -0.4 3.4 0.4
v -0.5 3.4 0.4
v -0.5 3.4 0.6
v -0.4 3.4 0.6
v -0.5 3.3 0.4
v -0.6 3.3 0.4
v -0.6 3.2 0.4
v -0.7 3.2 0.4
v -0.7 3.2 0.5
v -0.6 3.2 0.5
v -0.7 2.6 0.4
v -0.8 2.6 0.4
v -0.8 2.6 0.5
v -0.7 2.6 0.5
v -0.7 2.8 0.4
v -0.8 2.8 0.4
v -0.8 2.8 0.5
v -0.7 2.8 0.5
v 0.9 2.5 0.3
v 0.8 2.5 0.3
v 0.8 2.5 0.4
v 0.9 2.5 0.4
v 0.9 2.7 0.3
v 0.8 2.7 0.3
v 0.8 2.7 0.4
v 0.9 2.7 0.4
v 0.7 3.2 0.3
v 0.6 3.2 0.3
v 0.5 3.4 0.3
v 0.3 3.4 0.3
v 0.5 3.4 0.4
v 0.2 3.4 0.3
v 0.2 3.4 0.5
v 0.2 0.1 0.3
v 0.1 0.1 0.3
v 0.1 0.1 0.4
v 0.2 0.1 0.4
v 0.2 3.5 0.3
v 0.1 3.5 0.3
v 0.2 3.5 0.4
v 0 0.1 0.3
v 0 0.1 0.6
v 0.1 0.1 0.6
v 0.1 3.4 0.3
v 0 3.4 0.3
v 0 3.4 0.4
v -0.1 0.1 0.3
v -0.1 0.1 0.4
v 0 0.1 0.4
v -0.1 3.4 0.3
v -0.1 3.4 0.5
v 0 3.4 0.5
v -0.2 3.5 0.3
v -0.3 3.5 0.3
v -0.2 3.5 0.4
v -0.4 3.4 0.3
v -0.5 3.4 0.3
v -0.5 3.3 0.3
v -0.7 3.3 0.3
v -0.7 3.3 0.4
v -0.7 3.1 0.3
v -0.8 3.1 0.3
v -0.8 3.1 0.4
v -0.7 3.1 0.4
v -0.8 2.3 0.3
v -0.9 2.3 0.3
v -0.9 2.3 0.4
v -0.8 2.3 0.4
v -0.8 2.9 0.3
v -0.9 2.9 0.3
v -0.9 2.9 0.4
v -0.8 2.9 0.4
v 0.9 2.4 0.2
v 0.8 2.4 0.2
v 0.8 2.4 0.3
v 0.9 2.4 0.3
v 0.9 2.6 0.2
v 0.8 2.6 0.2
v 0.8 2.6 0.3
v 0.9 2.6 0.3
v 0.9 2.9 0.2
v 0.8 2.9 0.2
v 0.8 2.9 0.3
v 0.9 2.9 0.3
v 0.9 3.1 0.2
v 0.8 3.1 0.2
v 0.8 3.1 0.3
v 0.9 3.1 0.3
v 0.7 3.1 0.2
v 0.7 3.1 0.4
v 0.8 3.1 0.4
v 0.7 3.3 0.2
v 0.6 3.3 0.2
v 0.6 3.3 0.3
v 0.7 3.3 0.3
v 0.5 3.3 0.2
v 0.5 3.3 0.4
v 0.6 3.3 0.4
v 0.5 3.5 0.2
v 0.4 3.5 0.2
v 0.4 3.5 0.3
v 0.5 3.5 0.3
v 0.4 3.4 0.2
v 0.3 3.4 0.2
v 0.4 3.4 0.3
v 0.2 0.1 0.2
v 0.1 0.1 0.2
v 0.2 3.5 0.2
v 0.1 3.5 0.2
v 0.1 3.6 0.2
v 0 3.6 0.2
v 0 3.6 0.3
v 0.1 3.6 0.3
v 0.1 0.2 0.2
v -0.1 0.2 0.2
v -0.1 0.2 0.3
v 0.1 0.2 0.3
v 0 3.5 0.2
v -0.1 3.5 0.2
v -0.1 3.5 0.3
v 0 3.5 0.3
v -0.1 0.1 0.2
v -0.3 0.1 0.2
v -0.3 0.1 0.3
v -0.3 3.4 0.2
v -0.4 3.4 0.2
v -0.5 0.1 0.2
v -0.6 0.1 0.2
v -0.6 0.1 0.3
v -0.5 0.1 0.3
v -0.5 3.4 0.2
v -0.6 3.4 0.2
v -0.6 3.4 0.3
v -0.6 3.2 0.2
v -0.8 3.2 0.2
v -0.8 3.2 0.3
v -0.6 3.2 0.3
v -0.8 2.5 0.2
v -0.9 2.5 0.2
v -0.9 2.5 0.3
v -0.8 2.5 0.3
v -0.8 3 0.2
v -0.9 3 0.2
v -0.9 3 0.3
v -0.8 3 0.3
v 1 2.7 0.1
v 0.9 2.7 0.1
v 0.9 2.7 0.2
v 1 2.7 0.2
v 0.9 3 0.1
v 0.8 3 0.1
v 0.8 3 0.2
v 0.9 3 0.2
v 0.8 3.2 0.1
v 0.6 3.2 0.1
v 0.6 3.2 0.2
v 0.8 3.2 0.2
v 0.6 3.4 0.1
v 0.4 3.4 0.1
v 0.6 3.4 0.2
v 0.4 3.5 0.1
v 0.3 3.5 0.1
v 0.3 3.5 0.2
v 0.3 0.1 0.1
v 0.2 0.1 0.1
v 0.3 0.1 0.3
v 0.2 0.2 0.1
v 0.1 0.2 0.1
v 0.2 0.2 0.2
v 0.2 3.6 0.1
v 0.1 3.6 0.1
v 0.2 3.6 0.2
v 0.1 3.5 0.1
v 0 3.5 0.1
v -0.1 3.5 0.1
v -0.1 0.2 0.1
v -0.2 0.2 0.1
v -0.2 0.2 0.2
v -0.2 3.5 0.1
v -0.1 3.5 0.4
v -0.2 0.1 0.1
v -0.3 0.1 0.1
v -0.2 0.1 0.2
v -0.3 3.5 0.1
v -0.4 3.5 0.1
v -0.4 3.5 0.2
v -0.3 3.5 0.2
v -0.5 0.1 0.1
v -0.4 3.4 0.1
v -0.5 3.4 0.1
v -0.5 3.3 0.1
v -0.6 3.3 0.1
v -0.6 3.3 0.2
v -0.5 3.3 0.2
v -0.6 3.2 0.1
v -0.7 3.2 0.1
v -0.7 3.2 0.2
v -0.9 2.6 0.1
v -1 2.6 0.1
v -1 2.6 0.2
v -0.9 2.6 0.2
v 1 2.6 0
v 0.9 2.6 0
v 0.9 2.6 0.1
v 1 2.6 0.1
v 1 2.8 0
v 0.9 2.8 0
v 0.9 2.8 0.1
v 1 2.8 0.1
v 0.7 3.2 0
v 0.6 3.2 0
v 0.7 3.2 0.1
v 0.4 0.1 0
v 0.3 0.1 0
v 0.4 0.1 0.1
v 0.3 3.5 0
v 0.2 3.5 0
v 0.3 3.5 0.3
v 0.1 3.5 0
v 0.2 3.5 0.1
v 0.1 3.6 0
v -0.2 3.6 0
v -0.2 3.6 0.1
v -0.2 3.5 0
v -0.3 3.5 0
v -0.4 3.5 0
v -0.5 3.5 0
v -0.5 3.5 0.1
v -0.5 3.4 0
v -0.6 3.4 0
v -0.6 3.4 0.1
v -0.6 3.2 0
v -0.7 3.2 0
v -0.7 3.1 0
v -0.8 3.1 0
v -0.8 3.1 0.2
v -0.7 3.1 0.2
v -0.8 2.9 0
v -0.9 2.9 0
v -0.9 2.9 0.2
v -0.8 2.9 0.2
v -0.9 2.5 0
v -1 2.5 0
v -1 2.5 0.1
v -0.9 2.5 0.1
v -0.9 2.7 0
v -1 2.7 0
v -1 2.7 0.1
v -0.9 2.7 0.1
v -1 2.9 0
v -1 2.9 0.1
v -0.9 2.9 0.1
v 1 2.7 -0.1
v 0.9 2.7 -0.1
v 0.9 2.7 0
v 1 2.7 0
v 1 2.9 -0.1
v 0.9 2.9 -0.1
v 0.9 2.9 0
v 1 2.9 0
v 0.8 2.9 -0.1
v 0.8 2.9 0.1
v 0.9 2.9 0.1
v 0.9 3.1 -0.1
v 0.8 3.1 -0.1
v 0.8 3.1 0
v 0.9 3.1 0
v 0.7 3.1 -0.1
v 0.7 3.1 0.1
v 0.8 3.1 0.1
v 0.7 3.3 -0.1
v 0.6 3.3 -0.1
v 0.6 3.3 0
v 0.7 3.3 0
v 0.5 3.3 -0.1
v 0.5 3.3 0.1
v 0.6 3.3 0.1
v 0.6 0.1 -0.1
v 0.3 0.1 -0.1
v 0.6 0.1 0
v 0.4 3.4 -0.1
v 0.3 3.4 -0.1
v 0.3 3.4 0.1
v 0.3 0.2 -0.1
v 0.2 0.2 -0.1
v 0.3 0.2 0.1
v 0.3 3.6 -0.1
v 0.2 3.6 -0.1
v 0.2 3.6 0
v 0.3 3.6 0
v 0.1 3.6 -0.1
v 0 3.6 -0.1
v 0 3.6 0
v -0.1 3.5 -0.1
v -0.2 3.5 -0.1
v -0.1 3.5 0
v -0.2 0.2 -0.1
v -0.3 0.2 -0.1
v -0.3 0.2 0.1
v -0.3 3.5 -0.1
v -0.3 0.1 -0.1
v -0.4 0.1 -0.1
v -0.4 0.1 0.1
v -0.4 3.4 -0.1
v -0.5 3.4 -0.1
v -0.4 3.4 0
v -0.6 3.4 -0.1
v -0.7 3.2 -0.1
v -0.8 3.2 -0.1
v -0.8 3.2 0
v -0.8 2.3 -0.1
v -0.9 2.3 -0.1
v -0.9 2.3 0
v -0.8 2.3 0
v -0.8 3 -0.1
v -0.9 3 -0.1
v -0.9 3 0
v -0.8 3 0
v -0.9 2.8 -0.1
v -1 2.8 -0.1
v -1 2.8 0
v -0.9 2.8 0
v 0.9 3 -0.2
v 0.8 3 -0.2
v 0.8 3 -0.1
v 0.9 3 -0.1
v 0.8 3.2 -0.2
v 0.6 3.2 -0.2
v 0.6 3.2 -0.1
v 0.8 3.2 -0.1
v 0.6 3.4 -0.2
v 0.5 3.4 -0.2
v 0.5 3.4 -0.1
v 0.6 3.4 -0.1
v 0.4 3.4 -0.2
v 0.5 3.4 0.1
v 0.4 0.1 -0.2
v 0.2 0.1 -0.2
v 0.2 0.1 -0.1
v 0.4 0.1 -0.1
v 0.2 0.2 -0.2
v 0.1 0.2 -0.2
v 0.1 0.2 -0.1
v 0.4 3.5 -0.2
v 0.1 3.5 -0.2
v 0.1 3.5 -0.1
v 0.4 3.5 -0.1
v 0.1 3.6 -0.2
v 0 3.6 -0.2
v -0.1 0.2 -0.2
v -0.2 0.2 -0.2
v -0.1 0.2 -0.1
v -0.1 3.6 -0.2
v -0.2 3.6 -0.2
v -0.2 3.6 -0.1
v -0.1 3.6 -0.1
v -0.2 0.1 -0.2
v -0.3 0.1 -0.2
v -0.2 0.1 -0.1
v -0.4 3.4 -0.2
v -0.5 3.4 -0.2
v -0.6 3.3 -0.2
v -0.7 3.3 -0.2
v -0.7 3.3 0
v -0.6 3.3 0
v -0.8 2.9 -0.2
v -0.9 2.9 -0.2
v -0.9 2.9 -0.1
v -0.8 2.9 -0.1
v -0.8 3.1 -0.2
v -0.9 3.1 -0.2
v -0.9 3.1 -0.1
v -0.8 3.1 -0.1
v -0.9 2.6 -0.2
v -1 2.6 -0.2
v -1 2.6 -0.1
v -0.9 2.6 -0.1
v 0.9 2.5 -0.3
v 0.8 2.5 -0.3
v 0.8 2.5 -0.2
v 0.9 2.5 -0.2
v 0.9 2.7 -0.3
v 0.8 2.7 -0.3
v 0.8 2.7 -0.2
v 0.9 2.7 -0.2
v 0.9 2.9 -0.3
v 0.8 2.9 -0.3
v 0.8 2.9 -0.2
v 0.9 2.9 -0.2
v 0.7 3.2 -0.3
v 0.6 3.2 -0.3
v 0.7 3.2 -0.2
v 0.6 3.3 -0.3
v 0.5 3.3 -0.3
v 0.5 3.3 -0.2
v 0.6 3.3 -0.2
v 0.5 0.1 -0.3
v 0.4 0.1 -0.3
v 0.5 0.1 -0.2
v 0.5 3.5 -0.3
v 0.4 3.5 -0.3
v 0.5 3.5 -0.2
v 0.4 1.7 -0.3
v 0.3 1.7 -0.3
v 0.3 1.7 -0.2
v 0.4 1.7 -0.2
v 0.3 3.5 -0.3
v 0.2 3.5 -0.3
v 0.2 3.5 -0.2
v 0.3 3.5 -0.2
v 0.2 0.1 -0.3
v 0.1 0.1 -0.3
v 0.1 0.1 -0.2
v 0.2 1.7 -0.3
v 0.1 1.7 -0.3
v 0.1 1.7 -0.1
v 0.2 1.7 -0.1
v 0.2 3.6 -0.3
v 0.1 3.6 -0.3
v 0.2 3.6 -0.2
v 0.1 0.2 -0.3
v -0.1 0.2 -0.3
v 0 3.6 -0.3
v -0.1 3.6 -0.3
v -0.1 3.6 0
v -0.1 0.1 -0.3
v -0.2 0.1 -0.3
v -0.1 0.1 -0.2
v -0.2 3.5 -0.3
v -0.3 3.5 -0.3
v -0.3 3.4 -0.3
v -0.4 3.4 -0.3
v -0.3 3.4 0.1
v -0.3 0.1 -0.3
v -0.5 0.1 -0.3
v -0.5 0.1 -0.2
v -0.5 3.3 -0.3
v -0.6 3.3 -0.3
v -0.6 3.3 -0.1
v -0.5 3.3 -0.1
v -0.8 2.4 -0.3
v -0.9 2.4 -0.3
v -0.9 2.4 -0.2
v -0.8 2.4 -0.2
v -0.8 2.8 -0.3
v -0.9 2.8 -0.3
v -0.9 2.8 -0.2
v -0.8 2.8 -0.2
v 0.9 2.8 -0.4
v 0.8 2.8 -0.4
v 0.8 2.8 -0.3
v 0.9 2.8 -0.3
v 0.8 3.1 -0.4
v 0.7 3.1 -0.4
v 0.7 3.1 -0.2
v 0.8 3.1 -0.2
v 0.7 3.2 -0.4
v 0.6 3.2 -0.4
v 0.6 3.4 -0.4
v 0.5 3.4 -0.4
v 0.5 3.4 -0.3
v 0.6 3.4 -0.3
v 0.3 1.7 -0.4
v 0.2 1.7 -0.4
v 0.3 1.7 -0.1
v 0.3 3.4 -0.4
v 0.2 3.4 -0.4
v 0.2 3.4 -0.3
v 0.3 3.4 -0.3
v 0.2 3.5 -0.4
v 0.1 3.5 -0.4
v 0.1 3.5 -0.3
v 0 3.5 -0.4
v 0 3.5 -0.2
v -0.1 3.5 -0.4
v -0.2 3.5 -0.4
v -0.2 3.5 -0.2
v -0.1 3.5 -0.2
v -0.4 0.1 -0.4
v -0.5 0.1 -0.4
v -0.4 0.1 -0.3
v -0.5 3.4 -0.4
v -0.6 3.4 -0.4
v -0.6 3.4 -0.3
v -0.5 3.4 -0.3
v -0.6 3.2 -0.4
v -0.7 3.2 -0.4
v -0.7 3.2 -0.2
v -0.6 3.2 -0.2
v -0.7 3.1 -0.4
v -0.8 3.1 -0.4
v -0.7 3.1 -0.1
v -0.8 2.6 -0.4
v -0.9 2.6 -0.4
v -0.9 2.6 -0.3
v -0.8 2.6 -0.3
v 0.9 2.4 -0.5
v 0.8 2.4 -0.5
v 0.8 2.4 -0.3
v 0.9 2.4 -0.3
v 0.8 2.5 -0.5
v 0.7 2.5 -0.5
v 0.7 2.5 -0.4
v 0.8 2.5 -0.4
v 0.8 2.9 -0.5
v 0.7 2.9 -0.5
v 0.7 2.9 -0.4
v 0.8 2.9 -0.4
v 0.7 3.3 -0.5
v 0.5 3.3 -0.5
v 0.5 3.3 -0.4
v 0.7 3.3 -0.4
v 0.5 3.4 -0.5
v 0.4 3.4 -0.5
v 0.4 3.4 -0.3
v 0.3 3.4 -0.5
v 0.3 3.4 -0.2
v 0.3 0.1 -0.5
v 0.2 0.1 -0.5
v 0.3 0.1 -0.3
v 0.3 3.5 -0.5
v 0.2 3.5 -0.5
v 0.3 3.5 -0.4
v 0.2 3.4 -0.5
v 0 3.4 -0.5
v 0 3.4 -0.4
v 0 0.1 -0.5
v -0.1 0.1 -0.5
v 0 0.1 -0.3
v 0 3.5 -0.5
v -0.1 3.5 -0.5
v -0.1 3.5 -0.3
v 0 3.5 -0.3
v -0.1 3.4 -0.5
v -0.2 3.4 -0.5
v -0.2 3.4 -0.4
v -0.1 3.4 -0.4
v -0.3 3.4 -0.5
v -0.2 3.4 -0.3
v -0.3 3.5 -0.5
v -0.4 3.5 -0.5
v -0.4 3.5 -0.3
v -0.4 3.4 -0.5
v -0.5 3.4 -0.5
v -0.6 3.2 -0.5
v -0.7 3.2 -0.5
v -0.7 2.3 -0.5
v -0.8 2.3 -0.5
v -0.8 2.3 -0.4
v -0.7 2.3 -0.4
v -0.7 2.5 -0.5
v -0.8 2.5 -0.5
v -0.8 2.5 -0.4
v -0.7 2.5 -0.4
v -0.7 2.8 -0.5
v -0.8 2.8 -0.5
v -0.8 2.8 -0.4
v -0.7 2.8 -0.4
v 0.8 2.4 -0.6
v 0.7 2.4 -0.6
v 0.7 2.4 -0.5
v 0.7 2.8 -0.6
v 0.6 2.8 -0.6
v 0.6 2.8 -0.5
v 0.7 2.8 -0.5
v 0.7 3.2 -0.6
v 0.6 3.2 -0.6
v 0.6 3.2 -0.5
v 0.7 3.2 -0.5
v 0.6 3.3 -0.6
v 0.5 3.3 -0.6
v 0.6 3.3 -0.5
v 0.4 3.3 -0.6
v 0.4 3.3 -0.5
v 0.2 3.3 -0.6
v 0.2 3.3 -0.5
v 0.2 3.4 -0.6
v 0.1 3.4 -0.6
v 0.1 3.4 -0.5
v 0.1 0.1 -0.6
v 0 0.1 -0.6
v 0.1 3.3 -0.6
v -0.1 3.3 -0.6
v -0.1 3.3 -0.5
v 0.1 3.3 -0.5
v -0.1 3.4 -0.6
v -0.2 3.4 -0.6
v -0.2 3.3 -0.6
v -0.3 3.3 -0.6
v -0.3 3.3 -0.5
v -0.2 3.3 -0.5
v -0.3 3.4 -0.6
v -0.4 3.4 -0.6
v -0.5 3.3 -0.6
v -0.6 3.3 -0.6
v -0.6 3.3 -0.4
v -0.5 3.3 -0.4
v -0.6 2.4 -0.6
v -0.7 2.4 -0.6
v -0.7 2.4 -0.5
v -0.6 2.4 -0.5
v -0.6 2.8 -0.6
v -0.7 2.8 -0.6
v -0.6 2.8 -0.5
v -0.6 3.1 -0.6
v -0.7 3.1 -0.6
v -0.7 3.1 -0.5
v -0.6 3.1 -0.5
v 0.8 2.2 -0.7
v 0.7 2.2 -0.7
v 0.7 2.2 -0.6
v 0.8 2.2 -0.6
v 0.7 2.4 -0.7
v 0.6 2.4 -0.7
v 0.6 2.4 -0.6
v 0.6 2.6 -0.7
v 0.5 2.6 -0.7
v 0.5 2.6 -0.6
v 0.6 2.6 -0.6
v 0.6 3 -0.7
v 0.5 3 -0.7
v 0.5 3 -0.6
v 0.6 3 -0.6
v 0.6 3.2 -0.7
v 0.5 3.2 -0.7
v 0.5 3.2 -0.6
v 0.5 3.3 -0.7
v 0.4 3.3 -0.7
v 0.4 3.2 -0.7
v 0.3 3.2 -0.7
v 0.3 3.2 -0.6
v 0.4 3.2 -0.6
v 0.3 3.3 -0.7
v 0.2 3.3 -0.7
v 0.3 3.3 -0.6
v 0.1 3.2 -0.7
v 0 3.2 -0.7
v 0 3.2 -0.6
v 0.1 3.2 -0.6
v 0 3.3 -0.7
v -0.1 3.3 -0.7
v 0 3.3 -0.6
v -0.3 3.2 -0.7
v -0.4 3.2 -0.7
v -0.4 3.2 -0.6
v -0.3 3.2 -0.6
v -0.4 3.3 -0.7
v -0.5 3.3 -0.7
v -0.5 3.3 -0.5
v -0.4 3.3 -0.5
v -0.5 2.5 -0.7
v -0.6 2.5 -0.7
v -0.6 2.5 -0.6
v -0.5 2.5 -0.6
v -0.5 3 -0.7
v -0.6 3 -0.7
v -0.6 3 -0.6
v -0.5 3 -0.6
v 0.7 2.1 -0.8
v 0.6 2.1 -0.8
v 0.6 2.1 -0.7
v 0.7 2.1 -0.7
v 0.7 2.3 -0.8
v 0.6 2.3 -0.8
v 0.6 2.3 -0.7
v 0.7 2.3 -0.7
v 0.6 2.4 -0.8
v 0.5 2.4 -0.8
v 0.5 2.4 -0.7
v 0.5 2.8 -0.8
v 0.4 2.8 -0.8
v 0.4 2.8 -0.7
v 0.5 2.8 -0.7
v 0.5 3 -0.8
v 0.4 3 -0.8
v 0.4 3 -0.7
v 0.4 3.1 -0.8
v 0.2 3.1 -0.8
v 0.2 3.1 -0.7
v 0.4 3.1 -0.7
v 0.2 3.2 -0.8
v 0.1 3.2 -0.8
v 0.2 3.2 -0.6
v 0.1 3.1 -0.8
v -0.1 3.1 -0.8
v -0.1 3.1 -0.7
v 0.1 3.1 -0.7
v -0.1 3.2 -0.8
v -0.3 3.2 -0.8
v -0.1 3.2 -0.6
v -0.3 3.1 -0.8
v -0.4 3.1 -0.8
v -0.4 3.1 -0.7
v -0.3 3.1 -0.7
v -0.4 2.3 -0.8
v -0.5 2.3 -0.8
v -0.5 2.3 -0.7
v -0.4 2.3 -0.7
v -0.4 2.8 -0.8
v -0.5 2.8 -0.8
v -0.5 2.8 -0.7
v -0.4 2.8 -0.7
v -0.4 3.2 -0.8
v -0.5 3.2 -0.8
v -0.5 3.2 -0.7
v 0.6 2.4 -0.9
v 0.5 2.4 -0.9
v 0.5 2.5 -0.9
v 0.4 2.5 -0.9
v 0.4 2.5 -0.7
v 0.5 2.5 -0.7
v 0.4 2.6 -0.9
v 0.3 2.6 -0.9
v 0.3 2.6 -0.8
v 0.4 2.6 -0.8
v 0.3 2.4 -0.9
v 0.2 2.4 -0.9
v 0.2 2.4 -0.8
v 0.3 2.4 -0.8
v 0.3 2.8 -0.9
v 0.2 2.8 -0.9
v 0.2 2.8 -0.8
v 0.3 2.8 -0.8
v 0.3 3.1 -0.9
v 0.2 3.1 -0.9
v 0.3 3.1 -0.8
v 0.2 3 -0.9
v 0.1 3 -0.9
v 0.1 3 -0.8
v 0.2 3 -0.8
v 0.1 2.3 -0.9
v 0 2.3 -0.9
v 0 2.3 -0.8
v 0.1 2.3 -0.8
v 0.1 2.9 -0.9
v 0 2.9 -0.9
v 0 2.9 -0.8
v 0.1 2.9 -0.8
v 0 3 -0.9
v -0.2 3 -0.9
v -0.2 3 -0.8
v 0 3 -0.8
v -0.2 2.5 -0.9
v -0.3 2.5 -0.9
v -0.3 2.5 -0.8
v -0.2 2.5 -0.8
v -0.2 3.1 -0.9
v -0.3 3.1 -0.9
v -0.2 3.1 -0.8
v -0.3 2.8 -0.9
v -0.4 2.8 -0.9
v -0.3 2.8 -0.8
v 0.5 2.5 -1
v 0.4 2.5 -1
v 0.4 2.4 -1
v 0.3 2.4 -1
v 0.4 2.4 -0.9
v 0.1 2.6 -1
v 0 2.6 -1
v 0 2.6 -0.9
v 0.1 2.6 -0.9
v 0 2.5 -1
v -0.1 2.5 -1
v -0.1 2.5 -0.9
v 0 2.5 -0.9
v 0 2.8 -1
v -0.1 2.8 -1
v -0.1 2.8 -0.9
v 0 2.8 -0.9
v 0.2 2.7 1
v 0.1 2.5 0.9
v 0.1 2.5 1
v 0 2.4 0.9
v 0 2.4 1
v -0.1 2.4 1
v -0.1 2.4 0.9
v 0 2.8 0.9
v 0 2.8 1
v -0.1 2.6 0.9
v -0.1 2.6 1
v -0.2 2.6 1
v 0.4 2.2 0.8
v 0.4 2.2 0.9
v 0.3 2.2 0.9
v 0.3 2.2 0.8
v 0.4 2.7 0.9
v 0.2 2.3 0.9
v 0.2 2.3 0.8
v 0.3 2.5 0.8
v 0.3 2.5 0.9
v 0.2 2.5 0.9
v 0.2 2.5 0.8
v 0.2 2.8 0.9
v 0.2 2.8 0.8
v 0.3 3 0.8
v 0.3 3 0.9
v 0.1 2.4 0.9
v 0.1 2.4 0.8
v 0.1 2.3 0.8
v 0.1 2.3 0.9
v 0 2.3 0.9
v 0 2.3 0.8
v 0 2.4 0.8
v -0.1 2.4 0.8
v -0.1 2.3 0.8
v -0.1 2.3 0.9
v -0.2 2.4 0.8
v -0.2 2.4 0.9
v -0.3 2.4 0.9
v -0.3 2.4 0.8
v -0.2 3 0.8
v -0.2 3 0.9
v -0.4 2.6 0.9
v -0.4 2.6 0.8
v -0.3 2.9 0.8
v -0.3 2.9 0.9
v -0.4 2.9 0.9
v 0.5 2.2 0.7
v 0.5 2.2 0.8
v 0.4 2.2 0.7
v 0.5 2.6 0.7
v 0.5 2.6 0.8
v 0.4 2.6 0.8
v 0.4 2.6 0.7
v 0.5 2.9 0.7
v 0.5 2.9 0.8
v 0.4 2.9 0.8
v 0.4 2.9 0.7
v 0.3 2.2 0.7
v 0.1 2.2 0.8
v 0.1 2.2 0.7
v 0 2.2 0.7
v 0 2.2 0.8
v -0.2 2.2 0.8
v -0.2 2.2 0.7
v -0.2 2.2 0.9
v -0.3 2.2 0.9
v -0.3 2.2 0.7
v -0.4 2.3 0.7
v -0.4 2.3 0.8
v -0.5 2.3 0.8
v -0.4 2.8 0.7
v -0.5 2.8 0.8
v 0.6 2.3 0.7
v 0.5 2.3 0.7
v 0.5 2.3 0.6
v 0.6 2.6 0.7
v 0.5 2.6 0.6
v 0.6 3.1 0.7
v 0.5 3.1 0.6
v 0.5 2.1 0.6
v 0.5 2.1 0.7
v 0.4 2.1 0.7
v 0.4 2.1 0.6
v 0.4 2.1 0.8
v 0.3 2.1 0.8
v 0.3 2.1 0.6
v 0.2 2.1 0.6
v 0.2 2.1 0.7
v 0.1 2.1 0.7
v 0.1 2.1 0.6
v 0.1 2.1 0.8
v 0 2.1 0.8
v 0 2.1 0.6
v 0 2 0.6
v 0 2 0.7
v -0.1 2 0.7
v -0.1 2 0.6
v -0.1 2.1 0.6
v -0.1 2.1 0.7
v -0.2 2.1 0.7
v -0.2 2.1 0.6
v -0.3 2.1 0.6
v -0.3 2.1 0.8
v -0.4 2.1 0.8
v -0.4 2.1 0.6
v -0.4 2 0.6
v -0.4 2 0.7
v -0.5 2 0.7
v -0.5 2 0.6
v -0.5 2.1 0.6
v -0.5 2.1 0.7
v -0.6 2.1 0.7
v -0.6 2.1 0.6
v -0.5 2.6 0.6
v -0.5 2.6 0.7
v -0.6 2.6 0.7
v -0.6 2.6 0.6
v -0.5 2.9 0.6
v -0.6 2.9 0.7
v -0.5 3.1 0.6
v -0.5 3.1 0.7
v -0.6 3.1 0.7
v 0.7 2.1 0.5
v 0.7 2.1 0.6
v 0.6 2.1 0.6
v 0.6 2.1 0.5
v 0.7 2.5 0.5
v 0.7 2.5 0.6
v 0.6 2.5 0.5
v 0.7 2.8 0.5
v 0.7 2.8 0.6
v 0.6 2.8 0.5
v 0.7 3.2 0.6
v 0.3 2 0.5
v 0.3 2 0.7
v 0.2 2 0.7
v 0.2 2 0.5
v 0.1 2 0.5
v 0.1 2 0.6
v 0 2 0.5
v 0 1.9 0.5
v 0 1.9 0.6
v -0.1 1.9 0.6
v -0.1 1.9 0.5
v -0.2 2 0.5
v -0.2 2 0.7
v -0.3 2 0.7
v -0.3 2 0.5
v -0.3 1.9 0.5
v -0.3 1.9 0.6
v -0.4 1.9 0.6
v -0.4 1.9 0.5
v -0.4 2 0.5
v -0.5 2 0.5
v -0.6 2.8 0.5
v -0.7 2.8 0.6
v -0.6 3 0.5
v -0.7 3 0.6
v -0.7 3 0.5
v 0.8 2.2 0.4
v 0.8 2.2 0.5
v 0.7 2.2 0.5
v 0.7 2.2 0.4
v 0.8 2.7 0.5
v 0.7 2.7 0.5
v 0.7 2.7 0.4
v 0.7 2 0.4
v 0.7 2 0.5
v 0.6 2 0.5
v 0.6 2 0.4
v 0.6 2 0.6
v 0.3 2 0.6
v 0.3 2 0.4
v 0.3 1.9 0.4
v 0.3 1.9 0.5
v 0.2 1.9 0.5
v 0.2 1.9 0.4
v 0.2 1.9 0.6
v 0.1 1.9 0.6
v 0.1 1.9 0.4
v 0.1 1.9 0.5
v 0 1.9 0.4
v 0 2 0.4
v -0.1 2 0.5
v -0.1 2 0.4
v -0.2 2 0.6
v -0.2 2 0.4
v -0.3 2 0.4
v -0.5 2 0.4
v -0.6 2 0.6
v -0.6 2 0.4
v -0.6 2.1 0.4
v -0.6 2.1 0.5
v -0.7 2.1 0.5
v -0.7 2.1 0.4
v -0.7 2.3 0.4
v -0.7 2.3 0.5
v -0.8 2.3 0.5
v -0.7 2.7 0.4
v -0.7 2.7 0.5
v -0.8 2.7 0.5
v -0.8 2.7 0.4
v 0.9 2.4 0.4
v 0.9 2.6 0.4
v 0.8 2.6 0.4
v 0.8 2.1 0.3
v 0.8 2.1 0.4
v 0.6 2.1 0.4
v 0.6 2.1 0.3
v 0.6 1.9 0.3
v 0.6 1.9 0.4
v 0.5 1.9 0.4
v 0.5 1.9 0.3
v 0.5 2 0.3
v 0.5 2 0.4
v 0.4 2 0.4
v 0.4 2 0.3
v 0.4 1.9 0.3
v 0.4 1.9 0.4
v 0.3 1.9 0.3
v 0.2 0 0.3
v 0.2 0 0.4
v 0.1 0 0.4
v 0.1 0 0.3
v 0.1 0 0.6
v 0 0 0.6
v 0 0 0.3
v 0.1 1.9 0.3
v 0 1.9 0.3
v 0 1.8 0.3
v 0 1.8 0.4
v -0.1 1.8 0.4
v -0.1 1.8 0.3
v -0.2 1.9 0.3
v -0.2 1.9 0.5
v -0.3 1.9 0.3
v -0.3 1.8 0.3
v -0.3 1.8 0.4
v -0.4 1.8 0.4
v -0.4 1.8 0.3
v -0.4 2 0.3
v -0.4 2 0.4
v -0.5 2 0.3
v -0.5 1.9 0.3
v -0.5 1.9 0.4
v -0.6 1.9 0.4
v -0.6 1.9 0.3
v -0.6 2 0.3
v -0.7 2 0.4
v -0.7 2 0.3
v -0.7 2.2 0.3
v -0.7 2.2 0.4
v -0.9 2.2 0.4
v -0.9 2.2 0.3
v -0.8 2.6 0.3
v -0.9 2.6 0.4
v -0.9 2.6 0.3
v 0.9 2.5 0.2
v 0.8 2.5 0.2
v 0.8 2.7 0.2
v 0.9 3 0.3
v 0.8 3 0.3
v 0.9 2.2 0.2
v 0.9 2.2 0.3
v 0.7 2.2 0.3
v 0.7 2.2 0.2
v 0.7 2 0.2
v 0.7 2 0.3
v 0.5 2 0.2
v 0.4 1.8 0.2
v 0.4 1.8 0.3
v 0.3 1.8 0.3
v 0.3 1.8 0.2
v 0.3 1.9 0.2
v 0.2 1.9 0.2
v 0.2 0 0.2
v 0.1 0 0.2
v 0.2 1.8 0.2
v 0.2 1.8 0.4
v 0.1 1.8 0.4
v 0.1 1.8 0.2
v 0.1 1.8 0.3
v 0 1.8 0.2
v 0 1.7 0.2
v 0 1.7 0.3
v -0.1 1.7 0.3
v -0.1 1.7 0.2
v -0.1 1.9 0.2
v -0.1 1.9 0.4
v -0.2 1.9 0.4
v -0.2 1.9 0.2
v -0.2 1.8 0.2
v -0.2 1.8 0.3
v -0.3 1.8 0.2
v -0.4 1.9 0.2
v -0.4 1.9 0.3
v -0.5 1.9 0.2
v -0.5 0 0.2
v -0.5 0 0.3
v -0.6 0 0.3
v -0.6 0 0.2
v -0.7 2.1 0.2
v -0.7 2.1 0.3
v -0.8 2.1 0.3
v -0.8 2.1 0.2
v -0.8 2.3 0.2
v -0.9 2.3 0.2
v 1 2.4 0.1
v 1 2.4 0.2
v 0.8 2.4 0.1
v 0.8 2.2 0.1
v 0.8 2.2 0.2
v 0.7 2.2 0.1
v 0.7 2 0.1
v 0.6 2 0.2
v 0.6 2 0.1
v 0.5 2 0.1
v 0.5 1.9 0.1
v 0.4 1.9 0.1
v 0.3 1.8 0.1
v 0.2 1.8 0.1
v 0.2 1.7 0.1
v 0.2 1.7 0.2
v 0.1 1.7 0.2
v 0.1 1.7 0.1
v -0.1 1.8 0.1
v -0.1 1.8 0.2
v -0.2 1.8 0.1
v -0.3 1.9 0.1
v -0.4 1.9 0.1
v -0.3 0 0.1
v -0.3 0 0.2
v -0.5 0 0.1
v -0.7 2.2 0.1
v -0.7 2.2 0.2
v -0.8 2.2 0.2
v -0.8 2.2 0.1
v -0.8 2.4 0.1
v -0.8 2.4 0.2
v -0.9 2.4 0.2
v -0.9 2.4 0.1
v -1 2.5 0.2
v 1 2.5 0
v 1 2.5 0.1
v 0.9 2.5 0.1
v 0.9 2.5 0
v 0.9 2.4 0
v 0.9 2.4 0.1
v 0.8 2.4 0
v 0.8 2.1 0
v 0.8 2.1 0.1
v 0.6 2.1 0.1
v 0.6 2.1 0
v 0.6 1.9 0
v 0.6 1.9 0.1
v 0.5 1.9 0
v 0.4 0 0
v 0.4 0 0.1
v 0.3 0 0.1
v 0.3 0 0
v 0.3 1.7 0
v 0.3 1.7 0.1
v 0.2 1.7 0
v -0.2 1.9 0
v -0.3 1.9 0.2
v -0.3 1.9 0
v -0.3 1.8 0
v -0.3 1.8 0.1
v -0.4 1.8 0.1
v -0.4 1.8 0
v -0.4 2 0
v -0.4 2 0.2
v -0.5 2 0.2
v -0.5 2 0
v -0.6 2.1 0
v -0.6 2.1 0.3
v -0.7 2.1 0
v -0.7 2.1 0.1
v -0.8 2.1 0.1
v -0.8 2.1 0
v -0.8 2.3 0.1
v -0.9 2.3 0.1
v -0.9 2.4 0
v -1 2.4 0.1
v -1 2.4 0
v -0.9 2.8 0.1
v -1 2.8 0.1
v 1 2.6 -0.1
v 0.9 2.6 -0.1
v 1 2.8 -0.1
v 0.9 2.8 -0.1
v 0.9 3 0
v 0.8 3 0
v 0.9 2.2 -0.1
v 0.9 2.2 0
v 0.7 2.2 0
v 0.7 2.2 -0.1
v 0.7 2.1 -0.1
v 0.7 2.1 0
v 0.6 2.1 -0.1
v 0.6 2 -0.1
v 0.6 2 0
v 0.5 2 0
v 0.5 2 -0.1
v 0.4 2 0.1
v 0.4 2 -0.1
v 0.6 0 -0.1
v 0.6 0 0
v 0.3 0 -0.1
v 0.4 1.9 -0.1
v 0.4 1.9 0.2
v 0.3 1.9 -0.1
v 0.3 1.8 -0.1
v 0.3 1.8 0
v 0.2 1.8 0
v 0.2 1.8 -0.1
v -0.2 1.8 -0.1
v -0.2 1.8 0
v -0.3 1.8 -0.1
v -0.3 0 -0.1
v -0.4 0 0.1
v -0.4 0 -0.1
v -0.4 1.9 -0.1
v -0.4 1.9 0
v -0.5 1.9 0
v -0.5 1.9 -0.1
v -0.5 2 -0.1
v -0.6 2 -0.1
v -0.6 2 0
v -0.7 2 0
v -0.7 2 -0.1
v -0.8 2.2 -0.1
v -0.8 2.2 0
v -0.9 2.2 0
v -0.9 2.2 -0.1
v 0.9 2.3 -0.2
v 0.9 2.3 -0.1
v 0.8 2.3 -0.1
v 0.8 2.3 -0.2
v 0.8 2.1 -0.2
v 0.8 2.1 -0.1
v 0.7 2.1 -0.2
v 0.7 2 -0.2
v 0.7 2 -0.1
v 0.6 2 -0.2
v 0.6 1.9 -0.2
v 0.6 1.9 -0.1
v 0.5 1.9 -0.1
v 0.5 1.9 -0.2
v 0.4 0 -0.2
v 0.4 0 -0.1
v 0.3 0 -0.2
v 0.3 0 0.3
v 0.2 0 -0.2
v 0.3 1.5 -0.2
v 0.3 1.5 -0.1
v 0.2 1.5 -0.1
v 0.2 1.5 -0.2
v 0.1 0 -0.2
v 0.2 1.4 -0.2
v 0.2 1.4 -0.1
v 0.1 1.4 -0.1
v 0.1 1.4 -0.2
v 0.2 1.8 -0.2
v 0.1 1.8 -0.1
v 0.1 1.8 -0.2
v -0.1 1.7 -0.2
v -0.1 1.7 -0.1
v -0.2 1.7 -0.1
v -0.2 1.7 -0.2
v -0.2 0 -0.2
v -0.2 0 0.3
v -0.3 0 0.3
v -0.3 0 -0.2
v -0.5 1.9 -0.2
v -0.6 1.9 -0.1
v -0.6 1.9 -0.2
v -0.6 2.1 -0.2
v -0.6 2.1 -0.1
v -0.7 2.1 -0.1
v -0.7 2.1 -0.2
v -0.8 2.4 0
v -0.8 3 -0.2
v -0.9 3 -0.2
v -0.9 2.4 -0.1
v -1 2.4 -0.1
v -1 2.4 -0.2
v 0.9 2.6 -0.3
v 0.9 2.6 -0.2
v 0.8 2.6 -0.2
v 0.8 2.6 -0.3
v 0.9 2.8 -0.2
v 0.8 2.8 -0.2
v 0.5 0 -0.3
v 0.5 0 -0.2
v 0.4 0 -0.3
v 0.5 1.8 -0.3
v 0.5 1.8 -0.1
v 0.3 1.8 -0.3
v 0.3 1.9 -0.3
v 0.2 1.9 -0.1
v 0.2 1.9 -0.3
v 0.2 0 -0.3
v 0.1 0 -0.3
v 0.2 1.5 -0.3
v 0.1 1.5 -0.2
v 0.1 1.5 -0.3
v 0.2 1.9 -0.2
v 0 1.9 -0.2
v 0 1.9 -0.3
v 0 0 -0.3
v 0 0 0.4
v -0.1 0 0.4
v -0.1 0 -0.3
v 0 1.8 -0.3
v 0 1.8 -0.2
v -0.1 1.8 -0.2
v -0.1 1.8 -0.3
v -0.1 0 0.3
v -0.2 0 -0.3
v -0.1 1.9 -0.3
v -0.1 1.9 -0.2
v -0.2 1.9 -0.2
v -0.2 1.9 -0.3
v -0.2 1.9 -0.1
v -0.3 1.9 -0.1
v -0.3 1.9 -0.3
v -0.3 0 -0.3
v -0.5 0 -0.2
v -0.5 0 -0.3
v -0.4 2 -0.3
v -0.4 2 -0.1
v -0.5 2 -0.3
v -0.6 2.1 -0.3
v -0.7 2.1 -0.3
v -0.7 2.2 -0.3
v -0.7 2.2 0
v -0.8 2.2 -0.3
v -0.8 2.2 -0.2
v -0.9 2.2 -0.2
v -0.9 2.2 -0.3
v -0.8 2.6 -0.2
v 0.9 2.7 -0.4
v 0.8 2.7 -0.4
v 0.7 1.9 -0.4
v 0.7 1.9 -0.2
v 0.6 1.9 -0.4
v 0.4 1.6 -0.4
v 0.4 1.6 -0.2
v 0.2 1.6 -0.2
v 0.2 1.6 -0.4
v 0.3 1.8 -0.4
v 0.2 1.8 -0.3
v 0.2 1.8 -0.4
v 0.2 1.9 -0.4
v 0.1 1.9 -0.3
v 0.1 1.9 -0.4
v -0.1 1.9 -0.4
v -0.1 1.8 -0.4
v -0.2 1.8 -0.3
v -0.2 1.8 -0.4
v -0.2 1.9 -0.4
v -0.3 1.9 -0.4
v -0.4 1.9 -0.4
v -0.4 0 -0.4
v -0.4 0 -0.3
v -0.5 0 -0.4
v -0.4 1.9 -0.3
v -0.5 1.9 -0.3
v -0.5 1.9 -0.4
v -0.5 2 -0.4
v -0.5 2 -0.2
v -0.6 2 -0.2
v -0.6 2 -0.4
v -0.6 2 -0.3
v -0.7 2 -0.3
v -0.7 2 -0.4
v -0.7 2.1 -0.4
v -0.8 2.1 -0.3
v -0.8 2.1 -0.4
v -0.8 2.5 -0.3
v -0.9 2.5 -0.3
v -0.9 2.5 -0.4
v 0.9 2.1 -0.5
v 0.9 2.1 -0.2
v 0.8 2.1 -0.5
v 0.8 2.6 -0.5
v 0.8 2.6 -0.4
v 0.7 2.6 -0.4
v 0.7 2.6 -0.5
v 0.7 1.9 -0.5
v 0.6 1.9 -0.5
v 0.3 0 -0.5
v 0.3 0 -0.3
v 0.2 0 -0.5
v 0.3 1.8 -0.5
v 0.2 1.8 -0.5
v 0 0 -0.5
v -0.1 0 -0.5
v 0 1.9 -0.5
v 0 1.9 -0.4
v -0.2 1.9 -0.5
v -0.4 2 -0.5
v -0.4 2 -0.4
v -0.5 2 -0.5
v -0.5 1.9 -0.5
v -0.6 1.9 -0.4
v -0.6 1.9 -0.5
v -0.6 2.1 -0.5
v -0.6 2.1 -0.4
v -0.7 2.1 -0.5
v -0.7 2.2 -0.5
v -0.7 2.2 -0.4
v -0.8 2.2 -0.4
v -0.8 2.2 -0.5
v -0.7 2.4 -0.4
v -0.8 2.4 -0.4
v -0.8 2.4 -0.5
v -0.7 2.6 -0.5
v -0.7 2.6 -0.4
v -0.8 2.6 -0.5
v 0.8 2 -0.6
v 0.8 2 -0.2
v 0.7 2 -0.6
v 0.7 1.9 -0.6
v 0.6 1.9 -0.6
v 0.7 3 -0.6
v 0.7 3 -0.5
v 0.6 3 -0.5
v 0.6 1.8 -0.6
v 0.6 1.8 -0.2
v 0.5 1.8 -0.2
v 0.5 1.8 -0.6
v 0.5 1.7 -0.6
v 0.5 1.7 -0.3
v 0.4 1.7 -0.6
v 0.4 1.7 -0.4
v 0.3 1.7 -0.6
v 0.3 1.8 -0.6
v 0.2 1.8 -0.6
v 0.1 0 -0.6
v 0 0 -0.6
v 0 2 -0.6
v 0 2 -0.5
v -0.1 2 -0.5
v -0.1 2 -0.6
v -0.1 1.9 -0.6
v -0.1 1.9 -0.5
v -0.2 1.9 -0.6
v -0.2 2 -0.6
v -0.2 2 -0.4
v -0.4 2 -0.6
v -0.5 2 -0.6
v -0.6 2 -0.5
v -0.6 2 -0.6
v -0.6 2.3 -0.6
v -0.6 2.3 -0.5
v -0.7 2.3 -0.6
v -0.6 2.7 -0.6
v -0.6 2.7 -0.5
v -0.7 2.7 -0.5
v -0.7 2.7 -0.6
v -0.6 3 -0.5
v -0.7 3 -0.5
v -0.7 3 -0.6
v 0.8 2.1 -0.7
v 0.8 2.1 -0.6
v 0.7 2.1 -0.6
v 0.6 1.9 -0.7
v 0.5 1.9 -0.6
v 0.5 1.9 -0.7
v 0.6 2.8 -0.7
v 0.5 2.8 -0.6
v 0.6 3.1 -0.7
v 0.6 3.1 -0.6
v 0.5 3.1 -0.6
v 0.5 3.1 -0.7
v 0.5 1.8 -0.7
v 0.4 1.8 -0.6
v 0.4 1.8 -0.7
v 0.3 1.8 -0.7
v 0.3 1.9 -0.7
v 0.3 1.9 -0.6
v 0.2 1.9 -0.6
v 0.2 1.9 -0.7
v 0.1 1.9 -0.7
v 0.1 2 -0.7
v 0.1 2 -0.4
v 0 2 -0.4
v 0 2 -0.7
v -0.1 2 -0.7
v -0.2 2 -0.7
v -0.2 2.1 -0.7
v -0.2 2.1 -0.6
v -0.3 2.1 -0.6
v -0.3 2.1 -0.7
v -0.3 2 -0.7
v -0.3 2 -0.6
v -0.4 2 -0.7
v -0.5 2.3 -0.6
v -0.6 2.3 -0.7
v -0.5 2.8 -0.6
v -0.6 2.8 -0.7
v 0.7 2 -0.8
v 0.6 2 -0.6
v 0.6 2 -0.8
v 0.7 2.2 -0.8
v 0.6 2.2 -0.7
v 0.6 2.2 -0.8
v 0.6 2 -0.7
v 0.5 2 -0.7
v 0.5 2 -0.8
v 0.5 2.6 -0.8
v 0.4 2.6 -0.7
v 0.5 2.9 -0.8
v 0.5 2.9 -0.7
v 0.4 2.9 -0.7
v 0.4 2.9 -0.8
v 0.5 1.9 -0.8
v 0.3 1.9 -0.8
v 0.3 2 -0.8
v 0.3 2 -0.7
v 0.1 2 -0.8
v 0.1 2.2 -0.8
v 0.1 2.2 -0.7
v 0 2.2 -0.7
v 0 2.2 -0.8
v 0 2.1 -0.8
v 0 2.1 -0.6
v -0.1 2.1 -0.6
v -0.1 2.1 -0.8
v -0.1 2.2 -0.8
v -0.1 2.2 -0.7
v -0.4 2.2 -0.7
v -0.4 2.2 -0.8
v -0.4 2.1 -0.8
v -0.4 2.1 -0.6
v -0.5 2.1 -0.6
v -0.5 2.1 -0.8
v -0.4 2.5 -0.8
v -0.4 2.5 -0.7
v -0.5 2.5 -0.8
v -0.4 3 -0.8
v -0.4 3 -0.7
v -0.5 3 -0.8
v 0.6 2.3 -0.9
v 0.5 2.3 -0.8
v 0.5 2.3 -0.9
v 0.5 2 -0.9
v 0.4 2 -0.8
v 0.4 2 -0.9
v 0.3 2 -0.9
v 0.3 2.1 -0.9
v 0.3 2.1 -0.8
v 0.2 2.1 -0.8
v 0.2 2.1 -0.9
v 0.2 2.6 -0.8
v 0.2 2.6 -0.9
v 0.3 3 -0.9
v 0.3 3 -0.8
v 0.1 2.2 -0.9
v 0 2.2 -0.9
v 0 2.4 -0.8
v 0 2.4 -0.9
v -0.1 2.3 -0.8
v -0.1 2.3 -0.9
v -0.1 2.4 -0.9
v -0.1 2.4 -0.8
v -0.2 2.4 -0.8
v -0.2 2.4 -0.9
v -0.2 2.3 -0.9
v -0.2 2.3 -0.8
v -0.3 2.3 -0.8
v -0.3 2.3 -0.9
v -0.3 3 -0.8
v -0.3 3 -0.9
v -0.4 2.5 -0.9
v 0.5 2.4 -1
v 0.4 2.1 -1
v 0.4 2.1 -0.9
v 0.3 2.1 -1
v 0.1 2.5 -1
v 0.1 2.5 -0.9
v 0 2.4 -1
v -0.1 2.4 -1
v -0.1 2.6 -0.9
v -0.1 2.6 -1
v -0.1 0.5 -0.1
v -0.1 0.5 -0.2
v -0.2 0.6 0
v -0.2 0.6 -0.1
v -0.2 0.2 0
v -0.2 0.7 0
v -0.2 0.7 -0.1
v -0.1 0.9 -0.1
v -0.1 0.9 -0.2
v -0.2 1 0.1
v -0.2 1 0
v -0.1 1 -0.1
v -0.1 1 -0.2
v -0.2 1.3 0
v -0.2 1.3 -0.1
v -0.1 1.3 -0.1
v -0.1 1.3 -0.2
v -0.2 1.4 0.1
v -0.2 1.4 0
v -0.1 1.4 -0.1
v -0.1 1.4 -0.2
v -0.1 1.7 0.1
v -0.2 1.7 0
v 0.1 1.7 -0.2
v 0.2 1.6 -0.3
v -0.2 1.8 -0.2
v -0.2 1.9 0.1
v 0.2 1.9 -0.5
v -0.3 1.9 0.4
v -0.4 2 0.1
v 0.2 2 0.6
v -0.3 2.1 0.7
v -0.3 2 0.6
v -0.6 2 0.5
v 0 2.1 -0.7
v -0.4 2.1 -0.7
v 0.3 2.1 0.7
v 0 2.1 0.7
v -0.4 2.2 0.8
v -0.4 2.2 0.7
v -0.4 2.1 0.7
v -0.6 2.2 0.6
v -0.6 2.2 0.5
v -0.7 2.2 -0.1
v -0.7 2.2 -0.2
v -0.1 2.1 -0.7
v -0.3 2.2 0.8
v -0.6 2.3 0.5
v -0.8 2.4 0.4
v -0.8 2.4 0.3
v -0.8 2.4 -0.1
v -0.5 2.5 0.6
v -0.8 2.5 0.4
v -0.9 2.5 -0.1
v -0.6 2.5 -0.5
v 0 2.6 1
v 0 2.6 0.9
v -0.8 2.6 0.2
v -0.9 2.6 0
v -0.6 2.6 -0.5
v -0.6 2.6 -0.6
v -0.2 2.7 1
v -0.2 2.7 0.8
v -0.9 2.7 0.4
v -0.9 2.7 0.3
v -1 2.7 -0.1
v -0.8 2.7 -0.3
v -0.8 2.7 -0.4
v -0.1 2.7 -0.9
v -0.1 2.7 -1
v -0.2 2.7 0.9
v -0.9 2.8 0.4
v -0.9 2.8 0.3
v -0.8 2.9 -0.3
v -0.8 2.9 -0.4
v -0.6 2.9 -0.6
v -0.6 2.9 -0.7
v 0 2.9 0.9
v -0.8 3 0.4
v -0.8 3.1 -0.3
v 0.3 3.2 0.7
v -0.2 3.1 0.8
v -0.7 3.1 0.1
v -0.7 3.1 -0.2
v 0.2 3.2 0.7
v -0.7 3.3 -0.1
v -0.6 3.3 -0.5
v 0.2 3.2 -0.7
v -0.1 3.2 -0.7
v 0.1 3.4 0.5
v -0.2 3.3 0.6
v -0.5 3.3 -0.2
v -0.4 3.3 -0.6
v -0.4 3.4 0.5
v -0.3 3.4 0.3
v -0.3 3.4 0
v -0.3 3.4 -0.1
v 0.1 0.4 0.2
v 0.1 0.4 0.1
v 0.2 0.4 0.1
v 0.2 0.4 -0.1
v 0.2 0.6 0
v 0.2 0.4 0
v 0.2 0.6 -0.1
v 0.1 0.6 -0.1
v 0.1 0.6 -0.2
v 0.2 0.7 0.1
v 0.2 0.7 0
v 0.1 0.7 -0.1
v 0.1 0.7 -0.2
v 0.2 0.9 0.1
v 0.2 0.9 0
v 0.2 0.9 -0.1
v 0.2 1.2 0.1
v 0.2 1.2 0
v 0.1 1.2 -0.1
v 0.1 1.2 -0.2
v 0.1 1.3 0.2
v 0.1 1.3 0.1
v 0.1 1.3 -0.1
v 0.1 1.3 -0.2
v 0.2 1.5 0
v 0.3 1.9 0.1
v 0.3 1.9 0
v 0.7 2 -0.4
v 0.7 2 -0.5
v 0.7 2.1 0.2
v 0.7 2.1 0.1
v 0.5 2.1 -0.8
v 0.5 2.1 -0.9
v 0.7 2.2 0.6
v 0.9 2.2 -0.3
v 0.9 2.1 -0.3
v 0.9 2.2 -0.5
v 0.5 2.2 -0.8
v 0.5 2.2 -0.9
v 0.8 2.3 0.4
v 0.8 2.3 0.3
v 0.8 2.3 0.1
v 0.8 2.3 0
v 0.9 2.3 -0.3
v 0.9 2.2 -0.4
v 0.9 2.3 -0.4
v 0.6 2.4 0.7
v 0.6 2.4 0.5
v 0.9 2.4 -0.1
v 0.9 2.4 -0.2
v 0.9 2.4 -0.4
v 0.6 2.4 0.6
v 0.8 2.4 -0.4
v 0.6 2.5 -0.6
v 0.6 2.5 -0.7
v 0.1 2.6 1
v 0.1 2.6 0.9
v 0.7 2.6 -0.6
v -0.1 2.7 1
v -0.1 2.7 0.9
v 0.7 2.7 -0.5
v 0.7 2.7 -0.6
v 0 2.7 -0.9
v 0 2.7 -1
v 0.4 2.8 0.7
v 0.8 2.8 0.4
v 0.8 2.8 0.3
v 0.7 2.9 0.6
v 0.6 2.9 -0.5
v 0.6 2.9 -0.6
v 0.7 3 0.6
v 0.7 3 0.4
v 0.8 2.9 0
v 0.8 3 -0.3
v 0.7 3 0.5
v 0.8 3.1 -0.3
v 0.7 3.1 -0.5
v 0.7 3.1 -0.6
v 0.7 3.1 0.3
v 0.7 3.2 -0.1
v 0.7 3.1 -0.3
v 0.6 3.3 -0.4
v 0.5 3.4 0.2
v 0.3 3.5 -0.1
v 0.8 2.2 -0.1
v 0.7 2.1 0.3
v 0.8 2.2 0.3
v 0.8 2.2 0
v 0.7 2.1 0.4
v 0.6 2.7 -0.6
v 0.7 3.2 0.2
v 0.6 2 0.3
v 0.5 2.7 -0.6
v 0.6 2.9 -0.7
v 0.4 1.9 -0.7
v 0.4 2.2 -0.9
v 0.3 2.9 -0.8
v 0.3 3.1 -0.7
v 0.3 1.6 -0.2
v 0.2 2.7 -0.9
v 0.3 2.7 -0.9
v 0.2 2.9 -0.8
v 0.2 3.5 -0.1
v 0.1 0.9 -0.1
v 0.1 1.9 -0.2
v 0.1 2.1 -0.8
v 0.1 2.4 -0.8
v 0.2 2.5 -0.9
v 0.1 2.7 -0.9
v 0.1 2.8 -0.9
v 0.2 2.9 -0.9
v 0 0.2 -0.2
v 0 0.6 -0.2
v 0 0.7 -0.2
v 0 0.9 -0.2
v 0 1.2 -0.2
v 0.1 0.9 -0.2
v 0 1.3 -0.2
v 0 1.4 -0.2
v 0 0.5 -0.2
v -0.1 0.7 -0.2
v 0 1 -0.2
v -0.1 1.5 -0.2
v -0.1 0.6 -0.1
v -0.1 0.7 -0.1
v -0.2 2.2 -0.7
v -0.2 2.6 -0.9
v -0.2 2.8 -0.9
v -0.2 2.9 -0.9
v -0.3 2 -0.4
v -0.3 2.4 -0.9
v -0.3 2.6 -0.8
v -0.2 2.6 -0.8
v -0.3 2.9 -0.8
v -0.2 2.9 -0.8
v -0.5 2.2 -0.8
v -0.5 2.4 -0.7
v -0.4 2.4 -0.7
v -0.5 2.9 -0.7
v -0.4 2.9 -0.7
v -0.6 2.4 -0.7
v -0.5 2.6 -0.6
v -0.5 3.1 -0.6
v -0.6 2.2 -0.5
v -0.7 3.2 0.3
v -0.6 3.3 0.3
v -0.7 2.9 -0.4
v -0.8 2.2 0.3
v -0.8 2.7 0.3
v -0.8 2.8 0.3
v 1 2.5 0.2
v 0.7 2.5 0.4
v 0.7 2.6 0.4
v 0.8 2.8 0.5
v 0.6 2.2 0.6
v 0.6 2.7 0.5
v 0.6 2.9 0.6
v 0.6 3 0.6
v 0.5 2.2 0.6
v 0.5 2.9 0.6
v 0.5 3 0.6
v 0.5 3.2 0.6
v 0.4 3.3 0.5
v 0.5 3 0.8
v 0.3 3.3 0.5
v 0.2 2.2 0.7
v 0.1 0.7 0.1
v 0.1 0.9 0.1
v 0.1 1.2 0.1
v 0 0.4 0.2
v 0 1.3 0.2
v 0.1 2.8 0.9
v -0.1 0.4 0.2
v -0.1 1.3 0.2
v -0.1 2.2 0.7
v -0.1 3 0.8
v -0.1 1 0.1
v -0.1 1.4 0.1
v -0.2 2.5 0.9
v -0.3 2.5 0.9
v -0.2 2.8 0.8
v -0.3 2.5 0.8
v -0.5 2.4 0.8
v -0.4 2.6 0.7
v -0.4 2.7 0.7
v -0.5 2.7 0.7
v -0.4 3 0.7
v -0.6 2.7 0.7
v -0.6 2.4 0.5
v -0.7 2.4 0.5
v -0.6 2.6 0.5
v -0.8 2.4 0.5
v -0.7 2.9 0.4
v -0.7 3 0.4

vt 0.00585938 0.5
vt 0.0449219 0.5
vt 0.0839844 0.5
vt 0.0996094 0.5

vn 0 1 0
vn 0 -1 0
vn -1 0 0
vn 1 0 0
vn 0 0 -1
vn 0 0 1

usemtl palette
f 1/4/1 2/4/1 4/4/1
f 4/4/1 2/4/1 3/4/1
f 5/2/1 6/2/1 8/2/1
f 8/2/1 6/2/1 7/2/1
f 9/2/1 10/2/1 12/2/1
f 12/2/1 10/2/1 11/2/1
f 13/2/1 14/2/1 16/2/1
f 16/2/1 14/2/1 15/2/1
f 17/2/1 18/2/1 20/2/1
f 20/2/1 18/2/1 19/2/1
f 21/4/1 22/4/1 24/4/1
f 24/4/1 22/4/1 23/4/1
f 25/4/1 26/4/1 28/4/1
f 28/4/1 26/4/1 27/4/1
f 29/4/1 30/4/1 32/4/1
f 32/4/1 30/4/1 31/4/1
f 33/4/1 34/4/1 35/4/1
f 35/4/1 34/4/1 1/4/1
f 36/2/1 37/2/1 39/2/1
f 39/2/1 37/2/1 38/2/1
f 40/4/1 41/4/1 43/4/1
f 43/4/1 41/4/1 42/4/1
f 44/4/1 45/4/1 47/4/1
f 47/4/1 45/4/1 46/4/1
f 45/4/1 48/4/1 50/4/1
f 50/4/1 48/4/1 49/4/1
f 51/4/1 52/4/1 54/4/1
f 54/4/1 52/4/1 53/4/1
f 55/4/1 56/4/1 58/4/1
f 58/4/1 56/4/1 57/4/1
f 59/4/1 60/4/1 62/4/1
f 62/4/1 60/4/1 61/4/1
f 63/2/1 64/2/1 66/2/1
f 66/2/1 64/2/1 65/2/1
f 67/4/1 68/4/1 70/4/1
f 70/4/1 68/4/1 69/4/1
f 71/2/1 72/2/1 74/2/1
f 74/2/1 72/2/1 73/2/1
f 75/4/1 76/4/1 78/4/1
f 78/4/1 76/4/1 77/4/1
f 79/4/1 80/4/1 36/4/1
f 36/4/1 80/4/1 37/4/1
f 81/4/1 82/4/1 84/4/1
f 84/4/1 82/4/1 83/4/1
f 82/2/1 85/2/1 83/2/1
f 83/2/1 85/2/1 86/2/1
f 87/4/1 88/4/1 90/4/1
f 90/4/1 88/4/1 89/4/1
f 91/4/1 92/4/1 94/4/1
f 94/4/1 92/4/1 93/4/1
f 92/4/1 95/4/1 97/4/1
f 97/4/1 95/4/1 96/4/1
f 98/4/1 99/4/1 101/4/1
f 101/4/1 99/4/1 100/4/1
f 102/4/1 103/4/1 105/4/1
f 105/4/1 103/4/1 104/4/1
f 106/2/1 107/2/1 109/2/1
f 109/2/1 107/2/1 108/2/1
f 110/4/1 111/4/1 113/4/1
f 113/4/1 111/4/1 112/4/1
f 114/4/1 115/4/1 117/4/1
f 117/4/1 115/4/1 116/4/1
f 115/4/1 118/4/1 120/4/1
f 120/4/1 118/4/1 119/4/1
f 121/2/1 122/2/1 124/2/1
f 124/2/1 122/2/1 123/2/1
f 125/4/1 126/4/1 128/4/1
f 128/4/1 126/4/1 127/4/1
f 126/4/1 129/4/1 130/4/1
f 130/4/1 129/4/1 87/4/1
f 129/2/1 131/2/1 87/2/1
f 87/2/1 131/2/1 88/2/1
f 132/4/1 133/4/1 135/4/1
f 135/4/1 133/4/1 134/4/1
f 136/4/1 137/4/1 139/4/1
f 139/4/1 137/4/1 138/4/1
f 140/4/1 141/4/1 143/4/1
f 143/4/1 141/4/1 142/4/1
f 144/4/1 145/4/1 147/4/1
f 147/4/1 145/4/1 146/4/1
f 148/4/1 149/4/1 151/4/1
f 151/4/1 149/4/1 150/4/1
f 152/4/1 153/4/1 155/4/1
f 155/4/1 153/4/1 154/4/1
f 156/4/1 157/4/1 159/4/1
f 159/4/1 157/4/1 158/4/1
f 160/4/1 161/4/1 163/4/1
f 163/4/1 161/4/1 162/4/1
f 164/2/1 165/2/1 167/2/1
f 167/2/1 165/2/1 166/2/1
f 168/4/1 169/4/1 171/4/1
f 171/4/1 169/4/1 170/4/1
f 169/2/1 172/2/1 170/2/1
f 170/2/1 172/2/1 173/2/1
f 172/4/1 174/4/1 173/4/1
f 173/4/1 174/4/1 122/4/1
f 175/4/1 176/4/1 178/4/1
f 178/4/1 176/4/1 177/4/1
f 179/4/1 180/4/1 182/4/1
f 182/4/1 180/4/1 181/4/1
f 180/4/1 183/4/1 184/4/1
f 184/4/1 183/4/1 136/4/1
f 185/4/1 186/4/1 137/4/1
f 137/4/1 186/4/1 187/4/1
f 188/2/1 189/2/1 191/2/1
f 191/2/1 189/2/1 190/2/1
f 192/4/1 193/4/1 195/4/1
f 195/4/1 193/4/1 194/4/1
f 196/4/1 197/4/1 199/4/1
f 199/4/1 197/4/1 198/4/1
f 200/4/1 201/4/1 203/4/1
f 203/4/1 201/4/1 202/4/1
f 204/4/1 205/4/1 207/4/1
f 207/4/1 205/4/1 206/4/1
f 208/4/1 209/4/1 211/4/1
f 211/4/1 209/4/1 210/4/1
f 209/2/1 212/2/1 210/2/1
f 210/2/1 212/2/1 213/2/1
f 214/4/1 215/4/1 217/4/1
f 217/4/1 215/4/1 216/4/1
f 218/4/1 219/4/1 221/4/1
f 221/4/1 219/4/1 220/4/1
f 222/4/1 223/4/1 225/4/1
f 225/4/1 223/4/1 224/4/1
f 223/4/1 226/4/1 228/4/1
f 228/4/1 226/4/1 227/4/1
f 229/4/1 230/4/1 232/4/1
f 232/4/1 230/4/1 231/4/1
f 233/4/1 234/4/1 236/4/1
f 236/4/1 234/4/1 235/4/1
f 237/2/1 238/2/1 185/2/1
f 185/2/1 238/2/1 186/2/1
f 239/4/1 240/4/1 242/4/1
f 242/4/1 240/4/1 241/4/1
f 243/4/1 244/4/1 246/4/1
f 246/4/1 244/4/1 245/4/1
f 247/4/1 248/4/1 250/4/1
f 250/4/1 248/4/1 249/4/1
f 251/4/1 252/4/1 254/4/1
f 254/4/1 252/4/1 253/4/1
f 255/4/1 256/4/1 258/4/1
f 258/4/1 256/4/1 257/4/1
f 259/2/1 260/2/1 204/2/1
f 204/2/1 260/2/1 205/2/1
f 261/4/1 262/4/1 263/4/1
f 263/4/1 262/4/1 212/4/1
f 262/4/1 264/4/1 213/4/1
f 213/4/1 264/4/1 265/4/1
f 266/1/1 267/1/1 269/1/1
f 269/1/1 267/1/1 268/1/1
f 270/2/1 271/2/1 272/2/1
f 272/2/1 271/2/1 218/2/1
f 267/3/1 273/3/1 275/3/1
f 275/3/1 273/3/1 274/3/1
f 276/4/1 277/4/1 215/4/1
f 215/4/1 277/4/1 278/4/1
f 273/1/1 279/1/1 281/1/1
f 281/1/1 279/1/1 280/1/1
f 277/4/1 282/4/1 284/4/1
f 284/4/1 282/4/1 283/4/1
f 285/2/1 286/2/1 287/2/1
f 287/2/1 286/2/1 229/2/1
f 288/2/1 289/2/1 233/2/1
f 233/2/1 289/2/1 234/2/1
f 290/4/1 291/4/1 237/4/1
f 237/4/1 291/4/1 292/4/1
f 293/2/1 294/2/1 296/2/1
f 296/2/1 294/2/1 295/2/1
f 297/4/1 298/4/1 300/4/1
f 300/4/1 298/4/1 299/4/1
f 301/4/1 302/4/1 304/4/1
f 304/4/1 302/4/1 303/4/1
f 305/4/1 306/4/1 308/4/1
f 308/4/1 306/4/1 307/4/1
f 309/2/1 310/2/1 312/2/1
f 312/2/1 310/2/1 311/2/1
f 313/4/1 314/4/1 316/4/1
f 316/4/1 314/4/1 315/4/1
f 317/4/1 318/4/1 320/4/1
f 320/4/1 318/4/1 319/4/1
f 318/4/1 321/4/1 323/4/1
f 323/4/1 321/4/1 322/4/1
f 324/4/1 325/4/1 327/4/1
f 327/4/1 325/4/1 326/4/1
f 325/4/1 328/4/1 330/4/1
f 330/4/1 328/4/1 329/4/1
f 331/4/1 332/4/1 334/4/1
f 334/4/1 332/4/1 333/4/1
f 335/4/1 336/4/1 337/4/1
f 337/4/1 336/4/1 262/4/1
f 338/3/1 339/3/1 266/3/1
f 266/3/1 339/3/1 267/3/1
f 340/4/1 341/4/1 270/4/1
f 270/4/1 341/4/1 271/4/1
f 342/4/1 343/4/1 345/4/1
f 345/4/1 343/4/1 344/4/1
f 346/1/1 347/1/1 349/1/1
f 349/1/1 347/1/1 348/1/1
f 350/4/1 351/4/1 353/4/1
f 353/4/1 351/4/1 352/4/1
f 354/1/1 355/1/1 279/1/1
f 279/1/1 355/1/1 356/1/1
f 357/4/1 358/4/1 226/4/1
f 226/4/1 358/4/1 233/4/1
f 359/3/1 360/3/1 362/3/1
f 362/3/1 360/3/1 361/3/1
f 363/4/1 364/4/1 289/4/1
f 289/4/1 364/4/1 365/4/1
f 366/4/1 367/4/1 369/4/1
f 369/4/1 367/4/1 368/4/1
f 370/4/1 371/4/1 373/4/1
f 373/4/1 371/4/1 372/4/1
f 374/4/1 375/4/1 377/4/1
f 377/4/1 375/4/1 376/4/1
f 378/4/1 379/4/1 381/4/1
f 381/4/1 379/4/1 380/4/1
f 382/4/1 383/4/1 385/4/1
f 385/4/1 383/4/1 384/4/1
f 386/4/1 387/4/1 389/4/1
f 389/4/1 387/4/1 388/4/1
f 390/4/1 391/4/1 392/4/1
f 392/4/1 391/4/1 335/4/1
f 393/4/1 394/4/1 332/4/1
f 332/4/1 394/4/1 395/4/1
f 396/1/1 397/1/1 398/1/1
f 398/1/1 397/1/1 266/1/1
f 399/3/1 400/3/1 401/3/1
f 401/3/1 400/3/1 346/3/1
f 402/4/1 403/4/1 404/4/1
f 404/4/1 403/4/1 342/4/1
f 405/4/1 406/4/1 341/4/1
f 341/4/1 406/4/1 350/4/1
f 406/2/1 407/2/1 350/2/1
f 350/2/1 407/2/1 351/2/1
f 408/3/1 409/3/1 347/3/1
f 347/3/1 409/3/1 410/3/1
f 407/4/1 411/4/1 412/4/1
f 412/4/1 411/4/1 287/4/1
f 413/1/1 414/1/1 415/1/1
f 415/1/1 414/1/1 355/1/1
f 416/4/1 417/4/1 419/4/1
f 419/4/1 417/4/1 418/4/1
f 414/3/1 420/3/1 355/3/1
f 355/3/1 420/3/1 359/3/1
f 421/4/1 422/4/1 288/4/1
f 288/4/1 422/4/1 289/4/1
f 423/4/1 424/4/1 426/4/1
f 426/4/1 424/4/1 425/4/1
f 427/2/1 428/2/1 366/2/1
f 366/2/1 428/2/1 429/2/1
f 430/4/1 431/4/1 433/4/1
f 433/4/1 431/4/1 432/4/1
f 434/4/1 435/4/1 437/4/1
f 437/4/1 435/4/1 436/4/1
f 438/4/1 439/4/1 441/4/1
f 441/4/1 439/4/1 440/4/1
f 442/4/1 443/4/1 444/4/1
f 444/4/1 443/4/1 387/4/1
f 445/1/1 446/1/1 447/1/1
f 447/1/1 446/1/1 396/1/1
f 448/4/1 449/4/1 450/4/1
f 450/4/1 449/4/1 270/4/1
f 449/4/1 451/4/1 452/4/1
f 452/4/1 451/4/1 405/4/1
f 453/4/1 454/4/1 403/4/1
f 403/4/1 454/4/1 455/4/1
f 456/4/1 457/4/1 285/4/1
f 285/4/1 457/4/1 286/4/1
f 458/4/1 459/4/1 417/4/1
f 417/4/1 459/4/1 460/4/1
f 461/4/1 462/4/1 422/4/1
f 422/4/1 462/4/1 463/4/1
f 464/4/1 465/4/1 427/4/1
f 427/4/1 465/4/1 428/4/1
f 466/4/1 467/4/1 469/4/1
f 469/4/1 467/4/1 468/4/1
f 470/4/1 471/4/1 473/4/1
f 473/4/1 471/4/1 472/4/1
f 474/4/1 475/4/1 477/4/1
f 477/4/1 475/4/1 476/4/1
f 478/4/1 479/4/1 481/4/1
f 481/4/1 479/4/1 480/4/1
f 471/4/1 482/4/1 484/4/1
f 484/4/1 482/4/1 483/4/1
f 485/4/1 486/4/1 488/4/1
f 488/4/1 486/4/1 487/4/1
f 489/4/1 490/4/1 492/4/1
f 492/4/1 490/4/1 491/4/1
f 490/4/1 493/4/1 495/4/1
f 495/4/1 493/4/1 494/4/1
f 496/2/1 497/2/1 499/2/1
f 499/2/1 497/2/1 498/2/1
f 497/4/1 500/4/1 502/4/1
f 502/4/1 500/4/1 501/4/1
f 503/2/1 504/2/1 506/2/1
f 506/2/1 504/2/1 505/2/1
f 504/4/1 507/4/1 509/4/1
f 509/4/1 507/4/1 508/4/1
f 510/3/1 511/3/1 512/3/1
f 512/3/1 511/3/1 446/3/1
f 513/4/1 514/4/1 391/4/1
f 391/4/1 514/4/1 515/4/1
f 516/1/1 517/1/1 518/1/1
f 518/1/1 517/1/1 399/1/1
f 519/2/1 520/2/1 522/2/1
f 522/2/1 520/2/1 521/2/1
f 520/4/1 523/4/1 521/4/1
f 521/4/1 523/4/1 453/4/1
f 523/2/1 524/2/1 453/2/1
f 453/2/1 524/2/1 525/2/1
f 526/4/1 527/4/1 528/4/1
f 528/4/1 527/4/1 456/4/1
f 529/1/1 530/1/1 409/1/1
f 409/1/1 530/1/1 531/1/1
f 527/2/1 532/2/1 456/2/1
f 456/2/1 532/2/1 457/2/1
f 533/1/1 534/1/1 414/1/1
f 414/1/1 534/1/1 535/1/1
f 536/4/1 537/4/1 538/4/1
f 538/4/1 537/4/1 461/4/1
f 537/2/1 539/2/1 461/2/1
f 461/2/1 539/2/1 462/2/1
f 540/4/1 541/4/1 465/4/1
f 465/4/1 541/4/1 542/4/1
f 543/2/1 544/2/1 546/2/1
f 546/2/1 544/2/1 545/2/1
f 547/4/1 548/4/1 550/4/1
f 550/4/1 548/4/1 549/4/1
f 551/4/1 552/4/1 554/4/1
f 554/4/1 552/4/1 553/4/1
f 555/4/1 556/4/1 558/4/1
f 558/4/1 556/4/1 557/4/1
f 559/4/1 560/4/1 562/4/1
f 562/4/1 560/4/1 561/4/1
f 563/4/1 564/4/1 566/4/1
f 566/4/1 564/4/1 565/4/1
f 564/4/1 567/4/1 568/4/1
f 568/4/1 567/4/1 391/4/1
f 569/1/1 570/1/1 572/1/1
f 572/1/1 570/1/1 571/1/1
f 573/1/1 574/1/1 517/1/1
f 517/1/1 574/1/1 575/1/1
f 576/4/1 577/4/1 579/4/1
f 579/4/1 577/4/1 578/4/1
f 580/4/1 581/4/1 523/4/1
f 523/4/1 581/4/1 524/4/1
f 582/1/1 583/1/1 584/1/1
f 584/1/1 583/1/1 529/1/1
f 585/4/1 586/4/1 588/4/1
f 588/4/1 586/4/1 587/4/1
f 589/1/1 590/1/1 591/1/1
f 591/1/1 590/1/1 533/1/1
f 592/2/1 593/2/1 536/2/1
f 536/2/1 593/2/1 537/2/1
f 594/4/1 595/4/1 597/4/1
f 597/4/1 595/4/1 596/4/1
f 598/4/1 599/4/1 601/4/1
f 601/4/1 599/4/1 600/4/1
f 602/2/1 603/2/1 605/2/1
f 605/2/1 603/2/1 604/2/1
f 606/4/1 607/4/1 609/4/1
f 609/4/1 607/4/1 608/4/1
f 610/4/1 611/4/1 613/4/1
f 613/4/1 611/4/1 612/4/1
f 614/4/1 615/4/1 617/4/1
f 617/4/1 615/4/1 616/4/1
f 618/4/1 619/4/1 621/4/1
f 621/4/1 619/4/1 620/4/1
f 622/2/1 623/2/1 624/2/1
f 624/2/1 623/2/1 560/2/1
f 625/4/1 626/4/1 628/4/1
f 628/4/1 626/4/1 627/4/1
f 629/1/1 630/1/1 631/1/1
f 631/1/1 630/1/1 569/1/1
f 632/4/1 633/4/1 634/4/1
f 634/4/1 633/4/1 576/4/1
f 635/1/1 636/1/1 638/1/1
f 638/1/1 636/1/1 637/1/1
f 639/2/1 640/2/1 642/2/1
f 642/2/1 640/2/1 641/2/1
f 643/3/1 644/3/1 570/3/1
f 570/3/1 644/3/1 645/3/1
f 646/1/1 647/1/1 649/1/1
f 649/1/1 647/1/1 648/1/1
f 650/4/1 651/4/1 652/4/1
f 652/4/1 651/4/1 580/4/1
f 653/1/1 654/1/1 574/1/1
f 574/1/1 654/1/1 582/1/1
f 655/4/1 656/4/1 525/4/1
f 525/4/1 656/4/1 657/4/1
f 658/1/1 659/1/1 660/1/1
f 660/1/1 659/1/1 589/1/1
f 661/4/1 662/4/1 527/4/1
f 527/4/1 662/4/1 532/4/1
f 663/4/1 664/4/1 665/4/1
f 665/4/1 664/4/1 421/4/1
f 666/1/1 667/1/1 590/1/1
f 590/1/1 667/1/1 668/1/1
f 669/4/1 670/4/1 672/4/1
f 672/4/1 670/4/1 671/4/1
f 673/4/1 674/4/1 676/4/1
f 676/4/1 674/4/1 675/4/1
f 677/4/1 678/4/1 680/4/1
f 680/4/1 678/4/1 679/4/1
f 681/2/1 682/2/1 684/2/1
f 684/2/1 682/2/1 683/2/1
f 685/4/1 686/4/1 688/4/1
f 688/4/1 686/4/1 687/4/1
f 689/4/1 690/4/1 622/4/1
f 622/4/1 690/4/1 623/4/1
f 691/2/1 692/2/1 694/2/1
f 694/2/1 692/2/1 693/2/1
f 695/1/1 696/1/1 697/1/1
f 697/1/1 696/1/1 649/1/1
f 698/4/1 699/4/1 701/4/1
f 701/4/1 699/4/1 700/4/1
f 702/4/1 703/4/1 640/4/1
f 640/4/1 703/4/1 704/4/1
f 703/4/1 705/4/1 577/4/1
f 577/4/1 705/4/1 706/4/1
f 707/4/1 708/4/1 710/4/1
f 710/4/1 708/4/1 709/4/1
f 711/1/1 712/1/1 713/1/1
f 713/1/1 712/1/1 667/1/1
f 714/4/1 715/4/1 717/4/1
f 717/4/1 715/4/1 716/4/1
f 718/4/1 719/4/1 721/4/1
f 721/4/1 719/4/1 720/4/1
f 722/4/1 723/4/1 724/4/1
f 724/4/1 723/4/1 605/4/1
f 725/4/1 726/4/1 728/4/1
f 728/4/1 726/4/1 727/4/1
f 729/4/1 730/4/1 732/4/1
f 732/4/1 730/4/1 731/4/1
f 733/4/1 734/4/1 736/4/1
f 736/4/1 734/4/1 735/4/1
f 737/4/1 738/4/1 740/4/1
f 740/4/1 738/4/1 739/4/1
f 741/4/1 742/4/1 744/4/1
f 744/4/1 742/4/1 743/4/1
f 745/4/1 746/4/1 693/4/1
f 693/4/1 746/4/1 747/4/1
f 746/4/1 748/4/1 567/4/1
f 567/4/1 748/4/1 749/4/1
f 750/3/1 751/3/1 752/3/1
f 752/3/1 751/3/1 643/3/1
f 753/4/1 754/4/1 755/4/1
f 755/4/1 754/4/1 702/4/1
f 756/4/1 757/4/1 699/4/1
f 699/4/1 757/4/1 758/4/1
f 759/3/1 760/3/1 761/3/1
f 761/3/1 760/3/1 658/3/1
f 762/4/1 763/4/1 765/4/1
f 765/4/1 763/4/1 764/4/1
f 766/4/1 767/4/1 769/4/1
f 769/4/1 767/4/1 768/4/1
f 767/4/1 770/4/1 771/4/1
f 771/4/1 770/4/1 663/4/1
f 772/4/1 773/4/1 662/4/1
f 662/4/1 773/4/1 774/4/1
f 775/4/1 776/4/1 592/4/1
f 592/4/1 776/4/1 593/4/1
f 777/2/1 778/2/1 718/2/1
f 718/2/1 778/2/1 719/2/1
f 779/4/1 780/4/1 782/4/1
f 782/4/1 780/4/1 781/4/1
f 783/4/1 784/4/1 786/4/1
f 786/4/1 784/4/1 785/4/1
f 787/4/1 788/4/1 790/4/1
f 790/4/1 788/4/1 789/4/1
f 791/4/1 792/4/1 730/4/1
f 730/4/1 792/4/1 793/4/1
f 794/4/1 795/4/1 797/4/1
f 797/4/1 795/4/1 796/4/1
f 798/2/1 799/2/1 801/2/1
f 801/2/1 799/2/1 800/2/1
f 802/4/1 803/4/1 804/4/1
f 804/4/1 803/4/1 742/4/1
f 803/2/1 805/2/1 742/2/1
f 742/2/1 805/2/1 806/2/1
f 805/4/1 807/4/1 806/4/1
f 806/4/1 807/4/1 808/4/1
f 809/2/1 810/2/1 756/2/1
f 756/2/1 810/2/1 811/2/1
f 812/1/1 813/1/1 644/1/1
f 644/1/1 813/1/1 761/1/1
f 814/4/1 815/4/1 817/4/1
f 817/4/1 815/4/1 816/4/1
f 818/2/1 819/2/1 766/2/1
f 766/2/1 819/2/1 767/2/1
f 820/4/1 821/4/1 823/4/1
f 823/4/1 821/4/1 822/4/1
f 824/4/1 825/4/1 770/4/1
f 770/4/1 825/4/1 775/4/1
f 826/4/1 827/4/1 829/4/1
f 829/4/1 827/4/1 828/4/1
f 830/4/1 831/4/1 833/4/1
f 833/4/1 831/4/1 832/4/1
f 834/4/1 835/4/1 836/4/1
f 836/4/1 835/4/1 787/4/1
f 837/4/1 838/4/1 840/4/1
f 840/4/1 838/4/1 839/4/1
f 841/4/1 842/4/1 844/4/1
f 844/4/1 842/4/1 843/4/1
f 845/4/1 846/4/1 792/4/1
f 792/4/1 846/4/1 847/4/1
f 848/2/1 849/2/1 851/2/1
f 851/2/1 849/2/1 850/2/1
f 852/4/1 853/4/1 855/4/1
f 855/4/1 853/4/1 854/4/1
f 856/4/1 857/4/1 799/4/1
f 799/4/1 857/4/1 858/4/1
f 859/4/1 860/4/1 803/4/1
f 803/4/1 860/4/1 805/4/1
f 861/4/1 862/4/1 864/4/1
f 864/4/1 862/4/1 863/4/1
f 865/4/1 866/4/1 867/4/1
f 867/4/1 866/4/1 807/4/1
f 868/4/1 869/4/1 871/4/1
f 871/4/1 869/4/1 870/4/1
f 872/4/1 873/4/1 874/4/1
f 874/4/1 873/4/1 815/4/1
f 875/4/1 876/4/1 878/4/1
f 878/4/1 876/4/1 877/4/1
f 879/4/1 880/4/1 882/4/1
f 882/4/1 880/4/1 881/4/1
f 883/4/1 884/4/1 886/4/1
f 886/4/1 884/4/1 885/4/1
f 887/2/1 888/2/1 890/2/1
f 890/2/1 888/2/1 889/2/1
f 891/4/1 892/4/1 894/4/1
f 894/4/1 892/4/1 893/4/1
f 895/4/1 896/4/1 898/4/1
f 898/4/1 896/4/1 897/4/1
f 899/4/1 900/4/1 846/4/1
f 846/4/1 900/4/1 901/4/1
f 902/4/1 903/4/1 905/4/1
f 905/4/1 903/4/1 904/4/1
f 906/4/1 907/4/1 853/4/1
f 853/4/1 907/4/1 908/4/1
f 909/4/1 910/4/1 912/4/1
f 912/4/1 910/4/1 911/4/1
f 913/4/1 914/4/1 915/4/1
f 915/4/1 914/4/1 871/4/1
f 916/4/1 917/4/1 919/4/1
f 919/4/1 917/4/1 918/4/1
f 920/4/1 921/4/1 922/4/1
f 922/4/1 921/4/1 878/4/1
f 923/4/1 924/4/1 926/4/1
f 926/4/1 924/4/1 925/4/1
f 927/4/1 928/4/1 930/4/1
f 930/4/1 928/4/1 929/4/1
f 931/4/1 932/4/1 934/4/1
f 934/4/1 932/4/1 933/4/1
f 935/4/1 936/4/1 876/4/1
f 876/4/1 936/4/1 937/4/1
f 938/2/1 939/2/1 899/2/1
f 899/2/1 939/2/1 900/2/1
f 940/4/1 941/4/1 943/4/1
f 943/4/1 941/4/1 942/4/1
f 944/4/1 945/4/1 947/4/1
f 947/4/1 945/4/1 946/4/1
f 948/4/1 949/4/1 951/4/1
f 951/4/1 949/4/1 950/4/1
f 952/4/1 953/4/1 955/4/1
f 955/4/1 953/4/1 954/4/1
f 956/4/1 957/4/1 958/4/1
f 958/4/1 957/4/1 910/4/1
f 959/4/1 960/4/1 962/4/1
f 962/4/1 960/4/1 961/4/1
f 963/2/1 964/2/1 966/2/1
f 966/2/1 964/2/1 965/2/1
f 967/4/1 968/4/1 970/4/1
f 970/4/1 968/4/1 969/4/1
f 971/4/1 972/4/1 974/4/1
f 974/4/1 972/4/1 973/4/1
f 975/4/1 976/4/1 978/4/1
f 978/4/1 976/4/1 977/4/1
f 979/4/1 980/4/1 981/4/1
f 981/4/1 980/4/1 923/4/1
f 982/4/1 983/4/1 984/4/1
f 984/4/1 983/4/1 931/4/1
f 985/2/1 986/2/1 940/2/1
f 940/2/1 986/2/1 941/2/1
f 987/4/1 988/4/1 989/4/1
f 989/4/1 988/4/1 948/4/1
f 990/4/1 991/4/1 993/4/1
f 993/4/1 991/4/1 992/4/1
f 994/4/1 995/4/1 997/4/1
f 997/4/1 995/4/1 996/4/1
f 998/4/1 999/4/1 1001/4/1
f 1001/4/1 999/4/1 1000/4/1
f 31/4/2 1002/4/2 5/4/2
f 5/4/2 1002/4/2 8/4/2
f 1003/4/2 1004/4/2 9/4/2
f 9/4/2 1004/4/2 12/4/2
f 1005/2/2 1006/2/2 1008/2/2
f 1008/2/2 1006/2/2 1007/2/2
f 1009/4/2 1010/4/2 13/4/2
f 13/4/2 1010/4/2 16/4/2
f 1011/4/2 1012/4/2 58/4/2
f 58/4/2 1012/4/2 1013/4/2
f 1014/2/2 1015/2/2 1017/2/2
f 1017/2/2 1015/2/2 1016/2/2
f 73/4/2 1018/4/2 29/4/2
f 29/4/2 1018/4/2 32/4/2
f 18/4/2 19/4/2 1020/4/2
f 1020/4/2 19/4/2 1019/4/2
f 1021/4/2 1022/4/2 1024/4/2
f 1024/4/2 1022/4/2 1023/4/2
f 22/4/2 23/4/2 1026/4/2
f 1026/4/2 23/4/2 1025/4/2
f 1027/2/2 1028/2/2 40/2/2
f 40/2/2 1028/2/2 43/2/2
f 26/4/2 27/4/2 1030/4/2
f 1030/4/2 27/4/2 1029/4/2
f 1031/4/2 1032/4/2 1034/4/2
f 1034/4/2 1032/4/2 1033/4/2
f 1035/4/2 1005/4/2 1036/4/2
f 1036/4/2 1005/4/2 1008/4/2
f 1037/4/2 1038/4/2 51/4/2
f 51/4/2 1038/4/2 54/4/2
f 1039/4/2 1040/4/2 1042/4/2
f 1042/4/2 1040/4/2 1041/4/2
f 1043/4/2 1044/4/2 63/4/2
f 63/4/2 1044/4/2 66/4/2
f 56/4/2 57/4/2 1046/4/2
f 1046/4/2 57/4/2 1045/4/2
f 1047/2/2 1048/2/2 105/2/2
f 105/2/2 1048/2/2 1049/2/2
f 1050/4/2 1051/4/2 1052/4/2
f 1052/4/2 1051/4/2 1014/4/2
f 1053/2/2 1054/2/2 1056/2/2
f 1056/2/2 1054/2/2 1055/2/2
f 1057/4/2 1058/4/2 1060/4/2
f 1060/4/2 1058/4/2 1059/4/2
f 1061/4/2 1017/4/2 1063/4/2
f 1063/4/2 1017/4/2 1062/4/2
f 1064/4/2 1065/4/2 1067/4/2
f 1067/4/2 1065/4/2 1066/4/2
f 1067/4/2 1068/4/2 1070/4/2
f 1070/4/2 1068/4/2 1069/4/2
f 1071/4/2 1072/4/2 143/4/2
f 143/4/2 1072/4/2 1073/4/2
f 1074/4/2 60/4/2 147/4/2
f 147/4/2 60/4/2 1075/4/2
f 158/4/2 1076/4/2 1078/4/2
f 1078/4/2 1076/4/2 1077/4/2
f 162/4/2 1079/4/2 1080/4/2
f 1080/4/2 1079/4/2 1053/4/2
f 166/4/2 1081/4/2 1082/4/2
f 1082/4/2 1081/4/2 75/4/2
f 1083/4/2 1084/4/2 1086/4/2
f 1086/4/2 1084/4/2 1085/4/2
f 1086/4/2 1087/4/2 1089/4/2
f 1089/4/2 1087/4/2 1088/4/2
f 1090/4/2 1091/4/2 1093/4/2
f 1093/4/2 1091/4/2 1092/4/2
f 1093/4/2 1094/4/2 1096/4/2
f 1096/4/2 1094/4/2 1095/4/2
f 1097/4/2 1098/4/2 1100/4/2
f 1100/4/2 1098/4/2 1099/4/2
f 1101/4/2 1102/4/2 1104/4/2
f 1104/4/2 1102/4/2 1103/4/2
f 1105/4/2 1106/4/2 1108/4/2
f 1108/4/2 1106/4/2 1107/4/2
f 1109/4/2 1110/4/2 1112/4/2
f 1112/4/2 1110/4/2 1111/4/2
f 1113/4/2 1114/4/2 1116/4/2
f 1116/4/2 1114/4/2 1115/4/2
f 1117/4/2 1118/4/2 1120/4/2
f 1120/4/2 1118/4/2 1119/4/2
f 1121/4/2 103/4/2 191/4/2
f 191/4/2 103/4/2 1122/4/2
f 1123/4/2 1124/4/2 195/4/2
f 195/4/2 1124/4/2 1125/4/2
f 1126/2/2 1127/2/2 1129/2/2
f 1129/2/2 1127/2/2 1128/2/2
f 1130/4/2 1131/4/2 1132/4/2
f 1132/4/2 1131/4/2 106/4/2
f 1133/2/2 1134/2/2 1135/2/2
f 1135/2/2 1134/2/2 110/2/2
f 207/4/2 1136/4/2 206/4/2
f 206/4/2 1136/4/2 114/4/2
f 1137/4/2 1138/4/2 1140/4/2
f 1140/4/2 1138/4/2 1139/4/2
f 1141/4/2 1142/4/2 1143/4/2
f 1143/4/2 1142/4/2 1097/4/2
f 1144/2/2 1145/2/2 1147/2/2
f 1147/2/2 1145/2/2 1146/2/2
f 1148/4/2 1149/4/2 1151/4/2
f 1151/4/2 1149/4/2 1150/4/2
f 1152/4/2 1153/4/2 1155/4/2
f 1155/4/2 1153/4/2 1154/4/2
f 1156/2/2 1109/2/2 1157/2/2
f 1157/2/2 1109/2/2 1112/2/2
f 1158/2/2 145/2/2 250/2/2
f 250/2/2 145/2/2 1159/2/2
f 1160/4/2 149/4/2 1162/4/2
f 1162/4/2 149/4/2 1161/4/2
f 1163/4/2 1164/4/2 1166/4/2
f 1166/4/2 1164/4/2 1165/4/2
f 257/4/2 1167/4/2 1169/4/2
f 1169/4/2 1167/4/2 1168/4/2
f 1170/4/2 1171/4/2 1173/4/2
f 1173/4/2 1171/4/2 1172/4/2
f 1173/4/2 1174/4/2 1176/4/2
f 1176/4/2 1174/4/2 1175/4/2
f 1177/2/2 1178/2/2 1180/2/2
f 1180/2/2 1178/2/2 1179/2/2
f 1180/4/2 1181/4/2 1183/4/2
f 1183/4/2 1181/4/2 1182/4/2
f 1183/2/2 1184/2/2 1185/2/2
f 1185/2/2 1184/2/2 1144/2/2
f 1186/4/2 1143/4/2 1188/4/2
f 1188/4/2 1143/4/2 1187/4/2
f 1188/4/2 1100/4/2 1190/4/2
f 1190/4/2 1100/4/2 1189/4/2
f 1191/4/2 1151/4/2 1192/4/2
f 1192/4/2 1151/4/2 1157/4/2
f 1192/4/2 1112/4/2 1194/4/2
f 1194/4/2 1112/4/2 1193/4/2
f 1195/4/2 1196/4/2 1198/4/2
f 1198/4/2 1196/4/2 1197/4/2
f 1199/4/2 1200/4/2 300/4/2
f 300/4/2 1200/4/2 1201/4/2
f 1202/4/2 1203/4/2 1205/4/2
f 1205/4/2 1203/4/2 1204/4/2
f 308/4/2 1206/4/2 307/4/2
f 307/4/2 1206/4/2 196/4/2
f 312/4/2 1207/4/2 311/4/2
f 311/4/2 1207/4/2 1208/4/2
f 1209/4/2 1210/4/2 1212/4/2
f 1212/4/2 1210/4/2 1211/4/2
f 1213/4/2 1214/4/2 1216/4/2
f 1216/4/2 1214/4/2 1215/4/2
f 1217/4/2 1218/4/2 1220/4/2
f 1220/4/2 1218/4/2 1219/4/2
f 1221/2/2 1222/2/2 1223/2/2
f 1223/2/2 1222/2/2 1177/2/2
f 1224/1/2 1225/1/2 1227/1/2
f 1227/1/2 1225/1/2 1226/1/2
f 1227/3/2 1228/3/2 1230/3/2
f 1230/3/2 1228/3/2 1229/3/2
f 1231/4/2 1183/4/2 1232/4/2
f 1232/4/2 1183/4/2 1185/4/2
f 1233/4/2 1234/4/2 1236/4/2
f 1236/4/2 1234/4/2 1235/4/2
f 1237/4/2 1238/4/2 1239/4/2
f 1239/4/2 1238/4/2 1152/4/2
f 1240/4/2 1241/4/2 1243/4/2
f 1243/4/2 1241/4/2 1242/4/2
f 1244/4/2 1245/4/2 1246/4/2
f 1246/4/2 1245/4/2 1192/4/2
f 1247/2/2 1248/2/2 1250/2/2
f 1250/2/2 1248/2/2 1249/2/2
f 1251/4/2 1194/4/2 1253/4/2
f 1253/4/2 1194/4/2 1252/4/2
f 1254/4/2 1255/4/2 1257/4/2
f 1257/4/2 1255/4/2 1256/4/2
f 1258/4/2 244/4/2 1260/4/2
f 1260/4/2 244/4/2 1259/4/2
f 1261/2/2 251/2/2 1262/2/2
f 1262/2/2 251/2/2 252/2/2
f 380/4/2 255/4/2 1263/4/2
f 1263/4/2 255/4/2 256/4/2
f 385/4/2 1264/4/2 384/4/2
f 384/4/2 1264/4/2 1265/4/2
f 1266/4/2 1267/4/2 1269/4/2
f 1269/4/2 1267/4/2 1268/4/2
f 1270/4/2 1271/4/2 1272/4/2
f 1272/4/2 1271/4/2 1217/4/2
f 1273/4/2 1274/4/2 1276/4/2
f 1276/4/2 1274/4/2 1275/4/2
f 1277/4/2 1177/4/2 1278/4/2
f 1278/4/2 1177/4/2 1180/4/2
f 1279/3/2 1224/3/2 1280/3/2
f 1280/3/2 1224/3/2 1227/3/2
f 1281/4/2 1282/4/2 1284/4/2
f 1284/4/2 1282/4/2 1283/4/2
f 1284/4/2 1285/4/2 1286/4/2
f 1286/4/2 1285/4/2 1233/4/2
f 1287/2/2 1288/2/2 1290/2/2
f 1290/2/2 1288/2/2 1289/2/2
f 1291/4/2 1292/4/2 1294/4/2
f 1294/4/2 1292/4/2 1293/4/2
f 1295/4/2 1296/4/2 1297/4/2
f 1297/4/2 1296/4/2 1240/4/2
f 1298/4/2 1299/4/2 1300/4/2
f 1300/4/2 1299/4/2 1247/4/2
f 1301/3/2 1302/3/2 1304/3/2
f 1304/3/2 1302/3/2 1303/3/2
f 1305/4/2 1306/4/2 1308/4/2
f 1308/4/2 1306/4/2 1307/4/2
f 1309/4/2 297/4/2 1310/4/2
f 1310/4/2 297/4/2 298/4/2
f 473/4/2 301/4/2 472/4/2
f 472/4/2 301/4/2 302/4/2
f 1311/4/2 1312/4/2 1313/4/2
f 1313/4/2 1312/4/2 306/4/2
f 1314/4/2 1315/4/2 1316/4/2
f 1316/4/2 1315/4/2 1269/4/2
f 1317/2/2 1270/2/2 1319/2/2
f 1319/2/2 1270/2/2 1318/2/2
f 1319/4/2 1318/4/2 1320/4/2
f 1320/4/2 1318/4/2 1272/4/2
f 1321/4/2 1216/4/2 1322/4/2
f 1322/4/2 1216/4/2 1221/4/2
f 1323/4/2 1276/4/2 1324/4/2
f 1324/4/2 1276/4/2 1281/4/2
f 1325/4/2 1326/4/2 1328/4/2
f 1328/4/2 1326/4/2 1327/4/2
f 1329/2/2 1330/2/2 1331/2/2
f 1331/2/2 1330/2/2 1295/2/2
f 1332/4/2 1239/4/2 1333/4/2
f 1333/4/2 1239/4/2 1299/4/2
f 1334/3/2 1335/3/2 1336/3/2
f 1336/3/2 1335/3/2 1301/3/2
f 1337/4/2 1338/4/2 1340/4/2
f 1340/4/2 1338/4/2 1339/4/2
f 1341/2/2 1342/2/2 1344/2/2
f 1344/2/2 1342/2/2 1343/2/2
f 477/4/2 371/4/2 476/4/2
f 476/4/2 371/4/2 1345/4/2
f 1346/4/2 1347/4/2 1349/4/2
f 1349/4/2 1347/4/2 1348/4/2
f 488/4/2 378/4/2 487/4/2
f 487/4/2 378/4/2 379/4/2
f 1350/4/2 1351/4/2 1352/4/2
f 1352/4/2 1351/4/2 1313/4/2
f 1353/4/2 1354/4/2 1356/4/2
f 1356/4/2 1354/4/2 1355/4/2
f 1357/4/2 1358/4/2 1359/4/2
f 1359/4/2 1358/4/2 1321/4/2
f 1360/1/2 1361/1/2 1363/1/2
f 1363/1/2 1361/1/2 1362/1/2
f 1364/4/2 1365/4/2 1366/4/2
f 1366/4/2 1365/4/2 1325/4/2
f 1367/4/2 1294/4/2 1369/4/2
f 1369/4/2 1294/4/2 1368/4/2
f 1370/4/2 1371/4/2 1373/4/2
f 1373/4/2 1371/4/2 1372/4/2
f 1374/4/2 1375/4/2 1377/4/2
f 1377/4/2 1375/4/2 1376/4/2
f 1378/4/2 1379/4/2 1380/4/2
f 1380/4/2 1379/4/2 1306/4/2
f 1380/4/2 1381/4/2 1383/4/2
f 1383/4/2 1381/4/2 1382/4/2
f 546/4/2 1384/4/2 545/4/2
f 545/4/2 1384/4/2 1385/4/2
f 1386/4/2 1344/4/2 1388/4/2
f 1388/4/2 1344/4/2 1387/4/2
f 554/4/2 1389/4/2 553/4/2
f 553/4/2 1389/4/2 1390/4/2
f 1391/4/2 434/4/2 1392/4/2
f 1392/4/2 434/4/2 435/4/2
f 1393/4/2 438/4/2 1394/4/2
f 1394/4/2 438/4/2 439/4/2
f 558/2/2 1395/2/2 557/2/2
f 557/2/2 1395/2/2 1396/2/2
f 1397/4/2 1398/4/2 1400/4/2
f 1400/4/2 1398/4/2 1399/4/2
f 1401/4/2 1402/4/2 1403/4/2
f 1403/4/2 1402/4/2 1356/4/2
f 1404/4/2 1405/4/2 1407/4/2
f 1407/4/2 1405/4/2 1406/4/2
f 1407/4/2 1320/4/2 1409/4/2
f 1409/4/2 1320/4/2 1408/4/2
f 1410/3/2 1411/3/2 1412/3/2
f 1412/3/2 1411/3/2 1363/3/2
f 1413/4/2 1414/4/2 1415/4/2
f 1415/4/2 1414/4/2 1277/4/2
f 1416/4/2 1417/4/2 1419/4/2
f 1419/4/2 1417/4/2 1418/4/2
f 1420/4/2 1421/4/2 1422/4/2
f 1422/4/2 1421/4/2 1370/4/2
f 1423/1/2 1334/1/2 1425/1/2
f 1425/1/2 1334/1/2 1424/1/2
f 1426/2/2 1427/2/2 1429/2/2
f 1429/2/2 1427/2/2 1428/2/2
f 1430/4/2 1246/4/2 1431/4/2
f 1431/4/2 1246/4/2 1251/4/2
f 1431/4/2 1432/4/2 1434/4/2
f 1434/4/2 1432/4/2 1433/4/2
f 1435/2/2 1436/2/2 1438/2/2
f 1438/2/2 1436/2/2 1437/2/2
f 609/4/2 430/4/2 608/4/2
f 608/4/2 430/4/2 431/4/2
f 1439/2/2 1440/2/2 1442/2/2
f 1442/2/2 1440/2/2 1441/2/2
f 1443/4/2 1444/4/2 1445/4/2
f 1445/4/2 1444/4/2 1401/4/2
f 1446/2/2 1447/2/2 1448/2/2
f 1448/2/2 1447/2/2 1404/2/2
f 1449/4/2 1450/4/2 1452/4/2
f 1452/4/2 1450/4/2 1451/4/2
f 1453/1/2 1454/1/2 1455/1/2
f 1455/1/2 1454/1/2 1412/1/2
f 1455/1/2 1456/1/2 1457/1/2
f 1457/1/2 1456/1/2 1224/1/2
f 1458/1/2 1459/1/2 1461/1/2
f 1461/1/2 1459/1/2 1460/1/2
f 1457/1/2 1279/1/2 1462/1/2
f 1462/1/2 1279/1/2 1280/1/2
f 1463/1/2 1464/1/2 1466/1/2
f 1466/1/2 1464/1/2 1465/1/2
f 1467/4/2 1419/4/2 1469/4/2
f 1469/4/2 1419/4/2 1468/4/2
f 1470/4/2 1471/4/2 1473/4/2
f 1473/4/2 1471/4/2 1472/4/2
f 1474/1/2 1475/1/2 1477/1/2
f 1477/1/2 1475/1/2 1476/1/2
f 1478/4/2 1429/4/2 1480/4/2
f 1480/4/2 1429/4/2 1479/4/2
f 1481/4/2 1482/4/2 1484/4/2
f 1484/4/2 1482/4/2 1483/4/2
f 676/4/2 1485/4/2 675/4/2
f 675/4/2 1485/4/2 1386/4/2
f 1486/2/2 547/2/2 1487/2/2
f 1487/2/2 547/2/2 548/2/2
f 675/4/2 1488/4/2 1490/4/2
f 1490/4/2 1488/4/2 1489/4/2
f 1491/4/2 1492/4/2 1494/4/2
f 1494/4/2 1492/4/2 1493/4/2
f 684/4/2 1495/4/2 683/4/2
f 683/4/2 1495/4/2 1496/4/2
f 1497/1/2 1498/1/2 1499/1/2
f 1499/1/2 1498/1/2 1453/1/2
f 1500/4/2 1501/4/2 1502/4/2
f 1502/4/2 1501/4/2 1416/4/2
f 1503/4/2 1415/4/2 1505/4/2
f 1505/4/2 1415/4/2 1504/4/2
f 1506/3/2 1457/3/2 1507/3/2
f 1507/3/2 1457/3/2 1462/3/2
f 1508/1/2 1461/1/2 1510/1/2
f 1510/1/2 1461/1/2 1509/1/2
f 1505/4/2 1511/4/2 1513/4/2
f 1513/4/2 1511/4/2 1512/4/2
f 1514/1/2 1515/1/2 1517/1/2
f 1517/1/2 1515/1/2 1516/1/2
f 1518/4/2 1519/4/2 1521/4/2
f 1521/4/2 1519/4/2 1520/4/2
f 1517/1/2 1522/1/2 1523/1/2
f 1523/1/2 1522/1/2 1475/1/2
f 1524/4/2 1525/4/2 1527/4/2
f 1527/4/2 1525/4/2 1526/4/2
f 1527/4/2 1528/4/2 1530/4/2
f 1530/4/2 1528/4/2 1529/4/2
f 1531/1/2 1477/1/2 1533/1/2
f 1533/1/2 1477/1/2 1532/1/2
f 1534/4/2 1535/4/2 1536/4/2
f 1536/4/2 1535/4/2 1430/4/2
f 1537/2/2 1481/2/2 1538/2/2
f 1538/2/2 1481/2/2 1484/2/2
f 1539/4/2 1540/4/2 1541/4/2
f 1541/4/2 1540/4/2 1436/4/2
f 1541/4/2 1542/4/2 1544/4/2
f 1544/4/2 1542/4/2 1543/4/2
f 728/4/2 1545/4/2 727/4/2
f 727/4/2 1545/4/2 606/4/2
f 1546/2/2 614/2/2 1547/2/2
f 1547/2/2 614/2/2 615/2/2
f 1548/4/2 1549/4/2 1550/4/2
f 1550/4/2 1549/4/2 1449/4/2
f 1551/1/2 1552/1/2 1554/1/2
f 1554/1/2 1552/1/2 1553/1/2
f 1555/4/2 1502/4/2 1557/4/2
f 1557/4/2 1502/4/2 1556/4/2
f 1558/2/2 1505/2/2 1560/2/2
f 1560/2/2 1505/2/2 1559/2/2
f 1560/4/2 1559/4/2 1561/4/2
f 1561/4/2 1559/4/2 1524/4/2
f 1562/4/2 1521/4/2 1564/4/2
f 1564/4/2 1521/4/2 1563/4/2
f 1565/2/2 1527/2/2 1566/2/2
f 1566/2/2 1527/2/2 1530/2/2
f 1566/4/2 1369/4/2 1567/4/2
f 1567/4/2 1369/4/2 1427/4/2
f 1568/1/2 1569/1/2 1570/1/2
f 1570/1/2 1569/1/2 1533/1/2
f 1567/2/2 1571/2/2 1573/2/2
f 1573/2/2 1571/2/2 1572/2/2
f 1574/4/2 1575/4/2 1577/4/2
f 1577/4/2 1575/4/2 1576/4/2
f 1577/4/2 1578/4/2 1580/4/2
f 1580/4/2 1578/4/2 1579/4/2
f 1581/4/2 1538/4/2 1583/4/2
f 1583/4/2 1538/4/2 1582/4/2
f 785/4/2 1584/4/2 1586/4/2
f 1586/4/2 1584/4/2 1585/4/2
f 1587/4/2 1588/4/2 1589/4/2
f 1589/4/2 1588/4/2 1443/4/2
f 1590/4/2 1591/4/2 1593/4/2
f 1593/4/2 1591/4/2 1592/4/2
f 1594/2/2 1548/2/2 1595/2/2
f 1595/2/2 1548/2/2 1550/2/2
f 1596/3/2 1597/3/2 1598/3/2
f 1598/3/2 1597/3/2 1506/3/2
f 1599/2/2 1555/2/2 1600/2/2
f 1600/2/2 1555/2/2 1557/2/2
f 1601/3/2 1514/3/2 1602/3/2
f 1602/3/2 1514/3/2 1517/3/2
f 1603/4/2 1604/4/2 1605/4/2
f 1605/4/2 1604/4/2 1565/4/2
f 1606/4/2 1607/4/2 1608/4/2
f 1608/4/2 1607/4/2 1574/4/2
f 1609/4/2 1573/4/2 1611/4/2
f 1611/4/2 1573/4/2 1610/4/2
f 1612/2/2 1613/2/2 1614/2/2
f 1614/2/2 1613/2/2 1581/2/2
f 1615/4/2 1616/4/2 1618/4/2
f 1618/4/2 1616/4/2 1617/4/2
f 832/4/2 1619/4/2 1621/4/2
f 1621/4/2 1619/4/2 1620/4/2
f 1622/4/2 1623/4/2 1624/4/2
f 1624/4/2 1623/4/2 725/4/2
f 1625/4/2 1626/4/2 1627/4/2
f 1627/4/2 1626/4/2 1446/4/2
f 1628/4/2 1594/4/2 1629/4/2
f 1629/4/2 1594/4/2 1595/4/2
f 1630/4/2 1631/4/2 855/4/2
f 855/4/2 1631/4/2 1632/4/2
f 1633/4/2 1634/4/2 1636/4/2
f 1636/4/2 1634/4/2 1635/4/2
f 1637/1/2 1638/1/2 1639/1/2
f 1639/1/2 1638/1/2 635/1/2
f 1639/1/2 1640/1/2 1641/1/2
f 1641/1/2 1640/1/2 695/1/2
f 1642/4/2 1599/4/2 1643/4/2
f 1643/4/2 1599/4/2 1600/4/2
f 1644/1/2 1227/1/2 1645/1/2
f 1645/1/2 1227/1/2 1230/1/2
f 1646/2/2 1647/2/2 1649/2/2
f 1649/2/2 1647/2/2 1648/2/2
f 1650/4/2 1651/4/2 1652/4/2
f 1652/4/2 1651/4/2 1605/4/2
f 1653/4/2 1654/4/2 1655/4/2
f 1655/4/2 1654/4/2 1607/4/2
f 1655/2/2 1606/2/2 1656/2/2
f 1656/2/2 1606/2/2 1608/2/2
f 1656/4/2 1608/4/2 1658/4/2
f 1658/4/2 1608/4/2 1657/4/2
f 1659/4/2 1660/4/2 1661/4/2
f 1661/4/2 1660/4/2 779/4/2
f 1662/4/2 1663/4/2 1665/4/2
f 1665/4/2 1663/4/2 1664/4/2
f 889/4/2 1666/4/2 1668/4/2
f 1668/4/2 1666/4/2 1667/4/2
f 1669/4/2 1670/4/2 894/4/2
f 894/4/2 1670/4/2 1671/4/2
f 1672/4/2 1629/4/2 1674/4/2
f 1674/4/2 1629/4/2 1673/4/2
f 1675/4/2 795/4/2 905/4/2
f 905/4/2 795/4/2 1676/4/2
f 1677/4/2 1678/4/2 1680/4/2
f 1680/4/2 1678/4/2 1679/4/2
f 1681/4/2 1636/4/2 1683/4/2
f 1683/4/2 1636/4/2 1682/4/2
f 1683/2/2 1682/2/2 1684/2/2
f 1684/2/2 1682/2/2 1642/2/2
f 1685/4/2 1686/4/2 1688/4/2
f 1688/4/2 1686/4/2 1687/4/2
f 1688/4/2 1558/4/2 1689/4/2
f 1689/4/2 1558/4/2 1560/4/2
f 1690/4/2 1691/4/2 1693/4/2
f 1693/4/2 1691/4/2 1692/4/2
f 1694/4/2 1649/4/2 1695/4/2
f 1695/4/2 1649/4/2 1653/4/2
f 1696/4/2 1697/4/2 1699/4/2
f 1699/4/2 1697/4/2 1698/4/2
f 1700/4/2 1701/4/2 1702/4/2
f 1702/4/2 1701/4/2 1655/4/2
f 929/4/2 1703/4/2 1704/4/2
f 1704/4/2 1703/4/2 1659/4/2
f 933/4/2 1705/4/2 1706/4/2
f 1706/4/2 1705/4/2 834/4/2
f 1707/4/2 1627/4/2 1709/4/2
f 1709/4/2 1627/4/2 1708/4/2
f 1710/4/2 842/4/2 1712/4/2
f 1712/4/2 842/4/2 1711/4/2
f 1709/4/2 1713/4/2 1715/4/2
f 1715/4/2 1713/4/2 1714/4/2
f 1716/4/2 849/4/2 947/4/2
f 947/4/2 849/4/2 1717/4/2
f 1718/4/2 1719/4/2 1721/4/2
f 1721/4/2 1719/4/2 1720/4/2
f 1722/4/2 1674/4/2 1723/4/2
f 1723/4/2 1674/4/2 1685/4/2
f 1724/4/2 1725/4/2 1726/4/2
f 1726/4/2 1725/4/2 1690/4/2
f 1727/4/2 1728/4/2 1730/4/2
f 1730/4/2 1728/4/2 1729/4/2
f 1731/4/2 1732/4/2 1734/4/2
f 1734/4/2 1732/4/2 1733/4/2
f 1735/4/2 1736/4/2 1738/4/2
f 1738/4/2 1736/4/2 1737/4/2
f 1739/4/2 1740/4/2 1742/4/2
f 1742/4/2 1740/4/2 1741/4/2
f 1743/4/2 1744/4/2 1745/4/2
f 1745/4/2 1744/4/2 883/4/2
f 1746/4/2 1747/4/2 1748/4/2
f 1748/4/2 1747/4/2 887/4/2
f 1749/2/2 896/2/2 1751/2/2
f 1751/2/2 896/2/2 1750/2/2
f 1752/4/2 1715/4/2 1754/4/2
f 1754/4/2 1715/4/2 1753/4/2
f 1754/2/2 1753/2/2 1755/2/2
f 1755/2/2 1753/2/2 1724/2/2
f 1756/4/2 1757/4/2 1759/4/2
f 1759/4/2 1757/4/2 1758/4/2
f 945/4/2 946/4/2 1761/4/2
f 1761/4/2 946/4/2 1760/4/2
f 1762/4/2 1763/4/2 959/4/2
f 959/4/2 1763/4/2 962/4/2
f 1764/2/2 1727/2/2 1765/2/2
f 1765/2/2 1727/2/2 1730/2/2
f 949/4/2 950/4/2 1767/4/2
f 1767/4/2 950/4/2 1766/4/2
f 964/4/2 965/4/2 1769/4/2
f 1769/4/2 965/4/2 1768/4/2
f 1770/4/2 1771/4/2 1773/4/2
f 1773/4/2 1771/4/2 1772/4/2
f 1774/4/2 1775/4/2 1777/4/2
f 1777/4/2 1775/4/2 1776/4/2
f 972/4/2 973/4/2 1779/4/2
f 1779/4/2 973/4/2 1778/4/2
f 976/4/2 977/4/2 1780/4/2
f 1780/4/2 977/4/2 1743/4/2
f 1781/2/2 939/2/2 987/2/2
f 987/2/2 939/2/2 989/2/2
f 1782/4/2 1783/4/2 1784/4/2
f 1784/4/2 1783/4/2 1756/4/2
f 1785/4/2 1786/4/2 994/4/2
f 994/4/2 1786/4/2 997/4/2
f 1787/4/2 1767/4/2 1788/4/2
f 1788/4/2 1767/4/2 1770/4/2
f 991/2/2 992/2/2 1790/2/2
f 1790/2/2 992/2/2 1789/2/2
f 274/3/3 281/3/3 1229/3/3
f 1229/3/3 281/3/3 1515/3/3
f 280/1/3 279/1/3 1516/1/3
f 1516/1/3 279/1/3 1522/1/3
f 356/1/3 355/1/3 1476/1/3
f 1476/1/3 355/1/3 1335/1/3
f 361/3/3 360/3/3 1303/3/3
f 1303/3/3 360/3/3 1304/3/3
f 359/3/3 420/3/3 1301/3/3
f 1301/3/3 420/3/3 1336/3/3
f 535/1/3 534/1/3 1424/1/3
f 1424/1/3 534/1/3 1425/1/3
f 533/1/3 590/1/3 1423/1/3
f 1423/1/3 590/1/3 1477/1/3
f 569/1/3 630/1/3 1453/1/3
f 1453/1/3 630/1/3 1499/1/3
f 589/1/3 659/1/3 1474/1/3
f 1474/1/3 659/1/3 1523/1/3
f 668/1/3 712/1/3 1532/1/3
f 1532/1/3 712/1/3 1570/1/3
f 643/3/3 751/3/3 1506/3/3
f 1506/3/3 751/3/3 1598/3/3
f 658/3/3 760/3/3 1517/3/3
f 1517/3/3 760/3/3 1602/3/3
f 759/1/3 813/1/3 1601/1/3
f 1601/1/3 813/1/3 1645/1/3
f 348/1/3 347/1/3 279/1/3
f 279/1/3 347/1/3 354/1/3
f 410/3/3 409/3/3 415/3/3
f 415/3/3 409/3/3 413/3/3
f 531/1/3 530/1/3 414/1/3
f 414/1/3 530/1/3 533/1/3
f 529/1/3 583/1/3 591/1/3
f 591/1/3 583/1/3 589/1/3
f 582/1/3 654/1/3 660/1/3
f 660/1/3 654/1/3 658/1/3
f 1791/3/3 1792/3/3 584/3/3
f 584/3/3 1792/3/3 582/3/3
f 1793/1/3 1794/1/3 1795/1/3
f 1795/1/3 1794/1/3 529/1/3
f 1796/3/3 1797/3/3 1793/3/3
f 1793/3/3 1797/3/3 1794/3/3
f 1798/1/3 1799/1/3 1791/1/3
f 1791/1/3 1799/1/3 1792/1/3
f 1800/3/3 1801/3/3 409/3/3
f 409/3/3 1801/3/3 1795/3/3
f 1802/3/3 1803/3/3 1798/3/3
f 1798/3/3 1803/3/3 1799/3/3
f 1804/1/3 1805/1/3 1796/1/3
f 1796/1/3 1805/1/3 1797/1/3
f 1806/1/3 1807/1/3 1802/1/3
f 1802/1/3 1807/1/3 1803/1/3
f 1808/1/3 1809/1/3 1800/1/3
f 1800/1/3 1809/1/3 1801/1/3
f 1810/3/3 1811/3/3 1806/3/3
f 1806/3/3 1811/3/3 1807/3/3
f 1290/1/3 1812/1/3 347/1/3
f 347/1/3 1812/1/3 408/1/3
f 1813/3/3 1472/3/3 1804/3/3
f 1804/3/3 1472/3/3 1805/3/3
f 1471/1/3 1470/1/3 1810/1/3
f 1810/1/3 1470/1/3 1811/1/3
f 1814/1/3 647/1/3 1509/1/3
f 1509/1/3 647/1/3 1510/1/3
f 646/1/3 696/1/3 1815/1/3
f 1815/1/3 696/1/3 1554/1/3
f 1236/2/3 1330/2/3 1289/2/3
f 1289/2/3 1330/2/3 1290/2/3
f 1330/3/3 1329/3/3 1290/3/3
f 1290/3/3 1329/3/3 1812/3/3
f 1331/3/3 1421/3/3 1808/3/3
f 1808/3/3 1421/3/3 1809/3/3
f 1421/1/3 1420/1/3 1813/1/3
f 1813/1/3 1420/1/3 1472/1/3
f 1420/4/3 1816/4/3 1472/4/3
f 1472/4/3 1816/4/3 1473/4/3
f 1502/1/3 1642/1/3 636/1/3
f 636/1/3 1642/1/3 1641/1/3
f 1183/4/3 1231/4/3 1283/4/3
f 1283/4/3 1231/4/3 1285/4/3
f 1223/4/3 1277/4/3 1275/4/3
f 1275/4/3 1277/4/3 1276/4/3
f 1292/4/3 1291/4/3 1235/4/3
f 1235/4/3 1291/4/3 1330/4/3
f 1239/4/3 1368/4/3 1240/4/3
f 1240/4/3 1368/4/3 1297/4/3
f 1294/2/3 1817/2/3 1295/2/3
f 1295/2/3 1817/2/3 1331/2/3
f 1817/1/3 1367/1/3 1331/1/3
f 1331/1/3 1367/1/3 1421/1/3
f 1369/4/3 1529/4/3 1370/4/3
f 1370/4/3 1529/4/3 1422/4/3
f 1528/2/3 1526/2/3 1420/2/3
f 1420/2/3 1526/2/3 1816/2/3
f 1415/4/3 1503/4/3 1416/4/3
f 1416/4/3 1503/4/3 1502/4/3
f 1525/4/3 1524/4/3 1520/4/3
f 1520/4/3 1524/4/3 1521/4/3
f 1505/4/3 1558/4/3 1556/4/3
f 1556/4/3 1558/4/3 1557/4/3
f 1527/4/3 1565/4/3 1563/4/3
f 1563/4/3 1565/4/3 1564/4/3
f 1558/2/3 1818/2/3 1557/2/3
f 1557/2/3 1818/2/3 1600/2/3
f 1818/4/3 1687/4/3 1600/4/3
f 1600/4/3 1687/4/3 1643/4/3
f 1686/2/3 1685/2/3 1642/2/3
f 1642/2/3 1685/2/3 1684/2/3
f 1142/4/3 1141/4/3 1182/4/3
f 1182/4/3 1141/4/3 1184/4/3
f 1100/2/3 1187/2/3 1146/2/3
f 1146/2/3 1187/2/3 1147/2/3
f 1109/4/3 1156/4/3 1154/4/3
f 1154/4/3 1156/4/3 1155/4/3
f 1143/2/3 1186/2/3 1144/2/3
f 1144/2/3 1186/2/3 1185/2/3
f 1151/4/3 1191/4/3 1152/4/3
f 1152/4/3 1191/4/3 1819/4/3
f 1218/4/3 1217/4/3 1215/4/3
f 1215/4/3 1217/4/3 1216/4/3
f 1245/4/3 1244/4/3 1242/4/3
f 1242/4/3 1244/4/3 1243/4/3
f 1194/2/3 1251/2/3 1249/2/3
f 1249/2/3 1251/2/3 1250/2/3
f 1246/4/3 1376/4/3 1247/4/3
f 1247/4/3 1376/4/3 1300/4/3
f 1375/4/3 1820/4/3 1298/4/3
f 1298/4/3 1820/4/3 1333/4/3
f 1320/4/3 1406/4/3 1321/4/3
f 1321/4/3 1406/4/3 1359/4/3
f 1820/4/3 1374/4/3 1372/4/3
f 1372/4/3 1374/4/3 1373/4/3
f 1377/2/3 1430/2/3 1428/2/3
f 1428/2/3 1430/2/3 1429/2/3
f 1535/4/3 1534/4/3 1426/4/3
f 1426/4/3 1534/4/3 1571/4/3
f 1536/2/3 1574/2/3 1572/2/3
f 1572/2/3 1574/2/3 1573/2/3
f 1654/4/3 1653/4/3 1565/4/3
f 1565/4/3 1653/4/3 1652/4/3
f 1691/4/3 1690/4/3 1560/4/3
f 1560/4/3 1690/4/3 1689/4/3
f 1725/4/3 1724/4/3 1685/4/3
f 1685/4/3 1724/4/3 1723/4/3
f 1091/4/3 1090/4/3 1139/4/3
f 1139/4/3 1090/4/3 1821/4/3
f 1102/4/3 1101/4/3 1099/4/3
f 1099/4/3 1101/4/3 1100/4/3
f 1822/4/3 1105/4/3 1150/4/3
f 1150/4/3 1105/4/3 1823/4/3
f 1114/4/3 1113/4/3 1111/4/3
f 1111/4/3 1113/4/3 1112/4/3
f 1196/4/3 1195/4/3 1824/4/3
f 1824/4/3 1195/4/3 1194/4/3
f 1379/4/3 1378/4/3 1251/4/3
f 1251/4/3 1378/4/3 1432/4/3
f 1482/4/3 1481/4/3 1479/4/3
f 1479/4/3 1481/4/3 1480/4/3
f 1481/4/3 1537/4/3 1576/4/3
f 1576/4/3 1537/4/3 1578/4/3
f 1538/4/3 1581/4/3 1579/4/3
f 1579/4/3 1581/4/3 1580/4/3
f 1613/4/3 1612/4/3 1610/4/3
f 1610/4/3 1612/4/3 1611/4/3
f 1732/4/3 1825/4/3 1646/4/3
f 1646/4/3 1825/4/3 1693/4/3
f 1697/4/3 1696/4/3 1653/4/3
f 1653/4/3 1696/4/3 1695/4/3
f 1740/4/3 1826/4/3 1655/4/3
f 1655/4/3 1826/4/3 1702/4/3
f 1757/2/3 1756/2/3 1724/2/3
f 1724/2/3 1756/2/3 1755/2/3
f 1017/4/3 1061/4/3 1088/4/3
f 1088/4/3 1061/4/3 1827/4/3
f 1065/4/3 1064/4/3 1095/4/3
f 1095/4/3 1064/4/3 1828/4/3
f 1829/4/3 1830/4/3 1107/4/3
f 1107/4/3 1830/4/3 1831/4/3
f 1832/4/3 1833/4/3 1193/4/3
f 1193/4/3 1833/4/3 1824/4/3
f 1255/4/3 1254/4/3 1252/4/3
f 1252/4/3 1254/4/3 1253/4/3
f 1338/4/3 1337/4/3 1305/4/3
f 1305/4/3 1337/4/3 1381/4/3
f 1540/4/3 1834/4/3 1433/4/3
f 1433/4/3 1834/4/3 1434/4/3
f 1834/4/3 1835/4/3 1483/4/3
f 1483/4/3 1835/4/3 1484/4/3
f 1835/2/3 1539/2/3 1484/2/3
f 1484/2/3 1539/2/3 1538/2/3
f 1616/2/3 1615/2/3 1581/2/3
f 1581/2/3 1615/2/3 1614/2/3
f 1728/4/3 1727/4/3 1690/4/3
f 1690/4/3 1727/4/3 1726/4/3
f 1736/4/3 1735/4/3 1836/4/3
f 1836/4/3 1735/4/3 1734/4/3
f 19/2/3 18/2/3 1016/2/3
f 1016/2/3 18/2/3 1017/2/3
f 53/4/3 52/4/3 1069/4/3
f 1069/4/3 52/4/3 1837/4/3
f 1072/2/3 1071/2/3 1829/2/3
f 1829/2/3 1071/2/3 1830/2/3
f 142/4/3 141/4/3 1115/4/3
f 1115/4/3 141/4/3 1116/4/3
f 141/2/3 1838/2/3 1832/2/3
f 1832/2/3 1838/2/3 1833/2/3
f 1200/4/3 1199/4/3 1197/4/3
f 1197/4/3 1199/4/3 1198/4/3
f 299/4/3 298/4/3 1256/4/3
f 1256/4/3 298/4/3 1257/4/3
f 297/4/3 1309/4/3 1307/4/3
f 1307/4/3 1309/4/3 1308/4/3
f 1384/4/3 546/4/3 1382/4/3
f 1382/4/3 546/4/3 1383/4/3
f 545/2/3 544/2/3 1437/2/3
f 1437/2/3 544/2/3 1438/2/3
f 781/4/3 780/4/3 1617/4/3
f 1617/4/3 780/4/3 1618/4/3
f 1660/4/3 1659/4/3 1657/4/3
f 1657/4/3 1659/4/3 1658/4/3
f 1703/4/3 928/4/3 1741/4/3
f 1741/4/3 928/4/3 1742/4/3
f 965/2/3 964/2/3 1730/2/3
f 1730/2/3 964/2/3 1765/2/3
f 27/4/3 26/4/3 1019/4/3
f 1019/4/3 26/4/3 1020/4/3
f 1005/4/3 1035/4/3 1033/4/3
f 1033/4/3 1035/4/3 1034/4/3
f 1040/4/3 1039/4/3 54/4/3
f 54/4/3 1039/4/3 51/4/3
f 1839/4/3 1840/4/3 300/4/3
f 300/4/3 1840/4/3 297/4/3
f 1342/4/3 1341/4/3 1339/4/3
f 1339/4/3 1341/4/3 1340/4/3
f 1344/4/3 1386/4/3 1385/4/3
f 1385/4/3 1386/4/3 545/4/3
f 1485/4/3 1841/4/3 546/4/3
f 546/4/3 1841/4/3 543/4/3
f 1841/4/3 676/4/3 1435/4/3
f 1435/4/3 676/4/3 1542/4/3
f 675/4/3 674/4/3 1543/4/3
f 1543/4/3 674/4/3 1544/4/3
f 1619/4/3 831/4/3 782/4/3
f 782/4/3 831/4/3 1661/4/3
f 950/4/3 949/4/3 1758/4/3
f 1758/4/3 949/4/3 1759/4/3
f 1771/4/3 1770/4/3 1768/4/3
f 1768/4/3 1770/4/3 1769/4/3
f 948/4/3 988/4/3 1756/4/3
f 1756/4/3 988/4/3 1784/4/3
f 11/2/3 10/2/3 1007/2/3
f 1007/2/3 10/2/3 1008/2/3
f 100/4/3 1842/4/3 1073/4/3
f 1073/4/3 1842/4/3 140/4/3
f 1843/2/3 373/2/3 1839/2/3
f 1839/2/3 373/2/3 1840/2/3
f 372/4/3 371/4/3 298/4/3
f 298/4/3 371/4/3 1310/4/3
f 371/2/3 477/2/3 1343/2/3
f 1343/2/3 477/2/3 1344/2/3
f 476/4/3 475/4/3 1387/4/3
f 1387/4/3 475/4/3 1388/4/3
f 474/4/3 1844/4/3 1386/4/3
f 1386/4/3 1844/4/3 1488/4/3
f 1584/4/3 785/4/3 1582/4/3
f 1582/4/3 785/4/3 1583/4/3
f 785/4/3 784/4/3 1620/4/3
f 1620/4/3 784/4/3 1621/4/3
f 1845/4/3 885/4/3 833/4/3
f 833/4/3 885/4/3 830/4/3
f 885/4/3 884/4/3 1659/4/3
f 1659/4/3 884/4/3 1704/4/3
f 1744/4/3 1743/4/3 930/4/3
f 930/4/3 1743/4/3 927/4/3
f 977/4/3 976/4/3 1776/4/3
f 1776/4/3 976/4/3 1777/4/3
f 941/2/3 986/2/3 989/2/3
f 989/2/3 986/2/3 987/2/3
f 996/4/3 995/4/3 1770/4/3
f 1770/4/3 995/4/3 1788/4/3
f 1846/4/3 1847/4/3 12/4/3
f 12/4/3 1847/4/3 9/4/3
f 57/4/3 56/4/3 1041/4/3
f 1041/4/3 56/4/3 1042/4/3
f 1118/4/3 1117/4/3 99/4/3
f 99/4/3 1117/4/3 1842/4/3
f 245/4/3 244/4/3 1201/4/3
f 1201/4/3 244/4/3 300/4/3
f 244/4/3 1848/4/3 1843/4/3
f 1843/4/3 1848/4/3 370/4/3
f 432/4/3 431/4/3 1345/4/3
f 1345/4/3 431/4/3 476/4/3
f 430/4/3 1849/4/3 477/4/3
f 477/4/3 1849/4/3 474/4/3
f 1849/2/3 609/2/3 474/2/3
f 474/2/3 609/2/3 1844/2/3
f 608/4/3 607/4/3 1489/4/3
f 1489/4/3 607/4/3 1490/4/3
f 1545/4/3 728/4/3 676/4/3
f 676/4/3 728/4/3 673/4/3
f 727/4/3 726/4/3 1585/4/3
f 1585/4/3 726/4/3 1586/4/3
f 1623/4/3 1622/4/3 786/4/3
f 786/4/3 1622/4/3 783/4/3
f 1850/2/3 1851/2/3 1845/2/3
f 1845/2/3 1851/2/3 885/2/3
f 946/4/3 945/4/3 951/4/3
f 951/4/3 945/4/3 948/4/3
f 992/4/3 991/4/3 997/4/3
f 997/4/3 991/4/3 994/4/3
f 7/2/3 6/2/3 1846/2/3
f 1846/2/3 6/2/3 1847/2/3
f 1852/4/3 1853/4/3 1013/4/3
f 1013/4/3 1853/4/3 55/4/3
f 1203/4/3 1202/4/3 246/4/3
f 246/4/3 1202/4/3 243/4/3
f 1854/4/3 1855/4/3 1259/4/3
f 1259/4/3 1855/4/3 1260/4/3
f 480/4/3 1856/4/3 431/4/3
f 431/4/3 1856/4/3 608/4/3
f 1857/2/3 1858/2/3 728/2/3
f 728/2/3 1858/2/3 725/2/3
f 1663/4/3 1662/4/3 1850/4/3
f 1850/4/3 1662/4/3 1851/4/3
f 1859/2/3 1860/2/3 1789/2/3
f 1789/2/3 1860/2/3 1790/2/3
f 15/2/3 14/2/3 1852/2/3
f 1852/2/3 14/2/3 1861/2/3
f 23/4/3 22/4/3 32/4/3
f 32/4/3 22/4/3 29/4/3
f 61/4/3 60/4/3 1045/4/3
f 1045/4/3 60/4/3 1046/4/3
f 60/4/3 1074/4/3 101/4/3
f 101/4/3 1074/4/3 98/4/3
f 146/4/3 145/4/3 1119/4/3
f 1119/4/3 145/4/3 1120/4/3
f 145/4/3 1158/4/3 141/4/3
f 141/4/3 1158/4/3 1838/4/3
f 249/4/3 248/4/3 1204/4/3
f 1204/4/3 248/4/3 1205/4/3
f 1862/2/3 1863/2/3 1854/2/3
f 1854/2/3 1863/2/3 1855/2/3
f 1389/4/3 554/4/3 481/4/3
f 481/4/3 554/4/3 478/4/3
f 553/4/3 552/4/3 479/4/3
f 479/4/3 552/4/3 1856/4/3
f 679/4/3 678/4/3 606/4/3
f 606/4/3 678/4/3 727/4/3
f 677/4/3 789/4/3 1857/4/3
f 1857/4/3 789/4/3 1858/4/3
f 789/4/3 788/4/3 725/4/3
f 725/4/3 788/4/3 1624/4/3
f 787/4/3 835/4/3 1664/4/3
f 1664/4/3 835/4/3 1665/4/3
f 1705/4/3 932/4/3 886/4/3
f 886/4/3 932/4/3 1745/4/3
f 931/4/3 983/4/3 1743/4/3
f 1743/4/3 983/4/3 1780/4/3
f 1000/4/3 999/4/3 1859/4/3
f 1859/4/3 999/4/3 1860/4/3
f 3/4/3 2/4/3 8/4/3
f 8/4/3 2/4/3 5/4/3
f 46/4/3 50/4/3 16/4/3
f 16/4/3 50/4/3 13/4/3
f 49/4/3 48/4/3 1861/4/3
f 1861/4/3 48/4/3 1853/4/3
f 104/4/3 1121/4/3 1075/4/3
f 1075/4/3 1121/4/3 144/4/3
f 190/2/3 189/2/3 1159/2/3
f 1159/2/3 189/2/3 250/2/3
f 303/4/3 302/4/3 1862/4/3
f 1862/4/3 302/4/3 1863/4/3
f 301/4/3 473/4/3 1258/4/3
f 1258/4/3 473/4/3 1848/4/3
f 472/4/3 484/4/3 433/4/3
f 433/4/3 484/4/3 430/4/3
f 483/4/3 482/4/3 1390/4/3
f 1390/4/3 482/4/3 553/4/3
f 600/4/3 599/4/3 609/4/3
f 609/4/3 599/4/3 606/4/3
f 1864/2/3 1865/2/3 677/2/3
f 677/2/3 1865/2/3 789/2/3
f 1866/4/3 1867/4/3 834/4/3
f 834/4/3 1867/4/3 1706/4/3
f 42/4/3 41/4/3 1868/4/3
f 1868/4/3 41/4/3 44/4/3
f 65/2/3 64/2/3 1049/2/3
f 1049/2/3 64/2/3 105/2/3
f 150/4/3 1160/4/3 1122/4/3
f 1122/4/3 1160/4/3 188/4/3
f 1869/4/3 377/4/3 304/4/3
f 304/4/3 377/4/3 301/4/3
f 376/4/3 375/4/3 302/4/3
f 302/4/3 375/4/3 472/4/3
f 549/4/3 548/4/3 554/4/3
f 554/4/3 548/4/3 551/4/3
f 547/4/3 1486/4/3 601/4/3
f 601/4/3 1486/4/3 598/4/3
f 1666/4/3 889/4/3 836/4/3
f 836/4/3 889/4/3 834/4/3
f 889/2/3 888/2/3 1866/2/3
f 1866/2/3 888/2/3 1867/2/3
f 1747/4/3 1746/4/3 934/4/3
f 934/4/3 1746/4/3 931/4/3
f 961/4/3 960/4/3 970/4/3
f 970/4/3 960/4/3 967/4/3
f 973/4/3 972/4/3 978/4/3
f 978/4/3 972/4/3 975/4/3
f 38/2/3 37/2/3 43/2/3
f 43/2/3 37/2/3 40/2/3
f 93/4/3 97/4/3 66/4/3
f 66/4/3 97/4/3 63/4/3
f 96/4/3 95/4/3 105/4/3
f 105/4/3 95/4/3 102/4/3
f 1124/4/3 1123/4/3 151/4/3
f 151/4/3 1123/4/3 148/4/3
f 194/4/3 193/4/3 1161/4/3
f 1161/4/3 193/4/3 1162/4/3
f 295/2/3 294/2/3 1869/2/3
f 1869/2/3 294/2/3 377/2/3
f 468/4/3 467/4/3 473/4/3
f 473/4/3 467/4/3 470/4/3
f 604/2/3 603/2/3 548/2/3
f 548/2/3 603/2/3 1487/2/3
f 602/4/3 1870/4/3 680/4/3
f 680/4/3 1870/4/3 677/4/3
f 1870/4/3 723/4/3 1864/4/3
f 1864/4/3 723/4/3 1865/4/3
f 722/4/3 839/4/3 790/4/3
f 790/4/3 839/4/3 787/4/3
f 839/4/3 838/4/3 1667/4/3
f 1667/4/3 838/4/3 1668/4/3
f 910/4/3 957/4/3 962/4/3
f 962/4/3 957/4/3 959/4/3
f 923/4/3 980/4/3 1778/4/3
f 1778/4/3 980/4/3 1779/4/3
f 119/4/3 1871/4/3 36/4/3
f 36/4/3 1871/4/3 79/4/3
f 127/4/3 130/4/3 84/4/3
f 84/4/3 130/4/3 81/4/3
f 89/4/3 88/4/3 1872/4/3
f 1872/4/3 88/4/3 91/4/3
f 154/4/3 242/4/3 1125/4/3
f 1125/4/3 242/4/3 192/4/3
f 241/4/3 240/4/3 250/4/3
f 250/4/3 240/4/3 247/4/3
f 368/4/3 367/4/3 377/4/3
f 377/4/3 367/4/3 374/4/3
f 429/2/3 428/2/3 469/2/3
f 469/2/3 428/2/3 1873/2/3
f 428/4/3 465/4/3 1873/4/3
f 1873/4/3 465/4/3 466/4/3
f 542/4/3 541/4/3 550/4/3
f 550/4/3 541/4/3 547/4/3
f 720/4/3 719/4/3 1874/4/3
f 1874/4/3 719/4/3 722/4/3
f 719/2/3 778/2/3 722/2/3
f 722/2/3 778/2/3 839/2/3
f 868/4/3 914/4/3 919/4/3
f 919/4/3 914/4/3 916/4/3
f 875/4/3 921/4/3 926/4/3
f 926/4/3 921/4/3 923/4/3
f 937/4/3 936/4/3 887/4/3
f 887/4/3 936/4/3 1748/4/3
f 123/2/3 122/2/3 1875/2/3
f 1875/2/3 122/2/3 125/2/3
f 181/4/3 184/4/3 135/4/3
f 135/4/3 184/4/3 132/4/3
f 138/4/3 137/4/3 155/4/3
f 155/4/3 137/4/3 152/4/3
f 187/4/3 186/4/3 153/4/3
f 153/4/3 186/4/3 242/4/3
f 186/2/3 238/2/3 242/2/3
f 242/2/3 238/2/3 239/2/3
f 292/4/3 291/4/3 296/4/3
f 296/4/3 291/4/3 293/4/3
f 425/4/3 597/4/3 366/4/3
f 366/4/3 597/4/3 464/4/3
f 596/4/3 1876/4/3 465/4/3
f 465/4/3 1876/4/3 540/4/3
f 1876/4/3 595/4/3 724/4/3
f 724/4/3 595/4/3 1874/4/3
f 594/4/3 1877/4/3 721/4/3
f 721/4/3 1877/4/3 777/4/3
f 1877/4/3 827/4/3 840/4/3
f 840/4/3 827/4/3 837/4/3
f 805/4/3 860/4/3 864/4/3
f 864/4/3 860/4/3 861/4/3
f 807/4/3 866/4/3 915/4/3
f 915/4/3 866/4/3 1878/4/3
f 815/4/3 873/4/3 922/4/3
f 922/4/3 873/4/3 1879/4/3
f 826/4/3 880/4/3 890/4/3
f 890/4/3 880/4/3 887/4/3
f 216/4/3 1880/4/3 178/4/3
f 178/4/3 1880/4/3 175/4/3
f 224/4/3 228/4/3 1881/4/3
f 1881/4/3 228/4/3 179/4/3
f 235/4/3 234/4/3 137/4/3
f 137/4/3 234/4/3 237/4/3
f 234/2/3 289/2/3 237/2/3
f 237/2/3 289/2/3 290/2/3
f 365/4/3 364/4/3 369/4/3
f 369/4/3 364/4/3 366/4/3
f 363/4/3 422/4/3 426/4/3
f 426/4/3 422/4/3 423/4/3
f 463/4/3 462/4/3 424/4/3
f 424/4/3 462/4/3 597/4/3
f 462/2/3 539/2/3 597/2/3
f 597/2/3 539/2/3 671/2/3
f 537/2/3 593/2/3 672/2/3
f 672/2/3 593/2/3 1882/2/3
f 593/4/3 717/4/3 1882/4/3
f 1882/4/3 717/4/3 669/4/3
f 716/4/3 715/4/3 670/4/3
f 670/4/3 715/4/3 828/4/3
f 714/4/3 776/4/3 829/4/3
f 829/4/3 776/4/3 881/4/3
f 811/2/3 810/2/3 817/2/3
f 817/2/3 810/2/3 814/2/3
f 767/2/3 819/2/3 823/2/3
f 823/2/3 819/2/3 820/2/3
f 775/4/3 825/4/3 882/4/3
f 882/4/3 825/4/3 1883/4/3
f 220/4/3 219/4/3 284/4/3
f 284/4/3 219/4/3 278/4/3
f 231/4/3 230/4/3 1884/4/3
f 1884/4/3 230/4/3 233/4/3
f 218/2/3 271/2/3 215/2/3
f 215/2/3 271/2/3 276/2/3
f 229/2/3 286/2/3 226/2/3
f 226/2/3 286/2/3 1885/2/3
f 333/4/3 332/4/3 337/4/3
f 337/4/3 332/4/3 335/4/3
f 286/4/3 419/4/3 1885/4/3
f 1885/4/3 419/4/3 357/4/3
f 418/4/3 417/4/3 358/4/3
f 358/4/3 417/4/3 421/4/3
f 416/4/3 457/4/3 665/4/3
f 665/4/3 457/4/3 1886/4/3
f 460/4/3 459/4/3 422/4/3
f 422/4/3 459/4/3 461/4/3
f 457/2/3 532/2/3 1886/2/3
f 1886/2/3 532/2/3 1887/2/3
f 576/4/3 633/4/3 567/4/3
f 567/4/3 633/4/3 747/4/3
f 532/4/3 662/4/3 1887/4/3
f 1887/4/3 662/4/3 663/4/3
f 661/4/3 708/4/3 771/4/3
f 771/4/3 708/4/3 768/4/3
f 702/4/3 754/4/3 699/4/3
f 699/4/3 754/4/3 756/4/3
f 707/4/3 763/4/3 769/4/3
f 769/4/3 763/4/3 766/4/3
f 774/4/3 773/4/3 664/4/3
f 664/4/3 773/4/3 775/4/3
f 344/4/3 343/4/3 353/4/3
f 353/4/3 343/4/3 350/4/3
f 342/4/3 403/4/3 341/4/3
f 341/4/3 403/4/3 405/4/3
f 455/4/3 454/4/3 411/4/3
f 411/4/3 454/4/3 456/4/3
f 657/4/3 588/4/3 528/4/3
f 528/4/3 588/4/3 526/4/3
f 587/4/3 586/4/3 527/4/3
f 527/4/3 586/4/3 709/4/3
f 580/4/3 651/4/3 577/4/3
f 577/4/3 651/4/3 704/4/3
f 585/4/3 656/4/3 710/4/3
f 710/4/3 656/4/3 764/4/3
f 275/3/4 1228/3/4 268/3/4
f 268/3/4 1228/3/4 1226/3/4
f 269/1/4 1225/1/4 266/1/4
f 266/1/4 1225/1/4 1224/1/4
f 362/3/4 1302/3/4 359/3/4
f 359/3/4 1302/3/4 1301/3/4
f 398/1/4 1456/1/4 396/1/4
f 396/1/4 1456/1/4 1362/1/4
f 447/1/4 1361/1/4 445/1/4
f 445/1/4 1361/1/4 1360/1/4
f 512/3/4 1411/3/4 510/3/4
f 510/3/4 1411/3/4 1410/3/4
f 572/1/4 1454/1/4 569/1/4
f 569/1/4 1454/1/4 1453/1/4
f 631/1/4 1498/1/4 629/1/4
f 629/1/4 1498/1/4 1497/1/4
f 570/3/4 1457/3/4 643/3/4
f 643/3/4 1457/3/4 1506/3/4
f 590/1/4 1477/1/4 666/1/4
f 666/1/4 1477/1/4 1531/1/4
f 713/1/4 1569/1/4 711/1/4
f 711/1/4 1569/1/4 1568/1/4
f 752/3/4 1597/3/4 750/3/4
f 750/3/4 1597/3/4 1596/3/4
f 644/1/4 1507/1/4 812/1/4
f 812/1/4 1507/1/4 1644/1/4
f 349/1/4 267/1/4 346/1/4
f 346/1/4 267/1/4 339/1/4
f 401/3/4 338/3/4 399/3/4
f 399/3/4 338/3/4 397/3/4
f 518/1/4 396/1/4 516/1/4
f 516/1/4 396/1/4 511/1/4
f 517/1/4 571/1/4 573/1/4
f 573/1/4 571/1/4 570/1/4
f 574/1/4 645/1/4 653/1/4
f 653/1/4 645/1/4 644/1/4
f 1888/1/4 346/1/4 1889/1/4
f 1889/1/4 346/1/4 400/1/4
f 1890/1/4 399/1/4 1891/1/4
f 1891/1/4 399/1/4 517/1/4
f 1892/1/4 1893/1/4 1894/1/4
f 1894/1/4 1893/1/4 1891/1/4
f 1895/1/4 575/1/4 1896/1/4
f 1896/1/4 575/1/4 574/1/4
f 1897/3/4 1890/3/4 1898/3/4
f 1898/3/4 1890/3/4 1893/3/4
f 1899/3/4 1895/3/4 1900/3/4
f 1900/3/4 1895/3/4 1896/3/4
f 1901/1/4 1897/1/4 1902/1/4
f 1902/1/4 1897/1/4 1898/1/4
f 1902/3/4 1892/3/4 1903/3/4
f 1903/3/4 1892/3/4 1894/3/4
f 1904/3/4 1901/3/4 1905/3/4
f 1905/3/4 1901/3/4 1902/3/4
f 1906/1/4 1899/1/4 1907/1/4
f 1907/1/4 1899/1/4 1900/1/4
f 1908/3/4 1888/3/4 1909/3/4
f 1909/3/4 1888/3/4 1889/3/4
f 1910/3/4 1906/3/4 1911/3/4
f 1911/3/4 1906/3/4 1907/3/4
f 1465/1/4 1910/1/4 1466/1/4
f 1466/1/4 1910/1/4 1911/1/4
f 1912/1/4 1902/1/4 1460/1/4
f 1460/1/4 1902/1/4 1903/1/4
f 1460/1/4 1464/1/4 1461/1/4
f 1461/1/4 1464/1/4 1463/1/4
f 1553/1/4 1461/1/4 1815/1/4
f 1815/1/4 1461/1/4 1508/1/4
f 1327/1/4 1908/1/4 1328/1/4
f 1328/1/4 1908/1/4 1909/1/4
f 1325/1/4 1904/1/4 1366/1/4
f 1366/1/4 1904/1/4 1905/1/4
f 697/1/4 1459/1/4 637/1/4
f 637/1/4 1459/1/4 1458/1/4
f 638/1/4 1552/1/4 1640/1/4
f 1640/1/4 1552/1/4 1551/1/4
f 1233/2/4 1288/2/4 1286/2/4
f 1286/2/4 1288/2/4 1287/2/4
f 1281/4/4 1326/4/4 1324/4/4
f 1324/4/4 1326/4/4 1325/4/4
f 1418/3/4 1912/3/4 1419/3/4
f 1419/3/4 1912/3/4 1460/3/4
f 1468/1/4 648/1/4 1469/1/4
f 1469/1/4 648/1/4 1814/1/4
f 1500/1/4 1638/1/4 1636/1/4
f 1636/1/4 1638/1/4 1637/1/4
f 1185/4/4 1234/4/4 1232/4/4
f 1232/4/4 1234/4/4 1233/4/4
f 1819/4/4 1241/4/4 1239/4/4
f 1239/4/4 1241/4/4 1240/4/4
f 1221/4/4 1274/4/4 1414/4/4
f 1414/4/4 1274/4/4 1273/4/4
f 1180/4/4 1282/4/4 1278/4/4
f 1278/4/4 1282/4/4 1281/4/4
f 1237/4/4 1296/4/4 1294/4/4
f 1294/4/4 1296/4/4 1295/4/4
f 1277/4/4 1276/4/4 1913/4/4
f 1913/4/4 1276/4/4 1323/4/4
f 1913/4/4 1365/4/4 1914/4/4
f 1914/4/4 1365/4/4 1364/4/4
f 1332/4/4 1371/4/4 1369/4/4
f 1369/4/4 1371/4/4 1370/4/4
f 1914/4/4 1417/4/4 1415/4/4
f 1415/4/4 1417/4/4 1416/4/4
f 1451/4/4 1501/4/4 1452/4/4
f 1452/4/4 1501/4/4 1635/4/4
f 1504/4/4 1419/4/4 1511/4/4
f 1511/4/4 1419/4/4 1467/4/4
f 1512/4/4 1519/4/4 1513/4/4
f 1513/4/4 1519/4/4 1518/4/4
f 1524/4/4 1521/4/4 1561/4/4
f 1561/4/4 1521/4/4 1562/4/4
f 1449/4/4 1634/4/4 1629/4/4
f 1629/4/4 1634/4/4 1633/4/4
f 1673/4/4 1636/4/4 1674/4/4
f 1674/4/4 1636/4/4 1681/4/4
f 1821/4/4 1181/4/4 1140/4/4
f 1140/4/4 1181/4/4 1179/4/4
f 1097/2/4 1145/2/4 1143/2/4
f 1143/2/4 1145/2/4 1144/2/4
f 1823/4/4 1153/4/4 1151/4/4
f 1151/4/4 1153/4/4 1152/4/4
f 1137/2/4 1178/2/4 1176/2/4
f 1176/2/4 1178/2/4 1177/2/4
f 1148/4/4 1238/4/4 1190/4/4
f 1190/4/4 1238/4/4 1293/4/4
f 1219/2/4 1222/2/4 1220/2/4
f 1220/2/4 1222/2/4 1221/2/4
f 1192/2/4 1248/2/4 1246/2/4
f 1246/2/4 1248/2/4 1247/2/4
f 1217/4/4 1216/4/4 1320/4/4
f 1320/4/4 1216/4/4 1321/4/4
f 1408/4/4 1322/4/4 1409/4/4
f 1409/4/4 1322/4/4 1413/4/4
f 1404/4/4 1450/4/4 1448/4/4
f 1448/4/4 1450/4/4 1449/4/4
f 1430/4/4 1429/4/4 1575/4/4
f 1575/4/4 1429/4/4 1478/4/4
f 1446/4/4 1549/4/4 1915/4/4
f 1915/4/4 1549/4/4 1548/4/4
f 1915/2/4 1548/2/4 1916/2/4
f 1916/2/4 1548/2/4 1594/2/4
f 1692/4/4 1604/4/4 1647/4/4
f 1647/4/4 1604/4/4 1603/4/4
f 1574/4/4 1573/4/4 1608/4/4
f 1608/4/4 1573/4/4 1609/4/4
f 1916/4/4 1594/4/4 1627/4/4
f 1627/4/4 1594/4/4 1628/4/4
f 1648/4/4 1651/4/4 1649/4/4
f 1649/4/4 1651/4/4 1650/4/4
f 1708/4/4 1629/4/4 1713/4/4
f 1713/4/4 1629/4/4 1672/4/4
f 1714/4/4 1674/4/4 1715/4/4
f 1715/4/4 1674/4/4 1722/4/4
f 1827/4/4 1138/4/4 1089/4/4
f 1089/4/4 1138/4/4 1175/4/4
f 1828/4/4 1098/4/4 1096/4/4
f 1096/4/4 1098/4/4 1097/4/4
f 1103/4/4 1149/4/4 1104/4/4
f 1104/4/4 1149/4/4 1189/4/4
f 1831/4/4 1110/4/4 1108/4/4
f 1108/4/4 1110/4/4 1109/4/4
f 1128/4/4 1174/4/4 1129/4/4
f 1129/4/4 1174/4/4 1172/4/4
f 1211/4/4 1214/4/4 1212/4/4
f 1212/4/4 1214/4/4 1213/4/4
f 1917/2/4 1270/2/4 1918/2/4
f 1918/2/4 1270/2/4 1317/2/4
f 1355/4/4 1358/4/4 1356/4/4
f 1356/4/4 1358/4/4 1357/4/4
f 1356/4/4 1405/4/4 1403/4/4
f 1403/4/4 1405/4/4 1404/4/4
f 1401/2/4 1447/2/4 1445/2/4
f 1445/2/4 1447/2/4 1446/2/4
f 1443/4/4 1626/4/4 1670/4/4
f 1670/4/4 1626/4/4 1625/4/4
f 1733/4/4 1649/4/4 1836/4/4
f 1836/4/4 1649/4/4 1694/4/4
f 1698/4/4 1701/4/4 1699/4/4
f 1699/4/4 1701/4/4 1700/4/4
f 1671/4/4 1627/4/4 891/4/4
f 891/4/4 1627/4/4 1707/4/4
f 1919/4/4 1715/4/4 1920/4/4
f 1920/4/4 1715/4/4 1752/4/4
f 1014/4/4 1087/4/4 1052/4/4
f 1052/4/4 1087/4/4 1085/4/4
f 1062/4/4 1094/4/4 1063/4/4
f 1063/4/4 1094/4/4 1092/4/4
f 1837/4/4 1106/4/4 1070/4/4
f 1070/4/4 1106/4/4 1822/4/4
f 1921/2/4 1127/2/4 1165/2/4
f 1165/2/4 1127/2/4 1126/2/4
f 1165/4/4 1171/4/4 1166/4/4
f 1166/4/4 1171/4/4 1170/4/4
f 1268/4/4 1271/4/4 1269/4/4
f 1269/4/4 1271/4/4 1270/4/4
f 1269/4/4 1917/4/4 1316/4/4
f 1316/4/4 1917/4/4 1918/4/4
f 1399/4/4 1402/4/4 1400/4/4
f 1400/4/4 1402/4/4 1401/4/4
f 1922/4/4 1923/4/4 1924/4/4
f 1924/4/4 1923/4/4 1587/4/4
f 844/4/4 1670/4/4 841/4/4
f 841/4/4 1670/4/4 1669/4/4
f 1711/4/4 893/4/4 1712/4/4
f 1712/4/4 893/4/4 892/4/4
f 1729/4/4 1825/4/4 1730/4/4
f 1730/4/4 1825/4/4 1731/4/4
f 1737/4/4 1826/4/4 1738/4/4
f 1738/4/4 1826/4/4 1739/4/4
f 1925/2/4 1919/2/4 1926/2/4
f 1926/2/4 1919/2/4 1920/2/4
f 20/2/4 1015/2/4 17/2/4
f 17/2/4 1015/2/4 1014/2/4
f 54/4/4 1068/4/4 51/4/4
f 51/4/4 1068/4/4 1066/4/4
f 1077/4/4 1084/4/4 1078/4/4
f 1078/4/4 1084/4/4 1083/4/4
f 159/4/4 1921/4/4 156/4/4
f 156/4/4 1921/4/4 1165/4/4
f 1927/4/4 1210/4/4 1928/4/4
f 1928/4/4 1210/4/4 1209/4/4
f 1929/4/4 1354/4/4 1930/4/4
f 1930/4/4 1354/4/4 1353/4/4
f 1441/4/4 1444/4/4 1442/4/4
f 1442/4/4 1444/4/4 1443/4/4
f 1931/2/4 1922/2/4 1933/2/4
f 1933/2/4 1922/2/4 1932/2/4
f 898/4/4 842/4/4 895/4/4
f 895/4/4 842/4/4 1710/4/4
f 1750/4/4 1925/4/4 1751/4/4
f 1751/4/4 1925/4/4 1926/4/4
f 966/2/4 1727/2/4 963/2/4
f 963/2/4 1727/2/4 1764/2/4
f 28/4/4 19/4/4 25/4/4
f 25/4/4 19/4/4 18/4/4
f 1029/4/4 1032/4/4 1030/4/4
f 1030/4/4 1032/4/4 1031/4/4
f 1008/4/4 1038/4/4 1036/4/4
f 1036/4/4 1038/4/4 1037/4/4
f 70/4/4 1051/4/4 67/4/4
f 67/4/4 1051/4/4 1050/4/4
f 1934/4/4 1076/4/4 1935/4/4
f 1935/4/4 1076/4/4 157/4/4
f 199/4/4 1164/4/4 196/4/4
f 196/4/4 1164/4/4 1163/4/4
f 196/2/4 1927/2/4 307/2/4
f 307/2/4 1927/2/4 1928/2/4
f 308/4/4 1267/4/4 305/4/4
f 305/4/4 1267/4/4 1266/4/4
f 306/4/4 1315/4/4 1313/4/4
f 1313/4/4 1315/4/4 1314/4/4
f 1313/2/4 1929/2/4 1352/2/4
f 1352/2/4 1929/2/4 1930/2/4
f 1936/2/4 1440/2/4 1937/2/4
f 1937/2/4 1440/2/4 1439/2/4
f 732/4/4 1931/4/4 1938/4/4
f 1938/4/4 1931/4/4 1933/4/4
f 1938/4/4 1932/4/4 729/4/4
f 729/4/4 1932/4/4 1924/4/4
f 730/4/4 1589/4/4 791/4/4
f 791/4/4 1589/4/4 1670/4/4
f 792/4/4 843/4/4 845/4/4
f 845/4/4 843/4/4 842/4/4
f 846/4/4 897/4/4 899/4/4
f 899/4/4 897/4/4 896/4/4
f 899/2/4 896/2/4 938/2/4
f 938/2/4 896/2/4 1749/2/4
f 1766/4/4 965/4/4 1767/4/4
f 1767/4/4 965/4/4 964/4/4
f 1772/4/4 1775/4/4 1773/4/4
f 1773/4/4 1775/4/4 1774/4/4
f 989/4/4 1783/4/4 987/4/4
f 987/4/4 1783/4/4 1782/4/4
f 12/2/4 1006/2/4 9/2/4
f 9/2/4 1006/2/4 1005/2/4
f 1023/4/4 27/4/4 1024/4/4
f 1024/4/4 27/4/4 26/4/4
f 109/2/4 1934/2/4 106/2/4
f 106/2/4 1934/2/4 1939/2/4
f 106/4/4 1939/4/4 1132/4/4
f 1132/4/4 1939/4/4 1935/4/4
f 254/4/4 1206/4/4 251/4/4
f 251/4/4 1206/4/4 308/4/4
f 252/4/4 307/4/4 1262/4/4
f 1262/4/4 307/4/4 306/4/4
f 1348/4/4 1351/4/4 1349/4/4
f 1349/4/4 1351/4/4 1350/4/4
f 613/4/4 1588/4/4 610/4/4
f 610/4/4 1588/4/4 1923/4/4
f 736/4/4 1940/4/4 733/4/4
f 733/4/4 1940/4/4 730/4/4
f 1941/4/4 847/4/4 1942/4/4
f 1942/4/4 847/4/4 846/4/4
f 943/4/4 901/4/4 940/4/4
f 940/4/4 901/4/4 939/4/4
f 940/2/4 939/2/4 985/2/4
f 985/2/4 939/2/4 1781/2/4
f 997/4/4 1767/4/4 994/4/4
f 994/4/4 1767/4/4 1787/4/4
f 1943/4/4 1004/4/4 1944/4/4
f 1944/4/4 1004/4/4 1003/4/4
f 1055/4/4 69/4/4 1056/4/4
f 1056/4/4 69/4/4 68/4/4
f 1053/4/4 108/4/4 1080/4/4
f 1080/4/4 108/4/4 107/4/4
f 163/4/4 1131/4/4 160/4/4
f 160/4/4 1131/4/4 1130/4/4
f 1208/4/4 253/4/4 311/4/4
f 311/4/4 253/4/4 252/4/4
f 312/2/4 251/2/4 309/2/4
f 309/2/4 251/2/4 1261/2/4
f 437/4/4 1347/4/4 434/4/4
f 434/4/4 1347/4/4 1346/4/4
f 435/4/4 1398/4/4 1392/4/4
f 1392/4/4 1398/4/4 1397/4/4
f 1493/4/4 612/4/4 1494/4/4
f 1494/4/4 612/4/4 611/4/4
f 1592/4/4 735/4/4 1593/4/4
f 1593/4/4 735/4/4 734/4/4
f 1593/4/4 793/4/4 1945/4/4
f 1945/4/4 793/4/4 792/4/4
f 851/2/4 1941/2/4 848/2/4
f 848/2/4 1941/2/4 1942/2/4
f 1717/4/4 942/4/4 944/4/4
f 944/4/4 942/4/4 941/4/4
f 1760/4/4 950/4/4 1761/4/4
f 1761/4/4 950/4/4 949/4/4
f 993/4/4 1786/4/4 990/4/4
f 990/4/4 1786/4/4 1785/4/4
f 8/2/4 1943/2/4 5/2/4
f 5/2/4 1943/2/4 1944/2/4
f 1946/4/4 1012/4/4 1947/4/4
f 1947/4/4 1012/4/4 1011/4/4
f 32/4/4 1022/4/4 29/4/4
f 29/4/4 1022/4/4 1021/4/4
f 74/2/4 1054/2/4 71/2/4
f 71/2/4 1054/2/4 1053/2/4
f 1168/4/4 198/4/4 1169/4/4
f 1169/4/4 198/4/4 197/4/4
f 258/4/4 1207/4/4 255/4/4
f 255/4/4 1207/4/4 312/4/4
f 256/4/4 311/4/4 1263/4/4
f 1263/4/4 311/4/4 310/4/4
f 381/4/4 1312/4/4 378/4/4
f 378/4/4 1312/4/4 1311/4/4
f 379/4/4 436/4/4 487/4/4
f 487/4/4 436/4/4 435/4/4
f 488/4/4 434/4/4 485/4/4
f 485/4/4 434/4/4 1391/4/4
f 617/4/4 1492/4/4 614/4/4
f 614/4/4 1492/4/4 1491/4/4
f 615/4/4 731/4/4 1547/4/4
f 1547/4/4 731/4/4 1940/4/4
f 1948/2/4 1593/2/4 1949/2/4
f 1949/2/4 1593/2/4 1945/2/4
f 1950/2/4 992/2/4 1951/2/4
f 1951/2/4 992/2/4 991/2/4
f 16/2/4 1946/2/4 13/2/4
f 13/2/4 1946/2/4 1947/2/4
f 1025/4/4 31/4/4 1026/4/4
f 1026/4/4 31/4/4 30/4/4
f 62/4/4 57/4/4 59/4/4
f 59/4/4 57/4/4 56/4/4
f 24/4/4 1018/4/4 1952/4/4
f 1952/4/4 1018/4/4 72/4/4
f 113/4/4 1079/4/4 1135/4/4
f 1135/4/4 1079/4/4 161/4/4
f 1953/4/4 257/4/4 1954/4/4
f 1954/4/4 257/4/4 256/4/4
f 441/4/4 378/4/4 438/4/4
f 438/4/4 378/4/4 488/4/4
f 439/4/4 487/4/4 1394/4/4
f 1394/4/4 487/4/4 486/4/4
f 1496/2/4 616/2/4 683/2/4
f 683/2/4 616/2/4 615/2/4
f 684/2/4 614/2/4 681/2/4
f 681/2/4 614/2/4 1546/2/4
f 797/4/4 1948/4/4 794/4/4
f 794/4/4 1948/4/4 1949/4/4
f 1676/4/4 850/4/4 902/4/4
f 902/4/4 850/4/4 1716/4/4
f 955/4/4 946/4/4 952/4/4
f 952/4/4 946/4/4 945/4/4
f 984/4/4 977/4/4 982/4/4
f 982/4/4 977/4/4 976/4/4
f 1001/4/4 1950/4/4 998/4/4
f 998/4/4 1950/4/4 1951/4/4
f 4/4/4 1002/4/4 1/4/4
f 1/4/4 1002/4/4 31/4/4
f 47/4/4 1010/4/4 1868/4/4
f 1868/4/4 1010/4/4 1009/4/4
f 35/4/4 23/4/4 33/4/4
f 33/4/4 23/4/4 22/4/4
f 1059/4/4 21/4/4 1060/4/4
f 1060/4/4 21/4/4 1952/4/4
f 1955/2/4 1134/2/4 202/2/4
f 202/2/4 1134/2/4 1133/2/4
f 203/4/4 1167/4/4 200/4/4
f 200/4/4 1167/4/4 257/4/4
f 200/2/4 1953/2/4 315/2/4
f 315/2/4 1953/2/4 1954/2/4
f 316/4/4 255/4/4 313/4/4
f 313/4/4 255/4/4 380/4/4
f 313/2/4 380/2/4 495/2/4
f 495/2/4 380/2/4 379/2/4
f 495/4/4 440/4/4 491/4/4
f 491/4/4 440/4/4 439/4/4
f 492/4/4 438/4/4 489/4/4
f 489/4/4 438/4/4 1393/4/4
f 621/4/4 1495/4/4 618/4/4
f 618/4/4 1495/4/4 684/4/4
f 740/4/4 1591/4/4 737/4/4
f 737/4/4 1591/4/4 1590/4/4
f 1956/2/4 796/2/4 1957/2/4
f 1957/2/4 796/2/4 795/2/4
f 1720/2/4 904/2/4 1721/2/4
f 1721/2/4 904/2/4 903/2/4
f 43/4/4 1/4/4 40/4/4
f 40/4/4 1/4/4 34/4/4
f 66/2/4 1048/2/4 63/2/4
f 63/2/4 1048/2/4 1047/2/4
f 1958/4/4 1955/4/4 1959/4/4
f 1959/4/4 1955/4/4 201/4/4
f 1265/4/4 315/4/4 384/4/4
f 384/4/4 315/4/4 314/4/4
f 385/4/4 313/4/4 382/4/4
f 382/4/4 313/4/4 495/4/4
f 1396/4/4 1960/4/4 557/4/4
f 557/4/4 1960/4/4 493/4/4
f 558/4/4 1936/4/4 555/4/4
f 555/4/4 1936/4/4 1937/4/4
f 556/2/4 620/2/4 1961/2/4
f 1961/2/4 620/2/4 619/2/4
f 1632/4/4 1956/4/4 855/4/4
f 855/4/4 1956/4/4 1957/4/4
f 855/4/4 795/4/4 852/4/4
f 852/4/4 795/4/4 1675/4/4
f 853/4/4 1719/4/4 906/4/4
f 906/4/4 1719/4/4 1718/4/4
f 962/4/4 954/4/4 959/4/4
f 959/4/4 954/4/4 953/4/4
f 974/4/4 969/4/4 971/4/4
f 971/4/4 969/4/4 968/4/4
f 39/2/4 1028/2/4 36/2/4
f 36/2/4 1028/2/4 1027/2/4
f 94/4/4 1044/4/4 1872/4/4
f 1872/4/4 1044/4/4 1043/4/4
f 78/4/4 1058/4/4 75/4/4
f 75/4/4 1058/4/4 1057/4/4
f 75/4/4 112/4/4 1082/4/4
f 1082/4/4 112/4/4 111/4/4
f 167/2/4 1958/2/4 164/2/4
f 164/2/4 1958/2/4 1962/2/4
f 323/4/4 200/4/4 319/4/4
f 319/4/4 200/4/4 315/4/4
f 320/4/4 1264/4/4 317/4/4
f 317/4/4 1264/4/4 385/4/4
f 502/4/4 494/4/4 498/4/4
f 498/4/4 494/4/4 1960/4/4
f 499/2/4 1395/2/4 496/2/4
f 496/2/4 1395/2/4 558/2/4
f 688/4/4 556/4/4 1963/4/4
f 1963/4/4 556/4/4 1961/4/4
f 1963/4/4 683/4/4 685/4/4
f 685/4/4 683/4/4 682/4/4
f 1964/4/4 1631/4/4 1965/4/4
f 1965/4/4 1631/4/4 1630/4/4
f 1679/2/4 854/2/4 1680/2/4
f 1680/2/4 854/2/4 853/2/4
f 912/4/4 908/4/4 909/4/4
f 909/4/4 908/4/4 907/4/4
f 958/4/4 1763/4/4 956/4/4
f 956/4/4 1763/4/4 1762/4/4
f 981/4/4 973/4/4 979/4/4
f 979/4/4 973/4/4 972/4/4
f 120/4/4 77/4/4 116/4/4
f 116/4/4 77/4/4 76/4/4
f 128/4/4 37/4/4 1875/4/4
f 1875/4/4 37/4/4 80/4/4
f 90/4/4 86/4/4 87/4/4
f 87/4/4 86/4/4 85/4/4
f 117/4/4 1081/4/4 206/4/4
f 206/4/4 1081/4/4 165/4/4
f 207/4/4 1962/4/4 204/4/4
f 204/4/4 1962/4/4 1959/4/4
f 204/2/4 322/2/4 259/2/4
f 259/2/4 322/2/4 1966/2/4
f 389/4/4 384/4/4 386/4/4
f 386/4/4 384/4/4 383/4/4
f 444/4/4 501/4/4 1967/4/4
f 1967/4/4 501/4/4 500/4/4
f 562/4/4 557/4/4 559/4/4
f 559/4/4 557/4/4 556/4/4
f 624/2/4 687/2/4 622/2/4
f 622/2/4 687/2/4 1968/2/4
f 622/4/4 1968/4/4 689/4/4
f 689/4/4 1968/4/4 686/4/4
f 801/2/4 1964/2/4 798/2/4
f 798/2/4 1964/2/4 1965/2/4
f 799/4/4 1678/4/4 856/4/4
f 856/4/4 1678/4/4 1677/4/4
f 1878/4/4 911/4/4 913/4/4
f 913/4/4 911/4/4 910/4/4
f 1879/4/4 918/4/4 920/4/4
f 920/4/4 918/4/4 917/4/4
f 876/4/4 925/4/4 935/4/4
f 935/4/4 925/4/4 924/4/4
f 124/2/4 1871/2/4 121/2/4
f 121/2/4 1871/2/4 118/2/4
f 182/4/4 88/4/4 1881/4/4
f 1881/4/4 88/4/4 131/4/4
f 139/4/4 134/4/4 136/4/4
f 136/4/4 134/4/4 133/4/4
f 171/4/4 1136/4/4 168/4/4
f 168/4/4 1136/4/4 207/4/4
f 330/4/4 205/4/4 326/4/4
f 326/4/4 205/4/4 260/4/4
f 327/4/4 1966/4/4 324/4/4
f 324/4/4 1966/4/4 321/4/4
f 509/4/4 387/4/4 505/4/4
f 505/4/4 387/4/4 443/4/4
f 506/2/4 442/2/4 503/2/4
f 503/2/4 442/2/4 1967/2/4
f 628/4/4 560/4/4 1969/4/4
f 1969/4/4 560/4/4 690/4/4
f 744/4/4 739/4/4 741/4/4
f 741/4/4 739/4/4 738/4/4
f 804/4/4 800/4/4 802/4/4
f 802/4/4 800/4/4 799/4/4
f 803/4/4 858/4/4 859/4/4
f 859/4/4 858/4/4 857/4/4
f 867/4/4 863/4/4 865/4/4
f 865/4/4 863/4/4 862/4/4
f 874/4/4 870/4/4 872/4/4
f 872/4/4 870/4/4 869/4/4
f 1883/4/4 877/4/4 879/4/4
f 879/4/4 877/4/4 876/4/4
f 217/4/4 122/4/4 265/4/4
f 265/4/4 122/4/4 174/4/4
f 225/4/4 177/4/4 283/4/4
f 283/4/4 177/4/4 176/4/4
f 236/4/4 136/4/4 1884/4/4
f 1884/4/4 136/4/4 183/4/4
f 211/4/4 206/4/4 208/4/4
f 208/4/4 206/4/4 205/4/4
f 263/4/4 329/4/4 1970/4/4
f 1970/4/4 329/4/4 328/4/4
f 392/4/4 388/4/4 390/4/4
f 390/4/4 388/4/4 387/4/4
f 568/4/4 508/4/4 565/4/4
f 565/4/4 508/4/4 507/4/4
f 566/4/4 561/4/4 563/4/4
f 563/4/4 561/4/4 560/4/4
f 694/2/4 625/2/4 691/2/4
f 691/2/4 625/2/4 1969/2/4
f 692/4/4 743/4/4 745/4/4
f 745/4/4 743/4/4 742/4/4
f 756/2/4 808/2/4 809/2/4
f 809/2/4 808/2/4 807/2/4
f 766/2/4 816/2/4 818/2/4
f 818/2/4 816/2/4 815/2/4
f 770/4/4 822/4/4 824/4/4
f 824/4/4 822/4/4 821/4/4
f 221/4/4 1880/4/4 218/4/4
f 218/4/4 1880/4/4 215/4/4
f 232/4/4 227/4/4 229/4/4
f 229/4/4 227/4/4 226/4/4
f 272/2/4 214/2/4 270/2/4
f 270/2/4 214/2/4 264/2/4
f 412/4/4 222/4/4 352/4/4
f 352/4/4 222/4/4 282/4/4
f 334/4/4 261/4/4 331/4/4
f 331/4/4 261/4/4 1970/4/4
f 450/4/4 262/4/4 395/4/4
f 395/4/4 262/4/4 336/4/4
f 332/4/4 335/4/4 393/4/4
f 393/4/4 335/4/4 391/4/4
f 417/4/4 421/4/4 458/4/4
f 458/4/4 421/4/4 538/4/4
f 394/4/4 515/4/4 1971/4/4
f 1971/4/4 515/4/4 514/4/4
f 579/4/4 513/4/4 576/4/4
f 576/4/4 513/4/4 567/4/4
f 634/4/4 627/4/4 632/4/4
f 632/4/4 627/4/4 626/4/4
f 642/2/4 749/2/4 639/2/4
f 639/2/4 749/2/4 701/2/4
f 640/4/4 700/4/4 702/4/4
f 702/4/4 700/4/4 699/4/4
f 755/4/4 698/4/4 753/4/4
f 753/4/4 698/4/4 748/4/4
f 705/4/4 758/4/4 762/4/4
f 762/4/4 758/4/4 757/4/4
f 662/4/4 663/4/4 772/4/4
f 772/4/4 663/4/4 770/4/4
f 345/4/4 271/4/4 342/4/4
f 342/4/4 271/4/4 341/4/4
f 404/4/4 340/4/4 402/4/4
f 402/4/4 340/4/4 452/4/4
f 403/4/4 405/4/4 453/4/4
f 453/4/4 405/4/4 451/4/4
f 522/2/4 448/2/4 519/2/4
f 519/2/4 448/2/4 1971/2/4
f 523/4/4 578/4/4 580/4/4
f 580/4/4 578/4/4 577/4/4
f 652/4/4 641/4/4 650/4/4
f 650/4/4 641/4/4 640/4/4
f 581/4/4 706/4/4 655/4/4
f 655/4/4 706/4/4 765/4/4
f 1351/4/5 1348/4/5 1311/4/5
f 1311/4/5 1348/4/5 1347/4/5
f 1349/4/5 435/4/5 1346/4/5
f 1346/4/5 435/4/5 434/4/5
f 436/4/5 379/4/5 437/4/5
f 437/4/5 379/4/5 378/4/5
f 1392/4/5 486/4/5 1391/4/5
f 1391/4/5 486/4/5 485/4/5
f 487/4/5 439/4/5 488/4/5
f 488/4/5 439/4/5 438/4/5
f 1394/4/5 490/4/5 1393/4/5
f 1393/4/5 490/4/5 489/4/5
f 1972/4/5 1441/4/5 1397/4/5
f 1397/4/5 1441/4/5 1440/4/5
f 1315/4/5 306/4/5 1266/4/5
f 1266/4/5 306/4/5 305/4/5
f 1589/4/5 730/4/5 1587/4/5
f 1587/4/5 730/4/5 729/4/5
f 307/4/5 252/4/5 308/4/5
f 308/4/5 252/4/5 251/4/5
f 731/4/5 611/4/5 732/4/5
f 732/4/5 611/4/5 610/4/5
f 612/4/5 1493/4/5 613/4/5
f 613/4/5 1493/4/5 1492/4/5
f 311/4/5 256/4/5 312/4/5
f 312/4/5 256/4/5 255/4/5
f 1494/4/5 615/4/5 1491/4/5
f 1491/4/5 615/4/5 614/4/5
f 616/4/5 1496/4/5 617/4/5
f 617/4/5 1496/4/5 1495/4/5
f 1547/2/5 682/2/5 1546/2/5
f 1546/2/5 682/2/5 681/2/5
f 683/4/5 619/4/5 684/4/5
f 684/4/5 619/4/5 618/4/5
f 494/4/5 383/4/5 495/4/5
f 495/4/5 383/4/5 382/4/5
f 620/4/5 556/4/5 621/4/5
f 621/4/5 556/4/5 555/4/5
f 384/4/5 318/4/5 385/4/5
f 385/4/5 318/4/5 317/4/5
f 557/2/5 497/2/5 558/2/5
f 558/2/5 497/2/5 496/2/5
f 1627/4/5 1671/4/5 1625/4/5
f 1625/4/5 1671/4/5 1670/4/5
f 1973/4/5 1268/4/5 1209/4/5
f 1209/4/5 1268/4/5 1974/4/5
f 1402/4/5 1399/4/5 1353/4/5
f 1353/4/5 1399/4/5 1975/4/5
f 894/4/5 842/4/5 1669/4/5
f 1669/4/5 842/4/5 841/4/5
f 843/4/5 792/4/5 844/4/5
f 844/4/5 792/4/5 791/4/5
f 793/4/5 734/4/5 730/4/5
f 730/4/5 734/4/5 733/4/5
f 735/4/5 1592/4/5 736/4/5
f 736/4/5 1592/4/5 1591/4/5
f 1593/4/5 738/4/5 1590/4/5
f 1590/4/5 738/4/5 737/4/5
f 739/4/5 686/4/5 740/4/5
f 740/4/5 686/4/5 685/4/5
f 501/4/5 444/4/5 502/4/5
f 502/4/5 444/4/5 386/4/5
f 687/4/5 624/4/5 688/4/5
f 688/4/5 624/4/5 559/4/5
f 1629/4/5 1708/4/5 1628/4/5
f 1628/4/5 1708/4/5 1627/4/5
f 1173/4/5 1211/4/5 1170/4/5
f 1170/4/5 1211/4/5 1976/4/5
f 1319/2/5 1355/2/5 1317/2/5
f 1317/2/5 1355/2/5 1918/2/5
f 893/2/5 1711/2/5 894/2/5
f 894/2/5 1711/2/5 842/2/5
f 897/4/5 846/4/5 898/4/5
f 898/4/5 846/4/5 845/4/5
f 847/4/5 851/4/5 792/4/5
f 792/4/5 851/4/5 1945/4/5
f 851/2/5 1977/2/5 1945/2/5
f 1945/2/5 1977/2/5 1949/2/5
f 796/4/5 1632/4/5 797/4/5
f 797/4/5 1632/4/5 1631/4/5
f 1678/2/5 799/2/5 1965/2/5
f 1965/2/5 799/2/5 798/2/5
f 206/4/5 169/4/5 207/4/5
f 207/4/5 169/4/5 168/4/5
f 388/4/5 325/4/5 1978/4/5
f 1978/4/5 325/4/5 324/4/5
f 561/2/5 504/2/5 1967/2/5
f 1967/2/5 504/2/5 503/2/5
f 800/4/5 804/4/5 801/4/5
f 801/4/5 804/4/5 741/4/5
f 1636/4/5 1673/4/5 1633/4/5
f 1633/4/5 1673/4/5 1629/4/5
f 1216/4/5 1217/4/5 1213/4/5
f 1213/4/5 1217/4/5 1979/4/5
f 1359/4/5 1406/4/5 1357/4/5
f 1357/4/5 1406/4/5 1405/4/5
f 1674/4/5 1714/4/5 1672/4/5
f 1672/4/5 1714/4/5 1713/4/5
f 1715/4/5 1919/4/5 1707/4/5
f 1707/4/5 1919/4/5 891/4/5
f 1919/4/5 1925/4/5 892/4/5
f 892/4/5 1925/4/5 1712/4/5
f 1925/4/5 1750/4/5 1710/4/5
f 1710/4/5 1750/4/5 895/4/5
f 1751/2/5 939/2/5 1749/2/5
f 1749/2/5 939/2/5 938/2/5
f 901/4/5 943/4/5 846/4/5
f 846/4/5 943/4/5 1942/4/5
f 943/2/5 849/2/5 1942/2/5
f 1942/2/5 849/2/5 848/2/5
f 850/4/5 1980/4/5 851/4/5
f 851/4/5 1980/4/5 1977/4/5
f 1980/4/5 1676/4/5 1949/4/5
f 1949/4/5 1676/4/5 794/4/5
f 1719/4/5 853/4/5 1981/4/5
f 1981/4/5 853/4/5 852/4/5
f 854/4/5 1679/4/5 1630/4/5
f 1630/4/5 1679/4/5 1965/4/5
f 858/4/5 803/4/5 799/4/5
f 799/4/5 803/4/5 802/4/5
f 329/4/5 263/4/5 330/4/5
f 330/4/5 263/4/5 208/4/5
f 508/4/5 568/4/5 509/4/5
f 509/4/5 568/4/5 390/4/5
f 627/4/5 564/4/5 628/4/5
f 628/4/5 564/4/5 563/4/5
f 743/2/5 692/2/5 1969/2/5
f 1969/2/5 692/2/5 691/2/5
f 1454/3/5 572/3/5 1410/3/5
f 1410/3/5 572/3/5 510/3/5
f 1499/1/5 630/1/5 1497/1/5
f 1497/1/5 630/1/5 629/1/5
f 1683/4/5 1982/4/5 1681/4/5
f 1681/4/5 1982/4/5 1674/4/5
f 1322/4/5 1408/4/5 1321/4/5
f 1321/4/5 1408/4/5 1320/4/5
f 1754/4/5 1783/4/5 1752/4/5
f 1752/4/5 1783/4/5 1920/4/5
f 1783/2/5 1983/2/5 1920/2/5
f 1920/2/5 1983/2/5 1926/2/5
f 1983/4/5 989/4/5 1926/4/5
f 1926/4/5 989/4/5 939/4/5
f 987/2/5 986/2/5 1781/2/5
f 1781/2/5 986/2/5 985/2/5
f 942/4/5 1717/4/5 943/4/5
f 943/4/5 1717/4/5 849/4/5
f 904/4/5 1720/4/5 1675/4/5
f 1675/4/5 1720/4/5 1981/4/5
f 908/2/5 912/2/5 853/2/5
f 853/2/5 912/2/5 1680/2/5
f 861/4/5 860/4/5 857/4/5
f 857/4/5 860/4/5 859/4/5
f 335/4/5 332/4/5 1970/4/5
f 1970/4/5 332/4/5 331/4/5
f 747/4/5 633/4/5 693/4/5
f 693/4/5 633/4/5 632/4/5
f 1641/1/5 1642/1/5 1637/1/5
f 1637/1/5 1642/1/5 1636/1/5
f 1276/4/5 1277/4/5 1273/4/5
f 1273/4/5 1277/4/5 1414/4/5
f 1684/2/5 1685/2/5 1683/2/5
f 1683/2/5 1685/2/5 1982/2/5
f 1723/4/5 1724/4/5 1722/4/5
f 1722/4/5 1724/4/5 1715/4/5
f 1755/2/5 1756/2/5 1754/2/5
f 1754/2/5 1756/2/5 1783/2/5
f 1784/4/5 988/4/5 1782/4/5
f 1782/4/5 988/4/5 987/4/5
f 948/4/5 945/4/5 989/4/5
f 989/4/5 945/4/5 944/4/5
f 946/4/5 955/4/5 1716/4/5
f 1716/4/5 955/4/5 902/4/5
f 955/2/5 1984/2/5 903/2/5
f 903/2/5 1984/2/5 1721/2/5
f 1763/4/5 958/4/5 907/4/5
f 907/4/5 958/4/5 909/4/5
f 1985/4/5 862/4/5 1677/4/5
f 1677/4/5 862/4/5 856/4/5
f 863/4/5 867/4/5 864/4/5
f 864/4/5 867/4/5 805/4/5
f 515/4/5 394/4/5 391/4/5
f 391/4/5 394/4/5 393/4/5
f 749/4/5 642/4/5 567/4/5
f 567/4/5 642/4/5 576/4/5
f 1457/1/5 570/1/5 1453/1/5
f 1453/1/5 570/1/5 569/1/5
f 1598/3/5 751/3/5 1596/3/5
f 1596/3/5 751/3/5 750/3/5
f 571/1/5 517/1/5 511/1/5
f 511/1/5 517/1/5 516/1/5
f 1461/1/5 1553/1/5 1458/1/5
f 1458/1/5 1553/1/5 1986/1/5
f 1554/1/5 696/1/5 1551/1/5
f 1551/1/5 696/1/5 1640/1/5
f 1366/4/5 1418/4/5 1364/4/5
f 1364/4/5 1418/4/5 1417/4/5
f 1419/4/5 1504/4/5 1416/4/5
f 1416/4/5 1504/4/5 1415/4/5
f 1643/4/5 1687/4/5 1642/4/5
f 1642/4/5 1687/4/5 1686/4/5
f 1759/4/5 949/4/5 1756/4/5
f 1756/4/5 949/4/5 948/4/5
f 950/4/5 1760/4/5 951/4/5
f 951/4/5 1760/4/5 946/4/5
f 1987/4/5 953/4/5 1988/4/5
f 1988/4/5 953/4/5 952/4/5
f 954/4/5 1989/4/5 955/4/5
f 955/4/5 1989/4/5 1984/4/5
f 1989/4/5 962/4/5 1718/4/5
f 1718/4/5 962/4/5 906/4/5
f 959/4/5 957/4/5 1762/4/5
f 1762/4/5 957/4/5 956/4/5
f 911/2/5 1878/2/5 1985/2/5
f 1985/2/5 1878/2/5 862/2/5
f 1878/4/5 866/4/5 862/4/5
f 862/4/5 866/4/5 865/4/5
f 808/4/5 756/4/5 742/4/5
f 742/4/5 756/4/5 745/4/5
f 700/2/5 640/2/5 701/2/5
f 701/2/5 640/2/5 639/2/5
f 756/4/5 754/4/5 748/4/5
f 748/4/5 754/4/5 753/4/5
f 1990/2/5 520/2/5 1971/2/5
f 1971/2/5 520/2/5 519/2/5
f 1507/3/5 644/3/5 1506/3/5
f 1506/3/5 644/3/5 643/3/5
f 645/1/5 574/1/5 570/1/5
f 570/1/5 574/1/5 573/1/5
f 575/1/5 1895/1/5 517/1/5
f 517/1/5 1895/1/5 1894/1/5
f 1895/3/5 1991/3/5 1894/3/5
f 1894/3/5 1991/3/5 1903/3/5
f 1991/1/5 1465/1/5 1903/1/5
f 1903/1/5 1465/1/5 1464/1/5
f 1510/1/5 647/1/5 1508/1/5
f 1508/1/5 647/1/5 646/1/5
f 648/3/5 1468/3/5 649/3/5
f 649/3/5 1468/3/5 1419/3/5
f 1469/4/5 1992/4/5 1467/4/5
f 1467/4/5 1992/4/5 1511/4/5
f 1689/4/5 1690/4/5 1685/4/5
f 1685/4/5 1690/4/5 1725/4/5
f 1726/4/5 1993/4/5 1724/4/5
f 1724/4/5 1993/4/5 1757/4/5
f 1993/4/5 1994/4/5 1758/4/5
f 1758/4/5 1994/4/5 950/4/5
f 1786/4/5 993/4/5 1995/4/5
f 1995/4/5 993/4/5 1761/4/5
f 1996/2/5 1997/2/5 1987/2/5
f 1987/2/5 1997/2/5 953/2/5
f 967/4/5 960/4/5 1998/4/5
f 1998/4/5 960/4/5 959/4/5
f 916/4/5 914/4/5 910/4/5
f 910/4/5 914/4/5 913/4/5
f 814/2/5 810/2/5 807/2/5
f 807/2/5 810/2/5 809/2/5
f 405/4/5 403/4/5 452/4/5
f 452/4/5 403/4/5 402/4/5
f 578/4/5 523/4/5 1990/4/5
f 1990/4/5 523/4/5 520/4/5
f 704/4/5 651/4/5 640/4/5
f 640/4/5 651/4/5 650/4/5
f 1645/1/5 813/1/5 1644/1/5
f 1644/1/5 813/1/5 812/1/5
f 1999/1/5 2000/1/5 574/1/5
f 574/1/5 2000/1/5 1896/1/5
f 2000/3/5 2001/3/5 1896/3/5
f 1896/3/5 2001/3/5 1900/3/5
f 2002/1/5 2003/1/5 2004/1/5
f 2004/1/5 2003/1/5 1907/1/5
f 2003/3/5 2005/3/5 1907/3/5
f 1907/3/5 2005/3/5 1911/3/5
f 2005/1/5 2006/1/5 1911/1/5
f 1911/1/5 2006/1/5 1466/1/5
f 1519/1/5 1512/1/5 1469/1/5
f 1469/1/5 1512/1/5 1992/1/5
f 1604/4/5 1692/4/5 1560/4/5
f 1560/4/5 1692/4/5 1691/4/5
f 1693/4/5 1729/4/5 1690/4/5
f 1690/4/5 1729/4/5 1728/4/5
f 1765/2/5 964/2/5 1764/2/5
f 1764/2/5 964/2/5 963/2/5
f 965/4/5 1766/4/5 966/4/5
f 966/4/5 1766/4/5 1994/4/5
f 1767/4/5 997/4/5 949/4/5
f 949/4/5 997/4/5 1995/4/5
f 994/4/5 991/4/5 1785/4/5
f 1785/4/5 991/4/5 990/4/5
f 992/4/5 1950/4/5 945/4/5
f 945/4/5 1950/4/5 1988/4/5
f 1950/4/5 1001/4/5 1996/4/5
f 1996/4/5 1001/4/5 1997/4/5
f 969/2/5 974/2/5 970/2/5
f 970/2/5 974/2/5 961/2/5
f 870/4/5 874/4/5 915/4/5
f 915/4/5 874/4/5 807/4/5
f 278/4/5 219/4/5 215/4/5
f 215/4/5 219/4/5 218/4/5
f 758/4/5 705/4/5 699/4/5
f 699/4/5 705/4/5 702/4/5
f 350/4/5 343/4/5 341/4/5
f 341/4/5 343/4/5 342/4/5
f 706/4/5 581/4/5 577/4/5
f 577/4/5 581/4/5 580/4/5
f 1602/3/5 760/3/5 1601/3/5
f 1601/3/5 760/3/5 759/3/5
f 658/1/5 654/1/5 644/1/5
f 644/1/5 654/1/5 653/1/5
f 582/3/5 1792/3/5 1999/3/5
f 1999/3/5 1792/3/5 2007/3/5
f 1792/1/5 2008/1/5 2007/1/5
f 2007/1/5 2008/1/5 2001/1/5
f 2008/1/5 1799/1/5 1900/1/5
f 1900/1/5 1799/1/5 2004/1/5
f 1799/3/5 1803/3/5 2002/3/5
f 2002/3/5 1803/3/5 2009/3/5
f 1803/1/5 1807/1/5 2009/1/5
f 2009/1/5 1807/1/5 2005/1/5
f 1807/3/5 1811/3/5 2005/3/5
f 2005/3/5 1811/3/5 2006/3/5
f 1811/1/5 2010/1/5 1463/1/5
f 1463/1/5 2010/1/5 1461/1/5
f 2010/1/5 1520/1/5 1509/1/5
f 1509/1/5 1520/1/5 1469/1/5
f 1521/4/5 1524/4/5 1518/4/5
f 1518/4/5 1524/4/5 1513/4/5
f 1147/2/5 1187/2/5 1144/2/5
f 1144/2/5 1187/2/5 1143/2/5
f 1651/4/5 1648/4/5 1603/4/5
f 1603/4/5 1648/4/5 1647/4/5
f 1649/2/5 1733/2/5 1646/2/5
f 1646/2/5 1733/2/5 1732/2/5
f 1734/4/5 1735/4/5 1731/4/5
f 1731/4/5 1735/4/5 1730/4/5
f 1735/2/5 1768/2/5 1730/2/5
f 1730/2/5 1768/2/5 965/2/5
f 1769/4/5 1770/4/5 964/4/5
f 964/4/5 1770/4/5 1767/4/5
f 1788/4/5 995/4/5 1787/4/5
f 1787/4/5 995/4/5 994/4/5
f 1790/2/5 1860/2/5 991/2/5
f 991/2/5 1860/2/5 1951/2/5
f 1860/4/5 999/4/5 1951/4/5
f 1951/4/5 999/4/5 998/4/5
f 918/4/5 1879/4/5 919/4/5
f 919/4/5 1879/4/5 868/4/5
f 1879/4/5 873/4/5 869/4/5
f 869/4/5 873/4/5 872/4/5
f 816/4/5 766/4/5 817/4/5
f 817/4/5 766/4/5 811/4/5
f 766/4/5 763/4/5 757/4/5
f 757/4/5 763/4/5 762/4/5
f 764/4/5 656/4/5 765/4/5
f 765/4/5 656/4/5 655/4/5
f 1523/1/5 659/1/5 1517/1/5
f 1517/1/5 659/1/5 658/1/5
f 589/1/5 583/1/5 660/1/5
f 660/1/5 583/1/5 582/1/5
f 529/1/5 1794/1/5 584/1/5
f 584/1/5 1794/1/5 2011/1/5
f 1794/3/5 1797/3/5 2011/3/5
f 2011/3/5 1797/3/5 2012/3/5
f 1797/1/5 1805/1/5 2012/1/5
f 2012/1/5 1805/1/5 1806/1/5
f 1805/3/5 1472/3/5 1806/3/5
f 1806/3/5 1472/3/5 1471/3/5
f 1473/4/5 1816/4/5 1470/4/5
f 1470/4/5 1816/4/5 1520/4/5
f 1816/2/5 1526/2/5 1520/2/5
f 1520/2/5 1526/2/5 1525/2/5
f 1564/4/5 1565/4/5 1562/4/5
f 1562/4/5 1565/4/5 1561/4/5
f 1652/4/5 1653/4/5 1650/4/5
f 1650/4/5 1653/4/5 1649/4/5
f 1695/4/5 2013/4/5 1694/4/5
f 1694/4/5 2013/4/5 1736/4/5
f 1775/4/5 1772/4/5 1768/4/5
f 1768/4/5 1772/4/5 1771/4/5
f 975/4/5 2014/4/5 997/4/5
f 997/4/5 2014/4/5 992/4/5
f 2014/4/5 2015/4/5 1789/4/5
f 1789/4/5 2015/4/5 1000/4/5
f 2015/4/5 2016/4/5 953/4/5
f 953/4/5 2016/4/5 1998/4/5
f 2016/4/5 972/4/5 968/4/5
f 968/4/5 972/4/5 971/4/5
f 973/4/5 981/4/5 962/4/5
f 962/4/5 981/4/5 910/4/5
f 820/2/5 819/2/5 815/2/5
f 815/2/5 819/2/5 818/2/5
f 768/4/5 708/4/5 769/4/5
f 769/4/5 708/4/5 707/4/5
f 456/4/5 454/4/5 528/4/5
f 528/4/5 454/4/5 657/4/5
f 709/4/5 586/4/5 710/4/5
f 710/4/5 586/4/5 585/4/5
f 1477/1/5 590/1/5 1474/1/5
f 1474/1/5 590/1/5 589/1/5
f 533/1/5 530/1/5 591/1/5
f 591/1/5 530/1/5 529/1/5
f 1297/4/5 1368/4/5 1295/4/5
f 1295/4/5 1368/4/5 1294/4/5
f 1422/4/5 1529/4/5 1420/4/5
f 1420/4/5 1529/4/5 1528/4/5
f 1566/2/5 2017/2/5 1565/2/5
f 1565/2/5 2017/2/5 1654/2/5
f 1701/4/5 1698/4/5 1653/4/5
f 1653/4/5 1698/4/5 1697/4/5
f 1777/4/5 2018/4/5 1774/4/5
f 1774/4/5 2018/4/5 1773/4/5
f 2018/4/5 976/4/5 1770/4/5
f 1770/4/5 976/4/5 996/4/5
f 977/2/5 2019/2/5 978/2/5
f 978/2/5 2019/2/5 2020/2/5
f 2019/4/5 2021/4/5 2020/4/5
f 2020/4/5 2021/4/5 2022/4/5
f 2021/2/5 1778/2/5 2022/2/5
f 2022/2/5 1778/2/5 973/2/5
f 1779/4/5 980/4/5 972/4/5
f 972/4/5 980/4/5 979/4/5
f 923/4/5 921/4/5 917/4/5
f 917/4/5 921/4/5 920/4/5
f 822/4/5 770/4/5 823/4/5
f 823/4/5 770/4/5 767/4/5
f 663/4/5 662/4/5 771/4/5
f 771/4/5 662/4/5 661/4/5
f 1425/1/5 534/1/5 1423/1/5
f 1423/1/5 534/1/5 533/1/5
f 1569/1/5 713/1/5 1531/1/5
f 1531/1/5 713/1/5 666/1/5
f 1243/4/5 1299/4/5 1240/4/5
f 1240/4/5 1299/4/5 1239/4/5
f 1373/4/5 1427/4/5 1370/4/5
f 1370/4/5 1427/4/5 1369/4/5
f 1155/4/5 1156/4/5 1152/4/5
f 1152/4/5 1156/4/5 1151/4/5
f 1567/4/5 1607/4/5 1566/4/5
f 1566/4/5 1607/4/5 2017/4/5
f 1702/4/5 1826/4/5 1700/4/5
f 1700/4/5 1826/4/5 1699/4/5
f 1826/4/5 1737/4/5 1696/4/5
f 1696/4/5 1737/4/5 2013/4/5
f 927/4/5 1743/4/5 1776/4/5
f 1776/4/5 1743/4/5 977/4/5
f 1780/4/5 983/4/5 976/4/5
f 976/4/5 983/4/5 982/4/5
f 931/4/5 924/4/5 984/4/5
f 984/4/5 924/4/5 923/4/5
f 925/4/5 876/4/5 926/4/5
f 926/4/5 876/4/5 875/4/5
f 877/4/5 1883/4/5 922/4/5
f 922/4/5 1883/4/5 815/4/5
f 1883/4/5 825/4/5 821/4/5
f 821/4/5 825/4/5 824/4/5
f 233/4/5 230/4/5 226/4/5
f 226/4/5 230/4/5 229/4/5
f 421/4/5 417/4/5 665/4/5
f 665/4/5 417/4/5 416/4/5
f 775/4/5 773/4/5 770/4/5
f 770/4/5 773/4/5 772/4/5
f 1336/3/5 420/3/5 1424/3/5
f 1424/3/5 420/3/5 535/3/5
f 1570/1/5 712/1/5 1568/1/5
f 1568/1/5 712/1/5 711/1/5
f 1300/4/5 1376/4/5 1298/4/5
f 1298/4/5 1376/4/5 1375/4/5
f 1429/2/5 1430/2/5 1426/2/5
f 1426/2/5 1430/2/5 1535/2/5
f 1573/2/5 1574/2/5 1567/2/5
f 1567/2/5 1574/2/5 1607/2/5
f 1656/2/5 1741/2/5 1655/2/5
f 1655/2/5 1741/2/5 1740/2/5
f 1742/4/5 2023/4/5 1739/4/5
f 1739/4/5 2023/4/5 1738/4/5
f 2023/4/5 928/4/5 1735/4/5
f 1735/4/5 928/4/5 1768/4/5
f 2024/2/5 883/2/5 2025/2/5
f 2025/2/5 883/2/5 1744/2/5
f 1745/4/5 932/4/5 1743/4/5
f 1743/4/5 932/4/5 931/4/5
f 2026/4/5 887/4/5 2027/4/5
f 2027/4/5 887/4/5 1747/4/5
f 1748/4/5 936/4/5 1746/4/5
f 1746/4/5 936/4/5 935/4/5
f 937/4/5 880/4/5 876/4/5
f 876/4/5 880/4/5 879/4/5
f 881/4/5 776/4/5 882/4/5
f 882/4/5 776/4/5 775/4/5
f 461/4/5 459/4/5 538/4/5
f 538/4/5 459/4/5 458/4/5
f 1304/3/5 360/3/5 1301/3/5
f 1301/3/5 360/3/5 359/3/5
f 1250/2/5 1251/2/5 1247/2/5
f 1247/2/5 1251/2/5 1246/2/5
f 1480/4/5 1576/4/5 1478/4/5
f 1478/4/5 1576/4/5 1575/4/5
f 1611/4/5 1657/4/5 1609/4/5
f 1609/4/5 1657/4/5 1608/4/5
f 1658/4/5 1659/4/5 1656/4/5
f 1656/4/5 1659/4/5 1703/4/5
f 1704/4/5 2028/4/5 930/4/5
f 930/4/5 2028/4/5 2025/4/5
f 2028/4/5 884/4/5 2024/4/5
f 2024/4/5 884/4/5 883/4/5
f 885/2/5 1851/2/5 886/2/5
f 886/2/5 1851/2/5 2029/2/5
f 1851/4/5 834/4/5 2029/4/5
f 2029/4/5 834/4/5 1705/4/5
f 1706/4/5 1867/4/5 934/4/5
f 934/4/5 1867/4/5 2027/4/5
f 1867/2/5 888/2/5 2026/2/5
f 2026/2/5 888/2/5 887/2/5
f 837/4/5 827/4/5 2030/4/5
f 2030/4/5 827/4/5 826/4/5
f 425/4/5 364/4/5 426/4/5
f 426/4/5 364/4/5 363/4/5
f 671/2/5 539/2/5 672/2/5
f 672/2/5 539/2/5 537/2/5
f 828/4/5 715/4/5 829/4/5
f 829/4/5 715/4/5 714/4/5
f 1253/4/5 1306/4/5 1251/4/5
f 1251/4/5 1306/4/5 1379/4/5
f 1434/4/5 1483/4/5 1431/4/5
f 1431/4/5 1483/4/5 1482/4/5
f 1580/4/5 1581/4/5 1577/4/5
f 1577/4/5 1581/4/5 1613/4/5
f 1614/2/5 1615/2/5 1612/2/5
f 1612/2/5 1615/2/5 2031/2/5
f 1661/4/5 831/4/5 1659/4/5
f 1659/4/5 831/4/5 830/4/5
f 783/4/5 1664/4/5 1845/4/5
f 1845/4/5 1664/4/5 1663/4/5
f 1665/4/5 835/4/5 1662/4/5
f 1662/4/5 835/4/5 834/4/5
f 787/4/5 1667/4/5 836/4/5
f 836/4/5 1667/4/5 1666/4/5
f 1668/4/5 838/4/5 890/4/5
f 890/4/5 838/4/5 2030/4/5
f 839/2/5 778/2/5 840/2/5
f 840/2/5 778/2/5 777/2/5
f 2032/4/5 291/4/5 369/4/5
f 369/4/5 291/4/5 2033/4/5
f 720/4/5 595/4/5 721/4/5
f 721/4/5 595/4/5 594/4/5
f 1308/4/5 1339/4/5 1305/4/5
f 1305/4/5 1339/4/5 1338/4/5
f 1383/4/5 1436/4/5 1380/4/5
f 1380/4/5 1436/4/5 1540/4/5
f 1583/4/5 1617/4/5 1581/4/5
f 1581/4/5 1617/4/5 1616/4/5
f 1618/4/5 780/4/5 2031/4/5
f 2031/4/5 780/4/5 1660/4/5
f 781/4/5 1620/4/5 782/4/5
f 782/4/5 1620/4/5 1619/4/5
f 1621/4/5 784/4/5 833/4/5
f 833/4/5 784/4/5 1845/4/5
f 785/2/5 725/2/5 786/2/5
f 786/2/5 725/2/5 1623/2/5
f 1624/4/5 788/4/5 1622/4/5
f 1622/4/5 788/4/5 787/4/5
f 789/2/5 1865/2/5 790/2/5
f 790/2/5 1865/2/5 2034/2/5
f 1865/4/5 723/4/5 2034/4/5
f 2034/4/5 723/4/5 722/4/5
f 468/4/5 367/4/5 469/4/5
f 469/4/5 367/4/5 429/4/5
f 605/4/5 541/4/5 724/4/5
f 724/4/5 541/4/5 540/4/5
f 1257/4/5 298/4/5 2035/4/5
f 2035/4/5 298/4/5 297/4/5
f 1438/2/5 544/2/5 1435/2/5
f 1435/2/5 544/2/5 543/2/5
f 1310/4/5 1343/4/5 1309/4/5
f 1309/4/5 1343/4/5 1342/4/5
f 545/4/5 1386/4/5 546/4/5
f 546/4/5 1386/4/5 1485/4/5
f 1544/4/5 674/4/5 1541/4/5
f 1541/4/5 674/4/5 673/4/5
f 1586/4/5 726/4/5 785/4/5
f 785/4/5 726/4/5 725/4/5
f 1260/4/5 1855/4/5 1258/4/5
f 1258/4/5 1855/4/5 2036/4/5
f 1855/2/5 1863/2/5 2036/2/5
f 2036/2/5 1863/2/5 2037/2/5
f 727/4/5 678/4/5 728/4/5
f 728/4/5 678/4/5 677/4/5
f 1863/4/5 302/4/5 2037/4/5
f 2037/4/5 302/4/5 301/4/5
f 679/4/5 599/4/5 680/4/5
f 680/4/5 599/4/5 598/4/5
f 472/4/5 375/4/5 473/4/5
f 473/4/5 375/4/5 374/4/5
f 600/4/5 548/4/5 601/4/5
f 601/4/5 548/4/5 547/4/5
f 1487/2/5 603/2/5 1486/2/5
f 1486/2/5 603/2/5 602/2/5
f 1388/4/5 475/4/5 1386/4/5
f 1386/4/5 475/4/5 474/4/5
f 476/4/5 431/4/5 477/4/5
f 477/4/5 431/4/5 430/4/5
f 1490/4/5 607/4/5 676/4/5
f 676/4/5 607/4/5 1545/4/5
f 608/4/5 552/4/5 609/4/5
f 609/4/5 552/4/5 551/4/5
f 553/4/5 482/4/5 554/4/5
f 554/4/5 482/4/5 471/4/5
f 1261/4/6 2038/4/6 380/4/6
f 380/4/6 2038/4/6 381/4/6
f 435/4/6 434/4/6 487/4/6
f 487/4/6 434/4/6 488/4/6
f 379/4/6 378/4/6 440/4/6
f 440/4/6 378/4/6 441/4/6
f 439/4/6 438/4/6 491/4/6
f 491/4/6 438/4/6 492/4/6
f 1443/4/6 1588/4/6 1442/4/6
f 1442/4/6 1588/4/6 1439/4/6
f 1974/4/6 1267/4/6 307/4/6
f 307/4/6 1267/4/6 308/4/6
f 1975/4/6 1398/4/6 1352/4/6
f 1352/4/6 1398/4/6 1350/4/6
f 306/4/6 1312/4/6 1262/4/6
f 1262/4/6 1312/4/6 2038/4/6
f 252/2/6 251/2/6 311/2/6
f 311/2/6 251/2/6 312/2/6
f 310/4/6 309/4/6 1263/4/6
f 1263/4/6 309/4/6 380/4/6
f 615/2/6 614/2/6 683/2/6
f 683/2/6 614/2/6 684/2/6
f 256/4/6 255/4/6 315/4/6
f 315/4/6 255/4/6 316/4/6
f 314/4/6 313/4/6 384/4/6
f 384/4/6 313/4/6 385/4/6
f 493/4/6 490/4/6 557/4/6
f 557/4/6 490/4/6 558/4/6
f 1265/4/6 1264/4/6 319/4/6
f 319/4/6 1264/4/6 320/4/6
f 1396/2/6 1395/2/6 498/2/6
f 498/2/6 1395/2/6 499/2/6
f 1446/4/6 1626/4/6 1445/4/6
f 1445/4/6 1626/4/6 1443/4/6
f 1976/4/6 1210/4/6 1166/4/6
f 1166/4/6 1210/4/6 1163/4/6
f 1918/4/6 1354/4/6 1316/4/6
f 1316/4/6 1354/4/6 1314/4/6
f 1401/4/6 1444/4/6 1400/4/6
f 1400/4/6 1444/4/6 1972/4/6
f 1165/4/6 1164/4/6 198/4/6
f 198/4/6 1164/4/6 199/4/6
f 197/4/6 1206/4/6 2039/4/6
f 2039/4/6 1206/4/6 254/4/6
f 2039/4/6 253/4/6 2040/4/6
f 2040/4/6 253/4/6 1208/4/6
f 2040/4/6 1207/4/6 1169/4/6
f 1169/4/6 1207/4/6 258/4/6
f 1133/4/6 2041/4/6 202/4/6
f 202/4/6 2041/4/6 203/4/6
f 201/4/6 200/4/6 322/4/6
f 322/4/6 200/4/6 323/4/6
f 321/4/6 318/4/6 1978/4/6
f 1978/4/6 318/4/6 389/4/6
f 500/4/6 497/4/6 1967/4/6
f 1967/4/6 497/4/6 562/4/6
f 1449/4/6 1549/4/6 1448/4/6
f 1448/4/6 1549/4/6 1446/4/6
f 1172/4/6 1171/4/6 1129/4/6
f 1129/4/6 1171/4/6 1126/4/6
f 1979/4/6 1271/4/6 1212/4/6
f 1212/4/6 1271/4/6 1973/4/6
f 1404/2/6 1447/2/6 1403/2/6
f 1403/2/6 1447/2/6 1401/2/6
f 1128/2/6 1127/2/6 2042/2/6
f 2042/2/6 1127/2/6 1921/2/6
f 157/2/6 156/2/6 1935/2/6
f 1935/2/6 156/2/6 198/2/6
f 1935/4/6 198/4/6 1132/4/6
f 1132/4/6 198/4/6 1130/4/6
f 161/4/6 160/4/6 2043/4/6
f 2043/4/6 160/4/6 1168/4/6
f 2043/4/6 1167/4/6 1135/4/6
f 1135/4/6 1167/4/6 2041/4/6
f 110/2/6 1134/2/6 2044/2/6
f 2044/2/6 1134/2/6 1955/2/6
f 2045/2/6 1958/2/6 166/2/6
f 166/2/6 1958/2/6 167/2/6
f 165/4/6 164/4/6 206/4/6
f 206/4/6 164/4/6 207/4/6
f 114/4/6 1136/4/6 170/4/6
f 170/4/6 1136/4/6 171/4/6
f 260/4/6 259/4/6 326/4/6
f 326/4/6 259/4/6 327/4/6
f 443/2/6 442/2/6 505/2/6
f 505/2/6 442/2/6 506/2/6
f 690/4/6 689/4/6 1969/4/6
f 1969/4/6 689/4/6 744/4/6
f 1635/4/6 1634/4/6 1452/4/6
f 1452/4/6 1634/4/6 1449/4/6
f 1215/4/6 1214/4/6 1218/4/6
f 1218/4/6 1214/4/6 1173/4/6
f 1321/4/6 1358/4/6 1320/4/6
f 1320/4/6 1358/4/6 1319/4/6
f 1083/4/6 1128/4/6 2046/4/6
f 2046/4/6 1128/4/6 2042/4/6
f 2046/4/6 1921/4/6 1078/4/6
f 1078/4/6 1921/4/6 159/4/6
f 1077/4/6 1076/4/6 67/4/6
f 67/4/6 1076/4/6 1934/4/6
f 67/2/6 1934/2/6 108/2/6
f 108/2/6 1934/2/6 109/2/6
f 107/4/6 1131/4/6 1080/4/6
f 1080/4/6 1131/4/6 163/4/6
f 1053/4/6 1079/4/6 112/4/6
f 112/4/6 1079/4/6 113/4/6
f 111/4/6 110/4/6 2047/4/6
f 2047/4/6 110/4/6 2044/4/6
f 2047/4/6 1955/4/6 2048/4/6
f 2048/4/6 1955/4/6 1958/4/6
f 2048/4/6 2045/4/6 1082/4/6
f 1082/4/6 2045/4/6 166/4/6
f 2049/2/6 114/2/6 173/2/6
f 173/2/6 114/2/6 170/2/6
f 328/4/6 325/4/6 1970/4/6
f 1970/4/6 325/4/6 392/4/6
f 507/4/6 504/4/6 565/4/6
f 565/4/6 504/4/6 566/4/6
f 626/2/6 625/2/6 693/2/6
f 693/2/6 625/2/6 694/2/6
f 1360/3/6 1411/3/6 445/3/6
f 445/3/6 1411/3/6 512/3/6
f 1453/1/6 1498/1/6 569/1/6
f 569/1/6 1498/1/6 631/1/6
f 1221/4/6 1216/4/6 1220/4/6
f 1220/4/6 1216/4/6 1217/4/6
f 1413/4/6 1450/4/6 1409/4/6
f 1409/4/6 1450/4/6 1404/4/6
f 1085/4/6 1084/4/6 1052/4/6
f 1052/4/6 1084/4/6 1050/4/6
f 1014/4/6 1051/4/6 69/4/6
f 69/4/6 1051/4/6 70/4/6
f 68/4/6 67/4/6 1056/4/6
f 1056/4/6 67/4/6 1053/4/6
f 1055/2/6 1054/2/6 73/2/6
f 73/2/6 1054/2/6 74/2/6
f 72/4/6 71/4/6 1060/4/6
f 1060/4/6 71/4/6 1057/4/6
f 76/4/6 1081/4/6 116/4/6
f 116/4/6 1081/4/6 117/4/6
f 2050/4/6 169/4/6 210/4/6
f 210/4/6 169/4/6 211/4/6
f 337/4/6 261/4/6 333/4/6
f 333/4/6 261/4/6 334/4/6
f 567/4/6 564/4/6 576/4/6
f 576/4/6 564/4/6 634/4/6
f 1362/1/6 1361/1/6 396/1/6
f 396/1/6 1361/1/6 447/1/6
f 1986/1/6 1552/1/6 637/1/6
f 637/1/6 1552/1/6 638/1/6
f 636/1/6 1638/1/6 1502/1/6
f 1502/1/6 1638/1/6 1500/1/6
f 1275/4/6 1274/4/6 1223/4/6
f 1223/4/6 1274/4/6 1221/4/6
f 1416/4/6 1501/4/6 1415/4/6
f 1415/4/6 1501/4/6 1451/4/6
f 1177/2/6 1222/2/6 1176/2/6
f 1176/2/6 1222/2/6 1219/2/6
f 1175/4/6 1174/4/6 1089/4/6
f 1089/4/6 1174/4/6 1128/4/6
f 1088/4/6 1087/4/6 1017/4/6
f 1017/4/6 1087/4/6 1014/4/6
f 1016/2/6 1015/2/6 19/2/6
f 19/2/6 1015/2/6 20/2/6
f 18/4/6 17/4/6 29/4/6
f 29/4/6 17/4/6 73/4/6
f 32/4/6 1018/4/6 23/4/6
f 23/4/6 1018/4/6 24/4/6
f 22/4/6 21/4/6 33/4/6
f 33/4/6 21/4/6 1059/4/6
f 1027/4/6 2051/4/6 36/4/6
f 36/4/6 2051/4/6 78/4/6
f 36/4/6 77/4/6 119/4/6
f 119/4/6 77/4/6 120/4/6
f 118/4/6 2049/4/6 121/4/6
f 121/4/6 2049/4/6 173/4/6
f 2052/2/6 2050/2/6 213/2/6
f 213/2/6 2050/2/6 210/2/6
f 336/4/6 335/4/6 395/4/6
f 395/4/6 335/4/6 332/4/6
f 514/4/6 513/4/6 1971/4/6
f 1971/4/6 513/4/6 579/4/6
f 1224/1/6 1456/1/6 266/1/6
f 266/1/6 1456/1/6 398/1/6
f 1506/3/6 1597/3/6 643/3/6
f 643/3/6 1597/3/6 752/3/6
f 397/1/6 396/1/6 399/1/6
f 399/1/6 396/1/6 518/1/6
f 1460/1/6 1459/1/6 649/1/6
f 649/1/6 1459/1/6 697/1/6
f 1325/4/6 1365/4/6 1324/4/6
f 1324/4/6 1365/4/6 1323/4/6
f 1281/4/6 1276/4/6 1278/4/6
f 1278/4/6 1276/4/6 1277/4/6
f 1556/4/6 1502/4/6 1505/4/6
f 1505/4/6 1502/4/6 1503/4/6
f 1179/2/6 1178/2/6 1140/2/6
f 1140/2/6 1178/2/6 1137/2/6
f 1139/4/6 1138/4/6 2053/4/6
f 2053/4/6 1138/4/6 1061/4/6
f 1019/4/6 19/4/6 27/4/6
f 27/4/6 19/4/6 28/4/6
f 26/4/6 25/4/6 1024/4/6
f 1024/4/6 25/4/6 1021/4/6
f 30/4/6 29/4/6 1026/4/6
f 1026/4/6 29/4/6 22/4/6
f 1025/4/6 23/4/6 1/4/6
f 1/4/6 23/4/6 35/4/6
f 34/4/6 1058/4/6 40/4/6
f 40/4/6 1058/4/6 2051/4/6
f 43/2/6 1028/2/6 38/2/6
f 38/2/6 1028/2/6 39/2/6
f 80/4/6 79/4/6 1875/4/6
f 1875/4/6 79/4/6 1871/4/6
f 1875/2/6 1871/2/6 123/2/6
f 123/2/6 1871/2/6 124/2/6
f 174/4/6 2052/4/6 265/4/6
f 265/4/6 2052/4/6 213/4/6
f 264/4/6 262/4/6 270/4/6
f 270/4/6 262/4/6 450/4/6
f 699/4/6 698/4/6 702/4/6
f 702/4/6 698/4/6 755/4/6
f 449/2/6 448/2/6 521/2/6
f 521/2/6 448/2/6 522/2/6
f 1226/1/6 1225/1/6 268/1/6
f 268/1/6 1225/1/6 269/1/6
f 339/3/6 338/3/6 346/3/6
f 346/3/6 338/3/6 401/3/6
f 400/1/6 399/1/6 1889/1/6
f 1889/1/6 399/1/6 1890/1/6
f 1889/3/6 1890/3/6 2054/3/6
f 2054/3/6 1890/3/6 1897/3/6
f 2054/1/6 1897/1/6 2055/1/6
f 2055/1/6 1897/1/6 1901/1/6
f 2055/3/6 1901/3/6 2056/3/6
f 2056/3/6 1901/3/6 1904/3/6
f 2056/1/6 1904/1/6 1328/1/6
f 1328/1/6 1904/1/6 1325/1/6
f 1327/4/6 1326/4/6 1284/4/6
f 1284/4/6 1326/4/6 1281/4/6
f 1283/4/6 1282/4/6 1183/4/6
f 1183/4/6 1282/4/6 1180/4/6
f 1182/4/6 1181/4/6 1093/4/6
f 1093/4/6 1181/4/6 1090/4/6
f 1092/4/6 1091/4/6 1063/4/6
f 1063/4/6 1091/4/6 2053/4/6
f 1031/4/6 1020/4/6 1030/4/6
f 1030/4/6 1020/4/6 26/4/6
f 1003/4/6 1022/4/6 5/4/6
f 5/4/6 1022/4/6 32/4/6
f 8/4/6 1002/4/6 3/4/6
f 3/4/6 1002/4/6 4/4/6
f 84/4/6 37/4/6 127/4/6
f 127/4/6 37/4/6 128/4/6
f 178/4/6 122/4/6 216/4/6
f 216/4/6 122/4/6 217/4/6
f 215/2/6 214/2/6 218/2/6
f 218/2/6 214/2/6 272/2/6
f 341/4/6 340/4/6 342/4/6
f 342/4/6 340/4/6 404/4/6
f 451/4/6 449/4/6 453/4/6
f 453/4/6 449/4/6 521/4/6
f 577/4/6 641/4/6 580/4/6
f 580/4/6 641/4/6 652/4/6
f 1229/3/6 1228/3/6 274/3/6
f 274/3/6 1228/3/6 275/3/6
f 2057/3/6 1888/3/6 2058/3/6
f 2058/3/6 1888/3/6 1908/3/6
f 1287/1/6 1327/1/6 1286/1/6
f 1286/1/6 1327/1/6 1284/1/6
f 1233/4/6 1285/4/6 1232/4/6
f 1232/4/6 1285/4/6 1231/4/6
f 1144/2/6 1184/2/6 1143/2/6
f 1143/2/6 1184/2/6 1141/2/6
f 1097/4/6 1142/4/6 1096/4/6
f 1096/4/6 1142/4/6 1093/4/6
f 1095/4/6 1094/4/6 1065/4/6
f 1065/4/6 1094/4/6 1062/4/6
f 1033/4/6 1032/4/6 1005/4/6
f 1005/4/6 1032/4/6 1029/4/6
f 1005/4/6 27/4/6 9/4/6
f 9/4/6 27/4/6 1023/4/6
f 12/4/6 1004/4/6 1846/4/6
f 1846/4/6 1004/4/6 1943/4/6
f 1846/2/6 1943/2/6 7/2/6
f 7/2/6 1943/2/6 8/2/6
f 1009/4/6 2059/4/6 1868/4/6
f 1868/4/6 2059/4/6 2/4/6
f 1868/4/6 1/4/6 42/4/6
f 42/4/6 1/4/6 43/4/6
f 41/4/6 40/4/6 83/4/6
f 83/4/6 40/4/6 37/4/6
f 284/4/6 1880/4/6 220/4/6
f 220/4/6 1880/4/6 221/4/6
f 353/4/6 271/4/6 344/4/6
f 344/4/6 271/4/6 345/4/6
f 1516/1/6 1515/1/6 280/1/6
f 280/1/6 1515/1/6 281/1/6
f 279/1/6 267/1/6 348/1/6
f 348/1/6 267/1/6 349/1/6
f 347/1/6 346/1/6 2060/1/6
f 2060/1/6 346/1/6 1888/1/6
f 2060/1/6 2057/1/6 2061/1/6
f 2061/1/6 2057/1/6 2058/1/6
f 2061/1/6 1908/1/6 1290/1/6
f 1290/1/6 1908/1/6 1327/1/6
f 1289/2/6 1288/2/6 1236/2/6
f 1236/2/6 1288/2/6 1233/2/6
f 1146/2/6 1145/2/6 1100/2/6
f 1100/2/6 1145/2/6 1097/2/6
f 1235/4/6 1234/4/6 1188/4/6
f 1188/4/6 1234/4/6 1186/4/6
f 1099/4/6 1098/4/6 2062/4/6
f 2062/4/6 1098/4/6 1064/4/6
f 1037/4/6 1034/4/6 1036/4/6
f 1036/4/6 1034/4/6 1035/4/6
f 1007/2/6 1006/2/6 11/2/6
f 11/2/6 1006/2/6 12/2/6
f 1011/4/6 1847/4/6 1947/4/6
f 1947/4/6 1847/4/6 6/4/6
f 1947/4/6 5/4/6 13/4/6
f 13/4/6 5/4/6 2059/4/6
f 16/4/6 1010/4/6 46/4/6
f 46/4/6 1010/4/6 47/4/6
f 2063/2/6 41/2/6 86/2/6
f 86/2/6 41/2/6 83/2/6
f 85/4/6 81/4/6 87/4/6
f 87/4/6 81/4/6 130/4/6
f 176/4/6 175/4/6 283/4/6
f 283/4/6 175/4/6 1880/4/6
f 282/4/6 276/4/6 352/4/6
f 352/4/6 276/4/6 271/4/6
f 415/3/6 354/3/6 410/3/6
f 410/3/6 354/3/6 347/3/6
f 409/3/6 408/3/6 1800/3/6
f 1800/3/6 408/3/6 2064/3/6
f 1800/1/6 2064/1/6 1808/1/6
f 1808/1/6 2064/1/6 2065/1/6
f 1808/3/6 2065/3/6 1331/3/6
f 1331/3/6 2065/3/6 1329/3/6
f 1295/2/6 1330/2/6 1294/2/6
f 1294/2/6 1330/2/6 1291/2/6
f 1563/4/6 1521/4/6 1527/4/6
f 1527/4/6 1521/4/6 1524/4/6
f 1293/4/6 1292/4/6 1190/4/6
f 1190/4/6 1292/4/6 1188/4/6
f 1189/4/6 1100/4/6 1104/4/6
f 1104/4/6 1100/4/6 1101/4/6
f 1066/4/6 1017/4/6 51/4/6
f 51/4/6 1017/4/6 18/4/6
f 54/4/6 1038/4/6 2066/4/6
f 2066/4/6 1038/4/6 10/4/6
f 1013/4/6 1012/4/6 1852/4/6
f 1852/4/6 1012/4/6 1946/4/6
f 1852/2/6 1946/2/6 15/2/6
f 15/2/6 1946/2/6 16/2/6
f 14/4/6 13/4/6 49/4/6
f 49/4/6 13/4/6 50/4/6
f 1043/4/6 2063/4/6 89/4/6
f 89/4/6 2063/4/6 90/4/6
f 131/4/6 125/4/6 1881/4/6
f 1881/4/6 125/4/6 122/4/6
f 1881/4/6 177/4/6 224/4/6
f 224/4/6 177/4/6 225/4/6
f 223/4/6 222/4/6 287/4/6
f 287/4/6 222/4/6 412/4/6
f 411/4/6 405/4/6 455/4/6
f 455/4/6 405/4/6 403/4/6
f 527/4/6 526/4/6 587/4/6
f 587/4/6 526/4/6 588/4/6
f 1476/1/6 1522/1/6 356/1/6
f 356/1/6 1522/1/6 279/1/6
f 414/1/6 413/1/6 531/1/6
f 531/1/6 413/1/6 409/1/6
f 1240/4/6 1296/4/6 1239/4/6
f 1239/4/6 1296/4/6 1237/4/6
f 1370/4/6 1421/4/6 1369/4/6
f 1369/4/6 1421/4/6 1367/4/6
f 1152/4/6 1238/4/6 1151/4/6
f 1151/4/6 1238/4/6 1148/4/6
f 1150/4/6 1149/4/6 1822/4/6
f 1822/4/6 1149/4/6 1103/4/6
f 1822/4/6 1102/4/6 1070/4/6
f 1070/4/6 1102/4/6 2062/4/6
f 1069/4/6 1068/4/6 53/4/6
f 53/4/6 1068/4/6 54/4/6
f 1041/4/6 1040/4/6 2067/4/6
f 2067/4/6 1040/4/6 2066/4/6
f 2067/4/6 9/4/6 57/4/6
f 57/4/6 9/4/6 1847/4/6
f 56/4/6 55/4/6 59/4/6
f 59/4/6 55/4/6 2068/4/6
f 59/2/6 2068/2/6 1047/2/6
f 1047/2/6 2068/2/6 48/2/6
f 1047/4/6 44/4/6 63/4/6
f 63/4/6 44/4/6 41/4/6
f 66/4/6 1044/4/6 93/4/6
f 93/4/6 1044/4/6 94/4/6
f 135/4/6 88/4/6 181/4/6
f 181/4/6 88/4/6 182/4/6
f 226/2/6 223/2/6 229/2/6
f 229/2/6 223/2/6 287/2/6
f 1372/4/6 1371/4/6 1333/4/6
f 1333/4/6 1371/4/6 1332/4/6
f 1242/4/6 1241/4/6 1245/4/6
f 1245/4/6 1241/4/6 1191/4/6
f 1154/4/6 1153/4/6 1108/4/6
f 1108/4/6 1153/4/6 1105/4/6
f 1107/4/6 1106/4/6 1829/4/6
f 1829/4/6 1106/4/6 1837/4/6
f 1829/2/6 1837/2/6 1072/2/6
f 1072/2/6 1837/2/6 52/2/6
f 101/4/6 2069/4/6 1046/4/6
f 1046/4/6 2069/4/6 56/4/6
f 1045/4/6 57/4/6 61/4/6
f 61/4/6 57/4/6 62/4/6
f 1049/2/6 1048/2/6 65/2/6
f 65/2/6 1048/2/6 66/2/6
f 64/4/6 63/4/6 96/4/6
f 96/4/6 63/4/6 97/4/6
f 95/4/6 91/4/6 134/4/6
f 134/4/6 91/4/6 88/4/6
f 133/4/6 132/4/6 136/4/6
f 136/4/6 132/4/6 184/4/6
f 183/4/6 179/4/6 1884/4/6
f 1884/4/6 179/4/6 228/4/6
f 1884/4/6 227/4/6 231/4/6
f 231/4/6 227/4/6 232/4/6
f 358/4/6 357/4/6 418/4/6
f 418/4/6 357/4/6 419/4/6
f 664/4/6 663/4/6 774/4/6
f 774/4/6 663/4/6 662/4/6
f 1301/3/6 1335/3/6 359/3/6
f 359/3/6 1335/3/6 355/3/6
f 1532/1/6 1477/1/6 668/1/6
f 668/1/6 1477/1/6 590/1/6
f 1247/4/6 1299/4/6 1246/4/6
f 1246/4/6 1299/4/6 1244/4/6
f 1428/2/6 1427/2/6 1377/2/6
f 1377/2/6 1427/2/6 1374/2/6
f 1572/2/6 1571/2/6 1536/2/6
f 1536/2/6 1571/2/6 1534/2/6
f 1111/4/6 1110/4/6 143/4/6
f 143/4/6 1110/4/6 1071/4/6
f 1073/4/6 51/4/6 2070/4/6
f 2070/4/6 51/4/6 1039/4/6
f 2070/4/6 1042/4/6 100/4/6
f 100/4/6 1042/4/6 2069/4/6
f 99/4/6 98/4/6 1118/4/6
f 1118/4/6 98/4/6 2071/4/6
f 1118/2/6 2071/2/6 2073/2/6
f 2073/2/6 2071/2/6 2072/2/6
f 1075/4/6 59/4/6 104/4/6
f 104/4/6 59/4/6 1047/4/6
f 151/4/6 2074/4/6 1124/4/6
f 1124/4/6 2074/4/6 95/4/6
f 1124/2/6 95/2/6 155/2/6
f 155/2/6 95/2/6 134/2/6
f 155/4/6 134/4/6 138/4/6
f 138/4/6 134/4/6 139/4/6
f 137/4/6 136/4/6 235/4/6
f 235/4/6 136/4/6 236/4/6
f 422/4/6 421/4/6 460/4/6
f 460/4/6 421/4/6 417/4/6
f 1303/3/6 1302/3/6 361/3/6
f 361/3/6 1302/3/6 362/3/6
f 1249/2/6 1248/2/6 1194/2/6
f 1194/2/6 1248/2/6 1192/2/6
f 1479/4/6 1429/4/6 1431/4/6
f 1431/4/6 1429/4/6 1430/4/6
f 1610/4/6 1573/4/6 1577/4/6
f 1577/4/6 1573/4/6 1574/4/6
f 1193/4/6 1112/4/6 1116/4/6
f 1116/4/6 1112/4/6 1113/4/6
f 1115/4/6 1114/4/6 142/4/6
f 142/4/6 1114/4/6 143/4/6
f 141/4/6 140/4/6 1120/4/6
f 1120/4/6 140/4/6 1117/4/6
f 1119/4/6 1118/4/6 2075/4/6
f 2075/4/6 1118/4/6 2073/4/6
f 2075/4/6 2072/4/6 146/4/6
f 146/4/6 2072/4/6 1074/4/6
f 145/4/6 144/4/6 191/4/6
f 191/4/6 144/4/6 1121/4/6
f 1122/4/6 102/4/6 150/4/6
f 150/4/6 102/4/6 2074/4/6
f 1125/4/6 1124/4/6 154/4/6
f 154/4/6 1124/4/6 155/4/6
f 153/4/6 152/4/6 187/4/6
f 187/4/6 152/4/6 137/4/6
f 2033/4/6 290/4/6 365/4/6
f 365/4/6 290/4/6 289/4/6
f 424/4/6 423/4/6 463/4/6
f 463/4/6 423/4/6 422/4/6
f 670/4/6 669/4/6 716/4/6
f 716/4/6 669/4/6 717/4/6
f 1252/4/6 1194/4/6 1198/4/6
f 1198/4/6 1194/4/6 1195/4/6
f 1433/4/6 1432/4/6 1380/4/6
f 1380/4/6 1432/4/6 1378/4/6
f 1579/4/6 1578/4/6 1538/4/6
f 1538/4/6 1578/4/6 1537/4/6
f 1197/4/6 1196/4/6 1200/4/6
f 1200/4/6 1196/4/6 1838/4/6
f 1200/2/6 1838/2/6 2077/2/6
f 2077/2/6 1838/2/6 2076/2/6
f 246/4/6 2078/4/6 250/4/6
f 250/4/6 2078/4/6 1158/4/6
f 1159/2/6 145/2/6 190/2/6
f 190/2/6 145/2/6 191/2/6
f 189/4/6 188/4/6 1162/4/6
f 1162/4/6 188/4/6 1160/4/6
f 1161/4/6 148/4/6 194/4/6
f 194/4/6 148/4/6 1123/4/6
f 193/4/6 192/4/6 241/4/6
f 241/4/6 192/4/6 242/4/6
f 240/4/6 239/4/6 292/4/6
f 292/4/6 239/4/6 238/4/6
f 465/4/6 464/4/6 596/4/6
f 596/4/6 464/4/6 597/4/6
f 1307/4/6 1306/4/6 2035/4/6
f 2035/4/6 1306/4/6 1254/4/6
f 1382/4/6 1381/4/6 1340/4/6
f 1340/4/6 1381/4/6 1337/4/6
f 1582/4/6 1538/4/6 1541/4/6
f 1541/4/6 1538/4/6 1539/4/6
f 1201/4/6 1200/4/6 2079/4/6
f 2079/4/6 1200/4/6 2077/4/6
f 2079/4/6 2076/4/6 245/4/6
f 245/4/6 2076/4/6 2078/4/6
f 1204/4/6 1203/4/6 249/4/6
f 249/4/6 1203/4/6 250/4/6
f 304/4/6 2080/4/6 1869/4/6
f 1869/4/6 2080/4/6 2081/4/6
f 1869/2/6 2081/2/6 295/2/6
f 295/2/6 2081/2/6 296/2/6
f 294/4/6 293/4/6 368/4/6
f 368/4/6 293/4/6 2032/4/6
f 467/4/6 466/4/6 542/4/6
f 542/4/6 466/4/6 465/4/6
f 1256/4/6 1255/4/6 299/4/6
f 299/4/6 1255/4/6 1199/4/6
f 1437/2/6 1436/2/6 545/2/6
f 545/2/6 1436/2/6 546/2/6
f 1385/4/6 1384/4/6 1344/4/6
f 1344/4/6 1384/4/6 1341/4/6
f 1543/4/6 1542/4/6 675/4/6
f 675/4/6 1542/4/6 676/4/6
f 298/4/6 297/4/6 372/4/6
f 372/4/6 297/4/6 373/4/6
f 1585/4/6 1584/4/6 727/4/6
f 727/4/6 1584/4/6 728/4/6
f 1259/4/6 243/4/6 1854/4/6
f 1854/4/6 243/4/6 1202/4/6
f 1854/2/6 1205/2/6 1862/2/6
f 1862/2/6 1205/2/6 248/2/6
f 1862/4/6 247/4/6 303/4/6
f 303/4/6 247/4/6 2080/4/6
f 433/4/6 1848/4/6 472/4/6
f 472/4/6 1848/4/6 473/4/6
f 302/4/6 301/4/6 376/4/6
f 376/4/6 301/4/6 377/4/6
f 471/4/6 470/4/6 549/4/6
f 549/4/6 470/4/6 550/4/6
f 548/2/6 547/2/6 604/2/6
f 604/2/6 547/2/6 605/2/6
f 1387/4/6 1344/4/6 476/4/6
f 476/4/6 1344/4/6 477/4/6
f 1345/4/6 370/4/6 432/4/6
f 432/4/6 370/4/6 1848/4/6
f 1489/4/6 1488/4/6 608/4/6
f 608/4/6 1488/4/6 609/4/6
f 431/4/6 430/4/6 480/4/6
f 480/4/6 430/4/6 481/4/6
f 479/4/6 478/4/6 553/4/6
f 553/4/6 478/4/6 554/4/6
f 1390/4/6 1389/4/6 483/4/6
f 483/4/6 1389/4/6 484/4/6
