# Vengi binary mesh normalized for Tanks of Freedom II

mtllib ../../materials/vox_grass.mtl
o swamp_3_tile

v 4 4 3.9
v 3.9 4 3.9
v 3.9 4 4
v 4 4 4
v 3.8 4 3.9
v 3.8 4 4
v 3.7 4 3.9
v 3.6 4 3.9
v 3.6 4 4
v 3.7 4 4
v 3.5 4 3.9
v 3.4 4 3.9
v 3.4 4 4
v 3.5 4 4
v 3.3 4 3.9
v 3.2 4 3.9
v 3.2 4 4
v 3.3 4 4
v 3.1 4 3.9
v 3 4 3.9
v 3 4 4
v 3.1 4 4
v 2.9 4 3.9
v 2.8 4 3.9
v 2.8 4 4
v 2.9 4 4
v 2.7 4 3.9
v 2.6 4 3.9
v 2.6 4 4
v 2.7 4 4
v 2.5 4 3.9
v 2.4 4 3.9
v 2.4 4 4
v 2.5 4 4
v 2.3 4 3.9
v 2.2 4 3.9
v 2.2 4 4
v 2.3 4 4
v 2.1 4 3.9
v 2 4 3.9
v 2 4 4
v 2.1 4 4
v 1.9 4 3.9
v 1.8 4 3.9
v 1.8 4 4
v 1.9 4 4
v 1.7 4 3.9
v 1.6 4 3.9
v 1.6 4 4
v 1.7 4 4
v 1.5 4 3.9
v 1.4 4 3.9
v 1.4 4 4
v 1.5 4 4
v 1.3 4 3.9
v 1.2 4 3.9
v 1.2 4 4
v 1.3 4 4
v 1.1 4 3.9
v 1 4 3.9
v 1 4 4
v 1.1 4 4
v 0.9 4 3.9
v 0.8 4 3.9
v 0.8 4 4
v 0.9 4 4
v 0.7 4 3.9
v 0.6 4 3.9
v 0.6 4 4
v 0.7 4 4
v 0.5 4 3.9
v 0.4 4 3.9
v 0.4 4 4
v 0.5 4 4
v 0.3 4 3.9
v 0.2 4 3.9
v 0.2 4 4
v 0.3 4 4
v 0.1 4 3.9
v 0 4 3.9
v 0 4 4
v 0.1 4 4
v -0.1 4 3.9
v -0.2 4 3.9
v -0.2 4 4
v -0.1 4 4
v -0.3 4 3.9
v -0.4 4 3.9
v -0.4 4 4
v -0.3 4 4
v -0.5 4 3.9
v -0.6 4 3.9
v -0.6 4 4
v -0.5 4 4
v -0.7 4 3.9
v -0.8 4 3.9
v -0.8 4 4
v -0.7 4 4
v -0.9 4 3.9
v -1 4 3.9
v -1 4 4
v -0.9 4 4
v -1.1 4 3.9
v -1.2 4 3.9
v -1.2 4 4
v -1.1 4 4
v -1.3 4 3.9
v -1.4 4 3.9
v -1.4 4 4
v -1.3 4 4
v -1.5 4 3.9
v -1.6 4 3.9
v -1.6 4 4
v -1.5 4 4
v -1.7 4 3.9
v -1.8 4 3.9
v -1.8 4 4
v -1.7 4 4
v -1.9 4 3.9
v -2 4 3.9
v -2 4 4
v -1.9 4 4
v -2.1 4 3.9
v -2.2 4 3.9
v -2.2 4 4
v -2.1 4 4
v 4 4 3.8
v 3.9 4 3.8
v 3.8 4 3.8
v 3.7 4 3.8
v 3.6 4 3.8
v 3.5 4 3.8
v 3.4 4 3.8
v 3.3 4 3.8
v 3.2 4 3.8
v 3.1 4 3.8
v 3 4 3.8
v 2.9 4 3.8
v 2.8 4 3.8
v 2.7 4 3.8
v 2.6 4 3.8
v 2.5 4 3.8
v 2.4 4 3.8
v 2.3 4 3.8
v 2.2 4 3.8
v 2.1 4 3.8
v 2 4 3.8
v 1.9 4 3.8
v 1.8 4 3.8
v 1.7 4 3.8
v 1.6 4 3.8
v 1.5 4 3.8
v -1.3 4 3.8
v -1.4 4 3.8
v -1.5 4 3.8
v -1.6 4 3.8
v -1.7 4 3.8
v -1.8 4 3.8
v -1.9 4 3.8
v -2 4 3.8
v -2.1 4 3.8
v -2.2 4 3.8
v 4 4 3.7
v 3.9 4 3.7
v 3.8 4 3.7
v 3.7 4 3.7
v 3.6 4 3.7
v 3.5 4 3.7
v 3.4 4 3.7
v 3.3 4 3.7
v 3.2 4 3.7
v 3.1 4 3.7
v 3 4 3.7
v 2.9 4 3.7
v 2.8 4 3.7
v 2.7 4 3.7
v 2.6 4 3.7
v 2.5 4 3.7
v 2.4 4 3.7
v 2.3 4 3.7
v 2.2 4 3.7
v 2.1 4 3.7
v 2 4 3.7
v 1.9 4 3.7
v 1.8 4 3.7
v 1.7 4 3.7
v 1.6 4 3.7
v 1.5 4 3.7
v 1.4 4 3.7
v 1.4 3.9 3.7
v 1.3 3.9 3.7
v 1.3 3.9 4
v 1.4 3.9 4
v -1.4 4 3.7
v -1.5 4 3.7
v -1.6 4 3.7
v -1.7 4 3.7
v -1.8 4 3.7
v -1.9 4 3.7
v -2 4 3.7
v -2.1 4 3.7
v -2.2 4 3.7
v 4 4 3.6
v 3.9 4 3.6
v 3.8 4 3.6
v 3.7 4 3.6
v 3.6 4 3.6
v 3.5 4 3.6
v 3.4 4 3.6
v 3.3 4 3.6
v 3.2 4 3.6
v 3.1 4 3.6
v 3 4 3.6
v 2.9 4 3.6
v 2.8 4 3.6
v 2.7 4 3.6
v 2.6 4 3.6
v 2.5 4 3.6
v 2.4 4 3.6
v 2.3 4 3.6
v 2.2 4 3.6
v 2.1 4 3.6
v 2 4 3.6
v 1.9 4 3.6
v 1.7 4 3.6
v 1.6 4 3.6
v 1.5 4 3.6
v 1.4 4 3.6
v 1.3 4 3.6
v 1.3 4 3.7
v -1.4 4 3.6
v -1.5 4 3.6
v -1.6 4 3.6
v -1.7 4 3.6
v -1.9 4 3.6
v -2 4 3.6
v -2.1 4 3.6
v -2.2 4 3.6
v 4 4 3.5
v 3.9 4 3.5
v 3.8 4 3.5
v 3.7 4 3.5
v 3.6 4 3.5
v 3.5 4 3.5
v 3.4 4 3.5
v 3.3 4 3.5
v 3.2 4 3.5
v 3.1 4 3.5
v 3 4 3.5
v 2.9 4 3.5
v 2.8 4 3.5
v 2.7 4 3.5
v 2.6 4 3.5
v 2.5 4 3.5
v 2.4 4 3.5
v 2.3 4 3.5
v 2.2 4 3.5
v 4 4 3.4
v 3.9 4 3.4
v 3.8 4 3.4
v 3.7 4 3.4
v 3.6 4 3.4
v 3.5 4 3.4
v 3.4 4 3.4
v 3.3 4 3.4
v 3.2 4 3.4
v 3.1 4 3.4
v 3 4 3.4
v 2.9 4 3.4
v 2.8 4 3.4
v 2.7 4 3.4
v 2.6 4 3.4
v 2.5 4 3.4
v 1.4 3.9 3.4
v 1.3 3.9 3.4
v 1.3 3.9 3.6
v 1.4 3.9 3.6
v 0.7 3.9 3.4
v 0.6 3.9 3.4
v 0.6 3.9 3.9
v 0.7 3.9 3.9
v 4 4 3.3
v 3.9 4 3.3
v 3.8 4 3.3
v 3.7 4 3.3
v 3.6 4 3.3
v 3.5 4 3.3
v 3.4 4 3.3
v 3.3 4 3.3
v 3.2 4 3.3
v 3.1 4 3.3
v 3 4 3.3
v 2.9 4 3.3
v 2.8 4 3.3
v 1.9 3.9 3.3
v 1.4 3.9 3.3
v 1.9 3.9 3.6
v 1.4 4 3.3
v 1.3 4 3.3
v 1.3 4 3.4
v 1.4 4 3.4
v 0.7 4 3.3
v 0.6 4 3.3
v 0.6 4 3.4
v 0.7 4 3.4
v 4 4 3.2
v 3.9 4 3.2
v 3.8 4 3.2
v 3.7 4 3.2
v 3.6 4 3.2
v 3.5 4 3.2
v 3.4 4 3.2
v 3.3 4 3.2
v 3.2 4 3.2
v 3.1 4 3.2
v 3 4 3.2
v 2.2 3.9 3.2
v 1.9 3.9 3.2
v 2.2 3.9 3.6
v 1.9 4.3 3.2
v 1.8 4.3 3.2
v 1.8 4.3 3.3
v 1.9 4.3 3.3
v 0.9 3.9 3.2
v 0.8 3.9 3.2
v 0.8 3.9 3.9
v 0.9 3.9 3.9
v 4 4 3.1
v 3.9 4 3.1
v 3.8 4 3.1
v 3.7 4 3.1
v 3.6 4 3.1
v 3.5 4 3.1
v 3.4 4 3.1
v 3.3 4 3.1
v 3.2 4 3.1
v 3.1 4 3.1
v 2.2 4 3.1
v 2.1 4 3.1
v 2.1 4 3.2
v 2.2 4 3.2
v 1.2 3.9 3.1
v 1.1 3.9 3.1
v 1.1 3.9 4
v 1.2 3.9 4
v 0.9 4.3 3.1
v 0.8 4.3 3.1
v 0.8 4.3 3.2
v 0.9 4.3 3.2
v 4 4 3
v 3.9 4 3
v 3.8 4 3
v 3.7 4 3
v 3.6 4 3
v 3.5 4 3
v 3.4 4 3
v 3.3 4 3
v 3.2 4 3
v 2.9 3.9 3
v 2.8 3.9 3
v 2.8 3.9 3.3
v 2.9 3.9 3.3
v 1.2 4 3
v 1.1 4 3
v 1.1 4 3.1
v 1.2 4 3.1
v 4 4 2.9
v 3.9 4 2.9
v 3.8 4 2.9
v 3.7 4 2.9
v 3.6 4 2.9
v 3.5 4 2.9
v 3.4 4 2.9
v 3.3 4 2.9
v 2.9 4 2.9
v 2.8 4 2.9
v 2.8 4 3
v 2.9 4 3
v 2.4 3.9 2.9
v 2.2 3.9 2.9
v 2.2 3.9 3.5
v 2.4 3.9 3.5
v 2.1 3.9 2.9
v 2.1 3.9 3.1
v 2.2 3.9 3.1
v 1.8 3.9 2.9
v 1.3 3.9 2.9
v 1.3 3.9 3.3
v 1.8 3.9 3.3
v 4 4 2.8
v 3.9 4 2.8
v 3.8 4 2.8
v 3.7 4 2.8
v 3.6 4 2.8
v 3.5 4 2.8
v 3.4 4 2.8
v 3.3 4 2.8
v 2.4 4 2.8
v 2.3 4 2.8
v 2.3 4 2.9
v 2.4 4 2.9
v 2.2 4 2.8
v 2.1 4 2.8
v 2.1 4 2.9
v 2.2 4 2.9
v 1.8 4.1 2.8
v 1.7 4.1 2.8
v 1.7 4.1 2.9
v 1.8 4.1 2.9
v 4 4 2.7
v 3.9 4 2.7
v 3.8 4 2.7
v 3.7 4 2.7
v 3.6 4 2.7
v 3.5 4 2.7
v 3.4 4 2.7
v 2.7 3.9 2.7
v 2.5 3.9 2.7
v 2.5 3.9 3.4
v 2.7 3.9 3.4
v 4 4 2.6
v 3.9 4 2.6
v 3.8 4 2.6
v 3.7 4 2.6
v 3.6 4 2.6
v 3.5 4 2.6
v 3.4 4 2.6
v 3 3.9 2.6
v 2.9 3.9 2.6
v 3 3.9 3.3
v 2.7 4.1 2.6
v 2.6 4.1 2.6
v 2.6 4.1 2.7
v 2.7 4.1 2.7
v 2 3.9 2.6
v 1.8 3.9 2.6
v 1.8 3.9 3.2
v 2 3.9 3.2
v 1.5 3.9 2.6
v 1.3 3.9 2.6
v 1.5 3.9 2.9
v 4 4 2.5
v 3.9 4 2.5
v 3.8 4 2.5
v 3.7 4 2.5
v 3.6 4 2.5
v 3.5 4 2.5
v 3.4 4 2.5
v 3 4 2.5
v 2.9 4 2.5
v 2.9 4 2.6
v 3 4 2.6
v 2 4 2.5
v 1.9 4 2.5
v 1.9 4 2.6
v 2 4 2.6
v 1.5 4 2.5
v 1.4 4 2.5
v 1.4 4 2.6
v 1.5 4 2.6
v 4 4 2.4
v 3.9 4 2.4
v 3.8 4 2.4
v 3.7 4 2.4
v 3.6 4 2.4
v 3.5 4 2.4
v 2.8 3.9 2.4
v 2.7 3.9 2.4
v 2.8 3.9 3.4
v 2.3 3.9 2.4
v 2.2 3.9 2.4
v 2.3 3.9 2.9
v 4 4 2.3
v 3.9 4 2.3
v 3.8 4 2.3
v 3.7 4 2.3
v 3.6 4 2.3
v 3.5 4 2.3
v 2.8 4.3 2.3
v 2.7 4.3 2.3
v 2.7 4.3 2.4
v 2.8 4.3 2.4
v 2.3 4.1 2.3
v 2.2 4.1 2.3
v 2.2 4.1 2.4
v 2.3 4.1 2.4
v 4 4 2.2
v 3.9 4 2.2
v 3.8 4 2.2
v 3.7 4 2.2
v 3.6 4 2.2
v 3.5 4 2.2
v 3.1 3.9 2.2
v 3 3.9 2.2
v 3 3.9 3.2
v 3.1 3.9 3.2
v 1.9 3.9 2.2
v 1.8 3.9 2.2
v 1.9 3.9 2.6
v 4 4 2.1
v 3.9 4 2.1
v 3.8 4 2.1
v 3.7 4 2.1
v 3.6 4 2.1
v 3.1 4.1 2.1
v 3 4.1 2.1
v 3 4.1 2.2
v 3.1 4.1 2.2
v 1.9 4 2.1
v 1.8 4 2.1
v 1.8 4 2.2
v 1.9 4 2.2
v -1.8 4.1 2.1
v -2.1 4.1 2.1
v -2.1 4.1 2.2
v -1.8 4.1 2.2
v -1.8 3.9 2.1
v -2.2 3.9 2.1
v -2.2 3.9 3.6
v -1.8 3.9 3.6
v 4 4 2
v 3.9 4 2
v 3.8 4 2
v 3.7 4 2
v 3.6 4 2
v -1.7 3.9 2
v -1.8 3.9 2
v -1.7 3.9 3.6
v -1.7 4.1 2
v -1.8 4.1 2
v -1.7 4.1 2.1
v -2.1 3.9 2
v -2.2 3.9 2
v -2.1 3.9 2.1
v -2.1 4.1 2
v -2.2 4.1 2
v -2.2 4.1 2.1
v 4 4 1.9
v 3.9 4 1.9
v 3.8 4 1.9
v 3.7 4 1.9
v 3.6 4 1.9
v 3.4 3.9 1.9
v 3.3 3.9 1.9
v 3.3 3.9 2.8
v 3.4 3.9 2.8
v -1.6 3.9 1.9
v -1.7 3.9 1.9
v -1.6 3.9 3.6
v -1.6 4.1 1.9
v -1.7 4.1 1.9
v -1.6 4.1 2
v -1.7 4 1.9
v -1.8 4 1.9
v -1.8 4 2
v -1.7 4 2
v -2.1 4 1.9
v -2.1 4 2.1
v -1.8 4 2.1
v -2.2 4 1.9
v -2.2 4 2
v -2.1 4 2
v 4 4 1.8
v 3.9 4 1.8
v 3.8 4 1.8
v 3.7 4 1.8
v 3.4 4 1.8
v 3.3 4 1.8
v 3.3 4 1.9
v 3.4 4 1.9
v 3.2 3.9 1.8
v 3.1 3.9 1.8
v 3.1 3.9 3.1
v 3.2 3.9 3.1
v 2.8 3.9 1.8
v 2.7 3.9 1.8
v 2.7 3.9 2.3
v 2.8 3.9 2.3
v -1.8 4 1.8
v -1.9 4 1.8
v -1.9 4 1.9
v -2 4 1.8
v -2 4 1.9
v -2.1 4 1.8
v 4 4 1.7
v 3.9 4 1.7
v 3.8 4 1.7
v 3.7 4 1.7
v 3.6 4 1.7
v 3.2 4 1.7
v 3.1 4 1.7
v 3.1 4 1.8
v 3.2 4 1.8
v 2.8 4 1.7
v 2.7 4 1.7
v 2.7 4 1.8
v 2.8 4 1.8
v -1.8 4 1.7
v -1.9 4 1.7
v -2 4 1.7
v -2.1 4 1.7
v 4 4 1.6
v 3.9 4 1.6
v 3.8 4 1.6
v 3.7 4 1.6
v 3.6 4 1.6
v -1.5 4.1 1.6
v -1.6 4.1 1.6
v -1.5 4.1 1.9
v -1.6 4 1.6
v -1.8 4 1.6
v -1.6 4 1.9
v -1.9 4 1.6
v -2 4 1.6
v -2.1 4 1.6
v -2.2 4 1.6
v 4 4 1.5
v 3.9 4 1.5
v 3.8 4 1.5
v 3.7 4 1.5
v 3.6 4 1.5
v -1.6 4.1 1.5
v -1.7 4.1 1.5
v -1.7 4.1 1.6
v -1.7 4 1.5
v -1.8 4 1.5
v -1.7 4 1.6
v -1.9 4 1.5
v -2 4 1.5
v -2.1 4 1.5
v -2.2 4 1.5
v 4 4 1.4
v 3.9 4 1.4
v 3.8 4 1.4
v 3.7 4 1.4
v 3.6 4 1.4
v -1.7 4.1 1.4
v -1.8 4.1 1.4
v -1.8 4.1 1.5
v -2.1 4.1 1.4
v -2.2 4.1 1.4
v -2.2 4.1 1.5
v -2.1 4.1 1.5
v 4 4 1.3
v 3.9 4 1.3
v 3.8 4 1.3
v 3.7 4 1.3
v 3.6 4 1.3
v 3.3 3.9 1.3
v 3.2 3.9 1.3
v 3.2 3.9 3
v 3.3 3.9 3
v 4 4 1.2
v 3.9 4 1.2
v 3.8 4 1.2
v 3.7 4 1.2
v 3.6 4 1.2
v 3.3 4 1.2
v 3.2 4 1.2
v 3.2 4 1.3
v 3.3 4 1.3
v 4 4 1.1
v 3.9 4 1.1
v 3.8 4 1.1
v 3.7 4 1.1
v 3.6 4 1.1
v 4 4 1
v 3.9 4 1
v 3.8 4 1
v 3.7 4 1
v 3.6 4 1
v 4 4 0.9
v 3.9 4 0.9
v 3.8 4 0.9
v 3.7 4 0.9
v 3.6 4 0.9
v 4 4 0.8
v 3.9 4 0.8
v 3.8 4 0.8
v 3.7 4 0.8
v 3.6 4 0.8
v 3.3 3.9 0.8
v 3.2 3.9 0.8
v 3.2 3.9 1.2
v 3.3 3.9 1.2
v 4 4 0.7
v 3.9 4 0.7
v 3.8 4 0.7
v 3.7 4 0.7
v 3.6 4 0.7
v 3.3 4 0.7
v 3.2 4 0.7
v 3.2 4 0.8
v 3.3 4 0.8
v 4 4 0.6
v 3.9 4 0.6
v 3.8 4 0.6
v 3.7 4 0.6
v 3.6 4 0.6
v -0.2 3.9 0.6
v -0.3 3.9 0.6
v -0.3 3.9 4
v -0.2 3.9 4
v -0.4 3.9 0.6
v -0.4 3.9 3.9
v -0.3 3.9 3.9
v -0.5 3.9 0.6
v -0.5 3.9 4
v -0.4 3.9 4
v -0.6 3.9 0.6
v -0.6 3.9 3.9
v -0.5 3.9 3.9
v -0.7 3.9 0.6
v -0.7 3.9 4
v -0.6 3.9 4
v -0.8 3.9 0.6
v -0.8 3.9 3.9
v -0.7 3.9 3.9
v -0.2 4.1 0.6
v -0.8 4.1 0.6
v -0.8 4.1 0.7
v -0.2 4.1 0.7
v 4 4 0.5
v 3.9 4 0.5
v 3.8 4 0.5
v 3.7 4 0.5
v 3.6 4 0.5
v -0.1 3.9 0.5
v -0.2 3.9 0.5
v -0.2 3.9 3.9
v -0.1 3.9 3.9
v -0.1 4.1 0.5
v -0.2 4.1 0.5
v -0.1 4.1 0.6
v -0.2 4 0.5
v -0.8 4 0.5
v -0.8 4 0.6
v -0.2 4 0.6
v -0.8 3.9 0.5
v -0.9 3.9 0.5
v -0.9 3.9 4
v -0.8 3.9 4
v -0.8 4.1 0.5
v -0.9 4.1 0.5
v -0.9 4.1 0.6
v 4 4 0.4
v 3.9 4 0.4
v 3.8 4 0.4
v 3.7 4 0.4
v 3.6 4 0.4
v 3 3.9 0.4
v 2.9 3.9 0.4
v 2.9 3.9 2.5
v 3 3.9 2.5
v 0 4.1 0.4
v -0.1 4.1 0.4
v 0 4.1 0.5
v -0.1 4 0.4
v -0.2 4 0.4
v -0.1 4 0.5
v -0.3 4 0.4
v -0.3 4 0.5
v -0.9 4 0.4
v -0.9 4 0.5
v -0.9 3.9 0.4
v -1 3.9 0.4
v -1 3.9 3.9
v -0.9 3.9 3.9
v -0.9 4.1 0.4
v -1 4.1 0.4
v -1 4.1 0.5
v 4 4 0.3
v 3.9 4 0.3
v 3.4 3.9 0.3
v 3.3 3.9 0.3
v 3.3 3.9 1.8
v 3.4 3.9 1.8
v 3 4.1 0.3
v 2.9 4.1 0.3
v 2.9 4.1 0.4
v 3 4.1 0.4
v -0.3 4 0.3
v -0.4 4 0.3
v -0.4 4 0.4
v -1 4 0.3
v -1 4 0.4
v -1 3.9 0.3
v -1.1 3.9 0.3
v -1.1 3.9 4
v -1 3.9 4
v -1 4.1 0.3
v -1.1 4.1 0.3
v -1.1 4.1 0.4
v 4 4 0.2
v 3.9 4 0.2
v 3.8 4 0.2
v 3.7 4 0.2
v 3.6 4 0.2
v 3.4 4 0.2
v 3.3 4 0.2
v 3.3 4 0.3
v 3.4 4 0.3
v 0.2 3.9 0.2
v 0.1 3.9 0.2
v 0.1 3.9 4
v 0.2 3.9 4
v 0.2 4.1 0.2
v 0.1 4.1 0.2
v 0.1 4.1 0.3
v 0.2 4.1 0.3
v -0.2 4 0.2
v -0.3 4 0.2
v -1 4 0.2
v -1.1 4 0.2
v -1.1 4 0.3
v 4 4 0.1
v 3.9 4 0.1
v 3.8 4 0.1
v 3.7 4 0.1
v 3.6 4 0.1
v 0.3 3.9 0.1
v 0.2 3.9 0.1
v 0.2 3.9 3.9
v 0.3 3.9 3.9
v 0.3 4.1 0.1
v 0.2 4.1 0.1
v 0.3 4.1 0.2
v 0.1 3.9 0.1
v 0 3.9 0.1
v 0 3.9 3.9
v 0.1 3.9 3.9
v -0.1 3.9 0.1
v -0.1 3.9 4
v 0 3.9 4
v -0.3 4 0.1
v -0.4 4 0.1
v -0.5 4 0.1
v -0.5 4 0.3
v -0.9 4 0.1
v -1 4 0.1
v -0.9 4 0.3
v -1.1 4 0.1
v 4 4 0
v 3.9 4 0
v 0.3 4 0
v 0.2 4 0
v 0.2 4 0.1
v 0.3 4 0.1
v -0.1 3.9 0
v -0.2 3.9 0
v -0.2 3.9 0.4
v -0.1 3.9 0.4
v -0.3 3.9 0
v -0.3 3.9 0.2
v -0.2 3.9 0.2
v -0.4 4 0
v -0.5 4 0
v -0.8 4 0
v -0.9 4 0
v -0.8 4 0.3
v -1 4 0
v 4 4 -0.1
v 3.9 4 -0.1
v 3.8 4 -0.1
v 3.7 4 -0.1
v 3.6 4 -0.1
v 0.3 4 -0.1
v 0.2 4 -0.1
v 0.1 4 -0.1
v 0.1 4 0.2
v 0.2 4 0.2
v -0.1 4 -0.1
v -0.1 4 0.1
v 0.1 4 0.1
v -0.2 4 -0.1
v -0.2 4 0
v -0.1 4 0
v -0.3 4 -0.1
v -0.3 4 0
v -0.4 4 -0.1
v -0.5 4 -0.1
v -0.8 4 -0.1
v 4 4 -0.2
v 3.9 4 -0.2
v 3.8 4 -0.2
v 3.7 4 -0.2
v 3.6 4 -0.2
v 3.3 3.9 -0.2
v 3.2 3.9 -0.2
v 3.2 3.9 0.7
v 3.3 3.9 0.7
v 0.3 4 -0.2
v 0.2 4 -0.2
v -0.2 4 -0.2
v -0.5 4 -0.2
v -0.8 4 -0.2
v -0.9 4 -0.2
v -1 4 -0.2
v 4 4 -0.3
v 3.9 4 -0.3
v 3.3 4.4 -0.3
v 3.2 4.4 -0.3
v 3.2 4.4 -0.2
v 3.3 4.4 -0.2
v 3 3.9 -0.3
v 2.9 3.9 -0.3
v 2.9 3.9 0.3
v 3 3.9 0.3
v 0.3 4 -0.3
v 0.2 4 -0.3
v -0.9 4 -0.3
v -1 4 -0.3
v -1.1 4 -0.3
v 4 4 -0.4
v 3.9 4 -0.4
v 3.8 4 -0.4
v 3.7 4 -0.4
v 3.6 4 -0.4
v 3 4 -0.4
v 2.9 4 -0.4
v 2.9 4 -0.3
v 3 4 -0.3
v -0.2 4 -0.4
v -0.3 4 -0.4
v -0.4 4 -0.4
v -0.5 4 -0.4
v -1 4 -0.4
v -1.1 4 -0.4
v -1.1 4.1 -0.4
v -1.2 4.1 -0.4
v -1.2 4.1 0.3
v 4 4 -0.5
v 3.9 4 -0.5
v 3.8 4 -0.5
v 3.7 4 -0.5
v 3.6 4 -0.5
v 0.4 4.1 -0.5
v 0.3 4.1 -0.5
v 0.4 4.1 0.1
v 0.3 4 -0.5
v 0.2 4 -0.5
v -0.1 4 -0.5
v -0.2 4 -0.5
v -0.1 4 -0.2
v -0.3 4 -0.5
v -0.9 4 -0.5
v -1 4 -0.5
v -1 4.1 -0.5
v -1.1 4.1 -0.5
v -1 4.1 -0.4
v 4 4 -0.6
v 3.9 4 -0.6
v 3.8 4 -0.6
v 3.7 4 -0.6
v 3.6 4 -0.6
v 0.3 4.1 -0.6
v 0.2 4.1 -0.6
v 0.2 4.1 -0.5
v 0.2 4 -0.6
v -0.1 4 -0.6
v -0.4 4 -0.6
v -0.5 4 -0.6
v -0.9 4 -0.6
v -0.9 4.1 -0.6
v -1 4.1 -0.6
v -0.9 4.1 -0.5
v 4 4 -0.7
v 3.9 4 -0.7
v 3.8 4 -0.7
v 3.7 4 -0.7
v 3.6 4 -0.7
v 0.9 3.9 -0.7
v 0.8 3.9 -0.7
v 0.8 3.9 3.1
v 0.9 3.9 3.1
v 0.7 3.9 -0.7
v 0.7 3.9 4
v 0.8 3.9 4
v 0.6 3.9 -0.7
v 0.6 3.9 3.3
v 0.7 3.9 3.3
v 0.9 4.1 -0.7
v 0.6 4.1 -0.7
v 0.6 4.1 -0.6
v 0.9 4.1 -0.6
v 0.2 4.1 -0.7
v 0.1 4.1 -0.7
v 0.1 4.1 -0.6
v 0.1 4 -0.7
v -0.1 4 -0.7
v 0.1 4 -0.6
v -0.2 4 -0.7
v -0.7 4 -0.7
v -0.8 4 -0.7
v -0.8 4 -0.6
v -0.7 4 -0.6
v -0.8 4.1 -0.7
v -0.9 4.1 -0.7
v -0.8 4.1 -0.6
v 4 4 -0.8
v 3.9 4 -0.8
v 3.8 4 -0.8
v 3.7 4 -0.8
v 3.6 4 -0.8
v 3.4 3.9 -0.8
v 3.3 3.9 -0.8
v 3.3 3.9 0.2
v 3.4 3.9 0.2
v 1 3.9 -0.8
v 0.9 3.9 -0.8
v 0.9 3.9 4
v 1 3.9 4
v 1 4.1 -0.8
v 0.9 4.1 -0.8
v 1 4.1 -0.7
v 0.9 4 -0.8
v 0.8 4 -0.8
v 0.8 4 -0.7
v 0.9 4 -0.7
v 0.6 4 -0.8
v 0.6 4 -0.7
v 0.6 3.9 -0.8
v 0.5 3.9 -0.8
v 0.5 3.9 4
v 0.6 3.9 4
v 0.6 4.1 -0.8
v 0.5 4.1 -0.8
v 0.5 4.1 -0.7
v 0.1 4.1 -0.8
v 0 4.1 -0.8
v 0 4.1 -0.7
v 0 4 -0.8
v -0.1 4 -0.8
v 0 4 -0.7
v -0.2 4 -0.8
v -0.3 4 -0.8
v -0.4 4 -0.8
v -0.5 4 -0.8
v -0.6 4 -0.8
v -0.6 4 -0.6
v -0.7 4 -0.8
v -0.7 4.1 -0.8
v -0.8 4.1 -0.8
v -0.7 4.1 -0.7
v 4 4 -0.9
v 3.9 4 -0.9
v 3.8 4 -0.9
v 3.7 4 -0.9
v 3.6 4 -0.9
v 3.4 4 -0.9
v 3.3 4 -0.9
v 3.3 4 -0.8
v 3.4 4 -0.8
v 1.1 3.9 -0.9
v 1 3.9 -0.9
v 1 3.9 3.9
v 1.1 3.9 3.9
v 1.1 4.1 -0.9
v 1 4.1 -0.9
v 1.1 4.1 -0.8
v 0 4.1 -0.9
v -0.7 4.1 -0.9
v 4 4 -1
v 3.9 4 -1
v 3.8 4 -1
v 3.7 4 -1
v 3.6 4 -1
v 0.7 4 -1
v 0.5 4 -1
v 0.5 4 -0.8
v 0.7 4 -0.8
v 0.5 3.9 -1
v 0.4 3.9 -1
v 0.4 3.9 3.9
v 0.5 3.9 3.9
v 0.5 4.1 -1
v 0.4 4.1 -1
v 0.4 4.1 -0.8
v 4 4 -1.1
v 3.9 4 -1.1
v 3.8 4 -1.1
v 3.7 4 -1.1
v 3.6 4 -1.1
v 1 4 -1.1
v 0.8 4 -1.1
v 1 4 -0.8
v 0.7 4 -1.1
v 0.7 3.9 -1.1
v 0.5 3.9 -1.1
v 0.7 3.9 -1
v 0.5 4 -1.1
v 0.4 4 -1.1
v 0.4 4 -1
v 0.4 4.1 -1.1
v 0.3 4.1 -1.1
v 0.3 4.1 -1
v 4 4 -1.2
v 3.9 4 -1.2
v 3.8 4 -1.2
v 3.7 4 -1.2
v 3.6 4 -1.2
v 3.4 3.9 -1.2
v 3.3 3.9 -1.2
v 3.3 3.9 -0.9
v 3.4 3.9 -0.9
v 1.2 4.1 -1.2
v 1.1 4.1 -1.2
v 1.2 4.1 -0.9
v 1.1 4 -1.2
v 1 4 -1.2
v 1 4 -0.9
v 1.1 4 -0.9
v 0.8 4 -1.2
v 0.6 3.9 -1.2
v 0.4 3.9 -1.2
v 0.4 3.9 -1.1
v 0.6 3.9 -1.1
v 4 4 -1.3
v 3.9 4 -1.3
v 3.8 4 -1.3
v 3.7 4 -1.3
v 3.6 4 -1.3
v 3.4 4.1 -1.3
v 3.3 4.1 -1.3
v 3.3 4.1 -1.2
v 3.4 4.1 -1.2
v 1.1 4.1 -1.3
v 1 4.1 -1.3
v 1 4.1 -1.2
v 1 4 -1.3
v 0.8 4 -1.3
v 0.7 4 -1.3
v 0.6 4 -1.3
v 0.6 4 -1.1
v 0.5 4 -1.3
v 0.5 4 -1.2
v 0.6 4 -1.2
v 4 4 -1.4
v 3.9 4 -1.4
v 3.8 4 -1.4
v 3.7 4 -1.4
v 3.6 4 -1.4
v 3 3.9 -1.4
v 2.9 3.9 -1.4
v 2.9 3.9 -0.4
v 3 3.9 -0.4
v 1 4.1 -1.4
v 0.9 4.1 -1.4
v 0.9 4.1 -1.3
v 0.9 4 -1.4
v 0.8 4 -1.4
v 0.9 4 -1.3
v 0.7 4 -1.4
v 0.6 4 -1.4
v 0.6 4.1 -1.4
v 0.5 4.1 -1.4
v 0.5 4.1 -1.3
v 0.6 4.1 -1.3
v 4 4 -1.5
v 3.9 4 -1.5
v 3.8 4 -1.5
v 3.7 4 -1.5
v 3.6 4 -1.5
v 3.4 3.9 -1.5
v 3.3 3.9 -1.5
v 3.3 3.9 -1.3
v 3.4 3.9 -1.3
v 3 4 -1.5
v 2.9 4 -1.5
v 2.9 4 -1.4
v 3 4 -1.4
v 0.9 4.1 -1.5
v 0.6 4.1 -1.5
v 4 4 -1.6
v 3.9 4 -1.6
v 3.8 4 -1.6
v 3.7 4 -1.6
v 3.6 4 -1.6
v 3.4 4 -1.6
v 3.3 4 -1.6
v 3.3 4 -1.5
v 3.4 4 -1.5
v 4 4 -1.7
v 3.9 4 -1.7
v 3.8 4 -1.7
v 3.7 4 -1.7
v 3.6 4 -1.7
v 3.2 3.9 -1.7
v 3.1 3.9 -1.7
v 3.1 3.9 1.7
v 3.2 3.9 1.7
v 4 4 -1.8
v 3.9 4 -1.8
v 3.8 4 -1.8
v 3.7 4 -1.8
v 3.2 4 -1.8
v 3.1 4 -1.8
v 3.1 4 -1.7
v 3.2 4 -1.7
v 4 4 -1.9
v 3.9 4 -1.9
v 3.8 4 -1.9
v 3.7 4 -1.9
v 3.6 4 -1.9
v 3.4 3.9 -1.9
v 3.3 3.9 -1.9
v 3.3 3.9 -1.6
v 3.4 3.9 -1.6
v 4 4 -2
v 3.9 4 -2
v 3.8 4 -2
v 3.7 4 -2
v 3.6 4 -2
v 3.4 4 -2
v 3.3 4 -2
v 3.3 4 -1.9
v 3.4 4 -1.9
v 3.1 3.9 -2
v 3 3.9 -2
v 3 3.9 2.1
v 3.1 3.9 2.1
v 4 4 -2.1
v 3.9 4 -2.1
v 3.8 4 -2.1
v 3.7 4 -2.1
v 3.6 4 -2.1
v 3.1 4.1 -2.1
v 3 4.1 -2.1
v 3 4.1 -2
v 3.1 4.1 -2
v 4 4 -2.2
v 3.9 4 -2.2
v 3.8 4 -2.2
v 3.7 4 -2.2
v 3.6 4 -2.2
v 3.6 3.9 -2.2
v 3.5 3.9 -2.2
v 3.5 3.9 2.2
v 3.6 3.9 2.2
v 3.4 3.9 -2.2
v 3.4 3.9 2.5
v 3.5 3.9 2.5
v 3.3 3.9 -2.2
v 3.3 3.9 -2
v 3.4 3.9 -2
v 3.2 3.9 -2.2
v 3.2 3.9 -0.3
v 3.3 3.9 -0.3
v 3.1 3.9 -2.2
v 3.1 3.9 -1.8
v 3.2 3.9 -1.8
v 3 3.9 -2.2
v 3 3.9 -2.1
v 3.1 3.9 -2.1
v 2.9 3.9 -2.2
v 2.9 3.9 -1.5
v 3 3.9 -1.5
v 2.8 3.9 -2.2
v 2.8 3.9 2.9
v 2.9 3.9 2.9
v 2.7 3.9 -2.2
v 2.7 3.9 1.7
v 2.8 3.9 1.7
v 2.6 3.9 -2.2
v 2.6 3.9 2.6
v 2.7 3.9 2.6
v 2.5 3.9 -2.2
v 2.6 3.9 2.7
v 2.4 3.9 -2.2
v 2.5 3.9 3.5
v 2.3 3.9 -2.2
v 2.3 3.9 2.8
v 2.4 3.9 2.8
v 2.2 3.9 -2.2
v 2.2 3.9 2.3
v 2.3 3.9 2.3
v 2.1 3.9 -2.2
v 2.1 3.9 2.8
v 2.2 3.9 2.8
v 2 3.9 -2.2
v 2.1 3.9 3.2
v 1.9 3.9 -2.2
v 1.9 3.9 2.5
v 2 3.9 2.5
v 1.8 3.9 -2.2
v 1.8 3.9 2.1
v 1.9 3.9 2.1
v 1.7 3.9 -2.2
v 1.7 3.9 2.8
v 1.8 3.9 2.8
v 1.5 3.9 -2.2
v 1.7 3.9 2.9
v 1.4 3.9 -2.2
v 1.4 3.9 2.5
v 1.5 3.9 2.5
v 1.3 3.9 -2.2
v 1.4 3.9 2.6
v 1.2 3.9 -2.2
v 1.2 3.9 3.9
v 1.3 3.9 3.9
v 1.1 3.9 -2.2
v 1.1 3.9 3
v 1.2 3.9 3
v 1 3.9 -2.2
v 1 3.9 -1.2
v 1.1 3.9 -1.2
v 0.9 3.9 -2.2
v 0.9 3.9 -1.3
v 1 3.9 -1.3
v 0.6 3.9 -2.2
v 0.6 3.9 -1.4
v 0.9 3.9 -1.4
v 0.5 3.9 -2.2
v 0.5 3.9 -1.3
v 0.6 3.9 -1.3
v 0.4 3.9 -2.2
v 0.5 3.9 -1.2
v 0.3 3.9 -2.2
v 0.3 3.9 4
v 0.4 3.9 4
v 0.2 3.9 -2.2
v 0.2 3.9 -0.5
v 0.3 3.9 -0.5
v 0.1 3.9 -2.2
v 0.1 3.9 -0.6
v 0.2 3.9 -0.6
v 0 3.9 -2.2
v 0 3.9 -0.7
v 0.1 3.9 -0.7
v -0.7 3.9 -2.2
v -0.7 3.9 -0.8
v 0 3.9 -0.8
v -0.8 3.9 -2.2
v -0.8 3.9 -0.7
v -0.7 3.9 -0.7
v -0.9 3.9 -2.2
v -0.9 3.9 -0.6
v -0.8 3.9 -0.6
v -1 3.9 -2.2
v -1 3.9 -0.5
v -0.9 3.9 -0.5
v -1.1 3.9 -2.2
v -1.1 3.9 -0.4
v -1 3.9 -0.4
v -1.2 3.9 -2.2
v -1.2 3.9 3.9
v -1.1 3.9 3.9
v -1.3 3.9 -2.2
v -1.3 3.9 4
v -1.2 3.9 4
v -1.4 3.9 -2.2
v -1.4 3.9 3.8
v -1.3 3.9 3.8
v -1.6 3.9 -2.2
v -1.4 3.9 3.6
v -1.7 3.9 -2.2
v -1.7 3.9 1.6
v -1.6 3.9 1.6
v -1.9 3.9 -2.2
v -1.9 3.9 1.5
v -1.7 3.9 1.5
v -2 3.9 -2.2
v -2 3.9 1.7
v -1.9 3.9 1.7
v -2.2 3.9 -2.2
v -2.2 3.9 1.5
v -2 3.9 1.5
v -1.8 4 2.2
v -2.1 4 2.2
v -1.7 4 2.1
v -2.2 4 2.1
v -1.6 4 2
v -1.5 4 1.6
v -1.5 4 1.9
v -1.6 4 1.5
v -1.7 4 1.4
v -1.8 4 1.4
v -2.1 4 1.4
v -2.2 4 1.4
v -0.2 4 0.7
v -0.8 4 0.7
v -0.1 4 0.6
v -0.9 4 0.6
v 0 4 0.4
v 0 4 0.5
v -1 4 0.5
v -1.1 4 0.4
v 0.2 4 0.3
v 0.1 4 0.3
v 0.3 4 0.2
v -1.2 4 0.3
v -1.2 4 -0.4
v 0.4 4 -0.5
v 0.4 4 0.1
v -1.1 4 -0.5
v 0.3 4 -0.6
v -1 4 -0.6
v 0.9 4 -0.6
v 0.6 4 -0.6
v 0.2 4 -0.7
v -0.9 4 -0.7
v 1 4 -0.7
v 0.5 4 -0.7
v 0.1 4 -0.8
v -0.8 4 -0.8
v 1.1 4 -0.8
v 0 4 -0.9
v -0.7 4 -0.9
v 0.4 4 -0.8
v 0.3 4 -1
v 0.3 4 -1.1
v 1.2 4 -1.2
v 1.2 4 -0.9
v 1.1 4 -1.3
v 1 4 -1.4
v 0.5 4 -1.4
v 0.9 4 -1.5
v 0.6 4 -1.5
v 4 0 -2.2
v 4 0 4
v -2.2 0 4
v -2.2 0 -2.2
v 1.4 3.9 3.9
v 3.3 3.9 2.9
v 3.4 3.9 2.7
v 3.4 3.9 2.6
v 3.5 3.9 2.4
v 3.5 3.9 2.3
v 3.6 3.9 2.1
v 3.6 3.9 2
v 3.6 3.9 1.9
v -2.2 3.9 1.9
v 3.6 3.9 1.7
v 3.6 3.9 1.6
v -1.9 3.9 1.6
v 3.6 3.9 1.5
v -2.2 3.9 1.6
v 3.6 3.9 1.4
v 3.6 3.9 1.3
v 3.6 3.9 1.2
v 3.6 3.9 1.1
v 3.6 3.9 1
v 3.6 3.9 0.9
v 3.6 3.9 0.8
v 3.6 3.9 0.7
v 3.6 3.9 0.6
v 3.6 3.9 0.5
v 3.6 3.9 0.4
v 3.6 3.9 0.2
v -1.1 3.9 0.2
v 3.6 3.9 0.1
v -1.1 3.9 0.1
v 3.6 3.9 -0.1
v 3.6 3.9 -0.2
v -1.1 3.9 -0.3
v 3.6 3.9 -0.4
v 3.6 3.9 -0.5
v 3.6 3.9 -0.6
v 3.6 3.9 -0.7
v 3.6 3.9 -0.8
v 3.6 3.9 -0.9
v 3.6 3.9 -1
v 3.6 3.9 -1.1
v 3.6 3.9 -1.2
v 3.6 3.9 -1.3
v 3.6 3.9 -1.4
v 3.6 3.9 -1.5
v 3.6 3.9 -1.6
v 3.6 3.9 -1.7
v 3.6 3.9 -1.9
v 3.6 3.9 -2
v 3.6 3.9 -2.1
v 1.8 4.1 3.3
v 1.8 4.1 3.2
v 0.8 4.1 3.2
v 0.8 4.1 3.1
v 2.7 4.1 2.4
v 2.7 4.1 2.3
v 3.2 4.2 -0.2
v 3.2 4.2 -0.3
v 4 3 4
v 4 3 -2.2
v 4 3.1 4
v 4 3.1 -2.2
v 4 3.2 4
v 4 3.2 -2.2
v 4 3.3 4
v 4 3.3 -2.2
v 4 3.4 4
v 4 3.4 -2.2
v 4 3.5 4
v 4 3.5 -2.2
v 4 3.6 4
v 4 3.6 -2.2
v 4 3.7 4
v 4 3.7 -2.2
v 4 3.8 4
v 4 3.8 -2.2
v 4 3.9 4
v 4 3.9 -2.2
v 4 3.9 3.9
v -1.3 3.9 3.9
v 4 3.9 3.8
v 4 3.9 3.7
v -1.4 3.9 3.7
v 4 3.9 3.6
v 4 3.9 3.5
v 4 3.9 3.4
v 4 3.9 3.3
v 4 3.9 3.2
v 4 3.9 3.1
v 4 3.9 3
v 4 3.9 2.9
v 4 3.9 2.8
v 4 3.9 2.7
v 4 3.9 2.6
v 4 3.9 2.5
v 4 3.9 2.4
v 4 3.9 2.3
v 4 3.9 2.2
v 4 3.9 2.1
v 4 3.9 2
v 4 3.9 1.9
v 4 3.9 1.8
v 4 3.9 1.7
v 4 3.9 1.6
v -2 3.9 1.6
v 4 3.9 1.5
v 4 3.9 1.4
v 4 3.9 1.3
v 4 3.9 1.2
v 4 3.9 1.1
v 4 3.9 1
v 4 3.9 0.9
v 4 3.9 0.8
v 4 3.9 0.7
v 4 3.9 0.6
v 4 3.9 0.5
v 4 3.9 0.4
v 4 3.9 0.3
v 4 3.9 0.2
v 4 3.9 0.1
v -0.3 3.9 0.1
v 4 3.9 0
v 0.3 3.9 0
v 4 3.9 -0.1
v 0.3 3.9 -0.1
v 4 3.9 -0.2
v 0.3 3.9 -0.2
v 4 3.9 -0.3
v 0.3 3.9 -0.3
v 4 3.9 -0.4
v 4 3.9 -0.5
v 4 3.9 -0.6
v 4 3.9 -0.7
v 4 3.9 -0.8
v 4 3.9 -0.9
v 4 3.9 -1
v 4 3.9 -1.1
v 4 3.9 -1.2
v 4 3.9 -1.3
v 4 3.9 -1.4
v 4 3.9 -1.5
v 4 3.9 -1.6
v 4 3.9 -1.7
v 4 3.9 -1.8
v 4 3.9 -1.9
v 4 3.9 -2
v 4 3.9 -2.1
v 1.9 4.1 3.3
v 1.9 4.1 3.2
v 0.9 4.1 3.2
v 0.9 4.1 3.1
v 2.8 4.1 2.4
v 2.8 4.1 2.3
v 3.3 4.2 -0.2
v 3.3 4.2 -0.3
v 2.6 3.9 3.4
v 2.3 3.9 3.5
v 2.1 3.9 3.6
v 2 3.9 3.6
v 1.7 3.9 3.6
v 1.6 3.9 3.6
v 1.5 3.9 3.6
v -0.1 3.9 -0.8
v -0.5 3.9 -0.8
v -0.6 3.9 -0.8
v -1.5 3.9 3.6
v -1.8 3.9 1.5
v -1.9 3.9 3.6
v -2 3.9 3.6
v -2.1 3.9 3.6
v -2.1 3.9 1.5
v 3.9 3.9 4
v 3.8 3.9 4
v 3.7 3.9 4
v 3.6 3.9 4
v 3.5 3.9 4
v 3.4 3.9 4
v 3.3 3.9 4
v 3.2 3.9 4
v 3.1 3.9 4
v 3 3.9 4
v 2.9 3.9 4
v 2.8 3.9 4
v 2.7 3.9 4
v 2.6 3.9 4
v 2.5 3.9 4
v 2.4 3.9 4
v 2.3 3.9 4
v 2.2 3.9 4
v 2.1 3.9 4
v 2 3.9 4
v 1.9 3.9 4
v 1.8 3.9 4
v 1.7 3.9 4
v 1.6 3.9 4
v 1.5 3.9 4
v 1.4 3.8 4
v -1.3 3.8 4
v -1.4 3.9 4
v -1.5 3.9 4
v -1.6 3.9 4
v -1.7 3.9 4
v -1.8 3.9 4
v -1.9 3.9 4
v -2 3.9 4
v -2.1 3.9 4
v -2.2 3 4
v -2.2 3.1 4
v -2.2 3.2 4
v -2.2 3.3 4
v -2.2 3.4 4
v -2.2 3.5 4
v -2.2 3.6 4
v -2.2 3.7 4
v -2.2 3.8 4
v -2.2 3.9 4
v -2.3 4 3.9
v -2.4 4 3.9
v -2.4 4 4
v -2.3 4 4
v -2.5 4 3.9
v -2.6 4 3.9
v -2.6 4 4
v -2.5 4 4
v -2.7 4 3.9
v -2.8 4 3.9
v -2.8 4 4
v -2.7 4 4
v -2.9 4 3.9
v -3 4 3.9
v -3 4 4
v -2.9 4 4
v -3.1 4 3.9
v -3.2 4 3.9
v -3.2 4 4
v -3.1 4 4
v -3.3 4 3.9
v -3.4 4 3.9
v -3.4 4 4
v -3.3 4 4
v -3.5 4 3.9
v -3.6 4 3.9
v -3.6 4 4
v -3.5 4 4
v -3.7 4 3.9
v -3.8 4 3.9
v -3.8 4 4
v -3.7 4 4
v -3.9 4 3.9
v -4 4 3.9
v -4 4 4
v -3.9 4 4
v -2.3 4 3.8
v -2.4 4 3.8
v -2.5 4 3.8
v -2.6 4 3.8
v -2.7 4 3.8
v -2.8 4 3.8
v -2.9 4 3.8
v -3 4 3.8
v -3.1 4 3.8
v -3.2 4 3.8
v -3.3 4 3.8
v -3.4 4 3.8
v -3.5 4 3.8
v -3.6 4 3.8
v -3.7 4 3.8
v -3.8 4 3.8
v -3.9 4 3.8
v -4 4 3.8
v -2.3 4 3.7
v -2.4 4 3.7
v -2.5 4 3.7
v -2.6 4 3.7
v -2.7 4 3.7
v -2.8 4 3.7
v -2.9 4 3.7
v -3 4 3.7
v -3.1 4 3.7
v -3.2 4 3.7
v -3.3 4 3.7
v -3.4 4 3.7
v -3.5 4 3.7
v -3.6 4 3.7
v -3.7 4 3.7
v -3.8 4 3.7
v -3.9 4 3.7
v -4 4 3.7
v -2.3 4 3.6
v -2.4 4 3.6
v -2.5 4 3.6
v -2.6 4 3.6
v -2.7 4 3.6
v -2.8 4 3.6
v -2.9 4 3.6
v -3 4 3.6
v -3.1 4 3.6
v -3.2 4 3.6
v -3.3 4 3.6
v -3.4 4 3.6
v -3.5 4 3.6
v -3.6 4 3.6
v -3.7 4 3.6
v -3.8 4 3.6
v -3.9 4 3.6
v -4 4 3.6
v -2.2 4 3.5
v -2.3 4 3.5
v -2.4 4 3.5
v -2.5 4 3.5
v -2.6 4 3.5
v -2.7 4 3.5
v -2.8 4 3.5
v -2.9 4 3.5
v -3 4 3.5
v -3.1 4 3.5
v -3.2 4 3.5
v -3.3 4 3.5
v -3.4 4 3.5
v -3.5 4 3.5
v -3.6 4 3.5
v -3.7 4 3.5
v -3.8 4 3.5
v -3.9 4 3.5
v -4 4 3.5
v -2.5 4 3.4
v -2.6 4 3.4
v -2.7 4 3.4
v -2.8 4 3.4
v -2.9 4 3.4
v -3 4 3.4
v -3.1 4 3.4
v -3.2 4 3.4
v -3.3 4 3.4
v -3.4 4 3.4
v -3.5 4 3.4
v -3.6 4 3.4
v -3.7 4 3.4
v -3.8 4 3.4
v -3.9 4 3.4
v -4 4 3.4
v -2.8 4 3.3
v -2.9 4 3.3
v -3 4 3.3
v -3.1 4 3.3
v -3.2 4 3.3
v -3.3 4 3.3
v -3.4 4 3.3
v -3.5 4 3.3
v -3.6 4 3.3
v -3.7 4 3.3
v -3.8 4 3.3
v -3.9 4 3.3
v -4 4 3.3
v -3 4 3.2
v -3.1 4 3.2
v -3.2 4 3.2
v -3.3 4 3.2
v -3.4 4 3.2
v -3.5 4 3.2
v -3.6 4 3.2
v -3.7 4 3.2
v -3.8 4 3.2
v -3.9 4 3.2
v -4 4 3.2
v -3.1 4 3.1
v -3.2 4 3.1
v -3.3 4 3.1
v -3.4 4 3.1
v -3.5 4 3.1
v -3.6 4 3.1
v -3.7 4 3.1
v -3.8 4 3.1
v -3.9 4 3.1
v -4 4 3.1
v -3.2 4 3
v -3.3 4 3
v -3.4 4 3
v -3.5 4 3
v -3.6 4 3
v -3.7 4 3
v -3.8 4 3
v -3.9 4 3
v -4 4 3
v -3.3 4 2.9
v -3.4 4 2.9
v -3.5 4 2.9
v -3.6 4 2.9
v -3.7 4 2.9
v -3.8 4 2.9
v -3.9 4 2.9
v -4 4 2.9
v -3.3 4 2.8
v -3.4 4 2.8
v -3.5 4 2.8
v -3.6 4 2.8
v -3.7 4 2.8
v -3.8 4 2.8
v -3.9 4 2.8
v -4 4 2.8
v -3.4 4 2.7
v -3.5 4 2.7
v -3.6 4 2.7
v -3.7 4 2.7
v -3.8 4 2.7
v -3.9 4 2.7
v -4 4 2.7
v -3.4 4 2.6
v -3.5 4 2.6
v -3.6 4 2.6
v -3.7 4 2.6
v -3.8 4 2.6
v -3.9 4 2.6
v -4 4 2.6
v -3.4 4 2.5
v -3.5 4 2.5
v -3.6 4 2.5
v -3.7 4 2.5
v -3.8 4 2.5
v -3.9 4 2.5
v -4 4 2.5
v -3.5 4 2.4
v -3.6 4 2.4
v -3.7 4 2.4
v -3.8 4 2.4
v -3.9 4 2.4
v -4 4 2.4
v -3.5 4 2.3
v -3.6 4 2.3
v -3.7 4 2.3
v -3.8 4 2.3
v -3.9 4 2.3
v -4 4 2.3
v -3.5 4 2.2
v -3.6 4 2.2
v -3.7 4 2.2
v -3.8 4 2.2
v -3.9 4 2.2
v -4 4 2.2
v -3.6 4 2.1
v -3.7 4 2.1
v -3.8 4 2.1
v -3.9 4 2.1
v -4 4 2.1
v -3.6 4 2
v -3.7 4 2
v -3.8 4 2
v -3.9 4 2
v -4 4 2
v -2.2 4.1 1.9
v -2.3 4.1 1.9
v -2.3 4.1 2
v -2.5 3.9 1.9
v -2.5 3.9 3.5
v -2.2 3.9 3.5
v -3.6 4 1.9
v -3.7 4 1.9
v -3.8 4 1.9
v -3.9 4 1.9
v -4 4 1.9
v -3.4 3.9 1.8
v -3.5 3.9 1.8
v -3.5 3.9 2.5
v -3.4 3.9 2.5
v -3.7 4 1.8
v -3.8 4 1.8
v -3.9 4 1.8
v -4 4 1.8
v -3.4 4 1.7
v -3.5 4 1.7
v -3.5 4 1.8
v -3.4 4 1.8
v -3.6 4 1.7
v -3.7 4 1.7
v -3.8 4 1.7
v -3.9 4 1.7
v -4 4 1.7
v -2.3 4 1.6
v -2.3 4 1.9
v -2.3 4.1 1.6
v -2.4 4.1 1.6
v -2.4 4.1 1.9
v -3.3 3.9 1.6
v -3.4 3.9 1.6
v -3.4 3.9 2.8
v -3.3 3.9 2.8
v -3.6 4 1.6
v -3.7 4 1.6
v -3.8 4 1.6
v -3.9 4 1.6
v -4 4 1.6
v -2.3 4.1 1.5
v -2.2 4.1 1.6
v -3.3 4 1.5
v -3.4 4 1.5
v -3.4 4 1.6
v -3.3 4 1.6
v -3.7 4 1.5
v -3.8 4 1.5
v -3.9 4 1.5
v -4 4 1.5
v -3.4 3.9 1.4
v -3.5 3.9 1.4
v -3.5 3.9 1.7
v -3.4 3.9 1.7
v -3.8 4 1.4
v -4 4 1.4
v -3.4 4.3 1.3
v -3.5 4.3 1.3
v -3.5 4.3 1.4
v -3.4 4.3 1.4
v -3.9 4 1.3
v -4 4 1.3
v -3.9 4 1.4
v -3.2 3.9 1.2
v -3.3 3.9 1.2
v -3.3 3.9 3
v -3.2 3.9 3
v -3.9 3.9 1.2
v -4 3.9 1.2
v -4 3.9 1.3
v -3.9 3.9 1.3
v -3.2 4 1.1
v -3.3 4 1.1
v -3.3 4 1.2
v -3.2 4 1.2
v -3.4 3.9 1.1
v -3.5 3.9 1.1
v -3.5 3.9 1.3
v -3.4 3.9 1.3
v -3.9 4 1.1
v -4 4 1.1
v -4 4 1.2
v -3.9 4 1.2
v -3.4 4 1
v -3.5 4 1
v -3.5 4 1.1
v -3.4 4 1.1
v -3.9 3.9 1
v -4 3.9 1
v -4 3.9 1.1
v -3.9 3.9 1.1
v -3.9 4 0.9
v -4 4 0.9
v -4 4 1
v -3.9 4 1
v -3.2 3.9 0.8
v -3.3 3.9 0.8
v -3.3 3.9 1.1
v -3.2 3.9 1.1
v -3.9 3.9 0.8
v -4 3.9 0.8
v -4 3.9 0.9
v -3.9 3.9 0.9
v -2.9 3.9 0.7
v -3 3.9 0.7
v -3 3.9 3.3
v -2.9 3.9 3.3
v -3.2 4 0.7
v -3.3 4 0.7
v -3.3 4 0.8
v -3.2 4 0.8
v -3.4 3.9 0.7
v -3.5 3.9 0.7
v -3.5 3.9 1
v -3.4 3.9 1
v -3.9 4 0.7
v -4 4 0.7
v -4 4 0.8
v -3.9 4 0.8
v -2.9 4 0.6
v -3 4 0.6
v -3 4 0.7
v -2.9 4 0.7
v -3.4 4.1 0.6
v -3.5 4.1 0.6
v -3.5 4.1 0.7
v -3.4 4.1 0.7
v -3.9 3.9 0.6
v -4 3.9 0.6
v -4 3.9 0.7
v -3.9 3.9 0.7
v -3.9 4 0.5
v -4 4 0.5
v -4 4 0.6
v -3.9 4 0.6
v -3 3.9 0.4
v -3.1 3.9 0.4
v -3.1 3.9 3.2
v -3 3.9 3.2
v -3.9 3.9 0.4
v -4 3.9 0.4
v -4 3.9 0.5
v -3.9 3.9 0.5
v -3 4 0.3
v -3.1 4 0.3
v -3.1 4 0.4
v -3 4 0.4
v -3.3 3.9 0.3
v -3.4 3.9 0.3
v -3.4 3.9 1.5
v -3.3 3.9 1.5
v -3.9 4 0.3
v -4 4 0.3
v -4 4 0.4
v -3.9 4 0.4
v -3.3 4 0.2
v -3.4 4 0.2
v -3.4 4 0.3
v -3.3 4 0.3
v -3.9 3.9 0.2
v -4 3.9 0.2
v -4 3.9 0.3
v -3.9 3.9 0.3
v -3.9 4 0.1
v -4 4 0.1
v -4 4 0.2
v -3.9 4 0.2
v -3 3.9 0
v -3.1 3.9 0
v -3.1 3.9 0.3
v -3 3.9 0.3
v -3.9 3.9 0
v -4 3.9 0
v -4 3.9 0.1
v -3.9 3.9 0.1
v -3 4.3 -0.1
v -3.1 4.3 -0.1
v -3.1 4.3 0
v -3 4.3 0
v -3.9 4 -0.1
v -4 4 -0.1
v -4 4 0
v -3.9 4 0
v -3.9 3.9 -0.2
v -4 3.9 -0.2
v -4 3.9 -0.1
v -3.9 3.9 -0.1
v -3.9 4 -0.3
v -4 4 -0.3
v -4 4 -0.2
v -3.9 4 -0.2
v -3.4 3.9 -0.4
v -3.5 3.9 -0.4
v -3.5 3.9 0.6
v -3.4 3.9 0.6
v -3.9 3.9 -0.4
v -4 3.9 -0.4
v -4 3.9 -0.3
v -3.9 3.9 -0.3
v -3.4 4 -0.5
v -3.5 4 -0.5
v -3.5 4 -0.4
v -3.4 4 -0.4
v -3.9 4 -0.5
v -4 4 -0.5
v -4 4 -0.4
v -3.9 4 -0.4
v -3 3.9 -0.6
v -3.1 3.9 -0.6
v -3.1 3.9 -0.1
v -3 3.9 -0.1
v -3.9 3.9 -0.6
v -4 3.9 -0.6
v -4 3.9 -0.5
v -3.9 3.9 -0.5
v -3 4 -0.7
v -3.1 4 -0.7
v -3.1 4 -0.6
v -3 4 -0.6
v -3.4 3.9 -0.7
v -3.5 3.9 -0.7
v -3.5 3.9 -0.5
v -3.4 3.9 -0.5
v -3.9 4 -0.7
v -4 4 -0.7
v -4 4 -0.6
v -3.9 4 -0.6
v -3.4 4 -0.8
v -3.5 4 -0.8
v -3.5 4 -0.7
v -3.4 4 -0.7
v -3.9 3.9 -0.8
v -4 3.9 -0.8
v -4 3.9 -0.7
v -3.9 3.9 -0.7
v -3.9 4 -0.9
v -4 4 -0.9
v -4 4 -0.8
v -3.9 4 -0.8
v -3.9 3.9 -1
v -4 3.9 -1
v -4 3.9 -0.9
v -3.9 3.9 -0.9
v -3.9 4 -1.1
v -4 4 -1.1
v -4 4 -1
v -3.9 4 -1
v -2.8 3.9 -1.2
v -2.9 3.9 -1.2
v -2.8 3.9 3.3
v -3.1 3.9 -1.2
v -3.2 3.9 -1.2
v -3.2 3.9 3.1
v -3.1 3.9 3.1
v -3.9 3.9 -1.2
v -4 3.9 -1.2
v -4 3.9 -1.1
v -3.9 3.9 -1.1
v -2.8 4 -1.3
v -2.9 4 -1.3
v -2.9 4 -1.2
v -2.8 4 -1.2
v -3.1 4 -1.3
v -3.2 4 -1.3
v -3.2 4 -1.2
v -3.1 4 -1.2
v -3.9 4 -1.3
v -4 4 -1.3
v -4 4 -1.2
v -3.9 4 -1.2
v -3.8 3.9 -1.4
v -3.9 3.9 -1.4
v -3.9 3.9 1.4
v -3.8 3.9 1.4
v -4 3.9 -1.4
v -4 3.9 -1.3
v -3.9 3.9 -1.3
v -3.7 3.9 -1.5
v -3.8 3.9 -1.5
v -3.8 3.9 1.5
v -3.7 3.9 1.5
v -3.8 4 -1.5
v -3.9 4 -1.5
v -3.9 4 -1.4
v -3.8 4 -1.4
v -4 4 -1.5
v -4 4 -1.4
v -3 3.9 -1.6
v -3.1 3.9 -1.6
v -3.1 3.9 -0.7
v -3 3.9 -0.7
v -3.6 3.9 -1.6
v -3.7 3.9 -1.6
v -3.7 3.9 1.6
v -3.6 3.9 1.6
v -3.7 4 -1.6
v -3.8 4 -1.6
v -3.7 4 -1.5
v -3.9 4 -1.6
v -4 4 -1.6
v -3 4 -1.7
v -3.1 4 -1.7
v -3.1 4 -1.6
v -3 4 -1.6
v -3.3 3.9 -1.7
v -3.4 3.9 -1.7
v -3.4 3.9 0.2
v -3.3 3.9 0.2
v -3.6 4 -1.7
v -3.7 4 -1.7
v -3.6 4 -1.6
v -3.8 4 -1.7
v -3.9 4 -1.7
v -4 4 -1.7
v -3.3 4 -1.8
v -3.4 4 -1.8
v -3.4 4 -1.7
v -3.3 4 -1.7
v -3.7 4 -1.8
v -3.8 4 -1.8
v -3.9 4 -1.8
v -4 4 -1.8
v -2.8 3.9 -1.9
v -2.9 3.9 -1.9
v -2.9 3.9 -1.3
v -2.8 3.9 -1.3
v -3.6 4 -1.9
v -3.7 4 -1.9
v -3.8 4 -1.9
v -3.9 4 -1.9
v -4 4 -1.9
v -2.8 4 -2
v -2.9 4 -2
v -2.9 4 -1.9
v -2.8 4 -1.9
v -3.3 3.9 -2
v -3.4 3.9 -2
v -3.4 3.9 -1.8
v -3.3 3.9 -1.8
v -3.6 4 -2
v -3.7 4 -2
v -3.8 4 -2
v -3.9 4 -2
v -4 4 -2
v -3.2 3.9 -2.1
v -3.3 3.9 -2.1
v -3.3 3.9 0.7
v -3.2 3.9 0.7
v -3.3 4 -2.1
v -3.4 4 -2.1
v -3.4 4 -2
v -3.3 4 -2
v -3.6 4 -2.1
v -3.7 4 -2.1
v -3.8 4 -2.1
v -3.9 4 -2.1
v -4 4 -2.1
v -2.3 3.9 -2.2
v -2.3 3.9 1.6
v -2.5 3.9 -2.2
v -2.3 3.9 1.9
v -2.8 3.9 -2.2
v -2.8 3.9 3.4
v -2.5 3.9 3.4
v -2.9 3.9 -2.2
v -2.9 3.9 -2
v -2.8 3.9 -2
v -3 3.9 -2.2
v -3 3.9 0.6
v -2.9 3.9 0.6
v -3.1 3.9 -2.2
v -3.1 3.9 -1.7
v -3 3.9 -1.7
v -3.2 3.9 -2.2
v -3.2 3.9 -1.3
v -3.1 3.9 -1.3
v -3.2 4.3 -2.2
v -3.3 4.3 -2.2
v -3.3 4.3 -2.1
v -3.2 4.3 -2.1
v -3.3 3.9 -2.2
v -3.4 3.9 -2.2
v -3.4 3.9 -2.1
v -3.5 3.9 -2.2
v -3.5 3.9 -0.8
v -3.4 3.9 -0.8
v -3.6 3.9 -2.2
v -3.6 3.9 2.2
v -3.5 3.9 2.2
v -3.6 4 -2.2
v -3.7 4 -2.2
v -3.8 4 -2.2
v -3.9 4 -2.2
v -4 4 -2.2
v -2.3 4 2
v -2.4 4 1.9
v -2.4 4 1.6
v -2.3 4 1.5
v -4 0 4
v -4 0 -2.2
v -4 3 4
v -4 3 -2.2
v -4 3.1 4
v -4 3.1 -2.2
v -4 3.2 4
v -4 3.2 -2.2
v -4 3.3 4
v -4 3.3 -2.2
v -4 3.4 4
v -4 3.4 -2.2
v -4 3.5 4
v -4 3.5 -2.2
v -4 3.6 4
v -4 3.6 -2.2
v -4 3.7 4
v -4 3.7 -2.2
v -4 3.8 4
v -4 3.8 -2.2
v -4 3.9 4
v -4 3.9 1.4
v -4 3.8 1.4
v -4 3.8 -1.4
v -4 3.9 -2.2
v -4 3.9 3.9
v -4 3.9 3.8
v -4 3.9 3.7
v -4 3.9 3.6
v -4 3.9 3.5
v -4 3.9 3.4
v -4 3.9 3.3
v -4 3.9 3.2
v -4 3.9 3.1
v -4 3.9 3
v -4 3.9 2.9
v -4 3.9 2.8
v -4 3.9 2.7
v -4 3.9 2.6
v -4 3.9 2.5
v -4 3.9 2.4
v -4 3.9 2.3
v -4 3.9 2.2
v -4 3.9 2.1
v -4 3.9 2
v -4 3.9 1.9
v -4 3.9 1.8
v -4 3.9 1.7
v -4 3.9 1.6
v -4 3.9 1.5
v -4 3.9 -1.5
v -4 3.9 -1.6
v -4 3.9 -1.7
v -4 3.9 -1.8
v -4 3.9 -1.9
v -4 3.9 -2
v -4 3.9 -2.1
v -3.5 4.1 1.4
v -3.5 4.1 1.3
v -3.1 4.1 0
v -3.1 4.1 -0.1
v -3.3 4.1 -2.1
v -3.3 4.1 -2.2
v -3.3 3.9 2.9
v -3.4 3.9 2.7
v -3.4 3.9 2.6
v -3.5 3.9 2.4
v -3.5 3.9 2.3
v -3.6 3.9 2.1
v -3.6 3.9 2
v -3.6 3.9 1.9
v -3.6 3.9 1.7
v -3.6 3.9 -1.7
v -3.6 3.9 -1.9
v -3.6 3.9 -2
v -3.6 3.9 -2.1
v -3.4 4.1 1.4
v -3.4 4.1 1.3
v -3 4.1 0
v -3 4.1 -0.1
v -3.2 4.1 -2.1
v -3.2 4.1 -2.2
v -2.3 3.9 3.5
v -2.4 3.9 3.5
v -2.6 3.9 3.4
v -2.7 3.9 3.4
v -2.3 3.9 4
v -2.4 3.9 4
v -2.5 3.9 4
v -2.6 3.9 4
v -2.7 3.9 4
v -2.8 3.9 4
v -2.9 3.9 4
v -3 3.9 4
v -3.1 3.9 4
v -3.2 3.9 4
v -3.3 3.9 4
v -3.4 3.9 4
v -3.5 3.9 4
v -3.6 3.9 4
v -3.7 3.9 4
v -3.8 3.9 4
v -3.9 3.9 4
v 4 4 -2.3
v 3.7 4 -2.3
v 3.6 4 -2.3
v 3.5 4 -2.3
v 3.5 4 -2.2
v 3.3 3.9 -2.3
v -2.2 3.9 -2.3
v 4 4 -2.4
v 3.9 4 -2.4
v 3.9 4 -2.3
v 3.8 4 -2.4
v 3.7 4 -2.4
v 3.8 4 -2.3
v 3.6 4 -2.4
v 3.5 4 -2.4
v 3.3 4 -2.4
v 3.2 4 -2.4
v 3.2 4 -2.3
v 3.3 4 -2.3
v 2.9 3.9 -2.4
v -2.2 3.9 -2.4
v 2.9 3.9 -2.3
v 4 4 -2.5
v 3.9 4 -2.5
v 3.8 4 -2.5
v 3.7 4 -2.5
v 3.6 4 -2.5
v 3.5 4 -2.5
v 3.5 3.9 -2.5
v 3.3 3.9 -2.5
v 3.1 3.9 -2.5
v 2.9 3.9 -2.5
v 3.1 3.9 -2.3
v 2.9 4 -2.5
v 2.8 4 -2.5
v 2.8 4 -2.4
v 2.9 4 -2.4
v 4 4 -2.6
v 3.9 4 -2.6
v 3.8 4 -2.6
v 3.7 4 -2.6
v 3.6 4 -2.6
v 3.5 4 -2.6
v 3.4 4 -2.6
v 3.4 4 -2.5
v 3.1 4 -2.6
v 3 4 -2.6
v 3 4 -2.5
v 3.1 4 -2.5
v 4 4 -2.7
v 3.9 4 -2.7
v 3.8 4 -2.7
v 3.7 4 -2.7
v 3.6 4 -2.7
v 3.5 4 -2.7
v 3.4 4 -2.7
v 2.9 3.9 -2.7
v 2.8 3.9 -2.7
v 2.8 3.9 -2.5
v 2.7 3.9 -2.7
v -2.2 3.9 -2.7
v 2.7 3.9 -2.4
v 4 4 -2.8
v 3.9 4 -2.8
v 3.8 4 -2.8
v 3.7 4 -2.8
v 3.6 4 -2.8
v 3.5 4 -2.8
v 3.4 4 -2.8
v 3.4 3.9 -2.8
v 3.3 3.9 -2.8
v 3.4 3.9 -2.5
v 2.9 4.3 -2.8
v 2.8 4.3 -2.8
v 2.8 4.3 -2.7
v 2.9 4.3 -2.7
v 2.7 4 -2.8
v 2.6 4 -2.8
v 2.6 4 -2.7
v 2.7 4 -2.7
v 4 4 -2.9
v 3.9 4 -2.9
v 3.8 4 -2.9
v 3.7 4 -2.9
v 3.6 4 -2.9
v 3.5 4 -2.9
v 3.4 4 -2.9
v 3.3 4 -2.9
v 3.3 4 -2.8
v 3 3.9 -2.9
v 2.9 3.9 -2.9
v 3 3.9 -2.5
v -1.9 3.9 -2.9
v -2.2 3.9 -2.9
v -1.9 3.9 -2.7
v 4 4 -3
v 3.9 4 -3
v 3.8 4 -3
v 3.7 4 -3
v 3.6 4 -3
v 3.5 4 -3
v 3.4 4 -3
v 3.3 4 -3
v 3.3 3.9 -3
v 3.2 3.9 -3
v 3.2 3.9 -2.4
v 3.3 3.9 -2.4
v 3 4 -3
v 2.9 4 -3
v 2.9 4 -2.9
v 3 4 -2.9
v 2.8 3.9 -3
v 2.7 3.9 -3
v 2.8 3.9 -2.4
v 2.2 3.9 -3
v -1.9 3.9 -3
v 2.2 3.9 -2.7
v -1.9 4 -3
v -2 4 -3
v -2 4 -2.9
v -1.9 4 -2.9
v 4 4 -3.1
v 3.9 4 -3.1
v 3.8 4 -3.1
v 3.7 4 -3.1
v 3.6 4 -3.1
v 3.5 4 -3.1
v 3.4 4 -3.1
v 3.3 4 -3.1
v 3.2 4 -3.1
v 3.2 4 -3
v 3.2 3.9 -3.1
v 3.1 3.9 -3.1
v 3.2 3.9 -2.3
v 2.8 4.1 -3.1
v 2.7 4.1 -3.1
v 2.7 4.1 -3
v 2.8 4.1 -3
v 2.4 3.9 -3.1
v 2.2 3.9 -3.1
v 2.4 3.9 -2.7
v 2.2 4 -3.1
v 2.1 4 -3.1
v 2.1 4 -3
v 2.2 4 -3
v 1.5 3.9 -3.1
v 0.3 3.9 -3.1
v 0.3 3.9 -3
v 1.5 3.9 -3
v 0.3 4 -3.1
v 0.2 4 -3.1
v 0.2 4 -3
v 0.3 4 -3
v -0.3 4.1 -3.1
v -0.4 4.1 -3.1
v -0.4 4.1 -3
v -0.3 4.1 -3
v -0.7 4.1 -3.1
v -0.8 4.1 -3.1
v -0.8 4.1 -3
v -0.7 4.1 -3
v -1.1 4 -3.1
v -1.2 4 -3.1
v -1.2 4 -3
v -1.1 4 -3
v -1.3 4 -3.1
v -1.4 4 -3.1
v -1.4 4 -3
v -1.3 4 -3
v 4 4 -3.2
v 3.9 4 -3.2
v 3.8 4 -3.2
v 3.7 4 -3.2
v 3.6 4 -3.2
v 3.5 4 -3.2
v 3.4 4 -3.2
v 3.3 4 -3.2
v 3.2 4 -3.2
v 3.1 4 -3.2
v 3.1 4 -3.1
v 3.1 3.9 -3.2
v 3 3.9 -3.2
v 3 3.9 -2.6
v 3.1 3.9 -2.6
v 2.7 3.9 -3.2
v 2.6 3.9 -3.2
v 2.6 3.9 -2.8
v 2.7 3.9 -2.8
v 2.4 4 -3.2
v 2.3 4 -3.2
v 2.3 4 -3.1
v 2.4 4 -3.1
v 1.5 4 -3.2
v 1.4 4 -3.2
v 1.4 4 -3.1
v 1.5 4 -3.1
v 0.9 4.1 -3.2
v 0.8 4.1 -3.2
v 0.8 4.1 -3.1
v 0.9 4.1 -3.1
v -1.8 3.9 -3.2
v -2 3.9 -3.2
v -2 3.9 -3
v -1.8 3.9 -3
v 4 4 -3.3
v 3.9 4 -3.3
v 3.8 4 -3.3
v 3.7 4 -3.3
v 3.6 4 -3.3
v 3.5 4 -3.3
v 3.4 4 -3.3
v 3.3 4 -3.3
v 3.2 4 -3.3
v 3.1 4 -3.3
v 3 4 -3.3
v 3 4 -3.2
v 3 3.9 -3.3
v 2.9 3.9 -3.3
v 2.9 3.9 -3
v 3 3.9 -3
v 2.8 3.9 -3.3
v 2.8 3.9 -2.8
v 2.9 3.9 -2.8
v 2.7 4 -3.3
v 2.6 4 -3.3
v 2.6 4 -3.2
v 2.7 4 -3.2
v 1.9 3.9 -3.3
v 1.5 3.9 -3.3
v 1.9 3.9 -3
v 1.4 3.9 -3.3
v 0.9 3.9 -3.3
v 0.9 3.9 -3.1
v 1.4 3.9 -3.1
v 0.6 3.9 -3.3
v 0.2 3.9 -3.3
v 0.2 3.9 -3.1
v 0.6 3.9 -3.1
v -0.1 3.9 -3.3
v -0.3 3.9 -3.3
v -0.3 3.9 -3
v -0.1 3.9 -3
v -0.8 3.9 -3.3
v -1.1 3.9 -3.3
v -1.1 3.9 -3
v -0.8 3.9 -3
v -1.8 4.3 -3.3
v -1.9 4.3 -3.3
v -1.9 4.3 -3.2
v -1.8 4.3 -3.2
v 4 4 -3.4
v 3.9 4 -3.4
v 3.8 4 -3.4
v 3.7 4 -3.4
v 3.6 4 -3.4
v 3.5 4 -3.4
v 3.4 4 -3.4
v 3.3 4 -3.4
v 3.2 4 -3.4
v 3.1 4 -3.4
v 3 4 -3.4
v 2.9 4 -3.4
v 2.9 4 -3.3
v 2.8 4 -3.4
v 2.8 4 -3.3
v 2.8 3.9 -3.4
v 2.7 3.9 -3.4
v 2.7 3.9 -3.1
v 2.8 3.9 -3.1
v 2.6 3.9 -3.4
v 2.6 3.9 -3.3
v 2.7 3.9 -3.3
v 2.4 3.9 -3.4
v 2.6 3.9 -2.7
v 1.9 4 -3.4
v 1.8 4 -3.4
v 1.8 4 -3.3
v 1.9 4 -3.3
v 1.4 4 -3.4
v 1.3 4 -3.4
v 1.3 4 -3.3
v 1.4 4 -3.3
v 0.9 3.9 -3.4
v 0.8 3.9 -3.4
v 0.8 3.9 -3.2
v 0.9 3.9 -3.2
v 0.6 4 -3.4
v 0.5 4 -3.4
v 0.5 4 -3.3
v 0.6 4 -3.3
v 0.3 4.3 -3.4
v 0.2 4.3 -3.4
v 0.2 4.3 -3.3
v 0.3 4.3 -3.3
v -0.1 4 -3.4
v -0.2 4 -3.4
v -0.2 4 -3.3
v -0.1 4 -3.3
v -0.8 4 -3.4
v -0.9 4 -3.4
v -0.9 4 -3.3
v -0.8 4 -3.3
v -1.3 3.9 -3.4
v -1.4 3.9 -3.4
v -1.4 3.9 -3.1
v -1.3 3.9 -3.1
v -1.8 3.9 -3.4
v -1.9 3.9 -3.4
v -1.9 3.9 -3.3
v -1.8 3.9 -3.3
v 4 4 -3.5
v 3.9 4 -3.5
v 3.8 4 -3.5
v 3.7 4 -3.5
v 3.6 4 -3.5
v 3.5 4 -3.5
v 3.4 4 -3.5
v 3.3 4 -3.5
v 3.2 4 -3.5
v 3.1 4 -3.5
v 3 4 -3.5
v 2.9 4 -3.5
v 2.8 4 -3.5
v 2.7 4 -3.5
v 2.7 4 -3.4
v 2.6 4 -3.5
v 2.6 4 -3.4
v 2.5 4 -3.5
v 2.5 4 -3.4
v 2.5 3.9 -3.5
v 2.4 3.9 -3.5
v 2.5 3.9 -3.4
v 2.3 3.9 -3.5
v 2.3 3.9 -3.2
v 2.4 3.9 -3.2
v 2.1 3.9 -3.5
v 2.1 3.9 -3.1
v 2.3 3.9 -3.1
v 0.9 4 -3.5
v 0.8 4 -3.5
v 0.8 4 -3.4
v 0.9 4 -3.4
v -1.3 4 -3.5
v -1.4 4 -3.5
v -1.4 4 -3.4
v -1.3 4 -3.4
v -1.8 4 -3.5
v -1.9 4 -3.5
v -1.9 4 -3.4
v -1.8 4 -3.4
v 4 4 -3.6
v 3.9 4 -3.6
v 3.8 4 -3.6
v 3.7 4 -3.6
v 3.6 4 -3.6
v 3.5 4 -3.6
v 3.4 4 -3.6
v 3.3 4 -3.6
v 3.2 4 -3.6
v 3.1 4 -3.6
v 3 4 -3.6
v 2.9 4 -3.6
v 2.8 4 -3.6
v 2.7 4 -3.6
v 2.6 4 -3.6
v 2.5 4 -3.6
v 2.4 4 -3.6
v 2.4 4 -3.5
v 2.3 4 -3.6
v 2.3 4 -3.5
v 2.2 4 -3.6
v 2.2 4 -3.5
v 2.2 3.9 -3.6
v 2.1 3.9 -3.6
v 2.2 3.9 -3.5
v 1.9 3.9 -3.6
v 2.1 3.9 -3
v 1.8 3.9 -3.6
v 1.8 3.9 -3.4
v 1.9 3.9 -3.4
v 1.5 3.9 -3.6
v 1.8 3.9 -3.3
v 1.4 3.9 -3.6
v 1.4 3.9 -3.2
v 1.5 3.9 -3.2
v 1.3 3.9 -3.6
v 1.3 3.9 -3.4
v 1.4 3.9 -3.4
v 0.9 3.9 -3.6
v 1.3 3.9 -3.3
v 0.8 3.9 -3.6
v 0.8 3.9 -3.5
v 0.9 3.9 -3.5
v 0.6 3.9 -3.6
v 0.8 3.9 -3.1
v 0.5 3.9 -3.6
v 0.5 3.9 -3.4
v 0.6 3.9 -3.4
v 0.3 3.9 -3.6
v 0.3 3.9 -3.3
v 0.5 3.9 -3.3
v 0.2 3.9 -3.6
v 0.2 3.9 -3.4
v 0.3 3.9 -3.4
v -0.1 3.9 -3.6
v 0.2 3.9 -3
v -0.2 3.9 -3.6
v -0.2 3.9 -3.4
v -0.1 3.9 -3.4
v -0.3 3.9 -3.6
v -0.2 3.9 -3.3
v -0.4 3.9 -3.6
v -0.4 3.9 -3.1
v -0.3 3.9 -3.1
v -0.7 3.9 -3.6
v -0.7 3.9 -3
v -0.4 3.9 -3
v -0.8 3.9 -3.6
v -0.8 3.9 -3.1
v -0.7 3.9 -3.1
v -0.9 3.9 -3.6
v -0.9 3.9 -3.4
v -0.8 3.9 -3.4
v -1.1 3.9 -3.6
v -0.9 3.9 -3.3
v -1.2 3.9 -3.6
v -1.2 3.9 -3.1
v -1.1 3.9 -3.1
v -1.3 3.9 -3.6
v -1.3 3.9 -3
v -1.2 3.9 -3
v -1.4 3.9 -3.6
v -1.4 3.9 -3.5
v -1.3 3.9 -3.5
v -1.8 3.9 -3.6
v -1.4 3.9 -3
v -1.9 3.9 -3.6
v -1.9 3.9 -3.5
v -1.8 3.9 -3.5
v -2 3.9 -3.6
v -1.9 3.9 -3.2
v -2.2 3.9 -3.6
v -2 3.9 -2.9
v 4 4 -3.7
v 3.9 4 -3.7
v 3.8 4 -3.7
v 3.7 4 -3.7
v 3.6 4 -3.7
v 3.5 4 -3.7
v 3.4 4 -3.7
v 3.3 4 -3.7
v 3.2 4 -3.7
v 3.1 4 -3.7
v 3 4 -3.7
v 2.9 4 -3.7
v 2.8 4 -3.7
v 2.7 4 -3.7
v 2.6 4 -3.7
v 2.5 4 -3.7
v 2.4 4 -3.7
v 2.3 4 -3.7
v 2.2 4 -3.7
v 2.1 4 -3.7
v 2.1 4 -3.6
v 2 4 -3.7
v 2 4 -3.6
v 1.9 4 -3.7
v 1.9 4 -3.6
v 1.7 4 -3.7
v 1.7 4 -3.6
v 1.6 4 -3.7
v 1.6 4 -3.6
v 1.5 4 -3.7
v 1.5 4 -3.6
v 1.4 4 -3.7
v 1.4 4 -3.6
v 1.3 4 -3.7
v 1.3 4 -3.6
v 1.2 4 -3.7
v 1.2 4 -3.6
v 1.1 4 -3.7
v 1.1 4 -3.6
v 1 4 -3.7
v 1 4 -3.6
v 0.9 4 -3.7
v 0.9 4 -3.6
v 0.8 4 -3.7
v 0.8 4 -3.6
v 0.7 4 -3.7
v 0.7 4 -3.6
v 0.6 4 -3.7
v 0.6 4 -3.6
v 0.5 4 -3.7
v 0.5 4 -3.6
v 0.4 4 -3.7
v 0.4 4 -3.6
v 0.2 4 -3.7
v 0.2 4 -3.6
v 0.1 4 -3.7
v 0.1 4 -3.6
v -0.1 4 -3.7
v -0.1 4 -3.6
v -0.2 4 -3.7
v -0.2 4 -3.6
v -0.4 4 -3.7
v -0.4 4 -3.6
v -0.5 4 -3.7
v -0.5 4 -3.6
v -0.6 4 -3.7
v -0.6 4 -3.6
v -0.7 4 -3.7
v -0.7 4 -3.6
v -0.8 4 -3.7
v -0.8 4 -3.6
v -0.9 4 -3.7
v -0.9 4 -3.6
v -1 4 -3.7
v -1 4 -3.6
v -1.1 4 -3.7
v -1.1 4 -3.6
v -1.2 4 -3.7
v -1.2 4 -3.6
v -1.3 4 -3.7
v -1.3 4 -3.6
v -1.4 4 -3.7
v -1.4 4 -3.6
v -1.5 4 -3.7
v -1.5 4 -3.6
v -1.6 4 -3.7
v -1.6 4 -3.6
v -1.7 4 -3.7
v -1.7 4 -3.6
v -1.9 4 -3.7
v -1.9 4 -3.6
v -2 4 -3.7
v -2 4 -3.6
v -2.1 4 -3.7
v -2.1 4 -3.6
v -2.2 4 -3.7
v -2.2 4 -3.6
v 4 4 -3.8
v 3.9 4 -3.8
v 3.8 4 -3.8
v 3.7 4 -3.8
v 3.6 4 -3.8
v 3.5 4 -3.8
v 3.4 4 -3.8
v 3.3 4 -3.8
v 3.2 4 -3.8
v 3.1 4 -3.8
v 3 4 -3.8
v 2.9 4 -3.8
v 2.8 4 -3.8
v 2.7 4 -3.8
v 2.6 4 -3.8
v 2.5 4 -3.8
v 2.4 4 -3.8
v 2.3 4 -3.8
v 2.2 4 -3.8
v 2.1 4 -3.8
v 2 4 -3.8
v 1.9 4 -3.8
v 1.8 4 -3.8
v 1.7 4 -3.8
v 1.8 4 -3.7
v 1.6 4 -3.8
v 1.5 4 -3.8
v 1.4 4 -3.8
v 1.3 4 -3.8
v 1.2 4 -3.8
v 1.1 4 -3.8
v 1 4 -3.8
v 0.9 4 -3.8
v 0.8 4 -3.8
v 0.7 4 -3.8
v 0.6 4 -3.8
v 0.5 4 -3.8
v 0.4 4 -3.8
v 0.2 4 -3.8
v 0.1 4 -3.8
v -0.1 4 -3.8
v -0.2 4 -3.8
v -0.4 4 -3.8
v -0.5 4 -3.8
v -0.6 4 -3.8
v -0.7 4 -3.8
v -0.8 4 -3.8
v -0.9 4 -3.8
v -1 4 -3.8
v -1.1 4 -3.8
v -1.2 4 -3.8
v -1.3 4 -3.8
v -1.4 4 -3.8
v -1.5 4 -3.8
v -1.6 4 -3.8
v -1.7 4 -3.8
v -1.8 4 -3.8
v -1.8 4 -3.7
v -1.9 4 -3.8
v -2 4 -3.8
v -2.1 4 -3.8
v -2.2 4 -3.8
v 4 4 -3.9
v 3.9 4 -3.9
v 3.8 4 -3.9
v 3.7 4 -3.9
v 3.6 4 -3.9
v 3.5 4 -3.9
v 3.4 4 -3.9
v 3.3 4 -3.9
v 3.2 4 -3.9
v 3.1 4 -3.9
v 3 4 -3.9
v 2.9 4 -3.9
v 2.8 4 -3.9
v 2.7 4 -3.9
v 2.6 4 -3.9
v 2.5 4 -3.9
v 2.4 4 -3.9
v 2.3 4 -3.9
v 2.2 4 -3.9
v 2.1 4 -3.9
v 2 4 -3.9
v 1.9 4 -3.9
v 1.8 4 -3.9
v 1.7 4 -3.9
v 1.6 4 -3.9
v 1.5 4 -3.9
v 1.4 4 -3.9
v 1.3 4 -3.9
v 1.2 4 -3.9
v 1.1 4 -3.9
v 1 4 -3.9
v 0.9 4 -3.9
v 0.8 4 -3.9
v 0.7 4 -3.9
v 0.6 4 -3.9
v 0.5 4 -3.9
v 0.4 4 -3.9
v 0.2 4 -3.9
v 0.1 4 -3.9
v 0 4 -3.9
v -0.1 4 -3.9
v 0 4 -3.8
v -0.2 4 -3.9
v -0.4 4 -3.9
v -0.5 4 -3.9
v -0.6 4 -3.9
v -0.7 4 -3.9
v -0.8 4 -3.9
v -0.9 4 -3.9
v -1 4 -3.9
v -1.1 4 -3.9
v -1.2 4 -3.9
v -1.3 4 -3.9
v -1.4 4 -3.9
v -1.5 4 -3.9
v -1.6 4 -3.9
v -1.7 4 -3.9
v -1.8 4 -3.9
v -1.9 4 -3.9
v -2 4 -3.9
v -2.1 4 -3.9
v 4 4 -4
v 3.9 4 -4
v 3.8 4 -4
v 3.7 4 -4
v 3.6 4 -4
v 3.5 4 -4
v 3.4 4 -4
v 3.3 4 -4
v 3.2 4 -4
v 3.1 4 -4
v 3 4 -4
v 2.9 4 -4
v 2.8 4 -4
v 2.7 4 -4
v 2.6 4 -4
v 2.5 4 -4
v 2.4 4 -4
v 2.3 4 -4
v 2.2 4 -4
v 2.1 4 -4
v 2 4 -4
v 1.9 4 -4
v 1.8 4 -4
v 1.7 4 -4
v 1.6 4 -4
v 1.5 4 -4
v 1.4 4 -4
v 1.3 4 -4
v 1.2 4 -4
v 1.1 4 -4
v 1 4 -4
v 0.9 4 -4
v 0.8 4 -4
v 0.7 4 -4
v 0.6 4 -4
v 0.5 4 -4
v 0.4 4 -4
v 0.3 4 -4
v 0.3 4 -3.9
v 0.2 4 -4
v 0.1 4 -4
v 0 4 -4
v -0.1 4 -4
v -0.2 4 -4
v -0.3 4 -4
v -0.3 4 -3.9
v -0.4 4 -4
v -0.5 4 -4
v -0.6 4 -4
v -0.7 4 -4
v -0.8 4 -4
v -0.9 4 -4
v -1 4 -4
v -1.1 4 -4
v -1.2 4 -4
v -1.3 4 -4
v -1.4 4 -4
v -1.5 4 -4
v -1.6 4 -4
v -1.7 4 -4
v -1.8 4 -4
v -1.9 4 -4
v -2 4 -4
v -2.1 4 -4
v -2.2 4 -4
v 4 0 -4
v -2.2 0 -4
v 3.5 3.9 -2.3
v 3.5 3.9 -2.4
v 3.4 3.9 -2.6
v 3.4 3.9 -2.7
v 3.3 3.9 -2.9
v 2.8 4.1 -2.7
v 2.8 4.1 -2.8
v -1.9 4.1 -3.2
v -1.9 4.1 -3.3
v 0.2 4.1 -3.3
v 0.2 4.1 -3.4
v 4 3 -4
v 4 3.1 -4
v 4 3.2 -4
v 4 3.3 -4
v 4 3.4 -4
v 4 3.5 -4
v 4 3.6 -4
v 4 3.7 -4
v 4 3.8 -4
v 4 3.9 -4
v 4 3.9 -2.3
v 4 3.9 -2.4
v 4 3.9 -2.5
v 4 3.9 -2.6
v 4 3.9 -2.7
v 4 3.9 -2.8
v 4 3.9 -2.9
v 4 3.9 -3
v 4 3.9 -3.1
v 4 3.9 -3.2
v 4 3.9 -3.3
v 4 3.9 -3.4
v 4 3.9 -3.5
v 4 3.9 -3.6
v 4 3.9 -3.7
v 4 3.9 -3.8
v 4 3.9 -3.9
v 2.9 4.1 -2.7
v 2.9 4.1 -2.8
v -1.8 4.1 -3.2
v -1.8 4.1 -3.3
v 0.3 4.1 -3.3
v 0.3 4.1 -3.4
v 3.9 3.9 -4
v 3.8 3.9 -4
v 3.7 3.9 -4
v 3.6 3.9 -4
v 3.5 3.9 -4
v 3.4 3.9 -4
v 3.3 3.9 -4
v 3.2 3.9 -4
v 3.1 3.9 -4
v 3 3.9 -4
v 2.9 3.9 -4
v 2.8 3.9 -4
v 2.7 3.9 -4
v 2.6 3.9 -4
v 2.5 3.9 -4
v 2.4 3.9 -4
v 2.3 3.9 -4
v 2.2 3.9 -4
v 2.1 3.9 -4
v 2 3.9 -4
v 1.9 3.9 -4
v 1.8 3.9 -4
v 1.7 3.9 -4
v 1.6 3.9 -4
v 1.5 3.9 -4
v 1.4 3.9 -4
v 1.3 3.9 -4
v 1.2 3.9 -4
v 1.1 3.9 -4
v 1 3.9 -4
v 0.9 3.9 -4
v 0.8 3.9 -4
v 0.7 3.9 -4
v 0.6 3.9 -4
v 0.5 3.9 -4
v 0.4 3.9 -4
v 0.3 3.9 -4
v 0.2 3.9 -4
v 0.1 3.9 -4
v 0 3.9 -4
v -0.1 3.9 -4
v -0.2 3.9 -4
v -0.3 3.9 -4
v -0.4 3.9 -4
v -0.5 3.9 -4
v -0.6 3.9 -4
v -0.7 3.9 -4
v -0.8 3.9 -4
v -0.9 3.9 -4
v -1 3.9 -4
v -1.1 3.9 -4
v -1.2 3.9 -4
v -1.3 3.9 -4
v -1.4 3.9 -4
v -1.5 3.9 -4
v -1.6 3.9 -4
v -1.7 3.9 -4
v -1.8 3.9 -4
v -1.9 3.9 -4
v -2 3.9 -4
v -2.1 3.9 -4
v -2.2 3 -4
v -2.2 3.1 -4
v -2.2 3.2 -4
v -2.2 3.3 -4
v -2.2 3.4 -4
v -2.2 3.5 -4
v -2.2 3.6 -4
v -2.2 3.7 -4
v -2.2 3.8 -4
v -2.2 3.9 -4
v 2 3.9 -3.6
v 1.7 3.9 -3.6
v 1.6 3.9 -3.6
v 1.2 3.9 -3.6
v 1.1 3.9 -3.6
v 1 3.9 -3.6
v 0.7 3.9 -3.6
v 0.4 3.9 -3.6
v 0.1 3.9 -3.6
v -0.5 3.9 -3.6
v -0.6 3.9 -3.6
v -1 3.9 -3.6
v -1.5 3.9 -3.6
v -1.6 3.9 -3.6
v -1.7 3.9 -3.6
v -2.1 3.9 -3.6
v -2.8 3.9 -2.3
v -3 3.9 -2.3
v -3 4.1 -2.3
v -3.1 4.1 -2.3
v -3.1 4.1 -2.2
v -3 4.1 -2.2
v -3.5 4 -2.3
v -3.6 4 -2.3
v -3.5 4 -2.2
v -3.7 4 -2.3
v -3.9 4 -2.3
v -4 4 -2.3
v -2.8 4 -2.4
v -2.9 4 -2.4
v -2.9 4 -2.3
v -2.8 4 -2.3
v -3.5 4 -2.4
v -3.6 4 -2.4
v -3.7 4 -2.4
v -3.8 4 -2.4
v -3.8 4 -2.3
v -3.9 4 -2.4
v -4 4 -2.4
v -3 3.9 -2.5
v -3.1 3.9 -2.5
v -3.1 3.9 -2.3
v -3.4 3.9 -2.5
v -3.5 3.9 -2.5
v -3.5 4 -2.5
v -3.6 4 -2.5
v -3.7 4 -2.5
v -3.8 4 -2.5
v -3.9 4 -2.5
v -4 4 -2.5
v -2.4 3.9 -2.6
v -2.8 3.9 -2.6
v -2.4 3.9 -2.2
v -3 4 -2.6
v -3.1 4 -2.6
v -3.1 4 -2.5
v -3 4 -2.5
v -3.4 4 -2.6
v -3.5 4 -2.6
v -3.4 4 -2.5
v -3.6 4 -2.6
v -3.7 4 -2.6
v -3.8 4 -2.6
v -3.9 4 -2.6
v -4 4 -2.6
v -2.4 4.1 -2.7
v -2.5 4.1 -2.7
v -2.5 4.1 -2.6
v -2.4 4.1 -2.6
v -3.4 4 -2.7
v -3.5 4 -2.7
v -3.6 4 -2.7
v -3.7 4 -2.7
v -3.8 4 -2.7
v -3.9 4 -2.7
v -4 4 -2.7
v -3.3 3.9 -2.8
v -3.4 3.9 -2.8
v -3.4 4 -2.8
v -3.5 4 -2.8
v -3.6 4 -2.8
v -3.7 4 -2.8
v -3.8 4 -2.8
v -3.9 4 -2.8
v -4 4 -2.8
v -2.6 3.9 -2.9
v -2.8 3.9 -2.9
v -2.6 3.9 -2.6
v -3 3.9 -2.9
v -3.1 3.9 -2.9
v -3.1 3.9 -2.6
v -3 3.9 -2.6
v -3.3 4 -2.9
v -3.4 4 -2.9
v -3.3 4 -2.8
v -3.5 4 -2.9
v -3.6 4 -2.9
v -3.7 4 -2.9
v -3.8 4 -2.9
v -3.9 4 -2.9
v -4 4 -2.9
v -2.6 4 -3
v -2.7 4 -3
v -2.7 4 -2.9
v -2.6 4 -2.9
v -3 4 -3
v -3.1 4 -3
v -3.1 4 -2.9
v -3 4 -2.9
v -3.2 3.9 -3
v -3.3 3.9 -3
v -3.3 4 -3
v -3.4 4 -3
v -3.5 4 -3
v -3.6 4 -3
v -3.7 4 -3
v -3.8 4 -3
v -3.9 4 -3
v -4 4 -3
v -2.2 3.9 -3.1
v -2.4 3.9 -3.1
v -3.1 3.9 -3.1
v -3.2 3.9 -3.1
v -3.2 4 -3.1
v -3.3 4 -3.1
v -3.2 4 -3
v -3.4 4 -3.1
v -3.5 4 -3.1
v -3.6 4 -3.1
v -3.7 4 -3.1
v -3.8 4 -3.1
v -3.9 4 -3.1
v -4 4 -3.1
v -2.2 4 -3.2
v -2.3 4 -3.2
v -2.3 4 -3.1
v -2.2 4 -3.1
v -3 3.9 -3.2
v -3.1 3.9 -3.2
v -3.1 3.9 -3
v -3 3.9 -3
v -3.1 4 -3.2
v -3.2 4 -3.2
v -3.1 4 -3.1
v -3.3 4 -3.2
v -3.4 4 -3.2
v -3.5 4 -3.2
v -3.6 4 -3.2
v -3.7 4 -3.2
v -3.8 4 -3.2
v -3.9 4 -3.2
v -4 4 -3.2
v -2.8 3.9 -3.3
v -2.9 3.9 -3.3
v -2.9 3.9 -2.4
v -2.8 3.9 -2.4
v -3 3.9 -3.3
v -2.9 3.9 -2.3
v -3 4 -3.3
v -3.1 4 -3.3
v -3 4 -3.2
v -3.2 4 -3.3
v -3.3 4 -3.3
v -3.4 4 -3.3
v -3.5 4 -3.3
v -3.6 4 -3.3
v -3.7 4 -3.3
v -3.8 4 -3.3
v -3.9 4 -3.3
v -4 4 -3.3
v -2.5 3.9 -3.4
v -2.6 3.9 -3.4
v -2.5 3.9 -2.6
v -2.7 3.9 -3.4
v -2.7 3.9 -3
v -2.6 3.9 -3
v -2.8 3.9 -3.4
v -2.7 3.9 -2.9
v -2.8 4 -3.4
v -2.9 4 -3.4
v -2.9 4 -3.3
v -2.8 4 -3.3
v -3 4 -3.4
v -3.1 4 -3.4
v -3.2 4 -3.4
v -3.3 4 -3.4
v -3.4 4 -3.4
v -3.5 4 -3.4
v -3.6 4 -3.4
v -3.7 4 -3.4
v -3.8 4 -3.4
v -3.9 4 -3.4
v -4 4 -3.4
v -2.2 3.9 -3.5
v -2.3 3.9 -3.5
v -2.3 3.9 -3.2
v -2.2 3.9 -3.2
v -2.4 3.9 -3.5
v -2.3 3.9 -3.1
v -2.5 3.9 -3.5
v -2.5 3.9 -2.7
v -2.4 3.9 -2.7
v -2.5 4 -3.5
v -2.6 4 -3.5
v -2.6 4 -3.4
v -2.5 4 -3.4
v -2.7 4 -3.5
v -2.7 4 -3.4
v -2.8 4 -3.5
v -2.9 4 -3.5
v -3 4 -3.5
v -3.1 4 -3.5
v -3.2 4 -3.5
v -3.3 4 -3.5
v -3.4 4 -3.5
v -3.5 4 -3.5
v -3.6 4 -3.5
v -3.7 4 -3.5
v -3.8 4 -3.5
v -3.9 4 -3.5
v -4 4 -3.5
v -2.3 4 -3.6
v -2.3 4 -3.5
v -2.2 4 -3.5
v -2.4 4 -3.6
v -2.4 4 -3.5
v -2.5 4 -3.6
v -2.6 4 -3.6
v -2.7 4 -3.6
v -2.8 4 -3.6
v -2.9 4 -3.6
v -3 4 -3.6
v -3.1 4 -3.6
v -3.2 4 -3.6
v -3.3 4 -3.6
v -3.4 4 -3.6
v -3.5 4 -3.6
v -3.6 4 -3.6
v -3.7 4 -3.6
v -3.8 4 -3.6
v -3.9 4 -3.6
v -4 4 -3.6
v -2.3 4 -3.7
v -2.4 4 -3.7
v -2.5 4 -3.7
v -2.6 4 -3.7
v -2.7 4 -3.7
v -2.8 4 -3.7
v -2.9 4 -3.7
v -3 4 -3.7
v -3.1 4 -3.7
v -3.2 4 -3.7
v -3.3 4 -3.7
v -3.4 4 -3.7
v -3.5 4 -3.7
v -3.6 4 -3.7
v -3.7 4 -3.7
v -3.8 4 -3.7
v -3.9 4 -3.7
v -4 4 -3.7
v -2.3 4 -3.8
v -2.4 4 -3.8
v -2.5 4 -3.8
v -2.6 4 -3.8
v -2.7 4 -3.8
v -2.8 4 -3.8
v -2.9 4 -3.8
v -3 4 -3.8
v -3.1 4 -3.8
v -3.2 4 -3.8
v -3.3 4 -3.8
v -3.4 4 -3.8
v -3.5 4 -3.8
v -3.6 4 -3.8
v -3.7 4 -3.8
v -3.8 4 -3.8
v -3.9 4 -3.8
v -4 4 -3.8
v -2.2 4 -3.9
v -2.3 4 -3.9
v -2.4 4 -3.9
v -2.5 4 -3.9
v -2.6 4 -3.9
v -2.7 4 -3.9
v -2.8 4 -3.9
v -2.9 4 -3.9
v -3 4 -3.9
v -3.1 4 -3.9
v -3.2 4 -3.9
v -3.3 4 -3.9
v -3.4 4 -3.9
v -3.5 4 -3.9
v -3.6 4 -3.9
v -3.7 4 -3.9
v -3.8 4 -3.9
v -3.9 4 -3.9
v -4 4 -3.9
v -2.3 4 -4
v -2.4 4 -4
v -2.5 4 -4
v -2.6 4 -4
v -2.7 4 -4
v -2.8 4 -4
v -2.9 4 -4
v -3 4 -4
v -3.1 4 -4
v -3.2 4 -4
v -3.3 4 -4
v -3.4 4 -4
v -3.5 4 -4
v -3.6 4 -4
v -3.7 4 -4
v -3.8 4 -4
v -3.9 4 -4
v -4 4 -4
v -4 0 -4
v -4 3 -4
v -4 3.1 -4
v -4 3.2 -4
v -4 3.3 -4
v -4 3.4 -4
v -4 3.5 -4
v -4 3.6 -4
v -4 3.7 -4
v -4 3.8 -4
v -4 3.9 -4
v -4 3.9 -2.3
v -4 3.9 -2.4
v -4 3.9 -2.5
v -4 3.9 -2.6
v -4 3.9 -2.7
v -4 3.9 -2.8
v -4 3.9 -2.9
v -4 3.9 -3
v -4 3.9 -3.1
v -4 3.9 -3.2
v -4 3.9 -3.3
v -4 3.9 -3.4
v -4 3.9 -3.5
v -4 3.9 -3.6
v -4 3.9 -3.7
v -4 3.9 -3.8
v -4 3.9 -3.9
v -3.5 3.9 -2.3
v -3.5 3.9 -2.4
v -3.4 3.9 -2.6
v -3.4 3.9 -2.7
v -3.3 3.9 -2.9
v -2.3 3.9 -4
v -2.4 3.9 -4
v -2.5 3.9 -4
v -2.6 3.9 -4
v -2.7 3.9 -4
v -2.8 3.9 -4
v -2.9 3.9 -4
v -3 3.9 -4
v -3.1 3.9 -4
v -3.2 3.9 -4
v -3.3 3.9 -4
v -3.4 3.9 -4
v -3.5 3.9 -4
v -3.6 3.9 -4
v -3.7 3.9 -4
v -3.8 3.9 -4
v -3.9 3.9 -4

vt 0.00585938 0.5
vt 0.0214844 0.5
vt 0.0253906 0.5
vt 0.0371094 0.5
vt 0.0449219 0.5
vt 0.0488281 0.5
vt 0.0761719 0.5
vt 0.0957031 0.5
vt 0.0996094 0.5
vt 0.103516 0.5

vn 0 1 0
vn 0 -1 0
vn -1 0 0
vn 1 0 0
vn 0 0 -1
vn 0 0 1

usemtl palette
f 1/9/1 2/9/1 4/9/1
f 4/9/1 2/9/1 3/9/1
f 2/4/1 5/4/1 3/4/1
f 3/4/1 5/4/1 6/4/1
f 7/4/1 8/4/1 10/4/1
f 10/4/1 8/4/1 9/4/1
f 11/4/1 12/4/1 14/4/1
f 14/4/1 12/4/1 13/4/1
f 15/4/1 16/4/1 18/4/1
f 18/4/1 16/4/1 17/4/1
f 19/4/1 20/4/1 22/4/1
f 22/4/1 20/4/1 21/4/1
f 23/4/1 24/4/1 26/4/1
f 26/4/1 24/4/1 25/4/1
f 27/4/1 28/4/1 30/4/1
f 30/4/1 28/4/1 29/4/1
f 31/4/1 32/4/1 34/4/1
f 34/4/1 32/4/1 33/4/1
f 35/4/1 36/4/1 38/4/1
f 38/4/1 36/4/1 37/4/1
f 39/4/1 40/4/1 42/4/1
f 42/4/1 40/4/1 41/4/1
f 43/4/1 44/4/1 46/4/1
f 46/4/1 44/4/1 45/4/1
f 47/4/1 48/4/1 50/4/1
f 50/4/1 48/4/1 49/4/1
f 51/4/1 52/4/1 54/4/1
f 54/4/1 52/4/1 53/4/1
f 55/4/1 56/4/1 58/4/1
f 58/4/1 56/4/1 57/4/1
f 59/4/1 60/4/1 62/4/1
f 62/4/1 60/4/1 61/4/1
f 63/4/1 64/4/1 66/4/1
f 66/4/1 64/4/1 65/4/1
f 67/4/1 68/4/1 70/4/1
f 70/4/1 68/4/1 69/4/1
f 71/4/1 72/4/1 74/4/1
f 74/4/1 72/4/1 73/4/1
f 75/4/1 76/4/1 78/4/1
f 78/4/1 76/4/1 77/4/1
f 79/4/1 80/4/1 82/4/1
f 82/4/1 80/4/1 81/4/1
f 83/4/1 84/4/1 86/4/1
f 86/4/1 84/4/1 85/4/1
f 87/4/1 88/4/1 90/4/1
f 90/4/1 88/4/1 89/4/1
f 91/4/1 92/4/1 94/4/1
f 94/4/1 92/4/1 93/4/1
f 95/4/1 96/4/1 98/4/1
f 98/4/1 96/4/1 97/4/1
f 99/4/1 100/4/1 102/4/1
f 102/4/1 100/4/1 101/4/1
f 103/4/1 104/4/1 106/4/1
f 106/4/1 104/4/1 105/4/1
f 107/4/1 108/4/1 110/4/1
f 110/4/1 108/4/1 109/4/1
f 111/4/1 112/4/1 114/4/1
f 114/4/1 112/4/1 113/4/1
f 115/4/1 116/4/1 118/4/1
f 118/4/1 116/4/1 117/4/1
f 119/4/1 120/4/1 122/4/1
f 122/4/1 120/4/1 121/4/1
f 123/4/1 124/4/1 126/4/1
f 126/4/1 124/4/1 125/4/1
f 127/4/1 128/4/1 1/4/1
f 1/4/1 128/4/1 2/4/1
f 129/9/1 130/9/1 6/9/1
f 6/9/1 130/9/1 10/9/1
f 131/9/1 132/9/1 9/9/1
f 9/9/1 132/9/1 14/9/1
f 133/9/1 134/9/1 13/9/1
f 13/9/1 134/9/1 18/9/1
f 135/9/1 136/9/1 17/9/1
f 17/9/1 136/9/1 22/9/1
f 137/9/1 138/9/1 21/9/1
f 21/9/1 138/9/1 26/9/1
f 139/9/1 140/9/1 25/9/1
f 25/9/1 140/9/1 30/9/1
f 141/9/1 142/9/1 29/9/1
f 29/9/1 142/9/1 34/9/1
f 143/9/1 144/9/1 33/9/1
f 33/9/1 144/9/1 38/9/1
f 145/9/1 146/9/1 37/9/1
f 37/9/1 146/9/1 42/9/1
f 147/9/1 148/9/1 41/9/1
f 41/9/1 148/9/1 46/9/1
f 149/9/1 150/9/1 45/9/1
f 45/9/1 150/9/1 50/9/1
f 151/9/1 152/9/1 49/9/1
f 49/9/1 152/9/1 54/9/1
f 153/1/1 154/1/1 107/1/1
f 107/1/1 154/1/1 108/1/1
f 155/9/1 156/9/1 111/9/1
f 111/9/1 156/9/1 112/9/1
f 157/9/1 158/9/1 115/9/1
f 115/9/1 158/9/1 116/9/1
f 159/9/1 160/9/1 119/9/1
f 119/9/1 160/9/1 120/9/1
f 161/9/1 162/9/1 123/9/1
f 123/9/1 162/9/1 124/9/1
f 163/9/1 164/9/1 127/9/1
f 127/9/1 164/9/1 128/9/1
f 165/5/1 166/5/1 129/5/1
f 129/5/1 166/5/1 130/5/1
f 166/9/1 167/9/1 7/9/1
f 7/9/1 167/9/1 8/9/1
f 167/5/1 168/5/1 131/5/1
f 131/5/1 168/5/1 132/5/1
f 168/9/1 169/9/1 11/9/1
f 11/9/1 169/9/1 12/9/1
f 169/5/1 170/5/1 133/5/1
f 133/5/1 170/5/1 134/5/1
f 170/9/1 171/9/1 15/9/1
f 15/9/1 171/9/1 16/9/1
f 171/5/1 172/5/1 135/5/1
f 135/5/1 172/5/1 136/5/1
f 172/9/1 173/9/1 19/9/1
f 19/9/1 173/9/1 20/9/1
f 173/5/1 174/5/1 137/5/1
f 137/5/1 174/5/1 138/5/1
f 174/9/1 175/9/1 23/9/1
f 23/9/1 175/9/1 24/9/1
f 175/5/1 176/5/1 139/5/1
f 139/5/1 176/5/1 140/5/1
f 176/9/1 177/9/1 27/9/1
f 27/9/1 177/9/1 28/9/1
f 177/5/1 178/5/1 141/5/1
f 141/5/1 178/5/1 142/5/1
f 178/9/1 179/9/1 31/9/1
f 31/9/1 179/9/1 32/9/1
f 179/5/1 180/5/1 143/5/1
f 143/5/1 180/5/1 144/5/1
f 180/9/1 181/9/1 35/9/1
f 35/9/1 181/9/1 36/9/1
f 181/5/1 182/5/1 145/5/1
f 145/5/1 182/5/1 146/5/1
f 182/9/1 183/9/1 39/9/1
f 39/9/1 183/9/1 40/9/1
f 183/5/1 184/5/1 147/5/1
f 147/5/1 184/5/1 148/5/1
f 184/9/1 185/9/1 43/9/1
f 43/9/1 185/9/1 44/9/1
f 185/5/1 186/5/1 149/5/1
f 149/5/1 186/5/1 150/5/1
f 186/9/1 187/9/1 47/9/1
f 47/9/1 187/9/1 48/9/1
f 187/5/1 188/5/1 151/5/1
f 151/5/1 188/5/1 152/5/1
f 188/1/1 189/1/1 51/1/1
f 51/1/1 189/1/1 52/1/1
f 190/10/1 191/10/1 193/10/1
f 193/10/1 191/10/1 192/10/1
f 194/1/1 195/1/1 109/1/1
f 109/1/1 195/1/1 114/1/1
f 195/5/1 196/5/1 155/5/1
f 155/5/1 196/5/1 156/5/1
f 196/9/1 197/9/1 113/9/1
f 113/9/1 197/9/1 118/9/1
f 197/5/1 198/5/1 157/5/1
f 157/5/1 198/5/1 158/5/1
f 198/9/1 199/9/1 117/9/1
f 117/9/1 199/9/1 122/9/1
f 199/5/1 200/5/1 159/5/1
f 159/5/1 200/5/1 160/5/1
f 200/9/1 201/9/1 121/9/1
f 121/9/1 201/9/1 126/9/1
f 201/5/1 202/5/1 161/5/1
f 161/5/1 202/5/1 162/5/1
f 203/4/1 204/4/1 163/4/1
f 163/4/1 204/4/1 164/4/1
f 205/9/1 206/9/1 165/9/1
f 165/9/1 206/9/1 166/9/1
f 206/5/1 207/5/1 166/5/1
f 166/5/1 207/5/1 167/5/1
f 207/9/1 208/9/1 167/9/1
f 167/9/1 208/9/1 168/9/1
f 208/5/1 209/5/1 168/5/1
f 168/5/1 209/5/1 169/5/1
f 209/9/1 210/9/1 169/9/1
f 169/9/1 210/9/1 170/9/1
f 210/5/1 211/5/1 170/5/1
f 170/5/1 211/5/1 171/5/1
f 211/9/1 212/9/1 171/9/1
f 171/9/1 212/9/1 172/9/1
f 212/5/1 213/5/1 172/5/1
f 172/5/1 213/5/1 173/5/1
f 213/9/1 214/9/1 173/9/1
f 173/9/1 214/9/1 174/9/1
f 214/5/1 215/5/1 174/5/1
f 174/5/1 215/5/1 175/5/1
f 215/9/1 216/9/1 175/9/1
f 175/9/1 216/9/1 176/9/1
f 216/5/1 217/5/1 176/5/1
f 176/5/1 217/5/1 177/5/1
f 217/9/1 218/9/1 177/9/1
f 177/9/1 218/9/1 178/9/1
f 218/5/1 219/5/1 178/5/1
f 178/5/1 219/5/1 179/5/1
f 219/9/1 220/9/1 179/9/1
f 179/9/1 220/9/1 180/9/1
f 220/1/1 221/1/1 180/1/1
f 180/1/1 221/1/1 181/1/1
f 221/9/1 222/9/1 181/9/1
f 181/9/1 222/9/1 182/9/1
f 222/1/1 223/1/1 182/1/1
f 182/1/1 223/1/1 183/1/1
f 223/9/1 224/9/1 183/9/1
f 183/9/1 224/9/1 184/9/1
f 224/1/1 225/1/1 184/1/1
f 184/1/1 225/1/1 186/1/1
f 225/6/1 226/6/1 186/6/1
f 186/6/1 226/6/1 187/6/1
f 226/1/1 227/1/1 187/1/1
f 187/1/1 227/1/1 188/1/1
f 227/6/1 228/6/1 188/6/1
f 188/6/1 228/6/1 189/6/1
f 228/1/1 229/1/1 189/1/1
f 189/1/1 229/1/1 230/1/1
f 231/6/1 232/6/1 194/6/1
f 194/6/1 232/6/1 195/6/1
f 232/1/1 233/1/1 195/1/1
f 195/1/1 233/1/1 196/1/1
f 233/6/1 234/6/1 196/6/1
f 196/6/1 234/6/1 197/6/1
f 234/1/1 235/1/1 197/1/1
f 197/1/1 235/1/1 199/1/1
f 235/9/1 236/9/1 199/9/1
f 199/9/1 236/9/1 200/9/1
f 236/1/1 237/1/1 200/1/1
f 200/1/1 237/1/1 201/1/1
f 237/9/1 238/9/1 201/9/1
f 201/9/1 238/9/1 202/9/1
f 239/9/1 240/9/1 203/9/1
f 203/9/1 240/9/1 204/9/1
f 241/5/1 242/5/1 205/5/1
f 205/5/1 242/5/1 206/5/1
f 242/9/1 243/9/1 206/9/1
f 206/9/1 243/9/1 207/9/1
f 243/5/1 244/5/1 207/5/1
f 207/5/1 244/5/1 208/5/1
f 244/9/1 245/9/1 208/9/1
f 208/9/1 245/9/1 209/9/1
f 245/5/1 246/5/1 209/5/1
f 209/5/1 246/5/1 210/5/1
f 246/9/1 247/9/1 210/9/1
f 210/9/1 247/9/1 211/9/1
f 247/5/1 248/5/1 211/5/1
f 211/5/1 248/5/1 212/5/1
f 248/9/1 249/9/1 212/9/1
f 212/9/1 249/9/1 213/9/1
f 249/5/1 250/5/1 213/5/1
f 213/5/1 250/5/1 214/5/1
f 250/9/1 251/9/1 214/9/1
f 214/9/1 251/9/1 215/9/1
f 251/5/1 252/5/1 215/5/1
f 215/5/1 252/5/1 216/5/1
f 252/9/1 253/9/1 216/9/1
f 216/9/1 253/9/1 217/9/1
f 253/1/1 254/1/1 217/1/1
f 217/1/1 254/1/1 218/1/1
f 254/9/1 255/9/1 218/9/1
f 218/9/1 255/9/1 219/9/1
f 255/1/1 256/1/1 219/1/1
f 219/1/1 256/1/1 220/1/1
f 256/6/1 257/6/1 220/6/1
f 220/6/1 257/6/1 221/6/1
f 258/4/1 259/4/1 239/4/1
f 239/4/1 259/4/1 240/4/1
f 260/9/1 261/9/1 241/9/1
f 241/9/1 261/9/1 242/9/1
f 261/5/1 262/5/1 242/5/1
f 242/5/1 262/5/1 243/5/1
f 262/9/1 263/9/1 243/9/1
f 243/9/1 263/9/1 244/9/1
f 263/5/1 264/5/1 244/5/1
f 244/5/1 264/5/1 245/5/1
f 264/9/1 265/9/1 245/9/1
f 245/9/1 265/9/1 246/9/1
f 265/5/1 266/5/1 246/5/1
f 246/5/1 266/5/1 247/5/1
f 266/9/1 267/9/1 247/9/1
f 247/9/1 267/9/1 248/9/1
f 267/5/1 268/5/1 248/5/1
f 248/5/1 268/5/1 249/5/1
f 268/9/1 269/9/1 249/9/1
f 249/9/1 269/9/1 250/9/1
f 269/1/1 270/1/1 250/1/1
f 250/1/1 270/1/1 251/1/1
f 270/9/1 271/9/1 251/9/1
f 251/9/1 271/9/1 252/9/1
f 271/1/1 272/1/1 252/1/1
f 252/1/1 272/1/1 253/1/1
f 272/6/1 273/6/1 253/6/1
f 253/6/1 273/6/1 254/6/1
f 274/10/1 275/10/1 277/10/1
f 277/10/1 275/10/1 276/10/1
f 278/10/1 279/10/1 281/10/1
f 281/10/1 279/10/1 280/10/1
f 282/9/1 283/9/1 258/9/1
f 258/9/1 283/9/1 259/9/1
f 284/5/1 285/5/1 260/5/1
f 260/5/1 285/5/1 261/5/1
f 285/9/1 286/9/1 261/9/1
f 261/9/1 286/9/1 262/9/1
f 286/5/1 287/5/1 262/5/1
f 262/5/1 287/5/1 263/5/1
f 287/9/1 288/9/1 263/9/1
f 263/9/1 288/9/1 264/9/1
f 288/5/1 289/5/1 264/5/1
f 264/5/1 289/5/1 265/5/1
f 289/9/1 290/9/1 265/9/1
f 265/9/1 290/9/1 266/9/1
f 290/5/1 291/5/1 266/5/1
f 266/5/1 291/5/1 267/5/1
f 291/9/1 292/9/1 267/9/1
f 267/9/1 292/9/1 268/9/1
f 292/1/1 293/1/1 268/1/1
f 268/1/1 293/1/1 269/1/1
f 293/6/1 294/6/1 269/6/1
f 269/6/1 294/6/1 270/6/1
f 295/10/1 296/10/1 297/10/1
f 297/10/1 296/10/1 277/10/1
f 298/3/1 299/3/1 301/3/1
f 301/3/1 299/3/1 300/3/1
f 302/3/1 303/3/1 305/3/1
f 305/3/1 303/3/1 304/3/1
f 306/4/1 307/4/1 282/4/1
f 282/4/1 307/4/1 283/4/1
f 308/9/1 309/9/1 284/9/1
f 284/9/1 309/9/1 285/9/1
f 309/5/1 310/5/1 285/5/1
f 285/5/1 310/5/1 286/5/1
f 310/9/1 311/9/1 286/9/1
f 286/9/1 311/9/1 287/9/1
f 311/5/1 312/5/1 287/5/1
f 287/5/1 312/5/1 288/5/1
f 312/9/1 313/9/1 288/9/1
f 288/9/1 313/9/1 289/9/1
f 313/5/1 314/5/1 289/5/1
f 289/5/1 314/5/1 290/5/1
f 314/9/1 315/9/1 290/9/1
f 290/9/1 315/9/1 291/9/1
f 315/1/1 316/1/1 291/1/1
f 291/1/1 316/1/1 292/1/1
f 317/10/1 318/10/1 319/10/1
f 319/10/1 318/10/1 297/10/1
f 320/1/1 321/1/1 323/1/1
f 323/1/1 321/1/1 322/1/1
f 324/10/1 325/10/1 327/10/1
f 327/10/1 325/10/1 326/10/1
f 328/9/1 329/9/1 306/9/1
f 306/9/1 329/9/1 307/9/1
f 330/5/1 331/5/1 308/5/1
f 308/5/1 331/5/1 309/5/1
f 331/9/1 332/9/1 309/9/1
f 309/9/1 332/9/1 310/9/1
f 332/5/1 333/5/1 310/5/1
f 310/5/1 333/5/1 311/5/1
f 333/9/1 334/9/1 311/9/1
f 311/9/1 334/9/1 312/9/1
f 334/5/1 335/5/1 312/5/1
f 312/5/1 335/5/1 313/5/1
f 335/9/1 336/9/1 313/9/1
f 313/9/1 336/9/1 314/9/1
f 336/1/1 337/1/1 314/1/1
f 314/1/1 337/1/1 315/1/1
f 338/3/1 339/3/1 341/3/1
f 341/3/1 339/3/1 340/3/1
f 342/10/1 343/10/1 345/10/1
f 345/10/1 343/10/1 344/10/1
f 346/1/1 347/1/1 349/1/1
f 349/1/1 347/1/1 348/1/1
f 350/4/1 351/4/1 328/4/1
f 328/4/1 351/4/1 329/4/1
f 352/9/1 353/9/1 330/9/1
f 330/9/1 353/9/1 331/9/1
f 353/5/1 354/5/1 331/5/1
f 331/5/1 354/5/1 332/5/1
f 354/9/1 355/9/1 332/9/1
f 332/9/1 355/9/1 333/9/1
f 355/5/1 356/5/1 333/5/1
f 333/5/1 356/5/1 334/5/1
f 356/9/1 357/9/1 334/9/1
f 334/9/1 357/9/1 335/9/1
f 357/1/1 358/1/1 335/1/1
f 335/1/1 358/1/1 336/1/1
f 359/10/1 360/10/1 362/10/1
f 362/10/1 360/10/1 361/10/1
f 363/3/1 364/3/1 366/3/1
f 366/3/1 364/3/1 365/3/1
f 367/9/1 368/9/1 350/9/1
f 350/9/1 368/9/1 351/9/1
f 369/5/1 370/5/1 352/5/1
f 352/5/1 370/5/1 353/5/1
f 370/9/1 371/9/1 353/9/1
f 353/9/1 371/9/1 354/9/1
f 371/5/1 372/5/1 354/5/1
f 354/5/1 372/5/1 355/5/1
f 372/9/1 373/9/1 355/9/1
f 355/9/1 373/9/1 356/9/1
f 373/1/1 374/1/1 356/1/1
f 356/1/1 374/1/1 357/1/1
f 375/3/1 376/3/1 378/3/1
f 378/3/1 376/3/1 377/3/1
f 379/10/1 380/10/1 382/10/1
f 382/10/1 380/10/1 381/10/1
f 380/10/1 383/10/1 385/10/1
f 385/10/1 383/10/1 384/10/1
f 386/10/1 387/10/1 389/10/1
f 389/10/1 387/10/1 388/10/1
f 390/4/1 391/4/1 367/4/1
f 367/4/1 391/4/1 368/4/1
f 392/9/1 393/9/1 369/9/1
f 369/9/1 393/9/1 370/9/1
f 393/5/1 394/5/1 370/5/1
f 370/5/1 394/5/1 371/5/1
f 394/9/1 395/9/1 371/9/1
f 371/9/1 395/9/1 372/9/1
f 395/1/1 396/1/1 372/1/1
f 372/1/1 396/1/1 373/1/1
f 396/6/1 397/6/1 373/6/1
f 373/6/1 397/6/1 374/6/1
f 398/3/1 399/3/1 401/3/1
f 401/3/1 399/3/1 400/3/1
f 402/3/1 403/3/1 405/3/1
f 405/3/1 403/3/1 404/3/1
f 406/3/1 407/3/1 409/3/1
f 409/3/1 407/3/1 408/3/1
f 410/9/1 411/9/1 390/9/1
f 390/9/1 411/9/1 391/9/1
f 412/5/1 413/5/1 392/5/1
f 392/5/1 413/5/1 393/5/1
f 413/9/1 414/9/1 393/9/1
f 393/9/1 414/9/1 394/9/1
f 414/5/1 415/5/1 394/5/1
f 394/5/1 415/5/1 395/5/1
f 415/9/1 416/9/1 395/9/1
f 395/9/1 416/9/1 396/9/1
f 417/10/1 418/10/1 420/10/1
f 420/10/1 418/10/1 419/10/1
f 421/4/1 422/4/1 410/4/1
f 410/4/1 422/4/1 411/4/1
f 423/9/1 424/9/1 412/9/1
f 412/9/1 424/9/1 413/9/1
f 424/5/1 425/5/1 413/5/1
f 413/5/1 425/5/1 414/5/1
f 425/9/1 426/9/1 414/9/1
f 414/9/1 426/9/1 415/9/1
f 426/1/1 427/1/1 415/1/1
f 415/1/1 427/1/1 416/1/1
f 428/10/1 429/10/1 430/10/1
f 430/10/1 429/10/1 362/10/1
f 431/3/1 432/3/1 434/3/1
f 434/3/1 432/3/1 433/3/1
f 435/10/1 436/10/1 438/10/1
f 438/10/1 436/10/1 437/10/1
f 439/10/1 440/10/1 441/10/1
f 441/10/1 440/10/1 387/10/1
f 442/9/1 443/9/1 421/9/1
f 421/9/1 443/9/1 422/9/1
f 444/5/1 445/5/1 423/5/1
f 423/5/1 445/5/1 424/5/1
f 445/9/1 446/9/1 424/9/1
f 424/9/1 446/9/1 425/9/1
f 446/1/1 447/1/1 425/1/1
f 425/1/1 447/1/1 426/1/1
f 447/6/1 448/6/1 426/6/1
f 426/6/1 448/6/1 427/6/1
f 449/3/1 450/3/1 452/3/1
f 452/3/1 450/3/1 451/3/1
f 453/3/1 454/3/1 456/3/1
f 456/3/1 454/3/1 455/3/1
f 457/3/1 458/3/1 460/3/1
f 460/3/1 458/3/1 459/3/1
f 461/4/1 462/4/1 442/4/1
f 442/4/1 462/4/1 443/4/1
f 463/9/1 464/9/1 444/9/1
f 444/9/1 464/9/1 445/9/1
f 464/5/1 465/5/1 445/5/1
f 445/5/1 465/5/1 446/5/1
f 465/9/1 466/9/1 446/9/1
f 446/9/1 466/9/1 447/9/1
f 467/10/1 468/10/1 469/10/1
f 469/10/1 468/10/1 420/10/1
f 470/10/1 471/10/1 472/10/1
f 472/10/1 471/10/1 380/10/1
f 473/9/1 474/9/1 461/9/1
f 461/9/1 474/9/1 462/9/1
f 475/5/1 476/5/1 463/5/1
f 463/5/1 476/5/1 464/5/1
f 476/9/1 477/9/1 464/9/1
f 464/9/1 477/9/1 465/9/1
f 477/1/1 478/1/1 465/1/1
f 465/1/1 478/1/1 466/1/1
f 479/1/1 480/1/1 482/1/1
f 482/1/1 480/1/1 481/1/1
f 483/3/1 484/3/1 486/3/1
f 486/3/1 484/3/1 485/3/1
f 487/4/1 488/4/1 473/4/1
f 473/4/1 488/4/1 474/4/1
f 489/9/1 490/9/1 475/9/1
f 475/9/1 490/9/1 476/9/1
f 490/1/1 491/1/1 476/1/1
f 476/1/1 491/1/1 477/1/1
f 491/6/1 492/6/1 477/6/1
f 477/6/1 492/6/1 478/6/1
f 493/10/1 494/10/1 496/10/1
f 496/10/1 494/10/1 495/10/1
f 497/10/1 498/10/1 499/10/1
f 499/10/1 498/10/1 436/10/1
f 500/9/1 501/9/1 487/9/1
f 487/9/1 501/9/1 488/9/1
f 502/5/1 503/5/1 489/5/1
f 489/5/1 503/5/1 490/5/1
f 503/9/1 504/9/1 490/9/1
f 490/9/1 504/9/1 491/9/1
f 505/3/1 506/3/1 508/3/1
f 508/3/1 506/3/1 507/3/1
f 509/3/1 510/3/1 512/3/1
f 512/3/1 510/3/1 511/3/1
f 513/9/1 514/9/1 516/9/1
f 516/9/1 514/9/1 515/9/1
f 517/10/1 518/10/1 520/10/1
f 520/10/1 518/10/1 519/10/1
f 521/4/1 522/4/1 500/4/1
f 500/4/1 522/4/1 501/4/1
f 523/9/1 524/9/1 502/9/1
f 502/9/1 524/9/1 503/9/1
f 524/1/1 525/1/1 503/1/1
f 503/1/1 525/1/1 504/1/1
f 526/10/1 527/10/1 528/10/1
f 528/10/1 527/10/1 520/10/1
f 529/9/1 530/9/1 531/9/1
f 531/9/1 530/9/1 513/9/1
f 532/10/1 533/10/1 534/10/1
f 534/10/1 533/10/1 518/10/1
f 535/9/1 536/9/1 514/9/1
f 514/9/1 536/9/1 537/9/1
f 538/9/1 539/9/1 521/9/1
f 521/9/1 539/9/1 522/9/1
f 540/5/1 541/5/1 523/5/1
f 523/5/1 541/5/1 524/5/1
f 541/9/1 542/9/1 524/9/1
f 524/9/1 542/9/1 525/9/1
f 543/10/1 544/10/1 546/10/1
f 546/10/1 544/10/1 545/10/1
f 547/10/1 548/10/1 549/10/1
f 549/10/1 548/10/1 528/10/1
f 550/9/1 551/9/1 552/9/1
f 552/9/1 551/9/1 529/9/1
f 553/6/1 554/6/1 556/6/1
f 556/6/1 554/6/1 555/6/1
f 554/5/1 557/5/1 559/5/1
f 559/5/1 557/5/1 558/5/1
f 557/6/1 560/6/1 562/6/1
f 562/6/1 560/6/1 561/6/1
f 563/4/1 564/4/1 538/4/1
f 538/4/1 564/4/1 539/4/1
f 565/9/1 566/9/1 540/9/1
f 540/9/1 566/9/1 541/9/1
f 567/3/1 568/3/1 570/3/1
f 570/3/1 568/3/1 569/3/1
f 571/10/1 572/10/1 574/10/1
f 574/10/1 572/10/1 573/10/1
f 575/10/1 576/10/1 578/10/1
f 578/10/1 576/10/1 577/10/1
f 579/6/1 580/6/1 554/6/1
f 554/6/1 580/6/1 581/6/1
f 580/5/1 582/5/1 581/5/1
f 581/5/1 582/5/1 583/5/1
f 582/6/1 584/6/1 583/6/1
f 583/6/1 584/6/1 557/6/1
f 585/9/1 586/9/1 563/9/1
f 563/9/1 586/9/1 564/9/1
f 587/5/1 588/5/1 565/5/1
f 565/5/1 588/5/1 566/5/1
f 588/1/1 589/1/1 541/1/1
f 541/1/1 589/1/1 542/1/1
f 590/3/1 591/3/1 593/3/1
f 593/3/1 591/3/1 592/3/1
f 594/3/1 595/3/1 597/3/1
f 597/3/1 595/3/1 596/3/1
f 598/5/1 599/5/1 579/5/1
f 579/5/1 599/5/1 580/5/1
f 599/6/1 600/6/1 580/6/1
f 580/6/1 600/6/1 582/6/1
f 600/5/1 601/5/1 582/5/1
f 582/5/1 601/5/1 584/5/1
f 602/4/1 603/4/1 585/4/1
f 585/4/1 603/4/1 586/4/1
f 604/9/1 605/9/1 587/9/1
f 587/9/1 605/9/1 588/9/1
f 605/6/1 606/6/1 588/6/1
f 588/6/1 606/6/1 589/6/1
f 607/9/1 608/9/1 609/9/1
f 609/9/1 608/9/1 550/9/1
f 610/5/1 611/5/1 612/5/1
f 612/5/1 611/5/1 554/5/1
f 611/6/1 613/6/1 598/6/1
f 598/6/1 613/6/1 599/6/1
f 614/6/1 615/6/1 600/6/1
f 600/6/1 615/6/1 601/6/1
f 615/5/1 616/5/1 557/5/1
f 557/5/1 616/5/1 560/5/1
f 617/9/1 618/9/1 602/9/1
f 602/9/1 618/9/1 603/9/1
f 619/5/1 620/5/1 604/5/1
f 604/5/1 620/5/1 605/5/1
f 620/1/1 621/1/1 605/1/1
f 605/1/1 621/1/1 606/1/1
f 622/9/1 623/9/1 608/9/1
f 608/9/1 623/9/1 624/9/1
f 625/6/1 626/6/1 627/6/1
f 627/6/1 626/6/1 611/6/1
f 626/5/1 628/5/1 611/5/1
f 611/5/1 628/5/1 613/5/1
f 629/5/1 630/5/1 614/5/1
f 614/5/1 630/5/1 615/5/1
f 630/6/1 631/6/1 615/6/1
f 615/6/1 631/6/1 616/6/1
f 632/4/1 633/4/1 617/4/1
f 617/4/1 633/4/1 618/4/1
f 634/9/1 635/9/1 619/9/1
f 619/9/1 635/9/1 620/9/1
f 635/6/1 636/6/1 620/6/1
f 620/6/1 636/6/1 621/6/1
f 637/9/1 638/9/1 623/9/1
f 623/9/1 638/9/1 639/9/1
f 640/9/1 641/9/1 643/9/1
f 643/9/1 641/9/1 642/9/1
f 644/9/1 645/9/1 632/9/1
f 632/9/1 645/9/1 633/9/1
f 646/5/1 647/5/1 634/5/1
f 634/5/1 647/5/1 635/5/1
f 647/1/1 648/1/1 635/1/1
f 635/1/1 648/1/1 636/1/1
f 649/10/1 650/10/1 652/10/1
f 652/10/1 650/10/1 651/10/1
f 653/4/1 654/4/1 644/4/1
f 644/4/1 654/4/1 645/4/1
f 655/9/1 656/9/1 646/9/1
f 646/9/1 656/9/1 647/9/1
f 656/6/1 657/6/1 647/6/1
f 647/6/1 657/6/1 648/6/1
f 658/3/1 659/3/1 661/3/1
f 661/3/1 659/3/1 660/3/1
f 662/9/1 663/9/1 653/9/1
f 653/9/1 663/9/1 654/9/1
f 664/5/1 665/5/1 655/5/1
f 655/5/1 665/5/1 656/5/1
f 665/1/1 666/1/1 656/1/1
f 656/1/1 666/1/1 657/1/1
f 667/4/1 668/4/1 662/4/1
f 662/4/1 668/4/1 663/4/1
f 669/9/1 670/9/1 664/9/1
f 664/9/1 670/9/1 665/9/1
f 670/6/1 671/6/1 665/6/1
f 665/6/1 671/6/1 666/6/1
f 672/9/1 673/9/1 667/9/1
f 667/9/1 673/9/1 668/9/1
f 674/5/1 675/5/1 669/5/1
f 669/5/1 675/5/1 670/5/1
f 675/1/1 676/1/1 670/1/1
f 670/1/1 676/1/1 671/1/1
f 677/4/1 678/4/1 672/4/1
f 672/4/1 678/4/1 673/4/1
f 679/9/1 680/9/1 674/9/1
f 674/9/1 680/9/1 675/9/1
f 680/6/1 681/6/1 675/6/1
f 675/6/1 681/6/1 676/6/1
f 682/10/1 683/10/1 685/10/1
f 685/10/1 683/10/1 684/10/1
f 686/9/1 687/9/1 677/9/1
f 677/9/1 687/9/1 678/9/1
f 688/5/1 689/5/1 679/5/1
f 679/5/1 689/5/1 680/5/1
f 689/1/1 690/1/1 680/1/1
f 680/1/1 690/1/1 681/1/1
f 691/3/1 692/3/1 694/3/1
f 694/3/1 692/3/1 693/3/1
f 695/4/1 696/4/1 686/4/1
f 686/4/1 696/4/1 687/4/1
f 697/9/1 698/9/1 688/9/1
f 688/9/1 698/9/1 689/9/1
f 698/6/1 699/6/1 689/6/1
f 689/6/1 699/6/1 690/6/1
f 700/10/1 701/10/1 703/10/1
f 703/10/1 701/10/1 702/10/1
f 701/10/1 704/10/1 706/10/1
f 706/10/1 704/10/1 705/10/1
f 704/10/1 707/10/1 709/10/1
f 709/10/1 707/10/1 708/10/1
f 707/10/1 710/10/1 712/10/1
f 712/10/1 710/10/1 711/10/1
f 710/10/1 713/10/1 715/10/1
f 715/10/1 713/10/1 714/10/1
f 713/10/1 716/10/1 718/10/1
f 718/10/1 716/10/1 717/10/1
f 719/9/1 720/9/1 722/9/1
f 722/9/1 720/9/1 721/9/1
f 723/9/1 724/9/1 695/9/1
f 695/9/1 724/9/1 696/9/1
f 725/5/1 726/5/1 697/5/1
f 697/5/1 726/5/1 698/5/1
f 726/1/1 727/1/1 698/1/1
f 698/1/1 727/1/1 699/1/1
f 728/10/1 729/10/1 731/10/1
f 731/10/1 729/10/1 730/10/1
f 732/9/1 733/9/1 734/9/1
f 734/9/1 733/9/1 719/9/1
f 735/5/1 736/5/1 738/5/1
f 738/5/1 736/5/1 737/5/1
f 739/10/1 740/10/1 742/10/1
f 742/10/1 740/10/1 741/10/1
f 743/9/1 744/9/1 720/9/1
f 720/9/1 744/9/1 745/9/1
f 746/4/1 747/4/1 723/4/1
f 723/4/1 747/4/1 724/4/1
f 748/9/1 749/9/1 725/9/1
f 725/9/1 749/9/1 726/9/1
f 749/6/1 750/6/1 726/6/1
f 726/6/1 750/6/1 727/6/1
f 751/10/1 752/10/1 754/10/1
f 754/10/1 752/10/1 753/10/1
f 755/9/1 756/9/1 757/9/1
f 757/9/1 756/9/1 732/9/1
f 758/5/1 759/5/1 760/5/1
f 760/5/1 759/5/1 735/5/1
f 759/6/1 761/6/1 735/6/1
f 735/6/1 761/6/1 762/6/1
f 761/5/1 763/5/1 762/5/1
f 762/5/1 763/5/1 764/5/1
f 765/10/1 766/10/1 768/10/1
f 768/10/1 766/10/1 767/10/1
f 769/9/1 770/9/1 744/9/1
f 744/9/1 770/9/1 771/9/1
f 772/9/1 773/9/1 746/9/1
f 746/9/1 773/9/1 747/9/1
f 774/10/1 775/10/1 777/10/1
f 777/10/1 775/10/1 776/10/1
f 778/3/1 779/3/1 781/3/1
f 781/3/1 779/3/1 780/3/1
f 782/6/1 783/6/1 761/6/1
f 761/6/1 783/6/1 784/6/1
f 783/5/1 785/5/1 784/5/1
f 784/5/1 785/5/1 786/5/1
f 787/10/1 788/10/1 790/10/1
f 790/10/1 788/10/1 789/10/1
f 791/9/1 792/9/1 770/9/1
f 770/9/1 792/9/1 793/9/1
f 794/4/1 795/4/1 772/4/1
f 772/4/1 795/4/1 773/4/1
f 796/5/1 797/5/1 748/5/1
f 748/5/1 797/5/1 749/5/1
f 797/1/1 798/1/1 749/1/1
f 749/1/1 798/1/1 750/1/1
f 799/3/1 800/3/1 802/3/1
f 802/3/1 800/3/1 801/3/1
f 803/10/1 804/10/1 806/10/1
f 806/10/1 804/10/1 805/10/1
f 807/9/1 808/9/1 810/9/1
f 810/9/1 808/9/1 809/9/1
f 811/5/1 812/5/1 759/5/1
f 759/5/1 812/5/1 761/5/1
f 813/5/1 814/5/1 785/5/1
f 785/5/1 814/5/1 815/5/1
f 816/9/1 817/9/1 794/9/1
f 794/9/1 817/9/1 795/9/1
f 818/9/1 819/9/1 796/9/1
f 796/9/1 819/9/1 797/9/1
f 819/6/1 820/6/1 797/6/1
f 797/6/1 820/6/1 798/6/1
f 821/10/1 822/10/1 824/10/1
f 824/10/1 822/10/1 823/10/1
f 825/9/1 826/9/1 827/9/1
f 827/9/1 826/9/1 807/9/1
f 828/10/1 829/10/1 831/10/1
f 831/10/1 829/10/1 830/10/1
f 829/10/1 832/10/1 834/10/1
f 834/10/1 832/10/1 833/10/1
f 835/5/1 836/5/1 782/5/1
f 782/5/1 836/5/1 783/5/1
f 836/6/1 837/6/1 783/6/1
f 783/6/1 837/6/1 838/6/1
f 839/5/1 840/5/1 841/5/1
f 841/5/1 840/5/1 785/5/1
f 840/6/1 842/6/1 813/6/1
f 813/6/1 842/6/1 814/6/1
f 843/4/1 844/4/1 816/4/1
f 816/4/1 844/4/1 817/4/1
f 845/5/1 846/5/1 848/5/1
f 848/5/1 846/5/1 847/5/1
f 849/10/1 850/10/1 852/10/1
f 852/10/1 850/10/1 851/10/1
f 850/10/1 853/10/1 855/10/1
f 855/10/1 853/10/1 854/10/1
f 856/5/1 857/5/1 836/5/1
f 836/5/1 857/5/1 837/5/1
f 858/5/1 859/5/1 860/5/1
f 860/5/1 859/5/1 841/5/1
f 859/6/1 861/6/1 839/6/1
f 839/6/1 861/6/1 840/6/1
f 862/9/1 863/9/1 843/9/1
f 843/9/1 863/9/1 844/9/1
f 864/5/1 865/5/1 818/5/1
f 818/5/1 865/5/1 819/5/1
f 865/1/1 866/1/1 819/1/1
f 819/1/1 866/1/1 820/1/1
f 867/6/1 868/6/1 845/6/1
f 845/6/1 868/6/1 846/6/1
f 868/5/1 869/5/1 871/5/1
f 871/5/1 869/5/1 870/5/1
f 869/5/1 872/5/1 874/5/1
f 874/5/1 872/5/1 873/5/1
f 872/5/1 875/5/1 877/5/1
f 877/5/1 875/5/1 876/5/1
f 875/6/1 878/6/1 876/6/1
f 876/6/1 878/6/1 879/6/1
f 880/6/1 881/6/1 856/6/1
f 856/6/1 881/6/1 857/6/1
f 881/5/1 882/5/1 838/5/1
f 838/5/1 882/5/1 860/5/1
f 883/4/1 884/4/1 862/4/1
f 862/4/1 884/4/1 863/4/1
f 885/9/1 886/9/1 864/9/1
f 864/9/1 886/9/1 865/9/1
f 886/6/1 887/6/1 865/6/1
f 865/6/1 887/6/1 866/6/1
f 888/10/1 889/10/1 891/10/1
f 891/10/1 889/10/1 890/10/1
f 892/5/1 893/5/1 867/5/1
f 867/5/1 893/5/1 868/5/1
f 893/6/1 894/6/1 868/6/1
f 868/6/1 894/6/1 875/6/1
f 895/6/1 896/6/1 881/6/1
f 881/6/1 896/6/1 882/6/1
f 896/6/1 897/6/1 858/6/1
f 858/6/1 897/6/1 859/6/1
f 897/5/1 898/5/1 859/5/1
f 859/5/1 898/5/1 861/5/1
f 899/9/1 900/9/1 883/9/1
f 883/9/1 900/9/1 884/9/1
f 901/1/1 902/1/1 904/1/1
f 904/1/1 902/1/1 903/1/1
f 905/10/1 906/10/1 908/10/1
f 908/10/1 906/10/1 907/10/1
f 909/6/1 910/6/1 892/6/1
f 892/6/1 910/6/1 893/6/1
f 911/6/1 912/6/1 897/6/1
f 897/6/1 912/6/1 898/6/1
f 912/5/1 913/5/1 840/5/1
f 840/5/1 913/5/1 842/5/1
f 914/4/1 915/4/1 899/4/1
f 899/4/1 915/4/1 900/4/1
f 916/5/1 917/5/1 885/5/1
f 885/5/1 917/5/1 886/5/1
f 917/1/1 918/1/1 886/1/1
f 886/1/1 918/1/1 887/1/1
f 919/3/1 920/3/1 922/3/1
f 922/3/1 920/3/1 921/3/1
f 923/5/1 924/5/1 875/5/1
f 875/5/1 924/5/1 878/5/1
f 924/6/1 925/6/1 835/6/1
f 835/6/1 925/6/1 836/6/1
f 925/5/1 926/5/1 880/5/1
f 880/5/1 926/5/1 881/5/1
f 927/6/1 928/6/1 912/6/1
f 912/6/1 928/6/1 913/6/1
f 929/9/1 930/9/1 792/9/1
f 792/9/1 930/9/1 931/9/1
f 932/9/1 933/9/1 914/9/1
f 914/9/1 933/9/1 915/9/1
f 934/9/1 935/9/1 916/9/1
f 916/9/1 935/9/1 917/9/1
f 935/6/1 936/6/1 917/6/1
f 917/6/1 936/6/1 918/6/1
f 937/9/1 938/9/1 939/9/1
f 939/9/1 938/9/1 825/9/1
f 940/5/1 941/5/1 909/5/1
f 909/5/1 941/5/1 910/5/1
f 942/5/1 943/5/1 944/5/1
f 944/5/1 943/5/1 894/5/1
f 943/6/1 945/6/1 923/6/1
f 923/6/1 945/6/1 924/6/1
f 946/5/1 947/5/1 911/5/1
f 911/5/1 947/5/1 912/5/1
f 948/9/1 949/9/1 950/9/1
f 950/9/1 949/9/1 929/9/1
f 951/4/1 952/4/1 932/4/1
f 932/4/1 952/4/1 933/4/1
f 953/5/1 954/5/1 934/5/1
f 934/5/1 954/5/1 935/5/1
f 954/1/1 955/1/1 935/1/1
f 935/1/1 955/1/1 936/1/1
f 956/9/1 957/9/1 938/9/1
f 938/9/1 957/9/1 958/9/1
f 959/5/1 960/5/1 893/5/1
f 893/5/1 960/5/1 944/5/1
f 961/6/1 962/6/1 925/6/1
f 925/6/1 962/6/1 926/6/1
f 962/5/1 963/5/1 895/5/1
f 895/5/1 963/5/1 897/5/1
f 964/9/1 965/9/1 966/9/1
f 966/9/1 965/9/1 948/9/1
f 967/9/1 968/9/1 951/9/1
f 951/9/1 968/9/1 952/9/1
f 969/9/1 970/9/1 953/9/1
f 953/9/1 970/9/1 954/9/1
f 970/6/1 971/6/1 954/6/1
f 954/6/1 971/6/1 955/6/1
f 972/10/1 973/10/1 975/10/1
f 975/10/1 973/10/1 974/10/1
f 973/10/1 976/10/1 978/10/1
f 978/10/1 976/10/1 977/10/1
f 976/10/1 979/10/1 981/10/1
f 981/10/1 979/10/1 980/10/1
f 982/9/1 983/9/1 985/9/1
f 985/9/1 983/9/1 984/9/1
f 986/9/1 987/9/1 957/9/1
f 957/9/1 987/9/1 988/9/1
f 989/5/1 990/5/1 991/5/1
f 991/5/1 990/5/1 960/5/1
f 990/6/1 992/6/1 942/6/1
f 942/6/1 992/6/1 943/6/1
f 993/5/1 994/5/1 996/5/1
f 996/5/1 994/5/1 995/5/1
f 997/9/1 998/9/1 999/9/1
f 999/9/1 998/9/1 964/9/1
f 1000/4/1 1001/4/1 967/4/1
f 967/4/1 1001/4/1 968/4/1
f 1002/5/1 1003/5/1 969/5/1
f 969/5/1 1003/5/1 970/5/1
f 1003/1/1 1004/1/1 970/1/1
f 970/1/1 1004/1/1 971/1/1
f 1005/10/1 1006/10/1 1008/10/1
f 1008/10/1 1006/10/1 1007/10/1
f 1009/10/1 1010/10/1 1012/10/1
f 1012/10/1 1010/10/1 1011/10/1
f 1013/9/1 1014/9/1 1015/9/1
f 1015/9/1 1014/9/1 982/9/1
f 1016/6/1 1017/6/1 1019/6/1
f 1019/6/1 1017/6/1 1018/6/1
f 1017/5/1 1020/5/1 1018/5/1
f 1018/5/1 1020/5/1 1021/5/1
f 1022/10/1 1023/10/1 1025/10/1
f 1025/10/1 1023/10/1 1024/10/1
f 1026/9/1 1027/9/1 983/9/1
f 983/9/1 1027/9/1 1028/9/1
f 1029/9/1 1030/9/1 987/9/1
f 987/9/1 1030/9/1 1031/9/1
f 1032/6/1 1033/6/1 1034/6/1
f 1034/6/1 1033/6/1 990/6/1
f 1033/5/1 1035/5/1 990/5/1
f 990/5/1 1035/5/1 992/5/1
f 1035/5/1 1036/5/1 943/5/1
f 943/5/1 1036/5/1 945/5/1
f 1036/5/1 1037/5/1 924/5/1
f 924/5/1 1037/5/1 925/5/1
f 1037/5/1 1038/5/1 961/5/1
f 961/5/1 1038/5/1 962/5/1
f 1038/6/1 1039/6/1 962/6/1
f 962/6/1 1039/6/1 1040/6/1
f 1039/5/1 1041/5/1 1040/5/1
f 1040/5/1 1041/5/1 996/5/1
f 1042/9/1 1043/9/1 1044/9/1
f 1044/9/1 1043/9/1 997/9/1
f 1045/9/1 1046/9/1 1000/9/1
f 1000/9/1 1046/9/1 1001/9/1
f 1047/9/1 1048/9/1 1002/9/1
f 1002/9/1 1048/9/1 1003/9/1
f 1048/6/1 1049/6/1 1003/6/1
f 1003/6/1 1049/6/1 1004/6/1
f 1050/3/1 1051/3/1 1053/3/1
f 1053/3/1 1051/3/1 1052/3/1
f 1054/10/1 1055/10/1 1057/10/1
f 1057/10/1 1055/10/1 1056/10/1
f 1058/9/1 1059/9/1 1060/9/1
f 1060/9/1 1059/9/1 1013/9/1
f 1061/9/1 1062/9/1 1030/9/1
f 1030/9/1 1062/9/1 1042/9/1
f 1063/4/1 1064/4/1 1045/4/1
f 1045/4/1 1064/4/1 1046/4/1
f 1065/5/1 1066/5/1 1047/5/1
f 1047/5/1 1066/5/1 1048/5/1
f 1066/1/1 1067/1/1 1048/1/1
f 1048/1/1 1067/1/1 1049/1/1
f 1068/5/1 1069/5/1 1071/5/1
f 1071/5/1 1069/5/1 1070/5/1
f 1072/10/1 1073/10/1 1075/10/1
f 1075/10/1 1073/10/1 1074/10/1
f 1076/9/1 1077/9/1 1027/9/1
f 1027/9/1 1077/9/1 1078/9/1
f 1079/9/1 1080/9/1 1063/9/1
f 1063/9/1 1080/9/1 1064/9/1
f 1081/9/1 1082/9/1 1065/9/1
f 1065/9/1 1082/9/1 1066/9/1
f 1082/6/1 1083/6/1 1066/6/1
f 1066/6/1 1083/6/1 1067/6/1
f 1084/5/1 1085/5/1 1086/5/1
f 1086/5/1 1085/5/1 1017/5/1
f 1085/6/1 1087/6/1 1017/6/1
f 1017/6/1 1087/6/1 1071/6/1
f 1088/10/1 1089/10/1 1090/10/1
f 1090/10/1 1089/10/1 1072/10/1
f 1091/5/1 1092/5/1 1069/5/1
f 1069/5/1 1092/5/1 1093/5/1
f 1094/9/1 1095/9/1 1077/9/1
f 1077/9/1 1095/9/1 1096/9/1
f 1097/4/1 1098/4/1 1079/4/1
f 1079/4/1 1098/4/1 1080/4/1
f 1099/5/1 1100/5/1 1081/5/1
f 1081/5/1 1100/5/1 1082/5/1
f 1100/1/1 1101/1/1 1082/1/1
f 1082/1/1 1101/1/1 1083/1/1
f 1102/10/1 1103/10/1 1105/10/1
f 1105/10/1 1103/10/1 1104/10/1
f 1106/9/1 1107/9/1 1108/9/1
f 1108/9/1 1107/9/1 1058/9/1
f 1109/5/1 1110/5/1 1112/5/1
f 1112/5/1 1110/5/1 1111/5/1
f 1110/6/1 1113/6/1 1084/6/1
f 1084/6/1 1113/6/1 1085/6/1
f 1114/10/1 1115/10/1 1117/10/1
f 1117/10/1 1115/10/1 1116/10/1
f 1118/9/1 1119/9/1 1097/9/1
f 1097/9/1 1119/9/1 1098/9/1
f 1120/9/1 1121/9/1 1099/9/1
f 1099/9/1 1121/9/1 1100/9/1
f 1121/6/1 1122/6/1 1100/6/1
f 1100/6/1 1122/6/1 1101/6/1
f 1123/3/1 1124/3/1 1126/3/1
f 1126/3/1 1124/3/1 1125/3/1
f 1127/9/1 1128/9/1 1107/9/1
f 1107/9/1 1128/9/1 1129/9/1
f 1130/5/1 1131/5/1 1110/5/1
f 1110/5/1 1131/5/1 1113/5/1
f 1132/6/1 1133/6/1 1087/6/1
f 1087/6/1 1133/6/1 1134/6/1
f 1133/5/1 1135/5/1 1137/5/1
f 1137/5/1 1135/5/1 1136/5/1
f 1138/4/1 1139/4/1 1118/4/1
f 1118/4/1 1139/4/1 1119/4/1
f 1140/5/1 1141/5/1 1120/5/1
f 1120/5/1 1141/5/1 1121/5/1
f 1141/1/1 1142/1/1 1121/1/1
f 1121/1/1 1142/1/1 1122/1/1
f 1143/10/1 1144/10/1 1146/10/1
f 1146/10/1 1144/10/1 1145/10/1
f 1147/9/1 1148/9/1 1128/9/1
f 1128/9/1 1148/9/1 1149/9/1
f 1150/5/1 1151/5/1 1152/5/1
f 1152/5/1 1151/5/1 1131/5/1
f 1151/5/1 1153/5/1 1085/5/1
f 1085/5/1 1153/5/1 1087/5/1
f 1153/5/1 1154/5/1 1132/5/1
f 1132/5/1 1154/5/1 1133/5/1
f 1155/9/1 1156/9/1 1158/9/1
f 1158/9/1 1156/9/1 1157/9/1
f 1159/9/1 1160/9/1 1138/9/1
f 1138/9/1 1160/9/1 1139/9/1
f 1161/9/1 1162/9/1 1140/9/1
f 1140/9/1 1162/9/1 1141/9/1
f 1162/6/1 1163/6/1 1141/6/1
f 1141/6/1 1163/6/1 1142/6/1
f 1164/10/1 1165/10/1 1167/10/1
f 1167/10/1 1165/10/1 1166/10/1
f 1168/3/1 1169/3/1 1171/3/1
f 1171/3/1 1169/3/1 1170/3/1
f 1172/9/1 1173/9/1 1148/9/1
f 1148/9/1 1173/9/1 1155/9/1
f 1174/4/1 1175/4/1 1159/4/1
f 1159/4/1 1175/4/1 1160/4/1
f 1176/5/1 1177/5/1 1161/5/1
f 1161/5/1 1177/5/1 1162/5/1
f 1177/1/1 1178/1/1 1162/1/1
f 1162/1/1 1178/1/1 1163/1/1
f 1179/3/1 1180/3/1 1182/3/1
f 1182/3/1 1180/3/1 1181/3/1
f 1183/9/1 1184/9/1 1174/9/1
f 1174/9/1 1184/9/1 1175/9/1
f 1185/9/1 1186/9/1 1176/9/1
f 1176/9/1 1186/9/1 1177/9/1
f 1186/6/1 1187/6/1 1177/6/1
f 1177/6/1 1187/6/1 1178/6/1
f 1188/10/1 1189/10/1 1191/10/1
f 1191/10/1 1189/10/1 1190/10/1
f 1192/4/1 1193/4/1 1183/4/1
f 1183/4/1 1193/4/1 1184/4/1
f 1194/5/1 1195/5/1 1185/5/1
f 1185/5/1 1195/5/1 1186/5/1
f 1196/3/1 1197/3/1 1199/3/1
f 1199/3/1 1197/3/1 1198/3/1
f 1200/9/1 1201/9/1 1192/9/1
f 1192/9/1 1201/9/1 1193/9/1
f 1202/9/1 1203/9/1 1194/9/1
f 1194/9/1 1203/9/1 1195/9/1
f 1203/1/1 1204/1/1 1186/1/1
f 1186/1/1 1204/1/1 1187/1/1
f 1205/10/1 1206/10/1 1208/10/1
f 1208/10/1 1206/10/1 1207/10/1
f 1209/4/1 1210/4/1 1200/4/1
f 1200/4/1 1210/4/1 1201/4/1
f 1211/5/1 1212/5/1 1202/5/1
f 1202/5/1 1212/5/1 1203/5/1
f 1212/9/1 1213/9/1 1203/9/1
f 1203/9/1 1213/9/1 1204/9/1
f 1214/3/1 1215/3/1 1217/3/1
f 1217/3/1 1215/3/1 1216/3/1
f 1218/10/1 1219/10/1 1221/10/1
f 1221/10/1 1219/10/1 1220/10/1
f 1222/9/1 1223/9/1 1209/9/1
f 1209/9/1 1223/9/1 1210/9/1
f 1224/9/1 1225/9/1 1211/9/1
f 1211/9/1 1225/9/1 1212/9/1
f 1225/1/1 1226/1/1 1212/1/1
f 1212/1/1 1226/1/1 1213/1/1
f 1227/3/1 1228/3/1 1230/3/1
f 1230/3/1 1228/3/1 1229/3/1
f 1231/4/1 1232/4/1 1222/4/1
f 1222/4/1 1232/4/1 1223/4/1
f 1232/9/1 1233/9/1 2/9/1
f 2/9/1 1233/9/1 5/9/1
f 1233/5/1 1234/5/1 1224/5/1
f 1224/5/1 1234/5/1 1225/5/1
f 1234/9/1 1235/9/1 1225/9/1
f 1225/9/1 1235/9/1 1226/9/1
f 1236/10/1 1237/10/1 1239/10/1
f 1239/10/1 1237/10/1 1238/10/1
f 1237/10/1 1240/10/1 1242/10/1
f 1242/10/1 1240/10/1 1241/10/1
f 1240/10/1 1243/10/1 1245/10/1
f 1245/10/1 1243/10/1 1244/10/1
f 1243/10/1 1246/10/1 1248/10/1
f 1248/10/1 1246/10/1 1247/10/1
f 1246/10/1 1249/10/1 1251/10/1
f 1251/10/1 1249/10/1 1250/10/1
f 1249/10/1 1252/10/1 1254/10/1
f 1254/10/1 1252/10/1 1253/10/1
f 1252/10/1 1255/10/1 1257/10/1
f 1257/10/1 1255/10/1 1256/10/1
f 1255/10/1 1258/10/1 1260/10/1
f 1260/10/1 1258/10/1 1259/10/1
f 1258/10/1 1261/10/1 1263/10/1
f 1263/10/1 1261/10/1 1262/10/1
f 1261/10/1 1264/10/1 1266/10/1
f 1266/10/1 1264/10/1 1265/10/1
f 1264/10/1 1267/10/1 1268/10/1
f 1268/10/1 1267/10/1 418/10/1
f 1267/10/1 1269/10/1 1270/10/1
f 1270/10/1 1269/10/1 382/10/1
f 1269/10/1 1271/10/1 1273/10/1
f 1273/10/1 1271/10/1 1272/10/1
f 1271/10/1 1274/10/1 1276/10/1
f 1276/10/1 1274/10/1 1275/10/1
f 1274/10/1 1277/10/1 1279/10/1
f 1279/10/1 1277/10/1 1278/10/1
f 1277/10/1 1280/10/1 1281/10/1
f 1281/10/1 1280/10/1 438/10/1
f 1280/10/1 1282/10/1 1284/10/1
f 1284/10/1 1282/10/1 1283/10/1
f 1282/10/1 1285/10/1 1287/10/1
f 1287/10/1 1285/10/1 1286/10/1
f 1285/10/1 1288/10/1 1290/10/1
f 1290/10/1 1288/10/1 1289/10/1
f 1288/10/1 1291/10/1 1292/10/1
f 1292/10/1 1291/10/1 441/10/1
f 1291/10/1 1293/10/1 1295/10/1
f 1295/10/1 1293/10/1 1294/10/1
f 1293/10/1 1296/10/1 1297/10/1
f 1297/10/1 1296/10/1 440/10/1
f 1296/10/1 1298/10/1 1300/10/1
f 1300/10/1 1298/10/1 1299/10/1
f 1298/10/1 1301/10/1 1303/10/1
f 1303/10/1 1301/10/1 1302/10/1
f 1301/10/1 1304/10/1 1306/10/1
f 1306/10/1 1304/10/1 1305/10/1
f 1304/10/1 1307/10/1 1309/10/1
f 1309/10/1 1307/10/1 1308/10/1
f 1307/10/1 1310/10/1 1312/10/1
f 1312/10/1 1310/10/1 1311/10/1
f 1310/10/1 1313/10/1 1315/10/1
f 1315/10/1 1313/10/1 1314/10/1
f 1313/10/1 1316/10/1 1317/10/1
f 1317/10/1 1316/10/1 1115/10/1
f 1316/10/1 1318/10/1 1320/10/1
f 1320/10/1 1318/10/1 1319/10/1
f 1318/10/1 1321/10/1 1323/10/1
f 1323/10/1 1321/10/1 1322/10/1
f 1321/10/1 1324/10/1 1326/10/1
f 1326/10/1 1324/10/1 1325/10/1
f 1324/10/1 1327/10/1 1329/10/1
f 1329/10/1 1327/10/1 1328/10/1
f 1327/10/1 1330/10/1 1332/10/1
f 1332/10/1 1330/10/1 1331/10/1
f 1330/10/1 1333/10/1 1335/10/1
f 1335/10/1 1333/10/1 1334/10/1
f 1333/10/1 1336/10/1 1338/10/1
f 1338/10/1 1336/10/1 1337/10/1
f 1336/10/1 1339/10/1 1341/10/1
f 1341/10/1 1339/10/1 1340/10/1
f 1339/10/1 1342/10/1 1344/10/1
f 1344/10/1 1342/10/1 1343/10/1
f 1342/10/1 1345/10/1 1347/10/1
f 1347/10/1 1345/10/1 1346/10/1
f 1345/10/1 1348/10/1 1350/10/1
f 1350/10/1 1348/10/1 1349/10/1
f 1348/10/1 1351/10/1 1353/10/1
f 1353/10/1 1351/10/1 1352/10/1
f 1351/10/1 1354/10/1 1355/10/1
f 1355/10/1 1354/10/1 549/10/1
f 1354/10/1 1356/10/1 1358/10/1
f 1358/10/1 1356/10/1 1357/10/1
f 1356/10/1 1359/10/1 1361/10/1
f 1361/10/1 1359/10/1 1360/10/1
f 1359/10/1 1362/10/1 1364/10/1
f 1364/10/1 1362/10/1 1363/10/1
f 1362/10/1 1365/10/1 1367/10/1
f 1367/10/1 1365/10/1 1366/10/1
f 559/9/2 1368/9/2 558/9/2
f 558/9/2 1368/9/2 1369/9/2
f 556/9/2 1370/9/2 555/9/2
f 555/9/2 1370/9/2 559/9/2
f 562/9/2 558/9/2 561/9/2
f 561/9/2 558/9/2 1371/9/2
f 612/9/2 1372/9/2 553/9/2
f 553/9/2 1372/9/2 556/9/2
f 1373/9/2 1374/9/2 610/9/2
f 610/9/2 1374/9/2 612/9/2
f 1375/9/2 610/9/2 625/9/2
f 625/9/2 610/9/2 627/9/2
f 1376/9/2 625/9/2 1377/9/2
f 1377/9/2 625/9/2 626/9/2
f 1378/9/2 630/9/2 1379/9/2
f 1379/9/2 630/9/2 631/9/2
f 738/9/2 1380/9/2 737/9/2
f 737/9/2 1380/9/2 1381/9/2
f 760/9/2 1382/9/2 735/9/2
f 735/9/2 1382/9/2 738/9/2
f 736/9/2 737/9/2 764/9/2
f 764/9/2 737/9/2 1383/9/2
f 1384/9/2 1385/9/2 758/9/2
f 758/9/2 1385/9/2 760/9/2
f 763/9/2 764/9/2 786/9/2
f 786/9/2 764/9/2 1386/9/2
f 785/9/2 786/9/2 815/9/2
f 815/9/2 786/9/2 1387/9/2
f 871/9/2 1388/9/2 870/9/2
f 870/9/2 1388/9/2 1389/9/2
f 848/9/2 1390/9/2 847/9/2
f 847/9/2 1390/9/2 871/9/2
f 928/9/2 815/9/2 1392/9/2
f 1392/9/2 815/9/2 1391/9/2
f 1393/9/2 1394/9/2 940/9/2
f 940/9/2 1394/9/2 848/9/2
f 947/9/2 927/9/2 1395/9/2
f 1395/9/2 927/9/2 928/9/2
f 1396/9/2 940/9/2 959/9/2
f 959/9/2 940/9/2 941/9/2
f 963/9/2 946/9/2 1397/9/2
f 1397/9/2 946/9/2 947/9/2
f 1019/9/2 1398/9/2 1021/9/2
f 1021/9/2 1398/9/2 1399/9/2
f 1400/9/2 959/9/2 989/9/2
f 989/9/2 959/9/2 991/9/2
f 994/9/2 995/9/2 1401/9/2
f 1401/9/2 995/9/2 963/9/2
f 1086/9/2 1402/9/2 1016/9/2
f 1016/9/2 1402/9/2 1019/9/2
f 1020/9/2 1021/9/2 1070/9/2
f 1070/9/2 1021/9/2 1403/9/2
f 1404/9/2 989/9/2 1032/9/2
f 1032/9/2 989/9/2 1034/9/2
f 1041/9/2 993/9/2 1405/9/2
f 1405/9/2 993/9/2 994/9/2
f 1112/9/2 1406/9/2 1111/9/2
f 1111/9/2 1406/9/2 1086/9/2
f 1407/9/2 1032/9/2 1408/9/2
f 1408/9/2 1032/9/2 1041/9/2
f 1069/9/2 1070/9/2 1093/9/2
f 1093/9/2 1070/9/2 1409/9/2
f 1092/9/2 1093/9/2 1411/9/2
f 1411/9/2 1093/9/2 1410/9/2
f 1412/9/2 1413/9/2 1109/9/2
f 1109/9/2 1413/9/2 1112/9/2
f 1414/9/2 1109/9/2 1130/9/2
f 1130/9/2 1109/9/2 1110/9/2
f 1415/9/2 1130/9/2 1150/9/2
f 1150/9/2 1130/9/2 1152/9/2
f 1154/9/2 1133/9/2 1416/9/2
f 1416/9/2 1133/9/2 1135/9/2
f 1417/9/2 1150/9/2 1418/9/2
f 1418/9/2 1150/9/2 1154/9/2
f 1419/2/2 1420/2/2 1422/2/2
f 1422/2/2 1420/2/2 1421/2/2
f 53/4/3 52/4/3 193/4/3
f 193/4/3 52/4/3 1423/4/3
f 57/4/3 56/4/3 345/4/3
f 345/4/3 56/4/3 1299/4/3
f 61/4/3 60/4/3 1012/4/3
f 1012/4/3 60/4/3 1056/4/3
f 65/4/3 64/4/3 978/4/3
f 978/4/3 64/4/3 326/4/3
f 69/4/3 68/4/3 1025/4/3
f 1025/4/3 68/4/3 280/4/3
f 73/4/3 72/4/3 1320/4/3
f 1320/4/3 72/4/3 1074/4/3
f 77/4/3 76/4/3 806/4/3
f 806/4/3 76/4/3 823/4/3
f 81/4/3 80/4/3 834/4/3
f 834/4/3 80/4/3 830/4/3
f 85/4/3 84/4/3 703/4/3
f 703/4/3 84/4/3 730/4/3
f 89/4/3 88/4/3 709/4/3
f 709/4/3 88/4/3 705/4/3
f 93/4/3 92/4/3 715/4/3
f 715/4/3 92/4/3 711/4/3
f 97/4/3 96/4/3 742/4/3
f 742/4/3 96/4/3 717/4/3
f 101/4/3 100/4/3 790/4/3
f 790/4/3 100/4/3 767/4/3
f 105/4/3 104/4/3 1350/4/3
f 1350/4/3 104/4/3 1346/4/3
f 52/1/3 189/1/3 1423/1/3
f 1423/1/3 189/1/3 190/1/3
f 230/1/3 229/1/3 191/1/3
f 191/1/3 229/1/3 276/1/3
f 221/6/3 257/6/3 319/6/3
f 319/6/3 257/6/3 381/6/3
f 254/6/3 273/6/3 1270/6/3
f 1270/6/3 273/6/3 419/6/3
f 270/6/3 294/6/3 469/6/3
f 469/6/3 294/6/3 361/6/3
f 300/3/3 299/3/3 275/3/3
f 275/3/3 299/3/3 388/3/3
f 304/3/3 303/3/3 279/3/3
f 279/3/3 303/3/3 980/3/3
f 292/1/3 316/1/3 430/1/3
f 430/1/3 316/1/3 495/1/3
f 315/1/3 337/1/3 496/1/3
f 496/1/3 337/1/3 573/1/3
f 340/3/3 339/3/3 1281/3/3
f 1281/3/3 339/3/3 384/3/3
f 336/1/3 358/1/3 574/1/3
f 574/1/3 358/1/3 651/1/3
f 365/3/3 364/3/3 343/3/3
f 343/3/3 364/3/3 1302/3/3
f 357/1/3 374/1/3 652/1/3
f 652/1/3 374/1/3 1424/1/3
f 377/3/3 376/3/3 360/3/3
f 360/3/3 376/3/3 1259/3/3
f 374/6/3 397/6/3 1424/6/3
f 1424/6/3 397/6/3 545/6/3
f 400/3/3 399/3/3 472/3/3
f 472/3/3 399/3/3 1272/3/3
f 404/3/3 403/3/3 383/3/3
f 383/3/3 403/3/3 1278/3/3
f 396/9/3 416/9/3 546/9/3
f 546/9/3 416/9/3 1425/9/3
f 416/1/3 427/1/3 1425/1/3
f 1425/1/3 427/1/3 1426/1/3
f 427/6/3 448/6/3 1426/6/3
f 1426/6/3 448/6/3 1241/6/3
f 451/3/3 450/3/3 429/3/3
f 429/3/3 450/3/3 753/3/3
f 455/3/3 454/3/3 499/3/3
f 499/3/3 454/3/3 1283/3/3
f 459/3/3 458/3/3 1297/3/3
f 1297/3/3 458/3/3 1294/3/3
f 447/9/3 466/9/3 1242/9/3
f 1242/9/3 466/9/3 1427/9/3
f 466/1/3 478/1/3 1427/1/3
f 1427/1/3 478/1/3 1428/1/3
f 478/6/3 492/6/3 1428/6/3
f 1428/6/3 492/6/3 1238/6/3
f 491/9/3 504/9/3 1239/9/3
f 1239/9/3 504/9/3 1429/9/3
f 511/3/3 510/3/3 498/3/3
f 498/3/3 510/3/3 1286/3/3
f 504/1/3 525/1/3 1429/1/3
f 1429/1/3 525/1/3 1430/1/3
f 558/5/3 562/5/3 534/5/3
f 534/5/3 562/5/3 532/5/3
f 525/9/3 542/9/3 1430/9/3
f 1430/9/3 542/9/3 1431/9/3
f 561/6/3 560/6/3 533/6/3
f 533/6/3 560/6/3 1432/6/3
f 569/3/3 568/3/3 544/3/3
f 544/3/3 568/3/3 776/3/3
f 542/1/3 589/1/3 1431/1/3
f 1431/1/3 589/1/3 1433/1/3
f 592/3/3 591/3/3 572/3/3
f 572/3/3 591/3/3 1190/3/3
f 596/3/3 595/3/3 576/3/3
f 576/3/3 595/3/3 1262/3/3
f 589/6/3 606/6/3 1433/6/3
f 1433/6/3 606/6/3 1434/6/3
f 599/6/3 613/6/3 1364/6/3
f 1364/6/3 613/6/3 1435/6/3
f 606/1/3 621/1/3 1434/1/3
f 1434/1/3 621/1/3 1436/1/3
f 613/5/3 628/5/3 1435/5/3
f 1435/5/3 628/5/3 1360/5/3
f 616/6/3 631/6/3 1437/6/3
f 1437/6/3 631/6/3 1366/6/3
f 621/6/3 636/6/3 1436/6/3
f 1436/6/3 636/6/3 1438/6/3
f 636/1/3 648/1/3 1438/1/3
f 1438/1/3 648/1/3 1439/1/3
f 648/6/3 657/6/3 1439/6/3
f 1439/6/3 657/6/3 1440/6/3
f 660/3/3 659/3/3 650/3/3
f 650/3/3 659/3/3 684/3/3
f 657/1/3 666/1/3 1440/1/3
f 1440/1/3 666/1/3 1441/1/3
f 666/6/3 671/6/3 1441/6/3
f 1441/6/3 671/6/3 1442/6/3
f 671/1/3 676/1/3 1442/1/3
f 1442/1/3 676/1/3 1443/1/3
f 676/6/3 681/6/3 1443/6/3
f 1443/6/3 681/6/3 1444/6/3
f 681/1/3 690/1/3 1444/1/3
f 1444/1/3 690/1/3 1445/1/3
f 693/3/3 692/3/3 683/3/3
f 683/3/3 692/3/3 890/3/3
f 690/6/3 699/6/3 1445/6/3
f 1445/6/3 699/6/3 1446/6/3
f 699/1/3 727/1/3 1446/1/3
f 1446/1/3 727/1/3 1447/1/3
f 737/5/3 736/5/3 716/5/3
f 716/5/3 736/5/3 739/5/3
f 727/6/3 750/6/3 1447/6/3
f 1447/6/3 750/6/3 1448/6/3
f 764/5/3 763/5/3 740/5/3
f 740/5/3 763/5/3 765/5/3
f 786/5/3 785/5/3 766/5/3
f 766/5/3 785/5/3 787/5/3
f 750/1/3 798/1/3 1448/1/3
f 1448/1/3 798/1/3 1449/1/3
f 801/3/3 800/3/3 775/3/3
f 775/3/3 800/3/3 1007/3/3
f 815/5/3 814/5/3 788/5/3
f 788/5/3 814/5/3 1450/5/3
f 798/6/3 820/6/3 1449/6/3
f 1449/6/3 820/6/3 1451/6/3
f 870/5/3 874/5/3 804/5/3
f 804/5/3 874/5/3 828/5/3
f 814/6/3 842/6/3 1450/6/3
f 1450/6/3 842/6/3 1452/6/3
f 873/5/3 877/5/3 832/5/3
f 832/5/3 877/5/3 849/5/3
f 820/1/3 866/1/3 1451/1/3
f 1451/1/3 866/1/3 1453/1/3
f 866/6/3 887/6/3 1453/6/3
f 1453/6/3 887/6/3 1454/6/3
f 842/5/3 913/5/3 1452/5/3
f 1452/5/3 913/5/3 1455/5/3
f 887/1/3 918/1/3 1454/1/3
f 1454/1/3 918/1/3 1456/1/3
f 921/3/3 920/3/3 906/3/3
f 906/3/3 920/3/3 1145/3/3
f 913/6/3 928/6/3 1455/6/3
f 1455/6/3 928/6/3 1343/6/3
f 918/6/3 936/6/3 1456/6/3
f 1456/6/3 936/6/3 1457/6/3
f 927/5/3 947/5/3 1344/5/3
f 1344/5/3 947/5/3 1340/5/3
f 936/1/3 955/1/3 1457/1/3
f 1457/1/3 955/1/3 1458/1/3
f 946/5/3 963/5/3 1341/5/3
f 1341/5/3 963/5/3 1337/5/3
f 955/6/3 971/6/3 1458/6/3
f 1458/6/3 971/6/3 1459/6/3
f 995/5/3 994/5/3 1338/5/3
f 1338/5/3 994/5/3 1334/5/3
f 971/1/3 1004/1/3 1459/1/3
f 1459/1/3 1004/1/3 1460/1/3
f 1021/5/3 1020/5/3 979/5/3
f 979/5/3 1020/5/3 1022/5/3
f 993/5/3 1041/5/3 1335/5/3
f 1335/5/3 1041/5/3 1331/5/3
f 1004/6/3 1049/6/3 1460/6/3
f 1460/6/3 1049/6/3 1461/6/3
f 1052/3/3 1051/3/3 1006/3/3
f 1006/3/3 1051/3/3 1104/3/3
f 1049/1/3 1067/1/3 1461/1/3
f 1461/1/3 1067/1/3 1462/1/3
f 1070/5/3 1069/5/3 1023/5/3
f 1023/5/3 1069/5/3 1072/5/3
f 1067/6/3 1083/6/3 1462/6/3
f 1462/6/3 1083/6/3 1463/6/3
f 1068/6/3 1087/6/3 1090/6/3
f 1090/6/3 1087/6/3 1088/6/3
f 1093/5/3 1092/5/3 1073/5/3
f 1073/5/3 1092/5/3 1116/5/3
f 1083/1/3 1101/1/3 1463/1/3
f 1463/1/3 1101/1/3 1464/1/3
f 1134/6/3 1137/6/3 1117/6/3
f 1117/6/3 1137/6/3 1114/6/3
f 1101/6/3 1122/6/3 1464/6/3
f 1464/6/3 1122/6/3 1465/6/3
f 1136/5/3 1135/5/3 1317/5/3
f 1317/5/3 1135/5/3 1314/5/3
f 1122/1/3 1142/1/3 1465/1/3
f 1465/1/3 1142/1/3 1466/1/3
f 1133/5/3 1154/5/3 1315/5/3
f 1315/5/3 1154/5/3 1311/5/3
f 1142/6/3 1163/6/3 1466/6/3
f 1466/6/3 1163/6/3 1467/6/3
f 1170/3/3 1169/3/3 1144/3/3
f 1144/3/3 1169/3/3 1256/3/3
f 1163/1/3 1178/1/3 1467/1/3
f 1467/1/3 1178/1/3 1468/1/3
f 1181/3/3 1180/3/3 1165/3/3
f 1165/3/3 1180/3/3 1207/3/3
f 1178/6/3 1187/6/3 1468/6/3
f 1468/6/3 1187/6/3 1469/6/3
f 1198/3/3 1197/3/3 1189/3/3
f 1189/3/3 1197/3/3 1250/3/3
f 1187/1/3 1204/1/3 1469/1/3
f 1469/1/3 1204/1/3 1470/1/3
f 1204/9/3 1213/9/3 1470/9/3
f 1470/9/3 1213/9/3 1471/9/3
f 1216/3/3 1215/3/3 1206/3/3
f 1206/3/3 1215/3/3 1244/3/3
f 1213/1/3 1226/1/3 1471/1/3
f 1471/1/3 1226/1/3 1472/1/3
f 1226/9/3 1235/9/3 1472/9/3
f 1472/9/3 1235/9/3 1236/9/3
f 1473/3/3 1474/3/3 389/3/3
f 389/3/3 1474/3/3 437/3/3
f 1475/3/3 1476/3/3 325/3/3
f 325/3/3 1476/3/3 974/3/3
f 408/3/3 407/3/3 1292/3/3
f 1292/3/3 407/3/3 1289/3/3
f 433/3/3 432/3/3 1268/3/3
f 1268/3/3 432/3/3 1265/3/3
f 1477/3/3 1478/3/3 468/3/3
f 468/3/3 1478/3/3 577/3/3
f 485/3/3 484/3/3 471/3/3
f 471/3/3 484/3/3 1275/3/3
f 507/3/3 506/3/3 494/3/3
f 494/3/3 506/3/3 1220/3/3
f 515/9/3 514/9/3 1369/9/3
f 1369/9/3 514/9/3 558/9/3
f 513/9/3 530/9/3 559/9/3
f 559/9/3 530/9/3 555/9/3
f 537/9/3 536/9/3 1371/9/3
f 1371/9/3 536/9/3 561/9/3
f 529/9/3 551/9/3 556/9/3
f 556/9/3 551/9/3 553/9/3
f 550/9/3 608/9/3 612/9/3
f 612/9/3 608/9/3 610/9/3
f 624/9/3 623/9/3 627/9/3
f 627/9/3 623/9/3 625/9/3
f 639/9/3 638/9/3 626/9/3
f 626/9/3 638/9/3 1377/9/3
f 642/9/3 641/9/3 631/9/3
f 631/9/3 641/9/3 1379/9/3
f 721/9/3 720/9/3 1381/9/3
f 1381/9/3 720/9/3 737/9/3
f 719/9/3 733/9/3 738/9/3
f 738/9/3 733/9/3 735/9/3
f 745/9/3 744/9/3 1383/9/3
f 1383/9/3 744/9/3 764/9/3
f 732/9/3 756/9/3 760/9/3
f 760/9/3 756/9/3 758/9/3
f 771/9/3 770/9/3 1386/9/3
f 1386/9/3 770/9/3 786/9/3
f 780/3/3 779/3/3 752/3/3
f 752/3/3 779/3/3 907/3/3
f 793/9/3 792/9/3 1387/9/3
f 1387/9/3 792/9/3 815/9/3
f 809/9/3 808/9/3 1389/9/3
f 1389/9/3 808/9/3 870/9/3
f 807/9/3 826/9/3 871/9/3
f 871/9/3 826/9/3 847/9/3
f 931/9/3 930/9/3 1391/9/3
f 1391/9/3 930/9/3 1392/9/3
f 825/9/3 938/9/3 848/9/3
f 848/9/3 938/9/3 940/9/3
f 929/9/3 949/9/3 928/9/3
f 928/9/3 949/9/3 1395/9/3
f 958/9/3 957/9/3 941/9/3
f 941/9/3 957/9/3 959/9/3
f 948/9/3 965/9/3 947/9/3
f 947/9/3 965/9/3 1397/9/3
f 984/9/3 983/9/3 1399/9/3
f 1399/9/3 983/9/3 1021/9/3
f 988/9/3 987/9/3 991/9/3
f 991/9/3 987/9/3 989/9/3
f 964/9/3 998/9/3 963/9/3
f 963/9/3 998/9/3 1401/9/3
f 982/9/3 1014/9/3 1019/9/3
f 1019/9/3 1014/9/3 1016/9/3
f 1028/9/3 1027/9/3 1403/9/3
f 1403/9/3 1027/9/3 1070/9/3
f 1031/9/3 1030/9/3 1034/9/3
f 1034/9/3 1030/9/3 1032/9/3
f 997/9/3 1043/9/3 994/9/3
f 994/9/3 1043/9/3 1405/9/3
f 1013/9/3 1059/9/3 1086/9/3
f 1086/9/3 1059/9/3 1111/9/3
f 1042/9/3 1062/9/3 1041/9/3
f 1041/9/3 1062/9/3 1408/9/3
f 1078/9/3 1077/9/3 1409/9/3
f 1409/9/3 1077/9/3 1093/9/3
f 1096/9/3 1095/9/3 1410/9/3
f 1410/9/3 1095/9/3 1411/9/3
f 1058/9/3 1107/9/3 1112/9/3
f 1112/9/3 1107/9/3 1109/9/3
f 1125/3/3 1124/3/3 1103/3/3
f 1103/3/3 1124/3/3 1166/3/3
f 1129/9/3 1128/9/3 1110/9/3
f 1110/9/3 1128/9/3 1130/9/3
f 1149/9/3 1148/9/3 1152/9/3
f 1152/9/3 1148/9/3 1150/9/3
f 1157/9/3 1156/9/3 1135/9/3
f 1135/9/3 1156/9/3 1416/9/3
f 1155/9/3 1173/9/3 1154/9/3
f 1154/9/3 1173/9/3 1418/9/3
f 1229/3/3 1228/3/3 1219/3/3
f 1219/3/3 1228/3/3 1253/3/3
f 1479/3/3 1480/3/3 889/3/3
f 889/3/3 1480/3/3 1247/3/3
f 322/1/3 321/1/3 1473/1/3
f 1473/1/3 321/1/3 1474/1/3
f 348/1/3 347/1/3 1475/1/3
f 1475/1/3 347/1/3 1476/1/3
f 481/1/3 480/1/3 1477/1/3
f 1477/1/3 480/1/3 1478/1/3
f 903/1/3 902/1/3 1479/1/3
f 1479/1/3 902/1/3 1480/1/3
f 1481/2/4 1420/2/4 1482/2/4
f 1482/2/4 1420/2/4 1419/2/4
f 1483/7/4 1481/7/4 1484/7/4
f 1484/7/4 1481/7/4 1482/7/4
f 1485/2/4 1483/2/4 1486/2/4
f 1486/2/4 1483/2/4 1484/2/4
f 1487/7/4 1485/7/4 1488/7/4
f 1488/7/4 1485/7/4 1486/7/4
f 1489/2/4 1487/2/4 1490/2/4
f 1490/2/4 1487/2/4 1488/2/4
f 1491/5/4 1489/5/4 1492/5/4
f 1492/5/4 1489/5/4 1490/5/4
f 1493/2/4 1491/2/4 1494/2/4
f 1494/2/4 1491/2/4 1492/2/4
f 1495/5/4 1493/5/4 1496/5/4
f 1496/5/4 1493/5/4 1494/5/4
f 1497/2/4 1495/2/4 1498/2/4
f 1498/2/4 1495/2/4 1496/2/4
f 1499/8/4 1497/8/4 1500/8/4
f 1500/8/4 1497/8/4 1498/8/4
f 4/9/4 1499/9/4 1/9/4
f 1/9/4 1499/9/4 1501/9/4
f 58/4/4 192/4/4 55/4/4
f 55/4/4 192/4/4 1300/4/4
f 62/4/4 344/4/4 59/4/4
f 59/4/4 344/4/4 1057/4/4
f 66/4/4 1011/4/4 63/4/4
f 63/4/4 1011/4/4 327/4/4
f 70/4/4 977/4/4 67/4/4
f 67/4/4 977/4/4 281/4/4
f 74/4/4 1024/4/4 71/4/4
f 71/4/4 1024/4/4 1075/4/4
f 78/4/4 1319/4/4 75/4/4
f 75/4/4 1319/4/4 824/4/4
f 82/4/4 805/4/4 79/4/4
f 79/4/4 805/4/4 831/4/4
f 86/4/4 833/4/4 83/4/4
f 83/4/4 833/4/4 731/4/4
f 90/4/4 702/4/4 87/4/4
f 87/4/4 702/4/4 706/4/4
f 94/4/4 708/4/4 91/4/4
f 91/4/4 708/4/4 712/4/4
f 98/4/4 714/4/4 95/4/4
f 95/4/4 714/4/4 718/4/4
f 102/4/4 741/4/4 99/4/4
f 99/4/4 741/4/4 768/4/4
f 106/4/4 789/4/4 103/4/4
f 103/4/4 789/4/4 1347/4/4
f 110/4/4 1349/4/4 107/4/4
f 107/4/4 1349/4/4 1502/4/4
f 1/4/4 1501/4/4 127/4/4
f 127/4/4 1501/4/4 1503/4/4
f 107/1/4 1502/1/4 153/1/4
f 153/1/4 1502/1/4 1353/1/4
f 127/9/4 1503/9/4 163/9/4
f 163/9/4 1503/9/4 1504/9/4
f 154/1/4 1352/1/4 194/1/4
f 194/1/4 1352/1/4 1505/1/4
f 163/4/4 1504/4/4 203/4/4
f 203/4/4 1504/4/4 1506/4/4
f 194/6/4 1505/6/4 231/6/4
f 231/6/4 1505/6/4 1355/6/4
f 203/9/4 1506/9/4 239/9/4
f 239/9/4 1506/9/4 1507/9/4
f 239/4/4 1507/4/4 258/4/4
f 258/4/4 1507/4/4 1508/4/4
f 258/9/4 1508/9/4 282/9/4
f 282/9/4 1508/9/4 1509/9/4
f 301/3/4 274/3/4 298/3/4
f 298/3/4 274/3/4 296/3/4
f 305/3/4 278/3/4 302/3/4
f 302/3/4 278/3/4 981/3/4
f 282/4/4 1509/4/4 306/4/4
f 306/4/4 1509/4/4 1510/4/4
f 306/9/4 1510/9/4 328/9/4
f 328/9/4 1510/9/4 1511/9/4
f 341/3/4 317/3/4 338/3/4
f 338/3/4 317/3/4 385/3/4
f 328/4/4 1511/4/4 350/4/4
f 350/4/4 1511/4/4 1512/4/4
f 366/3/4 342/3/4 363/3/4
f 363/3/4 342/3/4 1303/3/4
f 350/9/4 1512/9/4 367/9/4
f 367/9/4 1512/9/4 1513/9/4
f 378/3/4 359/3/4 375/3/4
f 375/3/4 359/3/4 1260/3/4
f 367/4/4 1513/4/4 390/4/4
f 390/4/4 1513/4/4 1514/4/4
f 401/3/4 379/3/4 398/3/4
f 398/3/4 379/3/4 1273/3/4
f 405/3/4 380/3/4 402/3/4
f 402/3/4 380/3/4 1279/3/4
f 390/9/4 1514/9/4 410/9/4
f 410/9/4 1514/9/4 1515/9/4
f 410/4/4 1515/4/4 421/4/4
f 421/4/4 1515/4/4 1516/4/4
f 421/9/4 1516/9/4 442/9/4
f 442/9/4 1516/9/4 1517/9/4
f 452/3/4 428/3/4 449/3/4
f 449/3/4 428/3/4 754/3/4
f 456/3/4 435/3/4 453/3/4
f 453/3/4 435/3/4 1284/3/4
f 460/3/4 439/3/4 457/3/4
f 457/3/4 439/3/4 1295/3/4
f 442/4/4 1517/4/4 461/4/4
f 461/4/4 1517/4/4 1518/4/4
f 461/9/4 1518/9/4 473/9/4
f 473/9/4 1518/9/4 1519/9/4
f 473/4/4 1519/4/4 487/4/4
f 487/4/4 1519/4/4 1520/4/4
f 487/9/4 1520/9/4 500/9/4
f 500/9/4 1520/9/4 1521/9/4
f 512/3/4 497/3/4 509/3/4
f 509/3/4 497/3/4 1287/3/4
f 500/4/4 1521/4/4 521/4/4
f 521/4/4 1521/4/4 1522/4/4
f 559/5/4 517/5/4 555/5/4
f 555/5/4 517/5/4 527/5/4
f 521/9/4 1522/9/4 538/9/4
f 538/9/4 1522/9/4 1523/9/4
f 556/6/4 526/6/4 553/6/4
f 553/6/4 526/6/4 548/6/4
f 538/4/4 1523/4/4 563/4/4
f 563/4/4 1523/4/4 1524/4/4
f 570/3/4 543/3/4 567/3/4
f 567/3/4 543/3/4 777/3/4
f 563/9/4 1524/9/4 585/9/4
f 585/9/4 1524/9/4 1525/9/4
f 593/3/4 571/3/4 590/3/4
f 590/3/4 571/3/4 1191/3/4
f 597/3/4 575/3/4 594/3/4
f 594/3/4 575/3/4 1263/3/4
f 585/4/4 1525/4/4 602/4/4
f 602/4/4 1525/4/4 1526/4/4
f 612/5/4 547/5/4 610/5/4
f 610/5/4 547/5/4 1358/5/4
f 600/6/4 1363/6/4 614/6/4
f 614/6/4 1363/6/4 1527/6/4
f 602/9/4 1526/9/4 617/9/4
f 617/9/4 1526/9/4 1528/9/4
f 627/6/4 1357/6/4 625/6/4
f 625/6/4 1357/6/4 1361/6/4
f 614/5/4 1527/5/4 629/5/4
f 629/5/4 1527/5/4 1367/5/4
f 617/4/4 1528/4/4 632/4/4
f 632/4/4 1528/4/4 1529/4/4
f 632/9/4 1529/9/4 644/9/4
f 644/9/4 1529/9/4 1530/9/4
f 644/4/4 1530/4/4 653/4/4
f 653/4/4 1530/4/4 1531/4/4
f 661/3/4 649/3/4 658/3/4
f 658/3/4 649/3/4 685/3/4
f 653/9/4 1531/9/4 662/9/4
f 662/9/4 1531/9/4 1532/9/4
f 662/4/4 1532/4/4 667/4/4
f 667/4/4 1532/4/4 1533/4/4
f 667/9/4 1533/9/4 672/9/4
f 672/9/4 1533/9/4 1534/9/4
f 672/4/4 1534/4/4 677/4/4
f 677/4/4 1534/4/4 1535/4/4
f 677/9/4 1535/9/4 686/9/4
f 686/9/4 1535/9/4 1536/9/4
f 694/3/4 682/3/4 691/3/4
f 691/3/4 682/3/4 891/3/4
f 686/4/4 1536/4/4 695/4/4
f 695/4/4 1536/4/4 1537/4/4
f 695/9/4 1537/9/4 723/9/4
f 723/9/4 1537/9/4 1538/9/4
f 738/5/4 700/5/4 735/5/4
f 735/5/4 700/5/4 729/5/4
f 723/4/4 1538/4/4 746/4/4
f 746/4/4 1538/4/4 1539/4/4
f 760/5/4 728/5/4 758/5/4
f 758/5/4 728/5/4 852/5/4
f 746/9/4 1539/9/4 772/9/4
f 772/9/4 1539/9/4 1540/9/4
f 772/4/4 1540/4/4 794/4/4
f 794/4/4 1540/4/4 1541/4/4
f 802/3/4 774/3/4 799/3/4
f 799/3/4 774/3/4 1008/3/4
f 759/5/4 851/5/4 811/5/4
f 811/5/4 851/5/4 855/5/4
f 794/9/4 1541/9/4 816/9/4
f 816/9/4 1541/9/4 1542/9/4
f 871/5/4 803/5/4 847/5/4
f 847/5/4 803/5/4 822/5/4
f 812/5/4 854/5/4 835/5/4
f 835/5/4 854/5/4 1543/5/4
f 816/4/4 1542/4/4 843/4/4
f 843/4/4 1542/4/4 1544/4/4
f 848/5/4 821/5/4 845/5/4
f 845/5/4 821/5/4 1545/5/4
f 835/6/4 1543/6/4 879/6/4
f 879/6/4 1543/6/4 853/6/4
f 843/9/4 1544/9/4 862/9/4
f 862/9/4 1544/9/4 1546/9/4
f 845/6/4 1545/6/4 867/6/4
f 867/6/4 1545/6/4 1547/6/4
f 862/4/4 1546/4/4 883/4/4
f 883/4/4 1546/4/4 1548/4/4
f 867/5/4 1547/5/4 892/5/4
f 892/5/4 1547/5/4 1549/5/4
f 883/9/4 1548/9/4 899/9/4
f 899/9/4 1548/9/4 1550/9/4
f 892/6/4 1549/6/4 909/6/4
f 909/6/4 1549/6/4 1551/6/4
f 899/4/4 1550/4/4 914/4/4
f 914/4/4 1550/4/4 1552/4/4
f 922/3/4 905/3/4 919/3/4
f 919/3/4 905/3/4 1146/3/4
f 914/9/4 1552/9/4 932/9/4
f 932/9/4 1552/9/4 1553/9/4
f 909/5/4 1551/5/4 940/5/4
f 940/5/4 1551/5/4 1323/5/4
f 932/4/4 1553/4/4 951/4/4
f 951/4/4 1553/4/4 1554/4/4
f 941/5/4 1322/5/4 959/5/4
f 959/5/4 1322/5/4 1326/5/4
f 951/9/4 1554/9/4 967/9/4
f 967/9/4 1554/9/4 1555/9/4
f 991/5/4 1325/5/4 989/5/4
f 989/5/4 1325/5/4 1329/5/4
f 967/4/4 1555/4/4 1000/4/4
f 1000/4/4 1555/4/4 1556/4/4
f 1019/6/4 972/6/4 1016/6/4
f 1016/6/4 972/6/4 1010/6/4
f 1034/6/4 1328/6/4 1032/6/4
f 1032/6/4 1328/6/4 1332/6/4
f 1000/9/4 1556/9/4 1045/9/4
f 1045/9/4 1556/9/4 1557/9/4
f 1053/3/4 1005/3/4 1050/3/4
f 1050/3/4 1005/3/4 1105/3/4
f 1086/5/4 1009/5/4 1111/5/4
f 1111/5/4 1009/5/4 1055/5/4
f 1045/4/4 1557/4/4 1063/4/4
f 1063/4/4 1557/4/4 1558/4/4
f 1063/9/4 1558/9/4 1079/9/4
f 1079/9/4 1558/9/4 1559/9/4
f 1069/5/4 1072/5/4 1091/5/4
f 1091/5/4 1072/5/4 1089/5/4
f 1079/4/4 1559/4/4 1097/4/4
f 1097/4/4 1559/4/4 1560/4/4
f 1112/5/4 1054/5/4 1109/5/4
f 1109/5/4 1054/5/4 1306/5/4
f 1097/9/4 1560/9/4 1118/9/4
f 1118/9/4 1560/9/4 1561/9/4
f 1110/5/4 1305/5/4 1130/5/4
f 1130/5/4 1305/5/4 1309/5/4
f 1118/4/4 1561/4/4 1138/4/4
f 1138/4/4 1561/4/4 1562/4/4
f 1152/5/4 1308/5/4 1150/5/4
f 1150/5/4 1308/5/4 1312/5/4
f 1138/9/4 1562/9/4 1159/9/4
f 1159/9/4 1562/9/4 1563/9/4
f 1171/3/4 1143/3/4 1168/3/4
f 1168/3/4 1143/3/4 1257/3/4
f 1159/4/4 1563/4/4 1174/4/4
f 1174/4/4 1563/4/4 1564/4/4
f 1182/3/4 1164/3/4 1179/3/4
f 1179/3/4 1164/3/4 1208/3/4
f 1174/9/4 1564/9/4 1183/9/4
f 1183/9/4 1564/9/4 1565/9/4
f 1183/4/4 1565/4/4 1192/4/4
f 1192/4/4 1565/4/4 1566/4/4
f 1199/3/4 1188/3/4 1196/3/4
f 1196/3/4 1188/3/4 1251/3/4
f 1192/9/4 1566/9/4 1200/9/4
f 1200/9/4 1566/9/4 1567/9/4
f 1200/4/4 1567/4/4 1209/4/4
f 1209/4/4 1567/4/4 1568/4/4
f 1217/3/4 1205/3/4 1214/3/4
f 1214/3/4 1205/3/4 1245/3/4
f 1209/9/4 1568/9/4 1222/9/4
f 1222/9/4 1568/9/4 1569/9/4
f 1222/4/4 1569/4/4 1231/4/4
f 1231/4/4 1569/4/4 1500/4/4
f 1570/3/4 295/3/4 1571/3/4
f 1571/3/4 295/3/4 318/3/4
f 1572/3/4 324/3/4 1573/3/4
f 1573/3/4 324/3/4 975/3/4
f 409/3/4 386/3/4 406/3/4
f 406/3/4 386/3/4 1290/3/4
f 434/3/4 417/3/4 431/3/4
f 431/3/4 417/3/4 1266/3/4
f 1574/3/4 467/3/4 1575/3/4
f 1575/3/4 467/3/4 578/3/4
f 486/3/4 470/3/4 483/3/4
f 483/3/4 470/3/4 1276/3/4
f 508/3/4 493/3/4 505/3/4
f 505/3/4 493/3/4 1221/3/4
f 516/9/4 1368/9/4 513/9/4
f 513/9/4 1368/9/4 559/9/4
f 531/9/4 1370/9/4 529/9/4
f 529/9/4 1370/9/4 556/9/4
f 514/9/4 558/9/4 535/9/4
f 535/9/4 558/9/4 562/9/4
f 552/9/4 1372/9/4 550/9/4
f 550/9/4 1372/9/4 612/9/4
f 609/9/4 1374/9/4 607/9/4
f 607/9/4 1374/9/4 1373/9/4
f 608/9/4 610/9/4 622/9/4
f 622/9/4 610/9/4 1375/9/4
f 623/9/4 625/9/4 637/9/4
f 637/9/4 625/9/4 1376/9/4
f 643/9/4 630/9/4 640/9/4
f 640/9/4 630/9/4 1378/9/4
f 722/9/4 1380/9/4 719/9/4
f 719/9/4 1380/9/4 738/9/4
f 734/9/4 1382/9/4 732/9/4
f 732/9/4 1382/9/4 760/9/4
f 720/9/4 737/9/4 743/9/4
f 743/9/4 737/9/4 736/9/4
f 757/9/4 1385/9/4 755/9/4
f 755/9/4 1385/9/4 1384/9/4
f 744/9/4 764/9/4 769/9/4
f 769/9/4 764/9/4 763/9/4
f 781/3/4 751/3/4 778/3/4
f 778/3/4 751/3/4 908/3/4
f 770/9/4 786/9/4 791/9/4
f 791/9/4 786/9/4 785/9/4
f 810/9/4 1388/9/4 807/9/4
f 807/9/4 1388/9/4 871/9/4
f 827/9/4 1390/9/4 825/9/4
f 825/9/4 1390/9/4 848/9/4
f 792/9/4 815/9/4 929/9/4
f 929/9/4 815/9/4 928/9/4
f 939/9/4 1394/9/4 937/9/4
f 937/9/4 1394/9/4 1393/9/4
f 950/9/4 927/9/4 948/9/4
f 948/9/4 927/9/4 947/9/4
f 938/9/4 940/9/4 956/9/4
f 956/9/4 940/9/4 1396/9/4
f 966/9/4 946/9/4 964/9/4
f 964/9/4 946/9/4 963/9/4
f 985/9/4 1398/9/4 982/9/4
f 982/9/4 1398/9/4 1019/9/4
f 957/9/4 959/9/4 986/9/4
f 986/9/4 959/9/4 1400/9/4
f 999/9/4 995/9/4 997/9/4
f 997/9/4 995/9/4 994/9/4
f 1015/9/4 1402/9/4 1013/9/4
f 1013/9/4 1402/9/4 1086/9/4
f 983/9/4 1021/9/4 1026/9/4
f 1026/9/4 1021/9/4 1020/9/4
f 987/9/4 989/9/4 1029/9/4
f 1029/9/4 989/9/4 1404/9/4
f 1044/9/4 993/9/4 1042/9/4
f 1042/9/4 993/9/4 1041/9/4
f 1060/9/4 1406/9/4 1058/9/4
f 1058/9/4 1406/9/4 1112/9/4
f 1030/9/4 1032/9/4 1061/9/4
f 1061/9/4 1032/9/4 1407/9/4
f 1027/9/4 1070/9/4 1076/9/4
f 1076/9/4 1070/9/4 1069/9/4
f 1077/9/4 1093/9/4 1094/9/4
f 1094/9/4 1093/9/4 1092/9/4
f 1108/9/4 1413/9/4 1106/9/4
f 1106/9/4 1413/9/4 1412/9/4
f 1126/3/4 1102/3/4 1123/3/4
f 1123/3/4 1102/3/4 1167/3/4
f 1107/9/4 1109/9/4 1127/9/4
f 1127/9/4 1109/9/4 1414/9/4
f 1128/9/4 1130/9/4 1147/9/4
f 1147/9/4 1130/9/4 1415/9/4
f 1158/9/4 1133/9/4 1155/9/4
f 1155/9/4 1133/9/4 1154/9/4
f 1148/9/4 1150/9/4 1172/9/4
f 1172/9/4 1150/9/4 1417/9/4
f 1230/3/4 1218/3/4 1227/3/4
f 1227/3/4 1218/3/4 1254/3/4
f 1576/3/4 888/3/4 1577/3/4
f 1577/3/4 888/3/4 1248/3/4
f 323/1/4 1570/1/4 320/1/4
f 320/1/4 1570/1/4 1571/1/4
f 349/1/4 1572/1/4 346/1/4
f 346/1/4 1572/1/4 1573/1/4
f 482/1/4 1574/1/4 479/1/4
f 479/1/4 1574/1/4 1575/1/4
f 904/1/4 1576/1/4 901/1/4
f 901/1/4 1576/1/4 1577/1/4
f 1238/6/5 492/6/5 1239/6/5
f 1239/6/5 492/6/5 491/6/5
f 1241/6/5 448/6/5 1242/6/5
f 1242/6/5 448/6/5 447/6/5
f 545/6/5 397/6/5 546/6/5
f 546/6/5 397/6/5 396/6/5
f 776/3/5 568/3/5 777/3/5
f 777/3/5 568/3/5 567/3/5
f 1007/3/5 800/3/5 1008/3/5
f 1008/3/5 800/3/5 799/3/5
f 1104/3/5 1051/3/5 1105/3/5
f 1105/3/5 1051/3/5 1050/3/5
f 1207/3/5 1180/3/5 1208/3/5
f 1208/3/5 1180/3/5 1179/3/5
f 1244/3/5 1215/3/5 1245/3/5
f 1245/3/5 1215/3/5 1214/3/5
f 1166/3/5 1124/3/5 1167/3/5
f 1167/3/5 1124/3/5 1123/3/5
f 651/1/5 358/1/5 652/1/5
f 652/1/5 358/1/5 357/1/5
f 684/3/5 659/3/5 685/3/5
f 685/3/5 659/3/5 658/3/5
f 890/3/5 692/3/5 891/3/5
f 891/3/5 692/3/5 691/3/5
f 1247/3/5 1480/3/5 1248/3/5
f 1248/3/5 1480/3/5 1577/3/5
f 1480/1/5 902/1/5 1577/1/5
f 1577/1/5 902/1/5 901/1/5
f 573/1/5 337/1/5 574/1/5
f 574/1/5 337/1/5 336/1/5
f 1190/3/5 591/3/5 1191/3/5
f 1191/3/5 591/3/5 590/3/5
f 1250/3/5 1197/3/5 1251/3/5
f 1251/3/5 1197/3/5 1196/3/5
f 495/1/5 316/1/5 496/1/5
f 496/1/5 316/1/5 315/1/5
f 1220/3/5 506/3/5 1221/3/5
f 1221/3/5 506/3/5 505/3/5
f 1253/3/5 1228/3/5 1254/3/5
f 1254/3/5 1228/3/5 1227/3/5
f 362/1/5 293/1/5 430/1/5
f 430/1/5 293/1/5 292/1/5
f 753/3/5 450/3/5 754/3/5
f 754/3/5 450/3/5 449/3/5
f 1145/3/5 920/3/5 1146/3/5
f 1146/3/5 920/3/5 919/3/5
f 1256/3/5 1169/3/5 1257/3/5
f 1257/3/5 1169/3/5 1168/3/5
f 907/3/5 779/3/5 908/3/5
f 908/3/5 779/3/5 778/3/5
f 361/6/5 294/6/5 362/6/5
f 362/6/5 294/6/5 293/6/5
f 1259/3/5 376/3/5 1260/3/5
f 1260/3/5 376/3/5 375/3/5
f 420/9/5 271/9/5 469/9/5
f 469/9/5 271/9/5 270/9/5
f 1262/3/5 595/3/5 1263/3/5
f 1263/3/5 595/3/5 594/3/5
f 577/3/5 1478/3/5 578/3/5
f 578/3/5 1478/3/5 1575/3/5
f 1478/1/5 480/1/5 1575/1/5
f 1575/1/5 480/1/5 479/1/5
f 1578/1/5 272/1/5 420/1/5
f 420/1/5 272/1/5 271/1/5
f 1265/3/5 432/3/5 1266/3/5
f 1266/3/5 432/3/5 431/3/5
f 419/6/5 273/6/5 1578/6/5
f 1578/6/5 273/6/5 272/6/5
f 382/9/5 255/9/5 1270/9/5
f 1270/9/5 255/9/5 254/9/5
f 1579/1/5 256/1/5 382/1/5
f 382/1/5 256/1/5 255/1/5
f 1272/3/5 399/3/5 1273/3/5
f 1273/3/5 399/3/5 398/3/5
f 381/6/5 257/6/5 1579/6/5
f 1579/6/5 257/6/5 256/6/5
f 1275/3/5 484/3/5 1276/3/5
f 1276/3/5 484/3/5 483/3/5
f 1580/9/5 222/9/5 319/9/5
f 319/9/5 222/9/5 221/9/5
f 384/3/5 339/3/5 385/3/5
f 385/3/5 339/3/5 338/3/5
f 1278/3/5 403/3/5 1279/3/5
f 1279/3/5 403/3/5 402/3/5
f 1581/1/5 223/1/5 1580/1/5
f 1580/1/5 223/1/5 222/1/5
f 297/9/5 224/9/5 1581/9/5
f 1581/9/5 224/9/5 223/9/5
f 1283/3/5 454/3/5 1284/3/5
f 1284/3/5 454/3/5 453/3/5
f 1286/3/5 510/3/5 1287/3/5
f 1287/3/5 510/3/5 509/3/5
f 437/3/5 1474/3/5 318/3/5
f 318/3/5 1474/3/5 1571/3/5
f 1474/1/5 321/1/5 1571/1/5
f 1571/1/5 321/1/5 320/1/5
f 1582/1/5 225/1/5 297/1/5
f 297/1/5 225/1/5 224/1/5
f 1289/3/5 407/3/5 1290/3/5
f 1290/3/5 407/3/5 406/3/5
f 1583/6/5 226/6/5 1582/6/5
f 1582/6/5 226/6/5 225/6/5
f 1584/1/5 227/1/5 1583/1/5
f 1583/1/5 227/1/5 226/1/5
f 277/6/5 228/6/5 1584/6/5
f 1584/6/5 228/6/5 227/6/5
f 1294/3/5 458/3/5 1295/3/5
f 1295/3/5 458/3/5 457/3/5
f 276/1/5 229/1/5 277/1/5
f 277/1/5 229/1/5 228/1/5
f 388/3/5 299/3/5 296/3/5
f 296/3/5 299/3/5 298/3/5
f 1299/4/5 56/4/5 1300/4/5
f 1300/4/5 56/4/5 55/4/5
f 1302/3/5 364/3/5 1303/3/5
f 1303/3/5 364/3/5 363/3/5
f 1109/9/5 1107/9/5 1412/9/5
f 1412/9/5 1107/9/5 1106/9/5
f 1056/4/5 60/4/5 1057/4/5
f 1057/4/5 60/4/5 59/4/5
f 1305/5/5 1110/5/5 1306/5/5
f 1306/5/5 1110/5/5 1109/5/5
f 1111/9/5 1059/9/5 1112/9/5
f 1112/9/5 1059/9/5 1058/9/5
f 1130/9/5 1128/9/5 1414/9/5
f 1414/9/5 1128/9/5 1127/9/5
f 1308/5/5 1152/5/5 1309/5/5
f 1309/5/5 1152/5/5 1130/5/5
f 1016/9/5 1014/9/5 1086/9/5
f 1086/9/5 1014/9/5 1013/9/5
f 1150/9/5 1148/9/5 1415/9/5
f 1415/9/5 1148/9/5 1147/9/5
f 326/4/5 64/4/5 327/4/5
f 327/4/5 64/4/5 63/4/5
f 974/3/5 1476/3/5 975/3/5
f 975/3/5 1476/3/5 1573/3/5
f 1476/1/5 347/1/5 1573/1/5
f 1573/1/5 347/1/5 346/1/5
f 280/4/5 68/4/5 281/4/5
f 281/4/5 68/4/5 67/4/5
f 980/3/5 303/3/5 981/3/5
f 981/3/5 303/3/5 302/3/5
f 1311/5/5 1154/5/5 1312/5/5
f 1312/5/5 1154/5/5 1150/5/5
f 1021/9/5 983/9/5 1019/9/5
f 1019/9/5 983/9/5 982/9/5
f 1418/9/5 1173/9/5 1417/9/5
f 1417/9/5 1173/9/5 1172/9/5
f 1072/5/5 1069/5/5 1090/5/5
f 1090/5/5 1069/5/5 1068/5/5
f 1314/5/5 1135/5/5 1315/5/5
f 1315/5/5 1135/5/5 1133/5/5
f 1070/9/5 1027/9/5 1020/9/5
f 1020/9/5 1027/9/5 1026/9/5
f 1416/9/5 1156/9/5 1154/9/5
f 1154/9/5 1156/9/5 1155/9/5
f 1074/4/5 72/4/5 1075/4/5
f 1075/4/5 72/4/5 71/4/5
f 1116/5/5 1092/5/5 1089/5/5
f 1089/5/5 1092/5/5 1091/5/5
f 1093/9/5 1077/9/5 1069/9/5
f 1069/9/5 1077/9/5 1076/9/5
f 940/9/5 938/9/5 1393/9/5
f 1393/9/5 938/9/5 937/9/5
f 1411/9/5 1095/9/5 1092/9/5
f 1092/9/5 1095/9/5 1094/9/5
f 823/4/5 76/4/5 824/4/5
f 824/4/5 76/4/5 75/4/5
f 1322/5/5 941/5/5 1323/5/5
f 1323/5/5 941/5/5 940/5/5
f 847/9/5 826/9/5 848/9/5
f 848/9/5 826/9/5 825/9/5
f 959/9/5 957/9/5 1396/9/5
f 1396/9/5 957/9/5 956/9/5
f 1325/5/5 991/5/5 1326/5/5
f 1326/5/5 991/5/5 959/5/5
f 870/9/5 808/9/5 871/9/5
f 871/9/5 808/9/5 807/9/5
f 989/9/5 987/9/5 1400/9/5
f 1400/9/5 987/9/5 986/9/5
f 830/4/5 80/4/5 831/4/5
f 831/4/5 80/4/5 79/4/5
f 1328/5/5 1034/5/5 1329/5/5
f 1329/5/5 1034/5/5 989/5/5
f 1032/9/5 1030/9/5 1404/9/5
f 1404/9/5 1030/9/5 1029/9/5
f 1585/6/5 1033/6/5 1332/6/5
f 1332/6/5 1033/6/5 1032/6/5
f 758/9/5 756/9/5 1384/9/5
f 1384/9/5 756/9/5 755/9/5
f 730/4/5 84/4/5 731/4/5
f 731/4/5 84/4/5 83/4/5
f 851/5/5 759/5/5 852/5/5
f 852/5/5 759/5/5 758/5/5
f 735/9/5 733/9/5 760/9/5
f 760/9/5 733/9/5 732/9/5
f 854/5/5 812/5/5 855/5/5
f 855/5/5 812/5/5 811/5/5
f 705/4/5 88/4/5 706/4/5
f 706/4/5 88/4/5 87/4/5
f 1586/5/5 1038/5/5 1585/5/5
f 1585/5/5 1038/5/5 1033/5/5
f 711/4/5 92/4/5 712/4/5
f 712/4/5 92/4/5 91/4/5
f 1587/6/5 1039/6/5 1586/6/5
f 1586/6/5 1039/6/5 1038/6/5
f 1331/5/5 1041/5/5 1587/5/5
f 1587/5/5 1041/5/5 1039/5/5
f 1408/9/5 1062/9/5 1407/9/5
f 1407/9/5 1062/9/5 1061/9/5
f 717/4/5 96/4/5 718/4/5
f 718/4/5 96/4/5 95/4/5
f 1334/5/5 994/5/5 1335/5/5
f 1335/5/5 994/5/5 993/5/5
f 737/9/5 720/9/5 738/9/5
f 738/9/5 720/9/5 719/9/5
f 1405/9/5 1043/9/5 1041/9/5
f 1041/9/5 1043/9/5 1042/9/5
f 1337/5/5 963/5/5 1338/5/5
f 1338/5/5 963/5/5 995/5/5
f 764/9/5 744/9/5 736/9/5
f 736/9/5 744/9/5 743/9/5
f 1401/9/5 998/9/5 994/9/5
f 994/9/5 998/9/5 997/9/5
f 767/4/5 100/4/5 768/4/5
f 768/4/5 100/4/5 99/4/5
f 1340/5/5 947/5/5 1341/5/5
f 1341/5/5 947/5/5 946/5/5
f 786/9/5 770/9/5 763/9/5
f 763/9/5 770/9/5 769/9/5
f 1397/9/5 965/9/5 963/9/5
f 963/9/5 965/9/5 964/9/5
f 1343/6/5 928/6/5 1344/6/5
f 1344/6/5 928/6/5 927/6/5
f 815/9/5 792/9/5 785/9/5
f 785/9/5 792/9/5 791/9/5
f 1395/9/5 949/9/5 947/9/5
f 947/9/5 949/9/5 948/9/5
f 1346/4/5 104/4/5 1347/4/5
f 1347/4/5 104/4/5 103/4/5
f 1392/9/5 930/9/5 928/9/5
f 928/9/5 930/9/5 929/9/5
f 1352/1/5 154/1/5 1353/1/5
f 1353/1/5 154/1/5 153/1/5
f 1588/6/5 232/6/5 1355/6/5
f 1355/6/5 232/6/5 231/6/5
f 549/1/5 233/1/5 1588/1/5
f 1588/1/5 233/1/5 232/1/5
f 610/9/5 608/9/5 1373/9/5
f 1373/9/5 608/9/5 607/9/5
f 528/6/5 234/6/5 549/6/5
f 549/6/5 234/6/5 233/6/5
f 1357/5/5 627/5/5 1358/5/5
f 1358/5/5 627/5/5 610/5/5
f 553/9/5 551/9/5 612/9/5
f 612/9/5 551/9/5 550/9/5
f 625/9/5 623/9/5 1375/9/5
f 1375/9/5 623/9/5 622/9/5
f 1589/6/5 626/6/5 1361/6/5
f 1361/6/5 626/6/5 625/6/5
f 555/9/5 530/9/5 556/9/5
f 556/9/5 530/9/5 529/9/5
f 1377/9/5 638/9/5 1376/9/5
f 1376/9/5 638/9/5 637/9/5
f 1590/1/5 235/1/5 528/1/5
f 528/1/5 235/1/5 234/1/5
f 1360/5/5 628/5/5 1589/5/5
f 1589/5/5 628/5/5 626/5/5
f 1591/9/5 236/9/5 1590/9/5
f 1590/9/5 236/9/5 235/9/5
f 1363/6/5 600/6/5 1364/6/5
f 1364/6/5 600/6/5 599/6/5
f 1592/1/5 237/1/5 1591/1/5
f 1591/1/5 237/1/5 236/1/5
f 1593/5/5 630/5/5 1367/5/5
f 1367/5/5 630/5/5 629/5/5
f 558/9/5 514/9/5 559/9/5
f 559/9/5 514/9/5 513/9/5
f 519/9/5 238/9/5 1592/9/5
f 1592/9/5 238/9/5 237/9/5
f 1366/6/5 631/6/5 1593/6/5
f 1593/6/5 631/6/5 630/6/5
f 561/9/5 536/9/5 562/9/5
f 562/9/5 536/9/5 535/9/5
f 1379/9/5 641/9/5 1378/9/5
f 1378/9/5 641/9/5 640/9/5
f 1594/9/6 1499/9/6 3/9/6
f 3/9/6 1499/9/6 4/9/6
f 1595/4/6 1594/4/6 6/4/6
f 6/4/6 1594/4/6 3/4/6
f 1596/9/6 1595/9/6 10/9/6
f 10/9/6 1595/9/6 6/9/6
f 1597/4/6 1596/4/6 9/4/6
f 9/4/6 1596/4/6 10/4/6
f 1598/9/6 1597/9/6 14/9/6
f 14/9/6 1597/9/6 9/9/6
f 1599/4/6 1598/4/6 13/4/6
f 13/4/6 1598/4/6 14/4/6
f 1600/9/6 1599/9/6 18/9/6
f 18/9/6 1599/9/6 13/9/6
f 544/3/6 543/3/6 569/3/6
f 569/3/6 543/3/6 570/3/6
f 775/3/6 774/3/6 801/3/6
f 801/3/6 774/3/6 802/3/6
f 1006/3/6 1005/3/6 1052/3/6
f 1052/3/6 1005/3/6 1053/3/6
f 1165/3/6 1164/3/6 1181/3/6
f 1181/3/6 1164/3/6 1182/3/6
f 1206/3/6 1205/3/6 1216/3/6
f 1216/3/6 1205/3/6 1217/3/6
f 1103/3/6 1102/3/6 1125/3/6
f 1125/3/6 1102/3/6 1126/3/6
f 1601/4/6 1600/4/6 17/4/6
f 17/4/6 1600/4/6 18/4/6
f 650/3/6 649/3/6 660/3/6
f 660/3/6 649/3/6 661/3/6
f 683/3/6 682/3/6 693/3/6
f 693/3/6 682/3/6 694/3/6
f 889/3/6 888/3/6 1479/3/6
f 1479/3/6 888/3/6 1576/3/6
f 1479/1/6 1576/1/6 903/1/6
f 903/1/6 1576/1/6 904/1/6
f 1602/9/6 1601/9/6 22/9/6
f 22/9/6 1601/9/6 17/9/6
f 572/3/6 571/3/6 592/3/6
f 592/3/6 571/3/6 593/3/6
f 1189/3/6 1188/3/6 1198/3/6
f 1198/3/6 1188/3/6 1199/3/6
f 1603/4/6 1602/4/6 21/4/6
f 21/4/6 1602/4/6 22/4/6
f 494/3/6 493/3/6 507/3/6
f 507/3/6 493/3/6 508/3/6
f 1219/3/6 1218/3/6 1229/3/6
f 1229/3/6 1218/3/6 1230/3/6
f 1604/9/6 1603/9/6 26/9/6
f 26/9/6 1603/9/6 21/9/6
f 429/3/6 428/3/6 451/3/6
f 451/3/6 428/3/6 452/3/6
f 906/3/6 905/3/6 921/3/6
f 921/3/6 905/3/6 922/3/6
f 1144/3/6 1143/3/6 1170/3/6
f 1170/3/6 1143/3/6 1171/3/6
f 752/3/6 751/3/6 780/3/6
f 780/3/6 751/3/6 781/3/6
f 1605/4/6 1604/4/6 25/4/6
f 25/4/6 1604/4/6 26/4/6
f 360/3/6 359/3/6 377/3/6
f 377/3/6 359/3/6 378/3/6
f 1606/9/6 1605/9/6 30/9/6
f 30/9/6 1605/9/6 25/9/6
f 576/3/6 575/3/6 596/3/6
f 596/3/6 575/3/6 597/3/6
f 468/3/6 467/3/6 1477/3/6
f 1477/3/6 467/3/6 1574/3/6
f 1477/1/6 1574/1/6 481/1/6
f 481/1/6 1574/1/6 482/1/6
f 1607/4/6 1606/4/6 29/4/6
f 29/4/6 1606/4/6 30/4/6
f 1268/3/6 417/3/6 433/3/6
f 433/3/6 417/3/6 434/3/6
f 1608/9/6 1607/9/6 34/9/6
f 34/9/6 1607/9/6 29/9/6
f 1609/4/6 1608/4/6 33/4/6
f 33/4/6 1608/4/6 34/4/6
f 1610/9/6 1609/9/6 38/9/6
f 38/9/6 1609/9/6 33/9/6
f 472/3/6 379/3/6 400/3/6
f 400/3/6 379/3/6 401/3/6
f 1611/4/6 1610/4/6 37/4/6
f 37/4/6 1610/4/6 38/4/6
f 471/3/6 470/3/6 485/3/6
f 485/3/6 470/3/6 486/3/6
f 1612/9/6 1611/9/6 42/9/6
f 42/9/6 1611/9/6 37/9/6
f 1281/3/6 317/3/6 340/3/6
f 340/3/6 317/3/6 341/3/6
f 383/3/6 380/3/6 404/3/6
f 404/3/6 380/3/6 405/3/6
f 1613/4/6 1612/4/6 41/4/6
f 41/4/6 1612/4/6 42/4/6
f 1614/9/6 1613/9/6 46/9/6
f 46/9/6 1613/9/6 41/9/6
f 499/3/6 435/3/6 455/3/6
f 455/3/6 435/3/6 456/3/6
f 1615/4/6 1614/4/6 45/4/6
f 45/4/6 1614/4/6 46/4/6
f 498/3/6 497/3/6 511/3/6
f 511/3/6 497/3/6 512/3/6
f 389/3/6 295/3/6 1473/3/6
f 1473/3/6 295/3/6 1570/3/6
f 1473/1/6 1570/1/6 322/1/6
f 322/1/6 1570/1/6 323/1/6
f 1616/9/6 1615/9/6 50/9/6
f 50/9/6 1615/9/6 45/9/6
f 1292/3/6 386/3/6 408/3/6
f 408/3/6 386/3/6 409/3/6
f 1617/4/6 1616/4/6 49/4/6
f 49/4/6 1616/4/6 50/4/6
f 1618/9/6 1617/9/6 54/9/6
f 54/9/6 1617/9/6 49/9/6
f 1619/8/6 1497/8/6 193/8/6
f 193/8/6 1497/8/6 1499/8/6
f 193/4/6 1618/4/6 53/4/6
f 53/4/6 1618/4/6 54/4/6
f 1297/3/6 439/3/6 459/3/6
f 459/3/6 439/3/6 460/3/6
f 191/1/6 190/1/6 230/1/6
f 230/1/6 190/1/6 189/1/6
f 275/3/6 274/3/6 300/3/6
f 300/3/6 274/3/6 301/3/6
f 345/4/6 192/4/6 57/4/6
f 57/4/6 192/4/6 58/4/6
f 343/3/6 342/3/6 365/3/6
f 365/3/6 342/3/6 366/3/6
f 1112/9/6 1413/9/6 1058/9/6
f 1058/9/6 1413/9/6 1108/9/6
f 1012/4/6 344/4/6 61/4/6
f 61/4/6 344/4/6 62/4/6
f 1055/5/6 1054/5/6 1111/5/6
f 1111/5/6 1054/5/6 1112/5/6
f 1086/9/6 1406/9/6 1013/9/6
f 1013/9/6 1406/9/6 1060/9/6
f 1110/9/6 1109/9/6 1129/9/6
f 1129/9/6 1109/9/6 1107/9/6
f 1010/5/6 1009/5/6 1016/5/6
f 1016/5/6 1009/5/6 1086/5/6
f 1019/9/6 1402/9/6 982/9/6
f 982/9/6 1402/9/6 1015/9/6
f 1152/9/6 1130/9/6 1149/9/6
f 1149/9/6 1130/9/6 1128/9/6
f 978/4/6 1011/4/6 65/4/6
f 65/4/6 1011/4/6 66/4/6
f 973/6/6 972/6/6 1018/6/6
f 1018/6/6 972/6/6 1019/6/6
f 325/3/6 324/3/6 1475/3/6
f 1475/3/6 324/3/6 1572/3/6
f 1475/1/6 1572/1/6 348/1/6
f 348/1/6 1572/1/6 349/1/6
f 1025/4/6 977/4/6 69/4/6
f 69/4/6 977/4/6 70/4/6
f 279/3/6 278/3/6 304/3/6
f 304/3/6 278/3/6 305/3/6
f 979/5/6 973/5/6 1021/5/6
f 1021/5/6 973/5/6 1018/5/6
f 1117/6/6 1088/6/6 1134/6/6
f 1134/6/6 1088/6/6 1087/6/6
f 1399/9/6 1398/9/6 984/9/6
f 984/9/6 1398/9/6 985/9/6
f 1154/9/6 1150/9/6 1155/9/6
f 1155/9/6 1150/9/6 1148/9/6
f 1023/5/6 1022/5/6 1070/5/6
f 1070/5/6 1022/5/6 1020/5/6
f 1317/5/6 1114/5/6 1136/5/6
f 1136/5/6 1114/5/6 1137/5/6
f 1403/9/6 1021/9/6 1028/9/6
f 1028/9/6 1021/9/6 983/9/6
f 1135/9/6 1133/9/6 1157/9/6
f 1157/9/6 1133/9/6 1158/9/6
f 1320/4/6 1024/4/6 73/4/6
f 73/4/6 1024/4/6 74/4/6
f 1073/5/6 1072/5/6 1093/5/6
f 1093/5/6 1072/5/6 1069/5/6
f 1409/9/6 1070/9/6 1078/9/6
f 1078/9/6 1070/9/6 1027/9/6
f 848/9/6 1394/9/6 825/9/6
f 825/9/6 1394/9/6 939/9/6
f 1410/9/6 1093/9/6 1096/9/6
f 1096/9/6 1093/9/6 1077/9/6
f 806/4/6 1319/4/6 77/4/6
f 77/4/6 1319/4/6 78/4/6
f 822/5/6 821/5/6 847/5/6
f 847/5/6 821/5/6 848/5/6
f 871/9/6 1390/9/6 807/9/6
f 807/9/6 1390/9/6 827/9/6
f 941/9/6 940/9/6 958/9/6
f 958/9/6 940/9/6 938/9/6
f 804/5/6 803/5/6 870/5/6
f 870/5/6 803/5/6 871/5/6
f 1389/9/6 1388/9/6 809/9/6
f 809/9/6 1388/9/6 810/9/6
f 991/9/6 959/9/6 988/9/6
f 988/9/6 959/9/6 957/9/6
f 834/4/6 805/4/6 81/4/6
f 81/4/6 805/4/6 82/4/6
f 1034/9/6 989/9/6 1031/9/6
f 1031/9/6 989/9/6 987/9/6
f 832/5/6 828/5/6 873/5/6
f 873/5/6 828/5/6 874/5/6
f 760/9/6 1385/9/6 732/9/6
f 732/9/6 1385/9/6 757/9/6
f 703/4/6 833/4/6 85/4/6
f 85/4/6 833/4/6 86/4/6
f 729/5/6 728/5/6 735/5/6
f 735/5/6 728/5/6 760/5/6
f 850/5/6 849/5/6 876/5/6
f 876/5/6 849/5/6 877/5/6
f 738/9/6 1382/9/6 719/9/6
f 719/9/6 1382/9/6 734/9/6
f 853/6/6 850/6/6 879/6/6
f 879/6/6 850/6/6 876/6/6
f 709/4/6 702/4/6 89/4/6
f 89/4/6 702/4/6 90/4/6
f 715/4/6 708/4/6 93/4/6
f 93/4/6 708/4/6 94/4/6
f 1041/9/6 1032/9/6 1042/9/6
f 1042/9/6 1032/9/6 1030/9/6
f 742/4/6 714/4/6 97/4/6
f 97/4/6 714/4/6 98/4/6
f 716/5/6 700/5/6 737/5/6
f 737/5/6 700/5/6 738/5/6
f 1381/9/6 1380/9/6 721/9/6
f 721/9/6 1380/9/6 722/9/6
f 994/9/6 993/9/6 997/9/6
f 997/9/6 993/9/6 1044/9/6
f 740/5/6 739/5/6 764/5/6
f 764/5/6 739/5/6 736/5/6
f 1383/9/6 737/9/6 745/9/6
f 745/9/6 737/9/6 720/9/6
f 963/9/6 995/9/6 964/9/6
f 964/9/6 995/9/6 999/9/6
f 790/4/6 741/4/6 101/4/6
f 101/4/6 741/4/6 102/4/6
f 766/5/6 765/5/6 786/5/6
f 786/5/6 765/5/6 763/5/6
f 1386/9/6 764/9/6 771/9/6
f 771/9/6 764/9/6 744/9/6
f 947/9/6 946/9/6 948/9/6
f 948/9/6 946/9/6 966/9/6
f 788/5/6 787/5/6 815/5/6
f 815/5/6 787/5/6 785/5/6
f 1387/9/6 786/9/6 793/9/6
f 793/9/6 786/9/6 770/9/6
f 928/9/6 927/9/6 929/9/6
f 929/9/6 927/9/6 950/9/6
f 1350/4/6 789/4/6 105/4/6
f 105/4/6 789/4/6 106/4/6
f 1391/9/6 815/9/6 931/9/6
f 931/9/6 815/9/6 792/9/6
f 1620/10/6 1619/10/6 1349/10/6
f 1349/10/6 1619/10/6 193/10/6
f 1621/4/6 1349/4/6 109/4/6
f 109/4/6 1349/4/6 110/4/6
f 1622/1/6 1621/1/6 114/1/6
f 114/1/6 1621/1/6 109/1/6
f 1623/4/6 1622/4/6 113/4/6
f 113/4/6 1622/4/6 114/4/6
f 612/9/6 1374/9/6 550/9/6
f 550/9/6 1374/9/6 609/9/6
f 1624/9/6 1623/9/6 118/9/6
f 118/9/6 1623/9/6 113/9/6
f 548/5/6 547/5/6 553/5/6
f 553/5/6 547/5/6 612/5/6
f 556/9/6 1372/9/6 529/9/6
f 529/9/6 1372/9/6 552/9/6
f 627/9/6 610/9/6 624/9/6
f 624/9/6 610/9/6 608/9/6
f 1625/4/6 1624/4/6 117/4/6
f 117/4/6 1624/4/6 118/4/6
f 527/6/6 526/6/6 555/6/6
f 555/6/6 526/6/6 556/6/6
f 559/9/6 1370/9/6 513/9/6
f 513/9/6 1370/9/6 531/9/6
f 626/9/6 625/9/6 639/9/6
f 639/9/6 625/9/6 623/9/6
f 1626/9/6 1625/9/6 122/9/6
f 122/9/6 1625/9/6 117/9/6
f 1627/4/6 1626/4/6 121/4/6
f 121/4/6 1626/4/6 122/4/6
f 1628/9/6 1627/9/6 126/9/6
f 126/9/6 1627/9/6 121/9/6
f 534/5/6 517/5/6 558/5/6
f 558/5/6 517/5/6 559/5/6
f 1369/9/6 1368/9/6 515/9/6
f 515/9/6 1368/9/6 516/9/6
f 1421/2/6 1420/2/6 1629/2/6
f 1629/2/6 1420/2/6 1481/2/6
f 1629/7/6 1481/7/6 1630/7/6
f 1630/7/6 1481/7/6 1483/7/6
f 1630/2/6 1483/2/6 1631/2/6
f 1631/2/6 1483/2/6 1485/2/6
f 1631/7/6 1485/7/6 1632/7/6
f 1632/7/6 1485/7/6 1487/7/6
f 1632/2/6 1487/2/6 1633/2/6
f 1633/2/6 1487/2/6 1489/2/6
f 1633/5/6 1489/5/6 1634/5/6
f 1634/5/6 1489/5/6 1491/5/6
f 1634/2/6 1491/2/6 1635/2/6
f 1635/2/6 1491/2/6 1493/2/6
f 1635/5/6 1493/5/6 1636/5/6
f 1636/5/6 1493/5/6 1495/5/6
f 1636/2/6 1495/2/6 1637/2/6
f 1637/2/6 1495/2/6 1497/2/6
f 1637/8/6 1620/8/6 1638/8/6
f 1638/8/6 1620/8/6 1349/8/6
f 1638/4/6 1628/4/6 125/4/6
f 125/4/6 1628/4/6 126/4/6
f 533/6/6 532/6/6 561/6/6
f 561/6/6 532/6/6 562/6/6
f 1371/9/6 558/9/6 537/9/6
f 537/9/6 558/9/6 514/9/6
f 631/9/6 630/9/6 642/9/6
f 642/9/6 630/9/6 643/9/6
f 1639/4/1 1640/4/1 1642/4/1
f 1642/4/1 1640/4/1 1641/4/1
f 1643/4/1 1644/4/1 1646/4/1
f 1646/4/1 1644/4/1 1645/4/1
f 1647/4/1 1648/4/1 1650/4/1
f 1650/4/1 1648/4/1 1649/4/1
f 1651/4/1 1652/4/1 1654/4/1
f 1654/4/1 1652/4/1 1653/4/1
f 1655/4/1 1656/4/1 1658/4/1
f 1658/4/1 1656/4/1 1657/4/1
f 1659/4/1 1660/4/1 1662/4/1
f 1662/4/1 1660/4/1 1661/4/1
f 1663/4/1 1664/4/1 1666/4/1
f 1666/4/1 1664/4/1 1665/4/1
f 1667/4/1 1668/4/1 1670/4/1
f 1670/4/1 1668/4/1 1669/4/1
f 1671/4/1 1672/4/1 1674/4/1
f 1674/4/1 1672/4/1 1673/4/1
f 1675/9/1 1676/9/1 1639/9/1
f 1639/9/1 1676/9/1 1640/9/1
f 1677/9/1 1678/9/1 1643/9/1
f 1643/9/1 1678/9/1 1644/9/1
f 1679/9/1 1680/9/1 1647/9/1
f 1647/9/1 1680/9/1 1648/9/1
f 1681/9/1 1682/9/1 1651/9/1
f 1651/9/1 1682/9/1 1652/9/1
f 1683/9/1 1684/9/1 1655/9/1
f 1655/9/1 1684/9/1 1656/9/1
f 1685/9/1 1686/9/1 1659/9/1
f 1659/9/1 1686/9/1 1660/9/1
f 1687/9/1 1688/9/1 1663/9/1
f 1663/9/1 1688/9/1 1664/9/1
f 1689/9/1 1690/9/1 1667/9/1
f 1667/9/1 1690/9/1 1668/9/1
f 1691/9/1 1692/9/1 1671/9/1
f 1671/9/1 1692/9/1 1672/9/1
f 202/9/1 1693/9/1 125/9/1
f 125/9/1 1693/9/1 1642/9/1
f 1693/5/1 1694/5/1 1675/5/1
f 1675/5/1 1694/5/1 1676/5/1
f 1694/9/1 1695/9/1 1641/9/1
f 1641/9/1 1695/9/1 1646/9/1
f 1695/5/1 1696/5/1 1677/5/1
f 1677/5/1 1696/5/1 1678/5/1
f 1696/9/1 1697/9/1 1645/9/1
f 1645/9/1 1697/9/1 1650/9/1
f 1697/5/1 1698/5/1 1679/5/1
f 1679/5/1 1698/5/1 1680/5/1
f 1698/9/1 1699/9/1 1649/9/1
f 1649/9/1 1699/9/1 1654/9/1
f 1699/5/1 1700/5/1 1681/5/1
f 1681/5/1 1700/5/1 1682/5/1
f 1700/9/1 1701/9/1 1653/9/1
f 1653/9/1 1701/9/1 1658/9/1
f 1701/5/1 1702/5/1 1683/5/1
f 1683/5/1 1702/5/1 1684/5/1
f 1702/9/1 1703/9/1 1657/9/1
f 1657/9/1 1703/9/1 1662/9/1
f 1703/5/1 1704/5/1 1685/5/1
f 1685/5/1 1704/5/1 1686/5/1
f 1704/9/1 1705/9/1 1661/9/1
f 1661/9/1 1705/9/1 1666/9/1
f 1705/5/1 1706/5/1 1687/5/1
f 1687/5/1 1706/5/1 1688/5/1
f 1706/9/1 1707/9/1 1665/9/1
f 1665/9/1 1707/9/1 1670/9/1
f 1707/5/1 1708/5/1 1689/5/1
f 1689/5/1 1708/5/1 1690/5/1
f 1709/4/1 1710/4/1 1691/4/1
f 1691/4/1 1710/4/1 1692/4/1
f 238/1/1 1711/1/1 202/1/1
f 202/1/1 1711/1/1 1693/1/1
f 1711/9/1 1712/9/1 1693/9/1
f 1693/9/1 1712/9/1 1694/9/1
f 1712/5/1 1713/5/1 1694/5/1
f 1694/5/1 1713/5/1 1695/5/1
f 1713/9/1 1714/9/1 1695/9/1
f 1695/9/1 1714/9/1 1696/9/1
f 1714/5/1 1715/5/1 1696/5/1
f 1696/5/1 1715/5/1 1697/5/1
f 1715/9/1 1716/9/1 1697/9/1
f 1697/9/1 1716/9/1 1698/9/1
f 1716/5/1 1717/5/1 1698/5/1
f 1698/5/1 1717/5/1 1699/5/1
f 1717/9/1 1718/9/1 1699/9/1
f 1699/9/1 1718/9/1 1700/9/1
f 1718/5/1 1719/5/1 1700/5/1
f 1700/5/1 1719/5/1 1701/5/1
f 1719/9/1 1720/9/1 1701/9/1
f 1701/9/1 1720/9/1 1702/9/1
f 1720/5/1 1721/5/1 1702/5/1
f 1702/5/1 1721/5/1 1703/5/1
f 1721/9/1 1722/9/1 1703/9/1
f 1703/9/1 1722/9/1 1704/9/1
f 1722/5/1 1723/5/1 1704/5/1
f 1704/5/1 1723/5/1 1705/5/1
f 1723/9/1 1724/9/1 1705/9/1
f 1705/9/1 1724/9/1 1706/9/1
f 1724/5/1 1725/5/1 1706/5/1
f 1706/5/1 1725/5/1 1707/5/1
f 1725/9/1 1726/9/1 1707/9/1
f 1707/9/1 1726/9/1 1708/9/1
f 1727/9/1 1728/9/1 1709/9/1
f 1709/9/1 1728/9/1 1710/9/1
f 1729/6/1 1730/6/1 238/6/1
f 238/6/1 1730/6/1 1711/6/1
f 1730/1/1 1731/1/1 1711/1/1
f 1711/1/1 1731/1/1 1712/1/1
f 1731/9/1 1732/9/1 1712/9/1
f 1712/9/1 1732/9/1 1713/9/1
f 1732/1/1 1733/1/1 1713/1/1
f 1713/1/1 1733/1/1 1714/1/1
f 1733/9/1 1734/9/1 1714/9/1
f 1714/9/1 1734/9/1 1715/9/1
f 1734/5/1 1735/5/1 1715/5/1
f 1715/5/1 1735/5/1 1716/5/1
f 1735/9/1 1736/9/1 1716/9/1
f 1716/9/1 1736/9/1 1717/9/1
f 1736/5/1 1737/5/1 1717/5/1
f 1717/5/1 1737/5/1 1718/5/1
f 1737/9/1 1738/9/1 1718/9/1
f 1718/9/1 1738/9/1 1719/9/1
f 1738/5/1 1739/5/1 1719/5/1
f 1719/5/1 1739/5/1 1720/5/1
f 1739/9/1 1740/9/1 1720/9/1
f 1720/9/1 1740/9/1 1721/9/1
f 1740/5/1 1741/5/1 1721/5/1
f 1721/5/1 1741/5/1 1722/5/1
f 1741/9/1 1742/9/1 1722/9/1
f 1722/9/1 1742/9/1 1723/9/1
f 1742/5/1 1743/5/1 1723/5/1
f 1723/5/1 1743/5/1 1724/5/1
f 1743/9/1 1744/9/1 1724/9/1
f 1724/9/1 1744/9/1 1725/9/1
f 1744/5/1 1745/5/1 1725/5/1
f 1725/5/1 1745/5/1 1726/5/1
f 1746/4/1 1747/4/1 1727/4/1
f 1727/4/1 1747/4/1 1728/4/1
f 1748/6/1 1749/6/1 1732/6/1
f 1732/6/1 1749/6/1 1733/6/1
f 1749/1/1 1750/1/1 1733/1/1
f 1733/1/1 1750/1/1 1734/1/1
f 1750/9/1 1751/9/1 1734/9/1
f 1734/9/1 1751/9/1 1735/9/1
f 1751/1/1 1752/1/1 1735/1/1
f 1735/1/1 1752/1/1 1736/1/1
f 1752/9/1 1753/9/1 1736/9/1
f 1736/9/1 1753/9/1 1737/9/1
f 1753/5/1 1754/5/1 1737/5/1
f 1737/5/1 1754/5/1 1738/5/1
f 1754/9/1 1755/9/1 1738/9/1
f 1738/9/1 1755/9/1 1739/9/1
f 1755/5/1 1756/5/1 1739/5/1
f 1739/5/1 1756/5/1 1740/5/1
f 1756/9/1 1757/9/1 1740/9/1
f 1740/9/1 1757/9/1 1741/9/1
f 1757/5/1 1758/5/1 1741/5/1
f 1741/5/1 1758/5/1 1742/5/1
f 1758/9/1 1759/9/1 1742/9/1
f 1742/9/1 1759/9/1 1743/9/1
f 1759/5/1 1760/5/1 1743/5/1
f 1743/5/1 1760/5/1 1744/5/1
f 1760/9/1 1761/9/1 1744/9/1
f 1744/9/1 1761/9/1 1745/9/1
f 1762/9/1 1763/9/1 1746/9/1
f 1746/9/1 1763/9/1 1747/9/1
f 1764/6/1 1765/6/1 1751/6/1
f 1751/6/1 1765/6/1 1752/6/1
f 1765/1/1 1766/1/1 1752/1/1
f 1752/1/1 1766/1/1 1753/1/1
f 1766/9/1 1767/9/1 1753/9/1
f 1753/9/1 1767/9/1 1754/9/1
f 1767/5/1 1768/5/1 1754/5/1
f 1754/5/1 1768/5/1 1755/5/1
f 1768/9/1 1769/9/1 1755/9/1
f 1755/9/1 1769/9/1 1756/9/1
f 1769/5/1 1770/5/1 1756/5/1
f 1756/5/1 1770/5/1 1757/5/1
f 1770/9/1 1771/9/1 1757/9/1
f 1757/9/1 1771/9/1 1758/9/1
f 1771/5/1 1772/5/1 1758/5/1
f 1758/5/1 1772/5/1 1759/5/1
f 1772/9/1 1773/9/1 1759/9/1
f 1759/9/1 1773/9/1 1760/9/1
f 1773/5/1 1774/5/1 1760/5/1
f 1760/5/1 1774/5/1 1761/5/1
f 1775/4/1 1776/4/1 1762/4/1
f 1762/4/1 1776/4/1 1763/4/1
f 1777/1/1 1778/1/1 1766/1/1
f 1766/1/1 1778/1/1 1767/1/1
f 1778/9/1 1779/9/1 1767/9/1
f 1767/9/1 1779/9/1 1768/9/1
f 1779/5/1 1780/5/1 1768/5/1
f 1768/5/1 1780/5/1 1769/5/1
f 1780/9/1 1781/9/1 1769/9/1
f 1769/9/1 1781/9/1 1770/9/1
f 1781/5/1 1782/5/1 1770/5/1
f 1770/5/1 1782/5/1 1771/5/1
f 1782/9/1 1783/9/1 1771/9/1
f 1771/9/1 1783/9/1 1772/9/1
f 1783/5/1 1784/5/1 1772/5/1
f 1772/5/1 1784/5/1 1773/5/1
f 1784/9/1 1785/9/1 1773/9/1
f 1773/9/1 1785/9/1 1774/9/1
f 1786/9/1 1787/9/1 1775/9/1
f 1775/9/1 1787/9/1 1776/9/1
f 1788/1/1 1789/1/1 1778/1/1
f 1778/1/1 1789/1/1 1779/1/1
f 1789/9/1 1790/9/1 1779/9/1
f 1779/9/1 1790/9/1 1780/9/1
f 1790/5/1 1791/5/1 1780/5/1
f 1780/5/1 1791/5/1 1781/5/1
f 1791/9/1 1792/9/1 1781/9/1
f 1781/9/1 1792/9/1 1782/9/1
f 1792/5/1 1793/5/1 1782/5/1
f 1782/5/1 1793/5/1 1783/5/1
f 1793/9/1 1794/9/1 1783/9/1
f 1783/9/1 1794/9/1 1784/9/1
f 1794/5/1 1795/5/1 1784/5/1
f 1784/5/1 1795/5/1 1785/5/1
f 1796/4/1 1797/4/1 1786/4/1
f 1786/4/1 1797/4/1 1787/4/1
f 1798/1/1 1799/1/1 1789/1/1
f 1789/1/1 1799/1/1 1790/1/1
f 1799/9/1 1800/9/1 1790/9/1
f 1790/9/1 1800/9/1 1791/9/1
f 1800/5/1 1801/5/1 1791/5/1
f 1791/5/1 1801/5/1 1792/5/1
f 1801/9/1 1802/9/1 1792/9/1
f 1792/9/1 1802/9/1 1793/9/1
f 1802/5/1 1803/5/1 1793/5/1
f 1793/5/1 1803/5/1 1794/5/1
f 1803/9/1 1804/9/1 1794/9/1
f 1794/9/1 1804/9/1 1795/9/1
f 1805/9/1 1806/9/1 1796/9/1
f 1796/9/1 1806/9/1 1797/9/1
f 1807/1/1 1808/1/1 1799/1/1
f 1799/1/1 1808/1/1 1800/1/1
f 1808/9/1 1809/9/1 1800/9/1
f 1800/9/1 1809/9/1 1801/9/1
f 1809/5/1 1810/5/1 1801/5/1
f 1801/5/1 1810/5/1 1802/5/1
f 1810/9/1 1811/9/1 1802/9/1
f 1802/9/1 1811/9/1 1803/9/1
f 1811/5/1 1812/5/1 1803/5/1
f 1803/5/1 1812/5/1 1804/5/1
f 1813/4/1 1814/4/1 1805/4/1
f 1805/4/1 1814/4/1 1806/4/1
f 1815/6/1 1816/6/1 1807/6/1
f 1807/6/1 1816/6/1 1808/6/1
f 1816/1/1 1817/1/1 1808/1/1
f 1808/1/1 1817/1/1 1809/1/1
f 1817/9/1 1818/9/1 1809/9/1
f 1809/9/1 1818/9/1 1810/9/1
f 1818/5/1 1819/5/1 1810/5/1
f 1810/5/1 1819/5/1 1811/5/1
f 1819/9/1 1820/9/1 1811/9/1
f 1811/9/1 1820/9/1 1812/9/1
f 1821/9/1 1822/9/1 1813/9/1
f 1813/9/1 1822/9/1 1814/9/1
f 1823/9/1 1824/9/1 1816/9/1
f 1816/9/1 1824/9/1 1817/9/1
f 1824/5/1 1825/5/1 1817/5/1
f 1817/5/1 1825/5/1 1818/5/1
f 1825/9/1 1826/9/1 1818/9/1
f 1818/9/1 1826/9/1 1819/9/1
f 1826/5/1 1827/5/1 1819/5/1
f 1819/5/1 1827/5/1 1820/5/1
f 1828/4/1 1829/4/1 1821/4/1
f 1821/4/1 1829/4/1 1822/4/1
f 1830/1/1 1831/1/1 1823/1/1
f 1823/1/1 1831/1/1 1824/1/1
f 1831/9/1 1832/9/1 1824/9/1
f 1824/9/1 1832/9/1 1825/9/1
f 1832/5/1 1833/5/1 1825/5/1
f 1825/5/1 1833/5/1 1826/5/1
f 1833/9/1 1834/9/1 1826/9/1
f 1826/9/1 1834/9/1 1827/9/1
f 1835/9/1 1836/9/1 1828/9/1
f 1828/9/1 1836/9/1 1829/9/1
f 1837/6/1 1838/6/1 1830/6/1
f 1830/6/1 1838/6/1 1831/6/1
f 1838/1/1 1839/1/1 1831/1/1
f 1831/1/1 1839/1/1 1832/1/1
f 1839/9/1 1840/9/1 1832/9/1
f 1832/9/1 1840/9/1 1833/9/1
f 1840/5/1 1841/5/1 1833/5/1
f 1833/5/1 1841/5/1 1834/5/1
f 1842/4/1 1843/4/1 1835/4/1
f 1835/4/1 1843/4/1 1836/4/1
f 1844/9/1 1845/9/1 1838/9/1
f 1838/9/1 1845/9/1 1839/9/1
f 1845/5/1 1846/5/1 1839/5/1
f 1839/5/1 1846/5/1 1840/5/1
f 1846/9/1 1847/9/1 1840/9/1
f 1840/9/1 1847/9/1 1841/9/1
f 1848/9/1 1849/9/1 1842/9/1
f 1842/9/1 1849/9/1 1843/9/1
f 1850/1/1 1851/1/1 1844/1/1
f 1844/1/1 1851/1/1 1845/1/1
f 1851/9/1 1852/9/1 1845/9/1
f 1845/9/1 1852/9/1 1846/9/1
f 1852/5/1 1853/5/1 1846/5/1
f 1846/5/1 1853/5/1 1847/5/1
f 1854/4/1 1855/4/1 1848/4/1
f 1848/4/1 1855/4/1 1849/4/1
f 1856/6/1 1857/6/1 1850/6/1
f 1850/6/1 1857/6/1 1851/6/1
f 1857/1/1 1858/1/1 1851/1/1
f 1851/1/1 1858/1/1 1852/1/1
f 1858/9/1 1859/9/1 1852/9/1
f 1852/9/1 1859/9/1 1853/9/1
f 1860/9/1 1861/9/1 1854/9/1
f 1854/9/1 1861/9/1 1855/9/1
f 1862/9/1 1863/9/1 1857/9/1
f 1857/9/1 1863/9/1 1858/9/1
f 1863/5/1 1864/5/1 1858/5/1
f 1858/5/1 1864/5/1 1859/5/1
f 1865/4/1 1866/4/1 1860/4/1
f 1860/4/1 1866/4/1 1861/4/1
f 1867/1/1 1868/1/1 1862/1/1
f 1862/1/1 1868/1/1 1863/1/1
f 1868/9/1 1869/9/1 1863/9/1
f 1863/9/1 1869/9/1 1864/9/1
f 1870/9/1 1871/9/1 1865/9/1
f 1865/9/1 1871/9/1 1866/9/1
f 1872/9/1 1873/9/1 536/9/1
f 536/9/1 1873/9/1 1874/9/1
f 1432/10/1 1875/10/1 1877/10/1
f 1877/10/1 1875/10/1 1876/10/1
f 1878/9/1 1879/9/1 1867/9/1
f 1867/9/1 1879/9/1 1868/9/1
f 1879/5/1 1880/5/1 1868/5/1
f 1868/5/1 1880/5/1 1869/5/1
f 1881/4/1 1882/4/1 1870/4/1
f 1870/4/1 1882/4/1 1871/4/1
f 1883/10/1 1884/10/1 1886/10/1
f 1886/10/1 1884/10/1 1885/10/1
f 1887/9/1 1888/9/1 1879/9/1
f 1879/9/1 1888/9/1 1880/9/1
f 1889/9/1 1890/9/1 1881/9/1
f 1881/9/1 1890/9/1 1882/9/1
f 1891/3/1 1892/3/1 1894/3/1
f 1894/3/1 1892/3/1 1893/3/1
f 1895/1/1 1896/1/1 1878/1/1
f 1878/1/1 1896/1/1 1879/1/1
f 1896/5/1 1897/5/1 1887/5/1
f 1887/5/1 1897/5/1 1888/5/1
f 1898/4/1 1899/4/1 1889/4/1
f 1889/4/1 1899/4/1 1890/4/1
f 616/5/1 1900/5/1 560/5/1
f 560/5/1 1900/5/1 1901/5/1
f 1902/9/1 1903/9/1 1873/9/1
f 1873/9/1 1903/9/1 1904/9/1
f 1905/10/1 1906/10/1 1908/10/1
f 1908/10/1 1906/10/1 1907/10/1
f 1909/6/1 1910/6/1 1895/6/1
f 1895/6/1 1910/6/1 1896/6/1
f 1910/9/1 1911/9/1 1896/9/1
f 1896/9/1 1911/9/1 1897/9/1
f 1912/9/1 1913/9/1 1898/9/1
f 1898/9/1 1913/9/1 1899/9/1
f 642/9/1 1914/9/1 1915/9/1
f 1915/9/1 1914/9/1 1902/9/1
f 1916/3/1 1917/3/1 1919/3/1
f 1919/3/1 1917/3/1 1918/3/1
f 1920/5/1 1921/5/1 1910/5/1
f 1910/5/1 1921/5/1 1911/5/1
f 1921/9/1 1922/9/1 1669/9/1
f 1669/9/1 1922/9/1 1674/9/1
f 1922/4/1 1923/4/1 1912/4/1
f 1912/4/1 1923/4/1 1913/4/1
f 1924/10/1 1925/10/1 1927/10/1
f 1927/10/1 1925/10/1 1926/10/1
f 1928/1/1 1929/1/1 1921/1/1
f 1921/1/1 1929/1/1 1923/1/1
f 1930/1/1 1931/1/1 1933/1/1
f 1933/1/1 1931/1/1 1932/1/1
f 1934/4/1 1935/4/1 1936/4/1
f 1936/4/1 1935/4/1 1929/4/1
f 1937/10/1 1938/10/1 1940/10/1
f 1940/10/1 1938/10/1 1939/10/1
f 1941/10/1 1942/10/1 1944/10/1
f 1944/10/1 1942/10/1 1943/10/1
f 1945/3/1 1946/3/1 1948/3/1
f 1948/3/1 1946/3/1 1947/3/1
f 1949/10/1 1950/10/1 1952/10/1
f 1952/10/1 1950/10/1 1951/10/1
f 1953/4/1 1954/4/1 1956/4/1
f 1956/4/1 1954/4/1 1955/4/1
f 1957/3/1 1958/3/1 1960/3/1
f 1960/3/1 1958/3/1 1959/3/1
f 1961/10/1 1962/10/1 1964/10/1
f 1964/10/1 1962/10/1 1963/10/1
f 1965/4/1 1966/4/1 1968/4/1
f 1968/4/1 1966/4/1 1967/4/1
f 1969/10/1 1970/10/1 1972/10/1
f 1972/10/1 1970/10/1 1971/10/1
f 1973/10/1 1974/10/1 1976/10/1
f 1976/10/1 1974/10/1 1975/10/1
f 1977/10/1 1978/10/1 1980/10/1
f 1980/10/1 1978/10/1 1979/10/1
f 1981/3/1 1982/3/1 1984/3/1
f 1984/3/1 1982/3/1 1983/3/1
f 1985/10/1 1986/10/1 1988/10/1
f 1988/10/1 1986/10/1 1987/10/1
f 1989/4/1 1990/4/1 1992/4/1
f 1992/4/1 1990/4/1 1991/4/1
f 1993/3/1 1994/3/1 1996/3/1
f 1996/3/1 1994/3/1 1995/3/1
f 1997/3/1 1998/3/1 2000/3/1
f 2000/3/1 1998/3/1 1999/3/1
f 2001/10/1 2002/10/1 2004/10/1
f 2004/10/1 2002/10/1 2003/10/1
f 2005/4/1 2006/4/1 2008/4/1
f 2008/4/1 2006/4/1 2007/4/1
f 2009/10/1 2010/10/1 2012/10/1
f 2012/10/1 2010/10/1 2011/10/1
f 2013/10/1 2014/10/1 2016/10/1
f 2016/10/1 2014/10/1 2015/10/1
f 2017/3/1 2018/3/1 2020/3/1
f 2020/3/1 2018/3/1 2019/3/1
f 2021/10/1 2022/10/1 2024/10/1
f 2024/10/1 2022/10/1 2023/10/1
f 2025/4/1 2026/4/1 2028/4/1
f 2028/4/1 2026/4/1 2027/4/1
f 2029/3/1 2030/3/1 2032/3/1
f 2032/3/1 2030/3/1 2031/3/1
f 2033/10/1 2034/10/1 2036/10/1
f 2036/10/1 2034/10/1 2035/10/1
f 2037/4/1 2038/4/1 2040/4/1
f 2040/4/1 2038/4/1 2039/4/1
f 2041/10/1 2042/10/1 2044/10/1
f 2044/10/1 2042/10/1 2043/10/1
f 2045/10/1 2046/10/1 2048/10/1
f 2048/10/1 2046/10/1 2047/10/1
f 2049/1/1 2050/1/1 2052/1/1
f 2052/1/1 2050/1/1 2051/1/1
f 2053/4/1 2054/4/1 2056/4/1
f 2056/4/1 2054/4/1 2055/4/1
f 2057/10/1 2058/10/1 2060/10/1
f 2060/10/1 2058/10/1 2059/10/1
f 2061/4/1 2062/4/1 2064/4/1
f 2064/4/1 2062/4/1 2063/4/1
f 2065/10/1 2066/10/1 2068/10/1
f 2068/10/1 2066/10/1 2067/10/1
f 2069/10/1 2070/10/1 2072/10/1
f 2072/10/1 2070/10/1 2071/10/1
f 2073/3/1 2074/3/1 2076/3/1
f 2076/3/1 2074/3/1 2075/3/1
f 2077/4/1 2078/4/1 2080/4/1
f 2080/4/1 2078/4/1 2079/4/1
f 2081/10/1 2082/10/1 2084/10/1
f 2084/10/1 2082/10/1 2083/10/1
f 2085/10/1 2086/10/1 2088/10/1
f 2088/10/1 2086/10/1 2087/10/1
f 2089/3/1 2090/3/1 2092/3/1
f 2092/3/1 2090/3/1 2091/3/1
f 2093/10/1 2094/10/1 2096/10/1
f 2096/10/1 2094/10/1 2095/10/1
f 2097/4/1 2098/4/1 2100/4/1
f 2100/4/1 2098/4/1 2099/4/1
f 2101/3/1 2102/3/1 2104/3/1
f 2104/3/1 2102/3/1 2103/3/1
f 2105/10/1 2106/10/1 2108/10/1
f 2108/10/1 2106/10/1 2107/10/1
f 2109/4/1 2110/4/1 2112/4/1
f 2112/4/1 2110/4/1 2111/4/1
f 2113/10/1 2114/10/1 2116/10/1
f 2116/10/1 2114/10/1 2115/10/1
f 2117/4/1 2118/4/1 2120/4/1
f 2120/4/1 2118/4/1 2119/4/1
f 2121/10/1 2122/10/1 2123/10/1
f 2123/10/1 2122/10/1 1980/10/1
f 2124/10/1 2125/10/1 2127/10/1
f 2127/10/1 2125/10/1 2126/10/1
f 2128/10/1 2129/10/1 2131/10/1
f 2131/10/1 2129/10/1 2130/10/1
f 2132/3/1 2133/3/1 2135/3/1
f 2135/3/1 2133/3/1 2134/3/1
f 2136/3/1 2137/3/1 2139/3/1
f 2139/3/1 2137/3/1 2138/3/1
f 2140/4/1 2141/4/1 2143/4/1
f 2143/4/1 2141/4/1 2142/4/1
f 2144/10/1 2145/10/1 2147/10/1
f 2147/10/1 2145/10/1 2146/10/1
f 2145/10/1 2148/10/1 2150/10/1
f 2150/10/1 2148/10/1 2149/10/1
f 2151/10/1 2152/10/1 2154/10/1
f 2154/10/1 2152/10/1 2153/10/1
f 2155/1/1 2156/1/1 2158/1/1
f 2158/1/1 2156/1/1 2157/1/1
f 2156/4/1 2159/4/1 2157/4/1
f 2157/4/1 2159/4/1 2160/4/1
f 2161/10/1 2162/10/1 2164/10/1
f 2164/10/1 2162/10/1 2163/10/1
f 2165/10/1 2166/10/1 2168/10/1
f 2168/10/1 2166/10/1 2167/10/1
f 2169/5/1 2170/5/1 2171/5/1
f 2171/5/1 2170/5/1 2155/5/1
f 2172/9/1 2173/9/1 2156/9/1
f 2156/9/1 2173/9/1 2159/9/1
f 2174/3/1 2175/3/1 2177/3/1
f 2177/3/1 2175/3/1 2176/3/1
f 2178/10/1 2179/10/1 2181/10/1
f 2181/10/1 2179/10/1 2180/10/1
f 2182/6/1 2183/6/1 2184/6/1
f 2184/6/1 2183/6/1 2169/6/1
f 2183/9/1 2185/9/1 2169/9/1
f 2169/9/1 2185/9/1 2170/9/1
f 2186/4/1 2187/4/1 2172/4/1
f 2172/4/1 2187/4/1 2173/4/1
f 2188/3/1 2189/3/1 2191/3/1
f 2191/3/1 2189/3/1 2190/3/1
f 2192/5/1 2193/5/1 2183/5/1
f 2183/5/1 2193/5/1 2185/5/1
f 2194/9/1 2195/9/1 2186/9/1
f 2186/9/1 2195/9/1 2187/9/1
f 2196/10/1 2197/10/1 2199/10/1
f 2199/10/1 2197/10/1 2198/10/1
f 2200/1/1 2201/1/1 2182/1/1
f 2182/1/1 2201/1/1 2183/1/1
f 2201/9/1 2202/9/1 2192/9/1
f 2192/9/1 2202/9/1 2193/9/1
f 2203/4/1 2204/4/1 2194/4/1
f 2194/4/1 2204/4/1 2195/4/1
f 2205/3/1 2206/3/1 2208/3/1
f 2208/3/1 2206/3/1 2207/3/1
f 2209/10/1 2210/10/1 2212/10/1
f 2212/10/1 2210/10/1 2211/10/1
f 2213/9/1 2214/9/1 2200/9/1
f 2200/9/1 2214/9/1 2201/9/1
f 2214/5/1 2215/5/1 2201/5/1
f 2201/5/1 2215/5/1 2202/5/1
f 2216/9/1 2217/9/1 2203/9/1
f 2203/9/1 2217/9/1 2204/9/1
f 2218/10/1 2219/10/1 2221/10/1
f 2221/10/1 2219/10/1 2220/10/1
f 2222/3/1 2223/3/1 2225/3/1
f 2225/3/1 2223/3/1 2224/3/1
f 2226/1/1 2227/1/1 2213/1/1
f 2213/1/1 2227/1/1 2214/1/1
f 2227/9/1 2228/9/1 2214/9/1
f 2214/9/1 2228/9/1 2215/9/1
f 2229/4/1 2230/4/1 2216/4/1
f 2216/4/1 2230/4/1 2217/4/1
f 1365/10/1 2231/10/1 1437/10/1
f 1437/10/1 2231/10/1 2232/10/1
f 2231/10/1 2233/10/1 2234/10/1
f 2234/10/1 2233/10/1 1875/10/1
f 2233/10/1 2235/10/1 2237/10/1
f 2237/10/1 2235/10/1 2236/10/1
f 2235/10/1 2238/10/1 2240/10/1
f 2240/10/1 2238/10/1 2239/10/1
f 2238/10/1 2241/10/1 2243/10/1
f 2243/10/1 2241/10/1 2242/10/1
f 2241/10/1 2244/10/1 2246/10/1
f 2246/10/1 2244/10/1 2245/10/1
f 2244/10/1 2247/10/1 2249/10/1
f 2249/10/1 2247/10/1 2248/10/1
f 2250/1/1 2251/1/1 2253/1/1
f 2253/1/1 2251/1/1 2252/1/1
f 2254/10/1 2255/10/1 2219/10/1
f 2219/10/1 2255/10/1 2256/10/1
f 2255/10/1 2257/10/1 2259/10/1
f 2259/10/1 2257/10/1 2258/10/1
f 2257/10/1 2260/10/1 2262/10/1
f 2262/10/1 2260/10/1 2261/10/1
f 2263/9/1 2264/9/1 2226/9/1
f 2226/9/1 2264/9/1 2227/9/1
f 2264/5/1 2265/5/1 2227/5/1
f 2227/5/1 2265/5/1 2228/5/1
f 2265/9/1 2266/9/1 2155/9/1
f 2155/9/1 2266/9/1 2156/9/1
f 2266/9/1 2267/9/1 2229/9/1
f 2229/9/1 2267/9/1 2230/9/1
f 560/9/2 561/9/2 1901/9/2
f 1901/9/2 561/9/2 2268/9/2
f 1900/9/2 1901/9/2 2270/9/2
f 2270/9/2 1901/9/2 2269/9/2
f 631/9/2 616/9/2 2271/9/2
f 2271/9/2 616/9/2 1900/9/2
f 1422/2/2 1421/2/2 2273/2/2
f 2273/2/2 1421/2/2 2272/2/2
f 2274/2/3 2275/2/3 2272/2/3
f 2272/2/3 2275/2/3 2273/2/3
f 2276/7/3 2277/7/3 2274/7/3
f 2274/7/3 2277/7/3 2275/7/3
f 2278/2/3 2279/2/3 2276/2/3
f 2276/2/3 2279/2/3 2277/2/3
f 2280/7/3 2281/7/3 2278/7/3
f 2278/7/3 2281/7/3 2279/7/3
f 2282/2/3 2283/2/3 2280/2/3
f 2280/2/3 2283/2/3 2281/2/3
f 2284/5/3 2285/5/3 2282/5/3
f 2282/5/3 2285/5/3 2283/5/3
f 2286/2/3 2287/2/3 2284/2/3
f 2284/2/3 2287/2/3 2285/2/3
f 2288/5/3 2289/5/3 2286/5/3
f 2286/5/3 2289/5/3 2287/5/3
f 2290/2/3 2291/2/3 2288/2/3
f 2288/2/3 2291/2/3 2289/2/3
f 2292/8/3 2293/8/3 2290/8/3
f 2290/8/3 2293/8/3 2294/8/3
f 2293/10/3 2148/10/3 2294/10/3
f 2294/10/3 2148/10/3 2295/10/3
f 2148/8/3 2296/8/3 2295/8/3
f 2295/8/3 2296/8/3 2291/8/3
f 1673/4/3 1672/4/3 2292/4/3
f 2292/4/3 1672/4/3 2297/4/3
f 1672/9/3 1692/9/3 2297/9/3
f 2297/9/3 1692/9/3 2298/9/3
f 1692/4/3 1710/4/3 2298/4/3
f 2298/4/3 1710/4/3 2299/4/3
f 1710/9/3 1728/9/3 2299/9/3
f 2299/9/3 1728/9/3 2300/9/3
f 1728/4/3 1747/4/3 2300/4/3
f 2300/4/3 1747/4/3 2301/4/3
f 1747/9/3 1763/9/3 2301/9/3
f 2301/9/3 1763/9/3 2302/9/3
f 1763/4/3 1776/4/3 2302/4/3
f 2302/4/3 1776/4/3 2303/4/3
f 1776/9/3 1787/9/3 2303/9/3
f 2303/9/3 1787/9/3 2304/9/3
f 1787/4/3 1797/4/3 2304/4/3
f 2304/4/3 1797/4/3 2305/4/3
f 1797/9/3 1806/9/3 2305/9/3
f 2305/9/3 1806/9/3 2306/9/3
f 1806/4/3 1814/4/3 2306/4/3
f 2306/4/3 1814/4/3 2307/4/3
f 1814/9/3 1822/9/3 2307/9/3
f 2307/9/3 1822/9/3 2308/9/3
f 1822/4/3 1829/4/3 2308/4/3
f 2308/4/3 1829/4/3 2309/4/3
f 1829/9/3 1836/9/3 2309/9/3
f 2309/9/3 1836/9/3 2310/9/3
f 1836/4/3 1843/4/3 2310/4/3
f 2310/4/3 1843/4/3 2311/4/3
f 1843/9/3 1849/9/3 2311/9/3
f 2311/9/3 1849/9/3 2312/9/3
f 1849/4/3 1855/4/3 2312/4/3
f 2312/4/3 1855/4/3 2313/4/3
f 1855/9/3 1861/9/3 2313/9/3
f 2313/9/3 1861/9/3 2314/9/3
f 1861/4/3 1866/4/3 2314/4/3
f 2314/4/3 1866/4/3 2315/4/3
f 1866/9/3 1871/9/3 2315/9/3
f 2315/9/3 1871/9/3 2316/9/3
f 1871/4/3 1882/4/3 2316/4/3
f 2316/4/3 1882/4/3 2317/4/3
f 1882/9/3 1890/9/3 2317/9/3
f 2317/9/3 1890/9/3 2318/9/3
f 1893/3/3 1892/3/3 1884/3/3
f 1884/3/3 1892/3/3 1926/3/3
f 1890/4/3 1899/4/3 2318/4/3
f 2318/4/3 1899/4/3 2319/4/3
f 1901/5/3 1900/5/3 2234/5/3
f 2234/5/3 1900/5/3 2232/5/3
f 1899/9/3 1913/9/3 2319/9/3
f 2319/9/3 1913/9/3 2320/9/3
f 1918/3/3 1917/3/3 1906/3/3
f 1906/3/3 1917/3/3 2023/3/3
f 1913/4/3 1923/4/3 2320/4/3
f 2320/4/3 1923/4/3 2321/4/3
f 1923/1/3 1929/1/3 2321/1/3
f 2321/1/3 1929/1/3 2293/1/3
f 1929/4/3 1935/4/3 2293/4/3
f 2293/4/3 1935/4/3 1943/4/3
f 1947/3/3 1946/3/3 1938/3/3
f 1938/3/3 1946/3/3 1971/3/3
f 1955/4/3 1954/4/3 1942/4/3
f 1942/4/3 1954/4/3 1963/4/3
f 1959/3/3 1958/3/3 1950/3/3
f 1950/3/3 1958/3/3 1987/3/3
f 1967/4/3 1966/4/3 1962/4/3
f 1962/4/3 1966/4/3 1975/4/3
f 1983/3/3 1982/3/3 1970/3/3
f 1970/3/3 1982/3/3 2220/3/3
f 1991/4/3 1990/4/3 1974/4/3
f 1974/4/3 1990/4/3 2003/4/3
f 1995/3/3 1994/3/3 1978/3/3
f 1978/3/3 1994/3/3 2242/3/3
f 2007/4/3 2006/4/3 2002/4/3
f 2002/4/3 2006/4/3 2015/4/3
f 2019/3/3 2018/3/3 2010/3/3
f 2010/3/3 2018/3/3 2043/3/3
f 2027/4/3 2026/4/3 2014/4/3
f 2014/4/3 2026/4/3 2035/4/3
f 2031/3/3 2030/3/3 2022/3/3
f 2022/3/3 2030/3/3 2180/3/3
f 2039/4/3 2038/4/3 2034/4/3
f 2034/4/3 2038/4/3 2047/4/3
f 2055/4/3 2054/4/3 2046/4/3
f 2046/4/3 2054/4/3 2059/4/3
f 2063/4/3 2062/4/3 2058/4/3
f 2058/4/3 2062/4/3 2071/4/3
f 2075/3/3 2074/3/3 2066/3/3
f 2066/3/3 2074/3/3 2095/3/3
f 2079/4/3 2078/4/3 2070/4/3
f 2070/4/3 2078/4/3 2087/4/3
f 2091/3/3 2090/3/3 2082/3/3
f 2082/3/3 2090/3/3 2163/3/3
f 2099/4/3 2098/4/3 2086/4/3
f 2086/4/3 2098/4/3 2107/4/3
f 2103/3/3 2102/3/3 2094/3/3
f 2094/3/3 2102/3/3 2258/3/3
f 2111/4/3 2110/4/3 2106/4/3
f 2106/4/3 2110/4/3 2115/4/3
f 2119/4/3 2118/4/3 2114/4/3
f 2114/4/3 2118/4/3 2130/4/3
f 2134/3/3 2133/3/3 2122/3/3
f 2122/3/3 2133/3/3 2198/3/3
f 2138/3/3 2137/3/3 2125/3/3
f 2125/3/3 2137/3/3 2248/3/3
f 2142/4/3 2141/4/3 2129/4/3
f 2129/4/3 2141/4/3 2149/4/3
f 2160/4/3 2159/4/3 2148/4/3
f 2148/4/3 2159/4/3 2322/4/3
f 2159/9/3 2173/9/3 2322/9/3
f 2322/9/3 2173/9/3 2323/9/3
f 2176/3/3 2175/3/3 2162/3/3
f 2162/3/3 2175/3/3 2245/3/3
f 2173/4/3 2187/4/3 2323/4/3
f 2323/4/3 2187/4/3 2324/4/3
f 2190/3/3 2189/3/3 2179/3/3
f 2179/3/3 2189/3/3 2211/3/3
f 2187/9/3 2195/9/3 2324/9/3
f 2324/9/3 2195/9/3 2325/9/3
f 2195/4/3 2204/4/3 2325/4/3
f 2325/4/3 2204/4/3 2326/4/3
f 2207/3/3 2206/3/3 2197/3/3
f 2197/3/3 2206/3/3 2239/3/3
f 2204/9/3 2217/9/3 2326/9/3
f 2326/9/3 2217/9/3 2327/9/3
f 2224/3/3 2223/3/3 2210/3/3
f 2210/3/3 2223/3/3 2256/3/3
f 2217/4/3 2230/4/3 2327/4/3
f 2327/4/3 2230/4/3 2328/4/3
f 2230/9/3 2267/9/3 2328/9/3
f 2328/9/3 2267/9/3 2296/9/3
f 1874/9/3 1873/9/3 2268/9/3
f 2268/9/3 1873/9/3 1901/9/3
f 1904/9/3 1903/9/3 2269/9/3
f 2269/9/3 1903/9/3 2270/9/3
f 1902/9/3 1914/9/3 1900/9/3
f 1900/9/3 1914/9/3 2271/9/3
f 2329/3/3 2330/3/3 1925/3/3
f 1925/3/3 2330/3/3 1951/3/3
f 1999/3/3 1998/3/3 1986/3/3
f 1986/3/3 1998/3/3 2067/3/3
f 2331/3/3 2332/3/3 2042/3/3
f 2042/3/3 2332/3/3 2083/3/3
f 2333/3/3 2334/3/3 2219/3/3
f 2219/3/3 2334/3/3 2254/3/3
f 1932/1/3 1931/1/3 2329/1/3
f 2329/1/3 1931/1/3 2330/1/3
f 2051/1/3 2050/1/3 2331/1/3
f 2331/1/3 2050/1/3 2332/1/3
f 2252/1/3 2251/1/3 2333/1/3
f 2333/1/3 2251/1/3 2334/1/3
f 238/6/4 519/6/4 1729/6/4
f 1729/6/4 519/6/4 1877/6/4
f 1732/6/4 1876/6/4 1748/6/4
f 1748/6/4 1876/6/4 2237/6/4
f 1751/6/4 2236/6/4 1764/6/4
f 1764/6/4 2236/6/4 2123/6/4
f 1766/1/4 1979/1/4 1777/1/4
f 1777/1/4 1979/1/4 2012/1/4
f 1778/1/4 2011/1/4 1788/1/4
f 1788/1/4 2011/1/4 2127/1/4
f 1789/1/4 2126/1/4 1798/1/4
f 1798/1/4 2126/1/4 1940/1/4
f 1799/1/4 1939/1/4 1807/1/4
f 1807/1/4 1939/1/4 2335/1/4
f 1807/6/4 2335/6/4 1815/6/4
f 1815/6/4 2335/6/4 1908/6/4
f 1816/9/4 1907/9/4 1823/9/4
f 1823/9/4 1907/9/4 2336/9/4
f 1823/1/4 2336/1/4 1830/1/4
f 1830/1/4 2336/1/4 2337/1/4
f 1830/6/4 2337/6/4 1837/6/4
f 1837/6/4 2337/6/4 1886/6/4
f 1838/9/4 1885/9/4 1844/9/4
f 1844/9/4 1885/9/4 2338/9/4
f 1844/1/4 2338/1/4 1850/1/4
f 1850/1/4 2338/1/4 2339/1/4
f 1850/6/4 2339/6/4 1856/6/4
f 1856/6/4 2339/6/4 2262/6/4
f 1857/9/4 2261/9/4 1862/9/4
f 1862/9/4 2261/9/4 2340/9/4
f 1862/1/4 2340/1/4 1867/1/4
f 1867/1/4 2340/1/4 2341/1/4
f 1867/9/4 2341/9/4 1878/9/4
f 1878/9/4 2341/9/4 2342/9/4
f 1894/3/4 1883/3/4 1891/3/4
f 1891/3/4 1883/3/4 1927/3/4
f 1878/1/4 2342/1/4 1895/1/4
f 1895/1/4 2342/1/4 2343/1/4
f 1895/6/4 2343/6/4 1909/6/4
f 1909/6/4 2343/6/4 2168/6/4
f 1919/3/4 1905/3/4 1916/3/4
f 1916/3/4 1905/3/4 2024/3/4
f 1910/5/4 2167/5/4 1920/5/4
f 1920/5/4 2167/5/4 2154/5/4
f 1921/1/4 2153/1/4 1928/1/4
f 1928/1/4 2153/1/4 2147/1/4
f 1936/4/4 2146/4/4 1934/4/4
f 1934/4/4 2146/4/4 1944/4/4
f 1948/3/4 1937/3/4 1945/3/4
f 1945/3/4 1937/3/4 1972/3/4
f 1956/4/4 1941/4/4 1953/4/4
f 1953/4/4 1941/4/4 1964/4/4
f 1960/3/4 1949/3/4 1957/3/4
f 1957/3/4 1949/3/4 1988/3/4
f 1968/4/4 1961/4/4 1965/4/4
f 1965/4/4 1961/4/4 1976/4/4
f 1984/3/4 1969/3/4 1981/3/4
f 1981/3/4 1969/3/4 2221/3/4
f 1992/4/4 1973/4/4 1989/4/4
f 1989/4/4 1973/4/4 2004/4/4
f 1996/3/4 1977/3/4 1993/3/4
f 1993/3/4 1977/3/4 2243/3/4
f 2008/4/4 2001/4/4 2005/4/4
f 2005/4/4 2001/4/4 2016/4/4
f 2020/3/4 2009/3/4 2017/3/4
f 2017/3/4 2009/3/4 2044/3/4
f 2028/4/4 2013/4/4 2025/4/4
f 2025/4/4 2013/4/4 2036/4/4
f 2032/3/4 2021/3/4 2029/3/4
f 2029/3/4 2021/3/4 2181/3/4
f 2040/4/4 2033/4/4 2037/4/4
f 2037/4/4 2033/4/4 2048/4/4
f 2056/4/4 2045/4/4 2053/4/4
f 2053/4/4 2045/4/4 2060/4/4
f 2064/4/4 2057/4/4 2061/4/4
f 2061/4/4 2057/4/4 2072/4/4
f 2076/3/4 2065/3/4 2073/3/4
f 2073/3/4 2065/3/4 2096/3/4
f 2080/4/4 2069/4/4 2077/4/4
f 2077/4/4 2069/4/4 2088/4/4
f 2092/3/4 2081/3/4 2089/3/4
f 2089/3/4 2081/3/4 2164/3/4
f 2100/4/4 2085/4/4 2097/4/4
f 2097/4/4 2085/4/4 2108/4/4
f 2104/3/4 2093/3/4 2101/3/4
f 2101/3/4 2093/3/4 2259/3/4
f 2112/4/4 2105/4/4 2109/4/4
f 2109/4/4 2105/4/4 2116/4/4
f 2120/4/4 2113/4/4 2117/4/4
f 2117/4/4 2113/4/4 2131/4/4
f 2135/3/4 2121/3/4 2132/3/4
f 2132/3/4 2121/3/4 2199/3/4
f 2139/3/4 2124/3/4 2136/3/4
f 2136/3/4 2124/3/4 2249/3/4
f 2143/4/4 2128/4/4 2140/4/4
f 2140/4/4 2128/4/4 2150/4/4
f 2158/1/4 2144/1/4 2155/1/4
f 2155/1/4 2144/1/4 2152/1/4
f 2171/5/4 2151/5/4 2169/5/4
f 2169/5/4 2151/5/4 2166/5/4
f 2177/3/4 2161/3/4 2174/3/4
f 2174/3/4 2161/3/4 2246/3/4
f 2184/6/4 2165/6/4 2182/6/4
f 2182/6/4 2165/6/4 2344/6/4
f 2191/3/4 2178/3/4 2188/3/4
f 2188/3/4 2178/3/4 2212/3/4
f 2182/1/4 2344/1/4 2200/1/4
f 2200/1/4 2344/1/4 2345/1/4
f 2208/3/4 2196/3/4 2205/3/4
f 2205/3/4 2196/3/4 2240/3/4
f 2200/9/4 2345/9/4 2213/9/4
f 2213/9/4 2345/9/4 2346/9/4
f 2225/3/4 2209/3/4 2222/3/4
f 2222/3/4 2209/3/4 2219/3/4
f 2213/1/4 2346/1/4 2226/1/4
f 2226/1/4 2346/1/4 2347/1/4
f 2226/9/4 2347/9/4 2263/9/4
f 2263/9/4 2347/9/4 2260/9/4
f 536/9/4 561/9/4 1872/9/4
f 1872/9/4 561/9/4 560/9/4
f 1873/9/4 1901/9/4 1902/9/4
f 1902/9/4 1901/9/4 1900/9/4
f 1915/9/4 616/9/4 642/9/4
f 642/9/4 616/9/4 631/9/4
f 2348/3/4 1924/3/4 2349/3/4
f 2349/3/4 1924/3/4 1952/3/4
f 2000/3/4 1985/3/4 1997/3/4
f 1997/3/4 1985/3/4 2068/3/4
f 2350/3/4 2041/3/4 2351/3/4
f 2351/3/4 2041/3/4 2084/3/4
f 2352/3/4 2218/3/4 2353/3/4
f 2353/3/4 2218/3/4 2247/3/4
f 1933/1/4 2348/1/4 1930/1/4
f 1930/1/4 2348/1/4 2349/1/4
f 2052/1/4 2350/1/4 2049/1/4
f 2049/1/4 2350/1/4 2351/1/4
f 2253/1/4 2352/1/4 2250/1/4
f 2250/1/4 2352/1/4 2353/1/4
f 2354/6/5 1730/6/5 1877/6/5
f 1877/6/5 1730/6/5 1729/6/5
f 2232/5/5 1900/5/5 1437/5/5
f 1437/5/5 1900/5/5 616/5/5
f 1901/9/5 1873/9/5 560/9/5
f 560/9/5 1873/9/5 1872/9/5
f 2271/9/5 1914/9/5 631/9/5
f 631/9/5 1914/9/5 642/9/5
f 2355/1/5 1731/1/5 2354/1/5
f 2354/1/5 1731/1/5 1730/1/5
f 2270/9/5 1903/9/5 1900/9/5
f 1900/9/5 1903/9/5 1902/9/5
f 1876/9/5 1732/9/5 2355/9/5
f 2355/9/5 1732/9/5 1731/9/5
f 2356/6/5 1749/6/5 2237/6/5
f 2237/6/5 1749/6/5 1748/6/5
f 2357/1/5 1750/1/5 2356/1/5
f 2356/1/5 1750/1/5 1749/1/5
f 2236/9/5 1751/9/5 2357/9/5
f 2357/9/5 1751/9/5 1750/9/5
f 1980/6/5 1765/6/5 2123/6/5
f 2123/6/5 1765/6/5 1764/6/5
f 2198/3/5 2133/3/5 2199/3/5
f 2199/3/5 2133/3/5 2132/3/5
f 2239/3/5 2206/3/5 2240/3/5
f 2240/3/5 2206/3/5 2205/3/5
f 1979/1/5 1766/1/5 1980/1/5
f 1980/1/5 1766/1/5 1765/1/5
f 2242/3/5 1994/3/5 2243/3/5
f 2243/3/5 1994/3/5 1993/3/5
f 2011/1/5 1778/1/5 2012/1/5
f 2012/1/5 1778/1/5 1777/1/5
f 2043/3/5 2018/3/5 2044/3/5
f 2044/3/5 2018/3/5 2017/3/5
f 2163/3/5 2090/3/5 2164/3/5
f 2164/3/5 2090/3/5 2089/3/5
f 2245/3/5 2175/3/5 2246/3/5
f 2246/3/5 2175/3/5 2174/3/5
f 2083/3/5 2332/3/5 2084/3/5
f 2084/3/5 2332/3/5 2351/3/5
f 2332/1/5 2050/1/5 2351/1/5
f 2351/1/5 2050/1/5 2049/1/5
f 2126/1/5 1789/1/5 2127/1/5
f 2127/1/5 1789/1/5 1788/1/5
f 2248/3/5 2137/3/5 2249/3/5
f 2249/3/5 2137/3/5 2136/3/5
f 1939/1/5 1799/1/5 1940/1/5
f 1940/1/5 1799/1/5 1798/1/5
f 1971/3/5 1946/3/5 1972/3/5
f 1972/3/5 1946/3/5 1945/3/5
f 2220/3/5 1982/3/5 2221/3/5
f 2221/3/5 1982/3/5 1981/3/5
f 2254/3/5 2334/3/5 2247/3/5
f 2247/3/5 2334/3/5 2353/3/5
f 2334/1/5 2251/1/5 2353/1/5
f 2353/1/5 2251/1/5 2250/1/5
f 1907/6/5 1816/6/5 1908/6/5
f 1908/6/5 1816/6/5 1815/6/5
f 2023/3/5 1917/3/5 2024/3/5
f 2024/3/5 1917/3/5 1916/3/5
f 2180/3/5 2030/3/5 2181/3/5
f 2181/3/5 2030/3/5 2029/3/5
f 2211/3/5 2189/3/5 2212/3/5
f 2212/3/5 2189/3/5 2188/3/5
f 2256/3/5 2223/3/5 2219/3/5
f 2219/3/5 2223/3/5 2222/3/5
f 1885/6/5 1838/6/5 1886/6/5
f 1886/6/5 1838/6/5 1837/6/5
f 1926/3/5 1892/3/5 1927/3/5
f 1927/3/5 1892/3/5 1891/3/5
f 1987/3/5 1958/3/5 1988/3/5
f 1988/3/5 1958/3/5 1957/3/5
f 2095/3/5 2074/3/5 2096/3/5
f 2096/3/5 2074/3/5 2073/3/5
f 2258/3/5 2102/3/5 2259/3/5
f 2259/3/5 2102/3/5 2101/3/5
f 1951/3/5 2330/3/5 1952/3/5
f 1952/3/5 2330/3/5 2349/3/5
f 2067/3/5 1998/3/5 2068/3/5
f 2068/3/5 1998/3/5 1997/3/5
f 2330/1/5 1931/1/5 2349/1/5
f 2349/1/5 1931/1/5 1930/1/5
f 2261/6/5 1857/6/5 2262/6/5
f 2262/6/5 1857/6/5 1856/6/5
f 2167/6/5 1910/6/5 2168/6/5
f 2168/6/5 1910/6/5 1909/6/5
f 2153/5/5 1921/5/5 2154/5/5
f 2154/5/5 1921/5/5 1920/5/5
f 2146/1/5 1936/1/5 2147/1/5
f 2147/1/5 1936/1/5 1928/1/5
f 1943/4/5 1935/4/5 1944/4/5
f 1944/4/5 1935/4/5 1934/4/5
f 1963/4/5 1954/4/5 1964/4/5
f 1964/4/5 1954/4/5 1953/4/5
f 1975/4/5 1966/4/5 1976/4/5
f 1976/4/5 1966/4/5 1965/4/5
f 2003/4/5 1990/4/5 2004/4/5
f 2004/4/5 1990/4/5 1989/4/5
f 2015/4/5 2006/4/5 2016/4/5
f 2016/4/5 2006/4/5 2005/4/5
f 2035/4/5 2026/4/5 2036/4/5
f 2036/4/5 2026/4/5 2025/4/5
f 2047/4/5 2038/4/5 2048/4/5
f 2048/4/5 2038/4/5 2037/4/5
f 2059/4/5 2054/4/5 2060/4/5
f 2060/4/5 2054/4/5 2053/4/5
f 2071/4/5 2062/4/5 2072/4/5
f 2072/4/5 2062/4/5 2061/4/5
f 2087/4/5 2078/4/5 2088/4/5
f 2088/4/5 2078/4/5 2077/4/5
f 2107/4/5 2098/4/5 2108/4/5
f 2108/4/5 2098/4/5 2097/4/5
f 2115/4/5 2110/4/5 2116/4/5
f 2116/4/5 2110/4/5 2109/4/5
f 2130/4/5 2118/4/5 2131/4/5
f 2131/4/5 2118/4/5 2117/4/5
f 2149/4/5 2141/4/5 2150/4/5
f 2150/4/5 2141/4/5 2140/4/5
f 2358/9/6 1638/9/6 1642/9/6
f 1642/9/6 1638/9/6 125/9/6
f 2234/5/6 1432/5/6 1901/5/6
f 1901/5/6 1432/5/6 560/5/6
f 2268/9/6 561/9/6 1874/9/6
f 1874/9/6 561/9/6 536/9/6
f 1900/9/6 616/9/6 1902/9/6
f 1902/9/6 616/9/6 1915/9/6
f 2359/4/6 2358/4/6 1641/4/6
f 1641/4/6 2358/4/6 1642/4/6
f 2269/9/6 1901/9/6 1904/9/6
f 1904/9/6 1901/9/6 1873/9/6
f 2360/9/6 2359/9/6 1646/9/6
f 1646/9/6 2359/9/6 1641/9/6
f 2361/4/6 2360/4/6 1645/4/6
f 1645/4/6 2360/4/6 1646/4/6
f 2362/9/6 2361/9/6 1650/9/6
f 1650/9/6 2361/9/6 1645/9/6
f 2363/4/6 2362/4/6 1649/4/6
f 1649/4/6 2362/4/6 1650/4/6
f 2364/9/6 2363/9/6 1654/9/6
f 1654/9/6 2363/9/6 1649/9/6
f 2122/3/6 2121/3/6 2134/3/6
f 2134/3/6 2121/3/6 2135/3/6
f 2197/3/6 2196/3/6 2207/3/6
f 2207/3/6 2196/3/6 2208/3/6
f 2365/4/6 2364/4/6 1653/4/6
f 1653/4/6 2364/4/6 1654/4/6
f 1978/3/6 1977/3/6 1995/3/6
f 1995/3/6 1977/3/6 1996/3/6
f 2366/9/6 2365/9/6 1658/9/6
f 1658/9/6 2365/9/6 1653/9/6
f 2010/3/6 2009/3/6 2019/3/6
f 2019/3/6 2009/3/6 2020/3/6
f 2082/3/6 2081/3/6 2091/3/6
f 2091/3/6 2081/3/6 2092/3/6
f 2162/3/6 2161/3/6 2176/3/6
f 2176/3/6 2161/3/6 2177/3/6
f 2042/3/6 2041/3/6 2331/3/6
f 2331/3/6 2041/3/6 2350/3/6
f 2331/1/6 2350/1/6 2051/1/6
f 2051/1/6 2350/1/6 2052/1/6
f 2367/4/6 2366/4/6 1657/4/6
f 1657/4/6 2366/4/6 1658/4/6
f 2125/3/6 2124/3/6 2138/3/6
f 2138/3/6 2124/3/6 2139/3/6
f 2368/9/6 2367/9/6 1662/9/6
f 1662/9/6 2367/9/6 1657/9/6
f 1938/3/6 1937/3/6 1947/3/6
f 1947/3/6 1937/3/6 1948/3/6
f 1970/3/6 1969/3/6 1983/3/6
f 1983/3/6 1969/3/6 1984/3/6
f 2219/3/6 2218/3/6 2333/3/6
f 2333/3/6 2218/3/6 2352/3/6
f 2333/1/6 2352/1/6 2252/1/6
f 2252/1/6 2352/1/6 2253/1/6
f 2369/4/6 2368/4/6 1661/4/6
f 1661/4/6 2368/4/6 1662/4/6
f 1906/3/6 1905/3/6 1918/3/6
f 1918/3/6 1905/3/6 1919/3/6
f 2022/3/6 2021/3/6 2031/3/6
f 2031/3/6 2021/3/6 2032/3/6
f 2179/3/6 2178/3/6 2190/3/6
f 2190/3/6 2178/3/6 2191/3/6
f 2210/3/6 2209/3/6 2224/3/6
f 2224/3/6 2209/3/6 2225/3/6
f 2370/9/6 2369/9/6 1666/9/6
f 1666/9/6 2369/9/6 1661/9/6
f 1884/3/6 1883/3/6 1893/3/6
f 1893/3/6 1883/3/6 1894/3/6
f 1950/3/6 1949/3/6 1959/3/6
f 1959/3/6 1949/3/6 1960/3/6
f 2066/3/6 2065/3/6 2075/3/6
f 2075/3/6 2065/3/6 2076/3/6
f 2094/3/6 2093/3/6 2103/3/6
f 2103/3/6 2093/3/6 2104/3/6
f 1925/3/6 1924/3/6 2329/3/6
f 2329/3/6 1924/3/6 2348/3/6
f 1986/3/6 1985/3/6 1999/3/6
f 1999/3/6 1985/3/6 2000/3/6
f 2329/1/6 2348/1/6 1932/1/6
f 1932/1/6 2348/1/6 1933/1/6
f 2371/4/6 2370/4/6 1665/4/6
f 1665/4/6 2370/4/6 1666/4/6
f 2372/9/6 2371/9/6 1670/9/6
f 1670/9/6 2371/9/6 1665/9/6
f 2166/6/6 2165/6/6 2169/6/6
f 2169/6/6 2165/6/6 2184/6/6
f 2373/4/6 2372/4/6 1669/4/6
f 1669/4/6 2372/4/6 1670/4/6
f 2152/5/6 2151/5/6 2155/5/6
f 2155/5/6 2151/5/6 2171/5/6
f 2374/9/6 2373/9/6 1674/9/6
f 1674/9/6 2373/9/6 1669/9/6
f 2145/1/6 2144/1/6 2157/1/6
f 2157/1/6 2144/1/6 2158/1/6
f 2272/2/6 1421/2/6 2274/2/6
f 2274/2/6 1421/2/6 1629/2/6
f 2274/7/6 1629/7/6 2276/7/6
f 2276/7/6 1629/7/6 1630/7/6
f 2276/2/6 1630/2/6 2278/2/6
f 2278/2/6 1630/2/6 1631/2/6
f 2278/7/6 1631/7/6 2280/7/6
f 2280/7/6 1631/7/6 1632/7/6
f 2280/2/6 1632/2/6 2282/2/6
f 2282/2/6 1632/2/6 1633/2/6
f 2282/5/6 1633/5/6 2284/5/6
f 2284/5/6 1633/5/6 1634/5/6
f 2284/2/6 1634/2/6 2286/2/6
f 2286/2/6 1634/2/6 1635/2/6
f 2286/5/6 1635/5/6 2288/5/6
f 2288/5/6 1635/5/6 1636/5/6
f 2288/2/6 1636/2/6 2290/2/6
f 2290/2/6 1636/2/6 1637/2/6
f 2290/8/6 1637/8/6 2292/8/6
f 2292/8/6 1637/8/6 1638/8/6
f 2292/4/6 2374/4/6 1673/4/6
f 1673/4/6 2374/4/6 1674/4/6
f 1942/4/6 1941/4/6 1955/4/6
f 1955/4/6 1941/4/6 1956/4/6
f 1962/4/6 1961/4/6 1967/4/6
f 1967/4/6 1961/4/6 1968/4/6
f 1974/4/6 1973/4/6 1991/4/6
f 1991/4/6 1973/4/6 1992/4/6
f 2002/4/6 2001/4/6 2007/4/6
f 2007/4/6 2001/4/6 2008/4/6
f 2014/4/6 2013/4/6 2027/4/6
f 2027/4/6 2013/4/6 2028/4/6
f 2034/4/6 2033/4/6 2039/4/6
f 2039/4/6 2033/4/6 2040/4/6
f 2046/4/6 2045/4/6 2055/4/6
f 2055/4/6 2045/4/6 2056/4/6
f 2058/4/6 2057/4/6 2063/4/6
f 2063/4/6 2057/4/6 2064/4/6
f 2070/4/6 2069/4/6 2079/4/6
f 2079/4/6 2069/4/6 2080/4/6
f 2086/4/6 2085/4/6 2099/4/6
f 2099/4/6 2085/4/6 2100/4/6
f 2106/4/6 2105/4/6 2111/4/6
f 2111/4/6 2105/4/6 2112/4/6
f 2114/4/6 2113/4/6 2119/4/6
f 2119/4/6 2113/4/6 2120/4/6
f 2129/4/6 2128/4/6 2142/4/6
f 2142/4/6 2128/4/6 2143/4/6
f 2148/4/6 2145/4/6 2160/4/6
f 2160/4/6 2145/4/6 2157/4/6
f 2375/9/1 2376/9/1 1231/9/1
f 1231/9/1 2376/9/1 1234/9/1
f 2376/1/1 2377/1/1 1234/1/1
f 1234/1/1 2377/1/1 1235/1/1
f 2377/6/1 2378/6/1 1235/6/1
f 1235/6/1 2378/6/1 2379/6/1
f 2380/10/1 2381/10/1 1243/10/1
f 1243/10/1 2381/10/1 1365/10/1
f 2382/4/1 2383/4/1 2375/4/1
f 2375/4/1 2383/4/1 2384/4/1
f 2385/5/1 2386/5/1 2387/5/1
f 2387/5/1 2386/5/1 2376/5/1
f 2386/9/1 2388/9/1 2376/9/1
f 2376/9/1 2388/9/1 2377/9/1
f 2388/1/1 2389/1/1 2377/1/1
f 2377/1/1 2389/1/1 2378/1/1
f 2390/3/1 2391/3/1 2393/3/1
f 2393/3/1 2391/3/1 2392/3/1
f 2394/10/1 2395/10/1 2396/10/1
f 2396/10/1 2395/10/1 2381/10/1
f 2397/9/1 2398/9/1 2382/9/1
f 2382/9/1 2398/9/1 2383/9/1
f 2399/9/1 2400/9/1 2385/9/1
f 2385/9/1 2400/9/1 2386/9/1
f 2400/5/1 2401/5/1 2386/5/1
f 2386/5/1 2401/5/1 2388/5/1
f 2401/9/1 2402/9/1 2388/9/1
f 2388/9/1 2402/9/1 2389/9/1
f 2403/10/1 2404/10/1 1237/10/1
f 1237/10/1 2404/10/1 1243/10/1
f 2405/10/1 2406/10/1 2407/10/1
f 2407/10/1 2406/10/1 2396/10/1
f 2408/3/1 2409/3/1 2411/3/1
f 2411/3/1 2409/3/1 2410/3/1
f 2412/4/1 2413/4/1 2397/4/1
f 2397/4/1 2413/4/1 2398/4/1
f 2414/5/1 2415/5/1 2399/5/1
f 2399/5/1 2415/5/1 2400/5/1
f 2415/9/1 2416/9/1 2400/9/1
f 2400/9/1 2416/9/1 2401/9/1
f 2416/1/1 2417/1/1 2401/1/1
f 2401/1/1 2417/1/1 2402/1/1
f 2417/6/1 2418/6/1 2402/6/1
f 2402/6/1 2418/6/1 2419/6/1
f 2420/3/1 2421/3/1 2423/3/1
f 2423/3/1 2421/3/1 2422/3/1
f 2424/9/1 2425/9/1 2412/9/1
f 2412/9/1 2425/9/1 2413/9/1
f 2426/9/1 2427/9/1 2414/9/1
f 2414/9/1 2427/9/1 2415/9/1
f 2427/5/1 2428/5/1 2415/5/1
f 2415/5/1 2428/5/1 2416/5/1
f 2428/9/1 2429/9/1 2416/9/1
f 2416/9/1 2429/9/1 2417/9/1
f 2429/1/1 2430/1/1 2417/1/1
f 2417/1/1 2430/1/1 2418/1/1
f 2431/10/1 2432/10/1 2406/10/1
f 2406/10/1 2432/10/1 2433/10/1
f 2434/10/1 2435/10/1 2436/10/1
f 2436/10/1 2435/10/1 2395/10/1
f 2437/4/1 2438/4/1 2424/4/1
f 2424/4/1 2438/4/1 2425/4/1
f 2439/5/1 2440/5/1 2426/5/1
f 2426/5/1 2440/5/1 2427/5/1
f 2440/9/1 2441/9/1 2427/9/1
f 2427/9/1 2441/9/1 2428/9/1
f 2441/5/1 2442/5/1 2428/5/1
f 2428/5/1 2442/5/1 2429/5/1
f 2442/9/1 2443/9/1 2429/9/1
f 2429/9/1 2443/9/1 2430/9/1
f 2444/10/1 2445/10/1 2446/10/1
f 2446/10/1 2445/10/1 2404/10/1
f 2447/1/1 2448/1/1 2450/1/1
f 2450/1/1 2448/1/1 2449/1/1
f 2451/3/1 2452/3/1 2454/3/1
f 2454/3/1 2452/3/1 2453/3/1
f 2455/9/1 2456/9/1 2437/9/1
f 2437/9/1 2456/9/1 2438/9/1
f 2457/9/1 2458/9/1 2439/9/1
f 2439/9/1 2458/9/1 2440/9/1
f 2458/5/1 2459/5/1 2440/5/1
f 2440/5/1 2459/5/1 2441/5/1
f 2459/9/1 2460/9/1 2441/9/1
f 2441/9/1 2460/9/1 2442/9/1
f 2460/1/1 2461/1/1 2442/1/1
f 2442/1/1 2461/1/1 2443/1/1
f 2461/6/1 2462/6/1 2443/6/1
f 2443/6/1 2462/6/1 2463/6/1
f 2464/10/1 2465/10/1 2466/10/1
f 2466/10/1 2465/10/1 2406/10/1
f 2467/10/1 2468/10/1 2469/10/1
f 2469/10/1 2468/10/1 2435/10/1
f 2470/4/1 2471/4/1 2455/4/1
f 2455/4/1 2471/4/1 2456/4/1
f 2472/5/1 2473/5/1 2457/5/1
f 2457/5/1 2473/5/1 2458/5/1
f 2473/9/1 2474/9/1 2458/9/1
f 2458/9/1 2474/9/1 2459/9/1
f 2474/5/1 2475/5/1 2459/5/1
f 2459/5/1 2475/5/1 2460/5/1
f 2475/9/1 2476/9/1 2460/9/1
f 2460/9/1 2476/9/1 2461/9/1
f 2476/1/1 2477/1/1 2461/1/1
f 2461/1/1 2477/1/1 2462/1/1
f 2478/10/1 2479/10/1 2481/10/1
f 2481/10/1 2479/10/1 2480/10/1
f 2482/3/1 2483/3/1 2485/3/1
f 2485/3/1 2483/3/1 2484/3/1
f 2486/10/1 2487/10/1 2488/10/1
f 2488/10/1 2487/10/1 2436/10/1
f 2489/10/1 2490/10/1 2491/10/1
f 2491/10/1 2490/10/1 2469/10/1
f 2492/3/1 2493/3/1 2495/3/1
f 2495/3/1 2493/3/1 2494/3/1
f 2496/9/1 2497/9/1 2470/9/1
f 2470/9/1 2497/9/1 2471/9/1
f 2498/9/1 2499/9/1 2472/9/1
f 2472/9/1 2499/9/1 2473/9/1
f 2499/5/1 2500/5/1 2473/5/1
f 2473/5/1 2500/5/1 2474/5/1
f 2500/9/1 2501/9/1 2474/9/1
f 2474/9/1 2501/9/1 2475/9/1
f 2501/5/1 2502/5/1 2475/5/1
f 2475/5/1 2502/5/1 2476/5/1
f 2502/9/1 2503/9/1 2476/9/1
f 2476/9/1 2503/9/1 2477/9/1
f 2503/1/1 2504/1/1 2477/1/1
f 2477/1/1 2504/1/1 2505/1/1
f 2506/10/1 2507/10/1 2508/10/1
f 2508/10/1 2507/10/1 2407/10/1
f 2509/3/1 2510/3/1 2512/3/1
f 2512/3/1 2510/3/1 2511/3/1
f 2513/10/1 2514/10/1 2515/10/1
f 2515/10/1 2514/10/1 2491/10/1
f 2516/3/1 2517/3/1 2519/3/1
f 2519/3/1 2517/3/1 2518/3/1
f 2520/10/1 2521/10/1 2523/10/1
f 2523/10/1 2521/10/1 2522/10/1
f 2524/3/1 2525/3/1 2527/3/1
f 2527/3/1 2525/3/1 2526/3/1
f 2528/3/1 2529/3/1 2531/3/1
f 2531/3/1 2529/3/1 2530/3/1
f 2532/3/1 2533/3/1 2535/3/1
f 2535/3/1 2533/3/1 2534/3/1
f 2536/3/1 2537/3/1 2539/3/1
f 2539/3/1 2537/3/1 2538/3/1
f 2540/3/1 2541/3/1 2543/3/1
f 2543/3/1 2541/3/1 2542/3/1
f 2544/4/1 2545/4/1 2496/4/1
f 2496/4/1 2545/4/1 2497/4/1
f 2546/5/1 2547/5/1 2498/5/1
f 2498/5/1 2547/5/1 2499/5/1
f 2547/9/1 2548/9/1 2499/9/1
f 2499/9/1 2548/9/1 2500/9/1
f 2548/5/1 2549/5/1 2500/5/1
f 2500/5/1 2549/5/1 2501/5/1
f 2549/9/1 2550/9/1 2501/9/1
f 2501/9/1 2550/9/1 2502/9/1
f 2550/5/1 2551/5/1 2502/5/1
f 2502/5/1 2551/5/1 2503/5/1
f 2551/9/1 2552/9/1 2503/9/1
f 2503/9/1 2552/9/1 2504/9/1
f 2552/1/1 2553/1/1 2504/1/1
f 2504/1/1 2553/1/1 2554/1/1
f 2555/10/1 2556/10/1 2558/10/1
f 2558/10/1 2556/10/1 2557/10/1
f 2559/10/1 2560/10/1 2562/10/1
f 2562/10/1 2560/10/1 2561/10/1
f 2563/3/1 2564/3/1 2566/3/1
f 2566/3/1 2564/3/1 2565/3/1
f 2567/3/1 2568/3/1 2570/3/1
f 2570/3/1 2568/3/1 2569/3/1
f 2571/3/1 2572/3/1 2574/3/1
f 2574/3/1 2572/3/1 2573/3/1
f 2575/10/1 2576/10/1 2578/10/1
f 2578/10/1 2576/10/1 2577/10/1
f 2579/9/1 2580/9/1 2544/9/1
f 2544/9/1 2580/9/1 2545/9/1
f 2581/9/1 2582/9/1 2546/9/1
f 2546/9/1 2582/9/1 2547/9/1
f 2582/5/1 2583/5/1 2547/5/1
f 2547/5/1 2583/5/1 2548/5/1
f 2583/9/1 2584/9/1 2548/9/1
f 2548/9/1 2584/9/1 2549/9/1
f 2584/5/1 2585/5/1 2549/5/1
f 2549/5/1 2585/5/1 2550/5/1
f 2585/9/1 2586/9/1 2550/9/1
f 2550/9/1 2586/9/1 2551/9/1
f 2586/5/1 2587/5/1 2551/5/1
f 2551/5/1 2587/5/1 2552/5/1
f 2587/9/1 2588/9/1 2552/9/1
f 2552/9/1 2588/9/1 2553/9/1
f 2588/1/1 2589/1/1 2553/1/1
f 2553/1/1 2589/1/1 2590/1/1
f 2591/10/1 2592/10/1 2594/10/1
f 2594/10/1 2592/10/1 2593/10/1
f 2592/10/1 2595/10/1 2597/10/1
f 2597/10/1 2595/10/1 2596/10/1
f 2598/3/1 2599/3/1 2601/3/1
f 2601/3/1 2599/3/1 2600/3/1
f 2602/10/1 2603/10/1 2604/10/1
f 2604/10/1 2603/10/1 2523/10/1
f 2605/10/1 2606/10/1 2608/10/1
f 2608/10/1 2606/10/1 2607/10/1
f 2609/10/1 2610/10/1 2612/10/1
f 2612/10/1 2610/10/1 2611/10/1
f 2613/10/1 2614/10/1 2616/10/1
f 2616/10/1 2614/10/1 2615/10/1
f 2617/10/1 2618/10/1 2620/10/1
f 2620/10/1 2618/10/1 2619/10/1
f 2621/1/1 2622/1/1 2624/1/1
f 2624/1/1 2622/1/1 2623/1/1
f 2625/4/1 2626/4/1 2579/4/1
f 2579/4/1 2626/4/1 2580/4/1
f 2627/5/1 2628/5/1 2581/5/1
f 2581/5/1 2628/5/1 2582/5/1
f 2628/9/1 2629/9/1 2582/9/1
f 2582/9/1 2629/9/1 2583/9/1
f 2629/5/1 2630/5/1 2583/5/1
f 2583/5/1 2630/5/1 2584/5/1
f 2630/9/1 2631/9/1 2584/9/1
f 2584/9/1 2631/9/1 2585/9/1
f 2631/5/1 2632/5/1 2585/5/1
f 2585/5/1 2632/5/1 2586/5/1
f 2632/9/1 2633/9/1 2586/9/1
f 2586/9/1 2633/9/1 2587/9/1
f 2633/5/1 2634/5/1 2587/5/1
f 2587/5/1 2634/5/1 2588/5/1
f 2634/9/1 2635/9/1 2588/9/1
f 2588/9/1 2635/9/1 2589/9/1
f 2635/1/1 2636/1/1 2589/1/1
f 2589/1/1 2636/1/1 2637/1/1
f 2636/6/1 2638/6/1 2637/6/1
f 2637/6/1 2638/6/1 2639/6/1
f 2640/10/1 2641/10/1 2643/10/1
f 2643/10/1 2641/10/1 2642/10/1
f 2641/10/1 2644/10/1 2646/10/1
f 2646/10/1 2644/10/1 2645/10/1
f 2644/10/1 2647/10/1 2648/10/1
f 2648/10/1 2647/10/1 2515/10/1
f 2649/3/1 2650/3/1 2652/3/1
f 2652/3/1 2650/3/1 2651/3/1
f 2653/3/1 2654/3/1 2656/3/1
f 2656/3/1 2654/3/1 2655/3/1
f 2657/10/1 2658/10/1 2660/10/1
f 2660/10/1 2658/10/1 2659/10/1
f 2661/3/1 2662/3/1 2664/3/1
f 2664/3/1 2662/3/1 2663/3/1
f 2665/1/1 2666/1/1 2668/1/1
f 2668/1/1 2666/1/1 2667/1/1
f 2669/3/1 2670/3/1 2672/3/1
f 2672/3/1 2670/3/1 2671/3/1
f 2673/3/1 2674/3/1 2676/3/1
f 2676/3/1 2674/3/1 2675/3/1
f 2677/10/1 2678/10/1 2680/10/1
f 2680/10/1 2678/10/1 2679/10/1
f 2681/10/1 2682/10/1 2684/10/1
f 2684/10/1 2682/10/1 2683/10/1
f 2685/9/1 2686/9/1 2625/9/1
f 2625/9/1 2686/9/1 2626/9/1
f 2687/9/1 2688/9/1 2627/9/1
f 2627/9/1 2688/9/1 2628/9/1
f 2688/5/1 2689/5/1 2628/5/1
f 2628/5/1 2689/5/1 2629/5/1
f 2689/9/1 2690/9/1 2629/9/1
f 2629/9/1 2690/9/1 2630/9/1
f 2690/5/1 2691/5/1 2630/5/1
f 2630/5/1 2691/5/1 2631/5/1
f 2691/9/1 2692/9/1 2631/9/1
f 2631/9/1 2692/9/1 2632/9/1
f 2692/5/1 2693/5/1 2632/5/1
f 2632/5/1 2693/5/1 2633/5/1
f 2693/9/1 2694/9/1 2633/9/1
f 2633/9/1 2694/9/1 2634/9/1
f 2694/5/1 2695/5/1 2634/5/1
f 2634/5/1 2695/5/1 2635/5/1
f 2695/9/1 2696/9/1 2635/9/1
f 2635/9/1 2696/9/1 2636/9/1
f 2696/1/1 2697/1/1 2636/1/1
f 2636/1/1 2697/1/1 2638/1/1
f 2697/9/1 2698/9/1 2638/9/1
f 2638/9/1 2698/9/1 2699/9/1
f 2698/1/1 2700/1/1 2699/1/1
f 2699/1/1 2700/1/1 2701/1/1
f 2700/6/1 2702/6/1 2701/6/1
f 2701/6/1 2702/6/1 2703/6/1
f 2704/10/1 2705/10/1 2706/10/1
f 2706/10/1 2705/10/1 2647/10/1
f 2705/10/1 2707/10/1 2709/10/1
f 2709/10/1 2707/10/1 2708/10/1
f 2707/10/1 2710/10/1 2712/10/1
f 2712/10/1 2710/10/1 2711/10/1
f 2713/3/1 2714/3/1 2716/3/1
f 2716/3/1 2714/3/1 2715/3/1
f 2717/3/1 2718/3/1 2720/3/1
f 2720/3/1 2718/3/1 2719/3/1
f 2721/3/1 2722/3/1 2724/3/1
f 2724/3/1 2722/3/1 2723/3/1
f 2725/4/1 2726/4/1 2685/4/1
f 2685/4/1 2726/4/1 2686/4/1
f 2727/5/1 2728/5/1 2687/5/1
f 2687/5/1 2728/5/1 2688/5/1
f 2728/9/1 2729/9/1 2688/9/1
f 2688/9/1 2729/9/1 2689/9/1
f 2729/5/1 2730/5/1 2689/5/1
f 2689/5/1 2730/5/1 2690/5/1
f 2730/9/1 2731/9/1 2690/9/1
f 2690/9/1 2731/9/1 2691/9/1
f 2731/5/1 2732/5/1 2691/5/1
f 2691/5/1 2732/5/1 2692/5/1
f 2732/9/1 2733/9/1 2692/9/1
f 2692/9/1 2733/9/1 2693/9/1
f 2733/5/1 2734/5/1 2693/5/1
f 2693/5/1 2734/5/1 2694/5/1
f 2734/9/1 2735/9/1 2694/9/1
f 2694/9/1 2735/9/1 2695/9/1
f 2735/5/1 2736/5/1 2695/5/1
f 2695/5/1 2736/5/1 2696/5/1
f 2736/9/1 2737/9/1 2696/9/1
f 2696/9/1 2737/9/1 2697/9/1
f 2737/5/1 2738/5/1 2697/5/1
f 2697/5/1 2738/5/1 2698/5/1
f 2738/9/1 2739/9/1 2698/9/1
f 2698/9/1 2739/9/1 2700/9/1
f 2739/1/1 2740/1/1 2700/1/1
f 2700/1/1 2740/1/1 2702/1/1
f 2740/9/1 2741/9/1 2702/9/1
f 2702/9/1 2741/9/1 2742/9/1
f 2741/1/1 2743/1/1 2742/1/1
f 2742/1/1 2743/1/1 2744/1/1
f 2743/6/1 2745/6/1 2744/6/1
f 2744/6/1 2745/6/1 2746/6/1
f 2747/10/1 2748/10/1 2749/10/1
f 2749/10/1 2748/10/1 2710/10/1
f 2748/10/1 2750/10/1 2751/10/1
f 2751/10/1 2750/10/1 2604/10/1
f 2750/10/1 2752/10/1 2754/10/1
f 2754/10/1 2752/10/1 2753/10/1
f 2752/10/1 2755/10/1 2756/10/1
f 2756/10/1 2755/10/1 2603/10/1
f 2755/10/1 2757/10/1 2759/10/1
f 2759/10/1 2757/10/1 2758/10/1
f 2757/10/1 2760/10/1 2762/10/1
f 2762/10/1 2760/10/1 2761/10/1
f 2760/10/1 2763/10/1 2764/10/1
f 2764/10/1 2763/10/1 2606/10/1
f 2763/10/1 2765/10/1 2767/10/1
f 2767/10/1 2765/10/1 2766/10/1
f 2765/10/1 2768/10/1 2769/10/1
f 2769/10/1 2768/10/1 2612/10/1
f 2768/10/1 2770/10/1 2772/10/1
f 2772/10/1 2770/10/1 2771/10/1
f 2770/10/1 2773/10/1 2775/10/1
f 2775/10/1 2773/10/1 2774/10/1
f 2773/10/1 2776/10/1 2778/10/1
f 2778/10/1 2776/10/1 2777/10/1
f 2776/10/1 2779/10/1 2780/10/1
f 2780/10/1 2779/10/1 2616/10/1
f 2779/10/1 2781/10/1 2783/10/1
f 2783/10/1 2781/10/1 2782/10/1
f 2781/10/1 2784/10/1 2785/10/1
f 2785/10/1 2784/10/1 2614/10/1
f 2784/10/1 2786/10/1 2788/10/1
f 2788/10/1 2786/10/1 2787/10/1
f 2786/10/1 2789/10/1 2791/10/1
f 2791/10/1 2789/10/1 2790/10/1
f 2789/10/1 2792/10/1 2794/10/1
f 2794/10/1 2792/10/1 2793/10/1
f 2792/10/1 2795/10/1 2797/10/1
f 2797/10/1 2795/10/1 2796/10/1
f 2795/10/1 2798/10/1 2799/10/1
f 2799/10/1 2798/10/1 2618/10/1
f 2798/10/1 2800/10/1 2802/10/1
f 2802/10/1 2800/10/1 2801/10/1
f 2800/10/1 2803/10/1 2805/10/1
f 2805/10/1 2803/10/1 2804/10/1
f 2803/10/1 2806/10/1 2808/10/1
f 2808/10/1 2806/10/1 2807/10/1
f 2806/10/1 2809/10/1 2810/10/1
f 2810/10/1 2809/10/1 2578/10/1
f 2809/10/1 2811/10/1 2813/10/1
f 2813/10/1 2811/10/1 2812/10/1
f 2811/10/1 2814/10/1 2815/10/1
f 2815/10/1 2814/10/1 2576/10/1
f 2814/10/1 2816/10/1 2817/10/1
f 2817/10/1 2816/10/1 2468/10/1
f 2818/9/1 2819/9/1 2725/9/1
f 2725/9/1 2819/9/1 2726/9/1
f 2820/9/1 2821/9/1 2727/9/1
f 2727/9/1 2821/9/1 2728/9/1
f 2821/5/1 2822/5/1 2728/5/1
f 2728/5/1 2822/5/1 2729/5/1
f 2822/9/1 2823/9/1 2729/9/1
f 2729/9/1 2823/9/1 2730/9/1
f 2823/5/1 2824/5/1 2730/5/1
f 2730/5/1 2824/5/1 2731/5/1
f 2824/9/1 2825/9/1 2731/9/1
f 2731/9/1 2825/9/1 2732/9/1
f 2825/5/1 2826/5/1 2732/5/1
f 2732/5/1 2826/5/1 2733/5/1
f 2826/9/1 2827/9/1 2733/9/1
f 2733/9/1 2827/9/1 2734/9/1
f 2827/5/1 2828/5/1 2734/5/1
f 2734/5/1 2828/5/1 2735/5/1
f 2828/9/1 2829/9/1 2735/9/1
f 2735/9/1 2829/9/1 2736/9/1
f 2829/5/1 2830/5/1 2736/5/1
f 2736/5/1 2830/5/1 2737/5/1
f 2830/9/1 2831/9/1 2737/9/1
f 2737/9/1 2831/9/1 2738/9/1
f 2831/5/1 2832/5/1 2738/5/1
f 2738/5/1 2832/5/1 2739/5/1
f 2832/9/1 2833/9/1 2739/9/1
f 2739/9/1 2833/9/1 2740/9/1
f 2833/5/1 2834/5/1 2740/5/1
f 2740/5/1 2834/5/1 2741/5/1
f 2834/9/1 2835/9/1 2741/9/1
f 2741/9/1 2835/9/1 2743/9/1
f 2835/1/1 2836/1/1 2743/1/1
f 2743/1/1 2836/1/1 2745/1/1
f 2836/9/1 2837/9/1 2745/9/1
f 2745/9/1 2837/9/1 2838/9/1
f 2837/1/1 2839/1/1 2838/1/1
f 2838/1/1 2839/1/1 2840/1/1
f 2839/9/1 2841/9/1 2840/9/1
f 2840/9/1 2841/9/1 2842/9/1
f 2841/1/1 2843/1/1 2842/1/1
f 2842/1/1 2843/1/1 2844/1/1
f 2843/6/1 2845/6/1 2844/6/1
f 2844/6/1 2845/6/1 2846/6/1
f 2845/1/1 2847/1/1 2846/1/1
f 2846/1/1 2847/1/1 2848/1/1
f 2847/6/1 2849/6/1 2848/6/1
f 2848/6/1 2849/6/1 2850/6/1
f 2849/1/1 2851/1/1 2850/1/1
f 2850/1/1 2851/1/1 2852/1/1
f 2851/6/1 2853/6/1 2852/6/1
f 2852/6/1 2853/6/1 2854/6/1
f 2853/1/1 2855/1/1 2854/1/1
f 2854/1/1 2855/1/1 2856/1/1
f 2855/6/1 2857/6/1 2856/6/1
f 2856/6/1 2857/6/1 2858/6/1
f 2857/1/1 2859/1/1 2858/1/1
f 2858/1/1 2859/1/1 2860/1/1
f 2859/6/1 2861/6/1 2860/6/1
f 2860/6/1 2861/6/1 2862/6/1
f 2861/1/1 2863/1/1 2862/1/1
f 2862/1/1 2863/1/1 2864/1/1
f 2863/6/1 2865/6/1 2864/6/1
f 2864/6/1 2865/6/1 2866/6/1
f 2865/1/1 2867/1/1 2866/1/1
f 2866/1/1 2867/1/1 2868/1/1
f 2867/6/1 2869/6/1 2868/6/1
f 2868/6/1 2869/6/1 2870/6/1
f 2869/1/1 2871/1/1 2870/1/1
f 2870/1/1 2871/1/1 2872/1/1
f 2871/6/1 2873/6/1 2872/6/1
f 2872/6/1 2873/6/1 2874/6/1
f 2873/1/1 2875/1/1 2874/1/1
f 2874/1/1 2875/1/1 2876/1/1
f 2875/6/1 2877/6/1 2876/6/1
f 2876/6/1 2877/6/1 2878/6/1
f 2877/1/1 2879/1/1 2878/1/1
f 2878/1/1 2879/1/1 2880/1/1
f 2879/6/1 2881/6/1 2880/6/1
f 2880/6/1 2881/6/1 2882/6/1
f 2881/1/1 2883/1/1 2882/1/1
f 2882/1/1 2883/1/1 2884/1/1
f 2883/6/1 2885/6/1 2884/6/1
f 2884/6/1 2885/6/1 2886/6/1
f 2885/1/1 2887/1/1 2886/1/1
f 2886/1/1 2887/1/1 2888/1/1
f 2887/6/1 2889/6/1 2888/6/1
f 2888/6/1 2889/6/1 2890/6/1
f 2889/1/1 2891/1/1 2890/1/1
f 2890/1/1 2891/1/1 2892/1/1
f 2891/6/1 2893/6/1 2892/6/1
f 2892/6/1 2893/6/1 2894/6/1
f 2893/1/1 2895/1/1 2894/1/1
f 2894/1/1 2895/1/1 2896/1/1
f 2895/6/1 2897/6/1 2896/6/1
f 2896/6/1 2897/6/1 2898/6/1
f 2897/1/1 2899/1/1 2898/1/1
f 2898/1/1 2899/1/1 2900/1/1
f 2899/6/1 2901/6/1 2900/6/1
f 2900/6/1 2901/6/1 2902/6/1
f 2901/1/1 2903/1/1 2902/1/1
f 2902/1/1 2903/1/1 2904/1/1
f 2903/6/1 2905/6/1 2904/6/1
f 2904/6/1 2905/6/1 2906/6/1
f 2905/1/1 2907/1/1 2906/1/1
f 2906/1/1 2907/1/1 2908/1/1
f 2907/9/1 2909/9/1 2908/9/1
f 2908/9/1 2909/9/1 2910/9/1
f 2909/1/1 2911/1/1 2910/1/1
f 2910/1/1 2911/1/1 2912/1/1
f 2911/9/1 2913/9/1 2912/9/1
f 2912/9/1 2913/9/1 2914/9/1
f 2915/4/1 2916/4/1 2818/4/1
f 2818/4/1 2916/4/1 2819/4/1
f 2917/5/1 2918/5/1 2820/5/1
f 2820/5/1 2918/5/1 2821/5/1
f 2919/5/1 2920/5/1 2822/5/1
f 2822/5/1 2920/5/1 2823/5/1
f 2921/5/1 2922/5/1 2824/5/1
f 2824/5/1 2922/5/1 2825/5/1
f 2923/5/1 2924/5/1 2826/5/1
f 2826/5/1 2924/5/1 2827/5/1
f 2925/5/1 2926/5/1 2828/5/1
f 2828/5/1 2926/5/1 2829/5/1
f 2927/5/1 2928/5/1 2830/5/1
f 2830/5/1 2928/5/1 2831/5/1
f 2929/5/1 2930/5/1 2832/5/1
f 2832/5/1 2930/5/1 2833/5/1
f 2931/5/1 2932/5/1 2834/5/1
f 2834/5/1 2932/5/1 2835/5/1
f 2933/5/1 2934/5/1 2836/5/1
f 2836/5/1 2934/5/1 2837/5/1
f 2935/5/1 2936/5/1 2839/5/1
f 2839/5/1 2936/5/1 2841/5/1
f 2937/5/1 2938/5/1 2939/5/1
f 2939/5/1 2938/5/1 2843/5/1
f 2940/5/1 2941/5/1 2845/5/1
f 2845/5/1 2941/5/1 2847/5/1
f 2942/5/1 2943/5/1 2849/5/1
f 2849/5/1 2943/5/1 2851/5/1
f 2944/5/1 2945/5/1 2853/5/1
f 2853/5/1 2945/5/1 2855/5/1
f 2946/5/1 2947/5/1 2857/5/1
f 2857/5/1 2947/5/1 2859/5/1
f 2948/5/1 2949/5/1 2861/5/1
f 2861/5/1 2949/5/1 2863/5/1
f 2950/5/1 2951/5/1 2865/5/1
f 2865/5/1 2951/5/1 2867/5/1
f 2952/5/1 2953/5/1 2869/5/1
f 2869/5/1 2953/5/1 2871/5/1
f 2954/5/1 2955/5/1 2873/5/1
f 2873/5/1 2955/5/1 2875/5/1
f 2956/5/1 2957/5/1 2877/5/1
f 2877/5/1 2957/5/1 2879/5/1
f 2958/5/1 2959/5/1 2881/5/1
f 2881/5/1 2959/5/1 2883/5/1
f 2960/5/1 2961/5/1 2885/5/1
f 2885/5/1 2961/5/1 2887/5/1
f 2962/5/1 2963/5/1 2889/5/1
f 2889/5/1 2963/5/1 2891/5/1
f 2964/5/1 2965/5/1 2893/5/1
f 2893/5/1 2965/5/1 2895/5/1
f 2966/5/1 2967/5/1 2897/5/1
f 2897/5/1 2967/5/1 2899/5/1
f 2968/5/1 2969/5/1 2901/5/1
f 2901/5/1 2969/5/1 2903/5/1
f 2970/5/1 2971/5/1 2905/5/1
f 2905/5/1 2971/5/1 2972/5/1
f 2973/5/1 2974/5/1 2907/5/1
f 2907/5/1 2974/5/1 2909/5/1
f 2975/5/1 2976/5/1 2911/5/1
f 2911/5/1 2976/5/1 2913/5/1
f 2977/9/1 2978/9/1 2915/9/1
f 2915/9/1 2978/9/1 2916/9/1
f 2979/9/1 2980/9/1 2917/9/1
f 2917/9/1 2980/9/1 2918/9/1
f 2981/9/1 2982/9/1 2919/9/1
f 2919/9/1 2982/9/1 2920/9/1
f 2983/9/1 2984/9/1 2921/9/1
f 2921/9/1 2984/9/1 2922/9/1
f 2985/9/1 2986/9/1 2923/9/1
f 2923/9/1 2986/9/1 2924/9/1
f 2987/9/1 2988/9/1 2925/9/1
f 2925/9/1 2988/9/1 2926/9/1
f 2989/9/1 2990/9/1 2927/9/1
f 2927/9/1 2990/9/1 2928/9/1
f 2991/9/1 2992/9/1 2929/9/1
f 2929/9/1 2992/9/1 2930/9/1
f 2993/9/1 2994/9/1 2931/9/1
f 2931/9/1 2994/9/1 2932/9/1
f 2995/9/1 2996/9/1 2933/9/1
f 2933/9/1 2996/9/1 2934/9/1
f 2997/9/1 2998/9/1 2935/9/1
f 2935/9/1 2998/9/1 2936/9/1
f 2999/9/1 3000/9/1 2937/9/1
f 2937/9/1 3000/9/1 2938/9/1
f 3001/9/1 3002/9/1 2940/9/1
f 2940/9/1 3002/9/1 2941/9/1
f 3003/9/1 3004/9/1 2942/9/1
f 2942/9/1 3004/9/1 2943/9/1
f 3005/9/1 3006/9/1 2944/9/1
f 2944/9/1 3006/9/1 2945/9/1
f 3007/9/1 3008/9/1 2946/9/1
f 2946/9/1 3008/9/1 2947/9/1
f 3009/9/1 3010/9/1 2948/9/1
f 2948/9/1 3010/9/1 2949/9/1
f 3011/9/1 3012/9/1 2950/9/1
f 2950/9/1 3012/9/1 2951/9/1
f 3013/9/1 3014/9/1 2952/9/1
f 2952/9/1 3014/9/1 2953/9/1
f 3014/9/1 3015/9/1 2871/9/1
f 2871/9/1 3015/9/1 2873/9/1
f 3016/9/1 3017/9/1 3018/9/1
f 3018/9/1 3017/9/1 2955/9/1
f 3019/9/1 3020/9/1 2956/9/1
f 2956/9/1 3020/9/1 2957/9/1
f 3020/9/1 3021/9/1 2879/9/1
f 2879/9/1 3021/9/1 2881/9/1
f 3022/9/1 3023/9/1 2883/9/1
f 2883/9/1 3023/9/1 2885/9/1
f 3024/9/1 3025/9/1 2887/9/1
f 2887/9/1 3025/9/1 2889/9/1
f 3026/9/1 3027/9/1 2891/9/1
f 2891/9/1 3027/9/1 2893/9/1
f 3028/9/1 3029/9/1 2895/9/1
f 2895/9/1 3029/9/1 2897/9/1
f 3030/9/1 3031/9/1 2899/9/1
f 2899/9/1 3031/9/1 2901/9/1
f 3032/9/1 3033/9/1 2903/9/1
f 2903/9/1 3033/9/1 2905/9/1
f 3034/9/1 3035/9/1 2972/9/1
f 2972/9/1 3035/9/1 2907/9/1
f 3036/9/1 3037/9/1 2909/9/1
f 2909/9/1 3037/9/1 2911/9/1
f 3038/4/1 3039/4/1 2977/4/1
f 2977/4/1 3039/4/1 2978/4/1
f 3039/9/1 3040/9/1 2384/9/1
f 2384/9/1 3040/9/1 2387/9/1
f 3040/4/1 3041/4/1 2979/4/1
f 2979/4/1 3041/4/1 2980/4/1
f 3041/9/1 3042/9/1 2821/9/1
f 2821/9/1 3042/9/1 2822/9/1
f 3042/4/1 3043/4/1 2981/4/1
f 2981/4/1 3043/4/1 2982/4/1
f 3043/9/1 3044/9/1 2823/9/1
f 2823/9/1 3044/9/1 2824/9/1
f 3044/4/1 3045/4/1 2983/4/1
f 2983/4/1 3045/4/1 2984/4/1
f 3045/9/1 3046/9/1 2825/9/1
f 2825/9/1 3046/9/1 2826/9/1
f 3046/4/1 3047/4/1 2985/4/1
f 2985/4/1 3047/4/1 2986/4/1
f 3047/9/1 3048/9/1 2827/9/1
f 2827/9/1 3048/9/1 2828/9/1
f 3048/4/1 3049/4/1 2987/4/1
f 2987/4/1 3049/4/1 2988/4/1
f 3049/9/1 3050/9/1 2829/9/1
f 2829/9/1 3050/9/1 2830/9/1
f 3050/4/1 3051/4/1 2989/4/1
f 2989/4/1 3051/4/1 2990/4/1
f 3051/9/1 3052/9/1 2831/9/1
f 2831/9/1 3052/9/1 2832/9/1
f 3052/4/1 3053/4/1 2991/4/1
f 2991/4/1 3053/4/1 2992/4/1
f 3053/9/1 3054/9/1 2833/9/1
f 2833/9/1 3054/9/1 2834/9/1
f 3054/4/1 3055/4/1 2993/4/1
f 2993/4/1 3055/4/1 2994/4/1
f 3055/9/1 3056/9/1 2835/9/1
f 2835/9/1 3056/9/1 2836/9/1
f 3056/4/1 3057/4/1 2995/4/1
f 2995/4/1 3057/4/1 2996/4/1
f 3057/9/1 3058/9/1 2837/9/1
f 2837/9/1 3058/9/1 2839/9/1
f 3058/4/1 3059/4/1 2997/4/1
f 2997/4/1 3059/4/1 2998/4/1
f 3059/9/1 3060/9/1 2841/9/1
f 2841/9/1 3060/9/1 2939/9/1
f 3060/4/1 3061/4/1 2999/4/1
f 2999/4/1 3061/4/1 3000/4/1
f 3061/9/1 3062/9/1 2843/9/1
f 2843/9/1 3062/9/1 2845/9/1
f 3062/4/1 3063/4/1 3001/4/1
f 3001/4/1 3063/4/1 3002/4/1
f 3063/9/1 3064/9/1 2847/9/1
f 2847/9/1 3064/9/1 2849/9/1
f 3064/4/1 3065/4/1 3003/4/1
f 3003/4/1 3065/4/1 3004/4/1
f 3065/9/1 3066/9/1 2851/9/1
f 2851/9/1 3066/9/1 2853/9/1
f 3066/4/1 3067/4/1 3005/4/1
f 3005/4/1 3067/4/1 3006/4/1
f 3067/9/1 3068/9/1 2855/9/1
f 2855/9/1 3068/9/1 2857/9/1
f 3068/4/1 3069/4/1 3007/4/1
f 3007/4/1 3069/4/1 3008/4/1
f 3069/9/1 3070/9/1 2859/9/1
f 2859/9/1 3070/9/1 2861/9/1
f 3070/4/1 3071/4/1 3009/4/1
f 3009/4/1 3071/4/1 3010/4/1
f 3071/9/1 3072/9/1 2863/9/1
f 2863/9/1 3072/9/1 2865/9/1
f 3072/4/1 3073/4/1 3011/4/1
f 3011/4/1 3073/4/1 3012/4/1
f 3073/9/1 3074/9/1 2867/9/1
f 2867/9/1 3074/9/1 2869/9/1
f 3074/4/1 3075/4/1 3013/4/1
f 3013/4/1 3075/4/1 3076/4/1
f 3075/9/1 3077/9/1 3076/9/1
f 3076/9/1 3077/9/1 3014/9/1
f 3077/4/1 3078/4/1 3014/4/1
f 3014/4/1 3078/4/1 3015/4/1
f 3078/9/1 3079/9/1 2954/9/1
f 2954/9/1 3079/9/1 3018/9/1
f 3079/4/1 3080/4/1 3016/4/1
f 3016/4/1 3080/4/1 3017/4/1
f 3080/9/1 3081/9/1 2875/9/1
f 2875/9/1 3081/9/1 2877/9/1
f 3081/4/1 3082/4/1 3019/4/1
f 3019/4/1 3082/4/1 3083/4/1
f 3082/9/1 3084/9/1 3083/9/1
f 3083/9/1 3084/9/1 3020/9/1
f 3084/4/1 3085/4/1 3020/4/1
f 3020/4/1 3085/4/1 3021/4/1
f 3085/9/1 3086/9/1 2958/9/1
f 2958/9/1 3086/9/1 2959/9/1
f 3086/4/1 3087/4/1 3022/4/1
f 3022/4/1 3087/4/1 3023/4/1
f 3087/9/1 3088/9/1 2960/9/1
f 2960/9/1 3088/9/1 2961/9/1
f 3088/4/1 3089/4/1 3024/4/1
f 3024/4/1 3089/4/1 3025/4/1
f 3089/9/1 3090/9/1 2962/9/1
f 2962/9/1 3090/9/1 2963/9/1
f 3090/4/1 3091/4/1 3026/4/1
f 3026/4/1 3091/4/1 3027/4/1
f 3091/9/1 3092/9/1 2964/9/1
f 2964/9/1 3092/9/1 2965/9/1
f 3092/4/1 3093/4/1 3028/4/1
f 3028/4/1 3093/4/1 3029/4/1
f 3093/9/1 3094/9/1 2966/9/1
f 2966/9/1 3094/9/1 2967/9/1
f 3094/4/1 3095/4/1 3030/4/1
f 3030/4/1 3095/4/1 3031/4/1
f 3095/9/1 3096/9/1 2968/9/1
f 2968/9/1 3096/9/1 2969/9/1
f 3096/4/1 3097/4/1 3032/4/1
f 3032/4/1 3097/4/1 3033/4/1
f 3097/9/1 3098/9/1 2970/9/1
f 2970/9/1 3098/9/1 2971/9/1
f 3098/4/1 3099/4/1 3034/4/1
f 3034/4/1 3099/4/1 3035/4/1
f 3099/9/1 3100/9/1 2973/9/1
f 2973/9/1 3100/9/1 2974/9/1
f 3100/4/1 3101/4/1 3036/4/1
f 3036/4/1 3101/4/1 3037/4/1
f 3101/9/1 3102/9/1 2975/9/1
f 2975/9/1 3102/9/1 2976/9/1
f 3103/2/2 1419/2/2 3104/2/2
f 3104/2/2 1419/2/2 1422/2/2
f 2379/6/3 2378/6/3 1237/6/3
f 1237/6/3 2378/6/3 3105/6/3
f 2378/1/3 2389/1/3 3105/1/3
f 3105/1/3 2389/1/3 3106/1/3
f 2392/3/3 2391/3/3 2508/3/3
f 2508/3/3 2391/3/3 2480/3/3
f 2389/9/3 2402/9/3 3106/9/3
f 3106/9/3 2402/9/3 2403/9/3
f 2410/3/3 2409/3/3 2488/3/3
f 2488/3/3 2409/3/3 2433/3/3
f 2419/6/3 2418/6/3 2446/6/3
f 2446/6/3 2418/6/3 3107/6/3
f 2422/3/3 2421/3/3 2466/3/3
f 2466/3/3 2421/3/3 2557/3/3
f 2418/1/3 2430/1/3 3107/1/3
f 3107/1/3 2430/1/3 3108/1/3
f 2430/9/3 2443/9/3 3108/9/3
f 3108/9/3 2443/9/3 2444/9/3
f 2453/3/3 2452/3/3 2648/3/3
f 2648/3/3 2452/3/3 2561/3/3
f 2463/6/3 2462/6/3 2445/6/3
f 2445/6/3 2462/6/3 3109/6/3
f 2462/1/3 2477/1/3 3109/1/3
f 3109/1/3 2477/1/3 2478/1/3
f 2484/3/3 2483/3/3 2465/3/3
f 2465/3/3 2483/3/3 2593/3/3
f 2494/3/3 2493/3/3 2817/3/3
f 2817/3/3 2493/3/3 2577/3/3
f 2505/1/3 2504/1/3 2479/1/3
f 2479/1/3 2504/1/3 2506/1/3
f 2518/3/3 2517/3/3 2751/3/3
f 2751/3/3 2517/3/3 2711/3/3
f 2526/3/3 2525/3/3 2780/3/3
f 2780/3/3 2525/3/3 2611/3/3
f 2538/3/3 2537/3/3 2805/3/3
f 2805/3/3 2537/3/3 2801/3/3
f 2542/3/3 2541/3/3 2810/3/3
f 2810/3/3 2541/3/3 2679/3/3
f 2554/1/3 2553/1/3 2507/1/3
f 2507/1/3 2553/1/3 2555/1/3
f 2565/3/3 2564/3/3 2712/3/3
f 2712/3/3 2564/3/3 2708/3/3
f 2569/3/3 2568/3/3 2608/3/3
f 2608/3/3 2568/3/3 2758/3/3
f 2590/1/3 2589/1/3 2556/1/3
f 2556/1/3 2589/1/3 2591/1/3
f 2600/3/3 2599/3/3 2560/3/3
f 2560/3/3 2599/3/3 2645/3/3
f 2639/6/3 2638/6/3 2595/6/3
f 2595/6/3 2638/6/3 2640/6/3
f 2651/3/3 2650/3/3 2756/3/3
f 2756/3/3 2650/3/3 2753/3/3
f 2655/3/3 2654/3/3 2764/3/3
f 2764/3/3 2654/3/3 2761/3/3
f 2663/3/3 2662/3/3 2775/3/3
f 2775/3/3 2662/3/3 2771/3/3
f 2671/3/3 2670/3/3 2785/3/3
f 2785/3/3 2670/3/3 2782/3/3
f 2675/3/3 2674/3/3 2799/3/3
f 2799/3/3 2674/3/3 2796/3/3
f 2703/6/3 2702/6/3 2706/6/3
f 2706/6/3 2702/6/3 2704/6/3
f 2715/3/3 2714/3/3 2658/3/3
f 2658/3/3 2714/3/3 2766/3/3
f 2719/3/3 2718/3/3 2678/3/3
f 2678/3/3 2718/3/3 2807/3/3
f 2723/3/3 2722/3/3 2682/3/3
f 2682/3/3 2722/3/3 2812/3/3
f 2746/6/3 2745/6/3 2749/6/3
f 2749/6/3 2745/6/3 2747/6/3
f 3110/3/3 3111/3/3 2432/3/3
f 2432/3/3 3111/3/3 2596/3/3
f 2511/3/3 2510/3/3 2487/3/3
f 2487/3/3 2510/3/3 2642/3/3
f 2530/3/3 2529/3/3 2791/3/3
f 2791/3/3 2529/3/3 2787/3/3
f 2534/3/3 2533/3/3 2620/3/3
f 2620/3/3 2533/3/3 2793/3/3
f 2573/3/3 2572/3/3 2769/3/3
f 2769/3/3 2572/3/3 2659/3/3
f 3112/3/3 3113/3/3 2815/3/3
f 2815/3/3 3113/3/3 2683/3/3
f 3114/3/3 3115/3/3 2610/3/3
f 2610/3/3 3115/3/3 2777/3/3
f 2449/1/3 2448/1/3 3110/1/3
f 3110/1/3 2448/1/3 3111/1/3
f 2623/1/3 2622/1/3 3112/1/3
f 3112/1/3 2622/1/3 3113/1/3
f 2667/1/3 2666/1/3 3114/1/3
f 3114/1/3 2666/1/3 3115/1/3
f 1482/2/4 1419/2/4 3116/2/4
f 3116/2/4 1419/2/4 3103/2/4
f 1484/7/4 1482/7/4 3117/7/4
f 3117/7/4 1482/7/4 3116/7/4
f 1486/2/4 1484/2/4 3118/2/4
f 3118/2/4 1484/2/4 3117/2/4
f 1488/7/4 1486/7/4 3119/7/4
f 3119/7/4 1486/7/4 3118/7/4
f 1490/2/4 1488/2/4 3120/2/4
f 3120/2/4 1488/2/4 3119/2/4
f 1492/5/4 1490/5/4 3121/5/4
f 3121/5/4 1490/5/4 3120/5/4
f 1494/2/4 1492/2/4 3122/2/4
f 3122/2/4 1492/2/4 3121/2/4
f 1496/5/4 1494/5/4 3123/5/4
f 3123/5/4 1494/5/4 3122/5/4
f 1498/2/4 1496/2/4 3124/2/4
f 3124/2/4 1496/2/4 3123/2/4
f 1500/8/4 1498/8/4 3125/8/4
f 3125/8/4 1498/8/4 3124/8/4
f 1231/9/4 1500/9/4 2375/9/4
f 2375/9/4 1500/9/4 3126/9/4
f 2375/4/4 3126/4/4 2382/4/4
f 2382/4/4 3126/4/4 3127/4/4
f 2393/3/4 2380/3/4 2390/3/4
f 2390/3/4 2380/3/4 2481/3/4
f 2382/9/4 3127/9/4 2397/9/4
f 2397/9/4 3127/9/4 3128/9/4
f 2411/3/4 2394/3/4 2408/3/4
f 2408/3/4 2394/3/4 2406/3/4
f 2397/4/4 3128/4/4 2412/4/4
f 2412/4/4 3128/4/4 3129/4/4
f 2423/3/4 2405/3/4 2420/3/4
f 2420/3/4 2405/3/4 2558/3/4
f 2412/9/4 3129/9/4 2424/9/4
f 2424/9/4 3129/9/4 3130/9/4
f 2424/4/4 3130/4/4 2437/4/4
f 2437/4/4 3130/4/4 3131/4/4
f 2454/3/4 2434/3/4 2451/3/4
f 2451/3/4 2434/3/4 2562/3/4
f 2437/9/4 3131/9/4 2455/9/4
f 2455/9/4 3131/9/4 3132/9/4
f 2455/4/4 3132/4/4 2470/4/4
f 2470/4/4 3132/4/4 3133/4/4
f 2485/3/4 2464/3/4 2482/3/4
f 2482/3/4 2464/3/4 2594/3/4
f 2495/3/4 2467/3/4 2492/3/4
f 2492/3/4 2467/3/4 2490/3/4
f 2470/9/4 3133/9/4 2496/9/4
f 2496/9/4 3133/9/4 3134/9/4
f 2519/3/4 2489/3/4 2516/3/4
f 2516/3/4 2489/3/4 2514/3/4
f 2527/3/4 2522/3/4 2524/3/4
f 2524/3/4 2522/3/4 2521/3/4
f 2539/3/4 2619/3/4 2536/3/4
f 2536/3/4 2619/3/4 2802/3/4
f 2543/3/4 2804/3/4 2540/3/4
f 2540/3/4 2804/3/4 2680/3/4
f 2496/4/4 3134/4/4 2544/4/4
f 2544/4/4 3134/4/4 3135/4/4
f 2566/3/4 2513/3/4 2563/3/4
f 2563/3/4 2513/3/4 2709/3/4
f 2570/3/4 2520/3/4 2567/3/4
f 2567/3/4 2520/3/4 2759/3/4
f 2544/9/4 3135/9/4 2579/9/4
f 2579/9/4 3135/9/4 3136/9/4
f 2601/3/4 2559/3/4 2598/3/4
f 2598/3/4 2559/3/4 2646/3/4
f 2579/4/4 3136/4/4 2625/4/4
f 2625/4/4 3136/4/4 3137/4/4
f 2652/3/4 2602/3/4 2649/3/4
f 2649/3/4 2602/3/4 2754/3/4
f 2656/3/4 2605/3/4 2653/3/4
f 2653/3/4 2605/3/4 2762/3/4
f 2664/3/4 2609/3/4 2661/3/4
f 2661/3/4 2609/3/4 2772/3/4
f 2672/3/4 2613/3/4 2669/3/4
f 2669/3/4 2613/3/4 2783/3/4
f 2676/3/4 2617/3/4 2673/3/4
f 2673/3/4 2617/3/4 2797/3/4
f 2625/9/4 3137/9/4 2685/9/4
f 2685/9/4 3137/9/4 3138/9/4
f 2716/3/4 2657/3/4 2713/3/4
f 2713/3/4 2657/3/4 2767/3/4
f 2720/3/4 2677/3/4 2717/3/4
f 2717/3/4 2677/3/4 2808/3/4
f 2724/3/4 2681/3/4 2721/3/4
f 2721/3/4 2681/3/4 2813/3/4
f 2685/4/4 3138/4/4 2725/4/4
f 2725/4/4 3138/4/4 3139/4/4
f 2725/9/4 3139/9/4 2818/9/4
f 2818/9/4 3139/9/4 3140/9/4
f 2818/4/4 3140/4/4 2915/4/4
f 2915/4/4 3140/4/4 3141/4/4
f 2915/9/4 3141/9/4 2977/9/4
f 2977/9/4 3141/9/4 3142/9/4
f 2977/4/4 3142/4/4 3038/4/4
f 3038/4/4 3142/4/4 3125/4/4
f 3143/3/4 2431/3/4 3144/3/4
f 3144/3/4 2431/3/4 2597/3/4
f 2512/3/4 2486/3/4 2509/3/4
f 2509/3/4 2486/3/4 2643/3/4
f 2531/3/4 2615/3/4 2528/3/4
f 2528/3/4 2615/3/4 2788/3/4
f 2535/3/4 2790/3/4 2532/3/4
f 2532/3/4 2790/3/4 2794/3/4
f 2574/3/4 2607/3/4 2571/3/4
f 2571/3/4 2607/3/4 2660/3/4
f 3145/3/4 2575/3/4 3146/3/4
f 3146/3/4 2575/3/4 2684/3/4
f 3147/3/4 2774/3/4 3148/3/4
f 3148/3/4 2774/3/4 2778/3/4
f 2450/1/4 3143/1/4 2447/1/4
f 2447/1/4 3143/1/4 3144/1/4
f 2624/1/4 3145/1/4 2621/1/4
f 2621/1/4 3145/1/4 3146/1/4
f 2668/1/4 3147/1/4 2665/1/4
f 2665/1/4 3147/1/4 3148/1/4
f 3149/4/5 3039/4/5 3125/4/5
f 3125/4/5 3039/4/5 3038/4/5
f 3150/9/5 3040/9/5 3149/9/5
f 3149/9/5 3040/9/5 3039/9/5
f 3151/4/5 3041/4/5 3150/4/5
f 3150/4/5 3041/4/5 3040/4/5
f 3152/9/5 3042/9/5 3151/9/5
f 3151/9/5 3042/9/5 3041/9/5
f 3153/4/5 3043/4/5 3152/4/5
f 3152/4/5 3043/4/5 3042/4/5
f 3154/9/5 3044/9/5 3153/9/5
f 3153/9/5 3044/9/5 3043/9/5
f 3155/4/5 3045/4/5 3154/4/5
f 3154/4/5 3045/4/5 3044/4/5
f 2480/3/5 2391/3/5 2481/3/5
f 2481/3/5 2391/3/5 2390/3/5
f 3156/9/5 3046/9/5 3155/9/5
f 3155/9/5 3046/9/5 3045/9/5
f 3157/4/5 3047/4/5 3156/4/5
f 3156/4/5 3047/4/5 3046/4/5
f 2557/3/5 2421/3/5 2558/3/5
f 2558/3/5 2421/3/5 2420/3/5
f 3158/9/5 3048/9/5 3157/9/5
f 3157/9/5 3048/9/5 3047/9/5
f 2593/3/5 2483/3/5 2594/3/5
f 2594/3/5 2483/3/5 2482/3/5
f 3159/4/5 3049/4/5 3158/4/5
f 3158/4/5 3049/4/5 3048/4/5
f 2433/3/5 2409/3/5 2406/3/5
f 2406/3/5 2409/3/5 2408/3/5
f 3160/9/5 3050/9/5 3159/9/5
f 3159/9/5 3050/9/5 3049/9/5
f 2596/3/5 3111/3/5 2597/3/5
f 2597/3/5 3111/3/5 3144/3/5
f 3111/1/5 2448/1/5 3144/1/5
f 3144/1/5 2448/1/5 2447/1/5
f 3161/4/5 3051/4/5 3160/4/5
f 3160/4/5 3051/4/5 3050/4/5
f 2642/3/5 2510/3/5 2643/3/5
f 2643/3/5 2510/3/5 2509/3/5
f 2561/3/5 2452/3/5 2562/3/5
f 2562/3/5 2452/3/5 2451/3/5
f 2645/3/5 2599/3/5 2646/3/5
f 2646/3/5 2599/3/5 2598/3/5
f 3162/9/5 3052/9/5 3161/9/5
f 3161/9/5 3052/9/5 3051/9/5
f 3163/4/5 3053/4/5 3162/4/5
f 3162/4/5 3053/4/5 3052/4/5
f 3164/9/5 3054/9/5 3163/9/5
f 3163/9/5 3054/9/5 3053/9/5
f 2708/3/5 2564/3/5 2709/3/5
f 2709/3/5 2564/3/5 2563/3/5
f 3165/4/5 3055/4/5 3164/4/5
f 3164/4/5 3055/4/5 3054/4/5
f 3166/9/5 3056/9/5 3165/9/5
f 3165/9/5 3056/9/5 3055/9/5
f 2711/3/5 2517/3/5 2514/3/5
f 2514/3/5 2517/3/5 2516/3/5
f 3167/4/5 3057/4/5 3166/4/5
f 3166/4/5 3057/4/5 3056/4/5
f 3168/9/5 3058/9/5 3167/9/5
f 3167/9/5 3058/9/5 3057/9/5
f 3169/4/5 3059/4/5 3168/4/5
f 3168/4/5 3059/4/5 3058/4/5
f 2753/3/5 2650/3/5 2754/3/5
f 2754/3/5 2650/3/5 2649/3/5
f 3170/9/5 3060/9/5 3169/9/5
f 3169/9/5 3060/9/5 3059/9/5
f 3171/4/5 3061/4/5 3170/4/5
f 3170/4/5 3061/4/5 3060/4/5
f 3172/9/5 3062/9/5 3171/9/5
f 3171/9/5 3062/9/5 3061/9/5
f 3173/4/5 3063/4/5 3172/4/5
f 3172/4/5 3063/4/5 3062/4/5
f 2758/3/5 2568/3/5 2759/3/5
f 2759/3/5 2568/3/5 2567/3/5
f 3174/9/5 3064/9/5 3173/9/5
f 3173/9/5 3064/9/5 3063/9/5
f 2761/3/5 2654/3/5 2762/3/5
f 2762/3/5 2654/3/5 2653/3/5
f 3175/4/5 3065/4/5 3174/4/5
f 3174/4/5 3065/4/5 3064/4/5
f 3176/9/5 3066/9/5 3175/9/5
f 3175/9/5 3066/9/5 3065/9/5
f 3177/4/5 3067/4/5 3176/4/5
f 3176/4/5 3067/4/5 3066/4/5
f 3178/9/5 3068/9/5 3177/9/5
f 3177/9/5 3068/9/5 3067/9/5
f 3179/4/5 3069/4/5 3178/4/5
f 3178/4/5 3069/4/5 3068/4/5
f 2766/3/5 2714/3/5 2767/3/5
f 2767/3/5 2714/3/5 2713/3/5
f 3180/9/5 3070/9/5 3179/9/5
f 3179/9/5 3070/9/5 3069/9/5
f 2659/3/5 2572/3/5 2660/3/5
f 2660/3/5 2572/3/5 2571/3/5
f 3181/4/5 3071/4/5 3180/4/5
f 3180/4/5 3071/4/5 3070/4/5
f 3182/9/5 3072/9/5 3181/9/5
f 3181/9/5 3072/9/5 3071/9/5
f 2771/3/5 2662/3/5 2772/3/5
f 2772/3/5 2662/3/5 2661/3/5
f 3183/4/5 3073/4/5 3182/4/5
f 3182/4/5 3073/4/5 3072/4/5
f 3184/9/5 3074/9/5 3183/9/5
f 3183/9/5 3074/9/5 3073/9/5
f 3185/4/5 3075/4/5 3184/4/5
f 3184/4/5 3075/4/5 3074/4/5
f 2611/3/5 2525/3/5 2521/3/5
f 2521/3/5 2525/3/5 2524/3/5
f 3186/9/5 3077/9/5 3185/9/5
f 3185/9/5 3077/9/5 3075/9/5
f 2777/3/5 3115/3/5 2778/3/5
f 2778/3/5 3115/3/5 3148/3/5
f 3115/1/5 2666/1/5 3148/1/5
f 3148/1/5 2666/1/5 2665/1/5
f 3187/4/5 3078/4/5 3186/4/5
f 3186/4/5 3078/4/5 3077/4/5
f 3188/9/5 3079/9/5 3187/9/5
f 3187/9/5 3079/9/5 3078/9/5
f 3189/4/5 3080/4/5 3188/4/5
f 3188/4/5 3080/4/5 3079/4/5
f 2782/3/5 2670/3/5 2783/3/5
f 2783/3/5 2670/3/5 2669/3/5
f 3190/9/5 3081/9/5 3189/9/5
f 3189/9/5 3081/9/5 3080/9/5
f 3191/4/5 3082/4/5 3190/4/5
f 3190/4/5 3082/4/5 3081/4/5
f 3192/9/5 3084/9/5 3191/9/5
f 3191/9/5 3084/9/5 3082/9/5
f 2787/3/5 2529/3/5 2788/3/5
f 2788/3/5 2529/3/5 2528/3/5
f 3193/4/5 3085/4/5 3192/4/5
f 3192/4/5 3085/4/5 3084/4/5
f 3194/9/5 3086/9/5 3193/9/5
f 3193/9/5 3086/9/5 3085/9/5
f 3195/4/5 3087/4/5 3194/4/5
f 3194/4/5 3087/4/5 3086/4/5
f 3196/9/5 3088/9/5 3195/9/5
f 3195/9/5 3088/9/5 3087/9/5
f 2793/3/5 2533/3/5 2794/3/5
f 2794/3/5 2533/3/5 2532/3/5
f 2796/3/5 2674/3/5 2797/3/5
f 2797/3/5 2674/3/5 2673/3/5
f 3197/4/5 3089/4/5 3196/4/5
f 3196/4/5 3089/4/5 3088/4/5
f 3198/9/5 3090/9/5 3197/9/5
f 3197/9/5 3090/9/5 3089/9/5
f 3199/4/5 3091/4/5 3198/4/5
f 3198/4/5 3091/4/5 3090/4/5
f 2801/3/5 2537/3/5 2802/3/5
f 2802/3/5 2537/3/5 2536/3/5
f 3200/9/5 3092/9/5 3199/9/5
f 3199/9/5 3092/9/5 3091/9/5
f 3201/4/5 3093/4/5 3200/4/5
f 3200/4/5 3093/4/5 3092/4/5
f 2679/3/5 2541/3/5 2680/3/5
f 2680/3/5 2541/3/5 2540/3/5
f 2807/3/5 2718/3/5 2808/3/5
f 2808/3/5 2718/3/5 2717/3/5
f 3202/9/5 3094/9/5 3201/9/5
f 3201/9/5 3094/9/5 3093/9/5
f 3203/4/5 3095/4/5 3202/4/5
f 3202/4/5 3095/4/5 3094/4/5
f 3204/9/5 3096/9/5 3203/9/5
f 3203/9/5 3096/9/5 3095/9/5
f 3205/4/5 3097/4/5 3204/4/5
f 3204/4/5 3097/4/5 3096/4/5
f 3206/9/5 3098/9/5 3205/9/5
f 3205/9/5 3098/9/5 3097/9/5
f 2812/3/5 2722/3/5 2813/3/5
f 2813/3/5 2722/3/5 2721/3/5
f 3207/4/5 3099/4/5 3206/4/5
f 3206/4/5 3099/4/5 3098/4/5
f 2683/3/5 3113/3/5 2684/3/5
f 2684/3/5 3113/3/5 3146/3/5
f 3113/1/5 2622/1/5 3146/1/5
f 3146/1/5 2622/1/5 2621/1/5
f 2577/3/5 2493/3/5 2490/3/5
f 2490/3/5 2493/3/5 2492/3/5
f 3208/9/5 3100/9/5 3207/9/5
f 3207/9/5 3100/9/5 3099/9/5
f 3209/4/5 3101/4/5 3208/4/5
f 3208/4/5 3101/4/5 3100/4/5
f 3104/2/5 3210/2/5 3103/2/5
f 3103/2/5 3210/2/5 3116/2/5
f 3210/7/5 3211/7/5 3116/7/5
f 3116/7/5 3211/7/5 3117/7/5
f 3211/2/5 3212/2/5 3117/2/5
f 3117/2/5 3212/2/5 3118/2/5
f 3212/7/5 3213/7/5 3118/7/5
f 3118/7/5 3213/7/5 3119/7/5
f 3213/2/5 3214/2/5 3119/2/5
f 3119/2/5 3214/2/5 3120/2/5
f 3214/5/5 3215/5/5 3120/5/5
f 3120/5/5 3215/5/5 3121/5/5
f 3215/2/5 3216/2/5 3121/2/5
f 3121/2/5 3216/2/5 3122/2/5
f 3216/5/5 3217/5/5 3122/5/5
f 3122/5/5 3217/5/5 3123/5/5
f 3217/2/5 3218/2/5 3123/2/5
f 3123/2/5 3218/2/5 3124/2/5
f 3218/8/5 3219/8/5 3124/8/5
f 3124/8/5 3219/8/5 3125/8/5
f 3219/9/5 3102/9/5 3209/9/5
f 3209/9/5 3102/9/5 3101/9/5
f 1237/6/6 1236/6/6 2379/6/6
f 2379/6/6 1236/6/6 1235/6/6
f 2446/6/6 2403/6/6 2419/6/6
f 2419/6/6 2403/6/6 2402/6/6
f 2445/6/6 2444/6/6 2463/6/6
f 2463/6/6 2444/6/6 2443/6/6
f 2508/3/6 2380/3/6 2392/3/6
f 2392/3/6 2380/3/6 2393/3/6
f 2479/1/6 2478/1/6 2505/1/6
f 2505/1/6 2478/1/6 2477/1/6
f 2507/1/6 2506/1/6 2554/1/6
f 2554/1/6 2506/1/6 2504/1/6
f 2466/3/6 2405/3/6 2422/3/6
f 2422/3/6 2405/3/6 2423/3/6
f 2556/1/6 2555/1/6 2590/1/6
f 2590/1/6 2555/1/6 2553/1/6
f 2465/3/6 2464/3/6 2484/3/6
f 2484/3/6 2464/3/6 2485/3/6
f 2592/1/6 2591/1/6 2637/1/6
f 2637/1/6 2591/1/6 2589/1/6
f 2488/3/6 2394/3/6 2410/3/6
f 2410/3/6 2394/3/6 2411/3/6
f 2595/6/6 2592/6/6 2639/6/6
f 2639/6/6 2592/6/6 2637/6/6
f 2432/3/6 2431/3/6 3110/3/6
f 3110/3/6 2431/3/6 3143/3/6
f 3110/1/6 3143/1/6 2449/1/6
f 2449/1/6 3143/1/6 2450/1/6
f 2641/9/6 2640/9/6 2699/9/6
f 2699/9/6 2640/9/6 2638/9/6
f 2487/3/6 2486/3/6 2511/3/6
f 2511/3/6 2486/3/6 2512/3/6
f 2648/3/6 2434/3/6 2453/3/6
f 2453/3/6 2434/3/6 2454/3/6
f 2560/3/6 2559/3/6 2600/3/6
f 2600/3/6 2559/3/6 2601/3/6
f 2644/1/6 2641/1/6 2701/1/6
f 2701/1/6 2641/1/6 2699/1/6
f 2706/6/6 2644/6/6 2703/6/6
f 2703/6/6 2644/6/6 2701/6/6
f 2705/9/6 2704/9/6 2742/9/6
f 2742/9/6 2704/9/6 2702/9/6
f 2712/3/6 2513/3/6 2565/3/6
f 2565/3/6 2513/3/6 2566/3/6
f 2707/1/6 2705/1/6 2744/1/6
f 2744/1/6 2705/1/6 2742/1/6
f 2749/6/6 2707/6/6 2746/6/6
f 2746/6/6 2707/6/6 2744/6/6
f 2751/3/6 2489/3/6 2518/3/6
f 2518/3/6 2489/3/6 2519/3/6
f 2748/9/6 2747/9/6 2838/9/6
f 2838/9/6 2747/9/6 2745/9/6
f 3220/1/6 2748/1/6 2840/1/6
f 2840/1/6 2748/1/6 2838/1/6
f 2750/9/6 3220/9/6 2842/9/6
f 2842/9/6 3220/9/6 2840/9/6
f 2756/3/6 2602/3/6 2651/3/6
f 2651/3/6 2602/3/6 2652/3/6
f 3221/1/6 2750/1/6 2844/1/6
f 2844/1/6 2750/1/6 2842/1/6
f 3222/6/6 3221/6/6 2846/6/6
f 2846/6/6 3221/6/6 2844/6/6
f 2755/1/6 3222/1/6 2848/1/6
f 2848/1/6 3222/1/6 2846/1/6
f 2608/3/6 2520/3/6 2569/3/6
f 2569/3/6 2520/3/6 2570/3/6
f 2757/6/6 2755/6/6 2850/6/6
f 2850/6/6 2755/6/6 2848/6/6
f 2764/3/6 2605/3/6 2655/3/6
f 2655/3/6 2605/3/6 2656/3/6
f 2760/1/6 2757/1/6 2852/1/6
f 2852/1/6 2757/1/6 2850/1/6
f 3223/6/6 2760/6/6 2854/6/6
f 2854/6/6 2760/6/6 2852/6/6
f 3224/1/6 3223/1/6 2856/1/6
f 2856/1/6 3223/1/6 2854/1/6
f 3225/6/6 3224/6/6 2858/6/6
f 2858/6/6 3224/6/6 2856/6/6
f 2763/1/6 3225/1/6 2860/1/6
f 2860/1/6 3225/1/6 2858/1/6
f 2658/3/6 2657/3/6 2715/3/6
f 2715/3/6 2657/3/6 2716/3/6
f 2765/6/6 2763/6/6 2862/6/6
f 2862/6/6 2763/6/6 2860/6/6
f 2769/3/6 2607/3/6 2573/3/6
f 2573/3/6 2607/3/6 2574/3/6
f 3226/1/6 2765/1/6 2864/1/6
f 2864/1/6 2765/1/6 2862/1/6
f 2768/6/6 3226/6/6 2866/6/6
f 2866/6/6 3226/6/6 2864/6/6
f 2775/3/6 2609/3/6 2663/3/6
f 2663/3/6 2609/3/6 2664/3/6
f 2770/1/6 2768/1/6 2868/1/6
f 2868/1/6 2768/1/6 2866/1/6
f 3227/6/6 2770/6/6 2870/6/6
f 2870/6/6 2770/6/6 2868/6/6
f 2780/3/6 2522/3/6 2526/3/6
f 2526/3/6 2522/3/6 2527/3/6
f 2776/1/6 3227/1/6 2872/1/6
f 2872/1/6 3227/1/6 2870/1/6
f 2610/3/6 2774/3/6 3114/3/6
f 3114/3/6 2774/3/6 3147/3/6
f 3114/1/6 3147/1/6 2667/1/6
f 2667/1/6 3147/1/6 2668/1/6
f 3228/6/6 2776/6/6 2874/6/6
f 2874/6/6 2776/6/6 2872/6/6
f 2779/1/6 3228/1/6 2876/1/6
f 2876/1/6 3228/1/6 2874/1/6
f 2785/3/6 2613/3/6 2671/3/6
f 2671/3/6 2613/3/6 2672/3/6
f 2781/6/6 2779/6/6 2878/6/6
f 2878/6/6 2779/6/6 2876/6/6
f 2786/1/6 2781/1/6 2880/1/6
f 2880/1/6 2781/1/6 2878/1/6
f 2791/3/6 2615/3/6 2530/3/6
f 2530/3/6 2615/3/6 2531/3/6
f 3229/6/6 2786/6/6 2882/6/6
f 2882/6/6 2786/6/6 2880/6/6
f 3230/1/6 3229/1/6 2884/1/6
f 2884/1/6 3229/1/6 2882/1/6
f 2789/6/6 3230/6/6 2886/6/6
f 2886/6/6 3230/6/6 2884/6/6
f 2792/1/6 2789/1/6 2888/1/6
f 2888/1/6 2789/1/6 2886/1/6
f 2620/3/6 2790/3/6 2534/3/6
f 2534/3/6 2790/3/6 2535/3/6
f 2799/3/6 2617/3/6 2675/3/6
f 2675/3/6 2617/3/6 2676/3/6
f 2795/6/6 2792/6/6 2890/6/6
f 2890/6/6 2792/6/6 2888/6/6
f 3231/1/6 2795/1/6 2892/1/6
f 2892/1/6 2795/1/6 2890/1/6
f 2798/6/6 3231/6/6 2894/6/6
f 2894/6/6 3231/6/6 2892/6/6
f 2805/3/6 2619/3/6 2538/3/6
f 2538/3/6 2619/3/6 2539/3/6
f 2800/1/6 2798/1/6 2896/1/6
f 2896/1/6 2798/1/6 2894/1/6
f 2803/6/6 2800/6/6 2898/6/6
f 2898/6/6 2800/6/6 2896/6/6
f 2810/3/6 2804/3/6 2542/3/6
f 2542/3/6 2804/3/6 2543/3/6
f 2678/3/6 2677/3/6 2719/3/6
f 2719/3/6 2677/3/6 2720/3/6
f 2806/1/6 2803/1/6 2900/1/6
f 2900/1/6 2803/1/6 2898/1/6
f 3232/6/6 2806/6/6 2902/6/6
f 2902/6/6 2806/6/6 2900/6/6
f 3233/1/6 3232/1/6 2904/1/6
f 2904/1/6 3232/1/6 2902/1/6
f 3234/6/6 3233/6/6 2906/6/6
f 2906/6/6 3233/6/6 2904/6/6
f 2682/3/6 2681/3/6 2723/3/6
f 2723/3/6 2681/3/6 2724/3/6
f 2811/1/6 3234/1/6 2908/1/6
f 2908/1/6 3234/1/6 2906/1/6
f 2815/3/6 2575/3/6 3112/3/6
f 3112/3/6 2575/3/6 3145/3/6
f 3112/1/6 3145/1/6 2623/1/6
f 2623/1/6 3145/1/6 2624/1/6
f 2817/3/6 2467/3/6 2494/3/6
f 2494/3/6 2467/3/6 2495/3/6
f 2814/9/6 2811/9/6 2910/9/6
f 2910/9/6 2811/9/6 2908/9/6
f 3235/1/6 2814/1/6 2912/1/6
f 2912/1/6 2814/1/6 2910/1/6
f 2816/9/6 3235/9/6 2914/9/6
f 2914/9/6 3235/9/6 2912/9/6
f 3236/10/1 3237/10/1 2235/10/1
f 2235/10/1 3237/10/1 2241/10/1
f 3238/3/1 3239/3/1 3241/3/1
f 3241/3/1 3239/3/1 3240/3/1
f 3242/6/1 3243/6/1 3244/6/1
f 3244/6/1 3243/6/1 2263/6/1
f 3243/1/1 3245/1/1 2263/1/1
f 2263/1/1 3245/1/1 2264/1/1
f 3245/9/1 3246/9/1 2264/9/1
f 2264/9/1 3246/9/1 2266/9/1
f 3246/4/1 3247/4/1 2266/4/1
f 2266/4/1 3247/4/1 2267/4/1
f 3248/3/1 3249/3/1 3251/3/1
f 3251/3/1 3249/3/1 3250/3/1
f 3252/1/1 3253/1/1 3242/1/1
f 3242/1/1 3253/1/1 3243/1/1
f 3253/9/1 3254/9/1 3243/9/1
f 3243/9/1 3254/9/1 3245/9/1
f 3254/5/1 3255/5/1 3245/5/1
f 3245/5/1 3255/5/1 3256/5/1
f 3257/9/1 3258/9/1 3246/9/1
f 3246/9/1 3258/9/1 3247/9/1
f 3259/10/1 3260/10/1 3237/10/1
f 3237/10/1 3260/10/1 3261/10/1
f 3262/10/1 3263/10/1 2255/10/1
f 2255/10/1 3263/10/1 2257/10/1
f 3264/9/1 3265/9/1 3252/9/1
f 3252/9/1 3265/9/1 3253/9/1
f 3265/5/1 3266/5/1 3253/5/1
f 3253/5/1 3266/5/1 3254/5/1
f 3266/9/1 3267/9/1 3254/9/1
f 3254/9/1 3267/9/1 3255/9/1
f 3268/4/1 3269/4/1 3257/4/1
f 3257/4/1 3269/4/1 3258/4/1
f 3270/10/1 3271/10/1 3272/10/1
f 3272/10/1 3271/10/1 2235/10/1
f 3273/3/1 3274/3/1 3276/3/1
f 3276/3/1 3274/3/1 3275/3/1
f 3277/6/1 3278/6/1 3279/6/1
f 3279/6/1 3278/6/1 3264/6/1
f 3278/1/1 3280/1/1 3264/1/1
f 3264/1/1 3280/1/1 3265/1/1
f 3280/9/1 3281/9/1 3265/9/1
f 3265/9/1 3281/9/1 3266/9/1
f 3281/5/1 3282/5/1 3266/5/1
f 3266/5/1 3282/5/1 3267/5/1
f 3283/9/1 3284/9/1 3268/9/1
f 3268/9/1 3284/9/1 3269/9/1
f 3285/3/1 3286/3/1 3288/3/1
f 3288/3/1 3286/3/1 3287/3/1
f 3289/1/1 3290/1/1 3277/1/1
f 3277/1/1 3290/1/1 3278/1/1
f 3290/9/1 3291/9/1 3278/9/1
f 3278/9/1 3291/9/1 3280/9/1
f 3291/5/1 3292/5/1 3280/5/1
f 3280/5/1 3292/5/1 3281/5/1
f 3292/9/1 3293/9/1 3281/9/1
f 3281/9/1 3293/9/1 3282/9/1
f 3294/4/1 3295/4/1 3283/4/1
f 3283/4/1 3295/4/1 3284/4/1
f 3296/10/1 3297/10/1 2254/10/1
f 2254/10/1 3297/10/1 2255/10/1
f 3298/9/1 3299/9/1 3289/9/1
f 3289/9/1 3299/9/1 3290/9/1
f 3299/5/1 3300/5/1 3290/5/1
f 3290/5/1 3300/5/1 3291/5/1
f 3300/9/1 3301/9/1 3291/9/1
f 3291/9/1 3301/9/1 3292/9/1
f 3301/5/1 3302/5/1 3292/5/1
f 3292/5/1 3302/5/1 3293/5/1
f 3303/9/1 3304/9/1 3294/9/1
f 3294/9/1 3304/9/1 3295/9/1
f 3305/10/1 3306/10/1 3307/10/1
f 3307/10/1 3306/10/1 3271/10/1
f 3308/10/1 3309/10/1 3311/10/1
f 3311/10/1 3309/10/1 3310/10/1
f 3312/6/1 3313/6/1 3314/6/1
f 3314/6/1 3313/6/1 3298/6/1
f 3313/1/1 3315/1/1 3298/1/1
f 3298/1/1 3315/1/1 3299/1/1
f 3315/9/1 3316/9/1 3299/9/1
f 3299/9/1 3316/9/1 3300/9/1
f 3316/5/1 3317/5/1 3300/5/1
f 3300/5/1 3317/5/1 3301/5/1
f 3317/9/1 3318/9/1 3301/9/1
f 3301/9/1 3318/9/1 3302/9/1
f 3319/4/1 3320/4/1 3303/4/1
f 3303/4/1 3320/4/1 3304/4/1
f 3321/3/1 3322/3/1 3324/3/1
f 3324/3/1 3322/3/1 3323/3/1
f 3325/3/1 3326/3/1 3328/3/1
f 3328/3/1 3326/3/1 3327/3/1
f 3329/10/1 3330/10/1 2247/10/1
f 2247/10/1 3330/10/1 2254/10/1
f 3331/1/1 3332/1/1 3312/1/1
f 3312/1/1 3332/1/1 3313/1/1
f 3332/9/1 3333/9/1 3313/9/1
f 3313/9/1 3333/9/1 3315/9/1
f 3333/5/1 3334/5/1 3315/5/1
f 3315/5/1 3334/5/1 3316/5/1
f 3334/9/1 3335/9/1 3316/9/1
f 3316/9/1 3335/9/1 3317/9/1
f 3335/5/1 3336/5/1 3317/5/1
f 3317/5/1 3336/5/1 3318/5/1
f 3337/9/1 3338/9/1 3319/9/1
f 3319/9/1 3338/9/1 3320/9/1
f 3339/10/1 3340/10/1 1365/10/1
f 1365/10/1 3340/10/1 3272/10/1
f 3341/10/1 3342/10/1 2244/10/1
f 2244/10/1 3342/10/1 2247/10/1
f 3343/1/1 3344/1/1 3345/1/1
f 3345/1/1 3344/1/1 3331/1/1
f 3344/9/1 3346/9/1 3331/9/1
f 3331/9/1 3346/9/1 3332/9/1
f 3346/5/1 3347/5/1 3332/5/1
f 3332/5/1 3347/5/1 3333/5/1
f 3347/9/1 3348/9/1 3333/9/1
f 3333/9/1 3348/9/1 3334/9/1
f 3348/5/1 3349/5/1 3334/5/1
f 3334/5/1 3349/5/1 3335/5/1
f 3349/9/1 3350/9/1 3335/9/1
f 3335/9/1 3350/9/1 3336/9/1
f 3351/4/1 3352/4/1 3337/4/1
f 3337/4/1 3352/4/1 3338/4/1
f 3353/3/1 3354/3/1 3356/3/1
f 3356/3/1 3354/3/1 3355/3/1
f 3357/10/1 3358/10/1 3360/10/1
f 3360/10/1 3358/10/1 3359/10/1
f 3361/1/1 3362/1/1 3363/1/1
f 3363/1/1 3362/1/1 3343/1/1
f 3362/9/1 3364/9/1 3343/9/1
f 3343/9/1 3364/9/1 3344/9/1
f 3364/5/1 3365/5/1 3344/5/1
f 3344/5/1 3365/5/1 3346/5/1
f 3365/9/1 3366/9/1 3346/9/1
f 3346/9/1 3366/9/1 3347/9/1
f 3366/5/1 3367/5/1 3347/5/1
f 3347/5/1 3367/5/1 3348/5/1
f 3367/9/1 3368/9/1 3348/9/1
f 3348/9/1 3368/9/1 3349/9/1
f 3368/5/1 3369/5/1 3349/5/1
f 3349/5/1 3369/5/1 3350/5/1
f 3370/9/1 3371/9/1 3351/9/1
f 3351/9/1 3371/9/1 3352/9/1
f 3372/10/1 3373/10/1 3375/10/1
f 3375/10/1 3373/10/1 3374/10/1
f 3373/10/1 3376/10/1 3377/10/1
f 3377/10/1 3376/10/1 3237/10/1
f 3378/1/1 3379/1/1 3380/1/1
f 3380/1/1 3379/1/1 3361/1/1
f 3379/9/1 3381/9/1 3361/9/1
f 3361/9/1 3381/9/1 3362/9/1
f 3381/5/1 3382/5/1 3362/5/1
f 3362/5/1 3382/5/1 3364/5/1
f 3382/9/1 3383/9/1 3364/9/1
f 3364/9/1 3383/9/1 3365/9/1
f 3383/5/1 3384/5/1 3365/5/1
f 3365/5/1 3384/5/1 3366/5/1
f 3384/9/1 3385/9/1 3366/9/1
f 3366/9/1 3385/9/1 3367/9/1
f 3385/5/1 3386/5/1 3367/5/1
f 3367/5/1 3386/5/1 3368/5/1
f 3386/9/1 3387/9/1 3368/9/1
f 3368/9/1 3387/9/1 3369/9/1
f 3388/4/1 3389/4/1 3370/4/1
f 3370/4/1 3389/4/1 3371/4/1
f 3390/10/1 3391/10/1 3392/10/1
f 3392/10/1 3391/10/1 3307/10/1
f 3391/10/1 3393/10/1 3395/10/1
f 3395/10/1 3393/10/1 3394/10/1
f 3393/10/1 3396/10/1 3397/10/1
f 3397/10/1 3396/10/1 3306/10/1
f 3398/6/1 3399/6/1 3401/6/1
f 3401/6/1 3399/6/1 3400/6/1
f 3399/1/1 3402/1/1 3400/1/1
f 3400/1/1 3402/1/1 3378/1/1
f 3402/9/1 3403/9/1 3378/9/1
f 3378/9/1 3403/9/1 3379/9/1
f 3403/5/1 3404/5/1 3379/5/1
f 3379/5/1 3404/5/1 3381/5/1
f 3404/9/1 3405/9/1 3381/9/1
f 3381/9/1 3405/9/1 3382/9/1
f 3405/5/1 3406/5/1 3382/5/1
f 3382/5/1 3406/5/1 3383/5/1
f 3406/9/1 3407/9/1 3383/9/1
f 3383/9/1 3407/9/1 3384/9/1
f 3407/5/1 3408/5/1 3384/5/1
f 3384/5/1 3408/5/1 3385/5/1
f 3408/9/1 3409/9/1 3385/9/1
f 3385/9/1 3409/9/1 3386/9/1
f 3409/5/1 3410/5/1 3386/5/1
f 3386/5/1 3410/5/1 3387/5/1
f 3411/9/1 3412/9/1 3388/9/1
f 3388/9/1 3412/9/1 3389/9/1
f 3413/10/1 3414/10/1 3416/10/1
f 3416/10/1 3414/10/1 3415/10/1
f 3414/10/1 3417/10/1 3418/10/1
f 3418/10/1 3417/10/1 3340/10/1
f 3417/10/1 3419/10/1 3421/10/1
f 3421/10/1 3419/10/1 3420/10/1
f 3422/6/1 3423/6/1 3425/6/1
f 3425/6/1 3423/6/1 3424/6/1
f 3423/1/1 3426/1/1 3424/1/1
f 3424/1/1 3426/1/1 3427/1/1
f 3426/9/1 3428/9/1 3427/9/1
f 3427/9/1 3428/9/1 3398/9/1
f 3428/1/1 3429/1/1 3398/1/1
f 3398/1/1 3429/1/1 3399/1/1
f 3429/9/1 3430/9/1 3399/9/1
f 3399/9/1 3430/9/1 3402/9/1
f 3430/5/1 3431/5/1 3402/5/1
f 3402/5/1 3431/5/1 3403/5/1
f 3431/9/1 3432/9/1 3403/9/1
f 3403/9/1 3432/9/1 3404/9/1
f 3432/5/1 3433/5/1 3404/5/1
f 3404/5/1 3433/5/1 3405/5/1
f 3433/9/1 3434/9/1 3405/9/1
f 3405/9/1 3434/9/1 3406/9/1
f 3434/5/1 3435/5/1 3406/5/1
f 3406/5/1 3435/5/1 3407/5/1
f 3435/9/1 3436/9/1 3407/9/1
f 3407/9/1 3436/9/1 3408/9/1
f 3436/5/1 3437/5/1 3408/5/1
f 3408/5/1 3437/5/1 3409/5/1
f 3437/9/1 3438/9/1 3409/9/1
f 3409/9/1 3438/9/1 3410/9/1
f 3439/4/1 3440/4/1 3411/4/1
f 3411/4/1 3440/4/1 3412/4/1
f 2914/6/1 3441/6/1 3443/6/1
f 3443/6/1 3441/6/1 3442/6/1
f 3441/1/1 3444/1/1 3442/1/1
f 3442/1/1 3444/1/1 3445/1/1
f 3444/9/1 3446/9/1 3445/9/1
f 3445/9/1 3446/9/1 3422/9/1
f 3446/1/1 3447/1/1 3422/1/1
f 3422/1/1 3447/1/1 3423/1/1
f 3447/9/1 3448/9/1 3423/9/1
f 3423/9/1 3448/9/1 3426/9/1
f 3448/5/1 3449/5/1 3426/5/1
f 3426/5/1 3449/5/1 3428/5/1
f 3449/9/1 3450/9/1 3428/9/1
f 3428/9/1 3450/9/1 3429/9/1
f 3450/5/1 3451/5/1 3429/5/1
f 3429/5/1 3451/5/1 3430/5/1
f 3451/9/1 3452/9/1 3430/9/1
f 3430/9/1 3452/9/1 3431/9/1
f 3452/5/1 3453/5/1 3431/5/1
f 3431/5/1 3453/5/1 3432/5/1
f 3453/9/1 3454/9/1 3432/9/1
f 3432/9/1 3454/9/1 3433/9/1
f 3454/5/1 3455/5/1 3433/5/1
f 3433/5/1 3455/5/1 3434/5/1
f 3455/9/1 3456/9/1 3434/9/1
f 3434/9/1 3456/9/1 3435/9/1
f 3456/5/1 3457/5/1 3435/5/1
f 3435/5/1 3457/5/1 3436/5/1
f 3457/9/1 3458/9/1 3436/9/1
f 3436/9/1 3458/9/1 3437/9/1
f 3458/5/1 3459/5/1 3437/5/1
f 3437/5/1 3459/5/1 3438/5/1
f 3460/9/1 3461/9/1 3439/9/1
f 3439/9/1 3461/9/1 3440/9/1
f 2913/1/1 3462/1/1 2914/1/1
f 2914/1/1 3462/1/1 3441/1/1
f 3462/9/1 3463/9/1 3441/9/1
f 3441/9/1 3463/9/1 3444/9/1
f 3463/5/1 3464/5/1 3444/5/1
f 3444/5/1 3464/5/1 3446/5/1
f 3464/9/1 3465/9/1 3446/9/1
f 3446/9/1 3465/9/1 3447/9/1
f 3465/5/1 3466/5/1 3447/5/1
f 3447/5/1 3466/5/1 3448/5/1
f 3466/9/1 3467/9/1 3448/9/1
f 3448/9/1 3467/9/1 3449/9/1
f 3467/5/1 3468/5/1 3449/5/1
f 3449/5/1 3468/5/1 3450/5/1
f 3468/9/1 3469/9/1 3450/9/1
f 3450/9/1 3469/9/1 3451/9/1
f 3469/5/1 3470/5/1 3451/5/1
f 3451/5/1 3470/5/1 3452/5/1
f 3470/9/1 3471/9/1 3452/9/1
f 3452/9/1 3471/9/1 3453/9/1
f 3471/5/1 3472/5/1 3453/5/1
f 3453/5/1 3472/5/1 3454/5/1
f 3472/9/1 3473/9/1 3454/9/1
f 3454/9/1 3473/9/1 3455/9/1
f 3473/5/1 3474/5/1 3455/5/1
f 3455/5/1 3474/5/1 3456/5/1
f 3474/9/1 3475/9/1 3456/9/1
f 3456/9/1 3475/9/1 3457/9/1
f 3475/5/1 3476/5/1 3457/5/1
f 3457/5/1 3476/5/1 3458/5/1
f 3476/9/1 3477/9/1 3458/9/1
f 3458/9/1 3477/9/1 3459/9/1
f 3478/4/1 3479/4/1 3460/4/1
f 3460/4/1 3479/4/1 3461/4/1
f 3480/5/1 3481/5/1 3462/5/1
f 3462/5/1 3481/5/1 3463/5/1
f 3482/5/1 3483/5/1 3464/5/1
f 3464/5/1 3483/5/1 3465/5/1
f 3484/5/1 3485/5/1 3466/5/1
f 3466/5/1 3485/5/1 3467/5/1
f 3486/5/1 3487/5/1 3468/5/1
f 3468/5/1 3487/5/1 3469/5/1
f 3488/5/1 3489/5/1 3470/5/1
f 3470/5/1 3489/5/1 3471/5/1
f 3490/5/1 3491/5/1 3472/5/1
f 3472/5/1 3491/5/1 3473/5/1
f 3492/5/1 3493/5/1 3474/5/1
f 3474/5/1 3493/5/1 3475/5/1
f 3494/5/1 3495/5/1 3476/5/1
f 3476/5/1 3495/5/1 3477/5/1
f 3496/9/1 3497/9/1 3478/9/1
f 3478/9/1 3497/9/1 3479/9/1
f 3498/9/1 3499/9/1 2913/9/1
f 2913/9/1 3499/9/1 3462/9/1
f 3500/9/1 3501/9/1 3463/9/1
f 3463/9/1 3501/9/1 3464/9/1
f 3502/9/1 3503/9/1 3465/9/1
f 3465/9/1 3503/9/1 3466/9/1
f 3504/9/1 3505/9/1 3467/9/1
f 3467/9/1 3505/9/1 3468/9/1
f 3506/9/1 3507/9/1 3469/9/1
f 3469/9/1 3507/9/1 3470/9/1
f 3508/9/1 3509/9/1 3471/9/1
f 3471/9/1 3509/9/1 3472/9/1
f 3510/9/1 3511/9/1 3473/9/1
f 3473/9/1 3511/9/1 3474/9/1
f 3512/9/1 3513/9/1 3475/9/1
f 3475/9/1 3513/9/1 3476/9/1
f 3514/9/1 3515/9/1 3256/9/1
f 3256/9/1 3515/9/1 3246/9/1
f 3515/4/1 3516/4/1 3496/4/1
f 3496/4/1 3516/4/1 3497/4/1
f 3102/4/1 3517/4/1 3498/4/1
f 3498/4/1 3517/4/1 3499/4/1
f 3517/9/1 3518/9/1 3480/9/1
f 3480/9/1 3518/9/1 3481/9/1
f 3518/4/1 3519/4/1 3500/4/1
f 3500/4/1 3519/4/1 3501/4/1
f 3519/9/1 3520/9/1 3482/9/1
f 3482/9/1 3520/9/1 3483/9/1
f 3520/4/1 3521/4/1 3502/4/1
f 3502/4/1 3521/4/1 3503/4/1
f 3521/9/1 3522/9/1 3484/9/1
f 3484/9/1 3522/9/1 3485/9/1
f 3522/4/1 3523/4/1 3504/4/1
f 3504/4/1 3523/4/1 3505/4/1
f 3523/9/1 3524/9/1 3486/9/1
f 3486/9/1 3524/9/1 3487/9/1
f 3524/4/1 3525/4/1 3506/4/1
f 3506/4/1 3525/4/1 3507/4/1
f 3525/9/1 3526/9/1 3488/9/1
f 3488/9/1 3526/9/1 3489/9/1
f 3526/4/1 3527/4/1 3508/4/1
f 3508/4/1 3527/4/1 3509/4/1
f 3527/9/1 3528/9/1 3490/9/1
f 3490/9/1 3528/9/1 3491/9/1
f 3528/4/1 3529/4/1 3510/4/1
f 3510/4/1 3529/4/1 3511/4/1
f 3529/9/1 3530/9/1 3492/9/1
f 3492/9/1 3530/9/1 3493/9/1
f 3530/4/1 3531/4/1 3512/4/1
f 3512/4/1 3531/4/1 3513/4/1
f 3531/9/1 3532/9/1 3494/9/1
f 3494/9/1 3532/9/1 3495/9/1
f 3532/4/1 3533/4/1 3514/4/1
f 3514/4/1 3533/4/1 3515/4/1
f 3533/9/1 3534/9/1 3515/9/1
f 3515/9/1 3534/9/1 3516/9/1
f 3104/2/2 1422/2/2 3535/2/2
f 3535/2/2 1422/2/2 2273/2/2
f 2275/2/3 3536/2/3 2273/2/3
f 2273/2/3 3536/2/3 3535/2/3
f 2277/7/3 3537/7/3 2275/7/3
f 2275/7/3 3537/7/3 3536/7/3
f 2279/2/3 3538/2/3 2277/2/3
f 2277/2/3 3538/2/3 3537/2/3
f 2281/7/3 3539/7/3 2279/7/3
f 2279/7/3 3539/7/3 3538/7/3
f 2283/2/3 3540/2/3 2281/2/3
f 2281/2/3 3540/2/3 3539/2/3
f 2285/5/3 3541/5/3 2283/5/3
f 2283/5/3 3541/5/3 3540/5/3
f 2287/2/3 3542/2/3 2285/2/3
f 2285/2/3 3542/2/3 3541/2/3
f 2289/5/3 3543/5/3 2287/5/3
f 2287/5/3 3543/5/3 3542/5/3
f 2291/2/3 3544/2/3 2289/2/3
f 2289/2/3 3544/2/3 3543/2/3
f 2296/8/3 3545/8/3 2291/8/3
f 2291/8/3 3545/8/3 3544/8/3
f 2267/4/3 3247/4/3 2296/4/3
f 2296/4/3 3247/4/3 3546/4/3
f 3250/3/3 3249/3/3 3377/3/3
f 3377/3/3 3249/3/3 3374/3/3
f 3247/9/3 3258/9/3 3546/9/3
f 3546/9/3 3258/9/3 3547/9/3
f 3258/4/3 3269/4/3 3547/4/3
f 3547/4/3 3269/4/3 3548/4/3
f 3275/3/3 3274/3/3 3260/3/3
f 3260/3/3 3274/3/3 3310/3/3
f 3269/9/3 3284/9/3 3548/9/3
f 3548/9/3 3284/9/3 3549/9/3
f 3284/4/3 3295/4/3 3549/4/3
f 3549/4/3 3295/4/3 3550/4/3
f 3295/9/3 3304/9/3 3550/9/3
f 3550/9/3 3304/9/3 3551/9/3
f 3304/4/3 3320/4/3 3551/4/3
f 3551/4/3 3320/4/3 3552/4/3
f 3323/3/3 3322/3/3 3397/3/3
f 3397/3/3 3322/3/3 3394/3/3
f 3327/3/3 3326/3/3 3309/3/3
f 3309/3/3 3326/3/3 3359/3/3
f 3320/9/3 3338/9/3 3552/9/3
f 3552/9/3 3338/9/3 3553/9/3
f 3338/4/3 3352/4/3 3553/4/3
f 3553/4/3 3352/4/3 3554/4/3
f 3355/3/3 3354/3/3 3418/3/3
f 3418/3/3 3354/3/3 3415/3/3
f 3352/9/3 3371/9/3 3554/9/3
f 3554/9/3 3371/9/3 3555/9/3
f 3371/4/3 3389/4/3 3555/4/3
f 3555/4/3 3389/4/3 3556/4/3
f 3389/9/3 3412/9/3 3556/9/3
f 3556/9/3 3412/9/3 3557/9/3
f 3412/4/3 3440/4/3 3557/4/3
f 3557/4/3 3440/4/3 3558/4/3
f 3440/9/3 3461/9/3 3558/9/3
f 3558/9/3 3461/9/3 3559/9/3
f 3461/4/3 3479/4/3 3559/4/3
f 3559/4/3 3479/4/3 3560/4/3
f 3479/9/3 3497/9/3 3560/9/3
f 3560/9/3 3497/9/3 3561/9/3
f 3497/4/3 3516/4/3 3561/4/3
f 3561/4/3 3516/4/3 3562/4/3
f 3516/9/3 3534/9/3 3562/9/3
f 3562/9/3 3534/9/3 3545/9/3
f 3240/3/3 3239/3/3 2244/3/3
f 2244/3/3 3239/3/3 3261/3/3
f 3287/3/3 3286/3/3 3392/3/3
f 3392/3/3 3286/3/3 3420/3/3
f 3244/6/4 2257/6/4 3242/6/4
f 3242/6/4 2257/6/4 3563/6/4
f 3251/3/4 3236/3/4 3248/3/4
f 3248/3/4 3236/3/4 3375/3/4
f 3242/1/4 3563/1/4 3252/1/4
f 3252/1/4 3563/1/4 3564/1/4
f 3252/9/4 3564/9/4 3264/9/4
f 3264/9/4 3564/9/4 3263/9/4
f 3276/3/4 3259/3/4 3273/3/4
f 3273/3/4 3259/3/4 3311/3/4
f 3279/6/4 3262/6/4 3277/6/4
f 3277/6/4 3262/6/4 3565/6/4
f 3277/1/4 3565/1/4 3289/1/4
f 3289/1/4 3565/1/4 3566/1/4
f 3289/9/4 3566/9/4 3298/9/4
f 3298/9/4 3566/9/4 3297/9/4
f 3314/6/4 3296/6/4 3312/6/4
f 3312/6/4 3296/6/4 3567/6/4
f 3324/3/4 3305/3/4 3321/3/4
f 3321/3/4 3305/3/4 3395/3/4
f 3328/3/4 3308/3/4 3325/3/4
f 3325/3/4 3308/3/4 3360/3/4
f 3312/1/4 3567/1/4 3331/1/4
f 3331/1/4 3567/1/4 3330/1/4
f 3345/1/4 3329/1/4 3343/1/4
f 3343/1/4 3329/1/4 3342/1/4
f 3356/3/4 3339/3/4 3353/3/4
f 3353/3/4 3339/3/4 3416/3/4
f 3363/1/4 3341/1/4 3361/1/4
f 3361/1/4 3341/1/4 3358/1/4
f 3380/1/4 3357/1/4 3378/1/4
f 3378/1/4 3357/1/4 3376/1/4
f 3401/6/4 3372/6/4 3398/6/4
f 3398/6/4 3372/6/4 3396/6/4
f 3425/6/4 3390/6/4 3422/6/4
f 3422/6/4 3390/6/4 3419/6/4
f 3443/6/4 3413/6/4 2914/6/4
f 2914/6/4 3413/6/4 2816/6/4
f 3241/3/4 2241/3/4 3238/3/4
f 3238/3/4 2241/3/4 3237/3/4
f 3288/3/4 3270/3/4 3285/3/4
f 3285/3/4 3270/3/4 3421/3/4
f 3415/3/5 3354/3/5 3416/3/5
f 3416/3/5 3354/3/5 3353/3/5
f 3568/4/5 3517/4/5 3219/4/5
f 3219/4/5 3517/4/5 3102/4/5
f 3569/9/5 3518/9/5 3568/9/5
f 3568/9/5 3518/9/5 3517/9/5
f 3570/4/5 3519/4/5 3569/4/5
f 3569/4/5 3519/4/5 3518/4/5
f 3420/3/5 3286/3/5 3421/3/5
f 3421/3/5 3286/3/5 3285/3/5
f 3571/9/5 3520/9/5 3570/9/5
f 3570/9/5 3520/9/5 3519/9/5
f 3394/3/5 3322/3/5 3395/3/5
f 3395/3/5 3322/3/5 3321/3/5
f 3572/4/5 3521/4/5 3571/4/5
f 3571/4/5 3521/4/5 3520/4/5
f 3573/9/5 3522/9/5 3572/9/5
f 3572/9/5 3522/9/5 3521/9/5
f 3374/3/5 3249/3/5 3375/3/5
f 3375/3/5 3249/3/5 3248/3/5
f 3574/4/5 3523/4/5 3573/4/5
f 3573/4/5 3523/4/5 3522/4/5
f 3575/9/5 3524/9/5 3574/9/5
f 3574/9/5 3524/9/5 3523/9/5
f 3310/3/5 3274/3/5 3311/3/5
f 3311/3/5 3274/3/5 3273/3/5
f 3359/3/5 3326/3/5 3360/3/5
f 3360/3/5 3326/3/5 3325/3/5
f 3576/4/5 3525/4/5 3575/4/5
f 3575/4/5 3525/4/5 3524/4/5
f 3261/3/5 3239/3/5 3237/3/5
f 3237/3/5 3239/3/5 3238/3/5
f 3577/9/5 3526/9/5 3576/9/5
f 3576/9/5 3526/9/5 3525/9/5
f 3578/4/5 3527/4/5 3577/4/5
f 3577/4/5 3527/4/5 3526/4/5
f 3579/9/5 3528/9/5 3578/9/5
f 3578/9/5 3528/9/5 3527/9/5
f 3580/4/5 3529/4/5 3579/4/5
f 3579/4/5 3529/4/5 3528/4/5
f 3581/9/5 3530/9/5 3580/9/5
f 3580/9/5 3530/9/5 3529/9/5
f 3582/4/5 3531/4/5 3581/4/5
f 3581/4/5 3531/4/5 3530/4/5
f 3583/9/5 3532/9/5 3582/9/5
f 3582/9/5 3532/9/5 3531/9/5
f 3584/4/5 3533/4/5 3583/4/5
f 3583/4/5 3533/4/5 3532/4/5
f 3535/2/5 3536/2/5 3104/2/5
f 3104/2/5 3536/2/5 3210/2/5
f 3536/7/5 3537/7/5 3210/7/5
f 3210/7/5 3537/7/5 3211/7/5
f 3537/2/5 3538/2/5 3211/2/5
f 3211/2/5 3538/2/5 3212/2/5
f 3538/7/5 3539/7/5 3212/7/5
f 3212/7/5 3539/7/5 3213/7/5
f 3539/2/5 3540/2/5 3213/2/5
f 3213/2/5 3540/2/5 3214/2/5
f 3540/5/5 3541/5/5 3214/5/5
f 3214/5/5 3541/5/5 3215/5/5
f 3541/2/5 3542/2/5 3215/2/5
f 3215/2/5 3542/2/5 3216/2/5
f 3542/5/5 3543/5/5 3216/5/5
f 3216/5/5 3543/5/5 3217/5/5
f 3543/2/5 3544/2/5 3217/2/5
f 3217/2/5 3544/2/5 3218/2/5
f 3544/8/5 3545/8/5 3218/8/5
f 3218/8/5 3545/8/5 3219/8/5
f 3545/9/5 3534/9/5 3584/9/5
f 3584/9/5 3534/9/5 3533/9/5
f 3418/3/6 3339/3/6 3355/3/6
f 3355/3/6 3339/3/6 3356/3/6
f 3414/6/6 3413/6/6 3442/6/6
f 3442/6/6 3413/6/6 3443/6/6
f 3417/1/6 3414/1/6 3445/1/6
f 3445/1/6 3414/1/6 3442/1/6
f 3419/9/6 3417/9/6 3422/9/6
f 3422/9/6 3417/9/6 3445/9/6
f 3392/3/6 3270/3/6 3287/3/6
f 3287/3/6 3270/3/6 3288/3/6
f 3391/6/6 3390/6/6 3424/6/6
f 3424/6/6 3390/6/6 3425/6/6
f 3397/3/6 3305/3/6 3323/3/6
f 3323/3/6 3305/3/6 3324/3/6
f 3393/1/6 3391/1/6 3427/1/6
f 3427/1/6 3391/1/6 3424/1/6
f 3396/9/6 3393/9/6 3398/9/6
f 3398/9/6 3393/9/6 3427/9/6
f 3377/3/6 3236/3/6 3250/3/6
f 3250/3/6 3236/3/6 3251/3/6
f 3373/6/6 3372/6/6 3400/6/6
f 3400/6/6 3372/6/6 3401/6/6
f 3376/1/6 3373/1/6 3378/1/6
f 3378/1/6 3373/1/6 3400/1/6
f 3260/3/6 3259/3/6 3275/3/6
f 3275/3/6 3259/3/6 3276/3/6
f 3309/3/6 3308/3/6 3327/3/6
f 3327/3/6 3308/3/6 3328/3/6
f 3358/1/6 3357/1/6 3361/1/6
f 3361/1/6 3357/1/6 3380/1/6
f 2244/3/6 2241/3/6 3240/3/6
f 3240/3/6 2241/3/6 3241/3/6
f 3342/1/6 3341/1/6 3343/1/6
f 3343/1/6 3341/1/6 3363/1/6
f 3330/1/6 3329/1/6 3331/1/6
f 3331/1/6 3329/1/6 3345/1/6
f 3297/6/6 3296/6/6 3298/6/6
f 3298/6/6 3296/6/6 3314/6/6
f 3263/6/6 3262/6/6 3264/6/6
f 3264/6/6 3262/6/6 3279/6/6
f 2260/6/6 2257/6/6 2263/6/6
f 2263/6/6 2257/6/6 3244/6/6
