# Vengi binary mesh normalized for Tanks of Freedom II

mtllib ../../materials/vox_grass.mtl
o building_small_10_destroyed

v -0.2 0.1 3.9
v -0.6 0.1 3.9
v -0.6 0.1 4
v -0.2 0.1 4
v -0.7 0.1 3.9
v -0.7 0.1 4
v -0.8 0.1 3.9
v -0.9 0.1 3.9
v -0.9 0.1 4
v -0.8 0.1 4
v -1 0.1 3.9
v -1 0.1 4
v -1.1 0.1 3.9
v -1.1 0.1 4
v -1.3 0.1 3.9
v -1.3 0.1 4
v 3.5 0.3 3.8
v 3.4 0.3 3.8
v 3.4 0.3 3.9
v 3.5 0.3 3.9
v 2.5 0.3 3.8
v 2.4 0.3 3.8
v 2.4 0.3 3.9
v 2.5 0.3 3.9
v 1.5 0.3 3.8
v 1.4 0.3 3.8
v 1.4 0.3 3.9
v 1.5 0.3 3.9
v 0.5 0.3 3.8
v 0.4 0.3 3.8
v 0.4 0.3 3.9
v 0.5 0.3 3.9
v -0.8 0.1 3.8
v -0.9 0.1 3.8
v -1 0.1 3.8
v -1.1 0.1 3.8
v -1.7 0.1 3.8
v -2 0.1 3.8
v -2 0.1 4
v -1.7 0.1 4
v 3.8 0.1 3.7
v 3.7 0.1 3.7
v 3.7 0.1 3.8
v 3.8 0.1 3.8
v 3.7 0.4 3.7
v 3.6 0.4 3.7
v 3.6 0.4 3.8
v 3.7 0.4 3.8
v 3.5 0.4 3.7
v 3.5 0.4 3.9
v 3.6 0.4 3.9
v 3.5 0.5 3.7
v 3.4 0.5 3.7
v 3.4 0.5 3.8
v 3.5 0.5 3.8
v 3.4 0.1 3.7
v 3.3 0.1 3.7
v 3.3 0.1 3.8
v 3.4 0.1 3.8
v 2.8 0.1 3.7
v 2.7 0.1 3.7
v 2.7 0.1 3.8
v 2.8 0.1 3.8
v 2.7 0.4 3.7
v 2.6 0.4 3.7
v 2.6 0.4 3.8
v 2.7 0.4 3.8
v 2.5 0.4 3.7
v 2.5 0.4 3.9
v 2.6 0.4 3.9
v 2.5 0.5 3.7
v 2.4 0.5 3.7
v 2.4 0.5 3.8
v 2.5 0.5 3.8
v 2.4 0.1 3.7
v 2.3 0.1 3.7
v 2.3 0.1 3.8
v 2.4 0.1 3.8
v 1.8 0.1 3.7
v 1.7 0.1 3.7
v 1.7 0.1 3.8
v 1.8 0.1 3.8
v 1.7 0.4 3.7
v 1.6 0.4 3.7
v 1.6 0.4 3.8
v 1.7 0.4 3.8
v 1.5 0.4 3.7
v 1.5 0.4 3.9
v 1.6 0.4 3.9
v 1.5 0.5 3.7
v 1.4 0.5 3.7
v 1.4 0.5 3.8
v 1.5 0.5 3.8
v 1.4 0.1 3.7
v 1.3 0.1 3.7
v 1.3 0.1 3.8
v 1.4 0.1 3.8
v 0.8 0.1 3.7
v 0.7 0.1 3.7
v 0.7 0.1 3.8
v 0.8 0.1 3.8
v 0.7 0.4 3.7
v 0.6 0.4 3.7
v 0.6 0.4 3.8
v 0.7 0.4 3.8
v 0.5 0.4 3.7
v 0.5 0.4 3.9
v 0.6 0.4 3.9
v 0.5 0.5 3.7
v 0.4 0.5 3.7
v 0.4 0.5 3.8
v 0.5 0.5 3.8
v 0.4 0.1 3.7
v 0.3 0.1 3.7
v 0.3 0.1 3.8
v 0.4 0.1 3.8
v -0.3 0.1 3.7
v -0.6 0.1 3.7
v -0.3 0.1 3.9
v -0.8 0.1 3.7
v -0.9 0.1 3.7
v -1 0.1 3.7
v -1.1 0.1 3.7
v -1.3 0.1 3.7
v -1.4 0.1 3.7
v -1.4 0.1 4
v -1.5 0.1 3.7
v -1.5 0.1 3.8
v -1.4 0.1 3.8
v -1.7 0.1 3.7
v -1.5 0.1 4
v -1.8 0.1 3.7
v -2 0.1 3.7
v -1.8 0.1 3.8
v 3.8 0.1 3.6
v 3.7 0.1 3.6
v 3.8 0.3 3.6
v 3.7 0.3 3.6
v 3.7 0.3 3.7
v 3.8 0.3 3.7
v 3.8 0.5 3.6
v 3.5 0.5 3.6
v 3.8 0.5 3.7
v 3.4 0.5 3.6
v 3.3 0.5 3.6
v 3.3 0.5 3.7
v 3.3 0.2 3.6
v 3.2 0.2 3.6
v 3.2 0.2 3.7
v 3.3 0.2 3.7
v 3.3 0.4 3.6
v 3.2 0.4 3.6
v 3.2 0.4 3.7
v 3.3 0.4 3.7
v 2.8 0.1 3.6
v 2.7 0.1 3.6
v 2.8 0.3 3.6
v 2.7 0.3 3.6
v 2.7 0.3 3.7
v 2.8 0.3 3.7
v 2.8 0.5 3.6
v 2.5 0.5 3.6
v 2.8 0.5 3.7
v 2.4 0.5 3.6
v 2.3 0.5 3.6
v 2.3 0.5 3.7
v 2.3 0.2 3.6
v 2.2 0.2 3.6
v 2.2 0.2 3.7
v 2.3 0.2 3.7
v 2.3 0.4 3.6
v 2.2 0.4 3.6
v 2.2 0.4 3.7
v 2.3 0.4 3.7
v 1.8 0.1 3.6
v 1.7 0.1 3.6
v 1.8 0.3 3.6
v 1.7 0.3 3.6
v 1.7 0.3 3.7
v 1.8 0.3 3.7
v 1.8 0.5 3.6
v 1.5 0.5 3.6
v 1.8 0.5 3.7
v 1.4 0.5 3.6
v 1.3 0.5 3.6
v 1.3 0.5 3.7
v 1.3 0.2 3.6
v 1.2 0.2 3.6
v 1.2 0.2 3.7
v 1.3 0.2 3.7
v 1.3 0.4 3.6
v 1.2 0.4 3.6
v 1.2 0.4 3.7
v 1.3 0.4 3.7
v 0.8 0.1 3.6
v 0.7 0.1 3.6
v 0.8 0.3 3.6
v 0.7 0.3 3.6
v 0.7 0.3 3.7
v 0.8 0.3 3.7
v 0.8 0.5 3.6
v 0.5 0.5 3.6
v 0.8 0.5 3.7
v 0.4 0.5 3.6
v 0.3 0.5 3.6
v 0.3 0.5 3.7
v 0.3 0.2 3.6
v 0.2 0.2 3.6
v 0.2 0.2 3.7
v 0.3 0.2 3.7
v 0.3 0.4 3.6
v 0.2 0.4 3.6
v 0.2 0.4 3.7
v 0.3 0.4 3.7
v 0 0.1 3.6
v -0.2 0.1 3.6
v 0 0.1 4
v -0.4 0.1 3.6
v -0.6 0.1 3.6
v -0.4 0.1 3.7
v -0.8 0.1 3.6
v -0.9 0.1 3.6
v -1 0.1 3.6
v -1.1 0.1 3.6
v -1.3 0.1 3.6
v -2.2 0.1 3.6
v -2.2 0.1 3.7
v 3.9 0.1 3.5
v 3.8 0.1 3.5
v 3.9 0.1 3.6
v 3.7 0.6 3.5
v 3.6 0.6 3.5
v 3.6 0.6 3.6
v 3.7 0.6 3.6
v 3.6 0.7 3.5
v 3.5 0.7 3.5
v 3.5 0.7 3.6
v 3.6 0.7 3.6
v 3.5 0.6 3.5
v 3.4 0.6 3.5
v 3.4 0.6 3.7
v 3.5 0.6 3.7
v 3.3 0.6 3.5
v 3.3 0.6 3.6
v 3.4 0.6 3.6
v 3.3 0.5 3.5
v 3.2 0.5 3.5
v 3.2 0.5 3.6
v 3.2 0.3 3.5
v 3.1 0.3 3.5
v 3.1 0.3 3.6
v 3.2 0.3 3.6
v 2.9 0.1 3.5
v 2.8 0.1 3.5
v 2.9 0.1 3.6
v 2.7 0.6 3.5
v 2.6 0.6 3.5
v 2.6 0.6 3.6
v 2.7 0.6 3.6
v 2.6 0.7 3.5
v 2.5 0.7 3.5
v 2.5 0.7 3.6
v 2.6 0.7 3.6
v 2.5 0.6 3.5
v 2.4 0.6 3.5
v 2.4 0.6 3.7
v 2.5 0.6 3.7
v 2.3 0.6 3.5
v 2.3 0.6 3.6
v 2.4 0.6 3.6
v 2.3 0.5 3.5
v 2.2 0.5 3.5
v 2.2 0.5 3.6
v 2.2 0.3 3.5
v 2.1 0.3 3.5
v 2.1 0.3 3.6
v 2.2 0.3 3.6
v 1.9 0.1 3.5
v 1.8 0.1 3.5
v 1.9 0.1 3.6
v 1.7 0.6 3.5
v 1.6 0.6 3.5
v 1.6 0.6 3.6
v 1.7 0.6 3.6
v 1.6 0.7 3.5
v 1.5 0.7 3.5
v 1.5 0.7 3.6
v 1.6 0.7 3.6
v 1.5 0.6 3.5
v 1.4 0.6 3.5
v 1.4 0.6 3.7
v 1.5 0.6 3.7
v 1.3 0.6 3.5
v 1.3 0.6 3.6
v 1.4 0.6 3.6
v 1.3 0.5 3.5
v 1.2 0.5 3.5
v 1.2 0.5 3.6
v 1.2 0.3 3.5
v 1.1 0.3 3.5
v 1.1 0.3 3.6
v 1.2 0.3 3.6
v 0.9 0.1 3.5
v 0.8 0.1 3.5
v 0.9 0.1 3.6
v 0.7 0.6 3.5
v 0.6 0.6 3.5
v 0.6 0.6 3.6
v 0.7 0.6 3.6
v 0.6 0.7 3.5
v 0.5 0.7 3.5
v 0.5 0.7 3.6
v 0.6 0.7 3.6
v 0.5 0.6 3.5
v 0.4 0.6 3.5
v 0.4 0.6 3.7
v 0.5 0.6 3.7
v 0.3 0.6 3.5
v 0.3 0.6 3.6
v 0.4 0.6 3.6
v 0.3 0.5 3.5
v 0.2 0.5 3.5
v 0.2 0.5 3.6
v 0.2 0.3 3.5
v 0.1 0.3 3.5
v 0.1 0.3 3.6
v 0.2 0.3 3.6
v -0.4 0.2 3.5
v -0.5 0.2 3.5
v -0.5 0.2 3.6
v -0.4 0.2 3.6
v -0.4 0.5 3.5
v -0.6 0.5 3.5
v -0.6 0.5 3.6
v -0.4 0.5 3.6
v -0.8 0.1 3.5
v -0.9 0.1 3.5
v -1 0.1 3.5
v -1.1 0.1 3.5
v -1.4 0.2 3.5
v -1.5 0.2 3.5
v -1.5 0.2 3.6
v -1.4 0.2 3.6
v -1.3 0.5 3.5
v -1.5 0.5 3.5
v -1.5 0.5 3.6
v -1.3 0.5 3.6
v -1.5 0.1 3.5
v -1.6 0.1 3.5
v -1.6 0.1 3.6
v -1.5 0.1 3.6
v -1.7 0.2 3.5
v -1.8 0.2 3.5
v -1.8 0.2 3.6
v -1.7 0.2 3.6
v -1.6 0.5 3.5
v -1.8 0.5 3.5
v -1.8 0.5 3.6
v -1.6 0.5 3.6
v -1.8 0.1 3.5
v -1.9 0.1 3.5
v -1.9 0.1 3.6
v -1.8 0.1 3.6
v -1.9 0.5 3.5
v -2 0.5 3.5
v -2 0.5 3.6
v -1.9 0.5 3.6
v -1.9 1.1 3.5
v -2 1.1 3.5
v -2 1.1 3.7
v -1.9 1.1 3.7
v -2 0.3 3.5
v -2.1 0.3 3.5
v -2.1 0.3 3.6
v -2 0.3 3.6
v 3.9 0.3 3.4
v 3.8 0.3 3.4
v 3.8 0.3 3.5
v 3.9 0.3 3.5
v 3.7 0.5 3.4
v 3.6 0.5 3.4
v 3.6 0.5 3.5
v 3.7 0.5 3.5
v 3.6 0.6 3.4
v 3.5 0.6 3.4
v 3.4 0.6 3.4
v 3.4 0.5 3.4
v 3.3 0.5 3.4
v 3.4 0.5 3.5
v 3.3 0.4 3.4
v 3.2 0.4 3.4
v 3.2 0.4 3.5
v 3.3 0.4 3.5
v 3.2 0.2 3.4
v 3.1 0.2 3.4
v 3.1 0.2 3.5
v 3.2 0.2 3.5
v 2.9 0.3 3.4
v 2.8 0.3 3.4
v 2.8 0.3 3.5
v 2.9 0.3 3.5
v 2.7 0.5 3.4
v 2.6 0.5 3.4
v 2.6 0.5 3.5
v 2.7 0.5 3.5
v 2.6 0.6 3.4
v 2.5 0.6 3.4
v 2.4 0.6 3.4
v 2.4 0.5 3.4
v 2.3 0.5 3.4
v 2.4 0.5 3.5
v 2.3 0.4 3.4
v 2.2 0.4 3.4
v 2.2 0.4 3.5
v 2.3 0.4 3.5
v 2.2 0.2 3.4
v 2.1 0.2 3.4
v 2.1 0.2 3.5
v 2.2 0.2 3.5
v 1.9 0.3 3.4
v 1.8 0.3 3.4
v 1.8 0.3 3.5
v 1.9 0.3 3.5
v 1.7 0.5 3.4
v 1.6 0.5 3.4
v 1.6 0.5 3.5
v 1.7 0.5 3.5
v 1.6 0.6 3.4
v 1.5 0.6 3.4
v 1.4 0.6 3.4
v 1.4 0.5 3.4
v 1.3 0.5 3.4
v 1.4 0.5 3.5
v 1.3 0.4 3.4
v 1.2 0.4 3.4
v 1.2 0.4 3.5
v 1.3 0.4 3.5
v 1.2 0.2 3.4
v 1.1 0.2 3.4
v 1.1 0.2 3.5
v 1.2 0.2 3.5
v 0.9 0.3 3.4
v 0.8 0.3 3.4
v 0.8 0.3 3.5
v 0.9 0.3 3.5
v 0.7 0.5 3.4
v 0.6 0.5 3.4
v 0.6 0.5 3.5
v 0.7 0.5 3.5
v 0.6 0.6 3.4
v 0.5 0.6 3.4
v 0.4 0.6 3.4
v 0.4 0.5 3.4
v 0.3 0.5 3.4
v 0.4 0.5 3.5
v 0.3 0.4 3.4
v 0.2 0.4 3.4
v 0.2 0.4 3.5
v 0.3 0.4 3.5
v 0.2 0.2 3.4
v 0.1 0.2 3.4
v 0.1 0.2 3.5
v 0.2 0.2 3.5
v -0.3 0.1 3.4
v -0.4 0.1 3.4
v -0.5 0.1 3.4
v -0.5 0.1 3.5
v -0.4 0.1 3.5
v -0.9 0.1 3.4
v -1 0.1 3.4
v -1.1 0.1 3.4
v -1.2 0.1 3.4
v -1.2 0.1 3.8
v -1.3 0.1 3.4
v -1.9 0.1 3.4
v -1.3 0.1 3.5
v -1.4 0.4 3.4
v -2 0.4 3.4
v -2 0.4 3.5
v -1.4 0.4 3.5
v -2 0.7 3.4
v -2.1 0.7 3.4
v -2.1 0.7 3.5
v -2 0.7 3.5
v -2 1 3.4
v -2.1 1 3.4
v -2.1 1 3.5
v -2 1 3.5
v -2.1 1.3 3.4
v -2.2 1.3 3.4
v -2.2 1.3 3.7
v -2.1 1.3 3.7
v 3.8 0.1 3.3
v 3.7 0.1 3.3
v 3.7 0.1 3.4
v 3.8 0.1 3.4
v 3.8 0.4 3.3
v 3.7 0.4 3.3
v 3.7 0.4 3.6
v 3.8 0.4 3.6
v 3.7 0.5 3.3
v 3.6 0.5 3.3
v 3.5 0.5 3.3
v 3.5 0.5 3.4
v 3.5 0.6 3.3
v 3.4 0.6 3.3
v 3.4 0.5 3.3
v 3.3 0.5 3.3
v 3.3 0.1 3.3
v 3.2 0.1 3.3
v 3.2 0.1 3.4
v 3.3 0.1 3.4
v 3.3 0.3 3.3
v 3.2 0.3 3.3
v 3.2 0.3 3.4
v 3.3 0.3 3.4
v 2.8 0.1 3.3
v 2.7 0.1 3.3
v 2.7 0.1 3.4
v 2.8 0.1 3.4
v 2.8 0.4 3.3
v 2.7 0.4 3.3
v 2.7 0.4 3.6
v 2.8 0.4 3.6
v 2.7 0.5 3.3
v 2.6 0.5 3.3
v 2.5 0.5 3.3
v 2.5 0.5 3.4
v 2.5 0.6 3.3
v 2.4 0.6 3.3
v 2.4 0.5 3.3
v 2.3 0.5 3.3
v 2.3 0.1 3.3
v 2.2 0.1 3.3
v 2.2 0.1 3.4
v 2.3 0.1 3.4
v 2.3 0.3 3.3
v 2.2 0.3 3.3
v 2.2 0.3 3.4
v 2.3 0.3 3.4
v 1.8 0.1 3.3
v 1.7 0.1 3.3
v 1.7 0.1 3.4
v 1.8 0.1 3.4
v 1.8 0.4 3.3
v 1.7 0.4 3.3
v 1.7 0.4 3.6
v 1.8 0.4 3.6
v 1.7 0.5 3.3
v 1.6 0.5 3.3
v 1.5 0.5 3.3
v 1.5 0.5 3.4
v 1.5 0.6 3.3
v 1.4 0.6 3.3
v 1.4 0.5 3.3
v 1.3 0.5 3.3
v 1.3 0.1 3.3
v 1.2 0.1 3.3
v 1.2 0.1 3.4
v 1.3 0.1 3.4
v 1.3 0.3 3.3
v 1.2 0.3 3.3
v 1.2 0.3 3.4
v 1.3 0.3 3.4
v 0.8 0.1 3.3
v 0.7 0.1 3.3
v 0.7 0.1 3.4
v 0.8 0.1 3.4
v 0.8 0.4 3.3
v 0.7 0.4 3.3
v 0.7 0.4 3.6
v 0.8 0.4 3.6
v 0.7 0.5 3.3
v 0.6 0.5 3.3
v 0.5 0.5 3.3
v 0.5 0.5 3.4
v 0.5 0.6 3.3
v 0.4 0.6 3.3
v 0.4 0.5 3.3
v 0.3 0.5 3.3
v 0.3 0.1 3.3
v 0.2 0.1 3.3
v 0.2 0.1 3.4
v 0.3 0.1 3.4
v 0.3 0.3 3.3
v 0.2 0.3 3.3
v 0.2 0.3 3.4
v 0.3 0.3 3.4
v -0.8 0.1 3.3
v -0.9 0.1 3.3
v -0.8 0.1 3.4
v -1 0.1 3.3
v -1.1 0.1 3.3
v -1.7 0.1 3.3
v -1.9 0.1 3.3
v -1.7 0.1 3.4
v -2 0.1 3.3
v -2 0.1 3.5
v -2 1.2 3.3
v -2.1 1.2 3.3
v -2.1 1.2 3.7
v -2 1.2 3.7
v 3.7 0.2 3.2
v 3.6 0.2 3.2
v 3.6 0.2 3.3
v 3.7 0.2 3.3
v 3.7 0.5 3.2
v 3.6 0.5 3.2
v 3.6 0.4 3.2
v 3.5 0.4 3.2
v 3.5 0.4 3.3
v 3.6 0.4 3.3
v 3.5 0.5 3.2
v 3.4 0.5 3.2
v 3.4 0.2 3.2
v 3.3 0.2 3.2
v 3.3 0.2 3.3
v 3.4 0.2 3.3
v 3.4 0.4 3.2
v 3.3 0.4 3.2
v 3.3 0.4 3.3
v 3.4 0.4 3.3
v 2.7 0.2 3.2
v 2.6 0.2 3.2
v 2.6 0.2 3.3
v 2.7 0.2 3.3
v 2.7 0.5 3.2
v 2.6 0.5 3.2
v 2.6 0.4 3.2
v 2.5 0.4 3.2
v 2.5 0.4 3.3
v 2.6 0.4 3.3
v 2.5 0.5 3.2
v 2.4 0.5 3.2
v 2.4 0.2 3.2
v 2.3 0.2 3.2
v 2.3 0.2 3.3
v 2.4 0.2 3.3
v 2.4 0.4 3.2
v 2.3 0.4 3.2
v 2.3 0.4 3.3
v 2.4 0.4 3.3
v 1.7 0.2 3.2
v 1.6 0.2 3.2
v 1.6 0.2 3.3
v 1.7 0.2 3.3
v 1.7 0.5 3.2
v 1.6 0.5 3.2
v 1.6 0.4 3.2
v 1.5 0.4 3.2
v 1.5 0.4 3.3
v 1.6 0.4 3.3
v 1.5 0.5 3.2
v 1.4 0.5 3.2
v 1.4 0.2 3.2
v 1.3 0.2 3.2
v 1.3 0.2 3.3
v 1.4 0.2 3.3
v 1.4 0.4 3.2
v 1.3 0.4 3.2
v 1.3 0.4 3.3
v 1.4 0.4 3.3
v 0.7 0.2 3.2
v 0.6 0.2 3.2
v 0.6 0.2 3.3
v 0.7 0.2 3.3
v 0.7 0.5 3.2
v 0.6 0.5 3.2
v 0.6 0.4 3.2
v 0.5 0.4 3.2
v 0.5 0.4 3.3
v 0.6 0.4 3.3
v 0.5 0.5 3.2
v 0.4 0.5 3.2
v 0.4 0.2 3.2
v 0.3 0.2 3.2
v 0.3 0.2 3.3
v 0.4 0.2 3.3
v 0.4 0.4 3.2
v 0.3 0.4 3.2
v 0.3 0.4 3.3
v 0.4 0.4 3.3
v -0.1 0.1 3.2
v -0.2 0.1 3.2
v -0.2 0.1 3.5
v -0.1 0.1 3.5
v -0.4 0.2 3.2
v -0.5 0.2 3.2
v -0.5 0.2 3.3
v -0.4 0.2 3.3
v -0.4 0.5 3.2
v -0.5 0.5 3.2
v -0.5 0.5 3.4
v -0.4 0.5 3.4
v -0.8 0.1 3.2
v -0.9 0.1 3.2
v -1 0.1 3.2
v -1.2 0.1 3.2
v -1.2 0.1 3.3
v -1.3 0.1 3.2
v -1.4 0.1 3.2
v -1.4 0.1 3.3
v -1.3 0.1 3.3
v -1.7 0.1 3.2
v -1.4 0.1 3.4
v -1.9 1.1 3.2
v -2 1.1 3.2
v -2 1.1 3.4
v -1.9 1.1 3.4
v 3.6 0.1 3.1
v 3.5 0.1 3.1
v 3.5 0.1 3.2
v 3.6 0.1 3.2
v 3.6 0.3 3.1
v 3.5 0.3 3.1
v 3.5 0.3 3.2
v 3.6 0.3 3.2
v 2.6 0.1 3.1
v 2.5 0.1 3.1
v 2.5 0.1 3.2
v 2.6 0.1 3.2
v 2.6 0.3 3.1
v 2.5 0.3 3.1
v 2.5 0.3 3.2
v 2.6 0.3 3.2
v 1.6 0.1 3.1
v 1.5 0.1 3.1
v 1.5 0.1 3.2
v 1.6 0.1 3.2
v 1.6 0.3 3.1
v 1.5 0.3 3.1
v 1.5 0.3 3.2
v 1.6 0.3 3.2
v 0.6 0.1 3.1
v 0.5 0.1 3.1
v 0.5 0.1 3.2
v 0.6 0.1 3.2
v 0.6 0.3 3.1
v 0.5 0.3 3.1
v 0.5 0.3 3.2
v 0.6 0.3 3.2
v 0 0.1 3.1
v -0.1 0.1 3.1
v 0 0.1 3.5
v -0.4 0.1 3.1
v -0.5 0.1 3.1
v -0.5 0.1 3.2
v -0.4 0.1 3.2
v -0.7 0.1 3.1
v -0.8 0.1 3.1
v -0.9 0.1 3.1
v -1 0.1 3.1
v -1.1 0.1 3.1
v -1.1 0.1 3.2
v -0.4 0.2 3
v -0.5 0.2 3
v -0.5 0.2 3.1
v -0.4 0.2 3.1
v -0.4 0.5 3
v -0.5 0.5 3
v -0.5 0.5 3.1
v -0.4 0.5 3.1
v -0.8 0.1 3
v -0.9 0.1 3
v -1 0.1 3
v -1.2 0.1 3
v -1.2 0.1 3.1
v -1.3 0.1 3
v -1.2 0.1 3.9
v -1.4 0.1 3
v -1.7 0.1 3
v -0.4 0.4 2.9
v -0.5 0.4 2.9
v -0.5 0.4 3
v -0.4 0.4 3
v -0.6 0.4 2.9
v -0.6 0.4 3.5
v -0.5 0.4 3.5
v -0.8 0.1 2.9
v -0.9 0.1 2.9
v -1 0.1 2.9
v -1.1 0.1 2.9
v -1.2 0.1 2.9
v -1.1 0.1 3
v -1.3 0.1 2.9
v -1.4 0.1 2.9
v -1.4 0.1 3.1
v -1.3 0.1 3.1
v -1.5 0.1 2.9
v -1.5 0.1 3
v -1.6 0.1 2.9
v -1.6 0.1 3
v -0.1 0.1 2.8
v -0.2 0.1 2.8
v -0.2 0.1 3.1
v -0.3 0.1 2.8
v -0.3 0.1 3.8
v -0.2 0.1 3.8
v -0.4 0.1 2.8
v -0.5 0.1 2.8
v -0.5 0.1 2.9
v -0.4 0.1 2.9
v -0.8 0.1 2.8
v -0.9 0.1 2.8
v -1 0.1 2.8
v -1.1 0.1 2.8
v -1.2 0.1 2.8
v -1.3 0.1 2.8
v -0.4 0.1 2.7
v -0.5 0.1 2.7
v -0.7 0.1 2.7
v -0.8 0.1 2.7
v -0.7 0.1 3
v -0.9 0.1 2.7
v -1.2 0.1 2.7
v -1.3 0.1 2.7
v -1.4 0.1 2.7
v -1.4 0.1 2.8
v -0.2 0.1 2.6
v -0.3 0.1 2.6
v -0.3 0.1 2.7
v -0.2 0.1 2.7
v -0.4 0.2 2.6
v -0.5 0.2 2.6
v -0.5 0.2 2.7
v -0.4 0.2 2.7
v -0.4 0.5 2.6
v -0.5 0.5 2.6
v -0.5 0.5 2.8
v -0.4 0.5 2.8
v -0.5 0.4 2.6
v -0.6 0.4 2.6
v -0.6 0.4 2.8
v -0.5 0.4 2.8
v -1.1 0.1 2.6
v -1.2 0.1 2.6
v -1.3 0.1 2.6
v 0 0.1 2.5
v -0.1 0.1 2.5
v -0.1 0.1 3
v 0 0.1 3
v -0.2 0.1 2.5
v -0.1 0.1 2.7
v -0.4 0.1 2.5
v -0.5 0.1 2.5
v -0.5 0.1 2.6
v -0.4 0.1 2.6
v -0.7 0.1 2.5
v -1.1 0.1 2.5
v -0.7 0.1 2.6
v 1.4 1.2 2.4
v 1.3 1.2 2.4
v 1.3 1.2 2.5
v 1.4 1.2 2.5
v 1.3 1.4 2.4
v 1.2 1.4 2.4
v 1.2 1.4 2.5
v 1.3 1.4 2.5
v 1.2 1.2 2.4
v 1.1 1.2 2.4
v 1.1 1.2 2.5
v 1.2 1.2 2.5
v -0.4 0.5 2.4
v -0.5 0.5 2.4
v -0.5 0.5 2.5
v -0.4 0.5 2.5
v -0.5 0.4 2.4
v -0.6 0.4 2.4
v -0.6 0.4 2.5
v -0.5 0.4 2.5
v -0.7 0.1 2.4
v -0.8 0.1 2.4
v -0.8 0.1 2.5
v -0.9 0.1 2.4
v -0.9 0.1 2.5
v -1 0.1 2.4
v -1 0.1 2.5
v -1.1 0.1 2.4
v 1.6 1 2.3
v 1.5 1 2.3
v 1.5 1 2.4
v 1.6 1 2.4
v 1.6 1.2 2.3
v 1.5 1.2 2.3
v 1.5 1.2 2.4
v 1.6 1.2 2.4
v 1.5 1.5 2.3
v 1.4 1.5 2.3
v 1.4 1.5 2.4
v 1.5 1.5 2.4
v 1.3 1.5 2.3
v 1.3 1.5 2.4
v 1.1 1.5 2.3
v 1.1 1.5 2.4
v 1.1 1.3 2.3
v 1 1.3 2.3
v 1 1.3 2.4
v 1.1 1.3 2.4
v -0.4 0.3 2.3
v -0.5 0.3 2.3
v -0.5 0.3 2.4
v -0.4 0.3 2.4
v -0.8 0.1 2.3
v -0.9 0.1 2.3
v -1 0.1 2.3
v 1.7 1.1 2.2
v 1.6 1.1 2.2
v 1.6 1.1 2.3
v 1.7 1.1 2.3
v 1.7 1.3 2.2
v 1.6 1.3 2.2
v 1.6 1.3 2.3
v 1.7 1.3 2.3
v 1.5 1.6 2.2
v 1.4 1.6 2.2
v 1.4 1.6 2.3
v 1.5 1.6 2.3
v 1.3 1.6 2.2
v 1.2 1.6 2.2
v 1.2 1.6 2.3
v 1.3 1.6 2.3
v 1.2 1.7 2.2
v 1.1 1.7 2.2
v 1.1 1.7 2.3
v 1.2 1.7 2.3
v 1.1 1.6 2.2
v 1 1.6 2.2
v 1 1.6 2.3
v 1.1 1.6 2.3
v 1 0.9 2.2
v 0.9 0.9 2.2
v 0.9 0.9 2.3
v 1 0.9 2.3
v 1 1.1 2.2
v 0.9 1.1 2.2
v 0.9 1.1 2.3
v 1 1.1 2.3
v -0.4 0.1 2.2
v -0.5 0.1 2.2
v -0.5 0.1 2.3
v -0.4 0.1 2.3
v -0.7 0.1 2.2
v -0.8 0.1 2.2
v -0.7 0.1 2.3
v -0.9 0.1 2.2
v 1.8 1 2.1
v 1.7 1 2.1
v 1.7 1 2.2
v 1.8 1 2.2
v 1.8 1.4 2.1
v 1.7 1.4 2.1
v 1.7 1.4 2.2
v 1.8 1.4 2.2
v 1.7 1.6 2.1
v 1.6 1.6 2.1
v 1.6 1.6 2.2
v 1.7 1.6 2.2
v 1.6 1.7 2.1
v 1.5 1.7 2.1
v 1.5 1.7 2.3
v 1.6 1.7 2.3
v 1.4 1.7 2.1
v 1.4 1.7 2.2
v 1.5 1.7 2.2
v 1.4 0.1 2.1
v 1.3 0.1 2.1
v 1.3 0.1 2.2
v 1.4 0.1 2.2
v 1.3 1.7 2.1
v 1.3 1.7 2.3
v 1.4 1.7 2.3
v 1.2 0.1 2.1
v 1.2 0.1 2.2
v 1.3 1.8 2.1
v 1.1 1.8 2.1
v 1.1 1.8 2.2
v 1.3 1.8 2.2
v 1.1 1.7 2.1
v 1 1.7 2.1
v 1 1.7 2.2
v 0 0.1 2.1
v -0.2 0.1 2.1
v -0.2 0.1 2.3
v 0 0.1 2.3
v -0.5 0.1 2.1
v -0.6 0.1 2.1
v -0.6 0.1 3.5
v -0.7 0.1 2.1
v -0.8 0.1 2.1
v 1.8 1.1 2
v 1.7 1.1 2
v 1.7 1.1 2.1
v 1.8 1.1 2.1
v 1.8 1.5 2
v 1.6 1.5 2
v 1.6 1.5 2.1
v 1.8 1.5 2.1
v 1.6 1.6 2
v 1.5 1.6 2
v 1.5 1.6 2.1
v 1.5 0.1 2
v 1.4 0.1 2
v 1.5 0.1 2.1
v 1.4 1.8 2
v 1.3 1.8 2
v 1.4 1.8 2.1
v 1.3 1.7 2
v 1.2 1.7 2
v 1.2 1.7 2.1
v 1.1 1.7 2
v 1.2 0.1 2
v 1 0.1 2
v 1 0.1 2.1
v 1.1 1.6 2
v 1 1.6 2
v 1 1.6 2.1
v 1.1 1.6 2.1
v 0.9 1.1 2
v 0.8 1.1 2
v 0.8 1.1 2.1
v 0.9 1.1 2.1
v 0.9 1.3 2
v 0.8 1.3 2
v 0.8 1.3 2.1
v 0.9 1.3 2.1
v -0.3 0.1 2
v -0.4 0.1 2
v -0.4 0.1 3.3
v -0.3 0.1 3.3
v -0.4 0.3 2
v -0.5 0.3 2
v -0.5 0.3 2.2
v -0.4 0.3 2.2
v -0.5 0.1 2
v -0.6 0.1 2
v -0.3 1.1 2
v -0.6 1.1 2
v -0.6 1.1 2.1
v -0.3 1.1 2.1
v -0.7 0.1 2
v -0.7 0.1 3.8
v -0.6 0.1 3.8
v 1.8 1 1.9
v 1.7 1 1.9
v 1.7 1 2
v 1.8 1 2
v 1.8 1.4 1.9
v 1.7 1.4 1.9
v 1.7 1.4 2
v 1.8 1.4 2
v 1.7 1.6 1.9
v 1.5 1.6 1.9
v 1.7 1.6 2
v 1.5 0.1 1.9
v 1.4 0.1 1.9
v 1.4 1.7 1.9
v 1.3 1.7 1.9
v 1.4 1.7 2
v 1.2 0.1 1.9
v 1.1 0.1 1.9
v 1.1 0.1 2
v 1.2 1.8 1.9
v 1.1 1.8 1.9
v 1.1 1.8 2
v 1.2 1.8 2
v 1.1 1.6 1.9
v 1 1.6 1.9
v 0.9 1.2 1.9
v 0.8 1.2 1.9
v 0.8 1.2 2
v 0.9 1.2 2
v -0.5 0.5 1.9
v -0.6 0.5 1.9
v -0.6 0.5 2
v -0.5 0.5 2
v -0.3 1.2 1.9
v -0.6 1.2 1.9
v -0.6 1.2 2
v -0.3 1.2 2
v -0.7 1.2 1.9
v -0.7 1.2 2.1
v -0.6 1.2 2.1
v 1.6 0.1 1.8
v 1.5 0.1 1.8
v 1.6 0.1 2
v 1.6 1.6 1.8
v 1.5 1.6 1.8
v 1.6 1.6 1.9
v 1.5 1.7 1.8
v 1.4 1.7 1.8
v 1.3 1.7 1.8
v 1.3 0.1 1.8
v 1.2 0.1 1.8
v 1.3 0.1 1.9
v 1.3 1.8 1.8
v 1.2 1.8 1.8
v 1.2 1.7 1.8
v 1 1.7 1.8
v 1 1.7 1.9
v 1.2 1.7 1.9
v 1 1.5 1.8
v 0.9 1.5 1.8
v 0.9 1.5 2.3
v 1 1.5 2.3
v 0.9 1.3 1.8
v 0.8 1.3 1.8
v 0.8 1.3 1.9
v 0.9 1.3 1.9
v -0.3 1.3 1.8
v -0.7 1.3 1.8
v -0.7 1.3 1.9
v -0.3 1.3 1.9
v -0.8 1.3 1.8
v -0.8 1.3 2.1
v -0.7 1.3 2.1
v -1 1.3 1.8
v -1.1 1.3 1.8
v -1.1 1.3 2
v -1 1.3 2
v -1.2 1.3 1.8
v -1.2 1.3 1.9
v -1.1 1.3 1.9
v 1.7 1.5 1.7
v 1.6 1.5 1.7
v 1.6 1.5 1.9
v 1.7 1.5 1.9
v 1.6 1.6 1.7
v 1.5 1.6 1.7
v 1.4 0.1 1.7
v 1.3 0.1 1.7
v 1.3 1.6 1.7
v 1.3 1.6 1.8
v 1.2 0.1 1.7
v 1.3 1.7 1.7
v 1.2 1.7 1.7
v 1.2 1.6 1.7
v 1 1.6 1.7
v 1 1.6 1.8
v 1.2 1.6 1.8
v 1 1.2 1.7
v 0.9 1.2 1.7
v 0.9 1.2 1.8
v 1 1.2 1.8
v -0.2 0.1 1.7
v -0.3 0.1 1.7
v -0.3 0.1 2.5
v -0.4 0.1 1.7
v -0.4 0.1 1.9
v -0.3 0.1 1.9
v -0.4 0.9 1.7
v -0.5 0.9 1.7
v -0.5 0.9 1.8
v -0.4 0.9 1.8
v -0.4 1.2 1.7
v -0.5 1.2 1.7
v -0.5 1.2 1.8
v -0.4 1.2 1.8
v -0.3 1.4 1.7
v -0.6 1.4 1.7
v -0.6 1.4 1.8
v -0.3 1.4 1.8
v -0.7 1.4 1.7
v -0.8 1.4 1.7
v -0.8 1.4 1.8
v -0.7 1.4 1.8
v -1 1.4 1.7
v -1 1.4 2.1
v -0.8 1.4 2.1
v -1.4 1.4 1.7
v -1.4 1.4 1.8
v -1 1.4 1.8
v 1.6 1.1 1.6
v 1.5 1.1 1.6
v 1.5 1.1 1.7
v 1.6 1.1 1.7
v 1.6 1.4 1.6
v 1.5 1.4 1.6
v 1.5 1.4 1.7
v 1.6 1.4 1.7
v 1.5 1.5 1.6
v 1.4 1.5 1.6
v 1.4 1.5 1.7
v 1.5 1.5 1.7
v 1.4 1.6 1.6
v 1.3 1.6 1.6
v 1.4 1.6 1.7
v 1.3 1.5 1.6
v 1.2 1.5 1.6
v 1.2 1.5 1.7
v 1.3 1.5 1.7
v 1.1 1.5 1.6
v 1.1 1.5 1.7
v 1.1 0.9 1.6
v 1 0.9 1.6
v 1 0.9 1.7
v 1.1 0.9 1.7
v 1.1 1.1 1.6
v 1 1.1 1.6
v 1 1.1 1.7
v 1.1 1.1 1.7
v -0.4 1.1 1.6
v -0.5 1.1 1.6
v -0.5 1.1 1.7
v -0.4 1.1 1.7
v -0.3 1.5 1.6
v -1.5 1.5 1.6
v -1.5 1.5 1.7
v -0.3 1.5 1.7
v 2.6 1.2 1.5
v 2.5 1.2 1.5
v 2.5 1.2 1.6
v 2.6 1.2 1.6
v 2.5 1.4 1.5
v 2.4 1.4 1.5
v 2.4 1.4 1.6
v 2.5 1.4 1.6
v 2.4 1.2 1.5
v 2.3 1.2 1.5
v 2.3 1.2 1.6
v 2.4 1.2 1.6
v 1.5 1.3 1.5
v 1.4 1.3 1.5
v 1.4 1.3 1.6
v 1.5 1.3 1.6
v 1.4 1 1.5
v 1.3 1 1.5
v 1.3 1 1.6
v 1.4 1 1.6
v 1.4 1.5 1.5
v 1.3 1.5 1.5
v 1.3 1.3 1.5
v 1.2 1.3 1.5
v 1.2 1.3 1.6
v 1.3 1.3 1.6
v 1.2 1 1.5
v 1.1 1 1.5
v 1.1 1 1.6
v 1.2 1 1.6
v 1.2 1.2 1.5
v 1.1 1.2 1.5
v 1.1 1.2 1.6
v 1.2 1.2 1.6
v -0.1 0.1 1.5
v -0.2 0.1 1.5
v -0.2 0.1 2
v -0.1 0.1 2
v -0.4 0.6 1.5
v -0.5 0.6 1.5
v -0.5 0.6 1.6
v -0.4 0.6 1.6
v -0.4 1.4 1.5
v -0.5 1.4 1.5
v -0.5 1.4 1.6
v -0.4 1.4 1.6
v -0.3 1.6 1.5
v -0.8 1.6 1.5
v -0.8 1.6 1.6
v -0.3 1.6 1.6
v -0.9 1.6 1.5
v -1.1 1.6 1.5
v -1.1 1.6 1.6
v -0.9 1.6 1.6
v -1.2 1.6 1.5
v -1.8 1.6 1.5
v -1.8 1.6 1.6
v -1.2 1.6 1.6
v 2.8 1 1.4
v 2.7 1 1.4
v 2.7 1 1.5
v 2.8 1 1.5
v 2.8 1.2 1.4
v 2.7 1.2 1.4
v 2.7 1.2 1.5
v 2.8 1.2 1.5
v 2.7 1.5 1.4
v 2.6 1.5 1.4
v 2.6 1.5 1.5
v 2.7 1.5 1.5
v 2.5 1.5 1.4
v 2.5 1.5 1.5
v 2.3 1.5 1.4
v 2.3 1.5 1.5
v 2.3 1.3 1.4
v 2.2 1.3 1.4
v 2.2 1.3 1.5
v 2.3 1.3 1.5
v -0.4 1.2 1.4
v -0.5 1.2 1.4
v -0.5 1.2 1.5
v -0.4 1.2 1.5
v -0.3 1.7 1.4
v -1.3 1.7 1.4
v -1.3 1.7 1.5
v -0.3 1.7 1.5
v -1.4 1.7 1.4
v -2 1.7 1.4
v -2 1.7 1.5
v -1.4 1.7 1.5
v 2.9 1.1 1.3
v 2.8 1.1 1.3
v 2.8 1.1 1.4
v 2.9 1.1 1.4
v 2.9 1.3 1.3
v 2.8 1.3 1.3
v 2.8 1.3 1.4
v 2.9 1.3 1.4
v 2.7 1.6 1.3
v 2.6 1.6 1.3
v 2.6 1.6 1.4
v 2.7 1.6 1.4
v 2.5 1.6 1.3
v 2.4 1.6 1.3
v 2.4 1.6 1.4
v 2.5 1.6 1.4
v 2.4 1.7 1.3
v 2.3 1.7 1.3
v 2.3 1.7 1.4
v 2.4 1.7 1.4
v 2.3 1.6 1.3
v 2.2 1.6 1.3
v 2.2 1.6 1.4
v 2.3 1.6 1.4
v 2.2 0.9 1.3
v 2.1 0.9 1.3
v 2.1 0.9 1.4
v 2.2 0.9 1.4
v 2.2 1.1 1.3
v 2.1 1.1 1.3
v 2.1 1.1 1.4
v 2.2 1.1 1.4
v 0 0.1 1.3
v -0.1 0.1 1.3
v -0.1 0.1 1.9
v 0 0.1 1.9
v -0.2 0.1 1.3
v -0.2 0.1 1.4
v -0.1 0.1 1.4
v -0.3 0.1 1.3
v -0.3 0.1 1.6
v -0.2 0.1 1.6
v -0.4 0.3 1.3
v -0.5 0.3 1.3
v -0.5 0.3 1.4
v -0.4 0.3 1.4
v -0.4 0.5 1.3
v -0.5 0.5 1.3
v -0.5 0.5 1.4
v -0.4 0.5 1.4
v -0.4 1.1 1.3
v -0.5 1.1 1.3
v -0.5 1.1 1.4
v -0.4 1.1 1.4
v -0.4 1.6 1.3
v -0.5 1.6 1.3
v -0.5 1.6 1.4
v -0.4 1.6 1.4
v -0.4 1.8 1.3
v -2.2 1.8 1.3
v -2.2 1.8 1.4
v -0.4 1.8 1.4
v 3 1 1.2
v 2.9 1 1.2
v 2.9 1 1.3
v 3 1 1.3
v 3 1.4 1.2
v 2.9 1.4 1.2
v 2.9 1.4 1.3
v 3 1.4 1.3
v 2.9 1.6 1.2
v 2.8 1.6 1.2
v 2.8 1.6 1.3
v 2.9 1.6 1.3
v 2.8 1.7 1.2
v 2.7 1.7 1.2
v 2.7 1.7 1.4
v 2.8 1.7 1.4
v 2.6 1.7 1.2
v 2.6 1.7 1.3
v 2.7 1.7 1.3
v 2.6 0.1 1.2
v 2.5 0.1 1.2
v 2.5 0.1 1.3
v 2.6 0.1 1.3
v 2.5 1.7 1.2
v 2.5 1.7 1.4
v 2.6 1.7 1.4
v 2.4 0.1 1.2
v 2.4 0.1 1.3
v 2.5 1.8 1.2
v 2.3 1.8 1.2
v 2.3 1.8 1.3
v 2.5 1.8 1.3
v 2.3 1.7 1.2
v 2.2 1.7 1.2
v 2.2 1.7 1.3
v 2.1 1.5 1.2
v 2 1.5 1.2
v 2 1.5 1.3
v 2.1 1.5 1.3
v 3 1.1 1.1
v 2.9 1.1 1.1
v 2.9 1.1 1.2
v 3 1.1 1.2
v 3 1.5 1.1
v 2.8 1.5 1.1
v 2.8 1.5 1.2
v 3 1.5 1.2
v 2.8 1.6 1.1
v 2.7 1.6 1.1
v 2.7 1.6 1.2
v 2.7 0.1 1.1
v 2.6 0.1 1.1
v 2.7 0.1 1.2
v 2.6 1.8 1.1
v 2.5 1.8 1.1
v 2.6 1.8 1.2
v 2.5 1.7 1.1
v 2.4 1.7 1.1
v 2.4 1.7 1.2
v 2.3 1.7 1.1
v 2.4 0.1 1.1
v 2.2 0.1 1.1
v 2.2 0.1 1.2
v 2.3 1.6 1.1
v 2.2 1.6 1.1
v 2.2 1.6 1.2
v 2.3 1.6 1.2
v 2.1 1.1 1.1
v 2 1.1 1.1
v 2 1.1 1.2
v 2.1 1.1 1.2
v 2.1 1.4 1.1
v 2 1.4 1.1
v 2 1.4 1.2
v 2.1 1.4 1.2
v -0.1 0.1 1.1
v -0.3 0.1 1.1
v -0.3 0.1 1.2
v -0.1 0.1 1.2
v -0.4 0.3 1.1
v -0.5 0.3 1.1
v -0.5 0.3 1.2
v -0.4 0.3 1.2
v -0.4 1.1 1.1
v -0.5 1.1 1.1
v -0.5 1.1 1.2
v -0.4 1.1 1.2
v -0.4 1.4 1.1
v -0.5 1.4 1.1
v -0.5 1.4 1.3
v -0.4 1.4 1.3
v -0.4 1.9 1.1
v -2.2 1.9 1.1
v -2.2 1.9 1.3
v -0.4 1.9 1.3
v 3 1 1
v 2.9 1 1
v 2.9 1 1.1
v 3 1 1.1
v 3 1.4 1
v 2.9 1.4 1
v 2.9 1.4 1.1
v 3 1.4 1.1
v 2.9 1.6 1
v 2.7 1.6 1
v 2.9 1.6 1.1
v 2.7 0.1 1
v 2.6 0.1 1
v 2.6 1.7 1
v 2.5 1.7 1
v 2.6 1.7 1.1
v 2.4 0.1 1
v 2.3 0.1 1
v 2.3 0.1 1.1
v 2.4 1.8 1
v 2.3 1.8 1
v 2.3 1.8 1.1
v 2.4 1.8 1.1
v 2.3 1.6 1
v 2.2 1.6 1
v 2.1 1.2 1
v 2 1.2 1
v 2 1.2 1.1
v 2.1 1.2 1.1
v -0.3 1.8 1
v -0.4 1.8 1
v -0.3 1.8 1.4
v -0.4 0.5 1
v -0.5 0.5 1
v -0.5 0.5 1.1
v -0.4 0.5 1.1
v -0.4 0.8 1
v -0.5 0.8 1
v -0.5 0.8 1.1
v -0.4 0.8 1.1
v -0.4 1.6 1
v -0.5 1.6 1
v -0.5 1.6 1.1
v -0.4 1.6 1.1
v -1.4 1.8 1
v -1.4 1.8 1.1
v -0.4 1.8 1.1
v -1.5 1.8 1
v -1.8 1.8 1
v -1.8 1.8 1.1
v -1.5 1.8 1.1
v 2.8 0.1 0.9
v 2.7 0.1 0.9
v 2.8 0.1 1.1
v 2.8 1.6 0.9
v 2.7 1.6 0.9
v 2.8 1.6 1
v 2.7 1.7 0.9
v 2.6 1.7 0.9
v 2.5 1.7 0.9
v 2.5 0.1 0.9
v 2.4 0.1 0.9
v 2.5 0.1 1
v 2.5 1.8 0.9
v 2.4 1.8 0.9
v 2.4 1.7 0.9
v 2.2 1.7 0.9
v 2.2 1.7 1
v 2.4 1.7 1
v 2.2 1.5 0.9
v 2.1 1.5 0.9
v 2.1 1.5 1.4
v 2.2 1.5 1.4
v 2.1 1.3 0.9
v 2 1.3 0.9
v 2 1.3 1
v 2.1 1.3 1
v -0.3 1.7 0.9
v -0.5 1.7 0.9
v -0.5 1.7 1
v -0.3 1.7 1
v -0.6 1.7 0.9
v -0.7 1.7 0.9
v -0.7 1.7 1
v -0.6 1.7 1
v -0.8 1.7 0.9
v -1.8 1.7 0.9
v -1.8 1.7 1
v -0.8 1.7 1
v 3.6 0.4 0.8
v 3.5 0.4 0.8
v 3.5 0.4 0.9
v 3.6 0.4 0.9
v 3.5 0.3 0.8
v 3.4 0.3 0.8
v 3.4 0.3 0.9
v 3.5 0.3 0.9
v 2.9 1.5 0.8
v 2.8 1.5 0.8
v 2.8 1.5 1
v 2.9 1.5 1
v 2.8 1.6 0.8
v 2.7 1.6 0.8
v 2.6 0.1 0.8
v 2.5 0.1 0.8
v 2.5 1.6 0.8
v 2.5 1.6 0.9
v 2.4 0.1 0.8
v 2.5 1.7 0.8
v 2.4 1.7 0.8
v 2.4 1.6 0.8
v 2.2 1.6 0.8
v 2.2 1.6 0.9
v 2.4 1.6 0.9
v 2.2 1.2 0.8
v 2.1 1.2 0.8
v 2.1 1.2 0.9
v 2.2 1.2 0.9
v -0.4 0.3 0.8
v -0.5 0.3 0.8
v -0.5 0.3 0.9
v -0.4 0.3 0.9
v -0.4 1.4 0.8
v -0.5 1.4 0.8
v -0.5 1.4 0.9
v -0.4 1.4 0.9
v -0.3 1.6 0.8
v -0.5 1.6 0.8
v -0.5 1.6 0.9
v -0.3 1.6 0.9
v -0.6 1.6 0.8
v -0.6 1.6 1
v -0.7 1.6 0.8
v -0.7 1.6 0.9
v -0.6 1.6 0.9
v -0.8 1.6 0.8
v -0.8 1.6 1
v -0.7 1.6 1
v -1.4 1.6 0.8
v -1.4 1.6 0.9
v -0.8 1.6 0.9
v -1.5 1.6 0.8
v -1.8 1.6 0.8
v -1.8 1.6 0.9
v -1.5 1.6 0.9
v 3.8 0.1 0.7
v 3.7 0.1 0.7
v 3.7 0.1 0.8
v 3.8 0.1 0.8
v 3.4 0.1 0.7
v 3.3 0.1 0.7
v 3.3 0.1 0.8
v 3.4 0.1 0.8
v 2.8 1.1 0.7
v 2.7 1.1 0.7
v 2.7 1.1 0.8
v 2.8 1.1 0.8
v 2.8 1.4 0.7
v 2.7 1.4 0.7
v 2.7 1.4 0.8
v 2.8 1.4 0.8
v 2.7 1.5 0.7
v 2.6 1.5 0.7
v 2.6 1.5 0.8
v 2.7 1.5 0.8
v 2.6 1.6 0.7
v 2.5 1.6 0.7
v 2.6 1.6 0.8
v 2.5 1.5 0.7
v 2.4 1.5 0.7
v 2.4 1.5 0.8
v 2.5 1.5 0.8
v 2.3 1.5 0.7
v 2.3 1.5 0.8
v 2.3 0.9 0.7
v 2.2 0.9 0.7
v 2.2 0.9 0.8
v 2.3 0.9 0.8
v 2.3 1.1 0.7
v 2.2 1.1 0.7
v 2.2 1.1 0.8
v 2.3 1.1 0.8
v -0.1 0.1 0.7
v -0.2 0.1 0.7
v -0.2 0.1 0.8
v -0.1 0.1 0.8
v -0.4 0.1 0.7
v -0.5 0.1 0.7
v -0.5 0.1 0.8
v -0.4 0.1 0.8
v -0.4 0.7 0.7
v -0.5 0.7 0.7
v -0.5 0.7 0.8
v -0.4 0.7 0.8
v -0.4 1 0.7
v -0.5 1 0.7
v -0.5 1 0.8
v -0.4 1 0.8
v -0.3 1.5 0.7
v -1 1.5 0.7
v -1 1.5 0.8
v -0.3 1.5 0.8
v -1.1 1.5 0.7
v -2.2 1.5 0.7
v -2.2 1.5 0.8
v -1.1 1.5 0.8
v 3.8 0.1 0.6
v 3.7 0.1 0.6
v 3.8 0.3 0.6
v 3.7 0.3 0.6
v 3.7 0.3 0.7
v 3.8 0.3 0.7
v 3.6 0.3 0.6
v 3.5 0.3 0.6
v 3.6 0.3 0.8
v 3.4 0.4 0.6
v 3.3 0.4 0.6
v 3.3 0.4 0.7
v 3.4 0.4 0.7
v 3.3 0.2 0.6
v 3.2 0.2 0.6
v 3.2 0.2 0.7
v 3.3 0.2 0.7
v 2.7 1.3 0.6
v 2.6 1.3 0.6
v 2.6 1.3 0.7
v 2.7 1.3 0.7
v 2.6 1 0.6
v 2.5 1 0.6
v 2.5 1 0.7
v 2.6 1 0.7
v 2.6 1.5 0.6
v 2.5 1.5 0.6
v 2.5 1.3 0.6
v 2.4 1.3 0.6
v 2.4 1.3 0.7
v 2.5 1.3 0.7
v 2.4 1 0.6
v 2.3 1 0.6
v 2.3 1 0.7
v 2.4 1 0.7
v 2.4 1.2 0.6
v 2.3 1.2 0.6
v 2.3 1.2 0.7
v 2.4 1.2 0.7
v -0.4 0.5 0.6
v -0.5 0.5 0.6
v -0.5 0.5 0.7
v -0.4 0.5 0.7
v -0.4 1.2 0.6
v -0.5 1.2 0.6
v -0.5 1.2 0.7
v -0.4 1.2 0.7
v -0.3 1.4 0.6
v -1 1.4 0.6
v -1 1.4 0.7
v -0.3 1.4 0.7
v -1.1 1.4 0.6
v -1.1 1.4 0.8
v -1 1.4 0.8
v -1.2 1.4 0.6
v -1.2 1.4 0.7
v -1.1 1.4 0.7
v -1.3 1.4 0.6
v -1.7 1.4 0.6
v -1.7 1.4 0.7
v -1.3 1.4 0.7
v -1.8 1.4 0.6
v -2.1 1.4 0.6
v -2.1 1.4 0.7
v -1.8 1.4 0.7
v 3.9 0.1 0.5
v 3.8 0.1 0.5
v 3.9 0.1 0.6
v 3.7 0.3 0.5
v 3.6 0.3 0.5
v 3.6 0.3 0.7
v 3.2 0.3 0.5
v 3.1 0.3 0.5
v 3.1 0.3 0.6
v 3.2 0.3 0.6
v -0.2 0.1 0.5
v -0.3 0.1 0.5
v -0.2 0.1 1.1
v -0.3 1.3 0.5
v -0.5 1.3 0.5
v -0.5 1.3 0.6
v -0.3 1.3 0.6
v -0.5 0.1 0.5
v -0.6 0.1 0.5
v -0.6 0.1 1.3
v -0.5 0.1 1.3
v -0.7 0.1 0.5
v -0.7 0.1 1.2
v -0.6 0.1 1.2
v -0.8 0.1 0.5
v -0.8 0.1 1.1
v -0.7 0.1 1.1
v -0.9 0.1 0.5
v -0.9 0.1 1
v -0.8 0.1 1
v -1 0.1 0.5
v -1 0.1 0.9
v -0.9 0.1 0.9
v -0.6 1.3 0.5
v -1 1.3 0.5
v -1 1.3 0.6
v -0.6 1.3 0.6
v -1.1 0.1 0.5
v -1.1 0.1 0.8
v -1 0.1 0.8
v -1.2 0.1 0.5
v -1.2 0.1 0.7
v -1.1 0.1 0.7
v -1.3 0.1 0.5
v -1.3 0.1 0.6
v -1.2 0.1 0.6
v -1.1 1.3 0.5
v -2.2 1.3 0.5
v -2.2 1.3 0.6
v -1.1 1.3 0.6
v 3.9 0.3 0.4
v 3.8 0.3 0.4
v 3.8 0.3 0.5
v 3.9 0.3 0.5
v 3.7 0.3 0.4
v 3.4 0.4 0.4
v 3.3 0.4 0.4
v 3.2 0.4 0.4
v 3.2 0.4 0.7
v 3.2 0.2 0.4
v 3.1 0.2 0.4
v 3.1 0.2 0.5
v 3.2 0.2 0.5
v -0.4 0.3 0.4
v -0.5 0.3 0.4
v -0.5 0.3 0.5
v -0.4 0.3 0.5
v -0.3 1.2 0.4
v -0.5 1.2 0.4
v -0.5 1.2 0.5
v -0.3 1.2 0.5
v -0.5 0.4 0.4
v -0.6 0.4 0.4
v -0.6 0.4 0.5
v -0.5 0.4 0.5
v -0.5 0.8 0.4
v -0.6 0.8 0.4
v -0.6 0.8 0.5
v -0.5 0.8 0.5
v -0.6 1.2 0.4
v -0.6 1.2 0.6
v -0.6 1 0.4
v -0.7 1 0.4
v -0.7 1 0.5
v -0.6 1 0.5
v -0.7 0.2 0.4
v -0.8 0.2 0.4
v -0.8 0.2 0.5
v -0.7 0.2 0.5
v -0.7 0.5 0.4
v -0.8 0.5 0.4
v -0.8 0.5 0.5
v -0.7 0.5 0.5
v -0.8 0.8 0.4
v -0.9 0.8 0.4
v -0.9 0.8 0.5
v -0.8 0.8 0.5
v -0.9 1 0.4
v -1 1 0.4
v -1 1 0.5
v -0.9 1 0.5
v -1 1.2 0.4
v -1 1.2 0.5
v -0.6 1.2 0.5
v -1.1 1.2 0.4
v -1.1 1.2 0.6
v -1 1.2 0.6
v -1.1 0.3 0.4
v -1.2 0.3 0.4
v -1.2 0.3 0.5
v -1.1 0.3 0.5
v -1.3 1.2 0.4
v -1.3 1.2 0.5
v -1.1 1.2 0.5
v -1.3 1 0.4
v -1.4 1 0.4
v -1.4 1 0.5
v -1.3 1 0.5
v -1.2 0.4 0.4
v -1.6 0.4 0.4
v -1.6 0.4 0.5
v -1.2 0.4 0.5
v -1.4 1.2 0.4
v -1.6 1.2 0.4
v -1.6 1.2 0.5
v -1.4 1.2 0.5
v -1.6 0.8 0.4
v -1.7 0.8 0.4
v -1.7 0.8 0.5
v -1.6 0.8 0.5
v -1.6 1 0.4
v -1.7 1 0.4
v -1.7 1 0.5
v -1.6 1 0.5
v -1.8 0.8 0.4
v -1.8 0.8 0.5
v -1.8 0.5 0.4
v -1.9 0.5 0.4
v -1.9 0.5 0.5
v -1.8 0.5 0.5
v -1.9 0.8 0.4
v -2 0.8 0.4
v -2 0.8 0.5
v -1.9 0.8 0.5
v -1.7 1.2 0.4
v -2.2 1.2 0.4
v -2.2 1.2 0.5
v -1.7 1.2 0.5
v 3.8 0.1 0.3
v 3.7 0.1 0.3
v 3.7 0.1 0.4
v 3.8 0.1 0.4
v 3.8 0.4 0.3
v 3.7 0.4 0.3
v 3.7 0.4 0.4
v 3.8 0.4 0.4
v 3.4 0.4 0.3
v 3.3 0.4 0.3
v 3.3 0.1 0.3
v 3.2 0.1 0.3
v 3.2 0.1 0.4
v 3.3 0.1 0.4
v 3.3 0.3 0.3
v 3.2 0.3 0.3
v 3.2 0.3 0.4
v 3.3 0.3 0.4
v 0 0.1 0.3
v -0.1 0.1 0.3
v 0 0.1 1.2
v -0.3 0.1 0.3
v -0.4 0.1 0.3
v -0.4 0.1 1.5
v -0.3 0.1 1.5
v -0.3 1.1 0.3
v -0.6 1.1 0.3
v -0.6 1.1 0.4
v -0.3 1.1 0.4
v -0.7 1.1 0.3
v -0.9 1.1 0.3
v -0.9 1.1 0.4
v -0.7 1.1 0.4
v -0.9 0.4 0.3
v -1.1 0.4 0.3
v -1.1 0.4 0.5
v -0.9 0.4 0.5
v -1.2 0.4 0.3
v -1.1 0.4 0.4
v -1.6 0.1 0.3
v -1.6 0.1 0.4
v -0.4 0.1 0.4
v -1.3 0.4 0.3
v -1.6 0.4 0.3
v -1.3 0.4 0.4
v -1 1.1 0.3
v -2.2 1.1 0.3
v -2.2 1.1 0.4
v -1 1.1 0.4
v 3.7 0.2 0.2
v 3.6 0.2 0.2
v 3.6 0.2 0.3
v 3.7 0.2 0.3
v 3.7 0.4 0.2
v 3.6 0.4 0.2
v 3.6 0.4 0.5
v 3.7 0.4 0.5
v 3.5 0.4 0.2
v 3.5 0.4 0.6
v 3.6 0.4 0.6
v 3.4 0.4 0.2
v 3.4 0.4 0.8
v 3.4 0.2 0.2
v 3.3 0.2 0.2
v 3.3 0.2 0.3
v 3.4 0.2 0.3
v 3.3 0.4 0.2
v -0.1 0.1 0.2
v -0.2 0.1 0.2
v -0.2 0.1 0.6
v -0.1 0.1 0.6
v -0.3 0.1 0.2
v -0.3 0.1 0.4
v -0.2 0.1 0.4
v -0.5 0.1 0.2
v -1.2 0.1 0.2
v -1.2 0.1 0.3
v -0.5 0.1 0.3
v 3.6 0.1 0.1
v 3.5 0.1 0.1
v 3.5 0.1 0.2
v 3.6 0.1 0.2
v 3.6 0.3 0.1
v 3.5 0.3 0.1
v 3.5 0.3 0.2
v 3.6 0.3 0.2
v -1.2 0.1 0.1
v -1.4 0.1 0.1
v -1.4 0.1 0.2
v 0 0.1 0
v -0.1 0.1 0
v 0 0.1 0.2
v -0.3 0.1 0
v -0.3 0.1 0.1
v -0.1 0.1 0.1
v -0.4 0.1 0
v -0.5 0.1 0
v -0.4 0.1 0.2
v -0.6 0.1 0
v -0.7 0.1 0
v -0.7 0.1 0.2
v -0.6 0.1 0.2
v -0.8 0.1 0
v -1.2 0.1 0
v -0.8 0.1 0.2
v -1.4 0.1 0
v -1.7 0.1 0
v -1.7 0.1 0.3
v -1.4 0.1 0.3
v -2.1 0.1 0
v -2.2 0.1 0
v -2.2 0.1 0.1
v -2.1 0.1 0.1
v 3.1 0.1 -0.1
v 2.7 0.1 -0.1
v 2.7 0.1 0
v 3.1 0.1 0
v 2.1 0.1 -0.1
v 1.8 0.1 -0.1
v 1.8 0.1 0
v 2.1 0.1 0
v 3.6 0.1 -0.2
v 3.3 0.1 -0.2
v 3.3 0.1 0
v 3.6 0.1 0
v 3.2 0.1 -0.2
v 3.2 0.1 -0.1
v 3.3 0.1 -0.1
v 3.3 0.5 -0.2
v 3.2 0.5 -0.2
v 3.2 0.5 -0.1
v 3.3 0.5 -0.1
v 3.1 0.1 -0.2
v 3.2 0.1 0
v 3.1 0.2 -0.2
v 3 0.2 -0.2
v 3 0.2 -0.1
v 3.1 0.2 -0.1
v 3.2 0.4 -0.2
v 3 0.4 -0.2
v 3 0.4 -0.1
v 3.2 0.4 -0.1
v 3 0.3 -0.2
v 2.9 0.3 -0.2
v 2.9 0.3 -0.1
v 3 0.3 -0.1
v 3 0.5 -0.2
v 2.9 0.5 -0.2
v 2.9 0.5 -0.1
v 3 0.5 -0.1
v 2.8 0.5 -0.2
v 2.7 0.5 -0.2
v 2.7 0.5 -0.1
v 2.8 0.5 -0.1
v 3 0.1 -0.2
v 2.6 0.1 -0.2
v 2.6 0.1 -0.1
v 3 0.1 -0.1
v 2.4 0.1 -0.2
v 2.4 0.1 0
v 2.6 0.1 0
v 2.3 0.1 -0.2
v 2.3 0.1 -0.1
v 2.4 0.1 -0.1
v 2.1 0.1 -0.2
v 2.3 0.1 0
v 2 0.1 -0.2
v 1.8 0.1 -0.2
v 2 0.1 -0.1
v 1.7 0.1 -0.2
v 1.6 0.1 -0.2
v 1.6 0.1 0
v 1.7 0.1 0
v 1.6 0.5 -0.2
v 1.5 0.5 -0.2
v 1.5 0.5 -0.1
v 1.6 0.5 -0.1
v 1.5 0.2 -0.2
v 0.7 0.2 -0.2
v 0.7 0.2 -0.1
v 1.5 0.2 -0.1
v 1.5 0.4 -0.2
v 0.1 0.4 -0.2
v 0.1 0.4 -0.1
v 1.5 0.4 -0.1
v 0.1 0.3 -0.2
v 0 0.3 -0.2
v 0 0.3 -0.1
v 0.1 0.3 -0.1
v 0.1 0.5 -0.2
v 0 0.5 -0.2
v 0 0.5 -0.1
v 0.1 0.5 -0.1
v 3.6 0.4 -0.3
v 3.5 0.4 -0.3
v 3.5 0.4 -0.2
v 3.6 0.4 -0.2
v 3.3 0.2 -0.3
v 3.2 0.2 -0.3
v 3.2 0.2 -0.2
v 3.3 0.2 -0.2
v 2.7 0.3 -0.3
v 2.6 0.3 -0.3
v 2.6 0.3 -0.2
v 2.7 0.3 -0.2
v 3.5 0.5 -0.3
v 2.6 0.5 -0.3
v 2.6 0.5 -0.2
v 3.5 0.5 -0.2
v 2.6 0.6 -0.3
v 2.5 0.6 -0.3
v 2.5 0.6 -0.2
v 2.6 0.6 -0.2
v 2.2 1.1 -0.3
v 2.1 1.1 -0.3
v 2.1 1.1 -0.2
v 2.2 1.1 -0.2
v 2.2 1.7 -0.3
v 2.1 1.7 -0.3
v 2.1 1.7 -0.2
v 2.2 1.7 -0.2
v 2.5 0.4 -0.3
v 2 0.4 -0.3
v 2 0.4 -0.1
v 2.5 0.4 -0.1
v 2.1 1.6 -0.3
v 2 1.6 -0.3
v 2 1.6 -0.2
v 2.1 1.6 -0.2
v 2 0.2 -0.3
v 1.9 0.2 -0.3
v 1.9 0.2 -0.2
v 2 0.2 -0.2
v 1.9 0.4 -0.3
v 1.9 0.4 -0.2
v 2 0.4 -0.2
v 2 0.7 -0.3
v 1.9 0.7 -0.3
v 1.9 0.7 -0.2
v 2 0.7 -0.2
v 2.2 1.3 -0.3
v 1.9 1.3 -0.3
v 1.9 1.3 -0.2
v 2.2 1.3 -0.2
v 2 1.7 -0.3
v 1.9 1.7 -0.3
v 1.9 1.7 -0.2
v 2 1.7 -0.2
v 1.8 0.7 -0.3
v 1.8 0.7 -0.2
v 1.9 1.1 -0.3
v 1.8 1.1 -0.3
v 1.8 1.1 -0.2
v 1.9 1.1 -0.2
v 1.9 1.6 -0.3
v 1.8 1.6 -0.3
v 1.8 1.6 -0.2
v 1.9 1.6 -0.2
v 1.8 0.4 -0.3
v 1.7 0.4 -0.3
v 1.7 0.4 -0.2
v 1.8 0.4 -0.2
v 1.8 1.8 -0.3
v 1.7 1.8 -0.3
v 1.7 1.8 -0.2
v 1.8 1.8 -0.2
v 1.7 1.5 -0.3
v 1.6 1.5 -0.3
v 1.6 1.5 -0.2
v 1.7 1.5 -0.2
v 1.6 1.8 -0.3
v 1.6 1.8 -0.2
v 4 0.1 -0.4
v 3.8 0.1 -0.4
v 3.8 0.1 -0.2
v 4 0.1 -0.2
v 3.6 0.4 -0.4
v 3.5 0.4 -0.4
v 1.7 0.2 -0.4
v 1.6 0.2 -0.4
v 1.6 0.2 -0.3
v 1.7 0.2 -0.3
v 1.7 0.6 -0.4
v 1.6 0.6 -0.4
v 1.6 0.6 -0.3
v 1.7 0.6 -0.3
v 1.7 1.8 -0.4
v 1.6 1.8 -0.4
v 1.5 0.1 -0.4
v 1.4 0.1 -0.4
v 1.4 0.1 -0.2
v 1.5 0.1 -0.2
v 0.6 0.5 -0.4
v 0.4 0.5 -0.4
v 0.4 0.5 -0.3
v 0.6 0.5 -0.3
v 3.6 0.2 -0.5
v 3.5 0.2 -0.5
v 3.5 0.2 -0.3
v 3.6 0.2 -0.3
v 3.6 0.5 -0.5
v 3.5 0.5 -0.5
v 3.5 0.5 -0.4
v 3.6 0.5 -0.4
v 1.7 1 -0.5
v 1.6 1 -0.5
v 1.6 1 -0.4
v 1.7 1 -0.4
v 1.7 1.2 -0.5
v 1.6 1.2 -0.5
v 1.6 1.2 -0.4
v 1.7 1.2 -0.4
v 1.7 1.5 -0.5
v 1.6 1.5 -0.5
v 1.6 1.5 -0.4
v 1.7 1.5 -0.4
v 1.7 1.7 -0.5
v 1.6 1.7 -0.5
v 1.6 1.7 -0.4
v 1.7 1.7 -0.4
v 0.4 0.4 -0.5
v 0.3 0.4 -0.5
v 0.3 0.4 -0.3
v 0.4 0.4 -0.3
v -1 1.2 -0.5
v -1.1 1.2 -0.5
v -1.1 1.2 -0.4
v -1 1.2 -0.4
v -1.1 1.4 -0.5
v -1.2 1.4 -0.5
v -1.2 1.4 -0.4
v -1.1 1.4 -0.4
v -1.2 1.2 -0.5
v -1.3 1.2 -0.5
v -1.3 1.2 -0.4
v -1.2 1.2 -0.4
v 3.6 0.5 -0.6
v 3.5 0.5 -0.6
v 1.7 1.7 -0.6
v 1.6 1.7 -0.6
v 0.8 0.4 -0.6
v 0.7 0.4 -0.6
v 0.7 0.4 -0.3
v 0.8 0.4 -0.3
v 0.4 0.3 -0.6
v 0.3 0.3 -0.6
v 0.3 0.3 -0.5
v 0.4 0.3 -0.5
v -0.8 1 -0.6
v -0.9 1 -0.6
v -0.9 1 -0.5
v -0.8 1 -0.5
v -0.8 1.2 -0.6
v -0.9 1.2 -0.6
v -0.9 1.2 -0.5
v -0.8 1.2 -0.5
v -0.9 1.5 -0.6
v -1 1.5 -0.6
v -1 1.5 -0.5
v -0.9 1.5 -0.5
v -1.1 1.5 -0.6
v -1.1 1.5 -0.5
v -1.3 1.5 -0.6
v -1.3 1.5 -0.5
v -1.3 1.3 -0.6
v -1.4 1.3 -0.6
v -1.4 1.3 -0.5
v -1.3 1.3 -0.5
v 1.7 1.4 -0.7
v 1.5 1.4 -0.7
v 1.5 1.4 -0.6
v 1.7 1.4 -0.6
v 0.8 0.3 -0.7
v 0.7 0.3 -0.7
v 0.7 0.3 -0.6
v 0.8 0.3 -0.6
v -1 1.7 -0.7
v -1.1 1.7 -0.7
v -1.1 1.7 -0.6
v -1 1.7 -0.6
v -1.1 1.6 -0.7
v -1.2 1.6 -0.7
v -1.2 1.6 -0.6
v -1.1 1.6 -0.6
v -1.2 1.7 -0.7
v -1.3 1.7 -0.7
v -1.3 1.7 -0.6
v -1.2 1.7 -0.6
v -1.3 1.6 -0.7
v -1.4 1.6 -0.7
v -1.4 1.6 -0.6
v -1.3 1.6 -0.6
v -1.4 0.9 -0.7
v -1.5 0.9 -0.7
v -1.5 0.9 -0.6
v -1.4 0.9 -0.6
v -1.4 1.1 -0.7
v -1.5 1.1 -0.7
v -1.5 1.1 -0.6
v -1.4 1.1 -0.6
v 3.6 0.2 -0.8
v 3.5 0.2 -0.8
v 3.5 0.2 -0.7
v 3.6 0.2 -0.7
v 1.6 1.4 -0.8
v 1.5 1.4 -0.8
v 1.6 1.4 -0.7
v 0.1 0.4 -0.8
v 0 0.4 -0.8
v 0 0.4 -0.2
v -0.6 1 -0.8
v -0.7 1 -0.8
v -0.7 1 -0.7
v -0.6 1 -0.7
v -1 0.1 -0.8
v -1.1 0.1 -0.8
v -1.1 0.1 -0.7
v -1 0.1 -0.7
v -1.2 0.1 -0.8
v -1.2 0.1 -0.7
v -1 1 -0.8
v -1.2 1 -0.8
v -1.2 1 -0.7
v -1 1 -0.7
v -1.1 1.8 -0.8
v -1.3 1.8 -0.8
v -1.3 1.8 -0.7
v -1.1 1.8 -0.7
v -1.3 1.7 -0.8
v -1.4 1.7 -0.8
v -1.4 1.7 -0.7
v -1.5 1.5 -0.8
v -1.6 1.5 -0.8
v -1.6 1.5 -0.7
v -1.5 1.5 -0.7
v 3.8 0.1 -0.9
v 3.6 0.1 -0.9
v 3.6 0.1 -0.1
v 3.8 0.1 -0.1
v 1.7 0.1 -0.9
v 1.6 0.1 -0.9
v 1.6 0.1 -0.5
v 1.7 0.1 -0.5
v 0.9 0.3 -0.9
v 0.8 0.3 -0.9
v 0.8 0.3 -0.3
v 0.9 0.3 -0.3
v 0.8 0.4 -0.9
v 0.7 0.4 -0.9
v 0.7 0.4 -0.7
v 0.8 0.4 -0.7
v 0.7 0.5 -0.9
v 0.6 0.5 -0.9
v 0.7 0.5 -0.3
v 0.6 0.6 -0.9
v 0.5 0.6 -0.9
v 0.5 0.6 -0.4
v 0.6 0.6 -0.4
v 0.5 0.5 -0.9
v 0.4 0.5 -0.9
v 0.5 0.5 -0.4
v 0.4 0.4 -0.9
v 0.3 0.4 -0.9
v 0.3 0.4 -0.6
v 0.4 0.4 -0.6
v 0.3 0.3 -0.9
v 0.2 0.3 -0.9
v 0.2 0.3 -0.3
v 0.3 0.3 -0.3
v -0.6 1.1 -0.9
v -0.7 1.1 -0.9
v -0.7 1.1 -0.8
v -0.6 1.1 -0.8
v -0.9 0.1 -0.9
v -1 0.1 -0.9
v -0.9 0.1 -0.8
v -1 1.1 -0.9
v -1 1.1 -0.6
v -0.7 1.1 -0.6
v -1.2 1 -0.9
v -1.3 1 -0.9
v -1.3 1 -0.8
v -1.2 0.1 -0.9
v -1.4 0.1 -0.9
v -1.4 0.1 -0.8
v -1.3 1.6 -0.9
v -1.4 1.6 -0.9
v -1.4 1.6 -0.8
v -1.3 1.6 -0.8
v -1.5 1.1 -0.9
v -1.6 1.1 -0.9
v -1.6 1.1 -0.8
v -1.5 1.1 -0.8
v -1.5 1.4 -0.9
v -1.6 1.4 -0.9
v -1.6 1.4 -0.8
v -1.5 1.4 -0.8
v 1.7 0.7 -1
v 1.6 0.7 -1
v 1.6 0.7 -0.9
v 1.7 0.7 -0.9
v 1.5 0.1 -1
v 1.4 0.1 -1
v 1.4 0.1 -0.6
v 1.5 0.1 -0.6
v -0.6 1 -1
v -0.7 1 -1
v -0.7 1 -0.9
v -0.6 1 -0.9
v -0.7 1.1 -1
v -0.8 1.1 -1
v -0.8 1.1 -0.9
v -0.9 1.1 -1
v -0.9 1.1 -0.9
v -0.9 0.1 -1
v -1 0.1 -1
v -1 1 -1
v -1.2 1 -1
v -1.2 0.1 -1
v -1.3 0.1 -1
v -1.3 0.1 -0.9
v -1.4 1.5 -1
v -1.5 1.5 -1
v -1.5 1.5 -0.6
v -1.4 1.5 -0.6
v -1.5 1.2 -1
v -1.6 1.2 -1
v -1.6 1.2 -0.9
v -1.5 1.2 -0.9
v -0.7 1.1 -1.1
v -0.8 1.1 -1.1
v -0.8 0.1 -1.1
v -0.9 0.1 -1.1
v -0.8 0.1 -0.9
v -0.8 1 -1.1
v -0.9 1 -1.1
v -0.9 1 -1
v -0.8 1 -1
v -1 1 -1.1
v -1.1 1 -1.1
v -1.1 1 -1
v -1.1 0.1 -1.1
v -1.2 0.1 -1.1
v -1.1 0.1 -1
v -1.1 0.9 -1.1
v -1.2 0.9 -1.1
v -1.2 0.9 -1
v -1.1 0.9 -1
v -1.5 1.3 -1.1
v -1.6 1.3 -1.1
v -1.6 1.3 -1
v -1.5 1.3 -1
v 3.9 0.1 -1.2
v 3.8 0.1 -1.2
v 3.9 0.1 -0.4
v 3.6 0.1 -1.2
v 3.5 0.1 -1.2
v 3.5 0.1 -1.1
v 3.6 0.1 -1.1
v 1.7 0.7 -1.2
v 1.6 0.7 -1.2
v -0.8 1 -1.2
v -0.9 1 -1.2
v -1 1 -1.2
v -1 1 -0.9
v -0.9 1 -0.9
v -1 0.1 -1.2
v -1.1 0.1 -1.2
v -1 0.9 -1.2
v -1.1 0.9 -1.2
v -1 0.9 -1.1
v -1.2 0.1 -1.2
v -1.2 0.9 -1.2
v -1.4 0.9 -1.2
v -1.4 0.9 -0.9
v -1.2 0.9 -0.9
v 1.7 0.2 -1.3
v 1.6 0.2 -1.3
v 1.6 0.2 -1.2
v 1.7 0.2 -1.2
v 1.7 0.8 -1.3
v 1.6 0.8 -1.3
v 1.6 0.8 -1.2
v 1.7 0.8 -1.2
v -0.9 0.9 -1.3
v -1 0.9 -1.3
v -0.9 0.9 -1.2
v 3.7 0.4 -1.4
v 3.5 0.4 -1.4
v 3.5 0.4 -0.6
v 3.7 0.4 -0.6
v 1.7 0.3 -1.4
v 1.6 0.3 -1.4
v 1.6 0.3 -1.3
v 1.7 0.3 -1.3
v -2.1 1.1 -1.4
v -2.2 1.1 -1.4
v -2.2 1.1 -1.3
v -2.1 1.1 -1.3
v -2.1 1.4 -1.4
v -2.2 1.4 -1.4
v -2.2 1.4 -1.3
v -2.1 1.4 -1.3
v 4 0.1 -1.5
v 3.9 0.1 -1.5
v 3.9 0.1 -0.7
v 4 0.1 -0.7
v 3.6 0.1 -1.5
v 3.5 0.1 -1.5
v 3.5 0.1 -1.4
v 3.6 0.1 -1.4
v 3.6 0.6 -1.5
v 3.5 0.6 -1.5
v 3.5 0.6 -1.4
v 3.6 0.6 -1.4
v -2 1.3 -1.5
v -2.1 1.3 -1.5
v -2.1 1.3 -1.4
v -2 1.3 -1.4
v -2.1 1.5 -1.5
v -2.2 1.5 -1.5
v -2.2 1.5 -1.4
v -2.1 1.5 -1.4
v 1.5 0.1 -1.6
v 1.4 0.1 -1.6
v 1.4 0.1 -1.1
v 1.5 0.1 -1.1
v 0.1 0.2 -1.6
v 0 0.2 -1.6
v 0 0.2 -0.2
v 0.1 0.2 -0.2
v 0.1 0.4 -1.6
v 0 0.4 -1.6
v 0 0.4 -1.2
v 0.1 0.4 -1.2
v 3.6 0.4 -1.7
v 3.5 0.4 -1.7
v 3.5 0.4 -1.6
v 3.6 0.4 -1.6
v 3.6 0.6 -1.7
v 3.5 0.6 -1.7
v 1.6 0.4 -1.7
v 1.5 0.4 -1.7
v 1.5 0.4 -1.3
v 1.6 0.4 -1.3
v 0.1 0.5 -1.7
v 0 0.5 -1.7
v 0 0.5 -1.6
v 0.1 0.5 -1.6
v 3.8 0.1 -1.8
v 3.7 0.1 -1.8
v 3.7 0.1 -1
v 3.8 0.1 -1
v 3.6 0.6 -1.8
v 3.5 0.6 -1.8
v 1.5 0.1 -1.8
v 1.4 0.1 -1.8
v 1.4 0.1 -1.7
v 1.5 0.1 -1.7
v 0.1 0.2 -1.8
v 0 0.2 -1.8
v 0 0.2 -1.7
v 0.1 0.2 -1.7
v 0.1 0.5 -1.8
v 0 0.5 -1.8
v 1.6 0.4 -1.9
v 1.5 0.4 -1.9
v 1.5 0.4 -1.8
v 1.6 0.4 -1.8
v -1.1 1 -1.9
v -1.2 1 -1.9
v -1.2 1 -1.8
v -1.1 1 -1.8
v -1.1 1.2 -1.9
v -1.2 1.2 -1.9
v -1.2 1.2 -1.8
v -1.1 1.2 -1.8
v -1.2 1.3 -1.9
v -1.3 1.3 -1.9
v -1.3 1.3 -1.8
v -1.2 1.3 -1.8
v -1.3 1 -1.9
v -1.4 1 -1.9
v -1.4 1 -1.8
v -1.3 1 -1.8
v -1.3 1.5 -1.9
v -1.4 1.5 -1.9
v -1.4 1.5 -1.8
v -1.3 1.5 -1.8
v 1.7 0.4 -2
v 1.6 0.4 -2
v 1.6 0.4 -1.4
v 1.7 0.4 -1.4
v 0.1 0.5 -2
v 0 0.5 -2
v -1 0.9 -2
v -1.1 0.9 -2
v -1.1 0.9 -1.9
v -1 0.9 -1.9
v -1 1.1 -2
v -1.1 1.1 -2
v -1.1 1.1 -1.9
v -1 1.1 -1.9
v -1.1 1.5 -2
v -1.2 1.5 -2
v -1.2 1.5 -1.9
v -1.1 1.5 -1.9
v -1.3 1.5 -2
v -1.4 1.5 -2
v -1.5 1.5 -2
v -1.5 1.5 -1.9
v -1.5 1.1 -2
v -1.6 1.1 -2
v -1.6 1.1 -1.9
v -1.5 1.1 -1.9
v -1.5 1.4 -2
v -1.6 1.4 -2
v -1.6 1.4 -1.9
v -1.5 1.4 -1.9
v 4 0.1 -2.1
v 3.9 0.1 -2.1
v 3.9 0.1 -1.6
v 4 0.1 -1.6
v 1.7 0.2 -2.1
v 1.6 0.2 -2.1
v 1.6 0.2 -2
v 1.7 0.2 -2
v 1.7 0.8 -2.1
v 1.6 0.8 -2.1
v 1.6 0.8 -2
v 1.7 0.8 -2
v 0.1 0.2 -2.1
v 0 0.2 -2.1
v 0 0.2 -1.9
v 0.1 0.2 -1.9
v -0.9 1.2 -2.1
v -1 1.2 -2.1
v -1 1.2 -2
v -0.9 1.2 -2
v -1 1.6 -2.1
v -1.2 1.6 -2.1
v -1.2 1.6 -2
v -1 1.6 -2
v -1.2 0.1 -2.1
v -1.3 0.1 -2.1
v -1.3 0.1 -2
v -1.2 0.1 -2
v -1.2 1.7 -2.1
v -1.3 1.7 -2.1
v -1.3 1.7 -2
v -1.2 1.7 -2
v -1.3 1.6 -2.1
v -1.4 1.6 -2.1
v -1.4 1.6 -1.9
v -1.3 1.6 -1.9
v -1.5 1.6 -2.1
v -1.5 1.6 -2
v -1.4 1.6 -2
v -1.6 1.6 -2.1
v -1.6 1.6 -2
v 3.9 0.1 -2.2
v 3.8 0.1 -2.2
v 3.8 0.1 -1.3
v 3.9 0.1 -1.3
v 3.7 0.1 -2.2
v 3.7 0.1 -1.9
v 3.8 0.1 -1.9
v 3.6 0.1 -2.2
v 3.7 0.1 -0.9
v 3.5 0.1 -2.2
v 3.5 0.1 -1.8
v 3.6 0.1 -1.8
v 1.7 0.5 -2.2
v 1.6 0.5 -2.2
v 1.6 0.5 -2.1
v 1.7 0.5 -2.1
v 1.7 0.8 -2.2
v 1.6 0.8 -2.2
v 1.6 0.1 -2.2
v 1.5 0.1 -2.2
v 1.4 0.1 -2.2
v 1.4 0.1 -1.9
v 1.5 0.1 -1.9
v 0.1 0.5 -2.2
v 0 0.5 -2.2
v 0 0.5 -2.1
v 0.1 0.5 -2.1
v -0.8 1.3 -2.2
v -0.9 1.3 -2.2
v -0.9 1.3 -2.1
v -0.8 1.3 -2.1
v -0.9 1.5 -2.2
v -1 1.5 -2.2
v -1 1.5 -2.1
v -0.9 1.5 -2.1
v -1 1.7 -2.2
v -1.2 1.7 -2.2
v -1 1.7 -2.1
v -1.2 0.1 -2.2
v -1.3 0.1 -2.2
v -1.2 1.8 -2.2
v -1.3 1.8 -2.2
v -1.3 1.8 -2.1
v -1.2 1.8 -2.1
v -1.4 0.1 -2.2
v -1.4 0.1 -2
v -1.3 1.7 -2.2
v -1.5 1.7 -2.2
v -1.5 1.7 -2.1
v -1.5 0.1 -2.2
v -1.6 0.1 -2.2
v -1.6 0.1 -2.1
v -1.5 0.1 -2.1
v -1.5 1.6 -2.2
v -1.6 1.6 -2.2
v -1.6 1.5 -2.2
v -1.7 1.5 -2.2
v -1.7 1.5 -2
v -1.6 1.5 -2
v -0.2 0 3.9
v -0.2 0 4
v -0.6 0 4
v -0.6 0 3.9
v -0.7 0 4
v -0.7 0 3.9
v -0.8 0 3.9
v -0.8 0 4
v -0.9 0 4
v -0.9 0 3.9
v -1 0 4
v -1 0 3.9
v -1.1 0 4
v -1.1 0 3.9
v -1.3 0 4
v -1.3 0 3.9
v 3.6 0.3 3.8
v 3.6 0.3 3.9
v 3.5 0.1 3.8
v 3.5 0.1 3.9
v 3.4 0.1 3.9
v 2.6 0.3 3.8
v 2.6 0.3 3.9
v 2.5 0.1 3.8
v 2.5 0.1 3.9
v 2.4 0.1 3.9
v 1.6 0.3 3.8
v 1.6 0.3 3.9
v 1.5 0.1 3.8
v 1.5 0.1 3.9
v 1.4 0.1 3.9
v 0.6 0.3 3.8
v 0.6 0.3 3.9
v 0.5 0.1 3.8
v 0.5 0.1 3.9
v 0.4 0.1 3.9
v -0.8 0 3.8
v -0.9 0 3.8
v -1 0 3.8
v -1.1 0 3.8
v -1.7 0 3.8
v -1.7 0 4
v -2 0 4
v -2 0 3.8
v 3.8 0 3.7
v 3.8 0 3.8
v 3.7 0 3.8
v 3.7 0 3.7
v 3.7 0.3 3.8
v 3.6 0.3 3.7
v 3.5 0 3.7
v 3.5 0 3.8
v 3.4 0 3.8
v 3.4 0 3.7
v 2.8 0 3.7
v 2.8 0 3.8
v 2.7 0 3.8
v 2.7 0 3.7
v 2.7 0.3 3.8
v 2.6 0.3 3.7
v 2.5 0 3.7
v 2.5 0 3.8
v 2.4 0 3.8
v 2.4 0 3.7
v 1.8 0 3.7
v 1.8 0 3.8
v 1.7 0 3.8
v 1.7 0 3.7
v 1.7 0.3 3.8
v 1.6 0.3 3.7
v 1.5 0 3.7
v 1.5 0 3.8
v 1.4 0 3.8
v 1.4 0 3.7
v 0.8 0 3.7
v 0.8 0 3.8
v 0.7 0 3.8
v 0.7 0 3.7
v 0.7 0.3 3.8
v 0.6 0.3 3.7
v 0.5 0 3.7
v 0.5 0 3.8
v 0.4 0 3.8
v 0.4 0 3.7
v -0.3 0 3.7
v -0.3 0 3.9
v -0.6 0 3.7
v -0.8 0 3.7
v -0.9 0 3.7
v -1 0 3.7
v -1.1 0 3.7
v -1.3 0 3.7
v -1.4 0 4
v -1.4 0 3.7
v -1.4 0 3.8
v -1.5 0 3.8
v -1.5 0 3.7
v -1.5 0 4
v -1.7 0 3.7
v -1.8 0 3.7
v -1.8 0 3.8
v -2 0 3.7
v 3.8 0 3.6
v 3.7 0 3.6
v 3.8 0.2 3.6
v 3.8 0.2 3.7
v 3.7 0.2 3.7
v 3.7 0.2 3.6
v 3.8 0.4 3.7
v 3.3 0.3 3.6
v 3.3 0.3 3.7
v 3.2 0.3 3.7
v 2.8 0 3.6
v 2.7 0 3.6
v 2.8 0.2 3.6
v 2.8 0.2 3.7
v 2.7 0.2 3.7
v 2.7 0.2 3.6
v 2.8 0.4 3.7
v 2.3 0.3 3.6
v 2.3 0.3 3.7
v 2.2 0.3 3.7
v 1.8 0 3.6
v 1.7 0 3.6
v 1.8 0.2 3.6
v 1.8 0.2 3.7
v 1.7 0.2 3.7
v 1.7 0.2 3.6
v 1.8 0.4 3.7
v 1.3 0.3 3.6
v 1.3 0.3 3.7
v 1.2 0.3 3.7
v 0.8 0 3.6
v 0.7 0 3.6
v 0.8 0.2 3.6
v 0.8 0.2 3.7
v 0.7 0.2 3.7
v 0.7 0.2 3.6
v 0.8 0.4 3.7
v 0.3 0.3 3.6
v 0.3 0.3 3.7
v 0.2 0.3 3.7
v 0 0 3.6
v 0 0 4
v -0.2 0 3.6
v -0.4 0 3.6
v -0.4 0 3.7
v -0.6 0 3.6
v -0.8 0 3.6
v -0.9 0 3.6
v -1 0 3.6
v -1.1 0 3.6
v -2 1 3.6
v -2 1 3.7
v -2.1 1 3.7
v -2.1 1 3.6
v -1.3 0 3.6
v -2.2 0 3.7
v -2.2 0 3.6
v -2.1 1.1 3.6
v -2.1 1.1 3.7
v -2.2 1.1 3.7
v -2.2 1.1 3.6
v 3.9 0 3.5
v 3.9 0 3.6
v 3.7 0 3.5
v 3.2 0 3.5
v 3.2 0 3.6
v 3.1 0 3.6
v 3.1 0 3.5
v 2.9 0 3.5
v 2.9 0 3.6
v 2.7 0 3.5
v 2.2 0 3.5
v 2.2 0 3.6
v 2.1 0 3.6
v 2.1 0 3.5
v 1.9 0 3.5
v 1.9 0 3.6
v 1.7 0 3.5
v 1.2 0 3.5
v 1.2 0 3.6
v 1.1 0 3.6
v 1.1 0 3.5
v 0.9 0 3.5
v 0.9 0 3.6
v 0.7 0 3.5
v 0.2 0 3.5
v 0.2 0 3.6
v 0.1 0 3.6
v 0.1 0 3.5
v -0.4 0.3 3.5
v -0.4 0.3 3.6
v -0.5 0.3 3.6
v -0.5 0.3 3.5
v -0.4 0 3.5
v -0.6 0 3.5
v -0.8 0 3.5
v -0.9 0 3.5
v -1 0 3.5
v -1.1 0 3.5
v -1.4 0.4 3.6
v -1.5 0.4 3.6
v -1.5 0.4 3.5
v -1.5 0 3.5
v -1.5 0 3.6
v -1.6 0 3.6
v -1.6 0 3.5
v -1.7 0.3 3.5
v -1.7 0.3 3.6
v -1.8 0.3 3.6
v -1.8 0.3 3.5
v -1.8 0 3.5
v -1.8 0 3.6
v -1.9 0 3.6
v -1.9 0 3.5
v -1.9 1 3.5
v -1.9 1 3.7
v -2 0.4 3.6
v -2.1 0.4 3.6
v -2.1 0.4 3.5
v -2.2 0 3.5
v 3.9 0.1 3.4
v 3.2 0.1 3.5
v 3.1 0.1 3.5
v 3.1 0.1 3.4
v 2.9 0.1 3.4
v 2.2 0.1 3.5
v 2.1 0.1 3.5
v 2.1 0.1 3.4
v 1.9 0.1 3.4
v 1.2 0.1 3.5
v 1.1 0.1 3.5
v 1.1 0.1 3.4
v 0.9 0.1 3.4
v 0.2 0.1 3.5
v 0.1 0.1 3.5
v 0.1 0.1 3.4
v -0.3 0 3.4
v -0.4 0 3.4
v -0.5 0 3.5
v -0.5 0 3.4
v -0.9 0 3.4
v -1 0 3.4
v -1.1 0 3.4
v -1.2 0 3.8
v -1.2 0 3.4
v -1.3 0 3.4
v -1.5 0 3.4
v -1.4 0.3 3.4
v -1.4 0.3 3.5
v -2 0.3 3.4
v -2 0 3.4
v -2 0 3.5
v -2.1 0 3.5
v -2.1 0 3.4
v -2 0.8 3.4
v -2 0.8 3.5
v -2.1 0.8 3.5
v -2.1 0.8 3.4
v -2.2 1.1 3.5
v -2.2 1.1 3.4
v 3.8 0 3.3
v 3.8 0 3.5
v 3.7 0 3.3
v 3.8 0.3 3.3
v 3.7 0.3 3.4
v 3.7 0.3 3.3
v 3.6 0 3.7
v 3.6 0 3.3
v 3.4 0 3.3
v 3.3 0 3.8
v 3.3 0 3.3
v 3.3 0 3.7
v 3.2 0 3.7
v 3.2 0 3.3
v 3.3 0.2 3.4
v 3.2 0.2 3.3
v 2.8 0 3.3
v 2.8 0 3.5
v 2.7 0 3.3
v 2.8 0.3 3.3
v 2.7 0.3 3.4
v 2.7 0.3 3.3
v 2.6 0 3.7
v 2.6 0 3.3
v 2.4 0 3.3
v 2.3 0 3.8
v 2.3 0 3.3
v 2.3 0 3.7
v 2.2 0 3.7
v 2.2 0 3.3
v 2.3 0.2 3.4
v 2.2 0.2 3.3
v 1.8 0 3.3
v 1.8 0 3.5
v 1.7 0 3.3
v 1.8 0.3 3.3
v 1.7 0.3 3.4
v 1.7 0.3 3.3
v 1.6 0 3.7
v 1.6 0 3.3
v 1.4 0 3.3
v 1.3 0 3.8
v 1.3 0 3.3
v 1.3 0 3.7
v 1.2 0 3.7
v 1.2 0 3.3
v 1.3 0.2 3.4
v 1.2 0.2 3.3
v 0.8 0 3.3
v 0.8 0 3.5
v 0.7 0 3.3
v 0.8 0.3 3.3
v 0.7 0.3 3.4
v 0.7 0.3 3.3
v 0.6 0 3.7
v 0.6 0 3.3
v 0.4 0 3.3
v 0.3 0 3.8
v 0.3 0 3.3
v 0.3 0 3.7
v 0.2 0 3.7
v 0.2 0 3.3
v 0.3 0.2 3.4
v 0.2 0.2 3.3
v -0.8 0 3.3
v -0.8 0 3.4
v -0.9 0 3.3
v -1 0 3.3
v -1.1 0 3.3
v -1.7 0 3.3
v -1.7 0 3.6
v -1.8 0 3.3
v -1.9 0 3.3
v -2 0 3.3
v -2 0.5 3.3
v -2 0.5 3.4
v -2.1 0.5 3.4
v -2.1 0.5 3.3
v 3.7 0.1 3.2
v 3.6 0.1 3.3
v 3.7 0.3 3.2
v 3.6 0.3 3.3
v 3.5 0 3.2
v 3.4 0 3.2
v 3.4 0.1 3.2
v 3.4 0.1 3.3
v 3.3 0.1 3.2
v 3.4 0.3 3.2
v 3.4 0.3 3.3
v 3.3 0.3 3.2
v 2.7 0.1 3.2
v 2.6 0.1 3.3
v 2.7 0.3 3.2
v 2.6 0.3 3.3
v 2.5 0 3.2
v 2.4 0 3.2
v 2.4 0.1 3.2
v 2.4 0.1 3.3
v 2.3 0.1 3.2
v 2.4 0.3 3.2
v 2.4 0.3 3.3
v 2.3 0.3 3.2
v 1.7 0.1 3.2
v 1.6 0.1 3.3
v 1.7 0.3 3.2
v 1.6 0.3 3.3
v 1.5 0 3.2
v 1.4 0 3.2
v 1.4 0.1 3.2
v 1.4 0.1 3.3
v 1.3 0.1 3.2
v 1.4 0.3 3.2
v 1.4 0.3 3.3
v 1.3 0.3 3.2
v 0.7 0.1 3.2
v 0.6 0.1 3.3
v 0.7 0.3 3.2
v 0.6 0.3 3.3
v 0.5 0 3.2
v 0.4 0 3.2
v 0.4 0.1 3.2
v 0.4 0.1 3.3
v 0.3 0.1 3.2
v 0.4 0.3 3.2
v 0.4 0.3 3.3
v 0.3 0.3 3.2
v -0.1 0 3.2
v -0.1 0 3.5
v -0.2 0 3.5
v -0.2 0 3.2
v -0.4 0 3.2
v -0.5 0 3.2
v -0.4 0.3 3.2
v -0.4 0.3 3.3
v -0.5 0.3 3.3
v -0.5 0.3 3.2
v -0.8 0 3.2
v -0.9 0 3.2
v -1 0 3.2
v -1.2 0 3.3
v -1.2 0 3.2
v -1.3 0 3.2
v -1.3 0 3.3
v -1.4 0 3.3
v -1.4 0 3.2
v -1.4 0 3.4
v -1.5 0 3.2
v -1.6 0 3.2
v -1.7 0 3.2
v -1.9 1 3.2
v -1.9 1 3.4
v -2 1 3.2
v 3.6 0 3.1
v 3.6 0 3.8
v 3.5 0 3.1
v 3.6 0.2 3.1
v 3.5 0.2 3.2
v 3.5 0.2 3.1
v 2.6 0 3.1
v 2.6 0 3.8
v 2.5 0 3.1
v 2.6 0.2 3.1
v 2.5 0.2 3.2
v 2.5 0.2 3.1
v 1.6 0 3.1
v 1.6 0 3.8
v 1.5 0 3.1
v 1.6 0.2 3.1
v 1.5 0.2 3.2
v 1.5 0.2 3.1
v 0.6 0 3.1
v 0.6 0 3.8
v 0.5 0 3.1
v 0.6 0.2 3.1
v 0.5 0.2 3.2
v 0.5 0.2 3.1
v 0 0 3.1
v 0 0 3.5
v -0.1 0 3.1
v -0.4 0 3.1
v -0.5 0 3.1
v -0.7 0 3.1
v -0.8 0 3.1
v -0.9 0 3.1
v -1 0 3.1
v -1.1 0 3.2
v -1.1 0 3.1
v -0.4 0.3 3
v -0.4 0.3 3.1
v -0.5 0.3 3.1
v -0.5 0.3 3
v -0.8 0 3
v -0.9 0 3
v -1 0 3
v -1.2 0 3.1
v -1.2 0 3
v -1.2 0 3.9
v -1.3 0 3
v -1.4 0 3
v -1.7 0 3
v -0.4 0 2.9
v -0.5 0 2.9
v -0.5 0.3 2.9
v -0.6 0.3 3.5
v -0.6 0.3 2.9
v -0.8 0 2.9
v -0.9 0 2.9
v -1 0 2.9
v -1.1 0 2.9
v -1.1 0 3
v -1.2 0 2.9
v -1.3 0 2.9
v -1.3 0 3.1
v -1.4 0 3.1
v -1.4 0 2.9
v -1.5 0 3
v -1.5 0 2.9
v -1.6 0 3
v -1.6 0 2.9
v -0.1 0 2.8
v -0.2 0 3.1
v -0.2 0 2.8
v -0.2 0 3.8
v -0.3 0 3.8
v -0.3 0 2.8
v -0.4 0 2.8
v -0.5 0 2.8
v -0.8 0 2.8
v -0.9 0 2.8
v -1 0 2.8
v -1.1 0 2.8
v -1.2 0 2.8
v -1.3 0 2.8
v -0.4 0.2 2.8
v -0.5 0.2 2.8
v -0.7 0 2.7
v -0.7 0 3
v -0.8 0 2.7
v -0.9 0 2.7
v -1.2 0 2.7
v -1.3 0 2.7
v -1.4 0 2.8
v -1.4 0 2.7
v -0.2 0 2.6
v -0.2 0 2.7
v -0.3 0 2.7
v -0.3 0 2.6
v -0.4 0 2.6
v -0.5 0 2.6
v -0.4 0.3 2.6
v -0.4 0.3 2.7
v -0.5 0.3 2.7
v -0.5 0.3 2.6
v -0.5 0.3 2.8
v -0.6 0.3 2.8
v -0.6 0.3 2.6
v -1.1 0 2.6
v -1.2 0 2.6
v -1.3 0 2.6
v 0 0 2.5
v 0 0 3
v -0.1 0 3
v -0.1 0 2.5
v -0.1 0 2.7
v -0.2 0 2.5
v -0.4 0 2.5
v -0.5 0 2.5
v -0.7 0 2.5
v -0.7 0 2.6
v -1.1 0 2.5
v 1.4 1.1 2.4
v 1.4 1.1 2.5
v 1.3 1.1 2.5
v 1.3 1.1 2.4
v 1.2 1 2.4
v 1.2 1 2.5
v 1.1 1 2.5
v 1.1 1 2.4
v -0.5 0.3 2.5
v -0.6 0.3 2.5
v -0.6 0.3 2.4
v -0.7 0 2.4
v -0.8 0 2.5
v -0.8 0 2.4
v -0.9 0 2.5
v -0.9 0 2.4
v -1 0 2.5
v -1 0 2.4
v -1.1 0 2.4
v 1.6 0.9 2.3
v 1.6 0.9 2.4
v 1.5 0.9 2.4
v 1.5 0.9 2.3
v 1.6 1.1 2.4
v 1.5 1.1 2.4
v 1.5 1.1 2.3
v 1.4 0.9 2.3
v 1.4 0.9 2.4
v 1.2 0.9 2.4
v 1.2 0.9 2.3
v 1.2 0.8 2.3
v 1.2 0.8 2.4
v 1.1 0.8 2.4
v 1.1 0.8 2.3
v 1.1 1 2.3
v 1 1 2.4
v 1 1 2.3
v -0.4 0 2.3
v -0.5 0 2.3
v -0.8 0 2.3
v -0.9 0 2.3
v -1 0 2.3
v 1.7 1 2.3
v 1.6 1 2.2
v 1.7 1.2 2.2
v 1.7 1.2 2.3
v 1.6 1.2 2.2
v 1.5 0.8 2.2
v 1.5 0.8 2.4
v 1.4 0.8 2.4
v 1.4 0.8 2.2
v 1.3 0.8 2.2
v 1.3 0.8 2.3
v 1.2 0.8 2.2
v 1.1 0.8 2.2
v 0.9 0.8 2.3
v 0.9 0.8 2.2
v 1 1 2.2
v 0.9 1 2.3
v 0.9 1 2.2
v 1 1.4 2.2
v 1 1.4 2.3
v 0.9 1.4 2.3
v 0.9 1.4 2.2
v -0.4 0 2.2
v -0.5 0 2.2
v -0.7 0 2.2
v -0.7 0 2.3
v -0.8 0 2.2
v -0.9 0 2.2
v 1.8 0.9 2.1
v 1.8 0.9 2.2
v 1.7 0.9 2.2
v 1.7 0.9 2.1
v 1.6 0.9 2.2
v 1.6 0.9 2.1
v 1.6 0.8 2.1
v 1.6 0.8 2.3
v 1.5 0.8 2.3
v 1.5 0.8 2.1
v 1.5 0.7 2.1
v 1.5 0.7 2.2
v 1.4 0.7 2.2
v 1.4 0.7 2.1
v 1.4 0 2.1
v 1.4 0 2.2
v 1.3 0 2.2
v 1.3 0 2.1
v 1.4 0.7 2.3
v 1.3 0.7 2.3
v 1.3 0.7 2.1
v 1.3 0.7 2.2
v 1.2 0.7 2.2
v 1.2 0.7 2.1
v 0 0 2.1
v 0 0 2.3
v -0.2 0 2.3
v -0.2 0 2.1
v -0.5 0 2.1
v -0.6 0 2.1
v -0.7 0 2.1
v -0.8 0 2.1
v 1.8 1.3 2
v 1.8 1.3 2.2
v 1.7 1.3 2
v 1.7 0.8 2
v 1.7 0.8 2.1
v 1.6 0.8 2
v 1.5 0.8 2
v 1.5 0 2
v 1.5 0 2.1
v 1.3 0 2
v 1.2 0.7 2
v 1.2 0.7 2.3
v 1.1 0.7 2.3
v 1.1 0.7 2
v 1.2 0 2
v 1.2 0 2.1
v 1 0 2.1
v 1 0 2
v 1.1 0.7 2.2
v 1 0.7 2.2
v 1 0.7 2
v 1 0.9 2
v 0.9 0.9 2
v 0.9 1.2 2.1
v 0.8 1.2 2.1
v -0.3 0 2
v -0.3 0 3.3
v -0.4 0 3.3
v -0.4 0 2
v -0.5 0 2
v -0.6 0 2
v -0.6 0 3.8
v -0.7 0 3.8
v -0.7 0 2
v -0.4 1 2
v -0.4 1 2.1
v -0.7 1 2.1
v -0.7 1 2
v -0.7 1.1 2
v -0.7 1.1 2.1
v -0.8 1.1 2.1
v -0.8 1.1 2
v -0.8 1.2 2
v -0.8 1.2 2.1
v -1 1.2 2.1
v -1 1.2 2
v 1.8 1.1 1.9
v 1.7 1.1 1.9
v 1.8 0.9 1.9
v 1.8 0.9 2
v 1.6 0.9 2
v 1.6 0.9 1.9
v 1.6 0.7 1.9
v 1.6 0.7 2
v 1.5 0.7 2
v 1.5 0.7 1.9
v 1.5 0 1.9
v 1.4 0 2
v 1.4 0 1.9
v 1.2 0 1.9
v 1.1 0 2
v 1.1 0 1.9
v 1.2 0.7 1.9
v 1.1 0.7 1.9
v 1 0.8 1.9
v 1 0.8 2
v 0.9 0.8 2
v 0.9 0.8 1.9
v 0.9 1 1.9
v 0.9 1 2.1
v 0.8 1 2.1
v 0.8 1 1.9
v -0.3 1 1.9
v -0.3 1 2.1
v -0.4 1 1.9
v -0.5 0 1.9
v -0.6 0 1.9
v -0.5 0.6 1.9
v -0.5 0.6 2
v -0.6 0.6 2
v -0.6 0.6 1.9
v -0.6 0.8 1.9
v -0.6 0.8 2
v -0.7 0.8 2
v -0.7 0.8 1.9
v -0.7 0.9 1.9
v -0.7 0.9 2
v -0.8 0.9 2
v -0.8 0.9 1.9
v -0.8 1 1.9
v -0.8 1 2
v -0.9 1 2
v -0.9 1 1.9
v -1 1.2 1.9
v -1.1 1.2 2
v -1.1 1.2 1.9
v 1.7 0.9 1.8
v 1.7 0.9 1.9
v 1.6 0.9 1.8
v 1.6 0 1.8
v 1.6 0 2
v 1.5 0 1.8
v 1.6 0.8 1.8
v 1.6 0.8 1.9
v 1.5 0.8 1.9
v 1.5 0.8 1.8
v 1.5 0.7 1.8
v 1.4 0.7 1.8
v 1.4 0.7 1.9
v 1.3 0.7 1.9
v 1.3 0.7 1.8
v 1.3 0 1.8
v 1.2 0 2.2
v 1.2 0 1.8
v 1.1 0.7 1.8
v 1 0.9 1.8
v 1 0.9 1.9
v 0.9 0.9 1.9
v 0.9 0.9 1.8
v 0.8 1.2 1.8
v -0.3 1.1 1.8
v -0.3 1.1 1.9
v -0.4 1.1 1.9
v -0.4 1.1 1.8
v -0.4 0 1.8
v -0.5 0 1.8
v -0.5 1.1 1.8
v -0.5 1.1 1.9
v -0.9 1.1 1.9
v -0.9 1.1 1.8
v -0.9 1.1 2
v -1 1.1 2
v -1 1.1 1.8
v -1 1.1 1.9
v -1.1 1.1 1.9
v -1.1 1.1 1.8
v -1.1 1.2 1.8
v -1.2 1.2 1.9
v -1.2 1.2 1.8
v 1.7 1.4 1.7
v 1.7 1.4 1.8
v 1.6 1.4 1.8
v 1.6 0.8 1.7
v 1.4 0.8 1.8
v 1.4 0.8 1.7
v 1.4 0 1.7
v 1.3 0 1.7
v 1.4 0.7 1.7
v 1.3 0.7 1.7
v 1.2 0 1.7
v 1.3 0.8 1.7
v 1.3 0.8 1.8
v 1.2 0.8 1.8
v 1.2 0.8 1.7
v 1.2 0.7 1.7
v 1.2 0.7 1.8
v 1.1 0.7 1.7
v 1 1 1.7
v 1 1 1.8
v 0.9 1 1.8
v 0.9 1 1.7
v -0.2 0 1.7
v -0.3 0 2.5
v -0.3 0 1.7
v -0.3 0 1.9
v -0.4 0 1.9
v -0.4 0 1.7
v -0.3 1.2 1.7
v -0.3 1.2 1.8
v -0.4 0.4 1.7
v -0.4 0.4 1.8
v -0.5 0.4 1.8
v -0.5 0.4 1.7
v -0.4 1 1.7
v -0.4 1 1.8
v -0.5 1 1.8
v -0.5 1 1.7
v -0.4 1.3 1.7
v -0.4 1.3 1.8
v -0.6 1.3 1.8
v -0.6 1.3 1.7
v 1.6 1 1.6
v 1.6 1 1.7
v 1.5 1 1.7
v 1.5 1 1.6
v 1.6 1.3 1.6
v 1.6 1.3 1.7
v 1.5 1.3 1.7
v 1.5 0.8 1.6
v 1.5 0.8 1.7
v 1.4 0.8 1.6
v 1.3 0.9 1.6
v 1.3 0.9 1.7
v 1.1 0.8 1.6
v 1.1 0.8 2
v 1 0.8 1.6
v 1.1 1 1.7
v 1 1 1.6
v -0.3 1.3 1.6
v -0.3 1.3 1.7
v -0.4 1.3 1.6
v -0.4 0.3 1.6
v -0.4 0.3 1.7
v -0.5 0.3 1.7
v -0.5 0.3 1.6
v -0.4 1.2 1.6
v -0.5 1.2 1.6
v -0.5 1.3 1.6
v -0.5 1.3 1.7
v -0.6 1.3 1.6
v -0.6 1.4 1.6
v -0.7 1.4 1.6
v -0.7 1.3 1.6
v -1.4 1.3 1.8
v -1.4 1.3 1.6
v -1.4 1.3 1.7
v -1.5 1.3 1.7
v -1.5 1.3 1.6
v 2.6 1.1 1.5
v 2.6 1.1 1.6
v 2.5 1.1 1.6
v 2.5 1.1 1.5
v 2.4 1 1.5
v 2.4 1 1.6
v 2.3 1 1.6
v 2.3 1 1.5
v 1.5 1.1 1.5
v 1.4 1.1 1.6
v 1.4 1.1 1.5
v 1.4 0.9 1.5
v 1.4 0.9 1.7
v 1.3 0.9 1.5
v 1.2 0.9 1.5
v 1.2 0.9 1.6
v 1.1 0.9 1.5
v 1.2 1.1 1.5
v 1.2 1.1 1.6
v 1.1 1.1 1.5
v -0.1 0 1.5
v -0.1 0 2
v -0.2 0 2
v -0.2 0 1.5
v -0.3 1.4 1.5
v -0.3 1.4 1.6
v -0.4 0.2 1.5
v -0.4 0.2 1.6
v -0.5 0.2 1.6
v -0.5 0.2 1.5
v -0.4 0.7 1.5
v -0.4 0.7 1.6
v -0.5 0.7 1.6
v -0.5 0.7 1.5
v -0.4 1.5 1.5
v -0.4 1.5 1.6
v -0.8 1.5 1.6
v -0.8 1.5 1.5
v -1.3 1.5 1.5
v -1.3 1.5 1.6
v -1.8 1.5 1.6
v -1.8 1.5 1.5
v 2.8 0.9 1.4
v 2.8 0.9 1.5
v 2.7 0.9 1.5
v 2.7 0.9 1.4
v 2.8 1.1 1.5
v 2.7 1.1 1.5
v 2.7 1.1 1.4
v 2.6 0.9 1.4
v 2.6 0.9 1.5
v 2.4 0.9 1.5
v 2.4 0.9 1.4
v 2.4 0.8 1.4
v 2.4 0.8 1.5
v 2.3 0.8 1.5
v 2.3 0.8 1.4
v 2.3 1 1.4
v 2.2 1 1.5
v 2.2 1 1.4
v -0.3 1.5 1.4
v -0.3 1.5 1.5
v -0.4 1.5 1.4
v -0.4 0.1 1.4
v -0.5 0.1 1.5
v -0.5 0.1 1.4
v -0.4 1.3 1.4
v -0.4 1.3 1.5
v -0.5 1.3 1.5
v -0.5 1.3 1.4
v -0.5 1.5 1.4
v -0.5 1.5 1.5
v -0.8 1.5 1.4
v -0.8 1.6 1.4
v -0.9 1.6 1.4
v -0.9 1.5 1.4
v -0.9 1.5 1.6
v -1.1 1.5 1.6
v -1.1 1.5 1.4
v -1.1 1.6 1.4
v -1.2 1.6 1.4
v -1.2 1.5 1.4
v -1.2 1.5 1.6
v -1.3 1.5 1.4
v -1.4 1.5 1.4
v -1.4 1.5 1.5
v -1.8 1.5 1.4
v -1.8 1.6 1.4
v -2 1.6 1.5
v -2 1.6 1.4
v 2.9 1 1.4
v 2.8 1 1.3
v 2.9 1.2 1.3
v 2.9 1.2 1.4
v 2.8 1.2 1.3
v 2.7 0.8 1.3
v 2.7 0.8 1.5
v 2.6 0.8 1.5
v 2.6 0.8 1.3
v 2.5 0.8 1.3
v 2.5 0.8 1.4
v 2.4 0.8 1.3
v 2.3 0.8 1.3
v 2.1 0.8 1.4
v 2.1 0.8 1.3
v 2.2 1 1.3
v 2.1 1 1.4
v 2.1 1 1.3
v 2.2 1.4 1.3
v 2.2 1.4 1.4
v 2.1 1.4 1.4
v 2.1 1.4 1.3
v 0 0 1.3
v 0 0 1.9
v -0.1 0 1.9
v -0.1 0 1.3
v -0.1 0 1.4
v -0.2 0 1.4
v -0.2 0 1.3
v -0.2 0 1.6
v -0.3 0 1.6
v -0.3 0 1.3
v -0.3 1.6 1.3
v -0.3 1.6 1.4
v -0.4 0.4 1.3
v -0.4 0.4 1.4
v -0.5 0.4 1.4
v -0.5 0.4 1.3
v -0.4 0.6 1.3
v -0.4 0.6 1.4
v -0.5 0.6 1.4
v -0.5 0.6 1.3
v -0.4 1.2 1.3
v -0.5 1.2 1.3
v -0.4 1.7 1.3
v -0.4 1.7 1.4
v -2.2 1.7 1.4
v -2.2 1.7 1.3
v 3 0.9 1.2
v 3 0.9 1.3
v 2.9 0.9 1.3
v 2.9 0.9 1.2
v 2.8 0.9 1.3
v 2.8 0.9 1.2
v 2.8 0.8 1.2
v 2.8 0.8 1.4
v 2.7 0.8 1.4
v 2.7 0.8 1.2
v 2.7 0.7 1.2
v 2.7 0.7 1.3
v 2.6 0.7 1.3
v 2.6 0.7 1.2
v 2.6 0 1.2
v 2.6 0 1.3
v 2.5 0 1.3
v 2.5 0 1.2
v 2.6 0.7 1.4
v 2.5 0.7 1.4
v 2.5 0.7 1.2
v 2.5 0.7 1.3
v 2.4 0.7 1.3
v 2.4 0.7 1.2
v 2 1.4 1.3
v 3 1.3 1.1
v 3 1.3 1.3
v 2.9 1.3 1.1
v 2.9 0.8 1.1
v 2.9 0.8 1.2
v 2.8 0.8 1.1
v 2.7 0.8 1.1
v 2.7 0 1.1
v 2.7 0 1.2
v 2.5 0 1.1
v 2.4 0.7 1.1
v 2.4 0.7 1.4
v 2.3 0.7 1.4
v 2.3 0.7 1.1
v 2.4 0 1.1
v 2.4 0 1.2
v 2.2 0 1.2
v 2.2 0 1.1
v 2.3 0.7 1.3
v 2.2 0.7 1.3
v 2.2 0.7 1.1
v 2.2 0.9 1.1
v 2.1 0.9 1.1
v 2.1 1.2 1.2
v 2 1.2 1.2
v -0.1 0 1.1
v -0.1 0 1.2
v -0.3 0 1.2
v -0.3 0 1.1
v -0.3 1.7 1.1
v -0.3 1.7 1.3
v -0.4 1.7 1.1
v -0.4 0.4 1.1
v -0.4 0.4 1.2
v -0.5 0.4 1.2
v -0.5 0.4 1.1
v -0.4 1.2 1.1
v -0.4 1.2 1.2
v -0.5 1.2 1.2
v -0.5 1.2 1.1
v -0.4 1.5 1.1
v -0.4 1.5 1.3
v -0.5 1.5 1.3
v -0.5 1.5 1.1
v -1.4 1.7 1.1
v -1.4 1.7 1.3
v -2.2 1.7 1.1
v 3 1.1 1
v 2.9 1.1 1
v 3 0.9 1
v 3 0.9 1.1
v 2.8 0.9 1.1
v 2.8 0.9 1
v 2.8 0.7 1
v 2.8 0.7 1.1
v 2.7 0.7 1.1
v 2.7 0.7 1
v 2.7 0 1
v 2.6 0 1.1
v 2.6 0 1
v 2.4 0 1
v 2.3 0 1.1
v 2.3 0 1
v 2.4 0.7 1
v 2.3 0.7 1
v 2.2 0.8 1
v 2.2 0.8 1.1
v 2.1 0.8 1.1
v 2.1 0.8 1
v 2.1 1 1
v 2.1 1 1.2
v 2 1 1.2
v 2 1 1
v -0.3 1.6 1
v -0.3 1.6 1.1
v -0.4 0.6 1
v -0.4 0.6 1.1
v -0.5 0.6 1.1
v -0.5 0.6 1
v -0.4 0.9 1
v -0.4 0.9 1.1
v -0.5 0.9 1.1
v -0.5 0.9 1
v -0.4 1.7 1
v -0.5 1.7 1.1
v -0.5 1.7 1.3
v -1.4 1.7 1
v -1.5 1.7 1
v -1.5 1.7 1.1
v -1.8 1.7 1.1
v 2.9 0.9 0.9
v 2.9 0.9 1
v 2.8 0.9 0.9
v 2.8 0 0.9
v 2.8 0 1.1
v 2.7 0 0.9
v 2.8 0.8 0.9
v 2.8 0.8 1
v 2.7 0.8 1
v 2.7 0.8 0.9
v 2.7 0.7 0.9
v 2.6 0.7 0.9
v 2.6 0.7 1
v 2.5 0.7 1
v 2.5 0.7 0.9
v 2.5 0 0.9
v 2.4 0 1.3
v 2.4 0 0.9
v 2.3 0.7 0.9
v 2.2 0.9 0.9
v 2.2 0.9 1
v 2.1 0.9 1
v 2.1 0.9 0.9
v 2 1.2 0.9
v -0.3 1.5 0.9
v -0.3 1.5 1
v -0.4 1.5 1
v -0.4 1.5 0.9
v -1.4 1.5 0.9
v -1.4 1.5 1
v -1.8 1.5 1
v -1.8 1.5 0.9
v 3.6 0.3 0.9
v 3.5 0.1 0.8
v 3.5 0.1 0.9
v 3.4 0.1 0.9
v 2.9 1.4 0.8
v 2.9 1.4 0.9
v 2.8 1.4 0.9
v 2.8 0.8 0.8
v 2.6 0.8 0.9
v 2.6 0.8 0.8
v 2.6 0 0.8
v 2.5 0 0.8
v 2.6 0.7 0.8
v 2.5 0.7 0.8
v 2.4 0 0.8
v 2.5 0.8 0.8
v 2.5 0.8 0.9
v 2.4 0.8 0.9
v 2.4 0.8 0.8
v 2.4 0.7 0.8
v 2.4 0.7 0.9
v 2.3 0.7 0.8
v 2.2 1 0.8
v 2.2 1 0.9
v 2.1 1 0.9
v 2.1 1 0.8
v -0.3 1.4 0.8
v -0.3 1.4 0.9
v -0.4 0.4 0.8
v -0.4 0.4 0.9
v -0.5 0.4 0.9
v -0.5 0.4 0.8
v -0.4 1.5 0.8
v -0.5 1.5 0.9
v -0.5 1.5 0.8
v -0.5 1.5 1
v -1.4 1.5 0.8
v -1.5 1.5 0.8
v -1.5 1.5 0.9
v -1.8 1.5 0.8
v 3.8 0 0.7
v 3.8 0 0.8
v 3.7 0 0.8
v 3.7 0 0.7
v 3.5 0 0.7
v 3.5 0 0.8
v 3.4 0 0.8
v 3.4 0 0.7
v 2.8 1 0.7
v 2.8 1 0.8
v 2.7 1 0.8
v 2.7 1 0.7
v 2.8 1.3 0.7
v 2.8 1.3 0.8
v 2.7 1.3 0.8
v 2.7 0.8 0.7
v 2.7 0.8 0.8
v 2.6 0.8 0.7
v 2.5 0.9 0.7
v 2.5 0.9 0.8
v 2.3 0.8 0.7
v 2.3 0.8 1.1
v 2.2 0.8 0.7
v 2.3 1 0.8
v 2.2 1 0.7
v -0.1 0 0.7
v -0.1 0 0.8
v -0.2 0 0.8
v -0.2 0 0.7
v -0.3 1.3 0.7
v -0.3 1.3 0.8
v -0.4 1.3 0.8
v -0.4 1.3 0.7
v -0.4 0.2 0.7
v -0.4 0.2 0.8
v -0.5 0.2 0.8
v -0.5 0.2 0.7
v -0.4 0.8 0.7
v -0.4 0.8 0.8
v -0.5 0.8 0.8
v -0.5 0.8 0.7
v -0.4 1.1 0.7
v -0.4 1.1 0.8
v -0.5 1.1 0.8
v -0.5 1.1 0.7
v -1.2 1.3 0.7
v -1.2 1.3 0.8
v -2.2 1.3 0.8
v -2.2 1.3 0.7
v 3.8 0 0.6
v 3.7 0 0.6
v 3.8 0.2 0.6
v 3.8 0.2 0.7
v 3.7 0.2 0.7
v 3.7 0.2 0.6
v 3.3 0.3 0.6
v 3.3 0.3 0.7
v 3.2 0.3 0.7
v 2.7 1.1 0.6
v 2.6 1.1 0.7
v 2.6 1.1 0.6
v 2.6 0.9 0.6
v 2.6 0.9 0.8
v 2.5 0.9 0.6
v 2.4 0.9 0.6
v 2.4 0.9 0.7
v 2.3 0.9 0.6
v 2.4 1.1 0.6
v 2.4 1.1 0.7
v 2.3 1.1 0.6
v -0.3 1.2 0.6
v -0.3 1.2 0.7
v -0.4 0.6 0.6
v -0.4 0.6 0.7
v -0.5 0.6 0.7
v -0.5 0.6 0.6
v -0.4 1.3 0.6
v -0.5 1.3 0.7
v -0.5 1.3 0.8
v -1.2 1.3 0.6
v -1.3 1.3 0.6
v -1.3 1.3 0.7
v -1.7 1.3 0.7
v -1.7 1.3 0.6
v -1.8 1.3 0.6
v -1.8 1.3 0.7
v -2.1 1.3 0.7
v -2.1 1.3 0.6
v 3.9 0 0.5
v 3.9 0 0.6
v 3.7 0 0.5
v 3.2 0 0.5
v 3.2 0 0.6
v 3.1 0 0.6
v 3.1 0 0.5
v -0.2 0 0.5
v -0.2 0 1.1
v -0.3 0 0.5
v -0.3 1.1 0.5
v -0.3 1.1 0.6
v -0.4 1.1 0.6
v -0.4 1.1 0.5
v -0.5 1.1 0.5
v -0.5 1.1 0.6
v -2.2 1.1 0.6
v -2.2 1.1 0.5
v 3.9 0.1 0.4
v 3.2 0.1 0.5
v 3.1 0.1 0.5
v 3.1 0.1 0.4
v -0.4 0 0.4
v -0.4 0 1.4
v -0.5 0 1.4
v -0.5 0 0.4
v -0.4 0.4 0.4
v -0.4 0.4 0.5
v -0.5 0 1.3
v -0.6 0 1.3
v -0.6 0 0.4
v -0.5 0.5 0.4
v -0.5 0.5 0.5
v -0.6 0.5 0.5
v -0.6 0.5 0.4
v -0.5 0.9 0.4
v -0.5 0.9 0.5
v -0.6 0.9 0.5
v -0.6 0.9 0.4
v -0.6 0 1.2
v -0.7 0 1.2
v -0.7 0 0.4
v -0.6 1.1 0.5
v -0.7 1.1 0.5
v -0.7 0 1.1
v -0.8 0 1.1
v -0.8 0 0.4
v -0.7 0.3 0.4
v -0.7 0.3 0.5
v -0.8 0.3 0.5
v -0.8 0.3 0.4
v -0.7 0.6 0.4
v -0.7 0.6 0.5
v -0.8 0.6 0.5
v -0.8 0.6 0.4
v -0.8 0 1
v -0.9 0 1
v -0.9 0 0.4
v -0.8 0.9 0.4
v -0.8 0.9 0.5
v -0.9 0.9 0.5
v -0.9 0.9 0.4
v -0.9 0 0.9
v -1 0 0.9
v -1 0 0.4
v -0.9 1.1 0.5
v -1 1.1 0.5
v -1 0 0.8
v -1.1 0 0.8
v -1.1 0 0.4
v -1.1 0 0.7
v -1.2 0 0.7
v -1.2 0 0.4
v -1.2 0 0.6
v -1.3 0 0.6
v -1.3 0 0.4
v -1.3 0 0.5
v -1.5 0 0.5
v -1.5 0 0.4
v -1.5 0.1 0.4
v -1.5 0.1 0.5
v -1.6 0.1 0.5
v -1.6 0.9 0.5
v -1.6 0.9 0.4
v -1.6 0.3 0.4
v -1.6 0.3 0.5
v -1.8 0.3 0.5
v -1.8 0.3 0.4
v -1.8 0.9 0.5
v -1.8 0.9 0.4
v -1.8 0.4 0.4
v -1.8 0.4 0.5
v -1.9 0.4 0.5
v -1.9 0.4 0.4
v -1.8 0.6 0.4
v -1.8 0.6 0.5
v -1.9 0.6 0.5
v -1.9 0.6 0.4
v -2 0.5 0.5
v -2 0.5 0.4
v -1.9 0.9 0.4
v -1.9 0.9 0.5
v -2 0.9 0.5
v -2 0.9 0.4
v -2 0.6 0.4
v -2 0.6 0.5
v -2.1 0.6 0.5
v -2.1 0.6 0.4
v -2.1 0.7 0.4
v -2.1 0.7 0.5
v -2.2 0.7 0.5
v -2.2 0.7 0.4
v 3.8 0 0.3
v 3.8 0 0.5
v 3.7 0 0.3
v 3.8 0.3 0.3
v 3.7 0.3 0.3
v 3.6 0 0.7
v 3.6 0 0.3
v 3.4 0 0.3
v 3.3 0 0.8
v 3.3 0 0.3
v 3.3 0 0.7
v 3.2 0 0.7
v 3.2 0 0.3
v 3.3 0.2 0.4
v 3.2 0.2 0.3
v 0 0 0.3
v 0 0 1.2
v -0.1 0 0.3
v -0.3 0 0.3
v -0.3 0 1.5
v -0.4 0 1.5
v -0.4 0 0.3
v -0.3 1 0.3
v -0.3 1 0.5
v -0.4 1 0.5
v -0.4 1 0.3
v -0.4 1 0.4
v -0.6 1 0.3
v -0.7 1 0.3
v -0.9 1 0.3
v -0.9 0.3 0.3
v -0.9 0.3 0.4
v -1.2 0.3 0.3
v -1.6 0 0.4
v -1.6 0 0.3
v -1.3 0.3 0.3
v -1.3 0.3 0.4
v -1.6 0.3 0.3
v -1 1 0.3
v -2.2 1 0.4
v -2.2 1 0.3
v 3.7 0.1 0.2
v 3.6 0.1 0.3
v 3.7 0.3 0.2
v 3.6 0.3 0.3
v 3.5 0 0.2
v 3.4 0 0.2
v 3.4 0.1 0.2
v 3.4 0.1 0.3
v 3.3 0.1 0.2
v 3.4 0.3 0.2
v 3.4 0.3 0.3
v 3.3 0.3 0.2
v -0.1 0 0.2
v -0.1 0 0.6
v -0.2 0 0.6
v -0.2 0 0.2
v -0.2 0 0.4
v -0.3 0 0.4
v -0.3 0 0.2
v -0.5 0 0.2
v -0.5 0 0.3
v -1.2 0 0.3
v -1.2 0 0.2
v 3.6 0 0.1
v 3.6 0 0.8
v 3.5 0 0.1
v 3.6 0.2 0.1
v 3.5 0.2 0.2
v 3.5 0.2 0.1
v -1.2 0 0.1
v -1.4 0 0.2
v -1.4 0 0.1
v 0 0 0
v 0 0 0.2
v -0.1 0 0
v -0.1 0 0.1
v -0.3 0 0.1
v -0.3 0 0
v -0.4 0 0
v -0.4 0 0.2
v -0.5 0 0
v -0.6 0 0
v -0.6 0 0.2
v -0.7 0 0.2
v -0.7 0 0
v -0.8 0 0
v -0.8 0 0.2
v -1.2 0 0
v -1.4 0 0
v -1.4 0 0.3
v -1.7 0 0.3
v -1.7 0 0
v -2.1 0 0
v -2.1 0 0.1
v -2.2 0 0.1
v -2.2 0 0
v 2.1 0 -0.1
v 2.1 0 0
v 1.8 0 0
v 1.8 0 -0.1
v 3.6 0 -0.2
v 3.6 0 0
v 3.3 0 0
v 3.3 0 -0.2
v 3.3 0 -0.1
v 3.2 0 -0.1
v 3.2 0 -0.2
v 3.3 0.4 -0.2
v 3.3 0.4 -0.1
v 3.2 0.3 -0.2
v 3.2 0.3 -0.1
v 2.9 0.2 -0.1
v 2.9 0.2 -0.2
v 2.9 0.4 -0.1
v 2.9 0.4 -0.2
v 3.2 0 0
v 2.7 0 0
v 2.7 0 -0.2
v 2.8 0.4 -0.2
v 2.8 0.4 -0.1
v 2.7 0.4 -0.1
v 2.7 0.4 -0.2
v 2.7 0 -0.1
v 2.6 0 -0.1
v 2.6 0 -0.2
v 2.6 0 0
v 2.4 0 0
v 2.4 0 -0.2
v 2.4 0 -0.1
v 2.3 0 -0.1
v 2.3 0 -0.2
v 2.3 0 0
v 2.1 0 -0.2
v 2.5 0.3 -0.2
v 2.5 0.3 -0.1
v 2 0.3 -0.1
v 2 0.3 -0.2
v 2 0 -0.2
v 2 0 -0.1
v 1.8 0 -0.2
v 1.7 0 -0.2
v 1.7 0 0
v 1.6 0 0
v 1.6 0 -0.2
v 1.6 0 -0.1
v 1.5 0 -0.1
v 1.5 0 -0.2
v 1.5 0.1 -0.1
v 0.7 0.1 -0.1
v 0.7 0.1 -0.2
v 1.5 0.3 -0.2
v 1.5 0.3 -0.1
v 0.1 0 -0.2
v 0.1 0 -0.1
v 0 0 -0.1
v 0 0 -0.2
v 0 0.4 -0.1
v 3.3 0.3 -0.3
v 3.3 0.3 -0.2
v 3.2 0.3 -0.3
v 2.7 0.4 -0.3
v 2.6 0.4 -0.2
v 2.6 0.4 -0.3
v 2.2 1.2 -0.3
v 2.2 1.2 -0.2
v 2.1 1.2 -0.2
v 2.1 1.2 -0.3
v 2.2 1 -0.3
v 2.2 1 -0.2
v 2 1 -0.2
v 2 1 -0.3
v 2 0.3 -0.3
v 1.9 0.3 -0.2
v 1.9 0.3 -0.3
v 2 0.5 -0.3
v 2 0.5 -0.2
v 1.9 0.5 -0.2
v 1.9 0.5 -0.3
v 2 0.8 -0.3
v 2 0.8 -0.2
v 1.9 0.8 -0.2
v 1.9 0.8 -0.3
v 2.2 1.4 -0.3
v 2.2 1.4 -0.2
v 1.9 1.4 -0.2
v 1.9 1.4 -0.3
v 1.8 0.8 -0.2
v 1.8 0.8 -0.3
v 1.8 1.3 -0.2
v 1.8 1.3 -0.3
v 1.8 0.5 -0.3
v 1.8 0.5 -0.2
v 1.7 0.5 -0.2
v 1.7 0.5 -0.3
v 3.5 0 -0.3
v 3.5 0 -0.2
v 1.6 0 -0.3
v 1.7 1.6 -0.3
v 1.7 1.6 -0.2
v 1.6 1.6 -0.2
v 1.6 1.6 -0.3
v 4 0 -0.4
v 4 0 -0.2
v 3.8 0 -0.2
v 3.8 0 -0.4
v 1.7 0.3 -0.4
v 1.7 0.3 -0.3
v 1.6 0.3 -0.3
v 1.6 0.3 -0.4
v 1.7 0.7 -0.4
v 1.7 0.7 -0.3
v 1.6 0.7 -0.3
v 1.6 0.7 -0.4
v 1.5 0 -0.4
v 1.4 0 -0.2
v 1.4 0 -0.4
v 0.8 0.2 -0.4
v 0.8 0.2 -0.3
v 0.7 0.2 -0.3
v 0.7 0.2 -0.4
v 0.7 0.3 -0.4
v 0.7 0.3 -0.3
v 0.6 0.3 -0.3
v 0.6 0.3 -0.4
v 0.6 0.4 -0.4
v 0.6 0.4 -0.3
v 0.5 0.4 -0.3
v 0.5 0.4 -0.4
v 0.5 0.3 -0.4
v 0.5 0.3 -0.3
v 0.4 0.3 -0.3
v 0.4 0.3 -0.4
v 0.4 0.2 -0.4
v 0.4 0.2 -0.3
v 0.2 0.2 -0.3
v 0.2 0.2 -0.4
v 3.6 0.3 -0.5
v 3.6 0.3 -0.3
v 3.5 0.3 -0.3
v 3.5 0.3 -0.5
v 1.7 0 -0.5
v 1.7 0 -0.3
v 1.6 0 -0.5
v 1.7 1.1 -0.5
v 1.7 1.1 -0.4
v 1.6 1.1 -0.4
v 1.6 1.1 -0.5
v 1.7 1.3 -0.5
v 1.7 1.3 -0.4
v 1.6 1.3 -0.4
v 1.6 1.3 -0.5
v 1.7 1.6 -0.5
v 1.7 1.6 -0.4
v 1.6 1.6 -0.4
v 1.6 1.6 -0.5
v -1 1.1 -0.5
v -1 1.1 -0.4
v -1.1 1.1 -0.4
v -1.1 1.1 -0.5
v -1.2 1 -0.5
v -1.2 1 -0.4
v -1.3 1 -0.4
v -1.3 1 -0.5
v 0.7 0 -0.6
v 0.7 0 -0.4
v 0.3 0 -0.4
v 0.3 0 -0.6
v -0.8 0.9 -0.6
v -0.8 0.9 -0.5
v -0.9 0.9 -0.5
v -0.9 0.9 -0.6
v -0.8 1.1 -0.6
v -0.8 1.1 -0.5
v -0.9 1.1 -0.5
v -0.9 1.1 -0.6
v -1 0.9 -0.6
v -1 0.9 -0.5
v -1.2 0.9 -0.5
v -1.2 0.9 -0.6
v -1.2 0.8 -0.6
v -1.2 0.8 -0.5
v -1.3 0.8 -0.5
v -1.3 0.8 -0.6
v -1.3 1 -0.6
v -1.4 1 -0.5
v -1.4 1 -0.6
v 1.7 0.8 -0.7
v 1.7 0.8 -0.5
v 1.6 0.8 -0.5
v 1.6 0.8 -0.7
v 0.7 0 -0.7
v 0.4 0 -0.6
v 0.4 0 -0.7
v -0.7 1 -0.6
v -0.8 1 -0.7
v -0.9 0.8 -0.7
v -0.9 0.8 -0.5
v -1 0.8 -0.5
v -1 0.8 -0.7
v -1.1 0.8 -0.7
v -1.1 0.8 -0.6
v -1.2 0.8 -0.7
v -1.3 0.8 -0.7
v -1.5 0.8 -0.6
v -1.5 0.8 -0.7
v -1.4 1 -0.7
v -1.5 1 -0.6
v -1.5 1 -0.7
v -1.4 1.4 -0.7
v -1.4 1.4 -0.6
v -1.5 1.4 -0.6
v -1.5 1.4 -0.7
v 3.6 0.3 -0.8
v 3.6 0.3 -0.7
v 3.5 0.3 -0.7
v 3.5 0.3 -0.8
v 1.6 1.3 -0.8
v 1.6 1.3 -0.6
v 1.5 1.3 -0.6
v 1.5 1.3 -0.8
v 0.8 0 -0.8
v 0.8 0 -0.4
v 0.7 0 -0.8
v 0.7 0.2 -0.8
v 0.7 0.2 -0.7
v 0.6 0.2 -0.7
v 0.6 0.2 -0.8
v 0.6 0.3 -0.8
v 0.6 0.3 -0.7
v 0.5 0.3 -0.7
v 0.5 0.3 -0.8
v 0.5 0.2 -0.8
v 0.5 0.2 -0.7
v 0.4 0.2 -0.7
v 0.4 0.2 -0.8
v 0.4 0 -0.8
v 0.3 0 -0.8
v 0.1 0.3 -0.8
v 0 0.3 -0.8
v -0.6 0.9 -0.8
v -0.6 0.9 -0.7
v -0.7 0.9 -0.7
v -0.7 0.9 -0.8
v -0.8 0.9 -0.7
v -0.8 0.9 -0.8
v -0.8 0.8 -0.8
v -0.8 0.8 -0.6
v -0.9 0.8 -0.6
v -0.9 0.8 -0.8
v -0.9 0.7 -0.8
v -0.9 0.7 -0.7
v -1 0.7 -0.7
v -1 0.7 -0.8
v -1 0 -0.8
v -1 0 -0.7
v -1.1 0 -0.7
v -1.1 0 -0.8
v -1 0.7 -0.6
v -1.1 0.7 -0.6
v -1.1 0.7 -0.8
v -1.1 0.7 -0.7
v -1.2 0.7 -0.7
v -1.2 0.7 -0.8
v -1.1 1.5 -0.8
v -1.1 1.5 -0.7
v -1.2 1.5 -0.7
v -1.2 1.5 -0.8
v -1.6 1.4 -0.7
v 3.8 0 -0.9
v 3.8 0 -0.1
v 3.6 0 -0.1
v 3.6 0 -0.9
v 1.7 0 -0.9
v 1.6 0 -0.9
v 0.9 0.2 -0.9
v 0.9 0.2 -0.3
v 0.8 0.2 -0.9
v 0.8 0.2 -0.8
v 0.7 0.2 -0.9
v 0.7 0.3 -0.9
v 0.7 0.3 -0.8
v 0.6 0.3 -0.9
v 0.6 0.4 -0.9
v 0.6 0.4 -0.8
v 0.5 0.4 -0.8
v 0.5 0.4 -0.9
v 0.5 0.3 -0.9
v 0.4 0.3 -0.8
v 0.4 0.3 -0.9
v 0.4 0.2 -0.9
v 0.3 0.2 -0.8
v 0.3 0.2 -0.9
v 0.3 0.2 -0.4
v 0.2 0.2 -0.9
v -0.7 0.8 -0.9
v -0.7 0.8 -0.8
v -0.8 0.8 -0.9
v -0.9 0.8 -0.9
v -0.9 0 -0.9
v -0.9 0 -0.8
v -1.1 0 -0.9
v -1.2 0.7 -0.9
v -1.2 0.7 -0.6
v -1.3 0.7 -0.6
v -1.3 0.7 -0.9
v -1.2 0 -0.9
v -1.2 0 -0.8
v -1.4 0 -0.8
v -1.4 0 -0.9
v -1.3 0.7 -0.7
v -1.4 0.7 -0.7
v -1.4 0.7 -0.9
v -1.5 0.9 -0.9
v -1.5 1.2 -0.8
v -1.6 1.2 -0.8
v 1.5 0 -1
v 1.5 0 -0.6
v 1.4 0 -0.6
v 1.4 0 -1
v -0.6 0.9 -1
v -0.6 0.9 -0.9
v -0.8 0.9 -0.9
v -0.8 0.9 -1
v -0.8 0.7 -1
v -0.8 0.7 -0.9
v -0.9 0.7 -0.9
v -0.9 0.7 -1
v -0.9 0 -1
v -1 0 -0.9
v -1 0 -1
v -1.2 0 -1
v -1.3 0 -0.9
v -1.3 0 -1
v -1.2 0.7 -1
v -1.3 0.7 -1
v -1.4 0.8 -1
v -1.4 0.8 -0.9
v -1.5 0.8 -0.9
v -1.5 0.8 -1
v -1.5 1 -1
v -1.5 1 -0.8
v -1.6 1 -0.8
v -1.6 1 -1
v -0.7 0.9 -1.1
v -0.7 0.9 -1
v -0.8 0.9 -1.1
v -0.8 0 -1.1
v -0.8 0 -0.9
v -0.9 0 -1.1
v -0.8 0.8 -1.1
v -0.8 0.8 -1
v -0.9 0.8 -1
v -0.9 0.8 -1.1
v -0.9 0.7 -1.1
v -1 0.7 -1.1
v -1 0.7 -1
v -1.1 0.7 -1
v -1.1 0.7 -1.1
v -1.1 0 -1.1
v -1.2 0 -0.7
v -1.2 0 -1.1
v -1.3 0.7 -1.1
v -1.5 1.2 -1.1
v -1.6 1.2 -1.1
v 3.9 0 -1.2
v 3.9 0 -0.4
v 3.8 0 -1.2
v 3.6 0.2 -1.2
v 3.6 0.2 -1.1
v 3.5 0.2 -1.1
v 3.5 0.2 -1.2
v -0.8 0.8 -1.2
v -1 0.8 -1.1
v -1 0.8 -1.2
v -1 0 -1.2
v -1.1 0 -1.2
v -1 0.7 -1.2
v -1.1 0.7 -1.2
v -1.2 0 -1.2
v -1.1 0.8 -1.2
v -1.1 0.8 -1.1
v -1.2 0.8 -1.1
v -1.2 0.8 -1.2
v -1.2 0.7 -1.2
v -1.2 0.7 -1.1
v -1.3 0.7 -1.2
v -1.3 0.8 -1.2
v -1.3 0.8 -0.9
v -1.4 0.8 -1.2
v 1.7 0.3 -1.2
v 1.6 0.3 -1.2
v -0.9 0.8 -1.3
v -0.9 0.8 -1.2
v -1 0.8 -1.3
v 3.7 0.3 -1.4
v 3.7 0.3 -0.6
v 3.6 0.3 -0.6
v 3.6 0.3 -1.4
v -2.1 1 -1.4
v -2.1 1 -1.3
v -2.2 1 -1.3
v -2.2 1 -1.4
v -2.1 1.3 -1.3
v -2.2 1.3 -1.3
v -2.2 1.3 -1.4
v 4 0 -1.5
v 4 0 -0.7
v 3.9 0 -0.7
v 3.9 0 -1.5
v 3.6 0.2 -1.5
v 3.6 0.2 -1.4
v 3.5 0.2 -1.4
v 3.5 0.2 -1.5
v 1.7 0 -1.5
v 1.6 0 -1.5
v -2 1.2 -1.5
v -2 1.2 -1.4
v -2.1 1.2 -1.4
v -2.1 1.2 -1.5
v -2.1 0.8 -1.5
v -2.1 0.8 -1.4
v -2.2 0.8 -1.4
v -2.2 0.8 -1.5
v 1.7 0.2 -1.6
v 1.7 0.2 -1.5
v 1.6 0.2 -1.5
v 1.6 0.2 -1.6
v 1.5 0 -1.6
v 1.5 0 -1.1
v 1.4 0 -1.1
v 1.4 0 -1.6
v 0.1 0.1 -1.6
v 0.1 0.1 -0.2
v 0 0.1 -0.2
v 0 0.1 -1.6
v 0.1 0.3 -1.6
v 0.1 0.3 -1.2
v 0 0.3 -1.2
v 0 0.3 -1.6
v 3.6 0.5 -1.7
v 3.6 0.5 -1.6
v 3.5 0.5 -1.6
v 3.5 0.5 -1.7
v 1.6 0.3 -1.7
v 1.5 0.3 -1.3
v 1.5 0.3 -1.7
v 0.1 0 -1.7
v 0.1 0 -1.6
v 0 0 -1.6
v 0 0 -1.7
v 3.8 0 -1.8
v 3.8 0 -1
v 3.7 0 -1
v 3.7 0 -1.8
v 3.6 0 -1.8
v 3.5 0 -1.8
v 1.5 0 -1.8
v 1.5 0 -1.7
v 1.4 0 -1.7
v 1.4 0 -1.8
v 0.1 0.1 -1.8
v 0.1 0.1 -1.7
v 0 0.1 -1.7
v 0 0.1 -1.8
v 0.1 0.4 -1.8
v 0.1 0.4 -1.7
v 0 0.4 -1.7
v 0 0.4 -1.8
v 1.6 0.3 -1.9
v 1.6 0.3 -1.8
v 1.5 0.3 -1.8
v 1.5 0.3 -1.9
v -1.1 1.1 -1.8
v -1.2 1.1 -1.8
v -1.2 1.1 -1.9
v -1.4 1.3 -1.8
v -1.4 1.3 -1.9
v 0.1 0.4 -2
v 0.1 0.4 -1.9
v 0 0.4 -1.9
v 0 0.4 -2
v -1 1 -2
v -1 1 -1.9
v -1.1 1 -2
v -1.1 0.9 -1.8
v -1.2 0.9 -1.8
v -1.2 0.9 -2
v -1.2 0.9 -1.9
v -1.3 0.9 -1.9
v -1.3 0.9 -2
v -1.3 0.9 -1.8
v -1.4 0.9 -1.8
v -1.4 0.9 -2
v -1.5 1 -2
v -1.5 1 -1.9
v -1.6 1 -1.9
v -1.6 1 -2
v -1.5 1.3 -2
v -1.5 1.3 -1.9
v -1.6 1.3 -1.9
v -1.6 1.3 -2
v 4 0 -2.1
v 4 0 -1.6
v 3.9 0 -1.6
v 3.9 0 -2.1
v 1.7 0.3 -2.1
v 1.7 0.3 -2
v 1.6 0.3 -2
v 1.6 0.3 -2.1
v -0.9 1 -2.1
v -0.9 1 -2
v -1 1 -2.1
v -1.2 0 -2.1
v -1.2 0 -2
v -1.3 0 -2
v -1.3 0 -2.1
v -1.2 0.8 -2.1
v -1.2 0.8 -2
v -1.3 0.8 -2
v -1.3 0.8 -2.1
v -1.3 0.7 -2.1
v -1.3 0.7 -2
v -1.4 0.7 -2
v -1.4 0.7 -2.1
v -1.4 0.8 -2.1
v -1.4 0.8 -1.9
v -1.5 0.8 -1.9
v -1.5 0.8 -2.1
v -1.5 0.8 -2
v -1.6 0.8 -2
v -1.6 0.8 -2.1
v -1.6 1.4 -2.1
v -1.7 1.4 -2
v -1.7 1.4 -2.1
v 3.9 0 -2.2
v 3.9 0 -1.3
v 3.8 0 -1.3
v 3.8 0 -2.2
v 3.8 0 -1.9
v 3.7 0 -1.9
v 3.7 0 -2.2
v 3.7 0 -0.9
v 3.6 0 -2.2
v 3.5 0 -2.2
v 1.7 0 -2.2
v 1.7 0 -1.6
v 1.6 0 -1.6
v 1.6 0 -2.2
v 1.7 0.6 -2.2
v 1.7 0.6 -2.1
v 1.6 0.6 -2.1
v 1.6 0.6 -2.2
v 1.5 0 -2.2
v 1.5 0 -1.9
v 1.4 0 -1.9
v 1.4 0 -2.2
v 0.1 0.1 -2.2
v 0 0.1 -2.2
v -0.8 1.2 -2.2
v -0.8 1.2 -2.1
v -0.9 1.2 -2.2
v -0.9 0.9 -2.2
v -0.9 0.9 -2.1
v -1 0.9 -2.1
v -1 0.9 -2.2
v -1 0.8 -2.2
v -1 0.8 -1.9
v -1.1 0.8 -1.9
v -1.1 0.8 -2.2
v -1.1 0.7 -2.2
v -1.1 0.7 -2
v -1.2 0.7 -2
v -1.2 0.7 -2.2
v -1.2 0 -2.2
v -1.3 0 -2.2
v -1.2 0.7 -2.1
v -1.3 0.7 -2.2
v -1.4 0 -2
v -1.4 0 -2.2
v -1.4 0.7 -2.2
v -1.5 0.7 -2.1
v -1.5 0.7 -2.2
v -1.5 0 -2.2
v -1.5 0 -2.1
v -1.6 0 -2.1
v -1.6 0 -2.2
v -1.5 0.8 -2.2
v -1.6 0.8 -2.2
v -1.6 0.9 -2.2
v -1.6 0.9 -2.1
v -1.7 0.9 -2.1
v -1.7 0.9 -2.2
v 3.2 0.1 3.7
v 3.2 0.1 3.6
v 2.2 0.1 3.7
v 2.2 0.1 3.6
v 1.2 0.1 3.7
v 1.2 0.1 3.6
v 0.2 0.1 3.7
v 0.2 0.1 3.6
v -2.2 0.1 3.5
v -2.1 0.1 3.5
v -2.1 0.1 3.4
v -2 0.1 3.4
v -0.6 0.1 1.9
v -0.5 0.1 1.9
v -0.5 0.1 1.8
v -0.4 0.1 1.8
v 3.2 0.1 0.7
v 3.2 0.1 0.6
v 1.6 0.1 -0.1
v 3.5 0 -1.1
v 3.4 0.2 3.8
v 3.4 0.2 3.7
v 2.4 0.2 3.8
v 2.4 0.2 3.7
v 1.4 0.2 3.8
v 1.4 0.2 3.7
v 0.4 0.2 3.8
v 0.4 0.2 3.7
v 3.1 0.2 3.6
v 2.1 0.2 3.6
v 1.1 0.2 3.6
v 0.1 0.2 3.6
v -0.5 0.1 3.3
v -0.5 0.2 2.9
v 1.2 0.2 2.1
v 1.2 0.2 1.9
v 2.4 0.2 1.2
v 2.4 0.2 1
v 3.4 0.2 0.8
v 3.4 0.2 0.7
v 3.1 0.2 0.6
v 1.6 0.1 -0.4
v 1.6 0.1 -0.3
v -1.2 0.2 -0.8
v -1.2 0.2 -1
v 1.6 0.1 -1.5
v 1.6 0.1 -1.2
v 1.6 0.2 -2.2
v 1.6 0.1 -2
v 0 0.2 -2.2
v 0 0.1 -1.9
v 3.4 0.3 3.7
v 2.4 0.3 3.7
v 1.4 0.3 3.7
v 0.4 0.3 3.7
v -0.5 0.3 3.4
v 3.4 0.3 0.7
v 3.5 0.3 -0.6
v 3.5 0.2 -0.6
v 3.5 0.3 -1.2
v 3.5 0.3 -1.4
v 1.6 0.3 -1.6
v 1.6 0.1 -1.6
v 3.5 0.4 3.8
v 2.5 0.4 3.8
v 1.5 0.4 3.8
v 0.5 0.4 3.8
v 3.4 0.4 3.8
v 3.4 0.4 3.7
v 2.4 0.4 3.8
v 2.4 0.4 3.7
v 1.4 0.4 3.8
v 1.4 0.4 3.7
v 0.4 0.4 3.8
v 0.4 0.4 3.7
v 3.2 0.4 0.5
v 3.5 0.4 -0.5
v 1.6 0.4 -1.2
v 3.5 0.4 -1.5
v 3.5 0.1 -1.7
v 3.5 0.1 -1.6
v 1.6 0.4 -2.1
v -2.2 0.5 3.6
v -2.2 0.5 3.5
v -0.5 0.4 3.2
v -0.5 0.4 3.4
v -0.5 0.4 3.1
v 1.2 0.5 2.1
v 1.2 0.5 2
v 1.2 0.2 2
v 2.4 0.5 1.2
v 2.4 0.5 1.1
v 2.4 0.2 1.1
v -0.5 0.5 0.9
v -1.2 0.5 -0.8
v -1.2 0.5 -0.9
v -1.2 0.2 -0.9
v 0 0.5 -1.9
v 1.2 0.6 2.1
v 1.2 0.6 2
v 2.4 0.6 1.2
v 2.4 0.6 1.1
v 2.5 0.4 -0.2
v -1.2 0.6 -0.8
v -1.2 0.6 -0.9
v 3.5 0.6 -1.6
v 3.5 0.6 3.6
v 2.5 0.6 3.6
v 1.5 0.6 3.6
v 0.5 0.6 3.6
v 1.6 0.1 -1
v -2.1 0.8 3.3
v 1 0.8 2.2
v 1.1 0.8 1.9
v 1.1 0.8 1.7
v 2.2 0.8 1.3
v 2.3 0.8 1
v 2.3 0.8 0.8
v -0.9 0.4 0.4
v -2.2 0.8 0.5
v -2.2 0.8 0.4
v 1.6 0.8 -0.4
v -1.4 0.8 -0.7
v -1.3 0.8 -1
v -1.4 0.8 -2
v -2.2 0.9 3.6
v -2.2 0.9 3.5
v -2.2 0.7 3.5
v -2.2 0.7 3.6
v 1.4 0.8 2.3
v 1.1 0.9 2.4
v 1.1 0.9 2.3
v 1.4 0.9 1.6
v 2.6 0.8 1.4
v 2.3 0.9 1.5
v 2.3 0.9 1.4
v 2.6 0.9 0.7
v -1 0.8 -0.6
v -1.3 0.9 -0.5
v -1.3 0.9 -0.6
v 1.6 0.9 -0.5
v 1.6 0.9 -0.7
v -1.4 0.9 -1
v -1.1 0.8 -2
v -1.6 0.9 -2
v -2.1 1 3.3
v 0.9 1 2
v -0.5 1 1.9
v -0.5 1 1.6
v -0.5 1 1.5
v -0.5 1 1.4
v -0.5 1 1.3
v -0.5 1 1.2
v 2.1 1 1.1
v -0.5 1 1.1
v -0.5 1 1
v -0.5 1 0.9
v -0.5 1 0.6
v -0.5 1 0.5
v -1.5 1 -0.9
v -1.4 0.9 -1.9
v -1.6 1 -2.1
v -2.1 1.1 3.4
v -2.1 1.1 3.3
v -2 1.1 3.3
v -2 1 3.3
v 0.8 1.1 1.9
v 0.9 1.1 1.9
v 0.9 1.1 1.8
v 2 1.1 1
v 2.1 1.1 1
v 2.1 1.1 0.9
v -1.3 1.1 0.5
v -1.3 1.1 0.4
v -1.6 1.1 0.5
v -1.6 1.1 0.4
v -2.2 1 0.5
v 1.6 1.1 -0.3
v 1.6 1.1 -0.7
v -1 1.1 -0.7
v -1.6 1.1 -1
v -1.6 1.1 -2.1
v -2.2 1.2 3.7
v -2.2 1.2 3.6
v -2.1 1.2 3.4
v 1 1.2 2.3
v 1 1.2 2.2
v 0.9 1.2 2.2
v 1.1 1.2 1.7
v -0.5 1.1 1.5
v 2.2 1.2 1.4
v 2.2 1.2 1.3
v 2.1 1.2 1.3
v 2.3 1.2 0.8
v 1.9 1.2 -0.2
v 1.9 1.2 -0.3
v 1.6 1.2 -0.3
v 1.6 1.2 -0.7
v -1.4 1.2 -0.6
v -1.4 1.2 -0.7
v -1.5 1.2 -0.7
v -1.5 1.2 -1.9
v -1.5 1.2 -2
v -1.6 1.2 -2
v -1.6 1.2 -2.1
v -2.2 1.3 3.6
v -2.2 1.3 3.5
v -2.2 1.2 3.5
v 0.9 1.3 2.2
v 1 1.3 1.8
v 1 1.3 1.7
v 1.1 1.3 1.7
v 1.1 1.3 1.6
v 2.1 1.3 1.3
v 2.1 1.3 1.2
v 2.1 1.3 1.1
v 2.2 1.3 0.9
v 2.2 1.3 0.8
v 2.3 1.3 0.8
v 2.3 1.3 0.7
v 1.6 1.3 -0.7
v 1.6 1.2 -0.6
v -1.5 1.3 -0.7
v -1.5 1.3 -0.8
v -1.5 1.3 -0.9
v -1.6 1.3 -2.1
v -1.7 1.3 -2.1
v -1.7 1.3 -2.2
v 1.1 1.4 2.4
v 1.1 1.4 2.3
v 0.9 1.4 2.1
v -1 1.4 2
v 0.9 1.4 2
v 0.9 1.4 1.9
v 1 1.4 1.8
v 1 1.4 1.7
v 2.3 1.4 1.5
v 2.3 1.4 1.4
v -0.5 1.4 1.2
v 2.1 1.4 1
v 2.2 1.4 0.9
v 2.2 1.4 0.8
v -0.5 1.1 0.9
v 1.6 1.4 -0.5
v 1.6 1.4 -0.6
v -1.3 1.4 -0.5
v -1.3 1.4 -0.6
v -1.5 1.4 -1
v -1.7 1.4 -2.2
v 0.9 1.5 2.1
v 0.9 1.5 2
v 0.9 1.5 1.9
v 2.1 1.5 1
v -0.5 1.1 1
v 1 1.5 2.1
v 1 1.5 2
v 2.2 1.5 1.2
v 2.2 1.5 1.1
v -1.4 1.5 -0.8
v -1.4 1.5 -0.9
v -1.6 1.5 -2.1
v 1.3 1.7 2.2
v 1.1 1.7 1.9
v 2.5 1.7 1.3
v 2.3 1.7 1
v -1.3 1.6 -2
v 3.6 0.1 3.8
v 3.6 0.1 3.7
v 2.6 0.1 3.8
v 2.6 0.1 3.7
v 1.6 0.1 3.8
v 1.6 0.1 3.7
v 0.6 0.1 3.8
v 0.6 0.1 3.7
v 3.6 0.1 0.8
v 3.6 0.1 0.7
v 1.7 0.1 -0.4
v 1.7 0 -0.4
v 1.7 0.1 -1.5
v 3.6 0.2 3.8
v 3.6 0.2 3.7
v 2.6 0.2 3.8
v 2.6 0.2 3.7
v 1.6 0.2 3.8
v 1.6 0.2 3.7
v 0.6 0.2 3.8
v 0.6 0.2 3.7
v 3.7 0.2 3.4
v 2.7 0.2 3.4
v 1.7 0.2 3.4
v 0.7 0.2 3.4
v -0.4 0.2 2.9
v 3.6 0.2 0.8
v 3.6 0.2 0.7
v 3.7 0.2 0.4
v 3.6 0.1 -0.3
v 1.7 0.1 -1.2
v 1.7 0 -2
v 1.7 0.2 -2.2
v 0.1 0.1 -1.9
v 0.1 0.2 -2.2
v -0.4 0.1 2.4
v 1.4 0.3 2
v 1.4 0.3 1.9
v 2.6 0.3 1.1
v 2.6 0.3 1
v -0.4 0.1 0.5
v 3.6 0.2 -0.6
v -1 0.3 -0.9
v -1 0.3 -1
v 3.6 0.3 -1.2
v 1.7 0.3 -1.6
v 3.8 0.4 3.5
v 2.8 0.4 3.5
v 1.8 0.4 3.5
v 0.8 0.4 3.5
v 3.6 0.4 -0.5
v 3.6 0.4 -0.6
v 1.7 0.4 -1.2
v 1.7 0.4 -1.3
v 3.6 0.4 -1.4
v 3.6 0.4 -1.5
v 3.6 0.1 -1.6
v 3.6 0.1 -1.7
v 1.7 0.4 -2.1
v 3.7 0.4 3.5
v 3.7 0.4 3.4
v 2.7 0.4 3.5
v 2.7 0.4 3.4
v 1.7 0.4 3.5
v 1.7 0.4 3.4
v 0.7 0.4 3.5
v 0.7 0.4 3.4
v -0.4 0.5 3.3
v -0.4 0.5 2.7
v -0.4 0.5 0.9
v -0.4 0.5 0.5
v 0.1 0.5 -1.9
v 1.4 0.6 2.1
v 1.4 0.6 2
v 2.6 0.6 1.2
v 2.6 0.6 1.1
v -1 0.6 -0.8
v -1 0.6 -0.9
v 3.6 0.6 -1.6
v 1.4 0.7 2
v 2.6 0.7 1.1
v -1 0.7 -0.9
v 1.7 0.1 -1
v -2 0.8 3.3
v 1.7 0.8 -0.4
v 1.6 0.8 2.2
v 1.6 0.9 1.7
v 2.8 0.8 1.3
v 2.8 0.9 0.8
v 1.7 0.9 -0.5
v 1.7 0.9 -0.7
v -0.8 0.8 -0.7
v -0.8 0.9 -1.2
v 1.6 1 1.8
v -0.4 1 1.6
v -0.4 1 1.5
v -0.4 1 1.4
v -0.4 1 1.3
v -0.4 1 1.2
v -0.4 1 1.1
v -0.4 1 1
v -0.4 1 0.9
v 2.8 1 0.9
v -0.4 1 0.6
v -0.9 1 -2.2
v -1.4 1.1 0.5
v -1.4 1.1 0.4
v -1.7 1.1 0.5
v -1.7 1.1 0.4
v -0.3 1 0.4
v 1.7 1.1 -0.3
v 1.7 1.1 -0.7
v -2.1 1.1 -1.5
v -0.9 1.1 -2.1
v -0.9 1.1 -2.2
v 1.6 1.2 1.8
v 1.6 1.2 1.7
v 1.5 1.2 1.7
v 1.5 1.2 1.6
v -0.4 1.1 1.5
v 2.8 1.2 0.9
v 2.8 1.2 0.8
v 2.7 1.2 0.8
v 2.7 1.2 0.7
v 1.8 1.2 -0.2
v 1.8 1.2 -0.3
v 1.7 1.2 -0.3
v 1.7 1.2 -0.7
v -1.1 1.2 -2
v 1.7 1.3 1.9
v 1.7 1.3 1.8
v 1.6 1.3 1.8
v 2.9 1.3 1
v 2.9 1.3 0.9
v 2.8 1.3 0.9
v 1.7 1.3 -0.6
v 1.7 1.2 -0.6
v 1.7 1.3 -0.7
v -1.4 1.3 -0.9
v -1.4 1.3 -1
v -1.1 1.3 -1.9
v -1.1 1.3 -2
v -1 1.3 -2
v -1 1.3 -2.1
v -0.4 1.4 1.2
v -0.4 1.1 0.9
v 1.7 1.4 -0.5
v -1.4 1.4 -0.9
v -1.4 1.4 -1
v -2.1 1.4 -1.5
v -1 1.4 -2
v -1 1.4 -2.1
v 1.6 1.5 2.3
v 1.6 1.5 2.2
v 2.8 1.5 1.4
v 2.8 1.5 1.3
v -0.4 1.1 1
v -1.3 1.5 -0.8
v -1.3 1.5 -0.9
v 1.6 1.6 2.3
v 1.6 1.5 1.8
v 2.8 1.6 1.4
v 2.8 1.5 0.9
v -0.3 1.8 1.1
v 3.8 0.2 3.4
v 3.8 0.2 0.4
v 3.7 0.5 3.6
v 3.7 0.4 3.2
v 3.3 0.5 -0.3
v 2.9 1.5 1.1
v 2.9 0.9 1.1
v 2.9 1.5 1.2
v 2.8 0.2 3.4
v 2.7 0.5 3.6
v 2.7 0.5 -0.3
v 2.7 0.9 0.8
v 2.7 0.4 3.2
v 2.6 1.4 0.7
v 2.5 0.3 1
v 2.5 0.3 -0.3
v 2.5 1.1 0.7
v 2.4 0.3 1
v 2.4 0.9 0.8
v 2.4 1.4 0.7
v 2.5 1.4 0.7
v 2.3 1.4 0.7
v 2.3 1.4 0.8
v 2.2 1.5 0.8
v 2.1 1.1 0.8
v 2.2 1.6 -0.3
v 2 1.1 -0.3
v 1.9 1 -0.3
v 1.8 0.2 3.4
v 1.7 0.5 3.6
v 1.7 0.8 -0.3
v 1.7 1 -0.3
v 1.7 1.3 -0.3
v 1.7 1.4 -0.3
v 1.7 1.5 2
v 1.6 0.3 -2.2
v 1.6 0.4 -2.2
v 1.7 0.4 -2.2
v 1.7 0.3 -2.2
v 1.7 0.4 3.2
v 1.7 0.9 2
v 1.7 1.5 2.1
v 1.6 0.2 -0.2
v 1.5 0.9 1.7
v 1.4 1.4 1.6
v 1.3 0.3 1.9
v 1.3 1.1 1.6
v 1.2 0.3 1.9
v 1.2 0.9 1.7
v 1.2 1.4 1.6
v 1.3 1.4 1.6
v 1.1 1.4 1.6
v 1.1 1.4 1.7
v 1 1.5 1.7
v 0.9 1.1 1.7
v 0.8 0.2 3.4
v 0.7 0.5 3.6
v 0.7 0.4 3.2
v -0.5 0.1 0.4
v -0.5 0.5 3.5
v -0.5 1 0.4
v -0.6 0.2 3.5
v -0.6 1 1.9
v -0.7 0.4 0.4
v -0.5 0.2 0.4
v -0.7 0.8 0.4
v -0.6 0.9 1.9
v -0.7 1 1.9
v -0.8 0.4 0.4
v -0.7 0.9 -0.9
v -1 1.2 -0.6
v -1.1 0.3 -1
v -1 1.5 -0.7
v -1.1 1.6 -2.2
v -1.1 1.7 -2.2
v -1 1.6 -2.2
v -1.2 0.3 -1
v -1.3 0.9 -1.2
v -1.3 1.6 1.4
v -1.4 0.5 3.5
v -1.3 0.2 3.5
v -1.4 1 -0.9
v -1.4 1.6 1.5
v -1.3 1.6 1.5
v -1.5 1.4 1.6
v -1.6 0.2 0.4
v -1.6 0.3 3.5
v -1.6 0.2 3.5
v -1.7 0.4 0.4
v -1.8 0.4 3.5
v -1.6 0.4 3.5
v -1.7 0.5 0.4
v -1.8 1.7 1.4
v -1.9 0.3 3.5
v -1.9 0.4 3.5
v -2.1 0.8 0.4
v -2.2 0.9 0.4
v -2.2 1 3.5
v -2.2 1.1 -1.5
v -2.2 1.2 -1.5
v -2.2 1.3 -1.5
v -2.2 1.4 0.7
v -2.2 1.4 -1.5
v -2.2 1.8 1.1
v 3.5 0.2 3.8
v 3.5 0.2 0.8
v 3.5 0.1 -0.2
v 3.5 0.2 -0.2
v 2.8 1.4 1.3
v 2.7 1.3 1.4
v 2.6 1 1.5
v 2.5 0.2 3.8
v 2.5 0.2 1.2
v 2.6 0.2 1.2
v 2.5 0.6 1.2
v 2.5 0.9 1.4
v 2.5 1 1.5
v 2.6 1.3 1.5
v 2.5 1.3 1.5
v 2.6 1.4 1.5
v 2.5 0.5 1.2
v 2.4 1.5 1.4
v 2.4 1.8 1.3
v 2.4 1.3 1.5
v 2.2 1.2 1.5
v 2.2 1.3 1.3
v 2.2 1.6 -0.2
v 2 1.1 -0.2
v 1.9 1 -0.2
v 1.7 0.2 -0.2
v 1.7 0.3 -0.2
v 1.7 0.8 -0.2
v 1.7 1 -0.2
v 1.7 1.1 -0.2
v 1.7 1.2 -0.2
v 1.7 1.3 -0.2
v 1.7 1.4 -0.2
v 1.6 1.1 -0.2
v 1.6 1.2 -0.2
v 1.6 1.4 2.2
v 1.5 0.2 3.8
v 1.5 1.3 2.3
v 1.4 1 2.4
v 1.3 0.2 2.1
v 1.4 0.2 2.1
v 1.3 0.6 2.1
v 1.3 0.9 2.3
v 1.3 1 2.4
v 1.4 1.3 2.4
v 1.3 1.3 2.4
v 1.4 1.4 2.4
v 1.3 0.5 2.1
v 1.2 1.5 2.3
v 1.2 1.8 2.2
v 1.2 1.3 2.4
v 1 1.2 2.4
v 1 1.3 2.2
v 0.5 0.2 3.8
v -0.5 1 2
v -0.6 0.2 3.6
v -0.6 0.3 3.6
v -0.6 1 2
v -0.5 0.2 0.5
v -0.7 0.4 0.5
v -0.7 0.8 0.5
v -0.6 0.9 2
v -0.8 0.4 0.5
v -0.9 0.3 0.5
v -1 1 -0.5
v -1 1.3 2.1
v -1.1 0.2 -0.8
v -1 0.2 -0.8
v -1.1 0.6 -0.8
v -1.1 0.9 -0.6
v -1.1 1 -0.5
v -1 1.3 -0.5
v -1.1 1.3 -0.5
v -1 1.4 -0.5
v -1.1 1.4 -2
v -1.1 1.6 -2
v -1.1 0.5 -0.8
v -1.2 1.4 -1.9
v -1.1 1.4 -1.9
v -1.2 1.5 -0.6
v -1.2 1.8 -0.7
v -1.3 1.1 -1.8
v -1.3 1.2 -1.8
v -1.2 1.3 -0.5
v -1.3 1.4 -1.9
v -1.3 0.2 3.6
v -1.4 0.5 3.6
v -1.3 1.1 -1.9
v -1.4 1.1 -1.9
v -1.4 1.2 -0.5
v -1.4 1.2 -1.9
v -1.4 1.3 -0.7
v -1.5 1.4 1.7
v -1.4 1.4 -1.9
v -1.6 0.2 0.5
v -1.5 0.9 -2
v -1.6 0.2 3.6
v -1.7 0.5 3.6
v -1.7 0.4 0.5
v -1.7 0.5 0.5
v -1.8 1.6 1
v -2 0.1 3.6
v -2.1 0.1 3.6
v -2.1 0.8 0.5
v -2.2 0.9 0.5
v -2.2 1 3.6
v -2.2 1.2 0.6
v -2.2 1.2 -1.4
v -2.2 1.4 0.8
v -2.4 0.1 3.9
v -2.6 0.1 3.9
v -2.6 0.1 4
v -2.4 0.1 4
v -2.4 0.1 3.7
v -2.2 0.1 4
v -2.3 0.1 3.6
v -2.3 0.1 3.7
v -2.2 1.4 3.6
v -2.3 1.4 3.6
v -2.3 1.4 3.7
v -2.2 1.4 3.7
v -2.3 1.5 3.6
v -2.4 1.5 3.6
v -2.4 1.5 3.7
v -2.3 1.5 3.7
v -2.3 0.7 3.5
v -2.3 0.7 3.6
v -2.3 1.2 3.5
v -2.3 1.2 3.6
v -3.6 1.2 1.9
v -3.7 1.2 1.9
v -3.7 1.2 2
v -3.6 1.2 2
v -3.8 0.1 1.9
v -3.9 0.1 1.9
v -3.9 0.1 2.1
v -3.8 0.1 2.1
v -3.5 1.3 1.8
v -3.7 1.3 1.8
v -3.7 1.3 1.9
v -3.5 1.3 1.9
v -3.4 0.8 1.7
v -3.6 0.8 1.7
v -3.6 0.8 1.8
v -3.4 0.8 1.8
v -3.4 1.2 1.7
v -3.6 1.2 1.7
v -3.6 1.2 1.8
v -3.4 1.2 1.8
v -3.4 1.4 1.7
v -3.7 1.4 1.7
v -3.7 1.4 1.8
v -3.4 1.4 1.8
v -3.2 1.5 1.6
v -3.6 1.5 1.6
v -3.6 1.5 1.7
v -3.2 1.5 1.7
v -3.6 0.1 1.6
v -3.7 0.1 1.6
v -3.7 0.1 1.9
v -3.6 0.1 1.9
v -3.6 1.4 1.6
v -3.7 1.4 1.6
v -3.6 1.4 1.7
v -3.8 0.1 1.6
v -3.9 0.1 1.6
v -3.9 0.1 1.8
v -3.8 0.1 1.8
v -3.1 1.6 1.5
v -3.7 1.6 1.5
v -3.7 1.6 1.6
v -3.1 1.6 1.6
v -3.9 0.1 1.5
v -4 0.1 1.5
v -4 0.1 2.2
v -3.9 0.1 2.2
v -3 1.7 1.4
v -3.5 1.7 1.4
v -3.5 1.7 1.5
v -3 1.7 1.5
v -3.6 1.7 1.4
v -3.7 1.7 1.4
v -3.7 1.7 1.5
v -3.6 1.7 1.5
v -2.9 1.8 1.3
v -3.1 1.8 1.3
v -3.1 1.8 1.4
v -2.9 1.8 1.4
v -3.2 1.8 1.3
v -3.7 1.8 1.3
v -3.7 1.8 1.4
v -3.2 1.8 1.4
v -3.9 0.1 1.2
v -4 0.1 1.2
v -4 0.1 1.4
v -3.9 0.1 1.4
v -2.4 1.9 1.1
v -2.4 1.9 1.3
v -2.5 1.9 1.1
v -2.5 1.9 1.2
v -2.4 1.9 1.2
v -2.7 1.9 1.1
v -2.8 1.9 1.1
v -2.8 1.9 1.2
v -2.7 1.9 1.2
v -3.6 1.9 1.1
v -3.6 1.9 1.3
v -2.8 1.9 1.3
v -3.7 0.1 1.1
v -3.8 0.1 1.1
v -3.8 0.1 2
v -3.7 0.1 2
v -3.9 0.1 1.1
v -3.8 0.1 1.4
v -2.2 1.8 1
v -2.5 1.8 1
v -2.5 1.8 1.1
v -2.7 1.8 1
v -3.6 1.8 1
v -3.6 1.8 1.1
v -2.7 1.8 1.1
v -3.7 1.8 1
v -3.6 1.8 1.3
v -2.2 1.7 0.9
v -2.4 1.7 0.9
v -2.4 1.7 1
v -2.2 1.7 1
v -2.6 1.7 0.9
v -2.9 1.7 0.9
v -2.9 1.7 1
v -2.6 1.7 1
v -3.6 0.1 0.9
v -3.7 0.1 0.9
v -3.7 0.1 1.5
v -3.6 0.1 1.5
v -3 1.7 0.9
v -3.7 1.7 0.9
v -3.7 1.7 1
v -3 1.7 1
v -2.2 1.6 0.8
v -2.8 1.6 0.8
v -2.8 1.6 0.9
v -2.2 1.6 0.9
v -2.9 1.6 0.8
v -3 1.6 0.8
v -3 1.6 1
v -2.9 1.6 1
v -3.2 1.6 0.8
v -3.2 1.6 0.9
v -3 1.6 0.9
v -3.3 1.6 0.8
v -3.7 1.6 0.8
v -3.7 1.6 0.9
v -3.3 1.6 0.9
v -3.7 0.1 0.8
v -3.9 0.1 0.8
v -3.9 0.1 1
v -3.7 0.1 1
v -4 0.1 0.8
v -4 0.1 1.1
v -3.7 1.5 0.7
v -3.7 1.5 0.8
v -2.2 1.4 0.6
v -2.4 1.4 0.6
v -2.4 1.4 0.7
v -2.5 1.4 0.6
v -3.7 1.4 0.6
v -3.7 1.4 0.7
v -2.5 1.4 0.7
v -2.5 1.3 0.5
v -2.5 1.3 0.6
v -2.5 0.1 0.5
v -2.6 0.1 0.5
v -2.6 0.1 0.6
v -2.5 0.1 0.6
v -2.7 0.1 0.5
v -2.7 0.1 0.7
v -2.6 0.1 0.7
v -2.8 0.1 0.5
v -2.9 0.1 0.5
v -2.9 0.1 0.9
v -2.8 0.1 0.9
v -3 0.1 0.5
v -3 0.1 1.1
v -2.9 0.1 1.1
v -3.1 0.1 0.5
v -3.1 0.1 1.2
v -3 0.1 1.2
v -3.2 0.1 0.5
v -3.2 0.1 1.3
v -3.1 0.1 1.3
v -3.3 0.1 0.5
v -3.3 0.1 1.4
v -3.2 0.1 1.4
v -3.4 0.1 0.5
v -3.4 0.1 1.5
v -3.3 0.1 1.5
v -3.5 0.1 0.5
v -3.5 0.1 1.6
v -3.4 0.1 1.6
v -3.6 0.1 0.5
v -3.6 0.1 1.7
v -3.5 0.1 1.7
v -3.6 1.3 0.5
v -3.7 1.3 0.5
v -3.7 1.3 0.6
v -3.6 1.3 0.6
v -3.7 0.1 0.5
v -3.9 0.1 0.5
v -3.9 0.1 0.7
v -3.7 0.1 0.7
v -2.3 1 0.4
v -2.3 1 0.5
v -2.7 0.1 0.4
v -2.8 0.1 0.4
v -2.8 0.1 0.8
v -2.7 0.1 0.8
v -2.8 1.2 0.4
v -2.8 1.2 0.5
v -2.7 1 0.4
v -2.9 1 0.4
v -2.9 1 0.5
v -2.7 1 0.5
v -2.5 0.4 0.4
v -3.1 0.4 0.4
v -3.1 0.4 0.5
v -2.5 0.4 0.5
v -3.1 1 0.4
v -3.2 1 0.4
v -3.2 1 0.5
v -3.1 1 0.5
v -3.2 0.7 0.4
v -3.3 0.7 0.4
v -3.3 0.7 0.5
v -3.2 0.7 0.5
v -3.3 0.2 0.4
v -3.4 0.2 0.4
v -3.4 0.2 0.5
v -3.3 0.2 0.5
v -3.4 0.4 0.4
v -3.4 0.4 0.5
v -3.3 0.8 0.4
v -3.4 0.8 0.4
v -3.4 0.8 0.5
v -3.3 0.8 0.5
v -3.5 0.7 0.4
v -3.6 0.7 0.4
v -3.6 0.7 0.5
v -3.5 0.7 0.5
v -2.9 1.2 0.4
v -3.7 1.2 0.4
v -3.7 1.2 0.5
v -2.9 1.2 0.5
v -3.9 0.1 0.4
v -4 0.1 0.4
v -4 0.1 0.6
v -3.9 0.1 0.6
v -2.4 0.4 0.3
v -2.5 0.4 0.3
v -2.4 0.4 0.5
v -2.3 0.1 0.3
v -2.6 0.1 0.3
v -2.6 0.1 0.4
v -2.3 0.1 0.4
v -2.6 0.4 0.3
v -2.7 0.4 0.3
v -2.7 0.4 0.4
v -2.6 0.4 0.4
v -2.3 1.1 0.3
v -2.7 1.1 0.3
v -2.7 1.1 0.4
v -2.3 1.1 0.4
v -2.9 0.4 0.3
v -3.1 0.4 0.3
v -2.9 0.4 0.4
v -2.8 1.1 0.3
v -3.1 1.1 0.3
v -3.1 1.1 0.4
v -2.8 1.1 0.4
v -2.7 0.1 0.3
v -3.6 0.1 0.3
v -3.6 0.1 0.4
v -3.7 0.1 0.3
v -3.6 0.1 0.8
v -3.2 1.1 0.3
v -3.7 1.1 0.3
v -3.7 1.1 0.4
v -3.2 1.1 0.4
v -2.2 0.1 0.2
v -2.6 0.1 0.2
v -2.2 0.1 0.3
v -3.1 0.1 0.2
v -3.7 0.1 0.2
v -3.1 0.1 0.3
v -3.8 0.1 0.2
v -3.8 0.1 0.4
v -3.7 0.1 0.4
v -3.9 0.1 0.2
v -4 0.1 0.2
v -4 0.1 0.3
v -3.9 0.1 0.3
v -2.6 0.1 0.1
v -2.7 0.1 0.1
v -2.7 0.1 0.2
v -3.8 0.1 0.1
v -3.9 0.1 0.1
v -3.8 0.1 0.5
v -2.3 0.1 0
v -2.3 0.1 0.1
v -2.6 0.1 0
v -2.3 0.1 0.2
v -2.7 0.1 0
v -3.1 0.1 0
v -3.2 0.1 0
v -3.2 0.1 0.1
v -3.1 0.1 0.1
v -3.6 0.1 0
v -3.6 0.1 0.2
v -3.2 0.1 0.2
v -3.8 0.1 0
v -3.6 0.1 0.1
v -3.5 0.1 -0.2
v -3.6 0.1 -0.2
v -3.6 0.1 -0.1
v -3.5 0.1 -0.1
v -3.5 0.3 -0.2
v -3.6 0.3 -0.2
v -3.6 0.3 -0.1
v -3.5 0.3 -0.1
v -3.3 0.2 -0.3
v -3.4 0.2 -0.3
v -3.4 0.2 -0.2
v -3.3 0.2 -0.2
v -3.3 0.4 -0.3
v -3.4 0.4 -0.3
v -3.4 0.4 -0.2
v -3.3 0.4 -0.2
v -3.4 0.5 -0.3
v -3.5 0.5 -0.3
v -3.5 0.5 -0.2
v -3.4 0.5 -0.2
v -3.5 0.4 -0.3
v -3.6 0.4 -0.3
v -3.6 0.4 -0.2
v -3.5 0.4 -0.2
v -3.6 0.2 -0.3
v -3.7 0.2 -0.3
v -3.7 0.2 -0.2
v -3.6 0.2 -0.2
v -3.6 0.5 -0.3
v -3.7 0.5 -0.3
v -3.7 0.5 -0.2
v -3.6 0.5 -0.2
v -3.2 0.1 -0.4
v -3.3 0.1 -0.4
v -3.3 0.1 -0.3
v -3.2 0.1 -0.3
v -3.2 0.3 -0.4
v -3.3 0.3 -0.4
v -3.3 0.3 -0.3
v -3.2 0.3 -0.3
v -3.3 0.5 -0.4
v -3.4 0.5 -0.4
v -3.3 0.5 -0.3
v -3.4 0.6 -0.4
v -3.5 0.6 -0.4
v -3.5 0.6 -0.3
v -3.4 0.6 -0.3
v -3.5 0.5 -0.4
v -3.6 0.5 -0.4
v -3.7 0.5 -0.4
v -3.7 0.1 -0.4
v -3.8 0.1 -0.4
v -3.8 0.1 -0.3
v -3.7 0.1 -0.3
v -3.1 0.2 -0.5
v -3.2 0.2 -0.5
v -3.2 0.2 -0.4
v -3.1 0.2 -0.4
v -3.2 0.4 -0.5
v -3.3 0.4 -0.5
v -3.3 0.4 -0.4
v -3.2 0.4 -0.4
v -3.3 0.5 -0.5
v -3.4 0.5 -0.5
v -3.4 0.6 -0.5
v -3.5 0.6 -0.5
v -3.6 0.6 -0.5
v -3.6 0.6 -0.4
v -3.6 0.5 -0.5
v -3.7 0.5 -0.5
v -3.8 0.3 -0.5
v -3.9 0.3 -0.5
v -3.9 0.3 -0.4
v -3.8 0.3 -0.4
v -3.1 0.3 -0.6
v -3.2 0.3 -0.6
v -3.2 0.3 -0.5
v -3.1 0.3 -0.5
v -3.2 0.5 -0.6
v -3.3 0.5 -0.6
v -3.2 0.5 -0.5
v -3.3 0.6 -0.6
v -3.5 0.6 -0.6
v -3.3 0.6 -0.5
v -3.5 0.7 -0.6
v -3.6 0.7 -0.6
v -3.6 0.7 -0.5
v -3.5 0.7 -0.5
v -3.6 0.6 -0.6
v -3.7 0.6 -0.6
v -3.7 0.6 -0.5
v -3.7 0.4 -0.6
v -3.8 0.4 -0.6
v -3.8 0.4 -0.3
v -3.7 0.4 -0.3
v -3.8 0.1 -0.6
v -3.9 0.1 -0.6
v -3.9 0.1 -0.5
v -3.8 0.1 -0.5
v -3.2 0.2 -0.7
v -3.3 0.2 -0.7
v -3.3 0.2 -0.6
v -3.2 0.2 -0.6
v -3.2 0.4 -0.7
v -3.3 0.4 -0.7
v -3.3 0.4 -0.6
v -3.2 0.4 -0.6
v -3.3 0.5 -0.7
v -3.4 0.5 -0.7
v -3.4 0.5 -0.6
v -3.4 0.6 -0.7
v -3.5 0.6 -0.7
v -3.4 0.6 -0.6
v -3.7 0.1 -0.7
v -3.8 0.1 -0.7
v -3.7 0.1 -0.6
v -3.7 0.3 -0.7
v -3.8 0.3 -0.7
v -3.8 0.3 -0.6
v -3.7 0.3 -0.6
v -3.5 0.5 -0.7
v -3.8 0.5 -0.7
v -3.8 0.5 -0.6
v -3.5 0.5 -0.6
v -3.3 0.1 -0.8
v -3.4 0.1 -0.8
v -3.4 0.1 -0.7
v -3.3 0.1 -0.7
v -3.4 0.5 -0.8
v -3.5 0.5 -0.8
v -3.6 0.4 -0.8
v -3.7 0.4 -0.8
v -3.7 0.4 -0.7
v -3.6 0.4 -0.7
v -3.7 0.1 -0.8
v -3.8 0.1 -0.8
v -3.4 0.3 -0.9
v -3.5 0.3 -0.9
v -3.5 0.3 -0.8
v -3.4 0.3 -0.8
v -3.5 0.4 -0.9
v -3.6 0.4 -0.9
v -3.5 0.4 -0.7
v -2.4 1 -1.2
v -2.5 1 -1.2
v -2.5 1 -1.1
v -2.4 1 -1.1
v -2.4 1.4 -1.2
v -2.5 1.4 -1.2
v -2.5 1.4 -1.1
v -2.4 1.4 -1.1
v -2.5 1.1 -1.2
v -2.6 1.1 -1.2
v -2.6 1.1 -1.1
v -2.5 1.1 -1.1
v -2.6 1 -1.2
v -2.7 1 -1.2
v -2.7 1 -1.1
v -2.6 1 -1.1
v -2.6 1.4 -1.2
v -2.7 1.4 -1.2
v -2.7 1.4 -1.1
v -2.6 1.4 -1.1
v -2.2 1.5 -1.3
v -2.4 1.5 -1.3
v -2.4 1.5 -1.2
v -2.2 1.5 -1.2
v -2.5 1.5 -1.3
v -2.6 1.5 -1.3
v -2.6 1.5 -1.1
v -2.5 1.5 -1.1
v -2.6 1.6 -1.3
v -2.7 1.6 -1.3
v -2.7 1.6 -1.2
v -2.6 1.6 -1.2
v -2.7 1.1 -1.3
v -2.8 1.1 -1.3
v -2.8 1.1 -1.2
v -2.7 1.1 -1.2
v -2.7 1.3 -1.3
v -2.8 1.3 -1.3
v -2.8 1.3 -1.2
v -2.7 1.3 -1.2
v -2.2 1.6 -1.4
v -2.3 1.6 -1.4
v -2.3 1.6 -1.3
v -2.2 1.6 -1.3
v -2.4 1.6 -1.4
v -2.4 1.6 -1.3
v -2.3 0.1 -1.4
v -2.5 0.1 -1.4
v -2.5 0.1 -1.3
v -2.3 0.1 -1.3
v -2.5 1.6 -1.4
v -2.5 1.6 -1.2
v -2.4 1.6 -1.2
v -2.6 1.6 -1.4
v -2.5 1.6 -1.3
v -2.6 1.7 -1.4
v -2.8 1.7 -1.4
v -2.8 1.7 -1.3
v -2.6 1.7 -1.3
v -2.8 1 -1.4
v -2.9 1 -1.4
v -2.9 1 -1.3
v -2.8 1 -1.3
v -2.8 1.2 -1.4
v -2.9 1.2 -1.4
v -2.9 1.2 -1.3
v -2.8 1.2 -1.3
v -2.4 0.1 -1.5
v -2.5 0.1 -1.5
v -2.4 0.1 -1.4
v -2.6 0.1 -1.5
v -2.6 0.1 -1.4
v -2.4 1.7 -1.5
v -2.6 1.7 -1.5
v -2.4 1.7 -1.4
v -2.7 1.7 -1.5
v -2.7 1.7 -1.4
v -2.7 1.6 -1.5
v -2.8 1.6 -1.5
v -2.8 1.6 -1.4
v -2.7 1.6 -1.4
v -2.8 1.5 -1.5
v -2.9 1.5 -1.5
v -2.9 1.5 -1.4
v -2.8 1.5 -1.4
v -2.2 1.6 -1.6
v -2.3 1.6 -1.6
v -2.2 0.1 -1.6
v -2.4 0.1 -1.6
v -2.2 0.1 -1.5
v -2.3 1.7 -1.6
v -2.4 1.7 -1.6
v -2.3 1.7 -1.4
v -2.5 1.7 -1.6
v -2.5 1.7 -1.5
v -2.5 1.8 -1.6
v -2.6 1.8 -1.6
v -2.6 1.8 -1.5
v -2.5 1.8 -1.5
v -2.6 0.1 -1.6
v -2.7 0.1 -1.6
v -2.7 0.1 -1.5
v -2.6 1.7 -1.6
v -2.8 1.7 -1.6
v -2.8 1.7 -1.5
v -2.8 1.5 -1.6
v -2.9 1.5 -1.6
v -2.9 1.2 -1.6
v -3 1.2 -1.6
v -3 1.2 -1.5
v -2.9 1.2 -1.5
v -2.2 0.1 -1.7
v -2.3 0.1 -1.7
v -2.3 0.1 -1.6
v -2.4 0.1 -1.7
v -2.3 1.8 -1.7
v -2.5 1.8 -1.7
v -2.3 1.8 -1.6
v -2.5 1.7 -1.7
v -2.6 1.7 -1.7
v -2.6 0.1 -1.7
v -2.7 0.1 -1.7
v -2.7 1.6 -1.7
v -2.8 1.6 -1.7
v -2.8 1.6 -1.6
v -2.7 1.6 -1.6
v -2.9 1.4 -1.7
v -3 1.4 -1.7
v -3 1.4 -1.6
v -2.9 1.4 -1.6
v -2.4 0.1 -1.8
v -2.5 0.1 -1.8
v -2.5 0.1 -1.7
v -2.4 1.8 -1.8
v -2.5 1.8 -1.8
v -2.4 1.8 -1.7
v -2.5 1.7 -1.8
v -2.6 1.7 -1.8
v -2.6 1.8 -1.8
v -2.7 1.8 -1.8
v -2.7 1.8 -1.6
v -2.7 1.7 -1.8
v -2.8 1.7 -1.8
v -2.8 1.7 -1.7
v -2.7 1.7 -1.7
v -2.8 1.5 -1.8
v -2.9 1.5 -1.8
v -2.5 0.1 -1.9
v -2.6 0.1 -1.9
v -2.5 1.6 -1.9
v -2.6 1.6 -1.9
v -2.6 1.6 -1.8
v -2.5 1.6 -1.8
v -2.6 1.7 -1.9
v -2.7 1.7 -1.9
v -2.7 1.6 -1.9
v -2.8 1.6 -1.9
v -2.8 1.6 -1.8
v -2.7 1.6 -1.8
v -2.4 0 3.9
v -2.4 0 4
v -2.6 0 4
v -2.6 0 3.9
v -2.2 0 4
v -2.4 0 3.7
v -2.3 0 3.7
v -2.3 0 3.6
v -2.3 1.2 3.7
v -2.3 1.3 3.6
v -2.3 1.3 3.7
v -2.4 1.3 3.7
v -2.4 1.3 3.6
v -2.3 0.5 3.6
v -2.3 0.5 3.5
v -2.3 0.9 3.6
v -2.3 0.9 3.5
v -3.6 1 1.9
v -3.6 1 2
v -3.7 1 2
v -3.7 1 1.9
v -3.8 0 1.9
v -3.8 0 2.1
v -3.9 0 2.1
v -3.9 0 1.9
v -3.5 0 1.8
v -3.5 0 1.9
v -3.6 0 1.9
v -3.6 0 1.8
v -3.6 1.1 1.8
v -3.6 1.1 1.9
v -3.7 1.1 1.9
v -3.7 1.1 1.8
v -3.4 0.7 1.7
v -3.4 0.7 1.8
v -3.6 0.7 1.8
v -3.6 0.7 1.7
v -3.4 0.9 1.7
v -3.4 0.9 1.8
v -3.6 0.9 1.8
v -3.6 0.9 1.7
v -3.7 1.2 1.8
v -3.7 1.2 1.7
v -3.2 1.4 1.6
v -3.2 1.4 1.7
v -3.3 1.4 1.7
v -3.3 1.4 1.6
v -3.3 1.3 1.6
v -3.3 1.3 1.7
v -3.4 1.3 1.7
v -3.4 1.3 1.6
v -3.4 1.3 1.8
v -3.6 1.3 1.8
v -3.6 1.3 1.6
v -3.6 0 1.6
v -3.7 0 1.9
v -3.7 0 1.6
v -3.6 1.3 1.7
v -3.7 1.3 1.7
v -3.7 1.3 1.6
v -3.8 0 1.6
v -3.8 0 1.8
v -3.9 0 1.8
v -3.9 0 1.6
v -3.5 1.5 1.5
v -3.5 1.5 1.6
v -3.6 1.5 1.5
v -3.6 1.4 1.5
v -3.7 1.4 1.5
v -3.9 0 1.5
v -3.9 0 2.2
v -4 0 2.2
v -4 0 1.5
v -3 1.6 1.4
v -3 1.6 1.5
v -3.1 1.6 1.4
v -3.1 1.5 1.4
v -3.1 1.5 1.6
v -3.5 1.5 1.4
v -3.6 1.5 1.4
v -3.7 1.5 1.5
v -3.7 1.5 1.4
v -3.6 1.6 1.3
v -3.6 1.6 1.4
v -3.7 1.6 1.4
v -3.7 1.6 1.3
v -2.3 1.8 1.2
v -2.3 1.8 1.3
v -2.4 1.8 1.3
v -2.4 1.8 1.2
v -2.8 1.8 1.2
v -2.8 1.8 1.3
v -2.9 1.8 1.2
v -3.1 1.8 1.2
v -3.2 1.8 1.2
v -3.9 0 1.2
v -3.9 0 1.4
v -4 0 1.4
v -4 0 1.2
v -2.4 1.8 1.1
v -2.5 1.8 1.2
v -2.7 1.8 1.2
v -2.8 1.8 1.1
v -3.6 1.7 1.1
v -3.6 1.7 1.3
v -3.7 1.7 1.3
v -3.7 1.7 1.1
v -3.7 0 1.1
v -3.7 0 2
v -3.8 0 2
v -3.8 0 1.1
v -3.8 0 1.4
v -3.9 0 1.1
v -2.3 1.7 1.3
v -2.3 1.7 1
v -2.3 1.7 1.2
v -2.4 1.7 1.2
v -2.4 1.7 1.1
v -2.5 1.7 1.1
v -2.5 1.7 1
v -2.7 1.7 1
v -2.7 1.7 1.1
v -2.8 1.7 1.1
v -2.8 1.7 1
v -2.8 1.7 1.2
v -2.9 1.7 1.2
v -2.9 1.7 1.4
v -3.1 1.7 1.4
v -3.1 1.7 1
v -3.1 1.7 1.2
v -3.2 1.7 1.2
v -3.2 1.7 1
v -3.2 1.7 1.4
v -3.6 1.7 1
v -3.6 1.6 1
v -3.6 1.6 1.1
v -3.7 1.6 1.1
v -3.7 1.6 1
v -3.6 0 0.9
v -3.6 0 1.5
v -3.7 0 1.5
v -3.7 0 0.9
v -2.8 1.5 0.9
v -2.8 1.5 1
v -3.7 1.5 1
v -3.7 1.5 0.9
v -2.2 1.5 1
v -2.4 1.5 1
v -2.4 1.5 0.8
v -2.4 1.5 0.9
v -2.6 1.5 0.9
v -2.6 1.5 0.8
v -2.6 1.5 1
v -2.8 1.5 0.8
v -2.9 1.5 0.8
v -2.9 1.5 0.9
v -3.2 1.5 0.9
v -3.2 1.5 0.8
v -3.3 1.5 0.8
v -3.3 1.5 0.9
v -3.6 1.5 0.9
v -3.6 1.5 0.8
v -3.6 1.4 0.8
v -3.6 1.4 0.9
v -3.7 1.4 0.9
v -3.7 1.4 0.8
v -3.7 0 0.8
v -3.7 0 1
v -3.9 0 1
v -3.9 0 0.8
v -4 0 1.1
v -4 0 0.8
v -2.4 1.3 0.7
v -2.4 1.3 0.8
v -3.7 1.3 0.8
v -3.7 1.3 0.7
v -2.4 1.3 0.6
v -2.5 1.3 0.7
v -3.6 1.3 0.7
v -3.6 1.2 0.6
v -3.6 1.2 0.7
v -3.7 1.2 0.7
v -3.7 1.2 0.6
v -2.3 1.1 0.5
v -2.3 1.1 0.6
v -2.5 1.1 0.6
v -2.5 1.1 0.5
v -3.6 1.1 0.5
v -3.6 1.1 0.6
v -3.7 1.1 0.6
v -3.7 1.1 0.5
v -3.7 0 0.5
v -3.7 0 0.7
v -3.9 0 0.7
v -3.9 0 0.5
v -2.3 0.8 0.5
v -2.3 0.8 0.4
v -2.3 0.5 0.4
v -2.3 0.5 0.5
v -2.4 0.5 0.5
v -2.4 0.5 0.4
v -2.4 0 0.4
v -2.4 0 0.5
v -2.5 0 0.5
v -2.5 0 0.4
v -2.5 0 0.6
v -2.6 0 0.6
v -2.6 0 0.4
v -2.6 0 0.7
v -2.7 0 0.7
v -2.7 0 0.4
v -2.7 0 0.8
v -2.8 0 0.8
v -2.8 0 0.4
v -2.7 0.2 0.4
v -2.7 0.2 0.5
v -2.8 0.2 0.5
v -2.8 0.2 0.4
v -2.7 1.1 0.5
v -2.8 1.1 0.5
v -2.8 0 0.9
v -2.9 0 0.9
v -2.9 0 0.4
v -2.9 0 1.1
v -3 0 1.1
v -3 0 0.4
v -3 0 1.2
v -3.1 0 1.2
v -3.1 0 0.4
v -2.4 0.9 0.4
v -2.4 0.9 0.5
v -3.1 0.9 0.5
v -3.1 0.9 0.4
v -3.1 0 1.3
v -3.2 0 1.3
v -3.2 0 0.4
v -3.1 0.5 0.4
v -3.1 0.5 0.5
v -3.2 0.5 0.5
v -3.2 0.5 0.4
v -3.1 1.1 0.5
v -3.2 1.1 0.5
v -3.2 0 1.4
v -3.3 0 1.4
v -3.3 0 0.4
v -3.2 0.8 0.4
v -3.2 0.8 0.5
v -3.3 0 1.5
v -3.4 0 1.5
v -3.4 0 0.4
v -3.3 0.3 0.4
v -3.3 0.3 0.5
v -3.4 0.3 0.5
v -3.4 0.3 0.4
v -3.4 0.5 0.5
v -3.4 0.5 0.4
v -3.3 0.9 0.4
v -3.3 0.9 0.5
v -3.4 0.9 0.5
v -3.4 0.9 0.4
v -3.4 0 1.6
v -3.5 0 1.6
v -3.5 0 0.4
v -3.5 0 1.7
v -3.6 0 1.7
v -3.6 0 0.4
v -3.5 0.8 0.4
v -3.5 0.8 0.5
v -3.6 0.8 0.5
v -3.6 0.8 0.4
v -3.9 0 0.4
v -3.9 0 0.6
v -4 0 0.6
v -4 0 0.4
v -2.4 0.3 0.3
v -2.4 0.3 0.4
v -2.5 0.3 0.4
v -2.5 0.3 0.3
v -2.3 0 0.3
v -2.3 0 0.4
v -2.6 0 0.3
v -2.6 0.3 0.3
v -2.6 0.3 0.4
v -2.7 0.3 0.4
v -2.7 0.3 0.3
v -2.3 1 0.3
v -2.7 1 0.3
v -2.9 0.3 0.3
v -2.9 0.3 0.4
v -3.1 0.3 0.4
v -3.1 0.3 0.3
v -2.8 1 0.3
v -2.8 1 0.4
v -3.1 1 0.3
v -2.7 0 0.3
v -3.6 0 0.3
v -3.2 1 0.3
v -3.6 1 0.4
v -3.6 1 0.3
v -3.6 0 0.8
v -3.7 0 0.3
v -3.6 1 0.5
v -3.7 1 0.5
v -3.7 1 0.3
v -2.2 0 0.2
v -2.2 0 0.3
v -2.6 0 0.2
v -3.1 0 0.2
v -3.1 0 0.3
v -3.7 0 0.2
v -3.7 0 0.4
v -3.8 0 0.4
v -3.8 0 0.2
v -3.9 0 0.2
v -3.9 0 0.3
v -4 0 0.3
v -4 0 0.2
v -2.6 0 0.1
v -2.7 0 0.2
v -2.7 0 0.1
v -3.8 0 0.1
v -3.8 0 0.5
v -3.9 0 0.1
v -2.3 0 0.1
v -2.3 0 0
v -2.3 0 0.2
v -2.6 0 0
v -2.7 0 0
v -3.1 0 0
v -3.1 0 0.1
v -3.2 0 0.1
v -3.2 0 0
v -3.2 0 0.2
v -3.6 0 0.2
v -3.6 0 0
v -3.6 0 0.1
v -3.8 0 0
v -3.5 0.2 -0.2
v -3.5 0.2 -0.1
v -3.6 0.2 -0.1
v -3.3 0.1 -0.2
v -3.4 0.1 -0.2
v -3.4 0.1 -0.3
v -3.3 0.3 -0.2
v -3.4 0.3 -0.2
v -3.4 0.3 -0.3
v -3.6 0.1 -0.3
v -3.7 0.1 -0.2
v -3.6 0.3 -0.3
v -3.7 0.3 -0.2
v -3.7 0.3 -0.3
v -3.2 0.2 -0.3
v -3.3 0.2 -0.4
v -3.7 0.3 -0.4
v -3.8 0.3 -0.3
v -3.1 0.1 -0.5
v -3.1 0.1 -0.4
v -3.2 0.1 -0.5
v -3.9 0.1 -0.4
v -3.1 0 -0.6
v -3.1 0 -0.5
v -3.2 0 -0.5
v -3.2 0 -0.6
v -3.7 0 -0.6
v -3.7 0 -0.3
v -3.8 0 -0.3
v -3.8 0 -0.6
v -3.8 0 -0.5
v -3.9 0 -0.5
v -3.9 0 -0.6
v -3.2 0.3 -0.7
v -3.3 0.3 -0.6
v -3.3 0.3 -0.7
v -3.2 0 -0.7
v -3.2 0 -0.3
v -3.4 0 -0.3
v -3.4 0 -0.7
v -3.4 0 -0.2
v -3.5 0 -0.2
v -3.5 0 -0.7
v -3.6 0 -0.7
v -3.6 0 -0.3
v -3.7 0 -0.7
v -3.8 0 -0.7
v -3.7 0.2 -0.7
v -3.7 0.2 -0.6
v -3.8 0.2 -0.6
v -3.8 0.2 -0.7
v -3.8 0.4 -0.7
v -3.3 0 -0.8
v -3.3 0 -0.7
v -3.4 0 -0.8
v -3.5 0 -0.8
v -3.5 0 -0.1
v -3.6 0 -0.1
v -3.6 0 -0.8
v -3.6 0.3 -0.8
v -3.6 0.3 -0.7
v -3.7 0.3 -0.8
v -3.7 0 -0.8
v -3.8 0 -0.8
v -3.4 0.1 -0.9
v -3.5 0.1 -0.8
v -3.5 0.1 -0.9
v -3.6 0.3 -0.9
v -2.4 1.1 -1.2
v -2.4 1.1 -1.1
v -2.6 0.9 -1.2
v -2.6 0.9 -1.1
v -2.7 0.9 -1.1
v -2.7 0.9 -1.2
v -2.5 1.3 -1.2
v -2.5 1.3 -1.1
v -2.7 1.3 -1.1
v -2.2 1.4 -1.2
v -2.3 1.4 -1.2
v -2.3 1.4 -1.3
v -2.3 0.9 -1.3
v -2.3 0.9 -1.2
v -2.4 0.9 -1.2
v -2.4 0.9 -1.3
v -2.4 0.9 -1.1
v -2.5 0.9 -1.1
v -2.5 0.9 -1.3
v -2.5 0.8 -1.3
v -2.5 0.8 -1.2
v -2.6 0.8 -1.2
v -2.6 0.8 -1.3
v -2.6 0.9 -1.3
v -2.7 0.9 -1.3
v -2.7 1 -1.3
v -2.8 1 -1.2
v -2.7 1.2 -1.3
v -2.7 1.2 -1.2
v -2.8 1.2 -1.2
v -2.3 0.8 -1.4
v -2.3 0.8 -1.3
v -2.4 0.8 -1.3
v -2.4 0.8 -1.4
v -2.3 0 -1.4
v -2.3 0 -1.3
v -2.5 0 -1.3
v -2.5 0 -1.4
v -2.5 0.8 -1.4
v -2.6 0.8 -1.4
v -2.8 0.8 -1.3
v -2.8 0.8 -1.4
v -2.8 0.9 -1.4
v -2.8 0.9 -1.3
v -2.9 0.9 -1.3
v -2.9 0.9 -1.4
v -2.8 1.1 -1.4
v -2.9 1.1 -1.3
v -2.9 1.1 -1.4
v -2.2 0.8 -1.3
v -2.3 0.8 -1.5
v -2.3 0.7 -1.5
v -2.3 0.7 -1.4
v -2.4 0.7 -1.4
v -2.4 0.7 -1.5
v -2.4 0 -1.5
v -2.4 0 -1.4
v -2.5 0 -1.5
v -2.4 0.7 -1.3
v -2.5 0.7 -1.3
v -2.5 0.7 -1.5
v -2.5 0.7 -1.4
v -2.6 0.7 -1.4
v -2.6 0.7 -1.5
v -2.7 0.7 -1.4
v -2.7 0.7 -1.5
v -2.7 0.8 -1.5
v -2.7 0.8 -1.4
v -2.9 0.8 -1.4
v -2.9 0.8 -1.5
v -2.2 0.7 -1.6
v -2.2 0.7 -1.5
v -2.3 0.7 -1.6
v -2.4 0.7 -1.6
v -2.2 0 -1.6
v -2.2 0 -1.5
v -2.5 0 -1.6
v -2.6 0 -1.6
v -2.6 0 -1.5
v -2.7 0 -1.5
v -2.7 0 -1.6
v -2.6 0.7 -1.6
v -2.8 0.7 -1.5
v -2.8 0.7 -1.6
v -2.9 1.1 -1.6
v -2.9 1.1 -1.5
v -3 1.1 -1.5
v -3 1.1 -1.6
v -2.2 0 -1.7
v -2.3 0 -1.6
v -2.3 0 -1.7
v -2.3 0.7 -1.7
v -2.4 0.7 -1.7
v -2.5 0 -1.7
v -2.6 0 -1.7
v -2.7 0 -1.7
v -2.6 0.7 -1.7
v -2.7 0.7 -1.6
v -2.7 0.7 -1.7
v -2.7 0.8 -1.7
v -2.7 0.8 -1.6
v -2.8 0.8 -1.6
v -2.8 0.8 -1.7
v -2.8 0.9 -1.7
v -2.8 0.9 -1.5
v -2.9 0.9 -1.5
v -2.9 0.9 -1.7
v -2.9 1.2 -1.7
v -3 1.2 -1.7
v -2.4 0 -1.8
v -2.4 0 -1.7
v -2.5 0 -1.8
v -2.4 0.8 -1.8
v -2.4 0.8 -1.7
v -2.5 0.8 -1.7
v -2.5 0.8 -1.8
v -2.5 0.7 -1.8
v -2.5 0.7 -1.7
v -2.8 0.7 -1.7
v -2.8 0.7 -1.8
v -2.8 0.8 -1.8
v -2.9 0.8 -1.7
v -2.9 0.8 -1.8
v -2.5 0 -1.9
v -2.6 0 -1.4
v -2.6 0 -1.9
v -2.5 1.2 -1.9
v -2.5 1.2 -1.8
v -2.6 1.2 -1.8
v -2.6 1.2 -1.9
v -2.6 0.7 -1.9
v -2.6 0.7 -1.8
v -2.7 0.7 -1.8
v -2.7 0.7 -1.9
v -2.7 0.8 -1.9
v -2.7 0.8 -1.8
v -2.8 0.8 -1.9
v -3.6 0.1 -0.7
v -3.6 0.1 -0.8
v -3.7 0.2 -0.4
v -3.6 0.2 -0.7
v -3.6 0.2 -0.8
v -2.6 0.2 -1.6
v -2.6 0.2 -1.7
v -3.8 0.4 -0.5
v -3.7 0.4 -0.4
v -3.7 0.5 -0.6
v -3.5 0.4 -0.8
v -2.6 0.5 -1.6
v -2.6 0.5 -1.7
v -2.6 0.6 -1.5
v -2.6 0.6 -1.6
v -2.6 0.6 -1.7
v -2.8 0.9 -1.6
v -2.9 0.9 -1.8
v -2.3 1 3.6
v -2.3 1 3.5
v -3.6 1 1.8
v -3.6 0.1 1.8
v -3.6 1 1.7
v -2.5 0.9 -1.2
v -2.9 1 -1.5
v -2.9 1 -1.7
v -2.9 1 -1.8
v -2.3 1.1 3.6
v -2.3 1.1 3.5
v -3.6 1.1 1.7
v -3.7 1 0.4
v -2.9 1 -1.6
v -2.8 1.1 -1.8
v -2.8 1.1 -1.9
v -2.9 1.2 -1.8
v -2.8 1.2 -1.8
v -2.8 1.2 -1.9
v -2.8 1.3 -1.4
v -2.9 1.3 -1.5
v -2.9 1.3 -1.6
v -2.9 1.3 -1.7
v -2.9 1.3 -1.8
v -2.7 1.4 -1.3
v -2.9 1.4 -1.5
v -2.9 1.4 -1.8
v -2.6 1.5 -1.2
v -2.8 1.5 -1.3
v -2.5 1.5 -1.2
v -2.8 1.6 -1.3
v -2.8 1.5 -1.7
v -2.9 1.6 0.9
v -3.7 1.8 1.1
v -2.7 1.8 -1.7
v -2.4 0.1 0.5
v -2.4 0.1 0.4
v -3.2 0.1 -0.6
v -3.2 0.1 -0.7
v -3.1 0.2 -0.6
v -3.4 0.2 -0.7
v -3.4 0.2 -0.9
v -2.4 0.3 0.5
v -3.4 0.3 -0.7
v -3.4 0.2 -0.8
v -2.4 0.3 -1.5
v -2.4 0.3 -1.6
v -3.4 0.4 -0.7
v -3.4 0.4 -0.8
v -2.6 0.8 -1.8
v -2.6 0.8 -1.9
v -2.2 0.9 -1.3
v -2.2 0.9 -1.4
v -2.6 0.9 -1.8
v -2.6 0.9 -1.9
v -3.5 1 1.9
v -3.5 1 1.8
v -3.5 1.1 1.9
v -3.5 1.1 1.8
v -2.9 1.1 0.5
v -2.9 1.1 0.4
v -2.2 1.2 -1.3
v -2.3 1.3 -1.2
v -2.3 1.3 -1.3
v -2.5 1.5 -1.8
v -2.5 1.5 -1.9
v -2.2 1.5 0.9
v -2.2 1.6 -1.5
v -2.4 1.6 -1.7
v -2.4 1.6 -1.8
v -2.4 1.7 -1.7
v -2.4 1.7 -1.8
v -2.3 0.9 0.4
v -2.4 1 0.4
v -2.4 1.6 0.9
v -2.5 0.2 -1.7
v -2.4 0.2 -1.7
v -2.5 1.2 0.5
v -2.4 1.2 -1.8
v -2.5 0.5 -1.7
v -2.5 0.6 -1.7
v -2.6 1.5 -1.9
v -2.7 0.9 -1.9
v -2.7 1.1 -1.9
v -2.7 1.2 -1.9
v -2.6 1.1 -1.9
v -2.8 0.9 -1.9
v -2.8 1.5 -1.9
v -2.7 1.7 -1.6
v -2.8 0.8 -1.5
v -2.8 0.9 -1.8
v -2.8 1 -1.8
v -2.8 1.3 -1.8
v -2.8 1.4 -1.8
v -2.6 1.6 0.9
v -3.2 0.9 0.4
v -3.5 0.1 0.4
v -3.5 0.2 0.4
v -3.5 0.3 0.4
v -3.5 0.4 0.4
v -3.5 0.5 0.4
v -3.5 0.9 0.4
v -3.5 1 0.4
v -3.5 1 1.7
v -3.5 1.2 1.7
v -3.4 1 1.7
v -3.5 1.6 1.4
v -3.5 0.2 -0.8
v -3.5 0.7 1.8
v -3.5 0.9 1.8
v -3.5 0.8 1.8
v -3.5 1.1 1.7
v -3.5 1.2 1.8
v -3.6 1.6 1.5
v -3.5 1.6 1.5
v -3.6 1.2 0.5
v -2.3 1 -1.3
v -2.3 1.2 -1.3
v -2.3 1.5 -1.3
v -2.3 1.9 1.3
v -2.3 0.9 0.5
v -2.4 1 0.5
v -2.4 1.3 -1.2
v -2.5 0.3 -1.5
v -2.5 0.6 -1.5
v -2.4 0.6 -1.5
v -2.6 0.3 -1.5
v -2.7 0.3 0.5
v -2.7 1.5 -1.3
v -2.6 1.6 1
v -3.1 0.3 0.5
v -3.2 0.9 0.5
v -3.5 0.2 0.5
v -3.5 0.3 0.5
v -3.5 0.4 0.5
v -3.5 0.5 0.5
v -3.5 0.9 0.5
v -3.5 1 0.5
v -3.6 1.3 1.9
v -3.7 0.4 -0.2
v -3.7 1.5 1.6
v -3.8 0.2 -0.4
v -3.9 0.2 -0.4
v 3.6 0.6 -2.3
v 3.5 0.6 -2.3
v 3.5 0.6 -2.2
v 3.6 0.6 -2.2
v 1.7 0.3 -2.3
v 1.6 0.3 -2.3
v 1.5 0.3 -2.3
v 1.5 0.3 -2.2
v 1.6 0.9 -2.3
v 1.5 0.9 -2.3
v 1.5 0.9 -2.2
v 1.6 0.9 -2.2
v 1.5 0.2 -2.3
v 1.4 0.2 -2.3
v 1.4 0.2 -2.2
v 1.5 0.2 -2.2
v -0.8 1.2 -2.3
v -0.9 1.2 -2.3
v -1 1.6 -2.3
v -1.1 1.6 -2.3
v -1.1 0.1 -2.3
v -1.2 0.1 -2.3
v -1.1 0.1 -2.2
v -1.1 1.8 -2.3
v -1.3 1.8 -2.3
v -1.1 1.8 -2.2
v -1.3 1.7 -2.3
v -1.4 1.7 -2.3
v -1.4 1.7 -2.2
v -1.4 0.1 -2.3
v -1.6 0.1 -2.3
v -1.5 1.6 -2.3
v -1.7 1.6 -2.3
v -1.7 1.6 -2.2
v -1.7 1 -2.3
v -1.8 1 -2.3
v -1.8 1 -2.2
v -1.7 1 -2.2
v -1.7 1.4 -2.3
v -1.8 1.4 -2.3
v -1.8 1.4 -2.2
v 3.6 0.2 -2.4
v 3.5 0.2 -2.4
v 3.5 0.2 -2.3
v 3.6 0.2 -2.3
v 3.6 0.6 -2.4
v 3.5 0.6 -2.4
v 1.7 0.9 -2.4
v 1.6 0.9 -2.4
v 1.7 0.9 -2.2
v -0.8 1.1 -2.4
v -0.9 1.1 -2.4
v -0.9 1.1 -2.3
v -0.8 1.1 -2.3
v -0.8 1.4 -2.4
v -0.9 1.4 -2.4
v -0.9 1.4 -2.3
v -0.8 1.4 -2.3
v -1 1.6 -2.4
v -1.1 1.6 -2.4
v -1 0.1 -2.4
v -1.2 0.1 -2.4
v -1 0.1 -2.3
v -1.1 1.7 -2.4
v -1.2 1.7 -2.4
v -1.2 1.7 -2.3
v -1.1 1.7 -2.3
v -1.3 1.7 -2.4
v -1.3 1.8 -2.4
v -1.4 1.8 -2.4
v -1.4 1.8 -2.3
v -1.4 0.1 -2.4
v -1.5 0.1 -2.4
v -1.5 0.1 -2.3
v -1.4 1.7 -2.4
v -1.5 1.7 -2.4
v -1.5 1.6 -2.4
v -1.6 1.6 -2.4
v -1.6 1.6 -2.3
v -1.7 1.1 -2.4
v -1.8 1.1 -2.4
v -1.8 1.1 -2.3
v -1.7 1.1 -2.3
v -1.6 1.5 -2.4
v -1.8 1.5 -2.4
v -1.8 1.5 -2.3
v -1.6 1.5 -2.3
v 3.8 0.1 -2.5
v 3.6 0.1 -2.5
v 3.6 0.7 -2.5
v 3.5 0.7 -2.5
v 3.5 0.7 -2.4
v 3.6 0.7 -2.4
v 2.8 0.7 -2.5
v 2.8 0.7 -2.4
v 2.8 0.8 -2.5
v 1.9 0.8 -2.5
v 1.9 0.8 -2.4
v 2.8 0.8 -2.4
v 1.8 0.6 -2.5
v 1.7 0.6 -2.5
v 1.7 0.6 -2.4
v 1.8 0.6 -2.4
v 1.9 0.9 -2.5
v 1.7 0.9 -2.5
v 1.9 0.9 -2.4
v 1.6 0.6 -2.5
v 1.6 0.6 -2.4
v 1.6 0.9 -2.5
v -0.8 1.5 -2.5
v -0.9 1.5 -2.5
v -0.9 1.5 -2.4
v -0.8 1.5 -2.4
v -1 1.7 -2.5
v -1.1 1.7 -2.5
v -1 1.7 -2.4
v -1.2 0.1 -2.5
v -1.3 0.1 -2.5
v -1.3 0.1 -2.4
v -1.1 1.8 -2.5
v -1.3 1.8 -2.5
v -1.1 1.8 -2.4
v -1.4 0.1 -2.5
v -1.4 1.7 -2.5
v -1.5 1.7 -2.5
v -1.6 1.6 -2.5
v -1.7 1.6 -2.5
v -1.7 1.6 -2.4
v -1.7 1 -2.5
v -1.8 1 -2.5
v -1.8 1 -2.4
v -1.7 1 -2.4
v -1.7 1.4 -2.5
v -1.8 1.4 -2.5
v -1.8 1.4 -2.4
v -1.7 1.4 -2.4
v 3.2 0.4 -2.6
v 3 0.4 -2.6
v 3 0.4 -2.5
v 3.2 0.4 -2.5
v 3.2 0.7 -2.6
v 3 0.7 -2.6
v 3 0.7 -2.5
v 3.2 0.7 -2.5
v 1.7 0.9 -2.6
v 1.6 0.9 -2.6
v -0.9 0.9 -2.6
v -1 0.9 -2.6
v -1 0.9 -2.5
v -0.9 0.9 -2.5
v -0.9 1.1 -2.6
v -1 1.1 -2.6
v -1 1.1 -2.5
v -0.9 1.1 -2.5
v -0.9 1.5 -2.6
v -1 1.5 -2.6
v -1 1.6 -2.6
v -1.1 1.6 -2.6
v -1.1 1.6 -2.5
v -1 1.6 -2.5
v -1.1 1.7 -2.6
v -1.2 1.7 -2.6
v -1.2 1.7 -2.5
v -1.2 1.6 -2.6
v -1.3 1.6 -2.6
v -1.3 1.6 -2.5
v -1.2 1.6 -2.5
v -1.3 1.7 -2.6
v -1.4 1.7 -2.6
v -1.4 1.6 -2.6
v -1.5 1.6 -2.6
v -1.5 1.6 -2.5
v -1.4 1.6 -2.5
v -1.5 1.7 -2.6
v -1.6 1.7 -2.6
v -1.6 1.7 -2.4
v -1.6 1.1 -2.6
v -1.7 1.1 -2.6
v -1.7 1.1 -2.5
v -1.6 1.1 -2.5
v -1.6 1.3 -2.6
v -1.7 1.3 -2.6
v -1.7 1.3 -2.5
v -1.6 1.3 -2.5
v 4 0.1 -2.7
v 3.8 0.1 -2.7
v 4 0.1 -2.2
v 3.7 0.1 -2.7
v 3.7 0.1 -2.6
v 3.8 0.1 -2.6
v 3.2 0.1 -2.7
v 3.2 0.1 -2.5
v 3.7 0.1 -2.5
v 3.1 0.1 -2.7
v 3.1 0.1 -2.6
v 3.2 0.1 -2.6
v 3.1 0.2 -2.7
v 3 0.2 -2.7
v 3 0.2 -2.6
v 3.1 0.2 -2.6
v 1.7 0.2 -2.7
v 1.6 0.2 -2.7
v 1.6 0.2 -2.6
v 1.7 0.2 -2.6
v 1.7 0.5 -2.7
v 1.6 0.5 -2.7
v 1.6 0.5 -2.6
v 1.7 0.5 -2.6
v 1.7 0.8 -2.7
v 1.6 0.8 -2.7
v 1.6 0.8 -2.6
v 1.7 0.8 -2.6
v 1.5 0.1 -2.7
v 1.4 0.1 -2.7
v 1.4 0.1 -2.3
v 1.5 0.1 -2.3
v -1 1.3 -2.7
v -1.1 1.3 -2.7
v -1.1 1.3 -2.6
v -1 1.3 -2.6
v -1.1 1.5 -2.7
v -1.3 1.5 -2.7
v -1.3 1.5 -2.6
v -1.1 1.5 -2.6
v -1.4 1.5 -2.7
v -1.4 1.5 -2.6
v -1.5 1.5 -2.7
v -1.5 1.5 -2.6
v -1.5 1 -2.7
v -1.6 1 -2.7
v -1.6 1 -2.6
v -1.5 1 -2.6
v -1.5 1.2 -2.7
v -1.6 1.2 -2.7
v -1.6 1.2 -2.6
v -1.5 1.2 -2.6
v 3.9 0.1 -2.8
v 3.1 0.1 -2.8
v 3.9 0.1 -2.7
v 3.1 0.7 -2.8
v 3 0.7 -2.8
v 3.1 0.7 -2.6
v 0.8 0.2 -2.8
v 0.7 0.2 -2.8
v 0.7 0.2 -2.7
v 0.8 0.2 -2.7
v -1.1 1.2 -2.8
v -1.2 1.2 -2.8
v -1.2 1.2 -2.7
v -1.1 1.2 -2.7
v -1.2 1.4 -2.8
v -1.3 1.4 -2.8
v -1.3 1.4 -2.7
v -1.2 1.4 -2.7
v -1.3 1.2 -2.8
v -1.4 1.2 -2.8
v -1.4 1.2 -2.7
v -1.3 1.2 -2.7
v 4 0.1 -2.9
v 3.9 0.1 -2.9
v 3.8 0.1 -2.9
v 3.1 0.1 -2.9
v 3.8 0.1 -2.8
v 3.1 0.6 -2.9
v 3 0.6 -2.9
v 3 0.6 -2.8
v 3.1 0.6 -2.8
v 3.1 0.8 -2.9
v 3 0.8 -2.9
v 3 0.8 -2.8
v 3.1 0.8 -2.8
v 3.1 0.2 -3
v 3 0.2 -3
v 3 0.2 -2.9
v 3.1 0.2 -2.9
v 3.1 0.6 -3
v 3 0.6 -3
v 4 0.1 -3.1
v 3.9 0.1 -3.1
v 3.8 0.1 -3.1
v 3.8 0.1 -3
v 3.9 0.1 -3
v 3.6 0.1 -3.1
v 3.6 0.1 -2.9
v 3.1 0.4 -3.1
v 3 0.4 -3.1
v 3 0.4 -3
v 3.1 0.4 -3
v 3.1 0.8 -3.1
v 3 0.8 -3.1
v 1.7 0.1 -3.1
v 1.6 0.1 -3.1
v 1.6 0.1 -2.7
v 1.7 0.1 -2.7
v 1.7 0.9 -3.1
v 1.6 0.9 -3.1
v 1.6 0.9 -2.7
v 1.7 0.9 -2.7
v 1.5 0.1 -3.1
v 1.4 0.1 -3.1
v 1.4 0.1 -2.8
v 1.5 0.1 -2.8
v 1 0.3 -3.1
v 0.9 0.3 -3.1
v 0.9 0.3 -3
v 1 0.3 -3
v 0.9 0.6 -3.1
v 0.8 0.6 -3.1
v 0.8 0.6 -3
v 0.9 0.6 -3
v 0.8 0.7 -3.1
v 0.7 0.7 -3.1
v 0.7 0.7 -2.8
v 0.8 0.7 -2.8
v 0.7 0.6 -3.1
v 0.6 0.6 -3.1
v 0.6 0.6 -3
v 0.7 0.6 -3
v 0.6 0.3 -3.1
v 0.5 0.3 -3.1
v 0.5 0.3 -3
v 0.6 0.3 -3
v 3.7 0.1 -3.2
v 3.6 0.1 -3.2
v 3.7 0.1 -3.1
v 3.5 0.1 -3.2
v 3.5 0.1 -3
v 3.6 0.1 -3
v 3.2 0.1 -3.2
v 3.2 0.1 -2.9
v 3.5 0.1 -2.9
v 3.1 0.1 -3.2
v 3.1 0.1 -3
v 3.2 0.1 -3
v 3.1 0.3 -3.2
v 3 0.3 -3.2
v 3 0.3 -3.1
v 3.1 0.3 -3.1
v 3.1 0.8 -3.2
v 3 0.8 -3.2
v 1.7 0.8 -3.2
v 1.6 0.8 -3.2
v 1.6 0.8 -3.1
v 1.7 0.8 -3.1
v -0.5 0.1 -3.2
v -0.6 0.1 -3.2
v -0.6 0.1 -3.1
v -0.5 0.1 -3.1
v -0.5 0.3 -3.2
v -0.6 0.3 -3.2
v -0.6 0.3 -3.1
v -0.5 0.3 -3.1
v 3.5 0.1 -3.3
v 3.1 0.1 -3.3
v -0.3 0.2 -3.3
v -0.4 0.2 -3.3
v -0.4 0.2 -3.2
v -0.3 0.2 -3.2
v -0.3 0.4 -3.3
v -0.4 0.4 -3.3
v -0.4 0.4 -3.2
v -0.3 0.4 -3.2
v -0.4 0.5 -3.3
v -0.5 0.5 -3.3
v -0.5 0.5 -3.2
v -0.4 0.5 -3.2
v -0.5 0.4 -3.3
v -0.6 0.4 -3.3
v -0.6 0.4 -3.2
v -0.5 0.4 -3.2
v -0.6 0.2 -3.3
v -0.7 0.2 -3.3
v -0.7 0.2 -3.2
v -0.6 0.2 -3.2
v -0.6 0.5 -3.3
v -0.7 0.5 -3.3
v -0.7 0.5 -3.2
v -0.6 0.5 -3.2
v 4 0.1 -3.4
v 3.5 0.1 -3.4
v 4 0.1 -3.2
v 3.4 0.1 -3.4
v 3.1 0.1 -3.4
v 3.4 0.1 -3.3
v 3.1 0.8 -3.4
v 3 0.8 -3.4
v 1.7 0.6 -3.4
v 1.6 0.6 -3.4
v 1.6 0.6 -3.3
v 1.7 0.6 -3.3
v 1.7 1 -3.4
v 1.6 1 -3.4
v 1.6 1 -3.2
v 1.7 1 -3.2
v -0.2 0.1 -3.4
v -0.3 0.1 -3.4
v -0.3 0.1 -3.3
v -0.2 0.1 -3.3
v -0.2 0.3 -3.4
v -0.3 0.3 -3.4
v -0.3 0.3 -3.3
v -0.2 0.3 -3.3
v -0.3 0.5 -3.4
v -0.4 0.5 -3.4
v -0.3 0.5 -3.3
v -0.4 0.6 -3.4
v -0.5 0.6 -3.4
v -0.5 0.6 -3.3
v -0.4 0.6 -3.3
v -0.5 0.5 -3.4
v -0.6 0.5 -3.4
v -0.7 0.5 -3.4
v -0.7 0.1 -3.4
v -0.8 0.1 -3.4
v -0.8 0.1 -3.3
v -0.7 0.1 -3.3
v 3.4 0.1 -3.5
v 3.1 0.1 -3.5
v 3.1 0.8 -3.5
v 3 0.8 -3.5
v 1.7 0.4 -3.5
v 1.6 0.4 -3.5
v 1.6 0.4 -3.3
v 1.7 0.4 -3.3
v 1.9 1 -3.5
v 1.5 1 -3.5
v 1.5 1 -3.4
v 1.9 1 -3.4
v -0.1 0.2 -3.5
v -0.2 0.2 -3.5
v -0.2 0.2 -3.4
v -0.1 0.2 -3.4
v -0.2 0.4 -3.5
v -0.3 0.4 -3.5
v -0.3 0.4 -3.4
v -0.2 0.4 -3.4
v -0.3 0.5 -3.5
v -0.4 0.5 -3.5
v -0.4 0.6 -3.5
v -0.5 0.6 -3.5
v -0.6 0.6 -3.5
v -0.6 0.6 -3.4
v -0.6 0.5 -3.5
v -0.7 0.5 -3.5
v -0.8 0.3 -3.5
v -0.9 0.3 -3.5
v -0.9 0.3 -3.4
v -0.8 0.3 -3.4
v 4 0.1 -3.6
v 3.5 0.1 -3.6
v 3.2 0.1 -3.6
v 3.1 0.1 -3.6
v 3.2 0.1 -3.5
v 3.2 0.3 -3.6
v 3.1 0.3 -3.6
v 3.1 0.3 -3.5
v 3.2 0.3 -3.5
v 3.2 0.5 -3.6
v 3.1 0.5 -3.6
v 3.1 0.5 -3.5
v 3.2 0.5 -3.5
v 3 0.2 -3.6
v 2.9 0.2 -3.6
v 2.9 0.2 -3.5
v 3 0.2 -3.5
v 2.9 0.5 -3.6
v 2.8 0.5 -3.6
v 2.8 0.5 -3.5
v 2.9 0.5 -3.5
v 3.1 0.8 -3.6
v 2.8 0.8 -3.6
v 2.8 0.8 -3.5
v 2.7 0.3 -3.6
v 2.6 0.3 -3.6
v 2.6 0.3 -3.5
v 2.7 0.3 -3.5
v 2.5 0.4 -3.6
v 2.4 0.4 -3.6
v 2.4 0.4 -3.5
v 2.5 0.4 -3.5
v 2.3 0.1 -3.6
v 2.2 0.1 -3.6
v 2.2 0.1 -3.5
v 2.3 0.1 -3.5
v 2.3 0.3 -3.6
v 2.2 0.3 -3.6
v 2.2 0.3 -3.5
v 2.3 0.3 -3.5
v 2.2 0.6 -3.6
v 2.1 0.6 -3.6
v 2.1 0.6 -3.5
v 2.2 0.6 -3.5
v 2.8 0.9 -3.6
v 2 0.9 -3.6
v 2 0.9 -3.5
v 2.8 0.9 -3.5
v 2 1 -3.6
v 1.9 1 -3.6
v 2 1 -3.5
v 2 0.2 -3.6
v 1.8 0.2 -3.6
v 1.8 0.2 -3.5
v 2 0.2 -3.5
v 1.9 0.9 -3.6
v 1.8 0.9 -3.6
v 1.8 0.9 -3.5
v 1.9 0.9 -3.5
v 1.6 0.1 -3.6
v 1.5 0.1 -3.6
v 1.6 0.1 -2.3
v 1.8 1 -3.6
v 1.5 1 -3.6
v 1.8 1 -3.5
v 1.4 0.1 -3.6
v 1.4 0.1 -3.2
v 1.5 0.1 -3.2
v 0.1 0.2 -3.6
v 0 0.2 -3.6
v 0 0.2 -3.3
v 0.1 0.2 -3.3
v 0.1 0.4 -3.6
v 0 0.4 -3.6
v 0 0.4 -3.5
v 0.1 0.4 -3.5
v -0.1 0.3 -3.6
v -0.2 0.3 -3.6
v -0.2 0.3 -3.5
v -0.1 0.3 -3.5
v -0.2 0.5 -3.6
v -0.3 0.5 -3.6
v -0.2 0.5 -3.5
v -0.3 0.6 -3.6
v -0.5 0.6 -3.6
v -0.3 0.6 -3.5
v -0.5 0.7 -3.6
v -0.6 0.7 -3.6
v -0.6 0.7 -3.5
v -0.5 0.7 -3.5
v -0.6 0.6 -3.6
v -0.7 0.6 -3.6
v -0.7 0.6 -3.5
v -0.7 0.4 -3.6
v -0.8 0.4 -3.6
v -0.8 0.4 -3.3
v -0.7 0.4 -3.3
v -0.8 0.1 -3.6
v -0.9 0.1 -3.6
v -0.9 0.1 -3.5
v -0.8 0.1 -3.5
v 3 0.1 -3.7
v 1.8 0.1 -3.7
v 1.8 0.1 -3.6
v 3 0.1 -3.6
v 1.6 0.5 -3.7
v 1.5 0.5 -3.7
v 1.5 0.5 -3.6
v 1.6 0.5 -3.6
v 1.5 0.4 -3.7
v 0.8 0.4 -3.7
v 0.8 0.4 -3.6
v 1.5 0.4 -3.6
v 1.5 0.2 -3.7
v 0.3 0.2 -3.7
v 0.3 0.2 -3.6
v 1.5 0.2 -3.6
v 0.7 0.4 -3.7
v 0.3 0.4 -3.7
v 0.3 0.4 -3.6
v 0.7 0.4 -3.6
v 0.2 0.2 -3.7
v 0.1 0.2 -3.7
v 0.2 0.2 -3.6
v 0.2 0.4 -3.7
v 0.1 0.4 -3.7
v 0.2 0.4 -3.6
v 0.1 0.1 -3.7
v 0 0.1 -3.7
v 0 0.1 -3.6
v 0.1 0.1 -3.6
v 0.1 0.5 -3.7
v 0 0.5 -3.7
v 0 0.5 -3.6
v 0.1 0.5 -3.6
v -0.2 0.2 -3.7
v -0.3 0.2 -3.7
v -0.3 0.2 -3.6
v -0.2 0.2 -3.6
v -0.2 0.4 -3.7
v -0.3 0.4 -3.7
v -0.3 0.4 -3.6
v -0.2 0.4 -3.6
v -0.3 0.5 -3.7
v -0.4 0.5 -3.7
v -0.4 0.5 -3.6
v -0.4 0.6 -3.7
v -0.5 0.6 -3.7
v -0.4 0.6 -3.6
v -0.7 0.1 -3.7
v -0.8 0.1 -3.7
v -0.7 0.1 -3.6
v -0.7 0.3 -3.7
v -0.8 0.3 -3.7
v -0.8 0.3 -3.6
v -0.7 0.3 -3.6
v -0.5 0.5 -3.7
v -0.8 0.5 -3.7
v -0.8 0.5 -3.6
v -0.5 0.5 -3.6
v 3.7 0.1 -3.8
v 3.5 0.1 -3.8
v 3.7 0.1 -3.6
v 3.2 0.1 -3.8
v 3 0.1 -3.8
v 3 0.9 -3.8
v 2.9 0.9 -3.8
v 2.9 0.9 -3.7
v 3 0.9 -3.7
v 2.7 0.1 -3.8
v 2.5 0.1 -3.8
v 2.5 0.1 -3.7
v 2.7 0.1 -3.7
v 2.2 0.1 -3.8
v 1.7 0.1 -3.8
v 1.7 0.1 -3.7
v 2.2 0.1 -3.7
v 1.5 0.9 -3.8
v 1.5 0.9 -3.6
v 2.9 0.9 -3.6
v -0.3 0.1 -3.8
v -0.4 0.1 -3.8
v -0.4 0.1 -3.7
v -0.3 0.1 -3.7
v -0.4 0.5 -3.8
v -0.5 0.5 -3.8
v -0.6 0.4 -3.8
v -0.7 0.4 -3.8
v -0.7 0.4 -3.7
v -0.6 0.4 -3.7
v -0.7 0.1 -3.8
v -0.8 0.1 -3.8
v 4 0.1 -3.9
v 3.9 0.1 -3.9
v 3.9 0.1 -3.7
v 4 0.1 -3.7
v 3.7 0.1 -3.9
v 3.9 0.1 -3.6
v 3.5 0.1 -3.9
v 3.4 0.1 -3.9
v 3.5 0.1 -3.5
v 3.3 0.1 -3.9
v 3.3 0.1 -3.6
v 3.4 0.1 -3.6
v 3.2 0.1 -3.9
v 3.3 0.1 -3.5
v 3.1 0.1 -3.9
v 3 0.1 -3.9
v 3.1 0.1 -3.8
v 2.9 0.1 -3.9
v 2.7 0.1 -3.9
v 2.9 0.1 -3.7
v 2.6 0.1 -3.9
v 2.4 0.1 -3.9
v 2.4 0.1 -3.8
v 2.6 0.1 -3.8
v 2.2 0.1 -3.9
v 2.4 0.1 -3.7
v 2.1 0.1 -3.9
v 2 0.1 -3.9
v 2 0.1 -3.8
v 2.1 0.1 -3.8
v 1.9 0.1 -3.9
v 1.7 0.1 -3.9
v 1.9 0.1 -3.8
v 1.6 0.1 -3.9
v 1.7 0.1 -3.6
v -0.4 0.3 -3.9
v -0.5 0.3 -3.9
v -0.5 0.3 -3.8
v -0.4 0.3 -3.8
v -0.5 0.4 -3.9
v -0.6 0.4 -3.9
v -0.5 0.4 -3.7
v 1.7 0.4 -2.3
v 1.6 0.4 -2.3
v 1.5 0.4 -2.2
v 1.5 0.4 -2.3
v -0.9 0.8 -2.3
v -0.9 0.8 -2.2
v -1.1 0.8 -2.3
v -1.1 0 -2.3
v -1.1 0 -2.2
v -1.2 0 -2.3
v -1.1 0.7 -2.3
v -1.2 0.7 -2.3
v -1.4 0 -2.3
v -1.6 0 -2.3
v -1.5 0.7 -2.3
v -1.6 0.7 -2.2
v -1.6 0.7 -2.3
v -1.6 0.9 -2.3
v -1.8 0.9 -2.2
v -1.8 0.9 -2.3
v -1.7 1.1 -2.2
v -1.8 1.1 -2.2
v 3.6 0.3 -2.4
v 3.6 0.3 -2.3
v 3.5 0.3 -2.3
v 3.5 0.3 -2.4
v -0.8 1 -2.4
v -0.8 1 -2.2
v -0.9 1 -2.4
v -0.8 1.2 -2.4
v -0.9 1.2 -2.4
v -1 0 -2.4
v -1 0 -2.3
v -1.2 0 -2.4
v -1.3 0 -2.4
v -1.4 0 -2.4
v -1.5 0 -2.3
v -1.5 0 -2.4
v -1.4 0.7 -2.4
v -1.5 0.7 -2.4
v -1.5 0.8 -2.4
v -1.5 0.8 -2.3
v -1.6 0.8 -2.3
v -1.6 0.8 -2.4
v -1.7 0.8 -2.3
v -1.7 0.8 -2.4
v 3.8 0 -2.5
v 3.6 0 -2.5
v 3.5 0 -2.5
v 3.5 0 -2.4
v 1.7 0 -2.4
v 1.7 0 -2.5
v 1.8 0.8 -2.5
v 1.8 0.8 -2.4
v 1.7 0.8 -2.4
v 1.7 0.8 -2.5
v 1.6 0 -2.5
v 1.6 0.8 -2.4
v 1.6 0.8 -2.5
v -0.8 1.4 -2.5
v -0.9 1.4 -2.5
v -0.9 0.9 -2.3
v -1 0.9 -2.3
v -1 0.7 -2.5
v -1 0.7 -2.3
v -1.2 0.7 -2.5
v -1.2 0 -2.5
v -1.3 0 -2.5
v -1.2 0.7 -2.4
v -1.3 0.7 -2.4
v -1.3 0.7 -2.5
v -1.4 0 -2.5
v -1.4 0.7 -2.5
v -1.5 0.7 -2.5
v -1.6 0.9 -2.5
v -1.6 0.9 -2.4
v -1.7 0.9 -2.4
v -1.7 0.9 -2.5
v -1.8 0.9 -2.4
v -1.8 0.9 -2.5
v -1.7 1.3 -2.3
v -1.8 1.3 -2.3
v -1.8 1.3 -2.5
v 3.2 0 -2.6
v 3.2 0 -2.5
v 3 0 -2.5
v 3 0 -2.6
v 3.2 0.6 -2.6
v 3.2 0.6 -2.5
v 3 0.6 -2.5
v 3 0.6 -2.6
v -0.9 1 -2.6
v -0.9 1 -2.5
v -1 1 -2.5
v -1 1 -2.6
v -0.9 1.4 -2.6
v -1 1.4 -2.5
v -1 1.4 -2.6
v -0.9 0.8 -2.6
v -0.9 0.8 -2.5
v -1.1 0.8 -2.5
v -1.1 0.8 -2.6
v -1.1 0.7 -2.6
v -1.1 0.7 -2.5
v -1.2 0.7 -2.6
v -1.2 0.8 -2.6
v -1.2 0.8 -2.5
v -1.3 0.8 -2.5
v -1.3 0.8 -2.6
v -1.3 0.7 -2.6
v -1.4 0.7 -2.6
v -1.5 0.8 -2.6
v -1.6 0.8 -2.6
v -1.6 1 -2.5
v -1.7 1 -2.6
v -1.6 1.2 -2.5
v -1.7 1.2 -2.5
v -1.7 1.2 -2.6
v 4 0 -2.7
v 4 0 -2.2
v 3.8 0 -2.7
v 3.8 0 -2.6
v 3.7 0 -2.6
v 3.7 0 -2.7
v 3.7 0 -2.5
v 3.2 0 -2.7
v 3.1 0 -2.6
v 3.1 0 -2.7
v 3.1 0.4 -2.7
v 3.1 0.4 -2.6
v 3 0.4 -2.7
v 1.7 0 -2.7
v 1.6 0 -2.7
v 1.7 0.4 -2.7
v 1.7 0.4 -2.6
v 1.6 0.4 -2.6
v 1.6 0.4 -2.7
v 1.7 0.6 -2.7
v 1.7 0.6 -2.6
v 1.6 0.6 -2.6
v 1.6 0.6 -2.7
v 1.5 0 -2.7
v 1.4 0 -2.7
v -1 1 -2.7
v -1.1 1 -2.6
v -1.1 1 -2.7
v -1.1 0.8 -2.7
v -1.2 0.8 -2.7
v -1.2 0.9 -2.7
v -1.2 0.9 -2.6
v -1.4 0.9 -2.6
v -1.4 0.9 -2.7
v -1.4 0.8 -2.7
v -1.4 0.8 -2.5
v -1.5 0.8 -2.5
v -1.5 0.8 -2.7
v -1.5 0.9 -2.7
v -1.5 0.9 -2.6
v -1.6 0.9 -2.6
v -1.6 0.9 -2.7
v -1.5 1.1 -2.7
v -1.5 1.1 -2.6
v -1.6 1.1 -2.7
v 3.9 0 -2.8
v 3.9 0 -2.7
v 3.1 0 -2.8
v -1.1 1 -2.8
v -1.2 1 -2.7
v -1.2 1 -2.8
v -1.3 1.1 -2.8
v -1.3 1.1 -2.7
v -1.4 1.1 -2.7
v -1.4 1.1 -2.8
v 4 0 -2.9
v 3.9 0 -2.9
v 3.8 0 -2.9
v 3.8 0 -2.8
v 3.1 0 -2.9
v 3 0 -2.9
v 3.1 0.7 -2.9
v 3 0.7 -2.9
v 0.8 0.1 -2.9
v 0.8 0.1 -2.7
v 0.7 0.1 -2.7
v 0.7 0.1 -2.9
v 3 0.1 -2.9
v 3 0.1 -3
v 3.1 0.3 -3
v 3.1 0.3 -2.9
v 3 0.3 -2.9
v 3 0.3 -3
v 3.1 0.7 -3
v 3 0.7 -3
v 4 0 -3.1
v 3.9 0 -3.1
v 3.9 0 -3
v 3.8 0 -3
v 3.8 0 -3.1
v 3.6 0 -2.9
v 3.6 0 -3.1
v 3.1 0.5 -3.1
v 3.1 0.5 -3
v 3 0.5 -3
v 3 0.5 -3.1
v 1.7 0 -3.1
v 1.6 0 -3.1
v 1.5 0 -3.1
v 1.5 0 -2.8
v 1.4 0 -2.8
v 1.4 0 -3.1
v 1 0 -3.1
v 1 0 -3
v 0.9 0 -3
v 0.9 0 -3.1
v 0.8 0.3 -3
v 0.8 0.3 -3.1
v 0.8 0.6 -2.9
v 0.7 0.6 -2.9
v 0.7 0.3 -3.1
v 0.7 0.3 -3
v 0.6 0 -3.1
v 0.6 0 -3
v 0.5 0 -3
v 0.5 0 -3.1
v 3.7 0 -3.2
v 3.7 0 -3.1
v 3.6 0 -3.2
v 3.6 0 -3
v 3.5 0 -3
v 3.5 0 -3.2
v 3.5 0 -2.9
v 3.2 0 -2.9
v 3.2 0 -3.2
v 3.2 0 -3
v 3.1 0 -3
v 3.1 0 -3.2
v 3.1 0.4 -3.2
v 3 0.4 -3.2
v -0.5 0.2 -3.2
v -0.5 0.2 -3.1
v -0.6 0.2 -3.1
v 3.5 0 -3.3
v 3.1 0 -3.3
v -0.3 0.1 -3.2
v -0.4 0.1 -3.2
v -0.4 0.1 -3.3
v -0.3 0.3 -3.2
v -0.4 0.3 -3.2
v -0.4 0.3 -3.3
v -0.6 0.1 -3.3
v -0.7 0.1 -3.2
v -0.6 0.3 -3.3
v -0.7 0.3 -3.2
v -0.7 0.3 -3.3
v 4 0 -3.4
v 4 0 -3.2
v 3.5 0 -3.4
v 3.4 0 -3.4
v 3.4 0 -3.3
v 3.1 0 -3.4
v 1.7 0 -3.4
v 1.6 0 -3.4
v 1.7 0.7 -3.4
v 1.7 0.7 -3.3
v 1.6 0.7 -3.3
v 1.6 0.7 -3.4
v -0.2 0.2 -3.3
v -0.3 0.2 -3.4
v -0.7 0.3 -3.4
v -0.8 0.3 -3.3
v 3.4 0 -3.5
v 3.1 0 -3.5
v 1.9 0.9 -3.4
v 1.7 0.9 -3.4
v 1.7 0.9 -3.5
v 1.7 0.2 -3.5
v 1.7 0.2 -3.4
v 1.6 0.2 -3.4
v 1.6 0.2 -3.5
v 1.7 0.5 -3.5
v 1.7 0.5 -3.3
v 1.6 0.5 -3.3
v 1.6 0.5 -3.5
v -0.1 0.1 -3.5
v -0.1 0.1 -3.4
v -0.2 0.1 -3.5
v -0.9 0.1 -3.4
v 4 0 -3.6
v 3.5 0 -3.6
v 3.2 0 -3.6
v 3.2 0 -3.5
v 3.1 0 -3.6
v 3.2 0.2 -3.6
v 3.2 0.2 -3.5
v 3.1 0.2 -3.5
v 3.1 0.2 -3.6
v 3.2 0.4 -3.6
v 3.2 0.4 -3.5
v 3.1 0.4 -3.5
v 3.1 0.4 -3.6
v 3 0 -3
v 3 0 -3.6
v 3 0.3 -3.6
v 3 0.3 -3.5
v 2.9 0.3 -3.5
v 2.9 0.3 -3.6
v 2.9 0.6 -3.6
v 2.9 0.6 -3.5
v 2.8 0.6 -3.5
v 2.8 0.6 -3.6
v 2.7 0.4 -3.6
v 2.7 0.4 -3.5
v 2.6 0.4 -3.5
v 2.6 0.4 -3.6
v 2.5 0.5 -3.6
v 2.5 0.5 -3.5
v 2.4 0.5 -3.5
v 2.4 0.5 -3.6
v 2.3 0.2 -3.6
v 2.3 0.2 -3.5
v 2.2 0.2 -3.5
v 2.2 0.2 -3.6
v 2.3 0.4 -3.6
v 2.3 0.4 -3.5
v 2.2 0.4 -3.5
v 2.2 0.4 -3.6
v 2.2 0.7 -3.6
v 2.2 0.7 -3.5
v 2.1 0.7 -3.5
v 2.1 0.7 -3.6
v 2 0.4 -3.6
v 2 0.4 -3.5
v 1.9 0.4 -3.5
v 1.9 0.4 -3.6
v 1.9 0.5 -3.6
v 1.9 0.5 -3.5
v 1.8 0.5 -3.5
v 1.8 0.5 -3.6
v 3 0 -3.5
v 1.6 0 -3.5
v 1.6 0 -3.6
v 1.5 0 -3.6
v 1.6 0.9 -3.6
v 1.6 0.9 -3.4
v 1.5 0.9 -3.4
v 1.5 0 -3.2
v 1.4 0 -3.2
v 1.4 0 -3.6
v 0.1 0.1 -3.3
v 0 0.1 -3.3
v 0.1 0.3 -3.6
v 0.1 0.3 -3.5
v 0 0.3 -3.5
v 0 0.3 -3.6
v -0.1 0 -3.6
v -0.1 0 -3.5
v -0.2 0 -3.5
v -0.2 0 -3.6
v -0.7 0 -3.6
v -0.7 0 -3.3
v -0.8 0 -3.3
v -0.8 0 -3.6
v -0.8 0 -3.5
v -0.9 0 -3.5
v -0.9 0 -3.6
v 3 0 -3.7
v 1.8 0 -3.6
v 1.8 0 -3.7
v 1.6 0 -3.7
v 1.5 0 -3.7
v 1.5 0.3 -3.7
v 1.5 0.3 -3.6
v 0.8 0.3 -3.6
v 0.8 0.3 -3.7
v 1.5 0.1 -3.7
v 0.3 0.1 -3.6
v 0.3 0.1 -3.7
v 0.7 0.3 -3.7
v 0.7 0.3 -3.6
v 0.3 0.3 -3.6
v 0.3 0.3 -3.7
v 0.2 0.1 -3.7
v 0.2 0.1 -3.6
v 0.2 0.3 -3.7
v 0.2 0.3 -3.6
v 0.1 0.3 -3.7
v 0.1 0 -3.7
v 0.1 0 -3.6
v 0 0 -3.6
v 0 0 -3.7
v 0 0.2 -3.7
v -0.2 0.3 -3.7
v -0.3 0.3 -3.6
v -0.3 0.3 -3.7
v -0.2 0 -3.7
v -0.2 0 -3.3
v -0.4 0 -3.3
v -0.4 0 -3.7
v -0.4 0 -3.2
v -0.5 0 -3.2
v -0.5 0 -3.7
v -0.6 0 -3.7
v -0.6 0 -3.3
v -0.7 0 -3.7
v -0.8 0 -3.7
v -0.7 0.2 -3.7
v -0.7 0.2 -3.6
v -0.8 0.2 -3.6
v -0.8 0.2 -3.7
v -0.8 0.4 -3.7
v 3.7 0 -3.8
v 3.7 0 -3.6
v 3.5 0 -3.8
v 3.2 0 -3.8
v 3 0 -3.8
v 3 0.8 -3.8
v 3 0.8 -3.7
v 2.9 0.8 -3.7
v 2.9 0.8 -3.8
v 2.7 0 -3.8
v 2.7 0 -3.7
v 2.5 0 -3.7
v 2.5 0 -3.8
v 2.2 0 -3.8
v 2.2 0 -3.7
v 1.7 0 -3.7
v 1.7 0 -3.8
v 2.9 0.8 -3.6
v 1.5 0.8 -3.6
v 1.5 0.8 -3.8
v -0.3 0 -3.8
v -0.3 0 -3.7
v -0.4 0 -3.8
v -0.5 0 -3.8
v -0.5 0 -3.1
v -0.6 0 -3.1
v -0.6 0 -3.8
v -0.6 0.3 -3.8
v -0.6 0.3 -3.7
v -0.7 0.3 -3.8
v -0.7 0 -3.8
v -0.8 0 -3.8
v 4 0 -3.9
v 4 0 -3.7
v 3.9 0 -3.7
v 3.9 0 -3.9
v 3.9 0 -3.6
v 3.7 0 -3.9
v 3.5 0 -3.9
v 3.5 0 -3.5
v 3.4 0 -3.9
v 3.4 0 -3.6
v 3.3 0 -3.6
v 3.3 0 -3.9
v 3.3 0 -3.5
v 3.2 0 -3.9
v 3.1 0 -3.9
v 3.1 0 -3.8
v 3 0 -3.9
v 2.9 0 -3.9
v 2.9 0 -3.7
v 2.7 0 -3.9
v 2.6 0 -3.9
v 2.6 0 -3.8
v 2.4 0 -3.8
v 2.4 0 -3.9
v 2.4 0 -3.7
v 2.2 0 -3.9
v 2.1 0 -3.9
v 2.1 0 -3.8
v 2 0 -3.8
v 2 0 -3.9
v 1.9 0 -3.9
v 1.9 0 -3.8
v 1.7 0 -3.9
v 1.7 0 -3.6
v 1.6 0 -3.9
v -0.4 0.1 -3.9
v -0.5 0.1 -3.8
v -0.5 0.1 -3.9
v -0.6 0.3 -3.9
v 3.5 0.1 -2.4
v 3 0.1 -2.6
v 3 0.1 -3.5
v -0.6 0.1 -3.7
v -0.6 0.1 -3.8
v 1.6 0.1 -3.7
v 3.5 0.1 -2.3
v 3 0.1 -2.7
v 1.6 0.1 -2.6
v 0.7 0.2 -2.9
v 3 0.2 -3.2
v 3 0.1 -3.2
v -0.7 0.2 -3.4
v 3 0.2 -3.3
v 3 0.1 -3.3
v -0.6 0.2 -3.7
v -0.6 0.2 -3.8
v -1.4 0.3 -2.2
v -1.4 0.3 -2.3
v 3 0.3 -2.7
v 3 0.3 -3.3
v 3 0.4 -2.8
v 3 0.3 -2.8
v 3 0.4 -2.9
v 3 0.4 -3.4
v 3 0.3 -3.4
v 1.6 0.4 -3.4
v 1.6 0.1 -3.4
v 1.6 0.1 -3.3
v -0.8 0.4 -3.5
v 3 0.5 -2.7
v 3 0.5 -2.8
v 3 0.5 -2.9
v 3 0.5 -3.4
v -0.7 0.4 -3.4
v 3 0.5 -3.5
v -0.7 0.5 -3.6
v -0.5 0.4 -3.8
v -1.4 0.6 -2.3
v -1.4 0.6 -2.4
v 1.6 0.1 -2.5
v 1.6 0.1 -2.4
v 3 0.6 -2.7
v 0.7 0.6 -2.8
v 3 0.6 -3.2
v 3 0.5 -3.2
v 3 0.6 -3.3
v 3 0.6 -3.5
v 3 0.5 -3.3
v 1.6 0.6 -3.5
v -1.4 0.7 -2.3
v 3 0.7 -2.7
v 3 0.7 -3.2
v 3 0.7 -3.3
v 3 0.7 -3.5
v -1.4 0.8 -2.6
v 3 0.7 -3.1
v 1.6 0.1 -3.2
v 3 0.7 -3.4
v 1.6 0.9 -3.5
v 1.6 0.1 -3.5
v 1.6 1 -3.3
v -1.7 1.3 -2.4
v -1.8 1.3 -2.4
v -1.6 1.5 -2.5
v -1.6 1.5 -2.6
v -1.6 1.6 -2.6
v -1.3 1.7 -2.5
v 1.7 0.1 -2.6
v 1.7 0 -2.6
v 1.7 0.1 -3.4
v -0.2 0.1 -3.6
v -0.2 0.1 -3.7
v 3.6 0.1 -2.3
v 3.6 0.1 -2.4
v -1.2 0.2 -2.3
v -1.2 0.2 -2.4
v 0.8 0.2 -2.9
v 3.1 0.2 -3.2
v 3.1 0.2 -3.3
v -0.1 0.2 -3.6
v -0.4 0.2 -3.7
v -0.4 0.2 -3.9
v 1.7 0.3 -2.4
v 3.1 0.3 -2.7
v 3.1 0.3 -3.3
v -0.4 0.3 -3.7
v -0.4 0.2 -3.8
v 3.1 0.3 -2.8
v 3.1 0.4 -2.8
v 3.1 0.4 -2.9
v 3.1 0.3 -3.4
v 3.1 0.4 -3.4
v 1.7 0.1 -3.3
v 1.7 0.4 -3.4
v -0.4 0.4 -3.7
v -0.4 0.4 -3.8
v -1.2 0.5 -2.3
v -1.2 0.5 -2.4
v 3.1 0.5 -2.7
v 3.1 0.5 -2.8
v 3.1 0.5 -2.9
v 3.1 0.5 -3.4
v -1.2 0.6 -2.3
v -1.2 0.6 -2.4
v 3.1 0.6 -2.7
v 0.8 0.6 -2.8
v 3.1 0.5 -3.2
v 3.1 0.6 -3.2
v 3.1 0.6 -3.3
v 3.1 0.5 -3.3
v 3.1 0.6 -3.5
v 1.7 0.6 -3.5
v 3.1 0.7 -2.7
v 3.1 0.7 -3.2
v 3.1 0.7 -3.3
v 3.1 0.7 -3.5
v -1 0.8 -2.3
v -1 0.8 -2.5
v 3.1 0.7 -3.1
v 1.7 0.1 -3.2
v 3.1 0.7 -3.4
v 1.7 0.9 -2.3
v -1.1 0.9 -2.6
v -1.1 0.9 -2.7
v -0.9 1 -2.3
v 1.7 1 -3.3
v -0.8 1 -2.3
v -0.9 1.2 -2.5
v -1 1.2 -2.5
v -1 1.2 -2.6
v -0.9 1.3 -2.3
v -0.9 1.3 -2.4
v -0.9 1.3 -2.5
v -0.9 1.4 -2.2
v -1.1 1.4 -2.6
v -1.1 1.4 -2.7
v -1 1.5 -2.3
v -1 1.5 -2.4
v -1 1.5 -2.5
v 3.5 0.1 -2.5
v 3.1 0.6 -2.6
v 2.2 0.8 -3.6
v 2 0.3 -3.6
v 1.8 0.7 -2.5
v 1.7 0.4 -2.5
v 1.6 0.2 -3.6
v 1.6 0.6 -3.6
v 1.6 0.7 -3.6
v 1.6 0.8 -3.6
v 1.6 0.2 -2.3
v 0 0.3 -3.7
v 0 0.4 -3.7
v -0.5 0.2 -3.8
v -1 1.3 -2.5
v -1.2 1.3 -2.7
v -1.2 1.5 -2.6
v -1.3 0.2 -2.4
v -1.3 0.5 -2.4
v -1.3 1 -2.7
v -1.4 0.2 -2.4
v -1.4 0.5 -2.4
v -1.4 1 -2.7
v -1.4 1.3 -2.7
v -1.3 1.3 -2.7
v -1.4 1.4 -2.7
v -1.5 1.3 -2.7
v -1.5 1.4 -2.7
v -1.5 1.3 -2.6
v -1.7 1.5 -2.3
v -1.6 1.4 -2.5
v -1.7 0.9 -2.3
v -1.7 1.5 -2.4
v 2.9 0.8 -3.5
v 2.7 0.5 -3.5
v 2.2 0.8 -3.5
v 2 0.3 -3.5
v 1.9 0.8 -3.5
v 1.8 0.7 -2.4
v 1.8 0.8 -3.5
v 1.7 0.7 -3.5
v 1.7 0.8 -3.5
v -0.7 0.4 -3.2
v -0.8 0.2 -3.4
v -0.9 0.2 -3.4
v -1.3 0.3 -2.2

vt 0.00195313 0.5
vt 0.00585938 0.5
vt 0.0214844 0.5
vt 0.0253906 0.5
vt 0.0332031 0.5
vt 0.0410156 0.5
vt 0.0449219 0.5
vt 0.0527344 0.5
vt 0.0644531 0.5
vt 0.0683594 0.5
vt 0.0722656 0.5
vt 0.0761719 0.5
vt 0.0839844 0.5
vt 0.0878906 0.5
vt 0.0957031 0.5
vt 0.0996094 0.5
vt 0.103516 0.5
vt 0.107422 0.5

vn 0 1 0
vn 0 -1 0
vn -1 0 0
vn 1 0 0
vn 0 0 -1
vn 0 0 1

usemtl palette
f 1/10/1 2/10/1 4/10/1
f 4/10/1 2/10/1 3/10/1
f 2/6/1 5/6/1 3/6/1
f 3/6/1 5/6/1 6/6/1
f 7/10/1 8/10/1 10/10/1
f 10/10/1 8/10/1 9/10/1
f 8/6/1 11/6/1 9/6/1
f 9/6/1 11/6/1 12/6/1
f 11/10/1 13/10/1 12/10/1
f 12/10/1 13/10/1 14/10/1
f 13/6/1 15/6/1 14/6/1
f 14/6/1 15/6/1 16/6/1
f 17/16/1 18/16/1 20/16/1
f 20/16/1 18/16/1 19/16/1
f 21/16/1 22/16/1 24/16/1
f 24/16/1 22/16/1 23/16/1
f 25/16/1 26/16/1 28/16/1
f 28/16/1 26/16/1 27/16/1
f 29/16/1 30/16/1 32/16/1
f 32/16/1 30/16/1 31/16/1
f 33/6/1 34/6/1 7/6/1
f 7/6/1 34/6/1 8/6/1
f 35/6/1 36/6/1 11/6/1
f 11/6/1 36/6/1 13/6/1
f 37/10/1 38/10/1 40/10/1
f 40/10/1 38/10/1 39/10/1
f 41/16/1 42/16/1 44/16/1
f 44/16/1 42/16/1 43/16/1
f 45/16/1 46/16/1 48/16/1
f 48/16/1 46/16/1 47/16/1
f 46/16/1 49/16/1 51/16/1
f 51/16/1 49/16/1 50/16/1
f 52/7/1 53/7/1 55/7/1
f 55/7/1 53/7/1 54/7/1
f 56/16/1 57/16/1 59/16/1
f 59/16/1 57/16/1 58/16/1
f 60/16/1 61/16/1 63/16/1
f 63/16/1 61/16/1 62/16/1
f 64/16/1 65/16/1 67/16/1
f 67/16/1 65/16/1 66/16/1
f 65/16/1 68/16/1 70/16/1
f 70/16/1 68/16/1 69/16/1
f 71/7/1 72/7/1 74/7/1
f 74/7/1 72/7/1 73/7/1
f 75/16/1 76/16/1 78/16/1
f 78/16/1 76/16/1 77/16/1
f 79/16/1 80/16/1 82/16/1
f 82/16/1 80/16/1 81/16/1
f 83/16/1 84/16/1 86/16/1
f 86/16/1 84/16/1 85/16/1
f 84/16/1 87/16/1 89/16/1
f 89/16/1 87/16/1 88/16/1
f 90/7/1 91/7/1 93/7/1
f 93/7/1 91/7/1 92/7/1
f 94/16/1 95/16/1 97/16/1
f 97/16/1 95/16/1 96/16/1
f 98/16/1 99/16/1 101/16/1
f 101/16/1 99/16/1 100/16/1
f 102/16/1 103/16/1 105/16/1
f 105/16/1 103/16/1 104/16/1
f 103/16/1 106/16/1 108/16/1
f 108/16/1 106/16/1 107/16/1
f 109/7/1 110/7/1 112/7/1
f 112/7/1 110/7/1 111/7/1
f 113/16/1 114/16/1 116/16/1
f 116/16/1 114/16/1 115/16/1
f 117/10/1 118/10/1 119/10/1
f 119/10/1 118/10/1 2/10/1
f 120/10/1 121/10/1 33/10/1
f 33/10/1 121/10/1 34/10/1
f 121/6/1 122/6/1 34/6/1
f 34/6/1 122/6/1 35/6/1
f 122/10/1 123/10/1 35/10/1
f 35/10/1 123/10/1 36/10/1
f 124/10/1 125/10/1 16/10/1
f 16/10/1 125/10/1 126/10/1
f 125/10/1 127/10/1 129/10/1
f 129/10/1 127/10/1 128/10/1
f 127/10/1 130/10/1 131/10/1
f 131/10/1 130/10/1 40/10/1
f 132/10/1 133/10/1 134/10/1
f 134/10/1 133/10/1 38/10/1
f 135/7/1 136/7/1 41/7/1
f 41/7/1 136/7/1 42/7/1
f 137/7/1 138/7/1 140/7/1
f 140/7/1 138/7/1 139/7/1
f 141/16/1 142/16/1 143/16/1
f 143/16/1 142/16/1 52/16/1
f 144/16/1 145/16/1 53/16/1
f 53/16/1 145/16/1 146/16/1
f 147/7/1 148/7/1 150/7/1
f 150/7/1 148/7/1 149/7/1
f 151/16/1 152/16/1 154/16/1
f 154/16/1 152/16/1 153/16/1
f 155/7/1 156/7/1 60/7/1
f 60/7/1 156/7/1 61/7/1
f 157/7/1 158/7/1 160/7/1
f 160/7/1 158/7/1 159/7/1
f 161/16/1 162/16/1 163/16/1
f 163/16/1 162/16/1 71/16/1
f 164/16/1 165/16/1 72/16/1
f 72/16/1 165/16/1 166/16/1
f 167/7/1 168/7/1 170/7/1
f 170/7/1 168/7/1 169/7/1
f 171/16/1 172/16/1 174/16/1
f 174/16/1 172/16/1 173/16/1
f 175/7/1 176/7/1 79/7/1
f 79/7/1 176/7/1 80/7/1
f 177/7/1 178/7/1 180/7/1
f 180/7/1 178/7/1 179/7/1
f 181/16/1 182/16/1 183/16/1
f 183/16/1 182/16/1 90/16/1
f 184/16/1 185/16/1 91/16/1
f 91/16/1 185/16/1 186/16/1
f 187/7/1 188/7/1 190/7/1
f 190/7/1 188/7/1 189/7/1
f 191/16/1 192/16/1 194/16/1
f 194/16/1 192/16/1 193/16/1
f 195/7/1 196/7/1 98/7/1
f 98/7/1 196/7/1 99/7/1
f 197/7/1 198/7/1 200/7/1
f 200/7/1 198/7/1 199/7/1
f 201/16/1 202/16/1 203/16/1
f 203/16/1 202/16/1 109/16/1
f 204/16/1 205/16/1 110/16/1
f 110/16/1 205/16/1 206/16/1
f 207/7/1 208/7/1 210/7/1
f 210/7/1 208/7/1 209/7/1
f 211/16/1 212/16/1 214/16/1
f 214/16/1 212/16/1 213/16/1
f 215/10/1 216/10/1 217/10/1
f 217/10/1 216/10/1 4/10/1
f 218/5/1 219/5/1 220/5/1
f 220/5/1 219/5/1 118/5/1
f 221/6/1 222/6/1 120/6/1
f 120/6/1 222/6/1 121/6/1
f 222/10/1 223/10/1 121/10/1
f 121/10/1 223/10/1 122/10/1
f 223/6/1 224/6/1 122/6/1
f 122/6/1 224/6/1 123/6/1
f 225/5/1 226/5/1 124/5/1
f 124/5/1 226/5/1 227/5/1
f 228/16/1 229/16/1 230/16/1
f 230/16/1 229/16/1 135/16/1
f 231/16/1 232/16/1 234/16/1
f 234/16/1 232/16/1 233/16/1
f 235/16/1 236/16/1 238/16/1
f 238/16/1 236/16/1 237/16/1
f 239/16/1 240/16/1 242/16/1
f 242/16/1 240/16/1 241/16/1
f 240/16/1 243/16/1 245/16/1
f 245/16/1 243/16/1 244/16/1
f 246/16/1 247/16/1 145/16/1
f 145/16/1 247/16/1 248/16/1
f 249/7/1 250/7/1 252/7/1
f 252/7/1 250/7/1 251/7/1
f 253/16/1 254/16/1 255/16/1
f 255/16/1 254/16/1 155/16/1
f 256/16/1 257/16/1 259/16/1
f 259/16/1 257/16/1 258/16/1
f 260/16/1 261/16/1 263/16/1
f 263/16/1 261/16/1 262/16/1
f 264/16/1 265/16/1 267/16/1
f 267/16/1 265/16/1 266/16/1
f 265/16/1 268/16/1 270/16/1
f 270/16/1 268/16/1 269/16/1
f 271/16/1 272/16/1 165/16/1
f 165/16/1 272/16/1 273/16/1
f 274/7/1 275/7/1 277/7/1
f 277/7/1 275/7/1 276/7/1
f 278/16/1 279/16/1 280/16/1
f 280/16/1 279/16/1 175/16/1
f 281/16/1 282/16/1 284/16/1
f 284/16/1 282/16/1 283/16/1
f 285/16/1 286/16/1 288/16/1
f 288/16/1 286/16/1 287/16/1
f 289/16/1 290/16/1 292/16/1
f 292/16/1 290/16/1 291/16/1
f 290/16/1 293/16/1 295/16/1
f 295/16/1 293/16/1 294/16/1
f 296/16/1 297/16/1 185/16/1
f 185/16/1 297/16/1 298/16/1
f 299/7/1 300/7/1 302/7/1
f 302/7/1 300/7/1 301/7/1
f 303/16/1 304/16/1 305/16/1
f 305/16/1 304/16/1 195/16/1
f 306/16/1 307/16/1 309/16/1
f 309/16/1 307/16/1 308/16/1
f 310/16/1 311/16/1 313/16/1
f 313/16/1 311/16/1 312/16/1
f 314/16/1 315/16/1 317/16/1
f 317/16/1 315/16/1 316/16/1
f 315/16/1 318/16/1 320/16/1
f 320/16/1 318/16/1 319/16/1
f 321/16/1 322/16/1 205/16/1
f 205/16/1 322/16/1 323/16/1
f 324/7/1 325/7/1 327/7/1
f 327/7/1 325/7/1 326/7/1
f 328/13/1 329/13/1 331/13/1
f 331/13/1 329/13/1 330/13/1
f 332/13/1 333/13/1 335/13/1
f 335/13/1 333/13/1 334/13/1
f 336/10/1 337/10/1 221/10/1
f 221/10/1 337/10/1 222/10/1
f 338/10/1 339/10/1 223/10/1
f 223/10/1 339/10/1 224/10/1
f 340/13/1 341/13/1 343/13/1
f 343/13/1 341/13/1 342/13/1
f 344/13/1 345/13/1 347/13/1
f 347/13/1 345/13/1 346/13/1
f 348/5/1 349/5/1 351/5/1
f 351/5/1 349/5/1 350/5/1
f 352/13/1 353/13/1 355/13/1
f 355/13/1 353/13/1 354/13/1
f 356/13/1 357/13/1 359/13/1
f 359/13/1 357/13/1 358/13/1
f 360/5/1 361/5/1 363/5/1
f 363/5/1 361/5/1 362/5/1
f 364/13/1 365/13/1 367/13/1
f 367/13/1 365/13/1 366/13/1
f 368/6/1 369/6/1 371/6/1
f 371/6/1 369/6/1 370/6/1
f 372/18/1 373/18/1 375/18/1
f 375/18/1 373/18/1 374/18/1
f 376/16/1 377/16/1 379/16/1
f 379/16/1 377/16/1 378/16/1
f 380/16/1 381/16/1 383/16/1
f 383/16/1 381/16/1 382/16/1
f 384/16/1 385/16/1 232/16/1
f 232/16/1 385/16/1 239/16/1
f 385/7/1 386/7/1 239/7/1
f 239/7/1 386/7/1 240/7/1
f 387/7/1 388/7/1 389/7/1
f 389/7/1 388/7/1 246/7/1
f 390/16/1 391/16/1 393/16/1
f 393/16/1 391/16/1 392/16/1
f 394/16/1 395/16/1 397/16/1
f 397/16/1 395/16/1 396/16/1
f 398/16/1 399/16/1 401/16/1
f 401/16/1 399/16/1 400/16/1
f 402/16/1 403/16/1 405/16/1
f 405/16/1 403/16/1 404/16/1
f 406/16/1 407/16/1 257/16/1
f 257/16/1 407/16/1 264/16/1
f 407/7/1 408/7/1 264/7/1
f 264/7/1 408/7/1 265/7/1
f 409/7/1 410/7/1 411/7/1
f 411/7/1 410/7/1 271/7/1
f 412/16/1 413/16/1 415/16/1
f 415/16/1 413/16/1 414/16/1
f 416/16/1 417/16/1 419/16/1
f 419/16/1 417/16/1 418/16/1
f 420/16/1 421/16/1 423/16/1
f 423/16/1 421/16/1 422/16/1
f 424/16/1 425/16/1 427/16/1
f 427/16/1 425/16/1 426/16/1
f 428/16/1 429/16/1 282/16/1
f 282/16/1 429/16/1 289/16/1
f 429/7/1 430/7/1 289/7/1
f 289/7/1 430/7/1 290/7/1
f 431/7/1 432/7/1 433/7/1
f 433/7/1 432/7/1 296/7/1
f 434/16/1 435/16/1 437/16/1
f 437/16/1 435/16/1 436/16/1
f 438/16/1 439/16/1 441/16/1
f 441/16/1 439/16/1 440/16/1
f 442/16/1 443/16/1 445/16/1
f 445/16/1 443/16/1 444/16/1
f 446/16/1 447/16/1 449/16/1
f 449/16/1 447/16/1 448/16/1
f 450/16/1 451/16/1 307/16/1
f 307/16/1 451/16/1 314/16/1
f 451/7/1 452/7/1 314/7/1
f 314/7/1 452/7/1 315/7/1
f 453/7/1 454/7/1 455/7/1
f 455/7/1 454/7/1 321/7/1
f 456/16/1 457/16/1 459/16/1
f 459/16/1 457/16/1 458/16/1
f 460/16/1 461/16/1 463/16/1
f 463/16/1 461/16/1 462/16/1
f 464/5/1 465/5/1 117/5/1
f 117/5/1 465/5/1 220/5/1
f 465/5/1 466/5/1 468/5/1
f 468/5/1 466/5/1 467/5/1
f 469/10/1 470/10/1 337/10/1
f 337/10/1 470/10/1 338/10/1
f 470/6/1 471/6/1 338/6/1
f 338/6/1 471/6/1 339/6/1
f 471/6/1 472/6/1 36/6/1
f 36/6/1 472/6/1 473/6/1
f 474/10/1 475/10/1 476/10/1
f 476/10/1 475/10/1 361/10/1
f 477/2/1 478/2/1 480/2/1
f 480/2/1 478/2/1 479/2/1
f 481/17/1 482/17/1 484/17/1
f 484/17/1 482/17/1 483/17/1
f 485/17/1 486/17/1 488/17/1
f 488/17/1 486/17/1 487/17/1
f 489/6/1 490/6/1 492/6/1
f 492/6/1 490/6/1 491/6/1
f 493/16/1 494/16/1 496/16/1
f 496/16/1 494/16/1 495/16/1
f 497/16/1 498/16/1 500/16/1
f 500/16/1 498/16/1 499/16/1
f 501/7/1 502/7/1 380/7/1
f 380/7/1 502/7/1 381/7/1
f 502/16/1 503/16/1 381/16/1
f 381/16/1 503/16/1 504/16/1
f 505/16/1 506/16/1 385/16/1
f 385/16/1 506/16/1 386/16/1
f 507/16/1 508/16/1 387/16/1
f 387/16/1 508/16/1 388/16/1
f 509/16/1 510/16/1 512/16/1
f 512/16/1 510/16/1 511/16/1
f 513/16/1 514/16/1 516/16/1
f 516/16/1 514/16/1 515/16/1
f 517/16/1 518/16/1 520/16/1
f 520/16/1 518/16/1 519/16/1
f 521/16/1 522/16/1 524/16/1
f 524/16/1 522/16/1 523/16/1
f 525/7/1 526/7/1 402/7/1
f 402/7/1 526/7/1 403/7/1
f 526/16/1 527/16/1 403/16/1
f 403/16/1 527/16/1 528/16/1
f 529/16/1 530/16/1 407/16/1
f 407/16/1 530/16/1 408/16/1
f 531/16/1 532/16/1 409/16/1
f 409/16/1 532/16/1 410/16/1
f 533/16/1 534/16/1 536/16/1
f 536/16/1 534/16/1 535/16/1
f 537/16/1 538/16/1 540/16/1
f 540/16/1 538/16/1 539/16/1
f 541/16/1 542/16/1 544/16/1
f 544/16/1 542/16/1 543/16/1
f 545/16/1 546/16/1 548/16/1
f 548/16/1 546/16/1 547/16/1
f 549/7/1 550/7/1 424/7/1
f 424/7/1 550/7/1 425/7/1
f 550/16/1 551/16/1 425/16/1
f 425/16/1 551/16/1 552/16/1
f 553/16/1 554/16/1 429/16/1
f 429/16/1 554/16/1 430/16/1
f 555/16/1 556/16/1 431/16/1
f 431/16/1 556/16/1 432/16/1
f 557/16/1 558/16/1 560/16/1
f 560/16/1 558/16/1 559/16/1
f 561/16/1 562/16/1 564/16/1
f 564/16/1 562/16/1 563/16/1
f 565/16/1 566/16/1 568/16/1
f 568/16/1 566/16/1 567/16/1
f 569/16/1 570/16/1 572/16/1
f 572/16/1 570/16/1 571/16/1
f 573/7/1 574/7/1 446/7/1
f 446/7/1 574/7/1 447/7/1
f 574/16/1 575/16/1 447/16/1
f 447/16/1 575/16/1 576/16/1
f 577/16/1 578/16/1 451/16/1
f 451/16/1 578/16/1 452/16/1
f 579/16/1 580/16/1 453/16/1
f 453/16/1 580/16/1 454/16/1
f 581/16/1 582/16/1 584/16/1
f 584/16/1 582/16/1 583/16/1
f 585/16/1 586/16/1 588/16/1
f 588/16/1 586/16/1 587/16/1
f 589/10/1 590/10/1 591/10/1
f 591/10/1 590/10/1 469/10/1
f 590/6/1 592/6/1 469/6/1
f 469/6/1 592/6/1 470/6/1
f 592/10/1 593/10/1 470/10/1
f 470/10/1 593/10/1 471/10/1
f 594/10/1 595/10/1 596/10/1
f 596/10/1 595/10/1 475/10/1
f 595/5/1 597/5/1 361/5/1
f 361/5/1 597/5/1 598/5/1
f 599/6/1 600/6/1 602/6/1
f 602/6/1 600/6/1 601/6/1
f 603/16/1 604/16/1 606/16/1
f 606/16/1 604/16/1 605/16/1
f 607/16/1 608/16/1 501/16/1
f 501/16/1 608/16/1 502/16/1
f 609/16/1 610/16/1 612/16/1
f 612/16/1 610/16/1 611/16/1
f 613/16/1 614/16/1 503/16/1
f 503/16/1 614/16/1 507/16/1
f 615/16/1 616/16/1 618/16/1
f 618/16/1 616/16/1 617/16/1
f 619/16/1 620/16/1 622/16/1
f 622/16/1 620/16/1 621/16/1
f 623/16/1 624/16/1 626/16/1
f 626/16/1 624/16/1 625/16/1
f 627/16/1 628/16/1 525/16/1
f 525/16/1 628/16/1 526/16/1
f 629/16/1 630/16/1 632/16/1
f 632/16/1 630/16/1 631/16/1
f 633/16/1 634/16/1 527/16/1
f 527/16/1 634/16/1 531/16/1
f 635/16/1 636/16/1 638/16/1
f 638/16/1 636/16/1 637/16/1
f 639/16/1 640/16/1 642/16/1
f 642/16/1 640/16/1 641/16/1
f 643/16/1 644/16/1 646/16/1
f 646/16/1 644/16/1 645/16/1
f 647/16/1 648/16/1 549/16/1
f 549/16/1 648/16/1 550/16/1
f 649/16/1 650/16/1 652/16/1
f 652/16/1 650/16/1 651/16/1
f 653/16/1 654/16/1 551/16/1
f 551/16/1 654/16/1 555/16/1
f 655/16/1 656/16/1 658/16/1
f 658/16/1 656/16/1 657/16/1
f 659/16/1 660/16/1 662/16/1
f 662/16/1 660/16/1 661/16/1
f 663/16/1 664/16/1 666/16/1
f 666/16/1 664/16/1 665/16/1
f 667/16/1 668/16/1 573/16/1
f 573/16/1 668/16/1 574/16/1
f 669/16/1 670/16/1 672/16/1
f 672/16/1 670/16/1 671/16/1
f 673/16/1 674/16/1 575/16/1
f 575/16/1 674/16/1 579/16/1
f 675/16/1 676/16/1 678/16/1
f 678/16/1 676/16/1 677/16/1
f 679/16/1 680/16/1 682/16/1
f 682/16/1 680/16/1 681/16/1
f 683/10/1 684/10/1 686/10/1
f 686/10/1 684/10/1 685/10/1
f 687/13/1 688/13/1 690/13/1
f 690/13/1 688/13/1 689/13/1
f 691/13/1 692/13/1 694/13/1
f 694/13/1 692/13/1 693/13/1
f 695/6/1 696/6/1 589/6/1
f 589/6/1 696/6/1 590/6/1
f 697/6/1 698/6/1 592/6/1
f 592/6/1 698/6/1 699/6/1
f 700/10/1 701/10/1 703/10/1
f 703/10/1 701/10/1 702/10/1
f 701/10/1 704/10/1 705/10/1
f 705/10/1 704/10/1 596/10/1
f 706/6/1 707/6/1 709/6/1
f 709/6/1 707/6/1 708/6/1
f 710/16/1 711/16/1 713/16/1
f 713/16/1 711/16/1 712/16/1
f 714/16/1 715/16/1 717/16/1
f 717/16/1 715/16/1 716/16/1
f 718/16/1 719/16/1 721/16/1
f 721/16/1 719/16/1 720/16/1
f 722/16/1 723/16/1 725/16/1
f 725/16/1 723/16/1 724/16/1
f 726/16/1 727/16/1 729/16/1
f 729/16/1 727/16/1 728/16/1
f 730/16/1 731/16/1 733/16/1
f 733/16/1 731/16/1 732/16/1
f 734/16/1 735/16/1 737/16/1
f 737/16/1 735/16/1 736/16/1
f 738/16/1 739/16/1 741/16/1
f 741/16/1 739/16/1 740/16/1
f 742/10/1 743/10/1 744/10/1
f 744/10/1 743/10/1 686/10/1
f 745/5/1 746/5/1 748/5/1
f 748/5/1 746/5/1 747/5/1
f 749/6/1 750/6/1 5/6/1
f 5/6/1 750/6/1 7/6/1
f 750/10/1 751/10/1 695/10/1
f 695/10/1 751/10/1 696/10/1
f 751/6/1 752/6/1 696/6/1
f 696/6/1 752/6/1 697/6/1
f 752/10/1 753/10/1 697/10/1
f 697/10/1 753/10/1 754/10/1
f 755/13/1 756/13/1 758/13/1
f 758/13/1 756/13/1 757/13/1
f 759/13/1 760/13/1 762/13/1
f 762/13/1 760/13/1 761/13/1
f 763/6/1 764/6/1 750/6/1
f 750/6/1 764/6/1 751/6/1
f 764/10/1 765/10/1 751/10/1
f 751/10/1 765/10/1 752/10/1
f 765/6/1 766/6/1 752/6/1
f 752/6/1 766/6/1 767/6/1
f 766/6/1 768/6/1 769/6/1
f 769/6/1 768/6/1 15/6/1
f 770/6/1 771/6/1 701/6/1
f 701/6/1 771/6/1 704/6/1
f 772/13/1 773/13/1 775/13/1
f 775/13/1 773/13/1 774/13/1
f 773/2/1 776/2/1 778/2/1
f 778/2/1 776/2/1 777/2/1
f 779/10/1 780/10/1 763/10/1
f 763/10/1 780/10/1 764/10/1
f 780/6/1 781/6/1 764/6/1
f 764/6/1 781/6/1 765/6/1
f 782/6/1 783/6/1 784/6/1
f 784/6/1 783/6/1 766/6/1
f 783/10/1 785/10/1 766/10/1
f 766/10/1 785/10/1 768/10/1
f 785/6/1 786/6/1 788/6/1
f 788/6/1 786/6/1 787/6/1
f 786/10/1 789/10/1 770/10/1
f 770/10/1 789/10/1 790/10/1
f 789/6/1 791/6/1 790/6/1
f 790/6/1 791/6/1 792/6/1
f 793/10/1 794/10/1 743/10/1
f 743/10/1 794/10/1 795/10/1
f 794/10/1 796/10/1 798/10/1
f 798/10/1 796/10/1 797/10/1
f 799/5/1 800/5/1 802/5/1
f 802/5/1 800/5/1 801/5/1
f 803/6/1 804/6/1 779/6/1
f 779/6/1 804/6/1 780/6/1
f 804/10/1 805/10/1 780/10/1
f 780/10/1 805/10/1 781/10/1
f 805/6/1 806/6/1 781/6/1
f 781/6/1 806/6/1 782/6/1
f 806/10/1 807/10/1 782/10/1
f 782/10/1 807/10/1 783/10/1
f 807/6/1 808/6/1 783/6/1
f 783/6/1 808/6/1 785/6/1
f 809/10/1 810/10/1 799/10/1
f 799/10/1 810/10/1 800/10/1
f 811/6/1 812/6/1 813/6/1
f 813/6/1 812/6/1 763/6/1
f 812/10/1 814/10/1 803/10/1
f 803/10/1 814/10/1 804/10/1
f 815/10/1 816/10/1 807/10/1
f 807/10/1 816/10/1 808/10/1
f 816/6/1 817/6/1 808/6/1
f 808/6/1 817/6/1 818/6/1
f 819/10/1 820/10/1 822/10/1
f 822/10/1 820/10/1 821/10/1
f 823/13/1 824/13/1 826/13/1
f 826/13/1 824/13/1 825/13/1
f 827/13/1 828/13/1 830/13/1
f 830/13/1 828/13/1 829/13/1
f 831/2/1 832/2/1 834/2/1
f 834/2/1 832/2/1 833/2/1
f 835/6/1 836/6/1 806/6/1
f 806/6/1 836/6/1 807/6/1
f 836/6/1 837/6/1 815/6/1
f 815/6/1 837/6/1 816/6/1
f 838/10/1 839/10/1 841/10/1
f 841/10/1 839/10/1 840/10/1
f 839/10/1 842/10/1 843/10/1
f 843/10/1 842/10/1 822/10/1
f 844/5/1 845/5/1 847/5/1
f 847/5/1 845/5/1 846/5/1
f 848/6/1 849/6/1 850/6/1
f 850/6/1 849/6/1 835/6/1
f 851/16/1 852/16/1 854/16/1
f 854/16/1 852/16/1 853/16/1
f 855/16/1 856/16/1 858/16/1
f 858/16/1 856/16/1 857/16/1
f 859/16/1 860/16/1 862/16/1
f 862/16/1 860/16/1 861/16/1
f 863/13/1 864/13/1 866/13/1
f 866/13/1 864/13/1 865/13/1
f 867/2/1 868/2/1 870/2/1
f 870/2/1 868/2/1 869/2/1
f 871/10/1 872/10/1 848/10/1
f 848/10/1 872/10/1 873/10/1
f 872/6/1 874/6/1 873/6/1
f 873/6/1 874/6/1 875/6/1
f 874/10/1 876/10/1 875/10/1
f 875/10/1 876/10/1 877/10/1
f 876/6/1 878/6/1 877/6/1
f 877/6/1 878/6/1 849/6/1
f 879/16/1 880/16/1 882/16/1
f 882/16/1 880/16/1 881/16/1
f 883/16/1 884/16/1 886/16/1
f 886/16/1 884/16/1 885/16/1
f 887/16/1 888/16/1 890/16/1
f 890/16/1 888/16/1 889/16/1
f 888/7/1 891/7/1 889/7/1
f 889/7/1 891/7/1 892/7/1
f 891/16/1 893/16/1 892/16/1
f 892/16/1 893/16/1 894/16/1
f 895/16/1 896/16/1 898/16/1
f 898/16/1 896/16/1 897/16/1
f 899/13/1 900/13/1 902/13/1
f 902/13/1 900/13/1 901/13/1
f 903/10/1 904/10/1 872/10/1
f 872/10/1 904/10/1 874/10/1
f 904/6/1 905/6/1 874/6/1
f 874/6/1 905/6/1 876/6/1
f 906/16/1 907/16/1 909/16/1
f 909/16/1 907/16/1 908/16/1
f 910/16/1 911/16/1 913/16/1
f 913/16/1 911/16/1 912/16/1
f 914/16/1 915/16/1 917/16/1
f 917/16/1 915/16/1 916/16/1
f 918/7/1 919/7/1 921/7/1
f 921/7/1 919/7/1 920/7/1
f 922/7/1 923/7/1 925/7/1
f 925/7/1 923/7/1 924/7/1
f 926/16/1 927/16/1 929/16/1
f 929/16/1 927/16/1 928/16/1
f 930/16/1 931/16/1 933/16/1
f 933/16/1 931/16/1 932/16/1
f 934/16/1 935/16/1 937/16/1
f 937/16/1 935/16/1 936/16/1
f 938/5/1 939/5/1 941/5/1
f 941/5/1 939/5/1 940/5/1
f 942/10/1 943/10/1 944/10/1
f 944/10/1 943/10/1 903/10/1
f 943/6/1 945/6/1 903/6/1
f 903/6/1 945/6/1 904/6/1
f 946/16/1 947/16/1 949/16/1
f 949/16/1 947/16/1 948/16/1
f 950/16/1 951/16/1 953/16/1
f 953/16/1 951/16/1 952/16/1
f 954/16/1 955/16/1 957/16/1
f 957/16/1 955/16/1 956/16/1
f 958/16/1 959/16/1 961/16/1
f 961/16/1 959/16/1 960/16/1
f 959/7/1 962/7/1 964/7/1
f 964/7/1 962/7/1 963/7/1
f 965/13/1 966/13/1 968/13/1
f 968/13/1 966/13/1 967/13/1
f 962/16/1 969/16/1 971/16/1
f 971/16/1 969/16/1 970/16/1
f 966/2/1 972/2/1 967/2/1
f 967/2/1 972/2/1 973/2/1
f 974/16/1 975/16/1 977/16/1
f 977/16/1 975/16/1 976/16/1
f 978/16/1 979/16/1 923/16/1
f 923/16/1 979/16/1 980/16/1
f 981/10/1 982/10/1 984/10/1
f 984/10/1 982/10/1 983/10/1
f 985/10/1 986/10/1 467/10/1
f 467/10/1 986/10/1 987/10/1
f 988/6/1 989/6/1 942/6/1
f 942/6/1 989/6/1 943/6/1
f 990/16/1 991/16/1 993/16/1
f 993/16/1 991/16/1 992/16/1
f 994/16/1 995/16/1 997/16/1
f 997/16/1 995/16/1 996/16/1
f 998/7/1 999/7/1 955/7/1
f 955/7/1 999/7/1 1000/7/1
f 1001/2/1 1002/2/1 1003/2/1
f 1003/2/1 1002/2/1 965/2/1
f 1004/16/1 1005/16/1 1006/16/1
f 1006/16/1 1005/16/1 974/16/1
f 1007/7/1 1008/7/1 969/7/1
f 969/7/1 1008/7/1 1009/7/1
f 1008/16/1 1010/16/1 1009/16/1
f 1009/16/1 1010/16/1 978/16/1
f 1011/2/1 1012/2/1 972/2/1
f 972/2/1 1012/2/1 1013/2/1
f 1014/7/1 1015/7/1 1017/7/1
f 1017/7/1 1015/7/1 1016/7/1
f 1018/16/1 1019/16/1 1021/16/1
f 1021/16/1 1019/16/1 1020/16/1
f 1022/16/1 1023/16/1 1025/16/1
f 1025/16/1 1023/16/1 1024/16/1
f 1026/5/1 1027/5/1 1029/5/1
f 1029/5/1 1027/5/1 1028/5/1
f 1030/13/1 1031/13/1 1033/13/1
f 1033/13/1 1031/13/1 1032/13/1
f 1034/5/1 1035/5/1 985/5/1
f 985/5/1 1035/5/1 986/5/1
f 1036/6/1 1037/6/1 1039/6/1
f 1039/6/1 1037/6/1 1038/6/1
f 1035/6/1 1040/6/1 1042/6/1
f 1042/6/1 1040/6/1 1041/6/1
f 1043/16/1 1044/16/1 1046/16/1
f 1046/16/1 1044/16/1 1045/16/1
f 1047/16/1 1048/16/1 1050/16/1
f 1050/16/1 1048/16/1 1049/16/1
f 1051/16/1 1052/16/1 1053/16/1
f 1053/16/1 1052/16/1 999/16/1
f 1054/13/1 1055/13/1 1001/13/1
f 1001/13/1 1055/13/1 1002/13/1
f 1056/7/1 1057/7/1 1058/7/1
f 1058/7/1 1057/7/1 1007/7/1
f 1059/13/1 1060/13/1 1011/13/1
f 1011/13/1 1060/13/1 1061/13/1
f 1062/16/1 1063/16/1 1065/16/1
f 1065/16/1 1063/16/1 1064/16/1
f 1066/16/1 1067/16/1 1014/16/1
f 1014/16/1 1067/16/1 1015/16/1
f 1068/16/1 1069/16/1 1071/16/1
f 1071/16/1 1069/16/1 1070/16/1
f 1072/17/1 1073/17/1 1075/17/1
f 1075/17/1 1073/17/1 1074/17/1
f 1076/6/1 1077/6/1 1079/6/1
f 1079/6/1 1077/6/1 1078/6/1
f 1077/6/1 1080/6/1 1082/6/1
f 1082/6/1 1080/6/1 1081/6/1
f 1083/13/1 1084/13/1 1085/13/1
f 1085/13/1 1084/13/1 1001/13/1
f 1086/16/1 1087/16/1 1088/16/1
f 1088/16/1 1087/16/1 1052/16/1
f 1089/16/1 1090/16/1 959/16/1
f 959/16/1 1090/16/1 962/16/1
f 1090/16/1 1091/16/1 1056/16/1
f 1056/16/1 1091/16/1 1057/16/1
f 1092/2/1 1093/2/1 1094/2/1
f 1094/2/1 1093/2/1 1059/2/1
f 1095/16/1 1096/16/1 1005/16/1
f 1005/16/1 1096/16/1 1065/16/1
f 1097/16/1 1098/16/1 1100/16/1
f 1100/16/1 1098/16/1 1099/16/1
f 1101/16/1 1102/16/1 1104/16/1
f 1104/16/1 1102/16/1 1103/16/1
f 1105/16/1 1106/16/1 1108/16/1
f 1108/16/1 1106/16/1 1107/16/1
f 1109/6/1 1110/6/1 1112/6/1
f 1112/6/1 1110/6/1 1111/6/1
f 1110/6/1 1113/6/1 1115/6/1
f 1115/6/1 1113/6/1 1114/6/1
f 1116/6/1 1117/6/1 1119/6/1
f 1119/6/1 1117/6/1 1118/6/1
f 1117/6/1 1120/6/1 1122/6/1
f 1122/6/1 1120/6/1 1121/6/1
f 1123/16/1 1124/16/1 1126/16/1
f 1126/16/1 1124/16/1 1125/16/1
f 1127/7/1 1128/7/1 1086/7/1
f 1086/7/1 1128/7/1 1087/7/1
f 1129/2/1 1130/2/1 1055/2/1
f 1055/2/1 1130/2/1 1094/2/1
f 1128/16/1 1131/16/1 1087/16/1
f 1087/16/1 1131/16/1 1132/16/1
f 1130/13/1 1133/13/1 1092/13/1
f 1092/13/1 1133/13/1 1093/13/1
f 1134/16/1 1135/16/1 1091/16/1
f 1091/16/1 1135/16/1 1097/16/1
f 1136/16/1 1137/16/1 1139/16/1
f 1139/16/1 1137/16/1 1138/16/1
f 1140/16/1 1141/16/1 1143/16/1
f 1143/16/1 1141/16/1 1142/16/1
f 1144/10/1 1145/10/1 842/10/1
f 842/10/1 1145/10/1 1146/10/1
f 1145/5/1 1147/5/1 1149/5/1
f 1149/5/1 1147/5/1 1148/5/1
f 1150/17/1 1151/17/1 1153/17/1
f 1153/17/1 1151/17/1 1152/17/1
f 1154/17/1 1155/17/1 1157/17/1
f 1157/17/1 1155/17/1 1156/17/1
f 1158/6/1 1159/6/1 1161/6/1
f 1161/6/1 1159/6/1 1160/6/1
f 1162/6/1 1163/6/1 1165/6/1
f 1165/6/1 1163/6/1 1164/6/1
f 1163/6/1 1166/6/1 1168/6/1
f 1168/6/1 1166/6/1 1167/6/1
f 1166/6/1 1169/6/1 1171/6/1
f 1171/6/1 1169/6/1 1170/6/1
f 1172/16/1 1173/16/1 1175/16/1
f 1175/16/1 1173/16/1 1174/16/1
f 1176/16/1 1177/16/1 1179/16/1
f 1179/16/1 1177/16/1 1178/16/1
f 1180/7/1 1181/7/1 1183/7/1
f 1183/7/1 1181/7/1 1182/7/1
f 1184/16/1 1185/16/1 1186/16/1
f 1186/16/1 1185/16/1 1131/16/1
f 1187/7/1 1188/7/1 1190/7/1
f 1190/7/1 1188/7/1 1189/7/1
f 1188/16/1 1191/16/1 1189/16/1
f 1189/16/1 1191/16/1 1192/16/1
f 1193/16/1 1194/16/1 1196/16/1
f 1196/16/1 1194/16/1 1195/16/1
f 1197/16/1 1198/16/1 1200/16/1
f 1200/16/1 1198/16/1 1199/16/1
f 1201/18/1 1202/18/1 1204/18/1
f 1204/18/1 1202/18/1 1203/18/1
f 1205/6/1 1206/6/1 1208/6/1
f 1208/6/1 1206/6/1 1207/6/1
f 1209/16/1 1210/16/1 1212/16/1
f 1212/16/1 1210/16/1 1211/16/1
f 1213/16/1 1214/16/1 1216/16/1
f 1216/16/1 1214/16/1 1215/16/1
f 1217/16/1 1218/16/1 1220/16/1
f 1220/16/1 1218/16/1 1219/16/1
f 1221/16/1 1222/16/1 1224/16/1
f 1224/16/1 1222/16/1 1223/16/1
f 1225/16/1 1226/16/1 1228/16/1
f 1228/16/1 1226/16/1 1227/16/1
f 1229/16/1 1230/16/1 1181/16/1
f 1181/16/1 1230/16/1 1187/16/1
f 1231/16/1 1232/16/1 1234/16/1
f 1234/16/1 1232/16/1 1233/16/1
f 1235/16/1 1236/16/1 1238/16/1
f 1238/16/1 1236/16/1 1237/16/1
f 1239/16/1 1240/16/1 1242/16/1
f 1242/16/1 1240/16/1 1241/16/1
f 1243/10/1 1244/10/1 1246/10/1
f 1246/10/1 1244/10/1 1245/10/1
f 1247/17/1 1248/17/1 1250/17/1
f 1250/17/1 1248/17/1 1249/17/1
f 1251/17/1 1252/17/1 1254/17/1
f 1254/17/1 1252/17/1 1253/17/1
f 1255/6/1 1256/6/1 1258/6/1
f 1258/6/1 1256/6/1 1257/6/1
f 1259/6/1 1260/6/1 1262/6/1
f 1262/6/1 1260/6/1 1261/6/1
f 1263/6/1 1264/6/1 1266/6/1
f 1266/6/1 1264/6/1 1265/6/1
f 1267/16/1 1268/16/1 1270/16/1
f 1270/16/1 1268/16/1 1269/16/1
f 1271/16/1 1272/16/1 1274/16/1
f 1274/16/1 1272/16/1 1273/16/1
f 1275/16/1 1276/16/1 1278/16/1
f 1278/16/1 1276/16/1 1277/16/1
f 1276/7/1 1279/7/1 1277/7/1
f 1277/7/1 1279/7/1 1280/7/1
f 1279/16/1 1281/16/1 1280/16/1
f 1280/16/1 1281/16/1 1282/16/1
f 1283/16/1 1284/16/1 1286/16/1
f 1286/16/1 1284/16/1 1285/16/1
f 1287/17/1 1288/17/1 1290/17/1
f 1290/17/1 1288/17/1 1289/17/1
f 1291/6/1 1292/6/1 1294/6/1
f 1294/6/1 1292/6/1 1293/6/1
f 1295/6/1 1296/6/1 1298/6/1
f 1298/6/1 1296/6/1 1297/6/1
f 1299/16/1 1300/16/1 1302/16/1
f 1302/16/1 1300/16/1 1301/16/1
f 1303/16/1 1304/16/1 1306/16/1
f 1306/16/1 1304/16/1 1305/16/1
f 1307/16/1 1308/16/1 1310/16/1
f 1310/16/1 1308/16/1 1309/16/1
f 1311/7/1 1312/7/1 1314/7/1
f 1314/7/1 1312/7/1 1313/7/1
f 1315/7/1 1316/7/1 1318/7/1
f 1318/7/1 1316/7/1 1317/7/1
f 1319/16/1 1320/16/1 1322/16/1
f 1322/16/1 1320/16/1 1321/16/1
f 1323/16/1 1324/16/1 1326/16/1
f 1326/16/1 1324/16/1 1325/16/1
f 1327/16/1 1328/16/1 1330/16/1
f 1330/16/1 1328/16/1 1329/16/1
f 1331/10/1 1332/10/1 1334/10/1
f 1334/10/1 1332/10/1 1333/10/1
f 1332/10/1 1335/10/1 1337/10/1
f 1337/10/1 1335/10/1 1336/10/1
f 1335/10/1 1338/10/1 1340/10/1
f 1340/10/1 1338/10/1 1339/10/1
f 1341/17/1 1342/17/1 1344/17/1
f 1344/17/1 1342/17/1 1343/17/1
f 1345/17/1 1346/17/1 1348/17/1
f 1348/17/1 1346/17/1 1347/17/1
f 1349/18/1 1350/18/1 1352/18/1
f 1352/18/1 1350/18/1 1351/18/1
f 1353/17/1 1354/17/1 1356/17/1
f 1356/17/1 1354/17/1 1355/17/1
f 1357/6/1 1358/6/1 1360/6/1
f 1360/6/1 1358/6/1 1359/6/1
f 1361/16/1 1362/16/1 1364/16/1
f 1364/16/1 1362/16/1 1363/16/1
f 1365/16/1 1366/16/1 1368/16/1
f 1368/16/1 1366/16/1 1367/16/1
f 1369/16/1 1370/16/1 1372/16/1
f 1372/16/1 1370/16/1 1371/16/1
f 1373/16/1 1374/16/1 1376/16/1
f 1376/16/1 1374/16/1 1375/16/1
f 1374/7/1 1377/7/1 1379/7/1
f 1379/7/1 1377/7/1 1378/7/1
f 1380/13/1 1381/13/1 1383/13/1
f 1383/13/1 1381/13/1 1382/13/1
f 1377/16/1 1384/16/1 1386/16/1
f 1386/16/1 1384/16/1 1385/16/1
f 1381/2/1 1387/2/1 1382/2/1
f 1382/2/1 1387/2/1 1388/2/1
f 1389/16/1 1390/16/1 1392/16/1
f 1392/16/1 1390/16/1 1391/16/1
f 1393/16/1 1394/16/1 1316/16/1
f 1316/16/1 1394/16/1 1395/16/1
f 1396/16/1 1397/16/1 1399/16/1
f 1399/16/1 1397/16/1 1398/16/1
f 1400/16/1 1401/16/1 1403/16/1
f 1403/16/1 1401/16/1 1402/16/1
f 1404/16/1 1405/16/1 1407/16/1
f 1407/16/1 1405/16/1 1406/16/1
f 1408/7/1 1409/7/1 1370/7/1
f 1370/7/1 1409/7/1 1410/7/1
f 1411/2/1 1412/2/1 1413/2/1
f 1413/2/1 1412/2/1 1380/2/1
f 1414/16/1 1415/16/1 1416/16/1
f 1416/16/1 1415/16/1 1389/16/1
f 1417/7/1 1418/7/1 1384/7/1
f 1384/7/1 1418/7/1 1419/7/1
f 1418/16/1 1420/16/1 1419/16/1
f 1419/16/1 1420/16/1 1393/16/1
f 1421/2/1 1422/2/1 1387/2/1
f 1387/2/1 1422/2/1 1423/2/1
f 1424/7/1 1425/7/1 1427/7/1
f 1427/7/1 1425/7/1 1426/7/1
f 1428/16/1 1429/16/1 1431/16/1
f 1431/16/1 1429/16/1 1430/16/1
f 1432/16/1 1433/16/1 1435/16/1
f 1435/16/1 1433/16/1 1434/16/1
f 1436/10/1 1437/10/1 1439/10/1
f 1439/10/1 1437/10/1 1438/10/1
f 1440/17/1 1441/17/1 1443/17/1
f 1443/17/1 1441/17/1 1442/17/1
f 1444/18/1 1445/18/1 1447/18/1
f 1447/18/1 1445/18/1 1446/18/1
f 1448/17/1 1449/17/1 1451/17/1
f 1451/17/1 1449/17/1 1450/17/1
f 1452/6/1 1453/6/1 1455/6/1
f 1455/6/1 1453/6/1 1454/6/1
f 1456/16/1 1457/16/1 1459/16/1
f 1459/16/1 1457/16/1 1458/16/1
f 1460/16/1 1461/16/1 1463/16/1
f 1463/16/1 1461/16/1 1462/16/1
f 1464/16/1 1465/16/1 1466/16/1
f 1466/16/1 1465/16/1 1409/16/1
f 1467/13/1 1468/13/1 1411/13/1
f 1411/13/1 1468/13/1 1412/13/1
f 1469/7/1 1470/7/1 1471/7/1
f 1471/7/1 1470/7/1 1417/7/1
f 1472/13/1 1473/13/1 1421/13/1
f 1421/13/1 1473/13/1 1474/13/1
f 1475/16/1 1476/16/1 1478/16/1
f 1478/16/1 1476/16/1 1477/16/1
f 1479/16/1 1480/16/1 1424/16/1
f 1424/16/1 1480/16/1 1425/16/1
f 1481/16/1 1482/16/1 1484/16/1
f 1484/16/1 1482/16/1 1483/16/1
f 1485/6/1 1486/6/1 1487/6/1
f 1487/6/1 1486/6/1 1360/6/1
f 1488/17/1 1489/17/1 1491/17/1
f 1491/17/1 1489/17/1 1490/17/1
f 1492/17/1 1493/17/1 1495/17/1
f 1495/17/1 1493/17/1 1494/17/1
f 1496/17/1 1497/17/1 1499/17/1
f 1499/17/1 1497/17/1 1498/17/1
f 1486/6/1 1500/6/1 1502/6/1
f 1502/6/1 1500/6/1 1501/6/1
f 1503/6/1 1504/6/1 1506/6/1
f 1506/6/1 1504/6/1 1505/6/1
f 1507/13/1 1508/13/1 1509/13/1
f 1509/13/1 1508/13/1 1411/13/1
f 1510/16/1 1511/16/1 1512/16/1
f 1512/16/1 1511/16/1 1465/16/1
f 1513/16/1 1514/16/1 1374/16/1
f 1374/16/1 1514/16/1 1377/16/1
f 1514/16/1 1515/16/1 1469/16/1
f 1469/16/1 1515/16/1 1470/16/1
f 1516/2/1 1517/2/1 1518/2/1
f 1518/2/1 1517/2/1 1472/2/1
f 1519/16/1 1520/16/1 1415/16/1
f 1415/16/1 1520/16/1 1478/16/1
f 1521/16/1 1522/16/1 1524/16/1
f 1524/16/1 1522/16/1 1523/16/1
f 1525/16/1 1526/16/1 1528/16/1
f 1528/16/1 1526/16/1 1527/16/1
f 1529/16/1 1530/16/1 1532/16/1
f 1532/16/1 1530/16/1 1531/16/1
f 1533/6/1 1534/6/1 1536/6/1
f 1536/6/1 1534/6/1 1535/6/1
f 1537/6/1 1538/6/1 1540/6/1
f 1540/6/1 1538/6/1 1539/6/1
f 1541/6/1 1542/6/1 1544/6/1
f 1544/6/1 1542/6/1 1543/6/1
f 1545/16/1 1546/16/1 1548/16/1
f 1548/16/1 1546/16/1 1547/16/1
f 1549/16/1 1550/16/1 1552/16/1
f 1552/16/1 1550/16/1 1551/16/1
f 1553/16/1 1554/16/1 1556/16/1
f 1556/16/1 1554/16/1 1555/16/1
f 1557/7/1 1558/7/1 1510/7/1
f 1510/7/1 1558/7/1 1511/7/1
f 1559/2/1 1560/2/1 1468/2/1
f 1468/2/1 1560/2/1 1518/2/1
f 1558/16/1 1561/16/1 1511/16/1
f 1511/16/1 1561/16/1 1562/16/1
f 1560/13/1 1563/13/1 1516/13/1
f 1516/13/1 1563/13/1 1517/13/1
f 1564/16/1 1565/16/1 1515/16/1
f 1515/16/1 1565/16/1 1521/16/1
f 1566/16/1 1567/16/1 1569/16/1
f 1569/16/1 1567/16/1 1568/16/1
f 1570/16/1 1571/16/1 1573/16/1
f 1573/16/1 1571/16/1 1572/16/1
f 1574/17/1 1575/17/1 1577/17/1
f 1577/17/1 1575/17/1 1576/17/1
f 1578/17/1 1579/17/1 1581/17/1
f 1581/17/1 1579/17/1 1580/17/1
f 1582/6/1 1583/6/1 1585/6/1
f 1585/6/1 1583/6/1 1584/6/1
f 1583/6/1 1586/6/1 1497/6/1
f 1497/6/1 1586/6/1 1587/6/1
f 1586/6/1 1588/6/1 1590/6/1
f 1590/6/1 1588/6/1 1589/6/1
f 1588/6/1 1591/6/1 1593/6/1
f 1593/6/1 1591/6/1 1592/6/1
f 1591/6/1 1594/6/1 1596/6/1
f 1596/6/1 1594/6/1 1595/6/1
f 1597/6/1 1598/6/1 1600/6/1
f 1600/6/1 1598/6/1 1599/6/1
f 1601/16/1 1602/16/1 1604/16/1
f 1604/16/1 1602/16/1 1603/16/1
f 1605/16/1 1606/16/1 1608/16/1
f 1608/16/1 1606/16/1 1607/16/1
f 1609/16/1 1610/16/1 1612/16/1
f 1612/16/1 1610/16/1 1611/16/1
f 1613/16/1 1614/16/1 1616/16/1
f 1616/16/1 1614/16/1 1615/16/1
f 1617/7/1 1618/7/1 1620/7/1
f 1620/7/1 1618/7/1 1619/7/1
f 1621/16/1 1622/16/1 1623/16/1
f 1623/16/1 1622/16/1 1561/16/1
f 1624/7/1 1625/7/1 1627/7/1
f 1627/7/1 1625/7/1 1626/7/1
f 1625/16/1 1628/16/1 1626/16/1
f 1626/16/1 1628/16/1 1629/16/1
f 1630/16/1 1631/16/1 1633/16/1
f 1633/16/1 1631/16/1 1632/16/1
f 1634/16/1 1635/16/1 1637/16/1
f 1637/16/1 1635/16/1 1636/16/1
f 1638/10/1 1639/10/1 1641/10/1
f 1641/10/1 1639/10/1 1640/10/1
f 1642/10/1 1643/10/1 1645/10/1
f 1645/10/1 1643/10/1 1644/10/1
f 1646/17/1 1647/17/1 1649/17/1
f 1649/17/1 1647/17/1 1648/17/1
f 1650/17/1 1651/17/1 1653/17/1
f 1653/17/1 1651/17/1 1652/17/1
f 1654/6/1 1655/6/1 1657/6/1
f 1657/6/1 1655/6/1 1656/6/1
f 1658/6/1 1659/6/1 1661/6/1
f 1661/6/1 1659/6/1 1660/6/1
f 1662/7/1 1663/7/1 1601/7/1
f 1601/7/1 1663/7/1 1602/7/1
f 1664/7/1 1665/7/1 1667/7/1
f 1667/7/1 1665/7/1 1666/7/1
f 1668/16/1 1669/16/1 1670/16/1
f 1670/16/1 1669/16/1 1549/16/1
f 1671/7/1 1672/7/1 1674/7/1
f 1674/7/1 1672/7/1 1673/7/1
f 1675/7/1 1676/7/1 1678/7/1
f 1678/7/1 1676/7/1 1677/7/1
f 1679/16/1 1680/16/1 1682/16/1
f 1682/16/1 1680/16/1 1681/16/1
f 1683/16/1 1684/16/1 1686/16/1
f 1686/16/1 1684/16/1 1685/16/1
f 1687/16/1 1688/16/1 1618/16/1
f 1618/16/1 1688/16/1 1624/16/1
f 1689/16/1 1690/16/1 1692/16/1
f 1692/16/1 1690/16/1 1691/16/1
f 1693/16/1 1694/16/1 1696/16/1
f 1696/16/1 1694/16/1 1695/16/1
f 1697/16/1 1698/16/1 1700/16/1
f 1700/16/1 1698/16/1 1699/16/1
f 1701/17/1 1702/17/1 1704/17/1
f 1704/17/1 1702/17/1 1703/17/1
f 1705/17/1 1706/17/1 1708/17/1
f 1708/17/1 1706/17/1 1707/17/1
f 1709/6/1 1710/6/1 1712/6/1
f 1712/6/1 1710/6/1 1711/6/1
f 1710/6/1 1713/6/1 1715/6/1
f 1715/6/1 1713/6/1 1714/6/1
f 1713/6/1 1716/6/1 1718/6/1
f 1718/6/1 1716/6/1 1717/6/1
f 1719/6/1 1720/6/1 1722/6/1
f 1722/6/1 1720/6/1 1721/6/1
f 1723/6/1 1724/6/1 1726/6/1
f 1726/6/1 1724/6/1 1725/6/1
f 1727/16/1 1728/16/1 1729/16/1
f 1729/16/1 1728/16/1 1662/16/1
f 1730/16/1 1731/16/1 1666/16/1
f 1666/16/1 1731/16/1 1732/16/1
f 1733/7/1 1734/7/1 1736/7/1
f 1736/7/1 1734/7/1 1735/7/1
f 1737/10/1 1738/10/1 1739/10/1
f 1739/10/1 1738/10/1 1437/10/1
f 1740/6/1 1741/6/1 1743/6/1
f 1743/6/1 1741/6/1 1742/6/1
f 1744/10/1 1745/10/1 1747/10/1
f 1747/10/1 1745/10/1 1746/10/1
f 1745/10/1 1748/10/1 1750/10/1
f 1750/10/1 1748/10/1 1749/10/1
f 1748/10/1 1751/10/1 1753/10/1
f 1753/10/1 1751/10/1 1752/10/1
f 1751/10/1 1754/10/1 1756/10/1
f 1756/10/1 1754/10/1 1755/10/1
f 1754/10/1 1757/10/1 1759/10/1
f 1759/10/1 1757/10/1 1758/10/1
f 1760/6/1 1761/6/1 1763/6/1
f 1763/6/1 1761/6/1 1762/6/1
f 1757/10/1 1764/10/1 1766/10/1
f 1766/10/1 1764/10/1 1765/10/1
f 1764/10/1 1767/10/1 1769/10/1
f 1769/10/1 1767/10/1 1768/10/1
f 1767/10/1 1770/10/1 1772/10/1
f 1772/10/1 1770/10/1 1771/10/1
f 1773/6/1 1774/6/1 1776/6/1
f 1776/6/1 1774/6/1 1775/6/1
f 1777/16/1 1778/16/1 1780/16/1
f 1780/16/1 1778/16/1 1779/16/1
f 1778/16/1 1781/16/1 1664/16/1
f 1664/16/1 1781/16/1 1665/16/1
f 1782/16/1 1783/16/1 1671/16/1
f 1671/16/1 1783/16/1 1672/16/1
f 1783/16/1 1784/16/1 1673/16/1
f 1673/16/1 1784/16/1 1785/16/1
f 1786/16/1 1787/16/1 1789/16/1
f 1789/16/1 1787/16/1 1788/16/1
f 1790/18/1 1791/18/1 1793/18/1
f 1793/18/1 1791/18/1 1792/18/1
f 1794/6/1 1795/6/1 1797/6/1
f 1797/6/1 1795/6/1 1796/6/1
f 1798/17/1 1799/17/1 1801/17/1
f 1801/17/1 1799/17/1 1800/17/1
f 1802/17/1 1803/17/1 1805/17/1
f 1805/17/1 1803/17/1 1804/17/1
f 1795/6/1 1806/6/1 1706/6/1
f 1706/6/1 1806/6/1 1807/6/1
f 1808/17/1 1809/17/1 1811/17/1
f 1811/17/1 1809/17/1 1810/17/1
f 1812/17/1 1813/17/1 1815/17/1
f 1815/17/1 1813/17/1 1814/17/1
f 1816/17/1 1817/17/1 1819/17/1
f 1819/17/1 1817/17/1 1818/17/1
f 1820/11/1 1821/11/1 1823/11/1
f 1823/11/1 1821/11/1 1822/11/1
f 1824/11/1 1825/11/1 1827/11/1
f 1827/11/1 1825/11/1 1826/11/1
f 1806/6/1 1828/6/1 1830/6/1
f 1830/6/1 1828/6/1 1829/6/1
f 1828/6/1 1831/6/1 1833/6/1
f 1833/6/1 1831/6/1 1832/6/1
f 1834/17/1 1835/17/1 1837/17/1
f 1837/17/1 1835/17/1 1836/17/1
f 1831/6/1 1838/6/1 1840/6/1
f 1840/6/1 1838/6/1 1839/6/1
f 1841/11/1 1842/11/1 1844/11/1
f 1844/11/1 1842/11/1 1843/11/1
f 1845/14/1 1846/14/1 1848/14/1
f 1848/14/1 1846/14/1 1847/14/1
f 1849/6/1 1850/6/1 1852/6/1
f 1852/6/1 1850/6/1 1851/6/1
f 1853/11/1 1854/11/1 1856/11/1
f 1856/11/1 1854/11/1 1855/11/1
f 1857/17/1 1858/17/1 1860/17/1
f 1860/17/1 1858/17/1 1859/17/1
f 1854/17/1 1861/17/1 1855/17/1
f 1855/17/1 1861/17/1 1862/17/1
f 1863/17/1 1864/17/1 1866/17/1
f 1866/17/1 1864/17/1 1865/17/1
f 1867/17/1 1868/17/1 1870/17/1
f 1870/17/1 1868/17/1 1869/17/1
f 1871/6/1 1872/6/1 1874/6/1
f 1874/6/1 1872/6/1 1873/6/1
f 1875/16/1 1876/16/1 1878/16/1
f 1878/16/1 1876/16/1 1877/16/1
f 1879/16/1 1880/16/1 1882/16/1
f 1882/16/1 1880/16/1 1881/16/1
f 1883/7/1 1884/7/1 1782/7/1
f 1782/7/1 1884/7/1 1783/7/1
f 1885/16/1 1886/16/1 1888/16/1
f 1888/16/1 1886/16/1 1887/16/1
f 1889/16/1 1890/16/1 1892/16/1
f 1892/16/1 1890/16/1 1891/16/1
f 1893/10/1 1894/10/1 1895/10/1
f 1895/10/1 1894/10/1 1439/10/1
f 1896/5/1 1897/5/1 1899/5/1
f 1899/5/1 1897/5/1 1898/5/1
f 1900/6/1 1901/6/1 1903/6/1
f 1903/6/1 1901/6/1 1902/6/1
f 1904/6/1 1905/6/1 1907/6/1
f 1907/6/1 1905/6/1 1906/6/1
f 1908/14/1 1909/14/1 1911/14/1
f 1911/14/1 1909/14/1 1910/14/1
f 1909/14/1 1912/14/1 1913/14/1
f 1913/14/1 1912/14/1 1845/14/1
f 1897/5/1 1914/5/1 1916/5/1
f 1916/5/1 1914/5/1 1915/5/1
f 1917/14/1 1918/14/1 1919/14/1
f 1919/14/1 1918/14/1 1846/14/1
f 1920/6/1 1921/6/1 1923/6/1
f 1923/6/1 1921/6/1 1922/6/1
f 1924/16/1 1925/16/1 1927/16/1
f 1927/16/1 1925/16/1 1926/16/1
f 1928/16/1 1929/16/1 1931/16/1
f 1931/16/1 1929/16/1 1930/16/1
f 1929/16/1 1932/16/1 1934/16/1
f 1934/16/1 1932/16/1 1933/16/1
f 1932/16/1 1935/16/1 1546/16/1
f 1546/16/1 1935/16/1 1936/16/1
f 1937/16/1 1938/16/1 1940/16/1
f 1940/16/1 1938/16/1 1939/16/1
f 1935/16/1 1941/16/1 1883/16/1
f 1883/16/1 1941/16/1 1884/16/1
f 1942/10/1 1943/10/1 1945/10/1
f 1945/10/1 1943/10/1 1944/10/1
f 1943/10/1 1946/10/1 1948/10/1
f 1948/10/1 1946/10/1 1947/10/1
f 1949/10/1 1950/10/1 1952/10/1
f 1952/10/1 1950/10/1 1951/10/1
f 1953/16/1 1954/16/1 1956/16/1
f 1956/16/1 1954/16/1 1955/16/1
f 1957/16/1 1958/16/1 1960/16/1
f 1960/16/1 1958/16/1 1959/16/1
f 1961/10/1 1962/10/1 1950/10/1
f 1950/10/1 1962/10/1 1963/10/1
f 1964/10/1 1965/10/1 1966/10/1
f 1966/10/1 1965/10/1 1942/10/1
f 1965/10/1 1967/10/1 1969/10/1
f 1969/10/1 1967/10/1 1968/10/1
f 1967/10/1 1970/10/1 1896/10/1
f 1896/10/1 1970/10/1 1897/10/1
f 1970/10/1 1971/10/1 1972/10/1
f 1972/10/1 1971/10/1 1949/10/1
f 1973/10/1 1974/10/1 1976/10/1
f 1976/10/1 1974/10/1 1975/10/1
f 1977/10/1 1978/10/1 1979/10/1
f 1979/10/1 1978/10/1 1950/10/1
f 1980/10/1 1981/10/1 1983/10/1
f 1983/10/1 1981/10/1 1982/10/1
f 1984/10/1 1985/10/1 1987/10/1
f 1987/10/1 1985/10/1 1986/10/1
f 1988/10/1 1989/10/1 1991/10/1
f 1991/10/1 1989/10/1 1990/10/1
f 1992/10/1 1993/10/1 1995/10/1
f 1995/10/1 1993/10/1 1994/10/1
f 1996/10/1 1997/10/1 1999/10/1
f 1999/10/1 1997/10/1 1998/10/1
f 1997/10/1 2000/10/1 2002/10/1
f 2002/10/1 2000/10/1 2001/10/1
f 2003/16/1 2004/16/1 2006/16/1
f 2006/16/1 2004/16/1 2005/16/1
f 2000/10/1 2007/10/1 2008/10/1
f 2008/10/1 2007/10/1 1991/10/1
f 2009/16/1 2010/16/1 2012/16/1
f 2012/16/1 2010/16/1 2011/16/1
f 2013/16/1 2014/16/1 2016/16/1
f 2016/16/1 2014/16/1 2015/16/1
f 2017/16/1 2018/16/1 2020/16/1
f 2020/16/1 2018/16/1 2019/16/1
f 2021/16/1 2022/16/1 2024/16/1
f 2024/16/1 2022/16/1 2023/16/1
f 2025/16/1 2026/16/1 2028/16/1
f 2028/16/1 2026/16/1 2027/16/1
f 2029/10/1 2030/10/1 2032/10/1
f 2032/10/1 2030/10/1 2031/10/1
f 2030/10/1 2033/10/1 2035/10/1
f 2035/10/1 2033/10/1 2034/10/1
f 2033/10/1 2036/10/1 2038/10/1
f 2038/10/1 2036/10/1 2037/10/1
f 2036/10/1 2039/10/1 2040/10/1
f 2040/10/1 2039/10/1 1995/10/1
f 2041/10/1 2042/10/1 2043/10/1
f 2043/10/1 2042/10/1 1993/10/1
f 2044/10/1 2045/10/1 2047/10/1
f 2047/10/1 2045/10/1 2046/10/1
f 2048/2/1 2049/2/1 2051/2/1
f 2051/2/1 2049/2/1 2050/2/1
f 2052/2/1 2053/2/1 2055/2/1
f 2055/2/1 2053/2/1 2054/2/1
f 2056/2/1 2057/2/1 2059/2/1
f 2059/2/1 2057/2/1 2058/2/1
f 2060/2/1 2061/2/1 2063/2/1
f 2063/2/1 2061/2/1 2062/2/1
f 2064/2/1 2065/2/1 2067/2/1
f 2067/2/1 2065/2/1 2066/2/1
f 2068/14/1 2069/14/1 2071/14/1
f 2071/14/1 2069/14/1 2070/14/1
f 2072/4/1 2073/4/1 2075/4/1
f 2075/4/1 2073/4/1 2074/4/1
f 2076/4/1 2077/4/1 2079/4/1
f 2079/4/1 2077/4/1 2078/4/1
f 2080/4/1 2081/4/1 2083/4/1
f 2083/4/1 2081/4/1 2082/4/1
f 2084/11/1 2085/11/1 2087/11/1
f 2087/11/1 2085/11/1 2086/11/1
f 2088/11/1 2089/11/1 2091/11/1
f 2091/11/1 2089/11/1 2090/11/1
f 2092/4/1 2093/4/1 2095/4/1
f 2095/4/1 2093/4/1 2094/4/1
f 2096/14/1 2097/14/1 2099/14/1
f 2099/14/1 2097/14/1 2098/14/1
f 2100/4/1 2101/4/1 2103/4/1
f 2103/4/1 2101/4/1 2102/4/1
f 2104/4/1 2105/4/1 2107/4/1
f 2107/4/1 2105/4/1 2106/4/1
f 2097/4/1 2108/4/1 2110/4/1
f 2110/4/1 2108/4/1 2109/4/1
f 2111/11/1 2112/11/1 2114/11/1
f 2114/11/1 2112/11/1 2113/11/1
f 2115/4/1 2116/4/1 2118/4/1
f 2118/4/1 2116/4/1 2117/4/1
f 2119/4/1 2120/4/1 2122/4/1
f 2122/4/1 2120/4/1 2121/4/1
f 2112/4/1 2123/4/1 2113/4/1
f 2113/4/1 2123/4/1 2124/4/1
f 2125/4/1 2126/4/1 2128/4/1
f 2128/4/1 2126/4/1 2127/4/1
f 2129/4/1 2130/4/1 2132/4/1
f 2132/4/1 2130/4/1 2131/4/1
f 2133/4/1 2134/4/1 2136/4/1
f 2136/4/1 2134/4/1 2135/4/1
f 2137/4/1 2138/4/1 2140/4/1
f 2140/4/1 2138/4/1 2139/4/1
f 2141/14/1 2142/14/1 2144/14/1
f 2144/14/1 2142/14/1 2143/14/1
f 2138/14/1 2145/14/1 2139/14/1
f 2139/14/1 2145/14/1 2146/14/1
f 2147/10/1 2148/10/1 2150/10/1
f 2150/10/1 2148/10/1 2149/10/1
f 2151/4/1 2152/4/1 2068/4/1
f 2068/4/1 2152/4/1 2069/4/1
f 2153/4/1 2154/4/1 2156/4/1
f 2156/4/1 2154/4/1 2155/4/1
f 2157/4/1 2158/4/1 2160/4/1
f 2160/4/1 2158/4/1 2159/4/1
f 2161/4/1 2162/4/1 2138/4/1
f 2138/4/1 2162/4/1 2145/4/1
f 2163/10/1 2164/10/1 2166/10/1
f 2166/10/1 2164/10/1 2165/10/1
f 2167/12/1 2168/12/1 2170/12/1
f 2170/12/1 2168/12/1 2169/12/1
f 2171/4/1 2172/4/1 2174/4/1
f 2174/4/1 2172/4/1 2173/4/1
f 2175/4/1 2176/4/1 2178/4/1
f 2178/4/1 2176/4/1 2177/4/1
f 2179/4/1 2180/4/1 2182/4/1
f 2182/4/1 2180/4/1 2181/4/1
f 2183/14/1 2184/14/1 2186/14/1
f 2186/14/1 2184/14/1 2185/14/1
f 2187/4/1 2188/4/1 2190/4/1
f 2190/4/1 2188/4/1 2189/4/1
f 2191/4/1 2192/4/1 2194/4/1
f 2194/4/1 2192/4/1 2193/4/1
f 2195/12/1 2196/12/1 2198/12/1
f 2198/12/1 2196/12/1 2197/12/1
f 2199/16/1 2200/16/1 2202/16/1
f 2202/16/1 2200/16/1 2201/16/1
f 2203/16/1 2204/16/1 2206/16/1
f 2206/16/1 2204/16/1 2205/16/1
f 2207/16/1 2208/16/1 2210/16/1
f 2210/16/1 2208/16/1 2209/16/1
f 2211/11/1 2212/11/1 2175/11/1
f 2175/11/1 2212/11/1 2176/11/1
f 2213/11/1 2214/11/1 2191/11/1
f 2191/11/1 2214/11/1 2192/11/1
f 2215/12/1 2216/12/1 2218/12/1
f 2218/12/1 2216/12/1 2217/12/1
f 2219/1/1 2220/1/1 2222/1/1
f 2222/1/1 2220/1/1 2221/1/1
f 2223/16/1 2224/16/1 2226/16/1
f 2226/16/1 2224/16/1 2225/16/1
f 2227/16/1 2228/16/1 2230/16/1
f 2230/16/1 2228/16/1 2229/16/1
f 2231/16/1 2232/16/1 2234/16/1
f 2234/16/1 2232/16/1 2233/16/1
f 2232/7/1 2235/7/1 2233/7/1
f 2233/7/1 2235/7/1 2236/7/1
f 2235/16/1 2237/16/1 2236/16/1
f 2236/16/1 2237/16/1 2238/16/1
f 2239/16/1 2240/16/1 2242/16/1
f 2242/16/1 2240/16/1 2241/16/1
f 2243/14/1 2244/14/1 2246/14/1
f 2246/14/1 2244/14/1 2245/14/1
f 2247/1/1 2248/1/1 2250/1/1
f 2250/1/1 2248/1/1 2249/1/1
f 2251/16/1 2252/16/1 2254/16/1
f 2254/16/1 2252/16/1 2253/16/1
f 2255/7/1 2256/7/1 2258/7/1
f 2258/7/1 2256/7/1 2257/7/1
f 2259/7/1 2260/7/1 2262/7/1
f 2262/7/1 2260/7/1 2261/7/1
f 2263/16/1 2264/16/1 2266/16/1
f 2266/16/1 2264/16/1 2265/16/1
f 2267/16/1 2268/16/1 2270/16/1
f 2270/16/1 2268/16/1 2269/16/1
f 2271/16/1 2272/16/1 2274/16/1
f 2274/16/1 2272/16/1 2273/16/1
f 2275/4/1 2276/4/1 2278/4/1
f 2278/4/1 2276/4/1 2277/4/1
f 2279/14/1 2280/14/1 2281/14/1
f 2281/14/1 2280/14/1 2244/14/1
f 2282/2/1 2283/2/1 2057/2/1
f 2057/2/1 2283/2/1 2284/2/1
f 2285/16/1 2286/16/1 2288/16/1
f 2288/16/1 2286/16/1 2287/16/1
f 2289/13/1 2290/13/1 2292/13/1
f 2292/13/1 2290/13/1 2291/13/1
f 2290/2/1 2293/2/1 2291/2/1
f 2291/2/1 2293/2/1 2294/2/1
f 2295/16/1 2296/16/1 2298/16/1
f 2298/16/1 2296/16/1 2297/16/1
f 2299/16/1 2300/16/1 2302/16/1
f 2302/16/1 2300/16/1 2301/16/1
f 2303/16/1 2304/16/1 2260/16/1
f 2260/16/1 2304/16/1 2305/16/1
f 2306/16/1 2307/16/1 2309/16/1
f 2309/16/1 2307/16/1 2308/16/1
f 2310/10/1 2311/10/1 2313/10/1
f 2313/10/1 2311/10/1 2312/10/1
f 2314/10/1 2315/10/1 2317/10/1
f 2317/10/1 2315/10/1 2316/10/1
f 2318/12/1 2319/12/1 2321/12/1
f 2321/12/1 2319/12/1 2320/12/1
f 2322/12/1 2323/12/1 2325/12/1
f 2325/12/1 2323/12/1 2324/12/1
f 2326/12/1 2327/12/1 2328/12/1
f 2328/12/1 2327/12/1 2170/12/1
f 2329/12/1 2330/12/1 2332/12/1
f 2332/12/1 2330/12/1 2331/12/1
f 2333/12/1 2334/12/1 2335/12/1
f 2335/12/1 2334/12/1 2168/12/1
f 2336/12/1 2337/12/1 2339/12/1
f 2339/12/1 2337/12/1 2338/12/1
f 2340/12/1 2341/12/1 2343/12/1
f 2343/12/1 2341/12/1 2342/12/1
f 2344/16/1 2345/16/1 2347/16/1
f 2347/16/1 2345/16/1 2346/16/1
f 2348/2/1 2349/2/1 2350/2/1
f 2350/2/1 2349/2/1 2289/2/1
f 2345/16/1 2351/16/1 2353/16/1
f 2353/16/1 2351/16/1 2352/16/1
f 2354/16/1 2355/16/1 2296/16/1
f 2296/16/1 2355/16/1 2356/16/1
f 2357/2/1 2358/2/1 2293/2/1
f 2293/2/1 2358/2/1 2359/2/1
f 2360/7/1 2361/7/1 2363/7/1
f 2363/7/1 2361/7/1 2362/7/1
f 2364/16/1 2365/16/1 2367/16/1
f 2367/16/1 2365/16/1 2366/16/1
f 2368/16/1 2369/16/1 2371/16/1
f 2371/16/1 2369/16/1 2370/16/1
f 2372/13/1 2373/13/1 2375/13/1
f 2375/13/1 2373/13/1 2374/13/1
f 2376/10/1 2377/10/1 2379/10/1
f 2379/10/1 2377/10/1 2378/10/1
f 2380/16/1 2381/16/1 2383/16/1
f 2383/16/1 2381/16/1 2382/16/1
f 2384/7/1 2385/7/1 2345/7/1
f 2345/7/1 2385/7/1 2386/7/1
f 2385/16/1 2387/16/1 2386/16/1
f 2386/16/1 2387/16/1 2388/16/1
f 2389/13/1 2390/13/1 2348/13/1
f 2348/13/1 2390/13/1 2349/13/1
f 2391/2/1 2392/2/1 2295/2/1
f 2295/2/1 2392/2/1 2296/2/1
f 2393/13/1 2394/13/1 2357/13/1
f 2357/13/1 2394/13/1 2395/13/1
f 2396/16/1 2397/16/1 2399/16/1
f 2399/16/1 2397/16/1 2398/16/1
f 2400/16/1 2401/16/1 2403/16/1
f 2403/16/1 2401/16/1 2402/16/1
f 2404/16/1 2405/16/1 2384/16/1
f 2384/16/1 2405/16/1 2385/16/1
f 2406/13/1 2407/13/1 2408/13/1
f 2408/13/1 2407/13/1 2348/13/1
f 2409/16/1 2410/16/1 2412/16/1
f 2412/16/1 2410/16/1 2411/16/1
f 2413/16/1 2414/16/1 2391/16/1
f 2391/16/1 2414/16/1 2415/16/1
f 2416/2/1 2417/2/1 2418/2/1
f 2418/2/1 2417/2/1 2393/2/1
f 2419/16/1 2420/16/1 2422/16/1
f 2422/16/1 2420/16/1 2421/16/1
f 2423/16/1 2424/16/1 2426/16/1
f 2426/16/1 2424/16/1 2425/16/1
f 2427/10/1 2428/10/1 2429/10/1
f 2429/10/1 2428/10/1 2148/10/1
f 2430/4/1 2431/4/1 2433/4/1
f 2433/4/1 2431/4/1 2432/4/1
f 2434/4/1 2435/4/1 2372/4/1
f 2372/4/1 2435/4/1 2373/4/1
f 2436/7/1 2437/7/1 2409/7/1
f 2409/7/1 2437/7/1 2410/7/1
f 2437/16/1 2438/16/1 2440/16/1
f 2440/16/1 2438/16/1 2439/16/1
f 2441/2/1 2442/2/1 2390/2/1
f 2390/2/1 2442/2/1 2418/2/1
f 2443/16/1 2444/16/1 2445/16/1
f 2445/16/1 2444/16/1 2419/16/1
f 2442/13/1 2446/13/1 2416/13/1
f 2416/13/1 2446/13/1 2417/13/1
f 2444/7/1 2447/7/1 2419/7/1
f 2419/7/1 2447/7/1 2420/7/1
f 2447/16/1 2448/16/1 2450/16/1
f 2450/16/1 2448/16/1 2449/16/1
f 2451/4/1 2452/4/1 2454/4/1
f 2454/4/1 2452/4/1 2453/4/1
f 2455/11/1 2456/11/1 2458/11/1
f 2458/11/1 2456/11/1 2457/11/1
f 2459/16/1 2460/16/1 2461/16/1
f 2461/16/1 2460/16/1 2443/16/1
f 2462/14/1 2463/14/1 2465/14/1
f 2465/14/1 2463/14/1 2464/14/1
f 2466/4/1 2467/4/1 2469/4/1
f 2469/4/1 2467/4/1 2468/4/1
f 2470/16/1 2471/16/1 2473/16/1
f 2473/16/1 2471/16/1 2472/16/1
f 2474/16/1 2475/16/1 2477/16/1
f 2477/16/1 2475/16/1 2476/16/1
f 2478/10/1 2479/10/1 2481/10/1
f 2481/10/1 2479/10/1 2480/10/1
f 2482/4/1 2483/4/1 2485/4/1
f 2485/4/1 2483/4/1 2484/4/1
f 2486/11/1 2487/11/1 2489/11/1
f 2489/11/1 2487/11/1 2488/11/1
f 2490/16/1 2491/16/1 2493/16/1
f 2493/16/1 2491/16/1 2492/16/1
f 2494/7/1 2495/7/1 2497/7/1
f 2497/7/1 2495/7/1 2496/7/1
f 2498/10/1 2499/10/1 2501/10/1
f 2501/10/1 2499/10/1 2500/10/1
f 2502/2/1 2503/2/1 2505/2/1
f 2505/2/1 2503/2/1 2504/2/1
f 2506/2/1 2507/2/1 2509/2/1
f 2509/2/1 2507/2/1 2508/2/1
f 2510/4/1 2511/4/1 2513/4/1
f 2513/4/1 2511/4/1 2512/4/1
f 2514/4/1 2515/4/1 2486/4/1
f 2486/4/1 2515/4/1 2487/4/1
f 2516/14/1 2517/14/1 2519/14/1
f 2519/14/1 2517/14/1 2518/14/1
f 2520/2/1 2521/2/1 2523/2/1
f 2523/2/1 2521/2/1 2522/2/1
f 2524/10/1 2525/10/1 2527/10/1
f 2527/10/1 2525/10/1 2526/10/1
f 2528/13/1 2529/13/1 2514/13/1
f 2514/13/1 2529/13/1 2515/13/1
f 2530/10/1 2531/10/1 2533/10/1
f 2533/10/1 2531/10/1 2532/10/1
f 2534/10/1 2535/10/1 2537/10/1
f 2537/10/1 2535/10/1 2536/10/1
f 2538/10/1 2539/10/1 2520/10/1
f 2520/10/1 2539/10/1 2521/10/1
f 2540/14/1 2541/14/1 2543/14/1
f 2543/14/1 2541/14/1 2542/14/1
f 2544/16/1 2545/16/1 2547/16/1
f 2547/16/1 2545/16/1 2546/16/1
f 2548/16/1 2549/16/1 2551/16/1
f 2551/16/1 2549/16/1 2550/16/1
f 2552/16/1 2553/16/1 2555/16/1
f 2555/16/1 2553/16/1 2554/16/1
f 2556/16/1 2557/16/1 2559/16/1
f 2559/16/1 2557/16/1 2558/16/1
f 2560/16/1 2561/16/1 2563/16/1
f 2563/16/1 2561/16/1 2562/16/1
f 2564/14/1 2565/14/1 2567/14/1
f 2567/14/1 2565/14/1 2566/14/1
f 2568/13/1 2569/13/1 2538/13/1
f 2538/13/1 2569/13/1 2539/13/1
f 2570/16/1 2571/16/1 2573/16/1
f 2573/16/1 2571/16/1 2572/16/1
f 2574/16/1 2575/16/1 2577/16/1
f 2577/16/1 2575/16/1 2576/16/1
f 2578/16/1 2579/16/1 2581/16/1
f 2581/16/1 2579/16/1 2580/16/1
f 2579/7/1 2582/7/1 2580/7/1
f 2580/7/1 2582/7/1 2560/7/1
f 2583/7/1 2584/7/1 2561/7/1
f 2561/7/1 2584/7/1 2585/7/1
f 2586/16/1 2587/16/1 2589/16/1
f 2589/16/1 2587/16/1 2588/16/1
f 2590/16/1 2591/16/1 2593/16/1
f 2593/16/1 2591/16/1 2592/16/1
f 2594/10/1 2595/10/1 2597/10/1
f 2597/10/1 2595/10/1 2596/10/1
f 2598/4/1 2599/4/1 2601/4/1
f 2601/4/1 2599/4/1 2600/4/1
f 2602/11/1 2603/11/1 2605/11/1
f 2605/11/1 2603/11/1 2604/11/1
f 2606/13/1 2607/13/1 2609/13/1
f 2609/13/1 2607/13/1 2608/13/1
f 2610/16/1 2611/16/1 2613/16/1
f 2613/16/1 2611/16/1 2612/16/1
f 2614/16/1 2615/16/1 2617/16/1
f 2617/16/1 2615/16/1 2616/16/1
f 2618/13/1 2619/13/1 2621/13/1
f 2621/13/1 2619/13/1 2620/13/1
f 2622/16/1 2623/16/1 2625/16/1
f 2625/16/1 2623/16/1 2624/16/1
f 2626/16/1 2627/16/1 2629/16/1
f 2629/16/1 2627/16/1 2628/16/1
f 2627/16/1 2630/16/1 2632/16/1
f 2632/16/1 2630/16/1 2631/16/1
f 2630/7/1 2633/7/1 2631/7/1
f 2631/7/1 2633/7/1 2634/7/1
f 2635/10/1 2636/10/1 2638/10/1
f 2638/10/1 2636/10/1 2637/10/1
f 2636/10/1 2639/10/1 2641/10/1
f 2641/10/1 2639/10/1 2640/10/1
f 2639/10/1 2642/10/1 2643/10/1
f 2643/10/1 2642/10/1 2311/10/1
f 2642/10/1 2644/10/1 2646/10/1
f 2646/10/1 2644/10/1 2645/10/1
f 2647/4/1 2648/4/1 2650/4/1
f 2650/4/1 2648/4/1 2649/4/1
f 2651/4/1 2652/4/1 2602/4/1
f 2602/4/1 2652/4/1 2603/4/1
f 2653/10/1 2654/10/1 2045/10/1
f 2045/10/1 2654/10/1 2166/10/1
f 2654/10/1 2655/10/1 2657/10/1
f 2657/10/1 2655/10/1 2656/10/1
f 2658/13/1 2659/13/1 2661/13/1
f 2661/13/1 2659/13/1 2660/13/1
f 2662/16/1 2663/16/1 2665/16/1
f 2665/16/1 2663/16/1 2664/16/1
f 2666/16/1 2667/16/1 2669/16/1
f 2669/16/1 2667/16/1 2668/16/1
f 2670/16/1 2671/16/1 2672/16/1
f 2672/16/1 2671/16/1 2622/16/1
f 2673/2/1 2674/2/1 2618/2/1
f 2618/2/1 2674/2/1 2619/2/1
f 2675/16/1 2676/16/1 2678/16/1
f 2678/16/1 2676/16/1 2677/16/1
f 2674/2/1 2679/2/1 2620/2/1
f 2620/2/1 2679/2/1 2680/2/1
f 2681/16/1 2682/16/1 2623/16/1
f 2623/16/1 2682/16/1 2683/16/1
f 2684/13/1 2685/13/1 2687/13/1
f 2687/13/1 2685/13/1 2686/13/1
f 2688/16/1 2689/16/1 2630/16/1
f 2630/16/1 2689/16/1 2633/16/1
f 2690/16/1 2691/16/1 2693/16/1
f 2693/16/1 2691/16/1 2692/16/1
f 2694/10/2 2695/10/2 2697/10/2
f 2697/10/2 2695/10/2 2696/10/2
f 2697/6/2 2696/6/2 2699/6/2
f 2699/6/2 2696/6/2 2698/6/2
f 2700/10/2 2701/10/2 2703/10/2
f 2703/10/2 2701/10/2 2702/10/2
f 2703/6/2 2702/6/2 2705/6/2
f 2705/6/2 2702/6/2 2704/6/2
f 2705/10/2 2704/10/2 2707/10/2
f 2707/10/2 2704/10/2 2706/10/2
f 2707/6/2 2706/6/2 2709/6/2
f 2709/6/2 2706/6/2 2708/6/2
f 2710/16/2 2711/16/2 17/16/2
f 17/16/2 2711/16/2 20/16/2
f 2712/16/2 2713/16/2 59/16/2
f 59/16/2 2713/16/2 2714/16/2
f 2715/16/2 2716/16/2 21/16/2
f 21/16/2 2716/16/2 24/16/2
f 2717/16/2 2718/16/2 78/16/2
f 78/16/2 2718/16/2 2719/16/2
f 2720/16/2 2721/16/2 25/16/2
f 25/16/2 2721/16/2 28/16/2
f 2722/16/2 2723/16/2 97/16/2
f 97/16/2 2723/16/2 2724/16/2
f 2725/16/2 2726/16/2 29/16/2
f 29/16/2 2726/16/2 32/16/2
f 2727/16/2 2728/16/2 116/16/2
f 116/16/2 2728/16/2 2729/16/2
f 2730/6/2 2700/6/2 2731/6/2
f 2731/6/2 2700/6/2 2703/6/2
f 2732/6/2 2705/6/2 2733/6/2
f 2733/6/2 2705/6/2 2707/6/2
f 2734/10/2 2735/10/2 2737/10/2
f 2737/10/2 2735/10/2 2736/10/2
f 2738/16/2 2739/16/2 2741/16/2
f 2741/16/2 2739/16/2 2740/16/2
f 139/16/2 2742/16/2 2743/16/2
f 2743/16/2 2742/16/2 2710/16/2
f 2744/7/2 2745/7/2 2747/7/2
f 2747/7/2 2745/7/2 2746/7/2
f 2748/16/2 2749/16/2 2751/16/2
f 2751/16/2 2749/16/2 2750/16/2
f 159/16/2 2752/16/2 2753/16/2
f 2753/16/2 2752/16/2 2715/16/2
f 2754/7/2 2755/7/2 2757/7/2
f 2757/7/2 2755/7/2 2756/7/2
f 2758/16/2 2759/16/2 2761/16/2
f 2761/16/2 2759/16/2 2760/16/2
f 179/16/2 2762/16/2 2763/16/2
f 2763/16/2 2762/16/2 2720/16/2
f 2764/7/2 2765/7/2 2767/7/2
f 2767/7/2 2765/7/2 2766/7/2
f 2768/16/2 2769/16/2 2771/16/2
f 2771/16/2 2769/16/2 2770/16/2
f 199/16/2 2772/16/2 2773/16/2
f 2773/16/2 2772/16/2 2725/16/2
f 2774/7/2 2775/7/2 2777/7/2
f 2777/7/2 2775/7/2 2776/7/2
f 2778/10/2 2779/10/2 2780/10/2
f 2780/10/2 2779/10/2 2697/10/2
f 2781/10/2 2730/10/2 2782/10/2
f 2782/10/2 2730/10/2 2731/10/2
f 2782/6/2 2731/6/2 2783/6/2
f 2783/6/2 2731/6/2 2732/6/2
f 2783/10/2 2732/10/2 2784/10/2
f 2784/10/2 2732/10/2 2733/10/2
f 2785/10/2 2708/10/2 2787/10/2
f 2787/10/2 2708/10/2 2786/10/2
f 2787/10/2 2788/10/2 2790/10/2
f 2790/10/2 2788/10/2 2789/10/2
f 2790/10/2 2791/10/2 2792/10/2
f 2792/10/2 2791/10/2 2735/10/2
f 2793/10/2 2794/10/2 2795/10/2
f 2795/10/2 2794/10/2 2737/10/2
f 2796/7/2 2738/7/2 2797/7/2
f 2797/7/2 2738/7/2 2741/7/2
f 2798/7/2 2799/7/2 2801/7/2
f 2801/7/2 2799/7/2 2800/7/2
f 500/16/2 2802/16/2 499/16/2
f 499/16/2 2802/16/2 45/16/2
f 2803/16/2 2804/16/2 252/16/2
f 252/16/2 2804/16/2 2805/16/2
f 2806/7/2 2748/7/2 2807/7/2
f 2807/7/2 2748/7/2 2751/7/2
f 2808/7/2 2809/7/2 2811/7/2
f 2811/7/2 2809/7/2 2810/7/2
f 524/16/2 2812/16/2 523/16/2
f 523/16/2 2812/16/2 64/16/2
f 2813/16/2 2814/16/2 277/16/2
f 277/16/2 2814/16/2 2815/16/2
f 2816/7/2 2758/7/2 2817/7/2
f 2817/7/2 2758/7/2 2761/7/2
f 2818/7/2 2819/7/2 2821/7/2
f 2821/7/2 2819/7/2 2820/7/2
f 548/16/2 2822/16/2 547/16/2
f 547/16/2 2822/16/2 83/16/2
f 2823/16/2 2824/16/2 302/16/2
f 302/16/2 2824/16/2 2825/16/2
f 2826/7/2 2768/7/2 2827/7/2
f 2827/7/2 2768/7/2 2771/7/2
f 2828/7/2 2829/7/2 2831/7/2
f 2831/7/2 2829/7/2 2830/7/2
f 572/16/2 2832/16/2 571/16/2
f 571/16/2 2832/16/2 102/16/2
f 2833/16/2 2834/16/2 327/16/2
f 327/16/2 2834/16/2 2835/16/2
f 2836/10/2 2837/10/2 2838/10/2
f 2838/10/2 2837/10/2 2695/10/2
f 2839/5/2 2840/5/2 2841/5/2
f 2841/5/2 2840/5/2 2780/5/2
f 2842/6/2 2781/6/2 2843/6/2
f 2843/6/2 2781/6/2 2782/6/2
f 2843/10/2 2782/10/2 2844/10/2
f 2844/10/2 2782/10/2 2783/10/2
f 2844/6/2 2783/6/2 2845/6/2
f 2845/6/2 2783/6/2 2784/6/2
f 2846/6/2 2847/6/2 2849/6/2
f 2849/6/2 2847/6/2 2848/6/2
f 2850/5/2 2785/5/2 2852/5/2
f 2852/5/2 2785/5/2 2851/5/2
f 2853/6/2 2854/6/2 2856/6/2
f 2856/6/2 2854/6/2 2855/6/2
f 2857/16/2 2858/16/2 2859/16/2
f 2859/16/2 2858/16/2 2797/16/2
f 2860/16/2 2861/16/2 2863/16/2
f 2863/16/2 2861/16/2 2862/16/2
f 2864/16/2 2865/16/2 2866/16/2
f 2866/16/2 2865/16/2 2807/16/2
f 2867/16/2 2868/16/2 2870/16/2
f 2870/16/2 2868/16/2 2869/16/2
f 2871/16/2 2872/16/2 2873/16/2
f 2873/16/2 2872/16/2 2817/16/2
f 2874/16/2 2875/16/2 2877/16/2
f 2877/16/2 2875/16/2 2876/16/2
f 2878/16/2 2879/16/2 2880/16/2
f 2880/16/2 2879/16/2 2827/16/2
f 2881/16/2 2882/16/2 2884/16/2
f 2884/16/2 2882/16/2 2883/16/2
f 2885/13/2 2886/13/2 2888/13/2
f 2888/13/2 2886/13/2 2887/13/2
f 2889/10/2 2839/10/2 2890/10/2
f 2890/10/2 2839/10/2 2841/10/2
f 2891/10/2 2842/10/2 2892/10/2
f 2892/10/2 2842/10/2 2843/10/2
f 2893/10/2 2844/10/2 2894/10/2
f 2894/10/2 2844/10/2 2845/10/2
f 480/13/2 2895/13/2 2897/13/2
f 2897/13/2 2895/13/2 2896/13/2
f 2898/5/2 2899/5/2 2901/5/2
f 2901/5/2 2899/5/2 2900/5/2
f 2902/13/2 2903/13/2 2905/13/2
f 2905/13/2 2903/13/2 2904/13/2
f 2906/5/2 2907/5/2 2909/5/2
f 2909/5/2 2907/5/2 2908/5/2
f 2910/6/2 2911/6/2 488/6/2
f 488/6/2 2911/6/2 2847/6/2
f 479/18/2 2912/18/2 2914/18/2
f 2914/18/2 2912/18/2 2913/18/2
f 2909/10/2 2908/10/2 2915/10/2
f 2915/10/2 2908/10/2 2852/10/2
f 2916/16/2 228/16/2 496/16/2
f 496/16/2 228/16/2 229/16/2
f 511/16/2 2917/16/2 2919/16/2
f 2919/16/2 2917/16/2 2918/16/2
f 2920/16/2 253/16/2 520/16/2
f 520/16/2 253/16/2 254/16/2
f 535/16/2 2921/16/2 2923/16/2
f 2923/16/2 2921/16/2 2922/16/2
f 2924/16/2 278/16/2 544/16/2
f 544/16/2 278/16/2 279/16/2
f 559/16/2 2925/16/2 2927/16/2
f 2927/16/2 2925/16/2 2926/16/2
f 2928/16/2 303/16/2 568/16/2
f 568/16/2 303/16/2 304/16/2
f 583/16/2 2929/16/2 2931/16/2
f 2931/16/2 2929/16/2 2930/16/2
f 2932/5/2 2778/5/2 2933/5/2
f 2933/5/2 2778/5/2 2840/5/2
f 2933/5/2 2889/5/2 2935/5/2
f 2935/5/2 2889/5/2 2934/5/2
f 2936/10/2 2892/10/2 2937/10/2
f 2937/10/2 2892/10/2 2893/10/2
f 2937/6/2 2893/6/2 2938/6/2
f 2938/6/2 2893/6/2 2894/6/2
f 2938/6/2 2733/6/2 2940/6/2
f 2940/6/2 2733/6/2 2939/6/2
f 2941/10/2 2850/10/2 2942/10/2
f 2942/10/2 2850/10/2 2899/10/2
f 2943/2/2 2944/2/2 2945/2/2
f 2945/2/2 2944/2/2 372/2/2
f 2946/10/2 2947/10/2 2949/10/2
f 2949/10/2 2947/10/2 2948/10/2
f 2950/17/2 2951/17/2 2953/17/2
f 2953/17/2 2951/17/2 2952/17/2
f 708/6/2 369/6/2 2955/6/2
f 2955/6/2 369/6/2 2954/6/2
f 2956/16/2 2957/16/2 2958/16/2
f 2958/16/2 2957/16/2 2859/16/2
f 2959/16/2 377/16/2 2961/16/2
f 2961/16/2 377/16/2 2960/16/2
f 2958/16/2 2741/16/2 2963/16/2
f 2963/16/2 2741/16/2 2962/16/2
f 2964/16/2 2746/16/2 2966/16/2
f 2966/16/2 2746/16/2 2965/16/2
f 2966/16/2 2967/16/2 2969/16/2
f 2969/16/2 2967/16/2 2968/16/2
f 617/16/2 2970/16/2 2971/16/2
f 2971/16/2 2970/16/2 394/16/2
f 2972/16/2 2973/16/2 2974/16/2
f 2974/16/2 2973/16/2 2866/16/2
f 2975/16/2 399/16/2 2977/16/2
f 2977/16/2 399/16/2 2976/16/2
f 2974/16/2 2751/16/2 2979/16/2
f 2979/16/2 2751/16/2 2978/16/2
f 2980/16/2 2756/16/2 2982/16/2
f 2982/16/2 2756/16/2 2981/16/2
f 2982/16/2 2983/16/2 2985/16/2
f 2985/16/2 2983/16/2 2984/16/2
f 637/16/2 2986/16/2 2987/16/2
f 2987/16/2 2986/16/2 416/16/2
f 2988/16/2 2989/16/2 2990/16/2
f 2990/16/2 2989/16/2 2873/16/2
f 2991/16/2 421/16/2 2993/16/2
f 2993/16/2 421/16/2 2992/16/2
f 2990/16/2 2761/16/2 2995/16/2
f 2995/16/2 2761/16/2 2994/16/2
f 2996/16/2 2766/16/2 2998/16/2
f 2998/16/2 2766/16/2 2997/16/2
f 2998/16/2 2999/16/2 3001/16/2
f 3001/16/2 2999/16/2 3000/16/2
f 657/16/2 3002/16/2 3003/16/2
f 3003/16/2 3002/16/2 438/16/2
f 3004/16/2 3005/16/2 3006/16/2
f 3006/16/2 3005/16/2 2880/16/2
f 3007/16/2 443/16/2 3009/16/2
f 3009/16/2 443/16/2 3008/16/2
f 3006/16/2 2771/16/2 3011/16/2
f 3011/16/2 2771/16/2 3010/16/2
f 3012/16/2 2776/16/2 3014/16/2
f 3014/16/2 2776/16/2 3013/16/2
f 3014/16/2 3015/16/2 3017/16/2
f 3017/16/2 3015/16/2 3016/16/2
f 677/16/2 3018/16/2 3019/16/2
f 3019/16/2 3018/16/2 460/16/2
f 3020/10/2 3021/10/2 3022/10/2
f 3022/10/2 3021/10/2 2936/10/2
f 3022/6/2 2936/6/2 3023/6/2
f 3023/6/2 2936/6/2 2937/6/2
f 3023/10/2 2937/10/2 3024/10/2
f 3024/10/2 2937/10/2 2938/10/2
f 3025/10/2 3026/10/2 3027/10/2
f 3027/10/2 3026/10/2 2907/10/2
f 3027/10/2 2906/10/2 3028/10/2
f 3028/10/2 2906/10/2 2909/10/2
f 3028/5/2 2909/5/2 3029/5/2
f 3029/5/2 2909/5/2 2947/5/2
f 3030/11/2 3031/11/2 3033/11/2
f 3033/11/2 3031/11/2 3032/11/2
f 3034/16/2 494/16/2 713/16/2
f 713/16/2 494/16/2 3035/16/2
f 3036/16/2 2961/16/2 717/16/2
f 717/16/2 2961/16/2 3037/16/2
f 3038/16/2 2744/16/2 3039/16/2
f 3039/16/2 2744/16/2 2747/16/2
f 3040/16/2 3041/16/2 3042/16/2
f 3042/16/2 3041/16/2 509/16/2
f 3043/16/2 3044/16/2 3045/16/2
f 3045/16/2 3044/16/2 513/16/2
f 3046/16/2 518/16/2 721/16/2
f 721/16/2 518/16/2 3047/16/2
f 3048/16/2 2977/16/2 725/16/2
f 725/16/2 2977/16/2 3049/16/2
f 3050/16/2 2754/16/2 3051/16/2
f 3051/16/2 2754/16/2 2757/16/2
f 3052/16/2 3053/16/2 3054/16/2
f 3054/16/2 3053/16/2 533/16/2
f 3055/16/2 3056/16/2 3057/16/2
f 3057/16/2 3056/16/2 537/16/2
f 3058/16/2 542/16/2 729/16/2
f 729/16/2 542/16/2 3059/16/2
f 3060/16/2 2993/16/2 733/16/2
f 733/16/2 2993/16/2 3061/16/2
f 3062/16/2 2764/16/2 3063/16/2
f 3063/16/2 2764/16/2 2767/16/2
f 3064/16/2 3065/16/2 3066/16/2
f 3066/16/2 3065/16/2 557/16/2
f 3067/16/2 3068/16/2 3069/16/2
f 3069/16/2 3068/16/2 561/16/2
f 3070/16/2 566/16/2 737/16/2
f 737/16/2 566/16/2 3071/16/2
f 3072/16/2 3009/16/2 741/16/2
f 741/16/2 3009/16/2 3073/16/2
f 3074/16/2 2774/16/2 3075/16/2
f 3075/16/2 2774/16/2 2777/16/2
f 3076/16/2 3077/16/2 3078/16/2
f 3078/16/2 3077/16/2 581/16/2
f 3079/16/2 3080/16/2 3081/16/2
f 3081/16/2 3080/16/2 585/16/2
f 3082/10/2 3083/10/2 3085/10/2
f 3085/10/2 3083/10/2 3084/10/2
f 3086/10/2 2933/10/2 3087/10/2
f 3087/10/2 2933/10/2 2935/10/2
f 3088/13/2 3089/13/2 3091/13/2
f 3091/13/2 3089/13/2 3090/13/2
f 3092/6/2 3020/6/2 3093/6/2
f 3093/6/2 3020/6/2 3022/6/2
f 3094/6/2 3023/6/2 3096/6/2
f 3096/6/2 3023/6/2 3095/6/2
f 3097/10/2 3098/10/2 3100/10/2
f 3100/10/2 3098/10/2 3099/10/2
f 3100/10/2 3101/10/2 3102/10/2
f 3102/10/2 3101/10/2 2942/10/2
f 3102/10/2 2898/10/2 3103/10/2
f 3103/10/2 2898/10/2 2901/10/2
f 3103/10/2 2900/10/2 3104/10/2
f 3104/10/2 2900/10/2 3026/10/2
f 3105/6/2 3106/6/2 3107/6/2
f 3107/6/2 3106/6/2 485/6/2
f 3108/16/2 3109/16/2 3110/16/2
f 3110/16/2 3109/16/2 2745/16/2
f 3111/16/2 604/16/2 3113/16/2
f 3113/16/2 604/16/2 3112/16/2
f 3114/16/2 3115/16/2 3116/16/2
f 3116/16/2 3115/16/2 2755/16/2
f 3117/16/2 624/16/2 3119/16/2
f 3119/16/2 624/16/2 3118/16/2
f 3120/16/2 3121/16/2 3122/16/2
f 3122/16/2 3121/16/2 2765/16/2
f 3123/16/2 644/16/2 3125/16/2
f 3125/16/2 644/16/2 3124/16/2
f 3126/16/2 3127/16/2 3128/16/2
f 3128/16/2 3127/16/2 2775/16/2
f 3129/16/2 664/16/2 3131/16/2
f 3131/16/2 664/16/2 3130/16/2
f 3132/10/2 3133/10/2 3134/10/2
f 3134/10/2 3133/10/2 3083/10/2
f 3135/5/2 3086/5/2 3136/5/2
f 3136/5/2 3086/5/2 3087/5/2
f 3137/6/2 2699/6/2 3138/6/2
f 3138/6/2 2699/6/2 2700/6/2
f 3138/10/2 3092/10/2 3139/10/2
f 3139/10/2 3092/10/2 3093/10/2
f 3139/6/2 3093/6/2 3140/6/2
f 3140/6/2 3093/6/2 3094/6/2
f 3140/10/2 3094/10/2 3142/10/2
f 3142/10/2 3094/10/2 3141/10/2
f 3143/13/2 3144/13/2 3146/13/2
f 3146/13/2 3144/13/2 3145/13/2
f 3147/6/2 3138/6/2 3148/6/2
f 3148/6/2 3138/6/2 3139/6/2
f 3148/10/2 3139/10/2 3149/10/2
f 3149/10/2 3139/10/2 3140/10/2
f 3149/6/2 3140/6/2 3151/6/2
f 3151/6/2 3140/6/2 3150/6/2
f 3151/6/2 3152/6/2 3153/6/2
f 3153/6/2 3152/6/2 2709/6/2
f 3154/6/2 3100/6/2 3155/6/2
f 3155/6/2 3100/6/2 3104/6/2
f 3156/10/2 3135/10/2 3157/10/2
f 3157/10/2 3135/10/2 3136/10/2
f 3158/2/2 2888/2/2 3160/2/2
f 3160/2/2 2888/2/2 3159/2/2
f 3161/10/2 3147/10/2 3162/10/2
f 3162/10/2 3147/10/2 3148/10/2
f 3162/6/2 3148/6/2 3163/6/2
f 3163/6/2 3148/6/2 3149/6/2
f 3164/6/2 3165/6/2 3166/6/2
f 3166/6/2 3165/6/2 3151/6/2
f 3166/10/2 3151/10/2 3167/10/2
f 3167/10/2 3151/10/2 3153/10/2
f 3167/6/2 3168/6/2 3170/6/2
f 3170/6/2 3168/6/2 3169/6/2
f 3170/10/2 3154/10/2 3172/10/2
f 3172/10/2 3154/10/2 3171/10/2
f 3172/6/2 3171/6/2 3174/6/2
f 3174/6/2 3171/6/2 3173/6/2
f 3175/10/2 3134/10/2 3177/10/2
f 3177/10/2 3134/10/2 3176/10/2
f 3177/10/2 3178/10/2 3180/10/2
f 3180/10/2 3178/10/2 3179/10/2
f 3181/5/2 3156/5/2 3182/5/2
f 3182/5/2 3156/5/2 3157/5/2
f 3183/6/2 3161/6/2 3184/6/2
f 3184/6/2 3161/6/2 3162/6/2
f 3184/10/2 3162/10/2 3185/10/2
f 3185/10/2 3162/10/2 3163/10/2
f 3185/6/2 3163/6/2 3186/6/2
f 3186/6/2 3163/6/2 3164/6/2
f 3186/10/2 3164/10/2 3187/10/2
f 3187/10/2 3164/10/2 3166/10/2
f 3187/6/2 3166/6/2 3188/6/2
f 3188/6/2 3166/6/2 3167/6/2
f 826/13/2 3189/13/2 825/13/2
f 825/13/2 3189/13/2 3190/13/2
f 3191/6/2 3192/6/2 3193/6/2
f 3193/6/2 3192/6/2 3147/6/2
f 3193/10/2 3183/10/2 3194/10/2
f 3194/10/2 3183/10/2 3184/10/2
f 3195/10/2 3187/10/2 3196/10/2
f 3196/10/2 3187/10/2 3188/10/2
f 3196/6/2 3188/6/2 3198/6/2
f 3198/6/2 3188/6/2 3197/6/2
f 3199/10/2 3200/10/2 3202/10/2
f 3202/10/2 3200/10/2 3201/10/2
f 3203/10/2 3181/10/2 3204/10/2
f 3204/10/2 3181/10/2 3182/10/2
f 3205/13/2 3206/13/2 3208/13/2
f 3208/13/2 3206/13/2 3207/13/2
f 3208/2/2 3209/2/2 3211/2/2
f 3211/2/2 3209/2/2 3210/2/2
f 3212/6/2 3186/6/2 3213/6/2
f 3213/6/2 3186/6/2 3187/6/2
f 3213/6/2 3195/6/2 3214/6/2
f 3214/6/2 3195/6/2 3196/6/2
f 3215/10/2 3216/10/2 3218/10/2
f 3218/10/2 3216/10/2 3217/10/2
f 3218/10/2 3219/10/2 3220/10/2
f 3220/10/2 3219/10/2 3200/10/2
f 3221/5/2 3203/5/2 3222/5/2
f 3222/5/2 3203/5/2 3204/5/2
f 3223/6/2 3224/6/2 3225/6/2
f 3225/6/2 3224/6/2 3212/6/2
f 3226/16/2 3227/16/2 3229/16/2
f 3229/16/2 3227/16/2 3228/16/2
f 852/16/2 853/16/2 859/16/2
f 859/16/2 853/16/2 862/16/2
f 3230/16/2 3231/16/2 3233/16/2
f 3233/16/2 3231/16/2 3232/16/2
f 901/2/2 3234/2/2 3236/2/2
f 3236/2/2 3234/2/2 3235/2/2
f 3237/10/2 3223/10/2 3239/10/2
f 3239/10/2 3223/10/2 3238/10/2
f 3239/6/2 3238/6/2 3241/6/2
f 3241/6/2 3238/6/2 3240/6/2
f 3241/10/2 3240/10/2 3243/10/2
f 3243/10/2 3240/10/2 3242/10/2
f 3243/6/2 3242/6/2 3244/6/2
f 3244/6/2 3242/6/2 3225/6/2
f 3245/16/2 3246/16/2 3248/16/2
f 3248/16/2 3246/16/2 3247/16/2
f 908/16/2 3249/16/2 3251/16/2
f 3251/16/2 3249/16/2 3250/16/2
f 3252/16/2 3253/16/2 3255/16/2
f 3255/16/2 3253/16/2 3254/16/2
f 3256/16/2 3257/16/2 3259/16/2
f 3259/16/2 3257/16/2 3258/16/2
f 3260/16/2 3233/16/2 3262/16/2
f 3262/16/2 3233/16/2 3261/16/2
f 3263/10/2 3221/10/2 3264/10/2
f 3264/10/2 3221/10/2 3222/10/2
f 3265/10/2 3239/10/2 3266/10/2
f 3266/10/2 3239/10/2 3241/10/2
f 3266/6/2 3241/6/2 3267/6/2
f 3267/6/2 3241/6/2 3243/6/2
f 948/16/2 3268/16/2 3269/16/2
f 3269/16/2 3268/16/2 879/16/2
f 3270/16/2 3271/16/2 3272/16/2
f 3272/16/2 3271/16/2 883/16/2
f 3273/16/2 3274/16/2 3276/16/2
f 3276/16/2 3274/16/2 3275/16/2
f 3277/16/2 3278/16/2 3279/16/2
f 3279/16/2 3278/16/2 3256/16/2
f 3280/16/2 3259/16/2 3282/16/2
f 3282/16/2 3259/16/2 3281/16/2
f 3283/16/2 3262/16/2 3285/16/2
f 3285/16/2 3262/16/2 3284/16/2
f 3286/16/2 3287/16/2 3289/16/2
f 3289/16/2 3287/16/2 3288/16/2
f 3290/5/2 3263/5/2 3291/5/2
f 3291/5/2 3263/5/2 3264/5/2
f 3292/10/2 3293/10/2 3294/10/2
f 3294/10/2 3293/10/2 3265/10/2
f 3294/6/2 3265/6/2 3295/6/2
f 3295/6/2 3265/6/2 3266/6/2
f 3296/16/2 3297/16/2 3299/16/2
f 3299/16/2 3297/16/2 3298/16/2
f 3299/7/2 3298/7/2 3301/7/2
f 3301/7/2 3298/7/2 3300/7/2
f 3302/16/2 3303/16/2 3305/16/2
f 3305/16/2 3303/16/2 3304/16/2
f 3306/7/2 3307/7/2 3309/7/2
f 3309/7/2 3307/7/2 3308/7/2
f 3310/13/2 3311/13/2 3313/13/2
f 3313/13/2 3311/13/2 3312/13/2
f 3309/16/2 3314/16/2 3316/16/2
f 3316/16/2 3314/16/2 3315/16/2
f 3316/7/2 3317/7/2 3319/7/2
f 3319/7/2 3317/7/2 3318/7/2
f 3320/10/2 3321/10/2 3323/10/2
f 3323/10/2 3321/10/2 3322/10/2
f 3324/10/2 2934/10/2 3325/10/2
f 3325/10/2 2934/10/2 2890/10/2
f 3326/6/2 3292/6/2 3327/6/2
f 3327/6/2 3292/6/2 3294/6/2
f 1046/16/2 946/16/2 1045/16/2
f 1045/16/2 946/16/2 947/16/2
f 3328/16/2 3329/16/2 3330/16/2
f 3330/16/2 3329/16/2 910/16/2
f 3331/16/2 3332/16/2 3333/16/2
f 3333/16/2 3332/16/2 3302/16/2
f 3333/7/2 3302/7/2 3334/7/2
f 3334/7/2 3302/7/2 3305/7/2
f 3335/2/2 3336/2/2 3337/2/2
f 3337/2/2 3336/2/2 3313/2/2
f 3338/16/2 3339/16/2 3341/16/2
f 3341/16/2 3339/16/2 3340/16/2
f 3342/2/2 3343/2/2 3345/2/2
f 3345/2/2 3343/2/2 3344/2/2
f 3341/16/2 3346/16/2 3348/16/2
f 3348/16/2 3346/16/2 3347/16/2
f 3349/16/2 930/16/2 3350/16/2
f 3350/16/2 930/16/2 931/16/2
f 1071/16/2 3351/16/2 1070/16/2
f 1070/16/2 3351/16/2 3352/16/2
f 3353/5/2 3354/5/2 3356/5/2
f 3356/5/2 3354/5/2 3355/5/2
f 3357/5/2 3324/5/2 3358/5/2
f 3358/5/2 3324/5/2 3325/5/2
f 3358/6/2 3359/6/2 3361/6/2
f 3361/6/2 3359/6/2 3360/6/2
f 3362/6/2 3363/6/2 3365/6/2
f 3365/6/2 3363/6/2 3364/6/2
f 3366/6/2 3367/6/2 3369/6/2
f 3369/6/2 3367/6/2 3368/6/2
f 3370/6/2 3371/6/2 3373/6/2
f 3373/6/2 3371/6/2 3372/6/2
f 3374/16/2 990/16/2 3375/16/2
f 3375/16/2 990/16/2 991/16/2
f 3376/16/2 3377/16/2 3379/16/2
f 3379/16/2 3377/16/2 3378/16/2
f 3380/16/2 3381/16/2 3383/16/2
f 3383/16/2 3381/16/2 3382/16/2
f 3384/13/2 3335/13/2 3386/13/2
f 3386/13/2 3335/13/2 3385/13/2
f 3387/13/2 3342/13/2 3389/13/2
f 3389/13/2 3342/13/2 3388/13/2
f 3390/7/2 3338/7/2 3391/7/2
f 3391/7/2 3338/7/2 3341/7/2
f 3392/16/2 3393/16/2 3395/16/2
f 3395/16/2 3393/16/2 3394/16/2
f 3396/16/2 3397/16/2 3399/16/2
f 3399/16/2 3397/16/2 3398/16/2
f 3400/6/2 3401/6/2 3402/6/2
f 3402/6/2 3401/6/2 3363/6/2
f 3403/10/2 3357/10/2 3404/10/2
f 3404/10/2 3357/10/2 3358/10/2
f 3405/17/2 3406/17/2 3408/17/2
f 3408/17/2 3406/17/2 3407/17/2
f 3409/11/2 3410/11/2 3412/11/2
f 3412/11/2 3410/11/2 3411/11/2
f 3413/11/2 3414/11/2 3416/11/2
f 3416/11/2 3414/11/2 3415/11/2
f 3417/18/2 3418/18/2 3420/18/2
f 3420/18/2 3418/18/2 3419/18/2
f 3421/6/2 3373/6/2 3423/6/2
f 3423/6/2 3373/6/2 3422/6/2
f 3424/16/2 3425/16/2 3426/16/2
f 3426/16/2 3425/16/2 3379/16/2
f 3427/13/2 3428/13/2 3429/13/2
f 3429/13/2 3428/13/2 3335/13/2
f 3430/7/2 3431/7/2 3433/7/2
f 3433/7/2 3431/7/2 3432/7/2
f 3434/16/2 3306/16/2 3435/16/2
f 3435/16/2 3306/16/2 3309/16/2
f 3435/7/2 3436/7/2 3438/7/2
f 3438/7/2 3436/7/2 3437/7/2
f 3439/2/2 3312/2/2 3441/2/2
f 3441/2/2 3312/2/2 3440/2/2
f 3438/16/2 3437/16/2 3442/16/2
f 3442/16/2 3437/16/2 3391/16/2
f 3443/16/2 3444/16/2 3446/16/2
f 3446/16/2 3444/16/2 3445/16/2
f 1142/16/2 1068/16/2 3447/16/2
f 3447/16/2 1068/16/2 1069/16/2
f 3448/6/2 3449/6/2 3451/6/2
f 3451/6/2 3449/6/2 3450/6/2
f 3452/10/2 3290/10/2 3453/10/2
f 3453/10/2 3290/10/2 3291/10/2
f 3454/6/2 3455/6/2 3457/6/2
f 3457/6/2 3455/6/2 3456/6/2
f 3457/6/2 3458/6/2 3460/6/2
f 3460/6/2 3458/6/2 3459/6/2
f 3460/6/2 3461/6/2 3463/6/2
f 3463/6/2 3461/6/2 3462/6/2
f 3464/6/2 3423/6/2 3466/6/2
f 3466/6/2 3423/6/2 3465/6/2
f 3467/16/2 3468/16/2 1179/16/2
f 1179/16/2 3468/16/2 3469/16/2
f 3470/16/2 3430/16/2 3472/16/2
f 3472/16/2 3430/16/2 3471/16/2
f 3473/2/2 3385/2/2 3474/2/2
f 3474/2/2 3385/2/2 3337/2/2
f 3475/16/2 3435/16/2 3476/16/2
f 3476/16/2 3435/16/2 3438/16/2
f 3474/13/2 3439/13/2 3477/13/2
f 3477/13/2 3439/13/2 3441/13/2
f 3478/7/2 3479/7/2 3481/7/2
f 3481/7/2 3479/7/2 3480/7/2
f 3482/16/2 3483/16/2 3484/16/2
f 3484/16/2 3483/16/2 3442/16/2
f 3485/16/2 3486/16/2 3488/16/2
f 3488/16/2 3486/16/2 3487/16/2
f 3489/10/2 3220/10/2 3491/10/2
f 3491/10/2 3220/10/2 3490/10/2
f 3491/5/2 3492/5/2 3494/5/2
f 3494/5/2 3492/5/2 3493/5/2
f 3495/6/2 3496/6/2 1154/6/2
f 1154/6/2 3496/6/2 1157/6/2
f 3497/17/2 3498/17/2 3500/17/2
f 3500/17/2 3498/17/2 3499/17/2
f 3501/18/2 3502/18/2 3504/18/2
f 3504/18/2 3502/18/2 3503/18/2
f 3505/6/2 3506/6/2 3508/6/2
f 3508/6/2 3506/6/2 3507/6/2
f 3509/16/2 3510/16/2 3512/16/2
f 3512/16/2 3510/16/2 3511/16/2
f 3513/16/2 3514/16/2 1224/16/2
f 1224/16/2 3514/16/2 3515/16/2
f 3516/16/2 3517/16/2 3518/16/2
f 3518/16/2 3517/16/2 3472/16/2
f 3519/16/2 3520/16/2 1193/16/2
f 1193/16/2 3520/16/2 1196/16/2
f 3521/16/2 3522/16/2 3523/16/2
f 3523/16/2 3522/16/2 3393/16/2
f 1237/16/2 3524/16/2 3525/16/2
f 3525/16/2 3524/16/2 3485/16/2
f 3526/6/2 3527/6/2 3528/6/2
f 3528/6/2 3527/6/2 3505/6/2
f 3529/17/2 3530/17/2 3532/17/2
f 3532/17/2 3530/17/2 3531/17/2
f 3533/17/2 1154/17/2 3534/17/2
f 3534/17/2 1154/17/2 1155/17/2
f 3535/6/2 3536/6/2 3537/6/2
f 3537/6/2 3536/6/2 3508/6/2
f 3538/6/2 1159/6/2 3539/6/2
f 3539/6/2 1159/6/2 1162/6/2
f 3540/6/2 1110/6/2 3542/6/2
f 3542/6/2 1110/6/2 3541/6/2
f 3542/6/2 3543/6/2 3545/6/2
f 3545/6/2 3543/6/2 3544/6/2
f 3546/16/2 3547/16/2 3549/16/2
f 3549/16/2 3547/16/2 3548/16/2
f 1210/16/2 1211/16/2 1217/16/2
f 1217/16/2 1211/16/2 1220/16/2
f 3550/16/2 3551/16/2 3553/16/2
f 3553/16/2 3551/16/2 3552/16/2
f 3554/16/2 1173/16/2 3556/16/2
f 3556/16/2 1173/16/2 3555/16/2
f 3557/16/2 3558/16/2 3559/16/2
f 3559/16/2 3558/16/2 3520/16/2
f 1222/16/2 1223/16/2 1231/16/2
f 1231/16/2 1223/16/2 1234/16/2
f 1226/16/2 1227/16/2 1235/16/2
f 1235/16/2 1227/16/2 1238/16/2
f 3560/16/2 3561/16/2 3562/16/2
f 3562/16/2 3561/16/2 1193/16/2
f 3563/16/2 3564/16/2 3565/16/2
f 3565/16/2 3564/16/2 1197/16/2
f 3566/10/2 3567/10/2 3569/10/2
f 3569/10/2 3567/10/2 3568/10/2
f 3570/6/2 3571/6/2 1251/6/2
f 1251/6/2 3571/6/2 1254/6/2
f 3572/17/2 3573/17/2 3575/17/2
f 3575/17/2 3573/17/2 3574/17/2
f 3576/17/2 3577/17/2 3579/17/2
f 3579/17/2 3577/17/2 3578/17/2
f 3580/6/2 3581/6/2 3583/6/2
f 3583/6/2 3581/6/2 3582/6/2
f 3584/6/2 3585/6/2 3587/6/2
f 3587/6/2 3585/6/2 3586/6/2
f 3588/16/2 3589/16/2 3591/16/2
f 3591/16/2 3589/16/2 3590/16/2
f 1301/16/2 3592/16/2 3594/16/2
f 3594/16/2 3592/16/2 3593/16/2
f 3595/16/2 3596/16/2 3598/16/2
f 3598/16/2 3596/16/2 3597/16/2
f 3599/16/2 3600/16/2 3602/16/2
f 3602/16/2 3600/16/2 3601/16/2
f 3603/16/2 3553/16/2 3605/16/2
f 3605/16/2 3553/16/2 3604/16/2
f 3606/6/2 3607/6/2 3608/6/2
f 3608/6/2 3607/6/2 3580/6/2
f 3609/17/2 1898/17/2 3611/17/2
f 3611/17/2 1898/17/2 3610/17/2
f 3612/17/2 3613/17/2 3615/17/2
f 3615/17/2 3613/17/2 3614/17/2
f 3616/6/2 3617/6/2 3618/6/2
f 3618/6/2 3617/6/2 3583/6/2
f 3619/6/2 1256/6/2 3620/6/2
f 3620/6/2 1256/6/2 1259/6/2
f 3621/6/2 3622/6/2 3624/6/2
f 3624/6/2 3622/6/2 3623/6/2
f 3625/6/2 1260/6/2 3626/6/2
f 3626/6/2 1260/6/2 1263/6/2
f 3627/6/2 3628/6/2 3629/6/2
f 3629/6/2 3628/6/2 3585/6/2
f 3630/6/2 3631/6/2 3632/6/2
f 3632/6/2 3631/6/2 3587/6/2
f 3633/6/2 1264/6/2 3635/6/2
f 3635/6/2 1264/6/2 3634/6/2
f 1363/16/2 3636/16/2 3637/16/2
f 3637/16/2 3636/16/2 1267/16/2
f 3638/16/2 3639/16/2 3640/16/2
f 3640/16/2 3639/16/2 1271/16/2
f 3641/16/2 3642/16/2 3644/16/2
f 3644/16/2 3642/16/2 3643/16/2
f 3645/16/2 3646/16/2 3647/16/2
f 3647/16/2 3646/16/2 3599/16/2
f 3648/16/2 3602/16/2 3650/16/2
f 3650/16/2 3602/16/2 3649/16/2
f 3651/16/2 3605/16/2 3653/16/2
f 3653/16/2 3605/16/2 3652/16/2
f 3654/16/2 3655/16/2 3657/16/2
f 3657/16/2 3655/16/2 3656/16/2
f 3658/10/2 3659/10/2 3661/10/2
f 3661/10/2 3659/10/2 3660/10/2
f 3661/10/2 3662/10/2 3664/10/2
f 3664/10/2 3662/10/2 3663/10/2
f 3664/10/2 3665/10/2 3667/10/2
f 3667/10/2 3665/10/2 3666/10/2
f 3668/6/2 3669/6/2 1353/6/2
f 1353/6/2 3669/6/2 1356/6/2
f 3670/17/2 3671/17/2 3673/17/2
f 3673/17/2 3671/17/2 3672/17/2
f 3674/17/2 3675/17/2 3677/17/2
f 3677/17/2 3675/17/2 3676/17/2
f 3678/17/2 1287/17/2 3679/17/2
f 3679/17/2 1287/17/2 1288/17/2
f 3680/6/2 3681/6/2 3683/6/2
f 3683/6/2 3681/6/2 3682/6/2
f 3684/16/2 3685/16/2 3687/16/2
f 3687/16/2 3685/16/2 3686/16/2
f 3687/7/2 3686/7/2 3689/7/2
f 3689/7/2 3686/7/2 3688/7/2
f 3690/16/2 3691/16/2 3693/16/2
f 3693/16/2 3691/16/2 3692/16/2
f 3694/7/2 3695/7/2 3697/7/2
f 3697/7/2 3695/7/2 3696/7/2
f 3698/13/2 3699/13/2 3701/13/2
f 3701/13/2 3699/13/2 3700/13/2
f 3697/16/2 3702/16/2 3704/16/2
f 3704/16/2 3702/16/2 3703/16/2
f 3704/7/2 3705/7/2 3707/7/2
f 3707/7/2 3705/7/2 3706/7/2
f 1435/16/2 3657/16/2 1434/16/2
f 1434/16/2 3657/16/2 3708/16/2
f 1459/16/2 1361/16/2 1458/16/2
f 1458/16/2 1361/16/2 1362/16/2
f 3709/16/2 3710/16/2 3711/16/2
f 3711/16/2 3710/16/2 1303/16/2
f 3712/16/2 3713/16/2 3714/16/2
f 3714/16/2 3713/16/2 3690/16/2
f 3714/7/2 3690/7/2 3715/7/2
f 3715/7/2 3690/7/2 3693/7/2
f 3716/2/2 3717/2/2 3718/2/2
f 3718/2/2 3717/2/2 3701/2/2
f 3719/16/2 3720/16/2 3722/16/2
f 3722/16/2 3720/16/2 3721/16/2
f 3723/2/2 3724/2/2 3726/2/2
f 3726/2/2 3724/2/2 3725/2/2
f 3722/16/2 3727/16/2 3729/16/2
f 3729/16/2 3727/16/2 3728/16/2
f 3730/16/2 1323/16/2 3731/16/2
f 3731/16/2 1323/16/2 1324/16/2
f 1484/16/2 3732/16/2 1483/16/2
f 1483/16/2 3732/16/2 3733/16/2
f 3734/10/2 3735/10/2 3737/10/2
f 3737/10/2 3735/10/2 3736/10/2
f 3738/6/2 3739/6/2 3740/6/2
f 3740/6/2 3739/6/2 3680/6/2
f 3741/17/2 3742/17/2 3744/17/2
f 3744/17/2 3742/17/2 3743/17/2
f 3745/17/2 3746/17/2 3748/17/2
f 3748/17/2 3746/17/2 3747/17/2
f 3749/17/2 3750/17/2 3752/17/2
f 3752/17/2 3750/17/2 3751/17/2
f 3753/6/2 3754/6/2 3755/6/2
f 3755/6/2 3754/6/2 3683/6/2
f 3756/16/2 1400/16/2 3757/16/2
f 3757/16/2 1400/16/2 1401/16/2
f 3758/16/2 3759/16/2 3761/16/2
f 3761/16/2 3759/16/2 3760/16/2
f 3762/16/2 3763/16/2 3765/16/2
f 3765/16/2 3763/16/2 3764/16/2
f 3766/13/2 3716/13/2 3768/13/2
f 3768/13/2 3716/13/2 3767/13/2
f 3769/13/2 3723/13/2 3771/13/2
f 3771/13/2 3723/13/2 3770/13/2
f 3772/7/2 3719/7/2 3773/7/2
f 3773/7/2 3719/7/2 3722/7/2
f 3774/16/2 3775/16/2 3777/16/2
f 3777/16/2 3775/16/2 3776/16/2
f 3778/16/2 3779/16/2 3781/16/2
f 3781/16/2 3779/16/2 3780/16/2
f 3782/6/2 3783/6/2 1496/6/2
f 1496/6/2 3783/6/2 1499/6/2
f 3784/17/2 3785/17/2 3787/17/2
f 3787/17/2 3785/17/2 3786/17/2
f 3788/17/2 3789/17/2 3791/17/2
f 3791/17/2 3789/17/2 3790/17/2
f 3792/6/2 3740/6/2 1535/6/2
f 1535/6/2 3740/6/2 3793/6/2
f 1535/6/2 3794/6/2 3795/6/2
f 3795/6/2 3794/6/2 3754/6/2
f 3796/6/2 3797/6/2 1543/6/2
f 1543/6/2 3797/6/2 3798/6/2
f 3799/16/2 3800/16/2 3801/16/2
f 3801/16/2 3800/16/2 3761/16/2
f 3802/13/2 3803/13/2 3804/13/2
f 3804/13/2 3803/13/2 3716/13/2
f 3805/7/2 3806/7/2 3808/7/2
f 3808/7/2 3806/7/2 3807/7/2
f 3809/16/2 3694/16/2 3810/16/2
f 3810/16/2 3694/16/2 3697/16/2
f 3810/7/2 3811/7/2 3813/7/2
f 3813/7/2 3811/7/2 3812/7/2
f 3814/2/2 3700/2/2 3816/2/2
f 3816/2/2 3700/2/2 3815/2/2
f 3813/16/2 3812/16/2 3817/16/2
f 3817/16/2 3812/16/2 3773/16/2
f 3818/16/2 3819/16/2 3821/16/2
f 3821/16/2 3819/16/2 3820/16/2
f 1572/16/2 1481/16/2 3822/16/2
f 3822/16/2 1481/16/2 1482/16/2
f 3823/6/2 3824/6/2 3826/6/2
f 3826/6/2 3824/6/2 3825/6/2
f 3827/6/2 3828/6/2 3830/6/2
f 3830/6/2 3828/6/2 3829/6/2
f 1670/16/2 3831/16/2 1549/16/2
f 1549/16/2 3831/16/2 1552/16/2
f 3832/16/2 3833/16/2 1608/16/2
f 1608/16/2 3833/16/2 3834/16/2
f 3835/16/2 3836/16/2 1616/16/2
f 1616/16/2 3836/16/2 3837/16/2
f 3838/16/2 3805/16/2 3840/16/2
f 3840/16/2 3805/16/2 3839/16/2
f 3841/2/2 3767/2/2 3842/2/2
f 3842/2/2 3767/2/2 3718/2/2
f 3843/16/2 3810/16/2 3844/16/2
f 3844/16/2 3810/16/2 3813/16/2
f 3842/13/2 3814/13/2 3845/13/2
f 3845/13/2 3814/13/2 3816/13/2
f 3846/7/2 3847/7/2 3849/7/2
f 3849/7/2 3847/7/2 3848/7/2
f 3850/16/2 3851/16/2 3852/16/2
f 3852/16/2 3851/16/2 3817/16/2
f 3853/16/2 3854/16/2 3856/16/2
f 3856/16/2 3854/16/2 3855/16/2
f 3857/6/2 3858/6/2 1578/6/2
f 1578/6/2 3858/6/2 1581/6/2
f 3859/17/2 3860/17/2 3862/17/2
f 3862/17/2 3860/17/2 3861/17/2
f 3863/6/2 3826/6/2 3865/6/2
f 3865/6/2 3826/6/2 3864/6/2
f 3865/6/2 3866/6/2 3867/6/2
f 3867/6/2 3866/6/2 3828/6/2
f 3868/6/2 3869/6/2 3870/6/2
f 3870/6/2 3869/6/2 3830/6/2
f 3871/16/2 3872/16/2 3874/16/2
f 3874/16/2 3872/16/2 3873/16/2
f 3875/7/2 3876/7/2 3878/7/2
f 3878/7/2 3876/7/2 3877/7/2
f 3879/16/2 3880/16/2 3882/16/2
f 3882/16/2 3880/16/2 3881/16/2
f 3883/16/2 3884/16/2 1682/16/2
f 1682/16/2 3884/16/2 3885/16/2
f 3886/16/2 3887/16/2 3888/16/2
f 3888/16/2 3887/16/2 3840/16/2
f 3889/16/2 3890/16/2 1630/16/2
f 1630/16/2 3890/16/2 1633/16/2
f 3891/16/2 3892/16/2 3893/16/2
f 3893/16/2 3892/16/2 3775/16/2
f 1695/16/2 3894/16/2 3895/16/2
f 3895/16/2 3894/16/2 3853/16/2
f 3896/10/2 3897/10/2 3899/10/2
f 3899/10/2 3897/10/2 3898/10/2
f 3900/6/2 3901/6/2 3903/6/2
f 3903/6/2 3901/6/2 3902/6/2
f 3904/17/2 3905/17/2 3907/17/2
f 3907/17/2 3905/17/2 3906/17/2
f 3908/17/2 3909/17/2 3911/17/2
f 3911/17/2 3909/17/2 3910/17/2
f 3912/17/2 3913/17/2 3915/17/2
f 3915/17/2 3913/17/2 3914/17/2
f 3916/6/2 3917/6/2 3919/6/2
f 3919/6/2 3917/6/2 3918/6/2
f 3920/7/2 3871/7/2 3921/7/2
f 3921/7/2 3871/7/2 3874/7/2
f 3922/7/2 3923/7/2 3925/7/2
f 3925/7/2 3923/7/2 3924/7/2
f 3926/16/2 3927/16/2 1736/16/2
f 1736/16/2 3927/16/2 3928/16/2
f 3929/16/2 1610/16/2 3931/16/2
f 3931/16/2 1610/16/2 3930/16/2
f 3932/16/2 3933/16/2 3934/16/2
f 3934/16/2 3933/16/2 3890/16/2
f 1680/16/2 1681/16/2 1689/16/2
f 1689/16/2 1681/16/2 1692/16/2
f 1684/16/2 1685/16/2 1693/16/2
f 1693/16/2 1685/16/2 1696/16/2
f 3935/16/2 3936/16/2 3937/16/2
f 3937/16/2 3936/16/2 1630/16/2
f 3938/16/2 3939/16/2 3940/16/2
f 3940/16/2 3939/16/2 1634/16/2
f 3941/6/2 3942/6/2 1705/6/2
f 1705/6/2 3942/6/2 1708/6/2
f 3943/17/2 3944/17/2 3946/17/2
f 3946/17/2 3944/17/2 3945/17/2
f 3947/6/2 3903/6/2 1742/6/2
f 1742/6/2 3903/6/2 3948/6/2
f 1742/6/2 3949/6/2 3950/6/2
f 3950/6/2 3949/6/2 3917/6/2
f 3951/6/2 3952/6/2 3954/6/2
f 3954/6/2 3952/6/2 3953/6/2
f 3955/6/2 3956/6/2 3958/6/2
f 3958/6/2 3956/6/2 3957/6/2
f 3959/16/2 3960/16/2 3961/16/2
f 3961/16/2 3960/16/2 3921/16/2
f 3962/16/2 3963/16/2 3965/16/2
f 3965/16/2 3963/16/2 3964/16/2
f 3966/10/2 3967/10/2 3968/10/2
f 3968/10/2 3967/10/2 3737/10/2
f 3969/6/2 3970/6/2 3972/6/2
f 3972/6/2 3970/6/2 3971/6/2
f 3973/6/2 3974/6/2 3976/6/2
f 3976/6/2 3974/6/2 3975/6/2
f 3977/16/2 1727/16/2 1878/16/2
f 1878/16/2 1727/16/2 1728/16/2
f 1887/16/2 3978/16/2 3980/16/2
f 3980/16/2 3978/16/2 3979/16/2
f 3981/10/2 3982/10/2 3984/10/2
f 3984/10/2 3982/10/2 3983/10/2
f 3985/18/2 3986/18/2 1798/18/2
f 1798/18/2 3986/18/2 1801/18/2
f 3984/10/2 3987/10/2 3989/10/2
f 3989/10/2 3987/10/2 3988/10/2
f 3990/17/2 3991/17/2 3993/17/2
f 3993/17/2 3991/17/2 3992/17/2
f 3994/17/2 3995/17/2 3997/17/2
f 3997/17/2 3995/17/2 3996/17/2
f 3989/10/2 3998/10/2 4000/10/2
f 4000/10/2 3998/10/2 3999/10/2
f 1902/6/2 4001/6/2 1907/6/2
f 1907/6/2 4001/6/2 4002/6/2
f 4000/10/2 4003/10/2 4005/10/2
f 4005/10/2 4003/10/2 4004/10/2
f 4006/17/2 4007/17/2 4009/17/2
f 4009/17/2 4007/17/2 4008/17/2
f 4010/17/2 4011/17/2 4013/17/2
f 4013/17/2 4011/17/2 4012/17/2
f 4005/10/2 4014/10/2 4016/10/2
f 4016/10/2 4014/10/2 4015/10/2
f 4017/17/2 4018/17/2 4020/17/2
f 4020/17/2 4018/17/2 4019/17/2
f 4016/10/2 4021/10/2 4023/10/2
f 4023/10/2 4021/10/2 4022/10/2
f 1906/6/2 4024/6/2 1923/6/2
f 1923/6/2 4024/6/2 4025/6/2
f 4023/10/2 4026/10/2 4028/10/2
f 4028/10/2 4026/10/2 4027/10/2
f 4028/10/2 4029/10/2 4031/10/2
f 4031/10/2 4029/10/2 4030/10/2
f 4031/10/2 4032/10/2 4034/10/2
f 4034/10/2 4032/10/2 4033/10/2
f 4034/10/2 4035/10/2 4037/10/2
f 4037/10/2 4035/10/2 4036/10/2
f 4038/17/2 4039/17/2 1915/17/2
f 1915/17/2 4039/17/2 4040/17/2
f 4020/11/2 4019/11/2 4042/11/2
f 4042/11/2 4019/11/2 4041/11/2
f 4043/17/2 4044/17/2 4046/17/2
f 4046/17/2 4044/17/2 4045/17/2
f 4042/17/2 4041/17/2 4048/17/2
f 4048/17/2 4041/17/2 4047/17/2
f 4049/17/2 4050/17/2 4052/17/2
f 4052/17/2 4050/17/2 4051/17/2
f 4053/17/2 4054/17/2 4056/17/2
f 4056/17/2 4054/17/2 4055/17/2
f 1864/17/2 1865/17/2 4058/17/2
f 4058/17/2 1865/17/2 4057/17/2
f 4059/17/2 4060/17/2 4062/17/2
f 4062/17/2 4060/17/2 4061/17/2
f 4063/17/2 4064/17/2 4066/17/2
f 4066/17/2 4064/17/2 4065/17/2
f 4067/17/2 4068/17/2 4070/17/2
f 4070/17/2 4068/17/2 4069/17/2
f 4071/16/2 4072/16/2 4073/16/2
f 4073/16/2 4072/16/2 3961/16/2
f 4074/16/2 1778/16/2 4075/16/2
f 4075/16/2 1778/16/2 1781/16/2
f 4073/16/2 3874/16/2 4077/16/2
f 4077/16/2 3874/16/2 4076/16/2
f 4078/16/2 3877/16/2 4080/16/2
f 4080/16/2 3877/16/2 4079/16/2
f 4080/16/2 4081/16/2 4083/16/2
f 4083/16/2 4081/16/2 4082/16/2
f 1939/16/2 4084/16/2 4085/16/2
f 4085/16/2 4084/16/2 1786/16/2
f 4086/10/2 4087/10/2 4088/10/2
f 4088/10/2 4087/10/2 3735/10/2
f 4089/5/2 4090/5/2 4092/5/2
f 4092/5/2 4090/5/2 4091/5/2
f 4093/6/2 4094/6/2 4096/6/2
f 4096/6/2 4094/6/2 4095/6/2
f 4096/6/2 4097/6/2 4098/6/2
f 4098/6/2 4097/6/2 1808/6/2
f 4099/6/2 1809/6/2 4100/6/2
f 4100/6/2 1809/6/2 1824/6/2
f 4101/14/2 4102/14/2 4103/14/2
f 4103/14/2 4102/14/2 1835/14/2
f 4092/5/2 3981/5/2 4105/5/2
f 4105/5/2 3981/5/2 4104/5/2
f 4106/14/2 4107/14/2 4108/14/2
f 4108/14/2 4107/14/2 4043/14/2
f 4109/6/2 1825/6/2 4111/6/2
f 4111/6/2 1825/6/2 4110/6/2
f 4112/16/2 1876/16/2 1956/16/2
f 1956/16/2 1876/16/2 4113/16/2
f 4114/16/2 4075/16/2 1960/16/2
f 1960/16/2 4075/16/2 4115/16/2
f 4116/16/2 3875/16/2 4117/16/2
f 4117/16/2 3875/16/2 3878/16/2
f 4118/16/2 4119/16/2 4120/16/2
f 4120/16/2 4119/16/2 1885/16/2
f 4121/16/2 4122/16/2 4123/16/2
f 4123/16/2 4122/16/2 1889/16/2
f 4124/10/2 4125/10/2 4127/10/2
f 4127/10/2 4125/10/2 4126/10/2
f 4127/10/2 4128/10/2 4130/10/2
f 4130/10/2 4128/10/2 4129/10/2
f 4131/10/2 4132/10/2 4134/10/2
f 4134/10/2 4132/10/2 4133/10/2
f 4135/16/2 4136/16/2 4137/16/2
f 4137/16/2 4136/16/2 3876/16/2
f 4138/16/2 1925/16/2 4140/16/2
f 4140/16/2 1925/16/2 4139/16/2
f 4141/10/2 4134/10/2 4143/10/2
f 4143/10/2 4134/10/2 4142/10/2
f 4144/10/2 4145/10/2 4146/10/2
f 4146/10/2 4145/10/2 4124/10/2
f 4146/10/2 4147/10/2 4149/10/2
f 4149/10/2 4147/10/2 4148/10/2
f 4149/10/2 4089/10/2 4150/10/2
f 4150/10/2 4089/10/2 4092/10/2
f 4150/10/2 4151/10/2 4152/10/2
f 4152/10/2 4151/10/2 4131/10/2
f 4153/10/2 4154/10/2 4156/10/2
f 4156/10/2 4154/10/2 4155/10/2
f 4157/10/2 4158/10/2 4159/10/2
f 4159/10/2 4158/10/2 4134/10/2
f 4160/10/2 4161/10/2 4163/10/2
f 4163/10/2 4161/10/2 4162/10/2
f 4164/10/2 4165/10/2 4167/10/2
f 4167/10/2 4165/10/2 4166/10/2
f 4168/10/2 4169/10/2 4171/10/2
f 4171/10/2 4169/10/2 4170/10/2
f 4172/10/2 4173/10/2 4175/10/2
f 4175/10/2 4173/10/2 4174/10/2
f 4175/10/2 4176/10/2 4178/10/2
f 4178/10/2 4176/10/2 4177/10/2
f 4179/16/2 4180/16/2 2013/16/2
f 2013/16/2 4180/16/2 2016/16/2
f 4181/16/2 4182/16/2 2017/16/2
f 2017/16/2 4182/16/2 2020/16/2
f 2010/16/2 2011/16/2 4184/16/2
f 4184/16/2 2011/16/2 4183/16/2
f 2014/16/2 2015/16/2 4186/16/2
f 4186/16/2 2015/16/2 4185/16/2
f 4178/10/2 4187/10/2 4189/10/2
f 4189/10/2 4187/10/2 4188/10/2
f 4190/16/2 4191/16/2 4193/16/2
f 4193/16/2 4191/16/2 4192/16/2
f 4189/10/2 4194/10/2 4196/10/2
f 4196/10/2 4194/10/2 4195/10/2
f 4196/10/2 4197/10/2 4199/10/2
f 4199/10/2 4197/10/2 4198/10/2
f 4199/10/2 4200/10/2 4202/10/2
f 4202/10/2 4200/10/2 4201/10/2
f 4202/10/2 4203/10/2 4204/10/2
f 4204/10/2 4203/10/2 4169/10/2
f 4205/14/2 4206/14/2 4208/14/2
f 4208/14/2 4206/14/2 4207/14/2
f 4209/10/2 4210/10/2 4211/10/2
f 4211/10/2 4210/10/2 4171/10/2
f 4212/10/2 4213/10/2 4215/10/2
f 4215/10/2 4213/10/2 4214/10/2
f 4215/2/2 4216/2/2 4218/2/2
f 4218/2/2 4216/2/2 4217/2/2
f 2166/2/2 4219/2/2 4221/2/2
f 4221/2/2 4219/2/2 4220/2/2
f 4222/2/2 4223/2/2 2060/2/2
f 2060/2/2 4223/2/2 2063/2/2
f 4224/2/2 4225/2/2 4227/2/2
f 4227/2/2 4225/2/2 4226/2/2
f 2057/2/2 2058/2/2 2284/2/2
f 2284/2/2 2058/2/2 4228/2/2
f 4229/4/2 4230/4/2 4231/4/2
f 4231/4/2 4230/4/2 4181/4/2
f 4232/4/2 4193/4/2 4234/4/2
f 4234/4/2 4193/4/2 4233/4/2
f 4235/4/2 4236/4/2 4238/4/2
f 4238/4/2 4236/4/2 4237/4/2
f 4239/11/2 4240/11/2 4242/11/2
f 4242/11/2 4240/11/2 4241/11/2
f 4243/4/2 4208/4/2 4245/4/2
f 4245/4/2 4208/4/2 4244/4/2
f 4246/11/2 4247/11/2 4249/11/2
f 4249/11/2 4247/11/2 4248/11/2
f 4250/11/2 4251/11/2 4253/11/2
f 4253/11/2 4251/11/2 4252/11/2
f 4254/4/2 4255/4/2 4257/4/2
f 4257/4/2 4255/4/2 4256/4/2
f 4253/4/2 4252/4/2 4259/4/2
f 4259/4/2 4252/4/2 4258/4/2
f 2116/4/2 2117/4/2 4261/4/2
f 4261/4/2 2117/4/2 4260/4/2
f 4262/4/2 4263/4/2 4265/4/2
f 4265/4/2 4263/4/2 4264/4/2
f 4266/4/2 4267/4/2 4268/4/2
f 4268/4/2 4267/4/2 4215/4/2
f 4269/14/2 4270/14/2 4272/14/2
f 4272/14/2 4270/14/2 4271/14/2
f 4273/10/2 4274/10/2 4276/10/2
f 4276/10/2 4274/10/2 4275/10/2
f 4277/4/2 4278/4/2 4280/4/2
f 4280/4/2 4278/4/2 4279/4/2
f 4281/4/2 4282/4/2 4284/4/2
f 4284/4/2 4282/4/2 4283/4/2
f 4285/10/2 4218/10/2 4287/10/2
f 4287/10/2 4218/10/2 4286/10/2
f 4288/12/2 4289/12/2 4291/12/2
f 4291/12/2 4289/12/2 4290/12/2
f 4292/12/2 4293/12/2 4295/12/2
f 4295/12/2 4293/12/2 4294/12/2
f 4296/12/2 4297/12/2 4299/12/2
f 4299/12/2 4297/12/2 4298/12/2
f 4300/12/2 4301/12/2 4303/12/2
f 4303/12/2 4301/12/2 4302/12/2
f 4304/12/2 4305/12/2 4307/12/2
f 4307/12/2 4305/12/2 4306/12/2
f 4308/4/2 4309/4/2 4311/4/2
f 4311/4/2 4309/4/2 4310/4/2
f 4312/4/2 4313/4/2 4314/4/2
f 4314/4/2 4313/4/2 4268/4/2
f 4315/14/2 4316/14/2 4318/14/2
f 4318/14/2 4316/14/2 4317/14/2
f 4319/4/2 4320/4/2 4322/4/2
f 4322/4/2 4320/4/2 4321/4/2
f 4323/4/2 4324/4/2 4326/4/2
f 4326/4/2 4324/4/2 4325/4/2
f 4327/16/2 4328/16/2 4330/16/2
f 4330/16/2 4328/16/2 4329/16/2
f 2200/16/2 2201/16/2 2207/16/2
f 2207/16/2 2201/16/2 2210/16/2
f 4331/16/2 4332/16/2 4334/16/2
f 4334/16/2 4332/16/2 4333/16/2
f 4335/2/2 4336/2/2 4338/2/2
f 4338/2/2 4336/2/2 4337/2/2
f 4339/16/2 4340/16/2 4342/16/2
f 4342/16/2 4340/16/2 4341/16/2
f 4343/16/2 4344/16/2 4346/16/2
f 4346/16/2 4344/16/2 4345/16/2
f 4347/16/2 4348/16/2 4350/16/2
f 4350/16/2 4348/16/2 4349/16/2
f 4351/16/2 4352/16/2 4354/16/2
f 4354/16/2 4352/16/2 4353/16/2
f 4355/16/2 4334/16/2 4357/16/2
f 4357/16/2 4334/16/2 4356/16/2
f 4358/13/2 4359/13/2 4361/13/2
f 4361/13/2 4359/13/2 4360/13/2
f 4362/1/2 4335/1/2 4364/1/2
f 4364/1/2 4335/1/2 4363/1/2
f 2287/16/2 4365/16/2 4366/16/2
f 4366/16/2 4365/16/2 2223/16/2
f 4367/16/2 4368/16/2 4370/16/2
f 4370/16/2 4368/16/2 4369/16/2
f 4371/16/2 4372/16/2 4373/16/2
f 4373/16/2 4372/16/2 4351/16/2
f 4374/16/2 4354/16/2 4376/16/2
f 4376/16/2 4354/16/2 4375/16/2
f 4377/16/2 4357/16/2 4379/16/2
f 4379/16/2 4357/16/2 4378/16/2
f 4380/16/2 4381/16/2 4383/16/2
f 4383/16/2 4381/16/2 4382/16/2
f 4384/14/2 4385/14/2 4387/14/2
f 4387/14/2 4385/14/2 4386/14/2
f 4388/14/2 4389/14/2 4391/14/2
f 4391/14/2 4389/14/2 4390/14/2
f 4392/2/2 4393/2/2 4394/2/2
f 4394/2/2 4393/2/2 4336/2/2
f 4395/2/2 4396/2/2 4398/2/2
f 4398/2/2 4396/2/2 4397/2/2
f 4399/2/2 4400/2/2 4402/2/2
f 4402/2/2 4400/2/2 4401/2/2
f 4403/2/2 4404/2/2 4406/2/2
f 4406/2/2 4404/2/2 4405/2/2
f 4407/2/2 4363/2/2 4408/2/2
f 4408/2/2 4363/2/2 4338/2/2
f 4409/2/2 2060/2/2 4410/2/2
f 4410/2/2 2060/2/2 2061/2/2
f 4411/16/2 4412/16/2 4414/16/2
f 4414/16/2 4412/16/2 4413/16/2
f 4414/7/2 4413/7/2 4416/7/2
f 4416/7/2 4413/7/2 4415/7/2
f 4417/16/2 4418/16/2 4420/16/2
f 4420/16/2 4418/16/2 4419/16/2
f 4421/7/2 4422/7/2 4424/7/2
f 4424/7/2 4422/7/2 4423/7/2
f 4425/13/2 4426/13/2 4428/13/2
f 4428/13/2 4426/13/2 4427/13/2
f 4424/16/2 4429/16/2 4431/16/2
f 4431/16/2 4429/16/2 4430/16/2
f 4431/7/2 4432/7/2 4434/7/2
f 4434/7/2 4432/7/2 4433/7/2
f 4435/16/2 4436/16/2 4438/16/2
f 4438/16/2 4436/16/2 4437/16/2
f 2371/16/2 4383/16/2 2370/16/2
f 2370/16/2 4383/16/2 4439/16/2
f 4440/10/2 4441/10/2 4443/10/2
f 4443/10/2 4441/10/2 4442/10/2
f 4444/10/2 4312/10/2 4445/10/2
f 4445/10/2 4312/10/2 4314/10/2
f 4446/12/2 4447/12/2 4448/12/2
f 4448/12/2 4447/12/2 4289/12/2
f 4448/12/2 4449/12/2 4450/12/2
f 4450/12/2 4449/12/2 4395/12/2
f 4451/12/2 4452/12/2 4453/12/2
f 4453/12/2 4452/12/2 4399/12/2
f 4454/12/2 4455/12/2 4457/12/2
f 4457/12/2 4455/12/2 4456/12/2
f 4458/12/2 4402/12/2 4460/12/2
f 4460/12/2 4402/12/2 4459/12/2
f 4461/12/2 4406/12/2 4463/12/2
f 4463/12/2 4406/12/2 4462/12/2
f 4463/12/2 4464/12/2 4465/12/2
f 4465/12/2 4464/12/2 4307/12/2
f 2383/16/2 2285/16/2 2382/16/2
f 2382/16/2 2285/16/2 2286/16/2
f 4466/16/2 4467/16/2 4468/16/2
f 4468/16/2 4467/16/2 4417/16/2
f 4468/7/2 4417/7/2 4469/7/2
f 4469/7/2 4417/7/2 4420/7/2
f 4470/2/2 4471/2/2 4472/2/2
f 4472/2/2 4471/2/2 4428/2/2
f 4473/16/2 4474/16/2 4476/16/2
f 4476/16/2 4474/16/2 4475/16/2
f 4477/2/2 4478/2/2 4480/2/2
f 4480/2/2 4478/2/2 4479/2/2
f 4476/16/2 4481/16/2 4483/16/2
f 4483/16/2 4481/16/2 4482/16/2
f 2449/16/2 2267/16/2 4484/16/2
f 4484/16/2 2267/16/2 2268/16/2
f 2403/16/2 4485/16/2 2402/16/2
f 2402/16/2 4485/16/2 4486/16/2
f 4487/10/2 4488/10/2 4490/10/2
f 4490/10/2 4488/10/2 4489/10/2
f 4491/16/2 4492/16/2 4494/16/2
f 4494/16/2 4492/16/2 4493/16/2
f 4495/16/2 4496/16/2 4498/16/2
f 4498/16/2 4496/16/2 4497/16/2
f 4499/13/2 4470/13/2 4501/13/2
f 4501/13/2 4470/13/2 4500/13/2
f 4502/13/2 4477/13/2 4504/13/2
f 4504/13/2 4477/13/2 4503/13/2
f 4505/7/2 4473/7/2 4506/7/2
f 4506/7/2 4473/7/2 4476/7/2
f 4507/16/2 4508/16/2 4510/16/2
f 4510/16/2 4508/16/2 4509/16/2
f 4511/16/2 4512/16/2 4514/16/2
f 4514/16/2 4512/16/2 4513/16/2
f 4515/16/2 4516/16/2 4517/16/2
f 4517/16/2 4516/16/2 4494/16/2
f 4518/13/2 4519/13/2 4520/13/2
f 4520/13/2 4519/13/2 4470/13/2
f 4521/7/2 4522/7/2 4524/7/2
f 4524/7/2 4522/7/2 4523/7/2
f 4525/16/2 4421/16/2 4526/16/2
f 4526/16/2 4421/16/2 4424/16/2
f 4526/7/2 4527/7/2 4529/7/2
f 4529/7/2 4527/7/2 4528/7/2
f 4530/2/2 4427/2/2 4532/2/2
f 4532/2/2 4427/2/2 4531/2/2
f 4529/16/2 4528/16/2 4533/16/2
f 4533/16/2 4528/16/2 4506/16/2
f 4534/16/2 2400/16/2 4535/16/2
f 4535/16/2 2400/16/2 2401/16/2
f 4536/10/2 4537/10/2 4538/10/2
f 4538/10/2 4537/10/2 4276/10/2
f 4539/4/2 4540/4/2 4542/4/2
f 4542/4/2 4540/4/2 4541/4/2
f 4543/16/2 4521/16/2 4545/16/2
f 4545/16/2 4521/16/2 4544/16/2
f 4546/2/2 4500/2/2 4547/2/2
f 4547/2/2 4500/2/2 4472/2/2
f 4548/16/2 4526/16/2 4549/16/2
f 4549/16/2 4526/16/2 4529/16/2
f 4547/13/2 4530/13/2 4550/13/2
f 4550/13/2 4530/13/2 4532/13/2
f 4551/7/2 4552/7/2 4554/7/2
f 4554/7/2 4552/7/2 4553/7/2
f 4555/16/2 4556/16/2 4557/16/2
f 4557/16/2 4556/16/2 4533/16/2
f 4558/16/2 4559/16/2 4560/16/2
f 4560/16/2 4559/16/2 4508/16/2
f 2469/4/2 4561/4/2 2468/4/2
f 2468/4/2 4561/4/2 4562/4/2
f 4563/16/2 4564/16/2 4565/16/2
f 4565/16/2 4564/16/2 4545/16/2
f 4566/14/2 4567/14/2 4569/14/2
f 4569/14/2 4567/14/2 4568/14/2
f 4570/16/2 4571/16/2 4573/16/2
f 4573/16/2 4571/16/2 4572/16/2
f 2492/16/2 4574/16/2 4576/16/2
f 4576/16/2 4574/16/2 4575/16/2
f 4577/10/2 4578/10/2 4580/10/2
f 4580/10/2 4578/10/2 4579/10/2
f 4581/4/2 4582/4/2 4584/4/2
f 4584/4/2 4582/4/2 4583/4/2
f 4585/4/2 4444/4/2 4586/4/2
f 4586/4/2 4444/4/2 4445/4/2
f 4587/16/2 4588/16/2 4590/16/2
f 4590/16/2 4588/16/2 4589/16/2
f 4591/16/2 4592/16/2 4594/16/2
f 4594/16/2 4592/16/2 4593/16/2
f 4595/4/2 4596/4/2 4598/4/2
f 4598/4/2 4596/4/2 4597/4/2
f 4599/10/2 4600/10/2 4602/10/2
f 4602/10/2 4600/10/2 4601/10/2
f 4603/2/2 4604/2/2 4606/2/2
f 4606/2/2 4604/2/2 4605/2/2
f 4607/2/2 4608/2/2 4610/2/2
f 4610/2/2 4608/2/2 4609/2/2
f 4611/4/2 4612/4/2 4614/4/2
f 4614/4/2 4612/4/2 4613/4/2
f 4615/14/2 2468/14/2 4617/14/2
f 4617/14/2 2468/14/2 4616/14/2
f 4618/2/2 4619/2/2 4621/2/2
f 4621/2/2 4619/2/2 4620/2/2
f 4622/10/2 4623/10/2 4625/10/2
f 4625/10/2 4623/10/2 4624/10/2
f 4626/4/2 4172/4/2 4627/4/2
f 4627/4/2 4172/4/2 4267/4/2
f 4628/10/2 4629/10/2 4631/10/2
f 4631/10/2 4629/10/2 4630/10/2
f 4632/10/2 4633/10/2 4635/10/2
f 4635/10/2 4633/10/2 4634/10/2
f 4636/10/2 4637/10/2 4639/10/2
f 4639/10/2 4637/10/2 4638/10/2
f 4640/14/2 4641/14/2 4643/14/2
f 4643/14/2 4641/14/2 4642/14/2
f 2576/16/2 4644/16/2 4646/16/2
f 4646/16/2 4644/16/2 4645/16/2
f 2545/16/2 2546/16/2 2556/16/2
f 2556/16/2 2546/16/2 2559/16/2
f 2553/16/2 2554/16/2 4648/16/2
f 4648/16/2 2554/16/2 4647/16/2
f 4649/13/2 4650/13/2 4652/13/2
f 4652/13/2 4650/13/2 4651/13/2
f 4653/16/2 4654/16/2 4655/16/2
f 4655/16/2 4654/16/2 2544/16/2
f 2571/16/2 4656/16/2 4658/16/2
f 4658/16/2 4656/16/2 4657/16/2
f 4658/16/2 4659/16/2 4661/16/2
f 4661/16/2 4659/16/2 4660/16/2
f 4661/16/2 4662/16/2 4664/16/2
f 4664/16/2 4662/16/2 4663/16/2
f 4665/16/2 4666/16/2 4668/16/2
f 4668/16/2 4666/16/2 4667/16/2
f 4669/16/2 4670/16/2 4672/16/2
f 4672/16/2 4670/16/2 4671/16/2
f 4673/10/2 4674/10/2 4676/10/2
f 4676/10/2 4674/10/2 4675/10/2
f 4677/4/2 4678/4/2 4680/4/2
f 4680/4/2 4678/4/2 4679/4/2
f 4681/16/2 4682/16/2 4683/16/2
f 4683/16/2 4682/16/2 4653/16/2
f 4684/13/2 4685/13/2 4687/13/2
f 4687/13/2 4685/13/2 4686/13/2
f 4688/7/2 4689/7/2 4691/7/2
f 4691/7/2 4689/7/2 4690/7/2
f 4692/16/2 4693/16/2 4695/16/2
f 4695/16/2 4693/16/2 4694/16/2
f 4696/16/2 4697/16/2 4699/16/2
f 4699/16/2 4697/16/2 4698/16/2
f 4699/16/2 4700/16/2 4702/16/2
f 4702/16/2 4700/16/2 4701/16/2
f 4703/16/2 2591/16/2 4705/16/2
f 4705/16/2 2591/16/2 4704/16/2
f 4706/10/2 4707/10/2 4709/10/2
f 4709/10/2 4707/10/2 4708/10/2
f 4709/10/2 4710/10/2 4712/10/2
f 4712/10/2 4710/10/2 4711/10/2
f 4712/10/2 4713/10/2 4714/10/2
f 4714/10/2 4713/10/2 4443/10/2
f 4714/10/2 4626/10/2 4715/10/2
f 4715/10/2 4626/10/2 4627/10/2
f 4716/4/2 4717/4/2 4719/4/2
f 4719/4/2 4717/4/2 4718/4/2
f 4720/4/2 4721/4/2 4723/4/2
f 4723/4/2 4721/4/2 4722/4/2
f 4719/10/2 4215/10/2 4724/10/2
f 4724/10/2 4215/10/2 4218/10/2
f 4724/10/2 4725/10/2 4727/10/2
f 4727/10/2 4725/10/2 4726/10/2
f 4728/13/2 4632/13/2 4729/13/2
f 4729/13/2 4632/13/2 4635/13/2
f 4730/16/2 4731/16/2 4732/16/2
f 4732/16/2 4731/16/2 2610/16/2
f 4733/16/2 4734/16/2 4736/16/2
f 4736/16/2 4734/16/2 4735/16/2
f 4737/16/2 4738/16/2 4740/16/2
f 4740/16/2 4738/16/2 4739/16/2
f 4741/16/2 4742/16/2 4744/16/2
f 4744/16/2 4742/16/2 4743/16/2
f 4745/2/2 4684/2/2 4746/2/2
f 4746/2/2 4684/2/2 4687/2/2
f 4744/16/2 4747/16/2 4748/16/2
f 4748/16/2 4747/16/2 4692/16/2
f 4746/2/2 4686/2/2 4750/2/2
f 4750/2/2 4686/2/2 4749/2/2
f 4748/7/2 4692/7/2 4751/7/2
f 4751/7/2 4692/7/2 4695/7/2
f 4751/16/2 4695/16/2 4753/16/2
f 4753/16/2 4695/16/2 4752/16/2
f 4754/13/2 4755/13/2 4757/13/2
f 4757/13/2 4755/13/2 4756/13/2
f 4758/7/2 4699/7/2 4759/7/2
f 4759/7/2 4699/7/2 4702/7/2
f 4760/16/2 4761/16/2 4763/16/2
f 4763/16/2 4761/16/2 4762/16/2
f 6/6/3 5/6/3 2698/6/3
f 2698/6/3 5/6/3 2699/6/3
f 1/10/3 798/10/3 2694/10/3
f 2694/10/3 798/10/3 3178/10/3
f 2/10/3 1042/10/3 2697/10/3
f 2697/10/3 1042/10/3 3359/10/3
f 8/6/3 34/6/3 2703/6/3
f 2703/6/3 34/6/3 2731/6/3
f 13/6/3 36/6/3 2707/6/3
f 2707/6/3 36/6/3 2733/6/3
f 126/10/3 129/10/3 2786/10/3
f 2786/10/3 129/10/3 2788/10/3
f 43/16/3 42/16/3 2740/16/3
f 2740/16/3 42/16/3 2741/16/3
f 58/16/3 57/16/3 2965/16/3
f 2965/16/3 57/16/3 2967/16/3
f 62/16/3 61/16/3 2750/16/3
f 2750/16/3 61/16/3 2751/16/3
f 77/16/3 76/16/3 2981/16/3
f 2981/16/3 76/16/3 2983/16/3
f 81/16/3 80/16/3 2760/16/3
f 2760/16/3 80/16/3 2761/16/3
f 96/16/3 95/16/3 2997/16/3
f 2997/16/3 95/16/3 2999/16/3
f 100/16/3 99/16/3 2770/16/3
f 2770/16/3 99/16/3 2771/16/3
f 115/16/3 114/16/3 3013/16/3
f 3013/16/3 114/16/3 3015/16/3
f 37/10/3 130/10/3 2734/10/3
f 2734/10/3 130/10/3 2792/10/3
f 39/10/3 133/10/3 2736/10/3
f 2736/10/3 133/10/3 2795/10/3
f 4764/16/3 4765/16/3 2968/16/3
f 2968/16/3 4765/16/3 2861/16/3
f 4766/16/3 4767/16/3 2984/16/3
f 2984/16/3 4767/16/3 2868/16/3
f 4768/16/3 4769/16/3 3000/16/3
f 3000/16/3 4769/16/3 2875/16/3
f 4770/16/3 4771/16/3 3016/16/3
f 3016/16/3 4771/16/3 2882/16/3
f 222/10/3 337/10/3 2843/10/3
f 2843/10/3 337/10/3 2892/10/3
f 226/10/3 4772/10/3 2852/10/3
f 2852/10/3 4772/10/3 2915/10/3
f 336/6/3 591/6/3 2891/6/3
f 2891/6/3 591/6/3 3021/6/3
f 4773/10/3 4774/10/3 2948/10/3
f 2948/10/3 4774/10/3 2949/10/3
f 2917/16/3 510/16/3 2860/16/3
f 2860/16/3 510/16/3 2969/16/3
f 2921/16/3 534/16/3 2867/16/3
f 2867/16/3 534/16/3 2985/16/3
f 2925/16/3 558/16/3 2874/16/3
f 2874/16/3 558/16/3 3001/16/3
f 2929/16/3 582/16/3 2881/16/3
f 2881/16/3 582/16/3 3017/16/3
f 464/10/3 1029/10/3 2932/10/3
f 2932/10/3 1029/10/3 3354/10/3
f 471/10/3 593/10/3 2938/10/3
f 2938/10/3 593/10/3 3024/10/3
f 474/6/3 703/6/3 2941/6/3
f 2941/6/3 703/6/3 3098/6/3
f 4775/5/3 597/5/3 2946/5/3
f 2946/5/3 597/5/3 3029/5/3
f 3041/16/3 3040/16/3 2964/16/3
f 2964/16/3 3040/16/3 3039/16/3
f 3053/16/3 3052/16/3 2980/16/3
f 2980/16/3 3052/16/3 3051/16/3
f 3065/16/3 3064/16/3 2996/16/3
f 2996/16/3 3064/16/3 3063/16/3
f 3077/16/3 3076/16/3 3012/16/3
f 3012/16/3 3076/16/3 3075/16/3
f 590/6/3 696/6/3 3022/6/3
f 3022/6/3 696/6/3 3093/6/3
f 594/10/3 704/10/3 3025/10/3
f 3025/10/3 704/10/3 3104/10/3
f 712/16/3 711/16/3 3038/16/3
f 3038/16/3 711/16/3 3110/16/3
f 720/16/3 719/16/3 3050/16/3
f 3050/16/3 719/16/3 3116/16/3
f 728/16/3 727/16/3 3062/16/3
f 3062/16/3 727/16/3 3122/16/3
f 736/16/3 735/16/3 3074/16/3
f 3074/16/3 735/16/3 3128/16/3
f 683/10/3 743/10/3 3082/10/3
f 3082/10/3 743/10/3 3134/10/3
f 754/10/3 753/10/3 3141/10/3
f 3141/10/3 753/10/3 3142/10/3
f 700/6/3 788/6/3 3097/6/3
f 3097/6/3 788/6/3 3168/6/3
f 749/6/3 813/6/3 3137/6/3
f 3137/6/3 813/6/3 3192/6/3
f 704/6/3 771/6/3 3104/6/3
f 3104/6/3 771/6/3 3155/6/3
f 765/6/3 781/6/3 3149/6/3
f 3149/6/3 781/6/3 3163/6/3
f 792/6/3 791/6/3 3173/6/3
f 3173/6/3 791/6/3 3174/6/3
f 785/6/3 808/6/3 3167/6/3
f 3167/6/3 808/6/3 3188/6/3
f 793/10/3 843/10/3 3175/10/3
f 3175/10/3 843/10/3 3219/10/3
f 804/10/3 814/10/3 3184/10/3
f 3184/10/3 814/10/3 3194/10/3
f 818/6/3 817/6/3 3197/6/3
f 3197/6/3 817/6/3 3198/6/3
f 811/6/3 850/6/3 3191/6/3
f 3191/6/3 850/6/3 3224/6/3
f 816/6/3 837/6/3 3196/6/3
f 3196/6/3 837/6/3 3214/6/3
f 819/10/3 842/10/3 3199/10/3
f 3199/10/3 842/10/3 3220/10/3
f 835/6/3 878/6/3 3212/6/3
f 3212/6/3 878/6/3 3244/6/3
f 871/6/3 944/6/3 3237/6/3
f 3237/6/3 944/6/3 3293/6/3
f 876/6/3 905/6/3 3243/6/3
f 3243/6/3 905/6/3 3267/6/3
f 904/6/3 945/6/3 3266/6/3
f 3266/6/3 945/6/3 3295/6/3
f 973/2/3 972/2/3 3440/2/3
f 3440/2/3 972/2/3 3343/2/3
f 943/6/3 989/6/3 3294/6/3
f 3294/6/3 989/6/3 3327/6/3
f 1013/2/3 1012/2/3 3344/2/3
f 3344/2/3 1012/2/3 3345/2/3
f 988/6/3 1040/6/3 3326/6/3
f 3326/6/3 1040/6/3 3361/6/3
f 1061/13/3 1060/13/3 3388/13/3
f 3388/13/3 1060/13/3 3389/13/3
f 1026/10/3 1149/10/3 3353/10/3
f 3353/10/3 1149/10/3 3492/10/3
f 1035/10/3 4776/10/3 3358/10/3
f 3358/10/3 4776/10/3 3404/10/3
f 1054/13/3 1084/13/3 3384/13/3
f 3384/13/3 1084/13/3 3429/13/3
f 1059/2/3 1093/2/3 3387/2/3
f 3387/2/3 1093/2/3 3441/2/3
f 4777/10/3 4778/10/3 3403/10/3
f 3403/10/3 4778/10/3 3453/10/3
f 1093/13/3 1133/13/3 3441/13/3
f 3441/13/3 1133/13/3 3477/13/3
f 4779/5/3 1147/5/3 3452/5/3
f 3452/5/3 1147/5/3 3494/5/3
f 1144/10/3 1340/10/3 3489/10/3
f 3489/10/3 1340/10/3 3665/10/3
f 1339/10/3 1899/10/3 3666/10/3
f 3666/10/3 1899/10/3 4090/10/3
f 1243/10/3 1337/10/3 3566/10/3
f 3566/10/3 1337/10/3 3662/10/3
f 1898/5/3 3609/5/3 4091/5/3
f 4091/5/3 3609/5/3 3982/5/3
f 3611/10/3 1747/10/3 3983/10/3
f 3983/10/3 1747/10/3 3987/10/3
f 1388/2/3 1387/2/3 3815/2/3
f 3815/2/3 1387/2/3 3724/2/3
f 1746/10/3 1750/10/3 3988/10/3
f 3988/10/3 1750/10/3 3998/10/3
f 1423/2/3 1422/2/3 3725/2/3
f 3725/2/3 1422/2/3 3726/2/3
f 1749/10/3 1753/10/3 3999/10/3
f 3999/10/3 1753/10/3 4003/10/3
f 1474/13/3 1473/13/3 3770/13/3
f 3770/13/3 1473/13/3 3771/13/3
f 1752/10/3 1756/10/3 4004/10/3
f 4004/10/3 1756/10/3 4014/10/3
f 1467/13/3 1508/13/3 3766/13/3
f 3766/13/3 1508/13/3 3804/13/3
f 1472/2/3 1517/2/3 3769/2/3
f 3769/2/3 1517/2/3 3816/2/3
f 1755/10/3 1759/10/3 4015/10/3
f 4015/10/3 1759/10/3 4021/10/3
f 1517/13/3 1563/13/3 3816/13/3
f 3816/13/3 1563/13/3 3845/13/3
f 1436/10/3 1641/10/3 3734/10/3
f 3734/10/3 1641/10/3 3897/10/3
f 1758/10/3 1766/10/3 4022/10/3
f 4022/10/3 1766/10/3 4026/10/3
f 1603/16/3 1602/16/3 3873/16/3
f 3873/16/3 1602/16/3 3874/16/3
f 1607/16/3 1606/16/3 4079/16/3
f 4079/16/3 1606/16/3 4081/16/3
f 1765/10/3 1769/10/3 4027/10/3
f 4027/10/3 1769/10/3 4029/10/3
f 4780/16/3 4781/16/3 4082/16/3
f 4082/16/3 4781/16/3 3963/16/3
f 1638/10/3 1945/10/3 3896/10/3
f 3896/10/3 1945/10/3 4125/10/3
f 1768/10/3 1772/10/3 4030/10/3
f 4030/10/3 1772/10/3 4032/10/3
f 1771/10/3 1770/10/3 4033/10/3
f 4033/10/3 1770/10/3 4035/10/3
f 1737/10/3 1948/10/3 3966/10/3
f 3966/10/3 1948/10/3 4128/10/3
f 4039/10/3 4038/10/3 4036/10/3
f 4036/10/3 4038/10/3 4037/10/3
f 3978/16/3 1886/16/3 3962/16/3
f 3962/16/3 1886/16/3 4083/16/3
f 1915/5/3 1914/5/3 4104/5/3
f 4104/5/3 1914/5/3 4105/5/3
f 4119/16/3 4118/16/3 4078/16/3
f 4078/16/3 4118/16/3 4117/16/3
f 1897/10/3 1972/10/3 4092/10/3
f 4092/10/3 1972/10/3 4151/10/3
f 1951/10/3 1950/10/3 4133/10/3
f 4133/10/3 1950/10/3 4134/10/3
f 1955/16/3 1954/16/3 4116/16/3
f 4116/16/3 1954/16/3 4137/16/3
f 1942/10/3 1969/10/3 4124/10/3
f 4124/10/3 1969/10/3 4147/10/3
f 1949/10/3 1971/10/3 4131/10/3
f 4131/10/3 1971/10/3 4152/10/3
f 1975/10/3 1974/10/3 4155/10/3
f 4155/10/3 1974/10/3 4156/10/3
f 1961/10/3 1978/10/3 4141/10/3
f 4141/10/3 1978/10/3 4159/10/3
f 1982/10/3 1981/10/3 4162/10/3
f 4162/10/3 1981/10/3 4163/10/3
f 1998/10/3 2002/10/3 4174/10/3
f 4174/10/3 2002/10/3 4176/10/3
f 1990/10/3 1989/10/3 4188/10/3
f 4188/10/3 1989/10/3 4194/10/3
f 2034/10/3 2038/10/3 4198/10/3
f 4198/10/3 2038/10/3 4200/10/3
f 2046/10/3 4782/10/3 4214/10/3
f 4214/10/3 4782/10/3 4216/10/3
f 1992/10/3 2039/10/3 4168/10/3
f 4168/10/3 2039/10/3 4204/10/3
f 1994/10/3 2042/10/3 4170/10/3
f 4170/10/3 2042/10/3 4211/10/3
f 4219/2/3 2166/2/3 4217/2/3
f 4217/2/3 2166/2/3 4218/2/3
f 2165/10/3 2164/10/3 4286/10/3
f 4286/10/3 2164/10/3 4287/10/3
f 2163/10/3 2379/10/3 4285/10/3
f 4285/10/3 2379/10/3 4488/10/3
f 2294/2/3 2293/2/3 4531/2/3
f 4531/2/3 2293/2/3 4478/2/3
f 2359/2/3 2358/2/3 4479/2/3
f 4479/2/3 2358/2/3 4480/2/3
f 2310/10/3 2527/10/3 4440/10/3
f 4440/10/3 2527/10/3 4623/10/3
f 2378/10/3 2377/10/3 4489/10/3
f 4489/10/3 2377/10/3 4490/10/3
f 2395/13/3 2394/13/3 4503/13/3
f 4503/13/3 2394/13/3 4504/13/3
f 2376/10/3 2501/10/3 4487/10/3
f 4487/10/3 2501/10/3 4600/10/3
f 2389/13/3 2407/13/3 4499/13/3
f 4499/13/3 2407/13/3 4520/13/3
f 2393/2/3 2417/2/3 4502/2/3
f 4502/2/3 2417/2/3 4532/2/3
f 2417/13/3 2446/13/3 4532/13/3
f 4532/13/3 2446/13/3 4550/13/3
f 2427/10/3 2638/10/3 4536/10/3
f 4536/10/3 2638/10/3 4707/10/3
f 2500/10/3 2499/10/3 4601/10/3
f 4601/10/3 2499/10/3 4602/10/3
f 2498/10/3 2533/10/3 4599/10/3
f 4599/10/3 2533/10/3 4629/10/3
f 2432/4/3 2645/4/3 4783/4/3
f 4783/4/3 2645/4/3 4627/4/3
f 2532/10/3 2531/10/3 4630/10/3
f 4630/10/3 2531/10/3 4631/10/3
f 2524/10/3 2641/10/3 4622/10/3
f 4622/10/3 2641/10/3 4710/10/3
f 2530/10/3 2657/10/3 4628/10/3
f 4628/10/3 2657/10/3 4725/10/3
f 2645/10/3 2644/10/3 4627/10/3
f 4627/10/3 2644/10/3 4715/10/3
f 2656/10/3 2655/10/3 4726/10/3
f 4726/10/3 2655/10/3 4727/10/3
f 2680/2/3 2679/2/3 4749/2/3
f 4749/2/3 2679/2/3 4750/2/3
f 2686/13/3 2685/13/3 4756/13/3
f 4756/13/3 2685/13/3 4757/13/3
f 4784/16/3 4785/16/3 59/16/3
f 59/16/3 4785/16/3 56/16/3
f 4786/16/3 4787/16/3 78/16/3
f 78/16/3 4787/16/3 75/16/3
f 4788/16/3 4789/16/3 97/16/3
f 97/16/3 4789/16/3 94/16/3
f 4790/16/3 4791/16/3 116/16/3
f 116/16/3 4791/16/3 113/16/3
f 149/7/3 148/7/3 4764/7/3
f 4764/7/3 148/7/3 4765/7/3
f 169/7/3 168/7/3 4766/7/3
f 4766/7/3 168/7/3 4767/7/3
f 189/7/3 188/7/3 4768/7/3
f 4768/7/3 188/7/3 4769/7/3
f 209/7/3 208/7/3 4770/7/3
f 4770/7/3 208/7/3 4771/7/3
f 4792/16/3 396/16/3 2862/16/3
f 2862/16/3 396/16/3 2863/16/3
f 4793/16/3 418/16/3 2869/16/3
f 2869/16/3 418/16/3 2870/16/3
f 4794/16/3 440/16/3 2876/16/3
f 2876/16/3 440/16/3 2877/16/3
f 4795/16/3 462/16/3 2883/16/3
f 2883/16/3 462/16/3 2884/16/3
f 342/13/3 341/13/3 351/13/3
f 351/13/3 341/13/3 348/13/3
f 354/13/3 353/13/3 363/13/3
f 363/13/3 353/13/3 360/13/3
f 396/16/3 395/16/3 2918/16/3
f 2918/16/3 395/16/3 2919/16/3
f 418/16/3 417/16/3 2922/16/3
f 2922/16/3 417/16/3 2923/16/3
f 440/16/3 439/16/3 2926/16/3
f 2926/16/3 439/16/3 2927/16/3
f 462/16/3 461/16/3 2930/16/3
f 2930/16/3 461/16/3 2931/16/3
f 2970/16/3 616/16/3 512/16/3
f 512/16/3 616/16/3 3042/16/3
f 2986/16/3 636/16/3 536/16/3
f 536/16/3 636/16/3 3054/16/3
f 3002/16/3 656/16/3 560/16/3
f 560/16/3 656/16/3 3066/16/3
f 3018/16/3 676/16/3 584/16/3
f 584/16/3 676/16/3 3078/16/3
f 689/13/3 688/13/3 4796/13/3
f 4796/13/3 688/13/3 747/13/3
f 757/13/3 4797/13/3 746/13/3
f 746/13/3 4797/13/3 801/13/3
f 825/13/3 824/13/3 810/13/3
f 810/13/3 824/13/3 846/13/3
f 4798/2/3 4799/2/3 972/2/3
f 972/2/3 4799/2/3 1059/2/3
f 4800/2/3 4801/2/3 1387/2/3
f 1387/2/3 4801/2/3 1472/2/3
f 4802/16/3 4803/16/3 1608/16/3
f 1608/16/3 4803/16/3 1605/16/3
f 1677/7/3 1676/7/3 4780/7/3
f 4780/7/3 1676/7/3 4781/7/3
f 4804/16/3 1788/16/3 3964/16/3
f 3964/16/3 1788/16/3 3965/16/3
f 1788/16/3 1787/16/3 3979/16/3
f 3979/16/3 1787/16/3 3980/16/3
f 4084/16/3 1938/16/3 1888/16/3
f 1888/16/3 1938/16/3 4120/16/3
f 2011/16/3 2010/16/3 2032/16/3
f 2032/16/3 2010/16/3 2029/16/3
f 2054/2/3 2053/2/3 4220/2/3
f 4220/2/3 2053/2/3 4221/2/3
f 2155/4/3 2154/4/3 4806/4/3
f 4806/4/3 2154/4/3 4805/4/3
f 4396/2/3 4395/2/3 4362/2/3
f 4362/2/3 4395/2/3 4394/2/3
f 4464/2/3 4462/2/3 4337/2/3
f 4337/2/3 4462/2/3 4408/2/3
f 4807/2/3 4808/2/3 2293/2/3
f 2293/2/3 4808/2/3 2393/2/3
f 2173/4/3 4541/4/3 4266/4/3
f 4266/4/3 4541/4/3 4783/4/3
f 2453/4/3 4597/4/3 4810/4/3
f 4810/4/3 4597/4/3 4809/4/3
f 2504/2/3 2503/2/3 4605/2/3
f 4605/2/3 2503/2/3 4606/2/3
f 2536/10/3 2535/10/3 4634/10/3
f 4634/10/3 2535/10/3 4635/10/3
f 2600/4/3 4811/4/3 4812/4/3
f 4812/4/3 4811/4/3 2653/4/3
f 2608/13/3 4813/13/3 4814/13/3
f 4814/13/3 4813/13/3 4729/13/3
f 19/16/3 18/16/3 2714/16/3
f 2714/16/3 18/16/3 59/16/3
f 23/16/3 22/16/3 2719/16/3
f 2719/16/3 22/16/3 78/16/3
f 27/16/3 26/16/3 2724/16/3
f 2724/16/3 26/16/3 97/16/3
f 31/16/3 30/16/3 2729/16/3
f 2729/16/3 30/16/3 116/16/3
f 18/7/3 4815/7/3 4784/7/3
f 4784/7/3 4815/7/3 4785/7/3
f 22/7/3 4816/7/3 4786/7/3
f 4786/7/3 4816/7/3 4787/7/3
f 26/7/3 4817/7/3 4788/7/3
f 4788/7/3 4817/7/3 4789/7/3
f 30/7/3 4818/7/3 4790/7/3
f 4790/7/3 4818/7/3 4791/7/3
f 2804/16/3 2803/16/3 150/16/3
f 150/16/3 2803/16/3 147/16/3
f 2814/16/3 2813/16/3 170/16/3
f 170/16/3 2813/16/3 167/16/3
f 2824/16/3 2823/16/3 190/16/3
f 190/16/3 2823/16/3 187/16/3
f 2834/16/3 2833/16/3 210/16/3
f 210/16/3 2833/16/3 207/16/3
f 251/7/3 250/7/3 4792/7/3
f 4792/7/3 250/7/3 396/7/3
f 276/7/3 275/7/3 4793/7/3
f 4793/7/3 275/7/3 418/7/3
f 301/7/3 300/7/3 4794/7/3
f 4794/7/3 300/7/3 440/7/3
f 326/7/3 325/7/3 4795/7/3
f 4795/7/3 325/7/3 462/7/3
f 2903/13/3 2902/13/3 355/13/3
f 355/13/3 2902/13/3 352/13/3
f 515/16/3 514/16/3 394/16/3
f 394/16/3 514/16/3 2971/16/3
f 539/16/3 538/16/3 416/16/3
f 416/16/3 538/16/3 2987/16/3
f 563/16/3 562/16/3 438/16/3
f 438/16/3 562/16/3 3003/16/3
f 587/16/3 586/16/3 460/16/3
f 460/16/3 586/16/3 3019/16/3
f 4819/13/3 3090/13/3 466/13/3
f 466/13/3 3090/13/3 4796/13/3
f 3044/16/3 3043/16/3 618/16/3
f 618/16/3 3043/16/3 615/16/3
f 3056/16/3 3055/16/3 638/16/3
f 638/16/3 3055/16/3 635/16/3
f 3068/16/3 3067/16/3 658/16/3
f 658/16/3 3067/16/3 655/16/3
f 3080/16/3 3079/16/3 678/16/3
f 678/16/3 3079/16/3 675/16/3
f 716/16/3 715/16/3 3112/16/3
f 3112/16/3 715/16/3 3113/16/3
f 724/16/3 723/16/3 3118/16/3
f 3118/16/3 723/16/3 3119/16/3
f 732/16/3 731/16/3 3124/16/3
f 3124/16/3 731/16/3 3125/16/3
f 740/16/3 739/16/3 3130/16/3
f 3130/16/3 739/16/3 3131/16/3
f 3146/13/3 3158/13/3 756/13/3
f 756/13/3 3158/13/3 4797/13/3
f 3209/13/3 3207/13/3 3190/13/3
f 3190/13/3 3207/13/3 825/13/3
f 3234/13/3 900/13/3 845/13/3
f 845/13/3 900/13/3 940/13/3
f 1032/13/3 1031/13/3 939/13/3
f 939/13/3 1031/13/3 1034/13/3
f 1551/16/3 1550/16/3 3834/16/3
f 3834/16/3 1550/16/3 1608/16/3
f 1343/17/3 1575/17/3 3611/17/3
f 3611/17/3 1575/17/3 1644/17/3
f 1550/7/3 4820/7/3 4802/7/3
f 4802/7/3 4820/7/3 4803/7/3
f 3927/16/3 3926/16/3 1678/16/3
f 1678/16/3 3926/16/3 1675/16/3
f 1735/7/3 1734/7/3 4804/7/3
f 4804/7/3 1734/7/3 1788/7/3
f 4007/17/3 4006/17/3 1815/17/3
f 1815/17/3 4006/17/3 1812/17/3
f 4044/17/3 4043/17/3 4040/17/3
f 4040/17/3 4043/17/3 1915/17/3
f 1891/16/3 1890/16/3 1786/16/3
f 1786/16/3 1890/16/3 4085/16/3
f 4122/16/3 4121/16/3 1940/16/3
f 1940/16/3 4121/16/3 1937/16/3
f 1959/16/3 1958/16/3 4139/16/3
f 4139/16/3 1958/16/3 4140/16/3
f 2019/16/3 2018/16/3 4183/16/3
f 4183/16/3 2018/16/3 4184/16/3
f 4223/2/3 4222/2/3 2055/2/3
f 2055/2/3 4222/2/3 2052/2/3
f 2062/2/3 2061/2/3 4226/2/3
f 4226/2/3 2061/2/3 4227/2/3
f 4230/4/3 4229/4/3 2075/4/3
f 2075/4/3 4229/4/3 2072/4/3
f 4208/4/3 4243/4/3 2107/4/3
f 2107/4/3 4243/4/3 2104/4/3
f 4293/12/3 4292/12/3 4290/12/3
f 4290/12/3 4292/12/3 4291/12/3
f 4821/4/3 4386/4/3 4822/4/3
f 4822/4/3 4386/4/3 2277/4/3
f 4400/2/3 4399/2/3 4397/2/3
f 4397/2/3 4399/2/3 4398/2/3
f 4452/12/3 4451/12/3 4395/12/3
f 4395/12/3 4451/12/3 4450/12/3
f 2342/12/3 2341/12/3 4306/12/3
f 4306/12/3 2341/12/3 4465/12/3
f 4387/4/3 4823/4/3 2276/4/3
f 2276/4/3 4823/4/3 4542/4/3
f 4823/4/3 4824/4/3 2431/4/3
f 2431/4/3 4824/4/3 2484/4/3
f 2468/4/3 4825/4/3 2452/4/3
f 2452/4/3 4825/4/3 4598/4/3
f 4825/4/3 4679/4/3 4826/4/3
f 4826/4/3 4679/4/3 4812/4/3
f 50/16/3 4827/16/3 20/16/3
f 20/16/3 4827/16/3 17/16/3
f 69/16/3 4828/16/3 24/16/3
f 24/16/3 4828/16/3 21/16/3
f 88/16/3 4829/16/3 28/16/3
f 28/16/3 4829/16/3 25/16/3
f 107/16/3 4830/16/3 32/16/3
f 32/16/3 4830/16/3 29/16/3
f 4831/16/3 4832/16/3 18/16/3
f 18/16/3 4832/16/3 4815/16/3
f 4833/16/3 4834/16/3 22/16/3
f 22/16/3 4834/16/3 4816/16/3
f 4835/16/3 4836/16/3 26/16/3
f 26/16/3 4836/16/3 4817/16/3
f 4837/16/3 4838/16/3 30/16/3
f 30/16/3 4838/16/3 4818/16/3
f 153/16/3 392/16/3 2805/16/3
f 2805/16/3 392/16/3 249/16/3
f 173/16/3 414/16/3 2815/16/3
f 2815/16/3 414/16/3 274/16/3
f 193/16/3 436/16/3 2825/16/3
f 2825/16/3 436/16/3 299/16/3
f 213/16/3 458/16/3 2835/16/3
f 2835/16/3 458/16/3 324/16/3
f 2895/13/3 480/13/3 343/13/3
f 343/13/3 480/13/3 340/13/3
f 2912/13/3 479/13/3 375/13/3
f 375/13/3 479/13/3 372/13/3
f 392/16/3 391/16/3 397/16/3
f 397/16/3 391/16/3 394/16/3
f 414/16/3 413/16/3 419/16/3
f 419/16/3 413/16/3 416/16/3
f 436/16/3 435/16/3 441/16/3
f 441/16/3 435/16/3 438/16/3
f 458/16/3 457/16/3 463/16/3
f 463/16/3 457/16/3 460/16/3
f 390/7/3 621/7/3 516/7/3
f 516/7/3 621/7/3 513/7/3
f 412/7/3 641/7/3 540/7/3
f 540/7/3 641/7/3 537/7/3
f 434/7/3 661/7/3 564/7/3
f 564/7/3 661/7/3 561/7/3
f 456/7/3 681/7/3 588/7/3
f 588/7/3 681/7/3 585/7/3
f 621/16/3 620/16/3 513/16/3
f 513/16/3 620/16/3 3045/16/3
f 641/16/3 640/16/3 537/16/3
f 537/16/3 640/16/3 3057/16/3
f 661/16/3 660/16/3 561/16/3
f 561/16/3 660/16/3 3069/16/3
f 681/16/3 680/16/3 585/16/3
f 585/16/3 680/16/3 3081/16/3
f 777/2/3 776/2/3 3159/2/3
f 3159/2/3 776/2/3 3160/2/3
f 833/2/3 832/2/3 3210/2/3
f 3210/2/3 832/2/3 3211/2/3
f 869/2/3 868/2/3 3235/2/3
f 3235/2/3 868/2/3 3236/2/3
f 1547/16/3 1546/16/3 1552/16/3
f 1552/16/3 1546/16/3 1549/16/3
f 1936/16/3 1674/16/3 1550/16/3
f 1550/16/3 1674/16/3 4820/16/3
f 1785/16/3 4839/16/3 3928/16/3
f 3928/16/3 4839/16/3 1733/16/3
f 4839/16/3 1784/16/3 1789/16/3
f 1789/16/3 1784/16/3 1786/16/3
f 1910/14/3 1913/14/3 1837/14/3
f 1837/14/3 1913/14/3 1834/14/3
f 4050/17/3 4049/17/3 4045/17/3
f 4045/17/3 4049/17/3 4046/17/3
f 1783/7/3 1884/7/3 1892/7/3
f 1892/7/3 1884/7/3 1889/7/3
f 1845/14/3 1912/14/3 1835/14/3
f 1835/14/3 1912/14/3 4103/14/3
f 1846/14/3 1918/14/3 4043/14/3
f 4043/14/3 1918/14/3 4108/14/3
f 1884/16/3 1941/16/3 1889/16/3
f 1889/16/3 1941/16/3 4123/16/3
f 2015/16/3 2014/16/3 2020/16/3
f 2020/16/3 2014/16/3 2017/16/3
f 2098/14/3 2110/14/3 4207/14/3
f 4207/14/3 2110/14/3 4208/14/3
f 2058/2/3 2057/2/3 2063/2/3
f 2063/2/3 2057/2/3 2060/2/3
f 4193/4/3 4232/4/3 2079/4/3
f 2079/4/3 4232/4/3 2076/4/3
f 4297/12/3 4296/12/3 4294/12/3
f 4294/12/3 4296/12/3 4295/12/3
f 2069/4/3 4840/4/3 4310/4/3
f 4310/4/3 4840/4/3 4311/4/3
f 2197/12/3 2196/12/3 2343/12/3
f 2343/12/3 2196/12/3 2221/12/3
f 4840/4/3 2464/4/3 2172/4/3
f 2172/4/3 2464/4/3 4822/4/3
f 2195/1/3 2339/1/3 2222/1/3
f 2222/1/3 2339/1/3 2219/1/3
f 2284/2/3 2283/2/3 2061/2/3
f 2061/2/3 2283/2/3 4410/2/3
f 4455/12/3 4454/12/3 4399/12/3
f 4399/12/3 4454/12/3 4453/12/3
f 2338/12/3 2337/12/3 2220/12/3
f 2220/12/3 2337/12/3 2340/12/3
f 4841/4/3 2519/4/3 4562/4/3
f 4562/4/3 2519/4/3 2468/4/3
f 2464/14/3 2463/14/3 4821/14/3
f 4821/14/3 2463/14/3 4824/14/3
f 2463/4/3 4842/4/3 4583/4/3
f 4583/4/3 4842/4/3 4584/4/3
f 2508/2/3 2507/2/3 4609/2/3
f 4609/2/3 2507/2/3 4610/2/3
f 2512/4/3 2511/4/3 4844/4/3
f 4844/4/3 2511/4/3 4843/4/3
f 2518/14/3 2517/14/3 4616/14/3
f 4616/14/3 2517/14/3 4617/14/3
f 2516/14/3 2543/14/3 4615/14/3
f 4615/14/3 2543/14/3 4641/14/3
f 2542/14/3 2541/14/3 4642/14/3
f 4642/14/3 2541/14/3 4643/14/3
f 2540/14/3 2565/14/3 4640/14/3
f 4640/14/3 2565/14/3 4679/14/3
f 2565/4/3 4845/4/3 4679/4/3
f 4679/4/3 4845/4/3 4680/4/3
f 54/7/3 53/7/3 4831/7/3
f 4831/7/3 53/7/3 4832/7/3
f 73/7/3 72/7/3 4833/7/3
f 4833/7/3 72/7/3 4834/7/3
f 92/7/3 91/7/3 4835/7/3
f 4835/7/3 91/7/3 4836/7/3
f 111/7/3 110/7/3 4837/7/3
f 4837/7/3 110/7/3 4838/7/3
f 146/16/3 145/16/3 154/16/3
f 154/16/3 145/16/3 151/16/3
f 166/16/3 165/16/3 174/16/3
f 174/16/3 165/16/3 171/16/3
f 186/16/3 185/16/3 194/16/3
f 194/16/3 185/16/3 191/16/3
f 206/16/3 205/16/3 214/16/3
f 214/16/3 205/16/3 211/16/3
f 248/16/3 247/16/3 152/16/3
f 152/16/3 247/16/3 392/16/3
f 273/16/3 272/16/3 172/16/3
f 172/16/3 272/16/3 414/16/3
f 298/16/3 297/16/3 192/16/3
f 192/16/3 297/16/3 436/16/3
f 323/16/3 322/16/3 212/16/3
f 212/16/3 322/16/3 458/16/3
f 334/13/3 333/13/3 219/13/3
f 219/13/3 333/13/3 987/13/3
f 346/13/3 345/13/3 2896/13/3
f 2896/13/3 345/13/3 2897/13/3
f 358/13/3 357/13/3 2904/13/3
f 2904/13/3 357/13/3 2905/13/3
f 4846/17/3 4847/17/3 226/17/3
f 226/17/3 4847/17/3 4772/17/3
f 246/7/3 388/7/3 393/7/3
f 393/7/3 388/7/3 390/7/3
f 271/7/3 410/7/3 415/7/3
f 415/7/3 410/7/3 412/7/3
f 296/7/3 432/7/3 437/7/3
f 437/7/3 432/7/3 434/7/3
f 321/7/3 454/7/3 459/7/3
f 459/7/3 454/7/3 456/7/3
f 388/16/3 508/16/3 390/16/3
f 390/16/3 508/16/3 621/16/3
f 410/16/3 532/16/3 412/16/3
f 412/16/3 532/16/3 641/16/3
f 432/16/3 556/16/3 434/16/3
f 434/16/3 556/16/3 661/16/3
f 454/16/3 580/16/3 456/16/3
f 456/16/3 580/16/3 681/16/3
f 502/16/3 608/16/3 612/16/3
f 612/16/3 608/16/3 609/16/3
f 507/16/3 614/16/3 622/16/3
f 622/16/3 614/16/3 619/16/3
f 526/16/3 628/16/3 632/16/3
f 632/16/3 628/16/3 629/16/3
f 531/16/3 634/16/3 642/16/3
f 642/16/3 634/16/3 639/16/3
f 550/16/3 648/16/3 652/16/3
f 652/16/3 648/16/3 649/16/3
f 555/16/3 654/16/3 662/16/3
f 662/16/3 654/16/3 659/16/3
f 574/16/3 668/16/3 672/16/3
f 672/16/3 668/16/3 669/16/3
f 579/16/3 674/16/3 682/16/3
f 682/16/3 674/16/3 679/16/3
f 693/13/3 692/13/3 4849/13/3
f 4849/13/3 692/13/3 4848/13/3
f 761/13/3 760/13/3 4850/13/3
f 4850/13/3 760/13/3 774/13/3
f 829/13/3 828/13/3 834/13/3
f 834/13/3 828/13/3 831/13/3
f 865/13/3 864/13/3 870/13/3
f 870/13/3 864/13/3 867/13/3
f 4851/13/3 4852/13/3 4798/13/3
f 4798/13/3 4852/13/3 4853/13/3
f 1074/17/3 1073/17/3 1035/17/3
f 1035/17/3 1073/17/3 4776/17/3
f 1347/17/3 1346/17/3 3672/17/3
f 3672/17/3 1346/17/3 3673/17/3
f 4854/13/3 4855/13/3 4800/13/3
f 4800/13/3 4855/13/3 4856/13/3
f 1490/17/3 4857/17/3 1441/17/3
f 1441/17/3 4857/17/3 1576/17/3
f 1703/17/3 3991/17/3 1643/17/3
f 1643/17/3 3991/17/3 1744/17/3
f 3991/18/3 3990/18/3 1801/18/3
f 1801/18/3 3990/18/3 1798/18/3
f 1865/17/3 1864/17/3 4051/17/3
f 4051/17/3 1864/17/3 4052/17/3
f 2005/16/3 2004/16/3 2016/16/3
f 2016/16/3 2004/16/3 2013/16/3
f 2023/16/3 2022/16/3 4185/16/3
f 4185/16/3 2022/16/3 4186/16/3
f 2027/16/3 2026/16/3 4192/16/3
f 4192/16/3 2026/16/3 4193/16/3
f 2050/2/3 2049/2/3 2059/2/3
f 2059/2/3 2049/2/3 2056/2/3
f 2066/2/3 2065/2/3 4228/2/3
f 4228/2/3 2065/2/3 2284/2/3
f 4263/4/3 4262/4/3 2136/4/3
f 2136/4/3 4262/4/3 2133/4/3
f 2177/4/3 2176/4/3 2152/4/3
f 2152/4/3 2176/4/3 4840/4/3
f 2176/11/3 2212/11/3 4840/11/3
f 4840/11/3 2212/11/3 2464/11/3
f 2169/12/3 2334/12/3 2198/12/3
f 2198/12/3 2334/12/3 2336/12/3
f 4858/13/3 4859/13/3 4807/13/3
f 4807/13/3 4859/13/3 4860/13/3
f 2522/2/3 2521/2/3 4620/2/3
f 4620/2/3 2521/2/3 4621/2/3
f 2521/10/3 2539/10/3 4638/10/3
f 4638/10/3 2539/10/3 4639/10/3
f 2539/13/3 4861/13/3 4635/13/3
f 4635/13/3 4861/13/3 4814/13/3
f 4861/13/3 2569/13/3 4651/13/3
f 4651/13/3 2569/13/3 4652/13/3
f 2649/4/3 2648/4/3 2599/4/3
f 2599/4/3 2648/4/3 4811/4/3
f 2660/13/3 2659/13/3 2607/13/3
f 2607/13/3 2659/13/3 4813/13/3
f 241/16/3 245/16/3 53/16/3
f 53/16/3 245/16/3 144/16/3
f 266/16/3 270/16/3 72/16/3
f 72/16/3 270/16/3 164/16/3
f 291/16/3 295/16/3 91/16/3
f 91/16/3 295/16/3 184/16/3
f 316/16/3 320/16/3 110/16/3
f 110/16/3 320/16/3 204/16/3
f 244/16/3 243/16/3 145/16/3
f 145/16/3 243/16/3 246/16/3
f 269/16/3 268/16/3 165/16/3
f 165/16/3 268/16/3 271/16/3
f 294/16/3 293/16/3 185/16/3
f 185/16/3 293/16/3 296/16/3
f 319/16/3 318/16/3 205/16/3
f 205/16/3 318/16/3 321/16/3
f 240/7/3 386/7/3 389/7/3
f 389/7/3 386/7/3 387/7/3
f 265/7/3 408/7/3 411/7/3
f 411/7/3 408/7/3 409/7/3
f 290/7/3 430/7/3 433/7/3
f 433/7/3 430/7/3 431/7/3
f 315/7/3 452/7/3 455/7/3
f 455/7/3 452/7/3 453/7/3
f 386/16/3 506/16/3 387/16/3
f 387/16/3 506/16/3 507/16/3
f 408/16/3 530/16/3 409/16/3
f 409/16/3 530/16/3 531/16/3
f 430/16/3 554/16/3 431/16/3
f 431/16/3 554/16/3 555/16/3
f 452/16/3 578/16/3 453/16/3
f 453/16/3 578/16/3 579/16/3
f 4862/2/3 4863/2/3 4851/2/3
f 4851/2/3 4863/2/3 4852/2/3
f 3406/18/3 3405/18/3 1075/18/3
f 1075/18/3 3405/18/3 1072/18/3
f 1249/17/3 1248/17/3 3574/17/3
f 3574/17/3 1248/17/3 3575/17/3
f 4864/2/3 4865/2/3 4854/2/3
f 4854/2/3 4865/2/3 4855/2/3
f 4011/17/3 4010/17/3 1819/17/3
f 1819/17/3 4010/17/3 1816/17/3
f 4054/17/3 4053/17/3 1866/17/3
f 1866/17/3 4053/17/3 1863/17/3
f 4064/17/3 4063/17/3 4057/17/3
f 4057/17/3 4063/17/3 4058/17/3
f 2086/11/3 2085/11/3 4866/11/3
f 4866/11/3 2085/11/3 2096/11/3
f 2159/4/3 2158/4/3 4279/4/3
f 4279/4/3 2158/4/3 4280/4/3
f 2331/12/3 2330/12/3 2335/12/3
f 2335/12/3 2330/12/3 2333/12/3
f 4867/2/3 4868/2/3 4858/2/3
f 4858/2/3 4868/2/3 4859/2/3
f 2488/11/3 2487/11/3 2463/11/3
f 2463/11/3 2487/11/3 4842/11/3
f 2487/4/3 4869/4/3 2483/4/3
f 2483/4/3 4869/4/3 4844/4/3
f 4869/4/3 2515/4/3 4613/4/3
f 4613/4/3 2515/4/3 4614/4/3
f 2515/13/3 2529/13/3 4843/13/3
f 4843/13/3 2529/13/3 2645/13/3
f 237/16/3 236/16/3 4870/16/3
f 4870/16/3 236/16/3 239/16/3
f 262/16/3 261/16/3 4871/16/3
f 4871/16/3 261/16/3 264/16/3
f 287/16/3 286/16/3 4872/16/3
f 4872/16/3 286/16/3 289/16/3
f 312/16/3 311/16/3 4873/16/3
f 4873/16/3 311/16/3 314/16/3
f 483/17/3 482/17/3 4773/17/3
f 4773/17/3 482/17/3 4774/17/3
f 3319/13/3 3338/13/3 4862/13/3
f 4862/13/3 3338/13/3 4863/13/3
f 3338/2/3 3390/2/3 4853/2/3
f 4853/2/3 3390/2/3 4799/2/3
f 3707/13/3 3719/13/3 4864/13/3
f 4864/13/3 3719/13/3 4865/13/3
f 3719/2/3 3772/2/3 4856/2/3
f 4856/2/3 3772/2/3 4801/2/3
f 1648/17/3 1647/17/3 3906/17/3
f 3906/17/3 1647/17/3 3907/17/3
f 4068/17/3 4067/17/3 4065/17/3
f 4065/17/3 4067/17/3 4066/17/3
f 4434/13/3 4473/13/3 4867/13/3
f 4867/13/3 4473/13/3 4868/13/3
f 2374/13/3 2373/13/3 2315/13/3
f 2315/13/3 2373/13/3 4874/13/3
f 4473/2/3 4505/2/3 4860/2/3
f 4860/2/3 4505/2/3 4808/2/3
f 2373/4/3 2435/4/3 4874/4/3
f 4874/4/3 2435/4/3 4810/4/3
f 2953/11/3 4875/11/3 3032/11/3
f 3032/11/3 4875/11/3 3033/11/3
f 3278/16/3 3277/16/3 3315/16/3
f 3315/16/3 3277/16/3 3317/16/3
f 3259/16/3 3280/16/3 3340/16/3
f 3340/16/3 3280/16/3 3346/16/3
f 4876/16/3 3393/16/3 3347/16/3
f 3347/16/3 3393/16/3 3348/16/3
f 3522/7/3 4877/7/3 3341/7/3
f 3341/7/3 4877/7/3 3391/7/3
f 3410/17/3 3409/17/3 3407/17/3
f 3407/17/3 3409/17/3 3408/17/3
f 3479/16/3 3478/16/3 3438/16/3
f 3438/16/3 3478/16/3 3476/16/3
f 4877/16/3 4878/16/3 3391/16/3
f 3391/16/3 4878/16/3 3484/16/3
f 3646/16/3 3645/16/3 3703/16/3
f 3703/16/3 3645/16/3 3705/16/3
f 3602/16/3 3648/16/3 3721/16/3
f 3721/16/3 3648/16/3 3727/16/3
f 4879/16/3 3775/16/3 3728/16/3
f 3728/16/3 3775/16/3 3729/16/3
f 3892/7/3 4880/7/3 3722/7/3
f 3722/7/3 4880/7/3 3773/7/3
f 1494/17/3 1493/17/3 3786/17/3
f 3786/17/3 1493/17/3 3787/17/3
f 3847/16/3 3846/16/3 3813/16/3
f 3813/16/3 3846/16/3 3844/16/3
f 4880/16/3 4881/16/3 3773/16/3
f 3773/16/3 4881/16/3 3852/16/3
f 1822/11/3 1821/11/3 1911/11/3
f 1911/11/3 1821/11/3 4882/11/3
f 4883/17/3 4884/17/3 4069/17/3
f 4069/17/3 4884/17/3 4070/17/3
f 4885/13/3 4360/13/3 4805/13/3
f 4805/13/3 4360/13/3 2316/13/3
f 4372/16/3 4371/16/3 4430/16/3
f 4430/16/3 4371/16/3 4432/16/3
f 4354/16/3 4374/16/3 4475/16/3
f 4475/16/3 4374/16/3 4481/16/3
f 4886/16/3 4508/16/3 4482/16/3
f 4482/16/3 4508/16/3 4483/16/3
f 4559/7/3 4887/7/3 4476/7/3
f 4476/7/3 4887/7/3 4506/7/3
f 4552/16/3 4551/16/3 4529/16/3
f 4529/16/3 4551/16/3 4549/16/3
f 4887/16/3 4558/16/3 4506/16/3
f 4506/16/3 4558/16/3 4557/16/3
f 2457/11/3 2456/11/3 4841/11/3
f 4841/11/3 2456/11/3 2519/11/3
f 2604/11/3 2603/11/3 2565/11/3
f 2565/11/3 2603/11/3 4845/11/3
f 4689/16/3 4688/16/3 4743/16/3
f 4743/16/3 4688/16/3 4747/16/3
f 4888/16/3 4696/16/3 4694/16/3
f 4694/16/3 4696/16/3 4695/16/3
f 2603/4/3 2652/4/3 4722/4/3
f 4722/4/3 2652/4/3 4723/4/3
f 4699/16/3 4758/16/3 4752/16/3
f 4752/16/3 4758/16/3 4753/16/3
f 4889/17/3 4890/17/3 4892/17/3
f 4892/17/3 4890/17/3 4891/17/3
f 3253/16/3 3252/16/3 3275/16/3
f 3275/16/3 3252/16/3 4893/16/3
f 4894/16/3 4895/16/3 3258/16/3
f 3258/16/3 4895/16/3 3259/16/3
f 932/16/3 931/16/3 3281/16/3
f 3281/16/3 931/16/3 3282/16/3
f 930/7/3 3349/7/3 4876/7/3
f 4876/7/3 3349/7/3 3393/7/3
f 3414/11/3 3413/11/3 3411/11/3
f 3411/11/3 3413/11/3 3412/11/3
f 1152/17/3 1151/17/3 3499/17/3
f 3499/17/3 1151/17/3 3500/17/3
f 3558/16/3 4896/16/3 3472/16/3
f 3472/16/3 4896/16/3 3518/16/3
f 3444/16/3 1194/16/3 3392/16/3
f 3392/16/3 1194/16/3 3523/16/3
f 3596/16/3 3595/16/3 3643/16/3
f 3643/16/3 3595/16/3 4897/16/3
f 4898/16/3 4899/16/3 3601/16/3
f 3601/16/3 4899/16/3 3602/16/3
f 1325/16/3 1324/16/3 3649/16/3
f 3649/16/3 1324/16/3 3650/16/3
f 1323/7/3 3730/7/3 4879/7/3
f 4879/7/3 3730/7/3 3775/7/3
f 3933/16/3 4900/16/3 3840/16/3
f 3840/16/3 4900/16/3 3888/16/3
f 3819/16/3 1631/16/3 3774/16/3
f 3774/16/3 1631/16/3 3893/16/3
f 3995/18/3 3994/18/3 1805/18/3
f 1805/18/3 3994/18/3 1802/18/3
f 4018/17/3 4017/17/3 1823/17/3
f 1823/17/3 4017/17/3 1820/17/3
f 4060/17/3 4059/17/3 1870/17/3
f 1870/17/3 4059/17/3 1867/17/3
f 4348/16/3 4347/16/3 4369/16/3
f 4369/16/3 4347/16/3 4901/16/3
f 4902/16/3 4903/16/3 4353/16/3
f 4353/16/3 4903/16/3 4354/16/3
f 4904/13/3 4905/13/3 4360/13/3
f 4360/13/3 4905/13/3 4361/13/3
f 2269/16/3 2268/16/3 4375/16/3
f 4375/16/3 2268/16/3 4376/16/3
f 2267/7/3 2449/7/3 4886/7/3
f 4886/7/3 2449/7/3 4508/7/3
f 4906/16/3 2448/16/3 4507/16/3
f 4507/16/3 2448/16/3 4560/16/3
f 2443/16/3 2460/16/3 4545/16/3
f 4545/16/3 2460/16/3 4565/16/3
f 2572/16/3 2571/16/3 4739/16/3
f 4739/16/3 2571/16/3 4907/16/3
f 4908/16/3 4761/16/3 4701/16/3
f 4701/16/3 4761/16/3 4702/16/3
f 4761/7/3 4760/7/3 4702/7/3
f 4702/7/3 4760/7/3 4759/7/3
f 487/17/3 4909/17/3 2952/17/3
f 2952/17/3 4909/17/3 4875/17/3
f 3233/7/3 3260/7/3 4894/7/3
f 4894/7/3 3260/7/3 4895/7/3
f 3262/16/3 3283/16/3 933/16/3
f 933/16/3 3283/16/3 930/16/3
f 3285/16/3 4910/16/3 931/16/3
f 931/16/3 4910/16/3 3350/16/3
f 4910/16/3 3396/16/3 3394/16/3
f 3394/16/3 3396/16/3 3395/16/3
f 3418/11/3 3417/11/3 3415/11/3
f 3415/11/3 3417/11/3 3416/11/3
f 3396/16/3 3487/16/3 3445/16/3
f 3445/16/3 3487/16/3 3446/16/3
f 4911/17/3 3503/17/3 4777/17/3
f 4777/17/3 3503/17/3 4778/17/3
f 3486/7/3 3485/7/3 3443/7/3
f 3443/7/3 3485/7/3 1195/7/3
f 3504/17/3 4912/17/3 3531/17/3
f 3531/17/3 4912/17/3 3532/17/3
f 1227/16/3 1226/16/3 3519/16/3
f 3519/16/3 1226/16/3 3559/16/3
f 3524/16/3 1236/16/3 1196/16/3
f 1196/16/3 1236/16/3 3562/16/3
f 4912/17/3 4913/17/3 3578/17/3
f 3578/17/3 4913/17/3 3579/17/3
f 3553/7/3 3603/7/3 4898/7/3
f 4898/7/3 3603/7/3 4899/7/3
f 4913/17/3 4914/17/3 3610/17/3
f 3610/17/3 4914/17/3 3611/17/3
f 3605/16/3 3651/16/3 1326/16/3
f 1326/16/3 3651/16/3 1323/16/3
f 4914/17/3 4915/17/3 3676/17/3
f 3676/17/3 4915/17/3 3677/17/3
f 4915/17/3 4916/17/3 1342/17/3
f 1342/17/3 4916/17/3 1442/17/3
f 3653/16/3 4917/16/3 1324/16/3
f 1324/16/3 4917/16/3 3731/16/3
f 4916/17/3 4918/17/3 3743/17/3
f 3743/17/3 4918/17/3 3744/17/3
f 4917/16/3 3778/16/3 3776/16/3
f 3776/16/3 3778/16/3 3777/16/3
f 4918/17/3 4919/17/3 3790/17/3
f 3790/17/3 4919/17/3 3791/17/3
f 3778/16/3 3855/16/3 3820/16/3
f 3820/16/3 3855/16/3 3821/16/3
f 4919/17/3 4920/17/3 1489/17/3
f 1489/17/3 4920/17/3 4857/17/3
f 3854/7/3 3853/7/3 3818/7/3
f 3818/7/3 3853/7/3 1632/7/3
f 4920/17/3 1652/17/3 3861/17/3
f 3861/17/3 1652/17/3 3862/17/3
f 1652/17/3 1651/17/3 3910/17/3
f 3910/17/3 1651/17/3 3911/17/3
f 1685/16/3 1684/16/3 3889/16/3
f 3889/16/3 1684/16/3 3934/16/3
f 3894/16/3 1694/16/3 1633/16/3
f 1633/16/3 1694/16/3 3937/16/3
f 1651/17/3 4921/17/3 3945/17/3
f 3945/17/3 4921/17/3 3946/17/3
f 4921/17/3 4922/17/3 1702/17/3
f 1702/17/3 4922/17/3 3991/17/3
f 2181/4/3 2180/4/3 4885/4/3
f 4885/4/3 2180/4/3 4360/4/3
f 4334/7/3 4355/7/3 4902/7/3
f 4902/7/3 4355/7/3 4903/7/3
f 4357/16/3 4377/16/3 2270/16/3
f 2270/16/3 4377/16/3 2267/16/3
f 4379/16/3 4923/16/3 2268/16/3
f 2268/16/3 4923/16/3 4484/16/3
f 2354/2/3 2392/2/3 2450/2/3
f 2450/2/3 2392/2/3 2421/2/3
f 4923/16/3 4511/16/3 4509/16/3
f 4509/16/3 4511/16/3 4510/16/3
f 2415/16/3 2414/16/3 2422/16/3
f 2422/16/3 2414/16/3 2419/16/3
f 2413/16/3 2438/16/3 2445/16/3
f 2445/16/3 2438/16/3 2443/16/3
f 2546/16/3 2545/16/3 4657/16/3
f 4657/16/3 2545/16/3 4659/16/3
f 2558/16/3 2557/16/3 4663/16/3
f 4663/16/3 2557/16/3 4924/16/3
f 4666/16/3 4665/16/3 4698/16/3
f 4698/16/3 4665/16/3 4700/16/3
f 4668/7/3 4925/7/3 4908/7/3
f 4908/7/3 4925/7/3 4761/7/3
f 2854/6/3 2853/6/3 2848/6/3
f 2848/6/3 2853/6/3 2849/6/3
f 4926/18/3 4927/18/3 486/18/3
f 486/18/3 4927/18/3 4909/18/3
f 4928/6/3 707/6/3 4929/6/3
f 4929/6/3 707/6/3 3107/6/3
f 936/16/3 935/16/3 3284/16/3
f 3284/16/3 935/16/3 3285/16/3
f 3367/6/3 3366/6/3 3364/6/3
f 3364/6/3 3366/6/3 3365/6/3
f 1020/16/3 4930/16/3 3398/16/3
f 3398/16/3 4930/16/3 3399/16/3
f 3458/18/3 3456/18/3 3419/18/3
f 3419/18/3 3456/18/3 3420/18/3
f 4931/7/3 4932/7/3 3396/7/3
f 3396/7/3 4932/7/3 3487/7/3
f 1199/16/3 1198/16/3 3485/16/3
f 3485/16/3 1198/16/3 3525/16/3
f 3564/16/3 3563/16/3 1238/16/3
f 1238/16/3 3563/16/3 1235/16/3
f 1329/16/3 1328/16/3 3652/16/3
f 3652/16/3 1328/16/3 3653/16/3
f 1430/16/3 4933/16/3 3780/16/3
f 3780/16/3 4933/16/3 3781/16/3
f 4934/7/3 4935/7/3 3778/7/3
f 3778/7/3 4935/7/3 3855/7/3
f 3455/18/3 3914/18/3 4911/18/3
f 4911/18/3 3914/18/3 1652/18/3
f 1636/16/3 1635/16/3 3853/16/3
f 3853/16/3 1635/16/3 3895/16/3
f 3939/16/3 3938/16/3 1696/16/3
f 1696/16/3 3938/16/3 1693/16/3
f 3915/18/3 3973/18/3 1651/18/3
f 1651/18/3 3973/18/3 4922/18/3
f 4001/18/3 1902/18/3 1811/18/3
f 1811/18/3 1902/18/3 1808/18/3
f 4024/18/3 1906/18/3 1827/18/3
f 1827/18/3 1906/18/3 1824/18/3
f 4936/18/3 4937/18/3 1844/18/3
f 1844/18/3 4937/18/3 1841/18/3
f 4938/18/3 4939/18/3 1860/18/3
f 1860/18/3 4939/18/3 1857/18/3
f 3976/18/3 1922/18/3 4940/18/3
f 4940/18/3 1922/18/3 4110/18/3
f 1902/6/3 1901/6/3 1808/6/3
f 1808/6/3 1901/6/3 4098/6/3
f 1906/6/3 1905/6/3 1824/6/3
f 1824/6/3 1905/6/3 4100/6/3
f 1922/6/3 1921/6/3 4110/6/3
f 4110/6/3 1921/6/3 4111/6/3
f 4941/4/3 4317/4/3 4283/4/3
f 4283/4/3 4317/4/3 4284/4/3
f 4318/4/3 4942/4/3 4904/4/3
f 4904/4/3 4942/4/3 4905/4/3
f 2273/16/3 2272/16/3 4378/16/3
f 4378/16/3 2272/16/3 4379/16/3
f 4943/16/3 2351/16/3 2298/16/3
f 2298/16/3 2351/16/3 2439/16/3
f 2388/16/3 2387/16/3 2440/16/3
f 2440/16/3 2387/16/3 2411/16/3
f 2366/16/3 4944/16/3 4513/16/3
f 4513/16/3 4944/16/3 4514/16/3
f 2385/16/3 2405/16/3 2412/16/3
f 2412/16/3 2405/16/3 2409/16/3
f 2588/16/3 4945/16/3 4667/16/3
f 4667/16/3 4945/16/3 4925/16/3
f 4946/6/3 4947/6/3 2855/6/3
f 2855/6/3 4947/6/3 2856/6/3
f 4948/6/3 600/6/3 4926/6/3
f 4926/6/3 600/6/3 4927/6/3
f 853/16/3 852/16/3 3228/16/3
f 3228/16/3 852/16/3 3229/16/3
f 861/16/3 860/16/3 3232/16/3
f 3232/16/3 860/16/3 3233/16/3
f 4949/7/3 4950/7/3 937/7/3
f 937/7/3 4950/7/3 934/7/3
f 4951/7/3 3351/7/3 3285/7/3
f 3285/7/3 3351/7/3 3397/7/3
f 3351/7/3 1071/7/3 1021/7/3
f 1021/7/3 1071/7/3 1018/7/3
f 3371/6/3 3370/6/3 3368/6/3
f 3368/6/3 3370/6/3 3369/6/3
f 1070/16/3 1069/16/3 1019/16/3
f 1019/16/3 1069/16/3 4930/16/3
f 3373/6/3 3421/6/3 3459/6/3
f 3459/6/3 3421/6/3 3461/6/3
f 1068/16/3 1142/16/3 4931/16/3
f 4931/16/3 1142/16/3 4932/16/3
f 3423/6/3 3464/6/3 3462/6/3
f 3462/6/3 3464/6/3 3463/6/3
f 1142/16/3 1141/16/3 3487/16/3
f 3487/16/3 1141/16/3 3488/16/3
f 1156/17/3 1155/17/3 3454/17/3
f 3454/17/3 1155/17/3 1203/17/3
f 1211/16/3 1210/16/3 3548/16/3
f 3548/16/3 1210/16/3 3549/16/3
f 1219/16/3 1218/16/3 3552/16/3
f 3552/16/3 1218/16/3 3553/16/3
f 4952/16/3 1240/16/3 1200/16/3
f 1200/16/3 1240/16/3 3565/16/3
f 1289/17/3 1288/17/3 4953/17/3
f 4953/17/3 1288/17/3 1351/17/3
f 4954/7/3 4955/7/3 1330/7/3
f 1330/7/3 4955/7/3 1327/7/3
f 4956/7/3 3732/7/3 3653/7/3
f 3653/7/3 3732/7/3 3779/7/3
f 3732/7/3 1484/7/3 1431/7/3
f 1431/7/3 1484/7/3 1428/7/3
f 1483/16/3 1482/16/3 1429/16/3
f 1429/16/3 1482/16/3 4933/16/3
f 1481/16/3 1572/16/3 4934/16/3
f 4934/16/3 1572/16/3 4935/16/3
f 1572/16/3 1571/16/3 3855/16/3
f 3855/16/3 1571/16/3 3856/16/3
f 4957/16/3 1698/16/3 1637/16/3
f 1637/16/3 1698/16/3 3940/16/3
f 1707/17/3 1706/17/3 3915/17/3
f 3915/17/3 1706/17/3 3974/17/3
f 1839/6/3 1838/6/3 4936/6/3
f 4936/6/3 1838/6/3 4937/6/3
f 1851/6/3 1850/6/3 4938/6/3
f 4938/6/3 1850/6/3 4939/6/3
f 4958/14/3 4959/14/3 2128/14/3
f 2128/14/3 4959/14/3 2125/14/3
f 2201/16/3 2200/16/3 4329/16/3
f 4329/16/3 2200/16/3 4330/16/3
f 2209/16/3 2208/16/3 4333/16/3
f 4333/16/3 2208/16/3 4334/16/3
f 4960/14/3 4961/14/3 4941/14/3
f 4941/14/3 4961/14/3 4942/14/3
f 4962/7/3 4963/7/3 2274/7/3
f 2274/7/3 4963/7/3 2271/7/3
f 4964/7/3 4485/7/3 4379/7/3
f 4379/7/3 4485/7/3 4512/7/3
f 4485/7/3 2403/7/3 2367/7/3
f 2367/7/3 2403/7/3 2364/7/3
f 2402/16/3 2401/16/3 2365/16/3
f 2365/16/3 2401/16/3 4944/16/3
f 4965/7/3 4966/7/3 2589/7/3
f 2589/7/3 4966/7/3 2586/7/3
f 4967/16/3 4968/16/3 2587/16/3
f 2587/16/3 4968/16/3 4945/16/3
f 4969/6/3 4970/6/3 4947/6/3
f 4947/6/3 4970/6/3 4971/6/3
f 4970/6/3 490/6/3 2954/6/3
f 2954/6/3 490/6/3 2955/6/3
f 897/16/3 896/16/3 3261/16/3
f 3261/16/3 896/16/3 3262/16/3
f 4972/16/3 1025/16/3 4951/16/3
f 4951/16/3 1025/16/3 3351/16/3
f 1024/16/3 1023/16/3 3352/16/3
f 3352/16/3 1023/16/3 1070/16/3
f 1022/16/3 1108/16/3 1071/16/3
f 1071/16/3 1108/16/3 1068/16/3
f 1118/6/3 1122/6/3 3422/6/3
f 3422/6/3 1122/6/3 3423/6/3
f 1107/16/3 1106/16/3 1069/16/3
f 1069/16/3 1106/16/3 3447/16/3
f 1121/6/3 1120/6/3 3465/6/3
f 3465/6/3 1120/6/3 3466/6/3
f 4973/16/3 4974/16/3 1143/16/3
f 1143/16/3 4974/16/3 1140/16/3
f 3506/6/3 3505/6/3 1157/6/3
f 1157/6/3 3505/6/3 1154/6/3
f 4975/7/3 4976/7/3 4952/7/3
f 4952/7/3 4976/7/3 1241/7/3
f 3536/17/3 3535/17/3 1155/17/3
f 1155/17/3 3535/17/3 3534/17/3
f 1223/16/3 1222/16/3 3555/16/3
f 3555/16/3 1222/16/3 3556/16/3
f 1233/16/3 1232/16/3 1242/16/3
f 1242/16/3 1232/16/3 1239/16/3
f 1285/16/3 1284/16/3 3604/16/3
f 3604/16/3 1284/16/3 3605/16/3
f 4977/16/3 4978/16/3 4956/16/3
f 4956/16/3 4978/16/3 3732/16/3
f 4979/16/3 1532/16/3 1484/16/3
f 1484/16/3 1532/16/3 1481/16/3
f 1531/16/3 1530/16/3 1482/16/3
f 1482/16/3 1530/16/3 3822/16/3
f 4980/16/3 4981/16/3 1573/16/3
f 1573/16/3 4981/16/3 1570/16/3
f 4982/7/3 4983/7/3 4957/7/3
f 4957/7/3 4983/7/3 1699/7/3
f 3949/17/3 3948/17/3 3914/17/3
f 3914/17/3 3948/17/3 3915/17/3
f 1681/16/3 1680/16/3 3930/16/3
f 3930/16/3 1680/16/3 3931/16/3
f 1691/16/3 1690/16/3 1700/16/3
f 1700/16/3 1690/16/3 1697/16/3
f 3903/6/3 3947/6/3 1708/6/3
f 1708/6/3 3947/6/3 1705/6/3
f 1742/6/3 1741/6/3 1706/6/3
f 1706/6/3 1741/6/3 1796/6/3
f 1762/6/3 1761/6/3 1833/6/3
f 1833/6/3 1761/6/3 1829/6/3
f 2117/4/3 2116/4/3 4958/4/3
f 4958/4/3 2116/4/3 4959/4/3
f 2241/16/3 2240/16/3 4356/16/3
f 4356/16/3 2240/16/3 4357/16/3
f 4389/4/3 4984/4/3 4985/4/3
f 4985/4/3 4984/4/3 4961/4/3
f 4986/16/3 4987/16/3 4964/16/3
f 4964/16/3 4987/16/3 4485/16/3
f 4988/16/3 2426/16/3 2403/16/3
f 2403/16/3 2426/16/3 2400/16/3
f 2425/16/3 2424/16/3 2401/16/3
f 2401/16/3 2424/16/3 4535/16/3
f 2554/16/3 2553/16/3 2559/16/3
f 2559/16/3 2553/16/3 2556/16/3
f 4670/16/3 4669/16/3 4965/16/3
f 4965/16/3 4669/16/3 4966/16/3
f 4672/7/3 4989/7/3 4967/7/3
f 4967/7/3 4989/7/3 4968/7/3
f 4990/16/3 4991/16/3 4762/16/3
f 4762/16/3 4991/16/3 4763/16/3
f 857/16/3 856/16/3 862/16/3
f 862/16/3 856/16/3 859/16/3
f 4992/7/3 4993/7/3 898/7/3
f 898/7/3 4993/7/3 895/7/3
f 3287/16/3 3286/16/3 4949/16/3
f 4949/16/3 3286/16/3 4950/16/3
f 3289/7/3 4994/7/3 4972/7/3
f 4972/7/3 4994/7/3 1025/7/3
f 1167/6/3 4995/6/3 3372/6/3
f 3372/6/3 4995/6/3 3373/6/3
f 4996/7/3 4997/7/3 1022/7/3
f 1022/7/3 4997/7/3 1108/7/3
f 4995/6/3 1171/6/3 1119/6/3
f 1119/6/3 1171/6/3 1116/6/3
f 4998/7/3 4999/7/3 4973/7/3
f 4973/7/3 4999/7/3 4974/7/3
f 1170/6/3 1169/6/3 3541/6/3
f 3541/6/3 1169/6/3 3543/6/3
f 1160/6/3 3538/6/3 3507/6/3
f 3507/6/3 3538/6/3 3537/6/3
f 1215/16/3 1214/16/3 1220/16/3
f 1220/16/3 1214/16/3 1217/16/3
f 1253/17/3 1252/17/3 1202/17/3
f 1202/17/3 1252/17/3 4953/17/3
f 5000/7/3 5001/7/3 1286/7/3
f 1286/7/3 5001/7/3 1283/7/3
f 3655/16/3 3654/16/3 4954/16/3
f 4954/16/3 3654/16/3 4955/16/3
f 3657/7/3 1435/7/3 4977/7/3
f 4977/7/3 1435/7/3 4978/7/3
f 1450/17/3 5002/17/3 1350/17/3
f 1350/17/3 5002/17/3 1446/17/3
f 1434/16/3 1433/16/3 3733/16/3
f 3733/16/3 1433/16/3 1483/16/3
f 5002/17/3 1449/17/3 3747/17/3
f 3747/17/3 1449/17/3 3748/17/3
f 1432/7/3 5003/7/3 4979/7/3
f 4979/7/3 5003/7/3 1532/7/3
f 5004/7/3 5005/7/3 4980/7/3
f 4980/7/3 5005/7/3 4981/7/3
f 1580/17/3 1579/17/3 5006/17/3
f 5006/17/3 1579/17/3 3914/17/3
f 1717/6/3 1716/6/3 3916/6/3
f 3916/6/3 1716/6/3 3950/6/3
f 1721/6/3 1720/6/3 3953/6/3
f 3953/6/3 1720/6/3 3954/6/3
f 1725/6/3 1724/6/3 3957/6/3
f 3957/6/3 1724/6/3 3958/6/3
f 2205/16/3 2204/16/3 2210/16/3
f 2210/16/3 2204/16/3 2207/16/3
f 5007/4/3 5008/4/3 2184/4/3
f 2184/4/3 5008/4/3 4985/4/3
f 5009/7/3 5010/7/3 2242/7/3
f 2242/7/3 5010/7/3 2239/7/3
f 4381/16/3 4380/16/3 4962/16/3
f 4962/16/3 4380/16/3 4963/16/3
f 2245/14/3 2280/14/3 4390/14/3
f 4390/14/3 2280/14/3 4391/14/3
f 4383/7/3 2371/7/3 4986/7/3
f 4986/7/3 2371/7/3 4987/7/3
f 2370/16/3 2369/16/3 4486/16/3
f 4486/16/3 2369/16/3 2402/16/3
f 2368/7/3 5011/7/3 4988/7/3
f 4988/7/3 5011/7/3 2426/7/3
f 2592/16/3 4703/16/3 4671/16/3
f 4671/16/3 4703/16/3 4989/16/3
f 4705/7/3 5012/7/3 4990/7/3
f 4990/7/3 5012/7/3 4991/7/3
f 894/16/3 893/16/3 4992/16/3
f 4992/16/3 893/16/3 4993/16/3
f 1103/16/3 5013/16/3 3288/16/3
f 3288/16/3 5013/16/3 4994/16/3
f 5013/16/3 5014/16/3 1025/16/3
f 1025/16/3 5014/16/3 1022/16/3
f 5014/16/3 5015/16/3 4996/16/3
f 4996/16/3 5015/16/3 4997/16/3
f 5015/16/3 1102/16/3 1108/16/3
f 1108/16/3 1102/16/3 1105/16/3
f 1192/16/3 1191/16/3 4975/16/3
f 4975/16/3 1191/16/3 4976/16/3
f 1207/6/3 1206/6/3 3544/6/3
f 3544/6/3 1206/6/3 3545/6/3
f 1187/16/3 1230/16/3 1234/16/3
f 1234/16/3 1230/16/3 1231/16/3
f 3581/6/3 3580/6/3 1254/6/3
f 1254/6/3 3580/6/3 1251/6/3
f 1282/16/3 1281/16/3 5000/16/3
f 5000/16/3 1281/16/3 5001/16/3
f 3617/17/3 3616/17/3 3614/17/3
f 3614/17/3 3616/17/3 3615/17/3
f 1527/16/3 1399/16/3 3656/16/3
f 3656/16/3 1399/16/3 3657/16/3
f 1398/16/3 1397/16/3 3708/16/3
f 3708/16/3 1397/16/3 1434/16/3
f 1396/16/3 5016/16/3 1435/16/3
f 1435/16/3 5016/16/3 5003/16/3
f 5016/16/3 1526/16/3 1532/16/3
f 1532/16/3 1526/16/3 1529/16/3
f 3866/17/3 3864/17/3 5017/17/3
f 5017/17/3 3864/17/3 5006/17/3
f 3826/6/3 3863/6/3 1581/6/3
f 1581/6/3 3863/6/3 1578/6/3
f 1629/16/3 1628/16/3 4982/16/3
f 4982/16/3 1628/16/3 4983/16/3
f 1656/6/3 1655/6/3 1715/6/3
f 1715/6/3 1655/6/3 1711/6/3
f 1624/16/3 1688/16/3 1692/16/3
f 1692/16/3 1688/16/3 1689/16/3
f 2143/14/3 2142/14/3 2045/14/3
f 2045/14/3 2142/14/3 4806/14/3
f 2189/4/3 2188/4/3 4321/4/3
f 4321/4/3 2188/4/3 4322/4/3
f 2238/16/3 2237/16/3 5009/16/3
f 5009/16/3 2237/16/3 5010/16/3
f 2398/16/3 2309/16/3 4382/16/3
f 4382/16/3 2309/16/3 4383/16/3
f 2308/16/3 2307/16/3 4439/16/3
f 4439/16/3 2307/16/3 2370/16/3
f 2306/16/3 2397/16/3 2371/16/3
f 2371/16/3 2397/16/3 5011/16/3
f 2562/16/3 2561/16/3 4647/16/3
f 4647/16/3 2561/16/3 4648/16/3
f 2585/7/3 2584/7/3 2593/7/3
f 2593/7/3 2584/7/3 2590/7/3
f 2692/16/3 2691/16/3 4704/16/3
f 4704/16/3 2691/16/3 5012/16/3
f 928/16/3 1016/16/3 1104/16/3
f 1104/16/3 1016/16/3 5018/16/3
f 1016/7/3 1015/7/3 5018/7/3
f 5018/7/3 1015/7/3 5019/7/3
f 1015/16/3 1138/16/3 5019/16/3
f 5019/16/3 1138/16/3 1101/16/3
f 1138/16/3 1137/16/3 4998/16/3
f 4998/16/3 1137/16/3 4999/16/3
f 1131/16/3 1185/16/3 1190/16/3
f 1190/16/3 1185/16/3 1187/16/3
f 1257/6/3 3619/6/3 3582/6/3
f 3582/6/3 3619/6/3 3618/6/3
f 1261/6/3 3625/6/3 3623/6/3
f 3623/6/3 3625/6/3 3624/6/3
f 1265/6/3 3633/6/3 3586/6/3
f 3586/6/3 3633/6/3 3632/6/3
f 1355/17/3 1354/17/3 1288/17/3
f 1288/17/3 1354/17/3 3679/17/3
f 1321/16/3 1426/16/3 1528/16/3
f 1528/16/3 1426/16/3 5020/16/3
f 1426/7/3 1425/7/3 5020/7/3
f 5020/7/3 1425/7/3 5021/7/3
f 1498/17/3 1497/17/3 1445/17/3
f 1445/17/3 1497/17/3 5017/17/3
f 1425/16/3 1568/16/3 5021/16/3
f 5021/16/3 1568/16/3 1525/16/3
f 1568/16/3 1567/16/3 5004/16/3
f 5004/16/3 1567/16/3 5005/16/3
f 1595/6/3 1594/6/3 3827/6/3
f 3827/6/3 1594/6/3 3867/6/3
f 1599/6/3 1598/6/3 3830/6/3
f 3830/6/3 1598/6/3 3870/6/3
f 1561/16/3 1622/16/3 1627/16/3
f 1627/16/3 1622/16/3 1624/16/3
f 4270/4/3 4269/4/3 2144/4/3
f 2144/4/3 4269/4/3 2141/4/3
f 2265/16/3 2362/16/3 2399/16/3
f 2399/16/3 2362/16/3 5022/16/3
f 2362/7/3 2361/7/3 5022/7/3
f 5022/7/3 2361/7/3 5023/7/3
f 2628/16/3 2632/16/3 2561/16/3
f 2561/16/3 2632/16/3 2583/16/3
f 2634/7/3 2633/7/3 2693/7/3
f 2693/7/3 2633/7/3 5024/7/3
f 2633/16/3 2689/16/3 5024/16/3
f 5024/16/3 2689/16/3 2690/16/3
f 960/16/3 964/16/3 917/16/3
f 917/16/3 964/16/3 914/16/3
f 970/16/3 5025/16/3 921/16/3
f 921/16/3 5025/16/3 918/16/3
f 924/7/3 923/7/3 929/7/3
f 929/7/3 923/7/3 926/7/3
f 980/16/3 979/16/3 927/16/3
f 927/16/3 979/16/3 1016/16/3
f 978/16/3 1010/16/3 1017/16/3
f 1017/16/3 1010/16/3 1014/16/3
f 1010/7/3 5026/7/3 1014/7/3
f 1014/7/3 5026/7/3 1066/7/3
f 1099/16/3 1098/16/3 1067/16/3
f 1067/16/3 1098/16/3 1138/16/3
f 1097/16/3 1135/16/3 1139/16/3
f 1139/16/3 1135/16/3 1136/16/3
f 1293/6/3 1292/6/3 3584/6/3
f 3584/6/3 1292/6/3 3629/6/3
f 1297/6/3 1296/6/3 3634/6/3
f 3634/6/3 1296/6/3 3635/6/3
f 1375/16/3 1379/16/3 1310/16/3
f 1310/16/3 1379/16/3 1307/16/3
f 1385/16/3 5027/16/3 1314/16/3
f 1314/16/3 5027/16/3 1311/16/3
f 1317/7/3 1316/7/3 1322/7/3
f 1322/7/3 1316/7/3 1319/7/3
f 3681/6/3 3680/6/3 1356/6/3
f 1356/6/3 3680/6/3 1353/6/3
f 1395/16/3 1394/16/3 1320/16/3
f 1320/16/3 1394/16/3 1426/16/3
f 1393/16/3 1420/16/3 1427/16/3
f 1427/16/3 1420/16/3 1424/16/3
f 3794/17/3 3793/17/3 3751/17/3
f 3751/17/3 3793/17/3 3752/17/3
f 1420/7/3 5028/7/3 1424/7/3
f 1424/7/3 5028/7/3 1479/7/3
f 3740/6/3 3792/6/3 1499/6/3
f 1499/6/3 3792/6/3 1496/6/3
f 1523/16/3 1522/16/3 1480/16/3
f 1480/16/3 1522/16/3 1568/16/3
f 1535/6/3 1534/6/3 1497/6/3
f 1497/6/3 1534/6/3 1584/6/3
f 1539/6/3 1538/6/3 1593/6/3
f 1593/6/3 1538/6/3 1589/6/3
f 1543/6/3 1542/6/3 3829/6/3
f 3829/6/3 1542/6/3 3830/6/3
f 1521/16/3 1565/16/3 1569/16/3
f 1569/16/3 1565/16/3 1566/16/3
f 2094/4/3 2093/4/3 2103/4/3
f 2103/4/3 2093/4/3 2100/4/3
f 2121/4/3 2120/4/3 2132/4/3
f 2132/4/3 2120/4/3 2129/4/3
f 2193/4/3 2192/4/3 4325/4/3
f 4325/4/3 2192/4/3 4326/4/3
f 2192/11/3 2214/11/3 5007/11/3
f 5007/11/3 2214/11/3 5008/11/3
f 2253/16/3 2252/16/3 2258/16/3
f 2258/16/3 2252/16/3 2255/16/3
f 2261/7/3 2260/7/3 2266/7/3
f 2266/7/3 2260/7/3 2263/7/3
f 2305/16/3 2304/16/3 2264/16/3
f 2264/16/3 2304/16/3 2362/16/3
f 2624/16/3 2623/16/3 5029/16/3
f 5029/16/3 2623/16/3 2626/16/3
f 2683/16/3 2682/16/3 2630/16/3
f 2630/16/3 2682/16/3 2688/16/3
f 976/16/3 975/16/3 923/16/3
f 923/16/3 975/16/3 978/16/3
f 974/16/3 1005/16/3 969/16/3
f 969/16/3 1005/16/3 1007/16/3
f 1064/16/3 1063/16/3 1010/16/3
f 1010/16/3 1063/16/3 5026/16/3
f 1062/16/3 1096/16/3 1100/16/3
f 1100/16/3 1096/16/3 1097/16/3
f 1359/6/3 1358/6/3 3682/6/3
f 3682/6/3 1358/6/3 3683/6/3
f 1391/16/3 1390/16/3 1316/16/3
f 1316/16/3 1390/16/3 1393/16/3
f 1389/16/3 1415/16/3 1384/16/3
f 1384/16/3 1415/16/3 1417/16/3
f 1477/16/3 1476/16/3 1420/16/3
f 1420/16/3 1476/16/3 5028/16/3
f 1501/6/3 1500/6/3 3753/6/3
f 3753/6/3 1500/6/3 3795/6/3
f 1505/6/3 1504/6/3 3798/6/3
f 3798/6/3 1504/6/3 1543/6/3
f 1475/16/3 1520/16/3 1524/16/3
f 1524/16/3 1520/16/3 1521/16/3
f 2146/14/3 2145/14/3 4271/14/3
f 4271/14/3 2145/14/3 4272/14/3
f 2145/4/3 2162/4/3 4960/4/3
f 4960/4/3 2162/4/3 2185/4/3
f 2301/16/3 2300/16/3 2260/16/3
f 2260/16/3 2300/16/3 2303/16/3
f 2677/16/3 2676/16/3 2623/16/3
f 2623/16/3 2676/16/3 2681/16/3
f 10/10/4 2701/10/4 7/10/4
f 7/10/4 2701/10/4 2700/10/4
f 119/10/4 2779/10/4 797/10/4
f 797/10/4 2779/10/4 3179/10/4
f 5/6/4 2699/6/4 1041/6/4
f 1041/6/4 2699/6/4 3360/6/4
f 11/6/4 2705/6/4 35/6/4
f 35/6/4 2705/6/4 2732/6/4
f 769/6/4 3152/6/4 473/6/4
f 473/6/4 3152/6/4 2939/6/4
f 131/10/4 2791/10/4 128/10/4
f 128/10/4 2791/10/4 2789/10/4
f 44/16/4 2739/16/4 41/16/4
f 41/16/4 2739/16/4 2738/16/4
f 5030/16/4 3109/16/4 5031/16/4
f 5031/16/4 3109/16/4 2962/16/4
f 63/16/4 2749/16/4 60/16/4
f 60/16/4 2749/16/4 2748/16/4
f 5032/16/4 3115/16/4 5033/16/4
f 5033/16/4 3115/16/4 2978/16/4
f 82/16/4 2759/16/4 79/16/4
f 79/16/4 2759/16/4 2758/16/4
f 5034/16/4 3121/16/4 5035/16/4
f 5035/16/4 3121/16/4 2994/16/4
f 101/16/4 2769/16/4 98/16/4
f 98/16/4 2769/16/4 2768/16/4
f 5036/16/4 3127/16/4 5037/16/4
f 5037/16/4 3127/16/4 3010/16/4
f 134/10/4 2794/10/4 132/10/4
f 132/10/4 2794/10/4 2793/10/4
f 41/7/4 2738/7/4 135/7/4
f 135/7/4 2738/7/4 2796/7/4
f 60/7/4 2748/7/4 155/7/4
f 155/7/4 2748/7/4 2806/7/4
f 79/7/4 2758/7/4 175/7/4
f 175/7/4 2758/7/4 2816/7/4
f 98/7/4 2768/7/4 195/7/4
f 195/7/4 2768/7/4 2826/7/4
f 217/10/4 2837/10/4 215/10/4
f 215/10/4 2837/10/4 2836/10/4
f 230/16/4 2858/16/4 228/16/4
f 228/16/4 2858/16/4 2857/16/4
f 255/16/4 2865/16/4 253/16/4
f 253/16/4 2865/16/4 2864/16/4
f 280/16/4 2872/16/4 278/16/4
f 278/16/4 2872/16/4 2871/16/4
f 305/16/4 2879/16/4 303/16/4
f 303/16/4 2879/16/4 2878/16/4
f 216/10/4 2838/10/4 685/10/4
f 685/10/4 2838/10/4 3084/10/4
f 223/10/4 2844/10/4 338/10/4
f 338/10/4 2844/10/4 2893/10/4
f 337/10/4 2892/10/4 469/10/4
f 469/10/4 2892/10/4 2936/10/4
f 229/16/4 2957/16/4 493/16/4
f 493/16/4 2957/16/4 2956/16/4
f 254/16/4 2973/16/4 517/16/4
f 517/16/4 2973/16/4 2972/16/4
f 279/16/4 2989/16/4 541/16/4
f 541/16/4 2989/16/4 2988/16/4
f 304/16/4 3005/16/4 565/16/4
f 565/16/4 3005/16/4 3004/16/4
f 465/10/4 2933/10/4 1028/10/4
f 1028/10/4 2933/10/4 3355/10/4
f 472/6/4 2940/6/4 699/6/4
f 699/6/4 2940/6/4 3095/6/4
f 705/10/4 3101/10/4 702/10/4
f 702/10/4 3101/10/4 3099/10/4
f 592/6/4 3023/6/4 697/6/4
f 697/6/4 3023/6/4 3094/6/4
f 3035/16/4 2963/16/4 710/16/4
f 710/16/4 2963/16/4 3108/16/4
f 3047/16/4 2979/16/4 718/16/4
f 718/16/4 2979/16/4 3114/16/4
f 3059/16/4 2995/16/4 726/16/4
f 726/16/4 2995/16/4 3120/16/4
f 3071/16/4 3011/16/4 734/16/4
f 734/16/4 3011/16/4 3126/16/4
f 744/10/4 3133/10/4 742/10/4
f 742/10/4 3133/10/4 3132/10/4
f 684/10/4 3085/10/4 795/10/4
f 795/10/4 3085/10/4 3176/10/4
f 698/6/4 3096/6/4 767/6/4
f 767/6/4 3096/6/4 3150/6/4
f 701/6/4 3100/6/4 787/6/4
f 787/6/4 3100/6/4 3169/6/4
f 743/10/4 3134/10/4 840/10/4
f 840/10/4 3134/10/4 3217/10/4
f 750/6/4 3138/6/4 763/6/4
f 763/6/4 3138/6/4 3147/6/4
f 784/6/4 3165/6/4 782/6/4
f 782/6/4 3165/6/4 3164/6/4
f 796/5/4 3180/5/4 821/5/4
f 821/5/4 3180/5/4 3201/5/4
f 806/6/4 3186/6/4 835/6/4
f 835/6/4 3186/6/4 3212/6/4
f 841/10/4 3216/10/4 838/10/4
f 838/10/4 3216/10/4 3215/10/4
f 820/5/4 3202/5/4 1146/5/4
f 1146/5/4 3202/5/4 3490/5/4
f 842/10/4 3220/10/4 983/10/4
f 983/10/4 3220/10/4 3322/10/4
f 872/10/4 3239/10/4 903/10/4
f 903/10/4 3239/10/4 3265/10/4
f 968/13/4 3311/13/4 965/13/4
f 965/13/4 3311/13/4 3310/13/4
f 984/10/4 3321/10/4 981/10/4
f 981/10/4 3321/10/4 3320/10/4
f 1003/2/4 3336/2/4 1001/2/4
f 1001/2/4 3336/2/4 3335/2/4
f 982/10/4 3323/10/4 1245/10/4
f 1245/10/4 3323/10/4 3568/10/4
f 1246/10/4 3567/10/4 1333/10/4
f 1333/10/4 3567/10/4 3660/10/4
f 1027/10/4 3356/10/4 1148/10/4
f 1148/10/4 3356/10/4 3493/10/4
f 1085/13/4 3428/13/4 1083/13/4
f 1083/13/4 3428/13/4 3427/13/4
f 1055/2/4 3386/2/4 1129/2/4
f 1129/2/4 3386/2/4 3473/2/4
f 1244/10/4 3569/10/4 1336/10/4
f 1336/10/4 3569/10/4 3663/10/4
f 1334/10/4 3659/10/4 1331/10/4
f 1331/10/4 3659/10/4 3658/10/4
f 1383/13/4 3699/13/4 1380/13/4
f 1380/13/4 3699/13/4 3698/13/4
f 1338/5/4 3667/5/4 1438/5/4
f 1438/5/4 3667/5/4 3736/5/4
f 1413/2/4 3717/2/4 1411/2/4
f 1411/2/4 3717/2/4 3716/2/4
f 1509/13/4 3803/13/4 1507/13/4
f 1507/13/4 3803/13/4 3802/13/4
f 1468/2/4 3768/2/4 1559/2/4
f 1559/2/4 3768/2/4 3841/2/4
f 1739/10/4 3967/10/4 1640/10/4
f 1640/10/4 3967/10/4 3898/10/4
f 1604/16/4 3872/16/4 1601/16/4
f 1601/16/4 3872/16/4 3871/16/4
f 5038/16/4 4136/16/4 5039/16/4
f 5039/16/4 4136/16/4 4076/16/4
f 1601/7/4 3871/7/4 1662/7/4
f 1662/7/4 3871/7/4 3920/7/4
f 1639/10/4 3899/10/4 1944/10/4
f 1944/10/4 3899/10/4 4126/10/4
f 1729/16/4 3960/16/4 1727/16/4
f 1727/16/4 3960/16/4 3959/16/4
f 1738/5/4 3968/5/4 1947/5/4
f 1947/5/4 3968/5/4 4129/5/4
f 1728/16/4 4072/16/4 1875/16/4
f 1875/16/4 4072/16/4 4071/16/4
f 1895/10/4 4087/10/4 1893/10/4
f 1893/10/4 4087/10/4 4086/10/4
f 1894/10/4 4088/10/4 1942/10/4
f 1942/10/4 4088/10/4 4124/10/4
f 1952/10/4 4132/10/4 1949/10/4
f 1949/10/4 4132/10/4 4131/10/4
f 1983/10/4 4161/10/4 1963/10/4
f 1963/10/4 4161/10/4 4142/10/4
f 4113/16/4 4077/16/4 1953/16/4
f 1953/16/4 4077/16/4 4135/16/4
f 1946/10/4 4130/10/4 1968/10/4
f 1968/10/4 4130/10/4 4148/10/4
f 1966/10/4 4145/10/4 1964/10/4
f 1964/10/4 4145/10/4 4144/10/4
f 1976/10/4 4154/10/4 1973/10/4
f 1973/10/4 4154/10/4 4153/10/4
f 1979/10/4 4158/10/4 1977/10/4
f 1977/10/4 4158/10/4 4157/10/4
f 1962/10/4 4143/10/4 1980/10/4
f 1980/10/4 4143/10/4 4160/10/4
f 1987/10/4 4165/10/4 1984/10/4
f 1984/10/4 4165/10/4 4164/10/4
f 1999/10/4 4173/10/4 2312/10/4
f 2312/10/4 4173/10/4 4442/10/4
f 2008/10/4 4187/10/4 2001/10/4
f 2001/10/4 4187/10/4 4177/10/4
f 2035/10/4 4197/10/4 2031/10/4
f 2031/10/4 4197/10/4 4195/10/4
f 2040/10/4 4203/10/4 2037/10/4
f 2037/10/4 4203/10/4 4201/10/4
f 2313/10/4 4441/10/4 2149/10/4
f 2149/10/4 4441/10/4 4275/10/4
f 2043/10/4 4210/10/4 2041/10/4
f 2041/10/4 4210/10/4 4209/10/4
f 2047/10/4 4213/10/4 2044/10/4
f 2044/10/4 4213/10/4 4212/10/4
f 2150/10/4 4274/10/4 2147/10/4
f 2147/10/4 4274/10/4 4273/10/4
f 5040/4/4 5041/4/4 2317/4/4
f 2317/4/4 5041/4/4 4312/4/4
f 2429/10/4 4537/10/4 2480/10/4
f 2480/10/4 4537/10/4 4579/10/4
f 2292/13/4 4426/13/4 2289/13/4
f 2289/13/4 4426/13/4 4425/13/4
f 2317/10/4 4312/10/4 2314/10/4
f 2314/10/4 4312/10/4 4444/10/4
f 2350/2/4 4471/2/4 2348/2/4
f 2348/2/4 4471/2/4 4470/2/4
f 2643/10/4 4713/10/4 2526/10/4
f 2526/10/4 4713/10/4 4624/10/4
f 2408/13/4 4519/13/4 2406/13/4
f 2406/13/4 4519/13/4 4518/13/4
f 2390/2/4 4501/2/4 2441/2/4
f 2441/2/4 4501/2/4 4546/2/4
f 2428/10/4 4538/10/4 2637/10/4
f 2637/10/4 4538/10/4 4708/10/4
f 2481/10/4 4578/10/4 2478/10/4
f 2478/10/4 4578/10/4 4577/10/4
f 2314/4/4 4444/4/4 5042/4/4
f 5042/4/4 4444/4/4 4585/4/4
f 2479/10/4 4580/10/4 2596/10/4
f 2596/10/4 4580/10/4 4675/10/4
f 4809/10/4 4586/10/4 4826/10/4
f 4826/10/4 4586/10/4 4718/10/4
f 2525/10/4 4625/10/4 2640/10/4
f 2640/10/4 4625/10/4 4711/10/4
f 2597/10/4 4674/10/4 2594/10/4
f 2594/10/4 4674/10/4 4673/10/4
f 2621/13/4 4685/13/4 2618/13/4
f 2618/13/4 4685/13/4 4684/13/4
f 2595/10/4 4676/10/4 2635/10/4
f 2635/10/4 4676/10/4 4706/10/4
f 2618/2/4 4684/2/4 2673/2/4
f 2673/2/4 4684/2/4 4745/2/4
f 2687/13/4 4755/13/4 2684/13/4
f 2684/13/4 4755/13/4 4754/13/4
f 5043/7/4 5030/7/4 5044/7/4
f 5044/7/4 5030/7/4 5031/7/4
f 5045/7/4 5032/7/4 5046/7/4
f 5046/7/4 5032/7/4 5033/7/4
f 5047/7/4 5034/7/4 5048/7/4
f 5048/7/4 5034/7/4 5035/7/4
f 5049/7/4 5036/7/4 5050/7/4
f 5050/7/4 5036/7/4 5037/7/4
f 2800/16/4 42/16/4 2801/16/4
f 2801/16/4 42/16/4 136/16/4
f 2810/16/4 61/16/4 2811/16/4
f 2811/16/4 61/16/4 156/16/4
f 2820/16/4 80/16/4 2821/16/4
f 2821/16/4 80/16/4 176/16/4
f 2830/16/4 99/16/4 2831/16/4
f 2831/16/4 99/16/4 196/16/4
f 331/13/4 218/13/4 328/13/4
f 328/13/4 218/13/4 468/13/4
f 5051/7/4 495/7/4 606/7/4
f 606/7/4 495/7/4 494/7/4
f 5052/7/4 519/7/4 626/7/4
f 626/7/4 519/7/4 518/7/4
f 5053/7/4 543/7/4 646/7/4
f 646/7/4 543/7/4 542/7/4
f 5054/7/4 567/7/4 666/7/4
f 666/7/4 567/7/4 566/7/4
f 606/16/4 494/16/4 603/16/4
f 603/16/4 494/16/4 3034/16/4
f 626/16/4 518/16/4 623/16/4
f 623/16/4 518/16/4 3046/16/4
f 646/16/4 542/16/4 643/16/4
f 643/16/4 542/16/4 3058/16/4
f 666/16/4 566/16/4 663/16/4
f 663/16/4 566/16/4 3070/16/4
f 690/13/4 1028/13/4 687/13/4
f 687/13/4 1028/13/4 748/13/4
f 758/13/4 745/13/4 5055/13/4
f 5055/13/4 745/13/4 802/13/4
f 826/13/4 809/13/4 823/13/4
f 823/13/4 809/13/4 847/13/4
f 5056/7/4 5038/7/4 5057/7/4
f 5057/7/4 5038/7/4 5039/7/4
f 3924/16/4 1602/16/4 3925/16/4
f 3925/16/4 1602/16/4 1663/16/4
f 5058/7/4 1877/7/4 1927/7/4
f 1927/7/4 1877/7/4 1876/7/4
f 1927/16/4 1876/16/4 1924/16/4
f 1924/16/4 1876/16/4 4112/16/4
f 2012/16/4 1988/16/4 2009/16/4
f 2009/16/4 1988/16/4 2007/16/4
f 2156/4/4 4313/4/4 2153/4/4
f 2153/4/4 4313/4/4 5041/4/4
f 4288/2/4 4393/2/4 4449/2/4
f 4449/2/4 4393/2/4 4392/2/4
f 4405/2/4 4364/2/4 4406/2/4
f 4406/2/4 4364/2/4 4407/2/4
f 2174/4/4 5059/4/4 4540/4/4
f 4540/4/4 5059/4/4 2433/4/4
f 2454/4/4 5060/4/4 4596/4/4
f 4596/4/4 5060/4/4 5042/4/4
f 2505/2/4 4604/2/4 2502/2/4
f 2502/2/4 4604/2/4 4603/2/4
f 2537/10/4 4633/10/4 2534/10/4
f 2534/10/4 4633/10/4 4632/10/4
f 2601/4/4 5061/4/4 5062/4/4
f 5062/4/4 5061/4/4 4716/4/4
f 2609/13/4 5063/13/4 5064/13/4
f 5064/13/4 5063/13/4 4728/13/4
f 20/16/4 2713/16/4 17/16/4
f 17/16/4 2713/16/4 2712/16/4
f 24/16/4 2718/16/4 21/16/4
f 21/16/4 2718/16/4 2717/16/4
f 28/16/4 2723/16/4 25/16/4
f 25/16/4 2723/16/4 2722/16/4
f 32/16/4 2728/16/4 29/16/4
f 29/16/4 2728/16/4 2727/16/4
f 2710/16/4 5043/16/4 2743/16/4
f 2743/16/4 5043/16/4 5044/16/4
f 2715/16/4 5045/16/4 2753/16/4
f 2753/16/4 5045/16/4 5046/16/4
f 2720/16/4 5047/16/4 2763/16/4
f 2763/16/4 5047/16/4 5048/16/4
f 2725/16/4 5049/16/4 2773/16/4
f 2773/16/4 5049/16/4 5050/16/4
f 140/7/4 2799/7/4 137/7/4
f 137/7/4 2799/7/4 2798/7/4
f 160/7/4 2809/7/4 157/7/4
f 157/7/4 2809/7/4 2808/7/4
f 180/7/4 2819/7/4 177/7/4
f 177/7/4 2819/7/4 2818/7/4
f 200/7/4 2829/7/4 197/7/4
f 197/7/4 2829/7/4 2828/7/4
f 2887/13/4 330/13/4 2888/13/4
f 2888/13/4 330/13/4 329/13/4
f 379/16/4 228/16/4 376/16/4
f 376/16/4 228/16/4 2916/16/4
f 401/16/4 253/16/4 398/16/4
f 398/16/4 253/16/4 2920/16/4
f 423/16/4 278/16/4 420/16/4
f 420/16/4 278/16/4 2924/16/4
f 445/16/4 303/16/4 442/16/4
f 442/16/4 303/16/4 2928/16/4
f 372/17/4 598/17/4 2945/17/4
f 2945/17/4 598/17/4 4775/17/4
f 2960/16/4 5051/16/4 2961/16/4
f 2961/16/4 5051/16/4 606/16/4
f 2976/16/4 5052/16/4 2977/16/4
f 2977/16/4 5052/16/4 626/16/4
f 2992/16/4 5053/16/4 2993/16/4
f 2993/16/4 5053/16/4 646/16/4
f 3008/16/4 5054/16/4 3009/16/4
f 3009/16/4 5054/16/4 666/16/4
f 3037/16/4 605/16/4 714/16/4
f 714/16/4 605/16/4 3111/16/4
f 3049/16/4 625/16/4 722/16/4
f 722/16/4 625/16/4 3117/16/4
f 3061/16/4 645/16/4 730/16/4
f 730/16/4 645/16/4 3123/16/4
f 3073/16/4 665/16/4 738/16/4
f 738/16/4 665/16/4 3129/16/4
f 902/13/4 5065/13/4 899/13/4
f 899/13/4 5065/13/4 941/13/4
f 1033/13/4 938/13/4 1030/13/4
f 1030/13/4 938/13/4 1027/13/4
f 5066/13/4 1002/13/4 5067/13/4
f 5067/13/4 1002/13/4 1055/13/4
f 5068/13/4 1412/13/4 5069/13/4
f 5069/13/4 1412/13/4 1468/13/4
f 1552/16/4 3833/16/4 1549/16/4
f 1549/16/4 3833/16/4 3832/16/4
f 1344/17/4 3609/17/4 1574/17/4
f 1574/17/4 3609/17/4 1645/17/4
f 1670/16/4 5056/16/4 1732/16/4
f 1732/16/4 5056/16/4 5057/16/4
f 1667/7/4 3923/7/4 1664/7/4
f 1664/7/4 3923/7/4 3922/7/4
f 1664/16/4 1662/16/4 1779/16/4
f 1779/16/4 1662/16/4 1728/16/4
f 1780/16/4 1727/16/4 1777/16/4
f 1777/16/4 1727/16/4 3977/16/4
f 1793/18/4 5070/18/4 1790/18/4
f 1790/18/4 5070/18/4 1916/18/4
f 4008/17/4 1814/17/4 4009/17/4
f 4009/17/4 1814/17/4 1813/17/4
f 1781/16/4 5058/16/4 4075/16/4
f 4075/16/4 5058/16/4 1927/16/4
f 4115/16/4 1926/16/4 1957/16/4
f 1957/16/4 1926/16/4 4138/16/4
f 2020/16/4 2011/16/4 2017/16/4
f 2017/16/4 2011/16/4 2010/16/4
f 2063/2/4 4225/2/4 2060/2/4
f 2060/2/4 4225/2/4 4224/2/4
f 4181/4/4 2074/4/4 4231/4/4
f 4231/4/4 2074/4/4 2073/4/4
f 4244/4/4 2106/4/4 4245/4/4
f 4245/4/4 2106/4/4 2105/4/4
f 4302/12/4 4305/12/4 4303/12/4
f 4303/12/4 4305/12/4 4304/12/4
f 4568/4/4 5071/4/4 4385/4/4
f 4385/4/4 5071/4/4 2278/4/4
f 4401/2/4 4404/2/4 4402/2/4
f 4402/2/4 4404/2/4 4403/2/4
f 2321/12/4 4447/12/4 2318/12/4
f 2318/12/4 4447/12/4 4446/12/4
f 4459/12/4 4406/12/4 4460/12/4
f 4460/12/4 4406/12/4 4461/12/4
f 5072/13/4 2349/13/4 5073/13/4
f 5073/13/4 2349/13/4 2390/13/4
f 4384/4/4 2275/4/4 5074/4/4
f 5074/4/4 2275/4/4 4539/4/4
f 5074/4/4 2430/4/4 4569/4/4
f 4569/4/4 2430/4/4 2485/4/4
f 2469/4/4 2451/4/4 5075/4/4
f 5075/4/4 2451/4/4 4595/4/4
f 5075/4/4 4717/4/4 4678/4/4
f 4678/4/4 4717/4/4 5061/4/4
f 51/16/4 2711/16/4 47/16/4
f 47/16/4 2711/16/4 2710/16/4
f 70/16/4 2716/16/4 66/16/4
f 66/16/4 2716/16/4 2715/16/4
f 89/16/4 2721/16/4 85/16/4
f 85/16/4 2721/16/4 2720/16/4
f 108/16/4 2726/16/4 104/16/4
f 104/16/4 2726/16/4 2725/16/4
f 48/16/4 2742/16/4 499/16/4
f 499/16/4 2742/16/4 138/16/4
f 67/16/4 2752/16/4 523/16/4
f 523/16/4 2752/16/4 158/16/4
f 86/16/4 2762/16/4 547/16/4
f 547/16/4 2762/16/4 178/16/4
f 105/16/4 2772/16/4 571/16/4
f 571/16/4 2772/16/4 198/16/4
f 500/16/4 135/16/4 5076/16/4
f 5076/16/4 135/16/4 229/16/4
f 524/16/4 155/16/4 5077/16/4
f 5077/16/4 155/16/4 254/16/4
f 548/16/4 175/16/4 5078/16/4
f 5078/16/4 175/16/4 279/16/4
f 572/16/4 195/16/4 5079/16/4
f 5079/16/4 195/16/4 304/16/4
f 2913/17/4 374/17/4 2914/17/4
f 2914/17/4 374/17/4 373/17/4
f 778/2/4 2888/2/4 4849/2/4
f 4849/2/4 2888/2/4 4819/2/4
f 480/2/4 2944/2/4 477/2/4
f 477/2/4 2944/2/4 2943/2/4
f 5076/16/4 378/16/4 497/16/4
f 497/16/4 378/16/4 2959/16/4
f 5077/16/4 400/16/4 521/16/4
f 521/16/4 400/16/4 2975/16/4
f 5078/16/4 422/16/4 545/16/4
f 545/16/4 422/16/4 2991/16/4
f 5079/16/4 444/16/4 569/16/4
f 569/16/4 444/16/4 3007/16/4
f 4848/2/4 3091/2/4 4850/2/4
f 4850/2/4 3091/2/4 3145/2/4
f 775/13/4 755/13/4 772/13/4
f 772/13/4 755/13/4 5055/13/4
f 1548/16/4 3831/16/4 1545/16/4
f 1545/16/4 3831/16/4 1670/16/4
f 1546/16/4 1549/16/4 1933/16/4
f 1933/16/4 1549/16/4 1669/16/4
f 1934/16/4 1668/16/4 1930/16/4
f 1930/16/4 1668/16/4 1731/16/4
f 1931/16/4 1730/16/4 1881/16/4
f 1881/16/4 1730/16/4 1781/16/4
f 1801/17/4 1792/17/4 1798/17/4
f 1798/17/4 1792/17/4 1791/17/4
f 1848/14/4 1836/14/4 1845/14/4
f 1845/14/4 1836/14/4 1835/14/4
f 1882/16/4 1778/16/4 1879/16/4
f 1879/16/4 1778/16/4 4074/16/4
f 4882/14/4 4102/14/4 1908/14/4
f 1908/14/4 4102/14/4 4101/14/4
f 1919/14/4 4107/14/4 1917/14/4
f 1917/14/4 4107/14/4 4106/14/4
f 1880/16/4 4075/16/4 1928/16/4
f 1928/16/4 4075/16/4 4114/16/4
f 2016/16/4 4182/16/4 2013/16/4
f 2013/16/4 4182/16/4 4181/16/4
f 2099/14/4 4206/14/4 4866/14/4
f 4866/14/4 4206/14/4 4205/14/4
f 2071/14/4 1996/14/4 2068/14/4
f 2068/14/4 1996/14/4 5059/14/4
f 4233/4/4 2078/4/4 4234/4/4
f 4234/4/4 2078/4/4 2077/4/4
f 4298/12/4 4301/12/4 4299/12/4
f 4299/12/4 4301/12/4 4300/12/4
f 2068/4/4 4309/4/4 5080/4/4
f 5080/4/4 4309/4/4 4308/4/4
f 5080/4/4 2171/4/4 5081/4/4
f 5081/4/4 2171/4/4 5071/4/4
f 2218/12/4 2320/12/4 2215/12/4
f 2215/12/4 2320/12/4 2250/12/4
f 2216/1/4 2249/1/4 2324/1/4
f 2324/1/4 2249/1/4 2248/1/4
f 2057/2/4 2060/2/4 2282/2/4
f 2282/2/4 2060/2/4 4409/2/4
f 2325/12/4 2247/12/4 2322/12/4
f 2322/12/4 2247/12/4 2319/12/4
f 4456/12/4 4402/12/4 4457/12/4
f 4457/12/4 4402/12/4 4458/12/4
f 5082/4/4 4561/4/4 5083/4/4
f 5083/4/4 4561/4/4 2469/4/4
f 2465/14/4 4567/14/4 2462/14/4
f 2462/14/4 4567/14/4 4566/14/4
f 2519/14/4 2468/14/4 2566/14/4
f 2566/14/4 2468/14/4 2467/14/4
f 5084/4/4 4582/4/4 5085/4/4
f 5085/4/4 4582/4/4 4581/4/4
f 2509/2/4 4608/2/4 2506/2/4
f 2506/2/4 4608/2/4 4607/2/4
f 2513/4/4 5086/4/4 2510/4/4
f 2510/4/4 5086/4/4 5087/4/4
f 2567/14/4 2466/14/4 2564/14/4
f 2564/14/4 2466/14/4 4678/14/4
f 2564/4/4 4678/4/4 5088/4/4
f 5088/4/4 4678/4/4 4677/4/4
f 55/7/4 4827/7/4 52/7/4
f 52/7/4 4827/7/4 49/7/4
f 74/7/4 4828/7/4 71/7/4
f 71/7/4 4828/7/4 68/7/4
f 93/7/4 4829/7/4 90/7/4
f 90/7/4 4829/7/4 87/7/4
f 112/7/4 4830/7/4 109/7/4
f 109/7/4 4830/7/4 106/7/4
f 143/16/4 2802/16/4 141/16/4
f 141/16/4 2802/16/4 500/16/4
f 163/16/4 2812/16/4 161/16/4
f 161/16/4 2812/16/4 524/16/4
f 183/16/4 2822/16/4 181/16/4
f 181/16/4 2822/16/4 548/16/4
f 203/16/4 2832/16/4 201/16/4
f 201/16/4 2832/16/4 572/16/4
f 335/13/4 2886/13/4 332/13/4
f 332/13/4 2886/13/4 2885/13/4
f 347/13/4 225/13/4 344/13/4
f 344/13/4 225/13/4 476/13/4
f 359/13/4 350/13/4 356/13/4
f 356/13/4 350/13/4 349/13/4
f 367/13/4 362/13/4 364/13/4
f 364/13/4 362/13/4 361/13/4
f 383/16/4 5089/16/4 380/16/4
f 380/16/4 5089/16/4 5090/16/4
f 405/16/4 5091/16/4 402/16/4
f 402/16/4 5091/16/4 5092/16/4
f 427/16/4 5093/16/4 424/16/4
f 424/16/4 5093/16/4 5094/16/4
f 449/16/4 5095/16/4 446/16/4
f 446/16/4 5095/16/4 5096/16/4
f 380/7/4 5090/7/4 501/7/4
f 501/7/4 5090/7/4 498/7/4
f 402/7/4 5092/7/4 525/7/4
f 525/7/4 5092/7/4 522/7/4
f 424/7/4 5094/7/4 549/7/4
f 549/7/4 5094/7/4 546/7/4
f 446/7/4 5096/7/4 573/7/4
f 573/7/4 5096/7/4 570/7/4
f 694/13/4 465/13/4 5097/13/4
f 5097/13/4 465/13/4 1028/13/4
f 501/16/4 2961/16/4 607/16/4
f 607/16/4 2961/16/4 3036/16/4
f 503/16/4 611/16/4 613/16/4
f 613/16/4 611/16/4 610/16/4
f 525/16/4 2977/16/4 627/16/4
f 627/16/4 2977/16/4 3048/16/4
f 527/16/4 631/16/4 633/16/4
f 633/16/4 631/16/4 630/16/4
f 549/16/4 2993/16/4 647/16/4
f 647/16/4 2993/16/4 3060/16/4
f 551/16/4 651/16/4 653/16/4
f 653/16/4 651/16/4 650/16/4
f 573/16/4 3009/16/4 667/16/4
f 667/16/4 3009/16/4 3072/16/4
f 575/16/4 671/16/4 673/16/4
f 673/16/4 671/16/4 670/16/4
f 5097/13/4 3089/13/4 691/13/4
f 691/13/4 3089/13/4 3088/13/4
f 762/13/4 3144/13/4 759/13/4
f 759/13/4 3144/13/4 3143/13/4
f 830/13/4 3189/13/4 5098/13/4
f 5098/13/4 3189/13/4 826/13/4
f 5098/13/4 3206/13/4 827/13/4
f 827/13/4 3206/13/4 3205/13/4
f 866/13/4 844/13/4 863/13/4
f 863/13/4 844/13/4 5065/13/4
f 1348/17/4 3671/17/4 1345/17/4
f 1345/17/4 3671/17/4 3670/17/4
f 1491/17/4 1440/17/4 5099/17/4
f 5099/17/4 1440/17/4 1577/17/4
f 1704/17/4 1642/17/4 5100/17/4
f 5100/17/4 1642/17/4 5070/17/4
f 3992/17/4 1800/17/4 3993/17/4
f 3993/17/4 1800/17/4 1799/17/4
f 2006/16/4 4180/16/4 2003/16/4
f 2003/16/4 4180/16/4 4179/16/4
f 2024/16/4 2015/16/4 2021/16/4
f 2021/16/4 2015/16/4 2014/16/4
f 2028/16/4 4191/16/4 2025/16/4
f 2025/16/4 4191/16/4 4190/16/4
f 2051/2/4 4782/2/4 2048/2/4
f 2048/2/4 4782/2/4 2045/2/4
f 2067/2/4 2058/2/4 2064/2/4
f 2064/2/4 2058/2/4 2057/2/4
f 2083/4/4 2070/4/4 2080/4/4
f 2080/4/4 2070/4/4 2069/4/4
f 4248/4/4 2109/4/4 4249/4/4
f 4249/4/4 2109/4/4 2108/4/4
f 4264/14/4 2135/14/4 4265/14/4
f 4265/14/4 2135/14/4 2134/14/4
f 2178/4/4 2151/4/4 2175/4/4
f 2175/4/4 2151/4/4 5080/4/4
f 2175/11/4 5080/11/4 2211/11/4
f 2211/11/4 5080/11/4 5081/11/4
f 2328/12/4 2217/12/4 2326/12/4
f 2326/12/4 2217/12/4 2323/12/4
f 2523/2/4 4619/2/4 2520/2/4
f 2520/2/4 4619/2/4 4618/2/4
f 2520/10/4 4637/10/4 2538/10/4
f 2538/10/4 4637/10/4 4636/10/4
f 2538/13/4 4632/13/4 5101/13/4
f 5101/13/4 4632/13/4 5063/13/4
f 5101/13/4 4650/13/4 2568/13/4
f 2568/13/4 4650/13/4 4649/13/4
f 2650/4/4 2598/4/4 2647/4/4
f 2647/4/4 2598/4/4 5062/4/4
f 2661/13/4 2606/13/4 2658/13/4
f 2658/13/4 2606/13/4 5064/13/4
f 242/16/4 52/16/4 4870/16/4
f 4870/16/4 52/16/4 142/16/4
f 267/16/4 71/16/4 4871/16/4
f 4871/16/4 71/16/4 162/16/4
f 292/16/4 90/16/4 4872/16/4
f 4872/16/4 90/16/4 182/16/4
f 317/16/4 109/16/4 4873/16/4
f 4873/16/4 109/16/4 202/16/4
f 234/16/4 499/16/4 231/16/4
f 231/16/4 499/16/4 5089/16/4
f 259/16/4 523/16/4 256/16/4
f 256/16/4 523/16/4 5091/16/4
f 284/16/4 547/16/4 281/16/4
f 281/16/4 547/16/4 5093/16/4
f 309/16/4 571/16/4 306/16/4
f 306/16/4 571/16/4 5095/16/4
f 232/16/4 382/16/4 384/16/4
f 384/16/4 382/16/4 381/16/4
f 257/16/4 404/16/4 406/16/4
f 406/16/4 404/16/4 403/16/4
f 282/16/4 426/16/4 428/16/4
f 428/16/4 426/16/4 425/16/4
f 307/16/4 448/16/4 450/16/4
f 450/16/4 448/16/4 447/16/4
f 385/16/4 504/16/4 505/16/4
f 505/16/4 504/16/4 503/16/4
f 407/16/4 528/16/4 529/16/4
f 529/16/4 528/16/4 527/16/4
f 429/16/4 552/16/4 553/16/4
f 553/16/4 552/16/4 551/16/4
f 451/16/4 576/16/4 577/16/4
f 577/16/4 576/16/4 575/16/4
f 5102/2/4 965/2/4 5103/2/4
f 5103/2/4 965/2/4 1002/2/4
f 1250/17/4 3573/17/4 1247/17/4
f 1247/17/4 3573/17/4 3572/17/4
f 5104/2/4 1380/2/4 5105/2/4
f 5105/2/4 1380/2/4 1412/2/4
f 4012/11/4 1818/11/4 4013/11/4
f 4013/11/4 1818/11/4 1817/11/4
f 4055/17/4 1865/17/4 4056/17/4
f 4056/17/4 1865/17/4 1864/17/4
f 2087/11/4 2082/11/4 2084/11/4
f 2084/11/4 2082/11/4 2081/11/4
f 2160/4/4 4278/4/4 2157/4/4
f 2157/4/4 4278/4/4 4277/4/4
f 2332/12/4 2167/12/4 2329/12/4
f 2329/12/4 2167/12/4 2327/12/4
f 5106/2/4 2289/2/4 5107/2/4
f 5107/2/4 2289/2/4 2349/2/4
f 2489/11/4 5084/11/4 2486/11/4
f 2486/11/4 5084/11/4 5085/11/4
f 2486/4/4 2482/4/4 5108/4/4
f 5108/4/4 2482/4/4 5086/4/4
f 5108/4/4 4612/4/4 2514/4/4
f 2514/4/4 4612/4/4 4611/4/4
f 2514/13/4 5087/13/4 2528/13/4
f 2528/13/4 5087/13/4 2646/13/4
f 238/16/4 233/16/4 235/16/4
f 235/16/4 233/16/4 232/16/4
f 263/16/4 258/16/4 260/16/4
f 260/16/4 258/16/4 257/16/4
f 288/16/4 283/16/4 285/16/4
f 285/16/4 283/16/4 282/16/4
f 313/16/4 308/16/4 310/16/4
f 310/16/4 308/16/4 307/16/4
f 484/17/4 479/17/4 481/17/4
f 481/17/4 479/17/4 478/17/4
f 3309/13/4 5102/13/4 5109/13/4
f 5109/13/4 5102/13/4 5103/13/4
f 5109/2/4 5066/2/4 3436/2/4
f 3436/2/4 5066/2/4 5067/2/4
f 3697/13/4 5104/13/4 5110/13/4
f 5110/13/4 5104/13/4 5105/13/4
f 5110/2/4 5068/2/4 3811/2/4
f 3811/2/4 5068/2/4 5069/2/4
f 1649/17/4 3905/17/4 1646/17/4
f 1646/17/4 3905/17/4 3904/17/4
f 2114/11/4 4247/11/4 2111/11/4
f 2111/11/4 4247/11/4 4246/11/4
f 4424/13/4 5106/13/4 5111/13/4
f 5111/13/4 5106/13/4 5107/13/4
f 2375/13/4 2314/13/4 2372/13/4
f 2372/13/4 2314/13/4 5112/13/4
f 5111/2/4 5072/2/4 4527/2/4
f 4527/2/4 5072/2/4 5073/2/4
f 2372/4/4 5112/4/4 2434/4/4
f 2434/4/4 5112/4/4 5060/4/4
f 2950/11/4 3031/11/4 5113/11/4
f 5113/11/4 3031/11/4 3030/11/4
f 4893/16/4 3314/16/4 3276/16/4
f 3276/16/4 3314/16/4 3308/16/4
f 3256/16/4 3339/16/4 3279/16/4
f 3279/16/4 3339/16/4 3318/16/4
f 3273/7/4 3307/7/4 3305/7/4
f 3305/7/4 3307/7/4 3306/7/4
f 3305/16/4 3306/16/4 3334/16/4
f 3334/16/4 3306/16/4 3382/16/4
f 3432/16/4 3383/16/4 3433/16/4
f 3433/16/4 3383/16/4 3434/16/4
f 3471/16/4 3435/16/4 3472/16/4
f 3472/16/4 3435/16/4 3475/16/4
f 3480/16/4 3483/16/4 3481/16/4
f 3481/16/4 3483/16/4 3482/16/4
f 4897/16/4 3702/16/4 3644/16/4
f 3644/16/4 3702/16/4 3696/16/4
f 3599/16/4 3720/16/4 3647/16/4
f 3647/16/4 3720/16/4 3706/16/4
f 3641/7/4 3695/7/4 3693/7/4
f 3693/7/4 3695/7/4 3694/7/4
f 3693/16/4 3694/16/4 3715/16/4
f 3715/16/4 3694/16/4 3764/16/4
f 1495/17/4 3785/17/4 1492/17/4
f 1492/17/4 3785/17/4 3784/17/4
f 3807/16/4 3765/16/4 3808/16/4
f 3808/16/4 3765/16/4 3809/16/4
f 3839/16/4 3810/16/4 3840/16/4
f 3840/16/4 3810/16/4 3843/16/4
f 3848/16/4 3851/16/4 3849/16/4
f 3849/16/4 3851/16/4 3850/16/4
f 1856/11/4 1847/11/4 1853/11/4
f 1853/11/4 1847/11/4 1846/11/4
f 4258/4/4 2124/4/4 4259/4/4
f 4259/4/4 2124/4/4 2123/4/4
f 5114/13/4 5040/13/4 4359/13/4
f 4359/13/4 5040/13/4 2317/13/4
f 4901/16/4 4429/16/4 4370/16/4
f 4370/16/4 4429/16/4 4423/16/4
f 4351/16/4 4474/16/4 4373/16/4
f 4373/16/4 4474/16/4 4433/16/4
f 4367/7/4 4422/7/4 4420/7/4
f 4420/7/4 4422/7/4 4421/7/4
f 4420/16/4 4421/16/4 4469/16/4
f 4469/16/4 4421/16/4 4497/16/4
f 4523/16/4 4498/16/4 4524/16/4
f 4524/16/4 4498/16/4 4525/16/4
f 4544/16/4 4526/16/4 4545/16/4
f 4545/16/4 4526/16/4 4548/16/4
f 4553/16/4 4556/16/4 4554/16/4
f 4554/16/4 4556/16/4 4555/16/4
f 2458/11/4 5082/11/4 2455/11/4
f 2455/11/4 5082/11/4 5083/11/4
f 2605/11/4 2564/11/4 2602/11/4
f 2602/11/4 2564/11/4 5088/11/4
f 4690/16/4 4693/16/4 4691/16/4
f 4691/16/4 4693/16/4 4692/16/4
f 2602/4/4 4721/4/4 2651/4/4
f 2651/4/4 4721/4/4 4720/4/4
f 4907/16/4 4742/16/4 4740/16/4
f 4740/16/4 4742/16/4 4741/16/4
f 3247/16/4 3274/16/4 3248/16/4
f 3248/16/4 3274/16/4 3304/16/4
f 3254/16/4 3257/16/4 3255/16/4
f 3255/16/4 3257/16/4 3256/16/4
f 3300/16/4 5115/16/4 3301/16/4
f 3301/16/4 5115/16/4 3302/16/4
f 3378/16/4 3381/16/4 3379/16/4
f 3379/16/4 3381/16/4 3380/16/4
f 3379/7/4 3431/7/4 3426/7/4
f 3426/7/4 3431/7/4 3430/7/4
f 3426/16/4 3430/16/4 5116/16/4
f 5116/16/4 3430/16/4 3470/16/4
f 1153/17/4 3498/17/4 1150/17/4
f 1150/17/4 3498/17/4 3497/17/4
f 1196/16/4 4878/16/4 1193/16/4
f 1193/16/4 4878/16/4 3521/16/4
f 3590/16/4 3642/16/4 3591/16/4
f 3591/16/4 3642/16/4 3692/16/4
f 3597/16/4 3600/16/4 3598/16/4
f 3598/16/4 3600/16/4 3599/16/4
f 3688/16/4 5117/16/4 3689/16/4
f 3689/16/4 5117/16/4 3690/16/4
f 3760/16/4 3763/16/4 3761/16/4
f 3761/16/4 3763/16/4 3762/16/4
f 3761/7/4 3806/7/4 3801/7/4
f 3801/7/4 3806/7/4 3805/7/4
f 3801/16/4 3805/16/4 5118/16/4
f 5118/16/4 3805/16/4 3838/16/4
f 1633/16/4 4881/16/4 1630/16/4
f 1630/16/4 4881/16/4 3891/16/4
f 3996/17/4 1804/17/4 3997/17/4
f 3997/17/4 1804/17/4 1803/17/4
f 4047/17/4 1862/17/4 4048/17/4
f 4048/17/4 1862/17/4 1861/17/4
f 4061/17/4 1869/17/4 4062/17/4
f 4062/17/4 1869/17/4 1868/17/4
f 4341/16/4 4368/16/4 4342/16/4
f 4342/16/4 4368/16/4 4419/16/4
f 4349/16/4 4352/16/4 4350/16/4
f 4350/16/4 4352/16/4 4351/16/4
f 5119/13/4 4359/13/4 5120/13/4
f 5120/13/4 4359/13/4 4358/13/4
f 4415/16/4 5121/16/4 4416/16/4
f 4416/16/4 5121/16/4 4417/16/4
f 4493/16/4 4496/16/4 4494/16/4
f 4494/16/4 4496/16/4 4495/16/4
f 4494/7/4 4522/7/4 4517/7/4
f 4517/7/4 4522/7/4 4521/7/4
f 4517/16/4 4521/16/4 5122/16/4
f 5122/16/4 4521/16/4 4543/16/4
f 2461/16/4 4564/16/4 2459/16/4
f 2459/16/4 4564/16/4 4563/16/4
f 4924/16/4 4697/16/4 4664/16/4
f 4664/16/4 4697/16/4 4888/16/4
f 2573/16/4 4738/16/4 4736/16/4
f 4736/16/4 4738/16/4 4737/16/4
f 2846/18/4 366/18/4 488/18/4
f 488/18/4 366/18/4 365/18/4
f 488/17/4 2951/17/4 4929/17/4
f 4929/17/4 2951/17/4 5113/17/4
f 882/16/4 3246/16/4 879/16/4
f 879/16/4 3246/16/4 3245/16/4
f 879/16/4 3303/16/4 3269/16/4
f 3269/16/4 3303/16/4 5115/16/4
f 949/16/4 3297/16/4 946/16/4
f 946/16/4 3297/16/4 3296/16/4
f 947/16/4 3332/16/4 1045/16/4
f 1045/16/4 3332/16/4 3331/16/4
f 1046/16/4 3377/16/4 1043/16/4
f 1043/16/4 3377/16/4 3376/16/4
f 3362/18/4 1027/18/4 3402/18/4
f 3402/18/4 1027/18/4 1148/18/4
f 3402/17/4 1148/17/4 3502/17/4
f 3502/17/4 1148/17/4 4779/17/4
f 5123/7/4 3426/7/4 3510/7/4
f 3510/7/4 3426/7/4 5116/7/4
f 3511/16/4 3517/16/4 3512/16/4
f 3512/16/4 3517/16/4 3516/16/4
f 3501/17/4 3530/17/4 5124/17/4
f 5124/17/4 3530/17/4 3529/17/4
f 1228/16/4 4896/16/4 1225/16/4
f 1225/16/4 4896/16/4 3557/16/4
f 1238/16/4 3561/16/4 1235/16/4
f 1235/16/4 3561/16/4 3560/16/4
f 5124/17/4 3577/17/4 5125/17/4
f 5125/17/4 3577/17/4 3576/17/4
f 1270/16/4 3589/16/4 1267/16/4
f 1267/16/4 3589/16/4 3588/16/4
f 5125/17/4 1898/17/4 5126/17/4
f 5126/17/4 1898/17/4 3609/17/4
f 1267/16/4 3691/16/4 3637/16/4
f 3637/16/4 3691/16/4 5117/16/4
f 5126/17/4 3675/17/4 5127/17/4
f 5127/17/4 3675/17/4 3674/17/4
f 1364/16/4 3685/16/4 1361/16/4
f 1361/16/4 3685/16/4 3684/16/4
f 5127/17/4 1341/17/4 5128/17/4
f 5128/17/4 1341/17/4 1443/17/4
f 1362/16/4 3713/16/4 1458/16/4
f 1458/16/4 3713/16/4 3712/16/4
f 5128/17/4 3742/17/4 5129/17/4
f 5129/17/4 3742/17/4 3741/17/4
f 1459/16/4 3759/16/4 1456/16/4
f 1456/16/4 3759/16/4 3758/16/4
f 5129/17/4 3789/17/4 5130/17/4
f 5130/17/4 3789/17/4 3788/17/4
f 5130/17/4 1488/17/4 5131/17/4
f 5131/17/4 1488/17/4 5099/17/4
f 5132/7/4 3801/7/4 3880/7/4
f 3880/7/4 3801/7/4 5118/7/4
f 5131/17/4 3860/17/4 1653/17/4
f 1653/17/4 3860/17/4 3859/17/4
f 3881/16/4 3887/16/4 3882/16/4
f 3882/16/4 3887/16/4 3886/16/4
f 1653/17/4 3909/17/4 1650/17/4
f 1650/17/4 3909/17/4 3908/17/4
f 1686/16/4 4900/16/4 1683/16/4
f 1683/16/4 4900/16/4 3932/16/4
f 1696/16/4 3936/16/4 1693/16/4
f 1693/16/4 3936/16/4 3935/16/4
f 1650/17/4 3944/17/4 5133/17/4
f 5133/17/4 3944/17/4 3943/17/4
f 5133/17/4 1701/17/4 4095/17/4
f 4095/17/4 1701/17/4 5100/17/4
f 4095/18/4 3986/18/4 4097/18/4
f 4097/18/4 3986/18/4 3985/18/4
f 4241/11/4 4251/11/4 4242/11/4
f 4242/11/4 4251/11/4 4250/11/4
f 2182/4/4 5114/4/4 2179/4/4
f 2179/4/4 5114/4/4 4359/4/4
f 2226/16/4 4340/16/4 2223/16/4
f 2223/16/4 4340/16/4 4339/16/4
f 2223/16/4 4418/16/4 4366/16/4
f 4366/16/4 4418/16/4 5121/16/4
f 2288/16/4 4412/16/4 2285/16/4
f 2285/16/4 4412/16/4 4411/16/4
f 2286/16/4 4467/16/4 2382/16/4
f 2382/16/4 4467/16/4 4466/16/4
f 2383/16/4 4492/16/4 2380/16/4
f 2380/16/4 4492/16/4 4491/16/4
f 2409/7/4 4517/7/4 2436/7/4
f 2436/7/4 4517/7/4 5122/7/4
f 2559/16/4 4662/16/4 2556/16/4
f 2556/16/4 4662/16/4 4660/16/4
f 2547/16/4 4656/16/4 4655/16/4
f 4655/16/4 4656/16/4 2571/16/4
f 4653/7/4 2570/7/4 4683/7/4
f 4683/7/4 2570/7/4 4735/7/4
f 4681/16/4 4734/16/4 5134/16/4
f 5134/16/4 4734/16/4 4733/16/4
f 371/6/4 2911/6/4 368/6/4
f 368/6/4 2911/6/4 2910/6/4
f 709/6/4 3106/6/4 706/6/4
f 706/6/4 3106/6/4 3105/6/4
f 3250/16/4 881/16/4 3251/16/4
f 3251/16/4 881/16/4 880/16/4
f 909/16/4 3268/16/4 992/16/4
f 992/16/4 3268/16/4 947/16/4
f 993/16/4 946/16/4 990/16/4
f 990/16/4 946/16/4 1046/16/4
f 991/7/4 1045/7/4 3375/7/4
f 3375/7/4 1045/7/4 1044/7/4
f 1039/6/4 3401/6/4 3449/6/4
f 3449/6/4 3401/6/4 3400/6/4
f 1175/16/4 3510/16/4 1172/16/4
f 1172/16/4 3510/16/4 3509/16/4
f 3593/16/4 1269/16/4 3594/16/4
f 3594/16/4 1269/16/4 1268/16/4
f 1302/16/4 3636/16/4 1402/16/4
f 1402/16/4 3636/16/4 1362/16/4
f 1403/16/4 1361/16/4 1400/16/4
f 1400/16/4 1361/16/4 1459/16/4
f 1401/7/4 1458/7/4 3757/7/4
f 3757/7/4 1458/7/4 1457/7/4
f 3450/18/4 3402/18/4 3913/18/4
f 3913/18/4 3402/18/4 1653/18/4
f 1612/16/4 3880/16/4 1609/16/4
f 1609/16/4 3880/16/4 3879/16/4
f 3912/18/4 1650/18/4 3972/18/4
f 3972/18/4 1650/18/4 4095/18/4
f 4002/18/4 1810/18/4 1907/18/4
f 1907/18/4 1810/18/4 1809/18/4
f 4025/18/4 1826/18/4 1923/18/4
f 1923/18/4 1826/18/4 1825/18/4
f 5135/18/4 1843/18/4 5136/18/4
f 5136/18/4 1843/18/4 1842/18/4
f 5137/18/4 1859/18/4 5138/18/4
f 5138/18/4 1859/18/4 1858/18/4
f 1903/6/4 5139/6/4 1900/6/4
f 1900/6/4 5139/6/4 4093/6/4
f 1907/6/4 1809/6/4 1904/6/4
f 1904/6/4 1809/6/4 4099/6/4
f 1923/6/4 1825/6/4 1920/6/4
f 1920/6/4 1825/6/4 4109/6/4
f 2091/11/4 4240/11/4 2088/11/4
f 2088/11/4 4240/11/4 4239/11/4
f 5140/4/4 4282/4/4 4316/4/4
f 4316/4/4 4282/4/4 4281/4/4
f 4345/16/4 2225/16/4 4346/16/4
f 4346/16/4 2225/16/4 2224/16/4
f 4315/4/4 5119/4/4 5141/4/4
f 5141/4/4 5119/4/4 5120/4/4
f 2353/16/4 4365/16/4 2346/16/4
f 2346/16/4 4365/16/4 2286/16/4
f 2347/16/4 2285/16/4 2344/16/4
f 2344/16/4 2285/16/4 2383/16/4
f 2345/7/4 2382/7/4 2384/7/4
f 2384/7/4 2382/7/4 2381/7/4
f 2384/16/4 4516/16/4 2404/16/4
f 2404/16/4 4516/16/4 4515/16/4
f 2473/16/4 4571/16/4 2470/16/4
f 2470/16/4 4571/16/4 4570/16/4
f 2470/16/4 4592/16/4 5142/16/4
f 5142/16/4 4592/16/4 4591/16/4
f 4645/16/4 2546/16/4 4646/16/4
f 4646/16/4 2546/16/4 2545/16/4
f 2577/16/4 4654/16/4 2574/16/4
f 2574/16/4 4654/16/4 4653/16/4
f 5143/7/4 4681/7/4 5144/7/4
f 5144/7/4 4681/7/4 5134/7/4
f 602/6/4 370/6/4 599/6/4
f 599/6/4 370/6/4 4928/6/4
f 854/16/4 3227/16/4 851/16/4
f 851/16/4 3227/16/4 3226/16/4
f 862/16/4 3231/16/4 859/16/4
f 859/16/4 3231/16/4 3230/16/4
f 886/16/4 3249/16/4 3272/16/4
f 3272/16/4 3249/16/4 907/16/4
f 1082/6/4 1038/6/4 1078/6/4
f 1078/6/4 1038/6/4 1037/6/4
f 1079/6/4 1036/6/4 3496/6/4
f 3496/6/4 1036/6/4 3448/6/4
f 5145/16/4 5123/16/4 5146/16/4
f 5146/16/4 5123/16/4 3510/16/4
f 1157/17/4 3451/17/4 1154/17/4
f 1154/17/4 3451/17/4 1204/17/4
f 5147/7/4 1174/7/4 5148/7/4
f 5148/7/4 1174/7/4 1173/7/4
f 1212/16/4 3547/16/4 1209/16/4
f 1209/16/4 3547/16/4 3546/16/4
f 1220/16/4 3551/16/4 1217/16/4
f 1217/16/4 3551/16/4 3550/16/4
f 1290/17/4 5149/17/4 1287/17/4
f 1287/17/4 5149/17/4 1352/17/4
f 1274/16/4 3592/16/4 3640/16/4
f 3640/16/4 3592/16/4 1300/16/4
f 5150/16/4 5132/16/4 5151/16/4
f 5151/16/4 5132/16/4 3880/16/4
f 5152/7/4 1611/7/4 5153/7/4
f 5153/7/4 1611/7/4 1610/7/4
f 1708/17/4 3912/17/4 1705/17/4
f 1705/17/4 3912/17/4 3971/17/4
f 1797/6/4 4094/6/4 1794/6/4
f 1794/6/4 4094/6/4 5139/6/4
f 1852/6/4 5135/6/4 1849/6/4
f 1849/6/4 5135/6/4 5136/6/4
f 1874/6/4 5137/6/4 1871/6/4
f 1871/6/4 5137/6/4 5138/6/4
f 4237/14/4 2090/14/4 4238/14/4
f 4238/14/4 2090/14/4 2089/14/4
f 5154/14/4 2127/14/4 5155/14/4
f 5155/14/4 2127/14/4 2126/14/4
f 2202/16/4 4328/16/4 2199/16/4
f 2199/16/4 4328/16/4 4327/16/4
f 2210/16/4 4332/16/4 2207/16/4
f 2207/16/4 4332/16/4 4331/16/4
f 2230/16/4 4344/16/4 2227/16/4
f 2227/16/4 4344/16/4 4343/16/4
f 5156/14/4 5140/14/4 5157/14/4
f 5157/14/4 5140/14/4 5141/14/4
f 4589/7/4 2470/7/4 4590/7/4
f 4590/7/4 2470/7/4 5142/7/4
f 2551/16/4 4644/16/4 5158/16/4
f 5158/16/4 4644/16/4 2575/16/4
f 2613/16/4 4682/16/4 2610/16/4
f 2610/16/4 4682/16/4 4681/16/4
f 2610/16/4 5143/16/4 4732/16/4
f 4732/16/4 5143/16/4 5144/16/4
f 492/6/4 601/6/4 489/6/4
f 489/6/4 601/6/4 4948/6/4
f 913/16/4 3271/16/4 910/16/4
f 910/16/4 3271/16/4 3270/16/4
f 910/16/4 906/16/4 3330/16/4
f 3330/16/4 906/16/4 991/16/4
f 1115/6/4 1081/6/4 1111/6/4
f 1111/6/4 1081/6/4 1080/6/4
f 5159/16/4 3425/16/4 5160/16/4
f 5160/16/4 3425/16/4 3424/16/4
f 5161/7/4 5145/7/4 3514/7/4
f 3514/7/4 5145/7/4 5146/7/4
f 1112/6/4 1076/6/4 3527/6/4
f 3527/6/4 1076/6/4 3495/6/4
f 3515/16/4 5147/16/4 1224/16/4
f 1224/16/4 5147/16/4 5148/16/4
f 3505/17/4 1154/17/4 3528/17/4
f 3528/17/4 1154/17/4 3533/17/4
f 1224/16/4 1173/16/4 1221/16/4
f 1221/16/4 1173/16/4 3554/16/4
f 1234/16/4 1227/16/4 1231/16/4
f 1231/16/4 1227/16/4 1226/16/4
f 1306/16/4 3639/16/4 1303/16/4
f 1303/16/4 3639/16/4 3638/16/4
f 1303/16/4 1299/16/4 3711/16/4
f 3711/16/4 1299/16/4 1401/16/4
f 5162/16/4 3800/16/4 5163/16/4
f 5163/16/4 3800/16/4 3799/16/4
f 5164/7/4 5150/7/4 3884/7/4
f 3884/7/4 5150/7/4 5151/7/4
f 3885/16/4 5152/16/4 1682/16/4
f 1682/16/4 5152/16/4 5153/16/4
f 3902/17/4 3913/17/4 3903/17/4
f 3903/17/4 3913/17/4 3912/17/4
f 1682/16/4 1610/16/4 1679/16/4
f 1679/16/4 1610/16/4 3929/16/4
f 1692/16/4 1685/16/4 1689/16/4
f 1689/16/4 1685/16/4 1684/16/4
f 1743/6/4 3970/6/4 1740/6/4
f 1740/6/4 3970/6/4 3969/6/4
f 1763/6/4 1807/6/4 1760/6/4
f 1760/6/4 1807/6/4 1830/6/4
f 1776/6/4 1832/6/4 1773/6/4
f 1773/6/4 1832/6/4 1840/6/4
f 2118/4/4 4236/4/4 2115/4/4
f 2115/4/4 4236/4/4 4235/4/4
f 4260/4/4 5154/4/4 4261/4/4
f 4261/4/4 5154/4/4 5155/4/4
f 5165/4/4 5166/4/4 5167/4/4
f 5167/4/4 5166/4/4 5157/4/4
f 5168/16/4 2449/16/4 5169/16/4
f 5169/16/4 2449/16/4 4906/16/4
f 2426/16/4 2400/16/4 2423/16/4
f 2423/16/4 2400/16/4 4534/16/4
f 2493/16/4 4588/16/4 2490/16/4
f 2490/16/4 4588/16/4 4587/16/4
f 2555/16/4 2550/16/4 2552/16/4
f 2552/16/4 2550/16/4 2549/16/4
f 5170/7/4 2548/7/4 5171/7/4
f 5171/7/4 2548/7/4 5158/7/4
f 5172/16/4 2612/16/4 5173/16/4
f 5173/16/4 2612/16/4 2611/16/4
f 2665/16/4 4731/16/4 2662/16/4
f 2662/16/4 4731/16/4 4730/16/4
f 858/16/4 853/16/4 855/16/4
f 855/16/4 853/16/4 852/16/4
f 953/16/4 3329/16/4 1050/16/4
f 1050/16/4 3329/16/4 3328/16/4
f 1050/16/4 990/16/4 1047/16/4
f 1047/16/4 990/16/4 3374/16/4
f 1048/7/4 5159/7/4 3468/7/4
f 3468/7/4 5159/7/4 5160/7/4
f 1168/6/4 1114/6/4 1164/6/4
f 1164/6/4 1114/6/4 1113/6/4
f 3469/16/4 5161/16/4 1176/16/4
f 1176/16/4 5161/16/4 3513/16/4
f 1161/6/4 1109/6/4 3571/6/4
f 3571/6/4 1109/6/4 3526/6/4
f 1165/6/4 1110/6/4 3539/6/4
f 3539/6/4 1110/6/4 3540/6/4
f 1216/16/4 1211/16/4 1213/16/4
f 1213/16/4 1211/16/4 1210/16/4
f 1254/17/4 1201/17/4 1251/17/4
f 1251/17/4 1201/17/4 5149/17/4
f 1451/17/4 1349/17/4 5174/17/4
f 5174/17/4 1349/17/4 1447/17/4
f 1368/16/4 3710/16/4 1463/16/4
f 1463/16/4 3710/16/4 3709/16/4
f 5174/17/4 3746/17/4 1448/17/4
f 1448/17/4 3746/17/4 3745/17/4
f 1463/16/4 1400/16/4 1460/16/4
f 1460/16/4 1400/16/4 3756/16/4
f 1461/7/4 5162/7/4 3836/7/4
f 3836/7/4 5162/7/4 5163/7/4
f 1581/17/4 5175/17/4 1578/17/4
f 1578/17/4 5175/17/4 3913/17/4
f 3837/16/4 5164/16/4 1613/16/4
f 1613/16/4 5164/16/4 3883/16/4
f 1712/6/4 3942/6/4 1709/6/4
f 1709/6/4 3942/6/4 3941/6/4
f 1722/6/4 3952/6/4 1719/6/4
f 1719/6/4 3952/6/4 3951/6/4
f 1726/6/4 3956/6/4 1723/6/4
f 1723/6/4 3956/6/4 3955/6/4
f 4256/4/4 2117/4/4 4257/4/4
f 4257/4/4 2117/4/4 2116/4/4
f 2206/16/4 2201/16/4 2203/16/4
f 2203/16/4 2201/16/4 2200/16/4
f 5176/4/4 2183/4/4 2246/4/4
f 2246/4/4 2183/4/4 5166/4/4
f 2246/14/4 5165/14/4 2243/14/4
f 2243/14/4 5165/14/4 5167/14/4
f 2281/14/4 4984/14/4 2279/14/4
f 2279/14/4 4984/14/4 4388/14/4
f 5177/7/4 5168/7/4 5178/7/4
f 5178/7/4 5168/7/4 5169/7/4
f 2477/16/4 4574/16/4 5179/16/4
f 5179/16/4 4574/16/4 2491/16/4
f 5180/7/4 5172/7/4 5181/7/4
f 5181/7/4 5172/7/4 5173/7/4
f 890/16/4 885/16/4 887/16/4
f 887/16/4 885/16/4 884/16/4
f 5182/16/4 912/16/4 5183/16/4
f 5183/16/4 912/16/4 911/16/4
f 997/16/4 950/16/4 994/16/4
f 994/16/4 950/16/4 1050/16/4
f 1126/16/4 1048/16/4 1123/16/4
f 1123/16/4 1048/16/4 3467/16/4
f 1183/7/4 1178/7/4 1180/7/4
f 1180/7/4 1178/7/4 1177/7/4
f 1181/16/4 1223/16/4 1229/16/4
f 1229/16/4 1223/16/4 1222/16/4
f 1208/6/4 1158/6/4 3607/6/4
f 3607/6/4 1158/6/4 3570/6/4
f 1278/16/4 1273/16/4 1275/16/4
f 1275/16/4 1273/16/4 1272/16/4
f 3580/17/4 3613/17/4 3608/17/4
f 3608/17/4 3613/17/4 3612/17/4
f 5184/16/4 1305/16/4 5185/16/4
f 5185/16/4 1305/16/4 1304/16/4
f 1407/16/4 1365/16/4 1404/16/4
f 1404/16/4 1365/16/4 1463/16/4
f 3825/17/4 5186/17/4 3826/17/4
f 3826/17/4 5186/17/4 5175/17/4
f 1556/16/4 1461/16/4 1553/16/4
f 1553/16/4 1461/16/4 3835/16/4
f 1620/7/4 1615/7/4 1617/7/4
f 1617/7/4 1615/7/4 1614/7/4
f 1657/6/4 3901/6/4 1654/6/4
f 1654/6/4 3901/6/4 3900/6/4
f 1661/6/4 1714/6/4 1658/6/4
f 1658/6/4 1714/6/4 1718/6/4
f 1618/16/4 1681/16/4 1687/16/4
f 1687/16/4 1681/16/4 1680/16/4
f 2190/4/4 4320/4/4 2187/4/4
f 2187/4/4 4320/4/4 4319/4/4
f 2234/16/4 2229/16/4 2231/16/4
f 2231/16/4 2229/16/4 2228/16/4
f 4437/16/4 2297/16/4 4438/16/4
f 4438/16/4 2297/16/4 2296/16/4
f 5187/16/4 2356/16/4 5188/16/4
f 5188/16/4 2356/16/4 2355/16/4
f 5023/16/4 5177/16/4 2396/16/4
f 2396/16/4 5177/16/4 5178/16/4
f 2497/7/4 2474/7/4 2494/7/4
f 2494/7/4 2474/7/4 5179/7/4
f 2563/16/4 2554/16/4 2560/16/4
f 2560/16/4 2554/16/4 2553/16/4
f 2581/16/4 5170/16/4 2578/16/4
f 2578/16/4 5170/16/4 5171/16/4
f 2669/16/4 2664/16/4 2666/16/4
f 2666/16/4 2664/16/4 2663/16/4
f 5189/7/4 5182/7/4 956/7/4
f 956/7/4 5182/7/4 5183/7/4
f 957/16/4 952/16/4 954/16/4
f 954/16/4 952/16/4 951/16/4
f 955/7/4 996/7/4 998/7/4
f 998/7/4 996/7/4 995/7/4
f 1053/16/4 1049/16/4 1051/16/4
f 1051/16/4 1049/16/4 1048/16/4
f 1088/16/4 1125/16/4 1086/16/4
f 1086/16/4 1125/16/4 5190/16/4
f 1086/7/4 5190/7/4 1127/7/4
f 1127/7/4 5190/7/4 1124/7/4
f 1186/16/4 1182/16/4 1184/16/4
f 1184/16/4 1182/16/4 1181/16/4
f 1258/6/4 1205/6/4 3669/6/4
f 3669/6/4 1205/6/4 3606/6/4
f 1262/6/4 3622/6/4 3620/6/4
f 3620/6/4 3622/6/4 3621/6/4
f 1266/6/4 3628/6/4 3626/6/4
f 3626/6/4 3628/6/4 3627/6/4
f 5191/7/4 5184/7/4 1371/7/4
f 1371/7/4 5184/7/4 5185/7/4
f 1356/17/4 1287/17/4 1353/17/4
f 1353/17/4 1287/17/4 3678/17/4
f 1372/16/4 1367/16/4 1369/16/4
f 1369/16/4 1367/16/4 1366/16/4
f 1370/7/4 1406/7/4 1408/7/4
f 1408/7/4 1406/7/4 1405/7/4
f 1466/16/4 1462/16/4 1464/16/4
f 1464/16/4 1462/16/4 1461/16/4
f 1499/17/4 1444/17/4 1496/17/4
f 1496/17/4 1444/17/4 5186/17/4
f 1512/16/4 1555/16/4 1510/16/4
f 1510/16/4 1555/16/4 5192/16/4
f 1510/7/4 5192/7/4 1557/7/4
f 1557/7/4 5192/7/4 1554/7/4
f 1585/6/4 3858/6/4 1582/6/4
f 1582/6/4 3858/6/4 3857/6/4
f 1600/6/4 3869/6/4 1597/6/4
f 1597/6/4 3869/6/4 3868/6/4
f 1623/16/4 1619/16/4 1621/16/4
f 1621/16/4 1619/16/4 1618/16/4
f 2363/7/4 5187/7/4 2360/7/4
f 2360/7/4 5187/7/4 5188/7/4
f 2629/16/4 2560/16/4 5029/16/4
f 5029/16/4 2560/16/4 2582/16/4
f 2617/16/4 5180/16/4 2614/16/4
f 2614/16/4 5180/16/4 5181/16/4
f 971/16/4 916/16/4 963/16/4
f 963/16/4 916/16/4 915/16/4
f 925/7/4 920/7/4 922/7/4
f 922/7/4 920/7/4 919/7/4
f 961/16/4 5189/16/4 958/16/4
f 958/16/4 5189/16/4 955/16/4
f 959/16/4 1000/16/4 1089/16/4
f 1089/16/4 1000/16/4 1087/16/4
f 1091/16/4 1132/16/4 1134/16/4
f 1134/16/4 1132/16/4 1131/16/4
f 1298/6/4 3631/6/4 1295/6/4
f 1295/6/4 3631/6/4 3630/6/4
f 1386/16/4 1309/16/4 1378/16/4
f 1378/16/4 1309/16/4 1308/16/4
f 1318/7/4 1313/7/4 1315/7/4
f 1315/7/4 1313/7/4 1312/7/4
f 1294/6/4 1255/6/4 3739/6/4
f 3739/6/4 1255/6/4 3668/6/4
f 1376/16/4 5191/16/4 1373/16/4
f 1373/16/4 5191/16/4 1370/16/4
f 3680/17/4 3750/17/4 3740/17/4
f 3740/17/4 3750/17/4 3749/17/4
f 1374/16/4 1410/16/4 1513/16/4
f 1513/16/4 1410/16/4 1511/16/4
f 1536/6/4 3824/6/4 1533/6/4
f 1533/6/4 3824/6/4 3823/6/4
f 1540/6/4 1587/6/4 1537/6/4
f 1537/6/4 1587/6/4 1590/6/4
f 1544/6/4 1592/6/4 1541/6/4
f 1541/6/4 1592/6/4 1596/6/4
f 1515/16/4 1562/16/4 1564/16/4
f 1564/16/4 1562/16/4 1561/16/4
f 2095/4/4 4255/4/4 2092/4/4
f 2092/4/4 4255/4/4 4254/4/4
f 2122/4/4 2102/4/4 2119/4/4
f 2119/4/4 2102/4/4 2101/4/4
f 2194/4/4 4324/4/4 2191/4/4
f 2191/4/4 4324/4/4 4323/4/4
f 2191/11/4 5176/11/4 2213/11/4
f 2213/11/4 5176/11/4 2246/11/4
f 2254/16/4 2352/16/4 2251/16/4
f 2251/16/4 2352/16/4 4943/16/4
f 2262/7/4 2257/7/4 2259/7/4
f 2259/7/4 2257/7/4 2256/7/4
f 2625/16/4 2616/16/4 2622/16/4
f 2622/16/4 2616/16/4 2615/16/4
f 2672/16/4 2668/16/4 2670/16/4
f 2670/16/4 2668/16/4 2667/16/4
f 977/16/4 5025/16/4 974/16/4
f 974/16/4 5025/16/4 969/16/4
f 1006/16/4 962/16/4 1004/16/4
f 1004/16/4 962/16/4 1058/16/4
f 1005/16/4 1007/16/4 1095/16/4
f 1095/16/4 1007/16/4 1091/16/4
f 1392/16/4 5027/16/4 1389/16/4
f 1389/16/4 5027/16/4 1384/16/4
f 1416/16/4 1377/16/4 1414/16/4
f 1414/16/4 1377/16/4 1471/16/4
f 1487/6/4 1291/6/4 5193/6/4
f 5193/6/4 1291/6/4 3738/6/4
f 5193/6/4 3783/6/4 1485/6/4
f 1485/6/4 3783/6/4 3782/6/4
f 1506/6/4 3797/6/4 1503/6/4
f 1503/6/4 3797/6/4 3796/6/4
f 1415/16/4 1417/16/4 1519/16/4
f 1519/16/4 1417/16/4 1515/16/4
f 2140/4/4 2131/4/4 2137/4/4
f 2137/4/4 2131/4/4 2130/4/4
f 2138/4/4 5156/4/4 2161/4/4
f 2161/4/4 5156/4/4 2186/4/4
f 2302/16/4 4436/16/4 2299/16/4
f 2299/16/4 4436/16/4 4435/16/4
f 2678/16/4 2622/16/4 2675/16/4
f 2675/16/4 2622/16/4 2671/16/4
f 1455/6/4 1357/6/4 1452/6/4
f 1452/6/4 1357/6/4 1502/6/4
f 4537/10/5 2429/10/5 4273/10/5
f 4273/10/5 2429/10/5 2147/10/5
f 4580/10/5 2479/10/5 4577/10/5
f 4577/10/5 2479/10/5 2478/10/5
f 4676/10/5 2595/10/5 4673/10/5
f 4673/10/5 2595/10/5 2594/10/5
f 2957/16/5 229/16/5 2857/16/5
f 2857/16/5 229/16/5 228/16/5
f 4072/16/5 1728/16/5 3959/16/5
f 3959/16/5 1728/16/5 1727/16/5
f 4538/10/5 2428/10/5 4536/10/5
f 4536/10/5 2428/10/5 2427/10/5
f 496/16/5 377/16/5 2916/16/5
f 2916/16/5 377/16/5 376/16/5
f 1878/16/5 1778/16/5 3977/16/5
f 3977/16/5 1778/16/5 1777/16/5
f 4713/10/5 2643/10/5 4440/10/5
f 4440/10/5 2643/10/5 2310/10/5
f 4625/10/5 2525/10/5 4622/10/5
f 4622/10/5 2525/10/5 2524/10/5
f 495/7/5 5051/7/5 496/7/5
f 496/7/5 5051/7/5 5194/7/5
f 1877/7/5 5058/7/5 1878/7/5
f 1878/7/5 5058/7/5 5195/7/5
f 5051/16/5 2960/16/5 5194/16/5
f 5194/16/5 2960/16/5 377/16/5
f 5058/16/5 1781/16/5 5195/16/5
f 5195/16/5 1781/16/5 1778/16/5
f 2961/16/5 498/16/5 2959/16/5
f 2959/16/5 498/16/5 497/16/5
f 4075/16/5 1880/16/5 4074/16/5
f 4074/16/5 1880/16/5 1879/16/5
f 499/16/5 5196/16/5 500/16/5
f 500/16/5 5196/16/5 141/16/5
f 2963/16/5 3035/16/5 2956/16/5
f 2956/16/5 3035/16/5 493/16/5
f 4077/16/5 4113/16/5 4071/16/5
f 4071/16/5 4113/16/5 1875/16/5
f 605/16/5 3037/16/5 606/16/5
f 606/16/5 3037/16/5 2961/16/5
f 1926/16/5 4115/16/5 1927/16/5
f 1927/16/5 4115/16/5 4075/16/5
f 4569/14/5 5084/14/5 4566/14/5
f 4566/14/5 5084/14/5 2462/14/5
f 609/16/5 608/16/5 5197/16/5
f 5197/16/5 608/16/5 607/16/5
f 382/16/5 232/16/5 383/16/5
f 383/16/5 232/16/5 231/16/5
f 3110/16/5 711/16/5 3108/16/5
f 3108/16/5 711/16/5 710/16/5
f 4137/16/5 1954/16/5 4135/16/5
f 4135/16/5 1954/16/5 1953/16/5
f 712/16/5 3112/16/5 3034/16/5
f 3034/16/5 3112/16/5 603/16/5
f 1955/16/5 4139/16/5 4112/16/5
f 4112/16/5 4139/16/5 1924/16/5
f 2432/4/5 4541/4/5 2433/4/5
f 2433/4/5 4541/4/5 4540/4/5
f 2484/4/5 4583/4/5 2485/4/5
f 2485/4/5 4583/4/5 4582/4/5
f 3113/16/5 715/16/5 3111/16/5
f 3111/16/5 715/16/5 714/16/5
f 4140/16/5 1958/16/5 4138/16/5
f 4138/16/5 1958/16/5 1957/16/5
f 2173/14/5 4310/14/5 2174/14/5
f 2174/14/5 4310/14/5 4309/14/5
f 2277/4/5 4386/4/5 2278/4/5
f 2278/4/5 4386/4/5 4385/4/5
f 1549/16/5 1546/16/5 1670/16/5
f 1670/16/5 1546/16/5 1545/16/5
f 611/16/5 503/16/5 612/16/5
f 612/16/5 503/16/5 502/16/5
f 2464/11/5 2212/11/5 5081/11/5
f 5081/11/5 2212/11/5 2211/11/5
f 2512/4/5 4613/4/5 2513/4/5
f 2513/4/5 4613/4/5 4612/4/5
f 504/16/5 385/16/5 381/16/5
f 381/16/5 385/16/5 384/16/5
f 2645/13/5 2529/13/5 2646/13/5
f 2646/13/5 2529/13/5 2528/13/5
f 239/16/5 236/16/5 232/16/5
f 232/16/5 236/16/5 235/16/5
f 3039/16/5 3040/16/5 3038/16/5
f 3038/16/5 3040/16/5 712/16/5
f 4117/16/5 4118/16/5 4116/16/5
f 4116/16/5 4118/16/5 1955/16/5
f 3040/7/5 615/7/5 712/7/5
f 712/7/5 615/7/5 3112/7/5
f 4118/7/5 1937/7/5 1955/7/5
f 1955/7/5 1937/7/5 4139/7/5
f 615/16/5 3043/16/5 3112/16/5
f 3112/16/5 3043/16/5 716/16/5
f 1937/16/5 4121/16/5 4139/16/5
f 4139/16/5 4121/16/5 1959/16/5
f 619/16/5 614/16/5 610/16/5
f 610/16/5 614/16/5 613/16/5
f 507/16/5 506/16/5 503/16/5
f 503/16/5 506/16/5 505/16/5
f 3042/16/5 616/16/5 3040/16/5
f 3040/16/5 616/16/5 615/16/5
f 4120/16/5 1938/16/5 4118/16/5
f 4118/16/5 1938/16/5 1937/16/5
f 617/7/5 513/7/5 618/7/5
f 618/7/5 513/7/5 3044/7/5
f 1939/7/5 1889/7/5 1940/7/5
f 1940/7/5 1889/7/5 4122/7/5
f 3045/16/5 620/16/5 3036/16/5
f 3036/16/5 620/16/5 5197/16/5
f 4123/16/5 1941/16/5 4114/16/5
f 4114/16/5 1941/16/5 1928/16/5
f 621/16/5 508/16/5 622/16/5
f 622/16/5 508/16/5 507/16/5
f 2072/4/5 5198/4/5 2173/4/5
f 2173/4/5 5198/4/5 2080/4/5
f 246/16/5 243/16/5 389/16/5
f 389/16/5 243/16/5 240/16/5
f 2969/16/5 510/16/5 2964/16/5
f 2964/16/5 510/16/5 3041/16/5
f 4083/16/5 1886/16/5 4078/16/5
f 4078/16/5 1886/16/5 4119/16/5
f 2971/16/5 514/16/5 617/16/5
f 617/16/5 514/16/5 513/16/5
f 4085/16/5 1890/16/5 1939/16/5
f 1939/16/5 1890/16/5 1889/16/5
f 515/16/5 391/16/5 516/16/5
f 516/16/5 391/16/5 390/16/5
f 1891/16/5 1784/16/5 1892/16/5
f 1892/16/5 1784/16/5 1783/16/5
f 392/16/5 247/16/5 393/16/5
f 393/16/5 247/16/5 246/16/5
f 2863/16/5 2918/16/5 2860/16/5
f 2860/16/5 2918/16/5 2917/16/5
f 3965/16/5 3979/16/5 3962/16/5
f 3962/16/5 3979/16/5 3978/16/5
f 2919/16/5 395/16/5 512/16/5
f 512/16/5 395/16/5 2970/16/5
f 3980/16/5 1787/16/5 1888/16/5
f 1888/16/5 1787/16/5 4084/16/5
f 396/7/5 250/7/5 397/7/5
f 397/7/5 250/7/5 249/7/5
f 1788/7/5 1734/7/5 1789/7/5
f 1789/7/5 1734/7/5 1733/7/5
f 3687/16/5 1362/16/5 3684/16/5
f 3684/16/5 1362/16/5 1361/16/5
f 3800/16/5 1457/16/5 3758/16/5
f 3758/16/5 1457/16/5 1456/16/5
f 1458/16/5 1401/16/5 1459/16/5
f 1459/16/5 1401/16/5 1400/16/5
f 3757/16/5 1461/16/5 3756/16/5
f 3756/16/5 1461/16/5 1460/16/5
f 1462/16/5 5199/16/5 1463/16/5
f 1463/16/5 5199/16/5 1404/16/5
f 2973/16/5 254/16/5 2864/16/5
f 2864/16/5 254/16/5 253/16/5
f 520/16/5 399/16/5 2920/16/5
f 2920/16/5 399/16/5 398/16/5
f 3714/16/5 3760/16/5 3712/16/5
f 3712/16/5 3760/16/5 5200/16/5
f 3801/16/5 5164/16/5 3799/16/5
f 3799/16/5 5164/16/5 5163/16/5
f 5164/7/5 3837/7/5 5163/7/5
f 5163/7/5 3837/7/5 3836/7/5
f 1406/16/5 1370/16/5 5201/16/5
f 5201/16/5 1370/16/5 1369/16/5
f 1555/16/5 1512/16/5 1556/16/5
f 1556/16/5 1512/16/5 1464/16/5
f 3804/13/5 1508/13/5 3802/13/5
f 3802/13/5 1508/13/5 1507/13/5
f 519/7/5 5052/7/5 520/7/5
f 520/7/5 5052/7/5 5202/7/5
f 5052/16/5 2976/16/5 5202/16/5
f 5202/16/5 2976/16/5 399/16/5
f 2977/16/5 522/16/5 2975/16/5
f 2975/16/5 522/16/5 521/16/5
f 523/16/5 5203/16/5 524/16/5
f 524/16/5 5203/16/5 161/16/5
f 2076/4/5 5204/4/5 4229/4/5
f 4229/4/5 5204/4/5 5198/4/5
f 3765/16/5 3807/16/5 3762/16/5
f 3762/16/5 3807/16/5 3806/16/5
f 3887/16/5 5205/16/5 3838/16/5
f 3838/16/5 5205/16/5 5118/16/5
f 5205/7/5 3881/7/5 5118/7/5
f 5118/7/5 3881/7/5 3880/7/5
f 1611/16/5 5152/16/5 1612/16/5
f 1612/16/5 5152/16/5 5151/16/5
f 5152/7/5 3885/7/5 5151/7/5
f 5151/7/5 3885/7/5 3884/7/5
f 1615/16/5 1620/16/5 3835/16/5
f 3835/16/5 1620/16/5 1553/16/5
f 1620/7/5 1558/7/5 1554/7/5
f 1554/7/5 1558/7/5 1557/7/5
f 1410/16/5 1374/16/5 1370/16/5
f 1370/16/5 1374/16/5 1373/16/5
f 2979/16/5 3047/16/5 2972/16/5
f 2972/16/5 3047/16/5 517/16/5
f 3768/13/5 1468/13/5 3766/13/5
f 3766/13/5 1468/13/5 1467/13/5
f 625/16/5 3049/16/5 626/16/5
f 626/16/5 3049/16/5 2977/16/5
f 629/16/5 628/16/5 5206/16/5
f 5206/16/5 628/16/5 627/16/5
f 4234/4/5 2081/4/5 4232/4/5
f 4232/4/5 2081/4/5 5204/4/5
f 404/16/5 257/16/5 405/16/5
f 405/16/5 257/16/5 256/16/5
f 3810/16/5 3839/16/5 3809/16/5
f 3809/16/5 3839/16/5 3808/16/5
f 3888/16/5 1686/16/5 3886/16/5
f 3886/16/5 1686/16/5 3882/16/5
f 1686/16/5 3930/16/5 3879/16/5
f 3879/16/5 3930/16/5 1609/16/5
f 3931/16/5 1680/16/5 3929/16/5
f 3929/16/5 1680/16/5 1679/16/5
f 1681/16/5 5207/16/5 3883/16/5
f 3883/16/5 5207/16/5 1613/16/5
f 5207/7/5 1618/7/5 1614/7/5
f 1614/7/5 1618/7/5 1617/7/5
f 1619/16/5 1623/16/5 1620/16/5
f 1620/16/5 1623/16/5 1558/16/5
f 3116/16/5 719/16/5 3114/16/5
f 3114/16/5 719/16/5 718/16/5
f 3842/2/5 1560/2/5 3841/2/5
f 3841/2/5 1560/2/5 1559/2/5
f 720/16/5 3118/16/5 3046/16/5
f 3046/16/5 3118/16/5 623/16/5
f 3119/16/5 723/16/5 3117/16/5
f 3117/16/5 723/16/5 722/16/5
f 1518/13/5 5208/13/5 1468/13/5
f 1468/13/5 5208/13/5 5069/13/5
f 5209/4/5 2096/4/5 2077/4/5
f 2077/4/5 2096/4/5 4234/4/5
f 631/16/5 527/16/5 632/16/5
f 632/16/5 527/16/5 526/16/5
f 528/16/5 407/16/5 403/16/5
f 403/16/5 407/16/5 406/16/5
f 2096/11/5 2085/11/5 4234/11/5
f 4234/11/5 2085/11/5 2084/11/5
f 264/16/5 261/16/5 257/16/5
f 257/16/5 261/16/5 260/16/5
f 3844/16/5 3890/16/5 3843/16/5
f 3843/16/5 3890/16/5 3933/16/5
f 3934/16/5 1684/16/5 3932/16/5
f 3932/16/5 1684/16/5 1683/16/5
f 1685/7/5 5210/7/5 1686/7/5
f 1686/7/5 5210/7/5 3930/7/5
f 5210/16/5 1692/16/5 3930/16/5
f 3930/16/5 1692/16/5 1681/16/5
f 1689/16/5 1688/16/5 1680/16/5
f 1680/16/5 1688/16/5 1687/16/5
f 1624/16/5 1622/16/5 1618/16/5
f 1618/16/5 1622/16/5 1621/16/5
f 1562/16/5 1515/16/5 1511/16/5
f 1511/16/5 1515/16/5 1513/16/5
f 1417/16/5 1415/16/5 1471/16/5
f 1471/16/5 1415/16/5 1414/16/5
f 3051/16/5 3052/16/5 3050/16/5
f 3050/16/5 3052/16/5 720/16/5
f 3845/13/5 1563/13/5 3842/13/5
f 3842/13/5 1563/13/5 1560/13/5
f 3052/7/5 635/7/5 720/7/5
f 720/7/5 635/7/5 3118/7/5
f 635/16/5 3055/16/5 3118/16/5
f 3118/16/5 3055/16/5 724/16/5
f 1472/2/5 5211/2/5 1518/2/5
f 1518/2/5 5211/2/5 5208/2/5
f 639/16/5 634/16/5 630/16/5
f 630/16/5 634/16/5 633/16/5
f 531/16/5 530/16/5 527/16/5
f 527/16/5 530/16/5 529/16/5
f 5211/2/5 3772/2/5 5069/2/5
f 5069/2/5 3772/2/5 3811/2/5
f 3851/16/5 3848/16/5 3813/16/5
f 3813/16/5 3848/16/5 3847/16/5
f 3849/7/5 5212/7/5 3846/7/5
f 3846/7/5 5212/7/5 3890/7/5
f 3936/16/5 1696/16/5 3889/16/5
f 3889/16/5 1696/16/5 1685/16/5
f 1693/16/5 1690/16/5 1684/16/5
f 1684/16/5 1690/16/5 1689/16/5
f 5213/7/5 1625/7/5 5214/7/5
f 5214/7/5 1625/7/5 1624/7/5
f 1566/16/5 1565/16/5 1561/16/5
f 1561/16/5 1565/16/5 1564/16/5
f 1521/16/5 1520/16/5 1515/16/5
f 1515/16/5 1520/16/5 1519/16/5
f 3771/13/5 1473/13/5 3769/13/5
f 3769/13/5 1473/13/5 1472/13/5
f 3054/16/5 636/16/5 3052/16/5
f 3052/16/5 636/16/5 635/16/5
f 637/7/5 537/7/5 638/7/5
f 638/7/5 537/7/5 3056/7/5
f 3057/16/5 640/16/5 3048/16/5
f 3048/16/5 640/16/5 5206/16/5
f 641/16/5 532/16/5 642/16/5
f 642/16/5 532/16/5 531/16/5
f 271/16/5 268/16/5 411/16/5
f 411/16/5 268/16/5 265/16/5
f 3852/16/5 1633/16/5 3850/16/5
f 3850/16/5 1633/16/5 5212/16/5
f 3937/16/5 1694/16/5 3935/16/5
f 3935/16/5 1694/16/5 1693/16/5
f 3940/16/5 1698/16/5 3938/16/5
f 3938/16/5 1698/16/5 1697/16/5
f 1699/7/5 4983/7/5 1700/7/5
f 1700/7/5 4983/7/5 1691/7/5
f 4983/16/5 5215/16/5 1692/16/5
f 1692/16/5 5215/16/5 5214/16/5
f 5215/16/5 1628/16/5 5213/16/5
f 5213/16/5 1628/16/5 1625/16/5
f 1393/16/5 1390/16/5 1384/16/5
f 1384/16/5 1390/16/5 1389/16/5
f 5028/16/5 1476/16/5 1524/16/5
f 1524/16/5 1476/16/5 1475/16/5
f 2985/16/5 534/16/5 2980/16/5
f 2980/16/5 534/16/5 3053/16/5
f 3726/2/5 1422/2/5 3770/2/5
f 3770/2/5 1422/2/5 1474/2/5
f 2987/16/5 538/16/5 637/16/5
f 637/16/5 538/16/5 537/16/5
f 539/16/5 413/16/5 540/16/5
f 540/16/5 413/16/5 412/16/5
f 414/16/5 272/16/5 415/16/5
f 415/16/5 272/16/5 271/16/5
f 3729/16/5 3775/16/5 3722/16/5
f 3722/16/5 3775/16/5 3892/16/5
f 3893/16/5 1631/16/5 3891/16/5
f 3891/16/5 1631/16/5 1630/16/5
f 1632/7/5 3853/7/5 1633/7/5
f 1633/7/5 3853/7/5 3894/7/5
f 3895/16/5 1635/16/5 1696/16/5
f 1696/16/5 1635/16/5 3939/16/5
f 1570/16/5 4981/16/5 4957/16/5
f 4957/16/5 4981/16/5 4982/16/5
f 4981/7/5 5005/7/5 4982/7/5
f 4982/7/5 5005/7/5 5216/7/5
f 5005/16/5 5217/16/5 5216/16/5
f 5216/16/5 5217/16/5 1629/16/5
f 5217/16/5 1567/16/5 1627/16/5
f 1627/16/5 1567/16/5 1561/16/5
f 1426/16/5 1394/16/5 1427/16/5
f 1427/16/5 1394/16/5 1393/16/5
f 1568/16/5 1522/16/5 1569/16/5
f 1569/16/5 1522/16/5 1521/16/5
f 2870/16/5 2922/16/5 2867/16/5
f 2867/16/5 2922/16/5 2921/16/5
f 2923/16/5 417/16/5 536/16/5
f 536/16/5 417/16/5 2986/16/5
f 418/7/5 275/7/5 419/7/5
f 419/7/5 275/7/5 274/7/5
f 3650/16/5 1324/16/5 4879/16/5
f 4879/16/5 1324/16/5 1323/16/5
f 3777/16/5 3820/16/5 3774/16/5
f 3774/16/5 3820/16/5 3819/16/5
f 3821/16/5 3855/16/5 3818/16/5
f 3818/16/5 3855/16/5 3854/16/5
f 3856/16/5 5218/16/5 3853/16/5
f 3853/16/5 5218/16/5 1636/16/5
f 5218/16/5 1571/16/5 1637/16/5
f 1637/16/5 1571/16/5 4957/16/5
f 1529/16/5 1526/16/5 4980/16/5
f 4980/16/5 1526/16/5 1525/16/5
f 2100/4/5 2093/4/5 5219/4/5
f 5219/4/5 2093/4/5 2092/4/5
f 4210/10/5 2043/10/5 4168/10/5
f 4168/10/5 2043/10/5 1992/10/5
f 2104/4/5 4243/4/5 2073/4/5
f 2073/4/5 4243/4/5 4231/4/5
f 4243/14/5 2097/14/5 5209/14/5
f 5209/14/5 2097/14/5 2096/14/5
f 4242/11/5 5220/11/5 4239/11/5
f 4239/11/5 5220/11/5 2088/11/5
f 3781/16/5 1482/16/5 3778/16/5
f 3778/16/5 1482/16/5 1481/16/5
f 3822/16/5 1530/16/5 1573/16/5
f 1573/16/5 1530/16/5 4980/16/5
f 1483/16/5 1433/16/5 1484/16/5
f 1484/16/5 1433/16/5 1432/16/5
f 1434/16/5 1397/16/5 1435/16/5
f 1435/16/5 1397/16/5 1396/16/5
f 4249/11/5 2112/11/5 4246/11/5
f 4246/11/5 2112/11/5 2111/11/5
f 4253/11/5 5221/11/5 4250/11/5
f 4250/11/5 5221/11/5 4242/11/5
f 2125/14/5 4959/14/5 2089/14/5
f 2089/14/5 4959/14/5 4238/14/5
f 4959/4/5 2116/4/5 4235/4/5
f 4235/4/5 2116/4/5 2115/4/5
f 2129/4/5 2120/4/5 2101/4/5
f 2101/4/5 2120/4/5 2119/4/5
f 2989/16/5 279/16/5 2871/16/5
f 2871/16/5 279/16/5 278/16/5
f 544/16/5 421/16/5 2924/16/5
f 2924/16/5 421/16/5 420/16/5
f 2133/4/5 2123/4/5 2108/4/5
f 2108/4/5 2123/4/5 2112/4/5
f 543/7/5 5053/7/5 544/7/5
f 544/7/5 5053/7/5 5222/7/5
f 4313/4/5 2156/4/5 4266/4/5
f 4266/4/5 2156/4/5 2173/4/5
f 5053/16/5 2992/16/5 5222/16/5
f 5222/16/5 2992/16/5 421/16/5
f 2156/4/5 4278/4/5 2105/4/5
f 2105/4/5 4278/4/5 4245/4/5
f 2993/16/5 546/16/5 2991/16/5
f 2991/16/5 546/16/5 545/16/5
f 4278/4/5 2134/4/5 4243/4/5
f 4243/4/5 2134/4/5 2097/4/5
f 547/16/5 5223/16/5 548/16/5
f 548/16/5 5223/16/5 181/16/5
f 4265/4/5 5224/4/5 4262/4/5
f 4262/4/5 5224/4/5 4259/4/5
f 3299/16/5 947/16/5 3296/16/5
f 3296/16/5 947/16/5 946/16/5
f 3425/16/5 1044/16/5 3376/16/5
f 3376/16/5 1044/16/5 1043/16/5
f 5224/4/5 5225/4/5 4253/4/5
f 4253/4/5 5225/4/5 5221/4/5
f 1045/16/5 991/16/5 1046/16/5
f 1046/16/5 991/16/5 990/16/5
f 5225/4/5 5140/4/5 4242/4/5
f 4242/4/5 5140/4/5 5220/4/5
f 5140/14/5 5156/14/5 2126/14/5
f 2126/14/5 5156/14/5 5155/14/5
f 5156/4/5 5226/4/5 5155/4/5
f 5155/4/5 5226/4/5 4261/4/5
f 3375/16/5 1048/16/5 3374/16/5
f 3374/16/5 1048/16/5 1047/16/5
f 5226/4/5 5227/4/5 2116/4/5
f 2116/4/5 5227/4/5 4257/4/5
f 1049/16/5 5228/16/5 1050/16/5
f 1050/16/5 5228/16/5 994/16/5
f 5227/4/5 4269/4/5 4254/4/5
f 4254/4/5 4269/4/5 5219/4/5
f 4269/4/5 2138/4/5 2130/4/5
f 2130/4/5 2138/4/5 2137/4/5
f 2995/16/5 3059/16/5 2988/16/5
f 2988/16/5 3059/16/5 541/16/5
f 4586/4/5 4597/4/5 4585/4/5
f 4585/4/5 4597/4/5 4596/4/5
f 645/16/5 3061/16/5 646/16/5
f 646/16/5 3061/16/5 2993/16/5
f 2155/14/5 4279/14/5 2156/14/5
f 2156/14/5 4279/14/5 4278/14/5
f 2453/4/5 4562/4/5 2454/4/5
f 2454/4/5 4562/4/5 4561/4/5
f 2600/4/5 4679/4/5 2601/4/5
f 2601/4/5 4679/4/5 4678/4/5
f 2468/4/5 2519/4/5 2469/4/5
f 2469/4/5 2519/4/5 5083/4/5
f 5229/4/5 5230/4/5 5232/4/5
f 5232/4/5 5230/4/5 5231/4/5
f 649/16/5 648/16/5 5233/16/5
f 5233/16/5 648/16/5 647/16/5
f 426/16/5 282/16/5 427/16/5
f 427/16/5 282/16/5 281/16/5
f 2649/11/5 4722/11/5 2650/11/5
f 2650/11/5 4722/11/5 4721/11/5
f 2159/14/5 4283/14/5 2160/14/5
f 2160/14/5 4283/14/5 4282/14/5
f 2316/13/5 4360/13/5 2317/13/5
f 2317/13/5 4360/13/5 4359/13/5
f 2519/11/5 2456/11/5 5083/11/5
f 5083/11/5 2456/11/5 2455/11/5
f 3333/16/5 3378/16/5 3331/16/5
f 3331/16/5 3378/16/5 5234/16/5
f 4361/13/5 4905/13/5 4358/13/5
f 4358/13/5 4905/13/5 5120/13/5
f 2181/4/5 4317/4/5 2182/4/5
f 2182/4/5 4317/4/5 4316/4/5
f 4905/4/5 4942/4/5 5120/4/5
f 5120/4/5 4942/4/5 5141/4/5
f 4942/14/5 4961/14/5 5141/14/5
f 5141/14/5 4961/14/5 5157/14/5
f 3426/16/5 5161/16/5 3424/16/5
f 3424/16/5 5161/16/5 5160/16/5
f 2185/4/5 4321/4/5 2186/4/5
f 2186/4/5 4321/4/5 4320/4/5
f 4961/4/5 4984/4/5 5157/4/5
f 5157/4/5 4984/4/5 5167/4/5
f 5161/7/5 3469/7/5 5160/7/5
f 5160/7/5 3469/7/5 3468/7/5
f 4984/14/5 2281/14/5 5167/14/5
f 5167/14/5 2281/14/5 2243/14/5
f 996/16/5 955/16/5 5235/16/5
f 5235/16/5 955/16/5 954/16/5
f 1125/16/5 1088/16/5 1126/16/5
f 1126/16/5 1088/16/5 1051/16/5
f 2189/4/5 4325/4/5 2190/4/5
f 2190/4/5 4325/4/5 4324/4/5
f 5008/11/5 2214/11/5 2246/11/5
f 2246/11/5 2214/11/5 2213/11/5
f 2193/4/5 2162/4/5 2194/4/5
f 2194/4/5 2162/4/5 2161/4/5
f 3122/16/5 727/16/5 3120/16/5
f 3120/16/5 727/16/5 726/16/5
f 3429/13/5 1084/13/5 3427/13/5
f 3427/13/5 1084/13/5 1083/13/5
f 728/16/5 3124/16/5 3058/16/5
f 3058/16/5 3124/16/5 643/16/5
f 3125/16/5 731/16/5 3123/16/5
f 3123/16/5 731/16/5 730/16/5
f 4617/14/5 2517/14/5 4615/14/5
f 4615/14/5 2517/14/5 2516/14/5
f 4643/14/5 2541/14/5 4640/14/5
f 4640/14/5 2541/14/5 2540/14/5
f 651/16/5 551/16/5 652/16/5
f 652/16/5 551/16/5 550/16/5
f 2052/2/5 2049/2/5 5236/2/5
f 5236/2/5 2049/2/5 2048/2/5
f 552/16/5 429/16/5 425/16/5
f 425/16/5 429/16/5 428/16/5
f 289/16/5 286/16/5 282/16/5
f 282/16/5 286/16/5 285/16/5
f 3383/16/5 3432/16/5 3380/16/5
f 3380/16/5 3432/16/5 3431/16/5
f 3517/16/5 5237/16/5 3470/16/5
f 3470/16/5 5237/16/5 5116/16/5
f 5237/7/5 3511/7/5 5116/7/5
f 5116/7/5 3511/7/5 3510/7/5
f 1174/16/5 5147/16/5 1175/16/5
f 1175/16/5 5147/16/5 5146/16/5
f 5147/7/5 3515/7/5 5146/7/5
f 5146/7/5 3515/7/5 3514/7/5
f 4391/14/5 2280/14/5 4388/14/5
f 4388/14/5 2280/14/5 2279/14/5
f 1178/16/5 1183/16/5 3467/16/5
f 3467/16/5 1183/16/5 1123/16/5
f 1183/7/5 1128/7/5 1124/7/5
f 1124/7/5 1128/7/5 1127/7/5
f 1000/16/5 959/16/5 955/16/5
f 955/16/5 959/16/5 958/16/5
f 3063/16/5 3064/16/5 3062/16/5
f 3062/16/5 3064/16/5 728/16/5
f 3386/13/5 1055/13/5 3384/13/5
f 3384/13/5 1055/13/5 1054/13/5
f 4287/10/5 2164/10/5 4285/10/5
f 4285/10/5 2164/10/5 2163/10/5
f 4490/10/5 2377/10/5 4487/10/5
f 4487/10/5 2377/10/5 2376/10/5
f 4602/10/5 2499/10/5 4599/10/5
f 4599/10/5 2499/10/5 2498/10/5
f 4631/10/5 2531/10/5 4628/10/5
f 4628/10/5 2531/10/5 2530/10/5
f 3064/7/5 655/7/5 728/7/5
f 728/7/5 655/7/5 3124/7/5
f 655/16/5 3067/16/5 3124/16/5
f 3124/16/5 3067/16/5 732/16/5
f 659/16/5 654/16/5 650/16/5
f 650/16/5 654/16/5 653/16/5
f 555/16/5 554/16/5 551/16/5
f 551/16/5 554/16/5 553/16/5
f 3435/16/5 3471/16/5 3434/16/5
f 3434/16/5 3471/16/5 3433/16/5
f 3518/16/5 1228/16/5 3516/16/5
f 3516/16/5 1228/16/5 3512/16/5
f 1228/16/5 3555/16/5 3509/16/5
f 3509/16/5 3555/16/5 1172/16/5
f 3556/16/5 1222/16/5 3554/16/5
f 3554/16/5 1222/16/5 1221/16/5
f 1223/16/5 5238/16/5 3513/16/5
f 3513/16/5 5238/16/5 1176/16/5
f 5238/7/5 1181/7/5 1177/7/5
f 1177/7/5 1181/7/5 1180/7/5
f 1182/16/5 1186/16/5 1183/16/5
f 1183/16/5 1186/16/5 1128/16/5
f 3474/2/5 1130/2/5 3473/2/5
f 3473/2/5 1130/2/5 1129/2/5
f 3066/16/5 656/16/5 3064/16/5
f 3064/16/5 656/16/5 655/16/5
f 657/7/5 561/7/5 658/7/5
f 658/7/5 561/7/5 3068/7/5
f 1094/13/5 5239/13/5 1055/13/5
f 1055/13/5 5239/13/5 5067/13/5
f 3069/16/5 660/16/5 3060/16/5
f 3060/16/5 660/16/5 5233/16/5
f 661/16/5 556/16/5 662/16/5
f 662/16/5 556/16/5 555/16/5
f 296/16/5 293/16/5 433/16/5
f 433/16/5 293/16/5 290/16/5
f 3476/16/5 3520/16/5 3475/16/5
f 3475/16/5 3520/16/5 3558/16/5
f 3559/16/5 1226/16/5 3557/16/5
f 3557/16/5 1226/16/5 1225/16/5
f 1227/7/5 5240/7/5 1228/7/5
f 1228/7/5 5240/7/5 3555/7/5
f 5240/16/5 1234/16/5 3555/16/5
f 3555/16/5 1234/16/5 1223/16/5
f 1231/16/5 1230/16/5 1222/16/5
f 1222/16/5 1230/16/5 1229/16/5
f 1187/16/5 1185/16/5 1181/16/5
f 1181/16/5 1185/16/5 1184/16/5
f 1132/16/5 1091/16/5 1087/16/5
f 1087/16/5 1091/16/5 1089/16/5
f 1007/16/5 1005/16/5 1058/16/5
f 1058/16/5 1005/16/5 1004/16/5
f 3001/16/5 558/16/5 2996/16/5
f 2996/16/5 558/16/5 3065/16/5
f 3477/13/5 1133/13/5 3474/13/5
f 3474/13/5 1133/13/5 1130/13/5
f 3003/16/5 562/16/5 657/16/5
f 657/16/5 562/16/5 561/16/5
f 1059/2/5 5241/2/5 1094/2/5
f 1094/2/5 5241/2/5 5239/2/5
f 563/16/5 435/16/5 564/16/5
f 564/16/5 435/16/5 434/16/5
f 436/16/5 297/16/5 437/16/5
f 437/16/5 297/16/5 296/16/5
f 5241/2/5 3390/2/5 5067/2/5
f 5067/2/5 3390/2/5 3436/2/5
f 3483/16/5 3480/16/5 3438/16/5
f 3438/16/5 3480/16/5 3479/16/5
f 3481/7/5 5242/7/5 3478/7/5
f 3478/7/5 5242/7/5 3520/7/5
f 3561/16/5 1238/16/5 3519/16/5
f 3519/16/5 1238/16/5 1227/16/5
f 1235/16/5 1232/16/5 1226/16/5
f 1226/16/5 1232/16/5 1231/16/5
f 5243/7/5 1188/7/5 5244/7/5
f 5244/7/5 1188/7/5 1187/7/5
f 1136/16/5 1135/16/5 1131/16/5
f 1131/16/5 1135/16/5 1134/16/5
f 1097/16/5 1096/16/5 1091/16/5
f 1091/16/5 1096/16/5 1095/16/5
f 2877/16/5 2926/16/5 2874/16/5
f 2874/16/5 2926/16/5 2925/16/5
f 3389/13/5 1060/13/5 3387/13/5
f 3387/13/5 1060/13/5 1059/13/5
f 2927/16/5 439/16/5 560/16/5
f 560/16/5 439/16/5 3002/16/5
f 440/7/5 300/7/5 441/7/5
f 441/7/5 300/7/5 299/7/5
f 3484/16/5 1196/16/5 3482/16/5
f 3482/16/5 1196/16/5 5242/16/5
f 3562/16/5 1236/16/5 3560/16/5
f 3560/16/5 1236/16/5 1235/16/5
f 3565/16/5 1240/16/5 3563/16/5
f 3563/16/5 1240/16/5 1239/16/5
f 1241/7/5 4976/7/5 1242/7/5
f 1242/7/5 4976/7/5 1233/7/5
f 4976/16/5 5245/16/5 1234/16/5
f 1234/16/5 5245/16/5 5244/16/5
f 5245/16/5 1191/16/5 5243/16/5
f 5243/16/5 1191/16/5 1188/16/5
f 978/16/5 975/16/5 969/16/5
f 969/16/5 975/16/5 974/16/5
f 5026/16/5 1063/16/5 1100/16/5
f 1100/16/5 1063/16/5 1062/16/5
f 3345/2/5 1012/2/5 3388/2/5
f 3388/2/5 1012/2/5 1061/2/5
f 3348/16/5 3393/16/5 3341/16/5
f 3341/16/5 3393/16/5 3522/16/5
f 3523/16/5 1194/16/5 3521/16/5
f 3521/16/5 1194/16/5 1193/16/5
f 1195/7/5 3485/7/5 1196/7/5
f 1196/7/5 3485/7/5 3524/7/5
f 3525/16/5 1198/16/5 1238/16/5
f 1238/16/5 1198/16/5 3564/16/5
f 1140/16/5 4974/16/5 4952/16/5
f 4952/16/5 4974/16/5 4975/16/5
f 4974/7/5 4999/7/5 4975/7/5
f 4975/7/5 4999/7/5 5246/7/5
f 4999/16/5 5247/16/5 5246/16/5
f 5246/16/5 5247/16/5 1192/16/5
f 5247/16/5 1137/16/5 1190/16/5
f 1190/16/5 1137/16/5 1131/16/5
f 1016/16/5 979/16/5 1017/16/5
f 1017/16/5 979/16/5 978/16/5
f 1138/16/5 1098/16/5 1139/16/5
f 1139/16/5 1098/16/5 1097/16/5
f 3282/16/5 931/16/5 4876/16/5
f 4876/16/5 931/16/5 930/16/5
f 3395/16/5 3445/16/5 3392/16/5
f 3392/16/5 3445/16/5 3444/16/5
f 3446/16/5 3487/16/5 3443/16/5
f 3443/16/5 3487/16/5 3486/16/5
f 3488/16/5 5248/16/5 3485/16/5
f 3485/16/5 5248/16/5 1199/16/5
f 5248/16/5 1141/16/5 1200/16/5
f 1200/16/5 1141/16/5 4952/16/5
f 1105/16/5 1102/16/5 4973/16/5
f 4973/16/5 1102/16/5 1101/16/5
f 3005/16/5 304/16/5 2878/16/5
f 2878/16/5 304/16/5 303/16/5
f 568/16/5 443/16/5 2928/16/5
f 2928/16/5 443/16/5 442/16/5
f 3399/16/5 1069/16/5 3396/16/5
f 3396/16/5 1069/16/5 1068/16/5
f 1070/16/5 1023/16/5 1071/16/5
f 1071/16/5 1023/16/5 1022/16/5
f 3447/16/5 1106/16/5 1143/16/5
f 1143/16/5 1106/16/5 4973/16/5
f 567/7/5 5054/7/5 568/7/5
f 568/7/5 5054/7/5 5249/7/5
f 4221/2/5 2053/2/5 2045/2/5
f 2045/2/5 2053/2/5 5236/2/5
f 4394/2/5 4395/2/5 4392/2/5
f 4392/2/5 4395/2/5 4449/2/5
f 5054/16/5 3008/16/5 5249/16/5
f 5249/16/5 3008/16/5 443/16/5
f 4450/12/5 4451/12/5 4446/12/5
f 4446/12/5 4451/12/5 2318/12/5
f 3009/16/5 570/16/5 3007/16/5
f 3007/16/5 570/16/5 569/16/5
f 2249/12/5 2216/12/5 2250/12/5
f 2250/12/5 2216/12/5 2215/12/5
f 571/16/5 5250/16/5 572/16/5
f 572/16/5 5250/16/5 201/16/5
f 3011/16/5 3071/16/5 3004/16/5
f 3004/16/5 3071/16/5 565/16/5
f 665/16/5 3073/16/5 666/16/5
f 666/16/5 3073/16/5 3009/16/5
f 4398/2/5 4399/2/5 4395/2/5
f 4395/2/5 4399/2/5 4452/2/5
f 4453/12/5 4454/12/5 2319/12/5
f 2319/12/5 4454/12/5 2322/12/5
f 669/16/5 668/16/5 5251/16/5
f 5251/16/5 668/16/5 667/16/5
f 448/16/5 307/16/5 449/16/5
f 449/16/5 307/16/5 306/16/5
f 3128/16/5 735/16/5 3126/16/5
f 3126/16/5 735/16/5 734/16/5
f 736/16/5 3130/16/5 3070/16/5
f 3070/16/5 3130/16/5 663/16/5
f 3131/16/5 739/16/5 3129/16/5
f 3129/16/5 739/16/5 738/16/5
f 4404/1/5 4401/1/5 4397/1/5
f 4397/1/5 4401/1/5 4400/1/5
f 4402/2/5 4456/2/5 4399/2/5
f 4399/2/5 4456/2/5 4455/2/5
f 671/16/5 575/16/5 672/16/5
f 672/16/5 575/16/5 574/16/5
f 576/16/5 451/16/5 447/16/5
f 447/16/5 451/16/5 450/16/5
f 2333/12/5 2330/12/5 2327/12/5
f 2327/12/5 2330/12/5 2329/12/5
f 314/16/5 311/16/5 307/16/5
f 307/16/5 311/16/5 310/16/5
f 3075/16/5 3076/16/5 3074/16/5
f 3074/16/5 3076/16/5 736/16/5
f 3076/7/5 675/7/5 736/7/5
f 736/7/5 675/7/5 3130/7/5
f 4364/1/5 4405/1/5 4362/1/5
f 4362/1/5 4405/1/5 4396/1/5
f 675/16/5 3079/16/5 3130/16/5
f 3130/16/5 3079/16/5 740/16/5
f 4406/2/5 4459/2/5 4403/2/5
f 4403/2/5 4459/2/5 4402/2/5
f 679/16/5 674/16/5 670/16/5
f 670/16/5 674/16/5 673/16/5
f 2336/12/5 2334/12/5 2323/12/5
f 2323/12/5 2334/12/5 2326/12/5
f 579/16/5 578/16/5 575/16/5
f 575/16/5 578/16/5 577/16/5
f 3078/16/5 676/16/5 3076/16/5
f 3076/16/5 676/16/5 675/16/5
f 4408/2/5 4462/2/5 4407/2/5
f 4407/2/5 4462/2/5 4406/2/5
f 677/7/5 585/7/5 678/7/5
f 678/7/5 585/7/5 3080/7/5
f 3081/16/5 680/16/5 3072/16/5
f 3072/16/5 680/16/5 5251/16/5
f 2221/12/5 2196/12/5 2222/12/5
f 2222/12/5 2196/12/5 2195/12/5
f 2340/12/5 2337/12/5 4458/12/5
f 4458/12/5 2337/12/5 4457/12/5
f 681/16/5 580/16/5 682/16/5
f 682/16/5 580/16/5 579/16/5
f 321/16/5 318/16/5 455/16/5
f 455/16/5 318/16/5 315/16/5
f 3017/16/5 582/16/5 3012/16/5
f 3012/16/5 582/16/5 3077/16/5
f 3019/16/5 586/16/5 677/16/5
f 677/16/5 586/16/5 585/16/5
f 4465/12/5 2341/12/5 4461/12/5
f 4461/12/5 2341/12/5 4460/12/5
f 587/16/5 457/16/5 588/16/5
f 588/16/5 457/16/5 456/16/5
f 458/16/5 322/16/5 459/16/5
f 459/16/5 322/16/5 321/16/5
f 2884/16/5 2930/16/5 2881/16/5
f 2881/16/5 2930/16/5 2929/16/5
f 2931/16/5 461/16/5 584/16/5
f 584/16/5 461/16/5 3018/16/5
f 462/7/5 325/7/5 463/7/5
f 463/7/5 325/7/5 324/7/5
f 2060/2/5 2057/2/5 4222/2/5
f 4222/2/5 2057/2/5 2056/2/5
f 4227/2/5 4605/2/5 4224/2/5
f 4224/2/5 4605/2/5 4604/2/5
f 4621/2/5 4634/2/5 4618/2/5
f 4618/2/5 4634/2/5 4633/2/5
f 2504/2/5 2061/2/5 2505/2/5
f 2505/2/5 2061/2/5 2060/2/5
f 4410/2/5 2283/2/5 4409/2/5
f 4409/2/5 2283/2/5 2282/2/5
f 2536/2/5 4638/2/5 2537/2/5
f 2537/2/5 4638/2/5 4637/2/5
f 2608/13/5 4651/13/5 2609/13/5
f 2609/13/5 4651/13/5 4650/13/5
f 2284/2/5 2065/2/5 2057/2/5
f 2057/2/5 2065/2/5 2064/2/5
f 4652/13/5 2569/13/5 4649/13/5
f 4649/13/5 2569/13/5 2568/13/5
f 4729/13/5 2659/13/5 4728/13/5
f 4728/13/5 2659/13/5 2658/13/5
f 3134/10/5 743/10/5 3132/10/5
f 3132/10/5 743/10/5 742/10/5
f 4088/10/5 1894/10/5 4086/10/5
f 4086/10/5 1894/10/5 1893/10/5
f 2838/10/5 216/10/5 2836/10/5
f 2836/10/5 216/10/5 215/10/5
f 3085/10/5 684/10/5 3082/10/5
f 3082/10/5 684/10/5 683/10/5
f 3220/10/5 842/10/5 3215/10/5
f 3215/10/5 842/10/5 838/10/5
f 3323/10/5 982/10/5 3320/10/5
f 3320/10/5 982/10/5 981/10/5
f 3569/10/5 1244/10/5 3566/10/5
f 3566/10/5 1244/10/5 1243/10/5
f 3967/10/5 1739/10/5 3734/10/5
f 3734/10/5 1739/10/5 1436/10/5
f 3899/10/5 1639/10/5 3896/10/5
f 3896/10/5 1639/10/5 1638/10/5
f 2779/10/5 119/10/5 2694/10/5
f 2694/10/5 119/10/5 1/10/5
f 3180/10/5 796/10/5 3175/10/5
f 3175/10/5 796/10/5 793/10/5
f 3202/10/5 820/10/5 3199/10/5
f 3199/10/5 820/10/5 819/10/5
f 3491/10/5 1145/10/5 3489/10/5
f 3489/10/5 1145/10/5 1144/10/5
f 3667/10/5 1338/10/5 3658/10/5
f 3658/10/5 1338/10/5 1331/10/5
f 3968/10/5 1738/10/5 3966/10/5
f 3966/10/5 1738/10/5 1737/10/5
f 4130/10/5 1946/10/5 4124/10/5
f 4124/10/5 1946/10/5 1942/10/5
f 2933/5/5 465/5/5 2932/5/5
f 2932/5/5 465/5/5 464/5/5
f 3356/5/5 1027/5/5 3353/5/5
f 3353/5/5 1027/5/5 1026/5/5
f 3494/5/5 1147/5/5 3491/5/5
f 3491/5/5 1147/5/5 1145/5/5
f 3402/6/5 3450/6/5 3400/6/5
f 3400/6/5 3450/6/5 3449/6/5
f 3451/6/5 1157/6/5 3448/6/5
f 3448/6/5 1157/6/5 3496/6/5
f 1154/6/5 3505/6/5 3495/6/5
f 3495/6/5 3505/6/5 3527/6/5
f 3528/6/5 1254/6/5 3526/6/5
f 3526/6/5 1254/6/5 3571/6/5
f 1251/6/5 3580/6/5 3570/6/5
f 3570/6/5 3580/6/5 3607/6/5
f 3608/6/5 1356/6/5 3606/6/5
f 3606/6/5 1356/6/5 3669/6/5
f 1353/6/5 3680/6/5 3668/6/5
f 3668/6/5 3680/6/5 3739/6/5
f 3453/10/5 4778/10/5 3452/10/5
f 3452/10/5 4778/10/5 4779/10/5
f 4132/5/5 1952/5/5 4092/5/5
f 4092/5/5 1952/5/5 1897/5/5
f 4152/10/5 1971/10/5 4144/10/5
f 4144/10/5 1971/10/5 1964/10/5
f 747/13/5 688/13/5 748/13/5
f 748/13/5 688/13/5 687/13/5
f 846/13/5 824/13/5 847/13/5
f 847/13/5 824/13/5 823/13/5
f 1644/17/5 3906/17/5 1645/17/5
f 1645/17/5 3906/17/5 3905/17/5
f 689/13/5 3090/13/5 690/13/5
f 690/13/5 3090/13/5 3089/13/5
f 825/13/5 3207/13/5 826/13/5
f 826/13/5 3207/13/5 3206/13/5
f 940/13/5 900/13/5 941/13/5
f 941/13/5 900/13/5 899/13/5
f 5252/18/5 1791/18/5 1916/18/5
f 1916/18/5 1791/18/5 1790/18/5
f 801/13/5 773/13/5 802/13/5
f 802/13/5 773/13/5 772/13/5
f 4778/17/5 3499/17/5 4779/17/5
f 4779/17/5 3499/17/5 3498/17/5
f 1343/17/5 3672/17/5 1344/17/5
f 1344/17/5 3672/17/5 3671/17/5
f 1442/17/5 3743/17/5 1443/17/5
f 1443/17/5 3743/17/5 3742/17/5
f 1576/17/5 3861/17/5 1577/17/5
f 1577/17/5 3861/17/5 3860/17/5
f 1792/17/5 1801/17/5 1793/17/5
f 1793/17/5 1801/17/5 3986/17/5
f 2888/13/5 5253/13/5 2885/13/5
f 2885/13/5 5253/13/5 332/13/5
f 3091/13/5 692/13/5 3088/13/5
f 3088/13/5 692/13/5 691/13/5
f 774/13/5 760/13/5 775/13/5
f 775/13/5 760/13/5 759/13/5
f 3208/13/5 828/13/5 3205/13/5
f 3205/13/5 828/13/5 827/13/5
f 901/13/5 864/13/5 902/13/5
f 902/13/5 864/13/5 863/13/5
f 1347/17/5 3676/17/5 1348/17/5
f 1348/17/5 3676/17/5 3675/17/5
f 1490/17/5 3786/17/5 1491/17/5
f 1491/17/5 3786/17/5 3785/17/5
f 1703/17/5 3945/17/5 1704/17/5
f 1704/17/5 3945/17/5 3944/17/5
f 1249/17/5 3578/17/5 1250/17/5
f 1250/17/5 3578/17/5 3577/17/5
f 1648/17/5 3910/17/5 1649/17/5
f 1649/17/5 3910/17/5 3909/17/5
f 1494/17/5 3790/17/5 1495/17/5
f 1495/17/5 3790/17/5 3789/17/5
f 1152/17/5 3503/17/5 1153/17/5
f 1153/17/5 3503/17/5 3502/17/5
f 1798/18/5 5254/18/5 3985/18/5
f 3985/18/5 5254/18/5 4097/18/5
f 1652/18/5 3914/18/5 1653/18/5
f 1653/18/5 3914/18/5 3913/18/5
f 1203/17/5 1155/17/5 1204/17/5
f 1204/17/5 1155/17/5 1154/17/5
f 1351/17/5 1288/17/5 1352/17/5
f 1352/17/5 1288/17/5 1287/17/5
f 1446/17/5 3747/17/5 1447/17/5
f 1447/17/5 3747/17/5 3746/17/5
f 1289/17/5 3614/17/5 1290/17/5
f 1290/17/5 3614/17/5 3613/17/5
f 1707/17/5 3948/17/5 1708/17/5
f 1708/17/5 3948/17/5 3903/17/5
f 1796/6/5 1741/6/5 1797/6/5
f 1797/6/5 1741/6/5 1740/6/5
f 1450/17/5 3751/17/5 1451/17/5
f 1451/17/5 3751/17/5 3750/17/5
f 1580/17/5 3864/17/5 1581/17/5
f 1581/17/5 3864/17/5 3826/17/5
f 1498/17/5 3793/17/5 1499/17/5
f 1499/17/5 3793/17/5 3740/17/5
f 1584/6/5 1534/6/5 1585/6/5
f 1585/6/5 1534/6/5 1533/6/5
f 3404/10/5 4776/10/5 3403/10/5
f 3403/10/5 4776/10/5 4777/10/5
f 4154/10/5 1976/10/5 4131/10/5
f 4131/10/5 1976/10/5 1949/10/5
f 987/13/5 5255/13/5 468/13/5
f 468/13/5 5255/13/5 328/13/5
f 5255/13/5 3159/13/5 329/13/5
f 329/13/5 3159/13/5 2888/13/5
f 3160/2/5 776/2/5 3158/2/5
f 3158/2/5 776/2/5 773/2/5
f 3211/2/5 832/2/5 3208/2/5
f 3208/2/5 832/2/5 831/2/5
f 3236/2/5 868/2/5 901/2/5
f 901/2/5 868/2/5 867/2/5
f 777/13/5 333/13/5 778/13/5
f 778/13/5 333/13/5 5253/13/5
f 4776/17/5 1073/17/5 4777/17/5
f 4777/17/5 1073/17/5 1072/17/5
f 3408/17/5 5256/17/5 3405/17/5
f 3405/17/5 5256/17/5 4911/17/5
f 4098/6/5 1901/6/5 4093/6/5
f 4093/6/5 1901/6/5 1900/6/5
f 3537/6/5 3538/6/5 3535/6/5
f 3535/6/5 3538/6/5 1253/6/5
f 2699/6/5 5/6/5 2697/6/5
f 2697/6/5 5/6/5 2/6/5
f 3361/6/5 1040/6/5 3358/6/5
f 3358/6/5 1040/6/5 1035/6/5
f 4156/10/5 1974/10/5 4153/10/5
f 4153/10/5 1974/10/5 1973/10/5
f 1812/17/5 5257/17/5 5258/17/5
f 5258/17/5 5257/17/5 1798/17/5
f 1816/17/5 5259/17/5 3990/17/5
f 3990/17/5 5259/17/5 1802/17/5
f 3412/11/5 3413/11/5 3409/11/5
f 3409/11/5 3413/11/5 5260/11/5
f 3413/17/5 5261/17/5 5260/17/5
f 5260/17/5 5261/17/5 5256/17/5
f 4414/16/5 2286/16/5 4411/16/5
f 4411/16/5 2286/16/5 2285/16/5
f 4516/16/5 2381/16/5 4491/16/5
f 4491/16/5 2381/16/5 2380/16/5
f 2382/16/5 2345/16/5 2383/16/5
f 2383/16/5 2345/16/5 2344/16/5
f 1589/6/5 1538/6/5 1590/6/5
f 1590/6/5 1538/6/5 1537/6/5
f 3138/6/5 750/6/5 3137/6/5
f 3137/6/5 750/6/5 749/6/5
f 3193/6/5 812/6/5 3191/6/5
f 3191/6/5 812/6/5 811/6/5
f 3239/10/5 872/10/5 3237/10/5
f 3237/10/5 872/10/5 871/10/5
f 3327/6/5 989/6/5 3326/6/5
f 3326/6/5 989/6/5 988/6/5
f 4158/10/5 1979/10/5 4155/10/5
f 4155/10/5 1979/10/5 1975/10/5
f 5262/17/5 1817/17/5 1799/17/5
f 1799/17/5 1817/17/5 3993/17/5
f 4013/17/5 1820/17/5 4010/17/5
f 4010/17/5 1820/17/5 5259/17/5
f 1820/17/5 4017/17/5 1803/17/5
f 1803/17/5 4017/17/5 3997/17/5
f 4468/16/5 4493/16/5 4466/16/5
f 4466/16/5 4493/16/5 5263/16/5
f 3416/11/5 3417/11/5 3413/11/5
f 3413/11/5 3417/11/5 5261/11/5
f 4517/16/5 2405/16/5 4515/16/5
f 4515/16/5 2405/16/5 2404/16/5
f 3618/6/5 3619/6/5 3616/6/5
f 3616/6/5 3619/6/5 1355/6/5
f 2892/10/5 337/10/5 2891/10/5
f 2891/10/5 337/10/5 336/10/5
f 3194/10/5 814/10/5 3193/10/5
f 3193/10/5 814/10/5 812/10/5
f 3295/6/5 945/6/5 3294/6/5
f 3294/6/5 945/6/5 943/6/5
f 4520/13/5 2407/13/5 4518/13/5
f 4518/13/5 2407/13/5 2406/13/5
f 4102/17/5 4882/17/5 4006/17/5
f 4006/17/5 4882/17/5 5257/17/5
f 4882/11/5 1821/11/5 5262/11/5
f 5262/11/5 1821/11/5 1820/11/5
f 4498/16/5 4523/16/5 4495/16/5
f 4495/16/5 4523/16/5 4522/16/5
f 4564/16/5 2461/16/5 4543/16/5
f 4543/16/5 2461/16/5 5122/16/5
f 4020/17/5 1824/17/5 3994/17/5
f 3994/17/5 1824/17/5 5254/17/5
f 2461/7/5 2437/7/5 5122/7/5
f 5122/7/5 2437/7/5 2436/7/5
f 3420/18/5 3456/18/5 4911/18/5
f 4911/18/5 3456/18/5 3455/18/5
f 4100/6/5 1905/6/5 4099/6/5
f 4099/6/5 1905/6/5 1904/6/5
f 2411/16/5 2387/16/5 2412/16/5
f 2412/16/5 2387/16/5 2385/16/5
f 4732/16/5 2663/16/5 4730/16/5
f 4730/16/5 2663/16/5 2662/16/5
f 2705/6/5 11/6/5 2703/6/5
f 2703/6/5 11/6/5 8/6/5
f 2844/10/5 223/10/5 2843/10/5
f 2843/10/5 223/10/5 222/10/5
f 3023/6/5 592/6/5 3022/6/5
f 3022/6/5 592/6/5 590/6/5
f 3185/10/5 805/10/5 3184/10/5
f 3184/10/5 805/10/5 804/10/5
f 3267/6/5 905/6/5 3266/6/5
f 3266/6/5 905/6/5 904/6/5
f 4501/13/5 2390/13/5 4499/13/5
f 4499/13/5 2390/13/5 2389/13/5
f 4526/16/5 4544/16/5 4525/16/5
f 4525/16/5 4544/16/5 4524/16/5
f 4565/16/5 2460/16/5 4563/16/5
f 4563/16/5 2460/16/5 2459/16/5
f 2443/16/5 2438/16/5 2461/16/5
f 2461/16/5 2438/16/5 2437/16/5
f 2439/16/5 2351/16/5 2440/16/5
f 2440/16/5 2351/16/5 2388/16/5
f 2352/16/5 5264/16/5 4343/16/5
f 4343/16/5 5264/16/5 2227/16/5
f 1829/6/5 1761/6/5 1830/6/5
f 1830/6/5 1761/6/5 1760/6/5
f 1711/6/5 1655/6/5 1712/6/5
f 1712/6/5 1655/6/5 1654/6/5
f 5264/16/5 2232/16/5 2228/16/5
f 2228/16/5 2232/16/5 2231/16/5
f 3165/6/5 784/6/5 3149/6/5
f 3149/6/5 784/6/5 765/6/5
f 3186/6/5 806/6/5 3185/6/5
f 3185/6/5 806/6/5 805/6/5
f 3244/6/5 878/6/5 3243/6/5
f 3243/6/5 878/6/5 876/6/5
f 4547/2/5 2442/2/5 4546/2/5
f 4546/2/5 2442/2/5 2441/2/5
f 2418/13/5 5265/13/5 2390/13/5
f 2390/13/5 5265/13/5 5073/13/5
f 4549/16/5 2444/16/5 4548/16/5
f 4548/16/5 2444/16/5 2443/16/5
f 2419/16/5 2414/16/5 2445/16/5
f 2445/16/5 2414/16/5 2413/16/5
f 3463/6/5 3464/6/5 3454/6/5
f 3454/6/5 3464/6/5 1156/6/5
f 3624/6/5 3625/6/5 3621/6/5
f 3621/6/5 3625/6/5 3620/6/5
f 4436/16/5 2252/16/5 5266/16/5
f 5266/16/5 2252/16/5 2251/16/5
f 5267/16/5 5268/16/5 5269/16/5
f 5269/16/5 5268/16/5 2670/16/5
f 3152/6/5 769/6/5 2707/6/5
f 2707/6/5 769/6/5 13/6/5
f 2940/6/5 472/6/5 2938/6/5
f 2938/6/5 472/6/5 471/6/5
f 3096/6/5 698/6/5 3141/6/5
f 3141/6/5 698/6/5 754/6/5
f 4159/10/5 1978/10/5 4157/10/5
f 4157/10/5 1978/10/5 1977/10/5
f 4550/13/5 2446/13/5 4547/13/5
f 4547/13/5 2446/13/5 2442/13/5
f 2393/2/5 5270/2/5 2418/2/5
f 2418/2/5 5270/2/5 5265/2/5
f 4103/14/5 1912/14/5 4101/14/5
f 4101/14/5 1912/14/5 1908/14/5
f 5270/2/5 4505/2/5 5073/2/5
f 5073/2/5 4505/2/5 4527/2/5
f 4556/16/5 4553/16/5 4529/16/5
f 4529/16/5 4553/16/5 4552/16/5
f 4554/7/5 2447/7/5 4551/7/5
f 4551/7/5 2447/7/5 2444/7/5
f 2421/2/5 2392/2/5 2422/2/5
f 2422/2/5 2392/2/5 2415/2/5
f 3466/6/5 1120/6/5 1157/6/5
f 1157/6/5 1120/6/5 3506/6/5
f 3950/6/5 1716/6/5 1743/6/5
f 1743/6/5 1716/6/5 1709/6/5
f 2297/16/5 4437/16/5 2298/16/5
f 2298/16/5 4437/16/5 5266/16/5
f 3214/6/5 837/6/5 3212/6/5
f 3212/6/5 837/6/5 835/6/5
f 4504/13/5 2394/13/5 4502/13/5
f 4502/13/5 2394/13/5 2393/13/5
f 4107/14/5 1919/14/5 1835/14/5
f 1835/14/5 1919/14/5 1845/14/5
f 4557/16/5 5271/16/5 4555/16/5
f 4555/16/5 5271/16/5 2447/16/5
f 4937/6/5 1838/6/5 1903/6/5
f 1903/6/5 1838/6/5 1794/6/5
f 3952/6/5 1722/6/5 3916/6/5
f 3916/6/5 1722/6/5 1717/6/5
f 2356/16/5 5187/16/5 2296/16/5
f 2296/16/5 5187/16/5 4438/16/5
f 3629/6/5 5272/6/5 3627/6/5
f 3627/6/5 5272/6/5 3626/6/5
f 5272/6/5 1292/6/5 1356/6/5
f 1356/6/5 1292/6/5 3681/6/5
f 5187/16/5 2300/16/5 4435/16/5
f 4435/16/5 2300/16/5 2299/16/5
f 3101/10/5 705/10/5 2941/10/5
f 2941/10/5 705/10/5 474/10/5
f 3100/10/5 701/10/5 3097/10/5
f 3097/10/5 701/10/5 700/10/5
f 3170/6/5 786/6/5 3167/6/5
f 3167/6/5 786/6/5 785/6/5
f 3198/6/5 817/6/5 3196/6/5
f 3196/6/5 817/6/5 816/6/5
f 4161/5/5 1983/5/5 4133/5/5
f 4133/5/5 1983/5/5 1951/5/5
f 4143/10/5 1962/10/5 4141/10/5
f 4141/10/5 1962/10/5 1961/10/5
f 4480/2/5 2358/2/5 4503/2/5
f 4503/2/5 2358/2/5 2395/2/5
f 340/13/5 5273/13/5 5274/13/5
f 5274/13/5 5273/13/5 344/13/5
f 4483/16/5 4508/16/5 4476/16/5
f 4476/16/5 4508/16/5 4559/16/5
f 4560/16/5 2448/16/5 4558/16/5
f 4558/16/5 2448/16/5 5271/16/5
f 2449/16/5 5275/16/5 2450/16/5
f 2450/16/5 5275/16/5 2354/16/5
f 5135/6/5 1852/6/5 4936/6/5
f 4936/6/5 1852/6/5 1839/6/5
f 5275/16/5 5023/16/5 2355/16/5
f 2355/16/5 5023/16/5 5188/16/5
f 3631/6/5 5276/6/5 3584/6/5
f 3584/6/5 5276/6/5 5277/6/5
f 3867/6/5 1594/6/5 1657/6/5
f 1657/6/5 1594/6/5 1582/6/5
f 5023/7/5 2361/7/5 5188/7/5
f 5188/7/5 2361/7/5 2360/7/5
f 2362/16/5 2304/16/5 2363/16/5
f 2363/16/5 2304/16/5 2303/16/5
f 3795/6/5 1500/6/5 1536/6/5
f 1536/6/5 1500/6/5 1485/6/5
f 3172/10/5 789/10/5 3170/10/5
f 3170/10/5 789/10/5 786/10/5
f 348/13/5 341/13/5 476/13/5
f 476/13/5 341/13/5 5274/13/5
f 2897/13/5 345/13/5 480/13/5
f 480/13/5 345/13/5 5273/13/5
f 4376/16/5 2268/16/5 4886/16/5
f 4886/16/5 2268/16/5 2267/16/5
f 4510/16/5 2426/16/5 4507/16/5
f 4507/16/5 2426/16/5 5169/16/5
f 3545/6/5 5278/6/5 3540/6/5
f 3540/6/5 5278/6/5 3539/6/5
f 2426/7/5 5011/7/5 5169/7/5
f 5169/7/5 5011/7/5 5178/7/5
f 5278/6/5 1206/6/5 1254/6/5
f 1254/6/5 1206/6/5 3581/6/5
f 5011/16/5 2397/16/5 5178/16/5
f 5178/16/5 2397/16/5 2396/16/5
f 3869/6/5 1600/6/5 3827/6/5
f 3827/6/5 1600/6/5 1595/6/5
f 3797/6/5 1506/6/5 3753/6/5
f 3753/6/5 1506/6/5 1501/6/5
f 3174/6/5 791/6/5 3172/6/5
f 3172/6/5 791/6/5 789/6/5
f 1915/17/5 5279/17/5 5252/17/5
f 5252/17/5 5279/17/5 5258/17/5
f 5279/17/5 4043/17/5 1813/17/5
f 1813/17/5 4043/17/5 4009/17/5
f 4108/14/5 1918/14/5 4106/14/5
f 4106/14/5 1918/14/5 1917/14/5
f 4042/11/5 1857/11/5 4020/11/5
f 4020/11/5 1857/11/5 1824/11/5
f 4939/6/5 1850/6/5 5136/6/5
f 5136/6/5 1850/6/5 1849/6/5
f 4514/16/5 2401/16/5 4511/16/5
f 4511/16/5 2401/16/5 2400/16/5
f 4535/16/5 2424/16/5 4534/16/5
f 4534/16/5 2424/16/5 2423/16/5
f 2402/16/5 2369/16/5 2403/16/5
f 2403/16/5 2369/16/5 2368/16/5
f 2370/16/5 2307/16/5 2371/16/5
f 2371/16/5 2307/16/5 2306/16/5
f 3155/6/5 771/6/5 3173/6/5
f 3173/6/5 771/6/5 792/6/5
f 4163/10/5 1981/10/5 4160/10/5
f 4160/10/5 1981/10/5 1980/10/5
f 352/13/5 2902/13/5 5281/13/5
f 5281/13/5 2902/13/5 5280/13/5
f 5282/11/5 1854/11/5 1846/11/5
f 1846/11/5 1854/11/5 1853/11/5
f 5137/6/5 1874/6/5 4938/6/5
f 4938/6/5 1874/6/5 1851/6/5
f 3954/6/5 1720/6/5 3951/6/5
f 3951/6/5 1720/6/5 1719/6/5
f 2794/10/5 134/10/5 2734/10/5
f 2734/10/5 134/10/5 37/10/5
f 360/13/5 353/13/5 349/13/5
f 349/13/5 353/13/5 5281/13/5
f 4046/17/5 4049/17/5 4043/17/5
f 4043/17/5 4049/17/5 1846/17/5
f 5283/13/5 357/13/5 5284/13/5
f 5284/13/5 357/13/5 356/13/5
f 1863/17/5 1861/17/5 5285/17/5
f 5285/17/5 1861/17/5 1854/17/5
f 3956/6/5 1726/6/5 3953/6/5
f 3953/6/5 1726/6/5 1721/6/5
f 3870/6/5 1598/6/5 3868/6/5
f 3868/6/5 1598/6/5 1597/6/5
f 3632/6/5 5286/6/5 3630/6/5
f 3630/6/5 5286/6/5 1295/6/5
f 1599/6/5 1542/6/5 1596/6/5
f 1596/6/5 1542/6/5 1541/6/5
f 1543/6/5 1504/6/5 3796/6/5
f 3796/6/5 1504/6/5 1503/6/5
f 3028/10/5 595/10/5 3025/10/5
f 3025/10/5 595/10/5 594/10/5
f 4052/17/5 1864/17/5 5282/17/5
f 5282/17/5 1864/17/5 5285/17/5
f 1867/17/5 4059/17/5 1861/17/5
f 1861/17/5 4059/17/5 4048/17/5
f 3029/5/5 597/5/5 3028/5/5
f 3028/5/5 597/5/5 595/5/5
f 598/13/5 372/13/5 361/13/5
f 361/13/5 372/13/5 5287/13/5
f 2945/2/5 478/2/5 2943/2/5
f 2943/2/5 478/2/5 477/2/5
f 479/13/5 365/13/5 5288/13/5
f 5288/13/5 365/13/5 364/13/5
f 4058/17/5 4063/17/5 1864/17/5
f 1864/17/5 4063/17/5 4056/17/5
f 488/6/5 369/6/5 2910/6/5
f 2910/6/5 369/6/5 368/6/5
f 3107/6/5 707/6/5 3105/6/5
f 3105/6/5 707/6/5 706/6/5
f 3635/6/5 1296/6/5 3633/6/5
f 3633/6/5 1296/6/5 5286/6/5
f 2949/10/5 4774/10/5 2946/10/5
f 2946/10/5 4774/10/5 4775/10/5
f 4774/17/5 3032/17/5 4775/17/5
f 4775/17/5 3032/17/5 3031/17/5
f 483/18/5 2952/18/5 484/18/5
f 484/18/5 2952/18/5 2951/18/5
f 3033/11/5 4875/11/5 3030/11/5
f 3030/11/5 4875/11/5 5113/11/5
f 4066/17/5 5289/17/5 4053/17/5
f 4053/17/5 5289/17/5 1861/17/5
f 4875/17/5 4909/17/5 5113/17/5
f 5113/17/5 4909/17/5 4929/17/5
f 4909/18/5 4927/18/5 4929/18/5
f 4929/18/5 4927/18/5 4928/18/5
f 4927/6/5 600/6/5 4928/6/5
f 4928/6/5 600/6/5 599/6/5
f 3958/6/5 1724/6/5 3955/6/5
f 3955/6/5 1724/6/5 1723/6/5
f 2915/10/5 4772/10/5 2948/10/5
f 2948/10/5 4772/10/5 4773/10/5
f 4167/10/5 1985/10/5 4164/10/5
f 4164/10/5 1985/10/5 1984/10/5
f 4070/17/5 4884/17/5 4067/17/5
f 4067/17/5 4884/17/5 5289/17/5
f 4884/17/5 5290/17/5 1868/17/5
f 1868/17/5 5290/17/5 4062/17/5
f 4772/17/5 5291/17/5 4773/17/5
f 4773/17/5 5291/17/5 487/17/5
f 5290/17/5 4110/17/5 4042/17/5
f 4042/17/5 4110/17/5 1857/17/5
f 5291/18/5 2954/18/5 488/18/5
f 488/18/5 2954/18/5 369/18/5
f 4111/6/5 1921/6/5 4109/6/5
f 4109/6/5 1921/6/5 1920/6/5
f 4594/16/5 5292/16/5 4591/16/5
f 4591/16/5 5292/16/5 5142/16/5
f 1922/6/5 1872/6/5 5138/6/5
f 5138/6/5 1872/6/5 1871/6/5
f 5292/7/5 5293/7/5 5142/7/5
f 5142/7/5 5293/7/5 4590/7/5
f 2955/6/5 490/6/5 4926/6/5
f 4926/6/5 490/6/5 489/6/5
f 1873/6/5 1774/6/5 1840/6/5
f 1840/6/5 1774/6/5 1773/6/5
f 5293/16/5 5294/16/5 4587/16/5
f 4587/16/5 5294/16/5 2490/16/5
f 3919/6/5 5295/6/5 3957/6/5
f 3957/6/5 5295/6/5 1725/6/5
f 5294/16/5 5296/16/5 2491/16/5
f 2491/16/5 5296/16/5 5179/16/5
f 5295/6/5 1659/6/5 1718/6/5
f 1718/6/5 1659/6/5 1658/6/5
f 5296/7/5 2495/7/5 5179/7/5
f 5179/7/5 2495/7/5 2494/7/5
f 3755/6/5 5297/6/5 3798/6/5
f 3798/6/5 5297/6/5 1505/6/5
f 5297/6/5 1453/6/5 1502/6/5
f 1502/6/5 1453/6/5 1452/6/5
f 4579/10/6 4578/10/6 2480/10/6
f 2480/10/6 4578/10/6 2481/10/6
f 4675/10/6 4674/10/6 2596/10/6
f 2596/10/6 4674/10/6 2597/10/6
f 2796/16/6 2858/16/6 135/16/6
f 135/16/6 2858/16/6 230/16/6
f 3920/16/6 3960/16/6 1662/16/6
f 1662/16/6 3960/16/6 1729/16/6
f 4275/10/6 4274/10/6 2149/10/6
f 2149/10/6 4274/10/6 2150/10/6
f 4708/10/6 4707/10/6 2637/10/6
f 2637/10/6 4707/10/6 2638/10/6
f 229/16/6 228/16/6 378/16/6
f 378/16/6 228/16/6 379/16/6
f 1728/16/6 1727/16/6 1779/16/6
f 1779/16/6 1727/16/6 1780/16/6
f 2740/16/6 2739/16/6 43/16/6
f 43/16/6 2739/16/6 44/16/6
f 3873/16/6 3872/16/6 1603/16/6
f 1603/16/6 3872/16/6 1604/16/6
f 4624/10/6 4623/10/6 2526/10/6
f 2526/10/6 4623/10/6 2527/10/6
f 4711/10/6 4710/10/6 2640/10/6
f 2640/10/6 4710/10/6 2641/10/6
f 136/16/6 135/16/6 2801/16/6
f 2801/16/6 135/16/6 2798/16/6
f 1663/16/6 1662/16/6 3925/16/6
f 3925/16/6 1662/16/6 3922/16/6
f 2800/7/6 2799/7/6 139/7/6
f 139/7/6 2799/7/6 140/7/6
f 3924/7/6 3923/7/6 1666/7/6
f 1666/7/6 3923/7/6 1667/7/6
f 138/16/6 137/16/6 499/16/6
f 499/16/6 137/16/6 500/16/6
f 1781/16/6 1778/16/6 1881/16/6
f 1881/16/6 1778/16/6 1882/16/6
f 4442/10/6 4441/10/6 2312/10/6
f 2312/10/6 4441/10/6 2313/10/6
f 2962/16/6 2741/16/6 2743/16/6
f 2743/16/6 2741/16/6 139/16/6
f 4076/16/6 3874/16/6 1732/16/6
f 1732/16/6 3874/16/6 1666/16/6
f 2710/16/6 2742/16/6 47/16/6
f 47/16/6 2742/16/6 48/16/6
f 1731/16/6 1730/16/6 1930/16/6
f 1930/16/6 1730/16/6 1931/16/6
f 4568/14/6 4567/14/6 5081/14/6
f 5081/14/6 4567/14/6 2465/14/6
f 2745/16/6 3109/16/6 2712/16/6
f 2712/16/6 3109/16/6 5030/16/6
f 3876/16/6 4136/16/6 3832/16/6
f 3832/16/6 4136/16/6 5038/16/6
f 2712/7/6 5030/7/6 5298/7/6
f 5298/7/6 5030/7/6 5043/7/6
f 3832/7/6 5038/7/6 5299/7/6
f 5299/7/6 5038/7/6 5056/7/6
f 2431/4/6 2430/4/6 4542/4/6
f 4542/4/6 2430/4/6 4539/4/6
f 2483/4/6 2482/4/6 4584/4/6
f 4584/4/6 2482/4/6 4581/4/6
f 5298/16/6 5043/16/6 17/16/6
f 17/16/6 5043/16/6 2710/16/6
f 5299/16/6 5056/16/6 1549/16/6
f 1549/16/6 5056/16/6 1670/16/6
f 2172/4/6 2171/4/6 4311/4/6
f 4311/4/6 2171/4/6 4308/4/6
f 2276/4/6 2275/4/6 4387/4/6
f 4387/4/6 2275/4/6 4384/4/6
f 20/16/6 2711/16/6 50/16/6
f 50/16/6 2711/16/6 51/16/6
f 1552/16/6 3831/16/6 1547/16/6
f 1547/16/6 3831/16/6 1548/16/6
f 1669/16/6 1668/16/6 1933/16/6
f 1933/16/6 1668/16/6 1934/16/6
f 5300/14/6 1996/14/6 2070/14/6
f 2070/14/6 1996/14/6 2071/14/6
f 49/16/6 2802/16/6 52/16/6
f 52/16/6 2802/16/6 143/16/6
f 2152/4/6 2151/4/6 2177/4/6
f 2177/4/6 2151/4/6 2178/4/6
f 2511/13/6 2510/13/6 4614/13/6
f 4614/13/6 2510/13/6 4611/13/6
f 142/16/6 5196/16/6 4870/16/6
f 4870/16/6 5196/16/6 234/16/6
f 2463/11/6 5084/11/6 2488/11/6
f 2488/11/6 5084/11/6 2489/11/6
f 4870/16/6 233/16/6 237/16/6
f 237/16/6 233/16/6 238/16/6
f 2746/7/6 2745/7/6 59/7/6
f 59/7/6 2745/7/6 2712/7/6
f 3877/7/6 3876/7/6 1608/7/6
f 1608/7/6 3876/7/6 3832/7/6
f 2714/16/6 2713/16/6 19/16/6
f 19/16/6 2713/16/6 20/16/6
f 3834/16/6 3833/16/6 1551/16/6
f 1551/16/6 3833/16/6 1552/16/6
f 18/16/6 17/16/6 4831/16/6
f 4831/16/6 17/16/6 4827/16/6
f 1550/16/6 1549/16/6 1936/16/6
f 1936/16/6 1549/16/6 1546/16/6
f 4831/7/6 4827/7/6 54/7/6
f 54/7/6 4827/7/6 55/7/6
f 53/16/6 52/16/6 241/16/6
f 241/16/6 52/16/6 242/16/6
f 2965/16/6 2746/16/6 58/16/6
f 58/16/6 2746/16/6 59/16/6
f 4079/16/6 3877/16/6 1607/16/6
f 1607/16/6 3877/16/6 1608/16/6
f 4174/10/6 4173/10/6 1998/10/6
f 1998/10/6 4173/10/6 1999/10/6
f 57/16/6 56/16/6 2804/16/6
f 2804/16/6 56/16/6 4815/16/6
f 1606/16/6 1605/16/6 3927/16/6
f 3927/16/6 1605/16/6 4820/16/6
f 2804/7/6 4815/7/6 154/7/6
f 154/7/6 4815/7/6 4832/7/6
f 3927/7/6 4820/7/6 1673/7/6
f 1673/7/6 4820/7/6 1674/7/6
f 154/16/6 4832/16/6 146/16/6
f 146/16/6 4832/16/6 53/16/6
f 2075/4/6 5301/4/6 2003/4/6
f 2003/4/6 5301/4/6 2083/4/6
f 145/16/6 144/16/6 244/16/6
f 244/16/6 144/16/6 245/16/6
f 2968/16/6 2967/16/6 4764/16/6
f 4764/16/6 2967/16/6 57/16/6
f 4082/16/6 4081/16/6 4780/16/6
f 4780/16/6 4081/16/6 1606/16/6
f 4177/10/6 4176/10/6 2001/10/6
f 2001/10/6 4176/10/6 2002/10/6
f 4764/7/6 57/7/6 149/7/6
f 149/7/6 57/7/6 150/7/6
f 4780/7/6 1606/7/6 1677/7/6
f 1677/7/6 1606/7/6 1678/7/6
f 148/16/6 147/16/6 252/16/6
f 252/16/6 147/16/6 2803/16/6
f 1676/16/6 1675/16/6 1736/16/6
f 1736/16/6 1675/16/6 3926/16/6
f 2805/16/6 2804/16/6 153/16/6
f 153/16/6 2804/16/6 154/16/6
f 3928/16/6 3927/16/6 1785/16/6
f 1785/16/6 3927/16/6 1673/16/6
f 4181/4/6 4230/4/6 2013/4/6
f 2013/4/6 4230/4/6 4179/4/6
f 152/16/6 151/16/6 248/16/6
f 248/16/6 151/16/6 145/16/6
f 2016/16/6 4180/16/6 2005/16/6
f 2005/16/6 4180/16/6 2006/16/6
f 2862/16/6 2861/16/6 4792/16/6
f 4792/16/6 2861/16/6 148/16/6
f 3964/16/6 3963/16/6 4804/16/6
f 4804/16/6 3963/16/6 1676/16/6
f 2007/4/6 5300/4/6 2009/4/6
f 2009/4/6 5300/4/6 5301/4/6
f 4792/7/6 148/7/6 251/7/6
f 251/7/6 148/7/6 252/7/6
f 4804/7/6 1676/7/6 1735/7/6
f 1735/7/6 1676/7/6 1736/7/6
f 2032/16/6 1988/16/6 2011/16/6
f 2011/16/6 1988/16/6 2012/16/6
f 2010/4/6 2074/4/6 2017/4/6
f 2017/4/6 2074/4/6 4181/4/6
f 2020/16/6 4182/16/6 2015/16/6
f 2015/16/6 4182/16/6 2016/16/6
f 2014/4/6 2013/4/6 2021/4/6
f 2021/4/6 2013/4/6 2004/4/6
f 4183/16/6 2011/16/6 2019/16/6
f 2019/16/6 2011/16/6 2020/16/6
f 4185/16/6 2015/16/6 2023/16/6
f 2023/16/6 2015/16/6 2024/16/6
f 3686/16/6 3685/16/6 1363/16/6
f 1363/16/6 3685/16/6 1364/16/6
f 5200/16/6 3759/16/6 1458/16/6
f 1458/16/6 3759/16/6 1459/16/6
f 1362/16/6 1361/16/6 1402/16/6
f 1402/16/6 1361/16/6 1403/16/6
f 1401/16/6 1400/16/6 3711/16/6
f 3711/16/6 1400/16/6 3709/16/6
f 1366/16/6 1365/16/6 5201/16/6
f 5201/16/6 1365/16/6 1407/16/6
f 2806/16/6 2865/16/6 155/16/6
f 155/16/6 2865/16/6 255/16/6
f 254/16/6 253/16/6 400/16/6
f 400/16/6 253/16/6 401/16/6
f 4190/4/6 4186/4/6 2025/4/6
f 2025/4/6 4186/4/6 2022/4/6
f 3690/16/6 3713/16/6 3689/16/6
f 3689/16/6 3713/16/6 3687/16/6
f 3688/7/6 3686/7/6 3637/7/6
f 3637/7/6 3686/7/6 1363/7/6
f 1300/16/6 1299/16/6 3640/16/6
f 3640/16/6 1299/16/6 3638/16/6
f 1271/16/6 3639/16/6 1305/16/6
f 1305/16/6 3639/16/6 1306/16/6
f 1304/16/6 3710/16/6 5302/16/6
f 5302/16/6 3710/16/6 1368/16/6
f 5302/16/6 1367/16/6 1371/16/6
f 1371/16/6 1367/16/6 1372/16/6
f 1405/16/6 5199/16/6 1408/16/6
f 1408/16/6 5199/16/6 1466/16/6
f 2750/16/6 2749/16/6 62/16/6
f 62/16/6 2749/16/6 63/16/6
f 3716/13/6 3803/13/6 1411/13/6
f 1411/13/6 3803/13/6 1509/13/6
f 4188/10/6 4187/10/6 1990/10/6
f 1990/10/6 4187/10/6 2008/10/6
f 156/16/6 155/16/6 2811/16/6
f 2811/16/6 155/16/6 2808/16/6
f 2810/7/6 2809/7/6 159/7/6
f 159/7/6 2809/7/6 160/7/6
f 158/16/6 157/16/6 523/16/6
f 523/16/6 157/16/6 524/16/6
f 2079/4/6 2017/4/6 4193/4/6
f 4193/4/6 2017/4/6 2014/4/6
f 4192/16/6 4191/16/6 2027/16/6
f 2027/16/6 4191/16/6 2028/16/6
f 3764/16/6 3763/16/6 3715/16/6
f 3715/16/6 3763/16/6 3714/16/6
f 3692/16/6 3691/16/6 3591/16/6
f 3591/16/6 3691/16/6 3588/16/6
f 1268/16/6 3636/16/6 3594/16/6
f 3594/16/6 3636/16/6 1302/16/6
f 1272/7/6 1271/7/6 5303/7/6
f 5303/7/6 1271/7/6 1305/7/6
f 5303/16/6 1305/16/6 1275/16/6
f 1275/16/6 1305/16/6 5184/16/6
f 1275/7/6 5184/7/6 1310/7/6
f 1310/7/6 5184/7/6 5191/7/6
f 1310/16/6 5191/16/6 1375/16/6
f 1375/16/6 5191/16/6 1376/16/6
f 3698/2/6 3717/2/6 1380/2/6
f 1380/2/6 3717/2/6 1413/2/6
f 4195/10/6 4194/10/6 2031/10/6
f 2031/10/6 4194/10/6 1989/10/6
f 2978/16/6 2751/16/6 2753/16/6
f 2753/16/6 2751/16/6 159/16/6
f 2715/16/6 2752/16/6 66/16/6
f 66/16/6 2752/16/6 67/16/6
f 4233/4/6 4193/4/6 2082/4/6
f 2082/4/6 4193/4/6 2026/4/6
f 3696/7/6 3695/7/6 3644/7/6
f 3644/7/6 3695/7/6 3641/7/6
f 3643/16/6 3642/16/6 3596/16/6
f 3596/16/6 3642/16/6 3590/16/6
f 5304/16/6 1269/16/6 3546/16/6
f 3546/16/6 1269/16/6 3593/16/6
f 3546/16/6 3592/16/6 1209/16/6
f 1209/16/6 3592/16/6 1274/16/6
f 1209/16/6 1273/16/6 1277/16/6
f 1277/16/6 1273/16/6 1278/16/6
f 1308/7/6 1307/7/6 1378/7/6
f 1378/7/6 1307/7/6 1379/7/6
f 2755/16/6 3115/16/6 2717/16/6
f 2717/16/6 3115/16/6 5032/16/6
f 3700/13/6 3699/13/6 1382/13/6
f 1382/13/6 3699/13/6 1383/13/6
f 2717/7/6 5032/7/6 5305/7/6
f 5305/7/6 5032/7/6 5045/7/6
f 5305/16/6 5045/16/6 21/16/6
f 21/16/6 5045/16/6 2715/16/6
f 24/16/6 2716/16/6 69/16/6
f 69/16/6 2716/16/6 70/16/6
f 4205/4/6 2078/4/6 4866/4/6
f 4866/4/6 2078/4/6 4233/4/6
f 68/16/6 2812/16/6 71/16/6
f 71/16/6 2812/16/6 163/16/6
f 162/16/6 5203/16/6 4871/16/6
f 4871/16/6 5203/16/6 259/16/6
f 5306/2/6 5307/2/6 5308/2/6
f 5308/2/6 5307/2/6 5104/2/6
f 4866/11/6 4233/11/6 2086/11/6
f 2086/11/6 4233/11/6 2087/11/6
f 4871/16/6 258/16/6 262/16/6
f 262/16/6 258/16/6 263/16/6
f 3703/16/6 3702/16/6 5309/16/6
f 5309/16/6 3702/16/6 3595/16/6
f 5310/7/6 5304/7/6 3549/7/6
f 3549/7/6 5304/7/6 3546/7/6
f 3548/16/6 3547/16/6 1211/16/6
f 1211/16/6 3547/16/6 1212/16/6
f 1210/7/6 1209/7/6 5312/7/6
f 5312/7/6 1209/7/6 5311/7/6
f 5312/16/6 5311/16/6 1213/16/6
f 1213/16/6 5311/16/6 5313/16/6
f 1213/7/6 5313/7/6 1280/7/6
f 1280/7/6 5313/7/6 1277/7/6
f 1279/16/6 1275/16/6 1314/16/6
f 1314/16/6 1275/16/6 1310/16/6
f 1314/16/6 1309/16/6 1385/16/6
f 1385/16/6 1309/16/6 1386/16/6
f 1384/16/6 1377/16/6 1389/16/6
f 1389/16/6 1377/16/6 1416/16/6
f 2756/7/6 2755/7/6 78/7/6
f 78/7/6 2755/7/6 2717/7/6
f 3815/2/6 3700/2/6 1388/2/6
f 1388/2/6 3700/2/6 1382/2/6
f 4198/10/6 4197/10/6 2034/10/6
f 2034/10/6 4197/10/6 2035/10/6
f 1387/2/6 1380/2/6 4800/2/6
f 4800/2/6 1380/2/6 5307/2/6
f 2719/16/6 2718/16/6 23/16/6
f 23/16/6 2718/16/6 24/16/6
f 22/16/6 21/16/6 4833/16/6
f 4833/16/6 21/16/6 4828/16/6
f 4833/7/6 4828/7/6 73/7/6
f 73/7/6 4828/7/6 74/7/6
f 4800/13/6 5306/13/6 4854/13/6
f 4854/13/6 5306/13/6 5314/13/6
f 72/16/6 71/16/6 266/16/6
f 266/16/6 71/16/6 267/16/6
f 4854/2/6 5314/2/6 4864/2/6
f 4864/2/6 5314/2/6 5308/2/6
f 4864/13/6 5104/13/6 3707/13/6
f 3707/13/6 5104/13/6 3697/13/6
f 3706/7/6 3705/7/6 3647/7/6
f 3647/7/6 3705/7/6 3645/7/6
f 3599/16/6 3646/16/6 3598/16/6
f 3598/16/6 3646/16/6 5309/16/6
f 3597/16/6 3589/16/6 3550/16/6
f 3550/16/6 3589/16/6 1270/16/6
f 3550/16/6 5310/16/6 1217/16/6
f 1217/16/6 5310/16/6 1210/16/6
f 1220/16/6 1211/16/6 1215/16/6
f 1215/16/6 1211/16/6 1216/16/6
f 5315/7/6 1279/7/6 1313/7/6
f 1313/7/6 1279/7/6 1314/7/6
f 1312/16/6 1311/16/6 5316/16/6
f 5316/16/6 1311/16/6 1392/16/6
f 2981/16/6 2756/16/6 77/16/6
f 77/16/6 2756/16/6 78/16/6
f 4201/10/6 4200/10/6 2037/10/6
f 2037/10/6 4200/10/6 2038/10/6
f 76/16/6 75/16/6 2814/16/6
f 2814/16/6 75/16/6 4816/16/6
f 2814/7/6 4816/7/6 174/7/6
f 174/7/6 4816/7/6 4834/7/6
f 174/16/6 4834/16/6 166/16/6
f 166/16/6 4834/16/6 72/16/6
f 165/16/6 164/16/6 269/16/6
f 269/16/6 164/16/6 270/16/6
f 3721/16/6 3720/16/6 3602/16/6
f 3602/16/6 3720/16/6 3599/16/6
f 3601/16/6 3600/16/6 4898/16/6
f 4898/16/6 3600/16/6 3597/16/6
f 4898/7/6 3597/7/6 3553/7/6
f 3553/7/6 3597/7/6 3550/7/6
f 3552/16/6 3551/16/6 1219/16/6
f 1219/16/6 3551/16/6 1220/16/6
f 1286/7/6 5317/7/6 5000/7/6
f 5000/7/6 5317/7/6 1214/7/6
f 5000/16/6 1213/16/6 1282/16/6
f 1282/16/6 1213/16/6 1280/16/6
f 1322/7/6 1313/7/6 1317/7/6
f 1317/7/6 1313/7/6 1318/7/6
f 1316/16/6 1315/16/6 1391/16/6
f 1391/16/6 1315/16/6 5316/16/6
f 1420/16/6 1417/16/6 1477/16/6
f 1477/16/6 1417/16/6 1415/16/6
f 2984/16/6 2983/16/6 4766/16/6
f 4766/16/6 2983/16/6 76/16/6
f 3725/2/6 3724/2/6 1423/2/6
f 1423/2/6 3724/2/6 1387/2/6
f 4766/7/6 76/7/6 169/7/6
f 169/7/6 76/7/6 170/7/6
f 168/16/6 167/16/6 277/16/6
f 277/16/6 167/16/6 2813/16/6
f 2815/16/6 2814/16/6 173/16/6
f 173/16/6 2814/16/6 174/16/6
f 172/16/6 171/16/6 273/16/6
f 273/16/6 171/16/6 165/16/6
f 3728/16/6 3727/16/6 4879/16/6
f 4879/16/6 3727/16/6 3648/16/6
f 1326/16/6 4899/16/6 3605/16/6
f 3605/16/6 4899/16/6 3603/16/6
f 3604/16/6 3553/16/6 5318/16/6
f 5318/16/6 3553/16/6 1218/16/6
f 5318/16/6 1217/16/6 1285/16/6
f 1285/16/6 1217/16/6 5317/16/6
f 1284/16/6 1283/16/6 1528/16/6
f 1528/16/6 1283/16/6 1281/16/6
f 1528/16/6 5315/16/6 1321/16/6
f 1321/16/6 5315/16/6 1313/16/6
f 1320/16/6 1319/16/6 1395/16/6
f 1395/16/6 1319/16/6 1316/16/6
f 1480/16/6 1479/16/6 1523/16/6
f 1523/16/6 1479/16/6 5028/16/6
f 2869/16/6 2868/16/6 4793/16/6
f 4793/16/6 2868/16/6 168/16/6
f 4793/7/6 168/7/6 276/7/6
f 276/7/6 168/7/6 277/7/6
f 3649/16/6 3602/16/6 1325/16/6
f 1325/16/6 3602/16/6 4899/16/6
f 3776/16/6 3775/16/6 3731/16/6
f 3731/16/6 3775/16/6 3730/16/6
f 1324/16/6 1323/16/6 3653/16/6
f 3653/16/6 1323/16/6 3651/16/6
f 3652/16/6 3605/16/6 1329/16/6
f 1329/16/6 3605/16/6 1330/16/6
f 1328/7/6 1327/7/6 4956/7/6
f 4956/7/6 1327/7/6 4955/7/6
f 4956/16/6 4955/16/6 4977/16/6
f 4977/16/6 4955/16/6 5319/16/6
f 4977/7/6 5319/7/6 3657/7/6
f 3657/7/6 5319/7/6 3654/7/6
f 3656/16/6 3655/16/6 1527/16/6
f 1527/16/6 3655/16/6 1528/16/6
f 2103/4/6 5320/4/6 2094/4/6
f 2094/4/6 5320/4/6 2095/4/6
f 4209/4/6 4204/4/6 2041/4/6
f 2041/4/6 4204/4/6 2039/4/6
f 2107/4/6 4184/4/6 4208/4/6
f 4208/4/6 4184/4/6 2018/4/6
f 4207/14/6 4206/14/6 2098/14/6
f 2098/14/6 4206/14/6 2099/14/6
f 3780/16/6 3779/16/6 1430/16/6
f 1430/16/6 3779/16/6 1431/16/6
f 4241/11/6 4240/11/6 5321/11/6
f 5321/11/6 4240/11/6 2091/11/6
f 1429/16/6 1428/16/6 1483/16/6
f 1483/16/6 1428/16/6 1484/16/6
f 1482/16/6 1481/16/6 1531/16/6
f 1531/16/6 1481/16/6 1532/16/6
f 3733/16/6 3732/16/6 1434/16/6
f 1434/16/6 3732/16/6 1435/16/6
f 3708/16/6 3657/16/6 1398/16/6
f 1398/16/6 3657/16/6 1399/16/6
f 4248/11/6 4247/11/6 2113/11/6
f 2113/11/6 4247/11/6 2114/11/6
f 4252/11/6 4251/11/6 5322/11/6
f 5322/11/6 4251/11/6 4241/11/6
f 2128/14/6 2090/14/6 4958/14/6
f 4958/14/6 2090/14/6 4237/14/6
f 4958/4/6 4236/4/6 2117/4/6
f 2117/4/6 4236/4/6 2118/4/6
f 2132/4/6 2102/4/6 2121/4/6
f 2121/4/6 2102/4/6 2122/4/6
f 2816/16/6 2872/16/6 175/16/6
f 175/16/6 2872/16/6 280/16/6
f 4170/10/6 4203/10/6 1994/10/6
f 1994/10/6 4203/10/6 2040/10/6
f 279/16/6 278/16/6 422/16/6
f 422/16/6 278/16/6 423/16/6
f 2136/4/6 2109/4/6 2124/4/6
f 2124/4/6 2109/4/6 2113/4/6
f 2760/16/6 2759/16/6 81/16/6
f 81/16/6 2759/16/6 82/16/6
f 4212/4/6 4211/4/6 2044/4/6
f 2044/4/6 4211/4/6 2042/4/6
f 176/16/6 175/16/6 2821/16/6
f 2821/16/6 175/16/6 2818/16/6
f 2044/4/6 2029/4/6 5323/4/6
f 5323/4/6 2029/4/6 2010/4/6
f 2820/7/6 2819/7/6 179/7/6
f 179/7/6 2819/7/6 180/7/6
f 5323/4/6 2106/4/6 5324/4/6
f 5324/4/6 2106/4/6 4244/4/6
f 178/16/6 177/16/6 547/16/6
f 547/16/6 177/16/6 548/16/6
f 5324/4/6 4208/4/6 2135/4/6
f 2135/4/6 4208/4/6 2110/4/6
f 4264/4/6 4263/4/6 5325/4/6
f 5325/4/6 4263/4/6 4258/4/6
f 3298/16/6 3297/16/6 948/16/6
f 948/16/6 3297/16/6 949/16/6
f 5234/16/6 3377/16/6 1045/16/6
f 1045/16/6 3377/16/6 1046/16/6
f 5325/4/6 4252/4/6 5326/4/6
f 5326/4/6 4252/4/6 5322/4/6
f 947/16/6 946/16/6 992/16/6
f 992/16/6 946/16/6 993/16/6
f 5326/4/6 4241/4/6 5327/4/6
f 5327/4/6 4241/4/6 5321/4/6
f 991/16/6 990/16/6 3330/16/6
f 3330/16/6 990/16/6 3328/16/6
f 5328/4/6 5154/4/6 5329/4/6
f 5329/4/6 5154/4/6 4260/4/6
f 5329/4/6 2117/4/6 5330/4/6
f 5330/4/6 2117/4/6 4256/4/6
f 951/16/6 950/16/6 5235/16/6
f 5235/16/6 950/16/6 997/16/6
f 5330/4/6 4255/4/6 4270/4/6
f 4270/4/6 4255/4/6 5320/4/6
f 4270/4/6 2131/4/6 2139/4/6
f 2139/4/6 2131/4/6 2140/4/6
f 4214/10/6 4213/10/6 2046/10/6
f 2046/10/6 4213/10/6 2047/10/6
f 4718/4/6 4717/4/6 4598/4/6
f 4598/4/6 4717/4/6 4595/4/6
f 2994/16/6 2761/16/6 2763/16/6
f 2763/16/6 2761/16/6 179/16/6
f 2154/13/6 2153/13/6 4280/13/6
f 4280/13/6 2153/13/6 4277/13/6
f 2452/4/6 2451/4/6 2468/4/6
f 2468/4/6 2451/4/6 2469/4/6
f 2599/4/6 2598/4/6 4680/4/6
f 4680/4/6 2598/4/6 4677/4/6
f 2720/16/6 2762/16/6 85/16/6
f 85/16/6 2762/16/6 86/16/6
f 2467/14/6 2466/14/6 2566/14/6
f 2566/14/6 2466/14/6 2567/14/6
f 2158/13/6 2157/13/6 4284/13/6
f 4284/13/6 2157/13/6 4281/13/6
f 2315/13/6 2314/13/6 2374/13/6
f 2374/13/6 2314/13/6 2375/13/6
f 2435/11/6 2434/11/6 2457/11/6
f 2457/11/6 2434/11/6 2458/11/6
f 2565/11/6 2564/11/6 2604/11/6
f 2604/11/6 2564/11/6 2605/11/6
f 3302/16/6 3332/16/6 3301/16/6
f 3301/16/6 3332/16/6 3299/16/6
f 3300/7/6 3298/7/6 3269/7/6
f 3269/7/6 3298/7/6 948/7/6
f 2045/14/6 2044/14/6 5331/14/6
f 5331/14/6 2044/14/6 5327/14/6
f 2180/4/6 2179/4/6 4318/4/6
f 4318/4/6 2179/4/6 4315/4/6
f 907/16/6 906/16/6 3272/16/6
f 3272/16/6 906/16/6 3270/16/6
f 5331/14/6 2127/14/6 5332/14/6
f 5332/14/6 2127/14/6 5154/14/6
f 883/16/6 3271/16/6 912/16/6
f 912/16/6 3271/16/6 913/16/6
f 2184/4/6 2183/4/6 4322/4/6
f 4322/4/6 2183/4/6 4319/4/6
f 911/16/6 3329/16/6 5333/16/6
f 5333/16/6 3329/16/6 953/16/6
f 5332/14/6 5328/14/6 2143/14/6
f 2143/14/6 5328/14/6 2144/14/6
f 5333/16/6 952/16/6 956/16/6
f 956/16/6 952/16/6 957/16/6
f 995/16/6 5228/16/6 998/16/6
f 998/16/6 5228/16/6 1053/16/6
f 2142/4/6 2141/4/6 4272/4/6
f 4272/4/6 2141/4/6 4269/4/6
f 2188/11/6 2187/11/6 4326/11/6
f 4326/11/6 2187/11/6 4323/11/6
f 4271/14/6 4270/14/6 2146/14/6
f 2146/14/6 4270/14/6 2139/14/6
f 2765/16/6 3121/16/6 2722/16/6
f 2722/16/6 3121/16/6 5034/16/6
f 3335/13/6 3428/13/6 1001/13/6
f 1001/13/6 3428/13/6 1085/13/6
f 2722/7/6 5034/7/6 5334/7/6
f 5334/7/6 5034/7/6 5047/7/6
f 5334/16/6 5047/16/6 25/16/6
f 25/16/6 5047/16/6 2720/16/6
f 28/16/6 2721/16/6 88/16/6
f 88/16/6 2721/16/6 89/16/6
f 4616/14/6 2468/14/6 2518/14/6
f 2518/14/6 2468/14/6 2519/14/6
f 4642/14/6 4641/14/6 2542/14/6
f 2542/14/6 4641/14/6 2543/14/6
f 87/16/6 2822/16/6 90/16/6
f 90/16/6 2822/16/6 183/16/6
f 4217/2/6 4216/2/6 2050/2/6
f 2050/2/6 4216/2/6 2051/2/6
f 182/16/6 5223/16/6 4872/16/6
f 4872/16/6 5223/16/6 284/16/6
f 4872/16/6 283/16/6 287/16/6
f 287/16/6 283/16/6 288/16/6
f 3382/16/6 3381/16/6 3334/16/6
f 3334/16/6 3381/16/6 3333/16/6
f 3304/16/6 3303/16/6 3248/16/6
f 3248/16/6 3303/16/6 3245/16/6
f 880/16/6 3268/16/6 3251/16/6
f 3251/16/6 3268/16/6 909/16/6
f 884/7/6 883/7/6 5335/7/6
f 5335/7/6 883/7/6 912/7/6
f 4390/14/6 4389/14/6 2245/14/6
f 2245/14/6 4389/14/6 5008/14/6
f 5335/16/6 912/16/6 887/16/6
f 887/16/6 912/16/6 5182/16/6
f 887/7/6 5182/7/6 917/7/6
f 917/7/6 5182/7/6 5189/7/6
f 917/16/6 5189/16/6 960/16/6
f 960/16/6 5189/16/6 961/16/6
f 2766/7/6 2765/7/6 97/7/6
f 97/7/6 2765/7/6 2722/7/6
f 3310/2/6 3336/2/6 965/2/6
f 965/2/6 3336/2/6 1003/2/6
f 4286/10/6 4218/10/6 2165/10/6
f 2165/10/6 4218/10/6 2166/10/6
f 4489/10/6 4488/10/6 2378/10/6
f 2378/10/6 4488/10/6 2379/10/6
f 4601/10/6 4600/10/6 2500/10/6
f 2500/10/6 4600/10/6 2501/10/6
f 4630/10/6 4629/10/6 2532/10/6
f 2532/10/6 4629/10/6 2533/10/6
f 4726/10/6 4725/10/6 2656/10/6
f 2656/10/6 4725/10/6 2657/10/6
f 2724/16/6 2723/16/6 27/16/6
f 27/16/6 2723/16/6 28/16/6
f 26/16/6 25/16/6 4835/16/6
f 4835/16/6 25/16/6 4829/16/6
f 4835/7/6 4829/7/6 92/7/6
f 92/7/6 4829/7/6 93/7/6
f 91/16/6 90/16/6 291/16/6
f 291/16/6 90/16/6 292/16/6
f 3308/7/6 3307/7/6 3276/7/6
f 3276/7/6 3307/7/6 3273/7/6
f 3275/16/6 3274/16/6 3253/16/6
f 3253/16/6 3274/16/6 3247/16/6
f 5336/16/6 881/16/6 3226/16/6
f 3226/16/6 881/16/6 3250/16/6
f 3226/16/6 3249/16/6 851/16/6
f 851/16/6 3249/16/6 886/16/6
f 851/16/6 885/16/6 889/16/6
f 889/16/6 885/16/6 890/16/6
f 915/7/6 914/7/6 963/7/6
f 963/7/6 914/7/6 964/7/6
f 2997/16/6 2766/16/6 96/16/6
f 96/16/6 2766/16/6 97/16/6
f 3312/13/6 3311/13/6 967/13/6
f 967/13/6 3311/13/6 968/13/6
f 95/16/6 94/16/6 2824/16/6
f 2824/16/6 94/16/6 4817/16/6
f 2824/7/6 4817/7/6 194/7/6
f 194/7/6 4817/7/6 4836/7/6
f 194/16/6 4836/16/6 186/16/6
f 186/16/6 4836/16/6 91/16/6
f 185/16/6 184/16/6 294/16/6
f 294/16/6 184/16/6 295/16/6
f 5337/2/6 5338/2/6 5339/2/6
f 5339/2/6 5338/2/6 5102/2/6
f 3315/16/6 3314/16/6 5340/16/6
f 5340/16/6 3314/16/6 3252/16/6
f 5341/7/6 5336/7/6 3229/7/6
f 3229/7/6 5336/7/6 3226/7/6
f 3228/16/6 3227/16/6 853/16/6
f 853/16/6 3227/16/6 854/16/6
f 852/7/6 851/7/6 5343/7/6
f 5343/7/6 851/7/6 5342/7/6
f 5343/16/6 5342/16/6 855/16/6
f 855/16/6 5342/16/6 5344/16/6
f 855/7/6 5344/7/6 892/7/6
f 892/7/6 5344/7/6 889/7/6
f 891/16/6 887/16/6 921/16/6
f 921/16/6 887/16/6 917/16/6
f 921/16/6 916/16/6 970/16/6
f 970/16/6 916/16/6 971/16/6
f 969/16/6 962/16/6 974/16/6
f 974/16/6 962/16/6 1006/16/6
f 3000/16/6 2999/16/6 4768/16/6
f 4768/16/6 2999/16/6 95/16/6
f 3440/2/6 3312/2/6 973/2/6
f 973/2/6 3312/2/6 967/2/6
f 4768/7/6 95/7/6 189/7/6
f 189/7/6 95/7/6 190/7/6
f 972/2/6 965/2/6 4798/2/6
f 4798/2/6 965/2/6 5338/2/6
f 188/16/6 187/16/6 302/16/6
f 302/16/6 187/16/6 2823/16/6
f 2825/16/6 2824/16/6 193/16/6
f 193/16/6 2824/16/6 194/16/6
f 192/16/6 191/16/6 298/16/6
f 298/16/6 191/16/6 185/16/6
f 4798/13/6 5337/13/6 4851/13/6
f 4851/13/6 5337/13/6 5345/13/6
f 4851/2/6 5345/2/6 4862/2/6
f 4862/2/6 5345/2/6 5339/2/6
f 4862/13/6 5102/13/6 3319/13/6
f 3319/13/6 5102/13/6 3309/13/6
f 3318/7/6 3317/7/6 3279/7/6
f 3279/7/6 3317/7/6 3277/7/6
f 3256/16/6 3278/16/6 3255/16/6
f 3255/16/6 3278/16/6 5340/16/6
f 3254/16/6 3246/16/6 3230/16/6
f 3230/16/6 3246/16/6 882/16/6
f 3230/16/6 5341/16/6 859/16/6
f 859/16/6 5341/16/6 852/16/6
f 862/16/6 853/16/6 857/16/6
f 857/16/6 853/16/6 858/16/6
f 5346/7/6 891/7/6 920/7/6
f 920/7/6 891/7/6 921/7/6
f 919/16/6 918/16/6 5347/16/6
f 5347/16/6 918/16/6 977/16/6
f 2876/16/6 2875/16/6 4794/16/6
f 4794/16/6 2875/16/6 188/16/6
f 4794/7/6 188/7/6 301/7/6
f 301/7/6 188/7/6 302/7/6
f 3340/16/6 3339/16/6 3259/16/6
f 3259/16/6 3339/16/6 3256/16/6
f 3258/16/6 3257/16/6 4894/16/6
f 4894/16/6 3257/16/6 3254/16/6
f 4894/7/6 3254/7/6 3233/7/6
f 3233/7/6 3254/7/6 3230/7/6
f 3232/16/6 3231/16/6 861/16/6
f 861/16/6 3231/16/6 862/16/6
f 898/7/6 5348/7/6 4992/7/6
f 4992/7/6 5348/7/6 856/7/6
f 4992/16/6 855/16/6 894/16/6
f 894/16/6 855/16/6 892/16/6
f 929/7/6 920/7/6 924/7/6
f 924/7/6 920/7/6 925/7/6
f 923/16/6 922/16/6 976/16/6
f 976/16/6 922/16/6 5347/16/6
f 1010/16/6 1007/16/6 1064/16/6
f 1064/16/6 1007/16/6 1005/16/6
f 3344/2/6 3343/2/6 1013/2/6
f 1013/2/6 3343/2/6 972/2/6
f 3347/16/6 3346/16/6 4876/16/6
f 4876/16/6 3346/16/6 3280/16/6
f 933/16/6 4895/16/6 3262/16/6
f 3262/16/6 4895/16/6 3260/16/6
f 3261/16/6 3233/16/6 5349/16/6
f 5349/16/6 3233/16/6 860/16/6
f 5349/16/6 859/16/6 897/16/6
f 897/16/6 859/16/6 5348/16/6
f 896/16/6 895/16/6 1104/16/6
f 1104/16/6 895/16/6 893/16/6
f 1104/16/6 5346/16/6 928/16/6
f 928/16/6 5346/16/6 920/16/6
f 927/16/6 926/16/6 980/16/6
f 980/16/6 926/16/6 923/16/6
f 1067/16/6 1066/16/6 1099/16/6
f 1099/16/6 1066/16/6 5026/16/6
f 3281/16/6 3259/16/6 932/16/6
f 932/16/6 3259/16/6 4895/16/6
f 3394/16/6 3393/16/6 3350/16/6
f 3350/16/6 3393/16/6 3349/16/6
f 931/16/6 930/16/6 3285/16/6
f 3285/16/6 930/16/6 3283/16/6
f 3284/16/6 3262/16/6 936/16/6
f 936/16/6 3262/16/6 937/16/6
f 935/7/6 934/7/6 4951/7/6
f 4951/7/6 934/7/6 4950/7/6
f 4951/16/6 4950/16/6 4972/16/6
f 4972/16/6 4950/16/6 5350/16/6
f 4972/7/6 5350/7/6 3289/7/6
f 3289/7/6 5350/7/6 3286/7/6
f 3288/16/6 3287/16/6 1103/16/6
f 1103/16/6 3287/16/6 1104/16/6
f 2826/16/6 2879/16/6 195/16/6
f 195/16/6 2879/16/6 305/16/6
f 304/16/6 303/16/6 444/16/6
f 444/16/6 303/16/6 445/16/6
f 3398/16/6 3397/16/6 1020/16/6
f 1020/16/6 3397/16/6 1021/16/6
f 1019/16/6 1018/16/6 1070/16/6
f 1070/16/6 1018/16/6 1071/16/6
f 3352/16/6 3351/16/6 1024/16/6
f 1024/16/6 3351/16/6 1025/16/6
f 1069/16/6 1068/16/6 1107/16/6
f 1107/16/6 1068/16/6 1108/16/6
f 2770/16/6 2769/16/6 100/16/6
f 100/16/6 2769/16/6 101/16/6
f 196/16/6 195/16/6 2831/16/6
f 2831/16/6 195/16/6 2828/16/6
f 4220/2/6 4219/2/6 2054/2/6
f 2054/2/6 4219/2/6 2055/2/6
f 2830/7/6 2829/7/6 199/7/6
f 199/7/6 2829/7/6 200/7/6
f 4290/12/6 4447/12/6 4293/12/6
f 4293/12/6 4447/12/6 2321/12/6
f 198/16/6 197/16/6 571/16/6
f 571/16/6 197/16/6 572/16/6
f 2248/12/6 2247/12/6 2324/12/6
f 2324/12/6 2247/12/6 2325/12/6
f 3010/16/6 2771/16/6 2773/16/6
f 2773/16/6 2771/16/6 199/16/6
f 2725/16/6 2772/16/6 104/16/6
f 104/16/6 2772/16/6 105/16/6
f 4294/12/6 2320/12/6 4297/12/6
f 4297/12/6 2320/12/6 2218/12/6
f 2775/16/6 3127/16/6 2727/16/6
f 2727/16/6 3127/16/6 5036/16/6
f 2727/7/6 5036/7/6 5351/7/6
f 5351/7/6 5036/7/6 5049/7/6
f 5351/16/6 5049/16/6 29/16/6
f 29/16/6 5049/16/6 2725/16/6
f 32/16/6 2726/16/6 107/16/6
f 107/16/6 2726/16/6 108/16/6
f 4300/2/6 4295/2/6 4299/2/6
f 4299/2/6 4295/2/6 4296/2/6
f 106/16/6 2832/16/6 109/16/6
f 109/16/6 2832/16/6 203/16/6
f 202/16/6 5250/16/6 4873/16/6
f 4873/16/6 5250/16/6 309/16/6
f 2335/12/6 2167/12/6 2331/12/6
f 2331/12/6 2167/12/6 2332/12/6
f 4873/16/6 308/16/6 312/16/6
f 312/16/6 308/16/6 313/16/6
f 2776/7/6 2775/7/6 116/7/6
f 116/7/6 2775/7/6 2727/7/6
f 2729/16/6 2728/16/6 31/16/6
f 31/16/6 2728/16/6 32/16/6
f 4304/2/6 4291/2/6 4303/2/6
f 4303/2/6 4291/2/6 4292/2/6
f 30/16/6 29/16/6 4837/16/6
f 4837/16/6 29/16/6 4830/16/6
f 4837/7/6 4830/7/6 111/7/6
f 111/7/6 4830/7/6 112/7/6
f 2198/12/6 2217/12/6 2169/12/6
f 2169/12/6 2217/12/6 2328/12/6
f 110/16/6 109/16/6 316/16/6
f 316/16/6 109/16/6 317/16/6
f 3013/16/6 2776/16/6 115/16/6
f 115/16/6 2776/16/6 116/16/6
f 4337/2/6 4393/2/6 4464/2/6
f 4464/2/6 4393/2/6 4288/2/6
f 114/16/6 113/16/6 2834/16/6
f 2834/16/6 113/16/6 4818/16/6
f 2834/7/6 4818/7/6 214/7/6
f 214/7/6 4818/7/6 4838/7/6
f 2343/12/6 4301/12/6 2197/12/6
f 2197/12/6 4301/12/6 4298/12/6
f 2220/12/6 2219/12/6 2338/12/6
f 2338/12/6 2219/12/6 2339/12/6
f 214/16/6 4838/16/6 206/16/6
f 206/16/6 4838/16/6 110/16/6
f 205/16/6 204/16/6 319/16/6
f 319/16/6 204/16/6 320/16/6
f 3016/16/6 3015/16/6 4770/16/6
f 4770/16/6 3015/16/6 114/16/6
f 4770/7/6 114/7/6 209/7/6
f 209/7/6 114/7/6 210/7/6
f 208/16/6 207/16/6 327/16/6
f 327/16/6 207/16/6 2833/16/6
f 4306/12/6 4305/12/6 2342/12/6
f 2342/12/6 4305/12/6 4302/12/6
f 2835/16/6 2834/16/6 213/16/6
f 213/16/6 2834/16/6 214/16/6
f 212/16/6 211/16/6 323/16/6
f 323/16/6 211/16/6 205/16/6
f 2883/16/6 2882/16/6 4795/16/6
f 4795/16/6 2882/16/6 208/16/6
f 4795/7/6 208/7/6 326/7/6
f 326/7/6 208/7/6 327/7/6
f 2063/2/6 4223/2/6 2058/2/6
f 2058/2/6 4223/2/6 2059/2/6
f 4620/2/6 4619/2/6 4606/2/6
f 4606/2/6 4619/2/6 4603/2/6
f 4226/2/6 4225/2/6 2062/2/6
f 2062/2/6 4225/2/6 2063/2/6
f 2503/2/6 2502/2/6 4610/2/6
f 4610/2/6 2502/2/6 4607/2/6
f 2061/2/6 2060/2/6 2284/2/6
f 2284/2/6 2060/2/6 2057/2/6
f 4609/2/6 4608/2/6 2508/2/6
f 2508/2/6 4608/2/6 2509/2/6
f 2535/13/6 2534/13/6 4639/13/6
f 4639/13/6 2534/13/6 4636/13/6
f 4228/2/6 2058/2/6 2066/2/6
f 2066/2/6 2058/2/6 2067/2/6
f 2507/2/6 2506/2/6 2522/2/6
f 2522/2/6 2506/2/6 2523/2/6
f 2607/13/6 2606/13/6 2660/13/6
f 2660/13/6 2606/13/6 2661/13/6
f 3217/10/6 3216/10/6 840/10/6
f 840/10/6 3216/10/6 841/10/6
f 3660/10/6 3659/10/6 1333/10/6
f 1333/10/6 3659/10/6 1334/10/6
f 4124/10/6 4145/10/6 1942/10/6
f 1942/10/6 4145/10/6 1966/10/6
f 3084/10/6 3133/10/6 685/10/6
f 685/10/6 3133/10/6 744/10/6
f 3176/10/6 3134/10/6 795/10/6
f 795/10/6 3134/10/6 743/10/6
f 3322/10/6 3321/10/6 983/10/6
f 983/10/6 3321/10/6 984/10/6
f 3568/10/6 3567/10/6 1245/10/6
f 1245/10/6 3567/10/6 1246/10/6
f 3663/10/6 3662/10/6 1336/10/6
f 1336/10/6 3662/10/6 1337/10/6
f 3898/10/6 3897/10/6 1640/10/6
f 1640/10/6 3897/10/6 1641/10/6
f 4126/10/6 4125/10/6 1944/10/6
f 1944/10/6 4125/10/6 1945/10/6
f 3179/10/6 3178/10/6 797/10/6
f 797/10/6 3178/10/6 798/10/6
f 3201/10/6 3219/10/6 821/10/6
f 821/10/6 3219/10/6 843/10/6
f 3490/10/6 3220/10/6 1146/10/6
f 1146/10/6 3220/10/6 842/10/6
f 3666/10/6 3665/10/6 1339/10/6
f 1339/10/6 3665/10/6 1340/10/6
f 3736/10/6 4087/10/6 1438/10/6
f 1438/10/6 4087/10/6 1895/10/6
f 4129/10/6 4128/10/6 1947/10/6
f 1947/10/6 4128/10/6 1948/10/6
f 4148/10/6 4147/10/6 1968/10/6
f 1968/10/6 4147/10/6 1969/10/6
f 3355/5/6 3354/5/6 1028/5/6
f 1028/5/6 3354/5/6 1029/5/6
f 3493/5/6 3492/5/6 1148/5/6
f 1148/5/6 3492/5/6 1149/5/6
f 4091/5/6 4090/5/6 1898/5/6
f 1898/5/6 4090/5/6 1899/5/6
f 4095/6/6 4094/6/6 3972/6/6
f 3972/6/6 4094/6/6 3969/6/6
f 3971/6/6 3970/6/6 1705/6/6
f 1705/6/6 3970/6/6 3941/6/6
f 1708/6/6 3942/6/6 3903/6/6
f 3903/6/6 3942/6/6 3900/6/6
f 3902/6/6 3901/6/6 1578/6/6
f 1578/6/6 3901/6/6 3857/6/6
f 1581/6/6 3858/6/6 3826/6/6
f 3826/6/6 3858/6/6 3823/6/6
f 3825/6/6 3824/6/6 1496/6/6
f 1496/6/6 3824/6/6 3782/6/6
f 1499/6/6 3783/6/6 3740/6/6
f 3740/6/6 3783/6/6 3738/6/6
f 3983/10/6 3982/10/6 3611/10/6
f 3611/10/6 3982/10/6 3609/10/6
f 4131/10/6 4151/10/6 1949/10/6
f 1949/10/6 4151/10/6 1972/10/6
f 746/13/6 745/13/6 757/13/6
f 757/13/6 745/13/6 758/13/6
f 810/13/6 809/13/6 825/13/6
f 825/13/6 809/13/6 826/13/6
f 3610/17/6 1898/17/6 3575/17/6
f 3575/17/6 1898/17/6 3572/17/6
f 1643/17/6 1642/17/6 3907/17/6
f 3907/17/6 1642/17/6 3904/17/6
f 756/13/6 755/13/6 3146/13/6
f 3146/13/6 755/13/6 3143/13/6
f 939/13/6 938/13/6 1032/13/6
f 1032/13/6 938/13/6 1033/13/6
f 3574/17/6 3573/17/6 3532/17/6
f 3532/17/6 3573/17/6 3529/17/6
f 3531/17/6 3530/17/6 3500/17/6
f 3500/17/6 3530/17/6 3497/17/6
f 1342/17/6 1341/17/6 3673/17/6
f 3673/17/6 1341/17/6 3670/17/6
f 1441/17/6 1440/17/6 3744/17/6
f 3744/17/6 1440/17/6 3741/17/6
f 1575/17/6 1574/17/6 3862/17/6
f 3862/17/6 1574/17/6 3859/17/6
f 466/13/6 465/13/6 693/13/6
f 693/13/6 465/13/6 694/13/6
f 3145/13/6 3144/13/6 761/13/6
f 761/13/6 3144/13/6 762/13/6
f 3190/13/6 3189/13/6 829/13/6
f 829/13/6 3189/13/6 830/13/6
f 845/13/6 844/13/6 865/13/6
f 865/13/6 844/13/6 866/13/6
f 1346/17/6 1345/17/6 3677/17/6
f 3677/17/6 1345/17/6 3674/17/6
f 1489/17/6 1488/17/6 3787/17/6
f 3787/17/6 1488/17/6 3784/17/6
f 1702/17/6 1701/17/6 3946/17/6
f 3946/17/6 1701/17/6 3943/17/6
f 1248/17/6 1247/17/6 3579/17/6
f 3579/17/6 1247/17/6 3576/17/6
f 1647/17/6 1646/17/6 3911/17/6
f 3911/17/6 1646/17/6 3908/17/6
f 1493/17/6 1492/17/6 3791/17/6
f 3791/17/6 1492/17/6 3788/17/6
f 1031/18/6 1030/18/6 5352/18/6
f 5352/18/6 1030/18/6 3362/18/6
f 1151/17/6 1150/17/6 3504/17/6
f 3504/17/6 1150/17/6 3501/17/6
f 1651/18/6 1650/18/6 3915/18/6
f 3915/18/6 1650/18/6 3912/18/6
f 1202/17/6 1201/17/6 3534/17/6
f 3534/17/6 1201/17/6 3533/17/6
f 1350/17/6 1349/17/6 3679/17/6
f 3679/17/6 1349/17/6 3678/17/6
f 1445/17/6 1444/17/6 3748/17/6
f 3748/17/6 1444/17/6 3745/17/6
f 1155/17/6 1154/17/6 3536/17/6
f 3536/17/6 1154/17/6 3505/17/6
f 1288/17/6 1287/17/6 3615/17/6
f 3615/17/6 1287/17/6 3612/17/6
f 1706/6/6 1705/6/6 1742/6/6
f 1742/6/6 1705/6/6 3947/6/6
f 1252/17/6 1251/17/6 3617/17/6
f 3617/17/6 1251/17/6 3580/17/6
f 1449/17/6 1448/17/6 3752/17/6
f 3752/17/6 1448/17/6 3749/17/6
f 1354/17/6 1353/17/6 3794/17/6
f 3794/17/6 1353/17/6 3680/17/6
f 1497/6/6 1496/6/6 1535/6/6
f 1535/6/6 1496/6/6 3792/6/6
f 2696/10/6 2837/10/6 3/10/6
f 3/10/6 2837/10/6 217/10/6
f 3988/10/6 3987/10/6 1746/10/6
f 1746/10/6 3987/10/6 1747/10/6
f 219/13/6 218/13/6 5353/13/6
f 5353/13/6 218/13/6 331/13/6
f 5353/13/6 330/13/6 5354/13/6
f 5354/13/6 330/13/6 2887/13/6
f 3210/2/6 3209/2/6 833/2/6
f 833/2/6 3209/2/6 834/2/6
f 3235/2/6 3234/2/6 869/2/6
f 869/2/6 3234/2/6 870/2/6
f 5354/13/6 2886/13/6 334/13/6
f 334/13/6 2886/13/6 335/13/6
f 1035/17/6 1034/17/6 1074/17/6
f 1074/17/6 1034/17/6 1075/17/6
f 3407/17/6 3406/17/6 5355/17/6
f 5355/17/6 3406/17/6 5352/17/6
f 1811/18/6 4922/18/6 4001/18/6
f 4001/18/6 4922/18/6 3973/18/6
f 1037/6/6 1036/6/6 1078/6/6
f 1078/6/6 1036/6/6 1079/6/6
f 3507/6/6 1109/6/6 1160/6/6
f 1160/6/6 1109/6/6 1161/6/6
f 2698/6/6 2696/6/6 6/6/6
f 6/6/6 2696/6/6 3/6/6
f 3360/6/6 3359/6/6 1041/6/6
f 1041/6/6 3359/6/6 1042/6/6
f 3999/10/6 3998/10/6 1749/10/6
f 1749/10/6 3998/10/6 1750/10/6
f 1815/17/6 5356/17/6 5357/17/6
f 5357/17/6 5356/17/6 1801/17/6
f 1819/17/6 3991/17/6 5358/17/6
f 5358/17/6 3991/17/6 1805/17/6
f 3411/11/6 3410/11/6 3414/11/6
f 3414/11/6 3410/11/6 5359/11/6
f 3414/17/6 5359/17/6 3365/17/6
f 3365/17/6 5359/17/6 5355/17/6
f 4413/16/6 4412/16/6 2287/16/6
f 2287/16/6 4412/16/6 2288/16/6
f 5263/16/6 4492/16/6 2382/16/6
f 2382/16/6 4492/16/6 2383/16/6
f 3364/6/6 3401/6/6 3367/6/6
f 3367/6/6 3401/6/6 1039/6/6
f 2286/16/6 2285/16/6 2346/16/6
f 2346/16/6 2285/16/6 2347/16/6
f 1080/6/6 1076/6/6 1111/6/6
f 1111/6/6 1076/6/6 1112/6/6
f 1593/6/6 1587/6/6 1539/6/6
f 1539/6/6 1587/6/6 1540/6/6
f 2700/6/6 2699/6/6 7/6/6
f 7/6/6 2699/6/6 5/6/6
f 3147/6/6 3192/6/6 763/6/6
f 763/6/6 3192/6/6 813/6/6
f 3265/10/6 3293/10/6 903/10/6
f 903/10/6 3293/10/6 944/10/6
f 4004/10/6 4003/10/6 1752/10/6
f 1752/10/6 4003/10/6 1753/10/6
f 5360/17/6 1800/17/6 1818/17/6
f 1818/17/6 1800/17/6 3992/17/6
f 4012/17/6 4011/17/6 1823/17/6
f 1823/17/6 4011/17/6 5358/17/6
f 1823/17/6 1804/17/6 4018/17/6
f 4018/17/6 1804/17/6 3996/17/6
f 4417/16/6 4467/16/6 4416/16/6
f 4416/16/6 4467/16/6 4414/16/6
f 3415/11/6 3414/11/6 3418/11/6
f 3418/11/6 3414/11/6 3365/11/6
f 4415/7/6 4413/7/6 4366/7/6
f 4366/7/6 4413/7/6 2287/7/6
f 3368/6/6 1038/6/6 3371/6/6
f 3371/6/6 1038/6/6 1082/6/6
f 1113/6/6 1110/6/6 1164/6/6
f 1164/6/6 1110/6/6 1165/6/6
f 3582/6/6 1205/6/6 1257/6/6
f 1257/6/6 1205/6/6 1258/6/6
f 2702/10/6 2701/10/6 9/10/6
f 9/10/6 2701/10/6 10/10/6
f 2936/10/6 3021/10/6 469/10/6
f 469/10/6 3021/10/6 591/10/6
f 4015/10/6 4014/10/6 1755/10/6
f 1755/10/6 4014/10/6 1756/10/6
f 4470/13/6 4519/13/6 2348/13/6
f 2348/13/6 4519/13/6 2408/13/6
f 5361/17/6 4007/17/6 1911/17/6
f 1911/17/6 4007/17/6 5357/17/6
f 1911/11/6 5360/11/6 1822/11/6
f 1822/11/6 5360/11/6 1823/11/6
f 4497/16/6 4496/16/6 4469/16/6
f 4469/16/6 4496/16/6 4468/16/6
f 4419/16/6 4418/16/6 4342/16/6
f 4342/16/6 4418/16/6 4339/16/6
f 4019/17/6 3995/17/6 1827/17/6
f 1827/17/6 3995/17/6 4922/17/6
f 3419/18/6 3365/18/6 3458/18/6
f 3458/18/6 3365/18/6 3366/18/6
f 1827/18/6 1810/18/6 4024/18/6
f 4024/18/6 1810/18/6 4002/18/6
f 2224/16/6 4365/16/6 4346/16/6
f 4346/16/6 4365/16/6 2353/16/6
f 2704/6/6 2702/6/6 12/6/6
f 12/6/6 2702/6/6 9/6/6
f 2732/6/6 2731/6/6 35/6/6
f 35/6/6 2731/6/6 34/6/6
f 2893/10/6 2892/10/6 338/10/6
f 338/10/6 2892/10/6 337/10/6
f 3094/6/6 3093/6/6 697/6/6
f 697/6/6 3093/6/6 696/6/6
f 4022/10/6 4021/10/6 1758/10/6
f 1758/10/6 4021/10/6 1759/10/6
f 4425/2/6 4471/2/6 2289/2/6
f 2289/2/6 4471/2/6 2350/2/6
f 4423/7/6 4422/7/6 4370/7/6
f 4370/7/6 4422/7/6 4367/7/6
f 4369/16/6 4368/16/6 4348/16/6
f 4348/16/6 4368/16/6 4341/16/6
f 4735/16/6 4734/16/6 4683/16/6
f 4683/16/6 4734/16/6 4681/16/6
f 5362/16/6 2225/16/6 4327/16/6
f 4327/16/6 2225/16/6 4345/16/6
f 3459/6/6 3369/6/6 3373/6/6
f 3373/6/6 3369/6/6 3370/6/6
f 4327/16/6 4344/16/6 2199/16/6
f 2199/16/6 4344/16/6 2230/16/6
f 4653/16/6 4682/16/6 2612/16/6
f 2612/16/6 4682/16/6 2613/16/6
f 3372/6/6 1081/6/6 5363/6/6
f 5363/6/6 1081/6/6 1115/6/6
f 1833/6/6 1807/6/6 1762/6/6
f 1762/6/6 1807/6/6 1763/6/6
f 2611/16/6 4731/16/6 5173/16/6
f 5173/16/6 4731/16/6 2665/16/6
f 5363/6/6 1114/6/6 1167/6/6
f 1167/6/6 1114/6/6 1168/6/6
f 1715/6/6 1578/6/6 1656/6/6
f 1656/6/6 1578/6/6 3863/6/6
f 2199/16/6 2229/16/6 2233/16/6
f 2233/16/6 2229/16/6 2234/16/6
f 5173/16/6 2664/16/6 2668/16/6
f 2668/16/6 2664/16/6 2669/16/6
f 2706/10/6 2704/10/6 14/10/6
f 14/10/6 2704/10/6 12/10/6
f 3164/6/6 3163/6/6 782/6/6
f 782/6/6 3163/6/6 781/6/6
f 3212/6/6 3224/6/6 835/6/6
f 835/6/6 3224/6/6 850/6/6
f 4027/10/6 4026/10/6 1765/10/6
f 1765/10/6 4026/10/6 1766/10/6
f 4427/13/6 4426/13/6 2291/13/6
f 2291/13/6 4426/13/6 2292/13/6
f 1837/14/6 5361/14/6 1910/14/6
f 1910/14/6 5361/14/6 1911/14/6
f 5364/2/6 5365/2/6 5366/2/6
f 5366/2/6 5365/2/6 5106/2/6
f 4430/16/6 4429/16/6 5367/16/6
f 5367/16/6 4429/16/6 4347/16/6
f 4739/16/6 4738/16/6 2572/16/6
f 2572/16/6 4738/16/6 2573/16/6
f 2571/7/6 2570/7/6 4655/7/6
f 4655/7/6 2570/7/6 4653/7/6
f 5368/7/6 5362/7/6 4330/7/6
f 4330/7/6 5362/7/6 4327/7/6
f 3462/6/6 3461/6/6 3423/6/6
f 3423/6/6 3461/6/6 3421/6/6
f 4329/16/6 4328/16/6 2201/16/6
f 2201/16/6 4328/16/6 2202/16/6
f 3422/6/6 3373/6/6 1118/6/6
f 1118/6/6 3373/6/6 1119/6/6
f 2200/7/6 2199/7/6 5370/7/6
f 5370/7/6 2199/7/6 5369/7/6
f 2575/16/6 2574/16/6 5171/16/6
f 5171/16/6 2574/16/6 5172/16/6
f 5370/16/6 5369/16/6 2203/16/6
f 2203/16/6 5369/16/6 5371/16/6
f 5171/7/6 5172/7/6 5372/7/6
f 5372/7/6 5172/7/6 5180/7/6
f 2203/7/6 5371/7/6 2236/7/6
f 2236/7/6 5371/7/6 2233/7/6
f 3623/6/6 3622/6/6 1261/6/6
f 1261/6/6 3622/6/6 1262/6/6
f 5372/16/6 5180/16/6 5373/16/6
f 5373/16/6 5180/16/6 2617/16/6
f 2235/16/6 2232/16/6 2253/16/6
f 2253/16/6 2232/16/6 2254/16/6
f 2939/6/6 2733/6/6 473/6/6
f 473/6/6 2733/6/6 36/6/6
f 3095/6/6 3024/6/6 699/6/6
f 699/6/6 3024/6/6 593/6/6
f 3150/6/6 3142/6/6 767/6/6
f 767/6/6 3142/6/6 753/6/6
f 4030/10/6 4029/10/6 1768/10/6
f 1768/10/6 4029/10/6 1769/10/6
f 4531/2/6 4427/2/6 2294/2/6
f 2294/2/6 4427/2/6 2291/2/6
f 2293/2/6 2289/2/6 4807/2/6
f 4807/2/6 2289/2/6 5365/2/6
f 1835/14/6 1834/14/6 1845/14/6
f 1845/14/6 1834/14/6 1913/14/6
f 4807/13/6 5364/13/6 4858/13/6
f 4858/13/6 5364/13/6 5374/13/6
f 4858/2/6 5374/2/6 4867/2/6
f 4867/2/6 5374/2/6 5366/2/6
f 4867/13/6 5106/13/6 4434/13/6
f 4434/13/6 5106/13/6 4424/13/6
f 4433/7/6 4432/7/6 4373/7/6
f 4373/7/6 4432/7/6 4371/7/6
f 4351/16/6 4372/16/6 4350/16/6
f 4350/16/6 4372/16/6 5367/16/6
f 4743/16/6 4742/16/6 4658/16/6
f 4658/16/6 4742/16/6 2571/16/6
f 4349/16/6 4340/16/6 4331/16/6
f 4331/16/6 4340/16/6 2226/16/6
f 4657/16/6 4656/16/6 2546/16/6
f 2546/16/6 4656/16/6 2547/16/6
f 2545/16/6 4654/16/6 4646/16/6
f 4646/16/6 4654/16/6 2577/16/6
f 4331/16/6 5368/16/6 2207/16/6
f 2207/16/6 5368/16/6 2200/16/6
f 3465/6/6 3423/6/6 1121/6/6
f 1121/6/6 3423/6/6 1122/6/6
f 2549/7/6 2548/7/6 2552/7/6
f 2552/7/6 2548/7/6 5170/7/6
f 2210/16/6 2201/16/6 2205/16/6
f 2205/16/6 2201/16/6 2206/16/6
f 5375/16/6 5376/16/6 2580/16/6
f 2580/16/6 5376/16/6 2581/16/6
f 5377/7/6 2235/7/6 2257/7/6
f 2257/7/6 2235/7/6 2258/7/6
f 2615/16/6 2614/16/6 2622/16/6
f 2622/16/6 2614/16/6 2672/16/6
f 2256/16/6 2255/16/6 5378/16/6
f 5378/16/6 2255/16/6 2302/16/6
f 2708/6/6 2706/6/6 16/6/6
f 16/6/6 2706/6/6 14/6/6
f 4033/10/6 4032/10/6 1771/10/6
f 1771/10/6 4032/10/6 1772/10/6
f 4686/13/6 4685/13/6 2620/13/6
f 2620/13/6 4685/13/6 2621/13/6
f 4475/16/6 4474/16/6 4354/16/6
f 4354/16/6 4474/16/6 4351/16/6
f 4692/16/6 4747/16/6 4691/16/6
f 4691/16/6 4747/16/6 4688/16/6
f 4353/16/6 4352/16/6 4902/16/6
f 4902/16/6 4352/16/6 4349/16/6
f 4690/7/6 4689/7/6 4661/7/6
f 4661/7/6 4689/7/6 4658/7/6
f 4902/7/6 4349/7/6 4334/7/6
f 4334/7/6 4349/7/6 4331/7/6
f 4660/16/6 4659/16/6 2556/16/6
f 2556/16/6 4659/16/6 2545/16/6
f 1844/18/6 1826/18/6 4936/18/6
f 4936/18/6 1826/18/6 4025/18/6
f 2559/16/6 2546/16/6 5379/16/6
f 5379/16/6 2546/16/6 4645/16/6
f 4333/16/6 4332/16/6 2209/16/6
f 2209/16/6 4332/16/6 2210/16/6
f 5379/16/6 4644/16/6 5380/16/6
f 5380/16/6 4644/16/6 2551/16/6
f 5380/16/6 2550/16/6 2554/16/6
f 2554/16/6 2550/16/6 2555/16/6
f 2242/7/6 5381/7/6 5009/7/6
f 5009/7/6 5381/7/6 2204/7/6
f 2553/16/6 5170/16/6 5382/16/6
f 5382/16/6 5170/16/6 5376/16/6
f 5009/16/6 2203/16/6 2238/16/6
f 2238/16/6 2203/16/6 2236/16/6
f 5382/7/6 5375/7/6 2560/7/6
f 2560/7/6 5375/7/6 2580/7/6
f 2582/16/6 2578/16/6 5029/16/6
f 5029/16/6 2578/16/6 5373/16/6
f 5277/6/6 1255/6/6 1293/6/6
f 1293/6/6 1255/6/6 1294/6/6
f 2266/7/6 2257/7/6 2261/7/6
f 2261/7/6 2257/7/6 2262/7/6
f 5029/16/6 2616/16/6 2624/16/6
f 2624/16/6 2616/16/6 2625/16/6
f 2260/16/6 2259/16/6 2301/16/6
f 2301/16/6 2259/16/6 5378/16/6
f 2623/16/6 2622/16/6 2677/16/6
f 2677/16/6 2622/16/6 2678/16/6
f 2786/10/6 2708/10/6 126/10/6
f 126/10/6 2708/10/6 16/10/6
f 3099/10/6 3098/10/6 702/10/6
f 702/10/6 3098/10/6 703/10/6
f 3169/6/6 3168/6/6 787/6/6
f 787/6/6 3168/6/6 788/6/6
f 3197/6/6 3188/6/6 818/6/6
f 818/6/6 3188/6/6 808/6/6
f 4142/10/6 4134/10/6 1963/10/6
f 1963/10/6 4134/10/6 1950/10/6
f 4479/2/6 4478/2/6 2359/2/6
f 2359/2/6 4478/2/6 2293/2/6
f 4749/2/6 4686/2/6 2680/2/6
f 2680/2/6 4686/2/6 2620/2/6
f 343/13/6 5383/13/6 5384/13/6
f 5384/13/6 5383/13/6 347/13/6
f 4482/16/6 4481/16/6 4886/16/6
f 4886/16/6 4481/16/6 4374/16/6
f 4694/16/6 4693/16/6 4664/16/6
f 4664/16/6 4693/16/6 4661/16/6
f 2270/16/6 4903/16/6 4357/16/6
f 4357/16/6 4903/16/6 4355/16/6
f 4663/16/6 4662/16/6 2558/16/6
f 2558/16/6 4662/16/6 2559/16/6
f 1842/6/6 1841/6/6 5136/6/6
f 5136/6/6 1841/6/6 4937/6/6
f 2557/7/6 2556/7/6 5386/7/6
f 5386/7/6 2556/7/6 5385/7/6
f 4356/16/6 4334/16/6 5387/16/6
f 5387/16/6 4334/16/6 2208/16/6
f 5387/16/6 2207/16/6 2241/16/6
f 2241/16/6 2207/16/6 5381/16/6
f 5386/16/6 5385/16/6 4648/16/6
f 4648/16/6 5385/16/6 2553/16/6
f 3541/6/6 1116/6/6 1170/6/6
f 1170/6/6 1116/6/6 1171/6/6
f 2240/16/6 2239/16/6 2399/16/6
f 2399/16/6 2239/16/6 2237/16/6
f 4647/16/6 2554/16/6 2562/16/6
f 2562/16/6 2554/16/6 2563/16/6
f 2399/16/6 5377/16/6 2265/16/6
f 2265/16/6 5377/16/6 2257/16/6
f 2561/16/6 2560/16/6 2628/16/6
f 2628/16/6 2560/16/6 2629/16/6
f 2264/16/6 2263/16/6 2305/16/6
f 2305/16/6 2263/16/6 2260/16/6
f 2789/10/6 2788/10/6 128/10/6
f 128/10/6 2788/10/6 129/10/6
f 4036/10/6 4035/10/6 4039/10/6
f 4039/10/6 4035/10/6 1770/10/6
f 351/13/6 225/13/6 342/13/6
f 342/13/6 225/13/6 5383/13/6
f 2896/13/6 2895/13/6 346/13/6
f 346/13/6 2895/13/6 5384/13/6
f 4752/16/6 4695/16/6 4699/16/6
f 4699/16/6 4695/16/6 4696/16/6
f 4375/16/6 4354/16/6 2269/16/6
f 2269/16/6 4354/16/6 4903/16/6
f 4509/16/6 4508/16/6 4484/16/6
f 4484/16/6 4508/16/6 2449/16/6
f 2268/16/6 2267/16/6 4379/16/6
f 4379/16/6 2267/16/6 4377/16/6
f 4378/16/6 4357/16/6 2273/16/6
f 2273/16/6 4357/16/6 2274/16/6
f 4698/16/6 4697/16/6 2589/16/6
f 2589/16/6 4697/16/6 5386/16/6
f 2272/7/6 2271/7/6 4964/7/6
f 4964/7/6 2271/7/6 4963/7/6
f 2589/7/6 5386/7/6 4965/7/6
f 4965/7/6 5386/7/6 5388/7/6
f 4964/16/6 4963/16/6 4986/16/6
f 4986/16/6 4963/16/6 5389/16/6
f 3544/6/6 3543/6/6 5390/6/6
f 5390/6/6 3543/6/6 1169/6/6
f 4986/7/6 5389/7/6 4383/7/6
f 4383/7/6 5389/7/6 4380/7/6
f 4965/16/6 5388/16/6 2593/16/6
f 2593/16/6 5388/16/6 5391/16/6
f 5390/6/6 1158/6/6 1207/6/6
f 1207/6/6 1158/6/6 1208/6/6
f 4382/16/6 4381/16/6 2398/16/6
f 2398/16/6 4381/16/6 2399/16/6
f 2593/7/6 5391/7/6 2585/7/6
f 2585/7/6 5391/7/6 2561/7/6
f 2584/16/6 2583/16/6 2631/16/6
f 2631/16/6 2583/16/6 2632/16/6
f 2630/16/6 2626/16/6 2683/16/6
f 2683/16/6 2626/16/6 2623/16/6
f 4104/5/6 4037/5/6 1915/5/6
f 1915/5/6 4037/5/6 4038/5/6
f 4756/13/6 4755/13/6 2686/13/6
f 2686/13/6 4755/13/6 2687/13/6
f 4040/17/6 1744/17/6 5392/17/6
f 5392/17/6 1744/17/6 5356/17/6
f 5392/17/6 1814/17/6 4044/17/6
f 4044/17/6 1814/17/6 4008/17/6
f 5280/2/6 2944/2/6 5284/2/6
f 5284/2/6 2944/2/6 480/2/6
f 4044/14/6 1836/14/6 1847/14/6
f 1847/14/6 1836/14/6 1848/14/6
f 4701/16/6 4700/16/6 4908/16/6
f 4908/16/6 4700/16/6 5393/16/6
f 4041/11/6 4019/11/6 1860/11/6
f 1860/11/6 4019/11/6 1827/11/6
f 4908/7/6 5393/7/6 4668/7/6
f 4668/7/6 5393/7/6 4665/7/6
f 1860/18/6 1843/18/6 4938/18/6
f 4938/18/6 1843/18/6 5135/18/6
f 4513/16/6 4512/16/6 2366/16/6
f 2366/16/6 4512/16/6 2367/16/6
f 4667/16/6 4666/16/6 2588/16/6
f 2588/16/6 4666/16/6 2589/16/6
f 2365/16/6 2364/16/6 2402/16/6
f 2402/16/6 2364/16/6 2403/16/6
f 2587/16/6 2586/16/6 4967/16/6
f 4967/16/6 2586/16/6 4966/16/6
f 2401/16/6 2400/16/6 2425/16/6
f 2425/16/6 2400/16/6 2426/16/6
f 4967/7/6 4966/7/6 4672/7/6
f 4672/7/6 4966/7/6 4669/7/6
f 4486/16/6 4485/16/6 2370/16/6
f 2370/16/6 4485/16/6 2371/16/6
f 4671/16/6 4670/16/6 2592/16/6
f 2592/16/6 4670/16/6 2593/16/6
f 4439/16/6 4383/16/6 2308/16/6
f 2308/16/6 4383/16/6 2309/16/6
f 2693/7/6 2584/7/6 2634/7/6
f 2634/7/6 2584/7/6 2631/7/6
f 4162/10/6 4105/10/6 1982/10/6
f 1982/10/6 4105/10/6 1914/10/6
f 355/13/6 5394/13/6 5395/13/6
f 5395/13/6 5394/13/6 359/13/6
f 5396/11/6 1847/11/6 1855/11/6
f 1855/11/6 1847/11/6 1856/11/6
f 1858/6/6 1857/6/6 5138/6/6
f 5138/6/6 1857/6/6 4939/6/6
f 4762/16/6 4761/16/6 4990/16/6
f 4990/16/6 4761/16/6 4989/16/6
f 4990/7/6 4989/7/6 4705/7/6
f 4705/7/6 4989/7/6 4703/7/6
f 4704/16/6 2590/16/6 2692/16/6
f 2692/16/6 2590/16/6 2584/16/6
f 2793/5/6 2792/5/6 132/5/6
f 132/5/6 2792/5/6 130/5/6
f 363/13/6 350/13/6 354/13/6
f 354/13/6 350/13/6 5394/13/6
f 4045/17/6 4044/17/6 4050/17/6
f 4050/17/6 4044/17/6 1847/17/6
f 2904/13/6 2903/13/6 358/13/6
f 358/13/6 2903/13/6 5395/13/6
f 1866/17/6 5397/17/6 1862/17/6
f 1862/17/6 5397/17/6 1855/17/6
f 3586/6/6 3628/6/6 1265/6/6
f 1265/6/6 3628/6/6 1266/6/6
f 3829/6/6 3866/6/6 5398/6/6
f 5398/6/6 3866/6/6 1497/6/6
f 5398/6/6 1592/6/6 1543/6/6
f 1543/6/6 1592/6/6 1544/6/6
f 5287/2/6 2905/2/6 5288/2/6
f 5288/2/6 2905/2/6 5283/2/6
f 4051/17/6 5396/17/6 1865/17/6
f 1865/17/6 5396/17/6 5397/17/6
f 1870/17/6 1862/17/6 4060/17/6
f 4060/17/6 1862/17/6 4047/17/6
f 2736/10/6 2791/10/6 39/10/6
f 39/10/6 2791/10/6 131/10/6
f 5399/13/6 362/13/6 366/13/6
f 366/13/6 362/13/6 367/13/6
f 4057/17/6 1865/17/6 4064/17/6
f 4064/17/6 1865/17/6 4055/17/6
f 485/6/6 3106/6/6 708/6/6
f 708/6/6 3106/6/6 709/6/6
f 3634/6/6 5276/6/6 1297/6/6
f 1297/6/6 5276/6/6 1298/6/6
f 5400/18/6 5399/18/6 374/18/6
f 374/18/6 5399/18/6 375/18/6
f 373/17/6 372/17/6 2914/17/6
f 2914/17/6 372/17/6 479/17/6
f 482/11/6 481/11/6 2953/11/6
f 2953/11/6 481/11/6 2950/11/6
f 4065/17/6 4054/17/6 5401/17/6
f 5401/17/6 4054/17/6 1862/17/6
f 2913/18/6 2912/18/6 2849/18/6
f 2849/18/6 2912/18/6 2846/18/6
f 2848/6/6 2911/6/6 2854/6/6
f 2854/6/6 2911/6/6 371/6/6
f 486/18/6 485/18/6 4926/18/6
f 4926/18/6 485/18/6 708/18/6
f 2851/5/6 2795/5/6 227/5/6
f 227/5/6 2795/5/6 133/5/6
f 4166/10/6 4165/10/6 1986/10/6
f 1986/10/6 4165/10/6 1987/10/6
f 4069/17/6 4068/17/6 4883/17/6
f 4883/17/6 4068/17/6 5401/17/6
f 4883/17/6 1869/17/6 5402/17/6
f 5402/17/6 1869/17/6 4061/17/6
f 226/17/6 5400/17/6 5403/17/6
f 5403/17/6 5400/17/6 2849/17/6
f 5402/17/6 4041/17/6 4940/17/6
f 4940/17/6 4041/17/6 1860/17/6
f 4593/16/6 4592/16/6 4573/16/6
f 4573/16/6 4592/16/6 4570/16/6
f 5403/18/6 2849/18/6 2856/18/6
f 2856/18/6 2849/18/6 2853/18/6
f 4940/18/6 1859/18/6 3976/18/6
f 3976/18/6 1859/18/6 5137/18/6
f 4572/16/6 4571/16/6 2472/16/6
f 2472/16/6 4571/16/6 2473/16/6
f 2855/6/6 370/6/6 4946/6/6
f 4946/6/6 370/6/6 602/6/6
f 3975/6/6 3974/6/6 5404/6/6
f 5404/6/6 3974/6/6 1706/6/6
f 2471/7/6 2470/7/6 5405/7/6
f 5405/7/6 2470/7/6 4589/7/6
f 4946/6/6 601/6/6 491/6/6
f 491/6/6 601/6/6 492/6/6
f 5404/6/6 1832/6/6 1775/6/6
f 1775/6/6 1832/6/6 1776/6/6
f 5405/16/6 4588/16/6 4576/16/6
f 4576/16/6 4588/16/6 2493/16/6
f 3918/6/6 3949/6/6 5406/6/6
f 5406/6/6 3949/6/6 1579/6/6
f 4575/16/6 4574/16/6 2476/16/6
f 2476/16/6 4574/16/6 2477/16/6
f 5406/6/6 1714/6/6 1660/6/6
f 1660/6/6 1714/6/6 1661/6/6
f 2475/7/6 2474/7/6 2496/7/6
f 2496/7/6 2474/7/6 2497/7/6
f 3682/6/6 1291/6/6 1359/6/6
f 1359/6/6 1291/6/6 1487/6/6
f 1358/6/6 1357/6/6 1454/6/6
f 1454/6/6 1357/6/6 1455/6/6
f 5407/10/1 5408/10/1 5410/10/1
f 5410/10/1 5408/10/1 5409/10/1
f 227/10/1 5411/10/1 5412/10/1
f 5412/10/1 5411/10/1 5410/10/1
f 226/5/1 5413/5/1 227/5/1
f 227/5/1 5413/5/1 5414/5/1
f 5415/6/1 5416/6/1 5418/6/1
f 5418/6/1 5416/6/1 5417/6/1
f 5419/6/1 5420/6/1 5422/6/1
f 5422/6/1 5420/6/1 5421/6/1
f 4891/17/1 5423/17/1 4892/17/1
f 4892/17/1 5423/17/1 5424/17/1
f 4971/17/1 5425/17/1 4947/17/1
f 4947/17/1 5425/17/1 5426/17/1
f 5427/6/1 5428/6/1 5430/6/1
f 5430/6/1 5428/6/1 5429/6/1
f 5431/10/1 5432/10/1 5434/10/1
f 5434/10/1 5432/10/1 5433/10/1
f 5435/6/1 5436/6/1 5438/6/1
f 5438/6/1 5436/6/1 5437/6/1
f 5439/17/1 5440/17/1 5442/17/1
f 5442/17/1 5440/17/1 5441/17/1
f 5443/17/1 5444/17/1 5446/17/1
f 5446/17/1 5444/17/1 5445/17/1
f 5447/6/1 5448/6/1 5450/6/1
f 5450/6/1 5448/6/1 5449/6/1
f 5451/6/1 5452/6/1 5454/6/1
f 5454/6/1 5452/6/1 5453/6/1
f 5455/5/1 5456/5/1 5458/5/1
f 5458/5/1 5456/5/1 5457/5/1
f 5459/6/1 5460/6/1 5461/6/1
f 5461/6/1 5460/6/1 5448/6/1
f 5462/10/1 5463/10/1 5465/10/1
f 5465/10/1 5463/10/1 5464/10/1
f 5466/6/1 5467/6/1 5469/6/1
f 5469/6/1 5467/6/1 5468/6/1
f 5470/10/1 5471/10/1 5473/10/1
f 5473/10/1 5471/10/1 5472/10/1
f 5474/6/1 5475/6/1 5477/6/1
f 5477/6/1 5475/6/1 5476/6/1
f 5478/6/1 5479/6/1 5481/6/1
f 5481/6/1 5479/6/1 5480/6/1
f 5482/6/1 5483/6/1 5485/6/1
f 5485/6/1 5483/6/1 5484/6/1
f 5486/6/1 5487/6/1 5489/6/1
f 5489/6/1 5487/6/1 5488/6/1
f 5490/10/1 5491/10/1 5493/10/1
f 5493/10/1 5491/10/1 5492/10/1
f 1453/6/1 5494/6/1 1454/6/1
f 1454/6/1 5494/6/1 5495/6/1
f 5494/6/1 5496/6/1 5498/6/1
f 5498/6/1 5496/6/1 5497/6/1
f 5499/6/1 5500/6/1 5502/6/1
f 5502/6/1 5500/6/1 5501/6/1
f 5500/6/1 5503/6/1 5505/6/1
f 5505/6/1 5503/6/1 5504/6/1
f 5506/10/1 5507/10/1 5509/10/1
f 5509/10/1 5507/10/1 5508/10/1
f 5507/10/1 5510/10/1 5511/10/1
f 5511/10/1 5510/10/1 5493/10/1
f 5512/6/1 5513/6/1 5297/6/1
f 5297/6/1 5513/6/1 5514/6/1
f 5515/6/1 5516/6/1 5518/6/1
f 5518/6/1 5516/6/1 5517/6/1
f 5516/6/1 5519/6/1 5520/6/1
f 5520/6/1 5519/6/1 5487/6/1
f 5521/6/1 5522/6/1 5524/6/1
f 5524/6/1 5522/6/1 5523/6/1
f 5525/6/1 5526/6/1 5528/6/1
f 5528/6/1 5526/6/1 5527/6/1
f 5529/5/1 5530/5/1 5532/5/1
f 5532/5/1 5530/5/1 5531/5/1
f 5533/6/1 5534/6/1 5536/6/1
f 5536/6/1 5534/6/1 5535/6/1
f 5537/6/1 5538/6/1 5540/6/1
f 5540/6/1 5538/6/1 5539/6/1
f 5541/6/1 5542/6/1 5544/6/1
f 5544/6/1 5542/6/1 5543/6/1
f 5542/6/1 5545/6/1 5547/6/1
f 5547/6/1 5545/6/1 5546/6/1
f 5548/6/1 5549/6/1 5551/6/1
f 5551/6/1 5549/6/1 5550/6/1
f 5552/10/1 5553/10/1 5555/10/1
f 5555/10/1 5553/10/1 5554/10/1
f 5553/10/1 5556/10/1 5510/10/1
f 5510/10/1 5556/10/1 5557/10/1
f 1659/6/1 5558/6/1 1660/6/1
f 1660/6/1 5558/6/1 5559/6/1
f 5560/6/1 5561/6/1 5295/6/1
f 5295/6/1 5561/6/1 5562/6/1
f 5563/6/1 5564/6/1 5566/6/1
f 5566/6/1 5564/6/1 5565/6/1
f 1774/6/1 5567/6/1 1775/6/1
f 1775/6/1 5567/6/1 5568/6/1
f 5569/10/1 5570/10/1 5572/10/1
f 5572/10/1 5570/10/1 5571/10/1
f 5570/10/1 5573/10/1 5575/10/1
f 5575/10/1 5573/10/1 5574/10/1
f 5576/10/1 5577/10/1 5579/10/1
f 5579/10/1 5577/10/1 5578/10/1
f 5577/10/1 5580/10/1 5582/10/1
f 5582/10/1 5580/10/1 5581/10/1
f 5580/10/1 5583/10/1 5585/10/1
f 5585/10/1 5583/10/1 5584/10/1
f 5583/10/1 5586/10/1 5588/10/1
f 5588/10/1 5586/10/1 5587/10/1
f 5586/10/1 5589/10/1 5591/10/1
f 5591/10/1 5589/10/1 5590/10/1
f 5589/10/1 5592/10/1 5594/10/1
f 5594/10/1 5592/10/1 5593/10/1
f 5592/10/1 5595/10/1 5597/10/1
f 5597/10/1 5595/10/1 5596/10/1
f 5595/10/1 5598/10/1 5600/10/1
f 5600/10/1 5598/10/1 5599/10/1
f 5601/6/1 5602/6/1 5604/6/1
f 5604/6/1 5602/6/1 5603/6/1
f 5605/10/1 5606/10/1 5608/10/1
f 5608/10/1 5606/10/1 5607/10/1
f 4110/17/1 5609/17/1 4940/17/1
f 4940/17/1 5609/17/1 5610/17/1
f 5611/10/1 5612/10/1 5614/10/1
f 5614/10/1 5612/10/1 5613/10/1
f 1872/6/1 5615/6/1 1873/6/1
f 1873/6/1 5615/6/1 5616/6/1
f 5617/11/1 5618/11/1 5620/11/1
f 5620/11/1 5618/11/1 5619/11/1
f 5621/14/1 5622/14/1 5624/14/1
f 5624/14/1 5622/14/1 5623/14/1
f 5625/17/1 5626/17/1 5628/17/1
f 5628/17/1 5626/17/1 5627/17/1
f 5629/17/1 5630/17/1 5632/17/1
f 5632/17/1 5630/17/1 5631/17/1
f 5633/17/1 5634/17/1 5636/17/1
f 5636/17/1 5634/17/1 5635/17/1
f 5622/17/1 5637/17/1 5623/17/1
f 5623/17/1 5637/17/1 5638/17/1
f 5639/17/1 5640/17/1 5642/17/1
f 5642/17/1 5640/17/1 5641/17/1
f 5643/18/1 5644/18/1 5646/18/1
f 5646/18/1 5644/18/1 5645/18/1
f 5647/6/1 5648/6/1 5650/6/1
f 5650/6/1 5648/6/1 5649/6/1
f 5651/10/1 5652/10/1 5654/10/1
f 5654/10/1 5652/10/1 5653/10/1
f 5655/14/1 5656/14/1 5657/14/1
f 5657/14/1 5656/14/1 5624/14/1
f 5658/5/1 5659/5/1 5661/5/1
f 5661/5/1 5659/5/1 5660/5/1
f 5662/14/1 5663/14/1 5665/14/1
f 5665/14/1 5663/14/1 5664/14/1
f 5666/6/1 5667/6/1 5669/6/1
f 5669/6/1 5667/6/1 5668/6/1
f 5670/14/1 5671/14/1 5672/14/1
f 5672/14/1 5671/14/1 5622/14/1
f 5673/6/1 5674/6/1 5676/6/1
f 5676/6/1 5674/6/1 5675/6/1
f 5677/5/1 5678/5/1 5611/5/1
f 5611/5/1 5678/5/1 5679/5/1
f 5678/5/1 5680/5/1 5681/5/1
f 5681/5/1 5680/5/1 5552/5/1
f 5682/6/1 5683/6/1 5685/6/1
f 5685/6/1 5683/6/1 5684/6/1
f 5686/10/1 5687/10/1 5688/10/1
f 5688/10/1 5687/10/1 5659/10/1
f 5689/10/1 5690/10/1 5691/10/1
f 5691/10/1 5690/10/1 5680/10/1
f 5690/10/1 5692/10/1 5694/10/1
f 5694/10/1 5692/10/1 5693/10/1
f 5695/10/1 5696/10/1 5698/10/1
f 5698/10/1 5696/10/1 5697/10/1
f 5699/10/1 5700/10/1 5687/10/1
f 5687/10/1 5700/10/1 5701/10/1
f 5702/10/1 5703/10/1 5704/10/1
f 5704/10/1 5703/10/1 5606/10/1
f 1985/10/1 5705/10/1 1986/10/1
f 1986/10/1 5705/10/1 5706/10/1
f 5705/10/1 5707/10/1 5708/10/1
f 5708/10/1 5707/10/1 5687/10/1
f 5709/10/1 5710/10/1 5677/10/1
f 5677/10/1 5710/10/1 5691/10/1
f 5710/10/1 5711/10/1 5713/10/1
f 5713/10/1 5711/10/1 5712/10/1
f 5711/10/1 5714/10/1 5716/10/1
f 5716/10/1 5714/10/1 5715/10/1
f 5714/10/1 5717/10/1 5718/10/1
f 5718/10/1 5717/10/1 5702/10/1
f 5719/16/1 5720/16/1 5722/16/1
f 5722/16/1 5720/16/1 5721/16/1
f 5723/16/1 5724/16/1 5726/16/1
f 5726/16/1 5724/16/1 5725/16/1
f 5727/16/1 5728/16/1 5730/16/1
f 5730/16/1 5728/16/1 5729/16/1
f 5731/16/1 5732/16/1 5734/16/1
f 5734/16/1 5732/16/1 5733/16/1
f 5735/16/1 5736/16/1 5738/16/1
f 5738/16/1 5736/16/1 5737/16/1
f 5739/16/1 5740/16/1 5742/16/1
f 5742/16/1 5740/16/1 5741/16/1
f 5743/16/1 5744/16/1 5746/16/1
f 5746/16/1 5744/16/1 5745/16/1
f 5747/16/1 5748/16/1 5750/16/1
f 5750/16/1 5748/16/1 5749/16/1
f 5751/16/1 5752/16/1 5754/16/1
f 5754/16/1 5752/16/1 5753/16/1
f 5755/16/1 5756/16/1 5758/16/1
f 5758/16/1 5756/16/1 5757/16/1
f 5759/16/1 5760/16/1 5761/16/1
f 5761/16/1 5760/16/1 5735/16/1
f 5762/16/1 5763/16/1 5765/16/1
f 5765/16/1 5763/16/1 5764/16/1
f 5766/16/1 5767/16/1 5736/16/1
f 5736/16/1 5767/16/1 5747/16/1
f 5767/7/1 5768/7/1 5747/7/1
f 5747/7/1 5768/7/1 5748/7/1
f 5769/16/1 5770/16/1 5772/16/1
f 5772/16/1 5770/16/1 5771/16/1
f 5773/16/1 5774/16/1 5776/16/1
f 5776/16/1 5774/16/1 5775/16/1
f 5777/16/1 5778/16/1 5780/16/1
f 5780/16/1 5778/16/1 5779/16/1
f 5781/7/1 5782/7/1 5759/7/1
f 5759/7/1 5782/7/1 5760/7/1
f 5783/7/1 5784/7/1 5762/7/1
f 5762/7/1 5784/7/1 5763/7/1
f 5784/16/1 5785/16/1 5763/16/1
f 5763/16/1 5785/16/1 5786/16/1
f 5787/16/1 5788/16/1 5767/16/1
f 5767/16/1 5788/16/1 5768/16/1
f 5789/16/1 5790/16/1 5792/16/1
f 5792/16/1 5790/16/1 5791/16/1
f 5793/7/1 5794/7/1 5796/7/1
f 5796/7/1 5794/7/1 5795/7/1
f 5797/16/1 5798/16/1 5799/16/1
f 5799/16/1 5798/16/1 5781/16/1
f 5800/16/1 5801/16/1 5802/16/1
f 5802/16/1 5801/16/1 5784/16/1
f 5803/16/1 5804/16/1 5806/16/1
f 5806/16/1 5804/16/1 5805/16/1
f 5807/16/1 5808/16/1 5785/16/1
f 5785/16/1 5808/16/1 5809/16/1
f 5810/16/1 5811/16/1 5813/16/1
f 5813/16/1 5811/16/1 5812/16/1
f 5814/16/1 5815/16/1 5817/16/1
f 5817/16/1 5815/16/1 5816/16/1
f 5818/7/1 5819/7/1 5821/7/1
f 5821/7/1 5819/7/1 5820/7/1
f 5822/16/1 5823/16/1 5825/16/1
f 5825/16/1 5823/16/1 5824/16/1
f 5826/16/1 5827/16/1 5798/16/1
f 5798/16/1 5827/16/1 5828/16/1
f 5829/16/1 5830/16/1 5831/16/1
f 5831/16/1 5830/16/1 5801/16/1
f 5832/7/1 5833/7/1 5834/7/1
f 5834/7/1 5833/7/1 5814/7/1
f 5835/7/1 5836/7/1 5838/7/1
f 5838/7/1 5836/7/1 5837/7/1
f 5839/16/1 5840/16/1 5842/16/1
f 5842/16/1 5840/16/1 5841/16/1
f 5843/16/1 5844/16/1 5846/16/1
f 5846/16/1 5844/16/1 5845/16/1
f 5847/7/1 5848/7/1 5827/7/1
f 5827/7/1 5848/7/1 5839/7/1
f 5849/16/1 5850/16/1 5852/16/1
f 5852/16/1 5850/16/1 5851/16/1
f 5853/16/1 5854/16/1 5832/16/1
f 5832/16/1 5854/16/1 5833/16/1
f 5855/16/1 5856/16/1 5858/16/1
f 5858/16/1 5856/16/1 5857/16/1
f 5859/16/1 5860/16/1 5861/16/1
f 5861/16/1 5860/16/1 5852/16/1
f 5862/16/1 5863/16/1 5865/16/1
f 5865/16/1 5863/16/1 5864/16/1
f 5866/16/1 5867/16/1 5869/16/1
f 5869/16/1 5867/16/1 5868/16/1
f 5870/16/1 5871/16/1 5873/16/1
f 5873/16/1 5871/16/1 5872/16/1
f 5874/16/1 5875/16/1 5877/16/1
f 5877/16/1 5875/16/1 5876/16/1
f 5878/16/1 5879/16/1 5881/16/1
f 5881/16/1 5879/16/1 5880/16/1
f 5882/16/1 5883/16/1 5885/16/1
f 5885/16/1 5883/16/1 5884/16/1
f 5886/16/1 5887/16/1 5889/16/1
f 5889/16/1 5887/16/1 5888/16/1
f 5890/16/1 5891/16/1 5893/16/1
f 5893/16/1 5891/16/1 5892/16/1
f 5894/16/1 5895/16/1 5897/16/1
f 5897/16/1 5895/16/1 5896/16/1
f 5898/16/1 5899/16/1 5901/16/1
f 5901/16/1 5899/16/1 5900/16/1
f 5902/7/1 5903/7/1 5905/7/1
f 5905/7/1 5903/7/1 5904/7/1
f 5903/16/1 5906/16/1 5904/16/1
f 5904/16/1 5906/16/1 5907/16/1
f 5908/13/1 5909/13/1 5911/13/1
f 5911/13/1 5909/13/1 5910/13/1
f 5906/16/1 5912/16/1 5914/16/1
f 5914/16/1 5912/16/1 5913/16/1
f 5912/7/1 5915/7/1 5916/7/1
f 5916/7/1 5915/7/1 5890/7/1
f 5917/16/1 5918/16/1 5920/16/1
f 5920/16/1 5918/16/1 5919/16/1
f 5921/16/1 5922/16/1 5924/16/1
f 5924/16/1 5922/16/1 5923/16/1
f 5925/16/1 5926/16/1 5928/16/1
f 5928/16/1 5926/16/1 5927/16/1
f 5929/13/1 5930/13/1 5931/13/1
f 5931/13/1 5930/13/1 5909/13/1
f 5930/2/1 5932/2/1 5909/2/1
f 5909/2/1 5932/2/1 5933/2/1
f 5934/16/1 5935/16/1 5936/16/1
f 5936/16/1 5935/16/1 5917/16/1
f 5935/7/1 5937/7/1 5917/7/1
f 5917/7/1 5937/7/1 5938/7/1
f 5939/16/1 5940/16/1 5942/16/1
f 5942/16/1 5940/16/1 5941/16/1
f 5943/16/1 5944/16/1 5946/16/1
f 5946/16/1 5944/16/1 5945/16/1
f 5947/16/1 5948/16/1 5902/16/1
f 5902/16/1 5948/16/1 5903/16/1
f 5949/2/1 5950/2/1 5951/2/1
f 5951/2/1 5950/2/1 5929/2/1
f 5952/16/1 5953/16/1 5954/16/1
f 5954/16/1 5953/16/1 5936/16/1
f 5953/7/1 5955/7/1 5934/7/1
f 5934/7/1 5955/7/1 5956/7/1
f 5957/16/1 5958/16/1 5960/16/1
f 5960/16/1 5958/16/1 5959/16/1
f 5961/13/1 5962/13/1 5932/13/1
f 5932/13/1 5962/13/1 5963/13/1
f 5964/16/1 5965/16/1 5935/16/1
f 5935/16/1 5965/16/1 5966/16/1
f 5967/7/1 5968/7/1 5943/7/1
f 5943/7/1 5968/7/1 5944/7/1
f 5969/16/1 5970/16/1 5972/16/1
f 5972/16/1 5970/16/1 5971/16/1
f 5973/13/1 5974/13/1 5949/13/1
f 5949/13/1 5974/13/1 5975/13/1
f 5974/2/1 5976/2/1 5975/2/1
f 5975/2/1 5976/2/1 5950/2/1
f 5977/16/1 5978/16/1 5979/16/1
f 5979/16/1 5978/16/1 5957/16/1
f 5980/7/1 5981/7/1 5955/7/1
f 5955/7/1 5981/7/1 5964/7/1
f 5982/2/1 5983/2/1 5961/2/1
f 5961/2/1 5983/2/1 5962/2/1
f 5984/7/1 5985/7/1 5987/7/1
f 5987/7/1 5985/7/1 5986/7/1
f 5988/16/1 5989/16/1 5991/16/1
f 5991/16/1 5989/16/1 5990/16/1
f 5992/13/1 5993/13/1 5976/13/1
f 5976/13/1 5993/13/1 5994/13/1
f 5995/16/1 5996/16/1 5997/16/1
f 5997/16/1 5996/16/1 5978/16/1
f 5998/16/1 5999/16/1 5980/16/1
f 5980/16/1 5999/16/1 5981/16/1
f 6000/16/1 6001/16/1 5958/16/1
f 5958/16/1 6001/16/1 6002/16/1
f 6003/7/1 6004/7/1 6006/7/1
f 6006/7/1 6004/7/1 6005/7/1
f 6007/16/1 6008/16/1 5967/16/1
f 5967/16/1 6008/16/1 5968/16/1
f 6009/2/1 6010/2/1 5994/2/1
f 5994/2/1 6010/2/1 5982/2/1
f 6011/7/1 6012/7/1 6014/7/1
f 6014/7/1 6012/7/1 6013/7/1
f 6015/16/1 6016/16/1 5999/16/1
f 5999/16/1 6016/16/1 6003/16/1
f 6017/16/1 6018/16/1 6020/16/1
f 6020/16/1 6018/16/1 6019/16/1
f 6021/10/2 6022/10/2 6024/10/2
f 6024/10/2 6022/10/2 6023/10/2
f 2851/10/2 6025/10/2 6026/10/2
f 6026/10/2 6025/10/2 6022/10/2
f 2852/5/2 2851/5/2 6028/5/2
f 6028/5/2 2851/5/2 6027/5/2
f 4947/6/2 4946/6/2 5426/6/2
f 5426/6/2 4946/6/2 6029/6/2
f 6030/6/2 6031/6/2 6033/6/2
f 6033/6/2 6031/6/2 6032/6/2
f 4847/17/2 4846/17/2 6035/17/2
f 6035/17/2 4846/17/2 6034/17/2
f 4890/17/2 4889/17/2 6037/17/2
f 6037/17/2 4889/17/2 6036/17/2
f 6038/6/2 6039/6/2 6041/6/2
f 6041/6/2 6039/6/2 6040/6/2
f 6042/10/2 6043/10/2 6045/10/2
f 6045/10/2 6043/10/2 6044/10/2
f 6046/17/2 6047/17/2 6049/17/2
f 6049/17/2 6047/17/2 6048/17/2
f 6050/6/2 6051/6/2 6053/6/2
f 6053/6/2 6051/6/2 6052/6/2
f 6054/17/2 6055/17/2 6057/17/2
f 6057/17/2 6055/17/2 6056/17/2
f 6058/17/2 6059/17/2 6061/17/2
f 6061/17/2 6059/17/2 6060/17/2
f 5444/6/2 5445/6/2 6063/6/2
f 6063/6/2 5445/6/2 6062/6/2
f 6064/6/2 6065/6/2 6067/6/2
f 6067/6/2 6065/6/2 6066/6/2
f 6068/6/2 6069/6/2 6071/6/2
f 6071/6/2 6069/6/2 6070/6/2
f 6071/6/2 6072/6/2 6074/6/2
f 6074/6/2 6072/6/2 6073/6/2
f 6075/5/2 6048/5/2 6077/5/2
f 6077/5/2 6048/5/2 6076/5/2
f 6074/6/2 6078/6/2 6080/6/2
f 6080/6/2 6078/6/2 6079/6/2
f 6081/10/2 6082/10/2 6084/10/2
f 6084/10/2 6082/10/2 6083/10/2
f 6085/6/2 6086/6/2 6087/6/2
f 6087/6/2 6086/6/2 5452/6/2
f 6088/6/2 5459/6/2 6089/6/2
f 6089/6/2 5459/6/2 5460/6/2
f 6090/10/2 6091/10/2 6093/10/2
f 6093/10/2 6091/10/2 6092/10/2
f 6094/6/2 6095/6/2 6096/6/2
f 6096/6/2 6095/6/2 5466/6/2
f 6097/6/2 6098/6/2 6099/6/2
f 6099/6/2 6098/6/2 6086/6/2
f 6100/6/2 6087/6/2 6102/6/2
f 6102/6/2 6087/6/2 6101/6/2
f 6103/6/2 6104/6/2 6106/6/2
f 6106/6/2 6104/6/2 6105/6/2
f 6107/6/2 6108/6/2 6110/6/2
f 6110/6/2 6108/6/2 6109/6/2
f 6111/6/2 6112/6/2 6113/6/2
f 6113/6/2 6112/6/2 5482/6/2
f 6114/6/2 5483/6/2 6115/6/2
f 6115/6/2 5483/6/2 5486/6/2
f 6116/10/2 6117/10/2 6119/10/2
f 6119/10/2 6117/10/2 6118/10/2
f 6120/6/2 6110/6/2 5514/6/2
f 5514/6/2 6110/6/2 6121/6/2
f 5518/6/2 6122/6/2 6123/6/2
f 6123/6/2 6122/6/2 6111/6/2
f 6124/6/2 6125/6/2 6127/6/2
f 6127/6/2 6125/6/2 6126/6/2
f 6128/10/2 6129/10/2 6131/10/2
f 6131/10/2 6129/10/2 6130/10/2
f 6131/10/2 6132/10/2 6133/10/2
f 6133/10/2 6132/10/2 6117/10/2
f 5524/6/2 3683/6/2 6135/6/2
f 6135/6/2 3683/6/2 6134/6/2
f 6135/6/2 6136/6/2 5523/6/2
f 5523/6/2 6136/6/2 6137/6/2
f 5523/6/2 6138/6/2 6140/6/2
f 6140/6/2 6138/6/2 6139/6/2
f 6141/6/2 6142/6/2 6144/6/2
f 6144/6/2 6142/6/2 6143/6/2
f 6144/6/2 6145/6/2 5527/6/2
f 5527/6/2 6145/6/2 6146/6/2
f 5527/6/2 6147/6/2 6149/6/2
f 6149/6/2 6147/6/2 6148/6/2
f 6149/6/2 6150/6/2 6152/6/2
f 6152/6/2 6150/6/2 6151/6/2
f 6152/6/2 6153/6/2 6154/6/2
f 6154/6/2 6153/6/2 5478/6/2
f 6155/6/2 6156/6/2 6158/6/2
f 6158/6/2 6156/6/2 6157/6/2
f 6159/5/2 6160/5/2 6162/5/2
f 6162/5/2 6160/5/2 6161/5/2
f 6163/6/2 6164/6/2 6166/6/2
f 6166/6/2 6164/6/2 6165/6/2
f 1660/6/2 6167/6/2 6169/6/2
f 6169/6/2 6167/6/2 6168/6/2
f 6169/6/2 6170/6/2 6172/6/2
f 6172/6/2 6170/6/2 6171/6/2
f 6172/6/2 6173/6/2 6174/6/2
f 6174/6/2 6173/6/2 6164/6/2
f 6175/6/2 6176/6/2 6178/6/2
f 6178/6/2 6176/6/2 6177/6/2
f 6179/6/2 6180/6/2 6182/6/2
f 6182/6/2 6180/6/2 6181/6/2
f 6183/6/2 6184/6/2 6186/6/2
f 6186/6/2 6184/6/2 6185/6/2
f 6187/10/2 6188/10/2 6190/10/2
f 6190/10/2 6188/10/2 6189/10/2
f 6190/10/2 6133/10/2 6192/10/2
f 6192/10/2 6133/10/2 6191/10/2
f 6193/6/2 6194/6/2 6196/6/2
f 6196/6/2 6194/6/2 6195/6/2
f 1775/6/2 3918/6/2 6197/6/2
f 6197/6/2 3918/6/2 6194/6/2
f 5568/6/2 6198/6/2 5604/6/2
f 5604/6/2 6198/6/2 6199/6/2
f 6200/6/2 6201/6/2 6203/6/2
f 6203/6/2 6201/6/2 6202/6/2
f 6204/6/2 6205/6/2 6207/6/2
f 6207/6/2 6205/6/2 6206/6/2
f 6208/6/2 6209/6/2 6211/6/2
f 6211/6/2 6209/6/2 6210/6/2
f 6212/10/2 6213/10/2 6215/10/2
f 6215/10/2 6213/10/2 6214/10/2
f 4884/17/2 4883/17/2 6217/17/2
f 6217/17/2 4883/17/2 6216/17/2
f 1922/6/2 3975/6/2 5669/6/2
f 5669/6/2 3975/6/2 6205/6/2
f 6218/11/2 6219/11/2 6221/11/2
f 6221/11/2 6219/11/2 6220/11/2
f 6222/10/2 6223/10/2 6225/10/2
f 6225/10/2 6223/10/2 6224/10/2
f 6225/10/2 6226/10/2 6228/10/2
f 6228/10/2 6226/10/2 6227/10/2
f 6228/10/2 6229/10/2 6231/10/2
f 6231/10/2 6229/10/2 6230/10/2
f 6231/10/2 6232/10/2 6234/10/2
f 6234/10/2 6232/10/2 6233/10/2
f 6235/17/2 6236/17/2 6238/17/2
f 6238/17/2 6236/17/2 6237/17/2
f 5668/6/2 6239/6/2 5676/6/2
f 5676/6/2 6239/6/2 6240/6/2
f 6234/10/2 6241/10/2 6243/10/2
f 6243/10/2 6241/10/2 6242/10/2
f 6243/10/2 6244/10/2 6246/10/2
f 6246/10/2 6244/10/2 6245/10/2
f 6246/10/2 6247/10/2 6249/10/2
f 6249/10/2 6247/10/2 6248/10/2
f 6250/11/2 6251/11/2 6253/11/2
f 6253/11/2 6251/11/2 6252/11/2
f 6249/10/2 6254/10/2 6256/10/2
f 6256/10/2 6254/10/2 6255/10/2
f 6257/11/2 6258/11/2 6260/11/2
f 6260/11/2 6258/11/2 6259/11/2
f 5675/6/2 6261/6/2 5685/6/2
f 5685/6/2 6261/6/2 6262/6/2
f 6256/10/2 6263/10/2 6265/10/2
f 6265/10/2 6263/10/2 6264/10/2
f 6266/17/2 6267/17/2 5639/17/2
f 5639/17/2 6267/17/2 5642/17/2
f 6265/10/2 6268/10/2 6270/10/2
f 6270/10/2 6268/10/2 6269/10/2
f 6271/17/2 6272/17/2 6274/17/2
f 6274/17/2 6272/17/2 6273/17/2
f 6260/17/2 6259/17/2 6276/17/2
f 6276/17/2 6259/17/2 6275/17/2
f 6277/17/2 6278/17/2 6280/17/2
f 6280/17/2 6278/17/2 6279/17/2
f 6270/10/2 6281/10/2 6283/10/2
f 6283/10/2 6281/10/2 6282/10/2
f 6283/10/2 6284/10/2 6286/10/2
f 6286/10/2 6284/10/2 6285/10/2
f 6287/18/2 6288/18/2 6290/18/2
f 6290/18/2 6288/18/2 6289/18/2
f 6291/10/2 6292/10/2 6294/10/2
f 6294/10/2 6292/10/2 6293/10/2
f 6295/14/2 6296/14/2 6298/14/2
f 6298/14/2 6296/14/2 6297/14/2
f 6299/5/2 6300/5/2 6301/5/2
f 6301/5/2 6300/5/2 6228/5/2
f 6302/14/2 6303/14/2 6305/14/2
f 6305/14/2 6303/14/2 6304/14/2
f 6306/6/2 5609/6/2 6307/6/2
f 6307/6/2 5609/6/2 5617/6/2
f 6308/14/2 6309/14/2 6311/14/2
f 6311/14/2 6309/14/2 6310/14/2
f 6312/6/2 6313/6/2 6314/6/2
f 6314/6/2 6313/6/2 5625/6/2
f 6315/5/2 6231/5/2 6316/5/2
f 6316/5/2 6231/5/2 6286/5/2
f 6317/6/2 5626/6/2 6319/6/2
f 6319/6/2 5626/6/2 6318/6/2
f 6316/5/2 6320/5/2 6321/5/2
f 6321/5/2 6320/5/2 6187/5/2
f 6319/6/2 6322/6/2 6324/6/2
f 6324/6/2 6322/6/2 6323/6/2
f 6325/10/2 6326/10/2 6327/10/2
f 6327/10/2 6326/10/2 6301/10/2
f 6328/10/2 6329/10/2 6330/10/2
f 6330/10/2 6329/10/2 6321/10/2
f 6330/10/2 6331/10/2 6333/10/2
f 6333/10/2 6331/10/2 6332/10/2
f 6334/10/2 6335/10/2 6337/10/2
f 6337/10/2 6335/10/2 6336/10/2
f 6338/10/2 6327/10/2 6340/10/2
f 6340/10/2 6327/10/2 6339/10/2
f 6341/10/2 6342/10/2 6343/10/2
f 6343/10/2 6342/10/2 6215/10/2
f 4167/10/2 4166/10/2 6345/10/2
f 6345/10/2 4166/10/2 6344/10/2
f 6345/10/2 6346/10/2 6347/10/2
f 6347/10/2 6346/10/2 6327/10/2
f 6348/10/2 6315/10/2 6349/10/2
f 6349/10/2 6315/10/2 6329/10/2
f 6349/10/2 6350/10/2 6352/10/2
f 6352/10/2 6350/10/2 6351/10/2
f 6352/10/2 6353/10/2 6355/10/2
f 6355/10/2 6353/10/2 6354/10/2
f 6355/10/2 6356/10/2 6357/10/2
f 6357/10/2 6356/10/2 6341/10/2
f 6358/16/2 6359/16/2 5746/16/2
f 5746/16/2 6359/16/2 6360/16/2
f 5753/16/2 6361/16/2 6363/16/2
f 6363/16/2 6361/16/2 6362/16/2
f 5757/16/2 6364/16/2 6366/16/2
f 6366/16/2 6364/16/2 6365/16/2
f 6367/16/2 5720/16/2 5772/16/2
f 5772/16/2 5720/16/2 6368/16/2
f 6369/16/2 5724/16/2 6371/16/2
f 6371/16/2 5724/16/2 6370/16/2
f 5775/16/2 6372/16/2 6373/16/2
f 6373/16/2 6372/16/2 5727/16/2
f 6374/16/2 6371/16/2 5792/16/2
f 5792/16/2 6371/16/2 6375/16/2
f 6376/16/2 6377/16/2 6378/16/2
f 6378/16/2 6377/16/2 5751/16/2
f 5817/16/2 5770/16/2 5816/16/2
f 5816/16/2 5770/16/2 6379/16/2
f 6380/16/2 6381/16/2 6383/16/2
f 6383/16/2 6381/16/2 6382/16/2
f 6384/16/2 6385/16/2 6387/16/2
f 6387/16/2 6385/16/2 6386/16/2
f 6387/16/2 6388/16/2 6390/16/2
f 6390/16/2 6388/16/2 6389/16/2
f 6391/16/2 5794/16/2 6393/16/2
f 6393/16/2 5794/16/2 6392/16/2
f 6394/16/2 6395/16/2 6397/16/2
f 6397/16/2 6395/16/2 6396/16/2
f 6397/16/2 6398/16/2 6400/16/2
f 6400/16/2 6398/16/2 6399/16/2
f 6401/16/2 6402/16/2 6403/16/2
f 6403/16/2 6402/16/2 6385/16/2
f 6403/7/2 6384/7/2 6404/7/2
f 6404/7/2 6384/7/2 6387/7/2
f 6405/7/2 6406/7/2 6408/7/2
f 6408/7/2 6406/7/2 6407/7/2
f 5851/16/2 5810/16/2 6409/16/2
f 6409/16/2 5810/16/2 5811/16/2
f 6410/16/2 6411/16/2 6412/16/2
f 6412/16/2 6411/16/2 6397/16/2
f 6412/7/2 6397/7/2 6413/7/2
f 6413/7/2 6397/7/2 6400/7/2
f 6413/16/2 6414/16/2 6416/16/2
f 6416/16/2 6414/16/2 6415/16/2
f 6417/16/2 6418/16/2 6419/16/2
f 6419/16/2 6418/16/2 5835/16/2
f 6420/16/2 6403/16/2 6421/16/2
f 6421/16/2 6403/16/2 6404/16/2
f 6422/16/2 5844/16/2 6424/16/2
f 6424/16/2 5844/16/2 6423/16/2
f 5856/16/2 5857/16/2 6425/16/2
f 6425/16/2 5857/16/2 6417/16/2
f 6426/16/2 6427/16/2 5870/16/2
f 5870/16/2 6427/16/2 5873/16/2
f 5863/16/2 5864/16/2 5874/16/2
f 5874/16/2 5864/16/2 5877/16/2
f 6428/16/2 6429/16/2 6431/16/2
f 6431/16/2 6429/16/2 6430/16/2
f 6432/16/2 6433/16/2 5901/16/2
f 5901/16/2 6433/16/2 6434/16/2
f 2476/16/2 6435/16/2 6437/16/2
f 6437/16/2 6435/16/2 6436/16/2
f 6438/16/2 6439/16/2 6441/16/2
f 6441/16/2 6439/16/2 6440/16/2
f 6441/16/2 6442/16/2 6444/16/2
f 6444/16/2 6442/16/2 6443/16/2
f 6445/16/2 6446/16/2 6448/16/2
f 6448/16/2 6446/16/2 6447/16/2
f 6449/7/2 6428/7/2 6450/7/2
f 6450/7/2 6428/7/2 6431/7/2
f 6451/16/2 5875/16/2 5924/16/2
f 5924/16/2 5875/16/2 6452/16/2
f 6453/16/2 6454/16/2 5928/16/2
f 5928/16/2 6454/16/2 6455/16/2
f 6456/7/2 6457/7/2 6459/7/2
f 6459/7/2 6457/7/2 6458/7/2
f 6460/13/2 6461/13/2 6463/13/2
f 6463/13/2 6461/13/2 6462/13/2
f 6464/7/2 6445/7/2 6465/7/2
f 6465/7/2 6445/7/2 6448/7/2
f 6465/16/2 6448/16/2 6467/16/2
f 6467/16/2 6448/16/2 6466/16/2
f 6468/16/2 6469/16/2 6471/16/2
f 6471/16/2 6469/16/2 6470/16/2
f 6472/16/2 5895/16/2 6474/16/2
f 6474/16/2 5895/16/2 6473/16/2
f 4594/16/2 6475/16/2 6476/16/2
f 6476/16/2 6475/16/2 6457/16/2
f 6477/16/2 6478/16/2 6480/16/2
f 6480/16/2 6478/16/2 6479/16/2
f 6481/13/2 6482/13/2 6483/13/2
f 6483/13/2 6482/13/2 6463/13/2
f 6480/16/2 6484/16/2 6486/16/2
f 6486/16/2 6484/16/2 6485/16/2
f 6486/16/2 6487/16/2 6489/16/2
f 6489/16/2 6487/16/2 6488/16/2
f 6489/7/2 6488/7/2 6491/7/2
f 6491/7/2 6488/7/2 6490/7/2
f 6492/16/2 6493/16/2 6495/16/2
f 6495/16/2 6493/16/2 6494/16/2
f 6496/16/2 6497/16/2 6498/16/2
f 6498/16/2 6497/16/2 6477/16/2
f 6498/7/2 6477/7/2 6499/7/2
f 6499/7/2 6477/7/2 6480/7/2
f 6500/2/2 6501/2/2 6502/2/2
f 6502/2/2 6501/2/2 6483/2/2
f 6503/13/2 6504/13/2 6506/13/2
f 6506/13/2 6504/13/2 6505/13/2
f 6507/16/2 6489/16/2 6509/16/2
f 6509/16/2 6489/16/2 6508/16/2
f 6510/16/2 6511/16/2 6513/16/2
f 6513/16/2 6511/16/2 6512/16/2
f 6514/13/2 6500/13/2 6516/13/2
f 6516/13/2 6500/13/2 6515/13/2
f 6517/16/2 6498/16/2 6518/16/2
f 6518/16/2 6498/16/2 6499/16/2
f 6516/2/2 6515/2/2 6519/2/2
f 6519/2/2 6515/2/2 6502/2/2
f 6520/2/2 6503/2/2 6521/2/2
f 6521/2/2 6503/2/2 6506/2/2
f 6522/7/2 6507/7/2 6524/7/2
f 6524/7/2 6507/7/2 6523/7/2
f 6525/16/2 6526/16/2 6528/16/2
f 6528/16/2 6526/16/2 6527/16/2
f 6529/16/2 6530/16/2 6532/16/2
f 6532/16/2 6530/16/2 6531/16/2
f 6533/16/2 5969/16/2 6534/16/2
f 6534/16/2 5969/16/2 5970/16/2
f 6535/13/2 6536/13/2 6537/13/2
f 6537/13/2 6536/13/2 6519/13/2
f 6538/16/2 6539/16/2 6541/16/2
f 6541/16/2 6539/16/2 6540/16/2
f 6542/16/2 6543/16/2 6545/16/2
f 6545/16/2 6543/16/2 6544/16/2
f 6546/16/2 6528/16/2 6548/16/2
f 6548/16/2 6528/16/2 6547/16/2
f 6549/2/2 6463/2/2 6551/2/2
f 6551/2/2 6463/2/2 6550/2/2
f 6552/16/2 6553/16/2 6555/16/2
f 6555/16/2 6553/16/2 6554/16/2
f 6556/16/2 6557/16/2 6559/16/2
f 6559/16/2 6557/16/2 6558/16/2
f 6560/16/2 6561/16/2 6562/16/2
f 6562/16/2 6561/16/2 6546/16/2
f 5409/10/3 5408/10/3 6023/10/3
f 6023/10/3 5408/10/3 6024/10/3
f 5407/10/3 5411/10/3 6021/10/3
f 6021/10/3 5411/10/3 6026/10/3
f 5414/5/3 5413/5/3 6027/5/3
f 6027/5/3 5413/5/3 6028/5/3
f 5431/10/3 5465/10/3 6042/10/3
f 6042/10/3 5465/10/3 6082/10/3
f 5455/10/3 5532/10/3 6075/10/3
f 6075/10/3 5532/10/3 6160/10/3
f 5472/10/3 5471/10/3 6092/10/3
f 6092/10/3 5471/10/3 6093/10/3
f 5462/10/3 5511/10/3 6081/10/3
f 6081/10/3 5511/10/3 6132/10/3
f 5492/10/3 5491/10/3 6118/10/3
f 6118/10/3 5491/10/3 6119/10/3
f 5490/10/3 5510/10/3 6116/10/3
f 6116/10/3 5510/10/3 6133/10/3
f 5506/5/3 5555/5/3 6128/5/3
f 6128/5/3 5555/5/3 6188/5/3
f 5529/10/3 5681/10/3 6159/10/3
f 6159/10/3 5681/10/3 6320/10/3
f 5557/10/3 5556/10/3 6191/10/3
f 6191/10/3 5556/10/3 6192/10/3
f 5552/5/3 5608/5/3 6187/5/3
f 6187/5/3 5608/5/3 6213/5/3
f 5607/10/3 5654/10/3 6214/10/3
f 6214/10/3 5654/10/3 6292/10/3
f 5605/5/3 5694/5/3 6212/5/3
f 6212/5/3 5694/5/3 6331/5/3
f 5653/10/3 5652/10/3 6293/10/3
f 6293/10/3 5652/10/3 6294/10/3
f 5660/5/3 5659/5/3 6228/5/3
f 6228/5/3 5659/5/3 6301/5/3
f 5651/10/3 5698/10/3 6291/10/3
f 6291/10/3 5698/10/3 6335/10/3
f 5659/10/3 5687/10/3 6301/10/3
f 6301/10/3 5687/10/3 6327/10/3
f 5697/10/3 5696/10/3 6336/10/3
f 6336/10/3 5696/10/3 6337/10/3
f 5689/10/3 5713/10/3 6328/10/3
f 6328/10/3 5713/10/3 6350/10/3
f 5715/10/3 5718/10/3 6354/10/3
f 6354/10/3 5718/10/3 6356/10/3
f 5695/10/3 5703/10/3 6334/10/3
f 6334/10/3 5703/10/3 6343/10/3
f 5699/10/3 5707/10/3 6338/10/3
f 6338/10/3 5707/10/3 6347/10/3
f 5702/10/3 5717/10/3 6341/10/3
f 6341/10/3 5717/10/3 6357/10/3
f 5721/16/3 6367/16/3 6415/16/3
f 6415/16/3 6367/16/3 6402/16/3
f 5771/16/3 5817/16/3 6386/16/3
f 6386/16/3 5817/16/3 6388/16/3
f 5816/16/3 5815/16/3 6389/16/3
f 6389/16/3 5815/16/3 6390/16/3
f 5814/7/3 5833/7/3 6387/7/3
f 6387/7/3 5833/7/3 6404/7/3
f 6563/16/3 6564/16/3 6401/16/3
f 6401/16/3 6564/16/3 6416/16/3
f 5833/16/3 5854/16/3 6404/16/3
f 6404/16/3 5854/16/3 6421/16/3
f 5910/13/3 5909/13/3 6462/13/3
f 6462/13/3 5909/13/3 6463/13/3
f 5933/2/3 5932/2/3 6550/2/3
f 6550/2/3 5932/2/3 6504/2/3
f 5963/13/3 5962/13/3 6505/13/3
f 6505/13/3 5962/13/3 6506/13/3
f 5962/2/3 5983/2/3 6506/2/3
f 6506/2/3 5983/2/3 6521/2/3
f 5982/2/3 6010/2/3 6520/2/3
f 6520/2/3 6010/2/3 6551/2/3
f 6236/17/3 6235/17/3 5573/17/3
f 5573/17/3 6235/17/3 5611/17/3
f 5745/16/3 5744/16/3 6368/16/3
f 6368/16/3 5744/16/3 5772/16/3
f 5744/7/3 6565/7/3 5772/7/3
f 5772/7/3 6565/7/3 5769/7/3
f 6406/16/3 6405/16/3 5834/16/3
f 5834/16/3 6405/16/3 5832/16/3
f 6566/7/3 6567/7/3 6563/7/3
f 6563/7/3 6567/7/3 6564/7/3
f 6568/2/3 6569/2/3 5961/2/3
f 5961/2/3 6569/2/3 5982/2/3
f 6272/17/3 6271/17/3 5636/17/3
f 5636/17/3 6271/17/3 5633/17/3
f 5725/16/3 6369/16/3 6360/16/3
f 6360/16/3 6369/16/3 5743/16/3
f 6371/16/3 6374/16/3 5744/16/3
f 5744/16/3 6374/16/3 6565/16/3
f 5791/16/3 5790/16/3 6379/16/3
f 6379/16/3 5790/16/3 5816/16/3
f 5837/7/3 5836/7/3 6407/7/3
f 6407/7/3 5836/7/3 6408/7/3
f 6418/16/3 6417/16/3 6566/16/3
f 6566/16/3 6417/16/3 6567/16/3
f 5857/16/3 5856/16/3 6423/16/3
f 6423/16/3 5856/16/3 6424/16/3
f 5621/14/3 5656/14/3 6297/14/3
f 6297/14/3 5656/14/3 6298/14/3
f 5664/14/3 5663/14/3 6304/14/3
f 6304/14/3 5663/14/3 6305/14/3
f 5622/14/3 5671/14/3 6310/14/3
f 6310/14/3 5671/14/3 6311/14/3
f 5812/16/3 6570/16/3 6375/16/3
f 6375/16/3 6570/16/3 5789/16/3
f 6570/16/3 5811/16/3 5817/16/3
f 5817/16/3 5811/16/3 5814/16/3
f 5810/16/3 5850/16/3 5838/16/3
f 5838/16/3 5850/16/3 6419/16/3
f 5849/16/3 5860/16/3 6417/16/3
f 6417/16/3 5860/16/3 6425/16/3
f 5737/16/3 5736/16/3 5742/16/3
f 5742/16/3 5736/16/3 5739/16/3
f 5749/16/3 5748/16/3 6370/16/3
f 6370/16/3 5748/16/3 6371/16/3
f 5748/7/3 5768/7/3 5813/7/3
f 5813/7/3 5768/7/3 6571/7/3
f 5768/16/3 6572/16/3 6571/16/3
f 6571/16/3 6572/16/3 5810/16/3
f 5841/16/3 5840/16/3 5811/16/3
f 5811/16/3 5840/16/3 6409/16/3
f 5839/7/3 5848/7/3 5861/7/3
f 5861/7/3 5848/7/3 6573/7/3
f 6574/13/3 6575/13/3 6568/13/3
f 6568/13/3 6575/13/3 6569/13/3
f 5764/16/3 5763/16/3 5736/16/3
f 5736/16/3 5763/16/3 5766/16/3
f 5786/16/3 5785/16/3 5767/16/3
f 5767/16/3 5785/16/3 5787/16/3
f 5809/16/3 5808/16/3 5788/16/3
f 5788/16/3 5808/16/3 6572/16/3
f 5801/16/3 5830/16/3 5842/16/3
f 5842/16/3 5830/16/3 5839/16/3
f 6576/2/3 6577/2/3 5932/2/3
f 5932/2/3 6577/2/3 5961/2/3
f 6577/2/3 6578/2/3 6574/2/3
f 6574/2/3 6578/2/3 6575/2/3
f 5424/17/3 5423/17/3 6034/17/3
f 6034/17/3 5423/17/3 6035/17/3
f 5645/18/3 5644/18/3 5598/18/3
f 5598/18/3 5644/18/3 5679/18/3
f 5805/16/3 5804/16/3 5785/16/3
f 5785/16/3 5804/16/3 5807/16/3
f 6489/13/3 6522/13/3 6576/13/3
f 6576/13/3 6522/13/3 6578/13/3
f 5441/17/3 5440/17/3 6056/17/3
f 6056/17/3 5440/17/3 6057/17/3
f 6267/11/3 6266/11/3 5632/11/3
f 5632/11/3 6266/11/3 5629/11/3
f 6288/17/3 6287/17/3 5646/17/3
f 5646/17/3 6287/17/3 5643/17/3
f 6445/16/3 6464/16/3 6485/16/3
f 6485/16/3 6464/16/3 6487/16/3
f 6493/7/3 6492/7/3 6490/7/3
f 6490/7/3 6492/7/3 6491/7/3
f 6526/7/3 6525/7/3 6523/7/3
f 6523/7/3 6525/7/3 6524/7/3
f 6528/16/3 6546/16/3 6544/16/3
f 6544/16/3 6546/16/3 6545/16/3
f 6561/16/3 6560/16/3 6558/16/3
f 6558/16/3 6560/16/3 6559/16/3
f 6251/11/3 6250/11/3 6220/11/3
f 6220/11/3 6250/11/3 6221/11/3
f 6278/17/3 6277/17/3 5642/17/3
f 5642/17/3 6277/17/3 5639/17/3
f 6428/16/3 6449/16/3 6447/16/3
f 6447/16/3 6449/16/3 6448/16/3
f 6469/16/3 6468/16/3 6466/16/3
f 6466/16/3 6468/16/3 6467/16/3
f 6530/16/3 6579/16/3 6508/16/3
f 6508/16/3 6579/16/3 6509/16/3
f 6579/16/3 6529/16/3 6527/16/3
f 6527/16/3 6529/16/3 6528/16/3
f 6532/16/3 6580/16/3 6547/16/3
f 6547/16/3 6580/16/3 6548/16/3
f 6581/17/3 6582/17/3 6036/17/3
f 6036/17/3 6582/17/3 6037/17/3
f 6038/17/3 6583/17/3 5458/17/3
f 5458/17/3 6583/17/3 6584/17/3
f 6583/17/3 6585/17/3 6060/17/3
f 6060/17/3 6585/17/3 6061/17/3
f 6322/18/3 6318/18/3 6289/18/3
f 6289/18/3 6318/18/3 6290/18/3
f 5864/16/3 5863/16/3 6443/16/3
f 6443/16/3 5863/16/3 6586/16/3
f 5876/16/3 5875/16/3 6430/16/3
f 6430/16/3 5875/16/3 6431/16/3
f 5875/7/3 6451/7/3 6431/7/3
f 6431/7/3 6451/7/3 6450/7/3
f 5923/16/3 5922/16/3 6470/16/3
f 6470/16/3 5922/16/3 6471/16/3
f 6587/16/3 6588/16/3 6531/16/3
f 6531/16/3 6588/16/3 6532/16/3
f 6588/7/3 6589/7/3 6532/7/3
f 6532/7/3 6589/7/3 6580/7/3
f 6590/18/3 6591/18/3 6581/18/3
f 6581/18/3 6591/18/3 6582/18/3
f 6051/18/3 6592/18/3 6038/18/3
f 6038/18/3 6592/18/3 6585/18/3
f 6239/18/3 5668/18/3 5620/18/3
f 5620/18/3 5668/18/3 5617/18/3
f 6261/18/3 5675/18/3 5628/18/3
f 5628/18/3 5675/18/3 5625/18/3
f 5668/6/3 5667/6/3 5617/6/3
f 5617/6/3 5667/6/3 6307/6/3
f 5675/6/3 5674/6/3 5625/6/3
f 5625/6/3 5674/6/3 6314/6/3
f 5684/6/3 5683/6/3 6593/6/3
f 6593/6/3 5683/6/3 6324/6/3
f 5872/16/3 5871/16/3 5877/16/3
f 5877/16/3 5871/16/3 5874/16/3
f 5896/16/3 6472/16/3 6452/16/3
f 6452/16/3 6472/16/3 5921/16/3
f 6511/7/3 6510/7/3 6587/7/3
f 6587/7/3 6510/7/3 6594/7/3
f 6595/16/3 6596/16/3 6546/16/3
f 6546/16/3 6596/16/3 6562/16/3
f 5426/17/3 5425/17/3 6590/17/3
f 6590/17/3 5425/17/3 6591/17/3
f 5429/6/3 5428/6/3 6040/6/3
f 6040/6/3 5428/6/3 6041/6/3
f 5445/17/3 5444/17/3 6050/17/3
f 6050/17/3 5444/17/3 6592/17/3
f 5616/6/3 5615/6/3 6240/6/3
f 6240/6/3 5615/6/3 5676/6/3
f 5649/6/3 5648/6/3 6323/6/3
f 6323/6/3 5648/6/3 6593/6/3
f 6454/16/3 6453/16/3 5897/16/3
f 5897/16/3 6453/16/3 5894/16/3
f 5927/16/3 5926/16/3 6473/16/3
f 6473/16/3 5926/16/3 6474/16/3
f 5971/16/3 5970/16/3 6512/16/3
f 6512/16/3 5970/16/3 6513/16/3
f 5969/16/3 6597/16/3 6594/16/3
f 6594/16/3 6597/16/3 6589/16/3
f 6598/7/3 6599/7/3 6595/7/3
f 6595/7/3 6599/7/3 6596/7/3
f 6031/6/3 6030/6/3 6029/6/3
f 6029/6/3 6030/6/3 5426/6/3
f 5437/6/3 5436/6/3 6052/6/3
f 6052/6/3 5436/6/3 6053/6/3
f 5568/6/3 5567/6/3 6206/6/3
f 6206/6/3 5567/6/3 6207/6/3
f 5603/6/3 5602/6/3 6210/6/3
f 6210/6/3 5602/6/3 6211/6/3
f 6433/16/3 6432/16/3 5873/16/3
f 5873/16/3 6432/16/3 5870/16/3
f 5900/16/3 5899/16/3 6455/16/3
f 6455/16/3 5899/16/3 5928/16/3
f 5899/7/3 6600/7/3 5928/7/3
f 5928/7/3 6600/7/3 5925/7/3
f 6601/7/3 6602/7/3 5972/7/3
f 5972/7/3 6602/7/3 5969/7/3
f 6603/16/3 6604/16/3 6533/16/3
f 6533/16/3 6604/16/3 6597/16/3
f 5449/6/3 5448/6/3 6062/6/3
f 6062/6/3 5448/6/3 6063/6/3
f 5448/6/3 5460/6/3 6079/6/3
f 6079/6/3 5460/6/3 6080/6/3
f 5562/6/3 5561/6/3 6193/6/3
f 6193/6/3 5561/6/3 6197/6/3
f 5565/6/3 5564/6/3 6202/6/3
f 6202/6/3 5564/6/3 6203/6/3
f 5880/16/3 6605/16/3 6434/16/3
f 6434/16/3 6605/16/3 5898/16/3
f 6606/16/3 5991/16/3 6601/16/3
f 6601/16/3 5991/16/3 6602/16/3
f 5990/16/3 5989/16/3 5970/16/3
f 5970/16/3 5989/16/3 6534/16/3
f 5988/7/3 6607/7/3 6603/7/3
f 6603/7/3 6607/7/3 6604/7/3
f 5421/6/3 5420/6/3 6032/6/3
f 6032/6/3 5420/6/3 6033/6/3
f 5453/6/3 5452/6/3 5461/6/3
f 5461/6/3 5452/6/3 5459/6/3
f 5559/6/3 5558/6/3 6195/6/3
f 6195/6/3 5558/6/3 6196/6/3
f 5888/16/3 6608/16/3 5881/16/3
f 5881/16/3 6608/16/3 5878/16/3
f 6609/16/3 5946/16/3 5899/16/3
f 5899/16/3 5946/16/3 6600/16/3
f 5945/16/3 5944/16/3 6494/16/3
f 6494/16/3 5944/16/3 6495/16/3
f 5944/7/3 5968/7/3 6606/7/3
f 6606/7/3 5968/7/3 5991/7/3
f 5968/16/3 6008/16/3 5991/16/3
f 5991/16/3 6008/16/3 6607/16/3
f 5468/6/3 5467/6/3 5460/6/3
f 5460/6/3 5467/6/3 6089/6/3
f 5539/6/3 5538/6/3 6163/6/3
f 6163/6/3 5538/6/3 6174/6/3
f 5546/6/3 5545/6/3 6177/6/3
f 6177/6/3 5545/6/3 6178/6/3
f 5550/6/3 5549/6/3 6185/6/3
f 6185/6/3 5549/6/3 6186/6/3
f 5913/16/3 5916/16/3 6610/16/3
f 6610/16/3 5916/16/3 5886/16/3
f 5892/16/3 5891/16/3 5879/16/3
f 5879/16/3 5891/16/3 6605/16/3
f 6611/7/3 5941/7/3 6609/7/3
f 6609/7/3 5941/7/3 5946/7/3
f 5941/16/3 5986/16/3 5946/16/3
f 5946/16/3 5986/16/3 5967/16/3
f 5986/7/3 5985/7/3 5967/7/3
f 5967/7/3 5985/7/3 6612/7/3
f 5985/16/3 6019/16/3 6612/16/3
f 6612/16/3 6019/16/3 6007/16/3
f 6019/16/3 6018/16/3 6598/16/3
f 6598/16/3 6018/16/3 6599/16/3
f 5476/6/3 5475/6/3 6085/6/3
f 6085/6/3 5475/6/3 6099/6/3
f 5480/6/3 5479/6/3 6101/6/3
f 6101/6/3 5479/6/3 6102/6/3
f 5523/6/3 5522/6/3 6168/6/3
f 6168/6/3 5522/6/3 6170/6/3
f 5527/6/3 5526/6/3 5544/6/3
f 5544/6/3 5526/6/3 6613/6/3
f 5535/6/3 5534/6/3 6165/6/3
f 6165/6/3 5534/6/3 6166/6/3
f 5919/16/3 5918/16/3 6611/16/3
f 6611/16/3 5918/16/3 5941/16/3
f 5938/7/3 5937/7/3 5942/7/3
f 5942/7/3 5937/7/3 5939/7/3
f 5966/16/3 5965/16/3 5940/16/3
f 5940/16/3 5965/16/3 5986/16/3
f 6005/7/3 6004/7/3 5985/7/3
f 5985/7/3 6004/7/3 6019/7/3
f 6003/16/3 6016/16/3 6020/16/3
f 6020/16/3 6016/16/3 6017/16/3
f 5488/6/3 5487/6/3 6105/6/3
f 6105/6/3 5487/6/3 6106/6/3
f 6108/6/3 6107/6/3 6134/6/3
f 6134/6/3 6107/6/3 6136/6/3
f 5484/6/3 6114/6/3 6148/6/3
f 6148/6/3 6114/6/3 6150/6/3
f 6110/6/3 6120/6/3 6137/6/3
f 6137/6/3 6120/6/3 6138/6/3
f 5487/6/3 6614/6/3 6126/6/3
f 6126/6/3 6614/6/3 6127/6/3
f 5514/6/3 5513/6/3 6139/6/3
f 6139/6/3 5513/6/3 6140/6/3
f 6614/6/3 5519/6/3 6157/6/3
f 6157/6/3 5519/6/3 6158/6/3
f 5959/16/3 5958/16/3 5935/16/3
f 5935/16/3 5958/16/3 5964/16/3
f 6002/16/3 6615/16/3 5987/16/3
f 5987/16/3 6615/16/3 5984/16/3
f 5957/16/3 5996/16/3 5955/16/3
f 5955/16/3 5996/16/3 5998/16/3
f 6615/16/3 6001/16/3 6006/16/3
f 6006/16/3 6001/16/3 6003/16/3
f 5495/6/3 5498/6/3 6109/6/3
f 6109/6/3 5498/6/3 6110/6/3
f 5497/6/3 5496/6/3 6121/6/3
f 6121/6/3 5496/6/3 5514/6/3
f 5504/6/3 5503/6/3 5520/6/3
f 5520/6/3 5503/6/3 5517/6/3
f 5412/10/4 6025/10/4 227/10/4
f 227/10/4 6025/10/4 2851/10/4
f 5473/10/4 6091/10/4 5433/10/4
f 5433/10/4 6091/10/4 6044/10/4
f 5434/10/4 6043/10/4 5508/10/4
f 5508/10/4 6043/10/4 6130/10/4
f 5509/10/4 6129/10/4 5457/10/4
f 5457/10/4 6129/10/4 6076/10/4
f 5432/10/4 6045/10/4 5464/10/4
f 5464/10/4 6045/10/4 6083/10/4
f 6584/5/4 6049/5/4 5599/5/4
f 5599/5/4 6049/5/4 6285/5/4
f 5600/10/4 6284/10/4 5596/10/4
f 5596/10/4 6284/10/4 6282/10/4
f 5597/10/4 6281/10/4 5593/10/4
f 5593/10/4 6281/10/4 6269/10/4
f 5456/10/4 6077/10/4 5531/10/4
f 5531/10/4 6077/10/4 6161/10/4
f 5463/10/4 6084/10/4 5470/10/4
f 5470/10/4 6084/10/4 6090/10/4
f 5594/10/4 6268/10/4 5590/10/4
f 5590/10/4 6268/10/4 6264/10/4
f 5591/10/4 6263/10/4 5587/10/4
f 5587/10/4 6263/10/4 6255/10/4
f 5588/10/4 6254/10/4 5584/10/4
f 5584/10/4 6254/10/4 6248/10/4
f 5585/10/4 6247/10/4 5581/10/4
f 5581/10/4 6247/10/4 6245/10/4
f 5510/10/4 6133/10/4 5554/10/4
f 5554/10/4 6133/10/4 6189/10/4
f 5582/10/4 6244/10/4 5578/10/4
f 5578/10/4 6244/10/4 6242/10/4
f 5579/10/4 6241/10/4 5613/10/4
f 5613/10/4 6241/10/4 6233/10/4
f 5530/10/4 6162/10/4 5552/10/4
f 5552/10/4 6162/10/4 6187/10/4
f 5614/10/4 6232/10/4 5574/10/4
f 5574/10/4 6232/10/4 6230/10/4
f 5575/10/4 6229/10/4 5571/10/4
f 5571/10/4 6229/10/4 6227/10/4
f 5572/10/4 6226/10/4 5569/10/4
f 5569/10/4 6226/10/4 6224/10/4
f 6616/10/4 6223/10/4 6617/10/4
f 6617/10/4 6223/10/4 6222/10/4
f 5704/10/4 6342/10/4 5693/10/4
f 5693/10/4 6342/10/4 6332/10/4
f 5661/5/4 6300/5/4 5658/5/4
f 5658/5/4 6300/5/4 6299/5/4
f 5611/5/4 6231/5/4 5677/5/4
f 5677/5/4 6231/5/4 6315/5/4
f 5688/10/4 6326/10/4 5686/10/4
f 5686/10/4 6326/10/4 6325/10/4
f 5677/10/4 6315/10/4 5701/10/4
f 5701/10/4 6315/10/4 6339/10/4
f 5708/10/4 6346/10/4 5706/10/4
f 5706/10/4 6346/10/4 6344/10/4
f 5716/10/4 6353/10/4 5712/10/4
f 5712/10/4 6353/10/4 6351/10/4
f 5692/10/4 6333/10/4 5702/10/4
f 5702/10/4 6333/10/4 6341/10/4
f 5700/10/4 6340/10/4 5709/10/4
f 5709/10/4 6340/10/4 6348/10/4
f 5722/16/4 6414/16/4 5719/16/4
f 5719/16/4 6414/16/4 6399/16/4
f 6362/16/4 6398/16/4 6363/16/4
f 6363/16/4 6398/16/4 6396/16/4
f 5754/16/4 6395/16/4 6378/16/4
f 6378/16/4 6395/16/4 6382/16/4
f 6618/16/4 6383/16/4 6619/16/4
f 6619/16/4 6383/16/4 6394/16/4
f 5846/16/4 6411/16/4 5843/16/4
f 5843/16/4 6411/16/4 6410/16/4
f 5832/16/4 6403/16/4 5853/16/4
f 5853/16/4 6403/16/4 6420/16/4
f 5911/13/4 6461/13/4 5908/13/4
f 5908/13/4 6461/13/4 6460/13/4
f 5931/13/4 6482/13/4 5929/13/4
f 5929/13/4 6482/13/4 6481/13/4
f 5951/2/4 6501/2/4 5949/2/4
f 5949/2/4 6501/2/4 6500/2/4
f 5949/13/4 6500/13/4 5973/13/4
f 5973/13/4 6500/13/4 6514/13/4
f 5976/13/4 6536/13/4 5992/13/4
f 5992/13/4 6536/13/4 6535/13/4
f 5993/2/4 6537/2/4 6009/2/4
f 6009/2/4 6537/2/4 6549/2/4
f 6237/17/4 5576/17/4 6238/17/4
f 6238/17/4 5576/17/4 5612/17/4
f 5730/16/4 6361/16/4 6373/16/4
f 6373/16/4 6361/16/4 5752/16/4
f 5776/16/4 6377/16/4 5773/16/4
f 5773/16/4 6377/16/4 6376/16/4
f 5773/16/4 6381/16/4 6620/16/4
f 6620/16/4 6381/16/4 6380/16/4
f 5821/7/4 6618/7/4 5818/7/4
f 5818/7/4 6618/7/4 6619/7/4
f 6621/16/4 5845/16/4 6622/16/4
f 6622/16/4 5845/16/4 6422/16/4
f 6623/17/4 6616/17/4 6296/17/4
f 6296/17/4 6616/17/4 6617/17/4
f 6273/17/4 5635/17/4 6274/17/4
f 6274/17/4 5635/17/4 5634/17/4
f 5726/16/4 6359/16/4 5723/16/4
f 5723/16/4 6359/16/4 6358/16/4
f 6365/16/4 5729/16/4 6366/16/4
f 6366/16/4 5729/16/4 5728/16/4
f 5758/16/4 6372/16/4 5795/16/4
f 5795/16/4 6372/16/4 5774/16/4
f 5796/7/4 5773/7/4 5793/7/4
f 5793/7/4 5773/7/4 6620/7/4
f 6392/16/4 5820/16/4 6393/16/4
f 6393/16/4 5820/16/4 5819/16/4
f 6624/7/4 6621/7/4 5858/7/4
f 5858/7/4 6621/7/4 6625/7/4
f 5858/16/4 6625/16/4 5855/16/4
f 5855/16/4 6625/16/4 6622/16/4
f 6626/13/4 5929/13/4 6627/13/4
f 6627/13/4 5929/13/4 5950/13/4
f 5657/14/4 6623/14/4 5655/14/4
f 5655/14/4 6623/14/4 6295/14/4
f 5665/14/4 6303/14/4 5662/14/4
f 5662/14/4 6303/14/4 6302/14/4
f 5672/14/4 6309/14/4 5670/14/4
f 5670/14/4 6309/14/4 6308/14/4
f 5734/16/4 6364/16/4 5731/16/4
f 5731/16/4 6364/16/4 5757/16/4
f 5731/7/4 5757/7/4 5779/7/4
f 5779/7/4 5757/7/4 5756/7/4
f 5780/16/4 5755/16/4 5822/16/4
f 5822/16/4 5755/16/4 6391/16/4
f 6628/16/4 6624/16/4 6629/16/4
f 6629/16/4 6624/16/4 5858/16/4
f 6573/16/4 5857/16/4 5859/16/4
f 5859/16/4 5857/16/4 5856/16/4
f 6275/17/4 5638/17/4 6276/17/4
f 6276/17/4 5638/17/4 5637/17/4
f 5738/16/4 5733/16/4 5735/16/4
f 5735/16/4 5733/16/4 5732/16/4
f 5750/16/4 5741/16/4 5747/16/4
f 5747/16/4 5741/16/4 5740/16/4
f 5761/16/4 5731/16/4 5759/16/4
f 5759/16/4 5731/16/4 5779/16/4
f 5759/7/4 5779/7/4 5781/7/4
f 5781/7/4 5779/7/4 5778/7/4
f 5799/16/4 5777/16/4 5797/16/4
f 5797/16/4 5777/16/4 5825/16/4
f 5798/16/4 5824/16/4 5826/16/4
f 5826/16/4 5824/16/4 5823/16/4
f 5827/7/4 6628/7/4 5847/7/4
f 5847/7/4 6628/7/4 6629/7/4
f 5765/16/4 5735/16/4 5762/16/4
f 5762/16/4 5735/16/4 5760/16/4
f 5762/7/4 5760/7/4 5783/7/4
f 5783/7/4 5760/7/4 5782/7/4
f 5802/16/4 5781/16/4 5800/16/4
f 5800/16/4 5781/16/4 5798/16/4
f 5831/16/4 5828/16/4 5829/16/4
f 5829/16/4 5828/16/4 5827/16/4
f 5806/16/4 5784/16/4 5803/16/4
f 5803/16/4 5784/16/4 5801/16/4
f 6480/2/4 6626/2/4 6499/2/4
f 6499/2/4 6626/2/4 6627/2/4
f 6499/2/4 5950/2/4 6518/2/4
f 6518/2/4 5950/2/4 5976/2/4
f 5442/17/4 6055/17/4 5439/17/4
f 5439/17/4 6055/17/4 6054/17/4
f 6216/11/4 6219/11/4 6217/11/4
f 6217/11/4 6219/11/4 6218/11/4
f 5642/17/4 5631/17/4 5639/17/4
f 5639/17/4 5631/17/4 5630/17/4
f 6458/16/4 6484/16/4 6459/16/4
f 6459/16/4 6484/16/4 6479/16/4
f 6456/16/4 6478/16/4 6476/16/4
f 6476/16/4 6478/16/4 6477/16/4
f 6540/16/4 6543/16/4 6541/16/4
f 6541/16/4 6543/16/4 6542/16/4
f 6630/16/4 6557/16/4 6631/16/4
f 6631/16/4 6557/16/4 6556/16/4
f 6252/11/4 6258/11/4 6253/11/4
f 6253/11/4 6258/11/4 6257/11/4
f 6279/17/4 5641/17/4 6280/17/4
f 6280/17/4 5641/17/4 5640/17/4
f 6586/16/4 6446/16/4 6444/16/4
f 6444/16/4 6446/16/4 6445/16/4
f 6632/16/4 6475/16/4 6633/16/4
f 6633/16/4 6475/16/4 4593/16/4
f 6634/7/4 6630/7/4 6635/7/4
f 6635/7/4 6630/7/4 6631/7/4
f 6636/17/4 6047/17/4 6637/17/4
f 6637/17/4 6047/17/4 6046/17/4
f 5865/16/4 6442/16/4 5862/16/4
f 5862/16/4 6442/16/4 6440/16/4
f 5877/16/4 6429/16/4 5874/16/4
f 5874/16/4 6429/16/4 6428/16/4
f 4572/7/4 6632/7/4 4573/7/4
f 4573/7/4 6632/7/4 6633/7/4
f 6638/18/4 6636/18/4 6639/18/4
f 6639/18/4 6636/18/4 6637/18/4
f 6204/18/4 5610/18/4 5669/18/4
f 5669/18/4 5610/18/4 5609/18/4
f 6640/18/4 5619/18/4 6641/18/4
f 6641/18/4 5619/18/4 5618/18/4
f 6262/18/4 5627/18/4 5685/18/4
f 5685/18/4 5627/18/4 5626/18/4
f 5669/6/4 5609/6/4 5666/6/4
f 5666/6/4 5609/6/4 6306/6/4
f 5676/6/4 6313/6/4 5673/6/4
f 5673/6/4 6313/6/4 6312/6/4
f 5685/6/4 5626/6/4 5682/6/4
f 5682/6/4 5626/6/4 6317/6/4
f 5873/16/4 5864/16/4 5870/16/4
f 5870/16/4 5864/16/4 5863/16/4
f 5430/6/4 6039/6/4 5427/6/4
f 5427/6/4 6039/6/4 6038/6/4
f 5446/17/4 6059/17/4 5443/17/4
f 5443/17/4 6059/17/4 6058/17/4
f 5650/6/4 6640/6/4 5647/6/4
f 5647/6/4 6640/6/4 6641/6/4
f 6642/16/4 2472/16/4 5405/16/4
f 5405/16/4 2472/16/4 2471/16/4
f 6554/16/4 6634/16/4 6555/16/4
f 6555/16/4 6634/16/4 6635/16/4
f 5438/6/4 6638/6/4 5435/6/4
f 5435/6/4 6638/6/4 6639/6/4
f 6073/6/4 5445/6/4 6078/6/4
f 6078/6/4 5445/6/4 5444/6/4
f 6199/6/4 6201/6/4 5604/6/4
f 5604/6/4 6201/6/4 6200/6/4
f 5604/6/4 6209/6/4 5601/6/4
f 5601/6/4 6209/6/4 6208/6/4
f 6643/16/4 6439/16/4 6644/16/4
f 6644/16/4 6439/16/4 6438/16/4
f 4575/7/4 6642/7/4 4576/7/4
f 4576/7/4 6642/7/4 5405/7/4
f 5418/6/4 491/6/4 5415/6/4
f 5415/6/4 491/6/4 4969/6/4
f 5450/6/4 6072/6/4 5447/6/4
f 5447/6/4 6072/6/4 6070/6/4
f 6066/6/4 6069/6/4 6067/6/4
f 6067/6/4 6069/6/4 6068/6/4
f 5295/6/4 3919/6/4 5560/6/4
f 5560/6/4 3919/6/4 1775/6/4
f 5566/6/4 6198/6/4 5563/6/4
f 5563/6/4 6198/6/4 5568/6/4
f 5869/16/4 6427/16/4 5866/16/4
f 5866/16/4 6427/16/4 6426/16/4
f 6436/7/4 6643/7/4 6437/7/4
f 6437/7/4 6643/7/4 6644/7/4
f 5422/6/4 5417/6/4 5419/6/4
f 5419/6/4 5417/6/4 5416/6/4
f 5454/6/4 6065/6/4 5451/6/4
f 5451/6/4 6065/6/4 6064/6/4
f 5452/6/4 5459/6/4 6087/6/4
f 6087/6/4 5459/6/4 6088/6/4
f 6181/6/4 6184/6/4 6182/6/4
f 6182/6/4 6184/6/4 6183/6/4
f 5889/16/4 5868/16/4 6610/16/4
f 6610/16/4 5868/16/4 5867/16/4
f 5885/16/4 6435/16/4 2496/16/4
f 2496/16/4 6435/16/4 2475/16/4
f 6645/16/4 6553/16/4 6646/16/4
f 6646/16/4 6553/16/4 6552/16/4
f 5469/6/4 6098/6/4 6096/6/4
f 6096/6/4 6098/6/4 6097/6/4
f 5540/6/4 6647/6/4 5537/6/4
f 5537/6/4 6647/6/4 1660/6/4
f 6613/6/4 6176/6/4 5541/6/4
f 5541/6/4 6176/6/4 6175/6/4
f 5551/6/4 6180/6/4 5548/6/4
f 5548/6/4 6180/6/4 6179/6/4
f 5914/16/4 5884/16/4 5907/16/4
f 5907/16/4 5884/16/4 5883/16/4
f 5893/16/4 6608/16/4 5890/16/4
f 5890/16/4 6608/16/4 5887/16/4
f 5905/7/4 5882/7/4 5902/7/4
f 5902/7/4 5882/7/4 2496/7/4
f 5902/16/4 2496/16/4 6648/16/4
f 6648/16/4 2496/16/4 2495/16/4
f 6648/16/4 6497/16/4 5947/16/4
f 5947/16/4 6497/16/4 6496/16/4
f 6649/16/4 6539/16/4 6650/16/4
f 6650/16/4 6539/16/4 6538/16/4
f 6014/7/4 6645/7/4 6011/7/4
f 6011/7/4 6645/7/4 6646/7/4
f 5477/6/4 6095/6/4 5474/6/4
f 5474/6/4 6095/6/4 6094/6/4
f 5481/6/4 6087/6/4 5478/6/4
f 5478/6/4 6087/6/4 6100/6/4
f 5478/6/4 6104/6/4 6125/6/4
f 6125/6/4 6104/6/4 6103/6/4
f 6124/6/4 6156/6/4 6154/6/4
f 6154/6/4 6156/6/4 6155/6/4
f 5524/6/4 6167/6/4 5521/6/4
f 5521/6/4 6167/6/4 6647/6/4
f 5528/6/4 6173/6/4 5525/6/4
f 5525/6/4 6173/6/4 6171/6/4
f 5536/6/4 5543/6/4 5533/6/4
f 5533/6/4 5543/6/4 5547/6/4
f 5920/16/4 5890/16/4 5917/16/4
f 5917/16/4 5890/16/4 5915/16/4
f 5954/16/4 5903/16/4 5952/16/4
f 5952/16/4 5903/16/4 5948/16/4
f 6651/7/4 6649/7/4 6652/7/4
f 6652/7/4 6649/7/4 6650/7/4
f 5999/16/4 6013/16/4 6015/16/4
f 6015/16/4 6013/16/4 6012/16/4
f 5485/6/4 6147/6/4 6113/6/4
f 6113/6/4 6147/6/4 6146/6/4
f 5489/6/4 6153/6/4 6115/6/4
f 6115/6/4 6153/6/4 6151/6/4
f 6111/6/4 6145/6/4 6123/6/4
f 6123/6/4 6145/6/4 6143/6/4
f 5297/6/4 3755/6/4 5512/6/4
f 5512/6/4 3755/6/4 5524/6/4
f 5518/6/4 6142/6/4 5515/6/4
f 5515/6/4 6142/6/4 6141/6/4
f 5960/16/4 5956/16/4 5957/16/4
f 5957/16/4 5956/16/4 5955/16/4
f 5979/16/4 6498/16/4 5977/16/4
f 5977/16/4 6498/16/4 6517/16/4
f 5997/16/4 6651/16/4 5995/16/4
f 5995/16/4 6651/16/4 6652/16/4
f 5958/16/4 5964/16/4 6000/16/4
f 6000/16/4 5964/16/4 5999/16/4
f 5505/6/4 6112/6/4 5501/6/4
f 5501/6/4 6112/6/4 6111/6/4
f 5502/6/4 6122/6/4 5499/6/4
f 5499/6/4 6122/6/4 5518/6/4
f 6028/5/5 5413/5/5 2852/5/5
f 2852/5/5 5413/5/5 226/5/5
f 6346/10/5 5708/10/5 6325/10/5
f 6325/10/5 5708/10/5 5686/10/5
f 6516/13/5 5974/13/5 6514/13/5
f 6514/13/5 5974/13/5 5973/13/5
f 6035/17/5 5423/17/5 4847/17/5
f 4847/17/5 5423/17/5 4891/17/5
f 6037/17/5 6582/17/5 4890/17/5
f 4890/17/5 6582/17/5 5291/17/5
f 6217/17/5 5609/17/5 4884/17/5
f 4884/17/5 5609/17/5 4110/17/5
f 6582/18/5 6591/18/5 5291/18/5
f 5291/18/5 6591/18/5 2954/18/5
f 6591/17/5 5425/17/5 2954/17/5
f 2954/17/5 5425/17/5 4971/17/5
f 5426/6/5 5416/6/5 4947/6/5
f 4947/6/5 5416/6/5 5415/6/5
f 6498/16/5 5948/16/5 6496/16/5
f 6496/16/5 5948/16/5 5947/16/5
f 6026/10/5 5411/10/5 6027/10/5
f 6027/10/5 5411/10/5 5414/10/5
f 6482/13/5 5931/13/5 6460/13/5
f 6460/13/5 5931/13/5 5908/13/5
f 6536/2/5 5976/2/5 6516/2/5
f 6516/2/5 5976/2/5 5974/2/5
f 6221/11/5 6250/11/5 6218/11/5
f 6218/11/5 6250/11/5 6653/11/5
f 6250/17/5 6654/17/5 6653/17/5
f 6653/17/5 6654/17/5 5609/17/5
f 6197/6/5 5561/6/5 1775/6/5
f 1775/6/5 5561/6/5 5560/6/5
f 6033/6/5 5420/6/5 6030/6/5
f 6030/6/5 5420/6/5 5419/6/5
f 6655/6/5 5522/6/5 5540/6/5
f 5540/6/5 5522/6/5 5521/6/5
f 6518/16/5 5997/16/5 6517/16/5
f 6517/16/5 5997/16/5 5977/16/5
f 6537/13/5 5993/13/5 6535/13/5
f 6535/13/5 5993/13/5 5992/13/5
f 6298/14/5 5656/14/5 6295/14/5
f 6295/14/5 5656/14/5 5655/14/5
f 6656/2/5 6540/2/5 6657/2/5
f 6657/2/5 6540/2/5 6539/2/5
f 6658/6/5 5567/6/5 1873/6/5
f 1873/6/5 5567/6/5 1774/6/5
f 6198/6/5 5566/6/5 6193/6/5
f 6193/6/5 5566/6/5 5562/6/5
f 6553/16/5 6014/16/5 6659/16/5
f 6659/16/5 6014/16/5 6650/16/5
f 6014/7/5 5998/7/5 6650/7/5
f 6650/7/5 5998/7/5 6652/7/5
f 6140/6/5 5513/6/5 5524/6/5
f 5524/6/5 5513/6/5 5512/6/5
f 5998/16/5 5996/16/5 6652/16/5
f 6652/16/5 5996/16/5 5995/16/5
f 5514/6/5 5496/6/5 5297/6/5
f 5297/6/5 5496/6/5 1453/6/5
f 6024/10/5 5408/10/5 6021/10/5
f 6021/10/5 5408/10/5 5407/10/5
f 6347/10/5 5707/10/5 4167/10/5
f 4167/10/5 5707/10/5 1985/10/5
f 6551/2/5 6010/2/5 6549/2/5
f 6549/2/5 6010/2/5 6009/2/5
f 5982/2/5 6569/2/5 5976/2/5
f 5976/2/5 6569/2/5 6657/2/5
f 6303/14/5 5665/14/5 6297/14/5
f 6297/14/5 5665/14/5 5621/14/5
f 6569/13/5 6575/13/5 6656/13/5
f 6656/13/5 6575/13/5 6660/13/5
f 6575/2/5 6578/2/5 6660/2/5
f 6660/2/5 6578/2/5 6661/2/5
f 6578/13/5 6522/13/5 6661/13/5
f 6661/13/5 6522/13/5 6543/13/5
f 6557/16/5 6630/16/5 6542/16/5
f 6542/16/5 6630/16/5 6541/16/5
f 6630/16/5 6554/16/5 6538/16/5
f 6538/16/5 6554/16/5 6659/16/5
f 6662/7/5 6012/7/5 6646/7/5
f 6646/7/5 6012/7/5 6011/7/5
f 6013/16/5 5999/16/5 6014/16/5
f 6014/16/5 5999/16/5 5998/16/5
f 5964/16/5 5958/16/5 5955/16/5
f 5955/16/5 5958/16/5 5957/16/5
f 6231/10/5 5611/10/5 6228/10/5
f 6228/10/5 5611/10/5 5660/10/5
f 6340/10/5 5700/10/5 6338/10/5
f 6338/10/5 5700/10/5 5699/10/5
f 6521/2/5 5983/2/5 6520/2/5
f 6520/2/5 5983/2/5 5982/2/5
f 5611/17/5 6304/17/5 6617/17/5
f 6617/17/5 6304/17/5 6296/17/5
f 6305/14/5 5663/14/5 6302/14/5
f 6302/14/5 5663/14/5 5662/14/5
f 6559/16/5 6560/16/5 6556/16/5
f 6556/16/5 6560/16/5 6631/16/5
f 6560/7/5 6663/7/5 6631/7/5
f 6631/7/5 6663/7/5 6635/7/5
f 6307/6/5 5667/6/5 6306/6/5
f 6306/6/5 5667/6/5 5666/6/5
f 6664/16/5 6665/16/5 6666/16/5
f 6666/16/5 6665/16/5 6555/16/5
f 6017/16/5 6016/16/5 6012/16/5
f 6012/16/5 6016/16/5 6015/16/5
f 6003/16/5 6001/16/5 5999/16/5
f 5999/16/5 6001/16/5 6000/16/5
f 6509/16/5 6527/16/5 6523/16/5
f 6523/16/5 6527/16/5 6526/16/5
f 6545/16/5 6546/16/5 6558/16/5
f 6558/16/5 6546/16/5 6561/16/5
f 6562/16/5 6667/16/5 6560/16/5
f 6560/16/5 6667/16/5 6663/16/5
f 6667/16/5 6596/16/5 6635/16/5
f 6635/16/5 6596/16/5 6666/16/5
f 5676/6/5 5615/6/5 1922/6/5
f 1922/6/5 5615/6/5 1872/6/5
f 6596/7/5 6599/7/5 6664/7/5
f 6664/7/5 6599/7/5 6665/7/5
f 6599/16/5 6668/16/5 6552/16/5
f 6552/16/5 6668/16/5 6646/16/5
f 6174/6/5 5538/6/5 1660/6/5
f 1660/6/5 5538/6/5 5537/6/5
f 6668/16/5 6018/16/5 6662/16/5
f 6662/16/5 6018/16/5 6012/16/5
f 5941/16/5 5918/16/5 5942/16/5
f 5942/16/5 5918/16/5 5938/16/5
f 5986/16/5 5965/16/5 5987/16/5
f 5987/16/5 5965/16/5 6669/16/5
f 6019/7/5 6004/7/5 6020/7/5
f 6020/7/5 6004/7/5 6003/7/5
f 6309/14/5 5672/14/5 6304/14/5
f 6304/14/5 5672/14/5 5664/14/5
f 6495/16/5 6531/16/5 6670/16/5
f 6670/16/5 6531/16/5 6530/16/5
f 6548/16/5 6580/16/5 6546/16/5
f 6546/16/5 6580/16/5 6671/16/5
f 6580/7/5 6589/7/5 6671/7/5
f 6671/7/5 6589/7/5 6672/7/5
f 6589/16/5 6604/16/5 6672/16/5
f 6672/16/5 6604/16/5 6673/16/5
f 6604/7/5 6607/7/5 6673/7/5
f 6673/7/5 6607/7/5 6674/7/5
f 6607/16/5 6008/16/5 6674/16/5
f 6674/16/5 6008/16/5 6007/16/5
f 6176/6/5 6613/6/5 6163/6/5
f 6163/6/5 6613/6/5 5539/6/5
f 6613/6/5 5526/6/5 6675/6/5
f 6675/6/5 5526/6/5 5525/6/5
f 6513/16/5 5970/16/5 6510/16/5
f 6510/16/5 5970/16/5 5969/16/5
f 6534/16/5 5989/16/5 6533/16/5
f 6533/16/5 5989/16/5 5988/16/5
f 6311/14/5 5671/14/5 6308/14/5
f 6308/14/5 5671/14/5 5670/14/5
f 6253/11/5 5625/11/5 6250/11/5
f 6250/11/5 5625/11/5 6654/11/5
f 6314/6/5 5674/6/5 6312/6/5
f 6312/6/5 5674/6/5 5673/6/5
f 6353/10/5 5716/10/5 6328/10/5
f 6328/10/5 5716/10/5 5689/10/5
f 6383/16/5 5821/16/5 6380/16/5
f 6380/16/5 5821/16/5 6620/16/5
f 5821/7/5 5794/7/5 6620/7/5
f 6620/7/5 5794/7/5 5793/7/5
f 6260/11/5 6676/11/5 6257/11/5
f 6257/11/5 6676/11/5 6253/11/5
f 6178/6/5 5545/6/5 6175/6/5
f 6175/6/5 5545/6/5 5541/6/5
f 6411/16/5 5846/16/5 6394/16/5
f 6394/16/5 5846/16/5 6619/16/5
f 5846/7/5 5819/7/5 6619/7/5
f 6619/7/5 5819/7/5 5818/7/5
f 5633/17/5 6271/17/5 6235/17/5
f 6235/17/5 6271/17/5 6304/17/5
f 5820/16/5 6392/16/5 5821/16/5
f 5821/16/5 6392/16/5 5794/16/5
f 6393/16/5 5823/16/5 6391/16/5
f 6391/16/5 5823/16/5 5822/16/5
f 5824/16/5 5798/16/5 5825/16/5
f 5825/16/5 5798/16/5 5797/16/5
f 5639/17/5 6277/17/5 6266/17/5
f 6266/17/5 6277/17/5 6676/17/5
f 6180/6/5 5551/6/5 6177/6/5
f 6177/6/5 5551/6/5 5546/6/5
f 6412/16/5 5844/16/5 6410/16/5
f 6410/16/5 5844/16/5 5843/16/5
f 5845/16/5 6624/16/5 5846/16/5
f 5846/16/5 6624/16/5 6393/16/5
f 6624/7/5 6628/7/5 6393/7/5
f 6393/7/5 6628/7/5 5823/7/5
f 6628/16/5 5827/16/5 5823/16/5
f 5823/16/5 5827/16/5 5826/16/5
f 5828/16/5 5831/16/5 5798/16/5
f 5798/16/5 5831/16/5 5800/16/5
f 6413/7/5 6423/7/5 6412/7/5
f 6412/7/5 6423/7/5 5844/7/5
f 6677/17/5 6678/17/5 5612/17/5
f 5612/17/5 6678/17/5 6238/17/5
f 6678/17/5 6679/17/5 5634/17/5
f 5634/17/5 6679/17/5 6274/17/5
f 6424/16/5 5856/16/5 6422/16/5
f 6422/16/5 5856/16/5 5855/16/5
f 6679/17/5 6680/17/5 6310/17/5
f 6310/17/5 6680/17/5 5622/17/5
f 5857/16/5 6573/16/5 5858/16/5
f 5858/16/5 6573/16/5 6629/16/5
f 6680/17/5 6681/17/5 5637/17/5
f 5637/17/5 6681/17/5 6276/17/5
f 6573/7/5 5848/7/5 6629/7/5
f 6629/7/5 5848/7/5 5847/7/5
f 5839/16/5 5830/16/5 5827/16/5
f 5827/16/5 5830/16/5 5829/16/5
f 6681/17/5 5643/17/5 6260/17/5
f 6260/17/5 5643/17/5 5629/17/5
f 5643/17/5 6287/17/5 5630/17/5
f 5630/17/5 6287/17/5 5639/17/5
f 6287/17/5 6682/17/5 5640/17/5
f 5640/17/5 6682/17/5 6280/17/5
f 6682/17/5 6683/17/5 6253/17/5
f 6253/17/5 6683/17/5 5625/17/5
f 6684/17/5 6685/17/5 6686/17/5
f 6686/17/5 6685/17/5 5443/17/5
f 6099/6/5 6687/6/5 6097/6/5
f 6097/6/5 6687/6/5 6096/6/5
f 6687/6/5 5475/6/5 6094/6/5
f 6094/6/5 5475/6/5 5474/6/5
f 6416/16/5 6564/16/5 6413/16/5
f 6413/16/5 6564/16/5 6423/16/5
f 6564/7/5 6567/7/5 6423/7/5
f 6423/7/5 6567/7/5 6688/7/5
f 6567/16/5 6417/16/5 6688/16/5
f 6688/16/5 6417/16/5 5857/16/5
f 6425/16/5 5860/16/5 5856/16/5
f 5856/16/5 5860/16/5 5859/16/5
f 6049/17/5 6056/17/5 6046/17/5
f 6046/17/5 6056/17/5 6689/17/5
f 5679/18/5 5644/18/5 6677/18/5
f 6677/18/5 5644/18/5 5643/18/5
f 5807/16/5 5804/16/5 5801/16/5
f 5801/16/5 5804/16/5 5803/16/5
f 6057/17/5 5440/17/5 6054/17/5
f 6054/17/5 5440/17/5 5439/17/5
f 5441/17/5 6060/17/5 6691/17/5
f 6691/17/5 6060/17/5 6690/17/5
f 6061/17/5 6585/17/5 6058/17/5
f 6058/17/5 6585/17/5 6686/17/5
f 6290/18/5 6318/18/5 6287/18/5
f 6287/18/5 6318/18/5 6683/18/5
f 6585/18/5 6592/18/5 6684/18/5
f 6684/18/5 6592/18/5 6692/18/5
f 6592/17/5 5444/17/5 6692/17/5
f 6692/17/5 5444/17/5 6685/17/5
f 5445/6/5 6073/6/5 6693/6/5
f 6693/6/5 6073/6/5 5435/6/5
f 5459/6/5 5452/6/5 6064/6/5
f 6064/6/5 5452/6/5 5451/6/5
f 6087/6/5 6694/6/5 6085/6/5
f 6085/6/5 6694/6/5 6695/6/5
f 5517/6/5 5503/6/5 5518/6/5
f 5518/6/5 5503/6/5 5499/6/5
f 6077/5/5 5456/5/5 6075/5/5
f 6075/5/5 5456/5/5 5455/5/5
f 6162/5/5 5530/5/5 6159/5/5
f 6159/5/5 5530/5/5 5529/5/5
f 6403/16/5 5835/16/5 6401/16/5
f 6401/16/5 5835/16/5 6418/16/5
f 6419/16/5 5850/16/5 6417/16/5
f 6417/16/5 5850/16/5 5849/16/5
f 6572/16/5 5808/16/5 5842/16/5
f 5842/16/5 5808/16/5 5801/16/5
f 6041/6/5 6052/6/5 6038/6/5
f 6038/6/5 6052/6/5 6051/6/5
f 6324/6/5 5683/6/5 6317/6/5
f 6317/6/5 5683/6/5 5682/6/5
f 6053/6/5 6062/6/5 6050/6/5
f 6050/6/5 6062/6/5 5445/6/5
f 5684/6/5 5648/6/5 6641/6/5
f 6641/6/5 5648/6/5 5647/6/5
f 6063/6/5 6079/6/5 5444/6/5
f 5444/6/5 6079/6/5 6078/6/5
f 5649/6/5 5602/6/5 6696/6/5
f 6696/6/5 5602/6/5 5601/6/5
f 6080/6/5 5460/6/5 6068/6/5
f 6068/6/5 5460/6/5 6067/6/5
f 5603/6/5 5564/6/5 5568/6/5
f 5568/6/5 5564/6/5 5563/6/5
f 6089/6/5 6101/6/5 6088/6/5
f 6088/6/5 6101/6/5 6087/6/5
f 5565/6/5 5558/6/5 5295/6/5
f 5295/6/5 5558/6/5 1659/6/5
f 6102/6/5 6105/6/5 6100/6/5
f 6100/6/5 6105/6/5 6104/6/5
f 5559/6/5 5549/6/5 6179/6/5
f 6179/6/5 5549/6/5 5548/6/5
f 6106/6/5 6126/6/5 6103/6/5
f 6103/6/5 6126/6/5 6125/6/5
f 5550/6/5 5534/6/5 5547/6/5
f 5547/6/5 5534/6/5 5533/6/5
f 5535/6/5 5519/6/5 6141/6/5
f 6141/6/5 5519/6/5 5515/6/5
f 6342/10/5 5704/10/5 6212/10/5
f 6212/10/5 5704/10/5 5605/10/5
f 6333/10/5 5692/10/5 6354/10/5
f 6354/10/5 5692/10/5 5715/10/5
f 6357/10/5 5717/10/5 6348/10/5
f 6348/10/5 5717/10/5 5709/10/5
f 6421/16/5 5854/16/5 6420/16/5
f 6420/16/5 5854/16/5 5853/16/5
f 5814/16/5 6407/16/5 5834/16/5
f 5834/16/5 6407/16/5 6406/16/5
f 6408/7/5 5836/7/5 6405/7/5
f 6405/7/5 5836/7/5 5835/7/5
f 5837/16/5 5811/16/5 5838/16/5
f 5838/16/5 5811/16/5 5810/16/5
f 6409/16/5 5840/16/5 5861/16/5
f 5861/16/5 5840/16/5 5839/16/5
f 6045/10/5 5432/10/5 6042/10/5
f 6042/10/5 5432/10/5 5431/10/5
f 6084/10/5 5463/10/5 6081/10/5
f 6081/10/5 5463/10/5 5462/10/5
f 6133/10/5 5510/10/5 6128/10/5
f 6128/10/5 5510/10/5 5506/10/5
f 6343/10/5 5703/10/5 6341/10/5
f 6341/10/5 5703/10/5 5702/10/5
f 6390/16/5 5815/16/5 6387/16/5
f 6387/16/5 5815/16/5 5814/16/5
f 5816/16/5 5790/16/5 5817/16/5
f 5817/16/5 5790/16/5 5789/16/5
f 6093/10/5 5471/10/5 6090/10/5
f 6090/10/5 5471/10/5 5470/10/5
f 6119/10/5 5491/10/5 6116/10/5
f 6116/10/5 5491/10/5 5490/10/5
f 6192/10/5 5556/10/5 6187/10/5
f 6187/10/5 5556/10/5 5552/10/5
f 6294/10/5 5652/10/5 6291/10/5
f 6291/10/5 5652/10/5 5651/10/5
f 6337/10/5 5696/10/5 6334/10/5
f 6334/10/5 5696/10/5 5695/10/5
f 6299/10/6 6326/10/6 5658/10/6
f 5658/10/6 6326/10/6 5688/10/6
f 6344/10/6 4166/10/6 5706/10/6
f 5706/10/6 4166/10/6 1986/10/6
f 6034/17/6 4846/17/6 5424/17/6
f 5424/17/6 4846/17/6 4892/17/6
f 6477/16/6 6497/16/6 6476/16/6
f 6476/16/6 6497/16/6 4594/16/6
f 6457/16/6 6475/16/6 6438/16/6
f 6438/16/6 6475/16/6 6632/16/6
f 6036/17/6 4889/17/6 6581/17/6
f 6581/17/6 4889/17/6 5403/17/6
f 6216/17/6 4883/17/6 5610/17/6
f 5610/17/6 4883/17/6 4940/17/6
f 6438/7/6 6632/7/6 6697/7/6
f 6697/7/6 6632/7/6 4572/7/6
f 6581/18/6 5403/18/6 6590/18/6
f 6590/18/6 5403/18/6 2856/18/6
f 6590/17/6 2856/17/6 5426/17/6
f 5426/17/6 2856/17/6 4947/17/6
f 6697/16/6 4572/16/6 6698/16/6
f 6698/16/6 4572/16/6 6642/16/6
f 6698/7/6 6642/7/6 6644/7/6
f 6644/7/6 6642/7/6 4575/7/6
f 6029/6/6 4946/6/6 5417/6/6
f 5417/6/6 4946/6/6 5418/6/6
f 6644/16/6 4575/16/6 6437/16/6
f 6437/16/6 4575/16/6 2476/16/6
f 6699/7/6 5882/7/6 5904/7/6
f 5904/7/6 5882/7/6 5905/7/6
f 6134/6/6 3683/6/6 6700/6/6
f 6700/6/6 3683/6/6 1454/6/6
f 6222/5/6 6300/5/6 6617/5/6
f 6617/5/6 6300/5/6 5661/5/6
f 6481/2/6 6501/2/6 5929/2/6
f 5929/2/6 6501/2/6 5951/2/6
f 6479/16/6 6478/16/6 6459/16/6
f 6459/16/6 6478/16/6 6456/16/6
f 6220/11/6 6219/11/6 6251/11/6
f 6251/11/6 6219/11/6 6701/11/6
f 6458/7/6 6457/7/6 6441/7/6
f 6441/7/6 6457/7/6 6438/7/6
f 6251/17/6 6701/17/6 6702/17/6
f 6702/17/6 6701/17/6 5610/17/6
f 6440/16/6 6439/16/6 6703/16/6
f 6703/16/6 6439/16/6 6643/16/6
f 6703/7/6 6643/7/6 5866/7/6
f 5866/7/6 6643/7/6 6436/7/6
f 6032/6/6 6031/6/6 5421/6/6
f 5421/6/6 6031/6/6 5422/6/6
f 5883/16/6 6699/16/6 5907/16/6
f 5907/16/6 6699/16/6 5904/16/6
f 6168/6/6 6167/6/6 5523/6/6
f 5523/6/6 6167/6/6 5524/6/6
f 6137/6/6 6136/6/6 6110/6/6
f 6110/6/6 6136/6/6 6107/6/6
f 6109/6/6 6108/6/6 5495/6/6
f 5495/6/6 6108/6/6 6700/6/6
f 6224/10/6 6223/10/6 5569/10/6
f 5569/10/6 6223/10/6 6616/10/6
f 6462/13/6 6461/13/6 5910/13/6
f 5910/13/6 6461/13/6 5911/13/6
f 5930/13/6 5929/13/6 6704/13/6
f 6704/13/6 5929/13/6 6626/13/6
f 6705/2/6 6706/2/6 6486/2/6
f 6486/2/6 6706/2/6 6480/2/6
f 6485/16/6 6484/16/6 6444/16/6
f 6444/16/6 6484/16/6 6441/16/6
f 6443/16/6 6442/16/6 5864/16/6
f 5864/16/6 6442/16/6 5865/16/6
f 5863/7/6 5862/7/6 5870/7/6
f 5870/7/6 5862/7/6 6426/7/6
f 6206/6/6 3975/6/6 5568/6/6
f 5568/6/6 3975/6/6 1775/6/6
f 5873/16/6 6427/16/6 5868/16/6
f 5868/16/6 6427/16/6 5869/16/6
f 5867/16/6 6435/16/6 6610/16/6
f 6610/16/6 6435/16/6 5885/16/6
f 6610/16/6 5884/16/6 5913/16/6
f 5913/16/6 5884/16/6 5914/16/6
f 6139/6/6 6138/6/6 5514/6/6
f 5514/6/6 6138/6/6 6120/6/6
f 5955/16/6 5952/16/6 5957/16/6
f 5957/16/6 5952/16/6 5979/16/6
f 6121/6/6 6110/6/6 5497/6/6
f 5497/6/6 6110/6/6 5498/6/6
f 6023/10/6 6025/10/6 5409/10/6
f 5409/10/6 6025/10/6 5412/10/6
f 6227/10/6 6226/10/6 5571/10/6
f 5571/10/6 6226/10/6 5572/10/6
f 6550/2/6 6463/2/6 5933/2/6
f 5933/2/6 6463/2/6 5909/2/6
f 5932/2/6 5930/2/6 6707/2/6
f 6707/2/6 5930/2/6 6704/2/6
f 6707/2/6 6626/2/6 6576/2/6
f 6576/2/6 6626/2/6 6706/2/6
f 6576/13/6 6705/13/6 6489/13/6
f 6489/13/6 6705/13/6 6486/13/6
f 6488/16/6 6487/16/6 6465/16/6
f 6465/16/6 6487/16/6 6464/16/6
f 6447/16/6 6446/16/6 5874/16/6
f 5874/16/6 6446/16/6 5863/16/6
f 5877/16/6 5864/16/6 5872/16/6
f 5872/16/6 5864/16/6 5873/16/6
f 5881/16/6 5868/16/6 5888/16/6
f 5888/16/6 5868/16/6 5889/16/6
f 6171/6/6 6170/6/6 6675/6/6
f 6675/6/6 6170/6/6 6655/6/6
f 5887/7/6 5886/7/6 5890/7/6
f 5890/7/6 5886/7/6 5916/7/6
f 5915/16/6 5903/16/6 5917/16/6
f 5917/16/6 5903/16/6 5954/16/6
f 5935/16/6 5956/16/6 5959/16/6
f 5959/16/6 5956/16/6 5960/16/6
f 6230/10/6 6229/10/6 5574/10/6
f 5574/10/6 6229/10/6 5575/10/6
f 6339/10/6 6327/10/6 5701/10/6
f 5701/10/6 6327/10/6 5687/10/6
f 6505/13/6 6504/13/6 5963/13/6
f 5963/13/6 6504/13/6 5932/13/6
f 5573/17/6 6616/17/6 6708/17/6
f 6708/17/6 6616/17/6 6623/17/6
f 6490/7/6 6488/7/6 6493/7/6
f 6493/7/6 6488/7/6 6465/7/6
f 6430/16/6 6429/16/6 5876/16/6
f 5876/16/6 6429/16/6 5877/16/6
f 5620/18/6 5610/18/6 6239/18/6
f 6239/18/6 5610/18/6 6204/18/6
f 5897/16/6 5870/16/6 5901/16/6
f 5901/16/6 5870/16/6 6432/16/6
f 6434/16/6 6433/16/6 5880/16/6
f 5880/16/6 6433/16/6 5868/16/6
f 5879/16/6 5878/16/6 5892/16/6
f 5892/16/6 5878/16/6 5893/16/6
f 6669/16/6 5964/16/6 6002/16/6
f 6002/16/6 5964/16/6 5958/16/6
f 6233/10/6 6232/10/6 5613/10/6
f 5613/10/6 6232/10/6 5614/10/6
f 6508/16/6 6491/16/6 6670/16/6
f 6670/16/6 6491/16/6 6492/16/6
f 6544/16/6 6524/16/6 6528/16/6
f 6528/16/6 6524/16/6 6525/16/6
f 6466/16/6 6448/16/6 6469/16/6
f 6469/16/6 6448/16/6 6449/16/6
f 6452/16/6 5874/16/6 5896/16/6
f 5896/16/6 5874/16/6 5871/16/6
f 6240/6/6 6207/6/6 5616/6/6
f 5616/6/6 6207/6/6 6658/6/6
f 6455/16/6 6454/16/6 5900/16/6
f 5900/16/6 6454/16/6 5901/16/6
f 5899/16/6 5898/16/6 6609/16/6
f 6609/16/6 5898/16/6 6709/16/6
f 6609/7/6 6709/7/6 6611/7/6
f 6611/7/6 6709/7/6 5891/7/6
f 6611/16/6 5890/16/6 5919/16/6
f 5919/16/6 5890/16/6 5920/16/6
f 5940/16/6 5939/16/6 5966/16/6
f 5966/16/6 5939/16/6 5937/16/6
f 5985/7/6 5984/7/6 6005/7/6
f 6005/7/6 5984/7/6 6006/7/6
f 6143/6/6 6142/6/6 6123/6/6
f 6123/6/6 6142/6/6 5518/6/6
f 6111/6/6 6122/6/6 5501/6/6
f 5501/6/6 6122/6/6 5502/6/6
f 6242/10/6 6241/10/6 5578/10/6
f 5578/10/6 6241/10/6 5579/10/6
f 6494/16/6 6467/16/6 6471/16/6
f 6471/16/6 6467/16/6 6468/16/6
f 6547/16/6 6528/16/6 6532/16/6
f 6532/16/6 6528/16/6 6529/16/6
f 6470/16/6 6450/16/6 5923/16/6
f 5923/16/6 6450/16/6 6451/16/6
f 5618/6/6 6313/6/6 6641/6/6
f 6641/6/6 6313/6/6 5676/6/6
f 5922/16/6 5921/16/6 6474/16/6
f 6474/16/6 5921/16/6 6472/16/6
f 6473/16/6 5894/16/6 5927/16/6
f 5927/16/6 5894/16/6 6453/16/6
f 5926/16/6 5925/16/6 5945/16/6
f 5945/16/6 5925/16/6 5946/16/6
f 5544/6/6 6710/6/6 5527/6/6
f 5527/6/6 6710/6/6 5528/6/6
f 6146/6/6 6145/6/6 6113/6/6
f 6113/6/6 6145/6/6 6111/6/6
f 6245/10/6 6244/10/6 5581/10/6
f 5581/10/6 6244/10/6 5582/10/6
f 6512/16/6 6511/16/6 5971/16/6
f 5971/16/6 6511/16/6 5972/16/6
f 5970/16/6 5969/16/6 5990/16/6
f 5990/16/6 5969/16/6 5991/16/6
f 6248/10/6 6247/10/6 5584/10/6
f 5584/10/6 6247/10/6 5585/10/6
f 6711/14/6 6623/14/6 5623/14/6
f 5623/14/6 6623/14/6 5657/14/6
f 6252/11/6 6251/11/6 5628/11/6
f 5628/11/6 6251/11/6 6702/11/6
f 5628/18/6 5619/18/6 6261/18/6
f 6261/18/6 5619/18/6 6640/18/6
f 6148/6/6 6147/6/6 5484/6/6
f 5484/6/6 6147/6/6 5485/6/6
f 6255/10/6 6254/10/6 5587/10/6
f 5587/10/6 6254/10/6 5588/10/6
f 6351/10/6 6350/10/6 5712/10/6
f 5712/10/6 6350/10/6 5713/10/6
f 6382/16/6 6381/16/6 6378/16/6
f 6378/16/6 6381/16/6 6376/16/6
f 5774/7/6 5773/7/6 5795/7/6
f 5795/7/6 5773/7/6 5796/7/6
f 6259/11/6 6258/11/6 6712/11/6
f 6712/11/6 6258/11/6 6252/11/6
f 6151/6/6 6150/6/6 6115/6/6
f 6115/6/6 6150/6/6 6114/6/6
f 6264/10/6 6263/10/6 5590/10/6
f 5590/10/6 6263/10/6 5591/10/6
f 5752/16/6 6377/16/6 6373/16/6
f 6373/16/6 6377/16/6 5776/16/6
f 5636/17/6 6236/17/6 6272/17/6
f 6272/17/6 6236/17/6 6708/17/6
f 5727/16/6 6372/16/6 5757/16/6
f 5757/16/6 6372/16/6 5758/16/6
f 5756/16/6 5755/16/6 5779/16/6
f 5779/16/6 5755/16/6 5780/16/6
f 5778/16/6 5777/16/6 5781/16/6
f 5781/16/6 5777/16/6 5799/16/6
f 5642/17/6 6267/17/6 6278/17/6
f 6278/17/6 6267/17/6 6712/17/6
f 6269/10/6 6268/10/6 5593/10/6
f 5593/10/6 6268/10/6 5594/10/6
f 6396/16/6 6395/16/6 6363/16/6
f 6363/16/6 6395/16/6 5754/16/6
f 6362/16/6 6361/16/6 5729/16/6
f 5729/16/6 6361/16/6 5730/16/6
f 5728/7/6 5727/7/6 6366/7/6
f 6366/7/6 5727/7/6 5757/7/6
f 5732/16/6 5731/16/6 5735/16/6
f 5735/16/6 5731/16/6 5761/16/6
f 5782/16/6 5781/16/6 5783/16/6
f 5783/16/6 5781/16/6 5802/16/6
f 6070/6/6 6069/6/6 5447/6/6
f 5447/6/6 6069/6/6 6066/6/6
f 6282/10/6 6281/10/6 5596/10/6
f 5596/10/6 6281/10/6 5597/10/6
f 6399/16/6 6398/16/6 5719/16/6
f 5719/16/6 6398/16/6 6362/16/6
f 5595/17/6 5576/17/6 6713/17/6
f 6713/17/6 5576/17/6 6237/17/6
f 5719/7/6 6362/7/6 6358/7/6
f 6358/7/6 6362/7/6 5729/7/6
f 6713/17/6 5635/17/6 6714/17/6
f 6714/17/6 5635/17/6 6273/17/6
f 6358/16/6 5729/16/6 5723/16/6
f 5723/16/6 5729/16/6 6365/16/6
f 6714/17/6 6711/17/6 6715/17/6
f 6715/17/6 6711/17/6 5623/17/6
f 6715/17/6 5638/17/6 6716/17/6
f 6716/17/6 5638/17/6 6275/17/6
f 5742/16/6 5733/16/6 5737/16/6
f 5737/16/6 5733/16/6 5738/16/6
f 5736/16/6 5735/16/6 5764/16/6
f 5764/16/6 5735/16/6 5765/16/6
f 6716/17/6 6259/17/6 5646/17/6
f 5646/17/6 6259/17/6 5632/17/6
f 6689/17/6 6055/17/6 6691/17/6
f 6691/17/6 6055/17/6 5442/17/6
f 5646/17/6 5631/17/6 6288/17/6
f 6288/17/6 5631/17/6 5642/17/6
f 6288/17/6 5641/17/6 6717/17/6
f 6717/17/6 5641/17/6 6279/17/6
f 6717/17/6 6252/17/6 6718/17/6
f 6718/17/6 6252/17/6 5628/17/6
f 6690/17/6 6059/17/6 6693/17/6
f 6693/17/6 6059/17/6 5446/17/6
f 6695/6/6 6095/6/6 5476/6/6
f 5476/6/6 6095/6/6 5477/6/6
f 6285/10/6 6284/10/6 5599/10/6
f 5599/10/6 6284/10/6 5600/10/6
f 6415/16/6 6414/16/6 5721/16/6
f 5721/16/6 6414/16/6 5722/16/6
f 6360/16/6 6359/16/6 5725/16/6
f 5725/16/6 6359/16/6 5726/16/6
f 5740/16/6 5739/16/6 5747/16/6
f 5747/16/6 5739/16/6 5736/16/6
f 5767/16/6 5766/16/6 5786/16/6
f 5786/16/6 5766/16/6 5763/16/6
f 5598/18/6 5595/18/6 5645/18/6
f 5645/18/6 5595/18/6 5646/18/6
f 5785/16/6 5784/16/6 5805/16/6
f 5805/16/6 5784/16/6 5806/16/6
f 6048/17/6 6047/17/6 6038/17/6
f 6038/17/6 6047/17/6 6636/17/6
f 6289/18/6 6288/18/6 6322/18/6
f 6322/18/6 6288/18/6 6718/18/6
f 6038/18/6 6636/18/6 6051/18/6
f 6051/18/6 6636/18/6 6638/18/6
f 6322/18/6 5627/18/6 6208/18/6
f 6208/18/6 5627/18/6 6262/18/6
f 6208/6/6 6640/6/6 6696/6/6
f 6696/6/6 6640/6/6 5650/6/6
f 6051/6/6 6638/6/6 6719/6/6
f 6719/6/6 6638/6/6 5438/6/6
f 5461/6/6 6065/6/6 5453/6/6
f 5453/6/6 6065/6/6 5454/6/6
f 6183/6/6 5406/6/6 6182/6/6
f 6182/6/6 5406/6/6 1660/6/6
f 6155/6/6 5543/6/6 6154/6/6
f 6154/6/6 5543/6/6 5536/6/6
f 5520/6/6 6112/6/6 5504/6/6
f 5504/6/6 6112/6/6 5505/6/6
f 6076/5/6 6048/5/6 5457/5/6
f 5457/5/6 6048/5/6 5458/5/6
f 6161/5/6 6160/5/6 5531/5/6
f 5531/5/6 6160/5/6 5532/5/6
f 6187/5/6 6320/5/6 5552/5/6
f 5552/5/6 6320/5/6 5681/5/6
f 6368/16/6 5719/16/6 5745/16/6
f 5745/16/6 5719/16/6 6358/16/6
f 5744/16/6 5743/16/6 6371/16/6
f 6371/16/6 5743/16/6 6369/16/6
f 6370/16/6 6364/16/6 6720/16/6
f 6720/16/6 6364/16/6 5734/16/6
f 6720/16/6 5741/16/6 5749/16/6
f 5749/16/6 5741/16/6 5750/16/6
f 5788/16/6 5787/16/6 5809/16/6
f 5809/16/6 5787/16/6 5785/16/6
f 6323/6/6 6322/6/6 6211/6/6
f 6211/6/6 6322/6/6 6208/6/6
f 6040/6/6 6039/6/6 5429/6/6
f 5429/6/6 6039/6/6 5430/6/6
f 6210/6/6 6209/6/6 6203/6/6
f 6203/6/6 6209/6/6 6200/6/6
f 5428/6/6 5427/6/6 5437/6/6
f 5437/6/6 5427/6/6 6719/6/6
f 6202/6/6 6201/6/6 6196/6/6
f 6196/6/6 6201/6/6 6199/6/6
f 5436/6/6 6072/6/6 5449/6/6
f 5449/6/6 6072/6/6 5450/6/6
f 6195/6/6 3918/6/6 6186/6/6
f 6186/6/6 3918/6/6 5406/6/6
f 5460/6/6 5459/6/6 6721/6/6
f 6721/6/6 5459/6/6 5452/6/6
f 6185/6/6 6184/6/6 6166/6/6
f 6166/6/6 6184/6/6 6181/6/6
f 6721/6/6 6098/6/6 5468/6/6
f 5468/6/6 6098/6/6 5469/6/6
f 6165/6/6 6173/6/6 6158/6/6
f 6158/6/6 6173/6/6 6710/6/6
f 5467/6/6 6694/6/6 5480/6/6
f 5480/6/6 6694/6/6 5481/6/6
f 6157/6/6 6156/6/6 6127/6/6
f 6127/6/6 6156/6/6 6124/6/6
f 5479/6/6 6153/6/6 5488/6/6
f 5488/6/6 6153/6/6 5489/6/6
f 6130/10/6 6129/10/6 5508/10/6
f 5508/10/6 6129/10/6 5509/10/6
f 6332/10/6 6331/10/6 5693/10/6
f 5693/10/6 6331/10/6 5694/10/6
f 6341/10/6 6356/10/6 5702/10/6
f 5702/10/6 6356/10/6 5718/10/6
f 6386/16/6 6402/16/6 5771/16/6
f 5771/16/6 6402/16/6 6367/16/6
f 5770/7/6 5769/7/6 6722/7/6
f 6722/7/6 5769/7/6 6565/7/6
f 6375/16/6 6371/16/6 5812/16/6
f 5812/16/6 6371/16/6 5813/16/6
f 5811/16/6 5810/16/6 5841/16/6
f 5841/16/6 5810/16/6 6572/16/6
f 6044/10/6 6043/10/6 5433/10/6
f 5433/10/6 6043/10/6 5434/10/6
f 6083/10/6 6082/10/6 5464/10/6
f 5464/10/6 6082/10/6 5465/10/6
f 6189/10/6 6188/10/6 5554/10/6
f 5554/10/6 6188/10/6 5555/10/6
f 6214/10/6 6213/10/6 5607/10/6
f 5607/10/6 6213/10/6 5608/10/6
f 6389/16/6 6388/16/6 5816/16/6
f 5816/16/6 6388/16/6 5817/16/6
f 6379/16/6 5770/16/6 6723/16/6
f 6723/16/6 5770/16/6 6722/16/6
f 6723/16/6 6565/16/6 5791/16/6
f 5791/16/6 6565/16/6 6374/16/6
f 6092/10/6 6091/10/6 5472/10/6
f 5472/10/6 6091/10/6 5473/10/6
f 6118/10/6 6132/10/6 5492/10/6
f 5492/10/6 6132/10/6 5511/10/6
f 6191/10/6 6133/10/6 5557/10/6
f 5557/10/6 6133/10/6 5510/10/6
f 6293/10/6 6292/10/6 5653/10/6
f 5653/10/6 6292/10/6 5654/10/6
f 6336/10/6 6335/10/6 5697/10/6
f 5697/10/6 6335/10/6 5698/10/6
f 6724/13/1 6725/13/1 6727/13/1
f 6727/13/1 6725/13/1 6726/13/1
f 6728/4/1 6729/4/1 5232/4/1
f 5232/4/1 6729/4/1 5229/4/1
f 6729/5/1 6730/5/1 5229/5/1
f 5229/5/1 6730/5/1 6731/5/1
f 6732/5/1 6733/5/1 6735/5/1
f 6735/5/1 6733/5/1 6734/5/1
f 6736/5/1 6737/5/1 6739/5/1
f 6739/5/1 6737/5/1 6738/5/1
f 6740/16/1 6741/16/1 4730/16/1
f 4730/16/1 6741/16/1 4732/16/1
f 6742/16/1 6743/16/1 5269/16/1
f 5269/16/1 6743/16/1 5267/16/1
f 6744/13/1 6745/13/1 6746/13/1
f 6746/13/1 6745/13/1 2673/13/1
f 6747/16/1 6748/16/1 6749/16/1
f 6749/16/1 6748/16/1 2676/16/1
f 6750/7/1 6751/7/1 2681/7/1
f 2681/7/1 6751/7/1 6752/7/1
f 6753/13/1 6754/13/1 2679/13/1
f 2679/13/1 6754/13/1 2685/13/1
f 6755/16/1 6756/16/1 2688/16/1
f 2688/16/1 6756/16/1 6757/16/1
f 6758/16/1 6759/16/1 6761/16/1
f 6761/16/1 6759/16/1 6760/16/1
f 6762/16/1 6763/16/1 5012/16/1
f 5012/16/1 6763/16/1 6764/16/1
f 6765/4/1 6766/4/1 6768/4/1
f 6768/4/1 6766/4/1 6767/4/1
f 6769/4/1 6770/4/1 6724/4/1
f 6724/4/1 6770/4/1 6725/4/1
f 6771/4/1 6772/4/1 6773/4/1
f 6773/4/1 6772/4/1 6735/4/1
f 6774/16/1 6775/16/1 6777/16/1
f 6777/16/1 6775/16/1 6776/16/1
f 6778/16/1 6779/16/1 6781/16/1
f 6781/16/1 6779/16/1 6780/16/1
f 6782/7/1 6783/7/1 6742/7/1
f 6742/7/1 6783/7/1 6743/7/1
f 6784/2/1 6785/2/1 6786/2/1
f 6786/2/1 6785/2/1 6745/2/1
f 6787/16/1 6788/16/1 6790/16/1
f 6790/16/1 6788/16/1 6789/16/1
f 6788/7/1 6791/7/1 6789/7/1
f 6789/7/1 6791/7/1 6750/7/1
f 6792/16/1 6793/16/1 6748/16/1
f 6748/16/1 6793/16/1 6794/16/1
f 6795/2/1 6796/2/1 6753/2/1
f 6753/2/1 6796/2/1 6797/2/1
f 6798/16/1 6799/16/1 6752/16/1
f 6752/16/1 6799/16/1 2682/16/1
f 6800/7/1 6801/7/1 6755/7/1
f 6755/7/1 6801/7/1 6802/7/1
f 6803/16/1 6804/16/1 6806/16/1
f 6806/16/1 6804/16/1 6805/16/1
f 6807/16/1 6808/16/1 6810/16/1
f 6810/16/1 6808/16/1 6809/16/1
f 6811/10/1 6812/10/1 2636/10/1
f 2636/10/1 6812/10/1 2642/10/1
f 6813/14/1 6814/14/1 6816/14/1
f 6816/14/1 6814/14/1 6815/14/1
f 6814/4/1 6817/4/1 6815/4/1
f 6815/4/1 6817/4/1 6818/4/1
f 6819/4/1 6820/4/1 6822/4/1
f 6822/4/1 6820/4/1 6821/4/1
f 6823/4/1 6824/4/1 6826/4/1
f 6826/4/1 6824/4/1 6825/4/1
f 6827/4/1 6828/4/1 6829/4/1
f 6829/4/1 6828/4/1 6771/4/1
f 6824/14/1 6830/14/1 6825/14/1
f 6825/14/1 6830/14/1 6831/14/1
f 6828/14/1 6832/14/1 6771/14/1
f 6771/14/1 6832/14/1 6772/14/1
f 6833/16/1 6834/16/1 6836/16/1
f 6836/16/1 6834/16/1 6835/16/1
f 6837/16/1 6838/16/1 6839/16/1
f 6839/16/1 6838/16/1 6787/16/1
f 6840/2/1 6841/2/1 6785/2/1
f 6785/2/1 6841/2/1 6842/2/1
f 6843/16/1 6844/16/1 6845/16/1
f 6845/16/1 6844/16/1 6792/16/1
f 6841/13/1 6846/13/1 6842/13/1
f 6842/13/1 6846/13/1 6795/13/1
f 6847/7/1 6848/7/1 6798/7/1
f 6798/7/1 6848/7/1 6799/7/1
f 6849/16/1 6850/16/1 6801/16/1
f 6801/16/1 6850/16/1 6851/16/1
f 6852/16/1 6853/16/1 6855/16/1
f 6855/16/1 6853/16/1 6854/16/1
f 6856/16/1 6857/16/1 6859/16/1
f 6859/16/1 6857/16/1 6858/16/1
f 6860/3/1 6861/3/1 6863/3/1
f 6863/3/1 6861/3/1 6862/3/1
f 6864/3/1 6865/3/1 6867/3/1
f 6867/3/1 6865/3/1 6866/3/1
f 6868/3/1 6869/3/1 6828/3/1
f 6828/3/1 6869/3/1 6832/3/1
f 6870/16/1 6871/16/1 6873/16/1
f 6873/16/1 6871/16/1 6872/16/1
f 6874/16/1 6875/16/1 6877/16/1
f 6877/16/1 6875/16/1 6876/16/1
f 6878/16/1 6879/16/1 2666/16/1
f 2666/16/1 6879/16/1 2667/16/1
f 6880/16/1 6881/16/1 6883/16/1
f 6883/16/1 6881/16/1 6882/16/1
f 6884/7/1 6885/7/1 6838/7/1
f 6838/7/1 6885/7/1 6886/7/1
f 6887/7/1 6888/7/1 6890/7/1
f 6890/7/1 6888/7/1 6889/7/1
f 6891/16/1 6892/16/1 6791/16/1
f 6791/16/1 6892/16/1 6798/16/1
f 6893/16/1 6894/16/1 6896/16/1
f 6896/16/1 6894/16/1 6895/16/1
f 6897/16/1 6898/16/1 6799/16/1
f 6799/16/1 6898/16/1 6899/16/1
f 6900/16/1 6901/16/1 6903/16/1
f 6903/16/1 6901/16/1 6902/16/1
f 6904/16/1 6905/16/1 6907/16/1
f 6907/16/1 6905/16/1 6906/16/1
f 6908/10/1 6909/10/1 6910/10/1
f 6910/10/1 6909/10/1 2636/10/1
f 6909/10/1 6911/10/1 6913/10/1
f 6913/10/1 6911/10/1 6912/10/1
f 6911/10/1 6914/10/1 6916/10/1
f 6916/10/1 6914/10/1 6915/10/1
f 6914/10/1 6917/10/1 6919/10/1
f 6919/10/1 6917/10/1 6918/10/1
f 6920/9/1 6921/9/1 6923/9/1
f 6923/9/1 6921/9/1 6922/9/1
f 6924/6/1 6925/6/1 6927/6/1
f 6927/6/1 6925/6/1 6926/6/1
f 6928/6/1 6929/6/1 6931/6/1
f 6931/6/1 6929/6/1 6930/6/1
f 6932/6/1 6933/6/1 6935/6/1
f 6935/6/1 6933/6/1 6934/6/1
f 6936/10/1 6937/10/1 6939/10/1
f 6939/10/1 6937/10/1 6938/10/1
f 6940/16/1 6941/16/1 6943/16/1
f 6943/16/1 6941/16/1 6942/16/1
f 6944/16/1 6945/16/1 6947/16/1
f 6947/16/1 6945/16/1 6946/16/1
f 6945/7/1 6948/7/1 6946/7/1
f 6946/7/1 6948/7/1 6949/7/1
f 6948/16/1 6950/16/1 6949/16/1
f 6949/16/1 6950/16/1 6951/16/1
f 6952/16/1 6953/16/1 6955/16/1
f 6955/16/1 6953/16/1 6954/16/1
f 6956/16/1 6957/16/1 6959/16/1
f 6959/16/1 6957/16/1 6958/16/1
f 6960/6/1 6961/6/1 6962/6/1
f 6962/6/1 6961/6/1 6917/6/1
f 6963/9/1 6964/9/1 6965/9/1
f 6965/9/1 6964/9/1 6865/9/1
f 6966/15/1 6967/15/1 6969/15/1
f 6969/15/1 6967/15/1 6968/15/1
f 6970/16/1 6971/16/1 6973/16/1
f 6973/16/1 6971/16/1 6972/16/1
f 6974/16/1 6975/16/1 6977/16/1
f 6977/16/1 6975/16/1 6976/16/1
f 6978/16/1 6979/16/1 6981/16/1
f 6981/16/1 6979/16/1 6980/16/1
f 6982/6/1 6983/6/1 6908/6/1
f 6908/6/1 6983/6/1 6962/6/1
f 6984/6/1 6985/6/1 6986/6/1
f 6986/6/1 6985/6/1 6961/6/1
f 6987/8/1 6988/8/1 6990/8/1
f 6990/8/1 6988/8/1 6989/8/1
f 6991/9/1 6992/9/1 6994/9/1
f 6994/9/1 6992/9/1 6993/9/1
f 6995/9/1 6996/9/1 6998/9/1
f 6998/9/1 6996/9/1 6997/9/1
f 6999/9/1 7000/9/1 6987/9/1
f 6987/9/1 7000/9/1 6988/9/1
f 7001/10/1 7002/10/1 6982/10/1
f 6982/10/1 7002/10/1 6983/10/1
f 7002/10/1 7003/10/1 7005/10/1
f 7005/10/1 7003/10/1 7004/10/1
f 7003/10/1 7006/10/1 6984/10/1
f 6984/10/1 7006/10/1 7007/10/1
f 7008/8/1 7009/8/1 7011/8/1
f 7011/8/1 7009/8/1 7010/8/1
f 7012/8/1 7013/8/1 6991/8/1
f 6991/8/1 7013/8/1 6992/8/1
f 7014/10/1 7015/10/1 7017/10/1
f 7017/10/1 7015/10/1 7016/10/1
f 7018/6/1 7019/6/1 7021/6/1
f 7021/6/1 7019/6/1 7020/6/1
f 7022/10/1 7023/10/1 7025/10/1
f 7025/10/1 7023/10/1 7024/10/1
f 7026/8/1 7027/8/1 7029/8/1
f 7029/8/1 7027/8/1 7028/8/1
f 7030/8/1 7031/8/1 7033/8/1
f 7033/8/1 7031/8/1 7032/8/1
f 7034/8/1 7035/8/1 7037/8/1
f 7037/8/1 7035/8/1 7036/8/1
f 7038/8/1 7039/8/1 7041/8/1
f 7041/8/1 7039/8/1 7040/8/1
f 7042/8/1 7043/8/1 7045/8/1
f 7045/8/1 7043/8/1 7044/8/1
f 7046/10/1 7047/10/1 7048/10/1
f 7048/10/1 7047/10/1 7006/10/1
f 7047/10/1 7049/10/1 7051/10/1
f 7051/10/1 7049/10/1 7050/10/1
f 7049/10/1 7052/10/1 7054/10/1
f 7054/10/1 7052/10/1 7053/10/1
f 7052/10/1 7055/10/1 7057/10/1
f 7057/10/1 7055/10/1 7056/10/1
f 7058/9/1 7059/9/1 7061/9/1
f 7061/9/1 7059/9/1 7060/9/1
f 7062/9/1 7063/9/1 7012/9/1
f 7012/9/1 7063/9/1 7013/9/1
f 7064/6/1 7065/6/1 7067/6/1
f 7067/6/1 7065/6/1 7066/6/1
f 7068/16/1 7069/16/1 7071/16/1
f 7071/16/1 7069/16/1 7070/16/1
f 7072/16/1 7073/16/1 7075/16/1
f 7075/16/1 7073/16/1 7074/16/1
f 7076/6/1 7077/6/1 7049/6/1
f 7049/6/1 7077/6/1 7055/6/1
f 7078/16/1 7079/16/1 7081/16/1
f 7081/16/1 7079/16/1 7080/16/1
f 7082/16/1 7083/16/1 7085/16/1
f 7085/16/1 7083/16/1 7084/16/1
f 7086/16/1 7087/16/1 7089/16/1
f 7089/16/1 7087/16/1 7088/16/1
f 7090/16/1 7091/16/1 7093/16/1
f 7093/16/1 7091/16/1 7092/16/1
f 7094/16/1 7095/16/1 7097/16/1
f 7097/16/1 7095/16/1 7096/16/1
f 7098/16/1 7099/16/1 7101/16/1
f 7101/16/1 7099/16/1 7100/16/1
f 7102/6/1 7103/6/1 7104/6/1
f 7104/6/1 7103/6/1 7049/6/1
f 7105/6/1 7106/6/1 7107/6/1
f 7107/6/1 7106/6/1 7077/6/1
f 7108/8/1 7109/8/1 7062/8/1
f 7062/8/1 7109/8/1 7063/8/1
f 7110/3/1 7111/3/1 7113/3/1
f 7113/3/1 7111/3/1 7112/3/1
f 7114/3/1 7115/3/1 7117/3/1
f 7117/3/1 7115/3/1 7116/3/1
f 7118/16/1 7119/16/1 7121/16/1
f 7121/16/1 7119/16/1 7120/16/1
f 7122/16/1 7123/16/1 7125/16/1
f 7125/16/1 7123/16/1 7124/16/1
f 7126/16/1 7127/16/1 7128/16/1
f 7128/16/1 7127/16/1 7086/16/1
f 7129/16/1 7130/16/1 7132/16/1
f 7132/16/1 7130/16/1 7131/16/1
f 7133/16/1 7134/16/1 7087/16/1
f 7087/16/1 7134/16/1 7098/16/1
f 7134/7/1 7135/7/1 7098/7/1
f 7098/7/1 7135/7/1 7099/7/1
f 7136/16/1 7137/16/1 7139/16/1
f 7139/16/1 7137/16/1 7138/16/1
f 7140/10/1 7141/10/1 7105/10/1
f 7105/10/1 7141/10/1 7106/10/1
f 7142/9/1 7143/9/1 7108/9/1
f 7108/9/1 7143/9/1 7109/9/1
f 7144/3/1 7145/3/1 7147/3/1
f 7147/3/1 7145/3/1 7146/3/1
f 7148/6/1 7149/6/1 7151/6/1
f 7151/6/1 7149/6/1 7150/6/1
f 7152/16/1 7153/16/1 7155/16/1
f 7155/16/1 7153/16/1 7154/16/1
f 7156/16/1 7157/16/1 7159/16/1
f 7159/16/1 7157/16/1 7158/16/1
f 7160/7/1 7161/7/1 7126/7/1
f 7126/7/1 7161/7/1 7127/7/1
f 7162/7/1 7163/7/1 7129/7/1
f 7129/7/1 7163/7/1 7130/7/1
f 7163/16/1 7164/16/1 7130/16/1
f 7130/16/1 7164/16/1 7165/16/1
f 7166/16/1 7167/16/1 7134/16/1
f 7134/16/1 7167/16/1 7135/16/1
f 7168/16/1 7169/16/1 7171/16/1
f 7171/16/1 7169/16/1 7170/16/1
f 7172/10/1 7173/10/1 7102/10/1
f 7102/10/1 7173/10/1 7103/10/1
f 7174/3/1 7175/3/1 7176/3/1
f 7176/3/1 7175/3/1 7141/3/1
f 7177/3/1 7178/3/1 7180/3/1
f 7180/3/1 7178/3/1 7179/3/1
f 7181/3/1 7182/3/1 7184/3/1
f 7184/3/1 7182/3/1 7183/3/1
f 7185/3/1 7186/3/1 7188/3/1
f 7188/3/1 7186/3/1 7187/3/1
f 7189/3/1 7190/3/1 7192/3/1
f 7192/3/1 7190/3/1 7191/3/1
f 7193/3/1 7194/3/1 7142/3/1
f 7142/3/1 7194/3/1 7195/3/1
f 7196/3/1 7197/3/1 7199/3/1
f 7199/3/1 7197/3/1 7198/3/1
f 7200/3/1 7201/3/1 7203/3/1
f 7203/3/1 7201/3/1 7202/3/1
f 7204/3/1 7205/3/1 7207/3/1
f 7207/3/1 7205/3/1 7206/3/1
f 7208/3/1 7209/3/1 7211/3/1
f 7211/3/1 7209/3/1 7210/3/1
f 7212/3/1 7213/3/1 7215/3/1
f 7215/3/1 7213/3/1 7214/3/1
f 7216/3/1 7217/3/1 7219/3/1
f 7219/3/1 7217/3/1 7218/3/1
f 7220/6/1 7221/6/1 7222/6/1
f 7222/6/1 7221/6/1 7148/6/1
f 7223/3/1 7224/3/1 7226/3/1
f 7226/3/1 7224/3/1 7225/3/1
f 7227/1/1 7228/1/1 7230/1/1
f 7230/1/1 7228/1/1 7229/1/1
f 7231/10/1 7232/10/1 7233/10/1
f 7233/10/1 7232/10/1 6939/10/1
f 7234/6/1 7235/6/1 7236/6/1
f 7236/6/1 7235/6/1 7149/6/1
f 7232/10/1 7237/10/1 7239/10/1
f 7239/10/1 7237/10/1 7238/10/1
f 7240/2/1 7241/2/1 7243/2/1
f 7243/2/1 7241/2/1 7242/2/1
f 7244/2/1 7245/2/1 7247/2/1
f 7247/2/1 7245/2/1 7246/2/1
f 7248/7/1 7249/7/1 7251/7/1
f 7251/7/1 7249/7/1 7250/7/1
f 7252/16/1 7253/16/1 7254/16/1
f 7254/16/1 7253/16/1 7160/16/1
f 7255/16/1 7256/16/1 7257/16/1
f 7257/16/1 7256/16/1 7163/16/1
f 7258/16/1 7259/16/1 7261/16/1
f 7261/16/1 7259/16/1 7260/16/1
f 7262/16/1 7263/16/1 7164/16/1
f 7164/16/1 7263/16/1 7264/16/1
f 7265/16/1 7266/16/1 7268/16/1
f 7268/16/1 7266/16/1 7267/16/1
f 7269/16/1 7270/16/1 7272/16/1
f 7272/16/1 7270/16/1 7271/16/1
f 7273/10/1 7274/10/1 7276/10/1
f 7276/10/1 7274/10/1 7275/10/1
f 7277/2/1 7278/2/1 7280/2/1
f 7280/2/1 7278/2/1 7279/2/1
f 7281/2/1 7282/2/1 7284/2/1
f 7284/2/1 7282/2/1 7283/2/1
f 7285/2/1 7286/2/1 7288/2/1
f 7288/2/1 7286/2/1 7287/2/1
f 7289/2/1 7290/2/1 7292/2/1
f 7292/2/1 7290/2/1 7291/2/1
f 7293/2/1 7294/2/1 7295/2/1
f 7295/2/1 7294/2/1 7240/2/1
f 7296/2/1 7297/2/1 7298/2/1
f 7298/2/1 7297/2/1 7244/2/1
f 7299/2/1 7300/2/1 7302/2/1
f 7302/2/1 7300/2/1 7301/2/1
f 7303/2/1 7304/2/1 7306/2/1
f 7306/2/1 7304/2/1 7305/2/1
f 7307/7/1 7308/7/1 7310/7/1
f 7310/7/1 7308/7/1 7309/7/1
f 7311/16/1 7312/16/1 7314/16/1
f 7314/16/1 7312/16/1 7313/16/1
f 7315/16/1 7316/16/1 7253/16/1
f 7253/16/1 7316/16/1 7317/16/1
f 7318/16/1 7319/16/1 7320/16/1
f 7320/16/1 7319/16/1 7256/16/1
f 7321/7/1 7322/7/1 7323/7/1
f 7323/7/1 7322/7/1 7269/7/1
f 7324/7/1 7325/7/1 7327/7/1
f 7327/7/1 7325/7/1 7326/7/1
f 7328/16/1 7329/16/1 7331/16/1
f 7331/16/1 7329/16/1 7330/16/1
f 7332/10/1 7333/10/1 7334/10/1
f 7334/10/1 7333/10/1 7173/10/1
f 7335/10/1 7336/10/1 7174/10/1
f 7174/10/1 7336/10/1 7276/10/1
f 7337/6/1 7338/6/1 7340/6/1
f 7340/6/1 7338/6/1 7339/6/1
f 7341/10/1 7342/10/1 7344/10/1
f 7344/10/1 7342/10/1 7343/10/1
f 7345/10/1 7346/10/1 7348/10/1
f 7348/10/1 7346/10/1 7347/10/1
f 7338/6/1 7349/6/1 7351/6/1
f 7351/6/1 7349/6/1 7350/6/1
f 7352/16/1 7353/16/1 7355/16/1
f 7355/16/1 7353/16/1 7354/16/1
f 7356/7/1 7357/7/1 7316/7/1
f 7316/7/1 7357/7/1 7328/7/1
f 7358/16/1 7359/16/1 7361/16/1
f 7361/16/1 7359/16/1 7360/16/1
f 7362/16/1 7363/16/1 7321/16/1
f 7321/16/1 7363/16/1 7322/16/1
f 7364/10/1 7365/10/1 7367/10/1
f 7367/10/1 7365/10/1 7366/10/1
f 7365/10/1 7368/10/1 7369/10/1
f 7369/10/1 7368/10/1 7334/10/1
f 7370/10/1 7371/10/1 7372/10/1
f 7372/10/1 7371/10/1 7140/10/1
f 7371/10/1 7373/10/1 7375/10/1
f 7375/10/1 7373/10/1 7374/10/1
f 7373/10/1 7376/10/1 7377/10/1
f 7377/10/1 7376/10/1 7176/10/1
f 7378/10/1 7379/10/1 7380/10/1
f 7380/10/1 7379/10/1 7336/10/1
f 7381/10/1 7382/10/1 7383/10/1
f 7383/10/1 7382/10/1 7344/10/1
f 7384/10/1 7385/10/1 7387/10/1
f 7387/10/1 7385/10/1 7386/10/1
f 7385/10/1 7388/10/1 7389/10/1
f 7389/10/1 7388/10/1 7348/10/1
f 7390/10/1 7391/10/1 7393/10/1
f 7393/10/1 7391/10/1 7392/10/1
f 7394/10/1 7395/10/1 7396/10/1
f 7396/10/1 7395/10/1 7346/10/1
f 7395/10/1 7397/10/1 7398/10/1
f 7398/10/1 7397/10/1 7231/10/1
f 7399/16/1 7400/16/1 7402/16/1
f 7402/16/1 7400/16/1 7401/16/1
f 7403/16/1 7404/16/1 7405/16/1
f 7405/16/1 7404/16/1 7361/16/1
f 7406/4/2 5231/4/2 7407/4/2
f 7407/4/2 5231/4/2 5230/4/2
f 7407/5/2 5230/5/2 7409/5/2
f 7409/5/2 5230/5/2 7408/5/2
f 7410/16/2 7411/16/2 7412/16/2
f 7412/16/2 7411/16/2 4740/16/2
f 7413/13/2 7414/13/2 7415/13/2
f 7415/13/2 7414/13/2 4745/13/2
f 7416/7/2 4741/7/2 7417/7/2
f 7417/7/2 4741/7/2 4744/7/2
f 7418/13/2 4750/13/2 7419/13/2
f 7419/13/2 4750/13/2 4757/13/2
f 7420/16/2 4753/16/2 7422/16/2
f 7422/16/2 4753/16/2 7421/16/2
f 7423/16/2 4760/16/2 7425/16/2
f 7425/16/2 4760/16/2 7424/16/2
f 6806/16/2 7426/16/2 6805/16/2
f 6805/16/2 7426/16/2 7427/16/2
f 7428/4/2 7429/4/2 7431/4/2
f 7431/4/2 7429/4/2 7430/4/2
f 7432/16/2 7433/16/2 7434/16/2
f 7434/16/2 7433/16/2 5134/16/2
f 7435/16/2 6740/16/2 7436/16/2
f 7436/16/2 6740/16/2 6741/16/2
f 7437/2/2 7438/2/2 7439/2/2
f 7439/2/2 7438/2/2 7415/2/2
f 7440/2/2 4746/2/2 7441/2/2
f 7441/2/2 4746/2/2 4750/2/2
f 7441/2/2 7418/2/2 7443/2/2
f 7443/2/2 7418/2/2 7442/2/2
f 7444/16/2 4751/16/2 7445/16/2
f 7445/16/2 4751/16/2 4753/16/2
f 7446/7/2 7447/7/2 7449/7/2
f 7449/7/2 7447/7/2 7448/7/2
f 7449/16/2 7448/16/2 7451/16/2
f 7451/16/2 7448/16/2 7450/16/2
f 6855/16/2 6758/16/2 6854/16/2
f 6854/16/2 6758/16/2 6759/16/2
f 7452/10/2 4709/10/2 7453/10/2
f 7453/10/2 4709/10/2 4714/10/2
f 7453/4/2 4714/4/2 7454/4/2
f 7454/4/2 4714/4/2 4715/4/2
f 7454/4/2 7455/4/2 7457/4/2
f 7457/4/2 7455/4/2 7456/4/2
f 7458/4/2 7459/4/2 7461/4/2
f 7461/4/2 7459/4/2 7460/4/2
f 7457/4/2 4716/4/2 7462/4/2
f 7462/4/2 4716/4/2 4719/4/2
f 7461/14/2 7460/14/2 7464/14/2
f 7464/14/2 7460/14/2 7463/14/2
f 7465/16/2 6778/16/2 7466/16/2
f 7466/16/2 6778/16/2 6779/16/2
f 6873/16/2 7467/16/2 6872/16/2
f 6872/16/2 7467/16/2 7468/16/2
f 7469/16/2 7470/16/2 7471/16/2
f 7471/16/2 7470/16/2 7417/16/2
f 7472/2/2 4745/2/2 7473/2/2
f 7473/2/2 4745/2/2 4746/2/2
f 7471/7/2 7474/7/2 7476/7/2
f 7476/7/2 7474/7/2 7475/7/2
f 7473/13/2 7440/13/2 7477/13/2
f 7477/13/2 7440/13/2 7441/13/2
f 7478/7/2 7444/7/2 7479/7/2
f 7479/7/2 7444/7/2 7445/7/2
f 7480/7/2 7481/7/2 7483/7/2
f 7483/7/2 7481/7/2 7482/7/2
f 7483/16/2 7482/16/2 7485/16/2
f 7485/16/2 7482/16/2 7484/16/2
f 6906/16/2 7486/16/2 7488/16/2
f 7488/16/2 7486/16/2 7487/16/2
f 7489/3/2 7490/3/2 7492/3/2
f 7492/3/2 7490/3/2 7491/3/2
f 7493/3/2 7494/3/2 7496/3/2
f 7496/3/2 7494/3/2 7495/3/2
f 7497/16/2 7498/16/2 7500/16/2
f 7500/16/2 7498/16/2 7499/16/2
f 7501/16/2 7466/16/2 7503/16/2
f 7503/16/2 7466/16/2 7502/16/2
f 7504/16/2 7505/16/2 7507/16/2
f 7507/16/2 7505/16/2 7506/16/2
f 7508/16/2 7509/16/2 7510/16/2
f 7510/16/2 7509/16/2 7471/16/2
f 7511/16/2 7512/16/2 7514/16/2
f 7514/16/2 7512/16/2 7513/16/2
f 7515/16/2 7475/16/2 7516/16/2
f 7516/16/2 7475/16/2 7444/16/2
f 7517/16/2 7446/16/2 7518/16/2
f 7518/16/2 7446/16/2 7449/16/2
f 6954/16/2 7519/16/2 7520/16/2
f 7520/16/2 7519/16/2 6852/16/2
f 6958/16/2 7521/16/2 7523/16/2
f 7523/16/2 7521/16/2 7522/16/2
f 7524/10/2 7525/10/2 7526/10/2
f 7526/10/2 7525/10/2 4709/10/2
f 7526/10/2 7527/10/2 7529/10/2
f 7529/10/2 7527/10/2 7528/10/2
f 7529/10/2 7530/10/2 7531/10/2
f 7531/10/2 7530/10/2 7490/10/2
f 7531/10/2 7489/10/2 7533/10/2
f 7533/10/2 7489/10/2 7532/10/2
f 7534/9/2 7535/9/2 7536/9/2
f 7536/9/2 7535/9/2 6861/9/2
f 7537/3/2 7457/3/2 7538/3/2
f 7538/3/2 7457/3/2 7462/3/2
f 7539/6/2 7540/6/2 7542/6/2
f 7542/6/2 7540/6/2 7541/6/2
f 7543/6/2 7544/6/2 7546/6/2
f 7546/6/2 7544/6/2 7545/6/2
f 7547/10/2 4724/10/2 7548/10/2
f 7548/10/2 4724/10/2 4727/10/2
f 7549/16/2 7500/16/2 7551/16/2
f 7551/16/2 7500/16/2 7550/16/2
f 7552/16/2 7507/16/2 7553/16/2
f 7553/16/2 7507/16/2 7511/16/2
f 7554/16/2 7555/16/2 7557/16/2
f 7557/16/2 7555/16/2 7556/16/2
f 7558/16/2 7559/16/2 7561/16/2
f 7561/16/2 7559/16/2 7560/16/2
f 7562/16/2 7563/16/2 7565/16/2
f 7565/16/2 7563/16/2 7564/16/2
f 7566/16/2 7567/16/2 7568/16/2
f 7568/16/2 7567/16/2 6900/16/2
f 7569/6/2 7570/6/2 7571/6/2
f 7571/6/2 7570/6/2 7533/6/2
f 7572/16/2 7551/16/2 7574/16/2
f 7574/16/2 7551/16/2 7573/16/2
f 6971/16/2 6972/16/2 6978/16/2
f 6978/16/2 6972/16/2 6981/16/2
f 7575/16/2 7576/16/2 7578/16/2
f 7578/16/2 7576/16/2 7577/16/2
f 7579/6/2 7524/6/2 7580/6/2
f 7580/6/2 7524/6/2 7570/6/2
f 7581/6/2 7582/6/2 7583/6/2
f 7583/6/2 7582/6/2 7571/6/2
f 7583/3/2 7532/3/2 7584/3/2
f 7584/3/2 7532/3/2 7492/3/2
f 7585/9/2 6963/9/2 7586/9/2
f 7586/9/2 6963/9/2 6964/9/2
f 7587/15/2 7588/15/2 7590/15/2
f 7590/15/2 7588/15/2 7589/15/2
f 7056/9/2 6985/9/2 7592/9/2
f 7592/9/2 6985/9/2 7591/9/2
f 7593/8/2 7594/8/2 7596/8/2
f 7596/8/2 7594/8/2 7595/8/2
f 7597/8/2 7585/8/2 7598/8/2
f 7598/8/2 7585/8/2 7586/8/2
f 7599/10/2 7579/10/2 7600/10/2
f 7600/10/2 7579/10/2 7580/10/2
f 7600/10/2 7601/10/2 7603/10/2
f 7603/10/2 7601/10/2 7602/10/2
f 7603/10/2 7581/10/2 7605/10/2
f 7605/10/2 7581/10/2 7604/10/2
f 7606/8/2 7607/8/2 7609/8/2
f 7609/8/2 7607/8/2 7608/8/2
f 7610/10/2 7537/10/2 7611/10/2
f 7611/10/2 7537/10/2 7538/10/2
f 7067/6/2 6932/6/2 7066/6/2
f 7066/6/2 6932/6/2 6933/6/2
f 7612/10/2 7613/10/2 7615/10/2
f 7615/10/2 7613/10/2 7614/10/2
f 7616/8/2 7617/8/2 7619/8/2
f 7619/8/2 7617/8/2 7618/8/2
f 7027/8/2 7028/8/2 7621/8/2
f 7621/8/2 7028/8/2 7620/8/2
f 7031/8/2 7622/8/2 7038/8/2
f 7038/8/2 7622/8/2 7623/8/2
f 7624/8/2 7625/8/2 7042/8/2
f 7042/8/2 7625/8/2 7045/8/2
f 7626/8/2 7627/8/2 7629/8/2
f 7629/8/2 7627/8/2 7628/8/2
f 7630/10/2 7631/10/2 7632/10/2
f 7632/10/2 7631/10/2 7605/10/2
f 7632/10/2 7633/10/2 7635/10/2
f 7635/10/2 7633/10/2 7634/10/2
f 7635/10/2 7636/10/2 7638/10/2
f 7638/10/2 7636/10/2 7637/10/2
f 7638/10/2 7639/10/2 7641/10/2
f 7641/10/2 7639/10/2 7640/10/2
f 7642/9/2 7008/9/2 7643/9/2
f 7643/9/2 7008/9/2 7009/9/2
f 7644/16/2 7645/16/2 7097/16/2
f 7097/16/2 7645/16/2 7646/16/2
f 7647/6/2 7635/6/2 7648/6/2
f 7648/6/2 7635/6/2 7641/6/2
f 7120/16/2 7649/16/2 7651/16/2
f 7651/16/2 7649/16/2 7650/16/2
f 7124/16/2 7652/16/2 7654/16/2
f 7654/16/2 7652/16/2 7653/16/2
f 7655/16/2 7069/16/2 7139/16/2
f 7139/16/2 7069/16/2 7656/16/2
f 7657/16/2 7073/16/2 7659/16/2
f 7659/16/2 7073/16/2 7658/16/2
f 7660/6/2 7661/6/2 7662/6/2
f 7662/6/2 7661/6/2 7635/6/2
f 7663/6/2 7664/6/2 7665/6/2
f 7665/6/2 7664/6/2 7648/6/2
f 7666/3/2 7610/3/2 7667/3/2
f 7667/3/2 7610/3/2 7611/3/2
f 7668/3/2 7669/3/2 7671/3/2
f 7671/3/2 7669/3/2 7670/3/2
f 7154/16/2 7672/16/2 7673/16/2
f 7673/16/2 7672/16/2 7078/16/2
f 7674/16/2 7659/16/2 7171/16/2
f 7171/16/2 7659/16/2 7675/16/2
f 7676/10/2 7663/10/2 7677/10/2
f 7677/10/2 7663/10/2 7665/10/2
f 7230/6/2 7678/6/2 7680/6/2
f 7680/6/2 7678/6/2 7679/6/2
f 7681/3/2 7682/3/2 7684/3/2
f 7684/3/2 7682/3/2 7683/3/2
f 7685/3/2 7686/3/2 7688/3/2
f 7688/3/2 7686/3/2 7687/3/2
f 7689/16/2 7690/16/2 7691/16/2
f 7691/16/2 7690/16/2 7118/16/2
f 7272/16/2 7137/16/2 7271/16/2
f 7271/16/2 7137/16/2 7692/16/2
f 7693/10/2 7660/10/2 7694/10/2
f 7694/10/2 7660/10/2 7662/10/2
f 7695/3/2 7696/3/2 7697/3/2
f 7697/3/2 7696/3/2 7677/3/2
f 7698/3/2 7699/3/2 7701/3/2
f 7701/3/2 7699/3/2 7700/3/2
f 7702/3/2 7703/3/2 7705/3/2
f 7705/3/2 7703/3/2 7704/3/2
f 7697/3/2 7640/3/2 7707/3/2
f 7707/3/2 7640/3/2 7706/3/2
f 7708/3/2 7709/3/2 7711/3/2
f 7711/3/2 7709/3/2 7710/3/2
f 7712/3/2 7713/3/2 7715/3/2
f 7715/3/2 7713/3/2 7714/3/2
f 7716/3/2 7717/3/2 7719/3/2
f 7719/3/2 7717/3/2 7718/3/2
f 7720/3/2 7721/3/2 7723/3/2
f 7723/3/2 7721/3/2 7722/3/2
f 7724/3/2 7725/3/2 7727/3/2
f 7727/3/2 7725/3/2 7726/3/2
f 7728/3/2 7729/3/2 7731/3/2
f 7731/3/2 7729/3/2 7730/3/2
f 7732/3/2 7733/3/2 7735/3/2
f 7735/3/2 7733/3/2 7734/3/2
f 7736/3/2 7737/3/2 7739/3/2
f 7739/3/2 7737/3/2 7738/3/2
f 7740/3/2 7741/3/2 7743/3/2
f 7743/3/2 7741/3/2 7742/3/2
f 7707/3/2 7744/3/2 7746/3/2
f 7746/3/2 7744/3/2 7745/3/2
f 7746/10/2 4719/10/2 7747/10/2
f 7747/10/2 4719/10/2 4724/10/2
f 7748/6/2 7749/6/2 7350/6/2
f 7350/6/2 7749/6/2 7750/6/2
f 7747/10/2 7751/10/2 7753/10/2
f 7753/10/2 7751/10/2 7752/10/2
f 7302/2/2 7754/2/2 7301/2/2
f 7301/2/2 7754/2/2 7755/2/2
f 7756/2/2 7757/2/2 7759/2/2
f 7759/2/2 7757/2/2 7758/2/2
f 7760/16/2 7761/16/2 7763/16/2
f 7763/16/2 7761/16/2 7762/16/2
f 7764/16/2 7765/16/2 7767/16/2
f 7767/16/2 7765/16/2 7766/16/2
f 7767/16/2 7768/16/2 7770/16/2
f 7770/16/2 7768/16/2 7769/16/2
f 7771/10/2 7707/10/2 7773/10/2
f 7773/10/2 7707/10/2 7772/10/2
f 7774/2/2 7746/2/2 7775/2/2
f 7775/2/2 7746/2/2 7747/2/2
f 7776/2/2 7777/2/2 7779/2/2
f 7779/2/2 7777/2/2 7778/2/2
f 7780/2/2 7232/2/2 7782/2/2
f 7782/2/2 7232/2/2 7781/2/2
f 7783/2/2 7784/2/2 7786/2/2
f 7786/2/2 7784/2/2 7785/2/2
f 7787/2/2 7788/2/2 7299/2/2
f 7299/2/2 7788/2/2 7302/2/2
f 7789/2/2 7790/2/2 7791/2/2
f 7791/2/2 7790/2/2 7756/2/2
f 7792/2/2 7793/2/2 7795/2/2
f 7795/2/2 7793/2/2 7794/2/2
f 7294/2/2 7240/2/2 7796/2/2
f 7796/2/2 7240/2/2 7241/2/2
f 7797/16/2 7249/16/2 7799/16/2
f 7799/16/2 7249/16/2 7798/16/2
f 7800/16/2 7801/16/2 7803/16/2
f 7803/16/2 7801/16/2 7802/16/2
f 7803/16/2 7804/16/2 7806/16/2
f 7806/16/2 7804/16/2 7805/16/2
f 7807/16/2 7808/16/2 7809/16/2
f 7809/16/2 7808/16/2 7765/16/2
f 7809/7/2 7764/7/2 7810/7/2
f 7810/7/2 7764/7/2 7767/7/2
f 7811/7/2 7812/7/2 7814/7/2
f 7814/7/2 7812/7/2 7813/7/2
f 7360/16/2 7265/16/2 7815/16/2
f 7815/16/2 7265/16/2 7266/16/2
f 7816/10/2 7817/10/2 7818/10/2
f 7818/10/2 7817/10/2 7694/10/2
f 7819/10/2 7695/10/2 7820/10/2
f 7820/10/2 7695/10/2 7707/10/2
f 7821/6/2 7822/6/2 7824/6/2
f 7824/6/2 7822/6/2 7823/6/2
f 7825/10/2 7826/10/2 7828/10/2
f 7828/10/2 7826/10/2 7827/10/2
f 7829/10/2 7830/10/2 7832/10/2
f 7832/10/2 7830/10/2 7831/10/2
f 7824/6/2 7833/6/2 7835/6/2
f 7835/6/2 7833/6/2 7834/6/2
f 7836/16/2 7837/16/2 7838/16/2
f 7838/16/2 7837/16/2 7803/16/2
f 7838/7/2 7803/7/2 7839/7/2
f 7839/7/2 7803/7/2 7806/7/2
f 7839/16/2 7840/16/2 7842/16/2
f 7842/16/2 7840/16/2 7841/16/2
f 7843/16/2 7844/16/2 7845/16/2
f 7845/16/2 7844/16/2 7324/16/2
f 7846/16/2 7809/16/2 7847/16/2
f 7847/16/2 7809/16/2 7810/16/2
f 7848/10/2 7849/10/2 7851/10/2
f 7851/10/2 7849/10/2 7850/10/2
f 7851/10/2 7852/10/2 7853/10/2
f 7853/10/2 7852/10/2 7817/10/2
f 7854/10/2 7855/10/2 7856/10/2
f 7856/10/2 7855/10/2 7676/10/2
f 7856/10/2 7857/10/2 7859/10/2
f 7859/10/2 7857/10/2 7858/10/2
f 7859/10/2 7860/10/2 7861/10/2
f 7861/10/2 7860/10/2 7696/10/2
f 7862/10/2 7863/10/2 7864/10/2
f 7864/10/2 7863/10/2 7820/10/2
f 7865/10/2 7866/10/2 7867/10/2
f 7867/10/2 7866/10/2 7826/10/2
f 7868/10/2 7869/10/2 7871/10/2
f 7871/10/2 7869/10/2 7870/10/2
f 7871/10/2 7872/10/2 7873/10/2
f 7873/10/2 7872/10/2 7830/10/2
f 7874/10/2 7875/10/2 7877/10/2
f 7877/10/2 7875/10/2 7876/10/2
f 7878/10/2 7879/10/2 7880/10/2
f 7880/10/2 7879/10/2 7832/10/2
f 7880/10/2 7881/10/2 7882/10/2
f 7882/10/2 7881/10/2 7746/10/2
f 7883/16/2 7353/16/2 7885/16/2
f 7885/16/2 7353/16/2 7884/16/2
f 7400/16/2 7401/16/2 7886/16/2
f 7886/16/2 7401/16/2 7843/16/2
f 2685/13/3 6754/13/3 4757/13/3
f 4757/13/3 6754/13/3 7419/13/3
f 2644/4/3 7887/4/3 4715/4/3
f 4715/4/3 7887/4/3 7455/4/3
f 6797/2/3 6796/2/3 7442/2/3
f 7442/2/3 6796/2/3 7443/2/3
f 6795/13/3 6846/13/3 7441/13/3
f 7441/13/3 6846/13/3 7477/13/3
f 6811/10/3 6913/10/3 7452/10/3
f 7452/10/3 6913/10/3 7527/10/3
f 2655/10/3 6937/10/3 4727/10/3
f 4727/10/3 6937/10/3 7548/10/3
f 6936/10/3 7025/10/3 7547/10/3
f 7547/10/3 7025/10/3 7613/10/3
f 6960/6/3 6983/6/3 7569/6/3
f 7569/6/3 6983/6/3 7580/6/3
f 7888/3/3 7591/3/3 7492/3/3
f 7492/3/3 7591/3/3 7584/3/3
f 6983/10/3 7005/10/3 7580/10/3
f 7580/10/3 7005/10/3 7601/10/3
f 7007/10/3 7051/10/3 7604/10/3
f 7604/10/3 7051/10/3 7633/10/3
f 7053/10/3 7057/10/3 7637/10/3
f 7637/10/3 7057/10/3 7639/10/3
f 7024/10/3 7023/10/3 7614/10/3
f 7614/10/3 7023/10/3 7615/10/3
f 7022/10/3 7239/10/3 7612/10/3
f 7612/10/3 7239/10/3 7751/10/3
f 7070/16/3 7655/16/3 7841/16/3
f 7841/16/3 7655/16/3 7808/16/3
f 7076/6/3 7103/6/3 7647/6/3
f 7647/6/3 7103/6/3 7662/6/3
f 7103/10/3 7372/10/3 7662/10/3
f 7662/10/3 7372/10/3 7855/10/3
f 7592/3/3 7889/3/3 7706/3/3
f 7706/3/3 7889/3/3 7744/3/3
f 7138/16/3 7272/16/3 7766/16/3
f 7766/16/3 7272/16/3 7768/16/3
f 7140/10/3 7375/10/3 7676/10/3
f 7676/10/3 7375/10/3 7857/10/3
f 7238/10/3 7237/10/3 7752/10/3
f 7752/10/3 7237/10/3 7753/10/3
f 7271/16/3 7270/16/3 7769/16/3
f 7769/16/3 7270/16/3 7770/16/3
f 7275/10/3 7274/10/3 7772/10/3
f 7772/10/3 7274/10/3 7773/10/3
f 7232/2/3 7780/2/3 7747/2/3
f 7747/2/3 7780/2/3 7775/2/3
f 7301/2/3 7300/2/3 7794/2/3
f 7794/2/3 7300/2/3 7795/2/3
f 7269/7/3 7322/7/3 7767/7/3
f 7767/7/3 7322/7/3 7810/7/3
f 7343/10/3 7342/10/3 7827/10/3
f 7827/10/3 7342/10/3 7828/10/3
f 7890/16/3 7891/16/3 7807/16/3
f 7807/16/3 7891/16/3 7842/16/3
f 7322/16/3 7363/16/3 7810/16/3
f 7810/16/3 7363/16/3 7847/16/3
f 7332/10/3 7368/10/3 7816/10/3
f 7816/10/3 7368/10/3 7853/10/3
f 7335/10/3 7376/10/3 7819/10/3
f 7819/10/3 7376/10/3 7861/10/3
f 7273/10/3 7379/10/3 7771/10/3
f 7771/10/3 7379/10/3 7864/10/3
f 7341/10/3 7382/10/3 7825/10/3
f 7825/10/3 7382/10/3 7867/10/3
f 7345/10/3 7388/10/3 7829/10/3
f 7829/10/3 7388/10/3 7873/10/3
f 7392/10/3 7391/10/3 7876/10/3
f 7876/10/3 7391/10/3 7877/10/3
f 7892/10/3 7397/10/3 7774/10/3
f 7774/10/3 7397/10/3 7882/10/3
f 6738/5/3 6737/5/3 2655/5/3
f 2655/5/3 6737/5/3 6938/5/3
f 6767/4/3 6766/4/3 7893/4/3
f 7893/4/3 6766/4/3 7887/4/3
f 6922/9/3 6921/9/3 7888/9/3
f 7888/9/3 6921/9/3 7894/9/3
f 6926/6/3 6925/6/3 7895/6/3
f 7895/6/3 6925/6/3 7016/6/3
f 6921/8/3 6997/8/3 7894/8/3
f 7894/8/3 6997/8/3 7591/8/3
f 6968/15/3 7896/15/3 7589/15/3
f 7589/15/3 7896/15/3 7590/15/3
f 6997/9/3 6996/9/3 7591/9/3
f 7591/9/3 6996/9/3 7592/9/3
f 6996/8/3 7897/8/3 7592/8/3
f 7592/8/3 7897/8/3 7898/8/3
f 7096/16/3 7095/16/3 7656/16/3
f 7656/16/3 7095/16/3 7139/16/3
f 7095/7/3 7899/7/3 7139/7/3
f 7139/7/3 7899/7/3 7136/7/3
f 7900/8/3 7188/8/3 7901/8/3
f 7901/8/3 7188/8/3 7889/8/3
f 7725/3/3 7724/3/3 7207/3/3
f 7207/3/3 7724/3/3 7204/3/3
f 7242/2/3 7241/2/3 7755/2/3
f 7755/2/3 7241/2/3 7301/2/3
f 7287/2/3 7286/2/3 7781/2/3
f 7781/2/3 7286/2/3 7782/2/3
f 7240/2/3 7294/2/3 7302/2/3
f 7302/2/3 7294/2/3 7299/2/3
f 7812/16/3 7811/16/3 7323/16/3
f 7323/16/3 7811/16/3 7321/16/3
f 7902/7/3 7903/7/3 7890/7/3
f 7890/7/3 7903/7/3 7891/7/3
f 6731/5/3 6730/5/3 6739/5/3
f 6739/5/3 6730/5/3 6736/5/3
f 7904/13/3 7905/13/3 2679/13/3
f 2679/13/3 7905/13/3 6753/13/3
f 7906/9/3 7595/9/3 6921/9/3
f 6921/9/3 7595/9/3 6997/9/3
f 7028/8/3 7027/8/3 7618/8/3
f 7618/8/3 7027/8/3 7619/8/3
f 7044/8/3 7043/8/3 7628/8/3
f 7628/8/3 7043/8/3 7629/8/3
f 7596/9/3 7059/9/3 6996/9/3
f 6996/9/3 7059/9/3 7897/9/3
f 7059/9/3 7907/9/3 7898/9/3
f 7898/9/3 7907/9/3 7901/9/3
f 7074/16/3 7657/16/3 7646/16/3
f 7646/16/3 7657/16/3 7094/16/3
f 7659/16/3 7674/16/3 7095/16/3
f 7095/16/3 7674/16/3 7899/16/3
f 7907/9/3 7709/9/3 7900/9/3
f 7900/9/3 7709/9/3 7188/9/3
f 7170/16/3 7169/16/3 7692/16/3
f 7692/16/3 7169/16/3 7271/16/3
f 7709/3/3 7708/3/3 7188/3/3
f 7188/3/3 7708/3/3 7185/3/3
f 7777/2/3 7776/2/3 7288/2/3
f 7288/2/3 7776/2/3 7285/2/3
f 7326/7/3 7325/7/3 7813/7/3
f 7813/7/3 7325/7/3 7814/7/3
f 7844/16/3 7843/16/3 7902/16/3
f 7902/16/3 7843/16/3 7903/16/3
f 7401/16/3 7400/16/3 7884/16/3
f 7884/16/3 7400/16/3 7885/16/3
f 6862/3/3 6861/3/3 7491/3/3
f 7491/3/3 6861/3/3 7492/3/3
f 7536/8/3 7908/8/3 7906/8/3
f 7906/8/3 7908/8/3 7909/8/3
f 7910/8/3 7009/8/3 7595/8/3
f 7595/8/3 7009/8/3 7060/8/3
f 7643/8/3 7911/8/3 7059/8/3
f 7059/8/3 7911/8/3 7912/8/3
f 7146/3/3 7913/3/3 7915/3/3
f 7915/3/3 7913/3/3 7914/3/3
f 7913/3/3 7145/3/3 7683/3/3
f 7683/3/3 7145/3/3 7684/3/3
f 7267/16/3 7916/16/3 7675/16/3
f 7675/16/3 7916/16/3 7168/16/3
f 7717/3/3 7716/3/3 7199/3/3
f 7199/3/3 7716/3/3 7196/3/3
f 7729/3/3 7728/3/3 7211/3/3
f 7211/3/3 7728/3/3 7208/3/3
f 7737/3/3 7736/3/3 7226/3/3
f 7226/3/3 7736/3/3 7223/3/3
f 7246/2/3 7245/2/3 7758/2/3
f 7758/2/3 7245/2/3 7759/2/3
f 7916/16/3 7266/16/3 7272/16/3
f 7272/16/3 7266/16/3 7269/16/3
f 7283/2/3 7282/2/3 7778/2/3
f 7778/2/3 7282/2/3 7779/2/3
f 7291/2/3 7290/2/3 7785/2/3
f 7785/2/3 7290/2/3 7786/2/3
f 7265/16/3 7359/16/3 7327/16/3
f 7327/16/3 7359/16/3 7845/16/3
f 7358/16/3 7404/16/3 7843/16/3
f 7843/16/3 7404/16/3 7886/16/3
f 6930/6/3 6929/6/3 7541/6/3
f 7541/6/3 6929/6/3 7542/6/3
f 7917/9/3 7918/9/3 7536/9/3
f 7536/9/3 7918/9/3 7908/9/3
f 7918/9/3 7919/9/3 7909/9/3
f 7909/9/3 7919/9/3 7595/9/3
f 7088/16/3 7087/16/3 7093/16/3
f 7093/16/3 7087/16/3 7090/16/3
f 7100/16/3 7099/16/3 7658/16/3
f 7658/16/3 7099/16/3 7659/16/3
f 7609/9/3 7920/9/3 7009/9/3
f 7009/9/3 7920/9/3 7911/9/3
f 7099/7/3 7135/7/3 7268/7/3
f 7268/7/3 7135/7/3 7921/7/3
f 7920/9/3 7922/9/3 7912/9/3
f 7912/9/3 7922/9/3 7709/9/3
f 7721/3/3 7720/3/3 7203/3/3
f 7203/3/3 7720/3/3 7200/3/3
f 7741/3/3 7740/3/3 7738/3/3
f 7738/3/3 7740/3/3 7739/3/3
f 7135/16/3 7923/16/3 7921/16/3
f 7921/16/3 7923/16/3 7265/16/3
f 7279/2/3 7278/2/3 7284/2/3
f 7284/2/3 7278/2/3 7281/2/3
f 7305/2/3 7304/2/3 7241/2/3
f 7241/2/3 7304/2/3 7796/2/3
f 7330/16/3 7329/16/3 7266/16/3
f 7266/16/3 7329/16/3 7815/16/3
f 7328/7/3 7357/7/3 7405/7/3
f 7405/7/3 7357/7/3 7924/7/3
f 6726/13/3 6725/13/3 2644/13/3
f 2644/13/3 6725/13/3 7893/13/3
f 6725/4/3 6770/4/3 7430/4/3
f 7430/4/3 6770/4/3 7431/4/3
f 7925/2/3 7926/2/3 6753/2/3
f 6753/2/3 7926/2/3 6795/2/3
f 6831/14/3 6830/14/3 7928/14/3
f 7928/14/3 6830/14/3 7927/14/3
f 7929/8/3 6988/8/3 7917/8/3
f 7917/8/3 6988/8/3 7919/8/3
f 7930/18/3 7623/18/3 6967/18/3
f 6967/18/3 7623/18/3 7896/18/3
f 6988/9/3 7000/9/3 7910/9/3
f 7910/9/3 7000/9/3 7010/9/3
f 7032/8/3 7031/8/3 7620/8/3
f 7620/8/3 7031/8/3 7621/8/3
f 7040/8/3 7039/8/3 7045/8/3
f 7045/8/3 7039/8/3 7042/8/3
f 7000/8/3 7931/8/3 7608/8/3
f 7608/8/3 7931/8/3 7932/8/3
f 7131/16/3 7130/16/3 7087/16/3
f 7087/16/3 7130/16/3 7133/16/3
f 7933/8/3 7934/8/3 7935/8/3
f 7935/8/3 7934/8/3 7922/8/3
f 7112/3/3 7936/3/3 7687/3/3
f 7687/3/3 7936/3/3 7688/3/3
f 7165/16/3 7164/16/3 7134/16/3
f 7134/16/3 7164/16/3 7166/16/3
f 7713/3/3 7712/3/3 7192/3/3
f 7192/3/3 7712/3/3 7189/3/3
f 7264/16/3 7263/16/3 7167/16/3
f 7167/16/3 7263/16/3 7923/16/3
f 7256/16/3 7319/16/3 7331/16/3
f 7331/16/3 7319/16/3 7328/16/3
f 4751/2/3 7937/2/3 7904/2/3
f 7904/2/3 7937/2/3 7905/2/3
f 7937/13/3 7444/13/3 7925/13/3
f 7925/13/3 7444/13/3 7926/13/3
f 6866/3/3 6865/3/3 7495/3/3
f 7495/3/3 6865/3/3 7496/3/3
f 6865/9/3 7938/9/3 6861/9/3
f 6861/9/3 7938/9/3 7536/9/3
f 7938/9/3 6964/9/3 7929/9/3
f 7929/9/3 6964/9/3 6989/9/3
f 7036/8/3 7035/8/3 7930/8/3
f 7930/8/3 7035/8/3 7038/8/3
f 7598/9/3 7939/9/3 7000/9/3
f 7000/9/3 7939/9/3 7931/9/3
f 7939/9/3 7940/9/3 7932/9/3
f 7932/9/3 7940/9/3 7935/9/3
f 7940/9/3 7941/9/3 7933/9/3
f 7933/9/3 7941/9/3 7934/9/3
f 7733/3/3 7732/3/3 7215/3/3
f 7215/3/3 7732/3/3 7212/3/3
f 7260/16/3 7259/16/3 7164/16/3
f 7164/16/3 7259/16/3 7262/16/3
f 7447/16/3 7446/16/3 7420/16/3
f 7420/16/3 7446/16/3 7445/16/3
f 7459/4/3 7458/4/3 6826/4/3
f 6826/4/3 7458/4/3 6823/4/3
f 7446/7/3 7560/7/3 7445/7/3
f 7445/7/3 7560/7/3 7479/7/3
f 7512/16/3 7511/16/3 7471/16/3
f 7471/16/3 7511/16/3 7510/16/3
f 7559/16/3 7942/16/3 7478/16/3
f 7478/16/3 7942/16/3 7516/16/3
f 6934/6/3 6933/6/3 7545/6/3
f 7545/6/3 6933/6/3 7546/6/3
f 6993/9/3 6992/9/3 6964/9/3
f 6964/9/3 6992/9/3 7586/9/3
f 6992/8/3 7013/8/3 7586/8/3
f 7586/8/3 7013/8/3 7943/8/3
f 7013/9/3 7063/9/3 7943/9/3
f 7943/9/3 7063/9/3 7939/9/3
f 7066/6/3 7065/6/3 7015/6/3
f 7015/6/3 7065/6/3 7944/6/3
f 7063/8/3 7109/8/3 7939/8/3
f 7939/8/3 7109/8/3 7945/8/3
f 7109/9/3 7143/9/3 7945/9/3
f 7945/9/3 7143/9/3 7941/9/3
f 6734/5/3 6733/5/3 7408/5/3
f 7408/5/3 6733/5/3 7409/5/3
f 4760/16/3 7423/16/3 7421/16/3
f 7421/16/3 7423/16/3 7422/16/3
f 6732/4/3 6772/4/3 7233/4/3
f 7233/4/3 6772/4/3 7928/4/3
f 6772/14/3 6832/14/3 7463/14/3
f 7463/14/3 6832/14/3 7464/14/3
f 6832/3/3 6869/3/3 7927/3/3
f 7927/3/3 6869/3/3 7895/3/3
f 7481/16/3 7564/16/3 7449/16/3
f 7449/16/3 7564/16/3 7518/16/3
f 7555/16/3 7554/16/3 7511/16/3
f 7511/16/3 7554/16/3 7553/16/3
f 7563/16/3 7562/16/3 7517/16/3
f 7517/16/3 7562/16/3 7561/16/3
f 7020/6/3 7019/6/3 6933/6/3
f 6933/6/3 7019/6/3 7066/6/3
f 7749/3/3 7946/3/3 7111/3/3
f 7111/3/3 7946/3/3 7936/3/3
f 7946/3/3 7748/3/3 7947/3/3
f 7947/3/3 7748/3/3 7231/3/3
f 7350/6/3 7349/6/3 7834/6/3
f 7834/6/3 7349/6/3 7835/6/3
f 6760/16/3 6759/16/3 7424/16/3
f 7424/16/3 6759/16/3 7425/16/3
f 6758/16/3 6855/16/3 7450/16/3
f 7450/16/3 6855/16/3 7451/16/3
f 6854/16/3 6853/16/3 7484/16/3
f 7484/16/3 6853/16/3 7485/16/3
f 7519/16/3 6953/16/3 7480/16/3
f 7480/16/3 6953/16/3 7565/16/3
f 7116/3/3 7948/3/3 7944/3/3
f 7944/3/3 7948/3/3 7915/3/3
f 7948/3/3 7115/3/3 7670/3/3
f 7670/3/3 7115/3/3 7671/3/3
f 7148/6/3 7221/6/3 7230/6/3
f 7230/6/3 7221/6/3 7227/6/3
f 7150/6/3 7235/6/3 7750/6/3
f 7750/6/3 7235/6/3 7350/6/3
f 7426/7/3 6806/7/3 6761/7/3
f 6761/7/3 6806/7/3 6758/7/3
f 6805/16/3 6804/16/3 6759/16/3
f 6759/16/3 6804/16/3 6854/16/3
f 6902/16/3 6901/16/3 6852/16/3
f 6852/16/3 6901/16/3 7520/16/3
f 7567/16/3 7566/16/3 6955/16/3
f 6955/16/3 7566/16/3 6952/16/3
f 7521/16/3 6957/16/3 6903/16/3
f 6903/16/3 6957/16/3 7568/16/3
f 6972/16/3 6971/16/3 7573/16/3
f 7573/16/3 6971/16/3 7574/16/3
f 6980/16/3 6979/16/3 7577/16/3
f 7577/16/3 6979/16/3 7578/16/3
f 7486/16/3 7949/16/3 6806/16/3
f 6806/16/3 7949/16/3 6803/16/3
f 7949/16/3 6906/16/3 6855/16/3
f 6855/16/3 6906/16/3 6852/16/3
f 6906/16/3 6905/16/3 7522/16/3
f 7522/16/3 6905/16/3 7523/16/3
f 6764/16/3 6763/16/3 7427/16/3
f 7427/16/3 6763/16/3 6805/16/3
f 6858/16/3 6857/16/3 7950/16/3
f 7950/16/3 6857/16/3 7488/16/3
f 6976/16/3 6975/16/3 6981/16/3
f 6981/16/3 6975/16/3 6978/16/3
f 6809/16/3 6808/16/3 7487/16/3
f 7487/16/3 6808/16/3 7950/16/3
f 7951/16/3 7952/16/3 6907/16/3
f 6907/16/3 7952/16/3 6904/16/3
f 6951/16/3 6950/16/3 6959/16/3
f 6959/16/3 6950/16/3 6956/16/3
f 6757/16/3 6756/16/3 5012/16/3
f 5012/16/3 6756/16/3 6762/16/3
f 6802/7/3 6801/7/3 6810/7/3
f 6810/7/3 6801/7/3 6807/7/3
f 6851/16/3 6850/16/3 6859/16/3
f 6859/16/3 6850/16/3 6856/16/3
f 6849/7/3 7953/7/3 7951/7/3
f 7951/7/3 7953/7/3 7952/7/3
f 2682/16/3 6799/16/3 2688/16/3
f 2688/16/3 6799/16/3 6800/16/3
f 6886/7/3 6885/7/3 6890/7/3
f 6890/7/3 6885/7/3 6887/7/3
f 6847/16/3 6892/16/3 6896/16/3
f 6896/16/3 6892/16/3 6893/16/3
f 6899/16/3 6898/16/3 6801/16/3
f 6801/16/3 6898/16/3 7953/16/3
f 2676/16/3 6748/16/3 2681/16/3
f 2681/16/3 6748/16/3 6750/16/3
f 6794/16/3 6793/16/3 6751/16/3
f 6751/16/3 6793/16/3 6798/16/3
f 6792/16/3 6844/16/3 6791/16/3
f 6791/16/3 6844/16/3 7954/16/3
f 6746/13/4 7414/13/4 6744/13/4
f 6744/13/4 7414/13/4 7413/13/4
f 6786/2/4 7438/2/4 6784/2/4
f 6784/2/4 7438/2/4 7437/2/4
f 6785/2/4 7439/2/4 6840/2/4
f 6840/2/4 7439/2/4 7472/2/4
f 6916/10/4 7530/10/4 6912/10/4
f 6912/10/4 7530/10/4 7528/10/4
f 6910/10/4 7525/10/4 6908/10/4
f 6908/10/4 7525/10/4 7524/10/4
f 7955/3/4 7956/3/4 7017/3/4
f 7017/3/4 7956/3/4 7537/3/4
f 6908/6/4 7524/6/4 6982/6/4
f 6982/6/4 7524/6/4 7579/6/4
f 6986/6/4 7582/6/4 6984/6/4
f 6984/6/4 7582/6/4 7581/6/4
f 6984/10/4 7581/10/4 7004/10/4
f 7004/10/4 7581/10/4 7602/10/4
f 7054/10/4 7636/10/4 7050/10/4
f 7050/10/4 7636/10/4 7634/10/4
f 6982/10/4 7579/10/4 7001/10/4
f 7001/10/4 7579/10/4 7599/10/4
f 7017/10/4 7537/10/4 7014/10/4
f 7014/10/4 7537/10/4 7610/10/4
f 7048/10/4 7631/10/4 7046/10/4
f 7046/10/4 7631/10/4 7630/10/4
f 7071/16/4 7840/16/4 7068/16/4
f 7068/16/4 7840/16/4 7805/16/4
f 7650/16/4 7804/16/4 7651/16/4
f 7651/16/4 7804/16/4 7802/16/4
f 7104/6/4 7661/6/4 7102/6/4
f 7102/6/4 7661/6/4 7660/6/4
f 7107/6/4 7664/6/4 7105/6/4
f 7105/6/4 7664/6/4 7663/6/4
f 7014/3/4 7610/3/4 7957/3/4
f 7957/3/4 7610/3/4 7666/3/4
f 7105/10/4 7663/10/4 7140/10/4
f 7140/10/4 7663/10/4 7676/10/4
f 7914/10/4 7667/10/4 7947/10/4
f 7947/10/4 7667/10/4 7745/10/4
f 7121/16/4 7801/16/4 7691/16/4
f 7691/16/4 7801/16/4 7762/16/4
f 7102/10/4 7660/10/4 7172/10/4
f 7172/10/4 7660/10/4 7693/10/4
f 7377/10/4 7860/10/4 7374/10/4
f 7374/10/4 7860/10/4 7858/10/4
f 7369/10/4 7852/10/4 7366/10/4
f 7366/10/4 7852/10/4 7850/10/4
f 7398/10/4 7881/10/4 7347/10/4
f 7347/10/4 7881/10/4 7831/10/4
f 7302/2/4 7793/2/4 7299/2/4
f 7299/2/4 7793/2/4 7792/2/4
f 7958/16/4 7763/16/4 7959/16/4
f 7959/16/4 7763/16/4 7800/16/4
f 7389/10/4 7872/10/4 7386/10/4
f 7386/10/4 7872/10/4 7870/10/4
f 7355/16/4 7837/16/4 7352/16/4
f 7352/16/4 7837/16/4 7836/16/4
f 7321/16/4 7809/16/4 7362/16/4
f 7362/16/4 7809/16/4 7846/16/4
f 7367/10/4 7849/10/4 7364/10/4
f 7364/10/4 7849/10/4 7848/10/4
f 7333/10/4 7818/10/4 7370/10/4
f 7370/10/4 7818/10/4 7854/10/4
f 7380/10/4 7863/10/4 7378/10/4
f 7378/10/4 7863/10/4 7862/10/4
f 7383/10/4 7866/10/4 7381/10/4
f 7381/10/4 7866/10/4 7865/10/4
f 7387/10/4 7869/10/4 7384/10/4
f 7384/10/4 7869/10/4 7868/10/4
f 7393/10/4 7875/10/4 7390/10/4
f 7390/10/4 7875/10/4 7874/10/4
f 7396/10/4 7879/10/4 7394/10/4
f 7394/10/4 7879/10/4 7878/10/4
f 6768/4/4 7960/4/4 6765/4/4
f 6765/4/4 7960/4/4 7961/4/4
f 7962/2/4 6745/2/4 7963/2/4
f 7963/2/4 6745/2/4 6785/2/4
f 6923/9/4 6918/9/4 6920/9/4
f 6920/9/4 6918/9/4 6917/9/4
f 6927/6/4 7955/6/4 6924/6/4
f 6924/6/4 7955/6/4 7017/6/4
f 6920/8/4 6917/8/4 6998/8/4
f 6998/8/4 6917/8/4 6985/8/4
f 6969/15/4 7588/15/4 7964/15/4
f 7964/15/4 7588/15/4 7587/15/4
f 6998/9/4 6985/9/4 6995/9/4
f 6995/9/4 6985/9/4 7056/9/4
f 6995/8/4 7056/8/4 7965/8/4
f 7965/8/4 7056/8/4 7055/8/4
f 7081/16/4 7649/16/4 7673/16/4
f 7673/16/4 7649/16/4 7119/16/4
f 7966/8/4 7077/8/4 7700/8/4
f 7700/8/4 7077/8/4 7141/8/4
f 7155/16/4 7690/16/4 7152/16/4
f 7152/16/4 7690/16/4 7689/16/4
f 7700/3/4 7141/3/4 7701/3/4
f 7701/3/4 7141/3/4 7175/3/4
f 7726/3/4 7206/3/4 7727/3/4
f 7727/3/4 7206/3/4 7205/3/4
f 7243/2/4 7754/2/4 7240/2/4
f 7240/2/4 7754/2/4 7302/2/4
f 7152/16/4 7761/16/4 7967/16/4
f 7967/16/4 7761/16/4 7760/16/4
f 7295/2/4 7788/2/4 7293/2/4
f 7293/2/4 7788/2/4 7787/2/4
f 7310/7/4 7958/7/4 7307/7/4
f 7307/7/4 7958/7/4 7959/7/4
f 7968/16/4 7354/16/4 7969/16/4
f 7969/16/4 7354/16/4 7883/16/4
f 5232/4/4 4716/4/4 7970/4/4
f 7970/4/4 4716/4/4 7456/4/4
f 7971/9/4 6920/9/4 7594/9/4
f 7594/9/4 6920/9/4 6998/9/4
f 7029/8/4 7617/8/4 7026/8/4
f 7026/8/4 7617/8/4 7616/8/4
f 7045/8/4 7627/8/4 7042/8/4
f 7042/8/4 7627/8/4 7626/8/4
f 7593/9/4 6995/9/4 7058/9/4
f 7058/9/4 6995/9/4 7965/9/4
f 7075/16/4 7645/16/4 7072/16/4
f 7072/16/4 7645/16/4 7644/16/4
f 7058/9/4 7055/9/4 7972/9/4
f 7972/9/4 7055/9/4 7077/9/4
f 7653/16/4 7080/16/4 7654/16/4
f 7654/16/4 7080/16/4 7079/16/4
f 7972/9/4 7966/9/4 7179/9/4
f 7179/9/4 7966/9/4 7700/9/4
f 7125/16/4 7672/16/4 7250/16/4
f 7250/16/4 7672/16/4 7153/16/4
f 7180/3/4 7699/3/4 7177/3/4
f 7177/3/4 7699/3/4 7698/3/4
f 7710/3/4 7187/3/4 7711/3/4
f 7711/3/4 7187/3/4 7186/3/4
f 7251/7/4 7152/7/4 7248/7/4
f 7248/7/4 7152/7/4 7967/7/4
f 7756/2/4 7240/2/4 7791/2/4
f 7791/2/4 7240/2/4 7294/2/4
f 7798/16/4 7309/16/4 7799/16/4
f 7799/16/4 7309/16/4 7308/16/4
f 7973/7/4 7968/7/4 7402/7/4
f 7402/7/4 7968/7/4 7974/7/4
f 7402/16/4 7974/16/4 7399/16/4
f 7399/16/4 7974/16/4 7969/16/4
f 6863/3/4 6915/3/4 6860/3/4
f 6860/3/4 6915/3/4 6919/3/4
f 7534/8/4 7971/8/4 7976/8/4
f 7976/8/4 7971/8/4 7975/8/4
f 7977/8/4 7594/8/4 7008/8/4
f 7008/8/4 7594/8/4 7061/8/4
f 7085/16/4 7652/16/4 7082/16/4
f 7082/16/4 7652/16/4 7124/16/4
f 7642/8/4 7058/8/4 7979/8/4
f 7979/8/4 7058/8/4 7978/8/4
f 7147/3/4 7980/3/4 7981/3/4
f 7981/3/4 7980/3/4 7957/3/4
f 7082/7/4 7124/7/4 7158/7/4
f 7158/7/4 7124/7/4 7123/7/4
f 7981/3/4 7682/3/4 7144/3/4
f 7144/3/4 7682/3/4 7681/3/4
f 7704/3/4 7179/3/4 7705/3/4
f 7705/3/4 7179/3/4 7178/3/4
f 7718/3/4 7198/3/4 7719/3/4
f 7719/3/4 7198/3/4 7197/3/4
f 7730/3/4 7210/3/4 7731/3/4
f 7731/3/4 7210/3/4 7209/3/4
f 7247/2/4 7757/2/4 7244/2/4
f 7244/2/4 7757/2/4 7756/2/4
f 7292/2/4 7784/2/4 7289/2/4
f 7289/2/4 7784/2/4 7783/2/4
f 7298/2/4 7790/2/4 7296/2/4
f 7296/2/4 7790/2/4 7789/2/4
f 7159/16/4 7122/16/4 7311/16/4
f 7311/16/4 7122/16/4 7797/16/4
f 7982/16/4 7973/16/4 7983/16/4
f 7983/16/4 7973/16/4 7402/16/4
f 7924/16/4 7401/16/4 7403/16/4
f 7403/16/4 7401/16/4 7400/16/4
f 7984/13/4 7962/13/4 7985/13/4
f 7985/13/4 7962/13/4 7963/13/4
f 6931/6/4 7540/6/4 6928/6/4
f 6928/6/4 7540/6/4 7539/6/4
f 7986/9/4 7534/9/4 7987/9/4
f 7987/9/4 7534/9/4 7976/9/4
f 7987/9/4 7975/9/4 7988/9/4
f 7988/9/4 7975/9/4 7594/9/4
f 7089/16/4 7084/16/4 7086/16/4
f 7086/16/4 7084/16/4 7083/16/4
f 7101/16/4 7092/16/4 7098/16/4
f 7098/16/4 7092/16/4 7091/16/4
f 7606/9/4 7008/9/4 7989/9/4
f 7989/9/4 7008/9/4 7979/9/4
f 7128/16/4 7082/16/4 7126/16/4
f 7126/16/4 7082/16/4 7158/16/4
f 7989/9/4 7978/9/4 7183/9/4
f 7183/9/4 7978/9/4 7179/9/4
f 7126/7/4 7158/7/4 7160/7/4
f 7160/7/4 7158/7/4 7157/7/4
f 7184/3/4 7703/3/4 7181/3/4
f 7181/3/4 7703/3/4 7702/3/4
f 7722/3/4 7202/3/4 7723/3/4
f 7723/3/4 7202/3/4 7201/3/4
f 7742/3/4 7225/3/4 7743/3/4
f 7743/3/4 7225/3/4 7224/3/4
f 7254/16/4 7156/16/4 7252/16/4
f 7252/16/4 7156/16/4 7314/16/4
f 7280/2/4 7231/2/4 7277/2/4
f 7277/2/4 7231/2/4 7892/2/4
f 7306/2/4 7244/2/4 7303/2/4
f 7303/2/4 7244/2/4 7297/2/4
f 7253/16/4 7313/16/4 7315/16/4
f 7315/16/4 7313/16/4 7312/16/4
f 7316/7/4 7982/7/4 7356/7/4
f 7356/7/4 7982/7/4 7983/7/4
f 6727/13/4 2642/13/4 6724/13/4
f 6724/13/4 2642/13/4 7960/13/4
f 6724/4/4 7429/4/4 6769/4/4
f 6769/4/4 7429/4/4 7428/4/4
f 7990/2/4 7984/2/4 7991/2/4
f 7991/2/4 7984/2/4 7985/2/4
f 7992/8/4 7986/8/4 6987/8/4
f 6987/8/4 7986/8/4 7988/8/4
f 7993/18/4 6966/18/4 7622/18/4
f 7622/18/4 6966/18/4 7964/18/4
f 6987/9/4 7977/9/4 6999/9/4
f 6999/9/4 7977/9/4 7011/9/4
f 7033/8/4 7028/8/4 7030/8/4
f 7030/8/4 7028/8/4 7027/8/4
f 7041/8/4 7625/8/4 7038/8/4
f 7038/8/4 7625/8/4 7624/8/4
f 6999/8/4 7607/8/4 7995/8/4
f 7995/8/4 7607/8/4 7994/8/4
f 7132/16/4 7086/16/4 7129/16/4
f 7129/16/4 7086/16/4 7127/16/4
f 7996/8/4 7997/8/4 7998/8/4
f 7998/8/4 7997/8/4 7183/8/4
f 7113/3/4 7686/3/4 7999/3/4
f 7999/3/4 7686/3/4 7685/3/4
f 7129/7/4 7127/7/4 7162/7/4
f 7162/7/4 7127/7/4 7161/7/4
f 7714/3/4 7191/3/4 7715/3/4
f 7715/3/4 7191/3/4 7190/3/4
f 7257/16/4 7160/16/4 7255/16/4
f 7255/16/4 7160/16/4 7253/16/4
f 7320/16/4 7317/16/4 7318/16/4
f 7318/16/4 7317/16/4 7316/16/4
f 4744/2/4 2673/2/4 7417/2/4
f 7417/2/4 2673/2/4 6745/2/4
f 7417/13/4 7990/13/4 7474/13/4
f 7474/13/4 7990/13/4 7991/13/4
f 6816/14/4 7961/14/4 6813/14/4
f 6813/14/4 7961/14/4 6812/14/4
f 6867/3/4 7494/3/4 6864/3/4
f 6864/3/4 7494/3/4 7493/3/4
f 6965/9/4 7535/9/4 8000/9/4
f 8000/9/4 7535/9/4 7534/9/4
f 8000/9/4 7992/9/4 6963/9/4
f 6963/9/4 7992/9/4 6990/9/4
f 7037/8/4 7993/8/4 7034/8/4
f 7034/8/4 7993/8/4 7031/8/4
f 7597/9/4 6999/9/4 8001/9/4
f 8001/9/4 6999/9/4 7995/9/4
f 8001/9/4 7994/9/4 8002/9/4
f 8002/9/4 7994/9/4 7997/9/4
f 8002/9/4 7996/9/4 8003/9/4
f 8003/9/4 7996/9/4 7998/9/4
f 7734/3/4 7214/3/4 7735/3/4
f 7735/3/4 7214/3/4 7213/3/4
f 7261/16/4 7163/16/4 7258/16/4
f 7258/16/4 7163/16/4 7256/16/4
f 4740/7/4 4741/7/4 7412/7/4
f 7412/7/4 4741/7/4 7416/7/4
f 6822/4/4 6818/4/4 6819/4/4
f 6819/4/4 6818/4/4 6817/4/4
f 8004/16/4 7470/16/4 8005/16/4
f 8005/16/4 7470/16/4 7469/16/4
f 7506/16/4 7509/16/4 7507/16/4
f 7507/16/4 7509/16/4 7508/16/4
f 7513/16/4 7476/16/4 7514/16/4
f 7514/16/4 7476/16/4 7515/16/4
f 6935/6/4 7544/6/4 6932/6/4
f 6932/6/4 7544/6/4 7543/6/4
f 6994/9/4 6963/9/4 6991/9/4
f 6991/9/4 6963/9/4 7585/9/4
f 6991/8/4 7585/8/4 7012/8/4
f 7012/8/4 7585/8/4 8006/8/4
f 7012/9/4 8006/9/4 7062/9/4
f 7062/9/4 8006/9/4 8001/9/4
f 7067/6/4 7014/6/4 7064/6/4
f 7064/6/4 7014/6/4 8007/6/4
f 7062/8/4 8001/8/4 7108/8/4
f 7108/8/4 8001/8/4 8008/8/4
f 7108/9/4 8008/9/4 7142/9/4
f 7142/9/4 8008/9/4 8003/9/4
f 7142/3/4 7183/3/4 7193/3/4
f 7193/3/4 7183/3/4 7182/3/4
f 6773/4/4 5231/4/4 8009/4/4
f 8009/4/4 5231/4/4 7406/4/4
f 8009/4/4 6728/4/4 6771/4/4
f 6771/4/4 6728/4/4 7970/4/4
f 6829/4/4 6821/4/4 6827/4/4
f 6827/4/4 6821/4/4 6820/4/4
f 7468/7/4 8004/7/4 6872/7/4
f 6872/7/4 8004/7/4 8005/7/4
f 6828/3/4 7457/3/4 6868/3/4
f 6868/3/4 7457/3/4 7956/3/4
f 6873/16/4 7505/16/4 6870/16/4
f 6870/16/4 7505/16/4 7504/16/4
f 8010/16/4 7507/16/4 8011/16/4
f 8011/16/4 7507/16/4 7552/16/4
f 7556/16/4 7942/16/4 7557/16/4
f 7557/16/4 7942/16/4 7558/16/4
f 7021/6/4 6932/6/4 7018/6/4
f 7018/6/4 6932/6/4 7067/6/4
f 7679/3/4 7110/3/4 7680/3/4
f 7680/3/4 7110/3/4 7999/3/4
f 7219/3/4 7195/3/4 7216/3/4
f 7216/3/4 7195/3/4 7194/3/4
f 7351/6/4 7833/6/4 7339/6/4
f 7339/6/4 7833/6/4 7823/6/4
f 7340/6/4 7822/6/4 7337/6/4
f 7337/6/4 7822/6/4 7821/6/4
f 5134/16/4 7411/16/4 8012/16/4
f 8012/16/4 7411/16/4 7410/16/4
f 8012/16/4 7467/16/4 7498/16/4
f 7498/16/4 7467/16/4 6873/16/4
f 7499/16/4 6872/16/4 7500/16/4
f 7500/16/4 6872/16/4 6871/16/4
f 7550/7/4 8010/7/4 7551/7/4
f 7551/7/4 8010/7/4 8011/7/4
f 7117/3/4 8007/3/4 8013/3/4
f 8013/3/4 8007/3/4 7980/3/4
f 8013/3/4 7669/3/4 7114/3/4
f 7114/3/4 7669/3/4 7668/3/4
f 7151/6/4 7678/6/4 7148/6/4
f 7148/6/4 7678/6/4 7230/6/4
f 7222/6/4 7218/6/4 7220/6/4
f 7220/6/4 7218/6/4 7217/6/4
f 7236/6/4 7229/6/4 7234/6/4
f 7234/6/4 7229/6/4 7228/6/4
f 6777/16/4 8014/16/4 6774/16/4
f 6774/16/4 8014/16/4 7432/16/4
f 6877/16/4 7498/16/4 6874/16/4
f 6874/16/4 7498/16/4 7497/16/4
f 4730/16/4 7433/16/4 6740/16/4
f 6740/16/4 7433/16/4 8014/16/4
f 6741/7/4 6776/7/4 7436/7/4
f 7436/7/4 6776/7/4 6775/7/4
f 7436/7/4 7434/7/4 8015/7/4
f 8015/7/4 7434/7/4 7498/7/4
f 8016/7/4 6876/7/4 8017/7/4
f 8017/7/4 6876/7/4 6875/7/4
f 6973/16/4 7551/16/4 6970/16/4
f 6970/16/4 7551/16/4 7572/16/4
f 6981/16/4 7576/16/4 6978/16/4
f 6978/16/4 7576/16/4 7575/16/4
f 2663/16/4 4732/16/4 8018/16/4
f 8018/16/4 4732/16/4 6741/16/4
f 8019/16/4 7436/16/4 8020/16/4
f 8020/16/4 7436/16/4 8015/16/4
f 6943/16/4 7500/16/4 6940/16/4
f 6940/16/4 7500/16/4 7549/16/4
f 8021/7/4 2663/7/4 6780/7/4
f 6780/7/4 2663/7/4 8018/7/4
f 6781/16/4 6740/16/4 6778/16/4
f 6778/16/4 6740/16/4 7435/16/4
f 6779/7/4 8019/7/4 7466/7/4
f 7466/7/4 8019/7/4 8020/7/4
f 7502/16/4 8016/16/4 7503/16/4
f 7503/16/4 8016/16/4 8017/16/4
f 8022/7/4 6942/7/4 8023/7/4
f 8023/7/4 6942/7/4 6941/7/4
f 6977/16/4 6972/16/4 6974/16/4
f 6974/16/4 6972/16/4 6971/16/4
f 2666/16/4 8021/16/4 6835/16/4
f 6835/16/4 8021/16/4 6779/16/4
f 6836/16/4 6778/16/4 6833/16/4
f 6833/16/4 6778/16/4 7465/16/4
f 6834/16/4 7466/16/4 6878/16/4
f 6878/16/4 7466/16/4 7501/16/4
f 6947/16/4 8022/16/4 6944/16/4
f 6944/16/4 8022/16/4 8023/16/4
f 5269/16/4 2667/16/4 6742/16/4
f 6742/16/4 2667/16/4 8024/16/4
f 6742/7/4 8024/7/4 6782/7/4
f 6782/7/4 8024/7/4 8025/7/4
f 6883/16/4 8026/16/4 6880/16/4
f 6880/16/4 8026/16/4 6879/16/4
f 5268/7/4 5267/7/4 6790/7/4
f 6790/7/4 5267/7/4 6743/7/4
f 6790/16/4 6743/16/4 6787/16/4
f 6787/16/4 6743/16/4 6783/16/4
f 6839/16/4 8025/16/4 6837/16/4
f 6837/16/4 8025/16/4 8026/16/4
f 6838/7/4 6882/7/4 6884/7/4
f 6884/7/4 6882/7/4 6881/7/4
f 7954/16/4 6889/16/4 6891/16/4
f 6891/16/4 6889/16/4 6888/16/4
f 6848/16/4 6895/16/4 6897/16/4
f 6897/16/4 6895/16/4 6894/16/4
f 6749/16/4 5268/16/4 6747/16/4
f 6747/16/4 5268/16/4 6790/16/4
f 6748/16/4 6750/16/4 6792/16/4
f 6792/16/4 6750/16/4 6791/16/4
f 6845/16/4 6787/16/4 6843/16/4
f 6843/16/4 6787/16/4 6838/16/4
f 7852/10/5 7369/10/5 7693/10/5
f 7693/10/5 7369/10/5 7172/10/5
f 7582/6/5 6986/6/5 7569/6/5
f 7569/6/5 6986/6/5 6960/6/5
f 7530/10/5 6916/10/5 7452/10/5
f 7452/10/5 6916/10/5 6811/10/5
f 7631/10/5 7048/10/5 7599/10/5
f 7599/10/5 7048/10/5 7001/10/5
f 7853/10/5 7368/10/5 7848/10/5
f 7848/10/5 7368/10/5 7364/10/5
f 7636/6/5 7054/6/5 7604/6/5
f 7604/6/5 7054/6/5 7007/6/5
f 7818/10/5 7333/10/5 7816/10/5
f 7816/10/5 7333/10/5 7332/10/5
f 6767/13/5 7430/13/5 6768/13/5
f 6768/13/5 7430/13/5 7429/13/5
f 8027/14/5 6814/14/5 6812/14/5
f 6812/14/5 6814/14/5 6813/14/5
f 7664/6/5 7107/6/5 7647/6/5
f 7647/6/5 7107/6/5 7076/6/5
f 7860/10/5 7377/10/5 7676/10/5
f 7676/10/5 7377/10/5 7140/10/5
f 7861/10/5 7376/10/5 7854/10/5
f 7854/10/5 7376/10/5 7370/10/5
f 6915/4/5 6867/4/5 8027/4/5
f 8027/4/5 6867/4/5 6814/4/5
f 7583/6/5 6985/6/5 7637/6/5
f 7637/6/5 6985/6/5 7053/6/5
f 7863/10/5 7380/10/5 7819/10/5
f 7819/10/5 7380/10/5 7335/10/5
f 6918/3/5 7535/3/5 6919/3/5
f 6919/3/5 7535/3/5 6860/3/5
f 8028/3/5 6965/3/5 7493/3/5
f 7493/3/5 6965/3/5 6864/3/5
f 7584/3/5 7591/3/5 7583/3/5
f 7583/3/5 7591/3/5 6985/3/5
f 7864/10/5 7379/10/5 7862/10/5
f 7862/10/5 7379/10/5 7378/10/5
f 6997/9/5 7595/9/5 6998/9/5
f 6998/9/5 7595/9/5 7594/9/5
f 7185/3/5 7708/3/5 7698/3/5
f 7698/3/5 7708/3/5 7177/3/5
f 6922/3/5 6861/3/5 6923/3/5
f 6923/3/5 6861/3/5 7535/3/5
f 7060/8/5 7009/8/5 7061/8/5
f 7061/8/5 7009/8/5 7008/8/5
f 7010/9/5 7608/9/5 7011/9/5
f 7011/9/5 7608/9/5 7607/9/5
f 6989/9/5 6964/9/5 6990/9/5
f 6990/9/5 6964/9/5 6963/9/5
f 7866/10/5 7383/10/5 7771/10/5
f 7771/10/5 7383/10/5 7273/10/5
f 7189/3/5 7833/3/5 7182/3/5
f 7182/3/5 7833/3/5 7193/3/5
f 7867/10/5 7382/10/5 7865/10/5
f 7865/10/5 7382/10/5 7381/10/5
f 7196/3/5 7716/3/5 7178/3/5
f 7178/3/5 7716/3/5 7705/3/5
f 7869/10/5 7387/10/5 7825/10/5
f 7825/10/5 7387/10/5 7341/10/5
f 7200/3/5 7720/3/5 7702/3/5
f 7702/3/5 7720/3/5 7181/3/5
f 7872/10/5 7389/10/5 7827/10/5
f 7827/10/5 7389/10/5 7343/10/5
f 7204/3/5 7724/3/5 7175/3/5
f 7175/3/5 7724/3/5 7701/3/5
f 7208/3/5 7728/3/5 7197/3/5
f 7197/3/5 7728/3/5 7719/3/5
f 7873/10/5 7388/10/5 7868/10/5
f 7868/10/5 7388/10/5 7384/10/5
f 7212/3/5 8029/3/5 7712/3/5
f 7712/3/5 8029/3/5 7833/3/5
f 7875/10/5 7393/10/5 7829/10/5
f 7829/10/5 7393/10/5 7345/10/5
f 7877/10/5 7391/10/5 7874/10/5
f 7874/10/5 7391/10/5 7390/10/5
f 7223/3/5 8030/3/5 7186/3/5
f 7186/3/5 8030/3/5 7711/3/5
f 8030/3/5 7736/3/5 7209/3/5
f 7209/3/5 7736/3/5 7731/3/5
f 7879/10/5 7396/10/5 7876/10/5
f 7876/10/5 7396/10/5 7392/10/5
f 7739/3/5 7740/3/5 7201/3/5
f 7201/3/5 7740/3/5 7723/3/5
f 7227/6/5 7221/6/5 7217/6/5
f 7217/6/5 7221/6/5 7220/6/5
f 6823/4/5 8031/4/5 7495/4/5
f 7495/4/5 8031/4/5 6866/4/5
f 8031/4/5 7458/4/5 6817/4/5
f 6817/4/5 7458/4/5 6819/4/5
f 7229/6/5 7236/6/5 7230/6/5
f 7230/6/5 7236/6/5 7148/6/5
f 7881/3/5 7398/3/5 7772/3/5
f 7772/3/5 7398/3/5 7275/3/5
f 7457/4/5 8032/4/5 7491/4/5
f 7491/4/5 8032/4/5 6862/4/5
f 8032/4/5 6824/4/5 6863/4/5
f 6863/4/5 6824/4/5 7494/4/5
f 7461/4/5 6828/4/5 6820/4/5
f 6820/4/5 6828/4/5 6827/4/5
f 7882/10/5 7397/10/5 7878/10/5
f 7878/10/5 7397/10/5 7394/10/5
f 7016/6/5 6925/6/5 7017/6/5
f 7017/6/5 6925/6/5 6924/6/5
f 7667/3/5 7683/3/5 7666/3/5
f 7666/3/5 7683/3/5 7682/3/5
f 7231/3/5 8033/3/5 7205/3/5
f 7205/3/5 8033/3/5 7727/3/5
f 6926/3/5 7541/3/5 6927/3/5
f 6927/3/5 7541/3/5 7540/3/5
f 7542/6/5 6929/6/5 7539/6/5
f 7539/6/5 6929/6/5 6928/6/5
f 7146/3/5 7687/3/5 7147/3/5
f 7147/3/5 7687/3/5 7686/3/5
f 8033/3/5 7280/3/5 7224/3/5
f 7224/3/5 7280/3/5 7743/3/5
f 6930/3/5 7545/3/5 6931/3/5
f 6931/3/5 7545/3/5 7544/3/5
f 7280/3/5 8034/3/5 7190/3/5
f 7190/3/5 8034/3/5 7715/3/5
f 7112/3/5 7670/3/5 7113/3/5
f 7113/3/5 7670/3/5 7669/3/5
f 8034/3/5 8035/3/5 7213/3/5
f 7213/3/5 8035/3/5 7735/3/5
f 6831/4/5 7463/4/5 6825/4/5
f 6825/4/5 7463/4/5 7460/4/5
f 7546/6/5 6933/6/5 7543/6/5
f 7543/6/5 6933/6/5 6932/6/5
f 8035/3/5 8036/3/5 7732/3/5
f 7732/3/5 8036/3/5 8029/3/5
f 6934/3/5 6869/3/5 6935/3/5
f 6935/3/5 6869/3/5 6868/3/5
f 7066/6/5 7019/6/5 7067/6/5
f 7067/6/5 7019/6/5 7018/6/5
f 6736/5/5 6730/5/5 8037/5/5
f 8037/5/5 6730/5/5 6729/5/5
f 7775/2/5 7278/2/5 7774/2/5
f 7774/2/5 7278/2/5 7277/2/5
f 7409/5/5 6733/5/5 7407/5/5
f 7407/5/5 6733/5/5 6732/5/5
f 7835/6/5 7349/6/5 7821/6/5
f 7821/6/5 7349/6/5 7337/6/5
f 7350/6/5 7235/6/5 7228/6/5
f 7228/6/5 7235/6/5 7234/6/5
f 7548/10/5 6937/10/5 7547/10/5
f 7547/10/5 6937/10/5 6936/10/5
f 7615/10/5 7023/10/5 7612/10/5
f 7612/10/5 7023/10/5 7022/10/5
f 7753/10/5 7237/10/5 7747/10/5
f 7747/10/5 7237/10/5 7232/10/5
f 6938/5/5 6737/5/5 7233/5/5
f 7233/5/5 6737/5/5 8037/5/5
f 7619/8/5 7027/8/5 7616/8/5
f 7616/8/5 7027/8/5 7026/8/5
f 7779/2/5 7282/2/5 7776/2/5
f 7776/2/5 7282/2/5 7281/2/5
f 7621/8/5 7031/8/5 7027/8/5
f 7027/8/5 7031/8/5 7030/8/5
f 7590/15/5 7896/15/5 7587/15/5
f 7587/15/5 7896/15/5 7964/15/5
f 7896/18/5 7623/18/5 7964/18/5
f 7964/18/5 7623/18/5 7622/18/5
f 7038/8/5 7035/8/5 7031/8/5
f 7031/8/5 7035/8/5 7034/8/5
f 7042/8/5 7039/8/5 7624/8/5
f 7624/8/5 7039/8/5 7038/8/5
f 7629/8/5 7043/8/5 7626/8/5
f 7626/8/5 7043/8/5 7042/8/5
f 7782/2/5 7286/2/5 7780/2/5
f 7780/2/5 7286/2/5 7285/2/5
f 7786/2/5 7290/2/5 7783/2/5
f 7783/2/5 7290/2/5 7289/2/5
f 7299/2/5 7294/2/5 7787/2/5
f 7787/2/5 7294/2/5 7293/2/5
f 7795/2/5 7300/2/5 7792/2/5
f 7792/2/5 7300/2/5 7299/2/5
f 7301/2/5 7241/2/5 7302/2/5
f 7302/2/5 7241/2/5 7240/2/5
f 7796/2/5 8038/2/5 7294/2/5
f 7294/2/5 8038/2/5 7791/2/5
f 8038/2/5 8039/2/5 7789/2/5
f 7789/2/5 8039/2/5 7296/2/5
f 8039/2/5 7304/2/5 7297/2/5
f 7297/2/5 7304/2/5 7303/2/5
f 7763/16/5 7310/16/5 7760/16/5
f 7760/16/5 7310/16/5 7967/16/5
f 7310/7/5 7249/7/5 7967/7/5
f 7967/7/5 7249/7/5 7248/7/5
f 7837/16/5 7355/16/5 7800/16/5
f 7800/16/5 7355/16/5 7959/16/5
f 7355/7/5 7308/7/5 7959/7/5
f 7959/7/5 7308/7/5 7307/7/5
f 7309/16/5 7798/16/5 7310/16/5
f 7310/16/5 7798/16/5 7249/16/5
f 7799/16/5 7312/16/5 7797/16/5
f 7797/16/5 7312/16/5 7311/16/5
f 7313/16/5 7253/16/5 7314/16/5
f 7314/16/5 7253/16/5 7252/16/5
f 7838/16/5 7353/16/5 7836/16/5
f 7836/16/5 7353/16/5 7352/16/5
f 7354/16/5 7973/16/5 7355/16/5
f 7355/16/5 7973/16/5 7799/16/5
f 7973/7/5 7982/7/5 7799/7/5
f 7799/7/5 7982/7/5 7312/7/5
f 7982/16/5 7316/16/5 7312/16/5
f 7312/16/5 7316/16/5 7315/16/5
f 7317/16/5 7320/16/5 7253/16/5
f 7253/16/5 7320/16/5 7255/16/5
f 7839/7/5 7884/7/5 7838/7/5
f 7838/7/5 7884/7/5 7353/7/5
f 7885/16/5 7400/16/5 7883/16/5
f 7883/16/5 7400/16/5 7399/16/5
f 7401/16/5 7924/16/5 7402/16/5
f 7402/16/5 7924/16/5 7983/16/5
f 7924/7/5 7357/7/5 7983/7/5
f 7983/7/5 7357/7/5 7356/7/5
f 7328/16/5 7319/16/5 7316/16/5
f 7316/16/5 7319/16/5 7318/16/5
f 7842/16/5 7891/16/5 7839/16/5
f 7839/16/5 7891/16/5 7884/16/5
f 7891/7/5 7903/7/5 7884/7/5
f 7884/7/5 7903/7/5 8040/7/5
f 7903/16/5 7843/16/5 8040/16/5
f 8040/16/5 7843/16/5 7401/16/5
f 7886/16/5 7404/16/5 7400/16/5
f 7400/16/5 7404/16/5 7403/16/5
f 7262/16/5 7259/16/5 7256/16/5
f 7256/16/5 7259/16/5 7258/16/5
f 7809/16/5 7324/16/5 7807/16/5
f 7807/16/5 7324/16/5 7844/16/5
f 7845/16/5 7359/16/5 7843/16/5
f 7843/16/5 7359/16/5 7358/16/5
f 7923/16/5 7263/16/5 7331/16/5
f 7331/16/5 7263/16/5 7256/16/5
f 7847/16/5 7363/16/5 7846/16/5
f 7846/16/5 7363/16/5 7362/16/5
f 7269/16/5 7813/16/5 7323/16/5
f 7323/16/5 7813/16/5 7812/16/5
f 7814/7/5 7325/7/5 7811/7/5
f 7811/7/5 7325/7/5 7324/7/5
f 7326/16/5 7266/16/5 7327/16/5
f 7327/16/5 7266/16/5 7265/16/5
f 7815/16/5 7329/16/5 7405/16/5
f 7405/16/5 7329/16/5 7328/16/5
f 7770/16/5 7270/16/5 7767/16/5
f 7767/16/5 7270/16/5 7269/16/5
f 7271/16/5 7169/16/5 7272/16/5
f 7272/16/5 7169/16/5 7168/16/5
f 7434/16/5 6775/16/5 7432/16/5
f 7432/16/5 6775/16/5 6774/16/5
f 6776/16/5 6741/16/5 6777/16/5
f 6777/16/5 6741/16/5 6740/16/5
f 7436/16/5 6779/16/5 7435/16/5
f 7435/16/5 6779/16/5 6778/16/5
f 7466/16/5 6834/16/5 7465/16/5
f 7465/16/5 6834/16/5 6833/16/5
f 8004/16/5 7468/16/5 7410/16/5
f 7410/16/5 7468/16/5 7467/16/5
f 6872/16/5 7499/16/5 6873/16/5
f 6873/16/5 7499/16/5 7498/16/5
f 7500/16/5 6875/16/5 7497/16/5
f 7497/16/5 6875/16/5 6874/16/5
f 6876/7/5 8016/7/5 6877/7/5
f 6877/7/5 8016/7/5 8015/7/5
f 8016/16/5 8041/16/5 8015/16/5
f 8015/16/5 8041/16/5 8020/16/5
f 8041/7/5 7502/7/5 8020/7/5
f 8020/7/5 7502/7/5 7466/7/5
f 7509/16/5 7506/16/5 7469/16/5
f 7469/16/5 7506/16/5 8005/16/5
f 7507/16/5 8010/16/5 7504/16/5
f 7504/16/5 8010/16/5 6870/16/5
f 8010/16/5 7550/16/5 6871/16/5
f 6871/16/5 7550/16/5 7500/16/5
f 7551/16/5 6941/16/5 7549/16/5
f 7549/16/5 6941/16/5 6940/16/5
f 6942/16/5 8022/16/5 6943/16/5
f 6943/16/5 8022/16/5 7503/16/5
f 8022/16/5 6947/16/5 7501/16/5
f 7501/16/5 6947/16/5 6878/16/5
f 6882/16/5 6838/16/5 6883/16/5
f 6883/16/5 6838/16/5 6837/16/5
f 7439/2/5 6785/2/5 7437/2/5
f 7437/2/5 6785/2/5 6784/2/5
f 7510/16/5 7511/16/5 7508/16/5
f 7508/16/5 7511/16/5 7507/16/5
f 7553/16/5 7554/16/5 7552/16/5
f 7552/16/5 7554/16/5 8011/16/5
f 7554/7/5 7573/7/5 8011/7/5
f 8011/7/5 7573/7/5 7551/7/5
f 7574/16/5 6971/16/5 7572/16/5
f 7572/16/5 6971/16/5 6970/16/5
f 6972/16/5 8042/16/5 6973/16/5
f 6973/16/5 8042/16/5 6941/16/5
f 8042/7/5 6977/7/5 6941/7/5
f 6941/7/5 6977/7/5 8023/7/5
f 8043/16/5 6887/16/5 6879/16/5
f 6879/16/5 6887/16/5 6880/16/5
f 6887/7/5 6885/7/5 6881/7/5
f 6881/7/5 6885/7/5 6884/7/5
f 7473/2/5 6841/2/5 7472/2/5
f 7472/2/5 6841/2/5 6840/2/5
f 8044/13/5 8045/13/5 7963/13/5
f 7963/13/5 8045/13/5 7985/13/5
f 7476/7/5 7513/7/5 7471/7/5
f 7471/7/5 7513/7/5 7512/7/5
f 8046/16/5 6981/16/5 7573/16/5
f 7573/16/5 6981/16/5 6972/16/5
f 6978/16/5 6975/16/5 6971/16/5
f 6971/16/5 6975/16/5 6974/16/5
f 6976/16/5 6945/16/5 8023/16/5
f 8023/16/5 6945/16/5 6944/16/5
f 6946/7/5 6888/7/5 8043/7/5
f 8043/7/5 6888/7/5 6887/7/5
f 6889/16/5 7954/16/5 6890/16/5
f 6890/16/5 7954/16/5 6886/16/5
f 6750/16/5 6748/16/5 6790/16/5
f 6790/16/5 6748/16/5 6747/16/5
f 7954/16/5 6844/16/5 6838/16/5
f 6838/16/5 6844/16/5 6843/16/5
f 7477/13/5 6846/13/5 7473/13/5
f 7473/13/5 6846/13/5 6841/13/5
f 6795/2/5 8047/2/5 6785/2/5
f 6785/2/5 8047/2/5 7963/2/5
f 8047/2/5 8048/2/5 8044/2/5
f 8044/2/5 8048/2/5 8045/2/5
f 8048/2/5 7926/2/5 7985/2/5
f 7985/2/5 7926/2/5 7991/2/5
f 7926/13/5 7444/13/5 7991/13/5
f 7991/13/5 7444/13/5 7474/13/5
f 7516/16/5 7942/16/5 7515/16/5
f 7515/16/5 7942/16/5 7514/16/5
f 7942/16/5 7556/16/5 7511/16/5
f 7511/16/5 7556/16/5 7555/16/5
f 8049/7/5 7577/7/5 8046/7/5
f 8046/7/5 7577/7/5 7576/7/5
f 7578/16/5 6979/16/5 7575/16/5
f 7575/16/5 6979/16/5 6978/16/5
f 6980/7/5 8050/7/5 6981/7/5
f 6981/7/5 8050/7/5 8051/7/5
f 8052/7/5 6948/7/5 6976/7/5
f 6976/7/5 6948/7/5 6945/7/5
f 6893/16/5 6892/16/5 6888/16/5
f 6888/16/5 6892/16/5 6891/16/5
f 6798/16/5 6793/16/5 6791/16/5
f 6791/16/5 6793/16/5 6792/16/5
f 7443/2/5 6796/2/5 7441/2/5
f 7441/2/5 6796/2/5 6795/2/5
f 7479/7/5 7560/7/5 7478/7/5
f 7478/7/5 7560/7/5 7559/7/5
f 7561/16/5 7562/16/5 7558/16/5
f 7558/16/5 7562/16/5 7557/16/5
f 6952/16/5 8053/16/5 8049/16/5
f 8049/16/5 8053/16/5 8050/16/5
f 8053/16/5 8054/16/5 8051/16/5
f 8051/16/5 8054/16/5 6976/16/5
f 8054/16/5 6950/16/5 8052/16/5
f 8052/16/5 6950/16/5 6948/16/5
f 6951/16/5 6894/16/5 6946/16/5
f 6946/16/5 6894/16/5 6888/16/5
f 6895/7/5 6848/7/5 6896/7/5
f 6896/7/5 6848/7/5 6847/7/5
f 7419/13/5 6754/13/5 7442/13/5
f 7442/13/5 6754/13/5 6797/13/5
f 7422/16/5 7448/16/5 7420/16/5
f 7420/16/5 7448/16/5 7447/16/5
f 7518/16/5 7564/16/5 7517/16/5
f 7517/16/5 7564/16/5 7563/16/5
f 7565/16/5 6953/16/5 7554/16/5
f 7554/16/5 6953/16/5 7573/16/5
f 7568/16/5 6957/16/5 7566/16/5
f 7566/16/5 6957/16/5 6956/16/5
f 6958/7/5 6904/7/5 6959/7/5
f 6959/7/5 6904/7/5 8055/7/5
f 6904/16/5 7952/16/5 8055/16/5
f 8055/16/5 7952/16/5 6951/16/5
f 7952/7/5 7953/7/5 6951/7/5
f 6951/7/5 7953/7/5 6894/7/5
f 7953/16/5 6898/16/5 6894/16/5
f 6894/16/5 6898/16/5 6897/16/5
f 7451/16/5 7482/16/5 7449/16/5
f 7449/16/5 7482/16/5 7481/16/5
f 7483/7/5 6852/7/5 7480/7/5
f 7480/7/5 6852/7/5 7519/7/5
f 7520/16/5 6901/16/5 6955/16/5
f 6955/16/5 6901/16/5 7567/16/5
f 6902/16/5 7522/16/5 6903/16/5
f 6903/16/5 7522/16/5 7521/16/5
f 7523/16/5 6905/16/5 6958/16/5
f 6958/16/5 6905/16/5 6904/16/5
f 8056/16/5 6756/16/5 6810/16/5
f 6810/16/5 6756/16/5 6802/16/5
f 6856/16/5 6850/16/5 8057/16/5
f 8057/16/5 6850/16/5 6849/16/5
f 7425/16/5 6759/16/5 8058/16/5
f 8058/16/5 6759/16/5 6758/16/5
f 7485/16/5 6853/16/5 7483/16/5
f 7483/16/5 6853/16/5 6852/16/5
f 6854/16/5 6804/16/5 6855/16/5
f 6855/16/5 6804/16/5 6803/16/5
f 6805/16/5 7487/16/5 6806/16/5
f 6806/16/5 7487/16/5 7486/16/5
f 7488/16/5 6857/16/5 6907/16/5
f 6907/16/5 6857/16/5 8057/16/5
f 6858/16/5 6808/16/5 6859/16/5
f 6859/16/5 6808/16/5 8059/16/5
f 4706/10/6 7525/10/6 2635/10/6
f 2635/10/6 7525/10/6 6910/10/6
f 7850/10/6 7849/10/6 7366/10/6
f 7366/10/6 7849/10/6 7367/10/6
f 7602/10/6 7601/10/6 7004/10/6
f 7004/10/6 7601/10/6 7005/10/6
f 7528/10/6 7527/10/6 6912/10/6
f 6912/10/6 7527/10/6 6913/10/6
f 7630/6/6 7661/6/6 7046/6/6
f 7046/6/6 7661/6/6 7104/6/6
f 7634/10/6 7633/10/6 7050/10/6
f 7050/10/6 7633/10/6 7051/10/6
f 6766/14/6 6765/14/6 7431/14/6
f 7431/14/6 6765/14/6 7428/14/6
f 2644/13/6 2642/13/6 6726/13/6
f 6726/13/6 2642/13/6 6727/13/6
f 6770/14/6 6769/14/6 6815/14/6
f 6815/14/6 6769/14/6 6816/14/6
f 7676/10/6 7855/10/6 7140/10/6
f 7140/10/6 7855/10/6 7372/10/6
f 7858/10/6 7857/10/6 7374/10/6
f 7374/10/6 7857/10/6 7375/10/6
f 7640/10/6 7639/10/6 7056/10/6
f 7056/10/6 7639/10/6 7057/10/6
f 7700/3/6 7699/3/6 7179/3/6
f 7179/3/6 7699/3/6 7180/3/6
f 7704/3/6 7703/3/6 7183/3/6
f 7183/3/6 7703/3/6 7184/3/6
f 7706/3/6 7640/3/6 7592/3/6
f 7592/3/6 7640/3/6 7056/3/6
f 6921/9/6 6920/9/6 7906/9/6
f 7906/9/6 6920/9/6 7971/9/6
f 6996/9/6 6995/9/6 7596/9/6
f 7596/9/6 6995/9/6 7593/9/6
f 7906/8/6 7971/8/6 7536/8/6
f 7536/8/6 7971/8/6 7534/8/6
f 7059/8/6 7058/8/6 7643/8/6
f 7643/8/6 7058/8/6 7642/8/6
f 7009/9/6 7008/9/6 7609/9/6
f 7609/9/6 7008/9/6 7606/9/6
f 6861/9/6 7535/9/6 7496/9/6
f 7496/9/6 7535/9/6 8028/9/6
f 7000/9/6 6999/9/6 7598/9/6
f 7598/9/6 6999/9/6 7597/9/6
f 6964/9/6 6963/9/6 6993/9/6
f 6993/9/6 6963/9/6 6994/9/6
f 7192/3/6 7922/3/6 8060/3/6
f 8060/3/6 7922/3/6 7143/3/6
f 7823/6/6 7822/6/6 7339/6/6
f 7339/6/6 7822/6/6 7340/6/6
f 7194/6/6 7833/6/6 7216/6/6
f 7216/6/6 7833/6/6 7351/6/6
f 7199/3/6 7709/3/6 8061/3/6
f 8061/3/6 7709/3/6 7922/3/6
f 7203/3/6 7717/3/6 7721/3/6
f 7721/3/6 7717/3/6 8061/3/6
f 7870/10/6 7828/10/6 7386/10/6
f 7386/10/6 7828/10/6 7342/10/6
f 7207/3/6 7889/3/6 7725/3/6
f 7725/3/6 7889/3/6 7188/3/6
f 7211/3/6 7198/3/6 7729/3/6
f 7729/3/6 7198/3/6 7718/3/6
f 7215/3/6 7713/3/6 8062/3/6
f 8062/3/6 7713/3/6 8060/3/6
f 7226/3/6 7187/3/6 8063/3/6
f 8063/3/6 7187/3/6 7710/3/6
f 8063/3/6 7210/3/6 7737/3/6
f 7737/3/6 7210/3/6 7730/3/6
f 7738/3/6 7202/3/6 7741/3/6
f 7741/3/6 7202/3/6 7722/3/6
f 8064/3/6 7195/3/6 7230/3/6
f 7230/3/6 7195/3/6 7219/3/6
f 7230/6/6 7218/6/6 7148/6/6
f 7148/6/6 7218/6/6 7222/6/6
f 6826/4/6 6770/4/6 8065/4/6
f 8065/4/6 6770/4/6 6815/4/6
f 8065/4/6 6818/4/6 7459/4/6
f 7459/4/6 6818/4/6 6822/4/6
f 8066/1/6 8064/1/6 7229/1/6
f 7229/1/6 8064/1/6 7230/1/6
f 7831/10/6 7773/10/6 7347/10/6
f 7347/10/6 7773/10/6 7274/10/6
f 7681/3/6 7225/3/6 7685/3/6
f 7685/3/6 7225/3/6 7742/3/6
f 7456/4/6 7455/4/6 6825/4/6
f 6825/4/6 7455/4/6 6770/4/6
f 7685/3/6 7191/3/6 7999/3/6
f 7999/3/6 7191/3/6 7714/3/6
f 7999/3/6 7214/3/6 8067/3/6
f 8067/3/6 7214/3/6 7734/3/6
f 8067/3/6 7733/3/6 8068/3/6
f 8068/3/6 7733/3/6 8062/3/6
f 7460/4/6 6821/4/6 6771/4/6
f 6771/4/6 6821/4/6 6829/4/6
f 8068/3/6 8066/3/6 7680/3/6
f 7680/3/6 8066/3/6 7229/3/6
f 7679/6/6 7678/6/6 7114/6/6
f 7114/6/6 7678/6/6 7151/6/6
f 7745/3/6 7744/3/6 7947/3/6
f 7947/3/6 7744/3/6 7889/3/6
f 7947/3/6 7206/3/6 7684/3/6
f 7684/3/6 7206/3/6 7726/3/6
f 6729/4/6 6728/4/6 7407/4/6
f 7407/4/6 6728/4/6 7406/4/6
f 7145/3/6 7144/3/6 7688/3/6
f 7688/3/6 7144/3/6 7685/3/6
f 2648/4/6 2647/4/6 4723/4/6
f 4723/4/6 2647/4/6 4720/4/6
f 7111/3/6 7110/3/6 7671/3/6
f 7671/3/6 7110/3/6 7668/3/6
f 6830/3/6 6824/3/6 7464/3/6
f 7464/3/6 6824/3/6 7461/3/6
f 7015/6/6 7014/6/6 7066/6/6
f 7066/6/6 7014/6/6 7067/6/6
f 2652/4/6 2651/4/6 6735/4/6
f 6735/4/6 2651/4/6 6773/4/6
f 6933/6/6 6932/6/6 7020/6/6
f 7020/6/6 6932/6/6 7021/6/6
f 7065/3/6 7064/3/6 7116/3/6
f 7116/3/6 7064/3/6 7117/3/6
f 6739/5/6 4811/5/6 6731/5/6
f 6731/5/6 4811/5/6 5229/5/6
f 7288/2/6 8033/2/6 7279/2/6
f 7279/2/6 8033/2/6 7280/2/6
f 7408/5/6 5230/5/6 6734/5/6
f 6734/5/6 5230/5/6 6735/5/6
f 7834/6/6 8036/6/6 7350/6/6
f 7350/6/6 8036/6/6 7748/6/6
f 7750/6/6 7749/6/6 7150/6/6
f 7150/6/6 7749/6/6 7115/6/6
f 7614/10/6 7613/10/6 7024/10/6
f 7024/10/6 7613/10/6 7025/10/6
f 7752/10/6 7751/10/6 7238/10/6
f 7238/10/6 7751/10/6 7239/10/6
f 2655/5/6 2653/5/6 6738/5/6
f 6738/5/6 2653/5/6 4811/5/6
f 7618/8/6 7617/8/6 7028/8/6
f 7028/8/6 7617/8/6 7029/8/6
f 7778/2/6 7777/2/6 7283/2/6
f 7283/2/6 7777/2/6 7284/2/6
f 7620/8/6 7028/8/6 7032/8/6
f 7032/8/6 7028/8/6 7033/8/6
f 7589/15/6 7588/15/6 6968/15/6
f 6968/15/6 7588/15/6 6969/15/6
f 6967/18/6 6966/18/6 7930/18/6
f 7930/18/6 6966/18/6 7993/18/6
f 7930/8/6 7993/8/6 7036/8/6
f 7036/8/6 7993/8/6 7037/8/6
f 7045/8/6 7625/8/6 7040/8/6
f 7040/8/6 7625/8/6 7041/8/6
f 7628/8/6 7627/8/6 7044/8/6
f 7044/8/6 7627/8/6 7045/8/6
f 7781/2/6 7231/2/6 7287/2/6
f 7287/2/6 7231/2/6 8033/2/6
f 7785/2/6 7784/2/6 7291/2/6
f 7291/2/6 7784/2/6 7292/2/6
f 7302/2/6 7788/2/6 7240/2/6
f 7240/2/6 7788/2/6 7295/2/6
f 7756/2/6 7790/2/6 7244/2/6
f 7244/2/6 7790/2/6 7298/2/6
f 7794/2/6 7793/2/6 7301/2/6
f 7301/2/6 7793/2/6 7302/2/6
f 7755/2/6 7754/2/6 7242/2/6
f 7242/2/6 7754/2/6 7243/2/6
f 7241/2/6 7240/2/6 7759/2/6
f 7759/2/6 7240/2/6 7756/2/6
f 7758/2/6 7757/2/6 7246/2/6
f 7246/2/6 7757/2/6 7247/2/6
f 7245/2/6 7244/2/6 7305/2/6
f 7305/2/6 7244/2/6 7306/2/6
f 7762/16/6 7761/16/6 7691/16/6
f 7691/16/6 7761/16/6 7689/16/6
f 7153/7/6 7152/7/6 7250/7/6
f 7250/7/6 7152/7/6 7251/7/6
f 7119/16/6 7690/16/6 7673/16/6
f 7673/16/6 7690/16/6 7155/16/6
f 7078/16/6 7672/16/6 7124/16/6
f 7124/16/6 7672/16/6 7125/16/6
f 7123/16/6 7122/16/6 7158/16/6
f 7158/16/6 7122/16/6 7159/16/6
f 7157/16/6 7156/16/6 7160/16/6
f 7160/16/6 7156/16/6 7254/16/6
f 7802/16/6 7801/16/6 7651/16/6
f 7651/16/6 7801/16/6 7121/16/6
f 7650/16/6 7649/16/6 7080/16/6
f 7080/16/6 7649/16/6 7081/16/6
f 7079/7/6 7078/7/6 7654/7/6
f 7654/7/6 7078/7/6 7124/7/6
f 7083/16/6 7082/16/6 7086/16/6
f 7086/16/6 7082/16/6 7128/16/6
f 7161/16/6 7160/16/6 7162/16/6
f 7162/16/6 7160/16/6 7257/16/6
f 7805/16/6 7804/16/6 7068/16/6
f 7068/16/6 7804/16/6 7650/16/6
f 7068/7/6 7650/7/6 7644/7/6
f 7644/7/6 7650/7/6 7080/7/6
f 7644/16/6 7080/16/6 7072/16/6
f 7072/16/6 7080/16/6 7653/16/6
f 7093/16/6 7084/16/6 7088/16/6
f 7088/16/6 7084/16/6 7089/16/6
f 7087/16/6 7086/16/6 7131/16/6
f 7131/16/6 7086/16/6 7132/16/6
f 7841/16/6 7840/16/6 7070/16/6
f 7070/16/6 7840/16/6 7071/16/6
f 7646/16/6 7645/16/6 7074/16/6
f 7074/16/6 7645/16/6 7075/16/6
f 7091/16/6 7090/16/6 7098/16/6
f 7098/16/6 7090/16/6 7087/16/6
f 7134/16/6 7133/16/6 7165/16/6
f 7165/16/6 7133/16/6 7130/16/6
f 7164/16/6 7163/16/6 7260/16/6
f 7260/16/6 7163/16/6 7261/16/6
f 7656/16/6 7068/16/6 7096/16/6
f 7096/16/6 7068/16/6 7644/16/6
f 7095/16/6 7094/16/6 7659/16/6
f 7659/16/6 7094/16/6 7657/16/6
f 7658/16/6 7652/16/6 8069/16/6
f 8069/16/6 7652/16/6 7085/16/6
f 8069/16/6 7092/16/6 7100/16/6
f 7100/16/6 7092/16/6 7101/16/6
f 7167/16/6 7166/16/6 7264/16/6
f 7264/16/6 7166/16/6 7164/16/6
f 7766/16/6 7808/16/6 7138/16/6
f 7138/16/6 7808/16/6 7655/16/6
f 7137/7/6 7136/7/6 8070/7/6
f 8070/7/6 7136/7/6 7899/7/6
f 7675/16/6 7659/16/6 7267/16/6
f 7267/16/6 7659/16/6 7268/16/6
f 7266/16/6 7265/16/6 7330/16/6
f 7330/16/6 7265/16/6 7923/16/6
f 7769/16/6 7768/16/6 7271/16/6
f 7271/16/6 7768/16/6 7272/16/6
f 7692/16/6 7137/16/6 8071/16/6
f 8071/16/6 7137/16/6 8070/16/6
f 8071/16/6 7899/16/6 7170/16/6
f 7170/16/6 7899/16/6 7674/16/6
f 5134/16/6 7433/16/6 4732/16/6
f 4732/16/6 7433/16/6 4730/16/6
f 6741/16/6 6740/16/6 6780/16/6
f 6780/16/6 6740/16/6 6781/16/6
f 6779/16/6 6778/16/6 6835/16/6
f 6835/16/6 6778/16/6 6836/16/6
f 4737/16/6 7411/16/6 4736/16/6
f 4736/16/6 7411/16/6 4733/16/6
f 8005/16/6 7505/16/6 6872/16/6
f 6872/16/6 7505/16/6 6873/16/6
f 7413/2/6 7438/2/6 6744/2/6
f 6744/2/6 7438/2/6 6786/2/6
f 7416/16/6 7470/16/6 7412/16/6
f 7412/16/6 7470/16/6 8004/16/6
f 6783/16/6 6782/16/6 6787/16/6
f 6787/16/6 6782/16/6 6839/16/6
f 4745/13/6 7414/13/6 2673/13/6
f 2673/13/6 7414/13/6 6746/13/6
f 2671/16/6 5268/16/6 2675/16/6
f 2675/16/6 5268/16/6 6749/16/6
f 2674/2/6 2673/2/6 4748/2/6
f 4748/2/6 2673/2/6 4744/2/6
f 6791/16/6 6787/16/6 6792/16/6
f 6792/16/6 6787/16/6 6845/16/6
f 2679/13/6 2674/13/6 7904/13/6
f 7904/13/6 2674/13/6 8072/13/6
f 7904/2/6 8072/2/6 4751/2/6
f 4751/2/6 8072/2/6 4748/2/6
f 6751/16/6 6750/16/6 6794/16/6
f 6794/16/6 6750/16/6 6748/16/6
f 4754/13/6 4750/13/6 2684/13/6
f 2684/13/6 4750/13/6 2679/13/6
f 7421/16/6 4753/16/6 4759/16/6
f 4759/16/6 4753/16/6 4758/16/6
f 6801/16/6 6800/16/6 6899/16/6
f 6899/16/6 6800/16/6 6799/16/6
f 7450/16/6 7448/16/6 8058/16/6
f 8058/16/6 7448/16/6 7423/16/6
f 2691/16/6 2690/16/6 6757/16/6
f 6757/16/6 2690/16/6 2689/16/6
f 8059/16/6 6807/16/6 6851/16/6
f 6851/16/6 6807/16/6 6801/16/6
f 7424/16/6 4763/16/6 6760/16/6
f 6760/16/6 4763/16/6 6761/16/6
f 7484/16/6 7482/16/6 6854/16/6
f 6854/16/6 7482/16/6 6855/16/6
f 6759/16/6 6758/16/6 6805/16/6
f 6805/16/6 6758/16/6 6806/16/6
f 7427/16/6 7426/16/6 6764/16/6
f 6764/16/6 7426/16/6 5012/16/6
f 6763/16/6 6762/16/6 6809/16/6
f 6809/16/6 6762/16/6 8056/16/6
