# Vengi binary mesh normalized for Tanks of Freedom II

mtllib ../../materials/vox_grass.mtl
o farm_1_damaged

v 3.8 0.2 3.9
v 3.7 0.2 3.9
v 3.7 0.2 4
v 3.8 0.2 4
v 3.8 0.5 3.9
v 3.6 0.5 3.9
v 3.6 0.5 4
v 3.8 0.5 4
v 3.5 0.5 3.9
v 3.3 0.5 3.9
v 3.3 0.5 4
v 3.5 0.5 4
v 3.1 0.1 3.9
v 3 0.1 3.9
v 3 0.1 4
v 3.1 0.1 4
v 3.2 0.5 3.9
v 3 0.5 3.9
v 3 0.5 4
v 3.2 0.5 4
v 2.9 0.2 3.9
v 2.8 0.2 3.9
v 2.8 0.2 4
v 2.9 0.2 4
v 2.9 0.5 3.9
v 2.7 0.5 3.9
v 2.7 0.5 4
v 2.9 0.5 4
v 2.6 0.2 3.9
v 2.5 0.2 3.9
v 2.5 0.2 4
v 2.6 0.2 4
v 2.6 0.5 3.9
v 2.4 0.5 3.9
v 2.4 0.5 4
v 2.6 0.5 4
v 2.3 0.2 3.9
v 2.2 0.2 3.9
v 2.2 0.2 4
v 2.3 0.2 4
v 2.3 0.5 3.9
v 2.1 0.5 3.9
v 2.1 0.5 4
v 2.3 0.5 4
v 2 0.2 3.9
v 1.9 0.2 3.9
v 1.9 0.2 4
v 2 0.2 4
v 2 0.5 3.9
v 1.8 0.5 3.9
v 1.8 0.5 4
v 2 0.5 4
v 1.7 0.3 3.9
v 1.6 0.3 3.9
v 1.6 0.3 4
v 1.7 0.3 4
v 1.7 0.1 3.9
v 1.5 0.1 3.9
v 1.5 0.1 4
v 1.7 0.1 4
v 1.7 0.5 3.9
v 1.5 0.5 3.9
v 1.5 0.5 4
v 1.7 0.5 4
v 1.3 0.3 3.9
v 1.2 0.3 3.9
v 1.2 0.3 4
v 1.3 0.3 4
v 1.4 0.5 3.9
v 1.2 0.5 3.9
v 1.2 0.5 4
v 1.4 0.5 4
v 1.1 0.1 3.9
v 1 0.1 3.9
v 1 0.1 4
v 1.1 0.1 4
v 1.1 0.5 3.9
v 0.9 0.5 3.9
v 0.9 0.5 4
v 1.1 0.5 4
v 0.8 0.1 3.9
v 0.7 0.1 3.9
v 0.7 0.1 4
v 0.8 0.1 4
v 0.7 0.3 3.9
v 0.6 0.3 3.9
v 0.6 0.3 4
v 0.7 0.3 4
v 0.8 0.5 3.9
v 0.6 0.5 3.9
v 0.6 0.5 4
v 0.8 0.5 4
v 0.5 0.5 3.9
v 0.3 0.5 3.9
v 0.3 0.5 4
v 0.5 0.5 4
v 0.2 0.1 3.9
v 0.1 0.1 3.9
v 0.1 0.1 4
v 0.2 0.1 4
v 0.2 0.5 3.9
v 0 0.5 3.9
v 0 0.5 4
v 0.2 0.5 4
v 4 0.2 3.8
v 3.9 0.2 3.8
v 3.9 0.2 3.9
v 4 0.2 3.9
v 4 0.5 3.8
v 3.9 0.5 3.8
v 3.9 0.5 4
v 4 0.5 4
v 3.8 0.3 3.8
v 1.5 0.3 3.8
v 1.5 0.3 3.9
v 3.8 0.3 3.9
v 1.4 0.3 3.8
v 0.1 0.3 3.8
v 0.1 0.3 3.9
v 1.4 0.3 3.9
v 0.1 0.5 3.8
v 0 0.5 3.8
v 0.1 0.5 3.9
v -0.7 1.2 3.7
v -0.8 1.2 3.7
v -0.8 1.2 3.8
v -0.7 1.2 3.8
v -0.8 1.4 3.7
v -0.9 1.4 3.7
v -0.9 1.4 3.8
v -0.8 1.4 3.8
v -0.9 1.2 3.7
v -1 1.2 3.7
v -1 1.2 3.8
v -0.9 1.2 3.8
v 4 0.1 3.6
v 3.9 0.1 3.6
v 3.9 0.1 3.7
v 4 0.1 3.7
v 1.6 0.7 3.6
v 1.5 0.7 3.6
v 1.5 0.7 3.7
v 1.6 0.7 3.7
v -0.5 1 3.6
v -0.6 1 3.6
v -0.6 1 3.7
v -0.5 1 3.7
v -0.5 1.2 3.6
v -0.6 1.2 3.6
v -0.6 1.2 3.7
v -0.5 1.2 3.7
v -0.6 1.5 3.6
v -0.7 1.5 3.6
v -0.7 1.5 3.7
v -0.6 1.5 3.7
v -0.8 1.5 3.6
v -0.8 1.5 3.7
v -1 1.5 3.6
v -1 1.5 3.7
v -1 1.3 3.6
v -1.1 1.3 3.6
v -1.1 1.3 3.7
v -1 1.3 3.7
v 4 0.5 3.5
v 3.9 0.5 3.5
v 3.9 0.5 3.7
v 4 0.5 3.7
v 3.3 0.4 3.5
v 3.2 0.4 3.5
v 3.2 0.4 3.6
v 3.3 0.4 3.6
v 1.6 0.8 3.5
v 1.5 0.8 3.5
v 1.5 0.8 3.6
v 1.6 0.8 3.6
v 1.4 0.8 3.5
v 1.3 0.8 3.5
v 1.3 0.8 3.6
v 1.4 0.8 3.6
v 0.1 0.5 3.5
v 0 0.5 3.5
v 0 0.5 3.7
v 0.1 0.5 3.7
v -0.4 1.1 3.5
v -0.5 1.1 3.5
v -0.5 1.1 3.6
v -0.4 1.1 3.6
v -0.4 1.3 3.5
v -0.5 1.3 3.5
v -0.5 1.3 3.6
v -0.4 1.3 3.6
v -0.6 1.6 3.5
v -0.7 1.6 3.5
v -0.7 1.6 3.6
v -0.6 1.6 3.6
v -0.8 1.6 3.5
v -0.9 1.6 3.5
v -0.9 1.6 3.6
v -0.8 1.6 3.6
v -0.9 1.7 3.5
v -1 1.7 3.5
v -1 1.7 3.6
v -0.9 1.7 3.6
v -1 1.6 3.5
v -1.1 1.6 3.5
v -1.1 1.6 3.6
v -1 1.6 3.6
v -1.1 0.9 3.5
v -1.2 0.9 3.5
v -1.2 0.9 3.6
v -1.1 0.9 3.6
v -1.1 1.1 3.5
v -1.2 1.1 3.5
v -1.2 1.1 3.6
v -1.1 1.1 3.6
v 3.3 0.4 3.4
v 3.2 0.4 3.4
v 3.2 0.3 3.4
v 3.1 0.3 3.4
v 3.1 0.3 3.5
v 3.2 0.3 3.5
v 1.5 0.8 3.4
v 1.4 0.8 3.4
v 1.4 0.8 3.7
v 1.5 0.8 3.7
v 1.4 0.7 3.4
v 1.3 0.7 3.4
v 1.3 0.7 3.5
v 1.4 0.7 3.5
v 1.3 0.6 3.4
v 1.2 0.6 3.4
v 1.2 0.6 3.5
v 1.3 0.6 3.5
v -0.3 1 3.4
v -0.4 1 3.4
v -0.4 1 3.5
v -0.3 1 3.5
v -0.3 1.4 3.4
v -0.4 1.4 3.4
v -0.4 1.4 3.5
v -0.3 1.4 3.5
v -0.4 1.6 3.4
v -0.5 1.6 3.4
v -0.5 1.6 3.5
v -0.4 1.6 3.5
v -0.5 1.7 3.4
v -0.6 1.7 3.4
v -0.6 1.7 3.6
v -0.5 1.7 3.6
v -0.7 1.7 3.4
v -0.7 1.7 3.5
v -0.6 1.7 3.5
v -0.7 0.1 3.4
v -0.8 0.1 3.4
v -0.8 0.1 3.5
v -0.7 0.1 3.5
v -0.8 1.7 3.4
v -0.8 1.7 3.6
v -0.7 1.7 3.6
v -0.8 1.8 3.4
v -1 1.8 3.4
v -1 1.8 3.5
v -0.8 1.8 3.5
v -1 1.7 3.4
v -1.1 1.7 3.4
v -1.1 1.7 3.5
v -1.2 1.5 3.4
v -1.3 1.5 3.4
v -1.3 1.5 3.5
v -1.2 1.5 3.5
v 4 0.2 3.3
v 3.9 0.2 3.3
v 3.9 0.2 3.4
v 4 0.2 3.4
v 4 0.5 3.3
v 3.9 0.5 3.3
v 3.9 0.5 3.4
v 4 0.5 3.4
v 3.5 0.4 3.3
v 3.4 0.4 3.3
v 3.4 0.4 3.4
v 3.5 0.4 3.4
v 3.3 0.1 3.3
v 3.2 0.1 3.3
v 3.2 0.1 3.4
v 3.3 0.1 3.4
v 3.3 0.3 3.3
v 3.2 0.3 3.3
v 3.3 0.3 3.4
v 3.2 0.4 3.3
v 3.1 0.4 3.3
v 3.1 0.4 3.4
v 2.1 0.4 3.3
v 2 0.4 3.3
v 2 0.4 3.4
v 2.1 0.4 3.4
v 1.4 0.6 3.3
v 1.3 0.6 3.3
v 1.4 0.6 3.4
v 1.2 0.5 3.3
v 1.1 0.5 3.3
v 1.1 0.5 3.4
v 1.2 0.5 3.4
v 1.1 0.1 3.3
v 1 0.1 3.3
v 1 0.1 3.4
v 1.1 0.1 3.4
v 0.9 0.6 3.3
v 0.8 0.6 3.3
v 0.8 0.6 3.4
v 0.9 0.6 3.4
v -0.3 1.1 3.3
v -0.4 1.1 3.3
v -0.4 1.1 3.4
v -0.3 1.1 3.4
v -0.3 1.5 3.3
v -0.5 1.5 3.3
v -0.5 1.5 3.4
v -0.3 1.5 3.4
v -0.5 1.6 3.3
v -0.6 1.6 3.3
v -0.6 1.6 3.4
v -0.6 0.1 3.3
v -0.7 0.1 3.3
v -0.6 0.1 3.4
v -0.7 0.3 3.3
v -0.8 0.3 3.3
v -0.8 0.3 3.4
v -0.7 0.3 3.4
v -0.7 1.8 3.3
v -0.8 1.8 3.3
v -0.7 1.8 3.4
v -0.8 0.1 3.3
v -0.9 0.1 3.3
v -0.9 0.1 3.5
v -0.8 0.4 3.3
v -0.9 0.4 3.3
v -0.9 0.4 3.4
v -0.8 0.4 3.4
v -0.8 1.7 3.3
v -0.9 1.7 3.3
v -0.9 1.7 3.4
v -1 1.7 3.3
v -1.1 0.1 3.3
v -1.1 0.1 3.4
v -0.9 0.1 3.4
v -1 1.6 3.3
v -1.1 1.6 3.3
v -1.1 1.6 3.4
v -1 1.6 3.4
v -1.2 1.1 3.3
v -1.3 1.1 3.3
v -1.3 1.1 3.4
v -1.2 1.1 3.4
v -1.2 1.4 3.3
v -1.3 1.4 3.3
v -1.3 1.4 3.4
v -1.2 1.4 3.4
v 4 0.4 3.2
v 3.9 0.4 3.2
v 3.9 0.4 3.3
v 4 0.4 3.3
v 3.4 0.1 3.2
v 3.3 0.1 3.2
v 3.4 0.1 3.3
v 3.3 0.4 3.2
v 3.2 0.4 3.2
v 3.3 0.4 3.3
v 3.2 0.3 3.2
v 3.1 0.3 3.2
v 3.1 0.3 3.3
v 3.1 0.1 3.2
v 3 0.1 3.2
v 3 0.1 3.3
v 3.1 0.1 3.3
v 3 0.3 3.2
v 3 0.3 3.3
v 3 0.4 3.2
v 2.9 0.4 3.2
v 2.9 0.4 3.3
v 3 0.4 3.3
v 2.2 0.4 3.2
v 2.1 0.4 3.2
v 2.2 0.4 3.3
v 2.1 0.3 3.2
v 2 0.3 3.2
v 2 0.3 3.3
v 2.1 0.3 3.3
v 2 0.4 3.2
v 1.9 0.4 3.2
v 1.9 0.4 3.3
v 1.3 0.5 3.2
v 1.2 0.5 3.2
v 1.3 0.5 3.4
v 1.1 0.2 3.2
v 1 0.2 3.2
v 1 0.2 3.3
v 1.1 0.2 3.3
v 1.1 0.4 3.2
v 1 0.4 3.2
v 1 0.4 3.3
v 1.1 0.4 3.3
v 1 0.5 3.2
v 0.9 0.5 3.2
v 0.9 0.5 3.3
v 1 0.5 3.3
v 0.8 0.8 3.2
v 0.7 0.8 3.2
v 0.7 0.8 3.3
v 0.8 0.8 3.3
v 0.6 0.9 3.2
v 0.5 0.9 3.2
v 0.5 0.9 3.3
v 0.6 0.9 3.3
v 0.5 0.6 3.2
v 0.4 0.6 3.2
v 0.4 0.6 3.3
v 0.5 0.6 3.3
v 0.5 0.8 3.2
v 0.4 0.8 3.2
v 0.4 0.8 3.3
v 0.5 0.8 3.3
v 0.1 0.5 3.2
v 0 0.5 3.2
v 0 0.5 3.4
v 0.1 0.5 3.4
v -0.3 1 3.2
v -0.4 1 3.2
v -0.4 1 3.3
v -0.3 1 3.3
v -0.3 1.4 3.2
v -0.4 1.4 3.2
v -0.4 1.4 3.3
v -0.3 1.4 3.3
v -0.4 1.6 3.2
v -0.6 1.6 3.2
v -0.4 1.6 3.3
v -0.6 0.1 3.2
v -0.7 0.1 3.2
v -0.7 1.7 3.2
v -0.8 1.7 3.2
v -0.7 1.7 3.3
v -0.9 0.1 3.2
v -1 0.1 3.2
v -1 0.1 3.3
v -0.9 1.8 3.2
v -1 1.8 3.2
v -1 1.8 3.3
v -0.9 1.8 3.3
v -1 1.6 3.2
v -1.1 1.6 3.2
v -1.2 1.2 3.2
v -1.3 1.2 3.2
v -1.3 1.2 3.3
v -1.2 1.2 3.3
v 3.5 0.3 3.1
v 3.4 0.3 3.1
v 3.4 0.3 3.3
v 3.5 0.3 3.3
v 3.3 0.3 3.1
v 3.3 0.3 3.2
v 3.4 0.3 3.2
v 3.4 0.7 3.1
v 3.3 0.7 3.1
v 3.3 0.7 3.2
v 3.4 0.7 3.2
v 3.2 0.3 3.1
v 3.3 0.6 3.1
v 3.2 0.6 3.1
v 3.2 0.6 3.2
v 3.3 0.6 3.2
v 3.2 0.5 3.1
v 3.1 0.5 3.1
v 3.1 0.5 3.2
v 3.2 0.5 3.2
v 3.1 0.2 3.1
v 3 0.2 3.1
v 3 0.2 3.2
v 3.1 0.2 3.2
v 3 0.3 3.1
v 2.9 0.3 3.1
v 2.9 0.3 3.2
v 2.9 0.4 3.1
v 2.8 0.4 3.1
v 2.8 0.4 3.2
v 2.2 0.1 3.1
v 2.1 0.1 3.1
v 2.1 0.1 3.2
v 2.2 0.1 3.2
v 2.2 0.3 3.1
v 2.1 0.3 3.1
v 2.2 0.3 3.2
v 2.1 0.2 3.1
v 2 0.2 3.1
v 2 0.2 3.2
v 2.1 0.2 3.2
v 2 0.3 3.1
v 1.9 0.3 3.1
v 1.9 0.3 3.2
v 1.9 0.4 3.1
v 1.8 0.4 3.1
v 1.8 0.4 3.2
v 1.2 0.3 3.1
v 1.1 0.3 3.1
v 1.1 0.3 3.3
v 1.2 0.3 3.3
v 1 0.3 3.1
v 1 0.3 3.2
v 1.1 0.3 3.2
v 1 0.1 3.1
v 0.9 0.1 3.1
v 0.9 0.1 3.3
v 1 0.6 3.1
v 0.9 0.6 3.1
v 0.9 0.6 3.2
v 1 0.6 3.2
v 0.9 0.8 3.1
v 0.8 0.8 3.1
v 0.9 0.8 3.3
v 0.8 0.9 3.1
v 0.7 0.9 3.1
v 0.7 0.9 3.2
v 0.8 0.9 3.2
v 0.6 0.9 3.1
v 0.7 0.9 3.3
v 0.6 0.8 3.1
v 0.5 0.8 3.1
v 0.6 0.8 3.2
v 0.5 0.7 3.1
v 0.4 0.7 3.1
v 0.4 0.7 3.2
v 0.5 0.7 3.2
v -0.5 0.1 3.1
v -0.6 0.1 3.1
v -0.5 0.1 3.3
v -0.5 1.6 3.1
v -0.6 1.6 3.1
v -0.5 1.6 3.2
v -0.6 1.7 3.1
v -0.7 1.7 3.1
v -0.8 1.7 3.1
v -0.8 0.1 3.1
v -0.9 0.1 3.1
v -0.8 0.1 3.2
v -0.8 1.8 3.1
v -0.9 1.8 3.1
v -0.9 1.7 3.1
v -1.1 1.7 3.1
v -1.1 1.7 3.2
v -0.9 1.7 3.2
v -1.1 1.5 3.1
v -1.2 1.5 3.1
v -1.2 1.5 3.6
v -1.1 1.5 3.6
v -1.2 1.3 3.1
v -1.3 1.3 3.1
v -1.3 1.3 3.2
v -1.2 1.3 3.2
v 3.6 0.4 3
v 3.4 0.4 3
v 3.4 0.4 3.1
v 3.6 0.4 3.1
v 3.3 0.3 3
v 3.2 0.3 3
v 3.3 0.1 3
v 3.1 0.1 3
v 3.1 0.1 3.1
v 3.3 0.1 3.1
v 3.2 0.4 3
v 3.1 0.4 3
v 3.1 0.4 3.1
v 3.2 0.4 3.1
v 3.1 0.3 3
v 3 0.3 3
v 3.1 0.3 3.1
v 3 0.4 3
v 2.9 0.4 3
v 3 0.4 3.1
v 2.4 0.3 3
v 2.3 0.3 3
v 2.3 0.3 3.1
v 2.4 0.3 3.1
v 2.3 0.4 3
v 2.2 0.4 3
v 2.2 0.4 3.1
v 2.3 0.4 3.1
v 2.2 0.3 3
v 2.1 0.3 3
v 2.1 0.5 3
v 2 0.5 3
v 2 0.5 3.1
v 2.1 0.5 3.1
v 2 0.4 3
v 1.9 0.4 3
v 2 0.4 3.1
v 1.3 0.1 3
v 1.2 0.1 3
v 1.2 0.1 3.3
v 1.3 0.1 3.3
v 1.3 0.5 3
v 1.2 0.5 3
v 1.2 0.5 3.1
v 1.3 0.5 3.1
v 1.2 0.2 3
v 1.1 0.2 3
v 1.1 0.2 3.1
v 1.2 0.2 3.1
v 1.2 0.6 3
v 1.1 0.6 3
v 1.1 0.6 3.1
v 1.2 0.6 3.1
v 1.1 0.1 3
v 1 0.1 3
v 1.1 0.1 3.1
v 1.1 0.3 3
v 1 0.3 3
v 1.1 0.5 3
v 1 0.5 3
v 1 0.5 3.1
v 1.1 0.5 3.1
v 0.9 0.7 3
v 0.8 0.7 3
v 0.8 0.7 3.1
v 0.9 0.7 3.1
v -0.4 1.5 3
v -0.5 1.5 3
v -0.5 1.5 3.2
v -0.4 1.5 3.2
v -0.5 1.6 3
v -0.6 1.6 3
v -0.7 0.1 3
v -0.8 0.1 3
v -0.8 1.6 3
v -0.8 1.6 3.1
v -0.9 0.1 3
v -0.8 1.7 3
v -0.9 1.7 3
v -0.9 1.6 3
v -1.1 1.6 3
v -1.1 1.6 3.1
v -0.9 1.6 3.1
v -1.1 1.2 3
v -1.2 1.2 3
v -1.2 1.2 3.1
v -1.1 1.2 3.1
v 4 0.1 2.9
v 3.9 0.1 2.9
v 3.9 0.1 3
v 4 0.1 3
v 4 0.3 2.9
v 3.9 0.3 2.9
v 3.9 0.3 3
v 4 0.3 3
v 4 0.5 2.9
v 3.9 0.5 2.9
v 3.9 0.5 3.1
v 4 0.5 3.1
v 3.1 0.4 2.9
v 3 0.4 2.9
v 2.5 0.4 2.9
v 2.4 0.4 2.9
v 2.4 0.4 3
v 2.5 0.4 3
v 2.3 0.4 2.9
v 2.3 0.1 2.9
v 2.2 0.1 2.9
v 2.2 0.1 3
v 2.3 0.1 3
v 2.3 0.3 2.9
v 2.2 0.3 2.9
v 2.2 0.4 2.9
v 2.1 0.4 2.9
v 2.1 0.4 3
v 2.1 0.3 2.9
v 2 0.3 2.9
v 2 0.3 3
v 2.1 0.6 2.9
v 2 0.6 2.9
v 2 0.6 3
v 2.1 0.6 3
v 2 0.1 2.9
v 1.9 0.1 2.9
v 1.9 0.1 3.1
v 2 0.1 3.1
v 1.9 0.3 2.9
v 1.9 0.3 3
v 1.9 0.4 2.9
v 1.7 0.4 2.9
v 1.7 0.4 3
v 1.3 0.7 2.9
v 1.2 0.7 2.9
v 1.2 0.7 3
v 1.3 0.7 3
v 0.1 0.5 2.9
v 0 0.5 2.9
v 0 0.5 3.1
v 0.1 0.5 3.1
v -0.5 1.1 2.9
v -0.6 1.1 2.9
v -0.6 1.1 3
v -0.5 1.1 3
v -0.5 1.4 2.9
v -0.6 1.4 2.9
v -0.6 1.4 3
v -0.5 1.4 3
v -0.6 1.5 2.9
v -0.7 1.5 2.9
v -0.7 1.5 3
v -0.6 1.5 3
v -0.7 1.6 2.9
v -0.8 1.6 2.9
v -0.7 1.6 3
v -0.8 1.5 2.9
v -0.9 1.5 2.9
v -0.9 1.5 3
v -0.8 1.5 3
v -1 1.5 2.9
v -1 1.5 3
v -1 0.9 2.9
v -1.1 0.9 2.9
v -1.1 0.9 3
v -1 0.9 3
v -1 1.1 2.9
v -1.1 1.1 2.9
v -1.1 1.1 3
v -1 1.1 3
v 3.3 0.4 2.8
v 3.2 0.4 2.8
v 3.3 0.4 3
v 2.2 0.1 2.8
v 2.1 0.1 2.8
v 2.1 0.1 2.9
v 2.1 0.7 2.8
v 2 0.7 2.8
v 2 0.7 2.9
v 2.1 0.7 2.9
v 1.2 0.8 2.8
v 1.1 0.8 2.8
v 1.1 0.8 2.9
v 1.2 0.8 2.9
v -0.6 1.3 2.8
v -0.7 1.3 2.8
v -0.7 1.3 2.9
v -0.6 1.3 2.9
v -0.7 1 2.8
v -0.8 1 2.8
v -0.8 1 2.9
v -0.7 1 2.9
v -0.7 1.5 2.8
v -0.8 1.5 2.8
v -0.8 1.3 2.8
v -0.9 1.3 2.8
v -0.9 1.3 2.9
v -0.8 1.3 2.9
v -0.9 1 2.8
v -1 1 2.8
v -1 1 2.9
v -0.9 1 2.9
v -0.9 1.2 2.8
v -1 1.2 2.8
v -1 1.2 2.9
v -0.9 1.2 2.9
v 2.3 0.4 2.7
v 2.2 0.4 2.7
v 2.2 0.4 2.8
v 2.3 0.4 2.8
v 2.2 0.3 2.7
v 2.1 0.3 2.7
v 2.1 0.3 2.8
v 2.2 0.3 2.8
v 2 0.3 2.7
v 4 0.5 2.6
v 3.9 0.5 2.6
v 3.9 0.5 2.8
v 4 0.5 2.8
v 2 0.4 2.6
v 1.9 0.4 2.6
v 1.9 0.4 2.8
v 2 0.4 2.8
v 0.1 0.5 2.6
v 0 0.5 2.6
v 0 0.5 2.8
v 0.1 0.5 2.8
v 4 0.5 2.4
v 3.9 0.5 2.4
v 3.9 0.5 2.5
v 4 0.5 2.5
v 3.1 0.3 2.4
v 3 0.3 2.4
v 3 0.3 2.5
v 3.1 0.3 2.5
v 3 0.1 2.4
v 2.9 0.1 2.4
v 2.9 0.1 2.5
v 3 0.1 2.5
v 1.2 0.3 2.4
v 1.1 0.3 2.4
v 1.1 0.3 2.5
v 1.2 0.3 2.5
v 1.1 0.2 2.4
v 1 0.2 2.4
v 1 0.2 2.5
v 1.1 0.2 2.5
v 4 0.4 2.3
v 3.9 0.4 2.3
v 3.9 0.4 2.4
v 4 0.4 2.4
v 3.2 0.1 2.3
v 3.1 0.1 2.3
v 3.1 0.1 2.4
v 3.2 0.1 2.4
v 3.2 0.4 2.3
v 2.9 0.4 2.3
v 2.9 0.4 2.4
v 3.2 0.4 2.4
v 2.9 0.1 2.3
v 2.8 0.1 2.3
v 2.8 0.1 2.4
v 2.9 0.3 2.3
v 2.8 0.3 2.3
v 2.8 0.3 2.4
v 2.9 0.3 2.4
v 2.7 0.1 2.3
v 2.7 0.1 2.4
v 1.3 0.2 2.3
v 1.2 0.2 2.3
v 1.2 0.2 2.4
v 1.3 0.2 2.4
v 1.3 0.4 2.3
v 1.2 0.4 2.3
v 1.2 0.4 2.4
v 1.3 0.4 2.4
v 1.2 0.5 2.3
v 1.1 0.5 2.3
v 1.1 0.5 2.4
v 1.2 0.5 2.4
v 1.1 0.4 2.3
v 1 0.4 2.3
v 1 0.4 2.4
v 1.1 0.4 2.4
v 1 0.1 2.3
v 0.9 0.1 2.3
v 0.9 0.1 2.4
v 1 0.1 2.4
v 1 0.3 2.3
v 0.9 0.3 2.3
v 0.9 0.3 2.4
v 1 0.3 2.4
v 0.2 0.3 2.3
v 0.1 0.3 2.3
v 0.2 0.3 3.8
v 0.1 0.5 2.3
v 0 0.5 2.3
v 0 0.5 2.5
v 0.1 0.5 2.5
v 3.3 0.2 2.2
v 3.2 0.2 2.2
v 3.2 0.2 2.3
v 3.3 0.2 2.3
v 3.3 0.5 2.2
v 3.2 0.5 2.2
v 3.2 0.5 2.3
v 3.3 0.5 2.3
v 3.1 0.5 2.2
v 3.1 0.5 2.3
v 3 0.5 2.2
v 3 0.5 2.3
v 3 0.6 2.2
v 2.9 0.6 2.2
v 2.9 0.6 2.3
v 3 0.6 2.3
v 1.4 0.1 2.2
v 1.3 0.1 2.2
v 1.3 0.1 2.3
v 1.4 0.1 2.3
v 1.3 0.5 2.2
v 1.2 0.5 2.2
v 1.3 0.5 2.3
v 1.1 0.5 2.2
v 1 0.5 2.2
v 1 0.5 2.3
v 0.9 0.5 2.2
v 0.9 0.5 2.3
v 0.9 0.2 2.2
v 0.8 0.2 2.2
v 0.8 0.2 2.3
v 0.9 0.2 2.3
v 0.9 0.4 2.2
v 0.8 0.4 2.2
v 0.8 0.4 2.3
v 0.9 0.4 2.3
v 4 0.2 2.1
v 3.9 0.2 2.1
v 3.9 0.2 2.2
v 4 0.2 2.2
v 3.4 0.1 2.1
v 3.3 0.1 2.1
v 3.3 0.1 2.2
v 3.4 0.1 2.2
v 3.4 0.3 2.1
v 3.3 0.3 2.1
v 3.3 0.3 2.2
v 3.4 0.3 2.2
v 3.3 0.4 2.1
v 3.2 0.4 2.1
v 3.2 0.4 2.2
v 3.3 0.4 2.2
v 3.2 0.5 2.1
v 3.1 0.5 2.1
v 3.1 0.6 2.1
v 3 0.6 2.1
v 3.1 0.6 2.2
v 3 0.7 2.1
v 2.9 0.7 2.1
v 2.9 0.7 2.2
v 3 0.7 2.2
v 2.9 0.5 2.1
v 2.8 0.5 2.1
v 2.8 0.5 2.4
v 2.9 0.5 2.4
v 2.8 0.4 2.1
v 2.7 0.4 2.1
v 2.7 0.4 2.3
v 2.8 0.4 2.3
v 2.6 0.4 2.1
v 2.6 0.4 2.2
v 2.7 0.4 2.2
v 1.5 0.3 2.1
v 1.4 0.3 2.1
v 1.4 0.3 2.2
v 1.5 0.3 2.2
v 1.4 0.5 2.1
v 1.3 0.5 2.1
v 1.4 0.5 2.2
v 1.3 0.6 2.1
v 1.2 0.6 2.1
v 1.2 0.6 2.2
v 1.3 0.6 2.2
v 1.1 0.6 2.1
v 1.1 0.6 2.3
v 1.2 0.6 2.3
v 1 0.6 2.1
v 1 0.6 2.2
v 1.1 0.6 2.2
v 0.9 0.6 2.1
v 0.9 0.6 2.2
v 0.9 0.5 2.1
v 0.8 0.5 2.1
v 0.8 0.5 2.2
v 3.3 0.5 2
v 3.2 0.5 2
v 3.3 0.5 2.1
v 3.2 0.6 2
v 3.1 0.6 2
v 3.2 0.6 2.1
v 3 0.6 2
v 2.9 0.6 2
v 2.8 0.6 2
v 2.8 0.6 2.1
v 2.9 0.6 2.1
v 2.8 0.5 2
v 2.7 0.5 2
v 2.7 0.5 2.1
v 2.7 0.3 2
v 2.6 0.3 2
v 2.6 0.3 2.1
v 2.7 0.3 2.1
v 1.5 0.4 2
v 1.3 0.4 2
v 1.3 0.4 2.1
v 1.5 0.4 2.1
v 1.2 0.7 2
v 1.1 0.7 2
v 1.1 0.7 2.1
v 1.2 0.7 2.1
v 1.1 0.6 2
v 1 0.6 2
v 1 0.5 2
v 0.9 0.5 2
v 1 0.5 2.1
v 0.9 0.4 2
v 0.8 0.4 2
v 0.8 0.4 2.1
v 0.9 0.4 2.1
v 0.8 0.1 2
v 0.7 0.1 2
v 0.7 0.1 2.1
v 0.8 0.1 2.1
v 0.8 0.3 2
v 0.7 0.3 2
v 0.7 0.3 2.1
v 0.8 0.3 2.1
v 4 0.1 1.9
v 3.9 0.1 1.9
v 3.9 0.1 2
v 4 0.1 2
v 4 0.3 1.9
v 3.9 0.3 1.9
v 3.9 0.3 2
v 4 0.3 2
v 4 0.5 1.9
v 3.9 0.5 1.9
v 3.9 0.5 2.2
v 4 0.5 2.2
v 3.3 0.2 1.9
v 3.2 0.2 1.9
v 3.2 0.2 2
v 3.3 0.2 2
v 3.3 0.4 1.9
v 3.2 0.4 1.9
v 3.2 0.4 2
v 3.3 0.4 2
v 3.2 0.5 1.9
v 3.1 0.5 1.9
v 3.1 0.5 2
v 3 0.5 1.9
v 3 0.5 2
v 3 0.6 1.9
v 2.9 0.6 1.9
v 2.9 0.5 1.9
v 2.8 0.5 1.9
v 2.9 0.5 2
v 2.8 0.1 1.9
v 2.7 0.1 1.9
v 2.7 0.1 2
v 2.8 0.1 2
v 1.4 0.4 1.9
v 1.3 0.4 1.9
v 1.4 0.4 2
v 1.2 0.6 1.9
v 1.1 0.6 1.9
v 1.2 0.6 2
v 1.1 0.5 1.9
v 1 0.5 1.9
v 1.1 0.5 2
v 0.9 0.5 1.9
v 0.9 0.2 1.9
v 0.8 0.2 1.9
v 0.8 0.2 2
v 0.9 0.2 2
v 0.8 0.5 1.9
v 0.8 0.5 2
v 4 0.4 1.8
v 3.9 0.4 1.8
v 3.9 0.4 1.9
v 4 0.4 1.9
v 3.2 0.1 1.8
v 3.1 0.1 1.8
v 3.1 0.1 1.9
v 3.2 0.1 1.9
v 3.2 0.3 1.8
v 3.1 0.3 1.8
v 3.1 0.3 1.9
v 3.2 0.3 1.9
v 3.1 0.4 1.8
v 3 0.4 1.8
v 3 0.4 1.9
v 3.1 0.4 1.9
v 3 0.5 1.8
v 2.9 0.5 1.8
v 2.9 0.2 1.8
v 2.8 0.2 1.8
v 2.8 0.2 1.9
v 2.9 0.2 1.9
v 2.9 0.4 1.8
v 2.8 0.4 1.8
v 2.8 0.4 1.9
v 2.9 0.4 1.9
v 1.4 0.1 1.8
v 1.3 0.1 1.8
v 1.3 0.1 1.9
v 1.4 0.1 1.9
v 1.2 0.1 1.8
v 1.2 0.1 1.9
v 1.3 0.3 1.8
v 1.2 0.3 1.8
v 1.2 0.3 1.9
v 1.3 0.3 1.9
v 1.3 0.5 1.8
v 1.2 0.5 1.8
v 1.2 0.5 2.1
v 1 0.1 1.8
v 0.9 0.1 1.8
v 0.9 0.1 1.9
v 1 0.1 1.9
v 1.2 0.4 1.8
v 0.9 0.4 1.8
v 0.9 0.4 1.9
v 1.2 0.4 1.9
v 3.1 0.2 1.7
v 3 0.2 1.7
v 3 0.2 1.8
v 3.1 0.2 1.8
v 3 0.3 1.7
v 2.9 0.3 1.7
v 2.9 0.3 1.8
v 3 0.3 1.8
v 1.2 0.1 1.7
v 1.1 0.1 1.7
v 1.1 0.1 1.8
v 1.1 0.3 1.7
v 1 0.3 1.7
v 1 0.3 1.8
v 1.1 0.3 1.8
v 4 0.1 1.5
v 3.9 0.1 1.5
v 3.9 0.1 1.6
v 4 0.1 1.6
v 4 0.5 1.5
v 3.9 0.5 1.5
v 3.9 0.5 1.7
v 4 0.5 1.7
v -2.1 2.5 1.5
v -2.2 2.5 1.5
v -2.2 2.5 1.6
v -2.1 2.5 1.6
v -2.1 2.7 1.5
v -2.2 2.7 1.5
v -2.2 2.7 1.6
v -2.1 2.7 1.6
v 2.2 0.4 1.4
v 2.1 0.4 1.4
v 2.1 0.4 1.6
v 2.2 0.4 1.6
v 2 0.3 1.4
v 1.9 0.3 1.4
v 1.9 0.3 1.5
v 2 0.3 1.5
v 1.9 0.4 1.4
v 1.8 0.4 1.4
v 1.8 0.4 1.5
v 1.9 0.4 1.5
v -2.1 2.4 1.4
v -2.2 2.4 1.4
v -2.2 2.4 1.5
v -2.1 2.4 1.5
v -2.1 2.6 1.4
v -2.2 2.6 1.4
v -2.2 2.6 1.5
v -2.1 2.6 1.5
v -2.1 2.9 1.4
v -2.2 2.9 1.4
v -2.2 2.9 1.5
v -2.1 2.9 1.5
v -2.1 3.1 1.4
v -2.2 3.1 1.4
v -2.2 3.1 1.5
v -2.1 3.1 1.5
v 4 0.2 1.3
v 3.9 0.2 1.3
v 3.9 0.2 1.4
v 4 0.2 1.4
v 4 0.5 1.3
v 3.9 0.5 1.3
v 3.9 0.5 1.4
v 4 0.5 1.4
v 3 0.8 1.3
v 2.9 0.8 1.3
v 2.9 0.8 1.4
v 3 0.8 1.4
v 2.1 0.3 1.3
v 2 0.3 1.3
v 2.1 0.3 1.5
v 2.1 0.7 1.3
v 2 0.7 1.3
v 2 0.7 1.4
v 2.1 0.7 1.4
v 2 0.1 1.3
v 1.9 0.1 1.3
v 1.9 0.1 1.4
v 2 0.1 1.4
v -2 2.7 1.3
v -2.1 2.7 1.3
v -2.1 2.7 1.4
v -2 2.7 1.4
v -2.1 3 1.3
v -2.2 3 1.3
v -2.2 3 1.4
v -2.1 3 1.4
v 4 0.3 1.2
v 3.9 0.3 1.2
v 3.9 0.3 1.3
v 4 0.3 1.3
v 2.9 0.7 1.2
v 2.8 0.7 1.2
v 2.8 0.7 1.3
v 2.9 0.7 1.3
v 2.4 0.4 1.2
v 2.2 0.4 1.2
v 2.2 0.4 1.3
v 2.4 0.4 1.3
v 2.2 0.3 1.2
v 2.1 0.3 1.2
v 2.2 0.3 1.3
v 2 0.3 1.2
v 2.1 0.6 1.2
v 2 0.6 1.2
v 2 0.6 1.3
v 2.1 0.6 1.3
v 2 0.4 1.2
v 1.9 0.4 1.2
v 1.9 0.4 1.3
v 2 0.4 1.3
v 1.9 0.1 1.2
v 1.8 0.1 1.2
v 1.8 0.1 1.3
v 1.9 0.3 1.2
v 1.8 0.3 1.2
v 1.8 0.3 1.3
v 1.9 0.3 1.3
v 1.8 0.4 1.2
v 1.7 0.4 1.2
v 1.7 0.4 1.3
v 1.8 0.4 1.3
v 1.6 0.4 1.2
v 1.6 0.4 1.3
v -2 2.6 1.2
v -2.1 2.6 1.2
v -2.1 2.6 1.3
v -2 2.6 1.3
v -2 2.8 1.2
v -2.1 2.8 1.2
v -2.1 2.8 1.3
v -2 2.8 1.3
v 3.3 0.7 1.1
v 3.2 0.7 1.1
v 3.2 0.7 1.2
v 3.3 0.7 1.2
v 3.1 0.1 1.1
v 3 0.1 1.1
v 3 0.1 1.2
v 3.1 0.1 1.2
v 3.1 0.3 1.1
v 3 0.3 1.1
v 3 0.3 1.2
v 3.1 0.3 1.2
v 3.1 0.5 1.1
v 3 0.5 1.1
v 3 0.5 1.2
v 3.1 0.5 1.2
v 3 0.2 1.1
v 2.9 0.2 1.1
v 2.9 0.2 1.2
v 3 0.2 1.2
v 3 0.6 1.1
v 2.9 0.6 1.1
v 2.9 0.6 1.2
v 3 0.6 1.2
v 2.9 0.5 1.1
v 2.8 0.5 1.1
v 2.8 0.5 1.2
v 2.9 0.5 1.2
v 2.2 0.1 1.1
v 2.1 0.1 1.1
v 2.1 0.1 1.3
v 2.2 0.1 1.3
v 2.2 0.4 1.1
v 2.1 0.4 1.1
v 2.1 0.4 1.2
v 2.1 0.5 1.1
v 2 0.5 1.1
v 2 0.5 1.2
v 2.1 0.5 1.2
v 2 0.3 1.1
v 1.9 0.3 1.1
v 1.9 0.4 1.1
v 1.8 0.4 1.1
v 1.8 0.3 1.1
v 1.7 0.3 1.1
v 1.7 0.3 1.2
v -2 2.7 1.1
v -2.1 2.7 1.1
v -2.1 2.7 1.2
v -2 2.7 1.2
v -2 2.9 1.1
v -2.1 2.9 1.1
v -2.1 2.9 1.2
v -2 2.9 1.2
v -2.2 2.9 1.1
v -2.2 2.9 1.3
v -2.1 2.9 1.3
v -2.1 3.1 1.1
v -2.2 3.1 1.1
v -2.2 3.1 1.2
v -2.1 3.1 1.2
v 3.7 0.7 1
v 3.6 0.7 1
v 3.6 0.7 1.1
v 3.7 0.7 1.1
v 3.6 0.8 1
v 3.5 0.8 1
v 3.5 0.8 1.1
v 3.6 0.8 1.1
v 3.5 0.9 1
v 3.3 0.9 1
v 3.3 0.9 1.1
v 3.5 0.9 1.1
v 3.2 0.6 1
v 3.1 0.6 1
v 3.1 0.6 1.1
v 3.2 0.6 1.1
v 3.1 0.3 1
v 2.9 0.3 1
v 2.9 0.3 1.1
v 2.3 0.4 1
v 2.2 0.4 1
v 2.3 0.4 1.1
v 2.2 0.3 1
v 2.1 0.3 1
v 2.1 0.3 1.1
v 2.2 0.3 1.1
v 2.1 0.2 1
v 2 0.2 1
v 2 0.2 1.1
v 2.1 0.2 1.1
v 2 0.1 1
v 1.9 0.1 1
v 1.9 0.1 1.1
v 2 0.1 1.1
v 2 0.3 1
v 1.9 0.3 1
v -2.1 3 1
v -2.2 3 1
v -2.2 3 1.1
v -2.1 3 1.1
v 4 0.1 0.9
v 3.9 0.1 0.9
v 3.9 0.1 1
v 4 0.1 1
v 4 0.5 0.9
v 3.9 0.5 0.9
v 3.9 0.5 1.1
v 4 0.5 1.1
v 3.7 0.6 0.9
v 3.6 0.6 0.9
v 3.6 0.6 1
v 3.7 0.6 1
v 3.7 0.8 0.9
v 3.6 0.8 0.9
v 3.7 0.8 1
v 3.6 0.9 0.9
v 3.5 0.9 0.9
v 3.6 0.9 1
v 3.4 0.8 0.9
v 3.3 0.8 0.9
v 3.3 0.8 1
v 3.4 0.8 1
v 3.2 0.8 0.9
v 3.2 0.8 1.1
v 3.3 0.8 1.1
v 3.2 0.1 0.9
v 3.1 0.1 0.9
v 3.2 0.1 1.1
v 3.2 0.5 0.9
v 3.1 0.5 0.9
v 3.1 0.5 1
v 3.2 0.5 1
v 3.1 0.2 0.9
v 3 0.2 0.9
v 3 0.2 1
v 3.1 0.2 1
v 3.1 0.4 0.9
v 3 0.4 0.9
v 3 0.4 1
v 3.1 0.4 1
v 3 0.3 0.9
v 2.9 0.3 0.9
v 3 0.3 1
v 2.9 0.1 0.9
v 2.8 0.1 0.9
v 2.8 0.1 1.2
v 2.9 0.1 1.2
v 2.2 0.4 0.9
v 2.1 0.4 0.9
v 2.1 0.4 1
v 2.1 0.3 0.9
v 2 0.3 0.9
v 2 0.4 0.9
v 1.9 0.4 0.9
v 1.9 0.4 1
v 2 0.4 1
v -2.1 2.5 0.9
v -2.2 2.5 0.9
v -2.2 2.5 1
v -2.1 2.5 1
v -2.1 2.7 0.9
v -2.2 2.7 0.9
v -2.2 2.7 1
v -2.1 2.7 1
v -2.1 2.9 0.9
v -2.2 2.9 0.9
v -2.2 2.9 1
v -2.1 2.9 1
v 3.3 0.6 0.8
v 3.2 0.6 0.8
v 3.2 0.6 0.9
v 3.3 0.6 0.9
v 3.1 0.1 0.8
v 3 0.1 0.8
v 3 0.1 0.9
v 3 0.5 0.8
v 2.9 0.5 0.8
v 2.9 0.5 0.9
v 3 0.5 0.9
v 2.8 0.5 0.8
v 2.8 0.5 1
v 2.9 0.5 1
v 2.8 0.6 0.8
v 2.7 0.6 0.8
v 2.7 0.6 0.9
v 2.8 0.6 0.9
v 2.1 0.4 0.8
v 2 0.4 0.8
v -2.1 2.8 0.8
v -2.2 2.8 0.8
v -2.2 2.8 0.9
v -2.1 2.8 0.9
v 2.9 0.6 0.7
v 2.8 0.6 0.7
v 2.9 0.6 0.8
v 2.8 0.7 0.7
v 2.7 0.7 0.7
v 2.7 0.7 0.8
v 2.8 0.7 0.8
v -2.1 2.4 0.7
v -2.2 2.4 0.7
v -2.2 2.4 0.9
v -2.1 2.4 0.9
v 4 0.2 0.6
v 3.9 0.2 0.6
v 3.9 0.2 0.7
v 4 0.2 0.7
v 4 0.5 0.6
v 3.9 0.5 0.6
v 3.9 0.5 0.8
v 4 0.5 0.8
v 2.8 0.8 0.6
v 2.7 0.8 0.6
v 2.7 0.8 0.7
v 2.8 0.8 0.7
v 2.6 0.8 0.6
v 2.5 0.8 0.6
v 2.5 0.8 0.7
v 2.6 0.8 0.7
v 2.7 0.8 0.5
v 2.6 0.8 0.5
v 2.6 0.8 0.8
v 2.7 0.8 0.8
v 2.6 0.7 0.5
v 2.5 0.7 0.5
v 2.5 0.7 0.6
v 2.6 0.7 0.6
v -1 0.3 0.5
v -1.2 0.3 0.5
v -1.2 0.3 0.6
v -1 0.3 0.6
v -0.5 0.3 0.4
v -0.6 0.3 0.4
v -0.6 0.3 0.6
v -0.5 0.3 0.6
v 4 0.5 0.3
v 3.9 0.5 0.3
v 3.9 0.5 0.5
v 4 0.5 0.5
v -0.7 0.5 0.3
v -0.8 0.5 0.3
v -0.8 0.5 0.6
v -0.7 0.5 0.6
v -0.8 0.6 0.3
v -0.9 0.6 0.3
v -0.9 0.6 0.6
v -0.8 0.6 0.6
v -0.7 0.4 0.2
v -0.8 0.4 0.2
v -0.8 0.4 0.3
v -0.7 0.4 0.3
v -0.8 0.5 0.2
v -0.9 0.5 0.2
v -0.9 0.5 0.3
v -1 0.4 0.2
v -1.1 0.4 0.2
v -1.1 0.4 0.5
v -1 0.4 0.5
v 4 0.4 0.1
v 3.9 0.4 0.1
v 3.9 0.4 0.2
v 4 0.4 0.2
v -1 0.3 0.1
v -1.1 0.3 0.1
v -1.1 0.3 0.2
v -1 0.3 0.2
v 4 0.3 0
v 3.9 0.3 0
v 3.9 0.3 0.1
v 4 0.3 0.1
v 4 0.5 0
v 3.9 0.5 0
v 3.9 0.5 0.1
v 4 0.5 0.1
v 3.8 0.3 0
v 3.9 0.3 3.9
v -0.5 0.3 0
v -0.6 0.3 0
v -0.6 0.3 0.3
v -0.5 0.3 0.3
v -0.6 0.4 0
v -0.7 0.4 0
v -0.7 0.4 0.6
v -0.6 0.4 0.6
v -0.7 0.5 0
v -0.8 0.5 0
v -0.7 0.5 0.2
v -0.8 0.6 0
v -0.9 0.6 0
v -0.9 0.6 0.2
v -0.8 0.6 0.2
v -0.9 0.5 0
v -1 0.5 0
v -1 0.5 0.6
v -0.9 0.5 0.6
v -1 0.4 0
v -1.1 0.4 0
v -1.1 0.4 0.1
v -1 0.4 0.1
v -1.1 0.3 0
v -1.2 0.3 0
v -1.1 0.3 0.5
v -0.1 0.3 -0.1
v -0.2 0.3 -0.1
v -0.2 0.3 0
v -0.1 0.3 0
v -0.2 0.2 -0.1
v -0.3 0.2 -0.1
v -0.3 0.2 0
v -0.2 0.2 0
v 0 0.2 -0.2
v -0.1 0.2 -0.2
v -0.1 0.2 -0.1
v 0 0.2 -0.1
v 0 0.4 -0.2
v -0.1 0.4 -0.2
v -0.1 0.4 -0.1
v 0 0.4 -0.1
v -0.1 0.5 -0.2
v -0.2 0.5 -0.2
v -0.2 0.5 -0.1
v -0.1 0.5 -0.1
v -0.2 0.4 -0.2
v -0.3 0.4 -0.2
v -0.3 0.4 -0.1
v -0.2 0.4 -0.1
v -0.3 0.1 -0.2
v -0.4 0.1 -0.2
v -0.4 0.1 -0.1
v -0.3 0.1 -0.1
v -0.3 0.3 -0.2
v -0.4 0.3 -0.2
v -0.4 0.3 -0.1
v -0.3 0.3 -0.1
v -1.7 0.1 -0.2
v -2.2 0.1 -0.2
v -2.2 0.1 0
v -1.7 0.1 0
v 2.6 1.2 -0.3
v 2.5 1.2 -0.3
v 2.5 1.2 -0.2
v 2.6 1.2 -0.2
v 2.6 1.8 -0.3
v 2.5 1.8 -0.3
v 2.5 1.8 -0.2
v 2.6 1.8 -0.2
v 0.1 0.1 -0.3
v 0 0.1 -0.3
v 0 0.1 -0.2
v 0.1 0.1 -0.2
v 0 0.5 -0.3
v -0.1 0.5 -0.3
v 0 0.5 -0.2
v -0.2 0.5 -0.3
v -0.3 0.5 -0.3
v -0.3 0.5 -0.2
v -0.4 0.5 -0.3
v -0.4 0.5 -0.2
v -0.4 0.2 -0.3
v -0.5 0.2 -0.3
v -0.5 0.2 -0.2
v -0.4 0.2 -0.2
v -0.4 0.4 -0.3
v -0.5 0.4 -0.3
v -0.5 0.4 -0.2
v -0.4 0.4 -0.2
v 2.6 1 -0.4
v 2.5 1 -0.4
v 2.5 1 -0.3
v 2.6 1 -0.3
v 2.6 1.8 -0.4
v 2.5 1.8 -0.4
v 0.2 0.3 -0.4
v 0.1 0.3 -0.4
v 0.1 0.3 -0.3
v 0.2 0.3 -0.3
v 0.1 0.5 -0.4
v 0 0.5 -0.4
v 0.1 0.5 -0.3
v 0 0.6 -0.4
v -0.1 0.6 -0.4
v -0.1 0.6 -0.3
v 0 0.6 -0.3
v -0.2 0.6 -0.4
v -0.2 0.6 -0.2
v -0.1 0.6 -0.2
v -0.3 0.6 -0.4
v -0.3 0.6 -0.3
v -0.2 0.6 -0.3
v -0.4 0.6 -0.4
v -0.4 0.6 -0.3
v -0.4 0.5 -0.4
v -0.5 0.5 -0.4
v -0.5 0.5 -0.3
v 2.6 1.1 -0.5
v 2.5 1.1 -0.5
v 2.5 1.1 -0.4
v 2.6 1.1 -0.4
v 0.2 0.4 -0.5
v 0 0.4 -0.5
v 0 0.4 -0.4
v 0.2 0.4 -0.4
v -0.1 0.7 -0.5
v -0.2 0.7 -0.5
v -0.2 0.7 -0.4
v -0.1 0.7 -0.4
v -0.2 0.6 -0.5
v -0.3 0.6 -0.5
v -0.3 0.5 -0.5
v -0.4 0.5 -0.5
v -0.3 0.5 -0.4
v -0.4 0.4 -0.5
v -0.5 0.4 -0.5
v -0.5 0.4 -0.4
v -0.4 0.4 -0.4
v -0.5 0.1 -0.5
v -0.6 0.1 -0.5
v -0.6 0.1 -0.4
v -0.5 0.1 -0.4
v -0.5 0.3 -0.5
v -0.6 0.3 -0.5
v -0.6 0.3 -0.4
v -0.5 0.3 -0.4
v -2.1 0.1 -0.5
v -2.2 0.1 -0.5
v -2.2 0.1 -0.4
v -2.1 0.1 -0.4
v 0.1 0.4 -0.6
v 0 0.4 -0.6
v 0.1 0.4 -0.5
v -0.1 0.6 -0.6
v -0.2 0.6 -0.6
v -0.1 0.6 -0.5
v -0.2 0.5 -0.6
v -0.3 0.5 -0.6
v -0.2 0.5 -0.5
v -0.4 0.5 -0.6
v -0.4 0.2 -0.6
v -0.5 0.2 -0.6
v -0.5 0.2 -0.5
v -0.4 0.2 -0.5
v -0.5 0.5 -0.6
v -0.5 0.5 -0.5
v 3.6 1.6 -0.7
v 3.5 1.6 -0.7
v 3.5 1.6 -0.6
v 3.6 1.6 -0.6
v 2.8 2.2 -0.7
v 2.7 2.2 -0.7
v 2.7 2.2 -0.6
v 2.8 2.2 -0.6
v 2.6 1.6 -0.7
v 2.5 1.6 -0.7
v 2.5 1.6 -0.5
v 2.6 1.6 -0.5
v 2.6 1.8 -0.7
v 2.5 1.8 -0.7
v 1.7 1.9 -0.7
v 1.6 1.9 -0.7
v 1.6 1.9 -0.6
v 1.7 1.9 -0.6
v 0.1 0.1 -0.7
v 0 0.1 -0.7
v 0 0.1 -0.6
v 0.1 0.1 -0.6
v -0.1 0.1 -0.7
v -0.1 0.1 -0.6
v 0 0.3 -0.7
v -0.1 0.3 -0.7
v -0.1 0.3 -0.6
v 0 0.3 -0.6
v 0 0.5 -0.7
v -0.1 0.5 -0.7
v -0.1 0.5 -0.4
v -0.3 0.1 -0.7
v -0.4 0.1 -0.7
v -0.4 0.1 -0.6
v -0.3 0.1 -0.6
v -0.1 0.4 -0.7
v -0.4 0.4 -0.7
v -0.4 0.4 -0.6
v -0.1 0.4 -0.6
v -1.9 0.1 -0.7
v -2.1 0.1 -0.7
v -2.1 0.1 -0.2
v -1.9 0.1 -0.2
v 3.9 1.4 -0.8
v 3.8 1.4 -0.8
v 3.8 1.4 -0.6
v 3.9 1.4 -0.6
v 3.6 0.7 -0.8
v 3.5 0.7 -0.8
v 3.5 0.7 -0.7
v 3.6 0.7 -0.7
v 3.5 1 -0.8
v 3.4 1 -0.8
v 3.4 1 -0.7
v 3.5 1 -0.7
v 3.4 0.6 -0.8
v 3.3 0.6 -0.8
v 3.3 0.6 -0.7
v 3.4 0.6 -0.7
v 3.4 0.9 -0.8
v 3.3 0.9 -0.8
v 3.3 0.9 -0.7
v 3.4 0.9 -0.7
v 3.4 1.9 -0.8
v 3.3 1.9 -0.8
v 3.3 1.9 -0.6
v 3.4 1.9 -0.6
v 3.3 0.4 -0.8
v 3.2 0.4 -0.8
v 3.2 0.4 -0.7
v 3.3 0.4 -0.7
v 3.3 1.1 -0.8
v 3.2 1.1 -0.8
v 3.2 1.1 -0.7
v 3.3 1.1 -0.7
v 3.3 1.6 -0.8
v 3.2 1.6 -0.8
v 3.2 1.6 -0.7
v 3.3 1.6 -0.7
v 3.2 0.2 -0.8
v 3.1 0.2 -0.8
v 3.1 0.2 -0.7
v 3.2 0.2 -0.7
v 3.1 0.8 -0.8
v 3 0.8 -0.8
v 3 0.8 -0.7
v 3.1 0.8 -0.7
v 3.2 1.5 -0.8
v 3 1.5 -0.8
v 3 1.5 -0.7
v 3.2 1.5 -0.7
v 3 1.2 -0.8
v 2.9 1.2 -0.8
v 2.9 1.2 -0.7
v 3 1.2 -0.7
v 2.9 1.8 -0.8
v 2.8 1.8 -0.8
v 2.8 1.8 -0.7
v 2.9 1.8 -0.7
v 2.6 1.9 -0.8
v 2.5 1.9 -0.8
v 2.5 1.9 -0.7
v 2.6 1.9 -0.7
v 2.7 1.4 -0.8
v 2.3 1.4 -0.8
v 2.3 1.4 -0.7
v 2.7 1.4 -0.7
v 2.3 2.3 -0.8
v 2.2 2.3 -0.8
v 2.2 2.3 -0.6
v 2.3 2.3 -0.6
v 2.2 1.7 -0.8
v 2.1 1.7 -0.8
v 2.1 1.7 -0.7
v 2.2 1.7 -0.7
v 2.1 1.2 -0.8
v 2 1.2 -0.8
v 2 1.2 -0.7
v 2.1 1.2 -0.7
v 2.1 1.4 -0.8
v 2 1.4 -0.8
v 2 1.4 -0.7
v 2.1 1.4 -0.7
v 2 0.1 -0.8
v 1.9 0.1 -0.8
v 1.9 0.1 -0.7
v 2 0.1 -0.7
v 2 1.5 -0.8
v 1.9 1.5 -0.8
v 1.9 1.5 -0.7
v 2 1.5 -0.7
v 2 1.8 -0.8
v 1.9 1.8 -0.8
v 1.9 1.8 -0.7
v 2 1.8 -0.7
v 1.9 0.9 -0.8
v 1.8 0.9 -0.8
v 1.8 0.9 -0.7
v 1.9 0.9 -0.7
v 1.9 1.2 -0.8
v 1.8 1.2 -0.8
v 1.8 1.2 -0.7
v 1.9 1.2 -0.7
v 1.9 1.6 -0.8
v 1.8 1.6 -0.8
v 1.8 1.6 -0.7
v 1.9 1.6 -0.7
v 1.8 0.2 -0.8
v 1.7 0.2 -0.8
v 1.7 0.2 -0.7
v 1.8 0.2 -0.7
v 1.8 0.4 -0.8
v 1.7 0.4 -0.8
v 1.7 0.4 -0.7
v 1.8 0.4 -0.7
v 1.8 0.7 -0.8
v 1.7 0.7 -0.8
v 1.7 0.7 -0.7
v 1.8 0.7 -0.7
v 1.7 1 -0.8
v 1.6 1 -0.8
v 1.6 1 -0.7
v 1.7 1 -0.7
v 1.7 1.4 -0.8
v 1.6 1.4 -0.8
v 1.6 1.4 -0.7
v 1.7 1.4 -0.7
v 1.7 1.8 -0.8
v 1.6 1.8 -0.8
v 1.6 1.8 -0.7
v 1.7 1.8 -0.7
v 1.6 0.3 -0.8
v 1.5 0.3 -0.8
v 1.5 0.3 -0.7
v 1.6 0.3 -0.7
v 1.6 0.7 -0.8
v 1.5 0.7 -0.8
v 1.5 0.7 -0.7
v 1.6 0.7 -0.7
v -0.1 0.1 -0.8
v -0.2 0.1 -0.8
v -0.2 0.1 -0.7
v -0.2 0.3 -0.8
v -0.3 0.3 -0.8
v -0.3 0.3 -0.7
v -0.2 0.3 -0.7
v 3.4 1.8 -0.9
v 3.2 1.8 -0.9
v 3.2 1.8 -0.8
v 3.4 1.8 -0.8
v 2.9 0.6 -0.9
v 2.8 0.6 -0.9
v 2.8 0.6 -0.8
v 2.9 0.6 -0.8
v 2.9 1 -0.9
v 2.8 1 -0.9
v 2.8 1 -0.8
v 2.9 1 -0.8
v 2.8 0.3 -0.9
v 2.7 0.3 -0.9
v 2.7 0.3 -0.8
v 2.8 0.3 -0.8
v 2.8 0.9 -0.9
v 2.7 0.9 -0.9
v 2.7 0.9 -0.8
v 2.8 0.9 -0.8
v 2.6 0.7 -0.9
v 2.5 0.7 -0.9
v 2.5 0.7 -0.8
v 2.6 0.7 -0.8
v 2.4 0.4 -0.9
v 2.3 0.4 -0.9
v 2.3 0.4 -0.8
v 2.4 0.4 -0.8
v 2.3 2.2 -0.9
v 2.2 2.2 -0.9
v 2.2 2.2 -0.8
v 2.3 2.2 -0.8
v 2.2 0.6 -0.9
v 2.1 0.6 -0.9
v 2.1 0.6 -0.8
v 2.2 0.6 -0.8
v 2 2.2 -0.9
v 2 2.2 -0.6
v 2.2 2.2 -0.6
v 2 2.1 -0.9
v 1.8 2.1 -0.9
v 1.8 2.1 -0.6
v 2 2.1 -0.6
v 1.5 0.3 -0.9
v 1.4 0.3 -0.9
v 1.4 0.3 -0.8
v 1.5 0.7 -0.9
v 1.4 0.7 -0.9
v 1.4 0.7 -0.8
v 1.4 1.6 -0.9
v 1.3 1.6 -0.9
v 1.3 1.6 -0.6
v 1.4 1.6 -0.6
v -1.5 1.3 -0.9
v -1.6 1.3 -0.9
v -1.6 1.3 -0.8
v -1.5 1.3 -0.8
v -1.7 1.4 -0.9
v -1.8 1.4 -0.9
v -1.8 1.4 -0.8
v -1.7 1.4 -0.8
v -1.9 1.6 -0.9
v -2 1.6 -0.9
v -2 1.6 -0.8
v -1.9 1.6 -0.8
v 3.9 1.4 -1
v 3.8 1.4 -1
v 3.8 1.4 -0.9
v 3.9 1.4 -0.9
v 3.6 0.7 -1
v 3.5 0.7 -1
v 3.5 0.7 -0.9
v 3.6 0.7 -0.9
v 3.4 1.9 -1
v 3.3 1.9 -1
v 3.3 1.9 -0.9
v 3.4 1.9 -0.9
v 2.2 2 -1
v 1.9 2 -1
v 1.9 2 -0.9
v 2.2 2 -0.9
v 1.8 2 -1
v 1.8 2 -0.9
v -1.4 1.2 -1
v -1.5 1.2 -1
v -1.5 1.2 -0.8
v -1.4 1.2 -0.8
v -1.6 1.2 -1
v -1.6 1.2 -0.9
v -1.5 1.2 -0.9
v -1.6 0.1 -1
v -1.7 0.1 -1
v -1.7 0.1 -0.8
v -1.6 0.1 -0.8
v -1.8 0.1 -1
v -1.8 0.1 -0.3
v -1.7 0.1 -0.3
v -1.9 0.1 -1
v -1.8 0.1 -0.2
v -2 0.1 -1
v -2 0.1 -0.8
v -1.9 0.1 -0.8
v -1.9 1.7 -1
v -2 1.7 -1
v -2 1.7 -0.9
v -1.9 1.7 -0.9
v -2.1 0.1 -1
v -2 0.1 -0.7
v -2.2 0.1 -1
v -2.2 0.1 -0.6
v -2.1 0.1 -0.6
v 3.6 0.3 -1.1
v 3.5 0.3 -1.1
v 3.5 0.3 -1
v 3.6 0.3 -1
v 3.4 1.8 -1.1
v 3.3 1.8 -1.1
v 3.3 1.8 -1
v 3.4 1.8 -1
v 3.1 2.1 -1.1
v 3 2.1 -1.1
v 3 2.1 -0.6
v 3.1 2.1 -0.6
v 3 2.2 -1.1
v 2.8 2.2 -1.1
v 3 2.2 -0.6
v 1.5 0.9 -1.1
v 1.4 0.9 -1.1
v 1.4 0.9 -1
v 1.5 0.9 -1
v 1.4 1.5 -1.1
v 1.3 1.5 -1.1
v 1.3 1.5 -0.9
v 1.4 1.5 -0.9
v -1.7 1.5 -1.1
v -1.8 1.5 -1.1
v -1.8 1.5 -0.9
v -1.7 1.5 -0.9
v -1.8 1.1 -1.1
v -1.9 1.1 -1.1
v -1.9 1.1 -1
v -1.8 1.1 -1
v -1.9 1.6 -1.1
v -2 1.6 -1.1
v -2 1.6 -1
v -1.9 1.6 -1
v -2 1.1 -1.1
v -2.1 1.1 -1.1
v -2.1 1.1 -1
v -2 1.1 -1
v -2 1.3 -1.1
v -2.1 1.3 -1.1
v -2.1 1.3 -1
v -2 1.3 -1
v -1.7 0.1 -1.1
v -2.2 0.1 -1.1
v 3.9 1.4 -1.2
v 3.8 1.4 -1.2
v 3.8 1.4 -1.1
v 3.9 1.4 -1.1
v 3.6 1.7 -1.2
v 3.5 1.7 -1.2
v 3.5 1.7 -0.7
v 3.6 1.7 -0.7
v 3.1 2 -1.2
v 2.9 2 -1.2
v 2.9 2 -1.1
v 3.1 2 -1.1
v 2.2 2.2 -1.2
v 2 2.2 -1.2
v 2 2.2 -1
v 2.2 2.2 -1
v 1.5 0.8 -1.2
v 1.4 0.8 -1.2
v 1.4 0.8 -1.1
v 1.5 0.8 -1.1
v 1.4 0.5 -1.2
v 1.3 0.5 -1.2
v 1.3 0.5 -1.1
v 1.4 0.5 -1.1
v 1.3 0.2 -1.2
v 1.2 0.2 -1.2
v 1.2 0.2 -1.1
v 1.3 0.2 -1.1
v 1.2 0.5 -1.2
v 1.2 0.5 -1.1
v 1.1 0.2 -1.2
v 0.9 0.2 -1.2
v 0.9 0.2 -1.1
v 1.1 0.2 -1.1
v 0.8 0.5 -1.2
v 0.8 0.5 -1.1
v 0.8 0.4 -1.2
v 0.7 0.4 -1.2
v 0.7 0.4 -1.1
v 0.8 0.4 -1.1
v 0.7 0.5 -1.2
v 0.5 0.5 -1.2
v 0.5 0.5 -1.1
v 0.7 0.5 -1.1
v 0.4 0.5 -1.2
v 0.2 0.5 -1.2
v 0.2 0.5 -1.1
v 0.4 0.5 -1.1
v -1 0.1 -1.2
v -1.4 0.1 -1.2
v -1.4 0.1 -1
v -1 0.1 -1
v -0.8 1.1 -1.2
v -1.4 1.1 -1.2
v -1.4 1.1 -1.1
v -0.8 1.1 -1.1
v -1.6 0.1 -1.2
v -1.4 0.1 -0.8
v -1.5 1.3 -1.2
v -1.6 1.3 -1.2
v -1.6 1.3 -1
v -1.5 1.3 -1
v -1.6 1.4 -1.2
v -1.7 1.4 -1.2
v -1.6 1.4 -0.8
v -1.8 1.4 -1.2
v -1.8 1.4 -1.1
v -1.7 1.4 -1.1
v -1.8 0.1 -1.2
v -2.2 0.1 -1.2
v -1.8 0.1 -1.1
v -2.1 1.6 -1.2
v -2.2 1.6 -1.2
v -2.2 1.6 -0.8
v -2.1 1.6 -0.8
v 3.7 1.6 -1.3
v 3.6 1.6 -1.3
v 3.7 1.6 -0.6
v 3.6 1.2 -1.3
v 3.5 1.2 -1.3
v 3.5 1.2 -1.2
v 3.6 1.2 -1.2
v 3.5 1.6 -1.3
v 3.5 1.6 -1.2
v 3.6 1.6 -1.2
v 2.2 2.1 -1.3
v 2.1 2.1 -1.3
v 2.1 2.1 -1.2
v 2.2 2.1 -1.2
v 1.4 0.3 -1.3
v 1.3 0.3 -1.3
v 1.3 0.3 -1.2
v 1.4 0.3 -1.2
v 0.7 0.3 -1.3
v 0.3 0.3 -1.3
v 0.3 0.3 -1.2
v 0.7 0.3 -1.2
v -1 0.2 -1.3
v -1.1 0.2 -1.3
v -1.1 0.2 -1.2
v -1 0.2 -1.2
v -1 0.7 -1.3
v -1.1 0.7 -1.3
v -1.1 0.7 -1.2
v -1 0.7 -1.2
v -1.1 0.6 -1.3
v -1.2 0.6 -1.3
v -1.2 0.6 -1.2
v -1.1 0.6 -1.2
v -0.8 1.2 -1.3
v -1.2 1.2 -1.3
v -1.2 1.2 -1.2
v -0.8 1.2 -1.2
v -1.2 1.1 -1.3
v -1.3 1.1 -1.3
v -1.3 1.1 -1.2
v -1.2 1.1 -1.2
v -1.3 0.1 -1.3
v -1.4 0.1 -1.3
v -1.3 0.1 -1.2
v -1.3 1.2 -1.3
v -1.4 1.2 -1.3
v -1.4 1.2 -1.2
v -1.3 1.2 -1.2
v -1.2 0.4 -1.3
v -1.5 0.4 -1.3
v -1.5 0.4 -1.1
v -1.2 0.4 -1.1
v -1.5 1.2 -1.3
v -1.5 1.2 -1.1
v -1.4 1.2 -1.1
v -1.5 0.1 -1.3
v -1.6 0.1 -1.3
v -1.5 0.1 -1.2
v -1.6 1.2 -1.3
v -1.6 1.2 -1.2
v -1.5 1.2 -1.2
v -1.6 1.3 -1.3
v -1.7 1.3 -1.3
v -1.7 1.3 -1.2
v -1.9 0.6 -1.3
v -2 0.6 -1.3
v -2 0.6 -1.2
v -1.9 0.6 -1.2
v -2 0.4 -1.3
v -2.1 0.4 -1.3
v -2.1 0.4 -1.2
v -2 0.4 -1.2
v -2.1 0.1 -1.3
v -2.2 0.1 -1.3
v -2.1 0.1 -1.2
v -2.1 1.5 -1.3
v -2.2 1.5 -1.3
v -2.2 1.5 -1.2
v -2.1 1.5 -1.2
v 3.7 1.5 -1.4
v 3.6 1.5 -1.4
v 3.6 1.5 -1.3
v 3.7 1.5 -1.3
v 3.6 1 -1.4
v 3.5 1 -1.4
v 3.5 1 -1.3
v 3.6 1 -1.3
v 3.3 2 -1.4
v 3.2 2 -1.4
v 3.2 2 -0.6
v 3.3 2 -0.6
v 2.8 2.3 -1.4
v 2.7 2.3 -1.4
v 2.7 2.3 -0.7
v 2.8 2.3 -0.7
v 1.8 2 -1.4
v 1.7 2 -1.4
v 1.7 2 -0.6
v 1.8 2 -0.6
v 1.5 0.4 -1.4
v 1.4 0.4 -1.4
v 1.4 0.4 -1.3
v 1.5 0.4 -1.3
v -0.9 0.1 -1.4
v -1 0.1 -1.4
v -0.9 0.1 -1
v -1 0.4 -1.4
v -1.1 0.4 -1.4
v -1.1 0.4 -1.3
v -1 0.4 -1.3
v -1.2 0.4 -1.4
v -1.3 0.4 -1.4
v -1.3 0.4 -1.3
v -1.4 0.4 -1.4
v -1.5 0.4 -1.4
v -1.4 0.4 -1.3
v -1.4 0.6 -1.4
v -1.5 0.6 -1.4
v -1.5 0.6 -1.3
v -1.4 0.6 -1.3
v -0.8 1.3 -1.4
v -1.6 1.3 -1.4
v -0.8 1.3 -1.3
v 3.9 1.4 -1.5
v 3.8 1.4 -1.5
v 3.8 1.4 -1.3
v 3.9 1.4 -1.3
v 3.6 0.2 -1.5
v 3.5 0.2 -1.5
v 3.5 0.2 -1.4
v 3.6 0.2 -1.4
v 3.6 0.5 -1.5
v 3.5 0.5 -1.5
v 3.5 0.5 -1.4
v 3.6 0.5 -1.4
v 3.3 1.9 -1.5
v 3.2 1.9 -1.5
v 3.2 1.9 -1.4
v 3.3 1.9 -1.4
v 2.8 2.2 -1.5
v 2.7 2.2 -1.5
v 2.7 2.2 -1.4
v 2.8 2.2 -1.4
v 1.8 1.9 -1.5
v 1.7 1.9 -1.5
v 1.7 1.9 -1.4
v 1.8 1.9 -1.4
v 1.6 1.8 -1.5
v 1.5 1.8 -1.5
v 1.5 1.8 -0.6
v 1.6 1.8 -0.6
v 1.5 0.1 -1.5
v 1.4 0.1 -1.5
v 1.4 0.1 -1.4
v 1.5 0.1 -1.4
v 1.4 1.6 -1.5
v 1.3 1.6 -1.5
v 1.3 1.6 -1.1
v 1.4 1.6 -1.1
v 0.3 0.5 -1.5
v 0.2 0.5 -1.5
v 0.2 0.5 -1.3
v 0.3 0.5 -1.3
v -1 0.2 -1.5
v -1.1 0.2 -1.5
v -1.1 0.2 -1.4
v -1 0.2 -1.4
v -1 0.7 -1.5
v -1.1 0.7 -1.5
v -1.1 0.7 -1.4
v -1 0.7 -1.4
v -0.8 1.4 -1.5
v -1.6 1.4 -1.5
v -1.6 1.4 -1.4
v -0.8 1.4 -1.4
v -1.7 1.4 -1.5
v -1.7 1.4 -1.3
v -1.6 1.4 -1.3
v -1.9 1.7 -1.5
v -2 1.7 -1.5
v -2 1.7 -1.1
v -1.9 1.7 -1.1
v 3.4 1.9 -1.6
v 3.3 1.9 -1.6
v 3.3 1.9 -1.1
v 3.4 1.9 -1.1
v 1.9 2.1 -1.6
v 1.8 2.1 -1.6
v 1.8 2.1 -1
v 1.9 2.1 -1
v 1.6 1.7 -1.6
v 1.5 1.7 -1.6
v 1.5 1.7 -1.5
v 1.6 1.7 -1.5
v 1.4 1.5 -1.6
v 1.3 1.5 -1.6
v 1.3 1.5 -1.5
v 1.4 1.5 -1.5
v -0.8 0.1 -1.6
v -0.9 0.1 -1.6
v -0.9 0.1 -1.3
v -0.8 0.1 -1.3
v -1 0.5 -1.6
v -1.1 0.5 -1.6
v -1.1 0.5 -1.5
v -1 0.5 -1.5
v -0.8 1.5 -1.6
v -1.2 1.5 -1.6
v -1.2 1.5 -1.5
v -0.8 1.5 -1.5
v -1.2 1.4 -1.6
v -1.3 1.4 -1.6
v -1.3 1.4 -1.5
v -1.2 1.4 -1.5
v -1.3 1.5 -1.6
v -1.7 1.5 -1.6
v -1.7 1.5 -1.5
v -1.3 1.5 -1.5
v -1.8 1.5 -1.6
v -1.8 1.5 -1.2
v -1.7 1.5 -1.2
v -1.9 1.6 -1.6
v -2 1.6 -1.6
v -2 1.6 -1.5
v -1.9 1.6 -1.5
v 3.6 1.2 -1.7
v 3.5 1.2 -1.7
v 3.5 1.2 -1.6
v 3.6 1.2 -1.6
v 3.4 1.8 -1.7
v 3.3 1.8 -1.7
v 3.3 1.8 -1.6
v 3.4 1.8 -1.6
v 3.2 2.1 -1.7
v 3.1 2.1 -1.7
v 3.2 2.1 -0.6
v 1.9 2 -1.7
v 1.8 2 -1.7
v 1.8 2 -1.6
v 1.9 2 -1.6
v 1.5 0.6 -1.7
v 1.4 0.6 -1.7
v 1.4 0.6 -1.6
v 1.5 0.6 -1.6
v 1.3 1.5 -1.7
v 1.2 1.5 -1.7
v 1.2 1.5 -0.6
v 1.3 1.5 -0.6
v 1.2 0.4 -1.7
v 1.1 0.4 -1.7
v 1.1 0.4 -1.6
v 1.2 0.4 -1.6
v -0.8 1.6 -1.7
v -1.8 1.6 -1.7
v -1.8 1.6 -1.6
v -0.8 1.6 -1.6
v -1.9 1.6 -1.7
v -1.8 1.6 -0.8
v -2.1 1.6 -1.7
v -2.2 1.6 -1.7
v -2.2 1.6 -1.3
v -2.1 1.6 -1.3
v 3.9 1.4 -1.8
v 3.8 1.4 -1.8
v 3.8 1.4 -1.6
v 3.9 1.4 -1.6
v 3.6 0.8 -1.8
v 3.5 0.8 -1.8
v 3.5 0.8 -1.7
v 3.6 0.8 -1.7
v 3.2 2 -1.8
v 3.1 2 -1.8
v 3.1 2 -1.7
v 3.2 2 -1.7
v 1.5 0.9 -1.8
v 1.4 0.9 -1.8
v 1.4 0.9 -1.6
v 1.5 0.9 -1.6
v 1.3 0.3 -1.8
v 1.2 0.3 -1.8
v 1.2 0.3 -1.7
v 1.3 0.3 -1.7
v 1.3 1.4 -1.8
v 1.2 1.4 -1.8
v 1.2 1.4 -1.7
v 1.3 1.4 -1.7
v 1.2 0.1 -1.8
v 1.1 0.1 -1.8
v 1.1 0.1 -1.7
v 1.2 0.1 -1.7
v 1.2 0.5 -1.8
v 1.1 0.5 -1.8
v 1.1 0.5 -1.7
v 1.2 0.5 -1.7
v 1.1 0.3 -1.8
v 1 0.3 -1.8
v 1 0.3 -1.7
v 1.1 0.3 -1.7
v 0.3 0.5 -1.8
v 0.2 0.5 -1.8
v 0.2 0.5 -1.6
v 0.3 0.5 -1.6
v -0.8 1.7 -1.8
v -1.1 1.7 -1.8
v -1.1 1.7 -1.7
v -0.8 1.7 -1.7
v -1.1 0.4 -1.8
v -1.2 0.4 -1.8
v -1.2 0.4 -1.7
v -1.1 0.4 -1.7
v -1.1 1.6 -1.8
v -1.2 1.6 -1.8
v -1.2 1.6 -1.7
v -1.1 1.6 -1.7
v -1.2 1.7 -1.8
v -1.6 1.7 -1.8
v -1.6 1.7 -1.7
v -1.2 1.7 -1.7
v -1.6 1.6 -1.8
v -1.7 1.6 -1.8
v -1.7 1.6 -1.7
v -1.6 1.6 -1.7
v -1.7 1.7 -1.8
v -1.9 1.7 -1.8
v -1.9 1.7 -1.7
v -1.7 1.7 -1.7
v -2 1.7 -1.8
v -2 1.7 -1.6
v -1.9 1.7 -1.6
v -2.1 1.7 -1.8
v -2.1 1.7 -0.8
v -2 1.7 -0.8
v -2.2 1.7 -1.8
v -2.2 1.7 -1.7
v -2.1 1.7 -1.7
v 3.6 0.4 -1.9
v 3.5 0.4 -1.9
v 3.5 0.4 -1.8
v 3.6 0.4 -1.8
v 2.1 2.2 -1.9
v 2 2.2 -1.9
v 2.1 2.2 -1.2
v 1.5 1.7 -1.9
v 1.4 1.7 -1.9
v 1.4 1.7 -0.6
v 1.5 1.7 -0.6
v 1.2 0.4 -1.9
v 1.1 0.4 -1.9
v 1.1 0.4 -1.8
v 1.2 0.4 -1.8
v -1 1.1 -1.9
v -1.1 1.1 -1.9
v -1.1 1.1 -1.8
v -1 1.1 -1.8
v -0.8 1.8 -1.9
v -1.9 1.8 -1.9
v -1.9 1.8 -1.8
v -0.8 1.8 -1.8
v -1.9 1.7 -1.9
v -2 1.7 -1.9
v -2 1.8 -1.9
v -2.2 1.8 -1.9
v -2.2 1.8 -1.8
v -2 1.8 -1.8
v 3.6 0.8 -2
v 3.5 0.8 -2
v 3.5 0.8 -1.9
v 3.6 0.8 -1.9
v 3.5 1.8 -2
v 3.4 1.8 -2
v 3.4 1.8 -0.6
v 3.5 1.8 -0.6
v 2.1 2.1 -2
v 2 2.1 -2
v 2 2.1 -1.9
v 2.1 2.1 -1.9
v 1.5 0.6 -2
v 1.4 0.6 -2
v 1.4 0.6 -1.9
v 1.5 0.6 -1.9
v 1.5 1.6 -2
v 1.4 1.6 -2
v 1.4 1.6 -1.9
v 1.5 1.6 -1.9
v -0.8 0.1 -2
v -0.9 0.1 -2
v -0.9 0.1 -1.7
v -0.8 0.1 -1.7
v -1 1.5 -2
v -1.1 1.5 -2
v -1.1 1.5 -1.9
v -1 1.5 -1.9
v -1.1 0.6 -2
v -1.2 0.6 -2
v -1.2 0.6 -1.9
v -1.1 0.6 -1.9
v -0.9 1.9 -2
v -1.6 1.9 -2
v -1.6 1.9 -1.9
v -0.9 1.9 -1.9
v -1.6 1.8 -2
v -1.7 1.8 -2
v -1.7 1.8 -1.9
v -1.6 1.8 -1.9
v -1.7 1.9 -2
v -2 1.9 -2
v -2 1.9 -1.9
v -1.7 1.9 -1.9
v -2 1.8 -2
v -2.1 1.8 -2
v -2.1 1.8 -1.9
v -2.1 1.9 -2
v -2.2 1.9 -2
v -2.2 1.9 -1.9
v -2.1 1.9 -1.9
v 3.5 1.7 -2.1
v 3.4 1.7 -2.1
v 3.4 1.7 -2
v 3.5 1.7 -2
v 3 2.2 -2.1
v 2.9 2.2 -2.1
v 2.9 2.2 -1.2
v 3 2.2 -1.2
v 1.4 1.6 -2.1
v 1.3 1.6 -2.1
v 1.3 1.6 -1.6
v 1.4 1.6 -1.6
v 0.3 0.5 -2.1
v 0.2 0.5 -2.1
v 0.2 0.5 -1.9
v 0.3 0.5 -1.9
v -1 1.3 -2.1
v -1.1 1.3 -2.1
v -1.1 1.3 -2
v -1 1.3 -2
v -1 1.9 -2.1
v -1.1 1.9 -2.1
v -1.1 1.9 -2
v -1 1.9 -2
v -1.1 0.4 -2.1
v -1.2 0.4 -2.1
v -1.2 0.4 -2
v -1.1 0.4 -2
v -1.1 0.7 -2.1
v -1.2 0.7 -2.1
v -1.2 0.7 -2
v -1.1 0.7 -2
v -1.3 1.9 -2.1
v -1.4 1.9 -2.1
v -1.4 1.9 -2
v -1.3 1.9 -2
v -1.4 2 -2.1
v -2.2 2 -2.1
v -2.2 2 -2
v -1.4 2 -2
v 3.9 1.4 -2.2
v 3.8 1.4 -2.2
v 3.8 1.4 -1.9
v 3.9 1.4 -1.9
v 3.8 1.5 -2.2
v 3.7 1.5 -2.2
v 3.7 1.5 -0.6
v 3.8 1.5 -0.6
v 3.7 1.6 -2.2
v 3.6 1.6 -2.2
v 3.6 1.6 -1.4
v 3.7 1.6 -1.4
v 3.6 1.7 -2.2
v 3.5 1.7 -2.2
v 3.5 1.7 -1.3
v 3.6 1.7 -1.3
v 3.5 1.8 -2.2
v 3.4 1.8 -2.2
v 3.4 1.8 -2.1
v 3.5 1.8 -2.1
v 3.4 1.9 -2.2
v 3.3 1.9 -2.2
v 3.3 1.9 -1.7
v 3.4 1.9 -1.7
v 3.3 2 -2.2
v 3.2 2 -2.2
v 3.2 2 -1.5
v 3.3 2 -1.5
v 3.2 2.1 -2.2
v 3.1 2.1 -2.2
v 3.1 2.1 -1.8
v 3.2 2.1 -1.8
v 3 2.1 -2.2
v 3 2.1 -1.2
v 3.1 2.1 -1.2
v 2.9 2.1 -2.2
v 2.9 2.1 -2.1
v 3 2.1 -2.1
v 2.9 2.2 -2.2
v 2.8 2.2 -2.2
v 2.9 2.2 -1.1
v 2.8 2.3 -2.2
v 2.7 2.3 -2.2
v 2.7 2.3 -1.5
v 2.8 2.3 -1.5
v 2.6 2.3 -2.2
v 2.6 2.3 -0.6
v 2.7 2.3 -0.6
v 2.6 2.4 -2.2
v 2.4 2.4 -2.2
v 2.4 2.4 -0.6
v 2.6 2.4 -0.6
v 2.4 2.3 -2.2
v 2.3 2.3 -2.2
v 2.4 2.3 -0.6
v 2.2 2.3 -2.2
v 2.2 2.3 -0.9
v 2.3 2.3 -0.9
v 2.2 2.2 -2.2
v 2.1 2.2 -2.2
v 2.1 2.2 -1.3
v 2.2 2.2 -1.3
v 2 2.2 -2.2
v 2 2.2 -2
v 2.1 2.2 -2
v 2 2.1 -2.2
v 1.9 2.1 -2.2
v 2 2.1 -1
v 1.8 2.1 -2.2
v 1.8 2.1 -1.7
v 1.9 2.1 -1.7
v 1.8 2 -2.2
v 1.7 2 -2.2
v 1.7 2 -1.5
v 1.8 2 -1.5
v 1.7 1.9 -2.2
v 1.6 1.9 -2.2
v 1.6 1.9 -0.8
v 1.7 1.9 -0.8
v 1.6 1.8 -2.2
v 1.5 1.8 -2.2
v 1.5 1.8 -1.6
v 1.6 1.8 -1.6
v 1.5 0.4 -2.2
v 1.4 0.4 -2.2
v 1.4 0.4 -2.1
v 1.5 0.4 -2.1
v 1.5 0.8 -2.2
v 1.4 0.8 -2.2
v 1.4 0.8 -2.1
v 1.5 0.8 -2.1
v 1.5 1.7 -2.2
v 1.4 1.7 -2.2
v 1.4 1.7 -2
v 1.5 1.7 -2
v 1.4 0.3 -2.2
v 1.3 0.3 -2.2
v 1.3 0.3 -2.1
v 1.4 0.3 -2.1
v 1.4 1.5 -2.2
v 1.3 1.5 -2.2
v 1.3 1.5 -2.1
v 1.4 1.5 -2.1
v 1.2 1.5 -2.2
v 1.2 1.5 -1.8
v 1.3 1.5 -1.8
v 1.1 0.3 -2.2
v 1.1 0.3 -2.1
v 1.2 1.4 -2.2
v 1.1 1.4 -2.2
v 1.1 1.4 -0.6
v 1.2 1.4 -0.6
v 1 0.3 -2.2
v 1 0.3 -2.1
v 0.4 0.3 -2.2
v 0.3 0.3 -2.2
v 0.4 0.3 -1.3
v -0.8 0.1 -2.2
v -0.9 0.1 -2.2
v -0.9 0.1 -2.1
v -0.8 0.1 -2.1
v -0.8 1.9 -2.2
v -0.9 1.9 -2.2
v -0.8 1.9 -1.9
v -1 0.1 -2.2
v -1 0.1 -1.5
v -0.9 0.1 -1.5
v -0.9 2 -2.2
v -1 2 -2.2
v -1 2 -2
v -0.9 2 -2
v -0.9 0.4 -2.2
v -1.1 0.4 -2.2
v -0.9 0.4 -1.7
v -1 1.5 -2.2
v -1.1 1.5 -2.2
v -1.1 1.5 -2.1
v -1 1.5 -2.1
v -1.1 2 -2.2
v -1.1 2 -2.1
v -1 2 -2.1
v -1.3 2 -2.2
v -1.3 2 -2
v -1.1 2 -2
v -1.3 2.2 -2.2
v -1.7 2.2 -2.2
v -1.7 2.2 -2.1
v -1.3 2.2 -2.1
v -1.7 2 -2.2
v -2.2 2 -2.2
v -1.7 2 -2.1
v 3.8 0.4 3.9
v 3.8 0.4 4
v 3.7 0.4 4
v 3.7 0.4 3.9
v 3.8 0 3.9
v 3.8 0 4
v 3.6 0 4
v 3.6 0 3.9
v 3.5 0 3.9
v 3.5 0 4
v 3.3 0 4
v 3.3 0 3.9
v 3.2 0 3.9
v 3.2 0 4
v 3 0 4
v 3 0 3.9
v 3.1 0.2 3.9
v 3.1 0.2 4
v 3 0.2 4
v 3 0.2 3.9
v 2.9 0.3 3.9
v 2.9 0.3 4
v 2.8 0.3 4
v 2.8 0.3 3.9
v 2.9 0 3.9
v 2.9 0 4
v 2.7 0 4
v 2.7 0 3.9
v 2.6 0.3 3.9
v 2.6 0.3 4
v 2.5 0.3 4
v 2.5 0.3 3.9
v 2.6 0 3.9
v 2.6 0 4
v 2.4 0 4
v 2.4 0 3.9
v 2.3 0.3 3.9
v 2.3 0.3 4
v 2.2 0.3 4
v 2.2 0.3 3.9
v 2.3 0 3.9
v 2.3 0 4
v 2.1 0 4
v 2.1 0 3.9
v 2 0.4 3.9
v 2 0.4 4
v 1.9 0.4 4
v 1.9 0.4 3.9
v 2 0 3.9
v 2 0 4
v 1.8 0 4
v 1.8 0 3.9
v 1.7 0.4 3.9
v 1.7 0.4 4
v 1.6 0.4 4
v 1.6 0.4 3.9
v 1.7 0 3.9
v 1.7 0 4
v 1.5 0 4
v 1.5 0 3.9
v 1.7 0.2 3.9
v 1.7 0.2 4
v 1.5 0.2 4
v 1.5 0.2 3.9
v 1.4 0 3.9
v 1.4 0 4
v 1.2 0 4
v 1.2 0 3.9
v 1.3 0.4 3.9
v 1.3 0.4 4
v 1.2 0.4 4
v 1.2 0.4 3.9
v 1.1 0.2 3.9
v 1.1 0.2 4
v 1 0.2 4
v 1 0.2 3.9
v 1.1 0 3.9
v 1.1 0 4
v 0.9 0 4
v 0.9 0 3.9
v 0.8 0.2 3.9
v 0.8 0.2 4
v 0.7 0.2 4
v 0.7 0.2 3.9
v 0.8 0 3.9
v 0.8 0 4
v 0.6 0 4
v 0.6 0 3.9
v 0.7 0.4 3.9
v 0.7 0.4 4
v 0.6 0.4 4
v 0.6 0.4 3.9
v 0.5 0 3.9
v 0.5 0 4
v 0.3 0 4
v 0.3 0 3.9
v 0.2 0.2 3.9
v 0.2 0.2 4
v 0.1 0.2 4
v 0.1 0.2 3.9
v 0.2 0 3.9
v 0.2 0 4
v 0 0 4
v 0 0 3.9
v 4 0 3.8
v 4 0 4
v 3.9 0 4
v 3.9 0 3.8
v 4 0.3 3.8
v 4 0.3 3.9
v 3.9 0.3 3.8
v 3.8 0.2 3.8
v 1.5 0.2 3.8
v 1.4 0.2 3.8
v 1.4 0.2 3.9
v 0.1 0.2 3.8
v 0.1 0 3.8
v 0.1 0 3.9
v 0 0 3.8
v -0.7 1.1 3.7
v -0.7 1.1 3.8
v -0.8 1.1 3.8
v -0.8 1.1 3.7
v -0.9 1 3.7
v -0.9 1 3.8
v -1 1 3.8
v -1 1 3.7
v 4 0.2 3.6
v 4 0.2 3.7
v 3.9 0.2 3.7
v 3.9 0.2 3.6
v 1.6 0.6 3.6
v 1.6 0.6 3.7
v 1.5 0.6 3.7
v 1.5 0.6 3.6
v -0.5 0.9 3.6
v -0.5 0.9 3.7
v -0.6 0.9 3.7
v -0.6 0.9 3.6
v -0.5 1.1 3.7
v -0.6 1.1 3.7
v -0.6 1.1 3.6
v -0.7 0.9 3.6
v -0.7 0.9 3.7
v -0.9 0.9 3.7
v -0.9 0.9 3.6
v -0.9 0.8 3.6
v -0.9 0.8 3.7
v -1 0.8 3.7
v -1 0.8 3.6
v -1 1 3.6
v -1.1 1 3.7
v -1.1 1 3.6
v 4 0 3.5
v 4 0 3.7
v 3.9 0 3.7
v 3.9 0 3.5
v 3.3 0.3 3.5
v 3.3 0.3 3.6
v 3.2 0.3 3.6
v 1.6 0.7 3.5
v 1.5 0.7 3.5
v 1.4 0.7 3.7
v 1.4 0.7 3.6
v 1.3 0.7 3.6
v 0.1 0 3.5
v 0.1 0 3.7
v 0 0 3.7
v 0 0 3.5
v -0.4 1 3.6
v -0.5 1 3.5
v -0.4 1.2 3.5
v -0.4 1.2 3.6
v -0.5 1.2 3.5
v -0.6 0.8 3.5
v -0.6 0.8 3.7
v -0.7 0.8 3.7
v -0.7 0.8 3.5
v -0.8 0.8 3.5
v -0.8 0.8 3.6
v -0.9 0.8 3.5
v -1 0.8 3.5
v -1.2 0.8 3.6
v -1.2 0.8 3.5
v -1.1 1 3.5
v -1.2 1 3.6
v -1.2 1 3.5
v -1.1 1.4 3.5
v -1.1 1.4 3.6
v -1.2 1.4 3.6
v -1.2 1.4 3.5
v 3.2 0.2 3.4
v 3.2 0.2 3.5
v 3.1 0.2 3.5
v 3.1 0.2 3.4
v 1.5 0.6 3.4
v 1.5 0.6 3.5
v 1.3 0.5 3.5
v 1.2 0.5 3.5
v -0.3 0.9 3.4
v -0.3 0.9 3.5
v -0.4 0.9 3.5
v -0.4 0.9 3.4
v -0.5 0.9 3.5
v -0.5 0.9 3.4
v -0.5 0.8 3.4
v -0.5 0.8 3.6
v -0.6 0.8 3.6
v -0.6 0.8 3.4
v -0.6 0.7 3.4
v -0.6 0.7 3.5
v -0.7 0.7 3.5
v -0.7 0.7 3.4
v -0.7 0 3.4
v -0.7 0 3.5
v -0.8 0 3.5
v -0.8 0 3.4
v -0.7 0.7 3.6
v -0.8 0.7 3.6
v -0.8 0.7 3.4
v -0.8 0.7 3.5
v -0.9 0.7 3.5
v -0.9 0.7 3.4
v -1.3 1.4 3.5
v 4 0.3 3.3
v 4 0.3 3.4
v 3.9 0.3 3.4
v 3.9 0.3 3.3
v 3.5 0.3 3.4
v 3.4 0.3 3.4
v 3.3 0 3.3
v 3.3 0 3.4
v 3.2 0 3.4
v 3.2 0 3.3
v 3.3 0.2 3.3
v 3.3 0.2 3.4
v 3.2 0.2 3.3
v 3.1 0.1 3.4
v 2.1 0.3 3.4
v 2 0.3 3.4
v 1.4 0.5 3.3
v 1.4 0.5 3.4
v 1.3 0.5 3.3
v 1.3 0.4 3.3
v 1.3 0.4 3.4
v 1.2 0.4 3.4
v 1.2 0.4 3.3
v 1.2 0.1 3.4
v 1.1 0 3.3
v 1.1 0 3.4
v 1 0 3.4
v 1 0 3.3
v -0.3 1.3 3.3
v -0.3 1.3 3.5
v -0.4 1.3 3.3
v -0.4 0.8 3.3
v -0.4 0.8 3.4
v -0.5 0.8 3.3
v -0.6 0.8 3.3
v -0.6 0 3.3
v -0.6 0 3.4
v -0.8 0 3.3
v -0.7 0.4 3.3
v -0.7 0.4 3.4
v -0.8 0.2 3.3
v -0.8 0.2 3.4
v -0.9 0.2 3.4
v -0.9 0.2 3.3
v -0.8 0.5 3.3
v -0.8 0.5 3.4
v -0.9 0.5 3.4
v -0.9 0.5 3.3
v -0.9 0.7 3.3
v -0.9 0.7 3.6
v -1 0.7 3.6
v -1 0.7 3.3
v -0.9 0 3.3
v -0.9 0 3.4
v -1.1 0 3.4
v -1.1 0 3.3
v -1 0.7 3.5
v -1.1 0.7 3.5
v -1.1 0.7 3.3
v -1.1 0.9 3.3
v -1.2 0.9 3.3
v -1.2 1.2 3.4
v -1.3 1.2 3.4
v 4 0 3.2
v 4 0 3.4
v 3.9 0 3.4
v 3.9 0 3.2
v 3.4 0 3.2
v 3.4 0 3.3
v 3.3 0 3.2
v 3.2 0 3.2
v 3.2 0.1 3.2
v 3.1 0 3.2
v 3.1 0 3.3
v 3 0 3.3
v 3 0 3.2
v 3.1 0.2 3.3
v 3 0.2 3.3
v 2.9 0.3 3.3
v 2.2 0.3 3.3
v 2.1 0.2 3.3
v 2 0.2 3.3
v 1.9 0.3 3.3
v 1.3 0.3 3.2
v 1.3 0.3 3.3
v 1.2 0.3 3.2
v 1.2 0 3.2
v 1.2 0 3.3
v 1.1 0 3.2
v 1 0.3 3.3
v 0.9 0.4 3.3
v 0.9 0.4 3.2
v 0.9 0.5 3.4
v 0.8 0.5 3.4
v 0.8 0.5 3.2
v 0.5 0.5 3.2
v 0.5 0.5 3.3
v 0.4 0.5 3.3
v 0.4 0.5 3.2
v 0.5 0.7 3.3
v 0.4 0.7 3.3
v 0.1 0 3.2
v 0.1 0 3.4
v 0 0 3.4
v 0 0 3.2
v -0.3 1.1 3.2
v -0.4 1.1 3.2
v -0.3 0.9 3.2
v -0.3 0.9 3.3
v -0.5 0.9 3.3
v -0.5 0.9 3.2
v -0.5 0.7 3.2
v -0.5 0.7 3.3
v -0.6 0.7 3.3
v -0.6 0.7 3.2
v -0.6 0 3.2
v -0.7 0 3.3
v -0.7 0 3.2
v -0.9 0 3.2
v -1 0 3.3
v -1 0 3.2
v -0.9 0.7 3.2
v -1 0.7 3.2
v -1.1 0.8 3.2
v -1.1 0.8 3.3
v -1.2 0.8 3.3
v -1.2 0.8 3.2
v -1.2 1 3.2
v -1.2 1 3.4
v -1.3 1 3.4
v -1.3 1 3.2
v 3.4 0.6 3.1
v 3.4 0.6 3.2
v 3.4 0.1 3.1
v 3.2 0.1 3.1
v 3.3 0.4 3.1
v 3 0.1 3.1
v 2.9 0.2 3.2
v 2.9 0.2 3.1
v 2.8 0.3 3.2
v 2.8 0.3 3.1
v 2.2 0 3.1
v 2.2 0 3.2
v 2.1 0 3.2
v 2.1 0 3.1
v 2.2 0.2 3.1
v 2.2 0.2 3.2
v 2 0.1 3.2
v 1.9 0.2 3.2
v 1.9 0.2 3.1
v 1.8 0.3 3.2
v 1.8 0.3 3.1
v 1.2 0 3.1
v 1.1 0 3.1
v 1 0 3.1
v 0.9 0 3.3
v 0.9 0 3.1
v 0.9 0.3 3.2
v 0.9 0.3 3.1
v 0.8 0.6 3.2
v 0.8 0.6 3.1
v 0.8 0.7 3.3
v 0.7 0.7 3.3
v 0.7 0.7 3.1
v 0.7 0.8 3.1
v 0.6 0.8 3.3
v 0.6 0.7 3.1
v 0.6 0.7 3.3
v 0.5 0.6 3.1
v 0.4 0.6 3.1
v -0.4 0.9 3.1
v -0.4 0.9 3.2
v -0.5 0.9 3.1
v -0.5 0 3.1
v -0.5 0 3.3
v -0.6 0 3.1
v -0.5 0.8 3.1
v -0.5 0.8 3.2
v -0.6 0.8 3.2
v -0.6 0.8 3.1
v -0.6 0.7 3.1
v -0.7 0.7 3.1
v -0.7 0.7 3.2
v -0.8 0.7 3.2
v -0.8 0.7 3.1
v -0.8 0 3.1
v -0.9 0 3.5
v -0.9 0 3.1
v -1 0.7 3.1
v -1.1 0.9 3.1
v -1.1 0.9 3.2
v -1.2 0.9 3.2
v -1.2 0.9 3.1
v -1.3 1.2 3.1
v 3.6 0.3 3
v 3.6 0.3 3.1
v 3.5 0.3 3
v 3.5 0.2 3
v 3.5 0.2 3.3
v 3.4 0.2 3.3
v 3.4 0.2 3
v 3.3 0 3
v 3.3 0 3.1
v 3.2 0 3.1
v 3.2 0 3
v 3.1 0 3
v 3.1 0.2 3
v 3 0.2 3
v 2.9 0.3 3
v 2.4 0.2 3
v 2.4 0.2 3.1
v 2.3 0.2 3.1
v 2.3 0.2 3
v 2.3 0.1 3.1
v 2.1 0.1 3
v 2.1 0 3
v 1.9 0 3.1
v 1.9 0 3
v 1.3 0 3
v 1.3 0 3.3
v 1.2 0 3
v 1.3 0.4 3
v 1.3 0.4 3.1
v 1.2 0.4 3.1
v 1.2 0.4 3
v 1.2 0.3 3
v 1 0 3
v 1 0.2 3.1
v 1 0.2 3
v 1.1 0.4 3
v 1.1 0.4 3.1
v 1 0.4 3.1
v 1 0.4 3
v 0.9 0.5 3
v 0.9 0.5 3.1
v 0.8 0.5 3.1
v 0.8 0.5 3
v -0.4 1.4 3
v -0.4 1.4 3.1
v -0.5 1.4 3.1
v -0.5 0.8 3
v -0.7 0.8 3.1
v -0.7 0.8 3
v -0.7 0 3
v -0.8 0 3
v -0.7 0.7 3
v -0.8 0.7 3
v -0.9 0 3
v -0.8 0.8 3
v -0.8 0.8 3.1
v -0.9 0.8 3.1
v -0.9 0.8 3
v -0.9 0.7 3
v -0.9 0.7 3.1
v -1 0.7 3
v -1.1 1 3
v -1.1 1 3.1
v -1.2 1 3.1
v -1.2 1 3
v 4 0 2.9
v 4 0 3.1
v 3.9 0 3.1
v 3.9 0 2.9
v 4 0.2 2.9
v 4 0.2 3
v 3.9 0.2 3
v 3.9 0.2 2.9
v 4 0.4 2.9
v 4 0.4 3
v 3.9 0.4 3
v 3.9 0.4 2.9
v 3.3 0.2 2.9
v 3.3 0.2 3.1
v 3.2 0.2 3.1
v 3.2 0.2 2.9
v 3.1 0.3 2.9
v 3 0.3 2.9
v 2.5 0.3 2.9
v 2.5 0.3 3
v 2.4 0.3 2.9
v 2.3 0 2.9
v 2.3 0 3
v 2.2 0 3
v 2.2 0 2.9
v 2.3 0.2 2.9
v 2.2 0.2 3
v 2.2 0.2 2.9
v 2.1 0 2.9
v 2 0.4 2.9
v 2 0 2.9
v 2 0 3
v 1.9 0 2.9
v 2 0.2 2.9
v 2 0.2 3
v 1.8 0.2 3
v 1.8 0.2 2.9
v 1.8 0.3 2.9
v 1.8 0.3 3
v 1.7 0.3 3
v 1.7 0.3 2.9
v 1.3 0.5 2.9
v 1.2 0.5 2.9
v 0.1 0 2.9
v 0.1 0 3.1
v 0 0 3.1
v 0 0 2.9
v -0.5 1 2.9
v -0.5 1 3
v -0.6 1 3
v -0.6 1 2.9
v -0.5 1.3 2.9
v -0.5 1.3 3
v -0.6 1.3 3
v -0.6 0.8 2.9
v -0.6 0.8 3
v -0.7 0.8 2.9
v -0.8 0.9 2.9
v -0.8 0.9 3
v -1 0.8 2.9
v -1 0.8 3.3
v -1.1 0.8 2.9
v -1 1 3
v -1.1 1 2.9
v 3.3 0.3 2.8
v 3.3 0.3 2.9
v 3.2 0.3 2.9
v 3.2 0.3 2.8
v 2.2 0 2.8
v 2.1 0 2.8
v 2 0.1 3
v 2 0.1 2.8
v 2.1 0.6 2.8
v 2 0.6 2.8
v 1.2 0.6 2.8
v 1.2 0.6 2.9
v 1.1 0.6 2.9
v 1.1 0.6 2.8
v -0.6 1.1 2.8
v -0.7 1.1 2.9
v -0.7 1.1 2.8
v -0.7 0.9 2.8
v -0.7 0.9 3
v -0.8 0.9 2.8
v -0.9 0.9 2.8
v -0.9 0.9 2.9
v -1 0.9 2.8
v -0.9 1.1 2.8
v -0.9 1.1 2.9
v -1 1.1 2.8
v 2.3 0.3 2.7
v 2.3 0.3 2.8
v 2.2 0.2 2.7
v 2.2 0.2 2.8
v 1.9 0.2 2.8
v 1.9 0.2 2.7
v 4 0 2.6
v 4 0 2.8
v 3.9 0 2.8
v 3.9 0 2.6
v 2 0.3 2.6
v 1.9 0.3 2.7
v 1.9 0.3 2.6
v 0.1 0 2.6
v 0.1 0 2.8
v 0 0 2.8
v 0 0 2.6
v 3.1 0.1 2.5
v 1.1 0.1 2.4
v 1.1 0.1 2.5
v 1 0.1 2.5
v 4 0 2.3
v 4 0 2.5
v 3.9 0 2.5
v 3.9 0 2.3
v 3.2 0.3 2.3
v 3.2 0.3 2.4
v 3.1 0.3 2.3
v 2.9 0 2.3
v 2.9 0 2.4
v 2.8 0 2.4
v 2.8 0 2.3
v 2.9 0.2 2.3
v 2.9 0.2 2.4
v 2.8 0.2 2.4
v 2.8 0.2 2.3
v 2.8 0.4 2.4
v 2.7 0 2.4
v 2.7 0 2.3
v 1.3 0.3 2.3
v 1.3 0.3 2.4
v 1.2 0.3 2.3
v 1 0.2 2.3
v 0.9 0.2 2.4
v 0.2 0.2 2.3
v 0.2 0.2 3.8
v 0.1 0.2 2.3
v 0.1 0 2.3
v 0.1 0 2.5
v 0 0 2.5
v 0 0 2.3
v 3.3 0.1 2.3
v 3.2 0.1 2.2
v 3.3 0.3 2.3
v 3.2 0.3 2.2
v 2.8 0.3 2.2
v 2.7 0.3 2.3
v 2.7 0.3 2.2
v 1.4 0 2.2
v 1.4 0 2.3
v 1.3 0 2.3
v 1.3 0 2.2
v 0.9 0.1 2.2
v 0.8 0.1 2.3
v 0.8 0.1 2.2
v 0.9 0.3 2.2
v 0.8 0.3 2.3
v 0.8 0.3 2.2
v 4 0.3 2.1
v 4 0.3 2.2
v 3.9 0.3 2.2
v 3.9 0.3 2.1
v 3.4 0.2 2.1
v 3.4 0.2 2.2
v 3.3 0.2 2.1
v 3.4 0 2.1
v 3.4 0 2.2
v 3.2 0 2.2
v 3.2 0 2.1
v 2.8 0 2.1
v 2.8 0 2.2
v 2.7 0 2.2
v 2.7 0 2.1
v 2.6 0.3 2.2
v 1.5 0.1 2.1
v 1.5 0.1 2.2
v 1.4 0.1 2.1
v 1.4 0 2.1
v 1.3 0 2.1
v 3.3 0 2
v 3.3 0 2.1
v 3.2 0 2
v 2.8 0 2
v 2.7 0 2
v 2.7 0.1 2.1
v 2.6 0.1 2.1
v 2.6 0.1 2
v 1.5 0.3 2
v 1.4 0.3 2
v 1.4 0 2
v 1.3 0 2
v 0.9 0 2
v 0.9 0 2.2
v 0.8 0 2.2
v 0.8 0 2
v 0.8 0 2.1
v 0.7 0 2.1
v 0.7 0 2
v 0.8 0.2 2.1
v 0.7 0.2 2.1
v 0.7 0.2 2
v 4 0.2 1.9
v 4 0.2 2
v 3.9 0.2 2
v 3.9 0.2 1.9
v 4 0.4 2
v 3.9 0.4 2
v 3.3 0.1 1.9
v 3.3 0.1 2
v 3.2 0.1 2
v 3.3 0.3 1.9
v 3.3 0.3 2
v 3.2 0.3 2
v 2.8 0 1.9
v 2.7 0 1.9
v 1.4 0.3 1.9
v 1.3 0.3 2
v 1.3 0 1.9
v 1.3 0 2.4
v 1.2 0 2.4
v 1.2 0 1.9
v 0.9 0.1 2
v 0.8 0.1 1.9
v 0.9 0.3 1.9
v 0.9 0.3 2
v 0.8 0.3 1.9
v 4 0 1.8
v 4 0 2.2
v 3.9 0 2.2
v 3.9 0 1.8
v 3.2 0.2 1.8
v 3.1 0.2 1.9
v 3.2 0 1.8
v 3.2 0 2.4
v 3 0 2.4
v 3 0 1.8
v 2.9 0 1.8
v 2.8 0 1.8
v 2.9 0.3 1.9
v 2.8 0.3 1.9
v 2.8 0.3 1.8
v 1.4 0 1.8
v 1.4 0 1.9
v 1.3 0 1.8
v 1.2 0 1.8
v 1.3 0.2 1.8
v 1.3 0.2 1.9
v 1.2 0.2 1.9
v 1.2 0.2 1.8
v 1.3 0.4 1.8
v 1.1 0 1.8
v 1.1 0 2.4
v 0.9 0 2.4
v 0.9 0 1.8
v 1 0.3 1.9
v 0.9 0.3 1.8
v 3.1 0.1 1.7
v 3 0.1 1.8
v 3 0.1 1.7
v 3 0 1.7
v 3 0 2.5
v 2.9 0 2.5
v 2.9 0 1.7
v 1.2 0 1.7
v 1.2 0 2.5
v 1.1 0 2.5
v 1.1 0 1.7
v 1 0.1 1.7
v 4 0 1.5
v 4 0 1.7
v 3.9 0 1.7
v 3.9 0 1.5
v 4 0.2 1.5
v 4 0.2 1.6
v 3.9 0.2 1.6
v 3.9 0.2 1.5
v 2.2 0.3 1.5
v 2.2 0.3 1.6
v 2.1 0.3 1.6
v -2.1 2.4 1.6
v -2.2 2.4 1.6
v -2.1 2.6 1.6
v -2.2 2.6 1.6
v 2.2 0.2 1.4
v 2.2 0.2 1.5
v 1.9 0.2 1.5
v 1.9 0.2 1.4
v 1.8 0.3 1.5
v 1.8 0.3 1.4
v -2.1 2.2 1.4
v -2.1 2.2 1.5
v -2.2 2.2 1.5
v -2.2 2.2 1.4
v -2.1 2.5 1.4
v -2.2 2.5 1.4
v -2.2 2.7 1.4
v -2.1 3 1.5
v -2.2 3 1.5
v 4 0.3 1.4
v 3.9 0.3 1.4
v 3 0.6 1.3
v 3 0.6 1.4
v 2.9 0.6 1.4
v 2.9 0.6 1.3
v 2.1 0.6 1.4
v 2 0.6 1.4
v 2 0 1.3
v 2 0 1.4
v 1.9 0 1.4
v 1.9 0 1.3
v -2 2.4 1.3
v -2 2.4 1.4
v -2.2 2.4 1.3
v 4 0 1.2
v 4 0 1.4
v 3.9 0 1.4
v 3.9 0 1.2
v 2.9 0.5 1.3
v 2.8 0.5 1.3
v 2.4 0.3 1.2
v 2.4 0.3 1.3
v 2.3 0.3 1.3
v 2.3 0.3 1.2
v 2.3 0.2 1.2
v 2.3 0.2 1.3
v 2.1 0.2 1.3
v 2.1 0.2 1.2
v 2.1 0.1 1.2
v 2.1 0.1 1.4
v 2 0.1 1.2
v 2.1 0.4 1.3
v 2 0 1.2
v 1.9 0 1.2
v 1.8 0 1.3
v 1.8 0 1.2
v 1.9 0.2 1.2
v 1.9 0.2 1.3
v 1.8 0.2 1.3
v 1.8 0.2 1.2
v 1.7 0.3 1.3
v 1.6 0.3 1.3
v 1.6 0.3 1.2
v -2 2.5 1.2
v -2 2.5 1.3
v -2.1 2.5 1.3
v -2.1 2.5 1.2
v -2.1 2.4 1.2
v -2.1 2.4 1.3
v -2.2 2.4 1.2
v 3.3 0.5 1.1
v 3.3 0.5 1.2
v 3.2 0.5 1.2
v 3.2 0.5 1.1
v 3.1 0.2 1.1
v 3.1 0.2 1.2
v 3.1 0.4 1.1
v 3.1 0.4 1.2
v 3 0.4 1.2
v 3 0.4 1.1
v 2.9 0.3 1.2
v 3.1 0 1.1
v 3.1 0 1.2
v 2.8 0 1.2
v 2.8 0 1.1
v 2.9 0.4 1.1
v 2.9 0.4 1.2
v 2.8 0.4 1.2
v 2.8 0.4 1.1
v 2.2 0 1.1
v 2.2 0 1.3
v 2.1 0 1.3
v 2.1 0 1.1
v 2.1 0 1.2
v 2 0 1.1
v 1.8 0.1 1.1
v 1.8 0.2 1.1
v 1.7 0.2 1.2
v 1.7 0.2 1.1
v -2 2.6 1.1
v -2.1 2.6 1.1
v -2 2.8 1.1
v -2.1 2.8 1.1
v -2.1 2.2 1.1
v -2.1 2.2 1.2
v -2.2 2.2 1.2
v -2.2 2.2 1.1
v -2.1 3 1.2
v -2.2 3 1.2
v 4 0.1 1.1
v 3.9 0.1 1.1
v 3.7 0.6 1.1
v 3.6 0.6 1.1
v 3.4 0.8 1.1
v 3.3 0.6 1
v 3.3 0.6 1.1
v 3.2 0.3 1
v 3.2 0.3 1.1
v 3 0 1
v 3 0 1.1
v 2.9 0 1.1
v 2.9 0 1
v 2.3 0.3 1
v 2.3 0.3 1.1
v 2.2 0.2 1
v 2.2 0.2 1.1
v 2.1 0.1 1
v 2 0 1
v 1.9 0 1.1
v 1.9 0 1
v 1.9 0.2 1.1
v 1.9 0.2 1
v -2.1 2.3 1
v -2.1 2.3 1.1
v -2.2 2.3 1.1
v -2.2 2.3 1
v 4 0 0.9
v 4 0 1
v 3.9 0 1
v 3.9 0 0.9
v 4 0.2 0.9
v 4 0.2 1
v 3.9 0.2 1
v 3.9 0.2 0.9
v 3.7 0.5 0.9
v 3.7 0.5 1
v 3.6 0.5 1
v 3.6 0.5 0.9
v 3.7 0.7 0.9
v 3.6 0.7 0.9
v 3.5 0.7 1.1
v 3.5 0.7 0.9
v 3.4 0.7 0.9
v 3.4 0.7 1.1
v 3.3 0.7 0.9
v 3.2 0 0.9
v 3.2 0 1.1
v 3.1 0 0.9
v 3.2 0.4 0.9
v 3.2 0.4 1
v 3 0 0.9
v 3.1 0.3 0.9
v 2.9 0 0.9
v 2.8 0 0.9
v 2.8 0.3 1
v 2.8 0.3 0.9
v 2.2 0.3 0.9
v 2.1 0.2 0.9
v 2 0.2 0.9
v 1.9 0.3 0.9
v -2.1 2.6 0.9
v -2.1 2.6 1
v -2.2 2.6 1
v -2.2 2.6 0.9
v -2.1 2.8 1
v -2.2 2.8 1
v 3.3 0.5 0.8
v 3.3 0.5 1
v 3.2 0.5 0.8
v 3.1 0 0.8
v 3 0 0.8
v 2.9 0.1 0.8
v 2.9 0.4 0.8
v 2.9 0.4 0.9
v 2.8 0.4 0.9
v 2.8 0.4 0.8
v 2.8 0.5 0.9
v 2.7 0.5 0.9
v 2.7 0.5 0.8
v 2.1 0.3 0.8
v 2 0.3 0.8
v -2.1 2.7 0.8
v -2.2 2.7 0.8
v 2.9 0.5 0.7
v 2.8 0.5 0.7
v 2.6 0.6 0.8
v 2.6 0.6 0.7
v -2.1 2.1 0.7
v -2.1 2.1 1
v -2.2 2.1 1
v -2.2 2.1 0.7
v 4 0 0.6
v 4 0 0.8
v 3.9 0 0.8
v 3.9 0 0.6
v 4 0.4 0.6
v 4 0.4 0.7
v 3.9 0.4 0.7
v 3.9 0.4 0.6
v 2.8 0.7 0.6
v 2.5 0.7 0.7
v 2.7 0.7 0.5
v 2.7 0.7 0.6
v 2.6 0.6 0.5
v 2.6 0.6 0.6
v 2.5 0.6 0.6
v 2.5 0.6 0.5
v -0.6 0.2 0.5
v -0.6 0.2 0.6
v -0.7 0.2 0.6
v -0.7 0.2 0.5
v -0.7 0.3 0.5
v -0.7 0.3 0.6
v -0.8 0.3 0.6
v -0.8 0.3 0.5
v -0.8 0.4 0.5
v -0.8 0.4 0.6
v -0.9 0.4 0.6
v -0.9 0.4 0.5
v -0.9 0.3 0.5
v -0.9 0.3 0.6
v -1 0.2 0.5
v -1 0.2 0.6
v -1.2 0.2 0.6
v -1.2 0.2 0.5
v 4 0 0.4
v 4 0 0.5
v 3.9 0 0.5
v 3.9 0 0.4
v -0.5 0.2 0.4
v -0.5 0.2 0.6
v -0.6 0.2 0.4
v -0.7 0.2 0.4
v -0.8 0.2 0.5
v -0.8 0.2 0.4
v -0.8 0.3 0.4
v -0.9 0.3 0.4
v -0.9 0.2 0.4
v -0.9 0.2 0.5
v -1 0.2 0.4
v 4 0.1 0.3
v 4 0.1 0.4
v 3.9 0.1 0.4
v 3.9 0.1 0.3
v -0.7 0 0.3
v -0.7 0 0.4
v -1 0 0.4
v -1 0 0.3
v -0.6 0 0.1
v -0.6 0 0.5
v -0.7 0 0.5
v -0.7 0 0.1
v -1 0 0.1
v -1 0 0.5
v -1.1 0 0.5
v -1.1 0 0.1
v 4 0 0
v 4 0 0.2
v 3.9 0 0.2
v 3.9 0 0
v 4 0.4 0
v 3.9 0.4 0
v 3.9 0.2 0
v 3.8 0.2 0
v -0.5 0.2 0
v -0.5 0.2 0.3
v -0.6 0.2 0.3
v -0.6 0.2 0
v -0.6 0.2 0.1
v -0.7 0.2 0.1
v -0.7 0.2 0
v -0.7 0.3 0
v -0.7 0.3 0.1
v -0.8 0.3 0.1
v -0.8 0.3 0
v -0.8 0.4 0
v -0.8 0.4 0.1
v -0.9 0.4 0.1
v -0.9 0.4 0
v -0.9 0.3 0
v -0.9 0.3 0.1
v -1 0.3 0
v -1 0.2 0
v -1 0.2 0.1
v -1.1 0.2 0.1
v -1.1 0.2 0
v -1.1 0.2 0.5
v -1.2 0.2 0
v -0.2 0.1 -0.1
v -0.2 0.1 0
v -0.3 0.1 0
v 0 0.3 -0.2
v 0 0.3 -0.1
v -0.1 0.3 -0.2
v -0.3 0.2 -0.2
v -0.4 0.2 -0.1
v -1.7 0 -0.2
v -1.7 0 0
v -2.2 0 0
v -2.2 0 -0.2
v 2.6 1 -0.2
v 2.5 1 -0.2
v 2.6 1.7 -0.3
v 2.6 1.7 -0.2
v 2.5 1.7 -0.2
v 2.5 1.7 -0.3
v 0.1 0 -0.3
v 0.1 0 -0.2
v 0 0 -0.2
v 0 0 -0.3
v -0.4 0.1 -0.3
v -0.5 0.1 -0.2
v -0.5 0.1 -0.3
v -0.4 0.3 -0.3
v -0.5 0.3 -0.2
v -0.5 0.3 -0.3
v 2.6 0.9 -0.4
v 2.6 0.9 -0.3
v 2.5 0.9 -0.3
v 2.5 0.9 -0.4
v 2.6 1.2 -0.4
v 2.5 1.2 -0.4
v 0.2 0.1 -0.4
v 0.2 0.1 -0.3
v 0.1 0.1 -0.4
v 0.1 0 -0.4
v 0 0 -0.4
v 2.6 1 -0.5
v 2.5 1 -0.5
v 2.6 1.6 -0.4
v 2.5 1.6 -0.4
v 0.2 0.3 -0.5
v 0.1 0.3 -0.5
v 0.1 0 -0.5
v 0 0 -0.5
v -0.4 0 -0.5
v -0.4 0 -0.3
v -0.5 0 -0.3
v -0.5 0 -0.5
v -0.5 0 -0.4
v -0.6 0 -0.4
v -0.6 0 -0.5
v -0.5 0.2 -0.4
v -0.6 0.2 -0.4
v -0.6 0.2 -0.5
v -2.1 0 -0.5
v -2.1 0 -0.4
v -2.2 0 -0.4
v -2.2 0 -0.5
v 0.1 0.3 -0.6
v 0 0.3 -0.5
v 0 0 -0.6
v 0 0 -0.1
v -0.1 0 -0.1
v -0.1 0 -0.6
v -0.4 0.1 -0.5
v -0.5 0.1 -0.6
v -0.4 0.3 -0.6
v -0.4 0.3 -0.5
v -0.5 0.3 -0.6
v 3.6 1.5 -0.7
v 3.6 1.5 -0.6
v 3.5 1.5 -0.6
v 3.5 1.5 -0.7
v 3.4 1.6 -0.6
v 3.4 1.6 -0.7
v 3.4 1.7 -0.7
v 3.4 1.7 -0.6
v 3.3 1.7 -0.6
v 3.3 1.7 -0.7
v 3.3 1.8 -0.7
v 3.3 1.8 -0.6
v 3.2 1.8 -0.6
v 3.2 1.8 -0.7
v 3.2 1.9 -0.7
v 3.2 1.9 -0.6
v 3.1 1.9 -0.6
v 3.1 1.9 -0.7
v 3.1 2 -0.7
v 3.1 2 -0.6
v 2.9 2 -0.6
v 2.9 2 -0.7
v 2.9 2.1 -0.7
v 2.9 2.1 -0.6
v 2.7 2.1 -0.6
v 2.7 2.1 -0.7
v 2.6 1.5 -0.7
v 2.6 1.5 -0.5
v 2.5 1.5 -0.5
v 2.5 1.5 -0.7
v 2.6 1.7 -0.7
v 2.6 1.7 -0.5
v 2.5 1.7 -0.5
v 2.5 1.7 -0.7
v 2.3 2.2 -0.6
v 2.3 2.2 -0.7
v 2.3 2.1 -0.7
v 2.3 2.1 -0.6
v 2.1 2.1 -0.6
v 2.1 2.1 -0.7
v 2.1 2 -0.7
v 2.1 2 -0.6
v 1.9 2 -0.6
v 1.9 2 -0.7
v 1.9 1.9 -0.7
v 1.9 1.9 -0.6
v 1.8 1.9 -0.6
v 1.8 1.9 -0.7
v 1.8 1.8 -0.7
v 1.8 1.8 -0.6
v 1.7 1.8 -0.6
v 1.7 1.7 -0.7
v 1.7 1.7 -0.6
v 1.6 1.7 -0.6
v 1.6 1.7 -0.7
v 1.6 1.6 -0.7
v 1.6 1.6 -0.6
v 1.5 1.6 -0.6
v 1.5 1.6 -0.7
v 1.5 1.5 -0.7
v 1.5 1.5 -0.6
v 1.4 1.5 -0.6
v 1.4 1.5 -0.7
v 0.1 0 -0.7
v 0.1 0 -0.6
v 0 0 -0.7
v -0.1 0 -0.7
v 0 0.2 -0.7
v 0 0.2 -0.6
v -0.1 0.2 -0.6
v -0.1 0.2 -0.7
v 0 0.4 -0.7
v -0.2 0 -0.7
v -0.2 0 -0.1
v -0.4 0 -0.1
v -0.4 0 -0.7
v -0.3 0.3 -0.6
v -0.4 0.3 -0.7
v -1.9 0 -0.7
v -1.9 0 -0.2
v -2.1 0 -0.2
v -2.1 0 -0.7
v 3.9 1.3 -0.8
v 3.9 1.3 -0.6
v 3.7 1.3 -0.6
v 3.7 1.3 -0.8
v 3.6 0.8 -0.8
v 3.6 0.8 -0.7
v 3.5 0.8 -0.7
v 3.5 0.8 -0.8
v 3.5 1.1 -0.8
v 3.5 1.1 -0.7
v 3.4 1.1 -0.7
v 3.4 1.1 -0.8
v 3.4 0.7 -0.8
v 3.4 0.7 -0.7
v 3.3 0.7 -0.7
v 3.3 0.7 -0.8
v 3.3 1 -0.7
v 3.3 1 -0.8
v 3.3 0.5 -0.8
v 3.3 0.5 -0.7
v 3.2 0.5 -0.7
v 3.2 0.5 -0.8
v 3.3 1.2 -0.8
v 3.3 1.2 -0.7
v 3.2 1.2 -0.7
v 3.2 1.2 -0.8
v 3.3 1.7 -0.8
v 3.2 1.7 -0.7
v 3.2 1.7 -0.8
v 3.2 0.3 -0.8
v 3.2 0.3 -0.7
v 3.1 0.3 -0.7
v 3.1 0.3 -0.8
v 3.1 0.9 -0.8
v 3.1 0.9 -0.7
v 3 0.9 -0.7
v 3 0.9 -0.8
v 3 1.6 -0.7
v 3 1.6 -0.8
v 3 1.3 -0.8
v 3 1.3 -0.7
v 2.9 1.3 -0.7
v 2.9 1.3 -0.8
v 2.9 1.9 -0.8
v 2.9 1.9 -0.7
v 2.8 1.9 -0.7
v 2.8 1.9 -0.8
v 2.7 1.8 -0.8
v 2.7 1.8 -0.7
v 2.6 1.8 -0.8
v 2.6 1.6 -0.8
v 2.5 1.6 -0.8
v 2.6 2 -0.8
v 2.6 2 -0.7
v 2.5 2 -0.7
v 2.5 2 -0.8
v 2.5 1.8 -0.8
v 2.3 1.8 -0.7
v 2.3 1.8 -0.8
v 2.2 1.8 -0.8
v 2.2 1.8 -0.7
v 2.1 1.8 -0.7
v 2.1 1.8 -0.8
v 3 1.1 -0.8
v 3 1.1 -0.7
v 2 1.1 -0.7
v 2 1.1 -0.8
v 2.1 1.3 -0.8
v 2.1 1.3 -0.7
v 2 1.3 -0.7
v 2 1.3 -0.8
v 2.1 1.5 -0.8
v 2.1 1.5 -0.7
v 2 0.2 -0.8
v 2 0.2 -0.7
v 1.9 0.2 -0.7
v 1.9 0.2 -0.8
v 2 1.6 -0.8
v 2 1.6 -0.7
v 2 1.9 -0.8
v 2 1.9 -0.7
v 1.9 1.9 -0.8
v 1.9 1 -0.8
v 1.9 1 -0.7
v 1.8 1 -0.7
v 1.8 1 -0.8
v 1.9 1.3 -0.8
v 1.9 1.3 -0.7
v 1.8 1.3 -0.7
v 1.8 1.3 -0.8
v 1.9 1.7 -0.8
v 1.9 1.7 -0.7
v 1.8 1.7 -0.7
v 1.8 1.7 -0.8
v 1.8 0.1 -0.8
v 1.8 0.1 -0.7
v 1.7 0.1 -0.7
v 1.7 0.1 -0.8
v 1.8 0.3 -0.8
v 1.8 0.3 -0.7
v 1.7 0.3 -0.7
v 1.7 0.3 -0.8
v 1.8 0.5 -0.8
v 1.8 0.5 -0.7
v 1.7 0.5 -0.7
v 1.7 0.5 -0.8
v 1.8 0.8 -0.8
v 1.8 0.8 -0.7
v 1.7 0.8 -0.7
v 1.7 0.8 -0.8
v 1.7 1.1 -0.8
v 1.7 1.1 -0.7
v 1.6 1.1 -0.7
v 1.6 1.1 -0.8
v 1.7 1.5 -0.8
v 1.7 1.5 -0.7
v 1.6 1.5 -0.7
v 1.6 1.5 -0.8
v 1.6 0.4 -0.8
v 1.6 0.4 -0.7
v 1.5 0.4 -0.7
v 1.5 0.4 -0.8
v 1.6 0.8 -0.8
v 1.6 0.8 -0.7
v 1.5 0.8 -0.7
v 1.5 0.8 -0.8
v -0.1 0 -0.8
v -0.1 0 0
v -0.2 0 0
v -0.2 0 -0.8
v -0.3 0.1 -0.8
v 3.2 1.9 -0.8
v 3.2 1.9 -0.9
v 2.9 0.7 -0.9
v 2.9 0.7 -0.8
v 2.8 0.7 -0.8
v 2.8 0.7 -0.9
v 2.9 1.1 -0.9
v 2.9 1.1 -0.8
v 2.8 1.1 -0.8
v 2.8 1.1 -0.9
v 2.8 0.4 -0.9
v 2.8 0.4 -0.8
v 2.7 0.4 -0.8
v 2.7 0.4 -0.9
v 2.7 1 -0.8
v 2.7 1 -0.9
v 2.6 0.8 -0.9
v 2.6 0.8 -0.8
v 2.5 0.8 -0.8
v 2.5 0.8 -0.9
v 2.4 0.5 -0.9
v 2.4 0.5 -0.8
v 2.3 0.5 -0.8
v 2.3 0.5 -0.9
v 2.2 0.7 -0.9
v 2.2 0.7 -0.8
v 2.1 0.7 -0.8
v 2.1 0.7 -0.9
v 1.8 0 -0.9
v 1.8 0 -0.8
v 1.7 0 -0.8
v 1.7 0 -0.9
v 1.5 0.5 -0.9
v 1.5 0.5 -0.8
v 1.4 0.5 -0.8
v 1.4 0.5 -0.9
v 1.5 0.8 -0.9
v 1.4 0.8 -0.8
v 1.4 0.8 -0.9
v 1.4 1.4 -0.9
v 1.4 1.4 -0.6
v 1.3 1.4 -0.6
v 1.3 1.4 -0.9
v 3.9 1.3 -1
v 3.9 1.3 -0.9
v 3.8 1.3 -0.9
v 3.8 1.3 -1
v 3.6 0.8 -1
v 3.6 0.8 -0.9
v 3.5 0.8 -0.9
v 3.5 0.8 -1
v -1.4 1.1 -1
v -1.4 1.1 -0.8
v -1.6 1.1 -0.8
v -1.6 1.1 -1
v -1.6 0 -1
v -1.6 0 -0.8
v -1.7 0 -0.8
v -1.7 0 -1
v -1.6 1.2 -0.8
v -1.7 1.2 -0.8
v -1.7 1.2 -1
v -1.7 0 -0.3
v -1.8 0 -0.3
v -1.8 0 -1
v -1.7 1.3 -1
v -1.7 1.3 -0.8
v -1.8 1.3 -0.8
v -1.8 1.3 -1
v -1.8 0 -0.2
v -1.9 0 -1
v -1.8 1.4 -1
v -1.9 1.4 -0.8
v -1.9 1.4 -1
v -1.9 0 -0.8
v -2 0 -0.8
v -2 0 -1
v -2 0 -0.7
v -2.1 0 -1
v -1.9 1.5 -1
v -1.9 1.5 -0.8
v -2.1 1.5 -0.8
v -2.1 1.5 -1
v -2.1 0 -0.6
v -2.2 0 -0.6
v -2.2 0 -1
v -2.1 1.4 -1
v -2.1 1.4 -0.8
v -2.2 1.4 -0.8
v -2.2 1.4 -1
v 3.6 0.4 -1.1
v 3.6 0.4 -1
v 3.5 0.4 -1
v 3.5 0.4 -1.1
v 1.5 1 -1.1
v 1.5 1 -1
v 1.4 1 -1
v 1.4 1 -1.1
v 1.4 1.4 -1.1
v 1.3 1.4 -1.1
v -1.5 1.1 -1.1
v -1.5 1.1 -1
v -1.6 1.1 -1.1
v -1.7 0.9 -1.1
v -1.7 0.9 -1
v -1.8 0.9 -1
v -1.8 0.9 -1.1
v -1.8 1.2 -1.1
v -1.8 1.2 -1
v -1.9 1.2 -1
v -1.9 1.2 -1.1
v -2 1.2 -1.1
v -2 1.2 -1
v -2.1 1.2 -1
v -2.1 1.2 -1.1
v -2 1.4 -1.1
v -2 1.4 -1
v -2.1 1.4 -1.1
v -1.8 0 -1.1
v -2.2 0 -1.1
v -1.8 1 -1.1
v -1.8 1 -1
v -2.2 1 -1
v -2.2 1 -1.1
v 3.9 1.3 -1.2
v 3.9 1.3 -1.1
v 3.8 1.3 -1.1
v 3.8 1.3 -1.2
v 1.5 0.9 -1.2
v 1.4 0.9 -1.2
v 1.4 0 -1.2
v 1.4 0 -1.1
v 1.3 0 -1.1
v 1.3 0 -1.2
v 1.3 0.1 -1.2
v 1.3 0.1 -1.1
v 1.2 0.1 -1.1
v 1.2 0.1 -1.2
v 1.3 0.4 -1.2
v 1.3 0.4 -1.1
v 1.2 0.4 -1.1
v 1.2 0.4 -1.2
v 1.1 0.4 -1.2
v 1.1 0.4 -1.1
v 0.9 0.4 -1.1
v 0.9 0.4 -1.2
v 0.8 0.1 -1.1
v 0.8 0.1 -1.2
v 0.8 0.3 -1.2
v 0.8 0.3 -1.1
v 0.7 0.3 -1.1
v 0.7 0 -1.2
v 0.7 0 -1.1
v 0.5 0 -1.1
v 0.5 0 -1.2
v 0.4 0 -1.2
v 0.4 0 -1.1
v 0.2 0 -1.1
v 0.2 0 -1.2
v -1 0 -1.2
v -1 0 -1
v -1.4 0 -1
v -1.4 0 -1.2
v -1.2 0.3 -1.2
v -1.2 0.3 -1.1
v -1.5 0.3 -1.1
v -1.5 0.3 -1.2
v -1.4 0 -0.8
v -1.6 0 -1.2
v -1 1 -1.2
v -1 1 -1.1
v -1.6 1 -1.1
v -1.6 1 -1.2
v -1.8 0.8 -1.2
v -1.8 0.8 -1.1
v -1.9 0.8 -1.1
v -1.9 0.8 -1.2
v -1.8 0 -1.2
v -2.2 0 -1.2
v -1.9 0.9 -1.2
v -1.9 0.9 -1.1
v -2.2 0.9 -1.1
v -2.2 0.9 -1.2
v 3.7 1.4 -1.3
v 3.7 1.4 -0.6
v 3.6 1.4 -0.6
v 3.6 1.4 -1.3
v 3.6 1.3 -1.3
v 3.6 1.3 -1.2
v 3.5 1.3 -1.2
v 3.5 1.3 -1.3
v 1.4 0.2 -1.3
v 1.4 0.2 -1.2
v 1.3 0.2 -1.3
v 0.7 0.2 -1.3
v 0.7 0.2 -1.2
v 0.3 0.2 -1.2
v 0.3 0.2 -1.3
v -0.8 1 -1.3
v -0.8 1 -1.1
v -1 1 -1.3
v -1 0.3 -1.3
v -1 0.3 -1.2
v -1.1 0.3 -1.2
v -1.1 0.3 -1.3
v -1 0.8 -1.3
v -1 0.8 -1.2
v -1.1 0.8 -1.2
v -1.1 0.8 -1.3
v -1.2 0.8 -1.2
v -1.2 0.8 -1.3
v -1.3 0.2 -1.3
v -1.3 0.2 -1.2
v -1.4 0.2 -1.2
v -1.4 0.2 -1.3
v -1.2 0.9 -1.3
v -1.2 0.9 -1.2
v -1.5 0.9 -1.2
v -1.5 0.9 -1.3
v -1.5 0.2 -1.3
v -1.5 0.2 -1.2
v -1.6 0.2 -1.2
v -1.6 0.2 -1.3
v -1.9 0.7 -1.3
v -1.9 0.7 -1.2
v -2 0.7 -1.2
v -2 0.7 -1.3
v -2 0.5 -1.3
v -2 0.5 -1.2
v -2.1 0.5 -1.2
v -2.1 0.5 -1.3
v -2.1 0 -1.3
v -2.1 0 -1.2
v -2.2 0 -1.3
v -2.1 0.2 -1.3
v -2.1 0.2 -1.2
v -2.2 0.2 -1.2
v -2.2 0.2 -1.3
v 3.7 1.4 -1.4
v 3.6 1.4 -1.4
v 3.6 1.1 -1.4
v 3.6 1.1 -1.3
v 3.5 1.1 -1.3
v 3.5 1.1 -1.4
v 1.5 0.5 -1.4
v 1.5 0.5 -1.3
v 1.4 0.5 -1.3
v 1.4 0.5 -1.4
v -0.9 0 -1.4
v -0.9 0 -1
v -1 0 -1.4
v -0.8 1.1 -1.4
v -0.8 1.1 -1.3
v -1 1.1 -1.3
v -1 1.1 -1.4
v -1 0.5 -1.4
v -1 0.5 -1.3
v -1.1 0.5 -1.3
v -1.1 0.5 -1.4
v -1.2 0.5 -1.4
v -1.2 0.5 -1.3
v -1.3 0.5 -1.3
v -1.3 0.5 -1.4
v -1.4 0.5 -1.4
v -1.4 0.5 -1.3
v -1.5 0.5 -1.3
v -1.5 0.5 -1.4
v -1.4 0.7 -1.4
v -1.4 0.7 -1.3
v -1.5 0.7 -1.3
v -1.5 0.7 -1.4
v 3.9 1.3 -1.5
v 3.9 1.3 -1.3
v 3.8 1.3 -1.3
v 3.8 1.3 -1.5
v 3.6 0.3 -1.5
v 3.6 0.3 -1.4
v 3.5 0.3 -1.4
v 3.5 0.3 -1.5
v 3.6 0.6 -1.5
v 3.6 0.6 -1.4
v 3.5 0.6 -1.4
v 3.5 0.6 -1.5
v 1.5 0.3 -1.5
v 1.5 0.3 -1.4
v 1.4 0.3 -1.4
v 1.4 0.3 -1.5
v 1.4 1.4 -1.5
v 1.3 1.4 -1.5
v 0.3 0 -1.5
v 0.3 0 -1.3
v 0.2 0 -1.3
v 0.2 0 -1.5
v -0.8 1.2 -1.5
v -0.8 1.2 -1.4
v -1 1.2 -1.4
v -1 1.2 -1.5
v -1 0.3 -1.5
v -1 0.3 -1.4
v -1.1 0.3 -1.4
v -1.1 0.3 -1.5
v -1 0.8 -1.5
v -1 0.8 -1.4
v -1.1 0.8 -1.4
v -1.1 0.8 -1.5
v 1.4 1.4 -1.6
v 1.3 1.4 -1.6
v -0.8 0 -1.6
v -0.8 0 -1.3
v -0.9 0 -1.3
v -0.9 0 -1.6
v -0.8 1.3 -1.6
v -0.8 1.3 -1.5
v -1 1.3 -1.5
v -1 1.3 -1.6
v -1 0.6 -1.6
v -1 0.6 -1.5
v -1.1 0.6 -1.5
v -1.1 0.6 -1.6
v 3.6 1.3 -1.7
v 3.6 1.3 -1.6
v 3.5 1.3 -1.6
v 3.5 1.3 -1.7
v 1.5 0.7 -1.7
v 1.5 0.7 -1.6
v 1.4 0.7 -1.6
v 1.4 0.7 -1.7
v 1.4 1.4 -1.7
v 1.2 0.1 -1.6
v 1.1 0.1 -1.6
v -0.8 1.4 -1.7
v -0.8 1.4 -1.6
v -1 1.4 -1.6
v -1 1.4 -1.7
v 3.9 1.3 -1.8
v 3.9 1.3 -1.6
v 3.8 1.3 -1.6
v 3.8 1.3 -1.8
v 3.6 1 -1.8
v 3.6 1 -1.7
v 3.5 1 -1.7
v 3.5 1 -1.8
v 1.5 1 -1.8
v 1.5 1 -1.6
v 1.4 1 -1.6
v 1.4 1 -1.8
v 1.4 1.4 -1.8
v 1.3 0.1 -1.8
v 1.3 0.1 -1.7
v 1.2 0 -1.8
v 1.2 0 -1.7
v 1.1 0 -1.7
v 1.1 0 -1.8
v 1 0.1 -1.7
v 1 0.1 -1.8
v 0.3 0 -1.8
v 0.3 0 -1.6
v 0.2 0 -1.6
v 0.2 0 -1.8
v -0.8 1.5 -1.8
v -0.8 1.5 -1.7
v -1 1.5 -1.7
v -1 1.5 -1.8
v -1.1 0.5 -1.8
v -1.1 0.5 -1.7
v -1.2 0.5 -1.7
v -1.2 0.5 -1.8
v 3.6 0.5 -1.9
v 3.6 0.5 -1.8
v 3.5 0.5 -1.8
v 3.5 0.5 -1.9
v 1.2 0.1 -1.9
v 1.1 0.1 -1.9
v -0.8 1.6 -1.9
v -0.8 1.6 -1.8
v -1 1.6 -1.8
v -1 1.6 -1.9
v -1 1.2 -1.9
v -1 1.2 -1.8
v -1.1 1.2 -1.8
v -1.1 1.2 -1.9
v 3.6 0.9 -2
v 3.6 0.9 -1.9
v 3.5 0.9 -1.9
v 3.5 0.9 -2
v 1.5 0.7 -2
v 1.5 0.7 -1.9
v 1.4 0.7 -1.9
v 1.4 0.7 -2
v -0.8 0 -2
v -0.8 0 -1.7
v -0.9 0 -1.7
v -0.9 0 -2
v -0.8 1.7 -2
v -0.8 1.7 -1.9
v -1 1.7 -1.9
v -1 1.7 -2
v -1 1.6 -2
v -1.1 1.6 -1.9
v -1.1 1.6 -2
v -1.1 0.7 -1.9
v -1.2 0.7 -1.9
v 3.6 0 -2.1
v 3.6 0 -0.7
v 3 0 -0.7
v 3 0 -2.1
v 1.4 1.4 -2.1
v 1.3 1.4 -2.1
v 0.3 0 -2.1
v 0.3 0 -1.9
v 0.2 0 -1.9
v 0.2 0 -2.1
v -1 1.4 -2.1
v -1 1.4 -2
v -1.1 1.4 -2
v -1.1 1.4 -2.1
v -1.1 0.5 -2.1
v -1.1 0.5 -2
v -1.2 0.5 -2
v -1.2 0.5 -2.1
v -1.1 0.8 -2.1
v -1.1 0.8 -2
v -1.2 0.8 -2
v -1.2 0.8 -2.1
v 3.9 1.3 -2.2
v 3.9 1.3 -1.9
v 3.8 1.3 -1.9
v 3.8 1.3 -2.2
v 3.8 1.3 -0.8
v 3.7 1.3 -2.2
v 3.7 1.4 -2.2
v 3.6 1.4 -2.2
v 3.6 0.1 -2.2
v 3.6 0.1 -2.1
v 3.5 0.1 -2.1
v 3.5 0.1 -2.2
v 3.5 0 -2.2
v 3.5 0 -2.1
v 3.4 0 -2.1
v 3.4 0 -2.2
v 3 0 -2.2
v 3 0 -0.8
v 2 0 -0.8
v 2 0 -2.2
v 2 0 -0.7
v 1.8 0 -0.7
v 1.8 0 -2.2
v 1.7 0 -2.2
v 1.7 0 -0.7
v 1.4 0 -0.7
v 1.4 0 -2.2
v 1.5 0.5 -2.2
v 1.5 0.5 -2.1
v 1.4 0.5 -2.1
v 1.4 0.5 -2.2
v 1.5 0.9 -2.2
v 1.5 0.9 -2.1
v 1.4 0.9 -2.1
v 1.4 0.9 -2.2
v 1.4 0 -2.1
v 1.3 0 -2.1
v 1.3 0 -2.2
v 1.4 1.4 -2.2
v 1.3 1.4 -2.2
v 1.1 0 -2.1
v 1.1 0 -2.2
v 1.3 1.3 -2.2
v 1.3 1.3 -0.6
v 1.1 1.3 -0.6
v 1.1 1.3 -2.2
v 1 0 -2.1
v 1 0 -2.2
v 0.4 0.2 -2.2
v 0.4 0.2 -1.3
v 0.3 0.2 -2.2
v -0.8 0 -2.2
v -0.8 0 -2.1
v -0.9 0 -2.1
v -0.9 0 -2.2
v -0.9 0 -1.5
v -1 0 -1.5
v -1 0 -2.2
v -0.9 0.3 -2.2
v -0.9 0.3 -1.7
v -1 0.3 -1.7
v -1 0.3 -2.2
v -0.8 1.8 -2.2
v -0.8 1.8 -2
v -1 1.8 -2
v -1 1.8 -2.2
v -1 0.9 -2.2
v -1 0.9 -1.7
v -1.1 0.9 -1.7
v -1.1 0.9 -2.2
v -1 1.6 -2.2
v -1 1.6 -2.1
v -1.1 1.6 -2.1
v -1.1 1.6 -2.2
v -1.6 0 -2.2
v -1.8 0 -2.2
v -2.1 0 -2.2
v -2.2 0 -2.2
v 3.9 0.1 3.5
v 3.9 0 3
v 2.7 0.1 2.2
v 3.9 0.1 1.8
v 3.9 0 2
v 2.8 0.1 1.8
v 3.9 0 1.6
v 1.4 0.1 -0.8
v 1.4 0.1 -1.1
v 1.4 0 -0.8
v 1.4 0.1 -1.2
v 1.4 0.1 -2.1
v 3.9 0 3.9
v 3.9 0.2 3.5
v 3.9 0.2 3.2
v 1 0.1 3.2
v 3.9 0.2 3.1
v 2 0.2 2.8
v 3.9 0.2 2.8
v 3.9 0.2 2.6
v 3.9 0.2 2.5
v 3.9 0.2 2.3
v 2.7 0.2 2.2
v 2.7 0.2 2.1
v 3.9 0.2 1.8
v 1 0.2 1.9
v 1 0.2 1.8
v 2.9 0.2 1.7
v 3.9 0.2 1.7
v 3.9 0.2 1.2
v 2.9 0.1 1.1
v 3.9 0.2 1.1
v 2.9 0.2 1
v 2.9 0.2 0.8
v 2.9 0.1 1
v 3.9 0.2 0.8
v 3.9 0.2 0.5
v 3.9 0.2 0.4
v 3.9 0.2 0.3
v 3.9 0.2 0.2
v -0.3 0.2 -0.6
v -0.3 0.2 -0.7
v 1.4 0.2 -1.4
v 0.1 0.3 3.7
v 0.1 0.2 3.7
v 0.1 0.3 3.5
v 0.1 0.3 3.4
v 0.1 0.2 3.4
v 0.1 0.2 3.5
v 3.4 0.2 3.2
v 0.1 0.3 3.2
v 0.1 0.3 3.1
v 0.1 0.2 3.1
v 0.1 0.2 3.2
v 3.4 0.3 3
v 3.4 0.2 3.1
v 2 0.3 2.8
v 0.1 0.3 2.9
v 0.1 0.3 2.8
v 0.1 0.2 2.8
v 0.1 0.2 2.9
v 1.9 0.3 2.8
v 0.1 0.3 2.6
v 0.1 0.3 2.5
v 0.1 0.2 2.5
v 0.1 0.2 2.6
v 2.8 0.3 2
v 2.9 0.2 0.9
v 1.4 0.3 -1
v 1.4 0.1 -1
v 0.3 0.3 -1.5
v 0.3 0.3 -1.6
v 0.3 0.2 -1.6
v 0.3 0.2 -1.5
v 1.1 0.3 -1.6
v 1.1 0.3 -1.9
v 0.3 0.3 -1.8
v 0.3 0.3 -1.9
v 0.3 0.2 -1.9
v 0.3 0.2 -1.8
v 0.3 0.3 -2.1
v 0.3 0.2 -2.1
v 3.9 0.3 3.2
v 3.1 0.4 3.2
v 3.9 0.3 2.3
v 3.9 0.3 2.4
v 2.7 0.4 2
v 2.8 0.4 2
v 0.8 0.4 1.9
v 3.9 0.3 1.8
v 2.1 0.3 1.4
v 2 0.4 1.1
v 3.9 0.3 0.2
v -0.5 0.4 -0.6
v -1.5 0.4 -1.2
v 3.9 0.5 3.9
v 3.9 0.3 3.5
v 3.9 0.3 3.7
v 3.9 0.5 3
v 3.9 0.3 3.1
v 3.9 0.3 2.6
v 3.9 0.3 2.8
v 3.9 0.3 2.5
v 3.9 0.5 2
v 1.2 0.5 1.9
v 3.9 0.3 1.5
v 3.9 0.3 1.7
v 3.9 0.3 0.9
v 3.9 0.3 1.1
v 3.9 0.5 0.7
v 3.9 0.3 0.7
v 3.9 0.3 0.8
v -1 0.5 0.5
v 3.9 0.3 0.3
v 3.9 0.3 0.5
v -1 0.5 0.2
v -1 0.5 0.1
v -0.1 0.5 -0.6
v -0.9 0.6 3.4
v -0.9 0.6 3.3
v 2.9 0.5 2.3
v -1.2 0.4 -1.2
v 1.4 0.6 -1.8
v 1.4 0.1 -1.8
v 1.4 0.1 -1.6
v 1.4 0.1 -2
v 1.4 0.1 -1.9
v -1.1 0.8 3.5
v -1 0.8 3.2
v -1 0.8 3
v 3.2 0.8 1
v 3.5 0.8 0.9
v -0.7 0.8 3.6
v -1 0.9 3.7
v -1 0.9 3.6
v -0.7 0.9 2.9
v 1.4 0.9 -1.7
v -1.2 1 3.3
v -1.3 1.1 3.2
v -1.2 1.1 3.2
v -1.2 1.1 3.1
v -1.1 1.2 3.6
v -1.1 1.2 3.5
v -1.2 1.2 3.5
v -1 1.2 3
v -2.2 1.2 -1
v -2.2 1.2 -1.1
v -2.2 1.1 -1.1
v -2.2 1.1 -1
v -1.2 1.3 3.5
v -1.2 1.3 3.4
v -1.2 1.3 3.3
v -1.1 1.3 3.1
v -1.1 1.3 3
v -1 1.3 3
v -1 1.3 2.9
v 2.5 1.3 -0.3
v 2.5 1.3 -0.4
v 1.4 1.3 -0.8
v 1.4 1.3 -0.9
v 1.4 1.3 -1
v 1.4 1.3 -1.1
v 1.4 1.3 -1.2
v 1.4 1.3 -1.3
v 1.4 1.3 -1.4
v 1.4 1.3 -1.5
v 1.4 1.3 -1.6
v 1.4 1.3 -1.8
v 1.4 1.3 -1.9
v 1.4 1.3 -2
v 1.4 1.3 -2.1
v 1.4 1.3 -2.2
v -1 1.4 3.7
v -1 1.4 3.6
v -1.2 1.4 3.2
v -1.1 1.4 3.1
v -1.1 1.4 3
v 1.4 1.4 -0.7
v 1.4 1.4 -0.8
v -1.2 1.5 3.2
v 3.6 1.4 -0.7
v -2.2 1.5 -1.1
v -2.2 1.4 -1.2
v -2.2 1.4 -1.1
v -1.1 1.5 3.4
v -1.1 1.5 3.3
v -2.2 1.5 -0.8
v -2.2 1.6 -1.6
v -2.2 1.5 -1.6
v 1.4 1.6 -2.2
v -0.8 1.7 3.5
v -1 1.7 3.2
v 2.5 1.7 -0.4
v 2.5 1.7 -0.8
v 1.7 2 -0.7
v 1.7 2 -0.8
v -1.3 2 -2.1
v 2.2 2.1 -0.9
v 2.2 2.1 -1
v -1.7 2.1 -2.1
v -1.7 2.1 -2.2
v 2.2 2.3 -1
v 4 0.1 3.5
v 4 0 3
v 1.3 0.1 2.4
v 1.4 0.1 2
v 4 0 2
v 4 0.1 1.8
v 4 0 1.6
v 0 0.1 -0.1
v 0.1 0.1 -0.5
v 3.6 0.1 -0.8
v 3.6 0 -0.8
v 4 0 3.9
v 4 0.2 3.2
v 3.3 0.2 3.2
v 1.2 0.2 3.3
v 1.2 0.1 3.2
v 1.2 0.2 3.2
v 1.2 0.1 3.1
v 1.2 0.2 2.5
v 3.1 0.2 2.4
v 3.1 0.2 2.3
v 1.4 0.2 2.1
v 1.4 0.2 2
v 4 0.2 1.2
v 3.1 0.1 1
v 4 0 0.7
v -0.1 0.2 0
v 0.1 0.2 -0.4
v 0.1 0.2 -0.5
v -1 0.1 -1.3
v 3.6 0.1 -1.4
v 3.6 0.1 -1.6
v 3.6 0.2 -1.6
v -0.7 0.3 3.2
v 1.3 0.3 2.2
v 2.2 0.3 1.4
v 4 0 0.1
v 0 0.3 -0.3
v 3.6 0.1 -1
v 3.6 0.1 -1.2
v 3.6 0.3 -1.2
v 1.2 0.3 -1.6
v 1.2 0.3 -1.9
v -1 0.1 -1.7
v 2.1 0.4 3.1
v 4 0 2.4
v 1.3 0.4 2.2
v 1.4 0.4 2.2
v 1.4 0.4 2.1
v -0.6 0.4 0.4
v -0.6 0.4 0.3
v 0 0.4 -0.3
v 0.1 0.4 -0.3
v 0.1 0.4 -0.4
v -1 0.4 -1.6
v -1 0.1 -1.6
v -1 0.4 -1.7
v 3.6 0.1 -1.8
v 3.6 0.1 -2
v 3.6 0.4 -2
v 4 0.5 3.9
v 4 0.5 3.6
v 4 0.5 3
v 4 0.5 2.1
v 4 0.5 2
v 4 0.5 1.6
v 4 0.5 1
v 4 0.5 0.7
v 4 0.5 0.4
v -0.7 0.6 3.4
v -0.7 0.6 3.3
v 1.2 0.5 2
v 3.3 0.5 0.9
v -0.1 0.5 -0.5
v -1.1 0.6 -1.8
v -1.1 0.6 -2.1
v -0.7 0.7 3.3
v 3.3 0.7 1
v 3.6 0.1 -0.9
v -1.1 0.7 -1.7
v -1.1 0.7 -1.8
v -1.1 0.7 -2.2
v 3.6 0.1 -1.7
v -0.5 0.8 3.5
v -0.5 0.9 3
v -1 0.9 -1.6
v -1.1 0.9 -1.8
v -1.1 0.9 -1.9
v -1.1 0.9 -2
v -1.1 0.9 -2.1
v -0.5 1 3.1
v -1.6 0.1 -1.1
v 3.6 0.1 -1.3
v -1 1 -1.4
v -1 1 -1.5
v -1 1 -1.6
v -1 1 -1.7
v -1 1 -2.2
v -1 1.1 -2.2
v -0.5 1.2 3.1
v -0.5 1.2 3
v -0.6 1.2 3
v -0.6 1.2 2.9
v -0.4 1.3 3.2
v -0.4 1.3 3.1
v -0.5 1.3 3.1
v 2.6 1.3 -0.3
v 2.6 1.3 -0.4
v 3.6 1.3 -0.8
v 3.6 1.3 -0.9
v 3.6 1.3 -1
v 3.6 1.3 -1.1
v -1.5 1.3 -1.1
v 3.6 1.3 -1.4
v 3.6 1.3 -1.5
v 3.6 1.3 -1.8
v 3.6 1.3 -1.9
v -1 1.3 -1.9
v 3.6 1.3 -2
v 3.6 1.3 -2.2
v -1 1.1 -2
v -1 1.3 -2.2
v 3.6 1.4 -0.8
v -1.6 1.4 -0.9
v -1.6 1.4 -1
v -1 1.4 -1.9
v -0.5 1.5 3.6
v -0.5 1.5 3.5
v 3.8 1.5 -0.8
v 3.8 1.5 -0.9
v 3.8 1.5 -1
v 3.8 1.5 -1.1
v 3.8 1.5 -1.2
v 3.8 1.5 -1.3
v -1.7 1.5 -1.3
v 3.8 1.5 -1.5
v 3.8 1.5 -1.6
v 3.8 1.5 -1.8
v 3.8 1.5 -1.9
v -0.5 1.6 3.6
v -0.5 1.5 3.1
v -1.8 1.6 -0.9
v -1.8 1.6 -1.1
v -1.8 1.6 -1.2
v 2.6 1.7 -0.4
v 2.6 1.7 -0.8
v 3.5 1.8 -0.7
v -1 1.8 -2.1
v 2.9 2.1 -1.1
v 2.9 2.1 -1.2
v -1.3 2.1 -2.1
v -1.3 2.1 -2.2
v -2.1 2.2 0.9
v -2.1 2.1 0.9
v -2.1 2.2 0.7
v -2.1 2.3 0.9
v -2.1 2.2 0.8
v -2.1 2.3 0.8
v -2.1 2.4 1.1
v -2.1 2.4 1
v -2.1 2.4 0.8
v 3.6 0.2 3.9
v 3.6 0.3 3.9
v 3.6 0.4 3.9
v 3.7 0.3 3.9
v 3.3 0.2 3.9
v 3.5 0.2 3.9
v 3.3 0.3 3.9
v 3.5 0.3 3.9
v 3.2 0.7 0.9
v 3.2 0.2 3.9
v 3.2 0.1 3.9
v 3 0.3 3.9
v 3.2 0.3 3.9
v 2.9 0.1 1.7
v 2.9 0.1 1.8
v 2.7 0.2 3.9
v 2.7 0.2 2
v 2.8 0.2 2
v 2.7 0.3 3.9
v 2.6 0.2 2
v 2.6 0.7 0.7
v 2.4 0.2 3.9
v 2.4 0.3 3.9
v 2.1 0.2 3.9
v 2.1 0.2 2.9
v 2.1 0.2 1.4
v 2.1 0.3 3.9
v 2.1 2 -0.9
v 2.1 2.1 -0.9
v 2.1 0.2 2.8
v 2 0.2 1.4
v 1.8 0.2 3.9
v 1.8 0.3 3.9
v 1.8 0.4 3.9
v 1.9 0.3 3.9
v 1.5 0.4 3.9
v 1.5 0.7 3.4
v 1.4 1 -2.2
v 1.5 1 -2.2
v 1.3 0.1 2
v 1.3 0.2 2
v 1.3 0.5 3.9
v 1.2 0.2 3.9
v 1.1 0.2 -2.2
v 1.3 0.2 -2.2
v 1.1 0.4 1.8
v 1.1 0.5 -1.2
v 1 0.4 1.9
v 0.9 0.1 3.9
v 0.9 0.2 3.9
v 0.9 0.3 3.9
v 1.1 0.3 3.9
v 0.8 0.2 -1.2
v 0.7 0.5 3.9
v 0.8 0.3 3.9
v 0.6 0.1 3.9
v 0.6 0.2 3.9
v 0.5 0.2 -1.2
v 0.5 0.3 -1.2
v 0.3 0.2 3.9
v 0.5 0.2 3.9
v 0.3 0.3 3.9
v 0.5 0.3 3.9
v 0.2 0.2 -1.2
v 0.4 0.2 -1.2
v 0.2 0.3 -1.2
v 0.4 0.3 -1.2
v 0.2 0.3 3.9
v 0 0.1 -0.5
v 0 0.2 -0.5
v -0.2 0.4 -0.7
v -0.3 0.4 -0.6
v -0.4 1.5 3.3
v -0.4 0.9 3.3
v -0.4 1.5 3.4
v -0.6 0.9 3
v -0.7 1.4 2.9
v -0.8 0.3 3.2
v -0.8 1.1 2.9
v -0.9 0.3 3.2
v -0.9 0.9 3
v -0.9 1.4 2.9
v -0.8 1.4 2.9
v -1 1.4 2.9
v -1.1 1.1 -2.2
v -1.1 1.3 -2.2
v -1 1.4 3
v -1.1 1.5 3
v -1.1 1.8 -2.2
v -1.1 1.9 -2.2
v -1 1.9 -2.2
v -1.2 0.4 -2.2
v -1.2 0.5 -2.2
v -1.1 0.5 -2.2
v -1.2 1.1 3
v -1.3 1.9 -2.2
v -1.6 2.1 -2.2
v -1.6 2.2 -2.2
v -1.4 2.2 -2.2
v -1.4 2.1 -2.2
v -2.2 1.8 -2.2
v -2.2 1.9 -2.2
v -2.1 1.9 -2.2
v -2.1 1.8 -2.2
v -1.7 1.9 -2.2
v 3.6 0.2 4
v 3.6 0.4 4
v 3.5 0.1 -0.7
v 3.6 0.1 -0.7
v 3.5 1.4 -0.7
v 3.4 0.1 -0.7
v 3.5 1.3 -0.7
v 3.4 1.3 -0.7
v 3.4 0.4 -0.7
v 3.3 1.3 -0.7
v 3.2 0.1 -0.7
v 3.2 0.7 -0.7
v 3.2 0.9 -0.7
v 3.2 1 -0.7
v 3.2 1.3 -0.7
v 3.1 0.1 -0.7
v 3.2 0.1 4
v 3.1 0.5 4
v 3.1 0.4 2.3
v 3.1 1.3 -0.7
v 3 0.1 -0.7
v 3.1 1.2 -0.7
v 2.9 0.1 -0.8
v 3 0.1 -0.8
v 3 0.2 -0.8
v 2.9 0.2 -0.8
v 3 1 -0.8
v 2.8 0.2 -0.8
v 2.9 0.3 -0.8
v 2.8 0.8 -0.8
v 2.9 0.8 -0.8
v 2.9 0.9 -0.8
v 2.8 1.4 -0.7
v 2.8 1.5 -0.7
v 2.8 1.6 -0.7
v 2.8 1.7 -0.7
v 2.8 0.1 2.2
v 2.7 0.2 4
v 2.8 0.2 2.2
v 2.7 0.3 4
v 2.7 0.7 -0.8
v 2.7 0.8 -0.8
v 2.7 1.9 -0.7
v 2.6 0.4 -0.8
v 2.7 0.5 -0.8
v 2.6 0.5 -0.8
v 2.6 0.7 0.8
v 2.7 1.6 -0.8
v 2.4 0.2 4
v 2.4 0.3 4
v 2.4 0.7 -0.8
v 2.4 0.8 -0.8
v 2.3 0.3 -0.8
v 2.3 0.7 -0.8
v 2.3 0.8 -0.8
v 2.3 1 -0.8
v 2.3 1.6 -0.8
v 2.2 0.2 -0.8
v 2.2 0.3 -0.8
v 2.2 0.4 -0.8
v 2.4 0.6 -0.8
v 2.2 0.8 -0.8
v 2.3 0.9 -0.8
v 2.2 0.9 -0.8
v 2.2 1 -0.8
v 2.2 1.4 -0.7
v 2.2 1.9 -0.7
v 2.1 0.2 4
v 2.1 0.1 -0.8
v 2.1 0.2 -0.8
v 2.1 0.3 4
v 2.1 0.3 -0.8
v 2.1 0.9 -0.8
v 2.1 1 -0.8
v 2.1 1.1 -0.8
v 2.1 2 -1
v 2.1 2.1 -1
v 2 0.3 -0.8
v 2 0.4 -0.8
v 2 0.5 -0.8
v 2 0.6 -0.8
v 2 0.7 -0.8
v 2 0.8 -0.8
v 2 0.9 -0.8
v 2 1 -0.8
v 2 0.2 1.3
v 1.9 1.1 -0.7
v 1.8 0.2 4
v 1.8 0.4 4
v 1.7 1.3 -0.7
v 1.6 0.1 -0.7
v 1.6 0.2 -0.7
v 1.6 0.5 -0.7
v 1.6 1.3 -0.7
v 1.5 0.3 4
v 1.5 0.1 -0.7
v 1.5 0.4 4
v 1.5 1.3 -0.7
v 1.4 0.1 -0.7
v 1.4 0.2 2.2
v 1.5 0.2 2.2
v 1.4 1.3 -0.7
v 1.3 0.2 2.2
v 1.4 0.3 4
v 1.3 0.5 4
v 1.2 0.1 2.4
v 1.1 0.4 3.4
v 1.1 0.5 -1.1
v 0.9 0.1 4
v 0.9 0.2 4
v 0.8 0.2 -1.1
v 0.8 0.3 4
v 0.7 0.5 4
v 0.6 0.1 4
v 0.6 0.2 4
v 0.1 0.2 -0.3
v 0.2 0.2 -0.3
v 0 0.1 4
v 0 0.2 4
v 0 0.2 -0.3
v -0.1 0.1 -0.1
v -0.5 1.4 3.5
v -0.6 1.3 3.6
v -0.7 1 3.7
v -0.8 0.6 3.4
v -0.8 0.9 3.6
v -0.8 1 3.7
v -0.7 1.3 3.7
v -0.8 1.3 3.7
v -0.7 1.4 3.7
v -0.9 1.5 3.6
v -0.9 1.8 3.5
v -1 0.4 0.6
v -0.9 1.3 3.7
v -1.1 0.1 -1.2
v -1.1 1 -1.2
v -1.1 1.2 3.7
v -1.1 0.4 -1.2
v -1.1 0.9 -1.2
v -1.2 1 -1.2
v -1.1 1.3 3.5
v -1.3 0.3 -1.2
v -1.3 0.6 -1.3
v -1.3 0.9 -1.3
v -1.3 0.7 -1.3
v -1.5 1 -1.2
v -1.6 0.3 -1.2
v -1.6 0.4 -1.2
v -1.6 0.9 -1.2
v -1.7 1.1 -1
v -1.9 0.2 -1.2
v -1.8 0.2 -1.2
v -1.9 1 -1.1
v -2 0.2 -1.2
v -1.9 0.3 -1.2
v -2 0.3 -1.2
v -1.9 0.4 -1.2
v -1.9 0.5 -1.2
v -2.1 0.3 -1.2
v -2.1 0.6 -1.2
v -2.1 0.8 -1.2
v -2.1 0.9 -1.2
v -2 2.5 1.4
v -2.2 0.3 -1.2
v -2.2 0.4 -1.2
v -2.2 0.5 -1.2
v -2.2 0.6 -1.2
v -2.2 0.7 -1.2
v -2.2 0.8 -1.2
v -2.2 1.3 -1
v -2.9 2.7 2.1
v -3 2.7 2.1
v -3 2.7 2.2
v -2.9 2.7 2.2
v -3 2.5 2.1
v -3.1 2.5 2.1
v -3.1 2.5 2.2
v -3 2.5 2.2
v -3.1 2.8 2.1
v -3.2 2.8 2.1
v -3.2 2.8 2.2
v -3.1 2.8 2.2
v -2.6 2.3 2
v -2.7 2.3 2
v -2.7 2.3 2.1
v -2.6 2.3 2.1
v -2.7 2.6 2
v -2.8 2.6 2
v -2.8 2.6 2.1
v -2.7 2.6 2.1
v -2.7 2.9 2
v -2.8 2.9 2
v -2.8 2.9 2.1
v -2.7 2.9 2.1
v -2.8 3 2
v -2.9 3 2
v -2.9 3 2.1
v -2.8 3 2.1
v -2.9 2.9 2
v -3 2.9 2
v -3 2.9 2.1
v -2.9 2.9 2.1
v -3.1 2.9 2
v -3.1 2.9 2.2
v -3 2.9 2.2
v -3.2 2.9 2
v -3.2 2.9 2.1
v -3.1 2.9 2.1
v -3.2 2.3 2
v -3.3 2.3 2
v -3.3 2.3 2.1
v -3.2 2.3 2.1
v -3.2 2.6 2
v -3.3 2.6 2
v -3.3 2.6 2.1
v -3.2 2.6 2.1
v -3.3 2.8 2
v -3.4 2.8 2
v -3.4 2.8 2.1
v -3.3 2.8 2.1
v -3.3 3 2
v -3.4 3 2
v -3.4 3 2.1
v -3.3 3 2.1
v -2.5 2.7 1.9
v -2.6 2.7 1.9
v -2.6 2.7 2
v -2.5 2.7 2
v -2.5 3.1 1.9
v -2.6 3.1 1.9
v -2.6 3.1 2
v -2.5 3.1 2
v -2.5 2.4 1.9
v -2.7 2.4 1.9
v -2.7 2.4 2
v -2.5 2.4 2
v -2.6 3 1.9
v -2.7 3 1.9
v -2.7 3 2
v -2.6 3 2
v -2.7 3.1 1.9
v -2.8 3.1 1.9
v -2.8 3.1 2
v -2.7 3.1 2
v -2.9 3.1 1.9
v -3 3.1 1.9
v -3 3.1 2
v -2.9 3.1 2
v -3.1 3.2 1.9
v -3.2 3.2 1.9
v -3.2 3.2 2
v -3.1 3.2 2
v -3.2 3.1 1.9
v -3.3 3.1 1.9
v -3.3 3.1 2.1
v -3.2 3.1 2.1
v -3.4 3.1 1.9
v -3.4 3.1 2
v -3.3 3.1 2
v -3.4 2.5 1.9
v -3.5 2.5 1.9
v -3.5 2.5 2
v -3.4 2.5 2
v -3.4 2.9 1.9
v -3.5 2.9 1.9
v -3.5 2.9 2
v -3.4 2.9 2
v -2.4 2.5 1.8
v -2.5 2.5 1.8
v -2.5 2.5 1.9
v -2.4 2.5 1.9
v -2.4 2.8 1.8
v -2.5 2.8 1.8
v -2.5 2.8 1.9
v -2.4 2.8 1.9
v -2.7 3.3 1.8
v -2.8 3.3 1.8
v -2.8 3.3 1.9
v -2.7 3.3 1.9
v -2.9 3.2 1.8
v -3 3.2 1.8
v -3 3.2 1.9
v -2.9 3.2 1.9
v -3 3 1.8
v -3.1 3 1.8
v -3.1 3 2
v -3 3 2
v -3.1 3.2 1.8
v -3.2 3.2 1.8
v -3.3 3.2 1.8
v -3.4 3.2 1.8
v -3.4 3.2 1.9
v -3.3 3.2 1.9
v -3.4 3.3 1.8
v -3.5 3.3 1.8
v -3.5 3.3 1.9
v -3.4 3.3 1.9
v -3.5 2.3 1.8
v -3.6 2.3 1.8
v -3.6 2.3 1.9
v -3.5 2.3 1.9
v -3.5 2.8 1.8
v -3.6 2.8 1.8
v -3.6 2.8 1.9
v -3.5 2.8 1.9
v -3.5 3 1.8
v -3.6 3 1.8
v -3.6 3 1.9
v -3.5 3 1.9
v -3.5 3.2 1.8
v -3.6 3.2 1.8
v -3.6 3.2 1.9
v -3.5 3.2 1.9
v -2.3 2.3 1.7
v -2.4 2.3 1.7
v -2.4 2.3 1.8
v -2.3 2.3 1.8
v -2.3 3.1 1.7
v -2.4 3.1 1.7
v -2.4 3.1 1.8
v -2.3 3.1 1.8
v -2.3 3.3 1.7
v -2.4 3.3 1.7
v -2.4 3.3 1.8
v -2.3 3.3 1.8
v -2.4 3.2 1.7
v -2.5 3.2 1.7
v -2.5 3.2 1.8
v -2.4 3.2 1.8
v -2.6 3.2 1.7
v -2.6 3.2 1.9
v -2.5 3.2 1.9
v -2.7 3.2 1.7
v -2.7 3.2 2
v -2.6 3.2 2
v -2.7 3.3 1.7
v -2.8 3.3 1.7
v -2.8 3.2 1.7
v -2.9 3.2 1.7
v -2.9 3.2 2
v -2.8 3.2 2
v -2.9 3.3 1.7
v -3.1 3.3 1.7
v -3.1 3.3 1.8
v -2.9 3.3 1.8
v -3.2 3.3 1.7
v -3.3 3.3 1.7
v -3.3 3.3 1.9
v -3.2 3.3 1.9
v -3.4 3.3 1.7
v -3.3 3.3 1.8
v -3.5 3.3 1.7
v -3.6 3.3 1.7
v -3.6 3.3 1.8
v -3.6 2.9 1.7
v -3.7 2.9 1.7
v -3.7 2.9 1.8
v -3.6 2.9 1.8
v -3.6 3.1 1.7
v -3.7 3.1 1.7
v -3.7 3.1 1.8
v -3.6 3.1 1.8
v -2.3 2.4 1.6
v -2.3 2.4 1.7
v -2.2 2.4 1.7
v -2.2 2.9 1.6
v -2.3 2.9 1.6
v -2.3 2.9 1.7
v -2.2 2.9 1.7
v -2.3 3.2 1.6
v -2.4 3.2 1.6
v -2.3 3.2 1.7
v -2.4 3.4 1.6
v -2.6 3.4 1.6
v -2.6 3.4 1.7
v -2.4 3.4 1.7
v -2.7 3.4 1.6
v -2.7 3.4 1.7
v -2.8 3.4 1.6
v -2.9 3.4 1.6
v -2.9 3.4 1.8
v -2.8 3.4 1.8
v -2.9 3.5 1.6
v -3 3.5 1.6
v -3 3.5 1.7
v -2.9 3.5 1.7
v -3.1 3.4 1.6
v -3.2 3.4 1.6
v -3.2 3.4 1.8
v -3.1 3.4 1.8
v -3.3 3.4 1.6
v -3.3 3.4 1.7
v -3.2 3.4 1.7
v -3.3 3.5 1.6
v -3.4 3.5 1.6
v -3.4 3.5 1.7
v -3.3 3.5 1.7
v -3.4 3.4 1.6
v -3.5 3.4 1.6
v -3.5 3.4 1.8
v -3.4 3.4 1.8
v -3.5 3.3 1.6
v -3.6 3.3 1.6
v -3.6 3.2 1.6
v -3.7 3.2 1.6
v -3.7 3.2 1.7
v -3.6 3.2 1.7
v -3.7 2.6 1.6
v -3.8 2.6 1.6
v -3.8 2.6 1.7
v -3.7 2.6 1.7
v -3.7 2.8 1.6
v -3.8 2.8 1.6
v -3.8 2.8 1.7
v -3.7 2.8 1.7
v -2.3 3.2 1.5
v -2.4 3.2 1.5
v -2.5 3.4 1.5
v -2.7 3.4 1.5
v -2.5 3.4 1.6
v -2.8 3.4 1.5
v -2.8 3.4 1.7
v -2.8 0.1 1.5
v -2.9 0.1 1.5
v -2.9 0.1 1.6
v -2.8 0.1 1.6
v -2.8 3.5 1.5
v -2.9 3.5 1.5
v -2.8 3.5 1.6
v -3 0.1 1.5
v -3 0.1 1.8
v -2.9 0.1 1.8
v -2.9 3.4 1.5
v -3 3.4 1.5
v -3 3.4 1.6
v -3.1 0.1 1.5
v -3.1 0.1 1.6
v -3 0.1 1.6
v -3.1 3.4 1.5
v -3.1 3.4 1.7
v -3 3.4 1.7
v -3.2 3.5 1.5
v -3.3 3.5 1.5
v -3.2 3.5 1.6
v -3.4 3.4 1.5
v -3.5 3.4 1.5
v -3.5 3.3 1.5
v -3.7 3.3 1.5
v -3.7 3.3 1.6
v -3.7 3.1 1.5
v -3.8 3.1 1.5
v -3.8 3.1 1.6
v -3.7 3.1 1.6
v -3.8 2.3 1.5
v -3.9 2.3 1.5
v -3.9 2.3 1.6
v -3.8 2.3 1.6
v -3.8 2.9 1.5
v -3.9 2.9 1.5
v -3.9 2.9 1.6
v -3.8 2.9 1.6
v -2.3 3.1 1.4
v -2.3 3.1 1.6
v -2.2 3.1 1.6
v -2.3 3.3 1.4
v -2.4 3.3 1.4
v -2.4 3.3 1.5
v -2.3 3.3 1.5
v -2.5 3.3 1.4
v -2.5 3.3 1.6
v -2.4 3.3 1.6
v -2.5 3.5 1.4
v -2.6 3.5 1.4
v -2.6 3.5 1.5
v -2.5 3.5 1.5
v -2.6 3.4 1.4
v -2.7 3.4 1.4
v -2.6 3.4 1.5
v -2.8 0.1 1.4
v -2.9 0.1 1.4
v -2.8 3.5 1.4
v -2.9 3.5 1.4
v -2.9 3.6 1.4
v -3 3.6 1.4
v -3 3.6 1.5
v -2.9 3.6 1.5
v -2.9 0.2 1.4
v -3.1 0.2 1.4
v -3.1 0.2 1.5
v -2.9 0.2 1.5
v -3 3.5 1.4
v -3.1 3.5 1.4
v -3.1 3.5 1.5
v -3 3.5 1.5
v -3.1 0.1 1.4
v -3.3 0.1 1.4
v -3.3 0.1 1.5
v -3.3 3.4 1.4
v -3.4 3.4 1.4
v -3.5 0.1 1.4
v -3.6 0.1 1.4
v -3.6 0.1 1.5
v -3.5 0.1 1.5
v -3.5 3.4 1.4
v -3.6 3.4 1.4
v -3.6 3.4 1.5
v -3.6 3.2 1.4
v -3.8 3.2 1.4
v -3.8 3.2 1.5
v -3.6 3.2 1.5
v -3.8 2.5 1.4
v -3.9 2.5 1.4
v -3.9 2.5 1.5
v -3.8 2.5 1.5
v -3.8 3 1.4
v -3.9 3 1.4
v -3.9 3 1.5
v -3.8 3 1.5
v -2.2 3.2 1.3
v -2.4 3.2 1.3
v -2.4 3.2 1.4
v -2.2 3.2 1.4
v -2.4 3.4 1.3
v -2.6 3.4 1.3
v -2.4 3.4 1.4
v -2.6 3.5 1.3
v -2.7 3.5 1.3
v -2.7 3.5 1.4
v -2.7 0.1 1.3
v -2.8 0.1 1.3
v -2.7 0.1 1.5
v -2.8 0.2 1.3
v -2.9 0.2 1.3
v -2.8 0.2 1.4
v -2.8 3.6 1.3
v -2.9 3.6 1.3
v -2.8 3.6 1.4
v -2.9 0.9 1.3
v -3 0.9 1.3
v -3 0.9 1.4
v -2.9 0.9 1.4
v -2.9 1.4 1.3
v -3 1.4 1.3
v -3 1.4 1.4
v -2.9 1.4 1.4
v -2.9 3.5 1.3
v -3 3.5 1.3
v -3 0.5 1.3
v -3.1 0.5 1.3
v -3.1 0.5 1.4
v -3 0.5 1.4
v -3.1 3.5 1.3
v -3.1 0.2 1.3
v -3.2 0.2 1.3
v -3.2 0.2 1.4
v -3.2 3.5 1.3
v -3.1 3.5 1.6
v -3.2 0.1 1.3
v -3.3 0.1 1.3
v -3.2 0.1 1.4
v -3.3 3.5 1.3
v -3.4 3.5 1.3
v -3.4 3.5 1.4
v -3.3 3.5 1.4
v -3.5 0.1 1.3
v -3.4 3.4 1.3
v -3.5 3.4 1.3
v -3.5 3.3 1.3
v -3.6 3.3 1.3
v -3.6 3.3 1.4
v -3.5 3.3 1.4
v -3.6 3.2 1.3
v -3.7 3.2 1.3
v -3.7 3.2 1.4
v -3.9 2.6 1.3
v -4 2.6 1.3
v -4 2.6 1.4
v -3.9 2.6 1.4
v -2.3 3.2 1.2
v -2.4 3.2 1.2
v -2.3 3.2 1.3
v -2.6 0.1 1.2
v -2.7 0.1 1.2
v -2.6 0.1 1.3
v -2.7 3.5 1.2
v -2.8 3.5 1.2
v -2.7 3.5 1.5
v -2.8 0.6 1.2
v -2.9 0.6 1.2
v -2.9 0.6 1.3
v -2.8 0.6 1.3
v -2.8 1.2 1.2
v -2.9 1.2 1.2
v -2.9 1.2 1.3
v -2.8 1.2 1.3
v -2.9 3.5 1.2
v -2.8 3.5 1.3
v -2.9 3.6 1.2
v -3.2 3.6 1.2
v -3.2 3.6 1.3
v -3.2 3.5 1.2
v -3.3 3.5 1.2
v -3.4 3.5 1.2
v -3.5 3.5 1.2
v -3.5 3.5 1.3
v -3.5 3.4 1.2
v -3.6 3.4 1.2
v -3.6 3.4 1.3
v -3.6 3.2 1.2
v -3.7 3.2 1.2
v -3.7 3.1 1.2
v -3.8 3.1 1.2
v -3.8 3.1 1.4
v -3.7 3.1 1.4
v -3.8 2.9 1.2
v -3.9 2.9 1.2
v -3.9 2.9 1.4
v -3.8 2.9 1.4
v -3.9 2.5 1.2
v -4 2.5 1.2
v -4 2.5 1.3
v -3.9 2.5 1.3
v -3.9 2.7 1.2
v -4 2.7 1.2
v -4 2.7 1.3
v -3.9 2.7 1.3
v -4 2.9 1.2
v -4 2.9 1.3
v -3.9 2.9 1.3
v -2.3 3.1 1.1
v -2.3 3.1 1.3
v -2.2 3.1 1.3
v -2.3 3.3 1.1
v -2.4 3.3 1.1
v -2.4 3.3 1.2
v -2.3 3.3 1.2
v -2.5 3.3 1.1
v -2.5 3.3 1.3
v -2.4 3.3 1.3
v -2.4 0.1 1.1
v -2.7 0.1 1.1
v -2.4 0.1 1.2
v -2.6 3.4 1.1
v -2.7 3.4 1.1
v -2.7 3.4 1.3
v -2.7 0.2 1.1
v -2.8 0.2 1.1
v -2.7 0.2 1.3
v -2.7 3.6 1.1
v -2.8 3.6 1.1
v -2.8 3.6 1.2
v -2.7 3.6 1.2
v -2.9 3.6 1.1
v -3 3.6 1.1
v -3 3.6 1.2
v -3.1 3.5 1.1
v -3.2 3.5 1.1
v -3.1 3.5 1.2
v -3.2 0.2 1.1
v -3.3 0.2 1.1
v -3.3 0.2 1.3
v -3.3 3.5 1.1
v -3.3 0.1 1.1
v -3.4 0.1 1.1
v -3.4 0.1 1.3
v -3.4 3.4 1.1
v -3.5 3.4 1.1
v -3.4 3.4 1.2
v -3.6 3.4 1.1
v -3.7 3.2 1.1
v -3.8 3.2 1.1
v -3.8 3.2 1.2
v -3.8 2.3 1.1
v -3.9 2.3 1.1
v -3.9 2.3 1.2
v -3.8 2.3 1.2
v -3.8 3 1.1
v -3.9 3 1.1
v -3.9 3 1.2
v -3.8 3 1.2
v -3.9 2.8 1.1
v -4 2.8 1.1
v -4 2.8 1.2
v -3.9 2.8 1.2
v -2.2 3.2 1
v -2.4 3.2 1
v -2.4 3.2 1.1
v -2.2 3.2 1.1
v -2.4 3.4 1
v -2.5 3.4 1
v -2.5 3.4 1.1
v -2.4 3.4 1.1
v -2.6 3.4 1
v -2.5 3.4 1.3
v -2.6 0.1 1
v -2.8 0.1 1
v -2.8 0.1 1.1
v -2.6 0.1 1.1
v -2.8 0.2 1
v -2.9 0.2 1
v -2.9 0.2 1.1
v -2.6 3.5 1
v -2.9 3.5 1
v -2.9 3.5 1.1
v -2.6 3.5 1.1
v -2.9 3.6 1
v -3 3.6 1
v -3.1 0.2 1
v -3.2 0.2 1
v -3.1 0.2 1.1
v -3.1 3.6 1
v -3.2 3.6 1
v -3.2 3.6 1.1
v -3.1 3.6 1.1
v -3.2 0.1 1
v -3.3 0.1 1
v -3.2 0.1 1.1
v -3.4 3.4 1
v -3.5 3.4 1
v -3.6 3.3 1
v -3.7 3.3 1
v -3.7 3.3 1.2
v -3.6 3.3 1.2
v -3.8 2.9 1
v -3.9 2.9 1
v -3.9 2.9 1.1
v -3.8 2.9 1.1
v -3.8 3.1 1
v -3.9 3.1 1
v -3.9 3.1 1.1
v -3.8 3.1 1.1
v -3.9 2.6 1
v -4 2.6 1
v -4 2.6 1.1
v -3.9 2.6 1.1
v -2.3 3.2 0.9
v -2.4 3.2 0.9
v -2.3 3.2 1
v -2.4 3.3 0.9
v -2.5 3.3 0.9
v -2.5 3.3 1
v -2.4 3.3 1
v -2.5 0.1 0.9
v -2.6 0.1 0.9
v -2.5 0.1 1
v -2.5 3.5 0.9
v -2.6 3.5 0.9
v -2.5 3.5 1
v -2.6 1.7 0.9
v -2.7 1.7 0.9
v -2.7 1.7 1
v -2.6 1.7 1
v -2.7 3.5 0.9
v -2.8 3.5 0.9
v -2.8 3.5 1
v -2.7 3.5 1
v -2.8 0.1 0.9
v -2.9 0.1 0.9
v -2.9 0.1 1
v -2.8 1.7 0.9
v -2.9 1.7 0.9
v -2.9 1.7 1.1
v -2.8 1.7 1.1
v -2.8 3.6 0.9
v -2.9 3.6 0.9
v -2.8 3.6 1
v -2.9 0.2 0.9
v -3.1 0.2 0.9
v -3 3.6 0.9
v -3.1 3.6 0.9
v -3.1 3.6 1.2
v -3.1 0.1 0.9
v -3.2 0.1 0.9
v -3.1 0.1 1
v -3.2 3.5 0.9
v -3.3 3.5 0.9
v -3.3 3.4 0.9
v -3.4 3.4 0.9
v -3.3 3.4 1.3
v -3.3 0.1 0.9
v -3.5 0.1 0.9
v -3.5 0.1 1
v -3.5 3.3 0.9
v -3.6 3.3 0.9
v -3.6 3.3 1.1
v -3.5 3.3 1.1
v -3.8 2.4 0.9
v -3.9 2.4 0.9
v -3.9 2.4 1
v -3.8 2.4 1
v -3.8 2.8 0.9
v -3.9 2.8 0.9
v -3.9 2.8 1
v -3.8 2.8 1
v -2.2 3.1 0.8
v -2.3 3.1 0.8
v -2.3 3.1 1
v -2.2 3.1 1
v -2.3 3.2 0.8
v -2.4 3.2 0.8
v -2.4 3.4 0.8
v -2.5 3.4 0.8
v -2.5 3.4 0.9
v -2.4 3.4 0.9
v -2.7 1.7 0.8
v -2.8 1.7 0.8
v -2.7 1.7 1.1
v -2.7 3.4 0.8
v -2.8 3.4 0.8
v -2.8 3.4 0.9
v -2.7 3.4 0.9
v -2.8 3.5 0.8
v -2.9 3.5 0.8
v -2.9 3.5 0.9
v -3 3.5 0.8
v -3 3.5 1
v -3.1 3.5 0.8
v -3.2 3.5 0.8
v -3.2 3.5 1
v -3.1 3.5 1
v -3.4 0.1 0.8
v -3.5 0.1 0.8
v -3.4 0.1 0.9
v -3.5 3.4 0.8
v -3.6 3.4 0.8
v -3.6 3.4 0.9
v -3.5 3.4 0.9
v -3.6 3.2 0.8
v -3.7 3.2 0.8
v -3.7 3.2 1
v -3.6 3.2 1
v -3.7 3.1 0.8
v -3.8 3.1 0.8
v -3.7 3.1 1.1
v -3.8 2.6 0.8
v -3.9 2.6 0.8
v -3.9 2.6 0.9
v -3.8 2.6 0.9
v -2.2 2.5 0.7
v -2.3 2.5 0.7
v -2.3 2.5 0.8
v -2.2 2.5 0.8
v -2.2 2.9 0.7
v -2.3 2.9 0.7
v -2.3 2.9 0.8
v -2.2 2.9 0.8
v -2.3 3.3 0.7
v -2.5 3.3 0.7
v -2.5 3.3 0.8
v -2.3 3.3 0.8
v -2.5 3.4 0.7
v -2.6 3.4 0.7
v -2.6 3.4 0.9
v -2.7 3.4 0.7
v -2.7 3.4 1
v -2.7 0.1 0.7
v -2.8 0.1 0.7
v -2.7 0.1 0.9
v -2.7 3.5 0.7
v -2.8 3.5 0.7
v -2.7 3.5 0.8
v -2.8 3.4 0.7
v -3 3.4 0.7
v -3 3.4 0.8
v -3 0.1 0.7
v -3.1 0.1 0.7
v -3 0.1 0.9
v -3 3.5 0.7
v -3.1 3.5 0.7
v -3.1 3.5 0.9
v -3 3.5 0.9
v -3.1 3.4 0.7
v -3.2 3.4 0.7
v -3.2 3.4 0.8
v -3.1 3.4 0.8
v -3.3 3.4 0.7
v -3.2 3.4 0.9
v -3.3 3.5 0.7
v -3.4 3.5 0.7
v -3.4 3.5 0.9
v -3.4 3.4 0.7
v -3.5 3.4 0.7
v -3.6 3.2 0.7
v -3.7 3.2 0.7
v -3.7 2.3 0.7
v -3.8 2.3 0.7
v -3.8 2.3 0.8
v -3.7 2.3 0.8
v -3.7 2.5 0.7
v -3.8 2.5 0.7
v -3.8 2.5 0.8
v -3.7 2.5 0.8
v -3.7 2.8 0.7
v -3.8 2.8 0.7
v -3.8 2.8 0.8
v -3.7 2.8 0.8
v -2.2 2.4 0.6
v -2.3 2.4 0.6
v -2.3 2.4 0.7
v -2.3 2.8 0.6
v -2.4 2.8 0.6
v -2.4 2.8 0.7
v -2.3 2.8 0.7
v -2.3 3.2 0.6
v -2.4 3.2 0.6
v -2.4 3.2 0.7
v -2.3 3.2 0.7
v -2.4 3.3 0.6
v -2.5 3.3 0.6
v -2.4 3.3 0.7
v -2.6 3.3 0.6
v -2.6 3.3 0.7
v -2.8 3.3 0.6
v -2.8 3.3 0.7
v -2.8 3.4 0.6
v -2.9 3.4 0.6
v -2.9 3.4 0.7
v -2.9 0.1 0.6
v -3 0.1 0.6
v -2.9 3.3 0.6
v -3.1 3.3 0.6
v -3.1 3.3 0.7
v -2.9 3.3 0.7
v -3.1 3.4 0.6
v -3.2 3.4 0.6
v -3.2 3.3 0.6
v -3.3 3.3 0.6
v -3.3 3.3 0.7
v -3.2 3.3 0.7
v -3.3 3.4 0.6
v -3.4 3.4 0.6
v -3.5 3.3 0.6
v -3.6 3.3 0.6
v -3.6 3.3 0.8
v -3.5 3.3 0.8
v -3.6 2.4 0.6
v -3.7 2.4 0.6
v -3.7 2.4 0.7
v -3.6 2.4 0.7
v -3.6 2.8 0.6
v -3.7 2.8 0.6
v -3.6 2.8 0.7
v -3.6 3.1 0.6
v -3.7 3.1 0.6
v -3.7 3.1 0.7
v -3.6 3.1 0.7
v -2.2 2.2 0.5
v -2.3 2.2 0.5
v -2.3 2.2 0.6
v -2.2 2.2 0.6
v -2.3 2.4 0.5
v -2.4 2.4 0.5
v -2.4 2.4 0.6
v -2.4 2.6 0.5
v -2.5 2.6 0.5
v -2.5 2.6 0.6
v -2.4 2.6 0.6
v -2.4 3 0.5
v -2.5 3 0.5
v -2.5 3 0.6
v -2.4 3 0.6
v -2.4 3.2 0.5
v -2.5 3.2 0.5
v -2.5 3.2 0.6
v -2.5 3.3 0.5
v -2.6 3.3 0.5
v -2.6 3.2 0.5
v -2.7 3.2 0.5
v -2.7 3.2 0.6
v -2.6 3.2 0.6
v -2.7 3.3 0.5
v -2.8 3.3 0.5
v -2.7 3.3 0.6
v -2.9 3.2 0.5
v -3 3.2 0.5
v -3 3.2 0.6
v -2.9 3.2 0.6
v -3 3.3 0.5
v -3.1 3.3 0.5
v -3 3.3 0.6
v -3.3 3.2 0.5
v -3.4 3.2 0.5
v -3.4 3.2 0.6
v -3.3 3.2 0.6
v -3.4 3.3 0.5
v -3.5 3.3 0.5
v -3.5 3.3 0.7
v -3.4 3.3 0.7
v -3.5 2.5 0.5
v -3.6 2.5 0.5
v -3.6 2.5 0.6
v -3.5 2.5 0.6
v -3.5 3 0.5
v -3.6 3 0.5
v -3.6 3 0.6
v -3.5 3 0.6
v -2.3 2.1 0.4
v -2.4 2.1 0.4
v -2.4 2.1 0.5
v -2.3 2.1 0.5
v -2.3 2.3 0.4
v -2.4 2.3 0.4
v -2.4 2.3 0.5
v -2.3 2.3 0.5
v -2.4 2.4 0.4
v -2.5 2.4 0.4
v -2.5 2.4 0.5
v -2.5 2.8 0.4
v -2.6 2.8 0.4
v -2.6 2.8 0.5
v -2.5 2.8 0.5
v -2.5 3 0.4
v -2.6 3 0.4
v -2.6 3 0.5
v -2.6 3.1 0.4
v -2.8 3.1 0.4
v -2.8 3.1 0.5
v -2.6 3.1 0.5
v -2.8 3.2 0.4
v -2.9 3.2 0.4
v -2.8 3.2 0.6
v -2.9 3.1 0.4
v -3.1 3.1 0.4
v -3.1 3.1 0.5
v -2.9 3.1 0.5
v -3.1 3.2 0.4
v -3.3 3.2 0.4
v -3.1 3.2 0.6
v -3.3 3.1 0.4
v -3.4 3.1 0.4
v -3.4 3.1 0.5
v -3.3 3.1 0.5
v -3.4 2.3 0.4
v -3.5 2.3 0.4
v -3.5 2.3 0.5
v -3.4 2.3 0.5
v -3.4 2.8 0.4
v -3.5 2.8 0.4
v -3.5 2.8 0.5
v -3.4 2.8 0.5
v -3.4 3.2 0.4
v -3.5 3.2 0.4
v -3.5 3.2 0.5
v -2.4 2.4 0.3
v -2.5 2.4 0.3
v -2.5 2.5 0.3
v -2.6 2.5 0.3
v -2.6 2.5 0.5
v -2.5 2.5 0.5
v -2.6 2.6 0.3
v -2.7 2.6 0.3
v -2.7 2.6 0.4
v -2.6 2.6 0.4
v -2.7 2.4 0.3
v -2.8 2.4 0.3
v -2.8 2.4 0.4
v -2.7 2.4 0.4
v -2.7 2.8 0.3
v -2.8 2.8 0.3
v -2.8 2.8 0.4
v -2.7 2.8 0.4
v -2.7 3.1 0.3
v -2.8 3.1 0.3
v -2.7 3.1 0.4
v -2.8 3 0.3
v -2.9 3 0.3
v -2.9 3 0.4
v -2.8 3 0.4
v -2.9 2.3 0.3
v -3 2.3 0.3
v -3 2.3 0.4
v -2.9 2.3 0.4
v -2.9 2.9 0.3
v -3 2.9 0.3
v -3 2.9 0.4
v -2.9 2.9 0.4
v -3 3 0.3
v -3.2 3 0.3
v -3.2 3 0.4
v -3 3 0.4
v -3.2 2.5 0.3
v -3.3 2.5 0.3
v -3.3 2.5 0.4
v -3.2 2.5 0.4
v -3.2 3.1 0.3
v -3.3 3.1 0.3
v -3.2 3.1 0.4
v -3.3 2.8 0.3
v -3.4 2.8 0.3
v -3.3 2.8 0.4
v -2.5 2.5 0.2
v -2.6 2.5 0.2
v -2.6 2.4 0.2
v -2.7 2.4 0.2
v -2.6 2.4 0.3
v -2.9 2.6 0.2
v -3 2.6 0.2
v -3 2.6 0.3
v -2.9 2.6 0.3
v -3 2.5 0.2
v -3.1 2.5 0.2
v -3.1 2.5 0.3
v -3 2.5 0.3
v -3 2.8 0.2
v -3.1 2.8 0.2
v -3.1 2.8 0.3
v -3 2.8 0.3
v -2.3 0.2 -0.1
v -2.4 0.2 -0.1
v -2.4 0.2 0
v -2.3 0.2 0
v -2.3 0.5 -0.1
v -2.5 0.5 -0.1
v -2.5 0.5 0
v -2.3 0.5 0
v -2.6 0.5 -0.1
v -2.8 0.5 -0.1
v -2.8 0.5 0
v -2.6 0.5 0
v -3 0.1 -0.1
v -3.1 0.1 -0.1
v -3.1 0.1 0
v -3 0.1 0
v -2.9 0.5 -0.1
v -3.1 0.5 -0.1
v -3.1 0.5 0
v -2.9 0.5 0
v -3.2 0.3 -0.1
v -3.3 0.3 -0.1
v -3.3 0.3 0
v -3.2 0.3 0
v -3.2 0.5 -0.1
v -3.4 0.5 -0.1
v -3.4 0.5 0
v -3.2 0.5 0
v -3.5 0.5 -0.1
v -3.7 0.5 -0.1
v -3.7 0.5 0
v -3.5 0.5 0
v -3.8 0.5 -0.1
v -4 0.5 -0.1
v -4 0.5 0
v -3.8 0.5 0
v -2.4 0.3 -0.2
v -3.9 0.3 -0.2
v -3.9 0.3 -0.1
v -2.4 0.3 -0.1
v -3.9 0.5 -0.2
v -4 0.5 -0.2
v -3.9 0.5 -0.1
v -3.9 0.2 -0.4
v -4 0.2 -0.4
v -4 0.2 -0.3
v -3.9 0.2 -0.3
v -3.9 0.5 -0.5
v -4 0.5 -0.5
v -4 0.5 -0.3
v -3.9 0.5 -0.3
v -3.9 0.3 -0.7
v -4 0.3 -0.7
v -4 0.3 -0.6
v -3.9 0.3 -0.6
v -3.9 0.2 -0.8
v -4 0.2 -0.8
v -4 0.2 -0.7
v -3.9 0.2 -0.7
v -3.9 0.5 -0.8
v -4 0.5 -0.8
v -4 0.5 -0.6
v -3.9 0.5 -0.6
v -2.3 0.1 -1
v -2.3 0.1 0
v -2.3 1.4 -1
v -2.4 1.4 -1
v -2.4 1.4 -0.8
v -2.3 1.4 -0.8
v -2.5 0.1 -1
v -2.5 0.1 -0.8
v -2.3 0.1 -0.8
v -2.3 1.1 -1.1
v -2.3 1.1 -1
v -2.3 1.5 -1.1
v -2.3 1.5 -0.8
v -2.3 1 -1.1
v -2.4 1 -1.1
v -2.4 1 -1
v -2.3 1 -1
v -2.3 1.3 -1.1
v -2.4 1.3 -1.1
v -2.4 1.3 -1
v -2.3 1.3 -1
v -3.1 0.1 -1.1
v -3.2 0.1 -1.1
v -3.2 0.1 -1
v -3.1 0.1 -1
v -3.9 0.5 -1.1
v -4 0.5 -1.1
v -4 0.5 -0.9
v -3.9 0.5 -0.9
v -2.3 0.1 -1.2
v -2.3 0.6 -1.2
v -2.3 0.6 -1.1
v -2.2 0.6 -1.1
v -2.3 1.4 -1.2
v -2.3 1.4 -1.1
v -2.4 0.1 -1.2
v -2.5 0.1 -1.2
v -2.4 0.1 -1
v -2.6 0.1 -1.2
v -2.6 0.1 -0.9
v -2.5 0.1 -0.9
v -2.7 0.1 -1.2
v -2.7 0.1 -1
v -2.6 0.1 -1
v -2.8 0.1 -1.2
v -2.8 0.1 -1.1
v -2.7 0.1 -1.1
v -2.6 0.4 -1.2
v -2.8 0.4 -1.2
v -2.8 0.4 -1.1
v -2.6 0.4 -1.1
v -3 0.1 -1.2
v -3 0.1 -1
v -2.8 0.1 -1
v -2.6 1.1 -1.2
v -3.2 1.1 -1.2
v -3.2 1.1 -1.1
v -2.6 1.1 -1.1
v -2.3 1.4 -1.3
v -2.4 1.4 -1.3
v -2.4 1.4 -1.1
v -2.4 0.7 -1.3
v -2.5 0.7 -1.3
v -2.5 0.7 -1.2
v -2.4 0.7 -1.2
v -2.5 0.4 -1.3
v -2.6 0.4 -1.3
v -2.5 0.4 -1.1
v -2.5 1.2 -1.3
v -2.6 1.2 -1.3
v -2.6 1.2 -0.8
v -2.5 1.2 -0.8
v -2.6 0.2 -1.3
v -2.7 0.2 -1.3
v -2.7 0.2 -1.2
v -2.6 0.2 -1.2
v -2.7 0.4 -1.3
v -2.8 0.4 -1.3
v -2.7 0.4 -1.2
v -2.8 0.5 -1.3
v -2.9 0.5 -1.3
v -2.9 0.5 -1.2
v -2.8 0.5 -1.2
v -2.8 0.7 -1.3
v -2.9 0.7 -1.3
v -2.9 0.7 -1.2
v -2.8 0.7 -1.2
v -3.1 0.1 -1.3
v -3.2 0.1 -1.3
v -3.2 0.1 -1.2
v -3.1 0.1 -1.2
v -3.2 1.2 -1.3
v -3.2 1.2 -1.2
v -2.6 1.2 -1.2
v -2.3 1.3 -1.4
v -2.4 1.3 -1.4
v -2.4 1.3 -1.3
v -2.3 1.3 -1.3
v -2.5 1.3 -1.4
v -2.5 1.3 -0.8
v -2.4 1.3 -0.8
v -2.5 0.4 -1.4
v -2.6 0.4 -1.4
v -2.5 0.6 -1.4
v -2.6 0.6 -1.4
v -2.6 0.6 -1.3
v -2.5 0.6 -1.3
v -2.6 0.7 -1.4
v -2.7 0.7 -1.4
v -2.7 0.7 -1.3
v -2.6 0.7 -1.3
v -2.9 0.2 -1.4
v -3 0.2 -1.4
v -3 0.2 -1.3
v -2.9 0.2 -1.3
v -2.9 0.8 -1.4
v -3 0.8 -1.4
v -3 0.8 -1.3
v -2.9 0.8 -1.3
v -3.2 1.3 -1.4
v -3.2 1.3 -1.3
v -2.5 1.3 -1.3
v -3.9 0.2 -1.4
v -4 0.2 -1.4
v -4 0.2 -1.3
v -3.9 0.2 -1.3
v -3.9 0.5 -1.4
v -4 0.5 -1.4
v -4 0.5 -1.2
v -3.9 0.5 -1.2
v -2.3 1.4 -1.5
v -2.8 1.4 -1.5
v -2.8 1.4 -1.4
v -2.3 1.4 -1.4
v -2.8 1.3 -1.5
v -2.9 1.3 -1.5
v -2.9 1.3 -1.4
v -2.8 1.3 -1.4
v -2.9 0.4 -1.5
v -3 0.4 -1.5
v -3 0.4 -1.4
v -2.9 0.4 -1.4
v -2.9 0.9 -1.5
v -3 0.9 -1.5
v -3 0.9 -1.4
v -2.9 0.9 -1.4
v -2.9 1.4 -1.5
v -3.2 1.4 -1.5
v -3.2 1.4 -1.4
v -2.9 1.4 -1.4
v -2.3 1.5 -1.6
v -2.3 1.5 -1.2
v -2.3 1.4 -1.6
v -2.4 1.4 -1.6
v -2.4 1.4 -1.5
v -3.1 0.1 -1.6
v -3.2 0.1 -1.6
v -3.2 0.1 -1.4
v -3.1 0.1 -1.4
v -2.4 1.5 -1.6
v -3.2 1.5 -1.6
v -3.2 1.5 -1.5
v -2.4 1.5 -1.5
v -2.8 1.6 -1.7
v -2.8 1.6 -1.6
v -2.8 1.5 -1.7
v -2.9 1.5 -1.7
v -2.9 1.5 -1.6
v -2.8 1.5 -1.6
v -2.9 0.2 -1.7
v -3 0.2 -1.7
v -3 0.2 -1.6
v -2.9 0.2 -1.6
v -2.9 0.6 -1.7
v -3 0.6 -1.7
v -3 0.6 -1.6
v -2.9 0.6 -1.6
v -2.9 1.6 -1.7
v -3.2 1.6 -1.7
v -3.2 1.6 -1.6
v -2.9 1.6 -1.6
v -3.9 0.1 -1.7
v -4 0.1 -1.7
v -4 0.1 -1.6
v -3.9 0.1 -1.6
v -3.9 0.5 -1.7
v -4 0.5 -1.7
v -4 0.5 -1.5
v -3.9 0.5 -1.5
v -2.5 1.7 -1.8
v -2.5 1.7 -1.7
v -2.5 1.6 -1.8
v -2.6 1.6 -1.8
v -2.6 1.6 -1.7
v -2.5 1.6 -1.7
v -2.8 0.6 -1.8
v -2.9 0.6 -1.8
v -2.8 0.6 -1.7
v -2.9 1.1 -1.8
v -3 1.1 -1.8
v -3 1.1 -1.7
v -2.9 1.1 -1.7
v -3.1 0.1 -1.8
v -3.2 0.1 -1.8
v -3.2 0.1 -1.7
v -3.1 0.1 -1.7
v -2.6 1.7 -1.8
v -3.2 1.7 -1.8
v -3.2 1.7 -1.7
v -2.6 1.7 -1.7
v -2.8 0.7 -1.9
v -2.9 0.7 -1.9
v -2.9 0.7 -1.8
v -2.8 0.7 -1.8
v -3.2 1.8 -1.9
v -3.2 1.8 -1.8
v -3.9 0.2 -1.9
v -4 0.2 -1.9
v -4 0.2 -1.8
v -3.9 0.2 -1.8
v -3.9 0.5 -1.9
v -4 0.5 -1.9
v -4 0.5 -1.8
v -3.9 0.5 -1.8
v -2.3 1.9 -2
v -2.3 1.9 -1.9
v -2.3 1.8 -2
v -2.4 1.8 -2
v -2.4 1.8 -1.9
v -2.3 1.8 -1.9
v -2.4 1.9 -2
v -2.7 1.9 -2
v -2.7 1.9 -1.9
v -2.4 1.9 -1.9
v -2.7 1.8 -2
v -2.8 1.8 -2
v -2.8 1.8 -1.9
v -2.7 1.8 -1.9
v -2.8 0.5 -2
v -2.9 0.5 -2
v -2.9 0.5 -1.9
v -2.8 0.5 -1.9
v -3 0.4 -2
v -3.1 0.4 -2
v -3.1 0.4 -1.7
v -3 0.4 -1.7
v -2.8 1.9 -2
v -3.2 1.9 -2
v -3.2 1.9 -1.9
v -2.8 1.9 -1.9
v -3.9 0.4 -2
v -4 0.4 -2
v -4 0.4 -1.9
v -3.9 0.4 -1.9
v -2.3 1.9 -2.1
v -2.4 1.9 -2.1
v -2.7 1.9 -2.1
v -2.8 1.9 -2.1
v -2.3 2 -2.2
v -2.3 2 -2
v -2.4 2 -2.2
v -2.4 2 -2.1
v -2.3 2 -2.1
v -2.7 2 -2.2
v -2.7 2 -2
v -2.4 2 -2
v -2.8 2 -2.2
v -2.8 2 -2.1
v -2.7 2 -2.1
v -2.8 0.5 -2.2
v -2.9 0.5 -2.2
v -2.9 0.5 -2.1
v -2.8 0.5 -2.1
v -2.9 0.4 -2.2
v -3 0.4 -2.2
v -2.9 0.4 -1.7
v -2.9 1.2 -2.2
v -3 1.2 -2.2
v -3 1.2 -2.1
v -2.9 1.2 -2.1
v -2.9 1.4 -2.2
v -3 1.4 -2.2
v -3 1.4 -2.1
v -2.9 1.4 -2.1
v -3 0.1 -2.2
v -3.1 0.1 -2.2
v -3 0.1 -1.1
v -3.1 0.4 -2.2
v -3.1 0.4 -2.1
v -3 0.4 -2.1
v -3.1 2 -2.2
v -3.1 2 -2
v -2.8 2 -2
v -3.2 0.1 -2.2
v -3.2 0.1 -2
v -3.1 0.1 -2
v -3.1 1.9 -2.2
v -3.2 1.9 -2.2
v -3.1 1.9 -2
v -3.8 0.3 -2.2
v -3.9 0.3 -2.2
v -3.8 0.3 -0.2
v -4 0.3 -2.2
v -4 0.3 -2.1
v -3.9 0.3 -2.1
v -3.9 0.5 -2.2
v -4 0.5 -2.2
v -4 0.5 -2.1
v -3.9 0.5 -2.1
v -2.9 2.5 2.1
v -2.9 2.5 2.2
v -3 2.4 2.1
v -3 2.4 2.2
v -3.1 2.4 2.2
v -3.1 2.4 2.1
v -3 2.8 2.1
v -3 2.8 2.2
v -3.1 2.6 2.1
v -3.1 2.6 2.2
v -3.2 2.6 2.2
v -2.6 2.2 2
v -2.6 2.2 2.1
v -2.7 2.2 2.1
v -2.7 2.2 2
v -2.7 2.8 2
v -2.7 2.8 2.1
v -2.8 2.8 2.1
v -2.8 2.8 2
v -2.7 2.5 2
v -2.7 2.5 2.1
v -2.9 2.5 2
v -2.9 2.3 2
v -2.9 2.3 2.1
v -3 2.3 2.1
v -3 2.3 2
v -3 2.4 2
v -3.1 2.4 2
v -3.1 2.3 2
v -3.1 2.3 2.1
v -3.2 2.4 2
v -3.2 2.4 2.1
v -3.3 2.4 2.1
v -3.3 2.4 2
v -3.2 3 2
v -3.2 3 2.1
v -3.4 2.6 2.1
v -3.4 2.6 2
v -3.3 2.9 2
v -3.3 2.9 2.1
v -3.4 2.9 2.1
v -2.5 2.2 1.9
v -2.5 2.2 2
v -2.6 2.2 1.9
v -2.5 2.6 1.9
v -2.5 2.6 2
v -2.6 2.6 2
v -2.6 2.6 1.9
v -2.5 2.9 1.9
v -2.5 2.9 2
v -2.6 2.9 2
v -2.6 2.9 1.9
v -2.6 2.5 1.9
v -2.6 2.5 2
v -2.7 2.5 1.9
v -2.7 2.2 1.9
v -2.9 2.2 2
v -2.9 2.2 1.9
v -3 2.2 1.9
v -3 2.2 2
v -3.2 2.2 2
v -3.2 2.2 1.9
v -3.2 2.2 2.1
v -3.3 2.2 2.1
v -3.3 2.2 1.9
v -3.4 2.3 1.9
v -3.4 2.3 2
v -3.5 2.3 2
v -3.4 2.8 1.9
v -3.5 2.8 2
v -2.4 2.3 1.9
v -2.5 2.3 1.9
v -2.5 2.3 1.8
v -2.4 2.6 1.8
v -2.4 2.6 1.9
v -2.5 2.6 1.8
v -2.5 2.1 1.8
v -2.5 2.1 1.9
v -2.6 2.1 1.9
v -2.6 2.1 1.8
v -2.6 2.1 2
v -2.7 2.1 2
v -2.7 2.1 1.8
v -2.8 2.1 1.8
v -2.8 2.1 1.9
v -2.9 2.1 1.9
v -2.9 2.1 1.8
v -2.9 2.1 2
v -3 2.1 2
v -3 2.1 1.8
v -3 2 1.8
v -3 2 1.9
v -3.1 2 1.9
v -3.1 2 1.8
v -3.1 2.1 1.8
v -3.1 2.1 1.9
v -3.2 2.1 1.9
v -3.2 2.1 1.8
v -3.3 2.1 1.8
v -3.3 2.1 2
v -3.4 2.1 2
v -3.4 2.1 1.8
v -3.4 2 1.8
v -3.4 2 1.9
v -3.5 2 1.9
v -3.5 2 1.8
v -3.5 2.1 1.8
v -3.5 2.1 1.9
v -3.6 2.1 1.9
v -3.6 2.1 1.8
v -3.5 2.6 1.8
v -3.5 2.6 1.9
v -3.6 2.6 1.9
v -3.6 2.6 1.8
v -3.5 2.9 1.8
v -3.6 2.9 1.9
v -3.5 3.1 1.8
v -3.5 3.1 1.9
v -3.6 3.1 1.9
v -2.3 2.1 1.7
v -2.3 2.1 1.8
v -2.4 2.1 1.8
v -2.4 2.1 1.7
v -2.3 2.8 1.7
v -2.3 2.8 1.8
v -2.4 2.8 1.7
v -2.3 3.2 1.8
v -2.7 2 1.7
v -2.7 2 1.9
v -2.8 2 1.9
v -2.8 2 1.7
v -2.9 2 1.7
v -2.9 2 1.8
v -3 2 1.7
v -3 1.9 1.7
v -3 1.9 1.8
v -3.1 1.9 1.8
v -3.1 1.9 1.7
v -3.2 2 1.7
v -3.2 2 1.9
v -3.3 2 1.9
v -3.3 2 1.7
v -3.3 1.9 1.7
v -3.3 1.9 1.8
v -3.4 1.9 1.8
v -3.4 1.9 1.7
v -3.4 2 1.7
v -3.5 2 1.7
v -3.6 2.8 1.7
v -3.7 2.8 1.8
v -3.6 3 1.7
v -3.7 3 1.8
v -3.7 3 1.7
v -2.2 2.2 1.6
v -2.2 2.2 1.7
v -2.3 2.2 1.7
v -2.3 2.2 1.6
v -2.2 2.7 1.7
v -2.3 2.7 1.7
v -2.3 2.7 1.6
v -2.3 2 1.6
v -2.3 2 1.7
v -2.4 2 1.7
v -2.4 2 1.6
v -2.4 2 1.8
v -2.7 2 1.8
v -2.7 2 1.6
v -2.7 1.9 1.6
v -2.7 1.9 1.7
v -2.8 1.9 1.7
v -2.8 1.9 1.6
v -2.8 1.9 1.8
v -2.9 1.9 1.8
v -2.9 1.9 1.6
v -2.9 1.9 1.7
v -3 1.9 1.6
v -3 2 1.6
v -3.1 2 1.7
v -3.1 2 1.6
v -3.2 2 1.8
v -3.2 2 1.6
v -3.3 2 1.6
v -3.5 2 1.6
v -3.6 2 1.8
v -3.6 2 1.6
v -3.6 2.1 1.6
v -3.6 2.1 1.7
v -3.7 2.1 1.7
v -3.7 2.1 1.6
v -3.7 2.3 1.6
v -3.7 2.3 1.7
v -3.8 2.3 1.7
v -3.7 2.7 1.6
v -3.7 2.7 1.7
v -3.8 2.7 1.7
v -3.8 2.7 1.6
v -2.2 2.1 1.5
v -2.2 2.1 1.6
v -2.4 2.1 1.6
v -2.4 2.1 1.5
v -2.4 1.9 1.5
v -2.4 1.9 1.6
v -2.5 1.9 1.6
v -2.5 1.9 1.5
v -2.5 2 1.5
v -2.5 2 1.6
v -2.6 2 1.6
v -2.6 2 1.5
v -2.6 1.9 1.5
v -2.6 1.9 1.6
v -2.7 1.9 1.5
v -2.8 0 1.5
v -2.8 0 1.6
v -2.9 0 1.6
v -2.9 0 1.5
v -2.9 0 1.8
v -3 0 1.8
v -3 0 1.5
v -2.9 1.9 1.5
v -3 1.9 1.5
v -3 1.8 1.5
v -3 1.8 1.6
v -3.1 1.8 1.6
v -3.1 1.8 1.5
v -3.2 1.9 1.5
v -3.2 1.9 1.7
v -3.3 1.9 1.5
v -3.3 1.8 1.5
v -3.3 1.8 1.6
v -3.4 1.8 1.6
v -3.4 1.8 1.5
v -3.4 2 1.5
v -3.4 2 1.6
v -3.5 2 1.5
v -3.5 1.9 1.5
v -3.5 1.9 1.6
v -3.6 1.9 1.6
v -3.6 1.9 1.5
v -3.6 2 1.5
v -3.7 2 1.6
v -3.7 2 1.5
v -3.7 2.2 1.5
v -3.7 2.2 1.6
v -3.9 2.2 1.6
v -3.9 2.2 1.5
v -3.8 2.6 1.5
v -3.9 2.6 1.6
v -3.9 2.6 1.5
v -2.3 2 1.4
v -2.3 2 1.5
v -2.5 2 1.4
v -2.6 1.8 1.4
v -2.6 1.8 1.5
v -2.7 1.8 1.5
v -2.7 1.8 1.4
v -2.7 1.9 1.4
v -2.8 1.9 1.4
v -2.8 0 1.4
v -2.9 0 1.4
v -2.8 1.8 1.4
v -2.8 1.8 1.6
v -2.9 1.8 1.6
v -2.9 1.8 1.4
v -2.9 1.8 1.5
v -3 1.8 1.4
v -3 1.7 1.4
v -3 1.7 1.5
v -3.1 1.7 1.5
v -3.1 1.7 1.4
v -3.1 1.9 1.4
v -3.1 1.9 1.6
v -3.2 1.9 1.6
v -3.2 1.9 1.4
v -3.2 1.8 1.4
v -3.2 1.8 1.5
v -3.3 1.8 1.4
v -3.4 1.9 1.4
v -3.4 1.9 1.5
v -3.5 1.9 1.4
v -3.5 0 1.4
v -3.5 0 1.5
v -3.6 0 1.5
v -3.6 0 1.4
v -3.7 2.1 1.4
v -3.7 2.1 1.5
v -3.8 2.1 1.5
v -3.8 2.1 1.4
v -3.8 2.3 1.4
v -3.9 2.3 1.4
v -2.2 2.2 1.3
v -2.3 2.2 1.5
v -2.3 2.2 1.3
v -2.3 2 1.3
v -2.4 2 1.4
v -2.4 2 1.3
v -2.5 2 1.3
v -2.5 1.9 1.3
v -2.6 1.9 1.3
v -2.7 1.8 1.3
v -2.8 1.8 1.3
v -2.8 1.7 1.3
v -2.8 1.7 1.4
v -2.9 1.7 1.4
v -2.9 1.7 1.3
v -2.9 1 1.3
v -2.9 1 1.4
v -3 1 1.4
v -3 1 1.3
v -2.9 1.5 1.3
v -2.9 1.5 1.4
v -3 1.5 1.4
v -3 1.5 1.3
v -3 0.6 1.3
v -3 0.6 1.4
v -3.1 0.6 1.4
v -3.1 0.6 1.3
v -3.1 1.8 1.3
v -3.1 1.8 1.4
v -3.2 1.8 1.3
v -3.3 1.9 1.3
v -3.4 1.9 1.3
v -3.3 0 1.3
v -3.3 0 1.4
v -3.5 0 1.3
v -3.7 2.2 1.3
v -3.7 2.2 1.4
v -3.8 2.2 1.4
v -3.8 2.2 1.3
v -3.8 2.4 1.3
v -3.8 2.4 1.4
v -3.9 2.4 1.4
v -3.9 2.4 1.3
v -4 2.5 1.4
v -2.2 2.1 1.2
v -2.2 2.1 1.3
v -2.4 2.1 1.3
v -2.4 2.1 1.2
v -2.4 1.9 1.2
v -2.4 1.9 1.3
v -2.5 1.9 1.2
v -2.6 0 1.2
v -2.6 0 1.3
v -2.7 0 1.3
v -2.7 0 1.2
v -2.7 1.7 1.2
v -2.7 1.7 1.3
v -2.8 1.7 1.2
v -2.8 0.7 1.2
v -2.8 0.7 1.3
v -2.9 0.7 1.3
v -2.9 0.7 1.2
v -2.8 1.3 1.2
v -2.8 1.3 1.3
v -2.9 1.3 1.3
v -2.9 1.3 1.2
v -3.2 1.9 1.2
v -3.3 1.9 1.4
v -3.3 1.9 1.2
v -3.3 1.8 1.2
v -3.3 1.8 1.3
v -3.4 1.8 1.3
v -3.4 1.8 1.2
v -3.4 2 1.2
v -3.4 2 1.4
v -3.5 2 1.4
v -3.5 2 1.2
v -3.6 2.1 1.2
v -3.6 2.1 1.5
v -3.7 2.1 1.2
v -3.7 2.1 1.3
v -3.8 2.1 1.3
v -3.8 2.1 1.2
v -3.8 2.3 1.3
v -3.9 2.3 1.3
v -3.9 2.4 1.2
v -4 2.4 1.3
v -4 2.4 1.2
v -3.9 2.8 1.3
v -4 2.8 1.3
v -2.3 2.2 1.2
v -2.3 2.2 1.1
v -2.3 2.1 1.1
v -2.3 2.1 1.2
v -2.4 2.1 1.1
v -2.4 2 1.1
v -2.4 2 1.2
v -2.5 2 1.2
v -2.5 2 1.1
v -2.6 2 1.3
v -2.6 2 1.1
v -2.4 0 1.1
v -2.4 0 1.2
v -2.7 0 1.1
v -2.6 1.9 1.1
v -2.6 1.9 1.4
v -2.7 1.9 1.1
v -2.7 1.8 1.1
v -2.7 1.8 1.2
v -2.8 1.8 1.2
v -2.8 1.8 1.1
v -3.2 1.8 1.1
v -3.2 1.8 1.2
v -3.3 1.8 1.1
v -3.3 0 1.1
v -3.4 0 1.3
v -3.4 0 1.1
v -3.4 1.9 1.1
v -3.4 1.9 1.2
v -3.5 1.9 1.2
v -3.5 1.9 1.1
v -3.5 2 1.1
v -3.6 2 1.1
v -3.6 2 1.2
v -3.7 2 1.2
v -3.7 2 1.1
v -3.8 2.2 1.1
v -3.8 2.2 1.2
v -3.9 2.2 1.2
v -3.9 2.2 1.1
v -2.2 2.1 1.1
v -2.3 2.1 1
v -2.3 2 1
v -2.3 2 1.1
v -2.4 2 1
v -2.4 1.9 1
v -2.4 1.9 1.1
v -2.5 1.9 1.1
v -2.5 1.9 1
v -2.6 0 1
v -2.6 0 1.1
v -2.7 0 1
v -2.7 0 1.5
v -2.8 0 1
v -2.7 1.5 1
v -2.7 1.5 1.1
v -2.8 1.5 1.1
v -2.8 1.5 1
v -2.9 0 1
v -2.8 1.4 1
v -2.8 1.4 1.1
v -2.9 1.4 1.1
v -2.9 1.4 1
v -2.8 1.8 1
v -2.9 1.8 1.1
v -2.9 1.8 1
v -3.1 1.7 1
v -3.1 1.7 1.1
v -3.2 1.7 1.1
v -3.2 1.7 1
v -3.2 0 1
v -3.2 0 1.5
v -3.3 0 1.5
v -3.3 0 1
v -3.5 1.9 1
v -3.6 1.9 1.1
v -3.6 1.9 1
v -3.6 2.1 1
v -3.6 2.1 1.1
v -3.7 2.1 1.1
v -3.7 2.1 1
v -3.8 2.4 1.2
v -3.8 3 1
v -3.9 3 1
v -3.9 2.4 1.1
v -4 2.4 1.1
v -4 2.4 1
v -2.5 0 0.9
v -2.5 0 1
v -2.6 0 0.9
v -2.5 1.8 0.9
v -2.5 1.8 1.1
v -2.7 1.8 0.9
v -2.7 1.9 0.9
v -2.8 1.9 1.1
v -2.8 1.9 0.9
v -2.8 0 0.9
v -2.9 0 0.9
v -2.8 1.5 0.9
v -2.9 1.5 1
v -2.9 1.5 0.9
v -2.8 1.9 1
v -3 1.9 1
v -3 1.9 0.9
v -3 0 0.9
v -3 0 1.6
v -3.1 0 1.6
v -3.1 0 0.9
v -3 1.8 0.9
v -3 1.8 1
v -3.1 1.8 1
v -3.1 1.8 0.9
v -3.1 0 1.5
v -3.2 0 0.9
v -3.1 1.9 0.9
v -3.1 1.9 1
v -3.2 1.9 1
v -3.2 1.9 0.9
v -3.2 1.9 1.1
v -3.3 1.9 1.1
v -3.3 1.9 0.9
v -3.3 0 0.9
v -3.5 0 1
v -3.5 0 0.9
v -3.4 2 0.9
v -3.4 2 1.1
v -3.5 2 0.9
v -3.6 2.1 0.9
v -3.7 2.1 0.9
v -3.7 2.2 0.9
v -3.7 2.2 1.2
v -3.8 2.2 0.9
v -3.8 2.2 1
v -3.9 2.2 1
v -3.9 2.2 0.9
v -3.8 2.6 1
v -2.3 1.9 0.8
v -2.3 1.9 1
v -2.4 1.9 0.8
v -2.6 1.6 0.8
v -2.6 1.6 1
v -2.8 1.6 1
v -2.8 1.6 0.8
v -2.7 1.8 0.8
v -2.8 1.8 0.9
v -2.8 1.8 0.8
v -2.8 1.9 0.8
v -2.9 1.9 0.9
v -2.9 1.9 0.8
v -3.1 1.9 0.8
v -3.1 1.8 0.8
v -3.2 1.8 0.9
v -3.2 1.8 0.8
v -3.2 1.9 0.8
v -3.3 1.9 0.8
v -3.4 1.9 0.8
v -3.4 0 0.8
v -3.4 0 0.9
v -3.5 0 0.8
v -3.4 1.9 0.9
v -3.5 1.9 0.9
v -3.5 1.9 0.8
v -3.5 2 0.8
v -3.5 2 1
v -3.6 2 1
v -3.6 2 0.8
v -3.6 2 0.9
v -3.7 2 0.9
v -3.7 2 0.8
v -3.7 2.1 0.8
v -3.8 2.1 0.9
v -3.8 2.1 0.8
v -3.8 2.5 0.9
v -3.9 2.5 0.9
v -3.9 2.5 0.8
v -2.2 2.6 0.7
v -2.2 2.6 0.8
v -2.3 2.6 0.8
v -2.3 2.6 0.7
v -2.3 1.9 0.7
v -2.4 1.9 0.7
v -2.7 0 0.7
v -2.7 0 0.9
v -2.8 0 0.7
v -2.7 1.8 0.7
v -2.8 1.8 0.7
v -3 0 0.7
v -3.1 0 0.7
v -3 1.9 0.7
v -3 1.9 0.8
v -3.2 1.9 0.7
v -3.4 2 0.7
v -3.4 2 0.8
v -3.5 2 0.7
v -3.5 1.9 0.7
v -3.6 1.9 0.8
v -3.6 1.9 0.7
v -3.6 2.1 0.7
v -3.6 2.1 0.8
v -3.7 2.1 0.7
v -3.7 2.2 0.7
v -3.7 2.2 0.8
v -3.8 2.2 0.8
v -3.8 2.2 0.7
v -3.7 2.4 0.8
v -3.8 2.4 0.8
v -3.8 2.4 0.7
v -3.7 2.6 0.7
v -3.7 2.6 0.8
v -3.8 2.6 0.7
v -2.2 2 0.6
v -2.2 2 1
v -2.3 2 0.6
v -2.3 1.9 0.6
v -2.4 1.9 0.6
v -2.3 3 0.6
v -2.3 3 0.7
v -2.4 3 0.7
v -2.4 1.8 0.6
v -2.4 1.8 1
v -2.5 1.8 1
v -2.5 1.8 0.6
v -2.5 1.7 0.6
v -2.5 1.7 0.9
v -2.6 1.7 0.6
v -2.6 1.7 0.8
v -2.7 1.7 0.6
v -2.7 1.8 0.6
v -2.8 1.8 0.6
v -2.9 0 0.6
v -3 0 0.6
v -3 2 0.6
v -3 2 0.7
v -3.1 2 0.7
v -3.1 2 0.6
v -3.1 1.9 0.6
v -3.1 1.9 0.7
v -3.2 1.9 0.6
v -3.2 2 0.6
v -3.2 2 0.8
v -3.4 2 0.6
v -3.5 2 0.6
v -3.6 2 0.7
v -3.6 2 0.6
v -3.6 2.3 0.6
v -3.6 2.3 0.7
v -3.7 2.3 0.6
v -3.6 2.7 0.6
v -3.6 2.7 0.7
v -3.7 2.7 0.7
v -3.7 2.7 0.6
v -3.6 3 0.7
v -3.7 3 0.7
v -3.7 3 0.6
v -2.2 2.1 0.5
v -2.2 2.1 0.6
v -2.3 2.1 0.6
v -2.4 1.9 0.5
v -2.5 1.9 0.6
v -2.5 1.9 0.5
v -2.4 2.8 0.5
v -2.5 2.8 0.6
v -2.4 3.1 0.5
v -2.4 3.1 0.6
v -2.5 3.1 0.6
v -2.5 3.1 0.5
v -2.5 1.8 0.5
v -2.6 1.8 0.6
v -2.6 1.8 0.5
v -2.7 1.8 0.5
v -2.7 1.9 0.5
v -2.7 1.9 0.6
v -2.8 1.9 0.6
v -2.8 1.9 0.5
v -2.9 1.9 0.5
v -2.9 2 0.5
v -2.9 2 0.8
v -3 2 0.8
v -3 2 0.5
v -3.1 2 0.5
v -3.2 2 0.5
v -3.2 2.1 0.5
v -3.2 2.1 0.6
v -3.3 2.1 0.6
v -3.3 2.1 0.5
v -3.3 2 0.5
v -3.3 2 0.6
v -3.4 2 0.5
v -3.5 2.3 0.6
v -3.6 2.3 0.5
v -3.5 2.8 0.6
v -3.6 2.8 0.5
v -2.3 2 0.4
v -2.4 2 0.6
v -2.4 2 0.4
v -2.3 2.2 0.4
v -2.4 2.2 0.5
v -2.4 2.2 0.4
v -2.4 2 0.5
v -2.5 2 0.5
v -2.5 2 0.4
v -2.5 2.6 0.4
v -2.6 2.6 0.5
v -2.5 2.9 0.4
v -2.5 2.9 0.5
v -2.6 2.9 0.5
v -2.6 2.9 0.4
v -2.5 1.9 0.4
v -2.7 1.9 0.4
v -2.7 2 0.4
v -2.7 2 0.5
v -2.9 2 0.4
v -2.9 2.2 0.4
v -2.9 2.2 0.5
v -3 2.2 0.5
v -3 2.2 0.4
v -3 2.1 0.4
v -3 2.1 0.6
v -3.1 2.1 0.6
v -3.1 2.1 0.4
v -3.1 2.2 0.4
v -3.1 2.2 0.5
v -3.4 2.2 0.5
v -3.4 2.2 0.4
v -3.4 2.1 0.4
v -3.4 2.1 0.6
v -3.5 2.1 0.6
v -3.5 2.1 0.4
v -3.4 2.5 0.4
v -3.4 2.5 0.5
v -3.5 2.5 0.4
v -3.4 3 0.4
v -3.4 3 0.5
v -3.5 3 0.4
v -2.4 2.3 0.3
v -2.5 2.3 0.4
v -2.5 2.3 0.3
v -2.5 2 0.3
v -2.6 2 0.4
v -2.6 2 0.3
v -2.7 2 0.3
v -2.7 2.1 0.3
v -2.7 2.1 0.4
v -2.8 2.1 0.4
v -2.8 2.1 0.3
v -2.8 2.6 0.4
v -2.8 2.6 0.3
v -2.7 3 0.3
v -2.7 3 0.4
v -2.9 2.2 0.3
v -3 2.2 0.3
v -3 2.4 0.4
v -3 2.4 0.3
v -3.1 2.3 0.4
v -3.1 2.3 0.3
v -3.1 2.4 0.3
v -3.1 2.4 0.4
v -3.2 2.4 0.4
v -3.2 2.4 0.3
v -3.2 2.3 0.3
v -3.2 2.3 0.4
v -3.3 2.3 0.4
v -3.3 2.3 0.3
v -3.3 3 0.4
v -3.3 3 0.3
v -3.4 2.5 0.3
v -2.5 2.4 0.2
v -2.6 2.1 0.2
v -2.6 2.1 0.3
v -2.7 2.1 0.2
v -2.9 2.5 0.2
v -2.9 2.5 0.3
v -3 2.4 0.2
v -3.1 2.4 0.2
v -3.1 2.6 0.3
v -3.1 2.6 0.2
v -2.3 0.3 -0.1
v -2.3 0.3 0
v -2.4 0.3 0
v -2.3 0 -0.1
v -2.3 0 0
v -2.5 0 0
v -2.5 0 -0.1
v -2.6 0 -0.1
v -2.6 0 0
v -2.8 0 0
v -2.8 0 -0.1
v -2.9 0.1 -0.1
v -2.9 0.1 0
v -3 0 -0.1
v -3 0 0
v -3.1 0 0
v -3.1 0 -0.1
v -3 0.2 -0.1
v -3 0.2 0
v -3.1 0.2 0
v -3.1 0.2 -0.1
v -3.2 0.4 -0.1
v -3.2 0.4 0
v -3.3 0.4 0
v -3.3 0.4 -0.1
v -3.2 0 -0.1
v -3.2 0 0
v -3.4 0 0
v -3.4 0 -0.1
v -3.5 0 -0.1
v -3.5 0 0
v -3.7 0 0
v -3.7 0 -0.1
v -3.8 0 -0.1
v -3.8 0 0
v -4 0 0
v -4 0 -0.1
v -2.4 0.2 -0.2
v -3.9 0.2 -0.1
v -3.9 0.2 -0.2
v -3.9 0 -0.2
v -3.9 0 -0.1
v -4 0 -0.2
v -3.9 0.3 -0.4
v -3.9 0.3 -0.3
v -4 0.3 -0.3
v -4 0.3 -0.4
v -3.9 0 -0.5
v -3.9 0 -0.3
v -4 0 -0.3
v -4 0 -0.5
v -3.9 0.4 -0.7
v -3.9 0.4 -0.6
v -4 0.4 -0.6
v -4 0.4 -0.7
v -3.9 0 -0.8
v -3.9 0 -0.6
v -4 0 -0.6
v -4 0 -0.8
v -3.9 0.3 -0.8
v -4 0.3 -0.8
v -2.3 0 -1
v -2.2 1.3 -0.8
v -2.3 1.3 -0.8
v -2.3 1.2 -1
v -2.3 1.2 -0.8
v -2.4 1.2 -0.8
v -2.4 1.2 -1
v -2.3 0 -0.8
v -2.5 0 -0.8
v -2.5 0 -1
v -2.2 0.9 -1
v -2.3 0.9 -1
v -2.3 0.9 -1.1
v -2.3 1.2 -1.1
v -2.4 1.1 -1
v -2.4 1.1 -1.1
v -2.4 1.1 -0.8
v -2.6 1.1 -0.8
v -3.1 0 -1.1
v -3.1 0 -1
v -3.2 0 -1
v -3.2 0 -1.1
v -3.9 0 -1.1
v -3.9 0 -0.9
v -4 0 -0.9
v -4 0 -1.1
v -2.2 0.2 -1.1
v -2.3 0.2 -1.1
v -2.3 0.2 -1.2
v -2.2 0.7 -1.1
v -2.3 0.7 -1.1
v -2.3 0.7 -1.2
v -2.4 0 -1.2
v -2.4 0 -1
v -2.5 0 -1.2
v -2.5 0 -0.9
v -2.6 0 -0.9
v -2.6 0 -1.2
v -2.6 0 -1
v -2.7 0 -1
v -2.7 0 -1.2
v -2.7 0 -1.1
v -2.8 0 -1.1
v -2.8 0 -1.2
v -2.5 0.3 -1.2
v -2.5 0.3 -1.1
v -2.8 0.3 -1.1
v -2.8 0.3 -1.2
v -2.8 0 -1
v -3 0 -1
v -3 0 -1.2
v -2.4 1 -1.2
v -3.2 1 -1.1
v -3.2 1 -1.2
v -2.4 0.8 -1.3
v -2.4 0.8 -1.2
v -2.5 0.8 -1.2
v -2.5 0.8 -1.3
v -2.5 0.9 -1.3
v -2.5 0.9 -1.2
v -2.8 0.9 -1.2
v -2.8 0.9 -1.3
v -2.8 0.6 -1.3
v -2.8 0.6 -1.2
v -2.9 0.6 -1.2
v -2.9 0.6 -1.3
v -2.9 0.9 -1.2
v -2.9 0.9 -1.3
v -3.1 0 -1.3
v -3.1 0 -1.2
v -3.2 0 -1.2
v -3.2 0 -1.3
v -3 1 -1.3
v -3 1 -1.2
v -3.2 1 -1.3
v -2.5 0.5 -1.4
v -2.5 0.5 -1.3
v -2.6 0.5 -1.3
v -2.6 0.5 -1.4
v -2.5 0.7 -1.4
v -2.6 0.8 -1.4
v -2.6 0.8 -1.3
v -2.7 0.8 -1.3
v -2.7 0.8 -1.4
v -2.9 0.3 -1.4
v -2.9 0.3 -1.3
v -3 0.3 -1.3
v -3 0.3 -1.4
v -3 0.9 -1.3
v -3 1.1 -1.4
v -3 1.1 -1.3
v -3.2 1.1 -1.3
v -3.2 1.1 -1.4
v -3.9 0 -1.4
v -3.9 0 -1.2
v -4 0 -1.2
v -4 0 -1.4
v -3.9 0.3 -1.4
v -3.9 0.3 -1.3
v -4 0.3 -1.3
v -4 0.3 -1.4
v -2.9 0.5 -1.5
v -2.9 0.5 -1.4
v -3 0.5 -1.4
v -3 0.5 -1.5
v -2.9 1 -1.5
v -2.9 1 -1.4
v -3 1 -1.4
v -3 1 -1.5
v -3 1.2 -1.5
v -3 1.2 -1.4
v -3.2 1.2 -1.4
v -3.2 1.2 -1.5
v -3.1 0 -1.6
v -3.1 0 -1.4
v -3.2 0 -1.4
v -3.2 0 -1.6
v -3 1.3 -1.6
v -3 1.3 -1.5
v -3.2 1.3 -1.5
v -3.2 1.3 -1.6
v -2.9 0.4 -1.6
v -3 0.4 -1.6
v -2.9 0.7 -1.7
v -2.9 0.7 -1.6
v -3 0.7 -1.6
v -3 0.7 -1.7
v -3 1.4 -1.7
v -3 1.4 -1.6
v -3.2 1.4 -1.6
v -3.2 1.4 -1.7
v -3.9 0 -1.7
v -3.9 0 -1.5
v -4 0 -1.5
v -4 0 -1.7
v -3.9 0.2 -1.7
v -3.9 0.2 -1.6
v -4 0.2 -1.6
v -4 0.2 -1.7
v -2.8 0.7 -1.7
v -2.9 0.9 -1.8
v -2.9 0.9 -1.7
v -3 0.9 -1.7
v -3 0.9 -1.8
v -2.9 1.2 -1.8
v -2.9 1.2 -1.7
v -3 1.2 -1.7
v -3 1.2 -1.8
v -3.1 0 -1.8
v -3.1 0 -1.7
v -3.2 0 -1.7
v -3.2 0 -1.8
v -3 1.5 -1.8
v -3 1.5 -1.7
v -3.2 1.5 -1.7
v -3.2 1.5 -1.8
v -2.8 0.8 -1.9
v -2.8 0.8 -1.8
v -2.9 0.8 -1.8
v -2.9 0.8 -1.9
v -2.9 1 -1.9
v -2.9 1 -1.8
v -3 1 -1.8
v -3 1 -1.9
v -3 1.6 -1.9
v -3 1.6 -1.8
v -3.2 1.6 -1.8
v -3.2 1.6 -1.9
v -3.9 0.3 -1.9
v -3.9 0.3 -1.8
v -4 0.3 -1.8
v -4 0.3 -1.9
v -2.8 0.6 -2
v -2.8 0.6 -1.9
v -2.9 0.6 -1.9
v -2.9 0.6 -2
v -3 0.3 -2
v -3 0.3 -1.7
v -3.1 0.3 -1.7
v -3.1 0.3 -2
v -3 1.7 -2
v -3 1.7 -1.9
v -3.2 1.7 -1.9
v -3.2 1.7 -2
v -3.9 0 -2
v -3.9 0 -1.8
v -4 0 -1.8
v -4 0 -2
v -2.4 0 -2.2
v -2.8 0.6 -2.2
v -2.8 0.6 -2.1
v -2.9 0.6 -2.1
v -2.9 0.6 -2.2
v -3 0 -2.2
v -2.9 0.9 -2.2
v -2.9 0.9 -1.9
v -3 0.9 -1.9
v -3 0.9 -2.2
v -2.9 1.3 -2.2
v -2.9 1.3 -2.1
v -3 1.3 -2.1
v -3 1.3 -2.2
v -2.9 1.5 -2.2
v -2.9 1.5 -2.1
v -3 1.5 -2.1
v -3 1.5 -2.2
v -3 0 -1.1
v -3.1 0 -2.2
v -3 0.3 -2.2
v -3 0.3 -2.1
v -3.1 0.3 -2.1
v -3.1 0.3 -2.2
v -3.1 0 -2
v -3.2 0 -2
v -3.2 0 -2.2
v -3 1.8 -2.2
v -3 1.8 -2
v -3.2 1.8 -2
v -3.2 1.8 -2.2
v -3.8 0.2 -2.2
v -3.8 0.2 -0.2
v -3.9 0.2 -2.2
v -3.9 0 -2.2
v -3.9 0 -2.1
v -4 0 -2.1
v -4 0 -2.2
v -3.9 0.4 -2.2
v -3.9 0.4 -2.1
v -4 0.4 -2.1
v -4 0.4 -2.2
v -2.3 0.1 -0.1
v -4 0 -1.6
v -4 0.2 -0.5
v -4 0 -0.7
v -4 0 -1.3
v -4 0.2 -2
v -3 0.2 -2.2
v -3 0.1 -1.3
v -3.9 0.3 -0.5
v -3.9 0.2 -0.6
v -3.9 0.2 -0.5
v -3.9 0.3 -0.9
v -3.9 0.2 -0.9
v -3.9 0.3 -1.1
v -3.9 0.3 -1.2
v -3.9 0.2 -1.2
v -3.9 0.2 -1.1
v -2.6 0.3 -1.2
v -2.6 0.3 -1.3
v -3.9 0.3 -1.5
v -3.9 0.2 -1.5
v -3.9 0.3 -1.7
v -3.9 0.3 -2
v -3.9 0.2 -2.1
v -3.9 0.2 -2
v -3.1 0.5 1.1
v -3.1 0.5 1
v -4 0.5 -0.4
v -4 0.5 -0.7
v -4 0.5 -1.3
v -4 0.5 -1.6
v -2.9 0.4 -1.9
v -3.2 0.6 1.2
v -3.2 0.6 1.1
v -3.2 0.2 1.2
v -3.2 0.7 1.2
v -3.2 0.7 1.1
v -2.5 0.4 -1.2
v -2.9 0.7 -2
v -2.9 0.7 -2.1
v -3.1 0.9 1.1
v -3.1 0.9 1
v -3 0.9 -1.6
v -2.9 0.9 -2
v -2.9 0.9 -2.1
v -3.2 1 1.3
v -3.2 1 1.2
v -3.1 1 1.1
v -3.1 1 1
v -2.4 0.1 -1.1
v -3 1 -1.6
v -3 1 -1.7
v -3 1 -2.2
v -3 1.1 -2.2
v -3 1.1 -2.1
v -3.2 1.3 1.2
v -3.2 1.3 1.1
v -3.1 1.3 1.1
v -3.1 1.3 1
v -3 1.3 -1.8
v -3.2 1.4 1.3
v -3.2 1.4 1.2
v -3.1 1.4 1.1
v -3.1 1.4 1
v -3 1.4 -1.8
v -3 1.6 -2.1
v -3.1 1.7 1.3
v -3.2 1.7 1.2
v -2.9 1.7 1
v -2.8 1.6 0.9
v -3 1.7 -2.1
v -3.2 1.8 1
v -3 1.8 -2.1
v -3.2 1.9 1.3
v -2.8 1.9 0.7
v -3.3 1.9 1.6
v -3.4 2 1.3
v -2.8 2 1.8
v -3.3 2.1 1.9
v -3.3 2 1.8
v -3.6 2 1.7
v -3 2.1 0.5
v -3.4 2.1 0.5
v -2.7 2.1 1.9
v -3 2.1 1.9
v -3.4 2.2 2
v -3.4 2.2 1.9
v -3.4 2.1 1.9
v -3.6 2.2 1.8
v -3.6 2.2 1.7
v -3.7 2.2 1.1
v -3.7 2.2 1
v -3.1 2.1 0.5
v -3.3 2.2 2
v -3.6 2.3 1.7
v -3.8 2.4 1.6
v -3.8 2.4 1.5
v -3.8 2.4 1.1
v -3.5 2.5 1.8
v -3.8 2.5 1.6
v -3.9 2.5 1.1
v -3.6 2.5 0.7
v -3 2.6 2.2
v -3 2.6 2.1
v -3.8 2.6 1.4
v -3.9 2.6 1.2
v -3.6 2.6 0.7
v -3.6 2.6 0.6
v -3.2 2.7 2.2
v -3.2 2.7 2
v -3.9 2.7 1.6
v -3.9 2.7 1.5
v -4 2.7 1.1
v -3.8 2.7 0.9
v -3.8 2.7 0.8
v -3.1 2.7 0.3
v -3.1 2.7 0.2
v -3.2 2.7 2.1
v -3.9 2.8 1.6
v -3.9 2.8 1.5
v -3.8 2.9 0.9
v -3.8 2.9 0.8
v -3.6 2.9 0.6
v -3.6 2.9 0.5
v -3.8 3 1.6
v -3 3.1 1.8
v -3.8 3.1 0.9
v -2.7 3.2 1.9
v -3.2 3.1 2
v -3.7 3.1 1.3
v -3.7 3.1 1
v -2.8 3.2 1.8
v -2.8 3.2 1.9
v -3.7 3.3 1.1
v -3.6 3.3 0.7
v -2.8 3.2 0.5
v -3.1 3.2 0.5
v -2.9 3.4 1.7
v -3.2 3.3 1.8
v -3.5 3.3 1
v -3.4 3.3 0.6
v -3.4 3.4 1.7
v -3.3 3.4 1.5
v -3.3 3.4 1.2
v -3.3 3.4 1.1
v -3.9 0 -1.6
v -2.3 0.1 -1.1
v -2.7 0.3 -1.2
v -2.7 0.3 -1.3
v -2.9 0.4 1.4
v -2.9 0.4 1.3
v -2.8 0.4 1.3
v -2.8 0.4 1.1
v -3.9 0.5 -0.7
v -2.8 0.4 1.2
v -2.8 0.6 1.1
v -2.9 0.6 1.1
v -2.9 0.6 1
v -2.9 0.7 1.1
v -2.9 0.7 1
v -2.8 0.9 1.3
v -2.8 0.9 1.2
v -2.8 0.9 1.1
v -2.9 1.2 1.1
v -2.9 1.2 1
v -2.9 1.3 1.4
v -2.9 1.3 1.1
v -2.9 1.3 1
v -2.8 1.5 1.2
v -2.7 1.9 1.3
v -2.7 1.9 1.2
v -2.3 2 0.8
v -2.3 2 0.7
v -2.3 2.1 1.4
v -2.3 2.1 1.3
v -2.5 2.1 0.4
v -2.5 2.1 0.3
v -2.3 2.2 1.8
v -2.3 2.2 1.4
v -2.5 2.2 0.4
v -2.5 2.2 0.3
v -2.2 2.3 1.6
v -2.2 2.3 1.5
v -2.2 2.3 1.3
v -2.2 2.3 1.2
v -2.4 2.4 1.9
v -2.4 2.4 1.7
v -2.4 2.4 1.8
v -2.2 2.4 0.8
v -2.4 2.5 0.6
v -2.4 2.5 0.5
v -2.9 2.6 2.2
v -2.9 2.6 2.1
v -2.3 2.6 0.6
v -3.1 2.7 2.2
v -3.1 2.7 2.1
v -2.3 2.7 0.7
v -2.3 2.7 0.6
v -3 2.7 0.3
v -3 2.7 0.2
v -2.2 2.8 1.6
v -2.2 2.8 1.5
v -2.3 2.9 1.8
v -2.4 2.9 0.7
v -2.4 2.9 0.6
v -2.3 3 1.8
v -2.3 3 1.6
v -2.2 2.9 1.2
v -2.2 3 0.9
v -3.1 3.1 1.9
v -3.1 3 1.9
v -3.1 3.1 1.8
v -2.3 3 1.7
v -2.2 3.1 0.9
v -2.3 3.1 0.7
v -2.3 3.1 0.6
v -2.3 3.1 1.5
v -2.3 3.2 1.1
v -2.3 3.1 0.9
v -2.7 3.2 1.8
v -2.4 3.3 0.8
v -2.5 3.4 1.4
v -2.7 3.5 1.1
v -2.3 2.1 1.5
v -2.3 2.1 1.6
v -2.4 2.7 0.6
v -2.3 3.2 1.4
v -2.5 0.2 -0.1
v -2.5 0.3 -0.1
v -2.4 2 1.5
v -2.5 2.7 0.6
v -2.4 2.9 0.5
v -2.6 1.9 0.5
v -2.6 2.2 0.3
v -2.7 1.8 -2.2
v -2.7 1.9 -2.2
v -2.6 1.9 -2.2
v -2.6 1.8 -2.2
v -2.7 2.9 0.4
v -2.7 3.1 0.5
v -2.8 0.2 -0.1
v -2.6 0.2 -0.1
v -2.8 0.3 -0.1
v -2.6 0.3 -0.1
v -2.7 1.6 1
v -2.8 2.7 0.3
v -2.7 2.7 0.3
v -2.8 2.9 0.4
v -2.8 3.5 1.1
v -2.9 0.7 -2.2
v -2.8 0.7 -2.2
v -2.9 0.9 1.1
v -2.9 1.9 1
v -2.9 2.1 0.4
v -2.9 2.4 0.4
v -2.8 2.5 0.3
v -2.9 2.7 0.3
v -2.9 2.8 0.3
v -2.8 2.9 0.3
v -2.9 0.2 -0.1
v -3 0.2 1
v -3 0.6 1
v -3 0.7 1
v -2.9 1 -2.2
v -3 0.9 1
v -3 1.2 1
v -2.9 0.9 1
v -3 1.3 1
v -3 1.4 1
v -3 0.5 1
v -3.1 0.3 -0.1
v -2.9 0.3 -0.1
v -3.1 0.7 1
v -3 1 1
v -3.1 1.5 1
v -3.1 0.6 1.1
v -3.1 0.7 1.1
v -3.2 2.2 0.5
v -3.2 2.6 0.3
v -3.2 2.8 0.3
v -3.2 2.9 0.3
v -3.3 2 0.8
v -3.3 2.4 0.3
v -3.3 2.6 0.4
v -3.2 2.6 0.4
v -3.3 2.9 0.4
v -3.2 2.9 0.4
v -3.4 0.2 -0.1
v -3.2 0.2 -0.1
v -3.4 0.3 -0.1
v -3.4 0.4 -0.1
v -3.5 2.2 0.4
v -3.5 2.4 0.5
v -3.4 2.4 0.5
v -3.5 2.9 0.5
v -3.4 2.9 0.5
v -3.6 2.4 0.5
v -3.5 2.6 0.6
v -3.5 3.1 0.6
v -3.7 0.2 -0.1
v -3.5 0.2 -0.1
v -3.7 0.3 -0.1
v -3.5 0.3 -0.1
v -3.6 2.2 0.7
v -3.7 3.2 1.5
v -3.6 3.3 1.5
v -3.7 2.9 0.8
v -3.8 0.2 -0.1
v -3.8 0.3 -0.1
v -3.8 2.2 1.5
v -3.8 2.7 1.5
v -3.8 2.8 1.5
v -4 0.2 -2.2
v -2.2 2.8 1.7
v -2.4 0.9 -1
v -2.4 2.2 1.8
v -2.4 2.7 1.7
v -2.4 2.9 1.8
v -2.4 3 1.8
v -2.5 0.2 0
v -2.5 0.3 0
v -2.4 0.3 -1.2
v -2.4 0.4 -1.2
v -2.4 0.9 -1.2
v -2.5 1 -1.2
v -2.5 2.2 1.8
v -2.5 2.9 1.8
v -2.5 3 1.8
v -2.4 0.2 -1.2
v -2.6 0.9 -1.3
v -2.6 2.4 2
v -2.5 3 2
v -2.6 3.3 1.7
v -2.7 0.6 -1.3
v -2.8 0.8 -1.3
v -2.8 1 -1.2
v -2.8 2.2 1.9
v -2.9 0.1 -1.2
v -2.9 0.2 -1.2
v -2.9 0.3 -1.2
v -2.9 0.4 -1.2
v -2.9 1 -1.2
v -2.9 2.4 2
v -2.9 2.8 2.1
v -2.9 0.3 -1.7
v -3 0.5 0
v -3 0.4 1.4
v -3 1.3 1.4
v -3.1 0.4 1.4
v -3.1 1.3 1.4
v -3.1 1.4 1.4
v -3.1 1.5 1.4
v -3.1 2.2 1.9
v -3.1 1 1.3
v -3.1 1.4 1.3
v -3.2 2.5 2.1
v -3.3 2.5 2.1
v -3.2 2.8 2
v -3.4 0.3 0
v -3.4 0.4 0
v -3.3 2.5 2
v -3.5 2.4 2
v -3.4 2.6 1.9
v -3.4 2.7 1.9
v -3.5 2.7 1.9
v -3.4 3 1.9
v -3.6 2.7 1.9
v -3.6 2.4 1.7
v -3.7 2.4 1.7
v -3.6 2.6 1.7
v -3.8 2.4 1.7
v -3.7 2.9 1.6
v -3.7 3 1.6
v 3.8 1.4 -2.3
v 3.7 1.4 -2.3
v 3.2 2.1 -2.3
v 3 2.1 -2.3
v 1.5 0.9 -2.3
v 1.4 0.9 -2.3
v -0.8 1.9 -2.3
v -1 1.9 -2.3
v -1 1.1 -2.3
v -1.1 1.1 -2.3
v -1 1.8 -2.3
v -1.1 1.8 -2.3
v -1.1 0.4 -2.3
v -1.2 0.4 -2.3
v -1.1 1.9 -2.3
v -1.3 1.9 -2.3
v -1.6 2.2 -2.3
v -1.7 2.2 -2.3
v -1.7 1.9 -2.3
v -2.1 1.9 -2.3
v -2.1 1.8 -2.3
v -2.2 1.8 -2.3
v 3.6 0.5 -2.4
v 3.5 0.5 -2.4
v 3.5 0.5 -2.3
v 3.6 0.5 -2.3
v 3.6 1.7 -2.4
v 3.5 1.7 -2.4
v 3.2 2 -2.4
v 3.1 2 -2.4
v 3.1 2 -2.3
v 3.2 2 -2.3
v 1.9 2.1 -2.4
v 1.8 2.1 -2.4
v 1.5 0.5 -2.4
v 1.4 0.5 -2.4
v 1.4 0.5 -2.3
v 1.5 0.5 -2.3
v 0.3 0.5 -2.4
v 0.2 0.5 -2.4
v 0.2 0.5 -2.2
v 0.3 0.5 -2.2
v -0.8 1.8 -2.4
v -1.3 1.8 -2.4
v -1.3 1.8 -2.3
v -0.8 1.8 -2.3
v -1.4 2.1 -2.4
v -1.6 2.1 -2.4
v -1.7 2.1 -2.4
v -1.7 2.1 -2.3
v -1.6 2.1 -2.3
v -1.7 1.8 -2.4
v -1.9 1.8 -2.4
v -1.9 1.8 -2.3
v -1.7 1.8 -2.3
v -1.9 1.7 -2.4
v -2 1.7 -2.4
v -2 1.7 -2.3
v -1.9 1.7 -2.3
v -2 1.8 -2.4
v -2.2 1.8 -2.4
v -2 1.8 -2.3
v 3.6 1 -2.5
v 3.5 1 -2.5
v 3.5 1 -2.4
v 3.6 1 -2.4
v 3.6 1.6 -2.5
v 3.5 1.6 -2.5
v 3.5 1.6 -2.4
v 3.6 1.6 -2.4
v 1.4 1.6 -2.5
v 1.3 1.6 -2.5
v 1.3 1.6 -2.2
v 1.2 1.4 -2.5
v 1.1 1.4 -2.5
v -0.8 0.1 -2.5
v -0.9 0.1 -2.5
v -0.9 0.1 -2.3
v -0.8 0.1 -2.3
v -0.9 0.4 -2.5
v -1.1 0.4 -2.5
v -0.8 1.7 -2.5
v -1.1 1.7 -2.5
v -1.1 1.7 -2.4
v -0.8 1.7 -2.4
v -1.1 0.6 -2.5
v -1.2 0.6 -2.5
v -1.2 0.6 -2.4
v -1.1 0.6 -2.4
v -1.1 1.6 -2.5
v -1.2 1.6 -2.5
v -1.2 1.6 -2.4
v -1.1 1.6 -2.4
v -1.2 1.7 -2.5
v -1.3 1.7 -2.5
v -1.3 1.7 -2.4
v -1.2 1.7 -2.4
v -1.3 2.2 -2.5
v -1.4 2.2 -2.5
v -1.4 1.6 -2.5
v -1.5 1.6 -2.5
v -1.5 1.6 -2.4
v -1.4 1.6 -2.4
v -1.4 2.1 -2.5
v -1.5 2.1 -2.5
v -1.5 2.1 -2.4
v -1.5 1.8 -2.5
v -1.6 1.8 -2.5
v -1.6 1.8 -2.4
v -1.5 1.8 -2.4
v -1.6 1.6 -2.5
v -1.7 1.6 -2.5
v -1.7 1.6 -2.4
v -1.6 1.6 -2.4
v -1.5 2.2 -2.5
v -1.7 2.2 -2.5
v -1.7 2.2 -2.4
v -1.5 2.2 -2.4
v -1.7 1.7 -2.5
v -2.2 1.7 -2.5
v -2.2 1.7 -2.4
v -1.7 1.7 -2.4
v 3.9 1.4 -2.6
v 3.8 1.4 -2.6
v 3.6 1.7 -2.6
v 3.5 1.7 -2.6
v 3.5 1.7 -2.5
v 3.6 1.7 -2.5
v 3.5 1.8 -2.6
v 3.4 1.8 -2.6
v 1.9 2 -2.6
v 1.8 2 -2.6
v 1.8 2 -2.4
v 1.9 2 -2.4
v 1.4 1.5 -2.6
v 1.3 1.5 -2.6
v 1.3 1.5 -2.5
v 1.4 1.5 -2.5
v 1.2 1.5 -2.6
v -0.8 1.6 -2.6
v -1.7 1.6 -2.6
v -0.8 1.6 -2.5
v -1.7 1.5 -2.6
v -1.8 1.5 -2.6
v -1.8 1.5 -2.5
v -1.7 1.5 -2.5
v -1.8 1.6 -2.6
v -2.2 1.6 -2.6
v -2.2 1.6 -2.5
v -1.8 1.6 -2.5
v 3.6 0.1 -2.7
v 3.5 0.1 -2.7
v 3.5 0.1 -2.6
v 3.6 0.1 -2.6
v 3.6 0.4 -2.7
v 3.5 0.4 -2.7
v 3.5 0.4 -2.6
v 3.6 0.4 -2.6
v 3.6 0.8 -2.7
v 3.5 0.8 -2.7
v 3.5 0.8 -2.6
v 3.6 0.8 -2.6
v 3.6 1.6 -2.7
v 3.4 1.6 -2.7
v 3.4 1.6 -2.6
v 3.6 1.6 -2.6
v 1.7 1.9 -2.7
v 1.6 1.9 -2.7
v 1.5 0.4 -2.7
v 1.4 0.4 -2.7
v 1.4 0.4 -2.6
v 1.5 0.4 -2.6
v 1.5 0.7 -2.7
v 1.4 0.7 -2.7
v 1.4 0.7 -2.6
v 1.5 0.7 -2.6
v 1.3 1.4 -2.7
v 1.1 1.4 -2.7
v 1.1 1.4 -2.6
v 1.3 1.4 -2.6
v 0.3 0.5 -2.7
v 0.2 0.5 -2.7
v 0.2 0.5 -2.5
v 0.3 0.5 -2.5
v -1 0.2 -2.7
v -1.1 0.2 -2.7
v -1.1 0.2 -2.6
v -1 0.2 -2.6
v -1 0.8 -2.7
v -1.1 0.8 -2.7
v -1.1 0.8 -2.6
v -1 0.8 -2.6
v -0.8 1.5 -2.7
v -1.1 1.5 -2.7
v -1.1 1.5 -2.6
v -0.8 1.5 -2.6
v -1.1 1.4 -2.7
v -1.2 1.4 -2.7
v -1.2 1.4 -2.6
v -1.1 1.4 -2.6
v -1.2 1.5 -2.7
v -1.9 1.5 -2.7
v -1.9 1.5 -2.6
v -1.2 1.5 -2.6
v -1.9 1.4 -2.7
v -2.1 1.4 -2.7
v -2.1 1.4 -2.6
v -1.9 1.4 -2.6
v -2.1 1.5 -2.7
v -2.2 1.5 -2.7
v -2.2 1.5 -2.6
v -2.1 1.5 -2.6
v 1.7 1.8 -2.8
v 1.6 1.8 -2.8
v 1.6 1.8 -2.7
v 1.7 1.8 -2.7
v -0.8 1.4 -2.8
v -1 1.4 -2.8
v -1 1.4 -2.7
v -0.8 1.4 -2.7
v -1 0.3 -2.8
v -1.1 0.3 -2.8
v -1.1 0.3 -2.7
v -1 0.3 -2.7
v -1 0.7 -2.8
v -1.1 0.7 -2.8
v -1.1 0.7 -2.7
v -1 0.7 -2.7
v -1 1.3 -2.8
v -1.1 1.3 -2.8
v -1.1 1.3 -2.7
v -1 1.3 -2.7
v -1.1 1.4 -2.8
v -2.2 1.4 -2.8
v -2.2 1.4 -2.7
v 3.6 1.7 -2.9
v 3.5 1.7 -2.9
v 3.5 1.7 -2.7
v 3.6 1.7 -2.7
v 1.5 1.7 -2.9
v 1.4 1.7 -2.9
v -0.8 0.1 -2.9
v -0.9 0.1 -2.9
v -0.9 0.1 -2.6
v -0.8 0.1 -2.6
v -0.8 1.3 -2.9
v -1.5 1.3 -2.9
v -1.5 1.3 -2.8
v -0.8 1.3 -2.8
v -1.5 1.2 -2.9
v -1.7 1.2 -2.9
v -1.7 1.2 -2.8
v -1.5 1.2 -2.8
v -1.7 0.4 -2.9
v -1.8 0.4 -2.9
v -1.8 0.4 -2.8
v -1.7 0.4 -2.8
v -1.7 0.7 -2.9
v -1.8 0.7 -2.9
v -1.8 0.7 -2.8
v -1.7 0.7 -2.8
v -1.8 0.5 -2.9
v -1.9 0.5 -2.9
v -1.9 0.5 -2.8
v -1.8 0.5 -2.8
v -2 0.7 -2.9
v -2.1 0.7 -2.9
v -2.1 0.7 -2.8
v -2 0.7 -2.8
v -2.2 0.7 -2.9
v -2.2 0.7 -2.8
v -1.7 1.3 -2.9
v -2.2 1.3 -2.9
v -2.2 1.3 -2.8
v -1.7 1.3 -2.8
v 3.8 1.5 -3
v 3.7 1.5 -3
v 3.7 1.5 -2.3
v 3.8 1.5 -2.3
v 3.6 0.7 -3
v 3.5 0.7 -3
v 3.5 0.7 -2.9
v 3.6 0.7 -2.9
v 3.6 0.9 -3
v 3.5 0.9 -3
v 3.5 0.9 -2.9
v 3.6 0.9 -2.9
v 3.6 1.6 -3
v 3.5 1.6 -3
v 3.5 1.6 -2.9
v 3.6 1.6 -2.9
v 1.5 0.5 -3
v 1.4 0.5 -3
v 1.4 0.5 -2.9
v 1.5 0.5 -2.9
v 1.5 0.8 -3
v 1.4 0.8 -3
v 1.4 0.8 -2.9
v 1.5 0.8 -2.9
v 1.5 1.6 -3
v 1.4 1.6 -3
v 1.4 1.6 -2.9
v 1.5 1.6 -2.9
v 0.3 0.5 -3
v 0.2 0.5 -3
v 0.2 0.5 -2.8
v 0.3 0.5 -2.8
v -1 0.1 -3
v -1.1 0.1 -3
v -1.1 0.1 -2.9
v -1 0.1 -2.9
v -1 0.6 -3
v -1.1 0.6 -3
v -1.1 0.6 -2.9
v -1 0.6 -2.9
v -1.1 0.3 -3
v -1.3 0.3 -3
v -1.3 0.3 -2.9
v -1.1 0.3 -2.9
v -1.2 0.5 -3
v -1.3 0.5 -3
v -1.3 0.5 -2.9
v -1.2 0.5 -2.9
v -1.3 0.7 -3
v -1.4 0.7 -3
v -1.4 0.7 -2.9
v -1.3 0.7 -2.9
v -1.4 0.3 -3
v -1.5 0.3 -3
v -1.5 0.3 -2.9
v -1.4 0.3 -2.9
v -1.5 0.8 -3
v -1.6 0.8 -3
v -1.6 0.8 -2.9
v -1.5 0.8 -2.9
v -0.8 1.2 -3
v -1.9 1.2 -3
v -1.9 1.2 -2.9
v -0.8 1.2 -2.9
v -1.9 0.2 -3
v -2 0.2 -3
v -2 0.2 -2.9
v -1.9 0.2 -2.9
v -1.9 1.1 -3
v -2 1.1 -3
v -2 1.1 -2.9
v -1.9 1.1 -2.9
v -1.9 0.4 -3
v -2.2 0.4 -3
v -2.2 0.4 -2.9
v -1.9 0.4 -2.9
v -2 1.2 -3
v -2.2 1.2 -3
v -2.2 1.2 -2.9
v -2 1.2 -2.9
v 3.6 0.7 -3.1
v 3.5 0.7 -3.1
v 1.9 2.1 -3.1
v 1.8 2.1 -3.1
v 1.8 2.1 -2.6
v 1.9 2.1 -2.6
v -0.8 0.1 -3.1
v -0.9 0.1 -3.1
v -0.9 0.1 -3
v -0.8 0.1 -3
v -1.6 0.4 -3.1
v -1.9 0.4 -3.1
v -1.6 0.4 -2.9
v -2 0.4 -3.1
v -2.2 0.4 -3.1
v -2 0.4 -3
v -0.8 1.1 -3.1
v -2.2 1.1 -3.1
v -2.2 1.1 -3
v -0.8 1.1 -3
v 3.8 1.4 -3.2
v 3.7 1.4 -3.2
v 3.7 1.4 -3
v 3.8 1.4 -3
v 3.6 0.1 -3.2
v 3.5 0.1 -3.2
v 3.5 0.1 -3.1
v 3.6 0.1 -3.1
v 3.6 0.6 -3.2
v 3.5 0.6 -3.2
v 3.5 0.6 -3.1
v 3.6 0.6 -3.1
v 1.9 2 -3.2
v 1.8 2 -3.2
v 1.8 2 -3.1
v 1.9 2 -3.1
v 1.7 1.9 -3.2
v 1.6 1.9 -3.2
v 1.6 1.9 -2.8
v 1.7 1.9 -2.8
v 1.5 0.4 -3.2
v 1.4 0.4 -3.2
v 1.4 0.4 -3.1
v 1.5 0.4 -3.1
v -0.9 0.1 -3.2
v -1 0.1 -3.2
v -2.2 0.1 -3.2
v -2.2 0.1 -3
v 3.9 1.4 -3.3
v 3.8 1.4 -3.3
v 3.8 1.4 -2.7
v 3.9 1.4 -2.7
v 3.6 0.9 -3.3
v 3.5 0.9 -3.3
v 3.5 0.9 -3.2
v 3.6 0.9 -3.2
v 3.6 1.7 -3.3
v 3.5 1.7 -3.3
v 3.5 1.7 -3
v 3.6 1.7 -3
v 3 2.2 -3.3
v 2.8 2.2 -3.3
v 3 2.2 -2.2
v 1.7 1.8 -3.3
v 1.6 1.8 -3.3
v 1.6 1.8 -3.2
v 1.7 1.8 -3.2
v 1.4 0.3 -3.3
v 1.3 0.3 -3.3
v 1.3 0.2 -3.3
v 1.1 0.2 -3.3
v 1.1 0.3 -3.3
v 1 0.3 -3.3
v 0.3 0.5 -3.3
v 0.2 0.5 -3.3
v 0.2 0.5 -3.1
v 0.3 0.5 -3.1
v 3.6 1.6 -3.4
v 3.5 1.6 -3.4
v 3.5 1.6 -3.3
v 3.6 1.6 -3.3
v 3.2 2.1 -3.4
v 3.1 2.1 -3.4
v 3.1 2.1 -2.4
v 3.2 2.1 -2.4
v 3 2.1 -3.4
v 2.9 2.1 -3.4
v 2.9 2.1 -3.3
v 3 2.1 -3.3
v 1.4 0.3 -3.4
v 1.3 0.3 -3.4
v 1.1 0.3 -3.4
v 1 0.3 -3.4
v 3.8 1.5 -3.5
v 3.7 1.5 -3.5
v 3.7 1.5 -3.2
v 3.8 1.5 -3.2
v 3.6 0.8 -3.5
v 3.5 0.8 -3.5
v 3.5 0.8 -3.4
v 3.6 0.8 -3.4
v 3.2 2 -3.5
v 3.1 2 -3.5
v 3.1 2 -3.4
v 3.2 2 -3.4
v 1.6 1.8 -3.5
v 1.5 1.8 -3.5
v 1.5 0.7 -3.5
v 1.4 0.7 -3.5
v 1.4 0.7 -3.4
v 1.5 0.7 -3.4
v 1.4 0.3 -3.5
v 1.3 0.3 -3.5
v 1.3 1.5 -3.5
v 1.2 1.5 -3.5
v 1.2 1.5 -2.7
v 1.3 1.5 -2.7
v 3.8 1.4 -3.6
v 3.7 1.4 -3.6
v 3.7 1.4 -3.5
v 3.8 1.4 -3.5
v 3.6 0.3 -3.6
v 3.5 0.3 -3.6
v 3.5 0.3 -3.5
v 3.6 0.3 -3.5
v 3.6 0.5 -3.6
v 3.5 0.5 -3.6
v 3.5 0.5 -3.5
v 3.6 0.5 -3.5
v 3.3 2 -3.6
v 3.2 2 -3.6
v 1.7 1.9 -3.6
v 1.6 1.9 -3.6
v 1.6 1.9 -3.3
v 1.7 1.9 -3.3
v 1.6 1.7 -3.6
v 1.5 1.7 -3.6
v 1.5 1.7 -3.5
v 1.6 1.7 -3.5
v 1.5 0.8 -3.6
v 1.4 0.8 -3.6
v 1.4 0.8 -3.5
v 1.5 0.8 -3.5
v 1.4 1.7 -3.6
v 1.4 1.7 -3
v 1.5 1.7 -3
v 1.3 0.8 -3.6
v 1.3 0.8 -3.5
v 1.3 1.4 -3.6
v 1.2 1.4 -3.6
v 1.2 1.4 -3.5
v 1.3 1.4 -3.5
v 0.3 0.5 -3.6
v 0.2 0.5 -3.6
v 0.2 0.5 -3.4
v 0.3 0.5 -3.4
v 3.9 1.4 -3.7
v 3.8 1.4 -3.7
v 3.9 1.4 -3.5
v 3.3 1.9 -3.7
v 3.2 1.9 -3.7
v 3.2 1.9 -3.6
v 3.3 1.9 -3.6
v 1.5 1.6 -3.7
v 1.4 1.6 -3.7
v 1.4 1.6 -3.6
v 1.5 1.6 -3.6
v 1.4 0.3 -3.7
v 1.3 0.3 -3.7
v 1.3 0.3 -3.6
v 1.4 0.3 -3.6
v 3.6 1.7 -3.8
v 3.5 1.7 -3.8
v 3.5 1.7 -3.4
v 3.6 1.7 -3.4
v 3 0.8 -3.8
v 2.9 0.8 -3.8
v 2.9 0.8 -3.7
v 3 0.8 -3.7
v 2.8 0.3 -3.8
v 2.7 0.3 -3.8
v 2.7 0.3 -3.7
v 2.8 0.3 -3.7
v 2.8 0.5 -3.8
v 2.7 0.5 -3.8
v 2.7 0.5 -3.7
v 2.8 0.5 -3.7
v 2.7 0.9 -3.8
v 2.6 0.9 -3.8
v 2.6 0.9 -3.7
v 2.7 0.9 -3.7
v 2.5 0.2 -3.8
v 2.4 0.2 -3.8
v 2.4 0.2 -3.7
v 2.5 0.2 -3.7
v 2.5 0.8 -3.8
v 2.4 0.8 -3.8
v 2.4 0.8 -3.7
v 2.5 0.8 -3.7
v 2.4 0.5 -3.8
v 2.3 0.5 -3.8
v 2.3 0.5 -3.7
v 2.4 0.5 -3.7
v 2.4 0.9 -3.8
v 2.3 0.9 -3.8
v 2.3 0.9 -3.7
v 2.4 0.9 -3.7
v 2.3 0.8 -3.8
v 2.2 0.8 -3.8
v 2.2 0.8 -3.7
v 2.3 0.8 -3.7
v 2.3 2.3 -3.8
v 2.2 2.3 -3.8
v 2.2 0.5 -3.8
v 2 0.5 -3.8
v 2 0.5 -3.7
v 2.2 0.5 -3.7
v 1.7 1.8 -3.8
v 1.6 1.8 -3.8
v 1.6 1.8 -3.6
v 1.7 1.8 -3.6
v 1.5 0.5 -3.8
v 1.4 0.5 -3.8
v 1.4 0.5 -3.7
v 1.5 0.5 -3.7
v 1.5 0.7 -3.8
v 1.4 0.7 -3.8
v 1.4 0.7 -3.7
v 1.5 0.7 -3.7
v 1.4 0.3 -3.8
v 0.4 0.3 -3.8
v 0.4 0.3 -3.7
v 0.3 0.3 -3.8
v 3.6 1.6 -3.9
v 3.5 1.6 -3.9
v 3.5 1.6 -3.8
v 3.6 1.6 -3.8
v 3.5 0.8 -3.9
v 3.4 0.8 -3.9
v 3.4 0.8 -3.8
v 3.5 0.8 -3.8
v 3.5 1.3 -3.9
v 3.4 1.3 -3.9
v 3.4 1.3 -3.8
v 3.5 1.3 -3.8
v 3.4 0.4 -3.9
v 3.3 0.4 -3.9
v 3.3 0.4 -3.8
v 3.4 0.4 -3.8
v 3.4 0.6 -3.9
v 3.3 0.6 -3.9
v 3.3 0.6 -3.8
v 3.4 0.6 -3.8
v 3.4 1.1 -3.9
v 3.3 1.1 -3.9
v 3.3 1.1 -3.8
v 3.4 1.1 -3.8
v 3.3 0.2 -3.9
v 3.2 0.2 -3.9
v 3.2 0.2 -3.8
v 3.3 0.2 -3.8
v 3.2 0.7 -3.9
v 3.1 0.7 -3.9
v 3.1 0.7 -3.8
v 3.2 0.7 -3.8
v 3.2 1 -3.9
v 3.1 1 -3.9
v 3.1 1 -3.8
v 3.2 1 -3.8
v 3.2 1.5 -3.9
v 3.1 1.5 -3.9
v 3.1 1.5 -3.8
v 3.2 1.5 -3.8
v 3.1 0.3 -3.9
v 3 0.3 -3.9
v 3 0.3 -3.8
v 3.1 0.3 -3.8
v 3 1.4 -3.9
v 2.9 1.4 -3.9
v 2.9 1.4 -3.8
v 3 1.4 -3.8
v 2.8 1.8 -3.9
v 2.7 1.8 -3.9
v 2.7 1.8 -3.8
v 2.8 1.8 -3.8
v 2.6 1.6 -3.9
v 2.5 1.6 -3.9
v 2.5 1.6 -3.8
v 2.6 1.6 -3.8
v 2.5 1.5 -3.9
v 2.4 1.5 -3.9
v 2.4 1.5 -3.8
v 2.5 1.5 -3.8
v 2.5 1.9 -3.9
v 2.4 1.9 -3.9
v 2.4 1.9 -3.8
v 2.5 1.9 -3.8
v 2.3 1.6 -3.9
v 2.2 1.6 -3.9
v 2.2 1.6 -3.8
v 2.3 1.6 -3.8
v 2.3 2.2 -3.9
v 2.2 2.2 -3.9
v 2.2 2.2 -3.8
v 2.3 2.2 -3.8
v 2 0.4 -3.9
v 1.9 0.4 -3.9
v 1.9 0.4 -3.8
v 2 0.4 -3.8
v 2 0.6 -3.9
v 1.9 0.6 -3.9
v 1.9 0.6 -3.8
v 2 0.6 -3.8
v 2 1.5 -3.9
v 1.9 1.5 -3.9
v 1.9 1.5 -3.8
v 2 1.5 -3.8
v 2 1.7 -3.9
v 1.9 1.7 -3.9
v 1.9 1.7 -3.8
v 2 1.7 -3.8
v 1.9 0.8 -3.9
v 1.8 0.8 -3.9
v 1.8 0.8 -3.8
v 1.9 0.8 -3.8
v 1.8 0.2 -3.9
v 1.7 0.2 -3.9
v 1.7 0.2 -3.8
v 1.8 0.2 -3.8
v 1.8 0.5 -3.9
v 1.7 0.5 -3.9
v 1.7 0.5 -3.8
v 1.8 0.5 -3.8
v 1.8 1 -3.9
v 1.7 1 -3.9
v 1.7 1 -3.8
v 1.8 1 -3.8
v 1.7 0.7 -3.9
v 1.6 0.7 -3.9
v 1.6 0.7 -3.8
v 1.7 0.7 -3.8
v 1.7 0.9 -3.9
v 1.6 0.9 -3.9
v 1.6 0.9 -3.8
v 1.7 0.9 -3.8
v 1.7 1.2 -3.9
v 1.6 1.2 -3.9
v 1.6 1.2 -3.8
v 1.7 1.2 -3.8
v 1.7 1.4 -3.9
v 1.6 1.4 -3.9
v 1.6 1.4 -3.8
v 1.7 1.4 -3.8
v 1.6 0.4 -3.9
v 1.5 0.4 -3.9
v 1.5 0.4 -3.8
v 1.6 0.4 -3.8
v 1.6 0.8 -3.9
v 1.5 0.8 -3.9
v 1.5 0.8 -3.8
v 1.6 0.8 -3.8
v 1.5 0.5 -3.9
v 1.4 0.5 -3.9
v 1.5 0.7 -3.9
v 1.4 0.7 -3.9
v 1.3 0.5 -3.9
v 1.1 0.5 -3.9
v 1.1 0.5 -3.8
v 1.3 0.5 -3.8
v 1 0.5 -3.9
v 0.8 0.5 -3.9
v 0.8 0.5 -3.8
v 1 0.5 -3.8
v 0.7 0.5 -3.9
v 0.5 0.5 -3.9
v 0.5 0.5 -3.8
v 0.7 0.5 -3.8
v 0.4 0.5 -3.9
v 0.3 0.5 -3.9
v 0.3 0.5 -3.8
v 0.4 0.5 -3.8
v 0.2 0.5 -3.9
v 0.2 0.5 -3.7
v 0.3 0.5 -3.7
v -0.1 0.3 -3.9
v -2.2 0.3 -3.9
v -2.2 0.3 -3.8
v -0.1 0.3 -3.8
v 3.9 1.4 -4
v 3.8 1.4 -4
v 3.8 1.4 -3.8
v 3.9 1.4 -3.8
v 3.8 1.5 -4
v 3.7 1.5 -4
v 3.7 1.5 -3.6
v 3.8 1.5 -3.6
v 3.7 1.6 -4
v 3.6 1.6 -4
v 3.6 1.7 -4
v 3.5 1.7 -4
v 3.5 1.7 -3.9
v 3.6 1.7 -3.9
v 3.5 1.8 -4
v 3.4 1.8 -4
v 3.4 1.8 -2.7
v 3.5 1.8 -2.7
v 3.4 1.9 -4
v 3.3 1.9 -4
v 3.3 2 -4
v 3.2 2 -4
v 3.2 2 -3.7
v 3.3 2 -3.7
v 3.2 2.1 -4
v 3.1 2.1 -4
v 3.1 2.1 -3.5
v 3.2 2.1 -3.5
v 3 2.1 -4
v 3.1 2.1 -2.3
v 3 2.2 -4
v 2.9 2.2 -4
v 2.9 2.2 -3.4
v 3 2.2 -3.4
v 2.8 2.2 -4
v 2.9 2.2 -3.3
v 2.8 2.3 -4
v 2.6 2.3 -4
v 2.6 2.4 -4
v 2.4 2.4 -4
v 2.4 2.3 -4
v 2.3 2.3 -4
v 2.2 2.3 -4
v 2.2 2.3 -3.9
v 2.3 2.3 -3.9
v 2.2 2.2 -4
v 2 2.2 -4
v 2 2.1 -4
v 1.9 2.1 -4
v 1.8 2.1 -4
v 1.8 2.1 -3.2
v 1.9 2.1 -3.2
v 1.8 2 -4
v 1.7 2 -4
v 1.7 1.9 -4
v 1.6 1.9 -4
v 1.6 1.9 -3.8
v 1.7 1.9 -3.8
v 1.6 1.8 -4
v 1.5 1.8 -4
v 1.5 1.8 -3.6
v 1.5 1.7 -4
v 1.4 1.7 -4
v 1.4 1.7 -3.7
v 1.5 1.7 -3.7
v 1.4 1.6 -4
v 1.3 1.6 -4
v 1.3 1.6 -2.6
v 1.4 1.6 -2.6
v 1.3 1.5 -4
v 1.2 1.5 -4
v 1.2 1.5 -3.6
v 1.3 1.5 -3.6
v 1.2 1.4 -4
v 1.1 1.4 -4
v 1.2 1.4 -2.7
v 0 0.2 -4
v -0.1 0.2 -4
v -0.1 0.2 -3.9
v 0 0.2 -3.9
v -0.1 0.1 -4
v -0.2 0.1 -4
v -0.2 0.1 -3.9
v -0.1 0.1 -3.9
v -0.1 0.3 -4
v -0.2 0.3 -4
v -0.2 0.3 -3.9
v 0 0.5 -4
v -0.2 0.5 -4
v -0.2 0.5 -3.9
v 0 0.5 -3.9
v -0.4 0.3 -4
v -0.5 0.3 -4
v -0.5 0.3 -3.9
v -0.4 0.3 -3.9
v -0.3 0.5 -4
v -0.5 0.5 -4
v -0.5 0.5 -3.9
v -0.3 0.5 -3.9
v -0.6 0.5 -4
v -0.8 0.5 -4
v -0.8 0.5 -3.9
v -0.6 0.5 -3.9
v -0.9 0.2 -4
v -1 0.2 -4
v -1 0.2 -3.9
v -0.9 0.2 -3.9
v -0.9 0.5 -4
v -1.1 0.5 -4
v -1.1 0.5 -3.9
v -0.9 0.5 -3.9
v -1.2 0.5 -4
v -1.4 0.5 -4
v -1.4 0.5 -3.9
v -1.2 0.5 -3.9
v -1.5 0.1 -4
v -1.6 0.1 -4
v -1.6 0.1 -3.9
v -1.5 0.1 -3.9
v -1.5 0.5 -4
v -1.7 0.5 -4
v -1.7 0.5 -3.9
v -1.5 0.5 -3.9
v -1.8 0.5 -4
v -1.9 0.5 -4
v -1.9 0.5 -3.9
v -1.8 0.5 -3.9
v -1.9 0.4 -4
v -2 0.4 -4
v -2 0.4 -3.9
v -1.9 0.4 -3.9
v -2 0.3 -4
v -2.1 0.3 -4
v -2.1 0.3 -3.9
v -2 0.3 -3.9
v -2.1 0.2 -4
v -2.2 0.2 -4
v -2.2 0.2 -3.9
v -2.1 0.2 -3.9
v -2 0.5 -4
v -2.2 0.5 -4
v -2.2 0.5 -3.9
v -2 0.5 -3.9
v 3.8 1.3 -2.3
v 3.7 1.3 -2.3
v 3.6 1.4 -2.3
v 1.5 1 -2.3
v 1.4 1 -2.3
v -0.8 1.7 -2.3
v -0.8 1.7 -2.2
v -1 1.7 -2.2
v -1 1.7 -2.3
v -1 1.3 -2.3
v -1.1 1.3 -2.3
v -1.1 0.5 -2.3
v -1.2 0.5 -2.3
v 3.6 0.6 -2.4
v 3.6 0.6 -2.3
v 3.5 0.6 -2.3
v 3.5 0.6 -2.4
v 1.5 0.6 -2.4
v 1.5 0.6 -2.3
v 1.4 0.6 -2.3
v 1.4 0.6 -2.4
v 0.3 0 -2.4
v 0.3 0 -2.2
v 0.2 0 -2.2
v 0.2 0 -2.4
v -0.8 1.6 -2.4
v -0.8 1.6 -2.3
v -1 1.6 -2.3
v -1 1.6 -2.4
v 3.6 1.1 -2.5
v 3.6 1.1 -2.4
v 3.5 1.1 -2.4
v 3.5 1.1 -2.5
v 1.4 1.4 -2.5
v 1.3 1.4 -2.5
v 1.2 1.3 -2.5
v 1.2 1.3 -2.2
v 1.1 1.3 -2.5
v -0.8 0 -2.5
v -0.8 0 -2.3
v -0.9 0 -2.3
v -0.9 0 -2.5
v -0.9 0.3 -2.5
v -1 0.3 -2.5
v -0.8 1.5 -2.5
v -0.8 1.5 -2.4
v -1 1.5 -2.4
v -1 1.5 -2.5
v -1 0.9 -2.5
v -1.1 0.9 -2.5
v -1.1 0.7 -2.5
v -1.1 0.7 -2.4
v -1.2 0.7 -2.4
v -1.2 0.7 -2.5
v -1.4 1.8 -2.5
v -1.4 1.8 -2.4
v -1.5 1.9 -2.5
v -1.5 1.9 -2.4
v -1.6 1.9 -2.4
v -1.6 1.9 -2.5
v -1.6 1.7 -2.5
v -1.6 1.7 -2.4
v 3.9 1.3 -2.6
v 3.8 1.3 -2.6
v -0.8 1.4 -2.6
v -0.8 1.4 -2.5
v -1 1.4 -2.5
v -1 1.4 -2.6
v 3.6 0.2 -2.7
v 3.6 0.2 -2.6
v 3.5 0.2 -2.6
v 3.5 0.2 -2.7
v 3.6 0.5 -2.7
v 3.6 0.5 -2.6
v 3.5 0.5 -2.6
v 3.5 0.5 -2.7
v 3.6 0.9 -2.7
v 3.6 0.9 -2.6
v 3.5 0.9 -2.6
v 3.5 0.9 -2.7
v 1.5 0.5 -2.7
v 1.5 0.5 -2.6
v 1.4 0.5 -2.6
v 1.4 0.5 -2.7
v 1.5 0.8 -2.7
v 1.5 0.8 -2.6
v 1.4 0.8 -2.6
v 1.4 0.8 -2.7
v 1.4 1.4 -2.7
v 0.3 0 -2.7
v 0.3 0 -2.5
v 0.2 0 -2.5
v 0.2 0 -2.7
v -0.9 1.3 -2.7
v -0.9 1.3 -2.6
v -1 1.3 -2.6
v -1 0.3 -2.6
v -1.1 0.3 -2.6
v -1 0.9 -2.7
v -1 0.9 -2.6
v -1.1 0.9 -2.6
v -1.1 0.9 -2.7
v -0.8 1.3 -2.6
v -0.9 1.3 -2.8
v -0.9 1.2 -2.8
v -0.9 1.2 -2.7
v -1 1.2 -2.7
v -1 1.2 -2.8
v -1 0.5 -2.8
v -1 0.5 -2.7
v -1.1 0.5 -2.7
v -1.1 0.5 -2.8
v -1 0.8 -2.8
v -1.1 0.8 -2.8
v -0.8 0 -2.9
v -0.8 0 -2.6
v -0.9 0 -2.6
v -0.9 0 -2.9
v -0.8 1.1 -2.9
v -0.8 1.1 -2.8
v -1 1.1 -2.8
v -1 1.1 -2.9
v -1.7 0.5 -2.9
v -1.7 0.5 -2.8
v -1.7 0.8 -2.9
v -1.7 0.8 -2.8
v -1.8 0.8 -2.8
v -1.8 0.8 -2.9
v -1.8 0.6 -2.9
v -1.8 0.6 -2.8
v -1.9 0.6 -2.8
v -1.9 0.6 -2.9
v -2 0.8 -2.9
v -2 0.8 -2.8
v -2.2 0.8 -2.8
v -2.2 0.8 -2.9
v 3.8 1.3 -3
v 3.7 1.3 -3
v 3.6 1.4 -3
v 3.6 0.8 -3
v 3.6 0.8 -2.9
v 3.5 0.8 -2.9
v 3.5 0.8 -3
v 3.6 1 -3
v 3.6 1 -2.9
v 3.5 1 -2.9
v 3.5 1 -3
v 1.5 0.6 -3
v 1.5 0.6 -2.9
v 1.4 0.6 -2.9
v 1.4 0.6 -3
v 1.5 0.9 -3
v 1.5 0.9 -2.9
v 1.4 0.9 -2.9
v 1.4 0.9 -3
v 0.3 0 -3
v 0.3 0 -2.8
v 0.2 0 -2.8
v 0.2 0 -3
v -1 0.2 -3
v -1 0.2 -2.9
v -1.1 0.2 -2.9
v -1.1 0.2 -3
v -1 0.7 -3
v -1 0.7 -2.9
v -1.1 0.7 -2.9
v -1.1 0.7 -3
v -1.1 0.4 -3
v -1.1 0.4 -2.9
v -1.3 0.4 -2.9
v -1.3 0.4 -3
v -1.2 0.6 -3
v -1.2 0.6 -2.9
v -1.3 0.6 -2.9
v -1.3 0.6 -3
v -1.3 0.8 -3
v -1.3 0.8 -2.9
v -1.4 0.8 -2.9
v -1.4 0.8 -3
v -1.4 0.4 -3
v -1.4 0.4 -2.9
v -1.5 0.4 -2.9
v -1.5 0.4 -3
v -1.5 0.9 -3
v -1.5 0.9 -2.9
v -1.6 0.9 -2.9
v -1.6 0.9 -3
v -1.9 0.3 -3
v -1.9 0.3 -2.9
v -2 0.3 -2.9
v -2 0.3 -3
v -1 0 -3
v -2.2 0 -3
v -2.2 0.9 -2.9
v -2.2 0.9 -3
v 3.6 0.8 -3.1
v 3.5 0.8 -3.1
v -0.8 0 -3.1
v -0.8 0 -3
v -0.9 0 -3
v -0.9 0 -3.1
v -0.8 1 -3.1
v -0.8 1 -2.9
v -1 1 -2.9
v -1 1 -3.1
v -1.6 0.3 -3.1
v -1.6 0.3 -3
v -1.9 0.3 -3.1
v -2 0.3 -3.1
v -2.2 0.3 -3
v -2.2 0.3 -3.1
v -1 1 -3
v -2.2 1 -3
v -2.2 1 -3.1
v 3.8 1.3 -3.2
v 3.7 1.3 -3.2
v 3.6 1.4 -3.2
v 3.6 0.2 -3.2
v 3.6 0.2 -3.1
v 3.5 0.2 -3.1
v 3.5 0.2 -3.2
v 3.6 0.7 -3.2
v 3.5 0.7 -3.2
v 1.5 0.5 -3.2
v 1.5 0.5 -3.1
v 1.4 0.5 -3.1
v 1.4 0.5 -3.2
v -0.9 0 -3.2
v -1 0 -3.2
v -2.2 0 -3.2
v 3.9 1.3 -3.3
v 3.9 1.3 -2.7
v 3.8 1.3 -2.7
v 3.8 1.3 -3.3
v 3.6 1 -3.3
v 3.6 1 -3.2
v 3.5 1 -3.2
v 3.5 1 -3.3
v 1.4 0 -3.3
v 1 0 -3.3
v 0.3 0 -3.3
v 0.3 0 -3.1
v 0.2 0 -3.1
v 0.2 0 -3.3
v 1.4 0 -3.4
v 1.3 0 -3.3
v 1.3 0 -3.4
v 1.1 0 -3.3
v 1.1 0 -3.4
v 1 0 -3.4
v 3.8 1.3 -3.5
v 3.7 1.3 -3.5
v 3.6 1.4 -3.5
v 3.6 0.9 -3.5
v 3.6 0.9 -3.4
v 3.5 0.9 -3.4
v 3.5 0.9 -3.5
v 1.5 0.8 -3.4
v 1.4 0.8 -3.4
v 1.4 0.1 -3.5
v 1.4 0.1 -3.4
v 1.3 0.1 -3.4
v 1.3 0.1 -3.5
v 1.4 1.4 -3.5
v 1.3 1.3 -3.5
v 1.2 1.3 -3.5
v 3.8 1.3 -3.6
v 3.7 1.3 -3.6
v 3.6 1.4 -3.6
v 3.6 0.4 -3.6
v 3.6 0.4 -3.5
v 3.5 0.4 -3.5
v 3.5 0.4 -3.6
v 3.6 0.6 -3.6
v 3.6 0.6 -3.5
v 3.5 0.6 -3.5
v 3.5 0.6 -3.6
v 1.5 0.9 -3.6
v 1.5 0.9 -3.5
v 1.4 0.9 -3.5
v 1.4 0.9 -3.6
v 1.4 0 -3.6
v 1.4 0 -3.5
v 1.3 0 -3.5
v 1.3 0 -3.6
v 1.4 1.4 -3.6
v 1.3 1.3 -3.6
v 1.2 1.3 -3.6
v 0.3 0 -3.6
v 0.3 0 -3.4
v 0.2 0 -3.4
v 0.2 0 -3.6
v 3.9 1.3 -3.7
v 3.9 1.3 -3.5
v 3.8 1.3 -3.7
v 1.4 0.1 -3.7
v 1.4 0.1 -3.6
v 1.3 0.1 -3.6
v 1.3 0.1 -3.7
v 3 0.9 -3.8
v 3 0.9 -3.7
v 2.9 0.9 -3.7
v 2.9 0.9 -3.8
v 2.8 0.4 -3.8
v 2.8 0.4 -3.7
v 2.7 0.4 -3.7
v 2.7 0.4 -3.8
v 2.8 0.6 -3.8
v 2.8 0.6 -3.7
v 2.7 0.6 -3.7
v 2.7 0.6 -3.8
v 2.7 1 -3.8
v 2.7 1 -3.7
v 2.6 1 -3.7
v 2.6 1 -3.8
v 2.5 0.3 -3.8
v 2.5 0.3 -3.7
v 2.4 0.3 -3.7
v 2.4 0.3 -3.8
v 2.5 0.9 -3.8
v 2.5 0.9 -3.7
v 2.4 0.6 -3.8
v 2.4 0.6 -3.7
v 2.3 0.6 -3.7
v 2.3 0.6 -3.8
v 2.4 1 -3.8
v 2.4 1 -3.7
v 2.3 1 -3.7
v 2.3 1 -3.8
v 2.2 0.9 -3.7
v 2.2 0.9 -3.8
v 2.2 0.7 -3.8
v 2.2 0.7 -3.7
v 2.1 0.7 -3.7
v 2.1 0.7 -3.8
v 2.1 0.6 -3.8
v 2.1 0.6 -3.7
v 2 0.6 -3.7
v 3 0 -3.8
v 1.4 0 -3.8
v 1.5 0.6 -3.8
v 1.5 0.6 -3.7
v 1.4 0.6 -3.7
v 1.4 0.6 -3.8
v 1.5 0.8 -3.7
v 1.4 0.8 -3.7
v 1.4 0.8 -3.8
v 1.4 0.2 -3.8
v 1.4 0.2 -3.7
v 0.4 0.2 -3.7
v 0.4 0.2 -3.8
v 0.3 0.2 -3.8
v 3.5 0.9 -3.9
v 3.5 0.9 -3.8
v 3.4 0.9 -3.8
v 3.4 0.9 -3.9
v 3.5 1.4 -3.9
v 3.5 1.4 -3.8
v 3.4 1.4 -3.8
v 3.4 1.4 -3.9
v 3.4 0.5 -3.9
v 3.4 0.5 -3.8
v 3.3 0.5 -3.8
v 3.3 0.5 -3.9
v 3.4 0.7 -3.9
v 3.4 0.7 -3.8
v 3.3 0.7 -3.8
v 3.3 0.7 -3.9
v 3.4 1.2 -3.9
v 3.4 1.2 -3.8
v 3.3 1.2 -3.8
v 3.3 1.2 -3.9
v 3.3 0.3 -3.9
v 3.3 0.3 -3.8
v 3.2 0.3 -3.8
v 3.2 0.3 -3.9
v 3.2 0.8 -3.9
v 3.2 0.8 -3.8
v 3.1 0.8 -3.8
v 3.1 0.8 -3.9
v 3.2 1.2 -3.9
v 3.2 1.2 -3.8
v 3.1 1.2 -3.8
v 3.1 1.2 -3.9
v 3.2 1.6 -3.9
v 3.2 1.6 -3.8
v 3.1 1.6 -3.8
v 3.1 1.6 -3.9
v 3.6 0 -3.9
v 3.6 0 -2.2
v 3 0 -3.9
v 3.1 0.4 -3.9
v 3.1 0.4 -3.8
v 3 0.4 -3.8
v 3 0.4 -3.9
v 3 1.6 -3.9
v 3 1.6 -3.8
v 2.9 1.6 -3.8
v 2.9 1.6 -3.9
v 2.8 1.9 -3.9
v 2.8 1.9 -3.8
v 2.7 1.9 -3.8
v 2.7 1.9 -3.9
v 2.6 1.7 -3.9
v 2.6 1.7 -3.8
v 2.5 1.7 -3.8
v 2.5 1.7 -3.9
v 2.4 1.6 -3.8
v 2.4 1.6 -3.9
v 2.5 2 -3.9
v 2.5 2 -3.8
v 2.4 2 -3.8
v 2.4 2 -3.9
v 2.3 1.7 -3.9
v 2.3 1.7 -3.8
v 2.2 1.7 -3.8
v 2.2 1.7 -3.9
v 3 1.1 -3.9
v 3 1.1 -3.8
v 2 1.1 -3.8
v 2 1.1 -3.9
v 2 0.5 -3.9
v 1.9 0.5 -3.8
v 1.9 0.5 -3.9
v 2 0.7 -3.9
v 2 0.7 -3.8
v 1.9 0.7 -3.8
v 1.9 0.7 -3.9
v 2 1.6 -3.9
v 2 1.6 -3.8
v 1.9 1.6 -3.8
v 1.9 1.6 -3.9
v 2 1.8 -3.9
v 2 1.8 -3.8
v 1.9 1.8 -3.8
v 1.9 1.8 -3.9
v 1.9 0.9 -3.9
v 1.9 0.9 -3.8
v 1.8 0.9 -3.8
v 1.8 0.9 -3.9
v 1.8 0.3 -3.9
v 1.8 0.3 -3.8
v 1.7 0.3 -3.8
v 1.7 0.3 -3.9
v 1.8 0.7 -3.9
v 1.8 0.7 -3.8
v 1.8 1.1 -3.9
v 1.8 1.1 -3.8
v 1.7 1.1 -3.8
v 1.7 1.1 -3.9
v 1.7 0.8 -3.9
v 1.7 0.8 -3.8
v 1.6 1 -3.8
v 1.6 1 -3.9
v 1.7 1.3 -3.9
v 1.7 1.3 -3.8
v 1.6 1.3 -3.8
v 1.6 1.3 -3.9
v 1.7 1.5 -3.9
v 1.7 1.5 -3.8
v 1.6 1.5 -3.8
v 1.6 1.5 -3.9
v 1.6 0.5 -3.9
v 1.6 0.5 -3.8
v 1.5 0.9 -3.8
v 1.5 0.9 -3.9
v 2 0 -3.9
v 2 0 -3.8
v 1.4 0 -3.9
v 1.5 0.6 -3.9
v 1.4 0.6 -3.9
v 1.4 0.9 -3.8
v 1.4 0.9 -3.9
v 1.3 0 -3.9
v 1.3 0 -3.8
v 1.1 0 -3.8
v 1.1 0 -3.9
v 1 0 -3.9
v 1 0 -3.8
v 0.8 0 -3.8
v 0.8 0 -3.9
v 0.7 0 -3.9
v 0.7 0 -3.8
v 0.5 0 -3.8
v 0.5 0 -3.9
v 0.4 0 -3.9
v 0.4 0 -3.8
v 0.3 0 -3.8
v 0.3 0 -3.9
v 0.3 0 -3.7
v 0.2 0 -3.7
v 0.2 0 -3.9
v -0.1 0.2 -3.8
v -2.2 0.2 -3.8
v 3.9 1.3 -4
v 3.9 1.3 -3.8
v 3.8 1.3 -3.8
v 3.8 1.3 -4
v 3.7 1.3 -4
v 3.7 1.4 -4
v 3.6 1.4 -4
v 3.6 1.5 -4
v 3.6 1.5 -3.9
v 3.5 1.5 -3.9
v 3.5 1.5 -4
v 3.5 1.6 -4
v 3.4 1.6 -3.9
v 3.4 1.6 -4
v 3.4 1.7 -4
v 3.4 1.7 -3.9
v 3.3 1.7 -3.9
v 3.3 1.7 -4
v 3.3 1.8 -4
v 3.3 1.8 -3.9
v 3.2 1.8 -3.9
v 3.2 1.8 -4
v 3.2 1.9 -4
v 3.2 1.9 -3.9
v 3.1 1.9 -3.9
v 3.1 1.9 -4
v 3.1 2 -4
v 3.1 2 -3.9
v 2.9 2 -3.9
v 2.9 2 -4
v 2.9 2.1 -4
v 2.9 2.1 -3.9
v 2.7 2.1 -3.9
v 2.7 2.1 -4
v 2.7 2.2 -4
v 2.7 2.2 -3.9
v 2.3 2.2 -4
v 2.3 2.1 -4
v 2.3 2.1 -3.9
v 2.1 2.1 -3.9
v 2.1 2.1 -4
v 2.1 2 -4
v 2.1 2 -3.9
v 1.9 2 -3.9
v 1.9 2 -4
v 1.9 1.9 -4
v 1.9 1.9 -3.9
v 1.8 1.9 -3.9
v 1.8 1.9 -4
v 1.8 1.8 -4
v 1.8 1.8 -3.9
v 1.7 1.8 -3.9
v 1.7 1.8 -4
v 1.7 1.7 -4
v 1.7 1.7 -3.9
v 1.6 1.7 -3.9
v 1.6 1.7 -4
v 1.6 1.6 -4
v 1.6 1.6 -3.9
v 1.5 1.6 -3.9
v 1.5 1.6 -4
v 1.5 1.5 -4
v 1.5 1.5 -3.9
v 1.4 1.5 -3.9
v 1.4 1.5 -4
v 1.4 1.4 -4
v 1.3 1.4 -4
v 1.3 1.3 -4
v 1.2 1.3 -4
v 1.2 1.3 -2.6
v 1.1 1.3 -2.6
v 1.1 1.3 -4
v 0 0.3 -4
v 0 0.3 -3.9
v 0 0 -4
v 0 0 -3.9
v -0.2 0 -3.9
v -0.2 0 -4
v -0.2 0.2 -3.9
v -0.2 0.2 -4
v -0.1 0.4 -4
v -0.1 0.4 -3.9
v -0.2 0.4 -3.9
v -0.2 0.4 -4
v -0.3 0 -4
v -0.3 0 -3.9
v -0.5 0 -3.9
v -0.5 0 -4
v -0.4 0.4 -4
v -0.4 0.4 -3.9
v -0.5 0.4 -3.9
v -0.5 0.4 -4
v -0.6 0 -4
v -0.6 0 -3.9
v -0.8 0 -3.9
v -0.8 0 -4
v -0.9 0.3 -4
v -0.9 0.3 -3.9
v -1 0.3 -3.9
v -1 0.3 -4
v -0.9 0 -4
v -0.9 0 -3.9
v -1.1 0 -3.9
v -1.1 0 -4
v -1.2 0 -4
v -1.2 0 -3.9
v -1.4 0 -3.9
v -1.4 0 -4
v -1.5 0.2 -4
v -1.5 0.2 -3.9
v -1.6 0.2 -3.9
v -1.6 0.2 -4
v -1.5 0 -4
v -1.5 0 -3.9
v -1.7 0 -3.9
v -1.7 0 -4
v -1.8 0 -4
v -1.8 0 -3.9
v -1.9 0 -3.9
v -1.9 0 -4
v -1.9 0.2 -4
v -1.9 0.2 -3.9
v -2 0.2 -3.9
v -2 0.2 -4
v -2.1 0.4 -3.9
v -2.1 0.4 -4
v -2 0 -4
v -2 0 -3.9
v -2.2 0 -3.9
v -2.2 0 -4
v -2.2 0.3 -4
v 1.4 0.1 -3.9
v 1.4 0.1 -3.8
v 0.3 0.3 -2.4
v 0.3 0.3 -2.5
v 0.3 0.2 -2.5
v 0.3 0.2 -2.4
v 0.3 0.3 -2.7
v 0.3 0.3 -2.8
v 0.3 0.2 -2.8
v 0.3 0.2 -2.7
v 0.3 0.3 -3
v 0.3 0.3 -3.1
v 0.3 0.2 -3.1
v 0.3 0.2 -3
v 0.3 0.3 -3.3
v 0.3 0.3 -3.4
v 0.3 0.2 -3.4
v 0.3 0.2 -3.3
v 0.3 0.3 -3.6
v 0.3 0.3 -3.7
v 0.3 0.2 -3.7
v 0.3 0.2 -3.6
v 1.4 0.4 -2.8
v 1.4 0.3 -2.8
v 1.4 0.3 -2.6
v 1.4 0.3 -3.2
v 1.4 0.3 -3.1
v 1.4 0.3 -2.4
v 1.4 0.3 -2.3
v -2.2 0.5 -2.8
v -2.2 0.5 -2.9
v -2.2 0.4 -2.8
v 1.4 0.3 -3
v 1.4 0.3 -2.9
v -1.6 0.4 -3
v -2.2 1.1 -2.9
v 1.4 1.3 -2.3
v 1.4 1.3 -2.4
v 1.4 1.3 -2.6
v 1.4 1.3 -2.7
v 1.4 1.3 -2.8
v 1.4 1.3 -2.9
v 1.4 1.3 -3
v 1.4 1.3 -3.1
v 1.4 1.3 -3.2
v 1.4 1.3 -3.4
v 1.4 1.3 -3.5
v 1.4 1.3 -3.6
v 1.4 1.3 -3.7
v 1.4 1.3 -3.8
v 1.4 1.4 -3.8
v 1.4 1.4 -3.9
v 1.2 1.5 -2.5
v 3.6 1.4 -3.9
v -1.7 2.1 -2.5
v 3.6 0.1 -3.9
v -1 0.1 -2.6
v -1 0.3 -2.9
v 3.6 0.1 -3.5
v 3.6 0.1 -3.6
v -1 0.4 -2.5
v -1 0.4 -2.7
v 3.6 0.1 -2.3
v 3.6 0.1 -2.4
v -1.1 0.6 -2.2
v -1.1 0.6 -2.3
v -1.1 0.4 -2.4
v -1.1 0.7 -2.3
v 3.6 0.1 -2.9
v 3.6 0.1 -3
v -1 0.4 -2.6
v 3.6 0.1 -3.4
v -1.1 0.9 -2.3
v -1 1 -2.5
v 3.6 1 -2.6
v -1 1 -2.7
v -1 1 -2.8
v -0.8 1 -3
v -1 1.1 -2.7
v 3.6 1.3 -2.3
v 3.6 1.3 -2.4
v 3.6 1.3 -2.5
v 3.6 1.3 -2.6
v 3.6 1.3 -2.7
v -1 1.1 -2.6
v 3.6 0.1 -2.8
v 3.6 1.3 -2.8
v 3.6 1.3 -2.9
v 3.6 1.3 -3
v 3.6 1.3 -3.1
v 3.6 1.3 -3.2
v 3.6 1.3 -3.3
v 3.6 1.3 -3.4
v 3.6 1.3 -3.5
v 3.6 1.3 -3.6
v 3.6 0.1 -3.8
v 3.6 1.3 -3.8
v -1 1.1 -2.5
v -0.8 1.3 -2.7
v 3.6 1.4 -3.8
v -1 1.1 -2.4
v 3.8 1.5 -2.6
v 3.8 1.5 -2.7
v 3.8 1.5 -3.3
v 3.8 1.5 -3.7
v 3.8 1.5 -3.8
v 3.4 1.7 -2.6
v 3.4 1.7 -2.7
v 3.4 1.9 -2.6
v 3.4 1.9 -2.7
v -1.3 2.1 -2.3
v -1.3 2.1 -2.4
v -1.3 2.1 -2.5
v 3.5 0.1 -3.9
v 3.5 0.4 -3.9
v 3.5 1.1 -3.9
v 3.5 0.2 -3.9
v 3.2 0.9 -3.9
v 3.2 1.1 -3.9
v 3.5 1 -3.9
v 3.1 0.1 -3.9
v 3.1 0.2 -3.9
v 3.1 0.5 -3.9
v 3.1 0.6 -3.9
v 3.1 0.9 -3.9
v 3 0.1 -3.9
v 3 1.2 -3.9
v 3 1.5 -3.9
v 2.9 0.1 -3.8
v 2.9 0.2 -3.8
v 3 0.2 -3.8
v 3 0.1 -3.8
v 2.9 1 -3.8
v 3 1 -3.8
v 2.9 1.1 -3.8
v 2.8 0.2 -3.8
v 2.9 0.3 -3.8
v 2.8 0.9 -3.8
v 2.8 1 -3.8
v 2.8 1.4 -3.9
v 2.8 1.6 -3.9
v 2.8 1.7 -3.9
v 2.7 0.7 -3.8
v 2.7 0.8 -3.8
v 2.8 0.8 -3.8
v 2.8 0.7 -3.8
v 2.7 1.4 -3.9
v 2.6 0.4 -3.8
v 2.6 0.5 -3.8
v 2.6 0.6 -3.8
v 2.6 0.7 -3.8
v 2.6 0.8 -3.8
v 2.6 1.8 -3.9
v 2.7 1.6 -3.9
v 2.5 1.4 -3.9
v 2.5 1.8 -3.9
v 2.4 0.4 -3.8
v 2.4 0.7 -3.8
v 2.3 0.3 -3.8
v 2.3 0.4 -3.8
v 2.3 0.7 -3.8
v 2.3 1.4 -3.9
v 2.3 1.5 -3.9
v 2.3 1.8 -3.9
v 2.2 0.2 -3.8
v 2.2 0.3 -3.8
v 2.2 0.4 -3.8
v 2.2 0.6 -3.8
v 2.2 1 -3.8
v 2.2 1.4 -3.9
v 2.2 1.8 -3.9
v 2.2 1.9 -3.9
v 2.1 0.1 -3.8
v 2.1 0.2 -3.8
v 2.1 0.3 -3.8
v 2.2 0.6 -3.7
v 2.1 0.9 -3.8
v 2.1 1 -3.8
v 2.1 1.1 -3.8
v 2 0.1 -3.8
v 2 0.2 -3.8
v 2 0.3 -3.8
v 2 0.8 -3.8
v 2 0.9 -3.8
v 2 1 -3.8
v 2 1.9 -3.9
v 2.2 1.5 -3.9
v 1.9 0.1 -3.9
v 2 0.1 -3.9
v 1.9 1.1 -3.9
v 1.9 1.2 -3.9
v 1.9 0.2 -3.9
v 1.8 1.2 -3.9
v 1.9 1 -3.9
v 1.8 0.4 -3.9
v 1.5 0.1 -3.9
v 1.5 0.2 -3.9
v 1.5 0.3 -3.9
v 1.5 1 -3.9
v 1.5 1.1 -3.9
v 1.5 1.2 -3.9
v 1.5 1.3 -3.9
v 1.4 1.3 -3.9
v 1.3 0.2 -3.7
v 1.3 0.2 -3.8
v 1.3 0.3 -3.8
v 1.2 1.4 -2.6
v 1 0.2 -3.8
v 1 0.3 -3.8
v 1.1 0.3 -3.8
v 1.1 0.2 -3.8
v 0.7 0.2 -3.8
v 0.7 0.3 -3.8
v 0.8 0.3 -3.8
v 0.8 0.2 -3.8
v 0.5 0.3 -3.8
v 0.5 0.2 -3.8
v 0 0.1 -4
v -0.1 0.5 -4
v -0.3 0.2 -3.9
v -0.3 0.3 -3.9
v -0.4 0.5 -4
v -0.3 0.3 -4
v -0.6 0.2 -3.9
v -0.6 0.3 -3.9
v -0.5 0.2 -3.9
v -0.8 0.3 -3.9
v -0.8 0.2 -3.9
v -1.1 0.2 -4
v -1.1 0.3 -4
v -1.1 1 -3
v -1.2 0.2 -3.9
v -1.2 0.3 -3.9
v -1.1 0.3 -3.9
v -1.1 0.2 -3.9
v -1.2 1 -3
v -1.1 0.5 -3
v -1.3 1 -3
v -1.2 0.7 -3
v -1.3 1.6 -2.5
v -1.5 0.3 -3.9
v -1.4 0.3 -3.9
v -1.4 0.2 -3.9
v -1.5 0.5 -3
v -1.5 0.6 -3
v -1.5 0.7 -3
v -1.5 1 -3
v -1.6 1 -3
v -1.7 0.1 -4
v -1.7 0.2 -4
v -1.6 0.7 -2.9
v -1.7 0.9 -2.9
v -1.7 1.9 -2.5
v -1.8 0.2 -3.9
v -1.8 0.3 -3.9
v -1.7 0.3 -3.9
v -1.7 0.2 -3.9
v -1.7 0.6 -2.9
v -1.9 0.7 -2.9
v -1.9 0.3 -4
v -2 0.6 -2.9
v -2.1 0.6 -2.9
v -2.2 0.2 -3
v -2.2 0.4 -4
v -2.2 0.6 -2.9
v 0 0.1 -3.9
v -0.1 0.5 -3.9
v -0.4 0.5 -3.9
v -0.8 1.2 -2.8
v -1.7 0.1 -3.9
v -1.8 0.4 -3.9
v -2.2 0.4 -3.9
v -2.2 1.9 -2.3
v -2.6 1.9 -2.3
v -2.6 1.8 -2.3
v -2.7 1.8 -2.3
v -2.7 1.9 -2.3
v -3.2 1.9 -2.3
v -3.9 0.2 -2.3
v -4 0.2 -2.3
v -3.9 0.5 -2.3
v -4 0.5 -2.3
v -2.4 1.8 -2.4
v -2.4 1.8 -2.3
v -2.4 1.7 -2.4
v -2.5 1.7 -2.4
v -2.5 1.7 -2.3
v -2.4 1.7 -2.3
v -2.8 0.3 -2.4
v -2.9 0.3 -2.4
v -2.9 0.3 -2.3
v -2.8 0.3 -2.3
v -2.8 0.6 -2.4
v -2.9 0.6 -2.4
v -2.9 1.3 -2.4
v -3 1.3 -2.4
v -3 1.3 -2.3
v -2.9 1.3 -2.3
v -3.1 0.1 -2.4
v -3.2 0.1 -2.4
v -2.5 1.8 -2.4
v -3.2 1.8 -2.4
v -3.2 1.8 -2.3
v -2.5 1.8 -2.3
v -2.7 1.7 -2.5
v -2.7 1.7 -2.4
v -2.7 1.6 -2.5
v -2.8 1.6 -2.5
v -2.8 1.6 -2.4
v -2.7 1.6 -2.4
v -2.9 0.1 -2.5
v -3 0.1 -2.5
v -3 0.1 -2.3
v -2.9 0.1 -2.3
v -2.9 0.4 -2.5
v -3.1 0.4 -2.5
v -2.8 1.7 -2.5
v -3.2 1.7 -2.5
v -3.2 1.7 -2.4
v -2.8 1.7 -2.4
v -2.9 0.6 -2.6
v -3 0.6 -2.6
v -3 0.6 -2.5
v -2.9 0.6 -2.5
v -2.9 1 -2.6
v -3 1 -2.6
v -3 1 -2.5
v -2.9 1 -2.5
v -3.2 1.6 -2.6
v -3.2 1.6 -2.5
v -3.9 0.5 -2.6
v -4 0.5 -2.6
v -4 0.5 -2.4
v -3.9 0.5 -2.4
v -2.9 0.1 -2.7
v -3 0.1 -2.7
v -3 0.1 -2.6
v -2.9 0.1 -2.6
v -3 1.5 -2.7
v -3 1.5 -2.6
v -3.1 1.5 -2.7
v -3.2 1.5 -2.7
v -3.2 1.5 -2.6
v -3.1 1.5 -2.6
v -2.5 1.4 -2.8
v -2.5 1.4 -2.7
v -2.5 1.3 -2.8
v -2.6 1.3 -2.8
v -2.6 1.3 -2.7
v -2.5 1.3 -2.7
v -2.9 0.2 -2.8
v -3 0.2 -2.8
v -3 0.2 -2.7
v -2.9 0.2 -2.7
v -2.9 0.5 -2.8
v -3 0.5 -2.8
v -3 0.5 -2.7
v -2.9 0.5 -2.7
v -2.9 0.7 -2.8
v -3 0.7 -2.8
v -3 0.7 -2.7
v -2.9 0.7 -2.7
v -2.6 1.4 -2.8
v -3 1.4 -2.8
v -3 1.4 -2.7
v -2.6 1.4 -2.7
v -3.1 1.4 -2.8
v -3.1 1.4 -2.6
v -3 1.4 -2.6
v -3.2 1.4 -2.8
v -3.2 1.4 -2.7
v -3.1 1.4 -2.7
v -3.9 0.1 -2.8
v -4 0.1 -2.8
v -4 0.1 -2.7
v -3.9 0.1 -2.7
v -2.3 0.4 -2.9
v -2.3 0.4 -2.8
v -2.8 1.3 -2.9
v -2.8 1.3 -2.8
v -2.8 1.2 -2.9
v -2.9 1.2 -2.9
v -2.9 1.2 -2.8
v -2.8 1.2 -2.8
v -3.1 0.1 -2.9
v -3.2 0.1 -2.9
v -3.2 0.1 -2.5
v -3.1 0.1 -2.5
v -2.9 1.3 -2.9
v -3.2 1.3 -2.9
v -3.2 1.3 -2.8
v -2.9 1.3 -2.8
v -3.9 0.2 -2.9
v -4 0.2 -2.9
v -4 0.2 -2.8
v -3.9 0.2 -2.8
v -3.9 0.5 -2.9
v -4 0.5 -2.9
v -4 0.5 -2.7
v -3.9 0.5 -2.7
v -2.3 1.1 -3
v -2.3 1.1 -2.9
v -2.4 0.7 -3
v -2.5 0.7 -3
v -2.5 0.7 -2.9
v -2.4 0.7 -2.9
v -2.5 0.5 -3
v -2.6 0.5 -3
v -2.6 0.5 -2.9
v -2.5 0.5 -2.9
v -2.6 0.3 -3
v -2.7 0.3 -3
v -2.7 0.3 -2.9
v -2.6 0.3 -2.9
v -2.3 1.2 -3
v -2.7 1.2 -3
v -2.7 1.2 -2.9
v -2.3 1.2 -2.9
v -2.7 0.4 -3
v -2.8 0.4 -3
v -2.8 0.4 -2.9
v -2.7 0.4 -2.9
v -2.7 0.7 -3
v -2.8 0.7 -3
v -2.8 0.7 -2.9
v -2.7 0.7 -2.9
v -2.7 1.1 -3
v -2.8 1.1 -3
v -2.8 1.1 -2.9
v -2.7 1.1 -2.9
v -2.9 0.7 -3
v -3 0.7 -3
v -3 0.7 -2.9
v -2.9 0.7 -2.9
v -3 0.1 -3
v -3.1 0.1 -3
v -2.8 1.2 -3
v -3.2 1.2 -3
v -3.2 1.2 -2.9
v -2.4 0.4 -3.1
v -2.4 0.4 -2.9
v -3.2 1.1 -3.1
v -3.2 1.1 -3
v -3 0.1 -3.2
v -3.1 0.1 -3.2
v -3.1 0.1 -3.1
v -3 0.1 -3.1
v -3.2 0.1 -3.2
v -3.2 0.1 -3
v -3.9 0.2 -3.2
v -4 0.2 -3.2
v -4 0.2 -3.1
v -3.9 0.2 -3.1
v -3.9 0.5 -3.2
v -4 0.5 -3.2
v -4 0.5 -3
v -3.9 0.5 -3
v -3.9 0.3 -3.4
v -4 0.3 -3.4
v -4 0.3 -3.3
v -3.9 0.3 -3.3
v -3.8 0.3 -3.5
v -3.9 0.3 -3.5
v -3.9 0.5 -3.5
v -4 0.5 -3.5
v -4 0.5 -3.3
v -3.9 0.5 -3.3
v -3.9 0.2 -3.7
v -4 0.2 -3.7
v -4 0.2 -3.6
v -3.9 0.2 -3.6
v -3.9 0.5 -3.8
v -4 0.5 -3.8
v -4 0.5 -3.6
v -3.9 0.5 -3.6
v -3.8 0.3 -3.9
v -3.8 0.3 -3.8
v -3.9 0.3 -3.9
v -3.9 0.3 -3.6
v -3.8 0.3 -3.6
v -2.3 0.2 -4
v -2.4 0.2 -4
v -2.4 0.2 -3.9
v -2.3 0.2 -3.9
v -2.3 0.5 -4
v -2.5 0.5 -4
v -2.5 0.5 -3.9
v -2.3 0.5 -3.9
v -2.7 0.1 -4
v -2.8 0.1 -4
v -2.8 0.1 -3.9
v -2.7 0.1 -3.9
v -2.6 0.5 -4
v -2.8 0.5 -4
v -2.8 0.5 -3.9
v -2.6 0.5 -3.9
v -3 0.2 -4
v -3.1 0.2 -4
v -3.1 0.2 -3.9
v -3 0.2 -3.9
v -2.9 0.5 -4
v -3.1 0.5 -4
v -3.1 0.5 -3.9
v -2.9 0.5 -3.9
v -3.2 0.1 -4
v -3.3 0.1 -4
v -3.3 0.1 -3.9
v -3.2 0.1 -3.9
v -3.2 0.5 -4
v -3.4 0.5 -4
v -3.4 0.5 -3.9
v -3.2 0.5 -3.9
v -3.6 0.3 -4
v -3.7 0.3 -4
v -3.7 0.3 -3.9
v -3.6 0.3 -3.9
v -3.5 0.5 -4
v -3.7 0.5 -4
v -3.7 0.5 -3.9
v -3.5 0.5 -3.9
v -3.9 0.2 -4
v -4 0.2 -4
v -4 0.2 -3.9
v -3.9 0.2 -3.9
v -3.8 0.5 -4
v -4 0.5 -4
v -4 0.5 -3.9
v -3.8 0.5 -3.9
v -2.9 1 -2.3
v -3 1 -2.3
v -3 1.7 -2.3
v -3 1.7 -2.2
v -3.2 1.7 -2.2
v -3.2 1.7 -2.3
v -3.9 0 -2.3
v -4 0 -2.3
v -3.9 0.3 -2.3
v -4 0.3 -2.3
v -2.8 0.5 -2.4
v -2.8 0.5 -2.3
v -2.9 0.5 -2.3
v -2.9 0.5 -2.4
v -2.8 0.7 -2.4
v -2.9 0.7 -2.4
v -2.9 0.9 -2.4
v -2.9 0.9 -2.3
v -3 0.9 -2.3
v -3 0.9 -2.4
v -2.9 1.4 -2.4
v -2.9 1.4 -2.3
v -3 1.4 -2.3
v -3 1.4 -2.4
v -3.1 0 -2.4
v -3.2 0 -2.4
v -3 1.6 -2.4
v -3 1.6 -2.3
v -3.2 1.6 -2.3
v -3.2 1.6 -2.4
v -2.9 0.2 -2.5
v -2.9 0.2 -2.3
v -3 0.2 -2.3
v -3 0.2 -2.5
v -2.9 1 -2.4
v -3 1 -2.4
v -3 0.3 -2.5
v -3.1 0.3 -2.5
v -3 1.5 -2.5
v -3 1.5 -2.4
v -3.2 1.5 -2.4
v -3.2 1.5 -2.5
v -2.9 0.7 -2.6
v -2.9 0.7 -2.5
v -3 0.7 -2.5
v -3 0.7 -2.6
v -2.9 1.1 -2.6
v -2.9 1.1 -2.5
v -3 1.1 -2.5
v -3 1.1 -2.6
v -3 1.4 -2.5
v -3.2 1.4 -2.5
v -3.2 1.4 -2.6
v -3.9 0 -2.6
v -3.9 0 -2.4
v -4 0 -2.4
v -4 0 -2.6
v -2.9 0.2 -2.6
v -3 0.2 -2.6
v -3 1.3 -2.7
v -3 1.3 -2.6
v -3.2 1.3 -2.6
v -3.2 1.3 -2.7
v -2.9 0.3 -2.8
v -2.9 0.3 -2.7
v -3 0.3 -2.7
v -3 0.3 -2.8
v -2.9 0.6 -2.8
v -2.9 0.6 -2.7
v -3 0.6 -2.7
v -3 0.6 -2.8
v -2.9 0.8 -2.8
v -2.9 0.8 -2.7
v -3 0.8 -2.7
v -3 0.8 -2.8
v -3 1.2 -2.8
v -3 1.2 -2.7
v -3.2 1.2 -2.7
v -3.2 1.2 -2.8
v -3.9 0.2 -2.7
v -4 0.2 -2.7
v -2.3 0.5 -2.8
v -2.3 0.5 -2.9
v -3.1 0 -2.9
v -3.1 0 -2.5
v -3.2 0 -2.5
v -3.2 0 -2.9
v -3 1.1 -2.9
v -3 1.1 -2.8
v -3.2 1.1 -2.8
v -3.2 1.1 -2.9
v -3.9 0 -2.9
v -3.9 0 -2.7
v -4 0 -2.7
v -4 0 -2.9
v -3.9 0.3 -2.9
v -3.9 0.3 -2.8
v -4 0.3 -2.8
v -4 0.3 -2.9
v -2.4 0.9 -2.9
v -2.4 0.9 -3
v -2.4 0.8 -3
v -2.4 0.8 -2.9
v -2.5 0.8 -2.9
v -2.5 0.8 -3
v -2.5 0.6 -3
v -2.5 0.6 -2.9
v -2.6 0.6 -2.9
v -2.6 0.6 -3
v -2.6 0.4 -3
v -2.6 0.4 -2.9
v -2.7 0.5 -3
v -2.7 0.5 -2.9
v -2.8 0.5 -2.9
v -2.8 0.5 -3
v -2.7 0.8 -3
v -2.7 0.8 -2.9
v -2.8 0.8 -2.9
v -2.8 0.8 -3
v -3 0 -3
v -2.9 0.8 -3
v -2.9 0.8 -2.9
v -3 0.8 -2.9
v -3 0.8 -3
v -3.1 0 -3
v -2.4 0.3 -3
v -2.4 0.3 -3.1
v -3 1 -3
v -3 1 -3.1
v -3 1 -2.9
v -3.2 1 -2.9
v -3.2 1 -3.1
v -3 0 -3.2
v -3 0 -3.1
v -3.1 0 -3.1
v -3.1 0 -3.2
v -3.2 0 -3
v -3.2 0 -3.2
v -3.9 0 -3.2
v -3.9 0 -3
v -4 0 -3
v -4 0 -3.2
v -3.9 0.3 -3.2
v -3.9 0.3 -3.1
v -4 0.3 -3.1
v -4 0.3 -3.2
v -3.9 0.4 -3.4
v -3.9 0.4 -3.3
v -4 0.4 -3.3
v -4 0.4 -3.4
v -3.8 0.2 -3.5
v -3.9 0.2 -3.5
v -3.9 0 -3.5
v -3.9 0 -3.3
v -4 0 -3.3
v -4 0 -3.5
v -3.9 0.3 -3.7
v -4 0.3 -3.6
v -4 0.3 -3.7
v -3.9 0 -3.8
v -3.9 0 -3.6
v -4 0 -3.6
v -4 0 -3.8
v -3.8 0.2 -3.8
v -3.8 0.2 -3.9
v -3.8 0.2 -3.6
v -2.3 0 -4
v -2.3 0 -3.9
v -2.4 0 -3.9
v -2.4 0 -4
v -2.3 0.4 -4
v -2.3 0.4 -3.9
v -2.4 0.4 -3.9
v -2.4 0.4 -4
v -2.4 0.1 -4
v -2.4 0.1 -3.9
v -2.5 0.1 -3.9
v -2.5 0.1 -4
v -2.6 0 -4
v -2.6 0 -3.9
v -2.8 0 -3.9
v -2.8 0 -4
v -2.7 0.2 -4
v -2.7 0.2 -3.9
v -2.8 0.2 -3.9
v -2.8 0.2 -4
v -2.9 0 -4
v -2.9 0 -3.9
v -3.1 0 -3.9
v -3.1 0 -4
v -3 0.3 -4
v -3 0.3 -3.9
v -3.1 0.3 -3.9
v -3.1 0.3 -4
v -3.2 0.2 -4
v -3.2 0.2 -3.9
v -3.3 0.2 -3.9
v -3.3 0.2 -4
v -3.2 0 -4
v -3.2 0 -3.9
v -3.4 0 -3.9
v -3.4 0 -4
v -3.5 0 -4
v -3.5 0 -3.9
v -3.7 0 -3.9
v -3.7 0 -4
v -3.6 0.4 -4
v -3.6 0.4 -3.9
v -3.7 0.4 -3.9
v -3.7 0.4 -4
v -3.8 0 -4
v -3.8 0 -3.9
v -4 0 -3.9
v -4 0 -4
v -3.9 0.3 -4
v -4 0.3 -3.9
v -4 0.3 -4
v -4 0.1 -2.9
v -3 0.2 -2.9
v -3 0.1 -2.9
v -4 0 -3.1
v -4 0.2 -3.8
v -3 0.3 -2.3
v -3.9 0.3 -2.4
v -3.9 0.2 -2.4
v -3.9 0.3 -2.6
v -3.9 0.3 -2.7
v -3.9 0.2 -2.6
v -3.9 0.3 -3
v -3.9 0.2 -3
v -3.9 0.2 -3.3
v -4 0.3 -3.5
v -3.9 0.3 -3.8
v -3.9 0.2 -3.8
v -3 0.4 -2.5
v -3 0.4 -2.6
v -2.4 0.4 -3
v -4 0.5 -2.8
v -4 0.5 -3.1
v -4 0.5 -3.4
v -4 0.5 -3.7
v -2.9 0.6 -2.3
v -2.9 0.4 -2.3
v -2.9 0.4 -2.4
v -2.9 0.9 -2.5
v -3 0.9 -2.5
v -3 0.9 -2.6
v -3 1 -2.7
v -3 1 -2.8
v -3.2 1 -3
v -3 1.1 -2.7
v -3 1.1 -2.3
v -3 1.3 -2.5
v -3.9 0.1 -2.9
v -3.9 0.5 -3.4
v -2.3 0.6 -2.9
v -2.3 0.7 -2.9
v -2.4 0.3 -3.9
v -2.4 0.5 -2.9
v -2.4 0.6 -2.9
v -2.4 1 -3
v -2.5 0.4 -4
v -2.5 0.4 -3
v -2.5 0.9 -3
v -2.6 0.2 -3.9
v -2.6 0.3 -3.9
v -2.5 0.3 -3.9
v -2.5 0.2 -3.9
v -2.7 0.5 -4
v -2.6 0.1 -4
v -2.7 0.9 -3
v -2.9 0.1 -3
v -2.9 0.3 -3
v -2.9 0.2 -3.9
v -2.9 0.3 -3.9
v -2.8 0.3 -3.9
v -2.8 0.4 -2.3
v -2.9 0.4 -3
v -2.9 0.5 -3
v -2.9 0.6 -3
v -2.9 0.9 -3
v -2.9 1 -3
v -3 0.5 -4
v -2.9 0.2 -4
v -3.2 0.3 -3.9
v -3.4 0.1 -4
v -3.4 0.2 -4
v -3.5 0.2 -3.9
v -3.5 0.3 -3.9
v -3.4 0.3 -3.9
v -3.4 0.2 -3.9
v -3.6 0.5 -4
v -3.5 0.3 -4
v -3.7 0.2 -3.9
v -3.9 0.5 -4
v -3.8 0.2 -4
v -2.5 0.4 -3.9
v -2.6 0.1 -3.9
v -2.8 0.4 -2.4
v -3.4 0.1 -3.9
v -3.6 0.5 -3.9

vt 0.00195313 0.5
vt 0.00585938 0.5
vt 0.00976563 0.5
vt 0.0292969 0.5
vt 0.0371094 0.5
vt 0.0410156 0.5
vt 0.0449219 0.5
vt 0.0488281 0.5
vt 0.0527344 0.5
vt 0.0566406 0.5
vt 0.0605469 0.5
vt 0.0683594 0.5
vt 0.0722656 0.5
vt 0.0761719 0.5
vt 0.0839844 0.5
vt 0.0878906 0.5
vt 0.0996094 0.5

vn 0 1 0
vn 0 -1 0
vn -1 0 0
vn 1 0 0
vn 0 0 -1
vn 0 0 1

usemtl palette
f 1/15/1 2/15/1 4/15/1
f 4/15/1 2/15/1 3/15/1
f 5/15/1 6/15/1 8/15/1
f 8/15/1 6/15/1 7/15/1
f 9/15/1 10/15/1 12/15/1
f 12/15/1 10/15/1 11/15/1
f 13/15/1 14/15/1 16/15/1
f 16/15/1 14/15/1 15/15/1
f 17/15/1 18/15/1 20/15/1
f 20/15/1 18/15/1 19/15/1
f 21/15/1 22/15/1 24/15/1
f 24/15/1 22/15/1 23/15/1
f 25/15/1 26/15/1 28/15/1
f 28/15/1 26/15/1 27/15/1
f 29/15/1 30/15/1 32/15/1
f 32/15/1 30/15/1 31/15/1
f 33/15/1 34/15/1 36/15/1
f 36/15/1 34/15/1 35/15/1
f 37/15/1 38/15/1 40/15/1
f 40/15/1 38/15/1 39/15/1
f 41/15/1 42/15/1 44/15/1
f 44/15/1 42/15/1 43/15/1
f 45/15/1 46/15/1 48/15/1
f 48/15/1 46/15/1 47/15/1
f 49/15/1 50/15/1 52/15/1
f 52/15/1 50/15/1 51/15/1
f 53/15/1 54/15/1 56/15/1
f 56/15/1 54/15/1 55/15/1
f 57/15/1 58/15/1 60/15/1
f 60/15/1 58/15/1 59/15/1
f 61/15/1 62/15/1 64/15/1
f 64/15/1 62/15/1 63/15/1
f 65/15/1 66/15/1 68/15/1
f 68/15/1 66/15/1 67/15/1
f 69/15/1 70/15/1 72/15/1
f 72/15/1 70/15/1 71/15/1
f 73/15/1 74/15/1 76/15/1
f 76/15/1 74/15/1 75/15/1
f 77/15/1 78/15/1 80/15/1
f 80/15/1 78/15/1 79/15/1
f 81/15/1 82/15/1 84/15/1
f 84/15/1 82/15/1 83/15/1
f 85/15/1 86/15/1 88/15/1
f 88/15/1 86/15/1 87/15/1
f 89/15/1 90/15/1 92/15/1
f 92/15/1 90/15/1 91/15/1
f 93/15/1 94/15/1 96/15/1
f 96/15/1 94/15/1 95/15/1
f 97/15/1 98/15/1 100/15/1
f 100/15/1 98/15/1 99/15/1
f 101/15/1 102/15/1 104/15/1
f 104/15/1 102/15/1 103/15/1
f 105/15/1 106/15/1 108/15/1
f 108/15/1 106/15/1 107/15/1
f 109/15/1 110/15/1 112/15/1
f 112/15/1 110/15/1 111/15/1
f 113/2/1 114/2/1 116/2/1
f 116/2/1 114/2/1 115/2/1
f 117/2/1 118/2/1 120/2/1
f 120/2/1 118/2/1 119/2/1
f 121/15/1 122/15/1 123/15/1
f 123/15/1 122/15/1 102/15/1
f 124/17/1 125/17/1 127/17/1
f 127/17/1 125/17/1 126/17/1
f 128/17/1 129/17/1 131/17/1
f 131/17/1 129/17/1 130/17/1
f 132/17/1 133/17/1 135/17/1
f 135/17/1 133/17/1 134/17/1
f 136/15/1 137/15/1 139/15/1
f 139/15/1 137/15/1 138/15/1
f 140/17/1 141/17/1 143/17/1
f 143/17/1 141/17/1 142/17/1
f 144/17/1 145/17/1 147/17/1
f 147/17/1 145/17/1 146/17/1
f 148/17/1 149/17/1 151/17/1
f 151/17/1 149/17/1 150/17/1
f 152/17/1 153/17/1 155/17/1
f 155/17/1 153/17/1 154/17/1
f 153/7/1 156/7/1 154/7/1
f 154/7/1 156/7/1 157/7/1
f 156/17/1 158/17/1 157/17/1
f 157/17/1 158/17/1 159/17/1
f 160/17/1 161/17/1 163/17/1
f 163/17/1 161/17/1 162/17/1
f 164/15/1 165/15/1 167/15/1
f 167/15/1 165/15/1 166/15/1
f 168/7/1 169/7/1 171/7/1
f 171/7/1 169/7/1 170/7/1
f 172/17/1 173/17/1 175/17/1
f 175/17/1 173/17/1 174/17/1
f 176/17/1 177/17/1 179/17/1
f 179/17/1 177/17/1 178/17/1
f 180/15/1 181/15/1 183/15/1
f 183/15/1 181/15/1 182/15/1
f 184/17/1 185/17/1 187/17/1
f 187/17/1 185/17/1 186/17/1
f 188/17/1 189/17/1 191/17/1
f 191/17/1 189/17/1 190/17/1
f 192/17/1 193/17/1 195/17/1
f 195/17/1 193/17/1 194/17/1
f 196/7/1 197/7/1 199/7/1
f 199/7/1 197/7/1 198/7/1
f 200/7/1 201/7/1 203/7/1
f 203/7/1 201/7/1 202/7/1
f 204/17/1 205/17/1 207/17/1
f 207/17/1 205/17/1 206/17/1
f 208/17/1 209/17/1 211/17/1
f 211/17/1 209/17/1 210/17/1
f 212/17/1 213/17/1 215/17/1
f 215/17/1 213/17/1 214/17/1
f 216/17/1 217/17/1 168/17/1
f 168/17/1 217/17/1 169/17/1
f 218/7/1 219/7/1 221/7/1
f 221/7/1 219/7/1 220/7/1
f 222/17/1 223/17/1 225/17/1
f 225/17/1 223/17/1 224/17/1
f 226/17/1 227/17/1 229/17/1
f 229/17/1 227/17/1 228/17/1
f 230/17/1 231/17/1 233/17/1
f 233/17/1 231/17/1 232/17/1
f 234/17/1 235/17/1 237/17/1
f 237/17/1 235/17/1 236/17/1
f 238/17/1 239/17/1 241/17/1
f 241/17/1 239/17/1 240/17/1
f 242/17/1 243/17/1 245/17/1
f 245/17/1 243/17/1 244/17/1
f 246/17/1 247/17/1 249/17/1
f 249/17/1 247/17/1 248/17/1
f 247/7/1 250/7/1 252/7/1
f 252/7/1 250/7/1 251/7/1
f 253/15/1 254/15/1 256/15/1
f 256/15/1 254/15/1 255/15/1
f 250/17/1 257/17/1 259/17/1
f 259/17/1 257/17/1 258/17/1
f 260/17/1 261/17/1 263/17/1
f 263/17/1 261/17/1 262/17/1
f 264/17/1 265/17/1 201/17/1
f 201/17/1 265/17/1 266/17/1
f 267/17/1 268/17/1 270/17/1
f 270/17/1 268/17/1 269/17/1
f 271/15/1 272/15/1 274/15/1
f 274/15/1 272/15/1 273/15/1
f 275/15/1 276/15/1 278/15/1
f 278/15/1 276/15/1 277/15/1
f 279/7/1 280/7/1 282/7/1
f 282/7/1 280/7/1 281/7/1
f 283/17/1 284/17/1 286/17/1
f 286/17/1 284/17/1 285/17/1
f 287/17/1 288/17/1 289/17/1
f 289/17/1 288/17/1 218/17/1
f 290/7/1 291/7/1 217/7/1
f 217/7/1 291/7/1 292/7/1
f 293/7/1 294/7/1 296/7/1
f 296/7/1 294/7/1 295/7/1
f 297/17/1 298/17/1 299/17/1
f 299/17/1 298/17/1 230/17/1
f 300/17/1 301/17/1 303/17/1
f 303/17/1 301/17/1 302/17/1
f 304/16/1 305/16/1 307/16/1
f 307/16/1 305/16/1 306/16/1
f 308/17/1 309/17/1 311/17/1
f 311/17/1 309/17/1 310/17/1
f 312/17/1 313/17/1 315/17/1
f 315/17/1 313/17/1 314/17/1
f 316/17/1 317/17/1 319/17/1
f 319/17/1 317/17/1 318/17/1
f 320/7/1 321/7/1 243/7/1
f 243/7/1 321/7/1 322/7/1
f 323/2/1 324/2/1 325/2/1
f 325/2/1 324/2/1 253/2/1
f 326/2/1 327/2/1 329/2/1
f 329/2/1 327/2/1 328/2/1
f 330/17/1 331/17/1 332/17/1
f 332/17/1 331/17/1 260/17/1
f 333/2/1 334/2/1 255/2/1
f 255/2/1 334/2/1 335/2/1
f 336/15/1 337/15/1 339/15/1
f 339/15/1 337/15/1 338/15/1
f 340/7/1 341/7/1 257/7/1
f 257/7/1 341/7/1 342/7/1
f 341/17/1 343/17/1 342/17/1
f 342/17/1 343/17/1 264/17/1
f 334/2/1 344/2/1 346/2/1
f 346/2/1 344/2/1 345/2/1
f 347/7/1 348/7/1 350/7/1
f 350/7/1 348/7/1 349/7/1
f 351/17/1 352/17/1 354/17/1
f 354/17/1 352/17/1 353/17/1
f 355/17/1 356/17/1 358/17/1
f 358/17/1 356/17/1 357/17/1
f 359/15/1 360/15/1 362/15/1
f 362/15/1 360/15/1 361/15/1
f 363/17/1 364/17/1 365/17/1
f 365/17/1 364/17/1 283/17/1
f 366/17/1 367/17/1 368/17/1
f 368/17/1 367/17/1 290/17/1
f 369/14/1 370/14/1 288/14/1
f 288/14/1 370/14/1 371/14/1
f 372/17/1 373/17/1 375/17/1
f 375/17/1 373/17/1 374/17/1
f 370/17/1 376/17/1 371/17/1
f 371/17/1 376/17/1 377/17/1
f 378/7/1 379/7/1 381/7/1
f 381/7/1 379/7/1 380/7/1
f 382/7/1 383/7/1 384/7/1
f 384/7/1 383/7/1 293/7/1
f 385/17/1 386/17/1 388/17/1
f 388/17/1 386/17/1 387/17/1
f 389/7/1 390/7/1 294/7/1
f 294/7/1 390/7/1 391/7/1
f 392/17/1 393/17/1 394/17/1
f 394/17/1 393/17/1 303/17/1
f 395/17/1 396/17/1 398/17/1
f 398/17/1 396/17/1 397/17/1
f 399/17/1 400/17/1 402/17/1
f 402/17/1 400/17/1 401/17/1
f 403/17/1 404/17/1 406/17/1
f 406/17/1 404/17/1 405/17/1
f 407/17/1 408/17/1 410/17/1
f 410/17/1 408/17/1 409/17/1
f 411/17/1 412/17/1 414/17/1
f 414/17/1 412/17/1 413/17/1
f 415/17/1 416/17/1 418/17/1
f 418/17/1 416/17/1 417/17/1
f 419/17/1 420/17/1 422/17/1
f 422/17/1 420/17/1 421/17/1
f 423/15/1 424/15/1 426/15/1
f 426/15/1 424/15/1 425/15/1
f 427/17/1 428/17/1 430/17/1
f 430/17/1 428/17/1 429/17/1
f 431/17/1 432/17/1 434/17/1
f 434/17/1 432/17/1 433/17/1
f 435/17/1 436/17/1 437/17/1
f 437/17/1 436/17/1 321/17/1
f 438/15/1 439/15/1 323/15/1
f 323/15/1 439/15/1 324/15/1
f 440/7/1 441/7/1 442/7/1
f 442/7/1 441/7/1 340/7/1
f 443/15/1 444/15/1 334/15/1
f 334/15/1 444/15/1 445/15/1
f 446/17/1 447/17/1 449/17/1
f 449/17/1 447/17/1 448/17/1
f 450/17/1 451/17/1 347/17/1
f 347/17/1 451/17/1 348/17/1
f 452/17/1 453/17/1 455/17/1
f 455/17/1 453/17/1 454/17/1
f 456/17/1 457/17/1 459/17/1
f 459/17/1 457/17/1 458/17/1
f 457/17/1 460/17/1 462/17/1
f 462/17/1 460/17/1 461/17/1
f 463/7/1 464/7/1 466/7/1
f 466/7/1 464/7/1 465/7/1
f 460/14/1 467/14/1 461/14/1
f 461/14/1 467/14/1 369/14/1
f 468/17/1 469/17/1 471/17/1
f 471/17/1 469/17/1 470/17/1
f 472/7/1 473/7/1 475/7/1
f 475/7/1 473/7/1 474/7/1
f 476/17/1 477/17/1 479/17/1
f 479/17/1 477/17/1 478/17/1
f 480/17/1 481/17/1 376/17/1
f 376/17/1 481/17/1 482/17/1
f 483/7/1 484/7/1 379/7/1
f 379/7/1 484/7/1 485/7/1
f 486/17/1 487/17/1 489/17/1
f 489/17/1 487/17/1 488/17/1
f 490/17/1 491/17/1 492/17/1
f 492/17/1 491/17/1 385/17/1
f 493/17/1 494/17/1 496/17/1
f 496/17/1 494/17/1 495/17/1
f 497/17/1 498/17/1 386/17/1
f 386/17/1 498/17/1 499/17/1
f 500/7/1 501/7/1 390/7/1
f 390/7/1 501/7/1 502/7/1
f 503/16/1 504/16/1 506/16/1
f 506/16/1 504/16/1 505/16/1
f 504/16/1 507/16/1 509/16/1
f 509/16/1 507/16/1 508/16/1
f 510/16/1 511/16/1 305/16/1
f 305/16/1 511/16/1 512/16/1
f 513/17/1 514/17/1 516/17/1
f 516/17/1 514/17/1 515/17/1
f 517/17/1 518/17/1 519/17/1
f 519/17/1 518/17/1 410/17/1
f 520/17/1 521/17/1 523/17/1
f 523/17/1 521/17/1 522/17/1
f 521/17/1 524/17/1 525/17/1
f 525/17/1 524/17/1 414/17/1
f 526/17/1 527/17/1 528/17/1
f 528/17/1 527/17/1 419/17/1
f 529/17/1 530/17/1 532/17/1
f 532/17/1 530/17/1 531/17/1
f 533/15/1 534/15/1 535/15/1
f 535/15/1 534/15/1 323/15/1
f 536/17/1 537/17/1 538/17/1
f 538/17/1 537/17/1 436/17/1
f 539/17/1 540/17/1 247/17/1
f 247/17/1 540/17/1 250/17/1
f 540/17/1 541/17/1 440/17/1
f 440/17/1 541/17/1 441/17/1
f 542/2/1 543/2/1 544/2/1
f 544/2/1 543/2/1 443/2/1
f 545/17/1 546/17/1 331/17/1
f 331/17/1 546/17/1 449/17/1
f 547/17/1 548/17/1 550/17/1
f 550/17/1 548/17/1 549/17/1
f 551/17/1 552/17/1 554/17/1
f 554/17/1 552/17/1 553/17/1
f 555/17/1 556/17/1 558/17/1
f 558/17/1 556/17/1 557/17/1
f 559/7/1 560/7/1 562/7/1
f 562/7/1 560/7/1 561/7/1
f 563/17/1 564/17/1 460/17/1
f 460/17/1 564/17/1 467/17/1
f 565/17/1 566/17/1 568/17/1
f 568/17/1 566/17/1 567/17/1
f 569/17/1 570/17/1 572/17/1
f 572/17/1 570/17/1 571/17/1
f 573/17/1 574/17/1 575/17/1
f 575/17/1 574/17/1 480/17/1
f 576/7/1 577/7/1 578/7/1
f 578/7/1 577/7/1 483/7/1
f 579/7/1 580/7/1 582/7/1
f 582/7/1 580/7/1 581/7/1
f 583/7/1 584/7/1 586/7/1
f 586/7/1 584/7/1 585/7/1
f 587/14/1 588/14/1 490/14/1
f 490/14/1 588/14/1 491/14/1
f 589/7/1 590/7/1 592/7/1
f 592/7/1 590/7/1 591/7/1
f 593/17/1 594/17/1 595/17/1
f 595/17/1 594/17/1 500/17/1
f 596/16/1 597/16/1 599/16/1
f 599/16/1 597/16/1 598/16/1
f 600/17/1 601/17/1 603/17/1
f 603/17/1 601/17/1 602/17/1
f 604/17/1 605/17/1 607/17/1
f 607/17/1 605/17/1 606/17/1
f 608/17/1 609/17/1 611/17/1
f 611/17/1 609/17/1 610/17/1
f 612/16/1 613/16/1 614/16/1
f 614/16/1 613/16/1 510/16/1
f 615/17/1 616/17/1 504/17/1
f 504/17/1 616/17/1 507/17/1
f 617/17/1 618/17/1 620/17/1
f 620/17/1 618/17/1 619/17/1
f 621/17/1 622/17/1 624/17/1
f 624/17/1 622/17/1 623/17/1
f 625/17/1 626/17/1 628/17/1
f 628/17/1 626/17/1 627/17/1
f 629/7/1 630/7/1 536/7/1
f 536/7/1 630/7/1 537/7/1
f 631/2/1 632/2/1 439/2/1
f 439/2/1 632/2/1 544/2/1
f 630/17/1 633/17/1 537/17/1
f 537/17/1 633/17/1 634/17/1
f 632/15/1 635/15/1 542/15/1
f 542/15/1 635/15/1 543/15/1
f 636/17/1 637/17/1 541/17/1
f 541/17/1 637/17/1 547/17/1
f 638/17/1 639/17/1 641/17/1
f 641/17/1 639/17/1 640/17/1
f 642/17/1 643/17/1 645/17/1
f 645/17/1 643/17/1 644/17/1
f 646/15/1 647/15/1 649/15/1
f 649/15/1 647/15/1 648/15/1
f 650/15/1 651/15/1 653/15/1
f 653/15/1 651/15/1 652/15/1
f 654/15/1 655/15/1 657/15/1
f 657/15/1 655/15/1 656/15/1
f 658/7/1 659/7/1 570/7/1
f 570/7/1 659/7/1 576/7/1
f 660/7/1 661/7/1 663/7/1
f 663/7/1 661/7/1 662/7/1
f 661/17/1 664/17/1 662/17/1
f 662/17/1 664/17/1 583/17/1
f 665/17/1 666/17/1 668/17/1
f 668/17/1 666/17/1 667/17/1
f 669/17/1 670/17/1 580/17/1
f 580/17/1 670/17/1 587/17/1
f 671/17/1 672/17/1 584/17/1
f 584/17/1 672/17/1 673/17/1
f 674/14/1 675/14/1 588/14/1
f 588/14/1 675/14/1 676/14/1
f 677/17/1 678/17/1 680/17/1
f 680/17/1 678/17/1 679/17/1
f 681/17/1 682/17/1 684/17/1
f 684/17/1 682/17/1 683/17/1
f 675/17/1 685/17/1 676/17/1
f 676/17/1 685/17/1 686/17/1
f 687/7/1 688/7/1 594/7/1
f 594/7/1 688/7/1 689/7/1
f 690/17/1 691/17/1 693/17/1
f 693/17/1 691/17/1 692/17/1
f 694/15/1 695/15/1 697/15/1
f 697/15/1 695/15/1 696/15/1
f 698/17/1 699/17/1 701/17/1
f 701/17/1 699/17/1 700/17/1
f 702/17/1 703/17/1 705/17/1
f 705/17/1 703/17/1 704/17/1
f 706/7/1 707/7/1 709/7/1
f 709/7/1 707/7/1 708/7/1
f 710/17/1 711/17/1 712/17/1
f 712/17/1 711/17/1 633/17/1
f 713/7/1 714/7/1 716/7/1
f 716/7/1 714/7/1 715/7/1
f 714/17/1 717/17/1 715/17/1
f 715/17/1 717/17/1 718/17/1
f 719/17/1 720/17/1 722/17/1
f 722/17/1 720/17/1 721/17/1
f 723/17/1 724/17/1 726/17/1
f 726/17/1 724/17/1 725/17/1
f 727/7/1 728/7/1 729/7/1
f 729/7/1 728/7/1 569/7/1
f 730/17/1 731/17/1 666/17/1
f 666/17/1 731/17/1 732/17/1
f 733/7/1 734/7/1 736/7/1
f 736/7/1 734/7/1 735/7/1
f 737/17/1 738/17/1 740/17/1
f 740/17/1 738/17/1 739/17/1
f 741/17/1 742/17/1 744/17/1
f 744/17/1 742/17/1 743/17/1
f 745/17/1 746/17/1 748/17/1
f 748/17/1 746/17/1 747/17/1
f 749/17/1 750/17/1 707/17/1
f 707/17/1 750/17/1 713/17/1
f 751/17/1 752/17/1 754/17/1
f 754/17/1 752/17/1 753/17/1
f 755/17/1 756/17/1 758/17/1
f 758/17/1 756/17/1 757/17/1
f 759/17/1 760/17/1 762/17/1
f 762/17/1 760/17/1 761/17/1
f 763/7/1 764/7/1 766/7/1
f 766/7/1 764/7/1 765/7/1
f 767/17/1 768/17/1 770/17/1
f 770/17/1 768/17/1 769/17/1
f 768/17/1 771/17/1 674/17/1
f 674/17/1 771/17/1 675/17/1
f 772/15/1 773/15/1 775/15/1
f 775/15/1 773/15/1 774/15/1
f 776/7/1 777/7/1 779/7/1
f 779/7/1 777/7/1 778/7/1
f 780/15/1 781/15/1 783/15/1
f 783/15/1 781/15/1 782/15/1
f 784/15/1 785/15/1 787/15/1
f 787/15/1 785/15/1 786/15/1
f 788/17/1 789/17/1 791/17/1
f 791/17/1 789/17/1 790/17/1
f 792/17/1 793/17/1 795/17/1
f 795/17/1 793/17/1 794/17/1
f 796/7/1 797/7/1 799/7/1
f 799/7/1 797/7/1 798/7/1
f 800/17/1 801/17/1 803/17/1
f 803/17/1 801/17/1 802/17/1
f 804/15/1 805/15/1 807/15/1
f 807/15/1 805/15/1 806/15/1
f 808/17/1 809/17/1 811/17/1
f 811/17/1 809/17/1 810/17/1
f 812/17/1 813/17/1 815/17/1
f 815/17/1 813/17/1 814/17/1
f 816/7/1 817/7/1 793/7/1
f 793/7/1 817/7/1 818/7/1
f 819/7/1 820/7/1 822/7/1
f 822/7/1 820/7/1 821/7/1
f 817/17/1 823/17/1 818/17/1
f 818/17/1 823/17/1 824/17/1
f 825/7/1 826/7/1 828/7/1
f 828/7/1 826/7/1 827/7/1
f 829/17/1 830/17/1 832/17/1
f 832/17/1 830/17/1 831/17/1
f 833/17/1 834/17/1 836/17/1
f 836/17/1 834/17/1 835/17/1
f 837/17/1 838/17/1 840/17/1
f 840/17/1 838/17/1 839/17/1
f 841/17/1 842/17/1 844/17/1
f 844/17/1 842/17/1 843/17/1
f 845/17/1 846/17/1 848/17/1
f 848/17/1 846/17/1 847/17/1
f 849/2/1 850/2/1 851/2/1
f 851/2/1 850/2/1 118/2/1
f 852/15/1 853/15/1 855/15/1
f 855/15/1 853/15/1 854/15/1
f 856/17/1 857/17/1 859/17/1
f 859/17/1 857/17/1 858/17/1
f 860/17/1 861/17/1 863/17/1
f 863/17/1 861/17/1 862/17/1
f 861/7/1 864/7/1 862/7/1
f 862/7/1 864/7/1 865/7/1
f 864/17/1 866/17/1 865/17/1
f 865/17/1 866/17/1 867/17/1
f 868/17/1 869/17/1 871/17/1
f 871/17/1 869/17/1 870/17/1
f 872/17/1 873/17/1 875/17/1
f 875/17/1 873/17/1 874/17/1
f 876/17/1 877/17/1 878/17/1
f 878/17/1 877/17/1 833/17/1
f 879/7/1 880/7/1 834/7/1
f 834/7/1 880/7/1 881/7/1
f 880/17/1 882/17/1 881/17/1
f 881/17/1 882/17/1 883/17/1
f 884/17/1 885/17/1 887/17/1
f 887/17/1 885/17/1 886/17/1
f 888/17/1 889/17/1 891/17/1
f 891/17/1 889/17/1 890/17/1
f 892/15/1 893/15/1 895/15/1
f 895/15/1 893/15/1 894/15/1
f 896/17/1 897/17/1 899/17/1
f 899/17/1 897/17/1 898/17/1
f 900/17/1 901/17/1 903/17/1
f 903/17/1 901/17/1 902/17/1
f 904/17/1 905/17/1 907/17/1
f 907/17/1 905/17/1 906/17/1
f 908/17/1 909/17/1 861/17/1
f 861/17/1 909/17/1 864/17/1
f 910/17/1 911/17/1 912/17/1
f 912/17/1 911/17/1 868/17/1
f 913/17/1 914/17/1 916/17/1
f 916/17/1 914/17/1 915/17/1
f 917/17/1 918/17/1 920/17/1
f 920/17/1 918/17/1 919/17/1
f 921/17/1 922/17/1 924/17/1
f 924/17/1 922/17/1 923/17/1
f 922/17/1 925/17/1 927/17/1
f 927/17/1 925/17/1 926/17/1
f 928/17/1 929/17/1 931/17/1
f 931/17/1 929/17/1 930/17/1
f 932/7/1 933/7/1 934/7/1
f 934/7/1 933/7/1 876/7/1
f 935/17/1 936/17/1 938/17/1
f 938/17/1 936/17/1 937/17/1
f 936/17/1 939/17/1 941/17/1
f 941/17/1 939/17/1 940/17/1
f 939/7/1 942/7/1 944/7/1
f 944/7/1 942/7/1 943/7/1
f 942/17/1 945/17/1 943/17/1
f 943/17/1 945/17/1 946/17/1
f 947/17/1 948/17/1 882/17/1
f 882/17/1 948/17/1 949/17/1
f 950/17/1 951/17/1 952/17/1
f 952/17/1 951/17/1 908/17/1
f 953/17/1 954/17/1 955/17/1
f 955/17/1 954/17/1 910/17/1
f 954/7/1 956/7/1 910/7/1
f 910/7/1 956/7/1 911/7/1
f 957/17/1 958/17/1 960/17/1
f 960/17/1 958/17/1 959/17/1
f 961/7/1 962/7/1 918/7/1
f 918/7/1 962/7/1 963/7/1
f 964/17/1 965/17/1 967/17/1
f 967/17/1 965/17/1 966/17/1
f 968/17/1 969/17/1 971/17/1
f 971/17/1 969/17/1 970/17/1
f 972/17/1 973/17/1 975/17/1
f 975/17/1 973/17/1 974/17/1
f 976/17/1 977/17/1 939/17/1
f 939/17/1 977/17/1 942/17/1
f 978/17/1 979/17/1 980/17/1
f 980/17/1 979/17/1 947/17/1
f 981/17/1 982/17/1 984/17/1
f 984/17/1 982/17/1 983/17/1
f 985/17/1 986/17/1 988/17/1
f 988/17/1 986/17/1 987/17/1
f 989/17/1 990/17/1 992/17/1
f 992/17/1 990/17/1 991/17/1
f 993/15/1 994/15/1 996/15/1
f 996/15/1 994/15/1 995/15/1
f 997/15/1 998/15/1 1000/15/1
f 1000/15/1 998/15/1 999/15/1
f 1001/15/1 1002/15/1 1004/15/1
f 1004/15/1 1002/15/1 1003/15/1
f 1005/17/1 1006/17/1 1008/17/1
f 1008/17/1 1006/17/1 1007/17/1
f 1009/17/1 1010/17/1 1012/17/1
f 1012/17/1 1010/17/1 1011/17/1
f 1013/17/1 1014/17/1 951/17/1
f 951/17/1 1014/17/1 1015/17/1
f 1014/7/1 1016/7/1 1015/7/1
f 1015/7/1 1016/7/1 1017/7/1
f 1018/17/1 1019/17/1 911/17/1
f 911/17/1 1019/17/1 960/17/1
f 1020/17/1 1021/17/1 1022/17/1
f 1022/17/1 1021/17/1 961/17/1
f 1023/17/1 1024/17/1 1026/17/1
f 1026/17/1 1024/17/1 1025/17/1
f 1027/17/1 1028/17/1 1029/17/1
f 1029/17/1 1028/17/1 969/17/1
f 1030/17/1 1031/17/1 1032/17/1
f 1032/17/1 1031/17/1 976/17/1
f 1033/17/1 1034/17/1 1035/17/1
f 1035/17/1 1034/17/1 978/17/1
f 1034/7/1 1036/7/1 978/7/1
f 978/7/1 1036/7/1 979/7/1
f 1037/17/1 1038/17/1 1040/17/1
f 1040/17/1 1038/17/1 1039/17/1
f 1036/17/1 1041/17/1 979/17/1
f 979/17/1 1041/17/1 1042/17/1
f 1043/15/1 1044/15/1 1046/15/1
f 1046/15/1 1044/15/1 1045/15/1
f 1047/17/1 1048/17/1 1050/17/1
f 1050/17/1 1048/17/1 1049/17/1
f 1051/17/1 1052/17/1 1054/17/1
f 1054/17/1 1052/17/1 1053/17/1
f 1055/17/1 1056/17/1 1058/17/1
f 1058/17/1 1056/17/1 1057/17/1
f 1059/17/1 1060/17/1 1016/17/1
f 1016/17/1 1060/17/1 1020/17/1
f 1061/7/1 1062/7/1 1064/7/1
f 1064/7/1 1062/7/1 1063/7/1
f 1065/17/1 1066/17/1 1068/17/1
f 1068/17/1 1066/17/1 1067/17/1
f 1069/17/1 1070/17/1 1072/17/1
f 1072/17/1 1070/17/1 1071/17/1
f 1070/7/1 1073/7/1 1071/7/1
f 1071/7/1 1073/7/1 1074/7/1
f 1075/7/1 1076/7/1 1078/7/1
f 1078/7/1 1076/7/1 1077/7/1
f 1079/17/1 1080/17/1 933/17/1
f 933/17/1 1080/17/1 1081/17/1
f 1082/17/1 1083/17/1 1085/17/1
f 1085/17/1 1083/17/1 1084/17/1
f 1086/17/1 1087/17/1 1089/17/1
f 1089/17/1 1087/17/1 1088/17/1
f 1090/17/1 1091/17/1 1093/17/1
f 1093/17/1 1091/17/1 1092/17/1
f 1094/7/1 1095/7/1 1097/7/1
f 1097/7/1 1095/7/1 1096/7/1
f 1098/17/1 1099/17/1 1073/17/1
f 1073/17/1 1099/17/1 1100/17/1
f 1101/17/1 1102/17/1 1104/17/1
f 1104/17/1 1102/17/1 1103/17/1
f 1105/15/1 1106/15/1 1108/15/1
f 1108/15/1 1106/15/1 1107/15/1
f 1109/15/1 1110/15/1 1112/15/1
f 1112/15/1 1110/15/1 1111/15/1
f 1113/17/1 1114/17/1 1116/17/1
f 1116/17/1 1114/17/1 1115/17/1
f 1117/17/1 1118/17/1 1120/17/1
f 1120/17/1 1118/17/1 1119/17/1
f 1121/7/1 1122/7/1 1124/7/1
f 1124/7/1 1122/7/1 1123/7/1
f 1125/17/1 1126/17/1 1128/17/1
f 1128/17/1 1126/17/1 1127/17/1
f 1129/7/1 1130/7/1 1132/7/1
f 1132/7/1 1130/7/1 1131/7/1
f 1133/17/1 1134/17/1 1136/17/1
f 1136/17/1 1134/17/1 1135/17/1
f 1137/7/1 1138/7/1 1140/7/1
f 1140/7/1 1138/7/1 1139/7/1
f 1141/17/1 1142/17/1 1144/17/1
f 1144/17/1 1142/17/1 1143/17/1
f 1145/17/1 1146/17/1 1148/17/1
f 1148/17/1 1146/17/1 1147/17/1
f 1149/15/1 1150/15/1 1152/15/1
f 1152/15/1 1150/15/1 1151/15/1
f 1153/15/1 1154/15/1 1156/15/1
f 1156/15/1 1154/15/1 1155/15/1
f 1157/17/1 1158/17/1 1160/17/1
f 1160/17/1 1158/17/1 1159/17/1
f 1161/17/1 1162/17/1 1163/17/1
f 1163/17/1 1162/17/1 1128/17/1
f 1164/7/1 1165/7/1 1167/7/1
f 1167/7/1 1165/7/1 1166/7/1
f 1168/17/1 1169/17/1 1171/17/1
f 1171/17/1 1169/17/1 1170/17/1
f 1172/17/1 1173/17/1 1175/17/1
f 1175/17/1 1173/17/1 1174/17/1
f 1176/17/1 1177/17/1 1179/17/1
f 1179/17/1 1177/17/1 1178/17/1
f 1180/15/1 1181/15/1 1183/15/1
f 1183/15/1 1181/15/1 1182/15/1
f 1184/17/1 1185/17/1 1187/17/1
f 1187/17/1 1185/17/1 1186/17/1
f 1188/7/1 1189/7/1 1191/7/1
f 1191/7/1 1189/7/1 1190/7/1
f 1192/17/1 1193/17/1 1194/17/1
f 1194/17/1 1193/17/1 1161/17/1
f 1193/14/1 1195/14/1 1161/14/1
f 1161/14/1 1195/14/1 1162/14/1
f 1196/17/1 1197/17/1 1199/17/1
f 1199/17/1 1197/17/1 1198/17/1
f 1200/17/1 1201/17/1 1203/17/1
f 1203/17/1 1201/17/1 1202/17/1
f 1204/17/1 1205/17/1 1169/17/1
f 1169/17/1 1205/17/1 1206/17/1
f 1207/17/1 1208/17/1 1210/17/1
f 1210/17/1 1208/17/1 1209/17/1
f 1211/17/1 1212/17/1 1214/17/1
f 1214/17/1 1212/17/1 1213/17/1
f 1212/7/1 1215/7/1 1213/7/1
f 1213/7/1 1215/7/1 1216/7/1
f 1217/17/1 1218/17/1 1220/17/1
f 1220/17/1 1218/17/1 1219/17/1
f 1221/17/1 1222/17/1 1224/17/1
f 1224/17/1 1222/17/1 1223/17/1
f 1225/17/1 1226/17/1 1228/17/1
f 1228/17/1 1226/17/1 1227/17/1
f 1229/16/1 1230/16/1 1232/16/1
f 1232/16/1 1230/16/1 1231/16/1
f 1233/17/1 1234/17/1 1236/17/1
f 1236/17/1 1234/17/1 1235/17/1
f 1237/17/1 1238/17/1 1240/17/1
f 1240/17/1 1238/17/1 1239/17/1
f 1241/17/1 1242/17/1 1244/17/1
f 1244/17/1 1242/17/1 1243/17/1
f 1245/17/1 1246/17/1 1248/17/1
f 1248/17/1 1246/17/1 1247/17/1
f 1249/17/1 1250/17/1 1252/17/1
f 1252/17/1 1250/17/1 1251/17/1
f 1253/17/1 1254/17/1 1256/17/1
f 1256/17/1 1254/17/1 1255/17/1
f 1257/17/1 1258/17/1 1189/17/1
f 1189/17/1 1258/17/1 1259/17/1
f 1260/7/1 1261/7/1 1263/7/1
f 1263/7/1 1261/7/1 1262/7/1
f 1264/14/1 1265/14/1 1195/14/1
f 1195/14/1 1265/14/1 1207/14/1
f 1266/7/1 1267/7/1 1201/7/1
f 1201/7/1 1267/7/1 1211/7/1
f 1268/7/1 1269/7/1 1208/7/1
f 1208/7/1 1269/7/1 1270/7/1
f 1271/17/1 1272/17/1 1274/17/1
f 1274/17/1 1272/17/1 1273/17/1
f 1275/17/1 1276/17/1 1278/17/1
f 1278/17/1 1276/17/1 1277/17/1
f 1276/17/1 1279/17/1 1281/17/1
f 1281/17/1 1279/17/1 1280/17/1
f 1282/7/1 1283/7/1 1285/7/1
f 1285/7/1 1283/7/1 1284/7/1
f 1286/17/1 1287/17/1 1289/17/1
f 1289/17/1 1287/17/1 1288/17/1
f 1290/17/1 1291/17/1 1293/17/1
f 1293/17/1 1291/17/1 1292/17/1
f 1294/17/1 1295/17/1 1297/17/1
f 1297/17/1 1295/17/1 1296/17/1
f 1298/17/1 1299/17/1 1301/17/1
f 1301/17/1 1299/17/1 1300/17/1
f 1302/16/1 1303/16/1 1233/16/1
f 1233/16/1 1303/16/1 1304/16/1
f 1305/7/1 1306/7/1 1307/7/1
f 1307/7/1 1306/7/1 1257/7/1
f 1308/17/1 1309/17/1 1311/17/1
f 1311/17/1 1309/17/1 1310/17/1
f 1312/17/1 1313/17/1 1315/17/1
f 1315/17/1 1313/17/1 1314/17/1
f 1316/17/1 1317/17/1 1319/17/1
f 1319/17/1 1317/17/1 1318/17/1
f 1320/17/1 1321/17/1 1264/17/1
f 1264/17/1 1321/17/1 1265/17/1
f 1322/17/1 1323/17/1 1325/17/1
f 1325/17/1 1323/17/1 1324/17/1
f 1326/15/1 1327/15/1 1329/15/1
f 1329/15/1 1327/15/1 1328/15/1
f 1330/15/1 1331/15/1 1333/15/1
f 1333/15/1 1331/15/1 1332/15/1
f 1334/17/1 1335/17/1 1337/17/1
f 1337/17/1 1335/17/1 1336/17/1
f 1338/17/1 1339/17/1 1340/17/1
f 1340/17/1 1339/17/1 1290/17/1
f 1341/17/1 1342/17/1 1343/17/1
f 1343/17/1 1342/17/1 1294/17/1
f 1344/17/1 1345/17/1 1347/17/1
f 1347/17/1 1345/17/1 1346/17/1
f 1345/17/1 1348/17/1 1350/17/1
f 1350/17/1 1348/17/1 1349/17/1
f 1351/16/1 1352/16/1 1353/16/1
f 1353/16/1 1352/16/1 1229/16/1
f 1354/17/1 1355/17/1 1357/17/1
f 1357/17/1 1355/17/1 1356/17/1
f 1358/17/1 1359/17/1 1361/17/1
f 1361/17/1 1359/17/1 1360/17/1
f 1362/17/1 1363/17/1 1365/17/1
f 1365/17/1 1363/17/1 1364/17/1
f 1366/16/1 1367/16/1 1368/16/1
f 1368/16/1 1367/16/1 1303/16/1
f 1369/16/1 1370/16/1 1372/16/1
f 1372/16/1 1370/16/1 1371/16/1
f 1373/7/1 1374/7/1 1306/7/1
f 1306/7/1 1374/7/1 1375/7/1
f 1376/17/1 1377/17/1 1309/17/1
f 1309/17/1 1377/17/1 1320/17/1
f 1378/7/1 1379/7/1 1381/7/1
f 1381/7/1 1379/7/1 1380/7/1
f 1382/17/1 1383/17/1 1385/17/1
f 1385/17/1 1383/17/1 1384/17/1
f 1386/17/1 1387/17/1 1389/17/1
f 1389/17/1 1387/17/1 1388/17/1
f 1390/17/1 1391/17/1 1393/17/1
f 1393/17/1 1391/17/1 1392/17/1
f 1394/17/1 1395/17/1 1397/17/1
f 1397/17/1 1395/17/1 1396/17/1
f 1398/16/1 1399/16/1 1352/16/1
f 1352/16/1 1399/16/1 1400/16/1
f 1401/17/1 1402/17/1 1404/17/1
f 1404/17/1 1402/17/1 1403/17/1
f 1402/17/1 1405/17/1 1407/17/1
f 1407/17/1 1405/17/1 1406/17/1
f 1408/17/1 1409/17/1 1411/17/1
f 1411/17/1 1409/17/1 1410/17/1
f 1412/7/1 1413/7/1 1374/7/1
f 1374/7/1 1413/7/1 1378/7/1
f 1414/7/1 1415/7/1 1417/7/1
f 1417/7/1 1415/7/1 1416/7/1
f 1418/17/1 1419/17/1 1420/17/1
f 1420/17/1 1419/17/1 1408/17/1
f 1421/17/1 1422/17/1 1424/17/1
f 1424/17/1 1422/17/1 1423/17/1
f 1425/17/1 1426/17/1 1428/17/1
f 1428/17/1 1426/17/1 1427/17/1
f 1429/15/1 1430/15/1 1432/15/1
f 1432/15/1 1430/15/1 1431/15/1
f 1433/15/1 1434/15/1 1436/15/1
f 1436/15/1 1434/15/1 1435/15/1
f 1437/17/1 1438/17/1 1440/17/1
f 1440/17/1 1438/17/1 1439/17/1
f 1441/17/1 1442/17/1 1444/17/1
f 1444/17/1 1442/17/1 1443/17/1
f 1445/17/1 1446/17/1 1448/17/1
f 1448/17/1 1446/17/1 1447/17/1
f 1449/17/1 1450/17/1 1452/17/1
f 1452/17/1 1450/17/1 1451/17/1
f 1453/14/1 1454/14/1 1456/14/1
f 1456/14/1 1454/14/1 1455/14/1
f 1457/14/1 1458/14/1 1460/14/1
f 1460/14/1 1458/14/1 1459/14/1
f 1461/15/1 1462/15/1 1464/15/1
f 1464/15/1 1462/15/1 1463/15/1
f 1465/14/1 1466/14/1 1468/14/1
f 1468/14/1 1466/14/1 1467/14/1
f 1469/14/1 1470/14/1 1472/14/1
f 1472/14/1 1470/14/1 1471/14/1
f 1473/1/1 1474/1/1 1476/1/1
f 1476/1/1 1474/1/1 1475/1/1
f 1477/14/1 1478/14/1 1466/14/1
f 1466/14/1 1478/14/1 1479/14/1
f 1480/14/1 1481/14/1 1483/14/1
f 1483/14/1 1481/14/1 1482/14/1
f 1484/15/1 1485/15/1 1487/15/1
f 1487/15/1 1485/15/1 1486/15/1
f 1488/1/1 1489/1/1 1491/1/1
f 1491/1/1 1489/1/1 1490/1/1
f 1492/15/1 1493/15/1 1495/15/1
f 1495/15/1 1493/15/1 1494/15/1
f 1496/15/1 1497/15/1 1499/15/1
f 1499/15/1 1497/15/1 1498/15/1
f 1493/2/1 1500/2/1 1501/2/1
f 1501/2/1 1500/2/1 116/2/1
f 1502/14/1 1503/14/1 1505/14/1
f 1505/14/1 1503/14/1 1504/14/1
f 1506/14/1 1507/14/1 1509/14/1
f 1509/14/1 1507/14/1 1508/14/1
f 1510/14/1 1511/14/1 1512/14/1
f 1512/14/1 1511/14/1 1477/14/1
f 1513/14/1 1514/14/1 1516/14/1
f 1516/14/1 1514/14/1 1515/14/1
f 1517/14/1 1518/14/1 1520/14/1
f 1520/14/1 1518/14/1 1519/14/1
f 1521/14/1 1522/14/1 1524/14/1
f 1524/14/1 1522/14/1 1523/14/1
f 1525/14/1 1526/14/1 1527/14/1
f 1527/14/1 1526/14/1 1454/14/1
f 1528/7/1 1529/7/1 1531/7/1
f 1531/7/1 1529/7/1 1530/7/1
f 1532/17/1 1533/17/1 1535/17/1
f 1535/17/1 1533/17/1 1534/17/1
f 1536/7/1 1537/7/1 1539/7/1
f 1539/7/1 1537/7/1 1538/7/1
f 1540/17/1 1541/17/1 1543/17/1
f 1543/17/1 1541/17/1 1542/17/1
f 1544/17/1 1545/17/1 1547/17/1
f 1547/17/1 1545/17/1 1546/17/1
f 1548/17/1 1549/17/1 1551/17/1
f 1551/17/1 1549/17/1 1550/17/1
f 1552/17/1 1553/17/1 1555/17/1
f 1555/17/1 1553/17/1 1554/17/1
f 1556/17/1 1557/17/1 1559/17/1
f 1559/17/1 1557/17/1 1558/17/1
f 1560/12/1 1561/12/1 1563/12/1
f 1563/12/1 1561/12/1 1562/12/1
f 1564/12/1 1565/12/1 1567/12/1
f 1567/12/1 1565/12/1 1566/12/1
f 1568/15/1 1569/15/1 1571/15/1
f 1571/15/1 1569/15/1 1570/15/1
f 1572/17/1 1573/17/1 1575/17/1
f 1575/17/1 1573/17/1 1574/17/1
f 1576/17/1 1577/17/1 1578/17/1
f 1578/17/1 1577/17/1 1544/17/1
f 1579/7/1 1580/7/1 1545/7/1
f 1545/7/1 1580/7/1 1581/7/1
f 1580/17/1 1582/17/1 1581/17/1
f 1581/17/1 1582/17/1 1583/17/1
f 1584/17/1 1585/17/1 1587/17/1
f 1587/17/1 1585/17/1 1586/17/1
f 1588/17/1 1589/17/1 1591/17/1
f 1591/17/1 1589/17/1 1590/17/1
f 1592/12/1 1593/12/1 1595/12/1
f 1595/12/1 1593/12/1 1594/12/1
f 1596/12/1 1597/12/1 1568/12/1
f 1568/12/1 1597/12/1 1569/12/1
f 1598/17/1 1599/17/1 1601/17/1
f 1601/17/1 1599/17/1 1600/17/1
f 1602/7/1 1603/7/1 1604/7/1
f 1604/7/1 1603/7/1 1576/7/1
f 1605/17/1 1606/17/1 1608/17/1
f 1608/17/1 1606/17/1 1607/17/1
f 1606/17/1 1609/17/1 1611/17/1
f 1611/17/1 1609/17/1 1610/17/1
f 1609/7/1 1612/7/1 1614/7/1
f 1614/7/1 1612/7/1 1613/7/1
f 1612/17/1 1615/17/1 1613/17/1
f 1613/17/1 1615/17/1 1616/17/1
f 1617/17/1 1618/17/1 1582/17/1
f 1582/17/1 1618/17/1 1619/17/1
f 1620/12/1 1621/12/1 1623/12/1
f 1623/12/1 1621/12/1 1622/12/1
f 1624/17/1 1625/17/1 1627/17/1
f 1627/17/1 1625/17/1 1626/17/1
f 1628/17/1 1629/17/1 1631/17/1
f 1631/17/1 1629/17/1 1630/17/1
f 1632/17/1 1633/17/1 1609/17/1
f 1609/17/1 1633/17/1 1612/17/1
f 1634/17/1 1635/17/1 1636/17/1
f 1636/17/1 1635/17/1 1617/17/1
f 1637/17/1 1638/17/1 1640/17/1
f 1640/17/1 1638/17/1 1639/17/1
f 1641/17/1 1642/17/1 1644/17/1
f 1644/17/1 1642/17/1 1643/17/1
f 1645/17/1 1646/17/1 1648/17/1
f 1648/17/1 1646/17/1 1647/17/1
f 1649/12/1 1650/12/1 1652/12/1
f 1652/12/1 1650/12/1 1651/12/1
f 1653/17/1 1654/17/1 1655/17/1
f 1655/17/1 1654/17/1 1625/17/1
f 1656/17/1 1657/17/1 1658/17/1
f 1658/17/1 1657/17/1 1632/17/1
f 1659/17/1 1660/17/1 1661/17/1
f 1661/17/1 1660/17/1 1634/17/1
f 1660/7/1 1662/7/1 1634/7/1
f 1634/7/1 1662/7/1 1635/7/1
f 1663/17/1 1664/17/1 1666/17/1
f 1666/17/1 1664/17/1 1665/17/1
f 1662/17/1 1667/17/1 1635/17/1
f 1635/17/1 1667/17/1 1668/17/1
f 1669/2/1 1670/2/1 1672/2/1
f 1672/2/1 1670/2/1 1671/2/1
f 1673/2/1 1674/2/1 1676/2/1
f 1676/2/1 1674/2/1 1675/2/1
f 1677/6/1 1678/6/1 1680/6/1
f 1680/6/1 1678/6/1 1679/6/1
f 1681/15/1 1682/15/1 1596/15/1
f 1596/15/1 1682/15/1 1597/15/1
f 1683/2/1 1684/2/1 1686/2/1
f 1686/2/1 1684/2/1 1685/2/1
f 1687/17/1 1688/17/1 1690/17/1
f 1690/17/1 1688/17/1 1689/17/1
f 1688/7/1 1691/7/1 1689/7/1
f 1689/7/1 1691/7/1 1692/7/1
f 1693/7/1 1694/7/1 1696/7/1
f 1696/7/1 1694/7/1 1695/7/1
f 1697/17/1 1698/17/1 1603/17/1
f 1603/17/1 1698/17/1 1699/17/1
f 1700/17/1 1701/17/1 1703/17/1
f 1703/17/1 1701/17/1 1702/17/1
f 1704/17/1 1705/17/1 1707/17/1
f 1707/17/1 1705/17/1 1706/17/1
f 1708/12/1 1709/12/1 1711/12/1
f 1711/12/1 1709/12/1 1710/12/1
f 1712/2/1 1713/2/1 1715/2/1
f 1715/2/1 1713/2/1 1714/2/1
f 1716/4/1 1717/4/1 1719/4/1
f 1719/4/1 1717/4/1 1718/4/1
f 1720/14/1 1721/14/1 1723/14/1
f 1723/14/1 1721/14/1 1722/14/1
f 1724/3/1 1725/3/1 1727/3/1
f 1727/3/1 1725/3/1 1726/3/1
f 1728/3/1 1729/3/1 1731/3/1
f 1731/3/1 1729/3/1 1730/3/1
f 1732/2/1 1733/2/1 1735/2/1
f 1735/2/1 1733/2/1 1734/2/1
f 1736/3/1 1737/3/1 1739/3/1
f 1739/3/1 1737/3/1 1738/3/1
f 1740/3/1 1741/3/1 1743/3/1
f 1743/3/1 1741/3/1 1742/3/1
f 1744/14/1 1745/14/1 1747/14/1
f 1747/14/1 1745/14/1 1746/14/1
f 1748/14/1 1749/14/1 1751/14/1
f 1751/14/1 1749/14/1 1750/14/1
f 1752/4/1 1753/4/1 1755/4/1
f 1755/4/1 1753/4/1 1754/4/1
f 1756/14/1 1757/14/1 1759/14/1
f 1759/14/1 1757/14/1 1758/14/1
f 1760/4/1 1761/4/1 1763/4/1
f 1763/4/1 1761/4/1 1762/4/1
f 1764/14/1 1765/14/1 1767/14/1
f 1767/14/1 1765/14/1 1766/14/1
f 1768/4/1 1769/4/1 1771/4/1
f 1771/4/1 1769/4/1 1770/4/1
f 1772/4/1 1773/4/1 1775/4/1
f 1775/4/1 1773/4/1 1774/4/1
f 1776/2/1 1777/2/1 1779/2/1
f 1779/2/1 1777/2/1 1778/2/1
f 1780/14/1 1781/14/1 1783/14/1
f 1783/14/1 1781/14/1 1782/14/1
f 1784/4/1 1785/4/1 1787/4/1
f 1787/4/1 1785/4/1 1786/4/1
f 1788/4/1 1789/4/1 1791/4/1
f 1791/4/1 1789/4/1 1790/4/1
f 1792/4/1 1793/4/1 1795/4/1
f 1795/4/1 1793/4/1 1794/4/1
f 1796/14/1 1797/14/1 1799/14/1
f 1799/14/1 1797/14/1 1798/14/1
f 1800/14/1 1801/14/1 1803/14/1
f 1803/14/1 1801/14/1 1802/14/1
f 1804/14/1 1805/14/1 1807/14/1
f 1807/14/1 1805/14/1 1806/14/1
f 1808/14/1 1809/14/1 1811/14/1
f 1811/14/1 1809/14/1 1810/14/1
f 1812/14/1 1813/14/1 1815/14/1
f 1815/14/1 1813/14/1 1814/14/1
f 1816/3/1 1817/3/1 1819/3/1
f 1819/3/1 1817/3/1 1818/3/1
f 1820/3/1 1821/3/1 1823/3/1
f 1823/3/1 1821/3/1 1822/3/1
f 1824/3/1 1825/3/1 1827/3/1
f 1827/3/1 1825/3/1 1826/3/1
f 1828/3/1 1829/3/1 1831/3/1
f 1831/3/1 1829/3/1 1830/3/1
f 1832/4/1 1833/4/1 1835/4/1
f 1835/4/1 1833/4/1 1834/4/1
f 1836/2/1 1837/2/1 1839/2/1
f 1839/2/1 1837/2/1 1838/2/1
f 1840/14/1 1841/14/1 1843/14/1
f 1843/14/1 1841/14/1 1842/14/1
f 1844/14/1 1845/14/1 1847/14/1
f 1847/14/1 1845/14/1 1846/14/1
f 1848/17/1 1849/17/1 1691/17/1
f 1691/17/1 1849/17/1 1850/17/1
f 1851/17/1 1852/17/1 1854/17/1
f 1854/17/1 1852/17/1 1853/17/1
f 1855/1/1 1856/1/1 1858/1/1
f 1858/1/1 1856/1/1 1857/1/1
f 1859/14/1 1860/14/1 1862/14/1
f 1862/14/1 1860/14/1 1861/14/1
f 1863/4/1 1864/4/1 1866/4/1
f 1866/4/1 1864/4/1 1865/4/1
f 1867/14/1 1868/14/1 1870/14/1
f 1870/14/1 1868/14/1 1869/14/1
f 1871/4/1 1872/4/1 1874/4/1
f 1874/4/1 1872/4/1 1873/4/1
f 1875/4/1 1876/4/1 1878/4/1
f 1878/4/1 1876/4/1 1877/4/1
f 1879/14/1 1880/14/1 1882/14/1
f 1882/14/1 1880/14/1 1881/14/1
f 1883/1/1 1884/1/1 1886/1/1
f 1886/1/1 1884/1/1 1885/1/1
f 1887/14/1 1888/14/1 1890/14/1
f 1890/14/1 1888/14/1 1889/14/1
f 1884/2/1 1891/2/1 1893/2/1
f 1893/2/1 1891/2/1 1892/2/1
f 1894/2/1 1895/2/1 1897/2/1
f 1897/2/1 1895/2/1 1896/2/1
f 1898/14/1 1899/14/1 1841/14/1
f 1841/14/1 1899/14/1 1900/14/1
f 1901/14/1 1902/14/1 1845/14/1
f 1845/14/1 1902/14/1 1903/14/1
f 1904/2/1 1905/2/1 1907/2/1
f 1907/2/1 1905/2/1 1906/2/1
f 1908/5/1 1909/5/1 1911/5/1
f 1911/5/1 1909/5/1 1910/5/1
f 1912/5/1 1913/5/1 1915/5/1
f 1915/5/1 1913/5/1 1914/5/1
f 1916/5/1 1917/5/1 1919/5/1
f 1919/5/1 1917/5/1 1918/5/1
f 1920/2/1 1921/2/1 1923/2/1
f 1923/2/1 1921/2/1 1922/2/1
f 1924/14/1 1925/14/1 1927/14/1
f 1927/14/1 1925/14/1 1926/14/1
f 1928/2/1 1929/2/1 1931/2/1
f 1931/2/1 1929/2/1 1930/2/1
f 1932/1/1 1933/1/1 1935/1/1
f 1935/1/1 1933/1/1 1934/1/1
f 1933/2/1 1936/2/1 1934/2/1
f 1934/2/1 1936/2/1 1937/2/1
f 1938/5/1 1939/5/1 1941/5/1
f 1941/5/1 1939/5/1 1940/5/1
f 1939/5/1 1942/5/1 1944/5/1
f 1944/5/1 1942/5/1 1943/5/1
f 1945/12/1 1946/12/1 1948/12/1
f 1948/12/1 1946/12/1 1947/12/1
f 1946/12/1 1949/12/1 1951/12/1
f 1951/12/1 1949/12/1 1950/12/1
f 1949/12/1 1952/12/1 1953/12/1
f 1953/12/1 1952/12/1 1711/12/1
f 1952/12/1 1954/12/1 1956/12/1
f 1956/12/1 1954/12/1 1955/12/1
f 1957/5/1 1958/5/1 1960/5/1
f 1960/5/1 1958/5/1 1959/5/1
f 1954/12/1 1961/12/1 1962/12/1
f 1962/12/1 1961/12/1 1709/12/1
f 1961/12/1 1963/12/1 1965/12/1
f 1965/12/1 1963/12/1 1964/12/1
f 1966/3/1 1967/3/1 1969/3/1
f 1969/3/1 1967/3/1 1968/3/1
f 1970/1/1 1971/1/1 1973/1/1
f 1973/1/1 1971/1/1 1972/1/1
f 1974/2/1 1975/2/1 1977/2/1
f 1977/2/1 1975/2/1 1976/2/1
f 1978/2/1 1979/2/1 1980/2/1
f 1980/2/1 1979/2/1 1676/2/1
f 1981/3/1 1982/3/1 1984/3/1
f 1984/3/1 1982/3/1 1983/3/1
f 1985/1/1 1986/1/1 1988/1/1
f 1988/1/1 1986/1/1 1987/1/1
f 1989/5/1 1990/5/1 1992/5/1
f 1992/5/1 1990/5/1 1991/5/1
f 1993/7/1 1994/7/1 1996/7/1
f 1996/7/1 1994/7/1 1995/7/1
f 1997/1/1 1998/1/1 2000/1/1
f 2000/1/1 1998/1/1 1999/1/1
f 2001/7/1 2002/7/1 2004/7/1
f 2004/7/1 2002/7/1 2003/7/1
f 2005/8/1 2006/8/1 2008/8/1
f 2008/8/1 2006/8/1 2007/8/1
f 2009/8/1 2010/8/1 1946/8/1
f 1946/8/1 2010/8/1 1963/8/1
f 2011/2/1 2012/2/1 2014/2/1
f 2014/2/1 2012/2/1 2013/2/1
f 2015/2/1 2016/2/1 2018/2/1
f 2018/2/1 2016/2/1 2017/2/1
f 2019/1/1 2020/1/1 2022/1/1
f 2022/1/1 2020/1/1 2021/1/1
f 2023/2/1 2024/2/1 2026/2/1
f 2026/2/1 2024/2/1 2025/2/1
f 2027/3/1 2028/3/1 2030/3/1
f 2030/3/1 2028/3/1 2029/3/1
f 2031/15/1 2032/15/1 2034/15/1
f 2034/15/1 2032/15/1 2033/15/1
f 2035/12/1 2036/12/1 2038/12/1
f 2038/12/1 2036/12/1 2037/12/1
f 2032/12/1 2039/12/1 2033/12/1
f 2033/12/1 2039/12/1 2040/12/1
f 2041/15/1 2042/15/1 2044/15/1
f 2044/15/1 2042/15/1 2043/15/1
f 2039/15/1 2045/15/1 2040/15/1
f 2040/15/1 2045/15/1 2046/15/1
f 2047/13/1 2048/13/1 2050/13/1
f 2050/13/1 2048/13/1 2049/13/1
f 2051/15/1 2052/15/1 2054/15/1
f 2054/15/1 2052/15/1 2053/15/1
f 2055/15/1 2056/15/1 2058/15/1
f 2058/15/1 2056/15/1 2057/15/1
f 2059/12/1 2060/12/1 2062/12/1
f 2062/12/1 2060/12/1 2061/12/1
f 2063/5/1 2064/5/1 2066/5/1
f 2066/5/1 2064/5/1 2065/5/1
f 2060/12/1 2067/12/1 2068/12/1
f 2068/12/1 2067/12/1 1948/12/1
f 2069/5/1 2070/5/1 2072/5/1
f 2072/5/1 2070/5/1 2071/5/1
f 2073/5/1 2074/5/1 2075/5/1
f 2075/5/1 2074/5/1 1915/5/1
f 2074/1/1 2076/1/1 2078/1/1
f 2078/1/1 2076/1/1 2077/1/1
f 2079/13/1 2080/13/1 2081/13/1
f 2081/13/1 2080/13/1 2010/13/1
f 2082/5/1 2083/5/1 2085/5/1
f 2085/5/1 2083/5/1 2084/5/1
f 2086/2/1 2087/2/1 2088/2/1
f 2088/2/1 2087/2/1 1672/2/1
f 2089/14/1 2090/14/1 2092/14/1
f 2092/14/1 2090/14/1 2091/14/1
f 2087/1/1 2093/1/1 2095/1/1
f 2095/1/1 2093/1/1 2094/1/1
f 2096/1/1 2097/1/1 2099/1/1
f 2099/1/1 2097/1/1 2098/1/1
f 2100/2/1 2101/2/1 2103/2/1
f 2103/2/1 2101/2/1 2102/2/1
f 2104/2/1 2105/2/1 2107/2/1
f 2107/2/1 2105/2/1 2106/2/1
f 2108/7/1 2109/7/1 2111/7/1
f 2111/7/1 2109/7/1 2110/7/1
f 2112/7/1 2113/7/1 2115/7/1
f 2115/7/1 2113/7/1 2114/7/1
f 2116/13/1 2117/13/1 2119/13/1
f 2119/13/1 2117/13/1 2118/13/1
f 2120/5/1 2121/5/1 2123/5/1
f 2123/5/1 2121/5/1 2122/5/1
f 2124/1/1 2125/1/1 2127/1/1
f 2127/1/1 2125/1/1 2126/1/1
f 2128/8/1 2129/8/1 2130/8/1
f 2130/8/1 2129/8/1 2060/8/1
f 2131/5/1 2132/5/1 2134/5/1
f 2134/5/1 2132/5/1 2133/5/1
f 2135/16/1 2136/16/1 2138/16/1
f 2138/16/1 2136/16/1 2137/16/1
f 2132/5/1 2139/5/1 2141/5/1
f 2141/5/1 2139/5/1 2140/5/1
f 2142/8/1 2143/8/1 2144/8/1
f 2144/8/1 2143/8/1 2067/8/1
f 2139/5/1 2145/5/1 2147/5/1
f 2147/5/1 2145/5/1 2146/5/1
f 2148/1/1 2149/1/1 2070/1/1
f 2070/1/1 2149/1/1 2150/1/1
f 2151/2/1 2152/2/1 2154/2/1
f 2154/2/1 2152/2/1 2153/2/1
f 2155/9/1 2156/9/1 2158/9/1
f 2158/9/1 2156/9/1 2157/9/1
f 2159/1/1 2160/1/1 2161/1/1
f 2161/1/1 2160/1/1 2080/1/1
f 2162/1/1 2163/1/1 2165/1/1
f 2165/1/1 2163/1/1 2164/1/1
f 2166/1/1 2167/1/1 2169/1/1
f 2169/1/1 2167/1/1 2168/1/1
f 2170/14/1 2171/14/1 2173/14/1
f 2173/14/1 2171/14/1 2172/14/1
f 2174/2/1 2175/2/1 2177/2/1
f 2177/2/1 2175/2/1 2176/2/1
f 2178/2/1 2179/2/1 2181/2/1
f 2181/2/1 2179/2/1 2180/2/1
f 2182/2/1 2183/2/1 2185/2/1
f 2185/2/1 2183/2/1 2184/2/1
f 2186/14/1 2187/14/1 2189/14/1
f 2189/14/1 2187/14/1 2188/14/1
f 2190/12/1 2191/12/1 2192/12/1
f 2192/12/1 2191/12/1 2062/12/1
f 2193/8/1 2194/8/1 2196/8/1
f 2196/8/1 2194/8/1 2195/8/1
f 2197/1/1 2198/1/1 2135/1/1
f 2135/1/1 2198/1/1 2199/1/1
f 2200/1/1 2201/1/1 2202/1/1
f 2202/1/1 2201/1/1 2136/1/1
f 2203/10/1 2204/10/1 2206/10/1
f 2206/10/1 2204/10/1 2205/10/1
f 2207/5/1 2208/5/1 2209/5/1
f 2209/5/1 2208/5/1 2148/5/1
f 2210/2/1 2211/2/1 2213/2/1
f 2213/2/1 2211/2/1 2212/2/1
f 2214/3/1 2215/3/1 2217/3/1
f 2217/3/1 2215/3/1 2216/3/1
f 2218/3/1 2219/3/1 2221/3/1
f 2221/3/1 2219/3/1 2220/3/1
f 2222/1/1 2223/1/1 2225/1/1
f 2225/1/1 2223/1/1 2224/1/1
f 2226/1/1 2227/1/1 2229/1/1
f 2229/1/1 2227/1/1 2228/1/1
f 2230/1/1 2231/1/1 2233/1/1
f 2233/1/1 2231/1/1 2232/1/1
f 2234/2/1 2235/2/1 2237/2/1
f 2237/2/1 2235/2/1 2236/2/1
f 2238/4/1 2239/4/1 2241/4/1
f 2241/4/1 2239/4/1 2240/4/1
f 2242/2/1 2243/2/1 2245/2/1
f 2245/2/1 2243/2/1 2244/2/1
f 2246/15/1 2247/15/1 2249/15/1
f 2249/15/1 2247/15/1 2248/15/1
f 2250/8/1 2251/8/1 2253/8/1
f 2253/8/1 2251/8/1 2252/8/1
f 2254/8/1 2255/8/1 2257/8/1
f 2257/8/1 2255/8/1 2256/8/1
f 2258/5/1 2259/5/1 2261/5/1
f 2261/5/1 2259/5/1 2260/5/1
f 2259/5/1 2262/5/1 2264/5/1
f 2264/5/1 2262/5/1 2263/5/1
f 2265/5/1 2266/5/1 2268/5/1
f 2268/5/1 2266/5/1 2267/5/1
f 2269/2/1 2270/2/1 2272/2/1
f 2272/2/1 2270/2/1 2271/2/1
f 2273/2/1 2274/2/1 2276/2/1
f 2276/2/1 2274/2/1 2275/2/1
f 2277/1/1 2278/1/1 2280/1/1
f 2280/1/1 2278/1/1 2279/1/1
f 2281/1/1 2282/1/1 2284/1/1
f 2284/1/1 2282/1/1 2283/1/1
f 2285/12/1 2286/12/1 2288/12/1
f 2288/12/1 2286/12/1 2287/12/1
f 2289/8/1 2290/8/1 2292/8/1
f 2292/8/1 2290/8/1 2291/8/1
f 2293/5/1 2294/5/1 2296/5/1
f 2296/5/1 2294/5/1 2295/5/1
f 2297/1/1 2298/1/1 2300/1/1
f 2300/1/1 2298/1/1 2299/1/1
f 2301/5/1 2302/5/1 2304/5/1
f 2304/5/1 2302/5/1 2303/5/1
f 2302/5/1 2305/5/1 2307/5/1
f 2307/5/1 2305/5/1 2306/5/1
f 2308/1/1 2309/1/1 2311/1/1
f 2311/1/1 2309/1/1 2310/1/1
f 2312/14/1 2313/14/1 2315/14/1
f 2315/14/1 2313/14/1 2314/14/1
f 2316/1/1 2317/1/1 2319/1/1
f 2319/1/1 2317/1/1 2318/1/1
f 2320/2/1 2321/2/1 2322/2/1
f 2322/2/1 2321/2/1 1977/2/1
f 2323/1/1 2324/1/1 2326/1/1
f 2326/1/1 2324/1/1 2325/1/1
f 2327/14/1 2328/14/1 2330/14/1
f 2330/14/1 2328/14/1 2329/14/1
f 2331/2/1 2332/2/1 2334/2/1
f 2334/2/1 2332/2/1 2333/2/1
f 2335/13/1 2336/13/1 2338/13/1
f 2338/13/1 2336/13/1 2337/13/1
f 2339/5/1 2340/5/1 2342/5/1
f 2342/5/1 2340/5/1 2341/5/1
f 2340/5/1 2343/5/1 2344/5/1
f 2344/5/1 2343/5/1 1919/5/1
f 2345/5/1 2346/5/1 2348/5/1
f 2348/5/1 2346/5/1 2347/5/1
f 2349/2/1 2350/2/1 2352/2/1
f 2352/2/1 2350/2/1 2351/2/1
f 2353/14/1 2354/14/1 2356/14/1
f 2356/14/1 2354/14/1 2355/14/1
f 2357/1/1 2358/1/1 2360/1/1
f 2360/1/1 2358/1/1 2359/1/1
f 2361/14/1 2362/14/1 2364/14/1
f 2364/14/1 2362/14/1 2363/14/1
f 2365/12/1 2366/12/1 2368/12/1
f 2368/12/1 2366/12/1 2367/12/1
f 2369/2/1 2370/2/1 2372/2/1
f 2372/2/1 2370/2/1 2371/2/1
f 2373/12/1 2374/12/1 2376/12/1
f 2376/12/1 2374/12/1 2375/12/1
f 2377/13/1 2378/13/1 2380/13/1
f 2380/13/1 2378/13/1 2379/13/1
f 2381/12/1 2382/12/1 2384/12/1
f 2384/12/1 2382/12/1 2383/12/1
f 2385/15/1 2386/15/1 2388/15/1
f 2388/15/1 2386/15/1 2387/15/1
f 2389/5/1 2390/5/1 2392/5/1
f 2392/5/1 2390/5/1 2391/5/1
f 2393/1/1 2394/1/1 2396/1/1
f 2396/1/1 2394/1/1 2395/1/1
f 2397/1/1 2398/1/1 2400/1/1
f 2400/1/1 2398/1/1 2399/1/1
f 2401/5/1 2402/5/1 2404/5/1
f 2404/5/1 2402/5/1 2403/5/1
f 2405/1/1 2406/1/1 2408/1/1
f 2408/1/1 2406/1/1 2407/1/1
f 2409/5/1 2410/5/1 2412/5/1
f 2412/5/1 2410/5/1 2411/5/1
f 2410/5/1 2413/5/1 2415/5/1
f 2415/5/1 2413/5/1 2414/5/1
f 2413/5/1 2416/5/1 2418/5/1
f 2418/5/1 2416/5/1 2417/5/1
f 2416/5/1 2419/5/1 2421/5/1
f 2421/5/1 2419/5/1 2420/5/1
f 2422/3/1 2423/3/1 2425/3/1
f 2425/3/1 2423/3/1 2424/3/1
f 2426/2/1 2427/2/1 2428/2/1
f 2428/2/1 2427/2/1 2024/2/1
f 2429/2/1 2430/2/1 2432/2/1
f 2432/2/1 2430/2/1 2431/2/1
f 2433/13/1 2434/13/1 2436/13/1
f 2436/13/1 2434/13/1 2435/13/1
f 2437/7/1 2438/7/1 2440/7/1
f 2440/7/1 2438/7/1 2439/7/1
f 2441/5/1 2442/5/1 2444/5/1
f 2444/5/1 2442/5/1 2443/5/1
f 2445/1/1 2446/1/1 2410/1/1
f 2410/1/1 2446/1/1 2413/1/1
f 2447/5/1 2448/5/1 2450/5/1
f 2450/5/1 2448/5/1 2449/5/1
f 2451/3/1 2452/3/1 2454/3/1
f 2454/3/1 2452/3/1 2453/3/1
f 2455/2/1 2456/2/1 2458/2/1
f 2458/2/1 2456/2/1 2457/2/1
f 2459/1/1 2460/1/1 2462/1/1
f 2462/1/1 2460/1/1 2461/1/1
f 2463/3/1 2464/3/1 2466/3/1
f 2466/3/1 2464/3/1 2465/3/1
f 2467/1/1 2468/1/1 2470/1/1
f 2470/1/1 2468/1/1 2469/1/1
f 2471/12/1 2472/12/1 2474/12/1
f 2474/12/1 2472/12/1 2473/12/1
f 2475/8/1 2476/8/1 2478/8/1
f 2478/8/1 2476/8/1 2477/8/1
f 2479/10/1 2480/10/1 2482/10/1
f 2482/10/1 2480/10/1 2481/10/1
f 2483/5/1 2484/5/1 2486/5/1
f 2486/5/1 2484/5/1 2485/5/1
f 2487/1/1 2488/1/1 2490/1/1
f 2490/1/1 2488/1/1 2489/1/1
f 2491/5/1 2492/5/1 2494/5/1
f 2494/5/1 2492/5/1 2493/5/1
f 2495/1/1 2496/1/1 2447/1/1
f 2447/1/1 2496/1/1 2497/1/1
f 2498/5/1 2499/5/1 2501/5/1
f 2501/5/1 2499/5/1 2500/5/1
f 2502/1/1 2503/1/1 2505/1/1
f 2505/1/1 2503/1/1 2504/1/1
f 2506/2/1 2507/2/1 2509/2/1
f 2509/2/1 2507/2/1 2508/2/1
f 2510/2/1 2511/2/1 2513/2/1
f 2513/2/1 2511/2/1 2512/2/1
f 2514/15/1 2515/15/1 2517/15/1
f 2517/15/1 2515/15/1 2516/15/1
f 2518/8/1 2519/8/1 2521/8/1
f 2521/8/1 2519/8/1 2520/8/1
f 2522/1/1 2523/1/1 2525/1/1
f 2525/1/1 2523/1/1 2524/1/1
f 2526/1/1 2527/1/1 2529/1/1
f 2529/1/1 2527/1/1 2528/1/1
f 2530/11/1 2531/11/1 2533/11/1
f 2533/11/1 2531/11/1 2532/11/1
f 2534/1/1 2535/1/1 2537/1/1
f 2537/1/1 2535/1/1 2536/1/1
f 2538/5/1 2539/5/1 2541/5/1
f 2541/5/1 2539/5/1 2540/5/1
f 2542/2/1 2543/2/1 2545/2/1
f 2545/2/1 2543/2/1 2544/2/1
f 2546/2/1 2547/2/1 2549/2/1
f 2549/2/1 2547/2/1 2548/2/1
f 2550/2/1 2551/2/1 2553/2/1
f 2553/2/1 2551/2/1 2552/2/1
f 2554/2/1 2555/2/1 2557/2/1
f 2557/2/1 2555/2/1 2556/2/1
f 2558/2/1 2559/2/1 2561/2/1
f 2561/2/1 2559/2/1 2560/2/1
f 2562/2/1 2563/2/1 2565/2/1
f 2565/2/1 2563/2/1 2564/2/1
f 2566/2/1 2567/2/1 2569/2/1
f 2569/2/1 2567/2/1 2568/2/1
f 2570/2/1 2571/2/1 2573/2/1
f 2573/2/1 2571/2/1 2572/2/1
f 2571/2/1 2574/2/1 2576/2/1
f 2576/2/1 2574/2/1 2575/2/1
f 2574/1/1 2577/1/1 2579/1/1
f 2579/1/1 2577/1/1 2578/1/1
f 2580/2/1 2581/2/1 2582/2/1
f 2582/2/1 2581/2/1 1979/2/1
f 2583/2/1 2584/2/1 2586/2/1
f 2586/2/1 2584/2/1 2585/2/1
f 2584/2/1 2587/2/1 2589/2/1
f 2589/2/1 2587/2/1 2588/2/1
f 2590/2/1 2591/2/1 2593/2/1
f 2593/2/1 2591/2/1 2592/2/1
f 2594/2/1 2595/2/1 2596/2/1
f 2596/2/1 2595/2/1 1779/2/1
f 2595/2/1 2597/2/1 2599/2/1
f 2599/2/1 2597/2/1 2598/2/1
f 2600/2/1 2601/2/1 2603/2/1
f 2603/2/1 2601/2/1 2602/2/1
f 2601/2/1 2604/2/1 2606/2/1
f 2606/2/1 2604/2/1 2605/2/1
f 2607/2/1 2608/2/1 2609/2/1
f 2609/2/1 2608/2/1 2276/2/1
f 2608/2/1 2610/2/1 2612/2/1
f 2612/2/1 2610/2/1 2611/2/1
f 2613/2/1 2614/2/1 2616/2/1
f 2616/2/1 2614/2/1 2615/2/1
f 2617/2/1 2618/2/1 2620/2/1
f 2620/2/1 2618/2/1 2619/2/1
f 2621/2/1 2622/2/1 2624/2/1
f 2624/2/1 2622/2/1 2623/2/1
f 2625/14/1 2626/14/1 2628/14/1
f 2628/14/1 2626/14/1 2627/14/1
f 2629/14/1 2630/14/1 2632/14/1
f 2632/14/1 2630/14/1 2631/14/1
f 2633/2/1 2634/2/1 2636/2/1
f 2636/2/1 2634/2/1 2635/2/1
f 2637/2/1 2638/2/1 2640/2/1
f 2640/2/1 2638/2/1 2639/2/1
f 2641/1/1 2642/1/1 2644/1/1
f 2644/1/1 2642/1/1 2643/1/1
f 2642/2/1 2645/2/1 2647/2/1
f 2647/2/1 2645/2/1 2646/2/1
f 2638/15/1 2648/15/1 2639/15/1
f 2639/15/1 2648/15/1 2649/15/1
f 2650/2/1 2651/2/1 2653/2/1
f 2653/2/1 2651/2/1 2652/2/1
f 2648/2/1 2654/2/1 2649/2/1
f 2649/2/1 2654/2/1 2655/2/1
f 2656/2/1 2657/2/1 2658/2/1
f 2658/2/1 2657/2/1 2105/2/1
f 2659/12/1 2660/12/1 2662/12/1
f 2662/12/1 2660/12/1 2661/12/1
f 2663/5/1 2664/5/1 2665/5/1
f 2665/5/1 2664/5/1 2486/5/1
f 2660/12/1 2666/12/1 2668/12/1
f 2668/12/1 2666/12/1 2667/12/1
f 2669/5/1 2670/5/1 2672/5/1
f 2672/5/1 2670/5/1 2671/5/1
f 2673/16/1 2674/16/1 2675/16/1
f 2675/16/1 2674/16/1 2396/16/1
f 2676/8/1 2677/8/1 2679/8/1
f 2679/8/1 2677/8/1 2678/8/1
f 2670/5/1 2680/5/1 2682/5/1
f 2682/5/1 2680/5/1 2681/5/1
f 2680/5/1 2683/5/1 2685/5/1
f 2685/5/1 2683/5/1 2684/5/1
f 2686/7/1 2687/7/1 2689/7/1
f 2689/7/1 2687/7/1 2688/7/1
f 2690/5/1 2691/5/1 2692/5/1
f 2692/5/1 2691/5/1 2539/5/1
f 2693/15/2 2694/15/2 2696/15/2
f 2696/15/2 2694/15/2 2695/15/2
f 2697/15/2 2698/15/2 2700/15/2
f 2700/15/2 2698/15/2 2699/15/2
f 2701/15/2 2702/15/2 2704/15/2
f 2704/15/2 2702/15/2 2703/15/2
f 2705/15/2 2706/15/2 2708/15/2
f 2708/15/2 2706/15/2 2707/15/2
f 2709/15/2 2710/15/2 2712/15/2
f 2712/15/2 2710/15/2 2711/15/2
f 2713/15/2 2714/15/2 2716/15/2
f 2716/15/2 2714/15/2 2715/15/2
f 2717/15/2 2718/15/2 2720/15/2
f 2720/15/2 2718/15/2 2719/15/2
f 2721/15/2 2722/15/2 2724/15/2
f 2724/15/2 2722/15/2 2723/15/2
f 2725/15/2 2726/15/2 2728/15/2
f 2728/15/2 2726/15/2 2727/15/2
f 2729/15/2 2730/15/2 2732/15/2
f 2732/15/2 2730/15/2 2731/15/2
f 2733/15/2 2734/15/2 2736/15/2
f 2736/15/2 2734/15/2 2735/15/2
f 2737/15/2 2738/15/2 2740/15/2
f 2740/15/2 2738/15/2 2739/15/2
f 2741/15/2 2742/15/2 2744/15/2
f 2744/15/2 2742/15/2 2743/15/2
f 2745/15/2 2746/15/2 2748/15/2
f 2748/15/2 2746/15/2 2747/15/2
f 2749/15/2 2750/15/2 2752/15/2
f 2752/15/2 2750/15/2 2751/15/2
f 2753/15/2 2754/15/2 2756/15/2
f 2756/15/2 2754/15/2 2755/15/2
f 2757/15/2 2758/15/2 2760/15/2
f 2760/15/2 2758/15/2 2759/15/2
f 2761/15/2 2762/15/2 2764/15/2
f 2764/15/2 2762/15/2 2763/15/2
f 2765/15/2 2766/15/2 2768/15/2
f 2768/15/2 2766/15/2 2767/15/2
f 2769/15/2 2770/15/2 2772/15/2
f 2772/15/2 2770/15/2 2771/15/2
f 2773/15/2 2774/15/2 2776/15/2
f 2776/15/2 2774/15/2 2775/15/2
f 2777/15/2 2778/15/2 2780/15/2
f 2780/15/2 2778/15/2 2779/15/2
f 2781/15/2 2782/15/2 2784/15/2
f 2784/15/2 2782/15/2 2783/15/2
f 2785/15/2 2786/15/2 2788/15/2
f 2788/15/2 2786/15/2 2787/15/2
f 2789/15/2 2790/15/2 2792/15/2
f 2792/15/2 2790/15/2 2791/15/2
f 2793/15/2 2794/15/2 2796/15/2
f 2796/15/2 2794/15/2 2795/15/2
f 2797/15/2 2798/15/2 2800/15/2
f 2800/15/2 2798/15/2 2799/15/2
f 2801/15/2 2802/15/2 2803/15/2
f 2803/15/2 2802/15/2 1501/15/2
f 2804/2/2 1/2/2 2805/2/2
f 2805/2/2 1/2/2 2756/2/2
f 2806/2/2 2807/2/2 2808/2/2
f 2808/2/2 2807/2/2 2792/2/2
f 2809/15/2 2810/15/2 2811/15/2
f 2811/15/2 2810/15/2 2796/15/2
f 2812/17/2 2813/17/2 2815/17/2
f 2815/17/2 2813/17/2 2814/17/2
f 125/17/2 126/17/2 132/17/2
f 132/17/2 126/17/2 135/17/2
f 2816/17/2 2817/17/2 2819/17/2
f 2819/17/2 2817/17/2 2818/17/2
f 2820/15/2 2821/15/2 2823/15/2
f 2823/15/2 2821/15/2 2822/15/2
f 2824/17/2 2825/17/2 2827/17/2
f 2827/17/2 2825/17/2 2826/17/2
f 2828/17/2 2829/17/2 2831/17/2
f 2831/17/2 2829/17/2 2830/17/2
f 186/17/2 2832/17/2 2834/17/2
f 2834/17/2 2832/17/2 2833/17/2
f 2835/17/2 2836/17/2 2838/17/2
f 2838/17/2 2836/17/2 2837/17/2
f 2839/17/2 2840/17/2 2842/17/2
f 2842/17/2 2840/17/2 2841/17/2
f 2843/17/2 2819/17/2 2845/17/2
f 2845/17/2 2819/17/2 2844/17/2
f 2846/15/2 2847/15/2 2849/15/2
f 2849/15/2 2847/15/2 2848/15/2
f 2850/7/2 2851/7/2 221/7/2
f 221/7/2 2851/7/2 2852/7/2
f 2853/17/2 140/17/2 2854/17/2
f 2854/17/2 140/17/2 141/17/2
f 2854/17/2 142/17/2 229/17/2
f 229/17/2 142/17/2 2855/17/2
f 229/17/2 2856/17/2 228/17/2
f 228/17/2 2856/17/2 2857/17/2
f 2858/15/2 2859/15/2 2861/15/2
f 2861/15/2 2859/15/2 2860/15/2
f 236/17/2 2862/17/2 2863/17/2
f 2863/17/2 2862/17/2 144/17/2
f 2864/17/2 2865/17/2 2866/17/2
f 2866/17/2 2865/17/2 148/17/2
f 2867/17/2 2868/17/2 2870/17/2
f 2870/17/2 2868/17/2 2869/17/2
f 2871/17/2 2872/17/2 2873/17/2
f 2873/17/2 2872/17/2 2839/17/2
f 2874/17/2 2842/17/2 2876/17/2
f 2876/17/2 2842/17/2 2875/17/2
f 2877/17/2 2845/17/2 2879/17/2
f 2879/17/2 2845/17/2 2878/17/2
f 2880/17/2 2881/17/2 2883/17/2
f 2883/17/2 2881/17/2 2882/17/2
f 289/17/2 2850/17/2 218/17/2
f 218/17/2 2850/17/2 221/17/2
f 2884/7/2 2885/7/2 2887/7/2
f 2887/7/2 2885/7/2 2886/7/2
f 2888/17/2 2889/17/2 230/17/2
f 230/17/2 2889/17/2 233/17/2
f 394/17/2 2890/17/2 303/17/2
f 303/17/2 2890/17/2 2891/17/2
f 2892/17/2 2893/17/2 2895/17/2
f 2895/17/2 2893/17/2 2894/17/2
f 2895/7/2 2894/7/2 2897/7/2
f 2897/7/2 2894/7/2 2896/7/2
f 2898/17/2 2899/17/2 2901/17/2
f 2901/17/2 2899/17/2 2900/17/2
f 2902/7/2 2903/7/2 2905/7/2
f 2905/7/2 2903/7/2 2904/7/2
f 2906/15/2 2907/15/2 2909/15/2
f 2909/15/2 2907/15/2 2908/15/2
f 2905/17/2 2910/17/2 2912/17/2
f 2912/17/2 2910/17/2 2911/17/2
f 2912/7/2 2913/7/2 2915/7/2
f 2915/7/2 2913/7/2 2914/7/2
f 358/17/2 2883/17/2 357/17/2
f 357/17/2 2883/17/2 2916/17/2
f 2917/15/2 2918/15/2 2920/15/2
f 2920/15/2 2918/15/2 2919/15/2
f 459/7/2 2921/7/2 458/7/2
f 458/7/2 2921/7/2 2922/7/2
f 2923/17/2 2924/17/2 2926/17/2
f 2926/17/2 2924/17/2 2925/17/2
f 2927/17/2 2928/17/2 2929/17/2
f 2929/17/2 2928/17/2 2884/17/2
f 284/17/2 285/17/2 375/17/2
f 375/17/2 285/17/2 2930/17/2
f 388/7/2 2931/7/2 387/7/2
f 387/7/2 2931/7/2 2932/7/2
f 2933/17/2 2934/17/2 2935/17/2
f 2935/17/2 2934/17/2 394/17/2
f 2936/17/2 2937/17/2 2939/17/2
f 2939/17/2 2937/17/2 2938/17/2
f 598/17/2 2940/17/2 304/17/2
f 304/17/2 2940/17/2 307/17/2
f 2941/16/2 2942/16/2 2944/16/2
f 2944/16/2 2942/16/2 2943/16/2
f 430/17/2 234/17/2 429/17/2
f 429/17/2 234/17/2 235/17/2
f 2945/17/2 2946/17/2 2947/17/2
f 2947/17/2 2946/17/2 188/17/2
f 2948/17/2 2949/17/2 2950/17/2
f 2950/17/2 2949/17/2 2898/17/2
f 2950/7/2 2898/7/2 2951/7/2
f 2951/7/2 2898/7/2 2901/7/2
f 2952/2/2 2953/2/2 2954/2/2
f 2954/2/2 2953/2/2 2909/2/2
f 2955/2/2 2956/2/2 336/2/2
f 336/2/2 2956/2/2 339/2/2
f 2957/15/2 2958/15/2 2960/15/2
f 2960/15/2 2958/15/2 2959/15/2
f 2961/2/2 2962/2/2 2964/2/2
f 2964/2/2 2962/2/2 2963/2/2
f 2965/17/2 2966/17/2 2968/17/2
f 2968/17/2 2966/17/2 2967/17/2
f 2969/2/2 2970/2/2 2972/2/2
f 2972/2/2 2970/2/2 2971/2/2
f 2968/17/2 2973/17/2 2975/17/2
f 2975/17/2 2973/17/2 2974/17/2
f 2976/17/2 208/17/2 2977/17/2
f 2977/17/2 208/17/2 209/17/2
f 455/17/2 2978/17/2 454/17/2
f 454/17/2 2978/17/2 2979/17/2
f 2980/15/2 2981/15/2 2983/15/2
f 2983/15/2 2981/15/2 2982/15/2
f 2984/17/2 2985/17/2 2986/17/2
f 2986/17/2 2985/17/2 2923/17/2
f 2986/16/2 2923/16/2 2987/16/2
f 2987/16/2 2923/16/2 2926/16/2
f 2988/14/2 284/14/2 372/14/2
f 372/14/2 284/14/2 375/14/2
f 2989/17/2 2990/17/2 2992/17/2
f 2992/17/2 2990/17/2 2991/17/2
f 479/17/2 2993/17/2 478/17/2
f 478/17/2 2993/17/2 2994/17/2
f 376/7/2 377/7/2 482/7/2
f 482/7/2 377/7/2 2995/7/2
f 492/7/2 2996/7/2 385/7/2
f 385/7/2 2996/7/2 388/7/2
f 496/17/2 2997/17/2 495/17/2
f 495/17/2 2997/17/2 2998/17/2
f 386/7/2 387/7/2 499/7/2
f 499/7/2 387/7/2 2999/7/2
f 3000/17/2 3001/17/2 3002/17/2
f 3002/17/2 3001/17/2 506/17/2
f 3003/16/2 3004/16/2 3005/16/2
f 3005/16/2 3004/16/2 2941/16/2
f 509/17/2 505/17/2 508/17/2
f 508/17/2 505/17/2 3006/17/2
f 400/17/2 401/17/2 3008/17/2
f 3008/17/2 401/17/2 3007/17/2
f 404/17/2 3009/17/2 3011/17/2
f 3011/17/2 3009/17/2 3010/17/2
f 3012/17/2 3013/17/2 3015/17/2
f 3015/17/2 3013/17/2 3014/17/2
f 532/17/2 3016/17/2 531/17/2
f 531/17/2 3016/17/2 3017/17/2
f 3018/15/2 3019/15/2 3021/15/2
f 3021/15/2 3019/15/2 3020/15/2
f 3022/17/2 312/17/2 3023/17/2
f 3023/17/2 312/17/2 313/17/2
f 3024/17/2 3025/17/2 3027/17/2
f 3027/17/2 3025/17/2 3026/17/2
f 3028/17/2 3029/17/2 3031/17/2
f 3031/17/2 3029/17/2 3030/17/2
f 3032/15/2 2952/15/2 3034/15/2
f 3034/15/2 2952/15/2 3033/15/2
f 3035/15/2 2969/15/2 3037/15/2
f 3037/15/2 2969/15/2 3036/15/2
f 3038/7/2 2965/7/2 3039/7/2
f 3039/7/2 2965/7/2 2968/7/2
f 3040/17/2 3041/17/2 3043/17/2
f 3043/17/2 3041/17/2 3042/17/2
f 3044/17/2 3045/17/2 3047/17/2
f 3047/17/2 3045/17/2 3046/17/2
f 3048/7/2 3049/7/2 468/7/2
f 468/7/2 3049/7/2 471/7/2
f 3050/17/2 363/17/2 3051/17/2
f 3051/17/2 363/17/2 2988/17/2
f 3052/17/2 366/17/2 572/17/2
f 572/17/2 366/17/2 367/17/2
f 567/17/2 372/17/2 3053/17/2
f 3053/17/2 372/17/2 373/17/2
f 477/17/2 478/17/2 3055/17/2
f 3055/17/2 478/17/2 3054/17/2
f 481/7/2 482/7/2 3057/7/2
f 3057/7/2 482/7/2 3056/7/2
f 3058/17/2 3059/17/2 3061/17/2
f 3061/17/2 3059/17/2 3060/17/2
f 3062/17/2 3063/17/2 493/17/2
f 493/17/2 3063/17/2 496/17/2
f 487/17/2 488/17/2 684/17/2
f 684/17/2 488/17/2 3064/17/2
f 494/17/2 495/17/2 3066/17/2
f 3066/17/2 495/17/2 3065/17/2
f 498/7/2 499/7/2 3068/7/2
f 3068/7/2 499/7/2 3067/7/2
f 3069/17/2 3003/17/2 3070/17/2
f 3070/17/2 3003/17/2 3005/17/2
f 3070/17/2 2941/17/2 3071/17/2
f 3071/17/2 2941/17/2 2944/17/2
f 3071/16/2 2944/16/2 3073/16/2
f 3073/16/2 2944/16/2 3072/16/2
f 507/17/2 508/17/2 3075/17/2
f 3075/17/2 508/17/2 3074/17/2
f 514/17/2 515/17/2 3077/17/2
f 3077/17/2 515/17/2 3076/17/2
f 623/17/2 3078/17/2 3080/17/2
f 3080/17/2 3078/17/2 3079/17/2
f 3081/17/2 409/17/2 526/17/2
f 526/17/2 409/17/2 3082/17/2
f 3083/17/2 3084/17/2 529/17/2
f 529/17/2 3084/17/2 3016/17/2
f 3085/17/2 415/17/2 3086/17/2
f 3086/17/2 415/17/2 416/17/2
f 3087/17/2 3088/17/2 3089/17/2
f 3089/17/2 3088/17/2 3027/17/2
f 3090/15/2 3091/15/2 3092/15/2
f 3092/15/2 3091/15/2 2952/15/2
f 3093/7/2 3094/7/2 3096/7/2
f 3096/7/2 3094/7/2 3095/7/2
f 3097/17/2 2902/17/2 3098/17/2
f 3098/17/2 2902/17/2 2905/17/2
f 3098/7/2 3099/7/2 3101/7/2
f 3101/7/2 3099/7/2 3100/7/2
f 3102/2/2 2908/2/2 3104/2/2
f 3104/2/2 2908/2/2 3103/2/2
f 3101/17/2 3100/17/2 3105/17/2
f 3105/17/2 3100/17/2 3039/17/2
f 3106/17/2 3107/17/2 3109/17/2
f 3109/17/2 3107/17/2 3108/17/2
f 644/17/2 452/17/2 3110/17/2
f 3110/17/2 452/17/2 453/17/2
f 3111/7/2 3112/7/2 3113/7/2
f 3113/7/2 3112/7/2 456/7/2
f 3114/17/2 3115/17/2 3117/17/2
f 3117/17/2 3115/17/2 3116/17/2
f 3118/17/2 3119/17/2 3121/17/2
f 3121/17/2 3119/17/2 3120/17/2
f 3121/17/2 2987/17/2 3122/17/2
f 3122/17/2 2987/17/2 2989/17/2
f 564/17/2 467/17/2 573/17/2
f 573/17/2 467/17/2 575/17/2
f 3123/17/2 476/17/2 3124/17/2
f 3124/17/2 476/17/2 477/17/2
f 574/7/2 480/7/2 3125/7/2
f 3125/7/2 480/7/2 481/7/2
f 3126/7/2 3127/7/2 3129/7/2
f 3129/7/2 3127/7/2 3128/7/2
f 668/17/2 3130/17/2 667/17/2
f 667/17/2 3130/17/2 486/17/2
f 667/14/2 486/14/2 3131/14/2
f 3131/14/2 486/14/2 487/14/2
f 3132/17/2 3061/17/2 3134/17/2
f 3134/17/2 3061/17/2 3133/17/2
f 676/17/2 497/17/2 686/17/2
f 686/17/2 497/17/2 498/17/2
f 3135/16/2 3136/16/2 3137/16/2
f 3137/16/2 3136/16/2 3004/16/2
f 3138/17/2 3139/17/2 3141/17/2
f 3141/17/2 3139/17/2 3140/17/2
f 3142/17/2 503/17/2 615/17/2
f 615/17/2 503/17/2 504/17/2
f 3137/16/2 3069/16/2 3143/16/2
f 3143/16/2 3069/16/2 3071/16/2
f 605/17/2 606/17/2 3145/17/2
f 3145/17/2 606/17/2 3144/17/2
f 3146/17/2 3147/17/2 3149/17/2
f 3149/17/2 3147/17/2 3148/17/2
f 3150/17/2 3151/17/2 3153/17/2
f 3153/17/2 3151/17/2 3152/17/2
f 3154/17/2 3155/17/2 705/17/2
f 705/17/2 3155/17/2 3156/17/2
f 3157/17/2 3093/17/2 3159/17/2
f 3159/17/2 3093/17/2 3158/17/2
f 3160/2/2 3033/2/2 3161/2/2
f 3161/2/2 3033/2/2 2954/2/2
f 3162/17/2 3098/17/2 3163/17/2
f 3163/17/2 3098/17/2 3101/17/2
f 3161/15/2 3102/15/2 3164/15/2
f 3164/15/2 3102/15/2 3104/15/2
f 3165/7/2 3166/7/2 3168/7/2
f 3168/7/2 3166/7/2 3167/7/2
f 3169/17/2 3170/17/2 3171/17/2
f 3171/17/2 3170/17/2 3105/17/2
f 3172/17/2 3173/17/2 3175/17/2
f 3175/17/2 3173/17/2 3174/17/2
f 3176/15/2 3177/15/2 3179/15/2
f 3179/15/2 3177/15/2 3178/15/2
f 3180/15/2 3181/15/2 3183/15/2
f 3183/15/2 3181/15/2 3182/15/2
f 3184/15/2 3185/15/2 3187/15/2
f 3187/15/2 3185/15/2 3186/15/2
f 3188/17/2 3189/17/2 3191/17/2
f 3191/17/2 3189/17/2 3190/17/2
f 3192/7/2 573/7/2 3193/7/2
f 3193/7/2 573/7/2 574/7/2
f 3194/7/2 3195/7/2 3196/7/2
f 3196/7/2 3195/7/2 579/7/2
f 3196/17/2 579/17/2 669/17/2
f 669/17/2 579/17/2 580/17/2
f 3197/17/2 3198/17/2 3200/17/2
f 3200/17/2 3198/17/2 3199/17/2
f 3201/17/2 3129/17/2 3203/17/2
f 3203/17/2 3129/17/2 3202/17/2
f 3200/16/2 3199/16/2 3204/16/2
f 3204/16/2 3199/16/2 3132/16/2
f 672/17/2 673/17/2 3205/17/2
f 3205/17/2 673/17/2 593/17/2
f 3206/17/2 3207/17/2 3208/17/2
f 3208/17/2 3207/17/2 3134/17/2
f 3209/17/2 3210/17/2 3212/17/2
f 3212/17/2 3210/17/2 3211/17/2
f 3213/7/2 3214/7/2 3216/7/2
f 3216/7/2 3214/7/2 3215/7/2
f 3217/17/2 600/17/2 3218/17/2
f 3218/17/2 600/17/2 601/17/2
f 3219/15/2 3220/15/2 3222/15/2
f 3222/15/2 3220/15/2 3221/15/2
f 3223/17/2 3224/17/2 3226/17/2
f 3226/17/2 3224/17/2 3225/17/2
f 3227/17/2 3228/17/2 744/17/2
f 744/17/2 3228/17/2 3229/17/2
f 3230/17/2 3231/17/2 3232/17/2
f 3232/17/2 3231/17/2 3159/17/2
f 3233/17/2 3234/17/2 719/17/2
f 719/17/2 3234/17/2 722/17/2
f 3235/17/2 3236/17/2 3237/17/2
f 3237/17/2 3236/17/2 3041/17/2
f 757/17/2 3238/17/2 3239/17/2
f 3239/17/2 3238/17/2 3172/17/2
f 3240/7/2 3241/7/2 3243/7/2
f 3243/7/2 3241/7/2 3242/7/2
f 3244/17/2 3200/17/2 3245/17/2
f 3245/17/2 3200/17/2 3204/17/2
f 731/17/2 3131/17/2 3247/17/2
f 3247/17/2 3131/17/2 3246/17/2
f 3248/7/2 677/7/2 3249/7/2
f 3249/7/2 677/7/2 678/7/2
f 3250/17/2 3251/17/2 3253/17/2
f 3253/17/2 3251/17/2 3252/17/2
f 3254/17/2 699/17/2 3256/17/2
f 3256/17/2 699/17/2 3255/17/2
f 3257/17/2 3258/17/2 3259/17/2
f 3259/17/2 3258/17/2 3234/17/2
f 742/17/2 743/17/2 751/17/2
f 751/17/2 743/17/2 754/17/2
f 746/17/2 747/17/2 755/17/2
f 755/17/2 747/17/2 758/17/2
f 3260/17/2 3261/17/2 3262/17/2
f 3262/17/2 3261/17/2 719/17/2
f 3263/17/2 3264/17/2 3265/17/2
f 3265/17/2 3264/17/2 723/17/2
f 3266/7/2 3267/7/2 767/7/2
f 767/7/2 3267/7/2 770/7/2
f 3268/17/2 3269/17/2 3271/17/2
f 3271/17/2 3269/17/2 3270/17/2
f 3272/15/2 3273/15/2 3275/15/2
f 3275/15/2 3273/15/2 3274/15/2
f 3276/7/2 771/7/2 3278/7/2
f 3278/7/2 771/7/2 3277/7/2
f 3279/15/2 3280/15/2 3282/15/2
f 3282/15/2 3280/15/2 3281/15/2
f 810/17/2 3283/17/2 792/17/2
f 792/17/2 3283/17/2 795/17/2
f 3284/17/2 3285/17/2 844/17/2
f 844/17/2 3285/17/2 3286/17/2
f 3287/15/2 3288/15/2 3290/15/2
f 3290/15/2 3288/15/2 3289/15/2
f 3291/17/2 3292/17/2 3293/17/2
f 3293/17/2 3292/17/2 788/17/2
f 3294/7/2 3295/7/2 3297/7/2
f 3297/7/2 3295/7/2 3296/7/2
f 3298/7/2 3299/7/2 3301/7/2
f 3301/7/2 3299/7/2 3300/7/2
f 813/17/2 814/17/2 924/17/2
f 924/17/2 814/17/2 3302/17/2
f 3297/17/2 3296/17/2 3304/17/2
f 3304/17/2 3296/17/2 3303/17/2
f 3305/17/2 3306/17/2 3307/17/2
f 3307/17/2 3306/17/2 796/17/2
f 3308/17/2 801/17/2 887/17/2
f 887/17/2 801/17/2 3309/17/2
f 3310/2/2 3311/2/2 3312/2/2
f 3312/2/2 3311/2/2 2808/2/2
f 3313/15/2 3314/15/2 3316/15/2
f 3316/15/2 3314/15/2 3315/15/2
f 898/17/2 3317/17/2 3318/17/2
f 3318/17/2 3317/17/2 808/17/2
f 902/17/2 3319/17/2 3320/17/2
f 3320/17/2 3319/17/2 3291/17/2
f 3321/17/2 820/17/2 3323/17/2
f 3323/17/2 820/17/2 3322/17/2
f 3324/17/2 3325/17/2 3327/17/2
f 3327/17/2 3325/17/2 3326/17/2
f 3328/17/2 842/17/2 3330/17/2
f 3330/17/2 842/17/2 3329/17/2
f 3331/17/2 846/17/2 3333/17/2
f 3333/17/2 846/17/2 3332/17/2
f 3334/15/2 3335/15/2 3337/15/2
f 3337/15/2 3335/15/2 3336/15/2
f 3338/17/2 3339/17/2 3340/17/2
f 3340/17/2 3339/17/2 856/17/2
f 3341/17/2 3342/17/2 3344/17/2
f 3344/17/2 3342/17/2 3343/17/2
f 3345/17/2 3346/17/2 3348/17/2
f 3348/17/2 3346/17/2 3347/17/2
f 967/17/2 3323/17/2 966/17/2
f 966/17/2 3323/17/2 3349/17/2
f 3350/17/2 3351/17/2 3352/17/2
f 3352/17/2 3351/17/2 872/17/2
f 3353/7/2 3324/7/2 3354/7/2
f 3354/7/2 3324/7/2 3327/7/2
f 3355/17/2 3356/17/2 3357/17/2
f 3357/17/2 3356/17/2 3344/17/2
f 3358/7/2 3345/7/2 3359/7/2
f 3359/7/2 3345/7/2 3348/7/2
f 1025/17/2 3360/17/2 3362/17/2
f 3362/17/2 3360/17/2 3361/17/2
f 3363/17/2 928/17/2 3364/17/2
f 3364/17/2 928/17/2 929/17/2
f 3365/17/2 3353/17/2 3366/17/2
f 3366/17/2 3353/17/2 3354/17/2
f 3367/17/2 3368/17/2 3370/17/2
f 3370/17/2 3368/17/2 3369/17/2
f 3370/17/2 3371/17/2 3373/17/2
f 3373/17/2 3371/17/2 3372/17/2
f 1039/17/2 3374/17/2 3376/17/2
f 3376/17/2 3374/17/2 3375/17/2
f 3377/15/2 3378/15/2 3380/15/2
f 3380/15/2 3378/15/2 3379/15/2
f 1046/15/2 3381/15/2 1045/15/2
f 1045/15/2 3381/15/2 3382/15/2
f 3383/17/2 3384/17/2 1050/17/2
f 1050/17/2 3384/17/2 3385/17/2
f 3386/17/2 3387/17/2 1054/17/2
f 1054/17/2 3387/17/2 3388/17/2
f 3389/17/2 3358/17/2 3390/17/2
f 3390/17/2 3358/17/2 3359/17/2
f 3391/17/2 3364/17/2 1078/17/2
f 1078/17/2 3364/17/2 3392/17/2
f 3393/17/2 3394/17/2 3396/17/2
f 3396/17/2 3394/17/2 3395/17/2
f 1084/17/2 3397/17/2 3398/17/2
f 3398/17/2 3397/17/2 985/17/2
f 3399/17/2 3400/17/2 3401/17/2
f 3401/17/2 3400/17/2 989/17/2
f 3402/15/2 3403/15/2 3405/15/2
f 3405/15/2 3403/15/2 3404/15/2
f 3406/17/2 1006/17/2 1093/17/2
f 1093/17/2 1006/17/2 3407/17/2
f 3408/17/2 3409/17/2 3411/17/2
f 3411/17/2 3409/17/2 3410/17/2
f 3412/17/2 3294/17/2 3413/17/2
f 3413/17/2 3294/17/2 3297/17/2
f 1096/17/2 3414/17/2 3416/17/2
f 3416/17/2 3414/17/2 3415/17/2
f 3417/17/2 3418/17/2 3419/17/2
f 3419/17/2 3418/17/2 3393/17/2
f 3419/7/2 3393/7/2 3420/7/2
f 3420/7/2 3393/7/2 3396/7/2
f 3421/7/2 3422/7/2 3424/7/2
f 3424/7/2 3422/7/2 3423/7/2
f 3425/17/2 1028/17/2 1086/17/2
f 1086/17/2 1028/17/2 1089/17/2
f 3426/17/2 3427/17/2 3429/17/2
f 3429/17/2 3427/17/2 3428/17/2
f 1103/17/2 3430/17/2 3431/17/2
f 3431/17/2 3430/17/2 3399/17/2
f 3432/17/2 1048/17/2 3434/17/2
f 3434/17/2 1048/17/2 3433/17/2
f 3435/17/2 3436/17/2 3438/17/2
f 3438/17/2 3436/17/2 3437/17/2
f 3439/17/2 3440/17/2 3442/17/2
f 3442/17/2 3440/17/2 3441/17/2
f 1099/17/2 1100/17/2 3443/17/2
f 3443/17/2 1100/17/2 1082/17/2
f 3444/15/2 3445/15/2 3447/15/2
f 3447/15/2 3445/15/2 3446/15/2
f 3448/15/2 3449/15/2 3451/15/2
f 3451/15/2 3449/15/2 3450/15/2
f 3452/7/2 3453/7/2 1163/7/2
f 1163/7/2 3453/7/2 3454/7/2
f 1136/17/2 3455/17/2 1135/17/2
f 1135/17/2 3455/17/2 3456/17/2
f 1140/17/2 3457/17/2 1139/17/2
f 1139/17/2 3457/17/2 3458/17/2
f 3459/17/2 3460/17/2 3462/17/2
f 3462/17/2 3460/17/2 3461/17/2
f 1126/7/2 1127/7/2 3464/7/2
f 3464/7/2 1127/7/2 3463/7/2
f 3465/17/2 3466/17/2 3468/17/2
f 3468/17/2 3466/17/2 3467/17/2
f 3469/7/2 1113/7/2 3470/7/2
f 3470/7/2 1113/7/2 1114/7/2
f 1174/17/2 1117/17/2 3471/17/2
f 3471/17/2 1117/17/2 1118/17/2
f 1179/17/2 3472/17/2 1178/17/2
f 1178/17/2 3472/17/2 3473/17/2
f 1183/15/2 3474/15/2 1182/15/2
f 1182/15/2 3474/15/2 3475/15/2
f 3476/17/2 3477/17/2 3479/17/2
f 3479/17/2 3477/17/2 3478/17/2
f 1199/7/2 3480/7/2 1198/7/2
f 1198/7/2 3480/7/2 3481/7/2
f 3482/17/2 3483/17/2 3485/17/2
f 3485/17/2 3483/17/2 3484/17/2
f 3486/17/2 3487/17/2 3488/17/2
f 3488/17/2 3487/17/2 1134/17/2
f 3489/15/2 3490/15/2 3492/15/2
f 3492/15/2 3490/15/2 3491/15/2
f 1252/17/2 3493/17/2 1251/17/2
f 1251/17/2 3493/17/2 3494/17/2
f 3495/7/2 3496/7/2 3498/7/2
f 3498/7/2 3496/7/2 3497/7/2
f 3499/17/2 3500/17/2 3502/17/2
f 3502/17/2 3500/17/2 3501/17/2
f 3503/17/2 3504/17/2 3505/17/2
f 3505/17/2 3504/17/2 1171/17/2
f 1259/17/2 3506/17/2 1200/17/2
f 1200/17/2 3506/17/2 1203/17/2
f 3507/16/2 3482/16/2 3508/16/2
f 3508/16/2 3482/16/2 3485/16/2
f 3508/17/2 3485/17/2 3510/17/2
f 3510/17/2 3485/17/2 3509/17/2
f 3511/17/2 3512/17/2 3514/17/2
f 3514/17/2 3512/17/2 3513/17/2
f 1208/17/2 1209/17/2 1270/17/2
f 1270/17/2 1209/17/2 3515/17/2
f 1270/7/2 3515/7/2 3517/7/2
f 3517/7/2 3515/7/2 3516/7/2
f 3518/17/2 3519/17/2 3521/17/2
f 3521/17/2 3519/17/2 3520/17/2
f 1274/17/2 1172/17/2 1273/17/2
f 1273/17/2 1172/17/2 1173/17/2
f 3522/17/2 3523/17/2 3524/17/2
f 3524/17/2 3523/17/2 3488/17/2
f 3525/17/2 3526/17/2 3528/17/2
f 3528/17/2 3526/17/2 3527/17/2
f 3529/17/2 3530/17/2 1241/17/2
f 1241/17/2 3530/17/2 1244/17/2
f 3531/17/2 3532/17/2 3534/17/2
f 3534/17/2 3532/17/2 3533/17/2
f 1234/17/2 1235/17/2 1304/17/2
f 1304/17/2 1235/17/2 3535/17/2
f 3536/16/2 3537/16/2 3539/16/2
f 3539/16/2 3537/16/2 3538/16/2
f 3540/17/2 3541/17/2 3543/17/2
f 3543/17/2 3541/17/2 3542/17/2
f 3544/17/2 3545/17/2 3547/17/2
f 3547/17/2 3545/17/2 3546/17/2
f 1311/17/2 1192/17/2 1310/17/2
f 1310/17/2 1192/17/2 1193/17/2
f 3547/17/2 3548/17/2 3549/17/2
f 3549/17/2 3548/17/2 3507/17/2
f 1319/14/2 3505/14/2 1318/14/2
f 1318/14/2 3505/14/2 1204/14/2
f 1318/17/2 1204/17/2 3550/17/2
f 3550/17/2 1204/17/2 1205/17/2
f 3551/7/2 3514/7/2 3553/7/2
f 3553/7/2 3514/7/2 3552/7/2
f 3554/17/2 1217/17/2 3555/17/2
f 3555/17/2 1217/17/2 1218/17/2
f 3556/17/2 1221/17/2 3557/17/2
f 3557/17/2 1221/17/2 1222/17/2
f 3558/17/2 3559/17/2 3561/17/2
f 3561/17/2 3559/17/2 3560/17/2
f 1325/7/2 3562/7/2 1324/7/2
f 1324/7/2 3562/7/2 3563/7/2
f 1329/15/2 3564/15/2 1328/15/2
f 1328/15/2 3564/15/2 3565/15/2
f 1337/17/2 3566/17/2 1336/17/2
f 1336/17/2 3566/17/2 3567/17/2
f 1291/17/2 1292/17/2 1347/17/2
f 1347/17/2 1292/17/2 3568/17/2
f 3569/17/2 3570/17/2 1298/17/2
f 1298/17/2 3570/17/2 1301/17/2
f 3571/17/2 3572/17/2 1302/17/2
f 1302/17/2 3572/17/2 1233/17/2
f 3573/17/2 3574/17/2 3576/17/2
f 3576/17/2 3574/17/2 3575/17/2
f 3577/7/2 3578/7/2 1308/7/2
f 1308/7/2 3578/7/2 1311/7/2
f 3579/17/2 3580/17/2 1312/17/2
f 1312/17/2 3580/17/2 1315/17/2
f 3581/17/2 1254/17/2 1316/17/2
f 1316/17/2 1254/17/2 1319/17/2
f 3582/17/2 3549/17/2 3584/17/2
f 3584/17/2 3549/17/2 3583/17/2
f 1313/17/2 1314/17/2 3586/17/2
f 3586/17/2 1314/17/2 3585/17/2
f 3587/7/2 3588/7/2 3590/7/2
f 3590/7/2 3588/7/2 3589/7/2
f 3591/15/2 3592/15/2 3594/15/2
f 3594/15/2 3592/15/2 3593/15/2
f 3595/15/2 3596/15/2 3598/15/2
f 3598/15/2 3596/15/2 3597/15/2
f 3599/17/2 3600/17/2 3602/17/2
f 3602/17/2 3600/17/2 3601/17/2
f 3603/17/2 1286/17/2 3604/17/2
f 3604/17/2 1286/17/2 1287/17/2
f 3604/17/2 1288/17/2 3606/17/2
f 3606/17/2 1288/17/2 3605/17/2
f 3607/17/2 3608/17/2 3609/17/2
f 3609/17/2 3608/17/2 1225/17/2
f 3610/16/2 3611/16/2 3612/16/2
f 3612/16/2 3611/16/2 3536/16/2
f 3613/17/2 3614/17/2 1362/17/2
f 1362/17/2 3614/17/2 1365/17/2
f 3612/17/2 3536/17/2 3615/17/2
f 3615/17/2 3536/17/2 3574/17/2
f 3616/17/2 1302/17/2 1366/17/2
f 1366/17/2 1302/17/2 1368/17/2
f 3615/16/2 3573/16/2 3617/16/2
f 3617/16/2 3573/16/2 3576/16/2
f 3617/16/2 3575/16/2 3618/16/2
f 3618/16/2 3575/16/2 3539/16/2
f 1367/17/2 1303/17/2 3620/17/2
f 3620/17/2 1303/17/2 3619/17/2
f 3621/7/2 1308/7/2 1376/7/2
f 1376/7/2 1308/7/2 1309/7/2
f 3622/17/2 1312/17/2 3623/17/2
f 3623/17/2 1312/17/2 1313/17/2
f 1377/7/2 1320/7/2 3624/7/2
f 3624/7/2 1320/7/2 1321/7/2
f 3625/17/2 3626/17/2 3628/17/2
f 3628/17/2 3626/17/2 3627/17/2
f 1417/17/2 3629/17/2 1416/17/2
f 1416/17/2 3629/17/2 3630/17/2
f 3631/17/2 3632/17/2 3633/17/2
f 3633/17/2 3632/17/2 1357/17/2
f 3634/16/2 3612/16/2 3635/16/2
f 3635/16/2 3612/16/2 3615/16/2
f 1399/17/2 1400/17/2 3636/17/2
f 3636/17/2 1400/17/2 1369/17/2
f 3637/17/2 3638/17/2 3640/17/2
f 3640/17/2 3638/17/2 3639/17/2
f 1405/17/2 3641/17/2 3643/17/2
f 3643/17/2 3641/17/2 3642/17/2
f 3644/7/2 1376/7/2 3645/7/2
f 3645/7/2 1376/7/2 1377/7/2
f 3646/7/2 1386/7/2 3647/7/2
f 3647/7/2 1386/7/2 1387/7/2
f 3648/17/2 1402/17/2 3649/17/2
f 3649/17/2 1402/17/2 1405/17/2
f 1419/17/2 1408/17/2 3651/17/2
f 3651/17/2 1408/17/2 3650/17/2
f 3652/17/2 3653/17/2 3655/17/2
f 3655/17/2 3653/17/2 3654/17/2
f 3656/15/2 3657/15/2 3659/15/2
f 3659/15/2 3657/15/2 3658/15/2
f 3660/15/2 3661/15/2 3663/15/2
f 3663/15/2 3661/15/2 3662/15/2
f 3664/17/2 1421/17/2 1451/17/2
f 1451/17/2 1421/17/2 3665/17/2
f 3666/17/2 3667/17/2 1449/17/2
f 1449/17/2 3667/17/2 1452/17/2
f 3668/17/2 3669/17/2 3671/17/2
f 3671/17/2 3669/17/2 3670/17/2
f 3672/14/2 3673/14/2 3675/14/2
f 3675/14/2 3673/14/2 3674/14/2
f 3676/14/2 3677/14/2 3679/14/2
f 3679/14/2 3677/14/2 3678/14/2
f 3680/14/2 3681/14/2 3683/14/2
f 3683/14/2 3681/14/2 3682/14/2
f 3684/14/2 3685/14/2 1453/14/2
f 1453/14/2 3685/14/2 1456/14/2
f 3686/14/2 3687/14/2 3689/14/2
f 3689/14/2 3687/14/2 3688/14/2
f 3690/15/2 3691/15/2 3693/15/2
f 3693/15/2 3691/15/2 3692/15/2
f 3694/14/2 3695/14/2 3696/14/2
f 3696/14/2 3695/14/2 3673/14/2
f 3697/2/2 3675/2/2 3699/2/2
f 3699/2/2 3675/2/2 3698/2/2
f 3700/2/2 3679/2/2 3701/2/2
f 3701/2/2 3679/2/2 3684/2/2
f 3702/2/2 3703/2/2 3704/2/2
f 3704/2/2 3703/2/2 3686/2/2
f 3705/15/2 3706/15/2 3708/15/2
f 3708/15/2 3706/15/2 3707/15/2
f 3709/1/2 3710/1/2 3712/1/2
f 3712/1/2 3710/1/2 3711/1/2
f 3713/2/2 3714/2/2 3716/2/2
f 3716/2/2 3714/2/2 3715/2/2
f 3716/2/2 3709/2/2 3717/2/2
f 3717/2/2 3709/2/2 3712/2/2
f 3717/2/2 3718/2/2 3720/2/2
f 3720/2/2 3718/2/2 3719/2/2
f 3721/15/2 3722/15/2 3724/15/2
f 3724/15/2 3722/15/2 3723/15/2
f 3725/15/2 1484/15/2 3726/15/2
f 3726/15/2 1484/15/2 1485/15/2
f 3727/2/2 107/2/2 3728/2/2
f 3728/2/2 107/2/2 1/2/2
f 3729/14/2 3730/14/2 3732/14/2
f 3732/14/2 3730/14/2 3731/14/2
f 3732/14/2 3733/14/2 3735/14/2
f 3735/14/2 3733/14/2 3734/14/2
f 3736/14/2 3737/14/2 3739/14/2
f 3739/14/2 3737/14/2 3738/14/2
f 3740/14/2 3741/14/2 3743/14/2
f 3743/14/2 3741/14/2 3742/14/2
f 3744/14/2 3745/14/2 3746/14/2
f 3746/14/2 3745/14/2 1488/14/2
f 3747/14/2 3748/14/2 3750/14/2
f 3750/14/2 3748/14/2 3749/14/2
f 3750/14/2 3751/14/2 3752/14/2
f 3752/14/2 3751/14/2 3689/14/2
f 3753/17/2 3754/17/2 1555/17/2
f 1555/17/2 3754/17/2 3755/17/2
f 3756/17/2 3757/17/2 3758/17/2
f 3758/17/2 3757/17/2 1528/17/2
f 3759/17/2 1533/17/2 1587/17/2
f 1587/17/2 1533/17/2 3760/17/2
f 3761/12/2 3762/12/2 3764/12/2
f 3764/12/2 3762/12/2 3763/12/2
f 1595/12/2 3765/12/2 1594/12/2
f 1594/12/2 3765/12/2 3766/12/2
f 3767/15/2 3768/15/2 3770/15/2
f 3770/15/2 3768/15/2 3769/15/2
f 3771/17/2 3772/17/2 3774/17/2
f 3774/17/2 3772/17/2 3773/17/2
f 3775/17/2 1553/17/2 3777/17/2
f 3777/17/2 1553/17/2 3776/17/2
f 3778/17/2 1557/17/2 3780/17/2
f 3780/17/2 1557/17/2 3779/17/2
f 3781/12/2 3782/12/2 3784/12/2
f 3784/12/2 3782/12/2 3783/12/2
f 3785/12/2 1564/12/2 3786/12/2
f 3786/12/2 1564/12/2 1565/12/2
f 3787/17/2 3788/17/2 3789/17/2
f 3789/17/2 3788/17/2 1572/17/2
f 3790/7/2 3771/7/2 3791/7/2
f 3791/7/2 3771/7/2 3774/7/2
f 3792/12/2 1592/12/2 3793/12/2
f 3793/12/2 1592/12/2 1593/12/2
f 1680/6/2 3794/6/2 1679/6/2
f 1679/6/2 3794/6/2 3795/6/2
f 3796/17/2 1598/17/2 3797/17/2
f 3797/17/2 1598/17/2 1599/17/2
f 3798/17/2 3790/17/2 3799/17/2
f 3799/17/2 3790/17/2 3791/17/2
f 3800/17/2 3801/17/2 3803/17/2
f 3803/17/2 3801/17/2 3802/17/2
f 3803/17/2 3804/17/2 3806/17/2
f 3806/17/2 3804/17/2 3805/17/2
f 1665/17/2 3807/17/2 3809/17/2
f 3809/17/2 3807/17/2 3808/17/2
f 3810/12/2 3811/12/2 3813/12/2
f 3813/12/2 3811/12/2 3812/12/2
f 3814/17/2 3797/17/2 1696/17/2
f 1696/17/2 3797/17/2 3815/17/2
f 3816/17/2 3817/17/2 3819/17/2
f 3819/17/2 3817/17/2 3818/17/2
f 1702/17/2 3820/17/2 3821/17/2
f 3821/17/2 3820/17/2 1641/17/2
f 3822/17/2 3823/17/2 3824/17/2
f 3824/17/2 3823/17/2 1645/17/2
f 3825/2/2 3826/2/2 3828/2/2
f 3828/2/2 3826/2/2 3827/2/2
f 1670/2/2 1671/2/2 3830/2/2
f 3830/2/2 1671/2/2 3829/2/2
f 3831/2/2 3832/2/2 3834/2/2
f 3834/2/2 3832/2/2 3833/2/2
f 3835/2/2 3836/2/2 3838/2/2
f 3838/2/2 3836/2/2 3837/2/2
f 3839/2/2 3840/2/2 3842/2/2
f 3842/2/2 3840/2/2 3841/2/2
f 3843/2/2 3844/2/2 3846/2/2
f 3846/2/2 3844/2/2 3845/2/2
f 3847/2/2 3848/2/2 3850/2/2
f 3850/2/2 3848/2/2 3849/2/2
f 3851/6/2 3852/6/2 3854/6/2
f 3854/6/2 3852/6/2 3853/6/2
f 3855/15/2 3856/15/2 3858/15/2
f 3858/15/2 3856/15/2 3857/15/2
f 1674/2/2 1675/2/2 3860/2/2
f 3860/2/2 1675/2/2 3859/2/2
f 3861/2/2 3862/2/2 3864/2/2
f 3864/2/2 3862/2/2 3863/2/2
f 3865/2/2 3866/2/2 3868/2/2
f 3868/2/2 3866/2/2 3867/2/2
f 3869/2/2 3870/2/2 3872/2/2
f 3872/2/2 3870/2/2 3871/2/2
f 3873/2/2 3874/2/2 1839/2/2
f 1839/2/2 3874/2/2 3875/2/2
f 3876/2/2 3877/2/2 3879/2/2
f 3879/2/2 3877/2/2 3878/2/2
f 3880/2/2 3881/2/2 3883/2/2
f 3883/2/2 3881/2/2 3882/2/2
f 3884/2/2 3885/2/2 3887/2/2
f 3887/2/2 3885/2/2 3886/2/2
f 3888/17/2 3889/17/2 3890/17/2
f 3890/17/2 3889/17/2 3816/17/2
f 3890/7/2 3816/7/2 3891/7/2
f 3891/7/2 3816/7/2 3819/7/2
f 3892/7/2 3893/7/2 3895/7/2
f 3895/7/2 3893/7/2 3894/7/2
f 3896/17/2 1654/17/2 1704/17/2
f 1704/17/2 1654/17/2 1707/17/2
f 3897/17/2 3898/17/2 3900/17/2
f 3900/17/2 3898/17/2 3899/17/2
f 1853/17/2 3901/17/2 3902/17/2
f 3902/17/2 3901/17/2 3822/17/2
f 3903/12/2 3904/12/2 3906/12/2
f 3906/12/2 3904/12/2 3905/12/2
f 3907/2/2 3908/2/2 3910/2/2
f 3910/2/2 3908/2/2 3909/2/2
f 3911/4/2 3912/4/2 3914/4/2
f 3914/4/2 3912/4/2 3913/4/2
f 3915/14/2 3916/14/2 3918/14/2
f 3918/14/2 3916/14/2 3917/14/2
f 3919/3/2 3920/3/2 3922/3/2
f 3922/3/2 3920/3/2 3921/3/2
f 1721/3/2 1722/3/2 3924/3/2
f 3924/3/2 1722/3/2 3923/3/2
f 3925/3/2 3926/3/2 3928/3/2
f 3928/3/2 3926/3/2 3927/3/2
f 3929/3/2 3930/3/2 3932/3/2
f 3932/3/2 3930/3/2 3931/3/2
f 3933/14/2 3834/14/2 3935/14/2
f 3935/14/2 3834/14/2 3934/14/2
f 3936/14/2 3937/14/2 3939/14/2
f 3939/14/2 3937/14/2 3938/14/2
f 3940/4/2 3941/4/2 3943/4/2
f 3943/4/2 3941/4/2 3942/4/2
f 1745/14/2 1746/14/2 3945/14/2
f 3945/14/2 1746/14/2 3944/14/2
f 3946/4/2 3947/4/2 3949/4/2
f 3949/4/2 3947/4/2 3948/4/2
f 3950/14/2 3951/14/2 3953/14/2
f 3953/14/2 3951/14/2 3952/14/2
f 3954/4/2 3955/4/2 3956/4/2
f 3956/4/2 3955/4/2 1681/4/2
f 3957/6/2 1677/6/2 3958/6/2
f 3958/6/2 1677/6/2 1678/6/2
f 3959/14/2 3960/14/2 3962/14/2
f 3962/14/2 3960/14/2 3961/14/2
f 3963/4/2 1682/4/2 3965/4/2
f 3965/4/2 1682/4/2 3964/4/2
f 3966/14/2 3967/14/2 3969/14/2
f 3969/14/2 3967/14/2 3968/14/2
f 3970/4/2 3971/4/2 3973/4/2
f 3973/4/2 3971/4/2 3972/4/2
f 3974/4/2 3975/4/2 3977/4/2
f 3977/4/2 3975/4/2 3976/4/2
f 3978/14/2 3979/14/2 1796/14/2
f 1796/14/2 3979/14/2 1799/14/2
f 3980/4/2 3981/4/2 3983/4/2
f 3983/4/2 3981/4/2 3982/4/2
f 3984/14/2 3985/14/2 1812/14/2
f 1812/14/2 3985/14/2 1815/14/2
f 3986/14/2 3987/14/2 3988/14/2
f 3988/14/2 3987/14/2 3869/14/2
f 3989/14/2 3990/14/2 3992/14/2
f 3992/14/2 3990/14/2 3991/14/2
f 3993/4/2 3994/4/2 3996/4/2
f 3996/4/2 3994/4/2 3995/4/2
f 3997/14/2 3998/14/2 4000/14/2
f 4000/14/2 3998/14/2 3999/14/2
f 4001/3/2 4002/3/2 4004/3/2
f 4004/3/2 4002/3/2 4003/3/2
f 4005/3/2 4006/3/2 4008/3/2
f 4008/3/2 4006/3/2 4007/3/2
f 4009/3/2 4010/3/2 4012/3/2
f 4012/3/2 4010/3/2 4011/3/2
f 4013/3/2 4014/3/2 4016/3/2
f 4016/3/2 4014/3/2 4015/3/2
f 4017/3/2 4018/3/2 4020/3/2
f 4020/3/2 4018/3/2 4019/3/2
f 4021/14/2 4022/14/2 4024/14/2
f 4024/14/2 4022/14/2 4023/14/2
f 4025/14/2 4026/14/2 4028/14/2
f 4028/14/2 4026/14/2 4027/14/2
f 4029/14/2 4030/14/2 4032/14/2
f 4032/14/2 4030/14/2 4031/14/2
f 4033/17/2 4034/17/2 4036/17/2
f 4036/17/2 4034/17/2 4035/17/2
f 1849/17/2 1850/17/2 4037/17/2
f 4037/17/2 1850/17/2 1700/17/2
f 1930/2/2 1733/2/2 4039/2/2
f 4039/2/2 1733/2/2 4038/2/2
f 4040/14/2 4041/14/2 4043/14/2
f 4043/14/2 4041/14/2 4042/14/2
f 4044/14/2 4045/14/2 4047/14/2
f 4047/14/2 4045/14/2 4046/14/2
f 4048/14/2 4049/14/2 4051/14/2
f 4051/14/2 4049/14/2 4050/14/2
f 1864/14/2 1865/14/2 4053/14/2
f 4053/14/2 1865/14/2 4052/14/2
f 4054/14/2 4055/14/2 4057/14/2
f 4057/14/2 4055/14/2 4056/14/2
f 4058/14/2 4059/14/2 4061/14/2
f 4061/14/2 4059/14/2 4060/14/2
f 4062/14/2 4063/14/2 4065/14/2
f 4065/14/2 4063/14/2 4064/14/2
f 4066/1/2 4067/1/2 4069/1/2
f 4069/1/2 4067/1/2 4068/1/2
f 4070/14/2 4071/14/2 4073/14/2
f 4073/14/2 4071/14/2 4072/14/2
f 4074/14/2 4032/14/2 4076/14/2
f 4076/14/2 4032/14/2 4075/14/2
f 4077/2/2 4078/2/2 4080/2/2
f 4080/2/2 4078/2/2 4079/2/2
f 4081/2/2 4082/2/2 4084/2/2
f 4084/2/2 4082/2/2 4083/2/2
f 4085/14/2 4086/14/2 4088/14/2
f 4088/14/2 4086/14/2 4087/14/2
f 4089/5/2 4090/5/2 4092/5/2
f 4092/5/2 4090/5/2 4091/5/2
f 4093/12/2 4094/12/2 4096/12/2
f 4096/12/2 4094/12/2 4095/12/2
f 1942/5/2 4097/5/2 4099/5/2
f 4099/5/2 4097/5/2 4098/5/2
f 4096/12/2 4100/12/2 4102/12/2
f 4102/12/2 4100/12/2 4101/12/2
f 4103/5/2 4104/5/2 4106/5/2
f 4106/5/2 4104/5/2 4105/5/2
f 4102/12/2 4107/12/2 4108/12/2
f 4108/12/2 4107/12/2 3904/12/2
f 4109/5/2 1914/5/2 4111/5/2
f 4111/5/2 1914/5/2 4110/5/2
f 4108/12/2 4112/12/2 4114/12/2
f 4114/12/2 4112/12/2 4113/12/2
f 4114/12/2 4115/12/2 4116/12/2
f 4116/12/2 4115/12/2 3906/12/2
f 4117/5/2 4118/5/2 4120/5/2
f 4120/5/2 4118/5/2 4119/5/2
f 4116/12/2 4121/12/2 4123/12/2
f 4123/12/2 4121/12/2 4122/12/2
f 4124/5/2 4125/5/2 4127/5/2
f 4127/5/2 4125/5/2 4126/5/2
f 4128/3/2 4129/3/2 4131/3/2
f 4131/3/2 4129/3/2 4130/3/2
f 4132/3/2 4133/3/2 4135/3/2
f 4135/3/2 4133/3/2 4134/3/2
f 4136/1/2 4077/1/2 4137/1/2
f 4137/1/2 4077/1/2 4080/1/2
f 4138/5/2 4139/5/2 4140/5/2
f 4140/5/2 4139/5/2 4092/5/2
f 4141/7/2 4142/7/2 4144/7/2
f 4144/7/2 4142/7/2 4143/7/2
f 4145/8/2 4146/8/2 4148/8/2
f 4148/8/2 4146/8/2 4147/8/2
f 4149/8/2 4150/8/2 4152/8/2
f 4152/8/2 4150/8/2 4151/8/2
f 4153/8/2 4154/8/2 4155/8/2
f 4155/8/2 4154/8/2 4124/8/2
f 4156/8/2 4102/8/2 4157/8/2
f 4157/8/2 4102/8/2 4123/8/2
f 4158/7/2 4159/7/2 4161/7/2
f 4161/7/2 4159/7/2 4160/7/2
f 4162/2/2 4163/2/2 4165/2/2
f 4165/2/2 4163/2/2 4164/2/2
f 4166/3/2 1981/3/2 4167/3/2
f 4167/3/2 1981/3/2 1982/3/2
f 4168/15/2 4169/15/2 4171/15/2
f 4171/15/2 4169/15/2 4170/15/2
f 4172/12/2 4173/12/2 4175/12/2
f 4175/12/2 4173/12/2 4174/12/2
f 4176/12/2 4177/12/2 4179/12/2
f 4179/12/2 4177/12/2 4178/12/2
f 4180/15/2 4181/15/2 4183/15/2
f 4183/15/2 4181/15/2 4182/15/2
f 4175/15/2 4174/15/2 4185/15/2
f 4185/15/2 4174/15/2 4184/15/2
f 4186/13/2 4187/13/2 2107/13/2
f 2107/13/2 4187/13/2 4188/13/2
f 4189/15/2 4190/15/2 4192/15/2
f 4192/15/2 4190/15/2 4191/15/2
f 4193/15/2 4194/15/2 4196/15/2
f 4196/15/2 4194/15/2 4195/15/2
f 4197/12/2 4198/12/2 4200/12/2
f 4200/12/2 4198/12/2 4199/12/2
f 4201/16/2 4202/16/2 4204/16/2
f 4204/16/2 4202/16/2 4203/16/2
f 4200/12/2 4205/12/2 4206/12/2
f 4206/12/2 4205/12/2 4094/12/2
f 4207/5/2 4208/5/2 4210/5/2
f 4210/5/2 4208/5/2 4209/5/2
f 4211/13/2 4212/13/2 4214/13/2
f 4214/13/2 4212/13/2 4213/13/2
f 4215/13/2 4156/13/2 4216/13/2
f 4216/13/2 4156/13/2 4157/13/2
f 4217/13/2 4218/13/2 4220/13/2
f 4220/13/2 4218/13/2 4219/13/2
f 4221/2/2 4222/2/2 4224/2/2
f 4224/2/2 4222/2/2 4223/2/2
f 4225/4/2 4226/4/2 4228/4/2
f 4228/4/2 4226/4/2 4227/4/2
f 4229/2/2 4230/2/2 4231/2/2
f 4231/2/2 4230/2/2 2035/2/2
f 4232/2/2 4233/2/2 4235/2/2
f 4235/2/2 4233/2/2 4234/2/2
f 4236/5/2 4237/5/2 4238/5/2
f 4238/5/2 4237/5/2 4208/5/2
f 4239/7/2 4240/7/2 4242/7/2
f 4242/7/2 4240/7/2 4241/7/2
f 4243/7/2 4244/7/2 4246/7/2
f 4246/7/2 4244/7/2 4245/7/2
f 4246/13/2 4245/13/2 4248/13/2
f 4248/13/2 4245/13/2 4247/13/2
f 4249/8/2 4250/8/2 4252/8/2
f 4252/8/2 4250/8/2 4251/8/2
f 4253/13/2 4254/13/2 4256/13/2
f 4256/13/2 4254/13/2 4255/13/2
f 4257/8/2 4258/8/2 4260/8/2
f 4260/8/2 4258/8/2 4259/8/2
f 4261/2/2 4262/2/2 4264/2/2
f 4264/2/2 4262/2/2 4263/2/2
f 4265/9/2 4266/9/2 4268/9/2
f 4268/9/2 4266/9/2 4267/9/2
f 4269/1/2 4270/1/2 4271/1/2
f 4271/1/2 4270/1/2 4216/1/2
f 4272/2/2 4273/2/2 4275/2/2
f 4275/2/2 4273/2/2 4274/2/2
f 4276/1/2 4221/1/2 4277/1/2
f 4277/1/2 4221/1/2 4224/1/2
f 4278/14/2 4279/14/2 4281/14/2
f 4281/14/2 4279/14/2 4280/14/2
f 4282/14/2 4283/14/2 4285/14/2
f 4285/14/2 4283/14/2 4284/14/2
f 4286/12/2 4287/12/2 4288/12/2
f 4288/12/2 4287/12/2 4198/12/2
f 4289/5/2 4290/5/2 4292/5/2
f 4292/5/2 4290/5/2 4291/5/2
f 4293/8/2 4294/8/2 4296/8/2
f 4296/8/2 4294/8/2 4295/8/2
f 4297/10/2 4298/10/2 4300/10/2
f 4300/10/2 4298/10/2 4299/10/2
f 4301/10/2 4302/10/2 4304/10/2
f 4304/10/2 4302/10/2 4303/10/2
f 4305/11/2 4306/11/2 4308/11/2
f 4308/11/2 4306/11/2 4307/11/2
f 4309/2/2 4310/2/2 4312/2/2
f 4312/2/2 4310/2/2 4311/2/2
f 4313/3/2 4314/3/2 4316/3/2
f 4316/3/2 4314/3/2 4315/3/2
f 4317/3/2 4318/3/2 4320/3/2
f 4320/3/2 4318/3/2 4319/3/2
f 4321/3/2 4322/3/2 4324/3/2
f 4324/3/2 4322/3/2 4323/3/2
f 4325/2/2 4136/2/2 4326/2/2
f 4326/2/2 4136/2/2 4137/2/2
f 4327/15/2 4328/15/2 4330/15/2
f 4330/15/2 4328/15/2 4329/15/2
f 4331/5/2 4332/5/2 4334/5/2
f 4334/5/2 4332/5/2 4333/5/2
f 4335/8/2 4336/8/2 4338/8/2
f 4338/8/2 4336/8/2 4337/8/2
f 4339/8/2 4340/8/2 4342/8/2
f 4342/8/2 4340/8/2 4341/8/2
f 4343/1/2 4325/1/2 4344/1/2
f 4344/1/2 4325/1/2 4326/1/2
f 4345/12/2 4346/12/2 4348/12/2
f 4348/12/2 4346/12/2 4347/12/2
f 4349/5/2 4350/5/2 4352/5/2
f 4352/5/2 4350/5/2 4351/5/2
f 4353/8/2 4354/8/2 4356/8/2
f 4356/8/2 4354/8/2 4355/8/2
f 4357/4/2 4358/4/2 4360/4/2
f 4360/4/2 4358/4/2 4359/4/2
f 4361/14/2 4362/14/2 4364/14/2
f 4364/14/2 4362/14/2 4363/14/2
f 4365/2/2 4343/2/2 2372/2/2
f 2372/2/2 4343/2/2 4344/2/2
f 2376/12/2 4366/12/2 2375/12/2
f 2375/12/2 4366/12/2 4367/12/2
f 4368/5/2 4369/5/2 4371/5/2
f 4371/5/2 4369/5/2 4370/5/2
f 4372/2/2 4373/2/2 4375/2/2
f 4375/2/2 4373/2/2 4374/2/2
f 4376/14/2 4377/14/2 4379/14/2
f 4379/14/2 4377/14/2 4378/14/2
f 4380/14/2 4381/14/2 4383/14/2
f 4383/14/2 4381/14/2 4382/14/2
f 4384/1/2 4365/1/2 2369/1/2
f 2369/1/2 4365/1/2 2372/1/2
f 4385/12/2 4386/12/2 2373/12/2
f 2373/12/2 4386/12/2 2376/12/2
f 4387/12/2 4388/12/2 4390/12/2
f 4390/12/2 4388/12/2 4389/12/2
f 2436/13/2 2335/13/2 2435/13/2
f 2435/13/2 2335/13/2 2336/13/2
f 2374/12/2 2375/12/2 4392/12/2
f 4392/12/2 2375/12/2 4391/12/2
f 4393/15/2 4394/15/2 4396/15/2
f 4396/15/2 4394/15/2 4395/15/2
f 4397/5/2 4398/5/2 4400/5/2
f 4400/5/2 4398/5/2 4399/5/2
f 4401/10/2 4402/10/2 4404/10/2
f 4404/10/2 4402/10/2 4403/10/2
f 4405/3/2 4406/3/2 4408/3/2
f 4408/3/2 4406/3/2 4407/3/2
f 4409/12/2 2373/12/2 4410/12/2
f 4410/12/2 2373/12/2 2374/12/2
f 4411/5/2 4412/5/2 4414/5/2
f 4414/5/2 4412/5/2 4413/5/2
f 4415/8/2 4416/8/2 4418/8/2
f 4418/8/2 4416/8/2 4417/8/2
f 4419/3/2 4420/3/2 4422/3/2
f 4422/3/2 4420/3/2 4421/3/2
f 4423/3/2 4424/3/2 4426/3/2
f 4426/3/2 4424/3/2 4425/3/2
f 4427/12/2 4428/12/2 4430/12/2
f 4430/12/2 4428/12/2 4429/12/2
f 4431/5/2 4432/5/2 4434/5/2
f 4434/5/2 4432/5/2 4433/5/2
f 4435/8/2 4414/8/2 4437/8/2
f 4437/8/2 4414/8/2 4436/8/2
f 2533/11/2 4438/11/2 2532/11/2
f 2532/11/2 4438/11/2 4439/11/2
f 4440/4/2 4441/4/2 4443/4/2
f 4443/4/2 4441/4/2 4442/4/2
f 4444/2/2 4384/2/2 4445/2/2
f 4445/2/2 4384/2/2 2369/2/2
f 4446/15/2 4447/15/2 4449/15/2
f 4449/15/2 4447/15/2 4448/15/2
f 4450/8/2 4451/8/2 4453/8/2
f 4453/8/2 4451/8/2 4452/8/2
f 4454/10/2 4455/10/2 4457/10/2
f 4457/10/2 4455/10/2 4456/10/2
f 4458/11/2 4459/11/2 4461/11/2
f 4461/11/2 4459/11/2 4460/11/2
f 4462/2/2 4463/2/2 4465/2/2
f 4465/2/2 4463/2/2 4464/2/2
f 4465/2/2 4466/2/2 4467/2/2
f 4467/2/2 4466/2/2 3910/2/2
f 4468/2/2 4276/2/2 4469/2/2
f 4469/2/2 4276/2/2 4277/2/2
f 4470/14/2 4471/14/2 4473/14/2
f 4473/14/2 4471/14/2 4472/14/2
f 4474/1/2 4475/1/2 4477/1/2
f 4477/1/2 4475/1/2 4476/1/2
f 4477/4/2 4476/4/2 4478/4/2
f 4478/4/2 4476/4/2 4443/4/2
f 4478/4/2 4479/4/2 4481/4/2
f 4481/4/2 4479/4/2 4480/4/2
f 4481/4/2 4482/4/2 4484/4/2
f 4484/4/2 4482/4/2 4483/4/2
f 4484/4/2 4066/4/2 4485/4/2
f 4485/4/2 4066/4/2 4069/4/2
f 4485/4/2 4486/4/2 4488/4/2
f 4488/4/2 4486/4/2 4487/4/2
f 4489/14/2 4490/14/2 4492/14/2
f 4492/14/2 4490/14/2 4491/14/2
f 4493/14/2 4494/14/2 4496/14/2
f 4496/14/2 4494/14/2 4495/14/2
f 4488/2/2 4497/2/2 4499/2/2
f 4499/2/2 4497/2/2 4498/2/2
f 4500/1/2 4444/1/2 4501/1/2
f 4501/1/2 4444/1/2 4445/1/2
f 4499/15/2 4498/15/2 4503/15/2
f 4503/15/2 4498/15/2 4502/15/2
f 4504/2/2 4505/2/2 4507/2/2
f 4507/2/2 4505/2/2 4506/2/2
f 4503/2/2 4502/2/2 4509/2/2
f 4509/2/2 4502/2/2 4508/2/2
f 4510/2/2 4511/2/2 4512/2/2
f 4512/2/2 4511/2/2 4235/2/2
f 4513/12/2 4514/12/2 4516/12/2
f 4516/12/2 4514/12/2 4515/12/2
f 4516/12/2 4517/12/2 4519/12/2
f 4519/12/2 4517/12/2 4518/12/2
f 4520/16/2 4521/16/2 4523/16/2
f 4523/16/2 4521/16/2 4522/16/2
f 4524/5/2 4525/5/2 4527/5/2
f 4527/5/2 4525/5/2 4526/5/2
f 4528/13/2 4529/13/2 4531/13/2
f 4531/13/2 4529/13/2 4530/13/2
f 4532/8/2 4533/8/2 4535/8/2
f 4535/8/2 4533/8/2 4534/8/2
f 4519/8/2 4197/8/2 4536/8/2
f 4536/8/2 4197/8/2 4206/8/2
f 4536/8/2 4093/8/2 4537/8/2
f 4537/8/2 4093/8/2 4102/8/2
f 4537/8/2 4215/8/2 4538/8/2
f 4538/8/2 4215/8/2 4270/8/2
f 4538/8/2 4269/8/2 4539/8/2
f 4539/8/2 4269/8/2 4271/8/2
f 15/15/3 14/15/3 2707/15/3
f 2707/15/3 14/15/3 2708/15/3
f 59/15/3 58/15/3 2751/15/3
f 2751/15/3 58/15/3 2752/15/3
f 138/15/3 4540/15/3 2848/15/3
f 2848/15/3 4540/15/3 2849/15/3
f 335/2/3 346/2/3 3103/2/3
f 3103/2/3 346/2/3 2970/2/3
f 285/17/3 284/17/3 2925/17/3
f 2925/17/3 284/17/3 2926/17/3
f 306/16/3 305/16/3 2943/16/3
f 2943/16/3 305/16/3 2944/16/3
f 345/2/3 344/2/3 2971/2/3
f 2971/2/3 344/2/3 2972/2/3
f 284/16/3 2988/16/3 2926/16/3
f 2926/16/3 2988/16/3 2987/16/3
f 374/17/3 373/17/3 2991/17/3
f 2991/17/3 373/17/3 2992/17/3
f 445/15/3 444/15/3 3036/15/3
f 3036/15/3 444/15/3 3037/15/3
f 488/17/3 487/17/3 3060/17/3
f 3060/17/3 487/17/3 3061/17/3
f 512/16/3 511/16/3 3072/16/3
f 3072/16/3 511/16/3 3073/16/3
f 438/15/3 534/15/3 3032/15/3
f 3032/15/3 534/15/3 3092/15/3
f 443/2/3 543/2/3 3035/2/3
f 3035/2/3 543/2/3 3104/2/3
f 372/17/3 566/17/3 2989/17/3
f 2989/17/3 566/17/3 3122/17/3
f 510/16/3 613/16/3 3071/16/3
f 3071/16/3 613/16/3 3143/16/3
f 543/15/3 635/15/3 3104/15/3
f 3104/15/3 635/15/3 3164/15/3
f 648/15/3 647/15/3 4541/15/3
f 4541/15/3 647/15/3 3179/15/3
f 3131/16/3 732/16/3 3132/16/3
f 3132/16/3 732/16/3 3204/16/3
f 683/17/3 682/17/3 3133/17/3
f 3133/17/3 682/17/3 3208/17/3
f 732/17/3 731/17/3 3204/17/3
f 3204/17/3 731/17/3 3245/17/3
f 794/17/3 793/17/3 3437/17/3
f 3437/17/3 793/17/3 3295/17/3
f 3285/17/3 3284/17/3 3441/17/3
f 3441/17/3 3284/17/3 3427/17/3
f 824/17/3 823/17/3 3303/17/3
f 3303/17/3 823/17/3 3304/17/3
f 843/17/3 3328/17/3 3428/17/3
f 3428/17/3 3328/17/3 3368/17/3
f 4542/17/3 3360/17/3 3347/17/3
f 3347/17/3 3360/17/3 3348/17/3
f 3330/17/3 988/17/3 3369/17/3
f 3369/17/3 988/17/3 3371/17/3
f 3360/7/3 1025/7/3 3348/7/3
f 3348/7/3 1025/7/3 3359/7/3
f 987/17/3 986/17/3 3372/17/3
f 3372/17/3 986/17/3 3373/17/3
f 1025/17/3 1024/17/3 3359/17/3
f 3359/17/3 1024/17/3 3390/17/3
f 995/15/3 4543/15/3 4544/15/3
f 4544/15/3 4543/15/3 3405/15/3
f 1023/17/3 4545/17/3 3389/17/3
f 3389/17/3 4545/17/3 3413/17/3
f 3397/17/3 1083/17/3 3367/17/3
f 3367/17/3 1083/17/3 3429/17/3
f 1100/17/3 1099/17/3 3426/17/3
f 3426/17/3 1099/17/3 3442/17/3
f 1107/15/3 1106/15/3 4546/15/3
f 4546/15/3 1106/15/3 3447/15/3
f 1170/17/3 1169/17/3 3484/17/3
f 3484/17/3 1169/17/3 3485/17/3
f 1255/17/3 3503/17/3 3546/17/3
f 3546/17/3 3503/17/3 3548/17/3
f 1206/17/3 1205/17/3 3509/17/3
f 3509/17/3 1205/17/3 3510/17/3
f 3505/17/3 1319/17/3 3507/17/3
f 3507/17/3 1319/17/3 3549/17/3
f 1318/17/3 1317/17/3 3583/17/3
f 3583/17/3 1317/17/3 3584/17/3
f 1328/15/3 1327/15/3 3593/15/3
f 3593/15/3 1327/15/3 3594/15/3
f 1371/16/3 1370/16/3 3538/16/3
f 3538/16/3 1370/16/3 3618/16/3
f 1400/16/3 1399/16/3 3615/16/3
f 3615/16/3 1399/16/3 3635/16/3
f 3754/17/3 3753/17/3 4035/17/3
f 4035/17/3 3753/17/3 3898/17/3
f 1554/17/3 3775/17/3 3899/17/3
f 3899/17/3 3775/17/3 3801/17/3
f 3777/17/3 1644/17/3 3802/17/3
f 3802/17/3 1644/17/3 3804/17/3
f 1710/12/3 1652/12/3 3905/12/3
f 3905/12/3 1652/12/3 3811/12/3
f 1643/17/3 1642/17/3 3805/17/3
f 3805/17/3 1642/17/3 3806/17/3
f 1649/12/3 1965/12/3 3810/12/3
f 3810/12/3 1965/12/3 4121/12/3
f 3820/17/3 1701/17/3 3800/17/3
f 3800/17/3 1701/17/3 3900/17/3
f 4002/4/3 4001/4/3 4483/4/3
f 4483/4/3 4001/4/3 4067/4/3
f 1850/17/3 1849/17/3 3897/17/3
f 3897/17/3 1849/17/3 4036/17/3
f 1708/12/3 1956/12/3 3903/12/3
f 3903/12/3 1956/12/3 4112/12/3
f 4547/4/3 4548/4/3 4549/4/3
f 4549/4/3 4548/4/3 4169/4/3
f 4173/15/3 4172/15/3 4170/15/3
f 4170/15/3 4172/15/3 4171/15/3
f 2190/12/3 2668/12/3 4286/12/3
f 4286/12/3 2668/12/3 4517/12/3
f 2375/12/3 2374/12/3 4389/12/3
f 4389/12/3 2374/12/3 4390/12/3
f 4550/4/3 4551/4/3 4168/4/3
f 4168/4/3 4551/4/3 4497/4/3
f 2710/15/3 2709/15/3 16/15/3
f 16/15/3 2709/15/3 13/15/3
f 107/15/3 106/15/3 4552/15/3
f 4552/15/3 106/15/3 2800/15/3
f 2823/15/3 4553/15/3 137/15/3
f 137/15/3 4553/15/3 4540/15/3
f 2958/2/3 2957/2/3 254/2/3
f 254/2/3 2957/2/3 333/2/3
f 273/15/3 4554/15/3 2982/15/3
f 2982/15/3 4554/15/3 2983/15/3
f 2993/14/3 479/14/3 375/14/3
f 375/14/3 479/14/3 372/14/3
f 397/17/3 396/17/3 305/17/3
f 305/17/3 396/17/3 4555/17/3
f 478/17/3 477/17/3 373/17/3
f 373/17/3 477/17/3 3053/17/3
f 495/17/3 494/17/3 3064/17/3
f 3064/17/3 494/17/3 684/17/3
f 4556/15/3 3182/15/3 3178/15/3
f 3178/15/3 3182/15/3 4541/15/3
f 494/14/3 3210/14/3 684/14/3
f 684/14/3 3210/14/3 3246/14/3
f 606/17/3 605/17/3 614/17/3
f 614/17/3 605/17/3 612/17/3
f 3210/17/3 4557/17/3 3246/17/3
f 3246/17/3 4557/17/3 3247/17/3
f 4558/15/3 4559/15/3 3274/15/3
f 3274/15/3 4559/15/3 3275/15/3
f 4560/15/3 4561/15/3 3289/15/3
f 3289/15/3 4561/15/3 3290/15/3
f 3299/17/3 3298/17/3 793/17/3
f 793/17/3 3298/17/3 816/17/3
f 802/17/3 3308/17/3 3286/17/3
f 3286/17/3 3308/17/3 841/17/3
f 886/17/3 885/17/3 3329/17/3
f 3329/17/3 885/17/3 3330/17/3
f 4562/7/3 4563/7/3 4542/7/3
f 4542/7/3 4563/7/3 3360/7/3
f 885/7/3 3374/7/3 3330/7/3
f 3330/7/3 3374/7/3 988/7/3
f 894/15/3 3379/15/3 3404/15/3
f 3404/15/3 3379/15/3 4544/15/3
f 3374/17/3 1038/17/3 988/17/3
f 988/17/3 1038/17/3 3398/17/3
f 3380/15/3 4564/15/3 994/15/3
f 994/15/3 4564/15/3 4543/15/3
f 1063/7/3 1062/7/3 1023/7/3
f 1023/7/3 1062/7/3 4545/7/3
f 4565/7/3 4566/7/3 1085/7/3
f 1085/7/3 4566/7/3 1082/7/3
f 1061/17/3 4567/17/3 3412/17/3
f 3412/17/3 4567/17/3 3438/17/3
f 4568/15/3 3450/15/3 3446/15/3
f 3446/15/3 3450/15/3 4546/15/3
f 1151/15/3 4569/15/3 3491/15/3
f 3491/15/3 4569/15/3 3492/15/3
f 3512/14/3 3511/14/3 1169/14/3
f 1169/14/3 3511/14/3 1204/14/3
f 1243/17/3 1242/17/3 1372/17/3
f 1372/17/3 1242/17/3 4570/17/3
f 3514/17/3 3551/17/3 1205/17/3
f 1205/17/3 3551/17/3 3550/17/3
f 4571/15/3 3597/15/3 3565/15/3
f 3565/15/3 3597/15/3 1328/15/3
f 1314/17/3 1313/17/3 1319/17/3
f 1319/17/3 1313/17/3 1316/17/3
f 4572/17/3 4573/17/3 4574/17/3
f 4574/17/3 4573/17/3 3636/17/3
f 4575/15/3 1430/15/3 3658/15/3
f 3658/15/3 1430/15/3 3659/15/3
f 4576/15/3 4577/15/3 3692/15/3
f 3692/15/3 4577/15/3 3693/15/3
f 3675/2/3 3697/2/3 3715/2/3
f 3715/2/3 3697/2/3 3710/2/3
f 4577/15/3 4578/15/3 3707/15/3
f 3707/15/3 4578/15/3 3708/15/3
f 3751/2/3 3749/2/3 3719/2/3
f 3719/2/3 3749/2/3 3720/2/3
f 4579/15/3 3727/15/3 3723/15/3
f 3723/15/3 3727/15/3 3724/15/3
f 1534/17/3 3759/17/3 3755/17/3
f 3755/17/3 3759/17/3 1552/17/3
f 1586/17/3 1585/17/3 3776/17/3
f 3776/17/3 1585/17/3 3777/17/3
f 1585/7/3 3807/7/3 3777/7/3
f 3777/7/3 3807/7/3 1644/7/3
f 3807/17/3 1664/17/3 1644/17/3
f 1644/17/3 1664/17/3 3821/17/3
f 4580/7/3 4581/7/3 1703/7/3
f 1703/7/3 4581/7/3 1700/7/3
f 4250/8/3 4249/8/3 2130/8/3
f 2130/8/3 4249/8/3 2128/8/3
f 4258/8/3 4257/8/3 2144/8/3
f 2144/8/3 4257/8/3 2142/8/3
f 4273/2/3 4272/2/3 2161/2/3
f 2161/2/3 4272/2/3 2159/2/3
f 4230/14/3 4582/14/3 4550/14/3
f 4550/14/3 4582/14/3 2240/14/3
f 67/15/3 66/15/3 2759/15/3
f 2759/15/3 66/15/3 2760/15/3
f 87/15/3 86/15/3 2779/15/3
f 2779/15/3 86/15/3 2780/15/3
f 115/2/3 114/2/3 2756/2/3
f 2756/2/3 114/2/3 2805/2/3
f 118/2/3 4583/2/3 2808/2/3
f 2808/2/3 4583/2/3 4584/2/3
f 220/7/3 219/7/3 2886/7/3
f 2886/7/3 219/7/3 2887/7/3
f 4585/2/3 4586/2/3 4588/2/3
f 4588/2/3 4586/2/3 4587/2/3
f 219/17/3 371/17/3 2930/17/3
f 2930/17/3 371/17/3 375/17/3
f 458/17/3 462/17/3 3116/17/3
f 3116/17/3 462/17/3 4589/17/3
f 377/17/3 376/17/3 2994/17/3
f 2994/17/3 376/17/3 478/17/3
f 387/17/3 386/17/3 2998/17/3
f 2998/17/3 386/17/3 495/17/3
f 505/16/3 509/16/3 398/16/3
f 398/16/3 509/16/3 395/16/3
f 370/17/3 575/17/3 479/17/3
f 479/17/3 575/17/3 476/17/3
f 482/17/3 481/17/3 3054/17/3
f 3054/17/3 481/17/3 3055/17/3
f 385/17/3 491/17/3 496/17/3
f 496/17/3 491/17/3 493/17/3
f 499/17/3 498/17/3 3065/17/3
f 3065/17/3 498/17/3 3066/17/3
f 508/16/3 507/16/3 4555/16/3
f 4555/16/3 507/16/3 510/16/3
f 4590/2/3 4591/2/3 4593/2/3
f 4593/2/3 4591/2/3 4592/2/3
f 457/17/3 4594/17/3 4595/17/3
f 4595/17/3 4594/17/3 3117/17/3
f 480/17/3 574/17/3 477/17/3
f 477/17/3 574/17/3 3124/17/3
f 497/17/3 676/17/3 494/17/3
f 494/17/3 676/17/3 3210/17/3
f 507/17/3 616/17/3 3144/17/3
f 3144/17/3 616/17/3 3145/17/3
f 467/17/3 3242/17/3 3190/17/3
f 3190/17/3 3242/17/3 3191/17/3
f 3214/17/3 3213/17/3 3211/17/3
f 3211/17/3 3213/17/3 3212/17/3
f 675/17/3 4596/17/3 3209/17/3
f 3209/17/3 4596/17/3 4557/17/3
f 4597/2/3 4598/2/3 4600/2/3
f 4600/2/3 4598/2/3 4599/2/3
f 4601/17/3 3277/17/3 3270/17/3
f 3270/17/3 3277/17/3 3271/17/3
f 4602/2/3 4603/2/3 4605/2/3
f 4605/2/3 4603/2/3 4604/2/3
f 790/17/3 789/17/3 795/17/3
f 795/17/3 789/17/3 792/17/3
f 798/7/3 797/7/3 803/7/3
f 803/7/3 797/7/3 800/7/3
f 821/7/3 820/7/3 3300/7/3
f 3300/7/3 820/7/3 3301/7/3
f 847/17/3 846/17/3 3309/17/3
f 3309/17/3 846/17/3 887/17/3
f 820/17/3 3321/17/3 3297/17/3
f 3297/17/3 3321/17/3 3346/17/3
f 846/7/3 3331/7/3 887/7/3
f 887/7/3 3331/7/3 884/7/3
f 3323/17/3 967/17/3 4562/17/3
f 4562/17/3 967/17/3 4563/17/3
f 966/17/3 965/17/3 3361/17/3
f 3361/17/3 965/17/3 3362/17/3
f 991/17/3 990/17/3 3375/17/3
f 3375/17/3 990/17/3 3376/17/3
f 4606/17/3 3415/17/3 1026/17/3
f 1026/17/3 3415/17/3 1023/17/3
f 3400/17/3 3399/17/3 1040/17/3
f 1040/17/3 3399/17/3 1037/17/3
f 3414/17/3 1096/17/3 1064/17/3
f 1064/17/3 1096/17/3 1061/17/3
f 3430/17/3 1103/17/3 4565/17/3
f 4565/17/3 1103/17/3 4566/17/3
f 1096/7/3 1095/7/3 1061/7/3
f 1061/7/3 1095/7/3 4567/7/3
f 1103/17/3 1102/17/3 1082/17/3
f 1082/17/3 1102/17/3 3443/17/3
f 1127/17/3 1126/17/3 3461/17/3
f 3461/17/3 1126/17/3 3462/17/3
f 1125/17/3 1162/17/3 1171/17/3
f 1171/17/3 1162/17/3 1168/17/3
f 1209/17/3 1208/17/3 3513/17/3
f 3513/17/3 1208/17/3 3514/17/3
f 1235/17/3 1234/17/3 1244/17/3
f 1244/17/3 1234/17/3 1241/17/3
f 1270/7/3 1269/7/3 3552/7/3
f 3552/7/3 1269/7/3 3553/7/3
f 1304/16/3 1303/16/3 4570/16/3
f 4570/16/3 1303/16/3 4574/16/3
f 1310/17/3 1309/17/3 1315/17/3
f 1315/17/3 1309/17/3 1312/17/3
f 1265/17/3 1321/17/3 3585/17/3
f 3585/17/3 1321/17/3 3586/17/3
f 1303/16/3 1367/16/3 4572/16/3
f 4572/16/3 1367/16/3 4607/16/3
f 1320/17/3 1377/17/3 1313/17/3
f 1313/17/3 1377/17/3 3623/17/3
f 3677/14/3 3676/14/3 3674/14/3
f 3674/14/3 3676/14/3 3675/14/3
f 3679/2/3 3700/2/3 3698/2/3
f 3698/2/3 3700/2/3 3699/2/3
f 113/2/3 1500/2/3 2804/2/3
f 2804/2/3 1500/2/3 3728/2/3
f 3737/14/3 3736/14/3 3734/14/3
f 3734/14/3 3736/14/3 3735/14/3
f 1455/14/3 1526/14/3 3688/14/3
f 3688/14/3 1526/14/3 3752/14/3
f 1530/7/3 1529/7/3 1535/7/3
f 1535/7/3 1529/7/3 1532/7/3
f 1558/17/3 1557/17/3 3760/17/3
f 3760/17/3 1557/17/3 1587/17/3
f 1557/7/3 3778/7/3 1587/7/3
f 1587/7/3 3778/7/3 1584/7/3
f 1647/17/3 1646/17/3 3808/17/3
f 3808/17/3 1646/17/3 3809/17/3
f 3823/17/3 3822/17/3 1666/17/3
f 1666/17/3 3822/17/3 1663/17/3
f 3901/17/3 1853/17/3 4580/17/3
f 4580/17/3 1853/17/3 4581/17/3
f 3937/3/3 3936/3/3 1751/3/3
f 1751/3/3 3936/3/3 1748/3/3
f 4006/14/3 4005/14/3 1819/14/3
f 1819/14/3 4005/14/3 1816/14/3
f 1853/17/3 1852/17/3 1700/17/3
f 1700/17/3 1852/17/3 4037/17/3
f 1900/14/3 4608/14/3 4547/14/3
f 4547/14/3 4608/14/3 4609/14/3
f 4187/15/3 4186/15/3 4184/15/3
f 4184/15/3 4186/15/3 4185/15/3
f 2102/2/3 2101/2/3 2035/2/3
f 2035/2/3 2101/2/3 4231/2/3
f 2106/2/3 2105/2/3 4234/2/3
f 4234/2/3 2105/2/3 4235/2/3
f 4322/1/3 4321/1/3 2241/1/3
f 2241/1/3 4321/1/3 2238/1/3
f 4610/2/3 4611/2/3 4613/2/3
f 4613/2/3 4611/2/3 4612/2/3
f 4614/12/3 2384/12/3 4367/12/3
f 4367/12/3 2384/12/3 2375/12/3
f 2367/12/3 2366/12/3 2376/12/3
f 2376/12/3 2366/12/3 2373/12/3
f 2383/12/3 2382/12/3 4391/12/3
f 4391/12/3 2382/12/3 4392/12/3
f 2381/12/3 4615/12/3 2374/12/3
f 2374/12/3 4615/12/3 4410/12/3
f 4616/2/3 4617/2/3 4619/2/3
f 4619/2/3 4617/2/3 4618/2/3
f 2655/2/3 2654/2/3 4508/2/3
f 4508/2/3 2654/2/3 4509/2/3
f 4620/2/3 2657/2/3 4621/2/3
f 4621/2/3 2657/2/3 4512/2/3
f 2762/15/3 2761/15/3 68/15/3
f 68/15/3 2761/15/3 65/15/3
f 2782/15/3 2781/15/3 88/15/3
f 88/15/3 2781/15/3 85/15/3
f 170/7/3 169/7/3 2852/7/3
f 2852/7/3 169/7/3 221/7/3
f 169/17/3 217/17/3 221/17/3
f 221/17/3 217/17/3 218/17/3
f 281/7/3 280/7/3 2922/7/3
f 2922/7/3 280/7/3 458/7/3
f 292/7/3 291/7/3 219/7/3
f 219/7/3 291/7/3 371/7/3
f 295/7/3 294/7/3 2932/7/3
f 2932/7/3 294/7/3 387/7/3
f 338/15/3 337/15/3 2959/15/3
f 2959/15/3 337/15/3 2960/15/3
f 361/15/3 360/15/3 2920/15/3
f 2920/15/3 360/15/3 4622/15/3
f 290/17/3 367/17/3 288/17/3
f 288/17/3 367/17/3 369/17/3
f 380/7/3 379/7/3 2995/7/3
f 2995/7/3 379/7/3 482/7/3
f 293/7/3 383/7/3 388/7/3
f 388/7/3 383/7/3 385/7/3
f 391/7/3 390/7/3 2999/7/3
f 2999/7/3 390/7/3 499/7/3
f 401/17/3 400/17/3 3006/17/3
f 3006/17/3 400/17/3 508/17/3
f 4623/14/3 571/14/3 370/14/3
f 370/14/3 571/14/3 575/14/3
f 485/7/3 484/7/3 3056/7/3
f 3056/7/3 484/7/3 3057/7/3
f 502/7/3 501/7/3 3067/7/3
f 3067/7/3 501/7/3 3068/7/3
f 561/7/3 560/7/3 457/7/3
f 457/7/3 560/7/3 4594/7/3
f 571/17/3 570/17/3 575/17/3
f 575/17/3 570/17/3 573/17/3
f 483/7/3 577/7/3 481/7/3
f 481/7/3 577/7/3 3125/7/3
f 585/7/3 584/7/3 490/7/3
f 490/7/3 584/7/3 587/7/3
f 500/17/3 594/17/3 498/17/3
f 498/17/3 594/17/3 686/17/3
f 3147/17/3 3146/17/3 504/17/3
f 504/17/3 3146/17/3 615/17/3
f 576/7/3 659/7/3 574/7/3
f 574/7/3 659/7/3 3193/7/3
f 583/17/3 664/17/3 580/17/3
f 580/17/3 664/17/3 669/17/3
f 673/17/3 672/17/3 588/17/3
f 588/17/3 672/17/3 674/17/3
f 689/7/3 688/7/3 3215/7/3
f 3215/7/3 688/7/3 3216/7/3
f 569/7/3 728/7/3 564/7/3
f 564/7/3 728/7/3 3243/7/3
f 765/7/3 764/7/3 770/7/3
f 770/7/3 764/7/3 767/7/3
f 778/7/3 777/7/3 4601/7/3
f 4601/7/3 777/7/3 3278/7/3
f 806/15/3 805/15/3 4625/15/3
f 4625/15/3 805/15/3 4624/15/3
f 814/17/3 813/17/3 822/17/3
f 822/17/3 813/17/3 819/17/3
f 839/17/3 838/17/3 848/17/3
f 848/17/3 838/17/3 845/17/3
f 923/17/3 927/17/3 3322/17/3
f 3322/17/3 927/17/3 3323/17/3
f 890/17/3 889/17/3 3332/17/3
f 3332/17/3 889/17/3 3333/17/3
f 926/17/3 925/17/3 3349/17/3
f 3349/17/3 925/17/3 966/17/3
f 922/17/3 4626/17/3 967/17/3
f 967/17/3 4626/17/3 964/17/3
f 4627/7/3 1067/7/3 4606/7/3
f 4606/7/3 1067/7/3 3415/7/3
f 983/17/3 4628/17/3 992/17/3
f 992/17/3 4628/17/3 3401/17/3
f 1045/15/3 1044/15/3 998/15/3
f 998/15/3 1044/15/3 4629/15/3
f 1067/17/3 1066/17/3 3415/17/3
f 3415/17/3 1066/17/3 3416/17/3
f 1088/17/3 1087/17/3 3399/17/3
f 3399/17/3 1087/17/3 3431/17/3
f 1123/7/3 1122/7/3 3454/7/3
f 3454/7/3 1122/7/3 4630/7/3
f 1131/7/3 1130/7/3 3463/7/3
f 3463/7/3 1130/7/3 3464/7/3
f 1190/7/3 1189/7/3 1194/7/3
f 1194/7/3 1189/7/3 1192/7/3
f 1202/17/3 1201/17/3 1210/17/3
f 1210/17/3 1201/17/3 1207/17/3
f 1216/7/3 1215/7/3 3516/7/3
f 3516/7/3 1215/7/3 3517/7/3
f 3541/17/3 3540/17/3 3535/17/3
f 3535/17/3 3540/17/3 1304/17/3
f 1200/14/3 4631/14/3 1195/14/3
f 1195/14/3 4631/14/3 1264/14/3
f 1211/7/3 1267/7/3 1208/7/3
f 1208/7/3 1267/7/3 1268/7/3
f 1257/7/3 1306/7/3 1311/7/3
f 1311/7/3 1306/7/3 1308/7/3
f 1364/17/3 1363/17/3 1368/17/3
f 1368/17/3 1363/17/3 1366/17/3
f 1375/7/3 1374/7/3 1309/7/3
f 1309/7/3 1374/7/3 1376/7/3
f 1380/7/3 1379/7/3 1321/7/3
f 1321/7/3 1379/7/3 3624/7/3
f 3638/17/3 3637/17/3 4607/17/3
f 4607/17/3 3637/17/3 4573/17/3
f 1378/7/3 1413/7/3 1377/7/3
f 1377/7/3 1413/7/3 3645/7/3
f 3681/14/3 3680/14/3 3678/14/3
f 3678/14/3 3680/14/3 3679/14/3
f 1482/14/3 1481/14/3 1527/14/3
f 1527/14/3 1481/14/3 1490/14/3
f 1486/15/3 1485/15/3 4632/15/3
f 4632/15/3 1485/15/3 1494/15/3
f 3741/14/3 3740/14/3 3738/14/3
f 3738/14/3 3740/14/3 3739/14/3
f 1523/14/3 1522/14/3 1489/14/3
f 1489/14/3 1522/14/3 1525/14/3
f 1550/17/3 1549/17/3 1559/17/3
f 1559/17/3 1549/17/3 1556/17/3
f 1590/17/3 1589/17/3 3779/17/3
f 3779/17/3 1589/17/3 3780/17/3
f 1639/17/3 4633/17/3 1648/17/3
f 1648/17/3 4633/17/3 3824/17/3
f 1706/17/3 1705/17/3 3822/17/3
f 3822/17/3 1705/17/3 3902/17/3
f 4026/3/3 4025/3/3 1843/3/3
f 1843/3/3 4025/3/3 1840/3/3
f 4049/14/3 4048/14/3 1870/14/3
f 1870/14/3 4048/14/3 1867/14/3
f 4177/15/3 4176/15/3 2038/15/3
f 2038/15/3 4176/15/3 2035/15/3
f 4181/15/3 4180/15/3 2044/15/3
f 2044/15/3 4180/15/3 2041/15/3
f 2137/16/3 4634/16/3 4203/16/3
f 4203/16/3 4634/16/3 4204/16/3
f 2188/14/3 2187/14/3 4229/14/3
f 4229/14/3 2187/14/3 4582/14/3
f 2337/13/3 2336/13/3 4614/13/3
f 4614/13/3 2336/13/3 2384/13/3
f 2435/13/3 2434/13/3 2381/13/3
f 2381/13/3 2434/13/3 4615/13/3
f 2627/14/3 2626/14/3 2640/14/3
f 2640/14/3 2626/14/3 2637/14/3
f 111/15/3 4635/15/3 2799/15/3
f 2799/15/3 4635/15/3 4552/15/3
f 7/15/3 6/15/3 2699/15/3
f 2699/15/3 6/15/3 2700/15/3
f 11/15/3 10/15/3 2703/15/3
f 2703/15/3 10/15/3 2704/15/3
f 19/15/3 18/15/3 2711/15/3
f 2711/15/3 18/15/3 2712/15/3
f 27/15/3 26/15/3 2719/15/3
f 2719/15/3 26/15/3 2720/15/3
f 35/15/3 34/15/3 2727/15/3
f 2727/15/3 34/15/3 2728/15/3
f 43/15/3 42/15/3 2735/15/3
f 2735/15/3 42/15/3 2736/15/3
f 51/15/3 50/15/3 2743/15/3
f 2743/15/3 50/15/3 2744/15/3
f 63/15/3 62/15/3 2755/15/3
f 2755/15/3 62/15/3 2756/15/3
f 71/15/3 70/15/3 2763/15/3
f 2763/15/3 70/15/3 2764/15/3
f 79/15/3 78/15/3 2771/15/3
f 2771/15/3 78/15/3 2772/15/3
f 91/15/3 90/15/3 2783/15/3
f 2783/15/3 90/15/3 2784/15/3
f 95/15/3 94/15/3 2787/15/3
f 2787/15/3 94/15/3 2788/15/3
f 4635/15/3 110/15/3 1501/15/3
f 1501/15/3 110/15/3 2803/15/3
f 103/15/3 122/15/3 2795/15/3
f 2795/15/3 122/15/3 2811/15/3
f 166/15/3 165/15/3 4637/15/3
f 4637/15/3 165/15/3 4636/15/3
f 182/15/3 181/15/3 2860/15/3
f 2860/15/3 181/15/3 2861/15/3
f 277/15/3 276/15/3 2919/15/3
f 2919/15/3 276/15/3 2920/15/3
f 302/17/3 301/17/3 307/17/3
f 307/17/3 301/17/3 304/17/3
f 2962/2/3 2961/2/3 339/2/3
f 339/2/3 2961/2/3 336/2/3
f 300/17/3 393/17/3 506/17/3
f 506/17/3 393/17/3 3002/17/3
f 405/17/3 404/17/3 3007/17/3
f 3007/17/3 404/17/3 3008/17/3
f 425/15/3 424/15/3 3020/15/3
f 3020/15/3 424/15/3 3021/15/3
f 474/7/3 473/7/3 4623/7/3
f 4623/7/3 473/7/3 571/7/3
f 656/15/3 4638/15/3 4639/15/3
f 4639/15/3 4638/15/3 652/15/3
f 591/7/3 590/7/3 595/7/3
f 595/7/3 590/7/3 593/7/3
f 619/17/3 618/17/3 3148/17/3
f 3148/17/3 618/17/3 3149/17/3
f 4638/15/3 655/15/3 3186/15/3
f 3186/15/3 655/15/3 3187/15/3
f 696/15/3 695/15/3 3221/15/3
f 3221/15/3 695/15/3 3222/15/3
f 774/15/3 773/15/3 4641/15/3
f 4641/15/3 773/15/3 4640/15/3
f 782/15/3 781/15/3 3281/15/3
f 3281/15/3 781/15/3 3282/15/3
f 786/15/3 785/15/3 4642/15/3
f 4642/15/3 785/15/3 4625/15/3
f 835/17/3 834/17/3 840/17/3
f 840/17/3 834/17/3 837/17/3
f 854/15/3 853/15/3 3315/15/3
f 3315/15/3 853/15/3 3316/15/3
f 883/17/3 882/17/3 891/17/3
f 891/17/3 882/17/3 888/17/3
f 919/17/3 918/17/3 3302/17/3
f 3302/17/3 918/17/3 921/17/3
f 949/17/3 948/17/3 885/17/3
f 885/17/3 948/17/3 3374/17/3
f 1003/15/3 4643/15/3 3336/15/3
f 3336/15/3 4643/15/3 999/15/3
f 963/7/3 962/7/3 922/7/3
f 922/7/3 962/7/3 4626/7/3
f 947/17/3 979/17/3 984/17/3
f 984/17/3 979/17/3 981/17/3
f 4643/15/3 1002/15/3 3382/15/3
f 3382/15/3 1002/15/3 1045/15/3
f 961/17/3 1021/17/3 4627/17/3
f 4627/17/3 1021/17/3 1067/17/3
f 1042/17/3 1041/17/3 982/17/3
f 982/17/3 1041/17/3 4628/17/3
f 1020/17/3 1060/17/3 1068/17/3
f 1068/17/3 1060/17/3 1065/17/3
f 4644/17/3 1080/17/3 1089/17/3
f 1089/17/3 1080/17/3 1086/17/3
f 1111/15/3 1110/15/3 4646/15/3
f 4646/15/3 1110/15/3 4645/15/3
f 1155/15/3 1154/15/3 3475/15/3
f 3475/15/3 1154/15/3 1182/15/3
f 1251/17/3 1250/17/3 3542/17/3
f 3542/17/3 1250/17/3 3543/17/3
f 1262/7/3 1261/7/3 1200/7/3
f 1200/7/3 1261/7/3 4631/7/3
f 1332/15/3 1331/15/3 4648/15/3
f 4648/15/3 1331/15/3 4647/15/3
f 1356/17/3 1355/17/3 1365/17/3
f 1365/17/3 1355/17/3 1362/17/3
f 1406/17/3 3641/17/3 3619/17/3
f 3619/17/3 3641/17/3 3620/17/3
f 3641/17/3 1405/17/3 3639/17/3
f 3639/17/3 1405/17/3 3640/17/3
f 1435/15/3 4649/15/3 4651/15/3
f 4651/15/3 4649/15/3 4650/15/3
f 4649/15/3 1434/15/3 3662/15/3
f 3662/15/3 1434/15/3 3663/15/3
f 1519/14/3 4652/14/3 1456/14/3
f 1456/14/3 4652/14/3 1453/14/3
f 1463/15/3 1462/15/3 4654/15/3
f 4654/15/3 1462/15/3 4653/15/3
f 4652/14/3 4655/14/3 1483/14/3
f 1483/14/3 4655/14/3 1480/14/3
f 4655/14/3 4656/14/3 1491/14/3
f 1491/14/3 4656/14/3 1488/14/3
f 1498/15/3 1497/15/3 1485/15/3
f 1485/15/3 1497/15/3 3726/15/3
f 4656/14/3 1518/14/3 1524/14/3
f 1524/14/3 1518/14/3 1521/14/3
f 1546/17/3 1545/17/3 1551/17/3
f 1551/17/3 1545/17/3 1548/17/3
f 1583/17/3 1582/17/3 1591/17/3
f 1591/17/3 1582/17/3 1588/17/3
f 1619/17/3 1618/17/3 1585/17/3
f 1585/17/3 1618/17/3 3807/17/3
f 1617/17/3 1635/17/3 1640/17/3
f 1640/17/3 1635/17/3 1637/17/3
f 1668/17/3 1667/17/3 1638/17/3
f 1638/17/3 1667/17/3 4633/17/3
f 4657/17/3 1698/17/3 1707/17/3
f 1707/17/3 1698/17/3 1704/17/3
f 3926/3/3 3925/3/3 1739/3/3
f 1739/3/3 3925/3/3 1736/3/3
f 4010/14/3 4009/14/3 1823/14/3
f 1823/14/3 4009/14/3 1820/14/3
f 4059/14/3 4058/14/3 1882/14/3
f 1882/14/3 4058/14/3 1879/14/3
f 4071/1/3 4070/1/3 1841/1/3
f 1841/1/3 4070/1/3 1898/1/3
f 2046/15/3 2045/15/3 2050/15/3
f 2050/15/3 2045/15/3 2047/15/3
f 2053/15/3 2052/15/3 4191/15/3
f 4191/15/3 2052/15/3 4192/15/3
f 2057/15/3 2056/15/3 4195/15/3
f 4195/15/3 2056/15/3 4196/15/3
f 4266/9/3 4265/9/3 2158/9/3
f 2158/9/3 4265/9/3 2155/9/3
f 4283/1/3 4282/1/3 2189/1/3
f 2189/1/3 4282/1/3 2186/1/3
f 4298/1/3 4297/1/3 2135/1/3
f 2135/1/3 4297/1/3 2197/1/3
f 4302/10/3 4301/10/3 2202/10/3
f 2202/10/3 4301/10/3 2200/10/3
f 2248/15/3 2247/15/3 4329/15/3
f 4329/15/3 2247/15/3 4330/15/3
f 2379/13/3 2378/13/3 2336/13/3
f 2336/13/3 2378/13/3 2435/13/3
f 2387/15/3 2386/15/3 4395/15/3
f 4395/15/3 2386/15/3 4396/15/3
f 2516/15/3 2515/15/3 4448/15/3
f 4448/15/3 2515/15/3 4449/15/3
f 4490/1/3 4489/1/3 2628/1/3
f 2628/1/3 4489/1/3 2625/1/3
f 232/17/3 231/17/3 2891/17/3
f 2891/17/3 231/17/3 303/17/3
f 230/17/3 298/17/3 394/17/3
f 394/17/3 298/17/3 2935/17/3
f 4658/2/3 4659/2/3 2963/2/3
f 2963/2/3 4659/2/3 2964/2/3
f 310/17/3 3076/17/3 3010/17/3
f 3010/17/3 3076/17/3 3011/17/3
f 417/17/3 416/17/3 3014/17/3
f 3014/17/3 416/17/3 3015/17/3
f 470/17/3 469/17/3 475/17/3
f 475/17/3 469/17/3 472/17/3
f 515/17/3 514/17/3 3074/17/3
f 3074/17/3 514/17/3 3075/17/3
f 610/17/3 609/17/3 620/17/3
f 620/17/3 609/17/3 617/17/3
f 679/17/3 678/17/3 593/17/3
f 593/17/3 678/17/3 3205/17/3
f 940/17/3 944/17/3 834/17/3
f 834/17/3 944/17/3 879/17/3
f 870/17/3 960/17/3 4660/17/3
f 4660/17/3 960/17/3 917/17/3
f 946/17/3 945/17/3 882/17/3
f 882/17/3 945/17/3 947/17/3
f 959/17/3 958/17/3 918/17/3
f 918/17/3 958/17/3 961/17/3
f 942/17/3 977/17/3 980/17/3
f 980/17/3 977/17/3 978/17/3
f 957/17/3 1019/17/3 1022/17/3
f 1022/17/3 1019/17/3 1020/17/3
f 976/17/3 1031/17/3 1035/17/3
f 1035/17/3 1031/17/3 1033/17/3
f 1198/17/3 1197/17/3 1203/17/3
f 1203/17/3 1197/17/3 1200/17/3
f 1247/17/3 1246/17/3 1252/17/3
f 1252/17/3 1246/17/3 1249/17/3
f 1300/17/3 1299/17/3 1233/17/3
f 1233/17/3 1299/17/3 1302/17/3
f 1336/17/3 1335/17/3 3601/17/3
f 3601/17/3 1335/17/3 3602/17/3
f 1396/17/3 1395/17/3 1354/17/3
f 1354/17/3 1395/17/3 3633/17/3
f 1410/17/3 1409/17/3 3642/17/3
f 3642/17/3 1409/17/3 3643/17/3
f 1408/17/3 1419/17/3 1405/17/3
f 1405/17/3 1419/17/3 3649/17/3
f 1471/14/3 1470/14/3 1520/14/3
f 1520/14/3 1470/14/3 1479/14/3
f 1515/14/3 1514/14/3 1478/14/3
f 1478/14/3 1514/14/3 1517/14/3
f 1610/17/3 1614/17/3 1545/17/3
f 1545/17/3 1614/17/3 1579/17/3
f 1616/17/3 1615/17/3 1582/17/3
f 1582/17/3 1615/17/3 1617/17/3
f 1612/17/3 1633/17/3 1636/17/3
f 1636/17/3 1633/17/3 1634/17/3
f 1632/17/3 1657/17/3 1661/17/3
f 1661/17/3 1657/17/3 1659/17/3
f 2118/13/3 2117/13/3 4661/13/3
f 4661/13/3 2117/13/3 2135/13/3
f 2329/14/3 4662/14/3 4664/14/3
f 4664/14/3 4662/14/3 4663/14/3
f 2465/3/3 2464/3/3 4666/3/3
f 4666/3/3 2464/3/3 4665/3/3
f 142/17/3 141/17/3 2826/17/3
f 2826/17/3 141/17/3 2827/17/3
f 228/17/3 227/17/3 233/17/3
f 233/17/3 227/17/3 230/17/3
f 2915/15/3 2965/15/3 4658/15/3
f 4658/15/3 2965/15/3 4659/15/3
f 2965/2/3 3038/2/3 334/2/3
f 334/2/3 3038/2/3 443/2/3
f 465/7/3 464/7/3 471/7/3
f 471/7/3 464/7/3 468/7/3
f 3078/17/3 623/17/3 309/17/3
f 309/17/3 623/17/3 3077/17/3
f 531/17/3 530/17/3 416/17/3
f 416/17/3 530/17/3 3086/17/3
f 623/17/3 622/17/3 3152/17/3
f 3152/17/3 622/17/3 3153/17/3
f 692/17/3 691/17/3 601/17/3
f 601/17/3 691/17/3 3218/17/3
f 735/7/3 734/7/3 678/7/3
f 678/7/3 734/7/3 3249/7/3
f 915/17/3 914/17/3 869/17/3
f 869/17/3 914/17/3 960/17/3
f 974/17/3 973/17/3 939/17/3
f 939/17/3 973/17/3 976/17/3
f 1166/7/3 1165/7/3 3481/7/3
f 3481/7/3 1165/7/3 1198/7/3
f 1186/17/3 1185/17/3 3494/17/3
f 3494/17/3 1185/17/3 1251/17/3
f 1227/17/3 1226/17/3 3527/17/3
f 3527/17/3 1226/17/3 3528/17/3
f 1288/17/3 1287/17/3 3567/17/3
f 3567/17/3 1287/17/3 1336/17/3
f 1451/17/3 1450/17/3 3670/17/3
f 3670/17/3 1450/17/3 3671/17/3
f 1630/17/3 1629/17/3 1609/17/3
f 1609/17/3 1629/17/3 1632/17/3
f 3920/14/3 3919/14/3 1727/14/3
f 1727/14/3 3919/14/3 1724/14/3
f 4041/14/3 4040/14/3 1862/14/3
f 1862/14/3 4040/14/3 1859/14/3
f 4063/14/3 4062/14/3 1890/14/3
f 1890/14/3 4062/14/3 1887/14/3
f 1903/14/3 1902/14/3 4072/14/3
f 4072/14/3 1902/14/3 4073/14/3
f 2114/7/3 2113/7/3 2119/7/3
f 2119/7/3 2113/7/3 2116/7/3
f 4262/2/3 4261/2/3 2154/2/3
f 2154/2/3 4261/2/3 2151/2/3
f 4306/10/3 4305/10/3 2206/10/3
f 2206/10/3 4305/10/3 2203/10/3
f 4362/1/3 4361/1/3 2330/1/3
f 2330/1/3 4361/1/3 2327/1/3
f 4424/1/3 4423/1/3 2466/1/3
f 2466/1/3 4423/1/3 2463/1/3
f 224/17/3 179/17/3 2855/17/3
f 2855/17/3 179/17/3 2856/17/3
f 178/17/3 177/17/3 2857/17/3
f 2857/17/3 177/17/3 228/17/3
f 2872/17/3 2871/17/3 2911/17/3
f 2911/17/3 2871/17/3 2913/17/3
f 2842/17/3 2874/17/3 2967/17/3
f 2967/17/3 2874/17/3 2973/17/3
f 176/17/3 223/17/3 229/17/3
f 229/17/3 223/17/3 226/17/3
f 4667/17/3 3041/17/3 2974/17/3
f 2974/17/3 3041/17/3 2975/17/3
f 421/17/3 420/17/3 3017/17/3
f 3017/17/3 420/17/3 531/17/3
f 3236/7/3 4668/7/3 2968/7/3
f 2968/7/3 4668/7/3 3039/7/3
f 409/17/3 3081/17/3 3079/17/3
f 3079/17/3 3081/17/3 3080/17/3
f 419/17/3 527/17/3 532/17/3
f 532/17/3 527/17/3 529/17/3
f 3166/17/3 3165/17/3 3101/17/3
f 3101/17/3 3165/17/3 3163/17/3
f 4668/17/3 4669/17/3 3039/17/3
f 3039/17/3 4669/17/3 3171/17/3
f 739/17/3 738/17/3 3252/17/3
f 3252/17/3 738/17/3 3253/17/3
f 1159/17/3 1158/17/3 3478/17/3
f 3478/17/3 1158/17/3 3479/17/3
f 1349/17/3 4670/17/3 1301/17/3
f 1301/17/3 4670/17/3 1298/17/3
f 1292/17/3 4671/17/3 3605/17/3
f 3605/17/3 4671/17/3 3606/17/3
f 4670/17/3 1348/17/3 1357/17/3
f 1357/17/3 1348/17/3 1354/17/3
f 1447/17/3 1444/17/3 3650/17/3
f 3650/17/3 1444/17/3 3651/17/3
f 1443/17/3 1442/17/3 3665/17/3
f 3665/17/3 1442/17/3 1451/17/3
f 1441/17/3 1446/17/3 1452/17/3
f 1452/17/3 1446/17/3 1449/17/3
f 1754/4/3 1753/4/3 4442/4/3
f 4442/4/3 1753/4/3 4479/4/3
f 4014/14/3 4013/14/3 1827/14/3
f 1827/14/3 4013/14/3 1824/14/3
f 4030/3/3 4029/3/3 1847/3/3
f 1847/3/3 4029/3/3 1844/3/3
f 4055/4/3 4054/4/3 1878/4/3
f 1878/4/3 4054/4/3 1875/4/3
f 4032/1/3 4074/1/3 1845/1/3
f 1845/1/3 4074/1/3 1901/1/3
f 2029/3/3 2028/3/3 2034/3/3
f 2034/3/3 2028/3/3 2031/3/3
f 4212/13/3 4211/13/3 2081/13/3
f 2081/13/3 4211/13/3 2079/13/3
f 2631/14/3 2630/14/3 4491/14/3
f 4491/14/3 2630/14/3 4492/14/3
f 2836/17/3 2835/17/3 2869/17/3
f 2869/17/3 2835/17/3 4672/17/3
f 4673/17/3 4674/17/3 2841/17/3
f 2841/17/3 4674/17/3 2842/17/3
f 210/17/3 209/17/3 2875/17/3
f 2875/17/3 209/17/3 2876/17/3
f 208/7/3 2976/7/3 4667/7/3
f 4667/7/3 2976/7/3 3041/7/3
f 413/17/3 412/17/3 422/17/3
f 422/17/3 412/17/3 419/17/3
f 411/17/3 524/17/3 528/17/3
f 528/17/3 524/17/3 526/17/3
f 3258/17/3 4675/17/3 3159/17/3
f 3159/17/3 4675/17/3 3232/17/3
f 3107/17/3 720/17/3 3040/17/3
f 3040/17/3 720/17/3 3237/17/3
f 1296/17/3 1295/17/3 1350/17/3
f 1350/17/3 1295/17/3 1346/17/3
f 1294/17/3 1342/17/3 1291/17/3
f 1291/17/3 1342/17/3 4671/17/3
f 3941/14/3 3940/14/3 1755/14/3
f 1755/14/3 3940/14/3 1752/14/3
f 1983/3/3 1982/3/3 4609/3/3
f 4609/3/3 1982/3/3 4548/3/3
f 4142/7/3 4141/7/3 1946/7/3
f 1946/7/3 4141/7/3 2009/7/3
f 1981/1/3 4166/1/3 2030/1/3
f 2030/1/3 4166/1/3 2027/1/3
f 4218/13/3 4217/13/3 4213/13/3
f 4213/13/3 4217/13/3 4214/13/3
f 4254/13/3 4253/13/3 4247/13/3
f 4247/13/3 4253/13/3 4248/13/3
f 2363/14/3 4676/14/3 4363/14/3
f 4363/14/3 4676/14/3 4364/14/3
f 4676/14/3 2362/14/3 2328/14/3
f 2328/14/3 2362/14/3 4662/14/3
f 4494/1/3 4493/1/3 2632/1/3
f 2632/1/3 4493/1/3 2629/1/3
f 2819/7/3 2843/7/3 4673/7/3
f 4673/7/3 2843/7/3 4674/7/3
f 2845/17/3 2877/17/3 211/17/3
f 211/17/3 2877/17/3 208/17/3
f 2879/17/3 4677/17/3 209/17/3
f 209/17/3 4677/17/3 2977/17/3
f 4677/17/3 3044/17/3 3042/17/3
f 3042/17/3 3044/17/3 3043/17/3
f 3044/17/3 3174/17/3 3108/17/3
f 3108/17/3 3174/17/3 3109/17/3
f 3173/7/3 3172/7/3 3106/7/3
f 3106/7/3 3172/7/3 721/7/3
f 747/17/3 746/17/3 3233/17/3
f 3233/17/3 746/17/3 3259/17/3
f 3238/17/3 756/17/3 722/17/3
f 722/17/3 756/17/3 3262/17/3
f 1594/12/3 1593/12/3 3783/12/3
f 3783/12/3 1593/12/3 3784/12/3
f 1722/14/3 1721/14/3 1731/14/3
f 1731/14/3 1721/14/3 1728/14/3
f 3990/4/3 3989/4/3 1807/4/3
f 1807/4/3 3989/4/3 1804/4/3
f 1865/4/3 1864/4/3 1874/4/3
f 1874/4/3 1864/4/3 1871/4/3
f 4133/1/3 4132/1/3 1984/1/3
f 1984/1/3 4132/1/3 1981/1/3
f 4159/7/3 4158/7/3 4143/7/3
f 4143/7/3 4158/7/3 4144/7/3
f 4381/1/3 4380/1/3 2364/1/3
f 2364/1/3 4380/1/3 2361/1/3
f 214/17/3 213/17/3 2878/17/3
f 2878/17/3 213/17/3 2879/17/3
f 353/17/3 4678/17/3 3046/17/3
f 3046/17/3 4678/17/3 3047/17/3
f 4679/7/3 4680/7/3 3044/7/3
f 3044/7/3 4680/7/3 3174/7/3
f 725/17/3 724/17/3 3172/17/3
f 3172/17/3 724/17/3 3239/17/3
f 3264/17/3 3263/17/3 758/17/3
f 758/17/3 3263/17/3 755/17/3
f 1622/12/3 1621/12/3 1593/12/3
f 1593/12/3 1621/12/3 3793/12/3
f 3916/4/3 3915/4/3 1723/4/3
f 1723/4/3 3915/4/3 1720/4/3
f 3971/4/3 3970/4/3 3942/4/3
f 3942/4/3 3970/4/3 3943/4/3
f 4018/3/3 4017/3/3 1831/3/3
f 1831/3/3 4017/3/3 1828/3/3
f 4045/4/3 4044/4/3 1866/4/3
f 1866/4/3 4044/4/3 1863/4/3
f 126/17/3 125/17/3 2814/17/3
f 2814/17/3 125/17/3 2815/17/3
f 134/17/3 133/17/3 2818/17/3
f 2818/17/3 133/17/3 2819/17/3
f 4681/7/3 4682/7/3 215/7/3
f 215/7/3 4682/7/3 212/7/3
f 4683/7/3 2978/7/3 2879/7/3
f 2879/7/3 2978/7/3 3045/7/3
f 2978/7/3 455/7/3 354/7/3
f 354/7/3 455/7/3 351/7/3
f 454/17/3 453/17/3 352/17/3
f 352/17/3 453/17/3 4678/17/3
f 452/17/3 644/17/3 4679/17/3
f 4679/17/3 644/17/3 4680/17/3
f 644/17/3 643/17/3 3174/17/3
f 3174/17/3 643/17/3 3175/17/3
f 4684/17/3 760/17/3 726/17/3
f 726/17/3 760/17/3 3265/17/3
f 1566/12/3 1565/12/3 3766/12/3
f 3766/12/3 1565/12/3 1594/12/3
f 3930/3/3 3929/3/3 1743/3/3
f 1743/3/3 3929/3/3 1740/3/3
f 4097/5/3 1942/5/3 4091/5/3
f 4091/5/3 1942/5/3 4092/5/3
f 4146/8/3 4145/8/3 1996/8/3
f 1996/8/3 4145/8/3 1993/8/3
f 4150/8/3 4149/8/3 2004/8/3
f 2004/8/3 4149/8/3 2001/8/3
f 4685/8/3 4686/8/3 4688/8/3
f 4688/8/3 4686/8/3 4687/8/3
f 2122/5/3 2121/5/3 2127/5/3
f 2127/5/3 2121/5/3 2124/5/3
f 162/17/3 161/17/3 2844/17/3
f 2844/17/3 161/17/3 2845/17/3
f 4689/17/3 4690/17/3 4683/17/3
f 4683/17/3 4690/17/3 2978/17/3
f 4691/17/3 558/17/3 455/17/3
f 455/17/3 558/17/3 452/17/3
f 557/17/3 556/17/3 453/17/3
f 453/17/3 556/17/3 3110/17/3
f 4692/17/3 4693/17/3 645/17/3
f 645/17/3 4693/17/3 642/17/3
f 4694/7/3 4695/7/3 4684/7/3
f 4684/7/3 4695/7/3 761/7/3
f 743/17/3 742/17/3 3255/17/3
f 3255/17/3 742/17/3 3256/17/3
f 753/17/3 752/17/3 762/17/3
f 762/17/3 752/17/3 759/17/3
f 4696/12/3 4697/12/3 1565/12/3
f 1565/12/3 4697/12/3 3786/12/3
f 3947/14/3 3946/14/3 1763/14/3
f 1763/14/3 3946/14/3 1760/14/3
f 3975/14/3 3974/14/3 1787/14/3
f 1787/14/3 3974/14/3 1784/14/3
f 3994/14/3 3993/14/3 1811/14/3
f 1811/14/3 3993/14/3 1808/14/3
f 4698/14/3 4699/14/3 4075/14/3
f 4075/14/3 4699/14/3 4076/14/3
f 4699/14/3 4700/14/3 1899/14/3
f 1899/14/3 4700/14/3 4608/14/3
f 4104/5/3 4103/5/3 4098/5/3
f 4098/5/3 4103/5/3 4099/5/3
f 4700/3/3 4701/3/3 4134/3/3
f 4134/3/3 4701/3/3 4135/3/3
f 4701/3/3 4702/3/3 1982/3/3
f 1982/3/3 4702/3/3 4167/3/3
f 4702/14/3 4703/14/3 2103/14/3
f 2103/14/3 4703/14/3 2100/14/3
f 4703/14/3 4704/14/3 4284/14/3
f 4284/14/3 4704/14/3 4285/14/3
f 4704/3/3 4705/3/3 4323/3/3
f 4323/3/3 4705/3/3 4324/3/3
f 4705/3/3 4706/3/3 2239/3/3
f 2239/3/3 4706/3/3 4664/3/3
f 4706/14/3 4707/14/3 4382/14/3
f 4382/14/3 4707/14/3 4383/14/3
f 4707/3/3 4708/3/3 4663/3/3
f 4663/3/3 4708/3/3 4666/3/3
f 4708/3/3 4709/3/3 4425/3/3
f 4425/3/3 4709/3/3 4426/3/3
f 4709/14/3 4710/14/3 4665/14/3
f 4665/14/3 4710/14/3 4551/14/3
f 4710/14/3 4711/14/3 4495/14/3
f 4495/14/3 4711/14/3 4496/14/3
f 130/17/3 129/17/3 135/17/3
f 135/17/3 129/17/3 132/17/3
f 4712/7/3 4713/7/3 163/7/3
f 163/7/3 4713/7/3 160/7/3
f 2881/17/3 2880/17/3 4681/17/3
f 4681/17/3 2880/17/3 4682/17/3
f 2883/7/3 358/7/3 4689/7/3
f 4689/7/3 358/7/3 4690/7/3
f 357/17/3 356/17/3 2979/17/3
f 2979/17/3 356/17/3 454/17/3
f 355/7/3 4714/7/3 4691/7/3
f 4691/7/3 4714/7/3 558/7/3
f 4715/7/3 4716/7/3 4692/7/3
f 4692/7/3 4716/7/3 4693/7/3
f 4717/4/3 4718/4/3 4487/4/3
f 4487/4/3 4718/4/3 4549/4/3
f 1914/5/3 4109/5/3 4105/5/3
f 4105/5/3 4109/5/3 4106/5/3
f 4154/8/3 4153/8/3 2008/8/3
f 2008/8/3 4153/8/3 2005/8/3
f 4222/2/3 4468/2/3 3909/2/3
f 3909/2/3 4468/2/3 4467/2/3
f 4718/4/3 4500/4/3 4698/4/3
f 4698/4/3 4500/4/3 4711/4/3
f 2652/2/3 2651/2/3 4506/2/3
f 4506/2/3 2651/2/3 4507/2/3
f 159/17/3 158/17/3 4712/17/3
f 4712/17/3 158/17/3 4713/17/3
f 553/17/3 270/17/3 2882/17/3
f 2882/17/3 270/17/3 2883/17/3
f 269/17/3 268/17/3 2916/17/3
f 2916/17/3 268/17/3 357/17/3
f 267/17/3 4719/17/3 358/17/3
f 358/17/3 4719/17/3 4714/17/3
f 4719/17/3 552/17/3 558/17/3
f 558/17/3 552/17/3 555/17/3
f 718/17/3 717/17/3 4694/17/3
f 4694/17/3 717/17/3 4695/17/3
f 713/17/3 750/17/3 754/17/3
f 754/17/3 750/17/3 751/17/3
f 3826/2/3 3825/2/3 4223/2/3
f 4223/2/3 3825/2/3 4720/2/3
f 3979/14/3 3978/14/3 1791/14/3
f 1791/14/3 3978/14/3 1788/14/3
f 4022/14/3 4021/14/3 1835/14/3
f 1835/14/3 4021/14/3 1832/14/3
f 4118/5/3 4117/5/3 4110/5/3
f 4110/5/3 4117/5/3 4111/5/3
f 4721/1/3 2164/1/3 4723/1/3
f 4723/1/3 2164/1/3 4722/1/3
f 2295/5/3 2294/5/3 2300/5/3
f 2300/5/3 2294/5/3 2297/5/3
f 2333/2/3 2332/2/3 2653/2/3
f 2653/2/3 2332/2/3 2371/2/3
f 2331/1/3 2647/1/3 2372/1/3
f 2372/1/3 2647/1/3 2369/1/3
f 2646/2/3 2645/2/3 2370/2/3
f 2370/2/3 2645/2/3 2650/2/3
f 206/17/3 349/17/3 554/17/3
f 554/17/3 349/17/3 4724/17/3
f 349/7/3 348/7/3 4724/7/3
f 4724/7/3 348/7/3 4725/7/3
f 348/17/3 640/17/3 4725/17/3
f 4725/17/3 640/17/3 551/17/3
f 640/17/3 639/17/3 4715/17/3
f 4715/17/3 639/17/3 4716/17/3
f 633/17/3 711/17/3 716/17/3
f 716/17/3 711/17/3 713/17/3
f 1671/2/3 1670/2/3 3827/2/3
f 3827/2/3 1670/2/3 3828/2/3
f 1679/6/3 1678/6/3 3853/6/3
f 3853/6/3 1678/6/3 3854/6/3
f 1746/14/3 1745/14/3 1759/14/3
f 1759/14/3 1745/14/3 1756/14/3
f 3985/14/3 3984/14/3 1799/14/3
f 1799/14/3 3984/14/3 1796/14/3
f 1906/2/3 1905/2/3 2334/2/3
f 2334/2/3 1905/2/3 1987/2/3
f 1904/1/3 2245/1/3 1988/1/3
f 1988/1/3 2245/1/3 1985/1/3
f 2084/5/3 2083/5/3 4726/5/3
f 4726/5/3 2083/5/3 2164/5/3
f 2082/1/3 2348/1/3 2165/1/3
f 2165/1/3 2348/1/3 2162/1/3
f 2244/2/3 2243/2/3 1986/2/3
f 1986/2/3 2243/2/3 2283/2/3
f 2242/1/3 2513/1/3 2284/1/3
f 2284/1/3 2513/1/3 2281/1/3
f 2347/5/3 4727/5/3 2163/5/3
f 2163/5/3 4727/5/3 4728/5/3
f 2512/2/3 2511/2/3 2282/2/3
f 2282/2/3 2511/2/3 2643/2/3
f 2510/1/3 4729/1/3 2644/1/3
f 2644/1/3 4729/1/3 2641/1/3
f 248/17/3 252/17/3 195/17/3
f 195/17/3 252/17/3 192/17/3
f 258/17/3 4730/17/3 199/17/3
f 199/17/3 4730/17/3 196/17/3
f 202/7/3 201/7/3 207/7/3
f 207/7/3 201/7/3 204/7/3
f 266/17/3 265/17/3 205/17/3
f 205/17/3 265/17/3 349/17/3
f 264/17/3 343/17/3 350/17/3
f 350/17/3 343/17/3 347/17/3
f 343/7/3 4731/7/3 347/7/3
f 347/7/3 4731/7/3 450/7/3
f 549/17/3 548/17/3 451/17/3
f 451/17/3 548/17/3 640/17/3
f 547/17/3 637/17/3 641/17/3
f 641/17/3 637/17/3 638/17/3
f 3770/6/3 4732/6/3 4696/6/3
f 4696/6/3 4732/6/3 4697/6/3
f 4732/6/3 3857/6/3 3795/6/3
f 3795/6/3 3857/6/3 1679/6/3
f 3832/2/3 3831/2/3 3829/2/3
f 3829/2/3 3831/2/3 3830/2/3
f 3834/14/3 3933/14/3 1747/14/3
f 1747/14/3 3933/14/3 1744/14/3
f 3858/6/3 4733/6/3 1678/6/3
f 1678/6/3 4733/6/3 3958/6/3
f 3998/14/3 3997/14/3 1815/14/3
f 1815/14/3 3997/14/3 1812/14/3
f 2417/5/3 2421/5/3 2085/5/3
f 2085/5/3 2421/5/3 2345/5/3
f 2391/5/3 2390/5/3 2400/5/3
f 2400/5/3 2390/5/3 2397/5/3
f 2403/5/3 2402/5/3 2408/5/3
f 2408/5/3 2402/5/3 2405/5/3
f 2431/2/3 2430/2/3 1907/2/3
f 1907/2/3 2430/2/3 2469/2/3
f 2429/1/3 2636/1/3 2470/1/3
f 2470/1/3 2636/1/3 2467/1/3
f 2635/2/3 2634/2/3 2468/2/3
f 2468/2/3 2634/2/3 4729/2/3
f 262/17/3 261/17/3 201/17/3
f 201/17/3 261/17/3 264/17/3
f 260/17/3 331/17/3 257/17/3
f 257/17/3 331/17/3 340/17/3
f 448/17/3 447/17/3 343/17/3
f 343/17/3 447/17/3 4731/17/3
f 446/17/3 546/17/3 550/17/3
f 550/17/3 546/17/3 547/17/3
f 1570/15/3 1569/15/3 3769/15/3
f 3769/15/3 1569/15/3 3770/15/3
f 1569/12/3 1597/12/3 3770/12/3
f 3770/12/3 1597/12/3 4732/12/3
f 3836/2/3 3835/2/3 3833/2/3
f 3833/2/3 3835/2/3 3834/2/3
f 3955/4/3 3954/4/3 1775/4/3
f 1775/4/3 3954/4/3 1772/4/3
f 1597/15/3 3963/15/3 4732/15/3
f 4732/15/3 3963/15/3 4733/15/3
f 3967/4/3 3966/4/3 1783/4/3
f 1783/4/3 3966/4/3 1780/4/3
f 2236/2/3 2235/2/3 2432/2/3
f 2432/2/3 2235/2/3 2279/2/3
f 2234/1/3 2624/1/3 2280/1/3
f 2280/1/3 2624/1/3 2277/1/3
f 2443/5/3 2442/5/3 2410/5/3
f 2410/5/3 2442/5/3 2445/5/3
f 2623/2/3 2622/2/3 2278/2/3
f 2278/2/3 2622/2/3 2633/2/3
f 3840/2/3 3839/2/3 3837/2/3
f 3837/2/3 3839/2/3 3838/2/3
f 1685/2/3 1684/2/3 2237/2/3
f 2237/2/3 1684/2/3 1838/2/3
f 3951/14/3 3950/14/3 1767/14/3
f 1767/14/3 3950/14/3 1764/14/3
f 3987/14/3 3986/14/3 1803/14/3
f 1803/14/3 3986/14/3 1800/14/3
f 2485/5/3 2484/5/3 2490/5/3
f 2490/5/3 2484/5/3 2487/5/3
f 2493/5/3 2492/5/3 2447/5/3
f 2447/5/3 2492/5/3 2495/5/3
f 2619/2/3 2618/2/3 1837/2/3
f 1837/2/3 2618/2/3 2621/2/3
f 3844/2/3 3843/2/3 3841/2/3
f 3841/2/3 3843/2/3 3842/2/3
f 2184/2/3 4734/2/3 1686/2/3
f 1686/2/3 4734/2/3 1683/2/3
f 3960/14/3 3959/14/3 1771/14/3
f 1771/14/3 3959/14/3 1768/14/3
f 4734/2/3 4735/2/3 1839/2/3
f 1839/2/3 4735/2/3 1836/2/3
f 4735/2/3 2183/2/3 2620/2/3
f 2620/2/3 2183/2/3 2232/2/3
f 2182/1/3 2616/1/3 2233/1/3
f 2233/1/3 2616/1/3 2230/1/3
f 2671/5/3 2682/5/3 2525/5/3
f 2525/5/3 2682/5/3 2522/5/3
f 2684/5/3 4736/5/3 2537/5/3
f 2537/5/3 4736/5/3 2534/5/3
f 2615/2/3 2614/2/3 2231/2/3
f 2231/2/3 2614/2/3 2617/2/3
f 3848/2/3 3847/2/3 3845/2/3
f 3845/2/3 3847/2/3 3846/2/3
f 1896/2/3 1895/2/3 2185/2/3
f 2185/2/3 1895/2/3 1937/2/3
f 4737/1/3 4738/1/3 1935/1/3
f 1935/1/3 4738/1/3 1932/1/3
f 1974/2/3 2576/2/3 2022/2/3
f 2022/2/3 2576/2/3 2019/2/3
f 2275/2/3 2274/2/3 1936/2/3
f 1936/2/3 2274/2/3 2325/2/3
f 2273/2/3 2612/2/3 2326/2/3
f 2326/2/3 2612/2/3 2323/2/3
f 2611/2/3 2610/2/3 2324/2/3
f 2324/2/3 2610/2/3 2613/2/3
f 4739/8/3 4740/8/3 2692/8/3
f 2692/8/3 4740/8/3 2690/8/3
f 1675/2/3 1674/2/3 3849/2/3
f 3849/2/3 1674/2/3 3850/2/3
f 1892/2/3 1891/2/3 1897/2/3
f 1897/2/3 1891/2/3 1894/2/3
f 2023/1/3 2603/1/3 2099/1/3
f 2099/1/3 2603/1/3 2096/1/3
f 2025/2/3 2427/2/3 2609/2/3
f 2609/2/3 2427/2/3 2461/2/3
f 2426/2/3 2606/2/3 2462/2/3
f 2462/2/3 2606/2/3 2459/2/3
f 2605/2/3 2604/2/3 2460/2/3
f 2460/2/3 2604/2/3 2607/2/3
f 2688/7/3 2687/7/3 4739/7/3
f 4739/7/3 2687/7/3 4740/7/3
f 1778/2/3 1777/2/3 1893/2/3
f 1893/2/3 1777/2/3 1885/2/3
f 1776/2/3 2599/2/3 1886/2/3
f 1886/2/3 2599/2/3 1883/2/3
f 2598/2/3 4741/2/3 4737/2/3
f 4737/2/3 4741/2/3 4738/2/3
f 4741/2/3 2597/2/3 2026/2/3
f 2026/2/3 2597/2/3 2600/2/3
f 2592/2/3 2591/2/3 2596/2/3
f 2596/2/3 2591/2/3 2594/2/3
f 60/15/4 2750/15/4 57/15/4
f 57/15/4 2750/15/4 2749/15/4
f 76/15/4 2770/15/4 73/15/4
f 73/15/4 2770/15/4 2769/15/4
f 84/15/4 2778/15/4 81/15/4
f 81/15/4 2778/15/4 2777/15/4
f 100/15/4 2794/15/4 97/15/4
f 97/15/4 2794/15/4 2793/15/4
f 139/15/4 2847/15/4 4742/15/4
f 4742/15/4 2847/15/4 2846/15/4
f 256/15/4 2907/15/4 253/15/4
f 253/15/4 2907/15/4 2906/15/4
f 286/17/4 2924/17/4 283/17/4
f 283/17/4 2924/17/4 2923/17/4
f 307/16/4 2942/16/4 304/16/4
f 304/16/4 2942/16/4 2941/16/4
f 325/2/4 2953/2/4 323/2/4
f 323/2/4 2953/2/4 2952/2/4
f 365/17/4 2985/17/4 363/17/4
f 363/17/4 2985/17/4 2984/17/4
f 375/17/4 2990/17/4 372/17/4
f 372/17/4 2990/17/4 2989/17/4
f 2988/17/4 2987/17/4 3051/17/4
f 3051/17/4 2987/17/4 3120/17/4
f 489/17/4 3059/17/4 486/17/4
f 486/17/4 3059/17/4 3058/17/4
f 535/15/4 3091/15/4 533/15/4
f 533/15/4 3091/15/4 3090/15/4
f 568/17/4 3119/17/4 565/17/4
f 565/17/4 3119/17/4 3118/17/4
f 487/17/4 3061/17/4 3131/17/4
f 3131/17/4 3061/17/4 3132/17/4
f 599/16/4 3136/16/4 596/16/4
f 596/16/4 3136/16/4 3135/16/4
f 439/2/4 3034/2/4 631/2/4
f 631/2/4 3034/2/4 3160/2/4
f 649/15/4 4743/15/4 646/15/4
f 646/15/4 4743/15/4 3176/15/4
f 668/17/4 3198/17/4 665/17/4
f 665/17/4 3198/17/4 3197/17/4
f 3246/17/4 3207/17/4 681/17/4
f 681/17/4 3207/17/4 3206/17/4
f 666/17/4 3200/17/4 730/17/4
f 730/17/4 3200/17/4 3244/17/4
f 795/17/4 3436/17/4 792/17/4
f 792/17/4 3436/17/4 3410/17/4
f 4744/17/4 3394/17/4 874/17/4
f 874/17/4 3394/17/4 3326/17/4
f 811/17/4 3409/17/4 3318/17/4
f 3318/17/4 3409/17/4 3343/17/4
f 875/17/4 3325/17/4 872/17/4
f 872/17/4 3325/17/4 3324/17/4
f 899/17/4 3342/17/4 896/17/4
f 896/17/4 3342/17/4 3341/17/4
f 872/7/4 3324/7/4 3352/7/4
f 3352/7/4 3324/7/4 3353/7/4
f 897/17/4 3356/17/4 3384/17/4
f 3384/17/4 3356/17/4 3355/17/4
f 3352/17/4 3353/17/4 4745/17/4
f 4745/17/4 3353/17/4 3365/17/4
f 996/15/4 4746/15/4 4747/15/4
f 4747/15/4 4746/15/4 3402/15/4
f 3385/17/4 3357/17/4 1047/17/4
f 1047/17/4 3357/17/4 3408/17/4
f 1072/17/4 3418/17/4 1069/17/4
f 1069/17/4 3418/17/4 3417/17/4
f 3433/17/4 3411/17/4 3434/17/4
f 3434/17/4 3411/17/4 3435/17/4
f 1073/17/4 3420/17/4 1098/17/4
f 1098/17/4 3420/17/4 3439/17/4
f 1108/15/4 4748/15/4 1105/15/4
f 1105/15/4 4748/15/4 3444/15/4
f 1171/17/4 3483/17/4 1168/17/4
f 1168/17/4 3483/17/4 3482/17/4
f 1168/16/4 3482/16/4 3505/16/4
f 3505/16/4 3482/16/4 3507/16/4
f 1232/16/4 3537/16/4 1229/16/4
f 1229/16/4 3537/16/4 3536/16/4
f 1256/17/4 3545/17/4 1253/17/4
f 1253/17/4 3545/17/4 3544/17/4
f 1319/17/4 3549/17/4 1316/17/4
f 1316/17/4 3549/17/4 3582/17/4
f 1329/15/4 3592/15/4 1326/15/4
f 1326/15/4 3592/15/4 3591/15/4
f 1353/16/4 3611/16/4 1351/16/4
f 1351/16/4 3611/16/4 3610/16/4
f 1352/16/4 3612/16/4 1398/16/4
f 1398/16/4 3612/16/4 3634/16/4
f 4749/17/4 3817/17/4 1574/17/4
f 1574/17/4 3817/17/4 3773/17/4
f 1563/12/4 3762/12/4 1560/12/4
f 1560/12/4 3762/12/4 3761/12/4
f 1575/17/4 3772/17/4 1572/17/4
f 1572/17/4 3772/17/4 3771/17/4
f 1953/12/4 4107/12/4 1950/12/4
f 1950/12/4 4107/12/4 4101/12/4
f 1572/7/4 3771/7/4 3789/7/4
f 3789/7/4 3771/7/4 3790/7/4
f 3789/17/4 3790/17/4 4750/17/4
f 4750/17/4 3790/17/4 3798/17/4
f 1690/17/4 3889/17/4 1687/17/4
f 1687/17/4 3889/17/4 3888/17/4
f 1795/4/4 4482/4/4 1792/4/4
f 1792/4/4 4482/4/4 4480/4/4
f 4003/4/4 4486/4/4 4004/4/4
f 4004/4/4 4486/4/4 4068/4/4
f 1691/17/4 3891/17/4 1848/17/4
f 1848/17/4 3891/17/4 4033/17/4
f 1951/12/4 4100/12/4 1947/12/4
f 1947/12/4 4100/12/4 4095/12/4
f 1962/12/4 4115/12/4 1955/12/4
f 1955/12/4 4115/12/4 4113/12/4
f 2068/12/4 4205/12/4 2061/12/4
f 2061/12/4 4205/12/4 4199/12/4
f 2192/12/4 4287/12/4 2287/12/4
f 2287/12/4 4287/12/4 4347/12/4
f 2288/12/4 4346/12/4 2285/12/4
f 2285/12/4 4346/12/4 4345/12/4
f 2286/12/4 4348/12/4 2473/12/4
f 2473/12/4 4348/12/4 4429/12/4
f 2376/12/4 4388/12/4 2373/12/4
f 2373/12/4 4388/12/4 4387/12/4
f 2474/12/4 4428/12/4 2471/12/4
f 2471/12/4 4428/12/4 4427/12/4
f 4751/4/4 4752/4/4 4471/4/4
f 4471/4/4 4752/4/4 4440/4/4
f 2472/12/4 4430/12/4 2661/12/4
f 2661/12/4 4430/12/4 4515/12/4
f 4472/1/4 4475/1/4 4473/1/4
f 4473/1/4 4475/1/4 4474/1/4
f 2662/12/4 4514/12/4 2659/12/4
f 2659/12/4 4514/12/4 4513/12/4
f 4/15/4 2698/15/4 1/15/4
f 1/15/4 2698/15/4 2697/15/4
f 24/15/4 2718/15/4 21/15/4
f 21/15/4 2718/15/4 2717/15/4
f 32/15/4 2726/15/4 29/15/4
f 29/15/4 2726/15/4 2725/15/4
f 40/15/4 2734/15/4 37/15/4
f 37/15/4 2734/15/4 2733/15/4
f 48/15/4 2742/15/4 45/15/4
f 45/15/4 2742/15/4 2741/15/4
f 2767/15/4 75/15/4 2768/15/4
f 2768/15/4 75/15/4 74/15/4
f 2775/15/4 83/15/4 2776/15/4
f 2776/15/4 83/15/4 82/15/4
f 2791/15/4 99/15/4 2792/15/4
f 2792/15/4 99/15/4 98/15/4
f 108/15/4 4753/15/4 105/15/4
f 105/15/4 4753/15/4 2797/15/4
f 2792/15/4 2810/15/4 2808/15/4
f 2808/15/4 2810/15/4 2809/15/4
f 4584/15/4 2859/15/4 4588/15/4
f 4588/15/4 2859/15/4 2858/15/4
f 2884/17/4 285/17/4 2929/17/4
f 2929/17/4 285/17/4 284/17/4
f 274/15/4 2981/15/4 4754/15/4
f 4754/15/4 2981/15/4 2980/15/4
f 2927/14/4 283/14/4 4755/14/4
f 4755/14/4 283/14/4 364/14/4
f 4756/17/4 598/17/4 4758/17/4
f 4758/17/4 598/17/4 4757/17/4
f 4587/15/4 3019/15/4 4593/15/4
f 4593/15/4 3019/15/4 3018/15/4
f 4589/17/4 363/17/4 4595/17/4
f 4595/17/4 363/17/4 3050/17/4
f 496/17/4 488/17/4 493/17/4
f 493/17/4 488/17/4 487/17/4
f 3128/17/4 3130/17/4 3129/17/4
f 3129/17/4 3130/17/4 668/17/4
f 607/17/4 4759/17/4 604/17/4
f 604/17/4 4759/17/4 597/17/4
f 3202/14/4 667/14/4 3203/14/4
f 3203/14/4 667/14/4 666/14/4
f 4592/15/4 3220/15/4 4600/15/4
f 4600/15/4 3220/15/4 3219/15/4
f 4599/15/4 3280/15/4 4605/15/4
f 4605/15/4 3280/15/4 3279/15/4
f 4760/17/4 3440/17/4 827/17/4
f 827/17/4 3440/17/4 3395/17/4
f 4761/7/4 810/7/4 4762/7/4
f 4762/7/4 810/7/4 809/7/4
f 828/7/4 4744/7/4 825/7/4
f 825/7/4 4744/7/4 874/7/4
f 4604/15/4 3314/15/4 3312/15/4
f 3312/15/4 3314/15/4 3313/15/4
f 859/17/4 3317/17/4 3340/17/4
f 3340/17/4 3317/17/4 897/17/4
f 895/15/4 3403/15/4 3378/15/4
f 3378/15/4 3403/15/4 4746/15/4
f 3340/7/4 897/7/4 1008/7/4
f 1008/7/4 897/7/4 3384/7/4
f 4763/7/4 3352/7/4 4764/7/4
f 4764/7/4 3352/7/4 4745/7/4
f 1008/17/4 3384/17/4 1005/17/4
f 1005/17/4 3384/17/4 3383/17/4
f 3423/17/4 1074/17/4 3424/17/4
f 3424/17/4 1074/17/4 1073/17/4
f 3407/17/4 1049/17/4 1090/17/4
f 1090/17/4 1049/17/4 3432/17/4
f 1152/15/4 3490/15/4 4765/15/4
f 4765/15/4 3490/15/4 3489/15/4
f 3501/17/4 1255/17/4 3502/17/4
f 3502/17/4 1255/17/4 3503/17/4
f 1244/17/4 1231/17/4 1241/17/4
f 1241/17/4 1231/17/4 1230/17/4
f 3502/14/4 3503/14/4 1315/14/4
f 1315/14/4 3503/14/4 1254/14/4
f 1315/17/4 1254/17/4 1312/17/4
f 1312/17/4 1254/17/4 3581/17/4
f 1361/17/4 4766/17/4 1358/17/4
f 1358/17/4 4766/17/4 1352/17/4
f 1432/15/4 4767/15/4 1429/15/4
f 1429/15/4 4767/15/4 3656/15/4
f 3686/2/4 3718/2/4 3704/2/4
f 3704/2/4 3718/2/4 3711/2/4
f 3672/2/4 3714/2/4 3733/2/4
f 3733/2/4 3714/2/4 3713/2/4
f 4768/17/4 4034/17/4 1538/17/4
f 1538/17/4 4034/17/4 3818/17/4
f 1539/7/4 4749/7/4 1536/7/4
f 1536/7/4 4749/7/4 1574/7/4
f 4769/7/4 3789/7/4 4770/7/4
f 4770/7/4 3789/7/4 4750/7/4
f 3894/17/4 1692/17/4 3895/17/4
f 3895/17/4 1692/17/4 1691/17/4
f 3982/14/4 1794/14/4 3983/14/4
f 3983/14/4 1794/14/4 1793/14/4
f 2111/7/4 2059/7/4 2108/7/4
f 2108/7/4 2059/7/4 4771/7/4
f 4251/8/4 2060/8/4 4252/8/4
f 4252/8/4 2060/8/4 2129/8/4
f 4259/8/4 2067/8/4 4260/8/4
f 4260/8/4 2067/8/4 2143/8/4
f 4235/15/4 4328/15/4 4613/15/4
f 4613/15/4 4328/15/4 4327/15/4
f 2253/8/4 4288/8/4 2250/8/4
f 2250/8/4 4288/8/4 4518/8/4
f 2217/3/4 4772/3/4 4774/3/4
f 4774/3/4 4772/3/4 4773/3/4
f 4612/15/4 4394/15/4 4619/15/4
f 4619/15/4 4394/15/4 4393/15/4
f 4618/15/4 4447/15/4 4621/15/4
f 4621/15/4 4447/15/4 4446/15/4
f 2715/15/4 23/15/4 2716/15/4
f 2716/15/4 23/15/4 22/15/4
f 2723/15/4 31/15/4 2724/15/4
f 2724/15/4 31/15/4 30/15/4
f 2731/15/4 39/15/4 2732/15/4
f 2732/15/4 39/15/4 38/15/4
f 56/15/4 2754/15/4 53/15/4
f 53/15/4 2754/15/4 2753/15/4
f 120/2/4 2807/2/4 117/2/4
f 117/2/4 2807/2/4 2806/2/4
f 1501/2/4 107/2/4 4637/2/4
f 4637/2/4 107/2/4 2822/2/4
f 221/7/4 2885/7/4 218/7/4
f 218/7/4 2885/7/4 2884/7/4
f 4636/2/4 4553/2/4 2920/2/4
f 2920/2/4 4553/2/4 272/2/4
f 329/2/4 253/2/4 326/2/4
f 326/2/4 253/2/4 324/2/4
f 289/17/4 2928/17/4 461/17/4
f 461/17/4 2928/17/4 4755/17/4
f 388/17/4 2997/17/4 385/17/4
f 385/17/4 2997/17/4 496/17/4
f 506/16/4 4756/16/4 3002/16/4
f 3002/16/4 4756/16/4 4758/16/4
f 326/15/4 324/15/4 4775/15/4
f 4775/15/4 324/15/4 439/15/4
f 4622/2/4 4554/2/4 4639/2/4
f 4639/2/4 4554/2/4 4556/2/4
f 376/17/4 478/17/4 480/17/4
f 480/17/4 478/17/4 477/17/4
f 492/17/4 3063/17/4 490/17/4
f 490/17/4 3063/17/4 3062/17/4
f 386/17/4 495/17/4 497/17/4
f 497/17/4 495/17/4 494/17/4
f 3002/16/4 4757/16/4 503/16/4
f 503/16/4 4757/16/4 4759/16/4
f 459/17/4 3115/17/4 3113/17/4
f 3113/17/4 3115/17/4 3114/17/4
f 575/17/4 476/17/4 573/17/4
f 573/17/4 476/17/4 3123/17/4
f 582/7/4 3127/7/4 579/7/4
f 579/7/4 3127/7/4 3126/7/4
f 504/17/4 606/17/4 615/17/4
f 615/17/4 606/17/4 605/17/4
f 653/15/4 3181/15/4 650/15/4
f 650/15/4 3181/15/4 3180/15/4
f 460/17/4 3189/17/4 3241/17/4
f 3241/17/4 3189/17/4 3188/17/4
f 580/17/4 3129/17/4 669/17/4
f 669/17/4 3129/17/4 3201/17/4
f 651/2/4 3183/2/4 4641/2/4
f 4641/2/4 3183/2/4 4558/2/4
f 674/17/4 732/17/4 769/17/4
f 769/17/4 732/17/4 731/17/4
f 770/17/4 3269/17/4 767/17/4
f 767/17/4 3269/17/4 3268/17/4
f 4640/2/4 4559/2/4 4642/2/4
f 4642/2/4 4559/2/4 4560/2/4
f 791/17/4 3283/17/4 788/17/4
f 788/17/4 3283/17/4 810/17/4
f 799/7/4 4760/7/4 796/7/4
f 796/7/4 4760/7/4 827/7/4
f 788/17/4 4761/17/4 3293/17/4
f 3293/17/4 4761/17/4 4762/17/4
f 796/17/4 827/17/4 3307/17/4
f 3307/17/4 827/17/4 826/17/4
f 851/2/4 3311/2/4 849/2/4
f 849/2/4 3311/2/4 3310/2/4
f 3291/17/4 858/17/4 3320/17/4
f 3320/17/4 858/17/4 857/17/4
f 3305/17/4 874/17/4 4776/17/4
f 4776/17/4 874/17/4 873/17/4
f 4624/2/4 4561/2/4 3337/2/4
f 3337/2/4 4561/2/4 893/2/4
f 903/17/4 3339/17/4 900/17/4
f 900/17/4 3339/17/4 3338/17/4
f 931/17/4 3351/17/4 928/17/4
f 928/17/4 3351/17/4 3350/17/4
f 929/17/4 4763/17/4 3364/17/4
f 3364/17/4 4763/17/4 4764/17/4
f 1000/15/4 3378/15/4 997/15/4
f 997/15/4 3378/15/4 3377/15/4
f 3388/7/4 1007/7/4 1054/7/4
f 1054/7/4 1007/7/4 1006/7/4
f 3392/17/4 3366/17/4 1078/17/4
f 1078/17/4 3366/17/4 3393/17/4
f 1054/17/4 1006/17/4 1051/17/4
f 1051/17/4 1006/17/4 3406/17/4
f 1078/7/4 3422/7/4 1075/7/4
f 1075/7/4 3422/7/4 3421/7/4
f 4629/2/4 4564/2/4 4646/2/4
f 4646/2/4 4564/2/4 4568/2/4
f 1097/7/4 1092/7/4 1094/7/4
f 1094/7/4 1092/7/4 1091/7/4
f 1104/17/4 1100/17/4 1101/17/4
f 1101/17/4 1100/17/4 1099/17/4
f 3452/17/4 3460/17/4 4777/17/4
f 4777/17/4 3460/17/4 3459/17/4
f 4645/2/4 3451/2/4 1182/2/4
f 1182/2/4 3451/2/4 1150/2/4
f 4630/17/4 3504/17/4 1161/17/4
f 1161/17/4 3504/17/4 1255/17/4
f 1183/15/4 1149/15/4 1180/15/4
f 1180/15/4 1149/15/4 4765/15/4
f 3497/17/4 3500/17/4 3498/17/4
f 3498/17/4 3500/17/4 3499/17/4
f 1181/2/4 4569/2/4 4648/2/4
f 4648/2/4 4569/2/4 4571/2/4
f 1236/17/4 3530/17/4 1233/17/4
f 1233/17/4 3530/17/4 3529/17/4
f 1193/17/4 3502/17/4 1310/17/4
f 1310/17/4 3502/17/4 1315/17/4
f 1233/16/4 1229/16/4 1302/16/4
f 1302/16/4 1229/16/4 4766/16/4
f 1311/17/4 3580/17/4 1308/17/4
f 1308/17/4 3580/17/4 3579/17/4
f 1264/17/4 1314/17/4 1320/17/4
f 1320/17/4 1314/17/4 1313/17/4
f 1368/16/4 1360/16/4 1366/16/4
f 1366/16/4 1360/16/4 1359/16/4
f 1309/17/4 1312/17/4 1376/17/4
f 1376/17/4 1312/17/4 3622/17/4
f 4647/2/4 3598/2/4 4651/2/4
f 4651/2/4 3598/2/4 4575/2/4
f 4650/2/4 1431/2/4 4654/2/4
f 4654/2/4 1431/2/4 4576/2/4
f 1456/14/4 3687/14/4 1453/14/4
f 1453/14/4 3687/14/4 3686/14/4
f 1460/14/4 3695/14/4 1457/14/4
f 1457/14/4 3695/14/4 3694/14/4
f 3684/2/4 3703/2/4 3701/2/4
f 3701/2/4 3703/2/4 3702/2/4
f 4653/2/4 4578/2/4 4632/2/4
f 4632/2/4 4578/2/4 4579/2/4
f 1495/15/4 4778/15/4 1492/15/4
f 1492/15/4 4778/15/4 3721/15/4
f 1505/14/4 3730/14/4 1502/14/4
f 1502/14/4 3730/14/4 3729/14/4
f 1488/14/4 3748/14/4 3746/14/4
f 3746/14/4 3748/14/4 3747/14/4
f 1531/7/4 4768/7/4 1528/7/4
f 1528/7/4 4768/7/4 1538/7/4
f 1528/17/4 1538/17/4 3758/17/4
f 3758/17/4 1538/17/4 1537/17/4
f 3756/17/4 1574/17/4 4779/17/4
f 4779/17/4 1574/17/4 1573/17/4
f 1601/17/4 3788/17/4 1598/17/4
f 1598/17/4 3788/17/4 3787/17/4
f 1599/17/4 4769/17/4 3797/17/4
f 3797/17/4 4769/17/4 4770/17/4
f 3815/17/4 3799/17/4 1696/17/4
f 1696/17/4 3799/17/4 3816/17/4
f 1696/7/4 3893/7/4 1693/7/4
f 1693/7/4 3893/7/4 3892/7/4
f 3938/4/4 1750/4/4 3939/4/4
f 3939/4/4 1750/4/4 1749/4/4
f 4007/3/4 1818/3/4 4008/3/4
f 4008/3/4 1818/3/4 1817/3/4
f 1854/17/4 1850/17/4 1851/17/4
f 1851/17/4 1850/17/4 1849/17/4
f 1969/3/4 4780/3/4 4782/3/4
f 4782/3/4 4780/3/4 4781/3/4
f 4188/15/4 4190/15/4 2107/15/4
f 2107/15/4 4190/15/4 4189/15/4
f 2107/2/4 4233/2/4 2104/2/4
f 2104/2/4 4233/2/4 4232/2/4
f 4241/8/4 2110/8/4 4242/8/4
f 4242/8/4 2110/8/4 2109/8/4
f 4315/1/4 2216/1/4 4316/1/4
f 4316/1/4 2216/1/4 2215/1/4
f 4337/1/4 2252/1/4 4338/1/4
f 4338/1/4 2252/1/4 2251/1/4
f 4783/12/4 4366/12/4 2367/12/4
f 2367/12/4 4366/12/4 2376/12/4
f 2368/12/4 4386/12/4 2365/12/4
f 2365/12/4 4386/12/4 4385/12/4
f 2384/12/4 2375/12/4 2381/12/4
f 2381/12/4 2375/12/4 2374/12/4
f 2366/12/4 2373/12/4 4784/12/4
f 4784/12/4 2373/12/4 4409/12/4
f 2658/2/4 4511/2/4 2656/2/4
f 2656/2/4 4511/2/4 4510/2/4
f 4522/8/4 4785/8/4 4523/8/4
f 4523/8/4 4785/8/4 2666/8/4
f 2695/15/4 3/15/4 2696/15/4
f 2696/15/4 3/15/4 2/15/4
f 2739/15/4 47/15/4 2740/15/4
f 2740/15/4 47/15/4 46/15/4
f 2747/15/4 55/15/4 2748/15/4
f 2748/15/4 55/15/4 54/15/4
f 171/7/4 2851/7/4 168/7/4
f 168/7/4 2851/7/4 2850/7/4
f 168/17/4 2850/17/4 216/17/4
f 216/17/4 2850/17/4 289/17/4
f 282/7/4 2921/7/4 279/7/4
f 279/7/4 2921/7/4 459/7/4
f 217/7/4 218/7/4 290/7/4
f 290/7/4 218/7/4 288/7/4
f 296/7/4 2931/7/4 293/7/4
f 293/7/4 2931/7/4 388/7/4
f 2938/17/4 2940/17/4 2939/17/4
f 2939/17/4 2940/17/4 598/17/4
f 339/15/4 328/15/4 336/15/4
f 336/15/4 328/15/4 327/15/4
f 362/15/4 271/15/4 359/15/4
f 359/15/4 271/15/4 4754/15/4
f 368/17/4 287/17/4 366/17/4
f 366/17/4 287/17/4 461/17/4
f 381/7/4 377/7/4 378/7/4
f 378/7/4 377/7/4 376/7/4
f 384/7/4 2996/7/4 382/7/4
f 382/7/4 2996/7/4 492/7/4
f 294/7/4 387/7/4 389/7/4
f 389/7/4 387/7/4 386/7/4
f 402/17/4 505/17/4 399/17/4
f 399/17/4 505/17/4 509/17/4
f 367/14/4 369/14/4 572/14/4
f 572/14/4 369/14/4 467/14/4
f 379/7/4 482/7/4 483/7/4
f 483/7/4 482/7/4 481/7/4
f 390/7/4 499/7/4 500/7/4
f 500/7/4 499/7/4 498/7/4
f 562/7/4 3112/7/4 559/7/4
f 559/7/4 3112/7/4 3111/7/4
f 572/17/4 467/17/4 569/17/4
f 569/17/4 467/17/4 564/17/4
f 578/7/4 480/7/4 576/7/4
f 576/7/4 480/7/4 574/7/4
f 586/7/4 581/7/4 583/7/4
f 583/7/4 581/7/4 580/7/4
f 4786/14/4 491/14/4 673/14/4
f 673/14/4 491/14/4 588/14/4
f 3140/17/4 503/17/4 3141/17/4
f 3141/17/4 503/17/4 3142/17/4
f 570/7/4 573/7/4 658/7/4
f 658/7/4 573/7/4 3192/7/4
f 663/7/4 3195/7/4 660/7/4
f 660/7/4 3195/7/4 3194/7/4
f 584/17/4 587/17/4 671/17/4
f 671/17/4 587/17/4 670/17/4
f 594/7/4 686/7/4 687/7/4
f 687/7/4 686/7/4 685/7/4
f 729/7/4 563/7/4 727/7/4
f 727/7/4 563/7/4 3240/7/4
f 766/7/4 3267/7/4 763/7/4
f 763/7/4 3267/7/4 3266/7/4
f 779/7/4 4596/7/4 776/7/4
f 776/7/4 4596/7/4 3276/7/4
f 807/15/4 4787/15/4 804/15/4
f 804/15/4 4787/15/4 3287/15/4
f 815/17/4 3292/17/4 812/17/4
f 812/17/4 3292/17/4 3291/17/4
f 832/17/4 3306/17/4 829/17/4
f 829/17/4 3306/17/4 3305/17/4
f 829/7/4 3305/7/4 4788/7/4
f 4788/7/4 3305/7/4 4776/7/4
f 907/17/4 902/17/4 904/17/4
f 904/17/4 902/17/4 901/17/4
f 4789/17/4 930/17/4 4790/17/4
f 4790/17/4 930/17/4 929/17/4
f 971/17/4 928/17/4 968/17/4
f 968/17/4 928/17/4 3363/17/4
f 1012/17/4 3387/17/4 1009/17/4
f 1009/17/4 3387/17/4 3386/17/4
f 1029/17/4 3364/17/4 1027/17/4
f 1027/17/4 3364/17/4 3391/17/4
f 1046/15/4 993/15/4 1043/15/4
f 1043/15/4 993/15/4 4747/15/4
f 1058/17/4 1053/17/4 1055/17/4
f 1055/17/4 1053/17/4 1052/17/4
f 1089/17/4 1077/17/4 1086/17/4
f 1086/17/4 1077/17/4 1076/17/4
f 1124/7/4 3453/7/4 1121/7/4
f 1121/7/4 3453/7/4 4777/7/4
f 1132/7/4 1127/7/4 1129/7/4
f 1129/7/4 1127/7/4 1126/7/4
f 1191/7/4 3496/7/4 1188/7/4
f 1188/7/4 3496/7/4 3495/7/4
f 1203/17/4 1162/17/4 1200/17/4
f 1200/17/4 1162/17/4 1195/17/4
f 1214/17/4 1209/17/4 1211/17/4
f 1211/17/4 1209/17/4 1208/17/4
f 3533/17/4 1235/17/4 3534/17/4
f 3534/17/4 1235/17/4 1234/17/4
f 1189/17/4 1192/17/4 1257/17/4
f 1257/17/4 1192/17/4 1311/17/4
f 1201/7/4 1207/7/4 1266/7/4
f 1266/7/4 1207/7/4 1265/7/4
f 1307/7/4 3578/7/4 1305/7/4
f 1305/7/4 3578/7/4 3577/7/4
f 1365/17/4 1302/17/4 1362/17/4
f 1362/17/4 1302/17/4 3616/17/4
f 1306/7/4 1308/7/4 1373/7/4
f 1373/7/4 1308/7/4 3621/7/4
f 1381/7/4 1320/7/4 1378/7/4
f 1378/7/4 1320/7/4 1377/7/4
f 1374/7/4 1376/7/4 1412/7/4
f 1412/7/4 1376/7/4 3644/7/4
f 3682/14/4 3685/14/4 3683/14/4
f 3683/14/4 3685/14/4 3684/14/4
f 1509/14/4 1459/14/4 4791/14/4
f 4791/14/4 1459/14/4 1458/14/4
f 4791/14/4 3696/14/4 4792/14/4
f 4792/14/4 3696/14/4 3731/14/4
f 1487/15/4 3722/15/4 1484/15/4
f 1484/15/4 3722/15/4 4778/15/4
f 4792/14/4 1504/14/4 1506/14/4
f 1506/14/4 1504/14/4 1503/14/4
f 3742/14/4 3745/14/4 3743/14/4
f 3743/14/4 3745/14/4 3744/14/4
f 1543/17/4 3757/17/4 1540/17/4
f 1540/17/4 3757/17/4 3756/17/4
f 1540/7/4 3756/7/4 4793/7/4
f 4793/7/4 3756/7/4 4779/7/4
f 4794/17/4 1600/17/4 4795/17/4
f 4795/17/4 1600/17/4 1599/17/4
f 1627/17/4 1598/17/4 1624/17/4
f 1624/17/4 1598/17/4 3796/17/4
f 1655/17/4 3797/17/4 1653/17/4
f 1653/17/4 3797/17/4 3814/17/4
f 1707/17/4 1695/17/4 1704/17/4
f 1704/17/4 1695/17/4 1694/17/4
f 4027/4/4 1842/4/4 4028/4/4
f 4028/4/4 1842/4/4 1841/4/4
f 4050/14/4 1869/14/4 4051/14/4
f 4051/14/4 1869/14/4 1868/14/4
f 4130/1/4 1968/1/4 4131/1/4
f 4131/1/4 1968/1/4 1967/1/4
f 4178/15/4 2037/15/4 4179/15/4
f 4179/15/4 2037/15/4 2036/15/4
f 4182/15/4 2043/15/4 4183/15/4
f 4183/15/4 2043/15/4 2042/15/4
f 2138/16/4 4202/16/4 4661/16/4
f 4661/16/4 4202/16/4 4201/16/4
f 2196/8/4 4771/8/4 2193/8/4
f 2193/8/4 4771/8/4 2191/8/4
f 2338/13/4 4783/13/4 2335/13/4
f 2335/13/4 4783/13/4 2367/13/4
f 4796/8/4 4797/8/4 4798/8/4
f 4798/8/4 4797/8/4 4785/8/4
f 2436/13/4 2366/13/4 2433/13/4
f 2433/13/4 2366/13/4 4784/13/4
f 2425/3/4 4799/3/4 4801/3/4
f 4801/3/4 4799/3/4 4800/3/4
f 2675/16/4 4521/16/4 2673/16/4
f 2673/16/4 4521/16/4 4520/16/4
f 112/15/4 2798/15/4 4802/15/4
f 4802/15/4 2798/15/4 4753/15/4
f 8/15/4 2694/15/4 5/15/4
f 5/15/4 2694/15/4 2693/15/4
f 12/15/4 2702/15/4 9/15/4
f 9/15/4 2702/15/4 2701/15/4
f 20/15/4 2706/15/4 17/15/4
f 17/15/4 2706/15/4 2705/15/4
f 28/15/4 2714/15/4 25/15/4
f 25/15/4 2714/15/4 2713/15/4
f 36/15/4 2722/15/4 33/15/4
f 33/15/4 2722/15/4 2721/15/4
f 44/15/4 2730/15/4 41/15/4
f 41/15/4 2730/15/4 2729/15/4
f 52/15/4 2738/15/4 49/15/4
f 49/15/4 2738/15/4 2737/15/4
f 64/15/4 2746/15/4 61/15/4
f 61/15/4 2746/15/4 2745/15/4
f 72/15/4 2758/15/4 69/15/4
f 69/15/4 2758/15/4 2757/15/4
f 80/15/4 2766/15/4 77/15/4
f 77/15/4 2766/15/4 2765/15/4
f 92/15/4 2774/15/4 89/15/4
f 89/15/4 2774/15/4 2773/15/4
f 96/15/4 2786/15/4 93/15/4
f 93/15/4 2786/15/4 2785/15/4
f 104/15/4 2790/15/4 101/15/4
f 101/15/4 2790/15/4 2789/15/4
f 4802/15/4 2802/15/4 109/15/4
f 109/15/4 2802/15/4 2801/15/4
f 123/15/4 119/15/4 121/15/4
f 121/15/4 119/15/4 118/15/4
f 167/15/4 2821/15/4 4803/15/4
f 4803/15/4 2821/15/4 2820/15/4
f 4803/15/4 136/15/4 164/15/4
f 164/15/4 136/15/4 4742/15/4
f 183/15/4 4583/15/4 180/15/4
f 180/15/4 4583/15/4 4585/15/4
f 278/15/4 2918/15/4 275/15/4
f 275/15/4 2918/15/4 2917/15/4
f 394/17/4 2937/17/4 2935/17/4
f 2935/17/4 2937/17/4 2936/17/4
f 2935/17/4 3001/17/4 392/17/4
f 392/17/4 3001/17/4 3000/17/4
f 406/17/4 401/17/4 403/17/4
f 403/17/4 401/17/4 400/17/4
f 426/15/4 4586/15/4 423/15/4
f 423/15/4 4586/15/4 4590/15/4
f 657/15/4 3177/15/4 4804/15/4
f 4804/15/4 3177/15/4 4743/15/4
f 592/7/4 4786/7/4 589/7/4
f 589/7/4 4786/7/4 673/7/4
f 603/17/4 3139/17/4 600/17/4
f 600/17/4 3139/17/4 3138/17/4
f 4804/15/4 3185/15/4 654/15/4
f 654/15/4 3185/15/4 3184/15/4
f 697/15/4 4591/15/4 694/15/4
f 694/15/4 4591/15/4 4597/15/4
f 775/15/4 3273/15/4 772/15/4
f 772/15/4 3273/15/4 3272/15/4
f 783/15/4 4598/15/4 780/15/4
f 780/15/4 4598/15/4 4602/15/4
f 787/15/4 3288/15/4 784/15/4
f 784/15/4 3288/15/4 4787/15/4
f 920/17/4 814/17/4 4660/17/4
f 4660/17/4 814/17/4 813/17/4
f 836/17/4 831/17/4 833/17/4
f 833/17/4 831/17/4 830/17/4
f 855/15/4 4603/15/4 852/15/4
f 852/15/4 4603/15/4 850/15/4
f 863/17/4 3319/17/4 860/17/4
f 860/17/4 3319/17/4 902/17/4
f 878/17/4 829/17/4 876/17/4
f 876/17/4 829/17/4 4788/17/4
f 1004/15/4 3335/15/4 4805/15/4
f 4805/15/4 3335/15/4 3334/15/4
f 861/17/4 906/17/4 908/17/4
f 908/17/4 906/17/4 905/17/4
f 934/7/4 4789/7/4 932/7/4
f 932/7/4 4789/7/4 4790/7/4
f 4805/15/4 892/15/4 4806/15/4
f 4806/15/4 892/15/4 3378/15/4
f 952/17/4 3340/17/4 950/17/4
f 950/17/4 3340/17/4 1008/17/4
f 4806/15/4 3381/15/4 1001/15/4
f 1001/15/4 3381/15/4 1046/15/4
f 951/17/4 1011/17/4 1013/17/4
f 1013/17/4 1011/17/4 1010/17/4
f 1016/17/4 1057/17/4 1059/17/4
f 1059/17/4 1057/17/4 1056/17/4
f 933/17/4 970/17/4 1079/17/4
f 1079/17/4 970/17/4 3425/17/4
f 1112/15/4 3445/15/4 4807/15/4
f 4807/15/4 3445/15/4 4748/15/4
f 4807/15/4 3449/15/4 1109/15/4
f 1109/15/4 3449/15/4 3448/15/4
f 1156/15/4 3474/15/4 1153/15/4
f 1153/15/4 3474/15/4 1183/15/4
f 1240/17/4 3532/17/4 1237/17/4
f 1237/17/4 3532/17/4 3531/17/4
f 1263/7/4 1259/7/4 1260/7/4
f 1260/7/4 1259/7/4 1258/7/4
f 1333/15/4 3564/15/4 4808/15/4
f 4808/15/4 3564/15/4 1329/15/4
f 4808/15/4 3596/15/4 1330/15/4
f 1330/15/4 3596/15/4 3595/15/4
f 1357/17/4 3614/17/4 1354/17/4
f 1354/17/4 3614/17/4 3613/17/4
f 1407/17/4 1303/17/4 1403/17/4
f 1403/17/4 1303/17/4 1367/17/4
f 1404/17/4 1400/17/4 1401/17/4
f 1401/17/4 1400/17/4 1399/17/4
f 1436/15/4 3657/15/4 4809/15/4
f 4809/15/4 3657/15/4 4767/15/4
f 4809/15/4 3661/15/4 1433/15/4
f 1433/15/4 3661/15/4 3660/15/4
f 1464/15/4 3691/15/4 4810/15/4
f 4810/15/4 3691/15/4 3690/15/4
f 4810/15/4 3706/15/4 1461/15/4
f 1461/15/4 3706/15/4 3705/15/4
f 1468/14/4 1508/14/4 1465/14/4
f 1465/14/4 1508/14/4 1476/14/4
f 1466/14/4 1475/14/4 1477/14/4
f 1477/14/4 1475/14/4 1474/14/4
f 1499/15/4 1484/15/4 1496/15/4
f 1496/15/4 1484/15/4 3725/15/4
f 1512/14/4 1473/14/4 1510/14/4
f 1510/14/4 1473/14/4 1507/14/4
f 1547/17/4 1542/17/4 1544/17/4
f 1544/17/4 1542/17/4 1541/17/4
f 1578/17/4 1540/17/4 1576/17/4
f 1576/17/4 1540/17/4 4793/17/4
f 1604/7/4 4794/7/4 1602/7/4
f 1602/7/4 4794/7/4 4795/7/4
f 1603/17/4 1626/17/4 1697/17/4
f 1697/17/4 1626/17/4 3896/17/4
f 3927/14/4 1738/14/4 3928/14/4
f 3928/14/4 1738/14/4 1737/14/4
f 4011/3/4 1822/3/4 4012/3/4
f 4012/3/4 1822/3/4 1821/3/4
f 4060/14/4 1881/14/4 4061/14/4
f 4061/14/4 1881/14/4 1880/14/4
f 2054/15/4 2049/15/4 2051/15/4
f 2051/15/4 2049/15/4 2048/15/4
f 2058/15/4 4194/15/4 2055/15/4
f 2055/15/4 4194/15/4 4193/15/4
f 4267/13/4 2157/13/4 4268/13/4
f 4268/13/4 2157/13/4 2156/13/4
f 4295/1/4 2195/1/4 4296/1/4
f 4296/1/4 2195/1/4 2194/1/4
f 4299/10/4 2199/10/4 4300/10/4
f 4300/10/4 2199/10/4 2198/10/4
f 4303/1/4 2136/1/4 4304/1/4
f 4304/1/4 2136/1/4 2201/1/4
f 2221/3/4 4314/3/4 2218/3/4
f 2218/3/4 4314/3/4 4313/3/4
f 2249/15/4 2105/15/4 2246/15/4
f 2246/15/4 2105/15/4 4610/15/4
f 2292/8/4 2667/8/4 2289/8/4
f 2289/8/4 2667/8/4 4797/8/4
f 2380/13/4 2335/13/4 2377/13/4
f 2377/13/4 2335/13/4 2436/13/4
f 2388/15/4 4611/15/4 2385/15/4
f 2385/15/4 4611/15/4 4616/15/4
f 4403/1/4 2395/1/4 4404/1/4
f 4404/1/4 2395/1/4 2394/1/4
f 4407/1/4 2424/1/4 4408/1/4
f 4408/1/4 2424/1/4 2423/1/4
f 2517/15/4 4617/15/4 2514/15/4
f 2514/15/4 4617/15/4 4620/15/4
f 4456/1/4 2528/1/4 4457/1/4
f 4457/1/4 2528/1/4 2527/1/4
f 233/17/4 2890/17/4 230/17/4
f 230/17/4 2890/17/4 394/17/4
f 299/17/4 2934/17/4 297/17/4
f 297/17/4 2934/17/4 2933/17/4
f 4811/2/4 2956/2/4 4812/2/4
f 4812/2/4 2956/2/4 2955/2/4
f 311/17/4 3009/17/4 515/17/4
f 515/17/4 3009/17/4 404/17/4
f 418/17/4 3013/17/4 415/17/4
f 415/17/4 3013/17/4 3012/17/4
f 471/17/4 366/17/4 468/17/4
f 468/17/4 366/17/4 3052/17/4
f 516/17/4 508/17/4 513/17/4
f 513/17/4 508/17/4 507/17/4
f 611/17/4 602/17/4 608/17/4
f 608/17/4 602/17/4 601/17/4
f 680/17/4 673/17/4 677/17/4
f 677/17/4 673/17/4 672/17/4
f 871/17/4 867/17/4 868/17/4
f 868/17/4 867/17/4 866/17/4
f 941/17/4 833/17/4 937/17/4
f 937/17/4 833/17/4 877/17/4
f 912/17/4 864/17/4 910/17/4
f 910/17/4 864/17/4 909/17/4
f 938/17/4 876/17/4 935/17/4
f 935/17/4 876/17/4 933/17/4
f 955/17/4 908/17/4 953/17/4
f 953/17/4 908/17/4 951/17/4
f 956/17/4 1017/17/4 1018/17/4
f 1018/17/4 1017/17/4 1016/17/4
f 1032/17/4 4813/17/4 1030/17/4
f 1030/17/4 4813/17/4 4644/17/4
f 1199/17/4 3506/17/4 1196/17/4
f 1196/17/4 3506/17/4 1259/17/4
f 1248/17/4 1239/17/4 1245/17/4
f 1245/17/4 1239/17/4 1238/17/4
f 1301/17/4 3572/17/4 1298/17/4
f 1298/17/4 3572/17/4 3571/17/4
f 1337/17/4 3600/17/4 1334/17/4
f 1334/17/4 3600/17/4 3599/17/4
f 1397/17/4 4814/17/4 1394/17/4
f 1394/17/4 4814/17/4 3631/17/4
f 1411/17/4 3641/17/4 1408/17/4
f 1408/17/4 3641/17/4 1405/17/4
f 1420/17/4 1402/17/4 1418/17/4
f 1418/17/4 1402/17/4 3648/17/4
f 1472/14/4 1467/14/4 1469/14/4
f 1469/14/4 1467/14/4 1466/14/4
f 1516/14/4 1477/14/4 1513/14/4
f 1513/14/4 1477/14/4 1511/14/4
f 1611/17/4 1544/17/4 1607/17/4
f 1607/17/4 1544/17/4 1577/17/4
f 1608/17/4 1576/17/4 1605/17/4
f 1605/17/4 1576/17/4 1603/17/4
f 1658/17/4 4815/17/4 1656/17/4
f 1656/17/4 4815/17/4 4657/17/4
f 4319/1/4 2220/1/4 4320/1/4
f 4320/1/4 2220/1/4 2219/1/4
f 4355/1/4 2291/1/4 4356/1/4
f 4356/1/4 2291/1/4 2290/1/4
f 4816/10/4 2393/10/4 2479/10/4
f 2479/10/4 2393/10/4 2529/10/4
f 2479/10/4 4455/10/4 4817/10/4
f 4817/10/4 4455/10/4 4454/10/4
f 143/17/4 2825/17/4 140/17/4
f 140/17/4 2825/17/4 2824/17/4
f 2905/15/4 4811/15/4 4818/15/4
f 4818/15/4 4811/15/4 4812/15/4
f 4818/2/4 326/2/4 3099/2/4
f 3099/2/4 326/2/4 4775/2/4
f 466/7/4 3049/7/4 463/7/4
f 463/7/4 3049/7/4 3048/7/4
f 532/17/4 415/17/4 529/17/4
f 529/17/4 415/17/4 3085/17/4
f 624/17/4 3151/17/4 621/17/4
f 621/17/4 3151/17/4 3150/17/4
f 693/17/4 600/17/4 690/17/4
f 690/17/4 600/17/4 3217/17/4
f 736/7/4 677/7/4 733/7/4
f 733/7/4 677/7/4 3248/7/4
f 916/17/4 868/17/4 913/17/4
f 913/17/4 868/17/4 911/17/4
f 975/17/4 1081/17/4 972/17/4
f 972/17/4 1081/17/4 4813/17/4
f 1167/7/4 3480/7/4 1164/7/4
f 1164/7/4 3480/7/4 1199/7/4
f 1187/17/4 3493/17/4 1184/17/4
f 1184/17/4 3493/17/4 1252/17/4
f 1228/17/4 3526/17/4 1225/17/4
f 1225/17/4 3526/17/4 3525/17/4
f 1289/17/4 3566/17/4 1286/17/4
f 1286/17/4 3566/17/4 1337/17/4
f 1225/17/4 3570/17/4 4819/17/4
f 4819/17/4 3570/17/4 3569/17/4
f 4819/17/4 3632/17/4 3609/17/4
f 3609/17/4 3632/17/4 4814/17/4
f 1424/17/4 1408/17/4 1421/17/4
f 1421/17/4 1408/17/4 1419/17/4
f 1452/17/4 3669/17/4 1449/17/4
f 1449/17/4 3669/17/4 3668/17/4
f 1631/17/4 1699/17/4 1628/17/4
f 1628/17/4 1699/17/4 4815/17/4
f 1719/4/4 4441/4/4 1716/4/4
f 1716/4/4 4441/4/4 4752/4/4
f 3921/3/4 1726/3/4 3922/3/4
f 3922/3/4 1726/3/4 1725/3/4
f 4042/14/4 1861/14/4 4043/14/4
f 4043/14/4 1861/14/4 1860/14/4
f 4064/14/4 1889/14/4 4065/14/4
f 4065/14/4 1889/14/4 1888/14/4
f 1927/14/4 4820/14/4 1924/14/4
f 1924/14/4 4820/14/4 4780/14/4
f 2115/7/4 4240/7/4 2112/7/4
f 2112/7/4 4240/7/4 4239/7/4
f 4263/2/4 2153/2/4 4264/2/4
f 4264/2/4 2153/2/4 2152/2/4
f 4307/1/4 2205/1/4 4308/1/4
f 4308/1/4 2205/1/4 2204/1/4
f 2257/8/4 4336/8/4 2254/8/4
f 2254/8/4 4336/8/4 4335/8/4
f 4821/10/4 4402/10/4 4822/10/4
f 4822/10/4 4402/10/4 4401/10/4
f 4439/1/4 2481/1/4 2532/1/4
f 2532/1/4 2481/1/4 2480/1/4
f 2533/11/4 2479/11/4 2530/11/4
f 2530/11/4 2479/11/4 4817/11/4
f 2530/10/4 2526/10/4 4823/10/4
f 4823/10/4 2526/10/4 2674/10/4
f 225/17/4 142/17/4 174/17/4
f 174/17/4 142/17/4 141/17/4
f 175/17/4 140/17/4 172/17/4
f 172/17/4 140/17/4 2853/17/4
f 4672/17/4 2910/17/4 2870/17/4
f 2870/17/4 2910/17/4 2904/17/4
f 2839/17/4 2966/17/4 2873/17/4
f 2873/17/4 2966/17/4 2914/17/4
f 173/17/4 2889/17/4 222/17/4
f 222/17/4 2889/17/4 2888/17/4
f 2867/7/4 2903/7/4 2901/7/4
f 2901/7/4 2903/7/4 2902/7/4
f 2901/17/4 2902/17/4 2951/17/4
f 2951/17/4 2902/17/4 3030/17/4
f 519/17/4 308/17/4 517/17/4
f 517/17/4 308/17/4 514/17/4
f 3082/17/4 3084/17/4 526/17/4
f 526/17/4 3084/17/4 3083/17/4
f 3095/17/4 3031/17/4 3096/17/4
f 3096/17/4 3031/17/4 3097/17/4
f 3158/17/4 3098/17/4 3159/17/4
f 3159/17/4 3098/17/4 3162/17/4
f 3167/17/4 3170/17/4 3168/17/4
f 3168/17/4 3170/17/4 3169/17/4
f 740/17/4 3251/17/4 737/17/4
f 737/17/4 3251/17/4 3250/17/4
f 1160/17/4 3477/17/4 1157/17/4
f 1157/17/4 3477/17/4 3476/17/4
f 1293/17/4 1288/17/4 1290/17/4
f 1290/17/4 1288/17/4 1287/17/4
f 1340/17/4 1286/17/4 1338/17/4
f 1338/17/4 1286/17/4 3603/17/4
f 3568/17/4 3608/17/4 1344/17/4
f 1344/17/4 3608/17/4 3607/17/4
f 1448/17/4 1423/17/4 1439/17/4
f 1439/17/4 1423/17/4 1422/17/4
f 1440/17/4 1421/17/4 1437/17/4
f 1437/17/4 1421/17/4 3664/17/4
f 1438/17/4 3667/17/4 1445/17/4
f 1445/17/4 3667/17/4 3666/17/4
f 3913/14/4 1718/14/4 3914/14/4
f 3914/14/4 1718/14/4 1717/14/4
f 4015/3/4 1826/3/4 4016/3/4
f 4016/3/4 1826/3/4 1825/3/4
f 4031/4/4 1846/4/4 4032/4/4
f 4032/4/4 1846/4/4 1845/4/4
f 4056/14/4 1877/14/4 4057/14/4
f 4057/14/4 1877/14/4 1876/14/4
f 4087/1/4 1926/1/4 4088/1/4
f 4088/1/4 1926/1/4 1925/1/4
f 4341/1/4 2256/1/4 4342/1/4
f 4342/1/4 2256/1/4 2255/1/4
f 2356/14/4 4824/14/4 2353/14/4
f 2353/14/4 4824/14/4 4799/14/4
f 2454/3/4 2422/3/4 2451/3/4
f 2451/3/4 2422/3/4 4801/3/4
f 4460/1/4 2532/1/4 4461/1/4
f 4461/1/4 2532/1/4 2531/1/4
f 2830/17/4 2868/17/4 2831/17/4
f 2831/17/4 2868/17/4 2900/17/4
f 2837/17/4 2840/17/4 2838/17/4
f 2838/17/4 2840/17/4 2839/17/4
f 2896/17/4 4825/17/4 2897/17/4
f 2897/17/4 4825/17/4 2898/17/4
f 525/17/4 409/17/4 522/17/4
f 522/17/4 409/17/4 408/17/4
f 3026/17/4 3029/17/4 3027/17/4
f 3027/17/4 3029/17/4 3028/17/4
f 523/17/4 407/17/4 520/17/4
f 520/17/4 407/17/4 518/17/4
f 3027/7/4 3094/7/4 3089/7/4
f 3089/7/4 3094/7/4 3093/7/4
f 3089/17/4 3093/17/4 4826/17/4
f 4826/17/4 3093/17/4 3157/17/4
f 722/17/4 4669/17/4 719/17/4
f 719/17/4 4669/17/4 3235/17/4
f 1297/17/4 1292/17/4 1294/17/4
f 1294/17/4 1292/17/4 1291/17/4
f 1343/17/4 1290/17/4 1341/17/4
f 1341/17/4 1290/17/4 1339/17/4
f 4255/13/4 4634/13/4 4256/13/4
f 4256/13/4 4634/13/4 2136/13/4
f 4827/13/4 4796/13/4 4529/13/4
f 4529/13/4 4796/13/4 4798/13/4
f 4530/11/4 4821/11/4 4828/11/4
f 4828/11/4 4821/11/4 4822/11/4
f 4828/11/4 4816/11/4 4829/11/4
f 4829/11/4 4816/11/4 2482/11/4
f 4421/1/4 2453/1/4 4422/1/4
f 4422/1/4 2453/1/4 2452/1/4
f 4829/11/4 4438/11/4 4830/11/4
f 4830/11/4 4438/11/4 2533/11/4
f 4830/11/4 4459/11/4 4831/11/4
f 4831/11/4 4459/11/4 4458/11/4
f 4831/11/4 2530/11/4 4531/11/4
f 4531/11/4 2530/11/4 4823/11/4
f 147/17/4 2829/17/4 144/17/4
f 144/17/4 2829/17/4 2828/17/4
f 144/17/4 2899/17/4 2863/17/4
f 2863/17/4 2899/17/4 4825/17/4
f 237/17/4 2893/17/4 234/17/4
f 234/17/4 2893/17/4 2892/17/4
f 235/17/4 2949/17/4 429/17/4
f 429/17/4 2949/17/4 2948/17/4
f 430/17/4 3025/17/4 427/17/4
f 427/17/4 3025/17/4 3024/17/4
f 4832/7/4 3089/7/4 3224/7/4
f 3224/7/4 3089/7/4 4826/7/4
f 3225/17/4 3231/17/4 3226/17/4
f 3226/17/4 3231/17/4 3230/17/4
f 748/17/4 4675/17/4 745/17/4
f 745/17/4 4675/17/4 3257/17/4
f 758/17/4 3261/17/4 755/17/4
f 755/17/4 3261/17/4 3260/17/4
f 1595/12/4 3782/12/4 1592/12/4
f 1592/12/4 3782/12/4 3781/12/4
f 3923/3/4 1730/3/4 3924/3/4
f 3924/3/4 1730/3/4 1729/3/4
f 3991/3/4 1806/3/4 3992/3/4
f 3992/3/4 1806/3/4 1805/3/4
f 4052/14/4 1873/14/4 4053/14/4
f 4053/14/4 1873/14/4 1872/14/4
f 4209/8/4 4833/8/4 4210/8/4
f 4210/8/4 4833/8/4 2067/8/4
f 4207/7/4 4244/7/4 4238/7/4
f 4238/7/4 4244/7/4 4243/7/4
f 2173/14/4 4834/14/4 2170/14/4
f 2170/14/4 4834/14/4 4772/14/4
f 4238/8/4 4294/8/4 4835/8/4
f 4835/8/4 4294/8/4 4293/8/4
f 4835/8/4 4340/8/4 4836/8/4
f 4836/8/4 4340/8/4 4339/8/4
f 4836/8/4 4354/8/4 4837/8/4
f 4837/8/4 4354/8/4 4353/8/4
f 4837/8/4 4827/8/4 4838/8/4
f 4838/8/4 4827/8/4 4529/8/4
f 4378/1/4 2355/1/4 4379/1/4
f 4379/1/4 2355/1/4 2354/1/4
f 4838/13/4 4529/13/4 4839/13/4
f 4839/13/4 4529/13/4 4528/13/4
f 2833/17/4 146/17/4 2834/17/4
f 2834/17/4 146/17/4 145/17/4
f 187/17/4 2862/17/4 314/17/4
f 314/17/4 2862/17/4 235/17/4
f 315/17/4 234/17/4 312/17/4
f 312/17/4 234/17/4 430/17/4
f 313/7/4 429/7/4 3023/7/4
f 3023/7/4 429/7/4 428/7/4
f 701/17/4 3224/17/4 698/17/4
f 698/17/4 3224/17/4 3223/17/4
f 1623/12/4 1592/12/4 1620/12/4
f 1620/12/4 1592/12/4 3792/12/4
f 3917/3/4 1722/3/4 3918/3/4
f 3918/3/4 1722/3/4 1721/3/4
f 3972/4/4 3981/4/4 3973/4/4
f 3973/4/4 3981/4/4 3980/4/4
f 4019/14/4 1830/14/4 4020/14/4
f 4020/14/4 1830/14/4 1829/14/4
f 4046/14/4 1865/14/4 4047/14/4
f 4047/14/4 1865/14/4 1864/14/4
f 4092/7/4 1945/7/4 4140/7/4
f 4140/7/4 1945/7/4 4833/7/4
f 2066/5/4 4237/5/4 4290/5/4
f 4290/5/4 4237/5/4 4236/5/4
f 4280/1/4 2172/1/4 4281/1/4
f 4281/1/4 2172/1/4 2171/1/4
f 4291/7/4 4238/7/4 4840/7/4
f 4840/7/4 4238/7/4 4839/7/4
f 127/17/4 2813/17/4 124/17/4
f 124/17/4 2813/17/4 2812/17/4
f 135/17/4 2817/17/4 132/17/4
f 132/17/4 2817/17/4 2816/17/4
f 151/17/4 2832/17/4 2866/17/4
f 2866/17/4 2832/17/4 185/17/4
f 4841/17/4 4832/17/4 4842/17/4
f 4842/17/4 4832/17/4 3224/17/4
f 4843/7/4 700/7/4 4844/7/4
f 4844/7/4 700/7/4 699/7/4
f 1567/12/4 3765/12/4 1564/12/4
f 1564/12/4 3765/12/4 1595/12/4
f 3931/14/4 1742/14/4 3932/14/4
f 3932/14/4 1742/14/4 1741/14/4
f 1941/5/4 4090/5/4 1938/5/4
f 1938/5/4 4090/5/4 4089/5/4
f 4147/8/4 1995/8/4 4148/8/4
f 4148/8/4 1995/8/4 1994/8/4
f 4151/8/4 2003/8/4 4152/8/4
f 4152/8/4 2003/8/4 2002/8/4
f 2141/5/4 2065/5/4 2133/5/4
f 2133/5/4 2065/5/4 2064/5/4
f 2092/14/4 4781/14/4 2089/14/4
f 2089/14/4 4781/14/4 4834/14/4
f 2134/5/4 2126/5/4 2131/5/4
f 2131/5/4 2126/5/4 2125/5/4
f 2123/5/4 2063/5/4 4332/5/4
f 4332/5/4 2063/5/4 4289/5/4
f 2315/14/4 4773/14/4 2312/14/4
f 2312/14/4 4773/14/4 4824/14/4
f 4333/8/4 4292/8/4 4416/8/4
f 4416/8/4 4292/8/4 2440/8/4
f 4417/1/4 2439/1/4 4418/1/4
f 4418/1/4 2439/1/4 2438/1/4
f 191/17/4 2865/17/4 188/17/4
f 188/17/4 2865/17/4 2864/17/4
f 188/17/4 184/17/4 2947/17/4
f 2947/17/4 184/17/4 313/17/4
f 4845/17/4 3088/17/4 4846/17/4
f 4846/17/4 3088/17/4 3087/17/4
f 4847/7/4 4841/7/4 3228/7/4
f 3228/7/4 4841/7/4 4842/7/4
f 3229/17/4 4843/17/4 744/17/4
f 744/17/4 4843/17/4 4844/17/4
f 744/17/4 699/17/4 741/17/4
f 741/17/4 699/17/4 3254/17/4
f 754/17/4 747/17/4 751/17/4
f 751/17/4 747/17/4 746/17/4
f 4848/12/4 1564/12/4 4849/12/4
f 4849/12/4 1564/12/4 3785/12/4
f 3948/14/4 1762/14/4 3949/14/4
f 3949/14/4 1762/14/4 1761/14/4
f 3976/14/4 1786/14/4 3977/14/4
f 3977/14/4 1786/14/4 1785/14/4
f 3995/3/4 1810/3/4 3996/3/4
f 3996/3/4 1810/3/4 1809/3/4
f 4850/14/4 4751/14/4 4851/14/4
f 4851/14/4 4751/14/4 4820/14/4
f 1911/5/4 1940/5/4 1908/5/4
f 1908/5/4 1940/5/4 1944/5/4
f 4851/14/4 4086/14/4 4852/14/4
f 4852/14/4 4086/14/4 4085/14/4
f 4852/3/4 4129/3/4 4853/3/4
f 4853/3/4 4129/3/4 4128/3/4
f 2072/5/4 4139/5/4 4854/5/4
f 4854/5/4 4139/5/4 4138/5/4
f 4853/3/4 1966/3/4 4226/3/4
f 4226/3/4 1966/3/4 4782/3/4
f 4854/5/4 2140/5/4 2069/5/4
f 2069/5/4 2140/5/4 2147/5/4
f 4227/1/4 2091/1/4 4228/1/4
f 4228/1/4 2091/1/4 2090/1/4
f 2070/1/4 2146/1/4 2148/1/4
f 2148/1/4 2146/1/4 2145/1/4
f 4225/14/4 4279/14/4 4855/14/4
f 4855/14/4 4279/14/4 4278/14/4
f 4855/3/4 4318/3/4 4856/3/4
f 4856/3/4 4318/3/4 4317/3/4
f 2209/5/4 2120/5/4 4350/5/4
f 4350/5/4 2120/5/4 4331/5/4
f 4856/3/4 2214/3/4 4358/3/4
f 4358/3/4 2214/3/4 4774/3/4
f 4359/1/4 2314/1/4 4360/1/4
f 4360/1/4 2314/1/4 2313/1/4
f 4357/14/4 4377/14/4 4857/14/4
f 4857/14/4 4377/14/4 4376/14/4
f 4857/3/4 4406/3/4 4858/3/4
f 4858/3/4 4406/3/4 4405/3/4
f 4351/8/4 4334/8/4 4859/8/4
f 4859/8/4 4334/8/4 4415/8/4
f 4858/3/4 4420/3/4 4860/3/4
f 4860/3/4 4420/3/4 4419/3/4
f 4860/14/4 4800/14/4 4861/14/4
f 4861/14/4 4800/14/4 4470/14/4
f 2521/8/4 4862/8/4 4863/8/4
f 4863/8/4 4862/8/4 4840/8/4
f 131/17/4 126/17/4 128/17/4
f 128/17/4 126/17/4 125/17/4
f 241/17/4 2946/17/4 434/17/4
f 434/17/4 2946/17/4 2945/17/4
f 434/17/4 312/17/4 431/17/4
f 431/17/4 312/17/4 3022/17/4
f 432/7/4 4845/7/4 3155/7/4
f 3155/7/4 4845/7/4 4846/7/4
f 3156/17/4 4847/17/4 702/17/4
f 702/17/4 4847/17/4 3227/17/4
f 1715/2/4 3908/2/4 1712/2/4
f 1712/2/4 3908/2/4 3907/2/4
f 4720/4/4 3912/4/4 4864/4/4
f 4864/4/4 3912/4/4 3911/4/4
f 2075/5/4 1910/5/4 4865/5/4
f 4865/5/4 1910/5/4 1909/5/4
f 1923/2/4 4082/2/4 1920/2/4
f 1920/2/4 4082/2/4 4081/2/4
f 4865/5/4 1943/5/4 4866/5/4
f 4866/5/4 1943/5/4 1942/5/4
f 4124/8/4 2007/8/4 4155/8/4
f 4155/8/4 2007/8/4 2006/8/4
f 2014/2/4 4163/2/4 2011/2/4
f 2011/2/4 4163/2/4 4162/2/4
f 4866/5/4 2071/5/4 2073/5/4
f 2073/5/4 2071/5/4 2070/5/4
f 2264/5/4 2148/5/4 2260/5/4
f 2260/5/4 2148/5/4 2208/5/4
f 2213/2/4 4310/2/4 2210/2/4
f 2210/2/4 4310/2/4 4309/2/4
f 2261/5/4 2207/5/4 4369/5/4
f 4369/5/4 2207/5/4 4349/5/4
f 2352/2/4 4373/2/4 2349/2/4
f 2349/2/4 4373/2/4 4372/2/4
f 4370/8/4 4352/8/4 4867/8/4
f 4867/8/4 4352/8/4 4859/8/4
f 4452/1/4 2520/1/4 4453/1/4
f 4453/1/4 2520/1/4 2519/1/4
f 2545/2/4 4463/2/4 2542/2/4
f 2542/2/4 4463/2/4 4462/2/4
f 4864/4/4 4850/4/4 4469/4/4
f 4469/4/4 4850/4/4 4861/4/4
f 4079/2/4 4505/2/4 4501/2/4
f 4501/2/4 4505/2/4 4504/2/4
f 155/17/4 150/17/4 152/17/4
f 152/17/4 150/17/4 149/17/4
f 4868/17/4 190/17/4 4869/17/4
f 4869/17/4 190/17/4 189/17/4
f 319/17/4 238/17/4 316/17/4
f 316/17/4 238/17/4 434/17/4
f 628/17/4 432/17/4 625/17/4
f 625/17/4 432/17/4 3154/17/4
f 709/7/4 704/7/4 706/7/4
f 706/7/4 704/7/4 703/7/4
f 707/17/4 743/17/4 749/17/4
f 749/17/4 743/17/4 742/17/4
f 3886/2/4 4078/2/4 3887/2/4
f 3887/2/4 4078/2/4 4717/2/4
f 2549/2/4 1714/2/4 4870/2/4
f 4870/2/4 1714/2/4 1713/2/4
f 1799/14/4 1790/14/4 1796/14/4
f 1796/14/4 1790/14/4 1789/14/4
f 4023/14/4 1834/14/4 4024/14/4
f 4024/14/4 1834/14/4 1833/14/4
f 4870/2/4 4466/2/4 4871/2/4
f 4871/2/4 4466/2/4 4083/2/4
f 4871/2/4 1922/2/4 4872/2/4
f 4872/2/4 1922/2/4 1921/2/4
f 4119/5/4 4125/5/4 4120/5/4
f 4120/5/4 4125/5/4 4124/5/4
f 4872/2/4 4084/2/4 4873/2/4
f 4873/2/4 4084/2/4 4164/2/4
f 1992/5/4 1912/5/4 1989/5/4
f 1989/5/4 1912/5/4 2078/5/4
f 4873/2/4 2013/2/4 4874/2/4
f 4874/2/4 2013/2/4 2012/2/4
f 4874/2/4 4165/2/4 4875/2/4
f 4875/2/4 4165/2/4 4311/2/4
f 2307/5/4 2150/5/4 4876/5/4
f 4876/5/4 2150/5/4 2149/5/4
f 4875/2/4 2212/2/4 4877/2/4
f 4877/2/4 2212/2/4 2211/2/4
f 4876/5/4 2263/5/4 2303/5/4
f 2303/5/4 2263/5/4 2262/5/4
f 4877/2/4 4312/2/4 4878/2/4
f 4878/2/4 4312/2/4 4374/2/4
f 2304/5/4 2299/5/4 2301/5/4
f 2301/5/4 2299/5/4 2298/5/4
f 2296/5/4 2258/5/4 4398/5/4
f 4398/5/4 2258/5/4 4368/5/4
f 4878/2/4 2351/2/4 4879/2/4
f 4879/2/4 2351/2/4 2350/2/4
f 4879/2/4 4375/2/4 4880/2/4
f 4880/2/4 4375/2/4 4464/2/4
f 4399/8/4 4371/8/4 2478/8/4
f 2478/8/4 4371/8/4 4867/8/4
f 2478/8/4 2437/8/4 2475/8/4
f 2475/8/4 2437/8/4 4862/8/4
f 4880/2/4 2544/2/4 2546/2/4
f 2546/2/4 2544/2/4 2543/2/4
f 2679/8/4 2518/8/4 2676/8/4
f 2676/8/4 2518/8/4 4863/8/4
f 4881/7/4 4868/7/4 244/7/4
f 244/7/4 4868/7/4 4869/7/4
f 245/17/4 240/17/4 242/17/4
f 242/17/4 240/17/4 239/17/4
f 243/7/4 318/7/4 320/7/4
f 320/7/4 318/7/4 317/7/4
f 437/17/4 433/17/4 435/17/4
f 435/17/4 433/17/4 432/17/4
f 538/17/4 627/17/4 536/17/4
f 536/17/4 627/17/4 4882/17/4
f 536/7/4 4882/7/4 629/7/4
f 629/7/4 4882/7/4 626/7/4
f 712/17/4 708/17/4 710/17/4
f 710/17/4 708/17/4 707/17/4
f 1680/6/4 3852/6/4 1677/6/4
f 1677/6/4 3852/6/4 3851/6/4
f 3882/2/4 3885/2/4 3883/2/4
f 3883/2/4 3885/2/4 3884/2/4
f 3944/14/4 1758/14/4 3945/14/4
f 3945/14/4 1758/14/4 1757/14/4
f 1815/14/4 1798/14/4 1812/14/4
f 1812/14/4 1798/14/4 1797/14/4
f 2344/5/4 1914/5/4 4883/5/4
f 4883/5/4 1914/5/4 1913/5/4
f 4883/5/4 1991/5/4 4884/5/4
f 4884/5/4 1991/5/4 1990/5/4
f 4884/5/4 2077/5/4 4885/5/4
f 4885/5/4 2077/5/4 2076/5/4
f 2088/2/4 2548/2/4 2086/2/4
f 2086/2/4 2548/2/4 2169/2/4
f 2087/1/4 2168/1/4 2552/1/4
f 2552/1/4 2168/1/4 2167/1/4
f 4885/5/4 2306/5/4 2341/5/4
f 2341/5/4 2306/5/4 2305/5/4
f 2342/5/4 2293/5/4 4412/5/4
f 4412/5/4 2293/5/4 4397/5/4
f 4413/8/4 4400/8/4 4414/8/4
f 4414/8/4 4400/8/4 2478/8/4
f 4436/1/4 2477/1/4 4437/1/4
f 4437/1/4 2477/1/4 2476/1/4
f 2553/2/4 2166/2/4 2550/2/4
f 2550/2/4 2166/2/4 2547/2/4
f 4534/1/4 2678/1/4 4535/1/4
f 4535/1/4 2678/1/4 2677/1/4
f 259/17/4 194/17/4 251/17/4
f 251/17/4 194/17/4 193/17/4
f 203/7/4 198/7/4 200/7/4
f 200/7/4 198/7/4 197/7/4
f 249/17/4 4881/17/4 246/17/4
f 246/17/4 4881/17/4 243/17/4
f 247/17/4 322/17/4 539/17/4
f 539/17/4 322/17/4 537/17/4
f 541/17/4 634/17/4 636/17/4
f 636/17/4 634/17/4 633/17/4
f 3767/6/4 4848/6/4 4886/6/4
f 4886/6/4 4848/6/4 4849/6/4
f 4886/6/4 3794/6/4 3856/6/4
f 3856/6/4 3794/6/4 1680/6/4
f 3878/2/4 3881/2/4 3879/2/4
f 3879/2/4 3881/2/4 3880/2/4
f 3934/14/4 1746/14/4 3935/14/4
f 3935/14/4 1746/14/4 1745/14/4
f 3855/6/4 1677/6/4 4887/6/4
f 4887/6/4 1677/6/4 3957/6/4
f 3999/14/4 1814/14/4 4000/14/4
f 4000/14/4 1814/14/4 1813/14/4
f 2418/5/4 1918/5/4 1959/5/4
f 1959/5/4 1918/5/4 1917/5/4
f 1960/5/4 1916/5/4 1957/5/4
f 1957/5/4 1916/5/4 2000/5/4
f 1958/5/4 1999/5/4 2267/5/4
f 2267/5/4 1999/5/4 1998/5/4
f 2018/2/4 1669/2/4 2015/2/4
f 2015/2/4 1669/2/4 2095/2/4
f 2016/1/4 2094/1/4 2556/1/4
f 2556/1/4 2094/1/4 2093/1/4
f 2268/5/4 1997/5/4 2265/5/4
f 2265/5/4 1997/5/4 2311/5/4
f 2266/5/4 2310/5/4 2414/5/4
f 2414/5/4 2310/5/4 2309/5/4
f 2415/5/4 2308/5/4 2411/5/4
f 2411/5/4 2308/5/4 2343/5/4
f 2404/5/4 2399/5/4 2401/5/4
f 2401/5/4 2399/5/4 2398/5/4
f 2412/5/4 2407/5/4 2409/5/4
f 2409/5/4 2407/5/4 2406/5/4
f 2392/5/4 2339/5/4 4432/5/4
f 4432/5/4 2339/5/4 4411/5/4
f 4433/8/4 4414/8/4 4434/8/4
f 4434/8/4 4414/8/4 4435/8/4
f 2557/2/4 2087/2/4 2554/2/4
f 2554/2/4 2087/2/4 2551/2/4
f 263/17/4 4730/17/4 260/17/4
f 260/17/4 4730/17/4 257/17/4
f 332/17/4 250/17/4 330/17/4
f 330/17/4 250/17/4 442/17/4
f 331/17/4 340/17/4 545/17/4
f 545/17/4 340/17/4 541/17/4
f 1571/15/4 3768/15/4 1568/15/4
f 1568/15/4 3768/15/4 3767/15/4
f 1568/12/4 3767/12/4 1596/12/4
f 1596/12/4 3767/12/4 4886/12/4
f 2458/2/4 1671/2/4 4888/2/4
f 4888/2/4 1671/2/4 1670/2/4
f 3875/2/4 3877/2/4 1839/2/4
f 1839/2/4 3877/2/4 3876/2/4
f 1596/15/4 4886/15/4 3956/15/4
f 3956/15/4 4886/15/4 4887/15/4
f 3964/4/4 1774/4/4 3965/4/4
f 3965/4/4 1774/4/4 1773/4/4
f 3968/14/4 1782/14/4 3969/14/4
f 3969/14/4 1782/14/4 1781/14/4
f 2450/5/4 2413/5/4 2447/5/4
f 2447/5/4 2413/5/4 2446/5/4
f 4888/2/4 2017/2/4 2455/2/4
f 2455/2/4 2017/2/4 2505/2/4
f 2444/5/4 2389/5/4 4525/5/4
f 4525/5/4 2389/5/4 4431/5/4
f 2456/1/4 2504/1/4 2560/1/4
f 2560/1/4 2504/1/4 2503/1/4
f 4526/8/4 4451/8/4 4889/8/4
f 4889/8/4 4451/8/4 4450/8/4
f 2561/2/4 2502/2/4 2558/2/4
f 2558/2/4 2502/2/4 2555/2/4
f 4889/8/4 4533/8/4 4527/8/4
f 4527/8/4 4533/8/4 4532/8/4
f 3871/2/4 3874/2/4 3872/2/4
f 3872/2/4 3874/2/4 3873/2/4
f 1735/2/4 2457/2/4 1732/2/4
f 1732/2/4 2457/2/4 1858/2/4
f 3952/4/4 1766/4/4 3953/4/4
f 3953/4/4 1766/4/4 1765/4/4
f 3869/14/4 1802/14/4 3988/14/4
f 3988/14/4 1802/14/4 1801/14/4
f 4038/1/4 1857/1/4 4039/1/4
f 4039/1/4 1857/1/4 1856/1/4
f 1931/2/4 1855/2/4 1928/2/4
f 1928/2/4 1855/2/4 1973/2/4
f 1929/1/4 1972/1/4 2271/1/4
f 2271/1/4 1972/1/4 1971/1/4
f 2272/2/4 1970/2/4 2269/2/4
f 2269/2/4 1970/2/4 2319/2/4
f 2270/1/4 2318/1/4 2564/1/4
f 2564/1/4 2318/1/4 2317/1/4
f 2494/5/4 2489/5/4 2491/5/4
f 2491/5/4 2489/5/4 2488/5/4
f 2501/5/4 2497/5/4 2498/5/4
f 2498/5/4 2497/5/4 2496/5/4
f 2565/2/4 2316/2/4 2562/2/4
f 2562/2/4 2316/2/4 2559/2/4
f 2665/5/4 2441/5/4 2663/5/4
f 2663/5/4 2441/5/4 4524/5/4
f 3867/2/4 3870/2/4 3868/2/4
f 3868/2/4 3870/2/4 3869/2/4
f 3961/14/4 1770/14/4 3962/14/4
f 3962/14/4 1770/14/4 1769/14/4
f 2177/2/4 1734/2/4 2174/2/4
f 2174/2/4 1734/2/4 2225/2/4
f 2175/1/4 2224/1/4 2568/1/4
f 2568/1/4 2224/1/4 2223/1/4
f 2685/5/4 2524/5/4 2681/5/4
f 2681/5/4 2524/5/4 2523/5/4
f 2541/5/4 2536/5/4 2538/5/4
f 2538/5/4 2536/5/4 2535/5/4
f 2569/2/4 2222/2/4 2566/2/4
f 2566/2/4 2222/2/4 2563/2/4
f 2672/5/4 2483/5/4 2669/5/4
f 2669/5/4 2483/5/4 2664/5/4
f 3863/2/4 3866/2/4 3864/2/4
f 3864/2/4 3866/2/4 3865/2/4
f 4890/1/4 2021/1/4 4891/1/4
f 4891/1/4 2021/1/4 2020/1/4
f 2322/2/4 2176/2/4 2320/2/4
f 2320/2/4 2176/2/4 2360/2/4
f 2321/2/4 2359/2/4 2572/2/4
f 2572/2/4 2359/2/4 2358/2/4
f 2573/2/4 2357/2/4 2570/2/4
f 2570/2/4 2357/2/4 2567/2/4
f 4892/8/4 4736/8/4 4893/8/4
f 4893/8/4 4736/8/4 2683/8/4
f 4894/17/4 4895/17/4 4896/17/4
f 4896/17/4 4895/17/4 3652/17/4
f 3859/2/4 3862/2/4 3860/2/4
f 3860/2/4 3862/2/4 3861/2/4
f 1980/2/4 1976/2/4 1978/2/4
f 1978/2/4 1976/2/4 1975/2/4
f 2582/2/4 4890/2/4 2508/2/4
f 2508/2/4 4890/2/4 4891/2/4
f 2428/2/4 2098/2/4 2602/2/4
f 2602/2/4 2098/2/4 2097/2/4
f 2509/2/4 2575/2/4 2506/2/4
f 2506/2/4 2575/2/4 2579/2/4
f 2507/2/4 2578/2/4 2580/2/4
f 2580/2/4 2578/2/4 2577/2/4
f 2689/7/4 4892/7/4 2686/7/4
f 2686/7/4 4892/7/4 4893/7/4
f 4897/7/4 4894/7/4 4899/7/4
f 4899/7/4 4894/7/4 4898/7/4
f 2589/2/4 1675/2/4 2180/2/4
f 2180/2/4 1675/2/4 1674/2/4
f 2181/2/4 1673/2/4 2178/2/4
f 2178/2/4 1673/2/4 2229/2/4
f 2179/2/4 2228/2/4 2585/2/4
f 2585/2/4 2228/2/4 2227/2/4
f 2586/2/4 2226/2/4 2583/2/4
f 2583/2/4 2226/2/4 2581/2/4
f 1136/17/4 3466/17/4 1133/17/4
f 1133/17/4 3466/17/4 3465/17/4
f 4900/7/4 3588/7/4 4901/7/4
f 4901/7/4 3588/7/4 3587/7/4
f 1428/17/4 4897/17/4 4902/17/4
f 4902/17/4 4897/17/4 4899/17/4
f 4902/17/4 4898/17/4 1425/17/4
f 1425/17/4 4898/17/4 4896/17/4
f 2593/2/4 2588/2/4 2590/2/4
f 2590/2/4 2588/2/4 2587/2/4
f 1116/17/4 3455/17/4 1113/17/4
f 1113/17/4 3455/17/4 1136/17/4
f 3520/17/4 3523/17/4 3521/17/4
f 3521/17/4 3523/17/4 3522/17/4
f 1385/17/4 3653/17/4 1382/17/4
f 1382/17/4 3653/17/4 4895/17/4
f 1140/7/4 1113/7/4 1137/7/4
f 1137/7/4 1113/7/4 3469/7/4
f 1220/17/4 3519/17/4 1217/17/4
f 1217/17/4 3519/17/4 3518/17/4
f 1218/17/4 3559/17/4 3555/17/4
f 3555/17/4 3559/17/4 3558/17/4
f 1120/17/4 3457/17/4 1117/17/4
f 1117/17/4 3457/17/4 1140/17/4
f 1175/17/4 3487/17/4 1172/17/4
f 1172/17/4 3487/17/4 3486/17/4
f 1173/17/4 1219/17/4 1273/17/4
f 1273/17/4 1219/17/4 1218/17/4
f 1274/17/4 1217/17/4 1271/17/4
f 1271/17/4 1217/17/4 3554/17/4
f 1389/17/4 3626/17/4 1386/17/4
f 1386/17/4 3626/17/4 3625/17/4
f 1224/17/4 1172/17/4 1221/17/4
f 1221/17/4 1172/17/4 1274/17/4
f 1222/17/4 1273/17/4 3557/17/4
f 3557/17/4 1273/17/4 1272/17/4
f 1417/7/4 1386/7/4 1414/7/4
f 1414/7/4 1386/7/4 3646/7/4
f 1144/17/4 1117/17/4 1141/17/4
f 1141/17/4 1117/17/4 1174/17/4
f 1141/7/4 1174/7/4 1281/7/4
f 1281/7/4 1174/7/4 1173/7/4
f 1281/17/4 1223/17/4 1277/17/4
f 1277/17/4 1223/17/4 1222/17/4
f 1278/17/4 1221/17/4 1275/17/4
f 1275/17/4 1221/17/4 3556/17/4
f 1393/17/4 3629/17/4 1390/17/4
f 1390/17/4 3629/17/4 1417/17/4
f 1179/17/4 1141/17/4 1176/17/4
f 1176/17/4 1141/17/4 1281/17/4
f 1325/17/4 4900/17/4 1322/17/4
f 1322/17/4 4900/17/4 4901/17/4
f 1148/17/4 3472/17/4 1145/17/4
f 1145/17/4 3472/17/4 1179/17/4
f 1285/7/4 3562/7/4 1282/7/4
f 1282/7/4 3562/7/4 1325/7/4
f 3179/15/5 647/15/5 3176/15/5
f 3176/15/5 647/15/5 646/15/5
f 3447/15/5 1106/15/5 3444/15/5
f 3444/15/5 1106/15/5 1105/15/5
f 3594/15/5 1327/15/5 3591/15/5
f 3591/15/5 1327/15/5 1326/15/5
f 3693/15/5 3707/15/5 3690/15/5
f 3690/15/5 3707/15/5 3706/15/5
f 2800/15/5 106/15/5 2797/15/5
f 2797/15/5 106/15/5 105/15/5
f 648/15/5 3182/15/5 649/15/5
f 649/15/5 3182/15/5 3181/15/5
f 995/15/5 3379/15/5 996/15/5
f 996/15/5 3379/15/5 3378/15/5
f 1107/15/5 3450/15/5 1108/15/5
f 1108/15/5 3450/15/5 3449/15/5
f 1328/15/5 3597/15/5 1329/15/5
f 1329/15/5 3597/15/5 3596/15/5
f 3659/15/5 1430/15/5 3656/15/5
f 3656/15/5 1430/15/5 1429/15/5
f 107/15/5 1501/15/5 108/15/5
f 108/15/5 1501/15/5 2802/15/5
f 3183/15/5 651/15/5 3180/15/5
f 3180/15/5 651/15/5 650/15/5
f 3492/15/5 1181/15/5 3489/15/5
f 3489/15/5 1181/15/5 1180/15/5
f 3724/15/5 1493/15/5 3721/15/5
f 3721/15/5 1493/15/5 1492/15/5
f 2983/15/5 360/15/5 2980/15/5
f 2980/15/5 360/15/5 359/15/5
f 652/15/5 3186/15/5 653/15/5
f 653/15/5 3186/15/5 3185/15/5
f 3290/15/5 805/15/5 3287/15/5
f 3287/15/5 805/15/5 804/15/5
f 999/15/5 3382/15/5 1000/15/5
f 1000/15/5 3382/15/5 3381/15/5
f 3405/15/5 1044/15/5 3402/15/5
f 3402/15/5 1044/15/5 1043/15/5
f 1431/15/5 3662/15/5 1432/15/5
f 1432/15/5 3662/15/5 3661/15/5
f 1494/15/5 1485/15/5 1495/15/5
f 1495/15/5 1485/15/5 1484/15/5
f 2803/15/5 110/15/5 2801/15/5
f 2801/15/5 110/15/5 109/15/5
f 2849/15/5 165/15/5 2846/15/5
f 2846/15/5 165/15/5 164/15/5
f 361/15/5 276/15/5 362/15/5
f 362/15/5 276/15/5 275/15/5
f 3187/15/5 655/15/5 3184/15/5
f 3184/15/5 655/15/5 654/15/5
f 3275/15/5 773/15/5 3272/15/5
f 3272/15/5 773/15/5 772/15/5
f 806/15/5 785/15/5 807/15/5
f 807/15/5 785/15/5 784/15/5
f 1045/15/5 1002/15/5 1046/15/5
f 1046/15/5 1002/15/5 1001/15/5
f 3451/15/5 1110/15/5 3448/15/5
f 3448/15/5 1110/15/5 1109/15/5
f 1182/15/5 1154/15/5 1183/15/5
f 1183/15/5 1154/15/5 1153/15/5
f 3598/15/5 1331/15/5 3595/15/5
f 3595/15/5 1331/15/5 1330/15/5
f 3663/15/5 1434/15/5 3660/15/5
f 3660/15/5 1434/15/5 1433/15/5
f 3708/15/5 1462/15/5 3705/15/5
f 3705/15/5 1462/15/5 1461/15/5
f 3726/15/5 1497/15/5 3725/15/5
f 3725/15/5 1497/15/5 1496/15/5
f 3728/2/5 1500/2/5 3727/2/5
f 3727/2/5 1500/2/5 1493/2/5
f 4466/2/5 1713/2/5 3907/2/5
f 3907/2/5 1713/2/5 1712/2/5
f 4084/2/5 1921/2/5 4081/2/5
f 4081/2/5 1921/2/5 1920/2/5
f 4165/2/5 2012/2/5 4162/2/5
f 4162/2/5 2012/2/5 2011/2/5
f 4312/2/5 2211/2/5 4309/2/5
f 4309/2/5 2211/2/5 2210/2/5
f 4375/2/5 2350/2/5 4372/2/5
f 4372/2/5 2350/2/5 2349/2/5
f 4468/2/5 2547/2/5 2543/2/5
f 2543/2/5 2547/2/5 2546/2/5
f 2700/15/5 4903/15/5 2697/15/5
f 2697/15/5 4903/15/5 1/15/5
f 4904/15/5 4905/15/5 4906/15/5
f 4906/15/5 4905/15/5 2696/15/5
f 4905/15/5 6/15/5 2693/15/5
f 2693/15/5 6/15/5 5/15/5
f 3602/17/5 1335/17/5 3599/17/5
f 3599/17/5 1335/17/5 1334/17/5
f 1336/17/5 1287/17/5 1337/17/5
f 1337/17/5 1287/17/5 1286/17/5
f 2168/2/5 2087/2/5 2169/2/5
f 2169/2/5 2087/2/5 2086/2/5
f 4475/4/5 4472/4/5 4440/4/5
f 4440/4/5 4472/4/5 4471/4/5
f 2216/14/5 4315/14/5 2217/14/5
f 2217/14/5 4315/14/5 4314/14/5
f 1968/14/5 4130/14/5 1969/14/5
f 1969/14/5 4130/14/5 4129/14/5
f 2424/14/5 4407/14/5 2425/14/5
f 2425/14/5 4407/14/5 4406/14/5
f 2220/14/5 4319/14/5 2221/14/5
f 2221/14/5 4319/14/5 4318/14/5
f 3606/17/5 4671/17/5 3603/17/5
f 3603/17/5 4671/17/5 1338/17/5
f 1926/14/5 4087/14/5 1927/14/5
f 1927/14/5 4087/14/5 4086/14/5
f 4671/17/5 1342/17/5 1339/17/5
f 1339/17/5 1342/17/5 1341/17/5
f 2453/3/5 4421/3/5 2454/3/5
f 2454/3/5 4421/3/5 4420/3/5
f 2355/14/5 4378/14/5 2356/14/5
f 2356/14/5 4378/14/5 4377/14/5
f 2172/14/5 4280/14/5 2173/14/5
f 2173/14/5 4280/14/5 4279/14/5
f 2091/3/5 4227/3/5 2092/3/5
f 2092/3/5 4227/3/5 4226/3/5
f 2314/3/5 4359/3/5 2315/3/5
f 2315/3/5 4359/3/5 4358/3/5
f 2094/2/5 2016/2/5 2095/2/5
f 2095/2/5 2016/2/5 2015/2/5
f 3117/17/5 4594/17/5 3114/17/5
f 3114/17/5 4594/17/5 3113/17/5
f 458/7/5 280/7/5 459/7/5
f 459/7/5 280/7/5 279/7/5
f 4594/7/5 560/7/5 3111/7/5
f 3111/7/5 560/7/5 559/7/5
f 2504/2/5 2456/2/5 2505/2/5
f 2505/2/5 2456/2/5 2455/2/5
f 2986/17/5 364/17/5 2984/17/5
f 2984/17/5 364/17/5 363/17/5
f 3356/17/5 897/17/5 3341/17/5
f 3341/17/5 897/17/5 896/17/5
f 2704/15/5 4907/15/5 2701/15/5
f 2701/15/5 4907/15/5 4908/15/5
f 3189/17/5 460/17/5 4595/17/5
f 4595/17/5 460/17/5 457/17/5
f 3340/17/5 901/17/5 3338/17/5
f 3338/17/5 901/17/5 900/17/5
f 4909/15/5 10/15/5 4910/15/5
f 4910/15/5 10/15/5 9/15/5
f 468/7/5 464/7/5 3048/7/5
f 3048/7/5 464/7/5 463/7/5
f 1346/17/5 1295/17/5 1291/17/5
f 1291/17/5 1295/17/5 1294/17/5
f 1972/2/5 1929/2/5 1973/2/5
f 1973/2/5 1929/2/5 1928/2/5
f 2318/2/5 2270/2/5 2319/2/5
f 2319/2/5 2270/2/5 2269/2/5
f 2987/16/5 2988/16/5 2986/16/5
f 2986/16/5 2988/16/5 364/16/5
f 3357/17/5 3385/17/5 3355/17/5
f 3355/17/5 3385/17/5 3384/17/5
f 3051/17/5 3190/17/5 3050/17/5
f 3050/17/5 3190/17/5 4595/17/5
f 3191/17/5 3242/17/5 3188/17/5
f 3188/17/5 3242/17/5 3241/17/5
f 1007/17/5 3388/17/5 1008/17/5
f 1008/17/5 3388/17/5 3387/17/5
f 218/17/5 217/17/5 289/17/5
f 289/17/5 217/17/5 216/17/5
f 369/17/5 367/17/5 461/17/5
f 461/17/5 367/17/5 366/17/5
f 3243/7/5 728/7/5 3240/7/5
f 3240/7/5 728/7/5 727/7/5
f 1054/17/5 1010/17/5 3386/17/5
f 3386/17/5 1010/17/5 1009/17/5
f 906/17/5 861/17/5 907/17/5
f 907/17/5 861/17/5 860/17/5
f 1011/17/5 951/17/5 1012/17/5
f 1012/17/5 951/17/5 950/17/5
f 572/17/5 469/17/5 3052/17/5
f 3052/17/5 469/17/5 468/17/5
f 3528/17/5 1301/17/5 3525/17/5
f 3525/17/5 1301/17/5 3570/17/5
f 3633/17/5 1395/17/5 3631/17/5
f 3631/17/5 1395/17/5 1394/17/5
f 1396/17/5 4911/17/5 1397/17/5
f 1397/17/5 4911/17/5 3609/17/5
f 4911/17/5 1348/17/5 3607/17/5
f 3607/17/5 1348/17/5 1344/17/5
f 1857/2/5 4038/2/5 1858/2/5
f 1858/2/5 4038/2/5 1732/2/5
f 2224/2/5 2175/2/5 2225/2/5
f 2225/2/5 2175/2/5 2174/2/5
f 3122/17/5 566/17/5 3118/17/5
f 3118/17/5 566/17/5 565/17/5
f 3612/16/5 1352/16/5 3610/16/5
f 3610/16/5 1352/16/5 1351/16/5
f 13/15/5 2709/15/5 4913/15/5
f 4913/15/5 2709/15/5 4912/15/5
f 567/14/5 476/14/5 3051/14/5
f 3051/14/5 476/14/5 3190/14/5
f 1049/17/5 3407/17/5 3383/17/5
f 3383/17/5 3407/17/5 1005/17/5
f 476/17/5 575/17/5 3190/17/5
f 3190/17/5 575/17/5 467/17/5
f 371/7/5 291/7/5 288/7/5
f 288/7/5 291/7/5 290/7/5
f 573/17/5 570/17/5 564/17/5
f 564/17/5 570/17/5 569/17/5
f 1053/7/5 1058/7/5 1054/7/5
f 1054/7/5 1058/7/5 1010/7/5
f 1302/17/5 1365/17/5 3571/17/5
f 3571/17/5 1365/17/5 3614/17/5
f 571/7/5 473/7/5 572/7/5
f 572/7/5 473/7/5 472/7/5
f 1058/17/5 1014/17/5 1010/17/5
f 1010/17/5 1014/17/5 1013/17/5
f 1362/17/5 1355/17/5 3613/17/5
f 3613/17/5 1355/17/5 1354/17/5
f 1015/17/5 954/17/5 951/17/5
f 951/17/5 954/17/5 953/17/5
f 1356/17/5 1299/17/5 1357/17/5
f 1357/17/5 1299/17/5 1298/17/5
f 2359/2/5 2321/2/5 2360/2/5
f 2360/2/5 2321/2/5 2320/2/5
f 2708/15/5 14/15/5 2705/15/5
f 2705/15/5 14/15/5 4913/15/5
f 2992/17/5 373/17/5 2989/17/5
f 2989/17/5 373/17/5 372/17/5
f 3411/17/5 3433/17/5 3408/17/5
f 3408/17/5 3433/17/5 1047/17/5
f 3635/16/5 1399/16/5 3634/16/5
f 3634/16/5 1399/16/5 1398/16/5
f 3053/17/5 477/17/5 567/17/5
f 567/17/5 477/17/5 476/17/5
f 1400/17/5 1359/17/5 1352/17/5
f 1352/17/5 1359/17/5 1358/17/5
f 478/17/5 376/17/5 479/17/5
f 479/17/5 376/17/5 370/17/5
f 3124/17/5 574/17/5 3123/17/5
f 3123/17/5 574/17/5 573/17/5
f 1092/17/5 1097/17/5 3406/17/5
f 3406/17/5 1097/17/5 1051/17/5
f 1360/16/5 1368/16/5 1361/16/5
f 1361/16/5 1368/16/5 1302/16/5
f 3193/7/5 659/7/5 3192/7/5
f 3192/7/5 659/7/5 658/7/5
f 1366/17/5 1363/17/5 3616/17/5
f 3616/17/5 1363/17/5 1362/17/5
f 4914/15/5 18/15/5 4915/15/5
f 4915/15/5 18/15/5 17/15/5
f 1057/7/5 1016/7/5 1058/7/5
f 1058/7/5 1016/7/5 1014/7/5
f 1017/7/5 956/7/5 1015/7/5
f 1015/7/5 956/7/5 954/7/5
f 3438/17/5 4916/17/5 3435/17/5
f 3435/17/5 4916/17/5 3434/17/5
f 4916/17/5 4567/17/5 3432/17/5
f 3432/17/5 4567/17/5 1090/17/5
f 3055/17/5 481/17/5 477/17/5
f 477/17/5 481/17/5 480/17/5
f 4567/7/5 1095/7/5 1091/7/5
f 1091/7/5 1095/7/5 1094/7/5
f 482/7/5 379/7/5 376/7/5
f 376/7/5 379/7/5 378/7/5
f 3125/7/5 577/7/5 574/7/5
f 574/7/5 577/7/5 576/7/5
f 1304/17/5 3540/17/5 1234/17/5
f 1234/17/5 3540/17/5 3534/17/5
f 1065/17/5 1060/17/5 1056/17/5
f 1056/17/5 1060/17/5 1059/17/5
f 3636/17/5 1402/17/5 1399/17/5
f 1399/17/5 1402/17/5 1401/17/5
f 1020/17/5 1019/17/5 1016/17/5
f 1016/17/5 1019/17/5 1018/17/5
f 1249/17/5 1246/17/5 1238/17/5
f 1238/17/5 1246/17/5 1245/17/5
f 960/17/5 914/17/5 911/17/5
f 911/17/5 914/17/5 913/17/5
f 3479/17/5 1158/17/5 3476/17/5
f 3476/17/5 1158/17/5 1157/17/5
f 2021/2/5 4890/2/5 2022/2/5
f 2022/2/5 4890/2/5 1974/2/5
f 4890/2/5 2582/2/5 1975/2/5
f 1975/2/5 2582/2/5 1978/2/5
f 2578/2/5 2507/2/5 2579/2/5
f 2579/2/5 2507/2/5 2506/2/5
f 3413/17/5 4545/17/5 3412/17/5
f 3412/17/5 4545/17/5 4917/17/5
f 3618/16/5 1370/16/5 3615/16/5
f 3615/16/5 1370/16/5 1400/16/5
f 4545/7/5 1062/7/5 4917/7/5
f 4917/7/5 1062/7/5 1061/7/5
f 1063/17/5 3415/17/5 1064/17/5
f 1064/17/5 3415/17/5 3414/17/5
f 3057/7/5 484/7/5 481/7/5
f 481/7/5 484/7/5 483/7/5
f 3416/17/5 1066/17/5 1052/17/5
f 1052/17/5 1066/17/5 1055/17/5
f 3620/17/5 3639/17/5 1367/17/5
f 1367/17/5 3639/17/5 3638/17/5
f 1067/17/5 1021/17/5 1068/17/5
f 1068/17/5 1021/17/5 1020/17/5
f 3543/17/5 1250/17/5 3531/17/5
f 3531/17/5 1250/17/5 1237/17/5
f 3640/17/5 1405/17/5 3637/17/5
f 3637/17/5 1405/17/5 1402/17/5
f 961/17/5 958/17/5 1022/17/5
f 1022/17/5 958/17/5 957/17/5
f 3649/17/5 1419/17/5 3648/17/5
f 3648/17/5 1419/17/5 1418/17/5
f 1251/17/5 1185/17/5 1252/17/5
f 1252/17/5 1185/17/5 1184/17/5
f 3304/17/5 823/17/5 3297/17/5
f 3297/17/5 823/17/5 817/17/5
f 3390/17/5 1024/17/5 3389/17/5
f 3389/17/5 1024/17/5 1023/17/5
f 2720/15/5 4918/15/5 2717/15/5
f 2717/15/5 4918/15/5 21/15/5
f 4919/7/5 964/7/5 4920/7/5
f 4920/7/5 964/7/5 4606/7/5
f 964/17/5 4626/17/5 4606/17/5
f 4606/17/5 4626/17/5 4627/17/5
f 4921/15/5 26/15/5 2713/15/5
f 2713/15/5 26/15/5 25/15/5
f 4626/7/5 962/7/5 4627/7/5
f 4627/7/5 962/7/5 961/7/5
f 3643/17/5 1409/17/5 1405/17/5
f 1405/17/5 1409/17/5 1408/17/5
f 3667/17/5 1438/17/5 3664/17/5
f 3664/17/5 1438/17/5 1437/17/5
f 2228/2/5 2179/2/5 2229/2/5
f 2229/2/5 2179/2/5 2178/2/5
f 3362/17/5 4922/17/5 1026/17/5
f 1026/17/5 4922/17/5 4920/17/5
f 4922/17/5 965/17/5 4919/17/5
f 4919/17/5 965/17/5 964/17/5
f 966/17/5 925/17/5 967/17/5
f 967/17/5 925/17/5 922/17/5
f 3651/17/5 4923/17/5 1419/17/5
f 1419/17/5 4923/17/5 1421/17/5
f 1449/17/5 1446/17/5 3666/17/5
f 3666/17/5 1446/17/5 1445/17/5
f 3671/17/5 1450/17/5 3668/17/5
f 3668/17/5 1450/17/5 1449/17/5
f 1451/17/5 1442/17/5 1452/17/5
f 1452/17/5 1442/17/5 1441/17/5
f 3784/12/5 1593/12/5 3781/12/5
f 3781/12/5 1593/12/5 1592/12/5
f 3793/12/5 1621/12/5 3792/12/5
f 3792/12/5 1621/12/5 1620/12/5
f 1594/12/5 1565/12/5 1595/12/5
f 1595/12/5 1565/12/5 1564/12/5
f 3786/12/5 4697/12/5 3785/12/5
f 3785/12/5 4697/12/5 4849/12/5
f 4697/6/5 3795/6/5 4849/6/5
f 4849/6/5 3795/6/5 3794/6/5
f 3854/6/5 1678/6/5 3851/6/5
f 3851/6/5 1678/6/5 1677/6/5
f 1679/6/5 3857/6/5 1680/6/5
f 1680/6/5 3857/6/5 3856/6/5
f 2728/15/5 4924/15/5 2725/15/5
f 2725/15/5 4924/15/5 29/15/5
f 3196/7/5 661/7/5 3194/7/5
f 3194/7/5 661/7/5 660/7/5
f 4925/15/5 34/15/5 2721/15/5
f 2721/15/5 34/15/5 33/15/5
f 3129/7/5 580/7/5 3126/7/5
f 3126/7/5 580/7/5 579/7/5
f 669/17/5 664/17/5 3196/17/5
f 3196/17/5 664/17/5 661/17/5
f 3200/17/5 666/17/5 3197/17/5
f 3197/17/5 666/17/5 665/17/5
f 667/17/5 3202/17/5 668/17/5
f 668/17/5 3202/17/5 3129/17/5
f 587/7/5 584/7/5 580/7/5
f 580/7/5 584/7/5 583/7/5
f 767/7/5 764/7/5 3266/7/5
f 3266/7/5 764/7/5 763/7/5
f 1192/7/5 1189/7/5 3495/7/5
f 3495/7/5 1189/7/5 1188/7/5
f 1308/7/5 1306/7/5 3577/7/5
f 3577/7/5 1306/7/5 1305/7/5
f 1885/2/5 1777/2/5 1886/2/5
f 1886/2/5 1777/2/5 1776/2/5
f 3061/17/5 487/17/5 3058/17/5
f 3058/17/5 487/17/5 486/17/5
f 3245/17/5 731/17/5 3244/17/5
f 3244/17/5 731/17/5 730/17/5
f 2736/15/5 4926/15/5 2733/15/5
f 2733/15/5 4926/15/5 37/15/5
f 732/14/5 4927/14/5 666/14/5
f 666/14/5 4927/14/5 3203/14/5
f 4927/17/5 674/17/5 3201/17/5
f 3201/17/5 674/17/5 669/17/5
f 4928/17/5 4630/17/5 3459/17/5
f 3459/17/5 4630/17/5 4777/17/5
f 3502/17/5 1193/17/5 3499/17/5
f 3499/17/5 1193/17/5 3498/17/5
f 1312/17/5 1309/17/5 3579/17/5
f 3579/17/5 1309/17/5 1308/17/5
f 385/7/5 383/7/5 492/7/5
f 492/7/5 383/7/5 382/7/5
f 674/17/5 672/17/5 670/17/5
f 670/17/5 672/17/5 671/17/5
f 4630/7/5 1122/7/5 4777/7/5
f 4777/7/5 1122/7/5 1121/7/5
f 1310/17/5 1258/17/5 1311/17/5
f 1311/17/5 1258/17/5 1257/17/5
f 1376/7/5 1374/7/5 3621/7/5
f 3621/7/5 1374/7/5 1373/7/5
f 4929/15/5 42/15/5 2729/15/5
f 2729/15/5 42/15/5 41/15/5
f 4930/1/5 4931/1/5 1935/1/5
f 1935/1/5 4931/1/5 4737/1/5
f 2098/2/5 2428/2/5 2099/2/5
f 2099/2/5 2428/2/5 2023/2/5
f 3207/17/5 3246/17/5 3132/17/5
f 3132/17/5 3246/17/5 3131/17/5
f 3549/17/5 1319/17/5 3544/17/5
f 3544/17/5 1319/17/5 1253/17/5
f 3247/17/5 4557/17/5 731/17/5
f 731/17/5 4557/17/5 4932/17/5
f 1316/17/5 1313/17/5 3581/17/5
f 3581/17/5 1313/17/5 1312/17/5
f 495/17/5 386/17/5 496/17/5
f 496/17/5 386/17/5 385/17/5
f 1314/17/5 1264/17/5 1315/17/5
f 1315/17/5 1264/17/5 1310/17/5
f 3623/17/5 1377/17/5 3622/17/5
f 3622/17/5 1377/17/5 1376/17/5
f 387/7/5 294/7/5 388/7/5
f 388/7/5 294/7/5 293/7/5
f 676/14/5 593/14/5 588/14/5
f 588/14/5 593/14/5 673/14/5
f 1264/14/5 4631/14/5 1310/14/5
f 1310/14/5 4631/14/5 1258/14/5
f 3645/7/5 1413/7/5 3644/7/5
f 3644/7/5 1413/7/5 1412/7/5
f 4631/7/5 1261/7/5 1258/7/5
f 1258/7/5 1261/7/5 1260/7/5
f 3205/17/5 678/17/5 672/17/5
f 672/17/5 678/17/5 677/17/5
f 1262/17/5 1197/17/5 1263/17/5
f 1263/17/5 1197/17/5 1196/17/5
f 3249/7/5 734/7/5 3248/7/5
f 3248/7/5 734/7/5 733/7/5
f 1198/7/5 1165/7/5 1199/7/5
f 1199/7/5 1165/7/5 1164/7/5
f 1894/2/5 1891/2/5 4737/2/5
f 4737/2/5 1891/2/5 1884/2/5
f 2461/2/5 2427/2/5 2462/2/5
f 2462/2/5 2427/2/5 2426/2/5
f 3208/17/5 682/17/5 3206/17/5
f 3206/17/5 682/17/5 681/17/5
f 3508/16/5 1204/16/5 3507/16/5
f 3507/16/5 1204/16/5 3505/16/5
f 3584/17/5 1317/17/5 3582/17/5
f 3582/17/5 1317/17/5 1316/17/5
f 1318/14/5 3585/14/5 1319/14/5
f 1319/14/5 3585/14/5 1314/14/5
f 3066/17/5 498/17/5 494/17/5
f 494/17/5 498/17/5 497/17/5
f 3271/17/5 3277/17/5 3268/17/5
f 3268/17/5 3277/17/5 767/17/5
f 3462/17/5 1126/17/5 4933/17/5
f 4933/17/5 1126/17/5 1125/17/5
f 3586/17/5 1321/17/5 1313/17/5
f 1313/17/5 1321/17/5 1320/17/5
f 499/7/5 390/7/5 386/7/5
f 386/7/5 390/7/5 389/7/5
f 686/17/5 594/17/5 676/17/5
f 676/17/5 594/17/5 593/17/5
f 3278/7/5 777/7/5 3276/7/5
f 3276/7/5 777/7/5 776/7/5
f 1207/17/5 1201/17/5 1195/17/5
f 1195/17/5 1201/17/5 1200/17/5
f 3624/7/5 1379/7/5 1377/7/5
f 1377/7/5 1379/7/5 1378/7/5
f 3510/17/5 1205/17/5 3508/17/5
f 3508/17/5 1205/17/5 1204/17/5
f 2744/15/5 4934/15/5 2741/15/5
f 2741/15/5 4934/15/5 45/15/5
f 3212/17/5 3213/17/5 3209/17/5
f 3209/17/5 3213/17/5 675/17/5
f 3550/17/5 1268/17/5 1318/17/5
f 1318/17/5 1268/17/5 1265/17/5
f 4935/15/5 4936/15/5 4937/15/5
f 4937/15/5 4936/15/5 2740/15/5
f 3068/7/5 501/7/5 498/7/5
f 498/7/5 501/7/5 500/7/5
f 3464/7/5 1130/7/5 1126/7/5
f 1126/7/5 1130/7/5 1129/7/5
f 1268/7/5 1267/7/5 1265/7/5
f 1265/7/5 1267/7/5 1266/7/5
f 4936/15/5 50/15/5 2737/15/5
f 2737/15/5 50/15/5 49/15/5
f 1937/2/5 1895/2/5 4930/2/5
f 4930/2/5 1895/2/5 4931/2/5
f 2325/2/5 2274/2/5 2326/2/5
f 2326/2/5 2274/2/5 2273/2/5
f 3553/7/5 1269/7/5 3551/7/5
f 3551/7/5 1269/7/5 1268/7/5
f 3216/7/5 688/7/5 685/7/5
f 685/7/5 688/7/5 687/7/5
f 1270/17/5 1212/17/5 1208/17/5
f 1208/17/5 1212/17/5 1211/17/5
f 2232/2/5 2183/2/5 2233/2/5
f 2233/2/5 2183/2/5 2182/2/5
f 3517/7/5 1215/7/5 1270/7/5
f 1270/7/5 1215/7/5 1212/7/5
f 1838/2/5 1684/2/5 1839/2/5
f 1839/2/5 1684/2/5 1683/2/5
f 2752/15/5 58/15/5 2749/15/5
f 2749/15/5 58/15/5 57/15/5
f 2805/2/5 114/2/5 2804/2/5
f 2804/2/5 114/2/5 113/2/5
f 115/15/5 4938/15/5 54/15/5
f 54/15/5 4938/15/5 2748/15/5
f 4938/15/5 62/15/5 2745/15/5
f 2745/15/5 62/15/5 61/15/5
f 2827/17/5 141/17/5 2824/17/5
f 2824/17/5 141/17/5 140/17/5
f 2854/17/5 173/17/5 2853/17/5
f 2853/17/5 173/17/5 172/17/5
f 2279/2/5 2235/2/5 2280/2/5
f 2280/2/5 2235/2/5 2234/2/5
f 3352/17/5 929/17/5 3350/17/5
f 3350/17/5 929/17/5 928/17/5
f 2240/14/5 4323/14/5 2241/14/5
f 2241/14/5 4323/14/5 4322/14/5
f 3364/17/5 1029/17/5 3363/17/5
f 3363/17/5 1029/17/5 968/17/5
f 1900/4/5 4072/4/5 1841/4/5
f 1841/4/5 4072/4/5 4071/4/5
f 2188/14/5 4284/14/5 2189/14/5
f 2189/14/5 4284/14/5 4283/14/5
f 2627/14/5 4491/14/5 2628/14/5
f 2628/14/5 4491/14/5 4490/14/5
f 2329/3/5 4363/3/5 2330/3/5
f 2330/3/5 4363/3/5 4362/3/5
f 2465/3/5 4425/3/5 2466/3/5
f 2466/3/5 4425/3/5 4424/3/5
f 226/17/5 223/17/5 4939/17/5
f 4939/17/5 223/17/5 222/17/5
f 1903/4/5 4075/4/5 1845/4/5
f 1845/4/5 4075/4/5 4032/4/5
f 2029/3/5 1982/3/5 2030/3/5
f 2030/3/5 1982/3/5 1981/3/5
f 2631/14/5 4495/14/5 2632/14/5
f 2632/14/5 4495/14/5 4494/14/5
f 1983/14/5 4134/14/5 1984/14/5
f 1984/14/5 4134/14/5 4133/14/5
f 2363/3/5 4382/3/5 2364/3/5
f 2364/3/5 4382/3/5 4381/3/5
f 4496/14/5 4940/14/5 4493/14/5
f 4493/14/5 4940/14/5 4941/14/5
f 2469/2/5 2430/2/5 2470/2/5
f 2470/2/5 2430/2/5 2429/2/5
f 3366/17/5 4942/17/5 3365/17/5
f 3365/17/5 4942/17/5 4745/17/5
f 3419/17/5 1070/17/5 3417/17/5
f 3417/17/5 1070/17/5 1069/17/5
f 4942/7/5 4943/7/5 4745/7/5
f 4745/7/5 4943/7/5 4764/7/5
f 4171/15/5 2035/15/5 4168/15/5
f 4168/15/5 2035/15/5 4230/15/5
f 4943/17/5 3392/17/5 4764/17/5
f 4764/17/5 3392/17/5 3364/17/5
f 4231/2/5 2101/2/5 4229/2/5
f 4229/2/5 2101/2/5 2100/2/5
f 65/15/5 4944/15/5 120/15/5
f 120/15/5 4944/15/5 69/15/5
f 970/7/5 933/7/5 4790/7/5
f 4790/7/5 933/7/5 932/7/5
f 2102/15/5 2032/15/5 2103/15/5
f 2103/15/5 2032/15/5 2031/15/5
f 2935/17/5 298/17/5 2933/17/5
f 2933/17/5 298/17/5 297/17/5
f 230/17/5 227/17/5 2888/17/5
f 2888/17/5 227/17/5 4939/17/5
f 228/17/5 177/17/5 229/17/5
f 229/17/5 177/17/5 176/17/5
f 1987/2/5 1905/2/5 1988/2/5
f 1988/2/5 1905/2/5 1904/2/5
f 2283/2/5 2243/2/5 2284/2/5
f 2284/2/5 2243/2/5 2242/2/5
f 2643/2/5 2511/2/5 2644/2/5
f 2644/2/5 2511/2/5 2510/2/5
f 3420/7/5 1073/7/5 3419/7/5
f 3419/7/5 1073/7/5 1070/7/5
f 2760/15/5 4945/15/5 2757/15/5
f 2757/15/5 4945/15/5 2807/15/5
f 1074/17/5 3423/17/5 1071/17/5
f 1071/17/5 3423/17/5 3422/17/5
f 4175/12/5 2036/12/5 4172/12/5
f 4172/12/5 2036/12/5 2035/12/5
f 3424/7/5 1076/7/5 3421/7/5
f 3421/7/5 1076/7/5 1075/7/5
f 2373/12/5 2366/12/5 4385/12/5
f 4385/12/5 2366/12/5 2365/12/5
f 1077/17/5 1089/17/5 3391/17/5
f 3391/17/5 1089/17/5 1027/17/5
f 2764/15/5 70/15/5 2761/15/5
f 2761/15/5 70/15/5 4944/15/5
f 3002/17/5 393/17/5 3000/17/5
f 3000/17/5 393/17/5 392/17/5
f 1086/17/5 1080/17/5 3425/17/5
f 3425/17/5 1080/17/5 1079/17/5
f 4179/12/5 2039/12/5 4176/12/5
f 4176/12/5 2039/12/5 2032/12/5
f 303/17/5 231/17/5 394/17/5
f 394/17/5 231/17/5 230/17/5
f 1081/17/5 936/17/5 933/17/5
f 933/17/5 936/17/5 935/17/5
f 3218/17/5 691/17/5 3217/17/5
f 3217/17/5 691/17/5 690/17/5
f 2371/2/5 2332/2/5 2372/2/5
f 2372/2/5 2332/2/5 2331/2/5
f 3442/17/5 1099/17/5 3439/17/5
f 3439/17/5 1099/17/5 1098/17/5
f 4390/12/5 2374/12/5 4387/12/5
f 4387/12/5 2374/12/5 2373/12/5
f 612/17/5 605/17/5 597/17/5
f 597/17/5 605/17/5 604/17/5
f 606/16/5 504/16/5 607/16/5
f 607/16/5 504/16/5 503/16/5
f 2375/12/5 2384/12/5 2376/12/5
f 2376/12/5 2384/12/5 2367/12/5
f 4410/12/5 4615/12/5 4409/12/5
f 4409/12/5 4615/12/5 4784/12/5
f 4946/15/5 2648/15/5 4947/15/5
f 4947/15/5 2648/15/5 2638/15/5
f 615/17/5 3146/17/5 3142/17/5
f 3142/17/5 3146/17/5 3141/17/5
f 1100/17/5 4948/17/5 1073/17/5
f 1073/17/5 4948/17/5 1086/17/5
f 2384/13/5 2336/13/5 2367/13/5
f 2367/13/5 2336/13/5 2335/13/5
f 4615/13/5 2434/13/5 4784/13/5
f 4784/13/5 2434/13/5 2433/13/5
f 505/17/5 301/17/5 506/17/5
f 506/17/5 301/17/5 300/17/5
f 2041/15/5 4949/15/5 2036/15/5
f 2036/15/5 4949/15/5 2039/15/5
f 2435/13/5 2378/13/5 2436/13/5
f 2436/13/5 2378/13/5 2377/13/5
f 617/17/5 609/17/5 601/17/5
f 601/17/5 609/17/5 608/17/5
f 1033/17/5 1031/17/5 4644/17/5
f 4644/17/5 1031/17/5 1030/17/5
f 976/17/5 973/17/5 1032/17/5
f 1032/17/5 973/17/5 972/17/5
f 3253/17/5 738/17/5 3250/17/5
f 3250/17/5 738/17/5 737/17/5
f 3143/16/5 613/16/5 3135/16/5
f 3135/16/5 613/16/5 596/16/5
f 510/16/5 3144/16/5 614/16/5
f 614/16/5 3144/16/5 606/16/5
f 3145/17/5 616/17/5 605/17/5
f 605/17/5 616/17/5 615/17/5
f 3443/17/5 1102/17/5 1099/17/5
f 1099/17/5 1102/17/5 1101/17/5
f 4392/12/5 2382/12/5 2374/12/5
f 2374/12/5 2382/12/5 2381/12/5
f 508/17/5 400/17/5 509/17/5
f 509/17/5 400/17/5 399/17/5
f 3149/17/5 618/17/5 3138/17/5
f 3138/17/5 618/17/5 600/17/5
f 4950/17/5 1034/17/5 1089/17/5
f 1089/17/5 1034/17/5 4644/17/5
f 978/17/5 977/17/5 1035/17/5
f 1035/17/5 977/17/5 976/17/5
f 2772/15/5 4951/15/5 2769/15/5
f 2769/15/5 4951/15/5 73/15/5
f 3073/16/5 511/16/5 3071/16/5
f 3071/16/5 511/16/5 510/16/5
f 3429/17/5 1083/17/5 3426/17/5
f 3426/17/5 1083/17/5 1100/17/5
f 4951/15/5 4952/15/5 74/15/5
f 74/15/5 4952/15/5 2768/15/5
f 1084/7/5 1037/7/5 1085/7/5
f 1085/7/5 1037/7/5 4565/7/5
f 1037/17/5 3399/17/5 4565/17/5
f 4565/17/5 3399/17/5 3430/17/5
f 3431/17/5 1087/17/5 1104/17/5
f 1104/17/5 1087/17/5 4948/17/5
f 4953/15/5 78/15/5 4954/15/5
f 4954/15/5 78/15/5 77/15/5
f 1088/7/5 1036/7/5 4950/7/5
f 4950/7/5 1036/7/5 1034/7/5
f 3075/17/5 514/17/5 507/17/5
f 507/17/5 514/17/5 513/17/5
f 947/17/5 945/17/5 980/17/5
f 980/17/5 945/17/5 942/17/5
f 3398/17/5 1038/17/5 1084/17/5
f 1084/17/5 1038/17/5 1037/17/5
f 4185/15/5 4955/15/5 4175/15/5
f 4175/15/5 4955/15/5 2036/15/5
f 4955/15/5 2047/15/5 2042/15/5
f 2042/15/5 2047/15/5 4183/15/5
f 983/17/5 948/17/5 984/17/5
f 984/17/5 948/17/5 947/17/5
f 3401/17/5 1041/17/5 3399/17/5
f 3399/17/5 1041/17/5 1036/17/5
f 2047/15/5 2045/15/5 4180/15/5
f 4180/15/5 2045/15/5 4949/15/5
f 3011/17/5 3076/17/5 404/17/5
f 404/17/5 3076/17/5 515/17/5
f 3153/17/5 622/17/5 3150/17/5
f 3150/17/5 622/17/5 621/17/5
f 3373/17/5 986/17/5 3367/17/5
f 3367/17/5 986/17/5 3397/17/5
f 3376/17/5 990/17/5 1040/17/5
f 1040/17/5 990/17/5 3400/17/5
f 2107/13/5 2048/13/5 4186/13/5
f 4186/13/5 2048/13/5 2047/13/5
f 85/15/5 4956/15/5 4957/15/5
f 4957/15/5 4956/15/5 89/15/5
f 3080/17/5 3081/17/5 624/17/5
f 624/17/5 3081/17/5 517/17/5
f 2780/15/5 4958/15/5 2777/15/5
f 2777/15/5 4958/15/5 81/15/5
f 4958/15/5 4959/15/5 82/15/5
f 82/15/5 4959/15/5 2776/15/5
f 2784/15/5 90/15/5 2781/15/5
f 2781/15/5 90/15/5 4956/15/5
f 526/17/5 524/17/5 518/17/5
f 518/17/5 524/17/5 520/17/5
f 4192/15/5 4960/15/5 4189/15/5
f 4189/15/5 4960/15/5 4233/15/5
f 4961/15/5 2052/15/5 2107/15/5
f 2107/15/5 2052/15/5 2051/15/5
f 529/17/5 527/17/5 3083/17/5
f 3083/17/5 527/17/5 526/17/5
f 419/17/5 412/17/5 528/17/5
f 528/17/5 412/17/5 411/17/5
f 4511/2/5 2658/2/5 4232/2/5
f 4232/2/5 2658/2/5 2104/2/5
f 3015/17/5 416/17/5 3012/17/5
f 3012/17/5 416/17/5 415/17/5
f 3086/17/5 530/17/5 3085/17/5
f 3085/17/5 530/17/5 529/17/5
f 531/17/5 420/17/5 532/17/5
f 532/17/5 420/17/5 419/17/5
f 2788/15/5 4962/15/5 2785/15/5
f 2785/15/5 4962/15/5 4963/15/5
f 4964/15/5 94/15/5 4965/15/5
f 4965/15/5 94/15/5 93/15/5
f 4196/15/5 4966/15/5 4193/15/5
f 4193/15/5 4966/15/5 4967/15/5
f 3311/2/5 851/2/5 2806/2/5
f 2806/2/5 851/2/5 117/2/5
f 4966/15/5 4968/15/5 4234/15/5
f 4234/15/5 4968/15/5 2106/15/5
f 4968/15/5 2056/15/5 4969/15/5
f 4969/15/5 2056/15/5 2055/15/5
f 4330/15/5 2247/15/5 4327/15/5
f 4327/15/5 2247/15/5 2246/15/5
f 4396/15/5 2386/15/5 4393/15/5
f 4393/15/5 2386/15/5 2385/15/5
f 4449/15/5 2515/15/5 4446/15/5
f 4446/15/5 2515/15/5 2514/15/5
f 2810/15/5 98/15/5 2793/15/5
f 2793/15/5 98/15/5 97/15/5
f 3312/2/5 850/2/5 3310/2/5
f 3310/2/5 850/2/5 849/2/5
f 3789/17/5 1599/17/5 3787/17/5
f 3787/17/5 1599/17/5 1598/17/5
f 3797/17/5 1655/17/5 3796/17/5
f 3796/17/5 1655/17/5 1624/17/5
f 119/15/5 123/15/5 4970/15/5
f 4970/15/5 123/15/5 101/15/5
f 3799/17/5 4971/17/5 3798/17/5
f 3798/17/5 4971/17/5 4750/17/5
f 3890/17/5 1688/17/5 3888/17/5
f 3888/17/5 1688/17/5 1687/17/5
f 4971/7/5 4972/7/5 4750/7/5
f 4750/7/5 4972/7/5 4770/7/5
f 4972/17/5 3815/17/5 4770/17/5
f 4770/17/5 3815/17/5 3797/17/5
f 2811/15/5 122/15/5 2809/15/5
f 2809/15/5 122/15/5 121/15/5
f 2861/15/5 181/15/5 2858/15/5
f 2858/15/5 181/15/5 180/15/5
f 3021/15/5 424/15/5 3018/15/5
f 3018/15/5 424/15/5 423/15/5
f 3222/15/5 695/15/5 3219/15/5
f 3219/15/5 695/15/5 694/15/5
f 3282/15/5 781/15/5 3279/15/5
f 3279/15/5 781/15/5 780/15/5
f 3316/15/5 853/15/5 3313/15/5
f 3313/15/5 853/15/5 852/15/5
f 1626/7/5 1603/7/5 4795/7/5
f 4795/7/5 1603/7/5 1602/7/5
f 3891/7/5 1691/7/5 3890/7/5
f 3890/7/5 1691/7/5 1688/7/5
f 1692/17/5 3894/17/5 1689/17/5
f 1689/17/5 3894/17/5 3893/17/5
f 3895/7/5 1694/7/5 3892/7/5
f 3892/7/5 1694/7/5 1693/7/5
f 1695/17/5 1707/17/5 3814/17/5
f 3814/17/5 1707/17/5 1653/17/5
f 1704/17/5 1698/17/5 3896/17/5
f 3896/17/5 1698/17/5 1697/17/5
f 1699/17/5 1606/17/5 1603/17/5
f 1603/17/5 1606/17/5 1605/17/5
f 4036/17/5 1849/17/5 4033/17/5
f 4033/17/5 1849/17/5 1848/17/5
f 1850/17/5 4973/17/5 1691/17/5
f 1691/17/5 4973/17/5 1704/17/5
f 1659/17/5 1657/17/5 4657/17/5
f 4657/17/5 1657/17/5 1656/17/5
f 1632/17/5 1629/17/5 1658/17/5
f 1658/17/5 1629/17/5 1628/17/5
f 4037/17/5 1852/17/5 1849/17/5
f 1849/17/5 1852/17/5 1851/17/5
f 4974/17/5 1660/17/5 1707/17/5
f 1707/17/5 1660/17/5 4657/17/5
f 1634/17/5 1633/17/5 1661/17/5
f 1661/17/5 1633/17/5 1632/17/5
f 3900/17/5 1701/17/5 3897/17/5
f 3897/17/5 1701/17/5 1850/17/5
f 1702/7/5 1663/7/5 1703/7/5
f 1703/7/5 1663/7/5 4580/7/5
f 1663/17/5 3822/17/5 4580/17/5
f 4580/17/5 3822/17/5 3901/17/5
f 3902/17/5 1705/17/5 1854/17/5
f 1854/17/5 1705/17/5 4973/17/5
f 1706/7/5 1662/7/5 4974/7/5
f 4974/7/5 1662/7/5 1660/7/5
f 1617/17/5 1615/17/5 1636/17/5
f 1636/17/5 1615/17/5 1612/17/5
f 2895/17/5 235/17/5 2892/17/5
f 2892/17/5 235/17/5 234/17/5
f 3088/17/5 428/17/5 3024/17/5
f 3024/17/5 428/17/5 427/17/5
f 429/17/5 313/17/5 430/17/5
f 430/17/5 313/17/5 312/17/5
f 3023/17/5 432/17/5 3022/17/5
f 3022/17/5 432/17/5 431/17/5
f 433/17/5 4975/17/5 434/17/5
f 434/17/5 4975/17/5 316/17/5
f 3821/17/5 1664/17/5 1702/17/5
f 1702/17/5 1664/17/5 1663/17/5
f 1639/17/5 1618/17/5 1640/17/5
f 1640/17/5 1618/17/5 1617/17/5
f 3824/17/5 1667/17/5 3822/17/5
f 3822/17/5 1667/17/5 1662/17/5
f 2950/17/5 3026/17/5 2948/17/5
f 2948/17/5 3026/17/5 4976/17/5
f 3089/17/5 4847/17/5 3087/17/5
f 3087/17/5 4847/17/5 4846/17/5
f 4847/7/5 3156/7/5 4846/7/5
f 4846/7/5 3156/7/5 3155/7/5
f 318/17/5 243/17/5 4977/17/5
f 4977/17/5 243/17/5 242/17/5
f 627/17/5 538/17/5 628/17/5
f 628/17/5 538/17/5 435/17/5
f 3092/15/5 534/15/5 3090/15/5
f 3090/15/5 534/15/5 533/15/5
f 3806/17/5 1642/17/5 3800/17/5
f 3800/17/5 1642/17/5 3820/17/5
f 3696/14/5 1458/14/5 3694/14/5
f 3694/14/5 1458/14/5 1457/14/5
f 3809/17/5 1646/17/5 1666/17/5
f 1666/17/5 1646/17/5 3823/17/5
f 3031/17/5 3095/17/5 3028/17/5
f 3028/17/5 3095/17/5 3094/17/5
f 3231/17/5 4978/17/5 3157/17/5
f 3157/17/5 4978/17/5 4826/17/5
f 4978/7/5 3225/7/5 4826/7/5
f 4826/7/5 3225/7/5 3224/7/5
f 700/17/5 4843/17/5 701/17/5
f 701/17/5 4843/17/5 4842/17/5
f 4843/7/5 3229/7/5 4842/7/5
f 4842/7/5 3229/7/5 3228/7/5
f 704/17/5 709/17/5 3154/17/5
f 3154/17/5 709/17/5 625/17/5
f 709/7/5 630/7/5 626/7/5
f 626/7/5 630/7/5 629/7/5
f 322/17/5 247/17/5 243/17/5
f 243/17/5 247/17/5 246/17/5
f 3034/15/5 439/15/5 3032/15/5
f 3032/15/5 439/15/5 438/15/5
f 3735/14/5 3736/14/5 3729/14/5
f 3729/14/5 3736/14/5 1502/14/5
f 3098/17/5 3158/17/5 3097/17/5
f 3097/17/5 3158/17/5 3096/17/5
f 3232/17/5 748/17/5 3230/17/5
f 3230/17/5 748/17/5 3226/17/5
f 748/17/5 3255/17/5 3223/17/5
f 3223/17/5 3255/17/5 698/17/5
f 3256/17/5 742/17/5 3254/17/5
f 3254/17/5 742/17/5 741/17/5
f 743/17/5 4979/17/5 3227/17/5
f 3227/17/5 4979/17/5 702/17/5
f 4979/7/5 707/7/5 703/7/5
f 703/7/5 707/7/5 706/7/5
f 708/17/5 712/17/5 709/17/5
f 709/17/5 712/17/5 630/17/5
f 3161/2/5 632/2/5 3160/2/5
f 3160/2/5 632/2/5 631/2/5
f 544/15/5 4980/15/5 439/15/5
f 439/15/5 4980/15/5 4775/15/5
f 3739/14/5 3740/14/5 1503/14/5
f 1503/14/5 3740/14/5 1506/14/5
f 1475/14/5 1466/14/5 1476/14/5
f 1476/14/5 1466/14/5 1465/14/5
f 3163/17/5 3234/17/5 3162/17/5
f 3162/17/5 3234/17/5 3258/17/5
f 3259/17/5 746/17/5 3257/17/5
f 3257/17/5 746/17/5 745/17/5
f 747/7/5 4981/7/5 748/7/5
f 748/7/5 4981/7/5 3255/7/5
f 4981/17/5 754/17/5 3255/17/5
f 3255/17/5 754/17/5 743/17/5
f 751/17/5 750/17/5 742/17/5
f 742/17/5 750/17/5 749/17/5
f 713/17/5 711/17/5 707/17/5
f 707/17/5 711/17/5 710/17/5
f 634/17/5 541/17/5 537/17/5
f 537/17/5 541/17/5 539/17/5
f 340/17/5 331/17/5 442/17/5
f 442/17/5 331/17/5 330/17/5
f 3164/15/5 635/15/5 3161/15/5
f 3161/15/5 635/15/5 632/15/5
f 4348/12/5 2286/12/5 4345/12/5
f 4345/12/5 2286/12/5 2285/12/5
f 4430/12/5 2472/12/5 4427/12/5
f 4427/12/5 2472/12/5 2471/12/5
f 4516/12/5 2660/12/5 4513/12/5
f 4513/12/5 2660/12/5 2659/12/5
f 443/2/5 4982/2/5 544/2/5
f 544/2/5 4982/2/5 4980/2/5
f 3745/2/5 3742/2/5 3738/2/5
f 3738/2/5 3742/2/5 3741/2/5
f 1479/14/5 1470/14/5 1466/14/5
f 1466/14/5 1470/14/5 1469/14/5
f 1517/14/5 1514/14/5 1511/14/5
f 1511/14/5 1514/14/5 1513/14/5
f 4982/2/5 3038/2/5 4775/2/5
f 4775/2/5 3038/2/5 3099/2/5
f 3170/17/5 3167/17/5 3101/17/5
f 3101/17/5 3167/17/5 3166/17/5
f 3168/7/5 4983/7/5 3165/7/5
f 3165/7/5 4983/7/5 3234/7/5
f 3261/17/5 758/17/5 3233/17/5
f 3233/17/5 758/17/5 747/17/5
f 755/17/5 752/17/5 746/17/5
f 746/17/5 752/17/5 751/17/5
f 4984/7/5 714/7/5 4985/7/5
f 4985/7/5 714/7/5 713/7/5
f 638/17/5 637/17/5 633/17/5
f 633/17/5 637/17/5 636/17/5
f 547/17/5 546/17/5 541/17/5
f 541/17/5 546/17/5 545/17/5
f 3037/15/5 444/15/5 3035/15/5
f 3035/15/5 444/15/5 443/15/5
f 4288/12/5 2191/12/5 4286/12/5
f 4286/12/5 2191/12/5 2190/12/5
f 3748/2/5 1488/2/5 3734/2/5
f 3734/2/5 1488/2/5 3737/2/5
f 1521/14/5 1518/14/5 1507/14/5
f 1507/14/5 1518/14/5 1510/14/5
f 3171/17/5 722/17/5 3169/17/5
f 3169/17/5 722/17/5 4983/17/5
f 3262/17/5 756/17/5 3260/17/5
f 3260/17/5 756/17/5 755/17/5
f 4238/5/5 4291/5/5 4236/5/5
f 4236/5/5 4291/5/5 4290/5/5
f 3265/17/5 760/17/5 3263/17/5
f 3263/17/5 760/17/5 759/17/5
f 4292/5/5 4333/5/5 4289/5/5
f 4289/5/5 4333/5/5 4332/5/5
f 761/7/5 4695/7/5 762/7/5
f 762/7/5 4695/7/5 753/7/5
f 4334/5/5 4351/5/5 4331/5/5
f 4331/5/5 4351/5/5 4350/5/5
f 4695/17/5 4986/17/5 754/17/5
f 754/17/5 4986/17/5 4985/17/5
f 4352/5/5 4370/5/5 4349/5/5
f 4349/5/5 4370/5/5 4369/5/5
f 4986/17/5 717/17/5 4984/17/5
f 4984/17/5 717/17/5 714/17/5
f 4371/5/5 4399/5/5 4368/5/5
f 4368/5/5 4399/5/5 4398/5/5
f 4400/5/5 4413/5/5 4397/5/5
f 4397/5/5 4413/5/5 4412/5/5
f 4414/5/5 4433/5/5 4411/5/5
f 4411/5/5 4433/5/5 4432/5/5
f 264/17/5 261/17/5 257/17/5
f 257/17/5 261/17/5 260/17/5
f 4731/17/5 447/17/5 550/17/5
f 550/17/5 447/17/5 446/17/5
f 4434/5/5 4526/5/5 4431/5/5
f 4431/5/5 4526/5/5 4525/5/5
f 2972/2/5 344/2/5 3036/2/5
f 3036/2/5 344/2/5 445/2/5
f 3720/2/5 3749/2/5 3713/2/5
f 3713/2/5 3749/2/5 3733/2/5
f 2252/8/5 4337/8/5 2253/8/5
f 2253/8/5 4337/8/5 4336/8/5
f 1490/14/5 1481/14/5 1491/14/5
f 1491/14/5 1481/14/5 1480/14/5
f 1525/14/5 1522/14/5 3744/14/5
f 3744/14/5 1522/14/5 3743/14/5
f 2195/7/5 4295/7/5 2196/7/5
f 2196/7/5 4295/7/5 4294/7/5
f 2291/8/5 4355/8/5 2292/8/5
f 2292/8/5 4355/8/5 4354/8/5
f 2975/17/5 3041/17/5 2968/17/5
f 2968/17/5 3041/17/5 3236/17/5
f 2256/8/5 4341/8/5 2257/8/5
f 2257/8/5 4341/8/5 4340/8/5
f 3237/17/5 720/17/5 3235/17/5
f 3235/17/5 720/17/5 719/17/5
f 2396/13/5 4530/13/5 4798/13/5
f 4798/13/5 4530/13/5 4529/13/5
f 721/7/5 3172/7/5 722/7/5
f 722/7/5 3172/7/5 3238/7/5
f 3239/17/5 724/17/5 758/17/5
f 758/17/5 724/17/5 3264/17/5
f 2439/8/5 4417/8/5 2440/8/5
f 2440/8/5 4417/8/5 4416/8/5
f 642/17/5 4693/17/5 4684/17/5
f 4684/17/5 4693/17/5 4694/17/5
f 4987/8/5 4988/8/5 4840/8/5
f 4840/8/5 4988/8/5 4863/8/5
f 4693/7/5 4716/7/5 4694/7/5
f 4694/7/5 4716/7/5 4989/7/5
f 2520/8/5 4452/8/5 2521/8/5
f 2521/8/5 4452/8/5 4451/8/5
f 4716/17/5 4990/17/5 4989/17/5
f 4989/17/5 4990/17/5 718/17/5
f 4990/17/5 639/17/5 716/17/5
f 716/17/5 639/17/5 633/17/5
f 2477/8/5 4436/8/5 2478/8/5
f 2478/8/5 4436/8/5 4414/8/5
f 2678/8/5 4534/8/5 2679/8/5
f 2679/8/5 4534/8/5 4533/8/5
f 349/17/5 265/17/5 350/17/5
f 350/17/5 265/17/5 264/17/5
f 640/17/5 548/17/5 641/17/5
f 641/17/5 548/17/5 547/17/5
f 4991/5/5 4992/5/5 4527/5/5
f 4527/5/5 4992/5/5 4993/5/5
f 3752/14/5 1526/14/5 3747/14/5
f 3747/14/5 1526/14/5 3746/14/5
f 2395/1/5 4403/1/5 2396/1/5
f 2396/1/5 4403/1/5 4402/1/5
f 2528/10/5 4456/10/5 2529/10/5
f 2529/10/5 4456/10/5 4455/10/5
f 4994/10/5 4995/10/5 2674/10/5
f 2674/10/5 4995/10/5 4996/10/5
f 2481/11/5 4439/11/5 2482/11/5
f 2482/11/5 4439/11/5 4438/11/5
f 2532/11/5 4460/11/5 2533/11/5
f 2533/11/5 4460/11/5 4459/11/5
f 2876/17/5 209/17/5 4667/17/5
f 4667/17/5 209/17/5 208/17/5
f 3043/17/5 3108/17/5 3040/17/5
f 3040/17/5 3108/17/5 3107/17/5
f 3109/17/5 3174/17/5 3106/17/5
f 3106/17/5 3174/17/5 3173/17/5
f 3175/17/5 4997/17/5 3172/17/5
f 3172/17/5 4997/17/5 725/17/5
f 4997/17/5 643/17/5 726/17/5
f 726/17/5 643/17/5 4684/17/5
f 555/17/5 552/17/5 4692/17/5
f 4692/17/5 552/17/5 551/17/5
f 3047/17/5 453/17/5 3044/17/5
f 3044/17/5 453/17/5 452/17/5
f 3110/17/5 556/17/5 645/17/5
f 645/17/5 556/17/5 4692/17/5
f 454/17/5 356/17/5 455/17/5
f 455/17/5 356/17/5 355/17/5
f 357/17/5 268/17/5 358/17/5
f 358/17/5 268/17/5 267/17/5
f 4998/5/5 2683/5/5 2664/5/5
f 2664/5/5 2683/5/5 2669/5/5
f 4139/5/5 1939/5/5 4089/5/5
f 4089/5/5 1939/5/5 1938/5/5
f 1943/5/5 1909/5/5 1944/5/5
f 1944/5/5 1909/5/5 1908/5/5
f 2146/5/5 2070/5/5 2147/5/5
f 2147/5/5 2070/5/5 2069/5/5
f 4999/7/5 5000/7/5 5002/7/5
f 5002/7/5 5000/7/5 5001/7/5
f 2150/5/5 2074/5/5 2070/5/5
f 2070/5/5 2074/5/5 2073/5/5
f 4107/12/5 1953/12/5 3761/12/5
f 3761/12/5 1953/12/5 1560/12/5
f 2077/5/5 1990/5/5 2078/5/5
f 2078/5/5 1990/5/5 1989/5/5
f 4115/12/5 1962/12/5 3903/12/5
f 3903/12/5 1962/12/5 1708/12/5
f 1999/5/5 1958/5/5 2000/5/5
f 2000/5/5 1958/5/5 1957/5/5
f 2310/5/5 2266/5/5 2311/5/5
f 2311/5/5 2266/5/5 2265/5/5
f 3523/17/5 3520/17/5 3486/17/5
f 3486/17/5 3520/17/5 3519/17/5
f 3521/17/5 1218/17/5 3518/17/5
f 3518/17/5 1218/17/5 1217/17/5
f 1219/17/5 1173/17/5 1220/17/5
f 1220/17/5 1173/17/5 1172/17/5
f 3555/17/5 1272/17/5 3554/17/5
f 3554/17/5 1272/17/5 1271/17/5
f 1273/17/5 1222/17/5 1274/17/5
f 1274/17/5 1222/17/5 1221/17/5
f 3557/17/5 1276/17/5 3556/17/5
f 3556/17/5 1276/17/5 1275/17/5
f 3764/12/5 1561/12/5 3905/12/5
f 3905/12/5 1561/12/5 1710/12/5
f 3813/12/5 1650/12/5 3810/12/5
f 3810/12/5 1650/12/5 1649/12/5
f 2164/5/5 2083/5/5 2165/5/5
f 2165/5/5 2083/5/5 2082/5/5
f 5003/1/5 5004/1/5 5006/1/5
f 5006/1/5 5004/1/5 5005/1/5
f 5004/5/5 2691/5/5 5007/5/5
f 5007/5/5 2691/5/5 2690/5/5
f 3561/17/5 3589/17/5 3558/17/5
f 3558/17/5 3589/17/5 3588/17/5
f 3468/17/5 1134/17/5 3465/17/5
f 3465/17/5 1134/17/5 1133/17/5
f 3655/17/5 1426/17/5 3652/17/5
f 3652/17/5 1426/17/5 1425/17/5
f 1135/17/5 1114/17/5 1136/17/5
f 1136/17/5 1114/17/5 1113/17/5
f 1427/17/5 1383/17/5 1428/17/5
f 1428/17/5 1383/17/5 1382/17/5
f 1384/17/5 3627/17/5 1385/17/5
f 1385/17/5 3627/17/5 3626/17/5
f 1139/17/5 1118/17/5 1140/17/5
f 1140/17/5 1118/17/5 1117/17/5
f 3628/17/5 1387/17/5 3625/17/5
f 3625/17/5 1387/17/5 1386/17/5
f 1388/17/5 3630/17/5 1389/17/5
f 1389/17/5 3630/17/5 3629/17/5
f 3647/7/5 1415/7/5 3646/7/5
f 3646/7/5 1415/7/5 1414/7/5
f 1416/17/5 1391/17/5 1417/17/5
f 1417/17/5 1391/17/5 1390/17/5
f 1280/17/5 1177/17/5 1281/17/5
f 1281/17/5 1177/17/5 1176/17/5
f 1392/17/5 1323/17/5 1393/17/5
f 1393/17/5 1323/17/5 1322/17/5
f 1178/17/5 1146/17/5 1179/17/5
f 1179/17/5 1146/17/5 1145/17/5
f 1324/7/5 1283/7/5 1325/7/5
f 1325/7/5 1283/7/5 1282/7/5
f 2848/15/6 2847/15/6 138/15/6
f 138/15/6 2847/15/6 139/15/6
f 3593/15/6 3592/15/6 1328/15/6
f 1328/15/6 3592/15/6 1329/15/6
f 137/15/6 136/15/6 2823/15/6
f 2823/15/6 136/15/6 2820/15/6
f 2982/15/6 2981/15/6 273/15/6
f 273/15/6 2981/15/6 274/15/6
f 3404/15/6 3403/15/6 894/15/6
f 894/15/6 3403/15/6 895/15/6
f 994/15/6 993/15/6 3380/15/6
f 3380/15/6 993/15/6 3377/15/6
f 3491/15/6 3490/15/6 1151/15/6
f 1151/15/6 3490/15/6 1152/15/6
f 272/15/6 271/15/6 2920/15/6
f 2920/15/6 271/15/6 2917/15/6
f 893/15/6 892/15/6 3337/15/6
f 3337/15/6 892/15/6 3334/15/6
f 1150/15/6 1149/15/6 1182/15/6
f 1182/15/6 1149/15/6 1183/15/6
f 998/15/6 997/15/6 1045/15/6
f 1045/15/6 997/15/6 1046/15/6
f 3723/15/6 3722/15/6 1486/15/6
f 1486/15/6 3722/15/6 1487/15/6
f 2799/15/6 2798/15/6 111/15/6
f 111/15/6 2798/15/6 112/15/6
f 2822/15/6 2821/15/6 166/15/6
f 166/15/6 2821/15/6 167/15/6
f 2919/15/6 2918/15/6 277/15/6
f 277/15/6 2918/15/6 278/15/6
f 3178/15/6 3177/15/6 656/15/6
f 656/15/6 3177/15/6 657/15/6
f 3274/15/6 3273/15/6 774/15/6
f 774/15/6 3273/15/6 775/15/6
f 3289/15/6 3288/15/6 786/15/6
f 786/15/6 3288/15/6 787/15/6
f 3336/15/6 3335/15/6 1003/15/6
f 1003/15/6 3335/15/6 1004/15/6
f 3446/15/6 3445/15/6 1111/15/6
f 1111/15/6 3445/15/6 1112/15/6
f 3475/15/6 3474/15/6 1155/15/6
f 1155/15/6 3474/15/6 1156/15/6
f 3565/15/6 3564/15/6 1332/15/6
f 1332/15/6 3564/15/6 1333/15/6
f 3658/15/6 3657/15/6 1435/15/6
f 1435/15/6 3657/15/6 1436/15/6
f 3692/15/6 3691/15/6 1463/15/6
f 1463/15/6 3691/15/6 1464/15/6
f 1485/15/6 1484/15/6 1498/15/6
f 1498/15/6 1484/15/6 1499/15/6
f 4083/2/6 4082/2/6 1922/2/6
f 1922/2/6 4082/2/6 1923/2/6
f 4164/2/6 4163/2/6 2013/2/6
f 2013/2/6 4163/2/6 2014/2/6
f 4311/2/6 4310/2/6 2212/2/6
f 2212/2/6 4310/2/6 2213/2/6
f 4374/2/6 4373/2/6 2351/2/6
f 2351/2/6 4373/2/6 2352/2/6
f 4464/2/6 4463/2/6 2544/2/6
f 2544/2/6 4463/2/6 2545/2/6
f 2/2/6 107/2/6 4906/2/6
f 4906/2/6 107/2/6 1501/2/6
f 3909/2/6 3908/2/6 4222/2/6
f 4222/2/6 3908/2/6 1715/2/6
f 2699/15/6 2698/15/6 5008/15/6
f 5008/15/6 2698/15/6 4/15/6
f 5008/15/6 3/15/6 5009/15/6
f 5009/15/6 3/15/6 2695/15/6
f 5009/15/6 2694/15/6 7/15/6
f 7/15/6 2694/15/6 8/15/6
f 3601/17/6 3600/17/6 1336/17/6
f 1336/17/6 3600/17/6 1337/17/6
f 3567/17/6 3566/17/6 1288/17/6
f 1288/17/6 3566/17/6 1289/17/6
f 1287/17/6 1286/17/6 1290/17/6
f 1290/17/6 1286/17/6 1340/17/6
f 4223/2/6 1714/2/6 3826/2/6
f 3826/2/6 1714/2/6 2549/2/6
f 2167/2/6 2166/2/6 2552/2/6
f 2552/2/6 2166/2/6 2553/2/6
f 4908/2/6 4903/2/6 4910/2/6
f 4910/2/6 4903/2/6 4904/2/6
f 2215/3/6 2214/3/6 4316/3/6
f 4316/3/6 2214/3/6 4313/3/6
f 1967/3/6 1966/3/6 4131/3/6
f 4131/3/6 1966/3/6 4128/3/6
f 2423/3/6 2422/3/6 4408/3/6
f 4408/3/6 2422/3/6 4405/3/6
f 2219/3/6 2218/3/6 4320/3/6
f 4320/3/6 2218/3/6 4317/3/6
f 5010/4/6 5011/4/6 1718/4/6
f 1718/4/6 5011/4/6 1719/4/6
f 3605/17/6 1288/17/6 1292/17/6
f 1292/17/6 1288/17/6 1293/17/6
f 1717/14/6 1716/14/6 3914/14/6
f 3914/14/6 1716/14/6 3911/14/6
f 1925/3/6 1924/3/6 4088/3/6
f 4088/3/6 1924/3/6 4085/3/6
f 1291/17/6 1290/17/6 1294/17/6
f 1294/17/6 1290/17/6 1343/17/6
f 2452/14/6 2451/14/6 4422/14/6
f 4422/14/6 2451/14/6 4419/14/6
f 2354/3/6 2353/3/6 4379/3/6
f 4379/3/6 2353/3/6 4376/3/6
f 2171/3/6 2170/3/6 4281/3/6
f 4281/3/6 2170/3/6 4278/3/6
f 2090/14/6 2089/14/6 4228/14/6
f 4228/14/6 2089/14/6 4225/14/6
f 2313/14/6 2312/14/6 4360/14/6
f 4360/14/6 2312/14/6 4357/14/6
f 3913/4/6 3912/4/6 5012/4/6
f 5012/4/6 3912/4/6 4720/4/6
f 3827/2/6 2548/2/6 1671/2/6
f 1671/2/6 2548/2/6 2088/2/6
f 1670/2/6 1669/2/6 2017/2/6
f 2017/2/6 1669/2/6 2018/2/6
f 2093/2/6 2087/2/6 2556/2/6
f 2556/2/6 2087/2/6 2557/2/6
f 3116/17/6 3115/17/6 458/17/6
f 458/17/6 3115/17/6 459/17/6
f 2922/7/6 2921/7/6 281/7/6
f 281/7/6 2921/7/6 282/7/6
f 457/7/6 3112/7/6 561/7/6
f 561/7/6 3112/7/6 562/7/6
f 5013/14/6 5010/14/6 1722/14/6
f 1722/14/6 5010/14/6 1723/14/6
f 1721/1/6 1720/1/6 3918/1/6
f 3918/1/6 1720/1/6 3915/1/6
f 3917/14/6 3916/14/6 5015/14/6
f 5015/14/6 3916/14/6 5014/14/6
f 3829/2/6 1671/2/6 2457/2/6
f 2457/2/6 1671/2/6 2458/2/6
f 2503/2/6 2502/2/6 2560/2/6
f 2560/2/6 2502/2/6 2561/2/6
f 2923/17/6 2985/17/6 283/17/6
f 283/17/6 2985/17/6 365/17/6
f 364/17/6 363/17/6 461/17/6
f 461/17/6 363/17/6 462/17/6
f 2703/15/6 2702/15/6 11/15/6
f 11/15/6 2702/15/6 12/15/6
f 1739/3/6 5016/3/6 1726/3/6
f 1726/3/6 5016/3/6 1727/3/6
f 471/7/6 3049/7/6 465/7/6
f 465/7/6 3049/7/6 466/7/6
f 1725/1/6 1724/1/6 3922/1/6
f 3922/1/6 1724/1/6 3919/1/6
f 1350/17/6 1292/17/6 1296/17/6
f 1296/17/6 1292/17/6 1297/17/6
f 1729/1/6 1728/1/6 3924/1/6
f 3924/1/6 1728/1/6 1721/1/6
f 1743/3/6 3917/3/6 5017/3/6
f 5017/3/6 3917/3/6 5015/3/6
f 1747/14/6 3830/14/6 3834/14/6
f 3834/14/6 3830/14/6 3831/14/6
f 3833/2/6 3832/2/6 1734/2/6
f 1734/2/6 3832/2/6 1735/2/6
f 1971/2/6 1970/2/6 2271/2/6
f 2271/2/6 1970/2/6 2272/2/6
f 2317/2/6 2316/2/6 2564/2/6
f 2564/2/6 2316/2/6 2565/2/6
f 2925/17/6 2924/17/6 285/17/6
f 285/17/6 2924/17/6 286/17/6
f 3120/17/6 3119/17/6 3051/17/6
f 3051/17/6 3119/17/6 568/17/6
f 3343/17/6 3342/17/6 3318/17/6
f 3318/17/6 3342/17/6 899/17/6
f 284/14/6 283/14/6 2929/14/6
f 2929/14/6 283/14/6 2927/14/6
f 808/17/6 3317/17/6 858/17/6
f 858/17/6 3317/17/6 859/17/6
f 4912/2/6 4907/2/6 4915/2/6
f 4915/2/6 4907/2/6 4909/2/6
f 2884/17/6 2928/17/6 218/17/6
f 218/17/6 2928/17/6 289/17/6
f 857/17/6 3339/17/6 3320/17/6
f 3320/17/6 3339/17/6 903/17/6
f 2852/7/6 2851/7/6 170/7/6
f 170/7/6 2851/7/6 171/7/6
f 288/17/6 287/17/6 290/17/6
f 290/17/6 287/17/6 368/17/6
f 564/7/6 563/7/6 569/7/6
f 569/7/6 563/7/6 729/7/6
f 5018/3/6 5013/3/6 1738/3/6
f 1738/3/6 5013/3/6 5016/3/6
f 3291/17/6 3319/17/6 862/17/6
f 862/17/6 3319/17/6 863/17/6
f 905/17/6 904/17/6 908/17/6
f 908/17/6 904/17/6 952/17/6
f 1737/1/6 1736/1/6 3928/1/6
f 3928/1/6 1736/1/6 3925/1/6
f 367/17/6 366/17/6 470/17/6
f 470/17/6 366/17/6 471/17/6
f 1357/17/6 3632/17/6 1298/17/6
f 1298/17/6 3632/17/6 3569/17/6
f 3527/17/6 3526/17/6 1227/17/6
f 1227/17/6 3526/17/6 1228/17/6
f 3927/3/6 3926/3/6 5019/3/6
f 5019/3/6 3926/3/6 3921/3/6
f 1226/17/6 3608/17/6 1349/17/6
f 1349/17/6 3608/17/6 3568/17/6
f 5019/3/6 3920/3/6 5020/3/6
f 5020/3/6 3920/3/6 1731/3/6
f 5020/3/6 1730/3/6 5021/3/6
f 5021/3/6 1730/3/6 3923/3/6
f 5021/3/6 1722/3/6 1742/3/6
f 1742/3/6 1722/3/6 3917/3/6
f 1741/1/6 1740/1/6 3932/1/6
f 3932/1/6 1740/1/6 3929/1/6
f 3931/3/6 3930/3/6 5022/3/6
f 5022/3/6 3930/3/6 5017/3/6
f 1759/14/6 3828/14/6 1746/14/6
f 1746/14/6 3828/14/6 1670/14/6
f 1745/1/6 1744/1/6 3935/1/6
f 3935/1/6 1744/1/6 3933/1/6
f 1856/2/6 1855/2/6 4039/2/6
f 4039/2/6 1855/2/6 1931/2/6
f 3837/2/6 3836/2/6 2176/2/6
f 2176/2/6 3836/2/6 2177/2/6
f 2223/2/6 2222/2/6 2568/2/6
f 2568/2/6 2222/2/6 2569/2/6
f 2989/17/6 2987/17/6 372/17/6
f 372/17/6 2987/17/6 2988/17/6
f 3536/16/6 3611/16/6 1229/16/6
f 1229/16/6 3611/16/6 1353/16/6
f 2930/17/6 285/17/6 2887/17/6
f 2887/17/6 285/17/6 2884/17/6
f 809/7/6 808/7/6 4762/7/6
f 4762/7/6 808/7/6 858/7/6
f 5023/14/6 5018/14/6 1750/14/6
f 1750/14/6 5018/14/6 1751/14/6
f 2886/7/6 2885/7/6 220/7/6
f 220/7/6 2885/7/6 221/7/6
f 4762/17/6 858/17/6 3293/17/6
f 3293/17/6 858/17/6 3291/17/6
f 1749/1/6 1748/1/6 3939/1/6
f 3939/1/6 1748/1/6 3936/1/6
f 219/7/6 218/7/6 292/7/6
f 292/7/6 218/7/6 217/7/6
f 370/14/6 369/14/6 4623/14/6
f 4623/14/6 369/14/6 367/14/6
f 16/15/6 5024/15/6 5025/15/6
f 5025/15/6 5024/15/6 20/15/6
f 4623/7/6 367/7/6 474/7/6
f 474/7/6 367/7/6 475/7/6
f 5026/7/6 812/7/6 865/7/6
f 865/7/6 812/7/6 862/7/6
f 909/17/6 908/17/6 910/17/6
f 910/17/6 908/17/6 955/17/6
f 1233/17/6 3572/17/6 1300/17/6
f 1300/17/6 3572/17/6 1301/17/6
f 3938/14/6 3937/14/6 5027/14/6
f 5027/14/6 3937/14/6 5022/14/6
f 3841/2/6 3840/2/6 1977/2/6
f 1977/2/6 3840/2/6 2322/2/6
f 2358/2/6 2357/2/6 2572/2/6
f 2572/2/6 2357/2/6 2573/2/6
f 2707/15/6 2706/15/6 15/15/6
f 15/15/6 2706/15/6 5024/15/6
f 2991/17/6 2990/17/6 374/17/6
f 374/17/6 2990/17/6 375/17/6
f 3410/17/6 3409/17/6 792/17/6
f 792/17/6 3409/17/6 811/17/6
f 4442/4/6 4441/4/6 5028/4/6
f 5028/4/6 4441/4/6 5011/4/6
f 373/17/6 372/17/6 478/17/6
f 478/17/6 372/17/6 479/17/6
f 1230/16/6 1229/16/6 1241/16/6
f 1241/16/6 1229/16/6 3529/16/6
f 2994/17/6 2993/17/6 377/17/6
f 377/17/6 2993/17/6 371/17/6
f 477/17/6 476/17/6 480/17/6
f 480/17/6 476/17/6 575/17/6
f 795/17/6 3283/17/6 790/17/6
f 790/17/6 3283/17/6 791/17/6
f 1244/17/6 3530/17/6 1235/17/6
f 1235/17/6 3530/17/6 1236/17/6
f 574/7/6 573/7/6 576/7/6
f 576/7/6 573/7/6 570/7/6
f 1368/17/6 1302/17/6 1364/17/6
f 1364/17/6 1302/17/6 1365/17/6
f 2711/15/6 2710/15/6 19/15/6
f 19/15/6 2710/15/6 5025/15/6
f 866/17/6 864/17/6 868/17/6
f 868/17/6 864/17/6 912/17/6
f 5028/4/6 5023/4/6 1754/4/6
f 1754/4/6 5023/4/6 1755/4/6
f 1753/1/6 1752/1/6 3943/1/6
f 3943/1/6 1752/1/6 3940/1/6
f 3942/4/6 3941/4/6 1763/4/6
f 1763/4/6 3941/4/6 5029/4/6
f 1763/14/6 5029/14/6 3947/14/6
f 3947/14/6 5029/14/6 5027/14/6
f 1757/1/6 1756/1/6 3945/1/6
f 3945/1/6 1756/1/6 1745/1/6
f 3437/17/6 3436/17/6 794/17/6
f 794/17/6 3436/17/6 795/17/6
f 1372/17/6 1231/17/6 1243/17/6
f 1243/17/6 1231/17/6 1244/17/6
f 5030/4/6 5031/4/6 5033/4/6
f 5033/4/6 5031/4/6 5032/4/6
f 3054/17/6 478/17/6 482/17/6
f 482/17/6 478/17/6 376/17/6
f 793/17/6 792/17/6 822/17/6
f 822/17/6 792/17/6 789/17/6
f 1242/16/6 1241/16/6 1304/16/6
f 1304/16/6 1241/16/6 1234/16/6
f 2995/7/6 377/7/6 380/7/6
f 380/7/6 377/7/6 381/7/6
f 481/7/6 480/7/6 483/7/6
f 483/7/6 480/7/6 578/7/6
f 822/17/6 3292/17/6 814/17/6
f 814/17/6 3292/17/6 815/17/6
f 3535/17/6 1235/17/6 3541/17/6
f 3541/17/6 1235/17/6 3533/17/6
f 813/17/6 5026/17/6 4660/17/6
f 4660/17/6 5026/17/6 865/17/6
f 1367/17/6 1366/17/6 1403/17/6
f 1403/17/6 1366/17/6 1404/17/6
f 4660/17/6 867/17/6 870/17/6
f 870/17/6 867/17/6 871/17/6
f 1252/17/6 1239/17/6 1247/17/6
f 1247/17/6 1239/17/6 1248/17/6
f 869/17/6 868/17/6 915/17/6
f 915/17/6 868/17/6 916/17/6
f 3478/17/6 3477/17/6 1159/17/6
f 1159/17/6 3477/17/6 1160/17/6
f 5033/14/6 5032/14/6 1866/14/6
f 1866/14/6 5032/14/6 5034/14/6
f 1866/4/6 5034/4/6 4045/4/6
f 4045/4/6 5034/4/6 3970/4/6
f 1761/14/6 1760/14/6 3949/14/6
f 3949/14/6 1760/14/6 3946/14/6
f 1767/14/6 3838/14/6 3951/14/6
f 3951/14/6 3838/14/6 3839/14/6
f 3845/2/6 3844/2/6 3848/2/6
f 3848/2/6 3844/2/6 1977/2/6
f 2020/2/6 2019/2/6 4891/2/6
f 4891/2/6 2019/2/6 2576/2/6
f 4891/2/6 2575/2/6 2508/2/6
f 2508/2/6 2575/2/6 2509/2/6
f 3296/7/6 3295/7/6 818/7/6
f 818/7/6 3295/7/6 793/7/6
f 3538/16/6 3537/16/6 1371/16/6
f 1371/16/6 3537/16/6 1232/16/6
f 817/17/6 816/17/6 3301/17/6
f 3301/17/6 816/17/6 3298/17/6
f 22/2/6 2712/2/6 2716/2/6
f 2716/2/6 2712/2/6 4914/2/6
f 3300/7/6 3299/7/6 821/7/6
f 821/7/6 3299/7/6 822/7/6
f 5035/4/6 5033/4/6 1870/4/6
f 1870/4/6 5033/4/6 5036/4/6
f 3056/7/6 482/7/6 485/7/6
f 485/7/6 482/7/6 379/7/6
f 3302/17/6 814/17/6 919/17/6
f 919/17/6 814/17/6 920/17/6
f 3542/17/6 3532/17/6 1251/17/6
f 1251/17/6 3532/17/6 1240/17/6
f 3619/17/6 1303/17/6 1406/17/6
f 1406/17/6 1303/17/6 1407/17/6
f 918/17/6 917/17/6 959/17/6
f 959/17/6 917/17/6 960/17/6
f 1405/17/6 1402/17/6 1408/17/6
f 1408/17/6 1402/17/6 1420/17/6
f 1870/14/6 5036/14/6 1861/14/6
f 1861/14/6 5036/14/6 1862/14/6
f 3494/17/6 3493/17/6 1186/17/6
f 1186/17/6 3493/17/6 1187/17/6
f 1860/1/6 1859/1/6 4043/1/6
f 4043/1/6 1859/1/6 4040/1/6
f 5037/14/6 5038/14/6 1874/14/6
f 1874/14/6 5038/14/6 5039/14/6
f 1874/4/6 5039/4/6 1865/4/6
f 1865/4/6 5039/4/6 1866/4/6
f 1864/1/6 1863/1/6 4047/1/6
f 4047/1/6 1863/1/6 4044/1/6
f 5040/14/6 4720/14/6 5041/14/6
f 5041/14/6 4720/14/6 3825/14/6
f 5041/14/6 1758/14/6 5042/14/6
f 5042/14/6 1758/14/6 3944/14/6
f 5042/14/6 1746/14/6 5043/14/6
f 5043/14/6 1746/14/6 3934/14/6
f 5043/14/6 3834/14/6 1766/14/6
f 1766/14/6 3834/14/6 3835/14/6
f 1765/1/6 1764/1/6 3953/1/6
f 3953/1/6 1764/1/6 3950/1/6
f 3303/17/6 3296/17/6 824/17/6
f 824/17/6 3296/17/6 818/17/6
f 3347/17/6 3346/17/6 4542/17/6
f 4542/17/6 3346/17/6 5044/17/6
f 2719/15/6 2718/15/6 5045/15/6
f 5045/15/6 2718/15/6 24/15/6
f 4542/7/6 5044/7/6 4562/7/6
f 4562/7/6 5044/7/6 5046/7/6
f 5045/15/6 23/15/6 5047/15/6
f 5047/15/6 23/15/6 2715/15/6
f 4562/17/6 5046/17/6 3323/17/6
f 3323/17/6 5046/17/6 3321/17/6
f 3322/17/6 819/17/6 923/17/6
f 923/17/6 819/17/6 813/17/6
f 1868/1/6 1867/1/6 4051/1/6
f 4051/1/6 1867/1/6 4048/1/6
f 5047/15/6 2714/15/6 27/15/6
f 27/15/6 2714/15/6 28/15/6
f 922/7/6 921/7/6 963/7/6
f 963/7/6 921/7/6 918/7/6
f 3642/17/6 3641/17/6 1410/17/6
f 1410/17/6 3641/17/6 1411/17/6
f 4050/14/6 4049/14/6 5048/14/6
f 5048/14/6 4049/14/6 4042/14/6
f 1422/17/6 1421/17/6 1439/17/6
f 1439/17/6 1421/17/6 1440/17/6
f 5048/14/6 4041/14/6 5049/14/6
f 5049/14/6 4041/14/6 5038/14/6
f 5049/4/6 5037/4/6 1873/4/6
f 1873/4/6 5037/4/6 1874/4/6
f 1872/1/6 1871/1/6 4053/1/6
f 4053/1/6 1871/1/6 1864/1/6
f 1775/4/6 5040/4/6 5050/4/6
f 5050/4/6 5040/4/6 3952/4/6
f 3849/2/6 1976/2/6 1675/2/6
f 1675/2/6 1976/2/6 1980/2/6
f 1674/2/6 1673/2/6 2180/2/6
f 2180/2/6 1673/2/6 2181/2/6
f 2227/2/6 2226/2/6 2585/2/6
f 2585/2/6 2226/2/6 2586/2/6
f 3361/17/6 3360/17/6 966/17/6
f 966/17/6 3360/17/6 967/17/6
f 3349/17/6 3323/17/6 926/17/6
f 926/17/6 3323/17/6 927/17/6
f 5051/4/6 4050/4/6 5053/4/6
f 5053/4/6 4050/4/6 5052/4/6
f 3650/17/6 1408/17/6 5054/17/6
f 5054/17/6 1408/17/6 1424/17/6
f 5053/14/6 5052/14/6 1878/14/6
f 1878/14/6 5052/14/6 5048/14/6
f 5054/17/6 1423/17/6 1447/17/6
f 1447/17/6 1423/17/6 1448/17/6
f 1878/4/6 5048/4/6 4055/4/6
f 4055/4/6 5048/4/6 5049/4/6
f 3957/1/6 5055/1/6 3956/1/6
f 3956/1/6 5055/1/6 3954/1/6
f 1771/14/6 3842/14/6 3960/14/6
f 3960/14/6 3842/14/6 3843/14/6
f 30/2/6 4918/2/6 2724/2/6
f 2724/2/6 4918/2/6 4921/2/6
f 3670/17/6 3669/17/6 1451/17/6
f 1451/17/6 3669/17/6 1452/17/6
f 3665/17/6 4923/17/6 1443/17/6
f 1443/17/6 4923/17/6 1444/17/6
f 1876/1/6 1875/1/6 4057/1/6
f 4057/1/6 1875/1/6 4054/1/6
f 3783/12/6 3782/12/6 1594/12/6
f 1594/12/6 3782/12/6 1595/12/6
f 1593/12/6 1592/12/6 1622/12/6
f 1622/12/6 1592/12/6 1623/12/6
f 3766/12/6 3765/12/6 1566/12/6
f 1566/12/6 3765/12/6 1567/12/6
f 1565/12/6 1564/12/6 4696/12/6
f 4696/12/6 1564/12/6 4848/12/6
f 3853/6/6 3852/6/6 1679/6/6
f 1679/6/6 3852/6/6 1680/6/6
f 4696/6/6 4848/6/6 3770/6/6
f 3770/6/6 4848/6/6 3767/6/6
f 1678/6/6 1677/6/6 3858/6/6
f 3858/6/6 1677/6/6 3855/6/6
f 3769/15/6 3768/15/6 1570/15/6
f 1570/15/6 3768/15/6 1571/15/6
f 1769/1/6 1768/1/6 3962/1/6
f 3962/1/6 1768/1/6 3959/1/6
f 2727/15/6 2726/15/6 5056/15/6
f 5056/15/6 2726/15/6 32/15/6
f 5056/15/6 31/15/6 5057/15/6
f 5057/15/6 31/15/6 2723/15/6
f 579/7/6 3195/7/6 662/7/6
f 662/7/6 3195/7/6 663/7/6
f 5057/15/6 2722/15/6 35/15/6
f 35/15/6 2722/15/6 36/15/6
f 1882/14/6 5051/14/6 4059/14/6
f 4059/14/6 5051/14/6 5053/14/6
f 4059/4/6 5053/4/6 5058/4/6
f 5058/4/6 5053/4/6 1878/4/6
f 5058/14/6 1877/14/6 5059/14/6
f 5059/14/6 1877/14/6 4056/14/6
f 2596/2/6 2588/2/6 2592/2/6
f 2592/2/6 2588/2/6 2593/2/6
f 3128/7/6 3127/7/6 581/7/6
f 581/7/6 3127/7/6 582/7/6
f 580/17/6 579/17/6 583/17/6
f 583/17/6 579/17/6 662/17/6
f 5060/14/6 1869/14/6 1881/14/6
f 1881/14/6 1869/14/6 4050/14/6
f 1880/1/6 1879/1/6 4061/1/6
f 4061/1/6 1879/1/6 4058/1/6
f 5061/4/6 5058/4/6 5062/4/6
f 5062/4/6 5058/4/6 5059/4/6
f 5062/14/6 5049/14/6 5063/14/6
f 5063/14/6 5049/14/6 4052/14/6
f 1773/1/6 1772/1/6 5064/1/6
f 5064/1/6 1772/1/6 5055/1/6
f 5064/1/6 3958/1/6 3965/1/6
f 3965/1/6 3958/1/6 3963/1/6
f 3861/14/6 3850/14/6 3860/14/6
f 3860/14/6 3850/14/6 1674/14/6
f 3199/17/6 3198/17/6 667/17/6
f 667/17/6 3198/17/6 668/17/6
f 38/2/6 4924/2/6 2732/2/6
f 2732/2/6 4924/2/6 4925/2/6
f 486/17/6 3130/17/6 490/17/6
f 490/17/6 3130/17/6 581/17/6
f 5065/14/6 5035/14/6 5066/14/6
f 5066/14/6 5035/14/6 1870/14/6
f 490/7/6 581/7/6 585/7/6
f 585/7/6 581/7/6 586/7/6
f 770/7/6 3267/7/6 765/7/6
f 765/7/6 3267/7/6 766/7/6
f 1194/7/6 3496/7/6 1190/7/6
f 1190/7/6 3496/7/6 1191/7/6
f 1311/7/6 3578/7/6 1257/7/6
f 1257/7/6 3578/7/6 1307/7/6
f 5066/4/6 5060/4/6 5067/4/6
f 5067/4/6 5060/4/6 1881/4/6
f 1890/14/6 5068/14/6 4063/14/6
f 4063/14/6 5068/14/6 5058/14/6
f 5069/4/6 5062/4/6 5071/4/6
f 5071/4/6 5062/4/6 5070/4/6
f 5071/14/6 5070/14/6 5072/14/6
f 5072/14/6 5070/14/6 5063/14/6
f 5073/4/6 1774/4/6 3967/4/6
f 3967/4/6 1774/4/6 3964/4/6
f 3967/4/6 3955/4/6 5074/4/6
f 5074/4/6 3955/4/6 5050/4/6
f 1893/2/6 1675/2/6 1778/2/6
f 1778/2/6 1675/2/6 2589/2/6
f 1884/2/6 1883/2/6 2598/2/6
f 2598/2/6 1883/2/6 2599/2/6
f 3060/17/6 3059/17/6 488/17/6
f 488/17/6 3059/17/6 489/17/6
f 3132/16/6 3199/16/6 3131/16/6
f 3131/16/6 3199/16/6 667/16/6
f 3546/17/6 3545/17/6 1255/17/6
f 1255/17/6 3545/17/6 1256/17/6
f 2735/15/6 2734/15/6 5075/15/6
f 5075/15/6 2734/15/6 40/15/6
f 487/14/6 486/14/6 493/14/6
f 493/14/6 486/14/6 3062/14/6
f 5076/14/6 5030/14/6 5077/14/6
f 5077/14/6 5030/14/6 5033/14/6
f 5075/15/6 39/15/6 5078/15/6
f 5078/15/6 39/15/6 2731/15/6
f 496/17/6 3063/17/6 385/17/6
f 385/17/6 3063/17/6 492/17/6
f 4932/17/6 3269/17/6 769/17/6
f 769/17/6 3269/17/6 770/17/6
f 3501/17/6 3500/17/6 1161/17/6
f 1161/17/6 3500/17/6 3497/17/6
f 1315/17/6 3580/17/6 1310/17/6
f 1310/17/6 3580/17/6 1311/17/6
f 5077/4/6 5065/4/6 5079/4/6
f 5079/4/6 5065/4/6 5066/4/6
f 388/7/6 2996/7/6 293/7/6
f 293/7/6 2996/7/6 384/7/6
f 588/17/6 587/17/6 673/17/6
f 673/17/6 587/17/6 584/17/6
f 3454/7/6 3453/7/6 1123/7/6
f 1123/7/6 3453/7/6 1124/7/6
f 1193/17/6 1192/17/6 1259/17/6
f 1259/17/6 1192/17/6 1189/17/6
f 1309/7/6 1308/7/6 1375/7/6
f 1375/7/6 1308/7/6 1306/7/6
f 5078/15/6 2730/15/6 43/15/6
f 43/15/6 2730/15/6 44/15/6
f 1888/1/6 1887/1/6 4065/1/6
f 4065/1/6 1887/1/6 4062/1/6
f 5080/4/6 5071/4/6 5081/4/6
f 5081/4/6 5071/4/6 5072/4/6
f 5081/14/6 1865/14/6 5082/14/6
f 5082/14/6 1865/14/6 4046/14/6
f 1787/14/6 1762/14/6 3975/14/6
f 3975/14/6 1762/14/6 3948/14/6
f 1791/14/6 5073/14/6 1782/14/6
f 1782/14/6 5073/14/6 1783/14/6
f 1781/1/6 1780/1/6 3969/1/6
f 3969/1/6 1780/1/6 3966/1/6
f 3865/14/6 3846/14/6 3864/14/6
f 3864/14/6 3846/14/6 3847/14/6
f 5083/1/6 1932/1/6 5084/1/6
f 5084/1/6 1932/1/6 4738/1/6
f 2097/2/6 2096/2/6 2602/2/6
f 2602/2/6 2096/2/6 2603/2/6
f 3507/17/6 3548/17/6 3505/17/6
f 3505/17/6 3548/17/6 3503/17/6
f 4480/4/6 4479/4/6 1792/4/6
f 1792/4/6 4479/4/6 5031/4/6
f 3064/17/6 488/17/6 495/17/6
f 495/17/6 488/17/6 496/17/6
f 1171/17/6 3504/17/6 4933/17/6
f 4933/17/6 3504/17/6 4928/17/6
f 1792/4/6 5076/4/6 3980/4/6
f 3980/4/6 5076/4/6 5077/4/6
f 2998/17/6 2997/17/6 387/17/6
f 387/17/6 2997/17/6 388/17/6
f 494/17/6 493/17/6 497/17/6
f 497/17/6 493/17/6 491/17/6
f 1313/17/6 1312/17/6 1320/17/6
f 1320/17/6 1312/17/6 1309/17/6
f 3980/14/6 5077/14/6 5085/14/6
f 5085/14/6 5077/14/6 5079/14/6
f 2932/7/6 2931/7/6 295/7/6
f 295/7/6 2931/7/6 296/7/6
f 497/14/6 491/14/6 595/14/6
f 595/14/6 491/14/6 4786/14/6
f 1195/14/6 1193/14/6 1200/14/6
f 1200/14/6 1193/14/6 1259/14/6
f 1377/7/6 1376/7/6 1378/7/6
f 1378/7/6 1376/7/6 1374/7/6
f 5085/14/6 5066/14/6 5086/14/6
f 5086/14/6 5066/14/6 5067/14/6
f 595/7/6 4786/7/6 591/7/6
f 591/7/6 4786/7/6 592/7/6
f 5086/14/6 1881/14/6 5087/14/6
f 5087/14/6 1881/14/6 4060/14/6
f 590/17/6 589/17/6 679/17/6
f 679/17/6 589/17/6 680/17/6
f 1203/17/6 3506/17/6 1198/17/6
f 1198/17/6 3506/17/6 1199/17/6
f 5087/14/6 4059/14/6 5088/14/6
f 5088/14/6 4059/14/6 5068/14/6
f 678/7/6 677/7/6 735/7/6
f 735/7/6 677/7/6 736/7/6
f 3481/7/6 3480/7/6 1166/7/6
f 1166/7/6 3480/7/6 1167/7/6
f 5088/14/6 1889/14/6 5089/14/6
f 5089/14/6 1889/14/6 4064/14/6
f 5089/14/6 5061/14/6 5090/14/6
f 5090/14/6 5061/14/6 5062/14/6
f 5090/14/6 5069/14/6 5091/14/6
f 5091/14/6 5069/14/6 5071/14/6
f 5091/14/6 5080/14/6 5092/14/6
f 5092/14/6 5080/14/6 5081/14/6
f 5092/4/6 5081/4/6 3973/4/6
f 3973/4/6 5081/4/6 5082/4/6
f 1785/1/6 1784/1/6 3977/1/6
f 3977/1/6 1784/1/6 3974/1/6
f 1789/1/6 1788/1/6 1796/1/6
f 1796/1/6 1788/1/6 3978/1/6
f 1799/14/6 3979/14/6 1803/14/6
f 1803/14/6 3979/14/6 3968/14/6
f 1803/14/6 3967/14/6 3987/14/6
f 3987/14/6 3967/14/6 5074/14/6
f 1897/2/6 3862/2/6 1892/2/6
f 1892/2/6 3862/2/6 3859/2/6
f 2609/2/6 4738/2/6 2025/2/6
f 2025/2/6 4738/2/6 2026/2/6
f 2460/2/6 2459/2/6 2605/2/6
f 2605/2/6 2459/2/6 2606/2/6
f 3133/17/6 3061/17/6 683/17/6
f 683/17/6 3061/17/6 487/17/6
f 3484/17/6 3483/17/6 1170/17/6
f 1170/17/6 3483/17/6 1171/17/6
f 3583/17/6 3549/17/6 1318/17/6
f 1318/17/6 3549/17/6 1319/17/6
f 1169/14/6 1168/14/6 3512/14/6
f 3512/14/6 1168/14/6 5093/14/6
f 1793/1/6 1792/1/6 3983/1/6
f 3983/1/6 1792/1/6 3980/1/6
f 46/2/6 4926/2/6 4937/2/6
f 4937/2/6 4926/2/6 4929/2/6
f 3065/17/6 495/17/6 499/17/6
f 499/17/6 495/17/6 386/17/6
f 3270/17/6 4557/17/6 4601/17/6
f 4601/17/6 4557/17/6 4596/17/6
f 3461/17/6 3460/17/6 1127/17/6
f 1127/17/6 3460/17/6 3452/17/6
f 2999/7/6 387/7/6 391/7/6
f 391/7/6 387/7/6 294/7/6
f 498/17/6 497/17/6 500/17/6
f 500/17/6 497/17/6 595/17/6
f 4601/7/6 4596/7/6 778/7/6
f 778/7/6 4596/7/6 779/7/6
f 1210/17/6 1162/17/6 1202/17/6
f 1202/17/6 1162/17/6 1203/17/6
f 1321/7/6 1320/7/6 1380/7/6
f 1380/7/6 1320/7/6 1381/7/6
f 3982/4/6 3981/4/6 5094/4/6
f 5094/4/6 3981/4/6 3972/4/6
f 5094/4/6 3971/4/6 1811/4/6
f 1811/4/6 3971/4/6 1763/4/6
f 1811/14/6 1786/14/6 3994/14/6
f 3994/14/6 1786/14/6 3976/14/6
f 1797/1/6 1796/1/6 1812/1/6
f 1812/1/6 1796/1/6 3984/1/6
f 1815/14/6 3985/14/6 1802/14/6
f 1802/14/6 3985/14/6 1803/14/6
f 1801/1/6 1800/1/6 3988/1/6
f 3988/1/6 1800/1/6 3986/1/6
f 3869/14/6 1770/14/6 3868/14/6
f 3868/14/6 1770/14/6 3961/14/6
f 3509/17/6 3485/17/6 1206/17/6
f 1206/17/6 3485/17/6 1169/17/6
f 4483/4/6 4482/4/6 4002/4/6
f 4002/4/6 4482/4/6 1795/4/6
f 2743/15/6 2742/15/6 5095/15/6
f 5095/15/6 2742/15/6 48/15/6
f 1205/17/6 1204/17/6 3514/17/6
f 3514/17/6 1204/17/6 3511/17/6
f 3211/17/6 3210/17/6 3214/17/6
f 3214/17/6 3210/17/6 676/17/6
f 3513/17/6 5093/17/6 1209/17/6
f 1209/17/6 5093/17/6 1162/17/6
f 5095/15/6 47/15/6 5096/15/6
f 5096/15/6 47/15/6 2739/15/6
f 3067/7/6 499/7/6 502/7/6
f 502/7/6 499/7/6 390/7/6
f 3463/7/6 1127/7/6 1131/7/6
f 1131/7/6 1127/7/6 1132/7/6
f 1208/7/6 1207/7/6 1211/7/6
f 1211/7/6 1207/7/6 1201/7/6
f 5096/15/6 2738/15/6 51/15/6
f 51/15/6 2738/15/6 52/15/6
f 4002/14/6 1794/14/6 1806/14/6
f 1806/14/6 1794/14/6 1807/14/6
f 1805/1/6 1804/1/6 3992/1/6
f 3992/1/6 1804/1/6 3989/1/6
f 3991/14/6 3990/14/6 1810/14/6
f 1810/14/6 3990/14/6 1811/14/6
f 1809/1/6 1808/1/6 3996/1/6
f 3996/1/6 1808/1/6 3993/1/6
f 1813/1/6 1812/1/6 4000/1/6
f 4000/1/6 1812/1/6 3997/1/6
f 3873/14/6 1802/14/6 3872/14/6
f 3872/14/6 1802/14/6 3869/14/6
f 2185/2/6 3866/2/6 1896/2/6
f 1896/2/6 3866/2/6 3863/2/6
f 1936/2/6 5083/2/6 2275/2/6
f 2275/2/6 5083/2/6 5084/2/6
f 2324/2/6 2323/2/6 2611/2/6
f 2611/2/6 2323/2/6 2612/2/6
f 4068/1/6 4067/1/6 4004/1/6
f 4004/1/6 4067/1/6 4001/1/6
f 2753/2/6 4934/2/6 53/2/6
f 53/2/6 4934/2/6 4935/2/6
f 3552/7/6 3514/7/6 1270/7/6
f 1270/7/6 3514/7/6 1208/7/6
f 1817/1/6 1816/1/6 4008/1/6
f 4008/1/6 1816/1/6 4005/1/6
f 3215/7/6 686/7/6 689/7/6
f 689/7/6 686/7/6 594/7/6
f 3515/17/6 1209/17/6 1213/17/6
f 1213/17/6 1209/17/6 1214/17/6
f 1821/1/6 1820/1/6 4012/1/6
f 4012/1/6 1820/1/6 4009/1/6
f 1825/1/6 1824/1/6 4016/1/6
f 4016/1/6 1824/1/6 4013/1/6
f 1831/3/6 3991/3/6 5097/3/6
f 5097/3/6 3991/3/6 3995/3/6
f 1835/14/6 1790/14/6 4022/14/6
f 4022/14/6 1790/14/6 1799/14/6
f 3876/14/6 3998/14/6 1839/14/6
f 1839/14/6 3998/14/6 1802/14/6
f 1686/2/6 3870/2/6 2184/2/6
f 2184/2/6 3870/2/6 3867/2/6
f 2231/2/6 2230/2/6 2615/2/6
f 2615/2/6 2230/2/6 2616/2/6
f 5098/3/6 4002/3/6 5099/3/6
f 5099/3/6 4002/3/6 1819/3/6
f 5099/3/6 1818/3/6 1843/3/6
f 1843/3/6 1818/3/6 4007/3/6
f 3516/7/6 3515/7/6 1216/7/6
f 1216/7/6 3515/7/6 1213/7/6
f 1843/3/6 4006/3/6 4026/3/6
f 4026/3/6 4006/3/6 1823/3/6
f 4026/3/6 1822/3/6 5100/3/6
f 5100/3/6 1822/3/6 4011/3/6
f 5100/3/6 4010/3/6 1847/3/6
f 1847/3/6 4010/3/6 1827/3/6
f 1847/3/6 1826/3/6 4030/3/6
f 4030/3/6 1826/3/6 4015/3/6
f 4030/3/6 4014/3/6 1830/3/6
f 1830/3/6 4014/3/6 3991/3/6
f 1829/1/6 1828/1/6 4020/1/6
f 4020/1/6 1828/1/6 4017/1/6
f 4019/3/6 4018/3/6 5101/3/6
f 5101/3/6 4018/3/6 5097/3/6
f 1833/1/6 1832/1/6 4024/1/6
f 4024/1/6 1832/1/6 4021/1/6
f 3880/14/6 1814/14/6 3879/14/6
f 3879/14/6 1814/14/6 3999/14/6
f 2237/2/6 3874/2/6 1685/2/6
f 1685/2/6 3874/2/6 3871/2/6
f 1837/2/6 1836/2/6 2619/2/6
f 2619/2/6 1836/2/6 2620/2/6
f 2751/15/6 2750/15/6 59/15/6
f 59/15/6 2750/15/6 60/15/6
f 2755/15/6 2754/15/6 5102/15/6
f 5102/15/6 2754/15/6 56/15/6
f 5103/14/6 5098/14/6 1842/14/6
f 1842/14/6 5098/14/6 1843/14/6
f 5102/15/6 55/15/6 5104/15/6
f 5104/15/6 55/15/6 2747/15/6
f 1841/1/6 1840/1/6 4028/1/6
f 4028/1/6 1840/1/6 4025/1/6
f 5104/15/6 2746/15/6 63/15/6
f 63/15/6 2746/15/6 64/15/6
f 2826/17/6 2825/17/6 142/17/6
f 142/17/6 2825/17/6 143/17/6
f 4027/14/6 4026/14/6 1846/14/6
f 1846/14/6 4026/14/6 1847/14/6
f 141/17/6 140/17/6 174/17/6
f 174/17/6 140/17/6 175/17/6
f 1845/1/6 1844/1/6 4032/1/6
f 4032/1/6 1844/1/6 4029/1/6
f 4031/14/6 4030/14/6 5105/14/6
f 5105/14/6 4030/14/6 5101/14/6
f 3884/14/6 1798/14/6 3883/14/6
f 3883/14/6 1798/14/6 1815/14/6
f 2432/2/6 3877/2/6 2236/2/6
f 2236/2/6 3877/2/6 3875/2/6
f 2278/2/6 2277/2/6 2623/2/6
f 2623/2/6 2277/2/6 2624/2/6
f 4487/4/6 4486/4/6 5106/4/6
f 5106/4/6 4486/4/6 4003/4/6
f 5107/17/6 5108/17/6 930/17/6
f 930/17/6 5108/17/6 931/17/6
f 2239/3/6 2238/3/6 4324/3/6
f 4324/3/6 2238/3/6 4321/3/6
f 929/17/6 928/17/6 4790/17/6
f 4790/17/6 928/17/6 971/17/6
f 1899/14/6 1898/14/6 4073/14/6
f 4073/14/6 1898/14/6 4070/14/6
f 2187/3/6 2186/3/6 4285/3/6
f 4285/3/6 2186/3/6 4282/3/6
f 2328/14/6 2327/14/6 4364/14/6
f 4364/14/6 2327/14/6 4361/14/6
f 2464/14/6 2463/14/6 4426/14/6
f 4426/14/6 2463/14/6 4423/14/6
f 2855/17/6 142/17/6 224/17/6
f 224/17/6 142/17/6 225/17/6
f 1902/14/6 1901/14/6 4076/14/6
f 4076/14/6 1901/14/6 4074/14/6
f 2028/14/6 2027/14/6 4167/14/6
f 4167/14/6 2027/14/6 4166/14/6
f 1982/3/6 1981/3/6 4135/3/6
f 4135/3/6 1981/3/6 4132/3/6
f 2362/3/6 2361/3/6 4383/3/6
f 4383/3/6 2361/3/6 4380/3/6
f 5106/4/6 5103/4/6 5109/4/6
f 5109/4/6 5103/4/6 5105/4/6
f 5109/4/6 5014/4/6 4717/4/6
f 4717/4/6 5014/4/6 5012/4/6
f 4717/14/6 1834/14/6 3887/14/6
f 3887/14/6 1834/14/6 4023/14/6
f 1907/2/6 3881/2/6 2431/2/6
f 2431/2/6 3881/2/6 3878/2/6
f 2468/2/6 2467/2/6 2635/2/6
f 2635/2/6 2467/2/6 2636/2/6
f 3326/17/6 3325/17/6 874/17/6
f 874/17/6 3325/17/6 875/17/6
f 3393/17/6 3418/17/6 1071/17/6
f 1071/17/6 3418/17/6 1072/17/6
f 873/17/6 3351/17/6 5110/17/6
f 5110/17/6 3351/17/6 5108/17/6
f 5110/7/6 5107/7/6 4776/7/6
f 4776/7/6 5107/7/6 930/7/6
f 4498/2/6 4497/2/6 2639/2/6
f 2639/2/6 4497/2/6 2640/2/6
f 4776/17/6 930/17/6 4788/17/6
f 4788/17/6 930/17/6 4789/17/6
f 68/15/6 5111/15/6 5112/15/6
f 5112/15/6 5111/15/6 72/15/6
f 4788/7/6 4789/7/6 876/7/6
f 876/7/6 4789/7/6 934/7/6
f 4170/15/6 4169/15/6 2033/15/6
f 2033/15/6 4169/15/6 2034/15/6
f 394/17/6 2934/17/6 230/17/6
f 230/17/6 2934/17/6 299/17/6
f 233/17/6 2889/17/6 228/17/6
f 228/17/6 2889/17/6 2854/17/6
f 2857/17/6 2856/17/6 178/17/6
f 178/17/6 2856/17/6 179/17/6
f 2334/2/6 3885/2/6 1906/2/6
f 1906/2/6 3885/2/6 3882/2/6
f 1986/2/6 1985/2/6 2244/2/6
f 2244/2/6 1985/2/6 2245/2/6
f 2282/2/6 2281/2/6 2512/2/6
f 2512/2/6 2281/2/6 2513/2/6
f 3395/17/6 3394/17/6 5113/17/6
f 5113/17/6 3394/17/6 4744/17/6
f 5113/7/6 4744/7/6 827/7/6
f 827/7/6 4744/7/6 828/7/6
f 4174/12/6 4173/12/6 2037/12/6
f 2037/12/6 4173/12/6 2038/12/6
f 2759/15/6 2758/15/6 67/15/6
f 67/15/6 2758/15/6 5111/15/6
f 826/17/6 825/17/6 3307/17/6
f 3307/17/6 825/17/6 3305/17/6
f 2376/12/6 4386/12/6 2367/12/6
f 2367/12/6 4386/12/6 2368/12/6
f 506/17/6 3001/17/6 2939/17/6
f 2939/17/6 3001/17/6 2936/17/6
f 2763/15/6 2762/15/6 71/15/6
f 71/15/6 2762/15/6 5112/15/6
f 830/17/6 829/17/6 833/17/6
f 833/17/6 829/17/6 878/17/6
f 4178/12/6 4177/12/6 2040/12/6
f 2040/12/6 4177/12/6 2033/12/6
f 2891/17/6 2890/17/6 232/17/6
f 232/17/6 2890/17/6 233/17/6
f 877/17/6 876/17/6 937/17/6
f 937/17/6 876/17/6 938/17/6
f 601/17/6 600/17/6 692/17/6
f 692/17/6 600/17/6 693/17/6
f 2653/2/6 4078/2/6 2333/2/6
f 2333/2/6 4078/2/6 3886/2/6
f 2370/2/6 2369/2/6 2646/2/6
f 2646/2/6 2369/2/6 2647/2/6
f 2941/16/6 3136/16/6 304/16/6
f 304/16/6 3136/16/6 599/16/6
f 4389/12/6 4388/12/6 2375/12/6
f 2375/12/6 4388/12/6 2376/12/6
f 3441/17/6 3440/17/6 803/17/6
f 803/17/6 3440/17/6 4760/17/6
f 2765/2/6 4945/2/6 4954/2/6
f 4954/2/6 4945/2/6 66/2/6
f 803/7/6 4760/7/6 798/7/6
f 798/7/6 4760/7/6 799/7/6
f 4367/12/6 4366/12/6 4614/12/6
f 4614/12/6 4366/12/6 4783/12/6
f 2374/12/6 2373/12/6 2381/12/6
f 2381/12/6 2373/12/6 2366/12/6
f 4502/15/6 4498/15/6 2649/15/6
f 2649/15/6 4498/15/6 2639/15/6
f 307/17/6 2940/17/6 5114/17/6
f 5114/17/6 2940/17/6 2938/17/6
f 504/17/6 503/17/6 3147/17/6
f 3147/17/6 503/17/6 3140/17/6
f 4614/13/6 4783/13/6 2337/13/6
f 2337/13/6 4783/13/6 2338/13/6
f 2381/13/6 2366/13/6 2435/13/6
f 2435/13/6 2366/13/6 2436/13/6
f 5114/17/6 2937/17/6 302/17/6
f 302/17/6 2937/17/6 394/17/6
f 840/17/6 831/17/6 835/17/6
f 835/17/6 831/17/6 836/17/6
f 2044/15/6 2037/15/6 5115/15/6
f 5115/15/6 2037/15/6 2040/15/6
f 2336/13/6 2335/13/6 2379/13/6
f 2379/13/6 2335/13/6 2380/13/6
f 620/17/6 602/17/6 610/17/6
f 610/17/6 602/17/6 611/17/6
f 834/17/6 833/17/6 940/17/6
f 940/17/6 833/17/6 941/17/6
f 939/17/6 936/17/6 974/17/6
f 974/17/6 936/17/6 975/17/6
f 3252/17/6 3251/17/6 739/17/6
f 739/17/6 3251/17/6 740/17/6
f 4506/2/6 4505/2/6 2652/2/6
f 2652/2/6 4505/2/6 4079/2/6
f 2943/16/6 2942/16/6 306/16/6
f 306/16/6 2942/16/6 307/16/6
f 305/17/6 304/17/6 397/17/6
f 397/17/6 304/17/6 398/17/6
f 3286/17/6 3285/17/6 802/17/6
f 802/17/6 3285/17/6 803/17/6
f 396/16/6 395/16/6 508/16/6
f 508/16/6 395/16/6 509/16/6
f 4391/12/6 2375/12/6 2383/12/6
f 2383/12/6 2375/12/6 2384/12/6
f 4508/2/6 4502/2/6 2655/2/6
f 2655/2/6 4502/2/6 2649/2/6
f 3006/17/6 505/17/6 401/17/6
f 401/17/6 505/17/6 402/17/6
f 848/17/6 3306/17/6 839/17/6
f 839/17/6 3306/17/6 832/17/6
f 3148/17/6 3139/17/6 619/17/6
f 619/17/6 3139/17/6 603/17/6
f 838/7/6 837/7/6 881/7/6
f 881/7/6 837/7/6 834/7/6
f 880/7/6 879/7/6 943/7/6
f 943/7/6 879/7/6 944/7/6
f 2771/15/6 2770/15/6 5116/15/6
f 5116/15/6 2770/15/6 76/15/6
f 3072/16/6 2944/16/6 512/16/6
f 512/16/6 2944/16/6 305/16/6
f 3428/17/6 3427/17/6 843/17/6
f 843/17/6 3427/17/6 3284/17/6
f 5116/15/6 75/15/6 5117/15/6
f 5117/15/6 75/15/6 2767/15/6
f 3309/17/6 800/17/6 847/17/6
f 847/17/6 800/17/6 797/17/6
f 3074/17/6 508/17/6 3008/17/6
f 3008/17/6 508/17/6 400/17/6
f 846/7/6 845/7/6 891/7/6
f 891/7/6 845/7/6 838/7/6
f 5117/15/6 2766/15/6 79/15/6
f 79/15/6 2766/15/6 80/15/6
f 3007/17/6 401/17/6 405/17/6
f 405/17/6 401/17/6 406/17/6
f 891/17/6 838/17/6 883/17/6
f 883/17/6 838/17/6 881/17/6
f 404/17/6 403/17/6 515/17/6
f 515/17/6 403/17/6 516/17/6
f 882/17/6 880/17/6 946/17/6
f 946/17/6 880/17/6 943/17/6
f 3369/17/6 3368/17/6 3330/17/6
f 3330/17/6 3368/17/6 3328/17/6
f 3329/17/6 841/17/6 886/17/6
f 886/17/6 841/17/6 3308/17/6
f 4184/15/6 4174/15/6 5118/15/6
f 5118/15/6 4174/15/6 2037/15/6
f 2773/2/6 4952/2/6 4957/2/6
f 4957/2/6 4952/2/6 4953/2/6
f 885/17/6 884/17/6 3333/17/6
f 3333/17/6 884/17/6 3331/17/6
f 3332/17/6 846/17/6 890/17/6
f 890/17/6 846/17/6 891/17/6
f 5118/15/6 2043/15/6 2050/15/6
f 2050/15/6 2043/15/6 4182/15/6
f 889/17/6 888/17/6 949/17/6
f 949/17/6 888/17/6 882/17/6
f 982/17/6 981/17/6 1042/17/6
f 1042/17/6 981/17/6 979/17/6
f 2050/15/6 4181/15/6 2046/15/6
f 2046/15/6 4181/15/6 5115/15/6
f 3010/17/6 3009/17/6 310/17/6
f 310/17/6 3009/17/6 311/17/6
f 3152/17/6 3151/17/6 3077/17/6
f 3077/17/6 3151/17/6 514/17/6
f 309/17/6 308/17/6 410/17/6
f 410/17/6 308/17/6 519/17/6
f 3372/17/6 3371/17/6 987/17/6
f 987/17/6 3371/17/6 988/17/6
f 3375/17/6 3374/17/6 991/17/6
f 991/17/6 3374/17/6 992/17/6
f 4188/13/6 4187/13/6 2049/13/6
f 2049/13/6 4187/13/6 2050/13/6
f 88/15/6 5119/15/6 5120/15/6
f 5120/15/6 5119/15/6 92/15/6
f 3079/17/6 3078/17/6 409/17/6
f 409/17/6 3078/17/6 410/17/6
f 408/17/6 407/17/6 522/17/6
f 522/17/6 407/17/6 523/17/6
f 2779/15/6 2778/15/6 5121/15/6
f 5121/15/6 2778/15/6 84/15/6
f 5121/15/6 83/15/6 5122/15/6
f 5122/15/6 83/15/6 2775/15/6
f 5122/15/6 2774/15/6 87/15/6
f 87/15/6 2774/15/6 5119/15/6
f 2783/15/6 2782/15/6 91/15/6
f 91/15/6 2782/15/6 5120/15/6
f 4963/2/6 4959/2/6 4965/2/6
f 4965/2/6 4959/2/6 86/2/6
f 4191/15/6 4190/15/6 2053/15/6
f 2053/15/6 4190/15/6 2054/15/6
f 422/17/6 409/17/6 413/17/6
f 413/17/6 409/17/6 525/17/6
f 4967/2/6 4960/2/6 4969/2/6
f 4969/2/6 4960/2/6 4961/2/6
f 3014/17/6 3013/17/6 417/17/6
f 417/17/6 3013/17/6 418/17/6
f 416/17/6 415/17/6 531/17/6
f 531/17/6 415/17/6 532/17/6
f 3017/17/6 3084/17/6 421/17/6
f 421/17/6 3084/17/6 3082/17/6
f 2787/15/6 2786/15/6 95/15/6
f 95/15/6 2786/15/6 96/15/6
f 2789/2/6 4962/2/6 4970/2/6
f 4970/2/6 4962/2/6 4964/2/6
f 4195/15/6 4194/15/6 2057/15/6
f 2057/15/6 4194/15/6 2058/15/6
f 4329/15/6 4328/15/6 2248/15/6
f 2248/15/6 4328/15/6 2249/15/6
f 4395/15/6 4394/15/6 2387/15/6
f 2387/15/6 4394/15/6 2388/15/6
f 4448/15/6 4447/15/6 2516/15/6
f 2516/15/6 4447/15/6 2517/15/6
f 5123/17/6 5124/17/6 1600/17/6
f 1600/17/6 5124/17/6 1601/17/6
f 1599/17/6 1598/17/6 4795/17/6
f 4795/17/6 1598/17/6 1627/17/6
f 2795/15/6 2794/15/6 5125/15/6
f 5125/15/6 2794/15/6 100/15/6
f 3773/17/6 3772/17/6 1574/17/6
f 1574/17/6 3772/17/6 1575/17/6
f 3816/17/6 3889/17/6 1689/17/6
f 1689/17/6 3889/17/6 1690/17/6
f 5125/15/6 99/15/6 5126/15/6
f 5126/15/6 99/15/6 2791/15/6
f 1573/17/6 3788/17/6 5127/17/6
f 5127/17/6 3788/17/6 5124/17/6
f 5127/7/6 5123/7/6 4779/7/6
f 4779/7/6 5123/7/6 1600/7/6
f 4779/17/6 1600/17/6 4793/17/6
f 4793/17/6 1600/17/6 4794/17/6
f 5126/15/6 2790/15/6 103/15/6
f 103/15/6 2790/15/6 104/15/6
f 2860/15/6 2859/15/6 182/15/6
f 182/15/6 2859/15/6 183/15/6
f 3020/15/6 3019/15/6 425/15/6
f 425/15/6 3019/15/6 426/15/6
f 3221/15/6 3220/15/6 696/15/6
f 696/15/6 3220/15/6 697/15/6
f 3281/15/6 3280/15/6 782/15/6
f 782/15/6 3280/15/6 783/15/6
f 3315/15/6 3314/15/6 854/15/6
f 854/15/6 3314/15/6 855/15/6
f 4793/7/6 4794/7/6 1576/7/6
f 1576/7/6 4794/7/6 1604/7/6
f 3818/17/6 3817/17/6 5128/17/6
f 5128/17/6 3817/17/6 4749/17/6
f 5128/7/6 4749/7/6 1538/7/6
f 1538/7/6 4749/7/6 1539/7/6
f 1537/17/6 1536/17/6 3758/17/6
f 3758/17/6 1536/17/6 3756/17/6
f 1541/17/6 1540/17/6 1544/17/6
f 1544/17/6 1540/17/6 1578/17/6
f 1577/17/6 1576/17/6 1607/17/6
f 1607/17/6 1576/17/6 1608/17/6
f 4035/17/6 4034/17/6 1535/17/6
f 1535/17/6 4034/17/6 4768/17/6
f 1535/7/6 4768/7/6 1530/7/6
f 1530/7/6 4768/7/6 1531/7/6
f 1551/17/6 1542/17/6 1546/17/6
f 1546/17/6 1542/17/6 1547/17/6
f 1545/17/6 1544/17/6 1610/17/6
f 1610/17/6 1544/17/6 1611/17/6
f 1609/17/6 1606/17/6 1630/17/6
f 1630/17/6 1606/17/6 1631/17/6
f 3755/17/6 3754/17/6 1534/17/6
f 1534/17/6 3754/17/6 1535/17/6
f 1559/17/6 3757/17/6 1550/17/6
f 1550/17/6 3757/17/6 1543/17/6
f 1549/7/6 1548/7/6 1581/7/6
f 1581/7/6 1548/7/6 1545/7/6
f 1580/7/6 1579/7/6 1613/7/6
f 1613/7/6 1579/7/6 1614/7/6
f 3899/17/6 3898/17/6 1554/17/6
f 1554/17/6 3898/17/6 3753/17/6
f 3760/17/6 1532/17/6 1558/17/6
f 1558/17/6 1532/17/6 1529/17/6
f 1557/7/6 1556/7/6 1591/7/6
f 1591/7/6 1556/7/6 1549/7/6
f 1591/17/6 1549/17/6 1583/17/6
f 1583/17/6 1549/17/6 1581/17/6
f 1582/17/6 1580/17/6 1616/17/6
f 1616/17/6 1580/17/6 1613/17/6
f 2894/17/6 2893/17/6 236/17/6
f 236/17/6 2893/17/6 237/17/6
f 4976/17/6 3025/17/6 429/17/6
f 429/17/6 3025/17/6 430/17/6
f 235/17/6 234/17/6 314/17/6
f 314/17/6 234/17/6 315/17/6
f 313/17/6 312/17/6 2947/17/6
f 2947/17/6 312/17/6 2945/17/6
f 239/17/6 238/17/6 4977/17/6
f 4977/17/6 238/17/6 319/17/6
f 3802/17/6 3801/17/6 3777/17/6
f 3777/17/6 3801/17/6 3775/17/6
f 3776/17/6 1552/17/6 1586/17/6
f 1586/17/6 1552/17/6 3759/17/6
f 1585/17/6 1584/17/6 3780/17/6
f 3780/17/6 1584/17/6 3778/17/6
f 3779/17/6 1557/17/6 1590/17/6
f 1590/17/6 1557/17/6 1591/17/6
f 1589/17/6 1588/17/6 1619/17/6
f 1619/17/6 1588/17/6 1582/17/6
f 1638/17/6 1637/17/6 1668/17/6
f 1668/17/6 1637/17/6 1635/17/6
f 2898/17/6 2949/17/6 2897/17/6
f 2897/17/6 2949/17/6 2895/17/6
f 2896/7/6 2894/7/6 2863/7/6
f 2863/7/6 2894/7/6 236/7/6
f 185/17/6 184/17/6 2866/17/6
f 2866/17/6 184/17/6 2864/17/6
f 148/17/6 2865/17/6 190/17/6
f 190/17/6 2865/17/6 191/17/6
f 189/17/6 2946/17/6 5129/17/6
f 5129/17/6 2946/17/6 241/17/6
f 5129/17/6 240/17/6 244/17/6
f 244/17/6 240/17/6 245/17/6
f 317/17/6 4975/17/6 320/17/6
f 320/17/6 4975/17/6 437/17/6
f 2952/15/6 3091/15/6 323/15/6
f 323/15/6 3091/15/6 535/15/6
f 3805/17/6 3804/17/6 1643/17/6
f 1643/17/6 3804/17/6 1644/17/6
f 3731/14/6 3730/14/6 1504/14/6
f 1504/14/6 3730/14/6 1505/14/6
f 3808/17/6 3807/17/6 1647/17/6
f 1647/17/6 3807/17/6 1648/17/6
f 3030/17/6 3029/17/6 2951/17/6
f 2951/17/6 3029/17/6 2950/17/6
f 2900/17/6 2899/17/6 2831/17/6
f 2831/17/6 2899/17/6 2828/17/6
f 145/17/6 2862/17/6 2834/17/6
f 2834/17/6 2862/17/6 187/17/6
f 149/7/6 148/7/6 5130/7/6
f 5130/7/6 148/7/6 190/7/6
f 5130/17/6 190/17/6 152/17/6
f 152/17/6 190/17/6 4868/17/6
f 152/7/6 4868/7/6 195/7/6
f 195/7/6 4868/7/6 4881/7/6
f 195/17/6 4881/17/6 248/17/6
f 248/17/6 4881/17/6 249/17/6
f 2906/2/6 2953/2/6 253/2/6
f 253/2/6 2953/2/6 325/2/6
f 3715/2/6 3714/2/6 3675/2/6
f 3675/2/6 3714/2/6 3672/2/6
f 3674/14/6 3695/14/6 3677/14/6
f 3677/14/6 3695/14/6 1460/14/6
f 2904/7/6 2903/7/6 2870/7/6
f 2870/7/6 2903/7/6 2867/7/6
f 2869/17/6 2868/17/6 2836/17/6
f 2836/17/6 2868/17/6 2830/17/6
f 5131/17/6 146/17/6 2812/17/6
f 2812/17/6 146/17/6 2833/17/6
f 2812/17/6 2832/17/6 124/17/6
f 124/17/6 2832/17/6 151/17/6
f 124/17/6 150/17/6 154/17/6
f 154/17/6 150/17/6 155/17/6
f 193/7/6 192/7/6 251/7/6
f 251/7/6 192/7/6 252/7/6
f 2908/15/6 2907/15/6 255/15/6
f 255/15/6 2907/15/6 256/15/6
f 254/2/6 253/2/6 328/2/6
f 328/2/6 253/2/6 329/2/6
f 3698/2/6 3675/2/6 3679/2/6
f 3679/2/6 3675/2/6 3676/2/6
f 327/2/6 326/2/6 336/2/6
f 336/2/6 326/2/6 2955/2/6
f 3678/14/6 1459/14/6 3681/14/6
f 3681/14/6 1459/14/6 1509/14/6
f 1474/14/6 1473/14/6 1477/14/6
f 1477/14/6 1473/14/6 1512/14/6
f 339/2/6 2956/2/6 5132/2/6
f 5132/2/6 2956/2/6 4811/2/6
f 2911/17/6 2910/17/6 5133/17/6
f 5133/17/6 2910/17/6 2835/17/6
f 5134/7/6 5131/7/6 2815/7/6
f 2815/7/6 5131/7/6 2812/7/6
f 2814/17/6 2813/17/6 126/17/6
f 126/17/6 2813/17/6 127/17/6
f 125/7/6 124/7/6 5136/7/6
f 5136/7/6 124/7/6 5135/7/6
f 5136/17/6 5135/17/6 128/17/6
f 128/17/6 5135/17/6 5137/17/6
f 128/7/6 5137/7/6 157/7/6
f 157/7/6 5137/7/6 154/7/6
f 156/17/6 152/17/6 199/17/6
f 199/17/6 152/17/6 195/17/6
f 199/17/6 194/17/6 258/17/6
f 258/17/6 194/17/6 259/17/6
f 257/17/6 250/17/6 260/17/6
f 260/17/6 250/17/6 332/17/6
f 3103/2/6 2908/2/6 335/2/6
f 335/2/6 2908/2/6 255/2/6
f 4347/12/6 4346/12/6 2287/12/6
f 2287/12/6 4346/12/6 2288/12/6
f 4429/12/6 4428/12/6 2473/12/6
f 2473/12/6 4428/12/6 2474/12/6
f 4515/12/6 4514/12/6 2661/12/6
f 2661/12/6 4514/12/6 2662/12/6
f 334/2/6 333/2/6 2960/2/6
f 2960/2/6 333/2/6 2957/2/6
f 3702/1/6 3699/1/6 3701/1/6
f 3701/1/6 3699/1/6 3700/1/6
f 2959/15/6 2958/15/6 338/15/6
f 338/15/6 2958/15/6 339/15/6
f 3684/2/6 3679/2/6 3683/2/6
f 3683/2/6 3679/2/6 3680/2/6
f 337/2/6 336/2/6 2964/2/6
f 2964/2/6 336/2/6 2961/2/6
f 2963/2/6 2962/2/6 4658/2/6
f 4658/2/6 2962/2/6 5132/2/6
f 1520/14/6 1467/14/6 1471/14/6
f 1471/14/6 1467/14/6 1472/14/6
f 1478/14/6 1477/14/6 1515/14/6
f 1515/14/6 1477/14/6 1516/14/6
f 4658/15/6 4811/15/6 2915/15/6
f 2915/15/6 4811/15/6 2905/15/6
f 2914/7/6 2913/7/6 2873/7/6
f 2873/7/6 2913/7/6 2871/7/6
f 2839/17/6 2872/17/6 2838/17/6
f 2838/17/6 2872/17/6 5133/17/6
f 2837/17/6 2829/17/6 2816/17/6
f 2816/17/6 2829/17/6 147/17/6
f 2816/17/6 5134/17/6 132/17/6
f 132/17/6 5134/17/6 125/17/6
f 135/17/6 126/17/6 130/17/6
f 130/17/6 126/17/6 131/17/6
f 5138/7/6 156/7/6 198/7/6
f 198/7/6 156/7/6 199/7/6
f 197/17/6 196/17/6 5139/17/6
f 5139/17/6 196/17/6 263/17/6
f 4518/12/6 4517/12/6 2667/12/6
f 2667/12/6 4517/12/6 2668/12/6
f 3711/1/6 3710/1/6 3704/1/6
f 3704/1/6 3710/1/6 3697/1/6
f 3686/2/6 3703/2/6 1453/2/6
f 1453/2/6 3703/2/6 3684/2/6
f 1456/14/6 3685/14/6 5140/14/6
f 5140/14/6 3685/14/6 3682/14/6
f 4522/16/6 4521/16/6 4798/16/6
f 4798/16/6 4521/16/6 2675/16/6
f 5140/14/6 1508/14/6 1519/14/6
f 1519/14/6 1508/14/6 1468/14/6
f 2967/17/6 2966/17/6 2842/17/6
f 2842/17/6 2966/17/6 2839/17/6
f 2841/17/6 2840/17/6 4673/17/6
f 4673/17/6 2840/17/6 2837/17/6
f 4673/7/6 2837/7/6 2819/7/6
f 2819/7/6 2837/7/6 2816/7/6
f 2818/17/6 2817/17/6 134/17/6
f 134/17/6 2817/17/6 135/17/6
f 163/7/6 5141/7/6 4712/7/6
f 4712/7/6 5141/7/6 129/7/6
f 4712/17/6 128/17/6 159/17/6
f 159/17/6 128/17/6 157/17/6
f 207/7/6 198/7/6 202/7/6
f 202/7/6 198/7/6 203/7/6
f 201/17/6 200/17/6 262/17/6
f 262/17/6 200/17/6 5139/17/6
f 343/17/6 340/17/6 448/17/6
f 448/17/6 340/17/6 331/17/6
f 2525/5/6 2483/5/6 2671/5/6
f 2671/5/6 2483/5/6 2672/5/6
f 2971/2/6 2970/2/6 345/2/6
f 345/2/6 2970/2/6 346/2/6
f 3719/2/6 3718/2/6 3751/2/6
f 3751/2/6 3718/2/6 3686/2/6
f 5142/7/6 2059/7/6 2110/7/6
f 2110/7/6 2059/7/6 2111/7/6
f 2109/8/6 2108/8/6 4242/8/6
f 4242/8/6 2108/8/6 4239/8/6
f 2251/8/6 2250/8/6 4338/8/6
f 4338/8/6 2250/8/6 4335/8/6
f 1527/14/6 1453/14/6 1482/14/6
f 1482/14/6 1453/14/6 1483/14/6
f 1489/14/6 1488/14/6 1523/14/6
f 1523/14/6 1488/14/6 1524/14/6
f 2194/8/6 2193/8/6 4296/8/6
f 4296/8/6 2193/8/6 4293/8/6
f 2290/13/6 2289/13/6 4356/13/6
f 4356/13/6 2289/13/6 4353/13/6
f 4241/7/6 4240/7/6 2114/7/6
f 2114/7/6 4240/7/6 2115/7/6
f 2974/17/6 2973/17/6 4667/17/6
f 4667/17/6 2973/17/6 2874/17/6
f 2113/8/6 2112/8/6 4246/8/6
f 4246/8/6 2112/8/6 4243/8/6
f 2255/8/6 2254/8/6 4342/8/6
f 4342/8/6 2254/8/6 4339/8/6
f 211/17/6 4674/17/6 2845/17/6
f 2845/17/6 4674/17/6 2843/17/6
f 4245/7/6 4244/7/6 5143/7/6
f 5143/7/6 4244/7/6 4207/7/6
f 2844/17/6 2819/17/6 5144/17/6
f 5144/17/6 2819/17/6 133/17/6
f 2438/8/6 2437/8/6 4418/8/6
f 4418/8/6 2437/8/6 4415/8/6
f 5144/17/6 132/17/6 162/17/6
f 162/17/6 132/17/6 5141/17/6
f 2519/8/6 2518/8/6 4453/8/6
f 4453/8/6 2518/8/6 4450/8/6
f 161/17/6 160/17/6 554/17/6
f 554/17/6 160/17/6 158/17/6
f 554/17/6 5138/17/6 206/17/6
f 206/17/6 5138/17/6 198/17/6
f 2476/8/6 2475/8/6 4437/8/6
f 4437/8/6 2475/8/6 4435/8/6
f 205/17/6 204/17/6 266/17/6
f 266/17/6 204/17/6 201/17/6
f 451/17/6 450/17/6 549/17/6
f 549/17/6 450/17/6 4731/17/6
f 2400/5/6 2339/5/6 2391/5/6
f 2391/5/6 2339/5/6 2392/5/6
f 2523/5/6 2522/5/6 2681/5/6
f 2681/5/6 2522/5/6 2682/5/6
f 3688/14/6 3687/14/6 1455/14/6
f 1455/14/6 3687/14/6 1456/14/6
f 4201/8/6 4241/8/6 4661/8/6
f 4661/8/6 4241/8/6 5145/8/6
f 2394/10/6 2393/10/6 4404/10/6
f 4404/10/6 2393/10/6 4401/10/6
f 2527/10/6 2526/10/6 4457/10/6
f 4457/10/6 2526/10/6 4454/10/6
f 4661/13/6 5145/13/6 2118/13/6
f 2118/13/6 5145/13/6 2119/13/6
f 2480/11/6 2479/11/6 2532/11/6
f 2532/11/6 2479/11/6 2533/11/6
f 2117/1/6 2116/1/6 4248/1/6
f 4248/1/6 2116/1/6 4246/1/6
f 2531/11/6 2530/11/6 4461/11/6
f 4461/11/6 2530/11/6 4458/11/6
f 2875/17/6 2842/17/6 210/17/6
f 210/17/6 2842/17/6 4674/17/6
f 3042/17/6 3041/17/6 2977/17/6
f 2977/17/6 3041/17/6 2976/17/6
f 4247/13/6 4245/13/6 4254/13/6
f 4254/13/6 4245/13/6 5146/13/6
f 209/17/6 208/17/6 2879/17/6
f 2879/17/6 208/17/6 2877/17/6
f 4254/8/6 5146/8/6 5147/8/6
f 5147/8/6 5146/8/6 5143/8/6
f 2878/17/6 2845/17/6 214/17/6
f 214/17/6 2845/17/6 215/17/6
f 213/7/6 212/7/6 4683/7/6
f 4683/7/6 212/7/6 4682/7/6
f 2127/5/6 2063/5/6 2122/5/6
f 2122/5/6 2063/5/6 2123/5/6
f 4683/17/6 4682/17/6 4689/17/6
f 4689/17/6 4682/17/6 5148/17/6
f 4689/7/6 5148/7/6 2883/7/6
f 2883/7/6 5148/7/6 2880/7/6
f 2882/17/6 2881/17/6 553/17/6
f 553/17/6 2881/17/6 554/17/6
f 2300/5/6 2258/5/6 2295/5/6
f 2295/5/6 2258/5/6 2296/5/6
f 2398/1/6 2397/1/6 2401/1/6
f 2401/1/6 2397/1/6 2390/1/6
f 2130/8/6 5142/8/6 5149/8/6
f 5149/8/6 5142/8/6 4241/8/6
f 2198/1/6 2197/1/6 4300/1/6
f 4300/1/6 2197/1/6 4297/1/6
f 5150/11/6 2117/11/6 5151/11/6
f 5151/11/6 2117/11/6 4253/11/6
f 3046/17/6 3045/17/6 353/17/6
f 353/17/6 3045/17/6 354/17/6
f 352/17/6 351/17/6 454/17/6
f 454/17/6 351/17/6 455/17/6
f 2125/1/6 2124/1/6 2131/1/6
f 2131/1/6 2124/1/6 2121/1/6
f 453/17/6 452/17/6 557/17/6
f 557/17/6 452/17/6 558/17/6
f 2979/17/6 2978/17/6 357/17/6
f 357/17/6 2978/17/6 358/17/6
f 2916/17/6 2883/17/6 269/17/6
f 269/17/6 2883/17/6 270/17/6
f 2298/1/6 2297/1/6 2301/1/6
f 2301/1/6 2297/1/6 2294/1/6
f 2537/5/6 2524/5/6 2684/5/6
f 2684/5/6 2524/5/6 2685/5/6
f 4199/12/6 4287/12/6 2061/12/6
f 2061/12/6 4287/12/6 2192/12/6
f 2129/1/6 2128/1/6 4252/1/6
f 4252/1/6 2128/1/6 4249/1/6
f 2202/10/6 2199/10/6 4302/10/6
f 4302/10/6 2199/10/6 4299/10/6
f 2206/10/6 5150/10/6 4306/10/6
f 4306/10/6 5150/10/6 5152/10/6
f 2064/5/6 2126/5/6 2133/5/6
f 2133/5/6 2126/5/6 2134/5/6
f 2535/5/6 2534/5/6 2538/5/6
f 2538/5/6 2534/5/6 4736/5/6
f 2144/8/6 2060/8/6 4258/8/6
f 4258/8/6 2060/8/6 4251/8/6
f 4203/16/6 4202/16/6 2137/16/6
f 2137/16/6 4202/16/6 2138/16/6
f 2201/1/6 2200/1/6 4304/1/6
f 4304/1/6 2200/1/6 4301/1/6
f 4303/10/6 4298/10/6 2205/10/6
f 2205/10/6 4298/10/6 2117/10/6
f 2204/1/6 2203/1/6 4308/1/6
f 4308/1/6 2203/1/6 4305/1/6
f 4307/11/6 5152/11/6 4256/11/6
f 4256/11/6 5152/11/6 5151/11/6
f 4255/13/6 4254/13/6 5153/13/6
f 5153/13/6 4254/13/6 5147/13/6
f 4138/5/6 2065/5/6 2140/5/6
f 2140/5/6 2065/5/6 2141/5/6
f 2143/1/6 2142/1/6 4260/1/6
f 4260/1/6 2142/1/6 4257/1/6
f 4259/8/6 4250/8/6 5154/8/6
f 5154/8/6 4250/8/6 5149/8/6
f 5154/8/6 4204/8/6 5155/8/6
f 5155/8/6 4204/8/6 4634/8/6
f 5155/13/6 4634/13/6 5156/13/6
f 5156/13/6 4634/13/6 4255/13/6
f 5156/8/6 4255/8/6 4210/8/6
f 4210/8/6 4255/8/6 5153/8/6
f 4209/5/6 4237/5/6 4140/5/6
f 4140/5/6 4237/5/6 2066/5/6
f 4091/5/6 4090/5/6 4097/5/6
f 4097/5/6 4090/5/6 1941/5/6
f 1942/5/6 1939/5/6 2071/5/6
f 2071/5/6 1939/5/6 2072/5/6
f 2145/5/6 2120/5/6 2148/5/6
f 2148/5/6 2120/5/6 2209/5/6
f 2208/5/6 2207/5/6 2260/5/6
f 2260/5/6 2207/5/6 2261/5/6
f 2408/5/6 2399/5/6 2403/5/6
f 2403/5/6 2399/5/6 2404/5/6
f 2490/5/6 2441/5/6 2485/5/6
f 2485/5/6 2441/5/6 2665/5/6
f 4095/12/6 4205/12/6 1947/12/6
f 1947/12/6 4205/12/6 2068/12/6
f 1946/7/6 1945/7/6 5157/7/6
f 5157/7/6 1945/7/6 4092/7/6
f 4098/5/6 1940/5/6 4104/5/6
f 4104/5/6 1940/5/6 1911/5/6
f 2149/5/6 2148/5/6 2263/5/6
f 2263/5/6 2148/5/6 2264/5/6
f 2262/5/6 2299/5/6 2303/5/6
f 2303/5/6 2299/5/6 2304/5/6
f 2406/1/6 2405/1/6 2409/1/6
f 2409/1/6 2405/1/6 2402/1/6
f 2488/1/6 2487/1/6 2491/1/6
f 2491/1/6 2487/1/6 2484/1/6
f 2692/8/6 4736/8/6 4739/8/6
f 4739/8/6 4736/8/6 4892/8/6
f 4739/7/6 4892/7/6 2688/7/6
f 2688/7/6 4892/7/6 2689/7/6
f 4101/12/6 4100/12/6 1950/12/6
f 1950/12/6 4100/12/6 1951/12/6
f 2081/13/6 2009/13/6 4144/13/6
f 4144/13/6 2009/13/6 4141/13/6
f 4143/7/6 4142/7/6 1996/7/6
f 1996/7/6 4142/7/6 5157/7/6
f 1996/8/6 4092/8/6 4146/8/6
f 4146/8/6 4092/8/6 1942/8/6
f 4105/5/6 1910/5/6 1914/5/6
f 1914/5/6 1910/5/6 2075/5/6
f 1913/5/6 1912/5/6 1991/5/6
f 1991/5/6 1912/5/6 1992/5/6
f 2076/5/6 2074/5/6 2306/5/6
f 2306/5/6 2074/5/6 2307/5/6
f 2305/5/6 2293/5/6 2341/5/6
f 2341/5/6 2293/5/6 2342/5/6
f 5158/2/6 5159/2/6 4214/2/6
f 4214/2/6 5159/2/6 4211/2/6
f 4213/13/6 4212/13/6 5160/13/6
f 5160/13/6 4212/13/6 4158/13/6
f 1994/1/6 1993/1/6 4148/1/6
f 4148/1/6 1993/1/6 4145/1/6
f 4110/5/6 1914/5/6 1919/5/6
f 1919/5/6 1914/5/6 2344/5/6
f 2343/5/6 2407/5/6 2411/5/6
f 2411/5/6 2407/5/6 2412/5/6
f 2410/5/6 2389/5/6 2443/5/6
f 2443/5/6 2389/5/6 2444/5/6
f 4113/12/6 4112/12/6 1955/12/6
f 1955/12/6 4112/12/6 1956/12/6
f 5161/9/6 5158/9/6 5163/9/6
f 5163/9/6 5158/9/6 5162/9/6
f 5163/2/6 5162/2/6 2158/2/6
f 2158/2/6 5162/2/6 5164/2/6
f 2158/9/6 5164/9/6 4266/9/6
f 4266/9/6 5164/9/6 5165/9/6
f 4266/2/6 5165/2/6 2153/2/6
f 2153/2/6 5165/2/6 2154/2/6
f 2152/1/6 2151/1/6 4264/1/6
f 4264/1/6 2151/1/6 4261/1/6
f 2004/8/6 1995/8/6 4150/8/6
f 4150/8/6 1995/8/6 4147/8/6
f 2008/8/6 4106/8/6 4154/8/6
f 4154/8/6 4106/8/6 4109/8/6
f 1917/5/6 1916/5/6 1959/5/6
f 1959/5/6 1916/5/6 1960/5/6
f 1998/5/6 1997/5/6 2267/5/6
f 2267/5/6 1997/5/6 2268/5/6
f 2309/5/6 2308/5/6 2414/5/6
f 2414/5/6 2308/5/6 2415/5/6
f 2446/1/6 2445/1/6 2447/1/6
f 2447/1/6 2445/1/6 2442/1/6
f 2447/5/6 2489/5/6 2493/5/6
f 2493/5/6 2489/5/6 2494/5/6
f 2161/2/6 2079/2/6 4273/2/6
f 4273/2/6 2079/2/6 5159/2/6
f 5166/9/6 5163/9/6 2157/9/6
f 2157/9/6 5163/9/6 2158/9/6
f 2156/1/6 2155/1/6 4268/1/6
f 4268/1/6 2155/1/6 4265/1/6
f 4267/9/6 4266/9/6 5167/9/6
f 5167/9/6 4266/9/6 2153/9/6
f 5168/9/6 4214/9/6 5169/9/6
f 5169/9/6 4214/9/6 4217/9/6
f 2002/1/6 2001/1/6 4152/1/6
f 4152/1/6 2001/1/6 4149/1/6
f 2006/1/6 2005/1/6 4155/1/6
f 4155/1/6 2005/1/6 4153/1/6
f 4124/8/6 4111/8/6 4120/8/6
f 4120/8/6 4111/8/6 4117/8/6
f 2085/5/6 1918/5/6 2417/5/6
f 2417/5/6 1918/5/6 2418/5/6
f 2496/1/6 2495/1/6 2498/1/6
f 2498/1/6 2495/1/6 2492/1/6
f 3469/17/6 5170/17/6 1174/17/6
f 1174/17/6 5170/17/6 1175/17/6
f 1218/17/6 1217/17/6 1273/17/6
f 1273/17/6 1217/17/6 1274/17/6
f 1173/17/6 1172/17/6 1223/17/6
f 1223/17/6 1172/17/6 1224/17/6
f 1222/17/6 1221/17/6 1277/17/6
f 1277/17/6 1221/17/6 1278/17/6
f 3763/12/6 3762/12/6 1562/12/6
f 1562/12/6 3762/12/6 1563/12/6
f 3812/12/6 3811/12/6 1651/12/6
f 1651/12/6 3811/12/6 1652/12/6
f 4122/12/6 4121/12/6 1964/12/6
f 1964/12/6 4121/12/6 1965/12/6
f 2160/1/6 2159/1/6 4275/1/6
f 4275/1/6 2159/1/6 4272/1/6
f 4274/2/6 5161/2/6 5171/2/6
f 5171/2/6 5161/2/6 5163/2/6
f 5171/2/6 5166/2/6 5172/2/6
f 5172/2/6 5166/2/6 2157/2/6
f 5172/13/6 2157/13/6 5173/13/6
f 5173/13/6 2157/13/6 4267/13/6
f 5173/2/6 4267/2/6 5174/2/6
f 5174/2/6 4267/2/6 5167/2/6
f 5174/2/6 2153/2/6 5175/2/6
f 5175/2/6 2153/2/6 4263/2/6
f 5175/2/6 4262/2/6 5176/2/6
f 5176/2/6 4262/2/6 4214/2/6
f 5176/1/6 5168/1/6 4220/1/6
f 4220/1/6 5168/1/6 5169/1/6
f 4219/13/6 4218/13/6 4161/13/6
f 4161/13/6 4218/13/6 5160/13/6
f 4160/7/6 4159/7/6 4688/7/6
f 4688/7/6 4159/7/6 1996/7/6
f 4688/8/6 2003/8/6 4685/8/6
f 4685/8/6 2003/8/6 4151/8/6
f 4685/8/6 4099/8/6 5177/8/6
f 5177/8/6 4099/8/6 4103/8/6
f 5177/8/6 2007/8/6 4127/8/6
f 4127/8/6 2007/8/6 4124/8/6
f 4126/5/6 4125/5/6 4726/5/6
f 4726/5/6 4125/5/6 4119/5/6
f 4726/5/6 4118/5/6 2084/5/6
f 2084/5/6 4118/5/6 1919/5/6
f 2163/5/6 2162/5/6 2347/5/6
f 2347/5/6 2162/5/6 2348/5/6
f 2346/5/6 2345/5/6 2420/5/6
f 2420/5/6 2345/5/6 2421/5/6
f 2419/5/6 2413/5/6 2449/5/6
f 2449/5/6 2413/5/6 2450/5/6
f 2448/5/6 2497/5/6 2500/5/6
f 2500/5/6 2497/5/6 2501/5/6
f 2499/5/6 2536/5/6 2540/5/6
f 2540/5/6 2536/5/6 2541/5/6
f 3654/17/6 3653/17/6 3590/17/6
f 3590/17/6 3653/17/6 3587/17/6
f 3467/17/6 3466/17/6 1135/17/6
f 1135/17/6 3466/17/6 1136/17/6
f 3560/17/6 3559/17/6 3524/17/6
f 3524/17/6 3559/17/6 3522/17/6
f 3456/17/6 3455/17/6 1115/17/6
f 1115/17/6 3455/17/6 1116/17/6
f 1134/17/6 3487/17/6 3470/17/6
f 3470/17/6 3487/17/6 5170/17/6
f 1114/7/6 1113/7/6 1139/7/6
f 1139/7/6 1113/7/6 1140/7/6
f 3458/17/6 3457/17/6 1119/17/6
f 1119/17/6 3457/17/6 1120/17/6
f 1138/17/6 1137/17/6 3471/17/6
f 3471/17/6 1137/17/6 1174/17/6
f 1387/7/6 1386/7/6 1416/7/6
f 1416/7/6 1386/7/6 1417/7/6
f 1118/17/6 1117/17/6 1143/17/6
f 1143/17/6 1117/17/6 1144/17/6
f 1142/17/6 1141/17/6 1178/17/6
f 1178/17/6 1141/17/6 1179/17/6
f 1279/17/6 1276/17/6 1324/17/6
f 1324/17/6 1276/17/6 1325/17/6
f 3473/17/6 3472/17/6 1147/17/6
f 1147/17/6 3472/17/6 1148/17/6
f 3563/7/6 3562/7/6 1284/7/6
f 1284/7/6 3562/7/6 1285/7/6
f 5178/7/1 5179/7/1 5181/7/1
f 5181/7/1 5179/7/1 5180/7/1
f 5182/7/1 5183/7/1 5185/7/1
f 5185/7/1 5183/7/1 5184/7/1
f 5186/7/1 5187/7/1 5189/7/1
f 5189/7/1 5187/7/1 5188/7/1
f 5190/7/1 5191/7/1 5193/7/1
f 5193/7/1 5191/7/1 5192/7/1
f 5194/17/1 5195/17/1 5197/17/1
f 5197/17/1 5195/17/1 5196/17/1
f 5198/17/1 5199/17/1 5201/17/1
f 5201/17/1 5199/17/1 5200/17/1
f 5202/17/1 5203/17/1 5205/17/1
f 5205/17/1 5203/17/1 5204/17/1
f 5206/17/1 5207/17/1 5209/17/1
f 5209/17/1 5207/17/1 5208/17/1
f 5207/17/1 5210/17/1 5212/17/1
f 5212/17/1 5210/17/1 5211/17/1
f 5210/17/1 5213/17/1 5215/17/1
f 5215/17/1 5213/17/1 5214/17/1
f 5216/17/1 5217/17/1 5219/17/1
f 5219/17/1 5217/17/1 5218/17/1
f 5220/17/1 5221/17/1 5223/17/1
f 5223/17/1 5221/17/1 5222/17/1
f 5224/17/1 5225/17/1 5227/17/1
f 5227/17/1 5225/17/1 5226/17/1
f 5228/7/1 5229/7/1 5231/7/1
f 5231/7/1 5229/7/1 5230/7/1
f 5232/7/1 5233/7/1 5235/7/1
f 5235/7/1 5233/7/1 5234/7/1
f 5236/17/1 5237/17/1 5239/17/1
f 5239/17/1 5237/17/1 5238/17/1
f 5240/17/1 5241/17/1 5243/17/1
f 5243/17/1 5241/17/1 5242/17/1
f 5244/17/1 5245/17/1 5247/17/1
f 5247/17/1 5245/17/1 5246/17/1
f 5248/17/1 5249/17/1 5251/17/1
f 5251/17/1 5249/17/1 5250/17/1
f 5252/17/1 5253/17/1 5255/17/1
f 5255/17/1 5253/17/1 5254/17/1
f 5256/17/1 5257/17/1 5259/17/1
f 5259/17/1 5257/17/1 5258/17/1
f 5260/17/1 5261/17/1 5263/17/1
f 5263/17/1 5261/17/1 5262/17/1
f 5261/17/1 5264/17/1 5266/17/1
f 5266/17/1 5264/17/1 5265/17/1
f 5267/17/1 5268/17/1 5270/17/1
f 5270/17/1 5268/17/1 5269/17/1
f 5271/17/1 5272/17/1 5274/17/1
f 5274/17/1 5272/17/1 5273/17/1
f 5275/7/1 5276/7/1 5278/7/1
f 5278/7/1 5276/7/1 5277/7/1
f 5279/17/1 5280/17/1 5282/17/1
f 5282/17/1 5280/17/1 5281/17/1
f 5283/7/1 5284/7/1 5286/7/1
f 5286/7/1 5284/7/1 5285/7/1
f 5287/17/1 5288/17/1 5290/17/1
f 5290/17/1 5288/17/1 5289/17/1
f 5291/17/1 5292/17/1 5294/17/1
f 5294/17/1 5292/17/1 5293/17/1
f 5295/7/1 5296/7/1 5256/7/1
f 5256/7/1 5296/7/1 5257/7/1
f 5297/17/1 5298/17/1 5300/17/1
f 5300/17/1 5298/17/1 5299/17/1
f 5301/17/1 5302/17/1 5304/17/1
f 5304/17/1 5302/17/1 5303/17/1
f 5305/17/1 5306/17/1 5308/17/1
f 5308/17/1 5306/17/1 5307/17/1
f 5309/17/1 5310/17/1 5312/17/1
f 5312/17/1 5310/17/1 5311/17/1
f 5313/17/1 5314/17/1 5316/17/1
f 5316/17/1 5314/17/1 5315/17/1
f 5317/17/1 5318/17/1 5320/17/1
f 5320/17/1 5318/17/1 5319/17/1
f 5321/17/1 5322/17/1 5324/17/1
f 5324/17/1 5322/17/1 5323/17/1
f 5325/7/1 5326/7/1 5328/7/1
f 5328/7/1 5326/7/1 5327/7/1
f 5329/17/1 5330/17/1 5332/17/1
f 5332/17/1 5330/17/1 5331/17/1
f 5333/17/1 5334/17/1 5336/17/1
f 5336/17/1 5334/17/1 5335/17/1
f 5334/17/1 5337/17/1 5339/17/1
f 5339/17/1 5337/17/1 5338/17/1
f 5337/17/1 5340/17/1 5342/17/1
f 5342/17/1 5340/17/1 5341/17/1
f 5343/17/1 5344/17/1 5283/17/1
f 5283/17/1 5344/17/1 5284/17/1
f 5345/17/1 5346/17/1 5348/17/1
f 5348/17/1 5346/17/1 5347/17/1
f 5349/17/1 5350/17/1 5352/17/1
f 5352/17/1 5350/17/1 5351/17/1
f 5353/17/1 5354/17/1 5356/17/1
f 5356/17/1 5354/17/1 5355/17/1
f 5354/17/1 5357/17/1 5358/17/1
f 5358/17/1 5357/17/1 5301/17/1
f 5359/17/1 5360/17/1 5302/17/1
f 5302/17/1 5360/17/1 5361/17/1
f 5362/7/1 5363/7/1 5365/7/1
f 5365/7/1 5363/7/1 5364/7/1
f 5366/17/1 5367/17/1 5369/17/1
f 5369/17/1 5367/17/1 5368/17/1
f 3456/17/1 5370/17/1 5372/17/1
f 5372/17/1 5370/17/1 5371/17/1
f 5373/17/1 5374/17/1 5376/17/1
f 5376/17/1 5374/17/1 5375/17/1
f 5377/17/1 5378/17/1 5379/17/1
f 5379/17/1 5378/17/1 5333/17/1
f 5380/17/1 5381/17/1 5383/17/1
f 5383/17/1 5381/17/1 5382/17/1
f 5381/7/1 5384/7/1 5382/7/1
f 5382/7/1 5384/7/1 5385/7/1
f 5386/17/1 5387/17/1 5389/17/1
f 5389/17/1 5387/17/1 5388/17/1
f 5390/17/1 5391/17/1 5393/17/1
f 5393/17/1 5391/17/1 5392/17/1
f 5394/17/1 5395/17/1 5397/17/1
f 5397/17/1 5395/17/1 5396/17/1
f 5395/17/1 5398/17/1 5400/17/1
f 5400/17/1 5398/17/1 5399/17/1
f 5401/17/1 5402/17/1 5404/17/1
f 5404/17/1 5402/17/1 5403/17/1
f 5405/17/1 5406/17/1 5408/17/1
f 5408/17/1 5406/17/1 5407/17/1
f 5409/7/1 5410/7/1 5359/7/1
f 5359/7/1 5410/7/1 5360/7/1
f 5411/17/1 5412/17/1 5414/17/1
f 5414/17/1 5412/17/1 5413/17/1
f 5415/17/1 5416/17/1 5418/17/1
f 5418/17/1 5416/17/1 5417/17/1
f 5419/17/1 5420/17/1 5422/17/1
f 5422/17/1 5420/17/1 5421/17/1
f 5423/7/1 5424/7/1 5377/7/1
f 5377/7/1 5424/7/1 5378/7/1
f 5425/17/1 5426/17/1 5427/17/1
f 5427/17/1 5426/17/1 5384/17/1
f 5426/17/1 5428/17/1 5385/17/1
f 5385/17/1 5428/17/1 5429/17/1
f 5430/2/1 5431/2/1 5433/2/1
f 5433/2/1 5431/2/1 5432/2/1
f 5434/7/1 5435/7/1 5436/7/1
f 5436/7/1 5435/7/1 5390/7/1
f 5431/15/1 5437/15/1 5439/15/1
f 5439/15/1 5437/15/1 5438/15/1
f 5440/17/1 5441/17/1 5387/17/1
f 5387/17/1 5441/17/1 5442/17/1
f 5437/2/1 5443/2/1 5445/2/1
f 5445/2/1 5443/2/1 5444/2/1
f 5441/17/1 5446/17/1 5448/17/1
f 5448/17/1 5446/17/1 5447/17/1
f 5449/7/1 5450/7/1 5451/7/1
f 5451/7/1 5450/7/1 5401/7/1
f 5452/7/1 5453/7/1 5405/7/1
f 5405/7/1 5453/7/1 5406/7/1
f 5454/17/1 5455/17/1 5409/17/1
f 5409/17/1 5455/17/1 5456/17/1
f 5457/7/1 5458/7/1 5460/7/1
f 5460/7/1 5458/7/1 5459/7/1
f 5461/17/1 5462/17/1 5464/17/1
f 5464/17/1 5462/17/1 5463/17/1
f 5465/17/1 5466/17/1 5468/17/1
f 5468/17/1 5466/17/1 5467/17/1
f 1146/17/1 5469/17/1 5471/17/1
f 5471/17/1 5469/17/1 5470/17/1
f 5472/17/1 5473/17/1 5475/17/1
f 5475/17/1 5473/17/1 5474/17/1
f 5473/17/1 5476/17/1 5478/17/1
f 5478/17/1 5476/17/1 5477/17/1
f 5479/17/1 5480/17/1 5482/17/1
f 5482/17/1 5480/17/1 5481/17/1
f 5483/17/1 5484/17/1 5485/17/1
f 5485/17/1 5484/17/1 5426/17/1
f 5486/15/1 5487/15/1 5430/15/1
f 5430/15/1 5487/15/1 5431/15/1
f 5488/17/1 5489/17/1 5434/17/1
f 5434/17/1 5489/17/1 5435/17/1
f 5490/17/1 5491/17/1 5493/17/1
f 5493/17/1 5491/17/1 5492/17/1
f 5494/2/1 5495/2/1 5497/2/1
f 5497/2/1 5495/2/1 5496/2/1
f 5498/17/1 5499/17/1 5501/17/1
f 5501/17/1 5499/17/1 5500/17/1
f 5502/2/1 5503/2/1 5443/2/1
f 5443/2/1 5503/2/1 5504/2/1
f 5505/17/1 5506/17/1 5398/17/1
f 5398/17/1 5506/17/1 5405/17/1
f 5507/15/1 5508/15/1 5510/15/1
f 5510/15/1 5508/15/1 5509/15/1
f 5511/17/1 5512/17/1 5453/17/1
f 5453/17/1 5512/17/1 5513/17/1
f 5514/17/1 5515/17/1 5517/17/1
f 5517/17/1 5515/17/1 5516/17/1
f 5518/17/1 5519/17/1 5521/17/1
f 5521/17/1 5519/17/1 5520/17/1
f 5522/17/1 5523/17/1 5525/17/1
f 5525/17/1 5523/17/1 5524/17/1
f 5526/17/1 5527/17/1 5529/17/1
f 5529/17/1 5527/17/1 5528/17/1
f 5530/17/1 5531/17/1 5532/17/1
f 5532/17/1 5531/17/1 5483/17/1
f 5533/17/1 5534/17/1 5480/17/1
f 5480/17/1 5534/17/1 5535/17/1
f 5536/2/1 5537/2/1 5538/2/1
f 5538/2/1 5537/2/1 5430/2/1
f 5539/15/1 5540/15/1 5541/15/1
f 5541/15/1 5540/15/1 5494/15/1
f 5542/17/1 5543/17/1 5544/17/1
f 5544/17/1 5543/17/1 5490/17/1
f 5545/15/1 5546/15/1 5548/15/1
f 5548/15/1 5546/15/1 5547/15/1
f 5549/2/1 5550/2/1 5552/2/1
f 5552/2/1 5550/2/1 5551/2/1
f 5553/17/1 5554/17/1 5489/17/1
f 5489/17/1 5554/17/1 5498/17/1
f 5555/2/1 5556/2/1 5558/2/1
f 5558/2/1 5556/2/1 5557/2/1
f 5554/7/1 5559/7/1 5498/7/1
f 5498/7/1 5559/7/1 5499/7/1
f 5560/15/1 5561/15/1 5495/15/1
f 5495/15/1 5561/15/1 5562/15/1
f 5559/17/1 5563/17/1 5564/17/1
f 5564/17/1 5563/17/1 5451/17/1
f 5565/2/1 5566/2/1 5567/2/1
f 5567/2/1 5566/2/1 5503/2/1
f 5568/17/1 5569/17/1 5571/17/1
f 5571/17/1 5569/17/1 5570/17/1
f 5566/15/1 5572/15/1 5503/15/1
f 5503/15/1 5572/15/1 5507/15/1
f 5573/17/1 5574/17/1 5452/17/1
f 5452/17/1 5574/17/1 5453/17/1
f 5575/17/1 5576/17/1 5578/17/1
f 5578/17/1 5576/17/1 5577/17/1
f 5579/7/1 5580/7/1 5514/7/1
f 5514/7/1 5580/7/1 5581/7/1
f 5582/17/1 5583/17/1 5585/17/1
f 5585/17/1 5583/17/1 5584/17/1
f 5586/17/1 5587/17/1 5588/17/1
f 5588/17/1 5587/17/1 5527/17/1
f 5589/2/1 5590/2/1 5591/2/1
f 5591/2/1 5590/2/1 5536/2/1
f 5592/17/1 5593/17/1 5594/17/1
f 5594/17/1 5593/17/1 5434/17/1
f 5595/15/1 5596/15/1 5598/15/1
f 5598/15/1 5596/15/1 5597/15/1
f 5599/15/1 5600/15/1 5602/15/1
f 5602/15/1 5600/15/1 5601/15/1
f 5593/17/1 5603/17/1 5604/17/1
f 5604/17/1 5603/17/1 5553/17/1
f 5605/17/1 5606/17/1 5543/17/1
f 5543/17/1 5606/17/1 5607/17/1
f 5608/17/1 5609/17/1 5449/17/1
f 5449/17/1 5609/17/1 5450/17/1
f 5610/17/1 5611/17/1 5569/17/1
f 5569/17/1 5611/17/1 5612/17/1
f 5613/17/1 5614/17/1 5574/17/1
f 5574/17/1 5614/17/1 5615/17/1
f 5616/17/1 5617/17/1 5579/17/1
f 5579/17/1 5617/17/1 5580/17/1
f 5618/17/1 5619/17/1 5621/17/1
f 5621/17/1 5619/17/1 5620/17/1
f 5622/17/1 5623/17/1 5625/17/1
f 5625/17/1 5623/17/1 5624/17/1
f 5626/17/1 5627/17/1 5629/17/1
f 5629/17/1 5627/17/1 5628/17/1
f 5630/17/1 5631/17/1 5633/17/1
f 5633/17/1 5631/17/1 5632/17/1
f 5623/17/1 5634/17/1 5636/17/1
f 5636/17/1 5634/17/1 5635/17/1
f 1283/17/1 5637/17/1 5639/17/1
f 5639/17/1 5637/17/1 5638/17/1
f 5640/7/1 5641/7/1 5643/7/1
f 5643/7/1 5641/7/1 5642/7/1
f 5641/17/1 5644/17/1 5646/17/1
f 5646/17/1 5644/17/1 5645/17/1
f 5647/15/1 5648/15/1 5649/15/1
f 5649/15/1 5648/15/1 5590/15/1
f 5650/17/1 5651/17/1 5531/17/1
f 5531/17/1 5651/17/1 5652/17/1
f 5653/2/1 5654/2/1 5655/2/1
f 5655/2/1 5654/2/1 5539/2/1
f 5656/7/1 5657/7/1 5659/7/1
f 5659/7/1 5657/7/1 5658/7/1
f 5657/17/1 5660/17/1 5658/17/1
f 5658/17/1 5660/17/1 5605/17/1
f 5660/7/1 5661/7/1 5605/7/1
f 5605/7/1 5661/7/1 5662/7/1
f 5663/17/1 5664/17/1 5665/17/1
f 5665/17/1 5664/17/1 5608/17/1
f 5666/2/1 5667/2/1 5561/2/1
f 5561/2/1 5667/2/1 5668/2/1
f 5664/7/1 5669/7/1 5608/7/1
f 5608/7/1 5669/7/1 5609/7/1
f 5670/2/1 5671/2/1 5566/2/1
f 5566/2/1 5671/2/1 5672/2/1
f 5673/17/1 5674/17/1 5675/17/1
f 5675/17/1 5674/17/1 5613/17/1
f 5674/7/1 5676/7/1 5613/7/1
f 5613/7/1 5676/7/1 5614/7/1
f 5677/17/1 5678/17/1 5617/17/1
f 5617/17/1 5678/17/1 5679/17/1
f 5680/7/1 5681/7/1 5683/7/1
f 5683/7/1 5681/7/1 5682/7/1
f 5684/17/1 5685/17/1 5687/17/1
f 5687/17/1 5685/17/1 5686/17/1
f 5688/17/1 5689/17/1 5691/17/1
f 5691/17/1 5689/17/1 5690/17/1
f 5692/17/1 5693/17/1 5695/17/1
f 5695/17/1 5693/17/1 5694/17/1
f 5696/17/1 5697/17/1 5699/17/1
f 5699/17/1 5697/17/1 5698/17/1
f 5697/17/1 5700/17/1 5701/17/1
f 5701/17/1 5700/17/1 5531/17/1
f 5702/2/1 5703/2/1 5705/2/1
f 5705/2/1 5703/2/1 5704/2/1
f 5706/2/1 5707/2/1 5654/2/1
f 5654/2/1 5707/2/1 5708/2/1
f 5709/17/1 5710/17/1 5712/17/1
f 5712/17/1 5710/17/1 5711/17/1
f 5713/17/1 5714/17/1 5660/17/1
f 5660/17/1 5714/17/1 5661/17/1
f 5715/2/1 5716/2/1 5717/2/1
f 5717/2/1 5716/2/1 5666/2/1
f 5718/17/1 5719/17/1 5721/17/1
f 5721/17/1 5719/17/1 5720/17/1
f 5722/2/1 5723/2/1 5724/2/1
f 5724/2/1 5723/2/1 5670/2/1
f 5725/7/1 5726/7/1 5673/7/1
f 5673/7/1 5726/7/1 5674/7/1
f 5727/17/1 5728/17/1 5730/17/1
f 5730/17/1 5728/17/1 5729/17/1
f 5731/17/1 5732/17/1 5734/17/1
f 5734/17/1 5732/17/1 5733/17/1
f 5735/7/1 5736/7/1 5738/7/1
f 5738/7/1 5736/7/1 5737/7/1
f 5739/17/1 5740/17/1 5742/17/1
f 5742/17/1 5740/17/1 5741/17/1
f 5743/7/1 5744/7/1 5745/7/1
f 5745/7/1 5744/7/1 5693/7/1
f 5746/17/1 5747/17/1 5749/17/1
f 5749/17/1 5747/17/1 5748/17/1
f 5750/2/1 5751/2/1 5752/2/1
f 5752/2/1 5751/2/1 5702/2/1
f 5753/17/1 5754/17/1 5755/17/1
f 5755/17/1 5754/17/1 5709/17/1
f 5756/2/1 5757/2/1 5759/2/1
f 5759/2/1 5757/2/1 5758/2/1
f 5760/7/1 5761/7/1 5763/7/1
f 5763/7/1 5761/7/1 5762/7/1
f 5764/15/1 5765/15/1 5703/15/1
f 5703/15/1 5765/15/1 5766/15/1
f 5767/2/1 5768/2/1 5770/2/1
f 5770/2/1 5768/2/1 5769/2/1
f 5771/17/1 5772/17/1 5773/17/1
f 5773/17/1 5772/17/1 5713/17/1
f 5774/2/1 5775/2/1 5707/2/1
f 5707/2/1 5775/2/1 5715/2/1
f 5776/17/1 5777/17/1 5662/17/1
f 5662/17/1 5777/17/1 5778/17/1
f 5779/2/1 5780/2/1 5781/2/1
f 5781/2/1 5780/2/1 5722/2/1
f 5782/17/1 5783/17/1 5664/17/1
f 5664/17/1 5783/17/1 5669/17/1
f 5784/17/1 5785/17/1 5786/17/1
f 5786/17/1 5785/17/1 5573/17/1
f 5787/2/1 5788/2/1 5723/2/1
f 5723/2/1 5788/2/1 5789/2/1
f 5790/17/1 5791/17/1 5793/17/1
f 5793/17/1 5791/17/1 5792/17/1
f 5794/17/1 5795/17/1 5797/17/1
f 5797/17/1 5795/17/1 5796/17/1
f 5798/17/1 5799/17/1 5801/17/1
f 5801/17/1 5799/17/1 5800/17/1
f 5802/17/1 5803/17/1 5805/17/1
f 5805/17/1 5803/17/1 5804/17/1
f 5806/17/1 5807/17/1 5743/17/1
f 5743/17/1 5807/17/1 5744/17/1
f 5808/7/1 5809/7/1 5811/7/1
f 5811/7/1 5809/7/1 5810/7/1
f 5812/2/1 5813/2/1 5814/2/1
f 5814/2/1 5813/2/1 5770/2/1
f 5815/17/1 5816/17/1 5818/17/1
f 5818/17/1 5816/17/1 5817/17/1
f 5819/17/1 5820/17/1 5761/17/1
f 5761/17/1 5820/17/1 5821/17/1
f 5820/17/1 5822/17/1 5710/17/1
f 5710/17/1 5822/17/1 5823/17/1
f 5824/17/1 5825/17/1 5827/17/1
f 5827/17/1 5825/17/1 5826/17/1
f 5828/2/1 5829/2/1 5830/2/1
f 5830/2/1 5829/2/1 5788/2/1
f 5831/17/1 5832/17/1 5834/17/1
f 5834/17/1 5832/17/1 5833/17/1
f 5835/17/1 5836/17/1 5838/17/1
f 5838/17/1 5836/17/1 5837/17/1
f 5839/17/1 5840/17/1 5841/17/1
f 5841/17/1 5840/17/1 5738/17/1
f 5842/17/1 5843/17/1 5845/17/1
f 5845/17/1 5843/17/1 5844/17/1
f 5846/17/1 5847/17/1 5849/17/1
f 5849/17/1 5847/17/1 5848/17/1
f 5850/17/1 5851/17/1 5853/17/1
f 5853/17/1 5851/17/1 5852/17/1
f 5854/17/1 5855/17/1 5857/17/1
f 5857/17/1 5855/17/1 5856/17/1
f 5858/17/1 5859/17/1 5810/17/1
f 5810/17/1 5859/17/1 5860/17/1
f 5859/17/1 5861/17/1 5700/17/1
f 5700/17/1 5861/17/1 5862/17/1
f 5863/15/1 5864/15/1 5865/15/1
f 5865/15/1 5864/15/1 5764/15/1
f 5866/17/1 5867/17/1 5868/17/1
f 5868/17/1 5867/17/1 5819/17/1
f 5869/17/1 5870/17/1 5816/17/1
f 5816/17/1 5870/17/1 5871/17/1
f 5872/15/1 5873/15/1 5874/15/1
f 5874/15/1 5873/15/1 5779/15/1
f 5875/17/1 5876/17/1 5878/17/1
f 5878/17/1 5876/17/1 5877/17/1
f 5879/17/1 5880/17/1 5882/17/1
f 5882/17/1 5880/17/1 5881/17/1
f 5880/17/1 5883/17/1 5884/17/1
f 5884/17/1 5883/17/1 5784/17/1
f 5885/17/1 5886/17/1 5783/17/1
f 5783/17/1 5886/17/1 5887/17/1
f 5888/17/1 5889/17/1 5725/17/1
f 5725/17/1 5889/17/1 5726/17/1
f 5890/7/1 5891/7/1 5835/7/1
f 5835/7/1 5891/7/1 5836/7/1
f 5892/17/1 5893/17/1 5895/17/1
f 5895/17/1 5893/17/1 5894/17/1
f 5896/17/1 5897/17/1 5899/17/1
f 5899/17/1 5897/17/1 5898/17/1
f 5900/17/1 5901/17/1 5903/17/1
f 5903/17/1 5901/17/1 5902/17/1
f 5904/17/1 5905/17/1 1426/17/1
f 1426/17/1 5905/17/1 5906/17/1
f 5907/17/1 5908/17/1 5910/17/1
f 5910/17/1 5908/17/1 5909/17/1
f 5911/7/1 5912/7/1 5914/7/1
f 5914/7/1 5912/7/1 5913/7/1
f 5915/17/1 5916/17/1 5917/17/1
f 5917/17/1 5916/17/1 5855/17/1
f 5916/7/1 5918/7/1 5855/7/1
f 5855/7/1 5918/7/1 5919/7/1
f 5918/17/1 5920/17/1 5919/17/1
f 5919/17/1 5920/17/1 5921/17/1
f 5922/7/1 5923/7/1 5869/7/1
f 5869/7/1 5923/7/1 5924/7/1
f 5925/2/1 5926/2/1 5765/2/1
f 5765/2/1 5926/2/1 5874/2/1
f 5927/17/1 5928/17/1 5930/17/1
f 5930/17/1 5928/17/1 5929/17/1
f 5931/7/1 5932/7/1 5879/7/1
f 5879/7/1 5932/7/1 5880/7/1
f 5933/17/1 5934/17/1 5936/17/1
f 5936/17/1 5934/17/1 5935/17/1
f 5937/17/1 5938/17/1 5883/17/1
f 5883/17/1 5938/17/1 5888/17/1
f 5939/17/1 5940/17/1 5942/17/1
f 5942/17/1 5940/17/1 5941/17/1
f 5943/17/1 5944/17/1 5946/17/1
f 5946/17/1 5944/17/1 5945/17/1
f 5947/17/1 5948/17/1 5949/17/1
f 5949/17/1 5948/17/1 5900/17/1
f 5950/17/1 5951/17/1 5953/17/1
f 5953/17/1 5951/17/1 5952/17/1
f 5954/17/1 5955/17/1 5957/17/1
f 5957/17/1 5955/17/1 5956/17/1
f 5958/17/1 5959/17/1 5905/17/1
f 5905/17/1 5959/17/1 5960/17/1
f 5961/7/1 5962/7/1 5964/7/1
f 5964/7/1 5962/7/1 5963/7/1
f 5965/17/1 5966/17/1 5968/17/1
f 5968/17/1 5966/17/1 5967/17/1
f 5969/17/1 5970/17/1 5912/17/1
f 5912/17/1 5970/17/1 5971/17/1
f 5972/17/1 5973/17/1 5916/17/1
f 5916/17/1 5973/17/1 5918/17/1
f 5974/17/1 5975/17/1 5977/17/1
f 5977/17/1 5975/17/1 5976/17/1
f 5978/17/1 5979/17/1 5980/17/1
f 5980/17/1 5979/17/1 5920/17/1
f 5981/17/1 5982/17/1 5984/17/1
f 5984/17/1 5982/17/1 5983/17/1
f 5985/17/1 5986/17/1 5987/17/1
f 5987/17/1 5986/17/1 5928/17/1
f 5988/17/1 5989/17/1 5991/17/1
f 5991/17/1 5989/17/1 5990/17/1
f 5992/17/1 5993/17/1 5995/17/1
f 5995/17/1 5993/17/1 5994/17/1
f 5996/17/1 5997/17/1 5999/17/1
f 5999/17/1 5997/17/1 5998/17/1
f 6000/7/1 6001/7/1 6003/7/1
f 6003/7/1 6001/7/1 6002/7/1
f 6004/17/1 6005/17/1 6007/17/1
f 6007/17/1 6005/17/1 6006/17/1
f 6008/17/1 6009/17/1 6011/17/1
f 6011/17/1 6009/17/1 6010/17/1
f 6012/17/1 6013/17/1 5959/17/1
f 5959/17/1 6013/17/1 6014/17/1
f 6015/17/1 6016/17/1 6018/17/1
f 6018/17/1 6016/17/1 6017/17/1
f 6019/17/1 6020/17/1 5966/17/1
f 5966/17/1 6020/17/1 6021/17/1
f 6022/17/1 6023/17/1 6025/17/1
f 6025/17/1 6023/17/1 6024/17/1
f 6026/17/1 6027/17/1 6028/17/1
f 6028/17/1 6027/17/1 5984/17/1
f 6029/17/1 6030/17/1 6032/17/1
f 6032/17/1 6030/17/1 6031/17/1
f 6033/17/1 6034/17/1 6035/17/1
f 6035/17/1 6034/17/1 5991/17/1
f 6036/17/1 6037/17/1 6039/17/1
f 6039/17/1 6037/17/1 6038/17/1
f 6040/17/1 6041/17/1 6043/17/1
f 6043/17/1 6041/17/1 6042/17/1
f 6044/17/1 6045/17/1 6047/17/1
f 6047/17/1 6045/17/1 6046/17/1
f 6048/17/1 6049/17/1 5989/17/1
f 5989/17/1 6049/17/1 6050/17/1
f 6051/7/1 6052/7/1 6012/7/1
f 6012/7/1 6052/7/1 6013/7/1
f 6053/17/1 6054/17/1 6056/17/1
f 6056/17/1 6054/17/1 6055/17/1
f 6057/17/1 6058/17/1 6060/17/1
f 6060/17/1 6058/17/1 6059/17/1
f 6061/17/1 6062/17/1 6064/17/1
f 6064/17/1 6062/17/1 6063/17/1
f 6065/17/1 6066/17/1 6068/17/1
f 6068/17/1 6066/17/1 6067/17/1
f 6069/17/1 6070/17/1 6071/17/1
f 6071/17/1 6070/17/1 6023/17/1
f 6072/17/1 6073/17/1 6075/17/1
f 6075/17/1 6073/17/1 6074/17/1
f 6076/7/1 6077/7/1 6079/7/1
f 6079/7/1 6077/7/1 6078/7/1
f 6080/17/1 6081/17/1 6083/17/1
f 6083/17/1 6081/17/1 6082/17/1
f 6084/17/1 6085/17/1 6087/17/1
f 6087/17/1 6085/17/1 6086/17/1
f 6088/17/1 6089/17/1 6091/17/1
f 6091/17/1 6089/17/1 6090/17/1
f 6092/17/1 6093/17/1 6094/17/1
f 6094/17/1 6093/17/1 6036/17/1
f 6095/17/1 6096/17/1 6097/17/1
f 6097/17/1 6096/17/1 6044/17/1
f 6098/7/1 6099/7/1 6053/7/1
f 6053/7/1 6099/7/1 6054/7/1
f 6100/17/1 6101/17/1 6102/17/1
f 6102/17/1 6101/17/1 6061/17/1
f 6103/17/1 6104/17/1 6106/17/1
f 6106/17/1 6104/17/1 6105/17/1
f 6107/17/1 6108/17/1 6110/17/1
f 6110/17/1 6108/17/1 6109/17/1
f 6111/17/1 6112/17/1 6114/17/1
f 6114/17/1 6112/17/1 6113/17/1
f 6115/15/1 6116/15/1 6118/15/1
f 6118/15/1 6116/15/1 6117/15/1
f 6119/15/1 6120/15/1 6122/15/1
f 6122/15/1 6120/15/1 6121/15/1
f 6123/15/1 6124/15/1 6126/15/1
f 6126/15/1 6124/15/1 6125/15/1
f 6127/15/1 6128/15/1 6130/15/1
f 6130/15/1 6128/15/1 6129/15/1
f 6131/15/1 6132/15/1 6134/15/1
f 6134/15/1 6132/15/1 6133/15/1
f 6135/15/1 6136/15/1 6138/15/1
f 6138/15/1 6136/15/1 6137/15/1
f 6139/15/1 6140/15/1 6142/15/1
f 6142/15/1 6140/15/1 6141/15/1
f 6143/15/1 6144/15/1 6146/15/1
f 6146/15/1 6144/15/1 6145/15/1
f 6147/15/1 6148/15/1 6150/15/1
f 6150/15/1 6148/15/1 6149/15/1
f 6151/2/1 6152/2/1 6154/2/1
f 6154/2/1 6152/2/1 6153/2/1
f 6155/15/1 6156/15/1 6157/15/1
f 6157/15/1 6156/15/1 6148/15/1
f 6158/15/1 6159/15/1 6161/15/1
f 6161/15/1 6159/15/1 6160/15/1
f 6162/15/1 6163/15/1 6165/15/1
f 6165/15/1 6163/15/1 6164/15/1
f 6166/15/1 6167/15/1 6169/15/1
f 6169/15/1 6167/15/1 6168/15/1
f 6170/15/1 6171/15/1 6173/15/1
f 6173/15/1 6171/15/1 6172/15/1
f 6174/15/1 6175/15/1 6177/15/1
f 6177/15/1 6175/15/1 6176/15/1
f 1963/12/1 6178/12/1 1562/12/1
f 1562/12/1 6178/12/1 6179/12/1
f 6180/5/1 6181/5/1 6183/5/1
f 6183/5/1 6181/5/1 6182/5/1
f 6178/12/1 6184/12/1 6186/12/1
f 6186/12/1 6184/12/1 6185/12/1
f 4687/7/1 6187/7/1 4688/7/1
f 4688/7/1 6187/7/1 6188/7/1
f 4721/5/1 6189/5/1 4726/5/1
f 4726/5/1 6189/5/1 6190/5/1
f 6191/7/1 6192/7/1 6194/7/1
f 6194/7/1 6192/7/1 6193/7/1
f 6195/1/1 6196/1/1 6198/1/1
f 6198/1/1 6196/1/1 6197/1/1
f 6199/12/1 6200/12/1 6202/12/1
f 6202/12/1 6200/12/1 6201/12/1
f 6203/15/1 6204/15/1 6206/15/1
f 6206/15/1 6204/15/1 6205/15/1
f 2080/8/1 6207/8/1 1963/8/1
f 1963/8/1 6207/8/1 6178/8/1
f 5174/13/1 6208/13/1 6210/13/1
f 6210/13/1 6208/13/1 6209/13/1
f 4722/1/1 6211/1/1 4723/1/1
f 4723/1/1 6211/1/1 6212/1/1
f 6213/12/1 6214/12/1 6215/12/1
f 6215/12/1 6214/12/1 6184/12/1
f 6214/12/1 6216/12/1 6218/12/1
f 6218/12/1 6216/12/1 6217/12/1
f 6216/12/1 6219/12/1 6221/12/1
f 6221/12/1 6219/12/1 6220/12/1
f 6219/12/1 6222/12/1 6224/12/1
f 6224/12/1 6222/12/1 6223/12/1
f 6225/16/1 6226/16/1 6228/16/1
f 6228/16/1 6226/16/1 6227/16/1
f 6222/12/1 6229/12/1 6231/12/1
f 6231/12/1 6229/12/1 6230/12/1
f 6232/5/1 6233/5/1 6235/5/1
f 6235/5/1 6233/5/1 6234/5/1
f 6236/5/1 6237/5/1 6212/5/1
f 6212/5/1 6237/5/1 6238/5/1
f 6239/13/1 6240/13/1 6242/13/1
f 6242/13/1 6240/13/1 6241/13/1
f 6243/16/1 6244/16/1 6245/16/1
f 6245/16/1 6244/16/1 6228/16/1
f 6246/5/1 6247/5/1 6249/5/1
f 6249/5/1 6247/5/1 6248/5/1
f 6250/8/1 6251/8/1 6253/8/1
f 6253/8/1 6251/8/1 6252/8/1
f 6254/16/1 6255/16/1 6256/16/1
f 6256/16/1 6255/16/1 6226/16/1
f 6257/13/1 6258/13/1 6260/13/1
f 6260/13/1 6258/13/1 6259/13/1
f 6261/13/1 6262/13/1 6264/13/1
f 6264/13/1 6262/13/1 6263/13/1
f 6265/12/1 6266/12/1 6268/12/1
f 6268/12/1 6266/12/1 6267/12/1
f 6247/5/1 6269/5/1 6271/5/1
f 6271/5/1 6269/5/1 6270/5/1
f 6272/1/1 6273/1/1 6275/1/1
f 6275/1/1 6273/1/1 6274/1/1
f 6273/5/1 6276/5/1 6278/5/1
f 6278/5/1 6276/5/1 6277/5/1
f 6279/1/1 6280/1/1 6243/1/1
f 6243/1/1 6280/1/1 6244/1/1
f 6281/10/1 6282/10/1 6284/10/1
f 6284/10/1 6282/10/1 6283/10/1
f 6285/10/1 6286/10/1 6288/10/1
f 6288/10/1 6286/10/1 6287/10/1
f 6289/8/1 6290/8/1 6292/8/1
f 6292/8/1 6290/8/1 6291/8/1
f 6293/8/1 6294/8/1 6296/8/1
f 6296/8/1 6294/8/1 6295/8/1
f 6276/5/1 6297/5/1 6299/5/1
f 6299/5/1 6297/5/1 6298/5/1
f 6300/15/1 6301/15/1 6303/15/1
f 6303/15/1 6301/15/1 6302/15/1
f 6304/15/1 6305/15/1 6307/15/1
f 6307/15/1 6305/15/1 6306/15/1
f 6308/5/1 6309/5/1 6311/5/1
f 6311/5/1 6309/5/1 6310/5/1
f 6312/1/1 6313/1/1 6315/1/1
f 6315/1/1 6313/1/1 6314/1/1
f 6316/8/1 6317/8/1 6319/8/1
f 6319/8/1 6317/8/1 6318/8/1
f 6320/8/1 6321/8/1 6323/8/1
f 6323/8/1 6321/8/1 6322/8/1
f 6324/5/1 6325/5/1 6327/5/1
f 6327/5/1 6325/5/1 6326/5/1
f 4728/5/1 6328/5/1 2164/5/1
f 2164/5/1 6328/5/1 6329/5/1
f 6330/1/1 6331/1/1 6308/1/1
f 6308/1/1 6331/1/1 6332/1/1
f 6333/12/1 6334/12/1 6336/12/1
f 6336/12/1 6334/12/1 6335/12/1
f 6337/5/1 6338/5/1 6340/5/1
f 6340/5/1 6338/5/1 6339/5/1
f 2346/5/1 6341/5/1 4727/5/1
f 4727/5/1 6341/5/1 6342/5/1
f 6343/1/1 6344/1/1 6346/1/1
f 6346/1/1 6344/1/1 6345/1/1
f 6347/8/1 6348/8/1 6350/8/1
f 6350/8/1 6348/8/1 6349/8/1
f 6351/13/1 6352/13/1 6354/13/1
f 6354/13/1 6352/13/1 6353/13/1
f 6355/5/1 6356/5/1 6358/5/1
f 6358/5/1 6356/5/1 6357/5/1
f 6359/15/1 6360/15/1 6362/15/1
f 6362/15/1 6360/15/1 6361/15/1
f 6363/15/1 6364/15/1 6366/15/1
f 6366/15/1 6364/15/1 6365/15/1
f 2419/5/1 6367/5/1 2420/5/1
f 2420/5/1 6367/5/1 6368/5/1
f 6369/1/1 6370/1/1 6372/1/1
f 6372/1/1 6370/1/1 6371/1/1
f 6373/10/1 6374/10/1 6375/10/1
f 6375/10/1 6374/10/1 6351/10/1
f 6376/7/1 6377/7/1 6379/7/1
f 6379/7/1 6377/7/1 6378/7/1
f 6380/12/1 6381/12/1 6383/12/1
f 6383/12/1 6381/12/1 6382/12/1
f 6384/5/1 6385/5/1 6387/5/1
f 6387/5/1 6385/5/1 6386/5/1
f 6388/10/1 6389/10/1 6391/10/1
f 6391/10/1 6389/10/1 6390/10/1
f 2448/5/1 6392/5/1 2449/5/1
f 2449/5/1 6392/5/1 6393/5/1
f 6394/15/1 6395/15/1 6397/15/1
f 6397/15/1 6395/15/1 6396/15/1
f 6398/15/1 6399/15/1 6401/15/1
f 6401/15/1 6399/15/1 6400/15/1
f 2499/5/1 6402/5/1 2500/5/1
f 2500/5/1 6402/5/1 6403/5/1
f 6404/1/1 6405/1/1 6407/1/1
f 6407/1/1 6405/1/1 6406/1/1
f 6408/5/1 6409/5/1 6411/5/1
f 6411/5/1 6409/5/1 6410/5/1
f 6412/1/1 6413/1/1 6415/1/1
f 6415/1/1 6413/1/1 6414/1/1
f 6416/10/1 6417/10/1 6419/10/1
f 6419/10/1 6417/10/1 6418/10/1
f 6420/16/1 6421/16/1 6423/16/1
f 6423/16/1 6421/16/1 6422/16/1
f 6424/5/1 6425/5/1 6427/5/1
f 6427/5/1 6425/5/1 6426/5/1
f 6428/15/1 6429/15/1 6431/15/1
f 6431/15/1 6429/15/1 6430/15/1
f 6432/1/1 6433/1/1 6402/1/1
f 6402/1/1 6433/1/1 6408/1/1
f 6434/1/1 6435/1/1 6409/1/1
f 6409/1/1 6435/1/1 6424/1/1
f 2691/5/1 6436/5/1 2540/5/1
f 2540/5/1 6436/5/1 6437/5/1
f 6436/5/1 6438/5/1 6440/5/1
f 6440/5/1 6438/5/1 6439/5/1
f 6438/5/1 6441/5/1 6443/5/1
f 6443/5/1 6441/5/1 6442/5/1
f 6441/5/1 6444/5/1 6446/5/1
f 6446/5/1 6444/5/1 6445/5/1
f 6447/10/1 6448/10/1 6450/10/1
f 6450/10/1 6448/10/1 6449/10/1
f 6451/16/1 6452/16/1 6453/16/1
f 6453/16/1 6452/16/1 6423/16/1
f 6454/8/1 6455/8/1 6457/8/1
f 6457/8/1 6455/8/1 6456/8/1
f 6458/8/1 6459/8/1 6461/8/1
f 6461/8/1 6459/8/1 6460/8/1
f 6462/12/1 6463/12/1 6464/12/1
f 6464/12/1 6463/12/1 6199/12/1
f 6452/16/1 6465/16/1 6467/16/1
f 6467/16/1 6465/16/1 6466/16/1
f 6444/5/1 6468/5/1 6470/5/1
f 6470/5/1 6468/5/1 6469/5/1
f 6463/12/1 6471/12/1 6473/12/1
f 6473/12/1 6471/12/1 6472/12/1
f 6474/5/1 6475/5/1 6476/5/1
f 6476/5/1 6475/5/1 6425/5/1
f 6477/2/1 6478/2/1 6479/2/1
f 6479/2/1 6478/2/1 6152/2/1
f 6478/15/1 6480/15/1 6482/15/1
f 6482/15/1 6480/15/1 6481/15/1
f 6483/15/1 6484/15/1 6486/15/1
f 6486/15/1 6484/15/1 6485/15/1
f 6487/17/2 6488/17/2 5182/17/2
f 5182/17/2 6488/17/2 5185/17/2
f 6489/7/2 6490/7/2 6492/7/2
f 6492/7/2 6490/7/2 6491/7/2
f 6493/17/2 6494/17/2 5186/17/2
f 5186/17/2 6494/17/2 5189/17/2
f 6495/17/2 6496/17/2 5223/17/2
f 5223/17/2 6496/17/2 6497/17/2
f 6498/7/2 6499/7/2 6501/7/2
f 6501/7/2 6499/7/2 6500/7/2
f 6502/17/2 6503/17/2 6505/17/2
f 6505/17/2 6503/17/2 6504/17/2
f 6506/17/2 6507/17/2 6508/17/2
f 6508/17/2 6507/17/2 6487/17/2
f 6509/17/2 6510/17/2 6512/17/2
f 6512/17/2 6510/17/2 6511/17/2
f 6513/17/2 6489/17/2 6514/17/2
f 6514/17/2 6489/17/2 6492/17/2
f 6515/17/2 6516/17/2 5216/17/2
f 5216/17/2 6516/17/2 5219/17/2
f 6517/17/2 6518/17/2 6520/17/2
f 6520/17/2 6518/17/2 6519/17/2
f 6521/17/2 6522/17/2 5228/17/2
f 5228/17/2 6522/17/2 5231/17/2
f 5221/17/2 5222/17/2 6524/17/2
f 6524/17/2 5222/17/2 6523/17/2
f 6525/7/2 6526/7/2 5274/7/2
f 5274/7/2 6526/7/2 6527/7/2
f 6528/17/2 6529/17/2 6530/17/2
f 6530/17/2 6529/17/2 6498/17/2
f 6531/7/2 6532/7/2 6534/7/2
f 6534/7/2 6532/7/2 6533/7/2
f 6535/17/2 6536/17/2 6538/17/2
f 6538/17/2 6536/17/2 6537/17/2
f 6539/17/2 6540/17/2 6541/17/2
f 6541/17/2 6540/17/2 6506/17/2
f 5237/17/2 5238/17/2 5248/17/2
f 5248/17/2 5238/17/2 5251/17/2
f 6542/17/2 6501/17/2 6544/17/2
f 6544/17/2 6501/17/2 6543/17/2
f 6545/17/2 6546/17/2 6548/17/2
f 6548/17/2 6546/17/2 6547/17/2
f 6548/17/2 6549/17/2 6551/17/2
f 6551/17/2 6549/17/2 6550/17/2
f 6552/17/2 6553/17/2 5308/17/2
f 5308/17/2 6553/17/2 6554/17/2
f 6555/17/2 5225/17/2 5312/17/2
f 5312/17/2 5225/17/2 6556/17/2
f 5323/17/2 6557/17/2 6559/17/2
f 6559/17/2 6557/17/2 6558/17/2
f 6560/17/2 6561/17/2 6562/17/2
f 6562/17/2 6561/17/2 6531/17/2
f 6563/17/2 6564/17/2 6566/17/2
f 6566/17/2 6564/17/2 6565/17/2
f 6566/17/2 6567/17/2 6569/17/2
f 6569/17/2 6567/17/2 6568/17/2
f 6570/17/2 6571/17/2 6573/17/2
f 6573/17/2 6571/17/2 6572/17/2
f 6573/17/2 6574/17/2 6576/17/2
f 6576/17/2 6574/17/2 6575/17/2
f 6577/17/2 6578/17/2 6580/17/2
f 6580/17/2 6578/17/2 6579/17/2
f 6581/17/2 6582/17/2 6584/17/2
f 6584/17/2 6582/17/2 6583/17/2
f 6585/17/2 6586/17/2 6588/17/2
f 6588/17/2 6586/17/2 6587/17/2
f 6589/17/2 6590/17/2 6592/17/2
f 6592/17/2 6590/17/2 6591/17/2
f 6593/17/2 6594/17/2 6596/17/2
f 6596/17/2 6594/17/2 6595/17/2
f 6597/17/2 6598/17/2 6600/17/2
f 6600/17/2 6598/17/2 6599/17/2
f 6601/17/2 5272/17/2 5365/17/2
f 5365/17/2 5272/17/2 6602/17/2
f 6603/17/2 6604/17/2 5369/17/2
f 5369/17/2 6604/17/2 6605/17/2
f 6606/7/2 6607/7/2 6609/7/2
f 6609/7/2 6607/7/2 6608/7/2
f 6610/7/2 6611/7/2 6612/7/2
f 6612/7/2 6611/7/2 5279/7/2
f 5379/17/2 6613/17/2 5333/17/2
f 5333/17/2 6613/17/2 5336/17/2
f 6614/17/2 6615/17/2 6617/17/2
f 6617/17/2 6615/17/2 6616/17/2
f 5344/17/2 5284/17/2 5349/17/2
f 5349/17/2 5284/17/2 5352/17/2
f 6618/17/2 6619/17/2 6620/17/2
f 6620/17/2 6619/17/2 6577/17/2
f 6621/7/2 6622/7/2 6624/7/2
f 6624/7/2 6622/7/2 6623/7/2
f 6625/17/2 6626/17/2 6628/17/2
f 6628/17/2 6626/17/2 6627/17/2
f 6629/17/2 6630/17/2 6632/17/2
f 6632/17/2 6630/17/2 6631/17/2
f 6633/7/2 6589/7/2 6634/7/2
f 6634/7/2 6589/7/2 6592/7/2
f 6635/7/2 5310/7/2 5422/7/2
f 5422/7/2 5310/7/2 6636/7/2
f 6637/17/2 5314/17/2 6639/17/2
f 6639/17/2 5314/17/2 6638/17/2
f 6640/17/2 6641/17/2 6643/17/2
f 6643/17/2 6641/17/2 6642/17/2
f 1119/17/2 6644/17/2 6646/17/2
f 6646/17/2 6644/17/2 6645/17/2
f 6647/17/2 6648/17/2 6650/17/2
f 6650/17/2 6648/17/2 6649/17/2
f 6650/17/2 6651/17/2 6653/17/2
f 6653/17/2 6651/17/2 6652/17/2
f 6654/7/2 6655/7/2 6657/7/2
f 6657/7/2 6655/7/2 6656/7/2
f 6657/17/2 6658/17/2 6660/17/2
f 6660/17/2 6658/17/2 6659/17/2
f 6660/7/2 6661/7/2 6662/7/2
f 6662/7/2 6661/7/2 6621/7/2
f 6663/17/2 6620/17/2 6665/17/2
f 6665/17/2 6620/17/2 6664/17/2
f 6665/17/2 6580/17/2 6667/17/2
f 6667/17/2 6580/17/2 6666/17/2
f 6668/17/2 6628/17/2 6669/17/2
f 6669/17/2 6628/17/2 6634/17/2
f 6669/17/2 6592/17/2 6671/17/2
f 6671/17/2 6592/17/2 6670/17/2
f 6672/17/2 6673/17/2 6675/17/2
f 6675/17/2 6673/17/2 6674/17/2
f 6676/17/2 6677/17/2 5464/17/2
f 5464/17/2 6677/17/2 6678/17/2
f 6679/17/2 6680/17/2 6682/17/2
f 6682/17/2 6680/17/2 6681/17/2
f 6683/17/2 6684/17/2 6686/17/2
f 6686/17/2 6684/17/2 6685/17/2
f 6687/17/2 6688/17/2 6690/17/2
f 6690/17/2 6688/17/2 6689/17/2
f 6691/17/2 6692/17/2 6694/17/2
f 6694/17/2 6692/17/2 6693/17/2
f 6695/7/2 6696/7/2 6697/7/2
f 6697/7/2 6696/7/2 6654/7/2
f 6698/2/2 6699/2/2 6701/2/2
f 6701/2/2 6699/2/2 6700/2/2
f 6701/15/2 6702/15/2 6704/15/2
f 6704/15/2 6702/15/2 6703/15/2
f 6705/17/2 6660/17/2 6706/17/2
f 6706/17/2 6660/17/2 6662/17/2
f 6707/17/2 6708/17/2 6710/17/2
f 6710/17/2 6708/17/2 6709/17/2
f 6711/17/2 6712/17/2 6713/17/2
f 6713/17/2 6712/17/2 6629/17/2
f 6714/17/2 6715/17/2 6717/17/2
f 6717/17/2 6715/17/2 6716/17/2
f 6718/17/2 6719/17/2 6720/17/2
f 6720/17/2 6719/17/2 6669/17/2
f 6721/7/2 6722/7/2 6724/7/2
f 6724/7/2 6722/7/2 6723/7/2
f 6725/17/2 6671/17/2 6727/17/2
f 6727/17/2 6671/17/2 6726/17/2
f 6728/17/2 6729/17/2 6731/17/2
f 6731/17/2 6729/17/2 6730/17/2
f 6732/17/2 5416/17/2 6734/17/2
f 6734/17/2 5416/17/2 6733/17/2
f 6735/17/2 6736/17/2 6737/17/2
f 6737/17/2 6736/17/2 6691/17/2
f 6738/17/2 6739/17/2 6741/17/2
f 6741/17/2 6739/17/2 6740/17/2
f 6742/17/2 6654/17/2 6743/17/2
f 6743/17/2 6654/17/2 6657/17/2
f 6744/15/2 6698/15/2 6745/15/2
f 6745/15/2 6698/15/2 6701/15/2
f 6746/17/2 6747/17/2 6749/17/2
f 6749/17/2 6747/17/2 6748/17/2
f 6749/17/2 6750/17/2 6751/17/2
f 6751/17/2 6750/17/2 6707/17/2
f 6752/7/2 6753/7/2 6755/7/2
f 6755/7/2 6753/7/2 6754/7/2
f 6756/17/2 6757/17/2 6759/17/2
f 6759/17/2 6757/17/2 6758/17/2
f 6760/17/2 6761/17/2 6762/17/2
f 6762/17/2 6761/17/2 6714/17/2
f 6763/17/2 6764/17/2 6765/17/2
f 6765/17/2 6764/17/2 6721/17/2
f 6766/15/2 6767/15/2 6769/15/2
f 6769/15/2 6767/15/2 6768/15/2
f 6770/17/2 6771/17/2 6773/17/2
f 6773/17/2 6771/17/2 6772/17/2
f 6774/17/2 5461/17/2 6775/17/2
f 6775/17/2 5461/17/2 5462/17/2
f 5625/17/2 5465/17/2 5624/17/2
f 5624/17/2 5465/17/2 5466/17/2
f 6776/17/2 3467/17/2 6778/17/2
f 6778/17/2 3467/17/2 6777/17/2
f 6779/7/2 6735/7/2 6781/7/2
f 6781/7/2 6735/7/2 6780/7/2
f 6781/17/2 6780/17/2 6782/17/2
f 6782/17/2 6780/17/2 6737/17/2
f 6783/17/2 6690/17/2 6784/17/2
f 6784/17/2 6690/17/2 6695/17/2
f 6785/17/2 6741/17/2 6786/17/2
f 6786/17/2 6741/17/2 6746/17/2
f 6787/17/2 6788/17/2 6790/17/2
f 6790/17/2 6788/17/2 6789/17/2
f 6791/15/2 6792/15/2 6794/15/2
f 6794/15/2 6792/15/2 6793/15/2
f 6795/2/2 6796/2/2 6798/2/2
f 6798/2/2 6796/2/2 6797/2/2
f 6799/2/2 6800/2/2 6802/2/2
f 6802/2/2 6800/2/2 6801/2/2
f 6803/7/2 6804/7/2 6805/7/2
f 6805/7/2 6804/7/2 6760/7/2
f 6806/17/2 6713/17/2 6807/17/2
f 6807/17/2 6713/17/2 6764/17/2
f 6808/15/2 6809/15/2 6810/15/2
f 6810/15/2 6809/15/2 6766/15/2
f 6811/17/2 6812/17/2 6814/17/2
f 6814/17/2 6812/17/2 6813/17/2
f 6815/7/2 6816/7/2 6818/7/2
f 6818/7/2 6816/7/2 6817/7/2
f 5629/17/2 5519/17/2 5628/17/2
f 5628/17/2 5519/17/2 6819/17/2
f 6820/17/2 6821/17/2 6823/17/2
f 6823/17/2 6821/17/2 6822/17/2
f 6824/17/2 6825/17/2 6826/17/2
f 6826/17/2 6825/17/2 6783/17/2
f 6827/2/2 6828/2/2 6830/2/2
f 6830/2/2 6828/2/2 6829/2/2
f 6831/17/2 6832/17/2 6833/17/2
f 6833/17/2 6832/17/2 6787/17/2
f 6834/2/2 6835/2/2 6837/2/2
f 6837/2/2 6835/2/2 6836/2/2
f 6838/2/2 6839/2/2 6841/2/2
f 6841/2/2 6839/2/2 6840/2/2
f 6842/17/2 6759/17/2 6844/17/2
f 6844/17/2 6759/17/2 6843/17/2
f 6845/17/2 6846/17/2 6848/17/2
f 6848/17/2 6846/17/2 6847/17/2
f 6849/17/2 6850/17/2 6852/17/2
f 6852/17/2 6850/17/2 6851/17/2
f 6853/17/2 6854/17/2 6855/17/2
f 6855/17/2 6854/17/2 6771/17/2
f 6855/17/2 6856/17/2 6858/17/2
f 6858/17/2 6856/17/2 6857/17/2
f 5683/17/2 6859/17/2 5682/17/2
f 5682/17/2 6859/17/2 6860/17/2
f 6861/17/2 6818/17/2 6863/17/2
f 6863/17/2 6818/17/2 6862/17/2
f 5691/17/2 6864/17/2 5690/17/2
f 5690/17/2 6864/17/2 6865/17/2
f 3561/17/2 3560/17/2 6867/17/2
f 6867/17/2 3560/17/2 6866/17/2
f 6868/17/2 6869/17/2 6870/17/2
f 6870/17/2 6869/17/2 6823/17/2
f 6871/17/2 6872/17/2 6874/17/2
f 6874/17/2 6872/17/2 6873/17/2
f 6874/17/2 6782/17/2 6876/17/2
f 6876/17/2 6782/17/2 6875/17/2
f 6877/15/2 6878/15/2 6879/15/2
f 6879/15/2 6878/15/2 6830/15/2
f 6880/17/2 6881/17/2 6882/17/2
f 6882/17/2 6881/17/2 6742/17/2
f 6883/17/2 6884/17/2 6886/17/2
f 6886/17/2 6884/17/2 6885/17/2
f 6887/17/2 6888/17/2 6889/17/2
f 6889/17/2 6888/17/2 6845/17/2
f 6890/2/2 6808/2/2 6892/2/2
f 6892/2/2 6808/2/2 6891/2/2
f 6893/7/2 6894/7/2 6896/7/2
f 6896/7/2 6894/7/2 6895/7/2
f 6897/17/2 6720/17/2 6898/17/2
f 6898/17/2 6720/17/2 6725/17/2
f 6898/17/2 6899/17/2 6901/17/2
f 6901/17/2 6899/17/2 6900/17/2
f 6902/7/2 6903/7/2 6905/7/2
f 6905/7/2 6903/7/2 6904/7/2
f 5742/17/2 5582/17/2 5741/17/2
f 5741/17/2 5582/17/2 5583/17/2
f 3654/17/2 6906/17/2 6907/17/2
f 6907/17/2 6906/17/2 6868/17/2
f 6908/7/2 6909/7/2 6910/7/2
f 6910/7/2 6909/7/2 6871/7/2
f 6911/17/2 6912/17/2 6914/17/2
f 6914/17/2 6912/17/2 6913/17/2
f 6915/2/2 6916/2/2 6917/2/2
f 6917/2/2 6916/2/2 6879/2/2
f 6917/2/2 6918/2/2 6919/2/2
f 6919/2/2 6918/2/2 6698/2/2
f 6920/2/2 6921/2/2 6923/2/2
f 6923/2/2 6921/2/2 6922/2/2
f 6919/2/2 6744/2/2 6924/2/2
f 6924/2/2 6744/2/2 6745/2/2
f 6925/2/2 6926/2/2 6928/2/2
f 6928/2/2 6926/2/2 6927/2/2
f 6929/17/2 6886/17/2 6931/17/2
f 6931/17/2 6886/17/2 6930/17/2
f 6932/17/2 6933/17/2 6935/17/2
f 6935/17/2 6933/17/2 6934/17/2
f 6936/2/2 6937/2/2 6939/2/2
f 6939/2/2 6937/2/2 6938/2/2
f 6940/17/2 6896/17/2 6942/17/2
f 6942/17/2 6896/17/2 6941/17/2
f 6943/17/2 6944/17/2 6946/17/2
f 6946/17/2 6944/17/2 6945/17/2
f 5797/17/2 6947/17/2 5796/17/2
f 5796/17/2 6947/17/2 6861/17/2
f 6948/7/2 5684/7/2 6949/7/2
f 6949/7/2 5684/7/2 5685/7/2
f 5796/17/2 6950/17/2 6952/17/2
f 6952/17/2 6950/17/2 6951/17/2
f 6953/2/2 6954/2/2 6955/2/2
f 6955/2/2 6954/2/2 6915/2/2
f 6956/17/2 6957/17/2 6958/17/2
f 6958/17/2 6957/17/2 6883/17/2
f 6959/17/2 6882/17/2 6961/17/2
f 6961/17/2 6882/17/2 6960/17/2
f 6962/15/2 6919/15/2 6963/15/2
f 6963/15/2 6919/15/2 6924/15/2
f 6964/2/2 6923/2/2 6966/2/2
f 6966/2/2 6923/2/2 6965/2/2
f 6961/17/2 6967/17/2 6969/17/2
f 6969/17/2 6967/17/2 6968/17/2
f 6970/2/2 6971/2/2 6973/2/2
f 6973/2/2 6971/2/2 6972/2/2
f 6974/17/2 6975/17/2 6977/17/2
f 6977/17/2 6975/17/2 6976/17/2
f 6973/2/2 6978/2/2 6979/2/2
f 6979/2/2 6978/2/2 6937/2/2
f 6980/17/2 6981/17/2 6983/17/2
f 6983/17/2 6981/17/2 6982/17/2
f 6983/17/2 6984/17/2 6986/17/2
f 6986/17/2 6984/17/2 6985/17/2
f 6987/2/2 6939/2/2 6989/2/2
f 6989/2/2 6939/2/2 6988/2/2
f 6990/17/2 6991/17/2 6992/17/2
f 6992/17/2 6991/17/2 6897/17/2
f 6993/7/2 6943/7/2 6994/7/2
f 6994/7/2 6943/7/2 6946/7/2
f 6995/17/2 6996/17/2 6997/17/2
f 6997/17/2 6996/17/2 6903/17/2
f 6997/17/2 6998/17/2 7000/17/2
f 7000/17/2 6998/17/2 6999/17/2
f 5845/17/2 7001/17/2 5844/17/2
f 5844/17/2 7001/17/2 5739/17/2
f 7002/17/2 7003/17/2 7004/17/2
f 7004/17/2 7003/17/2 6911/17/2
f 7005/2/2 7006/2/2 7008/2/2
f 7008/2/2 7006/2/2 7007/2/2
f 7009/17/2 6958/17/2 7011/17/2
f 7011/17/2 6958/17/2 7010/17/2
f 7012/7/2 6961/7/2 7014/7/2
f 7014/7/2 6961/7/2 7013/7/2
f 7014/17/2 7013/17/2 7015/17/2
f 7015/17/2 7013/17/2 6980/17/2
f 7016/17/2 6977/17/2 7018/17/2
f 7018/17/2 6977/17/2 7017/17/2
f 7019/7/2 6983/7/2 7020/7/2
f 7020/7/2 6983/7/2 6986/7/2
f 7020/17/2 6844/17/2 7021/17/2
f 7021/17/2 6844/17/2 6894/17/2
f 7022/2/2 7023/2/2 7024/2/2
f 7024/2/2 7023/2/2 6989/2/2
f 7021/7/2 7025/7/2 7027/7/2
f 7027/7/2 7025/7/2 7026/7/2
f 7028/17/2 7029/17/2 7031/17/2
f 7031/17/2 7029/17/2 7030/17/2
f 7031/17/2 7032/17/2 7034/17/2
f 7034/17/2 7032/17/2 7033/17/2
f 7035/17/2 6994/17/2 7037/17/2
f 7037/17/2 6994/17/2 7036/17/2
f 5898/17/2 7038/17/2 7040/17/2
f 7040/17/2 7038/17/2 7039/17/2
f 7041/17/2 7042/17/2 7044/17/2
f 7044/17/2 7042/17/2 7043/17/2
f 7045/7/2 7002/7/2 7046/7/2
f 7046/7/2 7002/7/2 7004/7/2
f 7047/15/2 7048/15/2 7049/15/2
f 7049/15/2 7048/15/2 6962/15/2
f 7050/7/2 7009/7/2 7051/7/2
f 7051/7/2 7009/7/2 7011/7/2
f 7052/15/2 6970/15/2 7053/15/2
f 7053/15/2 6970/15/2 6973/15/2
f 7054/17/2 7055/17/2 7056/17/2
f 7056/17/2 7055/17/2 7019/17/2
f 7057/17/2 7058/17/2 7059/17/2
f 7059/17/2 7058/17/2 7028/17/2
f 7060/17/2 7027/17/2 7062/17/2
f 7062/17/2 7027/17/2 7061/17/2
f 7063/7/2 7064/7/2 7065/7/2
f 7065/7/2 7064/7/2 7035/7/2
f 7066/17/2 7067/17/2 7069/17/2
f 7069/17/2 7067/17/2 7068/17/2
f 5945/17/2 7070/17/2 7072/17/2
f 7072/17/2 7070/17/2 7071/17/2
f 7073/17/2 7074/17/2 7075/17/2
f 7075/17/2 7074/17/2 5842/17/2
f 7076/17/2 7077/17/2 7078/17/2
f 7078/17/2 7077/17/2 6908/17/2
f 7079/17/2 7045/17/2 7080/17/2
f 7080/17/2 7045/17/2 7046/17/2
f 7081/17/2 7082/17/2 5968/17/2
f 5968/17/2 7082/17/2 7083/17/2
f 7084/17/2 7085/17/2 7087/17/2
f 7087/17/2 7085/17/2 7086/17/2
f 7088/2/2 7089/2/2 7090/2/2
f 7090/2/2 7089/2/2 5756/2/2
f 7090/2/2 7091/2/2 7092/2/2
f 7092/2/2 7091/2/2 5812/2/2
f 7093/17/2 7050/17/2 7094/17/2
f 7094/17/2 7050/17/2 7051/17/2
f 7095/2/2 6701/2/2 7096/2/2
f 7096/2/2 6701/2/2 6704/2/2
f 7097/7/2 7098/7/2 7100/7/2
f 7100/7/2 7098/7/2 7099/7/2
f 7101/17/2 7102/17/2 7103/17/2
f 7103/17/2 7102/17/2 7056/17/2
f 7104/17/2 7105/17/2 7106/17/2
f 7106/17/2 7105/17/2 7058/17/2
f 7106/7/2 7057/7/2 7107/7/2
f 7107/7/2 7057/7/2 7059/7/2
f 7107/17/2 7059/17/2 7109/17/2
f 7109/17/2 7059/17/2 7108/17/2
f 7110/17/2 7111/17/2 7112/17/2
f 7112/17/2 7111/17/2 5892/17/2
f 7113/17/2 7114/17/2 7116/17/2
f 7116/17/2 7114/17/2 7115/17/2
f 6002/17/2 7117/17/2 7119/17/2
f 7119/17/2 7117/17/2 7118/17/2
f 7120/17/2 7121/17/2 6007/17/2
f 6007/17/2 7121/17/2 7122/17/2
f 7123/17/2 7080/17/2 7125/17/2
f 7125/17/2 7080/17/2 7124/17/2
f 7126/17/2 5908/17/2 6018/17/2
f 6018/17/2 5908/17/2 7127/17/2
f 7128/17/2 7129/17/2 7131/17/2
f 7131/17/2 7129/17/2 7130/17/2
f 7132/17/2 7087/17/2 7134/17/2
f 7134/17/2 7087/17/2 7133/17/2
f 7134/7/2 7133/7/2 7135/7/2
f 7135/7/2 7133/7/2 7093/7/2
f 7136/17/2 7137/17/2 7139/17/2
f 7139/17/2 7137/17/2 7138/17/2
f 7139/17/2 7012/17/2 7140/17/2
f 7140/17/2 7012/17/2 7014/17/2
f 7141/17/2 7142/17/2 7144/17/2
f 7144/17/2 7142/17/2 7143/17/2
f 7145/17/2 7100/17/2 7146/17/2
f 7146/17/2 7100/17/2 7104/17/2
f 7147/17/2 7148/17/2 7150/17/2
f 7150/17/2 7148/17/2 7149/17/2
f 7151/17/2 7152/17/2 7153/17/2
f 7153/17/2 7152/17/2 7106/17/2
f 6042/17/2 7154/17/2 7155/17/2
f 7155/17/2 7154/17/2 7110/17/2
f 6046/17/2 7156/17/2 7157/17/2
f 7157/17/2 7156/17/2 5947/17/2
f 7158/17/2 7078/17/2 7160/17/2
f 7160/17/2 7078/17/2 7159/17/2
f 7161/17/2 5955/17/2 7163/17/2
f 7163/17/2 5955/17/2 7162/17/2
f 7160/17/2 7164/17/2 7166/17/2
f 7166/17/2 7164/17/2 7165/17/2
f 7167/17/2 5962/17/2 6060/17/2
f 6060/17/2 5962/17/2 7168/17/2
f 7169/17/2 7170/17/2 7172/17/2
f 7172/17/2 7170/17/2 7171/17/2
f 7173/17/2 7125/17/2 7174/17/2
f 7174/17/2 7125/17/2 7136/17/2
f 7175/17/2 7176/17/2 7177/17/2
f 7177/17/2 7176/17/2 7141/17/2
f 7178/17/2 7179/17/2 7181/17/2
f 7181/17/2 7179/17/2 7180/17/2
f 7182/17/2 7183/17/2 7185/17/2
f 7185/17/2 7183/17/2 7184/17/2
f 7186/17/2 7187/17/2 7189/17/2
f 7189/17/2 7187/17/2 7188/17/2
f 7190/17/2 7191/17/2 7193/17/2
f 7193/17/2 7191/17/2 7192/17/2
f 7194/17/2 7195/17/2 7196/17/2
f 7196/17/2 7195/17/2 5996/17/2
f 7197/17/2 7198/17/2 7199/17/2
f 7199/17/2 7198/17/2 6000/17/2
f 7200/7/2 6009/7/2 7202/7/2
f 7202/7/2 6009/7/2 7201/7/2
f 7203/17/2 7166/17/2 7205/17/2
f 7205/17/2 7166/17/2 7204/17/2
f 7205/7/2 7204/7/2 7206/7/2
f 7206/7/2 7204/7/2 7175/7/2
f 7207/17/2 7208/17/2 7210/17/2
f 7210/17/2 7208/17/2 7209/17/2
f 6058/17/2 6059/17/2 7212/17/2
f 7212/17/2 6059/17/2 7211/17/2
f 7213/17/2 7214/17/2 6072/17/2
f 6072/17/2 7214/17/2 6075/17/2
f 7215/7/2 7178/7/2 7216/7/2
f 7216/7/2 7178/7/2 7181/7/2
f 6062/17/2 6063/17/2 7218/17/2
f 7218/17/2 6063/17/2 7217/17/2
f 6077/17/2 6078/17/2 7220/17/2
f 7220/17/2 6078/17/2 7219/17/2
f 7221/17/2 7222/17/2 7224/17/2
f 7224/17/2 7222/17/2 7223/17/2
f 7225/17/2 7226/17/2 7228/17/2
f 7228/17/2 7226/17/2 7227/17/2
f 6085/17/2 6086/17/2 7230/17/2
f 7230/17/2 6086/17/2 7229/17/2
f 6089/17/2 6090/17/2 7231/17/2
f 7231/17/2 6090/17/2 7194/17/2
f 7232/7/2 6052/7/2 6100/7/2
f 6100/7/2 6052/7/2 6102/7/2
f 7233/17/2 7234/17/2 7235/17/2
f 7235/17/2 7234/17/2 7207/17/2
f 7236/17/2 7237/17/2 6107/17/2
f 6107/17/2 7237/17/2 6110/17/2
f 7238/17/2 7218/17/2 7239/17/2
f 7239/17/2 7218/17/2 7221/17/2
f 6104/7/2 6105/7/2 7241/7/2
f 7241/7/2 6105/7/2 7240/7/2
f 7242/15/2 7243/15/2 6154/15/2
f 6154/15/2 7243/15/2 7244/15/2
f 7245/15/2 7246/15/2 7248/15/2
f 7248/15/2 7246/15/2 7247/15/2
f 7249/15/2 7250/15/2 7252/15/2
f 7252/15/2 7250/15/2 7251/15/2
f 7253/15/2 7254/15/2 6127/15/2
f 6127/15/2 7254/15/2 6130/15/2
f 7255/15/2 7256/15/2 7258/15/2
f 7258/15/2 7256/15/2 7257/15/2
f 7259/15/2 7260/15/2 7262/15/2
f 7262/15/2 7260/15/2 7261/15/2
f 7263/15/2 7264/15/2 7266/15/2
f 7266/15/2 7264/15/2 7265/15/2
f 7267/15/2 7268/15/2 7270/15/2
f 7270/15/2 7268/15/2 7269/15/2
f 7271/15/2 7272/15/2 7274/15/2
f 7274/15/2 7272/15/2 7273/15/2
f 7275/15/2 7276/15/2 7278/15/2
f 7278/15/2 7276/15/2 7277/15/2
f 7279/2/2 6116/2/2 7281/2/2
f 7281/2/2 6116/2/2 7280/2/2
f 7282/15/2 7283/15/2 7284/15/2
f 7284/15/2 7283/15/2 7278/15/2
f 7285/15/2 7286/15/2 7288/15/2
f 7288/15/2 7286/15/2 7287/15/2
f 7289/15/2 7290/15/2 7292/15/2
f 7292/15/2 7290/15/2 7291/15/2
f 7293/15/2 7294/15/2 7296/15/2
f 7296/15/2 7294/15/2 7295/15/2
f 7297/15/2 7298/15/2 7300/15/2
f 7300/15/2 7298/15/2 7299/15/2
f 7301/15/2 6166/15/2 7302/15/2
f 7302/15/2 6166/15/2 6167/15/2
f 4123/12/2 3763/12/2 7303/12/2
f 7303/12/2 3763/12/2 7246/12/2
f 5177/5/2 7304/5/2 6198/5/2
f 6198/5/2 7304/5/2 7305/5/2
f 7306/5/2 7307/5/2 7309/5/2
f 7309/5/2 7307/5/2 7308/5/2
f 7303/12/2 7310/12/2 7312/12/2
f 7312/12/2 7310/12/2 7311/12/2
f 4219/7/2 7313/7/2 7315/7/2
f 7315/7/2 7313/7/2 7314/7/2
f 4686/8/2 4685/8/2 7316/8/2
f 7316/8/2 4685/8/2 7306/8/2
f 6187/8/2 6188/8/2 7318/8/2
f 7318/8/2 6188/8/2 7317/8/2
f 7318/5/2 7319/5/2 6235/5/2
f 6235/5/2 7319/5/2 7320/5/2
f 7321/12/2 7322/12/2 7324/12/2
f 7324/12/2 7322/12/2 7323/12/2
f 7325/15/2 7326/15/2 7328/15/2
f 7328/15/2 7326/15/2 7327/15/2
f 4274/13/2 7329/13/2 7331/13/2
f 7331/13/2 7329/13/2 7330/13/2
f 5175/13/2 7332/13/2 7334/13/2
f 7334/13/2 7332/13/2 7333/13/2
f 7335/12/2 7336/12/2 7337/12/2
f 7337/12/2 7336/12/2 7312/12/2
f 7337/12/2 7338/12/2 7340/12/2
f 7340/12/2 7338/12/2 7339/12/2
f 7340/12/2 7341/12/2 7343/12/2
f 7343/12/2 7341/12/2 7342/12/2
f 7343/12/2 7344/12/2 7346/12/2
f 7346/12/2 7344/12/2 7345/12/2
f 7347/16/2 7348/16/2 7350/16/2
f 7350/16/2 7348/16/2 7349/16/2
f 7346/12/2 7351/12/2 7353/12/2
f 7353/12/2 7351/12/2 7352/12/2
f 7354/5/2 6192/5/2 7356/5/2
f 7356/5/2 6192/5/2 7355/5/2
f 7357/13/2 7358/13/2 7360/13/2
f 7360/13/2 7358/13/2 7359/13/2
f 7361/13/2 7362/13/2 7364/13/2
f 7364/13/2 7362/13/2 7363/13/2
f 7365/13/2 7366/13/2 7368/13/2
f 7368/13/2 7366/13/2 7367/13/2
f 7364/8/2 7363/8/2 7370/8/2
f 7370/8/2 7363/8/2 7369/8/2
f 7371/12/2 7372/12/2 7374/12/2
f 7374/12/2 7372/12/2 7373/12/2
f 7375/5/2 7376/5/2 7377/5/2
f 7377/5/2 7376/5/2 7356/5/2
f 7378/10/2 7379/10/2 7381/10/2
f 7381/10/2 7379/10/2 7380/10/2
f 7382/11/2 6240/11/2 6285/11/2
f 6285/11/2 6240/11/2 6288/11/2
f 7383/11/2 7384/11/2 7386/11/2
f 7386/11/2 7384/11/2 7385/11/2
f 7387/8/2 7388/8/2 7390/8/2
f 7390/8/2 7388/8/2 7389/8/2
f 6323/8/2 7370/8/2 6322/8/2
f 6322/8/2 7370/8/2 7391/8/2
f 7392/5/2 7393/5/2 7395/5/2
f 7395/5/2 7393/5/2 7394/5/2
f 7396/15/2 7397/15/2 7399/15/2
f 7399/15/2 7397/15/2 7398/15/2
f 7400/15/2 7401/15/2 7403/15/2
f 7403/15/2 7401/15/2 7402/15/2
f 7404/8/2 7405/8/2 7407/8/2
f 7407/8/2 7405/8/2 7406/8/2
f 7408/7/2 7409/7/2 7411/7/2
f 7411/7/2 7409/7/2 7410/7/2
f 7412/5/2 7413/5/2 7415/5/2
f 7415/5/2 7413/5/2 7414/5/2
f 7416/12/2 7417/12/2 7419/12/2
f 7419/12/2 7417/12/2 7418/12/2
f 7420/5/2 7421/5/2 7423/5/2
f 7423/5/2 7421/5/2 7422/5/2
f 6453/13/2 7424/13/2 6423/13/2
f 6423/13/2 7424/13/2 7425/13/2
f 7426/13/2 7427/13/2 7429/13/2
f 7429/13/2 7427/13/2 7428/13/2
f 7430/5/2 7431/5/2 7433/5/2
f 7433/5/2 7431/5/2 7432/5/2
f 7434/15/2 7435/15/2 7437/15/2
f 7437/15/2 7435/15/2 7436/15/2
f 7438/15/2 7439/15/2 7441/15/2
f 7441/15/2 7439/15/2 7440/15/2
f 6391/11/2 7442/11/2 6390/11/2
f 6390/11/2 7442/11/2 7426/11/2
f 7443/13/2 7444/13/2 7446/13/2
f 7446/13/2 7444/13/2 7445/13/2
f 7447/8/2 7448/8/2 7450/8/2
f 7450/8/2 7448/8/2 7449/8/2
f 7451/12/2 7452/12/2 7454/12/2
f 7454/12/2 7452/12/2 7453/12/2
f 7455/5/2 7456/5/2 7458/5/2
f 7458/5/2 7456/5/2 7457/5/2
f 7459/11/2 7460/11/2 7462/11/2
f 7462/11/2 7460/11/2 7461/11/2
f 7463/7/2 7464/7/2 7466/7/2
f 7466/7/2 7464/7/2 7465/7/2
f 7467/5/2 7468/5/2 7470/5/2
f 7470/5/2 7468/5/2 7469/5/2
f 7471/15/2 7472/15/2 7474/15/2
f 7474/15/2 7472/15/2 7473/15/2
f 7475/11/2 7476/11/2 7478/11/2
f 7478/11/2 7476/11/2 7477/11/2
f 7479/16/2 7480/16/2 7482/16/2
f 7482/16/2 7480/16/2 7481/16/2
f 7483/5/2 7484/5/2 7486/5/2
f 7486/5/2 7484/5/2 7485/5/2
f 7487/15/2 7488/15/2 7490/15/2
f 7490/15/2 7488/15/2 7489/15/2
f 4539/8/2 4123/8/2 7491/8/2
f 7491/8/2 4123/8/2 7336/8/2
f 7492/11/2 7493/11/2 7495/11/2
f 7495/11/2 7493/11/2 7494/11/2
f 7491/8/2 7335/8/2 7496/8/2
f 7496/8/2 7335/8/2 7353/8/2
f 7497/13/2 7498/13/2 7500/13/2
f 7500/13/2 7498/13/2 7499/13/2
f 7501/8/2 7502/8/2 7504/8/2
f 7504/8/2 7502/8/2 7503/8/2
f 7505/8/2 7506/8/2 7508/8/2
f 7508/8/2 7506/8/2 7507/8/2
f 7496/12/2 7509/12/2 7510/12/2
f 7510/12/2 7509/12/2 7321/12/2
f 7511/16/2 7512/16/2 7514/16/2
f 7514/16/2 7512/16/2 7513/16/2
f 7510/12/2 7515/12/2 7517/12/2
f 7517/12/2 7515/12/2 7516/12/2
f 7518/5/2 7519/5/2 7521/5/2
f 7521/5/2 7519/5/2 7520/5/2
f 7522/2/2 7523/2/2 7524/2/2
f 7524/2/2 7523/2/2 7281/2/2
f 7525/15/2 7526/15/2 7528/15/2
f 7528/15/2 7526/15/2 7527/15/2
f 7529/15/2 7530/15/2 7532/15/2
f 7532/15/2 7530/15/2 7531/15/2
f 5438/15/3 5445/15/3 6703/15/3
f 6703/15/3 5445/15/3 6971/15/3
f 5444/2/3 5443/2/3 6972/2/3
f 6972/2/3 5443/2/3 6978/2/3
f 5504/2/3 5503/2/3 6938/2/3
f 6938/2/3 5503/2/3 6809/2/3
f 5509/15/3 5508/15/3 6768/15/3
f 6768/15/3 5508/15/3 6769/15/3
f 5507/15/3 5572/15/3 6766/15/3
f 6766/15/3 5572/15/3 6810/15/3
f 5672/2/3 5671/2/3 6891/2/3
f 6891/2/3 5671/2/3 6892/2/3
f 5670/2/3 5723/2/3 6890/2/3
f 6890/2/3 5723/2/3 6939/2/3
f 5702/2/3 5751/2/3 6915/2/3
f 6915/2/3 5751/2/3 6955/2/3
f 5722/2/3 5780/2/3 6936/2/3
f 6936/2/3 5780/2/3 6979/2/3
f 5789/2/3 5829/2/3 6988/2/3
f 6988/2/3 5829/2/3 7024/2/3
f 5764/15/3 5864/15/3 6962/15/3
f 6962/15/3 5864/15/3 7049/15/3
f 5779/15/3 5873/15/3 6973/15/3
f 6973/15/3 5873/15/3 7053/15/3
f 5872/2/3 5926/2/3 7052/2/3
f 7052/2/3 5926/2/3 7096/2/3
f 6129/15/3 6128/15/3 7257/15/3
f 7257/15/3 6128/15/3 7258/15/3
f 7533/12/3 6186/12/3 7245/12/3
f 7245/12/3 6186/12/3 7310/12/3
f 6185/12/3 6218/12/3 7311/12/3
f 7311/12/3 6218/12/3 7338/12/3
f 6217/12/3 6221/12/3 7339/12/3
f 7339/12/3 6221/12/3 7341/12/3
f 6220/12/3 6224/12/3 7342/12/3
f 7342/12/3 6224/12/3 7344/12/3
f 6230/12/3 6464/12/3 7352/12/3
f 7352/12/3 6464/12/3 7509/12/3
f 6201/12/3 6200/12/3 7323/12/3
f 7323/12/3 6200/12/3 7324/12/3
f 6199/12/3 6268/12/3 7321/12/3
f 7321/12/3 6268/12/3 7372/12/3
f 6267/12/3 6266/12/3 7373/12/3
f 7373/12/3 6266/12/3 7374/12/3
f 6265/12/3 6336/12/3 7371/12/3
f 7371/12/3 6336/12/3 7417/12/3
f 6335/12/3 6334/12/3 7418/12/3
f 7418/12/3 6334/12/3 7419/12/3
f 6333/12/3 6383/12/3 7416/12/3
f 7416/12/3 6383/12/3 7452/12/3
f 6361/15/3 6360/15/3 7534/15/3
f 7534/15/3 6360/15/3 7437/15/3
f 6382/12/3 6381/12/3 7453/12/3
f 7453/12/3 6381/12/3 7454/12/3
f 6380/12/3 6473/12/3 7451/12/3
f 7451/12/3 6473/12/3 7515/12/3
f 6472/12/3 6471/12/3 7516/12/3
f 7516/12/3 6471/12/3 7517/12/3
f 5496/2/3 5495/2/3 5443/2/3
f 5443/2/3 5495/2/3 5502/2/3
f 5562/15/3 5561/15/3 5567/15/3
f 5567/15/3 5561/15/3 5565/15/3
f 5668/2/3 5667/2/3 5566/2/3
f 5566/2/3 5667/2/3 5670/2/3
f 5666/2/3 5716/2/3 5724/2/3
f 5724/2/3 5716/2/3 5722/2/3
f 5715/2/3 5775/2/3 5781/2/3
f 5781/2/3 5775/2/3 5779/2/3
f 7260/15/3 7259/15/3 6130/15/3
f 6130/15/3 7259/15/3 6127/15/3
f 6160/15/3 7535/15/3 7291/15/3
f 7291/15/3 7535/15/3 7292/15/3
f 6172/15/3 6171/15/3 7536/15/3
f 7536/15/3 6171/15/3 7300/15/3
f 6302/15/3 6301/15/3 7537/15/3
f 7537/15/3 6301/15/3 7399/15/3
f 6396/15/3 7538/15/3 7489/15/3
f 7489/15/3 7538/15/3 7490/15/3
f 6291/8/3 7539/8/3 7540/8/3
f 7540/8/3 7539/8/3 6462/8/3
f 6152/2/3 7285/2/3 7281/2/3
f 7281/2/3 7285/2/3 6158/2/3
f 7541/2/3 6169/2/3 7543/2/3
f 7543/2/3 6169/2/3 7542/2/3
f 6168/15/3 6167/15/3 7299/15/3
f 7299/15/3 6167/15/3 7536/15/3
f 6166/2/3 7544/2/3 6173/2/3
f 6173/2/3 7544/2/3 7545/2/3
f 7546/2/3 7547/2/3 7549/2/3
f 7549/2/3 7547/2/3 7548/2/3
f 7550/8/3 7551/8/3 6253/8/3
f 6253/8/3 7551/8/3 6250/8/3
f 7388/1/3 7387/1/3 6292/1/3
f 6292/1/3 7387/1/3 6289/1/3
f 7401/2/3 7552/2/3 6303/2/3
f 6303/2/3 7552/2/3 7553/2/3
f 7554/2/3 7471/2/3 7438/2/3
f 7438/2/3 7471/2/3 6394/2/3
f 7555/2/3 6482/2/3 7557/2/3
f 7557/2/3 6482/2/3 7556/2/3
f 7480/8/3 7511/8/3 6348/8/3
f 6348/8/3 7511/8/3 7539/8/3
f 6481/15/3 6480/15/3 7527/15/3
f 7527/15/3 6480/15/3 7528/15/3
f 6227/16/3 6226/16/3 7349/16/3
f 7349/16/3 6226/16/3 7350/16/3
f 6225/16/3 6244/16/3 7550/16/3
f 7550/16/3 6244/16/3 7551/16/3
f 6318/8/3 7425/8/3 6290/8/3
f 6290/8/3 7425/8/3 6349/8/3
f 7424/1/3 6453/1/3 6350/1/3
f 6350/1/3 6453/1/3 6347/1/3
f 6422/16/3 6421/16/3 7481/16/3
f 7481/16/3 6421/16/3 7482/16/3
f 6430/15/3 6429/15/3 6395/15/3
f 6395/15/3 6429/15/3 7538/15/3
f 6420/16/3 6467/16/3 7479/16/3
f 7479/16/3 6467/16/3 7512/16/3
f 6466/16/3 6465/16/3 7513/16/3
f 7513/16/3 6465/16/3 7514/16/3
f 5557/2/3 5556/2/3 5495/2/3
f 5495/2/3 5556/2/3 5560/2/3
f 7558/15/3 7559/15/3 5717/15/3
f 5717/15/3 7559/15/3 5715/15/3
f 6121/15/3 6120/15/3 7247/15/3
f 7247/15/3 6120/15/3 7248/15/3
f 6125/15/3 6124/15/3 7251/15/3
f 7251/15/3 6124/15/3 7252/15/3
f 6133/15/3 6132/15/3 7261/15/3
f 7261/15/3 6132/15/3 7262/15/3
f 6141/15/3 6140/15/3 7269/15/3
f 7269/15/3 6140/15/3 7270/15/3
f 6145/15/3 6144/15/3 7273/15/3
f 7273/15/3 6144/15/3 7274/15/3
f 6149/15/3 6156/15/3 7277/15/3
f 7277/15/3 6156/15/3 7284/15/3
f 6164/15/3 7560/15/3 7287/15/3
f 7287/15/3 7560/15/3 7288/15/3
f 7560/15/3 6163/15/3 6159/15/3
f 6159/15/3 6163/15/3 7535/15/3
f 6176/15/3 7561/15/3 7295/15/3
f 7295/15/3 7561/15/3 7296/15/3
f 7561/15/3 6175/15/3 6167/15/3
f 6167/15/3 6175/15/3 7302/15/3
f 6205/15/3 6204/15/3 7327/15/3
f 7327/15/3 6204/15/3 7328/15/3
f 6306/15/3 7562/15/3 7398/15/3
f 7398/15/3 7562/15/3 7537/15/3
f 7379/1/3 7378/1/3 6243/1/3
f 6243/1/3 7378/1/3 6279/1/3
f 7562/15/3 6305/15/3 7402/15/3
f 7402/15/3 6305/15/3 7403/15/3
f 7405/1/3 7404/1/3 6319/1/3
f 6319/1/3 7404/1/3 6316/1/3
f 6365/15/3 7563/15/3 7436/15/3
f 7436/15/3 7563/15/3 7534/15/3
f 7563/15/3 6364/15/3 7440/15/3
f 7440/15/3 6364/15/3 7441/15/3
f 6400/15/3 6399/15/3 7473/15/3
f 7473/15/3 6399/15/3 7474/15/3
f 6418/10/3 6448/10/3 7564/10/3
f 7564/10/3 6448/10/3 6451/10/3
f 6485/15/3 6484/15/3 7531/15/3
f 7531/15/3 6484/15/3 7532/15/3
f 6800/15/3 6799/15/3 5558/15/3
f 5558/15/3 6799/15/3 5555/15/3
f 7565/2/3 7566/2/3 7567/2/3
f 7567/2/3 7566/2/3 5666/2/3
f 6353/13/3 6352/13/3 7425/13/3
f 7425/13/3 6352/13/3 6423/13/3
f 6351/10/3 7477/10/3 6453/10/3
f 6453/10/3 7477/10/3 7564/10/3
f 7476/1/3 7475/1/3 6419/1/3
f 6419/1/3 7475/1/3 6416/1/3
f 7493/1/3 7492/1/3 6450/1/3
f 6450/1/3 7492/1/3 6447/1/3
f 7568/15/3 7569/15/3 7565/15/3
f 7565/15/3 7569/15/3 7566/15/3
f 6241/13/3 6240/13/3 7570/13/3
f 7570/13/3 6240/13/3 6243/13/3
f 6240/1/3 7382/1/3 6284/1/3
f 6284/1/3 7382/1/3 6281/1/3
f 7427/1/3 7426/1/3 6354/1/3
f 6354/1/3 7426/1/3 6351/1/3
f 7442/1/3 6391/1/3 6375/1/3
f 6375/1/3 6391/1/3 6373/1/3
f 6390/10/3 6389/10/3 6374/10/3
f 6374/10/3 6389/10/3 7477/10/3
f 7571/10/3 7572/10/3 6417/10/3
f 6417/10/3 7572/10/3 6449/10/3
f 7358/8/3 7357/8/3 6242/8/3
f 6242/8/3 7357/8/3 6239/8/3
f 7384/11/3 7383/11/3 6288/11/3
f 6288/11/3 7383/11/3 6285/11/3
f 6295/8/3 6294/8/3 7389/8/3
f 7389/8/3 6294/8/3 7390/8/3
f 7460/1/3 7459/1/3 6391/1/3
f 6391/1/3 7459/1/3 6388/1/3
f 7573/2/3 7574/2/3 7558/2/3
f 7558/2/3 7574/2/3 7559/2/3
f 7362/13/3 7361/13/3 7359/13/3
f 7359/13/3 7361/13/3 7360/13/3
f 7370/1/3 6323/1/3 6296/1/3
f 6296/1/3 6323/1/3 6293/1/3
f 6322/8/3 6321/8/3 7406/8/3
f 7406/8/3 6321/8/3 7407/8/3
f 7575/13/3 7445/13/3 7428/13/3
f 7428/13/3 7445/13/3 7429/13/3
f 7444/11/3 7443/11/3 7426/11/3
f 7426/11/3 7443/11/3 6390/11/3
f 7443/11/3 7498/11/3 7461/11/3
f 7461/11/3 7498/11/3 7462/11/3
f 7498/11/3 7576/11/3 7477/11/3
f 7477/11/3 7576/11/3 7478/11/3
f 7576/11/3 7577/11/3 7571/11/3
f 7571/11/3 7577/11/3 7572/11/3
f 7577/11/3 7497/11/3 7494/11/3
f 7494/11/3 7497/11/3 7495/11/3
f 7578/15/3 7579/15/3 5561/15/3
f 5561/15/3 7579/15/3 7567/15/3
f 7580/15/3 7581/15/3 7573/15/3
f 7573/15/3 7581/15/3 7574/15/3
f 6193/7/3 6192/7/3 6215/7/3
f 6215/7/3 6192/7/3 7582/7/3
f 6192/8/3 7354/8/3 7582/8/3
f 7582/8/3 7354/8/3 6213/8/3
f 7376/7/3 7375/7/3 6229/7/3
f 6229/7/3 7375/7/3 7540/7/3
f 7375/8/3 7410/8/3 7391/8/3
f 7391/8/3 7410/8/3 6322/8/3
f 7409/1/3 7408/1/3 6323/1/3
f 6323/1/3 7408/1/3 6320/1/3
f 7411/8/3 7583/8/3 6317/8/3
f 6317/8/3 7583/8/3 7425/8/3
f 7583/8/3 7584/8/3 7575/8/3
f 7575/8/3 7584/8/3 7445/8/3
f 7584/13/3 7465/13/3 7445/13/3
f 7445/13/3 7465/13/3 7446/13/3
f 7464/1/3 7463/1/3 7443/1/3
f 7443/1/3 7463/1/3 7498/1/3
f 7466/13/3 7585/13/3 7499/13/3
f 7499/13/3 7585/13/3 7500/13/3
f 6188/7/3 6187/7/3 6194/7/3
f 6194/7/3 6187/7/3 6191/7/3
f 6234/5/3 7394/5/3 7355/5/3
f 7355/5/3 7394/5/3 7377/5/3
f 7393/7/3 7586/7/3 7375/7/3
f 7375/7/3 7586/7/3 7585/7/3
f 6248/5/3 6271/5/3 7320/5/3
f 7320/5/3 6271/5/3 6232/5/3
f 6270/5/3 7414/5/3 6233/5/3
f 6233/5/3 7414/5/3 7395/5/3
f 7413/8/3 7449/8/3 7392/8/3
f 7392/8/3 7449/8/3 6378/8/3
f 7448/1/3 7447/1/3 6379/1/3
f 6379/1/3 7447/1/3 6376/1/3
f 6456/8/3 6455/8/3 7587/8/3
f 7587/8/3 6455/8/3 7586/8/3
f 7588/2/3 7589/2/3 7568/2/3
f 7568/2/3 7589/2/3 7569/2/3
f 7590/2/3 7591/2/3 7580/2/3
f 7580/2/3 7591/2/3 7581/2/3
f 6277/5/3 6299/5/3 6249/5/3
f 6249/5/3 6299/5/3 6246/5/3
f 6298/5/3 7422/5/3 6269/5/3
f 6269/5/3 7422/5/3 7415/5/3
f 7421/8/3 7592/8/3 7412/8/3
f 7412/8/3 7592/8/3 7450/8/3
f 7502/1/3 7501/1/3 6457/1/3
f 6457/1/3 7501/1/3 6454/1/3
f 7593/2/3 7594/2/3 7578/2/3
f 7578/2/3 7594/2/3 7579/2/3
f 7595/15/3 7596/15/3 7590/15/3
f 7590/15/3 7596/15/3 7591/15/3
f 6182/5/3 6181/5/3 6278/5/3
f 6278/5/3 6181/5/3 6197/5/3
f 6180/1/3 6212/1/3 6198/1/3
f 6198/1/3 6212/1/3 6195/1/3
f 6238/5/3 6237/5/3 6196/5/3
f 6196/5/3 6237/5/3 6274/5/3
f 6236/1/3 6311/1/3 6275/1/3
f 6275/1/3 6311/1/3 6272/1/3
f 6310/5/3 6309/5/3 6315/5/3
f 6315/5/3 6309/5/3 6312/5/3
f 6326/5/3 7432/5/3 6297/5/3
f 6297/5/3 7432/5/3 7423/5/3
f 7431/8/3 7597/8/3 7420/8/3
f 7420/8/3 7597/8/3 7592/8/3
f 6460/8/3 6459/8/3 7503/8/3
f 7503/8/3 6459/8/3 7504/8/3
f 6190/5/3 6189/5/3 6183/5/3
f 6183/5/3 6189/5/3 6212/5/3
f 6329/5/3 6328/5/3 6211/5/3
f 6211/5/3 6328/5/3 6330/5/3
f 6339/5/3 7457/5/3 6325/5/3
f 6325/5/3 7457/5/3 7433/5/3
f 7456/8/3 7455/8/3 7430/8/3
f 7430/8/3 7455/8/3 7597/8/3
f 7506/1/3 7505/1/3 6461/1/3
f 6461/1/3 7505/1/3 6458/1/3
f 6342/5/3 6341/5/3 6346/5/3
f 6346/5/3 6341/5/3 6343/5/3
f 6357/5/3 7469/5/3 6338/5/3
f 6338/5/3 7469/5/3 7458/5/3
f 7468/8/3 7598/8/3 6377/8/3
f 6377/8/3 7598/8/3 7587/8/3
f 6755/2/3 7599/2/3 6801/2/3
f 6801/2/3 7599/2/3 6802/2/3
f 7600/15/3 6934/15/3 7588/15/3
f 7588/15/3 6934/15/3 7589/15/3
f 6933/2/3 6932/2/3 7595/2/3
f 7595/2/3 6932/2/3 7596/2/3
f 7601/2/3 5768/2/3 6965/2/3
f 6965/2/3 5768/2/3 6966/2/3
f 5767/2/3 5813/2/3 7602/2/3
f 7602/2/3 5813/2/3 7008/2/3
f 6368/5/3 6367/5/3 6372/5/3
f 6372/5/3 6367/5/3 6369/5/3
f 6386/5/3 7485/5/3 6356/5/3
f 6356/5/3 7485/5/3 7470/5/3
f 7484/8/3 7603/8/3 7467/8/3
f 7467/8/3 7603/8/3 7598/8/3
f 6710/7/3 6804/7/3 6754/7/3
f 6754/7/3 6804/7/3 6755/7/3
f 6804/15/3 6803/15/3 6755/15/3
f 6755/15/3 6803/15/3 7599/15/3
f 6805/15/3 6888/15/3 7593/15/3
f 7593/15/3 6888/15/3 7594/15/3
f 6888/2/3 6887/2/3 7600/2/3
f 7600/2/3 6887/2/3 6934/2/3
f 6887/17/3 7604/17/3 6934/17/3
f 6934/17/3 7604/17/3 6935/17/3
f 6958/2/3 7093/2/3 5757/2/3
f 5757/2/3 7093/2/3 7092/2/3
f 6393/5/3 7520/5/3 6385/5/3
f 6385/5/3 7520/5/3 7486/5/3
f 7519/8/3 7605/8/3 7483/8/3
f 7483/8/3 7605/8/3 7603/8/3
f 7605/8/3 7518/8/3 7507/8/3
f 7507/8/3 7518/8/3 7508/8/3
f 6660/17/3 6705/17/3 6748/17/3
f 6748/17/3 6705/17/3 6750/17/3
f 6697/17/3 6742/17/3 6740/17/3
f 6740/17/3 6742/17/3 6741/17/3
f 6757/17/3 6756/17/3 6709/17/3
f 6709/17/3 6756/17/3 6804/17/3
f 6713/17/3 6843/17/3 6714/17/3
f 6714/17/3 6843/17/3 6762/17/3
f 6759/7/3 7606/7/3 6760/7/3
f 6760/7/3 7606/7/3 6805/7/3
f 7606/2/3 6842/2/3 6805/2/3
f 6805/2/3 6842/2/3 6888/2/3
f 6844/17/3 6985/17/3 6845/17/3
f 6845/17/3 6985/17/3 6889/17/3
f 6984/7/3 6982/7/3 6887/7/3
f 6887/7/3 6982/7/3 7604/7/3
f 6882/17/3 6959/17/3 6883/17/3
f 6883/17/3 6959/17/3 6958/17/3
f 6981/17/3 6980/17/3 6976/17/3
f 6976/17/3 6980/17/3 6977/17/3
f 6961/17/3 7012/17/3 7010/17/3
f 7010/17/3 7012/17/3 7011/17/3
f 6983/17/3 7019/17/3 7017/17/3
f 7017/17/3 7019/17/3 7018/17/3
f 7012/7/3 7607/7/3 7011/7/3
f 7011/7/3 7607/7/3 7051/7/3
f 7607/17/3 7138/17/3 7051/17/3
f 7051/17/3 7138/17/3 7094/17/3
f 7137/7/3 7136/7/3 7093/7/3
f 7093/7/3 7136/7/3 7135/7/3
f 6403/5/3 6402/5/3 6407/5/3
f 6407/5/3 6402/5/3 6404/5/3
f 6410/5/3 6409/5/3 6415/5/3
f 6415/5/3 6409/5/3 6412/5/3
f 6426/5/3 6475/5/3 6392/5/3
f 6392/5/3 6475/5/3 7521/5/3
f 6619/17/3 6618/17/3 6659/17/3
f 6659/17/3 6618/17/3 6661/17/3
f 6580/7/3 6664/7/3 6623/7/3
f 6623/7/3 6664/7/3 6624/7/3
f 6589/17/3 6633/17/3 6631/17/3
f 6631/17/3 6633/17/3 6632/17/3
f 6620/7/3 6663/7/3 6621/7/3
f 6621/7/3 6663/7/3 6662/7/3
f 6628/17/3 6668/17/3 6629/17/3
f 6629/17/3 6668/17/3 7608/17/3
f 6692/17/3 6691/17/3 6689/17/3
f 6689/17/3 6691/17/3 6690/17/3
f 6719/17/3 6718/17/3 6716/17/3
f 6716/17/3 6718/17/3 6717/17/3
f 6671/7/3 6725/7/3 6723/7/3
f 6723/7/3 6725/7/3 6724/7/3
f 6720/17/3 6851/17/3 6721/17/3
f 6721/17/3 6851/17/3 6765/17/3
f 6850/17/3 7609/17/3 6763/17/3
f 6763/17/3 7609/17/3 6807/17/3
f 6782/17/3 6873/17/3 6783/17/3
f 6783/17/3 6873/17/3 6826/17/3
f 7609/17/3 6849/17/3 6847/17/3
f 6847/17/3 6849/17/3 6848/17/3
f 6852/7/3 6897/7/3 6895/7/3
f 6895/7/3 6897/7/3 6896/7/3
f 6991/17/3 6990/17/3 6893/17/3
f 6893/17/3 6990/17/3 7025/17/3
f 6992/7/3 7028/7/3 7026/7/3
f 7026/7/3 7028/7/3 7027/7/3
f 7105/17/3 7104/17/3 7019/17/3
f 7019/17/3 7104/17/3 7103/17/3
f 7142/17/3 7141/17/3 7014/17/3
f 7014/17/3 7141/17/3 7140/17/3
f 7176/17/3 7175/17/3 7136/17/3
f 7136/17/3 7175/17/3 7174/17/3
f 6437/5/3 6440/5/3 6402/5/3
f 6402/5/3 6440/5/3 6432/5/3
f 6442/5/3 6446/5/3 6409/5/3
f 6409/5/3 6446/5/3 6434/5/3
f 6469/5/3 6468/5/3 6476/5/3
f 6476/5/3 6468/5/3 6474/5/3
f 6571/17/3 6570/17/3 6616/17/3
f 6616/17/3 6570/17/3 7610/17/3
f 6582/17/3 6581/17/3 6579/17/3
f 6579/17/3 6581/17/3 6580/17/3
f 7611/17/3 6585/17/3 6627/17/3
f 6627/17/3 6585/17/3 7612/17/3
f 6594/17/3 6593/17/3 6591/17/3
f 6591/17/3 6593/17/3 6592/17/3
f 6673/17/3 6672/17/3 7613/17/3
f 7613/17/3 6672/17/3 6671/17/3
f 6854/17/3 6853/17/3 6725/17/3
f 6725/17/3 6853/17/3 6899/17/3
f 6944/17/3 6943/17/3 6941/17/3
f 6941/17/3 6943/17/3 6942/17/3
f 6943/17/3 6993/17/3 7030/17/3
f 7030/17/3 6993/17/3 7032/17/3
f 6994/17/3 7035/17/3 7033/17/3
f 7033/17/3 7035/17/3 7034/17/3
f 7064/17/3 7063/17/3 7061/17/3
f 7061/17/3 7063/17/3 7062/17/3
f 7183/17/3 7614/17/3 7097/17/3
f 7097/17/3 7614/17/3 7144/17/3
f 7148/17/3 7147/17/3 7104/17/3
f 7104/17/3 7147/17/3 7146/17/3
f 7191/17/3 7615/17/3 7106/17/3
f 7106/17/3 7615/17/3 7153/17/3
f 7208/7/3 7207/7/3 7175/7/3
f 7175/7/3 7207/7/3 7206/7/3
f 6501/17/3 6542/17/3 6568/17/3
f 6568/17/3 6542/17/3 7616/17/3
f 6546/17/3 6545/17/3 6575/17/3
f 6575/17/3 6545/17/3 7617/17/3
f 7618/17/3 7619/17/3 6587/17/3
f 6587/17/3 7619/17/3 7620/17/3
f 7621/17/3 7622/17/3 6670/17/3
f 6670/17/3 7622/17/3 7613/17/3
f 6729/17/3 6728/17/3 6726/17/3
f 6726/17/3 6728/17/3 6727/17/3
f 6812/17/3 6811/17/3 6770/17/3
f 6770/17/3 6811/17/3 6856/17/3
f 6996/17/3 7623/17/3 6900/17/3
f 6900/17/3 7623/17/3 6901/17/3
f 7623/17/3 7624/17/3 6945/17/3
f 6945/17/3 7624/17/3 6946/17/3
f 7624/7/3 6995/7/3 6946/7/3
f 6946/7/3 6995/7/3 6994/7/3
f 7067/7/3 7066/7/3 7035/7/3
f 7035/7/3 7066/7/3 7065/7/3
f 7179/17/3 7178/17/3 7141/17/3
f 7141/17/3 7178/17/3 7177/17/3
f 7187/17/3 7186/17/3 7625/17/3
f 7625/17/3 7186/17/3 7185/17/3
f 5192/7/3 5191/7/3 6500/7/3
f 6500/7/3 5191/7/3 6501/7/3
f 5218/17/3 5217/17/3 6550/17/3
f 6550/17/3 5217/17/3 7626/17/3
f 6553/7/3 6552/7/3 7618/7/3
f 7618/7/3 6552/7/3 7619/7/3
f 5307/17/3 5306/17/3 6595/17/3
f 6595/17/3 5306/17/3 6596/17/3
f 5306/7/3 7627/7/3 7621/7/3
f 7621/7/3 7627/7/3 7622/7/3
f 6677/17/3 6676/17/3 6674/17/3
f 6674/17/3 6676/17/3 6675/17/3
f 5463/17/3 5462/17/3 6730/17/3
f 6730/17/3 5462/17/3 6731/17/3
f 5461/17/3 6774/17/3 6772/17/3
f 6772/17/3 6774/17/3 6773/17/3
f 6859/17/3 5683/17/3 6857/17/3
f 6857/17/3 5683/17/3 6858/17/3
f 5682/7/3 5681/7/3 6904/7/3
f 6904/7/3 5681/7/3 6905/7/3
f 5894/17/3 5893/17/3 7068/17/3
f 7068/17/3 5893/17/3 7069/17/3
f 7111/17/3 7110/17/3 7108/17/3
f 7108/17/3 7110/17/3 7109/17/3
f 7154/17/3 6041/17/3 7192/17/3
f 7192/17/3 6041/17/3 7193/17/3
f 6078/7/3 6077/7/3 7181/7/3
f 7181/7/3 6077/7/3 7216/7/3
f 6489/17/3 6513/17/3 6511/17/3
f 6511/17/3 6513/17/3 6512/17/3
f 6518/17/3 6517/17/3 5219/17/3
f 5219/17/3 6517/17/3 5216/17/3
f 7628/17/3 7629/17/3 5464/17/3
f 5464/17/3 7629/17/3 5461/17/3
f 6816/17/3 6815/17/3 6813/17/3
f 6813/17/3 6815/17/3 6814/17/3
f 6818/17/3 6861/17/3 6860/17/3
f 6860/17/3 6861/17/3 5682/17/3
f 6947/17/3 7630/17/3 5683/17/3
f 5683/17/3 7630/17/3 5680/17/3
f 7630/17/3 5797/17/3 6902/17/3
f 6902/17/3 5797/17/3 6998/17/3
f 5796/17/3 5795/17/3 6999/17/3
f 6999/17/3 5795/17/3 7000/17/3
f 7070/17/3 5944/17/3 5895/17/3
f 5895/17/3 5944/17/3 7112/17/3
f 6063/17/3 6062/17/3 7209/17/3
f 7209/17/3 6062/17/3 7210/17/3
f 7222/17/3 7221/17/3 7219/17/3
f 7219/17/3 7221/17/3 7220/17/3
f 6061/17/3 6101/17/3 7207/17/3
f 7207/17/3 6101/17/3 7235/17/3
f 5184/7/3 5183/7/3 6491/7/3
f 6491/7/3 5183/7/3 6492/7/3
f 5269/17/3 7631/17/3 6554/17/3
f 6554/17/3 7631/17/3 5305/17/3
f 7632/7/3 5521/7/3 7628/7/3
f 7628/7/3 5521/7/3 7629/7/3
f 5520/17/3 5519/17/3 5462/17/3
f 5462/17/3 5519/17/3 6775/17/3
f 5519/7/3 5629/7/3 6817/7/3
f 6817/7/3 5629/7/3 6818/7/3
f 5628/17/3 5627/17/3 6862/17/3
f 6862/17/3 5627/17/3 6863/17/3
f 5626/17/3 7633/17/3 6861/17/3
f 6861/17/3 7633/17/3 6950/17/3
f 7038/17/3 5898/17/3 7036/17/3
f 7036/17/3 5898/17/3 7037/17/3
f 5898/17/3 5897/17/3 7071/17/3
f 7071/17/3 5897/17/3 7072/17/3
f 7634/17/3 5998/17/3 5946/17/3
f 5946/17/3 5998/17/3 5943/17/3
f 5998/17/3 5997/17/3 7110/17/3
f 7110/17/3 5997/17/3 7155/17/3
f 7195/17/3 7194/17/3 6043/17/3
f 6043/17/3 7194/17/3 6040/17/3
f 6090/17/3 6089/17/3 7227/17/3
f 7227/17/3 6089/17/3 7228/17/3
f 6054/7/3 6099/7/3 6102/7/3
f 6102/7/3 6099/7/3 6100/7/3
f 6109/17/3 6108/17/3 7221/17/3
f 7221/17/3 6108/17/3 7239/17/3
f 7635/17/3 7636/17/3 5185/17/3
f 5185/17/3 7636/17/3 5182/17/3
f 5222/17/3 5221/17/3 6519/17/3
f 6519/17/3 5221/17/3 6520/17/3
f 6598/17/3 6597/17/3 5268/17/3
f 5268/17/3 6597/17/3 7631/17/3
f 5417/17/3 5416/17/3 6678/17/3
f 6678/17/3 5416/17/3 5464/17/3
f 5416/17/3 7637/17/3 7632/17/3
f 7632/17/3 7637/17/3 5518/17/3
f 5584/17/3 5583/17/3 6819/17/3
f 6819/17/3 5583/17/3 5628/17/3
f 5582/17/3 7638/17/3 5629/17/3
f 5629/17/3 7638/17/3 5626/17/3
f 7638/7/3 5742/7/3 5626/7/3
f 5626/7/3 5742/7/3 7633/7/3
f 5741/17/3 5740/17/3 6951/17/3
f 6951/17/3 5740/17/3 6952/17/3
f 7001/17/3 5845/17/3 5797/17/3
f 5797/17/3 5845/17/3 5794/17/3
f 5844/17/3 5843/17/3 7039/17/3
f 7039/17/3 5843/17/3 7040/17/3
f 7074/17/3 7073/17/3 5899/17/3
f 5899/17/3 7073/17/3 5896/17/3
f 7639/7/3 7640/7/3 7634/7/3
f 7634/7/3 7640/7/3 5998/7/3
f 6059/17/3 6058/17/3 6064/17/3
f 6064/17/3 6058/17/3 6061/17/3
f 6105/17/3 6104/17/3 6110/17/3
f 6110/17/3 6104/17/3 6107/17/3
f 5180/7/3 5179/7/3 7635/7/3
f 7635/7/3 5179/7/3 7636/7/3
f 7641/17/3 7642/17/3 6497/17/3
f 6497/17/3 7642/17/3 5220/17/3
f 6680/17/3 6679/17/3 5418/17/3
f 5418/17/3 6679/17/3 5415/17/3
f 7643/17/3 7644/17/3 6733/17/3
f 6733/17/3 7644/17/3 6734/17/3
f 5632/17/3 7645/17/3 5583/17/3
f 5583/17/3 7645/17/3 5741/17/3
f 7646/7/3 7647/7/3 5845/7/3
f 5845/7/3 7647/7/3 5842/7/3
f 7114/17/3 7113/17/3 7639/17/3
f 7639/17/3 7113/17/3 7640/17/3
f 7648/7/3 7649/7/3 7240/7/3
f 7240/7/3 7649/7/3 7241/7/3
f 5188/7/3 5187/7/3 7641/7/3
f 7641/7/3 5187/7/3 7650/7/3
f 5226/17/3 5225/17/3 6523/17/3
f 6523/17/3 5225/17/3 6524/17/3
f 5225/17/3 6555/17/3 5270/17/3
f 5270/17/3 6555/17/3 5267/17/3
f 5311/17/3 5310/17/3 6599/17/3
f 6599/17/3 5310/17/3 6600/17/3
f 5310/17/3 6635/17/3 5306/17/3
f 5306/17/3 6635/17/3 7627/17/3
f 5421/17/3 5420/17/3 6681/17/3
f 6681/17/3 5420/17/3 6682/17/3
f 7651/7/3 7652/7/3 7643/7/3
f 7643/7/3 7652/7/3 7644/7/3
f 6864/17/3 5691/17/3 5633/17/3
f 5633/17/3 5691/17/3 5630/17/3
f 5690/17/3 5689/17/3 5631/17/3
f 5631/17/3 5689/17/3 7645/17/3
f 5800/17/3 5799/17/3 5739/17/3
f 5739/17/3 5799/17/3 5844/17/3
f 5798/17/3 5902/17/3 7646/17/3
f 7646/17/3 5902/17/3 7647/17/3
f 5902/17/3 5901/17/3 5842/17/3
f 5842/17/3 5901/17/3 7075/17/3
f 5900/17/3 5948/17/3 7115/17/3
f 7115/17/3 5948/17/3 7116/17/3
f 7156/17/3 6045/17/3 5999/17/3
f 5999/17/3 6045/17/3 7196/17/3
f 6044/17/3 6096/17/3 7194/17/3
f 7194/17/3 6096/17/3 7231/17/3
f 6113/17/3 6112/17/3 7648/17/3
f 7648/17/3 6112/17/3 7649/17/3
f 5211/17/3 5215/17/3 5189/17/3
f 5189/17/3 5215/17/3 5186/17/3
f 5214/17/3 5213/17/3 7650/17/3
f 7650/17/3 5213/17/3 7642/17/3
f 5273/17/3 6601/17/3 6556/17/3
f 6556/17/3 6601/17/3 5309/17/3
f 5364/7/3 5363/7/3 6636/7/3
f 6636/7/3 5363/7/3 5422/7/3
f 5467/17/3 5466/17/3 7651/17/3
f 7651/17/3 5466/17/3 7652/17/3
f 5465/17/3 5625/17/3 6732/17/3
f 6732/17/3 5625/17/3 7637/17/3
f 5624/17/3 5636/17/3 5585/17/3
f 5585/17/3 5636/17/3 5582/17/3
f 5635/17/3 5634/17/3 6865/17/3
f 6865/17/3 5634/17/3 5690/17/3
f 5733/17/3 5732/17/3 5742/17/3
f 5742/17/3 5732/17/3 5739/17/3
f 7653/7/3 7654/7/3 5798/7/3
f 5798/7/3 7654/7/3 5902/7/3
f 7655/17/3 7656/17/3 5947/17/3
f 5947/17/3 7656/17/3 7157/17/3
f 5204/17/3 5203/17/3 5209/17/3
f 5209/17/3 5203/17/3 5206/17/3
f 5230/7/3 5229/7/3 6527/7/3
f 6527/7/3 5229/7/3 5274/7/3
f 5315/17/3 6637/17/3 6602/17/3
f 6602/17/3 6637/17/3 5362/17/3
f 7657/17/3 5525/17/3 5468/17/3
f 5468/17/3 5525/17/3 5465/17/3
f 5524/17/3 5523/17/3 5466/17/3
f 5466/17/3 5523/17/3 5624/17/3
f 5686/17/3 5685/17/3 5691/17/3
f 5691/17/3 5685/17/3 5688/17/3
f 5684/17/3 6948/17/3 5734/17/3
f 5734/17/3 6948/17/3 5731/17/3
f 7117/17/3 6002/17/3 5949/17/3
f 5949/17/3 6002/17/3 5947/17/3
f 6002/7/3 6001/7/3 7655/7/3
f 7655/7/3 6001/7/3 7656/7/3
f 7198/17/3 7197/17/3 6047/17/3
f 6047/17/3 7197/17/3 6044/17/3
f 6074/17/3 6073/17/3 6083/17/3
f 6083/17/3 6073/17/3 6080/17/3
f 6086/17/3 6085/17/3 6091/17/3
f 6091/17/3 6085/17/3 6088/17/3
f 5262/17/3 5266/17/3 5231/17/3
f 5231/17/3 5266/17/3 5228/17/3
f 5238/17/3 5237/17/3 5247/17/3
f 5247/17/3 5237/17/3 5244/17/3
f 5265/17/3 5264/17/3 5274/17/3
f 5274/17/3 5264/17/3 5271/17/3
f 5254/17/3 7658/17/3 5294/17/3
f 5294/17/3 7658/17/3 5291/17/3
f 6604/17/3 6603/17/3 5316/17/3
f 5316/17/3 6603/17/3 5313/17/3
f 5368/17/3 5367/17/3 6638/17/3
f 6638/17/3 5367/17/3 6639/17/3
f 5459/7/3 5458/7/3 7657/7/3
f 7657/7/3 5458/7/3 5525/7/3
f 5620/17/3 5619/17/3 5625/17/3
f 5625/17/3 5619/17/3 5622/17/3
f 5737/7/3 5736/7/3 5685/7/3
f 5685/7/3 5736/7/3 6949/7/3
f 5735/17/3 7659/17/3 5801/17/3
f 5801/17/3 7659/17/3 5798/17/3
f 7659/17/3 5840/17/3 7653/17/3
f 7653/17/3 5840/17/3 7654/17/3
f 5839/17/3 5952/17/3 5903/17/3
f 5903/17/3 5952/17/3 5900/17/3
f 5952/17/3 5951/17/3 7118/17/3
f 7118/17/3 5951/17/3 7119/17/3
f 6023/17/3 6070/17/3 6075/17/3
f 6075/17/3 6070/17/3 6072/17/3
f 6036/17/3 6093/17/3 7229/17/3
f 7229/17/3 6093/17/3 7230/17/3
f 5341/17/3 7660/17/3 5251/17/3
f 5251/17/3 7660/17/3 5248/17/3
f 5347/17/3 5290/17/3 5255/17/3
f 5255/17/3 5290/17/3 5252/17/3
f 5258/17/3 5257/17/3 7661/17/3
f 7661/17/3 5257/17/3 5260/17/3
f 5289/17/3 5288/17/3 5253/17/3
f 5253/17/3 5288/17/3 7658/17/3
f 5319/17/3 5414/17/3 6605/17/3
f 6605/17/3 5414/17/3 5366/17/3
f 5413/17/3 5412/17/3 5422/17/3
f 5422/17/3 5412/17/3 5419/17/3
f 5516/17/3 5515/17/3 5525/17/3
f 5525/17/3 5515/17/3 5522/17/3
f 5581/7/3 5580/7/3 5621/7/3
f 5621/7/3 5580/7/3 7662/7/3
f 5580/17/3 5617/17/3 7662/17/3
f 7662/17/3 5617/17/3 5618/17/3
f 5679/17/3 5678/17/3 5687/17/3
f 5687/17/3 5678/17/3 5684/17/3
f 5837/17/3 5836/17/3 7663/17/3
f 7663/17/3 5836/17/3 5839/17/3
f 5836/7/3 5891/7/3 5839/7/3
f 5839/7/3 5891/7/3 5952/7/3
f 5981/17/3 6027/17/3 6032/17/3
f 6032/17/3 6027/17/3 6029/17/3
f 5988/17/3 6034/17/3 6039/17/3
f 6039/17/3 6034/17/3 6036/17/3
f 6050/17/3 6049/17/3 6000/17/3
f 6000/17/3 6049/17/3 7199/17/3
f 5285/7/3 5284/7/3 7665/7/3
f 7665/7/3 5284/7/3 7664/7/3
f 5355/17/3 5358/17/3 5300/17/3
f 5300/17/3 5358/17/3 5297/17/3
f 5303/17/3 5302/17/3 5320/17/3
f 5320/17/3 5302/17/3 5317/17/3
f 5331/17/3 5330/17/3 5336/17/3
f 5336/17/3 5330/17/3 5333/17/3
f 5284/17/3 5344/17/3 7664/17/3
f 7664/17/3 5344/17/3 5345/17/3
f 5361/17/3 5360/17/3 5318/17/3
f 5318/17/3 5360/17/3 5414/17/3
f 5360/7/3 5410/7/3 5414/7/3
f 5414/7/3 5410/7/3 5411/7/3
f 5456/17/3 5455/17/3 5460/17/3
f 5460/17/3 5455/17/3 5457/17/3
f 5577/17/3 5730/17/3 5514/17/3
f 5514/17/3 5730/17/3 5616/17/3
f 5729/17/3 7666/17/3 5617/17/3
f 5617/17/3 7666/17/3 5677/17/3
f 7666/17/3 5728/17/3 5841/17/3
f 5841/17/3 5728/17/3 7663/17/3
f 5727/17/3 7667/17/3 5838/17/3
f 5838/17/3 7667/17/3 5890/17/3
f 7667/17/3 5940/17/3 5953/17/3
f 5953/17/3 5940/17/3 5950/17/3
f 5918/17/3 5973/17/3 5977/17/3
f 5977/17/3 5973/17/3 5974/17/3
f 5920/17/3 5979/17/3 6028/17/3
f 6028/17/3 5979/17/3 7668/17/3
f 5928/17/3 5986/17/3 6035/17/3
f 6035/17/3 5986/17/3 7669/17/3
f 5939/17/3 5993/17/3 6003/17/3
f 6003/17/3 5993/17/3 6000/17/3
f 5388/17/3 7670/17/3 5352/17/3
f 5352/17/3 7670/17/3 5349/17/3
f 5396/17/3 5400/17/3 7671/17/3
f 7671/17/3 5400/17/3 5353/17/3
f 5407/17/3 5406/17/3 5302/17/3
f 5302/17/3 5406/17/3 5409/17/3
f 5406/7/3 5453/7/3 5409/7/3
f 5409/7/3 5453/7/3 5454/7/3
f 5513/17/3 5512/17/3 5517/17/3
f 5517/17/3 5512/17/3 5514/17/3
f 5511/17/3 5574/17/3 5578/17/3
f 5578/17/3 5574/17/3 5575/17/3
f 5615/17/3 5614/17/3 5576/17/3
f 5576/17/3 5614/17/3 5730/17/3
f 5614/7/3 5676/7/3 5730/7/3
f 5730/7/3 5676/7/3 5792/7/3
f 5674/7/3 5726/7/3 5793/7/3
f 5793/7/3 5726/7/3 7672/7/3
f 5726/17/3 5834/17/3 7672/17/3
f 7672/17/3 5834/17/3 5790/17/3
f 5833/17/3 5832/17/3 5791/17/3
f 5791/17/3 5832/17/3 5941/17/3
f 5831/17/3 5889/17/3 5942/17/3
f 5942/17/3 5889/17/3 5994/17/3
f 5924/7/3 5923/7/3 5930/7/3
f 5930/7/3 5923/7/3 5927/7/3
f 5880/7/3 5932/7/3 5936/7/3
f 5936/7/3 5932/7/3 5933/7/3
f 5888/17/3 5938/17/3 5995/17/3
f 5995/17/3 5938/17/3 7673/17/3
f 5392/17/3 5391/17/3 5448/17/3
f 5448/17/3 5391/17/3 5442/17/3
f 5403/17/3 5402/17/3 7674/17/3
f 7674/17/3 5402/17/3 5405/17/3
f 5390/7/3 5435/7/3 5387/7/3
f 5387/7/3 5435/7/3 5440/7/3
f 5401/7/3 5450/7/3 5398/7/3
f 5398/7/3 5450/7/3 7675/7/3
f 5481/17/3 5480/17/3 5485/17/3
f 5485/17/3 5480/17/3 5483/17/3
f 5450/17/3 5571/17/3 7675/17/3
f 7675/17/3 5571/17/3 5505/17/3
f 5570/17/3 5569/17/3 5506/17/3
f 5506/17/3 5569/17/3 5573/17/3
f 5568/17/3 5609/17/3 5786/17/3
f 5786/17/3 5609/17/3 7676/17/3
f 5612/17/3 5611/17/3 5574/17/3
f 5574/17/3 5611/17/3 5613/17/3
f 5609/7/3 5669/7/3 7676/7/3
f 7676/7/3 5669/7/3 7677/7/3
f 5709/17/3 5754/17/3 5700/17/3
f 5700/17/3 5754/17/3 5860/17/3
f 5669/17/3 5783/17/3 7677/17/3
f 7677/17/3 5783/17/3 5784/17/3
f 5782/17/3 5825/17/3 5884/17/3
f 5884/17/3 5825/17/3 5881/17/3
f 5819/17/3 5867/17/3 5816/17/3
f 5816/17/3 5867/17/3 5869/17/3
f 5824/17/3 5876/17/3 5882/17/3
f 5882/17/3 5876/17/3 5879/17/3
f 5887/17/3 5886/17/3 5785/17/3
f 5785/17/3 5886/17/3 5888/17/3
f 5492/17/3 5491/17/3 5501/17/3
f 5501/17/3 5491/17/3 5498/17/3
f 5490/17/3 5543/17/3 5489/17/3
f 5489/17/3 5543/17/3 5553/17/3
f 5607/17/3 5606/17/3 5563/17/3
f 5563/17/3 5606/17/3 5608/17/3
f 5778/17/3 5721/17/3 5665/17/3
f 5665/17/3 5721/17/3 5663/17/3
f 5720/17/3 5719/17/3 5664/17/3
f 5664/17/3 5719/17/3 5826/17/3
f 5713/17/3 5772/17/3 5710/17/3
f 5710/17/3 5772/17/3 5821/17/3
f 5718/17/3 5777/17/3 5827/17/3
f 5827/17/3 5777/17/3 5877/17/3
f 5439/15/4 6702/15/4 5432/15/4
f 5432/15/4 6702/15/4 6700/15/4
f 5433/2/4 6699/2/4 5430/2/4
f 5430/2/4 6699/2/4 6698/2/4
f 5510/15/4 6767/15/4 5507/15/4
f 5507/15/4 6767/15/4 6766/15/4
f 5538/2/4 6918/2/4 5536/2/4
f 5536/2/4 6918/2/4 6829/2/4
f 5591/2/4 6828/2/4 5589/2/4
f 5589/2/4 6828/2/4 6827/2/4
f 5649/15/4 6878/15/4 5647/15/4
f 5647/15/4 6878/15/4 6877/15/4
f 5705/2/4 6916/2/4 5702/2/4
f 5702/2/4 6916/2/4 6915/2/4
f 5752/2/4 6954/2/4 5750/2/4
f 5750/2/4 6954/2/4 6953/2/4
f 5703/15/4 6919/15/4 5764/15/4
f 5764/15/4 6919/15/4 6962/15/4
f 5723/2/4 6939/2/4 5787/2/4
f 5787/2/4 6939/2/4 6987/2/4
f 5830/2/4 7023/2/4 5828/2/4
f 5828/2/4 7023/2/4 7022/2/4
f 5865/15/4 7048/15/4 5863/15/4
f 5863/15/4 7048/15/4 7047/15/4
f 5765/2/4 6963/2/4 5925/2/4
f 5925/2/4 6963/2/4 7095/2/4
f 6130/15/4 7256/15/4 6127/15/4
f 6127/15/4 7256/15/4 7255/15/4
f 1561/12/4 3764/12/4 1651/12/4
f 1651/12/4 3764/12/4 3812/12/4
f 1650/12/4 3813/12/4 1964/12/4
f 1964/12/4 3813/12/4 4122/12/4
f 6231/12/4 7351/12/4 6223/12/4
f 6223/12/4 7351/12/4 7345/12/4
f 6202/12/4 7322/12/4 6199/12/4
f 6199/12/4 7322/12/4 7321/12/4
f 6362/15/4 7678/15/4 6359/15/4
f 6359/15/4 7678/15/4 7434/15/4
f 5497/2/4 5431/2/4 5494/2/4
f 5494/2/4 5431/2/4 5487/2/4
f 5541/15/4 5486/15/4 5539/15/4
f 5539/15/4 5486/15/4 5537/15/4
f 5655/2/4 5536/2/4 5653/2/4
f 5653/2/4 5536/2/4 5648/2/4
f 5654/2/4 5704/2/4 5706/2/4
f 5706/2/4 5704/2/4 5703/2/4
f 5707/2/4 5766/2/4 5774/2/4
f 5774/2/4 5766/2/4 5765/2/4
f 6118/15/4 6179/15/4 6115/15/4
f 6115/15/4 6179/15/4 7533/15/4
f 7280/15/4 7283/15/4 7281/15/4
f 7281/15/4 7283/15/4 7282/15/4
f 6161/15/4 7290/15/4 7543/15/4
f 7543/15/4 7290/15/4 7289/15/4
f 7542/15/4 7298/15/4 6170/15/4
f 6170/15/4 7298/15/4 7297/15/4
f 7545/15/4 7326/15/4 7549/15/4
f 7549/15/4 7326/15/4 7325/15/4
f 7330/8/4 7679/8/4 7331/8/4
f 7331/8/4 7679/8/4 6207/8/4
f 4274/1/4 2080/1/4 4275/1/4
f 4275/1/4 2080/1/4 2160/1/4
f 7548/15/4 7397/15/4 6300/15/4
f 6300/15/4 7397/15/4 7396/15/4
f 7553/15/4 7435/15/4 7439/15/4
f 7439/15/4 7435/15/4 7678/15/4
f 6397/15/4 7488/15/4 7557/15/4
f 7557/15/4 7488/15/4 7487/15/4
f 7556/15/4 7526/15/4 7524/15/4
f 7524/15/4 7526/15/4 7525/15/4
f 7244/15/4 6117/15/4 6154/15/4
f 6154/15/4 6117/15/4 6116/15/4
f 6138/15/4 7268/15/4 6135/15/4
f 6135/15/4 7268/15/4 7267/15/4
f 6154/2/4 6116/2/4 6151/2/4
f 6151/2/4 6116/2/4 7279/2/4
f 7680/8/4 6252/8/4 7681/8/4
f 7681/8/4 6252/8/4 6251/8/4
f 6479/2/4 7523/2/4 6477/2/4
f 6477/2/4 7523/2/4 7522/2/4
f 7682/2/4 5494/2/4 7683/2/4
f 7683/2/4 5494/2/4 5540/2/4
f 7684/2/4 5539/2/4 7685/2/4
f 7685/2/4 5539/2/4 5654/2/4
f 7265/15/4 6137/15/4 7266/15/4
f 7266/15/4 6137/15/4 6136/15/4
f 6245/16/4 7348/16/4 7570/16/4
f 7570/16/4 7348/16/4 7347/16/4
f 6256/16/4 7680/16/4 6254/16/4
f 6254/16/4 7680/16/4 7681/16/4
f 6431/15/4 7471/15/4 6428/15/4
f 6428/15/4 7471/15/4 7555/15/4
f 6122/15/4 7243/15/4 6119/15/4
f 6119/15/4 7243/15/4 7242/15/4
f 6126/15/4 7250/15/4 6123/15/4
f 6123/15/4 7250/15/4 7249/15/4
f 6134/15/4 7254/15/4 6131/15/4
f 6131/15/4 7254/15/4 7253/15/4
f 6142/15/4 7264/15/4 6139/15/4
f 6139/15/4 7264/15/4 7263/15/4
f 6146/15/4 7272/15/4 6143/15/4
f 6143/15/4 7272/15/4 7271/15/4
f 6150/15/4 7276/15/4 6147/15/4
f 6147/15/4 7276/15/4 7275/15/4
f 6157/15/4 6153/15/4 6155/15/4
f 6155/15/4 6153/15/4 6152/15/4
f 6165/15/4 7286/15/4 6162/15/4
f 6162/15/4 7286/15/4 7541/15/4
f 6177/15/4 7294/15/4 7686/15/4
f 7686/15/4 7294/15/4 7293/15/4
f 7686/15/4 6166/15/4 6174/15/4
f 6174/15/4 6166/15/4 7301/15/4
f 6206/15/4 7544/15/4 6203/15/4
f 6203/15/4 7544/15/4 7546/15/4
f 6260/13/4 6226/13/4 6257/13/4
f 6257/13/4 6226/13/4 6255/13/4
f 7380/10/4 6244/10/4 7381/10/4
f 7381/10/4 6244/10/4 6280/10/4
f 6307/15/4 7547/15/4 6304/15/4
f 6304/15/4 7547/15/4 7400/15/4
f 6366/15/4 7552/15/4 6363/15/4
f 6363/15/4 7552/15/4 7554/15/4
f 6401/15/4 7472/15/4 6398/15/4
f 6398/15/4 7472/15/4 7471/15/4
f 6486/15/4 7530/15/4 6483/15/4
f 6483/15/4 7530/15/4 7529/15/4
f 5598/15/4 7684/15/4 5595/15/4
f 5595/15/4 7684/15/4 7687/15/4
f 5595/2/4 7687/2/4 7688/2/4
f 7688/2/4 7687/2/4 7685/2/4
f 7689/2/4 5708/2/4 7690/2/4
f 7690/2/4 5708/2/4 5707/2/4
f 6210/13/4 7329/13/4 5174/13/4
f 5174/13/4 7329/13/4 4274/13/4
f 7367/7/4 6259/7/4 7368/7/4
f 7368/7/4 6259/7/4 6258/7/4
f 6836/2/4 5597/2/4 6837/2/4
f 6837/2/4 5597/2/4 5596/2/4
f 7691/15/4 7689/15/4 7692/15/4
f 7692/15/4 7689/15/4 7690/15/4
f 7333/8/4 6209/8/4 7334/8/4
f 7334/8/4 6209/8/4 6208/8/4
f 6264/13/4 7366/13/4 6261/13/4
f 6261/13/4 7366/13/4 7365/13/4
f 6288/10/4 6283/10/4 6285/10/4
f 6285/10/4 6283/10/4 6282/10/4
f 7385/11/4 6287/11/4 7386/11/4
f 7386/11/4 6287/11/4 6286/11/4
f 5548/15/4 7682/15/4 5545/15/4
f 5545/15/4 7682/15/4 7683/15/4
f 7693/2/4 6835/2/4 7694/2/4
f 7694/2/4 6835/2/4 6834/2/4
f 7694/15/4 5595/15/4 7695/15/4
f 7695/15/4 5595/15/4 7688/15/4
f 7314/7/4 6178/7/4 7315/7/4
f 7315/7/4 6178/7/4 7679/7/4
f 4219/13/4 7332/13/4 4220/13/4
f 4220/13/4 7332/13/4 5175/13/4
f 7369/7/4 6263/7/4 7370/7/4
f 7370/7/4 6263/7/4 6262/7/4
f 6793/2/4 5547/2/4 6794/2/4
f 6794/2/4 5547/2/4 5546/2/4
f 4160/7/4 7313/7/4 4161/7/4
f 4161/7/4 7313/7/4 4219/7/4
f 5602/15/4 7693/15/4 5599/15/4
f 5599/15/4 7693/15/4 7694/15/4
f 7696/2/4 7691/2/4 7697/2/4
f 7697/2/4 7691/2/4 7692/2/4
f 7308/5/4 7319/5/4 7309/5/4
f 7309/5/4 7319/5/4 7317/5/4
f 7306/8/4 6188/8/4 7316/8/4
f 7316/8/4 6188/8/4 6187/8/4
f 7698/15/4 6792/15/4 6840/15/4
f 6840/15/4 6792/15/4 6791/15/4
f 6840/2/4 5601/2/4 6841/2/4
f 6841/2/4 5601/2/4 5600/2/4
f 7699/15/4 7696/15/4 7700/15/4
f 7700/15/4 7696/15/4 7697/15/4
f 7305/5/4 7307/5/4 6198/5/4
f 6198/5/4 7307/5/4 7306/5/4
f 5552/2/4 7698/2/4 5549/2/4
f 5549/2/4 7698/2/4 6840/2/4
f 6927/2/4 7699/2/4 6928/2/4
f 6928/2/4 7699/2/4 7700/2/4
f 4126/5/4 7304/5/4 4127/5/4
f 4127/5/4 7304/5/4 5177/5/4
f 6327/5/4 6314/5/4 6324/5/4
f 6324/5/4 6314/5/4 6313/5/4
f 6797/2/4 5551/2/4 6798/2/4
f 6798/2/4 5551/2/4 5550/2/4
f 7701/2/4 7694/2/4 6922/2/4
f 6922/2/4 7694/2/4 7695/2/4
f 6922/2/4 6926/2/4 6923/2/4
f 6923/2/4 6926/2/4 6925/2/4
f 6340/5/4 6332/5/4 6337/5/4
f 6337/5/4 6332/5/4 6331/5/4
f 7007/2/4 6923/2/4 7602/2/4
f 7602/2/4 6923/2/4 6964/2/4
f 6358/5/4 6345/5/4 6355/5/4
f 6355/5/4 6345/5/4 6344/5/4
f 6789/2/4 6796/2/4 6790/2/4
f 6790/2/4 6796/2/4 6795/2/4
f 6787/2/4 6839/2/4 6833/2/4
f 6833/2/4 6839/2/4 6838/2/4
f 5814/2/4 6921/2/4 5758/2/4
f 5758/2/4 6921/2/4 6920/2/4
f 5759/2/4 7006/2/4 7091/2/4
f 7091/2/4 7006/2/4 7005/2/4
f 6387/5/4 6371/5/4 6384/5/4
f 6384/5/4 6371/5/4 6370/5/4
f 6707/7/4 6753/7/4 6751/7/4
f 6751/7/4 6753/7/4 6752/7/4
f 6746/17/4 6788/17/4 6786/17/4
f 6786/17/4 6788/17/4 6787/17/4
f 6885/15/4 7701/15/4 6886/15/4
f 6886/15/4 7701/15/4 6922/15/4
f 6930/2/4 5769/2/4 6931/2/4
f 6931/2/4 5769/2/4 7601/2/4
f 6956/2/4 7089/2/4 7087/2/4
f 7087/2/4 7089/2/4 7088/2/4
f 6662/17/4 6708/17/4 6706/17/4
f 6706/17/4 6708/17/4 6707/17/4
f 7608/17/4 6715/17/4 6713/17/4
f 6713/17/4 6715/17/4 6714/17/4
f 6695/17/4 6739/17/4 6881/17/4
f 6881/17/4 6739/17/4 6738/17/4
f 6657/17/4 6747/17/4 6743/17/4
f 6743/17/4 6747/17/4 6746/17/4
f 6711/17/4 6761/17/4 6759/17/4
f 6759/17/4 6761/17/4 6760/17/4
f 6742/17/4 6741/17/4 7702/17/4
f 7702/17/4 6741/17/4 6785/17/4
f 7702/17/4 6832/17/4 7703/17/4
f 7703/17/4 6832/17/4 6831/17/4
f 6806/17/4 6846/17/4 6844/17/4
f 6844/17/4 6846/17/4 6845/17/4
f 7703/17/4 6884/17/4 6882/17/4
f 6882/17/4 6884/17/4 6883/17/4
f 6913/17/4 6957/17/4 6914/17/4
f 6914/17/4 6957/17/4 7086/17/4
f 6960/17/4 6886/17/4 6967/17/4
f 6967/17/4 6886/17/4 6929/17/4
f 6968/17/4 6975/17/4 6969/17/4
f 6969/17/4 6975/17/4 6974/17/4
f 6980/17/4 6977/17/4 7015/17/4
f 7015/17/4 6977/17/4 7016/17/4
f 6911/17/4 7085/17/4 7080/17/4
f 7080/17/4 7085/17/4 7084/17/4
f 7124/17/4 7087/17/4 7125/17/4
f 7125/17/4 7087/17/4 7132/17/4
f 6411/5/4 6406/5/4 6408/5/4
f 6408/5/4 6406/5/4 6405/5/4
f 6427/5/4 6414/5/4 6424/5/4
f 6424/5/4 6414/5/4 6413/5/4
f 7610/17/4 6658/17/4 6617/17/4
f 6617/17/4 6658/17/4 6656/17/4
f 6577/7/4 6622/7/4 6620/7/4
f 6620/7/4 6622/7/4 6621/7/4
f 7612/17/4 6630/17/4 6628/17/4
f 6628/17/4 6630/17/4 6629/17/4
f 6614/7/4 6655/7/4 6653/7/4
f 6653/7/4 6655/7/4 6654/7/4
f 6625/17/4 6712/17/4 6667/17/4
f 6667/17/4 6712/17/4 6758/17/4
f 6693/7/4 6696/7/4 6694/7/4
f 6694/7/4 6696/7/4 6695/7/4
f 6669/7/4 6722/7/4 6720/7/4
f 6720/7/4 6722/7/4 6721/7/4
f 6691/17/4 6690/17/4 6782/17/4
f 6782/17/4 6690/17/4 6783/17/4
f 6875/17/4 6784/17/4 6876/17/4
f 6876/17/4 6784/17/4 6880/17/4
f 6871/17/4 6912/17/4 6910/17/4
f 6910/17/4 6912/17/4 6911/17/4
f 6897/17/4 6896/17/4 7029/17/4
f 7029/17/4 6896/17/4 6940/17/4
f 6908/17/4 7003/17/4 7704/17/4
f 7704/17/4 7003/17/4 7002/17/4
f 7704/7/4 7002/7/4 7705/7/4
f 7705/7/4 7002/7/4 7045/7/4
f 7143/17/4 7055/17/4 7098/17/4
f 7098/17/4 7055/17/4 7054/17/4
f 7028/17/4 7027/17/4 7059/17/4
f 7059/17/4 7027/17/4 7060/17/4
f 7705/17/4 7045/17/4 7078/17/4
f 7078/17/4 7045/17/4 7079/17/4
f 7099/17/4 7102/17/4 7100/17/4
f 7100/17/4 7102/17/4 7101/17/4
f 7159/17/4 7080/17/4 7164/17/4
f 7164/17/4 7080/17/4 7123/17/4
f 7165/17/4 7125/17/4 7166/17/4
f 7166/17/4 7125/17/4 7173/17/4
f 6443/5/4 6408/5/4 6439/5/4
f 6439/5/4 6408/5/4 6433/5/4
f 6470/5/4 6424/5/4 6445/5/4
f 6445/5/4 6424/5/4 6435/5/4
f 7616/17/4 6615/17/4 6569/17/4
f 6569/17/4 6615/17/4 6652/17/4
f 7617/17/4 6578/17/4 6576/17/4
f 6576/17/4 6578/17/4 6577/17/4
f 6583/17/4 6626/17/4 6584/17/4
f 6584/17/4 6626/17/4 6666/17/4
f 7620/17/4 6590/17/4 6588/17/4
f 6588/17/4 6590/17/4 6589/17/4
f 6608/17/4 6651/17/4 6609/17/4
f 6609/17/4 6651/17/4 6649/17/4
f 6685/17/4 6688/17/4 6686/17/4
f 6686/17/4 6688/17/4 6687/17/4
f 7706/7/4 6735/7/4 7707/7/4
f 7707/7/4 6735/7/4 6779/7/4
f 6822/17/4 6825/17/4 6823/17/4
f 6823/17/4 6825/17/4 6824/17/4
f 6823/17/4 6872/17/4 6870/17/4
f 6870/17/4 6872/17/4 6871/17/4
f 6868/7/4 6909/7/4 6907/7/4
f 6907/7/4 6909/7/4 6908/7/4
f 3654/17/4 7077/17/4 7121/17/4
f 7121/17/4 7077/17/4 7076/17/4
f 7184/17/4 7100/17/4 7625/17/4
f 7625/17/4 7100/17/4 7145/17/4
f 7149/17/4 7152/17/4 7150/17/4
f 7150/17/4 7152/17/4 7151/17/4
f 7122/17/4 7078/17/4 6004/17/4
f 6004/17/4 7078/17/4 7158/17/4
f 7708/17/4 7166/17/4 7709/17/4
f 7709/17/4 7166/17/4 7203/17/4
f 6498/17/4 6567/17/4 6530/17/4
f 6530/17/4 6567/17/4 6565/17/4
f 6543/17/4 6574/17/4 6544/17/4
f 6544/17/4 6574/17/4 6572/17/4
f 7626/17/4 6586/17/4 6551/17/4
f 6551/17/4 6586/17/4 7611/17/4
f 7710/7/4 6607/7/4 6642/7/4
f 6642/7/4 6607/7/4 6606/7/4
f 6642/17/4 6648/17/4 6643/17/4
f 6643/17/4 6648/17/4 6647/17/4
f 6777/17/4 6736/17/4 7711/17/4
f 7711/17/4 6736/17/4 6735/17/4
f 7711/17/4 7706/17/4 6778/17/4
f 6778/17/4 7706/17/4 7707/17/4
f 6866/17/4 6869/17/4 6867/17/4
f 6867/17/4 6869/17/4 6868/17/4
f 5957/17/4 7121/17/4 5954/17/4
f 5954/17/4 7121/17/4 7120/17/4
f 7162/17/4 6006/17/4 7163/17/4
f 7163/17/4 6006/17/4 6005/17/4
f 7180/17/4 7614/17/4 7181/17/4
f 7181/17/4 7614/17/4 7182/17/4
f 7188/17/4 7615/17/4 7189/17/4
f 7189/17/4 7615/17/4 7190/17/4
f 7712/7/4 7708/7/4 7713/7/4
f 7713/7/4 7708/7/4 7709/7/4
f 5193/7/4 6499/7/4 5190/7/4
f 5190/7/4 6499/7/4 6498/7/4
f 5219/17/4 6549/17/4 5216/17/4
f 5216/17/4 6549/17/4 6547/17/4
f 6558/17/4 6564/17/4 6559/17/4
f 6559/17/4 6564/17/4 6563/17/4
f 5324/17/4 7710/17/4 5321/17/4
f 5321/17/4 7710/17/4 6642/17/4
f 7714/17/4 6684/17/4 7715/17/4
f 7715/17/4 6684/17/4 6683/17/4
f 7716/17/4 6821/17/4 7717/17/4
f 7717/17/4 6821/17/4 6820/17/4
f 3589/17/4 6906/17/4 3590/17/4
f 3590/17/4 6906/17/4 3654/17/4
f 6011/17/4 5955/17/4 6008/17/4
f 6008/17/4 5955/17/4 7161/17/4
f 7201/17/4 7712/17/4 7202/17/4
f 7202/17/4 7712/17/4 7713/17/4
f 6079/7/4 7178/7/4 6076/7/4
f 6076/7/4 7178/7/4 7215/7/4
f 6492/17/4 6516/17/4 6514/17/4
f 6514/17/4 6516/17/4 6515/17/4
f 5243/17/4 6529/17/4 5240/17/4
f 5240/17/4 6529/17/4 6528/17/4
f 7718/17/4 6557/17/4 7719/17/4
f 7719/17/4 6557/17/4 5322/17/4
f 5372/17/4 6641/17/4 3456/17/4
f 3456/17/4 6641/17/4 6640/17/4
f 3456/7/4 7714/7/4 1135/7/4
f 1135/7/4 7714/7/4 7715/7/4
f 1134/17/4 3468/17/4 3488/17/4
f 3488/17/4 3468/17/4 6776/17/4
f 3488/7/4 7716/7/4 3524/7/4
f 3524/7/4 7716/7/4 7717/7/4
f 1426/17/4 3655/17/4 5904/17/4
f 5904/17/4 3655/17/4 7121/17/4
f 5905/17/4 5956/17/4 5958/17/4
f 5958/17/4 5956/17/4 5955/17/4
f 5959/17/4 6010/17/4 6012/17/4
f 6012/17/4 6010/17/4 6009/17/4
f 6012/7/4 6009/7/4 6051/7/4
f 6051/7/4 6009/7/4 7200/7/4
f 7217/17/4 6078/17/4 7218/17/4
f 7218/17/4 6078/17/4 6077/17/4
f 7223/17/4 7226/17/4 7224/17/4
f 7224/17/4 7226/17/4 7225/17/4
f 6102/17/4 7234/17/4 6100/17/4
f 6100/17/4 7234/17/4 7233/17/4
f 5185/7/4 6490/7/4 5182/7/4
f 5182/7/4 6490/7/4 6489/7/4
f 6487/17/4 6510/17/4 6508/17/4
f 6508/17/4 6510/17/4 6509/17/4
f 6506/17/4 5242/17/4 6541/17/4
f 6541/17/4 5242/17/4 5241/17/4
f 5278/7/4 7718/7/4 5275/7/4
f 5275/7/4 7718/7/4 7720/7/4
f 1114/17/4 1135/17/4 3470/17/4
f 3470/17/4 1135/17/4 1134/17/4
f 5849/17/4 7721/17/4 5846/17/4
f 5846/17/4 7721/17/4 1426/17/4
f 7722/17/4 5960/17/4 7723/17/4
f 7723/17/4 5960/17/4 5959/17/4
f 6056/17/4 6014/17/4 6053/17/4
f 6053/17/4 6014/17/4 6052/17/4
f 6053/7/4 6052/7/4 6098/7/4
f 6098/7/4 6052/7/4 7232/7/4
f 6110/17/4 7218/17/4 6107/17/4
f 6107/17/4 7218/17/4 7238/17/4
f 7724/17/4 6488/17/4 7725/17/4
f 7725/17/4 6488/17/4 6487/17/4
f 5197/17/4 6507/17/4 5194/17/4
f 5194/17/4 6507/17/4 6506/17/4
f 6533/17/4 6540/17/4 6534/17/4
f 6534/17/4 6540/17/4 6539/17/4
f 6531/17/4 5277/17/4 6562/17/4
f 6562/17/4 5277/17/4 5276/17/4
f 3458/17/4 1115/17/4 1139/17/4
f 1139/17/4 1115/17/4 1114/17/4
f 3627/17/4 1384/17/4 3628/17/4
f 3628/17/4 1384/17/4 1383/17/4
f 7043/17/4 5848/17/4 7044/17/4
f 7044/17/4 5848/17/4 5847/17/4
f 7044/17/4 5906/17/4 7726/17/4
f 7726/17/4 5906/17/4 5905/17/4
f 5964/7/4 7722/7/4 5961/7/4
f 5961/7/4 7722/7/4 7723/7/4
f 7168/17/4 6055/17/4 6057/17/4
f 6057/17/4 6055/17/4 6054/17/4
f 7211/17/4 6063/17/4 7212/17/4
f 7212/17/4 6063/17/4 6062/17/4
f 6106/17/4 7237/17/4 6103/17/4
f 6103/17/4 7237/17/4 7236/17/4
f 5181/7/4 7724/7/4 5178/7/4
f 5178/7/4 7724/7/4 7725/7/4
f 7727/17/4 6496/17/4 7728/17/4
f 7728/17/4 6496/17/4 6495/17/4
f 5235/7/4 6532/7/4 5232/7/4
f 5232/7/4 6532/7/4 6531/7/4
f 6645/17/4 5371/17/4 6646/17/4
f 6646/17/4 5371/17/4 5370/17/4
f 1118/17/4 1139/17/4 3471/17/4
f 3471/17/4 1139/17/4 1138/17/4
f 1387/17/4 1427/17/4 3647/17/4
f 3647/17/4 1427/17/4 7721/17/4
f 7729/7/4 7044/7/4 7730/7/4
f 7730/7/4 7044/7/4 7726/7/4
f 7731/7/4 6105/7/4 7732/7/4
f 7732/7/4 6105/7/4 6104/7/4
f 5189/7/4 7727/7/4 5186/7/4
f 5186/7/4 7727/7/4 7728/7/4
f 6504/17/4 5196/17/4 6505/17/4
f 6505/17/4 5196/17/4 5195/17/4
f 5227/17/4 5222/17/4 5224/17/4
f 5224/17/4 5222/17/4 5221/17/4
f 5282/17/4 6561/17/4 5279/17/4
f 5279/17/4 6561/17/4 6560/17/4
f 5279/17/4 7720/17/4 6612/17/4
f 6612/17/4 7720/17/4 7719/17/4
f 7733/17/4 1119/17/4 7734/17/4
f 7734/17/4 1119/17/4 1118/17/4
f 3630/7/4 1388/7/4 1416/7/4
f 1416/7/4 1388/7/4 1387/7/4
f 5910/17/4 7729/17/4 5907/17/4
f 5907/17/4 7729/17/4 7730/17/4
f 7127/17/4 5963/17/4 6015/17/4
f 6015/17/4 5963/17/4 7167/17/4
f 6068/17/4 6059/17/4 6065/17/4
f 6065/17/4 6059/17/4 6058/17/4
f 6097/17/4 6090/17/4 6095/17/4
f 6095/17/4 6090/17/4 6089/17/4
f 6114/17/4 7731/17/4 6111/17/4
f 6111/17/4 7731/17/4 7732/17/4
f 5212/17/4 6494/17/4 5208/17/4
f 5208/17/4 6494/17/4 6493/17/4
f 5201/17/4 6503/17/4 5198/17/4
f 5198/17/4 6503/17/4 6502/17/4
f 6537/17/4 5234/17/4 6538/17/4
f 6538/17/4 5234/17/4 5233/17/4
f 7735/7/4 6611/7/4 5375/7/4
f 5375/7/4 6611/7/4 6610/7/4
f 5376/17/4 6644/17/4 5373/17/4
f 5373/17/4 6644/17/4 1119/17/4
f 5373/7/4 7733/7/4 1143/7/4
f 1143/7/4 7733/7/4 7734/7/4
f 5853/17/4 7042/17/4 5850/17/4
f 5850/17/4 7042/17/4 7041/17/4
f 7736/7/4 5909/7/4 7737/7/4
f 7737/7/4 5909/7/4 5908/7/4
f 7171/7/4 6017/7/4 7172/7/4
f 7172/7/4 6017/7/4 6016/7/4
f 5205/17/4 5200/17/4 5202/17/4
f 5202/17/4 5200/17/4 5199/17/4
f 5231/7/4 6526/7/4 5228/7/4
f 5228/7/4 6526/7/4 6525/7/4
f 7738/17/4 7735/17/4 7739/17/4
f 7739/17/4 7735/17/4 5374/17/4
f 3473/17/4 1143/17/4 1178/17/4
f 1178/17/4 1143/17/4 1142/17/4
f 3563/17/4 7740/17/4 1324/17/4
f 1324/17/4 7740/17/4 1279/17/4
f 1323/7/4 1392/7/4 7741/7/4
f 7741/7/4 1392/7/4 1391/7/4
f 7083/17/4 7736/17/4 5968/17/4
f 5968/17/4 7736/17/4 7737/17/4
f 5968/17/4 5908/17/4 5965/17/4
f 5965/17/4 5908/17/4 7126/17/4
f 5966/17/4 7170/17/4 6019/17/4
f 6019/17/4 7170/17/4 7169/17/4
f 6075/17/4 6067/17/4 6072/17/4
f 6072/17/4 6067/17/4 6066/17/4
f 6087/17/4 6082/17/4 6084/17/4
f 6084/17/4 6082/17/4 6081/17/4
f 5263/17/4 6522/17/4 7661/17/4
f 7661/17/4 6522/17/4 6521/17/4
f 5239/17/4 6536/17/4 5236/17/4
f 5236/17/4 6536/17/4 6535/17/4
f 5251/17/4 5246/17/4 5248/17/4
f 5248/17/4 5246/17/4 5245/17/4
f 7742/17/4 7743/17/4 7744/17/4
f 7744/17/4 7743/17/4 5292/17/4
f 5328/7/4 7738/7/4 5325/7/4
f 5325/7/4 7738/7/4 7745/7/4
f 5471/17/4 5373/17/4 1147/17/4
f 1147/17/4 5373/17/4 1143/17/4
f 5639/17/4 1280/17/4 1284/17/4
f 1284/17/4 1280/17/4 7740/17/4
f 5805/17/4 1323/17/4 7746/17/4
f 7746/17/4 1323/17/4 7741/17/4
f 7746/17/4 1416/17/4 5802/17/4
f 5802/17/4 1416/17/4 1415/17/4
f 7747/17/4 7082/17/4 7748/17/4
f 7748/17/4 7082/17/4 7081/17/4
f 7130/7/4 5967/7/4 7131/7/4
f 7131/7/4 5967/7/4 5966/7/4
f 6025/17/4 6021/17/4 6022/17/4
f 6022/17/4 6021/17/4 6020/17/4
f 6071/17/4 7214/17/4 6069/17/4
f 6069/17/4 7214/17/4 7213/17/4
f 6094/17/4 6086/17/4 6092/17/4
f 6092/17/4 6086/17/4 6085/17/4
f 5342/17/4 5238/17/4 5338/17/4
f 5338/17/4 5238/17/4 5237/17/4
f 5348/17/4 5250/17/4 7665/17/4
f 7665/17/4 5250/17/4 5249/17/4
f 5259/17/4 5293/17/4 5256/17/4
f 5256/17/4 5293/17/4 7743/17/4
f 5339/17/4 5281/17/4 5335/17/4
f 5335/17/4 5281/17/4 5280/17/4
f 5256/7/4 7742/7/4 5295/7/4
f 5295/7/4 7742/7/4 7744/7/4
f 5336/17/4 5327/17/4 5333/17/4
f 5333/17/4 5327/17/4 5326/17/4
f 5379/17/4 7745/17/4 5377/17/4
f 5377/17/4 7745/17/4 7739/17/4
f 5377/7/4 5470/7/4 5423/7/4
f 5423/7/4 5470/7/4 7749/7/4
f 5529/17/4 1178/17/4 5526/17/4
f 5526/17/4 1178/17/4 1177/17/4
f 5588/17/4 5638/17/4 7750/17/4
f 7750/17/4 5638/17/4 5637/17/4
f 5695/17/4 1324/17/4 5692/17/4
f 5692/17/4 1324/17/4 1323/17/4
f 5745/7/4 5804/7/4 5743/7/4
f 5743/7/4 5804/7/4 7751/7/4
f 5743/17/4 7751/17/4 5806/17/4
f 5806/17/4 7751/17/4 5803/17/4
f 5914/7/4 7747/7/4 5911/7/4
f 5911/7/4 7747/7/4 7748/7/4
f 5912/17/4 7129/17/4 5969/17/4
f 5969/17/4 7129/17/4 7128/17/4
f 7668/17/4 6024/17/4 6026/17/4
f 6026/17/4 6024/17/4 6023/17/4
f 7669/17/4 6031/17/4 6033/17/4
f 6033/17/4 6031/17/4 6030/17/4
f 5989/17/4 6038/17/4 6048/17/4
f 6048/17/4 6038/17/4 6037/17/4
f 5286/7/4 7660/7/4 5283/7/4
f 5283/7/4 7660/7/4 7752/7/4
f 5356/17/4 5257/17/4 7671/17/4
f 7671/17/4 5257/17/4 5296/17/4
f 5304/17/4 5299/17/4 5301/17/4
f 5301/17/4 5299/17/4 5298/17/4
f 5332/17/4 6613/17/4 5329/17/4
f 5329/17/4 6613/17/4 5379/17/4
f 5283/17/4 7752/17/4 5343/17/4
f 5343/17/4 7752/17/4 5340/17/4
f 5352/17/4 5287/17/4 5349/17/4
f 5349/17/4 5287/17/4 5346/17/4
f 5478/17/4 5378/17/4 5474/17/4
f 5474/17/4 5378/17/4 5424/17/4
f 5475/17/4 7749/17/4 5472/17/4
f 5472/17/4 7749/17/4 5469/17/4
f 5646/17/4 5527/17/4 5642/17/4
f 5642/17/4 5527/17/4 5587/17/4
f 5643/7/4 5586/7/4 5640/7/4
f 5640/7/4 5586/7/4 7750/7/4
f 5749/17/4 5693/17/4 7753/17/4
f 7753/17/4 5693/17/4 5807/17/4
f 5857/17/4 5852/17/4 5854/17/4
f 5854/17/4 5852/17/4 5851/17/4
f 5917/17/4 5913/17/4 5915/17/4
f 5915/17/4 5913/17/4 5912/17/4
f 5916/17/4 5971/17/4 5972/17/4
f 5972/17/4 5971/17/4 5970/17/4
f 5980/17/4 5976/17/4 5978/17/4
f 5978/17/4 5976/17/4 5975/17/4
f 5987/17/4 5983/17/4 5985/17/4
f 5985/17/4 5983/17/4 5982/17/4
f 7673/17/4 5990/17/4 5992/17/4
f 5992/17/4 5990/17/4 5989/17/4
f 5389/17/4 5284/17/4 5429/17/4
f 5429/17/4 5284/17/4 5344/17/4
f 5397/17/4 5351/17/4 5447/17/4
f 5447/17/4 5351/17/4 5350/17/4
f 5408/17/4 5301/17/4 7674/17/4
f 7674/17/4 5301/17/4 5357/17/4
f 5383/17/4 5333/17/4 5380/17/4
f 5380/17/4 5333/17/4 5378/17/4
f 5427/17/4 5477/17/4 7754/17/4
f 7754/17/4 5477/17/4 5476/17/4
f 5532/17/4 5528/17/4 5530/17/4
f 5530/17/4 5528/17/4 5527/17/4
f 5701/17/4 5645/17/4 5698/17/4
f 5698/17/4 5645/17/4 5644/17/4
f 5699/17/4 5694/17/4 5696/17/4
f 5696/17/4 5694/17/4 5693/17/4
f 5811/7/4 5746/7/4 5808/7/4
f 5808/7/4 5746/7/4 7753/7/4
f 5809/17/4 5856/17/4 5858/17/4
f 5858/17/4 5856/17/4 5855/17/4
f 5869/7/4 5921/7/4 5922/7/4
f 5922/7/4 5921/7/4 5920/7/4
f 5879/7/4 5929/7/4 5931/7/4
f 5931/7/4 5929/7/4 5928/7/4
f 5883/17/4 5935/17/4 5937/17/4
f 5937/17/4 5935/17/4 5934/17/4
f 5393/17/4 7670/17/4 5390/17/4
f 5390/17/4 7670/17/4 5387/17/4
f 5404/17/4 5399/17/4 5401/17/4
f 5401/17/4 5399/17/4 5398/17/4
f 5436/7/4 5386/7/4 5434/7/4
f 5434/7/4 5386/7/4 5428/7/4
f 5564/17/4 5394/17/4 5500/17/4
f 5500/17/4 5394/17/4 5446/17/4
f 5482/17/4 5425/17/4 5479/17/4
f 5479/17/4 5425/17/4 7754/17/4
f 5594/17/4 5426/17/4 5535/17/4
f 5535/17/4 5426/17/4 5484/17/4
f 5480/17/4 5483/17/4 5533/17/4
f 5533/17/4 5483/17/4 5531/17/4
f 5569/17/4 5573/17/4 5610/17/4
f 5610/17/4 5573/17/4 5675/17/4
f 5534/17/4 5652/17/4 7755/17/4
f 7755/17/4 5652/17/4 5651/17/4
f 5712/17/4 5650/17/4 5709/17/4
f 5709/17/4 5650/17/4 5700/17/4
f 5755/17/4 5748/17/4 5753/17/4
f 5753/17/4 5748/17/4 5747/17/4
f 5763/7/4 5862/7/4 5760/7/4
f 5760/7/4 5862/7/4 5818/7/4
f 5761/17/4 5817/17/4 5819/17/4
f 5819/17/4 5817/17/4 5816/17/4
f 5868/17/4 5815/17/4 5866/17/4
f 5866/17/4 5815/17/4 5861/17/4
f 5822/17/4 5871/17/4 5875/17/4
f 5875/17/4 5871/17/4 5870/17/4
f 5783/17/4 5784/17/4 5885/17/4
f 5885/17/4 5784/17/4 5883/17/4
f 5493/17/4 5435/17/4 5490/17/4
f 5490/17/4 5435/17/4 5489/17/4
f 5544/17/4 5488/17/4 5542/17/4
f 5542/17/4 5488/17/4 5604/17/4
f 5543/17/4 5553/17/4 5605/17/4
f 5605/17/4 5553/17/4 5603/17/4
f 5659/7/4 5592/7/4 5656/7/4
f 5656/7/4 5592/7/4 7755/7/4
f 5660/17/4 5711/17/4 5713/17/4
f 5713/17/4 5711/17/4 5710/17/4
f 5773/17/4 5762/17/4 5771/17/4
f 5771/17/4 5762/17/4 5761/17/4
f 5714/17/4 5823/17/4 5776/17/4
f 5776/17/4 5823/17/4 5878/17/4
f 6212/5/5 6189/5/5 4723/5/5
f 4723/5/5 6189/5/5 4721/5/5
f 7078/17/5 7122/17/5 7076/17/5
f 7076/17/5 7122/17/5 7121/17/5
f 7756/17/5 6777/17/5 6683/17/5
f 6683/17/5 6777/17/5 3467/17/5
f 6869/17/5 6866/17/5 6820/17/5
f 6820/17/5 6866/17/5 3560/17/5
f 6007/17/5 5955/17/5 7120/17/5
f 7120/17/5 5955/17/5 5954/17/5
f 5956/17/5 5905/17/5 5957/17/5
f 5957/17/5 5905/17/5 5904/17/5
f 5906/17/5 5847/17/5 1426/17/5
f 1426/17/5 5847/17/5 5846/17/5
f 5848/17/5 7043/17/5 5849/17/5
f 5849/17/5 7043/17/5 7042/17/5
f 7044/17/5 5851/17/5 7041/17/5
f 7041/17/5 5851/17/5 5850/17/5
f 5852/17/5 5803/17/5 5853/17/5
f 5853/17/5 5803/17/5 5802/17/5
f 5638/17/5 5588/17/5 5639/17/5
f 5639/17/5 5588/17/5 5526/17/5
f 5804/17/5 5745/17/5 5805/17/5
f 5805/17/5 5745/17/5 5692/17/5
f 6197/5/5 6181/5/5 6198/5/5
f 6198/5/5 6181/5/5 6180/5/5
f 6274/5/5 6237/5/5 6275/5/5
f 6275/5/5 6237/5/5 6236/5/5
f 7080/17/5 7159/17/5 7079/17/5
f 7079/17/5 7159/17/5 7078/17/5
f 6650/17/5 6685/17/5 6647/17/5
f 6647/17/5 6685/17/5 7757/17/5
f 6781/7/5 6822/7/5 6779/7/5
f 6779/7/5 6822/7/5 7707/7/5
f 6006/7/5 7162/7/5 6007/7/5
f 6007/7/5 7162/7/5 5955/7/5
f 6010/17/5 5959/17/5 6011/17/5
f 6011/17/5 5959/17/5 5958/17/5
f 5960/17/5 5964/17/5 5905/17/5
f 5905/17/5 5964/17/5 7726/17/5
f 5964/7/5 7758/7/5 7726/7/5
f 7726/7/5 7758/7/5 7730/7/5
f 5909/17/5 7083/17/5 5910/17/5
f 5910/17/5 7083/17/5 7082/17/5
f 7129/7/5 5912/7/5 7748/7/5
f 7748/7/5 5912/7/5 5911/7/5
f 5333/17/5 5330/17/5 5379/17/5
f 5379/17/5 5330/17/5 5329/17/5
f 5528/17/5 5473/17/5 7759/17/5
f 7759/17/5 5473/17/5 5472/17/5
f 5694/7/5 5641/7/5 7750/7/5
f 7750/7/5 5641/7/5 5640/7/5
f 5913/17/5 5917/17/5 5914/17/5
f 5914/17/5 5917/17/5 5854/17/5
f 7248/15/5 7760/15/5 7245/15/5
f 7245/15/5 7760/15/5 6115/15/5
f 7761/15/5 6120/15/5 7242/15/5
f 7242/15/5 6120/15/5 6119/15/5
f 7087/17/5 7124/17/5 7084/17/5
f 7084/17/5 7124/17/5 7080/17/5
f 6690/17/5 6691/17/5 6687/17/5
f 6687/17/5 6691/17/5 7762/17/5
f 6826/17/5 6873/17/5 6824/17/5
f 6824/17/5 6873/17/5 6872/17/5
f 7125/17/5 7165/17/5 7123/17/5
f 7123/17/5 7165/17/5 7164/17/5
f 7166/17/5 7708/17/5 7158/17/5
f 7158/17/5 7708/17/5 6004/17/5
f 7708/17/5 7712/17/5 6005/17/5
f 6005/17/5 7712/17/5 7163/17/5
f 7712/17/5 7201/17/5 7161/17/5
f 7161/17/5 7201/17/5 6008/17/5
f 7202/7/5 6052/7/5 7200/7/5
f 7200/7/5 6052/7/5 6051/7/5
f 6014/17/5 6056/17/5 5959/17/5
f 5959/17/5 6056/17/5 7723/17/5
f 6056/7/5 5962/7/5 7723/7/5
f 7723/7/5 5962/7/5 5961/7/5
f 5963/17/5 7763/17/5 5964/17/5
f 5964/17/5 7763/17/5 7758/17/5
f 7763/17/5 7127/17/5 7730/17/5
f 7730/17/5 7127/17/5 5907/17/5
f 7170/17/5 5966/17/5 7764/17/5
f 7764/17/5 5966/17/5 5965/17/5
f 5967/17/5 7130/17/5 7081/17/5
f 7081/17/5 7130/17/5 7748/17/5
f 5971/17/5 5916/17/5 5912/17/5
f 5912/17/5 5916/17/5 5915/17/5
f 5477/17/5 5427/17/5 5478/17/5
f 5478/17/5 5427/17/5 5380/17/5
f 5645/17/5 5701/17/5 5646/17/5
f 5646/17/5 5701/17/5 5530/17/5
f 5748/17/5 5697/17/5 5749/17/5
f 5749/17/5 5697/17/5 5696/17/5
f 5856/7/5 5809/7/5 7753/7/5
f 7753/7/5 5809/7/5 5808/7/5
f 6916/15/5 5705/15/5 6877/15/5
f 6877/15/5 5705/15/5 5647/15/5
f 6955/2/5 5751/2/5 6953/2/5
f 6953/2/5 5751/2/5 5750/2/5
f 7134/17/5 7765/17/5 7132/17/5
f 7132/17/5 7765/17/5 7125/17/5
f 6784/17/5 6875/17/5 6783/17/5
f 6783/17/5 6875/17/5 6782/17/5
f 7205/17/5 7234/17/5 7203/17/5
f 7203/17/5 7234/17/5 7709/17/5
f 7234/7/5 7766/7/5 7709/7/5
f 7709/7/5 7766/7/5 7713/7/5
f 7766/17/5 6102/17/5 7713/17/5
f 7713/17/5 6102/17/5 6052/17/5
f 6100/7/5 6099/7/5 7232/7/5
f 7232/7/5 6099/7/5 6098/7/5
f 6055/17/5 7168/17/5 6056/17/5
f 6056/17/5 7168/17/5 5962/17/5
f 6017/17/5 7171/17/5 7126/17/5
f 7126/17/5 7171/17/5 7764/17/5
f 6021/7/5 6025/7/5 5966/7/5
f 5966/7/5 6025/7/5 7131/7/5
f 5974/17/5 5973/17/5 5970/17/5
f 5970/17/5 5973/17/5 5972/17/5
f 5483/17/5 5480/17/5 7754/17/5
f 7754/17/5 5480/17/5 5479/17/5
f 5860/17/5 5754/17/5 5810/17/5
f 5810/17/5 5754/17/5 5753/17/5
f 7680/16/5 6256/16/5 7550/16/5
f 7550/16/5 6256/16/5 6225/16/5
f 7092/2/5 7093/2/5 7088/2/5
f 7088/2/5 7093/2/5 7087/2/5
f 6741/17/5 6742/17/5 6738/17/5
f 6738/17/5 6742/17/5 6881/17/5
f 7135/7/5 7136/7/5 7134/7/5
f 7134/7/5 7136/7/5 7765/7/5
f 7767/1/5 7768/1/5 7770/1/5
f 7770/1/5 7768/1/5 7769/1/5
f 7174/17/5 7175/17/5 7173/17/5
f 7173/17/5 7175/17/5 7166/17/5
f 7206/7/5 7207/7/5 7205/7/5
f 7205/7/5 7207/7/5 7234/7/5
f 7235/17/5 6101/17/5 7233/17/5
f 7233/17/5 6101/17/5 6100/17/5
f 6061/17/5 6058/17/5 6102/17/5
f 6102/17/5 6058/17/5 6057/17/5
f 6059/17/5 6068/17/5 7167/17/5
f 7167/17/5 6068/17/5 6015/17/5
f 6068/7/5 7771/7/5 6016/7/5
f 6016/7/5 7771/7/5 7172/7/5
f 7214/17/5 6071/17/5 6020/17/5
f 6020/17/5 6071/17/5 6022/17/5
f 7772/17/5 5975/17/5 7128/17/5
f 7128/17/5 5975/17/5 5969/17/5
f 5976/17/5 5980/17/5 5977/17/5
f 5977/17/5 5980/17/5 5918/17/5
f 5652/17/5 5534/17/5 5531/17/5
f 5531/17/5 5534/17/5 5533/17/5
f 5862/17/5 5763/17/5 5700/17/5
f 5700/17/5 5763/17/5 5709/17/5
f 6919/2/5 5703/2/5 6915/2/5
f 6915/2/5 5703/2/5 5702/2/5
f 7049/15/5 5864/15/5 7047/15/5
f 7047/15/5 5864/15/5 5863/15/5
f 5704/2/5 5654/2/5 5648/2/5
f 5648/2/5 5654/2/5 5653/2/5
f 7252/15/5 7773/15/5 7249/15/5
f 7249/15/5 7773/15/5 7774/15/5
f 7775/15/5 6124/15/5 7776/15/5
f 7776/15/5 6124/15/5 6123/15/5
f 6923/2/5 7007/2/5 6920/2/5
f 6920/2/5 7007/2/5 7777/2/5
f 7008/2/5 5813/2/5 7005/2/5
f 7005/2/5 5813/2/5 7091/2/5
f 6833/17/5 6885/17/5 6831/17/5
f 6831/17/5 6885/17/5 6884/17/5
f 6886/17/5 6960/17/5 6883/17/5
f 6883/17/5 6960/17/5 6882/17/5
f 7094/17/5 7138/17/5 7093/17/5
f 7093/17/5 7138/17/5 7137/17/5
f 7210/17/5 6062/17/5 7207/17/5
f 7207/17/5 6062/17/5 6061/17/5
f 6063/17/5 7211/17/5 6064/17/5
f 6064/17/5 7211/17/5 6059/17/5
f 7778/17/5 6066/17/5 7779/17/5
f 7779/17/5 6066/17/5 6065/17/5
f 6067/17/5 7780/17/5 6068/17/5
f 6068/17/5 7780/17/5 7771/17/5
f 7780/17/5 6075/17/5 7169/17/5
f 7169/17/5 6075/17/5 6019/17/5
f 6072/17/5 6070/17/5 7213/17/5
f 7213/17/5 6070/17/5 6069/17/5
f 6024/7/5 7668/7/5 7772/7/5
f 7772/7/5 7668/7/5 5975/7/5
f 7668/17/5 5979/17/5 5975/17/5
f 5975/17/5 5979/17/5 5978/17/5
f 5921/17/5 5869/17/5 5855/17/5
f 5855/17/5 5869/17/5 5858/17/5
f 5817/7/5 5761/7/5 5818/7/5
f 5818/7/5 5761/7/5 5760/7/5
f 5869/17/5 5867/17/5 5861/17/5
f 5861/17/5 5867/17/5 5866/17/5
f 7781/7/5 5657/7/5 7755/7/5
f 7755/7/5 5657/7/5 5656/7/5
f 6963/15/5 5765/15/5 6962/15/5
f 6962/15/5 5765/15/5 5764/15/5
f 5766/2/5 5707/2/5 5703/2/5
f 5703/2/5 5707/2/5 5706/2/5
f 5708/2/5 7689/2/5 5654/2/5
f 5654/2/5 7689/2/5 7688/2/5
f 6418/10/5 7477/10/5 6419/10/5
f 6419/10/5 7477/10/5 7476/10/5
f 6449/10/5 7494/10/5 6450/10/5
f 6450/10/5 7494/10/5 7493/10/5
f 6351/1/5 7426/1/5 6375/1/5
f 6375/1/5 7426/1/5 7442/1/5
f 7495/11/5 7782/11/5 7492/11/5
f 7492/11/5 7782/11/5 7783/11/5
f 6390/11/5 7461/11/5 6391/11/5
f 6391/11/5 7461/11/5 7460/11/5
f 7689/15/5 7784/15/5 7688/15/5
f 7688/15/5 7784/15/5 7695/15/5
f 7784/2/5 6927/2/5 7695/2/5
f 7695/2/5 6927/2/5 6926/2/5
f 6966/2/5 5768/2/5 6964/2/5
f 6964/2/5 5768/2/5 5767/2/5
f 5769/15/5 6930/15/5 5770/15/5
f 5770/15/5 6930/15/5 6886/15/5
f 6931/17/5 7785/17/5 6929/17/5
f 6929/17/5 7785/17/5 6967/17/5
f 7140/17/5 7141/17/5 7136/17/5
f 7136/17/5 7141/17/5 7176/17/5
f 7177/17/5 7786/17/5 7175/17/5
f 7175/17/5 7786/17/5 7208/17/5
f 7786/17/5 7787/17/5 7209/17/5
f 7209/17/5 7787/17/5 6063/17/5
f 7237/17/5 6106/17/5 7788/17/5
f 7788/17/5 6106/17/5 7212/17/5
f 7789/7/5 7790/7/5 7778/7/5
f 7778/7/5 7790/7/5 6066/7/5
f 6080/17/5 6073/17/5 7791/17/5
f 7791/17/5 6073/17/5 6072/17/5
f 6029/17/5 6027/17/5 6023/17/5
f 6023/17/5 6027/17/5 6026/17/5
f 5927/7/5 5923/7/5 5920/7/5
f 5920/7/5 5923/7/5 5922/7/5
f 5553/17/5 5543/17/5 5604/17/5
f 5604/17/5 5543/17/5 5542/17/5
f 5711/17/5 5660/17/5 7781/17/5
f 7781/17/5 5660/17/5 5657/17/5
f 5821/17/5 5772/17/5 5761/17/5
f 5761/17/5 5772/17/5 5771/17/5
f 7096/2/5 5926/2/5 7095/2/5
f 7095/2/5 5926/2/5 5925/2/5
f 6127/15/5 7259/15/5 7253/15/5
f 7253/15/5 7259/15/5 7792/15/5
f 6291/7/5 7389/7/5 6292/7/5
f 6292/7/5 7389/7/5 7388/7/5
f 6349/8/5 7425/8/5 6350/8/5
f 6350/8/5 7425/8/5 7424/8/5
f 6318/8/5 7406/8/5 6319/8/5
f 6319/8/5 7406/8/5 7405/8/5
f 7793/2/5 7794/2/5 5707/2/5
f 5707/2/5 7794/2/5 7690/2/5
f 6423/13/5 6352/13/5 6453/13/5
f 6453/13/5 6352/13/5 6351/13/5
f 7794/15/5 7795/15/5 7690/15/5
f 7690/15/5 7795/15/5 7692/15/5
f 6353/8/5 7428/8/5 6354/8/5
f 6354/8/5 7428/8/5 7427/8/5
f 6295/7/5 7391/7/5 6296/7/5
f 6296/7/5 7391/7/5 7370/7/5
f 7429/13/5 7445/13/5 7426/13/5
f 7426/13/5 7445/13/5 7444/13/5
f 6322/8/5 7410/8/5 6323/8/5
f 6323/8/5 7410/8/5 7409/8/5
f 7446/13/5 7465/13/5 7443/13/5
f 7443/13/5 7465/13/5 7464/13/5
f 7500/13/5 7585/13/5 7497/13/5
f 7497/13/5 7585/13/5 7796/13/5
f 7797/2/5 7798/2/5 7799/2/5
f 7799/2/5 7798/2/5 7697/2/5
f 6378/8/5 7449/8/5 6379/8/5
f 6379/8/5 7449/8/5 7448/8/5
f 7798/15/5 7800/15/5 7697/15/5
f 7697/15/5 7800/15/5 7700/15/5
f 6456/8/5 7503/8/5 6457/8/5
f 6457/8/5 7503/8/5 7502/8/5
f 7800/2/5 7801/2/5 7700/2/5
f 7700/2/5 7801/2/5 6928/2/5
f 6460/8/5 7507/8/5 6461/8/5
f 6461/8/5 7507/8/5 7506/8/5
f 6975/2/5 6968/2/5 6931/2/5
f 6931/2/5 6968/2/5 7785/2/5
f 7055/17/5 7143/17/5 7014/17/5
f 7014/17/5 7143/17/5 7142/17/5
f 7144/17/5 7180/17/5 7141/17/5
f 7141/17/5 7180/17/5 7179/17/5
f 7216/7/5 6077/7/5 7215/7/5
f 7215/7/5 6077/7/5 6076/7/5
f 6078/17/5 7217/17/5 6079/17/5
f 6079/17/5 7217/17/5 7787/17/5
f 7218/17/5 6110/17/5 6062/17/5
f 6062/17/5 6110/17/5 7788/17/5
f 6107/17/5 6104/17/5 7236/17/5
f 7236/17/5 6104/17/5 6103/17/5
f 6105/17/5 7731/17/5 6058/17/5
f 6058/17/5 7731/17/5 7779/17/5
f 7731/17/5 6114/17/5 7789/17/5
f 7789/17/5 6114/17/5 7790/17/5
f 6082/7/5 6087/7/5 6083/7/5
f 6083/7/5 6087/7/5 6074/7/5
f 5983/17/5 5987/17/5 6028/17/5
f 6028/17/5 5987/17/5 5920/17/5
f 5442/17/5 5391/17/5 5387/17/5
f 5387/17/5 5391/17/5 5390/17/5
f 5871/17/5 5822/17/5 5816/17/5
f 5816/17/5 5822/17/5 5819/17/5
f 5498/17/5 5491/17/5 5489/17/5
f 5489/17/5 5491/17/5 5490/17/5
f 5823/17/5 5714/17/5 5710/17/5
f 5710/17/5 5714/17/5 5713/17/5
f 7053/15/5 5873/15/5 7052/15/5
f 7052/15/5 5873/15/5 5872/15/5
f 7258/15/5 6128/15/5 7255/15/5
f 7255/15/5 6128/15/5 6127/15/5
f 5779/2/5 5775/2/5 5765/2/5
f 5765/2/5 5775/2/5 5774/2/5
f 7482/16/5 6421/16/5 7479/16/5
f 7479/16/5 6421/16/5 6420/16/5
f 5715/15/5 7559/15/5 7793/15/5
f 7793/15/5 7559/15/5 7802/15/5
f 7803/15/5 6132/15/5 7804/15/5
f 7804/15/5 6132/15/5 6131/15/5
f 7559/2/5 7805/2/5 7802/2/5
f 7802/2/5 7805/2/5 7795/2/5
f 7805/2/5 7574/2/5 7692/2/5
f 7692/2/5 7574/2/5 7799/2/5
f 7574/15/5 7581/15/5 7797/15/5
f 7797/15/5 7581/15/5 7806/15/5
f 7581/2/5 7591/2/5 7806/2/5
f 7806/2/5 7591/2/5 7800/2/5
f 7591/15/5 7596/15/5 7800/15/5
f 7800/15/5 7596/15/5 7801/15/5
f 7596/2/5 7807/2/5 6925/2/5
f 6925/2/5 7807/2/5 6923/2/5
f 7807/2/5 6976/2/5 6965/2/5
f 6965/2/5 6976/2/5 6931/2/5
f 6977/17/5 6980/17/5 6974/17/5
f 6974/17/5 6980/17/5 6969/17/5
f 6624/7/5 6664/7/5 6621/7/5
f 6621/7/5 6664/7/5 6620/7/5
f 7102/17/5 7099/17/5 7054/17/5
f 7054/17/5 7099/17/5 7098/17/5
f 6474/5/5 6468/5/5 5004/5/5
f 5004/5/5 6468/5/5 2691/5/5
f 7100/7/5 7184/7/5 7097/7/5
f 7097/7/5 7184/7/5 7183/7/5
f 7185/17/5 7186/17/5 7182/17/5
f 7182/17/5 7186/17/5 7181/17/5
f 7186/7/5 7219/7/5 7181/7/5
f 7181/7/5 7219/7/5 6078/7/5
f 7220/17/5 7221/17/5 6077/17/5
f 6077/17/5 7221/17/5 7218/17/5
f 7239/17/5 6108/17/5 7238/17/5
f 7238/17/5 6108/17/5 6107/17/5
f 7241/7/5 7649/7/5 6104/7/5
f 6104/7/5 7649/7/5 7732/7/5
f 7649/17/5 6112/17/5 7732/17/5
f 7732/17/5 6112/17/5 6111/17/5
f 6031/17/5 7669/17/5 6032/17/5
f 6032/17/5 7669/17/5 5981/17/5
f 7669/17/5 5986/17/5 5982/17/5
f 5982/17/5 5986/17/5 5985/17/5
f 5929/17/5 5879/17/5 5930/17/5
f 5930/17/5 5879/17/5 5924/17/5
f 5879/17/5 5876/17/5 5870/17/5
f 5870/17/5 5876/17/5 5875/17/5
f 5877/17/5 5777/17/5 5878/17/5
f 5878/17/5 5777/17/5 5776/17/5
f 6979/2/5 5780/2/5 6973/2/5
f 6973/2/5 5780/2/5 5779/2/5
f 7324/12/5 6200/12/5 7321/12/5
f 7321/12/5 6200/12/5 6199/12/5
f 7374/12/5 6266/12/5 7371/12/5
f 7371/12/5 6266/12/5 6265/12/5
f 7419/12/5 6334/12/5 7416/12/5
f 7416/12/5 6334/12/5 6333/12/5
f 7454/12/5 6381/12/5 7451/12/5
f 7451/12/5 6381/12/5 6380/12/5
f 5722/2/5 5716/2/5 5781/2/5
f 5781/2/5 5716/2/5 5715/2/5
f 5666/2/5 7566/2/5 5717/2/5
f 5717/2/5 7566/2/5 7808/2/5
f 7566/15/5 7569/15/5 7808/15/5
f 7808/15/5 7569/15/5 7809/15/5
f 7377/5/5 7394/5/5 7375/5/5
f 7375/5/5 7394/5/5 7393/5/5
f 7395/5/5 7414/5/5 7392/5/5
f 7392/5/5 7414/5/5 7413/5/5
f 7569/2/5 7589/2/5 7809/2/5
f 7809/2/5 7589/2/5 7590/2/5
f 7415/5/5 7422/5/5 7412/5/5
f 7412/5/5 7422/5/5 7421/5/5
f 7423/5/5 7432/5/5 7420/5/5
f 7420/5/5 7432/5/5 7431/5/5
f 7433/5/5 7457/5/5 7430/5/5
f 7430/5/5 7457/5/5 7456/5/5
f 7458/5/5 7469/5/5 7455/5/5
f 7455/5/5 7469/5/5 7468/5/5
f 7589/15/5 6934/15/5 7590/15/5
f 7590/15/5 6934/15/5 6933/15/5
f 7470/5/5 7485/5/5 7467/5/5
f 7467/5/5 7485/5/5 7484/5/5
f 6935/17/5 7604/17/5 6932/17/5
f 6932/17/5 7604/17/5 6976/17/5
f 7486/5/5 7520/5/5 7483/5/5
f 7483/5/5 7520/5/5 7519/5/5
f 7604/7/5 6982/7/5 6976/7/5
f 6976/7/5 6982/7/5 6981/7/5
f 7018/17/5 7019/17/5 7016/17/5
f 7016/17/5 7019/17/5 7015/17/5
f 7103/17/5 7104/17/5 7101/17/5
f 7101/17/5 7104/17/5 7100/17/5
f 7146/17/5 7810/17/5 7145/17/5
f 7145/17/5 7810/17/5 7187/17/5
f 7226/17/5 7223/17/5 7219/17/5
f 7219/17/5 7223/17/5 7222/17/5
f 6088/17/5 7811/17/5 6110/17/5
f 6110/17/5 7811/17/5 6105/17/5
f 7811/17/5 7812/17/5 7240/17/5
f 7240/17/5 7812/17/5 6113/17/5
f 7812/17/5 7813/17/5 6066/17/5
f 6066/17/5 7813/17/5 7791/17/5
f 7813/17/5 6085/17/5 6081/17/5
f 6081/17/5 6085/17/5 6084/17/5
f 6086/17/5 6094/17/5 6075/17/5
f 6075/17/5 6094/17/5 6023/17/5
f 5933/7/5 5932/7/5 5928/7/5
f 5928/7/5 5932/7/5 5931/7/5
f 5881/17/5 5825/17/5 5882/17/5
f 5882/17/5 5825/17/5 5824/17/5
f 5608/17/5 5606/17/5 5665/17/5
f 5665/17/5 5606/17/5 5778/17/5
f 5826/17/5 5719/17/5 5827/17/5
f 5827/17/5 5719/17/5 5718/17/5
f 6939/2/5 5723/2/5 6936/2/5
f 6936/2/5 5723/2/5 5722/2/5
f 5670/2/5 5667/2/5 5724/2/5
f 5724/2/5 5667/2/5 5666/2/5
f 6762/17/5 6843/17/5 6760/17/5
f 6760/17/5 6843/17/5 6759/17/5
f 6889/17/5 6985/17/5 6887/17/5
f 6887/17/5 6985/17/5 6984/17/5
f 7020/7/5 7814/7/5 7019/7/5
f 7019/7/5 7814/7/5 7105/7/5
f 7152/17/5 7149/17/5 7104/17/5
f 7104/17/5 7149/17/5 7148/17/5
f 7228/17/5 7815/17/5 7225/17/5
f 7225/17/5 7815/17/5 7224/17/5
f 7815/17/5 6089/17/5 7221/17/5
f 7221/17/5 6089/17/5 6109/17/5
f 6090/7/5 7816/7/5 6091/7/5
f 6091/7/5 7816/7/5 7817/7/5
f 7816/17/5 7818/17/5 7817/17/5
f 7817/17/5 7818/17/5 7819/17/5
f 7818/7/5 7229/7/5 7819/7/5
f 7819/7/5 7229/7/5 6086/7/5
f 7230/17/5 6093/17/5 6085/17/5
f 6085/17/5 6093/17/5 6092/17/5
f 6036/17/5 6034/17/5 6030/17/5
f 6030/17/5 6034/17/5 6033/17/5
f 5935/17/5 5883/17/5 5936/17/5
f 5936/17/5 5883/17/5 5880/17/5
f 5784/17/5 5783/17/5 5884/17/5
f 5884/17/5 5783/17/5 5782/17/5
f 6892/2/5 5671/2/5 6890/2/5
f 6890/2/5 5671/2/5 5670/2/5
f 7023/2/5 5830/2/5 6987/2/5
f 6987/2/5 5830/2/5 5787/2/5
f 7270/15/5 7820/15/5 7267/15/5
f 7267/15/5 7820/15/5 7821/15/5
f 7822/15/5 7823/15/5 6136/15/5
f 6136/15/5 7823/15/5 7266/15/5
f 7823/15/5 6140/15/5 7263/15/5
f 7263/15/5 6140/15/5 6139/15/5
f 6717/17/5 6764/17/5 6714/17/5
f 6714/17/5 6764/17/5 6713/17/5
f 6848/17/5 6894/17/5 6845/17/5
f 6845/17/5 6894/17/5 6844/17/5
f 6632/17/5 6633/17/5 6629/17/5
f 6629/17/5 6633/17/5 6628/17/5
f 7021/17/5 7058/17/5 7020/17/5
f 7020/17/5 7058/17/5 7814/17/5
f 7153/17/5 7615/17/5 7151/17/5
f 7151/17/5 7615/17/5 7150/17/5
f 7615/17/5 7188/17/5 7147/17/5
f 7147/17/5 7188/17/5 7810/17/5
f 6040/17/5 7194/17/5 7227/17/5
f 7227/17/5 7194/17/5 6090/17/5
f 7231/17/5 6096/17/5 6089/17/5
f 6089/17/5 6096/17/5 6095/17/5
f 6044/17/5 6037/17/5 6097/17/5
f 6097/17/5 6037/17/5 6036/17/5
f 6038/17/5 5989/17/5 6039/17/5
f 6039/17/5 5989/17/5 5988/17/5
f 5990/17/5 7673/17/5 6035/17/5
f 6035/17/5 7673/17/5 5928/17/5
f 7673/17/5 5938/17/5 5934/17/5
f 5934/17/5 5938/17/5 5937/17/5
f 5405/17/5 5402/17/5 5398/17/5
f 5398/17/5 5402/17/5 5401/17/5
f 5573/17/5 5569/17/5 5786/17/5
f 5786/17/5 5569/17/5 5568/17/5
f 5888/17/5 5886/17/5 5883/17/5
f 5883/17/5 5886/17/5 5885/17/5
f 6810/15/5 5572/15/5 6891/15/5
f 6891/15/5 5572/15/5 5672/15/5
f 7024/2/5 5829/2/5 7022/2/5
f 7022/2/5 5829/2/5 5828/2/5
f 6765/17/5 6851/17/5 6763/17/5
f 6763/17/5 6851/17/5 6850/17/5
f 6896/7/5 6897/7/5 6893/7/5
f 6893/7/5 6897/7/5 6991/7/5
f 7027/7/5 7028/7/5 7021/7/5
f 7021/7/5 7028/7/5 7058/7/5
f 7107/7/5 7192/7/5 7106/7/5
f 7106/7/5 7192/7/5 7191/7/5
f 7193/17/5 7824/17/5 7190/17/5
f 7190/17/5 7824/17/5 7189/17/5
f 7824/17/5 6041/17/5 7186/17/5
f 7186/17/5 6041/17/5 7219/17/5
f 7825/7/5 5996/7/5 7826/7/5
f 7826/7/5 5996/7/5 7195/7/5
f 7196/17/5 6045/17/5 7194/17/5
f 7194/17/5 6045/17/5 6044/17/5
f 7827/17/5 6000/17/5 7828/17/5
f 7828/17/5 6000/17/5 7198/17/5
f 7199/17/5 6049/17/5 7197/17/5
f 7197/17/5 6049/17/5 6048/17/5
f 6050/17/5 5993/17/5 5989/17/5
f 5989/17/5 5993/17/5 5992/17/5
f 5994/17/5 5889/17/5 5995/17/5
f 5995/17/5 5889/17/5 5888/17/5
f 5613/17/5 5611/17/5 5675/17/5
f 5675/17/5 5611/17/5 5610/17/5
f 6769/15/5 5508/15/5 6766/15/5
f 6766/15/5 5508/15/5 5507/15/5
f 6724/7/5 6725/7/5 6721/7/5
f 6721/7/5 6725/7/5 6720/7/5
f 6942/17/5 7030/17/5 6940/17/5
f 6940/17/5 7030/17/5 7029/17/5
f 7062/17/5 7108/17/5 7060/17/5
f 7060/17/5 7108/17/5 7059/17/5
f 7109/17/5 7110/17/5 7107/17/5
f 7107/17/5 7110/17/5 7154/17/5
f 7155/17/5 7829/17/5 6043/17/5
f 6043/17/5 7829/17/5 7826/17/5
f 7829/17/5 5997/17/5 7825/17/5
f 7825/17/5 5997/17/5 5996/17/5
f 5998/7/5 7640/7/5 5999/7/5
f 5999/7/5 7640/7/5 7830/7/5
f 7640/17/5 5947/17/5 7830/17/5
f 7830/17/5 5947/17/5 7156/17/5
f 7157/17/5 7656/17/5 6047/17/5
f 6047/17/5 7656/17/5 7828/17/5
f 7656/7/5 6001/7/5 7827/7/5
f 7827/7/5 6001/7/5 6000/7/5
f 5950/17/5 5940/17/5 7831/17/5
f 7831/17/5 5940/17/5 5939/17/5
f 5577/17/5 5512/17/5 5578/17/5
f 5578/17/5 5512/17/5 5511/17/5
f 5792/7/5 5676/7/5 5793/7/5
f 5793/7/5 5676/7/5 5674/7/5
f 5941/17/5 5832/17/5 5942/17/5
f 5942/17/5 5832/17/5 5831/17/5
f 7274/15/5 7832/15/5 7271/15/5
f 7271/15/5 7832/15/5 7833/15/5
f 7834/15/5 6144/15/5 7835/15/5
f 7835/15/5 6144/15/5 6143/15/5
f 6727/17/5 6771/17/5 6725/17/5
f 6725/17/5 6771/17/5 6854/17/5
f 6901/17/5 6945/17/5 6898/17/5
f 6898/17/5 6945/17/5 6944/17/5
f 7034/17/5 7035/17/5 7031/17/5
f 7031/17/5 7035/17/5 7064/17/5
f 7065/7/5 7066/7/5 7063/7/5
f 7063/7/5 7066/7/5 7836/7/5
f 7112/17/5 5944/17/5 7110/17/5
f 7110/17/5 5944/17/5 5943/17/5
f 5896/17/5 7115/17/5 7634/17/5
f 7634/17/5 7115/17/5 7114/17/5
f 7116/17/5 5948/17/5 7113/17/5
f 7113/17/5 5948/17/5 5947/17/5
f 5900/17/5 7118/17/5 5949/17/5
f 5949/17/5 7118/17/5 7117/17/5
f 7119/17/5 5951/17/5 6003/17/5
f 6003/17/5 5951/17/5 7831/17/5
f 5952/7/5 5891/7/5 5953/7/5
f 5953/7/5 5891/7/5 5890/7/5
f 7837/17/5 5455/17/5 5517/17/5
f 5517/17/5 5455/17/5 7838/17/5
f 5837/17/5 5728/17/5 5838/17/5
f 5838/17/5 5728/17/5 5727/17/5
f 7523/2/5 6479/2/5 7279/2/5
f 7279/2/5 6479/2/5 6151/2/5
f 6773/17/5 6813/17/5 6770/17/5
f 6770/17/5 6813/17/5 6812/17/5
f 6858/17/5 6903/17/5 6855/17/5
f 6855/17/5 6903/17/5 6996/17/5
f 7037/17/5 7068/17/5 7035/17/5
f 7035/17/5 7068/17/5 7067/17/5
f 7069/17/5 5893/17/5 7836/17/5
f 7836/17/5 5893/17/5 7111/17/5
f 5894/17/5 7071/17/5 5895/17/5
f 5895/17/5 7071/17/5 7070/17/5
f 7072/17/5 5897/17/5 5946/17/5
f 5946/17/5 5897/17/5 7634/17/5
f 5898/7/5 5842/7/5 5899/7/5
f 5899/7/5 5842/7/5 7074/7/5
f 7075/17/5 5901/17/5 7073/17/5
f 7073/17/5 5901/17/5 5900/17/5
f 5902/7/5 7654/7/5 5903/7/5
f 5903/7/5 7654/7/5 7839/7/5
f 7654/17/5 5840/17/5 7839/17/5
f 7839/17/5 5840/17/5 5839/17/5
f 5620/17/5 5515/17/5 5621/17/5
f 5621/17/5 5515/17/5 5581/17/5
f 5738/17/5 5678/17/5 5841/17/5
f 5841/17/5 5678/17/5 5677/17/5
f 7283/15/5 7280/15/5 7275/15/5
f 7275/15/5 7280/15/5 7840/15/5
f 6153/15/5 6157/15/5 7841/15/5
f 7841/15/5 6157/15/5 6147/15/5
f 6731/17/5 5462/17/5 7842/17/5
f 7842/17/5 5462/17/5 5461/17/5
f 6905/7/5 5681/7/5 6902/7/5
f 6902/7/5 5681/7/5 5680/7/5
f 6775/17/5 6817/17/5 6774/17/5
f 6774/17/5 6817/17/5 6816/17/5
f 5682/17/5 6861/17/5 5683/17/5
f 5683/17/5 6861/17/5 6947/17/5
f 7000/17/5 5795/17/5 6997/17/5
f 6997/17/5 5795/17/5 5794/17/5
f 7040/17/5 5843/17/5 5898/17/5
f 5898/17/5 5843/17/5 5842/17/5
f 6734/17/5 7644/17/5 6732/17/5
f 6732/17/5 7644/17/5 7843/17/5
f 7644/7/5 7652/7/5 7843/7/5
f 7843/7/5 7652/7/5 7844/7/5
f 5844/17/5 5799/17/5 5845/17/5
f 5845/17/5 5799/17/5 5798/17/5
f 7652/17/5 5466/17/5 7844/17/5
f 7844/17/5 5466/17/5 5465/17/5
f 5800/17/5 5732/17/5 5801/17/5
f 5801/17/5 5732/17/5 5731/17/5
f 5624/17/5 5523/17/5 5625/17/5
f 5625/17/5 5523/17/5 5522/17/5
f 5733/17/5 5685/17/5 5734/17/5
f 5734/17/5 5685/17/5 5684/17/5
f 6949/7/5 5736/7/5 6948/7/5
f 6948/7/5 5736/7/5 5735/7/5
f 7437/15/5 6360/15/5 7434/15/5
f 7434/15/5 6360/15/5 6359/15/5
f 7300/15/5 6171/15/5 7297/15/5
f 7297/15/5 6171/15/5 6170/15/5
f 7399/15/5 6301/15/5 7396/15/5
f 7396/15/5 6301/15/5 6300/15/5
f 6361/15/5 7440/15/5 6362/15/5
f 6362/15/5 7440/15/5 7439/15/5
f 6172/15/5 6167/15/5 6173/15/5
f 6173/15/5 6167/15/5 6166/15/5
f 6302/15/5 7402/15/5 6303/15/5
f 6303/15/5 7402/15/5 7401/15/5
f 7845/15/5 6480/15/5 7524/15/5
f 7524/15/5 6480/15/5 6478/15/5
f 7490/15/5 6429/15/5 7487/15/5
f 7487/15/5 6429/15/5 6428/15/5
f 7284/15/5 6156/15/5 7282/15/5
f 7282/15/5 6156/15/5 6155/15/5
f 7292/15/5 6163/15/5 7289/15/5
f 7289/15/5 6163/15/5 6162/15/5
f 7302/15/5 6175/15/5 7301/15/5
f 7301/15/5 6175/15/5 6174/15/5
f 7328/15/5 6204/15/5 7325/15/5
f 7325/15/5 6204/15/5 6203/15/5
f 7403/15/5 6305/15/5 7400/15/5
f 7400/15/5 6305/15/5 6304/15/5
f 7441/15/5 6364/15/5 7438/15/5
f 7438/15/5 6364/15/5 6363/15/5
f 6430/15/5 6399/15/5 6431/15/5
f 6431/15/5 6399/15/5 6398/15/5
f 6863/17/5 5627/17/5 6861/17/5
f 6861/17/5 5627/17/5 5626/17/5
f 5628/17/5 5583/17/5 5629/17/5
f 5629/17/5 5583/17/5 5582/17/5
f 6952/17/5 5740/17/5 5797/17/5
f 5797/17/5 5740/17/5 7001/17/5
f 5741/17/5 5689/17/5 5742/17/5
f 5742/17/5 5689/17/5 5688/17/5
f 5690/17/5 5634/17/5 5691/17/5
f 5691/17/5 5634/17/5 5623/17/5
f 7246/12/6 3763/12/6 6179/12/6
f 6179/12/6 3763/12/6 1562/12/6
f 6207/1/6 2080/1/6 7331/1/6
f 7331/1/6 2080/1/6 4274/1/6
f 7330/13/6 7329/13/6 6209/13/6
f 6209/13/6 7329/13/6 6210/13/6
f 6208/1/6 5174/1/6 7334/1/6
f 7334/1/6 5174/1/6 5175/1/6
f 7333/13/6 7332/13/6 7315/13/6
f 7315/13/6 7332/13/6 4219/13/6
f 6194/7/6 4160/7/6 6188/7/6
f 6188/7/6 4160/7/6 4688/7/6
f 6187/1/6 4687/1/6 7316/1/6
f 7316/1/6 4687/1/6 4686/1/6
f 7306/8/6 4685/8/6 6198/8/6
f 6198/8/6 4685/8/6 5177/8/6
f 6183/5/6 4126/5/6 6190/5/6
f 6190/5/6 4126/5/6 4726/5/6
f 6211/5/6 4722/5/6 6329/5/6
f 6329/5/6 4722/5/6 2164/5/6
f 6407/5/6 2448/5/6 6403/5/6
f 6403/5/6 2448/5/6 2500/5/6
f 6402/5/6 2499/5/6 6437/5/6
f 6437/5/6 2499/5/6 2540/5/6
f 6908/17/6 7077/17/6 6907/17/6
f 6907/17/6 7077/17/6 3654/17/6
f 7757/17/6 6684/17/6 6643/17/6
f 6643/17/6 6684/17/6 6640/17/6
f 7707/17/6 6821/17/6 6778/17/6
f 6778/17/6 6821/17/6 6776/17/6
f 6868/17/6 6906/17/6 6867/17/6
f 6867/17/6 6906/17/6 3561/17/6
f 6642/17/6 6641/17/6 5371/17/6
f 5371/17/6 6641/17/6 5372/17/6
f 5370/17/6 3456/17/6 6646/17/6
f 6646/17/6 3456/17/6 1119/17/6
f 6610/17/6 7846/17/6 5375/17/6
f 5375/17/6 7846/17/6 5376/17/6
f 5374/17/6 5373/17/6 5470/17/6
f 5470/17/6 5373/17/6 5471/17/6
f 5469/17/6 1146/17/6 7759/17/6
f 7759/17/6 1146/17/6 5529/17/6
f 5637/17/6 1283/17/6 7750/17/6
f 7750/17/6 1283/17/6 5695/17/6
f 6215/7/6 6178/7/6 7847/7/6
f 7847/7/6 6178/7/6 7314/7/6
f 7847/7/6 7313/7/6 6193/7/6
f 6193/7/6 7313/7/6 4160/7/6
f 6192/1/6 6191/1/6 7318/1/6
f 7318/1/6 6191/1/6 6187/1/6
f 7317/8/6 6188/8/6 7309/8/6
f 7309/8/6 6188/8/6 7306/8/6
f 6278/5/6 7304/5/6 6182/5/6
f 6182/5/6 7304/5/6 4126/5/6
f 6196/5/6 6195/5/6 6238/5/6
f 6238/5/6 6195/5/6 6212/5/6
f 6331/1/6 6330/1/6 6337/1/6
f 6337/1/6 6330/1/6 6328/1/6
f 6405/1/6 6404/1/6 6408/1/6
f 6408/1/6 6404/1/6 6402/1/6
f 6911/17/6 7003/17/6 6910/17/6
f 6910/17/6 7003/17/6 6908/17/6
f 6433/5/6 6432/5/6 6439/5/6
f 6439/5/6 6432/5/6 6440/5/6
f 6649/17/6 6648/17/6 6609/17/6
f 6609/17/6 6648/17/6 6606/17/6
f 7762/17/6 6736/17/6 6686/17/6
f 6686/17/6 6736/17/6 7756/17/6
f 6871/7/6 6909/7/6 6870/7/6
f 6870/7/6 6909/7/6 6868/7/6
f 6608/7/6 6607/7/6 7848/7/6
f 7848/7/6 6607/7/6 7710/7/6
f 5322/7/6 5321/7/6 7719/7/6
f 7719/7/6 5321/7/6 5371/7/6
f 7719/17/6 5371/17/6 7849/17/6
f 7849/17/6 5371/17/6 6645/17/6
f 7849/17/6 6644/17/6 6612/17/6
f 6612/17/6 6644/17/6 7846/17/6
f 5279/7/6 6611/7/6 7850/7/6
f 7850/7/6 6611/7/6 7735/7/6
f 7851/7/6 7738/7/6 5327/7/6
f 5327/7/6 7738/7/6 5328/7/6
f 5326/17/6 5325/17/6 5333/17/6
f 5333/17/6 5325/17/6 5379/17/6
f 5336/17/6 6613/17/6 5331/17/6
f 5331/17/6 6613/17/6 5332/17/6
f 5424/17/6 5423/17/6 5474/17/6
f 5474/17/6 5423/17/6 5475/17/6
f 5587/7/6 5586/7/6 5642/7/6
f 5642/7/6 5586/7/6 5643/7/6
f 5807/17/6 5806/17/6 7753/17/6
f 7753/17/6 5806/17/6 5857/17/6
f 7311/12/6 7310/12/6 6185/12/6
f 6185/12/6 7310/12/6 6186/12/6
f 7247/15/6 7246/15/6 7852/15/6
f 7852/15/6 7246/15/6 6118/15/6
f 7852/15/6 6117/15/6 7853/15/6
f 7853/15/6 6117/15/6 7244/15/6
f 7347/8/6 7854/8/6 7570/8/6
f 7570/8/6 7854/8/6 7855/8/6
f 7853/15/6 7243/15/6 6121/15/6
f 6121/15/6 7243/15/6 6122/15/6
f 7570/13/6 7855/13/6 6241/13/6
f 6241/13/6 7855/13/6 6242/13/6
f 6240/1/6 6239/1/6 7360/1/6
f 7360/1/6 6239/1/6 7357/1/6
f 7359/13/6 7358/13/6 7362/13/6
f 7362/13/6 7358/13/6 7856/13/6
f 7362/8/6 7856/8/6 7857/8/6
f 7857/8/6 7856/8/6 7354/8/6
f 6249/5/6 7307/5/6 6277/5/6
f 6277/5/6 7307/5/6 7305/5/6
f 6372/5/6 2346/5/6 6368/5/6
f 6368/5/6 2346/5/6 2420/5/6
f 7086/17/6 7085/17/6 6914/17/6
f 6914/17/6 7085/17/6 6911/17/6
f 6689/17/6 6688/17/6 6692/17/6
f 6692/17/6 6688/17/6 6650/17/6
f 6783/17/6 6825/17/6 6782/17/6
f 6782/17/6 6825/17/6 6781/17/6
f 6563/17/6 6608/17/6 7858/17/6
f 7858/17/6 6608/17/6 7848/17/6
f 7858/17/6 7710/17/6 6559/17/6
f 6559/17/6 7710/17/6 5324/17/6
f 6558/17/6 6557/17/6 5240/17/6
f 5240/17/6 6557/17/6 7718/17/6
f 5240/7/6 7718/7/6 5277/7/6
f 5277/7/6 7718/7/6 5278/7/6
f 5276/17/6 5275/17/6 6562/17/6
f 6562/17/6 5275/17/6 6560/17/6
f 6531/17/6 6561/17/6 5281/17/6
f 5281/17/6 6561/17/6 5282/17/6
f 5280/17/6 5279/17/6 7859/17/6
f 7859/17/6 5279/17/6 7850/17/6
f 7859/17/6 7735/17/6 7860/17/6
f 7860/17/6 7735/17/6 7738/17/6
f 7860/17/6 7851/17/6 5335/17/6
f 5335/17/6 7851/17/6 5336/17/6
f 5476/17/6 5473/17/6 7754/17/6
f 7754/17/6 5473/17/6 5532/17/6
f 5644/17/6 5641/17/6 5698/17/6
f 5698/17/6 5641/17/6 5699/17/6
f 5747/7/6 5746/7/6 5810/7/6
f 5810/7/6 5746/7/6 5811/7/6
f 6827/15/6 6878/15/6 5589/15/6
f 5589/15/6 6878/15/6 5649/15/6
f 6915/2/6 6954/2/6 5702/2/6
f 5702/2/6 6954/2/6 5752/2/6
f 7339/12/6 7338/12/6 6217/12/6
f 6217/12/6 7338/12/6 6218/12/6
f 7774/2/6 7760/2/6 7776/2/6
f 7776/2/6 7760/2/6 7761/2/6
f 6253/8/6 7861/8/6 7550/8/6
f 7550/8/6 7861/8/6 7854/8/6
f 6280/1/6 6279/1/6 7381/1/6
f 7381/1/6 6279/1/6 7378/1/6
f 6282/1/6 6281/1/6 6285/1/6
f 6285/1/6 6281/1/6 7382/1/6
f 6288/11/6 6240/11/6 7862/11/6
f 7862/11/6 6240/11/6 7361/11/6
f 7320/5/6 7319/5/6 6248/5/6
f 6248/5/6 7319/5/6 7308/5/6
f 6370/1/6 6369/1/6 6384/1/6
f 6384/1/6 6369/1/6 6367/1/6
f 6695/17/6 6690/17/6 6694/17/6
f 6694/17/6 6690/17/6 6691/17/6
f 6880/17/6 6912/17/6 6876/17/6
f 6876/17/6 6912/17/6 6871/17/6
f 6565/17/6 6564/17/6 6530/17/6
f 6530/17/6 6564/17/6 6528/17/6
f 6498/17/6 6529/17/6 7863/17/6
f 7863/17/6 6529/17/6 5243/17/6
f 6539/17/6 5277/17/6 6534/17/6
f 6534/17/6 5277/17/6 6531/17/6
f 6533/7/6 6532/7/6 5234/7/6
f 5234/7/6 6532/7/6 5235/7/6
f 5233/17/6 5232/17/6 6538/17/6
f 6538/17/6 5232/17/6 6535/17/6
f 5247/17/6 7864/17/6 5238/17/6
f 5238/17/6 7864/17/6 5239/17/6
f 5237/17/6 5236/17/6 5338/17/6
f 5338/17/6 5236/17/6 5339/17/6
f 7865/17/6 5330/17/6 5382/17/6
f 5382/17/6 5330/17/6 5383/17/6
f 5485/17/6 5425/17/6 5481/17/6
f 5481/17/6 5425/17/6 5482/17/6
f 5700/17/6 5697/17/6 5709/17/6
f 5709/17/6 5697/17/6 5755/17/6
f 6829/2/6 6828/2/6 5536/2/6
f 5536/2/6 6828/2/6 5591/2/6
f 7342/12/6 7341/12/6 6220/12/6
f 6220/12/6 7341/12/6 6221/12/6
f 6251/1/6 6250/1/6 6254/1/6
f 6254/1/6 6250/1/6 6244/1/6
f 7866/10/6 6283/10/6 6287/10/6
f 6287/10/6 6283/10/6 6288/10/6
f 6286/1/6 6285/1/6 7386/1/6
f 7386/1/6 6285/1/6 7383/1/6
f 7777/2/6 7006/2/6 5758/2/6
f 5758/2/6 7006/2/6 5759/2/6
f 5757/2/6 7089/2/6 6958/2/6
f 6958/2/6 7089/2/6 6956/2/6
f 6740/17/6 6739/17/6 6697/17/6
f 6697/17/6 6739/17/6 6695/17/6
f 6883/17/6 6957/17/6 6882/17/6
f 6882/17/6 6957/17/6 6913/17/6
f 6415/5/6 6406/5/6 6410/5/6
f 6410/5/6 6406/5/6 6411/5/6
f 6654/7/6 6696/7/6 6653/7/6
f 6653/7/6 6696/7/6 6693/7/6
f 6409/5/6 6408/5/6 6442/5/6
f 6442/5/6 6408/5/6 6443/5/6
f 6652/17/6 6651/17/6 6569/17/6
f 6569/17/6 6651/17/6 6608/17/6
f 6568/17/6 6567/17/6 6501/17/6
f 6501/17/6 6567/17/6 6498/17/6
f 6500/7/6 6499/7/6 5192/7/6
f 5192/7/6 6499/7/6 5193/7/6
f 5241/17/6 5240/17/6 6541/17/6
f 6541/17/6 5240/17/6 5277/17/6
f 6506/17/6 6540/17/6 5198/17/6
f 5198/17/6 6540/17/6 6537/17/6
f 5245/17/6 5244/17/6 5248/17/6
f 5248/17/6 5244/17/6 5237/17/6
f 5251/17/6 5238/17/6 5341/17/6
f 5341/17/6 5238/17/6 5342/17/6
f 5340/17/6 5333/17/6 5343/17/6
f 5343/17/6 5333/17/6 5330/17/6
f 5343/7/6 7865/7/6 5385/7/6
f 5385/7/6 7865/7/6 5382/7/6
f 5484/17/6 5483/17/6 5535/17/6
f 5535/17/6 5483/17/6 5480/17/6
f 5651/17/6 5650/17/6 7755/17/6
f 7755/17/6 5650/17/6 5712/17/6
f 6698/2/6 6918/2/6 5430/2/6
f 5430/2/6 6918/2/6 5538/2/6
f 6962/15/6 7048/15/6 5764/15/6
f 5764/15/6 7048/15/6 5865/15/6
f 7345/12/6 7344/12/6 6223/12/6
f 6223/12/6 7344/12/6 6224/12/6
f 5537/2/6 5536/2/6 5539/2/6
f 5539/2/6 5536/2/6 5655/2/6
f 7349/16/6 7348/16/6 6227/16/6
f 6227/16/6 7348/16/6 6245/16/6
f 7251/15/6 7250/15/6 6125/15/6
f 6125/15/6 7250/15/6 6126/15/6
f 6255/10/6 6244/10/6 6257/10/6
f 6257/10/6 6244/10/6 7380/10/6
f 6257/10/6 7379/10/6 7365/10/6
f 7365/10/6 7379/10/6 6284/10/6
f 7365/11/6 7866/11/6 7867/11/6
f 7867/11/6 7866/11/6 7385/11/6
f 7867/11/6 7384/11/6 7364/11/6
f 7364/11/6 7384/11/6 7862/11/6
f 7363/13/6 7362/13/6 7868/13/6
f 7868/13/6 7362/13/6 7857/13/6
f 6315/5/6 6272/5/6 6310/5/6
f 6310/5/6 6272/5/6 6311/5/6
f 6346/5/6 4728/5/6 6342/5/6
f 6342/5/6 4728/5/6 4727/5/6
f 6922/2/6 6921/2/6 5770/2/6
f 5770/2/6 6921/2/6 5814/2/6
f 6787/17/6 6832/17/6 6786/17/6
f 6786/17/6 6832/17/6 6785/17/6
f 6746/17/6 6741/17/6 6743/17/6
f 6743/17/6 6741/17/6 6742/17/6
f 7010/17/6 6958/17/6 6961/17/6
f 6961/17/6 6958/17/6 6959/17/6
f 6413/1/6 6412/1/6 6424/1/6
f 6424/1/6 6412/1/6 6409/1/6
f 6656/7/6 6655/7/6 6617/7/6
f 6617/7/6 6655/7/6 6614/7/6
f 6435/5/6 6434/5/6 6445/5/6
f 6445/5/6 6434/5/6 6446/5/6
f 6616/17/6 6615/17/6 7869/17/6
f 7869/17/6 6615/17/6 6542/17/6
f 5195/17/6 5194/17/6 6505/17/6
f 6505/17/6 5194/17/6 6502/17/6
f 5199/17/6 6536/17/6 5202/17/6
f 5202/17/6 6536/17/6 7864/17/6
f 5249/17/6 5248/17/6 7665/17/6
f 7665/17/6 5248/17/6 7660/17/6
f 7665/7/6 7660/7/6 5285/7/6
f 5285/7/6 7660/7/6 5286/7/6
f 5344/17/6 5343/17/6 5429/17/6
f 5429/17/6 5343/17/6 5385/17/6
f 5428/17/6 5426/17/6 5434/17/6
f 5434/17/6 5426/17/6 5594/17/6
f 5816/17/6 5815/17/6 5819/17/6
f 5819/17/6 5815/17/6 5868/17/6
f 5593/7/6 5592/7/6 5658/7/6
f 5658/7/6 5592/7/6 5659/7/6
f 6700/2/6 6699/2/6 5432/2/6
f 5432/2/6 6699/2/6 5433/2/6
f 5487/15/6 5486/15/6 5494/15/6
f 5494/15/6 5486/15/6 5541/15/6
f 7870/8/6 6213/8/6 7871/8/6
f 7871/8/6 6213/8/6 7861/8/6
f 7792/2/6 7773/2/6 7804/2/6
f 7804/2/6 7773/2/6 7775/2/6
f 7871/8/6 6252/8/6 7872/8/6
f 7872/8/6 6252/8/6 7680/8/6
f 5540/2/6 5539/2/6 7683/2/6
f 7683/2/6 5539/2/6 7684/2/6
f 7872/8/6 7350/8/6 7873/8/6
f 7873/8/6 7350/8/6 6226/8/6
f 7873/13/6 6226/13/6 6259/13/6
f 6259/13/6 6226/13/6 6260/13/6
f 7683/15/6 7684/15/6 5597/15/6
f 5597/15/6 7684/15/6 5598/15/6
f 6258/1/6 6257/1/6 7368/1/6
f 7368/1/6 6257/1/6 7365/1/6
f 6417/10/6 6416/10/6 7478/10/6
f 7478/10/6 6416/10/6 7475/10/6
f 5596/15/6 5595/15/6 6837/15/6
f 6837/15/6 5595/15/6 6834/15/6
f 7367/13/6 7366/13/6 6263/13/6
f 6263/13/6 7366/13/6 6264/13/6
f 6374/10/6 6373/10/6 6390/10/6
f 6390/10/6 6373/10/6 6391/10/6
f 6389/11/6 6388/11/6 7462/11/6
f 7462/11/6 6388/11/6 7459/11/6
f 6836/2/6 6835/2/6 5545/2/6
f 5545/2/6 6835/2/6 7693/2/6
f 6262/1/6 6261/1/6 7370/1/6
f 7370/1/6 6261/1/6 7364/1/6
f 7369/8/6 7363/8/6 7874/8/6
f 7874/8/6 7363/8/6 7868/8/6
f 5545/15/6 7693/15/6 5601/15/6
f 5601/15/6 7693/15/6 5602/15/6
f 5600/2/6 5599/2/6 6841/2/6
f 6841/2/6 5599/2/6 6838/2/6
f 6313/1/6 6312/1/6 6324/1/6
f 6324/1/6 6312/1/6 6309/1/6
f 6344/1/6 6343/1/6 6355/1/6
f 6355/1/6 6343/1/6 6341/1/6
f 6840/2/6 6839/2/6 6790/2/6
f 6790/2/6 6839/2/6 6787/2/6
f 6789/17/6 6788/17/6 6749/17/6
f 6749/17/6 6788/17/6 6746/17/6
f 6748/17/6 6747/17/6 6660/17/6
f 6660/17/6 6747/17/6 6657/17/6
f 6659/17/6 6658/17/6 6573/17/6
f 6573/17/6 6658/17/6 6570/17/6
f 6572/17/6 6571/17/6 6544/17/6
f 6544/17/6 6571/17/6 7869/17/6
f 6509/17/6 5190/17/6 7875/17/6
f 7875/17/6 5190/17/6 7863/17/6
f 7875/17/6 5242/17/6 6508/17/6
f 6508/17/6 5242/17/6 6506/17/6
f 6487/17/6 6507/17/6 7725/17/6
f 7725/17/6 6507/17/6 5197/17/6
f 7725/17/6 5196/17/6 7876/17/6
f 7876/17/6 5196/17/6 6504/17/6
f 5209/17/6 5200/17/6 5204/17/6
f 5204/17/6 5200/17/6 5205/17/6
f 5255/17/6 5250/17/6 5347/17/6
f 5347/17/6 5250/17/6 5348/17/6
f 5346/17/6 5345/17/6 5349/17/6
f 5349/17/6 5345/17/6 5344/17/6
f 5352/17/6 5284/17/6 5388/17/6
f 5388/17/6 5284/17/6 5389/17/6
f 5387/7/6 5386/7/6 5390/7/6
f 5390/7/6 5386/7/6 5436/7/6
f 5489/17/6 5488/17/6 5490/17/6
f 5490/17/6 5488/17/6 5544/17/6
f 5603/17/6 5593/17/6 5605/17/6
f 5605/17/6 5593/17/6 5658/17/6
f 5710/17/6 5762/17/6 5713/17/6
f 5713/17/6 5762/17/6 5773/17/6
f 6703/15/6 6702/15/6 5438/15/6
f 5438/15/6 6702/15/6 5439/15/6
f 7352/12/6 7351/12/6 6230/12/6
f 6230/12/6 7351/12/6 6231/12/6
f 6290/8/6 6289/8/6 7390/8/6
f 7390/8/6 6289/8/6 7387/8/6
f 6348/8/6 6347/8/6 7480/8/6
f 7480/8/6 6347/8/6 7877/8/6
f 6130/15/6 7254/15/6 7878/15/6
f 7878/15/6 7254/15/6 6134/15/6
f 6317/8/6 6316/8/6 7407/8/6
f 7407/8/6 6316/8/6 7404/8/6
f 7879/15/6 7682/15/6 5547/15/6
f 5547/15/6 7682/15/6 5548/15/6
f 6294/8/6 6293/8/6 6322/8/6
f 6322/8/6 6293/8/6 6323/8/6
f 5546/2/6 5545/2/6 6794/2/6
f 6794/2/6 5545/2/6 6791/2/6
f 6229/7/6 7870/7/6 7376/7/6
f 7376/7/6 7870/7/6 7874/7/6
f 6321/8/6 6320/8/6 7411/8/6
f 7411/8/6 6320/8/6 7408/8/6
f 7499/13/6 7498/13/6 7466/13/6
f 7466/13/6 7498/13/6 7463/13/6
f 6377/8/6 6376/8/6 7450/8/6
f 7450/8/6 6376/8/6 7447/8/6
f 6793/15/6 6792/15/6 7880/15/6
f 7880/15/6 6792/15/6 7698/15/6
f 5550/2/6 5549/2/6 6798/2/6
f 6798/2/6 5549/2/6 6795/2/6
f 6752/2/6 6789/2/6 6751/2/6
f 6751/2/6 6789/2/6 6749/2/6
f 6707/17/6 6750/17/6 6706/17/6
f 6706/17/6 6750/17/6 6705/17/6
f 6621/7/6 6661/7/6 6620/7/6
f 6620/7/6 6661/7/6 6618/7/6
f 6577/17/6 6619/17/6 6576/17/6
f 6576/17/6 6619/17/6 6573/17/6
f 6575/17/6 6574/17/6 6546/17/6
f 6546/17/6 6574/17/6 6543/17/6
f 6511/17/6 6510/17/6 5182/17/6
f 5182/17/6 6510/17/6 6487/17/6
f 5185/17/6 6488/17/6 7635/17/6
f 7635/17/6 6488/17/6 7724/17/6
f 7635/7/6 7724/7/6 5180/7/6
f 5180/7/6 7724/7/6 5181/7/6
f 6493/17/6 6503/17/6 5208/17/6
f 5208/17/6 6503/17/6 5201/17/6
f 5294/17/6 5246/17/6 5254/17/6
f 5254/17/6 5246/17/6 5251/17/6
f 5253/17/6 5252/17/6 5289/17/6
f 5289/17/6 5252/17/6 5290/17/6
f 5448/17/6 7670/17/6 5392/17/6
f 5392/17/6 7670/17/6 5393/17/6
f 5501/17/6 5435/17/6 5492/17/6
f 5492/17/6 5435/17/6 5493/17/6
f 6972/2/6 6971/2/6 5444/2/6
f 5444/2/6 6971/2/6 5445/2/6
f 7257/15/6 7256/15/6 6129/15/6
f 6129/15/6 7256/15/6 6130/15/6
f 7321/12/6 7509/12/6 6199/12/6
f 6199/12/6 7509/12/6 6464/12/6
f 5443/2/6 5431/2/6 5496/2/6
f 5496/2/6 5431/2/6 5497/2/6
f 5495/2/6 5494/2/6 7881/2/6
f 7881/2/6 5494/2/6 7682/2/6
f 7481/16/6 7877/16/6 6422/16/6
f 6422/16/6 7877/16/6 6453/16/6
f 7513/16/6 7512/16/6 6466/16/6
f 6466/16/6 7512/16/6 6467/16/6
f 7881/2/6 7879/2/6 5557/2/6
f 5557/2/6 7879/2/6 5558/2/6
f 7261/15/6 7260/15/6 6133/15/6
f 6133/15/6 7260/15/6 7878/15/6
f 5556/2/6 5555/2/6 6802/2/6
f 6802/2/6 5555/2/6 6799/2/6
f 6801/2/6 6800/2/6 7882/2/6
f 7882/2/6 6800/2/6 7880/2/6
f 7882/2/6 7698/2/6 7883/2/6
f 7883/2/6 7698/2/6 5552/2/6
f 7883/2/6 5551/2/6 7884/2/6
f 7884/2/6 5551/2/6 6797/2/6
f 7884/2/6 6796/2/6 6755/2/6
f 6755/2/6 6796/2/6 6789/2/6
f 6754/7/6 6753/7/6 6710/7/6
f 6710/7/6 6753/7/6 6707/7/6
f 6623/7/6 6622/7/6 6580/7/6
f 6580/7/6 6622/7/6 6577/7/6
f 6709/17/6 6708/17/6 6665/17/6
f 6665/17/6 6708/17/6 6663/17/6
f 6476/5/6 6424/5/6 6469/5/6
f 6469/5/6 6424/5/6 6470/5/6
f 6579/17/6 6578/17/6 7885/17/6
f 7885/17/6 6578/17/6 6545/17/6
f 6515/17/6 6512/17/6 6514/17/6
f 6514/17/6 6512/17/6 6513/17/6
f 6491/7/6 6490/7/6 5184/7/6
f 5184/7/6 6490/7/6 5185/7/6
f 6495/17/6 7636/17/6 7728/17/6
f 7728/17/6 7636/17/6 5179/17/6
f 7728/17/6 5178/17/6 5186/17/6
f 5186/17/6 5178/17/6 7876/17/6
f 5189/17/6 6494/17/6 5211/17/6
f 5211/17/6 6494/17/6 5212/17/6
f 5292/17/6 5291/17/6 5295/17/6
f 5295/17/6 5291/17/6 5288/17/6
f 5350/17/6 5349/17/6 5447/17/6
f 5447/17/6 5349/17/6 7670/17/6
f 5446/17/6 5440/17/6 5500/17/6
f 5500/17/6 5440/17/6 5435/17/6
f 7323/12/6 7322/12/6 6201/12/6
f 6201/12/6 7322/12/6 6202/12/6
f 7373/12/6 7372/12/6 6267/12/6
f 6267/12/6 7372/12/6 6268/12/6
f 7418/12/6 7417/12/6 6335/12/6
f 6335/12/6 7417/12/6 6336/12/6
f 7453/12/6 7452/12/6 6382/12/6
f 6382/12/6 7452/12/6 6383/12/6
f 7516/12/6 7515/12/6 6472/12/6
f 6472/12/6 7515/12/6 6473/12/6
f 5567/15/6 5502/15/6 5562/15/6
f 5562/15/6 5502/15/6 5495/15/6
f 7821/2/6 7262/2/6 6135/2/6
f 6135/2/6 7262/2/6 7803/2/6
f 5561/15/6 5560/15/6 7578/15/6
f 7578/15/6 5560/15/6 7886/15/6
f 7355/5/6 6192/5/6 6234/5/6
f 6234/5/6 6192/5/6 7318/5/6
f 6233/5/6 6232/5/6 6270/5/6
f 6270/5/6 6232/5/6 6271/5/6
f 6269/5/6 6246/5/6 6298/5/6
f 6298/5/6 6246/5/6 6299/5/6
f 7578/2/6 7886/2/6 7593/2/6
f 7593/2/6 7886/2/6 7887/2/6
f 6297/5/6 6314/5/6 6326/5/6
f 6326/5/6 6314/5/6 6327/5/6
f 6325/5/6 6332/5/6 6339/5/6
f 6339/5/6 6332/5/6 6340/5/6
f 6338/5/6 6345/5/6 6357/5/6
f 6357/5/6 6345/5/6 6358/5/6
f 6356/5/6 6371/5/6 6386/5/6
f 6386/5/6 6371/5/6 6387/5/6
f 7593/15/6 7887/15/6 6805/15/6
f 6805/15/6 7887/15/6 6803/15/6
f 6385/5/6 2419/5/6 6393/5/6
f 6393/5/6 2419/5/6 2449/5/6
f 6760/7/6 6804/7/6 6759/7/6
f 6759/7/6 6804/7/6 6756/7/6
f 7017/17/6 6977/17/6 6983/17/6
f 6983/17/6 6977/17/6 6980/17/6
f 6392/5/6 6414/5/6 6426/5/6
f 6426/5/6 6414/5/6 6427/5/6
f 6758/17/6 6757/17/6 6667/17/6
f 6667/17/6 6757/17/6 6665/17/6
f 6666/17/6 6580/17/6 6584/17/6
f 6584/17/6 6580/17/6 6581/17/6
f 6547/17/6 6501/17/6 5216/17/6
f 5216/17/6 6501/17/6 5191/17/6
f 5219/17/6 6516/17/6 7888/17/6
f 7888/17/6 6516/17/6 5183/17/6
f 6497/17/6 6496/17/6 7641/17/6
f 7641/17/6 6496/17/6 7727/17/6
f 7641/7/6 7727/7/6 5188/7/6
f 5188/7/6 7727/7/6 5189/7/6
f 5187/17/6 5186/17/6 5214/17/6
f 5214/17/6 5186/17/6 5215/17/6
f 6521/17/6 5293/17/6 5258/17/6
f 5258/17/6 5293/17/6 5259/17/6
f 5296/17/6 5287/17/6 7671/17/6
f 7671/17/6 5287/17/6 5352/17/6
f 7671/17/6 5351/17/6 5396/17/6
f 5396/17/6 5351/17/6 5397/17/6
f 5395/17/6 5394/17/6 5451/17/6
f 5451/17/6 5394/17/6 5564/17/6
f 5563/17/6 5553/17/6 5607/17/6
f 5607/17/6 5553/17/6 5543/17/6
f 5664/17/6 5663/17/6 5720/17/6
f 5720/17/6 5663/17/6 5721/17/6
f 6938/2/6 6978/2/6 5504/2/6
f 5504/2/6 6978/2/6 5443/2/6
f 5566/2/6 5565/2/6 5668/2/6
f 5668/2/6 5565/2/6 5561/2/6
f 6714/17/6 6761/17/6 6713/17/6
f 6713/17/6 6761/17/6 6711/17/6
f 6845/17/6 6888/17/6 6844/17/6
f 6844/17/6 6888/17/6 6842/17/6
f 6629/17/6 6712/17/6 6628/17/6
f 6628/17/6 6712/17/6 6625/17/6
f 6627/17/6 6626/17/6 7611/17/6
f 7611/17/6 6626/17/6 6583/17/6
f 7611/17/6 6582/17/6 6551/17/6
f 6551/17/6 6582/17/6 7885/17/6
f 6550/17/6 6549/17/6 5218/17/6
f 5218/17/6 6549/17/6 5219/17/6
f 6519/17/6 6518/17/6 7889/17/6
f 7889/17/6 6518/17/6 7888/17/6
f 7889/17/6 5182/17/6 5222/17/6
f 5222/17/6 5182/17/6 7636/17/6
f 5221/17/6 5220/17/6 5224/17/6
f 5224/17/6 5220/17/6 7890/17/6
f 5224/7/6 7890/7/6 6525/7/6
f 6525/7/6 7890/7/6 5213/7/6
f 6525/17/6 5206/17/6 5228/17/6
f 5228/17/6 5206/17/6 5203/17/6
f 5231/17/6 6522/17/6 5262/17/6
f 5262/17/6 6522/17/6 5263/17/6
f 5300/17/6 5257/17/6 5355/17/6
f 5355/17/6 5257/17/6 5356/17/6
f 5398/7/6 5395/7/6 5401/7/6
f 5401/7/6 5395/7/6 5451/7/6
f 7269/15/6 7268/15/6 7891/15/6
f 7891/15/6 7268/15/6 6138/15/6
f 7891/15/6 6137/15/6 7892/15/6
f 7892/15/6 6137/15/6 7265/15/6
f 7892/15/6 7264/15/6 6141/15/6
f 6141/15/6 7264/15/6 6142/15/6
f 6847/17/6 6846/17/6 6807/17/6
f 6807/17/6 6846/17/6 6806/17/6
f 6716/17/6 6715/17/6 6719/17/6
f 6719/17/6 6715/17/6 6668/17/6
f 6631/17/6 6630/17/6 6588/17/6
f 6588/17/6 6630/17/6 6585/17/6
f 6587/17/6 6586/17/6 7618/17/6
f 7618/17/6 6586/17/6 7626/17/6
f 7618/7/6 7626/7/6 6553/7/6
f 6553/7/6 7626/7/6 5217/7/6
f 5270/17/6 7893/17/6 6524/17/6
f 6524/17/6 7893/17/6 5221/17/6
f 6523/17/6 5222/17/6 5226/17/6
f 5226/17/6 5222/17/6 5227/17/6
f 6527/7/6 6526/7/6 5230/7/6
f 5230/7/6 6526/7/6 5231/7/6
f 5229/17/6 5228/17/6 5265/17/6
f 5265/17/6 5228/17/6 5266/17/6
f 5264/17/6 5260/17/6 5299/17/6
f 5299/17/6 5260/17/6 5257/17/6
f 5298/17/6 5297/17/6 5301/17/6
f 5301/17/6 5297/17/6 5358/17/6
f 5357/17/6 5353/17/6 7674/17/6
f 7674/17/6 5353/17/6 5400/17/6
f 7674/17/6 5399/17/6 5403/17/6
f 5403/17/6 5399/17/6 5404/17/6
f 5506/17/6 5505/17/6 5570/17/6
f 5570/17/6 5505/17/6 5571/17/6
f 5785/17/6 5784/17/6 5887/17/6
f 5887/17/6 5784/17/6 5783/17/6
f 6766/15/6 6809/15/6 5507/15/6
f 5507/15/6 6809/15/6 5503/15/6
f 6988/2/6 6939/2/6 5789/2/6
f 5789/2/6 6939/2/6 5723/2/6
f 7833/2/6 7820/2/6 7835/2/6
f 7835/2/6 7820/2/6 7822/2/6
f 6721/17/6 6764/17/6 6720/17/6
f 6720/17/6 6764/17/6 6718/17/6
f 6895/7/6 6894/7/6 6852/7/6
f 6852/7/6 6894/7/6 6849/7/6
f 7026/7/6 7025/7/6 6992/7/6
f 6992/7/6 7025/7/6 6990/7/6
f 6591/17/6 6590/17/6 5308/17/6
f 5308/17/6 6590/17/6 6552/17/6
f 6554/17/6 5216/17/6 7894/17/6
f 7894/17/6 5216/17/6 6517/17/6
f 7894/17/6 6520/17/6 5269/17/6
f 5269/17/6 6520/17/6 7893/17/6
f 5268/17/6 5267/17/6 6598/17/6
f 6598/17/6 5267/17/6 7895/17/6
f 6598/7/6 7895/7/6 7897/7/6
f 7897/7/6 7895/7/6 7896/7/6
f 6556/17/6 5224/17/6 5273/17/6
f 5273/17/6 5224/17/6 6525/17/6
f 5316/17/6 7898/17/6 6604/17/6
f 6604/17/6 7898/17/6 5264/17/6
f 6604/7/6 5264/7/6 5320/7/6
f 5320/7/6 5264/7/6 5299/7/6
f 5320/17/6 5299/17/6 5303/17/6
f 5303/17/6 5299/17/6 5304/17/6
f 5302/17/6 5301/17/6 5407/17/6
f 5407/17/6 5301/17/6 5408/17/6
f 5574/17/6 5573/17/6 5612/17/6
f 5612/17/6 5573/17/6 5569/17/6
f 6768/15/6 6767/15/6 5509/15/6
f 5509/15/6 6767/15/6 5510/15/6
f 6723/7/6 6722/7/6 6671/7/6
f 6671/7/6 6722/7/6 6669/7/6
f 6941/17/6 6896/17/6 6898/17/6
f 6898/17/6 6896/17/6 6897/17/6
f 7061/17/6 7027/17/6 7031/17/6
f 7031/17/6 7027/17/6 7028/17/6
f 6670/17/6 6592/17/6 6596/17/6
f 6596/17/6 6592/17/6 6593/17/6
f 6595/17/6 6594/17/6 5307/17/6
f 5307/17/6 6594/17/6 5308/17/6
f 5306/17/6 5305/17/6 6600/17/6
f 6600/17/6 5305/17/6 6597/17/6
f 6599/17/6 6598/17/6 7899/17/6
f 7899/17/6 6598/17/6 7897/17/6
f 7899/17/6 7896/17/6 5311/17/6
f 5311/17/6 7896/17/6 6555/17/6
f 5310/17/6 5309/17/6 5365/17/6
f 5365/17/6 5309/17/6 6601/17/6
f 6602/17/6 5271/17/6 5315/17/6
f 5315/17/6 5271/17/6 7898/17/6
f 6605/17/6 6604/17/6 5319/17/6
f 5319/17/6 6604/17/6 5320/17/6
f 5318/17/6 5317/17/6 5361/17/6
f 5361/17/6 5317/17/6 5302/17/6
f 7838/17/6 5454/17/6 5513/17/6
f 5513/17/6 5454/17/6 5453/17/6
f 5576/17/6 5575/17/6 5615/17/6
f 5615/17/6 5575/17/6 5574/17/6
f 5791/17/6 5790/17/6 5833/17/6
f 5833/17/6 5790/17/6 5834/17/6
f 7273/15/6 7272/15/6 6145/15/6
f 6145/15/6 7272/15/6 6146/15/6
f 6726/17/6 6671/17/6 6675/17/6
f 6675/17/6 6671/17/6 6672/17/6
f 6900/17/6 6899/17/6 6855/17/6
f 6855/17/6 6899/17/6 6853/17/6
f 7033/17/6 7032/17/6 6994/17/6
f 6994/17/6 7032/17/6 6993/17/6
f 6674/17/6 6673/17/6 6677/17/6
f 6677/17/6 6673/17/6 7627/17/6
f 6677/7/6 7627/7/6 7901/7/6
f 7901/7/6 7627/7/6 7900/7/6
f 5418/17/6 7902/17/6 5422/17/6
f 5422/17/6 7902/17/6 6635/17/6
f 6636/7/6 5310/7/6 5364/7/6
f 5364/7/6 5310/7/6 5365/7/6
f 5363/17/6 5362/17/6 6639/17/6
f 6639/17/6 5362/17/6 6637/17/6
f 6638/17/6 5313/17/6 5368/17/6
f 5368/17/6 5313/17/6 6603/17/6
f 5367/17/6 5366/17/6 5413/17/6
f 5413/17/6 5366/17/6 5414/17/6
f 5412/17/6 5411/17/6 5456/17/6
f 5456/17/6 5411/17/6 5410/17/6
f 5617/17/6 5616/17/6 5729/17/6
f 5729/17/6 5616/17/6 5730/17/6
f 7840/2/6 7832/2/6 7841/2/6
f 7841/2/6 7832/2/6 7834/2/6
f 6772/17/6 6771/17/6 7842/17/6
f 7842/17/6 6771/17/6 6728/17/6
f 6857/17/6 6856/17/6 6814/17/6
f 6814/17/6 6856/17/6 6811/17/6
f 7036/17/6 6994/17/6 6997/17/6
f 6997/17/6 6994/17/6 6995/17/6
f 6678/17/6 6677/17/6 7903/17/6
f 7903/17/6 6677/17/6 7901/17/6
f 7903/17/6 7900/17/6 5417/17/6
f 5417/17/6 7900/17/6 7902/17/6
f 6681/17/6 6680/17/6 5421/17/6
f 5421/17/6 6680/17/6 5422/17/6
f 5468/17/6 7904/17/6 7657/17/6
f 7657/17/6 7904/17/6 7905/17/6
f 7657/7/6 7905/7/6 5459/7/6
f 5459/7/6 7905/7/6 5460/7/6
f 5458/17/6 5457/17/6 5516/17/6
f 5516/17/6 5457/17/6 7837/17/6
f 5619/17/6 5618/17/6 5679/17/6
f 5679/17/6 5618/17/6 5617/17/6
f 6730/17/6 6729/17/6 5463/17/6
f 5463/17/6 6729/17/6 6676/17/6
f 6904/7/6 6903/7/6 5682/7/6
f 5682/7/6 6903/7/6 5683/7/6
f 6860/17/6 6859/17/6 6818/17/6
f 6818/17/6 6859/17/6 6815/17/6
f 6999/17/6 6998/17/6 5796/17/6
f 5796/17/6 6998/17/6 5797/17/6
f 5462/17/6 5461/17/6 5520/17/6
f 5520/17/6 5461/17/6 5521/17/6
f 7039/17/6 7038/17/6 5844/17/6
f 5844/17/6 7038/17/6 5845/17/6
f 6733/17/6 5415/17/6 7643/17/6
f 7643/17/6 5415/17/6 6679/17/6
f 7643/7/6 6682/7/6 7651/7/6
f 7651/7/6 6682/7/6 5420/7/6
f 7651/17/6 5419/17/6 5467/17/6
f 5467/17/6 5419/17/6 7904/17/6
f 5585/17/6 7637/17/6 5624/17/6
f 5624/17/6 7637/17/6 5625/17/6
f 5466/17/6 5465/17/6 5524/17/6
f 5524/17/6 5465/17/6 5525/17/6
f 5623/17/6 5622/17/6 5686/17/6
f 5686/17/6 5622/17/6 5687/17/6
f 5685/7/6 5684/7/6 5737/7/6
f 5737/7/6 5684/7/6 5738/7/6
f 7291/15/6 7290/15/6 6160/15/6
f 6160/15/6 7290/15/6 6161/15/6
f 7489/15/6 7488/15/6 6396/15/6
f 6396/15/6 7488/15/6 6397/15/6
f 6159/15/6 6158/15/6 7288/15/6
f 7288/15/6 6158/15/6 7285/15/6
f 7299/15/6 7298/15/6 6168/15/6
f 6168/15/6 7298/15/6 6169/15/6
f 6395/15/6 6394/15/6 7474/15/6
f 7474/15/6 6394/15/6 7471/15/6
f 7527/15/6 7526/15/6 6481/15/6
f 6481/15/6 7526/15/6 6482/15/6
f 6167/15/6 6166/15/6 7296/15/6
f 7296/15/6 6166/15/6 7293/15/6
f 7277/15/6 7276/15/6 6149/15/6
f 6149/15/6 7276/15/6 6150/15/6
f 7287/15/6 7286/15/6 6164/15/6
f 6164/15/6 7286/15/6 6165/15/6
f 7295/15/6 7294/15/6 6176/15/6
f 6176/15/6 7294/15/6 6177/15/6
f 7327/15/6 7326/15/6 6205/15/6
f 6205/15/6 7326/15/6 6206/15/6
f 7398/15/6 7397/15/6 6306/15/6
f 6306/15/6 7397/15/6 6307/15/6
f 7436/15/6 7435/15/6 6365/15/6
f 6365/15/6 7435/15/6 6366/15/6
f 7473/15/6 7472/15/6 6400/15/6
f 6400/15/6 7472/15/6 6401/15/6
f 7531/15/6 7530/15/6 6485/15/6
f 6485/15/6 7530/15/6 6486/15/6
f 6862/17/6 6818/17/6 5628/17/6
f 5628/17/6 6818/17/6 5629/17/6
f 6819/17/6 5518/17/6 5584/17/6
f 5584/17/6 5518/17/6 7637/17/6
f 6951/17/6 6950/17/6 5741/17/6
f 5741/17/6 6950/17/6 5742/17/6
f 5583/17/6 5582/17/6 5632/17/6
f 5632/17/6 5582/17/6 5633/17/6
f 5631/17/6 5630/17/6 5690/17/6
f 5690/17/6 5630/17/6 5691/17/6
f 6865/17/6 6864/17/6 5635/17/6
f 5635/17/6 6864/17/6 5636/17/6
f 7906/1/1 7907/1/1 2543/1/1
f 2543/1/1 7907/1/1 4468/1/1
f 7908/2/1 7909/2/1 2570/2/1
f 2570/2/1 7909/2/1 2574/2/1
f 7910/3/1 7911/3/1 4493/3/1
f 4493/3/1 7911/3/1 4496/3/1
f 7912/5/1 7913/5/1 2663/5/1
f 2663/5/1 7913/5/1 4993/5/1
f 7914/7/1 7915/7/1 4840/7/1
f 4840/7/1 7915/7/1 4987/7/1
f 7916/1/1 7917/1/1 4527/1/1
f 4527/1/1 7917/1/1 4991/1/1
f 7918/1/1 7919/1/1 2674/1/1
f 2674/1/1 7919/1/1 4994/1/1
f 7920/5/1 7921/5/1 4992/5/1
f 4992/5/1 7921/5/1 4998/5/1
f 7922/7/1 7923/7/1 5000/7/1
f 5000/7/1 7923/7/1 2687/7/1
f 7924/5/1 7925/5/1 5007/5/1
f 5007/5/1 7925/5/1 5005/5/1
f 7926/1/1 7927/1/1 5006/1/1
f 5006/1/1 7927/1/1 5003/1/1
f 7928/3/1 7929/3/1 7931/3/1
f 7931/3/1 7929/3/1 7930/3/1
f 7932/2/1 7933/2/1 2554/2/1
f 2554/2/1 7933/2/1 2555/2/1
f 7934/1/1 7935/1/1 7937/1/1
f 7937/1/1 7935/1/1 7936/1/1
f 7938/2/1 7939/2/1 2608/2/1
f 2608/2/1 7939/2/1 2610/2/1
f 7940/3/1 7941/3/1 7943/3/1
f 7943/3/1 7941/3/1 7942/3/1
f 7944/15/1 7945/15/1 7947/15/1
f 7947/15/1 7945/15/1 7946/15/1
f 7948/5/1 7949/5/1 7951/5/1
f 7951/5/1 7949/5/1 7950/5/1
f 7952/1/1 7953/1/1 5002/1/1
f 5002/1/1 7953/1/1 4999/1/1
f 7953/8/1 7954/8/1 7956/8/1
f 7956/8/1 7954/8/1 7955/8/1
f 7957/5/1 7958/5/1 7960/5/1
f 7960/5/1 7958/5/1 7959/5/1
f 7961/1/1 7962/1/1 7964/1/1
f 7964/1/1 7962/1/1 7963/1/1
f 7965/5/1 7966/5/1 7967/5/1
f 7967/5/1 7966/5/1 7927/5/1
f 7968/14/1 7969/14/1 7971/14/1
f 7971/14/1 7969/14/1 7970/14/1
f 7972/1/1 7973/1/1 7975/1/1
f 7975/1/1 7973/1/1 7974/1/1
f 7976/2/1 7977/2/1 4729/2/1
f 4729/2/1 7977/2/1 7978/2/1
f 7979/2/1 7980/2/1 2650/2/1
f 2650/2/1 7980/2/1 2651/2/1
f 7981/12/1 7982/12/1 7984/12/1
f 7984/12/1 7982/12/1 7983/12/1
f 7985/16/1 7986/16/1 2673/16/1
f 2673/16/1 7986/16/1 2674/16/1
f 7987/5/1 7988/5/1 7990/5/1
f 7990/5/1 7988/5/1 7989/5/1
f 7991/10/1 7992/10/1 7994/10/1
f 7994/10/1 7992/10/1 7993/10/1
f 7995/1/1 7996/1/1 7998/1/1
f 7998/1/1 7996/1/1 7997/1/1
f 7999/5/1 8000/5/1 8002/5/1
f 8002/5/1 8000/5/1 8001/5/1
f 8003/7/1 8004/7/1 2686/7/1
f 2686/7/1 8004/7/1 5001/7/1
f 8005/1/1 8006/1/1 8008/1/1
f 8008/1/1 8006/1/1 8007/1/1
f 8009/8/1 8010/8/1 7952/8/1
f 7952/8/1 8010/8/1 8011/8/1
f 8012/8/1 8013/8/1 8015/8/1
f 8015/8/1 8013/8/1 8014/8/1
f 8016/1/1 8017/1/1 8019/1/1
f 8019/1/1 8017/1/1 8018/1/1
f 8020/7/1 8021/7/1 8023/7/1
f 8023/7/1 8021/7/1 8022/7/1
f 8024/5/1 8025/5/1 8027/5/1
f 8027/5/1 8025/5/1 8026/5/1
f 8028/2/1 8029/2/1 2542/2/1
f 2542/2/1 8029/2/1 2543/2/1
f 8030/2/1 8031/2/1 8033/2/1
f 8033/2/1 8031/2/1 8032/2/1
f 8034/2/1 8035/2/1 2558/2/1
f 2558/2/1 8035/2/1 2559/2/1
f 8036/1/1 8037/1/1 8039/1/1
f 8039/1/1 8037/1/1 8038/1/1
f 8040/1/1 8041/1/1 8043/1/1
f 8043/1/1 8041/1/1 8042/1/1
f 8041/2/1 8044/2/1 2642/2/1
f 2642/2/1 8044/2/1 2645/2/1
f 8045/5/1 8046/5/1 8047/5/1
f 8047/5/1 8046/5/1 8017/5/1
f 8048/1/1 8049/1/1 8051/1/1
f 8051/1/1 8049/1/1 8050/1/1
f 8052/5/1 8053/5/1 8055/5/1
f 8055/5/1 8053/5/1 8054/5/1
f 8056/4/1 8057/4/1 8059/4/1
f 8059/4/1 8057/4/1 8058/4/1
f 8060/3/1 8061/3/1 8063/3/1
f 8063/3/1 8061/3/1 8062/3/1
f 8064/3/1 8065/3/1 8067/3/1
f 8067/3/1 8065/3/1 8066/3/1
f 8068/1/1 8069/1/1 8071/1/1
f 8071/1/1 8069/1/1 8070/1/1
f 8072/2/1 8073/2/1 2617/2/1
f 2617/2/1 8073/2/1 2618/2/1
f 8074/3/1 8075/3/1 8077/3/1
f 8077/3/1 8075/3/1 8076/3/1
f 8078/3/1 8079/3/1 8081/3/1
f 8081/3/1 8079/3/1 8080/3/1
f 8082/2/1 8083/2/1 8085/2/1
f 8085/2/1 8083/2/1 8084/2/1
f 8086/15/1 8087/15/1 8089/15/1
f 8089/15/1 8087/15/1 8088/15/1
f 8090/8/1 8091/8/1 8093/8/1
f 8093/8/1 8091/8/1 8092/8/1
f 8094/8/1 8095/8/1 8097/8/1
f 8097/8/1 8095/8/1 8096/8/1
f 8098/5/1 8099/5/1 8101/5/1
f 8101/5/1 8099/5/1 8100/5/1
f 8102/1/1 8103/1/1 8105/1/1
f 8105/1/1 8103/1/1 8104/1/1
f 8106/5/1 8107/5/1 8109/5/1
f 8109/5/1 8107/5/1 8108/5/1
f 8110/1/1 8111/1/1 8113/1/1
f 8113/1/1 8111/1/1 8112/1/1
f 8114/5/1 8115/5/1 8117/5/1
f 8117/5/1 8115/5/1 8116/5/1
f 8118/1/1 8119/1/1 8121/1/1
f 8121/1/1 8119/1/1 8120/1/1
f 8122/5/1 8123/5/1 8125/5/1
f 8125/5/1 8123/5/1 8124/5/1
f 8126/8/1 8127/8/1 8129/8/1
f 8129/8/1 8127/8/1 8128/8/1
f 8130/8/1 8131/8/1 8133/8/1
f 8133/8/1 8131/8/1 8132/8/1
f 8134/1/1 8135/1/1 8137/1/1
f 8137/1/1 8135/1/1 8136/1/1
f 8138/5/1 8139/5/1 8102/5/1
f 8102/5/1 8139/5/1 8140/5/1
f 8141/2/1 8142/2/1 8144/2/1
f 8144/2/1 8142/2/1 8143/2/1
f 8145/2/1 8146/2/1 2633/2/1
f 2633/2/1 8146/2/1 2634/2/1
f 8147/12/1 8148/12/1 8150/12/1
f 8150/12/1 8148/12/1 8149/12/1
f 8151/5/1 8152/5/1 8154/5/1
f 8154/5/1 8152/5/1 8153/5/1
f 8155/1/1 8156/1/1 8158/1/1
f 8158/1/1 8156/1/1 8157/1/1
f 8159/1/1 8160/1/1 8162/1/1
f 8162/1/1 8160/1/1 8161/1/1
f 8163/11/1 8164/11/1 8166/11/1
f 8166/11/1 8164/11/1 8165/11/1
f 8167/10/1 8168/10/1 8170/10/1
f 8170/10/1 8168/10/1 8169/10/1
f 8171/10/1 8172/10/1 8174/10/1
f 8174/10/1 8172/10/1 8173/10/1
f 8172/11/1 8175/11/1 8173/11/1
f 8173/11/1 8175/11/1 8176/11/1
f 8177/5/1 8178/5/1 8180/5/1
f 8180/5/1 8178/5/1 8179/5/1
f 8181/2/1 8182/2/1 8184/2/1
f 8184/2/1 8182/2/1 8183/2/1
f 8185/14/1 8186/14/1 8188/14/1
f 8188/14/1 8186/14/1 8187/14/1
f 8189/14/1 8190/14/1 8192/14/1
f 8192/14/1 8190/14/1 8191/14/1
f 8193/1/1 8194/1/1 8196/1/1
f 8196/1/1 8194/1/1 8195/1/1
f 8197/14/1 8198/14/1 8200/14/1
f 8200/14/1 8198/14/1 8199/14/1
f 8201/14/1 8202/14/1 8204/14/1
f 8204/14/1 8202/14/1 8203/14/1
f 8205/1/1 8206/1/1 8208/1/1
f 8208/1/1 8206/1/1 8207/1/1
f 8209/15/1 8210/15/1 8212/15/1
f 8212/15/1 8210/15/1 8211/15/1
f 8213/8/1 8214/8/1 8216/8/1
f 8216/8/1 8214/8/1 8215/8/1
f 8217/7/1 8218/7/1 8220/7/1
f 8220/7/1 8218/7/1 8219/7/1
f 8221/8/1 8222/8/1 8224/8/1
f 8224/8/1 8222/8/1 8223/8/1
f 8225/8/1 8226/8/1 8228/8/1
f 8228/8/1 8226/8/1 8227/8/1
f 8229/8/1 8230/8/1 8232/8/1
f 8232/8/1 8230/8/1 8231/8/1
f 8233/8/1 8234/8/1 8236/8/1
f 8236/8/1 8234/8/1 8235/8/1
f 8237/13/1 8238/13/1 8240/13/1
f 8240/13/1 8238/13/1 8239/13/1
f 8241/5/1 8242/5/1 8244/5/1
f 8244/5/1 8242/5/1 8243/5/1
f 8245/8/1 8246/8/1 8248/8/1
f 8248/8/1 8246/8/1 8247/8/1
f 8249/1/1 8250/1/1 8252/1/1
f 8252/1/1 8250/1/1 8251/1/1
f 8253/16/1 8254/16/1 8256/16/1
f 8256/16/1 8254/16/1 8255/16/1
f 8257/5/1 8258/5/1 8260/5/1
f 8260/5/1 8258/5/1 8259/5/1
f 8261/3/1 8262/3/1 8185/3/1
f 8185/3/1 8262/3/1 8186/3/1
f 8263/2/1 8264/2/1 8266/2/1
f 8266/2/1 8264/2/1 8265/2/1
f 8267/12/1 8268/12/1 8270/12/1
f 8270/12/1 8268/12/1 8269/12/1
f 8271/16/1 8272/16/1 8273/16/1
f 8273/16/1 8272/16/1 8256/16/1
f 8274/16/1 8275/16/1 8276/16/1
f 8276/16/1 8275/16/1 8254/16/1
f 8277/5/1 8278/5/1 8280/5/1
f 8280/5/1 8278/5/1 8279/5/1
f 8281/1/1 8282/1/1 8284/1/1
f 8284/1/1 8282/1/1 8283/1/1
f 8285/4/1 8286/4/1 8288/4/1
f 8288/4/1 8286/4/1 8287/4/1
f 8289/3/1 8290/3/1 8292/3/1
f 8292/3/1 8290/3/1 8291/3/1
f 8293/1/1 8294/1/1 8296/1/1
f 8296/1/1 8294/1/1 8295/1/1
f 8297/2/1 8298/2/1 8300/2/1
f 8300/2/1 8298/2/1 8299/2/1
f 8301/3/1 8302/3/1 8304/3/1
f 8304/3/1 8302/3/1 8303/3/1
f 8305/12/1 8306/12/1 2660/12/1
f 2660/12/1 8306/12/1 2666/12/1
f 8306/12/1 8307/12/1 8213/12/1
f 8213/12/1 8307/12/1 8308/12/1
f 8309/2/1 8310/2/1 8312/2/1
f 8312/2/1 8310/2/1 8311/2/1
f 8313/14/1 8314/14/1 8316/14/1
f 8316/14/1 8314/14/1 8315/14/1
f 8317/2/1 8318/2/1 8320/2/1
f 8320/2/1 8318/2/1 8319/2/1
f 8321/2/1 8322/2/1 8323/2/1
f 8323/2/1 8322/2/1 2581/2/1
f 8324/1/1 8325/1/1 8327/1/1
f 8327/1/1 8325/1/1 8326/1/1
f 8328/15/1 8329/15/1 2637/15/1
f 2637/15/1 8329/15/1 2638/15/1
f 8330/9/1 8331/9/1 4947/9/1
f 4947/9/1 8331/9/1 4946/9/1
f 8332/15/1 8333/15/1 2648/15/1
f 2648/15/1 8333/15/1 2654/15/1
f 8334/15/1 8335/15/1 8337/15/1
f 8337/15/1 8335/15/1 8336/15/1
f 8338/1/1 8339/1/1 8341/1/1
f 8341/1/1 8339/1/1 8340/1/1
f 8342/2/1 8343/2/1 8345/2/1
f 8345/2/1 8343/2/1 8344/2/1
f 8346/1/1 8347/1/1 8349/1/1
f 8349/1/1 8347/1/1 8348/1/1
f 8350/2/1 8351/2/1 8328/2/1
f 8328/2/1 8351/2/1 8329/2/1
f 8351/15/1 8352/15/1 8329/15/1
f 8329/15/1 8352/15/1 8332/15/1
f 8352/2/1 8353/2/1 8332/2/1
f 8332/2/1 8353/2/1 8333/2/1
f 8354/2/1 8355/2/1 8357/2/1
f 8357/2/1 8355/2/1 8356/2/1
f 8358/3/1 8359/3/1 8361/3/1
f 8361/3/1 8359/3/1 8360/3/1
f 8362/1/1 8363/1/1 8365/1/1
f 8365/1/1 8363/1/1 8364/1/1
f 8366/2/1 8367/2/1 2621/2/1
f 2621/2/1 8367/2/1 2622/2/1
f 8368/3/1 8369/3/1 8371/3/1
f 8371/3/1 8369/3/1 8370/3/1
f 8372/12/1 8373/12/1 8350/12/1
f 8350/12/1 8373/12/1 8351/12/1
f 8374/2/1 8375/2/1 8377/2/1
f 8377/2/1 8375/2/1 8376/2/1
f 8378/1/1 8379/1/1 8381/1/1
f 8381/1/1 8379/1/1 8380/1/1
f 8382/3/1 8383/3/1 8385/3/1
f 8385/3/1 8383/3/1 8384/3/1
f 8386/3/1 8387/3/1 8389/3/1
f 8389/3/1 8387/3/1 8388/3/1
f 8390/2/1 8391/2/1 2566/2/1
f 2566/2/1 8391/2/1 2567/2/1
f 8392/2/1 8393/2/1 8395/2/1
f 8395/2/1 8393/2/1 8394/2/1
f 8396/1/1 8397/1/1 8399/1/1
f 8399/1/1 8397/1/1 8398/1/1
f 8400/3/1 8401/3/1 8403/3/1
f 8403/3/1 8401/3/1 8402/3/1
f 8397/2/1 8404/2/1 8406/2/1
f 8406/2/1 8404/2/1 8405/2/1
f 8401/2/1 8407/2/1 8402/2/1
f 8402/2/1 8407/2/1 8408/2/1
f 8409/1/1 8410/1/1 8412/1/1
f 8412/1/1 8410/1/1 8411/1/1
f 8413/15/1 8414/15/1 8416/15/1
f 8416/15/1 8414/15/1 8415/15/1
f 8417/2/1 8418/2/1 8419/2/1
f 8419/2/1 8418/2/1 8381/2/1
f 8420/1/1 8421/1/1 8423/1/1
f 8423/1/1 8421/1/1 8422/1/1
f 8424/1/1 8425/1/1 8427/1/1
f 8427/1/1 8425/1/1 8426/1/1
f 8428/12/1 8429/12/1 8431/12/1
f 8431/12/1 8429/12/1 8430/12/1
f 8432/2/1 8433/2/1 8435/2/1
f 8435/2/1 8433/2/1 8434/2/1
f 8436/14/1 8437/14/1 8439/14/1
f 8439/14/1 8437/14/1 8438/14/1
f 8440/14/1 8441/14/1 8443/14/1
f 8443/14/1 8441/14/1 8442/14/1
f 8444/14/1 8445/14/1 8447/14/1
f 8447/14/1 8445/14/1 8446/14/1
f 8448/14/1 8449/14/1 8451/14/1
f 8451/14/1 8449/14/1 8450/14/1
f 8452/14/1 8453/14/1 8455/14/1
f 8455/14/1 8453/14/1 8454/14/1
f 8456/14/1 8457/14/1 8459/14/1
f 8459/14/1 8457/14/1 8458/14/1
f 8460/4/1 8461/4/1 8463/4/1
f 8463/4/1 8461/4/1 8462/4/1
f 8464/14/1 8465/14/1 8467/14/1
f 8467/14/1 8465/14/1 8466/14/1
f 8468/14/1 8469/14/1 8471/14/1
f 8471/14/1 8469/14/1 8470/14/1
f 8472/2/1 8473/2/1 2595/2/1
f 2595/2/1 8473/2/1 2597/2/1
f 8474/14/1 8475/14/1 8477/14/1
f 8477/14/1 8475/14/1 8476/14/1
f 8478/1/1 8479/1/1 8481/1/1
f 8481/1/1 8479/1/1 8480/1/1
f 8482/14/1 8483/14/1 8485/14/1
f 8485/14/1 8483/14/1 8484/14/1
f 8486/14/1 8487/14/1 8489/14/1
f 8489/14/1 8487/14/1 8488/14/1
f 8490/2/1 8491/2/1 8428/2/1
f 8428/2/1 8491/2/1 8492/2/1
f 8491/2/1 8493/2/1 2656/2/1
f 2656/2/1 8493/2/1 2657/2/1
f 8494/1/1 8495/1/1 8497/1/1
f 8497/1/1 8495/1/1 8496/1/1
f 8498/14/1 8499/14/1 8501/14/1
f 8501/14/1 8499/14/1 8500/14/1
f 8502/14/1 8503/14/1 8505/14/1
f 8505/14/1 8503/14/1 8504/14/1
f 8506/14/1 8507/14/1 8509/14/1
f 8509/14/1 8507/14/1 8508/14/1
f 8510/14/1 8511/14/1 8513/14/1
f 8513/14/1 8511/14/1 8512/14/1
f 8514/14/1 8515/14/1 8517/14/1
f 8517/14/1 8515/14/1 8516/14/1
f 8518/14/1 8519/14/1 8521/14/1
f 8521/14/1 8519/14/1 8520/14/1
f 8522/14/1 8523/14/1 8525/14/1
f 8525/14/1 8523/14/1 8524/14/1
f 8526/14/1 8527/14/1 8529/14/1
f 8529/14/1 8527/14/1 8528/14/1
f 8530/14/1 8531/14/1 8533/14/1
f 8533/14/1 8531/14/1 8532/14/1
f 8534/4/1 8535/4/1 8537/4/1
f 8537/4/1 8535/4/1 8536/4/1
f 8538/4/1 8539/4/1 8541/4/1
f 8541/4/1 8539/4/1 8540/4/1
f 8542/4/1 8543/4/1 8545/4/1
f 8545/4/1 8543/4/1 8544/4/1
f 8546/15/1 8547/15/1 8549/15/1
f 8549/15/1 8547/15/1 8548/15/1
f 8550/2/1 8551/2/1 8553/2/1
f 8553/2/1 8551/2/1 8552/2/1
f 8554/4/1 8555/4/1 8557/4/1
f 8557/4/1 8555/4/1 8556/4/1
f 8558/4/1 8559/4/1 8561/4/1
f 8561/4/1 8559/4/1 8560/4/1
f 8562/1/1 8563/1/1 8565/1/1
f 8565/1/1 8563/1/1 8564/1/1
f 8566/4/1 8567/4/1 8569/4/1
f 8569/4/1 8567/4/1 8568/4/1
f 8570/4/1 8571/4/1 8573/4/1
f 8573/4/1 8571/4/1 8572/4/1
f 8574/14/1 8575/14/1 8577/14/1
f 8577/14/1 8575/14/1 8576/14/1
f 8578/14/1 8579/14/1 8581/14/1
f 8581/14/1 8579/14/1 8580/14/1
f 8582/14/1 8583/14/1 8585/14/1
f 8585/14/1 8583/14/1 8584/14/1
f 8586/14/1 8587/14/1 8589/14/1
f 8589/14/1 8587/14/1 8588/14/1
f 8590/14/1 8591/14/1 8593/14/1
f 8593/14/1 8591/14/1 8592/14/1
f 8594/14/1 8595/14/1 8597/14/1
f 8597/14/1 8595/14/1 8596/14/1
f 8598/14/1 8599/14/1 8601/14/1
f 8601/14/1 8599/14/1 8600/14/1
f 8602/14/1 8603/14/1 8605/14/1
f 8605/14/1 8603/14/1 8604/14/1
f 8606/14/1 8607/14/1 8609/14/1
f 8609/14/1 8607/14/1 8608/14/1
f 8610/4/1 8611/4/1 8613/4/1
f 8613/4/1 8611/4/1 8612/4/1
f 8614/14/1 8615/14/1 8617/14/1
f 8617/14/1 8615/14/1 8616/14/1
f 8618/14/1 8619/14/1 8621/14/1
f 8621/14/1 8619/14/1 8620/14/1
f 8622/4/1 8623/4/1 8482/4/1
f 8482/4/1 8623/4/1 8483/4/1
f 8624/4/1 8625/4/1 8486/4/1
f 8486/4/1 8625/4/1 8487/4/1
f 8626/15/1 8627/15/1 8629/15/1
f 8629/15/1 8627/15/1 8628/15/1
f 8630/15/1 8631/15/1 8633/15/1
f 8633/15/1 8631/15/1 8632/15/1
f 8634/15/1 8635/15/1 8637/15/1
f 8637/15/1 8635/15/1 8636/15/1
f 8638/15/1 8639/15/1 8641/15/1
f 8641/15/1 8639/15/1 8640/15/1
f 8639/15/1 8642/15/1 8644/15/1
f 8644/15/1 8642/15/1 8643/15/1
f 8645/2/1 8646/2/1 8648/2/1
f 8648/2/1 8646/2/1 8647/2/1
f 8649/2/1 8650/2/1 8652/2/1
f 8652/2/1 8650/2/1 8651/2/1
f 8653/2/1 8654/2/1 8656/2/1
f 8656/2/1 8654/2/1 8655/2/1
f 8657/2/1 8658/2/1 2550/2/1
f 2550/2/1 8658/2/1 2551/2/1
f 8659/2/1 8660/2/1 8662/2/1
f 8662/2/1 8660/2/1 8661/2/1
f 8663/2/1 8664/2/1 8666/2/1
f 8666/2/1 8664/2/1 8665/2/1
f 8667/2/1 8668/2/1 2562/2/1
f 2562/2/1 8668/2/1 2563/2/1
f 8669/2/1 8670/2/1 8672/2/1
f 8672/2/1 8670/2/1 8671/2/1
f 8673/2/1 8674/2/1 8676/2/1
f 8676/2/1 8674/2/1 8675/2/1
f 8674/2/1 8677/2/1 8678/2/1
f 8678/2/1 8677/2/1 7909/2/1
f 8679/2/1 8680/2/1 8682/2/1
f 8682/2/1 8680/2/1 8681/2/1
f 8680/2/1 8683/2/1 8684/2/1
f 8684/2/1 8683/2/1 8322/2/1
f 8685/2/1 8686/2/1 2583/2/1
f 2583/2/1 8686/2/1 2587/2/1
f 8687/2/1 8688/2/1 2590/2/1
f 2590/2/1 8688/2/1 2591/2/1
f 8689/2/1 8690/2/1 2594/2/1
f 2594/2/1 8690/2/1 2595/2/1
f 8690/2/1 8691/2/1 8693/2/1
f 8693/2/1 8691/2/1 8692/2/1
f 8694/2/1 8695/2/1 2600/2/1
f 2600/2/1 8695/2/1 2604/2/1
f 8696/2/1 8697/2/1 2607/2/1
f 2607/2/1 8697/2/1 2608/2/1
f 8697/2/1 8698/2/1 8700/2/1
f 8700/2/1 8698/2/1 8699/2/1
f 8701/2/1 8702/2/1 2613/2/1
f 2613/2/1 8702/2/1 2614/2/1
f 8703/2/1 8704/2/1 8706/2/1
f 8706/2/1 8704/2/1 8705/2/1
f 8707/2/1 8708/2/1 8480/2/1
f 8480/2/1 8708/2/1 8709/2/1
f 8710/2/1 8711/2/1 8713/2/1
f 8713/2/1 8711/2/1 8712/2/1
f 8714/2/1 8715/2/1 8717/2/1
f 8717/2/1 8715/2/1 8716/2/1
f 8718/2/1 8719/2/1 8721/2/1
f 8721/2/1 8719/2/1 8720/2/1
f 8722/2/1 8723/2/1 8724/2/1
f 8724/2/1 8723/2/1 8083/2/1
f 8725/15/1 8726/15/1 8728/15/1
f 8728/15/1 8726/15/1 8727/15/1
f 8729/15/1 8730/15/1 8732/15/1
f 8732/15/1 8730/15/1 8731/15/1
f 8733/15/1 8734/15/1 8645/15/1
f 8645/15/1 8734/15/1 8735/15/1
f 8736/15/1 8737/15/1 8739/15/1
f 8739/15/1 8737/15/1 8738/15/1
f 8740/15/1 8741/15/1 8743/15/1
f 8743/15/1 8741/15/1 8742/15/1
f 8744/15/1 8745/15/1 8747/15/1
f 8747/15/1 8745/15/1 8746/15/1
f 8748/15/1 8749/15/1 8751/15/1
f 8751/15/1 8749/15/1 8750/15/1
f 8752/15/1 8753/15/1 8755/15/1
f 8755/15/1 8753/15/1 8754/15/1
f 8756/15/1 8757/15/1 8759/15/1
f 8759/15/1 8757/15/1 8758/15/1
f 8760/15/1 8761/15/1 8763/15/1
f 8763/15/1 8761/15/1 8762/15/1
f 8764/15/1 8765/15/1 8767/15/1
f 8767/15/1 8765/15/1 8766/15/1
f 8768/15/1 8769/15/1 8771/15/1
f 8771/15/1 8769/15/1 8770/15/1
f 8772/15/1 8773/15/1 8775/15/1
f 8775/15/1 8773/15/1 8774/15/1
f 8776/15/1 8777/15/1 8779/15/1
f 8779/15/1 8777/15/1 8778/15/1
f 8780/15/1 8781/15/1 8783/15/1
f 8783/15/1 8781/15/1 8782/15/1
f 8784/15/1 8785/15/1 8787/15/1
f 8787/15/1 8785/15/1 8786/15/1
f 8788/15/1 8789/15/1 8791/15/1
f 8791/15/1 8789/15/1 8790/15/1
f 8792/1/2 4465/1/2 8793/1/2
f 8793/1/2 4465/1/2 4467/1/2
f 7907/1/2 4468/1/2 8794/1/2
f 8794/1/2 4468/1/2 4469/1/2
f 8795/3/2 4941/3/2 8796/3/2
f 8796/3/2 4941/3/2 4940/3/2
f 8797/5/2 8798/5/2 8800/5/2
f 8800/5/2 8798/5/2 8799/5/2
f 8801/8/2 4863/8/2 8802/8/2
f 8802/8/2 4863/8/2 4988/8/2
f 8803/10/2 4996/10/2 8804/10/2
f 8804/10/2 4996/10/2 4995/10/2
f 8805/3/2 8806/3/2 8808/3/2
f 8808/3/2 8806/3/2 8807/3/2
f 8809/3/2 8810/3/2 8812/3/2
f 8812/3/2 8810/3/2 8811/3/2
f 8813/15/2 8814/15/2 8816/15/2
f 8816/15/2 8814/15/2 8815/15/2
f 8817/5/2 8818/5/2 8820/5/2
f 8820/5/2 8818/5/2 8819/5/2
f 8821/14/2 8822/14/2 8824/14/2
f 8824/14/2 8822/14/2 8823/14/2
f 8825/2/2 4500/2/2 8826/2/2
f 8826/2/2 4500/2/2 4501/2/2
f 8827/2/2 8828/2/2 8829/2/2
f 8829/2/2 8828/2/2 4507/2/2
f 8830/12/2 8831/12/2 8833/12/2
f 8833/12/2 8831/12/2 8832/12/2
f 8834/16/2 4520/16/2 8835/16/2
f 8835/16/2 4520/16/2 4523/16/2
f 8836/5/2 8837/5/2 8839/5/2
f 8839/5/2 8837/5/2 8838/5/2
f 8840/13/2 4528/13/2 8841/13/2
f 8841/13/2 4528/13/2 4531/13/2
f 8842/11/2 8843/11/2 8845/11/2
f 8845/11/2 8843/11/2 8844/11/2
f 8846/8/2 8847/8/2 8012/8/2
f 8012/8/2 8847/8/2 8015/8/2
f 8848/8/2 8849/8/2 8851/8/2
f 8851/8/2 8849/8/2 8850/8/2
f 8852/8/2 8853/8/2 8024/8/2
f 8024/8/2 8853/8/2 8027/8/2
f 8854/2/2 4462/2/2 8855/2/2
f 8855/2/2 4462/2/2 4465/2/2
f 8856/5/2 8857/5/2 8859/5/2
f 8859/5/2 8857/5/2 8858/5/2
f 8860/3/2 8861/3/2 8863/3/2
f 8863/3/2 8861/3/2 8862/3/2
f 8864/3/2 8865/3/2 8867/3/2
f 8867/3/2 8865/3/2 8866/3/2
f 8868/3/2 8869/3/2 8871/3/2
f 8871/3/2 8869/3/2 8870/3/2
f 8872/3/2 8873/3/2 8875/3/2
f 8875/3/2 8873/3/2 8874/3/2
f 8876/3/2 8877/3/2 8879/3/2
f 8879/3/2 8877/3/2 8878/3/2
f 8880/1/2 8825/1/2 8082/1/2
f 8082/1/2 8825/1/2 8826/1/2
f 8881/15/2 8882/15/2 8884/15/2
f 8884/15/2 8882/15/2 8883/15/2
f 8885/5/2 8886/5/2 8137/5/2
f 8137/5/2 8886/5/2 8887/5/2
f 8129/8/2 8888/8/2 8128/8/2
f 8128/8/2 8888/8/2 8889/8/2
f 8890/8/2 8891/8/2 8893/8/2
f 8893/8/2 8891/8/2 8892/8/2
f 8154/5/2 8894/5/2 8895/5/2
f 8895/5/2 8894/5/2 8886/5/2
f 8896/5/2 8897/5/2 8899/5/2
f 8899/5/2 8897/5/2 8898/5/2
f 8900/8/2 8901/8/2 8903/8/2
f 8903/8/2 8901/8/2 8902/8/2
f 8904/8/2 8094/8/2 8905/8/2
f 8905/8/2 8094/8/2 8095/8/2
f 8906/12/2 8907/12/2 8909/12/2
f 8909/12/2 8907/12/2 8908/12/2
f 8910/5/2 8911/5/2 8913/5/2
f 8913/5/2 8911/5/2 8912/5/2
f 8914/10/2 8915/10/2 8167/10/2
f 8167/10/2 8915/10/2 8170/10/2
f 8916/11/2 8917/11/2 8919/11/2
f 8919/11/2 8917/11/2 8918/11/2
f 8920/10/2 8921/10/2 8923/10/2
f 8923/10/2 8921/10/2 8922/10/2
f 8924/11/2 8925/11/2 8927/11/2
f 8927/11/2 8925/11/2 8926/11/2
f 8928/2/2 8792/2/2 8929/2/2
f 8929/2/2 8792/2/2 8793/2/2
f 8283/2/2 7907/2/2 8930/2/2
f 8930/2/2 7907/2/2 8794/2/2
f 8931/14/2 8932/14/2 8934/14/2
f 8934/14/2 8932/14/2 8933/14/2
f 8935/14/2 8936/14/2 8938/14/2
f 8938/14/2 8936/14/2 8937/14/2
f 8939/14/2 8940/14/2 8942/14/2
f 8942/14/2 8940/14/2 8941/14/2
f 8943/14/2 8944/14/2 8946/14/2
f 8946/14/2 8944/14/2 8945/14/2
f 8947/15/2 8948/15/2 8950/15/2
f 8950/15/2 8948/15/2 8949/15/2
f 8951/7/2 8952/7/2 8954/7/2
f 8954/7/2 8952/7/2 8953/7/2
f 8955/7/2 8956/7/2 8958/7/2
f 8958/7/2 8956/7/2 8957/7/2
f 8959/8/2 8960/8/2 8962/8/2
f 8962/8/2 8960/8/2 8961/8/2
f 8963/8/2 8964/8/2 8966/8/2
f 8966/8/2 8964/8/2 8965/8/2
f 8967/8/2 8968/8/2 8970/8/2
f 8970/8/2 8968/8/2 8969/8/2
f 8971/8/2 8972/8/2 8974/8/2
f 8974/8/2 8972/8/2 8973/8/2
f 8975/8/2 8976/8/2 8978/8/2
f 8978/8/2 8976/8/2 8977/8/2
f 8979/16/2 8980/16/2 8982/16/2
f 8982/16/2 8980/16/2 8981/16/2
f 8983/8/2 4519/8/2 8984/8/2
f 8984/8/2 4519/8/2 4539/8/2
f 8978/13/2 8977/13/2 8986/13/2
f 8986/13/2 8977/13/2 8985/13/2
f 8987/3/2 8931/3/2 8988/3/2
f 8988/3/2 8931/3/2 8934/3/2
f 8989/12/2 8990/12/2 8992/12/2
f 8992/12/2 8990/12/2 8991/12/2
f 8993/5/2 8994/5/2 8996/5/2
f 8996/5/2 8994/5/2 8995/5/2
f 8997/16/2 8998/16/2 8999/16/2
f 8999/16/2 8998/16/2 8979/16/2
f 9000/16/2 8982/16/2 9002/16/2
f 9002/16/2 8982/16/2 9001/16/2
f 8996/5/2 9003/5/2 9005/5/2
f 9005/5/2 9003/5/2 9004/5/2
f 9006/1/2 8928/1/2 9007/1/2
f 9007/1/2 8928/1/2 8929/1/2
f 8282/1/2 8283/1/2 9008/1/2
f 9008/1/2 8283/1/2 8930/1/2
f 9009/3/2 9010/3/2 9012/3/2
f 9012/3/2 9010/3/2 9011/3/2
f 9013/3/2 8261/3/2 9014/3/2
f 9014/3/2 8261/3/2 8262/3/2
f 9015/3/2 9016/3/2 9018/3/2
f 9018/3/2 9016/3/2 9017/3/2
f 9019/12/2 4516/12/2 9020/12/2
f 9020/12/2 4516/12/2 4519/12/2
f 9020/12/2 8983/12/2 9021/12/2
f 9021/12/2 8983/12/2 8984/12/2
f 9022/2/2 9023/2/2 9025/2/2
f 9025/2/2 9023/2/2 9024/2/2
f 9026/14/2 9027/14/2 9029/14/2
f 9029/14/2 9027/14/2 9028/14/2
f 9030/15/2 4488/15/2 9031/15/2
f 9031/15/2 4488/15/2 4509/15/2
f 9032/15/2 9033/15/2 9035/15/2
f 9035/15/2 9033/15/2 9034/15/2
f 9036/2/2 9030/2/2 9038/2/2
f 9038/2/2 9030/2/2 9037/2/2
f 9038/15/2 9037/15/2 9040/15/2
f 9040/15/2 9037/15/2 9039/15/2
f 9040/2/2 9039/2/2 9041/2/2
f 9041/2/2 9039/2/2 9031/2/2
f 9042/2/2 9006/2/2 9043/2/2
f 9043/2/2 9006/2/2 9007/2/2
f 8380/2/2 8282/2/2 9044/2/2
f 9044/2/2 8282/2/2 9008/2/2
f 9045/3/2 9046/3/2 9048/3/2
f 9048/3/2 9046/3/2 9047/3/2
f 8403/3/2 9049/3/2 8402/3/2
f 8402/3/2 9049/3/2 9050/3/2
f 9051/12/2 9052/12/2 9054/12/2
f 9054/12/2 9052/12/2 9053/12/2
f 9055/2/2 8880/2/2 8412/2/2
f 8412/2/2 8880/2/2 8082/2/2
f 9056/2/2 4504/2/2 9057/2/2
f 9057/2/2 4504/2/2 8828/2/2
f 9058/1/2 9042/1/2 9059/1/2
f 9059/1/2 9042/1/2 9043/1/2
f 8379/1/2 8380/1/2 9060/1/2
f 9060/1/2 8380/1/2 9044/1/2
f 9061/3/2 9062/3/2 9064/3/2
f 9064/3/2 9062/3/2 9063/3/2
f 9065/3/2 9066/3/2 9068/3/2
f 9068/3/2 9066/3/2 9067/3/2
f 9069/3/2 9070/3/2 9072/3/2
f 9072/3/2 9070/3/2 9071/3/2
f 9073/12/2 9074/12/2 9076/12/2
f 9076/12/2 9074/12/2 9075/12/2
f 9077/1/2 9055/1/2 8409/1/2
f 8409/1/2 9055/1/2 8412/1/2
f 9078/1/2 9056/1/2 9079/1/2
f 9079/1/2 9056/1/2 9057/1/2
f 9080/15/2 9081/15/2 9083/15/2
f 9083/15/2 9081/15/2 9082/15/2
f 9084/2/2 9085/2/2 9086/2/2
f 9086/2/2 9085/2/2 9042/2/2
f 9087/12/2 9088/12/2 9090/12/2
f 9090/12/2 9088/12/2 9089/12/2
f 9091/14/2 9092/14/2 9094/14/2
f 9094/14/2 9092/14/2 9093/14/2
f 9095/14/2 9096/14/2 9098/14/2
f 9098/14/2 9096/14/2 9097/14/2
f 9099/14/2 9100/14/2 9102/14/2
f 9102/14/2 9100/14/2 9101/14/2
f 9103/14/2 9104/14/2 9106/14/2
f 9106/14/2 9104/14/2 9105/14/2
f 9107/14/2 9108/14/2 9110/14/2
f 9110/14/2 9108/14/2 9109/14/2
f 9111/14/2 9112/14/2 8464/14/2
f 8464/14/2 9112/14/2 8467/14/2
f 9113/14/2 9114/14/2 9116/14/2
f 9116/14/2 9114/14/2 9115/14/2
f 9117/14/2 9118/14/2 9120/14/2
f 9120/14/2 9118/14/2 9119/14/2
f 8465/14/2 8466/14/2 9122/14/2
f 9122/14/2 8466/14/2 9121/14/2
f 9123/14/2 9124/14/2 9126/14/2
f 9126/14/2 9124/14/2 9125/14/2
f 9127/14/2 9128/14/2 8573/14/2
f 8573/14/2 9128/14/2 9129/14/2
f 9130/4/2 4478/4/2 9131/4/2
f 9131/4/2 4478/4/2 4488/4/2
f 9132/14/2 9133/14/2 9135/14/2
f 9135/14/2 9133/14/2 9134/14/2
f 8620/14/2 9136/14/2 9138/14/2
f 9138/14/2 9136/14/2 9137/14/2
f 9139/2/2 9140/2/2 9142/2/2
f 9142/2/2 9140/2/2 9141/2/2
f 9142/2/2 4510/2/2 9143/2/2
f 9143/2/2 4510/2/2 4512/2/2
f 9144/14/2 9145/14/2 9147/14/2
f 9147/14/2 9145/14/2 9146/14/2
f 9148/14/2 9149/14/2 9151/14/2
f 9151/14/2 9149/14/2 9150/14/2
f 9152/14/2 9153/14/2 9155/14/2
f 9155/14/2 9153/14/2 9154/14/2
f 9156/14/2 9157/14/2 9159/14/2
f 9159/14/2 9157/14/2 9158/14/2
f 9160/14/2 9161/14/2 9163/14/2
f 9163/14/2 9161/14/2 9162/14/2
f 9164/14/2 9165/14/2 9167/14/2
f 9167/14/2 9165/14/2 9166/14/2
f 9168/14/2 9169/14/2 9171/14/2
f 9171/14/2 9169/14/2 9170/14/2
f 9172/14/2 9173/14/2 9175/14/2
f 9175/14/2 9173/14/2 9174/14/2
f 9176/14/2 9177/14/2 9179/14/2
f 9179/14/2 9177/14/2 9178/14/2
f 9180/4/2 9181/4/2 9182/4/2
f 9182/4/2 9181/4/2 4478/4/2
f 9183/4/2 9184/4/2 9186/4/2
f 9186/4/2 9184/4/2 9185/4/2
f 9187/14/2 9188/14/2 9190/14/2
f 9190/14/2 9188/14/2 9189/14/2
f 9191/14/2 9192/14/2 9194/14/2
f 9194/14/2 9192/14/2 9193/14/2
f 9195/15/2 9196/15/2 9198/15/2
f 9198/15/2 9196/15/2 9197/15/2
f 8547/2/2 8548/2/2 9200/2/2
f 9200/2/2 8548/2/2 9199/2/2
f 9201/14/2 9202/14/2 9204/14/2
f 9204/14/2 9202/14/2 9203/14/2
f 9205/4/2 9206/4/2 9208/4/2
f 9208/4/2 9206/4/2 9207/4/2
f 9209/4/2 9210/4/2 9212/4/2
f 9212/4/2 9210/4/2 9211/4/2
f 9213/4/2 8475/4/2 9215/4/2
f 9215/4/2 8475/4/2 9214/4/2
f 9216/4/2 9217/4/2 9219/4/2
f 9219/4/2 9217/4/2 9218/4/2
f 9220/14/2 9221/14/2 9223/14/2
f 9223/14/2 9221/14/2 9222/14/2
f 9224/14/2 9225/14/2 9227/14/2
f 9227/14/2 9225/14/2 9226/14/2
f 9228/14/2 9229/14/2 9231/14/2
f 9231/14/2 9229/14/2 9230/14/2
f 9232/14/2 9233/14/2 9235/14/2
f 9235/14/2 9233/14/2 9234/14/2
f 9236/14/2 9237/14/2 8598/14/2
f 8598/14/2 9237/14/2 8601/14/2
f 9238/14/2 9239/14/2 9241/14/2
f 9241/14/2 9239/14/2 9240/14/2
f 9242/14/2 9243/14/2 8618/14/2
f 8618/14/2 9243/14/2 8621/14/2
f 8595/14/2 8596/14/2 9245/14/2
f 9245/14/2 8596/14/2 9244/14/2
f 9246/4/2 9247/4/2 9249/4/2
f 9249/4/2 9247/4/2 9248/4/2
f 9250/14/2 9251/14/2 9253/14/2
f 9253/14/2 9251/14/2 9252/14/2
f 9254/14/2 9255/14/2 8622/14/2
f 8622/14/2 9255/14/2 8482/14/2
f 8603/14/2 8604/14/2 9257/14/2
f 9257/14/2 8604/14/2 9256/14/2
f 9258/4/2 9259/4/2 9260/4/2
f 9260/4/2 9259/4/2 9131/4/2
f 9261/4/2 9132/4/2 9262/4/2
f 9262/4/2 9132/4/2 9135/4/2
f 9257/4/2 9256/4/2 9264/4/2
f 9264/4/2 9256/4/2 9263/4/2
f 9265/15/2 9266/15/2 9268/15/2
f 9268/15/2 9266/15/2 9267/15/2
f 9269/15/2 9270/15/2 9272/15/2
f 9272/15/2 9270/15/2 9271/15/2
f 9273/15/2 9274/15/2 9276/15/2
f 9276/15/2 9274/15/2 9275/15/2
f 9277/15/2 9278/15/2 9280/15/2
f 9280/15/2 9278/15/2 9279/15/2
f 9280/15/2 9281/15/2 9283/15/2
f 9283/15/2 9281/15/2 9282/15/2
f 8727/2/2 9284/2/2 8786/2/2
f 8786/2/2 9284/2/2 9285/2/2
f 9286/2/2 9287/2/2 9289/2/2
f 9289/2/2 9287/2/2 9288/2/2
f 9289/2/2 9058/2/2 9290/2/2
f 9290/2/2 9058/2/2 9059/2/2
f 9291/2/2 8379/2/2 9292/2/2
f 9292/2/2 8379/2/2 9060/2/2
f 9293/2/2 9294/2/2 9296/2/2
f 9296/2/2 9294/2/2 9295/2/2
f 9297/2/2 8495/2/2 9299/2/2
f 9299/2/2 8495/2/2 9298/2/2
f 9300/2/2 9301/2/2 9303/2/2
f 9303/2/2 9301/2/2 9302/2/2
f 9304/2/2 9305/2/2 9307/2/2
f 9307/2/2 9305/2/2 9306/2/2
f 9308/2/2 9309/2/2 9311/2/2
f 9311/2/2 9309/2/2 9310/2/2
f 9312/2/2 9313/2/2 9315/2/2
f 9315/2/2 9313/2/2 9314/2/2
f 9316/2/2 9317/2/2 9319/2/2
f 9319/2/2 9317/2/2 9318/2/2
f 9320/2/2 9321/2/2 9322/2/2
f 9322/2/2 9321/2/2 8562/2/2
f 9323/2/2 9324/2/2 9326/2/2
f 9326/2/2 9324/2/2 9325/2/2
f 9327/2/2 9328/2/2 9330/2/2
f 9330/2/2 9328/2/2 9329/2/2
f 9331/2/2 9332/2/2 9334/2/2
f 9334/2/2 9332/2/2 9333/2/2
f 9335/2/2 9336/2/2 9338/2/2
f 9338/2/2 9336/2/2 9337/2/2
f 9339/2/2 9340/2/2 9342/2/2
f 9342/2/2 9340/2/2 9341/2/2
f 9343/2/2 9344/2/2 9346/2/2
f 9346/2/2 9344/2/2 9345/2/2
f 9347/2/2 9348/2/2 9350/2/2
f 9350/2/2 9348/2/2 9349/2/2
f 9351/2/2 9077/2/2 9352/2/2
f 9352/2/2 9077/2/2 8409/2/2
f 9353/2/2 9078/2/2 9354/2/2
f 9354/2/2 9078/2/2 9079/2/2
f 9354/2/2 9355/2/2 9357/2/2
f 9357/2/2 9355/2/2 9356/2/2
f 9358/15/2 9359/15/2 8733/15/2
f 8733/15/2 9359/15/2 8645/15/2
f 9360/15/2 9361/15/2 9363/15/2
f 9363/15/2 9361/15/2 9362/15/2
f 8726/15/2 8727/15/2 9365/15/2
f 9365/15/2 8727/15/2 9364/15/2
f 9366/15/2 9367/15/2 9369/15/2
f 9369/15/2 9367/15/2 9368/15/2
f 9370/15/2 9371/15/2 9373/15/2
f 9373/15/2 9371/15/2 9372/15/2
f 9374/15/2 9375/15/2 9377/15/2
f 9377/15/2 9375/15/2 9376/15/2
f 9378/15/2 9379/15/2 9381/15/2
f 9381/15/2 9379/15/2 9380/15/2
f 9382/15/2 9383/15/2 9385/15/2
f 9385/15/2 9383/15/2 9384/15/2
f 9386/15/2 9387/15/2 9389/15/2
f 9389/15/2 9387/15/2 9388/15/2
f 9390/15/2 9391/15/2 9393/15/2
f 9393/15/2 9391/15/2 9392/15/2
f 9394/15/2 9395/15/2 9397/15/2
f 9397/15/2 9395/15/2 9396/15/2
f 9398/15/2 9399/15/2 9401/15/2
f 9401/15/2 9399/15/2 9400/15/2
f 9402/15/2 9403/15/2 9405/15/2
f 9405/15/2 9403/15/2 9404/15/2
f 9406/15/2 9407/15/2 9409/15/2
f 9409/15/2 9407/15/2 9408/15/2
f 8777/15/2 8778/15/2 9411/15/2
f 9411/15/2 8778/15/2 9410/15/2
f 9412/15/2 9413/15/2 9415/15/2
f 9415/15/2 9413/15/2 9414/15/2
f 8781/15/2 8782/15/2 9416/15/2
f 9416/15/2 8782/15/2 8646/15/2
f 9052/4/3 9051/4/3 9036/4/3
f 9036/4/3 9051/4/3 9074/4/3
f 9088/4/3 9417/4/3 9073/4/3
f 9073/4/3 9417/4/3 9260/4/3
f 8731/15/3 8730/15/3 9362/15/3
f 9362/15/3 8730/15/3 9363/15/3
f 9140/14/3 9139/14/3 9087/14/3
f 9087/14/3 9139/14/3 9418/14/3
f 8727/15/3 8726/15/3 8732/15/3
f 8732/15/3 8726/15/3 8729/15/3
f 9407/15/3 9406/15/3 9404/15/3
f 9404/15/3 9406/15/3 9405/15/3
f 8786/15/3 8785/15/3 9414/15/3
f 9414/15/3 8785/15/3 9415/15/3
f 9419/2/3 9420/2/3 9422/2/3
f 9422/2/3 9420/2/3 9421/2/3
f 9423/2/3 9424/2/3 9426/2/3
f 9426/2/3 9424/2/3 9425/2/3
f 8980/8/3 8979/8/3 8248/8/3
f 8248/8/3 8979/8/3 8245/8/3
f 9427/2/3 9428/2/3 9430/2/3
f 9430/2/3 9428/2/3 9429/2/3
f 2638/15/3 8329/15/3 4947/15/3
f 4947/15/3 8329/15/3 8330/15/3
f 2654/15/3 8333/15/3 4509/15/3
f 4509/15/3 8333/15/3 9031/15/3
f 8333/2/3 8353/2/3 9031/2/3
f 9031/2/3 8353/2/3 9041/2/3
f 9431/2/3 9432/2/3 9434/2/3
f 9434/2/3 9432/2/3 9433/2/3
f 8351/12/3 8373/12/3 9053/12/3
f 9053/12/3 8373/12/3 9054/12/3
f 8373/12/3 8430/12/3 9075/12/3
f 9075/12/3 8430/12/3 9076/12/3
f 8430/12/3 8429/12/3 9089/12/3
f 9089/12/3 8429/12/3 9090/12/3
f 9435/2/3 9436/2/3 9438/2/3
f 9438/2/3 9436/2/3 9437/2/3
f 9108/14/3 9107/14/3 8455/14/3
f 8455/14/3 9107/14/3 8452/14/3
f 9165/14/3 9164/14/3 8521/14/3
f 8521/14/3 9164/14/3 8518/14/3
f 8536/4/3 8535/4/3 9130/4/3
f 9130/4/3 8535/4/3 9182/4/3
f 9233/14/3 9232/14/3 8589/14/3
f 8589/14/3 9232/14/3 8586/14/3
f 8735/15/3 8734/15/3 9364/15/3
f 9364/15/3 8734/15/3 9365/15/3
f 8742/15/3 8741/15/3 9372/15/3
f 9372/15/3 8741/15/3 9373/15/3
f 8782/15/3 8781/15/3 8787/15/3
f 8787/15/3 8781/15/3 8784/15/3
f 8076/3/3 9439/3/3 9441/3/3
f 9441/3/3 9439/3/3 9440/3/3
f 8960/7/3 8959/7/3 8224/7/3
f 8224/7/3 8959/7/3 8221/7/3
f 8972/8/3 8971/8/3 8236/8/3
f 8236/8/3 8971/8/3 8233/8/3
f 8253/16/3 8272/16/3 8979/16/3
f 8979/16/3 8272/16/3 8999/16/3
f 8303/3/3 8302/3/3 9443/3/3
f 9443/3/3 8302/3/3 9442/3/3
f 9096/14/3 9095/14/3 8443/14/3
f 8443/14/3 9095/14/3 8440/14/3
f 9184/14/3 9183/14/3 8537/14/3
f 8537/14/3 9183/14/3 8534/14/3
f 9367/15/3 9366/15/3 8645/15/3
f 8645/15/3 9366/15/3 8733/15/3
f 9375/15/3 9374/15/3 8743/15/3
f 8743/15/3 9374/15/3 8740/15/3
f 8778/15/3 8777/15/3 8783/15/3
f 8783/15/3 8777/15/3 8780/15/3
f 7942/3/3 7941/3/3 9445/3/3
f 9445/3/3 7941/3/3 9444/3/3
f 7946/15/3 7945/15/3 8815/15/3
f 8815/15/3 7945/15/3 8816/15/3
f 8873/1/3 8872/1/3 8077/1/3
f 8077/1/3 8872/1/3 8074/1/3
f 8088/15/3 8087/15/3 8883/15/3
f 8883/15/3 8087/15/3 8884/15/3
f 8915/10/3 8914/10/3 8162/10/3
f 8162/10/3 8914/10/3 8159/10/3
f 9446/10/3 9447/10/3 9448/10/3
f 9448/10/3 9447/10/3 8255/10/3
f 8199/14/3 8198/14/3 9450/14/3
f 9450/14/3 8198/14/3 9449/14/3
f 8211/15/3 8210/15/3 8949/15/3
f 8949/15/3 8210/15/3 8950/15/3
f 9016/1/3 9015/1/3 8304/1/3
f 8304/1/3 9015/1/3 8301/1/3
f 8336/15/3 8335/15/3 9034/15/3
f 9034/15/3 8335/15/3 9035/15/3
f 8415/15/3 8414/15/3 9082/15/3
f 9082/15/3 8414/15/3 9083/15/3
f 8484/14/3 8483/14/3 8428/14/3
f 8428/14/3 8483/14/3 8490/14/3
f 9153/14/3 9152/14/3 8509/14/3
f 8509/14/3 9152/14/3 8506/14/3
f 9255/14/3 9254/14/3 8617/14/3
f 8617/14/3 9254/14/3 8614/14/3
f 8483/4/3 8623/4/3 9418/4/3
f 9418/4/3 8623/4/3 9417/4/3
f 8628/15/3 8627/15/3 9267/15/3
f 9267/15/3 8627/15/3 9268/15/3
f 8632/15/3 8631/15/3 9271/15/3
f 9271/15/3 8631/15/3 9272/15/3
f 8636/15/3 8635/15/3 9275/15/3
f 9275/15/3 8635/15/3 9276/15/3
f 8643/15/3 8642/15/3 9282/15/3
f 9282/15/3 8642/15/3 9283/15/3
f 8738/15/3 8737/15/3 9368/15/3
f 9368/15/3 8737/15/3 9369/15/3
f 8746/15/3 8745/15/3 9376/15/3
f 9376/15/3 8745/15/3 9377/15/3
f 8750/15/3 8749/15/3 9380/15/3
f 9380/15/3 8749/15/3 9381/15/3
f 8758/15/3 8757/15/3 9388/15/3
f 9388/15/3 8757/15/3 9389/15/3
f 8762/15/3 8761/15/3 9392/15/3
f 9392/15/3 8761/15/3 9393/15/3
f 8770/15/3 8769/15/3 9400/15/3
f 9400/15/3 8769/15/3 9401/15/3
f 8774/15/3 8773/15/3 8779/15/3
f 8779/15/3 8773/15/3 8776/15/3
f 8790/15/3 8789/15/3 8646/15/3
f 8646/15/3 8789/15/3 9416/15/3
f 8810/1/3 8809/1/3 7943/1/3
f 7943/1/3 8809/1/3 7940/1/3
f 8921/10/3 8920/10/3 8170/10/3
f 8170/10/3 8920/10/3 8167/10/3
f 8940/1/3 8939/1/3 8200/1/3
f 8200/1/3 8939/1/3 8197/1/3
f 8964/8/3 8963/8/3 8228/8/3
f 8228/8/3 8963/8/3 8225/8/3
f 9100/14/3 9099/14/3 8447/14/3
f 8447/14/3 9099/14/3 8444/14/3
f 9114/4/3 9113/4/3 8463/4/3
f 8463/4/3 9113/4/3 8460/4/3
f 9133/1/3 9132/1/3 8485/1/3
f 8485/1/3 9132/1/3 8482/1/3
f 9132/14/3 9261/14/3 8482/14/3
f 8482/14/3 9261/14/3 8622/14/3
f 8080/3/3 8079/3/3 8874/3/3
f 8874/3/3 8079/3/3 8875/3/3
f 8370/3/3 8369/3/3 8350/3/3
f 8350/3/3 8369/3/3 8372/3/3
f 9124/14/3 9123/14/3 8477/14/3
f 8477/14/3 9123/14/3 8474/14/3
f 8488/14/3 8487/14/3 9134/14/3
f 9134/14/3 8487/14/3 9135/14/3
f 9157/14/3 9156/14/3 8513/14/3
f 8513/14/3 9156/14/3 8510/14/3
f 9237/14/3 9236/14/3 8593/14/3
f 8593/14/3 9236/14/3 8590/14/3
f 8487/4/3 8625/4/3 9135/4/3
f 9135/4/3 8625/4/3 9262/4/3
f 8877/1/3 8876/1/3 8081/1/3
f 8081/1/3 8876/1/3 8078/1/3
f 8917/11/3 8916/11/3 8166/11/3
f 8166/11/3 8916/11/3 8163/11/3
f 8925/11/3 8924/11/3 8174/11/3
f 8174/11/3 8924/11/3 8171/11/3
f 8203/14/3 8202/14/3 8941/14/3
f 8941/14/3 8202/14/3 8942/14/3
f 8968/8/3 8967/8/3 8232/8/3
f 8232/8/3 8967/8/3 8229/8/3
f 8239/13/3 8238/13/3 8273/13/3
f 8273/13/3 8238/13/3 9451/13/3
f 9049/1/3 8403/1/3 8371/1/3
f 8371/1/3 8403/1/3 8368/1/3
f 8408/2/3 8407/2/3 8373/2/3
f 8373/2/3 8407/2/3 8430/2/3
f 9136/1/3 8620/1/3 8489/1/3
f 8489/1/3 8620/1/3 8486/1/3
f 9169/14/3 9168/14/3 8525/14/3
f 8525/14/3 9168/14/3 8522/14/3
f 9243/14/3 9242/14/3 8601/14/3
f 8601/14/3 9242/14/3 8598/14/3
f 8620/14/3 8619/14/3 8486/14/3
f 8486/14/3 8619/14/3 8624/14/3
f 4496/3/3 7911/3/3 2637/3/3
f 2637/3/3 7911/3/3 9445/3/3
f 8944/1/3 8943/1/3 8204/1/3
f 8204/1/3 8943/1/3 8201/1/3
f 8976/8/3 8975/8/3 8240/8/3
f 8240/8/3 8975/8/3 8237/8/3
f 9070/1/3 9069/1/3 8403/1/3
f 8403/1/3 9069/1/3 8400/1/3
f 9092/14/3 9091/14/3 8439/14/3
f 8439/14/3 9091/14/3 8436/14/3
f 9112/14/3 9111/14/3 8459/14/3
f 8459/14/3 9111/14/3 8456/14/3
f 8466/14/3 8465/14/3 8471/14/3
f 8471/14/3 8465/14/3 8468/14/3
f 9145/4/3 9144/4/3 8501/4/3
f 8501/4/3 9144/4/3 8498/4/3
f 9229/4/3 9228/4/3 8585/4/3
f 8585/4/3 9228/4/3 8582/4/3
f 8604/14/3 8603/14/3 8621/14/3
f 8621/14/3 8603/14/3 8618/14/3
f 4941/1/3 8795/1/3 4493/1/3
f 4493/1/3 8795/1/3 7910/1/3
f 9104/14/3 9103/14/3 8451/14/3
f 8451/14/3 9103/14/3 8448/14/3
f 9118/14/3 9117/14/3 8467/14/3
f 8467/14/3 9117/14/3 8464/14/3
f 8596/14/3 8595/14/3 8605/14/3
f 8605/14/3 8595/14/3 8602/14/3
f 9210/4/3 9209/4/3 9185/4/3
f 9185/4/3 9209/4/3 9186/4/3
f 9239/14/3 9238/14/3 8597/14/3
f 8597/14/3 9238/14/3 8594/14/3
f 8243/5/3 8242/5/3 8252/5/3
f 8252/5/3 8242/5/3 8249/5/3
f 8259/5/3 8258/5/3 9452/5/3
f 9452/5/3 8258/5/3 8279/5/3
f 9161/14/3 9160/14/3 8517/14/3
f 8517/14/3 9160/14/3 8514/14/3
f 9173/14/3 9172/14/3 8529/14/3
f 8529/14/3 9172/14/3 8526/14/3
f 4711/3/3 9453/3/3 4940/3/3
f 4940/3/3 9453/3/3 8796/3/3
f 9453/3/3 9454/3/3 8811/3/3
f 8811/3/3 9454/3/3 8812/3/3
f 9454/14/3 9455/14/3 9444/14/3
f 9444/14/3 9455/14/3 9441/14/3
f 9455/3/3 9456/3/3 8878/3/3
f 8878/3/3 9456/3/3 8879/3/3
f 9456/3/3 9457/3/3 8075/3/3
f 8075/3/3 9457/3/3 9439/3/3
f 9457/14/3 9458/14/3 9440/14/3
f 9440/14/3 9458/14/3 9450/14/3
f 8153/5/3 8152/5/3 8158/5/3
f 8158/5/3 8152/5/3 8155/5/3
f 9458/14/3 9459/14/3 8945/14/3
f 8945/14/3 9459/14/3 8946/14/3
f 9459/3/3 9460/3/3 9449/3/3
f 9449/3/3 9460/3/3 9443/3/3
f 9460/3/3 9461/3/3 9017/3/3
f 9017/3/3 9461/3/3 9018/3/3
f 9461/14/3 9462/14/3 9442/14/3
f 9442/14/3 9462/14/3 8350/14/3
f 9462/3/3 9463/3/3 9050/3/3
f 9050/3/3 9463/3/3 8402/3/3
f 9463/3/3 9464/3/3 9071/3/3
f 9071/3/3 9464/3/3 9072/3/3
f 9464/14/3 9465/14/3 8431/14/3
f 8431/14/3 9465/14/3 8428/14/3
f 9465/14/3 9466/14/3 9137/14/3
f 9137/14/3 9466/14/3 9138/14/3
f 9247/14/3 9246/14/3 8609/14/3
f 8609/14/3 9246/14/3 8606/14/3
f 4468/1/3 7907/1/3 4467/1/3
f 4467/1/3 7907/1/3 8793/1/3
f 2651/2/3 7980/2/3 4507/2/3
f 4507/2/3 7980/2/3 8829/2/3
f 8124/5/3 8123/5/3 8137/5/3
f 8137/5/3 8123/5/3 8134/5/3
f 7907/2/3 8283/2/3 8793/2/3
f 8793/2/3 8283/2/3 8929/2/3
f 8283/1/3 8282/1/3 8929/1/3
f 8929/1/3 8282/1/3 9007/1/3
f 8282/2/3 8380/2/3 9007/2/3
f 9007/2/3 8380/2/3 9043/2/3
f 8380/1/3 8379/1/3 9043/1/3
f 9043/1/3 8379/1/3 9059/1/3
f 4500/4/3 9467/4/3 4711/4/3
f 4711/4/3 9467/4/3 9466/4/3
f 9149/4/3 9148/4/3 8505/4/3
f 8505/4/3 9148/4/3 8502/4/3
f 9467/4/3 9468/4/3 9263/4/3
f 9263/4/3 9468/4/3 9264/4/3
f 8379/2/3 9291/2/3 9059/2/3
f 9059/2/3 9291/2/3 9290/2/3
f 8084/2/3 8723/2/3 9356/2/3
f 9356/2/3 8723/2/3 9357/2/3
f 2645/2/3 9469/2/3 2650/2/3
f 2650/2/3 9469/2/3 7979/2/3
f 9469/2/3 8044/2/3 8827/2/3
f 8827/2/3 8044/2/3 9355/2/3
f 8041/1/3 8377/1/3 8085/1/3
f 8085/1/3 8377/1/3 8082/1/3
f 8100/5/3 8099/5/3 8105/5/3
f 8105/5/3 8099/5/3 8102/5/3
f 8108/5/3 8107/5/3 8113/5/3
f 8113/5/3 8107/5/3 8110/5/3
f 8376/2/3 8375/2/3 8724/2/3
f 8724/2/3 8375/2/3 8411/2/3
f 8374/1/3 8721/1/3 8412/1/3
f 8412/1/3 8721/1/3 8409/1/3
f 9251/14/3 9250/14/3 8613/14/3
f 8613/14/3 9250/14/3 8610/14/3
f 9294/2/3 9293/2/3 9470/2/3
f 9470/2/3 9293/2/3 9292/2/3
f 8720/2/3 8719/2/3 8410/2/3
f 8410/2/3 8719/2/3 8722/2/3
f 7978/2/3 7977/2/3 2642/2/3
f 2642/2/3 7977/2/3 8042/2/3
f 7976/1/3 8717/1/3 8043/1/3
f 8043/1/3 8717/1/3 8040/1/3
f 8017/5/3 8046/5/3 8051/5/3
f 8051/5/3 8046/5/3 8048/5/3
f 9177/14/3 9176/14/3 8533/14/3
f 8533/14/3 9176/14/3 8530/14/3
f 9188/14/3 9187/14/3 8541/14/3
f 8541/14/3 9187/14/3 8538/14/3
f 8548/15/3 8547/15/3 8553/15/3
f 8553/15/3 8547/15/3 8550/15/3
f 9221/14/3 9220/14/3 8577/14/3
f 8577/14/3 9220/14/3 8574/14/3
f 8495/2/3 9297/2/3 9295/2/3
f 9295/2/3 9297/2/3 9296/2/3
f 8716/2/3 8715/2/3 8041/2/3
f 8041/2/3 8715/2/3 8718/2/3
f 7989/5/3 7988/5/3 7998/5/3
f 7998/5/3 7988/5/3 7995/5/3
f 8853/8/3 8852/8/3 8019/8/3
f 8019/8/3 8852/8/3 8016/8/3
f 2634/2/3 8146/2/3 4729/2/3
f 4729/2/3 8146/2/3 8207/2/3
f 8145/1/3 8406/1/3 8208/1/3
f 8208/1/3 8406/1/3 8205/1/3
f 8405/2/3 8404/2/3 8206/2/3
f 8206/2/3 8404/2/3 8426/2/3
f 8397/1/3 8713/1/3 8427/1/3
f 8427/1/3 8713/1/3 8424/1/3
f 9196/15/3 9195/15/3 8549/15/3
f 8549/15/3 9195/15/3 8546/15/3
f 9206/2/3 9205/2/3 8561/2/3
f 8561/2/3 9205/2/3 8558/2/3
f 9301/2/3 9300/2/3 9298/2/3
f 9298/2/3 9300/2/3 9299/2/3
f 8712/2/3 8711/2/3 8425/2/3
f 8425/2/3 8711/2/3 8714/2/3
f 7959/5/3 7958/5/3 7964/5/3
f 7964/5/3 7958/5/3 7961/5/3
f 8847/8/3 8846/8/3 8008/8/3
f 8008/8/3 8846/8/3 8005/8/3
f 2622/2/3 8367/2/3 2633/2/3
f 2633/2/3 8367/2/3 8398/2/3
f 8366/1/3 8480/1/3 8399/1/3
f 8399/1/3 8480/1/3 8396/1/3
f 9225/14/3 9224/14/3 8581/14/3
f 8581/14/3 9224/14/3 8578/14/3
f 9305/2/3 9304/2/3 9302/2/3
f 9302/2/3 9304/2/3 9303/2/3
f 8709/2/3 8708/2/3 8397/2/3
f 8397/2/3 8708/2/3 8710/2/3
f 4993/5/3 7913/5/3 4527/5/3
f 4527/5/3 7913/5/3 7916/5/3
f 5005/5/3 7925/5/3 5006/5/3
f 5006/5/3 7925/5/3 7926/5/3
f 8849/8/3 8848/8/3 8015/8/3
f 8015/8/3 8848/8/3 8012/8/3
f 2618/2/3 8073/2/3 2621/2/3
f 2621/2/3 8073/2/3 8120/2/3
f 8072/1/3 8300/1/3 8121/1/3
f 8121/1/3 8300/1/3 8118/1/3
f 8299/2/3 8298/2/3 8119/2/3
f 8119/2/3 8298/2/3 8326/2/3
f 8297/1/3 8395/1/3 8327/1/3
f 8327/1/3 8395/1/3 8324/1/3
f 8394/2/3 8393/2/3 8325/2/3
f 8325/2/3 8393/2/3 8480/2/3
f 8392/1/3 8706/1/3 8481/1/3
f 8481/1/3 8706/1/3 8478/1/3
f 9192/14/3 9191/14/3 8545/14/3
f 8545/14/3 9191/14/3 8542/14/3
f 9309/2/3 9308/2/3 9306/2/3
f 9306/2/3 9308/2/3 9307/2/3
f 8705/2/3 8704/2/3 8479/2/3
f 8479/2/3 8704/2/3 8707/2/3
f 9202/14/3 9201/14/3 8557/14/3
f 8557/14/3 9201/14/3 8554/14/3
f 9313/2/3 9312/2/3 9310/2/3
f 9310/2/3 9312/2/3 9311/2/3
f 2614/2/3 8702/2/3 2617/2/3
f 2617/2/3 8702/2/3 8703/2/3
f 4740/8/3 7955/8/3 5007/8/3
f 5007/8/3 7955/8/3 7924/8/3
f 2610/2/3 7939/2/3 2613/2/3
f 2613/2/3 7939/2/3 8038/2/3
f 7955/8/3 7954/8/3 7960/8/3
f 7960/8/3 7954/8/3 7957/8/3
f 7954/8/3 9471/8/3 8027/8/3
f 8027/8/3 9471/8/3 8024/8/3
f 7938/2/3 8266/2/3 8039/2/3
f 8039/2/3 8266/2/3 8036/2/3
f 8265/2/3 8264/2/3 8037/2/3
f 8037/2/3 8264/2/3 8295/2/3
f 8263/2/3 8700/2/3 8296/2/3
f 8296/2/3 8700/2/3 8293/2/3
f 9317/2/3 9316/2/3 9314/2/3
f 9314/2/3 9316/2/3 9315/2/3
f 8699/2/3 8698/2/3 8294/2/3
f 8294/2/3 8698/2/3 8701/2/3
f 2687/7/3 7923/7/3 4740/7/3
f 4740/7/3 7923/7/3 7955/7/3
f 5001/7/3 8004/7/3 5002/7/3
f 5002/7/3 8004/7/3 8009/7/3
f 8022/7/3 8021/7/3 7954/7/3
f 7954/7/3 8021/7/3 9471/7/3
f 9321/2/3 9320/2/3 9318/2/3
f 9318/2/3 9320/2/3 9319/2/3
f 2604/2/3 8695/2/3 2607/2/3
f 2607/2/3 8695/2/3 8696/2/3
f 2597/2/3 8473/2/3 2600/2/3
f 2600/2/3 8473/2/3 8564/2/3
f 8472/2/3 8693/2/3 8565/2/3
f 8565/2/3 8693/2/3 8562/2/3
f 8692/2/3 8691/2/3 8563/2/3
f 8563/2/3 8691/2/3 8694/2/3
f 2591/2/3 8688/2/3 2594/2/3
f 2594/2/3 8688/2/3 8689/2/3
f 2660/12/4 4516/12/4 7983/12/4
f 7983/12/4 4516/12/4 8832/12/4
f 7984/12/4 8831/12/4 7981/12/4
f 7981/12/4 8831/12/4 8830/12/4
f 7982/12/4 8833/12/4 8149/12/4
f 8149/12/4 8833/12/4 8908/12/4
f 8150/12/4 8907/12/4 8147/12/4
f 8147/12/4 8907/12/4 8906/12/4
f 8148/12/4 8909/12/4 8269/12/4
f 8269/12/4 8909/12/4 8991/12/4
f 8270/12/4 8990/12/4 8267/12/4
f 8267/12/4 8990/12/4 8989/12/4
f 8268/12/4 8992/12/4 8305/12/4
f 8305/12/4 8992/12/4 9019/12/4
f 4470/4/4 9181/4/4 9472/4/4
f 9472/4/4 9181/4/4 9180/4/4
f 8767/15/4 9399/15/4 8764/15/4
f 8764/15/4 9399/15/4 9398/15/4
f 4512/15/4 8814/15/4 9422/15/4
f 9422/15/4 8814/15/4 8813/15/4
f 8862/1/4 8058/1/4 8863/1/4
f 8863/1/4 8058/1/4 8057/1/4
f 9421/15/4 8882/15/4 9426/15/4
f 9426/15/4 8882/15/4 8881/15/4
f 8093/8/4 9473/8/4 8952/8/4
f 8952/8/4 9473/8/4 8216/8/4
f 9425/15/4 8948/15/4 9430/15/4
f 9430/15/4 8948/15/4 8947/15/4
f 8953/8/4 8215/8/4 8954/8/4
f 8954/8/4 8215/8/4 8214/8/4
f 9011/1/4 8287/1/4 9012/1/4
f 9012/1/4 8287/1/4 8286/1/4
f 9429/15/4 9033/15/4 9434/15/4
f 9434/15/4 9033/15/4 9032/15/4
f 9433/15/4 9081/15/4 9438/15/4
f 9438/15/4 9081/15/4 9080/15/4
f 9437/15/4 9281/15/4 9143/15/4
f 9143/15/4 9281/15/4 9279/15/4
f 8728/15/4 9361/15/4 8725/15/4
f 8725/15/4 9361/15/4 9360/15/4
f 8755/15/4 9387/15/4 8752/15/4
f 8752/15/4 9387/15/4 9386/15/4
f 9396/15/4 8766/15/4 9397/15/4
f 9397/15/4 8766/15/4 8765/15/4
f 9408/15/4 9413/15/4 9409/15/4
f 9409/15/4 9413/15/4 9412/15/4
f 4523/8/4 2666/8/4 8888/8/4
f 8888/8/4 2666/8/4 9473/8/4
f 8889/1/4 8092/1/4 8128/1/4
f 8128/1/4 8092/1/4 8091/1/4
f 8129/8/4 8090/8/4 9474/8/4
f 9474/8/4 8090/8/4 8952/8/4
f 8981/8/4 8247/8/4 8982/8/4
f 8982/8/4 8247/8/4 8246/8/4
f 2648/15/4 4946/15/4 8332/15/4
f 8332/15/4 4946/15/4 8331/15/4
f 8385/3/4 9475/3/4 8382/3/4
f 8382/3/4 9475/3/4 9476/3/4
f 2656/2/4 4510/2/4 8492/2/4
f 8492/2/4 4510/2/4 9141/2/4
f 9109/14/4 8454/14/4 9110/14/4
f 9110/14/4 8454/14/4 8453/14/4
f 9166/14/4 8520/14/4 9167/14/4
f 9167/14/4 8520/14/4 8519/14/4
f 9234/14/4 8588/14/4 9235/14/4
f 9235/14/4 8588/14/4 8587/14/4
f 8648/2/4 9284/2/4 8645/2/4
f 8645/2/4 9284/2/4 8727/2/4
f 8645/15/4 8727/15/4 8733/15/4
f 8733/15/4 8727/15/4 8726/15/4
f 9384/15/4 8754/15/4 9385/15/4
f 9385/15/4 8754/15/4 8753/15/4
f 2673/16/4 4520/16/4 7985/16/4
f 7985/16/4 4520/16/4 8834/16/4
f 8063/3/4 8861/3/4 8060/3/4
f 8060/3/4 8861/3/4 8860/3/4
f 9477/8/4 8835/8/4 9478/8/4
f 9478/8/4 8835/8/4 8129/8/4
f 8961/8/4 8223/8/4 8962/8/4
f 8962/8/4 8223/8/4 8222/8/4
f 8973/8/4 8235/8/4 8974/8/4
f 8974/8/4 8235/8/4 8234/8/4
f 9451/16/4 8998/16/4 8271/16/4
f 8271/16/4 8998/16/4 8997/16/4
f 8276/16/4 8982/16/4 8274/16/4
f 8274/16/4 8982/16/4 9000/16/4
f 9063/1/4 8384/1/4 9064/1/4
f 9064/1/4 8384/1/4 8383/1/4
f 9097/14/4 8442/14/4 9098/14/4
f 9098/14/4 8442/14/4 8441/14/4
f 8569/4/4 9259/4/4 8566/4/4
f 8566/4/4 9259/4/4 9258/4/4
f 9410/15/4 8782/15/4 9411/15/4
f 9411/15/4 8782/15/4 8781/15/4
f 4995/1/4 4994/1/4 8804/1/4
f 8804/1/4 4994/1/4 7919/1/4
f 7931/3/4 9479/3/4 7928/3/4
f 7928/3/4 9479/3/4 9480/3/4
f 7947/15/4 2657/15/4 7944/15/4
f 7944/15/4 2657/15/4 9419/15/4
f 8866/1/4 8062/1/4 8867/1/4
f 8867/1/4 8062/1/4 8061/1/4
f 8089/15/4 9420/15/4 8086/15/4
f 8086/15/4 9420/15/4 9423/15/4
f 8902/1/4 8128/1/4 8903/1/4
f 8903/1/4 8128/1/4 8127/1/4
f 8170/10/4 8161/10/4 8167/10/4
f 8167/10/4 8161/10/4 8160/10/4
f 8212/15/4 9424/15/4 8209/15/4
f 8209/15/4 9424/15/4 9427/15/4
f 8337/15/4 9428/15/4 8334/15/4
f 8334/15/4 9428/15/4 9431/15/4
f 8389/3/4 9062/3/4 8386/3/4
f 8386/3/4 9062/3/4 9061/3/4
f 8416/15/4 9432/15/4 8413/15/4
f 8413/15/4 9432/15/4 9435/15/4
f 8644/15/4 9436/15/4 8640/15/4
f 8640/15/4 9436/15/4 8493/15/4
f 9154/14/4 8508/14/4 9155/14/4
f 9155/14/4 8508/14/4 8507/14/4
f 9214/14/4 8568/14/4 9215/14/4
f 9215/14/4 8568/14/4 8567/14/4
f 8482/4/4 8616/4/4 8622/4/4
f 8622/4/4 8616/4/4 8615/4/4
f 8629/15/4 9266/15/4 8626/15/4
f 8626/15/4 9266/15/4 9265/15/4
f 8633/15/4 9270/15/4 8630/15/4
f 8630/15/4 9270/15/4 9269/15/4
f 8637/15/4 9274/15/4 8634/15/4
f 8634/15/4 9274/15/4 9273/15/4
f 8641/15/4 9278/15/4 8638/15/4
f 8638/15/4 9278/15/4 9277/15/4
f 8739/15/4 9359/15/4 8736/15/4
f 8736/15/4 9359/15/4 9358/15/4
f 8747/15/4 9371/15/4 8744/15/4
f 8744/15/4 9371/15/4 9370/15/4
f 8751/15/4 9379/15/4 8748/15/4
f 8748/15/4 9379/15/4 9378/15/4
f 8759/15/4 9383/15/4 8756/15/4
f 8756/15/4 9383/15/4 9382/15/4
f 8763/15/4 9391/15/4 8760/15/4
f 8760/15/4 9391/15/4 9390/15/4
f 8771/15/4 9395/15/4 8768/15/4
f 8768/15/4 9395/15/4 9394/15/4
f 8775/15/4 9403/15/4 8772/15/4
f 8772/15/4 9403/15/4 9402/15/4
f 8791/15/4 8778/15/4 8788/15/4
f 8788/15/4 8778/15/4 8777/15/4
f 9481/10/4 4996/10/4 9482/10/4
f 9482/10/4 4996/10/4 8803/10/4
f 8807/1/4 7930/1/4 8808/1/4
f 8808/1/4 7930/1/4 7929/1/4
f 7994/10/4 9483/10/4 7991/10/4
f 7991/10/4 9483/10/4 7986/10/4
f 8922/10/4 8169/10/4 8923/10/4
f 8923/10/4 8169/10/4 8168/10/4
f 8220/7/4 8952/7/4 8217/7/4
f 8217/7/4 8952/7/4 8951/7/4
f 8965/8/4 8227/8/4 8966/8/4
f 8966/8/4 8227/8/4 8226/8/4
f 8292/3/4 9010/3/4 8289/3/4
f 8289/3/4 9010/3/4 9009/3/4
f 9067/1/4 8388/1/4 9068/1/4
f 9068/1/4 8388/1/4 8387/1/4
f 9101/14/4 8446/14/4 9102/14/4
f 9102/14/4 8446/14/4 8445/14/4
f 9115/14/4 8462/14/4 9116/14/4
f 9116/14/4 8462/14/4 8461/14/4
f 9129/14/4 8476/14/4 8573/14/4
f 8573/14/4 8476/14/4 8475/14/4
f 8573/4/4 8475/4/4 8570/4/4
f 8570/4/4 8475/4/4 9213/4/4
f 9484/10/4 7918/10/4 8843/10/4
f 8843/10/4 7918/10/4 9483/10/4
f 8844/1/4 7993/1/4 8845/1/4
f 8845/1/4 7993/1/4 7992/1/4
f 8133/8/4 8901/8/4 8130/8/4
f 8130/8/4 8901/8/4 8900/8/4
f 8188/14/4 9485/14/4 8185/14/4
f 8185/14/4 9485/14/4 9486/14/4
f 8957/8/4 8219/8/4 8958/8/4
f 8958/8/4 8219/8/4 8218/8/4
f 8185/3/4 9486/3/4 8261/3/4
f 8261/3/4 9486/3/4 8288/3/4
f 8262/1/4 8291/1/4 9014/1/4
f 9014/1/4 8291/1/4 8290/1/4
f 9125/14/4 9128/14/4 9126/14/4
f 9126/14/4 9128/14/4 9127/14/4
f 9158/14/4 8512/14/4 9159/14/4
f 9159/14/4 8512/14/4 8511/14/4
f 9218/14/4 8572/14/4 9219/14/4
f 9219/14/4 8572/14/4 8571/14/4
f 8601/14/4 8592/14/4 8598/14/4
f 8598/14/4 8592/14/4 8591/14/4
f 8067/3/4 8865/3/4 8064/3/4
f 8064/3/4 8865/3/4 8864/3/4
f 8097/8/4 9487/8/4 8094/8/4
f 8094/8/4 9487/8/4 9478/8/4
f 8095/1/4 8132/1/4 8905/1/4
f 8905/1/4 8132/1/4 8131/1/4
f 8918/11/4 8165/11/4 8919/11/4
f 8919/11/4 8165/11/4 8164/11/4
f 8969/8/4 8231/8/4 8970/8/4
f 8970/8/4 8231/8/4 8230/8/4
f 8933/1/4 8187/1/4 8988/1/4
f 8988/1/4 8187/1/4 8262/1/4
f 8361/3/4 9488/3/4 8358/3/4
f 8358/3/4 9488/3/4 9475/3/4
f 9170/4/4 8524/4/4 9171/4/4
f 9171/4/4 8524/4/4 8523/4/4
f 8621/14/4 8600/14/4 8618/14/4
f 8618/14/4 8600/14/4 8599/14/4
f 4531/11/4 9481/11/4 9489/11/4
f 9489/11/4 9481/11/4 9482/11/4
f 9489/11/4 9484/11/4 8841/11/4
f 8841/11/4 9484/11/4 8842/11/4
f 8840/13/4 9477/13/4 8891/13/4
f 8891/13/4 9477/13/4 9487/13/4
f 8870/1/4 8066/1/4 8871/1/4
f 8871/1/4 8066/1/4 8065/1/4
f 8892/1/4 8096/1/4 8893/1/4
f 8893/1/4 8096/1/4 8095/1/4
f 8192/14/4 8932/14/4 8189/14/4
f 8189/14/4 8932/14/4 8931/14/4
f 8316/14/4 8285/14/4 9046/14/4
f 9046/14/4 8285/14/4 9488/14/4
f 9047/1/4 8360/1/4 9048/1/4
f 9048/1/4 8360/1/4 8359/1/4
f 9093/14/4 8438/14/4 9094/14/4
f 9094/14/4 8438/14/4 8437/14/4
f 8467/14/4 8458/14/4 8464/14/4
f 8464/14/4 8458/14/4 8457/14/4
f 9121/14/4 8470/14/4 9122/14/4
f 9122/14/4 8470/14/4 8469/14/4
f 9146/14/4 8500/14/4 9147/14/4
f 9147/14/4 8500/14/4 8499/14/4
f 9230/14/4 8584/14/4 9231/14/4
f 9231/14/4 8584/14/4 8583/14/4
f 4839/13/4 4528/13/4 9490/13/4
f 9490/13/4 4528/13/4 8840/13/4
f 7971/14/4 9480/14/4 9491/14/4
f 9491/14/4 9480/14/4 8059/14/4
f 9490/8/4 8840/8/4 9492/8/4
f 9492/8/4 8840/8/4 8890/8/4
f 9492/8/4 8094/8/4 9493/8/4
f 9493/8/4 8094/8/4 8904/8/4
f 9493/8/4 8126/8/4 8995/8/4
f 8995/8/4 8126/8/4 9474/8/4
f 8937/1/4 8191/1/4 8938/1/4
f 8938/1/4 8191/1/4 8190/1/4
f 8995/7/4 8956/7/4 9003/7/4
f 9003/7/4 8956/7/4 8955/7/4
f 9028/1/4 8315/1/4 9029/1/4
f 9029/1/4 8315/1/4 8314/1/4
f 9105/14/4 8450/14/4 9106/14/4
f 9106/14/4 8450/14/4 8449/14/4
f 9119/14/4 8466/14/4 9120/14/4
f 9120/14/4 8466/14/4 8465/14/4
f 9244/14/4 8604/14/4 9245/14/4
f 9245/14/4 8604/14/4 8603/14/4
f 8823/1/4 7970/1/4 8824/1/4
f 8824/1/4 7970/1/4 7969/1/4
f 4840/7/4 4839/7/4 8913/7/4
f 8913/7/4 4839/7/4 8995/7/4
f 8280/5/4 9494/5/4 8277/5/4
f 8277/5/4 9494/5/4 8993/5/4
f 9211/4/4 9217/4/4 9212/4/4
f 9212/4/4 9217/4/4 9216/4/4
f 9240/14/4 8596/14/4 9241/14/4
f 9241/14/4 8596/14/4 8595/14/4
f 8898/8/4 9495/8/4 8899/8/4
f 8899/8/4 9495/8/4 8912/8/4
f 8244/5/4 8994/5/4 8241/5/4
f 8241/5/4 8994/5/4 9494/5/4
f 8260/5/4 8251/5/4 8257/5/4
f 8257/5/4 8251/5/4 8250/5/4
f 9162/14/4 8516/14/4 9163/14/4
f 9163/14/4 8516/14/4 8515/14/4
f 9174/4/4 8528/4/4 9175/4/4
f 9175/4/4 8528/4/4 8527/4/4
f 4861/3/4 4470/3/4 9496/3/4
f 9496/3/4 4470/3/4 9479/3/4
f 4988/1/4 4987/1/4 8802/1/4
f 8802/1/4 4987/1/4 7915/1/4
f 9496/3/4 8806/3/4 9497/3/4
f 9497/3/4 8806/3/4 8805/3/4
f 9497/14/4 8822/14/4 9498/14/4
f 9498/14/4 8822/14/4 8821/14/4
f 9498/14/4 7968/14/4 9499/14/4
f 9499/14/4 7968/14/4 9491/14/4
f 9499/3/4 8869/3/4 9500/3/4
f 9500/3/4 8869/3/4 8868/3/4
f 8887/8/4 9501/8/4 8137/8/4
f 8137/8/4 9501/8/4 9495/8/4
f 9500/3/4 8056/3/4 9503/3/4
f 9503/3/4 8056/3/4 9502/3/4
f 8885/5/4 8897/5/4 8895/5/4
f 8895/5/4 8897/5/4 8896/5/4
f 9503/14/4 9502/14/4 9504/14/4
f 9504/14/4 9502/14/4 9485/14/4
f 8154/5/4 8911/5/4 8151/5/4
f 8151/5/4 8911/5/4 8910/5/4
f 8180/5/4 8157/5/4 8177/5/4
f 8177/5/4 8157/5/4 8156/5/4
f 9504/14/4 8936/14/4 9505/14/4
f 9505/14/4 8936/14/4 8935/14/4
f 9505/3/4 8931/3/4 9506/3/4
f 9506/3/4 8931/3/4 8987/3/4
f 9506/3/4 8261/3/4 9507/3/4
f 9507/3/4 8261/3/4 9013/3/4
f 9507/14/4 9027/14/4 9508/14/4
f 9508/14/4 9027/14/4 9026/14/4
f 9508/14/4 8313/14/4 9509/14/4
f 9509/14/4 8313/14/4 9046/14/4
f 9509/3/4 9046/3/4 9510/3/4
f 9510/3/4 9046/3/4 9045/3/4
f 9510/3/4 9066/3/4 9511/3/4
f 9511/3/4 9066/3/4 9065/3/4
f 9511/14/4 9476/14/4 9513/14/4
f 9513/14/4 9476/14/4 9512/14/4
f 9248/14/4 8608/14/4 9249/14/4
f 9249/14/4 8608/14/4 8607/14/4
f 2542/2/4 4462/2/4 8028/2/4
f 8028/2/4 4462/2/4 8854/2/4
f 8858/8/4 9514/8/4 8859/8/4
f 8859/8/4 9514/8/4 9501/8/4
f 8125/5/4 9515/5/4 8122/5/4
f 8122/5/4 9515/5/4 8154/5/4
f 8102/5/4 8136/5/4 8138/5/4
f 8138/5/4 8136/5/4 8135/5/4
f 8312/2/4 9023/2/4 8309/2/4
f 8309/2/4 9023/2/4 9022/2/4
f 4501/2/4 4504/2/4 8412/2/4
f 8412/2/4 4504/2/4 9056/2/4
f 8412/1/4 9056/1/4 8409/1/4
f 8409/1/4 9056/1/4 9078/1/4
f 8419/2/4 9085/2/4 8417/2/4
f 8417/2/4 9085/2/4 9084/2/4
f 4469/4/4 4861/4/4 9516/4/4
f 9516/4/4 4861/4/4 9513/4/4
f 9516/4/4 9512/4/4 9470/4/4
f 9470/4/4 9512/4/4 9472/4/4
f 9150/4/4 8504/4/4 9151/4/4
f 9151/4/4 8504/4/4 8503/4/4
f 8652/2/4 9287/2/4 8649/2/4
f 8649/2/4 9287/2/4 9286/2/4
f 8409/2/4 9078/2/4 9352/2/4
f 9352/2/4 9078/2/4 9353/2/4
f 2547/1/4 4468/1/4 8183/1/4
f 8183/1/4 4468/1/4 7907/1/4
f 8838/8/4 9517/8/4 8839/8/4
f 8839/8/4 9517/8/4 9514/8/4
f 8184/2/4 7906/2/4 9518/2/4
f 9518/2/4 7906/2/4 8029/2/4
f 9518/2/4 8855/2/4 9519/2/4
f 9519/2/4 8855/2/4 9024/2/4
f 8101/5/4 8894/5/4 8098/5/4
f 8098/5/4 8894/5/4 9515/5/4
f 8109/5/4 8104/5/4 8106/5/4
f 8106/5/4 8104/5/4 8103/5/4
f 8117/5/4 8112/5/4 8114/5/4
f 8114/5/4 8112/5/4 8111/5/4
f 9519/2/4 8311/2/4 8181/2/4
f 8181/2/4 8311/2/4 8284/2/4
f 8182/1/4 8283/1/4 8356/1/4
f 8356/1/4 8283/1/4 8282/1/4
f 8357/2/4 8281/2/4 9520/2/4
f 9520/2/4 8281/2/4 8310/2/4
f 9520/2/4 9025/2/4 8354/2/4
f 8354/2/4 9025/2/4 9042/2/4
f 8355/1/4 8380/1/4 8655/1/4
f 8655/1/4 8380/1/4 8379/1/4
f 8656/2/4 8378/2/4 9521/2/4
f 9521/2/4 8378/2/4 8418/2/4
f 9521/2/4 9086/2/4 9522/2/4
f 9522/2/4 9086/2/4 9288/2/4
f 9252/14/4 8612/14/4 9253/14/4
f 9253/14/4 8612/14/4 8611/14/4
f 9522/2/4 8651/2/4 8653/2/4
f 8653/2/4 8651/2/4 8650/2/4
f 9349/2/4 9468/2/4 9350/2/4
f 9350/2/4 9468/2/4 9351/2/4
f 8819/8/4 7914/8/4 8820/8/4
f 8820/8/4 7914/8/4 9517/8/4
f 8047/5/4 8857/5/4 8045/5/4
f 8045/5/4 8857/5/4 8856/5/4
f 8055/5/4 8050/5/4 8052/5/4
f 8052/5/4 8050/5/4 8049/5/4
f 9178/14/4 8532/14/4 9179/14/4
f 9179/14/4 8532/14/4 8531/14/4
f 9189/14/4 8540/14/4 9190/14/4
f 9190/14/4 8540/14/4 8539/14/4
f 9199/2/4 8552/2/4 9200/2/4
f 9200/2/4 8552/2/4 8551/2/4
f 9222/14/4 8576/14/4 9223/14/4
f 9223/14/4 8576/14/4 8575/14/4
f 2550/2/4 2547/2/4 8657/2/4
f 8657/2/4 2547/2/4 8654/2/4
f 9345/2/4 9348/2/4 9346/2/4
f 9346/2/4 9348/2/4 9347/2/4
f 8799/8/4 4863/8/4 8800/8/4
f 8800/8/4 4863/8/4 8801/8/4
f 2554/2/4 2551/2/4 7932/2/4
f 7932/2/4 2551/2/4 7975/2/4
f 7933/1/4 7974/1/4 8032/1/4
f 8032/1/4 7974/1/4 7973/1/4
f 7990/5/4 8837/5/4 7987/5/4
f 7987/5/4 8837/5/4 8836/5/4
f 8002/5/4 7997/5/4 7999/5/4
f 7999/5/4 7997/5/4 7996/5/4
f 8027/5/4 8018/5/4 8024/5/4
f 8024/5/4 8018/5/4 8017/5/4
f 8033/2/4 7972/2/4 8030/2/4
f 8030/2/4 7972/2/4 8071/2/4
f 9523/1/4 8070/1/4 9524/1/4
f 9524/1/4 8070/1/4 8069/1/4
f 8144/2/4 8068/2/4 8141/2/4
f 8141/2/4 8068/2/4 8196/2/4
f 8142/1/4 8195/1/4 8319/1/4
f 8319/1/4 8195/1/4 8194/1/4
f 8320/2/4 8193/2/4 8317/2/4
f 8317/2/4 8193/2/4 8341/2/4
f 8318/1/4 8340/1/4 8434/1/4
f 8434/1/4 8340/1/4 8339/1/4
f 8435/2/4 8338/2/4 8432/2/4
f 8432/2/4 8338/2/4 8497/2/4
f 8433/1/4 8496/1/4 8661/1/4
f 8661/1/4 8496/1/4 8495/1/4
f 9197/2/4 8548/2/4 9198/2/4
f 9198/2/4 8548/2/4 8547/2/4
f 9207/14/4 8560/14/4 9208/14/4
f 9208/14/4 8560/14/4 8559/14/4
f 8662/2/4 8494/2/4 8659/2/4
f 8659/2/4 8494/2/4 8658/2/4
f 9341/2/4 9344/2/4 9342/2/4
f 9342/2/4 9344/2/4 9343/2/4
f 7951/5/4 8818/5/4 7948/5/4
f 7948/5/4 8818/5/4 8817/5/4
f 7967/5/4 7963/5/4 7965/5/4
f 7965/5/4 7963/5/4 7962/5/4
f 8015/8/4 8007/8/4 8012/8/4
f 8012/8/4 8007/8/4 8006/8/4
f 2558/2/4 2555/2/4 8034/2/4
f 8034/2/4 2555/2/4 8031/2/4
f 9226/14/4 8580/14/4 9227/14/4
f 9227/14/4 8580/14/4 8579/14/4
f 8666/2/4 8143/2/4 8663/2/4
f 8663/2/4 8143/2/4 8660/2/4
f 9337/2/4 9340/2/4 9338/2/4
f 9338/2/4 9340/2/4 9339/2/4
f 2663/5/4 8798/5/4 7912/5/4
f 7912/5/4 8798/5/4 8797/5/4
f 4992/5/4 4991/5/4 7920/5/4
f 7920/5/4 4991/5/4 7917/5/4
f 8850/8/4 8014/8/4 8851/8/4
f 8851/8/4 8014/8/4 8013/8/4
f 2562/2/4 2559/2/4 9525/2/4
f 9525/2/4 2559/2/4 8035/2/4
f 9525/2/4 9523/2/4 9526/2/4
f 9526/2/4 9523/2/4 9524/2/4
f 9193/4/4 8544/4/4 9194/4/4
f 9194/4/4 8544/4/4 8543/4/4
f 9526/2/4 8665/2/4 8667/2/4
f 8667/2/4 8665/2/4 8664/2/4
f 9333/2/4 9336/2/4 9334/2/4
f 9334/2/4 9336/2/4 9335/2/4
f 2566/2/4 2563/2/4 8390/2/4
f 8390/2/4 2563/2/4 8423/2/4
f 8391/1/4 8422/1/4 8671/1/4
f 8671/1/4 8422/1/4 8421/1/4
f 9203/14/4 8556/14/4 9204/14/4
f 9204/14/4 8556/14/4 8555/14/4
f 8672/2/4 8420/2/4 8669/2/4
f 8669/2/4 8420/2/4 8668/2/4
f 9329/2/4 9332/2/4 9330/2/4
f 9330/2/4 9332/2/4 9331/2/4
f 2570/2/4 2567/2/4 7908/2/4
f 7908/2/4 2567/2/4 7937/2/4
f 4893/8/4 4998/8/4 9527/8/4
f 9527/8/4 4998/8/4 7921/8/4
f 8678/2/4 7936/2/4 8344/2/4
f 8344/2/4 7936/2/4 7935/2/4
f 9527/8/4 7950/8/4 9528/8/4
f 9528/8/4 7950/8/4 7949/8/4
f 9528/8/4 8001/8/4 9529/8/4
f 9529/8/4 8001/8/4 8000/8/4
f 8345/2/4 7934/2/4 8342/2/4
f 8342/2/4 7934/2/4 8365/2/4
f 8343/2/4 8364/2/4 8675/2/4
f 8675/2/4 8364/2/4 8363/2/4
f 8676/2/4 8362/2/4 8673/2/4
f 8673/2/4 8362/2/4 8670/2/4
f 9325/2/4 9328/2/4 9326/2/4
f 9326/2/4 9328/2/4 9327/2/4
f 5000/7/4 4999/7/4 7922/7/4
f 7922/7/4 4999/7/4 7956/7/4
f 2686/7/4 4893/7/4 8003/7/4
f 8003/7/4 4893/7/4 9529/7/4
f 8023/7/4 8011/7/4 8020/7/4
f 8020/7/4 8011/7/4 8010/7/4
f 8323/2/4 2574/2/4 8321/2/4
f 8321/2/4 2574/2/4 8349/2/4
f 8684/2/4 8348/2/4 8681/2/4
f 8681/2/4 8348/2/4 8347/2/4
f 8682/2/4 8346/2/4 8679/2/4
f 8679/2/4 8346/2/4 8677/2/4
f 8562/2/4 9324/2/4 9322/2/4
f 9322/2/4 9324/2/4 9323/2/4
f 2583/2/4 2581/2/4 8685/2/4
f 8685/2/4 2581/2/4 8683/2/4
f 2590/2/4 2587/2/4 8687/2/4
f 8687/2/4 2587/2/4 8686/2/4
f 8855/2/5 8029/2/5 8854/2/5
f 8854/2/5 8029/2/5 8028/2/5
f 9025/2/5 8310/2/5 9022/2/5
f 9022/2/5 8310/2/5 8309/2/5
f 9086/2/5 8418/2/5 9084/2/5
f 9084/2/5 8418/2/5 8417/2/5
f 9290/2/5 9291/2/5 9286/2/5
f 9286/2/5 9291/2/5 8649/2/5
f 8283/2/5 8182/2/5 8284/2/5
f 8284/2/5 8182/2/5 8181/2/5
f 8380/2/5 8355/2/5 8381/2/5
f 8381/2/5 8355/2/5 8354/2/5
f 9292/2/5 9293/2/5 8650/2/5
f 8650/2/5 9293/2/5 8653/2/5
f 8058/14/5 8862/14/5 8059/14/5
f 8059/14/5 8862/14/5 8861/14/5
f 8287/3/5 9011/3/5 8288/3/5
f 8288/3/5 9011/3/5 9010/3/5
f 8384/3/5 9063/3/5 8385/3/5
f 8385/3/5 9063/3/5 9062/3/5
f 8062/14/5 8866/14/5 8063/14/5
f 8063/14/5 8866/14/5 8865/14/5
f 7930/3/5 8807/3/5 7931/3/5
f 7931/3/5 8807/3/5 8806/3/5
f 8388/3/5 9067/3/5 8389/3/5
f 8389/3/5 9067/3/5 9066/3/5
f 8291/3/5 8262/3/5 8292/3/5
f 8292/3/5 8262/3/5 8261/3/5
f 8187/14/5 8933/14/5 8188/14/5
f 8188/14/5 8933/14/5 8932/14/5
f 8066/14/5 8870/14/5 8067/14/5
f 8067/14/5 8870/14/5 8869/14/5
f 8360/14/5 9047/14/5 8361/14/5
f 8361/14/5 9047/14/5 9046/14/5
f 8191/14/5 8937/14/5 8192/14/5
f 8192/14/5 8937/14/5 8936/14/5
f 8315/3/5 9028/3/5 8316/3/5
f 8316/3/5 9028/3/5 9027/3/5
f 7970/3/5 8823/3/5 7971/3/5
f 7971/3/5 8823/3/5 8822/3/5
f 9530/4/5 9148/4/5 9472/4/5
f 9472/4/5 9148/4/5 9470/4/5
f 9296/2/5 9297/2/5 8654/2/5
f 8654/2/5 9297/2/5 8657/2/5
f 7974/2/5 7933/2/5 7975/2/5
f 7975/2/5 7933/2/5 7932/2/5
f 8195/2/5 8142/2/5 8196/2/5
f 8196/2/5 8142/2/5 8141/2/5
f 8340/2/5 8318/2/5 8341/2/5
f 8341/2/5 8318/2/5 8317/2/5
f 8496/2/5 8433/2/5 8497/2/5
f 8497/2/5 8433/2/5 8432/2/5
f 8506/14/5 8499/14/5 9531/14/5
f 9531/14/5 8499/14/5 8498/14/5
f 8500/1/5 9146/1/5 8501/1/5
f 8501/1/5 9146/1/5 9145/1/5
f 8514/14/5 8503/14/5 9532/14/5
f 9532/14/5 8503/14/5 8502/14/5
f 8504/1/5 9150/1/5 8505/1/5
f 8505/1/5 9150/1/5 9149/1/5
f 8070/2/5 9523/2/5 8071/2/5
f 8071/2/5 9523/2/5 8030/2/5
f 9299/2/5 9300/2/5 8658/2/5
f 8658/2/5 9300/2/5 8659/2/5
f 9523/2/5 8035/2/5 8031/2/5
f 8031/2/5 8035/2/5 8034/2/5
f 8518/14/5 8507/14/5 9533/14/5
f 9533/14/5 8507/14/5 9531/14/5
f 8508/1/5 9154/1/5 8509/1/5
f 8509/1/5 9154/1/5 9153/1/5
f 8512/1/5 9158/1/5 8513/1/5
f 8513/1/5 9158/1/5 9157/1/5
f 8516/1/5 9162/1/5 8517/1/5
f 8517/1/5 9162/1/5 9161/1/5
f 9303/2/5 9304/2/5 8660/2/5
f 8660/2/5 9304/2/5 8663/2/5
f 8520/1/5 9166/1/5 8521/1/5
f 8521/1/5 9166/1/5 9165/1/5
f 8522/14/5 9534/14/5 9156/14/5
f 9156/14/5 9534/14/5 9147/14/5
f 8526/14/5 9535/14/5 9536/14/5
f 9536/14/5 9535/14/5 9532/14/5
f 9535/14/5 9172/14/5 8515/14/5
f 8515/14/5 9172/14/5 9163/14/5
f 8530/14/5 9176/14/5 9295/14/5
f 9295/14/5 9176/14/5 8495/14/5
f 9307/2/5 9308/2/5 8664/2/5
f 8664/2/5 9308/2/5 8667/2/5
f 8422/2/5 8391/2/5 8423/2/5
f 8423/2/5 8391/2/5 8390/2/5
f 9537/14/5 9538/14/5 9530/14/5
f 9530/14/5 9538/14/5 9533/14/5
f 9538/14/5 8534/14/5 8519/14/5
f 8519/14/5 8534/14/5 9167/14/5
f 8534/14/5 9539/14/5 9164/14/5
f 9164/14/5 9539/14/5 9155/14/5
f 9539/14/5 9540/14/5 9152/14/5
f 9152/14/5 9540/14/5 8510/14/5
f 9540/14/5 8523/14/5 8511/14/5
f 8511/14/5 8523/14/5 9159/14/5
f 8524/1/5 9170/1/5 8525/1/5
f 8525/1/5 9170/1/5 9169/1/5
f 9171/14/5 9541/14/5 9168/14/5
f 9168/14/5 9541/14/5 9534/14/5
f 9541/14/5 8527/14/5 9144/14/5
f 9144/14/5 8527/14/5 9536/14/5
f 8528/1/5 9174/1/5 8529/1/5
f 8529/1/5 9174/1/5 9173/1/5
f 8532/1/5 9178/1/5 8533/1/5
f 8533/1/5 9178/1/5 9177/1/5
f 9311/2/5 9312/2/5 8668/2/5
f 8668/2/5 9312/2/5 8669/2/5
f 7936/2/5 8678/2/5 7937/2/5
f 7937/2/5 8678/2/5 7908/2/5
f 8364/2/5 8343/2/5 8365/2/5
f 8365/2/5 8343/2/5 8342/2/5
f 9182/4/5 9542/4/5 9180/4/5
f 9180/4/5 9542/4/5 9472/4/5
f 9542/4/5 8535/4/5 9537/4/5
f 9537/4/5 8535/4/5 8534/4/5
f 8536/1/5 9185/1/5 8537/1/5
f 8537/1/5 9185/1/5 9184/1/5
f 9186/4/5 9543/4/5 9183/4/5
f 9183/4/5 9543/4/5 9175/4/5
f 8538/14/5 9544/14/5 9470/14/5
f 9470/14/5 9544/14/5 9294/14/5
f 9544/14/5 9187/14/5 8531/14/5
f 8531/14/5 9187/14/5 9179/14/5
f 9545/4/5 9546/4/5 9548/4/5
f 9548/4/5 9546/4/5 9547/4/5
f 9546/14/5 8437/14/5 9547/14/5
f 9547/14/5 8437/14/5 8436/14/5
f 8438/1/5 9093/1/5 8439/1/5
f 8439/1/5 9093/1/5 9092/1/5
f 9094/14/5 9549/14/5 9091/14/5
f 9091/14/5 9549/14/5 9550/14/5
f 9549/4/5 9551/4/5 9550/4/5
f 9550/4/5 9551/4/5 9210/4/5
f 8540/1/5 9189/1/5 8541/1/5
f 8541/1/5 9189/1/5 9188/1/5
f 9315/2/5 9316/2/5 8670/2/5
f 8670/2/5 9316/2/5 8673/2/5
f 8348/2/5 8684/2/5 8349/2/5
f 8349/2/5 8684/2/5 8321/2/5
f 9552/4/5 8440/4/5 9546/4/5
f 9546/4/5 8440/4/5 9553/4/5
f 8440/14/5 9554/14/5 9553/14/5
f 9553/14/5 9554/14/5 9094/14/5
f 9554/4/5 9555/4/5 9094/4/5
f 9094/4/5 9555/4/5 9549/4/5
f 9556/14/5 9557/14/5 8539/14/5
f 8539/14/5 9557/14/5 9190/14/5
f 9557/14/5 9558/14/5 9298/14/5
f 9298/14/5 9558/14/5 9301/14/5
f 9558/14/5 8542/14/5 9302/14/5
f 9302/14/5 8542/14/5 9305/14/5
f 8542/14/5 9191/14/5 9306/14/5
f 9306/14/5 9191/14/5 9309/14/5
f 8442/1/5 9097/1/5 8443/1/5
f 8443/1/5 9097/1/5 9096/1/5
f 9098/14/5 8445/14/5 9095/14/5
f 9095/14/5 8445/14/5 8444/14/5
f 8446/1/5 9101/1/5 8447/1/5
f 8447/1/5 9101/1/5 9100/1/5
f 9559/14/5 9560/14/5 9562/14/5
f 9562/14/5 9560/14/5 9561/14/5
f 9560/4/5 8448/4/5 9561/4/5
f 9561/4/5 8448/4/5 9554/4/5
f 8448/14/5 9103/14/5 9554/14/5
f 9554/14/5 9103/14/5 9555/14/5
f 9563/4/5 8543/4/5 9556/4/5
f 9556/4/5 8543/4/5 8542/4/5
f 8544/1/5 9193/1/5 8545/1/5
f 8545/1/5 9193/1/5 9192/1/5
f 9319/2/5 9320/2/5 8677/2/5
f 8677/2/5 9320/2/5 8679/2/5
f 9564/4/5 9565/4/5 9098/4/5
f 9098/4/5 9565/4/5 8445/4/5
f 9565/14/5 9566/14/5 8445/14/5
f 8445/14/5 9566/14/5 9102/14/5
f 9566/14/5 9567/14/5 9099/14/5
f 9099/14/5 9567/14/5 9562/14/5
f 9567/4/5 9568/4/5 9559/4/5
f 9559/4/5 9568/4/5 9560/4/5
f 8450/1/5 9105/1/5 8451/1/5
f 8451/1/5 9105/1/5 9104/1/5
f 8546/15/5 9569/15/5 9570/15/5
f 9570/15/5 9569/15/5 8543/15/5
f 8452/14/5 9107/14/5 9552/14/5
f 9552/14/5 9107/14/5 8440/14/5
f 8456/14/5 9111/14/5 9560/14/5
f 9560/14/5 9111/14/5 8448/14/5
f 9571/15/5 8547/15/5 9563/15/5
f 9563/15/5 8547/15/5 9570/15/5
f 8548/1/5 9197/1/5 8549/1/5
f 8549/1/5 9197/1/5 9196/1/5
f 9198/15/5 9572/15/5 9195/15/5
f 9195/15/5 9572/15/5 9569/15/5
f 8554/14/5 9201/14/5 9310/14/5
f 9310/14/5 9201/14/5 9313/14/5
f 8454/1/5 9109/1/5 8455/1/5
f 8455/1/5 9109/1/5 9108/1/5
f 9573/14/5 8460/14/5 9564/14/5
f 9564/14/5 8460/14/5 9565/14/5
f 8460/4/5 9574/4/5 9565/4/5
f 9565/4/5 9574/4/5 9567/4/5
f 9574/14/5 8457/14/5 9567/14/5
f 9567/14/5 8457/14/5 9568/14/5
f 8458/1/5 8467/1/5 8459/1/5
f 8459/1/5 8467/1/5 9112/1/5
f 8464/14/5 9117/14/5 8449/14/5
f 8449/14/5 9117/14/5 9106/14/5
f 8552/1/5 9199/1/5 8553/1/5
f 8553/1/5 9199/1/5 8548/1/5
f 8556/1/5 9203/1/5 8557/1/5
f 8557/1/5 9203/1/5 9202/1/5
f 8689/2/5 8688/2/5 8686/2/5
f 8686/2/5 8688/2/5 8687/2/5
f 9575/14/5 9576/14/5 8441/14/5
f 8441/14/5 9576/14/5 9098/14/5
f 9576/4/5 8461/4/5 9573/4/5
f 9573/4/5 8461/4/5 8460/4/5
f 8462/1/5 9115/1/5 8463/1/5
f 8463/1/5 9115/1/5 9114/1/5
f 9577/4/5 8468/4/5 9574/4/5
f 9574/4/5 8468/4/5 8457/4/5
f 8468/14/5 8465/14/5 8457/14/5
f 8457/14/5 8465/14/5 8464/14/5
f 8466/1/5 9119/1/5 8467/1/5
f 8467/1/5 9119/1/5 9118/1/5
f 9578/2/5 9579/2/5 9571/2/5
f 9571/2/5 9579/2/5 8550/2/5
f 9579/2/5 8558/2/5 8551/2/5
f 8551/2/5 8558/2/5 9200/2/5
f 8558/2/5 9580/2/5 8547/2/5
f 8547/2/5 9580/2/5 9572/2/5
f 9324/14/5 8562/14/5 9318/14/5
f 9318/14/5 8562/14/5 9321/14/5
f 9581/14/5 9582/14/5 8453/14/5
f 8453/14/5 9582/14/5 9110/14/5
f 9582/4/5 9583/4/5 9575/4/5
f 9575/4/5 9583/4/5 9576/4/5
f 8474/14/5 9584/14/5 8461/14/5
f 8461/14/5 9584/14/5 9116/14/5
f 9584/14/5 9123/14/5 9113/14/5
f 9113/14/5 9123/14/5 9574/14/5
f 8470/1/5 9121/1/5 8471/1/5
f 8471/1/5 9121/1/5 8466/1/5
f 9122/14/5 9585/14/5 8465/14/5
f 8465/14/5 9585/14/5 9120/14/5
f 9586/4/5 8559/4/5 9578/4/5
f 9578/4/5 8559/4/5 8558/4/5
f 8560/1/5 9207/1/5 8561/1/5
f 8561/1/5 9207/1/5 9206/1/5
f 9208/4/5 9587/4/5 9205/4/5
f 9205/4/5 9587/4/5 9580/4/5
f 9587/4/5 9588/4/5 8543/4/5
f 8543/4/5 9588/4/5 9194/4/5
f 8564/2/5 8473/2/5 8565/2/5
f 8565/2/5 8473/2/5 8472/2/5
f 8694/2/5 8691/2/5 8683/2/5
f 8683/2/5 8691/2/5 8685/2/5
f 9589/14/5 9590/14/5 9545/14/5
f 9545/14/5 9590/14/5 9546/14/5
f 9590/4/5 9591/4/5 9581/4/5
f 9581/4/5 9591/4/5 9582/4/5
f 9128/1/5 9125/1/5 9592/1/5
f 9592/1/5 9125/1/5 9124/1/5
f 9593/4/5 9594/4/5 9122/4/5
f 9122/4/5 9594/4/5 9585/4/5
f 9594/14/5 9595/14/5 9549/14/5
f 9549/14/5 9595/14/5 9551/14/5
f 9328/14/5 9325/14/5 9314/14/5
f 9314/14/5 9325/14/5 9317/14/5
f 9259/4/5 9596/4/5 9130/4/5
f 9130/4/5 9596/4/5 9548/4/5
f 9596/4/5 9597/4/5 9589/4/5
f 9589/4/5 9597/4/5 9590/4/5
f 9597/14/5 9598/14/5 9590/14/5
f 9590/14/5 9598/14/5 9591/14/5
f 9598/14/5 8569/14/5 9582/14/5
f 9582/14/5 8569/14/5 9583/14/5
f 8569/14/5 8475/14/5 9576/14/5
f 9576/14/5 8475/14/5 8461/14/5
f 8476/1/5 9129/1/5 8477/1/5
f 8477/1/5 9129/1/5 9592/1/5
f 8573/14/5 9217/14/5 9127/14/5
f 9127/14/5 9217/14/5 9126/14/5
f 9217/14/5 9599/14/5 9577/14/5
f 9577/14/5 9599/14/5 8468/14/5
f 9599/14/5 9600/14/5 8469/14/5
f 8469/14/5 9600/14/5 9122/14/5
f 9600/14/5 9601/14/5 9593/14/5
f 9593/14/5 9601/14/5 9594/14/5
f 9601/4/5 9211/4/5 9594/4/5
f 9594/4/5 9211/4/5 9595/4/5
f 8574/14/5 9602/14/5 9603/14/5
f 9603/14/5 9602/14/5 9588/14/5
f 8696/2/5 8695/2/5 9323/2/5
f 9323/2/5 8695/2/5 9322/2/5
f 9604/4/5 8567/4/5 9605/4/5
f 9605/4/5 8567/4/5 8566/4/5
f 8568/1/5 9214/1/5 8569/1/5
f 8569/1/5 9214/1/5 8475/1/5
f 9215/4/5 8571/4/5 9213/4/5
f 9213/4/5 8571/4/5 8570/4/5
f 8572/1/5 9218/1/5 8573/1/5
f 8573/1/5 9218/1/5 9217/1/5
f 9219/4/5 9606/4/5 9216/4/5
f 9216/4/5 9606/4/5 9212/4/5
f 9606/4/5 9607/4/5 9209/4/5
f 9209/4/5 9607/4/5 9543/4/5
f 8576/1/5 9222/1/5 8577/1/5
f 8577/1/5 9222/1/5 9221/1/5
f 8580/1/5 9226/1/5 8581/1/5
f 8581/1/5 9226/1/5 9225/1/5
f 9332/14/5 9329/14/5 8555/14/5
f 8555/14/5 9329/14/5 9204/14/5
f 8586/14/5 8583/14/5 9608/14/5
f 9608/14/5 8583/14/5 8582/14/5
f 8584/1/5 9230/1/5 8585/1/5
f 8585/1/5 9230/1/5 9229/1/5
f 8594/14/5 9609/14/5 9610/14/5
f 9610/14/5 9609/14/5 9607/14/5
f 9336/14/5 9333/14/5 9224/14/5
f 9224/14/5 9333/14/5 9602/14/5
f 8038/2/5 7939/2/5 8039/2/5
f 8039/2/5 7939/2/5 7938/2/5
f 8295/2/5 8264/2/5 8296/2/5
f 8296/2/5 8264/2/5 8263/2/5
f 8701/2/5 8698/2/5 9327/2/5
f 9327/2/5 8698/2/5 9326/2/5
f 8588/1/5 9234/1/5 8589/1/5
f 8589/1/5 9234/1/5 9233/1/5
f 8592/1/5 8601/1/5 8593/1/5
f 8593/1/5 8601/1/5 9237/1/5
f 8598/14/5 8602/14/5 9236/14/5
f 9236/14/5 8602/14/5 9231/14/5
f 8602/14/5 8595/14/5 9228/14/5
f 9228/14/5 8595/14/5 9610/14/5
f 8596/1/5 9240/1/5 8597/1/5
f 8597/1/5 9240/1/5 9239/1/5
f 8606/14/5 9246/14/5 9160/14/5
f 9160/14/5 9246/14/5 8503/14/5
f 8610/14/5 9250/14/5 9586/14/5
f 9586/14/5 9250/14/5 9603/14/5
f 9340/14/5 9337/14/5 8579/14/5
f 8579/14/5 9337/14/5 9227/14/5
f 8703/2/5 8702/2/5 9331/2/5
f 9331/2/5 8702/2/5 9330/2/5
f 8614/14/5 9254/14/5 9611/14/5
f 9611/14/5 9254/14/5 8590/14/5
f 8600/1/5 8621/1/5 8601/1/5
f 8601/1/5 8621/1/5 9243/1/5
f 8618/14/5 8603/14/5 9242/14/5
f 9242/14/5 8603/14/5 8602/14/5
f 8604/1/5 9244/1/5 8605/1/5
f 8605/1/5 9244/1/5 8596/1/5
f 8608/1/5 9248/1/5 8609/1/5
f 8609/1/5 9248/1/5 9247/1/5
f 8612/1/5 9252/1/5 8613/1/5
f 8613/1/5 9252/1/5 9251/1/5
f 9344/14/5 9341/14/5 9220/14/5
f 9220/14/5 9341/14/5 8578/14/5
f 8120/2/5 8073/2/5 8121/2/5
f 8121/2/5 8073/2/5 8072/2/5
f 8326/2/5 8298/2/5 8327/2/5
f 8327/2/5 8298/2/5 8297/2/5
f 8480/2/5 8393/2/5 8481/2/5
f 8481/2/5 8393/2/5 8392/2/5
f 8707/2/5 8704/2/5 9335/2/5
f 9335/2/5 8704/2/5 9334/2/5
f 9612/14/5 9613/14/5 9604/14/5
f 9604/14/5 9613/14/5 9608/14/5
f 9613/14/5 9614/14/5 8587/14/5
f 8587/14/5 9614/14/5 9235/14/5
f 9614/14/5 8615/14/5 9232/14/5
f 9232/14/5 8615/14/5 9611/14/5
f 8616/1/5 8482/1/5 8617/1/5
f 8617/1/5 8482/1/5 9255/1/5
f 8622/14/5 8624/14/5 8591/14/5
f 8591/14/5 8624/14/5 8598/14/5
f 8624/14/5 8619/14/5 8599/14/5
f 8599/14/5 8619/14/5 8618/14/5
f 8620/1/5 9256/1/5 8621/1/5
f 8621/1/5 9256/1/5 8604/1/5
f 9257/14/5 9615/14/5 8603/14/5
f 8603/14/5 9615/14/5 9245/14/5
f 9615/14/5 9616/14/5 8595/14/5
f 8595/14/5 9616/14/5 9241/14/5
f 9616/14/5 9617/14/5 9238/14/5
f 9238/14/5 9617/14/5 9609/14/5
f 9617/14/5 9618/14/5 8607/14/5
f 8607/14/5 9618/14/5 9249/14/5
f 9348/14/5 9345/14/5 8575/14/5
f 8575/14/5 9345/14/5 9223/14/5
f 8398/2/5 8367/2/5 8399/2/5
f 8399/2/5 8367/2/5 8366/2/5
f 8710/2/5 8708/2/5 9339/2/5
f 9339/2/5 8708/2/5 9338/2/5
f 9260/4/5 9417/4/5 9258/4/5
f 9258/4/5 9417/4/5 9605/4/5
f 8076/14/5 8874/14/5 8077/14/5
f 8077/14/5 8874/14/5 8873/14/5
f 8303/3/5 9017/3/5 8304/3/5
f 8304/3/5 9017/3/5 9016/3/5
f 9417/4/5 8623/4/5 9612/4/5
f 9612/4/5 8623/4/5 8622/4/5
f 7942/3/5 8811/3/5 7943/3/5
f 7943/3/5 8811/3/5 8810/3/5
f 8199/14/5 8941/14/5 8200/14/5
f 8200/14/5 8941/14/5 8940/14/5
f 8484/14/5 9134/14/5 8485/14/5
f 8485/14/5 9134/14/5 9133/14/5
f 9262/4/5 8625/4/5 9261/4/5
f 9261/4/5 8625/4/5 8624/4/5
f 8080/14/5 8878/14/5 8081/14/5
f 8081/14/5 8878/14/5 8877/14/5
f 8370/14/5 9050/14/5 8371/14/5
f 8371/14/5 9050/14/5 9049/14/5
f 8488/14/5 9137/14/5 8489/14/5
f 8489/14/5 9137/14/5 9136/14/5
f 8203/14/5 8945/14/5 8204/14/5
f 8204/14/5 8945/14/5 8944/14/5
f 8402/3/5 9071/3/5 8403/3/5
f 8403/3/5 9071/3/5 9070/3/5
f 9138/14/5 9263/14/5 8620/14/5
f 8620/14/5 9263/14/5 9256/14/5
f 9264/4/5 9619/4/5 9257/4/5
f 9257/4/5 9619/4/5 9618/4/5
f 9619/4/5 9468/4/5 8503/4/5
f 8503/4/5 9468/4/5 9151/4/5
f 9468/14/5 9349/14/5 8611/14/5
f 8611/14/5 9349/14/5 9253/14/5
f 8207/2/5 8146/2/5 8208/2/5
f 8208/2/5 8146/2/5 8145/2/5
f 8426/2/5 8404/2/5 8427/2/5
f 8427/2/5 8404/2/5 8397/2/5
f 8714/2/5 8711/2/5 9343/2/5
f 9343/2/5 8711/2/5 9342/2/5
f 9038/2/5 9053/2/5 9036/2/5
f 9036/2/5 9053/2/5 9052/2/5
f 9076/12/5 9089/12/5 9073/12/5
f 9073/12/5 9089/12/5 9088/12/5
f 9090/12/5 9620/12/5 9087/12/5
f 9087/12/5 9620/12/5 9140/12/5
f 9621/2/5 9622/2/5 9139/2/5
f 9139/2/5 9622/2/5 8490/2/5
f 8430/2/5 8407/2/5 8431/2/5
f 8431/2/5 8407/2/5 8401/2/5
f 8042/2/5 7977/2/5 8043/2/5
f 8043/2/5 7977/2/5 7976/2/5
f 8718/2/5 8715/2/5 9347/2/5
f 9347/2/5 8715/2/5 9346/2/5
f 9623/2/5 8044/2/5 8085/2/5
f 8085/2/5 8044/2/5 8041/2/5
f 8411/2/5 8375/2/5 8412/2/5
f 8412/2/5 8375/2/5 8374/2/5
f 8722/2/5 8719/2/5 9351/2/5
f 9351/2/5 8719/2/5 9350/2/5
f 9040/15/5 8352/15/5 9038/15/5
f 9038/15/5 8352/15/5 8351/15/5
f 9268/15/5 8627/15/5 9265/15/5
f 9265/15/5 8627/15/5 8626/15/5
f 8829/2/5 7980/2/5 8827/2/5
f 8827/2/5 7980/2/5 7979/2/5
f 9357/2/5 8723/2/5 9353/2/5
f 9353/2/5 8723/2/5 9352/2/5
f 9041/2/5 8353/2/5 9040/2/5
f 9040/2/5 8353/2/5 8352/2/5
f 9624/2/5 9625/2/5 9627/2/5
f 9627/2/5 9625/2/5 9626/2/5
f 9272/15/5 8631/15/5 9269/15/5
f 9269/15/5 8631/15/5 8630/15/5
f 9628/2/5 9629/2/5 9631/2/5
f 9631/2/5 9629/2/5 9630/2/5
f 9276/15/5 8635/15/5 9273/15/5
f 9273/15/5 8635/15/5 8634/15/5
f 9142/2/5 8491/2/5 9633/2/5
f 9633/2/5 8491/2/5 9632/2/5
f 8816/15/5 7945/15/5 8813/15/5
f 8813/15/5 7945/15/5 7944/15/5
f 8884/15/5 8087/15/5 8881/15/5
f 8881/15/5 8087/15/5 8086/15/5
f 8950/15/5 8210/15/5 8947/15/5
f 8947/15/5 8210/15/5 8209/15/5
f 9035/15/5 8335/15/5 9032/15/5
f 9032/15/5 8335/15/5 8334/15/5
f 9083/15/5 8414/15/5 9080/15/5
f 9080/15/5 8414/15/5 8413/15/5
f 9283/15/5 8642/15/5 9277/15/5
f 9277/15/5 8642/15/5 8638/15/5
f 8729/15/5 8726/15/5 9634/15/5
f 9634/15/5 8726/15/5 8725/15/5
f 8733/15/5 9635/15/5 9358/15/5
f 9358/15/5 9635/15/5 8736/15/5
f 9363/15/5 8730/15/5 9360/15/5
f 9360/15/5 8730/15/5 9634/15/5
f 9365/15/5 8734/15/5 8726/15/5
f 8726/15/5 8734/15/5 8733/15/5
f 9369/15/5 8737/15/5 9366/15/5
f 9366/15/5 8737/15/5 9635/15/5
f 9636/2/5 9637/2/5 9364/2/5
f 9364/2/5 9637/2/5 8735/2/5
f 8740/15/5 9638/15/5 9639/15/5
f 9639/15/5 9638/15/5 8744/15/5
f 9373/15/5 8741/15/5 9370/15/5
f 9370/15/5 8741/15/5 9639/15/5
f 9377/15/5 8745/15/5 9374/15/5
f 9374/15/5 8745/15/5 9638/15/5
f 9640/2/5 9641/2/5 9642/2/5
f 9642/2/5 9641/2/5 8742/2/5
f 9381/15/5 8749/15/5 9378/15/5
f 9378/15/5 8749/15/5 8748/15/5
f 8833/12/5 7982/12/5 8830/12/5
f 8830/12/5 7982/12/5 7981/12/5
f 8909/12/5 8148/12/5 8906/12/5
f 8906/12/5 8148/12/5 8147/12/5
f 8992/12/5 8268/12/5 8989/12/5
f 8989/12/5 8268/12/5 8267/12/5
f 8754/2/5 9384/2/5 9644/2/5
f 9644/2/5 9384/2/5 9643/2/5
f 8835/16/5 9477/16/5 8834/16/5
f 8834/16/5 9477/16/5 7985/16/5
f 8134/5/5 8123/5/5 8154/5/5
f 8154/5/5 8123/5/5 8122/5/5
f 7916/5/5 7913/5/5 7951/5/5
f 7951/5/5 7913/5/5 7912/5/5
f 8215/8/5 8953/8/5 8216/8/5
f 8216/8/5 8953/8/5 8952/8/5
f 9389/15/5 9645/15/5 9386/15/5
f 9386/15/5 9645/15/5 8752/15/5
f 8092/8/5 8889/8/5 8093/8/5
f 8093/8/5 8889/8/5 8888/8/5
f 9645/15/5 9646/15/5 8753/15/5
f 8753/15/5 9646/15/5 9385/15/5
f 8128/8/5 8902/8/5 8129/8/5
f 8129/8/5 8902/8/5 8901/8/5
f 9646/15/5 8757/15/5 9382/15/5
f 9382/15/5 8757/15/5 8756/15/5
f 8954/7/5 8218/7/5 8951/7/5
f 8951/7/5 8218/7/5 8217/7/5
f 8219/8/5 8957/8/5 8220/8/5
f 8220/8/5 8957/8/5 8956/8/5
f 8132/8/5 8095/8/5 8133/8/5
f 8133/8/5 8095/8/5 8094/8/5
f 8096/13/5 8892/13/5 8097/13/5
f 8097/13/5 8892/13/5 8891/13/5
f 8958/7/5 9647/7/5 8955/7/5
f 8955/7/5 9647/7/5 9003/7/5
f 8136/1/5 8102/1/5 8137/1/5
f 8137/1/5 8102/1/5 8124/1/5
f 8102/5/5 8099/5/5 8125/5/5
f 8125/5/5 8099/5/5 8098/5/5
f 7995/5/5 7988/5/5 8047/5/5
f 8047/5/5 7988/5/5 7987/5/5
f 9648/2/5 9649/2/5 9651/2/5
f 9651/2/5 9649/2/5 9650/2/5
f 7993/10/5 8844/10/5 7994/10/5
f 7994/10/5 8844/10/5 8843/10/5
f 8225/8/5 9652/8/5 9653/8/5
f 9653/8/5 9652/8/5 9647/8/5
f 8104/1/5 8109/1/5 8105/1/5
f 8105/1/5 8109/1/5 8100/1/5
f 7997/1/5 8002/1/5 7998/1/5
f 7998/1/5 8002/1/5 7989/1/5
f 8223/1/5 8961/1/5 8224/1/5
f 8224/1/5 8961/1/5 8960/1/5
f 8227/1/5 8965/1/5 8228/1/5
f 8228/1/5 8965/1/5 8964/1/5
f 8229/8/5 9654/8/5 9655/8/5
f 9655/8/5 9654/8/5 9652/8/5
f 9656/5/5 8000/5/5 7996/5/5
f 7996/5/5 8000/5/5 7999/5/5
f 8001/5/5 7949/5/5 7990/5/5
f 7990/5/5 7949/5/5 7948/5/5
f 7950/5/5 7921/5/5 7917/5/5
f 7917/5/5 7921/5/5 7920/5/5
f 8233/8/5 8971/8/5 8222/8/5
f 8222/8/5 8971/8/5 8962/8/5
f 9393/15/5 8761/15/5 9390/15/5
f 9390/15/5 8761/15/5 8760/15/5
f 8231/1/5 8969/1/5 8232/1/5
f 8232/1/5 8969/1/5 8968/1/5
f 8005/8/5 8009/8/5 9656/8/5
f 9656/8/5 8009/8/5 9529/8/5
f 8009/7/5 8004/7/5 9529/7/5
f 9529/7/5 8004/7/5 8003/7/5
f 9395/2/5 9657/2/5 9659/2/5
f 9659/2/5 9657/2/5 9658/2/5
f 8235/1/5 8973/1/5 8236/1/5
f 8236/1/5 8973/1/5 8972/1/5
f 8974/8/5 9660/8/5 8959/8/5
f 8959/8/5 9660/8/5 9653/8/5
f 9660/8/5 9661/8/5 8226/8/5
f 8226/8/5 9661/8/5 8966/8/5
f 9661/8/5 9662/8/5 8963/8/5
f 8963/8/5 9662/8/5 9655/8/5
f 9662/8/5 8237/8/5 8230/8/5
f 8230/8/5 8237/8/5 8970/8/5
f 8237/8/5 9663/8/5 8967/8/5
f 8967/8/5 9663/8/5 9654/8/5
f 8155/5/5 8152/5/5 8244/5/5
f 8244/5/5 8152/5/5 8151/5/5
f 8007/1/5 8015/1/5 8008/1/5
f 8008/1/5 8015/1/5 8847/1/5
f 8012/8/5 8010/8/5 8846/8/5
f 8846/8/5 8010/8/5 8009/8/5
f 8998/8/5 9451/8/5 8234/8/5
f 8234/8/5 9451/8/5 8974/8/5
f 9451/13/5 8238/13/5 8974/13/5
f 8974/13/5 8238/13/5 8237/13/5
f 8239/1/5 8977/1/5 8240/1/5
f 8240/1/5 8977/1/5 8976/1/5
f 8978/8/5 9664/8/5 8975/8/5
f 8975/8/5 9664/8/5 9663/8/5
f 8016/8/5 8013/8/5 8006/8/5
f 8006/8/5 8013/8/5 8012/8/5
f 8014/1/5 8850/1/5 8015/1/5
f 8015/1/5 8850/1/5 8849/1/5
f 9401/15/5 9665/15/5 9398/15/5
f 9398/15/5 9665/15/5 8764/15/5
f 9665/15/5 9666/15/5 8765/15/5
f 8765/15/5 9666/15/5 9397/15/5
f 9666/15/5 8769/15/5 9394/15/5
f 9394/15/5 8769/15/5 8768/15/5
f 8159/10/5 8163/10/5 8273/10/5
f 8273/10/5 8163/10/5 9667/10/5
f 8163/11/5 9668/11/5 9667/11/5
f 9667/11/5 9668/11/5 8977/11/5
f 8157/1/5 8180/1/5 8158/1/5
f 8158/1/5 8180/1/5 8153/1/5
f 8048/5/5 8046/5/5 8101/5/5
f 8101/5/5 8046/5/5 8045/5/5
f 8018/1/5 8027/1/5 8019/1/5
f 8019/1/5 8027/1/5 8853/1/5
f 8024/8/5 9669/8/5 8852/8/5
f 8852/8/5 9669/8/5 8851/8/5
f 9669/8/5 9471/8/5 8848/8/5
f 8848/8/5 9471/8/5 8010/8/5
f 7955/7/5 7923/7/5 7956/7/5
f 7956/7/5 7923/7/5 7922/7/5
f 9471/7/5 8021/7/5 8010/7/5
f 8010/7/5 8021/7/5 8020/7/5
f 9670/2/5 9671/2/5 9673/2/5
f 9673/2/5 9671/2/5 9672/2/5
f 8161/1/5 8170/1/5 8162/1/5
f 8162/1/5 8170/1/5 8915/1/5
f 8167/10/5 8920/10/5 8914/10/5
f 8914/10/5 8920/10/5 9674/10/5
f 8920/11/5 8164/11/5 9674/11/5
f 9674/11/5 8164/11/5 8163/11/5
f 8165/1/5 8918/1/5 8166/1/5
f 8166/1/5 8918/1/5 8917/1/5
f 8050/1/5 8055/1/5 8051/1/5
f 8051/1/5 8055/1/5 8017/1/5
f 8245/8/5 8979/8/5 8954/8/5
f 8954/8/5 8979/8/5 8221/8/5
f 8999/16/5 8272/16/5 8997/16/5
f 8997/16/5 8272/16/5 8271/16/5
f 9405/15/5 8773/15/5 9402/15/5
f 9402/15/5 8773/15/5 8772/15/5
f 8169/1/5 8922/1/5 8170/1/5
f 8170/1/5 8922/1/5 8921/1/5
f 8923/10/5 9675/10/5 8920/10/5
f 8920/10/5 9675/10/5 8164/10/5
f 8249/5/5 8242/5/5 8280/5/5
f 8280/5/5 8242/5/5 8241/5/5
f 8110/5/5 8107/5/5 8103/5/5
f 8103/5/5 8107/5/5 8106/5/5
f 7961/5/5 7958/5/5 8027/5/5
f 8027/5/5 7958/5/5 7957/5/5
f 8247/1/5 8981/1/5 8248/1/5
f 8248/1/5 8981/1/5 8980/1/5
f 8982/16/5 8276/16/5 8979/16/5
f 8979/16/5 8276/16/5 8253/16/5
f 8780/15/5 8777/15/5 9676/15/5
f 9676/15/5 8777/15/5 8776/15/5
f 9677/11/5 8171/11/5 8923/11/5
f 8923/11/5 8171/11/5 9675/11/5
f 8171/11/5 8924/11/5 8164/11/5
f 8164/11/5 8924/11/5 8919/11/5
f 8251/1/5 8260/1/5 8252/1/5
f 8252/1/5 8260/1/5 8243/1/5
f 7963/1/5 7967/1/5 7964/1/5
f 7964/1/5 7967/1/5 7959/1/5
f 8784/15/5 8781/15/5 9406/15/5
f 9406/15/5 8781/15/5 9676/15/5
f 9678/10/5 8172/10/5 9677/10/5
f 9677/10/5 8172/10/5 8171/10/5
f 8112/1/5 8117/1/5 8113/1/5
f 8113/1/5 8117/1/5 8108/1/5
f 7926/5/5 7925/5/5 7960/5/5
f 7960/5/5 7925/5/5 7924/5/5
f 9021/12/5 8307/12/5 9019/12/5
f 9019/12/5 8307/12/5 8305/12/5
f 8308/8/5 9679/8/5 8214/8/5
f 8214/8/5 9679/8/5 8954/8/5
f 9415/15/5 8785/15/5 9412/15/5
f 9412/15/5 8785/15/5 9409/15/5
f 9679/8/5 9001/8/5 8246/8/5
f 8246/8/5 9001/8/5 8982/8/5
f 8786/2/5 8646/2/5 8787/2/5
f 8787/2/5 8646/2/5 8782/2/5
f 9002/16/5 8275/16/5 9000/16/5
f 9000/16/5 8275/16/5 8274/16/5
f 9416/15/5 9680/15/5 8781/15/5
f 8781/15/5 9680/15/5 9411/15/5
f 8255/10/5 9447/10/5 8160/10/5
f 8160/10/5 9447/10/5 8167/10/5
f 9680/15/5 8789/15/5 8777/15/5
f 8777/15/5 8789/15/5 8788/15/5
f 9447/10/5 9681/10/5 8168/10/5
f 8168/10/5 9681/10/5 8923/10/5
f 9681/11/5 8175/11/5 9678/11/5
f 9678/11/5 8175/11/5 8172/11/5
f 8176/1/5 8926/1/5 8174/1/5
f 8174/1/5 8926/1/5 8925/1/5
f 8927/11/5 8985/11/5 8916/11/5
f 8916/11/5 8985/11/5 9668/11/5
f 8986/13/5 9004/13/5 8978/13/5
f 8978/13/5 9004/13/5 9664/13/5
f 9005/5/5 8278/5/5 8993/5/5
f 8993/5/5 8278/5/5 8277/5/5
f 8279/5/5 8258/5/5 8250/5/5
f 8250/5/5 8258/5/5 8257/5/5
f 8259/5/5 8178/5/5 8156/5/5
f 8156/5/5 8178/5/5 8177/5/5
f 8179/5/5 8139/5/5 8135/5/5
f 8135/5/5 8139/5/5 8138/5/5
f 8140/5/5 8115/5/5 8111/5/5
f 8111/5/5 8115/5/5 8114/5/5
f 8116/5/5 8053/5/5 8049/5/5
f 8049/5/5 8053/5/5 8052/5/5
f 8054/5/5 8025/5/5 8017/5/5
f 8017/5/5 8025/5/5 8024/5/5
f 8026/5/5 7966/5/5 7962/5/5
f 7962/5/5 7966/5/5 7965/5/5
f 9024/2/6 9023/2/6 8311/2/6
f 8311/2/6 9023/2/6 8312/2/6
f 9042/2/6 9085/2/6 8381/2/6
f 8381/2/6 9085/2/6 8419/2/6
f 9288/2/6 9287/2/6 8651/2/6
f 8651/2/6 9287/2/6 8652/2/6
f 7907/2/6 7906/2/6 8183/2/6
f 8183/2/6 7906/2/6 8184/2/6
f 8282/2/6 8281/2/6 8356/2/6
f 8356/2/6 8281/2/6 8357/2/6
f 8379/2/6 8378/2/6 8655/2/6
f 8655/2/6 8378/2/6 8656/2/6
f 4474/4/6 9181/4/6 4473/4/6
f 4473/4/6 9181/4/6 4470/4/6
f 8057/3/6 8056/3/6 8863/3/6
f 8863/3/6 8056/3/6 8860/3/6
f 8286/14/6 8285/14/6 9012/14/6
f 9012/14/6 8285/14/6 9009/14/6
f 8383/14/6 8382/14/6 9064/14/6
f 9064/14/6 8382/14/6 9061/14/6
f 8061/3/6 8060/3/6 8867/3/6
f 8867/3/6 8060/3/6 8864/3/6
f 7929/14/6 7928/14/6 8808/14/6
f 8808/14/6 7928/14/6 8805/14/6
f 8387/14/6 8386/14/6 9068/14/6
f 9068/14/6 8386/14/6 9065/14/6
f 8290/14/6 8289/14/6 9014/14/6
f 9014/14/6 8289/14/6 9013/14/6
f 8262/3/6 8261/3/6 8988/3/6
f 8988/3/6 8261/3/6 8987/3/6
f 8065/3/6 8064/3/6 8871/3/6
f 8871/3/6 8064/3/6 8868/3/6
f 8359/3/6 8358/3/6 9048/3/6
f 9048/3/6 8358/3/6 9045/3/6
f 8190/3/6 8189/3/6 8938/3/6
f 8938/3/6 8189/3/6 8935/3/6
f 8314/14/6 8313/14/6 9029/14/6
f 9029/14/6 8313/14/6 9026/14/6
f 7969/14/6 7968/14/6 8824/14/6
f 8824/14/6 7968/14/6 8821/14/6
f 7973/2/6 7972/2/6 8032/2/6
f 8032/2/6 7972/2/6 8033/2/6
f 8194/2/6 8193/2/6 8319/2/6
f 8319/2/6 8193/2/6 8320/2/6
f 8339/2/6 8338/2/6 8434/2/6
f 8434/2/6 8338/2/6 8435/2/6
f 8495/2/6 8494/2/6 8661/2/6
f 8661/2/6 8494/2/6 8662/2/6
f 8069/2/6 8068/2/6 9524/2/6
f 9524/2/6 8068/2/6 8144/2/6
f 9524/2/6 8143/2/6 8665/2/6
f 8665/2/6 8143/2/6 8666/2/6
f 8421/2/6 8420/2/6 8671/2/6
f 8671/2/6 8420/2/6 8672/2/6
f 7935/2/6 7934/2/6 8344/2/6
f 8344/2/6 7934/2/6 8345/2/6
f 8363/2/6 8362/2/6 8675/2/6
f 8675/2/6 8362/2/6 8676/2/6
f 2577/2/6 2574/2/6 2580/2/6
f 2580/2/6 2574/2/6 8323/2/6
f 8347/2/6 8346/2/6 8681/2/6
f 8681/2/6 8346/2/6 8682/2/6
f 8563/2/6 8562/2/6 8692/2/6
f 8692/2/6 8562/2/6 8693/2/6
f 8037/2/6 8036/2/6 8265/2/6
f 8265/2/6 8036/2/6 8266/2/6
f 8294/2/6 8293/2/6 8699/2/6
f 8699/2/6 8293/2/6 8700/2/6
f 8119/2/6 8118/2/6 8299/2/6
f 8299/2/6 8118/2/6 8300/2/6
f 8325/2/6 8324/2/6 8394/2/6
f 8394/2/6 8324/2/6 8395/2/6
f 8479/2/6 8478/2/6 8705/2/6
f 8705/2/6 8478/2/6 8706/2/6
f 8397/2/6 8396/2/6 8709/2/6
f 8709/2/6 8396/2/6 8480/2/6
f 2626/3/6 2625/3/6 4492/3/6
f 4492/3/6 2625/3/6 4489/3/6
f 8075/3/6 8074/3/6 8875/3/6
f 8875/3/6 8074/3/6 8872/3/6
f 8302/14/6 8301/14/6 9018/14/6
f 9018/14/6 8301/14/6 9015/14/6
f 7941/14/6 7940/14/6 8812/14/6
f 8812/14/6 7940/14/6 8809/14/6
f 8198/3/6 8197/3/6 8942/3/6
f 8942/3/6 8197/3/6 8939/3/6
f 8079/3/6 8078/3/6 8879/3/6
f 8879/3/6 8078/3/6 8876/3/6
f 8369/3/6 8368/3/6 8402/3/6
f 8402/3/6 8368/3/6 8403/3/6
f 2630/3/6 2629/3/6 4496/3/6
f 4496/3/6 2629/3/6 4493/3/6
f 8202/3/6 8201/3/6 8946/3/6
f 8946/3/6 8201/3/6 8943/3/6
f 8401/14/6 8400/14/6 9072/14/6
f 9072/14/6 8400/14/6 9069/14/6
f 7911/3/6 7910/3/6 8796/3/6
f 8796/3/6 7910/3/6 8795/3/6
f 8206/2/6 8205/2/6 8405/2/6
f 8405/2/6 8205/2/6 8406/2/6
f 8425/2/6 8424/2/6 8712/2/6
f 8712/2/6 8424/2/6 8713/2/6
f 9075/12/6 9074/12/6 9054/12/6
f 9054/12/6 9074/12/6 9051/12/6
f 8373/2/6 8372/2/6 8408/2/6
f 8408/2/6 8372/2/6 8402/2/6
f 2642/2/6 2641/2/6 7978/2/6
f 7978/2/6 2641/2/6 4729/2/6
f 8041/2/6 8040/2/6 8716/2/6
f 8716/2/6 8040/2/6 8717/2/6
f 8724/2/6 8082/2/6 8376/2/6
f 8376/2/6 8082/2/6 8377/2/6
f 8410/2/6 8409/2/6 8720/2/6
f 8720/2/6 8409/2/6 8721/2/6
f 9267/15/6 9266/15/6 9627/15/6
f 9627/15/6 9266/15/6 9621/15/6
f 8331/15/6 8330/15/6 8332/15/6
f 8332/15/6 8330/15/6 8329/15/6
f 9626/15/6 9622/15/6 8628/15/6
f 8628/15/6 9622/15/6 8629/15/6
f 9356/2/6 9355/2/6 8084/2/6
f 8084/2/6 9355/2/6 9623/2/6
f 9271/15/6 9270/15/6 9631/15/6
f 9631/15/6 9270/15/6 9624/15/6
f 9630/15/6 9625/15/6 8632/15/6
f 8632/15/6 9625/15/6 8633/15/6
f 9275/15/6 9274/15/6 9633/15/6
f 9633/15/6 9274/15/6 9628/15/6
f 9632/15/6 9629/15/6 8636/15/6
f 8636/15/6 9629/15/6 8637/15/6
f 9141/2/6 9620/2/6 8492/2/6
f 8492/2/6 9620/2/6 8429/2/6
f 9279/15/6 9278/15/6 9143/15/6
f 9143/15/6 9278/15/6 9142/15/6
f 8493/15/6 8491/15/6 8640/15/6
f 8640/15/6 8491/15/6 8641/15/6
f 8815/15/6 8814/15/6 7946/15/6
f 7946/15/6 8814/15/6 7947/15/6
f 8883/15/6 8882/15/6 8088/15/6
f 8088/15/6 8882/15/6 8089/15/6
f 8949/15/6 8948/15/6 8211/15/6
f 8211/15/6 8948/15/6 8212/15/6
f 9034/15/6 9033/15/6 8336/15/6
f 8336/15/6 9033/15/6 8337/15/6
f 9082/15/6 9081/15/6 8415/15/6
f 8415/15/6 9081/15/6 8416/15/6
f 9282/15/6 9281/15/6 8643/15/6
f 8643/15/6 9281/15/6 8644/15/6
f 8732/15/6 9682/15/6 8727/15/6
f 8727/15/6 9682/15/6 8728/15/6
f 8645/15/6 9359/15/6 9683/15/6
f 9683/15/6 9359/15/6 8739/15/6
f 9362/15/6 9361/15/6 8731/15/6
f 8731/15/6 9361/15/6 9682/15/6
f 9368/15/6 9367/15/6 8738/15/6
f 8738/15/6 9367/15/6 9683/15/6
f 8743/15/6 9637/15/6 9684/15/6
f 9684/15/6 9637/15/6 8747/15/6
f 9372/15/6 9371/15/6 9642/15/6
f 9642/15/6 9371/15/6 9636/15/6
f 9376/15/6 9375/15/6 8746/15/6
f 8746/15/6 9375/15/6 9684/15/6
f 9380/15/6 9379/15/6 9644/15/6
f 9644/15/6 9379/15/6 9640/15/6
f 9643/15/6 9641/15/6 8750/15/6
f 8750/15/6 9641/15/6 8751/15/6
f 8832/12/6 8831/12/6 7983/12/6
f 7983/12/6 8831/12/6 7984/12/6
f 8908/12/6 8907/12/6 8149/12/6
f 8149/12/6 8907/12/6 8150/12/6
f 8991/12/6 8990/12/6 8269/12/6
f 8269/12/6 8990/12/6 8270/12/6
f 8896/5/6 9685/5/6 8895/5/6
f 8895/5/6 9685/5/6 8154/5/6
f 8995/5/6 8994/5/6 8913/5/6
f 8913/5/6 8994/5/6 8910/5/6
f 8912/5/6 8911/5/6 8899/5/6
f 8899/5/6 8911/5/6 9685/5/6
f 8898/5/6 8897/5/6 8137/5/6
f 8137/5/6 8897/5/6 8885/5/6
f 8887/5/6 8894/5/6 8859/5/6
f 8859/5/6 8894/5/6 8856/5/6
f 8858/5/6 8857/5/6 8839/5/6
f 8839/5/6 8857/5/6 8836/5/6
f 8838/5/6 8837/5/6 8820/5/6
f 8820/5/6 8837/5/6 8817/5/6
f 8819/5/6 8818/5/6 8800/5/6
f 8800/5/6 8818/5/6 8797/5/6
f 8799/5/6 8798/5/6 4527/5/6
f 4527/5/6 8798/5/6 4524/5/6
f 9388/15/6 9387/15/6 9651/15/6
f 9651/15/6 9387/15/6 8755/15/6
f 8091/8/6 8090/8/6 8128/8/6
f 8128/8/6 8090/8/6 8129/8/6
f 8127/8/6 8126/8/6 8903/8/6
f 8903/8/6 8126/8/6 8900/8/6
f 9650/15/6 9383/15/6 8758/15/6
f 8758/15/6 9383/15/6 8759/15/6
f 8131/8/6 8130/8/6 8905/8/6
f 8905/8/6 8130/8/6 8904/8/6
f 7986/13/6 9477/13/6 8841/13/6
f 8841/13/6 9477/13/6 8840/13/6
f 8095/8/6 8094/8/6 8893/8/6
f 8893/8/6 8094/8/6 8890/8/6
f 7915/8/6 7914/8/6 8802/8/6
f 8802/8/6 7914/8/6 8801/8/6
f 2677/8/6 2676/8/6 4535/8/6
f 4535/8/6 2676/8/6 4532/8/6
f 7919/10/6 7918/10/6 8804/10/6
f 8804/10/6 7918/10/6 8803/10/6
f 7992/8/6 7991/8/6 8845/8/6
f 8845/8/6 7991/8/6 8842/8/6
f 9392/15/6 9391/15/6 9659/15/6
f 9659/15/6 9391/15/6 9648/15/6
f 9658/15/6 9649/15/6 8762/15/6
f 8762/15/6 9649/15/6 8763/15/6
f 9400/15/6 9399/15/6 9686/15/6
f 9686/15/6 9399/15/6 8767/15/6
f 9686/15/6 8766/15/6 9673/15/6
f 9673/15/6 8766/15/6 9396/15/6
f 9672/15/6 9657/15/6 8770/15/6
f 8770/15/6 9657/15/6 8771/15/6
f 7954/7/6 8011/7/6 8022/7/6
f 8022/7/6 8011/7/6 8023/7/6
f 9404/15/6 9403/15/6 9407/15/6
f 9407/15/6 9403/15/6 9670/15/6
f 8779/15/6 9687/15/6 8774/15/6
f 8774/15/6 9687/15/6 8775/15/6
f 8783/15/6 9671/15/6 8778/15/6
f 8778/15/6 9671/15/6 9687/15/6
f 9414/15/6 9413/15/6 8786/15/6
f 8786/15/6 9413/15/6 9408/15/6
f 9285/2/6 9284/2/6 8647/2/6
f 8647/2/6 9284/2/6 8648/2/6
f 8646/15/6 8782/15/6 9688/15/6
f 9688/15/6 8782/15/6 9410/15/6
f 9688/15/6 8778/15/6 8790/15/6
f 8790/15/6 8778/15/6 8791/15/6
f 9689/5/1 9690/5/1 5004/5/1
f 5004/5/1 9690/5/1 7769/5/1
f 9691/1/1 9692/1/1 7770/1/1
f 7770/1/1 9692/1/1 7767/1/1
f 9693/5/1 9694/5/1 7768/5/1
f 7768/5/1 9694/5/1 6475/5/1
f 9695/15/1 9696/15/1 7524/15/1
f 7524/15/1 9696/15/1 7845/15/1
f 9697/15/1 9698/15/1 6483/15/1
f 6483/15/1 9698/15/1 6484/15/1
f 7966/5/1 9699/5/1 7927/5/1
f 7927/5/1 9699/5/1 9700/5/1
f 9701/1/1 9702/1/1 9704/1/1
f 9704/1/1 9702/1/1 9703/1/1
f 9705/8/1 9706/8/1 9708/8/1
f 9708/8/1 9706/8/1 9707/8/1
f 9709/10/1 9710/10/1 7492/10/1
f 7492/10/1 9710/10/1 7495/10/1
f 9711/8/1 9712/8/1 9714/8/1
f 9714/8/1 9712/8/1 9713/8/1
f 9715/12/1 9716/12/1 6463/12/1
f 6463/12/1 9716/12/1 6471/12/1
f 9717/5/1 9718/5/1 9720/5/1
f 9720/5/1 9718/5/1 9719/5/1
f 8025/5/1 9721/5/1 8026/5/1
f 8026/5/1 9721/5/1 9722/5/1
f 9723/1/1 9724/1/1 9726/1/1
f 9726/1/1 9724/1/1 9725/1/1
f 9727/8/1 9728/8/1 9730/8/1
f 9730/8/1 9728/8/1 9729/8/1
f 9731/16/1 9732/16/1 6451/16/1
f 6451/16/1 9732/16/1 6465/16/1
f 9733/5/1 9734/5/1 9736/5/1
f 9736/5/1 9734/5/1 9735/5/1
f 9737/13/1 9738/13/1 9740/13/1
f 9740/13/1 9738/13/1 9739/13/1
f 9741/8/1 9742/8/1 9744/8/1
f 9744/8/1 9742/8/1 9743/8/1
f 8053/5/1 9745/5/1 8054/5/1
f 8054/5/1 9745/5/1 9746/5/1
f 9747/15/1 9748/15/1 9750/15/1
f 9750/15/1 9748/15/1 9749/15/1
f 9751/8/1 9752/8/1 9754/8/1
f 9754/8/1 9752/8/1 9753/8/1
f 8115/5/1 9755/5/1 8116/5/1
f 8116/5/1 9755/5/1 9756/5/1
f 9757/5/1 9758/5/1 9760/5/1
f 9760/5/1 9758/5/1 9759/5/1
f 8139/5/1 9761/5/1 8140/5/1
f 8140/5/1 9761/5/1 9762/5/1
f 9763/1/1 9764/1/1 9766/1/1
f 9766/1/1 9764/1/1 9765/1/1
f 9767/8/1 9768/8/1 9770/8/1
f 9770/8/1 9768/8/1 9769/8/1
f 9771/8/1 9772/8/1 9774/8/1
f 9774/8/1 9772/8/1 9773/8/1
f 9775/8/1 9776/8/1 9778/8/1
f 9778/8/1 9776/8/1 9777/8/1
f 9779/5/1 9780/5/1 9782/5/1
f 9782/5/1 9780/5/1 9781/5/1
f 9780/5/1 9783/5/1 9785/5/1
f 9785/5/1 9783/5/1 9784/5/1
f 9783/5/1 9786/5/1 9788/5/1
f 9788/5/1 9786/5/1 9787/5/1
f 9789/15/1 9790/15/1 9792/15/1
f 9792/15/1 9790/15/1 9791/15/1
f 8255/1/1 9793/1/1 9448/1/1
f 9448/1/1 9793/1/1 9794/1/1
f 8178/5/1 9795/5/1 8179/5/1
f 8179/5/1 9795/5/1 9796/5/1
f 9797/1/1 9798/1/1 9800/1/1
f 9800/1/1 9798/1/1 9799/1/1
f 9801/12/1 9802/12/1 9804/12/1
f 9804/12/1 9802/12/1 9803/12/1
f 9805/5/1 9806/5/1 9808/5/1
f 9808/5/1 9806/5/1 9807/5/1
f 9809/15/1 9810/15/1 9812/15/1
f 9812/15/1 9810/15/1 9811/15/1
f 9813/15/1 9814/15/1 9816/15/1
f 9816/15/1 9814/15/1 9815/15/1
f 8279/1/1 9817/1/1 9452/1/1
f 9452/1/1 9817/1/1 9818/1/1
f 9819/13/1 9820/13/1 9822/13/1
f 9822/13/1 9820/13/1 9821/13/1
f 9823/8/1 9824/8/1 9826/8/1
f 9826/8/1 9824/8/1 9825/8/1
f 9827/8/1 9828/8/1 9830/8/1
f 9830/8/1 9828/8/1 9829/8/1
f 9831/5/1 9832/5/1 9834/5/1
f 9834/5/1 9832/5/1 9833/5/1
f 9835/8/1 9836/8/1 9838/8/1
f 9838/8/1 9836/8/1 9837/8/1
f 9839/8/1 9840/8/1 9842/8/1
f 9842/8/1 9840/8/1 9841/8/1
f 9843/1/1 9844/1/1 9846/1/1
f 9846/1/1 9844/1/1 9845/1/1
f 9847/7/1 9848/7/1 9850/7/1
f 9850/7/1 9848/7/1 9849/7/1
f 9851/12/1 9852/12/1 6462/12/1
f 6462/12/1 9852/12/1 6463/12/1
f 9853/5/1 9854/5/1 9797/5/1
f 9797/5/1 9854/5/1 9855/5/1
f 8275/16/1 9856/16/1 8255/16/1
f 8255/16/1 9856/16/1 9857/16/1
f 8278/5/1 9858/5/1 8279/5/1
f 8279/5/1 9858/5/1 9859/5/1
f 8307/12/1 9860/12/1 8308/12/1
f 8308/12/1 9860/12/1 9851/12/1
f 9860/12/1 9861/12/1 9863/12/1
f 9863/12/1 9861/12/1 9862/12/1
f 9861/12/1 9864/12/1 9852/12/1
f 9852/12/1 9864/12/1 9865/12/1
f 9866/15/1 9867/15/1 9869/15/1
f 9869/15/1 9867/15/1 9868/15/1
f 9870/15/1 9871/15/1 9873/15/1
f 9873/15/1 9871/15/1 9872/15/1
f 9874/15/1 9875/15/1 9877/15/1
f 9877/15/1 9875/15/1 9876/15/1
f 9878/2/1 9879/2/1 6477/2/1
f 6477/2/1 9879/2/1 6478/2/1
f 9880/15/1 9881/15/1 9883/15/1
f 9883/15/1 9881/15/1 9882/15/1
f 9884/15/1 9885/15/1 9887/15/1
f 9887/15/1 9885/15/1 9886/15/1
f 9888/15/1 9889/15/1 9891/15/1
f 9891/15/1 9889/15/1 9890/15/1
f 8646/2/1 9892/2/1 8647/2/1
f 8647/2/1 9892/2/1 9893/2/1
f 9892/2/1 9894/2/1 9896/2/1
f 9896/2/1 9894/2/1 9895/2/1
f 9897/15/1 9898/15/1 9900/15/1
f 9900/15/1 9898/15/1 9899/15/1
f 9901/15/1 9902/15/1 9904/15/1
f 9904/15/1 9902/15/1 9903/15/1
f 9905/15/1 9906/15/1 9908/15/1
f 9908/15/1 9906/15/1 9907/15/1
f 9909/15/1 9910/15/1 9912/15/1
f 9912/15/1 9910/15/1 9911/15/1
f 9913/15/1 9914/15/1 9916/15/1
f 9916/15/1 9914/15/1 9915/15/1
f 9917/15/1 9918/15/1 9920/15/1
f 9920/15/1 9918/15/1 9919/15/1
f 9921/15/1 9922/15/1 9924/15/1
f 9924/15/1 9922/15/1 9923/15/1
f 9925/15/1 9926/15/1 9928/15/1
f 9928/15/1 9926/15/1 9927/15/1
f 9929/15/1 9930/15/1 9932/15/1
f 9932/15/1 9930/15/1 9931/15/1
f 9933/15/1 9934/15/1 9936/15/1
f 9936/15/1 9934/15/1 9935/15/1
f 9937/15/1 9938/15/1 9940/15/1
f 9940/15/1 9938/15/1 9939/15/1
f 9941/15/1 9942/15/1 9944/15/1
f 9944/15/1 9942/15/1 9943/15/1
f 9945/7/2 7796/7/2 9946/7/2
f 9946/7/2 7796/7/2 7585/7/2
f 9947/5/2 9948/5/2 9950/5/2
f 9950/5/2 9948/5/2 9949/5/2
f 9951/15/2 7525/15/2 9952/15/2
f 9952/15/2 7525/15/2 7528/15/2
f 9953/15/2 6478/15/2 9954/15/2
f 9954/15/2 6478/15/2 6480/15/2
f 9955/10/2 9956/10/2 9958/10/2
f 9958/10/2 9956/10/2 9957/10/2
f 9959/11/2 7783/11/2 9960/11/2
f 9960/11/2 7783/11/2 7782/11/2
f 9961/13/2 9962/13/2 9964/13/2
f 9964/13/2 9962/13/2 9963/13/2
f 9965/8/2 9966/8/2 9968/8/2
f 9968/8/2 9966/8/2 9967/8/2
f 9969/12/2 7510/12/2 9970/12/2
f 9970/12/2 7510/12/2 7517/12/2
f 9971/5/2 9972/5/2 9974/5/2
f 9974/5/2 9972/5/2 9973/5/2
f 9975/8/2 9976/8/2 9978/8/2
f 9978/8/2 9976/8/2 9977/8/2
f 9744/7/2 9979/7/2 9743/7/2
f 9743/7/2 9979/7/2 9980/7/2
f 9981/16/2 7511/16/2 9982/16/2
f 9982/16/2 7511/16/2 7514/16/2
f 9983/5/2 9984/5/2 9986/5/2
f 9986/5/2 9984/5/2 9985/5/2
f 9987/13/2 9988/13/2 9990/13/2
f 9990/13/2 9988/13/2 9989/13/2
f 9991/8/2 9992/8/2 9994/8/2
f 9994/8/2 9992/8/2 9993/8/2
f 9785/5/2 9995/5/2 9997/5/2
f 9997/5/2 9995/5/2 9996/5/2
f 9998/15/2 9999/15/2 10001/15/2
f 10001/15/2 9999/15/2 10000/15/2
f 9770/8/2 10002/8/2 9769/8/2
f 9769/8/2 10002/8/2 10003/8/2
f 10004/5/2 10005/5/2 10007/5/2
f 10007/5/2 10005/5/2 10006/5/2
f 10008/8/2 10009/8/2 10011/8/2
f 10011/8/2 10009/8/2 10010/8/2
f 10012/8/2 10013/8/2 10015/8/2
f 10015/8/2 10013/8/2 10014/8/2
f 10016/8/2 10017/8/2 10019/8/2
f 10019/8/2 10017/8/2 10018/8/2
f 10020/5/2 10021/5/2 10023/5/2
f 10023/5/2 10021/5/2 10022/5/2
f 9812/15/2 10024/15/2 9811/15/2
f 9811/15/2 10024/15/2 10025/15/2
f 9447/10/2 9446/10/2 10027/10/2
f 10027/10/2 9446/10/2 10026/10/2
f 10028/12/2 10029/12/2 10031/12/2
f 10031/12/2 10029/12/2 10030/12/2
f 10032/5/2 10033/5/2 10035/5/2
f 10035/5/2 10033/5/2 10034/5/2
f 10036/15/2 10037/15/2 10039/15/2
f 10039/15/2 10037/15/2 10038/15/2
f 10040/15/2 10041/15/2 10043/15/2
f 10043/15/2 10041/15/2 10042/15/2
f 8986/13/2 8985/13/2 10045/13/2
f 10045/13/2 8985/13/2 10044/13/2
f 10046/13/2 10047/13/2 10049/13/2
f 10049/13/2 10047/13/2 10048/13/2
f 10050/8/2 10051/8/2 10053/8/2
f 10053/8/2 10051/8/2 10052/8/2
f 10054/8/2 10055/8/2 9835/8/2
f 9835/8/2 10055/8/2 9838/8/2
f 10056/8/2 10057/8/2 10059/8/2
f 10059/8/2 10057/8/2 10058/8/2
f 10060/8/2 10061/8/2 10063/8/2
f 10063/8/2 10061/8/2 10062/8/2
f 8984/8/2 4539/8/2 10064/8/2
f 10064/8/2 4539/8/2 7496/8/2
f 10065/7/2 10066/7/2 10068/7/2
f 10068/7/2 10066/7/2 10067/7/2
f 10064/12/2 7496/12/2 10069/12/2
f 10069/12/2 7496/12/2 7510/12/2
f 9002/16/2 9001/16/2 10071/16/2
f 10071/16/2 9001/16/2 10070/16/2
f 9005/5/2 9004/5/2 10073/5/2
f 10073/5/2 9004/5/2 10072/5/2
f 10073/5/2 10074/5/2 10076/5/2
f 10076/5/2 10074/5/2 10075/5/2
f 9021/12/2 8984/12/2 10077/12/2
f 10077/12/2 8984/12/2 10064/12/2
f 10077/12/2 10078/12/2 10080/12/2
f 10080/12/2 10078/12/2 10079/12/2
f 10080/12/2 10069/12/2 10082/12/2
f 10082/12/2 10069/12/2 10081/12/2
f 10083/15/2 10084/15/2 10086/15/2
f 10086/15/2 10084/15/2 10085/15/2
f 10087/15/2 10088/15/2 10090/15/2
f 10090/15/2 10088/15/2 10089/15/2
f 10091/15/2 10092/15/2 10094/15/2
f 10094/15/2 10092/15/2 10093/15/2
f 10095/2/2 7522/2/2 10096/2/2
f 10096/2/2 7522/2/2 7524/2/2
f 10097/15/2 10098/15/2 10100/15/2
f 10100/15/2 10098/15/2 10099/15/2
f 10101/15/2 9895/15/2 10103/15/2
f 10103/15/2 9895/15/2 10102/15/2
f 10104/15/2 10105/15/2 10107/15/2
f 10107/15/2 10105/15/2 10106/15/2
f 8786/2/2 9285/2/2 10109/2/2
f 10109/2/2 9285/2/2 10108/2/2
f 10109/2/2 10110/2/2 9940/2/2
f 9940/2/2 10110/2/2 9887/2/2
f 10111/15/2 10112/15/2 10114/15/2
f 10114/15/2 10112/15/2 10113/15/2
f 10115/15/2 10116/15/2 10118/15/2
f 10118/15/2 10116/15/2 10117/15/2
f 10119/15/2 10120/15/2 10122/15/2
f 10122/15/2 10120/15/2 10121/15/2
f 10123/15/2 10124/15/2 10126/15/2
f 10126/15/2 10124/15/2 10125/15/2
f 10127/15/2 10128/15/2 10130/15/2
f 10130/15/2 10128/15/2 10129/15/2
f 10131/15/2 10132/15/2 10134/15/2
f 10134/15/2 10132/15/2 10133/15/2
f 10135/15/2 10136/15/2 10138/15/2
f 10138/15/2 10136/15/2 10137/15/2
f 10139/15/2 10140/15/2 10142/15/2
f 10142/15/2 10140/15/2 10141/15/2
f 10143/15/2 10144/15/2 10146/15/2
f 10146/15/2 10144/15/2 10145/15/2
f 10147/15/2 10148/15/2 10150/15/2
f 10150/15/2 10148/15/2 10149/15/2
f 10151/15/2 10152/15/2 10154/15/2
f 10154/15/2 10152/15/2 10153/15/2
f 10155/15/2 10156/15/2 10158/15/2
f 10158/15/2 10156/15/2 10157/15/2
f 10159/15/2 9894/15/2 10161/15/2
f 10161/15/2 9894/15/2 10160/15/2
f 6471/12/3 9716/12/3 7517/12/3
f 7517/12/3 9716/12/3 9970/12/3
f 9715/12/3 9804/12/3 9969/12/3
f 9969/12/3 9804/12/3 10029/12/3
f 9803/12/3 9802/12/3 10030/12/3
f 10030/12/3 9802/12/3 10031/12/3
f 9791/15/3 10162/15/3 10038/15/3
f 10038/15/3 10162/15/3 10039/15/3
f 9801/12/3 9852/12/3 10028/12/3
f 10028/12/3 9852/12/3 10069/12/3
f 9851/12/3 9863/12/3 10064/12/3
f 10064/12/3 9863/12/3 10078/12/3
f 9865/12/3 9864/12/3 10081/12/3
f 10081/12/3 9864/12/3 10082/12/3
f 10120/15/3 10119/15/3 10113/15/3
f 10113/15/3 10119/15/3 10114/15/3
f 9907/15/3 9906/15/3 10125/15/3
f 10125/15/3 9906/15/3 10126/15/3
f 7845/15/3 9696/15/3 7528/15/3
f 7528/15/3 9696/15/3 9952/15/3
f 9976/1/3 9975/1/3 9730/1/3
f 9730/1/3 9975/1/3 9727/1/3
f 10002/1/3 9770/1/3 9754/1/3
f 9754/1/3 9770/1/3 9751/1/3
f 9769/8/3 10163/8/3 9752/8/3
f 9752/8/3 10163/8/3 10164/8/3
f 9811/15/3 9810/15/3 9790/15/3
f 9790/15/3 9810/15/3 10162/15/3
f 9868/15/3 9867/15/3 10165/15/3
f 10165/15/3 9867/15/3 10086/15/3
f 9886/15/3 10166/15/3 10106/15/3
f 10106/15/3 10166/15/3 10107/15/3
f 10128/15/3 10127/15/3 9908/15/3
f 9908/15/3 10127/15/3 9905/15/3
f 9915/15/3 9914/15/3 10133/15/3
f 10133/15/3 9914/15/3 10134/15/3
f 9939/15/3 9938/15/3 10157/15/3
f 10157/15/3 9938/15/3 10158/15/3
f 7511/8/3 10167/8/3 6462/8/3
f 6462/8/3 10167/8/3 9729/8/3
f 6478/2/3 10168/2/3 7524/2/3
f 7524/2/3 10168/2/3 10169/2/3
f 10167/8/3 9981/8/3 9977/8/3
f 9977/8/3 9981/8/3 9978/8/3
f 10170/2/3 10171/2/3 10172/2/3
f 10172/2/3 10171/2/3 10024/2/3
f 10009/1/3 10008/1/3 9770/1/3
f 9770/1/3 10008/1/3 9767/1/3
f 10041/2/3 10173/2/3 9812/2/3
f 9812/2/3 10173/2/3 10174/2/3
f 10088/2/3 9877/2/3 9869/2/3
f 9869/2/3 9877/2/3 10175/2/3
f 9876/15/3 10176/15/3 10099/15/3
f 10099/15/3 10176/15/3 10100/15/3
f 9895/2/3 10101/2/3 9887/2/3
f 9887/2/3 10101/2/3 9884/2/3
f 10177/2/3 9894/2/3 10178/2/3
f 10178/2/3 9894/2/3 9940/2/3
f 10136/15/3 10135/15/3 9916/15/3
f 9916/15/3 10135/15/3 9913/15/3
f 9931/15/3 9930/15/3 10149/15/3
f 10149/15/3 9930/15/3 10150/15/3
f 9894/15/3 10159/15/3 9940/15/3
f 9940/15/3 10159/15/3 9937/15/3
f 6465/16/3 9732/16/3 7514/16/3
f 7514/16/3 9732/16/3 9982/16/3
f 10179/8/3 10180/8/3 9728/8/3
f 9728/8/3 10180/8/3 9753/8/3
f 10055/8/3 10054/8/3 9830/8/3
f 9830/8/3 10054/8/3 9827/8/3
f 10181/16/3 9856/16/3 10070/16/3
f 10070/16/3 9856/16/3 10071/16/3
f 10152/15/3 10151/15/3 9932/15/3
f 9932/15/3 10151/15/3 9929/15/3
f 6484/15/3 9698/15/3 6480/15/3
f 6480/15/3 9698/15/3 9954/15/3
f 9956/1/3 9955/1/3 9708/1/3
f 9708/1/3 9955/1/3 9705/1/3
f 9749/15/3 9748/15/3 10000/15/3
f 10000/15/3 9748/15/3 10001/15/3
f 9773/8/3 9772/8/3 10010/8/3
f 10010/8/3 9772/8/3 10011/8/3
f 9815/15/3 10182/15/3 10025/15/3
f 10025/15/3 10182/15/3 9811/15/3
f 10182/15/3 9814/15/3 10042/15/3
f 10042/15/3 9814/15/3 10043/15/3
f 10057/8/3 10056/8/3 9838/8/3
f 9838/8/3 10056/8/3 9835/8/3
f 9872/15/3 10183/15/3 10085/15/3
f 10085/15/3 10183/15/3 10165/15/3
f 10183/15/3 9871/15/3 10089/15/3
f 10089/15/3 9871/15/3 10090/15/3
f 9882/15/3 10184/15/3 10093/15/3
f 10093/15/3 10184/15/3 10094/15/3
f 10184/15/3 9881/15/3 9875/15/3
f 9875/15/3 9881/15/3 10176/15/3
f 9890/15/3 10185/15/3 10102/15/3
f 10102/15/3 10185/15/3 10103/15/3
f 10185/15/3 9889/15/3 9885/15/3
f 9885/15/3 9889/15/3 10166/15/3
f 9903/15/3 9902/15/3 10121/15/3
f 10121/15/3 9902/15/3 10122/15/3
f 9911/15/3 9910/15/3 10129/15/3
f 10129/15/3 9910/15/3 10130/15/3
f 9919/15/3 9918/15/3 10137/15/3
f 10137/15/3 9918/15/3 10138/15/3
f 9927/15/3 9926/15/3 10145/15/3
f 10145/15/3 9926/15/3 10146/15/3
f 9935/15/3 9934/15/3 10153/15/3
f 10153/15/3 9934/15/3 10154/15/3
f 9943/15/3 9942/15/3 10160/15/3
f 10160/15/3 9942/15/3 10161/15/3
f 7495/10/3 10186/10/3 6451/10/3
f 6451/10/3 10186/10/3 10187/10/3
f 10186/10/3 9710/10/3 9957/10/3
f 9957/10/3 9710/10/3 9958/10/3
f 9739/13/3 9738/13/3 10179/13/3
f 10179/13/3 9738/13/3 10180/13/3
f 10013/1/3 10012/1/3 9774/1/3
f 9774/1/3 10012/1/3 9771/1/3
f 10051/13/3 10050/13/3 9826/13/3
f 9826/13/3 10050/13/3 9823/13/3
f 7783/1/3 9959/1/3 7492/1/3
f 7492/1/3 9959/1/3 9709/1/3
f 9960/10/3 9988/10/3 10188/10/3
f 10188/10/3 9988/10/3 9731/10/3
f 9988/1/3 9987/1/3 9740/1/3
f 9740/1/3 9987/1/3 9737/1/3
f 9777/8/3 9776/8/3 10014/8/3
f 10014/8/3 9776/8/3 10015/8/3
f 9849/7/3 9848/7/3 10164/7/3
f 10164/7/3 9848/7/3 9851/7/3
f 10017/1/3 10016/1/3 9778/1/3
f 9778/1/3 10016/1/3 9775/1/3
f 10061/8/3 10060/8/3 9842/8/3
f 9842/8/3 10060/8/3 9839/8/3
f 10066/8/3 10065/8/3 9850/8/3
f 9850/8/3 10065/8/3 9847/8/3
f 7497/11/3 10189/11/3 7782/11/3
f 7782/11/3 10189/11/3 9988/11/3
f 10190/13/3 10191/13/3 9989/13/3
f 9989/13/3 10191/13/3 9990/13/3
f 7796/1/3 9945/1/3 7497/1/3
f 7497/1/3 9945/1/3 9962/1/3
f 9946/13/3 9980/13/3 9963/13/3
f 9963/13/3 9980/13/3 9964/13/3
f 9979/1/3 9744/1/3 9961/1/3
f 9961/1/3 9744/1/3 10189/1/3
f 9743/8/3 9742/8/3 10190/8/3
f 10190/8/3 9742/8/3 10191/8/3
f 9742/8/3 10192/8/3 10003/8/3
f 10003/8/3 10192/8/3 9769/8/3
f 10192/8/3 10193/8/3 10018/8/3
f 10018/8/3 10193/8/3 10019/8/3
f 10193/8/3 10074/8/3 9768/8/3
f 9768/8/3 10074/8/3 10163/8/3
f 10074/7/3 10072/7/3 10067/7/3
f 10067/7/3 10072/7/3 10068/7/3
f 7586/7/3 9993/7/3 7585/7/3
f 7585/7/3 9993/7/3 9743/7/3
f 9992/1/3 9991/1/3 9744/1/3
f 9744/1/3 9991/1/3 9741/1/3
f 9994/7/3 10032/7/3 9742/7/3
f 9742/7/3 10032/7/3 10074/7/3
f 9859/5/3 9858/5/3 10194/5/3
f 10194/5/3 9858/5/3 10076/5/3
f 10021/8/3 10020/8/3 10195/8/3
f 10195/8/3 10020/8/3 10033/8/3
f 9833/5/3 9832/5/3 9846/5/3
f 9846/5/3 9832/5/3 9843/5/3
f 9855/5/3 9854/5/3 10075/5/3
f 10075/5/3 9854/5/3 10194/5/3
f 9713/8/3 10004/8/3 10196/8/3
f 10196/8/3 10004/8/3 10195/8/3
f 9796/5/3 9795/5/3 9800/5/3
f 9800/5/3 9795/5/3 9797/5/3
f 9807/5/3 9806/5/3 10034/5/3
f 10034/5/3 9806/5/3 10035/5/3
f 9966/1/3 9965/1/3 9714/1/3
f 9714/1/3 9965/1/3 9711/1/3
f 9995/8/3 9785/8/3 10197/8/3
f 10197/8/3 9785/8/3 10005/8/3
f 9762/5/3 9761/5/3 9766/5/3
f 9766/5/3 9761/5/3 9763/5/3
f 9787/5/3 9786/5/3 10022/5/3
f 10022/5/3 9786/5/3 10023/5/3
f 9984/8/3 9983/8/3 9712/8/3
f 9712/8/3 9983/8/3 10197/8/3
f 9756/5/3 9755/5/3 9785/5/3
f 9785/5/3 9755/5/3 9781/5/3
f 9759/5/3 9758/5/3 10006/5/3
f 10006/5/3 9758/5/3 10007/5/3
f 9972/8/3 9971/8/3 9967/8/3
f 9967/8/3 9971/8/3 9968/8/3
f 9746/5/3 9745/5/3 9996/5/3
f 9996/5/3 9745/5/3 9997/5/3
f 9948/8/3 9947/8/3 7586/8/3
f 7586/8/3 9947/8/3 10196/8/3
f 9722/5/3 9721/5/3 9726/5/3
f 9726/5/3 9721/5/3 9723/5/3
f 9735/5/3 9734/5/3 9985/5/3
f 9985/5/3 9734/5/3 9986/5/3
f 9700/5/3 9699/5/3 9704/5/3
f 9704/5/3 9699/5/3 9701/5/3
f 9719/5/3 9718/5/3 9973/5/3
f 9973/5/3 9718/5/3 9974/5/3
f 7769/5/3 9690/5/3 7770/5/3
f 7770/5/3 9690/5/3 9691/5/3
f 6475/5/3 9694/5/3 9949/5/3
f 9949/5/3 9694/5/3 9950/5/3
f 9792/15/4 10037/15/4 10198/15/4
f 10198/15/4 10037/15/4 10036/15/4
f 9852/12/4 10069/12/4 9862/12/4
f 9862/12/4 10069/12/4 10079/12/4
f 9924/15/4 10144/15/4 9921/15/4
f 9921/15/4 10144/15/4 10143/15/4
f 7524/15/4 7525/15/4 9695/15/4
f 9695/15/4 7525/15/4 9951/15/4
f 10169/15/4 9999/15/4 10172/15/4
f 10172/15/4 9999/15/4 9998/15/4
f 9812/15/4 9789/15/4 9809/15/4
f 9809/15/4 9789/15/4 10198/15/4
f 10174/15/4 10084/15/4 9866/15/4
f 9866/15/4 10084/15/4 10083/15/4
f 10175/15/4 10098/15/4 10096/15/4
f 10096/15/4 10098/15/4 10097/15/4
f 9887/15/4 10105/15/4 10178/15/4
f 10178/15/4 10105/15/4 10104/15/4
f 9900/15/4 10112/15/4 9897/15/4
f 9897/15/4 10112/15/4 10111/15/4
f 10141/15/4 9923/15/4 10142/15/4
f 10142/15/4 9923/15/4 9922/15/4
f 6477/2/4 7522/2/4 9878/2/4
f 9878/2/4 7522/2/4 10095/2/4
f 9896/2/4 10110/2/4 9893/2/4
f 9893/2/4 10110/2/4 10108/2/4
f 10187/16/4 9707/16/4 10188/16/4
f 10188/16/4 9707/16/4 9706/16/4
f 9838/8/4 9829/8/4 9835/8/4
f 9835/8/4 9829/8/4 9828/8/4
f 10117/15/4 9899/15/4 10118/15/4
f 10118/15/4 9899/15/4 9898/15/4
f 6483/15/4 6478/15/4 9697/15/4
f 9697/15/4 6478/15/4 9953/15/4
f 9750/15/4 10168/15/4 9747/15/4
f 9747/15/4 10168/15/4 10170/15/4
f 10026/10/4 9794/10/4 10027/10/4
f 10027/10/4 9794/10/4 9793/10/4
f 9816/15/4 10171/15/4 9813/15/4
f 9813/15/4 10171/15/4 10040/15/4
f 10058/8/4 9837/8/4 10059/8/4
f 10059/8/4 9837/8/4 9836/8/4
f 9873/15/4 10173/15/4 9870/15/4
f 9870/15/4 10173/15/4 10087/15/4
f 9883/15/4 10092/15/4 10199/15/4
f 10199/15/4 10092/15/4 10091/15/4
f 10199/15/4 9874/15/4 9880/15/4
f 9880/15/4 9874/15/4 9879/15/4
f 9891/15/4 9895/15/4 9888/15/4
f 9888/15/4 9895/15/4 10177/15/4
f 9904/15/4 10116/15/4 9901/15/4
f 9901/15/4 10116/15/4 10115/15/4
f 9912/15/4 10124/15/4 9909/15/4
f 9909/15/4 10124/15/4 10123/15/4
f 9920/15/4 10132/15/4 9917/15/4
f 9917/15/4 10132/15/4 10131/15/4
f 9928/15/4 10140/15/4 9925/15/4
f 9925/15/4 10140/15/4 10139/15/4
f 9936/15/4 10148/15/4 9933/15/4
f 9933/15/4 10148/15/4 10147/15/4
f 9944/15/4 10156/15/4 9941/15/4
f 9941/15/4 10156/15/4 10155/15/4
f 10052/8/4 9825/8/4 10053/8/4
f 10053/8/4 9825/8/4 9824/8/4
f 9822/13/4 9857/13/4 9819/13/4
f 9819/13/4 9857/13/4 10181/13/4
f 8926/11/4 8176/11/4 8927/11/4
f 8927/11/4 8176/11/4 8175/11/4
f 10048/8/4 9821/8/4 10049/8/4
f 10049/8/4 9821/8/4 9820/8/4
f 10062/8/4 9841/8/4 10063/8/4
f 10063/8/4 9841/8/4 9840/8/4
f 10044/13/4 10047/13/4 10045/13/4
f 10045/13/4 10047/13/4 10046/13/4
f 9834/5/4 9818/5/4 9831/5/4
f 9831/5/4 9818/5/4 9817/5/4
f 9797/5/4 9845/5/4 9853/5/4
f 9853/5/4 9845/5/4 9844/5/4
f 9808/5/4 9799/5/4 9805/5/4
f 9805/5/4 9799/5/4 9798/5/4
f 9782/5/4 9765/5/4 9779/5/4
f 9779/5/4 9765/5/4 9764/5/4
f 9760/5/4 9784/5/4 9757/5/4
f 9757/5/4 9784/5/4 9788/5/4
f 9736/5/4 9725/5/4 9733/5/4
f 9733/5/4 9725/5/4 9724/5/4
f 9720/5/4 9703/5/4 9717/5/4
f 9717/5/4 9703/5/4 9702/5/4
f 5004/5/4 5003/5/4 9689/5/4
f 9689/5/4 5003/5/4 7927/5/4
f 7768/5/4 7767/5/4 9693/5/4
f 9693/5/4 7767/5/4 9692/5/4
f 9794/1/5 10026/1/5 9448/1/5
f 9448/1/5 10026/1/5 9446/1/5
f 10200/10/5 10201/10/5 9681/10/5
f 9681/10/5 10201/10/5 8175/10/5
f 9818/1/5 9834/1/5 9452/1/5
f 9452/1/5 9834/1/5 8259/1/5
f 10114/15/5 9898/15/5 10111/15/5
f 10111/15/5 9898/15/5 9897/15/5
f 9899/2/5 10202/2/5 8786/2/5
f 8786/2/5 10202/2/5 8646/2/5
f 10071/16/5 9856/16/5 9002/16/5
f 9002/16/5 9856/16/5 8275/16/5
f 9857/10/5 10203/10/5 9793/10/5
f 9793/10/5 10203/10/5 10027/10/5
f 10203/10/5 10204/10/5 9447/10/5
f 9447/10/5 10204/10/5 9681/10/5
f 10204/11/5 9822/11/5 10200/11/5
f 10200/11/5 9822/11/5 10201/11/5
f 9822/11/5 10044/11/5 8175/11/5
f 8175/11/5 10044/11/5 8985/11/5
f 10045/13/5 10205/13/5 8986/13/5
f 8986/13/5 10205/13/5 9004/13/5
f 9701/5/5 9699/5/5 8026/5/5
f 8026/5/5 9699/5/5 7966/5/5
f 10122/15/5 10206/15/5 10119/15/5
f 10119/15/5 10206/15/5 10118/15/5
f 10206/15/5 9902/15/5 10115/15/5
f 10115/15/5 9902/15/5 9901/15/5
f 10207/13/5 9820/13/5 10181/13/5
f 10181/13/5 9820/13/5 9819/13/5
f 9821/1/5 10048/1/5 9822/1/5
f 9822/1/5 10048/1/5 10047/1/5
f 10049/13/5 10208/13/5 10046/13/5
f 10046/13/5 10208/13/5 10045/13/5
f 9763/5/5 9761/5/5 8179/5/5
f 8179/5/5 9761/5/5 8139/5/5
f 9703/1/5 9720/1/5 9704/1/5
f 9704/1/5 9720/1/5 9700/1/5
f 10209/2/5 10210/2/5 10212/2/5
f 10212/2/5 10210/2/5 10211/2/5
f 9827/8/5 10054/8/5 10070/8/5
f 10070/8/5 10054/8/5 10181/8/5
f 9825/1/5 10052/1/5 9826/1/5
f 9826/1/5 10052/1/5 10051/1/5
f 9765/1/5 9782/1/5 9766/1/5
f 9766/1/5 9782/1/5 9762/1/5
f 9691/5/5 9690/5/5 7927/5/5
f 7927/5/5 9690/5/5 9689/5/5
f 9829/1/5 9838/1/5 9830/1/5
f 9830/1/5 9838/1/5 10055/1/5
f 9835/8/5 10056/8/5 10207/8/5
f 10207/8/5 10056/8/5 9823/8/5
f 9905/15/5 10213/15/5 10214/15/5
f 10214/15/5 10213/15/5 9909/15/5
f 9839/8/5 10215/8/5 9820/8/5
f 9820/8/5 10215/8/5 10208/8/5
f 9843/5/5 9832/5/5 9817/5/5
f 9817/5/5 9832/5/5 9831/5/5
f 9723/5/5 9721/5/5 8054/5/5
f 8054/5/5 9721/5/5 8025/5/5
f 10126/15/5 9906/15/5 10123/15/5
f 10123/15/5 9906/15/5 10214/15/5
f 9837/1/5 10058/1/5 9838/1/5
f 9838/1/5 10058/1/5 10057/1/5
f 10130/15/5 9910/15/5 10127/15/5
f 10127/15/5 9910/15/5 10213/15/5
f 9841/1/5 10062/1/5 9842/1/5
f 9842/1/5 10062/1/5 10061/1/5
f 9845/1/5 9797/1/5 9846/1/5
f 9846/1/5 9797/1/5 9833/1/5
f 9797/5/5 9795/5/5 8259/5/5
f 8259/5/5 9795/5/5 8178/5/5
f 9725/1/5 9736/1/5 9726/1/5
f 9726/1/5 9736/1/5 9722/1/5
f 10216/8/5 10217/8/5 8308/8/5
f 8308/8/5 10217/8/5 9001/8/5
f 10218/2/5 10219/2/5 10129/2/5
f 10129/2/5 10219/2/5 10220/2/5
f 9707/8/5 10187/8/5 9708/8/5
f 9708/8/5 10187/8/5 10221/8/5
f 10217/8/5 10222/8/5 9828/8/5
f 9828/8/5 10222/8/5 9835/8/5
f 10187/10/5 9957/10/5 10221/10/5
f 10221/10/5 9957/10/5 9956/10/5
f 10222/8/5 10223/8/5 9836/8/5
f 9836/8/5 10223/8/5 10059/8/5
f 10223/8/5 10224/8/5 9824/8/5
f 9824/8/5 10224/8/5 10053/8/5
f 10224/8/5 9847/8/5 10050/8/5
f 10050/8/5 9847/8/5 9820/8/5
f 9847/8/5 10065/8/5 9840/8/5
f 9840/8/5 10065/8/5 10063/8/5
f 10065/8/5 10225/8/5 10060/8/5
f 10060/8/5 10225/8/5 10215/8/5
f 10225/8/5 10226/8/5 10045/8/5
f 10045/8/5 10226/8/5 10205/8/5
f 9799/1/5 9808/1/5 9800/1/5
f 9800/1/5 9808/1/5 9796/1/5
f 9729/8/5 9977/8/5 9730/8/5
f 9730/8/5 9977/8/5 9976/8/5
f 9753/8/5 10003/8/5 9754/8/5
f 9754/8/5 10003/8/5 10002/8/5
f 9769/8/5 10010/8/5 9770/8/5
f 9770/8/5 10010/8/5 10009/8/5
f 9913/15/5 10227/15/5 10228/15/5
f 10228/15/5 10227/15/5 9917/15/5
f 9773/8/5 10014/8/5 9774/8/5
f 9774/8/5 10014/8/5 10013/8/5
f 9851/7/5 9848/7/5 10216/7/5
f 10216/7/5 9848/7/5 9847/7/5
f 9777/8/5 10018/8/5 9778/8/5
f 9778/8/5 10018/8/5 10017/8/5
f 9849/8/5 10067/8/5 9850/8/5
f 9850/8/5 10067/8/5 10066/8/5
f 9964/13/5 9980/13/5 9961/13/5
f 9961/13/5 9980/13/5 9979/13/5
f 10068/7/5 10072/7/5 10065/7/5
f 10065/7/5 10072/7/5 10226/7/5
f 9743/7/5 9993/7/5 9744/7/5
f 9744/7/5 9993/7/5 9992/7/5
f 9713/8/5 9967/8/5 9714/8/5
f 9714/8/5 9967/8/5 9966/8/5
f 9781/5/5 9755/5/5 8140/5/5
f 8140/5/5 9755/5/5 8115/5/5
f 10069/12/5 9852/12/5 10064/12/5
f 10064/12/5 9852/12/5 9851/12/5
f 10134/15/5 9914/15/5 10131/15/5
f 10131/15/5 9914/15/5 10228/15/5
f 9982/16/5 9732/16/5 9981/16/5
f 9981/16/5 9732/16/5 10179/16/5
f 10138/15/5 9918/15/5 10135/15/5
f 10135/15/5 9918/15/5 10227/15/5
f 9784/5/5 9760/5/5 9785/5/5
f 9785/5/5 9760/5/5 9756/5/5
f 9970/12/5 9716/12/5 9969/12/5
f 9969/12/5 9716/12/5 9715/12/5
f 10031/12/5 9802/12/5 10028/12/5
f 10028/12/5 9802/12/5 9801/12/5
f 10082/12/5 9864/12/5 9021/12/5
f 9021/12/5 9864/12/5 8307/12/5
f 10140/2/5 10229/2/5 9916/2/5
f 9916/2/5 10229/2/5 10136/2/5
f 10076/5/5 9858/5/5 9005/5/5
f 9005/5/5 9858/5/5 8278/5/5
f 9859/5/5 9854/5/5 9844/5/5
f 9844/5/5 9854/5/5 9853/5/5
f 9855/5/5 9806/5/5 9798/5/5
f 9798/5/5 9806/5/5 9805/5/5
f 9807/5/5 9786/5/5 9764/5/5
f 9764/5/5 9786/5/5 9779/5/5
f 9787/5/5 9758/5/5 9788/5/5
f 9788/5/5 9758/5/5 9757/5/5
f 9759/5/5 9745/5/5 8116/5/5
f 8116/5/5 9745/5/5 8053/5/5
f 9746/5/5 9734/5/5 9724/5/5
f 9724/5/5 9734/5/5 9733/5/5
f 9735/5/5 9718/5/5 9702/5/5
f 9702/5/5 9718/5/5 9717/5/5
f 9719/5/5 9694/5/5 9692/5/5
f 9692/5/5 9694/5/5 9693/5/5
f 10146/15/5 10230/15/5 10143/15/5
f 10143/15/5 10230/15/5 9921/15/5
f 10230/15/5 10231/15/5 9922/15/5
f 9922/15/5 10231/15/5 10142/15/5
f 10231/15/5 9926/15/5 10139/15/5
f 10139/15/5 9926/15/5 9925/15/5
f 10232/2/5 10233/2/5 10235/2/5
f 10235/2/5 10233/2/5 10234/2/5
f 9929/15/5 10236/15/5 10237/15/5
f 10237/15/5 10236/15/5 9933/15/5
f 10150/15/5 9930/15/5 10147/15/5
f 10147/15/5 9930/15/5 10237/15/5
f 10154/15/5 9934/15/5 10151/15/5
f 10151/15/5 9934/15/5 10236/15/5
f 10109/2/5 9892/2/5 10238/2/5
f 10238/2/5 9892/2/5 9931/2/5
f 10096/2/5 9879/2/5 10095/2/5
f 10095/2/5 9879/2/5 9878/2/5
f 9937/15/5 10239/15/5 10240/15/5
f 10240/15/5 10239/15/5 9941/15/5
f 9952/15/5 9696/15/5 9951/15/5
f 9951/15/5 9696/15/5 9695/15/5
f 10039/15/5 9810/15/5 10036/15/5
f 10036/15/5 9810/15/5 9809/15/5
f 10086/15/5 9867/15/5 10083/15/5
f 10083/15/5 9867/15/5 9866/15/5
f 10158/15/5 9938/15/5 10155/15/5
f 10155/15/5 9938/15/5 10240/15/5
f 9811/15/5 10042/15/5 9812/15/5
f 9812/15/5 10042/15/5 10041/15/5
f 9868/15/5 10089/15/5 9869/15/5
f 9869/15/5 10089/15/5 10088/15/5
f 9954/15/5 9698/15/5 9953/15/5
f 9953/15/5 9698/15/5 9697/15/5
f 10001/15/5 9748/15/5 9998/15/5
f 9998/15/5 9748/15/5 9747/15/5
f 10043/15/5 9814/15/5 10040/15/5
f 10040/15/5 9814/15/5 9813/15/5
f 10090/15/5 9871/15/5 10087/15/5
f 10087/15/5 9871/15/5 9870/15/5
f 10100/15/5 9881/15/5 10097/15/5
f 10097/15/5 9881/15/5 9880/15/5
f 10107/15/5 9889/15/5 10104/15/5
f 10104/15/5 9889/15/5 9888/15/5
f 10161/15/5 9942/15/5 10159/15/5
f 10159/15/5 9942/15/5 10239/15/5
f 10113/15/6 10112/15/6 9899/15/6
f 9899/15/6 10112/15/6 9900/15/6
f 10121/15/6 10120/15/6 10212/15/6
f 10212/15/6 10120/15/6 9899/15/6
f 10211/15/6 10202/15/6 10241/15/6
f 10241/15/6 10202/15/6 10117/15/6
f 10241/15/6 10116/15/6 9903/15/6
f 9903/15/6 10116/15/6 9904/15/6
f 9908/15/6 10242/15/6 10128/15/6
f 10128/15/6 10242/15/6 10209/15/6
f 10125/15/6 10124/15/6 9907/15/6
f 9907/15/6 10124/15/6 10242/15/6
f 10220/15/6 10210/15/6 9911/15/6
f 9911/15/6 10210/15/6 9912/15/6
f 9706/1/6 9705/1/6 10188/1/6
f 10188/1/6 9705/1/6 10243/1/6
f 10188/10/6 10243/10/6 9958/10/6
f 9958/10/6 10243/10/6 9955/10/6
f 6448/10/6 6447/10/6 7495/10/6
f 7495/10/6 6447/10/6 7492/10/6
f 9710/10/6 9709/10/6 9960/10/6
f 9960/10/6 9709/10/6 9959/10/6
f 9728/8/6 9727/8/6 9978/8/6
f 9978/8/6 9727/8/6 9975/8/6
f 9752/8/6 9751/8/6 9769/8/6
f 9769/8/6 9751/8/6 9770/8/6
f 9768/8/6 9767/8/6 10011/8/6
f 10011/8/6 9767/8/6 10008/8/6
f 10179/13/6 9731/13/6 9739/13/6
f 9739/13/6 9731/13/6 9740/13/6
f 9772/8/6 9771/8/6 10015/8/6
f 10015/8/6 9771/8/6 10012/8/6
f 9738/8/6 9737/8/6 9990/8/6
f 9990/8/6 9737/8/6 9987/8/6
f 9776/8/6 9775/8/6 10019/8/6
f 10019/8/6 9775/8/6 10016/8/6
f 9989/13/6 9988/13/6 10190/13/6
f 10190/13/6 9988/13/6 10189/13/6
f 9963/13/6 9962/13/6 9946/13/6
f 9946/13/6 9962/13/6 9945/13/6
f 10190/8/6 10189/8/6 9743/8/6
f 9743/8/6 10189/8/6 9744/8/6
f 9742/7/6 9741/7/6 9994/7/6
f 9994/7/6 9741/7/6 9991/7/6
f 6455/8/6 6454/8/6 7504/8/6
f 7504/8/6 6454/8/6 7501/8/6
f 9712/8/6 9711/8/6 9968/8/6
f 9968/8/6 9711/8/6 9965/8/6
f 6459/8/6 6458/8/6 7508/8/6
f 7508/8/6 6458/8/6 7505/8/6
f 10079/12/6 10078/12/6 9862/12/6
f 9862/12/6 10078/12/6 9863/12/6
f 10133/15/6 10132/15/6 9915/15/6
f 9915/15/6 10132/15/6 10218/15/6
f 10137/15/6 10219/15/6 9919/15/6
f 9919/15/6 10219/15/6 9920/15/6
f 10030/12/6 10029/12/6 9803/12/6
f 9803/12/6 10029/12/6 9804/12/6
f 10081/12/6 10069/12/6 9865/12/6
f 9865/12/6 10069/12/6 9852/12/6
f 10075/5/6 10074/5/6 10035/5/6
f 10035/5/6 10074/5/6 10032/5/6
f 10034/5/6 10033/5/6 10023/5/6
f 10023/5/6 10033/5/6 10020/5/6
f 10022/5/6 10021/5/6 10007/5/6
f 10007/5/6 10021/5/6 10004/5/6
f 10006/5/6 10005/5/6 9997/5/6
f 9997/5/6 10005/5/6 9785/5/6
f 9996/5/6 9995/5/6 9986/5/6
f 9986/5/6 9995/5/6 9983/5/6
f 9985/5/6 9984/5/6 9974/5/6
f 9974/5/6 9984/5/6 9971/5/6
f 9973/5/6 9972/5/6 9950/5/6
f 9950/5/6 9972/5/6 9947/5/6
f 9949/5/6 9948/5/6 7521/5/6
f 7521/5/6 9948/5/6 7518/5/6
f 10145/15/6 10144/15/6 10244/15/6
f 10244/15/6 10144/15/6 9924/15/6
f 10244/15/6 9923/15/6 10235/15/6
f 10235/15/6 9923/15/6 10141/15/6
f 10234/15/6 10229/15/6 9927/15/6
f 9927/15/6 10229/15/6 9928/15/6
f 9932/15/6 10233/15/6 10245/15/6
f 10245/15/6 10233/15/6 9936/15/6
f 10149/15/6 10148/15/6 10238/15/6
f 10238/15/6 10148/15/6 10232/15/6
f 10153/15/6 10152/15/6 9935/15/6
f 9935/15/6 10152/15/6 10245/15/6
f 10108/2/6 9285/2/6 9893/2/6
f 9893/2/6 9285/2/6 8647/2/6
f 9887/2/6 10110/2/6 9895/2/6
f 9895/2/6 10110/2/6 9896/2/6
f 10038/15/6 10037/15/6 9791/15/6
f 9791/15/6 10037/15/6 9792/15/6
f 9790/15/6 9789/15/6 9811/15/6
f 9811/15/6 9789/15/6 9812/15/6
f 10106/15/6 10105/15/6 9886/15/6
f 9886/15/6 10105/15/6 9887/15/6
f 10157/15/6 10156/15/6 9939/15/6
f 9939/15/6 10156/15/6 10109/15/6
f 10099/15/6 10098/15/6 9876/15/6
f 9876/15/6 10098/15/6 9877/15/6
f 9885/15/6 9884/15/6 10103/15/6
f 10103/15/6 9884/15/6 10101/15/6
f 6480/15/6 6478/15/6 7532/15/6
f 7532/15/6 6478/15/6 7529/15/6
f 9875/15/6 9874/15/6 10094/15/6
f 10094/15/6 9874/15/6 10091/15/6
f 10000/15/6 9999/15/6 9749/15/6
f 9749/15/6 9999/15/6 9750/15/6
f 10025/15/6 10024/15/6 9815/15/6
f 9815/15/6 10024/15/6 9816/15/6
f 10085/15/6 10084/15/6 9872/15/6
f 9872/15/6 10084/15/6 9873/15/6
f 10093/15/6 10092/15/6 9882/15/6
f 9882/15/6 10092/15/6 9883/15/6
f 10102/15/6 9895/15/6 9890/15/6
f 9890/15/6 9895/15/6 9891/15/6
f 10160/15/6 9892/15/6 9943/15/6
f 9943/15/6 9892/15/6 9944/15/6
