# Vengi binary mesh normalized for Tanks of Freedom II

mtllib ../../materials/vox_building.mtl
o airfield

v 2.8 1.4 2.9
v 2.7 1.4 2.9
v 2.7 1.4 3
v 2.8 1.4 3
v 2.7 1.6 2.9
v 2.5 1.6 2.9
v 2.5 1.6 3
v 2.7 1.6 3
v 2.5 0.1 2.9
v 2.4 0.1 2.9
v 2.4 0.1 3
v 2.5 0.1 3
v 2.5 1.7 2.9
v 2.3 1.7 2.9
v 2.3 1.7 3
v 2.5 1.7 3
v 2.3 1.8 2.9
v 2.1 1.8 2.9
v 2.1 1.8 3
v 2.3 1.8 3
v 2.1 1.9 2.9
v 1.7 1.9 2.9
v 1.7 1.9 3
v 2.1 1.9 3
v 1.7 2 2.9
v 1.3 2 2.9
v 1.3 2 3
v 1.7 2 3
v 1.3 1.9 2.9
v 0.9 1.9 2.9
v 0.9 1.9 3
v 1.3 1.9 3
v 0.9 1.8 2.9
v 0.7 1.8 2.9
v 0.7 1.8 3
v 0.9 1.8 3
v 1.6 0.1 2.9
v 0.6 0.1 2.9
v 0.6 0.1 3
v 1.6 0.1 3
v 0.5 0.1 2.9
v 0.5 0.1 3
v 0.7 1.7 2.9
v 0.5 1.7 2.9
v 0.5 1.7 3
v 0.7 1.7 3
v 0.5 1.6 2.9
v 0.3 1.6 2.9
v 0.3 1.6 3
v 0.5 1.6 3
v 0.3 1.4 2.9
v 0.2 1.4 2.9
v 0.2 1.4 3
v 0.3 1.4 3
v -1.1 1.4 2.9
v -2.2 1.4 2.9
v -2.2 1.4 3
v -1.1 1.4 3
v 2.5 0.2 2.8
v 2.4 0.2 2.8
v 2.4 0.2 2.9
v 2.5 0.2 2.9
v 0.6 0.2 2.8
v 0.5 0.2 2.8
v 0.5 0.2 2.9
v 0.6 0.2 2.9
v 2.5 0.1 2.7
v 2.4 0.1 2.7
v 2.4 0.1 2.8
v 2.5 0.1 2.8
v 0.6 0.1 2.7
v 0.5 0.1 2.7
v 0.5 0.1 2.8
v 0.6 0.1 2.8
v -1 1.1 2.7
v -1.1 1.1 2.7
v -1.1 1.1 2.9
v -1 1.1 2.9
v -2 1.5 2.7
v -2.2 1.5 2.7
v -2.2 1.5 2.8
v -2 1.5 2.8
v 2.5 0.2 2.6
v 2.4 0.2 2.6
v 2.4 0.2 2.7
v 2.5 0.2 2.7
v 0.6 0.2 2.6
v 0.5 0.2 2.6
v 0.5 0.2 2.7
v 0.6 0.2 2.7
v -1.2 0.3 2.6
v -1.3 0.3 2.6
v -1.3 0.3 2.9
v -1.2 0.3 2.9
v -1.4 0.3 2.6
v -1.4 0.3 2.9
v -1.5 0.3 2.6
v -1.5 0.3 2.9
v -1.9 1.1 2.6
v -2.1 1.1 2.6
v -2.1 1.1 2.9
v -1.9 1.1 2.9
v 2.5 0.1 2.5
v 2.4 0.1 2.5
v 2.4 0.1 2.6
v 2.5 0.1 2.6
v 0.6 0.1 2.5
v 0.5 0.1 2.5
v 0.5 0.1 2.6
v 0.6 0.1 2.6
v 2.5 0.2 2.4
v 2.4 0.2 2.4
v 2.4 0.2 2.5
v 2.5 0.2 2.5
v 0.6 0.2 2.4
v 0.5 0.2 2.4
v 0.5 0.2 2.5
v 0.6 0.2 2.5
v -1 1.1 2.4
v -1.1 1.1 2.4
v -1.1 1.1 2.6
v -1 1.1 2.6
v -1.9 1.1 2.3
v -2 1.1 2.3
v -2 1.1 2.5
v -1.9 1.1 2.5
v -2.1 0.1 2.3
v -2.2 0.1 2.3
v -2.2 0.1 2.6
v -2.1 0.1 2.6
v -2.1 0.5 2.2
v -2.2 0.5 2.2
v -2.2 0.5 2.7
v -2.1 0.5 2.7
v 1.6 0.1 2.1
v 1.4 0.1 2.1
v 1.4 0.1 2.9
v -1 1.1 2.1
v -1.1 1.1 2.1
v -1.1 1.1 2.3
v -1 1.1 2.3
v -1.1 0.3 2.1
v -1.2 0.3 2.1
v -1.2 0.3 2.4
v -1.1 0.3 2.4
v -1.3 0.3 2.1
v -1.3 0.3 2.4
v -1.4 0.3 2.1
v -1.4 0.3 2.4
v -1.9 1.5 2.1
v -2 1.5 2.1
v -1.9 1.5 2.7
v -2 1.6 2.1
v -2.2 1.6 2.1
v -2.2 1.6 2.7
v -2 1.6 2.7
v -2 0.1 2
v -2.2 0.1 2
v -2.2 0.1 2.1
v -2 0.1 2.1
v -2 0.5 2
v -2.2 0.5 2
v -2.2 0.5 2.1
v -2 0.5 2.1
v -2 1.5 2
v -2.2 1.5 2
v -2.2 1.5 2.1
v 1.6 0.1 1.9
v 1.4 0.1 1.9
v -1 1.1 1.8
v -1.1 1.1 1.8
v -1.1 1.1 2
v -1 1.1 2
v -1.9 0.1 1.7
v -2 0.1 1.7
v -1.9 0.1 2
v -2 0.8 1.7
v -2.1 0.8 1.7
v -2.1 0.8 2
v -2 0.8 2
v -2.2 0.8 1.7
v -2.2 0.8 2
v -1 0.4 1.6
v -1.6 0.4 1.6
v -1.6 0.4 1.7
v -1 0.4 1.7
v -1.9 0.5 1.6
v -2 0.5 1.6
v -1.9 0.5 2.1
v -2 0.1 1.6
v -2.2 0.1 1.6
v -2.2 0.1 1.7
v -2.2 0.5 1.6
v -2.2 0.5 1.7
v -2 0.5 1.7
v -1 1.1 1.5
v -1.1 1.1 1.5
v -1.1 1.1 1.7
v -1 1.1 1.7
v -0.9 0.4 1.4
v -1 0.4 1.4
v -0.9 0.4 1.6
v -1 0.5 1.4
v -1.6 0.5 1.4
v -1.6 0.5 1.6
v -1 0.5 1.6
v -1.6 0.4 1.4
v -1.7 0.4 1.4
v -1.7 0.4 1.6
v -1 0.4 1.3
v -1.6 0.4 1.3
v -1 1.1 1.2
v -1.1 1.1 1.2
v -1.1 1.1 1.4
v -1 1.1 1.4
v 2.8 1.4 1.1
v 2.7 1.4 1.1
v 2.7 1.6 1.1
v 2.5 1.6 1.1
v 2.5 1.7 1.1
v 2.3 1.7 1.1
v 2.3 1.8 1.1
v 2.1 1.8 1.1
v 2.1 1.9 1.1
v 1.7 1.9 1.1
v 1.6 0.1 1.1
v 1.4 0.1 1.1
v 1.7 2 1.1
v 1.3 2 1.1
v 1.3 1.9 1.1
v 0.9 1.9 1.1
v 0.9 1.8 1.1
v 0.7 1.8 1.1
v 0.7 1.7 1.1
v 0.5 1.7 1.1
v 0.5 1.6 1.1
v 0.3 1.6 1.1
v 0.3 1.4 1.1
v 0.2 1.4 1.1
v 2.9 1.2 1
v 2.8 1.2 1
v 2.8 1.2 3
v 2.9 1.2 3
v 2.8 1.4 1
v 2.7 1.4 1
v 2.7 1.6 1
v 2.5 1.6 1
v 2.5 1.7 1
v 2.3 1.7 1
v 2.3 1.8 1
v 2.1 1.8 1
v 2.1 1.9 1
v 1.7 1.9 1
v 1.7 2 1
v 1.3 2 1
v 1.3 1.9 1
v 0.9 1.9 1
v 0.9 1.8 1
v 0.7 1.8 1
v 0.7 1.7 1
v 0.5 1.7 1
v 0.5 1.6 1
v 0.3 1.6 1
v 0.3 1.4 1
v 0.2 1.4 1
v 0.2 1.2 1
v 0.1 1.2 1
v 0.1 1.2 3
v 0.2 1.2 3
v 1.6 0.1 0.9
v 1.4 0.1 0.9
v -1 1.1 0.9
v -1.1 1.1 0.9
v -1.1 1.1 1.1
v -1 1.1 1.1
v -1 1.1 0.6
v -1.1 1.1 0.6
v -1.1 1.1 0.8
v -1 1.1 0.8
v -1.5 0.3 0.6
v -1.6 0.3 0.6
v -1.6 0.3 0.9
v -1.5 0.3 0.9
v -1.7 0.3 0.6
v -1.7 0.3 0.9
v -1.8 0.3 0.6
v -1.8 0.3 0.9
v -1.2 1.1 0.5
v -1.3 1.1 0.5
v -1.3 1.1 3
v -1.2 1.1 3
v -1.4 1.1 0.5
v -1.4 1.1 2.9
v -1.3 1.1 2.9
v -1.6 1.1 0.5
v -1.6 1.1 3
v -1.4 1.1 3
v -1.2 1.4 0.4
v -1.5 1.4 0.4
v -1.5 1.4 0.5
v -1.2 1.4 0.5
v -1.4 0.1 0.4
v -1.7 0.1 0.4
v -1.7 0.1 0.5
v -1.4 0.1 0.5
v -1.6 1.1 0.4
v -1.7 1.1 0.4
v -1.7 1.1 2.9
v -1.6 1.1 2.9
v -1.4 0.5 0.4
v -1.8 0.5 0.4
v -1.8 0.5 0.5
v -1.4 0.5 0.5
v -1.9 1.1 0.4
v -1.9 1.1 3
v -1.7 1.1 3
v -1 1.1 0.3
v -1.1 1.1 0.3
v -1.1 1.1 0.5
v -1 1.1 0.5
v -1.2 1.4 0.3
v -1.5 1.4 0.3
v -1.2 1.4 0.2
v -1.5 1.4 0.2
v 1.6 0.1 0.1
v 1.4 0.1 0.1
v -1.3 0.1 0.1
v -1.4 0.1 0.1
v -1.3 0.1 0.4
v -1.4 0.5 0.1
v -1.7 0.5 0.1
v -1.7 0.5 0.4
v -1.6 1.4 0.1
v -1.7 1.4 0.1
v -1.7 1.4 0.4
v -1.6 1.4 0.4
v -1.7 0.1 0.1
v -1.8 0.1 0.1
v -1.8 0.1 0.4
v -1.8 1.4 0.1
v -1.8 1.4 0.4
v -1.9 1.4 0.1
v -1.9 1.4 0.4
v -1 1.1 0
v -1.1 1.1 0
v -1.1 1.1 0.2
v -1 1.1 0.2
v -1.3 0.5 0
v -1.4 0.5 0
v -1.3 0.5 0.5
v -1.3 1.1 0
v -1.5 1.1 0
v -1.5 1.1 0.2
v -1.3 1.1 0.2
v -1.4 0.1 0
v -1.7 0.1 0
v -1.7 0.5 0
v -1.8 0.5 0
v -1.6 1.1 0
v -1.9 1.1 0
v -1.9 1.1 0.1
v -1.6 1.1 0.1
v -2 1.1 0
v -2 1.1 2.2
v -1.9 1.1 2.2
v -2.1 1.1 0
v -2 1.1 2.6
v 1.6 0.1 -0.1
v 1.4 0.1 -0.1
v -1 1.4 -0.1
v -1.1 1.4 -0.1
v -1 1.4 3
v -1.1 1.1 -0.1
v -1.2 1.1 -0.1
v -1.1 1.1 3
v -1.3 1.1 -0.1
v -1.2 1.1 0.2
v -1.4 1.1 -0.1
v -1.5 1.1 -0.1
v -1.4 1.1 0
v -1.6 1.1 -0.1
v -1.5 1.1 0.5
v -1.7 1.1 -0.1
v -1.9 1.1 -0.1
v -1.7 1.1 0
v -2.1 1.1 -0.1
v -2.2 1.1 -0.1
v -2.2 1.1 3
v -2.1 1.1 3
v -2.2 1.4 -0.1
v -2.2 1.4 0
v -1.1 1.4 0
v -1.2 0.3 -0.8
v -1.3 0.3 -0.8
v -1.3 0.3 -0.5
v -1.2 0.3 -0.5
v -1.4 0.3 -0.8
v -1.4 0.3 -0.5
v -1.5 0.3 -0.8
v -1.5 0.3 -0.5
v 1.6 0.1 -0.9
v 1.4 0.1 -0.9
v -1.1 0.3 -1
v -1.4 0.3 -1
v -1.4 0.3 -0.9
v -1.1 0.3 -0.9
v 1.6 0.1 -1.1
v 1.4 0.1 -1.1
v -1.1 0.3 -1.1
v -1.4 0.3 -1.1
v -1.1 0.3 -1.2
v -1.4 0.3 -1.2
v -2.1 0.4 -1.4
v -2.2 0.4 -1.4
v -2.2 0.4 -1.2
v -2.1 0.4 -1.2
v 1.6 0.1 -1.9
v 1.4 0.1 -1.9
v -2.1 0.4 -1.9
v -2.2 0.4 -1.9
v -2.2 0.4 -1.7
v -2.1 0.4 -1.7
v 1.6 0.1 -2.1
v 1.4 0.1 -2.1
v 2.5 0.1 -2.2
v 2.4 0.1 -2.2
v 2.4 0.1 2.4
v 2.5 0.1 2.4
v 1.6 0.1 -2.2
v 1.4 0.1 -2.2
v 0.6 0.1 -2.2
v 0.5 0.1 -2.2
v 0.5 0.1 2.4
v 0.6 0.1 2.4
v -0.7 0.4 -2.2
v -0.9 0.4 -2.2
v -0.9 0.4 -2.1
v -0.7 0.4 -2.1
v -1.2 0.4 -2.2
v -1.4 0.4 -2.2
v -1.4 0.4 -2.1
v -1.2 0.4 -2.1
v 2.9 0 2.9
v 2.9 0 3
v 2.7 0 3
v 2.7 0 2.9
v 2.7 1.2 2.9
v 2.7 1.2 3
v 2.6 1.2 3
v 2.6 1.2 2.9
v 2.6 1.4 2.9
v 2.6 1.4 3
v 2.5 1.4 3
v 2.5 1.4 2.9
v 2.5 1.5 2.9
v 2.5 1.5 3
v 2.3 1.5 3
v 2.3 1.5 2.9
v 2.3 1.6 2.9
v 2.3 1.6 3
v 2.1 1.6 3
v 2.1 1.6 2.9
v 2.1 1.7 2.9
v 2.1 1.7 3
v 1.7 1.7 3
v 1.7 1.7 2.9
v 1.7 1.8 2.9
v 1.7 1.8 3
v 1.3 1.8 3
v 1.3 1.8 2.9
v 1.3 1.7 2.9
v 1.3 1.7 3
v 0.9 1.7 3
v 0.9 1.7 2.9
v 0.9 1.6 2.9
v 0.9 1.6 3
v 0.7 1.6 3
v 0.7 1.6 2.9
v 1.6 0 2.9
v 1.6 0 3
v 0.6 0 3
v 0.6 0 2.9
v 0.7 1.5 2.9
v 0.7 1.5 3
v 0.5 1.5 3
v 0.5 1.5 2.9
v 0.5 1.4 2.9
v 0.5 1.4 3
v 0.4 1.4 3
v 0.4 1.4 2.9
v 0.4 1.2 2.9
v 0.4 1.2 3
v 0.3 1.2 3
v 0.3 1.2 2.9
v 0.3 0 2.9
v 0.3 0 3
v 0.1 0 3
v 0.1 0 2.9
v -1 0 2.9
v -1 0 3
v -1.1 0 3
v -1.1 0 2.9
v -1.1 0.8 2.9
v -1.1 0.8 3
v -1.2 0.8 3
v -1.2 0.8 2.9
v -1.2 0.9 2.9
v -1.2 0.9 3
v -1.3 0.9 3
v -1.3 0.9 2.9
v -1.1 1.3 2.9
v -1.1 1.3 3
v -1.3 1.3 3
v -1.3 1.3 2.9
v -1.4 1.3 2.9
v -1.4 1.3 3
v -1.6 1.3 3
v -1.6 1.3 2.9
v -1.7 1.3 2.9
v -1.7 1.3 3
v -1.9 1.3 3
v -1.9 1.3 2.9
v -2.1 1.3 2.9
v -2.1 1.3 3
v -2.2 1.3 3
v -2.2 1.3 2.9
v -1 0.8 2.8
v -1 0.8 2.9
v -1.1 0.8 2.8
v -1.3 0 2.8
v -1.3 0 2.9
v -1.4 0 2.9
v -1.4 0 2.8
v -1 0.9 2.7
v -1 0.9 2.8
v -1.1 0.9 2.8
v -1.1 0.9 2.7
v -1 1.3 2.7
v -1 1.3 2.9
v -1.1 1.3 2.7
v -1.3 0 2.7
v -1.4 0 2.7
v -2 1.3 2.7
v -2 1.3 2.8
v -2.2 1.3 2.8
v -2.2 1.3 2.7
v -1.2 0 2.6
v -1.2 0 2.9
v -1.3 0 2.6
v -1.4 0 2.6
v -1.5 0 2.9
v -1.5 0 2.6
v -1.9 1.3 2.6
v -1.9 1.3 2.7
v -2 1.3 2.6
v -1 1.3 2.4
v -1 1.3 2.6
v -1.1 1.3 2.6
v -1.1 1.3 2.4
v -1.2 0 2.3
v -1.2 0 2.4
v -1.3 0 2.4
v -1.3 0 2.3
v -1.9 1.3 2.3
v -1.9 1.3 2.5
v -2 1.3 2.5
v -2 1.3 2.3
v -2.1 0.4 2.3
v -2.1 0.4 2.6
v -2.2 0.4 2.6
v -2.2 0.4 2.3
v -1 1 2.2
v -1 1 2.7
v -1.1 1 2.7
v -1.1 1 2.2
v -1.2 0 2.2
v -1.3 0 2.2
v -2.1 0 2.2
v -2.1 0 2.7
v -2.2 0 2.7
v -2.2 0 2.2
v 1.6 0 2.1
v 1.4 0 2.9
v 1.4 0 2.1
v -1 0.9 2.1
v -1 0.9 2.2
v -1.1 0.9 2.2
v -1.1 0.9 2.1
v -1 1.3 2.1
v -1 1.3 2.3
v -1.1 1.3 2.3
v -1.1 1.3 2.1
v -1.1 0 2.1
v -1.1 0 2.4
v -1.2 0 2.1
v -1.3 0 2.1
v -1.4 0 2.4
v -1.4 0 2.1
v -1.9 1.3 2.1
v -1.9 1.3 2.2
v -2 1.3 2.2
v -2 1.3 2.1
v -2 1.2 2.1
v -2 1.2 2.7
v -2.2 1.2 2.7
v -2.2 1.2 2.1
v -1 0.8 2
v -1 0.8 2.1
v -1.1 0.8 2.1
v -1.1 0.8 2
v -2 0.4 2
v -2 0.4 2.1
v -2.2 0.4 2.1
v -2.2 0.4 2
v -2 1.3 2
v -2.2 1.3 2.1
v -2.2 1.3 2
v 1.6 0 1.9
v 1.4 0 1.9
v -1 0 1.9
v -1 0 2
v -1.1 0 2
v -1.1 0 1.9
v -1 0.8 1.8
v -1 0.8 1.9
v -1.1 0.8 1.9
v -1.1 0.8 1.8
v -1 1.3 1.8
v -1 1.3 2
v -1.1 1.3 2
v -1.1 1.3 1.8
v -1 0.9 1.7
v -1 0.9 1.8
v -1.1 0.9 1.8
v -1.1 0.9 1.7
v -1.9 0.4 1.7
v -1.9 0.4 2
v -2 0.4 1.7
v -1 0.2 1.6
v -1 0.2 1.7
v -1.1 0.2 1.7
v -1.1 0.2 1.6
v -1.1 0 1.6
v -1.1 0 1.7
v -1.2 0 1.7
v -1.2 0 1.6
v -1.2 0.2 1.6
v -1.2 0.2 1.7
v -1.4 0.2 1.7
v -1.4 0.2 1.6
v -1.4 0 1.6
v -1.4 0 1.7
v -1.5 0 1.7
v -1.5 0 1.6
v -1.5 0.2 1.6
v -1.5 0.2 1.7
v -1.6 0.2 1.7
v -1.6 0.2 1.6
v -1.9 0 1.6
v -1.9 0 2.1
v -2.2 0 2.1
v -2.2 0 1.6
v -2 0.4 1.6
v -2.2 0.4 1.7
v -2.2 0.4 1.6
v -1 1.3 1.5
v -1 1.3 1.7
v -1.1 1.3 1.7
v -1.1 1.3 1.5
v -0.9 0.2 1.4
v -0.9 0.2 1.6
v -1 0.2 1.4
v -1 0.1 1.4
v -1 0.1 1.6
v -1.6 0.1 1.6
v -1.6 0.1 1.4
v -1.6 0.2 1.4
v -1.7 0.2 1.6
v -1.7 0.2 1.4
v -1 0.2 1.3
v -1.1 0.2 1.4
v -1.1 0.2 1.3
v -1.1 0 1.3
v -1.1 0 1.4
v -1.2 0 1.4
v -1.2 0 1.3
v -1.2 0.2 1.3
v -1.2 0.2 1.4
v -1.4 0.2 1.4
v -1.4 0.2 1.3
v -1.4 0 1.3
v -1.4 0 1.4
v -1.5 0 1.4
v -1.5 0 1.3
v -1.5 0.2 1.3
v -1.5 0.2 1.4
v -1.6 0.2 1.3
v -1 1 1.2
v -1 1 1.7
v -1.1 1 1.7
v -1.1 1 1.2
v -1 1.3 1.2
v -1 1.3 1.4
v -1.1 1.3 1.4
v -1.1 1.3 1.2
v 2.9 0 1.1
v 2.7 0 1.1
v 2.7 1.2 1.1
v 2.6 1.2 1.1
v 2.6 1.4 1.1
v 2.5 1.4 1.1
v 2.5 1.5 1.1
v 2.3 1.5 1.1
v 2.3 1.6 1.1
v 2.1 1.6 1.1
v 2.1 1.7 1.1
v 1.7 1.7 1.1
v 1.6 0 1.1
v 1.4 0 1.1
v 1.7 1.8 1.1
v 1.3 1.8 1.1
v 1.3 1.7 1.1
v 0.9 1.7 1.1
v 0.9 1.6 1.1
v 0.7 1.6 1.1
v 0.7 1.5 1.1
v 0.5 1.5 1.1
v 0.5 1.4 1.1
v 0.4 1.4 1.1
v 0.4 1.2 1.1
v 0.3 1.2 1.1
v 0.3 0 1.1
v 0.1 0 1.1
v -1 0.9 1.1
v -1 0.9 1.2
v -1.1 0.9 1.2
v -1.1 0.9 1.1
v 2.9 0 1
v 2.7 0 1
v 2.7 1.2 1
v 2.6 1.2 1
v 2.6 1.4 1
v 2.5 1.4 1
v 2.5 1.5 1
v 2.3 1.5 1
v 2.3 1.6 1
v 2.1 1.6 1
v 2.1 1.7 1
v 1.7 1.7 1
v 1.7 1.8 1
v 1.3 1.8 1
v 1.3 1.7 1
v 0.9 1.7 1
v 0.9 1.6 1
v 0.7 1.6 1
v 0.7 1.5 1
v 0.5 1.5 1
v 0.5 1.4 1
v 0.4 1.4 1
v 0.4 1.2 1
v 0.3 1.2 1
v 0.3 0 1
v 0.1 0 1
v -1 0.8 1
v -1 0.8 1.1
v -1.1 0.8 1.1
v -1.1 0.8 1
v 1.6 0 0.9
v 1.4 0 0.9
v -1 0 0.9
v -1 0 1
v -1.1 0 1
v -1.1 0 0.9
v -1 1.3 0.9
v -1 1.3 1.1
v -1.1 1.3 1.1
v -1.1 1.3 0.9
v -1 0.8 0.8
v -1 0.8 0.9
v -1.1 0.8 0.9
v -1.1 0.8 0.8
v -1.6 0 0.8
v -1.6 0 0.9
v -1.7 0 0.9
v -1.7 0 0.8
v -1 0.9 0.7
v -1 0.9 0.8
v -1.1 0.9 0.8
v -1.1 0.9 0.7
v -1.6 0 0.7
v -1.7 0 0.7
v -1 1.3 0.6
v -1 1.3 0.8
v -1.1 1.3 0.8
v -1.1 1.3 0.6
v -1.5 0 0.6
v -1.5 0 0.9
v -1.6 0 0.6
v -1.7 0 0.6
v -1.8 0 0.9
v -1.8 0 0.6
v -1.4 0.4 0.4
v -1.4 0.4 0.5
v -1.7 0.4 0.5
v -1.7 0.4 0.4
v -1 1.3 0.3
v -1 1.3 0.5
v -1.1 1.3 0.5
v -1.1 1.3 0.3
v -1 1 0.2
v -1 1 0.7
v -1.1 1 0.7
v -1.1 1 0.2
v 1.6 0 0.1
v 1.4 0 0.1
v -1 0.9 0.1
v -1 0.9 0.2
v -1.1 0.9 0.2
v -1.1 0.9 0.1
v -1.3 0.4 0.1
v -1.3 0.4 0.4
v -1.4 0.4 0.1
v -1.7 0.4 0.1
v -1.8 0.4 0.4
v -1.8 0.4 0.1
v -1 0.8 0
v -1 0.8 0.1
v -1.1 0.8 0.1
v -1.1 0.8 0
v -1 1.3 0
v -1 1.3 0.2
v -1.1 1.3 0.2
v -1.1 1.3 0
v -1.1 1 0
v -1.1 1 2.9
v -1.3 1 2.9
v -1.3 1 0
v -1.4 0.4 0
v -1.7 0.4 0
v -1.3 0 0
v -1.3 0 0.5
v -1.8 0 0.5
v -1.8 0 0
v 1.6 0 -0.1
v 1.4 0 -0.1
v -1 0 -0.1
v -1 0 0
v -1.1 0 0
v -1.1 0 -0.1
v -1.1 0.8 -0.1
v -1.2 0.8 0
v -1.2 0.8 -0.1
v -1.2 0.9 -0.1
v -1.2 0.9 0
v -1.3 0.9 0
v -1.3 0.9 -0.1
v -1.1 1.3 -0.1
v -1.3 1.3 0
v -1.3 1.3 -0.1
v -1.4 1.3 -0.1
v -1.4 1.3 0
v -1.6 1.3 0
v -1.6 1.3 -0.1
v -1.7 1.3 -0.1
v -1.7 1.3 0
v -1.9 1.3 0
v -1.9 1.3 -0.1
v -1.3 1 -0.1
v -1.3 1 3
v -2.2 1 3
v -2.2 1 -0.1
v -2.1 1.3 -0.1
v -2.1 1.3 0
v -2.2 1.3 0
v -2.2 1.3 -0.1
v -1.3 0 -0.6
v -1.3 0 -0.5
v -1.4 0 -0.5
v -1.4 0 -0.6
v -1.3 0 -0.7
v -1.4 0 -0.7
v -1.2 0 -0.8
v -1.2 0 -0.5
v -1.3 0 -0.8
v -1.4 0 -0.8
v -1.5 0 -0.5
v -1.5 0 -0.8
v 1.6 0 -0.9
v 1.4 0 -0.9
v -1.1 0 -1
v -1.1 0 -0.9
v -1.4 0 -0.9
v -1.4 0 -1
v 1.6 0 -1.1
v 1.4 0 -1.1
v -1.1 0 -1.1
v -1.2 0 -1
v -1.2 0 -1.1
v -1.3 0 -1.1
v -1.3 0 -1
v -1.4 0 -1.1
v -1.1 0 -1.2
v -1.2 0 -1.2
v -1.3 0 -1.2
v -1.4 0 -1.2
v -2.1 0.2 -1.4
v -2.1 0.2 -1.2
v -2.2 0.2 -1.2
v -2.2 0.2 -1.4
v 1.6 0 -1.9
v 1.4 0 -1.9
v -2.1 0.2 -1.9
v -2.1 0.2 -1.7
v -2.2 0.2 -1.7
v -2.2 0.2 -1.9
v 1.6 0 -2.1
v 1.4 0 -2.1
v 2.5 0 -2.2
v 2.5 0 3
v 2.4 0 3
v 2.4 0 -2.2
v 1.6 0 -2.2
v 1.4 0 -2.2
v 0.6 0 -2.2
v 0.5 0 3
v 0.5 0 -2.2
v -0.7 0.2 -2.2
v -0.7 0.2 -2.1
v -0.9 0.2 -2.1
v -0.9 0.2 -2.2
v -1.2 0.2 -2.2
v -1.2 0.2 -2.1
v -1.4 0.2 -2.1
v -1.4 0.2 -2.2
v -1.8 0.1 0
v -1.8 0 0.4
v -2.2 0.4 2.7
v -2.2 0.1 2.7
v -2.2 0.4 2.2
v -2.2 0.1 2.2
v -1.8 0.5 0.1
v -1.1 1 2.8
v -1.1 1 2.1
v -1.1 1 2
v -1.1 1 1.9
v -1.1 1 1.8
v -1.1 1 1.1
v -1.1 1 1
v -1.1 1 0.9
v -1.1 1 0.8
v -1.1 1 0.1
v 2.7 1.1 2.9
v 2.7 1.1 1.1
v 0.1 1.1 2.9
v 0.1 1.1 1.1
v 0.1 1.2 2.9
v -2 1.2 2.6
v -2 1.2 2.5
v -2 1.2 2.3
v -2 1.2 2.2
v 0.1 1.2 1.1
v -2.2 1.3 2.6
v -2.2 1.2 2.6
v -2.2 1.3 2.5
v -2.2 1.3 2.3
v -2.2 1.2 2.3
v -2.2 1.2 2.5
v -2.2 1.3 2.2
v -2.2 1.2 2.2
v 0.2 1.2 2.9
v -1.1 1.4 2.7
v -1.1 1.4 2.6
v -1.1 1.4 2.4
v -1.1 1.4 2.3
v -1.1 1.4 2.1
v -1.1 1.4 2
v -1.1 1.4 1.8
v -1.1 1.4 1.7
v -1.1 1.4 1.5
v -1.1 1.4 1.4
v -1.1 1.4 1.2
v 0.2 1.2 1.1
v -1.1 1.4 1.1
v -1.1 1.4 0.9
v -1.1 1.4 0.8
v -1.1 1.4 0.6
v -1.1 1.4 0.5
v -1.5 1.1 0.4
v -1.1 1.4 0.3
v -1.5 1.1 0.3
v -1.1 1.4 0.2
v -2.1 0 2.6
v -2.1 0.1 2.2
v -1.9 0 2
v -1.9 0.1 1.6
v -1.3 0 0.4
v -1.3 0.1 0
v -2.1 0.5 2.6
v -2.1 0.5 2.3
v -1.9 0.5 2
v -1.9 0.5 1.7
v -1.3 0.5 0.4
v -1.3 0.5 0.1
v -1 1 3
v -1 1 2.9
v -1 1 2.8
v -1 1 2.1
v -1 1 2
v -1 1 1.9
v -1 1 1.8
v -1 1 1.1
v -1 1 1
v -1 1 0.9
v -1 1 0.8
v -1 1 0.1
v -1 1 0
v -1 1 -0.1
v 2.9 1.1 2.9
v 2.9 1.1 1.1
v 0.3 1.1 2.9
v 0.3 1.1 1.1
v -1 1.1 3
v -1 1.1 -0.1
v 2.9 1.2 2.9
v 2.9 1.2 1.1
v 2.8 1.2 2.9
v -1 1.4 2.9
v -1 1.4 2.7
v -1 1.4 2.6
v -1 1.4 2.4
v -1 1.4 2.3
v -1 1.4 2.1
v -1 1.4 2
v -1 1.4 1.8
v -1 1.4 1.7
v -1 1.4 1.5
v -1 1.4 1.4
v -1 1.4 1.2
v 2.8 1.2 1.1
v -1 1.4 1.1
v -1 1.4 0.9
v -1 1.4 0.8
v -1 1.4 0.6
v -1 1.4 0.5
v -1.2 1.1 0.4
v -1 1.4 0.3
v -1.2 1.1 0.3
v -1 1.4 0.2
v -1 1.4 0
v 0.3 1.5 1
v -1.1 0.1 1.4
v -1.1 1 -0.1
v -1.2 0.1 1.6
v -1.1 0.1 1.6
v -1.2 1 2.9
v -1.2 1 -0.1
v -1.4 0.1 1.4
v -1.2 0.1 1.4
v -1.5 0.1 1.6
v -1.4 0.1 1.6
v -1.5 0.1 1.4
v -1.7 1.1 0.1
v -1.8 0.4 0
v -1.8 1.1 0.1
v -2.1 0.5 1.7
v 0.3 1.5 3
v -1.1 1 3
v -1.2 1 3
v -1.2 1 0
v -1.3 0.1 0.5
v -1.8 0.1 0.5
v -1.8 0.4 0.5
v -1.8 1.1 0.4
v -1.9 0.1 2.1
v -2.1 0.5 2
v -3 1.4 2.9
v -3 1.4 3
v -2.3 0.3 2.8
v -2.4 0.3 2.8
v -2.4 0.3 3.1
v -2.3 0.3 3.1
v -2.5 0.3 2.8
v -2.5 0.3 3.1
v -2.6 0.3 2.8
v -2.6 0.3 3.1
v -2.5 1.5 2.7
v -2.7 1.5 2.7
v -2.7 1.5 2.8
v -2.5 1.5 2.8
v -2.9 1.1 2.7
v -3 1.1 2.7
v -3 1.1 2.9
v -2.9 1.1 2.9
v -2.2 1.1 2.6
v -2.3 1.1 2.6
v -2.3 1.1 3
v -2.5 0.1 2.6
v -2.5 0.1 2.7
v -2.2 0.5 2.6
v -2.6 0.5 2.6
v -2.6 0.5 2.7
v -2.4 1.1 2.6
v -2.6 1.1 2.6
v -2.6 1.1 3
v -2.4 1.1 3
v -2.7 1.1 2.6
v -2.9 1.1 2.6
v -2.9 1.1 3
v -2.7 1.1 3
v -2.9 1.1 2.4
v -3 1.1 2.4
v -3 1.1 2.6
v -2.2 0.5 2.3
v -2.3 0.5 2.3
v -2.3 0.5 2.6
v -2.2 1.1 2.3
v -2.3 1.1 2.3
v -2.3 1.1 2.5
v -2.2 1.1 2.5
v -2.3 0.8 2.3
v -2.4 0.8 2.3
v -2.4 0.8 2.6
v -2.3 0.8 2.6
v -2.5 0.8 2.3
v -2.5 0.8 2.6
v -2.4 1.1 2.3
v -2.5 1.1 2.3
v -2.5 1.1 2.5
v -2.4 1.1 2.5
v -2.5 0.1 2.3
v -2.6 0.1 2.3
v -2.6 0.1 2.6
v -2.6 0.8 2.3
v -2.6 0.8 2.6
v -2.7 1.1 2.3
v -2.8 1.1 2.3
v -2.8 1.1 2.5
v -2.7 1.1 2.5
v -2.5 0.1 2.2
v -2.6 0.5 2.2
v -2.6 0.5 2.3
v -2.3 1.5 2.1
v -2.3 1.5 2.7
v -2.4 1.5 2.1
v -2.5 1.5 2.1
v -2.4 1.5 2.7
v -2.5 1.6 2.1
v -2.7 1.6 2.1
v -2.7 1.6 2.7
v -2.5 1.6 2.7
v -2.7 1.5 2.1
v -2.8 1.5 2.1
v -2.8 1.5 2.7
v -2.9 1.1 2.1
v -3 1.1 2.1
v -3 1.1 2.3
v -2.9 1.1 2.3
v -2.3 0.1 2
v -2.3 0.1 2.1
v -2.4 0.5 2
v -2.4 0.5 2.1
v -2.5 1.5 2
v -2.7 1.5 2
v -2.9 1.1 1.8
v -3 1.1 1.8
v -3 1.1 2
v -2.9 1.1 2
v -2.3 0.8 1.7
v -2.3 0.8 2
v -2.3 0.1 1.7
v -2.4 0.1 1.7
v -2.4 0.1 2
v -2.3 0.1 1.6
v -2.3 0.5 1.6
v -2.3 0.5 1.7
v -2.4 0.5 1.6
v -2.3 0.5 2
v -2.6 0.3 1.6
v -2.7 0.3 1.6
v -2.7 0.3 1.9
v -2.6 0.3 1.9
v -2.8 0.3 1.6
v -2.8 0.3 1.9
v -2.9 0.3 1.6
v -2.9 0.3 1.9
v -2.9 1.1 1.5
v -3 1.1 1.5
v -3 1.1 1.7
v -2.9 1.1 1.7
v -2.4 0.1 1.3
v -2.7 0.1 1.3
v -2.7 0.1 1.4
v -2.4 0.1 1.4
v -2.4 0.5 1.3
v -2.8 0.5 1.3
v -2.8 0.5 1.4
v -2.4 0.5 1.4
v -2.3 1.1 1.2
v -2.4 1.1 1.2
v -2.4 1.1 2.9
v -2.3 1.1 2.9
v -2.5 1.1 1.2
v -2.5 1.1 2.2
v -2.4 1.1 2.2
v -2.6 1.1 1.2
v -2.5 1.1 2.6
v -2.7 1.1 1.2
v -2.7 1.1 2.9
v -2.6 1.1 2.9
v -2.8 1.1 1.2
v -2.8 1.1 2.2
v -2.7 1.1 2.2
v -2.9 1.1 1.2
v -3 1.1 1.2
v -3 1.1 1.4
v -2.9 1.1 1.4
v -2.4 1.2 1.1
v -2.7 1.2 1.1
v -2.7 1.2 1.2
v -2.4 1.2 1.2
v -2.4 1.6 1.1
v -2.8 1.6 1.1
v -2.8 1.6 1.2
v -2.4 1.6 1.2
v -2.3 0.1 1
v -2.4 0.1 1
v -2.3 0.1 1.3
v -2.4 0.5 1
v -2.7 0.5 1
v -2.7 0.5 1.3
v -2.7 0.1 1
v -2.8 0.1 1
v -2.8 0.1 1.3
v -2.3 0.5 0.9
v -2.4 0.5 0.9
v -2.3 0.5 1.4
v -2.3 1.6 0.9
v -2.4 1.6 0.9
v -2.3 1.6 1.2
v -2.4 0.1 0.9
v -2.7 0.1 0.9
v -2.7 0.5 0.9
v -2.7 1.6 0.9
v -2.7 1.6 1.1
v -2.8 0.5 0.9
v -2.8 1.6 0.9
v -2.9 1.1 0.9
v -3 1.1 0.9
v -3 1.1 1.1
v -2.9 1.1 1.1
v -2.3 1.2 0.8
v -2.4 1.2 0.8
v -2.3 1.2 1.1
v -2.4 1.7 0.8
v -2.7 1.7 0.8
v -2.7 1.7 0.9
v -2.4 1.7 0.9
v -2.7 1.2 0.8
v -2.8 1.2 0.8
v -2.8 1.2 1.1
v -2.4 2.1 0.8
v -2.8 2.1 0.8
v -2.8 2.1 0.9
v -2.4 2.1 0.9
v -2.4 1.2 0.7
v -2.7 1.2 0.7
v -2.6 0.3 0.6
v -2.7 0.3 0.6
v -2.7 0.3 0.8
v -2.6 0.3 0.8
v -2.8 0.3 0.6
v -2.8 0.3 0.8
v -2.3 1.1 0.6
v -2.8 1.1 0.6
v -2.8 1.1 0.7
v -2.3 1.1 0.7
v -2.9 0.3 0.6
v -2.9 0.3 0.8
v -2.9 1.1 0.6
v -3 1.1 0.6
v -3 1.1 0.8
v -2.9 1.1 0.8
v -2.3 1.7 0.5
v -2.4 1.7 0.5
v -2.3 1.7 0.8
v -2.4 1.2 0.5
v -2.7 1.2 0.5
v -2.7 1.2 0.6
v -2.4 1.2 0.6
v -2.4 2.1 0.5
v -2.7 2.1 0.5
v -2.7 2.1 0.8
v -2.7 1.7 0.5
v -2.8 1.7 0.5
v -2.8 1.7 0.8
v -2.3 2.1 0.4
v -2.4 2.1 0.4
v -2.3 2.1 0.9
v -2.4 1.7 0.4
v -2.7 1.7 0.4
v -2.7 2.1 0.4
v -2.8 2.1 0.4
v -2.6 0.6 0.3
v -2.7 0.6 0.3
v -2.7 0.6 0.6
v -2.6 0.6 0.6
v -2.8 0.6 0.3
v -2.8 0.6 0.6
v -2.9 0.6 0.3
v -2.9 0.6 0.6
v -2.9 1.1 0.3
v -3 1.1 0.3
v -3 1.1 0.5
v -2.9 1.1 0.5
v -2.3 1.2 0.2
v -2.4 1.2 0.2
v -2.3 1.2 0.5
v -2.4 1.6 0.2
v -2.7 1.6 0.2
v -2.7 1.6 0.4
v -2.4 1.6 0.4
v -2.7 1.2 0.2
v -2.8 1.2 0.2
v -2.8 1.2 0.5
v -2.3 1.6 0.1
v -2.4 1.6 0.1
v -2.3 1.6 0.4
v -2.6 0.3 0.1
v -2.7 0.3 0.1
v -2.7 0.3 0.3
v -2.6 0.3 0.3
v -2.4 1.2 0.1
v -2.7 1.2 0.1
v -2.7 1.6 0.1
v -2.8 0.3 0.1
v -2.8 0.3 0.3
v -2.8 1.6 0.1
v -2.8 1.6 0.4
v -2.9 0.3 0.1
v -2.9 0.3 0.3
v -2.3 1.1 0
v -2.8 1.1 0
v -2.8 1.1 0.1
v -2.3 1.1 0.1
v -2.9 1.1 0
v -3 1.1 0
v -3 1.1 0.2
v -2.9 1.1 0.2
v -2.3 1.1 -0.1
v -2.3 1.1 2.2
v -2.2 1.1 2.2
v -2.4 1.1 -0.1
v -2.6 1.1 -0.1
v -2.6 1.1 0
v -2.4 1.1 0
v -2.7 1.1 -0.1
v -2.8 1.1 -0.1
v -2.7 1.1 0
v -2.9 1.1 -0.1
v -2.8 1.1 2.6
v -2.9 1.4 -0.1
v -2.9 1.4 0
v -3 1.4 -0.1
v -2.9 1.4 2.9
v -2.5 0.1 -0.5
v -2.8 0.1 -0.5
v -2.8 0.1 -0.4
v -2.5 0.1 -0.4
v -2.5 0.5 -0.5
v -2.9 0.5 -0.5
v -2.9 0.5 -0.4
v -2.5 0.5 -0.4
v -2.4 0.1 -0.8
v -2.5 0.1 -0.8
v -2.4 0.1 -0.5
v -2.5 0.5 -0.8
v -2.8 0.5 -0.8
v -2.8 0.5 -0.5
v -2.8 0.1 -0.8
v -2.9 0.1 -0.8
v -2.9 0.1 -0.5
v -2.4 0.5 -0.9
v -2.5 0.5 -0.9
v -2.4 0.5 -0.4
v -2.5 0.1 -0.9
v -2.8 0.1 -0.9
v -2.8 0.5 -0.9
v -2.9 0.5 -0.9
v -2.8 0.4 -1.2
v -2.8 0.4 -1.1
v -2.2 0.4 -1.1
v -2.2 0.5 -1.4
v -2.8 0.5 -1.4
v -2.8 0.5 -1.2
v -2.2 0.5 -1.2
v -2.8 0.4 -1.4
v -2.9 0.4 -1.4
v -2.9 0.4 -1.2
v -2.2 0.4 -1.5
v -2.8 0.4 -1.5
v -2.8 0.4 -1.7
v -2.8 0.4 -1.6
v -2.2 0.4 -1.6
v -2.2 0.5 -1.9
v -2.8 0.5 -1.9
v -2.8 0.5 -1.7
v -2.2 0.5 -1.7
v -2.8 0.4 -1.9
v -2.9 0.4 -1.9
v -2.9 0.4 -1.7
v -2.2 0.4 -2
v -2.8 0.4 -2
v -2.2 0.4 -2.2
v -2.8 0.4 -2.2
v -2.8 0.4 -2.1
v -2.2 0.4 -2.1
v -2.4 0 3
v -2.4 0 3.1
v -2.5 0 3.1
v -2.5 0 3
v -2.3 1.3 3
v -2.3 1.3 2.9
v -2.4 0 2.9
v -2.5 0 2.9
v -2.4 1.3 2.9
v -2.4 1.3 3
v -2.6 1.3 3
v -2.6 1.3 2.9
v -2.7 0.9 2.9
v -2.7 0.9 3
v -2.8 0.9 3
v -2.8 0.9 2.9
v -2.8 0.8 2.9
v -2.8 0.8 3
v -2.9 0.8 3
v -2.9 0.8 2.9
v -2.7 1.3 2.9
v -2.7 1.3 3
v -2.9 1.3 3
v -2.9 1.3 2.9
v -2.9 0 2.9
v -2.9 0 3
v -3 0 3
v -3 0 2.9
v -2.3 0 2.8
v -2.3 0 3.1
v -2.4 0 2.8
v -2.5 0 2.8
v -2.6 0 3.1
v -2.6 0 2.8
v -2.9 0.8 2.8
v -3 0.8 2.9
v -3 0.8 2.8
v -2.5 1.3 2.7
v -2.5 1.3 2.8
v -2.7 1.3 2.8
v -2.7 1.3 2.7
v -2.9 0.9 2.7
v -2.9 0.9 2.8
v -3 0.9 2.8
v -3 0.9 2.7
v -2.9 1.3 2.7
v -3 1.3 2.9
v -3 1.3 2.7
v -2.3 1.3 2.7
v -2.3 1.3 2.6
v -2.5 0.4 2.7
v -2.5 0.4 2.6
v -2.4 1.3 2.6
v -2.4 1.3 2.7
v -2.5 1.3 2.6
v -2.7 1.3 2.6
v -2.8 1.3 2.7
v -2.8 1.3 2.6
v -2.9 1.3 2.4
v -2.9 1.3 2.6
v -3 1.3 2.6
v -3 1.3 2.4
v -2.3 1.3 2.5
v -2.3 1.3 2.3
v -2.4 1.3 2.3
v -2.4 1.3 2.5
v -2.5 1.3 2.5
v -2.5 1.3 2.3
v -2.5 0.4 2.3
v -2.6 0.4 2.6
v -2.6 0.4 2.3
v -2.7 1.3 2.3
v -2.7 1.3 2.5
v -2.8 1.3 2.5
v -2.8 1.3 2.3
v -2.5 0.4 2.2
v -2.6 0 2.7
v -2.6 0 2.2
v -2.9 1 2.2
v -2.9 1 2.7
v -3 1 2.7
v -3 1 2.2
v -2.3 1.3 2.2
v -2.3 1.3 2.1
v -2.4 1.3 2.1
v -2.4 1.3 2.2
v -2.5 1.3 2.2
v -2.5 1.3 2.1
v -2.5 1.2 2.1
v -2.5 1.2 2.7
v -2.7 1.2 2.7
v -2.7 1.2 2.1
v -2.7 1.3 2.1
v -2.7 1.3 2.2
v -2.8 1.3 2.2
v -2.8 1.3 2.1
v -2.9 0.9 2.1
v -2.9 0.9 2.2
v -3 0.9 2.2
v -3 0.9 2.1
v -2.9 1.3 2.1
v -2.9 1.3 2.3
v -3 1.3 2.3
v -3 1.3 2.1
v -2.3 0.4 2.1
v -2.3 0.4 2
v -2.5 1.3 2
v -2.7 1.3 2
v -2.9 0.8 2
v -2.9 0.8 2.1
v -3 0.8 2.1
v -3 0.8 2
v -2.9 0 1.9
v -2.9 0 2
v -3 0 2
v -3 0 1.9
v -2.7 0 1.8
v -2.7 0 1.9
v -2.8 0 1.9
v -2.8 0 1.8
v -2.9 0.8 1.8
v -2.9 0.8 1.9
v -3 0.8 1.9
v -3 0.8 1.8
v -2.9 1.3 1.8
v -2.9 1.3 2
v -3 1.3 2
v -3 1.3 1.8
v -2.3 0.4 1.7
v -2.4 0.4 2
v -2.4 0.4 1.7
v -2.7 0 1.7
v -2.8 0 1.7
v -2.9 0.9 1.7
v -2.9 0.9 1.8
v -3 0.9 1.8
v -3 0.9 1.7
v -2.3 0.4 1.6
v -2.4 0 2.1
v -2.4 0 1.6
v -2.6 0 1.6
v -2.6 0 1.9
v -2.7 0 1.6
v -2.8 0 1.6
v -2.9 0 1.6
v -2.9 1.3 1.5
v -2.9 1.3 1.7
v -3 1.3 1.7
v -3 1.3 1.5
v -2.4 0.4 1.3
v -2.4 0.4 1.4
v -2.7 0.4 1.4
v -2.7 0.4 1.3
v -2.9 1 1.2
v -2.9 1 1.7
v -3 1 1.7
v -3 1 1.2
v -2.9 1.3 1.2
v -2.9 1.3 1.4
v -3 1.3 1.4
v -3 1.3 1.2
v -2.4 1.5 1.1
v -2.4 1.5 1.2
v -2.7 1.5 1.2
v -2.7 1.5 1.1
v -2.9 0.9 1.1
v -2.9 0.9 1.2
v -3 0.9 1.2
v -3 0.9 1.1
v -2.3 0.4 1
v -2.3 0.4 1.3
v -2.4 0.4 1
v -2.7 0.4 1
v -2.8 0.4 1.3
v -2.8 0.4 1
v -2.9 0.8 1
v -2.9 0.8 1.1
v -3 0.8 1.1
v -3 0.8 1
v -2.4 0.4 0.9
v -2.7 0.4 0.9
v -2.3 0 0.9
v -2.3 0 1.4
v -2.8 0 1.4
v -2.8 0 0.9
v -2.9 0 0.9
v -2.9 0 1
v -3 0 1
v -3 0 0.9
v -2.9 1.3 0.9
v -2.9 1.3 1.1
v -3 1.3 1.1
v -3 1.3 0.9
v -2.3 1.5 0.8
v -2.3 1.5 1.1
v -2.4 1.5 0.8
v -2.4 2 0.8
v -2.4 2 0.9
v -2.7 2 0.9
v -2.7 2 0.8
v -2.7 1.5 0.8
v -2.8 1.5 1.1
v -2.8 1.5 0.8
v -2.9 0.8 0.8
v -2.9 0.8 0.9
v -3 0.8 0.9
v -3 0.8 0.8
v -2.4 1.5 0.7
v -2.7 1.5 0.7
v -2.7 0 0.7
v -2.7 0 0.8
v -2.8 0 0.8
v -2.8 0 0.7
v -2.9 0.9 0.7
v -2.9 0.9 0.8
v -3 0.9 0.8
v -3 0.9 0.7
v -2.7 0 0.6
v -2.8 0 0.6
v -2.3 1.6 0.6
v -2.3 1.6 0.7
v -2.8 1.6 0.7
v -2.8 1.6 0.6
v -2.9 1.3 0.6
v -2.9 1.3 0.8
v -3 1.3 0.8
v -3 1.3 0.6
v -2.3 2 0.5
v -2.3 2 0.8
v -2.4 2 0.5
v -2.6 0 0.5
v -2.6 0 0.8
v -2.7 0 0.5
v -2.4 1.5 0.5
v -2.4 1.5 0.6
v -2.7 1.5 0.6
v -2.7 1.5 0.5
v -2.8 0 0.5
v -2.7 2 0.5
v -2.8 2 0.8
v -2.8 2 0.5
v -2.9 0 0.8
v -2.9 0 0.5
v -2.4 2 0.4
v -2.7 2 0.4
v -2.6 0.3 0.4
v -2.6 0.3 0.5
v -2.9 0.3 0.5
v -2.9 0.3 0.4
v -2.7 0 0.3
v -2.7 0 0.4
v -2.8 0 0.4
v -2.8 0 0.3
v -2.9 1.3 0.3
v -2.9 1.3 0.5
v -3 1.3 0.5
v -3 1.3 0.3
v -2.3 1.5 0.2
v -2.3 1.5 0.5
v -2.4 1.5 0.2
v -2.7 0 0.2
v -2.8 0 0.2
v -2.7 1.5 0.2
v -2.8 1.5 0.5
v -2.8 1.5 0.2
v -2.9 1 0.2
v -2.9 1 0.7
v -3 1 0.7
v -3 1 0.2
v -2.6 0 0.1
v -2.6 0 0.4
v -2.7 0 0.1
v -2.4 1.5 0.1
v -2.7 1.5 0.1
v -2.8 0 0.1
v -2.9 0 0.4
v -2.9 0 0.1
v -2.9 0.9 0.1
v -2.9 0.9 0.2
v -3 0.9 0.2
v -3 0.9 0.1
v -2.7 1 0
v -2.7 1 2.9
v -2.9 1 2.9
v -2.9 1 0
v -2.9 0.8 0
v -2.9 0.8 0.1
v -3 0.8 0.1
v -3 0.8 0
v -2.9 1.3 0
v -2.9 1.3 0.2
v -3 1.3 0.2
v -3 1.3 0
v -2.3 1.3 0
v -2.3 1.3 -0.1
v -2.4 1.3 -0.1
v -2.4 1.3 0
v -2.6 1.3 0
v -2.6 1.3 -0.1
v -2.7 1 3
v -2.7 1 -0.1
v -2.7 0.9 -0.1
v -2.7 0.9 0
v -2.8 0.9 0
v -2.8 0.9 -0.1
v -2.8 0.8 -0.1
v -2.8 0.8 0
v -2.9 0.8 -0.1
v -2.7 1.3 -0.1
v -2.7 1.3 0
v -2.9 1.3 -0.1
v -2.9 0 -0.1
v -2.9 0 0
v -3 0 0
v -3 0 -0.1
v -2.5 0.4 -0.5
v -2.5 0.4 -0.4
v -2.8 0.4 -0.4
v -2.8 0.4 -0.5
v -2.4 0.4 -0.8
v -2.4 0.4 -0.5
v -2.5 0.4 -0.8
v -2.8 0.4 -0.8
v -2.9 0.4 -0.5
v -2.9 0.4 -0.8
v -2.5 0.4 -0.9
v -2.8 0.4 -0.9
v -2.4 0 -0.9
v -2.4 0 -0.4
v -2.9 0 -0.4
v -2.9 0 -0.9
v -2.2 0.2 -1.1
v -2.3 0.2 -1.1
v -2.3 0.2 -1.2
v -2.3 0 -1.2
v -2.3 0 -1.1
v -2.4 0 -1.1
v -2.4 0 -1.2
v -2.4 0.2 -1.2
v -2.4 0.2 -1.1
v -2.6 0.2 -1.1
v -2.6 0.2 -1.2
v -2.6 0 -1.2
v -2.6 0 -1.1
v -2.7 0 -1.1
v -2.7 0 -1.2
v -2.7 0.2 -1.2
v -2.7 0.2 -1.1
v -2.8 0.2 -1.1
v -2.8 0.2 -1.2
v -2.2 0.1 -1.4
v -2.2 0.1 -1.2
v -2.8 0.1 -1.2
v -2.8 0.1 -1.4
v -2.8 0.2 -1.4
v -2.9 0.2 -1.2
v -2.9 0.2 -1.4
v -2.2 0.2 -1.5
v -2.3 0.2 -1.4
v -2.3 0.2 -1.5
v -2.3 0 -1.5
v -2.3 0 -1.4
v -2.4 0 -1.4
v -2.4 0 -1.5
v -2.4 0.2 -1.5
v -2.4 0.2 -1.4
v -2.6 0.2 -1.4
v -2.6 0.2 -1.5
v -2.6 0 -1.5
v -2.6 0 -1.4
v -2.7 0 -1.4
v -2.7 0 -1.5
v -2.7 0.2 -1.5
v -2.7 0.2 -1.4
v -2.8 0.2 -1.5
v -2.2 0.2 -1.6
v -2.3 0.2 -1.6
v -2.3 0.2 -1.7
v -2.3 0 -1.7
v -2.3 0 -1.6
v -2.4 0 -1.6
v -2.4 0 -1.7
v -2.4 0.2 -1.7
v -2.4 0.2 -1.6
v -2.6 0.2 -1.6
v -2.6 0.2 -1.7
v -2.6 0 -1.7
v -2.6 0 -1.6
v -2.7 0 -1.6
v -2.7 0 -1.7
v -2.7 0.2 -1.7
v -2.7 0.2 -1.6
v -2.8 0.2 -1.6
v -2.8 0.2 -1.7
v -2.2 0.1 -1.9
v -2.2 0.1 -1.7
v -2.8 0.1 -1.7
v -2.8 0.1 -1.9
v -2.8 0.2 -1.9
v -2.9 0.2 -1.7
v -2.9 0.2 -1.9
v -2.2 0.2 -2
v -2.3 0.2 -1.9
v -2.3 0.2 -2
v -2.3 0 -2
v -2.3 0 -1.9
v -2.4 0 -1.9
v -2.4 0 -2
v -2.4 0.2 -2
v -2.4 0.2 -1.9
v -2.6 0.2 -1.9
v -2.6 0.2 -2
v -2.6 0 -2
v -2.6 0 -1.9
v -2.7 0 -1.9
v -2.7 0 -2
v -2.7 0.2 -2
v -2.7 0.2 -1.9
v -2.8 0.2 -2
v -2.2 0.2 -2.2
v -2.2 0.2 -2.1
v -2.3 0.2 -2.1
v -2.3 0.2 -2.2
v -2.3 0 -2.2
v -2.3 0 -2.1
v -2.4 0 -2.1
v -2.4 0 -2.2
v -2.4 0.2 -2.2
v -2.4 0.2 -2.1
v -2.6 0.2 -2.1
v -2.6 0.2 -2.2
v -2.6 0 -2.2
v -2.6 0 -2.1
v -2.7 0 -2.1
v -2.7 0 -2.2
v -2.7 0.2 -2.2
v -2.7 0.2 -2.1
v -2.8 0.2 -2.1
v -2.8 0.2 -2.2
v -2.6 0.1 2.2
v -2.6 0 2.6
v -2.4 0.1 1.6
v -2.4 0 2
v -2.8 0.1 0.9
v -2.8 0 1.3
v -2.9 0.1 -0.9
v -2.9 0 -0.5
v -2.9 0 0.3
v -2.4 0.5 1.7
v -2.8 0.5 1
v -2.9 0.5 -0.8
v -2.9 0.6 0.4
v -3 1 3
v -3 1 2.9
v -3 1 2.8
v -3 1 2.1
v -3 1 2
v -3 1 1.9
v -3 1 1.8
v -3 1 1.1
v -3 1 1
v -3 1 0.9
v -3 1 0.8
v -3 1 0.1
v -3 1 0
v -3 1 -0.1
v -3 1.1 3
v -3 1.1 -0.1
v -2.5 1.2 2.6
v -2.5 1.2 2.5
v -2.5 1.2 2.3
v -2.5 1.2 2.2
v -2.8 1.2 0.7
v -2.8 1.1 1.1
v -2.8 1.2 0.1
v -2.8 1.1 0.5
v -2.7 1.2 2.6
v -2.7 1.2 2.3
v -2.7 1.2 2.5
v -2.7 1.2 2.2
v -3 1.4 2.7
v -3 1.4 2.6
v -3 1.4 2.4
v -3 1.4 2.3
v -3 1.4 2.1
v -3 1.4 2
v -3 1.4 1.8
v -3 1.4 1.7
v -3 1.4 1.5
v -3 1.4 1.4
v -3 1.4 1.2
v -3 1.4 1.1
v -3 1.4 0.9
v -3 1.4 0.8
v -3 1.4 0.6
v -3 1.4 0.5
v -3 1.4 0.3
v -3 1.4 0.2
v -3 1.4 0
v -2.8 1.6 0.8
v -2.8 1.6 0.2
v -2.8 1.5 0.4
v -2.8 1.7 0.7
v -2.8 1.7 0.6
v -2.8 2.1 0.5
v -2.3 0 1.3
v -2.3 0.1 0.9
v -2.4 0 -0.5
v -2.4 0.1 -0.9
v -2.6 0 0.3
v -2.3 0.5 1.3
v -2.3 0.5 1
v -2.4 0.5 -0.5
v -2.4 0.5 -0.8
v -2.6 0.6 0.4
v -2.9 1 2.8
v -2.9 1 2.1
v -2.9 1 2
v -2.9 1 1.9
v -2.9 1 1.8
v -2.9 1 1.1
v -2.9 1 1
v -2.9 1 0.9
v -2.9 1 0.8
v -2.9 1 0.1
v -2.3 1.1 1.1
v -2.3 1.2 0.7
v -2.3 1.1 0.5
v -2.3 1.2 0.1
v -2.9 1.4 2.7
v -2.9 1.4 2.6
v -2.9 1.4 2.4
v -2.9 1.4 2.3
v -2.9 1.4 2.1
v -2.9 1.4 2
v -2.9 1.4 1.8
v -2.9 1.4 1.7
v -2.9 1.4 1.5
v -2.9 1.4 1.4
v -2.9 1.4 1.2
v -2.9 1.4 1.1
v -2.9 1.4 0.9
v -2.9 1.4 0.8
v -2.9 1.4 0.6
v -2.9 1.4 0.5
v -2.9 1.4 0.3
v -2.9 1.4 0.2
v -2.3 1.6 1.1
v -2.3 1.6 0.8
v -2.3 1.5 0.4
v -2.3 1.6 0.2
v -2.3 1.7 0.7
v -2.3 1.7 0.6
v -2.3 2.1 0.8
v -2.3 2.1 0.5
v -2.3 0.1 -1.4
v -2.3 0.1 -1.9
v -2.4 0.1 -1.2
v -2.3 0.1 -1.2
v -2.4 0.1 -1.7
v -2.3 0.1 -1.7
v -2.4 0.1 -2.2
v -2.3 0.1 -2.2
v -2.4 0.4 1.6
v -2.4 0.5 2.3
v -2.4 1.6 0.7
v -2.3 1.7 0.4
v -2.5 0.5 2.3
v -2.6 0.1 -1.4
v -2.4 0.1 -1.4
v -2.6 0.1 -1.9
v -2.4 0.1 -1.9
v -2.6 0.4 2.2
v -2.7 0.1 -1.2
v -2.6 0.1 -1.2
v -2.7 0.1 -1.7
v -2.6 0.1 -1.7
v -2.7 0.1 -2.2
v -2.6 0.1 -2.2
v -2.7 0.3 0.5
v -2.7 0.1 -1.4
v -2.7 0.1 -1.9
v -2.8 0.3 0.5
v -2.8 0.4 0.9
v -2.8 1.5 0.7
v -2.8 1.5 0.1
v -2.8 1.7 0.4
v -2.8 2 0.4
v -2.9 0.4 -0.9
v -2.9 0.9 2.9
v -3 0.8 -0.1
v -3 0.9 -0.1
v -3 1.3 -0.1
v -2.4 0.1 2.1
v -2.4 0.4 2.1
v -2.3 0.1 1.4
v -2.4 0.5 2.6
v -2.3 1.2 1.2
v -2.3 1.2 0.6
v -2.4 1.6 0.6
v -2.3 1.7 0.9
v -2.4 0.1 -0.4
v -2.5 0.5 2.6
v -2.6 0.1 2.7
v -2.6 0.4 2.7
v -2.7 0.3 0.4
v -2.8 0.1 1.4
v -2.8 0.3 0.4
v -2.8 0.4 1.4
v -2.8 1.2 1.2
v -2.8 1.2 0.6
v -2.8 1.5 1.2
v -2.8 1.5 0.6
v -2.8 1.7 0.9
v -2.8 2 0.9
v -2.9 0.1 -0.4
v -2.9 0.4 -0.4
v -2.9 0.9 0
v -3 0.8 3
v -3 0.9 3
v -3 1.3 3
v 2.5 0.1 -2.4
v 2.4 0.1 -2.4
v 0.6 0.1 -2.4
v 0.5 0.1 -2.4
v -2.1 0.4 -2.4
v -2.2 0.4 -2.4
v -2.1 0.4 -2.2
v 2.5 0.2 -2.5
v 2.4 0.2 -2.5
v 2.4 0.2 -2.4
v 2.5 0.2 -2.4
v 0.6 0.2 -2.5
v 0.5 0.2 -2.5
v 0.5 0.2 -2.4
v 0.6 0.2 -2.4
v 2.5 0.1 -2.6
v 2.4 0.1 -2.6
v 2.4 0.1 -2.5
v 2.5 0.1 -2.5
v 0.6 0.1 -2.6
v 0.5 0.1 -2.6
v 0.5 0.1 -2.5
v 0.6 0.1 -2.5
v 2.5 0.2 -2.7
v 2.4 0.2 -2.7
v 2.4 0.2 -2.6
v 2.5 0.2 -2.6
v 0.6 0.2 -2.7
v 0.5 0.2 -2.7
v 0.5 0.2 -2.6
v 0.6 0.2 -2.6
v 2.5 0.1 -2.8
v 2.4 0.1 -2.8
v 2.4 0.1 -2.7
v 2.5 0.1 -2.7
v 0.6 0.1 -2.8
v 0.5 0.1 -2.8
v 0.5 0.1 -2.7
v 0.6 0.1 -2.7
v -0.6 0.4 -2.8
v -0.7 0.4 -2.8
v -0.6 0.4 -2.2
v -0.7 0.5 -2.8
v -0.9 0.5 -2.8
v -0.9 0.5 -2.2
v -0.7 0.5 -2.2
v -0.9 0.4 -2.8
v -1 0.4 -2.8
v -1 0.4 -2.2
v -1.1 0.4 -2.8
v -1.2 0.4 -2.8
v -1.1 0.4 -2.2
v -1.2 0.5 -2.8
v -1.4 0.5 -2.8
v -1.4 0.5 -2.2
v -1.2 0.5 -2.2
v -1.4 0.4 -2.8
v -1.5 0.4 -2.8
v -1.5 0.4 -2.2
v 2.5 0.2 -2.9
v 2.4 0.2 -2.9
v 2.4 0.2 -2.8
v 2.5 0.2 -2.8
v 1.6 0.1 -2.9
v 1.4 0.1 -2.9
v 0.6 0.2 -2.9
v 0.5 0.2 -2.9
v 0.5 0.2 -2.8
v 0.6 0.2 -2.8
v -0.7 0.4 -2.9
v -0.9 0.4 -2.9
v -1.2 0.4 -2.9
v -1.4 0.4 -2.9
v -2.1 0.4 -2.9
v -2.2 0.4 -2.9
v -2.2 0.4 -2.7
v -2.1 0.4 -2.7
v 2.5 0.1 -3
v 2.4 0.1 -3
v 2.4 0.1 -2.9
v 2.5 0.1 -2.9
v 1.6 0.1 -3
v 1.4 0.1 -3
v 0.6 0.1 -3
v 0.5 0.1 -3
v 0.5 0.1 -2.9
v 0.6 0.1 -2.9
v -0.6 0.2 -2.3
v -0.6 0.2 -2.2
v -0.7 0.2 -2.3
v -0.9 0.2 -2.3
v -1 0.2 -2.2
v -1 0.2 -2.3
v -1.1 0.2 -2.3
v -1.1 0.2 -2.2
v -1.2 0.2 -2.3
v -1.4 0.2 -2.3
v -1.5 0.2 -2.2
v -1.5 0.2 -2.3
v -0.6 0 -2.4
v -0.6 0 -2.3
v -0.7 0 -2.3
v -0.7 0 -2.4
v -0.9 0 -2.4
v -0.9 0 -2.3
v -1 0 -2.3
v -1 0 -2.4
v -1.1 0 -2.4
v -1.1 0 -2.3
v -1.2 0 -2.3
v -1.2 0 -2.4
v -1.4 0 -2.4
v -1.4 0 -2.3
v -1.5 0 -2.3
v -1.5 0 -2.4
v -2.1 0.2 -2.4
v -2.1 0.2 -2.2
v -2.2 0.2 -2.4
v -0.6 0.2 -2.6
v -0.6 0.2 -2.4
v -0.7 0.2 -2.4
v -0.7 0.2 -2.6
v -0.9 0.2 -2.6
v -0.9 0.2 -2.4
v -1 0.2 -2.4
v -1 0.2 -2.6
v -1.1 0.2 -2.6
v -1.1 0.2 -2.4
v -1.2 0.2 -2.4
v -1.2 0.2 -2.6
v -1.4 0.2 -2.6
v -1.4 0.2 -2.4
v -1.5 0.2 -2.4
v -1.5 0.2 -2.6
v -0.6 0 -2.7
v -0.6 0 -2.6
v -0.7 0 -2.6
v -0.7 0 -2.7
v -0.9 0 -2.7
v -0.9 0 -2.6
v -1 0 -2.6
v -1 0 -2.7
v -1.1 0 -2.7
v -1.1 0 -2.6
v -1.2 0 -2.6
v -1.2 0 -2.7
v -1.4 0 -2.7
v -1.4 0 -2.6
v -1.5 0 -2.6
v -1.5 0 -2.7
v -0.6 0.2 -2.8
v -0.6 0.2 -2.7
v -0.7 0.2 -2.7
v -0.7 0.2 -2.8
v -0.7 0.1 -2.8
v -0.7 0.1 -2.2
v -0.9 0.1 -2.2
v -0.9 0.1 -2.8
v -0.9 0.2 -2.8
v -0.9 0.2 -2.7
v -1 0.2 -2.7
v -1 0.2 -2.8
v -1.1 0.2 -2.8
v -1.1 0.2 -2.7
v -1.2 0.2 -2.7
v -1.2 0.2 -2.8
v -1.2 0.1 -2.8
v -1.2 0.1 -2.2
v -1.4 0.1 -2.2
v -1.4 0.1 -2.8
v -1.4 0.2 -2.8
v -1.4 0.2 -2.7
v -1.5 0.2 -2.7
v -1.5 0.2 -2.8
v 1.6 0 -2.9
v 1.4 0 -2.9
v -0.7 0.2 -2.9
v -0.9 0.2 -2.9
v -1.2 0.2 -2.9
v -1.4 0.2 -2.9
v -2.1 0.2 -2.9
v -2.1 0.2 -2.7
v -2.2 0.2 -2.7
v -2.2 0.2 -2.9
v 2.5 0 -3
v 2.4 0 -3
v 1.6 0 -3
v 1.4 0 -3
v 0.6 0 -3
v 0.5 0 -3
v -0.7 0.1 -2.3
v -0.7 0.1 -2.4
v -1.2 0.1 -2.3
v -1.2 0.1 -2.4
v -0.7 0.1 -2.6
v -0.7 0.1 -2.7
v -1.2 0.1 -2.6
v -1.2 0.1 -2.7
v -0.9 0.1 -2.3
v -1.4 0.1 -2.3
v -0.9 0.1 -2.6
v -0.9 0.1 -2.4
v -1.4 0.1 -2.6
v -1.4 0.1 -2.4
v -0.9 0.1 -2.7
v -1.4 0.1 -2.7
v -2.2 0.5 -2.4
v -2.8 0.5 -2.4
v -2.8 0.5 -2.2
v -2.2 0.5 -2.2
v -2.8 0.4 -2.4
v -2.9 0.4 -2.4
v -2.9 0.4 -2.2
v -2.2 0.4 -2.5
v -2.8 0.4 -2.5
v -2.8 0.4 -2.7
v -2.8 0.4 -2.6
v -2.2 0.4 -2.6
v -2.2 0.5 -2.9
v -2.8 0.5 -2.9
v -2.8 0.5 -2.7
v -2.2 0.5 -2.7
v -2.8 0.4 -2.9
v -2.9 0.4 -2.9
v -2.9 0.4 -2.7
v -2.2 0.4 -3
v -2.8 0.4 -3
v -2.2 0.1 -2.4
v -2.2 0.1 -2.2
v -2.8 0.1 -2.2
v -2.8 0.1 -2.4
v -2.8 0.2 -2.4
v -2.9 0.2 -2.2
v -2.9 0.2 -2.4
v -2.2 0.2 -2.5
v -2.3 0.2 -2.4
v -2.3 0.2 -2.5
v -2.3 0 -2.5
v -2.3 0 -2.4
v -2.4 0 -2.4
v -2.4 0 -2.5
v -2.4 0.2 -2.5
v -2.4 0.2 -2.4
v -2.6 0.2 -2.4
v -2.6 0.2 -2.5
v -2.6 0 -2.5
v -2.6 0 -2.4
v -2.7 0 -2.4
v -2.7 0 -2.5
v -2.7 0.2 -2.5
v -2.7 0.2 -2.4
v -2.8 0.2 -2.5
v -2.2 0.2 -2.6
v -2.3 0.2 -2.6
v -2.3 0.2 -2.7
v -2.3 0 -2.7
v -2.3 0 -2.6
v -2.4 0 -2.6
v -2.4 0 -2.7
v -2.4 0.2 -2.7
v -2.4 0.2 -2.6
v -2.6 0.2 -2.6
v -2.6 0.2 -2.7
v -2.6 0 -2.7
v -2.6 0 -2.6
v -2.7 0 -2.6
v -2.7 0 -2.7
v -2.7 0.2 -2.7
v -2.7 0.2 -2.6
v -2.8 0.2 -2.6
v -2.8 0.2 -2.7
v -2.2 0.1 -2.9
v -2.2 0.1 -2.7
v -2.8 0.1 -2.7
v -2.8 0.1 -2.9
v -2.8 0.2 -2.9
v -2.9 0.2 -2.7
v -2.9 0.2 -2.9
v -2.2 0.2 -3
v -2.3 0.2 -2.9
v -2.3 0.2 -3
v -2.3 0 -3
v -2.3 0 -2.9
v -2.4 0 -2.9
v -2.4 0 -3
v -2.4 0.2 -3
v -2.4 0.2 -2.9
v -2.6 0.2 -2.9
v -2.6 0.2 -3
v -2.6 0 -3
v -2.6 0 -2.9
v -2.7 0 -2.9
v -2.7 0 -3
v -2.7 0.2 -3
v -2.7 0.2 -2.9
v -2.8 0.2 -3
v -2.3 0.1 -2.4
v -2.3 0.1 -2.9
v -2.4 0.1 -2.7
v -2.3 0.1 -2.7
v -2.6 0.1 -2.4
v -2.4 0.1 -2.4
v -2.6 0.1 -2.9
v -2.4 0.1 -2.9
v -2.7 0.1 -2.7
v -2.6 0.1 -2.7
v -2.7 0.1 -2.4
v -2.7 0.1 -2.9

vt 0.00585938 0.5
vt 0.0292969 0.5
vt 0.0371094 0.5
vt 0.0449219 0.5
vt 0.0683594 0.5
vt 0.0761719 0.5
vt 0.0839844 0.5
vt 0.158203 0.5
vt 0.162109 0.5

vn 0 1 0
vn 0 -1 0
vn -1 0 0
vn 1 0 0
vn 0 0 -1
vn 0 0 1

usemtl palette
f 1/8/1 2/8/1 4/8/1
f 4/8/1 2/8/1 3/8/1
f 5/8/1 6/8/1 8/8/1
f 8/8/1 6/8/1 7/8/1
f 9/2/1 10/2/1 12/2/1
f 12/2/1 10/2/1 11/2/1
f 13/8/1 14/8/1 16/8/1
f 16/8/1 14/8/1 15/8/1
f 17/8/1 18/8/1 20/8/1
f 20/8/1 18/8/1 19/8/1
f 21/8/1 22/8/1 24/8/1
f 24/8/1 22/8/1 23/8/1
f 25/8/1 26/8/1 28/8/1
f 28/8/1 26/8/1 27/8/1
f 29/8/1 30/8/1 32/8/1
f 32/8/1 30/8/1 31/8/1
f 33/8/1 34/8/1 36/8/1
f 36/8/1 34/8/1 35/8/1
f 37/5/1 38/5/1 40/5/1
f 40/5/1 38/5/1 39/5/1
f 38/2/1 41/2/1 39/2/1
f 39/2/1 41/2/1 42/2/1
f 43/8/1 44/8/1 46/8/1
f 46/8/1 44/8/1 45/8/1
f 47/8/1 48/8/1 50/8/1
f 50/8/1 48/8/1 49/8/1
f 51/8/1 52/8/1 54/8/1
f 54/8/1 52/8/1 53/8/1
f 55/1/1 56/1/1 58/1/1
f 58/1/1 56/1/1 57/1/1
f 59/4/1 60/4/1 62/4/1
f 62/4/1 60/4/1 61/4/1
f 63/6/1 64/6/1 66/6/1
f 66/6/1 64/6/1 65/6/1
f 67/2/1 68/2/1 70/2/1
f 70/2/1 68/2/1 69/2/1
f 71/2/1 72/2/1 74/2/1
f 74/2/1 72/2/1 73/2/1
f 75/7/1 76/7/1 78/7/1
f 78/7/1 76/7/1 77/7/1
f 79/9/1 80/9/1 82/9/1
f 82/9/1 80/9/1 81/9/1
f 83/4/1 84/4/1 86/4/1
f 86/4/1 84/4/1 85/4/1
f 87/6/1 88/6/1 90/6/1
f 90/6/1 88/6/1 89/6/1
f 91/1/1 92/1/1 94/1/1
f 94/1/1 92/1/1 93/1/1
f 92/8/1 95/8/1 93/8/1
f 93/8/1 95/8/1 96/8/1
f 95/1/1 97/1/1 96/1/1
f 96/1/1 97/1/1 98/1/1
f 99/7/1 100/7/1 102/7/1
f 102/7/1 100/7/1 101/7/1
f 103/2/1 104/2/1 106/2/1
f 106/2/1 104/2/1 105/2/1
f 107/2/1 108/2/1 110/2/1
f 110/2/1 108/2/1 109/2/1
f 111/4/1 112/4/1 114/4/1
f 114/4/1 112/4/1 113/4/1
f 115/6/1 116/6/1 118/6/1
f 118/6/1 116/6/1 117/6/1
f 119/7/1 120/7/1 122/7/1
f 122/7/1 120/7/1 121/7/1
f 123/7/1 124/7/1 126/7/1
f 126/7/1 124/7/1 125/7/1
f 127/1/1 128/1/1 130/1/1
f 130/1/1 128/1/1 129/1/1
f 131/1/1 132/1/1 134/1/1
f 134/1/1 132/1/1 133/1/1
f 135/2/1 136/2/1 37/2/1
f 37/2/1 136/2/1 137/2/1
f 138/7/1 139/7/1 141/7/1
f 141/7/1 139/7/1 140/7/1
f 142/1/1 143/1/1 145/1/1
f 145/1/1 143/1/1 144/1/1
f 143/8/1 146/8/1 144/8/1
f 144/8/1 146/8/1 147/8/1
f 146/1/1 148/1/1 147/1/1
f 147/1/1 148/1/1 149/1/1
f 150/9/1 151/9/1 152/9/1
f 152/9/1 151/9/1 79/9/1
f 153/9/1 154/9/1 156/9/1
f 156/9/1 154/9/1 155/9/1
f 157/1/1 158/1/1 160/1/1
f 160/1/1 158/1/1 159/1/1
f 161/1/1 162/1/1 164/1/1
f 164/1/1 162/1/1 163/1/1
f 165/9/1 166/9/1 151/9/1
f 151/9/1 166/9/1 167/9/1
f 168/5/1 169/5/1 135/5/1
f 135/5/1 169/5/1 136/5/1
f 170/7/1 171/7/1 173/7/1
f 173/7/1 171/7/1 172/7/1
f 174/1/1 175/1/1 176/1/1
f 176/1/1 175/1/1 157/1/1
f 177/1/1 178/1/1 180/1/1
f 180/1/1 178/1/1 179/1/1
f 178/8/1 181/8/1 179/8/1
f 179/8/1 181/8/1 182/8/1
f 183/9/1 184/9/1 186/9/1
f 186/9/1 184/9/1 185/9/1
f 187/1/1 188/1/1 189/1/1
f 189/1/1 188/1/1 164/1/1
f 190/1/1 191/1/1 175/1/1
f 175/1/1 191/1/1 192/1/1
f 188/1/1 193/1/1 195/1/1
f 195/1/1 193/1/1 194/1/1
f 196/7/1 197/7/1 199/7/1
f 199/7/1 197/7/1 198/7/1
f 200/9/1 201/9/1 202/9/1
f 202/9/1 201/9/1 183/9/1
f 203/9/1 204/9/1 206/9/1
f 206/9/1 204/9/1 205/9/1
f 207/9/1 208/9/1 184/9/1
f 184/9/1 208/9/1 209/9/1
f 210/9/1 211/9/1 201/9/1
f 201/9/1 211/9/1 207/9/1
f 212/7/1 213/7/1 215/7/1
f 215/7/1 213/7/1 214/7/1
f 216/9/1 217/9/1 1/9/1
f 1/9/1 217/9/1 2/9/1
f 218/9/1 219/9/1 5/9/1
f 5/9/1 219/9/1 6/9/1
f 220/9/1 221/9/1 13/9/1
f 13/9/1 221/9/1 14/9/1
f 222/9/1 223/9/1 17/9/1
f 17/9/1 223/9/1 18/9/1
f 224/9/1 225/9/1 21/9/1
f 21/9/1 225/9/1 22/9/1
f 226/2/1 227/2/1 168/2/1
f 168/2/1 227/2/1 169/2/1
f 228/9/1 229/9/1 25/9/1
f 25/9/1 229/9/1 26/9/1
f 230/9/1 231/9/1 29/9/1
f 29/9/1 231/9/1 30/9/1
f 232/9/1 233/9/1 33/9/1
f 33/9/1 233/9/1 34/9/1
f 234/9/1 235/9/1 43/9/1
f 43/9/1 235/9/1 44/9/1
f 236/9/1 237/9/1 47/9/1
f 47/9/1 237/9/1 48/9/1
f 238/9/1 239/9/1 51/9/1
f 51/9/1 239/9/1 52/9/1
f 240/8/1 241/8/1 243/8/1
f 243/8/1 241/8/1 242/8/1
f 244/8/1 245/8/1 216/8/1
f 216/8/1 245/8/1 217/8/1
f 246/8/1 247/8/1 218/8/1
f 218/8/1 247/8/1 219/8/1
f 248/8/1 249/8/1 220/8/1
f 220/8/1 249/8/1 221/8/1
f 250/8/1 251/8/1 222/8/1
f 222/8/1 251/8/1 223/8/1
f 252/8/1 253/8/1 224/8/1
f 224/8/1 253/8/1 225/8/1
f 254/8/1 255/8/1 228/8/1
f 228/8/1 255/8/1 229/8/1
f 256/8/1 257/8/1 230/8/1
f 230/8/1 257/8/1 231/8/1
f 258/8/1 259/8/1 232/8/1
f 232/8/1 259/8/1 233/8/1
f 260/8/1 261/8/1 234/8/1
f 234/8/1 261/8/1 235/8/1
f 262/8/1 263/8/1 236/8/1
f 236/8/1 263/8/1 237/8/1
f 264/8/1 265/8/1 238/8/1
f 238/8/1 265/8/1 239/8/1
f 266/8/1 267/8/1 269/8/1
f 269/8/1 267/8/1 268/8/1
f 270/5/1 271/5/1 226/5/1
f 226/5/1 271/5/1 227/5/1
f 272/7/1 273/7/1 275/7/1
f 275/7/1 273/7/1 274/7/1
f 276/7/1 277/7/1 279/7/1
f 279/7/1 277/7/1 278/7/1
f 280/1/1 281/1/1 283/1/1
f 283/1/1 281/1/1 282/1/1
f 281/8/1 284/8/1 282/8/1
f 282/8/1 284/8/1 285/8/1
f 284/1/1 286/1/1 285/1/1
f 285/1/1 286/1/1 287/1/1
f 288/7/1 289/7/1 291/7/1
f 291/7/1 289/7/1 290/7/1
f 289/7/1 292/7/1 294/7/1
f 294/7/1 292/7/1 293/7/1
f 292/7/1 295/7/1 297/7/1
f 297/7/1 295/7/1 296/7/1
f 298/1/1 299/1/1 301/1/1
f 301/1/1 299/1/1 300/1/1
f 302/1/1 303/1/1 305/1/1
f 305/1/1 303/1/1 304/1/1
f 306/7/1 307/7/1 309/7/1
f 309/7/1 307/7/1 308/7/1
f 310/1/1 311/1/1 313/1/1
f 313/1/1 311/1/1 312/1/1
f 307/7/1 314/7/1 316/7/1
f 316/7/1 314/7/1 315/7/1
f 317/7/1 318/7/1 320/7/1
f 320/7/1 318/7/1 319/7/1
f 321/8/1 322/8/1 298/8/1
f 298/8/1 322/8/1 299/8/1
f 323/1/1 324/1/1 321/1/1
f 321/1/1 324/1/1 322/1/1
f 325/2/1 326/2/1 270/2/1
f 270/2/1 326/2/1 271/2/1
f 327/1/1 328/1/1 329/1/1
f 329/1/1 328/1/1 302/1/1
f 330/8/1 331/8/1 310/8/1
f 310/8/1 331/8/1 332/8/1
f 333/1/1 334/1/1 336/1/1
f 336/1/1 334/1/1 335/1/1
f 337/1/1 338/1/1 303/1/1
f 303/1/1 338/1/1 339/1/1
f 334/8/1 340/8/1 335/8/1
f 335/8/1 340/8/1 341/8/1
f 340/1/1 342/1/1 341/1/1
f 341/1/1 342/1/1 343/1/1
f 344/7/1 345/7/1 347/7/1
f 347/7/1 345/7/1 346/7/1
f 348/1/1 349/1/1 350/1/1
f 350/1/1 349/1/1 313/1/1
f 351/7/1 352/7/1 354/7/1
f 354/7/1 352/7/1 353/7/1
f 355/1/1 356/1/1 328/1/1
f 328/1/1 356/1/1 337/1/1
f 349/1/1 357/1/1 330/1/1
f 330/1/1 357/1/1 331/1/1
f 357/1/1 358/1/1 332/1/1
f 332/1/1 358/1/1 311/1/1
f 359/7/1 360/7/1 362/7/1
f 362/7/1 360/7/1 361/7/1
f 360/7/1 363/7/1 365/7/1
f 365/7/1 363/7/1 364/7/1
f 363/7/1 366/7/1 367/7/1
f 367/7/1 366/7/1 100/7/1
f 368/5/1 369/5/1 325/5/1
f 325/5/1 369/5/1 326/5/1
f 370/1/1 371/1/1 372/1/1
f 372/1/1 371/1/1 58/1/1
f 373/7/1 374/7/1 375/7/1
f 375/7/1 374/7/1 291/7/1
f 374/7/1 376/7/1 377/7/1
f 377/7/1 376/7/1 354/7/1
f 378/7/1 379/7/1 380/7/1
f 380/7/1 379/7/1 352/7/1
f 379/7/1 381/7/1 382/7/1
f 382/7/1 381/7/1 295/7/1
f 383/7/1 384/7/1 385/7/1
f 385/7/1 384/7/1 360/7/1
f 386/7/1 387/7/1 389/7/1
f 389/7/1 387/7/1 388/7/1
f 371/1/1 390/1/1 392/1/1
f 392/1/1 390/1/1 391/1/1
f 393/1/1 394/1/1 396/1/1
f 396/1/1 394/1/1 395/1/1
f 394/8/1 397/8/1 395/8/1
f 395/8/1 397/8/1 398/8/1
f 397/1/1 399/1/1 398/1/1
f 398/1/1 399/1/1 400/1/1
f 401/2/1 402/2/1 368/2/1
f 368/2/1 402/2/1 369/2/1
f 403/1/1 404/1/1 406/1/1
f 406/1/1 404/1/1 405/1/1
f 407/5/1 408/5/1 401/5/1
f 401/5/1 408/5/1 402/5/1
f 409/8/1 410/8/1 403/8/1
f 403/8/1 410/8/1 404/8/1
f 411/1/1 412/1/1 409/1/1
f 409/1/1 412/1/1 410/1/1
f 413/9/1 414/9/1 416/9/1
f 416/9/1 414/9/1 415/9/1
f 417/2/1 418/2/1 407/2/1
f 407/2/1 418/2/1 408/2/1
f 419/9/1 420/9/1 422/9/1
f 422/9/1 420/9/1 421/9/1
f 423/5/1 424/5/1 417/5/1
f 417/5/1 424/5/1 418/5/1
f 425/2/1 426/2/1 428/2/1
f 428/2/1 426/2/1 427/2/1
f 426/5/1 429/5/1 11/5/1
f 11/5/1 429/5/1 40/5/1
f 429/2/1 430/2/1 423/2/1
f 423/2/1 430/2/1 424/2/1
f 430/5/1 431/5/1 137/5/1
f 137/5/1 431/5/1 38/5/1
f 431/2/1 432/2/1 434/2/1
f 434/2/1 432/2/1 433/2/1
f 435/9/1 436/9/1 438/9/1
f 438/9/1 436/9/1 437/9/1
f 439/9/1 440/9/1 442/9/1
f 442/9/1 440/9/1 441/9/1
f 443/8/2 444/8/2 446/8/2
f 446/8/2 444/8/2 445/8/2
f 447/8/2 448/8/2 450/8/2
f 450/8/2 448/8/2 449/8/2
f 451/8/2 452/8/2 454/8/2
f 454/8/2 452/8/2 453/8/2
f 455/8/2 456/8/2 458/8/2
f 458/8/2 456/8/2 457/8/2
f 459/8/2 460/8/2 462/8/2
f 462/8/2 460/8/2 461/8/2
f 463/8/2 464/8/2 466/8/2
f 466/8/2 464/8/2 465/8/2
f 467/8/2 468/8/2 470/8/2
f 470/8/2 468/8/2 469/8/2
f 471/8/2 472/8/2 474/8/2
f 474/8/2 472/8/2 473/8/2
f 475/8/2 476/8/2 478/8/2
f 478/8/2 476/8/2 477/8/2
f 479/5/2 480/5/2 482/5/2
f 482/5/2 480/5/2 481/5/2
f 483/8/2 484/8/2 486/8/2
f 486/8/2 484/8/2 485/8/2
f 487/8/2 488/8/2 490/8/2
f 490/8/2 488/8/2 489/8/2
f 491/8/2 492/8/2 494/8/2
f 494/8/2 492/8/2 493/8/2
f 495/8/2 496/8/2 498/8/2
f 498/8/2 496/8/2 497/8/2
f 499/3/2 500/3/2 502/3/2
f 502/3/2 500/3/2 501/3/2
f 503/3/2 504/3/2 506/3/2
f 506/3/2 504/3/2 505/3/2
f 507/3/2 508/3/2 510/3/2
f 510/3/2 508/3/2 509/3/2
f 511/1/2 512/1/2 514/1/2
f 514/1/2 512/1/2 513/1/2
f 515/1/2 516/1/2 518/1/2
f 518/1/2 516/1/2 517/1/2
f 519/1/2 520/1/2 522/1/2
f 522/1/2 520/1/2 521/1/2
f 523/1/2 524/1/2 526/1/2
f 526/1/2 524/1/2 525/1/2
f 527/3/2 528/3/2 529/3/2
f 529/3/2 528/3/2 503/3/2
f 530/8/2 531/8/2 533/8/2
f 533/8/2 531/8/2 532/8/2
f 534/3/2 535/3/2 537/3/2
f 537/3/2 535/3/2 536/3/2
f 538/1/2 539/1/2 540/1/2
f 540/1/2 539/1/2 511/1/2
f 541/1/2 530/1/2 542/1/2
f 542/1/2 530/1/2 533/1/2
f 543/9/2 544/9/2 546/9/2
f 546/9/2 544/9/2 545/9/2
f 547/1/2 548/1/2 549/1/2
f 549/1/2 548/1/2 531/1/2
f 549/8/2 541/8/2 550/8/2
f 550/8/2 541/8/2 542/8/2
f 550/1/2 532/1/2 552/1/2
f 552/1/2 532/1/2 551/1/2
f 553/9/2 554/9/2 555/9/2
f 555/9/2 554/9/2 543/9/2
f 556/1/2 557/1/2 559/1/2
f 559/1/2 557/1/2 558/1/2
f 560/8/2 561/8/2 563/8/2
f 563/8/2 561/8/2 562/8/2
f 564/9/2 565/9/2 567/9/2
f 567/9/2 565/9/2 566/9/2
f 568/1/2 569/1/2 571/1/2
f 571/1/2 569/1/2 570/1/2
f 572/7/2 573/7/2 575/7/2
f 575/7/2 573/7/2 574/7/2
f 576/1/2 560/1/2 577/1/2
f 577/1/2 560/1/2 563/1/2
f 578/1/2 579/1/2 581/1/2
f 581/1/2 579/1/2 580/1/2
f 582/2/2 479/2/2 584/2/2
f 584/2/2 479/2/2 583/2/2
f 585/3/2 586/3/2 588/3/2
f 588/3/2 586/3/2 587/3/2
f 589/1/2 590/1/2 592/1/2
f 592/1/2 590/1/2 591/1/2
f 593/1/2 594/1/2 595/1/2
f 595/1/2 594/1/2 561/1/2
f 595/8/2 576/8/2 596/8/2
f 596/8/2 576/8/2 577/8/2
f 596/1/2 562/1/2 598/1/2
f 598/1/2 562/1/2 597/1/2
f 599/9/2 600/9/2 602/9/2
f 602/9/2 600/9/2 601/9/2
f 603/9/2 604/9/2 606/9/2
f 606/9/2 604/9/2 605/9/2
f 607/3/2 608/3/2 610/3/2
f 610/3/2 608/3/2 609/3/2
f 611/1/2 612/1/2 614/1/2
f 614/1/2 612/1/2 613/1/2
f 615/9/2 602/9/2 617/9/2
f 617/9/2 602/9/2 616/9/2
f 618/5/2 582/5/2 619/5/2
f 619/5/2 582/5/2 584/5/2
f 620/3/2 621/3/2 623/3/2
f 623/3/2 621/3/2 622/3/2
f 624/3/2 625/3/2 627/3/2
f 627/3/2 625/3/2 626/3/2
f 628/1/2 629/1/2 631/1/2
f 631/1/2 629/1/2 630/1/2
f 632/3/2 633/3/2 635/3/2
f 635/3/2 633/3/2 634/3/2
f 636/1/2 637/1/2 638/1/2
f 638/1/2 637/1/2 611/1/2
f 639/9/2 640/9/2 642/9/2
f 642/9/2 640/9/2 641/9/2
f 643/1/2 644/1/2 646/1/2
f 646/1/2 644/1/2 645/1/2
f 647/9/2 648/9/2 650/9/2
f 650/9/2 648/9/2 649/9/2
f 651/1/2 652/1/2 654/1/2
f 654/1/2 652/1/2 653/1/2
f 655/9/2 656/9/2 658/9/2
f 658/9/2 656/9/2 657/9/2
f 659/1/2 660/1/2 662/1/2
f 662/1/2 660/1/2 661/1/2
f 663/1/2 638/1/2 665/1/2
f 665/1/2 638/1/2 664/1/2
f 666/1/2 667/1/2 669/1/2
f 669/1/2 667/1/2 668/1/2
f 670/9/2 671/9/2 672/9/2
f 672/9/2 671/9/2 639/9/2
f 673/9/2 674/9/2 676/9/2
f 676/9/2 674/9/2 675/9/2
f 677/9/2 658/9/2 679/9/2
f 679/9/2 658/9/2 678/9/2
f 680/9/2 672/9/2 682/9/2
f 682/9/2 672/9/2 681/9/2
f 683/1/2 684/1/2 686/1/2
f 686/1/2 684/1/2 685/1/2
f 687/9/2 688/9/2 690/9/2
f 690/9/2 688/9/2 689/9/2
f 691/1/2 692/1/2 694/1/2
f 694/1/2 692/1/2 693/1/2
f 695/9/2 696/9/2 697/9/2
f 697/9/2 696/9/2 677/9/2
f 698/7/2 699/7/2 701/7/2
f 701/7/2 699/7/2 700/7/2
f 702/1/2 703/1/2 705/1/2
f 705/1/2 703/1/2 704/1/2
f 706/9/2 443/9/2 707/9/2
f 707/9/2 443/9/2 446/9/2
f 708/9/2 447/9/2 709/9/2
f 709/9/2 447/9/2 450/9/2
f 710/9/2 451/9/2 711/9/2
f 711/9/2 451/9/2 454/9/2
f 712/9/2 455/9/2 713/9/2
f 713/9/2 455/9/2 458/9/2
f 714/9/2 459/9/2 715/9/2
f 715/9/2 459/9/2 462/9/2
f 716/9/2 463/9/2 717/9/2
f 717/9/2 463/9/2 466/9/2
f 718/2/2 618/2/2 719/2/2
f 719/2/2 618/2/2 619/2/2
f 720/9/2 467/9/2 721/9/2
f 721/9/2 467/9/2 470/9/2
f 722/9/2 471/9/2 723/9/2
f 723/9/2 471/9/2 474/9/2
f 724/9/2 475/9/2 725/9/2
f 725/9/2 475/9/2 478/9/2
f 726/9/2 483/9/2 727/9/2
f 727/9/2 483/9/2 486/9/2
f 728/9/2 487/9/2 729/9/2
f 729/9/2 487/9/2 490/9/2
f 730/9/2 491/9/2 731/9/2
f 731/9/2 491/9/2 494/9/2
f 732/9/2 495/9/2 733/9/2
f 733/9/2 495/9/2 498/9/2
f 734/3/2 735/3/2 737/3/2
f 737/3/2 735/3/2 736/3/2
f 738/8/2 706/8/2 739/8/2
f 739/8/2 706/8/2 707/8/2
f 740/8/2 708/8/2 741/8/2
f 741/8/2 708/8/2 709/8/2
f 742/8/2 710/8/2 743/8/2
f 743/8/2 710/8/2 711/8/2
f 744/8/2 712/8/2 745/8/2
f 745/8/2 712/8/2 713/8/2
f 746/8/2 714/8/2 747/8/2
f 747/8/2 714/8/2 715/8/2
f 748/8/2 716/8/2 749/8/2
f 749/8/2 716/8/2 717/8/2
f 750/8/2 720/8/2 751/8/2
f 751/8/2 720/8/2 721/8/2
f 752/8/2 722/8/2 753/8/2
f 753/8/2 722/8/2 723/8/2
f 754/8/2 724/8/2 755/8/2
f 755/8/2 724/8/2 725/8/2
f 756/8/2 726/8/2 757/8/2
f 757/8/2 726/8/2 727/8/2
f 758/8/2 728/8/2 759/8/2
f 759/8/2 728/8/2 729/8/2
f 760/8/2 730/8/2 761/8/2
f 761/8/2 730/8/2 731/8/2
f 762/8/2 732/8/2 763/8/2
f 763/8/2 732/8/2 733/8/2
f 764/3/2 765/3/2 767/3/2
f 767/3/2 765/3/2 766/3/2
f 768/5/2 718/5/2 769/5/2
f 769/5/2 718/5/2 719/5/2
f 770/3/2 771/3/2 773/3/2
f 773/3/2 771/3/2 772/3/2
f 774/1/2 775/1/2 777/1/2
f 777/1/2 775/1/2 776/1/2
f 778/3/2 779/3/2 781/3/2
f 781/3/2 779/3/2 780/3/2
f 782/8/2 783/8/2 785/8/2
f 785/8/2 783/8/2 784/8/2
f 786/3/2 787/3/2 789/3/2
f 789/3/2 787/3/2 788/3/2
f 790/1/2 782/1/2 791/1/2
f 791/1/2 782/1/2 785/1/2
f 792/1/2 793/1/2 795/1/2
f 795/1/2 793/1/2 794/1/2
f 796/1/2 797/1/2 798/1/2
f 798/1/2 797/1/2 783/1/2
f 798/8/2 790/8/2 799/8/2
f 799/8/2 790/8/2 791/8/2
f 799/1/2 784/1/2 801/1/2
f 801/1/2 784/1/2 800/1/2
f 802/1/2 803/1/2 805/1/2
f 805/1/2 803/1/2 804/1/2
f 806/1/2 807/1/2 809/1/2
f 809/1/2 807/1/2 808/1/2
f 810/7/2 811/7/2 813/7/2
f 813/7/2 811/7/2 812/7/2
f 814/2/2 768/2/2 815/2/2
f 815/2/2 768/2/2 769/2/2
f 816/3/2 817/3/2 819/3/2
f 819/3/2 817/3/2 818/3/2
f 820/1/2 821/1/2 822/1/2
f 822/1/2 821/1/2 802/1/2
f 823/1/2 805/1/2 825/1/2
f 825/1/2 805/1/2 824/1/2
f 826/3/2 827/3/2 829/3/2
f 829/3/2 827/3/2 828/3/2
f 830/1/2 831/1/2 833/1/2
f 833/1/2 831/1/2 832/1/2
f 834/7/2 835/7/2 837/7/2
f 837/7/2 835/7/2 836/7/2
f 838/1/2 822/1/2 839/1/2
f 839/1/2 822/1/2 823/1/2
f 840/1/2 841/1/2 843/1/2
f 843/1/2 841/1/2 842/1/2
f 844/5/2 814/5/2 845/5/2
f 845/5/2 814/5/2 815/5/2
f 846/3/2 847/3/2 849/3/2
f 849/3/2 847/3/2 848/3/2
f 850/3/2 829/3/2 852/3/2
f 852/3/2 829/3/2 851/3/2
f 853/3/2 854/3/2 856/3/2
f 856/3/2 854/3/2 855/3/2
f 857/1/2 833/1/2 859/1/2
f 859/1/2 833/1/2 858/1/2
f 860/1/2 861/1/2 863/1/2
f 863/1/2 861/1/2 862/1/2
f 864/1/2 865/1/2 867/1/2
f 867/1/2 865/1/2 866/1/2
f 868/7/2 869/7/2 871/7/2
f 871/7/2 869/7/2 870/7/2
f 872/1/2 873/1/2 875/1/2
f 875/1/2 873/1/2 874/1/2
f 876/8/2 877/8/2 879/8/2
f 879/8/2 877/8/2 878/8/2
f 880/1/2 876/1/2 881/1/2
f 881/1/2 876/1/2 879/1/2
f 882/1/2 883/1/2 884/1/2
f 884/1/2 883/1/2 877/1/2
f 884/8/2 880/8/2 885/8/2
f 885/8/2 880/8/2 881/8/2
f 885/1/2 878/1/2 887/1/2
f 887/1/2 878/1/2 886/1/2
f 888/2/2 844/2/2 889/2/2
f 889/2/2 844/2/2 845/2/2
f 890/1/2 891/1/2 893/1/2
f 893/1/2 891/1/2 892/1/2
f 894/5/2 888/5/2 895/5/2
f 895/5/2 888/5/2 889/5/2
f 896/8/2 890/8/2 898/8/2
f 898/8/2 890/8/2 897/8/2
f 899/8/2 900/8/2 901/8/2
f 901/8/2 900/8/2 893/8/2
f 902/1/2 896/1/2 903/1/2
f 903/1/2 896/1/2 898/1/2
f 903/1/2 897/1/2 904/1/2
f 904/1/2 897/1/2 900/1/2
f 904/1/2 899/1/2 905/1/2
f 905/1/2 899/1/2 901/1/2
f 906/9/2 907/9/2 909/9/2
f 909/9/2 907/9/2 908/9/2
f 910/2/2 894/2/2 911/2/2
f 911/2/2 894/2/2 895/2/2
f 912/9/2 913/9/2 915/9/2
f 915/9/2 913/9/2 914/9/2
f 916/5/2 910/5/2 917/5/2
f 917/5/2 910/5/2 911/5/2
f 918/2/2 919/2/2 921/2/2
f 921/2/2 919/2/2 920/2/2
f 921/5/2 920/5/2 922/5/2
f 922/5/2 920/5/2 480/5/2
f 922/2/2 916/2/2 923/2/2
f 923/2/2 916/2/2 917/2/2
f 923/5/2 583/5/2 924/5/2
f 924/5/2 583/5/2 482/5/2
f 924/2/2 481/2/2 926/2/2
f 926/2/2 481/2/2 925/2/2
f 927/9/2 928/9/2 930/9/2
f 930/9/2 928/9/2 929/9/2
f 931/9/2 932/9/2 934/9/2
f 934/9/2 932/9/2 933/9/2
f 339/1/3 935/1/3 936/1/3
f 936/1/3 935/1/3 843/1/3
f 42/2/3 432/2/3 925/2/3
f 925/2/3 432/2/3 926/2/3
f 61/4/3 60/4/3 10/4/3
f 10/4/3 60/4/3 69/4/3
f 65/6/3 64/6/3 41/6/3
f 41/6/3 64/6/3 73/6/3
f 85/4/3 84/4/3 68/4/3
f 68/4/3 84/4/3 105/4/3
f 89/6/3 88/6/3 72/6/3
f 72/6/3 88/6/3 109/6/3
f 113/4/3 112/4/3 104/4/3
f 104/4/3 112/4/3 427/4/3
f 117/6/3 116/6/3 108/6/3
f 108/6/3 116/6/3 433/6/3
f 648/1/3 647/1/3 645/1/3
f 645/1/3 647/1/3 646/1/3
f 656/1/3 655/1/3 653/1/3
f 653/1/3 655/1/3 654/1/3
f 658/9/3 677/9/3 675/9/3
f 675/9/3 677/9/3 676/9/3
f 688/1/3 687/1/3 685/1/3
f 685/1/3 687/1/3 686/1/3
f 696/1/3 695/1/3 693/1/3
f 693/1/3 695/1/3 694/1/3
f 98/1/3 97/1/3 551/1/3
f 551/1/3 97/1/3 552/1/3
f 149/1/3 148/1/3 597/1/3
f 597/1/3 148/1/3 598/1/3
f 287/1/3 286/1/3 800/1/3
f 800/1/3 286/1/3 801/1/3
f 400/1/3 399/1/3 886/1/3
f 886/1/3 399/1/3 887/1/3
f 405/1/3 404/1/3 892/1/3
f 892/1/3 404/1/3 893/1/3
f 404/8/3 410/8/3 893/8/3
f 893/8/3 410/8/3 901/8/3
f 410/1/3 412/1/3 901/1/3
f 901/1/3 412/1/3 905/1/3
f 937/1/3 570/1/3 938/1/3
f 938/1/3 570/1/3 129/1/3
f 571/1/3 939/1/3 128/1/3
f 128/1/3 939/1/3 940/1/3
f 612/1/3 611/1/3 160/1/3
f 160/1/3 611/1/3 157/1/3
f 185/9/3 184/9/3 657/9/3
f 657/9/3 184/9/3 658/9/3
f 638/1/3 663/1/3 175/1/3
f 175/1/3 663/1/3 190/1/3
f 209/9/3 208/9/3 678/9/3
f 678/9/3 208/9/3 679/9/3
f 207/9/3 211/9/3 677/9/3
f 677/9/3 211/9/3 697/9/3
f 803/1/3 802/1/3 305/1/3
f 305/1/3 802/1/3 302/1/3
f 805/8/3 823/8/3 303/8/3
f 303/8/3 823/8/3 337/8/3
f 822/1/3 838/1/3 328/1/3
f 328/1/3 838/1/3 355/1/3
f 437/9/3 436/9/3 929/9/3
f 929/9/3 436/9/3 930/9/3
f 441/9/3 440/9/3 933/9/3
f 933/9/3 440/9/3 934/9/3
f 205/9/3 204/9/3 184/9/3
f 184/9/3 204/9/3 207/9/3
f 312/1/3 311/1/3 842/1/3
f 842/1/3 311/1/3 936/1/3
f 311/1/3 941/1/3 824/1/3
f 824/1/3 941/1/3 825/1/3
f 941/1/3 358/1/3 338/1/3
f 338/1/3 358/1/3 935/1/3
f 504/3/3 503/3/3 501/3/3
f 501/3/3 503/3/3 502/3/3
f 829/3/3 850/3/3 848/3/3
f 848/3/3 850/3/3 849/3/3
f 508/3/3 507/3/3 505/3/3
f 505/3/3 507/3/3 506/3/3
f 854/3/3 853/3/3 851/3/3
f 851/3/3 853/3/3 852/3/3
f 869/3/3 836/3/3 509/3/3
f 509/3/3 836/3/3 510/3/3
f 835/3/3 942/3/3 503/3/3
f 503/3/3 942/3/3 529/3/3
f 942/3/3 574/3/3 536/3/3
f 536/3/3 574/3/3 537/3/3
f 575/3/3 943/3/3 587/3/3
f 587/3/3 943/3/3 588/3/3
f 943/3/3 944/3/3 609/3/3
f 609/3/3 944/3/3 610/3/3
f 944/3/3 945/3/3 622/3/3
f 622/3/3 945/3/3 623/3/3
f 945/3/3 946/3/3 626/3/3
f 626/3/3 946/3/3 627/3/3
f 946/3/3 700/3/3 634/3/3
f 634/3/3 700/3/3 635/3/3
f 701/3/3 947/3/3 736/3/3
f 736/3/3 947/3/3 737/3/3
f 947/3/3 948/3/3 766/3/3
f 766/3/3 948/3/3 767/3/3
f 948/3/3 949/3/3 772/3/3
f 772/3/3 949/3/3 773/3/3
f 949/3/3 950/3/3 780/3/3
f 780/3/3 950/3/3 781/3/3
f 950/3/3 812/3/3 788/3/3
f 788/3/3 812/3/3 789/3/3
f 813/3/3 951/3/3 818/3/3
f 818/3/3 951/3/3 819/3/3
f 951/3/3 834/3/3 828/3/3
f 828/3/3 834/3/3 829/3/3
f 837/3/3 868/3/3 855/3/3
f 855/3/3 868/3/3 856/3/3
f 952/9/3 953/9/3 446/9/3
f 446/9/3 953/9/3 707/9/3
f 954/9/3 955/9/3 498/9/3
f 498/9/3 955/9/3 733/9/3
f 448/8/3 447/8/3 445/8/3
f 445/8/3 447/8/3 446/8/3
f 268/8/3 956/8/3 497/8/3
f 497/8/3 956/8/3 498/8/3
f 957/1/3 958/1/3 367/1/3
f 367/1/3 958/1/3 125/1/3
f 959/1/3 960/1/3 124/1/3
f 124/1/3 960/1/3 364/1/3
f 447/8/3 708/8/3 952/8/3
f 952/8/3 708/8/3 953/8/3
f 956/8/3 961/8/3 954/8/3
f 954/8/3 961/8/3 955/8/3
f 708/8/3 740/8/3 707/8/3
f 707/8/3 740/8/3 739/8/3
f 961/8/3 267/8/3 733/8/3
f 733/8/3 267/8/3 763/8/3
f 512/1/3 511/1/3 375/1/3
f 375/1/3 511/1/3 77/1/3
f 516/1/3 515/1/3 297/1/3
f 297/1/3 515/1/3 293/1/3
f 520/1/3 519/1/3 316/1/3
f 316/1/3 519/1/3 308/1/3
f 524/1/3 523/1/3 389/1/3
f 389/1/3 523/1/3 101/1/3
f 546/9/3 962/9/3 605/9/3
f 605/9/3 962/9/3 963/9/3
f 964/9/3 965/9/3 967/9/3
f 967/9/3 965/9/3 966/9/3
f 968/9/3 616/9/3 969/9/3
f 969/9/3 616/9/3 606/9/3
f 833/1/3 857/1/3 345/1/3
f 345/1/3 857/1/3 373/1/3
f 861/1/3 860/1/3 380/1/3
f 380/1/3 860/1/3 378/1/3
f 865/1/3 864/1/3 385/1/3
f 385/1/3 864/1/3 383/1/3
f 873/1/3 872/1/3 366/1/3
f 366/1/3 872/1/3 386/1/3
f 452/8/3 451/8/3 449/8/3
f 449/8/3 451/8/3 450/8/3
f 53/8/3 52/8/3 269/8/3
f 269/8/3 52/8/3 970/8/3
f 55/1/3 971/1/3 511/1/3
f 511/1/3 971/1/3 540/1/3
f 971/1/3 972/1/3 76/1/3
f 76/1/3 972/1/3 121/1/3
f 972/1/3 973/1/3 558/1/3
f 558/1/3 973/1/3 559/1/3
f 973/1/3 974/1/3 120/1/3
f 120/1/3 974/1/3 140/1/3
f 974/1/3 975/1/3 591/1/3
f 591/1/3 975/1/3 592/1/3
f 975/1/3 976/1/3 139/1/3
f 139/1/3 976/1/3 172/1/3
f 976/1/3 977/1/3 630/1/3
f 630/1/3 977/1/3 631/1/3
f 977/1/3 978/1/3 171/1/3
f 171/1/3 978/1/3 198/1/3
f 978/1/3 979/1/3 668/1/3
f 668/1/3 979/1/3 669/1/3
f 979/1/3 980/1/3 197/1/3
f 197/1/3 980/1/3 214/1/3
f 980/1/3 981/1/3 704/1/3
f 704/1/3 981/1/3 705/1/3
f 451/9/3 710/9/3 450/9/3
f 450/9/3 710/9/3 709/9/3
f 52/9/3 239/9/3 970/9/3
f 970/9/3 239/9/3 982/9/3
f 981/1/3 983/1/3 213/1/3
f 213/1/3 983/1/3 274/1/3
f 710/8/3 742/8/3 709/8/3
f 709/8/3 742/8/3 741/8/3
f 239/8/3 265/8/3 982/8/3
f 982/8/3 265/8/3 266/8/3
f 983/1/3 984/1/3 776/1/3
f 776/1/3 984/1/3 777/1/3
f 984/1/3 985/1/3 273/1/3
f 273/1/3 985/1/3 278/1/3
f 985/1/3 986/1/3 794/1/3
f 794/1/3 986/1/3 795/1/3
f 986/1/3 987/1/3 277/1/3
f 277/1/3 987/1/3 319/1/3
f 300/1/3 299/1/3 382/1/3
f 382/1/3 299/1/3 988/1/3
f 987/1/3 989/1/3 808/1/3
f 808/1/3 989/1/3 809/1/3
f 299/8/3 322/8/3 988/8/3
f 988/8/3 322/8/3 990/8/3
f 989/1/3 991/1/3 318/1/3
f 318/1/3 991/1/3 346/1/3
f 322/1/3 324/1/3 990/1/3
f 990/1/3 324/1/3 353/1/3
f 343/1/3 342/1/3 314/1/3
f 314/1/3 342/1/3 361/1/3
f 991/1/3 392/1/3 832/1/3
f 832/1/3 392/1/3 833/1/3
f 456/8/3 455/8/3 453/8/3
f 453/8/3 455/8/3 454/8/3
f 81/9/3 80/9/3 545/9/3
f 545/9/3 80/9/3 546/9/3
f 167/9/3 166/9/3 616/9/3
f 616/9/3 166/9/3 617/9/3
f 455/9/3 712/9/3 454/9/3
f 454/9/3 712/9/3 711/9/3
f 712/8/3 744/8/3 711/8/3
f 711/8/3 744/8/3 743/8/3
f 460/8/3 459/8/3 457/8/3
f 457/8/3 459/8/3 458/8/3
f 49/8/3 48/8/3 54/8/3
f 54/8/3 48/8/3 51/8/3
f 155/9/3 154/9/3 80/9/3
f 80/9/3 154/9/3 167/9/3
f 459/9/3 714/9/3 458/9/3
f 458/9/3 714/9/3 713/9/3
f 48/9/3 237/9/3 51/9/3
f 51/9/3 237/9/3 238/9/3
f 714/8/3 746/8/3 713/8/3
f 713/8/3 746/8/3 745/8/3
f 237/8/3 263/8/3 238/8/3
f 238/8/3 263/8/3 264/8/3
f 464/8/3 463/8/3 461/8/3
f 461/8/3 463/8/3 462/8/3
f 45/8/3 44/8/3 50/8/3
f 50/8/3 44/8/3 47/8/3
f 463/9/3 716/9/3 462/9/3
f 462/9/3 716/9/3 715/9/3
f 44/9/3 235/9/3 47/9/3
f 47/9/3 235/9/3 236/9/3
f 716/8/3 748/8/3 715/8/3
f 715/8/3 748/8/3 747/8/3
f 235/8/3 261/8/3 236/8/3
f 236/8/3 261/8/3 262/8/3
f 468/8/3 467/8/3 465/8/3
f 465/8/3 467/8/3 466/8/3
f 35/8/3 34/8/3 46/8/3
f 46/8/3 34/8/3 43/8/3
f 467/9/3 720/9/3 466/9/3
f 466/9/3 720/9/3 717/9/3
f 34/9/3 233/9/3 43/9/3
f 43/9/3 233/9/3 234/9/3
f 720/8/3 750/8/3 717/8/3
f 717/8/3 750/8/3 749/8/3
f 233/8/3 259/8/3 234/8/3
f 234/8/3 259/8/3 260/8/3
f 31/8/3 30/8/3 36/8/3
f 36/8/3 30/8/3 33/8/3
f 30/9/3 231/9/3 33/9/3
f 33/9/3 231/9/3 232/9/3
f 231/8/3 257/8/3 232/8/3
f 232/8/3 257/8/3 258/8/3
f 27/8/3 26/8/3 32/8/3
f 32/8/3 26/8/3 29/8/3
f 26/9/3 229/9/3 29/9/3
f 29/9/3 229/9/3 230/9/3
f 229/8/3 255/8/3 230/8/3
f 230/8/3 255/8/3 256/8/3
f 130/1/4 992/1/4 993/1/4
f 993/1/4 992/1/4 578/1/4
f 176/1/4 994/1/4 995/1/4
f 995/1/4 994/1/4 659/1/4
f 329/1/4 996/1/4 997/1/4
f 997/1/4 996/1/4 840/1/4
f 12/2/4 919/2/4 425/2/4
f 425/2/4 919/2/4 918/2/4
f 62/4/4 9/4/4 59/4/4
f 59/4/4 9/4/4 70/4/4
f 66/6/4 38/6/4 63/6/4
f 63/6/4 38/6/4 74/6/4
f 86/4/4 67/4/4 83/4/4
f 83/4/4 67/4/4 106/4/4
f 90/6/4 71/6/4 87/6/4
f 87/6/4 71/6/4 110/6/4
f 114/4/4 103/4/4 111/4/4
f 111/4/4 103/4/4 428/4/4
f 118/6/4 107/6/4 115/6/4
f 115/6/4 107/6/4 434/6/4
f 641/1/4 644/1/4 642/1/4
f 642/1/4 644/1/4 643/1/4
f 649/1/4 652/1/4 650/1/4
f 650/1/4 652/1/4 651/1/4
f 639/9/4 674/9/4 672/9/4
f 672/9/4 674/9/4 673/9/4
f 681/1/4 684/1/4 682/1/4
f 682/1/4 684/1/4 683/1/4
f 689/1/4 692/1/4 690/1/4
f 690/1/4 692/1/4 691/1/4
f 94/1/4 548/1/4 91/1/4
f 91/1/4 548/1/4 547/1/4
f 145/1/4 594/1/4 142/1/4
f 142/1/4 594/1/4 593/1/4
f 283/1/4 797/1/4 280/1/4
f 280/1/4 797/1/4 796/1/4
f 396/1/4 883/1/4 393/1/4
f 393/1/4 883/1/4 882/1/4
f 406/1/4 891/1/4 403/1/4
f 403/1/4 891/1/4 890/1/4
f 403/8/4 890/8/4 409/8/4
f 409/8/4 890/8/4 896/8/4
f 409/1/4 896/1/4 411/1/4
f 411/1/4 896/1/4 902/1/4
f 611/8/4 157/8/4 638/8/4
f 638/8/4 157/8/4 175/8/4
f 186/9/4 640/9/4 183/9/4
f 183/9/4 640/9/4 639/9/4
f 202/9/4 671/9/4 200/9/4
f 200/9/4 671/9/4 670/9/4
f 201/9/4 672/9/4 210/9/4
f 210/9/4 672/9/4 680/9/4
f 804/1/4 304/1/4 805/1/4
f 805/1/4 304/1/4 303/1/4
f 802/8/4 302/8/4 822/8/4
f 822/8/4 302/8/4 328/8/4
f 823/1/4 337/1/4 839/1/4
f 839/1/4 337/1/4 356/1/4
f 416/9/4 907/9/4 413/9/4
f 413/9/4 907/9/4 906/9/4
f 422/9/4 913/9/4 419/9/4
f 419/9/4 913/9/4 912/9/4
f 438/9/4 928/9/4 435/9/4
f 435/9/4 928/9/4 927/9/4
f 442/9/4 932/9/4 439/9/4
f 439/9/4 932/9/4 931/9/4
f 134/1/4 579/1/4 998/1/4
f 998/1/4 579/1/4 992/1/4
f 998/1/4 569/1/4 999/1/4
f 999/1/4 569/1/4 568/1/4
f 999/1/4 127/1/4 131/1/4
f 131/1/4 127/1/4 993/1/4
f 189/1/4 660/1/4 1000/1/4
f 1000/1/4 660/1/4 994/1/4
f 1000/1/4 637/1/4 1001/1/4
f 1001/1/4 637/1/4 636/1/4
f 1001/1/4 174/1/4 187/1/4
f 187/1/4 174/1/4 995/1/4
f 206/9/4 183/9/4 203/9/4
f 203/9/4 183/9/4 201/9/4
f 350/1/4 841/1/4 1002/1/4
f 1002/1/4 841/1/4 996/1/4
f 1002/1/4 821/1/4 1003/1/4
f 1003/1/4 821/1/4 820/1/4
f 1003/1/4 327/1/4 348/1/4
f 348/1/4 327/1/4 997/1/4
f 180/1/4 161/1/4 177/1/4
f 177/1/4 161/1/4 195/1/4
f 1004/3/4 500/3/4 1005/3/4
f 1005/3/4 500/3/4 499/3/4
f 1005/3/4 528/3/4 1006/3/4
f 1006/3/4 528/3/4 527/3/4
f 1006/3/4 535/3/4 573/3/4
f 573/3/4 535/3/4 534/3/4
f 572/3/4 586/3/4 1007/3/4
f 1007/3/4 586/3/4 585/3/4
f 1007/3/4 608/3/4 1008/3/4
f 1008/3/4 608/3/4 607/3/4
f 1008/3/4 621/3/4 1009/3/4
f 1009/3/4 621/3/4 620/3/4
f 1009/3/4 625/3/4 1010/3/4
f 1010/3/4 625/3/4 624/3/4
f 1010/3/4 633/3/4 699/3/4
f 699/3/4 633/3/4 632/3/4
f 698/3/4 735/3/4 1011/3/4
f 1011/3/4 735/3/4 734/3/4
f 1011/3/4 765/3/4 1012/3/4
f 1012/3/4 765/3/4 764/3/4
f 1012/3/4 771/3/4 1013/3/4
f 1013/3/4 771/3/4 770/3/4
f 1013/3/4 779/3/4 1014/3/4
f 1014/3/4 779/3/4 778/3/4
f 1014/3/4 787/3/4 811/3/4
f 811/3/4 787/3/4 786/3/4
f 810/3/4 817/3/4 1015/3/4
f 1015/3/4 817/3/4 816/3/4
f 1015/3/4 827/3/4 1016/3/4
f 1016/3/4 827/3/4 826/3/4
f 1016/3/4 847/3/4 1017/3/4
f 1017/3/4 847/3/4 846/3/4
f 1018/9/4 443/9/4 1019/9/4
f 1019/9/4 443/9/4 706/9/4
f 1020/9/4 495/9/4 1021/9/4
f 1021/9/4 495/9/4 732/9/4
f 1022/7/4 1004/7/4 1023/7/4
f 1023/7/4 1004/7/4 1017/7/4
f 243/8/4 444/8/4 1024/8/4
f 1024/8/4 444/8/4 443/8/4
f 493/8/4 496/8/4 494/8/4
f 494/8/4 496/8/4 495/8/4
f 1024/8/4 1018/8/4 1025/8/4
f 1025/8/4 1018/8/4 1019/8/4
f 494/8/4 1020/8/4 731/8/4
f 731/8/4 1020/8/4 1021/8/4
f 1025/8/4 706/8/4 240/8/4
f 240/8/4 706/8/4 738/8/4
f 731/8/4 732/8/4 761/8/4
f 761/8/4 732/8/4 762/8/4
f 513/1/4 290/1/4 514/1/4
f 514/1/4 290/1/4 294/1/4
f 517/1/4 296/1/4 518/1/4
f 518/1/4 296/1/4 309/1/4
f 521/1/4 315/1/4 522/1/4
f 522/1/4 315/1/4 102/1/4
f 543/9/4 604/9/4 555/9/4
f 555/9/4 604/9/4 957/9/4
f 553/1/4 99/1/4 565/1/4
f 565/1/4 99/1/4 126/1/4
f 566/9/4 958/9/4 567/9/4
f 567/9/4 958/9/4 959/9/4
f 564/1/4 123/1/4 600/1/4
f 600/1/4 123/1/4 365/1/4
f 601/9/4 960/9/4 602/9/4
f 602/9/4 960/9/4 603/9/4
f 858/1/4 351/1/4 859/1/4
f 859/1/4 351/1/4 376/1/4
f 862/1/4 359/1/4 863/1/4
f 863/1/4 359/1/4 381/1/4
f 866/1/4 360/1/4 867/1/4
f 867/1/4 360/1/4 384/1/4
f 4/8/4 242/8/4 1/8/4
f 1/8/4 242/8/4 1026/8/4
f 489/8/4 492/8/4 490/8/4
f 490/8/4 492/8/4 491/8/4
f 372/1/4 1022/1/4 1027/1/4
f 1027/1/4 1022/1/4 78/1/4
f 1027/1/4 539/1/4 1028/1/4
f 1028/1/4 539/1/4 538/1/4
f 1028/1/4 75/1/4 1029/1/4
f 1029/1/4 75/1/4 122/1/4
f 1029/1/4 557/1/4 1030/1/4
f 1030/1/4 557/1/4 556/1/4
f 1030/1/4 119/1/4 1031/1/4
f 1031/1/4 119/1/4 141/1/4
f 1031/1/4 590/1/4 1032/1/4
f 1032/1/4 590/1/4 589/1/4
f 1032/1/4 138/1/4 1033/1/4
f 1033/1/4 138/1/4 173/1/4
f 1033/1/4 629/1/4 1034/1/4
f 1034/1/4 629/1/4 628/1/4
f 1034/1/4 170/1/4 1035/1/4
f 1035/1/4 170/1/4 199/1/4
f 1035/1/4 667/1/4 1036/1/4
f 1036/1/4 667/1/4 666/1/4
f 1036/1/4 196/1/4 1037/1/4
f 1037/1/4 196/1/4 215/1/4
f 1037/1/4 703/1/4 1038/1/4
f 1038/1/4 703/1/4 702/1/4
f 1/9/4 1026/9/4 216/9/4
f 216/9/4 1026/9/4 1039/9/4
f 490/9/4 491/9/4 729/9/4
f 729/9/4 491/9/4 730/9/4
f 1038/1/4 212/1/4 1040/1/4
f 1040/1/4 212/1/4 275/1/4
f 216/8/4 1039/8/4 244/8/4
f 244/8/4 1039/8/4 241/8/4
f 729/8/4 730/8/4 759/8/4
f 759/8/4 730/8/4 760/8/4
f 1040/1/4 775/1/4 1041/1/4
f 1041/1/4 775/1/4 774/1/4
f 1041/1/4 272/1/4 1042/1/4
f 1042/1/4 272/1/4 279/1/4
f 1042/1/4 793/1/4 1043/1/4
f 1043/1/4 793/1/4 792/1/4
f 1043/1/4 276/1/4 1044/1/4
f 1044/1/4 276/1/4 320/1/4
f 301/1/4 288/1/4 298/1/4
f 298/1/4 288/1/4 1045/1/4
f 1044/1/4 807/1/4 1046/1/4
f 1046/1/4 807/1/4 806/1/4
f 298/8/4 1045/8/4 321/8/4
f 321/8/4 1045/8/4 1047/8/4
f 1046/1/4 317/1/4 1048/1/4
f 1048/1/4 317/1/4 347/1/4
f 321/1/4 1047/1/4 323/1/4
f 323/1/4 1047/1/4 377/1/4
f 336/1/4 306/1/4 333/1/4
f 333/1/4 306/1/4 362/1/4
f 1048/1/4 831/1/4 1049/1/4
f 1049/1/4 831/1/4 830/1/4
f 1049/1/4 344/1/4 370/1/4
f 370/1/4 344/1/4 1023/1/4
f 485/8/4 488/8/4 486/8/4
f 486/8/4 488/8/4 487/8/4
f 82/9/4 544/9/4 79/9/4
f 79/9/4 544/9/4 543/9/4
f 152/9/4 554/9/4 150/9/4
f 150/9/4 554/9/4 599/9/4
f 151/9/4 602/9/4 165/9/4
f 165/9/4 602/9/4 615/9/4
f 486/9/4 487/9/4 727/9/4
f 727/9/4 487/9/4 728/9/4
f 727/8/4 728/8/4 757/8/4
f 757/8/4 728/8/4 758/8/4
f 8/8/4 3/8/4 5/8/4
f 5/8/4 3/8/4 2/8/4
f 477/8/4 484/8/4 478/8/4
f 478/8/4 484/8/4 483/8/4
f 156/9/4 79/9/4 153/9/4
f 153/9/4 79/9/4 151/9/4
f 5/9/4 2/9/4 218/9/4
f 218/9/4 2/9/4 217/9/4
f 478/9/4 483/9/4 725/9/4
f 725/9/4 483/9/4 726/9/4
f 218/8/4 217/8/4 246/8/4
f 246/8/4 217/8/4 245/8/4
f 725/8/4 726/8/4 755/8/4
f 755/8/4 726/8/4 756/8/4
f 16/8/4 7/8/4 13/8/4
f 13/8/4 7/8/4 6/8/4
f 473/8/4 476/8/4 474/8/4
f 474/8/4 476/8/4 475/8/4
f 13/9/4 6/9/4 220/9/4
f 220/9/4 6/9/4 219/9/4
f 474/9/4 475/9/4 723/9/4
f 723/9/4 475/9/4 724/9/4
f 220/8/4 219/8/4 248/8/4
f 248/8/4 219/8/4 247/8/4
f 723/8/4 724/8/4 753/8/4
f 753/8/4 724/8/4 754/8/4
f 20/8/4 15/8/4 17/8/4
f 17/8/4 15/8/4 14/8/4
f 469/8/4 472/8/4 470/8/4
f 470/8/4 472/8/4 471/8/4
f 17/9/4 14/9/4 222/9/4
f 222/9/4 14/9/4 221/9/4
f 470/9/4 471/9/4 721/9/4
f 721/9/4 471/9/4 722/9/4
f 222/8/4 221/8/4 250/8/4
f 250/8/4 221/8/4 249/8/4
f 721/8/4 722/8/4 751/8/4
f 751/8/4 722/8/4 752/8/4
f 24/8/4 19/8/4 21/8/4
f 21/8/4 19/8/4 18/8/4
f 21/9/4 18/9/4 224/9/4
f 224/9/4 18/9/4 223/9/4
f 224/8/4 223/8/4 252/8/4
f 252/8/4 223/8/4 251/8/4
f 28/8/4 23/8/4 25/8/4
f 25/8/4 23/8/4 22/8/4
f 25/9/4 22/9/4 228/9/4
f 228/9/4 22/9/4 225/9/4
f 228/8/4 225/8/4 254/8/4
f 254/8/4 225/8/4 253/8/4
f 739/8/5 740/8/5 738/8/5
f 738/8/5 740/8/5 240/8/5
f 741/8/5 742/8/5 241/8/5
f 241/8/5 742/8/5 244/8/5
f 743/8/5 247/8/5 245/8/5
f 245/8/5 247/8/5 246/8/5
f 69/4/5 60/4/5 70/4/5
f 70/4/5 60/4/5 59/4/5
f 105/4/5 84/4/5 106/4/5
f 106/4/5 84/4/5 83/4/5
f 427/4/5 112/4/5 428/4/5
f 428/4/5 112/4/5 111/4/5
f 745/8/5 249/8/5 744/8/5
f 744/8/5 249/8/5 248/8/5
f 747/8/5 251/8/5 746/8/5
f 746/8/5 251/8/5 250/8/5
f 749/8/5 253/8/5 748/8/5
f 748/8/5 253/8/5 252/8/5
f 256/8/5 255/8/5 253/8/5
f 253/8/5 255/8/5 254/8/5
f 258/8/5 257/8/5 750/8/5
f 750/8/5 257/8/5 253/8/5
f 260/8/5 259/8/5 752/8/5
f 752/8/5 259/8/5 751/8/5
f 73/6/5 64/6/5 74/6/5
f 74/6/5 64/6/5 63/6/5
f 109/6/5 88/6/5 110/6/5
f 110/6/5 88/6/5 87/6/5
f 433/6/5 116/6/5 434/6/5
f 434/6/5 116/6/5 115/6/5
f 262/8/5 261/8/5 754/8/5
f 754/8/5 261/8/5 753/8/5
f 264/8/5 1050/8/5 758/8/5
f 758/8/5 1050/8/5 757/8/5
f 1050/8/5 263/8/5 756/8/5
f 756/8/5 263/8/5 755/8/5
f 266/8/5 265/8/5 760/8/5
f 760/8/5 265/8/5 759/8/5
f 763/8/5 267/8/5 762/8/5
f 762/8/5 267/8/5 761/8/5
f 672/9/5 201/9/5 670/9/5
f 670/9/5 201/9/5 200/9/5
f 1051/9/5 681/9/5 673/9/5
f 673/9/5 681/9/5 672/9/5
f 502/3/5 503/3/5 499/3/5
f 499/3/5 503/3/5 528/3/5
f 623/3/5 626/3/5 620/3/5
f 620/3/5 626/3/5 625/3/5
f 773/3/5 780/3/5 770/3/5
f 770/3/5 780/3/5 779/3/5
f 529/3/5 536/3/5 527/3/5
f 527/3/5 536/3/5 535/3/5
f 627/3/5 634/3/5 624/3/5
f 624/3/5 634/3/5 633/3/5
f 781/3/5 788/3/5 778/3/5
f 778/3/5 788/3/5 787/3/5
f 537/3/5 574/3/5 534/3/5
f 534/3/5 574/3/5 573/3/5
f 635/3/5 700/3/5 632/3/5
f 632/3/5 700/3/5 699/3/5
f 789/3/5 812/3/5 786/3/5
f 786/3/5 812/3/5 811/3/5
f 849/3/5 1052/3/5 846/3/5
f 846/3/5 1052/3/5 1017/3/5
f 77/1/5 511/1/5 78/1/5
f 78/1/5 511/1/5 539/1/5
f 121/1/5 558/1/5 122/1/5
f 122/1/5 558/1/5 557/1/5
f 140/1/5 591/1/5 141/1/5
f 141/1/5 591/1/5 590/1/5
f 172/1/5 630/1/5 173/1/5
f 173/1/5 630/1/5 629/1/5
f 198/1/5 668/1/5 199/1/5
f 199/1/5 668/1/5 667/1/5
f 214/1/5 704/1/5 215/1/5
f 215/1/5 704/1/5 703/1/5
f 274/1/5 776/1/5 275/1/5
f 275/1/5 776/1/5 775/1/5
f 278/1/5 794/1/5 279/1/5
f 279/1/5 794/1/5 793/1/5
f 319/1/5 808/1/5 320/1/5
f 320/1/5 808/1/5 807/1/5
f 346/1/5 832/1/5 347/1/5
f 347/1/5 832/1/5 831/1/5
f 373/1/5 371/1/5 1023/1/5
f 1023/1/5 371/1/5 370/1/5
f 646/1/5 1053/1/5 643/1/5
f 643/1/5 1053/1/5 1054/1/5
f 686/1/5 687/1/5 683/1/5
f 683/1/5 687/1/5 682/1/5
f 595/1/5 143/1/5 593/1/5
f 593/1/5 143/1/5 142/1/5
f 506/3/5 1055/3/5 503/3/5
f 503/3/5 1055/3/5 835/3/5
f 852/3/5 1056/3/5 850/3/5
f 850/3/5 1056/3/5 1052/3/5
f 549/1/5 92/1/5 547/1/5
f 547/1/5 92/1/5 91/1/5
f 596/8/5 146/8/5 595/8/5
f 595/8/5 146/8/5 143/8/5
f 884/1/5 394/1/5 882/1/5
f 882/1/5 394/1/5 393/1/5
f 510/3/5 836/3/5 507/3/5
f 507/3/5 836/3/5 1055/3/5
f 856/3/5 868/3/5 853/3/5
f 853/3/5 868/3/5 1056/3/5
f 1057/9/5 689/9/5 1058/9/5
f 1058/9/5 689/9/5 688/9/5
f 550/8/5 95/8/5 549/8/5
f 549/8/5 95/8/5 92/8/5
f 598/1/5 148/1/5 596/1/5
f 596/1/5 148/1/5 146/1/5
f 885/8/5 397/8/5 884/8/5
f 884/8/5 397/8/5 394/8/5
f 905/1/5 412/1/5 902/1/5
f 902/1/5 412/1/5 411/1/5
f 302/1/5 802/1/5 329/1/5
f 329/1/5 802/1/5 821/1/5
f 355/1/5 349/1/5 997/1/5
f 997/1/5 349/1/5 348/1/5
f 293/1/5 515/1/5 294/1/5
f 294/1/5 515/1/5 514/1/5
f 378/1/5 860/1/5 376/1/5
f 376/1/5 860/1/5 859/1/5
f 654/1/5 1059/1/5 651/1/5
f 651/1/5 1059/1/5 1060/1/5
f 694/1/5 695/1/5 691/1/5
f 691/1/5 695/1/5 690/1/5
f 552/1/5 97/1/5 550/1/5
f 550/1/5 97/1/5 95/1/5
f 887/1/5 399/1/5 885/1/5
f 885/1/5 399/1/5 397/1/5
f 353/1/5 324/1/5 377/1/5
f 377/1/5 324/1/5 323/1/5
f 676/9/5 677/9/5 1061/9/5
f 1061/9/5 677/9/5 696/9/5
f 798/1/5 281/1/5 796/1/5
f 796/1/5 281/1/5 280/1/5
f 697/9/5 211/9/5 680/9/5
f 680/9/5 211/9/5 210/9/5
f 207/9/5 204/9/5 201/9/5
f 201/9/5 204/9/5 203/9/5
f 799/8/5 284/8/5 798/8/5
f 798/8/5 284/8/5 281/8/5
f 679/9/5 208/9/5 677/9/5
f 677/9/5 208/9/5 207/9/5
f 337/8/5 823/8/5 328/8/5
f 328/8/5 823/8/5 822/8/5
f 308/1/5 519/1/5 309/1/5
f 309/1/5 519/1/5 518/1/5
f 383/1/5 864/1/5 381/1/5
f 381/1/5 864/1/5 863/1/5
f 1062/1/5 334/1/5 362/1/5
f 362/1/5 334/1/5 333/1/5
f 843/1/5 935/1/5 840/1/5
f 840/1/5 935/1/5 997/1/5
f 801/1/5 286/1/5 799/1/5
f 799/1/5 286/1/5 284/1/5
f 339/1/5 824/1/5 303/1/5
f 303/1/5 824/1/5 805/1/5
f 935/1/5 1063/1/5 356/1/5
f 356/1/5 1063/1/5 839/1/5
f 1063/1/5 358/1/5 838/1/5
f 838/1/5 358/1/5 349/1/5
f 1064/8/5 340/8/5 1062/8/5
f 1062/8/5 340/8/5 334/8/5
f 361/1/5 342/1/5 1064/1/5
f 1064/1/5 342/1/5 340/1/5
f 157/1/5 611/1/5 176/1/5
f 176/1/5 611/1/5 637/1/5
f 190/1/5 188/1/5 995/1/5
f 995/1/5 188/1/5 187/1/5
f 125/1/5 566/1/5 126/1/5
f 126/1/5 566/1/5 565/1/5
f 364/1/5 601/1/5 365/1/5
f 365/1/5 601/1/5 600/1/5
f 602/9/5 151/9/5 599/9/5
f 599/9/5 151/9/5 150/9/5
f 1065/1/5 178/1/5 195/1/5
f 195/1/5 178/1/5 177/1/5
f 101/1/5 523/1/5 102/1/5
f 102/1/5 523/1/5 522/1/5
f 386/1/5 872/1/5 384/1/5
f 384/1/5 872/1/5 867/1/5
f 662/1/5 191/1/5 659/1/5
f 659/1/5 191/1/5 995/1/5
f 129/1/5 570/1/5 130/1/5
f 130/1/5 570/1/5 569/1/5
f 192/8/5 664/8/5 175/8/5
f 175/8/5 664/8/5 638/8/5
f 909/9/5 414/9/5 906/9/5
f 906/9/5 414/9/5 413/9/5
f 915/9/5 420/9/5 912/9/5
f 912/9/5 420/9/5 419/9/5
f 581/1/5 132/1/5 578/1/5
f 578/1/5 132/1/5 131/1/5
f 665/1/5 193/1/5 663/1/5
f 663/1/5 193/1/5 188/1/5
f 194/8/5 181/8/5 1065/8/5
f 1065/8/5 181/8/5 178/8/5
f 871/7/5 387/7/5 1017/7/5
f 1017/7/5 387/7/5 1023/7/5
f 606/9/5 616/9/5 603/9/5
f 603/9/5 616/9/5 602/9/5
f 526/1/5 56/1/5 511/1/5
f 511/1/5 56/1/5 55/1/5
f 875/1/5 390/1/5 857/1/5
f 857/1/5 390/1/5 371/1/5
f 617/9/5 166/9/5 615/9/5
f 615/9/5 166/9/5 165/9/5
f 167/9/5 154/9/5 151/9/5
f 151/9/5 154/9/5 153/9/5
f 445/8/6 444/8/6 448/8/6
f 448/8/6 444/8/6 243/8/6
f 449/8/6 242/8/6 452/8/6
f 452/8/6 242/8/6 4/8/6
f 453/8/6 3/8/6 7/8/6
f 7/8/6 3/8/6 8/8/6
f 920/2/6 919/2/6 11/2/6
f 11/2/6 919/2/6 12/2/6
f 10/4/6 9/4/6 61/4/6
f 61/4/6 9/4/6 62/4/6
f 68/4/6 67/4/6 85/4/6
f 85/4/6 67/4/6 86/4/6
f 104/4/6 103/4/6 113/4/6
f 113/4/6 103/4/6 114/4/6
f 457/8/6 456/8/6 15/8/6
f 15/8/6 456/8/6 16/8/6
f 461/8/6 460/8/6 19/8/6
f 19/8/6 460/8/6 20/8/6
f 465/8/6 464/8/6 23/8/6
f 23/8/6 464/8/6 24/8/6
f 32/8/6 23/8/6 27/8/6
f 27/8/6 23/8/6 28/8/6
f 36/8/6 468/8/6 31/8/6
f 31/8/6 468/8/6 23/8/6
f 46/8/6 472/8/6 35/8/6
f 35/8/6 472/8/6 469/8/6
f 481/5/6 920/5/6 39/5/6
f 39/5/6 920/5/6 11/5/6
f 925/2/6 481/2/6 42/2/6
f 42/2/6 481/2/6 39/2/6
f 41/6/6 38/6/6 65/6/6
f 65/6/6 38/6/6 66/6/6
f 72/6/6 71/6/6 89/6/6
f 89/6/6 71/6/6 90/6/6
f 108/6/6 107/6/6 117/6/6
f 117/6/6 107/6/6 118/6/6
f 50/8/6 476/8/6 45/8/6
f 45/8/6 476/8/6 473/8/6
f 54/8/6 488/8/6 1066/8/6
f 1066/8/6 488/8/6 485/8/6
f 1066/8/6 484/8/6 49/8/6
f 49/8/6 484/8/6 477/8/6
f 269/8/6 492/8/6 53/8/6
f 53/8/6 492/8/6 489/8/6
f 497/8/6 496/8/6 268/8/6
f 268/8/6 496/8/6 493/8/6
f 929/9/6 928/9/6 437/9/6
f 437/9/6 928/9/6 438/9/6
f 639/9/6 671/9/6 183/9/6
f 183/9/6 671/9/6 202/9/6
f 1054/9/6 674/9/6 642/9/6
f 642/9/6 674/9/6 639/9/6
f 622/3/6 621/3/6 610/3/6
f 610/3/6 621/3/6 607/3/6
f 772/3/6 771/3/6 767/3/6
f 767/3/6 771/3/6 764/3/6
f 848/3/6 847/3/6 829/3/6
f 829/3/6 847/3/6 826/3/6
f 609/3/6 608/3/6 588/3/6
f 588/3/6 608/3/6 585/3/6
f 766/3/6 765/3/6 737/3/6
f 737/3/6 765/3/6 734/3/6
f 828/3/6 827/3/6 819/3/6
f 819/3/6 827/3/6 816/3/6
f 501/3/6 500/3/6 1067/3/6
f 1067/3/6 500/3/6 1004/3/6
f 587/3/6 586/3/6 575/3/6
f 575/3/6 586/3/6 572/3/6
f 736/3/6 735/3/6 701/3/6
f 701/3/6 735/3/6 698/3/6
f 818/3/6 817/3/6 813/3/6
f 813/3/6 817/3/6 810/3/6
f 76/1/6 75/1/6 540/1/6
f 540/1/6 75/1/6 538/1/6
f 120/1/6 119/1/6 559/1/6
f 559/1/6 119/1/6 556/1/6
f 139/1/6 138/1/6 592/1/6
f 592/1/6 138/1/6 589/1/6
f 171/1/6 170/1/6 631/1/6
f 631/1/6 170/1/6 628/1/6
f 197/1/6 196/1/6 669/1/6
f 669/1/6 196/1/6 666/1/6
f 213/1/6 212/1/6 705/1/6
f 705/1/6 212/1/6 702/1/6
f 273/1/6 272/1/6 777/1/6
f 777/1/6 272/1/6 774/1/6
f 277/1/6 276/1/6 795/1/6
f 795/1/6 276/1/6 792/1/6
f 318/1/6 317/1/6 809/1/6
f 809/1/6 317/1/6 806/1/6
f 345/1/6 344/1/6 833/1/6
f 833/1/6 344/1/6 830/1/6
f 375/1/6 1022/1/6 58/1/6
f 58/1/6 1022/1/6 372/1/6
f 685/1/6 684/1/6 1058/1/6
f 1058/1/6 684/1/6 1051/1/6
f 645/1/6 644/1/6 648/1/6
f 648/1/6 644/1/6 641/1/6
f 561/1/6 594/1/6 144/1/6
f 144/1/6 594/1/6 145/1/6
f 505/3/6 504/3/6 1068/3/6
f 1068/3/6 504/3/6 1067/3/6
f 851/3/6 829/3/6 1069/3/6
f 1069/3/6 829/3/6 834/3/6
f 531/1/6 548/1/6 93/1/6
f 93/1/6 548/1/6 94/1/6
f 562/8/6 561/8/6 147/8/6
f 147/8/6 561/8/6 144/8/6
f 877/1/6 883/1/6 395/1/6
f 395/1/6 883/1/6 396/1/6
f 509/3/6 508/3/6 869/3/6
f 869/3/6 508/3/6 1068/3/6
f 855/3/6 854/3/6 837/3/6
f 837/3/6 854/3/6 1069/3/6
f 1060/9/6 1053/9/6 650/9/6
f 650/9/6 1053/9/6 647/9/6
f 532/8/6 531/8/6 96/8/6
f 96/8/6 531/8/6 93/8/6
f 597/1/6 562/1/6 149/1/6
f 149/1/6 562/1/6 147/1/6
f 878/8/6 877/8/6 398/8/6
f 398/8/6 877/8/6 395/8/6
f 892/1/6 891/1/6 405/1/6
f 405/1/6 891/1/6 406/1/6
f 328/1/6 327/1/6 822/1/6
f 822/1/6 327/1/6 820/1/6
f 933/9/6 932/9/6 441/9/6
f 441/9/6 932/9/6 442/9/6
f 305/1/6 1070/1/6 313/1/6
f 313/1/6 1070/1/6 350/1/6
f 297/1/6 290/1/6 516/1/6
f 516/1/6 290/1/6 513/1/6
f 380/1/6 351/1/6 861/1/6
f 861/1/6 351/1/6 858/1/6
f 693/1/6 692/1/6 1061/1/6
f 1061/1/6 692/1/6 1057/1/6
f 653/1/6 652/1/6 656/1/6
f 656/1/6 652/1/6 649/1/6
f 551/1/6 532/1/6 98/1/6
f 98/1/6 532/1/6 96/1/6
f 886/1/6 878/1/6 400/1/6
f 400/1/6 878/1/6 398/1/6
f 382/1/6 288/1/6 300/1/6
f 300/1/6 288/1/6 301/1/6
f 675/9/6 1059/9/6 658/9/6
f 658/9/6 1059/9/6 655/9/6
f 783/1/6 797/1/6 282/1/6
f 282/1/6 797/1/6 283/1/6
f 657/9/6 640/9/6 185/9/6
f 185/9/6 640/9/6 186/9/6
f 184/9/6 183/9/6 205/9/6
f 205/9/6 183/9/6 206/9/6
f 784/8/6 783/8/6 285/8/6
f 285/8/6 783/8/6 282/8/6
f 678/9/6 658/9/6 209/9/6
f 209/9/6 658/9/6 184/9/6
f 303/8/6 302/8/6 805/8/6
f 805/8/6 302/8/6 802/8/6
f 316/1/6 296/1/6 520/1/6
f 520/1/6 296/1/6 517/1/6
f 385/1/6 359/1/6 865/1/6
f 865/1/6 359/1/6 862/1/6
f 307/1/6 306/1/6 335/1/6
f 335/1/6 306/1/6 336/1/6
f 842/1/6 841/1/6 1071/1/6
f 1071/1/6 841/1/6 1070/1/6
f 800/1/6 784/1/6 287/1/6
f 287/1/6 784/1/6 285/1/6
f 1071/1/6 304/1/6 1072/1/6
f 1072/1/6 304/1/6 804/1/6
f 338/1/6 337/1/6 825/1/6
f 825/1/6 337/1/6 823/1/6
f 1072/1/6 803/1/6 312/1/6
f 312/1/6 803/1/6 313/1/6
f 1073/8/6 307/8/6 341/8/6
f 341/8/6 307/8/6 335/8/6
f 314/1/6 1073/1/6 343/1/6
f 343/1/6 1073/1/6 341/1/6
f 175/1/6 174/1/6 638/1/6
f 638/1/6 174/1/6 636/1/6
f 160/1/6 1074/1/6 164/1/6
f 164/1/6 1074/1/6 189/1/6
f 367/1/6 99/1/6 555/1/6
f 555/1/6 99/1/6 553/1/6
f 124/1/6 123/1/6 567/1/6
f 567/1/6 123/1/6 564/1/6
f 543/9/6 554/9/6 79/9/6
f 79/9/6 554/9/6 152/9/6
f 1075/1/6 161/1/6 179/1/6
f 179/1/6 161/1/6 180/1/6
f 389/1/6 315/1/6 524/1/6
f 524/1/6 315/1/6 521/1/6
f 366/1/6 360/1/6 873/1/6
f 873/1/6 360/1/6 866/1/6
f 661/1/6 660/1/6 159/1/6
f 159/1/6 660/1/6 1074/1/6
f 128/1/6 127/1/6 571/1/6
f 571/1/6 127/1/6 568/1/6
f 158/8/6 157/8/6 614/8/6
f 614/8/6 157/8/6 611/8/6
f 908/9/6 907/9/6 415/9/6
f 415/9/6 907/9/6 416/9/6
f 914/9/6 913/9/6 421/9/6
f 421/9/6 913/9/6 422/9/6
f 580/1/6 579/1/6 133/1/6
f 133/1/6 579/1/6 134/1/6
f 613/1/6 612/1/6 163/1/6
f 163/1/6 612/1/6 164/1/6
f 162/8/6 1075/8/6 182/8/6
f 182/8/6 1075/8/6 179/8/6
f 870/7/6 1004/7/6 388/7/6
f 388/7/6 1004/7/6 1022/7/6
f 605/9/6 604/9/6 546/9/6
f 546/9/6 604/9/6 543/9/6
f 525/1/6 512/1/6 57/1/6
f 57/1/6 512/1/6 58/1/6
f 874/1/6 833/1/6 391/1/6
f 391/1/6 833/1/6 392/1/6
f 545/9/6 544/9/6 81/9/6
f 81/9/6 544/9/6 82/9/6
f 80/9/6 79/9/6 155/9/6
f 155/9/6 79/9/6 156/9/6
f 56/1/1 1076/1/1 57/1/1
f 57/1/1 1076/1/1 1077/1/1
f 1078/1/1 1079/1/1 1081/1/1
f 1081/1/1 1079/1/1 1080/1/1
f 1079/8/1 1082/8/1 1080/8/1
f 1080/8/1 1082/8/1 1083/8/1
f 1082/1/1 1084/1/1 1083/1/1
f 1083/1/1 1084/1/1 1085/1/1
f 1086/9/1 1087/9/1 1089/9/1
f 1089/9/1 1087/9/1 1088/9/1
f 1090/7/1 1091/7/1 1093/7/1
f 1093/7/1 1091/7/1 1092/7/1
f 1094/7/1 1095/7/1 388/7/1
f 388/7/1 1095/7/1 1096/7/1
f 129/1/1 1097/1/1 938/1/1
f 938/1/1 1097/1/1 1098/1/1
f 1099/1/1 1100/1/1 133/1/1
f 133/1/1 1100/1/1 1101/1/1
f 1102/7/1 1103/7/1 1105/7/1
f 1105/7/1 1103/7/1 1104/7/1
f 1106/7/1 1107/7/1 1109/7/1
f 1109/7/1 1107/7/1 1108/7/1
f 1110/7/1 1111/7/1 1107/7/1
f 1107/7/1 1111/7/1 1112/7/1
f 1113/8/1 1114/8/1 1099/8/1
f 1099/8/1 1114/8/1 1115/8/1
f 1116/7/1 1117/7/1 1119/7/1
f 1119/7/1 1117/7/1 1118/7/1
f 1120/1/1 1121/1/1 1123/1/1
f 1123/1/1 1121/1/1 1122/1/1
f 1121/8/1 1124/8/1 1122/8/1
f 1122/8/1 1124/8/1 1125/8/1
f 1126/7/1 1127/7/1 1129/7/1
f 1129/7/1 1127/7/1 1128/7/1
f 1130/1/1 1131/1/1 1097/1/1
f 1097/1/1 1131/1/1 1132/1/1
f 1124/1/1 1133/1/1 1125/1/1
f 1125/1/1 1133/1/1 1134/1/1
f 1135/7/1 1136/7/1 1138/7/1
f 1138/7/1 1136/7/1 1137/7/1
f 940/1/1 1139/1/1 128/1/1
f 128/1/1 1139/1/1 1130/1/1
f 132/1/1 1140/1/1 1113/1/1
f 1113/1/1 1140/1/1 1141/1/1
f 167/9/1 1142/9/1 80/9/1
f 80/9/1 1142/9/1 1143/9/1
f 1144/9/1 1145/9/1 1146/9/1
f 1146/9/1 1145/9/1 1086/9/1
f 1147/9/1 1148/9/1 1150/9/1
f 1150/9/1 1148/9/1 1149/9/1
f 1151/9/1 1152/9/1 1087/9/1
f 1087/9/1 1152/9/1 1153/9/1
f 1154/7/1 1155/7/1 1157/7/1
f 1157/7/1 1155/7/1 1156/7/1
f 158/1/1 1158/1/1 159/1/1
f 159/1/1 1158/1/1 1159/1/1
f 162/1/1 1160/1/1 163/1/1
f 163/1/1 1160/1/1 1161/1/1
f 1162/9/1 1163/9/1 1145/9/1
f 1145/9/1 1163/9/1 1151/9/1
f 1164/7/1 1165/7/1 1167/7/1
f 1167/7/1 1165/7/1 1166/7/1
f 181/1/1 1168/1/1 182/1/1
f 182/1/1 1168/1/1 1169/1/1
f 1170/1/1 1171/1/1 1158/1/1
f 1158/1/1 1171/1/1 1172/1/1
f 191/1/1 1173/1/1 192/1/1
f 192/1/1 1173/1/1 1170/1/1
f 193/1/1 1174/1/1 194/1/1
f 194/1/1 1174/1/1 1175/1/1
f 1174/1/1 1176/1/1 1177/1/1
f 1177/1/1 1176/1/1 1160/1/1
f 1178/1/1 1179/1/1 1181/1/1
f 1181/1/1 1179/1/1 1180/1/1
f 1179/8/1 1182/8/1 1180/8/1
f 1180/8/1 1182/8/1 1183/8/1
f 1182/1/1 1184/1/1 1183/1/1
f 1183/1/1 1184/1/1 1185/1/1
f 1186/7/1 1187/7/1 1189/7/1
f 1189/7/1 1187/7/1 1188/7/1
f 1190/1/1 1191/1/1 1193/1/1
f 1193/1/1 1191/1/1 1192/1/1
f 1194/1/1 1195/1/1 1197/1/1
f 1197/1/1 1195/1/1 1196/1/1
f 1198/7/1 1199/7/1 1201/7/1
f 1201/7/1 1199/7/1 1200/7/1
f 1199/7/1 1202/7/1 1204/7/1
f 1204/7/1 1202/7/1 1203/7/1
f 1202/7/1 1205/7/1 1206/7/1
f 1206/7/1 1205/7/1 1103/7/1
f 1205/7/1 1207/7/1 1209/7/1
f 1209/7/1 1207/7/1 1208/7/1
f 1207/7/1 1210/7/1 1212/7/1
f 1212/7/1 1210/7/1 1211/7/1
f 1213/7/1 1214/7/1 1216/7/1
f 1216/7/1 1214/7/1 1215/7/1
f 1217/1/1 1218/1/1 1220/1/1
f 1220/1/1 1218/1/1 1219/1/1
f 1221/1/1 1222/1/1 1224/1/1
f 1224/1/1 1222/1/1 1223/1/1
f 1225/1/1 1226/1/1 1227/1/1
f 1227/1/1 1226/1/1 1190/1/1
f 1228/8/1 1229/8/1 1194/8/1
f 1194/8/1 1229/8/1 1230/8/1
f 1231/1/1 1232/1/1 1191/1/1
f 1191/1/1 1232/1/1 1233/1/1
f 1234/1/1 1235/1/1 1236/1/1
f 1236/1/1 1235/1/1 1197/1/1
f 1237/1/1 1238/1/1 1239/1/1
f 1239/1/1 1238/1/1 1224/1/1
f 1240/1/1 1241/1/1 1226/1/1
f 1226/1/1 1241/1/1 1231/1/1
f 1235/1/1 1242/1/1 1228/1/1
f 1228/1/1 1242/1/1 1229/1/1
f 1238/8/1 1243/8/1 1221/8/1
f 1221/8/1 1243/8/1 1244/8/1
f 1242/1/1 1245/1/1 1230/1/1
f 1230/1/1 1245/1/1 1195/1/1
f 1243/1/1 1246/1/1 1244/1/1
f 1244/1/1 1246/1/1 1222/1/1
f 1247/7/1 1248/7/1 1250/7/1
f 1250/7/1 1248/7/1 1249/7/1
f 1251/1/1 1252/1/1 1253/1/1
f 1253/1/1 1252/1/1 1217/1/1
f 1254/1/1 1255/1/1 1257/1/1
f 1257/1/1 1255/1/1 1256/1/1
f 1258/1/1 1259/1/1 1218/1/1
f 1218/1/1 1259/1/1 1260/1/1
f 1261/1/1 1262/1/1 1264/1/1
f 1264/1/1 1262/1/1 1263/1/1
f 1265/1/1 1266/1/1 1252/1/1
f 1252/1/1 1266/1/1 1258/1/1
f 1267/1/1 1268/1/1 1270/1/1
f 1270/1/1 1268/1/1 1269/1/1
f 1268/8/1 1271/8/1 1269/8/1
f 1269/8/1 1271/8/1 1272/8/1
f 1273/7/1 1274/7/1 1276/7/1
f 1276/7/1 1274/7/1 1275/7/1
f 1271/1/1 1277/1/1 1272/1/1
f 1272/1/1 1277/1/1 1278/1/1
f 1279/7/1 1280/7/1 1282/7/1
f 1282/7/1 1280/7/1 1281/7/1
f 1283/1/1 1284/1/1 1285/1/1
f 1285/1/1 1284/1/1 1254/1/1
f 1286/1/1 1287/1/1 1289/1/1
f 1289/1/1 1287/1/1 1288/1/1
f 1290/8/1 1291/8/1 1261/8/1
f 1261/8/1 1291/8/1 1292/8/1
f 1293/1/1 1294/1/1 1255/1/1
f 1255/1/1 1294/1/1 1295/1/1
f 1296/1/1 1297/1/1 1298/1/1
f 1298/1/1 1297/1/1 1264/1/1
f 1299/1/1 1300/1/1 1284/1/1
f 1284/1/1 1300/1/1 1293/1/1
f 1297/1/1 1301/1/1 1290/1/1
f 1290/1/1 1301/1/1 1291/1/1
f 1301/1/1 1302/1/1 1292/1/1
f 1292/1/1 1302/1/1 1262/1/1
f 1303/1/1 1304/1/1 1306/1/1
f 1306/1/1 1304/1/1 1305/1/1
f 1304/8/1 1307/8/1 1305/8/1
f 1305/8/1 1307/8/1 1308/8/1
f 1307/1/1 1309/1/1 1308/1/1
f 1308/1/1 1309/1/1 1310/1/1
f 1311/7/1 1312/7/1 1314/7/1
f 1314/7/1 1312/7/1 1313/7/1
f 1315/1/1 1316/1/1 1317/1/1
f 1317/1/1 1316/1/1 1286/1/1
f 1318/8/1 1319/8/1 1321/8/1
f 1321/8/1 1319/8/1 1320/8/1
f 1322/1/1 1323/1/1 1287/1/1
f 1287/1/1 1323/1/1 1324/1/1
f 1325/1/1 1326/1/1 1327/1/1
f 1327/1/1 1326/1/1 1321/1/1
f 1328/1/1 1329/1/1 1331/1/1
f 1331/1/1 1329/1/1 1330/1/1
f 1332/1/1 1333/1/1 1316/1/1
f 1316/1/1 1333/1/1 1322/1/1
f 1326/1/1 1334/1/1 1318/1/1
f 1318/1/1 1334/1/1 1319/1/1
f 1329/8/1 1335/8/1 1330/8/1
f 1330/8/1 1335/8/1 1336/8/1
f 1334/1/1 1337/1/1 1320/1/1
f 1320/1/1 1337/1/1 1338/1/1
f 1335/1/1 1339/1/1 1336/1/1
f 1336/1/1 1339/1/1 1340/1/1
f 1341/7/1 1342/7/1 1344/7/1
f 1344/7/1 1342/7/1 1343/7/1
f 1345/7/1 1346/7/1 1348/7/1
f 1348/7/1 1346/7/1 1347/7/1
f 387/7/1 1349/7/1 1351/7/1
f 1351/7/1 1349/7/1 1350/7/1
f 1352/7/1 1353/7/1 1355/7/1
f 1355/7/1 1353/7/1 1354/7/1
f 1356/7/1 1357/7/1 1358/7/1
f 1358/7/1 1357/7/1 1342/7/1
f 1357/7/1 1359/7/1 1360/7/1
f 1360/7/1 1359/7/1 1107/7/1
f 390/1/1 1361/1/1 391/1/1
f 391/1/1 1361/1/1 1362/1/1
f 1361/1/1 1363/1/1 1364/1/1
f 1364/1/1 1363/1/1 1076/1/1
f 1365/1/1 1366/1/1 1368/1/1
f 1368/1/1 1366/1/1 1367/1/1
f 1369/1/1 1370/1/1 1372/1/1
f 1372/1/1 1370/1/1 1371/1/1
f 1373/1/1 1374/1/1 1375/1/1
f 1375/1/1 1374/1/1 1365/1/1
f 1376/8/1 1377/8/1 1369/8/1
f 1369/8/1 1377/8/1 1378/8/1
f 1379/1/1 1380/1/1 1366/1/1
f 1366/1/1 1380/1/1 1381/1/1
f 1382/1/1 1383/1/1 1384/1/1
f 1384/1/1 1383/1/1 1372/1/1
f 1385/1/1 1386/1/1 1374/1/1
f 1374/1/1 1386/1/1 1379/1/1
f 1383/1/1 1387/1/1 1376/1/1
f 1376/1/1 1387/1/1 1377/1/1
f 1387/1/1 1388/1/1 1378/1/1
f 1378/1/1 1388/1/1 1370/1/1
f 415/9/1 1389/9/1 1391/9/1
f 1391/9/1 1389/9/1 1390/9/1
f 1392/9/1 1393/9/1 1395/9/1
f 1395/9/1 1393/9/1 1394/9/1
f 1396/9/1 1397/9/1 1389/9/1
f 1389/9/1 1397/9/1 1398/9/1
f 1399/9/1 1400/9/1 414/9/1
f 414/9/1 1400/9/1 1396/9/1
f 421/9/1 1401/9/1 1403/9/1
f 1403/9/1 1401/9/1 1402/9/1
f 1404/9/1 1405/9/1 1407/9/1
f 1407/9/1 1405/9/1 1406/9/1
f 1408/9/1 1409/9/1 1401/9/1
f 1401/9/1 1409/9/1 1410/9/1
f 1411/9/1 1412/9/1 420/9/1
f 420/9/1 1412/9/1 1408/9/1
f 1413/9/1 1414/9/1 1416/9/1
f 1416/9/1 1414/9/1 1415/9/1
f 1417/8/2 1418/8/2 1420/8/2
f 1420/8/2 1418/8/2 1419/8/2
f 526/1/2 525/1/2 1422/1/2
f 1422/1/2 525/1/2 1421/1/2
f 1423/1/2 1417/1/2 1424/1/2
f 1424/1/2 1417/1/2 1420/1/2
f 1425/1/2 1426/1/2 1428/1/2
f 1428/1/2 1426/1/2 1427/1/2
f 1429/3/2 1430/3/2 1432/3/2
f 1432/3/2 1430/3/2 1431/3/2
f 1433/3/2 1434/3/2 1436/3/2
f 1436/3/2 1434/3/2 1435/3/2
f 1437/1/2 1438/1/2 1440/1/2
f 1440/1/2 1438/1/2 1439/1/2
f 1441/3/2 1442/3/2 1444/3/2
f 1444/3/2 1442/3/2 1443/3/2
f 1445/1/2 1446/1/2 1447/1/2
f 1447/1/2 1446/1/2 1418/1/2
f 1447/8/2 1423/8/2 1448/8/2
f 1448/8/2 1423/8/2 1424/8/2
f 1448/1/2 1419/1/2 1450/1/2
f 1450/1/2 1419/1/2 1449/1/2
f 1451/3/2 1436/3/2 1453/3/2
f 1453/3/2 1436/3/2 1452/3/2
f 1454/9/2 1455/9/2 1457/9/2
f 1457/9/2 1455/9/2 1456/9/2
f 1458/3/2 1459/3/2 1461/3/2
f 1461/3/2 1459/3/2 1460/3/2
f 1462/1/2 1440/1/2 1464/1/2
f 1464/1/2 1440/1/2 1463/1/2
f 962/9/2 546/9/2 1466/9/2
f 1466/9/2 546/9/2 1465/9/2
f 570/1/2 937/1/2 1468/1/2
f 1468/1/2 937/1/2 1467/1/2
f 1469/9/2 1470/9/2 1471/9/2
f 1471/9/2 1470/9/2 1454/9/2
f 1472/9/2 1457/9/2 1474/9/2
f 1474/9/2 1457/9/2 1473/9/2
f 1475/1/2 1476/1/2 1478/1/2
f 1478/1/2 1476/1/2 1477/1/2
f 965/9/2 964/9/2 1480/9/2
f 1480/9/2 964/9/2 1479/9/2
f 1481/9/2 1482/9/2 1484/9/2
f 1484/9/2 1482/9/2 1483/9/2
f 1485/1/2 1468/1/2 1487/1/2
f 1487/1/2 1468/1/2 1486/1/2
f 1488/9/2 1489/9/2 1491/9/2
f 1491/9/2 1489/9/2 1490/9/2
f 939/1/2 571/1/2 1492/1/2
f 1492/1/2 571/1/2 1485/1/2
f 581/1/2 580/1/2 1494/1/2
f 1494/1/2 580/1/2 1493/1/2
f 1495/7/2 1496/7/2 1498/7/2
f 1498/7/2 1496/7/2 1497/7/2
f 616/9/2 968/9/2 1500/9/2
f 1500/9/2 968/9/2 1499/9/2
f 1501/9/2 1502/9/2 1504/9/2
f 1504/9/2 1502/9/2 1503/9/2
f 1505/9/2 1506/9/2 1508/9/2
f 1508/9/2 1506/9/2 1507/9/2
f 1509/9/2 1510/9/2 1512/9/2
f 1512/9/2 1510/9/2 1511/9/2
f 1513/3/2 1514/3/2 1516/3/2
f 1516/3/2 1514/3/2 1515/3/2
f 1517/1/2 1518/1/2 1520/1/2
f 1520/1/2 1518/1/2 1519/1/2
f 614/1/2 613/1/2 1522/1/2
f 1522/1/2 613/1/2 1521/1/2
f 1523/9/2 1504/9/2 1524/9/2
f 1524/9/2 1504/9/2 1509/9/2
f 1525/3/2 1526/3/2 1528/3/2
f 1528/3/2 1526/3/2 1527/3/2
f 1529/3/2 1530/3/2 1532/3/2
f 1532/3/2 1530/3/2 1531/3/2
f 1533/8/2 1534/8/2 1536/8/2
f 1536/8/2 1534/8/2 1535/8/2
f 1537/3/2 1538/3/2 1540/3/2
f 1540/3/2 1538/3/2 1539/3/2
f 1541/1/2 1542/1/2 1544/1/2
f 1544/1/2 1542/1/2 1543/1/2
f 1545/1/2 1522/1/2 1547/1/2
f 1547/1/2 1522/1/2 1546/1/2
f 1548/1/2 1533/1/2 1549/1/2
f 1549/1/2 1533/1/2 1536/1/2
f 1550/3/2 1551/3/2 1553/3/2
f 1553/3/2 1551/3/2 1552/3/2
f 665/1/2 664/1/2 1554/1/2
f 1554/1/2 664/1/2 1545/1/2
f 662/1/2 661/1/2 1556/1/2
f 1556/1/2 661/1/2 1555/1/2
f 1557/1/2 1558/1/2 1559/1/2
f 1559/1/2 1558/1/2 1534/1/2
f 1559/8/2 1548/8/2 1560/8/2
f 1560/8/2 1548/8/2 1549/8/2
f 1560/1/2 1535/1/2 1561/1/2
f 1561/1/2 1535/1/2 1529/1/2
f 1562/1/2 1563/1/2 1565/1/2
f 1565/1/2 1563/1/2 1564/1/2
f 1566/1/2 1567/1/2 1569/1/2
f 1569/1/2 1567/1/2 1568/1/2
f 1570/7/2 1571/7/2 1573/7/2
f 1573/7/2 1571/7/2 1572/7/2
f 1574/1/2 1575/1/2 1577/1/2
f 1577/1/2 1575/1/2 1576/1/2
f 1578/1/2 1579/1/2 1581/1/2
f 1581/1/2 1579/1/2 1580/1/2
f 1582/3/2 1583/3/2 1585/3/2
f 1585/3/2 1583/3/2 1584/3/2
f 1586/1/2 1587/1/2 1588/1/2
f 1588/1/2 1587/1/2 1566/1/2
f 1589/1/2 1569/1/2 1591/1/2
f 1591/1/2 1569/1/2 1590/1/2
f 1592/3/2 1593/3/2 1595/3/2
f 1595/3/2 1593/3/2 1594/3/2
f 1596/1/2 1588/1/2 1597/1/2
f 1597/1/2 1588/1/2 1589/1/2
f 1598/1/2 1599/1/2 1601/1/2
f 1601/1/2 1599/1/2 1600/1/2
f 1602/3/2 1603/3/2 1605/3/2
f 1605/3/2 1603/3/2 1604/3/2
f 1606/1/2 1607/1/2 1609/1/2
f 1609/1/2 1607/1/2 1608/1/2
f 1610/1/2 1611/1/2 1612/1/2
f 1612/1/2 1611/1/2 1578/1/2
f 1613/1/2 1614/1/2 1616/1/2
f 1616/1/2 1614/1/2 1615/1/2
f 1617/1/2 1581/1/2 1619/1/2
f 1619/1/2 1581/1/2 1618/1/2
f 1620/3/2 1621/3/2 1623/3/2
f 1623/3/2 1621/3/2 1622/3/2
f 1624/1/2 1612/1/2 1625/1/2
f 1625/1/2 1612/1/2 1617/1/2
f 1626/8/2 1627/8/2 1629/8/2
f 1629/8/2 1627/8/2 1628/8/2
f 1630/3/2 1631/3/2 1633/3/2
f 1633/3/2 1631/3/2 1632/3/2
f 1634/1/2 1626/1/2 1635/1/2
f 1635/1/2 1626/1/2 1629/1/2
f 1636/1/2 1637/1/2 1639/1/2
f 1639/1/2 1637/1/2 1638/1/2
f 1640/1/2 1641/1/2 1643/1/2
f 1643/1/2 1641/1/2 1642/1/2
f 1644/1/2 1645/1/2 1646/1/2
f 1646/1/2 1645/1/2 1613/1/2
f 1647/1/2 1648/1/2 1649/1/2
f 1649/1/2 1648/1/2 1627/1/2
f 1650/1/2 1651/1/2 1653/1/2
f 1653/1/2 1651/1/2 1652/1/2
f 1649/8/2 1634/8/2 1654/8/2
f 1654/8/2 1634/8/2 1635/8/2
f 1655/1/2 1616/1/2 1657/1/2
f 1657/1/2 1616/1/2 1656/1/2
f 1654/1/2 1628/1/2 1659/1/2
f 1659/1/2 1628/1/2 1658/1/2
f 1660/1/2 1646/1/2 1661/1/2
f 1661/1/2 1646/1/2 1655/1/2
f 1662/1/2 1663/1/2 1665/1/2
f 1665/1/2 1663/1/2 1664/1/2
f 1666/8/2 1667/8/2 1669/8/2
f 1669/8/2 1667/8/2 1668/8/2
f 1670/1/2 1671/1/2 1673/1/2
f 1673/1/2 1671/1/2 1672/1/2
f 1674/1/2 1675/1/2 1676/1/2
f 1676/1/2 1675/1/2 1650/1/2
f 1677/1/2 1666/1/2 1678/1/2
f 1678/1/2 1666/1/2 1669/1/2
f 1679/1/2 1653/1/2 1681/1/2
f 1681/1/2 1653/1/2 1680/1/2
f 1682/7/2 1683/7/2 1685/7/2
f 1685/7/2 1683/7/2 1684/7/2
f 1686/1/2 1687/1/2 1688/1/2
f 1688/1/2 1687/1/2 1667/1/2
f 1689/1/2 1676/1/2 1690/1/2
f 1690/1/2 1676/1/2 1679/1/2
f 1688/8/2 1677/8/2 1691/8/2
f 1691/8/2 1677/8/2 1678/8/2
f 1691/1/2 1668/1/2 1693/1/2
f 1693/1/2 1668/1/2 1692/1/2
f 1694/3/2 1695/3/2 1697/3/2
f 1697/3/2 1695/3/2 1696/3/2
f 1698/7/2 1699/7/2 1701/7/2
f 1701/7/2 1699/7/2 1700/7/2
f 1702/3/2 1703/3/2 1705/3/2
f 1705/3/2 1703/3/2 1704/3/2
f 1706/1/2 1707/1/2 1709/1/2
f 1709/1/2 1707/1/2 1708/1/2
f 875/1/2 874/1/2 1711/1/2
f 1711/1/2 874/1/2 1710/1/2
f 1712/1/2 1713/1/2 1715/1/2
f 1715/1/2 1713/1/2 1714/1/2
f 871/7/2 870/7/2 1717/7/2
f 1717/7/2 870/7/2 1716/7/2
f 1718/3/2 1719/3/2 1721/3/2
f 1721/3/2 1719/3/2 1720/3/2
f 1722/3/2 1723/3/2 1724/3/2
f 1724/3/2 1723/3/2 1702/3/2
f 1725/1/2 1726/1/2 1727/1/2
f 1727/1/2 1726/1/2 1706/1/2
f 1728/3/2 1729/3/2 1731/3/2
f 1731/3/2 1729/3/2 1730/3/2
f 1732/1/2 1733/1/2 1735/1/2
f 1735/1/2 1733/1/2 1734/1/2
f 1736/1/2 1737/1/2 1738/1/2
f 1738/1/2 1737/1/2 1732/1/2
f 1739/1/2 1735/1/2 1741/1/2
f 1741/1/2 1735/1/2 1740/1/2
f 1742/1/2 1738/1/2 1743/1/2
f 1743/1/2 1738/1/2 1739/1/2
f 1744/1/2 1745/1/2 1747/1/2
f 1747/1/2 1745/1/2 1746/1/2
f 908/9/2 1748/9/2 1750/9/2
f 1750/9/2 1748/9/2 1749/9/2
f 1751/1/2 1752/1/2 1754/1/2
f 1754/1/2 1752/1/2 1753/1/2
f 1755/9/2 1756/9/2 1758/9/2
f 1758/9/2 1756/9/2 1757/9/2
f 1759/1/2 1760/1/2 1762/1/2
f 1762/1/2 1760/1/2 1761/1/2
f 1763/9/2 1764/9/2 1766/9/2
f 1766/9/2 1764/9/2 1765/9/2
f 1767/9/2 1768/9/2 1770/9/2
f 1770/9/2 1768/9/2 1769/9/2
f 1771/9/2 1766/9/2 1773/9/2
f 1773/9/2 1766/9/2 1772/9/2
f 1774/9/2 909/9/2 1776/9/2
f 1776/9/2 909/9/2 1775/9/2
f 1777/1/2 1778/1/2 1780/1/2
f 1780/1/2 1778/1/2 1779/1/2
f 1781/9/2 1782/9/2 1784/9/2
f 1784/9/2 1782/9/2 1783/9/2
f 1785/1/2 1786/1/2 1788/1/2
f 1788/1/2 1786/1/2 1787/1/2
f 1789/9/2 1790/9/2 1791/9/2
f 1791/9/2 1790/9/2 1771/9/2
f 914/9/2 1792/9/2 1794/9/2
f 1794/9/2 1792/9/2 1793/9/2
f 1795/1/2 1796/1/2 1798/1/2
f 1798/1/2 1796/1/2 1797/1/2
f 1799/9/2 1800/9/2 1802/9/2
f 1802/9/2 1800/9/2 1801/9/2
f 1803/1/2 1804/1/2 1806/1/2
f 1806/1/2 1804/1/2 1805/1/2
f 1807/9/2 1808/9/2 1810/9/2
f 1810/9/2 1808/9/2 1809/9/2
f 1811/9/2 1812/9/2 1814/9/2
f 1814/9/2 1812/9/2 1813/9/2
f 1815/9/2 1810/9/2 1817/9/2
f 1817/9/2 1810/9/2 1816/9/2
f 1818/9/2 915/9/2 1820/9/2
f 1820/9/2 915/9/2 1819/9/2
f 1821/1/2 1822/1/2 1824/1/2
f 1824/1/2 1822/1/2 1823/1/2
f 1825/9/2 1826/9/2 1828/9/2
f 1828/9/2 1826/9/2 1827/9/2
f 1829/1/2 1830/1/2 1832/1/2
f 1832/1/2 1830/1/2 1831/1/2
f 1833/9/2 1834/9/2 1835/9/2
f 1835/9/2 1834/9/2 1815/9/2
f 1836/9/2 1837/9/2 1839/9/2
f 1839/9/2 1837/9/2 1838/9/2
f 1840/1/2 1841/1/2 1843/1/2
f 1843/1/2 1841/1/2 1842/1/2
f 1844/9/2 1845/9/2 1847/9/2
f 1847/9/2 1845/9/2 1846/9/2
f 1848/1/2 1849/1/2 1851/1/2
f 1851/1/2 1849/1/2 1850/1/2
f 1852/9/2 1853/9/2 1855/9/2
f 1855/9/2 1853/9/2 1854/9/2
f 1132/1/3 1856/1/3 1857/1/3
f 1857/1/3 1856/1/3 1494/1/3
f 1172/1/3 1858/1/3 1859/1/3
f 1859/1/3 1858/1/3 1556/1/3
f 1233/1/3 1860/1/3 1861/1/3
f 1861/1/3 1860/1/3 1601/1/3
f 1381/1/3 1862/1/3 1863/1/3
f 1863/1/3 1862/1/3 1747/1/3
f 1756/1/3 1755/1/3 1753/1/3
f 1753/1/3 1755/1/3 1754/1/3
f 1764/1/3 1763/1/3 1761/1/3
f 1761/1/3 1763/1/3 1762/1/3
f 1766/9/3 1771/9/3 1769/9/3
f 1769/9/3 1771/9/3 1770/9/3
f 1782/1/3 1781/1/3 1779/1/3
f 1779/1/3 1781/1/3 1780/1/3
f 1790/1/3 1789/1/3 1787/1/3
f 1787/1/3 1789/1/3 1788/1/3
f 1800/1/3 1799/1/3 1797/1/3
f 1797/1/3 1799/1/3 1798/1/3
f 1808/1/3 1807/1/3 1805/1/3
f 1805/1/3 1807/1/3 1806/1/3
f 1810/9/3 1815/9/3 1813/9/3
f 1813/9/3 1815/9/3 1814/9/3
f 1826/1/3 1825/1/3 1823/1/3
f 1823/1/3 1825/1/3 1824/1/3
f 1834/1/3 1833/1/3 1831/1/3
f 1831/1/3 1833/1/3 1832/1/3
f 1845/1/3 1844/1/3 1842/1/3
f 1842/1/3 1844/1/3 1843/1/3
f 1853/1/3 1852/1/3 1850/1/3
f 1850/1/3 1852/1/3 1851/1/3
f 1085/1/3 1084/1/3 1449/1/3
f 1449/1/3 1084/1/3 1450/1/3
f 1185/1/3 1184/1/3 1529/1/3
f 1529/1/3 1184/1/3 1561/1/3
f 1278/1/3 1664/1/3 1658/1/3
f 1658/1/3 1664/1/3 1659/1/3
f 1340/1/3 1339/1/3 1864/1/3
f 1864/1/3 1339/1/3 1693/1/3
f 1468/8/3 1485/8/3 1097/8/3
f 1097/8/3 1485/8/3 1130/8/3
f 1522/8/3 1545/8/3 1158/8/3
f 1158/8/3 1545/8/3 1170/8/3
f 1567/1/3 1566/1/3 1193/1/3
f 1193/1/3 1566/1/3 1190/1/3
f 1569/8/3 1589/8/3 1191/8/3
f 1191/8/3 1589/8/3 1231/8/3
f 1588/1/3 1596/1/3 1226/1/3
f 1226/1/3 1596/1/3 1240/1/3
f 1733/1/3 1732/1/3 1368/1/3
f 1368/1/3 1732/1/3 1365/1/3
f 1735/8/3 1739/8/3 1366/8/3
f 1366/8/3 1739/8/3 1379/8/3
f 1738/1/3 1742/1/3 1374/1/3
f 1374/1/3 1742/1/3 1385/1/3
f 1390/9/3 1389/9/3 1765/9/3
f 1765/9/3 1389/9/3 1766/9/3
f 1398/9/3 1397/9/3 1772/9/3
f 1772/9/3 1397/9/3 1773/9/3
f 1396/9/3 1400/9/3 1771/9/3
f 1771/9/3 1400/9/3 1791/9/3
f 1402/9/3 1401/9/3 1809/9/3
f 1809/9/3 1401/9/3 1810/9/3
f 1410/9/3 1409/9/3 1816/9/3
f 1816/9/3 1409/9/3 1817/9/3
f 1408/9/3 1412/9/3 1815/9/3
f 1815/9/3 1412/9/3 1835/9/3
f 1415/9/3 1414/9/3 1854/9/3
f 1854/9/3 1414/9/3 1855/9/3
f 1101/1/3 1100/1/3 1493/1/3
f 1493/1/3 1100/1/3 1857/1/3
f 1141/1/3 1140/1/3 1131/1/3
f 1131/1/3 1140/1/3 1856/1/3
f 1161/1/3 1160/1/3 1555/1/3
f 1555/1/3 1160/1/3 1859/1/3
f 1160/1/3 1865/1/3 1546/1/3
f 1546/1/3 1865/1/3 1547/1/3
f 1865/1/3 1176/1/3 1171/1/3
f 1171/1/3 1176/1/3 1858/1/3
f 1196/1/3 1195/1/3 1600/1/3
f 1600/1/3 1195/1/3 1861/1/3
f 1195/1/3 1866/1/3 1590/1/3
f 1590/1/3 1866/1/3 1591/1/3
f 1866/1/3 1245/1/3 1232/1/3
f 1232/1/3 1245/1/3 1860/1/3
f 1371/1/3 1370/1/3 1746/1/3
f 1746/1/3 1370/1/3 1863/1/3
f 1370/1/3 1867/1/3 1740/1/3
f 1740/1/3 1867/1/3 1741/1/3
f 1867/1/3 1388/1/3 1380/1/3
f 1380/1/3 1388/1/3 1862/1/3
f 1394/9/3 1393/9/3 1389/9/3
f 1389/9/3 1393/9/3 1396/9/3
f 1406/9/3 1405/9/3 1401/9/3
f 1401/9/3 1405/9/3 1408/9/3
f 1310/1/3 1868/1/3 1277/1/3
f 1277/1/3 1868/1/3 1665/1/3
f 1868/1/3 1309/1/3 1692/1/3
f 1692/1/3 1309/1/3 1864/1/3
f 1134/1/3 1133/1/3 1486/1/3
f 1486/1/3 1133/1/3 1487/1/3
f 1169/1/3 1168/1/3 1177/1/3
f 1177/1/3 1168/1/3 1175/1/3
f 1869/3/3 1870/3/3 1443/3/3
f 1443/3/3 1870/3/3 1444/3/3
f 1870/3/3 1871/3/3 1452/3/3
f 1452/3/3 1871/3/3 1453/3/3
f 1871/3/3 1497/3/3 1460/3/3
f 1460/3/3 1497/3/3 1461/3/3
f 1498/3/3 1872/3/3 1515/3/3
f 1515/3/3 1872/3/3 1516/3/3
f 1872/3/3 1873/3/3 1527/3/3
f 1527/3/3 1873/3/3 1528/3/3
f 1873/3/3 1874/3/3 1531/3/3
f 1531/3/3 1874/3/3 1532/3/3
f 1874/3/3 1875/3/3 1539/3/3
f 1539/3/3 1875/3/3 1540/3/3
f 1875/3/3 1572/3/3 1552/3/3
f 1552/3/3 1572/3/3 1553/3/3
f 1573/3/3 1876/3/3 1584/3/3
f 1584/3/3 1876/3/3 1585/3/3
f 1876/3/3 1877/3/3 1594/3/3
f 1594/3/3 1877/3/3 1595/3/3
f 1877/3/3 1878/3/3 1604/3/3
f 1604/3/3 1878/3/3 1605/3/3
f 1878/3/3 1879/3/3 1622/3/3
f 1622/3/3 1879/3/3 1623/3/3
f 1879/3/3 1684/3/3 1632/3/3
f 1632/3/3 1684/3/3 1633/3/3
f 1685/3/3 1880/3/3 1696/3/3
f 1696/3/3 1880/3/3 1697/3/3
f 1880/3/3 1881/3/3 1704/3/3
f 1704/3/3 1881/3/3 1705/3/3
f 1881/3/3 1882/3/3 1730/3/3
f 1730/3/3 1882/3/3 1731/3/3
f 1883/7/3 1884/7/3 1869/7/3
f 1869/7/3 1884/7/3 1882/7/3
f 1885/1/3 1886/1/3 1206/1/3
f 1206/1/3 1886/1/3 1128/1/3
f 1887/1/3 1888/1/3 1127/1/3
f 1127/1/3 1888/1/3 1203/1/3
f 1260/1/3 1889/1/3 1890/1/3
f 1890/1/3 1889/1/3 1275/1/3
f 1324/1/3 1891/1/3 1892/1/3
f 1892/1/3 1891/1/3 1343/1/3
f 1426/1/3 1425/1/3 1105/1/3
f 1105/1/3 1425/1/3 1200/1/3
f 1438/1/3 1437/1/3 1109/1/3
f 1109/1/3 1437/1/3 1208/1/3
f 1457/9/3 1472/9/3 1507/9/3
f 1507/9/3 1472/9/3 1893/9/3
f 1466/1/3 1479/1/3 1095/1/3
f 1095/1/3 1479/1/3 1118/1/3
f 1474/1/3 1490/1/3 1360/1/3
f 1360/1/3 1490/1/3 1137/1/3
f 1489/9/3 1488/9/3 1895/9/3
f 1895/9/3 1488/9/3 1894/9/3
f 1480/1/3 1499/1/3 1117/1/3
f 1117/1/3 1499/1/3 1350/1/3
f 1491/1/3 1511/1/3 1136/1/3
f 1136/1/3 1511/1/3 1211/1/3
f 1510/9/3 1509/9/3 1896/9/3
f 1896/9/3 1509/9/3 1508/9/3
f 1713/1/3 1712/1/3 1355/1/3
f 1355/1/3 1712/1/3 1352/1/3
f 1726/1/3 1725/1/3 1358/1/3
f 1358/1/3 1725/1/3 1356/1/3
f 1077/1/3 1076/1/3 1883/1/3
f 1883/1/3 1076/1/3 1092/1/3
f 1076/1/3 1897/1/3 1463/1/3
f 1463/1/3 1897/1/3 1464/1/3
f 1897/1/3 1898/1/3 1091/1/3
f 1091/1/3 1898/1/3 1112/1/3
f 1898/1/3 1899/1/3 1477/1/3
f 1477/1/3 1899/1/3 1478/1/3
f 1899/1/3 1900/1/3 1111/1/3
f 1111/1/3 1900/1/3 1156/1/3
f 1900/1/3 1901/1/3 1519/1/3
f 1519/1/3 1901/1/3 1520/1/3
f 1901/1/3 1902/1/3 1155/1/3
f 1155/1/3 1902/1/3 1166/1/3
f 1902/1/3 1903/1/3 1543/1/3
f 1543/1/3 1903/1/3 1544/1/3
f 1903/1/3 1904/1/3 1165/1/3
f 1165/1/3 1904/1/3 1188/1/3
f 1904/1/3 1905/1/3 1564/1/3
f 1564/1/3 1905/1/3 1565/1/3
f 1905/1/3 1906/1/3 1187/1/3
f 1187/1/3 1906/1/3 1215/1/3
f 1906/1/3 1907/1/3 1576/1/3
f 1576/1/3 1907/1/3 1577/1/3
f 1907/1/3 1908/1/3 1214/1/3
f 1214/1/3 1908/1/3 1249/1/3
f 1908/1/3 1909/1/3 1608/1/3
f 1608/1/3 1909/1/3 1609/1/3
f 1909/1/3 1910/1/3 1248/1/3
f 1248/1/3 1910/1/3 1281/1/3
f 1910/1/3 1911/1/3 1642/1/3
f 1642/1/3 1911/1/3 1643/1/3
f 1911/1/3 1912/1/3 1280/1/3
f 1280/1/3 1912/1/3 1313/1/3
f 1912/1/3 1913/1/3 1672/1/3
f 1672/1/3 1913/1/3 1673/1/3
f 1913/1/3 1914/1/3 1312/1/3
f 1312/1/3 1914/1/3 1347/1/3
f 1914/1/3 1915/1/3 1708/1/3
f 1708/1/3 1915/1/3 1709/1/3
f 1915/1/3 1363/1/3 1346/1/3
f 1346/1/3 1363/1/3 1884/1/3
f 1088/9/3 1087/9/3 1456/9/3
f 1456/9/3 1087/9/3 1457/9/3
f 1143/9/3 1142/9/3 1465/9/3
f 1465/9/3 1142/9/3 1500/9/3
f 1153/9/3 1152/9/3 1473/9/3
f 1473/9/3 1152/9/3 1512/9/3
f 1151/9/3 1163/9/3 1509/9/3
f 1509/9/3 1163/9/3 1524/9/3
f 1579/1/3 1578/1/3 1220/1/3
f 1220/1/3 1578/1/3 1217/1/3
f 1581/8/3 1617/8/3 1218/8/3
f 1218/8/3 1617/8/3 1258/8/3
f 1612/1/3 1624/1/3 1252/1/3
f 1252/1/3 1624/1/3 1265/1/3
f 1651/1/3 1650/1/3 1289/1/3
f 1289/1/3 1650/1/3 1286/1/3
f 1653/8/3 1679/8/3 1287/8/3
f 1287/8/3 1679/8/3 1322/8/3
f 1676/1/3 1689/1/3 1316/1/3
f 1316/1/3 1689/1/3 1332/1/3
f 1149/9/3 1148/9/3 1087/9/3
f 1087/9/3 1148/9/3 1151/9/3
f 1223/1/3 1222/1/3 1210/1/3
f 1210/1/3 1222/1/3 1890/1/3
f 1222/1/3 1916/1/3 1618/1/3
f 1618/1/3 1916/1/3 1619/1/3
f 1338/1/3 1917/1/3 1918/1/3
f 1918/1/3 1917/1/3 1681/1/3
f 1917/1/3 1337/1/3 1323/1/3
f 1323/1/3 1337/1/3 1891/1/3
f 1295/1/3 1919/1/3 1259/1/3
f 1259/1/3 1919/1/3 1889/1/3
f 1919/1/3 1920/1/3 1638/1/3
f 1638/1/3 1920/1/3 1639/1/3
f 1920/1/3 1294/1/3 1274/1/3
f 1274/1/3 1294/1/3 1892/1/3
f 1614/1/3 1613/1/3 1257/1/3
f 1257/1/3 1613/1/3 1254/1/3
f 1616/8/3 1655/8/3 1255/8/3
f 1255/8/3 1655/8/3 1293/8/3
f 1646/1/3 1660/1/3 1284/1/3
f 1284/1/3 1660/1/3 1299/1/3
f 1263/1/3 1262/1/3 1246/1/3
f 1246/1/3 1262/1/3 1916/1/3
f 1262/1/3 1921/1/3 1656/1/3
f 1656/1/3 1921/1/3 1657/1/3
f 1921/1/3 1302/1/3 1680/1/3
f 1680/1/3 1302/1/3 1918/1/3
f 1227/1/4 1922/1/4 1923/1/4
f 1923/1/4 1922/1/4 1598/1/4
f 1375/1/4 1924/1/4 1925/1/4
f 1925/1/4 1924/1/4 1744/1/4
f 1749/1/4 1752/1/4 1750/1/4
f 1750/1/4 1752/1/4 1751/1/4
f 1757/1/4 1760/1/4 1758/1/4
f 1758/1/4 1760/1/4 1759/1/4
f 908/9/4 1768/9/4 909/9/4
f 909/9/4 1768/9/4 1767/9/4
f 1775/1/4 1778/1/4 1776/1/4
f 1776/1/4 1778/1/4 1777/1/4
f 1783/1/4 1786/1/4 1784/1/4
f 1784/1/4 1786/1/4 1785/1/4
f 1793/1/4 1796/1/4 1794/1/4
f 1794/1/4 1796/1/4 1795/1/4
f 1801/1/4 1804/1/4 1802/1/4
f 1802/1/4 1804/1/4 1803/1/4
f 914/9/4 1812/9/4 915/9/4
f 915/9/4 1812/9/4 1811/9/4
f 1819/1/4 1822/1/4 1820/1/4
f 1820/1/4 1822/1/4 1821/1/4
f 1827/1/4 1830/1/4 1828/1/4
f 1828/1/4 1830/1/4 1829/1/4
f 1838/1/4 1841/1/4 1839/1/4
f 1839/1/4 1841/1/4 1840/1/4
f 1846/1/4 1849/1/4 1847/1/4
f 1847/1/4 1849/1/4 1848/1/4
f 1081/1/4 1446/1/4 1078/1/4
f 1078/1/4 1446/1/4 1445/1/4
f 1181/1/4 1558/1/4 1178/1/4
f 1178/1/4 1558/1/4 1557/1/4
f 1270/1/4 1648/1/4 1663/1/4
f 1663/1/4 1648/1/4 1647/1/4
f 1331/1/4 1926/1/4 1328/1/4
f 1328/1/4 1926/1/4 1686/1/4
f 1467/1/4 1098/1/4 1468/1/4
f 1468/1/4 1098/1/4 1097/1/4
f 570/8/4 129/8/4 571/8/4
f 571/8/4 129/8/4 128/8/4
f 1485/1/4 1130/1/4 1492/1/4
f 1492/1/4 1130/1/4 1139/1/4
f 1521/1/4 1159/1/4 1522/1/4
f 1522/1/4 1159/1/4 1158/1/4
f 1545/1/4 1170/1/4 1554/1/4
f 1554/1/4 1170/1/4 1173/1/4
f 1568/1/4 1192/1/4 1569/1/4
f 1569/1/4 1192/1/4 1191/1/4
f 1566/8/4 1190/8/4 1588/8/4
f 1588/8/4 1190/8/4 1226/8/4
f 1589/1/4 1231/1/4 1597/1/4
f 1597/1/4 1231/1/4 1241/1/4
f 1734/1/4 1367/1/4 1735/1/4
f 1735/1/4 1367/1/4 1366/1/4
f 1732/8/4 1365/8/4 1738/8/4
f 1738/8/4 1365/8/4 1374/8/4
f 1739/1/4 1379/1/4 1743/1/4
f 1743/1/4 1379/1/4 1386/1/4
f 1391/9/4 1748/9/4 415/9/4
f 415/9/4 1748/9/4 908/9/4
f 414/9/4 909/9/4 1399/9/4
f 1399/9/4 909/9/4 1774/9/4
f 1403/9/4 1792/9/4 421/9/4
f 421/9/4 1792/9/4 914/9/4
f 420/9/4 915/9/4 1411/9/4
f 1411/9/4 915/9/4 1818/9/4
f 1416/9/4 1837/9/4 1413/9/4
f 1413/9/4 1837/9/4 1836/9/4
f 1236/1/4 1599/1/4 1927/1/4
f 1927/1/4 1599/1/4 1922/1/4
f 1927/1/4 1587/1/4 1928/1/4
f 1928/1/4 1587/1/4 1586/1/4
f 1928/1/4 1225/1/4 1234/1/4
f 1234/1/4 1225/1/4 1923/1/4
f 1384/1/4 1745/1/4 1929/1/4
f 1929/1/4 1745/1/4 1924/1/4
f 1929/1/4 1737/1/4 1930/1/4
f 1930/1/4 1737/1/4 1736/1/4
f 1930/1/4 1373/1/4 1382/1/4
f 1382/1/4 1373/1/4 1925/1/4
f 1395/9/4 415/9/4 1392/9/4
f 1392/9/4 415/9/4 414/9/4
f 1407/9/4 421/9/4 1404/9/4
f 1404/9/4 421/9/4 420/9/4
f 1306/1/4 1267/1/4 1931/1/4
f 1931/1/4 1267/1/4 1662/1/4
f 1931/1/4 1687/1/4 1303/1/4
f 1303/1/4 1687/1/4 1926/1/4
f 1435/3/4 1442/3/4 1436/3/4
f 1436/3/4 1442/3/4 1441/3/4
f 1123/1/4 1115/1/4 1120/1/4
f 1120/1/4 1115/1/4 1114/1/4
f 1702/3/4 1729/3/4 1724/3/4
f 1724/3/4 1729/3/4 1728/3/4
f 1431/3/4 1434/3/4 1432/3/4
f 1432/3/4 1434/3/4 1433/3/4
f 1720/3/4 1723/3/4 1721/3/4
f 1721/3/4 1723/3/4 1722/3/4
f 1716/3/4 1430/3/4 1699/3/4
f 1699/3/4 1430/3/4 1429/3/4
f 1700/3/4 1436/3/4 1932/3/4
f 1932/3/4 1436/3/4 1451/3/4
f 1932/3/4 1459/3/4 1496/3/4
f 1496/3/4 1459/3/4 1458/3/4
f 1495/3/4 1514/3/4 1933/3/4
f 1933/3/4 1514/3/4 1513/3/4
f 1933/3/4 1526/3/4 1934/3/4
f 1934/3/4 1526/3/4 1525/3/4
f 1934/3/4 1530/3/4 1935/3/4
f 1935/3/4 1530/3/4 1529/3/4
f 1935/3/4 1538/3/4 1936/3/4
f 1936/3/4 1538/3/4 1537/3/4
f 1936/3/4 1551/3/4 1571/3/4
f 1571/3/4 1551/3/4 1550/3/4
f 1570/3/4 1583/3/4 1937/3/4
f 1937/3/4 1583/3/4 1582/3/4
f 1937/3/4 1593/3/4 1938/3/4
f 1938/3/4 1593/3/4 1592/3/4
f 1938/3/4 1603/3/4 1939/3/4
f 1939/3/4 1603/3/4 1602/3/4
f 1939/3/4 1621/3/4 1940/3/4
f 1940/3/4 1621/3/4 1620/3/4
f 1940/3/4 1631/3/4 1683/3/4
f 1683/3/4 1631/3/4 1630/3/4
f 1682/3/4 1695/3/4 1941/3/4
f 1941/3/4 1695/3/4 1694/3/4
f 1941/3/4 1703/3/4 1701/3/4
f 1701/3/4 1703/3/4 1702/3/4
f 1698/3/4 1719/3/4 1717/3/4
f 1717/3/4 1719/3/4 1718/3/4
f 963/1/4 1094/1/4 967/1/4
f 967/1/4 1094/1/4 1119/1/4
f 1893/1/4 1106/1/4 1895/1/4
f 1895/1/4 1106/1/4 1138/1/4
f 966/1/4 1116/1/4 969/1/4
f 969/1/4 1116/1/4 1351/1/4
f 1894/1/4 1135/1/4 1896/1/4
f 1896/1/4 1135/1/4 1212/1/4
f 1253/1/4 1942/1/4 1943/1/4
f 1943/1/4 1942/1/4 1276/1/4
f 1317/1/4 1944/1/4 1945/1/4
f 1945/1/4 1944/1/4 1344/1/4
f 1421/1/4 1096/1/4 1422/1/4
f 1422/1/4 1096/1/4 1201/1/4
f 1427/1/4 1104/1/4 1428/1/4
f 1428/1/4 1104/1/4 1209/1/4
f 1439/1/4 1108/1/4 1440/1/4
f 1440/1/4 1108/1/4 1093/1/4
f 1454/9/4 1506/9/4 1471/9/4
f 1471/9/4 1506/9/4 1885/9/4
f 1469/1/4 1102/1/4 1482/1/4
f 1482/1/4 1102/1/4 1129/1/4
f 1483/9/4 1886/9/4 1484/9/4
f 1484/9/4 1886/9/4 1887/9/4
f 1481/1/4 1126/1/4 1502/1/4
f 1502/1/4 1126/1/4 1204/1/4
f 1503/9/4 1888/9/4 1504/9/4
f 1504/9/4 1888/9/4 1505/9/4
f 1710/1/4 1341/1/4 1711/1/4
f 1711/1/4 1341/1/4 1349/1/4
f 1714/1/4 1354/1/4 1715/1/4
f 1715/1/4 1354/1/4 1353/1/4
f 1706/1/4 1345/1/4 1727/1/4
f 1727/1/4 1345/1/4 1359/1/4
f 1364/1/4 1440/1/4 1946/1/4
f 1946/1/4 1440/1/4 1462/1/4
f 1946/1/4 1090/1/4 1947/1/4
f 1947/1/4 1090/1/4 1107/1/4
f 1947/1/4 1476/1/4 1948/1/4
f 1948/1/4 1476/1/4 1475/1/4
f 1948/1/4 1110/1/4 1949/1/4
f 1949/1/4 1110/1/4 1157/1/4
f 1949/1/4 1518/1/4 1950/1/4
f 1950/1/4 1518/1/4 1517/1/4
f 1950/1/4 1154/1/4 1951/1/4
f 1951/1/4 1154/1/4 1167/1/4
f 1951/1/4 1542/1/4 1952/1/4
f 1952/1/4 1542/1/4 1541/1/4
f 1952/1/4 1164/1/4 1953/1/4
f 1953/1/4 1164/1/4 1189/1/4
f 1953/1/4 1563/1/4 1954/1/4
f 1954/1/4 1563/1/4 1562/1/4
f 1954/1/4 1186/1/4 1955/1/4
f 1955/1/4 1186/1/4 1216/1/4
f 1955/1/4 1575/1/4 1956/1/4
f 1956/1/4 1575/1/4 1574/1/4
f 1956/1/4 1213/1/4 1957/1/4
f 1957/1/4 1213/1/4 1250/1/4
f 1957/1/4 1607/1/4 1958/1/4
f 1958/1/4 1607/1/4 1606/1/4
f 1958/1/4 1247/1/4 1959/1/4
f 1959/1/4 1247/1/4 1282/1/4
f 1959/1/4 1641/1/4 1960/1/4
f 1960/1/4 1641/1/4 1640/1/4
f 1960/1/4 1279/1/4 1961/1/4
f 1961/1/4 1279/1/4 1314/1/4
f 1961/1/4 1671/1/4 1962/1/4
f 1962/1/4 1671/1/4 1670/1/4
f 1962/1/4 1311/1/4 1963/1/4
f 1963/1/4 1311/1/4 1348/1/4
f 1963/1/4 1707/1/4 1362/1/4
f 1362/1/4 1707/1/4 1706/1/4
f 1089/9/4 1455/9/4 1086/9/4
f 1086/9/4 1455/9/4 1454/9/4
f 1146/9/4 1470/9/4 1144/9/4
f 1144/9/4 1470/9/4 1501/9/4
f 1145/9/4 1504/9/4 1162/9/4
f 1162/9/4 1504/9/4 1523/9/4
f 1580/1/4 1219/1/4 1581/1/4
f 1581/1/4 1219/1/4 1218/1/4
f 1578/8/4 1217/8/4 1612/8/4
f 1612/8/4 1217/8/4 1252/8/4
f 1617/1/4 1258/1/4 1625/1/4
f 1625/1/4 1258/1/4 1266/1/4
f 1652/1/4 1288/1/4 1653/1/4
f 1653/1/4 1288/1/4 1287/1/4
f 1650/8/4 1286/8/4 1676/8/4
f 1676/8/4 1286/8/4 1316/8/4
f 1679/1/4 1322/1/4 1690/1/4
f 1690/1/4 1322/1/4 1333/1/4
f 1150/9/4 1086/9/4 1147/9/4
f 1147/9/4 1086/9/4 1145/9/4
f 1239/1/4 1198/1/4 1964/1/4
f 1964/1/4 1198/1/4 1942/1/4
f 1964/1/4 1611/1/4 1965/1/4
f 1965/1/4 1611/1/4 1610/1/4
f 1327/1/4 1966/1/4 1967/1/4
f 1967/1/4 1966/1/4 1674/1/4
f 1967/1/4 1315/1/4 1325/1/4
f 1325/1/4 1315/1/4 1945/1/4
f 1285/1/4 1251/1/4 1968/1/4
f 1968/1/4 1251/1/4 1943/1/4
f 1968/1/4 1637/1/4 1969/1/4
f 1969/1/4 1637/1/4 1636/1/4
f 1969/1/4 1273/1/4 1283/1/4
f 1283/1/4 1273/1/4 1944/1/4
f 1615/1/4 1256/1/4 1616/1/4
f 1616/1/4 1256/1/4 1255/1/4
f 1613/8/4 1254/8/4 1646/8/4
f 1646/8/4 1254/8/4 1284/8/4
f 1655/1/4 1293/1/4 1661/1/4
f 1661/1/4 1293/1/4 1300/1/4
f 1298/1/4 1237/1/4 1970/1/4
f 1970/1/4 1237/1/4 1965/1/4
f 1970/1/4 1645/1/4 1971/1/4
f 1971/1/4 1645/1/4 1644/1/4
f 1971/1/4 1675/1/4 1296/1/4
f 1296/1/4 1675/1/4 1966/1/4
f 1972/9/5 1775/9/5 1767/9/5
f 1767/9/5 1775/9/5 909/9/5
f 1973/9/5 1819/9/5 1811/9/5
f 1811/9/5 1819/9/5 915/9/5
f 1170/8/5 1545/8/5 192/8/5
f 192/8/5 1545/8/5 664/8/5
f 1175/1/5 1168/1/5 194/1/5
f 194/1/5 1168/1/5 181/1/5
f 1118/1/5 1479/1/5 1119/1/5
f 1119/1/5 1479/1/5 964/1/5
f 1350/1/5 1499/1/5 1351/1/5
f 1351/1/5 1499/1/5 968/1/5
f 1500/9/5 1142/9/5 616/9/5
f 616/9/5 1142/9/5 167/9/5
f 1556/1/5 1858/1/5 662/1/5
f 662/1/5 1858/1/5 191/1/5
f 1754/1/5 1974/1/5 1751/1/5
f 1751/1/5 1974/1/5 1975/1/5
f 1798/1/5 1976/1/5 1795/1/5
f 1795/1/5 1976/1/5 1977/1/5
f 1843/1/5 1978/1/5 1840/1/5
f 1840/1/5 1978/1/5 1979/1/5
f 1780/1/5 1781/1/5 1777/1/5
f 1777/1/5 1781/1/5 1776/1/5
f 1824/1/5 1825/1/5 1821/1/5
f 1821/1/5 1825/1/5 1820/1/5
f 1447/1/5 1079/1/5 1445/1/5
f 1445/1/5 1079/1/5 1078/1/5
f 1172/1/5 1546/1/5 1158/1/5
f 1158/1/5 1546/1/5 1522/1/5
f 1858/1/5 1980/1/5 1173/1/5
f 1173/1/5 1980/1/5 1554/1/5
f 1190/1/5 1566/1/5 1227/1/5
f 1227/1/5 1566/1/5 1587/1/5
f 1980/1/5 1176/1/5 665/1/5
f 665/1/5 1176/1/5 193/1/5
f 1240/1/5 1235/1/5 1923/1/5
f 1923/1/5 1235/1/5 1234/1/5
f 1981/1/5 1121/1/5 1114/1/5
f 1114/1/5 1121/1/5 1120/1/5
f 1200/1/5 1425/1/5 1201/1/5
f 1201/1/5 1425/1/5 1422/1/5
f 1352/1/5 1712/1/5 1349/1/5
f 1349/1/5 1712/1/5 1711/1/5
f 1217/1/5 1578/1/5 1253/1/5
f 1253/1/5 1578/1/5 1611/1/5
f 1286/1/5 1650/1/5 1317/1/5
f 1317/1/5 1650/1/5 1675/1/5
f 1265/1/5 1982/1/5 1943/1/5
f 1943/1/5 1982/1/5 1637/1/5
f 1332/1/5 1326/1/5 1945/1/5
f 1945/1/5 1326/1/5 1325/1/5
f 1254/1/5 1613/1/5 1285/1/5
f 1285/1/5 1613/1/5 1645/1/5
f 1299/1/5 1297/1/5 1983/1/5
f 1983/1/5 1297/1/5 1296/1/5
f 1448/8/5 1082/8/5 1447/8/5
f 1447/8/5 1082/8/5 1079/8/5
f 1130/8/5 1485/8/5 128/8/5
f 128/8/5 1485/8/5 571/8/5
f 1365/1/5 1732/1/5 1375/1/5
f 1375/1/5 1732/1/5 1737/1/5
f 1385/1/5 1383/1/5 1925/1/5
f 1925/1/5 1383/1/5 1382/1/5
f 1984/8/5 1124/8/5 1981/8/5
f 1981/8/5 1124/8/5 1121/8/5
f 1128/1/5 1483/1/5 1129/1/5
f 1129/1/5 1483/1/5 1482/1/5
f 1203/1/5 1503/1/5 1204/1/5
f 1204/1/5 1503/1/5 1502/1/5
f 1504/9/5 1145/9/5 1501/9/5
f 1501/9/5 1145/9/5 1144/9/5
f 1494/1/5 1856/1/5 581/1/5
f 581/1/5 1856/1/5 940/1/5
f 1985/9/5 1783/9/5 1986/9/5
f 1986/9/5 1783/9/5 1782/9/5
f 1987/9/5 1827/9/5 1988/9/5
f 1988/9/5 1827/9/5 1826/9/5
f 1450/1/5 1084/1/5 1448/1/5
f 1448/1/5 1084/1/5 1082/1/5
f 1132/1/5 1486/1/5 1097/1/5
f 1097/1/5 1486/1/5 1468/1/5
f 1856/1/5 1989/1/5 1139/1/5
f 1139/1/5 1989/1/5 1492/1/5
f 1989/1/5 1140/1/5 939/1/5
f 939/1/5 1140/1/5 132/1/5
f 1141/1/5 1133/1/5 1984/1/5
f 1984/1/5 1133/1/5 1124/1/5
f 1762/1/5 1990/1/5 1759/1/5
f 1759/1/5 1990/1/5 1991/1/5
f 1806/1/5 1992/1/5 1803/1/5
f 1803/1/5 1992/1/5 1993/1/5
f 1851/1/5 1994/1/5 1848/1/5
f 1848/1/5 1994/1/5 1995/1/5
f 1788/1/5 1789/1/5 1785/1/5
f 1785/1/5 1789/1/5 1784/1/5
f 1832/1/5 1833/1/5 1829/1/5
f 1829/1/5 1833/1/5 1828/1/5
f 1559/1/5 1179/1/5 1557/1/5
f 1557/1/5 1179/1/5 1178/1/5
f 1649/1/5 1996/1/5 1647/1/5
f 1647/1/5 1996/1/5 1663/1/5
f 1688/1/5 1329/1/5 1686/1/5
f 1686/1/5 1329/1/5 1328/1/5
f 1231/8/5 1589/8/5 1226/8/5
f 1226/8/5 1589/8/5 1588/8/5
f 1330/1/5 1304/1/5 1331/1/5
f 1331/1/5 1304/1/5 1303/1/5
f 1208/1/5 1437/1/5 1209/1/5
f 1209/1/5 1437/1/5 1428/1/5
f 1508/9/5 1509/9/5 1505/9/5
f 1505/9/5 1509/9/5 1504/9/5
f 1356/1/5 1725/1/5 1353/1/5
f 1353/1/5 1725/1/5 1715/1/5
f 1524/9/5 1163/9/5 1523/9/5
f 1523/9/5 1163/9/5 1162/9/5
f 1258/8/5 1617/8/5 1252/8/5
f 1252/8/5 1617/8/5 1612/8/5
f 1322/8/5 1679/8/5 1316/8/5
f 1316/8/5 1679/8/5 1676/8/5
f 1151/9/5 1148/9/5 1145/9/5
f 1145/9/5 1148/9/5 1147/9/5
f 1293/8/5 1655/8/5 1284/8/5
f 1284/8/5 1655/8/5 1646/8/5
f 1601/1/5 1860/1/5 1598/1/5
f 1598/1/5 1860/1/5 1923/1/5
f 1770/9/5 1771/9/5 1997/9/5
f 1997/9/5 1771/9/5 1790/9/5
f 1814/9/5 1815/9/5 1998/9/5
f 1998/9/5 1815/9/5 1834/9/5
f 1560/8/5 1182/8/5 1559/8/5
f 1559/8/5 1182/8/5 1179/8/5
f 1654/8/5 1999/8/5 1649/8/5
f 1649/8/5 1999/8/5 1996/8/5
f 1691/8/5 1335/8/5 1688/8/5
f 1688/8/5 1335/8/5 1329/8/5
f 1233/1/5 1590/1/5 1191/1/5
f 1191/1/5 1590/1/5 1569/1/5
f 1860/1/5 2000/1/5 1241/1/5
f 1241/1/5 2000/1/5 1597/1/5
f 1379/8/5 1739/8/5 1374/8/5
f 1374/8/5 1739/8/5 1738/8/5
f 1791/9/5 1400/9/5 1774/9/5
f 1774/9/5 1400/9/5 1399/9/5
f 1835/9/5 1412/9/5 1818/9/5
f 1818/9/5 1412/9/5 1411/9/5
f 2000/1/5 1245/1/5 1596/1/5
f 1596/1/5 1245/1/5 1235/1/5
f 1396/9/5 1393/9/5 414/9/5
f 414/9/5 1393/9/5 1392/9/5
f 1408/9/5 1405/9/5 420/9/5
f 420/9/5 1405/9/5 1404/9/5
f 1336/8/5 1307/8/5 1330/8/5
f 1330/8/5 1307/8/5 1304/8/5
f 1275/1/5 1889/1/5 1276/1/5
f 1276/1/5 1889/1/5 1943/1/5
f 1343/1/5 1891/1/5 1344/1/5
f 1344/1/5 1891/1/5 1945/1/5
f 1137/1/5 1490/1/5 1138/1/5
f 1138/1/5 1490/1/5 1489/1/5
f 1211/1/5 1511/1/5 1212/1/5
f 1212/1/5 1511/1/5 1510/1/5
f 1512/9/5 1152/9/5 1509/9/5
f 1509/9/5 1152/9/5 1151/9/5
f 1260/1/5 1618/1/5 1218/1/5
f 1218/1/5 1618/1/5 1581/1/5
f 1889/1/5 2001/1/5 1266/1/5
f 1266/1/5 2001/1/5 1625/1/5
f 1324/1/5 1680/1/5 1287/1/5
f 1287/1/5 1680/1/5 1653/1/5
f 1891/1/5 2002/1/5 1333/1/5
f 1333/1/5 2002/1/5 1690/1/5
f 2001/1/5 1638/1/5 1624/1/5
f 1624/1/5 1638/1/5 1982/1/5
f 2002/1/5 1337/1/5 1689/1/5
f 1689/1/5 1337/1/5 1326/1/5
f 1338/1/5 2003/1/5 1327/1/5
f 1327/1/5 2003/1/5 1983/1/5
f 1295/1/5 1656/1/5 1255/1/5
f 1255/1/5 1656/1/5 1616/1/5
f 2003/1/5 2004/1/5 1300/1/5
f 1300/1/5 2004/1/5 1661/1/5
f 2004/1/5 1302/1/5 1660/1/5
f 1660/1/5 1302/1/5 1297/1/5
f 1747/1/5 1862/1/5 1744/1/5
f 1744/1/5 1862/1/5 1925/1/5
f 1561/1/5 1184/1/5 1560/1/5
f 1560/1/5 1184/1/5 1182/1/5
f 1659/1/5 1664/1/5 1654/1/5
f 1654/1/5 1664/1/5 1999/1/5
f 1693/1/5 1339/1/5 1691/1/5
f 1691/1/5 1339/1/5 1335/1/5
f 1381/1/5 1740/1/5 1366/1/5
f 1366/1/5 1740/1/5 1735/1/5
f 1862/1/5 2005/1/5 1386/1/5
f 1386/1/5 2005/1/5 1743/1/5
f 1773/9/5 1397/9/5 1771/9/5
f 1771/9/5 1397/9/5 1396/9/5
f 1817/9/5 1409/9/5 1815/9/5
f 1815/9/5 1409/9/5 1408/9/5
f 2005/1/5 1388/1/5 1742/1/5
f 1742/1/5 1388/1/5 1383/1/5
f 1340/1/5 1309/1/5 1336/1/5
f 1336/1/5 1309/1/5 1307/1/5
f 1436/3/5 2006/3/5 1433/3/5
f 1433/3/5 2006/3/5 1432/3/5
f 2006/3/5 1700/3/5 1429/3/5
f 1429/3/5 1700/3/5 1699/3/5
f 1440/1/5 1364/1/5 526/1/5
f 526/1/5 1364/1/5 56/1/5
f 1444/3/5 1452/3/5 1441/3/5
f 1441/3/5 1452/3/5 1436/3/5
f 1532/3/5 1539/3/5 1529/3/5
f 1529/3/5 1539/3/5 1538/3/5
f 1605/3/5 1622/3/5 1602/3/5
f 1602/3/5 1622/3/5 1621/3/5
f 1731/3/5 2007/3/5 1728/3/5
f 1728/3/5 2007/3/5 1724/3/5
f 1453/3/5 1460/3/5 1451/3/5
f 1451/3/5 1460/3/5 1459/3/5
f 1540/3/5 1552/3/5 1537/3/5
f 1537/3/5 1552/3/5 1551/3/5
f 1623/3/5 1632/3/5 1620/3/5
f 1620/3/5 1632/3/5 1631/3/5
f 2007/3/5 2008/3/5 1722/3/5
f 1722/3/5 2008/3/5 1721/3/5
f 1461/3/5 1497/3/5 1458/3/5
f 1458/3/5 1497/3/5 1496/3/5
f 1553/3/5 1572/3/5 1550/3/5
f 1550/3/5 1572/3/5 1571/3/5
f 1633/3/5 1684/3/5 1630/3/5
f 1630/3/5 1684/3/5 1683/3/5
f 2008/3/5 1882/3/5 1718/3/5
f 1718/3/5 1882/3/5 1717/3/5
f 1882/7/5 1884/7/5 871/7/5
f 871/7/5 1884/7/5 387/7/5
f 1092/1/5 1463/1/5 1093/1/5
f 1093/1/5 1463/1/5 1440/1/5
f 1112/1/5 1477/1/5 1107/1/5
f 1107/1/5 1477/1/5 1476/1/5
f 1156/1/5 1519/1/5 1157/1/5
f 1157/1/5 1519/1/5 1518/1/5
f 1166/1/5 1543/1/5 1167/1/5
f 1167/1/5 1543/1/5 1542/1/5
f 1188/1/5 1564/1/5 1189/1/5
f 1189/1/5 1564/1/5 1563/1/5
f 1215/1/5 1576/1/5 1216/1/5
f 1216/1/5 1576/1/5 1575/1/5
f 1249/1/5 1608/1/5 1250/1/5
f 1250/1/5 1608/1/5 1607/1/5
f 1281/1/5 1642/1/5 1282/1/5
f 1282/1/5 1642/1/5 1641/1/5
f 1313/1/5 1672/1/5 1314/1/5
f 1314/1/5 1672/1/5 1671/1/5
f 1347/1/5 1708/1/5 1348/1/5
f 1348/1/5 1708/1/5 1707/1/5
f 1884/1/5 2009/1/5 1359/1/5
f 1359/1/5 2009/1/5 1727/1/5
f 2009/1/5 1363/1/5 875/1/5
f 875/1/5 1363/1/5 390/1/5
f 1975/9/6 1768/9/6 1750/9/6
f 1750/9/6 1768/9/6 908/9/6
f 1977/9/6 1812/9/6 1794/9/6
f 1794/9/6 1812/9/6 914/9/6
f 1158/8/6 158/8/6 1522/8/6
f 1522/8/6 158/8/6 614/8/6
f 1177/1/6 162/1/6 1169/1/6
f 1169/1/6 162/1/6 182/1/6
f 1095/1/6 1094/1/6 1466/1/6
f 1466/1/6 1094/1/6 962/1/6
f 1117/1/6 1116/1/6 1480/1/6
f 1480/1/6 1116/1/6 965/1/6
f 1465/9/6 546/9/6 1143/9/6
f 1143/9/6 546/9/6 80/9/6
f 1555/1/6 661/1/6 2010/1/6
f 2010/1/6 661/1/6 159/1/6
f 1779/1/6 1778/1/6 1986/1/6
f 1986/1/6 1778/1/6 1972/1/6
f 1823/1/6 1822/1/6 1988/1/6
f 1988/1/6 1822/1/6 1973/1/6
f 1753/1/6 1752/1/6 1756/1/6
f 1756/1/6 1752/1/6 1749/1/6
f 1797/1/6 1796/1/6 1800/1/6
f 1800/1/6 1796/1/6 1793/1/6
f 1842/1/6 1841/1/6 1845/1/6
f 1845/1/6 1841/1/6 1838/1/6
f 1418/1/6 1446/1/6 1080/1/6
f 1080/1/6 1446/1/6 1081/1/6
f 2010/1/6 1159/1/6 2011/1/6
f 2011/1/6 1159/1/6 1521/1/6
f 1171/1/6 1170/1/6 1547/1/6
f 1547/1/6 1170/1/6 1545/1/6
f 1226/1/6 1225/1/6 1588/1/6
f 1588/1/6 1225/1/6 1586/1/6
f 2011/1/6 613/1/6 1161/1/6
f 1161/1/6 613/1/6 163/1/6
f 1193/1/6 2012/1/6 1197/1/6
f 1197/1/6 2012/1/6 1236/1/6
f 2013/1/6 1115/1/6 1122/1/6
f 1122/1/6 1115/1/6 1123/1/6
f 1105/1/6 1096/1/6 1426/1/6
f 1426/1/6 1096/1/6 1421/1/6
f 1355/1/6 1341/1/6 1713/1/6
f 1713/1/6 1341/1/6 1710/1/6
f 1252/1/6 1251/1/6 1612/1/6
f 1612/1/6 1251/1/6 1610/1/6
f 1316/1/6 1315/1/6 1676/1/6
f 1676/1/6 1315/1/6 1674/1/6
f 1220/1/6 2014/1/6 1224/1/6
f 1224/1/6 2014/1/6 1239/1/6
f 1289/1/6 2015/1/6 2016/1/6
f 2016/1/6 2015/1/6 1636/1/6
f 1284/1/6 1283/1/6 1646/1/6
f 1646/1/6 1283/1/6 1644/1/6
f 1257/1/6 2017/1/6 1264/1/6
f 1264/1/6 2017/1/6 1298/1/6
f 1419/8/6 1418/8/6 1083/8/6
f 1083/8/6 1418/8/6 1080/8/6
f 1097/8/6 129/8/6 1468/8/6
f 1468/8/6 129/8/6 570/8/6
f 1374/1/6 1373/1/6 1738/1/6
f 1738/1/6 1373/1/6 1736/1/6
f 1368/1/6 2018/1/6 1372/1/6
f 1372/1/6 2018/1/6 1384/1/6
f 2019/8/6 2013/8/6 1125/8/6
f 1125/8/6 2013/8/6 1122/8/6
f 1206/1/6 1102/1/6 1471/1/6
f 1471/1/6 1102/1/6 1469/1/6
f 1127/1/6 1126/1/6 1484/1/6
f 1484/1/6 1126/1/6 1481/1/6
f 1454/9/6 1470/9/6 1086/9/6
f 1086/9/6 1470/9/6 1146/9/6
f 1493/1/6 580/1/6 2020/1/6
f 2020/1/6 580/1/6 938/1/6
f 1991/9/6 1974/9/6 1758/9/6
f 1758/9/6 1974/9/6 1755/9/6
f 1993/9/6 1976/9/6 1802/9/6
f 1802/9/6 1976/9/6 1799/9/6
f 1449/1/6 1419/1/6 1085/1/6
f 1085/1/6 1419/1/6 1083/1/6
f 2020/1/6 1098/1/6 2021/1/6
f 2021/1/6 1098/1/6 1467/1/6
f 1131/1/6 1130/1/6 1487/1/6
f 1487/1/6 1130/1/6 1485/1/6
f 2021/1/6 937/1/6 1101/1/6
f 1101/1/6 937/1/6 133/1/6
f 1100/1/6 2019/1/6 1134/1/6
f 1134/1/6 2019/1/6 1125/1/6
f 1787/1/6 1786/1/6 1997/1/6
f 1997/1/6 1786/1/6 1985/1/6
f 1831/1/6 1830/1/6 1998/1/6
f 1998/1/6 1830/1/6 1987/1/6
f 1761/1/6 1760/1/6 1764/1/6
f 1764/1/6 1760/1/6 1757/1/6
f 1805/1/6 1804/1/6 1808/1/6
f 1808/1/6 1804/1/6 1801/1/6
f 1850/1/6 1849/1/6 1853/1/6
f 1853/1/6 1849/1/6 1846/1/6
f 1534/1/6 1558/1/6 1180/1/6
f 1180/1/6 1558/1/6 1181/1/6
f 1627/1/6 1648/1/6 1269/1/6
f 1269/1/6 1648/1/6 1270/1/6
f 1667/1/6 1687/1/6 2022/1/6
f 2022/1/6 1687/1/6 1662/1/6
f 1191/8/6 1190/8/6 1569/8/6
f 1569/8/6 1190/8/6 1566/8/6
f 1268/1/6 1267/1/6 1305/1/6
f 1305/1/6 1267/1/6 1306/1/6
f 1109/1/6 1104/1/6 1438/1/6
f 1438/1/6 1104/1/6 1427/1/6
f 1507/9/6 1506/9/6 1457/9/6
f 1457/9/6 1506/9/6 1454/9/6
f 1358/1/6 1354/1/6 1726/1/6
f 1726/1/6 1354/1/6 1714/1/6
f 1456/9/6 1455/9/6 1088/9/6
f 1088/9/6 1455/9/6 1089/9/6
f 1218/8/6 1217/8/6 1581/8/6
f 1581/8/6 1217/8/6 1578/8/6
f 1287/8/6 1286/8/6 1653/8/6
f 1653/8/6 1286/8/6 1650/8/6
f 1087/9/6 1086/9/6 1149/9/6
f 1149/9/6 1086/9/6 1150/9/6
f 1255/8/6 1254/8/6 1616/8/6
f 1616/8/6 1254/8/6 1613/8/6
f 1600/1/6 1599/1/6 2023/1/6
f 2023/1/6 1599/1/6 2012/1/6
f 1769/9/6 1990/9/6 1766/9/6
f 1766/9/6 1990/9/6 1763/9/6
f 1813/9/6 1992/9/6 1810/9/6
f 1810/9/6 1992/9/6 1807/9/6
f 1535/8/6 1534/8/6 1183/8/6
f 1183/8/6 1534/8/6 1180/8/6
f 1628/8/6 1627/8/6 1272/8/6
f 1272/8/6 1627/8/6 1269/8/6
f 1668/8/6 1667/8/6 2024/8/6
f 2024/8/6 1667/8/6 2022/8/6
f 2023/1/6 1192/1/6 2025/1/6
f 2025/1/6 1192/1/6 1568/1/6
f 1232/1/6 1231/1/6 1591/1/6
f 1591/1/6 1231/1/6 1589/1/6
f 1366/8/6 1365/8/6 1735/8/6
f 1735/8/6 1365/8/6 1732/8/6
f 1765/9/6 1748/9/6 1390/9/6
f 1390/9/6 1748/9/6 1391/9/6
f 1809/9/6 1792/9/6 1402/9/6
f 1402/9/6 1792/9/6 1403/9/6
f 1854/9/6 1837/9/6 1415/9/6
f 1415/9/6 1837/9/6 1416/9/6
f 2025/1/6 1567/1/6 1196/1/6
f 1196/1/6 1567/1/6 1197/1/6
f 1389/9/6 415/9/6 1394/9/6
f 1394/9/6 415/9/6 1395/9/6
f 1401/9/6 421/9/6 1406/9/6
f 1406/9/6 421/9/6 1407/9/6
f 1271/8/6 1268/8/6 1308/8/6
f 1308/8/6 1268/8/6 1305/8/6
f 1210/1/6 1198/1/6 2026/1/6
f 2026/1/6 1198/1/6 2014/1/6
f 1274/1/6 1273/1/6 2027/1/6
f 2027/1/6 1273/1/6 2015/1/6
f 1360/1/6 1106/1/6 1474/1/6
f 1474/1/6 1106/1/6 1472/1/6
f 1136/1/6 1135/1/6 1491/1/6
f 1491/1/6 1135/1/6 1488/1/6
f 1473/9/6 1457/9/6 1153/9/6
f 1153/9/6 1457/9/6 1087/9/6
f 2026/1/6 1219/1/6 2028/1/6
f 2028/1/6 1219/1/6 1580/1/6
f 1259/1/6 1258/1/6 1619/1/6
f 1619/1/6 1258/1/6 1617/1/6
f 2027/1/6 1288/1/6 2029/1/6
f 2029/1/6 1288/1/6 1652/1/6
f 1323/1/6 1322/1/6 1681/1/6
f 1681/1/6 1322/1/6 1679/1/6
f 2028/1/6 1579/1/6 1223/1/6
f 1223/1/6 1579/1/6 1224/1/6
f 2029/1/6 1651/1/6 1639/1/6
f 1639/1/6 1651/1/6 2016/1/6
f 1246/1/6 1237/1/6 2030/1/6
f 2030/1/6 1237/1/6 2017/1/6
f 2030/1/6 1256/1/6 2031/1/6
f 2031/1/6 1256/1/6 1615/1/6
f 1294/1/6 1293/1/6 1657/1/6
f 1657/1/6 1293/1/6 1655/1/6
f 2031/1/6 1614/1/6 1263/1/6
f 1263/1/6 1614/1/6 1264/1/6
f 1746/1/6 1745/1/6 2032/1/6
f 2032/1/6 1745/1/6 2018/1/6
f 1529/1/6 1535/1/6 1185/1/6
f 1185/1/6 1535/1/6 1183/1/6
f 1658/1/6 1628/1/6 1278/1/6
f 1278/1/6 1628/1/6 1272/1/6
f 1692/1/6 1668/1/6 1665/1/6
f 1665/1/6 1668/1/6 2024/1/6
f 2032/1/6 1367/1/6 2033/1/6
f 2033/1/6 1367/1/6 1734/1/6
f 1380/1/6 1379/1/6 1741/1/6
f 1741/1/6 1379/1/6 1739/1/6
f 1772/9/6 1766/9/6 1398/9/6
f 1398/9/6 1766/9/6 1389/9/6
f 1816/9/6 1810/9/6 1410/9/6
f 1410/9/6 1810/9/6 1401/9/6
f 2033/1/6 1733/1/6 1371/1/6
f 1371/1/6 1733/1/6 1372/1/6
f 1277/1/6 1271/1/6 1310/1/6
f 1310/1/6 1271/1/6 1308/1/6
f 1702/3/6 1723/3/6 2034/3/6
f 2034/3/6 1723/3/6 1720/3/6
f 2034/3/6 1719/3/6 1701/3/6
f 1701/3/6 1719/3/6 1698/3/6
f 1706/1/6 874/1/6 1362/1/6
f 1362/1/6 874/1/6 391/1/6
f 1443/3/6 1442/3/6 2035/3/6
f 2035/3/6 1442/3/6 1435/3/6
f 1531/3/6 1530/3/6 1528/3/6
f 1528/3/6 1530/3/6 1525/3/6
f 1604/3/6 1603/3/6 1595/3/6
f 1595/3/6 1603/3/6 1592/3/6
f 1730/3/6 1729/3/6 1705/3/6
f 1705/3/6 1729/3/6 1702/3/6
f 2035/3/6 1434/3/6 2036/3/6
f 2036/3/6 1434/3/6 1431/3/6
f 1527/3/6 1526/3/6 1516/3/6
f 1516/3/6 1526/3/6 1513/3/6
f 1594/3/6 1593/3/6 1585/3/6
f 1585/3/6 1593/3/6 1582/3/6
f 1704/3/6 1703/3/6 1697/3/6
f 1697/3/6 1703/3/6 1694/3/6
f 2036/3/6 1430/3/6 1869/3/6
f 1869/3/6 1430/3/6 1716/3/6
f 1515/3/6 1514/3/6 1498/3/6
f 1498/3/6 1514/3/6 1495/3/6
f 1584/3/6 1583/3/6 1573/3/6
f 1573/3/6 1583/3/6 1570/3/6
f 1696/3/6 1695/3/6 1685/3/6
f 1685/3/6 1695/3/6 1682/3/6
f 1869/7/6 870/7/6 1883/7/6
f 1883/7/6 870/7/6 388/7/6
f 1883/1/6 1108/1/6 2037/1/6
f 2037/1/6 1108/1/6 1439/1/6
f 1091/1/6 1090/1/6 1464/1/6
f 1464/1/6 1090/1/6 1462/1/6
f 1111/1/6 1110/1/6 1478/1/6
f 1478/1/6 1110/1/6 1475/1/6
f 1155/1/6 1154/1/6 1520/1/6
f 1520/1/6 1154/1/6 1517/1/6
f 1165/1/6 1164/1/6 1544/1/6
f 1544/1/6 1164/1/6 1541/1/6
f 1187/1/6 1186/1/6 1565/1/6
f 1565/1/6 1186/1/6 1562/1/6
f 1214/1/6 1213/1/6 1577/1/6
f 1577/1/6 1213/1/6 1574/1/6
f 1248/1/6 1247/1/6 1609/1/6
f 1609/1/6 1247/1/6 1606/1/6
f 1280/1/6 1279/1/6 1643/1/6
f 1643/1/6 1279/1/6 1640/1/6
f 1312/1/6 1311/1/6 1673/1/6
f 1673/1/6 1311/1/6 1670/1/6
f 1346/1/6 1345/1/6 1709/1/6
f 1709/1/6 1345/1/6 1706/1/6
f 2037/1/6 525/1/6 1077/1/6
f 1077/1/6 525/1/6 57/1/6
f 2038/2/1 2039/2/1 425/2/1
f 425/2/1 2039/2/1 426/2/1
f 2040/2/1 2041/2/1 431/2/1
f 431/2/1 2041/2/1 432/2/1
f 2042/9/1 2043/9/1 2044/9/1
f 2044/9/1 2043/9/1 1413/9/1
f 2045/4/1 2046/4/1 2048/4/1
f 2048/4/1 2046/4/1 2047/4/1
f 2049/6/1 2050/6/1 2052/6/1
f 2052/6/1 2050/6/1 2051/6/1
f 2053/2/1 2054/2/1 2056/2/1
f 2056/2/1 2054/2/1 2055/2/1
f 2057/2/1 2058/2/1 2060/2/1
f 2060/2/1 2058/2/1 2059/2/1
f 2061/4/1 2062/4/1 2064/4/1
f 2064/4/1 2062/4/1 2063/4/1
f 2065/6/1 2066/6/1 2068/6/1
f 2068/6/1 2066/6/1 2067/6/1
f 2069/2/1 2070/2/1 2072/2/1
f 2072/2/1 2070/2/1 2071/2/1
f 2073/2/1 2074/2/1 2076/2/1
f 2076/2/1 2074/2/1 2075/2/1
f 2077/9/1 2078/9/1 2079/9/1
f 2079/9/1 2078/9/1 435/9/1
f 2080/9/1 2081/9/1 2083/9/1
f 2083/9/1 2081/9/1 2082/9/1
f 2084/9/1 2085/9/1 436/9/1
f 436/9/1 2085/9/1 2086/9/1
f 2087/9/1 2088/9/1 2089/9/1
f 2089/9/1 2088/9/1 439/9/1
f 2090/9/1 2091/9/1 2093/9/1
f 2093/9/1 2091/9/1 2092/9/1
f 2094/9/1 2095/9/1 440/9/1
f 440/9/1 2095/9/1 2096/9/1
f 2097/4/1 2098/4/1 2100/4/1
f 2100/4/1 2098/4/1 2099/4/1
f 2101/2/1 2102/2/1 429/2/1
f 429/2/1 2102/2/1 430/2/1
f 2103/6/1 2104/6/1 2106/6/1
f 2106/6/1 2104/6/1 2105/6/1
f 2107/9/1 2108/9/1 2078/9/1
f 2078/9/1 2108/9/1 2084/9/1
f 2109/9/1 2110/9/1 2088/9/1
f 2088/9/1 2110/9/1 2094/9/1
f 2111/9/1 2112/9/1 2114/9/1
f 2114/9/1 2112/9/1 2113/9/1
f 2115/2/1 2116/2/1 2118/2/1
f 2118/2/1 2116/2/1 2117/2/1
f 2116/5/1 2119/5/1 426/5/1
f 426/5/1 2119/5/1 429/5/1
f 2119/5/1 2120/5/1 2101/5/1
f 2101/5/1 2120/5/1 2102/5/1
f 2120/5/1 2121/5/1 430/5/1
f 430/5/1 2121/5/1 431/5/1
f 2121/2/1 2122/2/1 2124/2/1
f 2124/2/1 2122/2/1 2123/2/1
f 2125/9/2 2126/9/2 2127/9/2
f 2127/9/2 2126/9/2 927/9/2
f 2128/9/2 930/9/2 2130/9/2
f 2130/9/2 930/9/2 2129/9/2
f 2131/9/2 2132/9/2 2133/9/2
f 2133/9/2 2132/9/2 931/9/2
f 2134/9/2 934/9/2 2136/9/2
f 2136/9/2 934/9/2 2135/9/2
f 2137/1/2 2138/1/2 2140/1/2
f 2140/1/2 2138/1/2 2139/1/2
f 2141/1/2 2142/1/2 2144/1/2
f 2144/1/2 2142/1/2 2143/1/2
f 2145/1/2 2146/1/2 2148/1/2
f 2148/1/2 2146/1/2 2147/1/2
f 2149/1/2 2150/1/2 2152/1/2
f 2152/1/2 2150/1/2 2151/1/2
f 2153/9/2 2154/9/2 2155/9/2
f 2155/9/2 2154/9/2 1836/9/2
f 2156/9/2 2157/9/2 2159/9/2
f 2159/9/2 2157/9/2 2158/9/2
f 2160/9/2 2161/9/2 2163/9/2
f 2163/9/2 2161/9/2 2162/9/2
f 2164/9/2 2165/9/2 2167/9/2
f 2167/9/2 2165/9/2 2166/9/2
f 2168/9/2 2169/9/2 2171/9/2
f 2171/9/2 2169/9/2 2170/9/2
f 2172/1/2 2173/1/2 2175/1/2
f 2175/1/2 2173/1/2 2174/1/2
f 2176/1/2 2177/1/2 2179/1/2
f 2179/1/2 2177/1/2 2178/1/2
f 2180/1/2 2181/1/2 2183/1/2
f 2183/1/2 2181/1/2 2182/1/2
f 2184/1/2 2185/1/2 2187/1/2
f 2187/1/2 2185/1/2 2186/1/2
f 2188/9/2 2189/9/2 2191/9/2
f 2191/9/2 2189/9/2 2190/9/2
f 2192/9/2 2193/9/2 2195/9/2
f 2195/9/2 2193/9/2 2194/9/2
f 2196/9/2 2197/9/2 2199/9/2
f 2199/9/2 2197/9/2 2198/9/2
f 2200/9/2 2201/9/2 2203/9/2
f 2203/9/2 2201/9/2 2202/9/2
f 2204/9/2 2205/9/2 2207/9/2
f 2207/9/2 2205/9/2 2206/9/2
f 2208/9/2 2209/9/2 2211/9/2
f 2211/9/2 2209/9/2 2210/9/2
f 2212/2/2 922/2/2 2213/2/2
f 2213/2/2 922/2/2 923/2/2
f 2214/9/2 2191/9/2 2215/9/2
f 2215/9/2 2191/9/2 2196/9/2
f 2216/9/2 2203/9/2 2217/9/2
f 2217/9/2 2203/9/2 2208/9/2
f 2218/9/2 2219/9/2 2221/9/2
f 2221/9/2 2219/9/2 2220/9/2
f 2222/2/2 918/2/2 2223/2/2
f 2223/2/2 918/2/2 921/2/2
f 2223/5/2 921/5/2 2224/5/2
f 2224/5/2 921/5/2 922/5/2
f 2224/5/2 2212/5/2 2225/5/2
f 2225/5/2 2212/5/2 2213/5/2
f 2225/5/2 923/5/2 2226/5/2
f 2226/5/2 923/5/2 924/5/2
f 2226/2/2 924/2/2 2227/2/2
f 2227/2/2 924/2/2 926/2/2
f 2228/1/3 2229/1/3 2139/1/3
f 2139/1/3 2229/1/3 2140/1/3
f 2230/1/3 2231/1/3 2147/1/3
f 2147/1/3 2231/1/3 2148/1/3
f 2232/1/3 2233/1/3 2174/1/3
f 2174/1/3 2233/1/3 2175/1/3
f 2234/1/3 2235/1/3 2182/1/3
f 2182/1/3 2235/1/3 2183/1/3
f 432/2/3 2122/2/3 926/2/3
f 926/2/3 2122/2/3 2227/2/3
f 930/9/3 2128/9/3 2194/9/3
f 2194/9/3 2128/9/3 2236/9/3
f 934/9/3 2134/9/3 2206/9/3
f 2206/9/3 2134/9/3 2237/9/3
f 2130/1/3 2162/1/3 2143/1/3
f 2143/1/3 2162/1/3 2144/1/3
f 2136/1/3 2170/1/3 2151/1/3
f 2151/1/3 2170/1/3 2152/1/3
f 2047/4/3 2046/4/3 2039/4/3
f 2039/4/3 2046/4/3 2055/4/3
f 2051/6/3 2050/6/3 2041/6/3
f 2041/6/3 2050/6/3 2059/6/3
f 2161/9/3 2160/9/3 2239/9/3
f 2239/9/3 2160/9/3 2238/9/3
f 2169/9/3 2168/9/3 2241/9/3
f 2241/9/3 2168/9/3 2240/9/3
f 2063/4/3 2062/4/3 2054/4/3
f 2054/4/3 2062/4/3 2071/4/3
f 2067/6/3 2066/6/3 2058/6/3
f 2058/6/3 2066/6/3 2075/6/3
f 2163/1/3 2198/1/3 2178/1/3
f 2178/1/3 2198/1/3 2179/1/3
f 2171/1/3 2210/1/3 2186/1/3
f 2186/1/3 2210/1/3 2187/1/3
f 2197/9/3 2196/9/3 2242/9/3
f 2242/9/3 2196/9/3 2195/9/3
f 2209/9/3 2208/9/3 2243/9/3
f 2243/9/3 2208/9/3 2207/9/3
f 2099/4/3 2098/4/3 2070/4/3
f 2070/4/3 2098/4/3 2117/4/3
f 2105/6/3 2104/6/3 2074/6/3
f 2074/6/3 2104/6/3 2123/6/3
f 2086/9/3 2085/9/3 2129/9/3
f 2129/9/3 2085/9/3 2199/9/3
f 2096/9/3 2095/9/3 2135/9/3
f 2135/9/3 2095/9/3 2211/9/3
f 2084/9/3 2108/9/3 2196/9/3
f 2196/9/3 2108/9/3 2215/9/3
f 2094/9/3 2110/9/3 2208/9/3
f 2208/9/3 2110/9/3 2217/9/3
f 2082/9/3 2081/9/3 436/9/3
f 436/9/3 2081/9/3 2084/9/3
f 2092/9/3 2091/9/3 440/9/3
f 440/9/3 2091/9/3 2094/9/3
f 2236/1/4 2142/1/4 2239/1/4
f 2239/1/4 2142/1/4 2141/1/4
f 2237/1/4 2150/1/4 2241/1/4
f 2241/1/4 2150/1/4 2149/1/4
f 2238/1/4 2177/1/4 2242/1/4
f 2242/1/4 2177/1/4 2176/1/4
f 2240/1/4 2185/1/4 2243/1/4
f 2243/1/4 2185/1/4 2184/1/4
f 425/2/4 918/2/4 2115/2/4
f 2115/2/4 918/2/4 2222/2/4
f 927/9/4 2193/9/4 2127/9/4
f 2127/9/4 2193/9/4 2228/9/4
f 931/9/4 2205/9/4 2133/9/4
f 2133/9/4 2205/9/4 2230/9/4
f 2125/1/4 2138/1/4 2157/1/4
f 2157/1/4 2138/1/4 2137/1/4
f 2131/1/4 2146/1/4 2165/1/4
f 2165/1/4 2146/1/4 2145/1/4
f 2048/4/4 2038/4/4 2045/4/4
f 2045/4/4 2038/4/4 2056/4/4
f 2052/6/4 2040/6/4 2049/6/4
f 2049/6/4 2040/6/4 2060/6/4
f 2158/9/4 2229/9/4 2159/9/4
f 2159/9/4 2229/9/4 2232/9/4
f 2166/9/4 2231/9/4 2167/9/4
f 2167/9/4 2231/9/4 2234/9/4
f 2064/4/4 2053/4/4 2061/4/4
f 2061/4/4 2053/4/4 2072/4/4
f 2068/6/4 2057/6/4 2065/6/4
f 2065/6/4 2057/6/4 2076/6/4
f 2156/1/4 2173/1/4 2189/1/4
f 2189/1/4 2173/1/4 2172/1/4
f 2164/1/4 2181/1/4 2201/1/4
f 2201/1/4 2181/1/4 2180/1/4
f 2190/9/4 2233/9/4 2191/9/4
f 2191/9/4 2233/9/4 2192/9/4
f 2202/9/4 2235/9/4 2203/9/4
f 2203/9/4 2235/9/4 2204/9/4
f 2100/4/4 2069/4/4 2097/4/4
f 2097/4/4 2069/4/4 2118/4/4
f 2106/6/4 2073/6/4 2103/6/4
f 2103/6/4 2073/6/4 2124/6/4
f 2044/9/4 2154/9/4 2042/9/4
f 2042/9/4 2154/9/4 2153/9/4
f 2079/9/4 2126/9/4 2077/9/4
f 2077/9/4 2126/9/4 2188/9/4
f 2089/9/4 2132/9/4 2087/9/4
f 2087/9/4 2132/9/4 2200/9/4
f 2078/9/4 2191/9/4 2107/9/4
f 2107/9/4 2191/9/4 2214/9/4
f 2088/9/4 2203/9/4 2109/9/4
f 2109/9/4 2203/9/4 2216/9/4
f 2114/9/4 2219/9/4 2111/9/4
f 2111/9/4 2219/9/4 2218/9/4
f 2083/9/4 435/9/4 2080/9/4
f 2080/9/4 435/9/4 2078/9/4
f 2093/9/4 439/9/4 2090/9/4
f 2090/9/4 439/9/4 2088/9/4
f 2223/2/5 2116/2/5 2222/2/5
f 2222/2/5 2116/2/5 2115/2/5
f 2055/4/5 2046/4/5 2056/4/5
f 2056/4/5 2046/4/5 2045/4/5
f 2071/4/5 2062/4/5 2072/4/5
f 2072/4/5 2062/4/5 2061/4/5
f 2117/4/5 2098/4/5 2118/4/5
f 2118/4/5 2098/4/5 2097/4/5
f 2226/5/5 2121/5/5 2223/5/5
f 2223/5/5 2121/5/5 2116/5/5
f 2227/2/5 2122/2/5 2226/2/5
f 2226/2/5 2122/2/5 2121/2/5
f 2059/6/5 2050/6/5 2060/6/5
f 2060/6/5 2050/6/5 2049/6/5
f 2075/6/5 2066/6/5 2076/6/5
f 2076/6/5 2066/6/5 2065/6/5
f 2123/6/5 2104/6/5 2124/6/5
f 2124/6/5 2104/6/5 2103/6/5
f 2140/1/5 2158/1/5 2137/1/5
f 2137/1/5 2158/1/5 2157/1/5
f 2175/1/5 2190/1/5 2172/1/5
f 2172/1/5 2190/1/5 2189/1/5
f 2191/9/5 2078/9/5 2188/9/5
f 2188/9/5 2078/9/5 2077/9/5
f 2195/9/5 2196/9/5 2192/9/5
f 2192/9/5 2196/9/5 2191/9/5
f 2215/9/5 2108/9/5 2214/9/5
f 2214/9/5 2108/9/5 2107/9/5
f 2084/9/5 2081/9/5 2078/9/5
f 2078/9/5 2081/9/5 2080/9/5
f 2144/1/5 2162/1/5 2141/1/5
f 2141/1/5 2162/1/5 2161/1/5
f 2179/1/5 2198/1/5 2176/1/5
f 2176/1/5 2198/1/5 2197/1/5
f 2199/9/5 2085/9/5 2196/9/5
f 2196/9/5 2085/9/5 2084/9/5
f 2148/1/5 2166/1/5 2145/1/5
f 2145/1/5 2166/1/5 2165/1/5
f 2183/1/5 2202/1/5 2180/1/5
f 2180/1/5 2202/1/5 2201/1/5
f 2203/9/5 2088/9/5 2200/9/5
f 2200/9/5 2088/9/5 2087/9/5
f 2207/9/5 2208/9/5 2204/9/5
f 2204/9/5 2208/9/5 2203/9/5
f 2217/9/5 2110/9/5 2216/9/5
f 2216/9/5 2110/9/5 2109/9/5
f 2094/9/5 2091/9/5 2088/9/5
f 2088/9/5 2091/9/5 2090/9/5
f 2152/1/5 2170/1/5 2149/1/5
f 2149/1/5 2170/1/5 2169/1/5
f 2187/1/5 2210/1/5 2184/1/5
f 2184/1/5 2210/1/5 2209/1/5
f 2211/9/5 2095/9/5 2208/9/5
f 2208/9/5 2095/9/5 2094/9/5
f 2155/9/5 2043/9/5 2153/9/5
f 2153/9/5 2043/9/5 2042/9/5
f 2221/9/5 2112/9/5 2218/9/5
f 2218/9/5 2112/9/5 2111/9/5
f 2039/4/6 2038/4/6 2047/4/6
f 2047/4/6 2038/4/6 2048/4/6
f 2054/4/6 2053/4/6 2063/4/6
f 2063/4/6 2053/4/6 2064/4/6
f 2070/4/6 2069/4/6 2099/4/6
f 2099/4/6 2069/4/6 2100/4/6
f 2041/6/6 2040/6/6 2051/6/6
f 2051/6/6 2040/6/6 2052/6/6
f 2058/6/6 2057/6/6 2067/6/6
f 2067/6/6 2057/6/6 2068/6/6
f 2074/6/6 2073/6/6 2105/6/6
f 2105/6/6 2073/6/6 2106/6/6
f 2139/1/6 2138/1/6 2127/1/6
f 2127/1/6 2138/1/6 2125/1/6
f 2174/1/6 2173/1/6 2159/1/6
f 2159/1/6 2173/1/6 2156/1/6
f 927/9/6 2126/9/6 435/9/6
f 435/9/6 2126/9/6 2079/9/6
f 2194/9/6 2193/9/6 930/9/6
f 930/9/6 2193/9/6 927/9/6
f 436/9/6 435/9/6 2082/9/6
f 2082/9/6 435/9/6 2083/9/6
f 2143/1/6 2142/1/6 2130/1/6
f 2130/1/6 2142/1/6 2128/1/6
f 2178/1/6 2177/1/6 2163/1/6
f 2163/1/6 2177/1/6 2160/1/6
f 2129/9/6 930/9/6 2086/9/6
f 2086/9/6 930/9/6 436/9/6
f 2147/1/6 2146/1/6 2133/1/6
f 2133/1/6 2146/1/6 2131/1/6
f 2182/1/6 2181/1/6 2167/1/6
f 2167/1/6 2181/1/6 2164/1/6
f 931/9/6 2132/9/6 439/9/6
f 439/9/6 2132/9/6 2089/9/6
f 2206/9/6 2205/9/6 934/9/6
f 934/9/6 2205/9/6 931/9/6
f 440/9/6 439/9/6 2092/9/6
f 2092/9/6 439/9/6 2093/9/6
f 2151/1/6 2150/1/6 2136/1/6
f 2136/1/6 2150/1/6 2134/1/6
f 2186/1/6 2185/1/6 2171/1/6
f 2171/1/6 2185/1/6 2168/1/6
f 2135/9/6 934/9/6 2096/9/6
f 2096/9/6 934/9/6 440/9/6
f 1836/9/6 2154/9/6 1413/9/6
f 1413/9/6 2154/9/6 2044/9/6
f 2220/9/6 2219/9/6 2113/9/6
f 2113/9/6 2219/9/6 2114/9/6
f 2244/9/1 2245/9/1 2247/9/1
f 2247/9/1 2245/9/1 2246/9/1
f 2248/9/1 2249/9/1 1414/9/1
f 1414/9/1 2249/9/1 2250/9/1
f 2251/9/1 2252/9/1 2043/9/1
f 2043/9/1 2252/9/1 2248/9/1
f 2113/9/1 2253/9/1 2255/9/1
f 2255/9/1 2253/9/1 2254/9/1
f 2256/9/1 2257/9/1 2259/9/1
f 2259/9/1 2257/9/1 2258/9/1
f 2260/9/1 2261/9/1 2253/9/1
f 2253/9/1 2261/9/1 2262/9/1
f 2263/9/1 2264/9/1 2112/9/1
f 2112/9/1 2264/9/1 2260/9/1
f 2265/9/2 2266/9/2 2268/9/2
f 2268/9/2 2266/9/2 2267/9/2
f 2269/9/2 1855/9/2 2271/9/2
f 2271/9/2 1855/9/2 2270/9/2
f 2272/9/2 2155/9/2 2274/9/2
f 2274/9/2 2155/9/2 2273/9/2
f 2275/1/2 2276/1/2 2278/1/2
f 2278/1/2 2276/1/2 2277/1/2
f 2279/9/2 2280/9/2 2282/9/2
f 2282/9/2 2280/9/2 2281/9/2
f 2283/1/2 2284/1/2 2286/1/2
f 2286/1/2 2284/1/2 2285/1/2
f 2287/9/2 2288/9/2 2289/9/2
f 2289/9/2 2288/9/2 2269/9/2
f 2220/9/2 2290/9/2 2292/9/2
f 2292/9/2 2290/9/2 2291/9/2
f 2293/1/2 2294/1/2 2296/1/2
f 2296/1/2 2294/1/2 2295/1/2
f 2297/9/2 2298/9/2 2300/9/2
f 2300/9/2 2298/9/2 2299/9/2
f 2301/1/2 2302/1/2 2304/1/2
f 2304/1/2 2302/1/2 2303/1/2
f 2305/9/2 2306/9/2 2308/9/2
f 2308/9/2 2306/9/2 2307/9/2
f 2309/9/2 2310/9/2 2312/9/2
f 2312/9/2 2310/9/2 2311/9/2
f 2313/9/2 2308/9/2 2315/9/2
f 2315/9/2 2308/9/2 2314/9/2
f 2316/9/2 2221/9/2 2318/9/2
f 2318/9/2 2221/9/2 2317/9/2
f 2319/1/2 2320/1/2 2322/1/2
f 2322/1/2 2320/1/2 2321/1/2
f 2323/9/2 2324/9/2 2326/9/2
f 2326/9/2 2324/9/2 2325/9/2
f 2327/1/2 2328/1/2 2330/1/2
f 2330/1/2 2328/1/2 2329/1/2
f 2331/9/2 2332/9/2 2333/9/2
f 2333/9/2 2332/9/2 2313/9/2
f 1855/9/3 2269/9/3 2267/9/3
f 2267/9/3 2269/9/3 2268/9/3
f 2280/1/3 2279/1/3 2277/1/3
f 2277/1/3 2279/1/3 2278/1/3
f 2288/1/3 2287/1/3 2285/1/3
f 2285/1/3 2287/1/3 2286/1/3
f 2298/1/3 2297/1/3 2295/1/3
f 2295/1/3 2297/1/3 2296/1/3
f 2306/1/3 2305/1/3 2303/1/3
f 2303/1/3 2305/1/3 2304/1/3
f 2308/9/3 2313/9/3 2311/9/3
f 2311/9/3 2313/9/3 2312/9/3
f 2324/1/3 2323/1/3 2321/1/3
f 2321/1/3 2323/1/3 2322/1/3
f 2332/1/3 2331/1/3 2329/1/3
f 2329/1/3 2331/1/3 2330/1/3
f 2250/9/3 2249/9/3 2270/9/3
f 2270/9/3 2249/9/3 2271/9/3
f 2248/9/3 2252/9/3 2269/9/3
f 2269/9/3 2252/9/3 2289/9/3
f 2254/9/3 2253/9/3 2307/9/3
f 2307/9/3 2253/9/3 2308/9/3
f 2262/9/3 2261/9/3 2314/9/3
f 2314/9/3 2261/9/3 2315/9/3
f 2260/9/3 2264/9/3 2313/9/3
f 2313/9/3 2264/9/3 2333/9/3
f 2246/9/3 2245/9/3 1414/9/3
f 1414/9/3 2245/9/3 2248/9/3
f 2258/9/3 2257/9/3 2253/9/3
f 2253/9/3 2257/9/3 2260/9/3
f 1836/9/4 2266/9/4 2155/9/4
f 2155/9/4 2266/9/4 2265/9/4
f 2273/1/4 2276/1/4 2274/1/4
f 2274/1/4 2276/1/4 2275/1/4
f 2281/1/4 2284/1/4 2282/1/4
f 2282/1/4 2284/1/4 2283/1/4
f 2291/1/4 2294/1/4 2292/1/4
f 2292/1/4 2294/1/4 2293/1/4
f 2299/1/4 2302/1/4 2300/1/4
f 2300/1/4 2302/1/4 2301/1/4
f 2220/9/4 2310/9/4 2221/9/4
f 2221/9/4 2310/9/4 2309/9/4
f 2317/1/4 2320/1/4 2318/1/4
f 2318/1/4 2320/1/4 2319/1/4
f 2325/1/4 2328/1/4 2326/1/4
f 2326/1/4 2328/1/4 2327/1/4
f 2043/9/4 2155/9/4 2251/9/4
f 2251/9/4 2155/9/4 2272/9/4
f 2255/9/4 2290/9/4 2113/9/4
f 2113/9/4 2290/9/4 2220/9/4
f 2112/9/4 2221/9/4 2263/9/4
f 2263/9/4 2221/9/4 2316/9/4
f 2247/9/4 1413/9/4 2244/9/4
f 2244/9/4 1413/9/4 2043/9/4
f 2259/9/4 2113/9/4 2256/9/4
f 2256/9/4 2113/9/4 2112/9/4
f 2334/9/5 2273/9/5 2265/9/5
f 2265/9/5 2273/9/5 2155/9/5
f 2335/9/5 2317/9/5 2309/9/5
f 2309/9/5 2317/9/5 2221/9/5
f 2296/1/5 2336/1/5 2293/1/5
f 2293/1/5 2336/1/5 2337/1/5
f 2278/1/5 2279/1/5 2275/1/5
f 2275/1/5 2279/1/5 2274/1/5
f 2322/1/5 2323/1/5 2319/1/5
f 2319/1/5 2323/1/5 2318/1/5
f 2338/9/5 2281/9/5 2339/9/5
f 2339/9/5 2281/9/5 2280/9/5
f 2340/9/5 2325/9/5 2341/9/5
f 2341/9/5 2325/9/5 2324/9/5
f 2304/1/5 2342/1/5 2301/1/5
f 2301/1/5 2342/1/5 2343/1/5
f 2286/1/5 2287/1/5 2283/1/5
f 2283/1/5 2287/1/5 2282/1/5
f 2330/1/5 2331/1/5 2327/1/5
f 2327/1/5 2331/1/5 2326/1/5
f 2268/9/5 2269/9/5 2344/9/5
f 2344/9/5 2269/9/5 2288/9/5
f 2312/9/5 2313/9/5 2345/9/5
f 2345/9/5 2313/9/5 2332/9/5
f 2289/9/5 2252/9/5 2272/9/5
f 2272/9/5 2252/9/5 2251/9/5
f 2333/9/5 2264/9/5 2316/9/5
f 2316/9/5 2264/9/5 2263/9/5
f 2248/9/5 2245/9/5 2043/9/5
f 2043/9/5 2245/9/5 2244/9/5
f 2260/9/5 2257/9/5 2112/9/5
f 2112/9/5 2257/9/5 2256/9/5
f 2271/9/5 2249/9/5 2269/9/5
f 2269/9/5 2249/9/5 2248/9/5
f 2315/9/5 2261/9/5 2313/9/5
f 2313/9/5 2261/9/5 2260/9/5
f 1979/9/6 2266/9/6 1839/9/6
f 1839/9/6 2266/9/6 1836/9/6
f 2337/9/6 2310/9/6 2292/9/6
f 2292/9/6 2310/9/6 2220/9/6
f 2277/1/6 2276/1/6 2339/1/6
f 2339/1/6 2276/1/6 2334/1/6
f 2321/1/6 2320/1/6 2341/1/6
f 2341/1/6 2320/1/6 2335/1/6
f 2295/1/6 2294/1/6 2298/1/6
f 2298/1/6 2294/1/6 2291/1/6
f 1995/9/6 1978/9/6 1847/9/6
f 1847/9/6 1978/9/6 1844/9/6
f 2343/9/6 2336/9/6 2300/9/6
f 2300/9/6 2336/9/6 2297/9/6
f 2285/1/6 2284/1/6 2344/1/6
f 2344/1/6 2284/1/6 2338/1/6
f 2329/1/6 2328/1/6 2345/1/6
f 2345/1/6 2328/1/6 2340/1/6
f 2303/1/6 2302/1/6 2306/1/6
f 2306/1/6 2302/1/6 2299/1/6
f 2267/9/6 1994/9/6 1855/9/6
f 1855/9/6 1994/9/6 1852/9/6
f 2311/9/6 2342/9/6 2308/9/6
f 2308/9/6 2342/9/6 2305/9/6
f 2307/9/6 2290/9/6 2254/9/6
f 2254/9/6 2290/9/6 2255/9/6
f 1414/9/6 1413/9/6 2246/9/6
f 2246/9/6 1413/9/6 2247/9/6
f 2253/9/6 2113/9/6 2258/9/6
f 2258/9/6 2113/9/6 2259/9/6
f 2270/9/6 1855/9/6 2250/9/6
f 2250/9/6 1855/9/6 1414/9/6
f 2314/9/6 2308/9/6 2262/9/6
f 2262/9/6 2308/9/6 2253/9/6
