# Vengi binary mesh normalized for Tanks of Freedom II

mtllib ../../../materials/vox_grass.mtl
o wall2_straight

v 1 4.1 1
v -1.1 4.1 1
v -1.1 4.1 1.1
v 1 4.1 1.1
v 0.7 4.1 0.9
v 0.6 4.1 0.9
v 0.6 4.1 1
v 0.7 4.1 1
v 0.5 4.1 0.9
v 0.4 4.1 0.9
v 0.4 4.1 1
v 0.5 4.1 1
v 0.3 4.1 0.9
v 0.2 4.1 0.9
v 0.2 4.1 1
v 0.3 4.1 1
v 0.1 4.1 0.9
v 0 4.1 0.9
v 0 4.1 1
v 0.1 4.1 1
v -0.1 4.1 0.9
v -0.2 4.1 0.9
v -0.2 4.1 1
v -0.1 4.1 1
v -0.3 4.1 0.9
v -0.4 4.1 0.9
v -0.4 4.1 1
v -0.3 4.1 1
v -0.5 4.1 0.9
v -0.6 4.1 0.9
v -0.6 4.1 1
v -0.5 4.1 1
v -0.7 4.1 0.9
v -0.8 4.1 0.9
v -0.8 4.1 1
v -0.7 4.1 1
v 0.8 4.4 0.9
v -0.8 4.4 0.9
v -0.8 4.4 1
v 0.8 4.4 1
v 0.9 5.2 0.9
v -1.1 5.2 0.9
v -1.1 5.2 1.1
v 0.9 5.2 1.1
v 1 4.1 0.7
v 0.9 4.1 0.7
v 0.9 4.1 0.8
v 1 4.1 0.8
v 0.7 5.3 0.7
v -0.9 5.3 0.7
v -0.9 5.3 0.9
v 0.7 5.3 0.9
v -0.9 4.1 0.6
v -1 4.1 0.6
v -1 4.1 0.7
v -0.9 4.1 0.7
v 1 4.1 0.5
v 0.9 4.1 0.5
v 0.9 4.1 0.6
v 1 4.1 0.6
v 0.5 5.4 0.5
v -0.7 5.4 0.5
v -0.7 5.4 0.7
v 0.5 5.4 0.7
v 0 3.9 0.5
v -0.8 3.9 0.5
v -0.8 3.9 0.9
v 0 3.9 0.9
v -0.9 4.1 0.4
v -1 4.1 0.4
v -1 4.1 0.5
v -0.9 4.1 0.5
v 1 4.1 0.3
v 0.9 4.1 0.3
v 0.9 4.1 0.4
v 1 4.1 0.4
v 0.3 5.5 0.3
v -0.5 5.5 0.3
v -0.5 5.5 0.5
v 0.3 5.5 0.5
v -0.2 3.9 0.2
v -0.5 3.9 0.2
v -0.5 3.9 0.5
v -0.2 3.9 0.5
v -0.9 4.1 0.2
v -1 4.1 0.2
v -1 4.1 0.3
v -0.9 4.1 0.3
v 1 4.1 0.1
v 0.9 4.1 0.1
v 0.9 4.1 0.2
v 1 4.1 0.2
v -0.2 3.9 0.1
v -0.3 3.9 0.1
v -0.3 3.9 0.2
v 0.1 5.6 0.1
v -0.3 5.6 0.1
v -0.3 5.6 0.3
v 0.1 5.6 0.3
v 0 3.9 0
v -0.2 3.9 0
v -0.3 3.9 0
v -0.5 3.9 0
v -0.9 4.1 0
v -1 4.1 0
v -1 4.1 0.1
v -0.9 4.1 0.1
v 1 4.1 -0.1
v 0.9 4.1 -0.1
v 0.9 4.1 0
v 1 4.1 0
v 0.1 5.7 -0.1
v -0.1 5.7 -0.1
v -0.1 5.7 0.1
v 0.1 5.7 0.1
v 4 3.3 -0.2
v 1 3.3 -0.2
v 1 3.3 0.2
v 4 3.3 0.2
v -0.9 4.1 -0.2
v -1 4.1 -0.2
v -1 4.1 -0.1
v -0.9 4.1 -0.1
v -1 3.3 -0.2
v -2.2 3.3 -0.2
v -2.2 3.3 0.2
v -1 3.3 0.2
v 1 4.1 -0.3
v 0.9 4.1 -0.3
v 0.9 4.1 -0.2
v 1 4.1 -0.2
v 0.3 5.6 -0.3
v 0.1 5.6 -0.3
v 0.3 5.6 0.3
v -0.1 5.6 -0.3
v -0.1 5.6 -0.1
v 0.1 5.6 -0.1
v -0.3 5.6 -0.3
v -0.1 5.6 0.1
v -0.9 4.1 -0.4
v -1 4.1 -0.4
v -1 4.1 -0.3
v -0.9 4.1 -0.3
v 1 4.1 -0.5
v 0.9 4.1 -0.5
v 0.9 4.1 -0.4
v 1 4.1 -0.4
v 0.5 5.5 -0.5
v 0.3 5.5 -0.5
v 0.5 5.5 0.5
v -0.3 5.5 -0.5
v -0.3 5.5 -0.3
v 0.3 5.5 -0.3
v -0.5 5.5 -0.5
v -0.3 5.5 0.3
v -0.9 4.1 -0.6
v -1 4.1 -0.6
v -1 4.1 -0.5
v -0.9 4.1 -0.5
v 1 4.1 -0.7
v 0.9 4.1 -0.7
v 0.9 4.1 -0.6
v 1 4.1 -0.6
v 0.7 5.4 -0.7
v 0.5 5.4 -0.7
v 0.7 5.4 0.7
v -0.5 5.4 -0.7
v -0.5 5.4 -0.5
v 0.5 5.4 -0.5
v -0.7 5.4 -0.7
v -0.5 5.4 0.5
v 1 4.4 -0.8
v 0.9 4.4 -0.8
v 0.9 4.4 0.8
v 1 4.4 0.8
v 0.9 3.9 -0.8
v 0.8 3.9 -0.8
v 0.8 3.9 0.8
v 0.9 3.9 0.8
v -0.8 3.9 -0.8
v -0.9 3.9 -0.8
v -0.9 3.9 0.8
v -0.8 3.9 0.8
v -0.9 4.1 -0.8
v -1 4.1 -0.8
v -1 4.1 -0.7
v -0.9 4.1 -0.7
v -0.9 4.4 -0.8
v -1 4.4 -0.8
v -1 4.4 0.8
v -0.9 4.4 0.8
v 0.9 5.3 -0.9
v 0.7 5.3 -0.9
v 0.9 5.3 0.9
v 0.8 3.9 -0.9
v 0 3.9 -0.9
v 0.8 3.9 0.9
v -0.5 3.9 -0.9
v -0.7 5.3 -0.9
v -0.7 5.3 -0.7
v 0.7 5.3 -0.7
v -0.8 3.9 -0.9
v -0.9 5.3 -0.9
v -0.7 5.3 0.7
v 0.8 4.4 -1
v -0.8 4.4 -1
v -0.8 4.4 -0.9
v 0.8 4.4 -0.9
v 1.1 4.1 -1.1
v 1 4.1 -1.1
v 1.1 4.1 1.1
v 1.1 5.2 -1.1
v 0.9 5.2 -1.1
v 1.1 5.2 1.1
v 0.8 4.1 -1.1
v 0.8 4.1 -1
v 1 4.1 -1
v 0.7 4.1 -1.1
v 0.7 4.1 -0.9
v 0.8 4.1 -0.9
v 0.6 4.1 -1.1
v 0.6 4.1 -1
v 0.7 4.1 -1
v 0.5 4.1 -1.1
v 0.5 4.1 -0.9
v 0.6 4.1 -0.9
v 0.4 4.1 -1.1
v 0.4 4.1 -1
v 0.5 4.1 -1
v 0.3 4.1 -1.1
v 0.3 4.1 -0.9
v 0.4 4.1 -0.9
v 0.2 4.1 -1.1
v 0.2 4.1 -1
v 0.3 4.1 -1
v 0.1 4.1 -1.1
v 0.1 4.1 -0.9
v 0.2 4.1 -0.9
v 0 4.1 -1.1
v 0 4.1 -1
v 0.1 4.1 -1
v -0.1 4.1 -1.1
v -0.1 4.1 -0.9
v 0 4.1 -0.9
v -0.2 4.1 -1.1
v -0.2 4.1 -1
v -0.1 4.1 -1
v -0.3 4.1 -1.1
v -0.3 4.1 -0.9
v -0.2 4.1 -0.9
v -0.4 4.1 -1.1
v -0.4 4.1 -1
v -0.3 4.1 -1
v -0.5 4.1 -1.1
v -0.5 4.1 -0.9
v -0.4 4.1 -0.9
v -0.6 4.1 -1.1
v -0.6 4.1 -1
v -0.5 4.1 -1
v -0.7 4.1 -1.1
v -0.7 4.1 -0.9
v -0.6 4.1 -0.9
v -0.9 5.2 -1.1
v -0.9 5.2 -0.9
v 0.9 5.2 -0.9
v -1 4.1 -1.1
v -1 4.1 -1
v -0.7 4.1 -1
v -1.1 4.1 -1.1
v -1 4.1 1
v -1.1 5.2 -1.1
v -0.9 5.2 0.9
v 1 3.9 1
v 1 3.9 1.1
v -1.1 3.9 1.1
v -1.1 3.9 1
v 1 5.1 1
v 1 5.1 1.1
v -1.1 5.1 1.1
v -1.1 5.1 1
v 0.7 4.3 0.9
v 0.7 4.3 1
v 0.6 4.3 1
v 0.6 4.3 0.9
v 0.5 4.3 0.9
v 0.5 4.3 1
v 0.4 4.3 1
v 0.4 4.3 0.9
v 0.3 4.3 0.9
v 0.3 4.3 1
v 0.2 4.3 1
v 0.2 4.3 0.9
v 0.1 4.3 0.9
v 0.1 4.3 1
v 0 4.3 1
v 0 4.3 0.9
v -0.1 4.3 0.9
v -0.1 4.3 1
v -0.2 4.3 1
v -0.2 4.3 0.9
v -0.3 4.3 0.9
v -0.3 4.3 1
v -0.4 4.3 1
v -0.4 4.3 0.9
v -0.5 4.3 0.9
v -0.5 4.3 1
v -0.6 4.3 1
v -0.6 4.3 0.9
v -0.7 4.3 0.9
v -0.7 4.3 1
v -0.8 4.3 1
v -0.8 4.3 0.9
v 0.8 0 0.8
v 0.8 0 1
v 0.7 0 1
v 0.7 0 0.8
v 0 0 1
v 0 0 0.8
v -0.1 0 1
v -0.1 0 0.8
v -0.7 0 1
v -0.7 0 0.8
v -0.8 0 1
v -0.8 0 0.8
v 1 4.3 0.7
v 1 4.3 0.8
v 0.9 4.3 0.8
v 0.9 4.3 0.7
v -0.9 4.3 0.6
v -0.9 4.3 0.7
v -1 4.3 0.7
v -1 4.3 0.6
v 1 4.3 0.5
v 1 4.3 0.6
v 0.9 4.3 0.6
v 0.9 4.3 0.5
v 0 3.8 0.5
v 0 3.8 0.8
v -0.8 3.8 0.8
v -0.8 3.8 0.5
v 1 0 0.4
v 1 0 1
v 0.8 0 0.4
v -0.8 0 0.4
v -1 0 1
v -1 0 0.4
v -0.9 4.3 0.4
v -0.9 4.3 0.5
v -1 4.3 0.5
v -1 4.3 0.4
v 1 4.3 0.3
v 1 4.3 0.4
v 0.9 4.3 0.4
v 0.9 4.3 0.3
v 1 0 0.3
v 0.8 0 0.3
v -0.8 0 0.3
v -1 0 0.3
v -0.2 3.8 0.2
v -0.2 3.8 0.5
v -0.5 3.8 0.5
v -0.5 3.8 0.2
v -0.9 4.3 0.2
v -0.9 4.3 0.3
v -1 4.3 0.3
v -1 4.3 0.2
v 1 4.3 0.1
v 1 4.3 0.2
v 0.9 4.3 0.2
v 0.9 4.3 0.1
v -0.2 3.8 0.1
v -0.3 3.8 0.2
v -0.3 3.8 0.1
v 4 0 0
v 4 0 0.2
v 3.7 0 0.2
v 3.7 0 0
v 3.6 0 0.2
v 3.6 0 0
v 3.3 0 0
v 3.3 0 0.2
v 3 0 0.2
v 3 0 0
v 2.9 0 0.2
v 2.9 0 0
v 2.6 0 0
v 2.6 0 0.2
v 2.3 0 0.2
v 2.3 0 0
v 2.2 0 0.2
v 2.2 0 0
v 1.9 0 0
v 1.9 0 0.2
v 1.6 0 0.2
v 1.6 0 0
v 1.5 0 0.2
v 1.5 0 0
v 1.2 0 0
v 1.2 0 0.2
v 1 0 0.2
v 1 0 0
v 0 3.8 0
v -0.2 3.8 0
v -0.3 3.8 0
v -0.5 3.8 0
v -0.9 4.3 0
v -0.9 4.3 0.1
v -1 4.3 0.1
v -1 4.3 0
v -1.1 0 0
v -1.1 0 0.2
v -1.5 0 0.2
v -1.5 0 0
v -1.6 0 0.2
v -1.6 0 0
v -1.8 0 0
v -1.8 0 0.2
v -2.2 0 0.2
v -2.2 0 0
v 1 4.3 -0.1
v 1 4.3 0
v 0.9 4.3 0
v 0.9 4.3 -0.1
v 4 0 -0.2
v 3.9 0 0
v 3.9 0 -0.2
v 3.6 0 -0.2
v 3.3 0 -0.2
v 3.2 0 0
v 3.2 0 -0.2
v 2.9 0 -0.2
v 2.6 0 -0.2
v 2.5 0 0
v 2.5 0 -0.2
v 2.2 0 -0.2
v 1.9 0 -0.2
v 1.8 0 0
v 1.8 0 -0.2
v 1.5 0 -0.2
v 1.2 0 -0.2
v 1.1 0 0
v 1.1 0 -0.2
v 1 0 -0.2
v -0.9 4.3 -0.2
v -0.9 4.3 -0.1
v -1 4.3 -0.1
v -1 4.3 -0.2
v -1 0 -0.2
v -1 0 0.2
v -1.1 0 -0.2
v -1.2 0 0
v -1.2 0 -0.2
v -1.6 0 -0.2
v -1.8 0 -0.2
v -1.9 0 0
v -1.9 0 -0.2
v -2.2 0 -0.2
v 1 4.3 -0.3
v 1 4.3 -0.2
v 0.9 4.3 -0.2
v 0.9 4.3 -0.3
v 1 0 -0.3
v 0.8 0 -0.3
v -0.8 0 -0.3
v -1 0 -0.3
v 1 0 -0.4
v 0.8 0 -0.4
v -0.8 0 -0.4
v -1 0 -0.4
v -0.9 4.3 -0.4
v -0.9 4.3 -0.3
v -1 4.3 -0.3
v -1 4.3 -0.4
v 1 4.3 -0.5
v 1 4.3 -0.4
v 0.9 4.3 -0.4
v 0.9 4.3 -0.5
v -0.9 4.3 -0.6
v -0.9 4.3 -0.5
v -1 4.3 -0.5
v -1 4.3 -0.6
v 1 4.3 -0.7
v 1 4.3 -0.6
v 0.9 4.3 -0.6
v 0.9 4.3 -0.7
v 1 5.1 -0.8
v 1 5.1 0.8
v 0.8 5.1 0.8
v 0.8 5.1 -0.8
v 0.8 3.8 -0.8
v 0.8 3.8 0.8
v 0 3.8 -0.8
v -0.5 3.8 -0.8
v -0.8 3.8 -0.8
v -0.9 4.3 -0.8
v -0.9 4.3 -0.7
v -1 4.3 -0.7
v -1 4.3 -0.8
v -0.8 5.1 -0.8
v -0.8 5.1 0.8
v -1 5.1 0.8
v -1 5.1 -0.8
v 1 0 -1
v 0.8 0 -1
v 0.8 0 -0.8
v 0.7 0 -0.8
v 0.7 0 -1
v 0.8 4.3 -1
v 0.8 4.3 -0.9
v 0.7 4.3 -0.9
v 0.7 4.3 -1
v 0.6 4.3 -1
v 0.6 4.3 -0.9
v 0.5 4.3 -0.9
v 0.5 4.3 -1
v 0.4 4.3 -1
v 0.4 4.3 -0.9
v 0.3 4.3 -0.9
v 0.3 4.3 -1
v 0.1 0 -0.8
v 0.1 0 -1
v 0.2 4.3 -1
v 0.2 4.3 -0.9
v 0.1 4.3 -0.9
v 0.1 4.3 -1
v 0 0 -0.8
v 0 0 -1
v 0 4.3 -1
v 0 4.3 -0.9
v -0.1 4.3 -0.9
v -0.1 4.3 -1
v -0.2 4.3 -1
v -0.2 4.3 -0.9
v -0.3 4.3 -0.9
v -0.3 4.3 -1
v -0.4 4.3 -1
v -0.4 4.3 -0.9
v -0.5 4.3 -0.9
v -0.5 4.3 -1
v -0.7 0 -0.8
v -0.7 0 -1
v -0.6 4.3 -1
v -0.6 4.3 -0.9
v -0.7 4.3 -0.9
v -0.7 4.3 -1
v -0.8 0 -0.8
v -0.8 0 -1
v -1 0 -1
v 1.1 3.9 -1.1
v 1.1 3.9 1.1
v 1 3.9 -1.1
v 1.1 5.1 -1.1
v 1.1 5.1 1.1
v 1 5.1 -1.1
v 1 5.1 -1
v 0.8 5.1 -1
v 0.8 5.1 -1.1
v 0.8 5.1 1
v -0.8 5.1 1
v -0.8 5.1 -1.1
v 1 3.9 -1
v -1 3.9 -1
v -1 3.9 -1.1
v -0.8 5.1 -1
v -1 5.1 -1
v -1 5.1 -1.1
v -1 3.9 1
v -1.1 3.9 -1.1
v -1 5.1 1
v -1.1 5.1 -1.1
v 0.8 0.2 0.8
v 0.8 0.2 0.4
v -1 0.2 1
v -1 0.2 0.4
v -1 0.2 0.3
v -1 0.2 0.2
v 0.8 0.2 0.3
v 0.8 0.2 -0.3
v -1 0.2 -0.2
v -1 0.2 -0.3
v 0.8 0.2 -0.4
v 0.8 0.2 -0.8
v -1 0.2 -0.4
v -1 0.2 -1
v 0.8 0.3 0.7
v 0.8 0.3 0.4
v 0.8 0.2 0.7
v -1 0.3 1
v -1 0.3 0.4
v 0.8 0.3 0.3
v -1 0.3 0.3
v -1 0.3 0.2
v 0.8 0.3 -0.3
v -1 0.3 -0.2
v -1 0.3 -0.3
v 0.8 0.3 -0.4
v -1 0.3 -0.4
v 0.8 0.3 -0.8
v -1 0.3 -1
v -1 0.5 1
v -1 0.5 0.8
v -1 0.3 0.8
v -1 0.5 0.7
v -1 0.5 0.2
v -1 0.3 0.7
v 0.8 0.5 0.7
v 0.8 0.5 0.1
v 0.8 0.3 0.1
v 0.8 0.5 0
v 0.8 0.5 -0.7
v 0.8 0.3 -0.7
v 0.8 0.3 0
v -1 0.5 -0.2
v -1 0.5 -0.7
v -1 0.3 -0.7
v -1 0.5 -0.8
v -1 0.5 -1
v -1 0.3 -0.8
v -1 0.6 1
v -1 0.6 0.8
v 0.8 0.6 0.8
v 0.8 0.6 0.7
v -1 0.6 0.7
v -1 0.6 0.2
v 0.8 0.6 0.1
v 0.8 0.6 0
v 0.8 0.6 -0.7
v -1 0.6 -0.2
v -1 0.6 -0.7
v 0.8 0.6 -0.8
v -1 0.6 -0.8
v -1 0.6 -1
v 0.8 0.8 0.8
v 0.8 0.8 0.4
v 0.8 0.6 0.4
v -1 0.8 1
v -1 0.8 0.4
v -1 0.6 0.4
v -1 0.8 0.3
v -1 0.8 0.2
v -1 0.6 0.3
v 0.8 0.8 0.3
v 0.8 0.8 -0.3
v 0.8 0.6 -0.3
v 0.8 0.6 0.3
v -1 0.8 -0.2
v -1 0.8 -0.3
v -1 0.6 -0.3
v 0.8 0.8 -0.4
v 0.8 0.8 -0.8
v 0.8 0.6 -0.4
v -1 0.8 -0.4
v -1 0.8 -1
v -1 0.6 -0.4
v 0.8 0.9 0.7
v 0.8 0.9 0.4
v 0.8 0.8 0.7
v -1 0.9 1
v -1 0.9 0.4
v 0.8 0.9 0.3
v -1 0.9 0.3
v -1 0.9 0.2
v 0.8 0.9 -0.3
v -1 0.9 -0.2
v -1 0.9 -0.3
v 0.8 0.9 -0.4
v -1 0.9 -0.4
v 0.8 0.9 -0.8
v -1 0.9 -1
v -1 1.1 1
v -1 1.1 0.8
v -1 0.9 0.8
v -1 1.1 0.7
v -1 1.1 0.2
v -1 0.9 0.7
v 0.8 1.1 0.7
v 0.8 1.1 0.1
v 0.8 0.9 0.1
v 0.8 1.1 0
v 0.8 1.1 -0.7
v 0.8 0.9 -0.7
v 0.8 0.9 0
v -1 1.1 -0.2
v -1 1.1 -0.7
v -1 0.9 -0.7
v -1 1.1 -0.8
v -1 1.1 -1
v -1 0.9 -0.8
v -1 1.2 1
v -1 1.2 0.8
v 0.8 1.2 0.8
v 0.8 1.2 0.7
v -1 1.2 0.7
v -1 1.2 0.2
v 0.8 1.2 0.1
v 0.8 1.2 0
v 0.8 1.2 -0.7
v -1 1.2 -0.2
v -1 1.2 -0.7
v 0.8 1.2 -0.8
v -1 1.2 -0.8
v -1 1.2 -1
v 0.8 1.4 0.8
v 0.8 1.4 0.4
v 0.8 1.2 0.4
v -1 1.4 1
v -1 1.4 0.4
v -1 1.2 0.4
v -1 1.4 0.3
v -1 1.4 0.2
v -1 1.2 0.3
v 0.8 1.4 0.3
v 0.8 1.4 -0.3
v 0.8 1.2 -0.3
v 0.8 1.2 0.3
v -1 1.4 -0.2
v -1 1.4 -0.3
v -1 1.2 -0.3
v 0.8 1.4 -0.4
v 0.8 1.4 -0.8
v 0.8 1.2 -0.4
v -1 1.4 -0.4
v -1 1.4 -1
v -1 1.2 -0.4
v 0.8 1.5 0.7
v 0.8 1.5 0.4
v 0.8 1.4 0.7
v -1 1.5 1
v -1 1.5 0.4
v 0.8 1.5 0.3
v -1 1.5 0.3
v -1 1.5 0.2
v 0.8 1.5 -0.3
v -1 1.5 -0.2
v -1 1.5 -0.3
v 0.8 1.5 -0.4
v -1 1.5 -0.4
v 0.8 1.5 -0.8
v -1 1.5 -1
v -1 1.7 1
v -1 1.7 0.8
v -1 1.5 0.8
v -1 1.7 0.7
v -1 1.7 0.2
v -1 1.5 0.7
v 0.8 1.7 0.7
v 0.8 1.7 0.1
v 0.8 1.5 0.1
v 0.8 1.7 0
v 0.8 1.7 -0.7
v 0.8 1.5 -0.7
v 0.8 1.5 0
v -1 1.7 -0.2
v -1 1.7 -0.7
v -1 1.5 -0.7
v -1 1.7 -0.8
v -1 1.7 -1
v -1 1.5 -0.8
v -1 1.8 1
v -1 1.8 0.8
v 0.8 1.8 0.8
v 0.8 1.8 0.7
v -1 1.8 0.7
v -1 1.8 0.2
v 0.8 1.8 0.1
v 0.8 1.8 0
v 0.8 1.8 -0.7
v -1 1.8 -0.2
v -1 1.8 -0.7
v 0.8 1.8 -0.8
v -1 1.8 -0.8
v -1 1.8 -1
v 0.8 2 0.8
v 0.8 2 0.4
v 0.8 1.8 0.4
v -1 2 1
v -1 2 0.4
v -1 1.8 0.4
v -1 2 0.3
v -1 2 0.2
v -1 1.8 0.3
v 0.8 2 0.3
v 0.8 2 -0.3
v 0.8 1.8 -0.3
v 0.8 1.8 0.3
v -1 2 -0.2
v -1 2 -0.3
v -1 1.8 -0.3
v 0.8 2 -0.4
v 0.8 2 -0.8
v 0.8 1.8 -0.4
v -1 2 -0.4
v -1 2 -1
v -1 1.8 -0.4
v 0.8 2.1 0.7
v 0.8 2.1 0.4
v 0.8 2 0.7
v -1 2.1 1
v -1 2.1 0.4
v 0.8 2.1 0.3
v -1 2.1 0.3
v -1 2.1 0.2
v 0.8 2.1 -0.3
v -1 2.1 -0.2
v -1 2.1 -0.3
v 0.8 2.1 -0.4
v -1 2.1 -0.4
v 0.8 2.1 -0.8
v -1 2.1 -1
v -1 2.3 1
v -1 2.3 0.8
v -1 2.1 0.8
v -1 2.3 0.7
v -1 2.3 0.2
v -1 2.1 0.7
v 0.8 2.3 0.7
v 0.8 2.3 0.1
v 0.8 2.1 0.1
v 0.8 2.3 0
v 0.8 2.3 -0.7
v 0.8 2.1 -0.7
v 0.8 2.1 0
v -1 2.3 -0.2
v -1 2.3 -0.7
v -1 2.1 -0.7
v -1 2.3 -0.8
v -1 2.3 -1
v -1 2.1 -0.8
v -1 2.4 1
v -1 2.4 0.8
v 0.8 2.4 0.8
v 0.8 2.4 0.7
v -1 2.4 0.7
v -1 2.4 0.2
v 0.8 2.4 0.1
v 0.8 2.4 0
v 0.8 2.4 -0.7
v -1 2.4 -0.2
v -1 2.4 -0.7
v 0.8 2.4 -0.8
v -1 2.4 -0.8
v -1 2.4 -1
v 0.8 2.6 0.8
v 0.8 2.6 0.4
v 0.8 2.4 0.4
v -1 2.6 1
v -1 2.6 0.4
v -1 2.4 0.4
v -1 2.6 0.3
v -1 2.6 0.2
v -1 2.4 0.3
v 0.8 2.6 0.3
v 0.8 2.6 -0.3
v 0.8 2.4 -0.3
v 0.8 2.4 0.3
v -1 2.6 -0.2
v -1 2.6 -0.3
v -1 2.4 -0.3
v 0.8 2.6 -0.4
v 0.8 2.6 -0.8
v 0.8 2.4 -0.4
v -1 2.6 -0.4
v -1 2.6 -1
v -1 2.4 -0.4
v 0.8 2.7 0.7
v 0.8 2.7 0.4
v 0.8 2.6 0.7
v -1 2.7 1
v -1 2.7 0.4
v 0.8 2.7 0.3
v -1 2.7 0.3
v -1 2.7 0.2
v 0.8 2.7 -0.3
v -1 2.7 -0.2
v -1 2.7 -0.3
v 0.8 2.7 -0.4
v -1 2.7 -0.4
v 0.8 2.7 -0.8
v -1 2.7 -1
v -1 2.9 1
v -1 2.9 0.8
v -1 2.7 0.8
v -1 2.9 0.7
v -1 2.9 0.2
v -1 2.7 0.7
v 0.8 2.9 0.7
v 0.8 2.9 0.1
v 0.8 2.7 0.1
v 0.8 2.9 0
v 0.8 2.9 -0.7
v 0.8 2.7 -0.7
v 0.8 2.7 0
v -1 2.9 -0.2
v -1 2.9 -0.7
v -1 2.7 -0.7
v -1 2.9 -0.8
v -1 2.9 -1
v -1 2.7 -0.8
v -1 3 1
v -1 3 0.8
v 0.8 3 0.8
v 0.8 3 0.7
v -1 3 0.7
v -1 3 0.2
v 0.8 3 0.1
v 0.8 3 0
v 0.8 3 -0.7
v -1 3 -0.2
v -1 3 -0.7
v 0.8 3 -0.8
v -1 3 -0.8
v -1 3 -1
v 0.8 3.2 0.8
v 0.8 3.2 0.4
v 0.8 3 0.4
v -1 3.2 1
v -1 3.2 0.4
v -1 3 0.4
v -1 3.2 0.3
v -1 3.2 0.2
v -1 3 0.3
v 0.8 3.2 0.3
v 0.8 3.2 -0.3
v 0.8 3 -0.3
v 0.8 3 0.3
v -1 3.2 -0.2
v -1 3.2 -0.3
v -1 3 -0.3
v 0.8 3.2 -0.4
v 0.8 3.2 -0.8
v 0.8 3 -0.4
v -1 3.2 -0.4
v -1 3.2 -1
v -1 3 -0.4
v 0.8 3.3 0.7
v 0.8 3.3 0.4
v 0.8 3.2 0.7
v -1 3.3 1
v -1 3.3 0.4
v 0.8 3.3 0.3
v -1 3.3 0.3
v 0.8 3.3 -0.3
v -1 3.3 -0.3
v 0.8 3.3 -0.4
v -1 3.3 -0.4
v 0.8 3.3 -0.8
v -1 3.3 -1
v -1 3.5 1
v -1 3.5 0.8
v -1 3.3 0.8
v 0.8 3.5 0.7
v 0.8 3.5 0.1
v 0.8 3.3 0.1
v -1 3.5 0.7
v -1 3.5 0
v -1 3.3 0
v -1 3.3 0.7
v 0.8 3.5 0
v 0.8 3.5 -0.7
v 0.8 3.3 -0.7
v 0.8 3.3 0
v -1 3.5 -0.1
v -1 3.5 -0.7
v -1 3.3 -0.7
v -1 3.3 -0.1
v -1 3.5 -0.8
v -1 3.5 -1
v -1 3.3 -0.8
v -1 3.6 1
v -1 3.6 0.8
v 0.8 3.6 0.8
v 0.8 3.6 0.7
v -1 3.6 0.7
v 0.8 3.6 0.1
v 0.8 3.6 0
v -1 3.6 0
v -1 3.6 -0.1
v 0.8 3.6 -0.7
v -1 3.6 -0.7
v 0.8 3.6 -0.8
v -1 3.6 -0.8
v -1 3.6 -1
v 0.8 3.8 0.4
v 0.8 3.6 0.4
v -1 3.8 1
v -1 3.8 0.4
v -1 3.6 0.4
v 0.8 3.8 0.3
v 0.8 3.6 0.3
v 0.8 3.8 -0.3
v 0.8 3.6 -0.3
v -1 3.8 0.3
v -1 3.8 -0.3
v -1 3.6 -0.3
v -1 3.6 0.3
v 0.8 3.8 -0.4
v 0.8 3.6 -0.4
v -1 3.8 -0.4
v -1 3.8 -1
v -1 3.6 -0.4
v -1 3.9 0.4
v -1 3.9 0.3
v -1 3.9 -0.3
v -1 3.9 -0.4
v 0.9 4.1 -0.8
v 0.9 4.4 0.7
v -1 4.4 0.7
v -1 4.1 0.8
v 0.9 4.4 0.6
v -1 4.4 0.6
v 0.9 4.4 0.5
v -1 4.4 0.5
v 0.9 4.4 0.4
v -1 4.4 0.4
v 0.9 4.4 0.3
v -1 4.4 0.3
v 0.9 4.4 0.2
v -1 4.4 0.2
v 0.9 4.4 0.1
v -1 4.4 0.1
v 0.9 4.4 0
v -1 4.4 0
v 0.9 4.4 -0.1
v -1 4.4 -0.1
v 0.9 4.4 -0.2
v -1 4.4 -0.2
v 0.9 4.4 -0.3
v -1 4.4 -0.3
v 0.9 4.4 -0.4
v -1 4.4 -0.4
v 0.9 4.4 -0.5
v -1 4.4 -0.5
v 0.9 4.4 -0.6
v -1 4.4 -0.6
v 0.9 4.4 -0.7
v -1 4.4 -0.7
v 0.8 5.1 0.9
v 0.8 5.1 -0.9
v 1 0.2 1
v 1 0.2 0.4
v -0.8 0.2 0.8
v -0.8 0.2 0.4
v 1 0.2 0.3
v 1 0.2 0.2
v 4 0.2 0.2
v 4 0.2 0
v 1 0.2 -0.2
v 1 0.2 -0.3
v -0.8 0.2 0.3
v -0.8 0.2 -0.3
v -0.8 0.2 -0.4
v -0.8 0.2 -0.8
v 1 0.2 -0.4
v 1 0.2 -1
v 1 0.3 1
v 1 0.3 0.4
v -0.8 0.3 0.7
v -0.8 0.2 0.7
v -0.8 0.3 0.4
v 1 0.3 0.3
v -0.8 0.3 0.3
v 1 0.3 0.2
v 4 0.3 0
v 4 0.3 -0.2
v 1 0.3 -0.2
v 1 0.3 -0.3
v -0.8 0.3 -0.3
v 1 0.3 -0.4
v -0.8 0.3 -0.4
v -0.8 0.3 -0.8
v 1 0.3 -1
v 1 0.5 1
v 1 0.3 0.8
v 1 0.5 0.8
v 1 0.5 0.7
v 1 0.3 0.7
v 1 0.5 0.2
v -0.8 0.5 0.7
v -0.8 0.3 0
v -0.8 0.5 0
v 4 0.5 0
v 4 0.5 -0.2
v 1 0.5 -0.2
v 1 0.3 -0.7
v 1 0.5 -0.7
v -0.8 0.5 -0.1
v -0.8 0.3 -0.1
v -0.8 0.3 -0.7
v -0.8 0.5 -0.7
v 1 0.5 -0.8
v 1 0.3 -0.8
v 1 0.5 -1
v 1 0.6 1
v 1 0.6 0.8
v 1 0.6 0.7
v -0.8 0.6 0.8
v -0.8 0.6 0.7
v 1 0.6 0.2
v 4 0.6 0.2
v 4 0.6 0
v -0.8 0.6 0
v -0.8 0.6 -0.1
v 1 0.6 -0.2
v 1 0.6 -0.7
v -0.8 0.6 -0.7
v 1 0.6 -0.8
v -0.8 0.6 -0.8
v 1 0.6 -1
v 1 0.8 1
v 1 0.6 0.4
v 1 0.8 0.4
v -0.8 0.8 0.8
v -0.8 0.6 0.4
v -0.8 0.8 0.4
v 1 0.8 0.3
v 1 0.6 0.3
v 1 0.8 0.2
v 4 0.8 0.2
v 4 0.8 0
v 1 0.8 -0.2
v 1 0.6 -0.3
v 1 0.8 -0.3
v -0.8 0.8 0.3
v -0.8 0.6 0.3
v -0.8 0.6 -0.3
v -0.8 0.8 -0.3
v -0.8 0.8 -0.4
v -0.8 0.6 -0.4
v -0.8 0.8 -0.8
v 1 0.8 -0.4
v 1 0.6 -0.4
v 1 0.8 -1
v 1 0.9 1
v 1 0.9 0.4
v -0.8 0.9 0.7
v -0.8 0.8 0.7
v -0.8 0.9 0.4
v 1 0.9 0.3
v -0.8 0.9 0.3
v 1 0.9 0.2
v 4 0.9 0
v 4 0.9 -0.2
v 1 0.9 -0.2
v 1 0.9 -0.3
v -0.8 0.9 -0.3
v 1 0.9 -0.4
v -0.8 0.9 -0.4
v -0.8 0.9 -0.8
v 1 0.9 -1
v 1 1.1 1
v 1 0.9 0.8
v 1 1.1 0.8
v 1 1.1 0.7
v 1 0.9 0.7
v 1 1.1 0.2
v -0.8 1.1 0.7
v -0.8 0.9 0
v -0.8 1.1 0
v 4 1.1 0
v 4 1.1 -0.2
v 1 1.1 -0.2
v 1 0.9 -0.7
v 1 1.1 -0.7
v -0.8 1.1 -0.1
v -0.8 0.9 -0.1
v -0.8 0.9 -0.7
v -0.8 1.1 -0.7
v 1 1.1 -0.8
v 1 0.9 -0.8
v 1 1.1 -1
v 1 1.2 1
v 1 1.2 0.8
v 1 1.2 0.7
v -0.8 1.2 0.8
v -0.8 1.2 0.7
v 1 1.2 0.2
v 4 1.2 0.2
v 4 1.2 0
v -0.8 1.2 0
v -0.8 1.2 -0.1
v 1 1.2 -0.2
v 1 1.2 -0.7
v -0.8 1.2 -0.7
v 1 1.2 -0.8
v -0.8 1.2 -0.8
v 1 1.2 -1
v 1 1.4 1
v 1 1.2 0.4
v 1 1.4 0.4
v -0.8 1.4 0.8
v -0.8 1.2 0.4
v -0.8 1.4 0.4
v 1 1.4 0.3
v 1 1.2 0.3
v 1 1.4 0.2
v 4 1.4 0.2
v 4 1.4 0
v 1 1.4 -0.2
v 1 1.2 -0.3
v 1 1.4 -0.3
v -0.8 1.4 0.3
v -0.8 1.2 0.3
v -0.8 1.2 -0.3
v -0.8 1.4 -0.3
v -0.8 1.4 -0.4
v -0.8 1.2 -0.4
v -0.8 1.4 -0.8
v 1 1.4 -0.4
v 1 1.2 -0.4
v 1 1.4 -1
v 1 1.5 1
v 1 1.5 0.4
v -0.8 1.5 0.7
v -0.8 1.4 0.7
v -0.8 1.5 0.4
v 1 1.5 0.3
v -0.8 1.5 0.3
v 1 1.5 0.2
v 4 1.5 0
v 4 1.5 -0.2
v 1 1.5 -0.2
v 1 1.5 -0.3
v -0.8 1.5 -0.3
v 1 1.5 -0.4
v -0.8 1.5 -0.4
v -0.8 1.5 -0.8
v 1 1.5 -1
v 1 1.7 1
v 1 1.5 0.8
v 1 1.7 0.8
v 1 1.7 0.7
v 1 1.5 0.7
v 1 1.7 0.2
v -0.8 1.7 0.7
v -0.8 1.5 0
v -0.8 1.7 0
v 4 1.7 0
v 4 1.7 -0.2
v 1 1.7 -0.2
v 1 1.5 -0.7
v 1 1.7 -0.7
v -0.8 1.7 -0.1
v -0.8 1.5 -0.1
v -0.8 1.5 -0.7
v -0.8 1.7 -0.7
v 1 1.7 -0.8
v 1 1.5 -0.8
v 1 1.7 -1
v 1 1.8 1
v 1 1.8 0.8
v 1 1.8 0.7
v -0.8 1.8 0.8
v -0.8 1.8 0.7
v 1 1.8 0.2
v 4 1.8 0.2
v 4 1.8 0
v -0.8 1.8 0
v -0.8 1.8 -0.1
v 1 1.8 -0.2
v 1 1.8 -0.7
v -0.8 1.8 -0.7
v 1 1.8 -0.8
v -0.8 1.8 -0.8
v 1 1.8 -1
v 1 2 1
v 1 1.8 0.4
v 1 2 0.4
v -0.8 2 0.8
v -0.8 1.8 0.4
v -0.8 2 0.4
v 1 2 0.3
v 1 1.8 0.3
v 1 2 0.2
v 4 2 0.2
v 4 2 0
v 1 2 -0.2
v 1 1.8 -0.3
v 1 2 -0.3
v -0.8 2 0.3
v -0.8 1.8 0.3
v -0.8 1.8 -0.3
v -0.8 2 -0.3
v -0.8 2 -0.4
v -0.8 1.8 -0.4
v -0.8 2 -0.8
v 1 2 -0.4
v 1 1.8 -0.4
v 1 2 -1
v 1 2.1 1
v 1 2.1 0.4
v -0.8 2.1 0.7
v -0.8 2 0.7
v -0.8 2.1 0.4
v 1 2.1 0.3
v -0.8 2.1 0.3
v 1 2.1 0.2
v 4 2.1 0
v 4 2.1 -0.2
v 1 2.1 -0.2
v 1 2.1 -0.3
v -0.8 2.1 -0.3
v 1 2.1 -0.4
v -0.8 2.1 -0.4
v -0.8 2.1 -0.8
v 1 2.1 -1
v 1 2.3 1
v 1 2.1 0.8
v 1 2.3 0.8
v 1 2.3 0.7
v 1 2.1 0.7
v 1 2.3 0.2
v -0.8 2.3 0.7
v -0.8 2.1 0
v -0.8 2.3 0
v 4 2.3 0
v 4 2.3 -0.2
v 1 2.3 -0.2
v 1 2.1 -0.7
v 1 2.3 -0.7
v -0.8 2.3 -0.1
v -0.8 2.1 -0.1
v -0.8 2.1 -0.7
v -0.8 2.3 -0.7
v 1 2.3 -0.8
v 1 2.1 -0.8
v 1 2.3 -1
v 1 2.4 1
v 1 2.4 0.8
v 1 2.4 0.7
v -0.8 2.4 0.8
v -0.8 2.4 0.7
v 1 2.4 0.2
v 4 2.4 0.2
v 4 2.4 0
v -0.8 2.4 0
v -0.8 2.4 -0.1
v 1 2.4 -0.2
v 1 2.4 -0.7
v -0.8 2.4 -0.7
v 1 2.4 -0.8
v -0.8 2.4 -0.8
v 1 2.4 -1
v 1 2.6 1
v 1 2.4 0.4
v 1 2.6 0.4
v -0.8 2.6 0.8
v -0.8 2.4 0.4
v -0.8 2.6 0.4
v 1 2.6 0.3
v 1 2.4 0.3
v 1 2.6 0.2
v 4 2.6 0.2
v 4 2.6 0
v 1 2.6 -0.2
v 1 2.4 -0.3
v 1 2.6 -0.3
v -0.8 2.6 0.3
v -0.8 2.4 0.3
v -0.8 2.4 -0.3
v -0.8 2.6 -0.3
v -0.8 2.6 -0.4
v -0.8 2.4 -0.4
v -0.8 2.6 -0.8
v 1 2.6 -0.4
v 1 2.4 -0.4
v 1 2.6 -1
v 1 2.7 1
v 1 2.7 0.4
v -0.8 2.7 0.7
v -0.8 2.6 0.7
v -0.8 2.7 0.4
v 1 2.7 0.3
v -0.8 2.7 0.3
v 1 2.7 0.2
v 4 2.7 0
v 4 2.7 -0.2
v 1 2.7 -0.2
v 1 2.7 -0.3
v -0.8 2.7 -0.3
v 1 2.7 -0.4
v -0.8 2.7 -0.4
v -0.8 2.7 -0.8
v 1 2.7 -1
v 1 2.9 1
v 1 2.7 0.8
v 1 2.9 0.8
v 1 2.9 0.7
v 1 2.7 0.7
v 1 2.9 0.2
v -0.8 2.9 0.7
v -0.8 2.7 0
v -0.8 2.9 0
v 4 2.9 0
v 4 2.9 -0.2
v 1 2.9 -0.2
v 1 2.7 -0.7
v 1 2.9 -0.7
v -0.8 2.9 -0.1
v -0.8 2.7 -0.1
v -0.8 2.7 -0.7
v -0.8 2.9 -0.7
v 1 2.9 -0.8
v 1 2.7 -0.8
v 1 2.9 -1
v 1 3 1
v 1 3 0.8
v 1 3 0.7
v -0.8 3 0.8
v -0.8 3 0.7
v 1 3 0.2
v 4 3 0.2
v 4 3 0
v -0.8 3 0
v -0.8 3 -0.1
v 1 3 -0.2
v 1 3 -0.7
v -0.8 3 -0.7
v 1 3 -0.8
v -0.8 3 -0.8
v 1 3 -1
v 1 3.2 1
v 1 3 0.4
v 1 3.2 0.4
v -0.8 3.2 0.8
v -0.8 3 0.4
v -0.8 3.2 0.4
v 1 3.2 0.3
v 1 3 0.3
v 1 3.2 0.2
v 4 3.2 0.2
v 4 3.2 0
v 1 3.2 -0.2
v 1 3 -0.3
v 1 3.2 -0.3
v -0.8 3.2 0.3
v -0.8 3 0.3
v -0.8 3 -0.3
v -0.8 3.2 -0.3
v -0.8 3.2 -0.4
v -0.8 3 -0.4
v -0.8 3.2 -0.8
v 1 3.2 -0.4
v 1 3 -0.4
v 1 3.2 -1
v 1 3.3 1
v 1 3.3 0.4
v -0.8 3.3 0.7
v -0.8 3.2 0.7
v -0.8 3.3 0.4
v 1 3.3 0.3
v -0.8 3.3 0.3
v 4 3.3 0
v 1 3.3 -0.3
v -0.8 3.3 -0.3
v 1 3.3 -0.4
v -0.8 3.3 -0.4
v -0.8 3.3 -0.8
v 1 3.3 -1
v 1 3.5 1
v 1 3.3 0.8
v 1 3.5 0.8
v 1 3.5 0.7
v 1 3.3 0.7
v 1 3.3 0.1
v 1 3.5 0.1
v -0.8 3.5 0.7
v -0.8 3.3 0
v -0.8 3.5 0
v 1 3.5 0
v 1 3.3 0
v 1 3.3 -0.7
v 1 3.5 -0.7
v -0.8 3.5 -0.1
v -0.8 3.3 -0.1
v -0.8 3.3 -0.7
v -0.8 3.5 -0.7
v 1 3.5 -0.8
v 1 3.3 -0.8
v 1 3.5 -1
v 1 3.6 1
v 1 3.6 0.8
v 1 3.6 0.7
v -0.8 3.6 0.8
v -0.8 3.6 0.7
v 1 3.6 0.1
v 1 3.6 0
v -0.8 3.6 0
v -0.8 3.6 -0.1
v 1 3.6 -0.7
v -0.8 3.6 -0.7
v 1 3.6 -0.8
v -0.8 3.6 -0.8
v 1 3.6 -1
v 1 3.8 1
v 1 3.6 0.4
v 1 3.8 0.4
v -0.8 3.6 0.4
v -0.8 3.8 0.4
v -0.8 3.6 0.3
v -0.8 3.8 0.3
v 1 3.8 0.3
v 1 3.6 0.3
v 1 3.6 -0.3
v 1 3.8 -0.3
v -0.8 3.6 -0.3
v -0.8 3.8 -0.3
v -0.8 3.6 -0.4
v -0.8 3.8 -0.4
v 1 3.8 -0.4
v 1 3.6 -0.4
v 1 3.8 -1
v 1 3.9 0.4
v 1 3.9 0.3
v 1 3.9 -0.3
v 1 3.9 -0.4
v -0.9 4.1 0.8
v 1 4.4 0.7
v -0.9 4.4 0.7
v 1 4.4 0.6
v -0.9 4.4 0.6
v 1 4.4 0.5
v -0.9 4.4 0.5
v 1 4.4 0.4
v -0.9 4.4 0.4
v 1 4.4 0.3
v -0.9 4.4 0.3
v 1 4.4 0.2
v -0.9 4.4 0.2
v 1 4.4 0.1
v -0.9 4.4 0.1
v 1 4.4 0
v -0.9 4.4 0
v 1 4.4 -0.1
v -0.9 4.4 -0.1
v 1 4.4 -0.2
v -0.9 4.4 -0.2
v 1 4.4 -0.3
v -0.9 4.4 -0.3
v 1 4.4 -0.4
v -0.9 4.4 -0.4
v 1 4.4 -0.5
v -0.9 4.4 -0.5
v 1 4.4 -0.6
v -0.9 4.4 -0.6
v 1 4.4 -0.7
v -0.9 4.4 -0.7
v 1 4.1 -0.8
v -0.8 5.1 0.9
v -0.8 5.1 -0.9
v 3.9 0.3 -0.2
v 3.9 0.6 -0.2
v 3.9 0.9 -0.2
v 4 0.6 -0.2
v 3.9 1.2 -0.2
v 3.9 1.5 -0.2
v 4 1.2 -0.2
v 3.9 1.8 -0.2
v 3.9 2.1 -0.2
v 4 1.8 -0.2
v 3.9 2.4 -0.2
v 3.9 2.7 -0.2
v 4 2.4 -0.2
v 3.9 3 -0.2
v 3.9 3.3 -0.2
v 4 3 -0.2
v 3.7 0.3 -0.2
v 3.7 0.5 -0.2
v 3.7 0.9 -0.2
v 3.7 1.1 -0.2
v 3.7 1.5 -0.2
v 3.7 1.7 -0.2
v 3.7 2.1 -0.2
v 3.7 2.3 -0.2
v 3.7 2.7 -0.2
v 3.7 2.9 -0.2
v 3.6 0.3 -0.2
v 3.6 0.5 -0.2
v 3.6 0.9 -0.2
v 3.6 1.1 -0.2
v 3.6 1.5 -0.2
v 3.6 1.7 -0.2
v 3.6 2.1 -0.2
v 3.6 2.3 -0.2
v 3.6 2.7 -0.2
v 3.6 2.9 -0.2
v 3.3 0.2 -0.2
v 3.9 0.2 -0.2
v 3.3 0.6 -0.2
v 3.3 0.8 -0.2
v 3.9 0.8 -0.2
v 3.3 1.2 -0.2
v 3.3 1.4 -0.2
v 3.9 1.4 -0.2
v 3.3 1.8 -0.2
v 3.3 2 -0.2
v 3.9 2 -0.2
v 3.3 2.4 -0.2
v 3.3 2.6 -0.2
v 3.9 2.6 -0.2
v 3.3 3 -0.2
v 3.3 3.2 -0.2
v 3.9 3.2 -0.2
v 3.2 0.2 -0.2
v 3.2 0.6 -0.2
v 3.2 0.8 -0.2
v 3.2 1.2 -0.2
v 3.2 1.4 -0.2
v 3.2 1.8 -0.2
v 3.2 2 -0.2
v 3.2 2.4 -0.2
v 3.2 2.6 -0.2
v 3.2 3 -0.2
v 3.2 3.2 -0.2
v 3 0.3 -0.2
v 3 0.5 -0.2
v 3 0.9 -0.2
v 3 1.1 -0.2
v 3 1.5 -0.2
v 3 1.7 -0.2
v 3 2.1 -0.2
v 3 2.3 -0.2
v 3 2.7 -0.2
v 3 2.9 -0.2
v 2.9 0.3 -0.2
v 2.9 0.5 -0.2
v 2.9 0.9 -0.2
v 2.9 1.1 -0.2
v 2.9 1.5 -0.2
v 2.9 1.7 -0.2
v 2.9 2.1 -0.2
v 2.9 2.3 -0.2
v 2.9 2.7 -0.2
v 2.9 2.9 -0.2
v 2.6 0.2 -0.2
v 2.6 0.6 -0.2
v 2.6 0.8 -0.2
v 2.6 1.2 -0.2
v 2.6 1.4 -0.2
v 2.6 1.8 -0.2
v 2.6 2 -0.2
v 2.6 2.4 -0.2
v 2.6 2.6 -0.2
v 2.6 3 -0.2
v 2.6 3.2 -0.2
v 2.5 0.2 -0.2
v 2.5 0.6 -0.2
v 2.5 0.8 -0.2
v 2.5 1.2 -0.2
v 2.5 1.4 -0.2
v 2.5 1.8 -0.2
v 2.5 2 -0.2
v 2.5 2.4 -0.2
v 2.5 2.6 -0.2
v 2.5 3 -0.2
v 2.5 3.2 -0.2
v 2.3 0.3 -0.2
v 2.3 0.5 -0.2
v 2.3 0.9 -0.2
v 2.3 1.1 -0.2
v 2.3 1.5 -0.2
v 2.3 1.7 -0.2
v 2.3 2.1 -0.2
v 2.3 2.3 -0.2
v 2.3 2.7 -0.2
v 2.3 2.9 -0.2
v 2.2 0.3 -0.2
v 2.2 0.5 -0.2
v 2.2 0.9 -0.2
v 2.2 1.1 -0.2
v 2.2 1.5 -0.2
v 2.2 1.7 -0.2
v 2.2 2.1 -0.2
v 2.2 2.3 -0.2
v 2.2 2.7 -0.2
v 2.2 2.9 -0.2
v 1.9 0.2 -0.2
v 1.9 0.6 -0.2
v 1.9 0.8 -0.2
v 1.9 1.2 -0.2
v 1.9 1.4 -0.2
v 1.9 1.8 -0.2
v 1.9 2 -0.2
v 1.9 2.4 -0.2
v 1.9 2.6 -0.2
v 1.9 3 -0.2
v 1.9 3.2 -0.2
v 1.8 0.2 -0.2
v 1.8 0.6 -0.2
v 1.8 0.8 -0.2
v 1.8 1.2 -0.2
v 1.8 1.4 -0.2
v 1.8 1.8 -0.2
v 1.8 2 -0.2
v 1.8 2.4 -0.2
v 1.8 2.6 -0.2
v 1.8 3 -0.2
v 1.8 3.2 -0.2
v 1.6 0.3 -0.2
v 1.6 0.5 -0.2
v 1.6 0.9 -0.2
v 1.6 1.1 -0.2
v 1.6 1.5 -0.2
v 1.6 1.7 -0.2
v 1.6 2.1 -0.2
v 1.6 2.3 -0.2
v 1.6 2.7 -0.2
v 1.6 2.9 -0.2
v 1.5 0.3 -0.2
v 1.5 0.5 -0.2
v 1.5 0.9 -0.2
v 1.5 1.1 -0.2
v 1.5 1.5 -0.2
v 1.5 1.7 -0.2
v 1.5 2.1 -0.2
v 1.5 2.3 -0.2
v 1.5 2.7 -0.2
v 1.5 2.9 -0.2
v 1.2 0.2 -0.2
v 1.2 0.6 -0.2
v 1.2 0.8 -0.2
v 1.2 1.2 -0.2
v 1.2 1.4 -0.2
v 1.2 1.8 -0.2
v 1.2 2 -0.2
v 1.2 2.4 -0.2
v 1.2 2.6 -0.2
v 1.2 3 -0.2
v 1.2 3.2 -0.2
v 1.1 0.2 -0.2
v 1.1 0.6 -0.2
v 1.1 0.8 -0.2
v 1.1 1.2 -0.2
v 1.1 1.4 -0.2
v 1.1 1.8 -0.2
v 1.1 2 -0.2
v 1.1 2.4 -0.2
v 1.1 2.6 -0.2
v 1.1 3 -0.2
v 1.1 3.2 -0.2
v 0.8 0.2 -1
v 0.8 0.6 -1
v 0.8 0.8 -1
v 0.8 1.2 -1
v 0.8 1.4 -1
v 0.8 1.8 -1
v 0.8 2 -1
v 0.8 2.4 -1
v 0.8 2.6 -1
v 0.8 3 -1
v 0.8 3.2 -1
v 0.8 3.6 -1
v 0.8 3.8 -1
v 0.8 4.1 0.8
v 0.8 4.3 0.8
v 0.8 4.4 0.8
v 0.7 0.2 -1
v 0.7 0.3 0.8
v 0.8 0.3 0.8
v 0.7 0.6 -1
v 0.7 0.8 -1
v 0.7 0.6 0.8
v 0.7 0.9 0.8
v 0.8 0.9 0.8
v 0.7 1.2 -1
v 0.7 1.4 -1
v 0.7 1.2 0.8
v 0.7 1.5 0.8
v 0.8 1.5 0.8
v 0.7 1.8 -1
v 0.7 2 -1
v 0.7 1.8 0.8
v 0.7 2.1 0.8
v 0.8 2.1 0.8
v 0.7 2.4 -1
v 0.7 2.6 -1
v 0.7 2.4 0.8
v 0.7 2.7 0.8
v 0.8 2.7 0.8
v 0.7 3 -1
v 0.7 3.2 -1
v 0.7 3 0.8
v 0.7 3.3 0.8
v 0.8 3.3 0.8
v 0.7 3.6 0.8
v 0.7 3.8 0.8
v 0.7 3.6 -1
v 0.7 3.8 -1
v 0.7 4.4 0.9
v 0.8 4.1 0.9
v 0.4 0.3 0.8
v 0.4 0.5 0.8
v 0.8 0.5 0.8
v 0.4 0.3 -1
v 0.4 0.5 -1
v 0.4 0.9 0.8
v 0.4 1.1 0.8
v 0.8 1.1 0.8
v 0.4 0.9 -1
v 0.4 1.1 -1
v 0.4 1.5 0.8
v 0.4 1.7 0.8
v 0.8 1.7 0.8
v 0.4 1.5 -1
v 0.4 1.7 -1
v 0.4 2.1 0.8
v 0.4 2.3 0.8
v 0.8 2.3 0.8
v 0.4 2.1 -1
v 0.4 2.3 -1
v 0.4 2.7 0.8
v 0.4 2.9 0.8
v 0.8 2.9 0.8
v 0.4 2.7 -1
v 0.4 2.9 -1
v 0.4 3.3 0.8
v 0.4 3.5 0.8
v 0.8 3.5 0.8
v 0.4 3.3 -1
v 0.4 3.5 -1
v 0.3 0.3 0.8
v 0.3 0.5 0.8
v 0.3 0.3 -1
v 0.3 0.5 -1
v 0.3 0.9 0.8
v 0.3 1.1 0.8
v 0.3 0.9 -1
v 0.3 1.1 -1
v 0.3 1.5 0.8
v 0.3 1.7 0.8
v 0.3 1.5 -1
v 0.3 1.7 -1
v 0.3 2.1 0.8
v 0.3 2.3 0.8
v 0.3 2.1 -1
v 0.3 2.3 -1
v 0.3 2.7 0.8
v 0.3 2.9 0.8
v 0.3 2.7 -1
v 0.3 2.9 -1
v 0.3 3.3 0.8
v 0.3 3.5 0.8
v 0.3 3.3 -1
v 0.3 3.5 -1
v 0.1 0.2 -1
v 0.1 0.6 -1
v 0.1 0.8 -1
v 0.1 1.2 -1
v 0.1 1.4 -1
v 0.1 1.8 -1
v 0.1 2 -1
v 0.1 2.4 -1
v 0.1 2.6 -1
v 0.1 3 -1
v 0.1 3.2 -1
v 0.1 3.6 -1
v 0.1 3.8 -1
v 0 0.2 0.8
v 0.7 0.2 0.8
v 0 0.2 -1
v 0 0.6 0.8
v 0 0.8 0.8
v 0.7 0.8 0.8
v 0 0.6 -1
v 0 0.8 -1
v 0 1.2 0.8
v 0 1.4 0.8
v 0.7 1.4 0.8
v 0 1.2 -1
v 0 1.4 -1
v 0 1.8 0.8
v 0 2 0.8
v 0.7 2 0.8
v 0 1.8 -1
v 0 2 -1
v 0 2.4 0.8
v 0 2.6 0.8
v 0.7 2.6 0.8
v 0 2.4 -1
v 0 2.6 -1
v 0 3 0.8
v 0 3.2 0.8
v 0.7 3.2 0.8
v 0 3 -1
v 0 3.2 -1
v 0 3.6 0.8
v 0 3.6 -1
v 0 3.8 -1
v -0.1 0.2 0.8
v -0.1 0.6 0.8
v -0.1 0.8 0.8
v -0.1 1.2 0.8
v -0.1 1.4 0.8
v -0.1 1.8 0.8
v -0.1 2 0.8
v -0.1 2.4 0.8
v -0.1 2.6 0.8
v -0.1 3 0.8
v -0.1 3.2 0.8
v -0.1 3.6 0.8
v -0.1 3.8 0.8
v -0.3 0.3 0.8
v -0.3 0.5 0.8
v -0.3 0.3 -1
v -0.3 0.5 -1
v -0.3 0.9 0.8
v -0.3 1.1 0.8
v -0.3 0.9 -1
v -0.3 1.1 -1
v -0.3 1.5 0.8
v -0.3 1.7 0.8
v -0.3 1.5 -1
v -0.3 1.7 -1
v -0.3 2.1 0.8
v -0.3 2.3 0.8
v -0.3 2.1 -1
v -0.3 2.3 -1
v -0.3 2.7 0.8
v -0.3 2.9 0.8
v -0.3 2.7 -1
v -0.3 2.9 -1
v -0.3 3.3 0.8
v -0.3 3.5 0.8
v -0.3 3.3 -1
v -0.3 3.5 -1
v -0.4 0.3 0.8
v -0.4 0.5 0.8
v -0.4 0.3 -1
v -0.4 0.5 -1
v -0.4 0.9 0.8
v -0.4 1.1 0.8
v -0.4 0.9 -1
v -0.4 1.1 -1
v -0.4 1.5 0.8
v -0.4 1.7 0.8
v -0.4 1.5 -1
v -0.4 1.7 -1
v -0.4 2.1 0.8
v -0.4 2.3 0.8
v -0.4 2.1 -1
v -0.4 2.3 -1
v -0.4 2.7 0.8
v -0.4 2.9 0.8
v -0.4 2.7 -1
v -0.4 2.9 -1
v -0.4 3.3 0.8
v -0.4 3.5 0.8
v -0.4 3.3 -1
v -0.4 3.5 -1
v -0.7 0.2 0.8
v -0.7 0.2 -1
v -0.7 0.6 0.8
v -0.7 0.8 0.8
v -0.7 0.6 -1
v -0.7 0.8 -1
v -0.7 1.2 0.8
v -0.7 1.4 0.8
v -0.7 1.2 -1
v -0.7 1.4 -1
v -0.7 1.8 0.8
v -0.7 2 0.8
v -0.7 1.8 -1
v -0.7 2 -1
v -0.7 2.4 0.8
v -0.7 2.6 0.8
v -0.7 2.4 -1
v -0.7 2.6 -1
v -0.7 3 0.8
v -0.7 3.2 0.8
v -0.7 3 -1
v -0.7 3.2 -1
v -0.7 3.6 0.8
v -0.7 3.8 0.8
v -0.7 3.6 -1
v -0.7 3.8 -1
v -0.8 0.2 -1
v -0.8 0.3 0.8
v -0.8 0.5 0.8
v -0.8 0.6 -1
v -0.8 0.8 -1
v -0.8 0.9 0.8
v -0.8 1.1 0.8
v -0.8 1.2 -1
v -0.8 1.4 -1
v -0.8 1.5 0.8
v -0.8 1.7 0.8
v -0.8 1.8 -1
v -0.8 2 -1
v -0.8 2.1 0.8
v -0.8 2.3 0.8
v -0.8 2.4 -1
v -0.8 2.6 -1
v -0.8 2.7 0.8
v -0.8 2.9 0.8
v -0.8 3 -1
v -0.8 3.2 -1
v -0.8 3.3 0.8
v -0.8 3.5 0.8
v -0.8 3.6 -1
v -0.8 3.8 -1
v -0.8 4.1 -1
v -0.8 4.3 -1
v -0.9 5.1 0.8
v -1.1 0.2 -0.2
v -1.1 0.6 -0.2
v -1.1 0.8 -0.2
v -1.1 1.2 -0.2
v -1.1 1.4 -0.2
v -1.1 1.8 -0.2
v -1.1 2 -0.2
v -1.1 2.4 -0.2
v -1.1 2.6 -0.2
v -1.1 3 -0.2
v -1.1 3.2 -0.2
v -1.2 0.2 -0.2
v -1.2 0.6 -0.2
v -1.2 0.8 -0.2
v -1.2 1.2 -0.2
v -1.2 1.4 -0.2
v -1.2 1.8 -0.2
v -1.2 2 -0.2
v -1.2 2.4 -0.2
v -1.2 2.6 -0.2
v -1.2 3 -0.2
v -1.2 3.2 -0.2
v -1.5 0.3 -0.2
v -1.5 0.5 -0.2
v -1.5 0.9 -0.2
v -1.5 1.1 -0.2
v -1.5 1.5 -0.2
v -1.5 1.7 -0.2
v -1.5 2.1 -0.2
v -1.5 2.3 -0.2
v -1.5 2.7 -0.2
v -1.5 2.9 -0.2
v -1.6 0.3 -0.2
v -1.6 0.5 -0.2
v -1.6 0.9 -0.2
v -1.6 1.1 -0.2
v -1.6 1.5 -0.2
v -1.6 1.7 -0.2
v -1.6 2.1 -0.2
v -1.6 2.3 -0.2
v -1.6 2.7 -0.2
v -1.6 2.9 -0.2
v -1.8 0.2 -0.2
v -1.8 0.6 -0.2
v -1.8 0.8 -0.2
v -1.8 1.2 -0.2
v -1.8 1.4 -0.2
v -1.8 1.8 -0.2
v -1.8 2 -0.2
v -1.8 2.4 -0.2
v -1.8 2.6 -0.2
v -1.8 3 -0.2
v -1.8 3.2 -0.2
v -1.9 0.2 -0.2
v -1.9 0.6 -0.2
v -1.9 0.8 -0.2
v -1.9 1.2 -0.2
v -1.9 1.4 -0.2
v -1.9 1.8 -0.2
v -1.9 2 -0.2
v -1.9 2.4 -0.2
v -1.9 2.6 -0.2
v -1.9 3 -0.2
v -1.9 3.2 -0.2
v -2.2 0.2 -0.2
v -2.2 0.3 -0.2
v -2.2 0.5 -0.2
v -2.2 0.6 -0.2
v -2.2 0.8 -0.2
v -2.2 0.9 -0.2
v -2.2 1.1 -0.2
v -2.2 1.2 -0.2
v -2.2 1.4 -0.2
v -2.2 1.5 -0.2
v -2.2 1.7 -0.2
v -2.2 1.8 -0.2
v -2.2 2 -0.2
v -2.2 2.1 -0.2
v -2.2 2.3 -0.2
v -2.2 2.4 -0.2
v -2.2 2.6 -0.2
v -2.2 2.7 -0.2
v -2.2 2.9 -0.2
v -2.2 3 -0.2
v -2.2 3.2 -0.2
v 3.9 0.3 0.2
v 4 0.3 0.2
v 3.9 0.6 0.2
v 3.9 0.9 0.2
v 4 0.9 0.2
v 3.9 1.2 0.2
v 3.9 1.5 0.2
v 4 1.5 0.2
v 3.9 1.8 0.2
v 3.9 2.1 0.2
v 4 2.1 0.2
v 3.9 2.4 0.2
v 3.9 2.7 0.2
v 4 2.7 0.2
v 3.9 3 0.2
v 3.7 0.2 0.2
v 3.7 0.6 0.2
v 3.7 0.8 0.2
v 3.7 1.2 0.2
v 3.7 1.4 0.2
v 3.7 1.8 0.2
v 3.7 2 0.2
v 3.7 2.4 0.2
v 3.7 2.6 0.2
v 3.7 3 0.2
v 3.7 3.2 0.2
v 3.6 0.2 0.2
v 3.6 0.6 0.2
v 3.6 0.8 0.2
v 3.6 1.2 0.2
v 3.6 1.4 0.2
v 3.6 1.8 0.2
v 3.6 2 0.2
v 3.6 2.4 0.2
v 3.6 2.6 0.2
v 3.6 3 0.2
v 3.6 3.2 0.2
v 3.3 0.3 0.2
v 3.9 0.5 0.2
v 3.3 0.5 0.2
v 3.3 0.9 0.2
v 3.9 1.1 0.2
v 3.3 1.1 0.2
v 3.3 1.5 0.2
v 3.9 1.7 0.2
v 3.3 1.7 0.2
v 3.3 2.1 0.2
v 3.9 2.3 0.2
v 3.3 2.3 0.2
v 3.3 2.7 0.2
v 3.9 2.9 0.2
v 3.3 2.9 0.2
v 3.2 0.3 0.2
v 3.2 0.5 0.2
v 3.2 0.9 0.2
v 3.2 1.1 0.2
v 3.2 1.5 0.2
v 3.2 1.7 0.2
v 3.2 2.1 0.2
v 3.2 2.3 0.2
v 3.2 2.7 0.2
v 3.2 2.9 0.2
v 3 0.2 0.2
v 3 0.6 0.2
v 3 0.8 0.2
v 3 1.2 0.2
v 3 1.4 0.2
v 3 1.8 0.2
v 3 2 0.2
v 3 2.4 0.2
v 3 2.6 0.2
v 3 3 0.2
v 3 3.2 0.2
v 2.9 0.2 0.2
v 2.9 0.6 0.2
v 2.9 0.8 0.2
v 2.9 1.2 0.2
v 2.9 1.4 0.2
v 2.9 1.8 0.2
v 2.9 2 0.2
v 2.9 2.4 0.2
v 2.9 2.6 0.2
v 2.9 3 0.2
v 2.9 3.2 0.2
v 2.6 0.3 0.2
v 2.6 0.5 0.2
v 2.6 0.9 0.2
v 2.6 1.1 0.2
v 2.6 1.5 0.2
v 2.6 1.7 0.2
v 2.6 2.1 0.2
v 2.6 2.3 0.2
v 2.6 2.7 0.2
v 2.6 2.9 0.2
v 2.5 0.3 0.2
v 2.5 0.5 0.2
v 2.5 0.9 0.2
v 2.5 1.1 0.2
v 2.5 1.5 0.2
v 2.5 1.7 0.2
v 2.5 2.1 0.2
v 2.5 2.3 0.2
v 2.5 2.7 0.2
v 2.5 2.9 0.2
v 2.3 0.2 0.2
v 2.3 0.6 0.2
v 2.3 0.8 0.2
v 2.3 1.2 0.2
v 2.3 1.4 0.2
v 2.3 1.8 0.2
v 2.3 2 0.2
v 2.3 2.4 0.2
v 2.3 2.6 0.2
v 2.3 3 0.2
v 2.3 3.2 0.2
v 2.2 0.2 0.2
v 2.2 0.6 0.2
v 2.2 0.8 0.2
v 2.2 1.2 0.2
v 2.2 1.4 0.2
v 2.2 1.8 0.2
v 2.2 2 0.2
v 2.2 2.4 0.2
v 2.2 2.6 0.2
v 2.2 3 0.2
v 2.2 3.2 0.2
v 1.9 0.3 0.2
v 1.9 0.5 0.2
v 1.9 0.9 0.2
v 1.9 1.1 0.2
v 1.9 1.5 0.2
v 1.9 1.7 0.2
v 1.9 2.1 0.2
v 1.9 2.3 0.2
v 1.9 2.7 0.2
v 1.9 2.9 0.2
v 1.8 0.3 0.2
v 1.8 0.5 0.2
v 1.8 0.9 0.2
v 1.8 1.1 0.2
v 1.8 1.5 0.2
v 1.8 1.7 0.2
v 1.8 2.1 0.2
v 1.8 2.3 0.2
v 1.8 2.7 0.2
v 1.8 2.9 0.2
v 1.6 0.2 0.2
v 1.6 0.6 0.2
v 1.6 0.8 0.2
v 1.6 1.2 0.2
v 1.6 1.4 0.2
v 1.6 1.8 0.2
v 1.6 2 0.2
v 1.6 2.4 0.2
v 1.6 2.6 0.2
v 1.6 3 0.2
v 1.6 3.2 0.2
v 1.5 0.2 0.2
v 1.5 0.6 0.2
v 1.5 0.8 0.2
v 1.5 1.2 0.2
v 1.5 1.4 0.2
v 1.5 1.8 0.2
v 1.5 2 0.2
v 1.5 2.4 0.2
v 1.5 2.6 0.2
v 1.5 3 0.2
v 1.5 3.2 0.2
v 1.2 0.3 0.2
v 1.2 0.5 0.2
v 1.2 0.9 0.2
v 1.2 1.1 0.2
v 1.2 1.5 0.2
v 1.2 1.7 0.2
v 1.2 2.1 0.2
v 1.2 2.3 0.2
v 1.2 2.7 0.2
v 1.2 2.9 0.2
v 1.1 0.3 0.2
v 1.1 0.5 0.2
v 1.1 0.9 0.2
v 1.1 1.1 0.2
v 1.1 1.5 0.2
v 1.1 1.7 0.2
v 1.1 2.1 0.2
v 1.1 2.3 0.2
v 1.1 2.7 0.2
v 1.1 2.9 0.2
v 0.8 0.2 1
v 0.8 0.6 1
v 0.8 0.8 1
v 0.8 1.2 1
v 0.8 1.4 1
v 0.8 1.8 1
v 0.8 2 1
v 0.8 2.4 1
v 0.8 2.6 1
v 0.8 3 1
v 0.8 3.2 1
v 0.8 3.6 1
v 0.8 3.8 1
v 0.8 4.4 -0.8
v 0.8 4.1 1
v 0.7 0.2 1
v 0.7 0.3 -0.8
v 0.7 0.6 1
v 0.7 0.8 1
v 0.7 0.6 -0.8
v 0.7 0.9 -0.8
v 0.7 1.2 1
v 0.7 1.4 1
v 0.7 1.2 -0.8
v 0.7 1.5 -0.8
v 0.7 1.8 1
v 0.7 2 1
v 0.7 1.8 -0.8
v 0.7 2.1 -0.8
v 0.7 2.4 1
v 0.7 2.6 1
v 0.7 2.4 -0.8
v 0.7 2.7 -0.8
v 0.7 3 1
v 0.7 3.2 1
v 0.7 3 -0.8
v 0.7 3.3 -0.8
v 0.7 3.6 1
v 0.7 3.8 1
v 0.7 3.6 -0.8
v 0.7 3.8 -0.8
v 0.7 4.4 1
v 0.4 0.3 1
v 0.4 0.5 1
v 0.4 0.3 -0.8
v 0.8 0.5 -0.8
v 0.4 0.5 -0.8
v 0.4 0.9 1
v 0.4 1.1 1
v 0.4 0.9 -0.8
v 0.8 1.1 -0.8
v 0.4 1.1 -0.8
v 0.4 1.5 1
v 0.4 1.7 1
v 0.4 1.5 -0.8
v 0.8 1.7 -0.8
v 0.4 1.7 -0.8
v 0.4 2.1 1
v 0.4 2.3 1
v 0.4 2.1 -0.8
v 0.8 2.3 -0.8
v 0.4 2.3 -0.8
v 0.4 2.7 1
v 0.4 2.9 1
v 0.4 2.7 -0.8
v 0.8 2.9 -0.8
v 0.4 2.9 -0.8
v 0.4 3.3 1
v 0.4 3.5 1
v 0.4 3.3 -0.8
v 0.8 3.5 -0.8
v 0.4 3.5 -0.8
v 0.3 0.3 1
v 0.3 0.5 1
v 0.3 0.3 -0.8
v 0.3 0.5 -0.8
v 0.3 0.9 1
v 0.3 1.1 1
v 0.3 0.9 -0.8
v 0.3 1.1 -0.8
v 0.3 1.5 1
v 0.3 1.7 1
v 0.3 1.5 -0.8
v 0.3 1.7 -0.8
v 0.3 2.1 1
v 0.3 2.3 1
v 0.3 2.1 -0.8
v 0.3 2.3 -0.8
v 0.3 2.7 1
v 0.3 2.9 1
v 0.3 2.7 -0.8
v 0.3 2.9 -0.8
v 0.3 3.3 1
v 0.3 3.5 1
v 0.3 3.3 -0.8
v 0.3 3.5 -0.8
v 0.7 0.2 -0.8
v 0.1 0.2 -0.8
v 0.1 0.6 -0.8
v 0.7 0.8 -0.8
v 0.1 0.8 -0.8
v 0.1 1.2 -0.8
v 0.7 1.4 -0.8
v 0.1 1.4 -0.8
v 0.1 1.8 -0.8
v 0.7 2 -0.8
v 0.1 2 -0.8
v 0.1 2.4 -0.8
v 0.7 2.6 -0.8
v 0.1 2.6 -0.8
v 0.1 3 -0.8
v 0.7 3.2 -0.8
v 0.1 3.2 -0.8
v 0.1 3.6 -0.8
v 0.1 3.8 -0.8
v 0 0.2 1
v 0 0.2 -0.8
v 0 0.6 1
v 0 0.8 1
v 0 0.6 -0.8
v 0 0.8 -0.8
v 0 1.2 1
v 0 1.4 1
v 0 1.2 -0.8
v 0 1.4 -0.8
v 0 1.8 1
v 0 2 1
v 0 1.8 -0.8
v 0 2 -0.8
v 0 2.4 1
v 0 2.6 1
v 0 2.4 -0.8
v 0 2.6 -0.8
v 0 3 1
v 0 3.2 1
v 0 3 -0.8
v 0 3.2 -0.8
v 0 3.6 1
v 0 3.8 1
v 0 3.6 -0.8
v -0.1 0.2 1
v -0.1 0.6 1
v -0.1 0.8 1
v -0.1 1.2 1
v -0.1 1.4 1
v -0.1 1.8 1
v -0.1 2 1
v -0.1 2.4 1
v -0.1 2.6 1
v -0.1 3 1
v -0.1 3.2 1
v -0.1 3.6 1
v -0.1 3.8 1
v -0.3 0.3 1
v -0.3 0.5 1
v -0.3 0.3 -0.8
v -0.3 0.5 -0.8
v -0.3 0.9 1
v -0.3 1.1 1
v -0.3 0.9 -0.8
v -0.3 1.1 -0.8
v -0.3 1.5 1
v -0.3 1.7 1
v -0.3 1.5 -0.8
v -0.3 1.7 -0.8
v -0.3 2.1 1
v -0.3 2.3 1
v -0.3 2.1 -0.8
v -0.3 2.3 -0.8
v -0.3 2.7 1
v -0.3 2.9 1
v -0.3 2.7 -0.8
v -0.3 2.9 -0.8
v -0.3 3.3 1
v -0.3 3.5 1
v -0.3 3.3 -0.8
v -0.3 3.5 -0.8
v -0.4 0.3 1
v -0.4 0.5 1
v -0.4 0.3 -0.8
v -0.4 0.5 -0.8
v -0.4 0.9 1
v -0.4 1.1 1
v -0.4 0.9 -0.8
v -0.4 1.1 -0.8
v -0.4 1.5 1
v -0.4 1.7 1
v -0.4 1.5 -0.8
v -0.4 1.7 -0.8
v -0.4 2.1 1
v -0.4 2.3 1
v -0.4 2.1 -0.8
v -0.4 2.3 -0.8
v -0.4 2.7 1
v -0.4 2.9 1
v -0.4 2.7 -0.8
v -0.4 2.9 -0.8
v -0.4 3.3 1
v -0.4 3.5 1
v -0.4 3.3 -0.8
v -0.4 3.5 -0.8
v -0.7 0.2 1
v -0.7 0.2 -0.8
v -0.7 0.6 1
v -0.7 0.8 1
v -0.7 0.6 -0.8
v -0.7 0.8 -0.8
v -0.7 1.2 1
v -0.7 1.4 1
v -0.7 1.2 -0.8
v -0.7 1.4 -0.8
v -0.7 1.8 1
v -0.7 2 1
v -0.7 1.8 -0.8
v -0.7 2 -0.8
v -0.7 2.4 1
v -0.7 2.6 1
v -0.7 2.4 -0.8
v -0.7 2.6 -0.8
v -0.7 3 1
v -0.7 3.2 1
v -0.7 3 -0.8
v -0.7 3.2 -0.8
v -0.7 3.6 1
v -0.7 3.8 1
v -0.7 3.6 -0.8
v -0.7 3.8 -0.8
v -0.8 0.2 1
v -0.8 0.5 -0.8
v -0.8 0.6 1
v -0.8 0.8 1
v -0.8 1.1 -0.8
v -0.8 1.2 1
v -0.8 1.4 1
v -0.8 1.7 -0.8
v -0.8 1.8 1
v -0.8 2 1
v -0.8 2.3 -0.8
v -0.8 2.4 1
v -0.8 2.6 1
v -0.8 2.9 -0.8
v -0.8 3 1
v -0.8 3.2 1
v -0.8 3.5 -0.8
v -0.8 3.6 1
v -0.8 3.8 1
v -0.8 4.1 -0.9
v -0.8 4.3 -0.9
v -0.9 5.1 -0.8
v -1.1 0.3 0.2
v -1.1 0.5 0.2
v -1.1 0.9 0.2
v -1.1 1.1 0.2
v -1.1 1.5 0.2
v -1.1 1.7 0.2
v -1.1 2.1 0.2
v -1.1 2.3 0.2
v -1.1 2.7 0.2
v -1.1 2.9 0.2
v -1.2 0.3 0.2
v -1.2 0.5 0.2
v -1.2 0.9 0.2
v -1.2 1.1 0.2
v -1.2 1.5 0.2
v -1.2 1.7 0.2
v -1.2 2.1 0.2
v -1.2 2.3 0.2
v -1.2 2.7 0.2
v -1.2 2.9 0.2
v -1.5 0.2 0.2
v -1.5 0.6 0.2
v -1.5 0.8 0.2
v -1.5 1.2 0.2
v -1.5 1.4 0.2
v -1.5 1.8 0.2
v -1.5 2 0.2
v -1.5 2.4 0.2
v -1.5 2.6 0.2
v -1.5 3 0.2
v -1.5 3.2 0.2
v -1.6 0.2 0.2
v -1.6 0.6 0.2
v -1.6 0.8 0.2
v -1.6 1.2 0.2
v -1.6 1.4 0.2
v -1.6 1.8 0.2
v -1.6 2 0.2
v -1.6 2.4 0.2
v -1.6 2.6 0.2
v -1.6 3 0.2
v -1.6 3.2 0.2
v -1.8 0.3 0.2
v -1.8 0.5 0.2
v -1.8 0.9 0.2
v -1.8 1.1 0.2
v -1.8 1.5 0.2
v -1.8 1.7 0.2
v -1.8 2.1 0.2
v -1.8 2.3 0.2
v -1.8 2.7 0.2
v -1.8 2.9 0.2
v -1.9 0.3 0.2
v -1.9 0.5 0.2
v -1.9 0.9 0.2
v -1.9 1.1 0.2
v -1.9 1.5 0.2
v -1.9 1.7 0.2
v -1.9 2.1 0.2
v -1.9 2.3 0.2
v -1.9 2.7 0.2
v -1.9 2.9 0.2
v -2.2 0.2 0.2
v -2.2 0.3 0.2
v -2.2 0.5 0.2
v -2.2 0.6 0.2
v -2.2 0.8 0.2
v -2.2 0.9 0.2
v -2.2 1.1 0.2
v -2.2 1.2 0.2
v -2.2 1.4 0.2
v -2.2 1.5 0.2
v -2.2 1.7 0.2
v -2.2 1.8 0.2
v -2.2 2 0.2
v -2.2 2.1 0.2
v -2.2 2.3 0.2
v -2.2 2.4 0.2
v -2.2 2.6 0.2
v -2.2 2.7 0.2
v -2.2 2.9 0.2
v -2.2 3 0.2
v -2.2 3.2 0.2
v -4 3.3 -0.2
v -4 3.3 0.2
v -2.3 0 0.2
v -2.3 0 0
v -2.5 0 0
v -2.5 0 0.2
v -2.9 0 0.2
v -2.9 0 0
v -3 0 0.2
v -3 0 0
v -3.2 0 0
v -3.2 0 0.2
v -3.6 0 0.2
v -3.6 0 0
v -3.7 0 0.2
v -3.7 0 0
v -2.3 0 -0.2
v -2.5 0 -0.2
v -2.6 0 0
v -2.6 0 -0.2
v -3 0 -0.2
v -3.2 0 -0.2
v -3.3 0 0
v -3.3 0 -0.2
v -3.7 0 -0.2
v -4 0 0.2
v -4 0 -0.2
v -4 0.2 0.2
v -4 0.2 -0.2
v -4 0.3 0.2
v -4 0.3 -0.2
v -4 0.5 0.2
v -4 0.5 -0.2
v -4 0.6 0.2
v -4 0.6 -0.2
v -4 0.8 0.2
v -4 0.8 -0.2
v -4 0.9 0.2
v -4 0.9 -0.2
v -4 1.1 0.2
v -4 1.1 -0.2
v -4 1.2 0.2
v -4 1.2 -0.2
v -4 1.4 0.2
v -4 1.4 -0.2
v -4 1.5 0.2
v -4 1.5 -0.2
v -4 1.7 0.2
v -4 1.7 -0.2
v -4 1.8 0.2
v -4 1.8 -0.2
v -4 2 0.2
v -4 2 -0.2
v -4 2.1 0.2
v -4 2.1 -0.2
v -4 2.3 0.2
v -4 2.3 -0.2
v -4 2.4 0.2
v -4 2.4 -0.2
v -4 2.6 0.2
v -4 2.6 -0.2
v -4 2.7 0.2
v -4 2.7 -0.2
v -4 2.9 0.2
v -4 2.9 -0.2
v -4 3 0.2
v -4 3 -0.2
v -4 3.2 0.2
v -4 3.2 -0.2
v -2.3 0.3 -0.2
v -2.3 0.6 -0.2
v -2.3 0.9 -0.2
v -2.3 1.2 -0.2
v -2.3 1.5 -0.2
v -2.3 1.8 -0.2
v -2.3 2.1 -0.2
v -2.3 2.4 -0.2
v -2.3 2.7 -0.2
v -2.3 3 -0.2
v -2.5 0.2 -0.2
v -2.5 0.6 -0.2
v -2.5 0.8 -0.2
v -2.5 1.2 -0.2
v -2.5 1.4 -0.2
v -2.5 1.8 -0.2
v -2.5 2 -0.2
v -2.5 2.4 -0.2
v -2.5 2.6 -0.2
v -2.5 3 -0.2
v -2.5 3.2 -0.2
v -2.6 0.2 -0.2
v -2.6 0.6 -0.2
v -2.6 0.8 -0.2
v -2.6 1.2 -0.2
v -2.6 1.4 -0.2
v -2.6 1.8 -0.2
v -2.6 2 -0.2
v -2.6 2.4 -0.2
v -2.6 2.6 -0.2
v -2.6 3 -0.2
v -2.6 3.2 -0.2
v -2.9 0.3 -0.2
v -2.9 0.5 -0.2
v -2.3 0.5 -0.2
v -2.9 0.9 -0.2
v -2.9 1.1 -0.2
v -2.3 1.1 -0.2
v -2.9 1.5 -0.2
v -2.9 1.7 -0.2
v -2.3 1.7 -0.2
v -2.9 2.1 -0.2
v -2.9 2.3 -0.2
v -2.3 2.3 -0.2
v -2.9 2.7 -0.2
v -2.9 2.9 -0.2
v -2.3 2.9 -0.2
v -3 0.3 -0.2
v -3 0.5 -0.2
v -3 0.9 -0.2
v -3 1.1 -0.2
v -3 1.5 -0.2
v -3 1.7 -0.2
v -3 2.1 -0.2
v -3 2.3 -0.2
v -3 2.7 -0.2
v -3 2.9 -0.2
v -3.2 0.2 -0.2
v -3.2 0.6 -0.2
v -3.2 0.8 -0.2
v -3.2 1.2 -0.2
v -3.2 1.4 -0.2
v -3.2 1.8 -0.2
v -3.2 2 -0.2
v -3.2 2.4 -0.2
v -3.2 2.6 -0.2
v -3.2 3 -0.2
v -3.2 3.2 -0.2
v -3.3 0.2 -0.2
v -3.3 0.6 -0.2
v -3.3 0.8 -0.2
v -3.3 1.2 -0.2
v -3.3 1.4 -0.2
v -3.3 1.8 -0.2
v -3.3 2 -0.2
v -3.3 2.4 -0.2
v -3.3 2.6 -0.2
v -3.3 3 -0.2
v -3.3 3.2 -0.2
v -3.6 0.3 -0.2
v -3.6 0.5 -0.2
v -3.6 0.9 -0.2
v -3.6 1.1 -0.2
v -3.6 1.5 -0.2
v -3.6 1.7 -0.2
v -3.6 2.1 -0.2
v -3.6 2.3 -0.2
v -3.6 2.7 -0.2
v -3.6 2.9 -0.2
v -3.7 0.3 -0.2
v -3.7 0.5 -0.2
v -3.7 0.9 -0.2
v -3.7 1.1 -0.2
v -3.7 1.5 -0.2
v -3.7 1.7 -0.2
v -3.7 2.1 -0.2
v -3.7 2.3 -0.2
v -3.7 2.7 -0.2
v -3.7 2.9 -0.2
v -2.3 0.3 0.2
v -2.3 0.6 0.2
v -2.3 0.9 0.2
v -2.3 1.2 0.2
v -2.3 1.5 0.2
v -2.3 1.8 0.2
v -2.3 2.1 0.2
v -2.3 2.4 0.2
v -2.3 2.7 0.2
v -2.3 3 0.2
v -2.3 3.3 0.2
v -2.5 0.3 0.2
v -2.5 0.5 0.2
v -2.5 0.9 0.2
v -2.5 1.1 0.2
v -2.5 1.5 0.2
v -2.5 1.7 0.2
v -2.5 2.1 0.2
v -2.5 2.3 0.2
v -2.5 2.7 0.2
v -2.5 2.9 0.2
v -2.6 0.3 0.2
v -2.6 0.5 0.2
v -2.6 0.9 0.2
v -2.6 1.1 0.2
v -2.6 1.5 0.2
v -2.6 1.7 0.2
v -2.6 2.1 0.2
v -2.6 2.3 0.2
v -2.6 2.7 0.2
v -2.6 2.9 0.2
v -2.3 0.2 0.2
v -2.9 0.2 0.2
v -2.9 0.6 0.2
v -2.3 0.8 0.2
v -2.9 0.8 0.2
v -2.9 1.2 0.2
v -2.3 1.4 0.2
v -2.9 1.4 0.2
v -2.9 1.8 0.2
v -2.3 2 0.2
v -2.9 2 0.2
v -2.9 2.4 0.2
v -2.3 2.6 0.2
v -2.9 2.6 0.2
v -2.9 3 0.2
v -2.3 3.2 0.2
v -2.9 3.2 0.2
v -3 0.2 0.2
v -3 0.6 0.2
v -3 0.8 0.2
v -3 1.2 0.2
v -3 1.4 0.2
v -3 1.8 0.2
v -3 2 0.2
v -3 2.4 0.2
v -3 2.6 0.2
v -3 3 0.2
v -3 3.2 0.2
v -3.2 0.3 0.2
v -3.2 0.5 0.2
v -3.2 0.9 0.2
v -3.2 1.1 0.2
v -3.2 1.5 0.2
v -3.2 1.7 0.2
v -3.2 2.1 0.2
v -3.2 2.3 0.2
v -3.2 2.7 0.2
v -3.2 2.9 0.2
v -3.3 0.3 0.2
v -3.3 0.5 0.2
v -3.3 0.9 0.2
v -3.3 1.1 0.2
v -3.3 1.5 0.2
v -3.3 1.7 0.2
v -3.3 2.1 0.2
v -3.3 2.3 0.2
v -3.3 2.7 0.2
v -3.3 2.9 0.2
v -3.6 0.2 0.2
v -3.6 0.6 0.2
v -3.6 0.8 0.2
v -3.6 1.2 0.2
v -3.6 1.4 0.2
v -3.6 1.8 0.2
v -3.6 2 0.2
v -3.6 2.4 0.2
v -3.6 2.6 0.2
v -3.6 3 0.2
v -3.6 3.2 0.2
v -3.7 0.2 0.2
v -3.7 0.6 0.2
v -3.7 0.8 0.2
v -3.7 1.2 0.2
v -3.7 1.4 0.2
v -3.7 1.8 0.2
v -3.7 2 0.2
v -3.7 2.4 0.2
v -3.7 2.6 0.2
v -3.7 3 0.2
v -3.7 3.2 0.2

vt 0.00585938 0.5
vt 0.0371094 0.5
vt 0.0410156 0.5
vt 0.0683594 0.5
vt 0.0761719 0.5
vt 0.0839844 0.5

vn 0 1 0
vn 0 -1 0
vn -1 0 0
vn 1 0 0
vn 0 0 -1
vn 0 0 1

usemtl palette
f 1/5/1 2/5/1 4/5/1
f 4/5/1 2/5/1 3/5/1
f 5/5/1 6/5/1 8/5/1
f 8/5/1 6/5/1 7/5/1
f 9/5/1 10/5/1 12/5/1
f 12/5/1 10/5/1 11/5/1
f 13/5/1 14/5/1 16/5/1
f 16/5/1 14/5/1 15/5/1
f 17/5/1 18/5/1 20/5/1
f 20/5/1 18/5/1 19/5/1
f 21/5/1 22/5/1 24/5/1
f 24/5/1 22/5/1 23/5/1
f 25/5/1 26/5/1 28/5/1
f 28/5/1 26/5/1 27/5/1
f 29/5/1 30/5/1 32/5/1
f 32/5/1 30/5/1 31/5/1
f 33/5/1 34/5/1 36/5/1
f 36/5/1 34/5/1 35/5/1
f 37/2/1 38/2/1 40/2/1
f 40/2/1 38/2/1 39/2/1
f 41/3/1 42/3/1 44/3/1
f 44/3/1 42/3/1 43/3/1
f 45/5/1 46/5/1 48/5/1
f 48/5/1 46/5/1 47/5/1
f 49/3/1 50/3/1 52/3/1
f 52/3/1 50/3/1 51/3/1
f 53/5/1 54/5/1 56/5/1
f 56/5/1 54/5/1 55/5/1
f 57/5/1 58/5/1 60/5/1
f 60/5/1 58/5/1 59/5/1
f 61/3/1 62/3/1 64/3/1
f 64/3/1 62/3/1 63/3/1
f 65/4/1 66/4/1 68/4/1
f 68/4/1 66/4/1 67/4/1
f 69/5/1 70/5/1 72/5/1
f 72/5/1 70/5/1 71/5/1
f 73/5/1 74/5/1 76/5/1
f 76/5/1 74/5/1 75/5/1
f 77/3/1 78/3/1 80/3/1
f 80/3/1 78/3/1 79/3/1
f 81/6/1 82/6/1 84/6/1
f 84/6/1 82/6/1 83/6/1
f 85/5/1 86/5/1 88/5/1
f 88/5/1 86/5/1 87/5/1
f 89/5/1 90/5/1 92/5/1
f 92/5/1 90/5/1 91/5/1
f 93/3/1 94/3/1 81/3/1
f 81/3/1 94/3/1 95/3/1
f 96/3/1 97/3/1 99/3/1
f 99/3/1 97/3/1 98/3/1
f 100/6/1 101/6/1 65/6/1
f 65/6/1 101/6/1 84/6/1
f 101/6/1 102/6/1 93/6/1
f 93/6/1 102/6/1 94/6/1
f 102/6/1 103/6/1 95/6/1
f 95/6/1 103/6/1 82/6/1
f 104/5/1 105/5/1 107/5/1
f 107/5/1 105/5/1 106/5/1
f 108/5/1 109/5/1 111/5/1
f 111/5/1 109/5/1 110/5/1
f 112/3/1 113/3/1 115/3/1
f 115/3/1 113/3/1 114/3/1
f 116/4/1 117/4/1 119/4/1
f 119/4/1 117/4/1 118/4/1
f 120/5/1 121/5/1 123/5/1
f 123/5/1 121/5/1 122/5/1
f 124/4/1 125/4/1 127/4/1
f 127/4/1 125/4/1 126/4/1
f 128/5/1 129/5/1 131/5/1
f 131/5/1 129/5/1 130/5/1
f 132/3/1 133/3/1 134/3/1
f 134/3/1 133/3/1 99/3/1
f 133/3/1 135/3/1 137/3/1
f 137/3/1 135/3/1 136/3/1
f 135/3/1 138/3/1 139/3/1
f 139/3/1 138/3/1 97/3/1
f 140/5/1 141/5/1 143/5/1
f 143/5/1 141/5/1 142/5/1
f 144/5/1 145/5/1 147/5/1
f 147/5/1 145/5/1 146/5/1
f 148/3/1 149/3/1 150/3/1
f 150/3/1 149/3/1 80/3/1
f 149/3/1 151/3/1 153/3/1
f 153/3/1 151/3/1 152/3/1
f 151/3/1 154/3/1 155/3/1
f 155/3/1 154/3/1 78/3/1
f 156/5/1 157/5/1 159/5/1
f 159/5/1 157/5/1 158/5/1
f 160/5/1 161/5/1 163/5/1
f 163/5/1 161/5/1 162/5/1
f 164/3/1 165/3/1 166/3/1
f 166/3/1 165/3/1 64/3/1
f 165/3/1 167/3/1 169/3/1
f 169/3/1 167/3/1 168/3/1
f 167/3/1 170/3/1 171/3/1
f 171/3/1 170/3/1 62/3/1
f 172/2/1 173/2/1 175/2/1
f 175/2/1 173/2/1 174/2/1
f 176/4/1 177/4/1 179/4/1
f 179/4/1 177/4/1 178/4/1
f 180/4/1 181/4/1 183/4/1
f 183/4/1 181/4/1 182/4/1
f 184/5/1 185/5/1 187/5/1
f 187/5/1 185/5/1 186/5/1
f 188/2/1 189/2/1 191/2/1
f 191/2/1 189/2/1 190/2/1
f 192/3/1 193/3/1 194/3/1
f 194/3/1 193/3/1 52/3/1
f 195/4/1 196/4/1 197/4/1
f 197/4/1 196/4/1 68/4/1
f 196/4/1 198/4/1 100/4/1
f 100/4/1 198/4/1 103/4/1
f 193/3/1 199/3/1 201/3/1
f 201/3/1 199/3/1 200/3/1
f 198/4/1 202/4/1 83/4/1
f 83/4/1 202/4/1 66/4/1
f 199/3/1 203/3/1 204/3/1
f 204/3/1 203/3/1 50/3/1
f 205/2/1 206/2/1 208/2/1
f 208/2/1 206/2/1 207/2/1
f 209/5/1 210/5/1 211/5/1
f 211/5/1 210/5/1 4/5/1
f 212/3/1 213/3/1 214/3/1
f 214/3/1 213/3/1 44/3/1
f 210/5/1 215/5/1 217/5/1
f 217/5/1 215/5/1 216/5/1
f 215/5/1 218/5/1 220/5/1
f 220/5/1 218/5/1 219/5/1
f 218/5/1 221/5/1 223/5/1
f 223/5/1 221/5/1 222/5/1
f 221/5/1 224/5/1 226/5/1
f 226/5/1 224/5/1 225/5/1
f 224/5/1 227/5/1 229/5/1
f 229/5/1 227/5/1 228/5/1
f 227/5/1 230/5/1 232/5/1
f 232/5/1 230/5/1 231/5/1
f 230/5/1 233/5/1 235/5/1
f 235/5/1 233/5/1 234/5/1
f 233/5/1 236/5/1 238/5/1
f 238/5/1 236/5/1 237/5/1
f 236/5/1 239/5/1 241/5/1
f 241/5/1 239/5/1 240/5/1
f 239/5/1 242/5/1 244/5/1
f 244/5/1 242/5/1 243/5/1
f 242/5/1 245/5/1 247/5/1
f 247/5/1 245/5/1 246/5/1
f 245/5/1 248/5/1 250/5/1
f 250/5/1 248/5/1 249/5/1
f 248/5/1 251/5/1 253/5/1
f 253/5/1 251/5/1 252/5/1
f 251/5/1 254/5/1 256/5/1
f 256/5/1 254/5/1 255/5/1
f 254/5/1 257/5/1 259/5/1
f 259/5/1 257/5/1 258/5/1
f 257/5/1 260/5/1 262/5/1
f 262/5/1 260/5/1 261/5/1
f 213/3/1 263/3/1 265/3/1
f 265/3/1 263/3/1 264/3/1
f 260/5/1 266/5/1 268/5/1
f 268/5/1 266/5/1 267/5/1
f 266/5/1 269/5/1 270/5/1
f 270/5/1 269/5/1 2/5/1
f 263/3/1 271/3/1 272/3/1
f 272/3/1 271/3/1 42/3/1
f 273/5/2 274/5/2 276/5/2
f 276/5/2 274/5/2 275/5/2
f 277/3/2 278/3/2 280/3/2
f 280/3/2 278/3/2 279/3/2
f 281/2/2 282/2/2 284/2/2
f 284/2/2 282/2/2 283/2/2
f 285/2/2 286/2/2 288/2/2
f 288/2/2 286/2/2 287/2/2
f 289/2/2 290/2/2 292/2/2
f 292/2/2 290/2/2 291/2/2
f 293/2/2 294/2/2 296/2/2
f 296/2/2 294/2/2 295/2/2
f 297/2/2 298/2/2 300/2/2
f 300/2/2 298/2/2 299/2/2
f 301/2/2 302/2/2 304/2/2
f 304/2/2 302/2/2 303/2/2
f 305/2/2 306/2/2 308/2/2
f 308/2/2 306/2/2 307/2/2
f 309/2/2 310/2/2 312/2/2
f 312/2/2 310/2/2 311/2/2
f 313/4/2 314/4/2 316/4/2
f 316/4/2 314/4/2 315/4/2
f 316/5/2 315/5/2 318/5/2
f 318/5/2 315/5/2 317/5/2
f 318/4/2 317/4/2 320/4/2
f 320/4/2 317/4/2 319/4/2
f 320/5/2 319/5/2 322/5/2
f 322/5/2 319/5/2 321/5/2
f 322/4/2 321/4/2 324/4/2
f 324/4/2 321/4/2 323/4/2
f 325/2/2 326/2/2 328/2/2
f 328/2/2 326/2/2 327/2/2
f 329/2/2 330/2/2 332/2/2
f 332/2/2 330/2/2 331/2/2
f 333/2/2 334/2/2 336/2/2
f 336/2/2 334/2/2 335/2/2
f 337/4/2 338/4/2 340/4/2
f 340/4/2 338/4/2 339/4/2
f 341/5/2 342/5/2 343/5/2
f 343/5/2 342/5/2 314/5/2
f 344/5/2 323/5/2 346/5/2
f 346/5/2 323/5/2 345/5/2
f 347/2/2 348/2/2 350/2/2
f 350/2/2 348/2/2 349/2/2
f 351/2/2 352/2/2 354/2/2
f 354/2/2 352/2/2 353/2/2
f 355/4/2 341/4/2 356/4/2
f 356/4/2 341/4/2 343/4/2
f 357/4/2 344/4/2 358/4/2
f 358/4/2 344/4/2 346/4/2
f 359/6/2 360/6/2 362/6/2
f 362/6/2 360/6/2 361/6/2
f 363/2/2 364/2/2 366/2/2
f 366/2/2 364/2/2 365/2/2
f 367/2/2 368/2/2 370/2/2
f 370/2/2 368/2/2 369/2/2
f 371/3/2 359/3/2 373/3/2
f 373/3/2 359/3/2 372/3/2
f 374/5/2 375/5/2 377/5/2
f 377/5/2 375/5/2 376/5/2
f 377/4/2 376/4/2 379/4/2
f 379/4/2 376/4/2 378/4/2
f 380/5/2 381/5/2 383/5/2
f 383/5/2 381/5/2 382/5/2
f 383/4/2 382/4/2 385/4/2
f 385/4/2 382/4/2 384/4/2
f 386/5/2 387/5/2 389/5/2
f 389/5/2 387/5/2 388/5/2
f 389/4/2 388/4/2 391/4/2
f 391/4/2 388/4/2 390/4/2
f 392/5/2 393/5/2 395/5/2
f 395/5/2 393/5/2 394/5/2
f 395/4/2 394/4/2 397/4/2
f 397/4/2 394/4/2 396/4/2
f 398/5/2 399/5/2 401/5/2
f 401/5/2 399/5/2 400/5/2
f 402/6/2 337/6/2 403/6/2
f 403/6/2 337/6/2 360/6/2
f 403/6/2 371/6/2 404/6/2
f 404/6/2 371/6/2 373/6/2
f 404/6/2 372/6/2 405/6/2
f 405/6/2 372/6/2 362/6/2
f 406/2/2 407/2/2 409/2/2
f 409/2/2 407/2/2 408/2/2
f 410/5/2 411/5/2 413/5/2
f 413/5/2 411/5/2 412/5/2
f 413/4/2 412/4/2 415/4/2
f 415/4/2 412/4/2 414/4/2
f 416/5/2 417/5/2 419/5/2
f 419/5/2 417/5/2 418/5/2
f 420/2/2 421/2/2 423/2/2
f 423/2/2 421/2/2 422/2/2
f 424/4/2 374/4/2 426/4/2
f 426/4/2 374/4/2 425/4/2
f 426/5/2 425/5/2 427/5/2
f 427/5/2 425/5/2 379/5/2
f 427/5/2 378/5/2 428/5/2
f 428/5/2 378/5/2 381/5/2
f 428/4/2 380/4/2 430/4/2
f 430/4/2 380/4/2 429/4/2
f 430/5/2 429/5/2 431/5/2
f 431/5/2 429/5/2 385/5/2
f 431/5/2 384/5/2 432/5/2
f 432/5/2 384/5/2 387/5/2
f 432/4/2 386/4/2 434/4/2
f 434/4/2 386/4/2 433/4/2
f 434/5/2 433/5/2 435/5/2
f 435/5/2 433/5/2 391/5/2
f 435/5/2 390/5/2 436/5/2
f 436/5/2 390/5/2 393/5/2
f 436/4/2 392/4/2 438/4/2
f 438/4/2 392/4/2 437/4/2
f 438/5/2 437/5/2 439/5/2
f 439/5/2 437/5/2 397/5/2
f 439/5/2 396/5/2 440/5/2
f 440/5/2 396/5/2 399/5/2
f 440/4/2 398/4/2 442/4/2
f 442/4/2 398/4/2 441/4/2
f 442/5/2 441/5/2 443/5/2
f 443/5/2 441/5/2 401/5/2
f 444/2/2 445/2/2 447/2/2
f 447/2/2 445/2/2 446/2/2
f 448/5/2 449/5/2 450/5/2
f 450/5/2 449/5/2 411/5/2
f 450/4/2 410/4/2 452/4/2
f 452/4/2 410/4/2 451/4/2
f 452/5/2 451/5/2 453/5/2
f 453/5/2 451/5/2 415/5/2
f 453/5/2 414/5/2 454/5/2
f 454/5/2 414/5/2 417/5/2
f 454/4/2 416/4/2 456/4/2
f 456/4/2 416/4/2 455/4/2
f 456/5/2 455/5/2 457/5/2
f 457/5/2 455/5/2 419/5/2
f 458/2/2 459/2/2 461/2/2
f 461/2/2 459/2/2 460/2/2
f 462/5/2 355/5/2 463/5/2
f 463/5/2 355/5/2 356/5/2
f 464/5/2 357/5/2 465/5/2
f 465/5/2 357/5/2 358/5/2
f 466/4/2 462/4/2 467/4/2
f 467/4/2 462/4/2 463/4/2
f 468/4/2 464/4/2 469/4/2
f 469/4/2 464/4/2 465/4/2
f 470/2/2 471/2/2 473/2/2
f 473/2/2 471/2/2 472/2/2
f 474/2/2 475/2/2 477/2/2
f 477/2/2 475/2/2 476/2/2
f 478/2/2 479/2/2 481/2/2
f 481/2/2 479/2/2 480/2/2
f 482/2/2 483/2/2 485/2/2
f 485/2/2 483/2/2 484/2/2
f 486/3/2 487/3/2 489/3/2
f 489/3/2 487/3/2 488/3/2
f 490/4/2 491/4/2 492/4/2
f 492/4/2 491/4/2 338/4/2
f 492/4/2 402/4/2 493/4/2
f 493/4/2 402/4/2 405/4/2
f 493/4/2 361/4/2 494/4/2
f 494/4/2 361/4/2 340/4/2
f 495/2/2 496/2/2 498/2/2
f 498/2/2 496/2/2 497/2/2
f 499/3/2 500/3/2 502/3/2
f 502/3/2 500/3/2 501/3/2
f 503/5/2 466/5/2 504/5/2
f 504/5/2 466/5/2 467/5/2
f 504/4/2 505/4/2 507/4/2
f 507/4/2 505/4/2 506/4/2
f 508/2/2 509/2/2 511/2/2
f 511/2/2 509/2/2 510/2/2
f 512/2/2 513/2/2 515/2/2
f 515/2/2 513/2/2 514/2/2
f 516/2/2 517/2/2 519/2/2
f 519/2/2 517/2/2 518/2/2
f 507/5/2 506/5/2 521/5/2
f 521/5/2 506/5/2 520/5/2
f 522/2/2 523/2/2 525/2/2
f 525/2/2 523/2/2 524/2/2
f 521/4/2 520/4/2 527/4/2
f 527/4/2 520/4/2 526/4/2
f 528/2/2 529/2/2 531/2/2
f 531/2/2 529/2/2 530/2/2
f 532/2/2 533/2/2 535/2/2
f 535/2/2 533/2/2 534/2/2
f 536/2/2 537/2/2 539/2/2
f 539/2/2 537/2/2 538/2/2
f 527/5/2 526/5/2 541/5/2
f 541/5/2 526/5/2 540/5/2
f 542/2/2 543/2/2 545/2/2
f 545/2/2 543/2/2 544/2/2
f 541/4/2 540/4/2 547/4/2
f 547/4/2 540/4/2 546/4/2
f 547/5/2 468/5/2 548/5/2
f 548/5/2 468/5/2 469/5/2
f 549/5/2 550/5/2 551/5/2
f 551/5/2 550/5/2 274/5/2
f 552/3/2 553/3/2 554/3/2
f 554/3/2 553/3/2 278/3/2
f 554/3/2 555/3/2 557/3/2
f 557/3/2 555/3/2 556/3/2
f 557/3/2 558/3/2 560/3/2
f 560/3/2 558/3/2 559/3/2
f 551/5/2 561/5/2 563/5/2
f 563/5/2 561/5/2 562/5/2
f 560/3/2 564/3/2 566/3/2
f 566/3/2 564/3/2 565/3/2
f 563/5/2 567/5/2 568/5/2
f 568/5/2 567/5/2 276/5/2
f 566/3/2 569/3/2 570/3/2
f 570/3/2 569/3/2 280/3/2
f 571/5/3 572/5/3 313/5/3
f 313/5/3 572/5/3 343/5/3
f 573/5/3 574/5/3 345/5/3
f 345/5/3 574/5/3 346/5/3
f 575/5/3 576/5/3 358/5/3
f 358/5/3 576/5/3 449/5/3
f 577/5/3 578/5/3 356/5/3
f 356/5/3 578/5/3 463/5/3
f 579/5/3 580/5/3 448/5/3
f 448/5/3 580/5/3 465/5/3
f 581/5/3 582/5/3 467/5/3
f 467/5/3 582/5/3 505/5/3
f 583/5/3 584/5/3 469/5/3
f 469/5/3 584/5/3 548/5/3
f 585/4/3 586/4/3 587/4/3
f 587/4/3 586/4/3 572/4/3
f 588/4/3 589/4/3 573/4/3
f 573/4/3 589/4/3 574/4/3
f 586/4/3 590/4/3 343/4/3
f 343/4/3 590/4/3 356/4/3
f 589/4/3 591/4/3 346/4/3
f 346/4/3 591/4/3 358/4/3
f 591/4/3 592/4/3 575/4/3
f 575/4/3 592/4/3 576/4/3
f 590/4/3 593/4/3 577/4/3
f 577/4/3 593/4/3 578/4/3
f 594/4/3 595/4/3 579/4/3
f 579/4/3 595/4/3 580/4/3
f 593/4/3 596/4/3 463/4/3
f 463/4/3 596/4/3 467/4/3
f 595/4/3 597/4/3 465/4/3
f 465/4/3 597/4/3 469/4/3
f 596/4/3 598/4/3 581/4/3
f 581/4/3 598/4/3 582/4/3
f 597/4/3 599/4/3 583/4/3
f 583/4/3 599/4/3 584/4/3
f 600/5/3 601/5/3 588/5/3
f 588/5/3 601/5/3 602/5/3
f 603/5/3 604/5/3 605/5/3
f 605/5/3 604/5/3 592/5/3
f 606/5/3 607/5/3 585/5/3
f 585/5/3 607/5/3 608/5/3
f 609/5/3 610/5/3 612/5/3
f 612/5/3 610/5/3 611/5/3
f 613/5/3 614/5/3 594/5/3
f 594/5/3 614/5/3 615/5/3
f 616/5/3 617/5/3 618/5/3
f 618/5/3 617/5/3 599/5/3
f 619/4/3 620/4/3 600/4/3
f 600/4/3 620/4/3 601/4/3
f 621/4/3 622/4/3 571/4/3
f 571/4/3 622/4/3 587/4/3
f 620/4/3 623/4/3 602/4/3
f 602/4/3 623/4/3 605/4/3
f 623/4/3 624/4/3 603/4/3
f 603/4/3 624/4/3 604/4/3
f 622/4/3 625/4/3 606/4/3
f 606/4/3 625/4/3 607/4/3
f 625/4/3 626/4/3 608/4/3
f 608/4/3 626/4/3 612/4/3
f 626/4/3 627/4/3 609/4/3
f 609/4/3 627/4/3 610/4/3
f 628/4/3 629/4/3 613/4/3
f 613/4/3 629/4/3 614/4/3
f 627/4/3 630/4/3 611/4/3
f 611/4/3 630/4/3 598/4/3
f 629/4/3 631/4/3 615/4/3
f 615/4/3 631/4/3 618/4/3
f 631/4/3 632/4/3 616/4/3
f 616/4/3 632/4/3 617/4/3
f 633/5/3 634/5/3 621/5/3
f 621/5/3 634/5/3 635/5/3
f 636/5/3 637/5/3 619/5/3
f 619/5/3 637/5/3 638/5/3
f 639/5/3 640/5/3 641/5/3
f 641/5/3 640/5/3 624/5/3
f 642/5/3 643/5/3 645/5/3
f 645/5/3 643/5/3 644/5/3
f 646/5/3 647/5/3 628/5/3
f 628/5/3 647/5/3 648/5/3
f 649/5/3 650/5/3 651/5/3
f 651/5/3 650/5/3 630/5/3
f 652/5/3 653/5/3 654/5/3
f 654/5/3 653/5/3 632/5/3
f 655/4/3 656/4/3 657/4/3
f 657/4/3 656/4/3 634/4/3
f 658/4/3 659/4/3 636/4/3
f 636/4/3 659/4/3 637/4/3
f 656/4/3 660/4/3 635/4/3
f 635/4/3 660/4/3 645/4/3
f 659/4/3 661/4/3 638/4/3
f 638/4/3 661/4/3 641/4/3
f 661/4/3 662/4/3 639/4/3
f 639/4/3 662/4/3 640/4/3
f 660/4/3 663/4/3 642/4/3
f 642/4/3 663/4/3 643/4/3
f 664/4/3 665/4/3 646/4/3
f 646/4/3 665/4/3 647/4/3
f 663/4/3 666/4/3 644/4/3
f 644/4/3 666/4/3 651/4/3
f 665/4/3 667/4/3 648/4/3
f 648/4/3 667/4/3 654/4/3
f 666/4/3 668/4/3 649/4/3
f 649/4/3 668/4/3 650/4/3
f 667/4/3 669/4/3 652/4/3
f 652/4/3 669/4/3 653/4/3
f 670/5/3 671/5/3 658/5/3
f 658/5/3 671/5/3 672/5/3
f 673/5/3 674/5/3 675/5/3
f 675/5/3 674/5/3 662/5/3
f 676/5/3 677/5/3 655/5/3
f 655/5/3 677/5/3 678/5/3
f 679/5/3 680/5/3 682/5/3
f 682/5/3 680/5/3 681/5/3
f 683/5/3 684/5/3 664/5/3
f 664/5/3 684/5/3 685/5/3
f 686/5/3 687/5/3 688/5/3
f 688/5/3 687/5/3 669/5/3
f 689/4/3 690/4/3 670/4/3
f 670/4/3 690/4/3 671/4/3
f 691/4/3 692/4/3 633/4/3
f 633/4/3 692/4/3 657/4/3
f 690/4/3 693/4/3 672/4/3
f 672/4/3 693/4/3 675/4/3
f 693/4/3 694/4/3 673/4/3
f 673/4/3 694/4/3 674/4/3
f 692/4/3 695/4/3 676/4/3
f 676/4/3 695/4/3 677/4/3
f 695/4/3 696/4/3 678/4/3
f 678/4/3 696/4/3 682/4/3
f 696/4/3 697/4/3 679/4/3
f 679/4/3 697/4/3 680/4/3
f 698/4/3 699/4/3 683/4/3
f 683/4/3 699/4/3 684/4/3
f 697/4/3 700/4/3 681/4/3
f 681/4/3 700/4/3 668/4/3
f 699/4/3 701/4/3 685/4/3
f 685/4/3 701/4/3 688/4/3
f 701/4/3 702/4/3 686/4/3
f 686/4/3 702/4/3 687/4/3
f 703/5/3 704/5/3 691/5/3
f 691/5/3 704/5/3 705/5/3
f 706/5/3 707/5/3 689/5/3
f 689/5/3 707/5/3 708/5/3
f 709/5/3 710/5/3 711/5/3
f 711/5/3 710/5/3 694/5/3
f 712/5/3 713/5/3 715/5/3
f 715/5/3 713/5/3 714/5/3
f 716/5/3 717/5/3 698/5/3
f 698/5/3 717/5/3 718/5/3
f 719/5/3 720/5/3 721/5/3
f 721/5/3 720/5/3 700/5/3
f 722/5/3 723/5/3 724/5/3
f 724/5/3 723/5/3 702/5/3
f 725/4/3 726/4/3 727/4/3
f 727/4/3 726/4/3 704/4/3
f 728/4/3 729/4/3 706/4/3
f 706/4/3 729/4/3 707/4/3
f 726/4/3 730/4/3 705/4/3
f 705/4/3 730/4/3 715/4/3
f 729/4/3 731/4/3 708/4/3
f 708/4/3 731/4/3 711/4/3
f 731/4/3 732/4/3 709/4/3
f 709/4/3 732/4/3 710/4/3
f 730/4/3 733/4/3 712/4/3
f 712/4/3 733/4/3 713/4/3
f 734/4/3 735/4/3 716/4/3
f 716/4/3 735/4/3 717/4/3
f 733/4/3 736/4/3 714/4/3
f 714/4/3 736/4/3 721/4/3
f 735/4/3 737/4/3 718/4/3
f 718/4/3 737/4/3 724/4/3
f 736/4/3 738/4/3 719/4/3
f 719/4/3 738/4/3 720/4/3
f 737/4/3 739/4/3 722/4/3
f 722/4/3 739/4/3 723/4/3
f 740/5/3 741/5/3 728/5/3
f 728/5/3 741/5/3 742/5/3
f 743/5/3 744/5/3 745/5/3
f 745/5/3 744/5/3 732/5/3
f 746/5/3 747/5/3 725/5/3
f 725/5/3 747/5/3 748/5/3
f 749/5/3 750/5/3 752/5/3
f 752/5/3 750/5/3 751/5/3
f 753/5/3 754/5/3 734/5/3
f 734/5/3 754/5/3 755/5/3
f 756/5/3 757/5/3 758/5/3
f 758/5/3 757/5/3 739/5/3
f 759/4/3 760/4/3 740/4/3
f 740/4/3 760/4/3 741/4/3
f 761/4/3 762/4/3 703/4/3
f 703/4/3 762/4/3 727/4/3
f 760/4/3 763/4/3 742/4/3
f 742/4/3 763/4/3 745/4/3
f 763/4/3 764/4/3 743/4/3
f 743/4/3 764/4/3 744/4/3
f 762/4/3 765/4/3 746/4/3
f 746/4/3 765/4/3 747/4/3
f 765/4/3 766/4/3 748/4/3
f 748/4/3 766/4/3 752/4/3
f 766/4/3 767/4/3 749/4/3
f 749/4/3 767/4/3 750/4/3
f 768/4/3 769/4/3 753/4/3
f 753/4/3 769/4/3 754/4/3
f 767/4/3 770/4/3 751/4/3
f 751/4/3 770/4/3 738/4/3
f 769/4/3 771/4/3 755/4/3
f 755/4/3 771/4/3 758/4/3
f 771/4/3 772/4/3 756/4/3
f 756/4/3 772/4/3 757/4/3
f 773/5/3 774/5/3 761/5/3
f 761/5/3 774/5/3 775/5/3
f 776/5/3 777/5/3 759/5/3
f 759/5/3 777/5/3 778/5/3
f 779/5/3 780/5/3 781/5/3
f 781/5/3 780/5/3 764/5/3
f 782/5/3 783/5/3 785/5/3
f 785/5/3 783/5/3 784/5/3
f 786/5/3 787/5/3 768/5/3
f 768/5/3 787/5/3 788/5/3
f 789/5/3 790/5/3 791/5/3
f 791/5/3 790/5/3 770/5/3
f 792/5/3 793/5/3 794/5/3
f 794/5/3 793/5/3 772/5/3
f 795/4/3 796/4/3 797/4/3
f 797/4/3 796/4/3 774/4/3
f 798/4/3 799/4/3 776/4/3
f 776/4/3 799/4/3 777/4/3
f 796/4/3 800/4/3 775/4/3
f 775/4/3 800/4/3 785/4/3
f 799/4/3 801/4/3 778/4/3
f 778/4/3 801/4/3 781/4/3
f 801/4/3 802/4/3 779/4/3
f 779/4/3 802/4/3 780/4/3
f 800/4/3 803/4/3 782/4/3
f 782/4/3 803/4/3 783/4/3
f 804/4/3 805/4/3 786/4/3
f 786/4/3 805/4/3 787/4/3
f 803/4/3 806/4/3 784/4/3
f 784/4/3 806/4/3 791/4/3
f 805/4/3 807/4/3 788/4/3
f 788/4/3 807/4/3 794/4/3
f 806/4/3 808/4/3 789/4/3
f 789/4/3 808/4/3 790/4/3
f 807/4/3 809/4/3 792/4/3
f 792/4/3 809/4/3 793/4/3
f 810/5/3 811/5/3 798/5/3
f 798/5/3 811/5/3 812/5/3
f 813/5/3 814/5/3 815/5/3
f 815/5/3 814/5/3 802/5/3
f 816/5/3 817/5/3 795/5/3
f 795/5/3 817/5/3 818/5/3
f 819/5/3 820/5/3 822/5/3
f 822/5/3 820/5/3 821/5/3
f 823/5/3 824/5/3 804/5/3
f 804/5/3 824/5/3 825/5/3
f 826/5/3 827/5/3 828/5/3
f 828/5/3 827/5/3 809/5/3
f 829/4/3 830/4/3 810/4/3
f 810/4/3 830/4/3 811/4/3
f 831/4/3 832/4/3 773/4/3
f 773/4/3 832/4/3 797/4/3
f 830/4/3 833/4/3 812/4/3
f 812/4/3 833/4/3 815/4/3
f 833/4/3 834/4/3 813/4/3
f 813/4/3 834/4/3 814/4/3
f 832/4/3 835/4/3 816/4/3
f 816/4/3 835/4/3 817/4/3
f 835/4/3 836/4/3 818/4/3
f 818/4/3 836/4/3 822/4/3
f 836/4/3 837/4/3 819/4/3
f 819/4/3 837/4/3 820/4/3
f 838/4/3 839/4/3 823/4/3
f 823/4/3 839/4/3 824/4/3
f 837/4/3 840/4/3 821/4/3
f 821/4/3 840/4/3 808/4/3
f 839/4/3 841/4/3 825/4/3
f 825/4/3 841/4/3 828/4/3
f 841/4/3 842/4/3 826/4/3
f 826/4/3 842/4/3 827/4/3
f 843/5/3 844/5/3 831/5/3
f 831/5/3 844/5/3 845/5/3
f 846/5/3 847/5/3 829/5/3
f 829/5/3 847/5/3 848/5/3
f 849/5/3 850/5/3 851/5/3
f 851/5/3 850/5/3 834/5/3
f 852/5/3 853/5/3 855/5/3
f 855/5/3 853/5/3 854/5/3
f 856/5/3 857/5/3 838/5/3
f 838/5/3 857/5/3 858/5/3
f 859/5/3 860/5/3 861/5/3
f 861/5/3 860/5/3 840/5/3
f 862/5/3 863/5/3 864/5/3
f 864/5/3 863/5/3 842/5/3
f 865/4/3 866/4/3 867/4/3
f 867/4/3 866/4/3 844/4/3
f 868/4/3 869/4/3 846/4/3
f 846/4/3 869/4/3 847/4/3
f 866/4/3 870/4/3 845/4/3
f 845/4/3 870/4/3 855/4/3
f 869/4/3 871/4/3 848/4/3
f 848/4/3 871/4/3 851/4/3
f 871/4/3 872/4/3 849/4/3
f 849/4/3 872/4/3 850/4/3
f 870/4/3 873/4/3 852/4/3
f 852/4/3 873/4/3 853/4/3
f 874/4/3 875/4/3 856/4/3
f 856/4/3 875/4/3 857/4/3
f 873/4/3 876/4/3 854/4/3
f 854/4/3 876/4/3 861/4/3
f 875/4/3 877/4/3 858/4/3
f 858/4/3 877/4/3 864/4/3
f 876/4/3 878/4/3 859/4/3
f 859/4/3 878/4/3 860/4/3
f 877/4/3 879/4/3 862/4/3
f 862/4/3 879/4/3 863/4/3
f 880/5/3 881/5/3 868/5/3
f 868/5/3 881/5/3 882/5/3
f 883/5/3 884/5/3 885/5/3
f 885/5/3 884/5/3 872/5/3
f 886/5/3 887/5/3 865/5/3
f 865/5/3 887/5/3 888/5/3
f 889/5/3 890/5/3 892/5/3
f 892/5/3 890/5/3 891/5/3
f 893/5/3 894/5/3 874/5/3
f 874/5/3 894/5/3 895/5/3
f 896/5/3 897/5/3 898/5/3
f 898/5/3 897/5/3 879/5/3
f 899/4/3 900/4/3 880/4/3
f 880/4/3 900/4/3 881/4/3
f 901/4/3 902/4/3 843/4/3
f 843/4/3 902/4/3 867/4/3
f 900/4/3 903/4/3 882/4/3
f 882/4/3 903/4/3 885/4/3
f 903/4/3 904/4/3 883/4/3
f 883/4/3 904/4/3 884/4/3
f 902/4/3 905/4/3 886/4/3
f 886/4/3 905/4/3 887/4/3
f 905/4/3 906/4/3 888/4/3
f 888/4/3 906/4/3 892/4/3
f 906/4/3 907/4/3 889/4/3
f 889/4/3 907/4/3 890/4/3
f 908/4/3 909/4/3 893/4/3
f 893/4/3 909/4/3 894/4/3
f 907/4/3 910/4/3 891/4/3
f 891/4/3 910/4/3 878/4/3
f 909/4/3 911/4/3 895/4/3
f 895/4/3 911/4/3 898/4/3
f 911/4/3 912/4/3 896/4/3
f 896/4/3 912/4/3 897/4/3
f 913/5/3 914/5/3 901/5/3
f 901/5/3 914/5/3 915/5/3
f 916/5/3 917/5/3 899/5/3
f 899/5/3 917/5/3 918/5/3
f 919/5/3 920/5/3 921/5/3
f 921/5/3 920/5/3 904/5/3
f 922/5/3 923/5/3 925/5/3
f 925/5/3 923/5/3 924/5/3
f 926/5/3 927/5/3 908/5/3
f 908/5/3 927/5/3 928/5/3
f 929/5/3 930/5/3 931/5/3
f 931/5/3 930/5/3 910/5/3
f 932/5/3 933/5/3 934/5/3
f 934/5/3 933/5/3 912/5/3
f 935/4/3 936/4/3 937/4/3
f 937/4/3 936/4/3 914/4/3
f 938/4/3 939/4/3 916/4/3
f 916/4/3 939/4/3 917/4/3
f 936/4/3 940/4/3 915/4/3
f 915/4/3 940/4/3 925/4/3
f 939/4/3 941/4/3 918/4/3
f 918/4/3 941/4/3 921/4/3
f 941/4/3 127/4/3 919/4/3
f 919/4/3 127/4/3 920/4/3
f 940/4/3 942/4/3 922/4/3
f 922/4/3 942/4/3 923/4/3
f 124/4/3 943/4/3 926/4/3
f 926/4/3 943/4/3 927/4/3
f 942/4/3 944/4/3 924/4/3
f 924/4/3 944/4/3 931/4/3
f 943/4/3 945/4/3 928/4/3
f 928/4/3 945/4/3 934/4/3
f 944/4/3 946/4/3 929/4/3
f 929/4/3 946/4/3 930/4/3
f 945/4/3 947/4/3 932/4/3
f 932/4/3 947/4/3 933/4/3
f 948/5/3 949/5/3 938/5/3
f 938/5/3 949/5/3 950/5/3
f 951/5/3 952/5/3 935/5/3
f 935/5/3 952/5/3 953/5/3
f 954/5/3 955/5/3 957/5/3
f 957/5/3 955/5/3 956/5/3
f 958/5/3 959/5/3 961/5/3
f 961/5/3 959/5/3 960/5/3
f 962/5/3 963/5/3 965/5/3
f 965/5/3 963/5/3 964/5/3
f 966/5/3 967/5/3 968/5/3
f 968/5/3 967/5/3 947/5/3
f 969/4/3 970/4/3 948/4/3
f 948/4/3 970/4/3 949/4/3
f 971/4/3 972/4/3 913/4/3
f 913/4/3 972/4/3 937/4/3
f 970/4/3 973/4/3 950/4/3
f 950/4/3 973/4/3 957/4/3
f 972/4/3 974/4/3 951/4/3
f 951/4/3 974/4/3 952/4/3
f 974/4/3 975/4/3 953/4/3
f 953/4/3 975/4/3 961/4/3
f 973/4/3 976/4/3 954/4/3
f 954/4/3 976/4/3 955/4/3
f 976/4/3 977/4/3 956/4/3
f 956/4/3 977/4/3 965/4/3
f 975/4/3 978/4/3 958/4/3
f 958/4/3 978/4/3 959/4/3
f 977/4/3 979/4/3 962/4/3
f 962/4/3 979/4/3 963/4/3
f 978/4/3 980/4/3 960/4/3
f 960/4/3 980/4/3 946/4/3
f 979/4/3 981/4/3 964/4/3
f 964/4/3 981/4/3 968/4/3
f 981/4/3 982/4/3 966/4/3
f 966/4/3 982/4/3 967/4/3
f 491/5/3 983/5/3 971/5/3
f 971/5/3 983/5/3 984/5/3
f 985/5/3 986/5/3 969/5/3
f 969/5/3 986/5/3 987/5/3
f 983/4/3 988/4/3 984/4/3
f 984/4/3 988/4/3 989/4/3
f 988/5/3 990/5/3 989/5/3
f 989/5/3 990/5/3 991/5/3
f 992/5/3 993/5/3 995/5/3
f 995/5/3 993/5/3 994/5/3
f 990/4/3 996/4/3 991/4/3
f 991/4/3 996/4/3 997/4/3
f 996/5/3 490/5/3 997/5/3
f 997/5/3 490/5/3 980/5/3
f 998/5/3 999/5/3 1000/5/3
f 1000/5/3 999/5/3 982/5/3
f 567/4/3 1001/4/3 985/4/3
f 985/4/3 1001/4/3 986/4/3
f 1001/4/3 1002/4/3 987/4/3
f 987/4/3 1002/4/3 995/4/3
f 1002/4/3 1003/4/3 992/4/3
f 992/4/3 1003/4/3 993/4/3
f 1003/4/3 1004/4/3 994/4/3
f 994/4/3 1004/4/3 1000/4/3
f 1004/4/3 562/4/3 998/4/3
f 998/4/3 562/4/3 999/4/3
f 47/5/3 1005/5/3 179/5/3
f 179/5/3 1005/5/3 176/5/3
f 3/5/3 269/5/3 275/5/3
f 275/5/3 269/5/3 568/5/3
f 282/2/3 281/2/3 8/2/3
f 8/2/3 281/2/3 5/2/3
f 286/2/3 285/2/3 12/2/3
f 12/2/3 285/2/3 9/2/3
f 290/2/3 289/2/3 16/2/3
f 16/2/3 289/2/3 13/2/3
f 294/2/3 293/2/3 20/2/3
f 20/2/3 293/2/3 17/2/3
f 298/2/3 297/2/3 24/2/3
f 24/2/3 297/2/3 21/2/3
f 302/2/3 301/2/3 28/2/3
f 28/2/3 301/2/3 25/2/3
f 306/2/3 305/2/3 32/2/3
f 32/2/3 305/2/3 29/2/3
f 310/2/3 309/2/3 36/2/3
f 36/2/3 309/2/3 33/2/3
f 509/1/3 508/1/3 220/1/3
f 220/1/3 508/1/3 216/1/3
f 513/2/3 512/2/3 226/2/3
f 226/2/3 512/2/3 222/2/3
f 517/2/3 516/2/3 232/2/3
f 232/2/3 516/2/3 228/2/3
f 523/2/3 522/2/3 238/2/3
f 238/2/3 522/2/3 234/2/3
f 529/2/3 528/2/3 244/2/3
f 244/2/3 528/2/3 240/2/3
f 533/2/3 532/2/3 250/2/3
f 250/2/3 532/2/3 246/2/3
f 537/2/3 536/2/3 256/2/3
f 256/2/3 536/2/3 252/2/3
f 543/2/3 542/2/3 262/2/3
f 262/2/3 542/2/3 258/2/3
f 174/2/3 1006/2/3 327/2/3
f 327/2/3 1006/2/3 328/2/3
f 190/2/3 1007/2/3 1008/2/3
f 1008/2/3 1007/2/3 55/2/3
f 1006/2/3 1009/2/3 46/2/3
f 46/2/3 1009/2/3 59/2/3
f 1007/2/3 1010/2/3 331/2/3
f 331/2/3 1010/2/3 332/2/3
f 1009/2/3 1011/2/3 335/2/3
f 335/2/3 1011/2/3 336/2/3
f 1010/2/3 1012/2/3 54/2/3
f 54/2/3 1012/2/3 71/2/3
f 1011/2/3 1013/2/3 58/2/3
f 58/2/3 1013/2/3 75/2/3
f 1012/2/3 1014/2/3 349/2/3
f 349/2/3 1014/2/3 350/2/3
f 1013/2/3 1015/2/3 353/2/3
f 353/2/3 1015/2/3 354/2/3
f 1014/2/3 1016/2/3 70/2/3
f 70/2/3 1016/2/3 87/2/3
f 1015/2/3 1017/2/3 74/2/3
f 74/2/3 1017/2/3 91/2/3
f 1016/2/3 1018/2/3 365/2/3
f 365/2/3 1018/2/3 366/2/3
f 1017/2/3 1019/2/3 369/2/3
f 369/2/3 1019/2/3 370/2/3
f 1018/2/3 1020/2/3 86/2/3
f 86/2/3 1020/2/3 106/2/3
f 1019/2/3 1021/2/3 90/2/3
f 90/2/3 1021/2/3 110/2/3
f 1020/2/3 1022/2/3 408/2/3
f 408/2/3 1022/2/3 409/2/3
f 1021/2/3 1023/2/3 422/2/3
f 422/2/3 1023/2/3 423/2/3
f 1022/2/3 1024/2/3 105/2/3
f 105/2/3 1024/2/3 122/2/3
f 1023/2/3 1025/2/3 109/2/3
f 109/2/3 1025/2/3 130/2/3
f 1024/2/3 1026/2/3 446/2/3
f 446/2/3 1026/2/3 447/2/3
f 1025/2/3 1027/2/3 460/2/3
f 460/2/3 1027/2/3 461/2/3
f 1026/2/3 1028/2/3 121/2/3
f 121/2/3 1028/2/3 142/2/3
f 1027/2/3 1029/2/3 129/2/3
f 129/2/3 1029/2/3 146/2/3
f 1028/2/3 1030/2/3 472/2/3
f 472/2/3 1030/2/3 473/2/3
f 1029/2/3 1031/2/3 476/2/3
f 476/2/3 1031/2/3 477/2/3
f 1030/2/3 1032/2/3 141/2/3
f 141/2/3 1032/2/3 158/2/3
f 1031/2/3 1033/2/3 145/2/3
f 145/2/3 1033/2/3 162/2/3
f 1032/2/3 1034/2/3 480/2/3
f 480/2/3 1034/2/3 481/2/3
f 1033/2/3 1035/2/3 484/2/3
f 484/2/3 1035/2/3 485/2/3
f 1034/2/3 1036/2/3 157/2/3
f 157/2/3 1036/2/3 186/2/3
f 1035/2/3 173/2/3 161/2/3
f 161/2/3 173/2/3 1005/2/3
f 1036/2/3 189/2/3 497/2/3
f 497/2/3 189/2/3 498/2/3
f 558/1/3 1037/1/3 40/1/3
f 40/1/3 1037/1/3 37/1/3
f 1037/1/3 488/1/3 197/1/3
f 197/1/3 488/1/3 178/1/3
f 569/1/3 501/1/3 270/1/3
f 270/1/3 501/1/3 1008/1/3
f 489/1/3 1038/1/3 177/1/3
f 177/1/3 1038/1/3 195/1/3
f 1038/1/3 556/1/3 208/1/3
f 208/1/3 556/1/3 205/1/3
f 502/1/3 565/1/3 185/1/3
f 185/1/3 565/1/3 267/1/3
f 43/3/3 271/3/3 279/3/3
f 279/3/3 271/3/3 570/3/3
f 51/3/3 203/3/3 272/3/3
f 272/3/3 203/3/3 264/3/3
f 63/3/3 170/3/3 204/3/3
f 204/3/3 170/3/3 200/3/3
f 79/3/3 154/3/3 171/3/3
f 171/3/3 154/3/3 168/3/3
f 98/3/3 138/3/3 155/3/3
f 155/3/3 138/3/3 152/3/3
f 114/3/3 113/3/3 139/3/3
f 139/3/3 113/3/3 136/3/3
f 1039/5/4 342/5/4 1040/5/4
f 1040/5/4 342/5/4 341/5/4
f 1041/5/4 324/5/4 1042/5/4
f 1042/5/4 324/5/4 344/5/4
f 1043/5/4 355/5/4 1044/5/4
f 1044/5/4 355/5/4 400/5/4
f 1045/5/4 375/5/4 1046/5/4
f 1046/5/4 375/5/4 374/5/4
f 1047/5/4 443/5/4 1048/5/4
f 1048/5/4 443/5/4 462/5/4
f 1049/5/4 357/5/4 1050/5/4
f 1050/5/4 357/5/4 464/5/4
f 1051/5/4 468/5/4 1052/5/4
f 1052/5/4 468/5/4 546/5/4
f 1053/5/4 466/5/4 1054/5/4
f 1054/5/4 466/5/4 503/5/4
f 1055/4/4 1039/4/4 1056/4/4
f 1056/4/4 1039/4/4 1040/4/4
f 1057/4/4 1058/4/4 1059/4/4
f 1059/4/4 1058/4/4 1042/4/4
f 1056/4/4 341/4/4 1060/4/4
f 1060/4/4 341/4/4 355/4/4
f 1059/4/4 344/4/4 1061/4/4
f 1061/4/4 344/4/4 357/4/4
f 1060/4/4 1043/4/4 1062/4/4
f 1062/4/4 1043/4/4 1044/4/4
f 1063/4/4 374/4/4 1064/4/4
f 1064/4/4 374/4/4 424/4/4
f 1065/4/4 1047/4/4 1066/4/4
f 1066/4/4 1047/4/4 1048/4/4
f 1061/4/4 1049/4/4 1067/4/4
f 1067/4/4 1049/4/4 1050/4/4
f 1066/4/4 462/4/4 1068/4/4
f 1068/4/4 462/4/4 466/4/4
f 1067/4/4 464/4/4 1069/4/4
f 1069/4/4 464/4/4 468/4/4
f 1069/4/4 1051/4/4 1070/4/4
f 1070/4/4 1051/4/4 1052/4/4
f 1068/4/4 1053/4/4 1071/4/4
f 1071/4/4 1053/4/4 1054/4/4
f 1072/5/4 1055/5/4 1074/5/4
f 1074/5/4 1055/5/4 1073/5/4
f 1075/5/4 1076/5/4 1077/5/4
f 1077/5/4 1076/5/4 1062/5/4
f 1078/5/4 1057/5/4 1080/5/4
f 1080/5/4 1057/5/4 1079/5/4
f 1081/5/4 1063/5/4 1082/5/4
f 1082/5/4 1063/5/4 1064/5/4
f 1083/5/4 1065/5/4 1085/5/4
f 1085/5/4 1065/5/4 1084/5/4
f 1086/5/4 1087/5/4 1089/5/4
f 1089/5/4 1087/5/4 1088/5/4
f 1090/5/4 1091/5/4 1092/5/4
f 1092/5/4 1091/5/4 1071/5/4
f 1093/4/4 1072/4/4 1094/4/4
f 1094/4/4 1072/4/4 1074/4/4
f 1094/4/4 1073/4/4 1095/4/4
f 1095/4/4 1073/4/4 1076/4/4
f 1096/4/4 1041/4/4 1097/4/4
f 1097/4/4 1041/4/4 1058/4/4
f 1095/4/4 1075/4/4 1098/4/4
f 1098/4/4 1075/4/4 1077/4/4
f 1099/4/4 1045/4/4 1100/4/4
f 1100/4/4 1045/4/4 1046/4/4
f 1097/4/4 1078/4/4 1101/4/4
f 1101/4/4 1078/4/4 1080/4/4
f 1101/4/4 1079/4/4 1102/4/4
f 1102/4/4 1079/4/4 1087/4/4
f 1103/4/4 1083/4/4 1104/4/4
f 1104/4/4 1083/4/4 1085/4/4
f 1102/4/4 1086/4/4 1105/4/4
f 1105/4/4 1086/4/4 1089/4/4
f 1104/4/4 1084/4/4 1106/4/4
f 1106/4/4 1084/4/4 1091/4/4
f 1105/4/4 1088/4/4 1107/4/4
f 1107/4/4 1088/4/4 1070/4/4
f 1106/4/4 1090/4/4 1108/4/4
f 1108/4/4 1090/4/4 1092/4/4
f 1109/5/4 1093/5/4 1111/5/4
f 1111/5/4 1093/5/4 1110/5/4
f 1112/5/4 1096/5/4 1114/5/4
f 1114/5/4 1096/5/4 1113/5/4
f 1115/5/4 1116/5/4 1117/5/4
f 1117/5/4 1116/5/4 1098/5/4
f 1118/5/4 1099/5/4 1119/5/4
f 1119/5/4 1099/5/4 1100/5/4
f 1120/5/4 1103/5/4 1122/5/4
f 1122/5/4 1103/5/4 1121/5/4
f 1123/5/4 1124/5/4 1126/5/4
f 1126/5/4 1124/5/4 1125/5/4
f 1127/5/4 1128/5/4 1129/5/4
f 1129/5/4 1128/5/4 1107/5/4
f 1130/5/4 1131/5/4 1132/5/4
f 1132/5/4 1131/5/4 1108/5/4
f 1133/4/4 1109/4/4 1134/4/4
f 1134/4/4 1109/4/4 1111/4/4
f 1135/4/4 1136/4/4 1137/4/4
f 1137/4/4 1136/4/4 1114/4/4
f 1134/4/4 1110/4/4 1138/4/4
f 1138/4/4 1110/4/4 1116/4/4
f 1137/4/4 1113/4/4 1139/4/4
f 1139/4/4 1113/4/4 1124/4/4
f 1138/4/4 1115/4/4 1140/4/4
f 1140/4/4 1115/4/4 1117/4/4
f 1141/4/4 1081/4/4 1142/4/4
f 1142/4/4 1081/4/4 1082/4/4
f 1143/4/4 1120/4/4 1144/4/4
f 1144/4/4 1120/4/4 1122/4/4
f 1139/4/4 1123/4/4 1145/4/4
f 1145/4/4 1123/4/4 1126/4/4
f 1144/4/4 1121/4/4 1146/4/4
f 1146/4/4 1121/4/4 1131/4/4
f 1145/4/4 1125/4/4 1147/4/4
f 1147/4/4 1125/4/4 1128/4/4
f 1147/4/4 1127/4/4 1148/4/4
f 1148/4/4 1127/4/4 1129/4/4
f 1146/4/4 1130/4/4 1149/4/4
f 1149/4/4 1130/4/4 1132/4/4
f 1150/5/4 1133/5/4 1152/5/4
f 1152/5/4 1133/5/4 1151/5/4
f 1153/5/4 1154/5/4 1155/5/4
f 1155/5/4 1154/5/4 1140/5/4
f 1156/5/4 1135/5/4 1158/5/4
f 1158/5/4 1135/5/4 1157/5/4
f 1159/5/4 1141/5/4 1160/5/4
f 1160/5/4 1141/5/4 1142/5/4
f 1161/5/4 1143/5/4 1163/5/4
f 1163/5/4 1143/5/4 1162/5/4
f 1164/5/4 1165/5/4 1167/5/4
f 1167/5/4 1165/5/4 1166/5/4
f 1168/5/4 1169/5/4 1170/5/4
f 1170/5/4 1169/5/4 1149/5/4
f 1171/4/4 1150/4/4 1172/4/4
f 1172/4/4 1150/4/4 1152/4/4
f 1172/4/4 1151/4/4 1173/4/4
f 1173/4/4 1151/4/4 1154/4/4
f 1174/4/4 1112/4/4 1175/4/4
f 1175/4/4 1112/4/4 1136/4/4
f 1173/4/4 1153/4/4 1176/4/4
f 1176/4/4 1153/4/4 1155/4/4
f 1177/4/4 1118/4/4 1178/4/4
f 1178/4/4 1118/4/4 1119/4/4
f 1175/4/4 1156/4/4 1179/4/4
f 1179/4/4 1156/4/4 1158/4/4
f 1179/4/4 1157/4/4 1180/4/4
f 1180/4/4 1157/4/4 1165/4/4
f 1181/4/4 1161/4/4 1182/4/4
f 1182/4/4 1161/4/4 1163/4/4
f 1180/4/4 1164/4/4 1183/4/4
f 1183/4/4 1164/4/4 1167/4/4
f 1182/4/4 1162/4/4 1184/4/4
f 1184/4/4 1162/4/4 1169/4/4
f 1183/4/4 1166/4/4 1185/4/4
f 1185/4/4 1166/4/4 1148/4/4
f 1184/4/4 1168/4/4 1186/4/4
f 1186/4/4 1168/4/4 1170/4/4
f 1187/5/4 1171/5/4 1189/5/4
f 1189/5/4 1171/5/4 1188/5/4
f 1190/5/4 1174/5/4 1192/5/4
f 1192/5/4 1174/5/4 1191/5/4
f 1193/5/4 1194/5/4 1195/5/4
f 1195/5/4 1194/5/4 1176/5/4
f 1196/5/4 1177/5/4 1197/5/4
f 1197/5/4 1177/5/4 1178/5/4
f 1198/5/4 1181/5/4 1200/5/4
f 1200/5/4 1181/5/4 1199/5/4
f 1201/5/4 1202/5/4 1204/5/4
f 1204/5/4 1202/5/4 1203/5/4
f 1205/5/4 1206/5/4 1207/5/4
f 1207/5/4 1206/5/4 1185/5/4
f 1208/5/4 1209/5/4 1210/5/4
f 1210/5/4 1209/5/4 1186/5/4
f 1211/4/4 1187/4/4 1212/4/4
f 1212/4/4 1187/4/4 1189/4/4
f 1213/4/4 1214/4/4 1215/4/4
f 1215/4/4 1214/4/4 1192/4/4
f 1212/4/4 1188/4/4 1216/4/4
f 1216/4/4 1188/4/4 1194/4/4
f 1215/4/4 1191/4/4 1217/4/4
f 1217/4/4 1191/4/4 1202/4/4
f 1216/4/4 1193/4/4 1218/4/4
f 1218/4/4 1193/4/4 1195/4/4
f 1219/4/4 1159/4/4 1220/4/4
f 1220/4/4 1159/4/4 1160/4/4
f 1221/4/4 1198/4/4 1222/4/4
f 1222/4/4 1198/4/4 1200/4/4
f 1217/4/4 1201/4/4 1223/4/4
f 1223/4/4 1201/4/4 1204/4/4
f 1222/4/4 1199/4/4 1224/4/4
f 1224/4/4 1199/4/4 1209/4/4
f 1223/4/4 1203/4/4 1225/4/4
f 1225/4/4 1203/4/4 1206/4/4
f 1225/4/4 1205/4/4 1226/4/4
f 1226/4/4 1205/4/4 1207/4/4
f 1224/4/4 1208/4/4 1227/4/4
f 1227/4/4 1208/4/4 1210/4/4
f 1228/5/4 1211/5/4 1230/5/4
f 1230/5/4 1211/5/4 1229/5/4
f 1231/5/4 1232/5/4 1233/5/4
f 1233/5/4 1232/5/4 1218/5/4
f 1234/5/4 1213/5/4 1236/5/4
f 1236/5/4 1213/5/4 1235/5/4
f 1237/5/4 1219/5/4 1238/5/4
f 1238/5/4 1219/5/4 1220/5/4
f 1239/5/4 1221/5/4 1241/5/4
f 1241/5/4 1221/5/4 1240/5/4
f 1242/5/4 1243/5/4 1245/5/4
f 1245/5/4 1243/5/4 1244/5/4
f 1246/5/4 1247/5/4 1248/5/4
f 1248/5/4 1247/5/4 1227/5/4
f 1249/4/4 1228/4/4 1250/4/4
f 1250/4/4 1228/4/4 1230/4/4
f 1250/4/4 1229/4/4 1251/4/4
f 1251/4/4 1229/4/4 1232/4/4
f 1252/4/4 1190/4/4 1253/4/4
f 1253/4/4 1190/4/4 1214/4/4
f 1251/4/4 1231/4/4 1254/4/4
f 1254/4/4 1231/4/4 1233/4/4
f 1255/4/4 1196/4/4 1256/4/4
f 1256/4/4 1196/4/4 1197/4/4
f 1253/4/4 1234/4/4 1257/4/4
f 1257/4/4 1234/4/4 1236/4/4
f 1257/4/4 1235/4/4 1258/4/4
f 1258/4/4 1235/4/4 1243/4/4
f 1259/4/4 1239/4/4 1260/4/4
f 1260/4/4 1239/4/4 1241/4/4
f 1258/4/4 1242/4/4 1261/4/4
f 1261/4/4 1242/4/4 1245/4/4
f 1260/4/4 1240/4/4 1262/4/4
f 1262/4/4 1240/4/4 1247/4/4
f 1261/4/4 1244/4/4 1263/4/4
f 1263/4/4 1244/4/4 1226/4/4
f 1262/4/4 1246/4/4 1264/4/4
f 1264/4/4 1246/4/4 1248/4/4
f 1265/5/4 1249/5/4 1267/5/4
f 1267/5/4 1249/5/4 1266/5/4
f 1268/5/4 1252/5/4 1270/5/4
f 1270/5/4 1252/5/4 1269/5/4
f 1271/5/4 1272/5/4 1273/5/4
f 1273/5/4 1272/5/4 1254/5/4
f 1274/5/4 1255/5/4 1275/5/4
f 1275/5/4 1255/5/4 1256/5/4
f 1276/5/4 1259/5/4 1278/5/4
f 1278/5/4 1259/5/4 1277/5/4
f 1279/5/4 1280/5/4 1282/5/4
f 1282/5/4 1280/5/4 1281/5/4
f 1283/5/4 1284/5/4 1285/5/4
f 1285/5/4 1284/5/4 1263/5/4
f 1286/5/4 1287/5/4 1288/5/4
f 1288/5/4 1287/5/4 1264/5/4
f 1289/4/4 1265/4/4 1290/4/4
f 1290/4/4 1265/4/4 1267/4/4
f 1291/4/4 1292/4/4 1293/4/4
f 1293/4/4 1292/4/4 1270/4/4
f 1290/4/4 1266/4/4 1294/4/4
f 1294/4/4 1266/4/4 1272/4/4
f 1293/4/4 1269/4/4 1295/4/4
f 1295/4/4 1269/4/4 1280/4/4
f 1294/4/4 1271/4/4 1296/4/4
f 1296/4/4 1271/4/4 1273/4/4
f 1297/4/4 1237/4/4 1298/4/4
f 1298/4/4 1237/4/4 1238/4/4
f 1299/4/4 1276/4/4 1300/4/4
f 1300/4/4 1276/4/4 1278/4/4
f 1295/4/4 1279/4/4 1301/4/4
f 1301/4/4 1279/4/4 1282/4/4
f 1300/4/4 1277/4/4 1302/4/4
f 1302/4/4 1277/4/4 1287/4/4
f 1301/4/4 1281/4/4 1303/4/4
f 1303/4/4 1281/4/4 1284/4/4
f 1303/4/4 1283/4/4 1304/4/4
f 1304/4/4 1283/4/4 1285/4/4
f 1302/4/4 1286/4/4 1305/4/4
f 1305/4/4 1286/4/4 1288/4/4
f 1306/5/4 1289/5/4 1308/5/4
f 1308/5/4 1289/5/4 1307/5/4
f 1309/5/4 1310/5/4 1311/5/4
f 1311/5/4 1310/5/4 1296/5/4
f 1312/5/4 1291/5/4 1314/5/4
f 1314/5/4 1291/5/4 1313/5/4
f 1315/5/4 1297/5/4 1316/5/4
f 1316/5/4 1297/5/4 1298/5/4
f 1317/5/4 1299/5/4 1319/5/4
f 1319/5/4 1299/5/4 1318/5/4
f 1320/5/4 1321/5/4 1323/5/4
f 1323/5/4 1321/5/4 1322/5/4
f 1324/5/4 1325/5/4 1326/5/4
f 1326/5/4 1325/5/4 1305/5/4
f 1327/4/4 1306/4/4 1328/4/4
f 1328/4/4 1306/4/4 1308/4/4
f 1328/4/4 1307/4/4 1329/4/4
f 1329/4/4 1307/4/4 1310/4/4
f 1330/4/4 1268/4/4 1331/4/4
f 1331/4/4 1268/4/4 1292/4/4
f 1329/4/4 1309/4/4 1332/4/4
f 1332/4/4 1309/4/4 1311/4/4
f 1333/4/4 1274/4/4 1334/4/4
f 1334/4/4 1274/4/4 1275/4/4
f 1331/4/4 1312/4/4 1335/4/4
f 1335/4/4 1312/4/4 1314/4/4
f 1335/4/4 1313/4/4 1336/4/4
f 1336/4/4 1313/4/4 1321/4/4
f 1337/4/4 1317/4/4 1338/4/4
f 1338/4/4 1317/4/4 1319/4/4
f 1336/4/4 1320/4/4 1339/4/4
f 1339/4/4 1320/4/4 1323/4/4
f 1338/4/4 1318/4/4 1340/4/4
f 1340/4/4 1318/4/4 1325/4/4
f 1339/4/4 1322/4/4 1341/4/4
f 1341/4/4 1322/4/4 1304/4/4
f 1340/4/4 1324/4/4 1342/4/4
f 1342/4/4 1324/4/4 1326/4/4
f 1343/5/4 1327/5/4 1345/5/4
f 1345/5/4 1327/5/4 1344/5/4
f 1346/5/4 1330/5/4 1348/5/4
f 1348/5/4 1330/5/4 1347/5/4
f 1349/5/4 1350/5/4 1351/5/4
f 1351/5/4 1350/5/4 1332/5/4
f 1352/5/4 1333/5/4 1353/5/4
f 1353/5/4 1333/5/4 1334/5/4
f 1354/5/4 1337/5/4 1356/5/4
f 1356/5/4 1337/5/4 1355/5/4
f 1357/5/4 1358/5/4 1360/5/4
f 1360/5/4 1358/5/4 1359/5/4
f 1361/5/4 1362/5/4 1363/5/4
f 1363/5/4 1362/5/4 1341/5/4
f 1364/5/4 1365/5/4 1366/5/4
f 1366/5/4 1365/5/4 1342/5/4
f 1367/4/4 1343/4/4 1368/4/4
f 1368/4/4 1343/4/4 1345/4/4
f 1369/4/4 1370/4/4 1371/4/4
f 1371/4/4 1370/4/4 1348/4/4
f 1368/4/4 1344/4/4 1372/4/4
f 1372/4/4 1344/4/4 1350/4/4
f 1371/4/4 1347/4/4 1373/4/4
f 1373/4/4 1347/4/4 1358/4/4
f 1372/4/4 1349/4/4 1374/4/4
f 1374/4/4 1349/4/4 1351/4/4
f 1375/4/4 1315/4/4 1376/4/4
f 1376/4/4 1315/4/4 1316/4/4
f 1377/4/4 1354/4/4 1378/4/4
f 1378/4/4 1354/4/4 1356/4/4
f 1373/4/4 1357/4/4 1379/4/4
f 1379/4/4 1357/4/4 1360/4/4
f 1378/4/4 1355/4/4 1380/4/4
f 1380/4/4 1355/4/4 1365/4/4
f 1379/4/4 1359/4/4 1381/4/4
f 1381/4/4 1359/4/4 1362/4/4
f 1381/4/4 1361/4/4 1382/4/4
f 1382/4/4 1361/4/4 1363/4/4
f 1380/4/4 1364/4/4 1383/4/4
f 1383/4/4 1364/4/4 1366/4/4
f 1384/5/4 1367/5/4 1386/5/4
f 1386/5/4 1367/5/4 1385/5/4
f 1387/5/4 1388/5/4 1389/5/4
f 1389/5/4 1388/5/4 1374/5/4
f 1390/5/4 1369/5/4 1392/5/4
f 1392/5/4 1369/5/4 1391/5/4
f 1393/5/4 1375/5/4 1394/5/4
f 1394/5/4 1375/5/4 1376/5/4
f 1395/5/4 1377/5/4 1397/5/4
f 1397/5/4 1377/5/4 1396/5/4
f 1398/5/4 1399/5/4 1401/5/4
f 1401/5/4 1399/5/4 1400/5/4
f 1402/5/4 1403/5/4 1404/5/4
f 1404/5/4 1403/5/4 1383/5/4
f 1405/4/4 1384/4/4 1406/4/4
f 1406/4/4 1384/4/4 1386/4/4
f 1406/4/4 1385/4/4 1407/4/4
f 1407/4/4 1385/4/4 1388/4/4
f 1408/4/4 1346/4/4 1409/4/4
f 1409/4/4 1346/4/4 1370/4/4
f 1407/4/4 1387/4/4 1410/4/4
f 1410/4/4 1387/4/4 1389/4/4
f 1411/4/4 1352/4/4 1412/4/4
f 1412/4/4 1352/4/4 1353/4/4
f 1409/4/4 1390/4/4 1413/4/4
f 1413/4/4 1390/4/4 1392/4/4
f 1413/4/4 1391/4/4 1414/4/4
f 1414/4/4 1391/4/4 1399/4/4
f 1415/4/4 1395/4/4 1416/4/4
f 1416/4/4 1395/4/4 1397/4/4
f 1414/4/4 1398/4/4 1417/4/4
f 1417/4/4 1398/4/4 1401/4/4
f 1416/4/4 1396/4/4 1418/4/4
f 1418/4/4 1396/4/4 1403/4/4
f 1417/4/4 1400/4/4 1419/4/4
f 1419/4/4 1400/4/4 1382/4/4
f 1418/4/4 1402/4/4 1420/4/4
f 1420/4/4 1402/4/4 1404/4/4
f 1421/5/4 1405/5/4 1423/5/4
f 1423/5/4 1405/5/4 1422/5/4
f 1424/5/4 1408/5/4 1426/5/4
f 1426/5/4 1408/5/4 1425/5/4
f 1427/5/4 1428/5/4 1429/5/4
f 1429/5/4 1428/5/4 1410/5/4
f 1430/5/4 1411/5/4 1431/5/4
f 1431/5/4 1411/5/4 1412/5/4
f 1432/5/4 1415/5/4 1434/5/4
f 1434/5/4 1415/5/4 1433/5/4
f 1435/5/4 1436/5/4 1438/5/4
f 1438/5/4 1436/5/4 1437/5/4
f 1439/5/4 1440/5/4 1441/5/4
f 1441/5/4 1440/5/4 1419/5/4
f 1442/5/4 1443/5/4 1444/5/4
f 1444/5/4 1443/5/4 1420/5/4
f 1445/4/4 1421/4/4 1446/4/4
f 1446/4/4 1421/4/4 1423/4/4
f 1447/4/4 1448/4/4 1449/4/4
f 1449/4/4 1448/4/4 1426/4/4
f 1446/4/4 1422/4/4 1450/4/4
f 1450/4/4 1422/4/4 1428/4/4
f 1449/4/4 1425/4/4 1451/4/4
f 1451/4/4 1425/4/4 1436/4/4
f 1450/4/4 1427/4/4 118/4/4
f 118/4/4 1427/4/4 1429/4/4
f 119/4/4 1430/4/4 1452/4/4
f 1452/4/4 1430/4/4 1431/4/4
f 1452/4/4 1393/4/4 116/4/4
f 116/4/4 1393/4/4 1394/4/4
f 117/4/4 1432/4/4 1453/4/4
f 1453/4/4 1432/4/4 1434/4/4
f 1451/4/4 1435/4/4 1454/4/4
f 1454/4/4 1435/4/4 1438/4/4
f 1453/4/4 1433/4/4 1455/4/4
f 1455/4/4 1433/4/4 1443/4/4
f 1454/4/4 1437/4/4 1456/4/4
f 1456/4/4 1437/4/4 1440/4/4
f 1456/4/4 1439/4/4 1457/4/4
f 1457/4/4 1439/4/4 1441/4/4
f 1455/4/4 1442/4/4 1458/4/4
f 1458/4/4 1442/4/4 1444/4/4
f 1459/5/4 1445/5/4 1461/5/4
f 1461/5/4 1445/5/4 1460/5/4
f 1462/5/4 1463/5/4 1465/5/4
f 1465/5/4 1463/5/4 1464/5/4
f 1466/5/4 1447/5/4 1468/5/4
f 1468/5/4 1447/5/4 1467/5/4
f 1469/5/4 1470/5/4 1472/5/4
f 1472/5/4 1470/5/4 1471/5/4
f 1473/5/4 1474/5/4 1476/5/4
f 1476/5/4 1474/5/4 1475/5/4
f 1477/5/4 1478/5/4 1479/5/4
f 1479/5/4 1478/5/4 1458/5/4
f 1480/4/4 1459/4/4 1481/4/4
f 1481/4/4 1459/4/4 1461/4/4
f 1481/4/4 1460/4/4 1482/4/4
f 1482/4/4 1460/4/4 1463/4/4
f 1483/4/4 1424/4/4 1484/4/4
f 1484/4/4 1424/4/4 1448/4/4
f 1482/4/4 1462/4/4 1485/4/4
f 1485/4/4 1462/4/4 1465/4/4
f 1485/4/4 1464/4/4 1486/4/4
f 1486/4/4 1464/4/4 1470/4/4
f 1484/4/4 1466/4/4 1487/4/4
f 1487/4/4 1466/4/4 1468/4/4
f 1487/4/4 1467/4/4 1488/4/4
f 1488/4/4 1467/4/4 1474/4/4
f 1486/4/4 1469/4/4 1489/4/4
f 1489/4/4 1469/4/4 1472/4/4
f 1488/4/4 1473/4/4 1490/4/4
f 1490/4/4 1473/4/4 1476/4/4
f 1489/4/4 1471/4/4 1491/4/4
f 1491/4/4 1471/4/4 1478/4/4
f 1490/4/4 1475/4/4 1492/4/4
f 1492/4/4 1475/4/4 1457/4/4
f 1491/4/4 1477/4/4 1493/4/4
f 1493/4/4 1477/4/4 1479/4/4
f 1494/5/4 1480/5/4 1496/5/4
f 1496/5/4 1480/5/4 1495/5/4
f 339/5/4 1483/5/4 1498/5/4
f 1498/5/4 1483/5/4 1497/5/4
f 1498/4/4 1497/4/4 1500/4/4
f 1500/4/4 1497/4/4 1499/4/4
f 1501/5/4 1502/5/4 1504/5/4
f 1504/5/4 1502/5/4 1503/5/4
f 1500/5/4 1499/5/4 1506/5/4
f 1506/5/4 1499/5/4 1505/5/4
f 1506/4/4 1505/4/4 1508/4/4
f 1508/4/4 1505/4/4 1507/4/4
f 1508/5/4 1507/5/4 494/5/4
f 494/5/4 1507/5/4 1492/5/4
f 1509/5/4 1510/5/4 1511/5/4
f 1511/5/4 1510/5/4 1493/5/4
f 273/4/4 1494/4/4 1512/4/4
f 1512/4/4 1494/4/4 1496/4/4
f 1512/4/4 1495/4/4 1513/4/4
f 1513/4/4 1495/4/4 1502/4/4
f 1513/4/4 1501/4/4 1514/4/4
f 1514/4/4 1501/4/4 1504/4/4
f 1514/4/4 1503/4/4 1515/4/4
f 1515/4/4 1503/4/4 1510/4/4
f 1515/4/4 1509/4/4 561/4/4
f 561/4/4 1509/4/4 1511/4/4
f 1516/5/4 182/5/4 184/5/4
f 184/5/4 182/5/4 181/5/4
f 211/5/4 550/5/4 209/5/4
f 209/5/4 550/5/4 549/5/4
f 283/2/4 7/2/4 284/2/4
f 284/2/4 7/2/4 6/2/4
f 287/2/4 11/2/4 288/2/4
f 288/2/4 11/2/4 10/2/4
f 291/2/4 15/2/4 292/2/4
f 292/2/4 15/2/4 14/2/4
f 295/2/4 19/2/4 296/2/4
f 296/2/4 19/2/4 18/2/4
f 299/2/4 23/2/4 300/2/4
f 300/2/4 23/2/4 22/2/4
f 303/2/4 27/2/4 304/2/4
f 304/2/4 27/2/4 26/2/4
f 307/2/4 31/2/4 308/2/4
f 308/2/4 31/2/4 30/2/4
f 311/1/4 35/1/4 312/1/4
f 312/1/4 35/1/4 34/1/4
f 510/2/4 219/2/4 511/2/4
f 511/2/4 219/2/4 223/2/4
f 514/2/4 225/2/4 515/2/4
f 515/2/4 225/2/4 229/2/4
f 518/2/4 231/2/4 519/2/4
f 519/2/4 231/2/4 235/2/4
f 524/2/4 237/2/4 525/2/4
f 525/2/4 237/2/4 241/2/4
f 530/2/4 243/2/4 531/2/4
f 531/2/4 243/2/4 247/2/4
f 534/2/4 249/2/4 535/2/4
f 535/2/4 249/2/4 253/2/4
f 538/2/4 255/2/4 539/2/4
f 539/2/4 255/2/4 259/2/4
f 544/2/4 261/2/4 545/2/4
f 545/2/4 261/2/4 268/2/4
f 175/2/4 326/2/4 1517/2/4
f 1517/2/4 326/2/4 325/2/4
f 191/2/4 1516/2/4 1518/2/4
f 1518/2/4 1516/2/4 56/2/4
f 1517/2/4 45/2/4 1519/2/4
f 1519/2/4 45/2/4 60/2/4
f 1518/2/4 330/2/4 1520/2/4
f 1520/2/4 330/2/4 329/2/4
f 1519/2/4 334/2/4 1521/2/4
f 1521/2/4 334/2/4 333/2/4
f 1520/2/4 53/2/4 1522/2/4
f 1522/2/4 53/2/4 72/2/4
f 1521/2/4 57/2/4 1523/2/4
f 1523/2/4 57/2/4 76/2/4
f 1522/2/4 348/2/4 1524/2/4
f 1524/2/4 348/2/4 347/2/4
f 1523/2/4 352/2/4 1525/2/4
f 1525/2/4 352/2/4 351/2/4
f 1524/2/4 69/2/4 1526/2/4
f 1526/2/4 69/2/4 88/2/4
f 1525/2/4 73/2/4 1527/2/4
f 1527/2/4 73/2/4 92/2/4
f 1526/2/4 364/2/4 1528/2/4
f 1528/2/4 364/2/4 363/2/4
f 1527/2/4 368/2/4 1529/2/4
f 1529/2/4 368/2/4 367/2/4
f 1528/2/4 85/2/4 1530/2/4
f 1530/2/4 85/2/4 107/2/4
f 1529/2/4 89/2/4 1531/2/4
f 1531/2/4 89/2/4 111/2/4
f 1530/2/4 407/2/4 1532/2/4
f 1532/2/4 407/2/4 406/2/4
f 1531/2/4 421/2/4 1533/2/4
f 1533/2/4 421/2/4 420/2/4
f 1532/2/4 104/2/4 1534/2/4
f 1534/2/4 104/2/4 123/2/4
f 1533/2/4 108/2/4 1535/2/4
f 1535/2/4 108/2/4 131/2/4
f 1534/2/4 445/2/4 1536/2/4
f 1536/2/4 445/2/4 444/2/4
f 1535/2/4 459/2/4 1537/2/4
f 1537/2/4 459/2/4 458/2/4
f 1536/2/4 120/2/4 1538/2/4
f 1538/2/4 120/2/4 143/2/4
f 1537/2/4 128/2/4 1539/2/4
f 1539/2/4 128/2/4 147/2/4
f 1538/2/4 471/2/4 1540/2/4
f 1540/2/4 471/2/4 470/2/4
f 1539/2/4 475/2/4 1541/2/4
f 1541/2/4 475/2/4 474/2/4
f 1540/2/4 140/2/4 1542/2/4
f 1542/2/4 140/2/4 159/2/4
f 1541/2/4 144/2/4 1543/2/4
f 1543/2/4 144/2/4 163/2/4
f 1542/2/4 479/2/4 1544/2/4
f 1544/2/4 479/2/4 478/2/4
f 1543/2/4 483/2/4 1545/2/4
f 1545/2/4 483/2/4 482/2/4
f 1544/2/4 156/2/4 1546/2/4
f 1546/2/4 156/2/4 187/2/4
f 1545/2/4 160/2/4 172/2/4
f 172/2/4 160/2/4 1547/2/4
f 1546/2/4 496/2/4 188/2/4
f 188/2/4 496/2/4 495/2/4
f 559/1/4 39/1/4 1548/1/4
f 1548/1/4 39/1/4 38/1/4
f 277/1/4 1/1/4 487/1/4
f 487/1/4 1/1/4 48/1/4
f 1548/1/4 67/1/4 500/1/4
f 500/1/4 67/1/4 183/1/4
f 499/1/4 180/1/4 1549/1/4
f 1549/1/4 180/1/4 202/1/4
f 486/1/4 1547/1/4 555/1/4
f 555/1/4 1547/1/4 217/1/4
f 1549/1/4 207/1/4 564/1/4
f 564/1/4 207/1/4 206/1/4
f 214/3/4 553/3/4 212/3/4
f 212/3/4 553/3/4 552/3/4
f 194/3/4 41/3/4 192/3/4
f 192/3/4 41/3/4 265/3/4
f 166/3/4 49/3/4 164/3/4
f 164/3/4 49/3/4 201/3/4
f 150/3/4 61/3/4 148/3/4
f 148/3/4 61/3/4 169/3/4
f 134/3/4 77/3/4 132/3/4
f 132/3/4 77/3/4 153/3/4
f 115/3/4 96/3/4 112/3/4
f 112/3/4 96/3/4 137/3/4
f 426/4/5 1550/4/5 424/4/5
f 424/4/5 1550/4/5 1064/4/5
f 1551/4/5 1552/4/5 1553/4/5
f 1553/4/5 1552/4/5 1142/4/5
f 1554/4/5 1555/4/5 1556/4/5
f 1556/4/5 1555/4/5 1220/4/5
f 1557/4/5 1558/4/5 1559/4/5
f 1559/4/5 1558/4/5 1298/4/5
f 1560/4/5 1561/4/5 1562/4/5
f 1562/4/5 1561/4/5 1376/4/5
f 1563/4/5 1564/4/5 1565/4/5
f 1565/4/5 1564/4/5 116/4/5
f 1566/5/5 1567/5/5 1064/5/5
f 1064/5/5 1567/5/5 1082/5/5
f 1568/5/5 1569/5/5 1142/5/5
f 1142/5/5 1569/5/5 1160/5/5
f 1570/5/5 1571/5/5 1220/5/5
f 1220/5/5 1571/5/5 1238/5/5
f 1572/5/5 1573/5/5 1298/5/5
f 1298/5/5 1573/5/5 1316/5/5
f 1574/5/5 1575/5/5 1376/5/5
f 1376/5/5 1575/5/5 1394/5/5
f 1576/4/5 1577/4/5 1566/4/5
f 1566/4/5 1577/4/5 1567/4/5
f 1578/4/5 1579/4/5 1568/4/5
f 1568/4/5 1579/4/5 1569/4/5
f 1580/4/5 1581/4/5 1570/4/5
f 1570/4/5 1581/4/5 1571/4/5
f 1582/4/5 1583/4/5 1572/4/5
f 1572/4/5 1583/4/5 1573/4/5
f 1584/4/5 1585/4/5 1574/4/5
f 1574/4/5 1585/4/5 1575/4/5
f 428/5/5 1586/5/5 426/5/5
f 426/5/5 1586/5/5 1587/5/5
f 1588/5/5 1589/5/5 1551/5/5
f 1551/5/5 1589/5/5 1590/5/5
f 1591/5/5 1592/5/5 1554/5/5
f 1554/5/5 1592/5/5 1593/5/5
f 1594/5/5 1595/5/5 1557/5/5
f 1557/5/5 1595/5/5 1596/5/5
f 1597/5/5 1598/5/5 1560/5/5
f 1560/5/5 1598/5/5 1599/5/5
f 1600/5/5 1601/5/5 1563/5/5
f 1563/5/5 1601/5/5 1602/5/5
f 430/4/5 1603/4/5 428/4/5
f 428/4/5 1603/4/5 1586/4/5
f 1604/4/5 1605/4/5 1588/4/5
f 1588/4/5 1605/4/5 1589/4/5
f 1606/4/5 1607/4/5 1591/4/5
f 1591/4/5 1607/4/5 1592/4/5
f 1608/4/5 1609/4/5 1594/4/5
f 1594/4/5 1609/4/5 1595/4/5
f 1610/4/5 1611/4/5 1597/4/5
f 1597/4/5 1611/4/5 1598/4/5
f 1612/4/5 1613/4/5 1600/4/5
f 1600/4/5 1613/4/5 1601/4/5
f 1614/5/5 1615/5/5 1576/5/5
f 1576/5/5 1615/5/5 1577/5/5
f 1616/5/5 1617/5/5 1578/5/5
f 1578/5/5 1617/5/5 1579/5/5
f 1618/5/5 1619/5/5 1580/5/5
f 1580/5/5 1619/5/5 1581/5/5
f 1620/5/5 1621/5/5 1582/5/5
f 1582/5/5 1621/5/5 1583/5/5
f 1622/5/5 1623/5/5 1584/5/5
f 1584/5/5 1623/5/5 1585/5/5
f 1624/4/5 1625/4/5 1614/4/5
f 1614/4/5 1625/4/5 1615/4/5
f 1626/4/5 1627/4/5 1616/4/5
f 1616/4/5 1627/4/5 1617/4/5
f 1628/4/5 1629/4/5 1618/4/5
f 1618/4/5 1629/4/5 1619/4/5
f 1630/4/5 1631/4/5 1620/4/5
f 1620/4/5 1631/4/5 1621/4/5
f 1632/4/5 1633/4/5 1622/4/5
f 1622/4/5 1633/4/5 1623/4/5
f 432/5/5 1634/5/5 430/5/5
f 430/5/5 1634/5/5 1603/5/5
f 1635/5/5 1636/5/5 1604/5/5
f 1604/5/5 1636/5/5 1605/5/5
f 1637/5/5 1638/5/5 1606/5/5
f 1606/5/5 1638/5/5 1607/5/5
f 1639/5/5 1640/5/5 1608/5/5
f 1608/5/5 1640/5/5 1609/5/5
f 1641/5/5 1642/5/5 1610/5/5
f 1610/5/5 1642/5/5 1611/5/5
f 1643/5/5 1644/5/5 1612/5/5
f 1612/5/5 1644/5/5 1613/5/5
f 434/4/5 1645/4/5 432/4/5
f 432/4/5 1645/4/5 1634/4/5
f 1646/4/5 1647/4/5 1635/4/5
f 1635/4/5 1647/4/5 1636/4/5
f 1648/4/5 1649/4/5 1637/4/5
f 1637/4/5 1649/4/5 1638/4/5
f 1650/4/5 1651/4/5 1639/4/5
f 1639/4/5 1651/4/5 1640/4/5
f 1652/4/5 1653/4/5 1641/4/5
f 1641/4/5 1653/4/5 1642/4/5
f 1654/4/5 1655/4/5 1643/4/5
f 1643/4/5 1655/4/5 1644/4/5
f 1656/5/5 1657/5/5 1624/5/5
f 1624/5/5 1657/5/5 1625/5/5
f 1658/5/5 1659/5/5 1626/5/5
f 1626/5/5 1659/5/5 1627/5/5
f 1660/5/5 1661/5/5 1628/5/5
f 1628/5/5 1661/5/5 1629/5/5
f 1662/5/5 1663/5/5 1630/5/5
f 1630/5/5 1663/5/5 1631/5/5
f 1664/5/5 1665/5/5 1632/5/5
f 1632/5/5 1665/5/5 1633/5/5
f 1666/4/5 1667/4/5 1656/4/5
f 1656/4/5 1667/4/5 1657/4/5
f 1668/4/5 1669/4/5 1658/4/5
f 1658/4/5 1669/4/5 1659/4/5
f 1670/4/5 1671/4/5 1660/4/5
f 1660/4/5 1671/4/5 1661/4/5
f 1672/4/5 1673/4/5 1662/4/5
f 1662/4/5 1673/4/5 1663/4/5
f 1674/4/5 1675/4/5 1664/4/5
f 1664/4/5 1675/4/5 1665/4/5
f 436/5/5 1676/5/5 434/5/5
f 434/5/5 1676/5/5 1645/5/5
f 1677/5/5 1678/5/5 1646/5/5
f 1646/5/5 1678/5/5 1647/5/5
f 1679/5/5 1680/5/5 1648/5/5
f 1648/5/5 1680/5/5 1649/5/5
f 1681/5/5 1682/5/5 1650/5/5
f 1650/5/5 1682/5/5 1651/5/5
f 1683/5/5 1684/5/5 1652/5/5
f 1652/5/5 1684/5/5 1653/5/5
f 1685/5/5 1686/5/5 1654/5/5
f 1654/5/5 1686/5/5 1655/5/5
f 438/4/5 1687/4/5 436/4/5
f 436/4/5 1687/4/5 1676/4/5
f 1688/4/5 1689/4/5 1677/4/5
f 1677/4/5 1689/4/5 1678/4/5
f 1690/4/5 1691/4/5 1679/4/5
f 1679/4/5 1691/4/5 1680/4/5
f 1692/4/5 1693/4/5 1681/4/5
f 1681/4/5 1693/4/5 1682/4/5
f 1694/4/5 1695/4/5 1683/4/5
f 1683/4/5 1695/4/5 1684/4/5
f 1696/4/5 1697/4/5 1685/4/5
f 1685/4/5 1697/4/5 1686/4/5
f 1698/5/5 1699/5/5 1666/5/5
f 1666/5/5 1699/5/5 1667/5/5
f 1700/5/5 1701/5/5 1668/5/5
f 1668/5/5 1701/5/5 1669/5/5
f 1702/5/5 1703/5/5 1670/5/5
f 1670/5/5 1703/5/5 1671/5/5
f 1704/5/5 1705/5/5 1672/5/5
f 1672/5/5 1705/5/5 1673/5/5
f 1706/5/5 1707/5/5 1674/5/5
f 1674/5/5 1707/5/5 1675/5/5
f 1708/4/5 1709/4/5 1698/4/5
f 1698/4/5 1709/4/5 1699/4/5
f 1710/4/5 1711/4/5 1700/4/5
f 1700/4/5 1711/4/5 1701/4/5
f 1712/4/5 1713/4/5 1702/4/5
f 1702/4/5 1713/4/5 1703/4/5
f 1714/4/5 1715/4/5 1704/4/5
f 1704/4/5 1715/4/5 1705/4/5
f 1716/4/5 1717/4/5 1706/4/5
f 1706/4/5 1717/4/5 1707/4/5
f 440/5/5 1718/5/5 438/5/5
f 438/5/5 1718/5/5 1687/5/5
f 1719/5/5 1720/5/5 1688/5/5
f 1688/5/5 1720/5/5 1689/5/5
f 1721/5/5 1722/5/5 1690/5/5
f 1690/5/5 1722/5/5 1691/5/5
f 1723/5/5 1724/5/5 1692/5/5
f 1692/5/5 1724/5/5 1693/5/5
f 1725/5/5 1726/5/5 1694/5/5
f 1694/5/5 1726/5/5 1695/5/5
f 1727/5/5 1728/5/5 1696/5/5
f 1696/5/5 1728/5/5 1697/5/5
f 442/4/5 1729/4/5 440/4/5
f 440/4/5 1729/4/5 1718/4/5
f 1730/4/5 1731/4/5 1719/4/5
f 1719/4/5 1731/4/5 1720/4/5
f 1732/4/5 1733/4/5 1721/4/5
f 1721/4/5 1733/4/5 1722/4/5
f 1734/4/5 1735/4/5 1723/4/5
f 1723/4/5 1735/4/5 1724/4/5
f 1736/4/5 1737/4/5 1725/4/5
f 1725/4/5 1737/4/5 1726/4/5
f 1738/4/5 1739/4/5 1727/4/5
f 1727/4/5 1739/4/5 1728/4/5
f 443/5/5 1047/5/5 442/5/5
f 442/5/5 1047/5/5 1729/5/5
f 1047/4/5 1065/4/5 1587/4/5
f 1587/4/5 1065/4/5 1550/4/5
f 1065/5/5 1083/5/5 1708/5/5
f 1708/5/5 1083/5/5 1709/5/5
f 1083/4/5 1103/4/5 1082/4/5
f 1082/4/5 1103/4/5 1553/4/5
f 1103/5/5 1120/5/5 1730/5/5
f 1730/5/5 1120/5/5 1731/5/5
f 1120/4/5 1143/4/5 1590/4/5
f 1590/4/5 1143/4/5 1552/4/5
f 1143/5/5 1161/5/5 1710/5/5
f 1710/5/5 1161/5/5 1711/5/5
f 1161/4/5 1181/4/5 1160/4/5
f 1160/4/5 1181/4/5 1556/4/5
f 1181/5/5 1198/5/5 1732/5/5
f 1732/5/5 1198/5/5 1733/5/5
f 1198/4/5 1221/4/5 1593/4/5
f 1593/4/5 1221/4/5 1555/4/5
f 1221/5/5 1239/5/5 1712/5/5
f 1712/5/5 1239/5/5 1713/5/5
f 1239/4/5 1259/4/5 1238/4/5
f 1238/4/5 1259/4/5 1559/4/5
f 1259/5/5 1276/5/5 1734/5/5
f 1734/5/5 1276/5/5 1735/5/5
f 1276/4/5 1299/4/5 1596/4/5
f 1596/4/5 1299/4/5 1558/4/5
f 1299/5/5 1317/5/5 1714/5/5
f 1714/5/5 1317/5/5 1715/5/5
f 1317/4/5 1337/4/5 1316/4/5
f 1316/4/5 1337/4/5 1562/4/5
f 1337/5/5 1354/5/5 1736/5/5
f 1736/5/5 1354/5/5 1737/5/5
f 1354/4/5 1377/4/5 1599/4/5
f 1599/4/5 1377/4/5 1561/4/5
f 1377/5/5 1395/5/5 1716/5/5
f 1716/5/5 1395/5/5 1717/5/5
f 1395/4/5 1415/4/5 1394/4/5
f 1394/4/5 1415/4/5 1565/4/5
f 1415/5/5 1432/5/5 1738/5/5
f 1738/5/5 1432/5/5 1739/5/5
f 1432/4/5 117/4/5 1602/4/5
f 1602/4/5 117/4/5 1564/4/5
f 59/2/5 335/2/5 60/2/5
f 60/2/5 335/2/5 334/2/5
f 75/2/5 353/2/5 76/2/5
f 76/2/5 353/2/5 352/2/5
f 91/2/5 369/2/5 92/2/5
f 92/2/5 369/2/5 368/2/5
f 110/2/5 422/2/5 111/2/5
f 111/2/5 422/2/5 421/2/5
f 130/2/5 460/2/5 131/2/5
f 131/2/5 460/2/5 459/2/5
f 146/2/5 476/2/5 147/2/5
f 147/2/5 476/2/5 475/2/5
f 162/2/5 484/2/5 163/2/5
f 163/2/5 484/2/5 483/2/5
f 504/5/5 1740/5/5 503/5/5
f 503/5/5 1740/5/5 1054/5/5
f 1741/5/5 1742/5/5 1108/5/5
f 1108/5/5 1742/5/5 1132/5/5
f 1743/5/5 1744/5/5 1186/5/5
f 1186/5/5 1744/5/5 1210/5/5
f 1745/5/5 1746/5/5 1264/5/5
f 1264/5/5 1746/5/5 1288/5/5
f 1747/5/5 1748/5/5 1342/5/5
f 1342/5/5 1748/5/5 1366/5/5
f 1749/5/5 1750/5/5 1420/5/5
f 1420/5/5 1750/5/5 1444/5/5
f 1751/5/5 1752/5/5 1493/5/5
f 1493/5/5 1752/5/5 1511/5/5
f 178/1/5 1753/1/5 179/1/5
f 179/1/5 1753/1/5 47/1/5
f 1753/1/5 1754/1/5 48/1/5
f 48/1/5 1754/1/5 326/1/5
f 1754/1/5 1755/1/5 327/1/5
f 327/1/5 1755/1/5 174/1/5
f 1755/1/5 488/1/5 175/1/5
f 175/1/5 488/1/5 487/1/5
f 216/1/5 556/1/5 217/1/5
f 217/1/5 556/1/5 555/1/5
f 507/4/5 1756/4/5 504/4/5
f 504/4/5 1756/4/5 1740/4/5
f 316/4/5 1757/4/5 313/4/5
f 313/4/5 1757/4/5 1758/4/5
f 1759/4/5 1760/4/5 1741/4/5
f 1741/4/5 1760/4/5 1742/4/5
f 1761/4/5 1762/4/5 621/4/5
f 621/4/5 1762/4/5 1763/4/5
f 1764/4/5 1765/4/5 1743/4/5
f 1743/4/5 1765/4/5 1744/4/5
f 1766/4/5 1767/4/5 691/4/5
f 691/4/5 1767/4/5 1768/4/5
f 1769/4/5 1770/4/5 1745/4/5
f 1745/4/5 1770/4/5 1746/4/5
f 1771/4/5 1772/4/5 761/4/5
f 761/4/5 1772/4/5 1773/4/5
f 1774/4/5 1775/4/5 1747/4/5
f 1747/4/5 1775/4/5 1748/4/5
f 1776/4/5 1777/4/5 831/4/5
f 831/4/5 1777/4/5 1778/4/5
f 1779/4/5 1780/4/5 1749/4/5
f 1749/4/5 1780/4/5 1750/4/5
f 1781/4/5 1782/4/5 901/4/5
f 901/4/5 1782/4/5 1783/4/5
f 1784/4/5 1785/4/5 971/4/5
f 971/4/5 1785/4/5 491/4/5
f 1786/4/5 1787/4/5 1751/4/5
f 1751/4/5 1787/4/5 1752/4/5
f 5/2/5 1788/2/5 1789/2/5
f 1789/2/5 1788/2/5 37/2/5
f 222/2/5 512/2/5 223/2/5
f 223/2/5 512/2/5 511/2/5
f 9/2/5 285/2/5 6/2/5
f 6/2/5 285/2/5 284/2/5
f 1790/5/5 1791/5/5 1758/5/5
f 1758/5/5 1791/5/5 1792/5/5
f 1793/5/5 1794/5/5 1071/5/5
f 1071/5/5 1794/5/5 1092/5/5
f 1795/5/5 1796/5/5 1763/5/5
f 1763/5/5 1796/5/5 1797/5/5
f 1798/5/5 1799/5/5 1149/5/5
f 1149/5/5 1799/5/5 1170/5/5
f 1800/5/5 1801/5/5 1768/5/5
f 1768/5/5 1801/5/5 1802/5/5
f 1803/5/5 1804/5/5 1227/5/5
f 1227/5/5 1804/5/5 1248/5/5
f 1805/5/5 1806/5/5 1773/5/5
f 1773/5/5 1806/5/5 1807/5/5
f 1808/5/5 1809/5/5 1305/5/5
f 1305/5/5 1809/5/5 1326/5/5
f 1810/5/5 1811/5/5 1778/5/5
f 1778/5/5 1811/5/5 1812/5/5
f 1813/5/5 1814/5/5 1383/5/5
f 1383/5/5 1814/5/5 1404/5/5
f 1815/5/5 1816/5/5 1783/5/5
f 1783/5/5 1816/5/5 1817/5/5
f 1818/5/5 1819/5/5 1458/5/5
f 1458/5/5 1819/5/5 1479/5/5
f 228/2/5 516/2/5 229/2/5
f 229/2/5 516/2/5 515/2/5
f 1820/4/5 1821/4/5 1790/4/5
f 1790/4/5 1821/4/5 1791/4/5
f 1822/4/5 1823/4/5 1793/4/5
f 1793/4/5 1823/4/5 1794/4/5
f 1824/4/5 1825/4/5 1795/4/5
f 1795/4/5 1825/4/5 1796/4/5
f 1826/4/5 1827/4/5 1798/4/5
f 1798/4/5 1827/4/5 1799/4/5
f 1828/4/5 1829/4/5 1800/4/5
f 1800/4/5 1829/4/5 1801/4/5
f 1830/4/5 1831/4/5 1803/4/5
f 1803/4/5 1831/4/5 1804/4/5
f 1832/4/5 1833/4/5 1805/4/5
f 1805/4/5 1833/4/5 1806/4/5
f 1834/4/5 1835/4/5 1808/4/5
f 1808/4/5 1835/4/5 1809/4/5
f 1836/4/5 1837/4/5 1810/4/5
f 1810/4/5 1837/4/5 1811/4/5
f 1838/4/5 1839/4/5 1813/4/5
f 1813/4/5 1839/4/5 1814/4/5
f 1840/4/5 1841/4/5 1815/4/5
f 1815/4/5 1841/4/5 1816/4/5
f 1842/4/5 1843/4/5 1818/4/5
f 1818/4/5 1843/4/5 1819/4/5
f 13/2/5 289/2/5 10/2/5
f 10/2/5 289/2/5 288/2/5
f 234/2/5 522/2/5 235/2/5
f 235/2/5 522/2/5 519/2/5
f 521/5/5 1844/5/5 507/5/5
f 507/5/5 1844/5/5 1756/5/5
f 1845/5/5 1846/5/5 1759/5/5
f 1759/5/5 1846/5/5 1760/5/5
f 1847/5/5 1848/5/5 1764/5/5
f 1764/5/5 1848/5/5 1765/5/5
f 1849/5/5 1850/5/5 1769/5/5
f 1769/5/5 1850/5/5 1770/5/5
f 1851/5/5 1852/5/5 1774/5/5
f 1774/5/5 1852/5/5 1775/5/5
f 1853/5/5 1854/5/5 1779/5/5
f 1779/5/5 1854/5/5 1780/5/5
f 1855/5/5 1856/5/5 1786/5/5
f 1786/5/5 1856/5/5 1787/5/5
f 17/2/5 293/2/5 14/2/5
f 14/2/5 293/2/5 292/2/5
f 318/5/5 1857/5/5 316/5/5
f 316/5/5 1857/5/5 1858/5/5
f 527/4/5 1859/4/5 521/4/5
f 521/4/5 1859/4/5 1844/4/5
f 1860/5/5 1861/5/5 1761/5/5
f 1761/5/5 1861/5/5 1862/5/5
f 1863/4/5 1864/4/5 1845/4/5
f 1845/4/5 1864/4/5 1846/4/5
f 1865/5/5 1866/5/5 1766/5/5
f 1766/5/5 1866/5/5 1867/5/5
f 1868/4/5 1869/4/5 1847/4/5
f 1847/4/5 1869/4/5 1848/4/5
f 1870/5/5 1871/5/5 1771/5/5
f 1771/5/5 1871/5/5 1872/5/5
f 1873/4/5 1874/4/5 1849/4/5
f 1849/4/5 1874/4/5 1850/4/5
f 1875/5/5 1876/5/5 1776/5/5
f 1776/5/5 1876/5/5 1877/5/5
f 1878/4/5 1879/4/5 1851/4/5
f 1851/4/5 1879/4/5 1852/4/5
f 1880/5/5 1881/5/5 1781/5/5
f 1781/5/5 1881/5/5 1882/5/5
f 1883/4/5 1884/4/5 1853/4/5
f 1853/4/5 1884/4/5 1854/4/5
f 1885/5/5 338/5/5 1784/5/5
f 1784/5/5 338/5/5 1785/5/5
f 1886/4/5 1887/4/5 1855/4/5
f 1855/4/5 1887/4/5 1856/4/5
f 240/2/5 528/2/5 241/2/5
f 241/2/5 528/2/5 525/2/5
f 320/4/5 1888/4/5 318/4/5
f 318/4/5 1888/4/5 1857/4/5
f 1889/4/5 1890/4/5 1860/4/5
f 1860/4/5 1890/4/5 1861/4/5
f 1891/4/5 1892/4/5 1865/4/5
f 1865/4/5 1892/4/5 1866/4/5
f 1893/4/5 1894/4/5 1870/4/5
f 1870/4/5 1894/4/5 1871/4/5
f 1895/4/5 1896/4/5 1875/4/5
f 1875/4/5 1896/4/5 1876/4/5
f 1897/4/5 1898/4/5 1880/4/5
f 1880/4/5 1898/4/5 1881/4/5
f 1899/4/5 1900/4/5 1885/4/5
f 1885/4/5 1900/4/5 338/4/5
f 21/2/5 297/2/5 18/2/5
f 18/2/5 297/2/5 296/2/5
f 136/3/5 113/3/5 137/3/5
f 137/3/5 113/3/5 112/3/5
f 246/2/5 532/2/5 247/2/5
f 247/2/5 532/2/5 531/2/5
f 1901/5/5 1902/5/5 1820/5/5
f 1820/5/5 1902/5/5 1821/5/5
f 1903/5/5 1904/5/5 1822/5/5
f 1822/5/5 1904/5/5 1823/5/5
f 1905/5/5 1906/5/5 1824/5/5
f 1824/5/5 1906/5/5 1825/5/5
f 1907/5/5 1908/5/5 1826/5/5
f 1826/5/5 1908/5/5 1827/5/5
f 1909/5/5 1910/5/5 1828/5/5
f 1828/5/5 1910/5/5 1829/5/5
f 1911/5/5 1912/5/5 1830/5/5
f 1830/5/5 1912/5/5 1831/5/5
f 1913/5/5 1914/5/5 1832/5/5
f 1832/5/5 1914/5/5 1833/5/5
f 1915/5/5 1916/5/5 1834/5/5
f 1834/5/5 1916/5/5 1835/5/5
f 1917/5/5 1918/5/5 1836/5/5
f 1836/5/5 1918/5/5 1837/5/5
f 1919/5/5 1920/5/5 1838/5/5
f 1838/5/5 1920/5/5 1839/5/5
f 1921/5/5 1922/5/5 1840/5/5
f 1840/5/5 1922/5/5 1841/5/5
f 1923/5/5 1924/5/5 1842/5/5
f 1842/5/5 1924/5/5 1843/5/5
f 25/2/5 301/2/5 22/2/5
f 22/2/5 301/2/5 300/2/5
f 152/3/5 138/3/5 153/3/5
f 153/3/5 138/3/5 132/3/5
f 1925/4/5 1926/4/5 1901/4/5
f 1901/4/5 1926/4/5 1902/4/5
f 1927/4/5 1928/4/5 1903/4/5
f 1903/4/5 1928/4/5 1904/4/5
f 1929/4/5 1930/4/5 1905/4/5
f 1905/4/5 1930/4/5 1906/4/5
f 1931/4/5 1932/4/5 1907/4/5
f 1907/4/5 1932/4/5 1908/4/5
f 1933/4/5 1934/4/5 1909/4/5
f 1909/4/5 1934/4/5 1910/4/5
f 1935/4/5 1936/4/5 1911/4/5
f 1911/4/5 1936/4/5 1912/4/5
f 1937/4/5 1938/4/5 1913/4/5
f 1913/4/5 1938/4/5 1914/4/5
f 1939/4/5 1940/4/5 1915/4/5
f 1915/4/5 1940/4/5 1916/4/5
f 1941/4/5 1942/4/5 1917/4/5
f 1917/4/5 1942/4/5 1918/4/5
f 1943/4/5 1944/4/5 1919/4/5
f 1919/4/5 1944/4/5 1920/4/5
f 1945/4/5 1946/4/5 1921/4/5
f 1921/4/5 1946/4/5 1922/4/5
f 1947/4/5 1948/4/5 1923/4/5
f 1923/4/5 1948/4/5 1924/4/5
f 252/2/5 536/2/5 253/2/5
f 253/2/5 536/2/5 535/2/5
f 29/2/5 305/2/5 26/2/5
f 26/2/5 305/2/5 304/2/5
f 168/3/5 154/3/5 169/3/5
f 169/3/5 154/3/5 148/3/5
f 258/2/5 542/2/5 259/2/5
f 259/2/5 542/2/5 539/2/5
f 322/5/5 1949/5/5 320/5/5
f 320/5/5 1949/5/5 1888/5/5
f 541/5/5 1950/5/5 527/5/5
f 527/5/5 1950/5/5 1859/5/5
f 1951/5/5 1952/5/5 1889/5/5
f 1889/5/5 1952/5/5 1890/5/5
f 1953/5/5 1954/5/5 1863/5/5
f 1863/5/5 1954/5/5 1864/5/5
f 1955/5/5 1956/5/5 1891/5/5
f 1891/5/5 1956/5/5 1892/5/5
f 1957/5/5 1958/5/5 1868/5/5
f 1868/5/5 1958/5/5 1869/5/5
f 1959/5/5 1960/5/5 1893/5/5
f 1893/5/5 1960/5/5 1894/5/5
f 1961/5/5 1962/5/5 1873/5/5
f 1873/5/5 1962/5/5 1874/5/5
f 1963/5/5 1964/5/5 1895/5/5
f 1895/5/5 1964/5/5 1896/5/5
f 1965/5/5 1966/5/5 1878/5/5
f 1878/5/5 1966/5/5 1879/5/5
f 1967/5/5 1968/5/5 1897/5/5
f 1897/5/5 1968/5/5 1898/5/5
f 1969/5/5 1970/5/5 1883/5/5
f 1883/5/5 1970/5/5 1884/5/5
f 1971/5/5 1972/5/5 1899/5/5
f 1899/5/5 1972/5/5 1900/5/5
f 1973/5/5 1974/5/5 1886/5/5
f 1886/5/5 1974/5/5 1887/5/5
f 33/2/5 309/2/5 30/2/5
f 30/2/5 309/2/5 308/2/5
f 200/3/5 170/3/5 201/3/5
f 201/3/5 170/3/5 164/3/5
f 324/4/5 1041/4/5 322/4/5
f 322/4/5 1041/4/5 1949/4/5
f 547/4/5 1975/4/5 541/4/5
f 541/4/5 1975/4/5 1950/4/5
f 1041/4/5 1976/4/5 1858/4/5
f 1858/4/5 1976/4/5 1757/4/5
f 1976/5/5 1977/5/5 1925/5/5
f 1925/5/5 1977/5/5 1926/5/5
f 1977/4/5 1096/4/5 1792/4/5
f 1792/4/5 1096/4/5 621/4/5
f 1096/4/5 1112/4/5 1951/4/5
f 1951/4/5 1112/4/5 1952/4/5
f 1978/4/5 1979/4/5 1953/4/5
f 1953/4/5 1979/4/5 1954/4/5
f 1112/4/5 1980/4/5 1862/4/5
f 1862/4/5 1980/4/5 1762/4/5
f 1980/5/5 1981/5/5 1929/5/5
f 1929/5/5 1981/5/5 1930/5/5
f 1981/4/5 1174/4/5 1797/4/5
f 1797/4/5 1174/4/5 691/4/5
f 1174/4/5 1190/4/5 1955/4/5
f 1955/4/5 1190/4/5 1956/4/5
f 1982/4/5 1983/4/5 1957/4/5
f 1957/4/5 1983/4/5 1958/4/5
f 1190/4/5 1984/4/5 1867/4/5
f 1867/4/5 1984/4/5 1767/4/5
f 1984/5/5 1985/5/5 1933/5/5
f 1933/5/5 1985/5/5 1934/5/5
f 1985/4/5 1252/4/5 1802/4/5
f 1802/4/5 1252/4/5 761/4/5
f 1252/4/5 1268/4/5 1959/4/5
f 1959/4/5 1268/4/5 1960/4/5
f 1986/4/5 1987/4/5 1961/4/5
f 1961/4/5 1987/4/5 1962/4/5
f 1268/4/5 1988/4/5 1872/4/5
f 1872/4/5 1988/4/5 1772/4/5
f 1988/5/5 1989/5/5 1937/5/5
f 1937/5/5 1989/5/5 1938/5/5
f 1989/4/5 1330/4/5 1807/4/5
f 1807/4/5 1330/4/5 831/4/5
f 1330/4/5 1346/4/5 1963/4/5
f 1963/4/5 1346/4/5 1964/4/5
f 1990/4/5 1991/4/5 1965/4/5
f 1965/4/5 1991/4/5 1966/4/5
f 1346/4/5 1992/4/5 1877/4/5
f 1877/4/5 1992/4/5 1777/4/5
f 1992/5/5 1993/5/5 1941/5/5
f 1941/5/5 1993/5/5 1942/5/5
f 1993/4/5 1408/4/5 1812/4/5
f 1812/4/5 1408/4/5 901/4/5
f 1408/4/5 1424/4/5 1967/4/5
f 1967/4/5 1424/4/5 1968/4/5
f 1994/4/5 1995/4/5 1969/4/5
f 1969/4/5 1995/4/5 1970/4/5
f 1424/4/5 1996/4/5 1882/4/5
f 1882/4/5 1996/4/5 1782/4/5
f 1996/5/5 1997/5/5 1945/5/5
f 1945/5/5 1997/5/5 1946/5/5
f 1997/4/5 1483/4/5 1817/4/5
f 1817/4/5 1483/4/5 971/4/5
f 1483/4/5 339/4/5 1971/4/5
f 1971/4/5 339/4/5 1972/4/5
f 1998/4/5 1999/4/5 1973/4/5
f 1973/4/5 1999/4/5 1974/4/5
f 67/5/5 34/5/5 197/5/5
f 197/5/5 34/5/5 1789/5/5
f 2000/2/5 2001/2/5 268/2/5
f 268/2/5 2001/2/5 545/2/5
f 312/2/5 38/2/5 281/2/5
f 281/2/5 38/2/5 1788/2/5
f 2001/2/5 206/2/5 508/2/5
f 508/2/5 206/2/5 205/2/5
f 182/1/5 2002/1/5 183/1/5
f 183/1/5 2002/1/5 500/1/5
f 264/3/5 203/3/5 265/3/5
f 265/3/5 203/3/5 192/3/5
f 548/5/5 584/5/5 547/5/5
f 547/5/5 584/5/5 1975/5/5
f 584/4/5 599/4/5 1054/4/5
f 1054/4/5 599/4/5 1071/4/5
f 599/5/5 617/5/5 1927/5/5
f 1927/5/5 617/5/5 1928/5/5
f 617/4/5 632/4/5 1092/4/5
f 1092/4/5 632/4/5 1108/4/5
f 632/5/5 653/5/5 1978/5/5
f 1978/5/5 653/5/5 1979/5/5
f 653/4/5 669/4/5 1132/4/5
f 1132/4/5 669/4/5 1149/4/5
f 669/5/5 687/5/5 1931/5/5
f 1931/5/5 687/5/5 1932/5/5
f 687/4/5 702/4/5 1170/4/5
f 1170/4/5 702/4/5 1186/4/5
f 702/5/5 723/5/5 1982/5/5
f 1982/5/5 723/5/5 1983/5/5
f 723/4/5 739/4/5 1210/4/5
f 1210/4/5 739/4/5 1227/4/5
f 739/5/5 757/5/5 1935/5/5
f 1935/5/5 757/5/5 1936/5/5
f 757/4/5 772/4/5 1248/4/5
f 1248/4/5 772/4/5 1264/4/5
f 772/5/5 793/5/5 1986/5/5
f 1986/5/5 793/5/5 1987/5/5
f 793/4/5 809/4/5 1288/4/5
f 1288/4/5 809/4/5 1305/4/5
f 809/5/5 827/5/5 1939/5/5
f 1939/5/5 827/5/5 1940/5/5
f 827/4/5 842/4/5 1326/4/5
f 1326/4/5 842/4/5 1342/4/5
f 842/5/5 863/5/5 1990/5/5
f 1990/5/5 863/5/5 1991/5/5
f 863/4/5 879/4/5 1366/4/5
f 1366/4/5 879/4/5 1383/4/5
f 879/5/5 897/5/5 1943/5/5
f 1943/5/5 897/5/5 1944/5/5
f 897/4/5 912/4/5 1404/4/5
f 1404/4/5 912/4/5 1420/4/5
f 912/5/5 933/5/5 1994/5/5
f 1994/5/5 933/5/5 1995/5/5
f 933/4/5 947/4/5 1444/4/5
f 1444/4/5 947/4/5 1458/4/5
f 947/5/5 967/5/5 1947/5/5
f 1947/5/5 967/5/5 1948/5/5
f 967/4/5 982/4/5 1479/4/5
f 1479/4/5 982/4/5 1493/4/5
f 982/5/5 999/5/5 1998/5/5
f 1998/5/5 999/5/5 1999/5/5
f 999/4/5 562/4/5 1511/4/5
f 1511/4/5 562/4/5 561/4/5
f 55/2/5 331/2/5 56/2/5
f 56/2/5 331/2/5 330/2/5
f 71/2/5 349/2/5 72/2/5
f 72/2/5 349/2/5 348/2/5
f 87/2/5 365/2/5 88/2/5
f 88/2/5 365/2/5 364/2/5
f 106/2/5 408/2/5 107/2/5
f 107/2/5 408/2/5 407/2/5
f 122/2/5 446/2/5 123/2/5
f 123/2/5 446/2/5 445/2/5
f 142/2/5 472/2/5 143/2/5
f 143/2/5 472/2/5 471/2/5
f 158/2/5 480/2/5 159/2/5
f 159/2/5 480/2/5 479/2/5
f 186/2/5 497/2/5 187/2/5
f 187/2/5 497/2/5 496/2/5
f 190/1/5 501/1/5 191/1/5
f 191/1/5 501/1/5 2002/1/5
f 267/1/5 565/1/5 2000/1/5
f 2000/1/5 565/1/5 564/1/5
f 450/5/5 2003/5/5 448/5/5
f 448/5/5 2003/5/5 579/5/5
f 2004/5/5 2005/5/5 628/5/5
f 628/5/5 2005/5/5 646/5/5
f 2006/5/5 2007/5/5 698/5/5
f 698/5/5 2007/5/5 716/5/5
f 2008/5/5 2009/5/5 768/5/5
f 768/5/5 2009/5/5 786/5/5
f 2010/5/5 2011/5/5 838/5/5
f 838/5/5 2011/5/5 856/5/5
f 2012/5/5 2013/5/5 908/5/5
f 908/5/5 2013/5/5 926/5/5
f 568/5/5 269/5/5 549/5/5
f 549/5/5 269/5/5 209/5/5
f 570/3/5 271/3/5 552/3/5
f 552/3/5 271/3/5 212/3/5
f 452/4/5 2014/4/5 450/4/5
f 450/4/5 2014/4/5 2003/4/5
f 2015/4/5 2016/4/5 2004/4/5
f 2004/4/5 2016/4/5 2005/4/5
f 2017/4/5 2018/4/5 2006/4/5
f 2006/4/5 2018/4/5 2007/4/5
f 2019/4/5 2020/4/5 2008/4/5
f 2008/4/5 2020/4/5 2009/4/5
f 2021/4/5 2022/4/5 2010/4/5
f 2010/4/5 2022/4/5 2011/4/5
f 2023/4/5 2024/4/5 2012/4/5
f 2012/4/5 2024/4/5 2013/4/5
f 2025/5/5 2026/5/5 594/5/5
f 594/5/5 2026/5/5 613/5/5
f 2027/5/5 2028/5/5 664/5/5
f 664/5/5 2028/5/5 683/5/5
f 2029/5/5 2030/5/5 734/5/5
f 734/5/5 2030/5/5 753/5/5
f 2031/5/5 2032/5/5 804/5/5
f 804/5/5 2032/5/5 823/5/5
f 2033/5/5 2034/5/5 874/5/5
f 874/5/5 2034/5/5 893/5/5
f 2035/4/5 2036/4/5 2025/4/5
f 2025/4/5 2036/4/5 2026/4/5
f 2037/4/5 2038/4/5 2027/4/5
f 2027/4/5 2038/4/5 2028/4/5
f 2039/4/5 2040/4/5 2029/4/5
f 2029/4/5 2040/4/5 2030/4/5
f 2041/4/5 2042/4/5 2031/4/5
f 2031/4/5 2042/4/5 2032/4/5
f 2043/4/5 2044/4/5 2033/4/5
f 2033/4/5 2044/4/5 2034/4/5
f 454/5/5 2045/5/5 452/5/5
f 452/5/5 2045/5/5 2014/5/5
f 2046/5/5 2047/5/5 2015/5/5
f 2015/5/5 2047/5/5 2016/5/5
f 2048/5/5 2049/5/5 2017/5/5
f 2017/5/5 2049/5/5 2018/5/5
f 2050/5/5 2051/5/5 2019/5/5
f 2019/5/5 2051/5/5 2020/5/5
f 2052/5/5 2053/5/5 2021/5/5
f 2021/5/5 2053/5/5 2022/5/5
f 2054/5/5 2055/5/5 2023/5/5
f 2023/5/5 2055/5/5 2024/5/5
f 456/4/5 2056/4/5 454/4/5
f 454/4/5 2056/4/5 2045/4/5
f 2057/4/5 2058/4/5 2046/4/5
f 2046/4/5 2058/4/5 2047/4/5
f 2059/4/5 2060/4/5 2048/4/5
f 2048/4/5 2060/4/5 2049/4/5
f 2061/4/5 2062/4/5 2050/4/5
f 2050/4/5 2062/4/5 2051/4/5
f 2063/4/5 2064/4/5 2052/4/5
f 2052/4/5 2064/4/5 2053/4/5
f 2065/4/5 2066/4/5 2054/4/5
f 2054/4/5 2066/4/5 2055/4/5
f 457/5/5 2067/5/5 456/5/5
f 456/5/5 2067/5/5 2056/5/5
f 2067/4/5 2068/4/5 579/4/5
f 579/4/5 2068/4/5 594/4/5
f 2068/5/5 2069/5/5 2035/5/5
f 2035/5/5 2069/5/5 2036/5/5
f 2069/4/5 2070/4/5 613/4/5
f 613/4/5 2070/4/5 628/4/5
f 2070/5/5 2071/5/5 2057/5/5
f 2057/5/5 2071/5/5 2058/5/5
f 2071/4/5 2072/4/5 646/4/5
f 646/4/5 2072/4/5 664/4/5
f 2072/5/5 2073/5/5 2037/5/5
f 2037/5/5 2073/5/5 2038/5/5
f 2073/4/5 2074/4/5 683/4/5
f 683/4/5 2074/4/5 698/4/5
f 2074/5/5 2075/5/5 2059/5/5
f 2059/5/5 2075/5/5 2060/5/5
f 2075/4/5 2076/4/5 716/4/5
f 716/4/5 2076/4/5 734/4/5
f 2076/5/5 2077/5/5 2039/5/5
f 2039/5/5 2077/5/5 2040/5/5
f 2077/4/5 2078/4/5 753/4/5
f 753/4/5 2078/4/5 768/4/5
f 2078/5/5 2079/5/5 2061/5/5
f 2061/5/5 2079/5/5 2062/5/5
f 2079/4/5 2080/4/5 786/4/5
f 786/4/5 2080/4/5 804/4/5
f 2080/5/5 2081/5/5 2041/5/5
f 2041/5/5 2081/5/5 2042/5/5
f 2081/4/5 2082/4/5 823/4/5
f 823/4/5 2082/4/5 838/4/5
f 2082/5/5 2083/5/5 2063/5/5
f 2063/5/5 2083/5/5 2064/5/5
f 2083/4/5 2084/4/5 856/4/5
f 856/4/5 2084/4/5 874/4/5
f 2084/5/5 2085/5/5 2043/5/5
f 2043/5/5 2085/5/5 2044/5/5
f 2085/4/5 2086/4/5 893/4/5
f 893/4/5 2086/4/5 908/4/5
f 2086/5/5 2087/5/5 2065/5/5
f 2065/5/5 2087/5/5 2066/5/5
f 2087/4/5 125/4/5 926/4/5
f 926/4/5 125/4/5 124/4/5
f 2088/4/6 2089/4/6 2090/4/6
f 2090/4/6 2089/4/6 1099/4/6
f 2091/4/6 2092/4/6 2093/4/6
f 2093/4/6 2092/4/6 1177/4/6
f 2094/4/6 2095/4/6 2096/4/6
f 2096/4/6 2095/4/6 1255/4/6
f 2097/4/6 2098/4/6 2099/4/6
f 2099/4/6 2098/4/6 1333/4/6
f 2100/4/6 2101/4/6 2102/4/6
f 2102/4/6 2101/4/6 1411/4/6
f 376/5/6 375/5/6 2103/5/6
f 2103/5/6 375/5/6 1045/5/6
f 2104/5/6 1099/5/6 2105/5/6
f 2105/5/6 1099/5/6 1118/5/6
f 2106/5/6 1177/5/6 2107/5/6
f 2107/5/6 1177/5/6 1196/5/6
f 2108/5/6 1255/5/6 2109/5/6
f 2109/5/6 1255/5/6 1274/5/6
f 2110/5/6 1333/5/6 2111/5/6
f 2111/5/6 1333/5/6 1352/5/6
f 2112/5/6 1411/5/6 2113/5/6
f 2113/5/6 1411/5/6 1430/5/6
f 378/4/6 376/4/6 2114/4/6
f 2114/4/6 376/4/6 2103/4/6
f 2115/4/6 2104/4/6 2116/4/6
f 2116/4/6 2104/4/6 2105/4/6
f 2117/4/6 2106/4/6 2118/4/6
f 2118/4/6 2106/4/6 2107/4/6
f 2119/4/6 2108/4/6 2120/4/6
f 2120/4/6 2108/4/6 2109/4/6
f 2121/4/6 2110/4/6 2122/4/6
f 2122/4/6 2110/4/6 2111/4/6
f 2123/4/6 2112/4/6 2124/4/6
f 2124/4/6 2112/4/6 2113/4/6
f 2125/5/6 2088/5/6 2127/5/6
f 2127/5/6 2088/5/6 2126/5/6
f 2128/5/6 2091/5/6 2130/5/6
f 2130/5/6 2091/5/6 2129/5/6
f 2131/5/6 2094/5/6 2133/5/6
f 2133/5/6 2094/5/6 2132/5/6
f 2134/5/6 2097/5/6 2136/5/6
f 2136/5/6 2097/5/6 2135/5/6
f 2137/5/6 2100/5/6 2139/5/6
f 2139/5/6 2100/5/6 2138/5/6
f 2140/4/6 2125/4/6 2141/4/6
f 2141/4/6 2125/4/6 2127/4/6
f 2142/4/6 2128/4/6 2143/4/6
f 2143/4/6 2128/4/6 2130/4/6
f 2144/4/6 2131/4/6 2145/4/6
f 2145/4/6 2131/4/6 2133/4/6
f 2146/4/6 2134/4/6 2147/4/6
f 2147/4/6 2134/4/6 2136/4/6
f 2148/4/6 2137/4/6 2149/4/6
f 2149/4/6 2137/4/6 2139/4/6
f 382/5/6 378/5/6 2150/5/6
f 2150/5/6 378/5/6 2114/5/6
f 2151/5/6 2115/5/6 2152/5/6
f 2152/5/6 2115/5/6 2116/5/6
f 2153/5/6 2117/5/6 2154/5/6
f 2154/5/6 2117/5/6 2118/5/6
f 2155/5/6 2119/5/6 2156/5/6
f 2156/5/6 2119/5/6 2120/5/6
f 2157/5/6 2121/5/6 2158/5/6
f 2158/5/6 2121/5/6 2122/5/6
f 2159/5/6 2123/5/6 2160/5/6
f 2160/5/6 2123/5/6 2124/5/6
f 384/4/6 382/4/6 2161/4/6
f 2161/4/6 382/4/6 2150/4/6
f 2162/4/6 2151/4/6 2163/4/6
f 2163/4/6 2151/4/6 2152/4/6
f 2164/4/6 2153/4/6 2165/4/6
f 2165/4/6 2153/4/6 2154/4/6
f 2166/4/6 2155/4/6 2167/4/6
f 2167/4/6 2155/4/6 2156/4/6
f 2168/4/6 2157/4/6 2169/4/6
f 2169/4/6 2157/4/6 2158/4/6
f 2170/4/6 2159/4/6 2171/4/6
f 2171/4/6 2159/4/6 2160/4/6
f 2172/5/6 2140/5/6 2173/5/6
f 2173/5/6 2140/5/6 2141/5/6
f 2174/5/6 2142/5/6 2175/5/6
f 2175/5/6 2142/5/6 2143/5/6
f 2176/5/6 2144/5/6 2177/5/6
f 2177/5/6 2144/5/6 2145/5/6
f 2178/5/6 2146/5/6 2179/5/6
f 2179/5/6 2146/5/6 2147/5/6
f 2180/5/6 2148/5/6 2181/5/6
f 2181/5/6 2148/5/6 2149/5/6
f 2182/4/6 2172/4/6 2183/4/6
f 2183/4/6 2172/4/6 2173/4/6
f 2184/4/6 2174/4/6 2185/4/6
f 2185/4/6 2174/4/6 2175/4/6
f 2186/4/6 2176/4/6 2187/4/6
f 2187/4/6 2176/4/6 2177/4/6
f 2188/4/6 2178/4/6 2189/4/6
f 2189/4/6 2178/4/6 2179/4/6
f 2190/4/6 2180/4/6 2191/4/6
f 2191/4/6 2180/4/6 2181/4/6
f 388/5/6 384/5/6 2192/5/6
f 2192/5/6 384/5/6 2161/5/6
f 2193/5/6 2162/5/6 2194/5/6
f 2194/5/6 2162/5/6 2163/5/6
f 2195/5/6 2164/5/6 2196/5/6
f 2196/5/6 2164/5/6 2165/5/6
f 2197/5/6 2166/5/6 2198/5/6
f 2198/5/6 2166/5/6 2167/5/6
f 2199/5/6 2168/5/6 2200/5/6
f 2200/5/6 2168/5/6 2169/5/6
f 2201/5/6 2170/5/6 2202/5/6
f 2202/5/6 2170/5/6 2171/5/6
f 390/4/6 388/4/6 2203/4/6
f 2203/4/6 388/4/6 2192/4/6
f 2204/4/6 2193/4/6 2205/4/6
f 2205/4/6 2193/4/6 2194/4/6
f 2206/4/6 2195/4/6 2207/4/6
f 2207/4/6 2195/4/6 2196/4/6
f 2208/4/6 2197/4/6 2209/4/6
f 2209/4/6 2197/4/6 2198/4/6
f 2210/4/6 2199/4/6 2211/4/6
f 2211/4/6 2199/4/6 2200/4/6
f 2212/4/6 2201/4/6 2213/4/6
f 2213/4/6 2201/4/6 2202/4/6
f 2214/5/6 2182/5/6 2215/5/6
f 2215/5/6 2182/5/6 2183/5/6
f 2216/5/6 2184/5/6 2217/5/6
f 2217/5/6 2184/5/6 2185/5/6
f 2218/5/6 2186/5/6 2219/5/6
f 2219/5/6 2186/5/6 2187/5/6
f 2220/5/6 2188/5/6 2221/5/6
f 2221/5/6 2188/5/6 2189/5/6
f 2222/5/6 2190/5/6 2223/5/6
f 2223/5/6 2190/5/6 2191/5/6
f 2224/4/6 2214/4/6 2225/4/6
f 2225/4/6 2214/4/6 2215/4/6
f 2226/4/6 2216/4/6 2227/4/6
f 2227/4/6 2216/4/6 2217/4/6
f 2228/4/6 2218/4/6 2229/4/6
f 2229/4/6 2218/4/6 2219/4/6
f 2230/4/6 2220/4/6 2231/4/6
f 2231/4/6 2220/4/6 2221/4/6
f 2232/4/6 2222/4/6 2233/4/6
f 2233/4/6 2222/4/6 2223/4/6
f 394/5/6 390/5/6 2234/5/6
f 2234/5/6 390/5/6 2203/5/6
f 2235/5/6 2204/5/6 2236/5/6
f 2236/5/6 2204/5/6 2205/5/6
f 2237/5/6 2206/5/6 2238/5/6
f 2238/5/6 2206/5/6 2207/5/6
f 2239/5/6 2208/5/6 2240/5/6
f 2240/5/6 2208/5/6 2209/5/6
f 2241/5/6 2210/5/6 2242/5/6
f 2242/5/6 2210/5/6 2211/5/6
f 2243/5/6 2212/5/6 2244/5/6
f 2244/5/6 2212/5/6 2213/5/6
f 396/4/6 394/4/6 2245/4/6
f 2245/4/6 394/4/6 2234/4/6
f 2246/4/6 2235/4/6 2247/4/6
f 2247/4/6 2235/4/6 2236/4/6
f 2248/4/6 2237/4/6 2249/4/6
f 2249/4/6 2237/4/6 2238/4/6
f 2250/4/6 2239/4/6 2251/4/6
f 2251/4/6 2239/4/6 2240/4/6
f 2252/4/6 2241/4/6 2253/4/6
f 2253/4/6 2241/4/6 2242/4/6
f 2254/4/6 2243/4/6 2255/4/6
f 2255/4/6 2243/4/6 2244/4/6
f 2256/5/6 2224/5/6 2257/5/6
f 2257/5/6 2224/5/6 2225/5/6
f 2258/5/6 2226/5/6 2259/5/6
f 2259/5/6 2226/5/6 2227/5/6
f 2260/5/6 2228/5/6 2261/5/6
f 2261/5/6 2228/5/6 2229/5/6
f 2262/5/6 2230/5/6 2263/5/6
f 2263/5/6 2230/5/6 2231/5/6
f 2264/5/6 2232/5/6 2265/5/6
f 2265/5/6 2232/5/6 2233/5/6
f 2266/4/6 2256/4/6 2267/4/6
f 2267/4/6 2256/4/6 2257/4/6
f 2268/4/6 2258/4/6 2269/4/6
f 2269/4/6 2258/4/6 2259/4/6
f 2270/4/6 2260/4/6 2271/4/6
f 2271/4/6 2260/4/6 2261/4/6
f 2272/4/6 2262/4/6 2273/4/6
f 2273/4/6 2262/4/6 2263/4/6
f 2274/4/6 2264/4/6 2275/4/6
f 2275/4/6 2264/4/6 2265/4/6
f 400/5/6 396/5/6 1044/5/6
f 1044/5/6 396/5/6 2245/5/6
f 1044/4/6 1045/4/6 1062/4/6
f 1062/4/6 1045/4/6 2089/4/6
f 1062/5/6 2266/5/6 1077/5/6
f 1077/5/6 2266/5/6 2267/5/6
f 1077/4/6 2126/4/6 1098/4/6
f 1098/4/6 2126/4/6 2090/4/6
f 1098/5/6 2246/5/6 1117/5/6
f 1117/5/6 2246/5/6 2247/5/6
f 1117/4/6 1118/4/6 1140/4/6
f 1140/4/6 1118/4/6 2092/4/6
f 1140/5/6 2268/5/6 1155/5/6
f 1155/5/6 2268/5/6 2269/5/6
f 1155/4/6 2129/4/6 1176/4/6
f 1176/4/6 2129/4/6 2093/4/6
f 1176/5/6 2248/5/6 1195/5/6
f 1195/5/6 2248/5/6 2249/5/6
f 1195/4/6 1196/4/6 1218/4/6
f 1218/4/6 1196/4/6 2095/4/6
f 1218/5/6 2270/5/6 1233/5/6
f 1233/5/6 2270/5/6 2271/5/6
f 1233/4/6 2132/4/6 1254/4/6
f 1254/4/6 2132/4/6 2096/4/6
f 1254/5/6 2250/5/6 1273/5/6
f 1273/5/6 2250/5/6 2251/5/6
f 1273/4/6 1274/4/6 1296/4/6
f 1296/4/6 1274/4/6 2098/4/6
f 1296/5/6 2272/5/6 1311/5/6
f 1311/5/6 2272/5/6 2273/5/6
f 1311/4/6 2135/4/6 1332/4/6
f 1332/4/6 2135/4/6 2099/4/6
f 1332/5/6 2252/5/6 1351/5/6
f 1351/5/6 2252/5/6 2253/5/6
f 1351/4/6 1352/4/6 1374/4/6
f 1374/4/6 1352/4/6 2101/4/6
f 1374/5/6 2274/5/6 1389/5/6
f 1389/5/6 2274/5/6 2275/5/6
f 1389/4/6 2138/4/6 1410/4/6
f 1410/4/6 2138/4/6 2102/4/6
f 1410/5/6 2254/5/6 1429/5/6
f 1429/5/6 2254/5/6 2255/5/6
f 1429/4/6 1430/4/6 118/4/6
f 118/4/6 1430/4/6 119/4/6
f 46/2/6 45/2/6 328/2/6
f 328/2/6 45/2/6 325/2/6
f 58/2/6 57/2/6 336/2/6
f 336/2/6 57/2/6 333/2/6
f 74/2/6 73/2/6 354/2/6
f 354/2/6 73/2/6 351/2/6
f 90/2/6 89/2/6 370/2/6
f 370/2/6 89/2/6 367/2/6
f 109/2/6 108/2/6 423/2/6
f 423/2/6 108/2/6 420/2/6
f 129/2/6 128/2/6 461/2/6
f 461/2/6 128/2/6 458/2/6
f 145/2/6 144/2/6 477/2/6
f 477/2/6 144/2/6 474/2/6
f 161/2/6 160/2/6 485/2/6
f 485/2/6 160/2/6 482/2/6
f 314/5/6 342/5/6 2276/5/6
f 2276/5/6 342/5/6 1039/5/6
f 2277/5/6 1093/5/6 2278/5/6
f 2278/5/6 1093/5/6 1109/5/6
f 2279/5/6 1171/5/6 2280/5/6
f 2280/5/6 1171/5/6 1187/5/6
f 2281/5/6 1249/5/6 2282/5/6
f 2282/5/6 1249/5/6 1265/5/6
f 2283/5/6 1327/5/6 2284/5/6
f 2284/5/6 1327/5/6 1343/5/6
f 2285/5/6 1405/5/6 2286/5/6
f 2286/5/6 1405/5/6 1421/5/6
f 2287/5/6 1480/5/6 2288/5/6
f 2288/5/6 1480/5/6 1494/5/6
f 177/1/6 176/1/6 2289/1/6
f 2289/1/6 176/1/6 173/1/6
f 2290/1/6 1/1/6 558/1/6
f 558/1/6 1/1/6 277/1/6
f 2289/1/6 172/1/6 489/1/6
f 489/1/6 172/1/6 486/1/6
f 315/4/6 314/4/6 2291/4/6
f 2291/4/6 314/4/6 2276/4/6
f 506/4/6 505/4/6 2292/4/6
f 2292/4/6 505/4/6 598/4/6
f 2293/4/6 2277/4/6 2294/4/6
f 2294/4/6 2277/4/6 2278/4/6
f 2295/4/6 630/4/6 2296/4/6
f 2296/4/6 630/4/6 668/4/6
f 2297/4/6 2279/4/6 2298/4/6
f 2298/4/6 2279/4/6 2280/4/6
f 2299/4/6 700/4/6 2300/4/6
f 2300/4/6 700/4/6 738/4/6
f 2301/4/6 2281/4/6 2302/4/6
f 2302/4/6 2281/4/6 2282/4/6
f 2303/4/6 770/4/6 2304/4/6
f 2304/4/6 770/4/6 808/4/6
f 2305/4/6 2283/4/6 2306/4/6
f 2306/4/6 2283/4/6 2284/4/6
f 2307/4/6 840/4/6 2308/4/6
f 2308/4/6 840/4/6 878/4/6
f 2309/4/6 2285/4/6 2310/4/6
f 2310/4/6 2285/4/6 2286/4/6
f 2311/4/6 910/4/6 2312/4/6
f 2312/4/6 910/4/6 946/4/6
f 2313/4/6 2287/4/6 2314/4/6
f 2314/4/6 2287/4/6 2288/4/6
f 2315/4/6 980/4/6 2316/4/6
f 2316/4/6 980/4/6 490/4/6
f 8/2/6 2290/2/6 2317/2/6
f 2317/2/6 2290/2/6 40/2/6
f 226/2/6 219/2/6 513/2/6
f 513/2/6 219/2/6 510/2/6
f 12/2/6 7/2/6 286/2/6
f 286/2/6 7/2/6 283/2/6
f 2318/5/6 1055/5/6 2319/5/6
f 2319/5/6 1055/5/6 1072/5/6
f 2320/5/6 598/5/6 2322/5/6
f 2322/5/6 598/5/6 2321/5/6
f 2323/5/6 1133/5/6 2324/5/6
f 2324/5/6 1133/5/6 1150/5/6
f 2325/5/6 668/5/6 2327/5/6
f 2327/5/6 668/5/6 2326/5/6
f 2328/5/6 1211/5/6 2329/5/6
f 2329/5/6 1211/5/6 1228/5/6
f 2330/5/6 738/5/6 2332/5/6
f 2332/5/6 738/5/6 2331/5/6
f 2333/5/6 1289/5/6 2334/5/6
f 2334/5/6 1289/5/6 1306/5/6
f 2335/5/6 808/5/6 2337/5/6
f 2337/5/6 808/5/6 2336/5/6
f 2338/5/6 1367/5/6 2339/5/6
f 2339/5/6 1367/5/6 1384/5/6
f 2340/5/6 878/5/6 2342/5/6
f 2342/5/6 878/5/6 2341/5/6
f 2343/5/6 1445/5/6 2344/5/6
f 2344/5/6 1445/5/6 1459/5/6
f 2345/5/6 946/5/6 2347/5/6
f 2347/5/6 946/5/6 2346/5/6
f 232/2/6 225/2/6 517/2/6
f 517/2/6 225/2/6 514/2/6
f 2348/4/6 2318/4/6 2349/4/6
f 2349/4/6 2318/4/6 2319/4/6
f 2350/4/6 2320/4/6 2351/4/6
f 2351/4/6 2320/4/6 2322/4/6
f 2352/4/6 2323/4/6 2353/4/6
f 2353/4/6 2323/4/6 2324/4/6
f 2354/4/6 2325/4/6 2355/4/6
f 2355/4/6 2325/4/6 2327/4/6
f 2356/4/6 2328/4/6 2357/4/6
f 2357/4/6 2328/4/6 2329/4/6
f 2358/4/6 2330/4/6 2359/4/6
f 2359/4/6 2330/4/6 2332/4/6
f 2360/4/6 2333/4/6 2361/4/6
f 2361/4/6 2333/4/6 2334/4/6
f 2362/4/6 2335/4/6 2363/4/6
f 2363/4/6 2335/4/6 2337/4/6
f 2364/4/6 2338/4/6 2365/4/6
f 2365/4/6 2338/4/6 2339/4/6
f 2366/4/6 2340/4/6 2367/4/6
f 2367/4/6 2340/4/6 2342/4/6
f 2368/4/6 2343/4/6 2369/4/6
f 2369/4/6 2343/4/6 2344/4/6
f 2370/4/6 2345/4/6 2371/4/6
f 2371/4/6 2345/4/6 2347/4/6
f 16/2/6 11/2/6 290/2/6
f 290/2/6 11/2/6 287/2/6
f 238/2/6 231/2/6 523/2/6
f 523/2/6 231/2/6 518/2/6
f 520/5/6 506/5/6 2373/5/6
f 2373/5/6 506/5/6 2372/5/6
f 2374/5/6 2295/5/6 2376/5/6
f 2376/5/6 2295/5/6 2375/5/6
f 2377/5/6 2299/5/6 2379/5/6
f 2379/5/6 2299/5/6 2378/5/6
f 2380/5/6 2303/5/6 2382/5/6
f 2382/5/6 2303/5/6 2381/5/6
f 2383/5/6 2307/5/6 2385/5/6
f 2385/5/6 2307/5/6 2384/5/6
f 2386/5/6 2311/5/6 2388/5/6
f 2388/5/6 2311/5/6 2387/5/6
f 2389/5/6 2315/5/6 2390/5/6
f 2390/5/6 2315/5/6 2316/5/6
f 20/2/6 15/2/6 294/2/6
f 294/2/6 15/2/6 291/2/6
f 317/5/6 315/5/6 2391/5/6
f 2391/5/6 315/5/6 2291/5/6
f 526/4/6 520/4/6 2392/4/6
f 2392/4/6 520/4/6 2373/4/6
f 2393/5/6 2293/5/6 2394/5/6
f 2394/5/6 2293/5/6 2294/5/6
f 2395/4/6 2374/4/6 2396/4/6
f 2396/4/6 2374/4/6 2376/4/6
f 2397/5/6 2297/5/6 2398/5/6
f 2398/5/6 2297/5/6 2298/5/6
f 2399/4/6 2377/4/6 2400/4/6
f 2400/4/6 2377/4/6 2379/4/6
f 2401/5/6 2301/5/6 2402/5/6
f 2402/5/6 2301/5/6 2302/5/6
f 2403/4/6 2380/4/6 2404/4/6
f 2404/4/6 2380/4/6 2382/4/6
f 2405/5/6 2305/5/6 2406/5/6
f 2406/5/6 2305/5/6 2306/5/6
f 2407/4/6 2383/4/6 2408/4/6
f 2408/4/6 2383/4/6 2385/4/6
f 2409/5/6 2309/5/6 2410/5/6
f 2410/5/6 2309/5/6 2310/5/6
f 2411/4/6 2386/4/6 2412/4/6
f 2412/4/6 2386/4/6 2388/4/6
f 2413/5/6 2313/5/6 2414/5/6
f 2414/5/6 2313/5/6 2314/5/6
f 2415/4/6 2389/4/6 492/4/6
f 492/4/6 2389/4/6 2390/4/6
f 244/2/6 237/2/6 529/2/6
f 529/2/6 237/2/6 524/2/6
f 319/4/6 317/4/6 2416/4/6
f 2416/4/6 317/4/6 2391/4/6
f 2417/4/6 2393/4/6 2418/4/6
f 2418/4/6 2393/4/6 2394/4/6
f 2419/4/6 2397/4/6 2420/4/6
f 2420/4/6 2397/4/6 2398/4/6
f 2421/4/6 2401/4/6 2422/4/6
f 2422/4/6 2401/4/6 2402/4/6
f 2423/4/6 2405/4/6 2424/4/6
f 2424/4/6 2405/4/6 2406/4/6
f 2425/4/6 2409/4/6 2426/4/6
f 2426/4/6 2409/4/6 2410/4/6
f 2427/4/6 2413/4/6 2428/4/6
f 2428/4/6 2413/4/6 2414/4/6
f 24/2/6 19/2/6 298/2/6
f 298/2/6 19/2/6 295/2/6
f 139/3/6 96/3/6 114/3/6
f 114/3/6 96/3/6 115/3/6
f 250/2/6 243/2/6 533/2/6
f 533/2/6 243/2/6 530/2/6
f 2429/5/6 2348/5/6 2430/5/6
f 2430/5/6 2348/5/6 2349/5/6
f 2431/5/6 2350/5/6 2432/5/6
f 2432/5/6 2350/5/6 2351/5/6
f 2433/5/6 2352/5/6 2434/5/6
f 2434/5/6 2352/5/6 2353/5/6
f 2435/5/6 2354/5/6 2436/5/6
f 2436/5/6 2354/5/6 2355/5/6
f 2437/5/6 2356/5/6 2438/5/6
f 2438/5/6 2356/5/6 2357/5/6
f 2439/5/6 2358/5/6 2440/5/6
f 2440/5/6 2358/5/6 2359/5/6
f 2441/5/6 2360/5/6 2442/5/6
f 2442/5/6 2360/5/6 2361/5/6
f 2443/5/6 2362/5/6 2444/5/6
f 2444/5/6 2362/5/6 2363/5/6
f 2445/5/6 2364/5/6 2446/5/6
f 2446/5/6 2364/5/6 2365/5/6
f 2447/5/6 2366/5/6 2448/5/6
f 2448/5/6 2366/5/6 2367/5/6
f 2449/5/6 2368/5/6 2450/5/6
f 2450/5/6 2368/5/6 2369/5/6
f 2451/5/6 2370/5/6 2452/5/6
f 2452/5/6 2370/5/6 2371/5/6
f 28/2/6 23/2/6 302/2/6
f 302/2/6 23/2/6 299/2/6
f 155/3/6 77/3/6 98/3/6
f 98/3/6 77/3/6 134/3/6
f 2453/4/6 2429/4/6 2454/4/6
f 2454/4/6 2429/4/6 2430/4/6
f 2455/4/6 2431/4/6 2456/4/6
f 2456/4/6 2431/4/6 2432/4/6
f 2457/4/6 2433/4/6 2458/4/6
f 2458/4/6 2433/4/6 2434/4/6
f 2459/4/6 2435/4/6 2460/4/6
f 2460/4/6 2435/4/6 2436/4/6
f 2461/4/6 2437/4/6 2462/4/6
f 2462/4/6 2437/4/6 2438/4/6
f 2463/4/6 2439/4/6 2464/4/6
f 2464/4/6 2439/4/6 2440/4/6
f 2465/4/6 2441/4/6 2466/4/6
f 2466/4/6 2441/4/6 2442/4/6
f 2467/4/6 2443/4/6 2468/4/6
f 2468/4/6 2443/4/6 2444/4/6
f 2469/4/6 2445/4/6 2470/4/6
f 2470/4/6 2445/4/6 2446/4/6
f 2471/4/6 2447/4/6 2472/4/6
f 2472/4/6 2447/4/6 2448/4/6
f 2473/4/6 2449/4/6 2474/4/6
f 2474/4/6 2449/4/6 2450/4/6
f 2475/4/6 2451/4/6 2476/4/6
f 2476/4/6 2451/4/6 2452/4/6
f 256/2/6 249/2/6 537/2/6
f 537/2/6 249/2/6 534/2/6
f 32/2/6 27/2/6 306/2/6
f 306/2/6 27/2/6 303/2/6
f 171/3/6 61/3/6 79/3/6
f 79/3/6 61/3/6 150/3/6
f 262/2/6 255/2/6 543/2/6
f 543/2/6 255/2/6 538/2/6
f 321/5/6 319/5/6 2477/5/6
f 2477/5/6 319/5/6 2416/5/6
f 540/5/6 526/5/6 2478/5/6
f 2478/5/6 526/5/6 2392/5/6
f 2479/5/6 2417/5/6 2480/5/6
f 2480/5/6 2417/5/6 2418/5/6
f 2481/5/6 2395/5/6 2482/5/6
f 2482/5/6 2395/5/6 2396/5/6
f 2483/5/6 2419/5/6 2484/5/6
f 2484/5/6 2419/5/6 2420/5/6
f 2485/5/6 2399/5/6 2486/5/6
f 2486/5/6 2399/5/6 2400/5/6
f 2487/5/6 2421/5/6 2488/5/6
f 2488/5/6 2421/5/6 2422/5/6
f 2489/5/6 2403/5/6 2490/5/6
f 2490/5/6 2403/5/6 2404/5/6
f 2491/5/6 2423/5/6 2492/5/6
f 2492/5/6 2423/5/6 2424/5/6
f 2493/5/6 2407/5/6 2494/5/6
f 2494/5/6 2407/5/6 2408/5/6
f 2495/5/6 2425/5/6 2496/5/6
f 2496/5/6 2425/5/6 2426/5/6
f 2497/5/6 2411/5/6 2498/5/6
f 2498/5/6 2411/5/6 2412/5/6
f 2499/5/6 2427/5/6 2500/5/6
f 2500/5/6 2427/5/6 2428/5/6
f 2501/5/6 2415/5/6 2502/5/6
f 2502/5/6 2415/5/6 492/5/6
f 36/2/6 31/2/6 310/2/6
f 310/2/6 31/2/6 307/2/6
f 204/3/6 49/3/6 63/3/6
f 63/3/6 49/3/6 166/3/6
f 323/4/6 321/4/6 2503/4/6
f 2503/4/6 321/4/6 2477/4/6
f 546/4/6 540/4/6 1052/4/6
f 1052/4/6 540/4/6 2478/4/6
f 1052/4/6 2372/4/6 1070/4/6
f 1070/4/6 2372/4/6 2292/4/6
f 1070/5/6 2455/5/6 2504/5/6
f 2504/5/6 2455/5/6 2456/5/6
f 2504/4/6 2321/4/6 1107/4/6
f 1107/4/6 2321/4/6 630/4/6
f 2505/4/6 2479/4/6 2506/4/6
f 2506/4/6 2479/4/6 2480/4/6
f 1107/4/6 2481/4/6 1129/4/6
f 1129/4/6 2481/4/6 2482/4/6
f 1129/4/6 2375/4/6 1148/4/6
f 1148/4/6 2375/4/6 2296/4/6
f 1148/5/6 2459/5/6 2507/5/6
f 2507/5/6 2459/5/6 2460/5/6
f 2507/4/6 2326/4/6 1185/4/6
f 1185/4/6 2326/4/6 700/4/6
f 2508/4/6 2483/4/6 2509/4/6
f 2509/4/6 2483/4/6 2484/4/6
f 1185/4/6 2485/4/6 1207/4/6
f 1207/4/6 2485/4/6 2486/4/6
f 1207/4/6 2378/4/6 1226/4/6
f 1226/4/6 2378/4/6 2300/4/6
f 1226/5/6 2463/5/6 2510/5/6
f 2510/5/6 2463/5/6 2464/5/6
f 2510/4/6 2331/4/6 1263/4/6
f 1263/4/6 2331/4/6 770/4/6
f 2511/4/6 2487/4/6 2512/4/6
f 2512/4/6 2487/4/6 2488/4/6
f 1263/4/6 2489/4/6 1285/4/6
f 1285/4/6 2489/4/6 2490/4/6
f 1285/4/6 2381/4/6 1304/4/6
f 1304/4/6 2381/4/6 2304/4/6
f 1304/5/6 2467/5/6 2513/5/6
f 2513/5/6 2467/5/6 2468/5/6
f 2513/4/6 2336/4/6 1341/4/6
f 1341/4/6 2336/4/6 840/4/6
f 2514/4/6 2491/4/6 2515/4/6
f 2515/4/6 2491/4/6 2492/4/6
f 1341/4/6 2493/4/6 1363/4/6
f 1363/4/6 2493/4/6 2494/4/6
f 1363/4/6 2384/4/6 1382/4/6
f 1382/4/6 2384/4/6 2308/4/6
f 1382/5/6 2471/5/6 2516/5/6
f 2516/5/6 2471/5/6 2472/5/6
f 2516/4/6 2341/4/6 1419/4/6
f 1419/4/6 2341/4/6 910/4/6
f 2517/4/6 2495/4/6 2518/4/6
f 2518/4/6 2495/4/6 2496/4/6
f 1419/4/6 2497/4/6 1441/4/6
f 1441/4/6 2497/4/6 2498/4/6
f 1441/4/6 2387/4/6 1457/4/6
f 1457/4/6 2387/4/6 2312/4/6
f 1457/5/6 2475/5/6 2519/5/6
f 2519/5/6 2475/5/6 2476/5/6
f 2519/4/6 2346/4/6 1492/4/6
f 1492/4/6 2346/4/6 980/4/6
f 2520/4/6 2499/4/6 2521/4/6
f 2521/4/6 2499/4/6 2500/4/6
f 1492/4/6 2501/4/6 494/4/6
f 494/4/6 2501/4/6 2502/4/6
f 202/5/6 195/5/6 2522/5/6
f 2522/5/6 195/5/6 220/5/6
f 2522/2/6 261/2/6 2523/2/6
f 2523/2/6 261/2/6 544/2/6
f 311/2/6 282/2/6 39/2/6
f 39/2/6 282/2/6 2317/2/6
f 2523/2/6 509/2/6 207/2/6
f 207/2/6 509/2/6 208/2/6
f 181/1/6 180/1/6 2524/1/6
f 2524/1/6 180/1/6 499/1/6
f 272/3/6 41/3/6 51/3/6
f 51/3/6 41/3/6 194/3/6
f 345/5/6 323/5/6 573/5/6
f 573/5/6 323/5/6 2503/5/6
f 573/4/6 1039/4/6 588/4/6
f 588/4/6 1039/4/6 1055/4/6
f 588/5/6 2453/5/6 600/5/6
f 600/5/6 2453/5/6 2454/5/6
f 600/4/6 1072/4/6 619/4/6
f 619/4/6 1072/4/6 1093/4/6
f 619/5/6 2505/5/6 636/5/6
f 636/5/6 2505/5/6 2506/5/6
f 636/4/6 1109/4/6 658/4/6
f 658/4/6 1109/4/6 1133/4/6
f 658/5/6 2457/5/6 670/5/6
f 670/5/6 2457/5/6 2458/5/6
f 670/4/6 1150/4/6 689/4/6
f 689/4/6 1150/4/6 1171/4/6
f 689/5/6 2508/5/6 706/5/6
f 706/5/6 2508/5/6 2509/5/6
f 706/4/6 1187/4/6 728/4/6
f 728/4/6 1187/4/6 1211/4/6
f 728/5/6 2461/5/6 740/5/6
f 740/5/6 2461/5/6 2462/5/6
f 740/4/6 1228/4/6 759/4/6
f 759/4/6 1228/4/6 1249/4/6
f 759/5/6 2511/5/6 776/5/6
f 776/5/6 2511/5/6 2512/5/6
f 776/4/6 1265/4/6 798/4/6
f 798/4/6 1265/4/6 1289/4/6
f 798/5/6 2465/5/6 810/5/6
f 810/5/6 2465/5/6 2466/5/6
f 810/4/6 1306/4/6 829/4/6
f 829/4/6 1306/4/6 1327/4/6
f 829/5/6 2514/5/6 846/5/6
f 846/5/6 2514/5/6 2515/5/6
f 846/4/6 1343/4/6 868/4/6
f 868/4/6 1343/4/6 1367/4/6
f 868/5/6 2469/5/6 880/5/6
f 880/5/6 2469/5/6 2470/5/6
f 880/4/6 1384/4/6 899/4/6
f 899/4/6 1384/4/6 1405/4/6
f 899/5/6 2517/5/6 916/5/6
f 916/5/6 2517/5/6 2518/5/6
f 916/4/6 1421/4/6 938/4/6
f 938/4/6 1421/4/6 1445/4/6
f 938/5/6 2473/5/6 948/5/6
f 948/5/6 2473/5/6 2474/5/6
f 948/4/6 1459/4/6 969/4/6
f 969/4/6 1459/4/6 1480/4/6
f 969/5/6 2520/5/6 985/5/6
f 985/5/6 2520/5/6 2521/5/6
f 985/4/6 1494/4/6 567/4/6
f 567/4/6 1494/4/6 273/4/6
f 54/2/6 53/2/6 332/2/6
f 332/2/6 53/2/6 329/2/6
f 70/2/6 69/2/6 350/2/6
f 350/2/6 69/2/6 347/2/6
f 86/2/6 85/2/6 366/2/6
f 366/2/6 85/2/6 363/2/6
f 105/2/6 104/2/6 409/2/6
f 409/2/6 104/2/6 406/2/6
f 121/2/6 120/2/6 447/2/6
f 447/2/6 120/2/6 444/2/6
f 141/2/6 140/2/6 473/2/6
f 473/2/6 140/2/6 470/2/6
f 157/2/6 156/2/6 481/2/6
f 481/2/6 156/2/6 478/2/6
f 185/1/6 184/1/6 498/1/6
f 498/1/6 184/1/6 495/1/6
f 270/1/6 35/1/6 569/1/6
f 569/1/6 35/1/6 559/1/6
f 189/1/6 188/1/6 502/1/6
f 502/1/6 188/1/6 2524/1/6
f 2525/5/6 592/5/6 2526/5/6
f 2526/5/6 592/5/6 604/5/6
f 2527/5/6 662/5/6 2528/5/6
f 2528/5/6 662/5/6 674/5/6
f 2529/5/6 732/5/6 2530/5/6
f 2530/5/6 732/5/6 744/5/6
f 2531/5/6 802/5/6 2532/5/6
f 2532/5/6 802/5/6 814/5/6
f 2533/5/6 872/5/6 2534/5/6
f 2534/5/6 872/5/6 884/5/6
f 275/5/6 550/5/6 3/5/6
f 3/5/6 550/5/6 211/5/6
f 279/3/6 553/3/6 43/3/6
f 43/3/6 553/3/6 214/3/6
f 2535/4/6 2525/4/6 2536/4/6
f 2536/4/6 2525/4/6 2526/4/6
f 2537/4/6 2527/4/6 2538/4/6
f 2538/4/6 2527/4/6 2528/4/6
f 2539/4/6 2529/4/6 2540/4/6
f 2540/4/6 2529/4/6 2530/4/6
f 2541/4/6 2531/4/6 2542/4/6
f 2542/4/6 2531/4/6 2532/4/6
f 2543/4/6 2533/4/6 2544/4/6
f 2544/4/6 2533/4/6 2534/4/6
f 412/5/6 449/5/6 2545/5/6
f 2545/5/6 449/5/6 576/5/6
f 2546/5/6 624/5/6 2547/5/6
f 2547/5/6 624/5/6 640/5/6
f 2548/5/6 694/5/6 2549/5/6
f 2549/5/6 694/5/6 710/5/6
f 2550/5/6 764/5/6 2551/5/6
f 2551/5/6 764/5/6 780/5/6
f 2552/5/6 834/5/6 2553/5/6
f 2553/5/6 834/5/6 850/5/6
f 2554/5/6 904/5/6 2555/5/6
f 2555/5/6 904/5/6 920/5/6
f 414/4/6 412/4/6 2556/4/6
f 2556/4/6 412/4/6 2545/4/6
f 2557/4/6 2546/4/6 2558/4/6
f 2558/4/6 2546/4/6 2547/4/6
f 2559/4/6 2548/4/6 2560/4/6
f 2560/4/6 2548/4/6 2549/4/6
f 2561/4/6 2550/4/6 2562/4/6
f 2562/4/6 2550/4/6 2551/4/6
f 2563/4/6 2552/4/6 2564/4/6
f 2564/4/6 2552/4/6 2553/4/6
f 2565/4/6 2554/4/6 2566/4/6
f 2566/4/6 2554/4/6 2555/4/6
f 2567/5/6 2535/5/6 2568/5/6
f 2568/5/6 2535/5/6 2536/5/6
f 2569/5/6 2537/5/6 2570/5/6
f 2570/5/6 2537/5/6 2538/5/6
f 2571/5/6 2539/5/6 2572/5/6
f 2572/5/6 2539/5/6 2540/5/6
f 2573/5/6 2541/5/6 2574/5/6
f 2574/5/6 2541/5/6 2542/5/6
f 2575/5/6 2543/5/6 2576/5/6
f 2576/5/6 2543/5/6 2544/5/6
f 2577/4/6 2567/4/6 2578/4/6
f 2578/4/6 2567/4/6 2568/4/6
f 2579/4/6 2569/4/6 2580/4/6
f 2580/4/6 2569/4/6 2570/4/6
f 2581/4/6 2571/4/6 2582/4/6
f 2582/4/6 2571/4/6 2572/4/6
f 2583/4/6 2573/4/6 2584/4/6
f 2584/4/6 2573/4/6 2574/4/6
f 2585/4/6 2575/4/6 2586/4/6
f 2586/4/6 2575/4/6 2576/4/6
f 418/5/6 414/5/6 2587/5/6
f 2587/5/6 414/5/6 2556/5/6
f 2587/4/6 576/4/6 2588/4/6
f 2588/4/6 576/4/6 592/4/6
f 2588/5/6 2577/5/6 2589/5/6
f 2589/5/6 2577/5/6 2578/5/6
f 2589/4/6 604/4/6 2590/4/6
f 2590/4/6 604/4/6 624/4/6
f 2590/5/6 2557/5/6 2591/5/6
f 2591/5/6 2557/5/6 2558/5/6
f 2591/4/6 640/4/6 2592/4/6
f 2592/4/6 640/4/6 662/4/6
f 2592/5/6 2579/5/6 2593/5/6
f 2593/5/6 2579/5/6 2580/5/6
f 2593/4/6 674/4/6 2594/4/6
f 2594/4/6 674/4/6 694/4/6
f 2594/5/6 2559/5/6 2595/5/6
f 2595/5/6 2559/5/6 2560/5/6
f 2595/4/6 710/4/6 2596/4/6
f 2596/4/6 710/4/6 732/4/6
f 2596/5/6 2581/5/6 2597/5/6
f 2597/5/6 2581/5/6 2582/5/6
f 2597/4/6 744/4/6 2598/4/6
f 2598/4/6 744/4/6 764/4/6
f 2598/5/6 2561/5/6 2599/5/6
f 2599/5/6 2561/5/6 2562/5/6
f 2599/4/6 780/4/6 2600/4/6
f 2600/4/6 780/4/6 802/4/6
f 2600/5/6 2583/5/6 2601/5/6
f 2601/5/6 2583/5/6 2584/5/6
f 2601/4/6 814/4/6 2602/4/6
f 2602/4/6 814/4/6 834/4/6
f 2602/5/6 2563/5/6 2603/5/6
f 2603/5/6 2563/5/6 2564/5/6
f 2603/4/6 850/4/6 2604/4/6
f 2604/4/6 850/4/6 872/4/6
f 2604/5/6 2585/5/6 2605/5/6
f 2605/5/6 2585/5/6 2586/5/6
f 2605/4/6 884/4/6 2606/4/6
f 2606/4/6 884/4/6 904/4/6
f 2606/5/6 2565/5/6 2607/5/6
f 2607/5/6 2565/5/6 2566/5/6
f 2607/4/6 920/4/6 126/4/6
f 126/4/6 920/4/6 127/4/6
f 125/4/1 2608/4/1 126/4/1
f 126/4/1 2608/4/1 2609/4/1
f 419/4/2 418/4/2 2611/4/2
f 2611/4/2 418/4/2 2610/4/2
f 2612/5/2 2613/5/2 2615/5/2
f 2615/5/2 2613/5/2 2614/5/2
f 2615/4/2 2614/4/2 2617/4/2
f 2617/4/2 2614/4/2 2616/4/2
f 2618/5/2 2619/5/2 2621/5/2
f 2621/5/2 2619/5/2 2620/5/2
f 2621/4/2 2620/4/2 2623/4/2
f 2623/4/2 2620/4/2 2622/4/2
f 457/5/2 419/5/2 2624/5/2
f 2624/5/2 419/5/2 2611/5/2
f 2624/5/2 2610/5/2 2625/5/2
f 2625/5/2 2610/5/2 2613/5/2
f 2625/4/2 2612/4/2 2627/4/2
f 2627/4/2 2612/4/2 2626/4/2
f 2627/5/2 2626/5/2 2628/5/2
f 2628/5/2 2626/5/2 2617/5/2
f 2628/5/2 2616/5/2 2629/5/2
f 2629/5/2 2616/5/2 2619/5/2
f 2629/4/2 2618/4/2 2631/4/2
f 2631/4/2 2618/4/2 2630/4/2
f 2631/5/2 2630/5/2 2632/5/2
f 2632/5/2 2630/5/2 2623/5/2
f 2632/5/2 2622/5/2 2634/5/2
f 2634/5/2 2622/5/2 2633/5/2
f 2635/5/3 2636/5/3 2633/5/3
f 2633/5/3 2636/5/3 2634/5/3
f 2637/4/3 2638/4/3 2635/4/3
f 2635/4/3 2638/4/3 2636/4/3
f 2639/5/3 2640/5/3 2637/5/3
f 2637/5/3 2640/5/3 2638/5/3
f 2641/4/3 2642/4/3 2639/4/3
f 2639/4/3 2642/4/3 2640/4/3
f 2643/5/3 2644/5/3 2641/5/3
f 2641/5/3 2644/5/3 2642/5/3
f 2645/4/3 2646/4/3 2643/4/3
f 2643/4/3 2646/4/3 2644/4/3
f 2647/5/3 2648/5/3 2645/5/3
f 2645/5/3 2648/5/3 2646/5/3
f 2649/4/3 2650/4/3 2647/4/3
f 2647/4/3 2650/4/3 2648/4/3
f 2651/5/3 2652/5/3 2649/5/3
f 2649/5/3 2652/5/3 2650/5/3
f 2653/4/3 2654/4/3 2651/4/3
f 2651/4/3 2654/4/3 2652/4/3
f 2655/5/3 2656/5/3 2653/5/3
f 2653/5/3 2656/5/3 2654/5/3
f 2657/4/3 2658/4/3 2655/4/3
f 2655/4/3 2658/4/3 2656/4/3
f 2659/5/3 2660/5/3 2657/5/3
f 2657/5/3 2660/5/3 2658/5/3
f 2661/4/3 2662/4/3 2659/4/3
f 2659/4/3 2662/4/3 2660/4/3
f 2663/5/3 2664/5/3 2661/5/3
f 2661/5/3 2664/5/3 2662/5/3
f 2665/4/3 2666/4/3 2663/4/3
f 2663/4/3 2666/4/3 2664/4/3
f 2667/5/3 2668/5/3 2665/5/3
f 2665/5/3 2668/5/3 2666/5/3
f 2669/4/3 2670/4/3 2667/4/3
f 2667/4/3 2670/4/3 2668/4/3
f 2671/5/3 2672/5/3 2669/5/3
f 2669/5/3 2672/5/3 2670/5/3
f 2673/4/3 2674/4/3 2671/4/3
f 2671/4/3 2674/4/3 2672/4/3
f 2675/5/3 2676/5/3 2673/5/3
f 2673/5/3 2676/5/3 2674/5/3
f 2609/4/3 2608/4/3 2675/4/3
f 2675/4/3 2608/4/3 2676/4/3
f 2677/4/5 2678/4/5 2068/4/5
f 2068/4/5 2678/4/5 2070/4/5
f 2679/4/5 2680/4/5 2072/4/5
f 2072/4/5 2680/4/5 2074/4/5
f 2681/4/5 2682/4/5 2076/4/5
f 2076/4/5 2682/4/5 2078/4/5
f 2683/4/5 2684/4/5 2080/4/5
f 2080/4/5 2684/4/5 2082/4/5
f 2685/4/5 2686/4/5 2084/4/5
f 2084/4/5 2686/4/5 2086/4/5
f 2625/5/5 2687/5/5 457/5/5
f 457/5/5 2687/5/5 2067/5/5
f 2688/5/5 2689/5/5 2070/5/5
f 2070/5/5 2689/5/5 2071/5/5
f 2690/5/5 2691/5/5 2074/5/5
f 2074/5/5 2691/5/5 2075/5/5
f 2692/5/5 2693/5/5 2078/5/5
f 2078/5/5 2693/5/5 2079/5/5
f 2694/5/5 2695/5/5 2082/5/5
f 2082/5/5 2695/5/5 2083/5/5
f 2696/5/5 2697/5/5 2086/5/5
f 2086/5/5 2697/5/5 2087/5/5
f 2627/4/5 2698/4/5 2625/4/5
f 2625/4/5 2698/4/5 2687/4/5
f 2699/4/5 2700/4/5 2688/4/5
f 2688/4/5 2700/4/5 2689/4/5
f 2701/4/5 2702/4/5 2690/4/5
f 2690/4/5 2702/4/5 2691/4/5
f 2703/4/5 2704/4/5 2692/4/5
f 2692/4/5 2704/4/5 2693/4/5
f 2705/4/5 2706/4/5 2694/4/5
f 2694/4/5 2706/4/5 2695/4/5
f 2707/4/5 2708/4/5 2696/4/5
f 2696/4/5 2708/4/5 2697/4/5
f 2709/5/5 2710/5/5 2677/5/5
f 2677/5/5 2710/5/5 2711/5/5
f 2712/5/5 2713/5/5 2679/5/5
f 2679/5/5 2713/5/5 2714/5/5
f 2715/5/5 2716/5/5 2681/5/5
f 2681/5/5 2716/5/5 2717/5/5
f 2718/5/5 2719/5/5 2683/5/5
f 2683/5/5 2719/5/5 2720/5/5
f 2721/5/5 2722/5/5 2685/5/5
f 2685/5/5 2722/5/5 2723/5/5
f 2724/4/5 2725/4/5 2709/4/5
f 2709/4/5 2725/4/5 2710/4/5
f 2726/4/5 2727/4/5 2712/4/5
f 2712/4/5 2727/4/5 2713/4/5
f 2728/4/5 2729/4/5 2715/4/5
f 2715/4/5 2729/4/5 2716/4/5
f 2730/4/5 2731/4/5 2718/4/5
f 2718/4/5 2731/4/5 2719/4/5
f 2732/4/5 2733/4/5 2721/4/5
f 2721/4/5 2733/4/5 2722/4/5
f 2629/5/5 2734/5/5 2627/5/5
f 2627/5/5 2734/5/5 2698/5/5
f 2735/5/5 2736/5/5 2699/5/5
f 2699/5/5 2736/5/5 2700/5/5
f 2737/5/5 2738/5/5 2701/5/5
f 2701/5/5 2738/5/5 2702/5/5
f 2739/5/5 2740/5/5 2703/5/5
f 2703/5/5 2740/5/5 2704/5/5
f 2741/5/5 2742/5/5 2705/5/5
f 2705/5/5 2742/5/5 2706/5/5
f 2743/5/5 2744/5/5 2707/5/5
f 2707/5/5 2744/5/5 2708/5/5
f 2631/4/5 2745/4/5 2629/4/5
f 2629/4/5 2745/4/5 2734/4/5
f 2746/4/5 2747/4/5 2735/4/5
f 2735/4/5 2747/4/5 2736/4/5
f 2748/4/5 2749/4/5 2737/4/5
f 2737/4/5 2749/4/5 2738/4/5
f 2750/4/5 2751/4/5 2739/4/5
f 2739/4/5 2751/4/5 2740/4/5
f 2752/4/5 2753/4/5 2741/4/5
f 2741/4/5 2753/4/5 2742/4/5
f 2754/4/5 2755/4/5 2743/4/5
f 2743/4/5 2755/4/5 2744/4/5
f 2756/5/5 2757/5/5 2724/5/5
f 2724/5/5 2757/5/5 2725/5/5
f 2758/5/5 2759/5/5 2726/5/5
f 2726/5/5 2759/5/5 2727/5/5
f 2760/5/5 2761/5/5 2728/5/5
f 2728/5/5 2761/5/5 2729/5/5
f 2762/5/5 2763/5/5 2730/5/5
f 2730/5/5 2763/5/5 2731/5/5
f 2764/5/5 2765/5/5 2732/5/5
f 2732/5/5 2765/5/5 2733/5/5
f 2766/4/5 2767/4/5 2756/4/5
f 2756/4/5 2767/4/5 2757/4/5
f 2768/4/5 2769/4/5 2758/4/5
f 2758/4/5 2769/4/5 2759/4/5
f 2770/4/5 2771/4/5 2760/4/5
f 2760/4/5 2771/4/5 2761/4/5
f 2772/4/5 2773/4/5 2762/4/5
f 2762/4/5 2773/4/5 2763/4/5
f 2774/4/5 2775/4/5 2764/4/5
f 2764/4/5 2775/4/5 2765/4/5
f 2634/5/5 2636/5/5 2631/5/5
f 2631/5/5 2636/5/5 2745/5/5
f 2636/4/5 2638/4/5 2067/4/5
f 2067/4/5 2638/4/5 2068/4/5
f 2638/5/5 2640/5/5 2766/5/5
f 2766/5/5 2640/5/5 2767/5/5
f 2640/4/5 2642/4/5 2711/4/5
f 2711/4/5 2642/4/5 2678/4/5
f 2642/5/5 2644/5/5 2746/5/5
f 2746/5/5 2644/5/5 2747/5/5
f 2644/4/5 2646/4/5 2071/4/5
f 2071/4/5 2646/4/5 2072/4/5
f 2646/5/5 2648/5/5 2768/5/5
f 2768/5/5 2648/5/5 2769/5/5
f 2648/4/5 2650/4/5 2714/4/5
f 2714/4/5 2650/4/5 2680/4/5
f 2650/5/5 2652/5/5 2748/5/5
f 2748/5/5 2652/5/5 2749/5/5
f 2652/4/5 2654/4/5 2075/4/5
f 2075/4/5 2654/4/5 2076/4/5
f 2654/5/5 2656/5/5 2770/5/5
f 2770/5/5 2656/5/5 2771/5/5
f 2656/4/5 2658/4/5 2717/4/5
f 2717/4/5 2658/4/5 2682/4/5
f 2658/5/5 2660/5/5 2750/5/5
f 2750/5/5 2660/5/5 2751/5/5
f 2660/4/5 2662/4/5 2079/4/5
f 2079/4/5 2662/4/5 2080/4/5
f 2662/5/5 2664/5/5 2772/5/5
f 2772/5/5 2664/5/5 2773/5/5
f 2664/4/5 2666/4/5 2720/4/5
f 2720/4/5 2666/4/5 2684/4/5
f 2666/5/5 2668/5/5 2752/5/5
f 2752/5/5 2668/5/5 2753/5/5
f 2668/4/5 2670/4/5 2083/4/5
f 2083/4/5 2670/4/5 2084/4/5
f 2670/5/5 2672/5/5 2774/5/5
f 2774/5/5 2672/5/5 2775/5/5
f 2672/4/5 2674/4/5 2723/4/5
f 2723/4/5 2674/4/5 2686/4/5
f 2674/5/5 2676/5/5 2754/5/5
f 2754/5/5 2676/5/5 2755/5/5
f 2676/4/5 2608/4/5 2087/4/5
f 2087/4/5 2608/4/5 125/4/5
f 2610/4/6 418/4/6 2776/4/6
f 2776/4/6 418/4/6 2588/4/6
f 2777/4/6 2590/4/6 2778/4/6
f 2778/4/6 2590/4/6 2592/4/6
f 2779/4/6 2594/4/6 2780/4/6
f 2780/4/6 2594/4/6 2596/4/6
f 2781/4/6 2598/4/6 2782/4/6
f 2782/4/6 2598/4/6 2600/4/6
f 2783/4/6 2602/4/6 2784/4/6
f 2784/4/6 2602/4/6 2604/4/6
f 2785/4/6 2606/4/6 2786/4/6
f 2786/4/6 2606/4/6 126/4/6
f 2787/5/6 2588/5/6 2788/5/6
f 2788/5/6 2588/5/6 2589/5/6
f 2789/5/6 2592/5/6 2790/5/6
f 2790/5/6 2592/5/6 2593/5/6
f 2791/5/6 2596/5/6 2792/5/6
f 2792/5/6 2596/5/6 2597/5/6
f 2793/5/6 2600/5/6 2794/5/6
f 2794/5/6 2600/5/6 2601/5/6
f 2795/5/6 2604/5/6 2796/5/6
f 2796/5/6 2604/5/6 2605/5/6
f 2797/4/6 2787/4/6 2798/4/6
f 2798/4/6 2787/4/6 2788/4/6
f 2799/4/6 2789/4/6 2800/4/6
f 2800/4/6 2789/4/6 2790/4/6
f 2801/4/6 2791/4/6 2802/4/6
f 2802/4/6 2791/4/6 2792/4/6
f 2803/4/6 2793/4/6 2804/4/6
f 2804/4/6 2793/4/6 2794/4/6
f 2805/4/6 2795/4/6 2806/4/6
f 2806/4/6 2795/4/6 2796/4/6
f 2614/5/6 2610/5/6 2808/5/6
f 2808/5/6 2610/5/6 2807/5/6
f 2809/5/6 2777/5/6 2811/5/6
f 2811/5/6 2777/5/6 2810/5/6
f 2812/5/6 2779/5/6 2814/5/6
f 2814/5/6 2779/5/6 2813/5/6
f 2815/5/6 2781/5/6 2817/5/6
f 2817/5/6 2781/5/6 2816/5/6
f 2818/5/6 2783/5/6 2820/5/6
f 2820/5/6 2783/5/6 2819/5/6
f 2821/5/6 2785/5/6 2823/5/6
f 2823/5/6 2785/5/6 2822/5/6
f 2616/4/6 2614/4/6 2824/4/6
f 2824/4/6 2614/4/6 2808/4/6
f 2825/4/6 2809/4/6 2826/4/6
f 2826/4/6 2809/4/6 2811/4/6
f 2827/4/6 2812/4/6 2828/4/6
f 2828/4/6 2812/4/6 2814/4/6
f 2829/4/6 2815/4/6 2830/4/6
f 2830/4/6 2815/4/6 2817/4/6
f 2831/4/6 2818/4/6 2832/4/6
f 2832/4/6 2818/4/6 2820/4/6
f 2833/4/6 2821/4/6 2834/4/6
f 2834/4/6 2821/4/6 2823/4/6
f 2835/5/6 2797/5/6 2836/5/6
f 2836/5/6 2797/5/6 2798/5/6
f 2837/5/6 2799/5/6 2838/5/6
f 2838/5/6 2799/5/6 2800/5/6
f 2839/5/6 2801/5/6 2840/5/6
f 2840/5/6 2801/5/6 2802/5/6
f 2841/5/6 2803/5/6 2842/5/6
f 2842/5/6 2803/5/6 2804/5/6
f 2843/5/6 2805/5/6 2844/5/6
f 2844/5/6 2805/5/6 2806/5/6
f 2845/4/6 2835/4/6 2846/4/6
f 2846/4/6 2835/4/6 2836/4/6
f 2847/4/6 2837/4/6 2848/4/6
f 2848/4/6 2837/4/6 2838/4/6
f 2849/4/6 2839/4/6 2850/4/6
f 2850/4/6 2839/4/6 2840/4/6
f 2851/4/6 2841/4/6 2852/4/6
f 2852/4/6 2841/4/6 2842/4/6
f 2853/4/6 2843/4/6 2854/4/6
f 2854/4/6 2843/4/6 2844/4/6
f 2620/5/6 2616/5/6 2855/5/6
f 2855/5/6 2616/5/6 2824/5/6
f 2856/5/6 2825/5/6 2857/5/6
f 2857/5/6 2825/5/6 2826/5/6
f 2858/5/6 2827/5/6 2859/5/6
f 2859/5/6 2827/5/6 2828/5/6
f 2860/5/6 2829/5/6 2861/5/6
f 2861/5/6 2829/5/6 2830/5/6
f 2862/5/6 2831/5/6 2863/5/6
f 2863/5/6 2831/5/6 2832/5/6
f 2864/5/6 2833/5/6 2865/5/6
f 2865/5/6 2833/5/6 2834/5/6
f 2622/4/6 2620/4/6 2866/4/6
f 2866/4/6 2620/4/6 2855/4/6
f 2867/4/6 2856/4/6 2868/4/6
f 2868/4/6 2856/4/6 2857/4/6
f 2869/4/6 2858/4/6 2870/4/6
f 2870/4/6 2858/4/6 2859/4/6
f 2871/4/6 2860/4/6 2872/4/6
f 2872/4/6 2860/4/6 2861/4/6
f 2873/4/6 2862/4/6 2874/4/6
f 2874/4/6 2862/4/6 2863/4/6
f 2875/4/6 2864/4/6 2876/4/6
f 2876/4/6 2864/4/6 2865/4/6
f 2633/5/6 2622/5/6 2635/5/6
f 2635/5/6 2622/5/6 2866/5/6
f 2635/4/6 2807/4/6 2637/4/6
f 2637/4/6 2807/4/6 2776/4/6
f 2637/5/6 2845/5/6 2639/5/6
f 2639/5/6 2845/5/6 2846/5/6
f 2639/4/6 2589/4/6 2641/4/6
f 2641/4/6 2589/4/6 2590/4/6
f 2641/5/6 2867/5/6 2643/5/6
f 2643/5/6 2867/5/6 2868/5/6
f 2643/4/6 2810/4/6 2645/4/6
f 2645/4/6 2810/4/6 2778/4/6
f 2645/5/6 2847/5/6 2647/5/6
f 2647/5/6 2847/5/6 2848/5/6
f 2647/4/6 2593/4/6 2649/4/6
f 2649/4/6 2593/4/6 2594/4/6
f 2649/5/6 2869/5/6 2651/5/6
f 2651/5/6 2869/5/6 2870/5/6
f 2651/4/6 2813/4/6 2653/4/6
f 2653/4/6 2813/4/6 2780/4/6
f 2653/5/6 2849/5/6 2655/5/6
f 2655/5/6 2849/5/6 2850/5/6
f 2655/4/6 2597/4/6 2657/4/6
f 2657/4/6 2597/4/6 2598/4/6
f 2657/5/6 2871/5/6 2659/5/6
f 2659/5/6 2871/5/6 2872/5/6
f 2659/4/6 2816/4/6 2661/4/6
f 2661/4/6 2816/4/6 2782/4/6
f 2661/5/6 2851/5/6 2663/5/6
f 2663/5/6 2851/5/6 2852/5/6
f 2663/4/6 2601/4/6 2665/4/6
f 2665/4/6 2601/4/6 2602/4/6
f 2665/5/6 2873/5/6 2667/5/6
f 2667/5/6 2873/5/6 2874/5/6
f 2667/4/6 2819/4/6 2669/4/6
f 2669/4/6 2819/4/6 2784/4/6
f 2669/5/6 2853/5/6 2671/5/6
f 2671/5/6 2853/5/6 2854/5/6
f 2671/4/6 2605/4/6 2673/4/6
f 2673/4/6 2605/4/6 2606/4/6
f 2673/5/6 2875/5/6 2675/5/6
f 2675/5/6 2875/5/6 2876/5/6
f 2675/4/6 2822/4/6 2609/4/6
f 2609/4/6 2822/4/6 2786/4/6
