# Vengi binary mesh normalized for Tanks of Freedom II

mtllib ../../materials/vox_grass.mtl
o building_small_1_destroyed

v 3.1 1.2 3.9
v 3 1.2 3.9
v 3 1.2 4
v 3.1 1.2 4
v 3 1.4 3.9
v 2.9 1.4 3.9
v 2.9 1.4 4
v 3 1.4 4
v 2.9 1.2 3.9
v 2.8 1.2 3.9
v 2.8 1.2 4
v 2.9 1.2 4
v 1.1 1.2 3.9
v 1 1.2 3.9
v 1 1.2 4
v 1.1 1.2 4
v 1 1.4 3.9
v 0.9 1.4 3.9
v 0.9 1.4 4
v 1 1.4 4
v 0.9 1.2 3.9
v 0.8 1.2 3.9
v 0.8 1.2 4
v 0.9 1.2 4
v -0.9 1.2 3.9
v -1 1.2 3.9
v -1 1.2 4
v -0.9 1.2 4
v -1 1.4 3.9
v -1.1 1.4 3.9
v -1.1 1.4 4
v -1 1.4 4
v -1.1 1.2 3.9
v -1.2 1.2 3.9
v -1.2 1.2 4
v -1.1 1.2 4
v 3.3 1 3.8
v 3.2 1 3.8
v 3.2 1 3.9
v 3.3 1 3.9
v 3.3 1.2 3.8
v 3.2 1.2 3.8
v 3.2 1.2 3.9
v 3.3 1.2 3.9
v 3.2 1.5 3.8
v 3.1 1.5 3.8
v 3.1 1.5 3.9
v 3.2 1.5 3.9
v 3 1.5 3.8
v 3 1.5 3.9
v 2.8 1.5 3.8
v 2.8 1.5 3.9
v 2.8 1.3 3.8
v 2.7 1.3 3.8
v 2.7 1.3 3.9
v 2.8 1.3 3.9
v 1.3 1 3.8
v 1.2 1 3.8
v 1.2 1 3.9
v 1.3 1 3.9
v 1.3 1.2 3.8
v 1.2 1.2 3.8
v 1.2 1.2 3.9
v 1.3 1.2 3.9
v 1.2 1.5 3.8
v 1.1 1.5 3.8
v 1.1 1.5 3.9
v 1.2 1.5 3.9
v 1 1.5 3.8
v 1 1.5 3.9
v 0.8 1.5 3.8
v 0.8 1.5 3.9
v 0.8 1.3 3.8
v 0.7 1.3 3.8
v 0.7 1.3 3.9
v 0.8 1.3 3.9
v -0.7 1 3.8
v -0.8 1 3.8
v -0.8 1 3.9
v -0.7 1 3.9
v -0.7 1.2 3.8
v -0.8 1.2 3.8
v -0.8 1.2 3.9
v -0.7 1.2 3.9
v -0.8 1.5 3.8
v -0.9 1.5 3.8
v -0.9 1.5 3.9
v -0.8 1.5 3.9
v -1 1.5 3.8
v -1 1.5 3.9
v -1.2 1.5 3.8
v -1.2 1.5 3.9
v -1.2 1.3 3.8
v -1.3 1.3 3.8
v -1.3 1.3 3.9
v -1.2 1.3 3.9
v 3.4 1.1 3.7
v 3.3 1.1 3.7
v 3.3 1.1 3.8
v 3.4 1.1 3.8
v 3.4 1.3 3.7
v 3.3 1.3 3.7
v 3.3 1.3 3.8
v 3.4 1.3 3.8
v 3.2 1.6 3.7
v 3.1 1.6 3.7
v 3.1 1.6 3.8
v 3.2 1.6 3.8
v 3 1.6 3.7
v 2.9 1.6 3.7
v 2.9 1.6 3.8
v 3 1.6 3.8
v 2.9 1.7 3.7
v 2.8 1.7 3.7
v 2.8 1.7 3.8
v 2.9 1.7 3.8
v 2.8 1.6 3.7
v 2.7 1.6 3.7
v 2.7 1.6 3.8
v 2.8 1.6 3.8
v 2.7 0.9 3.7
v 2.6 0.9 3.7
v 2.6 0.9 3.8
v 2.7 0.9 3.8
v 2.7 1.1 3.7
v 2.6 1.1 3.7
v 2.6 1.1 3.8
v 2.7 1.1 3.8
v 1.4 1.1 3.7
v 1.3 1.1 3.7
v 1.3 1.1 3.8
v 1.4 1.1 3.8
v 1.4 1.3 3.7
v 1.3 1.3 3.7
v 1.3 1.3 3.8
v 1.4 1.3 3.8
v 1.2 1.6 3.7
v 1.1 1.6 3.7
v 1.1 1.6 3.8
v 1.2 1.6 3.8
v 1 1.6 3.7
v 0.9 1.6 3.7
v 0.9 1.6 3.8
v 1 1.6 3.8
v 0.9 1.7 3.7
v 0.8 1.7 3.7
v 0.8 1.7 3.8
v 0.9 1.7 3.8
v 0.8 1.6 3.7
v 0.7 1.6 3.7
v 0.7 1.6 3.8
v 0.8 1.6 3.8
v 0.7 0.9 3.7
v 0.6 0.9 3.7
v 0.6 0.9 3.8
v 0.7 0.9 3.8
v 0.7 1.1 3.7
v 0.6 1.1 3.7
v 0.6 1.1 3.8
v 0.7 1.1 3.8
v -0.6 1.1 3.7
v -0.7 1.1 3.7
v -0.7 1.1 3.8
v -0.6 1.1 3.8
v -0.6 1.3 3.7
v -0.7 1.3 3.7
v -0.7 1.3 3.8
v -0.6 1.3 3.8
v -0.8 1.6 3.7
v -0.9 1.6 3.7
v -0.9 1.6 3.8
v -0.8 1.6 3.8
v -1 1.6 3.7
v -1.1 1.6 3.7
v -1.1 1.6 3.8
v -1 1.6 3.8
v -1.1 1.7 3.7
v -1.2 1.7 3.7
v -1.2 1.7 3.8
v -1.1 1.7 3.8
v -1.2 1.6 3.7
v -1.3 1.6 3.7
v -1.3 1.6 3.8
v -1.2 1.6 3.8
v -1.3 0.9 3.7
v -1.4 0.9 3.7
v -1.4 0.9 3.8
v -1.3 0.9 3.8
v -1.3 1.1 3.7
v -1.4 1.1 3.7
v -1.4 1.1 3.8
v -1.3 1.1 3.8
v 3.5 1 3.6
v 3.4 1 3.6
v 3.4 1 3.7
v 3.5 1 3.7
v 3.5 1.4 3.6
v 3.4 1.4 3.6
v 3.4 1.4 3.7
v 3.5 1.4 3.7
v 3.4 1.6 3.6
v 3.3 1.6 3.6
v 3.3 1.6 3.7
v 3.4 1.6 3.7
v 3.3 1.7 3.6
v 3.2 1.7 3.6
v 3.2 1.7 3.8
v 3.3 1.7 3.8
v 3.1 1.7 3.6
v 3.1 1.7 3.7
v 3.2 1.7 3.7
v 3.1 0.1 3.6
v 3 0.1 3.6
v 3 0.1 3.7
v 3.1 0.1 3.7
v 3 1.7 3.6
v 3 1.7 3.8
v 3.1 1.7 3.8
v 2.9 0.1 3.6
v 2.9 0.1 3.7
v 3 1.8 3.6
v 2.8 1.8 3.6
v 2.8 1.8 3.7
v 3 1.8 3.7
v 2.8 1.7 3.6
v 2.7 1.7 3.6
v 2.7 1.7 3.7
v 2.6 1.5 3.6
v 2.5 1.5 3.6
v 2.5 1.5 3.7
v 2.6 1.5 3.7
v 2 0.1 3.6
v 1.7 0.1 3.6
v 1.7 0.1 3.8
v 2 0.1 3.8
v 1.5 1 3.6
v 1.4 1 3.6
v 1.4 1 3.7
v 1.5 1 3.7
v 1.5 1.4 3.6
v 1.4 1.4 3.6
v 1.4 1.4 3.7
v 1.5 1.4 3.7
v 1.4 1.6 3.6
v 1.3 1.6 3.6
v 1.3 1.6 3.7
v 1.4 1.6 3.7
v 1.3 1.7 3.6
v 1.2 1.7 3.6
v 1.2 1.7 3.8
v 1.3 1.7 3.8
v 1.1 1.7 3.6
v 1.1 1.7 3.7
v 1.2 1.7 3.7
v 1.1 0.1 3.6
v 1 0.1 3.6
v 1 0.1 3.7
v 1.1 0.1 3.7
v 1 1.7 3.6
v 1 1.7 3.8
v 1.1 1.7 3.8
v 0.9 0.1 3.6
v 0.9 0.1 3.7
v 1 1.8 3.6
v 0.8 1.8 3.6
v 0.8 1.8 3.7
v 1 1.8 3.7
v 0.8 1.7 3.6
v 0.7 1.7 3.6
v 0.7 1.7 3.7
v 0.6 1.5 3.6
v 0.5 1.5 3.6
v 0.5 1.5 3.7
v 0.6 1.5 3.7
v -0.5 1 3.6
v -0.6 1 3.6
v -0.6 1 3.7
v -0.5 1 3.7
v -0.5 1.4 3.6
v -0.6 1.4 3.6
v -0.6 1.4 3.7
v -0.5 1.4 3.7
v -0.6 1.6 3.6
v -0.7 1.6 3.6
v -0.7 1.6 3.7
v -0.6 1.6 3.7
v -0.7 1.7 3.6
v -0.8 1.7 3.6
v -0.8 1.7 3.8
v -0.7 1.7 3.8
v -0.9 1.7 3.6
v -0.9 1.7 3.7
v -0.8 1.7 3.7
v -0.9 0.1 3.6
v -1 0.1 3.6
v -1 0.1 3.7
v -0.9 0.1 3.7
v -1 1.7 3.6
v -1 1.7 3.8
v -0.9 1.7 3.8
v -1.1 0.1 3.6
v -1.1 0.1 3.7
v -1 1.8 3.6
v -1.2 1.8 3.6
v -1.2 1.8 3.7
v -1 1.8 3.7
v -1.2 1.7 3.6
v -1.3 1.7 3.6
v -1.3 1.7 3.7
v -1.4 1.5 3.6
v -1.5 1.5 3.6
v -1.5 1.5 3.7
v -1.4 1.5 3.7
v 3.5 1.1 3.5
v 3.4 1.1 3.5
v 3.4 1.1 3.6
v 3.5 1.1 3.6
v 3.5 1.5 3.5
v 3.3 1.5 3.5
v 3.3 1.5 3.6
v 3.5 1.5 3.6
v 3.3 1.6 3.5
v 3.2 1.6 3.5
v 3.2 1.6 3.6
v 3.2 0.1 3.5
v 3.1 0.1 3.5
v 3.2 0.1 3.6
v 3.1 1.8 3.5
v 3 1.8 3.5
v 3.1 1.8 3.6
v 3 1.7 3.5
v 2.9 1.7 3.5
v 2.9 1.7 3.6
v 2.8 1.7 3.5
v 2.9 0.1 3.5
v 2.7 0.1 3.5
v 2.7 0.1 3.6
v 2.8 1.6 3.5
v 2.7 1.6 3.5
v 2.7 1.6 3.6
v 2.8 1.6 3.6
v 2.6 1.1 3.5
v 2.5 1.1 3.5
v 2.5 1.1 3.6
v 2.6 1.1 3.6
v 2.6 1.4 3.5
v 2.5 1.4 3.5
v 2.5 1.4 3.6
v 2.6 1.4 3.6
v 2.3 0.1 3.5
v 2 0.1 3.5
v 2.3 0.1 3.8
v 1.9 0.1 3.5
v 1.7 0.1 3.5
v 1.9 0.1 3.6
v 1.5 1.1 3.5
v 1.4 1.1 3.5
v 1.4 1.1 3.6
v 1.5 1.1 3.6
v 1.5 1.5 3.5
v 1.3 1.5 3.5
v 1.3 1.5 3.6
v 1.5 1.5 3.6
v 1.3 1.6 3.5
v 1.2 1.6 3.5
v 1.2 1.6 3.6
v 1.2 0.1 3.5
v 1.1 0.1 3.5
v 1.2 0.1 3.6
v 1.1 1.8 3.5
v 1 1.8 3.5
v 1.1 1.8 3.6
v 1 1.7 3.5
v 0.9 1.7 3.5
v 0.9 1.7 3.6
v 0.8 1.7 3.5
v 0.9 0.1 3.5
v 0.7 0.1 3.5
v 0.7 0.1 3.6
v 0.8 1.6 3.5
v 0.7 1.6 3.5
v 0.7 1.6 3.6
v 0.8 1.6 3.6
v 0.6 1.1 3.5
v 0.5 1.1 3.5
v 0.5 1.1 3.6
v 0.6 1.1 3.6
v 0.6 1.4 3.5
v 0.5 1.4 3.5
v 0.5 1.4 3.6
v 0.6 1.4 3.6
v -0.5 1.1 3.5
v -0.6 1.1 3.5
v -0.6 1.1 3.6
v -0.5 1.1 3.6
v -0.5 1.5 3.5
v -0.7 1.5 3.5
v -0.7 1.5 3.6
v -0.5 1.5 3.6
v -0.7 1.6 3.5
v -0.8 1.6 3.5
v -0.8 1.6 3.6
v -0.8 0.1 3.5
v -0.9 0.1 3.5
v -0.8 0.1 3.6
v -0.9 1.8 3.5
v -1 1.8 3.5
v -0.9 1.8 3.6
v -1 1.7 3.5
v -1.1 1.7 3.5
v -1.1 1.7 3.6
v -1.2 1.7 3.5
v -1.1 0.1 3.5
v -1.3 0.1 3.5
v -1.3 0.1 3.6
v -1.2 1.6 3.5
v -1.3 1.6 3.5
v -1.3 1.6 3.6
v -1.2 1.6 3.6
v -1.4 1.1 3.5
v -1.5 1.1 3.5
v -1.5 1.1 3.6
v -1.4 1.1 3.6
v -1.4 1.4 3.5
v -1.5 1.4 3.5
v -1.5 1.4 3.6
v -1.4 1.4 3.6
v -1.7 0.1 3.5
v -2 0.1 3.5
v -2 0.1 3.8
v -1.7 0.1 3.8
v -2.2 0.1 3.5
v -2.2 0.1 3.8
v 3.5 1 3.4
v 3.4 1 3.4
v 3.4 1 3.5
v 3.5 1 3.5
v 3.5 1.4 3.4
v 3.4 1.4 3.4
v 3.4 1.4 3.5
v 3.5 1.4 3.5
v 3.4 1.6 3.4
v 3.2 1.6 3.4
v 3.4 1.6 3.5
v 3.2 0.1 3.4
v 3.1 0.1 3.4
v 3.1 1.7 3.4
v 3 1.7 3.4
v 3.1 1.7 3.5
v 2.9 0.1 3.4
v 2.8 0.1 3.4
v 2.8 0.1 3.5
v 2.9 1.8 3.4
v 2.8 1.8 3.4
v 2.8 1.8 3.5
v 2.9 1.8 3.5
v 2.8 1.6 3.4
v 2.7 1.6 3.4
v 2.6 1.2 3.4
v 2.5 1.2 3.4
v 2.5 1.2 3.5
v 2.6 1.2 3.5
v 2.3 0.1 3.4
v 2 0.1 3.4
v 1.5 1 3.4
v 1.4 1 3.4
v 1.4 1 3.5
v 1.5 1 3.5
v 1.5 1.4 3.4
v 1.4 1.4 3.4
v 1.4 1.4 3.5
v 1.5 1.4 3.5
v 1.4 1.6 3.4
v 1.2 1.6 3.4
v 1.4 1.6 3.5
v 1.2 0.1 3.4
v 1.1 0.1 3.4
v 1.1 1.7 3.4
v 1 1.7 3.4
v 1.1 1.7 3.5
v 0.9 0.1 3.4
v 0.8 0.1 3.4
v 0.8 0.1 3.5
v 0.9 1.8 3.4
v 0.8 1.8 3.4
v 0.8 1.8 3.5
v 0.9 1.8 3.5
v 0.8 1.6 3.4
v 0.7 1.6 3.4
v 0.6 1.2 3.4
v 0.5 1.2 3.4
v 0.5 1.2 3.5
v 0.6 1.2 3.5
v -0.5 1 3.4
v -0.6 1 3.4
v -0.6 1 3.5
v -0.5 1 3.5
v -0.5 1.4 3.4
v -0.6 1.4 3.4
v -0.6 1.4 3.5
v -0.5 1.4 3.5
v -0.6 1.6 3.4
v -0.8 1.6 3.4
v -0.6 1.6 3.5
v -0.8 0.1 3.4
v -0.9 0.1 3.4
v -0.9 1.7 3.4
v -1 1.7 3.4
v -0.9 1.7 3.5
v -1.1 0.1 3.4
v -1.2 0.1 3.4
v -1.2 0.1 3.5
v -1.1 1.8 3.4
v -1.2 1.8 3.4
v -1.2 1.8 3.5
v -1.1 1.8 3.5
v -1.2 1.6 3.4
v -1.3 1.6 3.4
v -1.4 1.2 3.4
v -1.5 1.2 3.4
v -1.5 1.2 3.5
v -1.4 1.2 3.5
v 3.3 0.1 3.3
v 3.2 0.1 3.3
v 3.3 0.1 3.5
v 3.3 1.6 3.3
v 3.2 1.6 3.3
v 3.3 1.6 3.4
v 3.2 1.7 3.3
v 3.1 1.7 3.3
v 3 1.7 3.3
v 3 0.1 3.3
v 2.9 0.1 3.3
v 3 0.1 3.4
v 3 1.8 3.3
v 2.9 1.8 3.3
v 2.9 1.7 3.3
v 2.7 1.7 3.3
v 2.7 1.7 3.4
v 2.9 1.7 3.4
v 2.7 1.5 3.3
v 2.6 1.5 3.3
v 2.6 1.5 3.8
v 2.7 1.5 3.8
v 2.6 1.3 3.3
v 2.5 1.3 3.3
v 2.5 1.3 3.4
v 2.6 1.3 3.4
v 1.3 0.1 3.3
v 1.2 0.1 3.3
v 1.3 0.1 3.5
v 1.3 1.6 3.3
v 1.2 1.6 3.3
v 1.3 1.6 3.4
v 1.2 1.7 3.3
v 1.1 1.7 3.3
v 1 1.7 3.3
v 1 0.1 3.3
v 0.9 0.1 3.3
v 1 0.1 3.4
v 1 1.8 3.3
v 0.9 1.8 3.3
v 0.9 1.7 3.3
v 0.7 1.7 3.3
v 0.7 1.7 3.4
v 0.9 1.7 3.4
v 0.7 1.5 3.3
v 0.6 1.5 3.3
v 0.6 1.5 3.8
v 0.7 1.5 3.8
v 0.6 1.3 3.3
v 0.5 1.3 3.3
v 0.5 1.3 3.4
v 0.6 1.3 3.4
v -0.7 0.1 3.3
v -0.8 0.1 3.3
v -0.7 0.1 3.5
v -0.7 1.6 3.3
v -0.8 1.6 3.3
v -0.7 1.6 3.4
v -0.8 1.7 3.3
v -0.9 1.7 3.3
v -1 1.7 3.3
v -1 0.1 3.3
v -1.1 0.1 3.3
v -1 0.1 3.4
v -1 1.8 3.3
v -1.1 1.8 3.3
v -1.1 1.7 3.3
v -1.3 1.7 3.3
v -1.3 1.7 3.4
v -1.1 1.7 3.4
v -1.3 1.5 3.3
v -1.4 1.5 3.3
v -1.4 1.5 3.8
v -1.3 1.5 3.8
v -1.4 1.3 3.3
v -1.5 1.3 3.3
v -1.5 1.3 3.4
v -1.4 1.3 3.4
v 3.4 1.5 3.2
v 3.3 1.5 3.2
v 3.3 1.5 3.4
v 3.4 1.5 3.4
v 3.3 1.6 3.2
v 3.2 1.6 3.2
v 3.1 0.1 3.2
v 3 0.1 3.2
v 3 1.6 3.2
v 3 1.6 3.3
v 2.9 0.1 3.2
v 3 1.7 3.2
v 2.9 1.7 3.2
v 2.9 1.6 3.2
v 2.7 1.6 3.2
v 2.7 1.6 3.3
v 2.9 1.6 3.3
v 2.7 1.2 3.2
v 2.6 1.2 3.2
v 2.6 1.2 3.3
v 2.7 1.2 3.3
v 2.3 0.1 3.2
v 2.2 0.1 3.2
v 2.2 0.1 3.3
v 2.3 0.1 3.3
v 2 0.1 3.2
v 2.2 0.1 3.4
v 1.7 0.1 3.2
v 1.4 1.5 3.2
v 1.3 1.5 3.2
v 1.3 1.5 3.4
v 1.4 1.5 3.4
v 1.3 1.6 3.2
v 1.2 1.6 3.2
v 1.1 0.1 3.2
v 1 0.1 3.2
v 1 1.6 3.2
v 1 1.6 3.3
v 0.9 0.1 3.2
v 1 1.7 3.2
v 0.9 1.7 3.2
v 0.9 1.6 3.2
v 0.7 1.6 3.2
v 0.7 1.6 3.3
v 0.9 1.6 3.3
v 0.7 1.2 3.2
v 0.6 1.2 3.2
v 0.6 1.2 3.3
v 0.7 1.2 3.3
v -0.6 1.5 3.2
v -0.7 1.5 3.2
v -0.7 1.5 3.4
v -0.6 1.5 3.4
v -0.7 1.6 3.2
v -0.8 1.6 3.2
v -0.9 0.1 3.2
v -1 0.1 3.2
v -1 1.6 3.2
v -1 1.6 3.3
v -1.1 0.1 3.2
v -1 1.7 3.2
v -1.1 1.7 3.2
v -1.1 1.6 3.2
v -1.3 1.6 3.2
v -1.3 1.6 3.3
v -1.1 1.6 3.3
v -1.3 1.2 3.2
v -1.4 1.2 3.2
v -1.4 1.2 3.3
v -1.3 1.2 3.3
v -1.7 0.1 3.2
v -2 0.1 3.2
v -2.1 0.1 3.2
v -2.1 0.1 3.4
v -2 0.1 3.4
v -2.2 0.1 3.2
v -2.1 0.1 3.5
v 3.3 1.1 3.1
v 3.2 1.1 3.1
v 3.2 1.1 3.2
v 3.3 1.1 3.2
v 3.3 1.4 3.1
v 3.2 1.4 3.1
v 3.2 1.4 3.2
v 3.3 1.4 3.2
v 3.2 1.5 3.1
v 3.1 1.5 3.1
v 3.1 1.5 3.2
v 3.2 1.5 3.2
v 3.1 1.6 3.1
v 3 1.6 3.1
v 3.1 1.6 3.2
v 3 1.5 3.1
v 2.9 1.5 3.1
v 2.9 1.5 3.2
v 3 1.5 3.2
v 2.8 1.5 3.1
v 2.8 1.5 3.2
v 2.8 0.9 3.1
v 2.7 0.9 3.1
v 2.7 0.9 3.2
v 2.8 0.9 3.2
v 2.8 1.1 3.1
v 2.7 1.1 3.1
v 2.7 1.1 3.2
v 2.8 1.1 3.2
v 1.3 1.1 3.1
v 1.2 1.1 3.1
v 1.2 1.1 3.2
v 1.3 1.1 3.2
v 1.3 1.4 3.1
v 1.2 1.4 3.1
v 1.2 1.4 3.2
v 1.3 1.4 3.2
v 1.2 1.5 3.1
v 1.1 1.5 3.1
v 1.1 1.5 3.2
v 1.2 1.5 3.2
v 1.1 1.6 3.1
v 1 1.6 3.1
v 1.1 1.6 3.2
v 1 1.5 3.1
v 0.9 1.5 3.1
v 0.9 1.5 3.2
v 1 1.5 3.2
v 0.8 1.5 3.1
v 0.8 1.5 3.2
v 0.8 0.9 3.1
v 0.7 0.9 3.1
v 0.7 0.9 3.2
v 0.8 0.9 3.2
v 0.8 1.1 3.1
v 0.7 1.1 3.1
v 0.7 1.1 3.2
v 0.8 1.1 3.2
v -0.7 1.1 3.1
v -0.8 1.1 3.1
v -0.8 1.1 3.2
v -0.7 1.1 3.2
v -0.7 1.4 3.1
v -0.8 1.4 3.1
v -0.8 1.4 3.2
v -0.7 1.4 3.2
v -0.8 1.5 3.1
v -0.9 1.5 3.1
v -0.9 1.5 3.2
v -0.8 1.5 3.2
v -0.9 1.6 3.1
v -1 1.6 3.1
v -0.9 1.6 3.2
v -1 1.5 3.1
v -1.1 1.5 3.1
v -1.1 1.5 3.2
v -1 1.5 3.2
v -1.2 1.5 3.1
v -1.2 1.5 3.2
v -1.2 0.9 3.1
v -1.3 0.9 3.1
v -1.3 0.9 3.2
v -1.2 0.9 3.2
v -1.2 1.1 3.1
v -1.3 1.1 3.1
v -1.3 1.1 3.2
v -1.2 1.1 3.2
v -1.8 0.1 3.1
v -1.9 0.1 3.1
v -1.9 0.1 3.2
v -1.8 0.1 3.2
v 3.2 1.3 3
v 3.1 1.3 3
v 3.1 1.3 3.1
v 3.2 1.3 3.1
v 3.1 1 3
v 3 1 3
v 3 1 3.1
v 3.1 1 3.1
v 3.1 1.5 3
v 3 1.5 3
v 3 1.3 3
v 2.9 1.3 3
v 2.9 1.3 3.1
v 3 1.3 3.1
v 2.9 1 3
v 2.8 1 3
v 2.8 1 3.1
v 2.9 1 3.1
v 2.9 1.2 3
v 2.8 1.2 3
v 2.8 1.2 3.1
v 2.9 1.2 3.1
v 2 0.1 3
v 1.7 0.1 3
v 1.2 1.3 3
v 1.1 1.3 3
v 1.1 1.3 3.1
v 1.2 1.3 3.1
v 1.1 1 3
v 1 1 3
v 1 1 3.1
v 1.1 1 3.1
v 1.1 1.5 3
v 1 1.5 3
v 1 1.3 3
v 0.9 1.3 3
v 0.9 1.3 3.1
v 1 1.3 3.1
v 0.9 1 3
v 0.8 1 3
v 0.8 1 3.1
v 0.9 1 3.1
v 0.9 1.2 3
v 0.8 1.2 3
v 0.8 1.2 3.1
v 0.9 1.2 3.1
v -0.8 1.3 3
v -0.9 1.3 3
v -0.9 1.3 3.1
v -0.8 1.3 3.1
v -0.9 1 3
v -1 1 3
v -1 1 3.1
v -0.9 1 3.1
v -0.9 1.5 3
v -1 1.5 3
v -1 1.3 3
v -1.1 1.3 3
v -1.1 1.3 3.1
v -1 1.3 3.1
v -1.1 1 3
v -1.2 1 3
v -1.2 1 3.1
v -1.1 1 3.1
v -1.1 1.2 3
v -1.2 1.2 3
v -1.2 1.2 3.1
v -1.1 1.2 3.1
v -2.1 0.1 3
v -2.2 0.1 3
v 2.3 0.1 2.9
v 2 0.1 2.9
v 1.9 0.1 2.9
v 1.7 0.1 2.9
v 1.9 0.1 3
v -1.7 0.1 2.9
v -1.8 0.1 2.9
v -2 0.1 2.9
v -2 0.1 3
v -1.8 0.1 3
v -2.1 0.1 2.9
v 3.1 0.3 2.8
v 3 0.3 2.8
v 3 0.3 2.9
v 3.1 0.3 2.9
v 2 0.1 2.8
v 1.7 0.1 2.8
v 1 0.4 2.8
v 0.9 0.4 2.8
v 0.9 0.4 2.9
v 1 0.4 2.9
v 0.9 0.3 2.8
v 0.8 0.3 2.8
v 0.8 0.3 2.9
v 0.9 0.3 2.9
v -0.8 0.4 2.8
v -0.9 0.4 2.8
v -0.9 0.4 2.9
v -0.8 0.4 2.9
v -0.9 0.3 2.8
v -1 0.3 2.8
v -1 0.3 2.9
v -0.9 0.3 2.9
v 3.4 0.1 2.7
v 3.3 0.1 2.7
v 3.3 0.1 2.8
v 3.4 0.1 2.8
v 3.3 0.4 2.7
v 3.2 0.4 2.7
v 3.2 0.4 2.8
v 3.3 0.4 2.8
v 3.1 0.4 2.7
v 3.1 0.4 2.9
v 3.2 0.4 2.9
v 3.1 0.5 2.7
v 3 0.5 2.7
v 3 0.5 2.8
v 3.1 0.5 2.8
v 3 0.1 2.7
v 2.9 0.1 2.7
v 2.9 0.1 2.8
v 3 0.1 2.8
v 1.2 0.1 2.7
v 1.1 0.1 2.7
v 1.1 0.1 2.8
v 1.2 0.1 2.8
v 1 0.3 2.7
v 0.9 0.3 2.7
v 1 0.3 2.8
v 0.9 0.5 2.7
v 0.8 0.5 2.7
v 0.8 0.5 2.8
v 0.9 0.5 2.8
v 0.8 0.1 2.7
v 0.7 0.1 2.7
v 0.7 0.1 2.8
v 0.8 0.1 2.8
v -0.6 0.1 2.7
v -0.7 0.1 2.7
v -0.7 0.1 2.8
v -0.6 0.1 2.8
v -0.8 0.2 2.7
v -0.9 0.2 2.7
v -0.9 0.2 2.8
v -0.8 0.2 2.8
v -1 0.1 2.7
v -1.1 0.1 2.7
v -1.1 0.1 2.8
v -1 0.1 2.8
v -1.9 0.1 2.7
v -2 0.1 2.7
v -1.9 0.1 2.9
v 3.4 0.1 2.6
v 3.3 0.1 2.6
v 3.4 0.3 2.6
v 3.3 0.3 2.6
v 3.3 0.3 2.7
v 3.4 0.3 2.7
v 3.4 0.5 2.6
v 3.1 0.5 2.6
v 3.4 0.5 2.7
v 3 0.5 2.6
v 2.9 0.5 2.6
v 2.9 0.5 2.7
v 2.9 0.2 2.6
v 2.8 0.2 2.6
v 2.8 0.2 2.7
v 2.9 0.2 2.7
v 2.9 0.4 2.6
v 2.8 0.4 2.6
v 2.8 0.4 2.7
v 2.9 0.4 2.7
v 2.3 0.1 2.6
v 2 0.1 2.6
v 1.9 0.1 2.6
v 1.9 0.1 2.7
v 2 0.1 2.7
v 1.7 0.1 2.6
v 1.9 0.1 2.8
v 1.2 0.1 2.6
v 1.1 0.1 2.6
v 1.2 0.3 2.6
v 1.1 0.3 2.6
v 1.1 0.3 2.7
v 1.2 0.3 2.7
v 1.2 0.5 2.6
v 0.9 0.5 2.6
v 1.2 0.5 2.7
v 0.9 0.1 2.6
v 0.8 0.1 2.6
v 0.9 0.1 2.7
v 0.7 0.2 2.6
v 0.6 0.2 2.6
v 0.6 0.2 2.7
v 0.7 0.2 2.7
v -0.6 0.1 2.6
v -0.7 0.1 2.6
v -0.7 0.2 2.6
v -0.9 0.2 2.6
v -0.7 0.2 2.7
v -1 0.2 2.6
v -1 0.2 2.8
v -1.1 0.2 2.6
v -1.1 0.2 2.7
v -1 0.2 2.7
v -1.2 0.2 2.6
v -1.2 0.2 2.7
v -1.7 0.1 2.6
v -1.9 0.1 2.6
v -2 0.1 2.6
v -2.2 0.1 2.6
v -2.2 0.1 2.9
v 3.5 0.1 2.5
v 3.4 0.1 2.5
v 3.5 0.1 2.6
v 3.3 0.6 2.5
v 3.2 0.6 2.5
v 3.2 0.6 2.6
v 3.3 0.6 2.6
v 3.2 0.7 2.5
v 3.1 0.7 2.5
v 3.1 0.7 2.6
v 3.2 0.7 2.6
v 3.1 0.6 2.5
v 3 0.6 2.5
v 3 0.6 2.7
v 3.1 0.6 2.7
v 2.9 0.6 2.5
v 2.9 0.6 2.6
v 3 0.6 2.6
v 2.9 0.5 2.5
v 2.8 0.5 2.5
v 2.8 0.5 2.6
v 2.8 0.3 2.5
v 2.7 0.3 2.5
v 2.7 0.3 2.6
v 2.8 0.3 2.6
v 2.2 0.1 2.5
v 2 0.1 2.5
v 2.2 0.1 2.6
v 1.3 0.1 2.5
v 1.2 0.1 2.5
v 1.3 0.1 2.6
v 1.1 0.6 2.5
v 1 0.6 2.5
v 1 0.6 2.6
v 1.1 0.6 2.6
v 1 0.5 2.5
v 0.9 0.5 2.5
v 1 0.5 2.6
v 0.9 0.6 2.5
v 0.8 0.6 2.5
v 0.8 0.6 2.6
v 0.9 0.6 2.6
v 0.8 0.2 2.5
v 0.7 0.2 2.5
v 0.8 0.2 2.7
v 0.6 0.3 2.5
v 0.5 0.3 2.5
v 0.5 0.3 2.6
v 0.6 0.3 2.6
v -0.9 0.3 2.5
v -1 0.3 2.5
v -1 0.3 2.6
v -0.9 0.3 2.6
v -1.2 0.3 2.5
v -1.3 0.3 2.5
v -1.3 0.3 2.6
v -1.2 0.3 2.6
v 3.5 0.3 2.4
v 3.4 0.3 2.4
v 3.4 0.3 2.5
v 3.5 0.3 2.5
v 3.3 0.5 2.4
v 3.2 0.5 2.4
v 3.2 0.5 2.5
v 3.3 0.5 2.5
v 3.2 0.6 2.4
v 3.1 0.6 2.4
v 3 0.6 2.4
v 3 0.5 2.4
v 2.9 0.5 2.4
v 3 0.5 2.5
v 2.9 0.4 2.4
v 2.8 0.4 2.4
v 2.8 0.4 2.5
v 2.9 0.4 2.5
v 2.8 0.2 2.4
v 2.7 0.2 2.4
v 2.7 0.2 2.5
v 2.8 0.2 2.5
v 1.3 0.3 2.4
v 1.2 0.3 2.4
v 1.2 0.3 2.5
v 1.3 0.3 2.5
v 1.1 0.5 2.4
v 1 0.5 2.4
v 1.1 0.5 2.5
v 1 0.4 2.4
v 0.9 0.4 2.4
v 0.9 0.4 2.5
v 1 0.4 2.5
v 0.8 0.3 2.4
v 0.7 0.3 2.4
v 0.7 0.3 2.5
v 0.8 0.3 2.5
v 0.7 0.4 2.4
v 0.6 0.4 2.4
v 0.6 0.4 2.7
v 0.7 0.4 2.7
v 0.6 0.2 2.4
v 0.5 0.2 2.4
v 0.5 0.2 2.5
v 0.6 0.2 2.5
v -1.2 0.2 2.4
v -1.3 0.2 2.4
v -1.3 0.2 2.5
v -1.2 0.2 2.5
v -2 0.1 2.4
v -2.2 0.1 2.4
v 3.4 0.1 2.3
v 3.3 0.1 2.3
v 3.3 0.1 2.4
v 3.4 0.1 2.4
v 3.4 0.4 2.3
v 3.3 0.4 2.3
v 3.3 0.4 2.6
v 3.4 0.4 2.6
v 3.3 0.5 2.3
v 3.2 0.5 2.3
v 3.1 0.5 2.3
v 3.1 0.5 2.4
v 3.1 0.6 2.3
v 3 0.6 2.3
v 3 0.5 2.3
v 2.9 0.5 2.3
v 2.9 0.1 2.3
v 2.8 0.1 2.3
v 2.8 0.1 2.4
v 2.9 0.1 2.4
v 2.9 0.3 2.3
v 2.8 0.3 2.3
v 2.8 0.3 2.4
v 2.9 0.3 2.4
v 2.3 0.1 2.3
v 2.2 0.1 2.3
v 2.1 0.1 2.3
v 2.1 0.1 2.4
v 2.2 0.1 2.4
v 2 0.1 2.3
v 2.1 0.1 2.5
v 1.7 0.1 2.3
v 1.2 0.1 2.3
v 1.1 0.1 2.3
v 1.1 0.1 2.4
v 1.2 0.1 2.4
v 1.2 0.4 2.3
v 1.1 0.4 2.3
v 1.1 0.4 2.6
v 1.2 0.4 2.6
v 1.1 0.5 2.3
v 1 0.5 2.3
v 0.9 0.5 2.3
v 0.9 0.5 2.4
v 0.9 0.2 2.3
v 0.8 0.2 2.3
v 0.8 0.2 2.6
v 0.9 0.2 2.6
v 0.8 0.3 2.3
v 0.7 0.3 2.3
v 0.8 0.5 2.3
v 0.7 0.5 2.3
v 0.7 0.5 2.4
v 0.8 0.5 2.4
v 0.7 0.1 2.3
v 0.6 0.1 2.3
v 0.6 0.1 2.4
v 0.7 0.1 2.4
v 0.6 0.3 2.3
v 0.6 0.3 2.4
v -0.7 0.1 2.3
v -0.8 0.1 2.3
v -0.8 0.1 2.4
v -0.7 0.1 2.4
v -0.8 0.2 2.3
v -0.9 0.2 2.3
v -0.9 0.2 2.4
v -0.8 0.2 2.4
v -0.9 0.1 2.3
v -1 0.1 2.3
v -1 0.1 2.5
v -0.9 0.1 2.5
v -1.2 0.1 2.3
v -1.2 0.1 2.6
v -1 0.1 2.6
v -2.1 0.1 2.3
v -2.2 0.1 2.3
v -2.1 0.1 2.4
v 3.3 0.2 2.2
v 3.2 0.2 2.2
v 3.2 0.2 2.3
v 3.3 0.2 2.3
v 3.3 0.5 2.2
v 3.2 0.5 2.2
v 3.2 0.4 2.2
v 3.1 0.4 2.2
v 3.1 0.4 2.3
v 3.2 0.4 2.3
v 3.1 0.5 2.2
v 3 0.5 2.2
v 3 0.2 2.2
v 2.9 0.2 2.2
v 2.9 0.2 2.3
v 3 0.2 2.3
v 3 0.4 2.2
v 2.9 0.4 2.2
v 2.9 0.4 2.3
v 3 0.4 2.3
v 2 0.1 2.2
v 1.7 0.1 2.2
v 1.1 0.2 2.2
v 1 0.2 2.2
v 1 0.2 2.3
v 1.1 0.2 2.3
v 1.1 0.5 2.2
v 1 0.5 2.2
v 1 0.4 2.2
v 0.9 0.4 2.2
v 0.9 0.4 2.3
v 1 0.4 2.3
v 0.9 0.5 2.2
v 0.8 0.5 2.2
v 0.8 0.2 2.2
v 0.7 0.2 2.2
v 0.7 0.2 2.3
v 0.8 0.4 2.2
v 0.7 0.4 2.2
v 0.7 0.4 2.3
v 0.8 0.4 2.3
v -0.9 0.2 2.2
v -1 0.2 2.2
v -1 0.2 2.3
v 3.2 0.1 2.1
v 3.1 0.1 2.1
v 3.1 0.1 2.2
v 3.2 0.1 2.2
v 3.2 0.3 2.1
v 3.1 0.3 2.1
v 3.1 0.3 2.2
v 3.2 0.3 2.2
v 1 0.1 2.1
v 0.9 0.1 2.1
v 0.9 0.1 2.2
v 1 0.1 2.2
v 1 0.3 2.1
v 0.9 0.3 2.1
v 0.9 0.3 2.2
v 1 0.3 2.2
v -0.8 0.1 2.1
v -0.9 0.1 2.1
v -0.9 0.1 2.2
v -0.8 0.1 2.2
v 2.3 0.1 2
v 2 0.1 2
v 1.8 0.1 2
v 1.7 0.1 2
v 1.8 0.1 2.2
v -1.7 0.1 2
v -1.8 0.1 2
v -1.8 0.1 2.2
v -1.7 0.1 2.2
v -1.9 0.1 2
v -1.9 0.1 2.1
v -1.8 0.1 2.1
v -2 0.1 2
v -2 0.1 2.2
v -1.9 0.1 2.2
v -2.2 0.1 2
v -2 0.1 2.3
v 3.1 0.3 1.9
v 3 0.3 1.9
v 3 0.3 2
v 3.1 0.3 2
v 2.1 0.1 1.9
v 2 0.1 1.9
v 2.1 0.1 2
v 0.9 0.3 1.9
v 0.8 0.3 1.9
v 0.8 0.3 2
v 0.9 0.3 2
v -0.9 0.3 1.9
v -1 0.3 1.9
v -1 0.3 2
v -0.9 0.3 2
v -1.7 0.1 1.9
v -2 0.1 1.9
v 3.4 0.1 1.8
v 3.3 0.1 1.8
v 3.3 0.1 1.9
v 3.4 0.1 1.9
v 3.3 0.4 1.8
v 3.2 0.4 1.8
v 3.2 0.4 1.9
v 3.3 0.4 1.9
v 3.1 0.4 1.8
v 3.1 0.4 2
v 3.2 0.4 2
v 3.1 0.5 1.8
v 3 0.5 1.8
v 3 0.5 1.9
v 3.1 0.5 1.9
v 3 0.1 1.8
v 2.9 0.1 1.8
v 2.9 0.1 1.9
v 3 0.1 1.9
v 1.2 0.1 1.8
v 1.1 0.1 1.8
v 1.1 0.1 1.9
v 1.2 0.1 1.9
v 1 0.3 1.8
v 0.9 0.3 1.8
v 1 0.3 1.9
v 0.8 0.3 1.8
v 0.8 0.1 1.8
v 0.7 0.1 1.8
v 0.7 0.1 1.9
v 0.8 0.1 1.9
v -0.6 0.1 1.8
v -0.7 0.1 1.8
v -0.7 0.1 1.9
v -0.6 0.1 1.9
v -0.8 0.4 1.8
v -0.9 0.4 1.8
v -0.9 0.4 2
v -0.8 0.4 2
v -1 0.1 1.8
v -1.1 0.1 1.8
v -1.1 0.1 1.9
v -1 0.1 1.9
v 3.4 0.1 1.7
v 3.3 0.1 1.7
v 3.4 0.3 1.7
v 3.3 0.3 1.7
v 3.3 0.3 1.8
v 3.4 0.3 1.8
v 3.2 0.5 1.7
v 3.1 0.5 1.7
v 3.2 0.5 1.8
v 3.1 0.4 1.7
v 3 0.4 1.7
v 3 0.4 1.8
v 3 0.5 1.7
v 2.9 0.5 1.7
v 2.9 0.5 1.8
v 2.9 0.2 1.7
v 2.8 0.2 1.7
v 2.8 0.2 1.8
v 2.9 0.2 1.8
v 2.9 0.4 1.7
v 2.8 0.4 1.7
v 2.8 0.4 1.8
v 2.9 0.4 1.8
v 2.3 0.1 1.7
v 2.1 0.1 1.7
v 2 0.1 1.7
v 1.7 0.1 1.7
v -0.6 0.1 1.7
v -0.7 0.1 1.7
v -0.6 0.3 1.7
v -0.7 0.3 1.7
v -0.7 0.3 1.8
v -0.6 0.3 1.8
v -0.6 0.5 1.7
v -0.7 0.5 1.7
v -0.7 0.5 1.8
v -0.6 0.5 1.8
v -0.8 0.3 1.7
v -0.9 0.3 1.7
v -0.9 0.3 1.8
v -0.8 0.3 1.8
v -0.9 0.4 1.7
v -1 0.4 1.7
v -1 0.4 1.9
v -0.9 0.4 1.9
v -1.1 0.2 1.7
v -1.2 0.2 1.7
v -1.2 0.2 1.8
v -1.1 0.2 1.8
v -1.9 0.1 1.7
v -2 0.1 1.7
v -1.9 0.1 1.9
v -2.2 0.1 1.7
v 3.5 0.1 1.6
v 3.4 0.1 1.6
v 3.5 0.1 1.7
v 3.4 0.3 1.6
v 3.3 0.3 1.6
v 3.2 0.3 1.6
v 3.2 0.3 1.8
v 2.8 0.3 1.6
v 2.8 0.3 1.7
v 3.2 0.3 1.7
v 2.7 0.3 1.6
v 2.7 0.3 1.7
v 2.3 0.1 1.6
v 2 0.1 1.6
v -0.5 0.1 1.6
v -0.6 0.1 1.6
v -0.5 0.1 1.7
v -0.9 0.1 1.6
v -1 0.1 1.6
v -1 0.1 1.7
v -0.9 0.1 1.7
v -1.1 0.5 1.6
v -1.2 0.5 1.6
v -1.2 0.5 1.7
v -1.1 0.5 1.7
v -1.2 0.3 1.6
v -1.3 0.3 1.6
v -1.3 0.3 1.7
v -1.2 0.3 1.7
v -2 0.1 1.6
v -2.2 0.1 1.6
v 3.5 0.3 1.5
v 3.4 0.3 1.5
v 3.5 0.3 1.6
v 3.4 0.2 1.5
v 3.3 0.2 1.5
v 3.3 0.2 1.6
v 3.4 0.2 1.6
v 3.1 0.2 1.5
v 3.1 0.2 1.6
v 3.1 0.5 1.5
v 3 0.5 1.5
v 3 0.5 1.6
v 3.1 0.5 1.6
v 3 0.4 1.5
v 2.9 0.4 1.5
v 2.9 0.4 1.6
v 3 0.4 1.6
v 2.8 0.2 1.5
v 2.7 0.2 1.5
v 2.7 0.2 1.6
v 2.8 0.2 1.6
v -0.5 0.3 1.5
v -0.6 0.3 1.5
v -0.6 0.3 1.6
v -0.5 0.3 1.6
v -0.7 0.4 1.5
v -0.8 0.4 1.5
v -0.8 0.4 1.9
v -0.7 0.4 1.9
v -0.8 0.2 1.5
v -0.9 0.2 1.5
v -0.9 0.2 1.7
v -0.8 0.2 1.7
v -1 0.2 1.5
v -1 0.2 1.6
v -0.9 0.2 1.6
v -1 0.3 1.5
v -1.1 0.3 1.5
v -1.1 0.3 1.8
v -1 0.3 1.8
v -1.1 0.4 1.5
v -1.2 0.4 1.5
v -1.2 0.4 1.6
v -1.1 0.4 1.6
v -1.2 0.2 1.5
v -1.3 0.2 1.5
v -1.3 0.2 1.6
v -1.2 0.2 1.6
v -1.9 0.1 1.5
v -2 0.1 1.5
v 3.4 0.1 1.4
v 3.3 0.1 1.4
v 3.3 0.1 1.5
v 3.4 0.1 1.5
v 3.3 0.2 1.4
v 3.2 0.2 1.4
v 3.2 0.2 1.5
v 3 0.2 1.4
v 3 0.2 1.5
v 3 0.5 1.4
v 2.9 0.5 1.4
v 2.9 0.5 1.5
v 2.9 0.1 1.4
v 2.8 0.1 1.4
v 2.8 0.1 1.5
v 2.9 0.1 1.5
v 2.9 0.3 1.4
v 2.8 0.3 1.4
v 2.9 0.3 1.6
v 2.3 0.1 1.4
v 2.2 0.1 1.4
v 2.2 0.1 1.5
v 2.3 0.1 1.5
v 2 0.1 1.4
v 2.2 0.1 1.6
v 1.7 0.1 1.4
v 1.2 0.1 1.4
v 1.1 0.1 1.4
v 1.1 0.1 1.5
v 1.2 0.1 1.5
v -0.6 0.1 1.4
v -0.7 0.1 1.4
v -0.7 0.1 1.5
v -0.6 0.1 1.5
v -0.6 0.4 1.4
v -0.7 0.4 1.4
v -0.7 0.4 1.7
v -0.6 0.4 1.7
v -0.7 0.5 1.4
v -0.8 0.5 1.4
v -0.8 0.5 1.5
v -0.7 0.5 1.5
v -1 0.5 1.4
v -1.1 0.5 1.4
v -1.1 0.5 1.5
v -1 0.5 1.5
v -1.1 0.1 1.4
v -1.2 0.1 1.4
v -1.2 0.1 1.5
v -1.1 0.1 1.5
v -1.1 0.3 1.4
v -1.2 0.3 1.4
v -1.2 0.3 1.5
v -1.7 0.1 1.4
v -1.9 0.1 1.4
v -1.7 0.1 1.5
v -2 0.1 1.4
v -2.1 0.1 1.4
v -2.1 0.1 1.5
v 3.3 0.2 1.3
v 3.2 0.2 1.3
v 3.3 0.4 1.3
v 3.2 0.4 1.3
v 3.2 0.4 1.4
v 3.3 0.4 1.4
v 3.1 0.2 1.3
v 3 0.2 1.3
v 3.1 0.2 1.4
v 2.9 0.2 1.3
v 2.9 0.2 1.4
v 3 0.4 1.3
v 2.9 0.4 1.3
v 2.9 0.4 1.4
v 3 0.4 1.4
v 2.1 0.1 1.3
v 2 0.1 1.3
v 2.1 0.1 1.4
v 1.7 0.1 1.3
v 0.9 0.1 1.3
v 0.8 0.1 1.3
v 0.8 0.1 1.5
v 0.9 0.1 1.5
v 0.8 0.2 1.3
v 0.7 0.2 1.3
v 0.7 0.2 1.5
v 0.8 0.2 1.5
v -0.7 0.2 1.3
v -0.8 0.2 1.3
v -0.8 0.2 1.4
v -0.7 0.2 1.4
v -0.7 0.5 1.3
v -0.8 0.5 1.3
v -0.8 0.4 1.3
v -0.9 0.4 1.3
v -0.9 0.4 1.5
v -0.9 0.5 1.3
v -1 0.5 1.3
v -0.9 0.5 1.5
v -1 0.2 1.3
v -1.1 0.2 1.3
v -1.1 0.2 1.4
v -1 0.2 1.4
v -1 0.4 1.3
v -1.1 0.4 1.3
v -1.1 0.4 1.4
v -1 0.4 1.4
v 3.2 0.1 1.2
v 3.1 0.1 1.2
v 3.1 0.1 1.3
v 3.2 0.1 1.3
v 3.2 0.3 1.2
v 3.1 0.3 1.2
v 3.1 0.3 1.4
v 3.2 0.3 1.4
v 1.9 0.1 1.2
v 1.7 0.1 1.2
v 1.9 0.1 1.3
v 1 0.1 1.2
v 0.9 0.1 1.2
v 1 0.1 1.3
v -0.8 0.1 1.2
v -0.9 0.1 1.2
v -0.9 0.1 1.3
v -0.8 0.1 1.3
v -0.8 0.3 1.2
v -0.9 0.3 1.2
v -0.9 0.3 1.3
v -0.8 0.3 1.3
v 2.3 0.1 1.1
v 2.1 0.1 1.1
v 2 0.1 1.1
v 2 0.1 1.2
v 2.1 0.1 1.2
v 1.8 0.1 1.1
v 1.7 0.1 1.1
v 1.8 0.1 1.2
v -1.7 0.1 1.1
v -2 0.1 1.1
v -2.1 0.1 1.1
v -2.2 0.1 1.1
v -2.2 0.1 1.2
v -2.1 0.1 1.2
v 3.2 0.4 1
v 3.1 0.4 1
v 3.1 0.4 1.1
v 3.2 0.4 1.1
v 3.1 0.3 1
v 3 0.3 1
v 3 0.3 1.1
v 3.1 0.3 1.1
v 1 0.4 1
v 0.9 0.4 1
v 0.9 0.4 1.1
v 1 0.4 1.1
v 0.9 0.3 1
v 0.8 0.3 1
v 0.8 0.3 1.1
v 0.9 0.3 1.1
v -0.9 0.2 1
v -1 0.2 1
v -1 0.2 1.1
v -0.9 0.2 1.1
v 3.4 0.1 0.9
v 3.3 0.1 0.9
v 3.3 0.1 1
v 3.4 0.1 1
v 3.2 0.1 0.9
v 3.1 0.1 0.9
v 3.1 0.1 1
v 3.2 0.1 1
v 3 0.1 0.9
v 3 0.1 1
v 2.9 0.1 0.9
v 2.9 0.1 1
v 1.2 0.1 0.9
v 1.1 0.1 0.9
v 1.1 0.1 1
v 1.2 0.1 1
v 1 0.3 0.9
v 0.9 0.3 0.9
v 1 0.3 1
v 0.8 0.1 0.9
v 0.7 0.1 0.9
v 0.7 0.1 1
v 0.8 0.1 1
v -0.8 0.2 0.9
v -0.9 0.2 0.9
v -0.8 0.2 1
v -0.9 0.1 0.9
v -1 0.1 0.9
v -1 0.1 1
v -0.9 0.1 1
v -1.1 0.1 0.9
v -1.1 0.1 1
v -1.9 0.1 0.9
v -2 0.1 0.9
v -1.9 0.1 1.1
v -2.1 0.1 0.9
v -2.2 0.1 0.9
v 3.4 0.1 0.8
v 3.3 0.1 0.8
v 3.3 0.2 0.8
v 2.9 0.2 0.8
v 2.9 0.2 0.9
v 3.3 0.2 0.9
v 2.8 0.2 0.8
v 2.8 0.2 0.9
v 2.3 0.1 0.8
v 2 0.1 0.8
v 1.7 0.1 0.8
v 1.2 0.1 0.8
v 1.1 0.1 0.8
v 1.2 0.3 0.8
v 1.1 0.3 0.8
v 1.1 0.3 0.9
v 1.2 0.3 0.9
v 0.9 0.2 0.8
v 0.8 0.2 0.8
v 0.8 0.2 1
v 0.9 0.2 1
v 0.7 0.2 0.8
v 0.7 0.2 0.9
v 0.8 0.2 0.9
v 0.6 0.2 0.8
v 0.6 0.2 0.9
v -1.7 0.1 0.8
v -1.9 0.1 0.8
v -2 0.1 0.8
v -2.1 0.1 0.8
v 3.5 0.1 0.7
v 3.4 0.1 0.7
v 3.5 0.1 0.8
v 3.4 0.2 0.7
v 3.3 0.2 0.7
v 3.4 0.2 0.8
v 2.8 0.1 0.7
v 2.7 0.1 0.7
v 2.7 0.1 0.8
v 2.8 0.1 0.8
v 2.8 0.3 0.7
v 2.7 0.3 0.7
v 2.7 0.3 0.8
v 2.8 0.3 0.8
v 1.3 0.1 0.7
v 1.2 0.1 0.7
v 1.3 0.1 0.8
v 1 0.2 0.7
v 0.9 0.2 0.7
v 0.9 0.2 0.9
v 1 0.2 0.9
v 0.7 0.2 0.7
v 0.6 0.2 0.7
v 0.6 0.3 0.7
v 0.5 0.3 0.7
v 0.5 0.3 0.8
v 0.6 0.3 0.8
v -0.5 0.1 0.7
v -0.6 0.1 0.7
v -0.6 0.1 0.8
v -0.5 0.1 0.8
v 3.5 0.3 0.6
v 3.4 0.3 0.6
v 3.4 0.3 0.7
v 3.5 0.3 0.7
v 3.4 0.2 0.6
v 3.3 0.2 0.6
v 2.2 0.1 0.6
v 2.1 0.1 0.6
v 2.1 0.1 0.7
v 2.2 0.1 0.7
v 1.3 0.3 0.6
v 1.2 0.3 0.6
v 1.2 0.3 0.7
v 1.3 0.3 0.7
v 1.1 0.3 0.6
v 0.9 0.1 0.6
v 0.7 0.1 0.6
v 0.7 0.1 0.8
v 0.9 0.1 0.8
v 0.7 0.4 0.6
v 0.6 0.4 0.6
v 0.6 0.4 0.7
v 0.7 0.4 0.7
v 0.6 0.2 0.6
v 0.5 0.2 0.6
v 0.5 0.2 0.7
v -0.5 0.3 0.6
v -0.6 0.3 0.6
v -0.6 0.3 0.7
v -0.5 0.3 0.7
v -0.8 0.1 0.6
v -0.9 0.1 0.6
v -0.8 0.1 0.9
v -1.2 0.2 0.6
v -1.3 0.2 0.6
v -1.3 0.2 0.7
v -1.2 0.2 0.7
v 3.4 0.1 0.5
v 3.3 0.1 0.5
v 3.3 0.1 0.6
v 3.4 0.1 0.6
v 3.3 0.2 0.5
v 3.2 0.2 0.5
v 3.2 0.2 0.6
v 3.2 0.1 0.5
v 3.1 0.1 0.5
v 3.1 0.1 0.6
v 3.2 0.1 0.6
v 3.1 0.4 0.5
v 3 0.4 0.5
v 3 0.4 0.6
v 3.1 0.4 0.6
v 3 0.1 0.5
v 2.9 0.1 0.5
v 2.9 0.1 0.6
v 3 0.1 0.6
v 3 0.5 0.5
v 2.9 0.5 0.5
v 2.9 0.5 0.6
v 3 0.5 0.6
v 2.8 0.1 0.5
v 2.9 0.1 0.8
v 2.3 0.1 0.5
v 2.2 0.1 0.5
v 2.2 0.1 0.8
v 2.1 0.1 0.5
v 2 0.1 0.5
v 2.1 0.1 0.8
v 1.9 0.1 0.5
v 1.9 0.1 0.7
v 2 0.1 0.7
v 1.7 0.1 0.5
v 1.9 0.1 0.8
v 1.2 0.1 0.5
v 1.1 0.1 0.5
v 1.1 0.1 0.6
v 1.2 0.1 0.6
v 1.2 0.4 0.5
v 1.1 0.4 0.5
v 1.1 0.4 0.6
v 1.2 0.4 0.6
v 1.1 0.3 0.5
v 1 0.3 0.5
v 0.9 0.3 0.5
v 0.8 0.3 0.5
v 0.8 0.3 0.6
v 0.9 0.3 0.6
v 0.7 0.3 0.5
v 0.7 0.3 0.6
v 0.8 0.5 0.5
v 0.7 0.5 0.5
v 0.7 0.5 0.6
v 0.8 0.5 0.6
v 0.7 0.1 0.5
v 0.6 0.1 0.5
v 0.6 0.1 0.6
v 0.6 0.3 0.5
v 0.6 0.3 0.6
v -1.1 0.1 0.5
v -1.2 0.1 0.5
v -1.2 0.1 0.7
v -1.1 0.1 0.7
v -1.7 0.1 0.5
v -1.9 0.1 0.5
v -2.1 0.1 0.5
v -2.2 0.1 0.5
v -2.2 0.1 0.8
v 3.3 0.2 0.4
v 3.2 0.2 0.4
v 1.1 0.2 0.4
v 1 0.2 0.4
v 1 0.2 0.5
v 1.1 0.2 0.5
v 0.9 0.5 0.4
v 0.8 0.5 0.4
v 0.9 0.5 0.5
v 0.8 0.2 0.4
v 0.7 0.2 0.4
v 0.7 0.2 0.5
v 0.8 0.2 0.5
v 0.8 0.4 0.4
v 0.7 0.4 0.4
v 0.7 0.4 0.5
v 0.8 0.4 0.5
v 3.2 0.1 0.3
v 3.1 0.1 0.3
v 3.1 0.1 0.4
v 3.2 0.1 0.4
v 3.2 0.3 0.3
v 3.1 0.3 0.3
v 3.1 0.3 0.4
v 3.2 0.3 0.4
v 1 0.1 0.3
v 0.9 0.1 0.3
v 0.9 0.1 0.4
v 1 0.1 0.4
v 1 0.3 0.3
v 0.9 0.3 0.3
v 0.9 0.3 0.7
v 1 0.3 0.7
v -1.8 0.1 0.3
v -1.9 0.1 0.3
v -1.9 0.1 0.4
v -1.8 0.1 0.4
v 2.3 0.1 0.2
v 2.2 0.1 0.2
v 2.1 0.1 0.2
v 2.1 0.1 0.3
v 2.2 0.1 0.3
v 2 0.1 0.2
v 1.7 0.1 0.2
v -1.7 0.1 0.2
v -1.8 0.1 0.2
v -1.8 0.1 0.5
v -1.9 0.1 0.2
v -2 0.1 0.2
v -2 0.1 0.5
v -2.2 0.1 0.2
v 2.1 0.1 0.1
v 2 0.1 0.1
v 1.7 0.1 0.1
v -1.7 0.1 0
v -2 0.1 0
v -2.2 0.1 0
v 4 0.1 -0.1
v 3.9 0.1 -0.1
v 3.9 0.1 0
v 4 0.1 0
v 4 0.5 -0.1
v 3.8 0.5 -0.1
v 3.8 0.5 0
v 4 0.5 0
v 3.7 0.1 -0.1
v 3.6 0.1 -0.1
v 3.6 0.1 0
v 3.7 0.1 0
v 3.6 0.2 -0.1
v 3.5 0.2 -0.1
v 3.5 0.2 0
v 3.6 0.2 0
v 3.4 0.2 -0.1
v 3.2 0.2 -0.1
v 3.2 0.2 0
v 3.4 0.2 0
v 3.1 0.2 -0.1
v 3 0.2 -0.1
v 3 0.2 0
v 3.1 0.2 0
v 3 0.1 -0.1
v 2.9 0.1 -0.1
v 2.9 0.1 0
v 3 0.1 0
v 3.1 0.5 -0.1
v 2.9 0.5 -0.1
v 2.9 0.5 0
v 3.1 0.5 0
v 2.7 0.3 -0.1
v 2.6 0.3 -0.1
v 2.6 0.3 0
v 2.7 0.3 0
v 2.8 0.5 -0.1
v 2.6 0.5 -0.1
v 2.6 0.5 0
v 2.8 0.5 0
v 2.4 0.1 -0.1
v 2.3 0.1 -0.1
v 2.3 0.1 0
v 2.4 0.1 0
v 2.5 0.5 -0.1
v 2.3 0.5 -0.1
v 2.3 0.5 0
v 2.5 0.5 0
v 2 0.1 -0.1
v 2 0.1 0
v 1.8 0.1 -0.1
v 1.7 0.1 -0.1
v 1.8 0.1 0.1
v 1.7 0.5 -0.1
v 1.5 0.5 -0.1
v 1.5 0.5 0
v 1.7 0.5 0
v 1.3 0.3 -0.1
v 1.2 0.3 -0.1
v 1.2 0.3 0
v 1.3 0.3 0
v 1.4 0.5 -0.1
v 1.2 0.5 -0.1
v 1.2 0.5 0
v 1.4 0.5 0
v 1.1 0.1 -0.1
v 1 0.1 -0.1
v 1 0.1 0
v 1.1 0.1 0
v 1.1 0.3 -0.1
v 1 0.3 -0.1
v 1 0.3 0
v 1.1 0.3 0
v 1.1 0.5 -0.1
v 0.9 0.5 -0.1
v 0.9 0.5 0
v 1.1 0.5 0
v 0.8 0.2 -0.1
v 0.7 0.2 -0.1
v 0.7 0.2 0
v 0.8 0.2 0
v 0.8 0.5 -0.1
v 0.7 0.5 -0.1
v 0.7 0.5 0
v 0.8 0.5 0
v 0.7 0.1 -0.1
v 0.6 0.1 -0.1
v 0.6 0.1 0
v 0.7 0.1 0
v 0.4 0.5 -0.1
v 0.3 0.5 -0.1
v 0.3 0.5 0
v 0.4 0.5 0
v 0.2 0.1 -0.1
v 0.1 0.1 -0.1
v 0.1 0.1 0
v 0.2 0.1 0
v -0.1 0.2 -0.1
v -0.2 0.2 -0.1
v -0.2 0.2 0
v -0.1 0.2 0
v -0.3 0.3 -0.1
v -0.4 0.3 -0.1
v -0.4 0.3 0
v -0.3 0.3 0
v -0.4 0.1 -0.1
v -0.5 0.1 -0.1
v -0.5 0.1 0
v -0.4 0.1 0
v -0.4 0.5 -0.1
v -0.5 0.5 -0.1
v -0.5 0.5 0
v -0.4 0.5 0
v -0.6 0.5 -0.1
v -0.8 0.5 -0.1
v -0.8 0.5 0
v -0.6 0.5 0
v -0.9 0.2 -0.1
v -1.1 0.2 -0.1
v -1.1 0.2 0
v -0.9 0.2 0
v -0.9 0.5 -0.1
v -1.1 0.5 -0.1
v -1.1 0.5 0
v -0.9 0.5 0
v -1.2 0.2 -0.1
v -1.3 0.2 -0.1
v -1.3 0.2 0
v -1.2 0.2 0
v -1.2 0.5 -0.1
v -1.4 0.5 -0.1
v -1.4 0.5 0
v -1.2 0.5 0
v -1.5 0.1 -0.1
v -1.6 0.1 -0.1
v -1.6 0.1 0
v -1.5 0.1 0
v -1.5 0.5 -0.1
v -1.7 0.5 -0.1
v -1.7 0.5 0
v -1.5 0.5 0
v -2.1 0.1 -0.1
v -2.2 0.1 -0.1
v -2.1 0.1 0
v 3.8 0.3 -0.2
v 3.6 0.3 -0.2
v 3.6 0.3 -0.1
v 3.8 0.3 -0.1
v 3.2 0.3 -0.2
v 2.3 0.3 -0.2
v 2.3 0.3 -0.1
v 3.2 0.3 -0.1
v 1.7 0.3 -0.2
v 1.5 0.3 -0.2
v 1.5 0.3 -0.1
v 1.7 0.3 -0.1
v 1.4 0.3 -0.2
v 0.3 0.3 -0.2
v 0.3 0.3 -0.1
v 1.4 0.3 -0.1
v 0 0.2 -0.2
v -0.1 0.2 -0.2
v 0 0.2 -0.1
v -0.3 0.3 -0.2
v -0.8 0.3 -0.2
v -0.8 0.3 -0.1
v -0.9 0.3 -0.2
v -1.6 0.3 -0.2
v -1.6 0.3 -0.1
v -0.9 0.3 -0.1
v 4 0.5 -0.4
v 3.9 0.5 -0.4
v 3.9 0.5 -0.3
v 4 0.5 -0.3
v 3.9 0.3 -0.4
v 3.8 0.3 -0.4
v 3.9 0.3 -0.2
v 2.3 0.1 -0.4
v 2 0.1 -0.4
v 1.8 0.1 -0.4
v 1.7 0.1 -0.4
v 0 0.2 -0.4
v -0.1 0.2 -0.4
v -0.1 0.2 -0.3
v 0 0.2 -0.3
v -1.9 0.1 -0.4
v -2 0.1 -0.4
v -2 0.1 -0.2
v -1.9 0.1 -0.2
v -2.2 0.1 -0.4
v -2 0.1 -0.1
v 2.2 0.1 -0.5
v 2 0.1 -0.5
v 2.2 0.1 -0.4
v 0 0.1 -0.5
v -0.1 0.1 -0.5
v -0.1 0.1 -0.4
v 0 0.1 -0.4
v 2.3 0.1 -0.7
v 2.2 0.1 -0.7
v 2.1 0.1 -0.7
v 2.1 0.1 -0.6
v 2.2 0.1 -0.6
v 2 0.1 -0.7
v 2.1 0.1 -0.5
v 1.9 0.1 -0.7
v 1.9 0.1 -0.5
v 1.8 0.1 -0.7
v 1.8 0.1 -0.6
v 1.9 0.1 -0.6
v 1.7 0.1 -0.7
v -1.7 0.1 -0.7
v -1.9 0.1 -0.7
v -1.7 0.1 -0.4
v -2 0.1 -0.7
v -2 0.1 -0.5
v -1.9 0.1 -0.5
v -2.2 0.1 -0.7
v -2.2 0.1 -0.5
v 0.1 0.1 -0.8
v -0.1 0.1 -0.8
v -0.1 0.1 -0.6
v 0.1 0.1 -0.6
v -1.7 0.1 -0.8
v -1.9 0.1 -0.8
v 2.4 0.1 -1
v 2.3 0.1 -1
v 2.3 0.1 -0.8
v 2.4 0.1 -0.8
v 2.1 0.1 -1
v 2.1 0.1 -0.9
v 2.3 0.1 -0.9
v 2 0.1 -1
v 1.7 0.1 -1
v 1.4 0.1 -1
v 1.4 0.1 -0.8
v 1.7 0.1 -0.8
v 0 0.2 -1
v -0.1 0.2 -1
v -0.1 0.2 -0.9
v 0 0.2 -0.9
v -1.6 0.1 -1
v -1.7 0.1 -1
v -1.6 0.1 -0.8
v -1.9 0.1 -1
v -1.9 0.1 -0.9
v -1.7 0.1 -0.9
v -2 0.1 -1
v -2 0.1 -0.8
v -2.1 0.1 -1
v -2.1 0.1 -0.8
v -2.2 0.1 -1
v -2.1 0.1 -0.7
v 2.5 1.3 -1.1
v 2.4 1.3 -1.1
v 2.4 1.3 -0.8
v 2.5 1.3 -0.8
v 2.4 1.4 -1.1
v 2.2 1.4 -1.1
v 2.2 1.4 -0.8
v 2.4 1.4 -0.8
v 1.9 1.4 -1.1
v 1.9 1.4 -1
v 2.2 1.4 -1
v 2.3 0.1 -1.1
v 1.7 0.1 -1.1
v 1.7 0.4 -1.1
v 1.6 0.4 -1.1
v 1.6 0.4 -1
v 1.7 0.4 -1
v 2 1.1 -1.1
v 1.6 1.1 -1.1
v 1.6 1.1 -1
v 2 1.1 -1
v 1.6 1.2 -1.1
v 1.4 1.2 -1.1
v 1.4 1.2 -0.8
v 1.6 1.2 -0.8
v 0.1 0.1 -1.1
v 0 0.1 -1.1
v 0 0.1 -0.9
v 0.1 0.1 -0.9
v -0.1 0.1 -1.1
v -0.1 0.1 -1
v 0 0.1 -1
v -1.6 0.6 -1.1
v -1.7 0.6 -1.1
v -1.7 0.6 -1
v -1.6 0.6 -1
v -1.7 0.1 -1.1
v -2.2 0.1 -1.1
v 3 0.1 -1.2
v 2.6 0.1 -1.2
v 2.6 0.1 -1
v 3 0.1 -1
v 3.2 1.1 -1.2
v 2.6 1.1 -1.2
v 2.6 1.1 -1.1
v 3.2 1.1 -1.1
v 2.4 0.1 -1.2
v 2.6 0.1 -0.8
v 2.4 1.2 -1.2
v 2.3 1.2 -1.2
v 2.3 1.2 -1.1
v 2.4 1.2 -1.1
v 2.2 1.3 -1.2
v 2 1.3 -1.2
v 2 1.3 -1.1
v 2.2 1.3 -1.1
v 2.2 0.1 -1.2
v 1.8 0.1 -1.2
v 1.8 0.1 -1.1
v 2.2 0.1 -1.1
v 1.8 0.2 -1.2
v 1.7 0.2 -1.2
v 1.7 0.2 -1.1
v 1.8 0.2 -1.1
v 1.8 0.4 -1.2
v 1.7 0.4 -1.2
v 1.8 0.4 -1.1
v 1.6 0.4 -1.2
v 2 1.1 -1.2
v 1.6 1.1 -1.2
v 1.6 0.1 -1.2
v 0.8 0.1 -1.2
v 0.8 0.1 -1
v 1.6 0.1 -1
v 1.4 1.1 -1.2
v 0.8 1.1 -1.2
v 0.8 1.1 -1.1
v 1.4 1.1 -1.1
v -1 0.1 -1.2
v -1.4 0.1 -1.2
v -1.4 0.1 -1
v -1 0.1 -1
v -1.6 0.1 -1.2
v -1.4 0.1 -0.8
v -1.7 0.5 -1.2
v -1.8 0.5 -1.2
v -1.8 0.5 -1.1
v -1.7 0.5 -1.1
v -1.8 0.1 -1.2
v -2.2 0.1 -1.2
v -1.8 0.1 -1.1
v 3.1 1.2 -1.3
v 2.6 1.2 -1.3
v 2.6 1.2 -1.2
v 3.1 1.2 -1.2
v 2.8 0.4 -1.3
v 2.5 0.4 -1.3
v 2.5 0.4 -1.1
v 2.8 0.4 -1.1
v 2.5 1.2 -1.3
v 2.5 1.2 -0.8
v 2.6 1.2 -0.8
v 2.4 1.2 -1.3
v 2.5 1.2 -1.1
v 2.3 1.2 -1.3
v 2.3 1.4 -1.3
v 2.2 1.4 -1.3
v 2.3 1.4 -1.1
v 2 1.4 -1.3
v 2 1.4 -1.2
v 2.2 1.4 -1.2
v 2.2 0.1 -1.3
v 1.8 0.1 -1.3
v 2 1.3 -1.3
v 1.8 1.3 -1.3
v 1.8 1.3 -1.2
v 1.5 1.2 -1.3
v 1.4 1.2 -1.3
v 1.5 1.2 -1.1
v 1.5 0.4 -1.3
v 1.2 0.4 -1.3
v 1.2 0.4 -1.1
v 1.5 0.4 -1.1
v 1.4 1 -1.3
v 1.2 1 -1.3
v 1.2 1 -1.2
v 1.4 1 -1.2
v 1.2 1.2 -1.3
v 1.1 1.2 -1.3
v 1.1 1.2 -1.2
v 1.2 1.2 -1.2
v 1.1 1.1 -1.3
v 1 1.1 -1.3
v 1 1.1 -1.2
v 1.1 1.1 -1.2
v 1 1.2 -1.3
v 0.8 1.2 -1.3
v 0.8 1.2 -1.2
v 1 1.2 -1.2
v 0.1 0.1 -1.3
v -0.1 0.1 -1.3
v -0.1 0.1 -1.2
v 0.1 0.1 -1.2
v -1 0.4 -1.3
v -1.1 0.4 -1.3
v -1.1 0.4 -1.2
v -1 0.4 -1.2
v -1.1 0.6 -1.3
v -1.2 0.6 -1.3
v -1.2 0.6 -1.2
v -1.1 0.6 -1.2
v -1.2 0.4 -1.3
v -1.5 0.4 -1.3
v -1.5 0.4 -1.1
v -1.2 0.4 -1.1
v -1.5 0.5 -1.3
v -1.6 0.5 -1.3
v -1.6 0.5 -1.2
v -1.5 0.5 -1.2
v -1.7 0.5 -1.3
v -1.6 0.5 -1.1
v -1.8 0.5 -1.3
v -1.8 0.4 -1.3
v -2 0.4 -1.3
v -2 0.4 -1.2
v -1.8 0.4 -1.2
v -2 0.5 -1.3
v -2.1 0.5 -1.3
v -2.1 0.5 -1.2
v -2 0.5 -1.2
v -2.2 0.5 -1.3
v -2.2 0.5 -1.2
v 3.2 1.2 -1.4
v 3.1 1.2 -1.4
v 3.2 1.2 -1.2
v 3 1.3 -1.4
v 2.6 1.3 -1.4
v 2.6 1.3 -1.3
v 3 1.3 -1.3
v 1.6 1.3 -1.4
v 1.5 1.3 -1.4
v 1.5 1.3 -1.1
v 1.6 1.3 -1.1
v 1.4 0.1 -1.4
v 1.1 0.1 -1.4
v 1.1 0.1 -1.3
v 1.4 0.1 -1.3
v 0.8 1.3 -1.4
v 0.8 1.3 -1.3
v 1.5 1.3 -1.3
v 0.1 0.2 -1.4
v 0 0.2 -1.4
v 0 0.2 -1.3
v 0.1 0.2 -1.3
v 0.1 0.5 -1.4
v 0 0.5 -1.4
v 0 0.5 -1.2
v 0.1 0.5 -1.2
v 0 0.1 -1.4
v -0.1 0.1 -1.4
v 0 0.1 -1.3
v 3.1 1.3 -1.5
v 3 1.3 -1.5
v 3.1 1.3 -1.3
v 3 0.6 -1.5
v 2.9 0.6 -1.5
v 2.9 0.6 -1.4
v 3 0.6 -1.4
v 3 1.4 -1.5
v 2.9 1.4 -1.5
v 2.9 1.4 -1.4
v 3 1.4 -1.4
v 2.9 1.1 -1.5
v 2.7 1.1 -1.5
v 2.7 1.1 -1.4
v 2.9 1.1 -1.4
v 2.7 1.3 -1.5
v 2.6 1.3 -1.5
v 2.7 1.3 -1.4
v 1.9 1.4 -1.5
v 1.8 1.4 -1.5
v 1.8 1.4 -1.3
v 1.9 1.4 -1.3
v 1.7 1.4 -1.5
v 1.7 1.4 -1.2
v 1.8 1.4 -1.2
v 1.6 1.4 -1.5
v 1.6 1.4 -1.1
v 1.7 1.4 -1.1
v 2.5 0.1 -1.5
v 1.4 0.1 -1.5
v 2.5 0.1 -1.3
v 1.4 0.2 -1.5
v 1.3 0.2 -1.5
v 1.3 0.2 -1.4
v 1.4 0.2 -1.4
v 1.3 1.4 -1.5
v 1.3 1.4 -1.4
v 1.6 1.4 -1.4
v 1.3 1.3 -1.5
v 1.1 1.3 -1.5
v 1.1 1.3 -1.4
v 1.3 1.3 -1.4
v 1.1 1.4 -1.5
v 0.8 1.4 -1.5
v 0.8 1.4 -1.4
v 1.1 1.4 -1.4
v 0.2 0.3 -1.5
v 0.1 0.3 -1.5
v 0.1 0.3 -1
v 0.2 0.3 -1
v 3 0.7 -1.6
v 2.9 0.7 -1.6
v 2.9 0.7 -1.5
v 3 0.7 -1.5
v 3.2 1.5 -1.6
v 2.8 1.5 -1.6
v 2.8 1.5 -1.5
v 3.2 1.5 -1.5
v 2.9 1.2 -1.6
v 2.7 1.2 -1.6
v 2.7 1.2 -1.5
v 2.9 1.2 -1.5
v 2.5 0.2 -1.6
v 2.4 0.2 -1.6
v 2.4 0.2 -1.5
v 2.5 0.2 -1.5
v 2 0.2 -1.6
v 1.9 0.2 -1.6
v 1.9 0.2 -1.5
v 2 0.2 -1.5
v 1.1 1.5 -1.6
v 0.8 1.5 -1.6
v 0.8 1.5 -1.5
v 1.1 1.5 -1.5
v 0.1 0.2 -1.6
v -0.1 0.2 -1.6
v -0.1 0.2 -1.5
v 0.1 0.2 -1.5
v -1 0.4 -1.6
v -1.1 0.4 -1.6
v 3.2 1.6 -1.7
v 2.8 1.6 -1.7
v 2.8 1.6 -1.6
v 3.2 1.6 -1.6
v 2.6 0.1 -1.7
v 2.5 0.1 -1.7
v 2.6 0.1 -1.3
v 1.6 0.1 -1.7
v 1.3 0.1 -1.7
v 1.3 0.1 -1.5
v 1.6 0.1 -1.5
v 1.2 1.5 -1.7
v 1.1 1.5 -1.7
v 1.2 1.5 -1.6
v 0.9 1.6 -1.7
v 0.8 1.6 -1.7
v 0.8 1.6 -1.6
v 0.9 1.6 -1.6
v 0.1 0.5 -1.7
v 0 0.5 -1.7
v 0 0.5 -1.6
v 0.1 0.5 -1.6
v 0 0.2 -1.7
v -0.1 0.2 -1.7
v 0 0.2 -1.6
v -1 0.7 -1.7
v -1.1 0.7 -1.7
v -1.1 0.7 -1.6
v -1 0.7 -1.6
v 3.2 1.7 -1.8
v 2.9 1.7 -1.8
v 2.9 1.7 -1.7
v 3.2 1.7 -1.7
v 2.9 1.6 -1.8
v 2.8 1.6 -1.8
v 2.9 1.6 -1.7
v 2.6 0.2 -1.8
v 2.5 0.2 -1.8
v 2.5 0.2 -1.7
v 2.6 0.2 -1.7
v 2.1 0.1 -1.8
v 2 0.1 -1.8
v 2 0.1 -1.5
v 2.1 0.1 -1.5
v 1.8 0.1 -1.8
v 1.6 0.1 -1.8
v 1.8 0.1 -1.5
v 1.6 0.2 -1.8
v 1.5 0.2 -1.8
v 1.5 0.2 -1.7
v 1.6 0.2 -1.7
v 1.1 1.6 -1.8
v 0.9 1.6 -1.8
v 1.1 1.6 -1.6
v 0.9 1.7 -1.8
v 0.8 1.7 -1.8
v 0.8 1.7 -1.7
v 0.9 1.7 -1.7
v 3.2 0.1 -1.9
v 3 0.1 -1.9
v 3.2 0.1 -1
v 3.2 1.8 -1.9
v 2.8 1.8 -1.9
v 2.8 1.8 -1.8
v 3.2 1.8 -1.8
v 2.7 0.1 -1.9
v 2.6 0.1 -1.9
v 2.7 0.1 -1.3
v 2.1 0.2 -1.9
v 2 0.2 -1.9
v 2 0.2 -1.8
v 2.1 0.2 -1.8
v 1.8 0.2 -1.9
v 1.7 0.2 -1.9
v 1.7 0.2 -1.8
v 1.8 0.2 -1.8
v 1 1.8 -1.9
v 0.8 1.8 -1.9
v 0.8 1.8 -1.8
v 1 1.8 -1.8
v 0.1 0.5 -1.9
v 0 0.5 -1.9
v 0 0.5 -1.8
v 0.1 0.5 -1.8
v 0 0.2 -1.9
v -0.1 0.2 -1.9
v -0.1 0.2 -1.8
v 0 0.2 -1.8
v 3.1 0.4 -2
v 2.9 0.4 -2
v 2.9 0.4 -1.7
v 3.1 0.4 -1.7
v 3 1.3 -2
v 2.9 1.3 -2
v 2.9 1.3 -1.9
v 3 1.3 -1.9
v 3 1.6 -2
v 2.9 1.6 -2
v 2.9 1.6 -1.9
v 3 1.6 -1.9
v 2.9 1.9 -2
v 2.8 1.9 -2
v 2.8 1.9 -1.9
v 2.9 1.9 -1.9
v 2.7 0.2 -2
v 2.6 0.2 -2
v 2.6 0.2 -1.9
v 2.7 0.2 -1.9
v 2.1 0.2 -2
v 2 0.2 -2
v 1.4 0.1 -2
v 1.3 0.1 -2
v 1.4 0.1 -1.7
v 1.2 1.8 -2
v 1 1.8 -2
v 1.2 1.8 -1.8
v 0.1 0.4 -2
v -0.1 0.4 -2
v -0.1 0.4 -1.9
v 0.1 0.4 -1.9
v 2.9 2 -2.1
v 2.8 2 -2.1
v 2.8 2 -2
v 2.9 2 -2
v 2.8 1.2 -2.1
v 2.7 1.2 -2.1
v 2.8 1.2 -1.6
v 1.7 0.1 -2.1
v 1.5 0.1 -2.1
v 1.5 0.1 -1.8
v 1.7 0.1 -1.8
v 1.4 0.2 -2.1
v 1.3 0.2 -2.1
v 1.3 0.2 -2
v 1.4 0.2 -2
v 0.2 0.3 -2.1
v 0.1 0.3 -2.1
v 0.1 0.3 -1.6
v 0.2 0.3 -1.6
v -0.1 0.3 -2.1
v -0.2 0.3 -2.1
v -0.2 0.3 -1.3
v -0.1 0.3 -1.3
v -0.8 0.1 -2.1
v -1 0.1 -2.1
v -0.8 0.1 -1
v 3.1 0.1 -2.2
v 3 0.1 -2.2
v 3.1 0.1 -1.9
v 3 0.4 -2.2
v 2.9 0.4 -2.2
v 3 0.4 -2
v 3 1.1 -2.2
v 2.9 1.1 -2.2
v 2.9 1.1 -2
v 3 1.1 -2
v 3 1.6 -2.2
v 2.9 1.6 -2.2
v 2.9 1.6 -2.1
v 3 1.6 -2.1
v 3.1 2 -2.2
v 2.9 2 -2.2
v 3.1 2 -2
v 2.9 0.1 -2.2
v 2.7 0.1 -2.2
v 2.9 0.1 -1.3
v 2.6 0.1 -2.2
v 2.6 0.1 -2
v 2.7 0.1 -2
v 2.5 0.1 -2.2
v 2.5 0.1 -1.8
v 2.6 0.1 -1.8
v 2.4 0.1 -2.2
v 2.4 0.1 -1.6
v 2.5 0.1 -1.6
v 2.1 0.1 -2.2
v 2.4 0.1 -1.5
v 2 0.1 -2.2
v 2 0.1 -2
v 2.1 0.1 -2
v 1.9 0.1 -2.2
v 1.9 0.1 -1.6
v 2 0.1 -1.6
v 1.8 0.1 -2.2
v 1.9 0.1 -1.5
v 1.7 0.1 -2.2
v 1.7 0.1 -1.9
v 1.8 0.1 -1.9
v 1.7 0.2 -2.2
v 1.6 0.2 -2.2
v 1.6 0.2 -2.1
v 1.7 0.2 -2.1
v 1.6 0.1 -2.2
v 1.5 0.1 -2.2
v 1.6 0.1 -2.1
v 1.4 0.1 -2.2
v 1.5 0.1 -1.7
v 1.3 0.1 -2.2
v 1.3 0.1 -2.1
v 1.4 0.1 -2.1
v 1.1 0.1 -2.2
v 1.3 0.1 -1.4
v 1.1 1.8 -2.2
v 1 1.8 -2.2
v 1.1 1.8 -2
v 1.1 0.4 -2.2
v 0.9 0.4 -2.2
v 0.9 0.4 -1.7
v 1.1 0.4 -1.7
v 1 2 -2.2
v 0.9 2 -2.2
v 0.9 2 -2.1
v 1 2 -2.1
v 1 0.1 -2.2
v 0.8 0.1 -2.2
v 1 0.1 -1.2
v 0.9 1.9 -2.2
v 0.8 1.9 -2.2
v 0.8 1.9 -1.9
v 0.9 1.9 -1.9
v 0.1 0.2 -2.2
v 0 0.2 -2.2
v 0 0.2 -2.1
v 0.1 0.2 -2.1
v 0 0.3 -2.2
v -0.1 0.3 -2.2
v 0 0.3 -2.1
v -0.9 0.4 -2.2
v -1.1 0.4 -2.2
v -1.1 0.4 -1.7
v -0.9 0.4 -1.7
v -1.1 0.1 -2.2
v -2.2 0.1 -2.2
v -2.2 0.1 -1.3
v -1.1 0.1 -1.3
v 3.1 1.1 3.9
v 3.1 1.1 4
v 3 1.1 4
v 3 1.1 3.9
v 2.9 1 3.9
v 2.9 1 4
v 2.8 1 4
v 2.8 1 3.9
v 1.1 1.1 3.9
v 1.1 1.1 4
v 1 1.1 4
v 1 1.1 3.9
v 0.9 1 3.9
v 0.9 1 4
v 0.8 1 4
v 0.8 1 3.9
v -0.9 1.1 3.9
v -0.9 1.1 4
v -1 1.1 4
v -1 1.1 3.9
v -1.1 1 3.9
v -1.1 1 4
v -1.2 1 4
v -1.2 1 3.9
v 3.3 0.9 3.8
v 3.3 0.9 3.9
v 3.2 0.9 3.9
v 3.2 0.9 3.8
v 3.3 1.1 3.9
v 3.2 1.1 3.9
v 3.2 1.1 3.8
v 3.1 0.9 3.8
v 3.1 0.9 3.9
v 2.9 0.9 3.9
v 2.9 0.9 3.8
v 2.9 0.8 3.8
v 2.9 0.8 3.9
v 2.8 0.8 3.9
v 2.8 0.8 3.8
v 2.8 1 3.8
v 2.7 1 3.9
v 2.7 1 3.8
v 1.3 0.9 3.8
v 1.3 0.9 3.9
v 1.2 0.9 3.9
v 1.2 0.9 3.8
v 1.3 1.1 3.9
v 1.2 1.1 3.9
v 1.2 1.1 3.8
v 1.1 0.9 3.8
v 1.1 0.9 3.9
v 0.9 0.9 3.9
v 0.9 0.9 3.8
v 0.9 0.8 3.8
v 0.9 0.8 3.9
v 0.8 0.8 3.9
v 0.8 0.8 3.8
v 0.8 1 3.8
v 0.7 1 3.9
v 0.7 1 3.8
v -0.7 0.9 3.8
v -0.7 0.9 3.9
v -0.8 0.9 3.9
v -0.8 0.9 3.8
v -0.7 1.1 3.9
v -0.8 1.1 3.9
v -0.8 1.1 3.8
v -0.9 0.9 3.8
v -0.9 0.9 3.9
v -1.1 0.9 3.9
v -1.1 0.9 3.8
v -1.1 0.8 3.8
v -1.1 0.8 3.9
v -1.2 0.8 3.9
v -1.2 0.8 3.8
v -1.2 1 3.8
v -1.3 1 3.9
v -1.3 1 3.8
v 3.4 1 3.8
v 3.3 1 3.7
v 3.4 1.2 3.7
v 3.4 1.2 3.8
v 3.3 1.2 3.7
v 3.2 0.8 3.7
v 3.2 0.8 3.9
v 3.1 0.8 3.9
v 3.1 0.8 3.7
v 3 0.8 3.7
v 3 0.8 3.8
v 2.9 0.8 3.7
v 2.8 0.8 3.7
v 2.6 0.8 3.8
v 2.6 0.8 3.7
v 2.7 1 3.7
v 2.6 1 3.8
v 2.6 1 3.7
v 2.7 1.4 3.7
v 2.7 1.4 3.8
v 2.6 1.4 3.8
v 2.6 1.4 3.7
v 1.4 1 3.8
v 1.3 1 3.7
v 1.4 1.2 3.7
v 1.4 1.2 3.8
v 1.3 1.2 3.7
v 1.2 0.8 3.7
v 1.2 0.8 3.9
v 1.1 0.8 3.9
v 1.1 0.8 3.7
v 1 0.8 3.7
v 1 0.8 3.8
v 0.9 0.8 3.7
v 0.8 0.8 3.7
v 0.6 0.8 3.8
v 0.6 0.8 3.7
v 0.7 1 3.7
v 0.6 1 3.8
v 0.6 1 3.7
v 0.7 1.4 3.7
v 0.7 1.4 3.8
v 0.6 1.4 3.8
v 0.6 1.4 3.7
v -0.6 1 3.8
v -0.7 1 3.7
v -0.6 1.2 3.7
v -0.6 1.2 3.8
v -0.7 1.2 3.7
v -0.8 0.8 3.7
v -0.8 0.8 3.9
v -0.9 0.8 3.9
v -0.9 0.8 3.7
v -1 0.8 3.7
v -1 0.8 3.8
v -1.1 0.8 3.7
v -1.2 0.8 3.7
v -1.4 0.8 3.8
v -1.4 0.8 3.7
v -1.3 1 3.7
v -1.4 1 3.8
v -1.4 1 3.7
v -1.3 1.4 3.7
v -1.3 1.4 3.8
v -1.4 1.4 3.8
v -1.4 1.4 3.7
v 3.5 0.9 3.6
v 3.5 0.9 3.7
v 3.4 0.9 3.7
v 3.4 0.9 3.6
v 3.3 0.9 3.7
v 3.3 0.9 3.6
v 3.3 0.8 3.6
v 3.3 0.8 3.8
v 3.2 0.8 3.8
v 3.2 0.8 3.6
v 3.2 0.7 3.6
v 3.2 0.7 3.7
v 3.1 0.7 3.7
v 3.1 0.7 3.6
v 3.1 0 3.6
v 3.1 0 3.7
v 3 0 3.7
v 3 0 3.6
v 3.1 0.7 3.8
v 3 0.7 3.8
v 3 0.7 3.6
v 3 0.7 3.7
v 2.9 0.7 3.7
v 2.9 0.7 3.6
v 2.5 1.4 3.7
v 2 0 3.6
v 2 0 3.8
v 1.7 0 3.8
v 1.7 0 3.6
v 1.5 0.9 3.6
v 1.5 0.9 3.7
v 1.4 0.9 3.7
v 1.4 0.9 3.6
v 1.3 0.9 3.7
v 1.3 0.9 3.6
v 1.3 0.8 3.6
v 1.3 0.8 3.8
v 1.2 0.8 3.8
v 1.2 0.8 3.6
v 1.2 0.7 3.6
v 1.2 0.7 3.7
v 1.1 0.7 3.7
v 1.1 0.7 3.6
v 1.1 0 3.6
v 1.1 0 3.7
v 1 0 3.7
v 1 0 3.6
v 1.1 0.7 3.8
v 1 0.7 3.8
v 1 0.7 3.6
v 1 0.7 3.7
v 0.9 0.7 3.7
v 0.9 0.7 3.6
v 0.5 1.4 3.7
v -0.5 0.9 3.6
v -0.5 0.9 3.7
v -0.6 0.9 3.7
v -0.6 0.9 3.6
v -0.7 0.9 3.7
v -0.7 0.9 3.6
v -0.7 0.8 3.6
v -0.7 0.8 3.8
v -0.8 0.8 3.8
v -0.8 0.8 3.6
v -0.8 0.7 3.6
v -0.8 0.7 3.7
v -0.9 0.7 3.7
v -0.9 0.7 3.6
v -0.9 0 3.6
v -0.9 0 3.7
v -1 0 3.7
v -1 0 3.6
v -0.9 0.7 3.8
v -1 0.7 3.8
v -1 0.7 3.6
v -1 0.7 3.7
v -1.1 0.7 3.7
v -1.1 0.7 3.6
v -1.5 1.4 3.7
v 3.5 1.3 3.5
v 3.5 1.3 3.7
v 3.4 1.3 3.5
v 3.4 0.8 3.5
v 3.4 0.8 3.6
v 3.3 0.8 3.5
v 3.2 0.8 3.5
v 3.2 0 3.5
v 3.2 0 3.6
v 3 0 3.5
v 2.9 0.7 3.5
v 2.9 0.7 3.8
v 2.8 0.7 3.8
v 2.8 0.7 3.5
v 2.9 0 3.5
v 2.9 0 3.6
v 2.7 0 3.6
v 2.7 0 3.5
v 2.8 0.7 3.7
v 2.7 0.7 3.7
v 2.7 0.7 3.5
v 2.7 0.9 3.5
v 2.6 0.9 3.5
v 2.6 1.2 3.6
v 2.5 1.2 3.6
v 2.3 0 3.5
v 2.3 0 3.8
v 2 0 3.5
v 1.9 0 3.5
v 1.9 0 3.6
v 1.7 0 3.5
v 1.5 1.3 3.5
v 1.5 1.3 3.7
v 1.4 1.3 3.5
v 1.4 0.8 3.5
v 1.4 0.8 3.6
v 1.3 0.8 3.5
v 1.2 0.8 3.5
v 1.2 0 3.5
v 1.2 0 3.6
v 1 0 3.5
v 0.9 0.7 3.5
v 0.9 0.7 3.8
v 0.8 0.7 3.8
v 0.8 0.7 3.5
v 0.9 0 3.5
v 0.9 0 3.6
v 0.7 0 3.6
v 0.7 0 3.5
v 0.8 0.7 3.7
v 0.7 0.7 3.7
v 0.7 0.7 3.5
v 0.7 0.9 3.5
v 0.6 0.9 3.5
v 0.6 1.2 3.6
v 0.5 1.2 3.6
v -0.5 1.3 3.5
v -0.5 1.3 3.7
v -0.6 1.3 3.5
v -0.6 0.8 3.5
v -0.6 0.8 3.6
v -0.7 0.8 3.5
v -0.8 0.8 3.5
v -0.8 0 3.5
v -0.8 0 3.6
v -1 0 3.5
v -1.1 0.7 3.5
v -1.1 0.7 3.8
v -1.2 0.7 3.8
v -1.2 0.7 3.5
v -1.1 0 3.5
v -1.1 0 3.6
v -1.3 0 3.6
v -1.3 0 3.5
v -1.2 0.7 3.7
v -1.3 0.7 3.7
v -1.3 0.7 3.5
v -1.3 0.9 3.5
v -1.4 0.9 3.5
v -1.4 1.2 3.6
v -1.5 1.2 3.6
v -1.7 0 3.5
v -1.7 0 3.8
v -2 0 3.8
v -2 0 3.5
v -2.2 0 3.8
v -2.2 0 3.5
v 3.5 1.1 3.4
v 3.4 1.1 3.4
v 3.5 0.9 3.4
v 3.5 0.9 3.5
v 3.3 0.9 3.5
v 3.3 0.9 3.4
v 3.3 0.7 3.4
v 3.3 0.7 3.5
v 3.2 0.7 3.5
v 3.2 0.7 3.4
v 3.2 0 3.4
v 3.1 0 3.5
v 3.1 0 3.4
v 2.9 0 3.4
v 2.8 0 3.5
v 2.8 0 3.4
v 2.9 0.7 3.4
v 2.8 0.7 3.4
v 2.7 0.8 3.4
v 2.7 0.8 3.5
v 2.6 0.8 3.5
v 2.6 0.8 3.4
v 2.6 1 3.4
v 2.6 1 3.6
v 2.5 1 3.6
v 2.5 1 3.4
v 2.3 0 3.4
v 2 0 3.4
v 1.5 1.1 3.4
v 1.4 1.1 3.4
v 1.5 0.9 3.4
v 1.5 0.9 3.5
v 1.3 0.9 3.5
v 1.3 0.9 3.4
v 1.3 0.7 3.4
v 1.3 0.7 3.5
v 1.2 0.7 3.5
v 1.2 0.7 3.4
v 1.2 0 3.4
v 1.1 0 3.5
v 1.1 0 3.4
v 0.9 0 3.4
v 0.8 0 3.5
v 0.8 0 3.4
v 0.9 0.7 3.4
v 0.8 0.7 3.4
v 0.7 0.8 3.4
v 0.7 0.8 3.5
v 0.6 0.8 3.5
v 0.6 0.8 3.4
v 0.6 1 3.4
v 0.6 1 3.6
v 0.5 1 3.6
v 0.5 1 3.4
v -0.5 1.1 3.4
v -0.6 1.1 3.4
v -0.5 0.9 3.4
v -0.5 0.9 3.5
v -0.7 0.9 3.5
v -0.7 0.9 3.4
v -0.7 0.7 3.4
v -0.7 0.7 3.5
v -0.8 0.7 3.5
v -0.8 0.7 3.4
v -0.8 0 3.4
v -0.9 0 3.5
v -0.9 0 3.4
v -1.1 0 3.4
v -1.2 0 3.5
v -1.2 0 3.4
v -1.1 0.7 3.4
v -1.2 0.7 3.4
v -1.3 0.8 3.4
v -1.3 0.8 3.5
v -1.4 0.8 3.5
v -1.4 0.8 3.4
v -1.4 1 3.4
v -1.4 1 3.6
v -1.5 1 3.6
v -1.5 1 3.4
v 3.4 0.9 3.3
v 3.4 0.9 3.4
v 3.3 0.9 3.3
v 3.3 0 3.3
v 3.3 0 3.5
v 3.2 0 3.3
v 3.3 0.8 3.3
v 3.3 0.8 3.4
v 3.2 0.8 3.4
v 3.2 0.8 3.3
v 3.2 0.7 3.3
v 3.1 0.7 3.3
v 3.1 0.7 3.4
v 3 0.7 3.4
v 3 0.7 3.3
v 3 0 3.3
v 2.9 0 3.7
v 2.9 0 3.3
v 2.8 0.7 3.3
v 2.7 0.9 3.3
v 2.7 0.9 3.4
v 2.6 0.9 3.4
v 2.6 0.9 3.3
v 2.5 1.2 3.3
v 1.4 0.9 3.3
v 1.4 0.9 3.4
v 1.3 0.9 3.3
v 1.3 0 3.3
v 1.3 0 3.5
v 1.2 0 3.3
v 1.3 0.8 3.3
v 1.3 0.8 3.4
v 1.2 0.8 3.4
v 1.2 0.8 3.3
v 1.2 0.7 3.3
v 1.1 0.7 3.3
v 1.1 0.7 3.4
v 1 0.7 3.4
v 1 0.7 3.3
v 1 0 3.3
v 0.9 0 3.7
v 0.9 0 3.3
v 0.8 0.7 3.3
v 0.7 0.9 3.3
v 0.7 0.9 3.4
v 0.6 0.9 3.4
v 0.6 0.9 3.3
v 0.5 1.2 3.3
v -0.6 0.9 3.3
v -0.6 0.9 3.4
v -0.7 0.9 3.3
v -0.7 0 3.3
v -0.7 0 3.5
v -0.8 0 3.3
v -0.7 0.8 3.3
v -0.7 0.8 3.4
v -0.8 0.8 3.4
v -0.8 0.8 3.3
v -0.8 0.7 3.3
v -0.9 0.7 3.3
v -0.9 0.7 3.4
v -1 0.7 3.4
v -1 0.7 3.3
v -1 0 3.3
v -1.1 0 3.7
v -1.1 0 3.3
v -1.2 0.7 3.3
v -1.3 0.9 3.3
v -1.3 0.9 3.4
v -1.4 0.9 3.4
v -1.4 0.9 3.3
v -1.5 1.2 3.3
v 3.4 1.4 3.2
v 3.4 1.4 3.3
v 3.3 1.4 3.3
v 3.3 0.8 3.2
v 3.1 0.8 3.3
v 3.1 0.8 3.2
v 3.1 0 3.2
v 3 0 3.2
v 3.1 0.7 3.2
v 3 0.7 3.2
v 2.9 0 3.2
v 3 0.8 3.2
v 3 0.8 3.3
v 2.9 0.8 3.3
v 2.9 0.8 3.2
v 2.9 0.7 3.2
v 2.9 0.7 3.3
v 2.8 0.7 3.2
v 2.7 1 3.2
v 2.7 1 3.3
v 2.6 1 3.3
v 2.6 1 3.2
v 2.3 0 3.2
v 2.3 0 3.3
v 2.2 0 3.3
v 2.2 0 3.2
v 2.2 0 3.4
v 2 0 3.2
v 1.7 0 3.2
v 1.4 1.4 3.2
v 1.4 1.4 3.3
v 1.3 1.4 3.3
v 1.3 0.8 3.2
v 1.1 0.8 3.3
v 1.1 0.8 3.2
v 1.1 0 3.2
v 1 0 3.2
v 1.1 0.7 3.2
v 1 0.7 3.2
v 0.9 0 3.2
v 1 0.8 3.2
v 1 0.8 3.3
v 0.9 0.8 3.3
v 0.9 0.8 3.2
v 0.9 0.7 3.2
v 0.9 0.7 3.3
v 0.8 0.7 3.2
v 0.7 1 3.2
v 0.7 1 3.3
v 0.6 1 3.3
v 0.6 1 3.2
v -0.6 1.4 3.2
v -0.6 1.4 3.3
v -0.7 1.4 3.3
v -0.7 0.8 3.2
v -0.9 0.8 3.3
v -0.9 0.8 3.2
v -0.9 0 3.2
v -1 0 3.2
v -0.9 0.7 3.2
v -1 0.7 3.2
v -1.1 0 3.2
v -1 0.8 3.2
v -1 0.8 3.3
v -1.1 0.8 3.3
v -1.1 0.8 3.2
v -1.1 0.7 3.2
v -1.1 0.7 3.3
v -1.2 0.7 3.2
v -1.3 1 3.2
v -1.3 1 3.3
v -1.4 1 3.3
v -1.4 1 3.2
v -1.7 0 3.2
v -2 0 3.2
v -2 0 3.4
v -2.1 0 3.4
v -2.1 0 3.2
v -2.1 0 3.5
v -2.2 0 3.2
v 3.3 1 3.1
v 3.3 1 3.2
v 3.2 1 3.2
v 3.2 1 3.1
v 3.3 1.3 3.1
v 3.3 1.3 3.2
v 3.2 1.3 3.2
v 3.2 0.8 3.1
v 3.2 0.8 3.2
v 3.1 0.8 3.1
v 3 0.9 3.1
v 3 0.9 3.2
v 2.8 0.8 3.1
v 2.8 0.8 3.5
v 2.7 0.8 3.1
v 2.8 1 3.2
v 2.7 1 3.1
v 1.3 1 3.1
v 1.3 1 3.2
v 1.2 1 3.2
v 1.2 1 3.1
v 1.3 1.3 3.1
v 1.3 1.3 3.2
v 1.2 1.3 3.2
v 1.2 0.8 3.1
v 1.2 0.8 3.2
v 1.1 0.8 3.1
v 1 0.9 3.1
v 1 0.9 3.2
v 0.8 0.8 3.1
v 0.8 0.8 3.5
v 0.7 0.8 3.1
v 0.8 1 3.2
v 0.7 1 3.1
v -0.7 1 3.1
v -0.7 1 3.2
v -0.8 1 3.2
v -0.8 1 3.1
v -0.7 1.3 3.1
v -0.7 1.3 3.2
v -0.8 1.3 3.2
v -0.8 0.8 3.1
v -0.8 0.8 3.2
v -0.9 0.8 3.1
v -1 0.9 3.1
v -1 0.9 3.2
v -1.2 0.8 3.1
v -1.2 0.8 3.5
v -1.3 0.8 3.1
v -1.2 1 3.2
v -1.3 1 3.1
v -1.8 0 3.1
v -1.8 0 3.2
v -1.9 0 3.2
v -1.9 0 3.1
v 3.2 1.1 3
v 3.1 1.1 3.1
v 3.1 1.1 3
v 3.1 0.9 3
v 3.1 0.9 3.2
v 3 0.9 3
v 2.9 0.9 3
v 2.9 0.9 3.1
v 2.8 0.9 3
v 2.9 1.1 3
v 2.9 1.1 3.1
v 2.8 1.1 3
v 2 0 3
v 1.7 0 3
v 1.2 1.1 3
v 1.1 1.1 3.1
v 1.1 1.1 3
v 1.1 0.9 3
v 1.1 0.9 3.2
v 1 0.9 3
v 0.9 0.9 3
v 0.9 0.9 3.1
v 0.8 0.9 3
v 0.9 1.1 3
v 0.9 1.1 3.1
v 0.8 1.1 3
v -0.8 1.1 3
v -0.9 1.1 3.1
v -0.9 1.1 3
v -0.9 0.9 3
v -0.9 0.9 3.2
v -1 0.9 3
v -1.1 0.9 3
v -1.1 0.9 3.1
v -1.2 0.9 3
v -1.1 1.1 3
v -1.1 1.1 3.1
v -1.2 1.1 3
v -2.1 0 3
v -2.2 0 3
v 2.3 0 2.9
v 2 0 2.9
v 1.9 0 2.9
v 1.9 0 3
v 1.7 0 2.9
v -1.7 0 2.9
v -1.8 0 2.9
v -1.8 0 3
v -2 0 3
v -2 0 2.9
v -2.1 0 2.9
v 3.2 0.3 2.8
v 3.2 0.3 2.9
v 3.1 0.1 2.8
v 3.1 0.1 2.9
v 3 0.1 2.9
v 2 0 2.8
v 1.7 0 2.8
v 1 0.3 2.9
v 0.9 0.1 2.8
v 0.9 0.1 2.9
v 0.8 0.1 2.9
v -0.8 0.3 2.8
v -0.8 0.3 2.9
v -0.9 0.1 2.8
v -0.9 0.1 2.9
v -1 0.1 2.9
v 3.4 0 2.7
v 3.4 0 2.8
v 3.3 0 2.8
v 3.3 0 2.7
v 3.3 0.3 2.8
v 3.2 0.3 2.7
v 3.1 0 2.7
v 3.1 0 2.8
v 3 0 2.8
v 3 0 2.7
v 1.2 0 2.7
v 1.2 0 2.8
v 1.1 0 2.8
v 1.1 0 2.7
v 0.9 0 2.7
v 0.9 0 2.8
v 0.8 0 2.8
v 0.8 0 2.7
v -0.6 0 2.7
v -0.6 0 2.8
v -0.7 0 2.8
v -0.7 0 2.7
v -0.9 0 2.7
v -0.9 0 2.8
v -1 0 2.8
v -1 0 2.7
v -1.9 0 2.7
v -1.9 0 2.9
v -2 0 2.7
v 3.4 0 2.6
v 3.3 0 2.6
v 3.4 0.2 2.6
v 3.4 0.2 2.7
v 3.3 0.2 2.7
v 3.3 0.2 2.6
v 3.4 0.4 2.7
v 2.9 0.3 2.6
v 2.9 0.3 2.7
v 2.8 0.3 2.7
v 2.3 0 2.6
v 2 0 2.6
v 2 0 2.7
v 1.9 0 2.7
v 1.9 0 2.6
v 1.9 0 2.8
v 1.7 0 2.6
v 1.2 0 2.6
v 1.1 0 2.6
v 1.2 0.2 2.6
v 1.2 0.2 2.7
v 1.1 0.2 2.7
v 1.1 0.2 2.6
v 1.2 0.4 2.7
v 1.1 0.4 2.7
v 0.7 0.3 2.6
v 0.7 0.3 2.7
v 0.6 0.3 2.7
v -0.6 0 2.6
v -0.7 0 2.6
v -0.8 0 2.7
v -0.8 0 2.6
v -0.8 0 2.8
v -0.9 0 2.6
v -1.7 0 2.6
v -1.9 0 2.6
v -2 0 2.6
v -2.2 0 2.9
v -2.2 0 2.6
v 3.5 0 2.5
v 3.5 0 2.6
v 3.3 0 2.5
v 2.8 0 2.5
v 2.8 0 2.6
v 2.7 0 2.6
v 2.7 0 2.5
v 2.2 0 2.5
v 2.2 0 2.6
v 2 0 2.5
v 1.3 0 2.5
v 1.3 0 2.6
v 1.1 0 2.5
v 0.8 0.5 2.6
v 0.8 0.5 2.5
v 0.6 0 2.5
v 0.6 0 2.6
v 0.5 0 2.6
v 0.5 0 2.5
v -1.2 0 2.5
v -1.2 0 2.6
v -1.3 0 2.6
v -1.3 0 2.5
v 3.5 0.1 2.4
v 2.8 0.1 2.5
v 2.7 0.1 2.5
v 2.7 0.1 2.4
v 1.3 0.1 2.4
v 0.6 0.1 2.5
v 0.5 0.1 2.5
v 0.5 0.1 2.4
v -1.2 0.1 2.4
v -1.2 0.1 2.5
v -1.3 0.1 2.5
v -1.3 0.1 2.4
v -2 0 2.4
v -2.2 0 2.4
v 3.4 0 2.3
v 3.4 0 2.5
v 3.3 0 2.3
v 3.4 0.3 2.3
v 3.3 0.3 2.4
v 3.3 0.3 2.3
v 3.2 0 2.7
v 3.2 0 2.3
v 3 0 2.3
v 2.9 0 2.8
v 2.9 0 2.3
v 2.9 0 2.7
v 2.8 0 2.7
v 2.8 0 2.3
v 2.9 0.2 2.4
v 2.8 0.2 2.3
v 2.3 0 2.3
v 2.2 0 2.3
v 2.2 0 2.4
v 2.1 0 2.4
v 2.1 0 2.3
v 2.1 0 2.5
v 2 0 2.3
v 1.7 0 2.3
v 1.2 0 2.3
v 1.2 0 2.5
v 1.1 0 2.3
v 1.2 0.3 2.3
v 1.1 0.3 2.4
v 1.1 0.3 2.3
v 1 0 2.7
v 1 0 2.3
v 0.8 0 2.3
v 0.7 0 2.8
v 0.7 0 2.3
v 0.8 0.4 2.4
v 0.7 0 2.7
v 0.6 0 2.7
v 0.6 0 2.3
v 0.7 0.2 2.4
v 0.6 0.2 2.3
v -0.7 0 2.3
v -0.7 0 2.4
v -0.9 0 2.4
v -0.9 0 2.3
v -1 0 2.3
v -1.1 0 2.8
v -1.1 0 2.3
v -1.1 0 2.7
v -1.2 0 2.7
v -1.2 0 2.3
v -2.1 0 2.3
v -2.1 0 2.4
v -2.2 0 2.3
v 3.3 0.1 2.2
v 3.2 0.1 2.3
v 3.3 0.3 2.2
v 3.2 0.3 2.3
v 3.1 0 2.2
v 3 0 2.2
v 3 0.1 2.2
v 3 0.1 2.3
v 2.9 0.1 2.2
v 3 0.3 2.2
v 3 0.3 2.3
v 2.9 0.3 2.2
v 2 0 2.2
v 1.7 0 2.2
v 1.1 0.1 2.2
v 1 0.1 2.3
v 1.1 0.3 2.2
v 1 0.3 2.3
v 0.9 0 2.2
v 0.8 0 2.2
v 0.8 0.1 2.2
v 0.8 0.1 2.3
v 0.7 0.1 2.2
v 0.8 0.3 2.2
v 0.7 0.3 2.2
v -0.9 0 2.2
v -1 0 2.2
v 3.2 0 2.1
v 3.2 0 2.8
v 3.1 0 2.1
v 3.2 0.2 2.1
v 3.1 0.2 2.2
v 3.1 0.2 2.1
v 1 0 2.1
v 1 0 2.8
v 0.9 0 2.1
v 1 0.2 2.1
v 0.9 0.2 2.2
v 0.9 0.2 2.1
v -0.8 0 2.1
v -0.8 0 2.2
v -0.9 0 2.1
v 2.3 0 2
v 2 0 2
v 1.8 0 2
v 1.8 0 2.2
v 1.7 0 2
v -1.7 0 2
v -1.7 0 2.2
v -1.8 0 2.2
v -1.8 0 2
v -1.8 0 2.1
v -1.9 0 2.1
v -1.9 0 2
v -1.9 0 2.2
v -2 0 2.2
v -2 0 2
v -2 0 2.3
v -2.2 0 2
v 3.2 0.3 1.9
v 3.2 0.3 2
v 3.1 0.1 1.9
v 3.1 0.1 2
v 3 0.1 2
v 2.1 0 1.9
v 2.1 0 2
v 2 0 1.9
v 0.9 0.1 1.9
v 0.9 0.1 2
v 0.8 0.1 2
v -0.8 0.3 1.9
v -0.8 0.3 2
v -0.9 0.1 1.9
v -0.9 0.1 2
v -1 0.1 2
v -1.7 0 1.9
v -2 0 1.9
v 3.4 0 1.8
v 3.4 0 1.9
v 3.3 0 1.9
v 3.3 0 1.8
v 3.3 0.3 1.9
v 3.1 0 1.8
v 3.1 0 1.9
v 3 0 1.9
v 3 0 1.8
v 1.2 0 1.8
v 1.2 0 1.9
v 1.1 0 1.9
v 1.1 0 1.8
v 1 0 1.8
v 1 0 1.9
v 0.9 0 1.9
v 0.9 0 1.8
v 0.8 0 1.9
v 0.8 0 1.8
v 0.7 0 1.9
v 0.7 0 1.8
v -0.6 0 1.8
v -0.6 0 1.9
v -0.7 0 1.9
v -0.7 0 1.8
v -0.7 0.3 1.9
v -0.9 0 1.8
v -0.9 0 1.9
v -1 0 1.9
v -1 0 1.8
v 3.4 0 1.7
v 3.3 0 1.7
v 3.4 0.2 1.7
v 3.4 0.2 1.8
v 3.3 0.2 1.8
v 3.3 0.2 1.7
v 2.9 0.3 1.7
v 2.9 0.3 1.8
v 2.8 0.3 1.8
v 2.3 0 1.7
v 2.1 0 1.7
v 2 0 1.7
v 1.7 0 1.7
v -0.6 0 1.7
v -0.7 0 1.7
v -0.6 0.2 1.7
v -0.6 0.2 1.8
v -0.7 0.2 1.8
v -0.7 0.2 1.7
v -0.6 0.4 1.8
v -0.7 0.4 1.8
v -1.9 0 1.7
v -1.9 0 1.9
v -2 0 1.7
v -2.2 0 1.7
v 3.5 0 1.6
v 3.5 0 1.7
v 3.3 0 1.6
v 2.8 0 1.6
v 2.8 0 1.7
v 2.7 0 1.7
v 2.7 0 1.6
v 2.3 0 1.6
v 2 0 1.6
v -0.5 0 1.6
v -0.5 0 1.7
v -0.7 0 1.6
v -1.2 0 1.6
v -1.2 0 1.7
v -1.3 0 1.7
v -1.3 0 1.6
v -2 0 1.6
v -2.2 0 1.6
v 3.5 0.1 1.5
v 2.8 0.1 1.6
v 2.7 0.1 1.6
v 2.7 0.1 1.5
v -0.5 0.1 1.5
v -1.2 0.1 1.6
v -1.3 0.1 1.6
v -1.3 0.1 1.5
v -1.9 0 1.5
v -2 0 1.5
v 3.4 0 1.4
v 3.4 0 1.6
v 3.3 0 1.4
v 3.2 0 1.8
v 3.2 0 1.4
v 3 0 1.4
v 2.9 0 1.9
v 2.9 0 1.4
v 2.9 0 1.8
v 2.8 0 1.8
v 2.8 0 1.4
v 2.9 0.2 1.5
v 2.8 0.2 1.4
v 2.3 0 1.4
v 2.3 0 1.5
v 2.2 0 1.5
v 2.2 0 1.4
v 2.2 0 1.6
v 2 0 1.4
v 1.7 0 1.4
v 1.2 0 1.4
v 1.2 0 1.5
v 1.1 0 1.5
v 1.1 0 1.4
v 0.8 0 1.4
v 0.8 0 1.5
v 0.7 0 1.5
v 0.7 0 1.4
v -0.6 0 1.4
v -0.6 0 1.6
v -0.7 0 1.4
v -0.6 0.3 1.4
v -0.7 0.3 1.5
v -0.7 0.3 1.4
v -0.8 0 1.8
v -0.8 0 1.4
v -1 0 1.4
v -1.1 0 1.9
v -1.1 0 1.4
v -1.1 0 1.8
v -1.2 0 1.8
v -1.2 0 1.4
v -1.1 0.2 1.5
v -1.2 0.2 1.4
v -1.7 0 1.4
v -1.7 0 1.5
v -1.9 0 1.4
v -2 0 1.4
v -2.1 0 1.5
v -2.1 0 1.4
v 3.3 0.1 1.3
v 3.2 0.1 1.4
v 3.3 0.3 1.3
v 3.3 0.3 1.4
v 3.2 0.3 1.3
v 3.1 0 1.3
v 3 0 1.3
v 3 0.1 1.3
v 3 0.1 1.4
v 2.9 0.1 1.3
v 3 0.3 1.3
v 3 0.3 1.4
v 2.9 0.3 1.3
v 2.1 0 1.3
v 2.1 0 1.4
v 2 0 1.3
v 1.7 0 1.3
v 0.9 0 1.3
v 0.9 0 1.5
v 0.8 0 1.3
v 0.8 0.1 1.4
v 0.7 0.1 1.4
v 0.7 0.1 1.3
v -0.7 0.1 1.3
v -0.8 0.1 1.4
v -0.7 0.3 1.3
v -0.8 0.3 1.4
v -0.9 0 1.3
v -1 0 1.3
v -1 0.1 1.3
v -1 0.1 1.4
v -1.1 0.1 1.3
v -1 0.3 1.3
v -1 0.3 1.4
v -1.1 0.3 1.3
v 3.2 0 1.2
v 3.2 0 1.9
v 3.1 0 1.2
v 3.2 0.2 1.2
v 3.1 0.2 1.2
v 1.9 0 1.2
v 1.9 0 1.3
v 1.7 0 1.2
v 1 0 1.2
v 1 0 1.3
v 0.9 0 1.2
v -0.8 0 1.2
v -0.8 0 1.9
v -0.9 0 1.2
v -0.8 0.2 1.2
v -0.9 0.2 1.3
v -0.9 0.2 1.2
v 2.3 0 1.1
v 2.1 0 1.1
v 2.1 0 1.2
v 2 0 1.2
v 2 0 1.1
v 1.8 0 1.1
v 1.8 0 1.2
v 1.7 0 1.1
v -1.7 0 1.1
v -2 0 1.1
v -2.1 0 1.1
v -2.1 0 1.2
v -2.2 0 1.2
v -2.2 0 1.1
v 3.2 0.3 1
v 3.2 0.3 1.1
v 3.1 0.1 1.1
v 3 0.1 1.1
v 1 0.3 1.1
v 0.9 0.1 1
v 0.9 0.1 1.1
v 0.8 0.1 1.1
v -0.9 0.1 1.1
v -1 0.1 1.1
v 3.4 0 0.9
v 3.4 0 1
v 3.3 0 1
v 3.3 0 0.9
v 3.1 0 0.9
v 3.1 0 1
v 3 0 1
v 3 0 0.9
v 1.2 0 0.9
v 1.2 0 1
v 1.1 0 1
v 1.1 0 0.9
v 0.9 0 0.9
v 0.9 0 1
v 0.8 0 1
v 0.8 0 0.9
v -0.9 0 0.9
v -0.9 0 1
v -1 0 1
v -1 0 0.9
v -1.1 0 1
v -1.1 0 0.9
v -1.9 0 0.9
v -1.9 0 1.1
v -2 0 0.9
v -2.1 0 0.9
v -2.2 0 0.9
v 3.4 0 0.8
v 3.3 0 0.8
v 3.2 0 0.9
v 3.2 0 0.8
v 3.2 0 1
v 3.1 0 0.8
v 3 0 0.8
v 2.9 0 1
v 2.9 0 0.8
v 2.3 0 0.8
v 2 0 0.8
v 1.7 0 0.8
v 1.2 0 0.8
v 1.1 0 0.8
v 1.2 0.2 0.8
v 1.2 0.2 0.9
v 1.1 0.2 0.9
v 1.1 0.2 0.8
v -1.7 0 0.8
v -1.9 0 0.8
v -2 0 0.8
v -2.1 0 0.8
v 3.5 0 0.7
v 3.5 0 0.8
v 3.3 0 0.7
v 2.8 0 0.7
v 2.8 0 0.8
v 2.7 0 0.8
v 2.7 0 0.7
v 2.8 0.2 0.7
v 2.7 0.2 0.8
v 2.7 0.2 0.7
v 1.3 0 0.7
v 1.3 0 0.8
v 1.1 0 0.7
v 0.6 0 0.7
v 0.6 0 0.8
v 0.5 0 0.8
v 0.5 0 0.7
v -0.5 0 0.7
v -0.5 0 0.8
v -0.6 0 0.8
v -0.6 0 0.7
v 3.5 0.1 0.6
v 2.2 0 0.6
v 2.2 0 0.7
v 2.1 0 0.7
v 2.1 0 0.6
v 1.3 0.1 0.6
v 0.6 0.1 0.7
v 0.5 0.1 0.7
v 0.5 0.1 0.6
v -0.5 0.1 0.6
v -0.6 0.1 0.6
v -0.8 0 0.6
v -0.8 0 1
v -0.9 0 0.6
v -1.2 0.1 0.6
v -1.3 0.1 0.7
v -1.3 0.1 0.6
v 3.4 0 0.5
v 3.4 0 0.7
v 3.3 0 0.5
v 3.3 0 0.6
v 2.9 0 0.6
v 2.9 0 0.5
v 2.9 0.4 0.6
v 2.9 0.4 0.5
v 2.9 0 0.9
v 2.8 0 0.9
v 2.8 0 0.5
v 2.3 0 0.5
v 2.2 0 0.8
v 2.2 0 0.5
v 2.1 0 0.5
v 2.1 0 0.8
v 2 0 0.5
v 2 0 0.7
v 1.9 0 0.7
v 1.9 0 0.5
v 1.9 0 0.8
v 1.7 0 0.5
v 1.2 0 0.5
v 1.2 0 0.7
v 1.1 0 0.5
v 1.2 0.3 0.5
v 1 0 0.9
v 1 0 0.5
v 0.8 0 0.5
v 0.7 0 1
v 0.7 0 0.5
v 0.8 0.4 0.6
v 0.7 0 0.9
v 0.6 0 0.9
v 0.6 0 0.5
v 0.7 0.2 0.6
v 0.6 0.2 0.5
v -1.1 0 0.5
v -1.1 0 0.7
v -1.2 0 0.7
v -1.2 0 0.5
v -1.7 0 0.5
v -1.9 0 0.5
v -2.1 0 0.5
v -2.2 0 0.8
v -2.2 0 0.5
v 3.3 0.1 0.4
v 1.1 0.1 0.4
v 1 0.1 0.5
v 0.9 0 0.4
v 0.8 0 0.4
v 0.8 0.1 0.4
v 0.8 0.1 0.5
v 0.7 0.1 0.4
v 0.8 0.3 0.4
v 0.7 0.3 0.4
v 3.2 0 0.3
v 3.2 0 0.4
v 3.1 0 0.4
v 3.1 0 0.3
v 3.2 0.2 0.3
v 3.1 0.2 0.4
v 3.1 0.2 0.3
v 1 0 0.3
v 1 0 1
v 0.9 0 0.3
v 1 0.2 0.3
v 0.9 0.2 0.4
v 0.9 0.2 0.3
v -1.8 0 0.3
v -1.8 0 0.4
v -1.9 0 0.4
v -1.9 0 0.3
v 2.3 0 0.2
v 2.2 0 0.2
v 2.2 0 0.3
v 2.1 0 0.3
v 2.1 0 0.2
v 2 0 0.2
v 1.7 0 0.2
v -1.7 0 0.2
v -1.8 0 0.5
v -1.8 0 0.2
v -1.9 0 0.2
v -2 0 0.5
v -2 0 0.2
v -2.2 0 0.2
v 2.1 0 0.1
v 2 0 0.1
v 1.7 0 0.1
v -1.7 0 0
v -2 0 0
v -2.2 0 0
v 4 0.2 -0.1
v 4 0.2 0
v 3.9 0.2 0
v 3.9 0.2 -0.1
v 4 0 -0.1
v 4 0 0
v 3.8 0 0
v 3.8 0 -0.1
v 3.7 0 -0.1
v 3.7 0 0
v 3.5 0 0
v 3.5 0 -0.1
v 3.4 0 -0.1
v 3.4 0 0
v 3.2 0 0
v 3.2 0 -0.1
v 3.1 0.4 -0.1
v 3.1 0.4 0
v 3 0.4 0
v 3 0.4 -0.1
v 3.1 0 -0.1
v 3.1 0 0
v 2.9 0 0
v 2.9 0 -0.1
v 3 0.3 -0.1
v 3 0.3 0
v 2.9 0.3 0
v 2.9 0.3 -0.1
v 2.8 0 -0.1
v 2.8 0 0
v 2.6 0 0
v 2.6 0 -0.1
v 2.7 0.4 -0.1
v 2.7 0.4 0
v 2.6 0.4 0
v 2.6 0.4 -0.1
v 2.4 0 -0.1
v 2.4 0 0
v 2.3 0 0
v 2.3 0 -0.1
v 2.5 0.4 -0.1
v 2.5 0.4 0
v 2.3 0.4 0
v 2.3 0.4 -0.1
v 2 0 0
v 2 0 -0.1
v 1.8 0 -0.1
v 1.8 0 0.1
v 1.7 0 -0.1
v 1.7 0.3 0
v 1.5 0.3 0
v 1.4 0 -0.1
v 1.4 0 0
v 1.3 0 0
v 1.3 0 -0.1
v 1.3 0.1 -0.1
v 1.3 0.1 0
v 1.2 0.1 0
v 1.2 0.1 -0.1
v 1.3 0.4 -0.1
v 1.3 0.4 0
v 1.2 0.4 0
v 1.2 0.4 -0.1
v 1.1 0.2 -0.1
v 1.1 0.2 0
v 1 0.2 0
v 1 0.2 -0.1
v 1.1 0.4 -0.1
v 1.1 0.4 0
v 1 0.4 0
v 1 0.4 -0.1
v 1.1 0 -0.1
v 1.1 0 0
v 0.9 0 0
v 0.9 0 -0.1
v 0.8 0.4 -0.1
v 0.8 0.4 0
v 0.7 0.4 0
v 0.7 0.4 -0.1
v 0.8 0 -0.1
v 0.8 0 0
v 0.6 0 0
v 0.6 0 -0.1
v 0.4 0.4 -0.1
v 0.4 0.4 0
v 0.3 0.4 0
v 0.3 0.4 -0.1
v 0.2 0 -0.1
v 0.2 0 0
v 0.1 0 0
v 0.1 0 -0.1
v -0.1 0.1 -0.1
v -0.1 0.1 0
v -0.2 0.1 0
v -0.2 0.1 -0.1
v -0.3 0 -0.1
v -0.3 0 0
v -0.5 0 0
v -0.5 0 -0.1
v -0.5 0.3 0
v -0.5 0.3 -0.1
v -0.6 0.3 -0.1
v -0.6 0.3 0
v -0.7 0.3 0
v -0.7 0.3 -0.1
v -0.7 0.1 -0.1
v -0.7 0.1 0
v -0.8 0.1 0
v -0.8 0.1 -0.1
v -0.9 0 -0.1
v -0.9 0 0
v -1.1 0 0
v -1.1 0 -0.1
v -0.9 0.3 0
v -1.1 0.3 0
v -1.1 0.3 -0.1
v -1.2 0.1 -0.1
v -1.2 0.1 0
v -1.3 0.1 0
v -1.3 0.1 -0.1
v -1.2 0.3 -0.1
v -1.2 0.3 0
v -1.3 0.3 0
v -1.3 0.3 -0.1
v -1.3 0 -0.1
v -1.3 0 0
v -1.4 0 0
v -1.4 0 -0.1
v -1.5 0 -0.1
v -1.5 0 0
v -1.6 0 0
v -1.6 0 -0.1
v -1.5 0.2 -0.1
v -1.5 0.2 0
v -1.6 0.2 0
v -1.6 0.2 -0.1
v -1.6 0.4 -0.1
v -1.6 0.4 0
v -1.7 0.4 0
v -1.7 0.4 -0.1
v -2.1 0 -0.1
v -2.1 0 0
v -2.2 0 -0.1
v 3.8 0.2 -0.2
v 3.8 0.2 -0.1
v 3.6 0.2 -0.2
v 3.2 0.2 -0.2
v 2.3 0.2 -0.1
v 2.3 0.2 -0.2
v 1.7 0.2 -0.2
v 1.7 0.2 -0.1
v 1.5 0.2 -0.1
v 1.5 0.2 -0.2
v 1.4 0.2 -0.2
v 1.4 0.2 -0.1
v 0.3 0.2 -0.1
v 0.3 0.2 -0.2
v 0 0 -0.2
v 0 0 -0.1
v -0.1 0 -0.1
v -0.1 0 -0.2
v -0.3 0.2 -0.2
v -0.3 0.2 -0.1
v -0.8 0.2 -0.1
v -0.8 0.2 -0.2
v -0.9 0.2 -0.2
v -1.6 0.2 -0.2
v 4 0 -0.4
v 4 0 -0.3
v 3.9 0 -0.3
v 3.9 0 -0.4
v 3.9 0.2 -0.4
v 3.9 0.2 -0.2
v 3.8 0.2 -0.4
v 2.3 0 -0.4
v 2 0 -0.4
v 1.8 0 -0.4
v 1.7 0 -0.4
v -1.9 0 -0.4
v -1.9 0 -0.2
v -2 0 -0.2
v -2 0 -0.4
v -2 0 -0.1
v -2.2 0 -0.4
v 2.2 0 -0.5
v 2.2 0 -0.4
v 2 0 -0.5
v 0 0 -0.5
v 0 0 -0.3
v -0.1 0 -0.3
v -0.1 0 -0.5
v 2.3 0 -0.7
v 2.2 0 -0.7
v 2.2 0 -0.6
v 2.1 0 -0.6
v 2.1 0 -0.7
v 2.1 0 -0.5
v 2 0 -0.7
v 1.9 0 -0.5
v 1.9 0 -0.7
v 1.9 0 -0.6
v 1.8 0 -0.6
v 1.8 0 -0.7
v 1.7 0 -0.7
v -1.7 0 -0.7
v -1.7 0 -0.4
v -1.9 0 -0.7
v -1.9 0 -0.5
v -2 0 -0.5
v -2 0 -0.7
v -2.2 0 -0.5
v -2.2 0 -0.7
v 0.1 0 -0.8
v 0.1 0 -0.6
v -0.1 0 -0.6
v -0.1 0 -0.8
v -1.7 0 -0.8
v -1.9 0 -0.8
v 2.4 0 -1
v 2.4 0 -0.8
v 2.3 0 -0.8
v 2.3 0 -1
v 2.4 1.2 -1
v 2.4 1.2 -0.8
v 2.3 1.2 -0.8
v 2.3 1.2 -1
v 2.3 1.3 -1
v 2.3 1.3 -0.8
v 2.2 1.3 -0.8
v 2.2 1.3 -1
v 2.3 0 -0.9
v 2.1 0 -0.9
v 2.1 0 -1
v 2 0 -1
v 1.7 0 -1
v 1.7 0 -0.8
v 1.4 0 -0.8
v 1.4 0 -1
v -1.6 0 -1
v -1.6 0 -0.8
v -1.7 0 -1
v -1.7 0 -0.9
v -1.9 0 -0.9
v -1.9 0 -1
v -2 0 -0.8
v -2 0 -1
v -2.1 0 -0.8
v -2.1 0 -1
v -2.1 0 -0.7
v -2.2 0 -1
v 2.6 1.1 -0.8
v 2.4 1.1 -0.8
v 2.4 1.1 -1.1
v 2.3 0.9 -1.1
v 2.3 0.9 -1
v 2.2 0.9 -1
v 2.2 0.9 -1.1
v 2 1.3 -1
v 1.9 1.3 -1
v 1.9 1.3 -1.1
v 2.2 1 -1.1
v 2.2 1 -1
v 1.8 1 -1
v 1.8 1 -1.1
v 1.8 0.9 -1.1
v 1.8 0.9 -1
v 1.7 0.9 -1
v 1.7 0.9 -1.1
v 2.2 0 -1.1
v 2.2 0 -1
v 1.6 0 -1
v 1.6 0 -1.1
v 1.7 0.6 -1.1
v 1.7 0.6 -1
v 1.6 0.6 -1
v 1.6 0.6 -1.1
v 1.6 1.1 -0.8
v 1.4 1.1 -0.8
v 0.1 0 -1.1
v 0.1 0 -0.9
v -0.1 0 -0.9
v -0.1 0 -1.1
v -1.8 0 -1.1
v -1.8 0 -1
v -2.2 0 -1.1
v 3 0 -1.2
v 3 0 -1
v 2.6 0 -1
v 2.6 0 -1.2
v 2.8 0.3 -1.2
v 2.8 0.3 -1.1
v 2.5 0.3 -1.1
v 2.5 0.3 -1.2
v 2.6 0 -0.8
v 2.4 0 -1.2
v 3 1 -1.2
v 3 1 -1.1
v 2.4 1 -1.1
v 2.4 1 -1.2
v 2.2 0.8 -1.2
v 2.2 0.8 -1.1
v 2.1 0.8 -1.1
v 2.1 0.8 -1.2
v 2.1 0.9 -1.2
v 2.1 0.9 -1.1
v 1.9 0.9 -1.1
v 1.9 0.9 -1.2
v 2.2 0 -1.2
v 1.8 0 -1.1
v 1.8 0 -1.2
v 1.8 0.3 -1.2
v 1.8 0.3 -1.1
v 1.7 0.3 -1.1
v 1.7 0.3 -1.2
v 1.9 0.8 -1.2
v 1.9 0.8 -1.1
v 1.7 0.8 -1.1
v 1.7 0.8 -1.2
v 1.7 0.6 -1.2
v 1.6 0.6 -1.2
v 1.7 1.3 -1.2
v 1.7 1.3 -1.1
v 1.6 1.3 -1.2
v 1.5 0.3 -1.2
v 1.5 0.3 -1.1
v 1.2 0.3 -1.1
v 1.2 0.3 -1.2
v 1.6 0 -1.2
v 0.8 0 -1
v 0.8 0 -1.2
v 1.6 1 -1.2
v 1.6 1 -1.1
v 0.8 1 -1.1
v 0.8 1 -1.2
v -1 0 -1.2
v -1 0 -1
v -1.4 0 -1
v -1.4 0 -1.2
v -1.2 0.3 -1.2
v -1.2 0.3 -1.1
v -1.5 0.3 -1.1
v -1.5 0.3 -1.2
v -1.4 0 -0.8
v -1.6 0 -1.2
v -1.8 0 -1.2
v -2.2 0 -1.2
v 3.2 1 -1.3
v 3.2 1 -1.1
v 3 1 -1.3
v 2.8 0.9 -1.3
v 2.8 0.9 -1.2
v 2.5 0.9 -1.2
v 2.5 0.9 -1.3
v 2.9 0 -1.3
v 2.9 0 -1.2
v 2.4 0 -1.3
v 2.2 0 -1.3
v 2.2 0.8 -1.3
v 2.1 0.8 -1.3
v 2.1 0.9 -1.3
v 1.9 0.9 -1.3
v 1.8 0 -1.3
v 1.9 0.8 -1.3
v 1.8 0.8 -1.2
v 1.8 0.8 -1.3
v 1.6 0 -1.3
v 1.5 0.9 -1.3
v 1.5 0.9 -1.2
v 1.2 0.9 -1.2
v 1.2 0.9 -1.3
v 1 0 -1.2
v 1 0 -1.3
v 1 1 -1.3
v 1 1 -1.2
v 0.8 1 -1.3
v 0.1 0.3 -1.3
v 0.1 0.3 -1.2
v 0 0.3 -1.2
v 0 0.3 -1.3
v -1.1 0 -1.3
v -1.1 0 -1.2
v -1.6 0 -1.3
v -1.8 0 -1.3
v -2.2 0 -1.3
v 3.2 1.1 -1.4
v 3.2 1.1 -1.3
v 3 1.1 -1.3
v 3 1.1 -1.4
v 1.9 1 -1.4
v 1.9 1 -1.3
v 1.1 1 -1.3
v 1.1 1 -1.4
v 1 1.1 -1.4
v 0.8 1.1 -1.3
v 0.8 1.1 -1.4
v 0.1 0.4 -1.4
v 0.1 0.4 -1.3
v 0 0.4 -1.3
v 0 0.4 -1.4
v 0.1 0 -1.4
v 0.1 0 -1.2
v -0.1 0 -1.2
v -0.1 0 -1.4
v 3.1 1.2 -1.5
v 3 1.2 -1.4
v 3 1.2 -1.5
v 2.9 1 -1.5
v 2.9 1 -1.3
v 2.6 1 -1.3
v 2.6 1 -1.5
v 1.9 1.1 -1.5
v 1.9 1.1 -1.4
v 1.1 1.1 -1.4
v 1.1 1.1 -1.5
v 1 1.2 -1.5
v 1 1.2 -1.4
v 0.8 1.2 -1.4
v 0.8 1.2 -1.5
v 0.2 0.2 -1.5
v 0.2 0.2 -1
v 0.1 0.2 -1
v 3.2 1.3 -1.6
v 3.2 1.3 -1.5
v 3 1.3 -1.6
v 3 0.8 -1.6
v 3 0.8 -1.4
v 2.9 0.8 -1.4
v 2.9 0.8 -1.6
v 2.9 1.3 -1.6
v 2.9 1.3 -1.5
v 2.8 1.3 -1.5
v 2.8 1.3 -1.6
v 1 1.3 -1.6
v 1 1.3 -1.5
v 0.8 1.3 -1.5
v 0.8 1.3 -1.6
v 3.2 1.4 -1.7
v 3.2 1.4 -1.6
v 3 1.4 -1.6
v 3 1.4 -1.7
v 1.2 1.4 -1.7
v 1.2 1.4 -1.6
v 1.1 1.4 -1.6
v 1.1 1.4 -1.7
v 1 1.4 -1.7
v 1 1.4 -1.6
v 0.8 1.4 -1.6
v 0.8 1.4 -1.7
v 0.1 0 -1.7
v 0.1 0 -1.5
v -0.1 0 -1.5
v -0.1 0 -1.7
v 3.2 1.5 -1.8
v 3.2 1.5 -1.7
v 3 1.5 -1.7
v 3 1.5 -1.8
v 1 1.5 -1.8
v 1 1.5 -1.7
v 0.8 1.5 -1.7
v 0.8 1.5 -1.8
v 3.2 0 -1.9
v 3.2 0 -1
v 3 0 -1.9
v 3.2 1.6 -1.9
v 3.2 1.6 -1.8
v 3 1.6 -1.8
v 1.2 1.6 -1.9
v 1.2 1.6 -1.8
v 1.1 1.6 -1.9
v 1 1.6 -1.9
v 1 1.6 -1.8
v 0.8 1.6 -1.8
v 0.8 1.6 -1.9
v 3.1 0.3 -2
v 3.1 0.3 -1.7
v 3 0.3 -1.7
v 3 0.3 -2
v 3 1.4 -2
v 3 1.4 -1.9
v 2.9 1.4 -1.9
v 2.9 1.4 -2
v 1.2 1.7 -2
v 1.2 1.7 -1.9
v 1.1 1.7 -1.9
v 1.1 1.7 -2
v 0.9 1.7 -2
v 0.9 1.7 -1.9
v 0.8 1.7 -1.9
v 0.8 1.7 -2
v 0.1 0 -2
v 0.1 0 -1.8
v -0.1 0 -1.8
v -0.1 0 -2
v 2.9 1.1 -2.1
v 2.7 1.1 -2.1
v 0.2 0.2 -2.1
v 0.2 0.2 -1.6
v -0.1 0.2 -2.1
v -0.1 0.2 -1.3
v -0.2 0.2 -1.3
v -0.2 0.2 -2.1
v -0.8 0 -2.1
v -0.8 0 -1
v -1 0 -2.1
v 3.1 0 -2.2
v 3.1 0 -1.9
v 3 0 -2.2
v 2.9 0 -2.2
v 3 0.9 -2.2
v 3 0.9 -1.7
v 2.9 0.9 -1.7
v 2.9 0.9 -2.2
v 3 1.3 -2.2
v 3 1.3 -2.1
v 2.9 1.3 -2.1
v 2.9 1.3 -2.2
v 3.1 1.9 -2.2
v 3.1 1.9 -2
v 2.9 1.9 -2.2
v 1.1 0 -1.3
v 1.1 0 -2.2
v 1 0 -2.2
v 1.1 0.9 -2.2
v 1.1 0.9 -1.7
v 1 0.9 -1.7
v 1 0.9 -2.2
v 1 0.3 -2.2
v 1 0.3 -1.7
v 0.9 0.3 -1.7
v 0.9 0.3 -2.2
v 1 1.8 -2.1
v 0.9 1.8 -2.1
v 0.9 1.8 -2.2
v 0.8 0 -2.2
v 0.9 1.8 -2
v 0.8 1.8 -2
v 0.8 1.8 -2.2
v 0.1 0 -2.2
v 0.1 0 -2.1
v -0.1 0 -2.1
v -0.1 0 -2.2
v -0.9 0.3 -2.2
v -0.9 0.3 -1.7
v -1 0.3 -1.7
v -1 0.3 -2.2
v -1 0 -2.2
v -1.1 0 -2.2
v -2.2 0 -2.2
v -2.2 0.1 3.6
v -2.2 0 3.6
v 2.8 0.1 2.7
v 2.8 0.1 2.6
v 0.6 0.1 2.7
v 0.6 0.1 2.6
v -1.2 0.1 2.7
v -1 0.1 2.2
v -2.2 0.1 2.2
v -2.2 0.1 2.1
v -2.2 0 2.1
v -2.2 0 2.2
v -2.2 0.1 1.9
v -2.2 0.1 1.8
v -2.2 0 1.8
v -2.2 0 1.9
v 2.8 0.1 1.8
v 2.8 0.1 1.7
v -1.2 0.1 1.8
v -1.2 0.1 1.7
v 2.8 0.1 0.9
v 0.6 0.1 0.9
v 0.6 0.1 0.8
v 3.3 0.1 0.7
v -0.1 0 -0.4
v -0.1 0 -1
v 2.9 0.2 3.6
v 2.9 0.2 3.4
v 0.9 0.2 3.6
v 0.9 0.2 3.4
v -1.1 0.2 3.6
v -1.1 0.2 3.4
v 3 0.2 2.8
v 3 0.2 2.7
v 0.8 0.2 2.8
v 2.7 0.2 2.6
v 0.5 0.2 2.6
v -1.3 0.2 2.6
v -0.9 0.1 2.4
v 3 0.2 1.9
v 3 0.2 1.8
v 0.8 0.2 1.9
v 0.8 0.2 1.8
v -1 0.2 1.9
v -1 0.2 1.8
v 2.7 0.2 1.7
v -1.3 0.2 1.7
v 0.7 0.2 1.4
v 0.5 0.2 0.8
v 0.9 0.2 0.6
v 3.9 0.2 -0.3
v 2 0.1 -1.9
v -0.1 0.2 -2
v 3 0.3 2.7
v 0.8 0.3 2.7
v 3 0.3 1.8
v -1.1 0.3 1.7
v 0.9 0.3 0.4
v 0.1 0.3 -1.7
v 0.1 0.3 -1.8
v 0.1 0.2 -1.8
v 0.1 0.2 -1.7
v 0.1 0.3 -2
v 0.1 0.2 -2
v 2.9 0.3 -1.7
v 2.9 0.3 -2.2
v 2.9 0.1 -1.7
v 1 0.1 -1.7
v -1.1 0.3 -1.7
v -1.1 0.3 -2.2
v -1.1 0.1 -1.7
v 3.1 0.4 2.8
v 3 0.4 2.8
v 3 0.4 2.7
v 0.8 0.4 2.8
v 0.8 0.4 2.7
v 0.6 0.4 2.5
v 0.9 0.2 2.5
v 3.1 0.4 1.9
v 3 0.4 1.9
v -0.8 0.4 1.7
v -1 0.3 1.7
v 2.9 0.3 1.5
v 1.6 0.1 -1.1
v 2.5 0.4 -1.2
v 1.2 0.4 -1.2
v -1.5 0.4 -1.2
v 2.9 0.4 -1.6
v 2.9 0.1 -1.6
v 1 0.4 -1.6
v 1 0.4 -1.7
v 1 0.1 -1.6
v -0.1 0.3 -2
v -0.1 0.3 -1.9
v 2.9 0.5 3.6
v 2.9 0.5 3.5
v 2.9 0.2 3.5
v 0.9 0.5 3.6
v 0.9 0.5 3.5
v 0.9 0.2 3.5
v -1.1 0.5 3.6
v -1.1 0.5 3.5
v -1.1 0.2 3.5
v -0.8 0.4 1.4
v 3.9 0.3 -0.3
v 0 0.5 -1.3
v 2.9 0.6 3.6
v 2.9 0.6 3.5
v 0.9 0.6 3.6
v 0.9 0.6 3.5
v -1.1 0.6 3.6
v -1.1 0.6 3.5
v -1.2 0.4 -1.2
v 2.9 0.6 -1.6
v 2.9 0.1 -1.4
v 3.1 0.6 2.6
v 2.7 0.8 3.7
v 0.7 0.8 3.7
v -1.3 0.8 3.7
v 2.8 0.8 3.4
v 0.8 0.8 3.4
v -1.2 0.8 3.4
v 2.8 0.8 3.2
v 0.8 0.8 3.2
v -1.2 0.8 3.2
v 3.1 0.8 3.8
v 2.8 0.9 3.9
v 2.8 0.9 3.8
v 1.1 0.8 3.8
v 0.8 0.9 3.9
v 0.8 0.9 3.8
v -0.9 0.8 3.8
v -1.2 0.9 3.9
v -1.2 0.9 3.8
v 3.1 0.9 3.1
v 1.1 0.9 3.1
v -0.9 0.9 3.1
v 2.8 0.4 -1.2
v 1.5 0.4 -1.2
v 2.9 0.9 -1.6
v 1 0.9 -1.6
v 2.6 1 3.5
v 0.6 1 3.5
v -1.4 1 3.5
v 1 0.1 -1.3
v 2.9 1 -1.4
v 2.9 1 -1.6
v 1 1 -1.6
v 2.9 1 -1.7
v 1 1 -1.7
v 2.9 1 -2.2
v 1 1 -2.2
v 2.5 1.1 3.4
v 0.5 1.1 3.4
v -1.5 1.1 3.4
v 2.6 1.1 3.4
v 2.6 1.1 3.3
v 0.6 1.1 3.4
v 0.6 1.1 3.3
v -1.4 1.1 3.4
v -1.4 1.1 3.3
v 2.6 1.1 -1.3
v 2.6 1.1 -1.5
v 1 1.1 -2.2
v 2.7 1.2 3.8
v 2.7 1.2 3.7
v 0.7 1.2 3.8
v 0.7 1.2 3.7
v -1.3 1.2 3.8
v -1.3 1.2 3.7
v 2.6 1.2 3.7
v 0.6 1.2 3.7
v -1.4 1.2 3.7
v 2.8 1.2 3.2
v 0.8 1.2 3.2
v -1.2 1.2 3.2
v 2.4 1.1 -1
v 1.4 1.2 -1.2
v 2.9 1.2 -1.4
v 2.6 1.2 -1.4
v 2.6 1.2 -1.5
v 2.6 1.1 -1.4
v 1 1.2 -2.2
v 2.6 1.3 3.7
v 2.6 1.3 3.6
v 0.6 1.3 3.7
v 0.6 1.3 3.6
v -1.4 1.3 3.7
v -1.4 1.3 3.6
v 2.6 1.3 3.5
v 0.6 1.3 3.5
v -1.4 1.3 3.5
v 2.7 1.3 3.3
v 2.7 1.3 3.2
v 0.7 1.3 3.3
v 0.7 1.3 3.2
v -1.3 1.3 3.3
v -1.3 1.3 3.2
v 2.8 1.3 3.2
v 2.8 1.3 3.1
v 0.8 1.3 3.2
v 0.8 1.3 3.1
v -1.2 1.3 3.2
v -1.2 1.3 3.1
v 1 1.3 -2.2
v 2.8 1.4 3.9
v 2.8 1.4 3.8
v 0.8 1.4 3.9
v 0.8 1.4 3.8
v -1.2 1.4 3.9
v -1.2 1.4 3.8
v 2.6 1.4 3.4
v 0.6 1.4 3.4
v -1.4 1.4 3.4
v 2.7 1.4 3.3
v 2.7 1.4 3.2
v 0.7 1.4 3.3
v 0.7 1.4 3.2
v -1.3 1.4 3.3
v -1.3 1.4 3.2
v 2.8 1.4 -1.6
v 2.8 1.4 -2.1
v 1 1.4 -2.2
v 2.6 1.5 3.4
v 0.6 1.5 3.4
v -1.4 1.5 3.4
v 2.8 1.5 -1.7
v 2.8 1.5 -2.1
v 2.8 1.4 -1.7
v 1 1.5 -2.2
v 2.7 1.5 3.6
v 0.7 1.5 3.6
v -1.3 1.5 3.6
v 2.7 1.5 3.5
v 0.7 1.5 3.5
v -1.3 1.5 3.5
v 2.8 1.5 -1.8
v 2.8 1.6 -2.1
v 1 1.6 -2.2
v 3 1.7 3.7
v 1 1.7 3.7
v -1 1.7 3.7
v 2.8 1.7 3.4
v 0.8 1.7 3.4
v -1.2 1.7 3.4
v 2.8 1.7 -1.9
v 2.8 1.7 -2.1
v 2.8 1.6 -1.9
v 1 1.7 -1.9
v 1 1.7 -2.2
v 1 1.7 -2
v 2.8 1.8 -2
v 2.8 1.8 -2.1
v 2.8 1.7 -2
v 2.9 1.9 -2.1
v 0.9 1.9 -2.1
v 3.2 0.1 2.8
v 3.2 0.1 2.7
v 1 0.1 2.8
v 1 0.1 2.7
v -0.8 0.1 2.8
v -0.8 0.1 2.7
v -0.9 0 2.5
v 3.2 0.1 1.9
v 3.2 0.1 1.8
v 1 0.1 1.9
v 1 0.1 1.8
v -0.8 0.1 1.9
v -0.8 0.1 1.8
v 1 0.1 1
v 1 0.1 0.9
v -0.8 0.1 1
v 0 0 -0.4
v 0.1 0.1 -1.4
v 3.2 0.2 2.8
v 3.2 0.2 2.7
v 1 0.2 2.8
v 1 0.2 2.7
v 3.3 0.2 2.4
v 1.1 0.2 2.4
v 3.2 0.2 1.9
v 3.2 0.2 1.8
v 1 0.2 1.9
v 1 0.2 1.8
v -0.8 0.2 1.9
v -0.8 0.2 1.8
v -0.7 0.2 1.5
v 1 0.2 1
v 1.1 0.2 0.6
v 2.1 0.1 -1.9
v 3.1 0.3 3.5
v 3.1 0.3 3.4
v 1.1 0.3 3.5
v 1.1 0.3 3.4
v -0.9 0.3 3.5
v -0.9 0.3 3.4
v 0.8 0.2 2.4
v -1 0.3 1.6
v -1 0.1 -1.7
v -1 0.3 -2.1
v 3 0.1 -1.7
v 3 0.3 -2.2
v 1.1 0.3 -1.7
v 1.1 0.1 -1.7
v 1.1 0.3 -2.2
v 0.9 0.4 2.7
v 0.7 0.4 2.6
v 3.4 0.4 2.5
v 1.2 0.4 2.5
v 0.7 0.4 2.5
v -0.6 0.4 1.6
v -1.1 0.3 1.6
v -1 0.1 -1.3
v 3 0.4 -1.6
v 3 0.1 -1.6
v 3 0.4 -1.7
v 1.1 0.4 -1.6
v 1.1 0.1 -1.6
v -1 0.4 -1.7
v 0.1 0.3 -1.9
v 3.3 0.4 2.5
v 3.3 0.4 2.4
v 1.1 0.4 2.5
v 1.1 0.4 2.4
v -1.6 0.1 -1.1
v 0.1 0.5 -1.3
v 3.1 0.6 3.6
v 3.1 0.6 3.5
v 1.1 0.6 3.6
v 1.1 0.6 3.5
v -0.9 0.6 3.6
v -0.9 0.6 3.5
v 3 0.1 -1.4
v 3 0.6 -1.6
v 3.1 0.7 3.5
v 1.1 0.7 3.5
v -0.9 0.7 3.5
v 3.3 0.8 3.7
v 1.3 0.8 3.7
v -0.7 0.8 3.7
v 3.3 0.9 3.2
v 1.3 0.9 3.2
v -0.7 0.9 3.2
v 3 0.9 -1.6
v 1.1 0.9 -1.6
v 3.3 1 3.3
v 1.3 1 3.3
v -0.7 1 3.3
v 2.4 0.1 -1.1
v 3 0.1 -1.3
v 3 1 -1.4
v 3 1 -1.6
v 1.1 1 -1.6
v 3 1 -1.7
v 1.1 1 -1.7
v 3 1 -2.2
v 1.1 1 -2.2
v 1.9 1.1 -1.3
v 1.1 1.1 -2.2
v 3.3 1.2 3.3
v 3.3 1.2 3.2
v 1.3 1.2 3.3
v 1.3 1.2 3.2
v -0.7 1.2 3.3
v -0.7 1.2 3.2
v 3.2 1.2 3.2
v 3.2 1.2 3.1
v 1.2 1.2 3.2
v 1.2 1.2 3.1
v -0.8 1.2 3.2
v -0.8 1.2 3.1
v 1.6 1.2 -1.2
v 2.7 1.2 -1.4
v 1.9 1.2 -1.4
v 1.9 1.2 -1.5
v 3 1.2 -2
v 3.4 1.3 3.4
v 3.4 1.3 3.3
v 1.4 1.3 3.4
v 1.4 1.3 3.3
v -0.6 1.3 3.4
v -0.6 1.3 3.3
v 3.3 1.3 3.3
v 1.3 1.3 3.3
v -0.7 1.3 3.3
v 2.3 1.3 -1.1
v 2.3 1.3 -1.2
v 1.1 1.3 -2.2
v 2.3 1.4 -1.2
v 1.9 1.4 -1.4
v 1.1 1.3 -1.6
v 1.1 1.4 -2.2
v 3.3 1.5 3.8
v 3.3 1.5 3.7
v 1.3 1.5 3.8
v 1.3 1.5 3.7
v -0.7 1.5 3.8
v -0.7 1.5 3.7
v 3 1.5 -2
v 1.1 1.5 -2.2
v 3.3 1.6 3.8
v 1.3 1.6 3.8
v -0.7 1.6 3.8
v 3.3 1.5 3.3
v 1.3 1.5 3.3
v -0.7 1.5 3.3
v 1.1 1.5 -1.8
v 1.1 1.6 -2.2
v 2.9 1.7 -1.9
v 2.9 1.7 -2
v 1.1 1.7 -2.2
v 1.2 1.8 -1.9
v 2.9 1.8 -2
v 2.9 1.8 -2.1
v 0.9 1.9 -2
v 3.8 0.1 -0.1
v 3.5 0.1 -0.1
v 3.4 1.5 3.5
v 3.4 0.2 2.4
v 3.3 0.5 2.6
v 3.4 0.9 3.5
v 3.4 1.5 3.6
v 3.3 0.4 2.2
v 3.2 0.9 3.2
v 3.1 0.3 1.6
v 3.2 0.4 1.7
v 3.1 1.4 3.1
v 3.1 0.1 -0.1
v 3 0.3 3.4
v 3 0.3 1.7
v 3 1.1 3.1
v 2.9 0.3 3.4
v 2.9 0.4 -0.1
v 2.9 0.9 3.2
v 2.9 1.4 3.1
v 3 1.4 3.1
v 2.9 1.5 -2.2
v 3 1.5 -2.2
v 2.9 1.8 -1.9
v 2.8 0.3 -1.3
v 2.9 0.4 -1.3
v 2.9 0.3 -1.3
v 2.9 0.9 -1.3
v 2.8 1 -1.3
v 2.8 1.4 3.1
v 2.9 1.2 -2.1
v 2.7 0.5 -0.1
v 2.8 0.3 -0.1
v 2.9 1.3 -1.4
v 2.8 1.4 3.2
v 2.7 1.5 3.2
v 2.6 0.2 -0.1
v 2.8 0.2 -0.1
v 2.6 1.1 3.2
v 2.5 0.3 -1.3
v 2.5 1 -1.3
v 2.4 0.4 -1.3
v 2.4 0.9 -1.3
v 2.2 0.3 -1.3
v 2.2 0.4 -1.3
v 2.2 0.9 -1.3
v 2.3 1.3 -1.3
v 1.9 1.2 -1.3
v 1.9 1.3 -1.3
v 1.6 0.4 -1.3
v 1.6 0.8 -1.3
v 1.8 0.4 -1.3
v 1.6 0.9 -1.3
v 1.5 0.3 -1.3
v 1.8 0.3 -1.3
v 1.5 1 -1.3
v 1.4 1.5 3.5
v 1.3 0.2 -0.1
v 1.3 0.5 -0.1
v 1.4 0.9 3.5
v 1.9 1.3 -1.5
v 1.4 1.5 3.6
v 1.2 0.2 -0.1
v 1.2 0.3 -1.3
v 1.2 0.9 3.2
v 1.2 1.1 -1.2
v 1.2 0.2 2.4
v 1.2 0.2 0.6
v 1.1 0.3 -1.3
v 1.1 0.4 -1.3
v 1.1 0.5 2.6
v 1.1 0.9 -1.3
v 1.1 1.2 -1.5
v 1.1 1.4 3.1
v 1 0.3 3.4
v 1.1 0.4 2.2
v 1 1.1 3.1
v 0.9 0.1 1.8
v 0.9 0.1 -0.1
v 0.9 0.2 1.8
v 0.9 0.2 -0.1
v 0.9 0.3 3.4
v 0.9 0.3 -0.1
v 0.9 0.4 -0.1
v 0.9 0.9 3.2
v 0.9 1.4 3.1
v 1 1.4 3.1
v 0.9 1.8 -1.9
v 1 1.9 -2.2
v 0.9 0.2 2.7
v 0.8 1.4 3.1
v 0.8 0.1 -0.1
v 0.8 1.4 3.2
v 0.7 1.5 3.2
v 0.6 1.1 3.2
v 0 0.4 -1.9
v -0.4 0.2 -0.1
v -0.3 0.1 -0.1
v -0.6 1.5 3.5
v -0.6 0.2 1.5
v -0.6 0.9 3.5
v -0.6 1.5 3.6
v -0.7 0.2 -0.1
v -0.7 0.4 1.3
v -0.8 0.9 3.2
v -0.9 1.4 3.1
v -1 0.2 1.7
v -1 0.3 3.4
v -1 1.1 3.1
v -1.1 0.1 2.6
v -1.1 0.3 3.4
v -1.1 0.9 3.2
v -1.1 1.4 3.1
v -1 1.4 3.1
v -1.2 0.3 -1.3
v -1.1 0.3 -1.3
v -1.2 1.4 3.1
v -1.2 1.4 3.2
v -1.3 1.5 3.2
v -1.4 0.1 -0.1
v -1.4 0.2 -0.1
v -1.4 0.3 -0.1
v -1.4 1.1 3.2
v -1.5 0.3 -1.3
v -1.6 0.5 -0.1
v -1.5 0.3 -0.1
v -1.6 0.4 -1.3
v -1.8 0.1 -1.3
v -1.8 0.3 -1.3
v -1.9 0.2 -1.3
v -1.9 0.4 -1.3
v -1.8 0.2 -1.3
v -2 0.2 -1.3
v -2 0.3 -1.3
v -1.9 0.3 -1.3
v -2.1 0.3 -1.3
v -2.1 0.4 -1.3
v -2.2 0.2 -1.3
v -2.2 0.3 -1.3
v -2.2 0.4 -1.3
v 3.8 0.1 0
v 3.8 0.2 0
v 3.5 0.1 0
v 3.3 1.4 3.7
v 3.2 0.2 0.9
v 3.2 1.3 3.8
v 3.1 0.2 2.8
v 3.1 0.2 1.9
v 3.1 1 3.9
v 3.1 0.1 0
v 3.1 0.4 1.6
v 3 0.2 3.6
v 3.1 0.2 3.6
v 3 0.6 3.6
v 3 0.9 3.8
v 3 1 3.9
v 3.1 1.3 3.9
v 3 1.3 3.9
v 3.1 1.4 3.9
v 3 1.5 -1.5
v 2.9 0.4 0
v 3 0.5 3.6
v 2.9 0.1 -1.2
v 2.9 1 -1.2
v 2.9 1.5 3.8
v 2.9 1.8 3.7
v 2.9 0.3 -1.2
v 2.9 0.4 -1.2
v 2.9 0.9 -1.2
v 2.8 1 -1.2
v 2.9 1.3 3.9
v 2.8 1.4 -1.5
v 2.8 1.7 -1.8
v 2.8 0.3 0
v 2.7 0.5 0
v 2.7 1.2 3.9
v 2.7 1.3 3.7
v 2.5 1 -1.2
v 2.4 0.3 -1.2
v 2.4 0.4 -1.2
v 2.4 0.9 -1.2
v 2.3 1.1 -1
v 2.2 1.1 -1
v 2.1 1 -1.1
v 2 1.2 -1
v 1.8 0.6 -1.2
v 1.6 0.9 -1
v 1.6 1 -1
v 1.6 0.3 -1.2
v 1.6 0.9 -1.2
v 1.5 1 -1.2
v 1.3 0.5 0
v 1.3 1.4 3.7
v 1.4 1.1 -1.3
v 1.2 1.1 -1.3
v 1.2 1.3 3.8
v 1.1 0.1 -1.2
v 1.1 0.3 -1.2
v 1.1 0.4 -1.2
v 1.1 0.9 -1.2
v 1.1 1 -1.2
v 1.1 1 3.9
v 1 0.4 2.7
v 1 0.2 3.6
v 1.1 0.2 3.6
v 1 0.6 3.6
v 1 0.9 3.8
v 1 1 3.9
v 1.1 1.3 3.9
v 1 1.3 3.9
v 1.1 1.4 3.9
v 0.9 0.1 0
v 0.9 0.2 2.8
v 0.9 0.2 1.9
v 0.9 0.2 0
v 0.9 0.3 0
v 0.9 0.4 0
v 1 0.5 3.6
v 0.9 1.5 3.8
v 0.9 1.8 3.7
v 0.9 1.8 -1.8
v 0.8 0.2 0.6
v 0.9 0.4 0.5
v 0.9 1.3 3.9
v 0.7 0.1 1.5
v 0.8 0.1 0
v 0.7 1.2 3.9
v 0.7 1.3 3.7
v -0.1 0.1 -0.9
v -0.3 0.1 0
v -0.7 1.4 3.7
v -0.8 0.3 0
v -0.8 1.3 3.8
v -0.9 0.2 1.9
v -0.9 1 3.9
v -1 0.4 1.5
v -1 0.2 3.6
v -0.9 0.2 3.6
v -1 0.6 3.6
v -1 0.9 3.8
v -1 1 3.9
v -0.9 1.3 3.9
v -1 1.3 3.9
v -0.9 1.4 3.9
v -1.1 0.1 -1.2
v -1 0.5 3.6
v -1.1 1.5 3.8
v -1.1 1.8 3.7
v -1.1 0.3 -1.2
v -1.1 1.3 3.9
v -1.3 1.2 3.9
v -1.4 0.1 0
v -1.4 0.2 0
v -1.4 0.3 0
v -1.3 1.3 3.7
v -1.6 0.3 -1.2
v -1.6 0.4 -1.2
v -1.6 0.5 0
v -1.9 0.2 -1.2
v -1.8 0.2 -1.2
v -1.9 0.4 -1.2
v -2 0.2 -1.2
v -1.9 0.3 -1.2
v -2 0.3 -1.2
v -2.1 0.3 -1.2
v -2.1 0.4 -1.2
v -2.2 0.2 -1.2
v -2.2 0.3 -1.2
v -2.2 0.4 -1.2
v -2.9 1.2 3.9
v -3 1.2 3.9
v -3 1.2 4
v -2.9 1.2 4
v -3 1.4 3.9
v -3.1 1.4 3.9
v -3.1 1.4 4
v -3 1.4 4
v -3.1 1.2 3.9
v -3.2 1.2 3.9
v -3.2 1.2 4
v -3.1 1.2 4
v -2.7 1 3.8
v -2.8 1 3.8
v -2.8 1 3.9
v -2.7 1 3.9
v -2.7 1.2 3.8
v -2.8 1.2 3.8
v -2.8 1.2 3.9
v -2.7 1.2 3.9
v -2.8 1.5 3.8
v -2.9 1.5 3.8
v -2.9 1.5 3.9
v -2.8 1.5 3.9
v -3 1.5 3.8
v -3 1.5 3.9
v -3.2 1.5 3.8
v -3.2 1.5 3.9
v -3.2 1.3 3.8
v -3.3 1.3 3.8
v -3.3 1.3 3.9
v -3.2 1.3 3.9
v -2.6 1.1 3.7
v -2.7 1.1 3.7
v -2.7 1.1 3.8
v -2.6 1.1 3.8
v -2.6 1.3 3.7
v -2.7 1.3 3.7
v -2.7 1.3 3.8
v -2.6 1.3 3.8
v -2.8 1.6 3.7
v -2.9 1.6 3.7
v -2.9 1.6 3.8
v -2.8 1.6 3.8
v -3 1.6 3.7
v -3.1 1.6 3.7
v -3.1 1.6 3.8
v -3 1.6 3.8
v -3.1 1.7 3.7
v -3.2 1.7 3.7
v -3.2 1.7 3.8
v -3.1 1.7 3.8
v -3.2 1.6 3.7
v -3.3 1.6 3.7
v -3.3 1.6 3.8
v -3.2 1.6 3.8
v -3.3 0.9 3.7
v -3.4 0.9 3.7
v -3.4 0.9 3.8
v -3.3 0.9 3.8
v -3.3 1.1 3.7
v -3.4 1.1 3.7
v -3.4 1.1 3.8
v -3.3 1.1 3.8
v -2.3 0.1 3.6
v -2.3 0.1 3.8
v -2.5 1 3.6
v -2.6 1 3.6
v -2.6 1 3.7
v -2.5 1 3.7
v -2.5 1.4 3.6
v -2.6 1.4 3.6
v -2.6 1.4 3.7
v -2.5 1.4 3.7
v -2.6 1.6 3.6
v -2.7 1.6 3.6
v -2.7 1.6 3.7
v -2.6 1.6 3.7
v -2.7 1.7 3.6
v -2.8 1.7 3.6
v -2.8 1.7 3.8
v -2.7 1.7 3.8
v -2.9 1.7 3.6
v -2.9 1.7 3.7
v -2.8 1.7 3.7
v -2.9 0.1 3.6
v -3 0.1 3.6
v -3 0.1 3.7
v -2.9 0.1 3.7
v -3 1.7 3.6
v -3 1.7 3.8
v -2.9 1.7 3.8
v -3.1 0.1 3.6
v -3.1 0.1 3.7
v -3 1.8 3.6
v -3.2 1.8 3.6
v -3.2 1.8 3.7
v -3 1.8 3.7
v -3.2 1.7 3.6
v -3.3 1.7 3.6
v -3.3 1.7 3.7
v -3.4 1.5 3.6
v -3.5 1.5 3.6
v -3.5 1.5 3.7
v -3.4 1.5 3.7
v -2.5 1.1 3.5
v -2.6 1.1 3.5
v -2.6 1.1 3.6
v -2.5 1.1 3.6
v -2.5 1.5 3.5
v -2.7 1.5 3.5
v -2.7 1.5 3.6
v -2.5 1.5 3.6
v -2.7 1.6 3.5
v -2.8 1.6 3.5
v -2.8 1.6 3.6
v -2.8 0.1 3.5
v -2.9 0.1 3.5
v -2.8 0.1 3.6
v -2.9 1.8 3.5
v -3 1.8 3.5
v -2.9 1.8 3.6
v -3 1.7 3.5
v -3.1 1.7 3.5
v -3.1 1.7 3.6
v -3.2 1.7 3.5
v -3.1 0.1 3.5
v -3.3 0.1 3.5
v -3.3 0.1 3.6
v -3.2 1.6 3.5
v -3.3 1.6 3.5
v -3.3 1.6 3.6
v -3.2 1.6 3.6
v -3.4 1.1 3.5
v -3.5 1.1 3.5
v -3.5 1.1 3.6
v -3.4 1.1 3.6
v -3.4 1.4 3.5
v -3.5 1.4 3.5
v -3.5 1.4 3.6
v -3.4 1.4 3.6
v -2.5 1 3.4
v -2.6 1 3.4
v -2.6 1 3.5
v -2.5 1 3.5
v -2.5 1.4 3.4
v -2.6 1.4 3.4
v -2.6 1.4 3.5
v -2.5 1.4 3.5
v -2.6 1.6 3.4
v -2.8 1.6 3.4
v -2.6 1.6 3.5
v -2.8 0.1 3.4
v -2.9 0.1 3.4
v -2.9 1.7 3.4
v -3 1.7 3.4
v -2.9 1.7 3.5
v -3.1 0.1 3.4
v -3.2 0.1 3.4
v -3.2 0.1 3.5
v -3.1 1.8 3.4
v -3.2 1.8 3.4
v -3.2 1.8 3.5
v -3.1 1.8 3.5
v -3.2 1.6 3.4
v -3.3 1.6 3.4
v -3.4 1.2 3.4
v -3.5 1.2 3.4
v -3.5 1.2 3.5
v -3.4 1.2 3.5
v -2.7 0.1 3.3
v -2.8 0.1 3.3
v -2.7 0.1 3.5
v -2.7 1.6 3.3
v -2.8 1.6 3.3
v -2.7 1.6 3.4
v -2.8 1.7 3.3
v -2.9 1.7 3.3
v -3 1.7 3.3
v -3 0.1 3.3
v -3.1 0.1 3.3
v -3 0.1 3.4
v -3 1.8 3.3
v -3.1 1.8 3.3
v -3.1 1.7 3.3
v -3.3 1.7 3.3
v -3.3 1.7 3.4
v -3.1 1.7 3.4
v -3.3 1.5 3.3
v -3.4 1.5 3.3
v -3.4 1.5 3.8
v -3.3 1.5 3.8
v -3.4 1.3 3.3
v -3.5 1.3 3.3
v -3.5 1.3 3.4
v -3.4 1.3 3.4
v -2.3 0.1 3.2
v -2.3 0.1 3.5
v -2.6 1.5 3.2
v -2.7 1.5 3.2
v -2.7 1.5 3.4
v -2.6 1.5 3.4
v -2.7 1.6 3.2
v -2.8 1.6 3.2
v -2.9 0.1 3.2
v -3 0.1 3.2
v -3 1.6 3.2
v -3 1.6 3.3
v -3.1 0.1 3.2
v -3 1.7 3.2
v -3.1 1.7 3.2
v -3.1 1.6 3.2
v -3.3 1.6 3.2
v -3.3 1.6 3.3
v -3.1 1.6 3.3
v -3.3 1.2 3.2
v -3.4 1.2 3.2
v -3.4 1.2 3.3
v -3.3 1.2 3.3
v -2.7 1.1 3.1
v -2.8 1.1 3.1
v -2.8 1.1 3.2
v -2.7 1.1 3.2
v -2.7 1.4 3.1
v -2.8 1.4 3.1
v -2.8 1.4 3.2
v -2.7 1.4 3.2
v -2.8 1.5 3.1
v -2.9 1.5 3.1
v -2.9 1.5 3.2
v -2.8 1.5 3.2
v -2.9 1.6 3.1
v -3 1.6 3.1
v -2.9 1.6 3.2
v -3 1.5 3.1
v -3.1 1.5 3.1
v -3.1 1.5 3.2
v -3 1.5 3.2
v -3.2 1.5 3.1
v -3.2 1.5 3.2
v -3.2 0.9 3.1
v -3.3 0.9 3.1
v -3.3 0.9 3.2
v -3.2 0.9 3.2
v -3.2 1.1 3.1
v -3.3 1.1 3.1
v -3.3 1.1 3.2
v -3.2 1.1 3.2
v -2.8 1.3 3
v -2.9 1.3 3
v -2.9 1.3 3.1
v -2.8 1.3 3.1
v -2.9 1 3
v -3 1 3
v -3 1 3.1
v -2.9 1 3.1
v -2.9 1.5 3
v -3 1.5 3
v -3 1.3 3
v -3.1 1.3 3
v -3.1 1.3 3.1
v -3 1.3 3.1
v -3.1 1 3
v -3.2 1 3
v -3.2 1 3.1
v -3.1 1 3.1
v -3.1 1.2 3
v -3.2 1.2 3
v -3.2 1.2 3.1
v -3.1 1.2 3.1
v -2.3 0.1 2.9
v -3.1 0.1 2.7
v -3.2 0.1 2.7
v -3.2 0.1 2.8
v -3.1 0.1 2.8
v -2.3 0.1 2.6
v -3 0.1 2.6
v -3.1 0.1 2.6
v -3 0.1 2.8
v -3.2 0.1 2.6
v -3.3 0.1 2.6
v -3.3 0.1 2.8
v -3.4 0.1 2.6
v -3.4 0.1 2.7
v -3.3 0.1 2.7
v -2.7 0.1 2.5
v -2.9 0.1 2.5
v -2.9 0.1 2.6
v -2.7 0.1 2.6
v -3.4 0.2 2.4
v -3.5 0.2 2.4
v -3.5 0.2 2.5
v -3.4 0.2 2.5
v -2.3 0.1 2.3
v -2.8 0.1 2.3
v -2.9 0.1 2.3
v -2.9 0.1 2.4
v -2.8 0.1 2.4
v -2.3 0.1 2.2
v -2.9 0.2 2.2
v -3 0.2 2.2
v -3 0.2 2.3
v -2.9 0.2 2.3
v -2.9 0.4 2.2
v -3.2 0.4 2.2
v -3.2 0.4 2.3
v -2.9 0.4 2.3
v -3.2 0.2 2.2
v -3.3 0.2 2.2
v -3.3 0.2 2.3
v -3.2 0.2 2.3
v -3 0.1 2.1
v -3.1 0.1 2.1
v -3.1 0.1 2.2
v -3 0.1 2.2
v -3 0.3 2.1
v -3.1 0.3 2.1
v -3.1 0.3 2.2
v -3 0.3 2.2
v -2.3 0.1 2
v -2.3 0.1 2.1
v -2.3 0.1 1.9
v -3.1 0.3 1.9
v -3.2 0.3 1.9
v -3.2 0.3 2
v -3.1 0.3 2
v -2.8 0.1 1.8
v -2.9 0.1 1.8
v -2.9 0.1 1.9
v -2.8 0.1 1.9
v -2.9 0.4 1.8
v -3 0.4 1.8
v -3 0.4 1.9
v -2.9 0.4 1.9
v -3.1 0.4 1.8
v -3.1 0.4 2
v -3 0.4 2
v -3.1 0.5 1.8
v -3.2 0.5 1.8
v -3.2 0.5 1.9
v -3.1 0.5 1.9
v -3.2 0.1 1.8
v -3.3 0.1 1.8
v -3.3 0.1 1.9
v -3.2 0.1 1.9
v -2.3 0.1 1.7
v -2.3 0.1 1.8
v -2.8 0.1 1.7
v -2.9 0.1 1.7
v -2.8 0.3 1.7
v -2.9 0.3 1.7
v -2.9 0.3 1.8
v -2.8 0.3 1.8
v -2.8 0.5 1.7
v -3.1 0.5 1.7
v -2.8 0.5 1.8
v -3.2 0.5 1.7
v -3.3 0.5 1.7
v -3.3 0.5 1.8
v -3.3 0.2 1.7
v -3.4 0.2 1.7
v -3.4 0.2 1.8
v -3.3 0.2 1.8
v -3.3 0.4 1.7
v -3.4 0.4 1.7
v -3.4 0.4 1.8
v -3.3 0.4 1.8
v -2.7 0.1 1.6
v -2.8 0.1 1.6
v -2.7 0.1 1.7
v -2.9 0.6 1.6
v -3 0.6 1.6
v -3 0.6 1.7
v -2.9 0.6 1.7
v -3 0.7 1.6
v -3.1 0.7 1.6
v -3.1 0.7 1.7
v -3 0.7 1.7
v -3.1 0.6 1.6
v -3.2 0.6 1.6
v -3.2 0.6 1.8
v -3.1 0.6 1.8
v -3.3 0.6 1.6
v -3.3 0.6 1.7
v -3.2 0.6 1.7
v -3.3 0.5 1.6
v -3.4 0.5 1.6
v -3.4 0.5 1.7
v -3.4 0.3 1.6
v -3.5 0.3 1.6
v -3.5 0.3 1.7
v -3.4 0.3 1.7
v -2.7 0.3 1.5
v -2.8 0.3 1.5
v -2.8 0.3 1.6
v -2.7 0.3 1.6
v -2.9 0.5 1.5
v -3 0.5 1.5
v -3 0.5 1.6
v -2.9 0.5 1.6
v -3 0.6 1.5
v -3.1 0.6 1.5
v -3.2 0.6 1.5
v -3.2 0.5 1.5
v -3.3 0.5 1.5
v -3.2 0.5 1.6
v -3.3 0.4 1.5
v -3.4 0.4 1.5
v -3.4 0.4 1.6
v -3.3 0.4 1.6
v -3.4 0.2 1.5
v -3.5 0.2 1.5
v -3.5 0.2 1.6
v -3.4 0.2 1.6
v -2.2 0.1 1.4
v -2.3 0.1 1.4
v -2.8 0.1 1.4
v -2.9 0.1 1.4
v -2.9 0.1 1.5
v -2.8 0.1 1.5
v -2.8 0.4 1.4
v -2.9 0.4 1.4
v -2.9 0.4 1.7
v -2.8 0.4 1.7
v -2.9 0.5 1.4
v -3 0.5 1.4
v -3.1 0.5 1.4
v -3.1 0.5 1.5
v -3.1 0.6 1.4
v -3.2 0.6 1.4
v -3.2 0.5 1.4
v -3.3 0.5 1.4
v -3.3 0.1 1.4
v -3.4 0.1 1.4
v -3.4 0.1 1.5
v -3.3 0.1 1.5
v -3.3 0.3 1.4
v -3.4 0.3 1.4
v -3.4 0.3 1.5
v -3.3 0.3 1.5
v -2.9 0.2 1.3
v -3 0.2 1.3
v -3 0.2 1.4
v -2.9 0.2 1.4
v -2.9 0.5 1.3
v -3 0.5 1.3
v -3 0.4 1.3
v -3.1 0.4 1.3
v -3.1 0.4 1.4
v -3 0.4 1.4
v -3.1 0.5 1.3
v -3.2 0.5 1.3
v -3.2 0.2 1.3
v -3.3 0.2 1.3
v -3.3 0.2 1.4
v -3.2 0.2 1.4
v -3.2 0.4 1.3
v -3.3 0.4 1.3
v -3.3 0.4 1.4
v -3.2 0.4 1.4
v -3 0.1 1.2
v -3.1 0.1 1.2
v -3.1 0.1 1.3
v -3 0.1 1.3
v -3 0.3 1.2
v -3.1 0.3 1.2
v -3.1 0.3 1.3
v -3 0.3 1.3
v -2.3 0.1 1.1
v -3.1 0.3 1
v -3.2 0.3 1
v -3.2 0.3 1.1
v -3.1 0.3 1.1
v -2.8 0.1 0.9
v -2.9 0.1 0.9
v -2.9 0.1 1
v -2.8 0.1 1
v -2.9 0.4 0.9
v -3 0.4 0.9
v -3 0.4 1
v -2.9 0.4 1
v -3.1 0.4 0.9
v -3.1 0.4 1.1
v -3 0.4 1.1
v -3.1 0.5 0.9
v -3.2 0.5 0.9
v -3.2 0.5 1
v -3.1 0.5 1
v -3.2 0.1 0.9
v -3.3 0.1 0.9
v -3.3 0.1 1
v -3.2 0.1 1
v -2.3 0.1 0.8
v -2.8 0.1 0.8
v -2.9 0.1 0.8
v -2.8 0.3 0.8
v -2.9 0.3 0.8
v -2.9 0.3 0.9
v -2.8 0.3 0.9
v -2.8 0.5 0.8
v -3.1 0.5 0.8
v -2.8 0.5 0.9
v -3.2 0.5 0.8
v -3.3 0.5 0.8
v -3.3 0.5 0.9
v -3.3 0.2 0.8
v -3.4 0.2 0.8
v -3.4 0.2 0.9
v -3.3 0.2 0.9
v -3.3 0.4 0.8
v -3.4 0.4 0.8
v -3.4 0.4 0.9
v -3.3 0.4 0.9
v -2.7 0.1 0.7
v -2.8 0.1 0.7
v -2.7 0.1 0.8
v -2.9 0.6 0.7
v -3 0.6 0.7
v -3 0.6 0.8
v -2.9 0.6 0.8
v -3 0.7 0.7
v -3.1 0.7 0.7
v -3.1 0.7 0.8
v -3 0.7 0.8
v -3.1 0.6 0.7
v -3.2 0.6 0.7
v -3.2 0.6 0.9
v -3.1 0.6 0.9
v -3.3 0.6 0.7
v -3.3 0.6 0.8
v -3.2 0.6 0.8
v -3.3 0.5 0.7
v -3.4 0.5 0.7
v -3.4 0.5 0.8
v -3.4 0.3 0.7
v -3.5 0.3 0.7
v -3.5 0.3 0.8
v -3.4 0.3 0.8
v -2.7 0.3 0.6
v -2.8 0.3 0.6
v -2.8 0.3 0.7
v -2.7 0.3 0.7
v -2.9 0.5 0.6
v -3 0.5 0.6
v -3 0.5 0.7
v -2.9 0.5 0.7
v -3 0.6 0.6
v -3.1 0.6 0.6
v -3.2 0.6 0.6
v -3.2 0.5 0.6
v -3.3 0.5 0.6
v -3.2 0.5 0.7
v -3.3 0.4 0.6
v -3.4 0.4 0.6
v -3.4 0.4 0.7
v -3.3 0.4 0.7
v -3.4 0.2 0.6
v -3.5 0.2 0.6
v -3.5 0.2 0.7
v -3.4 0.2 0.7
v -2.3 0.1 0.5
v -2.8 0.1 0.5
v -2.9 0.1 0.5
v -2.9 0.1 0.6
v -2.8 0.1 0.6
v -2.8 0.4 0.5
v -2.9 0.4 0.5
v -2.9 0.4 0.8
v -2.8 0.4 0.8
v -2.9 0.5 0.5
v -3 0.5 0.5
v -3.1 0.5 0.5
v -3.1 0.5 0.6
v -3.1 0.6 0.5
v -3.2 0.6 0.5
v -3.2 0.5 0.5
v -3.3 0.5 0.5
v -3.3 0.1 0.5
v -3.4 0.1 0.5
v -3.4 0.1 0.6
v -3.3 0.1 0.6
v -3.3 0.3 0.5
v -3.4 0.3 0.5
v -3.4 0.3 0.6
v -3.3 0.3 0.6
v -2.9 0.2 0.4
v -3 0.2 0.4
v -3 0.2 0.5
v -2.9 0.2 0.5
v -2.9 0.5 0.4
v -3 0.5 0.4
v -3 0.4 0.4
v -3.1 0.4 0.4
v -3.1 0.4 0.5
v -3 0.4 0.5
v -3.1 0.5 0.4
v -3.2 0.5 0.4
v -3.2 0.2 0.4
v -3.3 0.2 0.4
v -3.3 0.2 0.5
v -3.2 0.2 0.5
v -3.2 0.4 0.4
v -3.3 0.4 0.4
v -3.3 0.4 0.5
v -3.2 0.4 0.5
v -3 0.1 0.3
v -3.1 0.1 0.3
v -3.1 0.1 0.4
v -3 0.1 0.4
v -3 0.3 0.3
v -3.1 0.3 0.3
v -3.1 0.3 0.4
v -3 0.3 0.4
v -2.3 0.1 0.2
v -2.3 0.1 -0.1
v -2.3 0.2 -0.1
v -2.5 0.2 -0.1
v -2.5 0.2 0
v -2.3 0.2 0
v -2.6 0.2 -0.1
v -2.7 0.2 -0.1
v -2.7 0.2 0
v -2.6 0.2 0
v -2.7 0.3 -0.1
v -2.8 0.3 -0.1
v -2.8 0.3 0
v -2.7 0.3 0
v -2.6 0.5 -0.1
v -2.8 0.5 -0.1
v -2.8 0.5 0
v -2.6 0.5 0
v -2.9 0.3 -0.1
v -3 0.3 -0.1
v -3 0.3 0
v -2.9 0.3 0
v -3 0.1 -0.1
v -3.1 0.1 -0.1
v -3.1 0.1 0
v -3 0.1 0
v -2.9 0.5 -0.1
v -3.1 0.5 -0.1
v -3.1 0.5 0
v -2.9 0.5 0
v -3.2 0.2 -0.1
v -3.3 0.2 -0.1
v -3.3 0.2 0
v -3.2 0.2 0
v -3.2 0.5 -0.1
v -3.4 0.5 -0.1
v -3.4 0.5 0
v -3.2 0.5 0
v -3.5 0.5 -0.1
v -3.6 0.5 -0.1
v -3.6 0.5 0
v -3.5 0.5 0
v -3.6 0.1 -0.1
v -3.7 0.1 -0.1
v -3.7 0.1 0
v -3.6 0.1 0
v -2.3 0.3 -0.2
v -3.6 0.3 -0.2
v -3.6 0.3 -0.1
v -2.3 0.3 -0.1
v -2.3 0.1 -0.4
v -2.3 0.1 -0.5
v -2.3 0.1 -1
v -2.3 0.1 -0.7
v -2.6 0.1 -1
v -2.6 0.1 -0.8
v -2.3 0.1 -0.8
v -2.3 0.1 -1.1
v -2.3 0.7 -1.1
v -2.4 0.7 -1.1
v -2.4 0.7 -1
v -2.3 0.7 -1
v -2.2 0.6 -1.2
v -2.3 0.6 -1.2
v -2.3 0.6 -1.1
v -2.2 0.6 -1.1
v -2.4 0.6 -1.2
v -2.4 0.6 -1.1
v -2.4 0.1 -1.2
v -3.2 0.1 -1.2
v -3.2 0.1 -1
v -2.4 0.1 -1
v -2.3 0.5 -1.3
v -2.3 0.5 -1.2
v -2.3 0.4 -1.3
v -2.5 0.4 -1.3
v -2.5 0.4 -1.2
v -2.3 0.4 -1.2
v -2.8 0.4 -1.3
v -2.8 0.4 -1.1
v -2.5 0.4 -1.1
v -2.9 0.4 -1.3
v -2.9 0.4 -1.2
v -2.8 0.4 -1.2
v -2.9 0.3 -1.3
v -3 0.3 -1.3
v -3 0.3 -1.2
v -2.9 0.3 -1.2
v -2.9 0.5 -1.3
v -3 0.5 -1.3
v -3 0.5 -1.2
v -2.9 0.5 -1.2
v -2.9 0.5 -1.4
v -3 0.5 -1.4
v -3.9 0.1 -1.4
v -4 0.1 -1.4
v -4 0.1 -1.3
v -3.9 0.1 -1.3
v -3.9 0.3 -1.4
v -4 0.3 -1.4
v -4 0.3 -1.3
v -3.9 0.3 -1.3
v -3.9 0.5 -1.4
v -4 0.5 -1.4
v -4 0.5 -1.2
v -3.9 0.5 -1.2
v -2.9 0.6 -1.5
v -3 0.6 -1.5
v -3 0.6 -1.4
v -2.9 0.6 -1.4
v -3.9 0.1 -1.6
v -4 0.1 -1.6
v -4 0.1 -1.5
v -3.9 0.1 -1.5
v -3.9 0.3 -1.6
v -4 0.3 -1.6
v -4 0.3 -1.5
v -3.9 0.3 -1.5
v -3.9 0.2 -1.7
v -4 0.2 -1.7
v -4 0.2 -1.6
v -3.9 0.2 -1.6
v -3.9 0.5 -1.7
v -4 0.5 -1.7
v -4 0.5 -1.5
v -3.9 0.5 -1.5
v -2.9 0.3 -1.9
v -3 0.3 -1.9
v -3 0.3 -1.5
v -2.9 0.3 -1.5
v -3.9 0.1 -1.9
v -4 0.1 -1.9
v -4 0.1 -1.8
v -3.9 0.1 -1.8
v -3.8 0.3 -2
v -3.9 0.3 -2
v -3.8 0.3 -1.6
v -4 0.3 -2
v -4 0.3 -1.9
v -3.9 0.3 -1.9
v -3.9 0.5 -2
v -4 0.5 -2
v -4 0.5 -1.8
v -3.9 0.5 -1.8
v -2.9 0.1 -2.2
v -2.9 0.1 -1.3
v -2.9 0.4 -2.2
v -3 0.4 -2.2
v -3 0.4 -1.9
v -2.9 0.4 -1.9
v -3.1 0.4 -2.2
v -3.1 0.4 -1.7
v -3 0.4 -1.7
v -3 0.1 -2.2
v -3.2 0.1 -2.2
v -3 0.1 -1.2
v -3.8 0.3 -2.2
v -3.9 0.3 -2.2
v -3.9 0.3 -2.1
v -3.8 0.3 -2.1
v -3.9 0.1 -2.2
v -4 0.1 -2.2
v -4 0.1 -2.1
v -3.9 0.1 -2.1
v -4 0.3 -2.2
v -4 0.3 -2.1
v -2.9 1.1 3.9
v -2.9 1.1 4
v -3 1.1 4
v -3 1.1 3.9
v -3.1 1 3.9
v -3.1 1 4
v -3.2 1 4
v -3.2 1 3.9
v -2.7 0.9 3.8
v -2.7 0.9 3.9
v -2.8 0.9 3.9
v -2.8 0.9 3.8
v -2.7 1.1 3.9
v -2.8 1.1 3.9
v -2.8 1.1 3.8
v -2.9 0.9 3.8
v -2.9 0.9 3.9
v -3.1 0.9 3.9
v -3.1 0.9 3.8
v -3.1 0.8 3.8
v -3.1 0.8 3.9
v -3.2 0.8 3.9
v -3.2 0.8 3.8
v -3.2 1 3.8
v -3.3 1 3.9
v -3.3 1 3.8
v -2.6 1 3.8
v -2.7 1 3.7
v -2.6 1.2 3.7
v -2.6 1.2 3.8
v -2.7 1.2 3.7
v -2.8 0.8 3.7
v -2.8 0.8 3.9
v -2.9 0.8 3.9
v -2.9 0.8 3.7
v -3 0.8 3.7
v -3 0.8 3.8
v -3.1 0.8 3.7
v -3.2 0.8 3.7
v -3.4 0.8 3.8
v -3.4 0.8 3.7
v -3.3 1 3.7
v -3.4 1 3.8
v -3.4 1 3.7
v -3.3 1.4 3.7
v -3.3 1.4 3.8
v -3.4 1.4 3.8
v -3.4 1.4 3.7
v -2.3 0 3.8
v -2.3 0 3.6
v -2.5 0.9 3.6
v -2.5 0.9 3.7
v -2.6 0.9 3.7
v -2.6 0.9 3.6
v -2.7 0.9 3.7
v -2.7 0.9 3.6
v -2.7 0.8 3.6
v -2.7 0.8 3.8
v -2.8 0.8 3.8
v -2.8 0.8 3.6
v -2.8 0.7 3.6
v -2.8 0.7 3.7
v -2.9 0.7 3.7
v -2.9 0.7 3.6
v -2.9 0 3.6
v -2.9 0 3.7
v -3 0 3.7
v -3 0 3.6
v -2.9 0.7 3.8
v -3 0.7 3.8
v -3 0.7 3.6
v -3 0.7 3.7
v -3.1 0.7 3.7
v -3.1 0.7 3.6
v -3.5 1.4 3.7
v -2.5 1.3 3.5
v -2.5 1.3 3.7
v -2.6 1.3 3.5
v -2.6 0.8 3.5
v -2.6 0.8 3.6
v -2.7 0.8 3.5
v -2.8 0.8 3.5
v -2.8 0 3.5
v -2.8 0 3.6
v -3 0 3.5
v -3.1 0.7 3.5
v -3.1 0.7 3.8
v -3.2 0.7 3.8
v -3.2 0.7 3.5
v -3.1 0 3.5
v -3.1 0 3.6
v -3.3 0 3.6
v -3.3 0 3.5
v -3.2 0.7 3.7
v -3.3 0.7 3.7
v -3.3 0.7 3.5
v -3.3 0.9 3.5
v -3.4 0.9 3.5
v -3.4 1.2 3.6
v -3.5 1.2 3.6
v -2.5 1.1 3.4
v -2.6 1.1 3.4
v -2.5 0.9 3.4
v -2.5 0.9 3.5
v -2.7 0.9 3.5
v -2.7 0.9 3.4
v -2.7 0.7 3.4
v -2.7 0.7 3.5
v -2.8 0.7 3.5
v -2.8 0.7 3.4
v -2.8 0 3.4
v -2.9 0 3.5
v -2.9 0 3.4
v -3.1 0 3.4
v -3.2 0 3.5
v -3.2 0 3.4
v -3.1 0.7 3.4
v -3.2 0.7 3.4
v -3.3 0.8 3.4
v -3.3 0.8 3.5
v -3.4 0.8 3.5
v -3.4 0.8 3.4
v -3.4 1 3.4
v -3.4 1 3.6
v -3.5 1 3.6
v -3.5 1 3.4
v -2.6 0.9 3.3
v -2.6 0.9 3.4
v -2.7 0.9 3.3
v -2.7 0 3.3
v -2.7 0 3.5
v -2.8 0 3.3
v -2.7 0.8 3.3
v -2.7 0.8 3.4
v -2.8 0.8 3.4
v -2.8 0.8 3.3
v -2.8 0.7 3.3
v -2.9 0.7 3.3
v -2.9 0.7 3.4
v -3 0.7 3.4
v -3 0.7 3.3
v -3 0 3.3
v -3.1 0 3.7
v -3.1 0 3.3
v -3.2 0.7 3.3
v -3.3 0.9 3.3
v -3.3 0.9 3.4
v -3.4 0.9 3.4
v -3.4 0.9 3.3
v -3.5 1.2 3.3
v -2.3 0 3.5
v -2.3 0 3.2
v -2.6 1.4 3.2
v -2.6 1.4 3.3
v -2.7 1.4 3.3
v -2.7 0.8 3.2
v -2.9 0.8 3.3
v -2.9 0.8 3.2
v -2.9 0 3.2
v -3 0 3.2
v -2.9 0.7 3.2
v -3 0.7 3.2
v -3.1 0 3.2
v -3 0.8 3.2
v -3 0.8 3.3
v -3.1 0.8 3.3
v -3.1 0.8 3.2
v -3.1 0.7 3.2
v -3.1 0.7 3.3
v -3.2 0.7 3.2
v -3.3 1 3.2
v -3.3 1 3.3
v -3.4 1 3.3
v -3.4 1 3.2
v -2.7 1 3.1
v -2.7 1 3.2
v -2.8 1 3.2
v -2.8 1 3.1
v -2.7 1.3 3.1
v -2.7 1.3 3.2
v -2.8 1.3 3.2
v -2.8 0.8 3.1
v -2.8 0.8 3.2
v -2.9 0.8 3.1
v -3 0.9 3.1
v -3 0.9 3.2
v -3.2 0.8 3.1
v -3.2 0.8 3.5
v -3.3 0.8 3.1
v -3.2 1 3.2
v -3.3 1 3.1
v -2.8 1.1 3
v -2.9 1.1 3.1
v -2.9 1.1 3
v -2.9 0.9 3
v -2.9 0.9 3.2
v -3 0.9 3
v -3.1 0.9 3
v -3.1 0.9 3.1
v -3.2 0.9 3
v -3.1 1.1 3
v -3.1 1.1 3.1
v -3.2 1.1 3
v -2.3 0 2.9
v -3.1 0 2.7
v -3.1 0 2.8
v -3.2 0 2.8
v -3.2 0 2.7
v -2.3 0 2.6
v -3 0 2.6
v -3 0 2.8
v -3.1 0 2.6
v -3.2 0 2.6
v -3.3 0 2.8
v -3.3 0 2.6
v -3.3 0 2.7
v -3.4 0 2.7
v -3.4 0 2.6
v -2.7 0 2.5
v -2.7 0 2.6
v -2.9 0 2.6
v -2.9 0 2.5
v -3.4 0.1 2.4
v -3.4 0.1 2.5
v -3.5 0.1 2.5
v -3.5 0.1 2.4
v -2.3 0 2.3
v -2.8 0 2.3
v -2.8 0 2.4
v -2.9 0 2.4
v -2.9 0 2.3
v -2.3 0 2.2
v -2.9 0.1 2.2
v -3 0.1 2.3
v -2.9 0.3 2.2
v -2.9 0.3 2.3
v -3 0.3 2.3
v -3.1 0 2.2
v -3.1 0 2.3
v -3.2 0 2.3
v -3.2 0 2.2
v -3.2 0.1 2.2
v -3.2 0.1 2.3
v -3.3 0.1 2.3
v -3.3 0.1 2.2
v -3 0 2.1
v -3 0 2.3
v -3.1 0 2.1
v -3 0.2 2.1
v -3.1 0.2 2.2
v -3.1 0.2 2.1
v -2.3 0 2.1
v -2.3 0 2
v -2.3 0 1.9
v -3 0.3 1.9
v -3 0.3 2
v -3.1 0.1 1.9
v -3.1 0.1 2
v -3.2 0.1 2
v -2.8 0 1.8
v -2.8 0 1.9
v -2.9 0 1.9
v -2.9 0 1.8
v -2.9 0.3 1.9
v -3 0.3 1.8
v -3.1 0 1.8
v -3.1 0 1.9
v -3.2 0 1.9
v -3.2 0 1.8
v -2.3 0 1.8
v -2.3 0 1.7
v -2.8 0 1.7
v -2.9 0 1.7
v -2.8 0.2 1.7
v -2.8 0.2 1.8
v -2.9 0.2 1.8
v -2.9 0.2 1.7
v -2.8 0.4 1.8
v -3.3 0.3 1.7
v -3.3 0.3 1.8
v -3.4 0.3 1.8
v -2.7 0 1.6
v -2.7 0 1.7
v -2.9 0 1.6
v -3.4 0 1.6
v -3.4 0 1.7
v -3.5 0 1.7
v -3.5 0 1.6
v -2.7 0.1 1.5
v -3.4 0.1 1.6
v -3.5 0.1 1.6
v -3.5 0.1 1.5
v -2.2 0 1.4
v -2.3 0 1.4
v -2.8 0 1.4
v -2.8 0 1.6
v -2.9 0 1.4
v -2.8 0.3 1.4
v -2.9 0.3 1.5
v -2.9 0.3 1.4
v -3 0 1.8
v -3 0 1.4
v -3.2 0 1.4
v -3.3 0 1.9
v -3.3 0 1.4
v -3.3 0 1.8
v -3.4 0 1.8
v -3.4 0 1.4
v -3.3 0.2 1.5
v -3.4 0.2 1.4
v -2.9 0.1 1.3
v -3 0.1 1.4
v -2.9 0.3 1.3
v -3 0.3 1.4
v -3.1 0 1.3
v -3.2 0 1.3
v -3.2 0.1 1.3
v -3.2 0.1 1.4
v -3.3 0.1 1.3
v -3.2 0.3 1.3
v -3.2 0.3 1.4
v -3.3 0.3 1.3
v -3 0 1.2
v -3 0 1.9
v -3.1 0 1.2
v -3 0.2 1.2
v -3.1 0.2 1.3
v -3.1 0.2 1.2
v -2.3 0 1.1
v -3 0.3 1
v -3 0.3 1.1
v -3.1 0.1 1
v -3.1 0.1 1.1
v -3.2 0.1 1.1
v -2.8 0 0.9
v -2.8 0 1
v -2.9 0 1
v -2.9 0 0.9
v -2.9 0.3 1
v -3 0.3 0.9
v -3.1 0 0.9
v -3.1 0 1
v -3.2 0 1
v -3.2 0 0.9
v -2.3 0 0.8
v -2.8 0 0.8
v -2.9 0 0.8
v -2.8 0.2 0.8
v -2.8 0.2 0.9
v -2.9 0.2 0.9
v -2.9 0.2 0.8
v -2.8 0.4 0.9
v -3.3 0.3 0.8
v -3.3 0.3 0.9
v -3.4 0.3 0.9
v -2.7 0 0.7
v -2.7 0 0.8
v -2.9 0 0.7
v -3.4 0 0.7
v -3.4 0 0.8
v -3.5 0 0.8
v -3.5 0 0.7
v -2.7 0.1 0.6
v -3.4 0.1 0.7
v -3.5 0.1 0.7
v -3.5 0.1 0.6
v -2.3 0 0.5
v -2.8 0 0.5
v -2.8 0 0.7
v -2.9 0 0.5
v -2.8 0.3 0.5
v -2.9 0.3 0.6
v -2.9 0.3 0.5
v -3 0 0.9
v -3 0 0.5
v -3.2 0 0.5
v -3.3 0 1
v -3.3 0 0.5
v -3.3 0 0.9
v -3.4 0 0.9
v -3.4 0 0.5
v -3.3 0.2 0.6
v -3.4 0.2 0.5
v -2.9 0.1 0.4
v -3 0.1 0.5
v -2.9 0.3 0.4
v -3 0.3 0.5
v -3.1 0 0.4
v -3.2 0 0.4
v -3.2 0.1 0.4
v -3.2 0.1 0.5
v -3.3 0.1 0.4
v -3.2 0.3 0.4
v -3.2 0.3 0.5
v -3.3 0.3 0.4
v -3 0 0.3
v -3 0 1
v -3.1 0 0.3
v -3 0.2 0.3
v -3.1 0.2 0.4
v -3.1 0.2 0.3
v -2.3 0 0.2
v -2.3 0 -0.1
v -2.3 0 0
v -2.5 0 0
v -2.5 0 -0.1
v -2.6 0.3 -0.1
v -2.6 0.3 0
v -2.6 0 -0.1
v -2.6 0 0
v -2.8 0 0
v -2.8 0 -0.1
v -2.7 0.4 -0.1
v -2.7 0.4 0
v -2.8 0.4 0
v -2.8 0.4 -0.1
v -2.9 0.4 -0.1
v -2.9 0.4 0
v -3 0.4 0
v -3 0.4 -0.1
v -2.9 0 -0.1
v -2.9 0 0
v -3.1 0 0
v -3.1 0 -0.1
v -3 0.2 -0.1
v -3 0.2 0
v -3.1 0.2 0
v -3.1 0.2 -0.1
v -3.2 0.4 -0.1
v -3.2 0.4 0
v -3.3 0.4 0
v -3.3 0.4 -0.1
v -3.2 0 -0.1
v -3.2 0 0
v -3.4 0 0
v -3.4 0 -0.1
v -3.5 0.1 -0.1
v -3.5 0.1 0
v -3.6 0 -0.1
v -3.6 0 0
v -3.7 0 0
v -3.7 0 -0.1
v -2.3 0.2 -0.2
v -3.6 0.2 -0.1
v -3.6 0.2 -0.2
v -2.3 0 -0.4
v -2.3 0 -0.5
v -2.3 0 -0.7
v -2.3 0 -1
v -2.3 0 -0.8
v -2.6 0 -0.8
v -2.6 0 -1
v -2.5 0.3 -1.2
v -2.5 0.3 -1.1
v -2.8 0.3 -1.1
v -2.8 0.3 -1.2
v -2.4 0 -1.2
v -2.4 0 -1
v -3.2 0 -1
v -3.2 0 -1.2
v -2.4 0 -1.3
v -3 0 -1.2
v -3 0 -1.3
v -3 0.4 -1.2
v -3 0.4 -1.3
v -3.9 0 -1.4
v -3.9 0 -1.2
v -4 0 -1.2
v -4 0 -1.4
v -3.9 0.2 -1.4
v -3.9 0.2 -1.3
v -4 0.2 -1.3
v -4 0.2 -1.4
v -3.9 0.4 -1.4
v -3.9 0.4 -1.3
v -4 0.4 -1.3
v -4 0.4 -1.4
v -3.9 0.2 -1.5
v -4 0.2 -1.5
v -3.9 0.4 -1.6
v -3.9 0.4 -1.5
v -4 0.4 -1.5
v -4 0.4 -1.6
v -3.9 0 -1.7
v -3.9 0 -1.5
v -4 0 -1.5
v -4 0 -1.7
v -3.9 0.3 -1.7
v -4 0.3 -1.7
v -3.9 0.2 -1.9
v -3.9 0.2 -1.8
v -4 0.2 -1.8
v -4 0.2 -1.9
v -3.8 0.2 -2
v -3.8 0.2 -1.6
v -3.9 0.2 -2
v -3.9 0 -2
v -3.9 0 -1.8
v -4 0 -1.8
v -4 0 -2
v -3.9 0.4 -2
v -3.9 0.4 -1.9
v -4 0.4 -1.9
v -4 0.4 -2
v -2.9 0 -1.3
v -2.9 0 -2.2
v -3 0 -2.2
v -3 0.3 -2.2
v -3 0.3 -1.7
v -3.1 0.3 -1.7
v -3.1 0.3 -2.2
v -3.2 0 -2.2
v -3.8 0.2 -2.2
v -3.8 0.2 -2.1
v -3.9 0.2 -2.1
v -3.9 0.2 -2.2
v -3.9 0 -2.2
v -3.9 0 -2.1
v -4 0 -2.1
v -4 0 -2.2
v -4 0.2 -2.1
v -4 0.2 -2.2
v -3.4 0.1 1.8
v -3.4 0.1 1.7
v -3.4 0.1 0.9
v -3.4 0.1 0.8
v -2.3 0.1 0
v -4 0 -1.3
v -4 0.1 -1.7
v -4 0.1 -2
v -3.1 0.2 3.6
v -3.1 0.2 3.4
v -3.2 0.2 1.9
v -3.2 0.2 1.8
v -3.5 0.2 1.7
v -3.2 0.2 1
v -3.2 0.2 0.9
v -3.5 0.2 0.8
v -3.2 0.3 1.8
v -3.2 0.3 0.9
v -3 0.1 -1.3
v -3.9 0.3 -1.8
v -3 0.1 -1.5
v -3.1 0.4 1.9
v -3.2 0.4 1.9
v -3.2 0.4 1.8
v -3.1 0.4 1
v -3.2 0.4 1
v -3.2 0.4 0.9
v -3.1 0.5 3.6
v -3.1 0.5 3.5
v -3.1 0.2 3.5
v -4 0.5 -1.3
v -3 0.5 -1.5
v -4 0.5 -1.6
v -4 0.5 -1.9
v -3.1 0.6 3.6
v -3.1 0.6 3.5
v -2.4 0.1 -1.1
v -3.1 0.6 1.7
v -3.1 0.6 0.8
v -3.3 0.8 3.7
v -3.2 0.8 3.4
v -3.2 0.8 3.2
v -2.9 0.8 3.8
v -3.2 0.9 3.9
v -3.2 0.9 3.8
v -2.9 0.9 3.1
v -3.4 1 3.5
v -3.5 1.1 3.4
v -3.4 1.1 3.4
v -3.4 1.1 3.3
v -3.3 1.2 3.8
v -3.3 1.2 3.7
v -3.4 1.2 3.7
v -3.2 1.2 3.2
v -3.4 1.3 3.7
v -3.4 1.3 3.6
v -3.4 1.3 3.5
v -3.3 1.3 3.3
v -3.3 1.3 3.2
v -3.2 1.3 3.2
v -3.2 1.3 3.1
v -3.2 1.4 3.9
v -3.2 1.4 3.8
v -3.4 1.4 3.4
v -3.3 1.4 3.3
v -3.3 1.4 3.2
v -3.4 1.5 3.4
v -3.3 1.5 3.6
v -3.3 1.5 3.5
v -3 1.7 3.7
v -3.2 1.7 3.4
v -3 0.1 1.9
v -3 0.1 1.8
v -3 0.1 1
v -3 0.1 0.9
v -3.9 0 -1.3
v -3.9 0.1 -1.7
v -3.9 0.1 -2
v -3 0.2 1.9
v -3 0.2 1.8
v -2.9 0.2 1.5
v -3 0.2 1
v -3 0.2 0.9
v -2.9 0.2 0.6
v -2.9 0.3 3.5
v -2.9 0.3 3.4
v -2.9 0.1 -1.5
v -2.9 0.3 -2.2
v -2.8 0.4 1.6
v -2.8 0.4 0.7
v -2.9 0.4 1.6
v -2.9 0.4 1.5
v -2.9 0.4 0.7
v -2.9 0.4 0.6
v -3.9 0.5 -1.3
v -2.9 0.5 -1.5
v -3.9 0.5 -1.6
v -3.9 0.5 -1.9
v -2.9 0.6 3.6
v -2.9 0.6 3.5
v -2.9 0.7 3.5
v -2.7 0.8 3.7
v -2.7 0.9 3.2
v -2.7 1 3.3
v -2.7 1.2 3.3
v -2.7 1.2 3.2
v -2.8 1.2 3.2
v -2.8 1.2 3.1
v -2.6 1.3 3.4
v -2.6 1.3 3.3
v -2.7 1.3 3.3
v -2.7 1.5 3.8
v -2.7 1.5 3.7
v -2.7 1.6 3.8
v -2.7 1.5 3.3
v -2.4 0.4 -1.2
v -2.5 0.3 -1.3
v -2.6 1.5 3.5
v -2.7 0.5 -0.1
v -2.6 0.9 3.5
v -2.6 1.5 3.6
v -2.8 0.2 -0.1
v -2.8 0.3 -1.3
v -2.8 0.9 3.2
v -2.8 0.2 1.5
v -2.8 0.2 0.6
v -2.9 0.5 1.7
v -2.9 0.5 0.8
v -2.9 1.4 3.1
v -2.9 0.2 -0.1
v -2.9 0.1 -0.1
v -3 0.3 3.4
v -2.9 0.4 1.3
v -2.9 0.4 0.4
v -3 1.1 3.1
v -3.1 0.3 3.4
v -3.1 0.3 -0.1
v -3.1 0.4 -0.1
v -3.1 0.9 3.2
v -3.1 1.4 3.1
v -3 1.4 3.1
v -3.2 0.3 2.2
v -3.2 1.4 3.1
v -3.2 1.4 3.2
v -3.3 1.5 3.2
v -3.4 0.2 -0.1
v -3.4 0.3 -0.1
v -3.4 0.4 -0.1
v -3.3 0.3 -0.1
v -3.4 1.1 3.2
v -3.5 0.2 -0.1
v -3.5 0.3 -0.1
v -2.4 0.3 -1.2
v -2.7 0.5 0
v -2.7 1.4 3.7
v -2.8 0.2 0
v -2.8 1.3 3.8
v -2.9 0.1 -1.2
v -2.9 1 3.9
v -2.9 0.1 0
v -3 0.2 3.6
v -2.9 0.2 3.6
v -3 0.6 3.6
v -3 0.9 3.8
v -3 1 3.9
v -2.9 1.3 3.9
v -3 1.3 3.9
v -2.9 1.4 3.9
v -3.1 0.1 2.3
v -3.1 0.2 2.3
v -3.1 0.2 1.9
v -3.1 0.2 1
v -3.1 0.4 0
v -3 0.5 3.6
v -3.1 1.5 3.8
v -3.1 1.8 3.7
v -3.2 0.3 2.3
v -3.1 1.3 3.9
v -3.3 1.2 3.9
v -3.4 0.2 0
v -3.4 0.4 0
v -3.3 1.3 3.7
v 3 1.6 -2.3
v 2.9 1.6 -2.3
v 2.9 0.2 -2.3
v 2.8 0.2 -2.3
v 2.8 0.2 -2.2
v 2.9 0.2 -2.2
v 2.5 0.1 -2.3
v 2.4 0.1 -2.3
v 2.4 0.2 -2.3
v 2.3 0.2 -2.3
v 2.3 0.2 -2.2
v 2.4 0.2 -2.2
v 1.9 0.2 -2.3
v 1.8 0.2 -2.3
v 1.8 0.2 -2.2
v 1.9 0.2 -2.2
v 1 1.9 -2.3
v 0.8 1.9 -2.3
v 0.1 0.2 -2.3
v 0 0.2 -2.3
v 0 0.3 -2.3
v -0.1 0.3 -2.3
v 2.5 0.2 -2.4
v 2.4 0.2 -2.4
v 2.5 0.2 -2.3
v 1.4 0.1 -2.4
v 1.1 0.1 -2.4
v 1.1 1.6 -2.4
v 1 1.6 -2.4
v 1 1.8 -2.4
v 0.8 1.8 -2.4
v 0.8 1.8 -2.3
v 1 1.8 -2.3
v 3.1 0.4 -2.5
v 3 0.4 -2.5
v 3 0.4 -2.3
v 3.1 0.4 -2.3
v 2.9 0.4 -2.5
v 2.2 0.1 -2.5
v 1.9 0.1 -2.5
v 2.2 0.1 -2.2
v 1.8 0.1 -2.5
v 1.8 0.1 -2.3
v 1.9 0.1 -2.3
v 1.4 0.2 -2.5
v 1.3 0.2 -2.5
v 1.3 0.2 -2.4
v 1.4 0.2 -2.4
v 1.1 0.4 -2.5
v 0.9 0.4 -2.5
v 1.1 1.7 -2.5
v 0.8 1.7 -2.5
v 0.8 1.7 -2.4
v 1.1 1.7 -2.4
v -0.9 0.4 -2.5
v -1.1 0.4 -2.5
v 3 1.1 -2.6
v 2.9 1.1 -2.6
v 3 1.4 -2.6
v 2.9 1.4 -2.6
v 2.9 1.4 -2.5
v 3 1.4 -2.5
v 2.2 0.2 -2.6
v 2.1 0.2 -2.6
v 2.1 0.2 -2.5
v 2.2 0.2 -2.5
v 1.9 0.2 -2.6
v 1.8 0.2 -2.6
v 1.8 0.2 -2.5
v 1.9 0.2 -2.5
v 1.1 1.6 -2.6
v 0.8 1.6 -2.6
v 0.8 1.6 -2.5
v 1.1 1.6 -2.5
v 0.1 0.2 -2.6
v 0 0.2 -2.6
v 0 0.2 -2.4
v 0.1 0.2 -2.4
v 0 0.5 -2.6
v -0.1 0.5 -2.6
v -0.1 0.5 -2.4
v 0 0.5 -2.4
v -0.1 0.3 -2.6
v -0.2 0.3 -2.6
v -0.2 0.3 -2.2
v 3.2 1.5 -2.7
v 2.9 1.5 -2.7
v 2.9 1.5 -2.6
v 3.2 1.5 -2.6
v 1.2 1.5 -2.7
v 0.8 1.5 -2.7
v 0.8 1.5 -2.6
v 1.2 1.5 -2.6
v 4 0.2 -2.8
v 3.9 0.2 -2.8
v 3.9 0.2 -2.7
v 4 0.2 -2.7
v 3.9 0.3 -2.8
v 3.8 0.3 -2.8
v 3.8 0.3 -2.7
v 3.9 0.3 -2.7
v 3 0.7 -2.8
v 2.9 0.7 -2.8
v 2.9 0.7 -2.6
v 3 0.7 -2.6
v 3 1 -2.8
v 2.9 1 -2.8
v 2.9 1 -2.7
v 3 1 -2.7
v 3.1 1.4 -2.8
v 2.9 1.4 -2.8
v 2.9 1.4 -2.7
v 3.1 1.4 -2.7
v 1.2 1.4 -2.8
v 0.8 1.4 -2.8
v 0.8 1.4 -2.7
v 1.2 1.4 -2.7
v 0.1 0.2 -2.8
v 0 0.2 -2.8
v 0 0.2 -2.7
v 0.1 0.2 -2.7
v 4 0.1 -2.9
v 3.9 0.1 -2.9
v 3.9 0.1 -2.8
v 4 0.1 -2.8
v 4 0.5 -2.9
v 3.9 0.5 -2.9
v 3.9 0.5 -2.7
v 4 0.5 -2.7
v 3.1 1.3 -2.9
v 2.9 1.3 -2.9
v 2.9 1.3 -2.8
v 3.1 1.3 -2.8
v 2.9 0.1 -2.9
v 2.8 0.1 -2.9
v 2.8 0.1 -2.3
v 2.9 0.1 -2.3
v 2.5 0.1 -2.9
v 2.8 0.1 -2.2
v 2.4 0.1 -2.9
v 2.4 0.1 -2.4
v 2.5 0.1 -2.4
v 2.3 0.1 -2.9
v 2.3 0.1 -2.3
v 2.2 0.1 -2.9
v 2.3 0.1 -2.2
v 2.1 0.1 -2.9
v 2.1 0.1 -2.6
v 2.2 0.1 -2.6
v 1.9 0.1 -2.9
v 2.1 0.1 -2.5
v 1.8 0.1 -2.9
v 1.8 0.1 -2.6
v 1.9 0.1 -2.6
v 1.4 0.1 -2.9
v 1.3 0.1 -2.9
v 1.3 0.1 -2.5
v 1.4 0.1 -2.5
v 1.1 0.1 -2.9
v 1.3 0.1 -2.4
v 1.2 1.3 -2.9
v 0.8 1.3 -2.9
v 0.8 1.3 -2.8
v 1.2 1.3 -2.8
v 0.1 0.1 -2.9
v 0 0.1 -2.9
v 0 0.1 -2.8
v 0.1 0.1 -2.8
v -0.1 0.1 -2.9
v -0.1 0.1 -2.7
v 0 0.1 -2.7
v -1 0.4 -2.9
v -1.1 0.4 -2.9
v -1 0.4 -2.5
v -1.1 0.1 -2.9
v -2.2 0.1 -2.9
v 3 0.6 -3
v 2.9 0.6 -3
v 2.9 0.6 -2.9
v 3 0.6 -2.9
v 3.2 1.2 -3
v 2.9 1.2 -3
v 2.9 1.2 -2.9
v 3.2 1.2 -2.9
v 2.8 0.6 -3
v 2.7 0.6 -3
v 2.7 0.6 -2.9
v 2.8 0.6 -2.9
v 2.7 0.4 -3
v 2.5 0.4 -3
v 2.5 0.4 -2.9
v 2.7 0.4 -2.9
v 2.7 0.8 -3
v 2.5 0.8 -3
v 2.5 0.8 -2.9
v 2.7 0.8 -2.9
v 2.5 0.9 -3
v 2.4 0.9 -3
v 2.4 0.9 -2.9
v 2.5 0.9 -2.9
v 1.5 1.2 -3
v 1.4 1.2 -3
v 1.4 1.2 -2.9
v 1.5 1.2 -2.9
v 1.4 0.6 -3
v 1.3 0.6 -3
v 1.3 0.6 -2.9
v 1.4 0.6 -2.9
v 1.3 0.8 -3
v 1.2 0.8 -3
v 1.2 0.8 -2.9
v 1.3 0.8 -2.9
v 1.2 1.2 -3
v 1.2 1.2 -2.8
v 1.4 1.2 -2.8
v 1.3 0.3 -3
v 1.1 0.3 -3
v 1.1 0.3 -2.9
v 1.3 0.3 -2.9
v 1.2 1 -3
v 1.1 1 -3
v 1.1 1 -2.9
v 1.2 1 -2.9
v 1 1 -3
v 1 1 -2.9
v 1 1.2 -3
v 0.8 1.2 -3
v 0.8 1.2 -2.9
v 1 1.2 -2.9
v -1 0.7 -3
v -1.1 0.7 -3
v -1.1 0.7 -2.9
v -1 0.7 -2.9
v -1.2 0.7 -3
v -1.2 0.7 -2.9
v -1.2 0.6 -3
v -1.4 0.6 -3
v -1.4 0.6 -2.9
v -1.2 0.6 -2.9
v -1.4 0.7 -3
v -1.5 0.7 -3
v -1.5 0.7 -2.9
v -1.4 0.7 -2.9
v -1.6 0.7 -3
v -1.6 0.7 -2.9
v 4 0.5 -3.1
v 3.9 0.5 -3.1
v 3.9 0.5 -3
v 4 0.5 -3
v 3.2 1.1 -3.1
v 2.9 1.1 -3.1
v 2.9 1.1 -3
v 3.2 1.1 -3
v 2.6 1.1 -3.1
v 2.6 1.1 -2.9
v 2.9 1.1 -2.9
v 2.4 0.4 -3.1
v 1.6 0.4 -3.1
v 1.6 0.4 -2.9
v 2.4 0.4 -2.9
v 1.9 1.1 -3.1
v 1.5 1.1 -3.1
v 1.5 1.1 -2.9
v 1.9 1.1 -2.9
v 1.2 1.1 -3.1
v 1.2 1.1 -3
v 1.5 1.1 -3
v 1 1.1 -3.1
v 0.8 1.1 -3.1
v 0.8 1.1 -3
v 1 1.1 -3
v 0.1 0.2 -3.1
v 0 0.2 -3.1
v 0 0.2 -3
v 0.1 0.2 -3
v -0.1 0.3 -3.1
v -0.2 0.3 -3.1
v -0.2 0.3 -2.8
v -0.1 0.3 -2.8
v -1.6 0.4 -3.1
v -2.2 0.4 -3.1
v -2.2 0.4 -2.9
v -1.6 0.4 -2.9
v 4 0.1 -3.2
v 3.9 0.1 -3.2
v 3.9 0.1 -3
v 4 0.1 -3
v 3.2 0.1 -3.2
v 3.1 0.1 -3.2
v 3.1 0.1 -2.5
v 3.2 0.1 -2.5
v 3 0.1 -3.2
v 1 0.1 -3.2
v 1 0.1 -3
v 3 0.1 -3
v 0.8 0.1 -3.2
v 0.1 0.4 -3.2
v 0 0.4 -3.2
v 0 0.4 -3.1
v 0.1 0.4 -3.1
v 0 0.2 -3.2
v -0.1 0.2 -3.2
v -0.1 0.2 -3.1
v -0.1 0.4 -3.2
v -0.1 0.4 -3
v 0 0.4 -3
v -0.8 0.1 -3.2
v -1 0.1 -3.2
v -1 0.1 -2.9
v -0.8 0.1 -2.9
v -2.2 0.1 -3.2
v -2.2 0.1 -3
v -1 0.1 -3
v 4 0.3 -3.5
v 3.9 0.3 -3.5
v 3.9 0.3 -3.3
v 4 0.3 -3.3
v 0.1 0.3 -3.5
v 0 0.3 -3.5
v 0 0.3 -3.3
v 0.1 0.3 -3.3
v 0 0.2 -3.5
v -0.1 0.2 -3.5
v -0.1 0.2 -3.3
v 0 0.2 -3.3
v 0.2 0.3 -3.6
v 0.1 0.3 -3.6
v 0.1 0.3 -3.1
v 0.2 0.3 -3.1
v 3.9 0.3 -3.7
v 3.8 0.3 -3.7
v 3.8 0.3 -3
v 3.9 0.3 -3
v 0.1 0.2 -3.7
v -0.1 0.2 -3.7
v -0.1 0.2 -3.6
v 0.1 0.2 -3.6
v 4 0.1 -3.8
v 3.9 0.1 -3.8
v 3.9 0.1 -3.6
v 4 0.1 -3.6
v 4 0.5 -3.8
v 3.9 0.5 -3.8
v 3.9 0.5 -3.6
v 4 0.5 -3.6
v 0.2 0.3 -3.8
v 0.1 0.3 -3.8
v 0.1 0.3 -3.7
v 0.2 0.3 -3.7
v 0.1 0.5 -3.8
v 0 0.5 -3.8
v 0 0.5 -3.6
v 0.1 0.5 -3.6
v 0 0.2 -3.8
v -0.1 0.2 -3.8
v 0 0.2 -3.7
v 3.8 0.3 -3.9
v 0.5 0.3 -3.9
v 0.5 0.3 -3.8
v 3.8 0.3 -3.8
v -0.2 0.3 -3.9
v -0.3 0.3 -3.9
v -0.3 0.3 -3.8
v -0.2 0.3 -3.8
v -0.8 0.3 -3.9
v -1.1 0.3 -3.9
v -1.1 0.3 -3.8
v -0.8 0.3 -3.8
v -1.8 0.3 -3.9
v -2 0.3 -3.9
v -2 0.3 -3.8
v -1.8 0.3 -3.8
v 4 0.1 -4
v 3.8 0.1 -4
v 3.8 0.1 -3.9
v 4 0.1 -3.9
v 4 0.5 -4
v 3.8 0.5 -4
v 3.8 0.5 -3.9
v 4 0.5 -3.9
v 3.7 0.2 -4
v 3.5 0.2 -4
v 3.5 0.2 -3.9
v 3.7 0.2 -3.9
v 3.7 0.5 -4
v 3.5 0.5 -4
v 3.5 0.5 -3.9
v 3.7 0.5 -3.9
v 3.4 0.1 -4
v 3.3 0.1 -4
v 3.3 0.1 -3.9
v 3.4 0.1 -3.9
v 3.4 0.3 -4
v 3.2 0.3 -4
v 3.2 0.3 -3.9
v 3.4 0.3 -3.9
v 3.4 0.5 -4
v 3.2 0.5 -4
v 3.2 0.5 -3.9
v 3.4 0.5 -3.9
v 3.1 0.4 -4
v 3 0.4 -4
v 3 0.4 -3.9
v 3.1 0.4 -3.9
v 3 0.5 -4
v 2.9 0.5 -4
v 2.9 0.5 -3.9
v 3 0.5 -3.9
v 2.8 0.1 -4
v 2.7 0.1 -4
v 2.7 0.1 -3.9
v 2.8 0.1 -3.9
v 2.7 0.3 -4
v 2.6 0.3 -4
v 2.6 0.3 -3.9
v 2.7 0.3 -3.9
v 2.8 0.5 -4
v 2.6 0.5 -4
v 2.6 0.5 -3.9
v 2.8 0.5 -3.9
v 2.5 0.5 -4
v 2.3 0.5 -4
v 2.3 0.5 -3.9
v 2.5 0.5 -3.9
v 2.2 0.1 -4
v 2.1 0.1 -4
v 2.1 0.1 -3.9
v 2.2 0.1 -3.9
v 2.2 0.5 -4
v 2.1 0.5 -4
v 2.1 0.5 -3.9
v 2.2 0.5 -3.9
v 2.1 0.4 -4
v 2 0.4 -4
v 2 0.4 -3.9
v 2.1 0.4 -3.9
v 2 0.2 -4
v 1.9 0.2 -4
v 1.9 0.2 -3.9
v 2 0.2 -3.9
v 2 0.5 -4
v 1.8 0.5 -4
v 1.8 0.5 -3.9
v 2 0.5 -3.9
v 1.7 0.5 -4
v 1.5 0.5 -4
v 1.5 0.5 -3.9
v 1.7 0.5 -3.9
v 1.3 0.1 -4
v 1.2 0.1 -4
v 1.2 0.1 -3.9
v 1.3 0.1 -3.9
v 1.4 0.5 -4
v 1.2 0.5 -4
v 1.2 0.5 -3.9
v 1.4 0.5 -3.9
v 1.1 0.1 -4
v 0.9 0.1 -4
v 0.9 0.1 -3.9
v 1.1 0.1 -3.9
v 1.1 0.5 -4
v 0.9 0.5 -4
v 0.9 0.5 -3.9
v 1.1 0.5 -3.9
v 0.8 0.5 -4
v 0.7 0.5 -4
v 0.7 0.5 -3.9
v 0.8 0.5 -3.9
v 0.8 0.1 -4
v 0.6 0.1 -4
v 0.6 0.1 -3.9
v 0.8 0.1 -3.9
v 0.7 0.3 -4
v 0.6 0.3 -4
v 0.6 0.3 -3.9
v 0.7 0.3 -3.9
v 0.2 0.1 -4
v 0.1 0.1 -4
v 0.1 0.1 -3.9
v 0.2 0.1 -3.9
v 0.1 0.2 -4
v -0.2 0.2 -4
v -0.2 0.2 -3.9
v 0.1 0.2 -3.9
v -0.3 0.2 -4
v -0.5 0.2 -4
v -0.5 0.2 -3.9
v -0.3 0.2 -3.9
v -0.6 0.2 -4
v -0.8 0.2 -4
v -0.8 0.2 -3.9
v -0.6 0.2 -3.9
v -0.9 0.2 -4
v -1.1 0.2 -4
v -1.1 0.2 -3.9
v -0.9 0.2 -3.9
v -1.2 0.1 -4
v -1.4 0.1 -4
v -1.4 0.1 -3.9
v -1.2 0.1 -3.9
v -1.5 0.1 -4
v -1.7 0.1 -4
v -1.7 0.1 -3.9
v -1.5 0.1 -3.9
v -2 0.2 -4
v -2.2 0.2 -4
v -2.2 0.2 -3.9
v -2 0.2 -3.9
v -1.8 0.5 -4
v -2.2 0.5 -4
v -2.2 0.5 -3.9
v -1.8 0.5 -3.9
v 3 1.5 -2.3
v 2.9 1.5 -2.3
v 1 1.7 -2.3
v 0.8 1.7 -2.2
v 0.8 1.7 -2.3
v 0.1 0 -2.3
v -0.1 0 -2.3
v 1 1.6 -2.3
v 0.8 1.6 -2.3
v 0.8 1.6 -2.4
v 3.1 0.3 -2.5
v 3.1 0.3 -2.3
v 3 0.3 -2.3
v 3 0.3 -2.5
v 3 0.9 -2.5
v 2.9 0.9 -2.5
v 1.1 0.9 -2.5
v 1 0.9 -2.5
v 1 0.3 -2.5
v 0.9 0.3 -2.5
v 1 1.5 -2.5
v 1 1.5 -2.4
v 0.8 1.5 -2.4
v 0.8 1.5 -2.5
v -0.9 0.3 -2.5
v -1 0.3 -2.5
v 3 1.2 -2.6
v 3 1.2 -2.5
v 2.9 1.2 -2.5
v 2.9 1.2 -2.6
v 1 1.4 -2.6
v 1 1.4 -2.5
v 0.8 1.4 -2.5
v 0.8 1.4 -2.6
v 0.1 0 -2.6
v 0.1 0 -2.4
v -0.1 0 -2.4
v -0.1 0 -2.6
v -0.1 0.2 -2.6
v -0.1 0.2 -2.2
v -0.2 0.2 -2.2
v -0.2 0.2 -2.6
v 3.2 1.4 -2.7
v 3.2 1.4 -2.6
v 3.1 1.4 -2.6
v 3.1 1.3 -2.7
v 3.1 1.3 -2.6
v 3 1.3 -2.6
v 3 1.3 -2.7
v 1.2 1.2 -2.7
v 1.2 1.2 -2.6
v 1.1 1.2 -2.6
v 1.1 1.2 -2.7
v 1 1.3 -2.7
v 1 1.3 -2.6
v 0.8 1.3 -2.6
v 0.8 1.3 -2.7
v 4 0.3 -2.8
v 4 0.3 -2.7
v 3.8 0.2 -2.7
v 3.8 0.2 -2.8
v 3.1 1.2 -2.8
v 3.1 1.2 -2.7
v 3 1.2 -2.7
v 3 1.2 -2.8
v 3 0.8 -2.8
v 3 0.8 -2.6
v 2.9 0.8 -2.6
v 2.9 0.8 -2.8
v 3 1.1 -2.8
v 3 1.1 -2.7
v 2.9 1.1 -2.7
v 2.9 1.1 -2.8
v 1 1.2 -2.8
v 1 1.2 -2.7
v 0.8 1.2 -2.7
v 0.8 1.2 -2.8
v 4 0 -2.9
v 4 0 -2.7
v 3.9 0 -2.7
v 3.9 0 -2.9
v 4 0.4 -2.9
v 4 0.4 -2.8
v 3.9 0.4 -2.8
v 3.9 0.4 -2.9
v 3.1 1.1 -2.9
v 3.1 1.1 -2.8
v 3 1.1 -2.9
v 1.4 1.1 -2.9
v 1.4 1.1 -2.8
v 1.2 1.1 -2.8
v 1.2 1.1 -2.9
v 2.9 0 -2.9
v 1.1 0 -2.9
v 1.2 1.2 -2.9
v 1.1 1.2 -2.9
v 1 1.1 -2.9
v 1 1.1 -2.8
v 0.8 1.1 -2.8
v 0.8 1.1 -2.9
v 0.1 0 -2.9
v 0.1 0 -2.7
v -0.1 0 -2.7
v -0.1 0 -2.9
v -1.1 0 -2.9
v -2.2 0 -2.9
v 3 0 -3
v 2.9 0 -3
v 3 0.9 -3
v 3 0.9 -2.9
v 2.9 0.9 -2.9
v 2.9 0.9 -3
v 2.7 0.5 -3
v 2.7 0.5 -2.9
v 2.5 0.5 -2.9
v 2.5 0.5 -3
v 1.9 0.9 -3
v 1.9 0.9 -2.9
v 1.6 0.9 -2.9
v 1.6 0.9 -3
v 1.4 0.7 -3
v 1.4 0.7 -2.9
v 1.2 0.7 -2.9
v 1.2 0.7 -3
v 1.3 0.9 -3
v 1.3 0.9 -2.9
v 1.2 0.9 -2.9
v 1.2 0.9 -3
v 1.1 0 -3
v 1.2 0.5 -3
v 1.2 0.5 -2.9
v 1.1 0.5 -2.9
v 1.1 0.5 -3
v 1 0 -3
v -1 0 -3
v -1.1 0 -3
v -2.2 0 -3
v 4 0.3 -3.1
v 4 0.3 -3
v 3.9 0.3 -3.1
v 3.2 1 -3.1
v 3.2 1 -2.9
v 3 1 -2.9
v 3 1 -3.1
v 3 1 -3
v 2.8 1 -3
v 2.8 1 -3.1
v 2.8 1 -2.9
v 2.6 1 -2.9
v 2.6 1 -3.1
v 2.4 0.3 -3.1
v 2.4 0.3 -3
v 1.6 0.3 -3
v 1.6 0.3 -3.1
v 1.9 1 -3.1
v 1.9 1 -3
v 1.2 1 -3.1
v 1 1 -3.1
v 0.8 1 -2.9
v 0.8 1 -3.1
v -0.1 0.2 -3
v -0.1 0.2 -2.8
v -0.2 0.2 -2.8
v -0.2 0.2 -3.1
v -1.6 0.3 -3.1
v -1.6 0.3 -3
v -2.2 0.3 -3
v -2.2 0.3 -3.1
v 4 0 -3.2
v 4 0 -3
v 3.9 0 -3
v 3.9 0 -3.2
v 3.2 0 -3.2
v 3.2 0 -2.5
v 3.1 0 -2.5
v 3.1 0 -3.2
v 3 0 -3.2
v 1 0 -3.2
v 0.8 0 -3.2
v 0.1 0 -3.2
v 0.1 0 -3
v 0 0 -3
v 0 0 -3.2
v 0 0 -3.1
v -0.1 0 -3.1
v -0.1 0 -3.2
v 0 0.3 -3.2
v 0 0.3 -3.1
v -0.1 0.3 -3.2
v -0.8 0 -3.2
v -0.8 0 -2.9
v -1 0 -2.9
v -1 0 -3.2
v -2.2 0 -3.2
v 4 0.2 -3.4
v 4 0.2 -3.3
v 3.9 0.2 -3.3
v 3.9 0.2 -3.4
v 4 0 -3.5
v 4 0 -3.4
v 3.9 0 -3.4
v 3.9 0 -3.5
v 0.1 0 -3.5
v 0.1 0 -3.3
v -0.1 0 -3.3
v -0.1 0 -3.5
v 0.2 0.2 -3.6
v 0.2 0.2 -3.1
v 4 0.2 -3.7
v 4 0.2 -3.6
v 3.9 0.2 -3.6
v 3.9 0.2 -3.7
v 3.9 0.2 -3
v 3.8 0.2 -3
v 3.8 0.2 -3.7
v 0.1 0.4 -3.7
v 0.1 0.4 -3.6
v 0 0.4 -3.6
v 0 0.4 -3.7
v 4 0 -3.8
v 4 0 -3.6
v 3.9 0 -3.6
v 3.9 0 -3.8
v 4 0.4 -3.8
v 4 0.4 -3.7
v 3.9 0.4 -3.7
v 3.9 0.4 -3.8
v 0.2 0.2 -3.8
v 0.2 0.2 -3.7
v 0.1 0.2 -3.8
v 0.1 0 -3.8
v 0.1 0 -3.6
v -0.1 0 -3.6
v -0.1 0 -3.8
v 3.8 0.2 -3.9
v 3.8 0.2 -3.8
v 0.5 0.2 -3.8
v 0.5 0.2 -3.9
v -0.2 0.2 -3.8
v -0.3 0.2 -3.8
v -0.8 0.2 -3.8
v -1.1 0.2 -3.8
v -1.8 0.2 -3.9
v -1.8 0.2 -3.8
v -2 0.2 -3.8
v 4 0 -4
v 4 0 -3.9
v 3.8 0 -3.9
v 3.8 0 -4
v 4 0.4 -4
v 4 0.4 -3.9
v 3.8 0.4 -3.9
v 3.8 0.4 -4
v 3.7 0.4 -4
v 3.7 0.4 -3.9
v 3.6 0.4 -3.9
v 3.6 0.4 -4
v 3.7 0 -4
v 3.7 0 -3.9
v 3.5 0 -3.9
v 3.5 0 -4
v 3.6 0.3 -4
v 3.6 0.3 -3.9
v 3.5 0.3 -3.9
v 3.5 0.3 -4
v 3.4 0 -4
v 3.4 0 -3.9
v 3.3 0 -3.9
v 3.3 0 -4
v 3.4 0.2 -4
v 3.4 0.2 -3.9
v 3.3 0.2 -3.9
v 3.3 0.2 -4
v 3.2 0.1 -3.9
v 3.2 0.1 -4
v 3.4 0.4 -4
v 3.4 0.4 -3.9
v 3.2 0.4 -3.9
v 3.2 0.4 -4
v 3.1 0 -4
v 3.1 0 -3.9
v 3 0 -3.9
v 3 0 -4
v 3 0.3 -4
v 3 0.3 -3.9
v 2.9 0.3 -3.9
v 2.9 0.3 -4
v 2.8 0.2 -4
v 2.8 0.2 -3.9
v 2.7 0.2 -3.9
v 2.7 0.2 -4
v 2.8 0 -4
v 2.8 0 -3.9
v 2.6 0 -3.9
v 2.6 0 -4
v 2.7 0.4 -4
v 2.7 0.4 -3.9
v 2.6 0.4 -3.9
v 2.6 0.4 -4
v 2.5 0 -4
v 2.5 0 -3.9
v 2.3 0 -3.9
v 2.3 0 -4
v 2.2 0.4 -4
v 2.2 0.4 -3.9
v 2 0.3 -4
v 2 0.3 -3.9
v 1.9 0.3 -3.9
v 1.9 0.3 -4
v 2.2 0 -4
v 2.2 0 -3.9
v 1.8 0 -3.9
v 1.8 0 -4
v 1.7 0 -4
v 1.7 0 -3.9
v 1.5 0 -3.9
v 1.5 0 -4
v 1.4 0 -4
v 1.4 0 -3.9
v 1.2 0 -3.9
v 1.2 0 -4
v 1.3 0.3 -4
v 1.3 0.3 -3.9
v 1.2 0.3 -3.9
v 1.2 0.3 -4
v 1.1 0 -4
v 1.1 0 -3.9
v 0.9 0 -3.9
v 0.9 0 -4
v 1.1 0.3 -4
v 1.1 0.3 -3.9
v 0.9 0.3 -3.9
v 0.9 0.3 -4
v 0.8 0.3 -4
v 0.8 0.3 -3.9
v 0.8 0 -4
v 0.8 0 -3.9
v 0.6 0 -3.9
v 0.6 0 -4
v 0.7 0.2 -4
v 0.7 0.2 -3.9
v 0.6 0.2 -3.9
v 0.6 0.2 -4
v 0.2 0 -4
v 0.2 0 -3.9
v -0.2 0 -3.9
v -0.2 0 -4
v -0.3 0 -4
v -0.3 0 -3.9
v -0.5 0 -3.9
v -0.5 0 -4
v -0.6 0 -4
v -0.6 0 -3.9
v -0.8 0 -3.9
v -0.8 0 -4
v -0.9 0 -4
v -0.9 0 -3.9
v -1.1 0 -3.9
v -1.1 0 -4
v -1.2 0 -4
v -1.2 0 -3.9
v -1.4 0 -3.9
v -1.4 0 -4
v -1.5 0 -4
v -1.5 0 -3.9
v -1.7 0 -3.9
v -1.7 0 -4
v -1.8 0.1 -4
v -1.8 0.1 -3.9
v -1.9 0.1 -3.9
v -1.9 0.1 -4
v -1.9 0 -4
v -1.9 0 -3.9
v -2.2 0 -3.9
v -2.2 0 -4
v -2 0.4 -4
v -2 0.4 -3.9
v -2.2 0.4 -3.9
v -2.2 0.4 -4
v 3.9 0 -2.8
v -0.1 0.2 -2.3
v -0.1 0.2 -2.4
v 3.9 0.2 -3.5
v 2.9 0.3 -2.3
v 2.9 0.3 -2.9
v 1 0.3 -2.9
v 1 0.1 -2.9
v -1.1 0.3 -2.9
v 0.1 0.3 -3.2
v 0.1 0.2 -3.3
v 0.1 0.2 -3.2
v 0.1 0.2 -3.5
v 2.9 0.3 -2.5
v -1.1 0.3 -2.5
v 2.9 0.4 -2.9
v 1 0.4 -2.5
v 1 0.4 -2.9
v 1.6 0.4 -3
v -0.1 0.3 -3
v -0.1 0.3 -2.4
v 3.9 0.5 -2.8
v 3.9 0.5 -3.7
v 3.9 0.3 -3.6
v 0 0.5 -3.7
v 2.9 0.7 -2.9
v 2.9 0.4 -2.6
v -1.6 0.4 -3
v 2.9 0.9 -2.6
v 1 0.9 -2.6
v 1 0.4 -2.6
v 2.4 0.4 -3
v 2.9 1 -2.5
v 1 1 -2.5
v 2.9 1 -2.6
v 1 1 -2.6
v 2.9 1 -2.9
v 0.8 1 -3
v 2.9 1.2 -2.7
v 2.9 1.2 -2.8
v 1 1.1 -2.7
v 2.9 1.3 -2.6
v 2.9 1.3 -2.7
v 1 1.1 -2.6
v 1 1.1 -2.5
v 1 1.1 -2.4
v 4 0 -2.8
v 0.1 0 -2.8
v 3 0.1 -2.9
v 3 0.3 -2.9
v -1 0.3 -2.9
v 4 0.3 -3.4
v 1.1 0.3 -2.5
v 3 0.4 -2.9
v 1.1 0.4 -2.9
v 4 0.5 -2.8
v 4 0.5 -3.7
v 0.1 0.5 -3.7
v 3 0.4 -2.6
v 3 0.7 -2.9
v 3 0.9 -2.6
v 1.1 0.4 -2.6
v 1.1 0.9 -2.6
v 3 1 -2.5
v 1.1 1 -2.5
v 3 1 -2.6
v 1.1 1 -2.6
v 1.9 1 -2.9
v 1.1 1.1 -2.9
v 3.2 1 -3
v 1.1 1.1 -2.6
v 1.1 1.1 -2.8
v 1.1 1.2 -2.8
v 1.2 1.3 -2.6
v 1.2 1.3 -2.7
v 1.1 1.4 -2.5
v 1.1 1.1 -2.5
v 1.1 1.4 -2.6
v 1.1 1.5 -2.4
v 1.1 1.1 -2.4
v 1.1 1.5 -2.5
v 3.5 0.4 -4
v 3.2 0.2 -4
v 3.1 0.2 -3.9
v 3.1 0.3 -3.9
v 3.2 0.2 -3.9
v 2.9 0.1 -3
v 2.9 1 -3
v 3.1 1.2 -2.9
v 2.8 0.3 -3.9
v 3 0.2 -3.9
v 2.7 0.5 -4
v 2.8 0.3 -4
v 2.9 0.4 -3
v 2.6 0.1 -4
v 2.6 0.2 -4
v 2.5 0.2 -3.9
v 2.5 0.3 -3.9
v 2.6 0.2 -3.9
v 2.9 0.3 -3
v 2.1 0.2 -3.9
v 2.1 0.3 -3.9
v 2.3 0.3 -3.9
v 2.3 0.2 -3.9
v 2.1 0.2 -4
v 1.8 0.1 -4
v 1.8 0.2 -4
v 1.8 0.3 -4
v 1.7 0.2 -3.9
v 1.7 0.3 -3.9
v 1.8 0.3 -3.9
v 1.8 0.2 -3.9
v 1.6 1 -3
v 1.5 0.4 -3
v 1.5 0.9 -3
v 1.4 0.2 -3.9
v 1.4 0.3 -3.9
v 1.5 0.3 -3.9
v 1.5 0.2 -3.9
v 1.4 0.9 -3
v 1.5 0.6 -3
v 1.3 0.4 -3
v 1.3 0.5 -4
v 1.4 0.1 -4
v 1.4 0.8 -3
v 1.1 0.1 -3
v 1.1 0.7 -3
v 1.1 0.8 -3
v 1.1 0.9 -3
v 1.1 1.5 -2.6
v 1 1.7 -2.4
v 1.3 0.2 -3.9
v -0.2 0.1 -4
v -1.1 0.1 -3
v -1.1 0.6 -3
v -1.5 0.4 -3
v -1.5 0.6 -3
v -1.1 0.4 -3
v -1.1 0.3 -3
v -2 0.5 -4
v -1.8 0.2 -4
v -2.2 0.1 -4
v 3.5 0.4 -3.9
v 3.2 1.1 -2.9
v 2.9 0.4 -3.9
v 2.7 0.5 -3.9
v 2.6 0.1 -3.9
v 2.4 0.3 -2.9
v 1.8 0.1 -3.9
v 1.8 0.4 -3.9
v 1.6 0.3 -2.9
v 1.6 1 -2.9
v 1.5 0.4 -2.9
v 1.5 0.9 -2.9
v 1.5 0.6 -2.9
v 1.4 0.9 -2.9
v 1.4 0.1 -3.9
v 1.3 0.4 -2.9
v 1.4 0.8 -2.9
v 1.1 0.7 -2.9
v 1.1 0.8 -2.9
v 1.1 0.9 -2.9
v 1.1 1.3 -2.6
v 0.1 0.1 -2.7
v -0.2 0.1 -3.9
v -1.1 0.6 -2.9
v -1.5 0.4 -2.9
v -1.5 0.6 -2.9
v -1.6 0.3 -2.9
v -2 0.5 -3.9
v -2.2 0.1 -3.9
v -2.2 0.3 -2.9
v -3.9 0.3 -2.3
v -4 0.3 -2.3
v -2.9 0.4 -2.5
v -3.1 0.4 -2.5
v -2.9 0.8 -2.6
v -3 0.8 -2.6
v -3 0.8 -2.5
v -2.9 0.8 -2.5
v -3.9 0.5 -2.6
v -4 0.5 -2.6
v -4 0.5 -2.4
v -3.9 0.5 -2.4
v -2.9 0.8 -2.8
v -3 0.8 -2.8
v -2.9 0.1 -2.9
v -2.9 0.3 -2.9
v -3 0.3 -2.9
v -3 0.3 -2.8
v -2.9 0.3 -2.8
v -3.9 0.1 -2.9
v -4 0.1 -2.9
v -4 0.1 -2.8
v -3.9 0.1 -2.8
v -3.9 0.5 -2.9
v -4 0.5 -2.9
v -4 0.5 -2.7
v -3.9 0.5 -2.7
v -2.4 0.8 -3
v -2.5 0.8 -3
v -2.5 0.8 -2.9
v -2.4 0.8 -2.9
v -2.5 0.7 -3
v -2.6 0.7 -3
v -2.6 0.7 -2.9
v -2.5 0.7 -2.9
v -2.6 0.6 -3
v -2.8 0.6 -3
v -2.8 0.6 -2.9
v -2.6 0.6 -2.9
v -2.8 0.5 -3
v -2.9 0.5 -3
v -2.9 0.5 -2.9
v -2.8 0.5 -2.9
v -2.9 0.4 -3
v -3 0.4 -3
v -3 0.4 -2.9
v -2.9 0.4 -2.9
v -2.4 0.4 -3.1
v -2.4 0.4 -2.9
v -3.9 0.4 -3.1
v -4 0.4 -3.1
v -4 0.4 -3
v -3.9 0.4 -3
v -3 0.1 -3.2
v -3 0.1 -3
v -3.2 0.1 -3.2
v -3.9 0.2 -3.2
v -4 0.2 -3.2
v -4 0.2 -3.1
v -3.9 0.2 -3.1
v -3.9 0.5 -3.2
v -4 0.5 -3.2
v -4 0.5 -3.1
v -3.9 0.5 -3.1
v -3.9 0.3 -3.4
v -4 0.3 -3.4
v -4 0.3 -3.3
v -3.9 0.3 -3.3
v -3.9 0.1 -3.5
v -4 0.1 -3.5
v -4 0.1 -3.4
v -3.9 0.1 -3.4
v -3.9 0.5 -3.5
v -4 0.5 -3.5
v -4 0.5 -3.3
v -3.9 0.5 -3.3
v -3.9 0.4 -3.8
v -4 0.4 -3.8
v -4 0.4 -3.6
v -3.9 0.4 -3.6
v -2.4 0.3 -3.9
v -2.8 0.3 -3.9
v -2.8 0.3 -3.8
v -2.4 0.3 -3.8
v -3.4 0.3 -3.9
v -3.8 0.3 -3.9
v -3.8 0.3 -3.8
v -3.4 0.3 -3.8
v -3.9 0.3 -3.9
v -2.3 0.1 -4
v -2.4 0.1 -4
v -2.4 0.1 -3.9
v -2.3 0.1 -3.9
v -2.6 0.2 -4
v -2.7 0.2 -4
v -2.7 0.2 -3.9
v -2.6 0.2 -3.9
v -2.7 0.1 -4
v -2.8 0.1 -4
v -2.8 0.1 -3.9
v -2.7 0.1 -3.9
v -3.5 0.4 -4
v -3.7 0.4 -4
v -3.7 0.4 -3.9
v -3.5 0.4 -3.9
v -3.8 0.3 -4
v -3.9 0.3 -4
v -3.9 0.1 -4
v -4 0.1 -4
v -4 0.1 -3.9
v -3.9 0.1 -3.9
v -3.9 0.4 -4
v -4 0.4 -4
v -4 0.4 -3.9
v -3.9 0.4 -3.9
v -3.9 0 -2.3
v -4 0 -2.3
v -3 0.3 -2.5
v -3.1 0.3 -2.5
v -3.9 0 -2.6
v -3.9 0 -2.4
v -4 0 -2.4
v -4 0 -2.6
v -2.9 0 -2.9
v -3.9 0 -2.9
v -3.9 0 -2.7
v -4 0 -2.7
v -4 0 -2.9
v -3.9 0.2 -2.9
v -3.9 0.2 -2.8
v -4 0.2 -2.8
v -4 0.2 -2.9
v -2.9 0 -3
v -3 0 -3
v -2.4 0.3 -3
v -2.4 0.3 -3.1
v -3 0 -3.2
v -3.2 0 -3.2
v -3.9 0 -3.2
v -3.9 0 -3
v -4 0 -3
v -4 0 -3.2
v -3.9 0.3 -3.2
v -3.9 0.3 -3.1
v -4 0.3 -3.1
v -4 0.3 -3.2
v -3.9 0.4 -3.4
v -3.9 0.4 -3.3
v -4 0.4 -3.3
v -4 0.4 -3.4
v -3.9 0 -3.5
v -3.9 0 -3.3
v -4 0 -3.3
v -4 0 -3.5
v -3.9 0.2 -3.5
v -3.9 0.2 -3.4
v -4 0.2 -3.4
v -4 0.2 -3.5
v -3.9 0 -3.8
v -3.9 0 -3.6
v -4 0 -3.6
v -4 0 -3.8
v -2.4 0.2 -3.9
v -2.4 0.2 -3.8
v -2.8 0.2 -3.8
v -2.8 0.2 -3.9
v -3.4 0.2 -3.9
v -3.4 0.2 -3.8
v -3.8 0.2 -3.8
v -3.8 0.2 -3.9
v -3.9 0.2 -3.9
v -2.3 0 -4
v -2.3 0 -3.9
v -2.4 0 -3.9
v -2.4 0 -4
v -2.6 0 -4
v -2.6 0 -3.9
v -2.8 0 -3.9
v -2.8 0 -4
v -3.5 0.3 -4
v -3.5 0.3 -3.9
v -3.7 0.3 -3.9
v -3.7 0.3 -4
v -3.8 0 -4
v -3.8 0 -3.9
v -4 0 -3.9
v -4 0 -4
v -3.9 0.2 -4
v -4 0.2 -3.9
v -4 0.2 -4
v -4 0 -2.8
v -4 0 -3.4
v -4 0 -3.1
v -3.9 0.3 -2.4
v -3.9 0.2 -2.4
v -3.9 0.2 -2.3
v -3.9 0.3 -2.6
v -3.9 0.3 -2.7
v -3.9 0.2 -2.7
v -3.9 0.2 -2.6
v -3 0.1 -2.9
v -3.9 0.3 -2.9
v -3.9 0.3 -3
v -3.9 0.2 -3
v -3.9 0.2 -3.3
v -3.9 0.3 -3.5
v -3.9 0.3 -3.6
v -3.9 0.2 -3.6
v -3.9 0.3 -3.8
v -3.9 0.2 -3.8
v -3 0.4 -2.5
v -3 0.4 -2.8
v -2.4 0.4 -3
v -4 0.5 -2.8
v -4 0.5 -3.4
v -3 0.4 -2.6
v -3.9 0 -2.8
v -3.9 0 -3.4
v -2.9 0.3 -2.5
v -2.9 0.4 -2.8
v -3.9 0.4 -3.2
v -3.9 0.5 -3.4
v -2.9 0.4 -2.6
v -2.5 0.4 -3
v -2.5 0.6 -3
v -2.6 0.1 -4
v -2.5 0.5 -3
v -2.9 0.1 -3
v -2.9 0.3 -3
v -3.8 0.1 -4
v -2.4 0.3 -2.9
v -2.5 0.4 -2.9
v -2.5 0.6 -2.9
v -2.6 0.1 -3.9
v -2.5 0.5 -2.9
v -3.8 0.1 -3.9

vt 0.00585938 0.5
vt 0.0214844 0.5
vt 0.0371094 0.5
vt 0.0410156 0.5
vt 0.0449219 0.5
vt 0.0527344 0.5
vt 0.0683594 0.5
vt 0.0722656 0.5
vt 0.0839844 0.5
vt 0.0878906 0.5
vt 0.0917969 0.5
vt 0.0996094 0.5
vt 0.103516 0.5

vn 0 1 0
vn 0 -1 0
vn -1 0 0
vn 1 0 0
vn 0 0 -1
vn 0 0 1

usemtl palette
f 1/12/1 2/12/1 4/12/1
f 4/12/1 2/12/1 3/12/1
f 5/12/1 6/12/1 8/12/1
f 8/12/1 6/12/1 7/12/1
f 9/12/1 10/12/1 12/12/1
f 12/12/1 10/12/1 11/12/1
f 13/12/1 14/12/1 16/12/1
f 16/12/1 14/12/1 15/12/1
f 17/12/1 18/12/1 20/12/1
f 20/12/1 18/12/1 19/12/1
f 21/12/1 22/12/1 24/12/1
f 24/12/1 22/12/1 23/12/1
f 25/12/1 26/12/1 28/12/1
f 28/12/1 26/12/1 27/12/1
f 29/12/1 30/12/1 32/12/1
f 32/12/1 30/12/1 31/12/1
f 33/12/1 34/12/1 36/12/1
f 36/12/1 34/12/1 35/12/1
f 37/12/1 38/12/1 40/12/1
f 40/12/1 38/12/1 39/12/1
f 41/12/1 42/12/1 44/12/1
f 44/12/1 42/12/1 43/12/1
f 45/12/1 46/12/1 48/12/1
f 48/12/1 46/12/1 47/12/1
f 46/5/1 49/5/1 47/5/1
f 47/5/1 49/5/1 50/5/1
f 49/12/1 51/12/1 50/12/1
f 50/12/1 51/12/1 52/12/1
f 53/12/1 54/12/1 56/12/1
f 56/12/1 54/12/1 55/12/1
f 57/12/1 58/12/1 60/12/1
f 60/12/1 58/12/1 59/12/1
f 61/12/1 62/12/1 64/12/1
f 64/12/1 62/12/1 63/12/1
f 65/12/1 66/12/1 68/12/1
f 68/12/1 66/12/1 67/12/1
f 66/5/1 69/5/1 67/5/1
f 67/5/1 69/5/1 70/5/1
f 69/12/1 71/12/1 70/12/1
f 70/12/1 71/12/1 72/12/1
f 73/12/1 74/12/1 76/12/1
f 76/12/1 74/12/1 75/12/1
f 77/12/1 78/12/1 80/12/1
f 80/12/1 78/12/1 79/12/1
f 81/12/1 82/12/1 84/12/1
f 84/12/1 82/12/1 83/12/1
f 85/12/1 86/12/1 88/12/1
f 88/12/1 86/12/1 87/12/1
f 86/5/1 89/5/1 87/5/1
f 87/5/1 89/5/1 90/5/1
f 89/12/1 91/12/1 90/12/1
f 90/12/1 91/12/1 92/12/1
f 93/12/1 94/12/1 96/12/1
f 96/12/1 94/12/1 95/12/1
f 97/12/1 98/12/1 100/12/1
f 100/12/1 98/12/1 99/12/1
f 101/12/1 102/12/1 104/12/1
f 104/12/1 102/12/1 103/12/1
f 105/12/1 106/12/1 108/12/1
f 108/12/1 106/12/1 107/12/1
f 109/5/1 110/5/1 112/5/1
f 112/5/1 110/5/1 111/5/1
f 113/5/1 114/5/1 116/5/1
f 116/5/1 114/5/1 115/5/1
f 117/12/1 118/12/1 120/12/1
f 120/12/1 118/12/1 119/12/1
f 121/12/1 122/12/1 124/12/1
f 124/12/1 122/12/1 123/12/1
f 125/12/1 126/12/1 128/12/1
f 128/12/1 126/12/1 127/12/1
f 129/12/1 130/12/1 132/12/1
f 132/12/1 130/12/1 131/12/1
f 133/12/1 134/12/1 136/12/1
f 136/12/1 134/12/1 135/12/1
f 137/12/1 138/12/1 140/12/1
f 140/12/1 138/12/1 139/12/1
f 141/5/1 142/5/1 144/5/1
f 144/5/1 142/5/1 143/5/1
f 145/5/1 146/5/1 148/5/1
f 148/5/1 146/5/1 147/5/1
f 149/12/1 150/12/1 152/12/1
f 152/12/1 150/12/1 151/12/1
f 153/12/1 154/12/1 156/12/1
f 156/12/1 154/12/1 155/12/1
f 157/12/1 158/12/1 160/12/1
f 160/12/1 158/12/1 159/12/1
f 161/12/1 162/12/1 164/12/1
f 164/12/1 162/12/1 163/12/1
f 165/12/1 166/12/1 168/12/1
f 168/12/1 166/12/1 167/12/1
f 169/12/1 170/12/1 172/12/1
f 172/12/1 170/12/1 171/12/1
f 173/5/1 174/5/1 176/5/1
f 176/5/1 174/5/1 175/5/1
f 177/5/1 178/5/1 180/5/1
f 180/5/1 178/5/1 179/5/1
f 181/12/1 182/12/1 184/12/1
f 184/12/1 182/12/1 183/12/1
f 185/12/1 186/12/1 188/12/1
f 188/12/1 186/12/1 187/12/1
f 189/12/1 190/12/1 192/12/1
f 192/12/1 190/12/1 191/12/1
f 193/12/1 194/12/1 196/12/1
f 196/12/1 194/12/1 195/12/1
f 197/12/1 198/12/1 200/12/1
f 200/12/1 198/12/1 199/12/1
f 201/12/1 202/12/1 204/12/1
f 204/12/1 202/12/1 203/12/1
f 205/12/1 206/12/1 208/12/1
f 208/12/1 206/12/1 207/12/1
f 206/5/1 209/5/1 211/5/1
f 211/5/1 209/5/1 210/5/1
f 212/9/1 213/9/1 215/9/1
f 215/9/1 213/9/1 214/9/1
f 209/12/1 216/12/1 218/12/1
f 218/12/1 216/12/1 217/12/1
f 213/1/1 219/1/1 214/1/1
f 214/1/1 219/1/1 220/1/1
f 221/12/1 222/12/1 224/12/1
f 224/12/1 222/12/1 223/12/1
f 225/12/1 226/12/1 114/12/1
f 114/12/1 226/12/1 227/12/1
f 228/12/1 229/12/1 231/12/1
f 231/12/1 229/12/1 230/12/1
f 232/3/1 233/3/1 235/3/1
f 235/3/1 233/3/1 234/3/1
f 236/12/1 237/12/1 239/12/1
f 239/12/1 237/12/1 238/12/1
f 240/12/1 241/12/1 243/12/1
f 243/12/1 241/12/1 242/12/1
f 244/12/1 245/12/1 247/12/1
f 247/12/1 245/12/1 246/12/1
f 248/12/1 249/12/1 251/12/1
f 251/12/1 249/12/1 250/12/1
f 249/5/1 252/5/1 254/5/1
f 254/5/1 252/5/1 253/5/1
f 255/9/1 256/9/1 258/9/1
f 258/9/1 256/9/1 257/9/1
f 252/12/1 259/12/1 261/12/1
f 261/12/1 259/12/1 260/12/1
f 256/1/1 262/1/1 257/1/1
f 257/1/1 262/1/1 263/1/1
f 264/12/1 265/12/1 267/12/1
f 267/12/1 265/12/1 266/12/1
f 268/12/1 269/12/1 146/12/1
f 146/12/1 269/12/1 270/12/1
f 271/12/1 272/12/1 274/12/1
f 274/12/1 272/12/1 273/12/1
f 275/12/1 276/12/1 278/12/1
f 278/12/1 276/12/1 277/12/1
f 279/12/1 280/12/1 282/12/1
f 282/12/1 280/12/1 281/12/1
f 283/12/1 284/12/1 286/12/1
f 286/12/1 284/12/1 285/12/1
f 287/12/1 288/12/1 290/12/1
f 290/12/1 288/12/1 289/12/1
f 288/5/1 291/5/1 293/5/1
f 293/5/1 291/5/1 292/5/1
f 294/9/1 295/9/1 297/9/1
f 297/9/1 295/9/1 296/9/1
f 291/12/1 298/12/1 300/12/1
f 300/12/1 298/12/1 299/12/1
f 295/1/1 301/1/1 296/1/1
f 296/1/1 301/1/1 302/1/1
f 303/12/1 304/12/1 306/12/1
f 306/12/1 304/12/1 305/12/1
f 307/12/1 308/12/1 178/12/1
f 178/12/1 308/12/1 309/12/1
f 310/12/1 311/12/1 313/12/1
f 313/12/1 311/12/1 312/12/1
f 314/12/1 315/12/1 317/12/1
f 317/12/1 315/12/1 316/12/1
f 318/12/1 319/12/1 321/12/1
f 321/12/1 319/12/1 320/12/1
f 322/5/1 323/5/1 202/5/1
f 202/5/1 323/5/1 324/5/1
f 325/1/1 326/1/1 327/1/1
f 327/1/1 326/1/1 212/1/1
f 328/12/1 329/12/1 330/12/1
f 330/12/1 329/12/1 221/12/1
f 331/5/1 332/5/1 216/5/1
f 216/5/1 332/5/1 333/5/1
f 332/12/1 334/12/1 333/12/1
f 333/12/1 334/12/1 225/12/1
f 335/1/1 336/1/1 219/1/1
f 219/1/1 336/1/1 337/1/1
f 338/5/1 339/5/1 341/5/1
f 341/5/1 339/5/1 340/5/1
f 342/12/1 343/12/1 345/12/1
f 345/12/1 343/12/1 344/12/1
f 346/12/1 347/12/1 349/12/1
f 349/12/1 347/12/1 348/12/1
f 350/7/1 351/7/1 352/7/1
f 352/7/1 351/7/1 235/7/1
f 353/3/1 354/3/1 355/3/1
f 355/3/1 354/3/1 233/3/1
f 356/12/1 357/12/1 359/12/1
f 359/12/1 357/12/1 358/12/1
f 360/12/1 361/12/1 363/12/1
f 363/12/1 361/12/1 362/12/1
f 364/5/1 365/5/1 245/5/1
f 245/5/1 365/5/1 366/5/1
f 367/1/1 368/1/1 369/1/1
f 369/1/1 368/1/1 255/1/1
f 370/12/1 371/12/1 372/12/1
f 372/12/1 371/12/1 264/12/1
f 373/5/1 374/5/1 259/5/1
f 259/5/1 374/5/1 375/5/1
f 374/12/1 376/12/1 375/12/1
f 375/12/1 376/12/1 268/12/1
f 377/1/1 378/1/1 262/1/1
f 262/1/1 378/1/1 379/1/1
f 380/5/1 381/5/1 383/5/1
f 383/5/1 381/5/1 382/5/1
f 384/12/1 385/12/1 387/12/1
f 387/12/1 385/12/1 386/12/1
f 388/12/1 389/12/1 391/12/1
f 391/12/1 389/12/1 390/12/1
f 392/12/1 393/12/1 395/12/1
f 395/12/1 393/12/1 394/12/1
f 396/12/1 397/12/1 399/12/1
f 399/12/1 397/12/1 398/12/1
f 400/5/1 401/5/1 284/5/1
f 284/5/1 401/5/1 402/5/1
f 403/1/1 404/1/1 405/1/1
f 405/1/1 404/1/1 294/1/1
f 406/12/1 407/12/1 408/12/1
f 408/12/1 407/12/1 303/12/1
f 409/5/1 410/5/1 298/5/1
f 298/5/1 410/5/1 411/5/1
f 410/12/1 412/12/1 411/12/1
f 411/12/1 412/12/1 307/12/1
f 413/1/1 414/1/1 301/1/1
f 301/1/1 414/1/1 415/1/1
f 416/5/1 417/5/1 419/5/1
f 419/5/1 417/5/1 418/5/1
f 420/12/1 421/12/1 423/12/1
f 423/12/1 421/12/1 422/12/1
f 424/12/1 425/12/1 427/12/1
f 427/12/1 425/12/1 426/12/1
f 428/7/1 429/7/1 431/7/1
f 431/7/1 429/7/1 430/7/1
f 429/3/1 432/3/1 430/3/1
f 430/3/1 432/3/1 433/3/1
f 434/12/1 435/12/1 437/12/1
f 437/12/1 435/12/1 436/12/1
f 438/12/1 439/12/1 441/12/1
f 441/12/1 439/12/1 440/12/1
f 442/12/1 443/12/1 444/12/1
f 444/12/1 443/12/1 323/12/1
f 445/9/1 446/9/1 325/9/1
f 325/9/1 446/9/1 326/9/1
f 447/5/1 448/5/1 449/5/1
f 449/5/1 448/5/1 331/5/1
f 450/9/1 451/9/1 335/9/1
f 335/9/1 451/9/1 452/9/1
f 453/12/1 454/12/1 456/12/1
f 456/12/1 454/12/1 455/12/1
f 457/12/1 458/12/1 338/12/1
f 338/12/1 458/12/1 339/12/1
f 459/12/1 460/12/1 462/12/1
f 462/12/1 460/12/1 461/12/1
f 463/3/1 464/3/1 350/3/1
f 350/3/1 464/3/1 351/3/1
f 465/12/1 466/12/1 468/12/1
f 468/12/1 466/12/1 467/12/1
f 469/12/1 470/12/1 472/12/1
f 472/12/1 470/12/1 471/12/1
f 473/12/1 474/12/1 475/12/1
f 475/12/1 474/12/1 365/12/1
f 476/9/1 477/9/1 367/9/1
f 367/9/1 477/9/1 368/9/1
f 478/5/1 479/5/1 480/5/1
f 480/5/1 479/5/1 373/5/1
f 481/9/1 482/9/1 377/9/1
f 377/9/1 482/9/1 483/9/1
f 484/12/1 485/12/1 487/12/1
f 487/12/1 485/12/1 486/12/1
f 488/12/1 489/12/1 380/12/1
f 380/12/1 489/12/1 381/12/1
f 490/12/1 491/12/1 493/12/1
f 493/12/1 491/12/1 492/12/1
f 494/12/1 495/12/1 497/12/1
f 497/12/1 495/12/1 496/12/1
f 498/12/1 499/12/1 501/12/1
f 501/12/1 499/12/1 500/12/1
f 502/12/1 503/12/1 504/12/1
f 504/12/1 503/12/1 401/12/1
f 505/9/1 506/9/1 403/9/1
f 403/9/1 506/9/1 404/9/1
f 507/5/1 508/5/1 509/5/1
f 509/5/1 508/5/1 409/5/1
f 510/9/1 511/9/1 413/9/1
f 413/9/1 511/9/1 512/9/1
f 513/12/1 514/12/1 516/12/1
f 516/12/1 514/12/1 515/12/1
f 517/12/1 518/12/1 416/12/1
f 416/12/1 518/12/1 417/12/1
f 519/12/1 520/12/1 522/12/1
f 522/12/1 520/12/1 521/12/1
f 523/9/1 524/9/1 525/9/1
f 525/9/1 524/9/1 325/9/1
f 526/12/1 527/12/1 528/12/1
f 528/12/1 527/12/1 443/12/1
f 529/12/1 530/12/1 206/12/1
f 206/12/1 530/12/1 209/12/1
f 530/12/1 531/12/1 447/12/1
f 447/12/1 531/12/1 448/12/1
f 532/1/1 533/1/1 534/1/1
f 534/1/1 533/1/1 450/1/1
f 535/12/1 536/12/1 329/12/1
f 329/12/1 536/12/1 456/12/1
f 537/12/1 538/12/1 540/12/1
f 540/12/1 538/12/1 539/12/1
f 541/12/1 542/12/1 544/12/1
f 544/12/1 542/12/1 543/12/1
f 545/12/1 546/12/1 548/12/1
f 548/12/1 546/12/1 547/12/1
f 549/9/1 550/9/1 551/9/1
f 551/9/1 550/9/1 367/9/1
f 552/12/1 553/12/1 554/12/1
f 554/12/1 553/12/1 474/12/1
f 555/12/1 556/12/1 249/12/1
f 249/12/1 556/12/1 252/12/1
f 556/12/1 557/12/1 478/12/1
f 478/12/1 557/12/1 479/12/1
f 558/1/1 559/1/1 560/1/1
f 560/1/1 559/1/1 481/1/1
f 561/12/1 562/12/1 371/12/1
f 371/12/1 562/12/1 487/12/1
f 563/12/1 564/12/1 566/12/1
f 566/12/1 564/12/1 565/12/1
f 567/12/1 568/12/1 570/12/1
f 570/12/1 568/12/1 569/12/1
f 571/12/1 572/12/1 574/12/1
f 574/12/1 572/12/1 573/12/1
f 575/9/1 576/9/1 577/9/1
f 577/9/1 576/9/1 403/9/1
f 578/12/1 579/12/1 580/12/1
f 580/12/1 579/12/1 503/12/1
f 581/12/1 582/12/1 288/12/1
f 288/12/1 582/12/1 291/12/1
f 582/12/1 583/12/1 507/12/1
f 507/12/1 583/12/1 508/12/1
f 584/1/1 585/1/1 586/1/1
f 586/1/1 585/1/1 510/1/1
f 587/12/1 588/12/1 407/12/1
f 407/12/1 588/12/1 516/12/1
f 589/12/1 590/12/1 592/12/1
f 592/12/1 590/12/1 591/12/1
f 593/12/1 594/12/1 596/12/1
f 596/12/1 594/12/1 595/12/1
f 597/12/1 598/12/1 600/12/1
f 600/12/1 598/12/1 599/12/1
f 601/12/1 602/12/1 604/12/1
f 604/12/1 602/12/1 603/12/1
f 605/5/1 606/5/1 526/5/1
f 526/5/1 606/5/1 527/5/1
f 607/1/1 608/1/1 446/1/1
f 446/1/1 608/1/1 534/1/1
f 606/12/1 609/12/1 527/12/1
f 527/12/1 609/12/1 610/12/1
f 608/9/1 611/9/1 532/9/1
f 532/9/1 611/9/1 533/9/1
f 612/12/1 613/12/1 531/12/1
f 531/12/1 613/12/1 537/12/1
f 614/12/1 615/12/1 617/12/1
f 617/12/1 615/12/1 616/12/1
f 618/12/1 619/12/1 621/12/1
f 621/12/1 619/12/1 620/12/1
f 622/3/1 623/3/1 625/3/1
f 625/3/1 623/3/1 624/3/1
f 623/3/1 626/3/1 627/3/1
f 627/3/1 626/3/1 464/3/1
f 626/7/1 628/7/1 351/7/1
f 351/7/1 628/7/1 354/7/1
f 629/12/1 630/12/1 632/12/1
f 632/12/1 630/12/1 631/12/1
f 633/5/1 634/5/1 552/5/1
f 552/5/1 634/5/1 553/5/1
f 635/1/1 636/1/1 477/1/1
f 477/1/1 636/1/1 560/1/1
f 634/12/1 637/12/1 553/12/1
f 553/12/1 637/12/1 638/12/1
f 636/9/1 639/9/1 558/9/1
f 558/9/1 639/9/1 559/9/1
f 640/12/1 641/12/1 557/12/1
f 557/12/1 641/12/1 563/12/1
f 642/12/1 643/12/1 645/12/1
f 645/12/1 643/12/1 644/12/1
f 646/12/1 647/12/1 649/12/1
f 649/12/1 647/12/1 648/12/1
f 650/12/1 651/12/1 653/12/1
f 653/12/1 651/12/1 652/12/1
f 654/5/1 655/5/1 578/5/1
f 578/5/1 655/5/1 579/5/1
f 656/1/1 657/1/1 506/1/1
f 506/1/1 657/1/1 586/1/1
f 655/12/1 658/12/1 579/12/1
f 579/12/1 658/12/1 659/12/1
f 657/9/1 660/9/1 584/9/1
f 584/9/1 660/9/1 585/9/1
f 661/12/1 662/12/1 583/12/1
f 583/12/1 662/12/1 589/12/1
f 663/12/1 664/12/1 666/12/1
f 666/12/1 664/12/1 665/12/1
f 667/12/1 668/12/1 670/12/1
f 670/12/1 668/12/1 669/12/1
f 671/3/1 672/3/1 428/3/1
f 428/3/1 672/3/1 429/3/1
f 672/7/1 673/7/1 675/7/1
f 675/7/1 673/7/1 674/7/1
f 673/7/1 676/7/1 677/7/1
f 677/7/1 676/7/1 432/7/1
f 678/12/1 679/12/1 681/12/1
f 681/12/1 679/12/1 680/12/1
f 682/12/1 683/12/1 685/12/1
f 685/12/1 683/12/1 684/12/1
f 686/5/1 687/5/1 689/5/1
f 689/5/1 687/5/1 688/5/1
f 690/12/1 691/12/1 692/12/1
f 692/12/1 691/12/1 609/12/1
f 693/5/1 694/5/1 696/5/1
f 696/5/1 694/5/1 695/5/1
f 694/12/1 697/12/1 695/12/1
f 695/12/1 697/12/1 698/12/1
f 699/12/1 700/12/1 702/12/1
f 702/12/1 700/12/1 701/12/1
f 703/12/1 704/12/1 706/12/1
f 706/12/1 704/12/1 705/12/1
f 707/12/1 708/12/1 710/12/1
f 710/12/1 708/12/1 709/12/1
f 711/12/1 712/12/1 714/12/1
f 714/12/1 712/12/1 713/12/1
f 715/5/1 716/5/1 718/5/1
f 718/5/1 716/5/1 717/5/1
f 719/12/1 720/12/1 721/12/1
f 721/12/1 720/12/1 637/12/1
f 722/5/1 723/5/1 725/5/1
f 725/5/1 723/5/1 724/5/1
f 723/12/1 726/12/1 724/12/1
f 724/12/1 726/12/1 727/12/1
f 728/12/1 729/12/1 731/12/1
f 731/12/1 729/12/1 730/12/1
f 732/12/1 733/12/1 735/12/1
f 735/12/1 733/12/1 734/12/1
f 736/12/1 737/12/1 739/12/1
f 739/12/1 737/12/1 738/12/1
f 740/12/1 741/12/1 743/12/1
f 743/12/1 741/12/1 742/12/1
f 744/5/1 745/5/1 747/5/1
f 747/5/1 745/5/1 746/5/1
f 748/12/1 749/12/1 750/12/1
f 750/12/1 749/12/1 658/12/1
f 751/5/1 752/5/1 754/5/1
f 754/5/1 752/5/1 753/5/1
f 752/12/1 755/12/1 753/12/1
f 753/12/1 755/12/1 756/12/1
f 757/12/1 758/12/1 760/12/1
f 760/12/1 758/12/1 759/12/1
f 761/12/1 762/12/1 764/12/1
f 764/12/1 762/12/1 763/12/1
f 765/7/1 766/7/1 768/7/1
f 768/7/1 766/7/1 767/7/1
f 769/12/1 770/12/1 772/12/1
f 772/12/1 770/12/1 771/12/1
f 773/12/1 774/12/1 776/12/1
f 776/12/1 774/12/1 775/12/1
f 777/12/1 778/12/1 687/12/1
f 687/12/1 778/12/1 693/12/1
f 779/12/1 780/12/1 782/12/1
f 782/12/1 780/12/1 781/12/1
f 783/12/1 784/12/1 786/12/1
f 786/12/1 784/12/1 785/12/1
f 787/12/1 788/12/1 790/12/1
f 790/12/1 788/12/1 789/12/1
f 791/3/1 792/3/1 626/3/1
f 626/3/1 792/3/1 628/3/1
f 793/12/1 794/12/1 796/12/1
f 796/12/1 794/12/1 795/12/1
f 797/12/1 798/12/1 800/12/1
f 800/12/1 798/12/1 799/12/1
f 801/12/1 802/12/1 716/12/1
f 716/12/1 802/12/1 722/12/1
f 803/12/1 804/12/1 806/12/1
f 806/12/1 804/12/1 805/12/1
f 807/12/1 808/12/1 810/12/1
f 810/12/1 808/12/1 809/12/1
f 811/12/1 812/12/1 814/12/1
f 814/12/1 812/12/1 813/12/1
f 815/12/1 816/12/1 818/12/1
f 818/12/1 816/12/1 817/12/1
f 819/12/1 820/12/1 822/12/1
f 822/12/1 820/12/1 821/12/1
f 823/12/1 824/12/1 745/12/1
f 745/12/1 824/12/1 751/12/1
f 825/12/1 826/12/1 828/12/1
f 828/12/1 826/12/1 827/12/1
f 829/12/1 830/12/1 832/12/1
f 832/12/1 830/12/1 831/12/1
f 833/12/1 834/12/1 836/12/1
f 836/12/1 834/12/1 835/12/1
f 837/3/1 838/3/1 673/3/1
f 673/3/1 838/3/1 676/3/1
f 839/7/1 840/7/1 622/7/1
f 622/7/1 840/7/1 626/7/1
f 841/3/1 842/3/1 843/3/1
f 843/3/1 842/3/1 792/3/1
f 844/7/1 845/7/1 671/7/1
f 671/7/1 845/7/1 768/7/1
f 845/7/1 846/7/1 848/7/1
f 848/7/1 846/7/1 847/7/1
f 846/3/1 849/3/1 672/3/1
f 672/3/1 849/3/1 673/3/1
f 850/12/1 851/12/1 853/12/1
f 853/12/1 851/12/1 852/12/1
f 854/7/1 855/7/1 840/7/1
f 840/7/1 855/7/1 842/7/1
f 856/12/1 857/12/1 859/12/1
f 859/12/1 857/12/1 858/12/1
f 860/12/1 861/12/1 863/12/1
f 863/12/1 861/12/1 862/12/1
f 864/12/1 865/12/1 867/12/1
f 867/12/1 865/12/1 866/12/1
f 868/12/1 869/12/1 871/12/1
f 871/12/1 869/12/1 870/12/1
f 872/12/1 873/12/1 875/12/1
f 875/12/1 873/12/1 874/12/1
f 876/12/1 877/12/1 879/12/1
f 879/12/1 877/12/1 878/12/1
f 877/12/1 880/12/1 882/12/1
f 882/12/1 880/12/1 881/12/1
f 883/5/1 884/5/1 886/5/1
f 886/5/1 884/5/1 885/5/1
f 887/12/1 888/12/1 890/12/1
f 890/12/1 888/12/1 889/12/1
f 891/12/1 892/12/1 894/12/1
f 894/12/1 892/12/1 893/12/1
f 895/12/1 896/12/1 897/12/1
f 897/12/1 896/12/1 860/12/1
f 898/5/1 899/5/1 901/5/1
f 901/5/1 899/5/1 900/5/1
f 902/12/1 903/12/1 905/12/1
f 905/12/1 903/12/1 904/12/1
f 906/12/1 907/12/1 909/12/1
f 909/12/1 907/12/1 908/12/1
f 910/5/1 911/5/1 913/5/1
f 913/5/1 911/5/1 912/5/1
f 914/12/1 915/12/1 917/12/1
f 917/12/1 915/12/1 916/12/1
f 918/3/1 919/3/1 920/3/1
f 920/3/1 919/3/1 846/3/1
f 921/5/1 922/5/1 872/5/1
f 872/5/1 922/5/1 873/5/1
f 923/5/1 924/5/1 926/5/1
f 926/5/1 924/5/1 925/5/1
f 927/12/1 928/12/1 929/12/1
f 929/12/1 928/12/1 883/12/1
f 930/12/1 931/12/1 884/12/1
f 884/12/1 931/12/1 932/12/1
f 933/5/1 934/5/1 936/5/1
f 936/5/1 934/5/1 935/5/1
f 937/12/1 938/12/1 940/12/1
f 940/12/1 938/12/1 939/12/1
f 941/3/1 942/3/1 839/3/1
f 839/3/1 942/3/1 840/3/1
f 942/7/1 943/7/1 945/7/1
f 945/7/1 943/7/1 944/7/1
f 943/7/1 946/7/1 947/7/1
f 947/7/1 946/7/1 855/7/1
f 948/5/1 949/5/1 891/5/1
f 891/5/1 949/5/1 892/5/1
f 950/5/1 951/5/1 953/5/1
f 953/5/1 951/5/1 952/5/1
f 954/12/1 955/12/1 956/12/1
f 956/12/1 955/12/1 898/12/1
f 957/12/1 958/12/1 959/12/1
f 959/12/1 958/12/1 902/12/1
f 960/5/1 961/5/1 963/5/1
f 963/5/1 961/5/1 962/5/1
f 964/5/1 965/5/1 906/5/1
f 906/5/1 965/5/1 907/5/1
f 966/12/1 967/12/1 968/12/1
f 968/12/1 967/12/1 911/12/1
f 967/12/1 969/12/1 912/12/1
f 912/12/1 969/12/1 970/12/1
f 969/12/1 971/12/1 973/12/1
f 973/12/1 971/12/1 972/12/1
f 971/5/1 974/5/1 972/5/1
f 972/5/1 974/5/1 975/5/1
f 976/3/1 977/3/1 844/3/1
f 844/3/1 977/3/1 920/3/1
f 978/7/1 979/7/1 846/7/1
f 846/7/1 979/7/1 980/7/1
f 981/12/1 982/12/1 983/12/1
f 983/12/1 982/12/1 921/12/1
f 984/12/1 985/12/1 987/12/1
f 987/12/1 985/12/1 986/12/1
f 988/12/1 989/12/1 991/12/1
f 991/12/1 989/12/1 990/12/1
f 992/12/1 993/12/1 995/12/1
f 995/12/1 993/12/1 994/12/1
f 993/12/1 996/12/1 998/12/1
f 998/12/1 996/12/1 997/12/1
f 999/12/1 1000/12/1 931/12/1
f 931/12/1 1000/12/1 1001/12/1
f 1002/5/1 1003/5/1 1005/5/1
f 1005/5/1 1003/5/1 1004/5/1
f 1006/7/1 1007/7/1 1008/7/1
f 1008/7/1 1007/7/1 942/7/1
f 1009/12/1 1010/12/1 1011/12/1
f 1011/12/1 1010/12/1 948/12/1
f 1012/12/1 1013/12/1 1015/12/1
f 1015/12/1 1013/12/1 1014/12/1
f 1016/12/1 1017/12/1 1018/12/1
f 1018/12/1 1017/12/1 955/12/1
f 1019/12/1 1020/12/1 1022/12/1
f 1022/12/1 1020/12/1 1021/12/1
f 1023/12/1 1024/12/1 1025/12/1
f 1025/12/1 1024/12/1 963/12/1
f 1026/5/1 1027/5/1 1029/5/1
f 1029/5/1 1027/5/1 1028/5/1
f 1030/12/1 1031/12/1 1033/12/1
f 1033/12/1 1031/12/1 1032/12/1
f 1034/5/1 1035/5/1 1037/5/1
f 1037/5/1 1035/5/1 1036/5/1
f 1038/12/1 1039/12/1 1041/12/1
f 1041/12/1 1039/12/1 1040/12/1
f 1042/12/1 1043/12/1 1045/12/1
f 1045/12/1 1043/12/1 1044/12/1
f 1046/12/1 1047/12/1 985/12/1
f 985/12/1 1047/12/1 992/12/1
f 1047/5/1 1048/5/1 992/5/1
f 992/5/1 1048/5/1 993/5/1
f 1049/5/1 1050/5/1 1051/5/1
f 1051/5/1 1050/5/1 999/5/1
f 1052/12/1 1053/12/1 1055/12/1
f 1055/12/1 1053/12/1 1054/12/1
f 1056/12/1 1057/12/1 1059/12/1
f 1059/12/1 1057/12/1 1058/12/1
f 1060/12/1 1061/12/1 1063/12/1
f 1063/12/1 1061/12/1 1062/12/1
f 1064/12/1 1065/12/1 1066/12/1
f 1066/12/1 1065/12/1 1016/12/1
f 1067/12/1 1068/12/1 1070/12/1
f 1070/12/1 1068/12/1 1069/12/1
f 1071/12/1 1072/12/1 1074/12/1
f 1074/12/1 1072/12/1 1073/12/1
f 1075/12/1 1076/12/1 1078/12/1
f 1078/12/1 1076/12/1 1077/12/1
f 1079/12/1 1080/12/1 1082/12/1
f 1082/12/1 1080/12/1 1081/12/1
f 1083/12/1 1084/12/1 1086/12/1
f 1086/12/1 1084/12/1 1085/12/1
f 1087/3/1 1088/3/1 978/3/1
f 978/3/1 1088/3/1 979/3/1
f 1089/12/1 1090/12/1 1092/12/1
f 1092/12/1 1090/12/1 1091/12/1
f 1093/12/1 1094/12/1 1096/12/1
f 1096/12/1 1094/12/1 1095/12/1
f 1097/5/1 1098/5/1 1042/5/1
f 1042/5/1 1098/5/1 1043/5/1
f 1098/12/1 1099/12/1 1043/12/1
f 1043/12/1 1099/12/1 1100/12/1
f 1101/12/1 1102/12/1 1047/12/1
f 1047/12/1 1102/12/1 1048/12/1
f 1103/12/1 1104/12/1 1049/12/1
f 1049/12/1 1104/12/1 1050/12/1
f 1105/12/1 1106/12/1 1108/12/1
f 1108/12/1 1106/12/1 1107/12/1
f 1109/12/1 1110/12/1 1112/12/1
f 1112/12/1 1110/12/1 1111/12/1
f 1113/7/1 1114/7/1 941/7/1
f 941/7/1 1114/7/1 1008/7/1
f 1114/7/1 1115/7/1 1117/7/1
f 1117/7/1 1115/7/1 1116/7/1
f 1115/7/1 1118/7/1 1119/7/1
f 1119/7/1 1118/7/1 1007/7/1
f 1118/3/1 1120/3/1 942/3/1
f 942/3/1 1120/3/1 946/3/1
f 1121/12/1 1122/12/1 1124/12/1
f 1124/12/1 1122/12/1 1123/12/1
f 1125/12/1 1126/12/1 1128/12/1
f 1128/12/1 1126/12/1 1127/12/1
f 1129/5/1 1130/5/1 1064/5/1
f 1064/5/1 1130/5/1 1065/5/1
f 1130/12/1 1131/12/1 1065/12/1
f 1065/12/1 1131/12/1 1132/12/1
f 1133/12/1 1134/12/1 1136/12/1
f 1136/12/1 1134/12/1 1135/12/1
f 1137/5/1 1138/5/1 1071/5/1
f 1071/5/1 1138/5/1 1072/5/1
f 1139/12/1 1140/12/1 1142/12/1
f 1142/12/1 1140/12/1 1141/12/1
f 1143/12/1 1144/12/1 1146/12/1
f 1146/12/1 1144/12/1 1145/12/1
f 1138/12/1 1147/12/1 1072/12/1
f 1072/12/1 1147/12/1 1148/12/1
f 1149/12/1 1150/12/1 1152/12/1
f 1152/12/1 1150/12/1 1151/12/1
f 1153/12/1 1154/12/1 1156/12/1
f 1156/12/1 1154/12/1 1155/12/1
f 1157/12/1 1158/12/1 1160/12/1
f 1160/12/1 1158/12/1 1159/12/1
f 1158/12/1 1161/12/1 1163/12/1
f 1163/12/1 1161/12/1 1162/12/1
f 1164/3/1 1165/3/1 1166/3/1
f 1166/3/1 1165/3/1 1088/3/1
f 1167/12/1 1168/12/1 1170/12/1
f 1170/12/1 1168/12/1 1169/12/1
f 1171/12/1 1172/12/1 1097/12/1
f 1097/12/1 1172/12/1 1098/12/1
f 1173/12/1 1174/12/1 1176/12/1
f 1176/12/1 1174/12/1 1175/12/1
f 1177/12/1 1178/12/1 1099/12/1
f 1099/12/1 1178/12/1 1103/12/1
f 1179/12/1 1180/12/1 1182/12/1
f 1182/12/1 1180/12/1 1181/12/1
f 1183/12/1 1184/12/1 1186/12/1
f 1186/12/1 1184/12/1 1185/12/1
f 1187/7/1 1188/7/1 1118/7/1
f 1118/7/1 1188/7/1 1120/7/1
f 1189/12/1 1190/12/1 1192/12/1
f 1192/12/1 1190/12/1 1191/12/1
f 1193/12/1 1194/12/1 1129/12/1
f 1129/12/1 1194/12/1 1130/12/1
f 1195/12/1 1196/12/1 1198/12/1
f 1198/12/1 1196/12/1 1197/12/1
f 1199/12/1 1200/12/1 1131/12/1
f 1131/12/1 1200/12/1 1139/12/1
f 1201/12/1 1202/12/1 1134/12/1
f 1134/12/1 1202/12/1 1203/12/1
f 1204/12/1 1205/12/1 1207/12/1
f 1207/12/1 1205/12/1 1206/12/1
f 1208/5/1 1209/5/1 1154/5/1
f 1154/5/1 1209/5/1 1210/5/1
f 1211/12/1 1212/12/1 1214/12/1
f 1214/12/1 1212/12/1 1213/12/1
f 1215/12/1 1216/12/1 1218/12/1
f 1218/12/1 1216/12/1 1217/12/1
f 1219/12/1 1220/12/1 1222/12/1
f 1222/12/1 1220/12/1 1221/12/1
f 1223/12/1 1224/12/1 1226/12/1
f 1226/12/1 1224/12/1 1225/12/1
f 1227/12/1 1228/12/1 1230/12/1
f 1230/12/1 1228/12/1 1229/12/1
f 1231/3/1 1232/3/1 1113/3/1
f 1113/3/1 1232/3/1 1118/3/1
f 1233/7/1 1234/7/1 1235/7/1
f 1235/7/1 1234/7/1 1188/7/1
f 1236/3/1 1237/3/1 1239/3/1
f 1239/3/1 1237/3/1 1238/3/1
f 1237/3/1 1240/3/1 1242/3/1
f 1242/3/1 1240/3/1 1241/3/1
f 1240/3/1 1243/3/1 1245/3/1
f 1245/3/1 1243/3/1 1244/3/1
f 1243/7/1 1246/7/1 1247/7/1
f 1247/7/1 1246/7/1 1165/7/1
f 1248/12/1 1249/12/1 1251/12/1
f 1251/12/1 1249/12/1 1250/12/1
f 1252/7/1 1253/7/1 1254/7/1
f 1254/7/1 1253/7/1 1232/7/1
f 1255/12/1 1256/12/1 1258/12/1
f 1258/12/1 1256/12/1 1257/12/1
f 1259/12/1 1260/12/1 1262/12/1
f 1262/12/1 1260/12/1 1261/12/1
f 1263/7/1 1264/7/1 1236/7/1
f 1236/7/1 1264/7/1 1243/7/1
f 1265/12/1 1266/12/1 1268/12/1
f 1268/12/1 1266/12/1 1267/12/1
f 1269/12/1 1270/12/1 1272/12/1
f 1272/12/1 1270/12/1 1271/12/1
f 1270/12/1 1273/12/1 1275/12/1
f 1275/12/1 1273/12/1 1274/12/1
f 1276/5/1 1277/5/1 1279/5/1
f 1279/5/1 1277/5/1 1278/5/1
f 1280/12/1 1281/12/1 1283/12/1
f 1283/12/1 1281/12/1 1282/12/1
f 1284/12/1 1285/12/1 1287/12/1
f 1287/12/1 1285/12/1 1286/12/1
f 1288/12/1 1289/12/1 1290/12/1
f 1290/12/1 1289/12/1 1255/12/1
f 1289/5/1 1291/5/1 1255/5/1
f 1255/5/1 1291/5/1 1256/5/1
f 1292/12/1 1293/12/1 1295/12/1
f 1295/12/1 1293/12/1 1294/12/1
f 1296/12/1 1297/12/1 1299/12/1
f 1299/12/1 1297/12/1 1298/12/1
f 1300/12/1 1301/12/1 1303/12/1
f 1303/12/1 1301/12/1 1302/12/1
f 1304/12/1 1305/12/1 1307/12/1
f 1307/12/1 1305/12/1 1306/12/1
f 1308/5/1 1309/5/1 1265/5/1
f 1265/5/1 1309/5/1 1266/5/1
f 1310/5/1 1311/5/1 1313/5/1
f 1313/5/1 1311/5/1 1312/5/1
f 1314/12/1 1315/12/1 1316/12/1
f 1316/12/1 1315/12/1 1276/12/1
f 1317/12/1 1318/12/1 1273/12/1
f 1273/12/1 1318/12/1 1319/12/1
f 1320/12/1 1321/12/1 1277/12/1
f 1277/12/1 1321/12/1 1322/12/1
f 1323/5/1 1324/5/1 1326/5/1
f 1326/5/1 1324/5/1 1325/5/1
f 1327/12/1 1328/12/1 1330/12/1
f 1330/12/1 1328/12/1 1329/12/1
f 1331/7/1 1332/7/1 1231/7/1
f 1231/7/1 1332/7/1 1254/7/1
f 1333/3/1 1334/3/1 1232/3/1
f 1232/3/1 1334/3/1 1234/3/1
f 1335/5/1 1336/5/1 1296/5/1
f 1296/5/1 1336/5/1 1297/5/1
f 1337/5/1 1338/5/1 1340/5/1
f 1340/5/1 1338/5/1 1339/5/1
f 1341/12/1 1342/12/1 1344/12/1
f 1344/12/1 1342/12/1 1343/12/1
f 1345/12/1 1346/12/1 1348/12/1
f 1348/12/1 1346/12/1 1347/12/1
f 1349/12/1 1350/12/1 1352/12/1
f 1352/12/1 1350/12/1 1351/12/1
f 1353/5/1 1354/5/1 1356/5/1
f 1356/5/1 1354/5/1 1355/5/1
f 1357/7/1 1358/7/1 1359/7/1
f 1359/7/1 1358/7/1 1264/7/1
f 1358/3/1 1360/3/1 1243/3/1
f 1243/3/1 1360/3/1 1246/3/1
f 1361/12/1 1362/12/1 1363/12/1
f 1363/12/1 1362/12/1 1308/12/1
f 1364/12/1 1365/12/1 1310/12/1
f 1310/12/1 1365/12/1 1311/12/1
f 1365/12/1 1366/12/1 1312/12/1
f 1312/12/1 1366/12/1 1367/12/1
f 1366/12/1 1368/12/1 1370/12/1
f 1370/12/1 1368/12/1 1369/12/1
f 1368/5/1 1371/5/1 1369/5/1
f 1369/5/1 1371/5/1 1372/5/1
f 1373/3/1 1374/3/1 1331/3/1
f 1331/3/1 1374/3/1 1333/3/1
f 1375/12/1 1376/12/1 1377/12/1
f 1377/12/1 1376/12/1 1335/12/1
f 1378/12/1 1379/12/1 1381/12/1
f 1381/12/1 1379/12/1 1380/12/1
f 1382/12/1 1383/12/1 1385/12/1
f 1385/12/1 1383/12/1 1384/12/1
f 1386/5/1 1387/5/1 1389/5/1
f 1389/5/1 1387/5/1 1388/5/1
f 1390/7/1 1391/7/1 1358/7/1
f 1358/7/1 1391/7/1 1360/7/1
f 1392/12/1 1393/12/1 1394/12/1
f 1394/12/1 1393/12/1 1364/12/1
f 1395/5/1 1396/5/1 1398/5/1
f 1398/5/1 1396/5/1 1397/5/1
f 1396/12/1 1399/12/1 1397/12/1
f 1397/12/1 1399/12/1 1400/12/1
f 1401/12/1 1402/12/1 1404/12/1
f 1404/12/1 1402/12/1 1403/12/1
f 1405/12/1 1406/12/1 1408/12/1
f 1408/12/1 1406/12/1 1407/12/1
f 1409/12/1 1410/12/1 1412/12/1
f 1412/12/1 1410/12/1 1411/12/1
f 1413/12/1 1414/12/1 1416/12/1
f 1416/12/1 1414/12/1 1415/12/1
f 1417/12/1 1418/12/1 1420/12/1
f 1420/12/1 1418/12/1 1419/12/1
f 1421/12/1 1422/12/1 1424/12/1
f 1424/12/1 1422/12/1 1423/12/1
f 1422/12/1 1425/12/1 1427/12/1
f 1427/12/1 1425/12/1 1426/12/1
f 1428/12/1 1429/12/1 1431/12/1
f 1431/12/1 1429/12/1 1430/12/1
f 1432/12/1 1433/12/1 1435/12/1
f 1435/12/1 1433/12/1 1434/12/1
f 1436/12/1 1437/12/1 1439/12/1
f 1439/12/1 1437/12/1 1438/12/1
f 1440/3/1 1441/3/1 1357/3/1
f 1357/3/1 1441/3/1 1358/3/1
f 1442/12/1 1443/12/1 1445/12/1
f 1445/12/1 1443/12/1 1444/12/1
f 1446/5/1 1447/5/1 1396/5/1
f 1396/5/1 1447/5/1 1448/5/1
f 1447/12/1 1449/12/1 1448/12/1
f 1448/12/1 1449/12/1 1450/12/1
f 1451/12/1 1452/12/1 1402/12/1
f 1402/12/1 1452/12/1 1453/12/1
f 1454/12/1 1455/12/1 1457/12/1
f 1457/12/1 1455/12/1 1456/12/1
f 1458/12/1 1459/12/1 1460/12/1
f 1460/12/1 1459/12/1 1368/12/1
f 1461/3/1 1462/3/1 1464/3/1
f 1464/3/1 1462/3/1 1463/3/1
f 1462/3/1 1465/3/1 1466/3/1
f 1466/3/1 1465/3/1 1374/3/1
f 1465/7/1 1467/7/1 1333/7/1
f 1333/7/1 1467/7/1 1334/7/1
f 1468/12/1 1469/12/1 1471/12/1
f 1471/12/1 1469/12/1 1470/12/1
f 1472/12/1 1473/12/1 1475/12/1
f 1475/12/1 1473/12/1 1474/12/1
f 1476/12/1 1477/12/1 1479/12/1
f 1479/12/1 1477/12/1 1478/12/1
f 1480/5/1 1481/5/1 1483/5/1
f 1483/5/1 1481/5/1 1482/5/1
f 1484/12/1 1485/12/1 1487/12/1
f 1487/12/1 1485/12/1 1486/12/1
f 1488/12/1 1489/12/1 1491/12/1
f 1491/12/1 1489/12/1 1490/12/1
f 1492/12/1 1493/12/1 1429/12/1
f 1429/12/1 1493/12/1 1494/12/1
f 1495/3/1 1496/3/1 1497/3/1
f 1497/3/1 1496/3/1 1440/3/1
f 1498/7/1 1499/7/1 1441/7/1
f 1441/7/1 1499/7/1 1500/7/1
f 1501/12/1 1502/12/1 1446/12/1
f 1446/12/1 1502/12/1 1447/12/1
f 1503/12/1 1504/12/1 1506/12/1
f 1506/12/1 1504/12/1 1505/12/1
f 1507/5/1 1508/5/1 1509/5/1
f 1509/5/1 1508/5/1 1449/5/1
f 1508/12/1 1510/12/1 1449/12/1
f 1449/12/1 1510/12/1 1511/12/1
f 1512/12/1 1513/12/1 1515/12/1
f 1515/12/1 1513/12/1 1514/12/1
f 1516/7/1 1517/7/1 1518/7/1
f 1518/7/1 1517/7/1 1465/7/1
f 1517/3/1 1519/3/1 1465/3/1
f 1465/3/1 1519/3/1 1467/3/1
f 1520/12/1 1521/12/1 1523/12/1
f 1523/12/1 1521/12/1 1522/12/1
f 1524/12/1 1525/12/1 1527/12/1
f 1527/12/1 1525/12/1 1526/12/1
f 1528/12/1 1529/12/1 1531/12/1
f 1531/12/1 1529/12/1 1530/12/1
f 1532/12/1 1533/12/1 1480/12/1
f 1480/12/1 1533/12/1 1481/12/1
f 1534/12/1 1535/12/1 1418/12/1
f 1418/12/1 1535/12/1 1536/12/1
f 1537/12/1 1538/12/1 1539/12/1
f 1539/12/1 1538/12/1 1487/12/1
f 1540/12/1 1541/12/1 1543/12/1
f 1543/12/1 1541/12/1 1542/12/1
f 1544/12/1 1545/12/1 1547/12/1
f 1547/12/1 1545/12/1 1546/12/1
f 1548/12/1 1549/12/1 1551/12/1
f 1551/12/1 1549/12/1 1550/12/1
f 1552/12/1 1553/12/1 1555/12/1
f 1555/12/1 1553/12/1 1554/12/1
f 1556/3/1 1557/3/1 1558/3/1
f 1558/3/1 1557/3/1 1519/3/1
f 1559/12/1 1560/12/1 1561/12/1
f 1561/12/1 1560/12/1 1520/12/1
f 1562/12/1 1563/12/1 1565/12/1
f 1565/12/1 1563/12/1 1564/12/1
f 1566/12/1 1567/12/1 1569/12/1
f 1569/12/1 1567/12/1 1568/12/1
f 1570/7/1 1571/7/1 1461/7/1
f 1461/7/1 1571/7/1 1518/7/1
f 1571/7/1 1572/7/1 1574/7/1
f 1574/7/1 1572/7/1 1573/7/1
f 1575/3/1 1576/3/1 1577/3/1
f 1577/3/1 1576/3/1 1557/3/1
f 1578/7/1 1579/7/1 1495/7/1
f 1495/7/1 1579/7/1 1498/7/1
f 1579/3/1 1580/3/1 1498/3/1
f 1498/3/1 1580/3/1 1499/3/1
f 1580/3/1 1581/3/1 1583/3/1
f 1583/3/1 1581/3/1 1582/3/1
f 1584/12/1 1585/12/1 1587/12/1
f 1587/12/1 1585/12/1 1586/12/1
f 1588/12/1 1589/12/1 1591/12/1
f 1591/12/1 1589/12/1 1590/12/1
f 1592/12/1 1593/12/1 1595/12/1
f 1595/12/1 1593/12/1 1594/12/1
f 1596/12/1 1597/12/1 1599/12/1
f 1599/12/1 1597/12/1 1598/12/1
f 1600/12/1 1601/12/1 1603/12/1
f 1603/12/1 1601/12/1 1602/12/1
f 1604/12/1 1605/12/1 1607/12/1
f 1607/12/1 1605/12/1 1606/12/1
f 1608/12/1 1609/12/1 1611/12/1
f 1611/12/1 1609/12/1 1610/12/1
f 1609/5/1 1612/5/1 1610/5/1
f 1610/5/1 1612/5/1 1613/5/1
f 1612/12/1 1614/12/1 1613/12/1
f 1613/12/1 1614/12/1 1615/12/1
f 1616/12/1 1617/12/1 1619/12/1
f 1619/12/1 1617/12/1 1618/12/1
f 1620/12/1 1621/12/1 1622/12/1
f 1622/12/1 1621/12/1 1596/12/1
f 1623/12/1 1624/12/1 1626/12/1
f 1626/12/1 1624/12/1 1625/12/1
f 1627/5/1 1628/5/1 1629/5/1
f 1629/5/1 1628/5/1 1600/5/1
f 1630/5/1 1631/5/1 1633/5/1
f 1633/5/1 1631/5/1 1632/5/1
f 1631/12/1 1634/12/1 1632/12/1
f 1632/12/1 1634/12/1 1635/12/1
f 1636/3/1 1637/3/1 1638/3/1
f 1638/3/1 1637/3/1 1579/3/1
f 1639/7/1 1640/7/1 1580/7/1
f 1580/7/1 1640/7/1 1581/7/1
f 1641/5/1 1642/5/1 1604/5/1
f 1604/5/1 1642/5/1 1605/5/1
f 1643/12/1 1644/12/1 1646/12/1
f 1646/12/1 1644/12/1 1645/12/1
f 1644/5/1 1647/5/1 1645/5/1
f 1645/5/1 1647/5/1 1648/5/1
f 1649/3/1 1650/3/1 1570/3/1
f 1570/3/1 1650/3/1 1572/3/1
f 1650/7/1 1651/7/1 1572/7/1
f 1572/7/1 1651/7/1 1576/7/1
f 1652/5/1 1653/5/1 1616/5/1
f 1616/5/1 1653/5/1 1617/5/1
f 1654/5/1 1655/5/1 1657/5/1
f 1657/5/1 1655/5/1 1656/5/1
f 1658/12/1 1659/12/1 1661/12/1
f 1661/12/1 1659/12/1 1660/12/1
f 1659/12/1 1662/12/1 1664/12/1
f 1664/12/1 1662/12/1 1663/12/1
f 1662/5/1 1665/5/1 1663/5/1
f 1663/5/1 1665/5/1 1666/5/1
f 1667/3/1 1668/3/1 1578/3/1
f 1578/3/1 1668/3/1 1638/3/1
f 1669/7/1 1670/7/1 1579/7/1
f 1579/7/1 1670/7/1 1580/7/1
f 1671/12/1 1672/12/1 1673/12/1
f 1673/12/1 1672/12/1 1641/12/1
f 1674/12/1 1675/12/1 1676/12/1
f 1676/12/1 1675/12/1 1643/12/1
f 1677/12/1 1678/12/1 1680/12/1
f 1680/12/1 1678/12/1 1679/12/1
f 1681/5/1 1682/5/1 1684/5/1
f 1684/5/1 1682/5/1 1683/5/1
f 1685/12/1 1686/12/1 1687/12/1
f 1687/12/1 1686/12/1 1652/12/1
f 1688/12/1 1689/12/1 1691/12/1
f 1691/12/1 1689/12/1 1690/12/1
f 1692/12/1 1693/12/1 1662/12/1
f 1662/12/1 1693/12/1 1665/12/1
f 1694/5/1 1695/5/1 1697/5/1
f 1697/5/1 1695/5/1 1696/5/1
f 1698/12/1 1699/12/1 1701/12/1
f 1701/12/1 1699/12/1 1700/12/1
f 1702/12/1 1703/12/1 1705/12/1
f 1705/12/1 1703/12/1 1704/12/1
f 1706/5/1 1707/5/1 1674/5/1
f 1674/5/1 1707/5/1 1675/5/1
f 1708/7/1 1709/7/1 1711/7/1
f 1711/7/1 1709/7/1 1710/7/1
f 1712/12/1 1713/12/1 1715/12/1
f 1715/12/1 1713/12/1 1714/12/1
f 1713/12/1 1716/12/1 1654/12/1
f 1654/12/1 1716/12/1 1655/12/1
f 1717/12/1 1718/12/1 1720/12/1
f 1720/12/1 1718/12/1 1719/12/1
f 1721/12/1 1722/12/1 1724/12/1
f 1724/12/1 1722/12/1 1723/12/1
f 1725/12/1 1726/12/1 1693/12/1
f 1693/12/1 1726/12/1 1727/12/1
f 1728/12/1 1729/12/1 1731/12/1
f 1731/12/1 1729/12/1 1730/12/1
f 1732/12/1 1733/12/1 1734/12/1
f 1734/12/1 1733/12/1 1630/12/1
f 1735/12/1 1736/12/1 1738/12/1
f 1738/12/1 1736/12/1 1737/12/1
f 1739/12/1 1740/12/1 1742/12/1
f 1742/12/1 1740/12/1 1741/12/1
f 1743/5/1 1744/5/1 1707/5/1
f 1707/5/1 1744/5/1 1745/5/1
f 1746/12/1 1747/12/1 1749/12/1
f 1749/12/1 1747/12/1 1748/12/1
f 1750/12/1 1751/12/1 1753/12/1
f 1753/12/1 1751/12/1 1752/12/1
f 1754/12/1 1755/12/1 1757/12/1
f 1757/12/1 1755/12/1 1756/12/1
f 1758/12/1 1759/12/1 1761/12/1
f 1761/12/1 1759/12/1 1760/12/1
f 1755/12/1 1762/12/1 1763/12/1
f 1763/12/1 1762/12/1 1680/12/1
f 1764/7/1 1765/7/1 1649/7/1
f 1649/7/1 1765/7/1 1766/7/1
f 1767/7/1 1768/7/1 1769/7/1
f 1769/7/1 1768/7/1 1650/7/1
f 1768/3/1 1770/3/1 1772/3/1
f 1772/3/1 1770/3/1 1771/3/1
f 1770/3/1 1773/3/1 1774/3/1
f 1774/3/1 1773/3/1 1651/3/1
f 1775/12/1 1776/12/1 1778/12/1
f 1778/12/1 1776/12/1 1777/12/1
f 1779/12/1 1780/12/1 1782/12/1
f 1782/12/1 1780/12/1 1781/12/1
f 1783/12/1 1784/12/1 1656/12/1
f 1656/12/1 1784/12/1 1620/12/1
f 1785/12/1 1786/12/1 1788/12/1
f 1788/12/1 1786/12/1 1787/12/1
f 1786/5/1 1789/5/1 1787/5/1
f 1787/5/1 1789/5/1 1790/5/1
f 1791/12/1 1792/12/1 1794/12/1
f 1794/12/1 1792/12/1 1793/12/1
f 1795/12/1 1796/12/1 1718/12/1
f 1718/12/1 1796/12/1 1797/12/1
f 1789/12/1 1798/12/1 1790/12/1
f 1790/12/1 1798/12/1 1799/12/1
f 1800/12/1 1801/12/1 1803/12/1
f 1803/12/1 1801/12/1 1802/12/1
f 1804/7/1 1805/7/1 1667/7/1
f 1667/7/1 1805/7/1 1668/7/1
f 1806/3/1 1807/3/1 1670/3/1
f 1670/3/1 1807/3/1 1808/3/1
f 1809/12/1 1810/12/1 1743/12/1
f 1743/12/1 1810/12/1 1744/12/1
f 1811/12/1 1812/12/1 1814/12/1
f 1814/12/1 1812/12/1 1813/12/1
f 1815/12/1 1816/12/1 1817/12/1
f 1817/12/1 1816/12/1 1791/12/1
f 1818/12/1 1819/12/1 1821/12/1
f 1821/12/1 1819/12/1 1820/12/1
f 1822/12/1 1823/12/1 1825/12/1
f 1825/12/1 1823/12/1 1824/12/1
f 1826/12/1 1827/12/1 1829/12/1
f 1829/12/1 1827/12/1 1828/12/1
f 1830/12/1 1831/12/1 1833/12/1
f 1833/12/1 1831/12/1 1832/12/1
f 1834/12/1 1835/12/1 1837/12/1
f 1837/12/1 1835/12/1 1836/12/1
f 1838/12/1 1839/12/1 1841/12/1
f 1841/12/1 1839/12/1 1840/12/1
f 1842/3/1 1843/3/1 1845/3/1
f 1845/3/1 1843/3/1 1844/3/1
f 1846/3/1 1847/3/1 1764/3/1
f 1764/3/1 1847/3/1 1765/3/1
f 1847/3/1 1848/3/1 1850/3/1
f 1850/3/1 1848/3/1 1849/3/1
f 1848/3/1 1851/3/1 1767/3/1
f 1767/3/1 1851/3/1 1768/3/1
f 1851/7/1 1852/7/1 1768/7/1
f 1768/7/1 1852/7/1 1773/7/1
f 1853/3/1 1854/3/1 1804/3/1
f 1804/3/1 1854/3/1 1855/3/1
f 1856/3/1 1857/3/1 1805/3/1
f 1805/3/1 1857/3/1 1858/3/1
f 1857/7/1 1859/7/1 1858/7/1
f 1858/7/1 1859/7/1 1807/7/1
f 1860/7/1 1861/7/1 1848/7/1
f 1848/7/1 1861/7/1 1851/7/1
f 1861/3/1 1862/3/1 1851/3/1
f 1851/3/1 1862/3/1 1852/3/1
f 1863/7/1 1864/7/1 1853/7/1
f 1853/7/1 1864/7/1 1857/7/1
f 1864/3/1 1865/3/1 1857/3/1
f 1857/3/1 1865/3/1 1859/3/1
f 1866/9/1 1867/9/1 1869/9/1
f 1869/9/1 1867/9/1 1868/9/1
f 1870/9/1 1871/9/1 1873/9/1
f 1873/9/1 1871/9/1 1872/9/1
f 1874/9/1 1875/9/1 1877/9/1
f 1877/9/1 1875/9/1 1876/9/1
f 1878/9/1 1879/9/1 1881/9/1
f 1881/9/1 1879/9/1 1880/9/1
f 1882/9/1 1883/9/1 1885/9/1
f 1885/9/1 1883/9/1 1884/9/1
f 1886/9/1 1887/9/1 1889/9/1
f 1889/9/1 1887/9/1 1888/9/1
f 1890/9/1 1891/9/1 1893/9/1
f 1893/9/1 1891/9/1 1892/9/1
f 1894/9/1 1895/9/1 1897/9/1
f 1897/9/1 1895/9/1 1896/9/1
f 1898/9/1 1899/9/1 1901/9/1
f 1901/9/1 1899/9/1 1900/9/1
f 1902/9/1 1903/9/1 1905/9/1
f 1905/9/1 1903/9/1 1904/9/1
f 1906/9/1 1907/9/1 1909/9/1
f 1909/9/1 1907/9/1 1908/9/1
f 1910/9/1 1911/9/1 1913/9/1
f 1913/9/1 1911/9/1 1912/9/1
f 1907/7/1 1914/7/1 1908/7/1
f 1908/7/1 1914/7/1 1915/7/1
f 1916/3/1 1917/3/1 1918/3/1
f 1918/3/1 1917/3/1 1862/3/1
f 1919/9/1 1920/9/1 1922/9/1
f 1922/9/1 1920/9/1 1921/9/1
f 1923/9/1 1924/9/1 1926/9/1
f 1926/9/1 1924/9/1 1925/9/1
f 1927/9/1 1928/9/1 1930/9/1
f 1930/9/1 1928/9/1 1929/9/1
f 1931/9/1 1932/9/1 1934/9/1
f 1934/9/1 1932/9/1 1933/9/1
f 1935/9/1 1936/9/1 1938/9/1
f 1938/9/1 1936/9/1 1937/9/1
f 1939/9/1 1940/9/1 1942/9/1
f 1942/9/1 1940/9/1 1941/9/1
f 1943/9/1 1944/9/1 1946/9/1
f 1946/9/1 1944/9/1 1945/9/1
f 1947/9/1 1948/9/1 1950/9/1
f 1950/9/1 1948/9/1 1949/9/1
f 1951/9/1 1952/9/1 1954/9/1
f 1954/9/1 1952/9/1 1953/9/1
f 1955/9/1 1956/9/1 1958/9/1
f 1958/9/1 1956/9/1 1957/9/1
f 1959/9/1 1960/9/1 1962/9/1
f 1962/9/1 1960/9/1 1961/9/1
f 1963/9/1 1964/9/1 1966/9/1
f 1966/9/1 1964/9/1 1965/9/1
f 1967/9/1 1968/9/1 1970/9/1
f 1970/9/1 1968/9/1 1969/9/1
f 1971/9/1 1972/9/1 1974/9/1
f 1974/9/1 1972/9/1 1973/9/1
f 1975/9/1 1976/9/1 1978/9/1
f 1978/9/1 1976/9/1 1977/9/1
f 1979/9/1 1980/9/1 1982/9/1
f 1982/9/1 1980/9/1 1981/9/1
f 1983/9/1 1984/9/1 1986/9/1
f 1986/9/1 1984/9/1 1985/9/1
f 1987/9/1 1988/9/1 1990/9/1
f 1990/9/1 1988/9/1 1989/9/1
f 1991/9/1 1992/9/1 1994/9/1
f 1994/9/1 1992/9/1 1993/9/1
f 1995/9/1 1996/9/1 1998/9/1
f 1998/9/1 1996/9/1 1997/9/1
f 1999/9/1 2000/9/1 2002/9/1
f 2002/9/1 2000/9/1 2001/9/1
f 2003/9/1 2004/9/1 2006/9/1
f 2006/9/1 2004/9/1 2005/9/1
f 2007/3/1 2008/3/1 2009/3/1
f 2009/3/1 2008/3/1 1865/3/1
f 2010/1/1 2011/1/1 2013/1/1
f 2013/1/1 2011/1/1 2012/1/1
f 2014/1/1 2015/1/1 2017/1/1
f 2017/1/1 2015/1/1 2016/1/1
f 2018/1/1 2019/1/1 2021/1/1
f 2021/1/1 2019/1/1 2020/1/1
f 2022/1/1 2023/1/1 2025/1/1
f 2025/1/1 2023/1/1 2024/1/1
f 2026/9/1 2027/9/1 2028/9/1
f 2028/9/1 2027/9/1 1963/9/1
f 2029/1/1 2030/1/1 1967/1/1
f 1967/1/1 2030/1/1 2031/1/1
f 2032/1/1 2033/1/1 2035/1/1
f 2035/1/1 2033/1/1 2034/1/1
f 2036/9/1 2037/9/1 2039/9/1
f 2039/9/1 2037/9/1 2038/9/1
f 2040/1/1 2041/1/1 2042/1/1
f 2042/1/1 2041/1/1 2010/1/1
f 2043/3/1 2044/3/1 1907/3/1
f 1907/3/1 2044/3/1 1914/3/1
f 2045/7/1 2046/7/1 1916/7/1
f 1916/7/1 2046/7/1 1917/7/1
f 2047/9/1 2048/9/1 2050/9/1
f 2050/9/1 2048/9/1 2049/9/1
f 2051/3/1 2052/3/1 2054/3/1
f 2054/3/1 2052/3/1 2053/3/1
f 2052/7/1 2055/7/1 2056/7/1
f 2056/7/1 2055/7/1 2008/7/1
f 2057/7/1 2058/7/1 2059/7/1
f 2059/7/1 2058/7/1 2044/7/1
f 2060/9/1 2061/9/1 2063/9/1
f 2063/9/1 2061/9/1 2062/9/1
f 2064/7/1 2065/7/1 2043/7/1
f 2043/7/1 2065/7/1 2059/7/1
f 2065/7/1 2066/7/1 2068/7/1
f 2068/7/1 2066/7/1 2067/7/1
f 2066/7/1 2069/7/1 2070/7/1
f 2070/7/1 2069/7/1 2058/7/1
f 2069/3/1 2071/3/1 2058/3/1
f 2058/3/1 2071/3/1 2072/3/1
f 2071/3/1 2073/3/1 2075/3/1
f 2075/3/1 2073/3/1 2074/3/1
f 2073/3/1 2076/3/1 2045/3/1
f 2045/3/1 2076/3/1 2046/3/1
f 2077/7/1 2078/7/1 2079/7/1
f 2079/7/1 2078/7/1 2051/7/1
f 2078/7/1 2080/7/1 2082/7/1
f 2082/7/1 2080/7/1 2081/7/1
f 2080/3/1 2083/3/1 2081/3/1
f 2081/3/1 2083/3/1 2084/3/1
f 2085/9/1 2086/9/1 2088/9/1
f 2088/9/1 2086/9/1 2087/9/1
f 2089/3/1 2090/3/1 2077/3/1
f 2077/3/1 2090/3/1 2078/3/1
f 2091/7/1 2092/7/1 2094/7/1
f 2094/7/1 2092/7/1 2093/7/1
f 2092/3/1 2095/3/1 2097/3/1
f 2097/3/1 2095/3/1 2096/3/1
f 2095/3/1 2098/3/1 2066/3/1
f 2066/3/1 2098/3/1 2069/3/1
f 2098/7/1 2099/7/1 2069/7/1
f 2069/7/1 2099/7/1 2076/7/1
f 2099/7/1 2100/7/1 2102/7/1
f 2102/7/1 2100/7/1 2101/7/1
f 2103/9/1 2104/9/1 2106/9/1
f 2106/9/1 2104/9/1 2105/9/1
f 2107/7/1 2108/7/1 2109/7/1
f 2109/7/1 2108/7/1 2089/7/1
f 2108/3/1 2110/3/1 2112/3/1
f 2112/3/1 2110/3/1 2111/3/1
f 2110/3/1 2113/3/1 2090/3/1
f 2090/3/1 2113/3/1 2114/3/1
f 2113/7/1 2115/7/1 2114/7/1
f 2114/7/1 2115/7/1 2116/7/1
f 2115/7/1 2117/7/1 2118/7/1
f 2118/7/1 2117/7/1 2083/7/1
f 2119/4/1 2120/4/1 2122/4/1
f 2122/4/1 2120/4/1 2121/4/1
f 2123/4/1 2124/4/1 2126/4/1
f 2126/4/1 2124/4/1 2125/4/1
f 2124/13/1 2127/13/1 2129/13/1
f 2129/13/1 2127/13/1 2128/13/1
f 2130/13/1 2131/13/1 2092/13/1
f 2092/13/1 2131/13/1 2099/13/1
f 2132/6/1 2133/6/1 2135/6/1
f 2135/6/1 2133/6/1 2134/6/1
f 2136/6/1 2137/6/1 2139/6/1
f 2139/6/1 2137/6/1 2138/6/1
f 2140/4/1 2141/4/1 2143/4/1
f 2143/4/1 2141/4/1 2142/4/1
f 2144/9/1 2145/9/1 2147/9/1
f 2147/9/1 2145/9/1 2146/9/1
f 2145/9/1 2148/9/1 2150/9/1
f 2150/9/1 2148/9/1 2149/9/1
f 2151/11/1 2152/11/1 2154/11/1
f 2154/11/1 2152/11/1 2153/11/1
f 2155/2/1 2156/2/1 2108/2/1
f 2108/2/1 2156/2/1 2117/2/1
f 2157/7/1 2158/7/1 2160/7/1
f 2160/7/1 2158/7/1 2159/7/1
f 2161/4/1 2162/4/1 2164/4/1
f 2164/4/1 2162/4/1 2163/4/1
f 2158/7/1 2165/7/1 2166/7/1
f 2166/7/1 2165/7/1 2094/7/1
f 2167/13/1 2168/13/1 2170/13/1
f 2170/13/1 2168/13/1 2169/13/1
f 2171/13/1 2172/13/1 2174/13/1
f 2174/13/1 2172/13/1 2173/13/1
f 2175/8/1 2176/8/1 2178/8/1
f 2178/8/1 2176/8/1 2177/8/1
f 2179/8/1 2180/8/1 2182/8/1
f 2182/8/1 2180/8/1 2181/8/1
f 2183/8/1 2184/8/1 2185/8/1
f 2185/8/1 2184/8/1 2132/8/1
f 2184/13/1 2186/13/1 2132/13/1
f 2132/13/1 2186/13/1 2133/13/1
f 2187/13/1 2188/13/1 2136/13/1
f 2136/13/1 2188/13/1 2137/13/1
f 2189/7/1 2190/7/1 2192/7/1
f 2192/7/1 2190/7/1 2191/7/1
f 2193/4/1 2194/4/1 2196/4/1
f 2196/4/1 2194/4/1 2195/4/1
f 2197/7/1 2198/7/1 2200/7/1
f 2200/7/1 2198/7/1 2199/7/1
f 2198/7/1 2201/7/1 2202/7/1
f 2202/7/1 2201/7/1 2109/7/1
f 2203/8/1 2204/8/1 2206/8/1
f 2206/8/1 2204/8/1 2205/8/1
f 2207/8/1 2208/8/1 2209/8/1
f 2209/8/1 2208/8/1 2156/8/1
f 2210/4/1 2211/4/1 2213/4/1
f 2213/4/1 2211/4/1 2212/4/1
f 2214/10/1 2215/10/1 2217/10/1
f 2217/10/1 2215/10/1 2216/10/1
f 2211/4/1 2218/4/1 2220/4/1
f 2220/4/1 2218/4/1 2219/4/1
f 2218/4/1 2221/4/1 2222/4/1
f 2222/4/1 2221/4/1 2170/4/1
f 2221/4/1 2223/4/1 2167/4/1
f 2167/4/1 2223/4/1 2168/4/1
f 2224/4/1 2225/4/1 2226/4/1
f 2226/4/1 2225/4/1 2124/4/1
f 2225/4/1 2227/4/1 2229/4/1
f 2229/4/1 2227/4/1 2228/4/1
f 2230/13/1 2231/13/1 2175/13/1
f 2175/13/1 2231/13/1 2176/13/1
f 2232/4/1 2233/4/1 2172/4/1
f 2172/4/1 2233/4/1 2234/4/1
f 2235/4/1 2236/4/1 2237/4/1
f 2237/4/1 2236/4/1 2141/4/1
f 2238/10/1 2239/10/1 2241/10/1
f 2241/10/1 2239/10/1 2240/10/1
f 2242/8/1 2243/8/1 2245/8/1
f 2245/8/1 2243/8/1 2244/8/1
f 2246/4/1 2247/4/1 2249/4/1
f 2249/4/1 2247/4/1 2248/4/1
f 2250/4/1 2251/4/1 2253/4/1
f 2253/4/1 2251/4/1 2252/4/1
f 2254/4/1 2255/4/1 2257/4/1
f 2257/4/1 2255/4/1 2256/4/1
f 2258/9/1 2259/9/1 2261/9/1
f 2261/9/1 2259/9/1 2260/9/1
f 2262/11/1 2263/11/1 2265/11/1
f 2265/11/1 2263/11/1 2264/11/1
f 2266/8/1 2267/8/1 2269/8/1
f 2269/8/1 2267/8/1 2268/8/1
f 2270/10/1 2271/10/1 2273/10/1
f 2273/10/1 2271/10/1 2272/10/1
f 2274/8/1 2275/8/1 2277/8/1
f 2277/8/1 2275/8/1 2276/8/1
f 2275/2/1 2278/2/1 2279/2/1
f 2279/2/1 2278/2/1 2206/2/1
f 2278/2/1 2280/2/1 2203/2/1
f 2203/2/1 2280/2/1 2204/2/1
f 2281/1/1 2282/1/1 2284/1/1
f 2284/1/1 2282/1/1 2283/1/1
f 2285/1/1 2286/1/1 2288/1/1
f 2288/1/1 2286/1/1 2287/1/1
f 2286/8/1 2289/8/1 2287/8/1
f 2287/8/1 2289/8/1 2290/8/1
f 2291/4/1 2292/4/1 2293/4/1
f 2293/4/1 2292/4/1 2213/4/1
f 2294/4/1 2295/4/1 2297/4/1
f 2297/4/1 2295/4/1 2296/4/1
f 2298/4/1 2299/4/1 2301/4/1
f 2301/4/1 2299/4/1 2300/4/1
f 2302/7/1 2303/7/1 2305/7/1
f 2305/7/1 2303/7/1 2304/7/1
f 2299/4/1 2306/4/1 2308/4/1
f 2308/4/1 2306/4/1 2307/4/1
f 2309/9/1 2310/9/1 2312/9/1
f 2312/9/1 2310/9/1 2311/9/1
f 2313/9/1 2314/9/1 2316/9/1
f 2316/9/1 2314/9/1 2315/9/1
f 2317/9/1 2318/9/1 2319/9/1
f 2319/9/1 2318/9/1 2259/9/1
f 2320/4/1 2321/4/1 2322/4/1
f 2322/4/1 2321/4/1 2297/4/1
f 2323/13/1 2324/13/1 2326/13/1
f 2326/13/1 2324/13/1 2325/13/1
f 2327/4/1 2328/4/1 2330/4/1
f 2330/4/1 2328/4/1 2329/4/1
f 2331/13/1 2332/13/1 2334/13/1
f 2334/13/1 2332/13/1 2333/13/1
f 2335/4/1 2336/4/1 2337/4/1
f 2337/4/1 2336/4/1 2295/4/1
f 2338/4/1 2339/4/1 2341/4/1
f 2341/4/1 2339/4/1 2340/4/1
f 2339/4/1 2342/4/1 2344/4/1
f 2344/4/1 2342/4/1 2343/4/1
f 2342/4/1 2345/4/1 2347/4/1
f 2347/4/1 2345/4/1 2346/4/1
f 2348/7/1 2349/7/1 2350/7/1
f 2350/7/1 2349/7/1 2305/7/1
f 2351/13/1 2352/13/1 2354/13/1
f 2354/13/1 2352/13/1 2353/13/1
f 2345/4/1 2355/4/1 2357/4/1
f 2357/4/1 2355/4/1 2356/4/1
f 2358/4/1 2359/4/1 2361/4/1
f 2361/4/1 2359/4/1 2360/4/1
f 2362/4/1 2363/4/1 2365/4/1
f 2365/4/1 2363/4/1 2364/4/1
f 2366/1/1 2367/1/1 2369/1/1
f 2369/1/1 2367/1/1 2368/1/1
f 2370/13/1 2371/13/1 2373/13/1
f 2373/13/1 2371/13/1 2372/13/1
f 2374/4/1 2375/4/1 2377/4/1
f 2377/4/1 2375/4/1 2376/4/1
f 2378/13/1 2379/13/1 2381/13/1
f 2381/13/1 2379/13/1 2380/13/1
f 2382/13/1 2383/13/1 2385/13/1
f 2385/13/1 2383/13/1 2384/13/1
f 2386/13/1 2387/13/1 2389/13/1
f 2389/13/1 2387/13/1 2388/13/1
f 2390/4/1 2391/4/1 2393/4/1
f 2393/4/1 2391/4/1 2392/4/1
f 2394/9/1 2395/9/1 2397/9/1
f 2397/9/1 2395/9/1 2396/9/1
f 2398/2/1 2399/2/1 2262/2/1
f 2262/2/1 2399/2/1 2263/2/1
f 2400/4/1 2401/4/1 2403/4/1
f 2403/4/1 2401/4/1 2402/4/1
f 2404/7/1 2405/7/1 2406/7/1
f 2406/7/1 2405/7/1 2350/7/1
f 2407/7/1 2408/7/1 2410/7/1
f 2410/7/1 2408/7/1 2409/7/1
f 2411/4/1 2412/4/1 2413/4/1
f 2413/4/1 2412/4/1 2390/4/1
f 2414/4/1 2415/4/1 2417/4/1
f 2417/4/1 2415/4/1 2416/4/1
f 2418/9/1 2419/9/1 2421/9/1
f 2421/9/1 2419/9/1 2420/9/1
f 2422/9/1 2423/9/1 2424/9/1
f 2424/9/1 2423/9/1 2395/9/1
f 2425/8/1 2426/8/1 2428/8/1
f 2428/8/1 2426/8/1 2427/8/1
f 2429/4/1 2430/4/1 2432/4/1
f 2432/4/1 2430/4/1 2431/4/1
f 2433/4/1 2434/4/1 2435/4/1
f 2435/4/1 2434/4/1 2401/4/1
f 2436/4/1 2437/4/1 2439/4/1
f 2439/4/1 2437/4/1 2438/4/1
f 2440/7/1 2441/7/1 2443/7/1
f 2443/7/1 2441/7/1 2442/7/1
f 2444/7/1 2445/7/1 2446/7/1
f 2446/7/1 2445/7/1 2410/7/1
f 2447/13/1 2448/13/1 2450/13/1
f 2450/13/1 2448/13/1 2449/13/1
f 2451/4/1 2452/4/1 2453/4/1
f 2453/4/1 2452/4/1 2417/4/1
f 2454/4/1 2455/4/1 2457/4/1
f 2457/4/1 2455/4/1 2456/4/1
f 2458/7/1 2459/7/1 2460/7/1
f 2460/7/1 2459/7/1 2160/7/1
f 2461/4/1 2462/4/1 2464/4/1
f 2464/4/1 2462/4/1 2463/4/1
f 2465/7/1 2466/7/1 2467/7/1
f 2467/7/1 2466/7/1 2406/7/1
f 2468/13/1 2469/13/1 2471/13/1
f 2471/13/1 2469/13/1 2470/13/1
f 2472/13/1 2473/13/1 2475/13/1
f 2475/13/1 2473/13/1 2474/13/1
f 2476/4/1 2477/4/1 2479/4/1
f 2479/4/1 2477/4/1 2478/4/1
f 2480/9/1 2481/9/1 2483/9/1
f 2483/9/1 2481/9/1 2482/9/1
f 2484/9/1 2485/9/1 2487/9/1
f 2487/9/1 2485/9/1 2486/9/1
f 2488/10/1 2489/10/1 2491/10/1
f 2491/10/1 2489/10/1 2490/10/1
f 2492/13/1 2493/13/1 2495/13/1
f 2495/13/1 2493/13/1 2494/13/1
f 2496/13/1 2497/13/1 2499/13/1
f 2499/13/1 2497/13/1 2498/13/1
f 2500/4/1 2501/4/1 2503/4/1
f 2503/4/1 2501/4/1 2502/4/1
f 2504/13/1 2505/13/1 2507/13/1
f 2507/13/1 2505/13/1 2506/13/1
f 2508/4/1 2509/4/1 2468/4/1
f 2468/4/1 2509/4/1 2469/4/1
f 2510/7/1 2511/7/1 2512/7/1
f 2512/7/1 2511/7/1 2408/7/1
f 2513/4/1 2514/4/1 2515/4/1
f 2515/4/1 2514/4/1 2479/4/1
f 2516/9/1 2517/9/1 2519/9/1
f 2519/9/1 2517/9/1 2518/9/1
f 2520/4/1 2521/4/1 2523/4/1
f 2523/4/1 2521/4/1 2522/4/1
f 2524/13/1 2525/13/1 2526/13/1
f 2526/13/1 2525/13/1 2379/13/1
f 2527/7/1 2528/7/1 2530/7/1
f 2530/7/1 2528/7/1 2529/7/1
f 2531/4/1 2532/4/1 2534/4/1
f 2534/4/1 2532/4/1 2533/4/1
f 2535/1/1 2536/1/1 2538/1/1
f 2538/1/1 2536/1/1 2537/1/1
f 2539/1/1 2540/1/1 2542/1/1
f 2542/1/1 2540/1/1 2541/1/1
f 2543/7/1 2544/7/1 2545/7/1
f 2545/7/1 2544/7/1 2200/7/1
f 2546/7/1 2547/7/1 2548/7/1
f 2548/7/1 2547/7/1 2459/7/1
f 2549/10/1 2550/10/1 2551/10/1
f 2551/10/1 2550/10/1 2489/10/1
f 2552/6/1 2553/6/1 2555/6/1
f 2555/6/1 2553/6/1 2554/6/1
f 2556/13/1 2557/13/1 2559/13/1
f 2559/13/1 2557/13/1 2558/13/1
f 2560/4/1 2561/4/1 2562/4/1
f 2562/4/1 2561/4/1 2523/4/1
f 2563/7/1 2564/7/1 2565/7/1
f 2565/7/1 2564/7/1 2467/7/1
f 2564/7/1 2566/7/1 2568/7/1
f 2568/7/1 2566/7/1 2567/7/1
f 2566/7/1 2569/7/1 2571/7/1
f 2571/7/1 2569/7/1 2570/7/1
f 2569/7/1 2572/7/1 2574/7/1
f 2574/7/1 2572/7/1 2573/7/1
f 2572/7/1 2575/7/1 2576/7/1
f 2576/7/1 2575/7/1 2443/7/1
f 2575/7/1 2577/7/1 2579/7/1
f 2579/7/1 2577/7/1 2578/7/1
f 2577/7/1 2580/7/1 2582/7/1
f 2582/7/1 2580/7/1 2581/7/1
f 2580/7/1 2583/7/1 2584/7/1
f 2584/7/1 2583/7/1 2446/7/1
f 2583/7/1 2585/7/1 2587/7/1
f 2587/7/1 2585/7/1 2586/7/1
f 2588/13/1 2589/13/1 2591/13/1
f 2591/13/1 2589/13/1 2590/13/1
f 2592/7/1 2593/7/1 2594/7/1
f 2594/7/1 2593/7/1 2528/7/1
f 2593/7/1 2595/7/1 2596/7/1
f 2596/7/1 2595/7/1 2512/7/1
f 2595/7/1 2597/7/1 2599/7/1
f 2599/7/1 2597/7/1 2598/7/1
f 2597/7/1 2600/7/1 2601/7/1
f 2601/7/1 2600/7/1 2303/7/1
f 2602/13/1 2603/13/1 2604/13/1
f 2604/13/1 2603/13/1 2514/13/1
f 2605/10/1 2606/10/1 2608/10/1
f 2608/10/1 2606/10/1 2607/10/1
f 2609/4/1 2610/4/1 2612/4/1
f 2612/4/1 2610/4/1 2611/4/1
f 2613/7/1 2614/7/1 2615/7/1
f 2615/7/1 2614/7/1 2190/7/1
f 2616/4/1 2617/4/1 2619/4/1
f 2619/4/1 2617/4/1 2618/4/1
f 2620/9/1 2621/9/1 2623/9/1
f 2623/9/1 2621/9/1 2622/9/1
f 2624/9/1 2625/9/1 2626/9/1
f 2626/9/1 2625/9/1 2539/9/1
f 2627/10/1 2628/10/1 2630/10/1
f 2630/10/1 2628/10/1 2629/10/1
f 2631/7/1 2632/7/1 2634/7/1
f 2634/7/1 2632/7/1 2633/7/1
f 2635/12/2 2636/12/2 2638/12/2
f 2638/12/2 2636/12/2 2637/12/2
f 2/12/2 3/12/2 9/12/2
f 9/12/2 3/12/2 12/12/2
f 2639/12/2 2640/12/2 2642/12/2
f 2642/12/2 2640/12/2 2641/12/2
f 2643/12/2 2644/12/2 2646/12/2
f 2646/12/2 2644/12/2 2645/12/2
f 14/12/2 15/12/2 21/12/2
f 21/12/2 15/12/2 24/12/2
f 2647/12/2 2648/12/2 2650/12/2
f 2650/12/2 2648/12/2 2649/12/2
f 2651/12/2 2652/12/2 2654/12/2
f 2654/12/2 2652/12/2 2653/12/2
f 26/12/2 27/12/2 33/12/2
f 33/12/2 27/12/2 36/12/2
f 2655/12/2 2656/12/2 2658/12/2
f 2658/12/2 2656/12/2 2657/12/2
f 2659/12/2 2660/12/2 2662/12/2
f 2662/12/2 2660/12/2 2661/12/2
f 99/12/2 2663/12/2 2665/12/2
f 2665/12/2 2663/12/2 2664/12/2
f 2666/12/2 2667/12/2 2669/12/2
f 2669/12/2 2667/12/2 2668/12/2
f 2670/12/2 2671/12/2 2673/12/2
f 2673/12/2 2671/12/2 2672/12/2
f 2674/12/2 2642/12/2 2676/12/2
f 2676/12/2 2642/12/2 2675/12/2
f 2677/12/2 2678/12/2 2680/12/2
f 2680/12/2 2678/12/2 2679/12/2
f 131/12/2 2681/12/2 2683/12/2
f 2683/12/2 2681/12/2 2682/12/2
f 2684/12/2 2685/12/2 2687/12/2
f 2687/12/2 2685/12/2 2686/12/2
f 2688/12/2 2689/12/2 2691/12/2
f 2691/12/2 2689/12/2 2690/12/2
f 2692/12/2 2650/12/2 2694/12/2
f 2694/12/2 2650/12/2 2693/12/2
f 2695/12/2 2696/12/2 2698/12/2
f 2698/12/2 2696/12/2 2697/12/2
f 163/12/2 2699/12/2 2701/12/2
f 2701/12/2 2699/12/2 2700/12/2
f 2702/12/2 2703/12/2 2705/12/2
f 2705/12/2 2703/12/2 2704/12/2
f 2706/12/2 2707/12/2 2709/12/2
f 2709/12/2 2707/12/2 2708/12/2
f 2710/12/2 2658/12/2 2712/12/2
f 2712/12/2 2658/12/2 2711/12/2
f 195/12/2 2713/12/2 2714/12/2
f 2714/12/2 2713/12/2 37/12/2
f 2715/12/2 2716/12/2 2717/12/2
f 2717/12/2 2716/12/2 41/12/2
f 2718/12/2 2719/12/2 2721/12/2
f 2721/12/2 2719/12/2 2720/12/2
f 2722/12/2 2723/12/2 2724/12/2
f 2724/12/2 2723/12/2 2670/12/2
f 2725/12/2 2673/12/2 2727/12/2
f 2727/12/2 2673/12/2 2726/12/2
f 2728/12/2 2676/12/2 2730/12/2
f 2730/12/2 2676/12/2 2729/12/2
f 2731/12/2 2732/12/2 2734/12/2
f 2734/12/2 2732/12/2 2733/12/2
f 238/12/2 2735/12/2 2736/12/2
f 2736/12/2 2735/12/2 57/12/2
f 2737/12/2 2738/12/2 2739/12/2
f 2739/12/2 2738/12/2 61/12/2
f 2740/12/2 2741/12/2 2743/12/2
f 2743/12/2 2741/12/2 2742/12/2
f 2744/12/2 2745/12/2 2746/12/2
f 2746/12/2 2745/12/2 2688/12/2
f 2747/12/2 2691/12/2 2749/12/2
f 2749/12/2 2691/12/2 2748/12/2
f 2750/12/2 2694/12/2 2752/12/2
f 2752/12/2 2694/12/2 2751/12/2
f 2753/12/2 2754/12/2 2756/12/2
f 2756/12/2 2754/12/2 2755/12/2
f 277/12/2 2757/12/2 2758/12/2
f 2758/12/2 2757/12/2 77/12/2
f 2759/12/2 2760/12/2 2761/12/2
f 2761/12/2 2760/12/2 81/12/2
f 2762/12/2 2763/12/2 2765/12/2
f 2765/12/2 2763/12/2 2764/12/2
f 2766/12/2 2767/12/2 2768/12/2
f 2768/12/2 2767/12/2 2706/12/2
f 2769/12/2 2709/12/2 2771/12/2
f 2771/12/2 2709/12/2 2770/12/2
f 2772/12/2 2712/12/2 2774/12/2
f 2774/12/2 2712/12/2 2773/12/2
f 2775/12/2 2776/12/2 2778/12/2
f 2778/12/2 2776/12/2 2777/12/2
f 2779/12/2 2780/12/2 2782/12/2
f 2782/12/2 2780/12/2 2781/12/2
f 2782/5/2 2781/5/2 2784/5/2
f 2784/5/2 2781/5/2 2783/5/2
f 2785/12/2 2786/12/2 2788/12/2
f 2788/12/2 2786/12/2 2787/12/2
f 2789/5/2 2790/5/2 2792/5/2
f 2792/5/2 2790/5/2 2791/5/2
f 2793/9/2 2794/9/2 2796/9/2
f 2796/9/2 2794/9/2 2795/9/2
f 2792/12/2 2797/12/2 2799/12/2
f 2799/12/2 2797/12/2 2798/12/2
f 2799/5/2 2800/5/2 2802/5/2
f 2802/5/2 2800/5/2 2801/5/2
f 349/12/2 2734/12/2 348/12/2
f 348/12/2 2734/12/2 2803/12/2
f 2804/3/2 2805/3/2 2807/3/2
f 2807/3/2 2805/3/2 2806/3/2
f 2808/12/2 2809/12/2 2811/12/2
f 2811/12/2 2809/12/2 2810/12/2
f 2811/5/2 2810/5/2 2813/5/2
f 2813/5/2 2810/5/2 2812/5/2
f 2814/12/2 2815/12/2 2817/12/2
f 2817/12/2 2815/12/2 2816/12/2
f 2818/5/2 2819/5/2 2821/5/2
f 2821/5/2 2819/5/2 2820/5/2
f 2822/9/2 2823/9/2 2825/9/2
f 2825/9/2 2823/9/2 2824/9/2
f 2821/12/2 2826/12/2 2828/12/2
f 2828/12/2 2826/12/2 2827/12/2
f 2828/5/2 2829/5/2 2831/5/2
f 2831/5/2 2829/5/2 2830/5/2
f 391/12/2 2756/12/2 390/12/2
f 390/12/2 2756/12/2 2832/12/2
f 2833/12/2 2834/12/2 2836/12/2
f 2836/12/2 2834/12/2 2835/12/2
f 2836/5/2 2835/5/2 2838/5/2
f 2838/5/2 2835/5/2 2837/5/2
f 2839/12/2 2840/12/2 2842/12/2
f 2842/12/2 2840/12/2 2841/12/2
f 2843/5/2 2844/5/2 2846/5/2
f 2846/5/2 2844/5/2 2845/5/2
f 2847/9/2 2848/9/2 2850/9/2
f 2850/9/2 2848/9/2 2849/9/2
f 2846/12/2 2851/12/2 2853/12/2
f 2853/12/2 2851/12/2 2852/12/2
f 2853/5/2 2854/5/2 2856/5/2
f 2856/5/2 2854/5/2 2855/5/2
f 427/12/2 2778/12/2 426/12/2
f 426/12/2 2778/12/2 2857/12/2
f 437/12/2 193/12/2 436/12/2
f 436/12/2 193/12/2 194/12/2
f 2858/12/2 2859/12/2 2860/12/2
f 2860/12/2 2859/12/2 101/12/2
f 2861/12/2 2862/12/2 2863/12/2
f 2863/12/2 2862/12/2 2785/12/2
f 2863/5/2 2785/5/2 2864/5/2
f 2864/5/2 2785/5/2 2788/5/2
f 2865/1/2 2866/1/2 2867/1/2
f 2867/1/2 2866/1/2 2796/1/2
f 2868/12/2 2869/12/2 2871/12/2
f 2871/12/2 2869/12/2 2870/12/2
f 2872/1/2 2873/1/2 2875/1/2
f 2875/1/2 2873/1/2 2874/1/2
f 2871/12/2 2876/12/2 2878/12/2
f 2878/12/2 2876/12/2 2877/12/2
f 2879/12/2 121/12/2 2880/12/2
f 2880/12/2 121/12/2 122/12/2
f 462/12/2 2881/12/2 461/12/2
f 461/12/2 2881/12/2 2882/12/2
f 2883/7/2 2884/7/2 2885/7/2
f 2885/7/2 2884/7/2 2805/7/2
f 2886/3/2 2887/3/2 2888/3/2
f 2888/3/2 2887/3/2 2807/3/2
f 468/12/2 236/12/2 467/12/2
f 467/12/2 236/12/2 237/12/2
f 2889/12/2 2890/12/2 2891/12/2
f 2891/12/2 2890/12/2 133/12/2
f 2892/12/2 2893/12/2 2894/12/2
f 2894/12/2 2893/12/2 2814/12/2
f 2894/5/2 2814/5/2 2895/5/2
f 2895/5/2 2814/5/2 2817/5/2
f 2896/1/2 2897/1/2 2898/1/2
f 2898/1/2 2897/1/2 2825/1/2
f 2899/12/2 2900/12/2 2902/12/2
f 2902/12/2 2900/12/2 2901/12/2
f 2903/1/2 2904/1/2 2906/1/2
f 2906/1/2 2904/1/2 2905/1/2
f 2902/12/2 2907/12/2 2909/12/2
f 2909/12/2 2907/12/2 2908/12/2
f 2910/12/2 153/12/2 2911/12/2
f 2911/12/2 153/12/2 154/12/2
f 493/12/2 2912/12/2 492/12/2
f 492/12/2 2912/12/2 2913/12/2
f 497/12/2 275/12/2 496/12/2
f 496/12/2 275/12/2 276/12/2
f 2914/12/2 2915/12/2 2916/12/2
f 2916/12/2 2915/12/2 165/12/2
f 2917/12/2 2918/12/2 2919/12/2
f 2919/12/2 2918/12/2 2839/12/2
f 2919/5/2 2839/5/2 2920/5/2
f 2920/5/2 2839/5/2 2842/5/2
f 2921/1/2 2922/1/2 2923/1/2
f 2923/1/2 2922/1/2 2850/1/2
f 2924/12/2 2925/12/2 2927/12/2
f 2927/12/2 2925/12/2 2926/12/2
f 2928/1/2 2929/1/2 2931/1/2
f 2931/1/2 2929/1/2 2930/1/2
f 2927/12/2 2932/12/2 2934/12/2
f 2934/12/2 2932/12/2 2933/12/2
f 2935/12/2 185/12/2 2936/12/2
f 2936/12/2 185/12/2 186/12/2
f 522/12/2 2937/12/2 521/12/2
f 521/12/2 2937/12/2 2938/12/2
f 2939/7/2 2940/7/2 2942/7/2
f 2942/7/2 2940/7/2 2941/7/2
f 2942/3/2 2941/3/2 2944/3/2
f 2944/3/2 2941/3/2 2943/3/2
f 2945/12/2 314/12/2 2946/12/2
f 2946/12/2 314/12/2 315/12/2
f 2947/12/2 2948/12/2 2950/12/2
f 2950/12/2 2948/12/2 2949/12/2
f 2951/12/2 2952/12/2 2954/12/2
f 2954/12/2 2952/12/2 2953/12/2
f 2955/9/2 2865/9/2 2957/9/2
f 2957/9/2 2865/9/2 2956/9/2
f 2958/9/2 2872/9/2 2960/9/2
f 2960/9/2 2872/9/2 2959/9/2
f 2961/5/2 2868/5/2 2962/5/2
f 2962/5/2 2868/5/2 2871/5/2
f 2963/12/2 2964/12/2 2966/12/2
f 2966/12/2 2964/12/2 2965/12/2
f 2967/12/2 2968/12/2 2970/12/2
f 2970/12/2 2968/12/2 2969/12/2
f 2971/3/2 2883/3/2 2972/3/2
f 2972/3/2 2883/3/2 2885/3/2
f 2973/12/2 356/12/2 2974/12/2
f 2974/12/2 356/12/2 357/12/2
f 2975/12/2 2976/12/2 2978/12/2
f 2978/12/2 2976/12/2 2977/12/2
f 2979/12/2 2980/12/2 2982/12/2
f 2982/12/2 2980/12/2 2981/12/2
f 2983/9/2 2896/9/2 2985/9/2
f 2985/9/2 2896/9/2 2984/9/2
f 2986/9/2 2903/9/2 2988/9/2
f 2988/9/2 2903/9/2 2987/9/2
f 2989/5/2 2899/5/2 2990/5/2
f 2990/5/2 2899/5/2 2902/5/2
f 2991/12/2 2992/12/2 2994/12/2
f 2994/12/2 2992/12/2 2993/12/2
f 2995/12/2 2996/12/2 2998/12/2
f 2998/12/2 2996/12/2 2997/12/2
f 2999/12/2 392/12/2 3000/12/2
f 3000/12/2 392/12/2 393/12/2
f 3001/12/2 3002/12/2 3004/12/2
f 3004/12/2 3002/12/2 3003/12/2
f 3005/12/2 3006/12/2 3008/12/2
f 3008/12/2 3006/12/2 3007/12/2
f 3009/9/2 2921/9/2 3011/9/2
f 3011/9/2 2921/9/2 3010/9/2
f 3012/9/2 2928/9/2 3014/9/2
f 3014/9/2 2928/9/2 3013/9/2
f 3015/5/2 2924/5/2 3016/5/2
f 3016/5/2 2924/5/2 2927/5/2
f 3017/12/2 3018/12/2 3020/12/2
f 3020/12/2 3018/12/2 3019/12/2
f 3021/12/2 3022/12/2 3024/12/2
f 3024/12/2 3022/12/2 3023/12/2
f 3025/12/2 3026/12/2 3027/12/2
f 3027/12/2 3026/12/2 2950/12/2
f 3028/9/2 3029/9/2 3030/9/2
f 3030/9/2 3029/9/2 2865/9/2
f 3031/5/2 3032/5/2 3034/5/2
f 3034/5/2 3032/5/2 3033/5/2
f 3035/12/2 2789/12/2 3036/12/2
f 3036/12/2 2789/12/2 2792/12/2
f 3036/5/2 3037/5/2 3039/5/2
f 3039/5/2 3037/5/2 3038/5/2
f 3040/1/2 2795/1/2 3042/1/2
f 3042/1/2 2795/1/2 3041/1/2
f 3039/12/2 3038/12/2 3043/12/2
f 3043/12/2 3038/12/2 2962/12/2
f 3044/12/2 3045/12/2 3047/12/2
f 3047/12/2 3045/12/2 3046/12/2
f 620/12/2 459/12/2 3048/12/2
f 3048/12/2 459/12/2 460/12/2
f 3049/12/2 3050/12/2 3051/12/2
f 3051/12/2 3050/12/2 2978/12/2
f 3052/9/2 3053/9/2 3054/9/2
f 3054/9/2 3053/9/2 2896/9/2
f 3055/5/2 3056/5/2 3058/5/2
f 3058/5/2 3056/5/2 3057/5/2
f 3059/12/2 2818/12/2 3060/12/2
f 3060/12/2 2818/12/2 2821/12/2
f 3060/5/2 3061/5/2 3063/5/2
f 3063/5/2 3061/5/2 3062/5/2
f 3064/1/2 2824/1/2 3066/1/2
f 3066/1/2 2824/1/2 3065/1/2
f 3063/12/2 3062/12/2 3067/12/2
f 3067/12/2 3062/12/2 2990/12/2
f 3068/12/2 3069/12/2 3071/12/2
f 3071/12/2 3069/12/2 3070/12/2
f 648/12/2 490/12/2 3072/12/2
f 3072/12/2 490/12/2 491/12/2
f 3073/12/2 3074/12/2 3075/12/2
f 3075/12/2 3074/12/2 3004/12/2
f 3076/9/2 3077/9/2 3078/9/2
f 3078/9/2 3077/9/2 2921/9/2
f 3079/5/2 3080/5/2 3082/5/2
f 3082/5/2 3080/5/2 3081/5/2
f 3083/12/2 2843/12/2 3084/12/2
f 3084/12/2 2843/12/2 2846/12/2
f 3084/5/2 3085/5/2 3087/5/2
f 3087/5/2 3085/5/2 3086/5/2
f 3088/1/2 2849/1/2 3090/1/2
f 3090/1/2 2849/1/2 3089/1/2
f 3087/12/2 3086/12/2 3091/12/2
f 3091/12/2 3086/12/2 3016/12/2
f 3092/12/2 3093/12/2 3095/12/2
f 3095/12/2 3093/12/2 3094/12/2
f 669/12/2 519/12/2 3096/12/2
f 3096/12/2 519/12/2 520/12/2
f 3097/12/2 3098/12/2 685/12/2
f 685/12/2 3098/12/2 3099/12/2
f 3100/12/2 3031/12/2 3102/12/2
f 3102/12/2 3031/12/2 3101/12/2
f 3103/1/2 2956/1/2 3104/1/2
f 3104/1/2 2956/1/2 2867/1/2
f 3105/12/2 3036/12/2 3106/12/2
f 3106/12/2 3036/12/2 3039/12/2
f 3104/9/2 3040/9/2 3107/9/2
f 3107/9/2 3040/9/2 3042/9/2
f 3108/5/2 3109/5/2 3111/5/2
f 3111/5/2 3109/5/2 3110/5/2
f 3112/12/2 3113/12/2 3114/12/2
f 3114/12/2 3113/12/2 3043/12/2
f 3115/12/2 3116/12/2 3118/12/2
f 3118/12/2 3116/12/2 3117/12/2
f 3119/3/2 3120/3/2 3122/3/2
f 3122/3/2 3120/3/2 3121/3/2
f 3122/3/2 3123/3/2 3124/3/2
f 3124/3/2 3123/3/2 2972/3/2
f 3124/7/2 2885/7/2 3125/7/2
f 3125/7/2 2885/7/2 2888/7/2
f 3126/12/2 3127/12/2 714/12/2
f 714/12/2 3127/12/2 3128/12/2
f 3129/12/2 3055/12/2 3131/12/2
f 3131/12/2 3055/12/2 3130/12/2
f 3132/1/2 2984/1/2 3133/1/2
f 3133/1/2 2984/1/2 2898/1/2
f 3134/12/2 3060/12/2 3135/12/2
f 3135/12/2 3060/12/2 3063/12/2
f 3133/9/2 3064/9/2 3136/9/2
f 3136/9/2 3064/9/2 3066/9/2
f 3137/5/2 3138/5/2 3140/5/2
f 3140/5/2 3138/5/2 3139/5/2
f 3141/12/2 3142/12/2 3143/12/2
f 3143/12/2 3142/12/2 3067/12/2
f 3144/12/2 3145/12/2 3147/12/2
f 3147/12/2 3145/12/2 3146/12/2
f 3148/12/2 3149/12/2 743/12/2
f 743/12/2 3149/12/2 3150/12/2
f 3151/12/2 3079/12/2 3153/12/2
f 3153/12/2 3079/12/2 3152/12/2
f 3154/1/2 3010/1/2 3155/1/2
f 3155/1/2 3010/1/2 2923/1/2
f 3156/12/2 3084/12/2 3157/12/2
f 3157/12/2 3084/12/2 3087/12/2
f 3155/9/2 3088/9/2 3158/9/2
f 3158/9/2 3088/9/2 3090/9/2
f 3159/5/2 3160/5/2 3162/5/2
f 3162/5/2 3160/5/2 3161/5/2
f 3163/12/2 3164/12/2 3165/12/2
f 3165/12/2 3164/12/2 3091/12/2
f 3166/12/2 3167/12/2 3169/12/2
f 3169/12/2 3167/12/2 3168/12/2
f 3170/3/2 2939/3/2 3171/3/2
f 3171/3/2 2939/3/2 2942/3/2
f 3171/7/2 3172/7/2 3174/7/2
f 3174/7/2 3172/7/2 3173/7/2
f 3174/7/2 3175/7/2 3176/7/2
f 3176/7/2 3175/7/2 2944/7/2
f 3177/12/2 3178/12/2 3180/12/2
f 3180/12/2 3178/12/2 3179/12/2
f 3181/12/2 3182/12/2 772/12/2
f 772/12/2 3182/12/2 3183/12/2
f 3184/12/2 3185/12/2 3186/12/2
f 3186/12/2 3185/12/2 3102/12/2
f 3187/12/2 3188/12/2 699/12/2
f 699/12/2 3188/12/2 702/12/2
f 3189/12/2 3190/12/2 3191/12/2
f 3191/12/2 3190/12/2 2964/12/2
f 785/12/2 3192/12/2 3193/12/2
f 3193/12/2 3192/12/2 3115/12/2
f 3194/12/2 3195/12/2 3197/12/2
f 3197/12/2 3195/12/2 3196/12/2
f 3198/12/2 3199/12/2 796/12/2
f 796/12/2 3199/12/2 3200/12/2
f 3201/12/2 3202/12/2 3203/12/2
f 3203/12/2 3202/12/2 3131/12/2
f 3204/12/2 3205/12/2 728/12/2
f 728/12/2 3205/12/2 731/12/2
f 3206/12/2 3207/12/2 3208/12/2
f 3208/12/2 3207/12/2 2992/12/2
f 809/12/2 3209/12/2 3210/12/2
f 3210/12/2 3209/12/2 3144/12/2
f 3211/12/2 3212/12/2 3214/12/2
f 3214/12/2 3212/12/2 3213/12/2
f 3215/12/2 3216/12/2 818/12/2
f 818/12/2 3216/12/2 3217/12/2
f 3218/12/2 3219/12/2 3220/12/2
f 3220/12/2 3219/12/2 3153/12/2
f 3221/12/2 3222/12/2 757/12/2
f 757/12/2 3222/12/2 760/12/2
f 3223/12/2 3224/12/2 3225/12/2
f 3225/12/2 3224/12/2 3018/12/2
f 831/12/2 3226/12/2 3227/12/2
f 3227/12/2 3226/12/2 3166/12/2
f 3228/7/2 3229/7/2 3231/7/2
f 3231/7/2 3229/7/2 3230/7/2
f 3232/12/2 679/12/2 3234/12/2
f 3234/12/2 679/12/2 3233/12/2
f 3235/12/2 3236/12/2 3237/12/2
f 3237/12/2 3236/12/2 3188/12/2
f 770/12/2 771/12/2 779/12/2
f 779/12/2 771/12/2 782/12/2
f 774/12/2 775/12/2 783/12/2
f 783/12/2 775/12/2 786/12/2
f 3238/12/2 3239/12/2 3240/12/2
f 3240/12/2 3239/12/2 699/12/2
f 3241/12/2 3242/12/2 3243/12/2
f 3243/12/2 3242/12/2 703/12/2
f 3244/3/2 3124/3/2 3245/3/2
f 3245/3/2 3124/3/2 3125/3/2
f 3246/12/2 708/12/2 3248/12/2
f 3248/12/2 708/12/2 3247/12/2
f 3249/12/2 3250/12/2 3251/12/2
f 3251/12/2 3250/12/2 3205/12/2
f 794/12/2 795/12/2 803/12/2
f 803/12/2 795/12/2 806/12/2
f 798/12/2 799/12/2 807/12/2
f 807/12/2 799/12/2 810/12/2
f 3252/12/2 3253/12/2 3254/12/2
f 3254/12/2 3253/12/2 728/12/2
f 3255/12/2 3256/12/2 3257/12/2
f 3257/12/2 3256/12/2 732/12/2
f 3258/12/2 737/12/2 3260/12/2
f 3260/12/2 737/12/2 3259/12/2
f 3261/12/2 3262/12/2 3263/12/2
f 3263/12/2 3262/12/2 3222/12/2
f 816/12/2 817/12/2 825/12/2
f 825/12/2 817/12/2 828/12/2
f 820/12/2 821/12/2 829/12/2
f 829/12/2 821/12/2 832/12/2
f 3264/12/2 3265/12/2 3266/12/2
f 3266/12/2 3265/12/2 757/12/2
f 3267/12/2 3268/12/2 3269/12/2
f 3269/12/2 3268/12/2 761/12/2
f 3270/3/2 3174/3/2 3271/3/2
f 3271/3/2 3174/3/2 3176/3/2
f 3272/7/2 3119/7/2 3273/7/2
f 3273/7/2 3119/7/2 3124/7/2
f 3274/3/2 3275/3/2 3276/3/2
f 3276/3/2 3275/3/2 3245/3/2
f 3277/7/2 3170/7/2 3278/7/2
f 3278/7/2 3170/7/2 3229/7/2
f 3278/7/2 3279/7/2 3281/7/2
f 3281/7/2 3279/7/2 3280/7/2
f 3281/3/2 3171/3/2 3282/3/2
f 3282/3/2 3171/3/2 3174/3/2
f 3283/12/2 3284/12/2 850/12/2
f 850/12/2 3284/12/2 853/12/2
f 3285/12/2 3286/12/2 890/12/2
f 890/12/2 3286/12/2 3287/12/2
f 3288/7/2 3273/7/2 3289/7/2
f 3289/7/2 3273/7/2 3276/7/2
f 897/12/2 3290/12/2 860/12/2
f 860/12/2 3290/12/2 863/12/2
f 3291/12/2 3292/12/2 905/12/2
f 905/12/2 3292/12/2 3293/12/2
f 3294/12/2 3295/12/2 868/12/2
f 868/12/2 3295/12/2 871/12/2
f 3296/12/2 3297/12/2 917/12/2
f 917/12/2 3297/12/2 3298/12/2
f 3299/12/2 3300/12/2 3302/12/2
f 3302/12/2 3300/12/2 3301/12/2
f 925/12/2 3303/12/2 3304/12/2
f 3304/12/2 3303/12/2 3283/12/2
f 3305/5/2 3306/5/2 3308/5/2
f 3308/5/2 3306/5/2 3307/5/2
f 3309/12/2 3310/12/2 3312/12/2
f 3312/12/2 3310/12/2 3311/12/2
f 3313/5/2 3314/5/2 3316/5/2
f 3316/5/2 3314/5/2 3315/5/2
f 3317/12/2 3318/12/2 3320/12/2
f 3320/12/2 3318/12/2 3319/12/2
f 3321/5/2 3322/5/2 3324/5/2
f 3324/5/2 3322/5/2 3323/5/2
f 3325/3/2 3326/3/2 3327/3/2
f 3327/3/2 3326/3/2 3281/3/2
f 3328/5/2 3299/5/2 3329/5/2
f 3329/5/2 3299/5/2 3302/5/2
f 3330/5/2 3331/5/2 3333/5/2
f 3333/5/2 3331/5/2 3332/5/2
f 1096/12/2 3334/12/2 1095/12/2
f 1095/12/2 3334/12/2 876/12/2
f 3335/12/2 3336/12/2 1005/12/2
f 1005/12/2 3336/12/2 3337/12/2
f 3338/3/2 3272/3/2 3339/3/2
f 3339/3/2 3272/3/2 3273/3/2
f 3339/7/2 3340/7/2 3342/7/2
f 3342/7/2 3340/7/2 3341/7/2
f 3342/7/2 3343/7/2 3344/7/2
f 3344/7/2 3343/7/2 3289/7/2
f 3345/5/2 3309/5/2 3346/5/2
f 3346/5/2 3309/5/2 3312/5/2
f 3347/5/2 3348/5/2 3350/5/2
f 3350/5/2 3348/5/2 3349/5/2
f 1128/12/2 3351/12/2 1127/12/2
f 1127/12/2 3351/12/2 3352/12/2
f 3353/12/2 3354/12/2 1029/12/2
f 1029/12/2 3354/12/2 3355/12/2
f 3356/5/2 3317/5/2 3357/5/2
f 3357/5/2 3317/5/2 3320/5/2
f 3357/12/2 3320/12/2 3359/12/2
f 3359/12/2 3320/12/2 3358/12/2
f 3359/12/2 3360/12/2 3361/12/2
f 3361/12/2 3360/12/2 3322/12/2
f 3362/3/2 3277/3/2 3363/3/2
f 3363/3/2 3277/3/2 3326/3/2
f 3364/7/2 3281/7/2 3366/7/2
f 3366/7/2 3281/7/2 3365/7/2
f 3367/12/2 3368/12/2 3369/12/2
f 3369/12/2 3368/12/2 3329/12/2
f 3370/12/2 3371/12/2 3373/12/2
f 3373/12/2 3371/12/2 3372/12/2
f 3374/7/2 3375/7/2 3376/7/2
f 3376/7/2 3375/7/2 3339/7/2
f 3377/12/2 3378/12/2 3379/12/2
f 3379/12/2 3378/12/2 3346/12/2
f 1017/12/2 955/12/2 3381/12/2
f 3381/12/2 955/12/2 3380/12/2
f 3382/12/2 3383/12/2 3385/12/2
f 3385/12/2 3383/12/2 3384/12/2
f 3386/12/2 3387/12/2 3389/12/2
f 3389/12/2 3387/12/2 3388/12/2
f 3390/12/2 981/12/2 1092/12/2
f 1092/12/2 981/12/2 982/12/2
f 1107/12/2 3391/12/2 3393/12/2
f 3393/12/2 3391/12/2 3392/12/2
f 3394/12/2 1009/12/2 1124/12/2
f 1124/12/2 1009/12/2 1010/12/2
f 1145/12/2 3395/12/2 3397/12/2
f 3397/12/2 3395/12/2 3396/12/2
f 3398/12/2 3399/12/2 3401/12/2
f 3401/12/2 3399/12/2 3400/12/2
f 3402/3/2 3364/3/2 3403/3/2
f 3403/3/2 3364/3/2 3366/3/2
f 3404/12/2 3405/12/2 3406/12/2
f 3406/12/2 3405/12/2 3369/12/2
f 3407/12/2 1039/12/2 3409/12/2
f 3409/12/2 1039/12/2 3408/12/2
f 3406/12/2 3302/12/2 3411/12/2
f 3411/12/2 3302/12/2 3410/12/2
f 3412/12/2 3307/12/2 3414/12/2
f 3414/12/2 3307/12/2 3413/12/2
f 3414/12/2 3415/12/2 3417/12/2
f 3417/12/2 3415/12/2 3416/12/2
f 1181/12/2 3418/12/2 3419/12/2
f 3419/12/2 3418/12/2 1056/12/2
f 3420/7/2 3338/7/2 3421/7/2
f 3421/7/2 3338/7/2 3375/7/2
f 3421/7/2 3422/7/2 3424/7/2
f 3424/7/2 3422/7/2 3423/7/2
f 3424/7/2 3425/7/2 3426/7/2
f 3426/7/2 3425/7/2 3376/7/2
f 3426/3/2 3339/3/2 3427/3/2
f 3427/3/2 3339/3/2 3344/3/2
f 3428/12/2 3429/12/2 3430/12/2
f 3430/12/2 3429/12/2 3379/12/2
f 3431/12/2 1061/12/2 3433/12/2
f 3433/12/2 1061/12/2 3432/12/2
f 3430/12/2 3312/12/2 3435/12/2
f 3435/12/2 3312/12/2 3434/12/2
f 3436/12/2 3315/12/2 3438/12/2
f 3438/12/2 3315/12/2 3437/12/2
f 1207/12/2 3439/12/2 1206/12/2
f 1206/12/2 3439/12/2 1075/12/2
f 3438/12/2 3440/12/2 3442/12/2
f 3442/12/2 3440/12/2 3441/12/2
f 1203/12/2 3443/12/2 3444/12/2
f 3444/12/2 3443/12/2 1079/12/2
f 3445/12/2 3446/12/2 3448/12/2
f 3448/12/2 3446/12/2 3447/12/2
f 3449/12/2 3323/12/2 3451/12/2
f 3451/12/2 3323/12/2 3450/12/2
f 3451/12/2 3452/12/2 3454/12/2
f 3454/12/2 3452/12/2 3453/12/2
f 3455/3/2 3456/3/2 3457/3/2
f 3457/3/2 3456/3/2 3403/3/2
f 3458/12/2 1090/12/2 1214/12/2
f 1214/12/2 1090/12/2 3459/12/2
f 3460/12/2 3409/12/2 1218/12/2
f 1218/12/2 3409/12/2 3461/12/2
f 3462/12/2 3305/12/2 3463/12/2
f 3463/12/2 3305/12/2 3308/12/2
f 3464/12/2 3465/12/2 3466/12/2
f 3466/12/2 3465/12/2 1105/12/2
f 3467/12/2 3468/12/2 3469/12/2
f 3469/12/2 3468/12/2 1109/12/2
f 3470/7/2 3426/7/2 3471/7/2
f 3471/7/2 3426/7/2 3427/7/2
f 3472/12/2 1122/12/2 1222/12/2
f 1222/12/2 1122/12/2 3473/12/2
f 3474/12/2 3433/12/2 1226/12/2
f 1226/12/2 3433/12/2 3475/12/2
f 3476/12/2 3313/12/2 3477/12/2
f 3477/12/2 3313/12/2 3316/12/2
f 3478/12/2 3479/12/2 3480/12/2
f 3480/12/2 3479/12/2 1143/12/2
f 3481/12/2 1137/12/2 3482/12/2
f 3482/12/2 1137/12/2 1138/12/2
f 3483/12/2 3321/12/2 3484/12/2
f 3484/12/2 3321/12/2 3324/12/2
f 3485/12/2 3486/12/2 3487/12/2
f 3487/12/2 3486/12/2 3306/12/2
f 3488/12/2 1168/12/2 3490/12/2
f 3490/12/2 1168/12/2 3489/12/2
f 3491/12/2 3492/12/2 3493/12/2
f 3493/12/2 3492/12/2 3314/12/2
f 3494/12/2 1190/12/2 3496/12/2
f 3496/12/2 1190/12/2 3495/12/2
f 3497/12/2 3498/12/2 3499/12/2
f 3499/12/2 3498/12/2 3483/12/2
f 3500/3/2 3420/3/2 3501/3/2
f 3501/3/2 3420/3/2 3426/3/2
f 3502/7/2 3503/7/2 3504/7/2
f 3504/7/2 3503/7/2 3471/7/2
f 3505/3/2 3506/3/2 3508/3/2
f 3508/3/2 3506/3/2 3507/3/2
f 3508/3/2 3509/3/2 3511/3/2
f 3511/3/2 3509/3/2 3510/3/2
f 3511/3/2 3512/3/2 3514/3/2
f 3514/3/2 3512/3/2 3513/3/2
f 3514/7/2 3515/7/2 3516/7/2
f 3516/7/2 3515/7/2 3457/7/2
f 3517/12/2 3518/12/2 1248/12/2
f 1248/12/2 3518/12/2 1251/12/2
f 3519/12/2 3520/12/2 1283/12/2
f 1283/12/2 3520/12/2 3521/12/2
f 3522/7/2 3523/7/2 3524/7/2
f 3524/7/2 3523/7/2 3501/7/2
f 3525/12/2 3526/12/2 1295/12/2
f 1295/12/2 3526/12/2 3527/12/2
f 3528/12/2 3529/12/2 1259/12/2
f 1259/12/2 3529/12/2 1262/12/2
f 3530/12/2 3531/12/2 1307/12/2
f 1307/12/2 3531/12/2 3532/12/2
f 3533/7/2 3505/7/2 3534/7/2
f 3534/7/2 3505/7/2 3514/7/2
f 3535/12/2 3536/12/2 3538/12/2
f 3538/12/2 3536/12/2 3537/12/2
f 1312/12/2 3539/12/2 1367/12/2
f 1367/12/2 3539/12/2 3517/12/2
f 3540/5/2 3541/5/2 3543/5/2
f 3543/5/2 3541/5/2 3542/5/2
f 3544/12/2 3545/12/2 3547/12/2
f 3547/12/2 3545/12/2 3546/12/2
f 3548/12/2 3549/12/2 3551/12/2
f 3551/12/2 3549/12/2 3550/12/2
f 3551/5/2 3550/5/2 3553/5/2
f 3553/5/2 3550/5/2 3552/5/2
f 3553/12/2 3552/12/2 3555/12/2
f 3555/12/2 3552/12/2 3554/12/2
f 3556/12/2 3557/12/2 3559/12/2
f 3559/12/2 3557/12/2 3558/12/2
f 1339/12/2 3560/12/2 1348/12/2
f 1348/12/2 3560/12/2 3528/12/2
f 3561/5/2 3562/5/2 3564/5/2
f 3564/5/2 3562/5/2 3563/5/2
f 3565/5/2 3535/5/2 3566/5/2
f 3566/5/2 3535/5/2 3538/5/2
f 3567/5/2 3568/5/2 3570/5/2
f 3570/5/2 3568/5/2 3569/5/2
f 3571/12/2 3572/12/2 1369/12/2
f 1369/12/2 3572/12/2 3573/12/2
f 3574/7/2 3500/7/2 3575/7/2
f 3575/7/2 3500/7/2 3523/7/2
f 3576/3/2 3501/3/2 3577/3/2
f 3577/3/2 3501/3/2 3504/3/2
f 3578/5/2 3556/5/2 3579/5/2
f 3579/5/2 3556/5/2 3559/5/2
f 3580/5/2 3581/5/2 3583/5/2
f 3583/5/2 3581/5/2 3582/5/2
f 1479/12/2 3584/12/2 1478/12/2
f 1478/12/2 3584/12/2 3585/12/2
f 3586/7/2 3587/7/2 3588/7/2
f 3588/7/2 3587/7/2 3534/7/2
f 3588/3/2 3514/3/2 3589/3/2
f 3589/3/2 3514/3/2 3516/3/2
f 3590/12/2 3591/12/2 3592/12/2
f 3592/12/2 3591/12/2 3566/12/2
f 3593/12/2 3594/12/2 3596/12/2
f 3596/12/2 3594/12/2 3595/12/2
f 3597/3/2 3574/3/2 3598/3/2
f 3598/3/2 3574/3/2 3576/3/2
f 3599/12/2 3600/12/2 3601/12/2
f 3601/12/2 3600/12/2 3579/12/2
f 3602/12/2 3603/12/2 3605/12/2
f 3605/12/2 3603/12/2 3604/12/2
f 3606/7/2 3588/7/2 3607/7/2
f 3607/7/2 3588/7/2 3589/7/2
f 3608/12/2 1361/12/2 1445/12/2
f 1445/12/2 1361/12/2 1362/12/2
f 1456/12/2 3609/12/2 3611/12/2
f 3611/12/2 3609/12/2 3610/12/2
f 3612/12/2 1375/12/2 1475/12/2
f 1475/12/2 1375/12/2 1376/12/2
f 1490/12/2 3613/12/2 3615/12/2
f 3615/12/2 3613/12/2 3614/12/2
f 3616/3/2 3586/3/2 3617/3/2
f 3617/3/2 3586/3/2 3588/3/2
f 3618/12/2 3619/12/2 3620/12/2
f 3620/12/2 3619/12/2 3592/12/2
f 3620/12/2 3538/12/2 3622/12/2
f 3622/12/2 3538/12/2 3621/12/2
f 3623/12/2 3542/12/2 3625/12/2
f 3625/12/2 3542/12/2 3624/12/2
f 3625/12/2 3626/12/2 3628/12/2
f 3628/12/2 3626/12/2 3627/12/2
f 1511/12/2 3629/12/2 3630/12/2
f 3630/12/2 3629/12/2 1409/12/2
f 3631/3/2 3632/3/2 3634/3/2
f 3634/3/2 3632/3/2 3633/3/2
f 3634/3/2 3635/3/2 3636/3/2
f 3636/3/2 3635/3/2 3598/3/2
f 3636/7/2 3576/7/2 3637/7/2
f 3637/7/2 3576/7/2 3577/7/2
f 3638/12/2 3639/12/2 3641/12/2
f 3641/12/2 3639/12/2 3640/12/2
f 3642/12/2 3643/12/2 3645/12/2
f 3645/12/2 3643/12/2 3644/12/2
f 3646/12/2 3647/12/2 3648/12/2
f 3648/12/2 3647/12/2 3601/12/2
f 3649/12/2 1414/12/2 3651/12/2
f 3651/12/2 1414/12/2 3650/12/2
f 3648/12/2 3559/12/2 3653/12/2
f 3653/12/2 3559/12/2 3652/12/2
f 3654/12/2 3563/12/2 3656/12/2
f 3656/12/2 3563/12/2 3655/12/2
f 3656/12/2 3657/12/2 3659/12/2
f 3659/12/2 3657/12/2 3658/12/2
f 1542/12/2 3660/12/2 3661/12/2
f 3661/12/2 3660/12/2 1436/12/2
f 3662/3/2 3663/3/2 3664/3/2
f 3664/3/2 3663/3/2 3616/3/2
f 3665/7/2 3617/7/2 3667/7/2
f 3667/7/2 3617/7/2 3666/7/2
f 3668/12/2 1443/12/2 1551/12/2
f 1551/12/2 1443/12/2 3669/12/2
f 3670/12/2 3671/12/2 3672/12/2
f 3672/12/2 3671/12/2 1555/12/2
f 3673/12/2 3540/12/2 3674/12/2
f 3674/12/2 3540/12/2 3543/12/2
f 3675/12/2 3676/12/2 3677/12/2
f 3677/12/2 3676/12/2 1454/12/2
f 3678/12/2 3679/12/2 3680/12/2
f 3680/12/2 3679/12/2 1458/12/2
f 3681/7/2 3682/7/2 3683/7/2
f 3683/7/2 3682/7/2 3636/7/2
f 3683/3/2 3636/3/2 3684/3/2
f 3684/3/2 3636/3/2 3637/3/2
f 3685/12/2 3686/12/2 3687/12/2
f 3687/12/2 3686/12/2 3643/12/2
f 1521/12/2 3688/12/2 3690/12/2
f 3690/12/2 3688/12/2 3689/12/2
f 3691/12/2 1473/12/2 1565/12/2
f 1565/12/2 1473/12/2 3692/12/2
f 3693/12/2 3651/12/2 1569/12/2
f 1569/12/2 3651/12/2 3694/12/2
f 3695/12/2 3561/12/2 3696/12/2
f 3696/12/2 3561/12/2 3564/12/2
f 3697/12/2 3698/12/2 3699/12/2
f 3699/12/2 3698/12/2 1488/12/2
f 3700/12/2 3701/12/2 3702/12/2
f 3702/12/2 3701/12/2 1492/12/2
f 3703/12/2 3704/12/2 3705/12/2
f 3705/12/2 3704/12/2 3541/12/2
f 3706/12/2 1502/12/2 3707/12/2
f 3707/12/2 1502/12/2 1507/12/2
f 3708/3/2 3709/3/2 3710/3/2
f 3710/3/2 3709/3/2 3684/3/2
f 3711/12/2 3712/12/2 3713/12/2
f 3713/12/2 3712/12/2 3685/12/2
f 3714/12/2 3715/12/2 3716/12/2
f 3716/12/2 3715/12/2 3562/12/2
f 3717/12/2 1529/12/2 3719/12/2
f 3719/12/2 1529/12/2 3718/12/2
f 3720/7/2 3631/7/2 3721/7/2
f 3721/7/2 3631/7/2 3682/7/2
f 3721/7/2 3722/7/2 3724/7/2
f 3724/7/2 3722/7/2 3723/7/2
f 3725/3/2 3726/3/2 3727/3/2
f 3727/3/2 3726/3/2 3710/3/2
f 3728/7/2 3662/7/2 3729/7/2
f 3729/7/2 3662/7/2 3665/7/2
f 3729/3/2 3665/3/2 3730/3/2
f 3730/3/2 3665/3/2 3667/3/2
f 3730/3/2 3731/3/2 3733/3/2
f 3733/3/2 3731/3/2 3732/3/2
f 3734/12/2 3735/12/2 1588/12/2
f 1588/12/2 3735/12/2 1591/12/2
f 1610/12/2 3736/12/2 1613/12/2
f 1613/12/2 3736/12/2 3737/12/2
f 1622/12/2 3738/12/2 1596/12/2
f 1596/12/2 3738/12/2 1599/12/2
f 3739/12/2 3740/12/2 1626/12/2
f 1626/12/2 3740/12/2 3741/12/2
f 1633/12/2 3742/12/2 1632/12/2
f 1632/12/2 3742/12/2 3743/12/2
f 3744/12/2 3745/12/2 3747/12/2
f 3747/12/2 3745/12/2 3746/12/2
f 3748/5/2 3749/5/2 3751/5/2
f 3751/5/2 3749/5/2 3750/5/2
f 3752/12/2 3753/12/2 3755/12/2
f 3755/12/2 3753/12/2 3754/12/2
f 3756/5/2 3757/5/2 3759/5/2
f 3759/5/2 3757/5/2 3758/5/2
f 3760/5/2 3761/5/2 3763/5/2
f 3763/5/2 3761/5/2 3762/5/2
f 3763/12/2 3762/12/2 3765/12/2
f 3765/12/2 3762/12/2 3764/12/2
f 3766/3/2 3767/3/2 3768/3/2
f 3768/3/2 3767/3/2 3729/3/2
f 3769/7/2 3730/7/2 3770/7/2
f 3770/7/2 3730/7/2 3733/7/2
f 3771/5/2 3744/5/2 3772/5/2
f 3772/5/2 3744/5/2 3747/5/2
f 3772/12/2 3747/12/2 3774/12/2
f 3774/12/2 3747/12/2 3773/12/2
f 3774/12/2 3775/12/2 3776/12/2
f 3776/12/2 3775/12/2 3749/12/2
f 3776/12/2 3748/12/2 3777/12/2
f 3777/12/2 3748/12/2 3751/12/2
f 3777/12/2 3750/12/2 3779/12/2
f 3779/12/2 3750/12/2 3778/12/2
f 3780/3/2 3720/3/2 3781/3/2
f 3781/3/2 3720/3/2 3724/3/2
f 3781/7/2 3724/7/2 3782/7/2
f 3782/7/2 3724/7/2 3727/7/2
f 3783/5/2 3752/5/2 3784/5/2
f 3784/5/2 3752/5/2 3755/5/2
f 3785/5/2 3786/5/2 3788/5/2
f 3788/5/2 3786/5/2 3787/5/2
f 3789/3/2 3728/3/2 3790/3/2
f 3790/3/2 3728/3/2 3767/3/2
f 3791/7/2 3729/7/2 3792/7/2
f 3792/7/2 3729/7/2 3730/7/2
f 3793/12/2 3794/12/2 3795/12/2
f 3795/12/2 3794/12/2 3772/12/2
f 3796/12/2 3797/12/2 3799/12/2
f 3799/12/2 3797/12/2 3798/12/2
f 3800/5/2 1647/5/2 3802/5/2
f 3802/5/2 1647/5/2 3801/5/2
f 3803/12/2 3804/12/2 3805/12/2
f 3805/12/2 3804/12/2 3784/12/2
f 3806/12/2 3807/12/2 3809/12/2
f 3809/12/2 3807/12/2 3808/12/2
f 3810/12/2 3811/12/2 3813/12/2
f 3813/12/2 3811/12/2 3812/12/2
f 3814/12/2 1671/12/2 1742/12/2
f 1742/12/2 1671/12/2 1672/12/2
f 3815/7/2 3816/7/2 3818/7/2
f 3818/7/2 3816/7/2 3817/7/2
f 3819/12/2 1685/12/2 1778/12/2
f 1778/12/2 1685/12/2 1686/12/2
f 1797/12/2 3820/12/2 3822/12/2
f 3822/12/2 3820/12/2 3821/12/2
f 3823/12/2 1698/12/2 3824/12/2
f 3824/12/2 1698/12/2 1699/12/2
f 3825/12/2 3826/12/2 3827/12/2
f 3827/12/2 3826/12/2 3761/12/2
f 3828/12/2 1802/12/2 3830/12/2
f 3830/12/2 1802/12/2 3829/12/2
f 3831/12/2 3832/12/2 3833/12/2
f 3833/12/2 3832/12/2 3795/12/2
f 3833/12/2 3834/12/2 3836/12/2
f 3836/12/2 3834/12/2 3835/12/2
f 1751/12/2 1752/12/2 3838/12/2
f 3838/12/2 1752/12/2 3837/12/2
f 3836/12/2 3839/12/2 3841/12/2
f 3841/12/2 3839/12/2 3840/12/2
f 3842/7/2 3780/7/2 3844/7/2
f 3844/7/2 3780/7/2 3843/7/2
f 3845/7/2 3846/7/2 3847/7/2
f 3847/7/2 3846/7/2 3781/7/2
f 3847/3/2 3848/3/2 3850/3/2
f 3850/3/2 3848/3/2 3849/3/2
f 3850/3/2 3851/3/2 3852/3/2
f 3852/3/2 3851/3/2 3782/3/2
f 3853/12/2 3854/12/2 3855/12/2
f 3855/12/2 3854/12/2 3805/12/2
f 3856/12/2 1713/12/2 1783/12/2
f 1783/12/2 1713/12/2 1716/12/2
f 3855/12/2 3755/12/2 3858/12/2
f 3858/12/2 3755/12/2 3857/12/2
f 3859/12/2 3758/12/2 3861/12/2
f 3861/12/2 3758/12/2 3860/12/2
f 1825/12/2 3862/12/2 1824/12/2
f 1824/12/2 3862/12/2 1721/12/2
f 3861/12/2 3863/12/2 3865/12/2
f 3865/12/2 3863/12/2 3864/12/2
f 1820/12/2 3866/12/2 3867/12/2
f 3867/12/2 3866/12/2 1725/12/2
f 3868/12/2 3869/12/2 3871/12/2
f 3871/12/2 3869/12/2 3870/12/2
f 3872/7/2 3789/7/2 3873/7/2
f 3873/7/2 3789/7/2 3790/7/2
f 3874/3/2 3792/3/2 3876/3/2
f 3876/3/2 3792/3/2 3875/3/2
f 3877/12/2 1740/12/2 1829/12/2
f 1829/12/2 1740/12/2 1746/12/2
f 3878/12/2 1776/12/2 1837/12/2
f 1837/12/2 1776/12/2 3879/12/2
f 3880/12/2 3756/12/2 3881/12/2
f 3881/12/2 3756/12/2 3759/12/2
f 3882/12/2 3883/12/2 3884/12/2
f 3884/12/2 3883/12/2 1795/12/2
f 3885/12/2 1786/12/2 3886/12/2
f 3886/12/2 1786/12/2 1789/12/2
f 3887/12/2 3888/12/2 3890/12/2
f 3890/12/2 3888/12/2 3889/12/2
f 3891/12/2 1810/12/2 3893/12/2
f 3893/12/2 1810/12/2 3892/12/2
f 3894/12/2 3895/12/2 3896/12/2
f 3896/12/2 3895/12/2 3757/12/2
f 3897/12/2 1812/12/2 3899/12/2
f 3899/12/2 1812/12/2 3898/12/2
f 3900/3/2 3901/3/2 3903/3/2
f 3903/3/2 3901/3/2 3902/3/2
f 3904/3/2 3842/3/2 3905/3/2
f 3905/3/2 3842/3/2 3844/3/2
f 3905/3/2 3906/3/2 3908/3/2
f 3908/3/2 3906/3/2 3907/3/2
f 3908/3/2 3845/3/2 3909/3/2
f 3909/3/2 3845/3/2 3847/3/2
f 3909/7/2 3847/7/2 3910/7/2
f 3910/7/2 3847/7/2 3852/7/2
f 3911/3/2 3872/3/2 3913/3/2
f 3913/3/2 3872/3/2 3912/3/2
f 3914/3/2 3873/3/2 3916/3/2
f 3916/3/2 3873/3/2 3915/3/2
f 3916/7/2 3915/7/2 3917/7/2
f 3917/7/2 3915/7/2 3876/7/2
f 3918/7/2 3908/7/2 3919/7/2
f 3919/7/2 3908/7/2 3909/7/2
f 3919/3/2 3909/3/2 3920/3/2
f 3920/3/2 3909/3/2 3910/3/2
f 3921/7/2 3911/7/2 3922/7/2
f 3922/7/2 3911/7/2 3916/7/2
f 3922/3/2 3916/3/2 3923/3/2
f 3923/3/2 3916/3/2 3917/3/2
f 3924/9/2 3925/9/2 3927/9/2
f 3927/9/2 3925/9/2 3926/9/2
f 3928/9/2 3929/9/2 3931/9/2
f 3931/9/2 3929/9/2 3930/9/2
f 3932/9/2 3933/9/2 3935/9/2
f 3935/9/2 3933/9/2 3934/9/2
f 3936/9/2 3937/9/2 3939/9/2
f 3939/9/2 3937/9/2 3938/9/2
f 3940/9/2 3941/9/2 3943/9/2
f 3943/9/2 3941/9/2 3942/9/2
f 3944/9/2 3945/9/2 3947/9/2
f 3947/9/2 3945/9/2 3946/9/2
f 3948/9/2 3949/9/2 3951/9/2
f 3951/9/2 3949/9/2 3950/9/2
f 3952/9/2 3953/9/2 3955/9/2
f 3955/9/2 3953/9/2 3954/9/2
f 3956/9/2 3957/9/2 3959/9/2
f 3959/9/2 3957/9/2 3958/9/2
f 3960/9/2 3961/9/2 3963/9/2
f 3963/9/2 3961/9/2 3962/9/2
f 3964/9/2 3965/9/2 3967/9/2
f 3967/9/2 3965/9/2 3966/9/2
f 3963/7/2 3962/7/2 3969/7/2
f 3969/7/2 3962/7/2 3968/7/2
f 3970/3/2 3971/3/2 3972/3/2
f 3972/3/2 3971/3/2 3920/3/2
f 2021/9/2 3973/9/2 2020/9/2
f 2020/9/2 3973/9/2 3974/9/2
f 3975/9/2 3976/9/2 3978/9/2
f 3978/9/2 3976/9/2 3977/9/2
f 3979/9/2 3980/9/2 3982/9/2
f 3982/9/2 3980/9/2 3981/9/2
f 3983/9/2 3984/9/2 3986/9/2
f 3986/9/2 3984/9/2 3985/9/2
f 3987/9/2 3988/9/2 3990/9/2
f 3990/9/2 3988/9/2 3989/9/2
f 3991/9/2 3992/9/2 3994/9/2
f 3994/9/2 3992/9/2 3993/9/2
f 3995/9/2 3996/9/2 3998/9/2
f 3998/9/2 3996/9/2 3997/9/2
f 3999/9/2 4000/9/2 4002/9/2
f 4002/9/2 4000/9/2 4001/9/2
f 4003/9/2 4004/9/2 4006/9/2
f 4006/9/2 4004/9/2 4005/9/2
f 4007/9/2 4008/9/2 4010/9/2
f 4010/9/2 4008/9/2 4009/9/2
f 4011/9/2 4012/9/2 4014/9/2
f 4014/9/2 4012/9/2 4013/9/2
f 4015/9/2 4016/9/2 4018/9/2
f 4018/9/2 4016/9/2 4017/9/2
f 4019/9/2 4020/9/2 4022/9/2
f 4022/9/2 4020/9/2 4021/9/2
f 1968/9/2 1969/9/2 4024/9/2
f 4024/9/2 1969/9/2 4023/9/2
f 4025/9/2 4026/9/2 4028/9/2
f 4028/9/2 4026/9/2 4027/9/2
f 4029/9/2 4030/9/2 4032/9/2
f 4032/9/2 4030/9/2 4031/9/2
f 4033/9/2 4034/9/2 4036/9/2
f 4036/9/2 4034/9/2 4035/9/2
f 2035/9/2 4037/9/2 4039/9/2
f 4039/9/2 4037/9/2 4038/9/2
f 4040/9/2 4041/9/2 4043/9/2
f 4043/9/2 4041/9/2 4042/9/2
f 4044/9/2 4045/9/2 4047/9/2
f 4047/9/2 4045/9/2 4046/9/2
f 4048/9/2 4049/9/2 4051/9/2
f 4051/9/2 4049/9/2 4050/9/2
f 4052/9/2 4053/9/2 4055/9/2
f 4055/9/2 4053/9/2 4054/9/2
f 4056/9/2 4057/9/2 4059/9/2
f 4059/9/2 4057/9/2 4058/9/2
f 4060/9/2 4061/9/2 4063/9/2
f 4063/9/2 4061/9/2 4062/9/2
f 4064/3/2 4065/3/2 4066/3/2
f 4066/3/2 4065/3/2 3923/3/2
f 4067/1/2 4068/1/2 4069/1/2
f 4069/1/2 4068/1/2 1878/1/2
f 4070/1/2 1883/1/2 4072/1/2
f 4072/1/2 1883/1/2 4071/1/2
f 4073/1/2 4074/1/2 4076/1/2
f 4076/1/2 4074/1/2 4075/1/2
f 4077/1/2 4078/1/2 4080/1/2
f 4080/1/2 4078/1/2 4079/1/2
f 4081/9/2 4082/9/2 4084/9/2
f 4084/9/2 4082/9/2 4083/9/2
f 4085/1/2 4086/1/2 4088/1/2
f 4088/1/2 4086/1/2 4087/1/2
f 4089/1/2 1983/1/2 4090/1/2
f 4090/1/2 1983/1/2 4059/1/2
f 4091/9/2 4092/9/2 4094/9/2
f 4094/9/2 4092/9/2 4093/9/2
f 4095/1/2 4096/1/2 4097/1/2
f 4097/1/2 4096/1/2 4067/1/2
f 4098/3/2 3963/3/2 4099/3/2
f 4099/3/2 3963/3/2 3969/3/2
f 4100/7/2 3970/7/2 4101/7/2
f 4101/7/2 3970/7/2 3972/7/2
f 4102/3/2 4103/3/2 4105/3/2
f 4105/3/2 4103/3/2 4104/3/2
f 4105/7/2 4106/7/2 4107/7/2
f 4107/7/2 4106/7/2 4066/7/2
f 4108/7/2 4109/7/2 4110/7/2
f 4110/7/2 4109/7/2 4099/7/2
f 4111/9/2 4112/9/2 4114/9/2
f 4114/9/2 4112/9/2 4113/9/2
f 4115/7/2 4098/7/2 4116/7/2
f 4116/7/2 4098/7/2 4109/7/2
f 4116/7/2 4117/7/2 4119/7/2
f 4119/7/2 4117/7/2 4118/7/2
f 4119/7/2 4120/7/2 4121/7/2
f 4121/7/2 4120/7/2 4110/7/2
f 4121/3/2 4110/3/2 4123/3/2
f 4123/3/2 4110/3/2 4122/3/2
f 4123/3/2 4124/3/2 4126/3/2
f 4126/3/2 4124/3/2 4125/3/2
f 4126/3/2 4100/3/2 4127/3/2
f 4127/3/2 4100/3/2 4101/3/2
f 4128/7/2 4129/7/2 4130/7/2
f 4130/7/2 4129/7/2 4102/7/2
f 4130/7/2 4131/7/2 4133/7/2
f 4133/7/2 4131/7/2 4132/7/2
f 4133/3/2 4132/3/2 4135/3/2
f 4135/3/2 4132/3/2 4134/3/2
f 4136/9/2 4137/9/2 4139/9/2
f 4139/9/2 4137/9/2 4138/9/2
f 4140/3/2 4128/3/2 4141/3/2
f 4141/3/2 4128/3/2 4130/3/2
f 4142/7/2 4143/7/2 4145/7/2
f 4145/7/2 4143/7/2 4144/7/2
f 4146/4/2 4147/4/2 4149/4/2
f 4149/4/2 4147/4/2 4148/4/2
f 4150/4/2 4151/4/2 4153/4/2
f 4153/4/2 4151/4/2 4152/4/2
f 4145/3/2 4154/3/2 4156/3/2
f 4156/3/2 4154/3/2 4155/3/2
f 4156/3/2 4119/3/2 4157/3/2
f 4157/3/2 4119/3/2 4121/3/2
f 4157/7/2 4121/7/2 4158/7/2
f 4158/7/2 4121/7/2 4127/7/2
f 4158/7/2 4159/7/2 4161/7/2
f 4161/7/2 4159/7/2 4160/7/2
f 4162/7/2 4163/7/2 4164/7/2
f 4164/7/2 4163/7/2 4140/7/2
f 4164/3/2 4165/3/2 4167/3/2
f 4167/3/2 4165/3/2 4166/3/2
f 4167/3/2 4141/3/2 4169/3/2
f 4169/3/2 4141/3/2 4168/3/2
f 4169/7/2 4168/7/2 4171/7/2
f 4171/7/2 4168/7/2 4170/7/2
f 4171/7/2 4172/7/2 4173/7/2
f 4173/7/2 4172/7/2 4135/7/2
f 2163/4/2 4174/4/2 4176/4/2
f 4176/4/2 4174/4/2 4175/4/2
f 4177/6/2 4178/6/2 4180/6/2
f 4180/6/2 4178/6/2 4179/6/2
f 2173/13/2 4181/13/2 4183/13/2
f 4183/13/2 4181/13/2 4182/13/2
f 4184/6/2 4185/6/2 4187/6/2
f 4187/6/2 4185/6/2 4186/6/2
f 4188/6/2 4189/6/2 4191/6/2
f 4191/6/2 4189/6/2 4190/6/2
f 4192/13/2 4193/13/2 4195/13/2
f 4195/13/2 4193/13/2 4194/13/2
f 4196/6/2 4197/6/2 4199/6/2
f 4199/6/2 4197/6/2 4198/6/2
f 2137/4/2 4200/4/2 2196/4/2
f 2196/4/2 4200/4/2 4201/4/2
f 4202/9/2 4203/9/2 4205/9/2
f 4205/9/2 4203/9/2 4204/9/2
f 4206/2/2 4207/2/2 4208/2/2
f 4208/2/2 4207/2/2 4173/2/2
f 4209/7/2 4210/7/2 4212/7/2
f 4212/7/2 4210/7/2 4211/7/2
f 4213/10/2 4214/10/2 4216/10/2
f 4216/10/2 4214/10/2 4215/10/2
f 4212/7/2 4217/7/2 4218/7/2
f 4218/7/2 4217/7/2 4143/7/2
f 4219/4/2 4220/4/2 4222/4/2
f 4222/4/2 4220/4/2 4221/4/2
f 4223/8/2 4224/8/2 4226/8/2
f 4226/8/2 4224/8/2 4225/8/2
f 4227/8/2 4228/8/2 4230/8/2
f 4230/8/2 4228/8/2 4229/8/2
f 4231/8/2 4192/8/2 4233/8/2
f 4233/8/2 4192/8/2 4232/8/2
f 4234/8/2 4235/8/2 4237/8/2
f 4237/8/2 4235/8/2 4236/8/2
f 4238/8/2 4239/8/2 4241/8/2
f 4241/8/2 4239/8/2 4240/8/2
f 4242/13/2 4196/13/2 4243/13/2
f 4243/13/2 4196/13/2 4199/13/2
f 4244/4/2 4245/4/2 4246/4/2
f 4246/4/2 4245/4/2 2301/4/2
f 4247/10/2 4248/10/2 4250/10/2
f 4250/10/2 4248/10/2 4249/10/2
f 4251/7/2 4194/7/2 4253/7/2
f 4253/7/2 4194/7/2 4252/7/2
f 4254/4/2 4255/4/2 4257/4/2
f 4257/4/2 4255/4/2 4256/4/2
f 4258/7/2 4259/7/2 4261/7/2
f 4261/7/2 4259/7/2 4260/7/2
f 4262/10/2 4263/10/2 4265/10/2
f 4265/10/2 4263/10/2 4264/10/2
f 4261/7/2 4266/7/2 4267/7/2
f 4267/7/2 4266/7/2 4163/7/2
f 4268/8/2 4206/8/2 4269/8/2
f 4269/8/2 4206/8/2 4208/8/2
f 4270/4/2 4271/4/2 4272/4/2
f 4272/4/2 4271/4/2 4220/4/2
f 4273/8/2 4274/8/2 4276/8/2
f 4276/8/2 4274/8/2 4275/8/2
f 4277/13/2 4278/13/2 4279/13/2
f 4279/13/2 4278/13/2 4218/13/2
f 4279/13/2 4142/13/2 4280/13/2
f 4280/13/2 4142/13/2 4193/13/2
f 4281/13/2 4223/13/2 4282/13/2
f 4282/13/2 4223/13/2 4226/13/2
f 4283/13/2 4227/13/2 4284/13/2
f 4284/13/2 4227/13/2 4230/13/2
f 4280/13/2 4231/13/2 4285/13/2
f 4285/13/2 4231/13/2 4233/13/2
f 4286/13/2 4238/13/2 4288/13/2
f 4288/13/2 4238/13/2 4287/13/2
f 4285/13/2 4232/13/2 4289/13/2
f 4289/13/2 4232/13/2 4195/13/2
f 4290/8/2 4291/8/2 4293/8/2
f 4293/8/2 4291/8/2 4292/8/2
f 4289/13/2 4251/13/2 4295/13/2
f 4295/13/2 4251/13/2 4294/13/2
f 4296/4/2 4297/4/2 4298/4/2
f 4298/4/2 4297/4/2 4257/4/2
f 4299/9/2 4300/9/2 4302/9/2
f 4302/9/2 4300/9/2 4301/9/2
f 4303/2/2 4304/2/2 4305/2/2
f 4305/2/2 4304/2/2 4267/2/2
f 4305/2/2 4162/2/2 4306/2/2
f 4306/2/2 4162/2/2 4207/2/2
f 4306/2/2 4268/2/2 4307/2/2
f 4307/2/2 4268/2/2 4269/2/2
f 4308/4/2 4309/4/2 4311/4/2
f 4311/4/2 4309/4/2 4310/4/2
f 4312/13/2 4313/13/2 4315/13/2
f 4315/13/2 4313/13/2 4314/13/2
f 4316/4/2 2251/4/2 4318/4/2
f 4318/4/2 2251/4/2 4317/4/2
f 4319/9/2 4320/9/2 4322/9/2
f 4322/9/2 4320/9/2 4321/9/2
f 4323/9/2 4324/9/2 4326/9/2
f 4326/9/2 4324/9/2 4325/9/2
f 4327/4/2 2292/4/2 4329/4/2
f 4329/4/2 2292/4/2 4328/4/2
f 4330/13/2 4331/13/2 4333/13/2
f 4333/13/2 4331/13/2 4332/13/2
f 4334/13/2 4335/13/2 4337/13/2
f 4337/13/2 4335/13/2 4336/13/2
f 4338/4/2 4339/4/2 4341/4/2
f 4341/4/2 4339/4/2 4340/4/2
f 4342/1/2 4343/1/2 2397/1/2
f 2397/1/2 4343/1/2 4344/1/2
f 4345/4/2 4346/4/2 4347/4/2
f 4347/4/2 4346/4/2 2321/4/2
f 4348/13/2 4349/13/2 4351/13/2
f 4351/13/2 4349/13/2 4350/13/2
f 4352/4/2 4353/4/2 4355/4/2
f 4355/4/2 4353/4/2 4354/4/2
f 4356/4/2 4357/4/2 4359/4/2
f 4359/4/2 4357/4/2 4358/4/2
f 4360/4/2 4361/4/2 4363/4/2
f 4363/4/2 4361/4/2 4362/4/2
f 4364/4/2 4365/4/2 4367/4/2
f 4367/4/2 4365/4/2 4366/4/2
f 4368/4/2 4369/4/2 4371/4/2
f 4371/4/2 4369/4/2 4370/4/2
f 4372/9/2 4373/9/2 4375/9/2
f 4375/9/2 4373/9/2 4374/9/2
f 4376/4/2 4377/4/2 4379/4/2
f 4379/4/2 4377/4/2 4378/4/2
f 4380/4/2 4381/4/2 4383/4/2
f 4383/4/2 4381/4/2 4382/4/2
f 4384/7/2 4385/7/2 4386/7/2
f 4386/7/2 4385/7/2 4210/7/2
f 4387/4/2 4388/4/2 2499/4/2
f 2499/4/2 4388/4/2 4389/4/2
f 4390/4/2 4391/4/2 4392/4/2
f 4392/4/2 4391/4/2 2451/4/2
f 4393/4/2 4394/4/2 4396/4/2
f 4396/4/2 4394/4/2 4395/4/2
f 4397/10/2 4398/10/2 4400/10/2
f 4400/10/2 4398/10/2 4399/10/2
f 4401/13/2 4402/13/2 4404/13/2
f 4404/13/2 4402/13/2 4403/13/2
f 4405/4/2 4406/4/2 4408/4/2
f 4408/4/2 4406/4/2 4407/4/2
f 4409/4/2 4410/4/2 4412/4/2
f 4412/4/2 4410/4/2 4411/4/2
f 4413/9/2 4414/9/2 4416/9/2
f 4416/9/2 4414/9/2 4415/9/2
f 4417/13/2 2331/13/2 4418/13/2
f 4418/13/2 2331/13/2 2332/13/2
f 4419/1/2 4420/1/2 2623/1/2
f 2623/1/2 4420/1/2 2394/1/2
f 4421/1/2 4422/1/2 4424/1/2
f 4424/1/2 4422/1/2 4423/1/2
f 4425/7/2 4426/7/2 4427/7/2
f 4427/7/2 4426/7/2 4259/7/2
f 4428/7/2 4429/7/2 4430/7/2
f 4430/7/2 4429/7/2 4386/7/2
f 4430/13/2 4209/13/2 4431/13/2
f 4431/13/2 4209/13/2 4278/13/2
f 4432/8/2 4433/8/2 4435/8/2
f 4435/8/2 4433/8/2 4434/8/2
f 4436/13/2 4437/13/2 4439/13/2
f 4439/13/2 4437/13/2 4438/13/2
f 4440/4/2 4441/4/2 4442/4/2
f 4442/4/2 4441/4/2 2500/4/2
f 4431/7/2 4277/7/2 4444/7/2
f 4444/7/2 4277/7/2 4443/7/2
f 4444/13/2 4443/13/2 4445/13/2
f 4445/13/2 4443/13/2 4295/13/2
f 4446/8/2 4447/8/2 4449/8/2
f 4449/8/2 4447/8/2 4448/8/2
f 4450/10/2 4451/10/2 4453/10/2
f 4453/10/2 4451/10/2 4452/10/2
f 2603/4/2 4454/4/2 4456/4/2
f 4456/4/2 4454/4/2 4455/4/2
f 4445/7/2 4294/7/2 4457/7/2
f 4457/7/2 4294/7/2 4253/7/2
f 4456/4/2 4458/4/2 4460/4/2
f 4460/4/2 4458/4/2 4459/4/2
f 4461/9/2 4462/9/2 4464/9/2
f 4464/9/2 4462/9/2 4463/9/2
f 4465/10/2 4466/10/2 4468/10/2
f 4468/10/2 4466/10/2 4467/10/2
f 4469/2/2 4258/2/2 4470/2/2
f 4470/2/2 4258/2/2 4304/2/2
f 4470/7/2 4303/7/2 4471/7/2
f 4471/7/2 4303/7/2 4307/7/2
f 220/1/3 219/1/3 3041/1/3
f 3041/1/3 219/1/3 2873/1/3
f 263/1/3 262/1/3 3065/1/3
f 3065/1/3 262/1/3 2904/1/3
f 302/1/3 301/1/3 3089/1/3
f 3089/1/3 301/1/3 2929/1/3
f 337/1/3 336/1/3 2874/1/3
f 2874/1/3 336/1/3 2875/1/3
f 232/7/3 351/7/3 2804/7/3
f 2804/7/3 351/7/3 2885/7/3
f 234/3/3 354/3/3 2806/3/3
f 2806/3/3 354/3/3 2888/3/3
f 379/1/3 378/1/3 2905/1/3
f 2905/1/3 378/1/3 2906/1/3
f 415/1/3 414/1/3 2930/1/3
f 2930/1/3 414/1/3 2931/1/3
f 4472/3/3 432/3/3 4473/3/3
f 4473/3/3 432/3/3 2944/3/3
f 452/9/3 451/9/3 2959/9/3
f 2959/9/3 451/9/3 2960/9/3
f 483/9/3 482/9/3 2987/9/3
f 2987/9/3 482/9/3 2988/9/3
f 512/9/3 511/9/3 3013/9/3
f 3013/9/3 511/9/3 3014/9/3
f 429/3/3 675/3/3 2942/3/3
f 2942/3/3 675/3/3 3172/3/3
f 445/9/3 524/9/3 2955/9/3
f 2955/9/3 524/9/3 3030/9/3
f 450/1/3 533/1/3 2958/1/3
f 2958/1/3 533/1/3 3042/1/3
f 476/9/3 550/9/3 2983/9/3
f 2983/9/3 550/9/3 3054/9/3
f 481/1/3 559/1/3 2986/1/3
f 2986/1/3 559/1/3 3066/1/3
f 505/9/3 576/9/3 3009/9/3
f 3009/9/3 576/9/3 3078/9/3
f 510/1/3 585/1/3 3012/1/3
f 3012/1/3 585/1/3 3090/1/3
f 533/9/3 611/9/3 3042/9/3
f 3042/9/3 611/9/3 3107/9/3
f 354/7/3 628/7/3 2888/7/3
f 2888/7/3 628/7/3 3125/7/3
f 559/9/3 639/9/3 3066/9/3
f 3066/9/3 639/9/3 3136/9/3
f 585/9/3 660/9/3 3090/9/3
f 3090/9/3 660/9/3 3158/9/3
f 767/7/3 766/7/3 3230/7/3
f 3230/7/3 766/7/3 3231/7/3
f 765/7/3 848/7/3 3228/7/3
f 3228/7/3 848/7/3 3279/7/3
f 791/7/3 840/7/3 3244/7/3
f 3244/7/3 840/7/3 3273/7/3
f 628/3/3 842/3/3 3125/3/3
f 3125/3/3 842/3/3 3276/3/3
f 837/3/3 849/3/3 3270/3/3
f 3270/3/3 849/3/3 3282/3/3
f 874/12/3 873/12/3 3301/12/3
f 3301/12/3 873/12/3 3302/12/3
f 889/12/3 888/12/3 3413/12/3
f 3413/12/3 888/12/3 3415/12/3
f 854/3/3 945/3/3 3288/3/3
f 3288/3/3 945/3/3 3340/3/3
f 893/12/3 892/12/3 3311/12/3
f 3311/12/3 892/12/3 3312/12/3
f 904/12/3 903/12/3 3437/12/3
f 3437/12/3 903/12/3 3440/12/3
f 908/12/3 907/12/3 3319/12/3
f 3319/12/3 907/12/3 3320/12/3
f 916/12/3 915/12/3 3450/12/3
f 3450/12/3 915/12/3 3452/12/3
f 4474/12/3 4475/12/3 3416/12/3
f 3416/12/3 4475/12/3 3371/12/3
f 842/7/3 946/7/3 3276/7/3
f 3276/7/3 946/7/3 3344/7/3
f 4476/12/3 4477/12/3 3441/12/3
f 3441/12/3 4477/12/3 3383/12/3
f 4478/12/3 1162/12/3 3453/12/3
f 3453/12/3 1162/12/3 3387/12/3
f 918/3/3 977/3/3 3325/3/3
f 3325/3/3 977/3/3 3363/3/3
f 1006/7/3 1117/7/3 3374/7/3
f 3374/7/3 1117/7/3 3422/7/3
f 3391/12/3 1106/12/3 3370/12/3
f 3370/12/3 1106/12/3 3417/12/3
f 946/3/3 1120/3/3 3344/3/3
f 3344/3/3 1120/3/3 3427/3/3
f 3395/12/3 1144/12/3 3382/12/3
f 3382/12/3 1144/12/3 3442/12/3
f 3399/12/3 1161/12/3 3386/12/3
f 3386/12/3 1161/12/3 3454/12/3
f 3465/12/3 3464/12/3 3412/12/3
f 3412/12/3 3464/12/3 3463/12/3
f 3479/12/3 3478/12/3 3436/12/3
f 3436/12/3 3478/12/3 3477/12/3
f 1158/12/3 4479/12/3 3449/12/3
f 3449/12/3 4479/12/3 3484/12/3
f 1213/12/3 1212/12/3 3462/12/3
f 3462/12/3 1212/12/3 3487/12/3
f 1221/12/3 1220/12/3 3476/12/3
f 3476/12/3 1220/12/3 3493/12/3
f 1229/12/3 1228/12/3 3483/12/3
f 3483/12/3 1228/12/3 3499/12/3
f 1238/3/3 1242/3/3 3507/3/3
f 3507/3/3 1242/3/3 3509/3/3
f 4480/7/3 4481/7/3 4483/7/3
f 4483/7/3 4481/7/3 4482/7/3
f 1187/3/3 1232/3/3 3470/3/3
f 3470/3/3 1232/3/3 3501/3/3
f 1120/7/3 1234/7/3 3427/7/3
f 3427/7/3 1234/7/3 3504/7/3
f 1267/12/3 1266/12/3 3537/12/3
f 3537/12/3 1266/12/3 3538/12/3
f 1282/12/3 1281/12/3 3624/12/3
f 3624/12/3 1281/12/3 3626/12/3
f 1286/12/3 1285/12/3 3546/12/3
f 3546/12/3 1285/12/3 3547/12/3
f 1294/12/3 1293/12/3 3554/12/3
f 3554/12/3 1293/12/3 3555/12/3
f 1298/12/3 1297/12/3 3558/12/3
f 3558/12/3 1297/12/3 3559/12/3
f 1306/12/3 1305/12/3 3655/12/3
f 3655/12/3 1305/12/3 3657/12/3
f 4484/3/3 4485/3/3 4487/3/3
f 4487/3/3 4485/3/3 4486/3/3
f 4488/12/3 4489/12/3 3627/12/3
f 3627/12/3 4489/12/3 3594/12/3
f 1252/7/3 1332/7/3 3522/7/3
f 3522/7/3 1332/7/3 3575/7/3
f 1234/3/3 1334/3/3 3504/3/3
f 3504/3/3 1334/3/3 3577/3/3
f 4490/12/3 4491/12/3 3658/12/3
f 3658/12/3 4491/12/3 3603/12/3
f 1390/3/3 1441/3/3 3606/3/3
f 3606/3/3 1441/3/3 3617/3/3
f 3609/12/3 1455/12/3 3593/12/3
f 3593/12/3 1455/12/3 3628/12/3
f 1334/7/3 1467/7/3 3577/7/3
f 3577/7/3 1467/7/3 3637/7/3
f 1470/12/3 1469/12/3 3640/12/3
f 3640/12/3 1469/12/3 3641/12/3
f 3613/12/3 1489/12/3 3602/12/3
f 3602/12/3 1489/12/3 3659/12/3
f 1440/3/3 1496/3/3 3616/3/3
f 3616/3/3 1496/3/3 3664/3/3
f 1500/7/3 1499/7/3 3666/7/3
f 3666/7/3 1499/7/3 3667/7/3
f 3676/12/3 3675/12/3 3623/12/3
f 3623/12/3 3675/12/3 3674/12/3
f 3688/12/3 1521/12/3 3642/12/3
f 3642/12/3 1521/12/3 3687/12/3
f 3698/12/3 3697/12/3 3654/12/3
f 3654/12/3 3697/12/3 3696/12/3
f 1550/12/3 1549/12/3 3673/12/3
f 3673/12/3 1549/12/3 3705/12/3
f 1516/7/3 1574/7/3 3681/7/3
f 3681/7/3 1574/7/3 3722/7/3
f 1520/12/3 1560/12/3 3685/12/3
f 3685/12/3 1560/12/3 3713/12/3
f 1564/12/3 1563/12/3 3695/12/3
f 3695/12/3 1563/12/3 3716/12/3
f 1499/3/3 1583/3/3 3667/3/3
f 3667/3/3 1583/3/3 3731/3/3
f 1573/7/3 1572/7/3 3723/7/3
f 3723/7/3 1572/7/3 3724/7/3
f 1467/3/3 1576/3/3 3637/3/3
f 3637/3/3 1576/3/3 3727/3/3
f 1606/12/3 1605/12/3 3746/12/3
f 3746/12/3 1605/12/3 3747/12/3
f 1615/12/3 1614/12/3 3778/12/3
f 3778/12/3 1614/12/3 3839/12/3
f 1618/12/3 1617/12/3 3754/12/3
f 3754/12/3 1617/12/3 3755/12/3
f 1625/12/3 1624/12/3 3860/12/3
f 3860/12/3 1624/12/3 3863/12/3
f 1635/12/3 1634/12/3 3764/12/3
f 3764/12/3 1634/12/3 3765/12/3
f 4492/12/3 1680/12/3 3840/12/3
f 3840/12/3 1680/12/3 3797/12/3
f 1576/7/3 1651/7/3 3727/7/3
f 3727/7/3 1651/7/3 3782/7/3
f 4493/12/3 4494/12/3 3864/12/3
f 3864/12/3 4494/12/3 3807/12/3
f 1636/3/3 1668/3/3 3766/3/3
f 3766/3/3 1668/3/3 3790/3/3
f 1639/7/3 1670/7/3 3769/7/3
f 3769/7/3 1670/7/3 3792/7/3
f 1679/12/3 1678/12/3 3798/12/3
f 3798/12/3 1678/12/3 3799/12/3
f 1766/7/3 1711/7/3 3843/7/3
f 3843/7/3 1711/7/3 3816/7/3
f 1650/7/3 1772/7/3 3781/7/3
f 3781/7/3 1772/7/3 3848/7/3
f 1700/12/3 1699/12/3 3812/12/3
f 3812/12/3 1699/12/3 3813/12/3
f 4495/12/3 1741/12/3 3795/12/3
f 3795/12/3 1741/12/3 3834/12/3
f 1630/12/3 1733/12/3 3760/12/3
f 3760/12/3 1733/12/3 3827/12/3
f 1677/12/3 1762/12/3 3796/12/3
f 3796/12/3 1762/12/3 3841/12/3
f 1708/7/3 1765/7/3 3815/7/3
f 3815/7/3 1765/7/3 3844/7/3
f 1651/3/3 1773/3/3 3782/3/3
f 3782/3/3 1773/3/3 3852/3/3
f 3820/12/3 1796/12/3 3806/12/3
f 3806/12/3 1796/12/3 3865/12/3
f 1802/12/3 1801/12/3 3870/12/3
f 3870/12/3 1801/12/3 3871/12/3
f 1668/7/3 1805/7/3 3790/7/3
f 3790/7/3 1805/7/3 3873/7/3
f 3883/12/3 3882/12/3 3859/12/3
f 3859/12/3 3882/12/3 3881/12/3
f 1855/3/3 1845/3/3 3912/3/3
f 3912/3/3 1845/3/3 3901/3/3
f 1828/12/3 1827/12/3 3889/12/3
f 3889/12/3 1827/12/3 3890/12/3
f 1765/3/3 1850/3/3 3844/3/3
f 3844/3/3 1850/3/3 3906/3/3
f 1836/12/3 1835/12/3 3880/12/3
f 3880/12/3 1835/12/3 3896/12/3
f 1773/7/3 1852/7/3 3852/7/3
f 3852/7/3 1852/7/3 3910/7/3
f 1842/3/3 1854/3/3 3900/3/3
f 3900/3/3 1854/3/3 3913/3/3
f 1892/9/3 1891/9/3 3946/9/3
f 3946/9/3 1891/9/3 3947/9/3
f 1915/7/3 1914/7/3 3968/7/3
f 3968/7/3 1914/7/3 3969/7/3
f 1852/3/3 1917/3/3 3910/3/3
f 3910/3/3 1917/3/3 3972/3/3
f 3980/9/3 3979/9/3 3977/9/3
f 3977/9/3 3979/9/3 3978/9/3
f 1953/9/3 1952/9/3 4005/9/3
f 4005/9/3 1952/9/3 4006/9/3
f 1961/9/3 1960/9/3 4013/9/3
f 4013/9/3 1960/9/3 4014/9/3
f 1973/9/3 1972/9/3 4021/9/3
f 4021/9/3 1972/9/3 4022/9/3
f 2001/9/3 2000/9/3 4054/9/3
f 4054/9/3 2000/9/3 4055/9/3
f 1914/3/3 2044/3/3 3969/3/3
f 3969/3/3 2044/3/3 4099/3/3
f 1917/7/3 2046/7/3 3972/7/3
f 3972/7/3 2046/7/3 4101/7/3
f 2044/7/3 2058/7/3 4099/7/3
f 4099/7/3 2058/7/3 4110/7/3
f 2062/9/3 2061/9/3 4496/9/3
f 4496/9/3 2061/9/3 4114/9/3
f 2051/7/3 2082/7/3 4102/7/3
f 4102/7/3 2082/7/3 4131/7/3
f 2057/7/3 2068/7/3 4108/7/3
f 4108/7/3 2068/7/3 4117/7/3
f 2072/3/3 2075/3/3 4122/3/3
f 4122/3/3 2075/3/3 4124/3/3
f 2046/3/3 2076/3/3 4101/3/3
f 4101/3/3 2076/3/3 4127/3/3
f 2084/3/3 2083/3/3 4134/3/3
f 4134/3/3 2083/3/3 4135/3/3
f 2076/7/3 2102/7/3 4127/7/3
f 4127/7/3 2102/7/3 4159/7/3
f 2087/9/3 2086/9/3 4138/9/3
f 4138/9/3 2086/9/3 4139/9/3
f 2078/3/3 2090/3/3 4130/3/3
f 4130/3/3 2090/3/3 4141/3/3
f 2093/7/3 2097/7/3 4144/7/3
f 4144/7/3 2097/7/3 4154/7/3
f 2089/7/3 2112/7/3 4140/7/3
f 4140/7/3 2112/7/3 4165/7/3
f 2101/7/3 2100/7/3 4160/7/3
f 4160/7/3 2100/7/3 4161/7/3
f 2149/9/3 2148/9/3 4497/9/3
f 4497/9/3 2148/9/3 4205/9/3
f 2260/9/3 2318/9/3 4325/9/3
f 4325/9/3 2318/9/3 4326/9/3
f 2191/7/3 2614/7/3 4252/7/3
f 4252/7/3 2614/7/3 4457/7/3
f 4498/1/3 4499/1/3 219/1/3
f 219/1/3 4499/1/3 450/1/3
f 4500/1/3 4501/1/3 262/1/3
f 262/1/3 4501/1/3 481/1/3
f 4502/1/3 4503/1/3 301/1/3
f 301/1/3 4503/1/3 510/1/3
f 4504/12/3 4505/12/3 890/12/3
f 890/12/3 4505/12/3 887/12/3
f 4506/12/3 1025/12/3 905/12/3
f 905/12/3 1025/12/3 902/12/3
f 970/12/3 973/12/3 917/12/3
f 917/12/3 973/12/3 914/12/3
f 935/5/3 934/5/3 4474/5/3
f 4474/5/3 934/5/3 4475/5/3
f 962/5/3 961/5/3 4476/5/3
f 4476/5/3 961/5/3 4477/5/3
f 975/5/3 974/5/3 4478/5/3
f 4478/5/3 974/5/3 1162/5/3
f 4507/12/3 1058/12/3 3372/12/3
f 3372/12/3 1058/12/3 3373/12/3
f 4508/12/3 1081/12/3 3384/12/3
f 3384/12/3 1081/12/3 3385/12/3
f 4509/12/3 1085/12/3 3388/12/3
f 3388/12/3 1085/12/3 3389/12/3
f 1058/12/3 1057/12/3 3392/12/3
f 3392/12/3 1057/12/3 3393/12/3
f 1081/12/3 1080/12/3 3396/12/3
f 3396/12/3 1080/12/3 3397/12/3
f 1085/12/3 1084/12/3 3400/12/3
f 3400/12/3 1084/12/3 3401/12/3
f 1155/12/3 1154/12/3 4510/12/3
f 4510/12/3 1154/12/3 1157/12/3
f 3418/12/3 1180/12/3 1108/12/3
f 1108/12/3 1180/12/3 3466/12/3
f 3443/12/3 1202/12/3 1146/12/3
f 1146/12/3 1202/12/3 3480/12/3
f 1210/5/3 1209/5/3 1158/5/3
f 1158/5/3 1209/5/3 4479/5/3
f 4511/12/3 4512/12/3 1283/12/3
f 1283/12/3 4512/12/3 1280/12/3
f 4513/12/3 4514/12/3 1295/12/3
f 1295/12/3 4514/12/3 1292/12/3
f 4515/12/3 4516/12/3 1307/12/3
f 1307/12/3 4516/12/3 1304/12/3
f 1325/5/3 1324/5/3 4488/5/3
f 4488/5/3 1324/5/3 4489/5/3
f 1355/5/3 1354/5/3 4490/5/3
f 4490/5/3 1354/5/3 4491/5/3
f 4517/12/3 1411/12/3 3595/12/3
f 3595/12/3 1411/12/3 3596/12/3
f 1423/12/3 1427/12/3 1381/12/3
f 1381/12/3 1427/12/3 1378/12/3
f 4518/12/3 1438/12/3 3604/12/3
f 3604/12/3 1438/12/3 3605/12/3
f 1411/12/3 1410/12/3 3610/12/3
f 3610/12/3 1410/12/3 3611/12/3
f 1438/12/3 1437/12/3 3614/12/3
f 3614/12/3 1437/12/3 3615/12/3
f 1526/12/3 4519/12/3 3644/12/3
f 3644/12/3 4519/12/3 3645/12/3
f 3629/12/3 1510/12/3 1457/12/3
f 1457/12/3 1510/12/3 3677/12/3
f 4519/12/3 1525/12/3 3689/12/3
f 3689/12/3 1525/12/3 3690/12/3
f 3660/12/3 1541/12/3 1491/12/3
f 1491/12/3 1541/12/3 3699/12/3
f 1602/12/3 1601/12/3 3743/12/3
f 3743/12/3 1601/12/3 1632/12/3
f 1660/12/3 1664/12/3 1626/12/3
f 1626/12/3 1664/12/3 1623/12/3
f 1600/5/3 1628/5/3 1633/5/3
f 1633/5/3 1628/5/3 1630/5/3
f 1648/5/3 1647/5/3 4492/5/3
f 4492/5/3 1647/5/3 1680/5/3
f 1666/5/3 1665/5/3 4493/5/3
f 4493/5/3 1665/5/3 4494/5/3
f 1643/12/3 1675/12/3 3772/12/3
f 3772/12/3 1675/12/3 3795/12/3
f 4520/12/3 1727/12/3 3808/12/3
f 3808/12/3 1727/12/3 3809/12/3
f 1675/5/3 1707/5/3 4495/5/3
f 4495/5/3 1707/5/3 1741/5/3
f 1658/12/3 4521/12/3 1720/12/3
f 1720/12/3 4521/12/3 1717/12/3
f 1727/12/3 1726/12/3 3821/12/3
f 3821/12/3 1726/12/3 3822/12/3
f 1737/12/3 1736/12/3 3829/12/3
f 3829/12/3 1736/12/3 3830/12/3
f 1745/5/3 1744/5/3 1749/5/3
f 1749/5/3 1744/5/3 1746/5/3
f 1744/12/3 1810/12/3 1746/12/3
f 1746/12/3 1810/12/3 1829/12/3
f 3866/12/3 1819/12/3 1718/12/3
f 1718/12/3 1819/12/3 3884/12/3
f 1880/9/3 1879/9/3 3934/9/3
f 3934/9/3 1879/9/3 3935/9/3
f 1884/9/3 1883/9/3 3938/9/3
f 3938/9/3 1883/9/3 3939/9/3
f 1888/9/3 1887/9/3 1893/9/3
f 1893/9/3 1887/9/3 1890/9/3
f 1945/9/3 1944/9/3 1954/9/3
f 1954/9/3 1944/9/3 1951/9/3
f 1965/9/3 1964/9/3 4017/9/3
f 4017/9/3 1964/9/3 4018/9/3
f 1985/9/3 1984/9/3 4035/9/3
f 4035/9/3 1984/9/3 4036/9/3
f 1963/9/3 2027/9/3 4083/9/3
f 4083/9/3 2027/9/3 4084/9/3
f 4522/9/3 4095/9/3 4093/9/3
f 4093/9/3 4095/9/3 4094/9/3
f 2049/9/3 2048/9/3 4113/9/3
f 4113/9/3 2048/9/3 4496/9/3
f 2105/9/3 2104/9/3 4204/9/3
f 4204/9/3 2104/9/3 4497/9/3
f 2311/9/3 2310/9/3 2319/9/3
f 2319/9/3 2310/9/3 2317/9/3
f 2353/13/3 2352/13/3 2601/13/3
f 2601/13/3 2352/13/3 2409/13/3
f 2384/13/3 2383/13/3 2576/13/3
f 2576/13/3 2383/13/3 2573/13/3
f 2388/13/3 2387/13/3 2584/13/3
f 2584/13/3 2387/13/3 2581/13/3
f 2396/9/3 2423/9/3 4374/9/3
f 4374/9/3 2423/9/3 4375/9/3
f 2438/4/3 2437/4/3 2405/4/3
f 2405/4/3 2437/4/3 2570/4/3
f 2449/13/3 2448/13/3 2596/13/3
f 2596/13/3 2448/13/3 2529/13/3
f 2470/13/3 2469/13/3 2441/13/3
f 2441/13/3 2469/13/3 4523/13/3
f 2474/13/3 2473/13/3 2530/13/3
f 2530/13/3 2473/13/3 2586/13/3
f 2506/13/3 2505/13/3 2466/13/3
f 2466/13/3 2505/13/3 2567/13/3
f 2469/4/3 2509/4/3 4523/4/3
f 4523/4/3 2509/4/3 2578/4/3
f 2486/9/3 4524/9/3 4415/9/3
f 4415/9/3 4524/9/3 4416/9/3
f 2533/4/3 2532/4/3 2511/4/3
f 2511/4/3 2532/4/3 2598/4/3
f 2590/13/3 2589/13/3 2594/13/3
f 2594/13/3 2589/13/3 2592/13/3
f 852/12/3 851/12/3 3287/12/3
f 3287/12/3 851/12/3 890/12/3
f 862/12/3 861/12/3 3293/12/3
f 3293/12/3 861/12/3 905/12/3
f 870/12/3 869/12/3 3298/12/3
f 3298/12/3 869/12/3 917/12/3
f 851/5/3 4525/5/3 4504/5/3
f 4504/5/3 4525/5/3 4505/5/3
f 861/5/3 4526/5/3 4506/5/3
f 4506/5/3 4526/5/3 1025/5/3
f 3336/12/3 3335/12/3 936/12/3
f 936/12/3 3335/12/3 933/12/3
f 1004/5/3 1003/5/3 4507/5/3
f 4507/5/3 1003/5/3 1058/5/3
f 1028/5/3 1027/5/3 4508/5/3
f 4508/5/3 1027/5/3 1081/5/3
f 1032/12/3 1031/12/3 1163/12/3
f 1163/12/3 1031/12/3 1159/12/3
f 1036/5/3 1035/5/3 4509/5/3
f 4509/5/3 1035/5/3 1085/5/3
f 1111/12/3 1110/12/3 1056/12/3
f 1056/12/3 1110/12/3 3419/12/3
f 1148/12/3 1147/12/3 1079/12/3
f 1079/12/3 1147/12/3 3444/12/3
f 3468/12/3 3467/12/3 1182/12/3
f 1182/12/3 3467/12/3 1179/12/3
f 1137/12/3 3481/12/3 1134/12/3
f 1134/12/3 3481/12/3 1201/12/3
f 1217/12/3 1216/12/3 3489/12/3
f 3489/12/3 1216/12/3 3490/12/3
f 1225/12/3 1224/12/3 3495/12/3
f 3495/12/3 1224/12/3 3496/12/3
f 1250/12/3 1249/12/3 3521/12/3
f 3521/12/3 1249/12/3 1283/12/3
f 1257/12/3 1256/12/3 3527/12/3
f 3527/12/3 1256/12/3 1295/12/3
f 1261/12/3 1260/12/3 3532/12/3
f 3532/12/3 1260/12/3 1307/12/3
f 1249/5/3 4527/5/3 4511/5/3
f 4511/5/3 4527/5/3 4512/5/3
f 1256/5/3 1291/5/3 4513/5/3
f 4513/5/3 1291/5/3 4514/5/3
f 1260/5/3 1431/5/3 4515/5/3
f 4515/5/3 1431/5/3 4516/5/3
f 3572/12/3 3571/12/3 1326/12/3
f 1326/12/3 3571/12/3 1323/12/3
f 1430/12/3 4528/12/3 1356/12/3
f 1356/12/3 4528/12/3 1353/12/3
f 1372/5/3 1371/5/3 4517/5/3
f 4517/5/3 1371/5/3 1411/5/3
f 1388/5/3 1387/5/3 4518/5/3
f 4518/5/3 1387/5/3 1438/5/3
f 1364/12/3 1393/12/3 1398/12/3
f 1398/12/3 1393/12/3 1395/12/3
f 1368/12/3 1459/12/3 1412/12/3
f 1412/12/3 1459/12/3 3630/12/3
f 1494/12/3 1493/12/3 1436/12/3
f 1436/12/3 1493/12/3 3661/12/3
f 3701/12/3 3700/12/3 1543/12/3
f 1543/12/3 3700/12/3 1540/12/3
f 1554/12/3 1553/12/3 1509/12/3
f 1509/12/3 1553/12/3 3707/12/3
f 1568/12/3 1567/12/3 3718/12/3
f 3718/12/3 1567/12/3 3719/12/3
f 1590/12/3 1589/12/3 3737/12/3
f 3737/12/3 1589/12/3 1613/12/3
f 1598/12/3 1597/12/3 3741/12/3
f 3741/12/3 1597/12/3 1626/12/3
f 1596/12/3 1621/12/3 1661/12/3
f 1661/12/3 1621/12/3 1690/12/3
f 1683/5/3 1682/5/3 3801/5/3
f 3801/5/3 1682/5/3 3802/5/3
f 1620/12/3 1841/12/3 1691/12/3
f 1691/12/3 1841/12/3 1688/12/3
f 1696/5/3 1695/5/3 4520/5/3
f 4520/5/3 1695/5/3 1727/5/3
f 1704/12/3 1703/12/3 1674/12/3
f 1674/12/3 1703/12/3 1706/12/3
f 1840/12/3 1788/12/3 1689/12/3
f 1689/12/3 1788/12/3 4521/12/3
f 1730/12/3 1729/12/3 1699/12/3
f 1699/12/3 1729/12/3 3824/12/3
f 1799/12/3 1798/12/3 1725/12/3
f 1725/12/3 1798/12/3 3867/12/3
f 1786/12/3 3885/12/3 1821/12/3
f 1821/12/3 3885/12/3 1818/12/3
f 1832/12/3 1831/12/3 3892/12/3
f 3892/12/3 1831/12/3 3893/12/3
f 4529/12/3 1839/12/3 3898/12/3
f 3898/12/3 1839/12/3 3899/12/3
f 1900/9/3 1899/9/3 3954/9/3
f 3954/9/3 1899/9/3 3955/9/3
f 1925/9/3 1924/9/3 3981/9/3
f 3981/9/3 1924/9/3 3982/9/3
f 1969/9/3 1968/9/3 1974/9/3
f 1974/9/3 1968/9/3 1971/9/3
f 2012/1/3 2011/1/3 1878/1/3
f 1878/1/3 2011/1/3 4069/1/3
f 2016/1/3 2015/1/3 4071/1/3
f 4071/1/3 2015/1/3 4072/1/3
f 2020/1/3 2019/1/3 4075/1/3
f 4075/1/3 2019/1/3 4076/1/3
f 2024/1/3 2023/1/3 4079/1/3
f 4079/1/3 2023/1/3 4080/1/3
f 2031/1/3 2030/1/3 4087/1/3
f 4087/1/3 2030/1/3 4088/1/3
f 2034/1/3 2033/1/3 4059/1/3
f 4059/1/3 2033/1/3 4090/1/3
f 2010/1/3 2041/1/3 4067/1/3
f 4067/1/3 2041/1/3 4097/1/3
f 2368/1/3 2367/1/3 4344/1/3
f 4344/1/3 2367/1/3 2397/1/3
f 4530/1/3 4531/1/3 4533/1/3
f 4533/1/3 4531/1/3 4532/1/3
f 4534/1/3 2536/1/3 4535/1/3
f 4535/1/3 2536/1/3 2623/1/3
f 2541/1/3 2540/1/3 4423/1/3
f 4423/1/3 2540/1/3 4424/1/3
f 4536/13/3 4537/13/3 4538/13/3
f 4538/13/3 4537/13/3 2563/13/3
f 4451/13/3 4450/13/3 4539/13/3
f 4539/13/3 4450/13/3 2613/13/3
f 2539/9/3 2625/9/3 4463/9/3
f 4463/9/3 2625/9/3 4464/9/3
f 4540/2/3 4541/2/3 4542/2/3
f 4542/2/3 4541/2/3 2631/2/3
f 881/12/3 4543/12/3 853/12/3
f 853/12/3 4543/12/3 850/12/3
f 858/12/3 857/12/3 863/12/3
f 863/12/3 857/12/3 860/12/3
f 866/12/3 865/12/3 871/12/3
f 871/12/3 865/12/3 868/12/3
f 4544/12/3 4545/12/3 851/12/3
f 851/12/3 4545/12/3 4525/12/3
f 4546/12/3 4547/12/3 861/12/3
f 861/12/3 4547/12/3 4526/12/3
f 939/12/3 1054/12/3 3337/12/3
f 3337/12/3 1054/12/3 1002/12/3
f 1077/12/3 4548/12/3 3355/12/3
f 3355/12/3 4548/12/3 1026/12/3
f 1054/12/3 1053/12/3 1059/12/3
f 1059/12/3 1053/12/3 1056/12/3
f 4548/12/3 1076/12/3 1082/12/3
f 1082/12/3 1076/12/3 1079/12/3
f 1052/5/3 1185/5/3 1112/5/3
f 1112/5/3 1185/5/3 1109/5/3
f 1069/12/3 1197/12/3 4549/12/3
f 4549/12/3 1197/12/3 1133/12/3
f 1185/12/3 1184/12/3 1109/12/3
f 1109/12/3 1184/12/3 3469/12/3
f 1206/12/3 1205/12/3 1138/12/3
f 1138/12/3 1205/12/3 3482/12/3
f 1274/12/3 4550/12/3 1251/12/3
f 1251/12/3 4550/12/3 1248/12/3
f 1302/12/3 1352/12/3 1262/12/3
f 1262/12/3 1352/12/3 1259/12/3
f 4551/12/3 1319/12/3 1249/12/3
f 1249/12/3 1319/12/3 4527/12/3
f 1329/12/3 1328/12/3 3573/12/3
f 3573/12/3 1328/12/3 1369/12/3
f 1300/12/3 4552/12/3 1348/12/3
f 1348/12/3 4552/12/3 1345/12/3
f 1351/12/3 1350/12/3 1260/12/3
f 1260/12/3 1350/12/3 4553/12/3
f 1407/12/3 1406/12/3 1460/12/3
f 1460/12/3 1406/12/3 4554/12/3
f 4552/12/3 1418/12/3 1424/12/3
f 1424/12/3 1418/12/3 1421/12/3
f 1434/12/3 1433/12/3 1439/12/3
f 1439/12/3 1433/12/3 1436/12/3
f 1406/5/3 1514/5/3 4554/5/3
f 4554/5/3 1514/5/3 1458/5/3
f 1432/5/3 1546/5/3 1429/5/3
f 1429/5/3 1546/5/3 1492/5/3
f 1505/12/3 1504/12/3 1555/12/3
f 1555/12/3 1504/12/3 3672/12/3
f 1514/12/3 1513/12/3 1458/12/3
f 1458/12/3 1513/12/3 3680/12/3
f 1546/12/3 1545/12/3 1492/12/3
f 1492/12/3 1545/12/3 3702/12/3
f 1586/12/3 1585/12/3 1591/12/3
f 1591/12/3 1585/12/3 1588/12/3
f 1594/12/3 1593/12/3 1599/12/3
f 1599/12/3 1593/12/3 1596/12/3
f 1723/12/3 1722/12/3 1693/12/3
f 1693/12/3 1722/12/3 1725/12/3
f 1752/12/3 1751/12/3 1757/12/3
f 1757/12/3 1751/12/3 1754/12/3
f 1781/12/3 1780/12/3 1716/12/3
f 1716/12/3 1780/12/3 1783/12/3
f 1824/12/3 1823/12/3 1789/12/3
f 1789/12/3 1823/12/3 3886/12/3
f 3957/9/3 3956/9/3 1901/9/3
f 1901/9/3 3956/9/3 1898/9/3
f 3984/9/3 3983/9/3 1926/9/3
f 1926/9/3 3983/9/3 1923/9/3
f 4061/9/3 4060/9/3 4058/9/3
f 4058/9/3 4060/9/3 4059/9/3
f 2134/6/3 2133/6/3 2192/6/3
f 2192/6/3 2133/6/3 4555/6/3
f 2216/10/3 4556/10/3 4215/10/3
f 4215/10/3 4556/10/3 4216/10/3
f 2133/13/3 2186/13/3 4555/13/3
f 4555/13/3 2186/13/3 2189/13/3
f 2240/10/3 4557/10/3 4249/10/3
f 4249/10/3 4557/10/3 4250/10/3
f 2272/10/3 4558/10/3 4264/10/3
f 4264/10/3 4558/10/3 4265/10/3
f 4559/13/3 2490/13/3 4560/13/3
f 4560/13/3 2490/13/3 4538/13/3
f 4561/13/3 4562/13/3 4563/13/3
f 4563/13/3 4562/13/3 4539/13/3
f 2263/2/3 2629/2/3 2634/2/3
f 2634/2/3 2629/2/3 4542/2/3
f 2518/9/3 2517/9/3 4565/9/3
f 4565/9/3 2517/9/3 4564/9/3
f 2490/10/3 2550/10/3 4536/10/3
f 4536/10/3 2550/10/3 4537/10/3
f 2607/10/3 2606/10/3 4452/10/3
f 4452/10/3 2606/10/3 4453/10/3
f 2629/10/3 2628/10/3 4540/10/3
f 4540/10/3 2628/10/3 4541/10/3
f 4566/9/3 4567/9/3 4498/9/3
f 4498/9/3 4567/9/3 4568/9/3
f 4569/9/3 4570/9/3 4500/9/3
f 4500/9/3 4570/9/3 4571/9/3
f 4572/9/3 4573/9/3 4502/9/3
f 4502/9/3 4573/9/3 4574/9/3
f 885/5/3 884/5/3 4544/5/3
f 4544/5/3 884/5/3 4545/5/3
f 900/5/3 899/5/3 4546/5/3
f 4546/5/3 899/5/3 4547/5/3
f 932/12/3 931/12/3 940/12/3
f 940/12/3 931/12/3 937/12/3
f 898/12/3 955/12/3 959/12/3
f 959/12/3 955/12/3 957/12/3
f 1001/12/3 1000/12/3 938/12/3
f 938/12/3 1000/12/3 1054/12/3
f 955/12/3 1017/12/3 1136/12/3
f 1136/12/3 1017/12/3 4549/12/3
f 999/5/3 1050/5/3 1055/5/3
f 1055/5/3 1050/5/3 1052/5/3
f 1016/12/3 1065/12/3 1070/12/3
f 1070/12/3 1065/12/3 1067/12/3
f 1050/12/3 1104/12/3 1052/12/3
f 1052/12/3 1104/12/3 1185/12/3
f 1132/12/3 1131/12/3 1068/12/3
f 1068/12/3 1131/12/3 1197/12/3
f 1141/12/3 1140/12/3 1075/12/3
f 1075/12/3 1140/12/3 1206/12/3
f 1098/12/3 1172/12/3 1176/12/3
f 1176/12/3 1172/12/3 1173/12/3
f 1103/12/3 1178/12/3 1186/12/3
f 1186/12/3 1178/12/3 1183/12/3
f 1130/12/3 1194/12/3 1198/12/3
f 1198/12/3 1194/12/3 1195/12/3
f 1139/12/3 1200/12/3 1207/12/3
f 1207/12/3 1200/12/3 1204/12/3
f 1278/5/3 1277/5/3 4551/5/3
f 4551/5/3 1277/5/3 1319/5/3
f 1276/12/3 1315/12/3 1273/12/3
f 1273/12/3 1315/12/3 1317/12/3
f 1322/12/3 1321/12/3 1330/12/3
f 1330/12/3 1321/12/3 1327/12/3
f 1343/12/3 1342/12/3 3585/12/3
f 3585/12/3 1342/12/3 1478/12/3
f 1384/12/3 1383/12/3 1389/12/3
f 1389/12/3 1383/12/3 1386/12/3
f 1403/12/3 1402/12/3 1408/12/3
f 1408/12/3 1402/12/3 1405/12/3
f 1453/12/3 1452/12/3 1406/12/3
f 1406/12/3 1452/12/3 1514/12/3
f 1482/5/3 1481/5/3 1418/5/3
f 1418/5/3 1481/5/3 4575/5/3
f 1486/12/3 1485/12/3 1432/12/3
f 1432/12/3 1485/12/3 1546/12/3
f 1481/12/3 1533/12/3 4575/12/3
f 4575/12/3 1533/12/3 1534/12/3
f 1484/12/3 1538/12/3 1547/12/3
f 1547/12/3 1538/12/3 1544/12/3
f 1760/12/3 1759/12/3 3837/12/3
f 3837/12/3 1759/12/3 3838/12/3
f 1793/12/3 1792/12/3 1721/12/3
f 1721/12/3 1792/12/3 1824/12/3
f 1791/12/3 1816/12/3 1825/12/3
f 1825/12/3 1816/12/3 1822/12/3
f 1872/9/3 1871/9/3 3930/9/3
f 3930/9/3 1871/9/3 3931/9/3
f 1896/9/3 1895/9/3 3950/9/3
f 3950/9/3 1895/9/3 3951/9/3
f 1904/9/3 1903/9/3 3958/9/3
f 3958/9/3 1903/9/3 3959/9/3
f 1912/9/3 1911/9/3 3966/9/3
f 3966/9/3 1911/9/3 3967/9/3
f 1921/9/3 1920/9/3 3974/9/3
f 3974/9/3 1920/9/3 2020/9/3
f 1929/9/3 1928/9/3 3985/9/3
f 3985/9/3 1928/9/3 3986/9/3
f 1941/9/3 1940/9/3 3997/9/3
f 3997/9/3 1940/9/3 3998/9/3
f 1949/9/3 1948/9/3 4001/9/3
f 4001/9/3 1948/9/3 4002/9/3
f 1957/9/3 1956/9/3 4009/9/3
f 4009/9/3 1956/9/3 4010/9/3
f 1977/9/3 1976/9/3 4023/9/3
f 4023/9/3 1976/9/3 4024/9/3
f 1981/9/3 1980/9/3 4031/9/3
f 4031/9/3 1980/9/3 4032/9/3
f 1989/9/3 1988/9/3 4038/9/3
f 4038/9/3 1988/9/3 4039/9/3
f 1997/9/3 1996/9/3 4050/9/3
f 4050/9/3 1996/9/3 4051/9/3
f 2005/9/3 2004/9/3 4062/9/3
f 4062/9/3 2004/9/3 4063/9/3
f 2038/9/3 2037/9/3 4576/9/3
f 4576/9/3 2037/9/3 2040/9/3
f 2205/8/3 2204/8/3 2209/8/3
f 2209/8/3 2204/8/3 2207/8/3
f 2315/9/3 4577/9/3 4301/9/3
f 4301/9/3 4577/9/3 4302/9/3
f 2204/2/3 2280/2/3 2284/2/3
f 2284/2/3 2280/2/3 2281/2/3
f 4577/9/3 2314/9/3 4321/9/3
f 4321/9/3 2314/9/3 4322/9/3
f 2420/9/3 2419/9/3 2424/9/3
f 2424/9/3 2419/9/3 2422/9/3
f 2482/9/3 2481/9/3 2487/9/3
f 2487/9/3 2481/9/3 2484/9/3
f 4578/1/3 4579/1/3 4566/1/3
f 4566/1/3 4579/1/3 4567/1/3
f 4580/1/3 4581/1/3 4569/1/3
f 4569/1/3 4581/1/3 4570/1/3
f 4582/1/3 4583/1/3 4572/1/3
f 4572/1/3 4583/1/3 4573/1/3
f 994/12/3 998/12/3 884/12/3
f 884/12/3 998/12/3 930/12/3
f 997/12/3 996/12/3 931/12/3
f 931/12/3 996/12/3 999/12/3
f 1014/12/3 1013/12/3 1018/12/3
f 1018/12/3 1013/12/3 1016/12/3
f 1021/12/3 1020/12/3 3380/12/3
f 3380/12/3 1020/12/3 3381/12/3
f 993/5/3 1048/5/3 1051/5/3
f 1051/5/3 1048/5/3 1049/5/3
f 1048/12/3 1102/12/3 1049/12/3
f 1049/12/3 1102/12/3 1103/12/3
f 2153/11/3 2152/11/3 2108/11/3
f 2108/11/3 2152/11/3 2155/11/3
f 2268/8/3 2267/8/3 4584/8/3
f 4584/8/3 2267/8/3 2270/8/3
f 2325/13/3 4585/13/3 4586/13/3
f 4586/13/3 4585/13/3 4560/13/3
f 2802/9/3 2868/9/3 4578/9/3
f 4578/9/3 2868/9/3 4579/9/3
f 2831/9/3 2899/9/3 4580/9/3
f 4580/9/3 2899/9/3 4581/9/3
f 2856/9/3 2924/9/3 4582/9/3
f 4582/9/3 2924/9/3 4583/9/3
f 2868/1/3 2961/1/3 4568/1/3
f 4568/1/3 2961/1/3 4499/1/3
f 2899/1/3 2989/1/3 4571/1/3
f 4571/1/3 2989/1/3 4501/1/3
f 2924/1/3 3015/1/3 4574/1/3
f 4574/1/3 3015/1/3 4503/1/3
f 990/12/3 989/12/3 4587/12/3
f 4587/12/3 989/12/3 992/12/3
f 2372/13/3 2371/13/3 2324/13/3
f 2324/13/3 2371/13/3 4585/13/3
f 2427/8/3 2426/8/3 2399/8/3
f 2399/8/3 2426/8/3 2629/8/3
f 2723/12/3 2722/12/3 2798/12/3
f 2798/12/3 2722/12/3 2800/12/3
f 2673/12/3 2725/12/3 2870/12/3
f 2870/12/3 2725/12/3 2876/12/3
f 2745/12/3 2744/12/3 2827/12/3
f 2827/12/3 2744/12/3 2829/12/3
f 2691/12/3 2747/12/3 2901/12/3
f 2901/12/3 2747/12/3 2907/12/3
f 2767/12/3 2766/12/3 2852/12/3
f 2852/12/3 2766/12/3 2854/12/3
f 2709/12/3 2769/12/3 2926/12/3
f 2926/12/3 2769/12/3 2932/12/3
f 4588/12/3 2964/12/3 2877/12/3
f 2877/12/3 2964/12/3 2878/12/3
f 4589/12/3 2992/12/3 2908/12/3
f 2908/12/3 2992/12/3 2909/12/3
f 4590/12/3 3018/12/3 2933/12/3
f 2933/12/3 3018/12/3 2934/12/3
f 3190/5/3 4591/5/3 2871/5/3
f 2871/5/3 4591/5/3 2962/5/3
f 3207/5/3 4592/5/3 2902/5/3
f 2902/5/3 4592/5/3 2990/5/3
f 3224/5/3 4593/5/3 2927/5/3
f 2927/5/3 4593/5/3 3016/5/3
f 3109/12/3 3108/12/3 3039/12/3
f 3039/12/3 3108/12/3 3106/12/3
f 4591/12/3 4594/12/3 2962/12/3
f 2962/12/3 4594/12/3 3114/12/3
f 3138/12/3 3137/12/3 3063/12/3
f 3063/12/3 3137/12/3 3135/12/3
f 4592/12/3 4595/12/3 2990/12/3
f 2990/12/3 4595/12/3 3143/12/3
f 3160/12/3 3159/12/3 3087/12/3
f 3087/12/3 3159/12/3 3157/12/3
f 4593/12/3 4596/12/3 3016/12/3
f 3016/12/3 4596/12/3 3165/12/3
f 4224/8/3 4223/8/3 2178/8/3
f 2178/8/3 4223/8/3 2175/8/3
f 4223/13/3 4281/13/3 2175/13/3
f 2175/13/3 4281/13/3 2230/13/3
f 2667/12/3 2666/12/3 2720/12/3
f 2720/12/3 2666/12/3 4597/12/3
f 4598/12/3 4599/12/3 2672/12/3
f 2672/12/3 4599/12/3 2673/12/3
f 2685/12/3 2684/12/3 2742/12/3
f 2742/12/3 2684/12/3 4600/12/3
f 4601/12/3 4602/12/3 2690/12/3
f 2690/12/3 4602/12/3 2691/12/3
f 2703/12/3 2702/12/3 2764/12/3
f 2764/12/3 2702/12/3 4603/12/3
f 4604/12/3 4605/12/3 2708/12/3
f 2708/12/3 4605/12/3 2709/12/3
f 123/12/3 122/12/3 2726/12/3
f 2726/12/3 122/12/3 2727/12/3
f 155/12/3 154/12/3 2748/12/3
f 2748/12/3 154/12/3 2749/12/3
f 187/12/3 186/12/3 2770/12/3
f 2770/12/3 186/12/3 2771/12/3
f 121/5/3 2879/5/3 4588/5/3
f 4588/5/3 2879/5/3 2964/5/3
f 153/5/3 2910/5/3 4589/5/3
f 4589/5/3 2910/5/3 2992/5/3
f 185/5/3 2935/5/3 4590/5/3
f 4590/5/3 2935/5/3 3018/5/3
f 3236/12/3 4606/12/3 3102/12/3
f 3102/12/3 4606/12/3 3186/12/3
f 3045/12/3 700/12/3 2963/12/3
f 2963/12/3 700/12/3 3191/12/3
f 3250/12/3 4607/12/3 3131/12/3
f 3131/12/3 4607/12/3 3203/12/3
f 3069/12/3 729/12/3 2991/12/3
f 2991/12/3 729/12/3 3208/12/3
f 3262/12/3 4608/12/3 3153/12/3
f 3153/12/3 4608/12/3 3220/12/3
f 3093/12/3 758/12/3 3017/12/3
f 3017/12/3 758/12/3 3225/12/3
f 4178/6/3 4177/6/3 2092/6/3
f 2092/6/3 4177/6/3 2130/6/3
f 4228/8/3 4227/8/3 4225/8/3
f 4225/8/3 4227/8/3 4226/8/3
f 4274/8/3 4273/8/3 4609/8/3
f 4609/8/3 4273/8/3 2214/8/3
f 4227/13/3 4283/13/3 4226/13/3
f 4226/13/3 4283/13/3 4282/13/3
f 4291/8/3 4290/8/3 4610/8/3
f 4610/8/3 4290/8/3 2238/8/3
f 4611/8/3 4434/8/3 4559/8/3
f 4559/8/3 4434/8/3 2490/8/3
f 4612/8/3 4448/8/3 4561/8/3
f 4561/8/3 4448/8/3 4562/8/3
f 2642/5/3 2674/5/3 4598/5/3
f 4598/5/3 2674/5/3 4599/5/3
f 2650/5/3 2692/5/3 4601/5/3
f 4601/5/3 2692/5/3 4602/5/3
f 2658/5/3 2710/5/3 4604/5/3
f 4604/5/3 2710/5/3 4605/5/3
f 2676/12/3 2728/12/3 124/12/3
f 124/12/3 2728/12/3 121/12/3
f 2694/12/3 2750/12/3 156/12/3
f 156/12/3 2750/12/3 153/12/3
f 2712/12/3 2772/12/3 188/12/3
f 188/12/3 2772/12/3 185/12/3
f 2730/12/3 4613/12/3 122/12/3
f 122/12/3 4613/12/3 2880/12/3
f 2752/12/3 4614/12/3 154/12/3
f 154/12/3 4614/12/3 2911/12/3
f 2774/12/3 4615/12/3 186/12/3
f 186/12/3 4615/12/3 2936/12/3
f 4613/12/3 2967/12/3 2965/12/3
f 2965/12/3 2967/12/3 2966/12/3
f 4614/12/3 2995/12/3 2993/12/3
f 2993/12/3 2995/12/3 2994/12/3
f 4615/12/3 3021/12/3 3019/12/3
f 3019/12/3 3021/12/3 3020/12/3
f 2967/12/3 3117/12/3 3046/12/3
f 3046/12/3 3117/12/3 3047/12/3
f 2995/12/3 3146/12/3 3070/12/3
f 3070/12/3 3146/12/3 3071/12/3
f 3021/12/3 3168/12/3 3094/12/3
f 3094/12/3 3168/12/3 3095/12/3
f 3116/5/3 3115/5/3 3044/5/3
f 3044/5/3 3115/5/3 701/5/3
f 3145/5/3 3144/5/3 3068/5/3
f 3068/5/3 3144/5/3 730/5/3
f 3167/5/3 3166/5/3 3092/5/3
f 3092/5/3 3166/5/3 759/5/3
f 775/12/3 774/12/3 3187/12/3
f 3187/12/3 774/12/3 3237/12/3
f 3192/12/3 784/12/3 702/12/3
f 702/12/3 784/12/3 3240/12/3
f 799/12/3 798/12/3 3204/12/3
f 3204/12/3 798/12/3 3251/12/3
f 3209/12/3 808/12/3 731/12/3
f 731/12/3 808/12/3 3254/12/3
f 821/12/3 820/12/3 3221/12/3
f 3221/12/3 820/12/3 3263/12/3
f 3226/12/3 830/12/3 760/12/3
f 760/12/3 830/12/3 3266/12/3
f 4185/6/3 4184/6/3 4179/6/3
f 4179/6/3 4184/6/3 4180/6/3
f 4255/13/3 4254/13/3 4199/13/3
f 4199/13/3 4254/13/3 4243/13/3
f 4297/6/3 4296/6/3 2615/6/3
f 2615/6/3 4296/6/3 4616/6/3
f 4331/13/3 4617/13/3 2565/13/3
f 2565/13/3 4617/13/3 4586/13/3
f 4617/13/3 4618/13/3 4350/13/3
f 4350/13/3 4618/13/3 4351/13/3
f 4296/13/3 4619/13/3 4616/13/3
f 4616/13/3 4619/13/3 4563/13/3
f 4618/13/3 4620/13/3 4611/13/3
f 4611/13/3 4620/13/3 4434/13/3
f 4619/13/3 4621/13/3 4612/13/3
f 4612/13/3 4621/13/3 4448/13/3
f 4620/8/3 4622/8/3 4434/8/3
f 4434/8/3 4622/8/3 4435/8/3
f 4621/8/3 4623/8/3 4448/8/3
f 4448/8/3 4623/8/3 4449/8/3
f 127/12/3 126/12/3 2729/12/3
f 2729/12/3 126/12/3 2730/12/3
f 159/12/3 158/12/3 2751/12/3
f 2751/12/3 158/12/3 2752/12/3
f 191/12/3 190/12/3 2773/12/3
f 2773/12/3 190/12/3 2774/12/3
f 344/12/3 4624/12/3 2969/12/3
f 2969/12/3 4624/12/3 2970/12/3
f 386/12/3 4625/12/3 2997/12/3
f 2997/12/3 4625/12/3 2998/12/3
f 422/12/3 4626/12/3 3023/12/3
f 3023/12/3 4626/12/3 3024/12/3
f 4627/5/3 4628/5/3 2967/5/3
f 2967/5/3 4628/5/3 3117/5/3
f 4629/5/3 4630/5/3 2995/5/3
f 2995/5/3 4630/5/3 3146/5/3
f 4631/5/3 4632/5/3 3021/5/3
f 3021/5/3 4632/5/3 3168/5/3
f 705/12/3 704/12/3 3115/12/3
f 3115/12/3 704/12/3 3193/12/3
f 734/12/3 733/12/3 3144/12/3
f 3144/12/3 733/12/3 3210/12/3
f 763/12/3 762/12/3 3166/12/3
f 3166/12/3 762/12/3 3227/12/3
f 3242/12/3 3241/12/3 786/12/3
f 786/12/3 3241/12/3 783/12/3
f 3256/12/3 3255/12/3 810/12/3
f 810/12/3 3255/12/3 807/12/3
f 3268/12/3 3267/12/3 832/12/3
f 832/12/3 3267/12/3 829/12/3
f 2138/6/3 2137/6/3 4198/6/3
f 4198/6/3 2137/6/3 4199/6/3
f 2195/4/3 4317/4/3 4256/4/3
f 4256/4/3 4317/4/3 4298/4/3
f 4633/13/3 4634/13/3 4332/13/3
f 4332/13/3 4634/13/3 4333/13/3
f 2331/6/3 2553/6/3 4330/6/3
f 4330/6/3 2553/6/3 4622/6/3
f 2251/6/3 4635/6/3 4296/6/3
f 4296/6/3 4635/6/3 4623/6/3
f 3/12/3 2/12/3 2637/12/3
f 2637/12/3 2/12/3 2638/12/3
f 11/12/3 10/12/3 2641/12/3
f 2641/12/3 10/12/3 2642/12/3
f 15/12/3 14/12/3 2645/12/3
f 2645/12/3 14/12/3 2646/12/3
f 23/12/3 22/12/3 2649/12/3
f 2649/12/3 22/12/3 2650/12/3
f 27/12/3 26/12/3 2653/12/3
f 2653/12/3 26/12/3 2654/12/3
f 35/12/3 34/12/3 2657/12/3
f 2657/12/3 34/12/3 2658/12/3
f 4636/5/3 4637/5/3 128/5/3
f 128/5/3 4637/5/3 125/5/3
f 4638/5/3 4639/5/3 160/5/3
f 160/5/3 4639/5/3 157/5/3
f 4640/5/3 4641/5/3 192/5/3
f 192/5/3 4641/5/3 189/5/3
f 4642/5/3 2881/5/3 2730/5/3
f 2730/5/3 2881/5/3 2968/5/3
f 4643/5/3 2912/5/3 2752/5/3
f 2752/5/3 2912/5/3 2996/5/3
f 4644/5/3 2937/5/3 2774/5/3
f 2774/5/3 2937/5/3 3022/5/3
f 2881/5/3 462/5/3 345/5/3
f 345/5/3 462/5/3 342/5/3
f 2912/5/3 493/5/3 387/5/3
f 387/5/3 493/5/3 384/5/3
f 2937/5/3 522/5/3 423/5/3
f 423/5/3 522/5/3 420/5/3
f 461/12/3 460/12/3 343/12/3
f 343/12/3 460/12/3 4624/12/3
f 492/12/3 491/12/3 385/12/3
f 385/12/3 491/12/3 4625/12/3
f 521/12/3 520/12/3 421/12/3
f 421/12/3 520/12/3 4626/12/3
f 459/12/3 620/12/3 4627/12/3
f 4627/12/3 620/12/3 4628/12/3
f 490/12/3 648/12/3 4629/12/3
f 4629/12/3 648/12/3 4630/12/3
f 519/12/3 669/12/3 4631/12/3
f 4631/12/3 669/12/3 4632/12/3
f 620/12/3 619/12/3 3117/12/3
f 3117/12/3 619/12/3 3118/12/3
f 648/12/3 647/12/3 3146/12/3
f 3146/12/3 647/12/3 3147/12/3
f 669/12/3 668/12/3 3168/12/3
f 3168/12/3 668/12/3 3169/12/3
f 4645/12/3 788/12/3 706/12/3
f 706/12/3 788/12/3 3243/12/3
f 4646/12/3 812/12/3 735/12/3
f 735/12/3 812/12/3 3257/12/3
f 4647/12/3 834/12/3 764/12/3
f 764/12/3 834/12/3 3269/12/3
f 4147/4/3 4146/4/3 4175/4/3
f 4175/4/3 4146/4/3 4648/4/3
f 2142/4/3 4649/4/3 4201/4/3
f 4201/4/3 4649/4/3 2193/4/3
f 4649/4/3 2236/4/3 2245/4/3
f 2245/4/3 2236/4/3 2242/4/3
f 2248/4/3 2247/4/3 2253/4/3
f 2253/4/3 2247/4/3 2250/4/3
f 2256/4/3 4340/4/3 2194/4/3
f 2194/4/3 4340/4/3 4318/4/3
f 4650/13/3 2381/13/3 2334/13/3
f 2334/13/3 2381/13/3 2331/13/3
f 4651/13/3 4652/13/3 4653/13/3
f 4653/13/3 4652/13/3 4634/13/3
f 2380/13/3 2525/13/3 2332/13/3
f 2332/13/3 2525/13/3 4418/13/3
f 4339/13/3 4654/13/3 4316/13/3
f 4316/13/3 4654/13/3 4635/13/3
f 55/12/3 54/12/3 2675/12/3
f 2675/12/3 54/12/3 2676/12/3
f 75/12/3 74/12/3 2693/12/3
f 2693/12/3 74/12/3 2694/12/3
f 95/12/3 94/12/3 2711/12/3
f 2711/12/3 94/12/3 2712/12/3
f 4655/12/3 4656/12/3 4642/12/3
f 4642/12/3 4656/12/3 2881/12/3
f 4657/12/3 4658/12/3 4643/12/3
f 4643/12/3 4658/12/3 2912/12/3
f 4659/12/3 4660/12/3 4644/12/3
f 4644/12/3 4660/12/3 2937/12/3
f 4661/12/3 548/12/3 462/12/3
f 462/12/3 548/12/3 459/12/3
f 4662/12/3 574/12/3 493/12/3
f 493/12/3 574/12/3 490/12/3
f 4663/12/3 600/12/3 522/12/3
f 522/12/3 600/12/3 519/12/3
f 547/12/3 546/12/3 460/12/3
f 460/12/3 546/12/3 3048/12/3
f 573/12/3 572/12/3 491/12/3
f 491/12/3 572/12/3 3072/12/3
f 599/12/3 598/12/3 520/12/3
f 520/12/3 598/12/3 3096/12/3
f 4664/12/3 4665/12/3 621/12/3
f 621/12/3 4665/12/3 618/12/3
f 4666/12/3 4667/12/3 649/12/3
f 649/12/3 4667/12/3 646/12/3
f 4668/12/3 4669/12/3 670/12/3
f 670/12/3 4669/12/3 667/12/3
f 4670/5/3 4671/5/3 4645/5/3
f 4645/5/3 4671/5/3 789/5/3
f 4672/5/3 4673/5/3 4646/5/3
f 4646/5/3 4673/5/3 813/5/3
f 4674/5/3 4675/5/3 4647/5/3
f 4647/5/3 4675/5/3 835/5/3
f 771/12/3 770/12/3 3233/12/3
f 3233/12/3 770/12/3 3234/12/3
f 781/12/3 780/12/3 790/12/3
f 790/12/3 780/12/3 787/12/3
f 795/12/3 794/12/3 3247/12/3
f 3247/12/3 794/12/3 3248/12/3
f 805/12/3 804/12/3 814/12/3
f 814/12/3 804/12/3 811/12/3
f 817/12/3 816/12/3 3259/12/3
f 3259/12/3 816/12/3 3260/12/3
f 827/12/3 826/12/3 836/12/3
f 836/12/3 826/12/3 833/12/3
f 4151/4/3 4150/4/3 4148/4/3
f 4148/4/3 4150/4/3 4149/4/3
f 4181/13/3 2172/13/3 2139/13/3
f 2139/13/3 2172/13/3 2187/13/3
f 2300/4/3 2308/4/3 2237/4/3
f 2237/4/3 2308/4/3 2235/4/3
f 2296/4/3 2295/4/3 4633/4/3
f 4633/4/3 2295/4/3 4653/4/3
f 2295/4/3 2336/4/3 4651/4/3
f 4651/4/3 2336/4/3 4652/4/3
f 2307/4/3 4358/4/3 2255/4/3
f 2255/4/3 4358/4/3 4341/4/3
f 4353/13/3 4352/13/3 2381/13/3
f 2381/13/3 4352/13/3 2378/13/3
f 4357/13/3 4676/13/3 4338/13/3
f 4338/13/3 4676/13/3 4654/13/3
f 7/12/3 6/12/3 12/12/3
f 12/12/3 6/12/3 9/12/3
f 19/12/3 18/12/3 24/12/3
f 24/12/3 18/12/3 21/12/3
f 31/12/3 30/12/3 36/12/3
f 36/12/3 30/12/3 33/12/3
f 4677/5/3 4678/5/3 56/5/3
f 56/5/3 4678/5/3 53/5/3
f 4679/5/3 4680/5/3 76/5/3
f 76/5/3 4680/5/3 73/5/3
f 4681/5/3 4682/5/3 96/5/3
f 96/5/3 4682/5/3 93/5/3
f 2732/12/3 2731/12/3 4636/12/3
f 4636/12/3 2731/12/3 4637/12/3
f 2754/12/3 2753/12/3 4638/12/3
f 4638/12/3 2753/12/3 4639/12/3
f 2776/12/3 2775/12/3 4640/12/3
f 4640/12/3 2775/12/3 4641/12/3
f 2734/5/3 349/5/3 4655/5/3
f 4655/5/3 349/5/3 4656/5/3
f 2756/5/3 391/5/3 4657/5/3
f 4657/5/3 391/5/3 4658/5/3
f 2778/5/3 427/5/3 4659/5/3
f 4659/5/3 427/5/3 4660/5/3
f 348/12/3 347/12/3 2882/12/3
f 2882/12/3 347/12/3 461/12/3
f 390/12/3 389/12/3 2913/12/3
f 2913/12/3 389/12/3 492/12/3
f 426/12/3 425/12/3 2938/12/3
f 2938/12/3 425/12/3 521/12/3
f 346/5/3 4683/5/3 4661/5/3
f 4661/5/3 4683/5/3 548/5/3
f 388/5/3 4684/5/3 4662/5/3
f 4662/5/3 4684/5/3 574/5/3
f 424/5/3 4685/5/3 4663/5/3
f 4663/5/3 4685/5/3 600/5/3
f 4686/5/3 4687/5/3 4664/5/3
f 4664/5/3 4687/5/3 4665/5/3
f 4688/5/3 4689/5/3 4666/5/3
f 4666/5/3 4689/5/3 4667/5/3
f 4690/5/3 4691/5/3 4668/5/3
f 4668/5/3 4691/5/3 4669/5/3
f 2125/4/3 2129/4/3 4152/4/3
f 4152/4/3 2129/4/3 4153/4/3
f 2128/13/3 2127/13/3 4182/13/3
f 4182/13/3 2127/13/3 4183/13/3
f 2124/4/3 2229/4/3 2174/4/3
f 2174/4/3 2229/4/3 2171/4/3
f 2228/4/3 2227/4/3 2172/4/3
f 2172/4/3 2227/4/3 2232/4/3
f 2346/4/3 2357/4/3 2301/4/3
f 2301/4/3 2357/4/3 2298/4/3
f 2329/4/3 2328/4/3 4650/4/3
f 4650/4/3 2328/4/3 2381/4/3
f 2356/4/3 2355/4/3 2361/4/3
f 2361/4/3 2355/4/3 2358/4/3
f 2364/4/3 4370/4/3 2306/4/3
f 2306/4/3 4370/4/3 4359/4/3
f 4692/13/3 4693/13/3 2526/13/3
f 2526/13/3 4693/13/3 2524/13/3
f 4369/13/3 4694/13/3 4356/13/3
f 4356/13/3 4694/13/3 4676/13/3
f 52/12/3 51/12/3 4677/12/3
f 4677/12/3 51/12/3 4678/12/3
f 72/12/3 71/12/3 4679/12/3
f 4679/12/3 71/12/3 4680/12/3
f 92/12/3 91/12/3 4681/12/3
f 4681/12/3 91/12/3 4682/12/3
f 543/12/3 231/12/3 2733/12/3
f 2733/12/3 231/12/3 2734/12/3
f 569/12/3 274/12/3 2755/12/3
f 2755/12/3 274/12/3 2756/12/3
f 595/12/3 313/12/3 2777/12/3
f 2777/12/3 313/12/3 2778/12/3
f 230/12/3 229/12/3 2803/12/3
f 2803/12/3 229/12/3 348/12/3
f 273/12/3 272/12/3 2832/12/3
f 2832/12/3 272/12/3 390/12/3
f 312/12/3 311/12/3 2857/12/3
f 2857/12/3 311/12/3 426/12/3
f 228/12/3 4695/12/3 349/12/3
f 349/12/3 4695/12/3 4683/12/3
f 271/12/3 4696/12/3 391/12/3
f 391/12/3 4696/12/3 4684/12/3
f 310/12/3 4697/12/3 427/12/3
f 427/12/3 4697/12/3 4685/12/3
f 4695/12/3 542/12/3 548/12/3
f 548/12/3 542/12/3 545/12/3
f 4696/12/3 568/12/3 574/12/3
f 574/12/3 568/12/3 571/12/3
f 4697/12/3 594/12/3 600/12/3
f 600/12/3 594/12/3 597/12/3
f 698/12/3 697/12/3 4670/12/3
f 4670/12/3 697/12/3 4671/12/3
f 727/12/3 726/12/3 4672/12/3
f 4672/12/3 726/12/3 4673/12/3
f 756/12/3 755/12/3 4674/12/3
f 4674/12/3 755/12/3 4675/12/3
f 693/12/3 778/12/3 782/12/3
f 782/12/3 778/12/3 779/12/3
f 722/12/3 802/12/3 806/12/3
f 806/12/3 802/12/3 803/12/3
f 751/12/3 824/12/3 828/12/3
f 828/12/3 824/12/3 825/12/3
f 2376/4/3 2375/4/3 4354/4/3
f 4354/4/3 2375/4/3 4355/4/3
f 2392/4/3 4382/4/3 2363/4/3
f 2363/4/3 4382/4/3 4371/4/3
f 4698/13/3 4699/13/3 4700/13/3
f 4700/13/3 4699/13/3 4693/13/3
f 4381/13/3 4701/13/3 4368/13/3
f 4368/13/3 4701/13/3 4694/13/3
f 119/12/3 340/12/3 544/12/3
f 544/12/3 340/12/3 4702/12/3
f 151/12/3 382/12/3 570/12/3
f 570/12/3 382/12/3 4703/12/3
f 183/12/3 418/12/3 596/12/3
f 596/12/3 418/12/3 4704/12/3
f 340/5/3 339/5/3 4702/5/3
f 4702/5/3 339/5/3 4705/5/3
f 382/5/3 381/5/3 4703/5/3
f 4703/5/3 381/5/3 4706/5/3
f 418/5/3 417/5/3 4704/5/3
f 4704/5/3 417/5/3 4707/5/3
f 339/12/3 616/12/3 4705/12/3
f 4705/12/3 616/12/3 541/12/3
f 381/12/3 644/12/3 4706/12/3
f 4706/12/3 644/12/3 567/12/3
f 417/12/3 665/12/3 4707/12/3
f 4707/12/3 665/12/3 593/12/3
f 616/12/3 615/12/3 4686/12/3
f 4686/12/3 615/12/3 4687/12/3
f 644/12/3 643/12/3 4688/12/3
f 4688/12/3 643/12/3 4689/12/3
f 665/12/3 664/12/3 4690/12/3
f 4690/12/3 664/12/3 4691/12/3
f 609/12/3 691/12/3 696/12/3
f 696/12/3 691/12/3 693/12/3
f 637/12/3 720/12/3 725/12/3
f 725/12/3 720/12/3 722/12/3
f 658/12/3 749/12/3 754/12/3
f 754/12/3 749/12/3 751/12/3
f 2402/4/3 2401/4/3 4692/4/3
f 4692/4/3 2401/4/3 4700/4/3
f 2401/4/3 2434/4/3 4698/4/3
f 4698/4/3 2434/4/3 4708/4/3
f 2416/4/3 4395/4/3 2391/4/3
f 2391/4/3 4395/4/3 4383/4/3
f 2434/13/3 4709/13/3 4708/13/3
f 4708/13/3 4709/13/3 4699/13/3
f 2558/13/3 2557/13/3 4438/13/3
f 4438/13/3 2557/13/3 4439/13/3
f 4394/13/3 4710/13/3 4380/13/3
f 4380/13/3 4710/13/3 4701/13/3
f 207/12/3 211/12/3 108/12/3
f 108/12/3 211/12/3 105/12/3
f 217/12/3 4711/12/3 112/12/3
f 112/12/3 4711/12/3 109/12/3
f 115/5/3 114/5/3 120/5/3
f 120/5/3 114/5/3 117/5/3
f 250/12/3 254/12/3 140/12/3
f 140/12/3 254/12/3 137/12/3
f 260/12/3 4712/12/3 144/12/3
f 144/12/3 4712/12/3 141/12/3
f 147/5/3 146/5/3 152/5/3
f 152/5/3 146/5/3 149/5/3
f 289/12/3 293/12/3 172/12/3
f 172/12/3 293/12/3 169/12/3
f 299/12/3 4713/12/3 176/12/3
f 176/12/3 4713/12/3 173/12/3
f 179/5/3 178/5/3 184/5/3
f 184/5/3 178/5/3 181/5/3
f 227/12/3 226/12/3 118/12/3
f 118/12/3 226/12/3 340/12/3
f 270/12/3 269/12/3 150/12/3
f 150/12/3 269/12/3 382/12/3
f 309/12/3 308/12/3 182/12/3
f 182/12/3 308/12/3 418/12/3
f 225/12/3 334/12/3 341/12/3
f 341/12/3 334/12/3 338/12/3
f 268/12/3 376/12/3 383/12/3
f 383/12/3 376/12/3 380/12/3
f 307/12/3 412/12/3 419/12/3
f 419/12/3 412/12/3 416/12/3
f 334/5/3 4714/5/3 338/5/3
f 338/5/3 4714/5/3 457/5/3
f 376/5/3 4715/5/3 380/5/3
f 380/5/3 4715/5/3 488/5/3
f 412/5/3 4716/5/3 416/5/3
f 416/5/3 4716/5/3 517/5/3
f 539/12/3 538/12/3 458/12/3
f 458/12/3 538/12/3 616/12/3
f 565/12/3 564/12/3 489/12/3
f 489/12/3 564/12/3 644/12/3
f 591/12/3 590/12/3 518/12/3
f 518/12/3 590/12/3 665/12/3
f 537/12/3 613/12/3 617/12/3
f 617/12/3 613/12/3 614/12/3
f 563/12/3 641/12/3 645/12/3
f 645/12/3 641/12/3 642/12/3
f 589/12/3 662/12/3 666/12/3
f 666/12/3 662/12/3 663/12/3
f 2431/4/3 2430/4/3 2435/4/3
f 2435/4/3 2430/4/3 2433/4/3
f 2456/4/3 4411/4/3 2415/4/3
f 2415/4/3 4411/4/3 4396/4/3
f 4717/13/3 4718/13/3 4719/13/3
f 4719/13/3 4718/13/3 4709/13/3
f 4720/13/3 4721/13/3 4393/13/3
f 4393/13/3 4721/13/3 4710/13/3
f 223/12/3 222/12/3 114/12/3
f 114/12/3 222/12/3 225/12/3
f 266/12/3 265/12/3 146/12/3
f 146/12/3 265/12/3 268/12/3
f 305/12/3 304/12/3 178/12/3
f 178/12/3 304/12/3 307/12/3
f 221/12/3 329/12/3 216/12/3
f 216/12/3 329/12/3 331/12/3
f 264/12/3 371/12/3 259/12/3
f 259/12/3 371/12/3 373/12/3
f 303/12/3 407/12/3 298/12/3
f 298/12/3 407/12/3 409/12/3
f 455/12/3 454/12/3 334/12/3
f 334/12/3 454/12/3 4714/12/3
f 486/12/3 485/12/3 376/12/3
f 376/12/3 485/12/3 4715/12/3
f 515/12/3 514/12/3 412/12/3
f 412/12/3 514/12/3 4716/12/3
f 453/12/3 536/12/3 540/12/3
f 540/12/3 536/12/3 537/12/3
f 484/12/3 562/12/3 566/12/3
f 566/12/3 562/12/3 563/12/3
f 513/12/3 588/12/3 592/12/3
f 592/12/3 588/12/3 589/12/3
f 2463/4/3 2462/4/3 2434/4/3
f 2434/4/3 2462/4/3 4719/4/3
f 2476/4/3 2514/4/3 4720/4/3
f 4720/4/3 2514/4/3 4722/4/3
f 2478/4/3 4459/4/3 2455/4/3
f 2455/4/3 4459/4/3 4412/4/3
f 4723/13/3 4724/13/3 4725/13/3
f 4725/13/3 4724/13/3 4718/13/3
f 2514/13/3 2603/13/3 4722/13/3
f 4722/13/3 2603/13/3 4721/13/3
f 2502/4/3 2501/4/3 4717/4/3
f 4717/4/3 2501/4/3 4725/4/3
f 2618/4/3 2617/4/3 2477/4/3
f 2477/4/3 2617/4/3 4460/4/3
f 2522/4/3 2521/4/3 4723/4/3
f 4723/4/3 2521/4/3 4724/4/3
f 2520/4/3 2561/4/3 4726/4/3
f 4726/4/3 2561/4/3 4442/4/3
f 2611/4/3 2610/4/3 4727/4/3
f 4727/4/3 2610/4/3 2616/4/3
f 215/9/4 2794/9/4 212/9/4
f 212/9/4 2794/9/4 2793/9/4
f 258/9/4 2823/9/4 255/9/4
f 255/9/4 2823/9/4 2822/9/4
f 297/9/4 2848/9/4 294/9/4
f 294/9/4 2848/9/4 2847/9/4
f 327/1/4 2866/1/4 325/1/4
f 325/1/4 2866/1/4 2865/1/4
f 352/7/4 2884/7/4 350/7/4
f 350/7/4 2884/7/4 2883/7/4
f 355/3/4 2887/3/4 353/3/4
f 353/3/4 2887/3/4 2886/3/4
f 369/1/4 2897/1/4 367/1/4
f 367/1/4 2897/1/4 2896/1/4
f 405/1/4 2922/1/4 403/1/4
f 403/1/4 2922/1/4 2921/1/4
f 431/7/4 2940/7/4 428/7/4
f 428/7/4 2940/7/4 2939/7/4
f 350/3/4 2883/3/4 463/3/4
f 463/3/4 2883/3/4 2971/3/4
f 677/7/4 3175/7/4 674/7/4
f 674/7/4 3175/7/4 3173/7/4
f 525/9/4 3029/9/4 523/9/4
f 523/9/4 3029/9/4 3028/9/4
f 627/3/4 3123/3/4 624/3/4
f 624/3/4 3123/3/4 3121/3/4
f 551/9/4 3053/9/4 549/9/4
f 549/9/4 3053/9/4 3052/9/4
f 577/9/4 3077/9/4 575/9/4
f 575/9/4 3077/9/4 3076/9/4
f 446/1/4 2957/1/4 607/1/4
f 607/1/4 2957/1/4 3103/1/4
f 625/3/4 3120/3/4 622/3/4
f 622/3/4 3120/3/4 3119/3/4
f 477/1/4 2985/1/4 635/1/4
f 635/1/4 2985/1/4 3132/1/4
f 506/1/4 3011/1/4 656/1/4
f 656/1/4 3011/1/4 3154/1/4
f 428/3/4 2939/3/4 671/3/4
f 671/3/4 2939/3/4 3170/3/4
f 672/3/4 3171/3/4 847/3/4
f 847/3/4 3171/3/4 3280/3/4
f 622/7/4 3119/7/4 839/7/4
f 839/7/4 3119/7/4 3272/7/4
f 843/3/4 3275/3/4 841/3/4
f 841/3/4 3275/3/4 3274/3/4
f 671/7/4 3170/7/4 844/7/4
f 844/7/4 3170/7/4 3277/7/4
f 875/12/4 3300/12/4 872/12/4
f 872/12/4 3300/12/4 3299/12/4
f 4728/12/4 3486/12/4 4729/12/4
f 4729/12/4 3486/12/4 3410/12/4
f 947/7/4 3343/7/4 944/7/4
f 944/7/4 3343/7/4 3341/7/4
f 894/12/4 3310/12/4 891/12/4
f 891/12/4 3310/12/4 3309/12/4
f 4730/12/4 3492/12/4 4731/12/4
f 4731/12/4 3492/12/4 3434/12/4
f 909/12/4 3318/12/4 906/12/4
f 906/12/4 3318/12/4 3317/12/4
f 4732/12/4 3360/12/4 4733/12/4
f 4733/12/4 3360/12/4 3358/12/4
f 872/5/4 3299/5/4 921/5/4
f 921/5/4 3299/5/4 3328/5/4
f 839/3/4 3272/3/4 941/3/4
f 941/3/4 3272/3/4 3338/3/4
f 891/5/4 3309/5/4 948/5/4
f 948/5/4 3309/5/4 3345/5/4
f 906/5/4 3317/5/4 964/5/4
f 964/5/4 3317/5/4 3356/5/4
f 844/3/4 3277/3/4 976/3/4
f 976/3/4 3277/3/4 3362/3/4
f 919/7/4 3327/7/4 978/7/4
f 978/7/4 3327/7/4 3364/7/4
f 983/12/4 3368/12/4 981/12/4
f 981/12/4 3368/12/4 3367/12/4
f 1011/12/4 3378/12/4 1009/12/4
f 1009/12/4 3378/12/4 3377/12/4
f 1119/7/4 3425/7/4 1116/7/4
f 1116/7/4 3425/7/4 3423/7/4
f 1160/12/4 4734/12/4 4510/12/4
f 4510/12/4 4734/12/4 3447/12/4
f 978/3/4 3364/3/4 1087/3/4
f 1087/3/4 3364/3/4 3402/3/4
f 982/12/4 3405/12/4 1089/12/4
f 1089/12/4 3405/12/4 3404/12/4
f 941/7/4 3338/7/4 1113/7/4
f 1113/7/4 3338/7/4 3420/7/4
f 1010/12/4 3429/12/4 1121/12/4
f 1121/12/4 3429/12/4 3428/12/4
f 1152/12/4 3446/12/4 1149/12/4
f 1149/12/4 3446/12/4 3445/12/4
f 1166/3/4 3456/3/4 1164/3/4
f 1164/3/4 3456/3/4 3455/3/4
f 1157/12/4 3448/12/4 1229/12/4
f 1229/12/4 3448/12/4 3483/12/4
f 1247/7/4 3515/7/4 1244/7/4
f 1244/7/4 3515/7/4 3513/7/4
f 3459/12/4 3411/12/4 1211/12/4
f 1211/12/4 3411/12/4 3485/12/4
f 3473/12/4 3435/12/4 1219/12/4
f 1219/12/4 3435/12/4 3491/12/4
f 1230/12/4 3498/12/4 1227/12/4
f 1227/12/4 3498/12/4 3497/12/4
f 1245/3/4 3512/3/4 1241/3/4
f 1241/3/4 3512/3/4 3510/3/4
f 1113/3/4 3420/3/4 1231/3/4
f 1231/3/4 3420/3/4 3500/3/4
f 1235/7/4 3503/7/4 1233/7/4
f 1233/7/4 3503/7/4 3502/7/4
f 1239/3/4 3506/3/4 1236/3/4
f 1236/3/4 3506/3/4 3505/3/4
f 1236/7/4 3505/7/4 1263/7/4
f 1263/7/4 3505/7/4 3533/7/4
f 1268/12/4 3536/12/4 1265/12/4
f 1265/12/4 3536/12/4 3535/12/4
f 4735/12/4 3704/12/4 4736/12/4
f 4736/12/4 3704/12/4 3621/12/4
f 1287/12/4 3545/12/4 1284/12/4
f 1284/12/4 3545/12/4 3544/12/4
f 4737/12/4 3549/12/4 4738/12/4
f 4738/12/4 3549/12/4 3548/12/4
f 1299/12/4 3557/12/4 1296/12/4
f 1296/12/4 3557/12/4 3556/12/4
f 4739/12/4 3715/12/4 4740/12/4
f 4740/12/4 3715/12/4 3652/12/4
f 1265/5/4 3535/5/4 1308/5/4
f 1308/5/4 3535/5/4 3565/5/4
f 1231/7/4 3500/7/4 1331/7/4
f 1331/7/4 3500/7/4 3574/7/4
f 1253/3/4 3524/3/4 1333/3/4
f 1333/3/4 3524/3/4 3576/3/4
f 1296/5/4 3556/5/4 1335/5/4
f 1335/5/4 3556/5/4 3578/5/4
f 1359/7/4 3587/7/4 1357/7/4
f 1357/7/4 3587/7/4 3586/7/4
f 1363/12/4 3591/12/4 1361/12/4
f 1361/12/4 3591/12/4 3590/12/4
f 1331/3/4 3574/3/4 1373/3/4
f 1373/3/4 3574/3/4 3597/3/4
f 1377/12/4 3600/12/4 1375/12/4
f 1375/12/4 3600/12/4 3599/12/4
f 1466/3/4 3635/3/4 1463/3/4
f 1463/3/4 3635/3/4 3633/3/4
f 1357/3/4 3586/3/4 1440/3/4
f 1440/3/4 3586/3/4 3616/3/4
f 1362/12/4 3619/12/4 1442/12/4
f 1442/12/4 3619/12/4 3618/12/4
f 1464/3/4 3632/3/4 1461/3/4
f 1461/3/4 3632/3/4 3631/3/4
f 1471/12/4 3639/12/4 1468/12/4
f 1468/12/4 3639/12/4 3638/12/4
f 1376/12/4 3647/12/4 1472/12/4
f 1472/12/4 3647/12/4 3646/12/4
f 1497/3/4 3663/3/4 1495/3/4
f 1495/3/4 3663/3/4 3662/3/4
f 1441/7/4 3617/7/4 1498/7/4
f 1498/7/4 3617/7/4 3665/7/4
f 1523/12/4 3686/12/4 1520/12/4
f 1520/12/4 3686/12/4 3685/12/4
f 3669/12/4 3622/12/4 1548/12/4
f 1548/12/4 3622/12/4 3703/12/4
f 1558/3/4 3709/3/4 1556/3/4
f 1556/3/4 3709/3/4 3708/3/4
f 1561/12/4 3712/12/4 1559/12/4
f 1559/12/4 3712/12/4 3711/12/4
f 3692/12/4 3653/12/4 1562/12/4
f 1562/12/4 3653/12/4 3714/12/4
f 1461/7/4 3631/7/4 1570/7/4
f 1570/7/4 3631/7/4 3720/7/4
f 1577/3/4 3726/3/4 1575/3/4
f 1575/3/4 3726/3/4 3725/3/4
f 1495/7/4 3662/7/4 1578/7/4
f 1578/7/4 3662/7/4 3728/7/4
f 1607/12/4 3745/12/4 1604/12/4
f 1604/12/4 3745/12/4 3744/12/4
f 1611/12/4 3775/12/4 1608/12/4
f 1608/12/4 3775/12/4 3773/12/4
f 1619/12/4 3753/12/4 1616/12/4
f 1616/12/4 3753/12/4 3752/12/4
f 4741/12/4 3895/12/4 4742/12/4
f 4742/12/4 3895/12/4 3857/12/4
f 1604/5/4 3744/5/4 1641/5/4
f 1641/5/4 3744/5/4 3771/5/4
f 1570/3/4 3720/3/4 1649/3/4
f 1649/3/4 3720/3/4 3780/3/4
f 1616/5/4 3752/5/4 1652/5/4
f 1652/5/4 3752/5/4 3783/5/4
f 1578/3/4 3728/3/4 1667/3/4
f 1667/3/4 3728/3/4 3789/3/4
f 1637/7/4 3768/7/4 1669/7/4
f 1669/7/4 3768/7/4 3791/7/4
f 1673/12/4 3794/12/4 1671/12/4
f 1671/12/4 3794/12/4 3793/12/4
f 1769/7/4 3846/7/4 1710/7/4
f 1710/7/4 3846/7/4 3817/7/4
f 1774/3/4 3851/3/4 1771/3/4
f 1771/3/4 3851/3/4 3849/3/4
f 1687/12/4 3804/12/4 1685/12/4
f 1685/12/4 3804/12/4 3803/12/4
f 1701/12/4 3811/12/4 1698/12/4
f 1698/12/4 3811/12/4 3810/12/4
f 1763/12/4 3779/12/4 1756/12/4
f 1756/12/4 3779/12/4 3835/12/4
f 4743/12/4 3826/12/4 1732/12/4
f 1732/12/4 3826/12/4 3825/12/4
f 1672/12/4 3832/12/4 1739/12/4
f 1739/12/4 3832/12/4 3831/12/4
f 1649/7/4 3780/7/4 1764/7/4
f 1764/7/4 3780/7/4 3842/7/4
f 1709/7/4 3818/7/4 1767/7/4
f 1767/7/4 3818/7/4 3845/7/4
f 1686/12/4 3854/12/4 1775/12/4
f 1775/12/4 3854/12/4 3853/12/4
f 1803/12/4 3869/12/4 1800/12/4
f 1800/12/4 3869/12/4 3868/12/4
f 1667/7/4 3789/7/4 1804/7/4
f 1804/7/4 3789/7/4 3872/7/4
f 1670/3/4 3792/3/4 1806/3/4
f 1806/3/4 3792/3/4 3874/3/4
f 1805/3/4 3873/3/4 1844/3/4
f 1844/3/4 3873/3/4 3902/3/4
f 1829/12/4 3888/12/4 1826/12/4
f 1826/12/4 3888/12/4 3887/12/4
f 1767/3/4 3845/3/4 1849/3/4
f 1849/3/4 3845/3/4 3907/3/4
f 3879/12/4 3858/12/4 1834/12/4
f 1834/12/4 3858/12/4 3894/12/4
f 1764/3/4 3842/3/4 1846/3/4
f 1846/3/4 3842/3/4 3904/3/4
f 1804/3/4 3872/3/4 1853/3/4
f 1853/3/4 3872/3/4 3911/3/4
f 1843/3/4 3903/3/4 1856/3/4
f 1856/3/4 3903/3/4 3914/3/4
f 1848/7/4 3908/7/4 1860/7/4
f 1860/7/4 3908/7/4 3918/7/4
f 1853/7/4 3911/7/4 1863/7/4
f 1863/7/4 3911/7/4 3921/7/4
f 1869/9/4 3929/9/4 1866/9/4
f 1866/9/4 3929/9/4 3928/9/4
f 1877/9/4 3933/9/4 1874/9/4
f 1874/9/4 3933/9/4 3932/9/4
f 1909/9/4 3961/9/4 1906/9/4
f 1906/9/4 3961/9/4 3960/9/4
f 1918/3/4 3971/3/4 1916/3/4
f 1916/3/4 3971/3/4 3970/3/4
f 1934/9/4 3996/9/4 1931/9/4
f 1931/9/4 3996/9/4 3995/9/4
f 1962/9/4 4012/9/4 1959/9/4
f 1959/9/4 4012/9/4 4011/9/4
f 4042/9/4 4049/9/4 4043/9/4
f 4043/9/4 4049/9/4 4048/9/4
f 2002/9/4 4053/9/4 1999/9/4
f 1999/9/4 4053/9/4 4052/9/4
f 2009/3/4 4065/3/4 2007/3/4
f 2007/3/4 4065/3/4 4064/3/4
f 2056/7/4 4106/7/4 2053/7/4
f 2053/7/4 4106/7/4 4104/7/4
f 1907/3/4 3963/3/4 2043/3/4
f 2043/3/4 3963/3/4 4098/3/4
f 1916/7/4 3970/7/4 2045/7/4
f 2045/7/4 3970/7/4 4100/7/4
f 2054/3/4 4103/3/4 2051/3/4
f 2051/3/4 4103/3/4 4102/3/4
f 2063/9/4 4744/9/4 2060/9/4
f 2060/9/4 4744/9/4 4111/9/4
f 2070/7/4 4120/7/4 2067/7/4
f 2067/7/4 4120/7/4 4118/7/4
f 2045/3/4 4100/3/4 2074/3/4
f 2074/3/4 4100/3/4 4125/3/4
f 2043/7/4 4098/7/4 2064/7/4
f 2064/7/4 4098/7/4 4115/7/4
f 2079/7/4 4129/7/4 2077/7/4
f 2077/7/4 4129/7/4 4128/7/4
f 2088/9/4 4137/9/4 2085/9/4
f 2085/9/4 4137/9/4 4136/9/4
f 2077/3/4 4128/3/4 2089/3/4
f 2089/3/4 4128/3/4 4140/3/4
f 2118/7/4 4172/7/4 2116/7/4
f 2116/7/4 4172/7/4 4170/7/4
f 2066/3/4 4119/3/4 2096/3/4
f 2096/3/4 4119/3/4 4155/3/4
f 2090/3/4 4141/3/4 2111/3/4
f 2111/3/4 4141/3/4 4166/3/4
f 2166/7/4 4217/7/4 2159/7/4
f 2159/7/4 4217/7/4 4211/7/4
f 2202/7/4 4266/7/4 2199/7/4
f 2199/7/4 4266/7/4 4260/7/4
f 2147/9/4 4203/9/4 2144/9/4
f 2144/9/4 4203/9/4 4202/9/4
f 2261/9/4 4324/9/4 4745/9/4
f 4745/9/4 4324/9/4 4323/9/4
f 2460/7/4 4385/7/4 2458/7/4
f 2458/7/4 4385/7/4 4384/7/4
f 2545/7/4 4426/7/4 2543/7/4
f 2543/7/4 4426/7/4 4425/7/4
f 2548/7/4 4429/7/4 2546/7/4
f 2546/7/4 4429/7/4 4428/7/4
f 4746/5/4 4728/5/4 4747/5/4
f 4747/5/4 4728/5/4 4729/5/4
f 4748/5/4 4730/5/4 4749/5/4
f 4749/5/4 4730/5/4 4731/5/4
f 913/5/4 4732/5/4 910/5/4
f 910/5/4 4732/5/4 4733/5/4
f 3332/12/4 873/12/4 3333/12/4
f 3333/12/4 873/12/4 922/12/4
f 3349/12/4 892/12/4 3350/12/4
f 3350/12/4 892/12/4 949/12/4
f 1025/12/4 902/12/4 1135/12/4
f 1135/12/4 902/12/4 958/12/4
f 968/12/4 907/12/4 966/12/4
f 966/12/4 907/12/4 965/12/4
f 974/12/4 1162/12/4 1083/12/4
f 1083/12/4 1162/12/4 3398/12/4
f 4750/5/4 1091/5/4 1170/5/4
f 1170/5/4 1091/5/4 1090/5/4
f 4751/5/4 1123/5/4 1192/5/4
f 1192/5/4 1123/5/4 1122/5/4
f 1156/12/4 1151/12/4 1153/12/4
f 1153/12/4 1151/12/4 1150/12/4
f 1170/12/4 1090/12/4 1167/12/4
f 1167/12/4 1090/12/4 3458/12/4
f 1192/12/4 1122/12/4 1189/12/4
f 1189/12/4 1122/12/4 3472/12/4
f 1154/5/4 1157/5/4 1208/5/4
f 1208/5/4 1157/5/4 1229/5/4
f 4752/5/4 4735/5/4 4753/5/4
f 4753/5/4 4735/5/4 4736/5/4
f 4754/5/4 4737/5/4 4755/5/4
f 4755/5/4 4737/5/4 4738/5/4
f 4756/5/4 4739/5/4 4757/5/4
f 4757/5/4 4739/5/4 4740/5/4
f 3569/12/4 1266/12/4 3570/12/4
f 3570/12/4 1266/12/4 1309/12/4
f 3582/12/4 1297/12/4 3583/12/4
f 3583/12/4 1297/12/4 1336/12/4
f 1396/5/4 1444/5/4 1446/5/4
f 1446/5/4 1444/5/4 1443/5/4
f 4758/5/4 1474/5/4 1531/5/4
f 1531/5/4 1474/5/4 1473/5/4
f 1446/12/4 1443/12/4 1501/12/4
f 1501/12/4 1443/12/4 3668/12/4
f 1527/12/4 1522/12/4 1524/12/4
f 1524/12/4 1522/12/4 1521/12/4
f 1531/12/4 1473/12/4 1528/12/4
f 1528/12/4 1473/12/4 3691/12/4
f 1603/12/4 3742/12/4 1600/12/4
f 1600/12/4 3742/12/4 1633/12/4
f 4759/5/4 4741/5/4 1691/5/4
f 1691/5/4 4741/5/4 4742/5/4
f 1629/5/4 4743/5/4 1627/5/4
f 1627/5/4 4743/5/4 1734/5/4
f 1646/12/4 1605/12/4 1643/12/4
f 1643/12/4 1605/12/4 1642/12/4
f 3787/12/4 1617/12/4 3788/12/4
f 3788/12/4 1617/12/4 1653/12/4
f 1676/12/4 1641/12/4 1674/12/4
f 1674/12/4 1641/12/4 1672/12/4
f 1662/12/4 1719/12/4 3866/12/4
f 3866/12/4 1719/12/4 1718/12/4
f 1738/12/4 1802/12/4 1735/12/4
f 1735/12/4 1802/12/4 3828/12/4
f 1707/5/4 1741/5/4 1743/5/4
f 1743/5/4 1741/5/4 1740/5/4
f 4760/5/4 1777/5/4 1814/5/4
f 1814/5/4 1777/5/4 1776/5/4
f 1743/12/4 1740/12/4 1809/12/4
f 1809/12/4 1740/12/4 3877/12/4
f 1814/12/4 1776/12/4 1811/12/4
f 1811/12/4 1776/12/4 3878/12/4
f 3926/9/4 1868/9/4 3927/9/4
f 3927/9/4 1868/9/4 1867/9/4
f 1881/9/4 1876/9/4 1878/9/4
f 1878/9/4 1876/9/4 1875/9/4
f 1885/9/4 3937/9/4 1882/9/4
f 1882/9/4 3937/9/4 3936/9/4
f 1889/9/4 3945/9/4 1886/9/4
f 1886/9/4 3945/9/4 3944/9/4
f 3989/9/4 1933/9/4 3990/9/4
f 3990/9/4 1933/9/4 1932/9/4
f 1946/9/4 4004/9/4 1943/9/4
f 1943/9/4 4004/9/4 4003/9/4
f 1966/9/4 4016/9/4 1963/9/4
f 1963/9/4 4016/9/4 4015/9/4
f 1986/9/4 4034/9/4 1983/9/4
f 1983/9/4 4034/9/4 4033/9/4
f 1994/9/4 4041/9/4 1991/9/4
f 1991/9/4 4041/9/4 4040/9/4
f 2028/9/4 4082/9/4 2026/9/4
f 2026/9/4 4082/9/4 4081/9/4
f 2050/9/4 4112/9/4 2047/9/4
f 2047/9/4 4112/9/4 4744/9/4
f 2106/9/4 2146/9/4 2103/9/4
f 2103/9/4 2146/9/4 2150/9/4
f 2182/8/4 2177/8/4 2179/8/4
f 2179/8/4 2177/8/4 2176/8/4
f 2312/9/4 2258/9/4 2309/9/4
f 2309/9/4 2258/9/4 4745/9/4
f 2354/13/4 2302/13/4 2351/13/4
f 2351/13/4 2302/13/4 2349/13/4
f 2385/13/4 2348/13/4 2382/13/4
f 2382/13/4 2348/13/4 2574/13/4
f 2389/13/4 2442/13/4 2386/13/4
f 2386/13/4 2442/13/4 2582/13/4
f 2397/9/4 4373/9/4 4533/9/4
f 4533/9/4 4373/9/4 4372/9/4
f 2439/4/4 2404/4/4 2436/4/4
f 2436/4/4 2404/4/4 2571/4/4
f 2450/13/4 2407/13/4 2447/13/4
f 2447/13/4 2407/13/4 2445/13/4
f 2471/13/4 2440/13/4 2468/13/4
f 2468/13/4 2440/13/4 4761/13/4
f 2475/13/4 2444/13/4 2472/13/4
f 2472/13/4 2444/13/4 2587/13/4
f 2507/13/4 2465/13/4 2504/13/4
f 2504/13/4 2465/13/4 2568/13/4
f 2468/4/4 4761/4/4 2508/4/4
f 2508/4/4 4761/4/4 2579/4/4
f 4532/9/4 4414/9/4 4535/9/4
f 4535/9/4 4414/9/4 4413/9/4
f 2534/4/4 2510/4/4 2531/4/4
f 2531/4/4 2510/4/4 2599/4/4
f 2591/13/4 2527/13/4 2588/13/4
f 2588/13/4 2527/13/4 2585/13/4
f 2623/9/4 4462/9/4 2620/9/4
f 2620/9/4 4462/9/4 4461/9/4
f 4762/9/4 326/9/4 4763/9/4
f 4763/9/4 326/9/4 446/9/4
f 4764/9/4 368/9/4 4765/9/4
f 4765/9/4 368/9/4 477/9/4
f 4766/9/4 404/9/4 4767/9/4
f 4767/9/4 404/9/4 506/9/4
f 853/12/4 3286/12/4 850/12/4
f 850/12/4 3286/12/4 3285/12/4
f 863/12/4 3292/12/4 860/12/4
f 860/12/4 3292/12/4 3291/12/4
f 871/12/4 3297/12/4 868/12/4
f 868/12/4 3297/12/4 3296/12/4
f 3283/12/4 4746/12/4 3304/12/4
f 3304/12/4 4746/12/4 4747/12/4
f 897/12/4 4748/12/4 895/12/4
f 895/12/4 4748/12/4 4749/12/4
f 926/5/4 3331/5/4 923/5/4
f 923/5/4 3331/5/4 3330/5/4
f 953/5/4 3348/5/4 950/5/4
f 950/5/4 3348/5/4 3347/5/4
f 1033/12/4 3361/12/4 1030/12/4
f 1030/12/4 3361/12/4 4734/12/4
f 1037/5/4 974/5/4 1034/5/4
f 1034/5/4 974/5/4 1086/5/4
f 1041/12/4 981/12/4 1038/12/4
f 1038/12/4 981/12/4 3390/12/4
f 1063/12/4 1009/12/4 1060/12/4
f 1060/12/4 1009/12/4 3394/12/4
f 1074/12/4 1023/12/4 1071/12/4
f 1071/12/4 1023/12/4 4768/12/4
f 3408/12/4 4750/12/4 3409/12/4
f 3409/12/4 4750/12/4 1170/12/4
f 3432/12/4 4751/12/4 3433/12/4
f 3433/12/4 4751/12/4 1192/12/4
f 1071/5/4 4768/5/4 1137/5/4
f 1137/5/4 4768/5/4 1134/5/4
f 3461/12/4 1169/12/4 1215/12/4
f 1215/12/4 1169/12/4 3488/12/4
f 3475/12/4 1191/12/4 1223/12/4
f 1223/12/4 1191/12/4 3494/12/4
f 1251/12/4 3520/12/4 1248/12/4
f 1248/12/4 3520/12/4 3519/12/4
f 1258/12/4 3526/12/4 1255/12/4
f 1255/12/4 3526/12/4 3525/12/4
f 1262/12/4 3531/12/4 1259/12/4
f 1259/12/4 3531/12/4 3530/12/4
f 3517/12/4 4752/12/4 1367/12/4
f 1367/12/4 4752/12/4 4753/12/4
f 1290/12/4 4754/12/4 1288/12/4
f 1288/12/4 4754/12/4 4755/12/4
f 3528/12/4 4756/12/4 1348/12/4
f 1348/12/4 4756/12/4 4757/12/4
f 1313/5/4 3568/5/4 1310/5/4
f 1310/5/4 3568/5/4 3567/5/4
f 1340/5/4 3581/5/4 1337/5/4
f 1337/5/4 3581/5/4 3580/5/4
f 1310/12/4 1308/12/4 1364/12/4
f 1364/12/4 1308/12/4 1362/12/4
f 4553/12/4 1380/12/4 4769/12/4
f 4769/12/4 1380/12/4 1379/12/4
f 1394/12/4 1361/12/4 1392/12/4
f 1392/12/4 1361/12/4 3608/12/4
f 1416/12/4 1375/12/4 1413/12/4
f 1413/12/4 1375/12/4 3612/12/4
f 4769/12/4 1426/12/4 1428/12/4
f 1428/12/4 1426/12/4 1425/12/4
f 3650/12/4 4758/12/4 3651/12/4
f 3651/12/4 4758/12/4 1531/12/4
f 1555/12/4 1447/12/4 1552/12/4
f 1552/12/4 1447/12/4 3706/12/4
f 3694/12/4 1530/12/4 1566/12/4
f 1566/12/4 1530/12/4 3717/12/4
f 1591/12/4 3736/12/4 1588/12/4
f 1588/12/4 3736/12/4 1610/12/4
f 1599/12/4 3740/12/4 1596/12/4
f 1596/12/4 3740/12/4 3739/12/4
f 1622/12/4 4759/12/4 1620/12/4
f 1620/12/4 4759/12/4 1691/12/4
f 1657/5/4 3786/5/4 1654/5/4
f 1654/5/4 3786/5/4 3785/5/4
f 1684/5/4 1647/5/4 1681/5/4
f 1681/5/4 1647/5/4 3800/5/4
f 1654/12/4 1652/12/4 1714/12/4
f 1714/12/4 1652/12/4 1686/12/4
f 1697/5/4 1665/5/4 1694/5/4
f 1694/5/4 1665/5/4 1693/5/4
f 1705/12/4 1671/12/4 1702/12/4
f 1702/12/4 1671/12/4 3814/12/4
f 1715/12/4 1685/12/4 1712/12/4
f 1712/12/4 1685/12/4 3819/12/4
f 1731/12/4 1698/12/4 1728/12/4
f 1728/12/4 1698/12/4 3823/12/4
f 1716/12/4 4760/12/4 1783/12/4
f 1783/12/4 4760/12/4 1814/12/4
f 1833/12/4 1810/12/4 1830/12/4
f 1830/12/4 1810/12/4 3891/12/4
f 1784/12/4 1813/12/4 1838/12/4
f 1838/12/4 1813/12/4 3897/12/4
f 1938/9/4 3988/9/4 1935/9/4
f 1935/9/4 3988/9/4 3987/9/4
f 1970/9/4 4020/9/4 1967/9/4
f 1967/9/4 4020/9/4 4019/9/4
f 4027/9/4 4030/9/4 4028/9/4
f 4028/9/4 4030/9/4 4029/9/4
f 4046/9/4 1993/9/4 4047/9/4
f 4047/9/4 1993/9/4 1992/9/4
f 2013/1/4 4068/1/4 2010/1/4
f 2010/1/4 4068/1/4 4067/1/4
f 2017/1/4 1883/1/4 2014/1/4
f 2014/1/4 1883/1/4 4070/1/4
f 2021/1/4 4074/1/4 2018/1/4
f 2018/1/4 4074/1/4 4073/1/4
f 2025/1/4 4078/1/4 2022/1/4
f 2022/1/4 4078/1/4 4077/1/4
f 1967/1/4 4086/1/4 2029/1/4
f 2029/1/4 4086/1/4 4085/1/4
f 2035/1/4 1983/1/4 2032/1/4
f 2032/1/4 1983/1/4 4089/1/4
f 2042/1/4 4096/1/4 4576/1/4
f 4576/1/4 4096/1/4 4522/1/4
f 4236/13/4 2181/13/4 4237/13/4
f 4237/13/4 2181/13/4 2180/13/4
f 2369/1/4 4343/1/4 2366/1/4
f 2366/1/4 4343/1/4 4342/1/4
f 2542/1/4 4422/1/4 4565/1/4
f 4565/1/4 4422/1/4 2485/1/4
f 2538/1/4 4420/1/4 2535/1/4
f 2535/1/4 4420/1/4 4419/1/4
f 4564/1/4 4524/1/4 2539/1/4
f 2539/1/4 4524/1/4 4421/1/4
f 4467/2/4 4770/2/4 4771/2/4
f 4771/2/4 4770/2/4 2544/2/4
f 4399/13/4 4772/13/4 4773/13/4
f 4773/13/4 4772/13/4 2547/13/4
f 4774/13/4 4775/13/4 4776/13/4
f 4776/13/4 4775/13/4 2600/13/4
f 2626/9/4 2622/9/4 2624/9/4
f 2624/9/4 2622/9/4 2621/9/4
f 4771/2/4 4427/2/4 4468/2/4
f 4468/2/4 4427/2/4 4469/2/4
f 882/12/4 3284/12/4 878/12/4
f 878/12/4 3284/12/4 3283/12/4
f 859/12/4 3290/12/4 856/12/4
f 856/12/4 3290/12/4 897/12/4
f 867/12/4 3295/12/4 864/12/4
f 864/12/4 3295/12/4 3294/12/4
f 857/12/4 860/12/4 4777/12/4
f 4777/12/4 860/12/4 896/12/4
f 879/12/4 3303/12/4 1095/12/4
f 1095/12/4 3303/12/4 924/12/4
f 3352/12/4 952/12/4 1127/12/4
f 1127/12/4 952/12/4 951/12/4
f 1078/12/4 3354/12/4 4778/12/4
f 4778/12/4 3354/12/4 3353/12/4
f 1096/12/4 921/12/4 4779/12/4
f 4779/12/4 921/12/4 982/12/4
f 1128/12/4 948/12/4 4780/12/4
f 4780/12/4 948/12/4 1010/12/4
f 4778/12/4 960/12/4 4781/12/4
f 4781/12/4 960/12/4 1024/12/4
f 4781/12/4 1073/12/4 1075/12/4
f 1075/12/4 1073/12/4 1072/12/4
f 4779/12/4 1040/12/4 1093/12/4
f 1093/12/4 1040/12/4 3407/12/4
f 4780/12/4 1062/12/4 1125/12/4
f 1125/12/4 1062/12/4 3431/12/4
f 1275/12/4 3518/12/4 1271/12/4
f 1271/12/4 3518/12/4 3517/12/4
f 1303/12/4 3529/12/4 1419/12/4
f 1419/12/4 3529/12/4 3528/12/4
f 1272/12/4 3539/12/4 1269/12/4
f 1269/12/4 3539/12/4 1312/12/4
f 1420/12/4 3560/12/4 1478/12/4
f 1478/12/4 3560/12/4 1338/12/4
f 1301/12/4 1347/12/4 1349/12/4
f 1349/12/4 1347/12/4 1346/12/4
f 1479/12/4 1335/12/4 4782/12/4
f 4782/12/4 1335/12/4 1376/12/4
f 1435/12/4 4783/12/4 1432/12/4
f 1432/12/4 4783/12/4 1429/12/4
f 1405/5/4 1450/5/4 1515/5/4
f 1515/5/4 1450/5/4 1449/5/4
f 4782/12/4 1415/12/4 1476/12/4
f 1476/12/4 1415/12/4 3649/12/4
f 1506/12/4 3671/12/4 1503/12/4
f 1503/12/4 3671/12/4 3670/12/4
f 1515/12/4 3679/12/4 1512/12/4
f 1512/12/4 3679/12/4 3678/12/4
f 1587/12/4 3735/12/4 1584/12/4
f 1584/12/4 3735/12/4 3734/12/4
f 1595/12/4 3738/12/4 1592/12/4
f 1592/12/4 3738/12/4 1622/12/4
f 1724/12/4 1692/12/4 1721/12/4
f 1721/12/4 1692/12/4 3866/12/4
f 1753/12/4 1748/12/4 1750/12/4
f 1750/12/4 1748/12/4 1747/12/4
f 1782/12/4 1713/12/4 1779/12/4
f 1779/12/4 1713/12/4 3856/12/4
f 3942/9/4 3949/9/4 3943/9/4
f 3943/9/4 3949/9/4 3948/9/4
f 3993/9/4 1937/9/4 3994/9/4
f 3994/9/4 1937/9/4 1936/9/4
f 2135/6/4 2099/6/4 2132/6/4
f 2132/6/4 2099/6/4 2131/6/4
f 2217/10/4 4214/10/4 4609/10/4
f 4609/10/4 4214/10/4 4213/10/4
f 2185/8/4 4235/8/4 2183/8/4
f 2183/8/4 4235/8/4 4234/8/4
f 2241/10/4 4248/10/4 4610/10/4
f 4610/10/4 4248/10/4 4247/10/4
f 2273/10/4 4263/10/4 4584/10/4
f 4584/10/4 4263/10/4 4262/10/4
f 2265/11/4 2197/11/4 2262/11/4
f 2262/11/4 2197/11/4 4784/11/4
f 4785/13/4 4786/13/4 4787/13/4
f 4787/13/4 4786/13/4 4772/13/4
f 4788/13/4 4789/13/4 2608/13/4
f 2608/13/4 4789/13/4 4775/13/4
f 2262/2/4 4784/2/4 4790/2/4
f 4790/2/4 4784/2/4 4770/2/4
f 2491/10/4 4398/10/4 2488/10/4
f 2488/10/4 4398/10/4 4397/10/4
f 2519/9/4 4791/9/4 2516/9/4
f 2516/9/4 4791/9/4 4534/9/4
f 2551/10/4 4400/10/4 2549/10/4
f 2549/10/4 4400/10/4 4773/10/4
f 2608/10/4 4774/10/4 2605/10/4
f 2605/10/4 4774/10/4 4776/10/4
f 2630/10/4 4466/10/4 2627/10/4
f 2627/10/4 4466/10/4 4465/10/4
f 886/5/4 4543/5/4 883/5/4
f 883/5/4 4543/5/4 880/5/4
f 901/5/4 857/5/4 898/5/4
f 898/5/4 857/5/4 4777/5/4
f 929/12/4 3334/12/4 927/12/4
f 927/12/4 3334/12/4 1096/12/4
f 956/12/4 3351/12/4 954/12/4
f 954/12/4 3351/12/4 1128/12/4
f 1045/12/4 4792/12/4 1042/12/4
f 1042/12/4 4792/12/4 4793/12/4
f 1066/12/4 4794/12/4 1064/12/4
f 1064/12/4 4794/12/4 4795/12/4
f 1042/5/4 4793/5/4 1097/5/4
f 1097/5/4 4793/5/4 1094/5/4
f 1064/5/4 4795/5/4 1129/5/4
f 1129/5/4 4795/5/4 1126/5/4
f 1142/12/4 3439/12/4 1139/12/4
f 1139/12/4 3439/12/4 1207/12/4
f 1097/12/4 3409/12/4 1171/12/4
f 1171/12/4 3409/12/4 3460/12/4
f 1099/12/4 1175/12/4 1177/12/4
f 1177/12/4 1175/12/4 1174/12/4
f 1129/12/4 3433/12/4 1193/12/4
f 1193/12/4 3433/12/4 3474/12/4
f 1131/12/4 1197/12/4 1199/12/4
f 1199/12/4 1197/12/4 1196/12/4
f 1279/5/4 4550/5/4 1276/5/4
f 1276/5/4 4550/5/4 1273/5/4
f 1316/12/4 1367/12/4 1314/12/4
f 1314/12/4 1367/12/4 1370/12/4
f 1277/12/4 1319/12/4 1320/12/4
f 1320/12/4 1319/12/4 1318/12/4
f 1344/12/4 3584/12/4 1341/12/4
f 1341/12/4 3584/12/4 1479/12/4
f 1385/12/4 4528/12/4 1382/12/4
f 1382/12/4 4528/12/4 4783/12/4
f 1404/12/4 1400/12/4 1401/12/4
f 1401/12/4 1400/12/4 1399/12/4
f 1402/12/4 1405/12/4 1451/12/4
f 1451/12/4 1405/12/4 1515/12/4
f 1483/5/4 1417/5/4 1480/5/4
f 1480/5/4 1417/5/4 1477/5/4
f 1480/12/4 3651/12/4 1532/12/4
f 1532/12/4 3651/12/4 3693/12/4
f 1539/12/4 1536/12/4 1537/12/4
f 1537/12/4 1536/12/4 1535/12/4
f 1761/12/4 1752/12/4 1758/12/4
f 1758/12/4 1752/12/4 1751/12/4
f 1794/12/4 3862/12/4 1791/12/4
f 1791/12/4 3862/12/4 1825/12/4
f 1817/12/4 1785/12/4 1815/12/4
f 1815/12/4 1785/12/4 4529/12/4
f 1873/9/4 3925/9/4 1870/9/4
f 1870/9/4 3925/9/4 3924/9/4
f 1897/9/4 3941/9/4 1894/9/4
f 1894/9/4 3941/9/4 3940/9/4
f 1905/9/4 3953/9/4 1902/9/4
f 1902/9/4 3953/9/4 3952/9/4
f 1913/9/4 3965/9/4 1910/9/4
f 1910/9/4 3965/9/4 3964/9/4
f 1922/9/4 3973/9/4 1919/9/4
f 1919/9/4 3973/9/4 2021/9/4
f 1930/9/4 3976/9/4 1927/9/4
f 1927/9/4 3976/9/4 3975/9/4
f 1942/9/4 3992/9/4 1939/9/4
f 1939/9/4 3992/9/4 3991/9/4
f 1950/9/4 4000/9/4 1947/9/4
f 1947/9/4 4000/9/4 3999/9/4
f 1958/9/4 4008/9/4 1955/9/4
f 1955/9/4 4008/9/4 4007/9/4
f 1978/9/4 1969/9/4 1975/9/4
f 1975/9/4 1969/9/4 1968/9/4
f 1982/9/4 4026/9/4 1979/9/4
f 1979/9/4 4026/9/4 4025/9/4
f 1990/9/4 4037/9/4 1987/9/4
f 1987/9/4 4037/9/4 2035/9/4
f 1998/9/4 4045/9/4 1995/9/4
f 1995/9/4 4045/9/4 4044/9/4
f 2006/9/4 4057/9/4 2003/9/4
f 2003/9/4 4057/9/4 4056/9/4
f 2039/9/4 4092/9/4 2036/9/4
f 2036/9/4 4092/9/4 4091/9/4
f 2279/2/4 4796/2/4 2276/2/4
f 2276/2/4 4796/2/4 2201/2/4
f 2316/9/4 4300/9/4 4797/9/4
f 4797/9/4 4300/9/4 4299/9/4
f 2277/8/4 4558/8/4 2274/8/4
f 2274/8/4 4558/8/4 2271/8/4
f 2288/1/4 2283/1/4 2285/1/4
f 2285/1/4 2283/1/4 2282/1/4
f 4797/9/4 4320/9/4 2313/9/4
f 2313/9/4 4320/9/4 4319/9/4
f 2421/9/4 2537/9/4 2418/9/4
f 2418/9/4 2537/9/4 4530/9/4
f 2483/9/4 4531/9/4 2480/9/4
f 2480/9/4 4531/9/4 4791/9/4
f 4798/1/4 212/1/4 4799/1/4
f 4799/1/4 212/1/4 326/1/4
f 4800/1/4 255/1/4 4801/1/4
f 4801/1/4 255/1/4 368/1/4
f 4802/1/4 294/1/4 4803/1/4
f 4803/1/4 294/1/4 404/1/4
f 995/12/4 883/12/4 4587/12/4
f 4587/12/4 883/12/4 928/12/4
f 987/12/4 1095/12/4 984/12/4
f 984/12/4 1095/12/4 4792/12/4
f 1015/12/4 1127/12/4 1012/12/4
f 1012/12/4 1127/12/4 4794/12/4
f 1022/12/4 955/12/4 1019/12/4
f 1019/12/4 955/12/4 1017/12/4
f 985/12/4 1044/12/4 1046/12/4
f 1046/12/4 1044/12/4 1043/12/4
f 1047/12/4 1100/12/4 1101/12/4
f 1101/12/4 1100/12/4 1099/12/4
f 2154/11/4 2107/11/4 2151/11/4
f 2151/11/4 2107/11/4 4796/11/4
f 2269/8/4 2264/8/4 2266/8/4
f 2266/8/4 2264/8/4 2263/8/4
f 2326/13/4 4804/13/4 4805/13/4
f 4805/13/4 4804/13/4 4786/13/4
f 2792/9/4 4798/9/4 4806/9/4
f 4806/9/4 4798/9/4 4799/9/4
f 2821/9/4 4800/9/4 4807/9/4
f 4807/9/4 4800/9/4 4801/9/4
f 2846/9/4 4802/9/4 4808/9/4
f 4808/9/4 4802/9/4 4803/9/4
f 4806/1/4 4762/1/4 3037/1/4
f 3037/1/4 4762/1/4 4763/1/4
f 4807/1/4 4764/1/4 3061/1/4
f 3061/1/4 4764/1/4 4765/1/4
f 4808/1/4 4766/1/4 3085/1/4
f 3085/1/4 4766/1/4 4767/1/4
f 991/12/4 986/12/4 988/12/4
f 988/12/4 986/12/4 985/12/4
f 2373/13/4 2323/13/4 2370/13/4
f 2370/13/4 2323/13/4 4805/13/4
f 2428/8/4 2398/8/4 2425/8/4
f 2425/8/4 2398/8/4 4790/8/4
f 4597/12/4 2797/12/4 2721/12/4
f 2721/12/4 2797/12/4 2791/12/4
f 2670/12/4 2869/12/4 2724/12/4
f 2724/12/4 2869/12/4 2801/12/4
f 4600/12/4 2826/12/4 2743/12/4
f 2743/12/4 2826/12/4 2820/12/4
f 2688/12/4 2900/12/4 2746/12/4
f 2746/12/4 2900/12/4 2830/12/4
f 4603/12/4 2851/12/4 2765/12/4
f 2765/12/4 2851/12/4 2845/12/4
f 2706/12/4 2925/12/4 2768/12/4
f 2768/12/4 2925/12/4 2855/12/4
f 2718/5/4 2790/5/4 2788/5/4
f 2788/5/4 2790/5/4 2789/5/4
f 2740/5/4 2819/5/4 2817/5/4
f 2817/5/4 2819/5/4 2818/5/4
f 2762/5/4 2844/5/4 2842/5/4
f 2842/5/4 2844/5/4 2843/5/4
f 2788/12/4 2789/12/4 2864/12/4
f 2864/12/4 2789/12/4 2953/12/4
f 2817/12/4 2818/12/4 2895/12/4
f 2895/12/4 2818/12/4 2981/12/4
f 2842/12/4 2843/12/4 2920/12/4
f 2920/12/4 2843/12/4 3007/12/4
f 3033/12/4 2954/12/4 3034/12/4
f 3034/12/4 2954/12/4 3035/12/4
f 3057/12/4 2982/12/4 3058/12/4
f 3058/12/4 2982/12/4 3059/12/4
f 3081/12/4 3008/12/4 3082/12/4
f 3082/12/4 3008/12/4 3083/12/4
f 3101/12/4 3036/12/4 3102/12/4
f 3102/12/4 3036/12/4 3105/12/4
f 3110/12/4 3113/12/4 3111/12/4
f 3111/12/4 3113/12/4 3112/12/4
f 3130/12/4 3060/12/4 3131/12/4
f 3131/12/4 3060/12/4 3134/12/4
f 3139/12/4 3142/12/4 3140/12/4
f 3140/12/4 3142/12/4 3141/12/4
f 3152/12/4 3084/12/4 3153/12/4
f 3153/12/4 3084/12/4 3156/12/4
f 3161/12/4 3164/12/4 3162/12/4
f 3162/12/4 3164/12/4 3163/12/4
f 4240/13/4 4196/13/4 4241/13/4
f 4241/13/4 4196/13/4 4242/13/4
f 4287/13/4 2176/13/4 4288/13/4
f 4288/13/4 2176/13/4 2231/13/4
f 2661/12/4 2719/12/4 2662/12/4
f 2662/12/4 2719/12/4 2787/12/4
f 2668/12/4 2671/12/4 2669/12/4
f 2669/12/4 2671/12/4 2670/12/4
f 2679/12/4 2741/12/4 2680/12/4
f 2680/12/4 2741/12/4 2816/12/4
f 2686/12/4 2689/12/4 2687/12/4
f 2687/12/4 2689/12/4 2688/12/4
f 2697/12/4 2763/12/4 2698/12/4
f 2698/12/4 2763/12/4 2841/12/4
f 2704/12/4 2707/12/4 2705/12/4
f 2705/12/4 2707/12/4 2706/12/4
f 2783/12/4 4809/12/4 2784/12/4
f 2784/12/4 4809/12/4 2785/12/4
f 2812/12/4 4810/12/4 2813/12/4
f 2813/12/4 4810/12/4 2814/12/4
f 2837/12/4 4811/12/4 2838/12/4
f 2838/12/4 4811/12/4 2839/12/4
f 2949/12/4 2952/12/4 2950/12/4
f 2950/12/4 2952/12/4 2951/12/4
f 2977/12/4 2980/12/4 2978/12/4
f 2978/12/4 2980/12/4 2979/12/4
f 3003/12/4 3006/12/4 3004/12/4
f 3004/12/4 3006/12/4 3005/12/4
f 2950/5/4 3032/5/4 3027/5/4
f 3027/5/4 3032/5/4 3031/5/4
f 2978/5/4 3056/5/4 3051/5/4
f 3051/5/4 3056/5/4 3055/5/4
f 3004/5/4 3080/5/4 3075/5/4
f 3075/5/4 3080/5/4 3079/5/4
f 3027/12/4 3031/12/4 4812/12/4
f 4812/12/4 3031/12/4 3100/12/4
f 3051/12/4 3055/12/4 4813/12/4
f 4813/12/4 3055/12/4 3129/12/4
f 3075/12/4 3079/12/4 4814/12/4
f 4814/12/4 3079/12/4 3151/12/4
f 702/12/4 4594/12/4 699/12/4
f 699/12/4 4594/12/4 3189/12/4
f 731/12/4 4595/12/4 728/12/4
f 728/12/4 4595/12/4 3206/12/4
f 760/12/4 4596/12/4 757/12/4
f 757/12/4 4596/12/4 3223/12/4
f 4190/6/4 4197/6/4 4191/6/4
f 4191/6/4 4197/6/4 4196/6/4
f 4229/8/4 4239/8/4 4230/8/4
f 4230/8/4 4239/8/4 4238/8/4
f 4275/8/4 4556/8/4 4276/8/4
f 4276/8/4 4556/8/4 2215/8/4
f 4230/13/4 4238/13/4 4284/13/4
f 4284/13/4 4238/13/4 4286/13/4
f 4292/8/4 4557/8/4 4293/8/4
f 4293/8/4 4557/8/4 2239/8/4
f 4815/8/4 4785/8/4 4433/8/4
f 4433/8/4 4785/8/4 4787/8/4
f 4816/8/4 4788/8/4 4447/8/4
f 4447/8/4 4788/8/4 2608/8/4
f 40/12/4 2660/12/4 37/12/4
f 37/12/4 2660/12/4 2659/12/4
f 60/12/4 2678/12/4 57/12/4
f 57/12/4 2678/12/4 2677/12/4
f 80/12/4 2696/12/4 77/12/4
f 77/12/4 2696/12/4 2695/12/4
f 37/12/4 2786/12/4 2714/12/4
f 2714/12/4 2786/12/4 4809/12/4
f 57/12/4 2815/12/4 2736/12/4
f 2736/12/4 2815/12/4 4810/12/4
f 77/12/4 2840/12/4 2758/12/4
f 2758/12/4 2840/12/4 4811/12/4
f 196/12/4 2780/12/4 193/12/4
f 193/12/4 2780/12/4 2779/12/4
f 239/12/4 2809/12/4 236/12/4
f 236/12/4 2809/12/4 2808/12/4
f 278/12/4 2834/12/4 275/12/4
f 275/12/4 2834/12/4 2833/12/4
f 194/12/4 2862/12/4 436/12/4
f 436/12/4 2862/12/4 2861/12/4
f 237/12/4 2893/12/4 467/12/4
f 467/12/4 2893/12/4 2892/12/4
f 276/12/4 2918/12/4 496/12/4
f 496/12/4 2918/12/4 2917/12/4
f 437/12/4 2948/12/4 434/12/4
f 434/12/4 2948/12/4 2947/12/4
f 468/12/4 2976/12/4 465/12/4
f 465/12/4 2976/12/4 2975/12/4
f 497/12/4 3002/12/4 494/12/4
f 494/12/4 3002/12/4 3001/12/4
f 4817/5/4 3027/5/4 3178/5/4
f 3178/5/4 3027/5/4 4812/5/4
f 4818/5/4 3051/5/4 3195/5/4
f 3195/5/4 3051/5/4 4813/5/4
f 4819/5/4 3075/5/4 3212/5/4
f 3212/5/4 3075/5/4 4814/5/4
f 3179/12/4 3185/12/4 3180/12/4
f 3180/12/4 3185/12/4 3184/12/4
f 3196/12/4 3202/12/4 3197/12/4
f 3197/12/4 3202/12/4 3201/12/4
f 3213/12/4 3219/12/4 3214/12/4
f 3214/12/4 3219/12/4 3218/12/4
f 776/12/4 4606/12/4 773/12/4
f 773/12/4 4606/12/4 3235/12/4
f 786/12/4 3239/12/4 783/12/4
f 783/12/4 3239/12/4 3238/12/4
f 800/12/4 4607/12/4 797/12/4
f 797/12/4 4607/12/4 3249/12/4
f 810/12/4 3253/12/4 807/12/4
f 807/12/4 3253/12/4 3252/12/4
f 822/12/4 4608/12/4 819/12/4
f 819/12/4 4608/12/4 3261/12/4
f 832/12/4 3265/12/4 829/12/4
f 829/12/4 3265/12/4 3264/12/4
f 4186/6/4 4189/6/4 4187/6/4
f 4187/6/4 4189/6/4 4188/6/4
f 4221/13/4 4820/13/4 4222/13/4
f 4222/13/4 4820/13/4 2165/13/4
f 4219/6/4 2157/6/4 4272/6/4
f 4272/6/4 2157/6/4 4821/6/4
f 4272/13/4 4821/13/4 4822/13/4
f 4822/13/4 4821/13/4 4804/13/4
f 4822/13/4 4349/13/4 4823/13/4
f 4823/13/4 4349/13/4 4348/13/4
f 4314/13/4 2304/13/4 4824/13/4
f 4824/13/4 2304/13/4 4789/13/4
f 4823/13/4 4815/13/4 4825/13/4
f 4825/13/4 4815/13/4 4433/13/4
f 4824/13/4 4816/13/4 4826/13/4
f 4826/13/4 4816/13/4 4447/13/4
f 4825/8/4 4433/8/4 4827/8/4
f 4827/8/4 4433/8/4 4432/8/4
f 4826/8/4 4447/8/4 4828/8/4
f 4828/8/4 4447/8/4 4446/8/4
f 2664/12/4 39/12/4 2665/12/4
f 2665/12/4 39/12/4 38/12/4
f 2682/12/4 59/12/4 2683/12/4
f 2683/12/4 59/12/4 58/12/4
f 2700/12/4 79/12/4 2701/12/4
f 2701/12/4 79/12/4 78/12/4
f 100/12/4 2713/12/4 316/12/4
f 316/12/4 2713/12/4 194/12/4
f 132/12/4 2735/12/4 358/12/4
f 358/12/4 2735/12/4 237/12/4
f 164/12/4 2757/12/4 394/12/4
f 394/12/4 2757/12/4 276/12/4
f 317/12/4 193/12/4 314/12/4
f 314/12/4 193/12/4 437/12/4
f 359/12/4 236/12/4 356/12/4
f 356/12/4 236/12/4 468/12/4
f 395/12/4 275/12/4 392/12/4
f 392/12/4 275/12/4 497/12/4
f 315/5/4 436/5/4 2946/5/4
f 2946/5/4 436/5/4 435/5/4
f 357/5/4 467/5/4 2974/5/4
f 2974/5/4 467/5/4 466/5/4
f 393/5/4 496/5/4 3000/5/4
f 3000/5/4 496/5/4 495/5/4
f 681/12/4 3178/12/4 678/12/4
f 678/12/4 3178/12/4 3177/12/4
f 710/12/4 3195/12/4 707/12/4
f 707/12/4 3195/12/4 3194/12/4
f 739/12/4 3212/12/4 736/12/4
f 736/12/4 3212/12/4 3211/12/4
f 4648/6/4 2091/6/4 4176/6/4
f 4176/6/4 2091/6/4 4820/6/4
f 2164/4/4 4271/4/4 4309/4/4
f 4309/4/4 4271/4/4 4270/4/4
f 4829/13/4 4313/13/4 4335/13/4
f 4335/13/4 4313/13/4 4312/13/4
f 4310/6/4 4272/6/4 2552/6/4
f 2552/6/4 4272/6/4 4827/6/4
f 4336/6/4 4315/6/4 4830/6/4
f 4830/6/4 4315/6/4 4828/6/4
f 4/12/4 2636/12/4 1/12/4
f 1/12/4 2636/12/4 2635/12/4
f 12/12/4 2640/12/4 9/12/4
f 9/12/4 2640/12/4 2639/12/4
f 16/12/4 2644/12/4 13/12/4
f 13/12/4 2644/12/4 2643/12/4
f 24/12/4 2648/12/4 21/12/4
f 21/12/4 2648/12/4 2647/12/4
f 28/12/4 2652/12/4 25/12/4
f 25/12/4 2652/12/4 2651/12/4
f 36/12/4 2656/12/4 33/12/4
f 33/12/4 2656/12/4 2655/12/4
f 44/12/4 2663/12/4 2717/12/4
f 2717/12/4 2663/12/4 98/12/4
f 64/12/4 2681/12/4 2739/12/4
f 2739/12/4 2681/12/4 130/12/4
f 84/12/4 2699/12/4 2761/12/4
f 2761/12/4 2699/12/4 162/12/4
f 4831/12/4 4817/12/4 4832/12/4
f 4832/12/4 4817/12/4 3178/12/4
f 4833/12/4 4818/12/4 4834/12/4
f 4834/12/4 4818/12/4 3195/12/4
f 4835/12/4 4819/12/4 4836/12/4
f 4836/12/4 4819/12/4 3212/12/4
f 4837/5/4 680/5/4 4838/5/4
f 4838/5/4 680/5/4 679/5/4
f 4839/5/4 709/5/4 4840/5/4
f 4840/5/4 709/5/4 708/5/4
f 4841/5/4 738/5/4 4842/5/4
f 4842/5/4 738/5/4 737/5/4
f 2220/4/4 4174/4/4 2212/4/4
f 2212/4/4 4174/4/4 2162/4/4
f 2143/4/4 4200/4/4 4843/4/4
f 4843/4/4 4200/4/4 2188/4/4
f 2249/4/4 2244/4/4 2246/4/4
f 2246/4/4 2244/4/4 2243/4/4
f 2257/4/4 2252/4/4 2254/4/4
f 2254/4/4 2252/4/4 2251/4/4
f 2293/4/4 2161/4/4 2291/4/4
f 2291/4/4 2161/4/4 4308/4/4
f 4844/13/4 2333/13/4 2380/13/4
f 2380/13/4 2333/13/4 2332/13/4
f 4845/13/4 4335/13/4 4846/13/4
f 4846/13/4 4335/13/4 4334/13/4
f 4328/13/4 4311/13/4 4847/13/4
f 4847/13/4 4311/13/4 2555/13/4
f 104/12/4 2716/12/4 101/12/4
f 101/12/4 2716/12/4 2715/12/4
f 136/12/4 2738/12/4 133/12/4
f 133/12/4 2738/12/4 2737/12/4
f 168/12/4 2760/12/4 165/12/4
f 165/12/4 2760/12/4 2759/12/4
f 101/12/4 97/12/4 2860/12/4
f 2860/12/4 97/12/4 315/12/4
f 133/12/4 129/12/4 2891/12/4
f 2891/12/4 129/12/4 357/12/4
f 165/12/4 161/12/4 2916/12/4
f 2916/12/4 161/12/4 393/12/4
f 4848/12/4 3026/12/4 4849/12/4
f 4849/12/4 3026/12/4 3025/12/4
f 4850/12/4 3050/12/4 4851/12/4
f 4851/12/4 3050/12/4 3049/12/4
f 4852/12/4 3074/12/4 4853/12/4
f 4853/12/4 3074/12/4 3073/12/4
f 4854/5/4 4831/5/4 3182/5/4
f 3182/5/4 4831/5/4 4832/5/4
f 4855/5/4 4833/5/4 3199/5/4
f 3199/5/4 4833/5/4 4834/5/4
f 4856/5/4 4835/5/4 3216/5/4
f 3216/5/4 4835/5/4 4836/5/4
f 3183/12/4 4837/12/4 772/12/4
f 772/12/4 4837/12/4 4838/12/4
f 3200/12/4 4839/12/4 796/12/4
f 796/12/4 4839/12/4 4840/12/4
f 3217/12/4 4841/12/4 818/12/4
f 818/12/4 4841/12/4 4842/12/4
f 772/12/4 679/12/4 769/12/4
f 769/12/4 679/12/4 3232/12/4
f 782/12/4 775/12/4 779/12/4
f 779/12/4 775/12/4 774/12/4
f 796/12/4 708/12/4 793/12/4
f 793/12/4 708/12/4 3246/12/4
f 806/12/4 799/12/4 803/12/4
f 803/12/4 799/12/4 798/12/4
f 818/12/4 737/12/4 815/12/4
f 815/12/4 737/12/4 3258/12/4
f 828/12/4 821/12/4 825/12/4
f 825/12/4 821/12/4 820/12/4
f 2122/4/4 2219/4/4 2119/4/4
f 2119/4/4 2219/4/4 2222/4/4
f 4857/13/4 2169/13/4 4858/13/4
f 4858/13/4 2169/13/4 2168/13/4
f 2301/4/4 2140/4/4 4246/4/4
f 4246/4/4 2140/4/4 4843/4/4
f 2322/4/4 2210/4/4 2320/4/4
f 2320/4/4 2210/4/4 4327/4/4
f 2337/4/4 4844/4/4 2335/4/4
f 2335/4/4 4844/4/4 2380/4/4
f 2321/13/4 4329/13/4 2492/13/4
f 2492/13/4 4329/13/4 4847/13/4
f 2359/13/4 4337/13/4 4859/13/4
f 4859/13/4 4337/13/4 4830/13/4
f 8/12/4 3/12/4 5/12/4
f 5/12/4 3/12/4 2/12/4
f 20/12/4 15/12/4 17/12/4
f 17/12/4 15/12/4 14/12/4
f 32/12/4 27/12/4 29/12/4
f 29/12/4 27/12/4 26/12/4
f 200/12/4 2859/12/4 441/12/4
f 441/12/4 2859/12/4 2858/12/4
f 243/12/4 2890/12/4 472/12/4
f 472/12/4 2890/12/4 2889/12/4
f 282/12/4 2915/12/4 501/12/4
f 501/12/4 2915/12/4 2914/12/4
f 441/12/4 314/12/4 438/12/4
f 438/12/4 314/12/4 2945/12/4
f 472/12/4 356/12/4 469/12/4
f 469/12/4 356/12/4 2973/12/4
f 501/12/4 392/12/4 498/12/4
f 498/12/4 392/12/4 2999/12/4
f 439/5/4 4848/5/4 3098/5/4
f 3098/5/4 4848/5/4 4849/5/4
f 470/5/4 4850/5/4 3127/5/4
f 3127/5/4 4850/5/4 4851/5/4
f 499/5/4 4852/5/4 3149/5/4
f 3149/5/4 4852/5/4 4853/5/4
f 3099/12/4 4854/12/4 682/12/4
f 682/12/4 4854/12/4 3181/12/4
f 3128/12/4 4855/12/4 711/12/4
f 711/12/4 4855/12/4 3198/12/4
f 3150/12/4 4856/12/4 740/12/4
f 740/12/4 4856/12/4 3215/12/4
f 2126/4/4 2121/4/4 2123/4/4
f 2123/4/4 2121/4/4 2120/4/4
f 2226/4/4 4857/4/4 4860/4/4
f 4860/4/4 4857/4/4 4858/4/4
f 2347/4/4 4245/4/4 2343/4/4
f 2343/4/4 4245/4/4 4244/4/4
f 4860/4/4 2168/4/4 2224/4/4
f 2224/4/4 2168/4/4 2223/4/4
f 2344/4/4 2234/4/4 2340/4/4
f 2340/4/4 2234/4/4 2233/4/4
f 2341/4/4 4829/4/4 4861/4/4
f 4861/4/4 4829/4/4 4335/4/4
f 2330/4/4 2294/4/4 2327/4/4
f 2327/4/4 2294/4/4 2321/4/4
f 4861/4/4 4845/4/4 2338/4/4
f 2338/4/4 4845/4/4 4846/4/4
f 2365/4/4 2360/4/4 4366/4/4
f 4366/4/4 2360/4/4 4862/4/4
f 4362/13/4 4347/13/4 4402/13/4
f 4402/13/4 4347/13/4 2495/13/4
f 4403/13/4 2494/13/4 4404/13/4
f 4404/13/4 2494/13/4 2493/13/4
f 4366/13/4 4862/13/4 4863/13/4
f 4863/13/4 4862/13/4 4859/13/4
f 48/12/4 43/12/4 45/12/4
f 45/12/4 43/12/4 42/12/4
f 68/12/4 63/12/4 65/12/4
f 65/12/4 63/12/4 62/12/4
f 88/12/4 83/12/4 85/12/4
f 85/12/4 83/12/4 82/12/4
f 4864/12/4 103/12/4 4865/12/4
f 4865/12/4 103/12/4 102/12/4
f 4866/12/4 135/12/4 4867/12/4
f 4867/12/4 135/12/4 134/12/4
f 4868/12/4 167/12/4 4869/12/4
f 4869/12/4 167/12/4 166/12/4
f 321/12/4 197/12/4 318/12/4
f 318/12/4 197/12/4 441/12/4
f 363/12/4 240/12/4 360/12/4
f 360/12/4 240/12/4 472/12/4
f 399/12/4 279/12/4 396/12/4
f 396/12/4 279/12/4 501/12/4
f 604/12/4 439/12/4 601/12/4
f 601/12/4 439/12/4 3097/12/4
f 632/12/4 470/12/4 629/12/4
f 629/12/4 470/12/4 3126/12/4
f 653/12/4 499/12/4 650/12/4
f 650/12/4 499/12/4 3148/12/4
f 689/5/4 684/5/4 686/5/4
f 686/5/4 684/5/4 683/5/4
f 718/5/4 713/5/4 715/5/4
f 715/5/4 713/5/4 712/5/4
f 747/5/4 742/5/4 744/5/4
f 744/5/4 742/5/4 741/5/4
f 687/12/4 771/12/4 777/12/4
f 777/12/4 771/12/4 770/12/4
f 716/12/4 795/12/4 801/12/4
f 801/12/4 795/12/4 794/12/4
f 745/12/4 817/12/4 823/12/4
f 823/12/4 817/12/4 816/12/4
f 2377/4/4 4346/4/4 2374/4/4
f 2374/4/4 4346/4/4 4345/4/4
f 2393/4/4 2362/4/4 2390/4/4
f 2390/4/4 2362/4/4 4366/4/4
f 2413/4/4 4365/4/4 2411/4/4
f 2411/4/4 4365/4/4 4364/4/4
f 4378/13/4 4363/13/4 4870/13/4
f 4870/13/4 4363/13/4 4401/13/4
f 2412/13/4 4367/13/4 4871/13/4
f 4871/13/4 4367/13/4 4863/13/4
f 4872/5/4 4864/5/4 203/5/4
f 203/5/4 4864/5/4 4865/5/4
f 4873/5/4 4866/5/4 246/5/4
f 246/5/4 4866/5/4 4867/5/4
f 4874/5/4 4868/5/4 285/5/4
f 285/5/4 4868/5/4 4869/5/4
f 204/12/4 199/12/4 201/12/4
f 201/12/4 199/12/4 198/12/4
f 247/12/4 242/12/4 244/12/4
f 244/12/4 242/12/4 241/12/4
f 286/12/4 281/12/4 283/12/4
f 283/12/4 281/12/4 280/12/4
f 202/5/4 320/5/4 322/5/4
f 322/5/4 320/5/4 319/5/4
f 245/5/4 362/5/4 364/5/4
f 364/5/4 362/5/4 361/5/4
f 284/5/4 398/5/4 400/5/4
f 400/5/4 398/5/4 397/5/4
f 444/12/4 440/12/4 442/12/4
f 442/12/4 440/12/4 439/12/4
f 475/12/4 471/12/4 473/12/4
f 473/12/4 471/12/4 470/12/4
f 504/12/4 500/12/4 502/12/4
f 502/12/4 500/12/4 499/12/4
f 528/12/4 603/12/4 526/12/4
f 526/12/4 603/12/4 4875/12/4
f 554/12/4 631/12/4 552/12/4
f 552/12/4 631/12/4 4876/12/4
f 580/12/4 652/12/4 578/12/4
f 578/12/4 652/12/4 4877/12/4
f 526/5/4 4875/5/4 605/5/4
f 605/5/4 4875/5/4 602/5/4
f 552/5/4 4876/5/4 633/5/4
f 633/5/4 4876/5/4 630/5/4
f 578/5/4 4877/5/4 654/5/4
f 654/5/4 4877/5/4 651/5/4
f 692/12/4 688/12/4 690/12/4
f 690/12/4 688/12/4 687/12/4
f 721/12/4 717/12/4 719/12/4
f 719/12/4 717/12/4 716/12/4
f 750/12/4 746/12/4 748/12/4
f 748/12/4 746/12/4 745/12/4
f 2403/4/4 4361/4/4 2400/4/4
f 2400/4/4 4361/4/4 4360/4/4
f 2453/4/4 2390/4/4 2451/4/4
f 2451/4/4 2390/4/4 4878/4/4
f 4389/13/4 4379/13/4 2496/13/4
f 2496/13/4 4379/13/4 4870/13/4
f 2559/13/4 4437/13/4 2556/13/4
f 2556/13/4 4437/13/4 4436/13/4
f 2451/13/4 4878/13/4 4879/13/4
f 4879/13/4 4878/13/4 4871/13/4
f 218/12/4 107/12/4 210/12/4
f 210/12/4 107/12/4 106/12/4
f 116/5/4 111/5/4 113/5/4
f 113/5/4 111/5/4 110/5/4
f 261/12/4 139/12/4 253/12/4
f 253/12/4 139/12/4 138/12/4
f 148/5/4 143/5/4 145/5/4
f 145/5/4 143/5/4 142/5/4
f 300/12/4 171/12/4 292/12/4
f 292/12/4 171/12/4 170/12/4
f 180/5/4 175/5/4 177/5/4
f 177/5/4 175/5/4 174/5/4
f 208/12/4 4872/12/4 205/12/4
f 205/12/4 4872/12/4 202/12/4
f 251/12/4 4873/12/4 248/12/4
f 248/12/4 4873/12/4 245/12/4
f 290/12/4 4874/12/4 287/12/4
f 287/12/4 4874/12/4 284/12/4
f 206/12/4 324/12/4 529/12/4
f 529/12/4 324/12/4 527/12/4
f 249/12/4 366/12/4 555/12/4
f 555/12/4 366/12/4 553/12/4
f 288/12/4 402/12/4 581/12/4
f 581/12/4 402/12/4 579/12/4
f 531/12/4 610/12/4 612/12/4
f 612/12/4 610/12/4 609/12/4
f 557/12/4 638/12/4 640/12/4
f 640/12/4 638/12/4 637/12/4
f 583/12/4 659/12/4 661/12/4
f 661/12/4 659/12/4 658/12/4
f 2432/4/4 4377/4/4 2429/4/4
f 2429/4/4 4377/4/4 4376/4/4
f 2457/4/4 2414/4/4 2454/4/4
f 2454/4/4 2414/4/4 2452/4/4
f 4880/13/4 2498/13/4 4881/13/4
f 4881/13/4 2498/13/4 2497/13/4
f 4407/13/4 4392/13/4 4882/13/4
f 4882/13/4 4392/13/4 4879/13/4
f 224/12/4 4711/12/4 221/12/4
f 221/12/4 4711/12/4 216/12/4
f 267/12/4 4712/12/4 264/12/4
f 264/12/4 4712/12/4 259/12/4
f 306/12/4 4713/12/4 303/12/4
f 303/12/4 4713/12/4 298/12/4
f 330/12/4 209/12/4 328/12/4
f 328/12/4 209/12/4 449/12/4
f 372/12/4 252/12/4 370/12/4
f 370/12/4 252/12/4 480/12/4
f 408/12/4 291/12/4 406/12/4
f 406/12/4 291/12/4 509/12/4
f 329/12/4 331/12/4 535/12/4
f 535/12/4 331/12/4 531/12/4
f 371/12/4 373/12/4 561/12/4
f 561/12/4 373/12/4 557/12/4
f 407/12/4 409/12/4 587/12/4
f 587/12/4 409/12/4 583/12/4
f 2464/4/4 4388/4/4 2461/4/4
f 2461/4/4 4388/4/4 4387/4/4
f 2515/4/4 4391/4/4 4883/4/4
f 4883/4/4 4391/4/4 4390/4/4
f 4883/4/4 4406/4/4 2513/4/4
f 2513/4/4 4406/4/4 4405/4/4
f 4884/13/4 2554/13/4 4885/13/4
f 4885/13/4 2554/13/4 4417/13/4
f 2604/13/4 4408/13/4 2602/13/4
f 2602/13/4 4408/13/4 4882/13/4
f 2503/4/4 4880/4/4 2500/4/4
f 2500/4/4 4880/4/4 4881/4/4
f 2619/4/4 4410/4/4 4886/4/4
f 4886/4/4 4410/4/4 4409/4/4
f 2500/4/4 4884/4/4 4726/4/4
f 4726/4/4 4884/4/4 4885/4/4
f 4886/4/4 4458/4/4 4727/4/4
f 4727/4/4 4458/4/4 4455/4/4
f 2562/4/4 4441/4/4 2560/4/4
f 2560/4/4 4441/4/4 4440/4/4
f 2612/4/4 4454/4/4 2609/4/4
f 2609/4/4 4454/4/4 2603/4/4
f 4094/9/5 2037/9/5 4091/9/5
f 4091/9/5 2037/9/5 2036/9/5
f 3931/9/5 4887/9/5 3928/9/5
f 3928/9/5 4887/9/5 1866/9/5
f 4887/9/5 4068/9/5 1867/9/5
f 1867/9/5 4068/9/5 3927/9/5
f 4097/1/5 2041/1/5 4095/1/5
f 4095/1/5 2041/1/5 2040/1/5
f 4068/9/5 1871/9/5 3924/9/5
f 3924/9/5 1871/9/5 1870/9/5
f 4069/1/5 2011/1/5 4067/1/5
f 4067/1/5 2011/1/5 2010/1/5
f 3935/9/5 4888/9/5 3932/9/5
f 3932/9/5 4888/9/5 1874/9/5
f 4888/9/5 1879/9/5 1875/9/5
f 1875/9/5 1879/9/5 1878/9/5
f 3405/12/5 982/12/5 3367/12/5
f 3367/12/5 982/12/5 981/12/5
f 3619/12/5 1362/12/5 3590/12/5
f 3590/12/5 1362/12/5 1361/12/5
f 3832/12/5 1672/12/5 3793/12/5
f 3793/12/5 1672/12/5 1671/12/5
f 1092/12/5 1039/12/5 3390/12/5
f 3390/12/5 1039/12/5 1038/12/5
f 1445/12/5 1393/12/5 3608/12/5
f 3608/12/5 1393/12/5 1392/12/5
f 1742/12/5 1703/12/5 3814/12/5
f 3814/12/5 1703/12/5 1702/12/5
f 2782/12/5 194/12/5 2779/12/5
f 2779/12/5 194/12/5 193/12/5
f 3026/12/5 435/12/5 2947/12/5
f 2947/12/5 435/12/5 434/12/5
f 436/12/5 315/12/5 437/12/5
f 437/12/5 315/12/5 314/12/5
f 2946/12/5 439/12/5 2945/12/5
f 2945/12/5 439/12/5 438/12/5
f 440/12/5 4889/12/5 441/12/5
f 441/12/5 4889/12/5 318/12/5
f 1091/5/5 4750/5/5 1092/5/5
f 1092/5/5 4750/5/5 4890/5/5
f 1444/5/5 1396/5/5 1445/5/5
f 1445/5/5 1396/5/5 1395/5/5
f 1741/5/5 1707/5/5 1742/5/5
f 1742/5/5 1707/5/5 1706/5/5
f 4750/12/5 3408/12/5 4890/12/5
f 4890/12/5 3408/12/5 1039/12/5
f 3409/12/5 1094/12/5 3407/12/5
f 3407/12/5 1094/12/5 1093/12/5
f 1095/12/5 4891/12/5 1096/12/5
f 1096/12/5 4891/12/5 927/12/5
f 2863/12/5 2949/12/5 2861/12/5
f 2861/12/5 2949/12/5 4892/12/5
f 3027/12/5 4854/12/5 3025/12/5
f 3025/12/5 4854/12/5 4849/12/5
f 4854/5/5 3099/5/5 4849/5/5
f 4849/5/5 3099/5/5 3098/5/5
f 320/12/5 202/12/5 4893/12/5
f 4893/12/5 202/12/5 201/12/5
f 603/12/5 528/12/5 604/12/5
f 604/12/5 528/12/5 442/12/5
f 3030/9/5 524/9/5 3028/9/5
f 3028/9/5 524/9/5 523/9/5
f 3411/12/5 3459/12/5 3404/12/5
f 3404/12/5 3459/12/5 1089/12/5
f 3622/12/5 3669/12/5 3618/12/5
f 3618/12/5 3669/12/5 1442/12/5
f 1829/12/5 1810/12/5 3877/12/5
f 3877/12/5 1810/12/5 1809/12/5
f 3939/9/5 1883/9/5 3936/9/5
f 3936/9/5 1883/9/5 1882/9/5
f 1169/12/5 3461/12/5 1170/12/5
f 1170/12/5 3461/12/5 3409/12/5
f 1367/12/5 1270/12/5 1312/12/5
f 1312/12/5 1270/12/5 1269/12/5
f 3672/12/5 1504/12/5 3670/12/5
f 3670/12/5 1504/12/5 1503/12/5
f 1173/12/5 1172/12/5 4894/12/5
f 4894/12/5 1172/12/5 1171/12/5
f 1044/12/5 985/12/5 1045/12/5
f 1045/12/5 985/12/5 984/12/5
f 2954/12/5 3033/12/5 2951/12/5
f 2951/12/5 3033/12/5 3032/12/5
f 3185/12/5 4895/12/5 3100/12/5
f 3100/12/5 4895/12/5 4812/12/5
f 4895/5/5 3179/5/5 4812/5/5
f 4812/5/5 3179/5/5 3178/5/5
f 680/12/5 4837/12/5 681/12/5
f 681/12/5 4837/12/5 4832/12/5
f 4837/5/5 3183/5/5 4832/5/5
f 4832/5/5 3183/5/5 3182/5/5
f 684/12/5 689/12/5 3097/12/5
f 3097/12/5 689/12/5 601/12/5
f 689/5/5 606/5/5 602/5/5
f 602/5/5 606/5/5 605/5/5
f 324/12/5 206/12/5 202/12/5
f 202/12/5 206/12/5 205/12/5
f 2957/9/5 446/9/5 2955/9/5
f 2955/9/5 446/9/5 445/9/5
f 3487/12/5 1212/12/5 3485/12/5
f 3485/12/5 1212/12/5 1211/12/5
f 3705/12/5 1549/12/5 3703/12/5
f 3703/12/5 1549/12/5 1548/12/5
f 3890/12/5 1827/12/5 3887/12/5
f 3887/12/5 1827/12/5 1826/12/5
f 4429/7/5 2548/7/5 4384/7/5
f 4384/7/5 2548/7/5 2458/7/5
f 1213/12/5 3489/12/5 3458/12/5
f 3458/12/5 3489/12/5 1167/12/5
f 1550/12/5 1507/12/5 3668/12/5
f 3668/12/5 1507/12/5 1501/12/5
f 3490/12/5 1216/12/5 3488/12/5
f 3488/12/5 1216/12/5 1215/12/5
f 1400/12/5 4896/12/5 1398/12/5
f 1398/12/5 4896/12/5 1364/12/5
f 3707/12/5 1553/12/5 3706/12/5
f 3706/12/5 1553/12/5 1552/12/5
f 3893/12/5 1831/12/5 3891/12/5
f 3891/12/5 1831/12/5 1830/12/5
f 1588/12/5 1585/12/5 3734/12/5
f 3734/12/5 1585/12/5 1584/12/5
f 1175/12/5 1099/12/5 1176/12/5
f 1176/12/5 1099/12/5 1098/12/5
f 1317/12/5 1315/12/5 4897/12/5
f 4897/12/5 1315/12/5 1314/12/5
f 1100/12/5 1047/12/5 1043/12/5
f 1043/12/5 1047/12/5 1046/12/5
f 992/12/5 989/12/5 985/12/5
f 985/12/5 989/12/5 988/12/5
f 3036/12/5 3101/12/5 3035/12/5
f 3035/12/5 3101/12/5 3034/12/5
f 3186/12/5 776/12/5 3184/12/5
f 3184/12/5 776/12/5 3180/12/5
f 776/12/5 3233/12/5 3177/12/5
f 3177/12/5 3233/12/5 678/12/5
f 3234/12/5 770/12/5 3232/12/5
f 3232/12/5 770/12/5 769/12/5
f 771/12/5 4898/12/5 3181/12/5
f 3181/12/5 4898/12/5 682/12/5
f 4898/5/5 687/5/5 683/5/5
f 683/5/5 687/5/5 686/5/5
f 688/12/5 692/12/5 689/12/5
f 689/12/5 692/12/5 606/12/5
f 3104/1/5 608/1/5 3103/1/5
f 3103/1/5 608/1/5 607/1/5
f 3463/12/5 3464/12/5 3462/12/5
f 3462/12/5 3464/12/5 1213/12/5
f 3674/12/5 3675/12/5 3673/12/5
f 3673/12/5 3675/12/5 1550/12/5
f 3464/5/5 1179/5/5 1213/5/5
f 1213/5/5 1179/5/5 3489/5/5
f 3675/5/5 1508/5/5 1550/5/5
f 1550/5/5 1508/5/5 1507/5/5
f 1890/9/5 1887/9/5 4899/9/5
f 4899/9/5 1887/9/5 1886/9/5
f 534/9/5 4900/9/5 446/9/5
f 446/9/5 4900/9/5 4763/9/5
f 1179/12/5 3467/12/5 3489/12/5
f 3489/12/5 3467/12/5 1217/12/5
f 1613/12/5 1589/12/5 1610/12/5
f 1610/12/5 1589/12/5 1588/12/5
f 4901/12/5 1318/12/5 1370/12/5
f 1370/12/5 1318/12/5 4897/12/5
f 1754/12/5 1751/12/5 1747/12/5
f 1747/12/5 1751/12/5 1750/12/5
f 4400/10/5 2551/10/5 4397/10/5
f 4397/10/5 2551/10/5 2488/10/5
f 1183/12/5 1178/12/5 1174/12/5
f 1174/12/5 1178/12/5 1177/12/5
f 1319/5/5 1277/5/5 1273/5/5
f 1273/5/5 1277/5/5 1276/5/5
f 1450/12/5 1402/12/5 1399/12/5
f 1399/12/5 1402/12/5 1401/12/5
f 1103/12/5 1102/12/5 1099/12/5
f 1099/12/5 1102/12/5 1101/12/5
f 3106/12/5 3188/12/5 3105/12/5
f 3105/12/5 3188/12/5 3236/12/5
f 3237/12/5 774/12/5 3235/12/5
f 3235/12/5 774/12/5 773/12/5
f 775/5/5 4902/5/5 776/5/5
f 776/5/5 4902/5/5 3233/5/5
f 4272/4/5 4310/4/5 4270/4/5
f 4270/4/5 4310/4/5 4309/4/5
f 4311/4/5 4328/4/5 4308/4/5
f 4308/4/5 4328/4/5 2291/4/5
f 4902/12/5 782/12/5 3233/12/5
f 3233/12/5 782/12/5 771/12/5
f 4329/4/5 2321/4/5 4327/4/5
f 4327/4/5 2321/4/5 2320/4/5
f 4347/4/5 4362/4/5 4345/4/5
f 4345/4/5 4362/4/5 4361/4/5
f 779/12/5 778/12/5 770/12/5
f 770/12/5 778/12/5 777/12/5
f 4363/4/5 4378/4/5 4360/4/5
f 4360/4/5 4378/4/5 4377/4/5
f 693/12/5 691/12/5 687/12/5
f 687/12/5 691/12/5 690/12/5
f 4379/4/5 4389/4/5 4376/4/5
f 4376/4/5 4389/4/5 4388/4/5
f 610/12/5 531/12/5 527/12/5
f 527/12/5 531/12/5 529/12/5
f 331/12/5 329/12/5 449/12/5
f 449/12/5 329/12/5 328/12/5
f 3107/9/5 611/9/5 3104/9/5
f 3104/9/5 611/9/5 608/9/5
f 3947/9/5 1891/9/5 3944/9/5
f 3944/9/5 1891/9/5 4899/9/5
f 3466/12/5 1180/12/5 3464/12/5
f 3464/12/5 1180/12/5 1179/12/5
f 3677/12/5 1510/12/5 3675/12/5
f 3675/12/5 1510/12/5 1508/12/5
f 3779/12/5 1644/12/5 3772/12/5
f 3772/12/5 1644/12/5 1643/12/5
f 450/1/5 4903/1/5 534/1/5
f 534/1/5 4903/1/5 4900/1/5
f 1181/5/5 1109/5/5 1182/5/5
f 1182/5/5 1109/5/5 3468/5/5
f 1511/5/5 1458/5/5 1449/5/5
f 1449/5/5 1458/5/5 3679/5/5
f 3469/12/5 1184/12/5 3460/12/5
f 3460/12/5 1184/12/5 4894/12/5
f 3571/5/5 1327/5/5 4901/5/5
f 4901/5/5 1327/5/5 1318/5/5
f 3680/12/5 1513/12/5 3678/12/5
f 3678/12/5 1513/12/5 1512/12/5
f 3951/9/5 4904/9/5 3948/9/5
f 3948/9/5 4904/9/5 3943/9/5
f 1185/12/5 1104/12/5 1186/12/5
f 1186/12/5 1104/12/5 1103/12/5
f 1327/12/5 1321/12/5 1318/12/5
f 1318/12/5 1321/12/5 1320/12/5
f 1514/12/5 1452/12/5 1515/12/5
f 1515/12/5 1452/12/5 1451/12/5
f 3838/12/5 1759/12/5 1751/12/5
f 1751/12/5 1759/12/5 1758/12/5
f 4904/9/5 1895/9/5 3940/9/5
f 3940/9/5 1895/9/5 1894/9/5
f 999/12/5 996/12/5 1051/12/5
f 1051/12/5 996/12/5 993/12/5
f 4903/1/5 2961/1/5 4763/1/5
f 4763/1/5 2961/1/5 3037/1/5
f 3113/12/5 3110/12/5 3039/12/5
f 3039/12/5 3110/12/5 3109/12/5
f 2325/13/5 4350/13/5 2326/13/5
f 2326/13/5 4350/13/5 4349/13/5
f 3111/5/5 4905/5/5 3108/5/5
f 3108/5/5 4905/5/5 3188/5/5
f 2490/8/5 4434/8/5 4787/8/5
f 4787/8/5 4434/8/5 4433/8/5
f 3239/12/5 786/12/5 3187/12/5
f 3187/12/5 786/12/5 775/12/5
f 783/12/5 780/12/5 774/12/5
f 774/12/5 780/12/5 779/12/5
f 2554/13/5 2493/13/5 2555/13/5
f 2555/13/5 2493/13/5 2492/13/5
f 2494/13/5 4403/13/5 2495/13/5
f 2495/13/5 4403/13/5 4402/13/5
f 4906/5/5 694/5/5 4907/5/5
f 4907/5/5 694/5/5 693/5/5
f 4439/13/5 4908/13/5 4436/13/5
f 4436/13/5 4908/13/5 4909/13/5
f 4404/13/5 2497/13/5 4401/13/5
f 4401/13/5 2497/13/5 2496/13/5
f 614/12/5 613/12/5 609/12/5
f 609/12/5 613/12/5 612/12/5
f 537/12/5 536/12/5 531/12/5
f 531/12/5 536/12/5 535/12/5
f 2498/4/5 4910/4/5 4387/4/5
f 4387/4/5 4910/4/5 2461/4/5
f 4442/4/5 2561/4/5 4440/4/5
f 4440/4/5 2561/4/5 2560/4/5
f 2960/9/5 451/9/5 2958/9/5
f 2958/9/5 451/9/5 450/9/5
f 3417/12/5 1106/12/5 3412/12/5
f 3412/12/5 1106/12/5 3465/12/5
f 3628/12/5 1455/12/5 3623/12/5
f 3623/12/5 1455/12/5 3676/12/5
f 3841/12/5 1762/12/5 3831/12/5
f 3831/12/5 1762/12/5 1739/12/5
f 1680/5/5 1647/5/5 1763/5/5
f 1763/5/5 1647/5/5 1644/5/5
f 3419/12/5 1110/12/5 1181/12/5
f 1181/12/5 1110/12/5 1109/12/5
f 3630/12/5 1459/12/5 1511/12/5
f 1511/12/5 1459/12/5 1458/12/5
f 1111/12/5 1053/12/5 1112/12/5
f 1112/12/5 1053/12/5 1052/12/5
f 1369/12/5 1328/12/5 3571/12/5
f 3571/12/5 1328/12/5 1327/12/5
f 4911/13/5 2214/13/5 4913/13/5
f 4913/13/5 2214/13/5 4912/13/5
f 1054/12/5 1000/12/5 1055/12/5
f 1055/12/5 1000/12/5 999/12/5
f 3114/12/5 702/12/5 3112/12/5
f 3112/12/5 702/12/5 4905/12/5
f 2214/8/5 4273/8/5 4912/8/5
f 4912/8/5 4273/8/5 4914/8/5
f 3240/12/5 784/12/5 3238/12/5
f 3238/12/5 784/12/5 783/12/5
f 4273/13/5 4915/13/5 4914/13/5
f 4914/13/5 4915/13/5 4331/13/5
f 3243/12/5 788/12/5 3241/12/5
f 3241/12/5 788/12/5 787/12/5
f 789/5/5 4671/5/5 790/5/5
f 790/5/5 4671/5/5 781/5/5
f 4671/12/5 4916/12/5 782/12/5
f 782/12/5 4916/12/5 4907/12/5
f 4916/12/5 697/12/5 4906/12/5
f 4906/12/5 697/12/5 694/12/5
f 225/12/5 222/12/5 216/12/5
f 216/12/5 222/12/5 221/12/5
f 4714/12/5 454/12/5 540/12/5
f 540/12/5 454/12/5 453/12/5
f 2524/13/5 4724/13/5 4917/13/5
f 4917/13/5 4724/13/5 4885/13/5
f 4724/4/5 2521/4/5 4885/4/5
f 4885/4/5 2521/4/5 2520/4/5
f 2875/1/5 336/1/5 2959/1/5
f 2959/1/5 336/1/5 452/1/5
f 3373/12/5 3392/12/5 3370/12/5
f 3370/12/5 3392/12/5 3391/12/5
f 3596/12/5 3610/12/5 3593/12/5
f 3593/12/5 3610/12/5 3609/12/5
f 3799/12/5 1678/12/5 3796/12/5
f 3796/12/5 1678/12/5 1677/12/5
f 3393/12/5 1057/12/5 1108/12/5
f 1108/12/5 1057/12/5 3418/12/5
f 3611/12/5 1410/12/5 1457/12/5
f 1457/12/5 1410/12/5 3629/12/5
f 1058/5/5 1003/5/5 1059/5/5
f 1059/5/5 1003/5/5 1002/5/5
f 1411/5/5 1371/5/5 1412/5/5
f 1412/5/5 1371/5/5 1368/5/5
f 3802/5/5 1682/5/5 3800/5/5
f 3800/5/5 1682/5/5 1681/5/5
f 1898/9/5 4918/9/5 4919/9/5
f 4919/9/5 4918/9/5 1902/9/5
f 2878/12/5 2964/12/5 2871/12/5
f 2871/12/5 2964/12/5 3190/12/5
f 3191/12/5 700/12/5 3189/12/5
f 3189/12/5 700/12/5 699/12/5
f 701/5/5 3115/5/5 702/5/5
f 702/5/5 3115/5/5 3192/5/5
f 3193/12/5 704/12/5 786/12/5
f 786/12/5 704/12/5 3242/12/5
f 4418/13/5 2525/13/5 4417/13/5
f 4417/13/5 2525/13/5 4917/13/5
f 618/12/5 4665/12/5 4645/12/5
f 4645/12/5 4665/12/5 4670/12/5
f 2333/4/5 2337/4/5 2334/4/5
f 2334/4/5 2337/4/5 4920/4/5
f 4665/5/5 4687/5/5 4670/5/5
f 4670/5/5 4687/5/5 4921/5/5
f 4687/12/5 4922/12/5 4921/12/5
f 4921/12/5 4922/12/5 698/12/5
f 4922/12/5 615/12/5 696/12/5
f 696/12/5 615/12/5 609/12/5
f 340/12/5 226/12/5 341/12/5
f 341/12/5 226/12/5 225/12/5
f 616/12/5 538/12/5 617/12/5
f 617/12/5 538/12/5 537/12/5
f 3955/9/5 4923/9/5 3952/9/5
f 3952/9/5 4923/9/5 4924/9/5
f 2567/13/5 2505/13/5 2568/13/5
f 2568/13/5 2505/13/5 2504/13/5
f 3959/9/5 1903/9/5 3956/9/5
f 3956/9/5 1903/9/5 4918/9/5
f 2727/12/5 122/12/5 4588/12/5
f 4588/12/5 122/12/5 121/12/5
f 2966/12/5 3046/12/5 2963/12/5
f 2963/12/5 3046/12/5 3045/12/5
f 3047/12/5 3117/12/5 3044/12/5
f 3044/12/5 3117/12/5 3116/12/5
f 3118/12/5 4925/12/5 3115/12/5
f 3115/12/5 4925/12/5 705/12/5
f 4333/13/5 4634/13/5 4330/13/5
f 4330/13/5 4634/13/5 2331/13/5
f 4925/12/5 619/12/5 706/12/5
f 706/12/5 619/12/5 4645/12/5
f 4634/13/5 4652/13/5 2332/13/5
f 2332/13/5 4652/13/5 2380/13/5
f 4652/4/5 2336/4/5 2380/4/5
f 2380/4/5 2336/4/5 2335/4/5
f 545/12/5 542/12/5 4664/12/5
f 4664/12/5 542/12/5 541/12/5
f 2570/4/5 2437/4/5 2571/4/5
f 2571/4/5 2437/4/5 2436/4/5
f 4926/10/5 2215/10/5 4911/10/5
f 4911/10/5 2215/10/5 2214/10/5
f 4276/8/5 4927/8/5 4273/8/5
f 4273/8/5 4927/8/5 4915/8/5
f 2970/12/5 460/12/5 2967/12/5
f 2967/12/5 460/12/5 459/12/5
f 3048/12/5 546/12/5 621/12/5
f 621/12/5 546/12/5 4664/12/5
f 461/12/5 347/12/5 462/12/5
f 462/12/5 347/12/5 346/12/5
f 348/12/5 229/12/5 349/12/5
f 349/12/5 229/12/5 228/12/5
f 2573/13/5 2383/13/5 2574/13/5
f 2574/13/5 2383/13/5 2382/13/5
f 4928/8/5 4929/8/5 2215/8/5
f 2215/8/5 4929/8/5 4276/8/5
f 3963/9/5 1907/9/5 3960/9/5
f 3960/9/5 1907/9/5 1906/9/5
f 4072/1/5 2015/1/5 4070/1/5
f 4070/1/5 2015/1/5 2014/1/5
f 3967/9/5 1911/9/5 3964/9/5
f 3964/9/5 1911/9/5 1910/9/5
f 2169/4/5 4857/4/5 2222/4/5
f 2222/4/5 4857/4/5 2119/4/5
f 4857/4/5 2226/4/5 2120/4/5
f 2120/4/5 2226/4/5 2123/4/5
f 3123/3/5 627/3/5 2971/3/5
f 2971/3/5 627/3/5 463/3/5
f 3635/3/5 1466/3/5 3597/3/5
f 3597/3/5 1466/3/5 1373/3/5
f 2230/13/5 4930/13/5 2565/13/5
f 2565/13/5 4930/13/5 4913/13/5
f 4930/13/5 4931/13/5 4926/13/5
f 4926/13/5 4931/13/5 2215/13/5
f 4931/13/5 4932/13/5 4928/13/5
f 4928/13/5 4932/13/5 4929/13/5
f 3425/7/5 1119/7/5 3374/7/5
f 3374/7/5 1119/7/5 1006/7/5
f 3846/3/5 1769/3/5 3843/3/5
f 3843/3/5 1769/3/5 1766/3/5
f 3818/7/5 1709/7/5 3815/7/5
f 3815/7/5 1709/7/5 1708/7/5
f 3908/3/5 1848/3/5 3904/3/5
f 3904/3/5 1848/3/5 1846/3/5
f 4120/7/5 2070/7/5 4108/7/5
f 4108/7/5 2070/7/5 2057/7/5
f 4119/7/5 2066/7/5 4115/7/5
f 4115/7/5 2066/7/5 2064/7/5
f 4282/13/5 4283/13/5 4281/13/5
f 4281/13/5 4283/13/5 4932/13/5
f 3524/7/5 1253/7/5 3522/7/5
f 3522/7/5 1253/7/5 1252/7/5
f 3683/7/5 1517/7/5 3681/7/5
f 3681/7/5 1517/7/5 1516/7/5
f 3919/7/5 1861/7/5 3918/7/5
f 3918/7/5 1861/7/5 1860/7/5
f 2578/4/5 2509/4/5 2579/4/5
f 2579/4/5 2509/4/5 2508/4/5
f 2232/4/5 2227/4/5 4933/4/5
f 4933/4/5 2227/4/5 2224/4/5
f 2887/3/5 355/3/5 2804/3/5
f 2804/3/5 355/3/5 232/3/5
f 3275/3/5 843/3/5 3244/3/5
f 3244/3/5 843/3/5 791/3/5
f 3343/7/5 947/7/5 3288/7/5
f 3288/7/5 947/7/5 854/7/5
f 3709/3/5 1558/3/5 3683/3/5
f 3683/3/5 1558/3/5 1517/3/5
f 3851/7/5 1774/7/5 3781/7/5
f 3781/7/5 1774/7/5 1650/7/5
f 2581/13/5 2387/13/5 2582/13/5
f 2582/13/5 2387/13/5 2386/13/5
f 4313/4/5 4934/4/5 4332/4/5
f 4332/4/5 4934/4/5 2211/4/5
f 4934/4/5 4935/4/5 2223/4/5
f 2223/4/5 4935/4/5 4933/4/5
f 4183/13/5 2127/13/5 2174/13/5
f 2174/13/5 2127/13/5 2124/13/5
f 3503/7/5 1235/7/5 3470/7/5
f 3470/7/5 1235/7/5 1187/7/5
f 3726/3/5 1577/3/5 3708/3/5
f 3708/3/5 1577/3/5 1556/3/5
f 3971/3/5 1918/3/5 3919/3/5
f 3919/3/5 1918/3/5 1861/3/5
f 2586/13/5 2473/13/5 2587/13/5
f 2587/13/5 2473/13/5 2472/13/5
f 2592/13/5 2589/13/5 2585/13/5
f 2585/13/5 2589/13/5 2588/13/5
f 4936/13/5 4937/13/5 4938/13/5
f 4938/13/5 4937/13/5 4288/13/5
f 4937/13/5 4939/13/5 4286/13/5
f 4286/13/5 4939/13/5 4284/13/5
f 2529/13/5 2448/13/5 2445/13/5
f 2445/13/5 2448/13/5 2447/13/5
f 4076/1/5 2019/1/5 4073/1/5
f 4073/1/5 2019/1/5 2018/1/5
f 4940/13/5 2238/13/5 4941/13/5
f 4941/13/5 2238/13/5 4938/13/5
f 2020/9/5 1920/9/5 2021/9/5
f 2021/9/5 1920/9/5 1919/9/5
f 2238/8/5 4290/8/5 4936/8/5
f 4936/8/5 4290/8/5 4939/8/5
f 4290/13/5 4942/13/5 4276/13/5
f 4276/13/5 4942/13/5 4927/13/5
f 2811/12/5 237/12/5 2808/12/5
f 2808/12/5 237/12/5 236/12/5
f 3050/12/5 466/12/5 2975/12/5
f 2975/12/5 466/12/5 465/12/5
f 467/12/5 357/12/5 468/12/5
f 468/12/5 357/12/5 356/12/5
f 2974/12/5 470/12/5 2973/12/5
f 2973/12/5 470/12/5 469/12/5
f 471/12/5 4943/12/5 472/12/5
f 472/12/5 4943/12/5 360/12/5
f 3978/9/5 4944/9/5 3975/9/5
f 3975/9/5 4944/9/5 4078/9/5
f 2409/13/5 2352/13/5 2349/13/5
f 2349/13/5 2352/13/5 2351/13/5
f 2598/4/5 2532/4/5 2599/4/5
f 2599/4/5 2532/4/5 2531/4/5
f 1923/9/5 4945/9/5 2025/9/5
f 2025/9/5 4945/9/5 1927/9/5
f 2894/12/5 2977/12/5 2892/12/5
f 2892/12/5 2977/12/5 4946/12/5
f 3051/12/5 4855/12/5 3049/12/5
f 3049/12/5 4855/12/5 4851/12/5
f 4855/5/5 3128/5/5 4851/5/5
f 4851/5/5 3128/5/5 3127/5/5
f 2358/4/5 2355/4/5 4947/4/5
f 4947/4/5 2355/4/5 2338/4/5
f 362/12/5 245/12/5 4948/12/5
f 4948/12/5 245/12/5 244/12/5
f 631/12/5 554/12/5 632/12/5
f 632/12/5 554/12/5 473/12/5
f 3054/9/5 550/9/5 3052/9/5
f 3052/9/5 550/9/5 549/9/5
f 3429/12/5 1010/12/5 3377/12/5
f 3377/12/5 1010/12/5 1009/12/5
f 3854/12/5 1686/12/5 3803/12/5
f 3803/12/5 1686/12/5 1685/12/5
f 3982/9/5 4949/9/5 3979/9/5
f 3979/9/5 4949/9/5 4944/9/5
f 1124/12/5 1061/12/5 3394/12/5
f 3394/12/5 1061/12/5 1060/12/5
f 1778/12/5 1713/12/5 3819/12/5
f 3819/12/5 1713/12/5 1712/12/5
f 4950/10/5 2239/10/5 4940/10/5
f 4940/10/5 2239/10/5 2238/10/5
f 3986/9/5 1928/9/5 3983/9/5
f 3983/9/5 1928/9/5 4945/9/5
f 2982/12/5 3057/12/5 2979/12/5
f 2979/12/5 3057/12/5 3056/12/5
f 3202/12/5 4951/12/5 3129/12/5
f 3129/12/5 4951/12/5 4813/12/5
f 4951/5/5 3196/5/5 4813/5/5
f 4813/5/5 3196/5/5 3195/5/5
f 4293/8/5 2243/8/5 4290/8/5
f 4290/8/5 2243/8/5 4942/8/5
f 2244/4/5 4952/4/5 2245/4/5
f 2245/4/5 4952/4/5 2193/4/5
f 709/12/5 4839/12/5 710/12/5
f 710/12/5 4839/12/5 4834/12/5
f 4839/5/5 3200/5/5 4834/5/5
f 4834/5/5 3200/5/5 3199/5/5
f 713/12/5 718/12/5 3126/12/5
f 3126/12/5 718/12/5 629/12/5
f 718/5/5 634/5/5 630/5/5
f 630/5/5 634/5/5 633/5/5
f 366/12/5 249/12/5 245/12/5
f 245/12/5 249/12/5 248/12/5
f 2985/9/5 477/9/5 2983/9/5
f 2983/9/5 477/9/5 476/9/5
f 3547/12/5 1285/12/5 3544/12/5
f 3544/12/5 1285/12/5 1284/12/5
f 3641/12/5 1469/12/5 3638/12/5
f 3638/12/5 1469/12/5 1468/12/5
f 1123/5/5 4751/5/5 1124/5/5
f 1124/5/5 4751/5/5 4953/5/5
f 1777/5/5 4760/5/5 1778/5/5
f 1778/5/5 4760/5/5 4954/5/5
f 4751/12/5 3432/12/5 4953/12/5
f 4953/12/5 3432/12/5 1061/12/5
f 4760/12/5 1716/12/5 4954/12/5
f 4954/12/5 1716/12/5 1713/12/5
f 2304/13/5 4955/13/5 2231/13/5
f 2231/13/5 4955/13/5 4941/13/5
f 3433/12/5 1126/12/5 3431/12/5
f 3431/12/5 1126/12/5 1125/12/5
f 1783/12/5 1780/12/5 3856/12/5
f 3856/12/5 1780/12/5 1779/12/5
f 4955/13/5 4956/13/5 4950/13/5
f 4950/13/5 4956/13/5 2239/13/5
f 1127/12/5 4957/12/5 1128/12/5
f 1128/12/5 4957/12/5 954/12/5
f 3060/12/5 3130/12/5 3059/12/5
f 3059/12/5 3130/12/5 3058/12/5
f 4956/8/5 4958/8/5 2239/8/5
f 2239/8/5 4958/8/5 4293/8/5
f 3203/12/5 800/12/5 3201/12/5
f 3201/12/5 800/12/5 3197/12/5
f 4958/13/5 4314/13/5 4293/13/5
f 4293/13/5 4314/13/5 2243/13/5
f 800/12/5 3247/12/5 3194/12/5
f 3194/12/5 3247/12/5 707/12/5
f 4315/13/5 4336/13/5 4312/13/5
f 4312/13/5 4336/13/5 4335/13/5
f 4337/13/5 4959/13/5 4334/13/5
f 4334/13/5 4959/13/5 4846/13/5
f 3248/12/5 794/12/5 3246/12/5
f 3246/12/5 794/12/5 793/12/5
f 4959/4/5 2359/4/5 4846/4/5
f 4846/4/5 2359/4/5 4947/4/5
f 795/12/5 4960/12/5 3198/12/5
f 3198/12/5 4960/12/5 711/12/5
f 4960/5/5 716/5/5 712/5/5
f 712/5/5 716/5/5 715/5/5
f 4367/4/5 2412/4/5 4364/4/5
f 4364/4/5 2412/4/5 2411/4/5
f 717/12/5 721/12/5 718/12/5
f 718/12/5 721/12/5 634/12/5
f 4392/4/5 4407/4/5 4390/4/5
f 4390/4/5 4407/4/5 4406/4/5
f 4408/4/5 2604/4/5 4405/4/5
f 4405/4/5 2604/4/5 2513/4/5
f 3133/1/5 636/1/5 3132/1/5
f 3132/1/5 636/1/5 635/1/5
f 3435/12/5 3473/12/5 3428/12/5
f 3428/12/5 3473/12/5 1121/12/5
f 3858/12/5 3879/12/5 3853/12/5
f 3853/12/5 3879/12/5 1775/12/5
f 560/9/5 4961/9/5 477/9/5
f 477/9/5 4961/9/5 4765/9/5
f 1191/12/5 3475/12/5 1192/12/5
f 1192/12/5 3475/12/5 3433/12/5
f 1813/12/5 1784/12/5 1814/12/5
f 1814/12/5 1784/12/5 1783/12/5
f 1195/12/5 1194/12/5 4962/12/5
f 4962/12/5 1194/12/5 1193/12/5
f 1016/12/5 1013/12/5 1066/12/5
f 1066/12/5 1013/12/5 1012/12/5
f 3135/12/5 3205/12/5 3134/12/5
f 3134/12/5 3205/12/5 3250/12/5
f 4562/8/5 4448/8/5 2608/8/5
f 2608/8/5 4448/8/5 4447/8/5
f 3251/12/5 798/12/5 3249/12/5
f 3249/12/5 798/12/5 797/12/5
f 799/5/5 4963/5/5 800/5/5
f 800/5/5 4963/5/5 3247/5/5
f 4963/12/5 806/12/5 3247/12/5
f 3247/12/5 806/12/5 795/12/5
f 803/12/5 802/12/5 794/12/5
f 794/12/5 802/12/5 801/12/5
f 722/12/5 720/12/5 716/12/5
f 716/12/5 720/12/5 719/12/5
f 638/12/5 557/12/5 553/12/5
f 553/12/5 557/12/5 555/12/5
f 373/12/5 371/12/5 480/12/5
f 480/12/5 371/12/5 370/12/5
f 4710/13/5 2603/13/5 4879/13/5
f 4879/13/5 2603/13/5 2602/13/5
f 3136/9/5 639/9/5 3133/9/5
f 3133/9/5 639/9/5 636/9/5
f 3493/12/5 1220/12/5 3491/12/5
f 3491/12/5 1220/12/5 1219/12/5
f 3551/12/5 4964/12/5 3548/12/5
f 3548/12/5 4964/12/5 4738/12/5
f 3713/12/5 1560/12/5 3711/12/5
f 3711/12/5 1560/12/5 1559/12/5
f 3896/12/5 1835/12/5 3894/12/5
f 3894/12/5 1835/12/5 1834/12/5
f 3998/9/5 4965/9/5 3995/9/5
f 3995/9/5 4965/9/5 1931/9/5
f 1221/12/5 3495/12/5 3472/12/5
f 3472/12/5 3495/12/5 1189/12/5
f 4964/5/5 4966/5/5 4738/5/5
f 4738/5/5 4966/5/5 4755/5/5
f 1836/12/5 3898/12/5 3878/12/5
f 3878/12/5 3898/12/5 1811/12/5
f 4965/9/5 4967/9/5 1932/9/5
f 1932/9/5 4967/9/5 3990/9/5
f 481/1/5 4968/1/5 560/1/5
f 560/1/5 4968/1/5 4961/1/5
f 3496/12/5 1224/12/5 3494/12/5
f 3494/12/5 1224/12/5 1223/12/5
f 4966/12/5 1289/12/5 4755/12/5
f 4755/12/5 1289/12/5 1288/12/5
f 1690/12/5 1621/12/5 1691/12/5
f 1691/12/5 1621/12/5 1620/12/5
f 3899/12/5 1839/12/5 3897/12/5
f 3897/12/5 1839/12/5 1838/12/5
f 860/12/5 857/12/5 897/12/5
f 897/12/5 857/12/5 856/12/5
f 1596/12/5 1593/12/5 1622/12/5
f 1622/12/5 1593/12/5 1592/12/5
f 4969/9/5 4970/9/5 1936/9/5
f 1936/9/5 4970/9/5 3994/9/5
f 1069/12/5 1017/12/5 1070/12/5
f 1070/12/5 1017/12/5 1016/12/5
f 1197/12/5 1131/12/5 1198/12/5
f 1198/12/5 1131/12/5 1130/12/5
f 4970/9/5 1940/9/5 3991/9/5
f 3991/9/5 1940/9/5 1939/9/5
f 4968/1/5 2989/1/5 4765/1/5
f 4765/1/5 2989/1/5 3061/1/5
f 3142/12/5 3139/12/5 3063/12/5
f 3063/12/5 3139/12/5 3138/12/5
f 3140/5/5 4971/5/5 3137/5/5
f 3137/5/5 4971/5/5 3205/5/5
f 3253/12/5 810/12/5 3204/12/5
f 3204/12/5 810/12/5 799/12/5
f 807/12/5 804/12/5 798/12/5
f 798/12/5 804/12/5 803/12/5
f 4972/5/5 723/5/5 4973/5/5
f 4973/5/5 723/5/5 722/5/5
f 642/12/5 641/12/5 637/12/5
f 637/12/5 641/12/5 640/12/5
f 563/12/5 562/12/5 557/12/5
f 557/12/5 562/12/5 561/12/5
f 4410/4/5 4974/4/5 4720/4/5
f 4720/4/5 4974/4/5 2476/4/5
f 2616/4/5 2610/4/5 4975/4/5
f 4975/4/5 2610/4/5 2609/4/5
f 2988/9/5 482/9/5 2986/9/5
f 2986/9/5 482/9/5 481/9/5
f 3477/12/5 3478/12/5 3476/12/5
f 3476/12/5 3478/12/5 1221/12/5
f 3553/5/5 1292/5/5 3551/5/5
f 3551/5/5 1292/5/5 4964/5/5
f 3687/12/5 1521/12/5 3685/12/5
f 3685/12/5 1521/12/5 1520/12/5
f 3881/12/5 3882/12/5 3880/12/5
f 3880/12/5 3882/12/5 1836/12/5
f 902/12/5 1025/12/5 959/12/5
f 959/12/5 1025/12/5 4976/12/5
f 3478/5/5 1201/5/5 1221/5/5
f 1221/5/5 1201/5/5 3495/5/5
f 1292/12/5 4514/12/5 4964/12/5
f 4964/12/5 4514/12/5 4966/12/5
f 3882/5/5 1818/5/5 1836/5/5
f 1836/5/5 1818/5/5 3898/5/5
f 1025/5/5 4526/5/5 4976/5/5
f 4976/5/5 4526/5/5 896/5/5
f 1201/12/5 3481/12/5 3495/12/5
f 3495/12/5 3481/12/5 1225/12/5
f 4514/5/5 1291/5/5 4966/5/5
f 4966/5/5 1291/5/5 1289/5/5
f 1660/12/5 1597/12/5 1661/12/5
f 1661/12/5 1597/12/5 1596/12/5
f 4526/12/5 4547/12/5 896/12/5
f 896/12/5 4547/12/5 4777/12/5
f 4547/5/5 899/5/5 4777/5/5
f 4777/5/5 899/5/5 898/5/5
f 1204/12/5 1200/12/5 1196/12/5
f 1196/12/5 1200/12/5 1199/12/5
f 1818/12/5 1816/12/5 3898/12/5
f 3898/12/5 1816/12/5 1815/12/5
f 3381/12/5 1020/12/5 1017/12/5
f 1017/12/5 1020/12/5 1019/12/5
f 3143/12/5 731/12/5 3141/12/5
f 3141/12/5 731/12/5 4971/12/5
f 3254/12/5 808/12/5 3252/12/5
f 3252/12/5 808/12/5 807/12/5
f 4298/4/5 4317/4/5 4296/4/5
f 4296/4/5 4317/4/5 2251/4/5
f 3257/12/5 812/12/5 3255/12/5
f 3255/12/5 812/12/5 811/12/5
f 4318/4/5 4340/4/5 4316/4/5
f 4316/4/5 4340/4/5 4339/4/5
f 813/5/5 4673/5/5 814/5/5
f 814/5/5 4673/5/5 805/5/5
f 4341/4/5 4358/4/5 4338/4/5
f 4338/4/5 4358/4/5 4357/4/5
f 4673/12/5 4977/12/5 806/12/5
f 806/12/5 4977/12/5 4973/12/5
f 4359/4/5 4370/4/5 4356/4/5
f 4356/4/5 4370/4/5 4369/4/5
f 4977/12/5 726/12/5 4972/12/5
f 4972/12/5 726/12/5 723/12/5
f 4371/4/5 4382/4/5 4368/4/5
f 4368/4/5 4382/4/5 4381/4/5
f 4383/4/5 4395/4/5 4380/4/5
f 4380/4/5 4395/4/5 4394/4/5
f 4396/4/5 4411/4/5 4393/4/5
f 4393/4/5 4411/4/5 4720/4/5
f 268/12/5 265/12/5 259/12/5
f 259/12/5 265/12/5 264/12/5
f 4715/12/5 485/12/5 566/12/5
f 566/12/5 485/12/5 484/12/5
f 4412/4/5 4459/4/5 4409/4/5
f 4409/4/5 4459/4/5 4458/4/5
f 2906/1/5 378/1/5 2987/1/5
f 2987/1/5 378/1/5 483/1/5
f 3555/12/5 1293/12/5 3553/12/5
f 3553/12/5 1293/12/5 1292/12/5
f 3645/12/5 3689/12/5 3642/12/5
f 3642/12/5 3689/12/5 3688/12/5
f 3480/12/5 1202/12/5 3478/12/5
f 3478/12/5 1202/12/5 1201/12/5
f 3690/12/5 1525/12/5 1521/12/5
f 1521/12/5 1525/12/5 1524/12/5
f 1719/12/5 1662/12/5 1720/12/5
f 1720/12/5 1662/12/5 1658/12/5
f 3884/12/5 1819/12/5 3882/12/5
f 3882/12/5 1819/12/5 1818/12/5
f 1951/9/5 1944/9/5 4978/9/5
f 4978/9/5 1944/9/5 1943/9/5
f 1203/5/5 1138/5/5 1134/5/5
f 1134/5/5 1138/5/5 1137/5/5
f 1820/5/5 1789/5/5 1821/5/5
f 1821/5/5 1789/5/5 1786/5/5
f 3482/12/5 1205/12/5 3474/12/5
f 3474/12/5 1205/12/5 4962/12/5
f 3886/12/5 1823/12/5 3885/12/5
f 3885/12/5 1823/12/5 1822/12/5
f 1206/12/5 1140/12/5 1207/12/5
f 1207/12/5 1140/12/5 1139/12/5
f 1824/12/5 1792/12/5 1825/12/5
f 1825/12/5 1792/12/5 1791/12/5
f 4002/9/5 1948/9/5 3999/9/5
f 3999/9/5 1948/9/5 1947/9/5
f 2909/12/5 2992/12/5 2902/12/5
f 2902/12/5 2992/12/5 3207/12/5
f 3208/12/5 729/12/5 3206/12/5
f 3206/12/5 729/12/5 728/12/5
f 730/5/5 3144/5/5 731/5/5
f 731/5/5 3144/5/5 3209/5/5
f 3210/12/5 733/12/5 810/12/5
f 810/12/5 733/12/5 3256/12/5
f 646/12/5 4667/12/5 4646/12/5
f 4646/12/5 4667/12/5 4672/12/5
f 4667/5/5 4689/5/5 4672/5/5
f 4672/5/5 4689/5/5 4979/5/5
f 4689/12/5 4980/12/5 4979/12/5
f 4979/12/5 4980/12/5 727/12/5
f 4980/12/5 643/12/5 725/12/5
f 725/12/5 643/12/5 637/12/5
f 382/12/5 269/12/5 383/12/5
f 383/12/5 269/12/5 268/12/5
f 644/12/5 564/12/5 645/12/5
f 645/12/5 564/12/5 563/12/5
f 3442/12/5 1144/12/5 3436/12/5
f 3436/12/5 1144/12/5 3479/12/5
f 3865/12/5 1796/12/5 3859/12/5
f 3859/12/5 1796/12/5 3883/12/5
f 4006/9/5 1952/9/5 4003/9/5
f 4003/9/5 1952/9/5 4978/9/5
f 3444/12/5 1147/12/5 1203/12/5
f 1203/12/5 1147/12/5 1138/12/5
f 3867/12/5 1798/12/5 1820/12/5
f 1820/12/5 1798/12/5 1789/12/5
f 1148/12/5 1076/12/5 1072/12/5
f 1072/12/5 1076/12/5 1075/12/5
f 1799/12/5 1722/12/5 1790/12/5
f 1790/12/5 1722/12/5 1721/12/5
f 2749/12/5 154/12/5 4589/12/5
f 4589/12/5 154/12/5 153/12/5
f 2994/12/5 3070/12/5 2991/12/5
f 2991/12/5 3070/12/5 3069/12/5
f 3071/12/5 3146/12/5 3068/12/5
f 3068/12/5 3146/12/5 3145/12/5
f 3147/12/5 4981/12/5 3144/12/5
f 3144/12/5 4981/12/5 734/12/5
f 4981/12/5 647/12/5 735/12/5
f 735/12/5 647/12/5 4646/12/5
f 571/12/5 568/12/5 4666/12/5
f 4666/12/5 568/12/5 567/12/5
f 3385/12/5 3396/12/5 3382/12/5
f 3382/12/5 3396/12/5 3395/12/5
f 3809/12/5 3821/12/5 3806/12/5
f 3806/12/5 3821/12/5 3820/12/5
f 3397/12/5 1080/12/5 1146/12/5
f 1146/12/5 1080/12/5 3443/12/5
f 3822/12/5 1726/12/5 1718/12/5
f 1718/12/5 1726/12/5 3866/12/5
f 1081/5/5 1027/5/5 1082/5/5
f 1082/5/5 1027/5/5 1026/5/5
f 1727/5/5 1695/5/5 1693/5/5
f 1693/5/5 1695/5/5 1694/5/5
f 2998/12/5 491/12/5 2995/12/5
f 2995/12/5 491/12/5 490/12/5
f 3072/12/5 572/12/5 649/12/5
f 649/12/5 572/12/5 4666/12/5
f 492/12/5 389/12/5 493/12/5
f 493/12/5 389/12/5 388/12/5
f 390/12/5 272/12/5 391/12/5
f 391/12/5 272/12/5 271/12/5
f 4080/1/5 2023/1/5 4077/1/5
f 4077/1/5 2023/1/5 2022/1/5
f 4010/9/5 1956/9/5 4007/9/5
f 4007/9/5 1956/9/5 1955/9/5
f 4014/9/5 1960/9/5 4011/9/5
f 4011/9/5 1960/9/5 1959/9/5
f 2397/1/5 2367/1/5 4342/1/5
f 4342/1/5 2367/1/5 2366/1/5
f 2623/1/5 2536/1/5 4419/1/5
f 4419/1/5 2536/1/5 2535/1/5
f 2317/9/5 2310/9/5 4745/9/5
f 4745/9/5 2310/9/5 2309/9/5
f 4302/9/5 4321/9/5 4299/9/5
f 4299/9/5 4321/9/5 4320/9/5
f 4322/9/5 2314/9/5 4319/9/5
f 4319/9/5 2314/9/5 2313/9/5
f 2422/9/5 2419/9/5 4533/9/5
f 4533/9/5 2419/9/5 2418/9/5
f 4982/9/5 2481/9/5 2519/9/5
f 2519/9/5 2481/9/5 2480/9/5
f 4114/9/5 2061/9/5 4111/9/5
f 4111/9/5 2061/9/5 2060/9/5
f 4139/9/5 2086/9/5 4136/9/5
f 4136/9/5 2086/9/5 2085/9/5
f 4205/9/5 2148/9/5 4202/9/5
f 4202/9/5 2148/9/5 2144/9/5
f 4326/9/5 2318/9/5 4323/9/5
f 4323/9/5 2318/9/5 4745/9/5
f 4084/9/5 2027/9/5 4081/9/5
f 4081/9/5 2027/9/5 2026/9/5
f 2062/9/5 2048/9/5 2063/9/5
f 2063/9/5 2048/9/5 2047/9/5
f 2149/9/5 2104/9/5 2150/9/5
f 2150/9/5 2104/9/5 2103/9/5
f 4375/9/5 2423/9/5 4372/9/5
f 4372/9/5 2423/9/5 4533/9/5
f 4416/9/5 2517/9/5 4413/9/5
f 4413/9/5 2517/9/5 2516/9/5
f 4018/9/5 1964/9/5 4015/9/5
f 4015/9/5 1964/9/5 1963/9/5
f 4424/1/5 2540/1/5 4421/1/5
f 4421/1/5 2540/1/5 2539/1/5
f 1971/9/5 4983/9/5 4984/9/5
f 4984/9/5 4983/9/5 4086/9/5
f 4022/9/5 1972/9/5 4019/9/5
f 4019/9/5 1972/9/5 4984/9/5
f 4024/9/5 1976/9/5 1968/9/5
f 1968/9/5 1976/9/5 1975/9/5
f 3647/12/5 1376/12/5 3599/12/5
f 3599/12/5 1376/12/5 1375/12/5
f 3813/12/5 1699/12/5 3810/12/5
f 3810/12/5 1699/12/5 1698/12/5
f 1475/12/5 1414/12/5 3612/12/5
f 3612/12/5 1414/12/5 1413/12/5
f 3824/12/5 1729/12/5 3823/12/5
f 3823/12/5 1729/12/5 1728/12/5
f 2836/12/5 276/12/5 2833/12/5
f 2833/12/5 276/12/5 275/12/5
f 3074/12/5 495/12/5 3001/12/5
f 3001/12/5 495/12/5 494/12/5
f 496/12/5 393/12/5 497/12/5
f 497/12/5 393/12/5 392/12/5
f 3000/12/5 499/12/5 2999/12/5
f 2999/12/5 499/12/5 498/12/5
f 500/12/5 4985/12/5 501/12/5
f 501/12/5 4985/12/5 396/12/5
f 3357/5/5 965/5/5 3356/5/5
f 3356/5/5 965/5/5 964/5/5
f 1474/5/5 4758/5/5 1475/5/5
f 1475/5/5 4758/5/5 4986/5/5
f 4758/12/5 3650/12/5 4986/12/5
f 4986/12/5 3650/12/5 1414/12/5
f 3651/12/5 1477/12/5 3649/12/5
f 3649/12/5 1477/12/5 1476/12/5
f 1478/12/5 1342/12/5 1479/12/5
f 1479/12/5 1342/12/5 1341/12/5
f 2919/12/5 3003/12/5 2917/12/5
f 2917/12/5 3003/12/5 4987/12/5
f 3075/12/5 4856/12/5 3073/12/5
f 3073/12/5 4856/12/5 4853/12/5
f 4856/5/5 3150/5/5 4853/5/5
f 4853/5/5 3150/5/5 3149/5/5
f 398/12/5 284/12/5 4988/12/5
f 4988/12/5 284/12/5 283/12/5
f 652/12/5 580/12/5 653/12/5
f 653/12/5 580/12/5 502/12/5
f 3078/9/5 576/9/5 3076/9/5
f 3076/9/5 576/9/5 575/9/5
f 3653/12/5 3692/12/5 3646/12/5
f 3646/12/5 3692/12/5 1472/12/5
f 4032/9/5 4087/9/5 4029/9/5
f 4029/9/5 4087/9/5 4989/9/5
f 1530/12/5 3694/12/5 1531/12/5
f 1531/12/5 3694/12/5 3651/12/5
f 4088/1/5 2030/1/5 4085/1/5
f 4085/1/5 2030/1/5 2029/1/5
f 1534/12/5 1533/12/5 4990/12/5
f 4990/12/5 1533/12/5 1532/12/5
f 2031/9/5 1980/9/5 4025/9/5
f 4025/9/5 1980/9/5 1979/9/5
f 3008/12/5 3081/12/5 3005/12/5
f 3005/12/5 3081/12/5 3080/12/5
f 3219/12/5 4991/12/5 3151/12/5
f 3151/12/5 4991/12/5 4814/12/5
f 4991/5/5 3213/5/5 4814/5/5
f 4814/5/5 3213/5/5 3212/5/5
f 738/12/5 4841/12/5 739/12/5
f 739/12/5 4841/12/5 4836/12/5
f 4841/5/5 3217/5/5 4836/5/5
f 4836/5/5 3217/5/5 3216/5/5
f 742/12/5 747/12/5 3148/12/5
f 3148/12/5 747/12/5 650/12/5
f 747/5/5 655/5/5 651/5/5
f 651/5/5 655/5/5 654/5/5
f 402/12/5 288/12/5 284/12/5
f 284/12/5 288/12/5 287/12/5
f 3011/9/5 506/9/5 3009/9/5
f 3009/9/5 506/9/5 505/9/5
f 3448/12/5 1157/12/5 3445/12/5
f 3445/12/5 1157/12/5 1149/12/5
f 3499/12/5 1228/12/5 3497/12/5
f 3497/12/5 1228/12/5 1227/12/5
f 3716/12/5 1563/12/5 3714/12/5
f 3714/12/5 1563/12/5 1562/12/5
f 3827/12/5 1733/12/5 3825/12/5
f 3825/12/5 1733/12/5 1732/12/5
f 3361/12/5 967/12/5 3357/12/5
f 3357/12/5 967/12/5 966/12/5
f 1157/12/5 1154/12/5 1150/12/5
f 1150/12/5 1154/12/5 1153/12/5
f 1564/12/5 3718/12/5 3691/12/5
f 3691/12/5 3718/12/5 1528/12/5
f 1630/5/5 1628/5/5 1734/5/5
f 1734/5/5 1628/5/5 1627/5/5
f 3719/12/5 1567/12/5 3717/12/5
f 3717/12/5 1567/12/5 1566/12/5
f 868/12/5 865/12/5 3294/12/5
f 3294/12/5 865/12/5 864/12/5
f 1347/12/5 1301/12/5 1348/12/5
f 1348/12/5 1301/12/5 1300/12/5
f 3084/12/5 3152/12/5 3083/12/5
f 3083/12/5 3152/12/5 3082/12/5
f 3220/12/5 822/12/5 3218/12/5
f 3218/12/5 822/12/5 3214/12/5
f 822/12/5 3259/12/5 3211/12/5
f 3211/12/5 3259/12/5 736/12/5
f 3260/12/5 816/12/5 3258/12/5
f 3258/12/5 816/12/5 815/12/5
f 817/12/5 4992/12/5 3215/12/5
f 3215/12/5 4992/12/5 740/12/5
f 4992/5/5 745/5/5 741/5/5
f 741/5/5 745/5/5 744/5/5
f 746/12/5 750/12/5 747/12/5
f 747/12/5 750/12/5 655/12/5
f 3155/1/5 657/1/5 3154/1/5
f 3154/1/5 657/1/5 656/1/5
f 3484/12/5 4479/12/5 3483/12/5
f 3483/12/5 4479/12/5 1229/12/5
f 3696/12/5 3697/12/5 3695/12/5
f 3695/12/5 3697/12/5 1564/12/5
f 3763/5/5 1631/5/5 3760/5/5
f 3760/5/5 1631/5/5 1630/5/5
f 4427/7/5 2544/7/5 4425/7/5
f 4425/7/5 2544/7/5 2543/7/5
f 4479/5/5 1209/5/5 1229/5/5
f 1229/5/5 1209/5/5 1208/5/5
f 1380/12/5 4993/12/5 1381/12/5
f 1381/12/5 4993/12/5 1423/12/5
f 3697/5/5 1540/5/5 1564/5/5
f 1564/5/5 1540/5/5 3718/5/5
f 1632/12/5 1601/12/5 1633/12/5
f 1633/12/5 1601/12/5 1600/12/5
f 586/9/5 4994/9/5 506/9/5
f 506/9/5 4994/9/5 4767/9/5
f 970/12/5 869/12/5 912/12/5
f 912/12/5 869/12/5 868/12/5
f 1159/12/5 1031/12/5 1160/12/5
f 1160/12/5 1031/12/5 1030/12/5
f 4993/12/5 4553/12/5 1424/12/5
f 1424/12/5 4553/12/5 1345/12/5
f 1540/12/5 3700/12/5 3718/12/5
f 3718/12/5 3700/12/5 1568/12/5
f 4553/12/5 1350/12/5 1346/12/5
f 1346/12/5 1350/12/5 1349/12/5
f 1544/12/5 1538/12/5 1535/12/5
f 1535/12/5 1538/12/5 1537/12/5
f 3157/12/5 3222/12/5 3156/12/5
f 3156/12/5 3222/12/5 3262/12/5
f 3263/12/5 820/12/5 3261/12/5
f 3261/12/5 820/12/5 819/12/5
f 821/5/5 4995/5/5 822/5/5
f 822/5/5 4995/5/5 3259/5/5
f 4995/12/5 828/12/5 3259/12/5
f 3259/12/5 828/12/5 817/12/5
f 825/12/5 824/12/5 816/12/5
f 816/12/5 824/12/5 823/12/5
f 751/12/5 749/12/5 745/12/5
f 745/12/5 749/12/5 748/12/5
f 659/12/5 583/12/5 579/12/5
f 579/12/5 583/12/5 581/12/5
f 409/12/5 407/12/5 509/12/5
f 509/12/5 407/12/5 406/12/5
f 3158/9/5 660/9/5 3155/9/5
f 3155/9/5 660/9/5 657/9/5
f 3765/12/5 1634/12/5 3763/12/5
f 3763/12/5 1634/12/5 1631/12/5
f 4996/12/5 971/12/5 1163/12/5
f 1163/12/5 971/12/5 969/12/5
f 3699/12/5 1541/12/5 3697/12/5
f 3697/12/5 1541/12/5 1540/12/5
f 4036/9/5 1984/9/5 4033/9/5
f 4033/9/5 1984/9/5 1983/9/5
f 510/1/5 4997/1/5 586/1/5
f 586/1/5 4997/1/5 4994/1/5
f 1542/5/5 1492/5/5 1543/5/5
f 1543/5/5 1492/5/5 3701/5/5
f 3702/12/5 1545/12/5 3693/12/5
f 3693/12/5 1545/12/5 4990/12/5
f 1546/12/5 1485/12/5 1547/12/5
f 1547/12/5 1485/12/5 1484/12/5
f 4039/9/5 1988/9/5 2035/9/5
f 2035/9/5 1988/9/5 1987/9/5
f 4997/1/5 3015/1/5 4767/1/5
f 4767/1/5 3015/1/5 3085/1/5
f 2629/8/5 2426/8/5 4790/8/5
f 4790/8/5 2426/8/5 2425/8/5
f 3164/12/5 3161/12/5 3087/12/5
f 3087/12/5 3161/12/5 3160/12/5
f 3162/5/5 4998/5/5 3159/5/5
f 3159/5/5 4998/5/5 3222/5/5
f 3265/12/5 832/12/5 3221/12/5
f 3221/12/5 832/12/5 821/12/5
f 829/12/5 826/12/5 820/12/5
f 820/12/5 826/12/5 825/12/5
f 4999/5/5 752/5/5 5000/5/5
f 5000/5/5 752/5/5 751/5/5
f 663/12/5 662/12/5 658/12/5
f 658/12/5 662/12/5 661/12/5
f 589/12/5 588/12/5 583/12/5
f 583/12/5 588/12/5 587/12/5
f 3014/9/5 511/9/5 3012/9/5
f 3012/9/5 511/9/5 510/9/5
f 3454/12/5 1161/12/5 3449/12/5
f 3449/12/5 1161/12/5 1158/12/5
f 3659/12/5 1489/12/5 3654/12/5
f 3654/12/5 1489/12/5 3698/12/5
f 3871/12/5 1801/12/5 3868/12/5
f 3868/12/5 1801/12/5 1800/12/5
f 1162/5/5 974/5/5 4996/5/5
f 4996/5/5 974/5/5 971/5/5
f 3661/12/5 1493/12/5 1542/12/5
f 1542/12/5 1493/12/5 1492/12/5
f 1494/12/5 1433/12/5 1429/12/5
f 1429/12/5 1433/12/5 1432/12/5
f 5001/2/5 2270/2/5 5002/2/5
f 5002/2/5 2270/2/5 2263/2/5
f 1434/12/5 1383/12/5 1435/12/5
f 1435/12/5 1383/12/5 1382/12/5
f 2270/8/5 2267/8/5 2263/8/5
f 2263/8/5 2267/8/5 2266/8/5
f 3165/12/5 760/12/5 3163/12/5
f 3163/12/5 760/12/5 4998/12/5
f 3266/12/5 830/12/5 3264/12/5
f 3264/12/5 830/12/5 829/12/5
f 3269/12/5 834/12/5 3267/12/5
f 3267/12/5 834/12/5 833/12/5
f 835/5/5 4675/5/5 836/5/5
f 836/5/5 4675/5/5 827/5/5
f 4675/12/5 5003/12/5 828/12/5
f 828/12/5 5003/12/5 5000/12/5
f 5003/12/5 755/12/5 4999/12/5
f 4999/12/5 755/12/5 752/12/5
f 307/12/5 304/12/5 298/12/5
f 298/12/5 304/12/5 303/12/5
f 4716/12/5 514/12/5 592/12/5
f 592/12/5 514/12/5 513/12/5
f 2931/1/5 414/1/5 3013/1/5
f 3013/1/5 414/1/5 512/1/5
f 3389/12/5 3400/12/5 3386/12/5
f 3386/12/5 3400/12/5 3399/12/5
f 3605/12/5 3614/12/5 3602/12/5
f 3602/12/5 3614/12/5 3613/12/5
f 3401/12/5 1084/12/5 3398/12/5
f 3398/12/5 1084/12/5 1083/12/5
f 3615/12/5 1437/12/5 1491/12/5
f 1491/12/5 1437/12/5 3660/12/5
f 3830/12/5 1736/12/5 3828/12/5
f 3828/12/5 1736/12/5 1735/12/5
f 1085/5/5 1035/5/5 1086/5/5
f 1086/5/5 1035/5/5 1034/5/5
f 1438/5/5 1387/5/5 1439/5/5
f 1439/5/5 1387/5/5 1386/5/5
f 2934/12/5 3018/12/5 2927/12/5
f 2927/12/5 3018/12/5 3224/12/5
f 3225/12/5 758/12/5 3223/12/5
f 3223/12/5 758/12/5 757/12/5
f 759/5/5 3166/5/5 760/5/5
f 760/5/5 3166/5/5 3226/5/5
f 3227/12/5 762/12/5 832/12/5
f 832/12/5 762/12/5 3268/12/5
f 667/12/5 4669/12/5 4647/12/5
f 4647/12/5 4669/12/5 4674/12/5
f 4669/5/5 4691/5/5 4674/5/5
f 4674/5/5 4691/5/5 5004/5/5
f 4691/12/5 5005/12/5 5004/12/5
f 5004/12/5 5005/12/5 756/12/5
f 5005/12/5 664/12/5 754/12/5
f 754/12/5 664/12/5 658/12/5
f 418/12/5 308/12/5 419/12/5
f 419/12/5 308/12/5 307/12/5
f 665/12/5 590/12/5 666/12/5
f 666/12/5 590/12/5 589/12/5
f 4051/9/5 5006/9/5 4048/9/5
f 4048/9/5 5006/9/5 4043/9/5
f 5006/9/5 5007/9/5 4040/9/5
f 4040/9/5 5007/9/5 1991/9/5
f 5008/9/5 1996/9/5 4044/9/5
f 4044/9/5 1996/9/5 1995/9/5
f 2771/12/5 186/12/5 4590/12/5
f 4590/12/5 186/12/5 185/12/5
f 3020/12/5 3094/12/5 3017/12/5
f 3017/12/5 3094/12/5 3093/12/5
f 3095/12/5 3168/12/5 3092/12/5
f 3092/12/5 3168/12/5 3167/12/5
f 3169/12/5 5009/12/5 3166/12/5
f 3166/12/5 5009/12/5 763/12/5
f 5009/12/5 668/12/5 764/12/5
f 764/12/5 668/12/5 4647/12/5
f 597/12/5 594/12/5 4668/12/5
f 4668/12/5 594/12/5 593/12/5
f 5010/10/5 2271/10/5 5001/10/5
f 5001/10/5 2271/10/5 2270/10/5
f 3024/12/5 520/12/5 3021/12/5
f 3021/12/5 520/12/5 519/12/5
f 3096/12/5 598/12/5 670/12/5
f 670/12/5 598/12/5 4668/12/5
f 521/12/5 425/12/5 522/12/5
f 522/12/5 425/12/5 424/12/5
f 426/12/5 311/12/5 427/12/5
f 427/12/5 311/12/5 310/12/5
f 4055/9/5 2000/9/5 4052/9/5
f 4052/9/5 2000/9/5 1999/9/5
f 4090/1/5 2033/1/5 4089/1/5
f 4089/1/5 2033/1/5 2032/1/5
f 2034/9/5 5011/9/5 5012/9/5
f 5012/9/5 5011/9/5 2003/9/5
f 5013/8/5 2275/8/5 2271/8/5
f 2271/8/5 2275/8/5 2274/8/5
f 4063/9/5 2004/9/5 4060/9/5
f 4060/9/5 2004/9/5 5011/9/5
f 2206/11/5 2152/11/5 2279/11/5
f 2279/11/5 2152/11/5 2151/11/5
f 5014/2/5 5015/2/5 2634/2/5
f 2634/2/5 5015/2/5 5002/2/5
f 5015/2/5 2281/2/5 5010/2/5
f 5010/2/5 2281/2/5 2271/2/5
f 2281/2/5 2280/2/5 5013/2/5
f 5013/2/5 2280/2/5 2275/2/5
f 3231/7/5 766/7/5 3228/7/5
f 3228/7/5 766/7/5 765/7/5
f 3363/3/5 977/3/5 3362/3/5
f 3362/3/5 977/3/5 976/3/5
f 3587/7/5 1359/7/5 3533/7/5
f 3533/7/5 1359/7/5 1263/7/5
f 3873/7/5 1805/7/5 3912/7/5
f 3912/7/5 1805/7/5 1855/7/5
f 3903/3/5 1843/3/5 3900/3/5
f 3900/3/5 1843/3/5 1842/3/5
f 4141/3/5 2090/3/5 4140/3/5
f 4140/3/5 2090/3/5 2089/3/5
f 5016/1/5 5017/1/5 5018/1/5
f 5018/1/5 5017/1/5 2281/1/5
f 3171/3/5 672/3/5 3230/3/5
f 3230/3/5 672/3/5 767/3/5
f 3327/3/5 919/3/5 3325/3/5
f 3325/3/5 919/3/5 918/3/5
f 3617/3/5 1441/3/5 3616/3/5
f 3616/3/5 1441/3/5 1440/3/5
f 3768/3/5 1637/3/5 3766/3/5
f 3766/3/5 1637/3/5 1636/3/5
f 3922/7/5 1864/7/5 3921/7/5
f 3921/7/5 1864/7/5 1863/7/5
f 4105/3/5 2052/3/5 4102/3/5
f 4102/3/5 2052/3/5 2051/3/5
f 4133/7/5 2080/7/5 4130/7/5
f 4130/7/5 2080/7/5 2078/7/5
f 5019/6/5 5020/6/5 5016/6/5
f 5016/6/5 5020/6/5 5021/6/5
f 5020/1/5 2282/1/5 5021/1/5
f 5021/1/5 2282/1/5 5017/1/5
f 3175/3/5 677/3/5 2942/3/5
f 2942/3/5 677/3/5 429/3/5
f 3456/3/5 1166/3/5 3402/3/5
f 3402/3/5 1166/3/5 1087/3/5
f 3792/7/5 1670/7/5 3791/7/5
f 3791/7/5 1670/7/5 1669/7/5
f 4065/3/5 2009/3/5 3922/3/5
f 3922/3/5 2009/3/5 1864/3/5
f 4172/3/5 2118/3/5 4133/3/5
f 4133/3/5 2118/3/5 2080/3/5
f 5022/6/5 5023/6/5 5020/6/5
f 5020/6/5 5023/6/5 2282/6/5
f 5023/1/5 2286/1/5 2282/1/5
f 2282/1/5 2286/1/5 2285/1/5
f 3271/3/5 838/3/5 3270/3/5
f 3270/3/5 838/3/5 837/3/5
f 3607/7/5 1391/7/5 3606/7/5
f 3606/7/5 1391/7/5 1390/7/5
f 3770/7/5 1640/7/5 3769/7/5
f 3769/7/5 1640/7/5 1639/7/5
f 4107/7/5 2055/7/5 4105/7/5
f 4105/7/5 2055/7/5 2052/7/5
f 2633/1/5 5024/1/5 5014/1/5
f 5014/1/5 5024/1/5 5018/1/5
f 5024/1/5 5025/1/5 5019/1/5
f 5019/1/5 5025/1/5 5020/1/5
f 5025/1/5 5026/1/5 5022/1/5
f 5022/1/5 5026/1/5 5023/1/5
f 5026/8/5 2289/8/5 5023/8/5
f 5023/8/5 2289/8/5 2286/8/5
f 4093/9/6 4092/9/6 2038/9/6
f 2038/9/6 4092/9/6 2039/9/6
f 3930/9/6 3929/9/6 5027/9/6
f 5027/9/6 3929/9/6 1869/9/6
f 5027/9/6 1868/9/6 5028/9/6
f 5028/9/6 1868/9/6 3926/9/6
f 4067/1/6 4096/1/6 2010/1/6
f 2010/1/6 4096/1/6 2042/1/6
f 5028/9/6 3925/9/6 1872/9/6
f 1872/9/6 3925/9/6 1873/9/6
f 1878/1/6 4068/1/6 2012/1/6
f 2012/1/6 4068/1/6 2013/1/6
f 3934/9/6 3933/9/6 5029/9/6
f 5029/9/6 3933/9/6 1877/9/6
f 5029/9/6 1876/9/6 1880/9/6
f 1880/9/6 1876/9/6 1881/9/6
f 3328/12/6 3368/12/6 921/12/6
f 921/12/6 3368/12/6 983/12/6
f 3565/12/6 3591/12/6 1308/12/6
f 1308/12/6 3591/12/6 1363/12/6
f 3771/12/6 3794/12/6 1641/12/6
f 1641/12/6 3794/12/6 1673/12/6
f 982/12/6 981/12/6 1040/12/6
f 1040/12/6 981/12/6 1041/12/6
f 1362/12/6 1361/12/6 1364/12/6
f 1364/12/6 1361/12/6 1394/12/6
f 1672/12/6 1671/12/6 1704/12/6
f 1704/12/6 1671/12/6 1705/12/6
f 2781/12/6 2780/12/6 195/12/6
f 195/12/6 2780/12/6 196/12/6
f 4892/12/6 2948/12/6 436/12/6
f 436/12/6 2948/12/6 437/12/6
f 194/12/6 193/12/6 316/12/6
f 316/12/6 193/12/6 317/12/6
f 315/12/6 314/12/6 2860/12/6
f 2860/12/6 314/12/6 2858/12/6
f 198/12/6 197/12/6 4893/12/6
f 4893/12/6 197/12/6 321/12/6
f 3301/12/6 3300/12/6 874/12/6
f 874/12/6 3300/12/6 875/12/6
f 3537/12/6 3536/12/6 1267/12/6
f 1267/12/6 3536/12/6 1268/12/6
f 3746/12/6 3745/12/6 1606/12/6
f 1606/12/6 3745/12/6 1607/12/6
f 922/12/6 921/12/6 3333/12/6
f 3333/12/6 921/12/6 3330/12/6
f 1309/12/6 1308/12/6 3570/12/6
f 3570/12/6 1308/12/6 3567/12/6
f 1642/12/6 1641/12/6 1643/12/6
f 1643/12/6 1641/12/6 1676/12/6
f 3332/5/6 3331/5/6 925/5/6
f 925/5/6 3331/5/6 926/5/6
f 3569/5/6 3568/5/6 1312/5/6
f 1312/5/6 3568/5/6 1313/5/6
f 924/12/6 923/12/6 1095/12/6
f 1095/12/6 923/12/6 1096/12/6
f 2785/12/6 2862/12/6 2784/12/6
f 2784/12/6 2862/12/6 2782/12/6
f 2783/5/6 2781/5/6 2714/5/6
f 2714/5/6 2781/5/6 195/5/6
f 98/12/6 97/12/6 2717/12/6
f 2717/12/6 97/12/6 2715/12/6
f 41/12/6 2716/12/6 103/12/6
f 103/12/6 2716/12/6 104/12/6
f 102/12/6 2859/12/6 5030/12/6
f 5030/12/6 2859/12/6 200/12/6
f 5030/12/6 199/12/6 203/12/6
f 203/12/6 199/12/6 204/12/6
f 319/12/6 4889/12/6 322/12/6
f 322/12/6 4889/12/6 444/12/6
f 2865/9/6 3029/9/6 325/9/6
f 325/9/6 3029/9/6 525/9/6
f 3773/12/6 3747/12/6 5031/12/6
f 5031/12/6 3747/12/6 1646/12/6
f 1749/5/6 1741/5/6 1745/5/6
f 1745/5/6 1741/5/6 1707/5/6
f 3938/9/6 3937/9/6 1884/9/6
f 1884/9/6 3937/9/6 1885/9/6
f 3410/12/6 3302/12/6 3304/12/6
f 3304/12/6 3302/12/6 925/12/6
f 3621/12/6 3538/12/6 1367/12/6
f 1367/12/6 3538/12/6 1312/12/6
f 3283/12/6 3303/12/6 878/12/6
f 878/12/6 3303/12/6 879/12/6
f 3517/12/6 3539/12/6 1271/12/6
f 1271/12/6 3539/12/6 1272/12/6
f 1555/12/6 3671/12/6 1505/12/6
f 1505/12/6 3671/12/6 1506/12/6
f 2953/12/6 2952/12/6 2864/12/6
f 2864/12/6 2952/12/6 2863/12/6
f 2787/12/6 2786/12/6 2662/12/6
f 2662/12/6 2786/12/6 2659/12/6
f 38/12/6 2713/12/6 2665/12/6
f 2665/12/6 2713/12/6 100/12/6
f 42/5/6 41/5/6 5032/5/6
f 5032/5/6 41/5/6 103/5/6
f 5032/12/6 103/12/6 45/12/6
f 45/12/6 103/12/6 4864/12/6
f 45/5/6 4864/5/6 108/5/6
f 108/5/6 4864/5/6 4872/5/6
f 108/12/6 4872/12/6 207/12/6
f 207/12/6 4872/12/6 208/12/6
f 2793/1/6 2866/1/6 212/1/6
f 212/1/6 2866/1/6 327/1/6
f 3306/12/6 3486/12/6 3285/12/6
f 3285/12/6 3486/12/6 4728/12/6
f 3541/12/6 3704/12/6 3519/12/6
f 3519/12/6 3704/12/6 4735/12/6
f 3749/12/6 3775/12/6 1610/12/6
f 1610/12/6 3775/12/6 1611/12/6
f 3889/12/6 3888/12/6 1828/12/6
f 1828/12/6 3888/12/6 1829/12/6
f 3285/5/6 4728/5/6 5033/5/6
f 5033/5/6 4728/5/6 4746/5/6
f 3519/5/6 4735/5/6 5034/5/6
f 5034/5/6 4735/5/6 4752/5/6
f 5033/12/6 4746/12/6 850/12/6
f 850/12/6 4746/12/6 3283/12/6
f 5034/12/6 4752/12/6 1248/12/6
f 1248/12/6 4752/12/6 3517/12/6
f 1509/12/6 1447/12/6 1554/12/6
f 1554/12/6 1447/12/6 1555/12/6
f 3892/12/6 1810/12/6 1832/12/6
f 1832/12/6 1810/12/6 1833/12/6
f 853/12/6 3284/12/6 881/12/6
f 881/12/6 3284/12/6 882/12/6
f 1251/12/6 3518/12/6 1274/12/6
f 1274/12/6 3518/12/6 1275/12/6
f 1591/12/6 3735/12/6 1586/12/6
f 1586/12/6 3735/12/6 1587/12/6
f 880/12/6 3334/12/6 883/12/6
f 883/12/6 3334/12/6 929/12/6
f 1273/12/6 1270/12/6 1276/12/6
f 1276/12/6 1270/12/6 1316/12/6
f 928/12/6 4891/12/6 4587/12/6
f 4587/12/6 4891/12/6 987/12/6
f 4587/12/6 986/12/6 990/12/6
f 990/12/6 986/12/6 991/12/6
f 2791/5/6 2790/5/6 2721/5/6
f 2721/5/6 2790/5/6 2718/5/6
f 2720/12/6 2719/12/6 2667/12/6
f 2667/12/6 2719/12/6 2661/12/6
f 5035/12/6 39/12/6 2635/12/6
f 2635/12/6 39/12/6 2664/12/6
f 2635/12/6 2663/12/6 1/12/6
f 1/12/6 2663/12/6 44/12/6
f 1/12/6 43/12/6 47/12/6
f 47/12/6 43/12/6 48/12/6
f 106/5/6 105/5/6 210/5/6
f 210/5/6 105/5/6 211/5/6
f 2795/9/6 2794/9/6 214/9/6
f 214/9/6 2794/9/6 215/9/6
f 3307/5/6 3306/5/6 890/5/6
f 890/5/6 3306/5/6 3285/5/6
f 3542/5/6 3541/5/6 1283/5/6
f 1283/5/6 3541/5/6 3519/5/6
f 3750/5/6 3749/5/6 1613/5/6
f 1613/5/6 3749/5/6 1610/5/6
f 1893/9/6 5036/9/6 1888/9/6
f 1888/9/6 5036/9/6 1889/9/6
f 3287/12/6 3286/12/6 852/12/6
f 852/12/6 3286/12/6 853/12/6
f 3521/12/6 3520/12/6 1250/12/6
f 1250/12/6 3520/12/6 1251/12/6
f 3737/12/6 3736/12/6 1590/12/6
f 1590/12/6 3736/12/6 1591/12/6
f 851/12/6 850/12/6 4544/12/6
f 4544/12/6 850/12/6 4543/12/6
f 1249/12/6 1248/12/6 4551/12/6
f 4551/12/6 1248/12/6 4550/12/6
f 1757/12/6 1748/12/6 1752/12/6
f 1752/12/6 1748/12/6 1753/12/6
f 4399/10/6 4398/10/6 4787/10/6
f 4787/10/6 4398/10/6 2491/10/6
f 4544/5/6 4543/5/6 885/5/6
f 885/5/6 4543/5/6 886/5/6
f 4551/5/6 4550/5/6 1278/5/6
f 1278/5/6 4550/5/6 1279/5/6
f 1408/12/6 5037/12/6 1403/12/6
f 1403/12/6 5037/12/6 1404/12/6
f 5038/1/6 5039/1/6 5040/1/6
f 5040/1/6 5039/1/6 4798/1/6
f 884/12/6 883/12/6 994/12/6
f 994/12/6 883/12/6 995/12/6
f 2798/12/6 2797/12/6 5041/12/6
f 5041/12/6 2797/12/6 2666/12/6
f 5042/5/6 5035/5/6 2638/5/6
f 2638/5/6 5035/5/6 2635/5/6
f 2637/12/6 2636/12/6 3/12/6
f 3/12/6 2636/12/6 4/12/6
f 2/5/6 1/5/6 5044/5/6
f 5044/5/6 1/5/6 5043/5/6
f 5044/12/6 5043/12/6 5/12/6
f 5/12/6 5043/12/6 5045/12/6
f 5/5/6 5045/5/6 50/5/6
f 50/5/6 5045/5/6 47/5/6
f 2321/4/6 4346/4/6 5046/4/6
f 5046/4/6 4346/4/6 2377/4/6
f 49/12/6 45/12/6 112/12/6
f 112/12/6 45/12/6 108/12/6
f 112/12/6 107/12/6 217/12/6
f 217/12/6 107/12/6 218/12/6
f 216/12/6 209/12/6 221/12/6
f 221/12/6 209/12/6 330/12/6
f 3041/1/6 2795/1/6 220/1/6
f 220/1/6 2795/1/6 214/1/6
f 3413/12/6 3307/12/6 889/12/6
f 889/12/6 3307/12/6 890/12/6
f 3624/12/6 3542/12/6 1282/12/6
f 1282/12/6 3542/12/6 1283/12/6
f 3778/12/6 3750/12/6 1615/12/6
f 1615/12/6 3750/12/6 1613/12/6
f 3835/12/6 3834/12/6 1756/12/6
f 1756/12/6 3834/12/6 1741/12/6
f 3946/9/6 3945/9/6 1892/9/6
f 1892/9/6 3945/9/6 5036/9/6
f 219/1/6 212/1/6 4498/1/6
f 4498/1/6 212/1/6 5039/1/6
f 1614/12/6 1608/12/6 1645/12/6
f 1645/12/6 1608/12/6 5031/12/6
f 888/12/6 887/12/6 3336/12/6
f 3336/12/6 887/12/6 4525/12/6
f 1281/12/6 1280/12/6 3572/12/6
f 3572/12/6 1280/12/6 4527/12/6
f 3336/5/6 4525/5/6 940/5/6
f 940/5/6 4525/5/6 4545/5/6
f 3572/5/6 4527/5/6 1330/5/6
f 1330/5/6 4527/5/6 1319/5/6
f 1460/12/6 4896/12/6 1407/12/6
f 1407/12/6 4896/12/6 5037/12/6
f 3950/9/6 3949/9/6 5047/9/6
f 5047/9/6 3949/9/6 3942/9/6
f 4498/9/6 5038/9/6 4566/9/6
f 4566/9/6 5038/9/6 5048/9/6
f 940/12/6 4545/12/6 932/12/6
f 932/12/6 4545/12/6 884/12/6
f 1330/12/6 1319/12/6 1322/12/6
f 1322/12/6 1319/12/6 1277/12/6
f 1406/12/6 1405/12/6 1453/12/6
f 1453/12/6 1405/12/6 1402/12/6
f 3837/12/6 1752/12/6 1760/12/6
f 1760/12/6 1752/12/6 1761/12/6
f 5047/9/6 3941/9/6 1896/9/6
f 1896/9/6 3941/9/6 1897/9/6
f 4566/1/6 5048/1/6 4578/1/6
f 4578/1/6 5048/1/6 5040/1/6
f 931/12/6 930/12/6 997/12/6
f 997/12/6 930/12/6 998/12/6
f 4578/9/6 4798/9/6 2802/9/6
f 2802/9/6 4798/9/6 2792/9/6
f 2324/13/6 2323/13/6 2372/13/6
f 2372/13/6 2323/13/6 2373/13/6
f 2801/5/6 2800/5/6 2724/5/6
f 2724/5/6 2800/5/6 2722/5/6
f 2371/8/6 2370/8/6 4351/8/6
f 4351/8/6 2370/8/6 4348/8/6
f 2670/12/6 2723/12/6 2669/12/6
f 2669/12/6 2723/12/6 5041/12/6
f 2668/12/6 2660/12/6 2639/12/6
f 2639/12/6 2660/12/6 40/12/6
f 5049/6/6 2157/6/6 5050/6/6
f 5050/6/6 2157/6/6 4219/6/6
f 2639/12/6 5042/12/6 9/12/6
f 9/12/6 5042/12/6 2/12/6
f 12/12/6 3/12/6 7/12/6
f 7/12/6 3/12/6 8/12/6
f 4920/4/6 2294/4/6 2329/4/6
f 2329/4/6 2294/4/6 2330/4/6
f 5051/5/6 49/5/6 111/5/6
f 111/5/6 49/5/6 112/5/6
f 4438/13/6 4437/13/6 2558/13/6
f 2558/13/6 4437/13/6 2559/13/6
f 2435/4/6 2400/4/6 2431/4/6
f 2431/4/6 2400/4/6 2432/4/6
f 110/12/6 109/12/6 5052/12/6
f 5052/12/6 109/12/6 224/12/6
f 3416/12/6 3415/12/6 4474/12/6
f 4474/12/6 3415/12/6 888/12/6
f 3627/12/6 3626/12/6 4488/12/6
f 4488/12/6 3626/12/6 1281/12/6
f 3840/12/6 3839/12/6 4492/12/6
f 4492/12/6 3839/12/6 1614/12/6
f 4474/5/6 888/5/6 935/5/6
f 935/5/6 888/5/6 936/5/6
f 4488/5/6 1281/5/6 1325/5/6
f 1325/5/6 1281/5/6 1326/5/6
f 4492/5/6 1614/5/6 1648/5/6
f 1648/5/6 1614/5/6 1645/5/6
f 934/12/6 933/12/6 1005/12/6
f 1005/12/6 933/12/6 3335/12/6
f 1324/12/6 1323/12/6 1369/12/6
f 1369/12/6 1323/12/6 3571/12/6
f 4924/1/6 1883/1/6 4919/1/6
f 4919/1/6 1883/1/6 2017/1/6
f 3337/12/6 3336/12/6 939/12/6
f 939/12/6 3336/12/6 940/12/6
f 3573/12/6 3572/12/6 1329/12/6
f 1329/12/6 3572/12/6 1330/12/6
f 4213/13/6 5053/13/6 4609/13/6
f 4609/13/6 5053/13/6 5054/13/6
f 938/12/6 937/12/6 1001/12/6
f 1001/12/6 937/12/6 931/12/6
f 2870/12/6 2869/12/6 2673/12/6
f 2673/12/6 2869/12/6 2670/12/6
f 2672/12/6 2671/12/6 4598/12/6
f 4598/12/6 2671/12/6 2668/12/6
f 4609/8/6 5054/8/6 4274/8/6
f 4274/8/6 5054/8/6 5055/8/6
f 4598/5/6 2668/5/6 2642/5/6
f 2642/5/6 2668/5/6 2639/5/6
f 4274/13/6 5055/13/6 5056/13/6
f 5056/13/6 5055/13/6 5050/13/6
f 2641/12/6 2640/12/6 11/12/6
f 11/12/6 2640/12/6 12/12/6
f 2526/13/6 2378/13/6 4355/13/6
f 4355/13/6 2378/13/6 4352/13/6
f 56/5/6 5057/5/6 4677/5/6
f 4677/5/6 5057/5/6 6/5/6
f 4354/4/6 4353/4/6 5058/4/6
f 5058/4/6 4353/4/6 2328/4/6
f 4677/12/6 5/12/6 52/12/6
f 52/12/6 5/12/6 50/12/6
f 5058/4/6 2327/4/6 2376/4/6
f 2376/4/6 2327/4/6 5046/4/6
f 2375/4/6 2374/4/6 2402/4/6
f 2402/4/6 2374/4/6 2403/4/6
f 120/5/6 111/5/6 115/5/6
f 115/5/6 111/5/6 116/5/6
f 2434/4/6 2433/4/6 5059/4/6
f 5059/4/6 2433/4/6 2430/4/6
f 114/12/6 113/12/6 223/12/6
f 223/12/6 113/12/6 5052/12/6
f 334/12/6 331/12/6 455/12/6
f 455/12/6 331/12/6 329/12/6
f 5059/4/6 2429/4/6 2463/4/6
f 2463/4/6 2429/4/6 2464/4/6
f 2462/4/6 4910/4/6 2502/4/6
f 2502/4/6 4910/4/6 2503/4/6
f 2501/4/6 4441/4/6 2522/4/6
f 2522/4/6 4441/4/6 2562/4/6
f 2874/1/6 2873/1/6 337/1/6
f 337/1/6 2873/1/6 219/1/6
f 3798/12/6 3797/12/6 1679/12/6
f 1679/12/6 3797/12/6 1680/12/6
f 3372/12/6 3371/12/6 4507/12/6
f 4507/12/6 3371/12/6 934/12/6
f 3595/12/6 3594/12/6 4517/12/6
f 4517/12/6 3594/12/6 1324/12/6
f 4507/5/6 934/5/6 1004/5/6
f 1004/5/6 934/5/6 1005/5/6
f 4517/5/6 1324/5/6 1372/5/6
f 1372/5/6 1324/5/6 1369/5/6
f 3801/5/6 1647/5/6 1683/5/6
f 1683/5/6 1647/5/6 1684/5/6
f 1901/9/6 5060/9/6 5061/9/6
f 5061/9/6 5060/9/6 1905/9/6
f 2877/12/6 2876/12/6 4588/12/6
f 4588/12/6 2876/12/6 2725/12/6
f 124/12/6 4599/12/6 2676/12/6
f 2676/12/6 4599/12/6 2674/12/6
f 2675/12/6 2642/12/6 5062/12/6
f 5062/12/6 2642/12/6 10/12/6
f 2332/13/6 2331/13/6 2380/13/6
f 2380/13/6 2331/13/6 2381/13/6
f 5062/12/6 9/12/6 55/12/6
f 55/12/6 9/12/6 5057/12/6
f 54/12/6 53/12/6 544/12/6
f 544/12/6 53/12/6 51/12/6
f 544/12/6 5051/12/6 119/12/6
f 119/12/6 5051/12/6 111/12/6
f 118/12/6 117/12/6 227/12/6
f 227/12/6 117/12/6 114/12/6
f 458/12/6 457/12/6 539/12/6
f 539/12/6 457/12/6 4714/12/6
f 4211/7/6 4385/7/6 2159/7/6
f 2159/7/6 4385/7/6 2460/7/6
f 2466/13/6 2465/13/6 2506/13/6
f 2506/13/6 2465/13/6 2507/13/6
f 3954/9/6 3953/9/6 1900/9/6
f 1900/9/6 3953/9/6 5060/9/6
f 3958/9/6 3957/9/6 1904/9/6
f 1904/9/6 3957/9/6 5061/9/6
f 2726/12/6 2673/12/6 123/12/6
f 123/12/6 2673/12/6 4599/12/6
f 2965/12/6 2964/12/6 2880/12/6
f 2880/12/6 2964/12/6 2879/12/6
f 122/12/6 121/12/6 2730/12/6
f 2730/12/6 121/12/6 2728/12/6
f 2729/12/6 2676/12/6 127/12/6
f 127/12/6 2676/12/6 128/12/6
f 126/5/6 125/5/6 4642/5/6
f 4642/5/6 125/5/6 4637/5/6
f 2162/4/6 2161/4/6 2212/4/6
f 2212/4/6 2161/4/6 2293/4/6
f 4642/12/6 4637/12/6 4655/12/6
f 4655/12/6 4637/12/6 5063/12/6
f 2211/4/6 2210/4/6 2296/4/6
f 2296/4/6 2210/4/6 2322/4/6
f 4655/5/6 5063/5/6 2734/5/6
f 2734/5/6 5063/5/6 2731/5/6
f 2733/12/6 2732/12/6 543/12/6
f 543/12/6 2732/12/6 544/12/6
f 2405/4/6 2404/4/6 2438/4/6
f 2438/4/6 2404/4/6 2439/4/6
f 4215/10/6 4214/10/6 2216/10/6
f 2216/10/6 4214/10/6 2217/10/6
f 4275/8/6 4274/8/6 5064/8/6
f 5064/8/6 4274/8/6 5056/8/6
f 2969/12/6 2968/12/6 344/12/6
f 344/12/6 2968/12/6 345/12/6
f 343/12/6 342/12/6 461/12/6
f 461/12/6 342/12/6 462/12/6
f 460/12/6 459/12/6 547/12/6
f 547/12/6 459/12/6 548/12/6
f 2882/12/6 2881/12/6 348/12/6
f 348/12/6 2881/12/6 349/12/6
f 2803/12/6 2734/12/6 230/12/6
f 230/12/6 2734/12/6 231/12/6
f 2576/13/6 2348/13/6 2384/13/6
f 2384/13/6 2348/13/6 2385/13/6
f 2165/13/6 5049/13/6 5065/13/6
f 5065/13/6 5049/13/6 5053/13/6
f 5065/13/6 4216/13/6 5066/13/6
f 5066/13/6 4216/13/6 4556/13/6
f 5066/8/6 4556/8/6 5067/8/6
f 5067/8/6 4556/8/6 4275/8/6
f 5067/13/6 4275/13/6 4222/13/6
f 4222/13/6 4275/13/6 5064/13/6
f 4221/4/6 4271/4/6 4176/4/6
f 4176/4/6 4271/4/6 2164/4/6
f 4175/4/6 4174/4/6 4147/4/6
f 4147/4/6 4174/4/6 2220/4/6
f 3962/9/6 3961/9/6 1908/9/6
f 1908/9/6 3961/9/6 1909/9/6
f 4144/7/6 4217/7/6 2093/7/6
f 2093/7/6 4217/7/6 2166/7/6
f 4071/1/6 4923/1/6 2016/1/6
f 2016/1/6 4923/1/6 1899/1/6
f 3966/9/6 3965/9/6 1912/9/6
f 1912/9/6 3965/9/6 1913/9/6
f 2092/6/6 2091/6/6 5068/6/6
f 5068/6/6 2091/6/6 4648/6/6
f 4148/4/6 2219/4/6 4151/4/6
f 4151/4/6 2219/4/6 2122/4/6
f 3121/3/6 3120/3/6 624/3/6
f 624/3/6 3120/3/6 625/3/6
f 3633/3/6 3632/3/6 1463/3/6
f 1463/3/6 3632/3/6 1464/3/6
f 2178/8/6 2130/8/6 4180/8/6
f 4180/8/6 2130/8/6 4177/8/6
f 4179/6/6 4178/6/6 5069/6/6
f 5069/6/6 4178/6/6 5068/6/6
f 4152/4/6 2121/4/6 2125/4/6
f 2125/4/6 2121/4/6 2126/4/6
f 3423/7/6 3422/7/6 1116/7/6
f 1116/7/6 3422/7/6 1117/7/6
f 3817/7/6 3816/7/6 1710/7/6
f 1710/7/6 3816/7/6 1711/7/6
f 3907/3/6 3906/3/6 1849/3/6
f 1849/3/6 3906/3/6 1850/3/6
f 4118/7/6 4117/7/6 2067/7/6
f 2067/7/6 4117/7/6 2068/7/6
f 4155/3/6 4154/3/6 2096/3/6
f 2096/3/6 4154/3/6 2097/3/6
f 4225/8/6 4224/8/6 5070/8/6
f 5070/8/6 4224/8/6 4184/8/6
f 2805/7/6 2884/7/6 235/7/6
f 235/7/6 2884/7/6 352/7/6
f 3576/3/6 3575/3/6 1333/3/6
f 1333/3/6 3575/3/6 1332/3/6
f 3723/7/6 3722/7/6 1573/7/6
f 1573/7/6 3722/7/6 1574/7/6
f 3968/7/6 3962/7/6 1915/7/6
f 1915/7/6 3962/7/6 1908/7/6
f 2441/13/6 2440/13/6 2470/13/6
f 2470/13/6 2440/13/6 2471/13/6
f 2139/13/6 4648/13/6 5071/13/6
f 5071/13/6 4648/13/6 4146/13/6
f 5071/13/6 4149/13/6 4181/13/6
f 4181/13/6 4149/13/6 4150/13/6
f 2172/4/6 2171/4/6 2228/4/6
f 2228/4/6 2171/4/6 2229/4/6
f 2886/7/6 2885/7/6 353/7/6
f 353/7/6 2885/7/6 351/7/6
f 3274/7/6 3273/7/6 841/7/6
f 841/7/6 3273/7/6 840/7/6
f 3341/7/6 3340/7/6 944/7/6
f 944/7/6 3340/7/6 945/7/6
f 3849/3/6 3848/3/6 1771/3/6
f 1771/3/6 3848/3/6 1772/3/6
f 4122/3/6 4110/3/6 2072/3/6
f 2072/3/6 4110/3/6 2058/3/6
f 2584/13/6 2442/13/6 2388/13/6
f 2388/13/6 2442/13/6 2389/13/6
f 4182/13/6 4153/13/6 2128/13/6
f 2128/13/6 4153/13/6 2129/13/6
f 3502/3/6 3501/3/6 1233/3/6
f 1233/3/6 3501/3/6 1232/3/6
f 3725/7/6 3724/7/6 1575/7/6
f 1575/7/6 3724/7/6 1572/7/6
f 4125/3/6 4124/3/6 2074/3/6
f 2074/3/6 4124/3/6 2075/3/6
f 4188/8/6 4228/8/6 4187/8/6
f 4187/8/6 4228/8/6 5070/8/6
f 2233/4/6 4935/4/6 2340/4/6
f 2340/4/6 4935/4/6 2341/4/6
f 2806/3/6 2805/3/6 234/3/6
f 234/3/6 2805/3/6 235/3/6
f 2131/8/6 2177/8/6 2181/8/6
f 2181/8/6 2177/8/6 2182/8/6
f 2530/13/6 2444/13/6 2474/13/6
f 2474/13/6 2444/13/6 2475/13/6
f 2180/13/6 2179/13/6 4237/13/6
f 4237/13/6 2179/13/6 4234/13/6
f 4236/8/6 4235/8/6 2132/8/6
f 2132/8/6 4235/8/6 2185/8/6
f 4242/13/6 5072/13/6 4241/13/6
f 4241/13/6 5072/13/6 4287/13/6
f 4240/8/6 4239/8/6 4191/8/6
f 4191/8/6 4239/8/6 4229/8/6
f 4244/4/6 2234/4/6 2343/4/6
f 2343/4/6 2234/4/6 2344/4/6
f 2594/13/6 2527/13/6 2590/13/6
f 2590/13/6 2527/13/6 2591/13/6
f 2192/6/6 2099/6/6 2134/6/6
f 2134/6/6 2099/6/6 2135/6/6
f 2186/13/6 2183/13/6 4243/13/6
f 4243/13/6 2183/13/6 5072/13/6
f 4198/6/6 4197/6/6 5073/6/6
f 5073/6/6 4197/6/6 4190/6/6
f 5073/6/6 4189/6/6 5074/6/6
f 5074/6/6 4189/6/6 4186/6/6
f 5074/6/6 4185/6/6 2138/6/6
f 2138/6/6 4185/6/6 5069/6/6
f 2188/4/6 2187/4/6 4246/4/6
f 4246/4/6 2187/4/6 2172/4/6
f 2301/4/6 4245/4/6 2346/4/6
f 2346/4/6 4245/4/6 2347/4/6
f 2596/13/6 2407/13/6 2449/13/6
f 2449/13/6 2407/13/6 2450/13/6
f 4075/1/6 4074/1/6 2020/1/6
f 2020/1/6 4074/1/6 2021/1/6
f 4247/13/6 5075/13/6 4610/13/6
f 4610/13/6 5075/13/6 2186/13/6
f 3974/9/6 3973/9/6 1921/9/6
f 1921/9/6 3973/9/6 1922/9/6
f 4610/8/6 2186/8/6 4291/8/6
f 4291/8/6 2186/8/6 5076/8/6
f 4291/13/6 5076/13/6 5077/13/6
f 5077/13/6 5076/13/6 4254/13/6
f 2237/4/6 2140/4/6 2300/4/6
f 2300/4/6 2140/4/6 2301/4/6
f 4160/7/6 4159/7/6 2101/7/6
f 2101/7/6 4159/7/6 2102/7/6
f 2810/12/6 2809/12/6 238/12/6
f 238/12/6 2809/12/6 239/12/6
f 4946/12/6 2976/12/6 467/12/6
f 467/12/6 2976/12/6 468/12/6
f 237/12/6 236/12/6 358/12/6
f 358/12/6 236/12/6 359/12/6
f 4201/4/6 4200/4/6 2142/4/6
f 2142/4/6 4200/4/6 2143/4/6
f 357/12/6 356/12/6 2891/12/6
f 2891/12/6 356/12/6 2889/12/6
f 241/12/6 240/12/6 4948/12/6
f 4948/12/6 240/12/6 363/12/6
f 2601/13/6 2302/13/6 2353/13/6
f 2353/13/6 2302/13/6 2354/13/6
f 2511/4/6 2510/4/6 2533/4/6
f 2533/4/6 2510/4/6 2534/4/6
f 3977/9/6 3976/9/6 5078/9/6
f 5078/9/6 3976/9/6 1930/9/6
f 2814/12/6 2893/12/6 2813/12/6
f 2813/12/6 2893/12/6 2811/12/6
f 2812/5/6 2810/5/6 2736/5/6
f 2736/5/6 2810/5/6 238/5/6
f 130/12/6 129/12/6 2739/12/6
f 2739/12/6 129/12/6 2737/12/6
f 61/12/6 2738/12/6 135/12/6
f 135/12/6 2738/12/6 136/12/6
f 134/12/6 2890/12/6 5079/12/6
f 5079/12/6 2890/12/6 243/12/6
f 2361/4/6 2298/4/6 2356/4/6
f 2356/4/6 2298/4/6 2357/4/6
f 5079/12/6 242/12/6 246/12/6
f 246/12/6 242/12/6 247/12/6
f 361/12/6 4943/12/6 364/12/6
f 364/12/6 4943/12/6 475/12/6
f 2896/9/6 3053/9/6 367/9/6
f 367/9/6 3053/9/6 551/9/6
f 3345/12/6 3378/12/6 948/12/6
f 948/12/6 3378/12/6 1011/12/6
f 3783/12/6 3804/12/6 1652/12/6
f 1652/12/6 3804/12/6 1687/12/6
f 1010/12/6 1009/12/6 1062/12/6
f 1062/12/6 1009/12/6 1063/12/6
f 1686/12/6 1685/12/6 1714/12/6
f 1714/12/6 1685/12/6 1715/12/6
f 3981/9/6 3980/9/6 1925/9/6
f 1925/9/6 3980/9/6 1926/9/6
f 4249/10/6 4248/10/6 2240/10/6
f 2240/10/6 4248/10/6 2241/10/6
f 3985/9/6 3984/9/6 1929/9/6
f 1929/9/6 3984/9/6 5078/9/6
f 2981/12/6 2980/12/6 2895/12/6
f 2895/12/6 2980/12/6 2894/12/6
f 2816/12/6 2815/12/6 2680/12/6
f 2680/12/6 2815/12/6 2677/12/6
f 4292/8/6 4291/8/6 2244/8/6
f 2244/8/6 4291/8/6 5077/8/6
f 58/12/6 2735/12/6 2683/12/6
f 2683/12/6 2735/12/6 132/12/6
f 2243/13/6 2242/13/6 5081/13/6
f 5081/13/6 2242/13/6 5080/13/6
f 5081/4/6 5080/4/6 2246/4/6
f 2246/4/6 5080/4/6 2236/4/6
f 62/5/6 61/5/6 5082/5/6
f 5082/5/6 61/5/6 135/5/6
f 5082/12/6 135/12/6 65/12/6
f 65/12/6 135/12/6 4866/12/6
f 65/5/6 4866/5/6 140/5/6
f 140/5/6 4866/5/6 4873/5/6
f 140/12/6 4873/12/6 250/12/6
f 250/12/6 4873/12/6 251/12/6
f 2822/1/6 2897/1/6 255/1/6
f 255/1/6 2897/1/6 369/1/6
f 3311/12/6 3310/12/6 893/12/6
f 893/12/6 3310/12/6 894/12/6
f 3546/12/6 3545/12/6 1286/12/6
f 1286/12/6 3545/12/6 1287/12/6
f 3640/12/6 3639/12/6 1470/12/6
f 1470/12/6 3639/12/6 1471/12/6
f 3754/12/6 3753/12/6 1618/12/6
f 1618/12/6 3753/12/6 1619/12/6
f 949/12/6 948/12/6 3350/12/6
f 3350/12/6 948/12/6 3347/12/6
f 1653/12/6 1652/12/6 3788/12/6
f 3788/12/6 1652/12/6 3785/12/6
f 3349/5/6 3348/5/6 952/5/6
f 952/5/6 3348/5/6 953/5/6
f 3787/5/6 3786/5/6 1656/5/6
f 1656/5/6 3786/5/6 1657/5/6
f 3987/1/6 4949/1/6 1935/1/6
f 1935/1/6 4949/1/6 1924/1/6
f 5083/13/6 2189/13/6 5084/13/6
f 5084/13/6 2189/13/6 5075/13/6
f 951/12/6 950/12/6 1127/12/6
f 1127/12/6 950/12/6 1128/12/6
f 1716/12/6 1713/12/6 1781/12/6
f 1781/12/6 1713/12/6 1782/12/6
f 5084/13/6 4250/13/6 5085/13/6
f 5085/13/6 4250/13/6 4557/13/6
f 2820/5/6 2819/5/6 2743/5/6
f 2743/5/6 2819/5/6 2740/5/6
f 2742/12/6 2741/12/6 2685/12/6
f 2685/12/6 2741/12/6 2679/12/6
f 5085/8/6 4557/8/6 5086/8/6
f 5086/8/6 4557/8/6 4292/8/6
f 5086/13/6 4292/13/6 5087/13/6
f 5087/13/6 4292/13/6 2244/13/6
f 5088/12/6 59/12/6 2643/12/6
f 2643/12/6 59/12/6 2682/12/6
f 2643/12/6 2681/12/6 13/12/6
f 13/12/6 2681/12/6 64/12/6
f 2253/4/6 4952/4/6 2248/4/6
f 2248/4/6 4952/4/6 2249/4/6
f 13/12/6 63/12/6 67/12/6
f 67/12/6 63/12/6 68/12/6
f 4366/4/6 4365/4/6 2390/4/6
f 2390/4/6 4365/4/6 2413/4/6
f 138/5/6 137/5/6 253/5/6
f 253/5/6 137/5/6 254/5/6
f 2824/9/6 2823/9/6 257/9/6
f 257/9/6 2823/9/6 258/9/6
f 3857/12/6 3755/12/6 1620/12/6
f 1620/12/6 3755/12/6 1656/12/6
f 3434/12/6 3312/12/6 5089/12/6
f 5089/12/6 3312/12/6 3352/12/6
f 5090/1/6 5091/1/6 5092/1/6
f 5092/1/6 5091/1/6 4800/1/6
f 1018/12/6 4957/12/6 1014/12/6
f 1014/12/6 4957/12/6 1015/12/6
f 2827/12/6 2826/12/6 5093/12/6
f 5093/12/6 2826/12/6 2684/12/6
f 2615/6/6 5083/6/6 4297/6/6
f 4297/6/6 5083/6/6 5087/6/6
f 5094/5/6 5088/5/6 2646/5/6
f 2646/5/6 5088/5/6 2643/5/6
f 2645/12/6 2644/12/6 15/12/6
f 15/12/6 2644/12/6 16/12/6
f 2251/4/6 2250/4/6 2254/4/6
f 2254/4/6 2250/4/6 2247/4/6
f 14/5/6 13/5/6 5096/5/6
f 5096/5/6 13/5/6 5095/5/6
f 5096/12/6 5095/12/6 17/12/6
f 17/12/6 5095/12/6 5097/12/6
f 17/5/6 5097/5/6 70/5/6
f 70/5/6 5097/5/6 67/5/6
f 69/12/6 65/12/6 144/12/6
f 144/12/6 65/12/6 140/12/6
f 144/12/6 139/12/6 260/12/6
f 260/12/6 139/12/6 261/12/6
f 259/12/6 252/12/6 264/12/6
f 264/12/6 252/12/6 372/12/6
f 3065/1/6 2824/1/6 263/1/6
f 263/1/6 2824/1/6 257/1/6
f 3314/12/6 3492/12/6 3291/12/6
f 3291/12/6 3492/12/6 4730/12/6
f 3550/12/6 3549/12/6 3525/12/6
f 3525/12/6 3549/12/6 4737/12/6
f 3685/12/6 3712/12/6 1520/12/6
f 1520/12/6 3712/12/6 1561/12/6
f 3757/12/6 3895/12/6 3739/12/6
f 3739/12/6 3895/12/6 4741/12/6
f 3997/9/6 3996/9/6 5098/9/6
f 5098/9/6 3996/9/6 1934/9/6
f 262/1/6 255/1/6 4500/1/6
f 4500/1/6 255/1/6 5091/1/6
f 3291/5/6 4730/5/6 5099/5/6
f 5099/5/6 4730/5/6 4748/5/6
f 3525/5/6 4737/5/6 5100/5/6
f 5100/5/6 4737/5/6 4754/5/6
f 3739/5/6 4741/5/6 1661/5/6
f 1661/5/6 4741/5/6 4759/5/6
f 5098/9/6 1933/9/6 5101/9/6
f 5101/9/6 1933/9/6 3989/9/6
f 5099/12/6 4748/12/6 860/12/6
f 860/12/6 4748/12/6 897/12/6
f 5100/12/6 4754/12/6 1255/12/6
f 1255/12/6 4754/12/6 1290/12/6
f 1661/12/6 4759/12/6 1596/12/6
f 1596/12/6 4759/12/6 1622/12/6
f 1689/12/6 1688/12/6 1840/12/6
f 1840/12/6 1688/12/6 1841/12/6
f 5101/9/6 3988/9/6 5102/9/6
f 5102/9/6 3988/9/6 1938/9/6
f 863/12/6 3290/12/6 858/12/6
f 858/12/6 3290/12/6 859/12/6
f 896/12/6 895/12/6 4777/12/6
f 4777/12/6 895/12/6 5089/12/6
f 1599/12/6 3738/12/6 1594/12/6
f 1594/12/6 3738/12/6 1595/12/6
f 5102/9/6 1937/9/6 5103/9/6
f 5103/9/6 1937/9/6 3993/9/6
f 4452/10/6 4451/10/6 2607/10/6
f 2607/10/6 4451/10/6 4562/10/6
f 4500/9/6 5090/9/6 4569/9/6
f 4569/9/6 5090/9/6 5104/9/6
f 4777/12/6 3351/12/6 898/12/6
f 898/12/6 3351/12/6 956/12/6
f 1068/12/6 1067/12/6 1132/12/6
f 1132/12/6 1067/12/6 1065/12/6
f 5103/9/6 3992/9/6 1941/9/6
f 1941/9/6 3992/9/6 1942/9/6
f 4569/1/6 5104/1/6 4580/1/6
f 4580/1/6 5104/1/6 5092/1/6
f 4580/9/6 4800/9/6 2831/9/6
f 2831/9/6 4800/9/6 2821/9/6
f 2830/5/6 2829/5/6 2746/5/6
f 2746/5/6 2829/5/6 2744/5/6
f 2688/12/6 2745/12/6 2687/12/6
f 2687/12/6 2745/12/6 5093/12/6
f 2686/12/6 2678/12/6 2647/12/6
f 2647/12/6 2678/12/6 60/12/6
f 2647/12/6 5094/12/6 21/12/6
f 21/12/6 5094/12/6 14/12/6
f 24/12/6 15/12/6 19/12/6
f 19/12/6 15/12/6 20/12/6
f 5105/5/6 69/5/6 143/5/6
f 143/5/6 69/5/6 144/5/6
f 142/12/6 141/12/6 5106/12/6
f 5106/12/6 141/12/6 267/12/6
f 2452/4/6 4391/4/6 5107/4/6
f 5107/4/6 4391/4/6 2515/4/6
f 4455/4/6 4454/4/6 2611/4/6
f 2611/4/6 4454/4/6 2612/4/6
f 3315/5/6 3314/5/6 905/5/6
f 905/5/6 3314/5/6 3291/5/6
f 3552/5/6 3550/5/6 1295/5/6
f 1295/5/6 3550/5/6 3525/5/6
f 3758/5/6 3757/5/6 1626/5/6
f 1626/5/6 3757/5/6 3739/5/6
f 4252/7/6 4161/7/6 2191/7/6
f 2191/7/6 4161/7/6 2100/7/6
f 958/12/6 957/12/6 1135/12/6
f 1135/12/6 957/12/6 1136/12/6
f 3293/12/6 3292/12/6 862/12/6
f 862/12/6 3292/12/6 863/12/6
f 3527/12/6 3526/12/6 1257/12/6
f 1257/12/6 3526/12/6 1258/12/6
f 3741/12/6 3740/12/6 1598/12/6
f 1598/12/6 3740/12/6 1599/12/6
f 5108/12/6 4521/12/6 1787/12/6
f 1787/12/6 4521/12/6 1788/12/6
f 861/12/6 860/12/6 4546/12/6
f 4546/12/6 860/12/6 857/12/6
f 4546/5/6 857/5/6 900/5/6
f 900/5/6 857/5/6 901/5/6
f 1134/12/6 1133/12/6 1139/12/6
f 1139/12/6 1133/12/6 1131/12/6
f 1825/12/6 5109/12/6 1791/12/6
f 1791/12/6 5109/12/6 1817/12/6
f 3380/12/6 955/12/6 1021/12/6
f 1021/12/6 955/12/6 1022/12/6
f 2901/12/6 2900/12/6 2691/12/6
f 2691/12/6 2900/12/6 2688/12/6
f 2690/12/6 2689/12/6 4601/12/6
f 4601/12/6 2689/12/6 2686/12/6
f 4601/5/6 2686/5/6 2650/5/6
f 2650/5/6 2686/5/6 2647/5/6
f 4256/4/6 4255/4/6 2195/4/6
f 2195/4/6 4255/4/6 2137/4/6
f 2649/12/6 2648/12/6 23/12/6
f 23/12/6 2648/12/6 24/12/6
f 2194/4/6 2252/4/6 2256/4/6
f 2256/4/6 2252/4/6 2257/4/6
f 2255/4/6 2235/4/6 2307/4/6
f 2307/4/6 2235/4/6 2308/4/6
f 76/5/6 5110/5/6 4679/5/6
f 4679/5/6 5110/5/6 18/5/6
f 2306/4/6 2360/4/6 2364/4/6
f 2364/4/6 2360/4/6 2365/4/6
f 4679/12/6 17/12/6 72/12/6
f 72/12/6 17/12/6 70/12/6
f 2363/4/6 2362/4/6 2392/4/6
f 2392/4/6 2362/4/6 2393/4/6
f 2391/4/6 2390/4/6 2416/4/6
f 2416/4/6 2390/4/6 2453/4/6
f 152/5/6 143/5/6 147/5/6
f 147/5/6 143/5/6 148/5/6
f 2415/4/6 2414/4/6 2456/4/6
f 2456/4/6 2414/4/6 2457/4/6
f 146/12/6 145/12/6 266/12/6
f 266/12/6 145/12/6 5106/12/6
f 376/12/6 373/12/6 486/12/6
f 486/12/6 373/12/6 371/12/6
f 2455/4/6 2454/4/6 2478/4/6
f 2478/4/6 2454/4/6 5107/4/6
f 2477/4/6 4974/4/6 2618/4/6
f 2618/4/6 4974/4/6 2619/4/6
f 2905/1/6 2904/1/6 379/1/6
f 379/1/6 2904/1/6 262/1/6
f 3437/12/6 3315/12/6 904/12/6
f 904/12/6 3315/12/6 905/12/6
f 3554/12/6 3552/12/6 1294/12/6
f 1294/12/6 3552/12/6 1295/12/6
f 3644/12/6 3686/12/6 5111/12/6
f 5111/12/6 3686/12/6 1523/12/6
f 3860/12/6 3758/12/6 1625/12/6
f 1625/12/6 3758/12/6 1626/12/6
f 903/12/6 902/12/6 963/12/6
f 963/12/6 902/12/6 1025/12/6
f 5111/12/6 1522/12/6 1526/12/6
f 1526/12/6 1522/12/6 1527/12/6
f 1624/12/6 1623/12/6 1663/12/6
f 1663/12/6 1623/12/6 1664/12/6
f 1718/12/6 1717/12/6 3866/12/6
f 3866/12/6 1717/12/6 4521/12/6
f 1954/9/6 5112/9/6 1945/9/6
f 1945/9/6 5112/9/6 1946/9/6
f 1024/12/6 1023/12/6 1073/12/6
f 1073/12/6 1023/12/6 1074/12/6
f 3866/5/6 5108/5/6 1790/5/6
f 1790/5/6 5108/5/6 1787/5/6
f 1138/12/6 1137/12/6 1206/12/6
f 1206/12/6 1137/12/6 1207/12/6
f 1789/12/6 1785/12/6 1824/12/6
f 1824/12/6 1785/12/6 5109/12/6
f 1075/12/6 3439/12/6 1141/12/6
f 1141/12/6 3439/12/6 1142/12/6
f 1721/12/6 3862/12/6 1793/12/6
f 1793/12/6 3862/12/6 1794/12/6
f 4001/9/6 4000/9/6 1949/9/6
f 1949/9/6 4000/9/6 1950/9/6
f 2908/12/6 2907/12/6 4589/12/6
f 4589/12/6 2907/12/6 2747/12/6
f 156/12/6 4602/12/6 2694/12/6
f 2694/12/6 4602/12/6 2692/12/6
f 2693/12/6 2650/12/6 5113/12/6
f 5113/12/6 2650/12/6 22/12/6
f 5113/12/6 21/12/6 75/12/6
f 75/12/6 21/12/6 5110/12/6
f 74/12/6 73/12/6 570/12/6
f 570/12/6 73/12/6 71/12/6
f 570/12/6 5105/12/6 151/12/6
f 151/12/6 5105/12/6 143/12/6
f 150/12/6 149/12/6 270/12/6
f 270/12/6 149/12/6 146/12/6
f 489/12/6 488/12/6 565/12/6
f 565/12/6 488/12/6 4715/12/6
f 3441/12/6 3440/12/6 4476/12/6
f 4476/12/6 3440/12/6 903/12/6
f 3864/12/6 3863/12/6 4493/12/6
f 4493/12/6 3863/12/6 1624/12/6
f 4005/9/6 4004/9/6 1953/9/6
f 1953/9/6 4004/9/6 5112/9/6
f 4476/5/6 903/5/6 962/5/6
f 962/5/6 903/5/6 963/5/6
f 4493/5/6 1624/5/6 1666/5/6
f 1666/5/6 1624/5/6 1663/5/6
f 961/12/6 960/12/6 1029/12/6
f 1029/12/6 960/12/6 3353/12/6
f 3355/12/6 3354/12/6 1077/12/6
f 1077/12/6 3354/12/6 1078/12/6
f 1693/12/6 1692/12/6 1723/12/6
f 1723/12/6 1692/12/6 1724/12/6
f 2748/12/6 2691/12/6 155/12/6
f 155/12/6 2691/12/6 4602/12/6
f 2993/12/6 2992/12/6 2911/12/6
f 2911/12/6 2992/12/6 2910/12/6
f 154/12/6 153/12/6 2752/12/6
f 2752/12/6 153/12/6 2750/12/6
f 2751/12/6 2694/12/6 159/12/6
f 159/12/6 2694/12/6 160/12/6
f 158/5/6 157/5/6 4643/5/6
f 4643/5/6 157/5/6 4639/5/6
f 4643/12/6 4639/12/6 4657/12/6
f 4657/12/6 4639/12/6 5114/12/6
f 4657/5/6 5114/5/6 2756/5/6
f 2756/5/6 5114/5/6 2753/5/6
f 2755/12/6 2754/12/6 569/12/6
f 569/12/6 2754/12/6 570/12/6
f 3384/12/6 3383/12/6 4508/12/6
f 4508/12/6 3383/12/6 961/12/6
f 3808/12/6 3807/12/6 4520/12/6
f 4520/12/6 3807/12/6 1665/12/6
f 4508/5/6 961/5/6 1028/5/6
f 1028/5/6 961/5/6 1029/5/6
f 4520/5/6 1665/5/6 1696/5/6
f 1696/5/6 1665/5/6 1697/5/6
f 2997/12/6 2996/12/6 386/12/6
f 386/12/6 2996/12/6 387/12/6
f 385/12/6 384/12/6 492/12/6
f 492/12/6 384/12/6 493/12/6
f 491/12/6 490/12/6 573/12/6
f 573/12/6 490/12/6 574/12/6
f 2913/12/6 2912/12/6 390/12/6
f 390/12/6 2912/12/6 391/12/6
f 2832/12/6 2756/12/6 273/12/6
f 273/12/6 2756/12/6 274/12/6
f 4079/1/6 4967/1/6 2024/1/6
f 2024/1/6 4967/1/6 4969/1/6
f 4009/9/6 4008/9/6 1957/9/6
f 1957/9/6 4008/9/6 1958/9/6
f 4013/9/6 4012/9/6 1961/9/6
f 1961/9/6 4012/9/6 1962/9/6
f 4344/1/6 4343/1/6 2368/1/6
f 2368/1/6 4343/1/6 2369/1/6
f 2394/1/6 4420/1/6 2537/1/6
f 2537/1/6 4420/1/6 2538/1/6
f 2319/9/6 2258/9/6 2311/9/6
f 2311/9/6 2258/9/6 2312/9/6
f 4301/9/6 4300/9/6 2315/9/6
f 2315/9/6 4300/9/6 2316/9/6
f 2424/9/6 2394/9/6 2420/9/6
f 2420/9/6 2394/9/6 2421/9/6
f 2487/9/6 4532/9/6 2482/9/6
f 2482/9/6 4532/9/6 2483/9/6
f 4138/9/6 4137/9/6 2087/9/6
f 2087/9/6 4137/9/6 2088/9/6
f 4204/9/6 4203/9/6 5115/9/6
f 5115/9/6 4203/9/6 2147/9/6
f 4325/9/6 4324/9/6 2260/9/6
f 2260/9/6 4324/9/6 2261/9/6
f 4083/9/6 4082/9/6 1963/9/6
f 1963/9/6 4082/9/6 2028/9/6
f 4113/9/6 4112/9/6 2049/9/6
f 2049/9/6 4112/9/6 2050/9/6
f 5115/9/6 2146/9/6 2105/9/6
f 2105/9/6 2146/9/6 2106/9/6
f 4374/9/6 4373/9/6 2396/9/6
f 2396/9/6 4373/9/6 2397/9/6
f 4415/9/6 4414/9/6 2486/9/6
f 2486/9/6 4414/9/6 4532/9/6
f 4463/9/6 4462/9/6 4421/9/6
f 4421/9/6 4462/9/6 2623/9/6
f 4421/9/6 2622/9/6 2539/9/6
f 2539/9/6 2622/9/6 2626/9/6
f 2485/9/6 2484/9/6 2518/9/6
f 2518/9/6 2484/9/6 4982/9/6
f 4017/9/6 4016/9/6 1965/9/6
f 1965/9/6 4016/9/6 1966/9/6
f 4423/1/6 4422/1/6 2541/1/6
f 2541/1/6 4422/1/6 2542/1/6
f 1974/9/6 5116/9/6 1969/9/6
f 1969/9/6 5116/9/6 1970/9/6
f 4021/9/6 4020/9/6 1973/9/6
f 1973/9/6 4020/9/6 5116/9/6
f 4023/9/6 1969/9/6 1977/9/6
f 1977/9/6 1969/9/6 1978/9/6
f 3578/12/6 3600/12/6 1335/12/6
f 1335/12/6 3600/12/6 1377/12/6
f 3812/12/6 3811/12/6 1700/12/6
f 1700/12/6 3811/12/6 1701/12/6
f 1376/12/6 1375/12/6 1415/12/6
f 1415/12/6 1375/12/6 1416/12/6
f 1699/12/6 1698/12/6 1730/12/6
f 1730/12/6 1698/12/6 1731/12/6
f 2835/12/6 2834/12/6 277/12/6
f 277/12/6 2834/12/6 278/12/6
f 4987/12/6 3002/12/6 496/12/6
f 496/12/6 3002/12/6 497/12/6
f 276/12/6 275/12/6 394/12/6
f 394/12/6 275/12/6 395/12/6
f 393/12/6 392/12/6 2916/12/6
f 2916/12/6 392/12/6 2914/12/6
f 280/12/6 279/12/6 4988/12/6
f 4988/12/6 279/12/6 399/12/6
f 3319/12/6 3318/12/6 908/12/6
f 908/12/6 3318/12/6 909/12/6
f 3558/12/6 3557/12/6 1298/12/6
f 1298/12/6 3557/12/6 1299/12/6
f 1336/12/6 1335/12/6 3583/12/6
f 3583/12/6 1335/12/6 3580/12/6
f 3582/5/6 3581/5/6 1339/5/6
f 1339/5/6 3581/5/6 1340/5/6
f 4989/1/6 4983/1/6 4028/1/6
f 4028/1/6 4983/1/6 1968/1/6
f 1338/12/6 1337/12/6 1478/12/6
f 1478/12/6 1337/12/6 1479/12/6
f 3585/12/6 3584/12/6 1343/12/6
f 1343/12/6 3584/12/6 1344/12/6
f 2839/12/6 2918/12/6 2838/12/6
f 2838/12/6 2918/12/6 2836/12/6
f 2837/5/6 2835/5/6 2758/5/6
f 2758/5/6 2835/5/6 277/5/6
f 162/12/6 161/12/6 2761/12/6
f 2761/12/6 161/12/6 2759/12/6
f 81/12/6 2760/12/6 167/12/6
f 167/12/6 2760/12/6 168/12/6
f 166/12/6 2915/12/6 5117/12/6
f 5117/12/6 2915/12/6 282/12/6
f 5117/12/6 281/12/6 285/12/6
f 285/12/6 281/12/6 286/12/6
f 397/12/6 4985/12/6 400/12/6
f 400/12/6 4985/12/6 504/12/6
f 2921/9/6 3077/9/6 403/9/6
f 403/9/6 3077/9/6 577/9/6
f 3358/12/6 3320/12/6 910/12/6
f 910/12/6 3320/12/6 968/12/6
f 3652/12/6 3559/12/6 1348/12/6
f 1348/12/6 3559/12/6 1339/12/6
f 4031/9/6 4030/9/6 5118/9/6
f 5118/9/6 4030/9/6 4027/9/6
f 3528/12/6 3560/12/6 1419/12/6
f 1419/12/6 3560/12/6 1420/12/6
f 1418/5/6 1417/5/6 1482/5/6
f 1482/5/6 1417/5/6 1483/5/6
f 5118/9/6 4026/9/6 1981/9/6
f 1981/9/6 4026/9/6 1982/9/6
f 3007/12/6 3006/12/6 2920/12/6
f 2920/12/6 3006/12/6 2919/12/6
f 2841/12/6 2840/12/6 2698/12/6
f 2698/12/6 2840/12/6 2695/12/6
f 78/12/6 2757/12/6 2701/12/6
f 2701/12/6 2757/12/6 164/12/6
f 82/5/6 81/5/6 5119/5/6
f 5119/5/6 81/5/6 167/5/6
f 5119/12/6 167/12/6 85/12/6
f 85/12/6 167/12/6 4868/12/6
f 85/5/6 4868/5/6 172/5/6
f 172/5/6 4868/5/6 4874/5/6
f 172/12/6 4874/12/6 289/12/6
f 289/12/6 4874/12/6 290/12/6
f 2847/1/6 2922/1/6 294/1/6
f 294/1/6 2922/1/6 405/1/6
f 3322/12/6 3360/12/6 3296/12/6
f 3296/12/6 3360/12/6 4732/12/6
f 3447/12/6 3446/12/6 4510/12/6
f 4510/12/6 3446/12/6 1152/12/6
f 3483/12/6 3498/12/6 1229/12/6
f 1229/12/6 3498/12/6 1230/12/6
f 3562/12/6 3715/12/6 3530/12/6
f 3530/12/6 3715/12/6 4739/12/6
f 3761/12/6 3826/12/6 1633/12/6
f 1633/12/6 3826/12/6 4743/12/6
f 3296/5/6 4732/5/6 912/5/6
f 912/5/6 4732/5/6 913/5/6
f 4510/12/6 1151/12/6 1155/12/6
f 1155/12/6 1151/12/6 1156/12/6
f 3530/5/6 4739/5/6 5120/5/6
f 5120/5/6 4739/5/6 4756/5/6
f 1633/5/6 4743/5/6 1600/5/6
f 1600/5/6 4743/5/6 1629/5/6
f 5120/12/6 4756/12/6 1259/12/6
f 1259/12/6 4756/12/6 3528/12/6
f 871/12/6 3295/12/6 866/12/6
f 866/12/6 3295/12/6 867/12/6
f 1262/12/6 3529/12/6 1302/12/6
f 1302/12/6 3529/12/6 1303/12/6
f 2845/5/6 2844/5/6 2765/5/6
f 2765/5/6 2844/5/6 2762/5/6
f 2764/12/6 2763/12/6 2703/12/6
f 2703/12/6 2763/12/6 2697/12/6
f 5121/12/6 79/12/6 2651/12/6
f 2651/12/6 79/12/6 2700/12/6
f 2651/12/6 2699/12/6 25/12/6
f 25/12/6 2699/12/6 84/12/6
f 25/12/6 83/12/6 87/12/6
f 87/12/6 83/12/6 88/12/6
f 170/5/6 169/5/6 292/5/6
f 292/5/6 169/5/6 293/5/6
f 2849/9/6 2848/9/6 296/9/6
f 296/9/6 2848/9/6 297/9/6
f 3323/5/6 3322/5/6 917/5/6
f 917/5/6 3322/5/6 3296/5/6
f 3563/5/6 3562/5/6 1307/5/6
f 1307/5/6 3562/5/6 3530/5/6
f 3762/5/6 3761/5/6 1632/5/6
f 1632/5/6 3761/5/6 1633/5/6
f 1158/5/6 1157/5/6 1210/5/6
f 1210/5/6 1157/5/6 1154/5/6
f 1379/12/6 1378/12/6 1426/12/6
f 1426/12/6 1378/12/6 1427/12/6
f 3743/12/6 3742/12/6 1602/12/6
f 1602/12/6 3742/12/6 1603/12/6
f 3298/12/6 3297/12/6 870/12/6
f 870/12/6 3297/12/6 871/12/6
f 969/12/6 967/12/6 1032/12/6
f 1032/12/6 967/12/6 1033/12/6
f 3532/12/6 3531/12/6 1261/12/6
f 1261/12/6 3531/12/6 1262/12/6
f 1260/12/6 1259/12/6 1351/12/6
f 1351/12/6 1259/12/6 1352/12/6
f 1425/12/6 1421/12/6 5122/12/6
f 5122/12/6 1421/12/6 1418/12/6
f 4467/10/6 4466/10/6 4790/10/6
f 4790/10/6 4466/10/6 2630/10/6
f 5123/1/6 5124/1/6 5125/1/6
f 5125/1/6 5124/1/6 4802/1/6
f 2852/12/6 2851/12/6 5126/12/6
f 5126/12/6 2851/12/6 2702/12/6
f 5127/5/6 5121/5/6 2654/5/6
f 2654/5/6 5121/5/6 2651/5/6
f 2653/12/6 2652/12/6 27/12/6
f 27/12/6 2652/12/6 28/12/6
f 26/5/6 25/5/6 5129/5/6
f 5129/5/6 25/5/6 5128/5/6
f 5129/12/6 5128/12/6 29/12/6
f 29/12/6 5128/12/6 5130/12/6
f 29/5/6 5130/5/6 90/5/6
f 90/5/6 5130/5/6 87/5/6
f 89/12/6 85/12/6 176/12/6
f 176/12/6 85/12/6 172/12/6
f 176/12/6 171/12/6 299/12/6
f 299/12/6 171/12/6 300/12/6
f 298/12/6 291/12/6 303/12/6
f 303/12/6 291/12/6 408/12/6
f 3089/1/6 2849/1/6 302/1/6
f 302/1/6 2849/1/6 296/1/6
f 3450/12/6 3323/12/6 916/12/6
f 916/12/6 3323/12/6 917/12/6
f 3655/12/6 3563/12/6 1306/12/6
f 1306/12/6 3563/12/6 1307/12/6
f 3764/12/6 3762/12/6 1635/12/6
f 1635/12/6 3762/12/6 1632/12/6
f 301/1/6 294/1/6 4502/1/6
f 4502/1/6 294/1/6 5124/1/6
f 915/12/6 914/12/6 972/12/6
f 972/12/6 914/12/6 973/12/6
f 4035/9/6 4034/9/6 1985/9/6
f 1985/9/6 4034/9/6 1986/9/6
f 1305/12/6 1304/12/6 1430/12/6
f 1430/12/6 1304/12/6 1431/12/6
f 1429/5/6 1428/5/6 1432/5/6
f 1432/5/6 1428/5/6 5122/5/6
f 5131/11/6 2197/11/6 2264/11/6
f 2264/11/6 2197/11/6 2265/11/6
f 4502/9/6 5123/9/6 4572/9/6
f 4572/9/6 5123/9/6 5132/9/6
f 1432/12/6 1536/12/6 1486/12/6
f 1486/12/6 1536/12/6 1539/12/6
f 4038/9/6 4037/9/6 1989/9/6
f 1989/9/6 4037/9/6 1990/9/6
f 4572/1/6 5132/1/6 4582/1/6
f 4582/1/6 5132/1/6 5125/1/6
f 4582/9/6 4802/9/6 2856/9/6
f 2856/9/6 4802/9/6 2846/9/6
f 2399/8/6 2398/8/6 2427/8/6
f 2427/8/6 2398/8/6 2428/8/6
f 2855/5/6 2854/5/6 2768/5/6
f 2768/5/6 2854/5/6 2766/5/6
f 2706/12/6 2767/12/6 2705/12/6
f 2705/12/6 2767/12/6 5126/12/6
f 2704/12/6 2696/12/6 2655/12/6
f 2655/12/6 2696/12/6 80/12/6
f 2655/12/6 5127/12/6 33/12/6
f 33/12/6 5127/12/6 26/12/6
f 36/12/6 27/12/6 31/12/6
f 31/12/6 27/12/6 32/12/6
f 5133/5/6 89/5/6 175/5/6
f 175/5/6 89/5/6 176/5/6
f 174/12/6 173/12/6 5134/12/6
f 5134/12/6 173/12/6 306/12/6
f 3453/12/6 3452/12/6 4478/12/6
f 4478/12/6 3452/12/6 915/12/6
f 3658/12/6 3657/12/6 4490/12/6
f 4490/12/6 3657/12/6 1305/12/6
f 3870/12/6 3869/12/6 1802/12/6
f 1802/12/6 3869/12/6 1803/12/6
f 4478/5/6 915/5/6 975/5/6
f 975/5/6 915/5/6 972/5/6
f 4490/5/6 1305/5/6 1355/5/6
f 1355/5/6 1305/5/6 1356/5/6
f 4262/2/6 5135/2/6 4584/2/6
f 4584/2/6 5135/2/6 2264/2/6
f 1354/12/6 1353/12/6 1384/12/6
f 1384/12/6 1353/12/6 1385/12/6
f 4584/8/6 2264/8/6 2268/8/6
f 2268/8/6 2264/8/6 2269/8/6
f 2926/12/6 2925/12/6 2709/12/6
f 2709/12/6 2925/12/6 2706/12/6
f 2708/12/6 2707/12/6 4604/12/6
f 4604/12/6 2707/12/6 2704/12/6
f 4604/5/6 2704/5/6 2658/5/6
f 2658/5/6 2704/5/6 2655/5/6
f 2657/12/6 2656/12/6 35/12/6
f 35/12/6 2656/12/6 36/12/6
f 96/5/6 5136/5/6 4681/5/6
f 4681/5/6 5136/5/6 30/5/6
f 4681/12/6 29/12/6 92/12/6
f 92/12/6 29/12/6 90/12/6
f 184/5/6 175/5/6 179/5/6
f 179/5/6 175/5/6 180/5/6
f 178/12/6 177/12/6 305/12/6
f 305/12/6 177/12/6 5134/12/6
f 412/12/6 409/12/6 515/12/6
f 515/12/6 409/12/6 407/12/6
f 2930/1/6 2929/1/6 415/1/6
f 415/1/6 2929/1/6 301/1/6
f 3388/12/6 3387/12/6 4509/12/6
f 4509/12/6 3387/12/6 974/12/6
f 3604/12/6 3603/12/6 4518/12/6
f 4518/12/6 3603/12/6 1354/12/6
f 3829/12/6 1802/12/6 1737/12/6
f 1737/12/6 1802/12/6 1738/12/6
f 4509/5/6 974/5/6 1036/5/6
f 1036/5/6 974/5/6 1037/5/6
f 4518/5/6 1354/5/6 1388/5/6
f 1388/5/6 1354/5/6 1389/5/6
f 1992/1/6 1983/1/6 4047/1/6
f 4047/1/6 1983/1/6 2035/1/6
f 2933/12/6 2932/12/6 4590/12/6
f 4590/12/6 2932/12/6 2769/12/6
f 188/12/6 4605/12/6 2712/12/6
f 2712/12/6 4605/12/6 2710/12/6
f 2711/12/6 2658/12/6 5137/12/6
f 5137/12/6 2658/12/6 34/12/6
f 5137/12/6 33/12/6 95/12/6
f 95/12/6 33/12/6 5136/12/6
f 94/12/6 93/12/6 596/12/6
f 596/12/6 93/12/6 91/12/6
f 596/12/6 5133/12/6 183/12/6
f 183/12/6 5133/12/6 175/12/6
f 182/12/6 181/12/6 309/12/6
f 309/12/6 181/12/6 178/12/6
f 518/12/6 517/12/6 591/12/6
f 591/12/6 517/12/6 4716/12/6
f 4050/9/6 4049/9/6 5138/9/6
f 5138/9/6 4049/9/6 4042/9/6
f 4260/7/6 4426/7/6 2199/7/6
f 2199/7/6 4426/7/6 2545/7/6
f 5138/9/6 4041/9/6 5139/9/6
f 5139/9/6 4041/9/6 1994/9/6
f 5139/9/6 1993/9/6 5140/9/6
f 5140/9/6 1993/9/6 4046/9/6
f 5140/9/6 4045/9/6 1997/9/6
f 1997/9/6 4045/9/6 1998/9/6
f 2770/12/6 2709/12/6 187/12/6
f 187/12/6 2709/12/6 4605/12/6
f 3019/12/6 3018/12/6 2936/12/6
f 2936/12/6 3018/12/6 2935/12/6
f 186/12/6 185/12/6 2774/12/6
f 2774/12/6 185/12/6 2772/12/6
f 2773/12/6 2712/12/6 191/12/6
f 191/12/6 2712/12/6 192/12/6
f 190/5/6 189/5/6 4644/5/6
f 4644/5/6 189/5/6 4641/5/6
f 4644/12/6 4641/12/6 4659/12/6
f 4659/12/6 4641/12/6 5141/12/6
f 4659/5/6 5141/5/6 2778/5/6
f 2778/5/6 5141/5/6 2775/5/6
f 2777/12/6 2776/12/6 595/12/6
f 595/12/6 2776/12/6 596/12/6
f 4056/1/6 5007/1/6 5012/1/6
f 5012/1/6 5007/1/6 5008/1/6
f 4264/10/6 4263/10/6 2272/10/6
f 2272/10/6 4263/10/6 2273/10/6
f 3023/12/6 3022/12/6 422/12/6
f 422/12/6 3022/12/6 423/12/6
f 421/12/6 420/12/6 521/12/6
f 521/12/6 420/12/6 522/12/6
f 520/12/6 519/12/6 599/12/6
f 599/12/6 519/12/6 600/12/6
f 2938/12/6 2937/12/6 426/12/6
f 426/12/6 2937/12/6 427/12/6
f 2857/12/6 2778/12/6 312/12/6
f 312/12/6 2778/12/6 313/12/6
f 4054/9/6 4053/9/6 2001/9/6
f 2001/9/6 4053/9/6 2002/9/6
f 2201/2/6 5131/2/6 5142/2/6
f 5142/2/6 5131/2/6 5135/2/6
f 5142/2/6 4265/2/6 5143/2/6
f 5143/2/6 4265/2/6 4558/2/6
f 4058/9/6 4057/9/6 5144/9/6
f 5144/9/6 4057/9/6 2006/9/6
f 5143/8/6 4558/8/6 2276/8/6
f 2276/8/6 4558/8/6 2277/8/6
f 4140/7/6 4266/7/6 2089/7/6
f 2089/7/6 4266/7/6 2202/7/6
f 4062/9/6 4061/9/6 2005/9/6
f 2005/9/6 4061/9/6 5144/9/6
f 2108/11/6 2107/11/6 2153/11/6
f 2153/11/6 2107/11/6 2154/11/6
f 3507/3/6 3506/3/6 1238/3/6
f 1238/3/6 3506/3/6 1239/3/6
f 2209/8/6 2155/8/6 2205/8/6
f 2205/8/6 2155/8/6 2206/8/6
f 3510/3/6 3509/3/6 1241/3/6
f 1241/3/6 3509/3/6 1242/3/6
f 3616/3/6 3663/3/6 1440/3/6
f 1440/3/6 3663/3/6 1497/3/6
f 3902/3/6 3901/3/6 1844/3/6
f 1844/3/6 3901/3/6 1845/3/6
f 3914/7/6 3913/7/6 1856/7/6
f 1856/7/6 3913/7/6 1854/7/6
f 4102/7/6 4129/7/6 2051/7/6
f 2051/7/6 4129/7/6 2079/7/6
f 4166/3/6 4165/3/6 2111/3/6
f 2111/3/6 4165/3/6 2112/3/6
f 5145/1/6 5146/1/6 5147/1/6
f 5147/1/6 5146/1/6 2284/1/6
f 2941/7/6 2940/7/6 430/7/6
f 430/7/6 2940/7/6 431/7/6
f 3280/7/6 3279/7/6 847/7/6
f 847/7/6 3279/7/6 848/7/6
f 3513/3/6 3512/3/6 1244/3/6
f 1244/3/6 3512/3/6 1245/3/6
f 3665/7/6 3664/7/6 1498/7/6
f 1498/7/6 3664/7/6 1496/7/6
f 3915/3/6 3873/3/6 1858/3/6
f 1858/3/6 3873/3/6 1805/3/6
f 4104/3/6 4103/3/6 2053/3/6
f 2053/3/6 4103/3/6 2054/3/6
f 4132/7/6 4131/7/6 2081/7/6
f 2081/7/6 4131/7/6 2082/7/6
f 4168/3/6 4141/3/6 2114/3/6
f 2114/3/6 4141/3/6 2090/3/6
f 5148/6/6 5145/6/6 5150/6/6
f 5150/6/6 5145/6/6 5149/6/6
f 5150/1/6 5149/1/6 2283/1/6
f 2283/1/6 5149/1/6 5147/1/6
f 3173/7/6 3172/7/6 674/7/6
f 674/7/6 3172/7/6 675/7/6
f 3455/7/6 3515/7/6 1164/7/6
f 1164/7/6 3515/7/6 1247/7/6
f 3666/7/6 3617/7/6 1500/7/6
f 1500/7/6 3617/7/6 1441/7/6
f 3874/7/6 3915/7/6 1806/7/6
f 1806/7/6 3915/7/6 1858/7/6
f 4064/7/6 4106/7/6 2007/7/6
f 2007/7/6 4106/7/6 2056/7/6
f 4170/7/6 4168/7/6 2116/7/6
f 2116/7/6 4168/7/6 2114/7/6
f 5151/6/6 5150/6/6 5152/6/6
f 5152/6/6 5150/6/6 2283/6/6
f 5152/1/6 2283/1/6 2287/1/6
f 2287/1/6 2283/1/6 2288/1/6
f 2943/3/6 2941/3/6 433/3/6
f 433/3/6 2941/3/6 430/3/6
f 3365/7/6 3282/7/6 980/7/6
f 980/7/6 3282/7/6 849/7/6
f 3732/3/6 3731/3/6 1582/3/6
f 1582/3/6 3731/3/6 1583/3/6
f 3875/3/6 3792/3/6 1808/3/6
f 1808/3/6 3792/3/6 1670/3/6
f 4134/3/6 4132/3/6 2084/3/6
f 2084/3/6 4132/3/6 2081/3/6
f 2208/1/6 2207/1/6 5153/1/6
f 5153/1/6 2207/1/6 5146/1/6
f 5153/1/6 5148/1/6 5154/1/6
f 5154/1/6 5148/1/6 5150/1/6
f 5154/1/6 5151/1/6 5155/1/6
f 5155/1/6 5151/1/6 5152/1/6
f 5155/8/6 5152/8/6 2290/8/6
f 2290/8/6 5152/8/6 2287/8/6
f 5156/12/1 5157/12/1 5159/12/1
f 5159/12/1 5157/12/1 5158/12/1
f 5160/12/1 5161/12/1 5163/12/1
f 5163/12/1 5161/12/1 5162/12/1
f 5164/12/1 5165/12/1 5167/12/1
f 5167/12/1 5165/12/1 5166/12/1
f 5168/12/1 5169/12/1 5171/12/1
f 5171/12/1 5169/12/1 5170/12/1
f 5172/12/1 5173/12/1 5175/12/1
f 5175/12/1 5173/12/1 5174/12/1
f 5176/12/1 5177/12/1 5179/12/1
f 5179/12/1 5177/12/1 5178/12/1
f 5177/5/1 5180/5/1 5178/5/1
f 5178/5/1 5180/5/1 5181/5/1
f 5180/12/1 5182/12/1 5181/12/1
f 5181/12/1 5182/12/1 5183/12/1
f 5184/12/1 5185/12/1 5187/12/1
f 5187/12/1 5185/12/1 5186/12/1
f 5188/12/1 5189/12/1 5191/12/1
f 5191/12/1 5189/12/1 5190/12/1
f 5192/12/1 5193/12/1 5195/12/1
f 5195/12/1 5193/12/1 5194/12/1
f 5196/12/1 5197/12/1 5199/12/1
f 5199/12/1 5197/12/1 5198/12/1
f 5200/5/1 5201/5/1 5203/5/1
f 5203/5/1 5201/5/1 5202/5/1
f 5204/5/1 5205/5/1 5207/5/1
f 5207/5/1 5205/5/1 5206/5/1
f 5208/12/1 5209/12/1 5211/12/1
f 5211/12/1 5209/12/1 5210/12/1
f 5212/12/1 5213/12/1 5215/12/1
f 5215/12/1 5213/12/1 5214/12/1
f 5216/12/1 5217/12/1 5219/12/1
f 5219/12/1 5217/12/1 5218/12/1
f 4472/3/1 5220/3/1 433/3/1
f 433/3/1 5220/3/1 5221/3/1
f 5222/12/1 5223/12/1 5225/12/1
f 5225/12/1 5223/12/1 5224/12/1
f 5226/12/1 5227/12/1 5229/12/1
f 5229/12/1 5227/12/1 5228/12/1
f 5230/12/1 5231/12/1 5233/12/1
f 5233/12/1 5231/12/1 5232/12/1
f 5234/12/1 5235/12/1 5237/12/1
f 5237/12/1 5235/12/1 5236/12/1
f 5235/5/1 5238/5/1 5240/5/1
f 5240/5/1 5238/5/1 5239/5/1
f 5241/9/1 5242/9/1 5244/9/1
f 5244/9/1 5242/9/1 5243/9/1
f 5238/12/1 5245/12/1 5247/12/1
f 5247/12/1 5245/12/1 5246/12/1
f 5242/1/1 5248/1/1 5243/1/1
f 5243/1/1 5248/1/1 5249/1/1
f 5250/12/1 5251/12/1 5253/12/1
f 5253/12/1 5251/12/1 5252/12/1
f 5254/12/1 5255/12/1 5205/12/1
f 5205/12/1 5255/12/1 5256/12/1
f 5257/12/1 5258/12/1 5260/12/1
f 5260/12/1 5258/12/1 5259/12/1
f 5261/12/1 5262/12/1 5264/12/1
f 5264/12/1 5262/12/1 5263/12/1
f 5265/12/1 5266/12/1 5268/12/1
f 5268/12/1 5266/12/1 5267/12/1
f 5269/5/1 5270/5/1 5231/5/1
f 5231/5/1 5270/5/1 5271/5/1
f 5272/1/1 5273/1/1 5274/1/1
f 5274/1/1 5273/1/1 5241/1/1
f 5275/12/1 5276/12/1 5277/12/1
f 5277/12/1 5276/12/1 5250/12/1
f 5278/5/1 5279/5/1 5245/5/1
f 5245/5/1 5279/5/1 5280/5/1
f 5279/12/1 5281/12/1 5280/12/1
f 5280/12/1 5281/12/1 5254/12/1
f 5282/1/1 5283/1/1 5248/1/1
f 5248/1/1 5283/1/1 5284/1/1
f 5285/5/1 5286/5/1 5288/5/1
f 5288/5/1 5286/5/1 5287/5/1
f 5289/12/1 5290/12/1 5292/12/1
f 5292/12/1 5290/12/1 5291/12/1
f 5293/12/1 5294/12/1 5296/12/1
f 5296/12/1 5294/12/1 5295/12/1
f 5297/12/1 5298/12/1 5300/12/1
f 5300/12/1 5298/12/1 5299/12/1
f 5301/12/1 5302/12/1 5304/12/1
f 5304/12/1 5302/12/1 5303/12/1
f 5305/12/1 5306/12/1 5307/12/1
f 5307/12/1 5306/12/1 5270/12/1
f 5308/9/1 5309/9/1 5272/9/1
f 5272/9/1 5309/9/1 5273/9/1
f 5310/5/1 5311/5/1 5312/5/1
f 5312/5/1 5311/5/1 5278/5/1
f 5313/9/1 5314/9/1 5282/9/1
f 5282/9/1 5314/9/1 5315/9/1
f 5316/12/1 5317/12/1 5319/12/1
f 5319/12/1 5317/12/1 5318/12/1
f 5320/12/1 5321/12/1 5285/12/1
f 5285/12/1 5321/12/1 5286/12/1
f 5322/12/1 5323/12/1 5325/12/1
f 5325/12/1 5323/12/1 5324/12/1
f 5326/9/1 5327/9/1 5328/9/1
f 5328/9/1 5327/9/1 5272/9/1
f 5329/12/1 5330/12/1 5331/12/1
f 5331/12/1 5330/12/1 5306/12/1
f 5332/12/1 5333/12/1 5235/12/1
f 5235/12/1 5333/12/1 5238/12/1
f 5333/12/1 5334/12/1 5310/12/1
f 5310/12/1 5334/12/1 5311/12/1
f 5335/1/1 5336/1/1 5337/1/1
f 5337/1/1 5336/1/1 5313/1/1
f 5338/12/1 5339/12/1 5276/12/1
f 5276/12/1 5339/12/1 5319/12/1
f 5340/12/1 5341/12/1 5343/12/1
f 5343/12/1 5341/12/1 5342/12/1
f 5344/12/1 5345/12/1 5347/12/1
f 5347/12/1 5345/12/1 5346/12/1
f 5348/12/1 5349/12/1 5351/12/1
f 5351/12/1 5349/12/1 5350/12/1
f 676/7/1 5352/7/1 432/7/1
f 432/7/1 5352/7/1 5353/7/1
f 5354/12/1 5355/12/1 5357/12/1
f 5357/12/1 5355/12/1 5356/12/1
f 5358/5/1 5359/5/1 5329/5/1
f 5329/5/1 5359/5/1 5330/5/1
f 5360/1/1 5361/1/1 5309/1/1
f 5309/1/1 5361/1/1 5337/1/1
f 5359/12/1 5362/12/1 5330/12/1
f 5330/12/1 5362/12/1 5363/12/1
f 5361/9/1 5364/9/1 5335/9/1
f 5335/9/1 5364/9/1 5336/9/1
f 5365/12/1 5366/12/1 5334/12/1
f 5334/12/1 5366/12/1 5340/12/1
f 5367/12/1 5368/12/1 5370/12/1
f 5370/12/1 5368/12/1 5369/12/1
f 5371/12/1 5372/12/1 5374/12/1
f 5374/12/1 5372/12/1 5373/12/1
f 5375/12/1 5376/12/1 5378/12/1
f 5378/12/1 5376/12/1 5377/12/1
f 5379/12/1 5380/12/1 5382/12/1
f 5382/12/1 5380/12/1 5381/12/1
f 5383/5/1 5384/5/1 5386/5/1
f 5386/5/1 5384/5/1 5385/5/1
f 5387/12/1 5388/12/1 5389/12/1
f 5389/12/1 5388/12/1 5362/12/1
f 5390/5/1 5391/5/1 5393/5/1
f 5393/5/1 5391/5/1 5392/5/1
f 5391/12/1 5394/12/1 5392/12/1
f 5392/12/1 5394/12/1 5395/12/1
f 5396/12/1 5397/12/1 5399/12/1
f 5399/12/1 5397/12/1 5398/12/1
f 5400/12/1 5401/12/1 5403/12/1
f 5403/12/1 5401/12/1 5402/12/1
f 5404/12/1 5405/12/1 5407/12/1
f 5407/12/1 5405/12/1 5406/12/1
f 5408/12/1 5409/12/1 5411/12/1
f 5411/12/1 5409/12/1 5410/12/1
f 5412/12/1 5413/12/1 5384/12/1
f 5384/12/1 5413/12/1 5390/12/1
f 5414/12/1 5415/12/1 5417/12/1
f 5417/12/1 5415/12/1 5416/12/1
f 5418/12/1 5419/12/1 5421/12/1
f 5421/12/1 5419/12/1 5420/12/1
f 5422/12/1 5423/12/1 5425/12/1
f 5425/12/1 5423/12/1 5424/12/1
f 980/3/1 5426/3/1 676/3/1
f 676/3/1 5426/3/1 5352/3/1
f 5427/5/1 5428/5/1 5430/5/1
f 5430/5/1 5428/5/1 5429/5/1
f 979/7/1 5431/7/1 980/7/1
f 980/7/1 5431/7/1 5426/7/1
f 5432/12/1 5433/12/1 5434/12/1
f 5434/12/1 5433/12/1 5430/12/1
f 5433/12/1 5435/12/1 5427/12/1
f 5427/12/1 5435/12/1 5428/12/1
f 5435/12/1 5436/12/1 5429/12/1
f 5429/12/1 5436/12/1 5437/12/1
f 5436/12/1 5438/12/1 5440/12/1
f 5440/12/1 5438/12/1 5439/12/1
f 5441/12/1 5442/12/1 5444/12/1
f 5444/12/1 5442/12/1 5443/12/1
f 5445/12/1 5446/12/1 5448/12/1
f 5448/12/1 5446/12/1 5447/12/1
f 1165/3/1 5449/3/1 979/3/1
f 979/3/1 5449/3/1 5431/3/1
f 5450/12/1 5451/12/1 5453/12/1
f 5453/12/1 5451/12/1 5452/12/1
f 4480/7/1 5454/7/1 1165/7/1
f 1165/7/1 5454/7/1 5449/7/1
f 5455/12/1 5456/12/1 5458/12/1
f 5458/12/1 5456/12/1 5457/12/1
f 5459/12/1 5460/12/1 5462/12/1
f 5462/12/1 5460/12/1 5461/12/1
f 5463/12/1 5464/12/1 5466/12/1
f 5466/12/1 5464/12/1 5465/12/1
f 5467/12/1 5468/12/1 5470/12/1
f 5470/12/1 5468/12/1 5469/12/1
f 5471/12/1 5472/12/1 5474/12/1
f 5474/12/1 5472/12/1 5473/12/1
f 1246/7/1 5475/7/1 4481/7/1
f 4481/7/1 5475/7/1 5476/7/1
f 4484/3/1 5477/3/1 1246/3/1
f 1246/3/1 5477/3/1 5475/3/1
f 5478/12/1 5479/12/1 5481/12/1
f 5481/12/1 5479/12/1 5480/12/1
f 5482/12/1 5483/12/1 5485/12/1
f 5485/12/1 5483/12/1 5484/12/1
f 5486/12/1 5487/12/1 5489/12/1
f 5489/12/1 5487/12/1 5488/12/1
f 5487/12/1 5490/12/1 5492/12/1
f 5492/12/1 5490/12/1 5491/12/1
f 5493/5/1 5494/5/1 5496/5/1
f 5496/5/1 5494/5/1 5495/5/1
f 5497/12/1 5498/12/1 5500/12/1
f 5500/12/1 5498/12/1 5499/12/1
f 1360/3/1 5501/3/1 4485/3/1
f 4485/3/1 5501/3/1 5502/3/1
f 5503/5/1 5504/5/1 5482/5/1
f 5482/5/1 5504/5/1 5483/5/1
f 5505/5/1 5506/5/1 5508/5/1
f 5508/5/1 5506/5/1 5507/5/1
f 5509/12/1 5510/12/1 5511/12/1
f 5511/12/1 5510/12/1 5493/12/1
f 5512/12/1 5513/12/1 5494/12/1
f 5494/12/1 5513/12/1 5514/12/1
f 5515/5/1 5516/5/1 5518/5/1
f 5518/5/1 5516/5/1 5517/5/1
f 5519/12/1 5520/12/1 5522/12/1
f 5522/12/1 5520/12/1 5521/12/1
f 5523/12/1 5524/12/1 5525/12/1
f 5525/12/1 5524/12/1 5503/12/1
f 5526/12/1 5527/12/1 5529/12/1
f 5529/12/1 5527/12/1 5528/12/1
f 5530/12/1 5531/12/1 5533/12/1
f 5533/12/1 5531/12/1 5532/12/1
f 5534/12/1 5535/12/1 5537/12/1
f 5537/12/1 5535/12/1 5536/12/1
f 5535/12/1 5538/12/1 5540/12/1
f 5540/12/1 5538/12/1 5539/12/1
f 5541/12/1 5542/12/1 5513/12/1
f 5513/12/1 5542/12/1 5543/12/1
f 5544/5/1 5545/5/1 5547/5/1
f 5547/5/1 5545/5/1 5546/5/1
f 5548/12/1 5549/12/1 5551/12/1
f 5551/12/1 5549/12/1 5550/12/1
f 5552/12/1 5553/12/1 5555/12/1
f 5555/12/1 5553/12/1 5554/12/1
f 5556/12/1 5557/12/1 5527/12/1
f 5527/12/1 5557/12/1 5534/12/1
f 5557/5/1 5558/5/1 5534/5/1
f 5534/5/1 5558/5/1 5535/5/1
f 5559/5/1 5560/5/1 5561/5/1
f 5561/5/1 5560/5/1 5541/5/1
f 5562/12/1 5563/12/1 5565/12/1
f 5565/12/1 5563/12/1 5564/12/1
f 5566/12/1 5567/12/1 5569/12/1
f 5569/12/1 5567/12/1 5568/12/1
f 5570/7/1 5571/7/1 1360/7/1
f 1360/7/1 5571/7/1 5501/7/1
f 5572/12/1 5573/12/1 5575/12/1
f 5575/12/1 5573/12/1 5574/12/1
f 5576/12/1 5577/12/1 5579/12/1
f 5579/12/1 5577/12/1 5578/12/1
f 5580/5/1 5581/5/1 5552/5/1
f 5552/5/1 5581/5/1 5553/5/1
f 5581/12/1 5582/12/1 5553/12/1
f 5553/12/1 5582/12/1 5583/12/1
f 5584/12/1 5585/12/1 5557/12/1
f 5557/12/1 5585/12/1 5558/12/1
f 5586/12/1 5587/12/1 5559/12/1
f 5559/12/1 5587/12/1 5560/12/1
f 5588/12/1 5589/12/1 5591/12/1
f 5591/12/1 5589/12/1 5590/12/1
f 5592/12/1 5593/12/1 5595/12/1
f 5595/12/1 5593/12/1 5594/12/1
f 5596/12/1 5597/12/1 5599/12/1
f 5599/12/1 5597/12/1 5598/12/1
f 5600/12/1 5601/12/1 5580/12/1
f 5580/12/1 5601/12/1 5581/12/1
f 5602/12/1 5603/12/1 5605/12/1
f 5605/12/1 5603/12/1 5604/12/1
f 5606/12/1 5607/12/1 5582/12/1
f 5582/12/1 5607/12/1 5586/12/1
f 5608/12/1 5609/12/1 5611/12/1
f 5611/12/1 5609/12/1 5610/12/1
f 5612/12/1 5613/12/1 5615/12/1
f 5615/12/1 5613/12/1 5614/12/1
f 5616/12/1 5617/12/1 5619/12/1
f 5619/12/1 5617/12/1 5618/12/1
f 5620/12/1 5621/12/1 5623/12/1
f 5623/12/1 5621/12/1 5622/12/1
f 1581/3/1 5624/3/1 5570/3/1
f 5570/3/1 5624/3/1 5571/3/1
f 5625/12/1 5626/12/1 5628/12/1
f 5628/12/1 5626/12/1 5627/12/1
f 5629/12/1 5630/12/1 5632/12/1
f 5632/12/1 5630/12/1 5631/12/1
f 5633/12/1 5634/12/1 5636/12/1
f 5636/12/1 5634/12/1 5635/12/1
f 5634/12/1 5637/12/1 5639/12/1
f 5639/12/1 5637/12/1 5638/12/1
f 5640/5/1 5641/5/1 5643/5/1
f 5643/5/1 5641/5/1 5642/5/1
f 5644/12/1 5645/12/1 5647/12/1
f 5647/12/1 5645/12/1 5646/12/1
f 1808/7/1 5648/7/1 1581/7/1
f 1581/7/1 5648/7/1 5624/7/1
f 5649/5/1 5650/5/1 5629/5/1
f 5629/5/1 5650/5/1 5630/5/1
f 5651/5/1 5652/5/1 5654/5/1
f 5654/5/1 5652/5/1 5653/5/1
f 5655/12/1 5656/12/1 5657/12/1
f 5657/12/1 5656/12/1 5640/12/1
f 5658/12/1 5659/12/1 5641/12/1
f 5641/12/1 5659/12/1 5660/12/1
f 5661/5/1 5662/5/1 5664/5/1
f 5664/5/1 5662/5/1 5663/5/1
f 5665/12/1 5666/12/1 5668/12/1
f 5668/12/1 5666/12/1 5667/12/1
f 5669/12/1 5670/12/1 5671/12/1
f 5671/12/1 5670/12/1 5649/12/1
f 5672/12/1 5673/12/1 5675/12/1
f 5675/12/1 5673/12/1 5674/12/1
f 5676/12/1 5677/12/1 5679/12/1
f 5679/12/1 5677/12/1 5678/12/1
f 5680/12/1 5681/12/1 5683/12/1
f 5683/12/1 5681/12/1 5682/12/1
f 5681/12/1 5684/12/1 5686/12/1
f 5686/12/1 5684/12/1 5685/12/1
f 5687/12/1 5688/12/1 5659/12/1
f 5659/12/1 5688/12/1 5689/12/1
f 5690/5/1 5691/5/1 5693/5/1
f 5693/5/1 5691/5/1 5692/5/1
f 5694/12/1 5695/12/1 5697/12/1
f 5697/12/1 5695/12/1 5696/12/1
f 5698/12/1 5699/12/1 5701/12/1
f 5701/12/1 5699/12/1 5700/12/1
f 5702/12/1 5703/12/1 5673/12/1
f 5673/12/1 5703/12/1 5680/12/1
f 5703/5/1 5704/5/1 5680/5/1
f 5680/5/1 5704/5/1 5681/5/1
f 5705/5/1 5706/5/1 5707/5/1
f 5707/5/1 5706/5/1 5687/5/1
f 5708/12/1 5709/12/1 5711/12/1
f 5711/12/1 5709/12/1 5710/12/1
f 5712/12/1 5713/12/1 5715/12/1
f 5715/12/1 5713/12/1 5714/12/1
f 1807/3/1 5716/3/1 1808/3/1
f 1808/3/1 5716/3/1 5648/3/1
f 5717/12/1 5718/12/1 5720/12/1
f 5720/12/1 5718/12/1 5719/12/1
f 5721/12/1 5722/12/1 5724/12/1
f 5724/12/1 5722/12/1 5723/12/1
f 5725/5/1 5726/5/1 5698/5/1
f 5698/5/1 5726/5/1 5699/5/1
f 5726/12/1 5727/12/1 5699/12/1
f 5699/12/1 5727/12/1 5728/12/1
f 5729/12/1 5730/12/1 5703/12/1
f 5703/12/1 5730/12/1 5704/12/1
f 5731/12/1 5732/12/1 5705/12/1
f 5705/12/1 5732/12/1 5706/12/1
f 5733/12/1 5734/12/1 5736/12/1
f 5736/12/1 5734/12/1 5735/12/1
f 5737/12/1 5738/12/1 5740/12/1
f 5740/12/1 5738/12/1 5739/12/1
f 5741/12/1 5742/12/1 5744/12/1
f 5744/12/1 5742/12/1 5743/12/1
f 5745/12/1 5746/12/1 5725/12/1
f 5725/12/1 5746/12/1 5726/12/1
f 5747/12/1 5748/12/1 5750/12/1
f 5750/12/1 5748/12/1 5749/12/1
f 5751/12/1 5752/12/1 5727/12/1
f 5727/12/1 5752/12/1 5731/12/1
f 5753/12/1 5754/12/1 5756/12/1
f 5756/12/1 5754/12/1 5755/12/1
f 5757/12/1 5758/12/1 5760/12/1
f 5760/12/1 5758/12/1 5759/12/1
f 5761/12/1 5762/12/1 5764/12/1
f 5764/12/1 5762/12/1 5763/12/1
f 5765/12/1 5766/12/1 5768/12/1
f 5768/12/1 5766/12/1 5767/12/1
f 1859/7/1 5769/7/1 1807/7/1
f 1807/7/1 5769/7/1 5716/7/1
f 2008/3/1 5770/3/1 1859/3/1
f 1859/3/1 5770/3/1 5769/3/1
f 5771/9/1 5772/9/1 5774/9/1
f 5774/9/1 5772/9/1 5773/9/1
f 5775/9/1 5776/9/1 5778/9/1
f 5778/9/1 5776/9/1 5777/9/1
f 5779/9/1 5780/9/1 5782/9/1
f 5782/9/1 5780/9/1 5781/9/1
f 5783/9/1 5784/9/1 5786/9/1
f 5786/9/1 5784/9/1 5785/9/1
f 5787/9/1 5788/9/1 5790/9/1
f 5790/9/1 5788/9/1 5789/9/1
f 5791/9/1 5792/9/1 5794/9/1
f 5794/9/1 5792/9/1 5793/9/1
f 5795/9/1 5796/9/1 5798/9/1
f 5798/9/1 5796/9/1 5797/9/1
f 5799/9/1 5800/9/1 5802/9/1
f 5802/9/1 5800/9/1 5801/9/1
f 5803/9/1 5804/9/1 5806/9/1
f 5806/9/1 5804/9/1 5805/9/1
f 5807/9/1 5808/9/1 5810/9/1
f 5810/9/1 5808/9/1 5809/9/1
f 5811/9/1 5812/9/1 5814/9/1
f 5814/9/1 5812/9/1 5813/9/1
f 5815/1/1 5816/1/1 5818/1/1
f 5818/1/1 5816/1/1 5817/1/1
f 2055/7/1 5819/7/1 2008/7/1
f 2008/7/1 5819/7/1 5770/7/1
f 2084/3/1 5820/3/1 2055/3/1
f 2055/3/1 5820/3/1 5819/3/1
f 2117/7/1 5821/7/1 2083/7/1
f 2083/7/1 5821/7/1 5822/7/1
f 5821/7/1 5823/7/1 5825/7/1
f 5825/7/1 5823/7/1 5824/7/1
f 2156/2/1 5826/2/1 2117/2/1
f 2117/2/1 5826/2/1 5821/2/1
f 5827/11/1 5828/11/1 5830/11/1
f 5830/11/1 5828/11/1 5829/11/1
f 5831/8/1 5832/8/1 5834/8/1
f 5834/8/1 5832/8/1 5833/8/1
f 5832/2/1 5835/2/1 5833/2/1
f 5833/2/1 5835/2/1 5836/2/1
f 5837/7/1 5838/7/1 5840/7/1
f 5840/7/1 5838/7/1 5839/7/1
f 2289/2/1 5841/2/1 2290/2/1
f 2290/2/1 5841/2/1 5842/2/1
f 5843/2/1 5844/2/1 5846/2/1
f 5846/2/1 5844/2/1 5845/2/1
f 5844/10/1 5847/10/1 5849/10/1
f 5849/10/1 5847/10/1 5848/10/1
f 5847/2/1 5850/2/1 5852/2/1
f 5852/2/1 5850/2/1 5851/2/1
f 5853/11/1 5854/11/1 5856/11/1
f 5856/11/1 5854/11/1 5855/11/1
f 5857/11/1 5858/11/1 5860/11/1
f 5860/11/1 5858/11/1 5859/11/1
f 5861/2/1 5862/2/1 5857/2/1
f 5857/2/1 5862/2/1 5858/2/1
f 5863/9/1 5864/9/1 5866/9/1
f 5866/9/1 5864/9/1 5865/9/1
f 5867/9/1 5868/9/1 5870/9/1
f 5870/9/1 5868/9/1 5869/9/1
f 5871/9/1 5872/9/1 5874/9/1
f 5874/9/1 5872/9/1 5873/9/1
f 5875/2/1 5876/2/1 5878/2/1
f 5878/2/1 5876/2/1 5877/2/1
f 5879/9/1 5880/9/1 5882/9/1
f 5882/9/1 5880/9/1 5881/9/1
f 5883/9/1 5884/9/1 5886/9/1
f 5886/9/1 5884/9/1 5885/9/1
f 5887/9/1 5888/9/1 5890/9/1
f 5890/9/1 5888/9/1 5889/9/1
f 5891/9/1 5892/9/1 5894/9/1
f 5894/9/1 5892/9/1 5893/9/1
f 5895/2/1 5896/2/1 5898/2/1
f 5898/2/1 5896/2/1 5897/2/1
f 5899/9/1 5900/9/1 5902/9/1
f 5902/9/1 5900/9/1 5901/9/1
f 5903/1/1 5904/1/1 5905/1/1
f 5905/1/1 5904/1/1 5883/1/1
f 5904/9/1 5906/9/1 5908/9/1
f 5908/9/1 5906/9/1 5907/9/1
f 5909/9/1 5910/9/1 5912/9/1
f 5912/9/1 5910/9/1 5911/9/1
f 2632/7/1 5913/7/1 2633/7/1
f 2633/7/1 5913/7/1 5914/7/1
f 5915/10/1 5916/10/1 5918/10/1
f 5918/10/1 5916/10/1 5917/10/1
f 5916/10/1 5919/10/1 5921/10/1
f 5921/10/1 5919/10/1 5920/10/1
f 5922/7/1 5923/7/1 5924/7/1
f 5924/7/1 5923/7/1 5838/7/1
f 5925/1/1 5926/1/1 5928/1/1
f 5928/1/1 5926/1/1 5927/1/1
f 5929/9/1 5930/9/1 5932/9/1
f 5932/9/1 5930/9/1 5931/9/1
f 5926/9/1 5933/9/1 5927/9/1
f 5927/9/1 5933/9/1 5934/9/1
f 5935/12/2 5936/12/2 5938/12/2
f 5938/12/2 5936/12/2 5937/12/2
f 5157/12/2 5158/12/2 5164/12/2
f 5164/12/2 5158/12/2 5167/12/2
f 5939/12/2 5940/12/2 5942/12/2
f 5942/12/2 5940/12/2 5941/12/2
f 5943/12/2 5944/12/2 5946/12/2
f 5946/12/2 5944/12/2 5945/12/2
f 5190/12/2 5947/12/2 5949/12/2
f 5949/12/2 5947/12/2 5948/12/2
f 5950/12/2 5951/12/2 5953/12/2
f 5953/12/2 5951/12/2 5952/12/2
f 5954/12/2 5955/12/2 5957/12/2
f 5957/12/2 5955/12/2 5956/12/2
f 5958/12/2 5942/12/2 5960/12/2
f 5960/12/2 5942/12/2 5959/12/2
f 5224/12/2 5961/12/2 5962/12/2
f 5962/12/2 5961/12/2 5168/12/2
f 5963/12/2 5964/12/2 5965/12/2
f 5965/12/2 5964/12/2 5172/12/2
f 5966/12/2 5967/12/2 5969/12/2
f 5969/12/2 5967/12/2 5968/12/2
f 5970/12/2 5971/12/2 5972/12/2
f 5972/12/2 5971/12/2 5954/12/2
f 5973/12/2 5957/12/2 5975/12/2
f 5975/12/2 5957/12/2 5974/12/2
f 5976/12/2 5960/12/2 5978/12/2
f 5978/12/2 5960/12/2 5977/12/2
f 5979/12/2 5980/12/2 5982/12/2
f 5982/12/2 5980/12/2 5981/12/2
f 4473/3/2 2943/3/2 5984/3/2
f 5984/3/2 2943/3/2 5983/3/2
f 5985/12/2 5986/12/2 5988/12/2
f 5988/12/2 5986/12/2 5987/12/2
f 5988/5/2 5987/5/2 5990/5/2
f 5990/5/2 5987/5/2 5989/5/2
f 5991/12/2 5992/12/2 5994/12/2
f 5994/12/2 5992/12/2 5993/12/2
f 5995/5/2 5996/5/2 5998/5/2
f 5998/5/2 5996/5/2 5997/5/2
f 5999/9/2 6000/9/2 6002/9/2
f 6002/9/2 6000/9/2 6001/9/2
f 5998/12/2 6003/12/2 6005/12/2
f 6005/12/2 6003/12/2 6004/12/2
f 6005/5/2 6006/5/2 6008/5/2
f 6008/5/2 6006/5/2 6007/5/2
f 5296/12/2 5982/12/2 5295/12/2
f 5295/12/2 5982/12/2 6009/12/2
f 5300/12/2 5222/12/2 5299/12/2
f 5299/12/2 5222/12/2 5223/12/2
f 6010/12/2 6011/12/2 6012/12/2
f 6012/12/2 6011/12/2 5192/12/2
f 6013/12/2 6014/12/2 6015/12/2
f 6015/12/2 6014/12/2 5991/12/2
f 6015/5/2 5991/5/2 6016/5/2
f 6016/5/2 5991/5/2 5994/5/2
f 6017/1/2 6018/1/2 6019/1/2
f 6019/1/2 6018/1/2 6002/1/2
f 6020/12/2 6021/12/2 6023/12/2
f 6023/12/2 6021/12/2 6022/12/2
f 6024/1/2 6025/1/2 6027/1/2
f 6027/1/2 6025/1/2 6026/1/2
f 6023/12/2 6028/12/2 6030/12/2
f 6030/12/2 6028/12/2 6029/12/2
f 6031/12/2 5212/12/2 6032/12/2
f 6032/12/2 5212/12/2 5213/12/2
f 5325/12/2 6033/12/2 5324/12/2
f 5324/12/2 6033/12/2 6034/12/2
f 6035/12/2 5261/12/2 6036/12/2
f 6036/12/2 5261/12/2 5262/12/2
f 6037/12/2 6038/12/2 6040/12/2
f 6040/12/2 6038/12/2 6039/12/2
f 6041/12/2 6042/12/2 6044/12/2
f 6044/12/2 6042/12/2 6043/12/2
f 6045/9/2 6017/9/2 6047/9/2
f 6047/9/2 6017/9/2 6046/9/2
f 6048/9/2 6024/9/2 6050/9/2
f 6050/9/2 6024/9/2 6049/9/2
f 6051/5/2 6020/5/2 6052/5/2
f 6052/5/2 6020/5/2 6023/5/2
f 6053/12/2 6054/12/2 6056/12/2
f 6056/12/2 6054/12/2 6055/12/2
f 6057/12/2 6058/12/2 6060/12/2
f 6060/12/2 6058/12/2 6059/12/2
f 6061/12/2 6062/12/2 6063/12/2
f 6063/12/2 6062/12/2 6040/12/2
f 6064/9/2 6065/9/2 6066/9/2
f 6066/9/2 6065/9/2 6017/9/2
f 6067/5/2 6068/5/2 6070/5/2
f 6070/5/2 6068/5/2 6069/5/2
f 6071/12/2 5995/12/2 6072/12/2
f 6072/12/2 5995/12/2 5998/12/2
f 6072/5/2 6073/5/2 6075/5/2
f 6075/5/2 6073/5/2 6074/5/2
f 6076/1/2 6001/1/2 6078/1/2
f 6078/1/2 6001/1/2 6077/1/2
f 6075/12/2 6074/12/2 6079/12/2
f 6079/12/2 6074/12/2 6052/12/2
f 6080/12/2 6081/12/2 6083/12/2
f 6083/12/2 6081/12/2 6082/12/2
f 5373/12/2 5322/12/2 6084/12/2
f 6084/12/2 5322/12/2 5323/12/2
f 3176/7/2 2944/7/2 6086/7/2
f 6086/7/2 2944/7/2 6085/7/2
f 6087/12/2 6088/12/2 5382/12/2
f 5382/12/2 6088/12/2 6089/12/2
f 6090/12/2 6067/12/2 6092/12/2
f 6092/12/2 6067/12/2 6091/12/2
f 6093/1/2 6046/1/2 6094/1/2
f 6094/1/2 6046/1/2 6019/1/2
f 6095/12/2 6072/12/2 6096/12/2
f 6096/12/2 6072/12/2 6075/12/2
f 6094/9/2 6076/9/2 6097/9/2
f 6097/9/2 6076/9/2 6078/9/2
f 6098/5/2 6099/5/2 6101/5/2
f 6101/5/2 6099/5/2 6100/5/2
f 6102/12/2 6103/12/2 6104/12/2
f 6104/12/2 6103/12/2 6079/12/2
f 6105/12/2 6106/12/2 6108/12/2
f 6108/12/2 6106/12/2 6107/12/2
f 6109/12/2 6110/12/2 6112/12/2
f 6112/12/2 6110/12/2 6111/12/2
f 6113/12/2 6114/12/2 5407/12/2
f 5407/12/2 6114/12/2 6115/12/2
f 6116/12/2 6117/12/2 6118/12/2
f 6118/12/2 6117/12/2 6092/12/2
f 6119/12/2 6120/12/2 5396/12/2
f 5396/12/2 6120/12/2 5399/12/2
f 6121/12/2 6122/12/2 6123/12/2
f 6123/12/2 6122/12/2 6054/12/2
f 5420/12/2 6124/12/2 6125/12/2
f 6125/12/2 6124/12/2 6105/12/2
f 6126/12/2 5376/12/2 6128/12/2
f 6128/12/2 5376/12/2 6127/12/2
f 6129/12/2 6130/12/2 6131/12/2
f 6131/12/2 6130/12/2 6120/12/2
f 5405/12/2 5406/12/2 5414/12/2
f 5414/12/2 5406/12/2 5417/12/2
f 5409/12/2 5410/12/2 5418/12/2
f 5418/12/2 5410/12/2 5421/12/2
f 6132/12/2 6133/12/2 6134/12/2
f 6134/12/2 6133/12/2 5396/12/2
f 6135/12/2 6136/12/2 6137/12/2
f 6137/12/2 6136/12/2 5400/12/2
f 3365/3/2 3176/3/2 6138/3/2
f 6138/3/2 3176/3/2 6086/3/2
f 6139/5/2 6140/5/2 6142/5/2
f 6142/5/2 6140/5/2 6141/5/2
f 3366/7/2 3365/7/2 6143/7/2
f 6143/7/2 3365/7/2 6138/7/2
f 6144/12/2 6145/12/2 6146/12/2
f 6146/12/2 6145/12/2 6140/12/2
f 6146/12/2 6139/12/2 6147/12/2
f 6147/12/2 6139/12/2 6142/12/2
f 6147/12/2 6141/12/2 6149/12/2
f 6149/12/2 6141/12/2 6148/12/2
f 6149/12/2 6150/12/2 6152/12/2
f 6152/12/2 6150/12/2 6151/12/2
f 6153/12/2 6154/12/2 6156/12/2
f 6156/12/2 6154/12/2 6155/12/2
f 6157/12/2 6158/12/2 6160/12/2
f 6160/12/2 6158/12/2 6159/12/2
f 3457/3/2 3366/3/2 6161/3/2
f 6161/3/2 3366/3/2 6143/3/2
f 6162/12/2 6163/12/2 6165/12/2
f 6165/12/2 6163/12/2 6164/12/2
f 4483/7/2 3457/7/2 6166/7/2
f 6166/7/2 3457/7/2 6161/7/2
f 6167/12/2 5451/12/2 5470/12/2
f 5470/12/2 5451/12/2 6168/12/2
f 6169/12/2 6170/12/2 5474/12/2
f 5474/12/2 6170/12/2 6171/12/2
f 6172/12/2 6173/12/2 6175/12/2
f 6175/12/2 6173/12/2 6174/12/2
f 6176/12/2 6177/12/2 6179/12/2
f 6179/12/2 6177/12/2 6178/12/2
f 6180/12/2 6181/12/2 6182/12/2
f 6182/12/2 6181/12/2 6173/12/2
f 6183/12/2 5456/12/2 6185/12/2
f 6185/12/2 5456/12/2 6184/12/2
f 3516/7/2 4482/7/2 6187/7/2
f 6187/7/2 4482/7/2 6186/7/2
f 4487/3/2 3516/3/2 6188/3/2
f 6188/3/2 3516/3/2 6187/3/2
f 6189/12/2 6190/12/2 5478/12/2
f 5478/12/2 6190/12/2 5481/12/2
f 6191/12/2 6192/12/2 5500/12/2
f 5500/12/2 6192/12/2 6193/12/2
f 6194/12/2 6195/12/2 6197/12/2
f 6197/12/2 6195/12/2 6196/12/2
f 5507/12/2 6198/12/2 6199/12/2
f 6199/12/2 6198/12/2 6189/12/2
f 6200/5/2 6201/5/2 6203/5/2
f 6203/5/2 6201/5/2 6202/5/2
f 3589/3/2 4486/3/2 6205/3/2
f 6205/3/2 4486/3/2 6204/3/2
f 6206/5/2 6194/5/2 6207/5/2
f 6207/5/2 6194/5/2 6197/5/2
f 6208/5/2 6209/5/2 6211/5/2
f 6211/5/2 6209/5/2 6210/5/2
f 5579/12/2 6212/12/2 5578/12/2
f 5578/12/2 6212/12/2 5486/12/2
f 6213/12/2 6214/12/2 5547/12/2
f 5547/12/2 6214/12/2 6215/12/2
f 6216/12/2 6217/12/2 6218/12/2
f 6218/12/2 6217/12/2 6207/12/2
f 6219/12/2 6220/12/2 6222/12/2
f 6222/12/2 6220/12/2 6221/12/2
f 6223/12/2 5523/12/2 5575/12/2
f 5575/12/2 5523/12/2 5524/12/2
f 5590/12/2 6224/12/2 6226/12/2
f 6226/12/2 6224/12/2 6225/12/2
f 6227/7/2 3589/7/2 6228/7/2
f 6228/7/2 3589/7/2 6205/7/2
f 6229/12/2 6230/12/2 6231/12/2
f 6231/12/2 6230/12/2 6218/12/2
f 6232/12/2 5549/12/2 6234/12/2
f 6234/12/2 5549/12/2 6233/12/2
f 6231/12/2 6197/12/2 6236/12/2
f 6236/12/2 6197/12/2 6235/12/2
f 6237/12/2 6202/12/2 6239/12/2
f 6239/12/2 6202/12/2 6238/12/2
f 6239/12/2 6240/12/2 6242/12/2
f 6242/12/2 6240/12/2 6241/12/2
f 5610/12/2 6243/12/2 6244/12/2
f 6244/12/2 6243/12/2 5566/12/2
f 6245/12/2 5573/12/2 5619/12/2
f 5619/12/2 5573/12/2 6246/12/2
f 6247/12/2 6234/12/2 5623/12/2
f 5623/12/2 6234/12/2 6248/12/2
f 6249/12/2 6200/12/2 6250/12/2
f 6250/12/2 6200/12/2 6203/12/2
f 6251/12/2 6252/12/2 6253/12/2
f 6253/12/2 6252/12/2 5588/12/2
f 6254/12/2 6255/12/2 6256/12/2
f 6256/12/2 6255/12/2 5592/12/2
f 6257/12/2 6258/12/2 6259/12/2
f 6259/12/2 6258/12/2 6201/12/2
f 6260/12/2 5597/12/2 6262/12/2
f 6262/12/2 5597/12/2 6261/12/2
f 3733/3/2 6227/3/2 6263/3/2
f 6263/3/2 6227/3/2 6228/3/2
f 6264/12/2 6265/12/2 5625/12/2
f 5625/12/2 6265/12/2 5628/12/2
f 6266/12/2 6267/12/2 5647/12/2
f 5647/12/2 6267/12/2 6268/12/2
f 6269/12/2 6270/12/2 6272/12/2
f 6272/12/2 6270/12/2 6271/12/2
f 5653/12/2 6273/12/2 6274/12/2
f 6274/12/2 6273/12/2 6264/12/2
f 6275/5/2 6276/5/2 6278/5/2
f 6278/5/2 6276/5/2 6277/5/2
f 3875/7/2 3733/7/2 6279/7/2
f 6279/7/2 3733/7/2 6263/7/2
f 6280/5/2 6269/5/2 6281/5/2
f 6281/5/2 6269/5/2 6272/5/2
f 6282/5/2 6283/5/2 6285/5/2
f 6285/5/2 6283/5/2 6284/5/2
f 5724/12/2 6286/12/2 5723/12/2
f 5723/12/2 6286/12/2 5633/12/2
f 6287/12/2 6288/12/2 5693/12/2
f 5693/12/2 6288/12/2 6289/12/2
f 6290/12/2 6291/12/2 6292/12/2
f 6292/12/2 6291/12/2 6281/12/2
f 6293/12/2 6294/12/2 6296/12/2
f 6296/12/2 6294/12/2 6295/12/2
f 6297/12/2 5669/12/2 5720/12/2
f 5720/12/2 5669/12/2 5670/12/2
f 5735/12/2 6298/12/2 6300/12/2
f 6300/12/2 6298/12/2 6299/12/2
f 3876/3/2 3875/3/2 6301/3/2
f 6301/3/2 3875/3/2 6279/3/2
f 6302/12/2 6303/12/2 6304/12/2
f 6304/12/2 6303/12/2 6292/12/2
f 6305/12/2 5695/12/2 6307/12/2
f 6307/12/2 5695/12/2 6306/12/2
f 6304/12/2 6272/12/2 6309/12/2
f 6309/12/2 6272/12/2 6308/12/2
f 6310/12/2 6277/12/2 6312/12/2
f 6312/12/2 6277/12/2 6311/12/2
f 6312/12/2 6313/12/2 6315/12/2
f 6315/12/2 6313/12/2 6314/12/2
f 5755/12/2 6316/12/2 6317/12/2
f 6317/12/2 6316/12/2 5712/12/2
f 6318/12/2 5718/12/2 5764/12/2
f 5764/12/2 5718/12/2 6319/12/2
f 6320/12/2 6307/12/2 5768/12/2
f 5768/12/2 6307/12/2 6321/12/2
f 6322/12/2 6275/12/2 6323/12/2
f 6323/12/2 6275/12/2 6278/12/2
f 6324/12/2 6325/12/2 6326/12/2
f 6326/12/2 6325/12/2 5733/12/2
f 6327/12/2 6328/12/2 6329/12/2
f 6329/12/2 6328/12/2 5737/12/2
f 6330/12/2 6331/12/2 6332/12/2
f 6332/12/2 6331/12/2 6276/12/2
f 6333/12/2 5742/12/2 6335/12/2
f 6335/12/2 5742/12/2 6334/12/2
f 3917/7/2 3876/7/2 6336/7/2
f 6336/7/2 3876/7/2 6301/7/2
f 4066/3/2 3917/3/2 6337/3/2
f 6337/3/2 3917/3/2 6336/3/2
f 6337/9/2 6338/9/2 6340/9/2
f 6340/9/2 6338/9/2 6339/9/2
f 6341/9/2 6342/9/2 5779/9/2
f 5779/9/2 6342/9/2 5782/9/2
f 6343/9/2 6344/9/2 6346/9/2
f 6346/9/2 6344/9/2 6345/9/2
f 6347/9/2 6348/9/2 6350/9/2
f 6350/9/2 6348/9/2 6349/9/2
f 6351/9/2 6352/9/2 6354/9/2
f 6354/9/2 6352/9/2 6353/9/2
f 6355/9/2 6356/9/2 6358/9/2
f 6358/9/2 6356/9/2 6357/9/2
f 6359/9/2 6360/9/2 6362/9/2
f 6362/9/2 6360/9/2 6361/9/2
f 6363/9/2 6364/9/2 6366/9/2
f 6366/9/2 6364/9/2 6365/9/2
f 6367/9/2 6368/9/2 6370/9/2
f 6370/9/2 6368/9/2 6369/9/2
f 6371/9/2 6372/9/2 5811/9/2
f 5811/9/2 6372/9/2 5814/9/2
f 6373/9/2 6374/9/2 6376/9/2
f 6376/9/2 6374/9/2 6375/9/2
f 6377/1/2 5771/1/2 6379/1/2
f 6379/1/2 5771/1/2 6378/1/2
f 4107/7/2 4066/7/2 6380/7/2
f 6380/7/2 4066/7/2 6337/7/2
f 4134/3/2 4107/3/2 6381/3/2
f 6381/3/2 4107/3/2 6380/3/2
f 4173/7/2 4135/7/2 6383/7/2
f 6383/7/2 4135/7/2 6382/7/2
f 6383/7/2 6384/7/2 6386/7/2
f 6386/7/2 6384/7/2 6385/7/2
f 6387/10/2 6388/10/2 6390/10/2
f 6390/10/2 6388/10/2 6389/10/2
f 6391/7/2 6392/7/2 6394/7/2
f 6394/7/2 6392/7/2 6393/7/2
f 4307/2/2 4173/2/2 6395/2/2
f 6395/2/2 4173/2/2 6392/2/2
f 6395/2/2 6391/2/2 6397/2/2
f 6397/2/2 6391/2/2 6396/2/2
f 5850/11/2 5851/11/2 6399/11/2
f 6399/11/2 5851/11/2 6398/11/2
f 6400/9/2 6401/9/2 6403/9/2
f 6403/9/2 6401/9/2 6402/9/2
f 6404/9/2 6405/9/2 6407/9/2
f 6407/9/2 6405/9/2 6406/9/2
f 6408/9/2 6409/9/2 6411/9/2
f 6411/9/2 6409/9/2 6410/9/2
f 5890/9/2 6412/9/2 5889/9/2
f 5889/9/2 6412/9/2 6413/9/2
f 6414/9/2 6415/9/2 6417/9/2
f 6417/9/2 6415/9/2 6416/9/2
f 6418/9/2 6419/9/2 6421/9/2
f 6421/9/2 6419/9/2 6420/9/2
f 6422/9/2 5883/9/2 6423/9/2
f 6423/9/2 5883/9/2 5884/9/2
f 6424/9/2 6425/9/2 6427/9/2
f 6427/9/2 6425/9/2 6426/9/2
f 6428/1/2 6429/1/2 6430/1/2
f 6430/1/2 6429/1/2 5890/1/2
f 6431/9/2 6432/9/2 6434/9/2
f 6434/9/2 6432/9/2 6433/9/2
f 6435/9/2 6436/9/2 6438/9/2
f 6438/9/2 6436/9/2 6437/9/2
f 4471/7/2 4307/7/2 6440/7/2
f 6440/7/2 4307/7/2 6439/7/2
f 6440/2/2 6439/2/2 6441/2/2
f 6441/2/2 6439/2/2 6397/2/2
f 6442/10/2 6443/10/2 6445/10/2
f 6445/10/2 6443/10/2 6444/10/2
f 6441/7/2 6396/7/2 6446/7/2
f 6446/7/2 6396/7/2 6394/7/2
f 6447/1/2 6448/1/2 6450/1/2
f 6450/1/2 6448/1/2 6449/1/2
f 6451/9/2 6452/9/2 6454/9/2
f 6454/9/2 6452/9/2 6453/9/2
f 6450/9/2 6449/9/2 6456/9/2
f 6456/9/2 6449/9/2 6455/9/2
f 5221/3/3 5220/3/3 5983/3/3
f 5983/3/3 5220/3/3 5984/3/3
f 5249/1/3 5248/1/3 6077/1/3
f 6077/1/3 5248/1/3 6025/1/3
f 5284/1/3 5283/1/3 6026/1/3
f 6026/1/3 5283/1/3 6027/1/3
f 5315/9/3 5314/9/3 6049/9/3
f 6049/9/3 5314/9/3 6050/9/3
f 5308/9/3 5327/9/3 6045/9/3
f 6045/9/3 5327/9/3 6066/9/3
f 5313/1/3 5336/1/3 6048/1/3
f 6048/1/3 5336/1/3 6078/1/3
f 5353/7/3 5352/7/3 6085/7/3
f 6085/7/3 5352/7/3 6086/7/3
f 5336/9/3 5364/9/3 6078/9/3
f 6078/9/3 5364/9/3 6097/9/3
f 5352/3/3 5426/3/3 6086/3/3
f 6086/3/3 5426/3/3 6138/3/3
f 5437/12/3 5440/12/3 6148/12/3
f 6148/12/3 5440/12/3 6150/12/3
f 5426/7/3 5431/7/3 6138/7/3
f 6138/7/3 5431/7/3 6143/7/3
f 5439/12/3 5438/12/3 6151/12/3
f 6151/12/3 5438/12/3 6152/12/3
f 5443/12/3 5442/12/3 6155/12/3
f 6155/12/3 5442/12/3 6156/12/3
f 5431/3/3 5449/3/3 6143/3/3
f 6143/3/3 5449/3/3 6161/3/3
f 5452/12/3 5451/12/3 6164/12/3
f 6164/12/3 5451/12/3 6165/12/3
f 5449/7/3 5454/7/3 6161/7/3
f 6161/7/3 5454/7/3 6166/7/3
f 6177/12/3 6176/12/3 6174/12/3
f 6174/12/3 6176/12/3 6175/12/3
f 5469/12/3 5468/12/3 6172/12/3
f 6172/12/3 5468/12/3 6182/12/3
f 5476/7/3 5475/7/3 6186/7/3
f 6186/7/3 5475/7/3 6187/7/3
f 5475/3/3 5477/3/3 6187/3/3
f 6187/3/3 5477/3/3 6188/3/3
f 5484/12/3 5483/12/3 6196/12/3
f 6196/12/3 5483/12/3 6197/12/3
f 5499/12/3 5498/12/3 6238/12/3
f 6238/12/3 5498/12/3 6240/12/3
f 5502/3/3 5501/3/3 6204/3/3
f 6204/3/3 5501/3/3 6205/3/3
f 6457/12/3 6458/12/3 6241/12/3
f 6241/12/3 6458/12/3 6220/12/3
f 5501/7/3 5571/7/3 6205/7/3
f 6205/7/3 5571/7/3 6228/7/3
f 6224/12/3 5589/12/3 6219/12/3
f 6219/12/3 5589/12/3 6242/12/3
f 6252/12/3 6251/12/3 6237/12/3
f 6237/12/3 6251/12/3 6250/12/3
f 5618/12/3 5617/12/3 6249/12/3
f 6249/12/3 5617/12/3 6259/12/3
f 5571/3/3 5624/3/3 6228/3/3
f 6228/3/3 5624/3/3 6263/3/3
f 5631/12/3 5630/12/3 6271/12/3
f 6271/12/3 5630/12/3 6272/12/3
f 5646/12/3 5645/12/3 6311/12/3
f 6311/12/3 5645/12/3 6313/12/3
f 5624/7/3 5648/7/3 6263/7/3
f 6263/7/3 5648/7/3 6279/7/3
f 6459/12/3 6460/12/3 6314/12/3
f 6314/12/3 6460/12/3 6294/12/3
f 5648/3/3 5716/3/3 6279/3/3
f 6279/3/3 5716/3/3 6301/3/3
f 6298/12/3 5734/12/3 6293/12/3
f 6293/12/3 5734/12/3 6315/12/3
f 6325/12/3 6324/12/3 6310/12/3
f 6310/12/3 6324/12/3 6323/12/3
f 5763/12/3 5762/12/3 6322/12/3
f 6322/12/3 5762/12/3 6332/12/3
f 5716/7/3 5769/7/3 6301/7/3
f 6301/7/3 5769/7/3 6336/7/3
f 5769/3/3 6461/3/3 6336/3/3
f 6336/3/3 6461/3/3 6338/3/3
f 5793/9/3 5792/9/3 6357/9/3
f 6357/9/3 5792/9/3 6358/9/3
f 5813/9/3 5812/9/3 6375/9/3
f 6375/9/3 5812/9/3 6376/9/3
f 5770/7/3 5819/7/3 6337/7/3
f 6337/7/3 5819/7/3 6380/7/3
f 5819/3/3 5820/3/3 6380/3/3
f 6380/3/3 5820/3/3 6381/3/3
f 5822/7/3 5825/7/3 6382/7/3
f 6382/7/3 5825/7/3 6384/7/3
f 5824/7/3 5823/7/3 6385/7/3
f 6385/7/3 5823/7/3 6386/7/3
f 5865/9/3 5864/9/3 6462/9/3
f 6462/9/3 5864/9/3 6403/9/3
f 5881/9/3 6463/9/3 6420/9/3
f 6420/9/3 6463/9/3 6421/9/3
f 5901/9/3 6464/9/3 6433/9/3
f 6433/9/3 6464/9/3 6434/9/3
f 5839/7/3 5923/7/3 6393/7/3
f 6393/7/3 5923/7/3 6446/7/3
f 5931/9/3 5930/9/3 6453/9/3
f 6453/9/3 5930/9/3 6454/9/3
f 6465/1/3 6466/1/3 5248/1/3
f 5248/1/3 6466/1/3 5313/1/3
f 5447/12/3 5446/12/3 6159/12/3
f 6159/12/3 5446/12/3 6160/12/3
f 5465/12/3 5464/12/3 6178/12/3
f 6178/12/3 5464/12/3 6179/12/3
f 6467/12/3 6468/12/3 5500/12/3
f 5500/12/3 6468/12/3 5497/12/3
f 5517/5/3 5516/5/3 6457/5/3
f 6457/5/3 5516/5/3 6458/5/3
f 6469/12/3 5568/12/3 6221/12/3
f 6221/12/3 5568/12/3 6222/12/3
f 5568/12/3 5567/12/3 6225/12/3
f 6225/12/3 5567/12/3 6226/12/3
f 6243/12/3 5609/12/3 5591/12/3
f 5591/12/3 5609/12/3 6253/12/3
f 6470/12/3 6471/12/3 5647/12/3
f 5647/12/3 6471/12/3 5644/12/3
f 5663/5/3 5662/5/3 6459/5/3
f 6459/5/3 5662/5/3 6460/5/3
f 6472/12/3 5714/12/3 6295/12/3
f 6295/12/3 5714/12/3 6296/12/3
f 5714/12/3 5713/12/3 6299/12/3
f 6299/12/3 5713/12/3 6300/12/3
f 6316/12/3 5754/12/3 5736/12/3
f 5736/12/3 5754/12/3 6326/12/3
f 5773/9/3 5772/9/3 6339/9/3
f 6339/9/3 5772/9/3 6340/9/3
f 6360/9/3 6359/9/3 5794/9/3
f 5794/9/3 6359/9/3 5791/9/3
f 5889/9/3 5888/9/3 5880/9/3
f 5880/9/3 5888/9/3 6463/9/3
f 5473/12/3 5472/12/3 6184/12/3
f 6184/12/3 5472/12/3 6185/12/3
f 5480/12/3 5479/12/3 6193/12/3
f 6193/12/3 5479/12/3 5500/12/3
f 5479/5/3 6473/5/3 6467/5/3
f 6467/5/3 6473/5/3 6468/5/3
f 6214/12/3 6213/12/3 5518/12/3
f 5518/12/3 6213/12/3 5515/12/3
f 5546/5/3 5545/5/3 6469/5/3
f 6469/5/3 5545/5/3 5568/5/3
f 5594/12/3 5593/12/3 5566/12/3
f 5566/12/3 5593/12/3 6244/12/3
f 6255/12/3 6254/12/3 5611/12/3
f 5611/12/3 6254/12/3 5608/12/3
f 5622/12/3 5621/12/3 6261/12/3
f 6261/12/3 5621/12/3 6262/12/3
f 5627/12/3 5626/12/3 6268/12/3
f 6268/12/3 5626/12/3 5647/12/3
f 5626/5/3 6474/5/3 6470/5/3
f 6470/5/3 6474/5/3 6471/5/3
f 6288/12/3 6287/12/3 5664/12/3
f 5664/12/3 6287/12/3 5661/12/3
f 5692/5/3 5691/5/3 6472/5/3
f 6472/5/3 5691/5/3 5714/5/3
f 5739/12/3 5738/12/3 5712/12/3
f 5712/12/3 5738/12/3 6317/12/3
f 6328/12/3 6327/12/3 5756/12/3
f 5756/12/3 6327/12/3 5753/12/3
f 5767/12/3 5766/12/3 6334/12/3
f 6334/12/3 5766/12/3 6335/12/3
f 5781/9/3 5780/9/3 6345/9/3
f 6345/9/3 5780/9/3 6346/9/3
f 5817/1/3 5816/1/3 6378/1/3
f 6378/1/3 5816/1/3 6379/1/3
f 5855/11/3 5854/11/3 5924/11/3
f 5924/11/3 5854/11/3 6475/11/3
f 5869/9/3 5868/9/3 6406/9/3
f 6406/9/3 5868/9/3 6407/9/3
f 5885/9/3 5884/9/3 6413/9/3
f 6413/9/3 5884/9/3 5889/9/3
f 5883/1/3 6476/1/3 5890/1/3
f 5890/1/3 6476/1/3 6425/1/3
f 5907/9/3 5906/9/3 5900/9/3
f 5900/9/3 5906/9/3 6464/9/3
f 5897/2/3 6442/2/3 6477/2/3
f 6477/2/3 6442/2/3 5922/2/3
f 5934/9/3 5933/9/3 6455/9/3
f 6455/9/3 5933/9/3 6456/9/3
f 5461/12/3 5460/12/3 5466/12/3
f 5466/12/3 5460/12/3 5463/12/3
f 5491/12/3 6478/12/3 5481/12/3
f 5481/12/3 6478/12/3 5478/12/3
f 6479/12/3 6480/12/3 5479/12/3
f 5479/12/3 6480/12/3 6473/12/3
f 5521/12/3 5564/12/3 6215/12/3
f 6215/12/3 5564/12/3 5544/12/3
f 5564/12/3 5563/12/3 5569/12/3
f 5569/12/3 5563/12/3 5566/12/3
f 5562/5/3 5614/5/3 5595/5/3
f 5595/5/3 5614/5/3 5592/5/3
f 5614/12/3 5613/12/3 5592/12/3
f 5592/12/3 5613/12/3 6256/12/3
f 5638/12/3 6481/12/3 5628/12/3
f 5628/12/3 6481/12/3 5625/12/3
f 6482/12/3 6483/12/3 5626/12/3
f 5626/12/3 6483/12/3 6474/12/3
f 5667/12/3 5710/12/3 6289/12/3
f 6289/12/3 5710/12/3 5690/12/3
f 5710/12/3 5709/12/3 5715/12/3
f 5715/12/3 5709/12/3 5712/12/3
f 5708/5/3 5759/5/3 5740/5/3
f 5740/5/3 5759/5/3 5737/5/3
f 5759/12/3 5758/12/3 5737/12/3
f 5737/12/3 5758/12/3 6329/12/3
f 6348/9/3 6347/9/3 5782/9/3
f 5782/9/3 6347/9/3 5779/9/3
f 5848/10/3 5852/10/3 6389/10/3
f 6389/10/3 5852/10/3 6390/10/3
f 5851/2/3 5850/2/3 5856/2/3
f 5856/2/3 5850/2/3 5853/2/3
f 5920/10/3 5919/10/3 6444/10/3
f 6444/10/3 5919/10/3 6445/10/3
f 6484/9/3 6485/9/3 6465/9/3
f 6465/9/3 6485/9/3 6486/9/3
f 5495/5/3 5494/5/3 6479/5/3
f 6479/5/3 5494/5/3 6480/5/3
f 5514/12/3 5513/12/3 5522/12/3
f 5522/12/3 5513/12/3 5519/12/3
f 5543/12/3 5542/12/3 5520/12/3
f 5520/12/3 5542/12/3 5564/12/3
f 5541/5/3 5560/5/3 5565/5/3
f 5565/5/3 5560/5/3 5562/5/3
f 5560/12/3 5587/12/3 5562/12/3
f 5562/12/3 5587/12/3 5614/12/3
f 5581/12/3 5601/12/3 5605/12/3
f 5605/12/3 5601/12/3 5602/12/3
f 5586/12/3 5607/12/3 5615/12/3
f 5615/12/3 5607/12/3 5612/12/3
f 5642/5/3 5641/5/3 6482/5/3
f 6482/5/3 5641/5/3 6483/5/3
f 5660/12/3 5659/12/3 5668/12/3
f 5668/12/3 5659/12/3 5665/12/3
f 5689/12/3 5688/12/3 5666/12/3
f 5666/12/3 5688/12/3 5710/12/3
f 5687/5/3 5706/5/3 5711/5/3
f 5711/5/3 5706/5/3 5708/5/3
f 5706/12/3 5732/12/3 5708/12/3
f 5708/12/3 5732/12/3 5759/12/3
f 5726/12/3 5746/12/3 5750/12/3
f 5750/12/3 5746/12/3 5747/12/3
f 5731/12/3 5752/12/3 5760/12/3
f 5760/12/3 5752/12/3 5757/12/3
f 5785/9/3 5784/9/3 6349/9/3
f 6349/9/3 5784/9/3 6350/9/3
f 5797/9/3 5796/9/3 6361/9/3
f 6361/9/3 5796/9/3 6362/9/3
f 5805/9/3 5804/9/3 6369/9/3
f 6369/9/3 5804/9/3 6370/9/3
f 5809/9/3 5808/9/3 5814/9/3
f 5814/9/3 5808/9/3 5811/9/3
f 5842/2/3 5841/2/3 5846/2/3
f 5846/2/3 5841/2/3 5843/2/3
f 5859/11/3 5858/11/3 6398/11/3
f 6398/11/3 5858/11/3 6399/11/3
f 5873/9/3 6487/9/3 6402/9/3
f 6402/9/3 6487/9/3 6462/9/3
f 6487/9/3 5872/9/3 6410/9/3
f 6410/9/3 5872/9/3 6411/9/3
f 5858/2/3 6488/2/3 6475/2/3
f 6475/2/3 6488/2/3 6477/2/3
f 5893/9/3 6489/9/3 6416/9/3
f 6416/9/3 6489/9/3 6417/9/3
f 6489/9/3 5892/9/3 5884/9/3
f 5884/9/3 5892/9/3 6423/9/3
f 5911/9/3 6490/9/3 6426/9/3
f 6426/9/3 6490/9/3 6427/9/3
f 6490/9/3 5910/9/3 6437/9/3
f 6437/9/3 5910/9/3 6438/9/3
f 6491/1/3 6492/1/3 6484/1/3
f 6484/1/3 6492/1/3 6485/1/3
f 5536/12/3 5540/12/3 5494/12/3
f 5494/12/3 5540/12/3 5512/12/3
f 5539/12/3 5538/12/3 5513/12/3
f 5513/12/3 5538/12/3 5541/12/3
f 5535/5/3 5558/5/3 5561/5/3
f 5561/5/3 5558/5/3 5559/5/3
f 5558/12/3 5585/12/3 5559/12/3
f 5559/12/3 5585/12/3 5586/12/3
f 5682/12/3 5686/12/3 5641/12/3
f 5641/12/3 5686/12/3 5658/12/3
f 5685/12/3 5684/12/3 5659/12/3
f 5659/12/3 5684/12/3 5687/12/3
f 5681/5/3 5704/5/3 5707/5/3
f 5707/5/3 5704/5/3 5705/5/3
f 5704/12/3 5730/12/3 5705/12/3
f 5705/12/3 5730/12/3 5731/12/3
f 5836/2/3 5835/2/3 6493/2/3
f 6493/2/3 5835/2/3 5837/2/3
f 5877/2/3 5876/2/3 5862/2/3
f 5862/2/3 5876/2/3 6488/2/3
f 6008/9/3 6020/9/3 6491/9/3
f 6491/9/3 6020/9/3 6492/9/3
f 6020/1/3 6051/1/3 6486/1/3
f 6486/1/3 6051/1/3 6466/1/3
f 5532/12/3 5531/12/3 6494/12/3
f 6494/12/3 5531/12/3 5534/12/3
f 5678/12/3 5677/12/3 6495/12/3
f 6495/12/3 5677/12/3 5680/12/3
f 5829/11/3 5828/11/3 5840/11/3
f 5840/11/3 5828/11/3 6493/11/3
f 5971/12/3 5970/12/3 6004/12/3
f 6004/12/3 5970/12/3 6006/12/3
f 5957/12/3 5973/12/3 6022/12/3
f 6022/12/3 5973/12/3 6028/12/3
f 6496/12/3 6054/12/3 6029/12/3
f 6029/12/3 6054/12/3 6030/12/3
f 6122/5/3 6497/5/3 6023/5/3
f 6023/5/3 6497/5/3 6052/5/3
f 6099/12/3 6098/12/3 6075/12/3
f 6075/12/3 6098/12/3 6096/12/3
f 6497/12/3 6498/12/3 6052/12/3
f 6052/12/3 6498/12/3 6104/12/3
f 5951/12/3 5950/12/3 5968/12/3
f 5968/12/3 5950/12/3 6499/12/3
f 6500/12/3 6501/12/3 5956/12/3
f 5956/12/3 6501/12/3 5957/12/3
f 5214/12/3 5213/12/3 5974/12/3
f 5974/12/3 5213/12/3 5975/12/3
f 5212/5/3 6031/5/3 6496/5/3
f 6496/5/3 6031/5/3 6054/5/3
f 6130/12/3 6502/12/3 6092/12/3
f 6092/12/3 6502/12/3 6118/12/3
f 6081/12/3 5397/12/3 6053/12/3
f 6053/12/3 5397/12/3 6123/12/3
f 5942/5/3 5958/5/3 6500/5/3
f 6500/5/3 5958/5/3 6501/5/3
f 5960/12/3 5976/12/3 5215/12/3
f 5215/12/3 5976/12/3 5212/12/3
f 5978/12/3 6503/12/3 5213/12/3
f 5213/12/3 6503/12/3 6032/12/3
f 6503/12/3 6057/12/3 6055/12/3
f 6055/12/3 6057/12/3 6056/12/3
f 6057/12/3 6107/12/3 6082/12/3
f 6082/12/3 6107/12/3 6083/12/3
f 6106/5/3 6105/5/3 6080/5/3
f 6080/5/3 6105/5/3 5398/5/3
f 5410/12/3 5409/12/3 6119/12/3
f 6119/12/3 5409/12/3 6131/12/3
f 6124/12/3 5419/12/3 5399/12/3
f 5399/12/3 5419/12/3 6134/12/3
f 5218/12/3 5217/12/3 5977/12/3
f 5977/12/3 5217/12/3 5978/12/3
f 5291/12/3 6504/12/3 6059/12/3
f 6059/12/3 6504/12/3 6060/12/3
f 6505/5/3 6506/5/3 6057/5/3
f 6057/5/3 6506/5/3 6107/5/3
f 5402/12/3 5401/12/3 6105/12/3
f 6105/12/3 5401/12/3 6125/12/3
f 6136/12/3 6135/12/3 5421/12/3
f 5421/12/3 6135/12/3 5418/12/3
f 5158/12/3 5157/12/3 5937/12/3
f 5937/12/3 5157/12/3 5938/12/3
f 5166/12/3 5165/12/3 5941/12/3
f 5941/12/3 5165/12/3 5942/12/3
f 6507/5/3 6508/5/3 5219/5/3
f 5219/5/3 6508/5/3 5216/5/3
f 6509/5/3 6033/5/3 5978/5/3
f 5978/5/3 6033/5/3 6058/5/3
f 6033/5/3 5325/5/3 5292/5/3
f 5292/5/3 5325/5/3 5289/5/3
f 5324/12/3 5323/12/3 5290/12/3
f 5290/12/3 5323/12/3 6504/12/3
f 5322/12/3 5373/12/3 6505/12/3
f 6505/12/3 5373/12/3 6506/12/3
f 5373/12/3 5372/12/3 6107/12/3
f 6107/12/3 5372/12/3 6108/12/3
f 6510/12/3 5423/12/3 5403/12/3
f 5403/12/3 5423/12/3 6137/12/3
f 5186/12/3 5185/12/3 5959/12/3
f 5959/12/3 5185/12/3 5960/12/3
f 6511/12/3 6512/12/3 6509/12/3
f 6509/12/3 6512/12/3 6033/12/3
f 6513/12/3 5351/12/3 5325/12/3
f 5325/12/3 5351/12/3 5322/12/3
f 5350/12/3 5349/12/3 5323/12/3
f 5323/12/3 5349/12/3 6084/12/3
f 6514/12/3 6515/12/3 5374/12/3
f 5374/12/3 6515/12/3 5371/12/3
f 6516/5/3 6517/5/3 6510/5/3
f 6510/5/3 6517/5/3 5424/5/3
f 5406/12/3 5405/12/3 6127/12/3
f 6127/12/3 5405/12/3 6128/12/3
f 5416/12/3 5415/12/3 5425/12/3
f 5425/12/3 5415/12/3 5422/12/3
f 5162/12/3 5161/12/3 5167/12/3
f 5167/12/3 5161/12/3 5164/12/3
f 6518/5/3 6519/5/3 5187/5/3
f 5187/5/3 6519/5/3 5184/5/3
f 5980/12/3 5979/12/3 6507/12/3
f 6507/12/3 5979/12/3 6508/12/3
f 5982/5/3 5296/5/3 6511/5/3
f 6511/5/3 5296/5/3 6512/5/3
f 5295/12/3 5294/12/3 6034/12/3
f 6034/12/3 5294/12/3 5324/12/3
f 5293/5/3 6520/5/3 6513/5/3
f 6513/5/3 6520/5/3 5351/5/3
f 6521/5/3 6522/5/3 6514/5/3
f 6514/5/3 6522/5/3 6515/5/3
f 5183/12/3 5182/12/3 6518/12/3
f 6518/12/3 5182/12/3 6519/12/3
f 5346/12/3 5260/12/3 5981/12/3
f 5981/12/3 5260/12/3 5982/12/3
f 5259/12/3 5258/12/3 6009/12/3
f 6009/12/3 5258/12/3 5295/12/3
f 5257/12/3 6523/12/3 5296/12/3
f 5296/12/3 6523/12/3 6520/12/3
f 6523/12/3 5345/12/3 5351/12/3
f 5351/12/3 5345/12/3 5348/12/3
f 5395/12/3 5394/12/3 6516/12/3
f 6516/12/3 5394/12/3 6517/12/3
f 5390/12/3 5413/12/3 5417/12/3
f 5417/12/3 5413/12/3 5414/12/3
f 5210/12/3 5287/12/3 5347/12/3
f 5347/12/3 5287/12/3 6524/12/3
f 5287/5/3 5286/5/3 6524/5/3
f 6524/5/3 5286/5/3 6525/5/3
f 5286/12/3 5369/12/3 6525/12/3
f 6525/12/3 5369/12/3 5344/12/3
f 5369/12/3 5368/12/3 6521/12/3
f 6521/12/3 5368/12/3 6522/12/3
f 5362/12/3 5388/12/3 5393/12/3
f 5393/12/3 5388/12/3 5390/12/3
f 5236/12/3 5240/12/3 5199/12/3
f 5199/12/3 5240/12/3 5196/12/3
f 5246/12/3 6526/12/3 5203/12/3
f 5203/12/3 6526/12/3 5200/12/3
f 5206/5/3 5205/5/3 5211/5/3
f 5211/5/3 5205/5/3 5208/5/3
f 5256/12/3 5255/12/3 5209/12/3
f 5209/12/3 5255/12/3 5287/12/3
f 5254/12/3 5281/12/3 5288/12/3
f 5288/12/3 5281/12/3 5285/12/3
f 5281/5/3 6527/5/3 5285/5/3
f 5285/5/3 6527/5/3 5320/5/3
f 5342/12/3 5341/12/3 5321/12/3
f 5321/12/3 5341/12/3 5369/12/3
f 5340/12/3 5366/12/3 5370/12/3
f 5370/12/3 5366/12/3 5367/12/3
f 5252/12/3 5251/12/3 5205/12/3
f 5205/12/3 5251/12/3 5254/12/3
f 5250/12/3 5276/12/3 5245/12/3
f 5245/12/3 5276/12/3 5278/12/3
f 5318/12/3 5317/12/3 5281/12/3
f 5281/12/3 5317/12/3 6527/12/3
f 5316/12/3 5339/12/3 5343/12/3
f 5343/12/3 5339/12/3 5340/12/3
f 5244/9/4 6000/9/4 5241/9/4
f 5241/9/4 6000/9/4 5999/9/4
f 5274/1/4 6018/1/4 5272/1/4
f 5272/1/4 6018/1/4 6017/1/4
f 5328/9/4 6065/9/4 5326/9/4
f 5326/9/4 6065/9/4 6064/9/4
f 5309/1/4 6047/1/4 5360/1/4
f 5360/1/4 6047/1/4 6093/1/4
f 838/3/4 3271/3/4 980/3/4
f 980/3/4 3271/3/4 3365/3/4
f 5434/12/4 6145/12/4 5432/12/4
f 5432/12/4 6145/12/4 6144/12/4
f 5444/12/4 6154/12/4 5441/12/4
f 5441/12/4 6154/12/4 6153/12/4
f 5453/12/4 6163/12/4 5450/12/4
f 5450/12/4 6163/12/4 6162/12/4
f 6168/12/4 6181/12/4 5467/12/4
f 5467/12/4 6181/12/4 6180/12/4
f 5485/12/4 6195/12/4 5482/12/4
f 5482/12/4 6195/12/4 6194/12/4
f 6528/12/4 6258/12/4 6529/12/4
f 6529/12/4 6258/12/4 6235/12/4
f 5482/5/4 6194/5/4 5503/5/4
f 5503/5/4 6194/5/4 6206/5/4
f 5525/12/4 6217/12/4 5523/12/4
f 5523/12/4 6217/12/4 6216/12/4
f 1391/7/4 3607/7/4 5570/7/4
f 5570/7/4 3607/7/4 6227/7/4
f 5524/12/4 6230/12/4 5572/12/4
f 5572/12/4 6230/12/4 6229/12/4
f 5570/3/4 6227/3/4 1582/3/4
f 1582/3/4 6227/3/4 3732/3/4
f 6246/12/4 6236/12/4 5616/12/4
f 5616/12/4 6236/12/4 6257/12/4
f 5632/12/4 6270/12/4 5629/12/4
f 5629/12/4 6270/12/4 6269/12/4
f 6530/12/4 6331/12/4 6531/12/4
f 6531/12/4 6331/12/4 6308/12/4
f 1640/7/4 3770/7/4 1808/7/4
f 1808/7/4 3770/7/4 3875/7/4
f 5629/5/4 6269/5/4 5649/5/4
f 5649/5/4 6269/5/4 6280/5/4
f 5671/12/4 6291/12/4 5669/12/4
f 5669/12/4 6291/12/4 6290/12/4
f 5670/12/4 6303/12/4 5717/12/4
f 5717/12/4 6303/12/4 6302/12/4
f 6319/12/4 6309/12/4 5761/12/4
f 5761/12/4 6309/12/4 6330/12/4
f 5814/9/4 6374/9/4 5811/9/4
f 5811/9/4 6374/9/4 6373/9/4
f 2055/3/4 4107/3/4 2084/3/4
f 2084/3/4 4107/3/4 4134/3/4
f 5866/9/4 6532/9/4 5863/9/4
f 5863/9/4 6532/9/4 6400/9/4
f 5882/9/4 6419/9/4 6533/9/4
f 6533/9/4 6419/9/4 6418/9/4
f 5902/9/4 6432/9/4 6534/9/4
f 6534/9/4 6432/9/4 6431/9/4
f 5932/9/4 6452/9/4 5929/9/4
f 5929/9/4 6452/9/4 6451/9/4
f 5448/12/4 6158/12/4 5445/12/4
f 5445/12/4 6158/12/4 6157/12/4
f 5458/12/4 5451/12/4 5455/12/4
f 5455/12/4 5451/12/4 6167/12/4
f 6535/5/4 6528/5/4 6536/5/4
f 6536/5/4 6528/5/4 6529/5/4
f 6210/12/4 5483/12/4 6211/12/4
f 6211/12/4 5483/12/4 5504/12/4
f 6537/5/4 5574/5/4 5599/5/4
f 5599/5/4 5574/5/4 5573/5/4
f 5599/12/4 5573/12/4 5596/12/4
f 5596/12/4 5573/12/4 6245/12/4
f 6538/5/4 6530/5/4 6539/5/4
f 6539/5/4 6530/5/4 6531/5/4
f 6284/12/4 5630/12/4 6285/12/4
f 6285/12/4 5630/12/4 5650/12/4
f 6540/5/4 5719/5/4 5744/5/4
f 5744/5/4 5719/5/4 5718/5/4
f 5744/12/4 5718/12/4 5741/12/4
f 5741/12/4 5718/12/4 6318/12/4
f 5774/9/4 6461/9/4 5771/9/4
f 5771/9/4 6461/9/4 5770/9/4
f 5778/9/4 6344/9/4 5775/9/4
f 5775/9/4 6344/9/4 6343/9/4
f 5802/9/4 6368/9/4 5799/9/4
f 5799/9/4 6368/9/4 6367/9/4
f 5890/9/4 5879/9/4 5887/9/4
f 5887/9/4 5879/9/4 6533/9/4
f 6424/9/4 5899/9/4 6430/9/4
f 6430/9/4 5899/9/4 6534/9/4
f 6541/9/4 5273/9/4 6542/9/4
f 6542/9/4 5273/9/4 5309/9/4
f 6171/12/4 5457/12/4 5471/12/4
f 5471/12/4 5457/12/4 6183/12/4
f 5481/12/4 6192/12/4 5478/12/4
f 5478/12/4 6192/12/4 6191/12/4
f 6189/12/4 6535/12/4 6199/12/4
f 6199/12/4 6535/12/4 6536/12/4
f 5508/5/4 6209/5/4 5505/5/4
f 5505/5/4 6209/5/4 6208/5/4
f 5551/12/4 5523/12/4 5548/12/4
f 5548/12/4 5523/12/4 6223/12/4
f 6233/12/4 6537/12/4 6234/12/4
f 6234/12/4 6537/12/4 5599/12/4
f 6248/12/4 5598/12/4 5620/12/4
f 5620/12/4 5598/12/4 6260/12/4
f 5628/12/4 6267/12/4 5625/12/4
f 5625/12/4 6267/12/4 6266/12/4
f 6264/12/4 6538/12/4 6274/12/4
f 6274/12/4 6538/12/4 6539/12/4
f 5654/5/4 6283/5/4 5651/5/4
f 5651/5/4 6283/5/4 6282/5/4
f 5697/12/4 5669/12/4 5694/12/4
f 5694/12/4 5669/12/4 6297/12/4
f 6306/12/4 6540/12/4 6307/12/4
f 6307/12/4 6540/12/4 5744/12/4
f 6321/12/4 5743/12/4 5765/12/4
f 5765/12/4 5743/12/4 6333/12/4
f 5782/9/4 5777/9/4 5779/9/4
f 5779/9/4 5777/9/4 5776/9/4
f 5790/9/4 6356/9/4 5787/9/4
f 5787/9/4 6356/9/4 6355/9/4
f 5818/1/4 5771/1/4 5815/1/4
f 5815/1/4 5771/1/4 6377/1/4
f 5870/9/4 6405/9/4 5867/9/4
f 5867/9/4 6405/9/4 6404/9/4
f 5886/9/4 6412/9/4 5883/9/4
f 5883/9/4 6412/9/4 5890/9/4
f 5905/1/4 6429/1/4 5903/1/4
f 5903/1/4 6429/1/4 6428/1/4
f 5898/2/4 6543/2/4 6544/2/4
f 6544/2/4 6543/2/4 5913/2/4
f 5928/1/4 6448/1/4 5925/1/4
f 5925/1/4 6448/1/4 6447/1/4
f 5462/12/4 6170/12/4 5459/12/4
f 5459/12/4 6170/12/4 6169/12/4
f 5492/12/4 6190/12/4 5488/12/4
f 5488/12/4 6190/12/4 6189/12/4
f 5489/12/4 6198/12/4 5578/12/4
f 5578/12/4 6198/12/4 5506/12/4
f 5579/12/4 5503/12/4 6545/12/4
f 6545/12/4 5503/12/4 5524/12/4
f 6545/12/4 5550/12/4 5576/12/4
f 5576/12/4 5550/12/4 6232/12/4
f 5639/12/4 6265/12/4 5635/12/4
f 5635/12/4 6265/12/4 6264/12/4
f 5636/12/4 6273/12/4 5723/12/4
f 5723/12/4 6273/12/4 5652/12/4
f 5724/12/4 5649/12/4 6546/12/4
f 6546/12/4 5649/12/4 5670/12/4
f 6546/12/4 5696/12/4 5721/12/4
f 5721/12/4 5696/12/4 6305/12/4
f 6353/9/4 5789/9/4 6354/9/4
f 6354/9/4 5789/9/4 5788/9/4
f 6365/9/4 5801/9/4 6366/9/4
f 6366/9/4 5801/9/4 5800/9/4
f 5849/10/4 6388/10/4 5845/10/4
f 5845/10/4 6388/10/4 6387/10/4
f 5921/10/4 6443/10/4 5917/10/4
f 5917/10/4 6443/10/4 5896/10/4
f 5918/10/4 5895/10/4 5915/10/4
f 5915/10/4 5895/10/4 6544/10/4
f 5496/5/4 6478/5/4 5493/5/4
f 5493/5/4 6478/5/4 5490/5/4
f 5511/12/4 6212/12/4 5509/12/4
f 5509/12/4 6212/12/4 5579/12/4
f 5555/12/4 6547/12/4 5552/12/4
f 5552/12/4 6547/12/4 6548/12/4
f 5552/5/4 6548/5/4 5580/5/4
f 5580/5/4 6548/5/4 5577/5/4
f 5580/12/4 6234/12/4 5600/12/4
f 5600/12/4 6234/12/4 6247/12/4
f 5582/12/4 5604/12/4 5606/12/4
f 5606/12/4 5604/12/4 5603/12/4
f 5643/5/4 6481/5/4 5640/5/4
f 5640/5/4 6481/5/4 5637/5/4
f 5657/12/4 6286/12/4 5655/12/4
f 5655/12/4 6286/12/4 5724/12/4
f 5701/12/4 6549/12/4 5698/12/4
f 5698/12/4 6549/12/4 6550/12/4
f 5698/5/4 6550/5/4 5725/5/4
f 5725/5/4 6550/5/4 5722/5/4
f 5725/12/4 6307/12/4 5745/12/4
f 5745/12/4 6307/12/4 6320/12/4
f 5727/12/4 5749/12/4 5751/12/4
f 5751/12/4 5749/12/4 5748/12/4
f 5786/9/4 6342/9/4 5783/9/4
f 5783/9/4 6342/9/4 6341/9/4
f 5798/9/4 6352/9/4 5795/9/4
f 5795/9/4 6352/9/4 6351/9/4
f 5806/9/4 6364/9/4 5803/9/4
f 5803/9/4 6364/9/4 6363/9/4
f 5810/9/4 6372/9/4 5807/9/4
f 5807/9/4 6372/9/4 6371/9/4
f 5860/11/4 5851/11/4 5857/11/4
f 5857/11/4 5851/11/4 5850/11/4
f 5874/9/4 6401/9/4 6551/9/4
f 6551/9/4 6401/9/4 6532/9/4
f 6551/9/4 6409/9/4 5871/9/4
f 5871/9/4 6409/9/4 6408/9/4
f 5857/2/4 5914/2/4 6552/2/4
f 6552/2/4 5914/2/4 6543/2/4
f 5894/9/4 6415/9/4 6553/9/4
f 6553/9/4 6415/9/4 6414/9/4
f 6553/9/4 5883/9/4 5891/9/4
f 5891/9/4 5883/9/4 6422/9/4
f 5912/9/4 6476/9/4 6554/9/4
f 6554/9/4 6476/9/4 5908/9/4
f 6554/9/4 6436/9/4 5909/9/4
f 5909/9/4 6436/9/4 6435/9/4
f 6555/1/4 5241/1/4 6556/1/4
f 6556/1/4 5241/1/4 5273/1/4
f 5537/12/4 5493/12/4 6494/12/4
f 6494/12/4 5493/12/4 5510/12/4
f 5529/12/4 5578/12/4 5526/12/4
f 5526/12/4 5578/12/4 6547/12/4
f 5527/12/4 5554/12/4 5556/12/4
f 5556/12/4 5554/12/4 5553/12/4
f 5557/12/4 5583/12/4 5584/12/4
f 5584/12/4 5583/12/4 5582/12/4
f 5683/12/4 5640/12/4 6495/12/4
f 6495/12/4 5640/12/4 5656/12/4
f 5675/12/4 5723/12/4 5672/12/4
f 5672/12/4 5723/12/4 6549/12/4
f 5673/12/4 5700/12/4 5702/12/4
f 5702/12/4 5700/12/4 5699/12/4
f 5703/12/4 5728/12/4 5729/12/4
f 5729/12/4 5728/12/4 5727/12/4
f 5834/8/4 2156/8/4 5831/8/4
f 5831/8/4 2156/8/4 2208/8/4
f 5878/2/4 5861/2/4 5875/2/4
f 5875/2/4 5861/2/4 6552/2/4
f 5998/9/4 6555/9/4 6557/9/4
f 6557/9/4 6555/9/4 6556/9/4
f 6557/1/4 6541/1/4 6073/1/4
f 6073/1/4 6541/1/4 6542/1/4
f 5533/12/4 5528/12/4 5530/12/4
f 5530/12/4 5528/12/4 5527/12/4
f 5679/12/4 5674/12/4 5676/12/4
f 5676/12/4 5674/12/4 5673/12/4
f 5830/11/4 5821/11/4 5827/11/4
f 5827/11/4 5821/11/4 5826/11/4
f 6499/12/4 6003/12/4 5969/12/4
f 5969/12/4 6003/12/4 5997/12/4
f 5954/12/4 6021/12/4 5972/12/4
f 5972/12/4 6021/12/4 6007/12/4
f 5966/5/4 5996/5/4 5994/5/4
f 5994/5/4 5996/5/4 5995/5/4
f 5994/12/4 5995/12/4 6016/12/4
f 6016/12/4 5995/12/4 6043/12/4
f 6069/12/4 6044/12/4 6070/12/4
f 6070/12/4 6044/12/4 6071/12/4
f 6091/12/4 6072/12/4 6092/12/4
f 6092/12/4 6072/12/4 6095/12/4
f 6100/12/4 6103/12/4 6101/12/4
f 6101/12/4 6103/12/4 6102/12/4
f 5945/12/4 5967/12/4 5946/12/4
f 5946/12/4 5967/12/4 5993/12/4
f 5952/12/4 5955/12/4 5953/12/4
f 5953/12/4 5955/12/4 5954/12/4
f 5989/12/4 6558/12/4 5990/12/4
f 5990/12/4 6558/12/4 5991/12/4
f 6039/12/4 6042/12/4 6040/12/4
f 6040/12/4 6042/12/4 6041/12/4
f 6040/5/4 6068/5/4 6063/5/4
f 6063/5/4 6068/5/4 6067/5/4
f 6063/12/4 6067/12/4 6559/12/4
f 6559/12/4 6067/12/4 6090/12/4
f 5399/12/4 6498/12/4 5396/12/4
f 5396/12/4 6498/12/4 6121/12/4
f 5171/12/4 5944/12/4 5168/12/4
f 5168/12/4 5944/12/4 5943/12/4
f 5168/12/4 5992/12/4 5962/12/4
f 5962/12/4 5992/12/4 6558/12/4
f 5225/12/4 5986/12/4 5222/12/4
f 5222/12/4 5986/12/4 5985/12/4
f 5223/12/4 6014/12/4 5299/12/4
f 5299/12/4 6014/12/4 6013/12/4
f 5300/12/4 6038/12/4 5297/12/4
f 5297/12/4 6038/12/4 6037/12/4
f 6560/5/4 6063/5/4 6110/5/4
f 6110/5/4 6063/5/4 6559/5/4
f 6111/12/4 6117/12/4 6112/12/4
f 6112/12/4 6117/12/4 6116/12/4
f 5411/12/4 6502/12/4 5408/12/4
f 5408/12/4 6502/12/4 6129/12/4
f 5421/12/4 6133/12/4 5418/12/4
f 5418/12/4 6133/12/4 6132/12/4
f 5948/12/4 5170/12/4 5949/12/4
f 5949/12/4 5170/12/4 5169/12/4
f 5191/12/4 5961/12/4 5263/12/4
f 5263/12/4 5961/12/4 5223/12/4
f 5264/12/4 5222/12/4 5261/12/4
f 5261/12/4 5222/12/4 5300/12/4
f 5262/5/4 5299/5/4 6036/5/4
f 6036/5/4 5299/5/4 5298/5/4
f 5378/12/4 6110/12/4 5375/12/4
f 5375/12/4 6110/12/4 6109/12/4
f 5159/12/4 5936/12/4 5156/12/4
f 5156/12/4 5936/12/4 5935/12/4
f 5167/12/4 5940/12/4 5164/12/4
f 5164/12/4 5940/12/4 5939/12/4
f 5175/12/4 5947/12/4 5965/12/4
f 5965/12/4 5947/12/4 5189/12/4
f 6561/12/4 6560/12/4 6562/12/4
f 6562/12/4 6560/12/4 6110/12/4
f 6563/5/4 5377/5/4 6564/5/4
f 6564/5/4 5377/5/4 5376/5/4
f 5195/12/4 5964/12/4 5192/12/4
f 5192/12/4 5964/12/4 5963/12/4
f 5192/12/4 5188/12/4 6012/12/4
f 6012/12/4 5188/12/4 5262/12/4
f 6565/12/4 6062/12/4 6566/12/4
f 6566/12/4 6062/12/4 6061/12/4
f 6567/5/4 6561/5/4 6114/5/4
f 6114/5/4 6561/5/4 6562/5/4
f 6115/12/4 6563/12/4 5407/12/4
f 5407/12/4 6563/12/4 6564/12/4
f 5407/12/4 5376/12/4 5404/12/4
f 5404/12/4 5376/12/4 6126/12/4
f 5417/12/4 5410/12/4 5414/12/4
f 5414/12/4 5410/12/4 5409/12/4
f 5163/12/4 5158/12/4 5160/12/4
f 5160/12/4 5158/12/4 5157/12/4
f 5229/12/4 6011/12/4 5304/12/4
f 5304/12/4 6011/12/4 6010/12/4
f 5304/12/4 5261/12/4 5301/12/4
f 5301/12/4 5261/12/4 6035/12/4
f 5302/5/4 6565/5/4 6088/5/4
f 6088/5/4 6565/5/4 6566/5/4
f 6089/12/4 6567/12/4 5379/12/4
f 5379/12/4 6567/12/4 6113/12/4
f 5179/12/4 5174/12/4 5176/12/4
f 5176/12/4 5174/12/4 5173/12/4
f 6568/12/4 5194/12/4 6569/12/4
f 6569/12/4 5194/12/4 5193/12/4
f 5268/12/4 5226/12/4 5265/12/4
f 5265/12/4 5226/12/4 5304/12/4
f 5357/12/4 5302/12/4 5354/12/4
f 5354/12/4 5302/12/4 6087/12/4
f 5386/5/4 5381/5/4 5383/5/4
f 5383/5/4 5381/5/4 5380/5/4
f 5384/12/4 5406/12/4 5412/12/4
f 5412/12/4 5406/12/4 5405/12/4
f 6570/5/4 6568/5/4 5232/5/4
f 5232/5/4 6568/5/4 6569/5/4
f 5233/12/4 5228/12/4 5230/12/4
f 5230/12/4 5228/12/4 5227/12/4
f 5231/5/4 5267/5/4 5269/5/4
f 5269/5/4 5267/5/4 5266/5/4
f 5307/12/4 5303/12/4 5305/12/4
f 5305/12/4 5303/12/4 5302/12/4
f 5331/12/4 5356/12/4 5329/12/4
f 5329/12/4 5356/12/4 6571/12/4
f 5329/5/4 6571/5/4 5358/5/4
f 5358/5/4 6571/5/4 5355/5/4
f 5389/12/4 5385/12/4 5387/12/4
f 5387/12/4 5385/12/4 5384/12/4
f 5247/12/4 5198/12/4 5239/12/4
f 5239/12/4 5198/12/4 5197/12/4
f 5207/5/4 5202/5/4 5204/5/4
f 5204/5/4 5202/5/4 5201/5/4
f 5237/12/4 6570/12/4 5234/12/4
f 5234/12/4 6570/12/4 5231/12/4
f 5235/12/4 5271/12/4 5332/12/4
f 5332/12/4 5271/12/4 5330/12/4
f 5334/12/4 5363/12/4 5365/12/4
f 5365/12/4 5363/12/4 5362/12/4
f 5253/12/4 6526/12/4 5250/12/4
f 5250/12/4 6526/12/4 5245/12/4
f 5277/12/4 5238/12/4 5275/12/4
f 5275/12/4 5238/12/4 5312/12/4
f 5276/12/4 5278/12/4 5338/12/4
f 5338/12/4 5278/12/4 5334/12/4
f 5984/3/5 5220/3/5 4473/3/5
f 4473/3/5 5220/3/5 4472/3/5
f 6166/7/5 5454/7/5 4483/7/5
f 4483/7/5 5454/7/5 4480/7/5
f 6188/3/5 5477/3/5 4487/3/5
f 4487/3/5 5477/3/5 4484/3/5
f 6381/3/5 5820/3/5 4134/3/5
f 4134/3/5 5820/3/5 2084/3/5
f 5843/2/5 5841/2/5 5026/2/5
f 5026/2/5 5841/2/5 2289/2/5
f 5842/8/5 5832/8/5 2290/8/5
f 2290/8/5 5832/8/5 5831/8/5
f 6572/2/5 5835/2/5 5846/2/5
f 5846/2/5 5835/2/5 5832/2/5
f 5836/11/5 5828/11/5 5833/11/5
f 5833/11/5 5828/11/5 5827/11/5
f 6340/9/5 5772/9/5 6337/9/5
f 6337/9/5 5772/9/5 5771/9/5
f 6573/2/5 5844/2/5 5025/2/5
f 5025/2/5 5844/2/5 5026/2/5
f 5988/12/5 5223/12/5 5985/12/5
f 5985/12/5 5223/12/5 5222/12/5
f 6062/12/5 5298/12/5 6037/12/5
f 6037/12/5 5298/12/5 5297/12/5
f 5299/12/5 5262/12/5 5300/12/5
f 5300/12/5 5262/12/5 5261/12/5
f 6036/12/5 5302/12/5 6035/12/5
f 6035/12/5 5302/12/5 5301/12/5
f 5303/12/5 6574/12/5 5304/12/5
f 5304/12/5 6574/12/5 5265/12/5
f 5779/9/5 6575/9/5 6341/9/5
f 6341/9/5 6575/9/5 5783/9/5
f 6015/12/5 6039/12/5 6013/12/5
f 6013/12/5 6039/12/5 6576/12/5
f 6063/12/5 6567/12/5 6061/12/5
f 6061/12/5 6567/12/5 6566/12/5
f 6567/5/5 6089/5/5 6566/5/5
f 6566/5/5 6089/5/5 6088/5/5
f 5267/12/5 5231/12/5 6577/12/5
f 6577/12/5 5231/12/5 5230/12/5
f 5356/12/5 5331/12/5 5357/12/5
f 5357/12/5 5331/12/5 5305/12/5
f 6066/9/5 5327/9/5 6064/9/5
f 6064/9/5 5327/9/5 5326/9/5
f 6230/12/5 5524/12/5 6216/12/5
f 6216/12/5 5524/12/5 5523/12/5
f 6303/12/5 5670/12/5 6290/12/5
f 6290/12/5 5670/12/5 5669/12/5
f 6346/9/5 6578/9/5 6343/9/5
f 6343/9/5 6578/9/5 5775/9/5
f 5575/12/5 5549/12/5 6223/12/5
f 6223/12/5 5549/12/5 5548/12/5
f 5720/12/5 5695/12/5 6297/12/5
f 6297/12/5 5695/12/5 5694/12/5
f 6579/10/5 5847/10/5 6573/10/5
f 6573/10/5 5847/10/5 5844/10/5
f 6350/9/5 5784/9/5 6347/9/5
f 6347/9/5 5784/9/5 6575/9/5
f 6044/12/5 6069/12/5 6041/12/5
f 6041/12/5 6069/12/5 6068/12/5
f 6117/12/5 6580/12/5 6090/12/5
f 6090/12/5 6580/12/5 6559/12/5
f 6580/5/5 6111/5/5 6559/5/5
f 6559/5/5 6111/5/5 6110/5/5
f 5377/12/5 6563/12/5 5378/12/5
f 5378/12/5 6563/12/5 6562/12/5
f 6563/5/5 6115/5/5 6562/5/5
f 6562/5/5 6115/5/5 6114/5/5
f 5381/12/5 5386/12/5 6087/12/5
f 6087/12/5 5386/12/5 5354/12/5
f 5386/5/5 5359/5/5 5355/5/5
f 5355/5/5 5359/5/5 5358/5/5
f 5271/12/5 5235/12/5 5231/12/5
f 5231/12/5 5235/12/5 5234/12/5
f 6047/9/5 5309/9/5 6045/9/5
f 6045/9/5 5309/9/5 5308/9/5
f 6156/12/5 5442/12/5 6153/12/5
f 6153/12/5 5442/12/5 5441/12/5
f 6165/12/5 5451/12/5 6162/12/5
f 6162/12/5 5451/12/5 5450/12/5
f 5574/5/5 6537/5/5 5575/5/5
f 5575/5/5 6537/5/5 6581/5/5
f 5719/5/5 6540/5/5 5720/5/5
f 5720/5/5 6540/5/5 6582/5/5
f 6537/12/5 6233/12/5 6581/12/5
f 6581/12/5 6233/12/5 5549/12/5
f 6540/12/5 6306/12/5 6582/12/5
f 6582/12/5 6306/12/5 5695/12/5
f 5914/2/5 5853/2/5 2633/2/5
f 2633/2/5 5853/2/5 5025/2/5
f 6234/12/5 5577/12/5 6232/12/5
f 6232/12/5 5577/12/5 5576/12/5
f 6307/12/5 5722/12/5 6305/12/5
f 6305/12/5 5722/12/5 5721/12/5
f 5853/2/5 5850/2/5 6579/2/5
f 6579/2/5 5850/2/5 5847/2/5
f 5578/12/5 6583/12/5 5579/12/5
f 5579/12/5 6583/12/5 5509/12/5
f 5723/12/5 6584/12/5 5724/12/5
f 5724/12/5 6584/12/5 5655/12/5
f 6072/12/5 6091/12/5 6071/12/5
f 6071/12/5 6091/12/5 6070/12/5
f 6118/12/5 5411/12/5 6116/12/5
f 6116/12/5 5411/12/5 6112/12/5
f 5411/12/5 6127/12/5 6109/12/5
f 6109/12/5 6127/12/5 5375/12/5
f 6128/12/5 5405/12/5 6126/12/5
f 6126/12/5 5405/12/5 5404/12/5
f 5406/12/5 6585/12/5 6113/12/5
f 6113/12/5 6585/12/5 5379/12/5
f 6585/5/5 5384/5/5 5380/5/5
f 5380/5/5 5384/5/5 5383/5/5
f 5385/12/5 5389/12/5 5386/12/5
f 5386/12/5 5389/12/5 5359/12/5
f 6094/1/5 5361/1/5 6093/1/5
f 6093/1/5 5361/1/5 5360/1/5
f 6236/12/5 6246/12/5 6229/12/5
f 6229/12/5 6246/12/5 5572/12/5
f 6309/12/5 6319/12/5 6302/12/5
f 6302/12/5 6319/12/5 5717/12/5
f 5791/9/5 6359/9/5 6587/9/5
f 6587/9/5 6359/9/5 6586/9/5
f 5337/9/5 6588/9/5 5309/9/5
f 5309/9/5 6588/9/5 6542/9/5
f 5598/12/5 6248/12/5 5599/12/5
f 5599/12/5 6248/12/5 6234/12/5
f 5743/12/5 6321/12/5 5744/12/5
f 5744/12/5 6321/12/5 6307/12/5
f 5602/12/5 5601/12/5 6589/12/5
f 6589/12/5 5601/12/5 5600/12/5
f 5747/12/5 5746/12/5 6590/12/5
f 6590/12/5 5746/12/5 5745/12/5
f 5554/12/5 5527/12/5 5555/12/5
f 5555/12/5 5527/12/5 5526/12/5
f 5700/12/5 5673/12/5 5701/12/5
f 5701/12/5 5673/12/5 5672/12/5
f 5897/2/5 5876/2/5 5898/2/5
f 5898/2/5 5876/2/5 5875/2/5
f 6096/12/5 6120/12/5 6095/12/5
f 6095/12/5 6120/12/5 6130/12/5
f 6131/12/5 5409/12/5 6129/12/5
f 6129/12/5 5409/12/5 5408/12/5
f 5410/5/5 6591/5/5 5411/5/5
f 5411/5/5 6591/5/5 6127/5/5
f 6591/12/5 5417/12/5 6127/12/5
f 6127/12/5 5417/12/5 5406/12/5
f 5414/12/5 5413/12/5 5405/12/5
f 5405/12/5 5413/12/5 5412/12/5
f 5390/12/5 5388/12/5 5384/12/5
f 5384/12/5 5388/12/5 5387/12/5
f 5363/12/5 5334/12/5 5330/12/5
f 5330/12/5 5334/12/5 5332/12/5
f 5278/12/5 5276/12/5 5312/12/5
f 5312/12/5 5276/12/5 5275/12/5
f 6097/9/5 5364/9/5 6094/9/5
f 6094/9/5 5364/9/5 5361/9/5
f 6182/12/5 5468/12/5 6180/12/5
f 6180/12/5 5468/12/5 5467/12/5
f 6259/12/5 5617/12/5 6257/12/5
f 6257/12/5 5617/12/5 5616/12/5
f 6332/12/5 5762/12/5 6330/12/5
f 6330/12/5 5762/12/5 5761/12/5
f 6358/9/5 5792/9/5 6355/9/5
f 6355/9/5 5792/9/5 6587/9/5
f 5469/12/5 6184/12/5 6167/12/5
f 6167/12/5 6184/12/5 5455/12/5
f 5618/12/5 6261/12/5 6245/12/5
f 6245/12/5 6261/12/5 5596/12/5
f 5763/12/5 6334/12/5 6318/12/5
f 6318/12/5 6334/12/5 5741/12/5
f 5313/1/5 6592/1/5 5337/1/5
f 5337/1/5 6592/1/5 6588/1/5
f 6185/12/5 5472/12/5 6183/12/5
f 6183/12/5 5472/12/5 5471/12/5
f 6262/12/5 5621/12/5 6260/12/5
f 6260/12/5 5621/12/5 5620/12/5
f 6335/12/5 5766/12/5 6333/12/5
f 6333/12/5 5766/12/5 5765/12/5
f 6593/9/5 6594/9/5 5788/9/5
f 5788/9/5 6594/9/5 6354/9/5
f 5604/12/5 5582/12/5 5605/12/5
f 5605/12/5 5582/12/5 5581/12/5
f 5749/12/5 5727/12/5 5750/12/5
f 5750/12/5 5727/12/5 5726/12/5
f 6594/9/5 5796/9/5 6351/9/5
f 6351/9/5 5796/9/5 5795/9/5
f 5583/12/5 5557/12/5 5553/12/5
f 5553/12/5 5557/12/5 5556/12/5
f 5728/12/5 5703/12/5 5699/12/5
f 5699/12/5 5703/12/5 5702/12/5
f 6592/1/5 6051/1/5 6542/1/5
f 6542/1/5 6051/1/5 6073/1/5
f 5534/12/5 5531/12/5 5527/12/5
f 5527/12/5 5531/12/5 5530/12/5
f 5680/12/5 5677/12/5 5673/12/5
f 5673/12/5 5677/12/5 5676/12/5
f 6103/12/5 6100/12/5 6075/12/5
f 6075/12/5 6100/12/5 6099/12/5
f 6101/5/5 6595/5/5 6098/5/5
f 6098/5/5 6595/5/5 6120/5/5
f 6133/12/5 5421/12/5 6119/12/5
f 6119/12/5 5421/12/5 5410/12/5
f 5418/12/5 5415/12/5 5409/12/5
f 5409/12/5 5415/12/5 5414/12/5
f 6596/5/5 5391/5/5 6597/5/5
f 6597/5/5 5391/5/5 5390/5/5
f 5367/12/5 5366/12/5 5362/12/5
f 5362/12/5 5366/12/5 5365/12/5
f 5340/12/5 5339/12/5 5334/12/5
f 5334/12/5 5339/12/5 5338/12/5
f 6050/9/5 5314/9/5 6048/9/5
f 6048/9/5 5314/9/5 5313/9/5
f 6175/12/5 6176/12/5 6172/12/5
f 6172/12/5 6176/12/5 5469/12/5
f 6250/12/5 6251/12/5 6249/12/5
f 6249/12/5 6251/12/5 5618/12/5
f 6323/12/5 6324/12/5 6322/12/5
f 6322/12/5 6324/12/5 5763/12/5
f 6176/5/5 5463/5/5 5469/5/5
f 5469/5/5 5463/5/5 6184/5/5
f 6251/5/5 5608/5/5 5618/5/5
f 5618/5/5 5608/5/5 6261/5/5
f 6324/5/5 5753/5/5 5763/5/5
f 5763/5/5 5753/5/5 6334/5/5
f 5463/12/5 6598/12/5 6184/12/5
f 6184/12/5 6598/12/5 5473/12/5
f 5608/12/5 6254/12/5 6261/12/5
f 6261/12/5 6254/12/5 5622/12/5
f 5753/12/5 6327/12/5 6334/12/5
f 6334/12/5 6327/12/5 5767/12/5
f 6598/12/5 5460/12/5 6169/12/5
f 6169/12/5 5460/12/5 5459/12/5
f 5612/12/5 5607/12/5 5603/12/5
f 5603/12/5 5607/12/5 5606/12/5
f 5757/12/5 5752/12/5 5748/12/5
f 5748/12/5 5752/12/5 5751/12/5
f 5586/12/5 5585/12/5 5582/12/5
f 5582/12/5 5585/12/5 5584/12/5
f 5731/12/5 5730/12/5 5727/12/5
f 5727/12/5 5730/12/5 5729/12/5
f 6104/12/5 5399/12/5 6102/12/5
f 6102/12/5 5399/12/5 6595/12/5
f 6134/12/5 5419/12/5 6132/12/5
f 6132/12/5 5419/12/5 5418/12/5
f 6137/12/5 5423/12/5 6135/12/5
f 6135/12/5 5423/12/5 5422/12/5
f 5424/5/5 6517/5/5 5425/5/5
f 5425/5/5 6517/5/5 5416/5/5
f 6517/12/5 6599/12/5 5417/12/5
f 5417/12/5 6599/12/5 6597/12/5
f 6599/12/5 5394/12/5 6596/12/5
f 6596/12/5 5394/12/5 5391/12/5
f 5254/12/5 5251/12/5 5245/12/5
f 5245/12/5 5251/12/5 5250/12/5
f 6527/12/5 5317/12/5 5343/12/5
f 5343/12/5 5317/12/5 5316/12/5
f 6027/1/5 5283/1/5 6049/1/5
f 6049/1/5 5283/1/5 5315/1/5
f 6179/12/5 5464/12/5 6176/12/5
f 6176/12/5 5464/12/5 5463/12/5
f 6253/12/5 5609/12/5 6251/12/5
f 6251/12/5 5609/12/5 5608/12/5
f 6326/12/5 5754/12/5 6324/12/5
f 6324/12/5 5754/12/5 5753/12/5
f 5610/5/5 5592/5/5 5611/5/5
f 5611/5/5 5592/5/5 6255/5/5
f 5755/5/5 5737/5/5 5756/5/5
f 5756/5/5 5737/5/5 6328/5/5
f 6256/12/5 5613/12/5 6247/12/5
f 6247/12/5 5613/12/5 6589/12/5
f 6329/12/5 5758/12/5 6320/12/5
f 6320/12/5 5758/12/5 6590/12/5
f 5614/12/5 5587/12/5 5615/12/5
f 5615/12/5 5587/12/5 5586/12/5
f 5759/12/5 5732/12/5 5760/12/5
f 5760/12/5 5732/12/5 5731/12/5
f 5541/12/5 5538/12/5 5561/12/5
f 5561/12/5 5538/12/5 5535/12/5
f 5687/12/5 5684/12/5 5707/12/5
f 5707/12/5 5684/12/5 5681/12/5
f 6030/12/5 6054/12/5 6023/12/5
f 6023/12/5 6054/12/5 6122/12/5
f 6123/12/5 5397/12/5 6121/12/5
f 6121/12/5 5397/12/5 5396/12/5
f 5398/5/5 6105/5/5 5399/5/5
f 5399/5/5 6105/5/5 6124/5/5
f 6125/12/5 5401/12/5 5421/12/5
f 5421/12/5 5401/12/5 6136/12/5
f 5371/12/5 6515/12/5 6510/12/5
f 6510/12/5 6515/12/5 6516/12/5
f 6515/5/5 6522/5/5 6516/5/5
f 6516/5/5 6522/5/5 6600/5/5
f 6522/12/5 6601/12/5 6600/12/5
f 6600/12/5 6601/12/5 5395/12/5
f 6601/12/5 5368/12/5 5393/12/5
f 5393/12/5 5368/12/5 5362/12/5
f 5287/12/5 5255/12/5 5288/12/5
f 5288/12/5 5255/12/5 5254/12/5
f 5369/12/5 5341/12/5 5370/12/5
f 5370/12/5 5341/12/5 5340/12/5
f 6152/12/5 5438/12/5 6144/12/5
f 6144/12/5 5438/12/5 5432/12/5
f 6242/12/5 5589/12/5 6237/12/5
f 6237/12/5 5589/12/5 6252/12/5
f 6315/12/5 5734/12/5 6310/12/5
f 6310/12/5 5734/12/5 6325/12/5
f 6370/9/5 6602/9/5 6367/9/5
f 6367/9/5 6602/9/5 5799/9/5
f 6244/12/5 5593/12/5 5610/12/5
f 5610/12/5 5593/12/5 5592/12/5
f 6317/12/5 5738/12/5 5755/12/5
f 5755/12/5 5738/12/5 5737/12/5
f 5594/12/5 5563/12/5 5595/12/5
f 5595/12/5 5563/12/5 5562/12/5
f 5739/12/5 5709/12/5 5740/12/5
f 5740/12/5 5709/12/5 5708/12/5
f 6603/9/5 6604/9/5 6605/9/5
f 6605/9/5 6604/9/5 6366/9/5
f 5564/12/5 5542/12/5 5565/12/5
f 5565/12/5 5542/12/5 5541/12/5
f 5710/12/5 5688/12/5 5711/12/5
f 5711/12/5 5688/12/5 5687/12/5
f 6604/9/5 5804/9/5 6363/9/5
f 6363/9/5 5804/9/5 5803/9/5
f 5975/12/5 5213/12/5 6496/12/5
f 6496/12/5 5213/12/5 5212/12/5
f 6056/12/5 6082/12/5 6053/12/5
f 6053/12/5 6082/12/5 6081/12/5
f 6083/12/5 6107/12/5 6080/12/5
f 6080/12/5 6107/12/5 6106/12/5
f 6108/12/5 6606/12/5 6105/12/5
f 6105/12/5 6606/12/5 5402/12/5
f 6606/12/5 5372/12/5 5403/12/5
f 5403/12/5 5372/12/5 6510/12/5
f 5348/12/5 5345/12/5 6514/12/5
f 6514/12/5 5345/12/5 5344/12/5
f 6222/12/5 6225/12/5 6219/12/5
f 6219/12/5 6225/12/5 6224/12/5
f 6296/12/5 6299/12/5 6293/12/5
f 6293/12/5 6299/12/5 6298/12/5
f 6160/12/5 5446/12/5 6157/12/5
f 6157/12/5 5446/12/5 5445/12/5
f 6226/12/5 5567/12/5 5591/12/5
f 5591/12/5 5567/12/5 6243/12/5
f 6300/12/5 5713/12/5 5736/12/5
f 5736/12/5 5713/12/5 6316/12/5
f 5568/5/5 5545/5/5 5569/5/5
f 5569/5/5 5545/5/5 5544/5/5
f 5714/5/5 5691/5/5 5715/5/5
f 5715/5/5 5691/5/5 5690/5/5
f 6060/12/5 5323/12/5 6057/12/5
f 6057/12/5 5323/12/5 5322/12/5
f 6084/12/5 5349/12/5 5374/12/5
f 5374/12/5 5349/12/5 6514/12/5
f 5324/12/5 5294/12/5 5325/12/5
f 5325/12/5 5294/12/5 5293/12/5
f 5295/12/5 5258/12/5 5296/12/5
f 5296/12/5 5258/12/5 5257/12/5
f 5811/9/5 6378/9/5 6371/9/5
f 6371/9/5 6378/9/5 6607/9/5
f 6379/1/5 5816/1/5 6377/1/5
f 6377/1/5 5816/1/5 5815/1/5
f 5817/9/5 5808/9/5 6608/9/5
f 6608/9/5 5808/9/5 5807/9/5
f 6376/9/5 5812/9/5 6373/9/5
f 6373/9/5 5812/9/5 5811/9/5
f 6430/1/5 5904/1/5 6428/1/5
f 6428/1/5 5904/1/5 5903/1/5
f 6403/9/5 5864/9/5 6400/9/5
f 6400/9/5 5864/9/5 5863/9/5
f 5865/9/5 6406/9/5 5866/9/5
f 5866/9/5 6406/9/5 6405/9/5
f 6421/9/5 5888/9/5 6418/9/5
f 6418/9/5 5888/9/5 5887/9/5
f 6407/9/5 5868/9/5 6404/9/5
f 6404/9/5 5868/9/5 5867/9/5
f 5889/9/5 5884/9/5 5890/9/5
f 5890/9/5 5884/9/5 5883/9/5
f 6434/9/5 5906/9/5 6431/9/5
f 6431/9/5 5906/9/5 5904/9/5
f 5869/9/5 6410/9/5 5870/9/5
f 5870/9/5 6410/9/5 6409/9/5
f 5907/9/5 6437/9/5 5908/9/5
f 5908/9/5 6437/9/5 6436/9/5
f 6411/9/5 5872/9/5 6408/9/5
f 6408/9/5 5872/9/5 5871/9/5
f 6423/9/5 5892/9/5 6422/9/5
f 6422/9/5 5892/9/5 5891/9/5
f 6438/9/5 5910/9/5 6435/9/5
f 6435/9/5 5910/9/5 5909/9/5
f 5983/3/6 2943/3/6 5221/3/6
f 5221/3/6 2943/3/6 433/3/6
f 6085/7/6 2944/7/6 5353/7/6
f 5353/7/6 2944/7/6 432/7/6
f 6186/7/6 4482/7/6 5476/7/6
f 5476/7/6 4482/7/6 4481/7/6
f 6204/3/6 4486/3/6 5502/3/6
f 5502/3/6 4486/3/6 4485/3/6
f 6382/7/6 4135/7/6 5822/7/6
f 5822/7/6 4135/7/6 2083/7/6
f 5826/8/6 2156/8/6 5833/8/6
f 5833/8/6 2156/8/6 5834/8/6
f 5840/11/6 5821/11/6 5829/11/6
f 5829/11/6 5821/11/6 5830/11/6
f 6339/9/6 6338/9/6 5773/9/6
f 5773/9/6 6338/9/6 5774/9/6
f 6387/2/6 6609/2/6 5845/2/6
f 5845/2/6 6609/2/6 6572/2/6
f 6385/7/6 6384/7/6 5824/7/6
f 5824/7/6 6384/7/6 5825/7/6
f 5987/12/6 5986/12/6 5224/12/6
f 5224/12/6 5986/12/6 5225/12/6
f 6576/12/6 6038/12/6 5299/12/6
f 5299/12/6 6038/12/6 5300/12/6
f 5223/12/6 5222/12/6 5263/12/6
f 5263/12/6 5222/12/6 5264/12/6
f 5262/12/6 5261/12/6 6012/12/6
f 6012/12/6 5261/12/6 6010/12/6
f 5227/12/6 5226/12/6 6577/12/6
f 6577/12/6 5226/12/6 5268/12/6
f 5776/1/6 5771/1/6 5779/1/6
f 5779/1/6 5771/1/6 5818/1/6
f 5782/9/6 6342/9/6 6610/9/6
f 6610/9/6 6342/9/6 5786/9/6
f 5991/12/6 6014/12/6 5990/12/6
f 5990/12/6 6014/12/6 5988/12/6
f 5989/5/6 5987/5/6 5962/5/6
f 5962/5/6 5987/5/6 5224/5/6
f 5189/12/6 5188/12/6 5965/12/6
f 5965/12/6 5188/12/6 5963/12/6
f 5172/12/6 5964/12/6 5194/12/6
f 5194/12/6 5964/12/6 5195/12/6
f 5193/12/6 6011/12/6 6611/12/6
f 6611/12/6 6011/12/6 5229/12/6
f 6611/12/6 5228/12/6 5232/12/6
f 5232/12/6 5228/12/6 5233/12/6
f 5266/12/6 6574/12/6 5269/12/6
f 5269/12/6 6574/12/6 5307/12/6
f 6017/9/6 6065/9/6 5272/9/6
f 5272/9/6 6065/9/6 5328/9/6
f 6206/12/6 6217/12/6 5503/12/6
f 5503/12/6 6217/12/6 5525/12/6
f 6280/12/6 6291/12/6 5649/12/6
f 5649/12/6 6291/12/6 5671/12/6
f 6345/9/6 6344/9/6 6612/9/6
f 6612/9/6 6344/9/6 5778/9/6
f 5524/12/6 5523/12/6 5550/12/6
f 5550/12/6 5523/12/6 5551/12/6
f 5670/12/6 5669/12/6 5696/12/6
f 5696/12/6 5669/12/6 5697/12/6
f 6612/9/6 5777/9/6 5781/9/6
f 5781/9/6 5777/9/6 5782/9/6
f 6389/10/6 6388/10/6 5848/10/6
f 5848/10/6 6388/10/6 5849/10/6
f 6349/9/6 6348/9/6 5785/9/6
f 5785/9/6 6348/9/6 6610/9/6
f 6043/12/6 6042/12/6 6016/12/6
f 6016/12/6 6042/12/6 6015/12/6
f 5993/12/6 5992/12/6 5946/12/6
f 5946/12/6 5992/12/6 5943/12/6
f 5169/12/6 5961/12/6 5949/12/6
f 5949/12/6 5961/12/6 5191/12/6
f 5173/5/6 5172/5/6 6613/5/6
f 6613/5/6 5172/5/6 5194/5/6
f 6613/12/6 5194/12/6 5176/12/6
f 5176/12/6 5194/12/6 6568/12/6
f 5176/5/6 6568/5/6 5199/5/6
f 5199/5/6 6568/5/6 6570/5/6
f 5199/12/6 6570/12/6 5236/12/6
f 5236/12/6 6570/12/6 5237/12/6
f 5999/1/6 6018/1/6 5241/1/6
f 5241/1/6 6018/1/6 5274/1/6
f 6155/12/6 6154/12/6 5443/12/6
f 5443/12/6 6154/12/6 5444/12/6
f 6164/12/6 6163/12/6 5452/12/6
f 5452/12/6 6163/12/6 5453/12/6
f 6196/12/6 6195/12/6 5484/12/6
f 5484/12/6 6195/12/6 5485/12/6
f 6271/12/6 6270/12/6 5631/12/6
f 5631/12/6 6270/12/6 5632/12/6
f 5504/12/6 5503/12/6 6211/12/6
f 6211/12/6 5503/12/6 6208/12/6
f 5650/12/6 5649/12/6 6285/12/6
f 6285/12/6 5649/12/6 6282/12/6
f 6210/5/6 6209/5/6 5507/5/6
f 5507/5/6 6209/5/6 5508/5/6
f 6284/5/6 6283/5/6 5653/5/6
f 5653/5/6 6283/5/6 5654/5/6
f 6586/1/6 6578/1/6 5787/1/6
f 5787/1/6 6578/1/6 5780/1/6
f 6614/2/6 5837/2/6 5856/2/6
f 5856/2/6 5837/2/6 6609/2/6
f 5506/12/6 5505/12/6 5578/12/6
f 5578/12/6 5505/12/6 5579/12/6
f 5652/12/6 5651/12/6 5723/12/6
f 5723/12/6 5651/12/6 5724/12/6
f 5856/2/6 6390/2/6 5851/2/6
f 5851/2/6 6390/2/6 5852/2/6
f 5997/5/6 5996/5/6 5969/5/6
f 5969/5/6 5996/5/6 5966/5/6
f 5968/12/6 5967/12/6 5951/12/6
f 5951/12/6 5967/12/6 5945/12/6
f 6615/12/6 5170/12/6 5935/12/6
f 5935/12/6 5170/12/6 5948/12/6
f 5935/12/6 5947/12/6 5156/12/6
f 5156/12/6 5947/12/6 5175/12/6
f 5156/12/6 5174/12/6 5178/12/6
f 5178/12/6 5174/12/6 5179/12/6
f 5197/5/6 5196/5/6 5239/5/6
f 5239/5/6 5196/5/6 5240/5/6
f 6001/9/6 6000/9/6 5243/9/6
f 5243/9/6 6000/9/6 5244/9/6
f 6235/12/6 6197/12/6 6199/12/6
f 6199/12/6 6197/12/6 5507/12/6
f 6308/12/6 6272/12/6 6274/12/6
f 6274/12/6 6272/12/6 5653/12/6
f 5794/9/6 6616/9/6 5789/9/6
f 5789/9/6 6616/9/6 5790/9/6
f 5924/11/6 6614/11/6 5855/11/6
f 5855/11/6 6614/11/6 5856/11/6
f 6189/12/6 6198/12/6 5488/12/6
f 5488/12/6 6198/12/6 5489/12/6
f 6264/12/6 6273/12/6 5635/12/6
f 5635/12/6 6273/12/6 5636/12/6
f 5854/2/6 5853/2/6 6399/2/6
f 6399/2/6 5853/2/6 5850/2/6
f 5896/10/6 5895/10/6 5917/10/6
f 5917/10/6 5895/10/6 5918/10/6
f 6398/11/6 5851/11/6 5859/11/6
f 5859/11/6 5851/11/6 5860/11/6
f 6617/1/6 6618/1/6 6619/1/6
f 6619/1/6 6618/1/6 6555/1/6
f 5862/2/6 5861/2/6 5877/2/6
f 5877/2/6 5861/2/6 5878/2/6
f 6004/12/6 6003/12/6 6620/12/6
f 6620/12/6 6003/12/6 5950/12/6
f 6621/5/6 6615/5/6 5938/5/6
f 5938/5/6 6615/5/6 5935/5/6
f 5937/12/6 5936/12/6 5158/12/6
f 5158/12/6 5936/12/6 5159/12/6
f 5157/5/6 5156/5/6 6623/5/6
f 6623/5/6 5156/5/6 6622/5/6
f 6623/12/6 6622/12/6 5160/12/6
f 5160/12/6 6622/12/6 6624/12/6
f 5160/5/6 6624/5/6 5181/5/6
f 5181/5/6 6624/5/6 5178/5/6
f 5180/12/6 5176/12/6 5203/12/6
f 5203/12/6 5176/12/6 5199/12/6
f 5203/12/6 5198/12/6 5246/12/6
f 5246/12/6 5198/12/6 5247/12/6
f 5245/12/6 5238/12/6 5250/12/6
f 5250/12/6 5238/12/6 5277/12/6
f 6077/1/6 6001/1/6 5249/1/6
f 5249/1/6 6001/1/6 5243/1/6
f 6140/12/6 6145/12/6 5430/12/6
f 5430/12/6 6145/12/6 5434/12/6
f 6201/12/6 6258/12/6 6191/12/6
f 6191/12/6 6258/12/6 6528/12/6
f 6276/12/6 6331/12/6 6266/12/6
f 6266/12/6 6331/12/6 6530/12/6
f 6357/9/6 6356/9/6 5793/9/6
f 5793/9/6 6356/9/6 6616/9/6
f 5248/1/6 5241/1/6 6465/1/6
f 6465/1/6 5241/1/6 6618/1/6
f 6625/12/6 5451/12/6 6626/12/6
f 6626/12/6 5451/12/6 5458/12/6
f 6191/5/6 6528/5/6 6627/5/6
f 6627/5/6 6528/5/6 6535/5/6
f 6266/5/6 6530/5/6 6628/5/6
f 6628/5/6 6530/5/6 6538/5/6
f 6627/12/6 6535/12/6 5478/12/6
f 5478/12/6 6535/12/6 6189/12/6
f 6628/12/6 6538/12/6 5625/12/6
f 5625/12/6 6538/12/6 6264/12/6
f 5481/12/6 6190/12/6 5491/12/6
f 5491/12/6 6190/12/6 5492/12/6
f 5628/12/6 6265/12/6 5638/12/6
f 5638/12/6 6265/12/6 5639/12/6
f 6361/9/6 6360/9/6 6629/9/6
f 6629/9/6 6360/9/6 6353/9/6
f 6444/10/6 6443/10/6 5920/10/6
f 5920/10/6 6443/10/6 5921/10/6
f 6465/9/6 6617/9/6 6484/9/6
f 6484/9/6 6617/9/6 6630/9/6
f 5490/12/6 6212/12/6 5493/12/6
f 5493/12/6 6212/12/6 5511/12/6
f 5637/12/6 6286/12/6 5640/12/6
f 5640/12/6 6286/12/6 5657/12/6
f 6629/9/6 6352/9/6 5797/9/6
f 5797/9/6 6352/9/6 5798/9/6
f 6484/1/6 6630/1/6 6491/1/6
f 6491/1/6 6630/1/6 6619/1/6
f 5510/12/6 6583/12/6 6494/12/6
f 6494/12/6 6583/12/6 5529/12/6
f 5656/12/6 6584/12/6 6495/12/6
f 6495/12/6 6584/12/6 5675/12/6
f 6491/9/6 6555/9/6 6008/9/6
f 6008/9/6 6555/9/6 5998/9/6
f 6494/12/6 5528/12/6 5532/12/6
f 5532/12/6 5528/12/6 5533/12/6
f 6495/12/6 5674/12/6 5678/12/6
f 5678/12/6 5674/12/6 5679/12/6
f 6007/5/6 6006/5/6 5972/5/6
f 5972/5/6 6006/5/6 5970/5/6
f 5954/12/6 5971/12/6 5953/12/6
f 5953/12/6 5971/12/6 6620/12/6
f 5952/12/6 5944/12/6 5939/12/6
f 5939/12/6 5944/12/6 5171/12/6
f 5939/12/6 6621/12/6 5164/12/6
f 5164/12/6 6621/12/6 5157/12/6
f 5167/12/6 5158/12/6 5162/12/6
f 5162/12/6 5158/12/6 5163/12/6
f 6631/5/6 5180/5/6 5202/5/6
f 5202/5/6 5180/5/6 5203/5/6
f 5201/12/6 5200/12/6 6632/12/6
f 6632/12/6 5200/12/6 5253/12/6
f 6141/5/6 6140/5/6 5429/5/6
f 5429/5/6 6140/5/6 5430/5/6
f 6174/12/6 6181/12/6 6177/12/6
f 6177/12/6 6181/12/6 6168/12/6
f 6202/5/6 6201/5/6 5500/5/6
f 5500/5/6 6201/5/6 6191/5/6
f 6277/5/6 6276/5/6 5647/5/6
f 5647/5/6 6276/5/6 6266/5/6
f 6393/7/6 6386/7/6 5839/7/6
f 5839/7/6 6386/7/6 5823/7/6
f 6177/5/6 6625/5/6 5466/5/6
f 5466/5/6 6625/5/6 6626/5/6
f 5466/12/6 5457/12/6 6633/12/6
f 6633/12/6 5457/12/6 6171/12/6
f 6193/12/6 6192/12/6 5480/12/6
f 5480/12/6 6192/12/6 5481/12/6
f 6268/12/6 6267/12/6 5627/12/6
f 5627/12/6 6267/12/6 5628/12/6
f 6633/12/6 6170/12/6 5461/12/6
f 5461/12/6 6170/12/6 5462/12/6
f 5479/12/6 5478/12/6 6479/12/6
f 6479/12/6 5478/12/6 6478/12/6
f 5626/12/6 5625/12/6 6482/12/6
f 6482/12/6 5625/12/6 6481/12/6
f 6479/5/6 6478/5/6 5495/5/6
f 5495/5/6 6478/5/6 5496/5/6
f 6482/5/6 6481/5/6 5642/5/6
f 5642/5/6 6481/5/6 5643/5/6
f 5494/12/6 5493/12/6 5536/12/6
f 5536/12/6 5493/12/6 5537/12/6
f 5641/12/6 5640/12/6 5682/12/6
f 5682/12/6 5640/12/6 5683/12/6
f 6022/12/6 6021/12/6 5957/12/6
f 5957/12/6 6021/12/6 5954/12/6
f 5956/12/6 5955/12/6 6500/12/6
f 6500/12/6 5955/12/6 5952/12/6
f 6500/5/6 5952/5/6 5942/5/6
f 5942/5/6 5952/5/6 5939/5/6
f 5941/12/6 5940/12/6 5166/12/6
f 5166/12/6 5940/12/6 5167/12/6
f 5187/5/6 6634/5/6 6518/5/6
f 6518/5/6 6634/5/6 5161/5/6
f 6518/12/6 5160/12/6 5183/12/6
f 5183/12/6 5160/12/6 5181/12/6
f 5211/5/6 5202/5/6 5206/5/6
f 5206/5/6 5202/5/6 5207/5/6
f 5205/12/6 5204/12/6 5252/12/6
f 5252/12/6 5204/12/6 6632/12/6
f 5281/12/6 5278/12/6 5318/12/6
f 5318/12/6 5278/12/6 5276/12/6
f 6026/1/6 6025/1/6 5284/1/6
f 5284/1/6 6025/1/6 5248/1/6
f 6148/12/6 6141/12/6 5437/12/6
f 5437/12/6 6141/12/6 5429/12/6
f 6238/12/6 6202/12/6 5499/12/6
f 5499/12/6 6202/12/6 5500/12/6
f 6311/12/6 6277/12/6 5646/12/6
f 5646/12/6 6277/12/6 5647/12/6
f 6178/12/6 6177/12/6 5465/12/6
f 5465/12/6 6177/12/6 5466/12/6
f 5498/12/6 5497/12/6 6214/12/6
f 6214/12/6 5497/12/6 6473/12/6
f 5645/12/6 5644/12/6 6288/12/6
f 6288/12/6 5644/12/6 6474/12/6
f 5800/1/6 6362/1/6 6605/1/6
f 6605/1/6 6362/1/6 6593/1/6
f 6214/5/6 6473/5/6 5522/5/6
f 5522/5/6 6473/5/6 6480/5/6
f 6288/5/6 6474/5/6 5668/5/6
f 5668/5/6 6474/5/6 6483/5/6
f 5522/12/6 6480/12/6 5514/12/6
f 5514/12/6 6480/12/6 5494/12/6
f 5668/12/6 6483/12/6 5660/12/6
f 5660/12/6 6483/12/6 5641/12/6
f 5513/12/6 5512/12/6 5539/12/6
f 5539/12/6 5512/12/6 5540/12/6
f 5659/12/6 5658/12/6 5685/12/6
f 5685/12/6 5658/12/6 5686/12/6
f 6029/12/6 6028/12/6 6496/12/6
f 6496/12/6 6028/12/6 5973/12/6
f 5215/12/6 6501/12/6 5960/12/6
f 5960/12/6 6501/12/6 5958/12/6
f 5959/12/6 5942/12/6 6635/12/6
f 6635/12/6 5942/12/6 5165/12/6
f 6635/12/6 5164/12/6 5186/12/6
f 5186/12/6 5164/12/6 6634/12/6
f 5185/12/6 5184/12/6 5347/12/6
f 5347/12/6 5184/12/6 5182/12/6
f 5347/12/6 6631/12/6 5210/12/6
f 5210/12/6 6631/12/6 5202/12/6
f 5209/12/6 5208/12/6 5256/12/6
f 5256/12/6 5208/12/6 5205/12/6
f 5321/12/6 5320/12/6 5342/12/6
f 5342/12/6 5320/12/6 6527/12/6
f 6151/12/6 6150/12/6 5439/12/6
f 5439/12/6 6150/12/6 5440/12/6
f 6241/12/6 6240/12/6 6457/12/6
f 6457/12/6 6240/12/6 5498/12/6
f 6314/12/6 6313/12/6 6459/12/6
f 6459/12/6 6313/12/6 5645/12/6
f 6457/5/6 5498/5/6 5517/5/6
f 5517/5/6 5498/5/6 5518/5/6
f 6459/5/6 5645/5/6 5663/5/6
f 5663/5/6 5645/5/6 5664/5/6
f 6369/9/6 6368/9/6 6636/9/6
f 6636/9/6 6368/9/6 5802/9/6
f 5516/12/6 5515/12/6 5547/12/6
f 5547/12/6 5515/12/6 6213/12/6
f 5662/12/6 5661/12/6 5693/12/6
f 5693/12/6 5661/12/6 6287/12/6
f 6215/12/6 6214/12/6 5521/12/6
f 5521/12/6 6214/12/6 5522/12/6
f 6289/12/6 6288/12/6 5667/12/6
f 5667/12/6 6288/12/6 5668/12/6
f 6636/9/6 5801/9/6 6637/9/6
f 6637/9/6 5801/9/6 6365/9/6
f 5520/12/6 5519/12/6 5543/12/6
f 5543/12/6 5519/12/6 5513/12/6
f 5666/12/6 5665/12/6 5689/12/6
f 5689/12/6 5665/12/6 5659/12/6
f 6637/9/6 6364/9/6 5805/9/6
f 5805/9/6 6364/9/6 5806/9/6
f 5974/12/6 5957/12/6 5214/12/6
f 5214/12/6 5957/12/6 6501/12/6
f 6055/12/6 6054/12/6 6032/12/6
f 6032/12/6 6054/12/6 6031/12/6
f 5213/12/6 5212/12/6 5978/12/6
f 5978/12/6 5212/12/6 5976/12/6
f 5977/12/6 5960/12/6 5218/12/6
f 5218/12/6 5960/12/6 5219/12/6
f 5217/5/6 5216/5/6 6509/5/6
f 6509/5/6 5216/5/6 6508/5/6
f 6509/12/6 6508/12/6 6511/12/6
f 6511/12/6 6508/12/6 6638/12/6
f 6511/5/6 6638/5/6 5982/5/6
f 5982/5/6 6638/5/6 5979/5/6
f 5981/12/6 5980/12/6 5346/12/6
f 5346/12/6 5980/12/6 5347/12/6
f 6159/12/6 6158/12/6 5447/12/6
f 5447/12/6 6158/12/6 5448/12/6
f 6221/12/6 6220/12/6 6469/12/6
f 6469/12/6 6220/12/6 5516/12/6
f 6295/12/6 6294/12/6 6472/12/6
f 6472/12/6 6294/12/6 5662/12/6
f 6469/5/6 5516/5/6 5546/5/6
f 5546/5/6 5516/5/6 5547/5/6
f 6472/5/6 5662/5/6 5692/5/6
f 5692/5/6 5662/5/6 5693/5/6
f 6607/1/6 6602/1/6 6608/1/6
f 6608/1/6 6602/1/6 6603/1/6
f 6059/12/6 6058/12/6 5291/12/6
f 5291/12/6 6058/12/6 5292/12/6
f 5290/12/6 5289/12/6 5324/12/6
f 5324/12/6 5289/12/6 5325/12/6
f 5323/12/6 5322/12/6 5350/12/6
f 5350/12/6 5322/12/6 5351/12/6
f 6034/12/6 6033/12/6 5295/12/6
f 5295/12/6 6033/12/6 5296/12/6
f 6009/12/6 5982/12/6 5259/12/6
f 5259/12/6 5982/12/6 5260/12/6
f 5814/9/6 6372/9/6 5809/9/6
f 5809/9/6 6372/9/6 5810/9/6
f 6375/9/6 6374/9/6 5813/9/6
f 5813/9/6 6374/9/6 5814/9/6
f 5890/1/6 6429/1/6 5883/1/6
f 5883/1/6 6429/1/6 5905/1/6
f 6449/1/6 6448/1/6 5927/1/6
f 5927/1/6 6448/1/6 5928/1/6
f 6420/9/6 6419/9/6 5881/9/6
f 5881/9/6 6419/9/6 5882/9/6
f 6433/9/6 6432/9/6 5901/9/6
f 5901/9/6 6432/9/6 5902/9/6
f 6453/9/6 6452/9/6 5931/9/6
f 5931/9/6 6452/9/6 5932/9/6
f 5880/9/6 5879/9/6 5889/9/6
f 5889/9/6 5879/9/6 5890/9/6
f 5900/9/6 5899/9/6 6427/9/6
f 6427/9/6 5899/9/6 6424/9/6
f 6413/9/6 6412/9/6 5885/9/6
f 5885/9/6 6412/9/6 5886/9/6
f 6455/9/6 6449/9/6 5934/9/6
f 5934/9/6 6449/9/6 5927/9/6
f 5884/9/6 5883/9/6 6417/9/6
f 6417/9/6 5883/9/6 6414/9/6
f 6402/9/6 6401/9/6 5873/9/6
f 5873/9/6 6401/9/6 5874/9/6
f 6416/9/6 6415/9/6 5893/9/6
f 5893/9/6 6415/9/6 5894/9/6
f 6426/9/6 6425/9/6 5911/9/6
f 5911/9/6 6425/9/6 5912/9/6
f 6639/13/1 6640/13/1 2556/13/1
f 2556/13/1 6640/13/1 2557/13/1
f 6641/4/1 6642/4/1 6644/4/1
f 6644/4/1 6642/4/1 6643/4/1
f 6645/7/1 6646/7/1 2569/7/1
f 2569/7/1 6646/7/1 2572/7/1
f 6647/13/1 6648/13/1 6650/13/1
f 6650/13/1 6648/13/1 6649/13/1
f 6651/4/1 6652/4/1 6654/4/1
f 6654/4/1 6652/4/1 6653/4/1
f 6655/4/1 6656/4/1 4975/4/1
f 4975/4/1 6656/4/1 2617/4/1
f 6657/9/1 6658/9/1 2620/9/1
f 2620/9/1 6658/9/1 2621/9/1
f 6659/9/1 6660/9/1 2624/9/1
f 2624/9/1 6660/9/1 2625/9/1
f 6661/4/1 6662/4/1 6663/4/1
f 6663/4/1 6662/4/1 6647/4/1
f 6664/7/1 6665/7/1 2595/7/1
f 2595/7/1 6665/7/1 2600/7/1
f 6666/13/1 6667/13/1 4879/13/1
f 4879/13/1 6667/13/1 4710/13/1
f 6668/4/1 6669/4/1 6671/4/1
f 6671/4/1 6669/4/1 6670/4/1
f 6672/10/1 6673/10/1 6675/10/1
f 6675/10/1 6673/10/1 6674/10/1
f 6673/10/1 6676/10/1 2549/10/1
f 2549/10/1 6676/10/1 2550/10/1
f 6677/7/1 6678/7/1 6679/7/1
f 6679/7/1 6678/7/1 2580/7/1
f 6678/7/1 6680/7/1 6682/7/1
f 6682/7/1 6680/7/1 6681/7/1
f 6683/13/1 6684/13/1 6686/13/1
f 6686/13/1 6684/13/1 6685/13/1
f 6687/10/1 6688/10/1 2605/10/1
f 2605/10/1 6688/10/1 2606/10/1
f 6689/4/1 6690/4/1 6692/4/1
f 6692/4/1 6690/4/1 6691/4/1
f 6693/10/1 6694/10/1 2627/10/1
f 2627/10/1 6694/10/1 2628/10/1
f 6695/6/1 6696/6/1 2552/6/1
f 2552/6/1 6696/6/1 2553/6/1
f 6697/13/1 6698/13/1 6700/13/1
f 6700/13/1 6698/13/1 6699/13/1
f 6701/4/1 6702/4/1 6704/4/1
f 6704/4/1 6702/4/1 6703/4/1
f 6705/13/1 6706/13/1 6708/13/1
f 6708/13/1 6706/13/1 6707/13/1
f 6709/4/1 6710/4/1 6712/4/1
f 6712/4/1 6710/4/1 6711/4/1
f 6713/9/1 6714/9/1 6716/9/1
f 6716/9/1 6714/9/1 6715/9/1
f 6717/9/1 6718/9/1 6720/9/1
f 6720/9/1 6718/9/1 6719/9/1
f 6721/1/1 6722/1/1 2625/1/1
f 2625/1/1 6722/1/1 6723/1/1
f 6724/4/1 6725/4/1 6727/4/1
f 6727/4/1 6725/4/1 6726/4/1
f 6728/4/1 6729/4/1 6731/4/1
f 6731/4/1 6729/4/1 6730/4/1
f 6732/9/1 6733/9/1 6735/9/1
f 6735/9/1 6733/9/1 6734/9/1
f 6736/1/1 6737/1/1 6739/1/1
f 6739/1/1 6737/1/1 6738/1/1
f 6740/13/1 6741/13/1 6743/13/1
f 6743/13/1 6741/13/1 6742/13/1
f 6744/13/1 6745/13/1 6747/13/1
f 6747/13/1 6745/13/1 6746/13/1
f 6748/4/1 6749/4/1 6751/4/1
f 6751/4/1 6749/4/1 6750/4/1
f 6752/4/1 6753/4/1 6755/4/1
f 6755/4/1 6753/4/1 6754/4/1
f 6756/9/1 6757/9/1 6759/9/1
f 6759/9/1 6757/9/1 6758/9/1
f 6760/9/1 6761/9/1 6763/9/1
f 6763/9/1 6761/9/1 6762/9/1
f 6764/9/1 6765/9/1 6767/9/1
f 6767/9/1 6765/9/1 6766/9/1
f 6768/4/1 6769/4/1 6771/4/1
f 6771/4/1 6769/4/1 6770/4/1
f 6772/7/1 6773/7/1 6775/7/1
f 6775/7/1 6773/7/1 6774/7/1
f 6773/7/1 6776/7/1 6777/7/1
f 6777/7/1 6776/7/1 2569/7/1
f 6776/7/1 6778/7/1 6780/7/1
f 6780/7/1 6778/7/1 6779/7/1
f 6778/7/1 6781/7/1 6646/7/1
f 6646/7/1 6781/7/1 6782/7/1
f 6781/7/1 6783/7/1 6784/7/1
f 6784/7/1 6783/7/1 6679/7/1
f 6783/7/1 6785/7/1 6787/7/1
f 6787/7/1 6785/7/1 6786/7/1
f 6785/7/1 6788/7/1 6789/7/1
f 6789/7/1 6788/7/1 6678/7/1
f 6788/7/1 6790/7/1 6792/7/1
f 6792/7/1 6790/7/1 6791/7/1
f 6790/7/1 6793/7/1 2583/7/1
f 2583/7/1 6793/7/1 2595/7/1
f 6793/7/1 6794/7/1 6796/7/1
f 6796/7/1 6794/7/1 6795/7/1
f 6794/7/1 6797/7/1 6798/7/1
f 6798/7/1 6797/7/1 6665/7/1
f 6799/4/1 6800/4/1 6802/4/1
f 6802/4/1 6800/4/1 6801/4/1
f 6803/9/1 6804/9/1 6806/9/1
f 6806/9/1 6804/9/1 6805/9/1
f 6804/9/1 6807/9/1 6809/9/1
f 6809/9/1 6807/9/1 6808/9/1
f 6810/2/1 6811/2/1 6812/2/1
f 6812/2/1 6811/2/1 6694/2/1
f 6813/7/1 6814/7/1 2631/7/1
f 2631/7/1 6814/7/1 2632/7/1
f 6815/6/1 6816/6/1 6818/6/1
f 6818/6/1 6816/6/1 6817/6/1
f 6819/4/1 6820/4/1 6822/4/1
f 6822/4/1 6820/4/1 6821/4/1
f 6823/13/1 6824/13/1 6826/13/1
f 6826/13/1 6824/13/1 6825/13/1
f 6827/13/1 6828/13/1 6830/13/1
f 6830/13/1 6828/13/1 6829/13/1
f 6831/13/1 6832/13/1 6834/13/1
f 6834/13/1 6832/13/1 6833/13/1
f 6835/8/1 6836/8/1 6838/8/1
f 6838/8/1 6836/8/1 6837/8/1
f 6839/4/1 6840/4/1 6842/4/1
f 6842/4/1 6840/4/1 6841/4/1
f 6843/13/1 6844/13/1 6846/13/1
f 6846/13/1 6844/13/1 6845/13/1
f 6847/13/1 6848/13/1 6850/13/1
f 6850/13/1 6848/13/1 6849/13/1
f 6840/4/1 6851/4/1 6853/4/1
f 6853/4/1 6851/4/1 6852/4/1
f 6854/13/1 6855/13/1 6857/13/1
f 6857/13/1 6855/13/1 6856/13/1
f 6858/13/1 6859/13/1 6861/13/1
f 6861/13/1 6859/13/1 6860/13/1
f 6859/6/1 6862/6/1 6860/6/1
f 6860/6/1 6862/6/1 6863/6/1
f 6864/4/1 6865/4/1 6867/4/1
f 6867/4/1 6865/4/1 6866/4/1
f 6868/11/1 6869/11/1 6871/11/1
f 6871/11/1 6869/11/1 6870/11/1
f 6869/2/1 6872/2/1 6870/2/1
f 6870/2/1 6872/2/1 6873/2/1
f 6874/2/1 6875/2/1 6877/2/1
f 6877/2/1 6875/2/1 6876/2/1
f 6878/2/1 6879/2/1 6881/2/1
f 6881/2/1 6879/2/1 6880/2/1
f 6879/8/1 6882/8/1 6880/8/1
f 6880/8/1 6882/8/1 6883/8/1
f 6884/9/1 6885/9/1 6887/9/1
f 6887/9/1 6885/9/1 6886/9/1
f 6888/4/1 6889/4/1 6891/4/1
f 6891/4/1 6889/4/1 6890/4/1
f 6889/4/1 6892/4/1 6894/4/1
f 6894/4/1 6892/4/1 6893/4/1
f 6895/10/1 6896/10/1 6898/10/1
f 6898/10/1 6896/10/1 6897/10/1
f 6899/4/1 6900/4/1 6902/4/1
f 6902/4/1 6900/4/1 6901/4/1
f 6900/4/1 6903/4/1 6905/4/1
f 6905/4/1 6903/4/1 6904/4/1
f 6906/4/1 6907/4/1 6909/4/1
f 6909/4/1 6907/4/1 6908/4/1
f 6910/9/1 6911/9/1 6913/9/1
f 6913/9/1 6911/9/1 6912/9/1
f 6914/1/1 6915/1/1 6917/1/1
f 6917/1/1 6915/1/1 6916/1/1
f 6918/10/1 6919/10/1 6921/10/1
f 6921/10/1 6919/10/1 6920/10/1
f 6922/9/1 6923/9/1 6925/9/1
f 6925/9/1 6923/9/1 6924/9/1
f 6926/7/1 6927/7/1 6929/7/1
f 6929/7/1 6927/7/1 6928/7/1
f 6927/7/1 6930/7/1 2546/7/1
f 2546/7/1 6930/7/1 2547/7/1
f 6930/7/1 6931/7/1 6933/7/1
f 6933/7/1 6931/7/1 6932/7/1
f 6931/7/1 6934/7/1 2613/7/1
f 2613/7/1 6934/7/1 2614/7/1
f 6935/9/1 6936/9/1 6938/9/1
f 6938/9/1 6936/9/1 6937/9/1
f 6939/9/1 6940/9/1 6911/9/1
f 6911/9/1 6940/9/1 6941/9/1
f 6936/9/1 6942/9/1 6944/9/1
f 6944/9/1 6942/9/1 6943/9/1
f 6945/7/1 6946/7/1 6948/7/1
f 6948/7/1 6946/7/1 6947/7/1
f 6946/7/1 6949/7/1 6951/7/1
f 6951/7/1 6949/7/1 6950/7/1
f 6952/9/1 6953/9/1 6955/9/1
f 6955/9/1 6953/9/1 6954/9/1
f 6956/9/1 6957/9/1 6959/9/1
f 6959/9/1 6957/9/1 6958/9/1
f 6960/9/1 6961/9/1 6963/9/1
f 6963/9/1 6961/9/1 6962/9/1
f 6964/1/1 6965/1/1 6967/1/1
f 6967/1/1 6965/1/1 6966/1/1
f 6968/1/1 6969/1/1 6971/1/1
f 6971/1/1 6969/1/1 6970/1/1
f 6972/9/1 6973/9/1 6975/9/1
f 6975/9/1 6973/9/1 6974/9/1
f 6976/9/1 6977/9/1 6979/9/1
f 6979/9/1 6977/9/1 6978/9/1
f 6980/9/1 6981/9/1 6983/9/1
f 6983/9/1 6981/9/1 6982/9/1
f 6984/1/1 6985/1/1 6987/1/1
f 6987/1/1 6985/1/1 6986/1/1
f 6988/9/1 6989/9/1 6991/9/1
f 6991/9/1 6989/9/1 6990/9/1
f 6992/9/1 6993/9/1 6994/9/1
f 6994/9/1 6993/9/1 6973/9/1
f 6995/1/1 6996/1/1 6998/1/1
f 6998/1/1 6996/1/1 6997/1/1
f 6999/1/1 7000/1/1 7002/1/1
f 7002/1/1 7000/1/1 7001/1/1
f 7003/1/1 7004/1/1 7006/1/1
f 7006/1/1 7004/1/1 7005/1/1
f 7007/1/1 7008/1/1 7010/1/1
f 7010/1/1 7008/1/1 7009/1/1
f 7011/9/1 7012/9/1 7014/9/1
f 7014/9/1 7012/9/1 7013/9/1
f 7015/9/1 7016/9/1 7018/9/1
f 7018/9/1 7016/9/1 7017/9/1
f 7019/9/1 7020/9/1 7022/9/1
f 7022/9/1 7020/9/1 7021/9/1
f 7023/9/1 7024/9/1 7026/9/1
f 7026/9/1 7024/9/1 7025/9/1
f 7027/9/1 7028/9/1 7030/9/1
f 7030/9/1 7028/9/1 7029/9/1
f 7031/9/1 7032/9/1 7034/9/1
f 7034/9/1 7032/9/1 7033/9/1
f 7035/9/1 7036/9/1 7038/9/1
f 7038/9/1 7036/9/1 7037/9/1
f 7039/9/1 7040/9/1 7042/9/1
f 7042/9/1 7040/9/1 7041/9/1
f 7043/9/1 7044/9/1 7046/9/1
f 7046/9/1 7044/9/1 7045/9/1
f 7047/9/1 7048/9/1 7050/9/1
f 7050/9/1 7048/9/1 7049/9/1
f 7051/9/1 7052/9/1 7054/9/1
f 7054/9/1 7052/9/1 7053/9/1
f 7055/9/1 7056/9/1 7058/9/1
f 7058/9/1 7056/9/1 7057/9/1
f 7059/9/1 7060/9/1 7062/9/1
f 7062/9/1 7060/9/1 7061/9/1
f 7063/9/1 7064/9/1 7066/9/1
f 7066/9/1 7064/9/1 7065/9/1
f 7067/9/1 7068/9/1 7070/9/1
f 7070/9/1 7068/9/1 7069/9/1
f 7071/9/1 7072/9/1 7074/9/1
f 7074/9/1 7072/9/1 7073/9/1
f 7075/9/1 7076/9/1 7078/9/1
f 7078/9/1 7076/9/1 7077/9/1
f 7079/9/1 7080/9/1 7082/9/1
f 7082/9/1 7080/9/1 7081/9/1
f 7083/9/1 7084/9/1 7086/9/1
f 7086/9/1 7084/9/1 7085/9/1
f 7087/9/1 7088/9/1 7090/9/1
f 7090/9/1 7088/9/1 7089/9/1
f 7091/9/1 7092/9/1 7094/9/1
f 7094/9/1 7092/9/1 7093/9/1
f 7095/9/1 7096/9/1 7098/9/1
f 7098/9/1 7096/9/1 7097/9/1
f 7099/9/1 7100/9/1 7102/9/1
f 7102/9/1 7100/9/1 7101/9/1
f 7103/9/1 7104/9/1 7106/9/1
f 7106/9/1 7104/9/1 7105/9/1
f 7107/9/1 7108/9/1 7110/9/1
f 7110/9/1 7108/9/1 7109/9/1
f 7111/9/1 7112/9/1 7114/9/1
f 7114/9/1 7112/9/1 7113/9/1
f 7115/9/1 7116/9/1 7118/9/1
f 7118/9/1 7116/9/1 7117/9/1
f 7119/9/1 7120/9/1 7122/9/1
f 7122/9/1 7120/9/1 7121/9/1
f 7123/9/1 7124/9/1 7126/9/1
f 7126/9/1 7124/9/1 7125/9/1
f 7127/9/1 7128/9/1 7130/9/1
f 7130/9/1 7128/9/1 7129/9/1
f 7131/9/1 7132/9/1 7134/9/1
f 7134/9/1 7132/9/1 7133/9/1
f 7135/9/1 7136/9/1 7138/9/1
f 7138/9/1 7136/9/1 7137/9/1
f 7139/9/1 7140/9/1 7142/9/1
f 7142/9/1 7140/9/1 7141/9/1
f 7143/9/1 7144/9/1 7146/9/1
f 7146/9/1 7144/9/1 7145/9/1
f 7147/9/1 7148/9/1 7150/9/1
f 7150/9/1 7148/9/1 7149/9/1
f 7151/13/2 4909/13/2 7152/13/2
f 7152/13/2 4909/13/2 4908/13/2
f 7153/4/2 4721/4/2 7155/4/2
f 7155/4/2 4721/4/2 7154/4/2
f 7156/9/2 4461/9/2 7157/9/2
f 7157/9/2 4461/9/2 4464/9/2
f 6667/4/2 7158/4/2 7160/4/2
f 7160/4/2 7158/4/2 7159/4/2
f 7161/10/2 7162/10/2 7164/10/2
f 7164/10/2 7162/10/2 7163/10/2
f 7165/8/2 4432/8/2 7166/8/2
f 7166/8/2 4432/8/2 4435/8/2
f 7167/8/2 4446/8/2 7168/8/2
f 7168/8/2 4446/8/2 4449/8/2
f 7169/10/2 4450/10/2 7170/10/2
f 7170/10/2 4450/10/2 4453/10/2
f 7171/4/2 7172/4/2 7174/4/2
f 7174/4/2 7172/4/2 7173/4/2
f 7175/10/2 4465/10/2 7176/10/2
f 7176/10/2 4465/10/2 4468/10/2
f 7177/13/2 7178/13/2 7180/13/2
f 7180/13/2 7178/13/2 7179/13/2
f 7181/4/2 7182/4/2 7184/4/2
f 7184/4/2 7182/4/2 7183/4/2
f 7185/9/2 7186/9/2 7188/9/2
f 7188/9/2 7186/9/2 7187/9/2
f 7189/1/2 7190/1/2 7192/1/2
f 7192/1/2 7190/1/2 7191/1/2
f 7193/4/2 7194/4/2 6751/4/2
f 6751/4/2 7194/4/2 7195/4/2
f 7196/4/2 7197/4/2 7199/4/2
f 7199/4/2 7197/4/2 7198/4/2
f 7200/13/2 7201/13/2 7203/13/2
f 7203/13/2 7201/13/2 7202/13/2
f 7204/4/2 7205/4/2 7207/4/2
f 7207/4/2 7205/4/2 7206/4/2
f 7208/9/2 7209/9/2 6736/9/2
f 6736/9/2 7209/9/2 6739/9/2
f 6733/1/2 6734/1/2 7211/1/2
f 7211/1/2 6734/1/2 7210/1/2
f 7212/4/2 7213/4/2 7215/4/2
f 7215/4/2 7213/4/2 7214/4/2
f 7216/13/2 7217/13/2 7219/13/2
f 7219/13/2 7217/13/2 7218/13/2
f 7220/13/2 7221/13/2 7223/13/2
f 7223/13/2 7221/13/2 7222/13/2
f 7224/4/2 7225/4/2 7227/4/2
f 7227/4/2 7225/4/2 7226/4/2
f 7228/9/2 7229/9/2 7231/9/2
f 7231/9/2 7229/9/2 7230/9/2
f 7232/9/2 7233/9/2 7235/9/2
f 7235/9/2 7233/9/2 7234/9/2
f 7236/4/2 7237/4/2 7238/4/2
f 7238/4/2 7237/4/2 7220/4/2
f 7239/4/2 7240/4/2 7242/4/2
f 7242/4/2 7240/4/2 7241/4/2
f 7243/7/2 4431/7/2 7244/7/2
f 7244/7/2 4431/7/2 4444/7/2
f 7245/4/2 7200/4/2 7246/4/2
f 7246/4/2 7200/4/2 7203/4/2
f 7247/4/2 7248/4/2 7250/4/2
f 7250/4/2 7248/4/2 7249/4/2
f 7251/9/2 7252/9/2 7254/9/2
f 7254/9/2 7252/9/2 7253/9/2
f 7255/7/2 4470/7/2 7256/7/2
f 7256/7/2 4470/7/2 4471/7/2
f 7257/13/2 4430/13/2 7258/13/2
f 7258/13/2 4430/13/2 4431/13/2
f 7259/6/2 7260/6/2 7262/6/2
f 7262/6/2 7260/6/2 7261/6/2
f 7263/13/2 7264/13/2 7266/13/2
f 7266/13/2 7264/13/2 7265/13/2
f 7267/8/2 7268/8/2 7270/8/2
f 7270/8/2 7268/8/2 7269/8/2
f 7271/13/2 7272/13/2 7274/13/2
f 7274/13/2 7272/13/2 7273/13/2
f 7275/13/2 7276/13/2 7278/13/2
f 7278/13/2 7276/13/2 7277/13/2
f 7258/13/2 7243/13/2 7279/13/2
f 7279/13/2 7243/13/2 7244/13/2
f 7280/13/2 7281/13/2 7283/13/2
f 7283/13/2 7281/13/2 7282/13/2
f 7279/13/2 4444/13/2 7284/13/2
f 7284/13/2 4444/13/2 4445/13/2
f 7285/2/2 4469/2/2 7286/2/2
f 7286/2/2 4469/2/2 4470/2/2
f 7286/2/2 7255/2/2 7287/2/2
f 7287/2/2 7255/2/2 7256/2/2
f 7288/9/2 7289/9/2 7290/9/2
f 7290/9/2 7289/9/2 6971/9/2
f 7291/4/2 7292/4/2 7294/4/2
f 7294/4/2 7292/4/2 7293/4/2
f 7294/4/2 7295/4/2 7297/4/2
f 7297/4/2 7295/4/2 7296/4/2
f 7297/4/2 7298/4/2 7300/4/2
f 7300/4/2 7298/4/2 7299/4/2
f 7301/10/2 7302/10/2 7304/10/2
f 7304/10/2 7302/10/2 7303/10/2
f 7305/4/2 7306/4/2 7307/4/2
f 7307/4/2 7306/4/2 6858/4/2
f 7308/4/2 6863/4/2 7310/4/2
f 7310/4/2 6863/4/2 7309/4/2
f 6911/9/2 6912/9/2 6941/9/2
f 6941/9/2 6912/9/2 7311/9/2
f 6941/1/2 7312/1/2 7314/1/2
f 7314/1/2 7312/1/2 7313/1/2
f 7315/10/2 7316/10/2 7318/10/2
f 7318/10/2 7316/10/2 7317/10/2
f 7319/9/2 7320/9/2 7322/9/2
f 7322/9/2 7320/9/2 7321/9/2
f 7323/7/2 7324/7/2 7326/7/2
f 7326/7/2 7324/7/2 7325/7/2
f 7326/7/2 4428/7/2 7327/7/2
f 7327/7/2 4428/7/2 4430/7/2
f 7327/7/2 7257/7/2 7328/7/2
f 7328/7/2 7257/7/2 7284/7/2
f 7328/7/2 4445/7/2 7329/7/2
f 7329/7/2 4445/7/2 4457/7/2
f 7330/9/2 7331/9/2 7333/9/2
f 7333/9/2 7331/9/2 7332/9/2
f 7333/9/2 7334/9/2 7336/9/2
f 7336/9/2 7334/9/2 7335/9/2
f 7337/9/2 7338/9/2 7339/9/2
f 7339/9/2 7338/9/2 6914/9/2
f 7340/7/2 7341/7/2 7343/7/2
f 7343/7/2 7341/7/2 7342/7/2
f 7343/7/2 7285/7/2 7344/7/2
f 7344/7/2 7285/7/2 7287/7/2
f 7345/9/2 7346/9/2 7348/9/2
f 7348/9/2 7346/9/2 7347/9/2
f 7349/9/2 7350/9/2 7352/9/2
f 7352/9/2 7350/9/2 7351/9/2
f 7353/9/2 7354/9/2 7356/9/2
f 7356/9/2 7354/9/2 7355/9/2
f 7357/1/2 7358/1/2 6975/1/2
f 6975/1/2 7358/1/2 6910/1/2
f 7359/9/2 7360/9/2 7362/9/2
f 7362/9/2 7360/9/2 7361/9/2
f 7362/1/2 7363/1/2 7365/1/2
f 7365/1/2 7363/1/2 7364/1/2
f 7366/9/2 7367/9/2 7369/9/2
f 7369/9/2 7367/9/2 7368/9/2
f 7370/9/2 7371/9/2 7373/9/2
f 7373/9/2 7371/9/2 7372/9/2
f 7374/9/2 7375/9/2 7377/9/2
f 7377/9/2 7375/9/2 7376/9/2
f 7378/1/2 7379/1/2 7380/1/2
f 7380/1/2 7379/1/2 6972/1/2
f 7381/9/2 7382/9/2 7384/9/2
f 7384/9/2 7382/9/2 7383/9/2
f 7385/1/2 7386/1/2 7388/1/2
f 7388/1/2 7386/1/2 7387/1/2
f 7121/1/2 7389/1/2 7126/1/2
f 7126/1/2 7389/1/2 7390/1/2
f 7129/1/2 7391/1/2 7133/1/2
f 7133/1/2 7391/1/2 7392/1/2
f 7393/1/2 7394/1/2 7146/1/2
f 7146/1/2 7394/1/2 7395/1/2
f 7396/9/2 7397/9/2 7399/9/2
f 7399/9/2 7397/9/2 7398/9/2
f 7400/9/2 7401/9/2 7403/9/2
f 7403/9/2 7401/9/2 7402/9/2
f 7404/9/2 7405/9/2 7407/9/2
f 7407/9/2 7405/9/2 7406/9/2
f 7408/9/2 7409/9/2 7411/9/2
f 7411/9/2 7409/9/2 7410/9/2
f 7412/9/2 7413/9/2 7415/9/2
f 7415/9/2 7413/9/2 7414/9/2
f 7416/9/2 7417/9/2 7419/9/2
f 7419/9/2 7417/9/2 7418/9/2
f 7420/9/2 7421/9/2 7423/9/2
f 7423/9/2 7421/9/2 7422/9/2
f 7028/9/2 7029/9/2 7425/9/2
f 7425/9/2 7029/9/2 7424/9/2
f 7426/9/2 7427/9/2 7429/9/2
f 7429/9/2 7427/9/2 7428/9/2
f 7430/9/2 7431/9/2 7433/9/2
f 7433/9/2 7431/9/2 7432/9/2
f 7434/9/2 7435/9/2 7437/9/2
f 7437/9/2 7435/9/2 7436/9/2
f 7438/9/2 7439/9/2 7441/9/2
f 7441/9/2 7439/9/2 7440/9/2
f 7442/9/2 7443/9/2 7445/9/2
f 7445/9/2 7443/9/2 7444/9/2
f 7446/9/2 7447/9/2 7449/9/2
f 7449/9/2 7447/9/2 7448/9/2
f 7450/9/2 7451/9/2 7453/9/2
f 7453/9/2 7451/9/2 7452/9/2
f 7454/9/2 7455/9/2 7071/9/2
f 7071/9/2 7455/9/2 7074/9/2
f 7456/9/2 7457/9/2 7459/9/2
f 7459/9/2 7457/9/2 7458/9/2
f 7460/9/2 7461/9/2 7463/9/2
f 7463/9/2 7461/9/2 7462/9/2
f 7464/9/2 7465/9/2 7467/9/2
f 7467/9/2 7465/9/2 7466/9/2
f 7468/9/2 7469/9/2 7471/9/2
f 7471/9/2 7469/9/2 7470/9/2
f 7472/9/2 7473/9/2 7475/9/2
f 7475/9/2 7473/9/2 7474/9/2
f 7476/9/2 7477/9/2 7479/9/2
f 7479/9/2 7477/9/2 7478/9/2
f 7480/9/2 7481/9/2 7483/9/2
f 7483/9/2 7481/9/2 7482/9/2
f 7484/9/2 7485/9/2 7111/9/2
f 7111/9/2 7485/9/2 7114/9/2
f 7486/9/2 7487/9/2 7489/9/2
f 7489/9/2 7487/9/2 7488/9/2
f 7490/9/2 7491/9/2 7493/9/2
f 7493/9/2 7491/9/2 7492/9/2
f 7494/9/2 7495/9/2 7497/9/2
f 7497/9/2 7495/9/2 7496/9/2
f 7498/9/2 7499/9/2 7501/9/2
f 7501/9/2 7499/9/2 7500/9/2
f 7502/9/2 7503/9/2 7505/9/2
f 7505/9/2 7503/9/2 7504/9/2
f 7506/9/2 7507/9/2 7509/9/2
f 7509/9/2 7507/9/2 7508/9/2
f 7510/9/2 7511/9/2 7513/9/2
f 7513/9/2 7511/9/2 7512/9/2
f 7514/9/2 7515/9/2 7517/9/2
f 7517/9/2 7515/9/2 7516/9/2
f 7518/9/2 7519/9/2 7521/9/2
f 7521/9/2 7519/9/2 7520/9/2
f 7522/9/2 7523/9/2 7525/9/2
f 7525/9/2 7523/9/2 7524/9/2
f 7526/9/2 7527/9/2 7529/9/2
f 7529/9/2 7527/9/2 7528/9/2
f 6762/9/3 6761/9/3 7530/9/3
f 7530/9/3 6761/9/3 7231/9/3
f 6808/9/3 6807/9/3 7253/9/3
f 7253/9/3 6807/9/3 7254/9/3
f 6924/9/3 6923/9/3 7321/9/3
f 7321/9/3 6923/9/3 7322/9/3
f 2614/7/3 6934/7/3 4457/7/3
f 4457/7/3 6934/7/3 7329/7/3
f 6978/9/3 6977/9/3 7372/9/3
f 7372/9/3 6977/9/3 7373/9/3
f 7013/9/3 7012/9/3 7398/9/3
f 7398/9/3 7012/9/3 7399/9/3
f 7029/9/3 7028/9/3 7418/9/3
f 7418/9/3 7028/9/3 7419/9/3
f 7089/9/3 7088/9/3 7470/9/3
f 7470/9/3 7088/9/3 7471/9/3
f 7097/9/3 7096/9/3 7478/9/3
f 7478/9/3 7096/9/3 7479/9/3
f 7109/9/3 7108/9/3 7488/9/3
f 7488/9/3 7108/9/3 7489/9/3
f 7137/9/3 7136/9/3 7512/9/3
f 7512/9/3 7136/9/3 7513/9/3
f 7141/9/3 7140/9/3 7516/9/3
f 7516/9/3 7140/9/3 7517/9/3
f 6643/4/3 6642/4/3 6777/4/3
f 6777/4/3 6642/4/3 6774/4/3
f 6649/13/3 6648/13/3 6784/13/3
f 6784/13/3 6648/13/3 6782/13/3
f 6653/4/3 6652/4/3 2583/4/3
f 2583/4/3 6652/4/3 6681/4/3
f 7190/9/3 7531/9/3 4464/9/3
f 4464/9/3 7531/9/3 7157/9/3
f 6647/4/3 6662/4/3 6646/4/3
f 6646/4/3 6662/4/3 6779/4/3
f 6685/13/3 6684/13/3 6798/13/3
f 6798/13/3 6684/13/3 6795/13/3
f 6703/4/3 6702/4/3 6789/4/3
f 6789/4/3 6702/4/3 6786/4/3
f 6707/13/3 6706/13/3 6680/13/3
f 6680/13/3 6706/13/3 6791/13/3
f 7532/9/3 7189/9/3 7187/9/3
f 7187/9/3 7189/9/3 7188/9/3
f 6734/9/3 6733/9/3 7230/9/3
f 7230/9/3 6733/9/3 7530/9/3
f 6758/9/3 6757/9/3 6809/9/3
f 6809/9/3 6757/9/3 6805/9/3
f 6912/9/3 6911/9/3 7332/9/3
f 7332/9/3 6911/9/3 7334/9/3
f 6941/9/3 6940/9/3 7335/9/3
f 7335/9/3 6940/9/3 7336/9/3
f 7348/9/3 7533/9/3 7351/9/3
f 7351/9/3 7533/9/3 7352/9/3
f 6962/9/3 6961/9/3 7355/9/3
f 7355/9/3 6961/9/3 7356/9/3
f 6974/9/3 6993/9/3 7383/9/3
f 7383/9/3 6993/9/3 7384/9/3
f 7021/9/3 7020/9/3 7410/9/3
f 7410/9/3 7020/9/3 7411/9/3
f 7121/9/3 7120/9/3 7496/9/3
f 7496/9/3 7120/9/3 7497/9/3
f 7125/9/3 7124/9/3 7500/9/3
f 7500/9/3 7124/9/3 7501/9/3
f 7129/9/3 7128/9/3 7504/9/3
f 7504/9/3 7128/9/3 7505/9/3
f 7133/9/3 7132/9/3 7508/9/3
f 7508/9/3 7132/9/3 7509/9/3
f 7145/9/3 7144/9/3 7524/9/3
f 7524/9/3 7144/9/3 7525/9/3
f 4537/13/3 7534/13/3 6644/13/3
f 6644/13/3 7534/13/3 6641/13/3
f 6723/1/3 6722/1/3 7191/1/3
f 7191/1/3 6722/1/3 7192/1/3
f 6738/1/3 6737/1/3 7210/1/3
f 7210/1/3 6737/1/3 7211/1/3
f 7534/13/3 7535/13/3 6775/13/3
f 6775/13/3 7535/13/3 6772/13/3
f 4450/13/3 7536/13/3 2613/13/3
f 2613/13/3 7536/13/3 7537/13/3
f 4541/2/3 7538/2/3 2631/2/3
f 2631/2/3 7538/2/3 6813/2/3
f 6916/1/3 6915/1/3 7313/1/3
f 7313/1/3 6915/1/3 7314/1/3
f 7338/9/3 7337/9/3 6911/9/3
f 6911/9/3 7337/9/3 6939/9/3
f 7539/1/3 6959/1/3 7541/1/3
f 7541/1/3 6959/1/3 7540/1/3
f 6958/9/3 6957/9/3 6963/9/3
f 6963/9/3 6957/9/3 6960/9/3
f 6956/1/3 6965/1/3 7542/1/3
f 7542/1/3 6965/1/3 6975/1/3
f 6970/1/3 6969/1/3 7364/1/3
f 7364/1/3 6969/1/3 7365/1/3
f 6997/1/3 6996/1/3 7387/1/3
f 7387/1/3 6996/1/3 7388/1/3
f 7001/1/3 7000/1/3 7390/1/3
f 7390/1/3 7000/1/3 7126/1/3
f 7005/1/3 7004/1/3 7392/1/3
f 7392/1/3 7004/1/3 7133/1/3
f 7009/1/3 7008/1/3 7395/1/3
f 7395/1/3 7008/1/3 7146/1/3
f 7033/9/3 7032/9/3 7424/9/3
f 7424/9/3 7032/9/3 7425/9/3
f 7435/9/3 7434/9/3 7432/9/3
f 7432/9/3 7434/9/3 7433/9/3
f 7053/9/3 7052/9/3 7444/9/3
f 7444/9/3 7052/9/3 7445/9/3
f 7457/9/3 7456/9/3 7078/9/3
f 7078/9/3 7456/9/3 7075/9/3
f 7473/9/3 7472/9/3 7090/9/3
f 7090/9/3 7472/9/3 7087/9/3
f 7113/9/3 7112/9/3 7492/9/3
f 7492/9/3 7112/9/3 7493/9/3
f 2550/10/3 6676/10/3 4537/10/3
f 4537/10/3 6676/10/3 7543/10/3
f 2606/10/3 6688/10/3 4453/10/3
f 4453/10/3 6688/10/3 7170/10/3
f 2628/10/3 6694/10/3 4541/10/3
f 4541/10/3 6694/10/3 7544/10/3
f 6676/13/3 7545/13/3 7543/13/3
f 7543/13/3 7545/13/3 7535/13/3
f 7546/13/3 7547/13/3 7169/13/3
f 7169/13/3 7547/13/3 7536/13/3
f 6694/2/3 6811/2/3 7544/2/3
f 7544/2/3 6811/2/3 7538/2/3
f 7548/10/3 6896/10/3 7303/10/3
f 7303/10/3 6896/10/3 7304/10/3
f 6943/9/3 6942/9/3 7549/9/3
f 7549/9/3 6942/9/3 7339/9/3
f 7447/9/3 7446/9/3 7054/9/3
f 7054/9/3 7446/9/3 7051/9/3
f 7527/9/3 7526/9/3 7146/9/3
f 7146/9/3 7526/9/3 7143/9/3
f 6719/9/3 6718/9/3 7550/9/3
f 7550/9/3 6718/9/3 6721/9/3
f 6766/9/3 7551/9/3 6739/9/3
f 6739/9/3 7551/9/3 6736/9/3
f 7551/9/3 6765/9/3 7234/9/3
f 7234/9/3 6765/9/3 7235/9/3
f 7264/13/3 7263/13/3 6830/13/3
f 6830/13/3 7263/13/3 6827/13/3
f 6886/9/3 6885/9/3 6971/9/3
f 6971/9/3 6885/9/3 7290/9/3
f 6982/9/3 7552/9/3 7553/9/3
f 7553/9/3 7552/9/3 6968/9/3
f 6990/9/3 7554/9/3 7368/9/3
f 7368/9/3 7554/9/3 7369/9/3
f 7552/9/3 6981/9/3 7376/9/3
f 7376/9/3 6981/9/3 7377/9/3
f 7554/9/3 6989/9/3 6994/9/3
f 6994/9/3 6989/9/3 6992/9/3
f 7017/9/3 7016/9/3 7402/9/3
f 7402/9/3 7016/9/3 7403/9/3
f 7025/9/3 7024/9/3 7414/9/3
f 7414/9/3 7024/9/3 7415/9/3
f 7037/9/3 7036/9/3 7428/9/3
f 7428/9/3 7036/9/3 7429/9/3
f 7045/9/3 7044/9/3 7436/9/3
f 7436/9/3 7044/9/3 7437/9/3
f 7057/9/3 7056/9/3 7448/9/3
f 7448/9/3 7056/9/3 7449/9/3
f 7061/9/3 7060/9/3 7452/9/3
f 7452/9/3 7060/9/3 7453/9/3
f 7069/9/3 7068/9/3 7074/9/3
f 7074/9/3 7068/9/3 7071/9/3
f 7081/9/3 7080/9/3 7462/9/3
f 7462/9/3 7080/9/3 7463/9/3
f 7085/9/3 7084/9/3 7466/9/3
f 7466/9/3 7084/9/3 7467/9/3
f 7093/9/3 7092/9/3 7474/9/3
f 7474/9/3 7092/9/3 7475/9/3
f 7101/9/3 7100/9/3 7482/9/3
f 7482/9/3 7100/9/3 7483/9/3
f 7105/9/3 7104/9/3 7114/9/3
f 7114/9/3 7104/9/3 7111/9/3
f 7149/9/3 7148/9/3 7528/9/3
f 7528/9/3 7148/9/3 7529/9/3
f 6845/13/3 6844/13/3 6857/13/3
f 6857/13/3 6844/13/3 6854/13/3
f 6742/13/3 7555/13/3 7556/13/3
f 7556/13/3 7555/13/3 7545/13/3
f 7272/13/3 7271/13/3 6846/13/3
f 6846/13/3 7271/13/3 6843/13/3
f 6873/2/3 6872/2/3 6877/2/3
f 6877/2/3 6872/2/3 6874/2/3
f 6883/8/3 6882/8/3 6921/8/3
f 6921/8/3 6882/8/3 7557/8/3
f 7166/8/3 7558/8/3 6676/8/3
f 6676/8/3 7558/8/3 7556/8/3
f 7168/8/3 7559/8/3 7546/8/3
f 7546/8/3 7559/8/3 7560/8/3
f 6837/8/3 6836/8/3 6898/8/3
f 6898/8/3 6836/8/3 7561/8/3
f 7276/13/3 7275/13/3 6850/13/3
f 6850/13/3 7275/13/3 6847/13/3
f 4622/8/3 7562/8/3 4435/8/3
f 4435/8/3 7562/8/3 7166/8/3
f 4623/8/3 7563/8/3 4449/8/3
f 4449/8/3 7563/8/3 7168/8/3
f 7562/13/3 7564/13/3 7166/13/3
f 7166/13/3 7564/13/3 7558/13/3
f 7563/13/3 7565/13/3 7168/13/3
f 7168/13/3 7565/13/3 7559/13/3
f 7564/13/3 6745/13/3 7218/13/3
f 7218/13/3 6745/13/3 7219/13/3
f 6745/13/3 7566/13/3 6741/13/3
f 6741/13/3 7566/13/3 7555/13/3
f 7565/13/3 6863/13/3 7560/13/3
f 7560/13/3 6863/13/3 7547/13/3
f 7298/13/3 7296/13/3 6826/13/3
f 6826/13/3 7296/13/3 6823/13/3
f 6863/6/3 6862/6/3 7537/6/3
f 7537/6/3 6862/6/3 6932/6/3
f 2553/6/3 7222/6/3 4622/6/3
f 4622/6/3 7222/6/3 6746/6/3
f 7223/6/3 6894/6/3 6745/6/3
f 6745/6/3 6894/6/3 7566/6/3
f 4635/6/3 7247/6/3 4623/6/3
f 4623/6/3 7247/6/3 6863/6/3
f 6893/4/3 6892/4/3 7299/4/3
f 7299/4/3 6892/4/3 7300/4/3
f 6904/4/3 6903/4/3 6858/4/3
f 6858/4/3 6903/4/3 7307/4/3
f 6908/4/3 6907/4/3 7567/4/3
f 7567/4/3 6907/4/3 7310/4/3
f 7568/13/3 7569/13/3 7222/13/3
f 7222/13/3 7569/13/3 7223/13/3
f 7225/13/3 7224/13/3 7570/13/3
f 7570/13/3 7224/13/3 7248/13/3
f 6852/4/3 7245/4/3 7241/4/3
f 7241/4/3 7245/4/3 7242/4/3
f 6821/4/3 6820/4/3 6894/4/3
f 6894/4/3 6820/4/3 6890/4/3
f 7245/4/3 6851/4/3 6861/4/3
f 6861/4/3 6851/4/3 6858/4/3
f 6866/4/3 6865/4/3 7309/4/3
f 7309/4/3 6865/4/3 7567/4/3
f 7571/13/3 7572/13/3 6696/13/3
f 6696/13/3 7572/13/3 7222/13/3
f 7205/13/3 7204/13/3 7573/13/3
f 7573/13/3 7204/13/3 7570/13/3
f 6770/4/3 6769/4/3 7223/4/3
f 7223/4/3 6769/4/3 6894/4/3
f 6801/4/3 6800/4/3 7249/4/3
f 7249/4/3 6800/4/3 7250/4/3
f 6699/13/3 6698/13/3 7179/13/3
f 7179/13/3 6698/13/3 7180/13/3
f 7182/13/3 7181/13/3 7574/13/3
f 7574/13/3 7181/13/3 7573/13/3
f 6750/4/3 6749/4/3 7568/4/3
f 7568/4/3 6749/4/3 7569/4/3
f 6754/4/3 6753/4/3 7226/4/3
f 7226/4/3 6753/4/3 7227/4/3
f 7172/13/3 7171/13/3 7575/13/3
f 7575/13/3 7171/13/3 7574/13/3
f 6726/4/3 6725/4/3 7571/4/3
f 7571/4/3 6725/4/3 7572/4/3
f 6730/4/3 6729/4/3 7206/4/3
f 7206/4/3 6729/4/3 7207/4/3
f 2557/13/3 6640/13/3 4908/13/3
f 4908/13/3 6640/13/3 7152/13/3
f 4710/13/3 6667/13/3 4635/13/3
f 4635/13/3 6667/13/3 7575/13/3
f 6711/4/3 6710/4/3 7183/4/3
f 7183/4/3 6710/4/3 7184/4/3
f 6691/4/3 6690/4/3 7173/4/3
f 7173/4/3 6690/4/3 7174/4/3
f 6670/4/3 6669/4/3 7159/4/3
f 7159/4/3 6669/4/3 7160/4/3
f 2617/4/3 6656/4/3 7154/4/3
f 7154/4/3 6656/4/3 7155/4/3
f 2546/7/4 4428/7/4 6928/7/4
f 6928/7/4 4428/7/4 7325/7/4
f 6763/9/4 7576/9/4 6760/9/4
f 6760/9/4 7576/9/4 7228/9/4
f 6806/9/4 7577/9/4 6803/9/4
f 6803/9/4 7577/9/4 7251/9/4
f 6925/9/4 7320/9/4 6922/9/4
f 6922/9/4 7320/9/4 7319/9/4
f 6929/7/4 7324/7/4 6926/7/4
f 6926/7/4 7324/7/4 7323/7/4
f 6948/7/4 7341/7/4 6945/7/4
f 6945/7/4 7341/7/4 7340/7/4
f 6979/9/4 7371/9/4 6976/9/4
f 6976/9/4 7371/9/4 7370/9/4
f 7014/9/4 7397/9/4 7011/9/4
f 7011/9/4 7397/9/4 7396/9/4
f 7030/9/4 7417/9/4 7027/9/4
f 7027/9/4 7417/9/4 7416/9/4
f 7050/9/4 7443/9/4 7047/9/4
f 7047/9/4 7443/9/4 7442/9/4
f 7066/9/4 7461/9/4 7063/9/4
f 7063/9/4 7461/9/4 7460/9/4
f 7098/9/4 7477/9/4 7095/9/4
f 7095/9/4 7477/9/4 7476/9/4
f 7110/9/4 7487/9/4 7107/9/4
f 7107/9/4 7487/9/4 7486/9/4
f 7118/9/4 7495/9/4 7115/9/4
f 7115/9/4 7495/9/4 7494/9/4
f 7138/9/4 7511/9/4 7135/9/4
f 7135/9/4 7511/9/4 7510/9/4
f 7142/9/4 7515/9/4 7139/9/4
f 7139/9/4 7515/9/4 7514/9/4
f 7520/9/4 7523/9/4 7521/9/4
f 7521/9/4 7523/9/4 7522/9/4
f 6650/13/4 2572/13/4 6647/13/4
f 6647/13/4 2572/13/4 6646/13/4
f 6654/4/4 2580/4/4 6651/4/4
f 6651/4/4 2580/4/4 6682/4/4
f 2620/9/4 4461/9/4 6657/9/4
f 6657/9/4 4461/9/4 7156/9/4
f 6663/4/4 6645/4/4 6661/4/4
f 6661/4/4 6645/4/4 6780/4/4
f 6686/13/4 6664/13/4 6683/13/4
f 6683/13/4 6664/13/4 6796/13/4
f 6704/4/4 6677/4/4 6701/4/4
f 6701/4/4 6677/4/4 6787/4/4
f 6708/13/4 6678/13/4 6705/13/4
f 6705/13/4 6678/13/4 6792/13/4
f 6716/9/4 7186/9/4 6713/9/4
f 6713/9/4 7186/9/4 7185/9/4
f 6735/9/4 7229/9/4 6732/9/4
f 6732/9/4 7229/9/4 7576/9/4
f 6759/9/4 7252/9/4 6756/9/4
f 6756/9/4 7252/9/4 7577/9/4
f 6913/9/4 7331/9/4 7541/9/4
f 7541/9/4 7331/9/4 7330/9/4
f 7540/9/4 7354/9/4 7542/9/4
f 7542/9/4 7354/9/4 7353/9/4
f 6975/9/4 7382/9/4 7380/9/4
f 7380/9/4 7382/9/4 7381/9/4
f 7022/9/4 7409/9/4 7019/9/4
f 7019/9/4 7409/9/4 7408/9/4
f 7422/9/4 7029/9/4 7423/9/4
f 7423/9/4 7029/9/4 7028/9/4
f 7440/9/4 7049/9/4 7441/9/4
f 7441/9/4 7049/9/4 7048/9/4
f 7122/9/4 7117/9/4 7119/9/4
f 7119/9/4 7117/9/4 7116/9/4
f 7126/9/4 7499/9/4 7123/9/4
f 7123/9/4 7499/9/4 7498/9/4
f 7130/9/4 7503/9/4 7127/9/4
f 7127/9/4 7503/9/4 7502/9/4
f 7134/9/4 7507/9/4 7131/9/4
f 7131/9/4 7507/9/4 7506/9/4
f 2624/9/4 2621/9/4 6659/9/4
f 6659/9/4 2621/9/4 6658/9/4
f 6660/1/4 7531/1/4 7550/1/4
f 7550/1/4 7531/1/4 7532/1/4
f 6739/1/4 6734/1/4 6736/1/4
f 6736/1/4 6734/1/4 6733/1/4
f 4773/13/4 2547/13/4 7579/13/4
f 7579/13/4 2547/13/4 7578/13/4
f 4776/13/4 2600/13/4 6856/13/4
f 6856/13/4 2600/13/4 6797/13/4
f 4468/2/4 4469/2/4 7580/2/4
f 7580/2/4 4469/2/4 7342/2/4
f 6917/1/4 7312/1/4 7549/1/4
f 7549/1/4 7312/1/4 7311/1/4
f 6971/1/4 7363/1/4 6954/1/4
f 6954/1/4 7363/1/4 7347/1/4
f 6955/9/4 7346/9/4 7581/9/4
f 7581/9/4 7346/9/4 7345/9/4
f 7581/9/4 7350/9/4 6952/9/4
f 6952/9/4 7350/9/4 7349/9/4
f 6953/1/4 7533/1/4 7553/1/4
f 7553/1/4 7533/1/4 7361/1/4
f 6967/1/4 7358/1/4 6964/1/4
f 6964/1/4 7358/1/4 7357/1/4
f 6987/1/4 7379/1/4 6984/1/4
f 6984/1/4 7379/1/4 7378/1/4
f 6998/1/4 7386/1/4 6995/1/4
f 6995/1/4 7386/1/4 7385/1/4
f 7002/1/4 7389/1/4 6999/1/4
f 6999/1/4 7389/1/4 7121/1/4
f 7006/1/4 7391/1/4 7003/1/4
f 7003/1/4 7391/1/4 7129/1/4
f 7010/1/4 7394/1/4 7007/1/4
f 7007/1/4 7394/1/4 7393/1/4
f 7034/9/4 7421/9/4 7031/9/4
f 7031/9/4 7421/9/4 7420/9/4
f 7458/9/4 7077/9/4 7459/9/4
f 7459/9/4 7077/9/4 7076/9/4
f 7114/9/4 7491/9/4 7111/9/4
f 7111/9/4 7491/9/4 7490/9/4
f 2549/10/4 4773/10/4 6674/10/4
f 6674/10/4 4773/10/4 7163/10/4
f 6675/10/4 7162/10/4 6672/10/4
f 6672/10/4 7162/10/4 7161/10/4
f 2605/10/4 4776/10/4 6687/10/4
f 6687/10/4 4776/10/4 7582/10/4
f 2627/10/4 4465/10/4 6693/10/4
f 6693/10/4 4465/10/4 7175/10/4
f 6673/13/4 7164/13/4 7583/13/4
f 7583/13/4 7164/13/4 7579/13/4
f 6687/13/4 7582/13/4 7584/13/4
f 7584/13/4 7582/13/4 6856/13/4
f 6812/2/4 7176/2/4 6810/2/4
f 6810/2/4 7176/2/4 7580/2/4
f 7561/10/4 7302/10/4 6895/10/4
f 6895/10/4 7302/10/4 7301/10/4
f 6944/9/4 6912/9/4 6937/9/4
f 6937/9/4 6912/9/4 6911/9/4
f 7557/10/4 7316/10/4 6918/10/4
f 6918/10/4 7316/10/4 7315/10/4
f 6938/9/4 6966/9/4 6935/9/4
f 6935/9/4 6966/9/4 7539/9/4
f 7406/9/4 7413/9/4 7407/9/4
f 7407/9/4 7413/9/4 7412/9/4
f 7042/9/4 7431/9/4 7039/9/4
f 7039/9/4 7431/9/4 7430/9/4
f 7074/9/4 7065/9/4 7071/9/4
f 7071/9/4 7065/9/4 7064/9/4
f 6720/9/4 6715/9/4 6717/9/4
f 6717/9/4 6715/9/4 6714/9/4
f 6767/9/4 7209/9/4 7585/9/4
f 7585/9/4 7209/9/4 7208/9/4
f 7585/9/4 7233/9/4 6764/9/4
f 6764/9/4 7233/9/4 7232/9/4
f 7265/8/4 6829/8/4 7266/8/4
f 7266/8/4 6829/8/4 6828/8/4
f 7282/6/4 6856/6/4 7283/6/4
f 7283/6/4 6856/6/4 6855/6/4
f 6887/9/4 7289/9/4 6884/9/4
f 6884/9/4 7289/9/4 7288/9/4
f 6983/9/4 7360/9/4 7586/9/4
f 7586/9/4 7360/9/4 7359/9/4
f 6991/9/4 7367/9/4 7587/9/4
f 7587/9/4 7367/9/4 7366/9/4
f 7586/9/4 7375/9/4 6980/9/4
f 6980/9/4 7375/9/4 7374/9/4
f 7587/9/4 6986/9/4 6988/9/4
f 6988/9/4 6986/9/4 6985/9/4
f 7018/9/4 7401/9/4 7015/9/4
f 7015/9/4 7401/9/4 7400/9/4
f 7026/9/4 7405/9/4 7023/9/4
f 7023/9/4 7405/9/4 7404/9/4
f 7038/9/4 7427/9/4 7035/9/4
f 7035/9/4 7427/9/4 7426/9/4
f 7046/9/4 7041/9/4 7043/9/4
f 7043/9/4 7041/9/4 7040/9/4
f 7058/9/4 7439/9/4 7055/9/4
f 7055/9/4 7439/9/4 7438/9/4
f 7062/9/4 7451/9/4 7059/9/4
f 7059/9/4 7451/9/4 7450/9/4
f 7070/9/4 7455/9/4 7067/9/4
f 7067/9/4 7455/9/4 7454/9/4
f 7082/9/4 7073/9/4 7079/9/4
f 7079/9/4 7073/9/4 7072/9/4
f 7086/9/4 7465/9/4 7083/9/4
f 7083/9/4 7465/9/4 7464/9/4
f 7094/9/4 7469/9/4 7091/9/4
f 7091/9/4 7469/9/4 7468/9/4
f 7102/9/4 7481/9/4 7099/9/4
f 7099/9/4 7481/9/4 7480/9/4
f 7106/9/4 7485/9/4 7103/9/4
f 7103/9/4 7485/9/4 7484/9/4
f 7150/9/4 7519/9/4 7147/9/4
f 7147/9/4 7519/9/4 7518/9/4
f 6818/6/4 7578/6/4 6815/6/4
f 6815/6/4 7578/6/4 6933/6/4
f 6743/13/4 7588/13/4 7589/13/4
f 7589/13/4 7588/13/4 7583/13/4
f 7273/13/4 7281/13/4 7274/13/4
f 7274/13/4 7281/13/4 7280/13/4
f 6871/11/4 6947/11/4 6868/11/4
f 6868/11/4 6947/11/4 6951/11/4
f 6881/2/4 6876/2/4 6878/2/4
f 6878/2/4 6876/2/4 6875/2/4
f 6834/13/4 6825/13/4 6831/13/4
f 6831/13/4 6825/13/4 6824/13/4
f 7165/8/4 6673/8/4 7590/8/4
f 7590/8/4 6673/8/4 7588/8/4
f 7167/8/4 6687/8/4 7592/8/4
f 7592/8/4 6687/8/4 7591/8/4
f 7261/13/4 6817/13/4 7262/13/4
f 7262/13/4 6817/13/4 6816/13/4
f 6838/8/4 6833/8/4 6835/8/4
f 6835/8/4 6833/8/4 6832/8/4
f 7269/8/4 6897/8/4 7270/8/4
f 7270/8/4 6897/8/4 7548/8/4
f 7277/13/4 6849/13/4 7278/13/4
f 7278/13/4 6849/13/4 6848/13/4
f 4827/8/4 4432/8/4 7593/8/4
f 7593/8/4 4432/8/4 7165/8/4
f 4828/8/4 4446/8/4 7594/8/4
f 7594/8/4 4446/8/4 7167/8/4
f 7593/13/4 7165/13/4 7595/13/4
f 7595/13/4 7165/13/4 7590/13/4
f 7594/13/4 7167/13/4 7596/13/4
f 7596/13/4 7167/13/4 7592/13/4
f 7595/13/4 7217/13/4 6744/13/4
f 6744/13/4 7217/13/4 7216/13/4
f 6744/13/4 6740/13/4 7293/13/4
f 7293/13/4 6740/13/4 7589/13/4
f 7596/13/4 7591/13/4 6860/13/4
f 6860/13/4 7591/13/4 7584/13/4
f 7293/6/4 7260/6/4 7295/6/4
f 7295/6/4 7260/6/4 7259/6/4
f 7597/8/4 7268/8/4 7306/8/4
f 7306/8/4 7268/8/4 7267/8/4
f 2552/6/4 4827/6/4 7221/6/4
f 7221/6/4 4827/6/4 6747/6/4
f 7220/6/4 6744/6/4 7238/6/4
f 7238/6/4 6744/6/4 7293/6/4
f 4830/6/4 4828/6/4 7598/6/4
f 7598/6/4 4828/6/4 6860/6/4
f 6891/4/4 7599/4/4 6888/4/4
f 6888/4/4 7599/4/4 7291/4/4
f 6902/4/4 7597/4/4 6899/4/4
f 6899/4/4 7597/4/4 7305/4/4
f 6909/4/4 6862/4/4 6906/4/4
f 6906/4/4 6862/4/4 7308/4/4
f 7214/13/4 7221/13/4 7215/13/4
f 7215/13/4 7221/13/4 7220/13/4
f 7202/13/4 7600/13/4 7602/13/4
f 7602/13/4 7600/13/4 7601/13/4
f 6853/4/4 7240/4/4 6841/4/4
f 6841/4/4 7240/4/4 7239/4/4
f 7602/4/4 7601/4/4 7246/4/4
f 7246/4/4 7601/4/4 7598/4/4
f 6822/4/4 7292/4/4 6819/4/4
f 6819/4/4 7292/4/4 7599/4/4
f 6842/4/4 6901/4/4 6839/4/4
f 6839/4/4 6901/4/4 6905/4/4
f 6867/4/4 6863/4/4 6864/4/4
f 6864/4/4 6863/4/4 6862/4/4
f 7198/13/4 6695/13/4 7199/13/4
f 7199/13/4 6695/13/4 7221/13/4
f 7603/13/4 7201/13/4 7604/13/4
f 7604/13/4 7201/13/4 7200/13/4
f 6771/4/4 7237/4/4 6768/4/4
f 6768/4/4 7237/4/4 7236/4/4
f 6802/4/4 6852/4/4 6799/4/4
f 6799/4/4 6852/4/4 7245/4/4
f 6700/13/4 7178/13/4 6697/13/4
f 6697/13/4 7178/13/4 7177/13/4
f 7605/13/4 7606/13/4 7607/13/4
f 7607/13/4 7606/13/4 7600/13/4
f 7195/4/4 7197/4/4 6751/4/4
f 6751/4/4 7197/4/4 7196/4/4
f 6751/4/4 7213/4/4 6748/4/4
f 6748/4/4 7213/4/4 7212/4/4
f 6755/4/4 7200/4/4 6752/4/4
f 6752/4/4 7200/4/4 6852/4/4
f 7608/13/4 7609/13/4 7610/13/4
f 7610/13/4 7609/13/4 7606/13/4
f 6727/4/4 7194/4/4 6724/4/4
f 6724/4/4 7194/4/4 7193/4/4
f 6731/4/4 7603/4/4 6728/4/4
f 6728/4/4 7603/4/4 7604/4/4
f 2556/13/4 4909/13/4 6639/13/4
f 6639/13/4 4909/13/4 7151/13/4
f 4879/13/4 4830/13/4 6666/13/4
f 6666/13/4 4830/13/4 7609/13/4
f 6712/4/4 7605/4/4 6709/4/4
f 6709/4/4 7605/4/4 7607/4/4
f 6692/4/4 7608/4/4 6689/4/4
f 6689/4/4 7608/4/4 7610/4/4
f 6671/4/4 7158/4/4 6668/4/4
f 6668/4/4 7158/4/4 6667/4/4
f 4975/4/4 4721/4/4 6655/4/4
f 6655/4/4 4721/4/4 7153/4/4
f 7231/9/5 6761/9/5 7228/9/5
f 7228/9/5 6761/9/5 6760/9/5
f 7322/9/5 6923/9/5 7319/9/5
f 7319/9/5 6923/9/5 6922/9/5
f 7373/9/5 6977/9/5 7370/9/5
f 7370/9/5 6977/9/5 6976/9/5
f 6762/9/5 6733/9/5 6763/9/5
f 6763/9/5 6733/9/5 6732/9/5
f 7352/9/5 6953/9/5 7349/9/5
f 7349/9/5 6953/9/5 6952/9/5
f 6736/9/5 7234/9/5 7208/9/5
f 7208/9/5 7234/9/5 7233/9/5
f 7362/9/5 7376/9/5 7359/9/5
f 7359/9/5 7376/9/5 7375/9/5
f 7235/9/5 6765/9/5 7232/9/5
f 7232/9/5 6765/9/5 6764/9/5
f 7290/9/5 6885/9/5 7288/9/5
f 7288/9/5 6885/9/5 6884/9/5
f 7377/9/5 6981/9/5 7374/9/5
f 7374/9/5 6981/9/5 6980/9/5
f 7399/9/5 7012/9/5 7396/9/5
f 7396/9/5 7012/9/5 7011/9/5
f 7211/1/5 6737/1/5 6733/1/5
f 6733/1/5 6737/1/5 6736/1/5
f 7365/1/5 6969/1/5 7362/1/5
f 7362/1/5 6969/1/5 6968/1/5
f 7403/9/5 7016/9/5 7400/9/5
f 7400/9/5 7016/9/5 7015/9/5
f 7411/9/5 7020/9/5 7408/9/5
f 7408/9/5 7020/9/5 7019/9/5
f 7415/9/5 7611/9/5 7412/9/5
f 7412/9/5 7611/9/5 7407/9/5
f 7611/9/5 7024/9/5 7404/9/5
f 7404/9/5 7024/9/5 7023/9/5
f 7421/1/5 7034/1/5 7385/1/5
f 7385/1/5 7034/1/5 6995/1/5
f 7419/9/5 7028/9/5 7416/9/5
f 7416/9/5 7028/9/5 7027/9/5
f 7425/9/5 7612/9/5 7028/9/5
f 7028/9/5 7612/9/5 7423/9/5
f 7612/9/5 7032/9/5 7420/9/5
f 7420/9/5 7032/9/5 7031/9/5
f 7429/9/5 7036/9/5 7426/9/5
f 7426/9/5 7036/9/5 7035/9/5
f 7613/1/5 7614/1/5 7615/1/5
f 7615/1/5 7614/1/5 7033/1/5
f 7164/10/5 6673/10/5 7161/10/5
f 7161/10/5 6673/10/5 6672/10/5
f 7433/9/5 7040/9/5 7430/9/5
f 7430/9/5 7040/9/5 7039/9/5
f 7437/9/5 7044/9/5 7434/9/5
f 7434/9/5 7044/9/5 7043/9/5
f 7616/6/5 6816/6/5 6933/6/5
f 6933/6/5 6816/6/5 6815/6/5
f 6742/8/5 7218/8/5 6743/8/5
f 6743/8/5 7218/8/5 7217/8/5
f 6817/13/5 7261/13/5 6818/13/5
f 6818/13/5 7261/13/5 7260/13/5
f 7262/6/5 7617/6/5 7259/6/5
f 7259/6/5 7617/6/5 7295/6/5
f 6746/6/5 7222/6/5 6747/6/5
f 6747/6/5 7222/6/5 7221/6/5
f 6890/4/5 6820/4/5 6891/4/5
f 6891/4/5 6820/4/5 6819/4/5
f 6821/4/5 6769/4/5 7618/4/5
f 7618/4/5 6769/4/5 6768/4/5
f 6770/4/5 6749/4/5 6771/4/5
f 6771/4/5 6749/4/5 6748/4/5
f 6750/4/5 6725/4/5 7193/4/5
f 7193/4/5 6725/4/5 6724/4/5
f 7152/13/5 6640/13/5 7151/13/5
f 7151/13/5 6640/13/5 6639/13/5
f 6774/4/5 6642/4/5 6775/4/5
f 6775/4/5 6642/4/5 6641/4/5
f 7439/1/5 7619/1/5 7620/1/5
f 7620/1/5 7619/1/5 7435/1/5
f 6823/13/5 7296/13/5 6816/13/5
f 6816/13/5 7296/13/5 7617/13/5
f 7051/9/5 7621/9/5 7622/9/5
f 7622/9/5 7621/9/5 7055/9/5
f 6827/13/5 6824/13/5 7623/13/5
f 7623/13/5 6824/13/5 6816/13/5
f 7445/9/5 7624/9/5 7442/9/5
f 7442/9/5 7624/9/5 7047/9/5
f 7624/9/5 7625/9/5 7048/9/5
f 7048/9/5 7625/9/5 7441/9/5
f 7625/9/5 7052/9/5 7438/9/5
f 7438/9/5 7052/9/5 7622/9/5
f 7449/9/5 7056/9/5 7446/9/5
f 7446/9/5 7056/9/5 7621/9/5
f 7300/4/5 6892/4/5 7291/4/5
f 7291/4/5 6892/4/5 6888/4/5
f 7626/1/5 7627/1/5 7628/1/5
f 7628/1/5 7627/1/5 7053/1/5
f 7266/13/5 6832/13/5 7263/13/5
f 7263/13/5 6832/13/5 6831/13/5
f 6779/4/5 6662/4/5 6780/4/5
f 6780/4/5 6662/4/5 6661/4/5
f 7302/13/5 7561/13/5 7629/13/5
f 7629/13/5 7561/13/5 7623/13/5
f 7561/8/5 6836/8/5 6828/8/5
f 6828/8/5 6836/8/5 6835/8/5
f 6782/13/5 6648/13/5 6646/13/5
f 6646/13/5 6648/13/5 6647/13/5
f 7453/9/5 7060/9/5 7450/9/5
f 7450/9/5 7060/9/5 7059/9/5
f 6786/4/5 6702/4/5 6787/4/5
f 6787/4/5 6702/4/5 6701/4/5
f 7630/1/5 7631/1/5 7633/1/5
f 7633/1/5 7631/1/5 7632/1/5
f 7071/9/5 7068/9/5 7454/9/5
f 7454/9/5 7068/9/5 7067/9/5
f 7075/9/5 7072/9/5 7634/9/5
f 7634/9/5 7072/9/5 7071/9/5
f 7077/1/5 7458/1/5 7078/1/5
f 7078/1/5 7458/1/5 7457/1/5
f 7463/9/5 7635/9/5 7460/9/5
f 7460/9/5 7635/9/5 7063/9/5
f 6681/4/5 6652/4/5 6682/4/5
f 6682/4/5 6652/4/5 6651/4/5
f 6791/13/5 6706/13/5 6792/13/5
f 6792/13/5 6706/13/5 6705/13/5
f 7635/9/5 7636/9/5 7064/9/5
f 7064/9/5 7636/9/5 7634/9/5
f 7636/9/5 7637/9/5 7076/9/5
f 7076/9/5 7637/9/5 7459/9/5
f 7637/9/5 7080/9/5 7456/9/5
f 7456/9/5 7080/9/5 7079/9/5
f 7638/1/5 7639/1/5 7641/1/5
f 7641/1/5 7639/1/5 7640/1/5
f 7304/10/5 6896/10/5 7301/10/5
f 7301/10/5 6896/10/5 6895/10/5
f 7270/8/5 7642/8/5 7267/8/5
f 7267/8/5 7642/8/5 7306/8/5
f 7467/9/5 7084/9/5 7464/9/5
f 7464/9/5 7084/9/5 7083/9/5
f 7643/8/5 7644/8/5 7548/8/5
f 7548/8/5 7644/8/5 7270/8/5
f 7645/1/5 7646/1/5 7648/1/5
f 7648/1/5 7646/1/5 7647/1/5
f 6843/13/5 7649/13/5 7650/13/5
f 7650/13/5 7649/13/5 7644/13/5
f 6795/13/5 6684/13/5 6796/13/5
f 6796/13/5 6684/13/5 6683/13/5
f 6854/13/5 7651/13/5 7303/13/5
f 7303/13/5 7651/13/5 7548/13/5
f 7087/9/5 7652/9/5 7653/9/5
f 7653/9/5 7652/9/5 7091/9/5
f 7651/13/5 6844/13/5 7643/13/5
f 7643/13/5 6844/13/5 7650/13/5
f 6847/13/5 7275/13/5 7654/13/5
f 7654/13/5 7275/13/5 7649/13/5
f 7471/9/5 7088/9/5 7468/9/5
f 7468/9/5 7088/9/5 7653/9/5
f 7475/9/5 7092/9/5 7472/9/5
f 7472/9/5 7092/9/5 7652/9/5
f 7307/4/5 6903/4/5 7305/4/5
f 7305/4/5 6903/4/5 6899/4/5
f 6904/4/5 6851/4/5 6905/4/5
f 6905/4/5 6851/4/5 6839/4/5
f 7655/13/5 6855/13/5 7616/13/5
f 7616/13/5 6855/13/5 7629/13/5
f 7283/13/5 7656/13/5 7280/13/5
f 7280/13/5 7656/13/5 7274/13/5
f 7656/13/5 7657/13/5 7271/13/5
f 7271/13/5 7657/13/5 7654/13/5
f 7657/13/5 7658/13/5 6848/13/5
f 6848/13/5 7658/13/5 7278/13/5
f 7658/13/5 6859/13/5 7270/13/5
f 7270/13/5 6859/13/5 7642/13/5
f 6932/6/5 6862/6/5 7655/6/5
f 7655/6/5 6862/6/5 6859/6/5
f 6863/6/5 7247/6/5 6860/6/5
f 6860/6/5 7247/6/5 7598/6/5
f 7247/4/5 6867/4/5 7598/4/5
f 7598/4/5 6867/4/5 7246/4/5
f 7479/9/5 7096/9/5 7476/9/5
f 7476/9/5 7096/9/5 7095/9/5
f 7170/10/5 6688/10/5 7169/10/5
f 7169/10/5 6688/10/5 7546/10/5
f 7483/9/5 7100/9/5 7480/9/5
f 7480/9/5 7100/9/5 7099/9/5
f 7329/7/5 6934/7/5 7323/7/5
f 7323/7/5 6934/7/5 6926/7/5
f 7310/4/5 6907/4/5 7308/4/5
f 7308/4/5 6907/4/5 6906/4/5
f 6908/4/5 6865/4/5 6909/4/5
f 6909/4/5 6865/4/5 6864/4/5
f 6866/4/5 6800/4/5 7245/4/5
f 7245/4/5 6800/4/5 6799/4/5
f 6801/4/5 6753/4/5 6802/4/5
f 6802/4/5 6753/4/5 6752/4/5
f 6754/4/5 6729/4/5 6755/4/5
f 6755/4/5 6729/4/5 6728/4/5
f 6730/4/5 6710/4/5 7659/4/5
f 7659/4/5 6710/4/5 6709/4/5
f 6711/4/5 6690/4/5 6712/4/5
f 6712/4/5 6690/4/5 6689/4/5
f 6691/4/5 6669/4/5 7660/4/5
f 7660/4/5 6669/4/5 6668/4/5
f 6670/4/5 6656/4/5 6671/4/5
f 6671/4/5 6656/4/5 6655/4/5
f 7491/1/5 7114/1/5 7661/1/5
f 7661/1/5 7114/1/5 7473/1/5
f 7111/9/5 7104/9/5 7484/9/5
f 7484/9/5 7104/9/5 7103/9/5
f 7489/9/5 7108/9/5 7486/9/5
f 7486/9/5 7108/9/5 7107/9/5
f 7493/9/5 7112/9/5 7490/9/5
f 7490/9/5 7112/9/5 7111/9/5
f 7388/1/5 6996/1/5 7492/1/5
f 7492/1/5 6996/1/5 7113/1/5
f 6975/1/5 6965/1/5 7357/1/5
f 7357/1/5 6965/1/5 6964/1/5
f 7380/1/5 6985/1/5 7378/1/5
f 7378/1/5 6985/1/5 6984/1/5
f 6805/9/5 6757/9/5 6806/9/5
f 6806/9/5 6757/9/5 6756/9/5
f 6960/9/5 6957/9/5 7542/9/5
f 7542/9/5 6957/9/5 6956/9/5
f 6939/9/5 6936/9/5 7541/9/5
f 7541/9/5 6936/9/5 6935/9/5
f 6992/9/5 6989/9/5 7380/9/5
f 7380/9/5 6989/9/5 6988/9/5
f 7254/9/5 6807/9/5 7251/9/5
f 7251/9/5 6807/9/5 6803/9/5
f 7157/9/5 7531/9/5 7156/9/5
f 7156/9/5 7531/9/5 6657/9/5
f 7188/9/5 7189/9/5 7185/9/5
f 7185/9/5 7189/9/5 6713/9/5
f 7336/9/5 6940/9/5 7330/9/5
f 7330/9/5 6940/9/5 7541/9/5
f 7356/9/5 6961/9/5 7353/9/5
f 7353/9/5 6961/9/5 7542/9/5
f 7384/9/5 6993/9/5 7381/9/5
f 7381/9/5 6993/9/5 7380/9/5
f 7531/9/5 6660/9/5 6658/9/5
f 6658/9/5 6660/9/5 6659/9/5
f 6941/9/5 6914/9/5 6911/9/5
f 6911/9/5 6914/9/5 7338/9/5
f 7339/9/5 6942/9/5 7337/9/5
f 7337/9/5 6942/9/5 6936/9/5
f 7189/9/5 6718/9/5 6714/9/5
f 6714/9/5 6718/9/5 6717/9/5
f 7497/9/5 7662/9/5 7494/9/5
f 7494/9/5 7662/9/5 7115/9/5
f 7662/9/5 7120/9/5 7116/9/5
f 7116/9/5 7120/9/5 7119/9/5
f 7192/1/5 6722/1/5 7189/1/5
f 7189/1/5 6722/1/5 6721/1/5
f 7314/1/5 6915/1/5 6941/1/5
f 6941/1/5 6915/1/5 6914/1/5
f 7126/1/5 7000/1/5 7121/1/5
f 7121/1/5 7000/1/5 6999/1/5
f 7501/9/5 7124/9/5 7498/9/5
f 7498/9/5 7124/9/5 7123/9/5
f 7505/9/5 7128/9/5 7502/9/5
f 7502/9/5 7128/9/5 7127/9/5
f 7176/10/5 6812/10/5 7175/10/5
f 7175/10/5 6812/10/5 6693/10/5
f 7509/9/5 7132/9/5 7506/9/5
f 7506/9/5 7132/9/5 7131/9/5
f 7133/1/5 7004/1/5 7129/1/5
f 7129/1/5 7004/1/5 7003/1/5
f 7663/11/5 6869/11/5 6951/11/5
f 6951/11/5 6869/11/5 6868/11/5
f 6874/2/5 6872/2/5 7664/2/5
f 7664/2/5 6872/2/5 6869/2/5
f 7513/9/5 7136/9/5 7510/9/5
f 7510/9/5 7136/9/5 7135/9/5
f 7665/2/5 7666/2/5 7667/2/5
f 7667/2/5 7666/2/5 7664/2/5
f 7666/2/5 6879/2/5 6875/2/5
f 6875/2/5 6879/2/5 6878/2/5
f 7316/2/5 7557/2/5 7668/2/5
f 7668/2/5 7557/2/5 7667/2/5
f 7557/8/5 6882/8/5 7665/8/5
f 7665/8/5 6882/8/5 6879/8/5
f 7517/9/5 7140/9/5 7514/9/5
f 7514/9/5 7140/9/5 7139/9/5
f 7143/9/5 7669/9/5 7670/9/5
f 7670/9/5 7669/9/5 7147/9/5
f 7344/7/5 6949/7/5 7340/7/5
f 7340/7/5 6949/7/5 6945/7/5
f 7525/9/5 7671/9/5 7522/9/5
f 7522/9/5 7671/9/5 7521/9/5
f 7671/9/5 7144/9/5 7518/9/5
f 7518/9/5 7144/9/5 7670/9/5
f 6950/2/5 7317/2/5 7663/2/5
f 7663/2/5 7317/2/5 7668/2/5
f 7318/10/5 6919/10/5 7315/10/5
f 7315/10/5 6919/10/5 6918/10/5
f 7529/9/5 7148/9/5 7526/9/5
f 7526/9/5 7148/9/5 7669/9/5
f 7321/9/6 7320/9/6 6924/9/6
f 6924/9/6 7320/9/6 6925/9/6
f 7372/9/6 7371/9/6 6978/9/6
f 6978/9/6 7371/9/6 6979/9/6
f 7230/9/6 7229/9/6 6734/9/6
f 6734/9/6 7229/9/6 6735/9/6
f 7351/9/6 7350/9/6 7348/9/6
f 7348/9/6 7350/9/6 7345/9/6
f 7347/9/6 7346/9/6 6954/9/6
f 6954/9/6 7346/9/6 6955/9/6
f 6739/9/6 7209/9/6 6766/9/6
f 6766/9/6 7209/9/6 6767/9/6
f 6971/9/6 7289/9/6 6886/9/6
f 6886/9/6 7289/9/6 6887/9/6
f 7361/9/6 7360/9/6 6982/9/6
f 6982/9/6 7360/9/6 6983/9/6
f 7398/9/6 7397/9/6 7013/9/6
f 7013/9/6 7397/9/6 7014/9/6
f 7210/1/6 6734/1/6 6738/1/6
f 6738/1/6 6734/1/6 6739/1/6
f 7364/1/6 7363/1/6 6970/1/6
f 6970/1/6 7363/1/6 6971/1/6
f 7402/9/6 7401/9/6 7017/9/6
f 7017/9/6 7401/9/6 7018/9/6
f 7410/9/6 7409/9/6 7021/9/6
f 7021/9/6 7409/9/6 7022/9/6
f 7414/9/6 7413/9/6 7672/9/6
f 7672/9/6 7413/9/6 7406/9/6
f 7672/9/6 7405/9/6 7025/9/6
f 7025/9/6 7405/9/6 7026/9/6
f 7418/9/6 7417/9/6 7029/9/6
f 7029/9/6 7417/9/6 7030/9/6
f 7424/9/6 7029/9/6 7615/9/6
f 7615/9/6 7029/9/6 7422/9/6
f 7428/9/6 7427/9/6 7037/9/6
f 7037/9/6 7427/9/6 7038/9/6
f 7325/7/6 7324/7/6 6928/7/6
f 6928/7/6 7324/7/6 6929/7/6
f 7236/4/6 7673/4/6 7618/4/6
f 7618/4/6 7673/4/6 6822/4/6
f 7432/9/6 7431/9/6 7620/9/6
f 7620/9/6 7431/9/6 7613/9/6
f 7163/10/6 7162/10/6 6674/10/6
f 6674/10/6 7162/10/6 6675/10/6
f 7293/4/6 7292/4/6 7238/4/6
f 7238/4/6 7292/4/6 7673/4/6
f 7220/4/6 7237/4/6 7215/4/6
f 7215/4/6 7237/4/6 7212/4/6
f 7214/4/6 7213/4/6 7199/4/6
f 7199/4/6 7213/4/6 7196/4/6
f 7198/4/6 7197/4/6 6697/4/6
f 6697/4/6 7197/4/6 7195/4/6
f 7436/9/6 7614/9/6 7674/9/6
f 7674/9/6 7614/9/6 7042/9/6
f 7674/9/6 7041/9/6 7045/9/6
f 7045/9/6 7041/9/6 7046/9/6
f 6741/13/6 6740/13/6 7219/13/6
f 7219/13/6 6740/13/6 7216/13/6
f 6676/8/6 6673/8/6 7166/8/6
f 7166/8/6 6673/8/6 7165/8/6
f 6745/6/6 6744/6/6 7223/6/6
f 7223/6/6 6744/6/6 7220/6/6
f 6696/13/6 6695/13/6 7180/13/6
f 7180/13/6 6695/13/6 7177/13/6
f 7179/13/6 7178/13/6 6699/13/6
f 6699/13/6 7178/13/6 6700/13/6
f 6698/4/6 7194/4/6 6726/4/6
f 6726/4/6 7194/4/6 6727/4/6
f 6777/4/6 2563/4/6 6643/4/6
f 6643/4/6 2563/4/6 6644/4/6
f 6826/13/6 6817/13/6 7298/13/6
f 7298/13/6 6817/13/6 7566/13/6
f 7054/9/6 7619/9/6 7675/9/6
f 7675/9/6 7619/9/6 7058/9/6
f 6830/13/6 7545/13/6 6825/13/6
f 6825/13/6 7545/13/6 6817/13/6
f 7444/9/6 7443/9/6 7676/9/6
f 7676/9/6 7443/9/6 7050/9/6
f 7676/9/6 7049/9/6 7628/9/6
f 7628/9/6 7049/9/6 7440/9/6
f 7448/9/6 7447/9/6 7057/9/6
f 7057/9/6 7447/9/6 7675/9/6
f 7299/4/6 7566/4/6 6893/4/6
f 6893/4/6 7566/4/6 6894/4/6
f 7265/13/6 7264/13/6 6833/13/6
f 6833/13/6 7264/13/6 6834/13/6
f 6646/4/6 6645/4/6 6647/4/6
f 6647/4/6 6645/4/6 6663/4/6
f 7677/13/6 7535/13/6 6898/13/6
f 6898/13/6 7535/13/6 7545/13/6
f 6898/8/6 6829/8/6 6837/8/6
f 6837/8/6 6829/8/6 6838/8/6
f 6784/13/6 2572/13/6 6649/13/6
f 6649/13/6 2572/13/6 6650/13/6
f 7452/9/6 7451/9/6 7633/9/6
f 7633/9/6 7451/9/6 7626/9/6
f 7632/9/6 7627/9/6 7061/9/6
f 7061/9/6 7627/9/6 7062/9/6
f 6789/4/6 6677/4/6 6703/4/6
f 6703/4/6 6677/4/6 6704/4/6
f 7074/9/6 7455/9/6 7069/9/6
f 7069/9/6 7455/9/6 7070/9/6
f 7462/9/6 7461/9/6 7678/9/6
f 7678/9/6 7461/9/6 7066/9/6
f 2583/4/6 2580/4/6 6653/4/6
f 6653/4/6 2580/4/6 6654/4/6
f 6680/13/6 6678/13/6 6707/13/6
f 6707/13/6 6678/13/6 6708/13/6
f 7678/9/6 7065/9/6 7641/9/6
f 7641/9/6 7065/9/6 7630/9/6
f 7640/9/6 7631/9/6 7679/9/6
f 7679/9/6 7631/9/6 7074/9/6
f 7679/9/6 7073/9/6 7081/9/6
f 7081/9/6 7073/9/6 7082/9/6
f 7680/10/6 7677/10/6 6897/10/6
f 6897/10/6 7677/10/6 6898/10/6
f 7269/8/6 7268/8/6 7681/8/6
f 7681/8/6 7268/8/6 7597/8/6
f 7466/9/6 7465/9/6 7648/9/6
f 7648/9/6 7465/9/6 7638/9/6
f 7647/9/6 7639/9/6 7085/9/6
f 7085/9/6 7639/9/6 7086/9/6
f 7682/8/6 6897/8/6 7683/8/6
f 7683/8/6 6897/8/6 7269/8/6
f 6846/13/6 7684/13/6 7685/13/6
f 7685/13/6 7684/13/6 7683/13/6
f 7239/4/6 6901/4/6 6841/4/6
f 6841/4/6 6901/4/6 6842/4/6
f 6798/13/6 6664/13/6 6685/13/6
f 6685/13/6 6664/13/6 6686/13/6
f 7090/9/6 7686/9/6 7661/9/6
f 7661/9/6 7686/9/6 7645/9/6
f 6857/13/6 7680/13/6 7687/13/6
f 7687/13/6 7680/13/6 6897/13/6
f 7687/13/6 7682/13/6 6845/13/6
f 6845/13/6 7682/13/6 7684/13/6
f 6850/13/6 7688/13/6 7276/13/6
f 7276/13/6 7688/13/6 7685/13/6
f 7470/9/6 7469/9/6 7089/9/6
f 7089/9/6 7469/9/6 7686/9/6
f 7474/9/6 7646/9/6 7093/9/6
f 7093/9/6 7646/9/6 7094/9/6
f 6861/4/6 7597/4/6 7242/4/6
f 7242/4/6 7597/4/6 6902/4/6
f 7241/4/6 7240/4/6 6852/4/6
f 6852/4/6 7240/4/6 6853/4/6
f 6797/13/6 6772/13/6 6856/13/6
f 6856/13/6 6772/13/6 7535/13/6
f 7282/13/6 7281/13/6 7689/13/6
f 7689/13/6 7281/13/6 7273/13/6
f 7689/13/6 7272/13/6 7690/13/6
f 7690/13/6 7272/13/6 7688/13/6
f 7690/13/6 6849/13/6 7691/13/6
f 7691/13/6 6849/13/6 7277/13/6
f 7691/13/6 7269/13/6 6860/13/6
f 6860/13/6 7269/13/6 7681/13/6
f 7202/13/6 7201/13/6 7692/13/6
f 7692/13/6 7201/13/6 7603/13/6
f 7692/4/6 7603/4/6 7659/4/6
f 7659/4/6 7603/4/6 6731/4/6
f 7546/8/6 6687/8/6 7168/8/6
f 7168/8/6 6687/8/6 7167/8/6
f 6667/4/6 6666/4/6 7660/4/6
f 7660/4/6 6666/4/6 6692/4/6
f 7478/9/6 7477/9/6 7097/9/6
f 7097/9/6 7477/9/6 7098/9/6
f 7482/9/6 7481/9/6 7101/9/6
f 7101/9/6 7481/9/6 7102/9/6
f 7309/4/6 6863/4/6 7250/4/6
f 7250/4/6 6863/4/6 7247/4/6
f 7249/4/6 7248/4/6 7227/4/6
f 7227/4/6 7248/4/6 7224/4/6
f 7226/4/6 7225/4/6 7207/4/6
f 7207/4/6 7225/4/6 7204/4/6
f 7206/4/6 7205/4/6 7184/4/6
f 7184/4/6 7205/4/6 7181/4/6
f 7183/4/6 7182/4/6 7174/4/6
f 7174/4/6 7182/4/6 7171/4/6
f 7173/4/6 7172/4/6 7160/4/6
f 7160/4/6 7172/4/6 6667/4/6
f 7159/4/6 7158/4/6 7155/4/6
f 7155/4/6 7158/4/6 7153/4/6
f 7154/4/6 4721/4/6 4460/4/6
f 4460/4/6 4721/4/6 2603/4/6
f 7114/9/6 7485/9/6 7105/9/6
f 7105/9/6 7485/9/6 7106/9/6
f 7488/9/6 7487/9/6 7109/9/6
f 7109/9/6 7487/9/6 7110/9/6
f 7387/1/6 7386/1/6 6997/1/6
f 6997/1/6 7386/1/6 6998/1/6
f 6910/1/6 7358/1/6 6966/1/6
f 6966/1/6 7358/1/6 6967/1/6
f 6972/1/6 7379/1/6 6986/1/6
f 6986/1/6 7379/1/6 6987/1/6
f 6809/9/6 7693/9/6 6758/9/6
f 6758/9/6 7693/9/6 6759/9/6
f 7332/9/6 7331/9/6 6912/9/6
f 6912/9/6 7331/9/6 6913/9/6
f 6963/9/6 7540/9/6 6958/9/6
f 6958/9/6 7540/9/6 6959/9/6
f 6911/9/6 6910/9/6 6937/9/6
f 6937/9/6 6910/9/6 6938/9/6
f 6994/9/6 6972/9/6 7369/9/6
f 7369/9/6 6972/9/6 7366/9/6
f 7368/9/6 7367/9/6 6990/9/6
f 6990/9/6 7367/9/6 6991/9/6
f 7253/9/6 7252/9/6 6808/9/6
f 6808/9/6 7252/9/6 7693/9/6
f 7187/9/6 7186/9/6 7532/9/6
f 7532/9/6 7186/9/6 6716/9/6
f 7335/9/6 7334/9/6 6941/9/6
f 6941/9/6 7334/9/6 6911/9/6
f 7355/9/6 7354/9/6 6962/9/6
f 6962/9/6 7354/9/6 7540/9/6
f 7383/9/6 7382/9/6 6974/9/6
f 6974/9/6 7382/9/6 6975/9/6
f 7311/9/6 6912/9/6 6943/9/6
f 6943/9/6 6912/9/6 6944/9/6
f 7532/9/6 6715/9/6 6719/9/6
f 6719/9/6 6715/9/6 6720/9/6
f 7496/9/6 7495/9/6 7694/9/6
f 7694/9/6 7495/9/6 7118/9/6
f 7694/9/6 7117/9/6 7121/9/6
f 7121/9/6 7117/9/6 7122/9/6
f 7191/1/6 7190/1/6 6723/1/6
f 6723/1/6 7190/1/6 2625/1/6
f 7313/1/6 7312/1/6 6916/1/6
f 6916/1/6 7312/1/6 6917/1/6
f 7390/1/6 7389/1/6 7001/1/6
f 7001/1/6 7389/1/6 7002/1/6
f 7500/9/6 7499/9/6 7125/9/6
f 7125/9/6 7499/9/6 7126/9/6
f 7504/9/6 7503/9/6 7129/9/6
f 7129/9/6 7503/9/6 7130/9/6
f 7342/7/6 7341/7/6 6947/7/6
f 6947/7/6 7341/7/6 6948/7/6
f 7508/9/6 7507/9/6 7133/9/6
f 7133/9/6 7507/9/6 7134/9/6
f 7392/1/6 7391/1/6 7005/1/6
f 7005/1/6 7391/1/6 7006/1/6
f 6811/11/6 6810/11/6 6870/11/6
f 6870/11/6 6810/11/6 6871/11/6
f 6877/2/6 7695/2/6 6873/2/6
f 6873/2/6 7695/2/6 6870/2/6
f 7512/9/6 7511/9/6 7137/9/6
f 7137/9/6 7511/9/6 7138/9/6
f 7696/2/6 6811/2/6 7697/2/6
f 7697/2/6 6811/2/6 7695/2/6
f 7697/2/6 6876/2/6 6880/2/6
f 6880/2/6 6876/2/6 6881/2/6
f 7698/2/6 7538/2/6 6921/2/6
f 6921/2/6 7538/2/6 6811/2/6
f 6921/8/6 7696/8/6 6883/8/6
f 6883/8/6 7696/8/6 6880/8/6
f 7516/9/6 7515/9/6 7141/9/6
f 7141/9/6 7515/9/6 7142/9/6
f 7395/1/6 7394/1/6 7009/1/6
f 7009/1/6 7394/1/6 7010/1/6
f 7008/9/6 7007/9/6 7699/9/6
f 7699/9/6 7007/9/6 7150/9/6
f 7524/9/6 7523/9/6 7700/9/6
f 7700/9/6 7523/9/6 7520/9/6
f 7700/9/6 7519/9/6 7145/9/6
f 7145/9/6 7519/9/6 7393/9/6
f 6814/2/6 6813/2/6 7701/2/6
f 7701/2/6 6813/2/6 7538/2/6
f 7701/10/6 7698/10/6 6920/10/6
f 6920/10/6 7698/10/6 6921/10/6
f 7528/9/6 7527/9/6 7149/9/6
f 7149/9/6 7527/9/6 7699/9/6
f 7702/9/1 7703/9/1 5926/9/1
f 5926/9/1 7703/9/1 5933/9/1
f 7704/10/1 7705/10/1 5915/10/1
f 5915/10/1 7705/10/1 5919/10/1
f 7706/8/1 7707/8/1 7709/8/1
f 7709/8/1 7707/8/1 7708/8/1
f 7710/9/1 7711/9/1 7713/9/1
f 7713/9/1 7711/9/1 7712/9/1
f 7714/2/1 7715/2/1 7706/2/1
f 7706/2/1 7715/2/1 7707/2/1
f 6814/7/1 7716/7/1 2632/7/1
f 2632/7/1 7716/7/1 5913/7/1
f 7717/2/1 7718/2/1 7720/2/1
f 7720/2/1 7718/2/1 7719/2/1
f 7721/9/1 7722/9/1 7724/9/1
f 7724/9/1 7722/9/1 7723/9/1
f 7725/9/1 7726/9/1 7728/9/1
f 7728/9/1 7726/9/1 7727/9/1
f 7729/8/1 7730/8/1 7732/8/1
f 7732/8/1 7730/8/1 7731/8/1
f 7733/2/1 7734/2/1 7736/2/1
f 7736/2/1 7734/2/1 7735/2/1
f 7737/2/1 7738/2/1 7740/2/1
f 7740/2/1 7738/2/1 7739/2/1
f 7741/2/1 7742/2/1 7744/2/1
f 7744/2/1 7742/2/1 7743/2/1
f 7745/11/1 7746/11/1 7748/11/1
f 7748/11/1 7746/11/1 7747/11/1
f 6919/10/1 7749/10/1 6920/10/1
f 6920/10/1 7749/10/1 7750/10/1
f 7751/9/1 7752/9/1 7754/9/1
f 7754/9/1 7752/9/1 7753/9/1
f 6949/7/1 7755/7/1 6950/7/1
f 6950/7/1 7755/7/1 7756/7/1
f 7755/7/1 7757/7/1 5922/7/1
f 5922/7/1 7757/7/1 5923/7/1
f 7758/9/1 7759/9/1 7761/9/1
f 7761/9/1 7759/9/1 7760/9/1
f 7762/9/1 7763/9/1 7765/9/1
f 7765/9/1 7763/9/1 7764/9/1
f 7766/9/1 7767/9/1 7769/9/1
f 7769/9/1 7767/9/1 7768/9/1
f 7770/9/1 7771/9/1 7773/9/1
f 7773/9/1 7771/9/1 7772/9/1
f 7774/9/1 7775/9/1 7777/9/1
f 7777/9/1 7775/9/1 7776/9/1
f 7778/9/1 7779/9/1 7781/9/1
f 7781/9/1 7779/9/1 7780/9/1
f 7782/1/1 7783/1/1 7785/1/1
f 7785/1/1 7783/1/1 7784/1/1
f 7786/1/1 7787/1/1 7789/1/1
f 7789/1/1 7787/1/1 7788/1/1
f 7787/1/1 7790/1/1 5925/1/1
f 5925/1/1 7790/1/1 5926/1/1
f 7791/9/1 7792/9/1 7794/9/1
f 7794/9/1 7792/9/1 7793/9/1
f 7795/9/1 7796/9/1 7798/9/1
f 7798/9/1 7796/9/1 7797/9/1
f 7799/9/1 7800/9/1 7802/9/1
f 7802/9/1 7800/9/1 7801/9/1
f 7803/9/1 7804/9/1 7806/9/1
f 7806/9/1 7804/9/1 7805/9/1
f 7807/9/1 7808/9/1 7787/9/1
f 7787/9/1 7808/9/1 7790/9/1
f 7809/9/1 7810/9/1 7812/9/1
f 7812/9/1 7810/9/1 7811/9/1
f 7813/9/1 7814/9/1 7816/9/1
f 7816/9/1 7814/9/1 7815/9/1
f 7817/9/2 6451/9/2 7818/9/2
f 7818/9/2 6451/9/2 6454/9/2
f 7819/10/2 6442/10/2 7820/10/2
f 7820/10/2 6442/10/2 6445/10/2
f 7821/9/2 7822/9/2 7824/9/2
f 7824/9/2 7822/9/2 7823/9/2
f 7256/7/2 4471/7/2 7825/7/2
f 7825/7/2 4471/7/2 6440/7/2
f 7826/9/2 7827/9/2 7829/9/2
f 7829/9/2 7827/9/2 7828/9/2
f 7830/9/2 7831/9/2 7833/9/2
f 7833/9/2 7831/9/2 7832/9/2
f 7287/2/2 7256/2/2 7834/2/2
f 7834/2/2 7256/2/2 7825/2/2
f 7834/2/2 6440/2/2 7835/2/2
f 7835/2/2 6440/2/2 6441/2/2
f 7318/10/2 7317/10/2 7837/10/2
f 7837/10/2 7317/10/2 7836/10/2
f 7344/7/2 7287/7/2 7838/7/2
f 7838/7/2 7287/7/2 7835/7/2
f 7838/7/2 6441/7/2 7839/7/2
f 7839/7/2 6441/7/2 6446/7/2
f 7840/9/2 7841/9/2 7843/9/2
f 7843/9/2 7841/9/2 7842/9/2
f 7844/9/2 7845/9/2 7847/9/2
f 7847/9/2 7845/9/2 7846/9/2
f 7848/9/2 7849/9/2 7851/9/2
f 7851/9/2 7849/9/2 7850/9/2
f 7852/9/2 7853/9/2 7855/9/2
f 7855/9/2 7853/9/2 7854/9/2
f 7856/9/2 7857/9/2 7859/9/2
f 7859/9/2 7857/9/2 7858/9/2
f 7860/9/2 7861/9/2 7863/9/2
f 7863/9/2 7861/9/2 7862/9/2
f 7864/1/2 7865/1/2 7867/1/2
f 7867/1/2 7865/1/2 7866/1/2
f 7868/1/2 7869/1/2 7871/1/2
f 7871/1/2 7869/1/2 7870/1/2
f 7871/1/2 6447/1/2 7872/1/2
f 7872/1/2 6447/1/2 6450/1/2
f 7873/9/2 7874/9/2 7876/9/2
f 7876/9/2 7874/9/2 7875/9/2
f 7877/9/2 7878/9/2 7880/9/2
f 7880/9/2 7878/9/2 7879/9/2
f 7881/9/2 7882/9/2 7884/9/2
f 7884/9/2 7882/9/2 7883/9/2
f 7885/9/2 7886/9/2 7888/9/2
f 7888/9/2 7886/9/2 7887/9/2
f 7889/9/2 7872/9/2 7891/9/2
f 7891/9/2 7872/9/2 7890/9/2
f 7723/9/3 7722/9/3 7892/9/3
f 7892/9/3 7722/9/3 7829/9/3
f 5923/7/3 7757/7/3 6446/7/3
f 6446/7/3 7757/7/3 7839/7/3
f 7772/9/3 7771/9/3 7893/9/3
f 7893/9/3 7771/9/3 7855/9/3
f 7793/9/3 7792/9/3 7875/9/3
f 7875/9/3 7792/9/3 7876/9/3
f 7801/9/3 7800/9/3 7879/9/3
f 7879/9/3 7800/9/3 7880/9/3
f 7811/9/3 7810/9/3 7887/9/3
f 7887/9/3 7810/9/3 7888/9/3
f 7760/9/3 7759/9/3 7894/9/3
f 7894/9/3 7759/9/3 7843/9/3
f 7797/9/3 7796/9/3 7802/9/3
f 7802/9/3 7796/9/3 7799/9/3
f 7872/9/3 7889/9/3 7812/9/3
f 7812/9/3 7889/9/3 7809/9/3
f 5933/9/3 7703/9/3 6454/9/3
f 6454/9/3 7703/9/3 7818/9/3
f 7702/1/3 7895/1/3 7897/1/3
f 7897/1/3 7895/1/3 7896/1/3
f 7898/1/3 7899/1/3 7901/1/3
f 7901/1/3 7899/1/3 7900/1/3
f 6442/2/3 7718/2/3 5922/2/3
f 5922/2/3 7718/2/3 7902/2/3
f 7903/1/3 7904/1/3 7830/1/3
f 7830/1/3 7904/1/3 7905/1/3
f 7845/1/3 7769/1/3 7761/1/3
f 7761/1/3 7769/1/3 7906/1/3
f 7768/9/3 7767/9/3 7854/9/3
f 7854/9/3 7767/9/3 7893/9/3
f 7907/1/3 7908/1/3 7856/1/3
f 7856/1/3 7908/1/3 7909/1/3
f 7784/1/3 7783/1/3 7866/1/3
f 7866/1/3 7783/1/3 7867/1/3
f 7910/1/3 7790/1/3 7911/1/3
f 7911/1/3 7790/1/3 7872/1/3
f 5919/10/3 7705/10/3 6445/10/3
f 6445/10/3 7705/10/3 7820/10/3
f 7912/2/3 7913/2/3 7819/2/3
f 7819/2/3 7913/2/3 7719/2/3
f 7747/11/3 7746/11/3 7902/11/3
f 7902/11/3 7746/11/3 7756/11/3
f 7914/10/3 7749/10/3 7836/10/3
f 7836/10/3 7749/10/3 7837/10/3
f 7753/9/3 7752/9/3 7842/9/3
f 7842/9/3 7752/9/3 7894/9/3
f 7780/9/3 7779/9/3 7862/9/3
f 7862/9/3 7779/9/3 7863/9/3
f 7805/9/3 7804/9/3 7883/9/3
f 7883/9/3 7804/9/3 7884/9/3
f 7815/9/3 7814/9/3 7890/9/3
f 7890/9/3 7814/9/3 7891/9/3
f 7712/9/3 7711/9/3 7823/9/3
f 7823/9/3 7711/9/3 7824/9/3
f 7727/9/3 7915/9/3 7828/9/3
f 7828/9/3 7915/9/3 7892/9/3
f 7915/9/3 7726/9/3 7832/9/3
f 7832/9/3 7726/9/3 7833/9/3
f 7743/2/3 7742/2/3 7748/2/3
f 7748/2/3 7742/2/3 7745/2/3
f 7764/9/3 7763/9/3 7846/9/3
f 7846/9/3 7763/9/3 7847/9/3
f 7776/9/3 7916/9/3 7850/9/3
f 7850/9/3 7916/9/3 7851/9/3
f 7916/9/3 7775/9/3 7858/9/3
f 7858/9/3 7775/9/3 7859/9/3
f 7739/2/3 7738/2/3 7744/2/3
f 7744/2/3 7738/2/3 7741/2/3
f 7735/2/3 7734/2/3 7740/2/3
f 7740/2/3 7734/2/3 7737/2/3
f 7708/8/3 7707/8/3 7912/8/3
f 7912/8/3 7707/8/3 7917/8/3
f 7707/2/3 7715/2/3 7917/2/3
f 7917/2/3 7715/2/3 7913/2/3
f 7731/8/3 7730/8/3 7736/8/3
f 7736/8/3 7730/8/3 7733/8/3
f 7724/9/4 7918/9/4 7721/9/4
f 7721/9/4 7918/9/4 7826/9/4
f 7773/9/4 7919/9/4 7770/9/4
f 7770/9/4 7919/9/4 7852/9/4
f 7794/9/4 7874/9/4 7791/9/4
f 7791/9/4 7874/9/4 7873/9/4
f 6450/9/4 6451/9/4 7897/9/4
f 7897/9/4 6451/9/4 7817/9/4
f 7896/9/4 7822/9/4 7901/9/4
f 7901/9/4 7822/9/4 7821/9/4
f 7900/9/4 7827/9/4 7831/9/4
f 7831/9/4 7827/9/4 7918/9/4
f 7905/9/4 7841/9/4 7758/9/4
f 7758/9/4 7841/9/4 7840/9/4
f 7906/9/4 7853/9/4 7857/9/4
f 7857/9/4 7853/9/4 7919/9/4
f 7909/9/4 7861/9/4 7911/9/4
f 7911/9/4 7861/9/4 7860/9/4
f 7798/9/4 7878/9/4 7795/9/4
f 7795/9/4 7878/9/4 7877/9/4
f 6544/2/4 5913/2/4 7717/2/4
f 7717/2/4 5913/2/4 7716/2/4
f 5925/1/4 6447/1/4 7788/1/4
f 7788/1/4 6447/1/4 7870/1/4
f 7785/1/4 7865/1/4 7782/1/4
f 7782/1/4 7865/1/4 7864/1/4
f 7789/1/4 7869/1/4 7786/1/4
f 7786/1/4 7869/1/4 7868/1/4
f 7787/9/4 7886/9/4 7807/9/4
f 7807/9/4 7886/9/4 7885/9/4
f 5915/10/4 6544/10/4 7704/10/4
f 7704/10/4 6544/10/4 7920/10/4
f 7704/2/4 7920/2/4 7921/2/4
f 7921/2/4 7920/2/4 7720/2/4
f 7754/9/4 7904/9/4 7922/9/4
f 7922/9/4 7904/9/4 7844/9/4
f 7781/9/4 7908/9/4 7778/9/4
f 7778/9/4 7908/9/4 7910/9/4
f 7806/9/4 7882/9/4 7803/9/4
f 7803/9/4 7882/9/4 7881/9/4
f 7816/9/4 7790/9/4 7813/9/4
f 7813/9/4 7790/9/4 7808/9/4
f 7713/9/4 7895/9/4 7710/9/4
f 7710/9/4 7895/9/4 7898/9/4
f 7728/9/4 7899/9/4 7725/9/4
f 7725/9/4 7899/9/4 7903/9/4
f 7765/9/4 7751/9/4 7762/9/4
f 7762/9/4 7751/9/4 7922/9/4
f 7777/9/4 7849/9/4 7923/9/4
f 7923/9/4 7849/9/4 7848/9/4
f 7923/9/4 7766/9/4 7774/9/4
f 7774/9/4 7766/9/4 7907/9/4
f 7709/8/4 7704/8/4 7706/8/4
f 7706/8/4 7704/8/4 7924/8/4
f 7706/2/4 7924/2/4 7714/2/4
f 7714/2/4 7924/2/4 7921/2/4
f 7732/8/4 7750/8/4 7729/8/4
f 7729/8/4 7750/8/4 7914/8/4
f 7876/9/5 7792/9/5 7873/9/5
f 7873/9/5 7792/9/5 7791/9/5
f 7837/10/5 7749/10/5 7318/10/5
f 7318/10/5 7749/10/5 6919/10/5
f 7925/8/5 7730/8/5 7914/8/5
f 7914/8/5 7730/8/5 7729/8/5
f 7737/2/5 7734/2/5 7926/2/5
f 7926/2/5 7734/2/5 7733/2/5
f 7799/9/5 7796/9/5 7927/9/5
f 7927/9/5 7796/9/5 7795/9/5
f 7880/9/5 7800/9/5 7877/9/5
f 7877/9/5 7800/9/5 7927/9/5
f 7867/1/5 7783/1/5 7864/1/5
f 7864/1/5 7783/1/5 7782/1/5
f 7741/2/5 7738/2/5 7928/2/5
f 7928/2/5 7738/2/5 7926/2/5
f 7929/2/5 7930/2/5 6950/2/5
f 6950/2/5 7930/2/5 7317/2/5
f 7930/2/5 7745/2/5 7836/2/5
f 7836/2/5 7745/2/5 7914/2/5
f 7745/2/5 7742/2/5 7925/2/5
f 7925/2/5 7742/2/5 7928/2/5
f 7756/11/5 7746/11/5 7929/11/5
f 7929/11/5 7746/11/5 7745/11/5
f 7719/2/5 7715/2/5 7720/2/5
f 7720/2/5 7715/2/5 7714/2/5
f 7820/10/5 7705/10/5 7819/10/5
f 7819/10/5 7705/10/5 7912/10/5
f 7839/7/5 7757/7/5 7344/7/5
f 7344/7/5 7757/7/5 6949/7/5
f 7884/9/5 7804/9/5 7881/9/5
f 7881/9/5 7804/9/5 7803/9/5
f 7871/1/5 7787/1/5 7868/1/5
f 7868/1/5 7787/1/5 7786/1/5
f 7809/9/5 7808/9/5 7931/9/5
f 7931/9/5 7808/9/5 7807/9/5
f 7829/9/5 7722/9/5 7826/9/5
f 7826/9/5 7722/9/5 7721/9/5
f 7855/9/5 7771/9/5 7852/9/5
f 7852/9/5 7771/9/5 7770/9/5
f 7888/9/5 7810/9/5 7885/9/5
f 7885/9/5 7810/9/5 7931/9/5
f 7723/9/5 7832/9/5 7724/9/5
f 7724/9/5 7832/9/5 7831/9/5
f 7843/9/5 7759/9/5 7840/9/5
f 7840/9/5 7759/9/5 7758/9/5
f 7772/9/5 7858/9/5 7773/9/5
f 7773/9/5 7858/9/5 7857/9/5
f 7818/9/5 7703/9/5 7817/9/5
f 7817/9/5 7703/9/5 7702/9/5
f 7760/9/5 7846/9/5 7761/9/5
f 7761/9/5 7846/9/5 7845/9/5
f 7863/9/5 7779/9/5 7860/9/5
f 7860/9/5 7779/9/5 7778/9/5
f 7891/9/5 7814/9/5 7889/9/5
f 7889/9/5 7814/9/5 7813/9/5
f 7824/9/5 7711/9/5 7821/9/5
f 7821/9/5 7711/9/5 7710/9/5
f 7833/9/5 7726/9/5 7830/9/5
f 7830/9/5 7726/9/5 7725/9/5
f 7847/9/5 7763/9/5 7844/9/5
f 7844/9/5 7763/9/5 7762/9/5
f 7859/9/5 7775/9/5 7856/9/5
f 7856/9/5 7775/9/5 7774/9/5
f 7875/9/6 7874/9/6 7793/9/6
f 7793/9/6 7874/9/6 7794/9/6
f 7932/10/6 7701/10/6 7750/10/6
f 7750/10/6 7701/10/6 6920/10/6
f 7933/8/6 7750/8/6 7731/8/6
f 7731/8/6 7750/8/6 7732/8/6
f 7740/2/6 7934/2/6 7735/2/6
f 7735/2/6 7934/2/6 7736/2/6
f 7802/9/6 7935/9/6 7797/9/6
f 7797/9/6 7935/9/6 7798/9/6
f 7879/9/6 7878/9/6 7801/9/6
f 7801/9/6 7878/9/6 7935/9/6
f 7866/1/6 7865/1/6 7784/1/6
f 7784/1/6 7865/1/6 7785/1/6
f 7744/2/6 7936/2/6 7739/2/6
f 7739/2/6 7936/2/6 7934/2/6
f 7716/2/6 6814/2/6 7717/2/6
f 7717/2/6 6814/2/6 7701/2/6
f 7717/2/6 7932/2/6 7748/2/6
f 7748/2/6 7932/2/6 7750/2/6
f 7748/2/6 7933/2/6 7743/2/6
f 7743/2/6 7933/2/6 7936/2/6
f 7718/11/6 7717/11/6 7747/11/6
f 7747/11/6 7717/11/6 7748/11/6
f 7912/8/6 7704/8/6 7708/8/6
f 7708/8/6 7704/8/6 7709/8/6
f 7883/9/6 7882/9/6 7805/9/6
f 7805/9/6 7882/9/6 7806/9/6
f 7870/1/6 7869/1/6 7788/1/6
f 7788/1/6 7869/1/6 7789/1/6
f 7812/9/6 7937/9/6 7872/9/6
f 7872/9/6 7937/9/6 7871/9/6
f 7887/9/6 7886/9/6 7811/9/6
f 7811/9/6 7886/9/6 7937/9/6
f 5930/9/6 5929/9/6 6456/9/6
f 6456/9/6 5929/9/6 6450/9/6
f 7854/9/6 7853/9/6 7768/9/6
f 7768/9/6 7853/9/6 7769/9/6
f 7842/9/6 7841/9/6 7753/9/6
f 7753/9/6 7841/9/6 7754/9/6
f 7767/9/6 7766/9/6 7851/9/6
f 7851/9/6 7766/9/6 7848/9/6
f 7862/9/6 7861/9/6 7780/9/6
f 7780/9/6 7861/9/6 7781/9/6
f 7890/9/6 7872/9/6 7815/9/6
f 7815/9/6 7872/9/6 7816/9/6
f 7823/9/6 7822/9/6 7712/9/6
f 7712/9/6 7822/9/6 7713/9/6
f 7828/9/6 7827/9/6 7727/9/6
f 7727/9/6 7827/9/6 7728/9/6
f 7752/9/6 7751/9/6 7764/9/6
f 7764/9/6 7751/9/6 7765/9/6
f 7850/9/6 7849/9/6 7776/9/6
f 7776/9/6 7849/9/6 7777/9/6
