# Vengi binary mesh normalized for Tanks of Freedom II

mtllib ../../materials/vox_grass.mtl
o concrete_tile

v 4 4 3.9
v 3.9 4 3.9
v 3.9 4 4
v 4 4 4
v 3.8 4 3.9
v 3.8 4 4
v 3.7 4 3.9
v 3.6 4 3.9
v 3.6 4 4
v 3.7 4 4
v 3.5 4 3.9
v 3.4 4 3.9
v 3.4 4 4
v 3.5 4 4
v 3.3 4 3.9
v 3.2 4 3.9
v 3.2 4 4
v 3.3 4 4
v 3.1 4 3.9
v 3 4 3.9
v 3 4 4
v 3.1 4 4
v 2.9 4 3.9
v 2.8 4 3.9
v 2.8 4 4
v 2.9 4 4
v 2.7 4 3.9
v 2.6 4 3.9
v 2.6 4 4
v 2.7 4 4
v 2.5 4 3.9
v 2.4 4 3.9
v 2.4 4 4
v 2.5 4 4
v 2.3 4 3.9
v 2.2 4 3.9
v 2.2 4 4
v 2.3 4 4
v 2.1 4 3.9
v 2 4 3.9
v 2 4 4
v 2.1 4 4
v 1.9 4 3.9
v 1.8 4 3.9
v 1.8 4 4
v 1.9 4 4
v 1.7 4 3.9
v 1.6 4 3.9
v 1.6 4 4
v 1.7 4 4
v 1.5 4 3.9
v 1.4 4 3.9
v 1.4 4 4
v 1.5 4 4
v 1.3 4 3.9
v 1.2 4 3.9
v 1.2 4 4
v 1.3 4 4
v 1.1 4 3.9
v 1 4 3.9
v 1 4 4
v 1.1 4 4
v 0.9 4 3.9
v 0.8 4 3.9
v 0.8 4 4
v 0.9 4 4
v 0.7 4 3.9
v 0.6 4 3.9
v 0.6 4 4
v 0.7 4 4
v 0.5 4 3.9
v 0.4 4 3.9
v 0.4 4 4
v 0.5 4 4
v 0.3 4 3.9
v 0.2 4 3.9
v 0.2 4 4
v 0.3 4 4
v 0.1 4 3.9
v 0 4 3.9
v 0 4 4
v 0.1 4 4
v -0.1 4 3.9
v -0.2 4 3.9
v -0.2 4 4
v -0.1 4 4
v -0.3 4 3.9
v -0.4 4 3.9
v -0.4 4 4
v -0.3 4 4
v -0.5 4 3.9
v -0.6 4 3.9
v -0.6 4 4
v -0.5 4 4
v -0.7 4 3.9
v -0.8 4 3.9
v -0.8 4 4
v -0.7 4 4
v -0.9 4 3.9
v -1 4 3.9
v -1 4 4
v -0.9 4 4
v -1.1 4 3.9
v -1.2 4 3.9
v -1.2 4 4
v -1.1 4 4
v -1.3 4 3.9
v -1.4 4 3.9
v -1.4 4 4
v -1.3 4 4
v -1.5 4 3.9
v -1.6 4 3.9
v -1.6 4 4
v -1.5 4 4
v -1.7 4 3.9
v -1.8 4 3.9
v -1.8 4 4
v -1.7 4 4
v -1.9 4 3.9
v -2 4 3.9
v -2 4 4
v -1.9 4 4
v -2.1 4 3.9
v -2.2 4 3.9
v -2.2 4 4
v -2.1 4 4
v 4 4 3.8
v 3.9 4 3.8
v 3.8 4 3.8
v 3.7 4 3.8
v 3.6 4 3.8
v 3.5 4 3.8
v 3.4 4 3.8
v 3.3 4 3.8
v 3.2 4 3.8
v 3.1 4 3.8
v 3 4 3.8
v 2.9 4 3.8
v 2.8 4 3.8
v 2.7 4 3.8
v 2.6 4 3.8
v 2.5 4 3.8
v 2.4 4 3.8
v 2.3 4 3.8
v 2.2 4 3.8
v 2.1 4 3.8
v 2 4 3.8
v 1.9 4 3.8
v 1.8 4 3.8
v 1.7 4 3.8
v 1.6 4 3.8
v 1.5 4 3.8
v 1.4 4 3.8
v 1.3 4 3.8
v 1.2 4 3.8
v 1.1 4 3.8
v 1 4 3.8
v 0.9 4 3.8
v 0.8 4 3.8
v 0.7 4 3.8
v 0.6 4 3.8
v 0.5 4 3.8
v 0.4 4 3.8
v 0.3 4 3.8
v 0.2 4 3.8
v 0.1 4 3.8
v 0 4 3.8
v -0.1 4 3.8
v -0.2 4 3.8
v -0.3 4 3.8
v -0.4 4 3.8
v -0.5 4 3.8
v -0.6 4 3.8
v -0.7 4 3.8
v -0.8 4 3.8
v -0.9 4 3.8
v -1 4 3.8
v -1.1 4 3.8
v -1.2 4 3.8
v -1.3 4 3.8
v -1.4 4 3.8
v -1.5 4 3.8
v -1.6 4 3.8
v -1.7 4 3.8
v -1.8 4 3.8
v -1.9 4 3.8
v -2 4 3.8
v -2.1 4 3.8
v -2.2 4 3.8
v 4 4 3.7
v 3.9 4 3.7
v 3.8 4 3.7
v 3.7 4 3.7
v 3.6 4 3.7
v 3.5 4 3.7
v 3.4 4 3.7
v 3.3 4 3.7
v 3.2 4 3.7
v 3.1 4 3.7
v 3 4 3.7
v 2.9 4 3.7
v 2.8 4 3.7
v 2.7 4 3.7
v 2.6 4 3.7
v 2.5 4 3.7
v 2.4 4 3.7
v 2.3 4 3.7
v 2.2 4 3.7
v 2.1 4 3.7
v 2 4 3.7
v 1.9 4 3.7
v 1.8 4 3.7
v 1.7 4 3.7
v 1.6 4 3.7
v 1.5 4 3.7
v 1.4 4 3.7
v 1.3 4 3.7
v 1.2 4 3.7
v 1.1 4 3.7
v 1 4 3.7
v 0.9 4 3.7
v 0.8 4 3.7
v 0.7 4 3.7
v 0.6 4 3.7
v 0.5 4 3.7
v 0.4 4 3.7
v 0.2 4 3.7
v 0.1 4 3.7
v -0.1 4 3.7
v -0.2 4 3.7
v -0.4 4 3.7
v -0.5 4 3.7
v -0.6 4 3.7
v -0.7 4 3.7
v -0.8 4 3.7
v -0.9 4 3.7
v -1 4 3.7
v -1.1 4 3.7
v -1.2 4 3.7
v -1.3 4 3.7
v -1.4 4 3.7
v -1.5 4 3.7
v -1.6 4 3.7
v -1.7 4 3.7
v -1.8 4 3.7
v -1.9 4 3.7
v -2 4 3.7
v -2.1 4 3.7
v -2.2 4 3.7
v 4 4 3.6
v 3.9 4 3.6
v 3.8 4 3.6
v 3.7 4 3.6
v 3.6 4 3.6
v 3.5 4 3.6
v 3.4 4 3.6
v 3.3 4 3.6
v 3.2 4 3.6
v 3.1 4 3.6
v 3 4 3.6
v 2.9 4 3.6
v 2.8 4 3.6
v 2.7 4 3.6
v 2.6 4 3.6
v 2.5 4 3.6
v 2.4 4 3.6
v 2.3 4 3.6
v 2.2 4 3.6
v 2.1 4 3.6
v 2 4 3.6
v 1.9 4 3.6
v -1.9 4 3.6
v -2 4 3.6
v -2.1 4 3.6
v -2.2 4 3.6
v 4 4 3.5
v 3.9 4 3.5
v 3.8 4 3.5
v 3.7 4 3.5
v 3.6 4 3.5
v 3.5 4 3.5
v 3.4 4 3.5
v 3.3 4 3.5
v 3.2 4 3.5
v 3.1 4 3.5
v 3 4 3.5
v 2.9 4 3.5
v 2.8 4 3.5
v 2.7 4 3.5
v 2.6 4 3.5
v 2.5 4 3.5
v 2.4 4 3.5
v 4 4 3.4
v 3.9 4 3.4
v 3.8 4 3.4
v 3.7 4 3.4
v 3.6 4 3.4
v 3.5 4 3.4
v 3.4 4 3.4
v 3.3 4 3.4
v 3.2 4 3.4
v 3.1 4 3.4
v 3 4 3.4
v 2.9 4 3.4
v 2.8 4 3.4
v 2.7 4 3.4
v 4 4 3.3
v 3.9 4 3.3
v 3.8 4 3.3
v 3.7 4 3.3
v 3.6 4 3.3
v 3.5 4 3.3
v 3.4 4 3.3
v 3.3 4 3.3
v 3.2 4 3.3
v 3.1 4 3.3
v 3 4 3.3
v 4 4 3.2
v 3.9 4 3.2
v 3.8 4 3.2
v 3.7 4 3.2
v 3.6 4 3.2
v 3.5 4 3.2
v 3.4 4 3.2
v 3.3 4 3.2
v 3.2 4 3.2
v 3.1 4 3.2
v 4 4 3.1
v 3.9 4 3.1
v 3.8 4 3.1
v 3.7 4 3.1
v 3.6 4 3.1
v 3.5 4 3.1
v 3.4 4 3.1
v 3.3 4 3.1
v 3.2 4 3.1
v 4 4 3
v 3.9 4 3
v 3.8 4 3
v 3.7 4 3
v 3.6 4 3
v 3.5 4 3
v 3.4 4 3
v 3.3 4 3
v 4 4 2.9
v 3.9 4 2.9
v 3.8 4 2.9
v 3.7 4 2.9
v 3.6 4 2.9
v 3.5 4 2.9
v 3.4 4 2.9
v 4 4 2.8
v 3.9 4 2.8
v 3.8 4 2.8
v 3.7 4 2.8
v 3.6 4 2.8
v 3.5 4 2.8
v 3.4 4 2.8
v 4 4 2.7
v 3.9 4 2.7
v 3.8 4 2.7
v 3.7 4 2.7
v 3.6 4 2.7
v 3.5 4 2.7
v 3.4 4 2.7
v 4 4 2.6
v 3.9 4 2.6
v 3.8 4 2.6
v 3.7 4 2.6
v 3.6 4 2.6
v 3.5 4 2.6
v 4 4 2.5
v 3.9 4 2.5
v 3.8 4 2.5
v 3.7 4 2.5
v 3.6 4 2.5
v 3.5 4 2.5
v 4 4 2.4
v 3.9 4 2.4
v 3.8 4 2.4
v 3.7 4 2.4
v 3.6 4 2.4
v 3.5 4 2.4
v 4 4 2.3
v 3.9 4 2.3
v 3.8 4 2.3
v 3.7 4 2.3
v 3.6 4 2.3
v 4 4 2.2
v 3.9 4 2.2
v 3.8 4 2.2
v 3.7 4 2.2
v 3.6 4 2.2
v 4 4 2.1
v 3.9 4 2.1
v 3.8 4 2.1
v 3.7 4 2.1
v 3.6 4 2.1
v 4 4 2
v 3.9 4 2
v 3.8 4 2
v 3.7 4 2
v 3.6 4 2
v 4 4 1.9
v 3.9 4 1.9
v 3.8 4 1.9
v 3.7 4 1.9
v 3.6 4 1.9
v 4 4 1.8
v 3.9 4 1.8
v 3.8 4 1.8
v 3.7 4 1.8
v 4 4 1.7
v 3.9 4 1.7
v 3.8 4 1.7
v 3.7 4 1.7
v 4 4 1.6
v 3.9 4 1.6
v 3.8 4 1.6
v 3.7 4 1.6
v 4 4 1.5
v 3.9 4 1.5
v 3.8 4 1.5
v 3.7 4 1.5
v 4 4 1.4
v 3.9 4 1.4
v 3.8 4 1.4
v 3.7 4 1.4
v 4 4 1.3
v 3.9 4 1.3
v 3.8 4 1.3
v 3.7 4 1.3
v 4 4 1.2
v 3.9 4 1.2
v 3.8 4 1.2
v 3.7 4 1.2
v 4 4 1.1
v 3.9 4 1.1
v 3.8 4 1.1
v 3.7 4 1.1
v 4 4 1
v 3.9 4 1
v 3.8 4 1
v 3.7 4 1
v 4 4 0.9
v 3.9 4 0.9
v 3.8 4 0.9
v 3.7 4 0.9
v 4 4 0.8
v 3.9 4 0.8
v 3.8 4 0.8
v 3.7 4 0.8
v 4 4 0.7
v 3.9 4 0.7
v 3.8 4 0.7
v 3.7 4 0.7
v 4 4 0.6
v 3.9 4 0.6
v 3.8 4 0.6
v 3.7 4 0.6
v 4 4 0.5
v 3.9 4 0.5
v 3.8 4 0.5
v 3.7 4 0.5
v 4 4 0.4
v 3.9 4 0.4
v 3.8 4 0.4
v 3.7 4 0.4
v 4 4 0.3
v 3.9 4 0.3
v 4 4 0.2
v 3.9 4 0.2
v 3.8 4 0.2
v 3.7 4 0.2
v 4 4 0.1
v 3.9 4 0.1
v 3.8 4 0.1
v 3.7 4 0.1
v 4 4 0
v 3.9 4 0
v 4 4 -0.1
v 3.9 4 -0.1
v 3.8 4 -0.1
v 3.7 4 -0.1
v 4 4 -0.2
v 3.9 4 -0.2
v 3.8 4 -0.2
v 3.7 4 -0.2
v 4 4 -0.3
v 3.9 4 -0.3
v 4 4 -0.4
v 3.9 4 -0.4
v 3.8 4 -0.4
v 3.7 4 -0.4
v 4 4 -0.5
v 3.9 4 -0.5
v 3.8 4 -0.5
v 3.7 4 -0.5
v 4 4 -0.6
v 3.9 4 -0.6
v 3.8 4 -0.6
v 3.7 4 -0.6
v 4 4 -0.7
v 3.9 4 -0.7
v 3.8 4 -0.7
v 3.7 4 -0.7
v 4 4 -0.8
v 3.9 4 -0.8
v 3.8 4 -0.8
v 3.7 4 -0.8
v 4 4 -0.9
v 3.9 4 -0.9
v 3.8 4 -0.9
v 3.7 4 -0.9
v 4 4 -1
v 3.9 4 -1
v 3.8 4 -1
v 3.7 4 -1
v 4 4 -1.1
v 3.9 4 -1.1
v 3.8 4 -1.1
v 3.7 4 -1.1
v 4 4 -1.2
v 3.9 4 -1.2
v 3.8 4 -1.2
v 3.7 4 -1.2
v 4 4 -1.3
v 3.9 4 -1.3
v 3.8 4 -1.3
v 3.7 4 -1.3
v 4 4 -1.4
v 3.9 4 -1.4
v 3.8 4 -1.4
v 3.7 4 -1.4
v 4 4 -1.5
v 3.9 4 -1.5
v 3.8 4 -1.5
v 3.7 4 -1.5
v 4 4 -1.6
v 3.9 4 -1.6
v 3.8 4 -1.6
v 3.7 4 -1.6
v 4 4 -1.7
v 3.9 4 -1.7
v 3.8 4 -1.7
v 3.7 4 -1.7
v 4 4 -1.8
v 3.9 4 -1.8
v 3.8 4 -1.8
v 3.7 4 -1.8
v 4 4 -1.9
v 3.9 4 -1.9
v 3.8 4 -1.9
v 3.7 4 -1.9
v 3.6 4 -1.9
v 4 4 -2
v 3.9 4 -2
v 3.8 4 -2
v 3.7 4 -2
v 3.6 4 -2
v 4 4 -2.1
v 3.9 4 -2.1
v 3.8 4 -2.1
v 3.7 4 -2.1
v 3.6 4 -2.1
v 4 4 -2.2
v 3.9 4 -2.2
v 3.8 4 -2.2
v 3.7 4 -2.2
v 3.6 4 -2.2
v 3.5 4 -2.2
v 3.4 4 -2.2
v 3.3 4 -2.2
v 3.2 4 -2.2
v 3.1 4 -2.2
v 3 4 -2.2
v 2.9 4 -2.2
v 2.8 4 -2.2
v 2.7 4 -2.2
v 2.6 4 -2.2
v 2.5 4 -2.2
v 2.4 4 -2.2
v 2.3 4 -2.2
v 2.2 4 -2.2
v 2.1 4 -2.2
v 2 4 -2.2
v 1.9 4 -2.2
v 1.8 4 -2.2
v 1.7 4 -2.2
v 1.6 4 -2.2
v 1.5 4 -2.2
v 1.4 4 -2.2
v 1.3 4 -2.2
v 1.2 4 -2.2
v 1.1 4 -2.2
v 1 4 -2.2
v 0.9 4 -2.2
v 0.8 4 -2.2
v 0.7 4 -2.2
v 0.6 4 -2.2
v 0.5 4 -2.2
v 0.4 4 -2.2
v 0.2 4 -2.2
v 0.1 4 -2.2
v -0.1 4 -2.2
v -0.2 4 -2.2
v -0.4 4 -2.2
v -0.5 4 -2.2
v -0.6 4 -2.2
v -0.7 4 -2.2
v -0.8 4 -2.2
v -0.9 4 -2.2
v -1 4 -2.2
v -1.1 4 -2.2
v -1.2 4 -2.2
v -1.3 4 -2.2
v -1.4 4 -2.2
v -1.5 4 -2.2
v -1.6 4 -2.2
v -1.7 4 -2.2
v -1.8 4 -2.2
v -1.9 4 -2.2
v -2 4 -2.2
v -2.1 4 -2.2
v -2.2 4 -2.2
v 4 0 -2.2
v 4 0 4
v -2.2 0 4
v -2.2 0 -2.2
v 4 3 4
v 4 3 -2.2
v 4 3.1 4
v 4 3.1 -2.2
v 4 3.2 4
v 4 3.2 -2.2
v 4 3.3 4
v 4 3.3 -2.2
v 4 3.4 4
v 4 3.4 -2.2
v 4 3.5 4
v 4 3.5 -2.2
v 4 3.6 4
v 4 3.6 -2.2
v 4 3.7 4
v 4 3.7 -2.2
v 4 3.8 4
v 4 3.8 -2.2
v 4 3.9 4
v 4 3.9 -2.2
v 4 3.9 3.9
v 4 3.9 3.8
v 4 3.9 3.7
v 4 3.9 3.6
v 4 3.9 3.5
v 4 3.9 3.4
v 4 3.9 3.3
v 4 3.9 3.2
v 4 3.9 3.1
v 4 3.9 3
v 4 3.9 2.9
v 4 3.9 2.8
v 4 3.9 2.7
v 4 3.9 2.6
v 4 3.9 2.5
v 4 3.9 2.4
v 4 3.9 2.3
v 4 3.9 2.2
v 4 3.9 2.1
v 4 3.9 2
v 4 3.9 1.9
v 4 3.9 1.8
v 4 3.9 1.7
v 4 3.9 1.6
v 4 3.9 1.5
v 4 3.9 1.4
v 4 3.9 1.3
v 4 3.9 1.2
v 4 3.9 1.1
v 4 3.9 1
v 4 3.9 0.9
v 4 3.9 0.8
v 4 3.9 0.7
v 4 3.9 0.6
v 4 3.9 0.5
v 4 3.9 0.4
v 4 3.9 0.3
v 4 3.9 0.2
v 4 3.9 0.1
v 4 3.9 0
v 4 3.9 -0.1
v 4 3.9 -0.2
v 4 3.9 -0.3
v 4 3.9 -0.4
v 4 3.9 -0.5
v 4 3.9 -0.6
v 4 3.9 -0.7
v 4 3.9 -0.8
v 4 3.9 -0.9
v 4 3.9 -1
v 4 3.9 -1.1
v 4 3.9 -1.2
v 4 3.9 -1.3
v 4 3.9 -1.4
v 4 3.9 -1.5
v 4 3.9 -1.6
v 4 3.9 -1.7
v 4 3.9 -1.8
v 4 3.9 -1.9
v 4 3.9 -2
v 4 3.9 -2.1
v 3.9 3.9 4
v 3.8 3.9 4
v 3.7 3.9 4
v 3.6 3.9 4
v 3.5 3.9 4
v 3.4 3.9 4
v 3.3 3.9 4
v 3.2 3.9 4
v 3.1 3.9 4
v 3 3.9 4
v 2.9 3.9 4
v 2.8 3.9 4
v 2.7 3.9 4
v 2.6 3.9 4
v 2.5 3.9 4
v 2.4 3.9 4
v 2.3 3.9 4
v 2.2 3.9 4
v 2.1 3.9 4
v 2 3.9 4
v 1.9 3.9 4
v 1.8 3.9 4
v 1.7 3.9 4
v 1.6 3.9 4
v 1.5 3.9 4
v 1.4 3.9 4
v 1.3 3.9 4
v 1.2 3.9 4
v 1.1 3.9 4
v 1 3.9 4
v 0.9 3.9 4
v 0.8 3.9 4
v 0.7 3.9 4
v 0.6 3.9 4
v 0.5 3.9 4
v 0.4 3.9 4
v 0.3 3.9 4
v 0.2 3.9 4
v 0.1 3.9 4
v 0 3.9 4
v -0.1 3.9 4
v -0.2 3.9 4
v -0.3 3.9 4
v -0.4 3.9 4
v -0.5 3.9 4
v -0.6 3.9 4
v -0.7 3.9 4
v -0.8 3.9 4
v -0.9 3.9 4
v -1 3.9 4
v -1.1 3.9 4
v -1.2 3.9 4
v -1.3 3.9 4
v -1.4 3.9 4
v -1.5 3.9 4
v -1.6 3.9 4
v -1.7 3.9 4
v -1.8 3.9 4
v -1.9 3.9 4
v -2 3.9 4
v -2.1 3.9 4
v -2.2 3 4
v -2.2 3.1 4
v -2.2 3.2 4
v -2.2 3.3 4
v -2.2 3.4 4
v -2.2 3.5 4
v -2.2 3.6 4
v -2.2 3.7 4
v -2.2 3.8 4
v -2.2 3.9 4
v -2.3 4 3.9
v -2.4 4 3.9
v -2.4 4 4
v -2.3 4 4
v -2.5 4 3.9
v -2.6 4 3.9
v -2.6 4 4
v -2.5 4 4
v -2.7 4 3.9
v -2.8 4 3.9
v -2.8 4 4
v -2.7 4 4
v -2.9 4 3.9
v -3 4 3.9
v -3 4 4
v -2.9 4 4
v -3.1 4 3.9
v -3.2 4 3.9
v -3.2 4 4
v -3.1 4 4
v -3.3 4 3.9
v -3.4 4 3.9
v -3.4 4 4
v -3.3 4 4
v -3.5 4 3.9
v -3.6 4 3.9
v -3.6 4 4
v -3.5 4 4
v -3.7 4 3.9
v -3.8 4 3.9
v -3.8 4 4
v -3.7 4 4
v -3.9 4 3.9
v -4 4 3.9
v -4 4 4
v -3.9 4 4
v -2.3 4 3.8
v -2.4 4 3.8
v -2.5 4 3.8
v -2.6 4 3.8
v -2.7 4 3.8
v -2.8 4 3.8
v -2.9 4 3.8
v -3 4 3.8
v -3.1 4 3.8
v -3.2 4 3.8
v -3.3 4 3.8
v -3.4 4 3.8
v -3.5 4 3.8
v -3.6 4 3.8
v -3.7 4 3.8
v -3.8 4 3.8
v -3.9 4 3.8
v -4 4 3.8
v -2.3 4 3.7
v -2.4 4 3.7
v -2.5 4 3.7
v -2.6 4 3.7
v -2.7 4 3.7
v -2.8 4 3.7
v -2.9 4 3.7
v -3 4 3.7
v -3.1 4 3.7
v -3.2 4 3.7
v -3.3 4 3.7
v -3.4 4 3.7
v -3.5 4 3.7
v -3.6 4 3.7
v -3.7 4 3.7
v -3.8 4 3.7
v -3.9 4 3.7
v -4 4 3.7
v -2.3 4 3.6
v -2.4 4 3.6
v -2.5 4 3.6
v -2.6 4 3.6
v -2.7 4 3.6
v -2.8 4 3.6
v -2.9 4 3.6
v -3 4 3.6
v -3.1 4 3.6
v -3.2 4 3.6
v -3.3 4 3.6
v -3.4 4 3.6
v -3.5 4 3.6
v -3.6 4 3.6
v -3.7 4 3.6
v -3.8 4 3.6
v -3.9 4 3.6
v -4 4 3.6
v -2.4 4 3.5
v -2.5 4 3.5
v -2.6 4 3.5
v -2.7 4 3.5
v -2.8 4 3.5
v -2.9 4 3.5
v -3 4 3.5
v -3.1 4 3.5
v -3.2 4 3.5
v -3.3 4 3.5
v -3.4 4 3.5
v -3.5 4 3.5
v -3.6 4 3.5
v -3.7 4 3.5
v -3.8 4 3.5
v -3.9 4 3.5
v -4 4 3.5
v -2.7 4 3.4
v -2.8 4 3.4
v -2.9 4 3.4
v -3 4 3.4
v -3.1 4 3.4
v -3.2 4 3.4
v -3.3 4 3.4
v -3.4 4 3.4
v -3.5 4 3.4
v -3.6 4 3.4
v -3.7 4 3.4
v -3.8 4 3.4
v -3.9 4 3.4
v -4 4 3.4
v -3 4 3.3
v -3.1 4 3.3
v -3.2 4 3.3
v -3.3 4 3.3
v -3.4 4 3.3
v -3.5 4 3.3
v -3.6 4 3.3
v -3.7 4 3.3
v -3.8 4 3.3
v -3.9 4 3.3
v -4 4 3.3
v -3.1 4 3.2
v -3.2 4 3.2
v -3.3 4 3.2
v -3.4 4 3.2
v -3.5 4 3.2
v -3.6 4 3.2
v -3.7 4 3.2
v -3.8 4 3.2
v -3.9 4 3.2
v -4 4 3.2
v -3.2 4 3.1
v -3.3 4 3.1
v -3.4 4 3.1
v -3.5 4 3.1
v -3.6 4 3.1
v -3.7 4 3.1
v -3.8 4 3.1
v -3.9 4 3.1
v -4 4 3.1
v -3.3 4 3
v -3.4 4 3
v -3.5 4 3
v -3.6 4 3
v -3.7 4 3
v -3.8 4 3
v -3.9 4 3
v -4 4 3
v -3.4 4 2.9
v -3.5 4 2.9
v -3.6 4 2.9
v -3.7 4 2.9
v -3.8 4 2.9
v -3.9 4 2.9
v -4 4 2.9
v -3.4 4 2.8
v -3.5 4 2.8
v -3.6 4 2.8
v -3.7 4 2.8
v -3.8 4 2.8
v -3.9 4 2.8
v -4 4 2.8
v -3.4 4 2.7
v -3.5 4 2.7
v -3.6 4 2.7
v -3.7 4 2.7
v -3.8 4 2.7
v -3.9 4 2.7
v -4 4 2.7
v -3.5 4 2.6
v -3.6 4 2.6
v -3.7 4 2.6
v -3.8 4 2.6
v -3.9 4 2.6
v -4 4 2.6
v -3.5 4 2.5
v -3.6 4 2.5
v -3.7 4 2.5
v -3.8 4 2.5
v -3.9 4 2.5
v -4 4 2.5
v -3.5 4 2.4
v -3.6 4 2.4
v -3.7 4 2.4
v -3.8 4 2.4
v -3.9 4 2.4
v -4 4 2.4
v -3.6 4 2.3
v -3.7 4 2.3
v -3.8 4 2.3
v -3.9 4 2.3
v -4 4 2.3
v -3.6 4 2.2
v -3.7 4 2.2
v -3.8 4 2.2
v -3.9 4 2.2
v -4 4 2.2
v -3.6 4 2.1
v -3.7 4 2.1
v -3.8 4 2.1
v -3.9 4 2.1
v -4 4 2.1
v -3.6 4 2
v -3.7 4 2
v -3.8 4 2
v -3.9 4 2
v -4 4 2
v -3.6 4 1.9
v -3.7 4 1.9
v -3.8 4 1.9
v -3.9 4 1.9
v -4 4 1.9
v -3.7 4 1.8
v -3.8 4 1.8
v -3.9 4 1.8
v -4 4 1.8
v -3.7 4 1.7
v -3.8 4 1.7
v -3.9 4 1.7
v -4 4 1.7
v -3.7 4 1.6
v -3.8 4 1.6
v -3.9 4 1.6
v -4 4 1.6
v -3.7 4 1.5
v -3.8 4 1.5
v -3.9 4 1.5
v -4 4 1.5
v -3.7 4 1.4
v -3.8 4 1.4
v -3.9 4 1.4
v -4 4 1.4
v -3.7 4 1.3
v -3.8 4 1.3
v -3.9 4 1.3
v -4 4 1.3
v -3.7 4 1.2
v -3.8 4 1.2
v -3.9 4 1.2
v -4 4 1.2
v -3.7 4 1.1
v -3.8 4 1.1
v -3.9 4 1.1
v -4 4 1.1
v -3.7 4 1
v -3.8 4 1
v -3.9 4 1
v -4 4 1
v -3.7 4 0.9
v -3.8 4 0.9
v -3.9 4 0.9
v -4 4 0.9
v -3.7 4 0.8
v -3.8 4 0.8
v -3.9 4 0.8
v -4 4 0.8
v -3.7 4 0.7
v -3.8 4 0.7
v -3.9 4 0.7
v -4 4 0.7
v -3.7 4 0.6
v -3.8 4 0.6
v -3.9 4 0.6
v -4 4 0.6
v -3.7 4 0.5
v -3.8 4 0.5
v -3.9 4 0.5
v -4 4 0.5
v -3.7 4 0.4
v -3.8 4 0.4
v -3.9 4 0.4
v -4 4 0.4
v -3.9 4 0.3
v -4 4 0.3
v -3.7 4 0.2
v -3.8 4 0.2
v -3.9 4 0.2
v -4 4 0.2
v -3.7 4 0.1
v -3.8 4 0.1
v -3.9 4 0.1
v -4 4 0.1
v -3.9 4 0
v -4 4 0
v -3.7 4 -0.1
v -3.8 4 -0.1
v -3.9 4 -0.1
v -4 4 -0.1
v -3.7 4 -0.2
v -3.8 4 -0.2
v -3.9 4 -0.2
v -4 4 -0.2
v -3.9 4 -0.3
v -4 4 -0.3
v -3.7 4 -0.4
v -3.8 4 -0.4
v -3.9 4 -0.4
v -4 4 -0.4
v -3.7 4 -0.5
v -3.8 4 -0.5
v -3.9 4 -0.5
v -4 4 -0.5
v -3.7 4 -0.6
v -3.8 4 -0.6
v -3.9 4 -0.6
v -4 4 -0.6
v -3.7 4 -0.7
v -3.8 4 -0.7
v -3.9 4 -0.7
v -4 4 -0.7
v -3.7 4 -0.8
v -3.8 4 -0.8
v -3.9 4 -0.8
v -4 4 -0.8
v -3.7 4 -0.9
v -3.8 4 -0.9
v -3.9 4 -0.9
v -4 4 -0.9
v -3.7 4 -1
v -3.8 4 -1
v -3.9 4 -1
v -4 4 -1
v -3.7 4 -1.1
v -3.8 4 -1.1
v -3.9 4 -1.1
v -4 4 -1.1
v -3.7 4 -1.2
v -3.8 4 -1.2
v -3.9 4 -1.2
v -4 4 -1.2
v -3.7 4 -1.3
v -3.8 4 -1.3
v -3.9 4 -1.3
v -4 4 -1.3
v -3.7 4 -1.4
v -3.8 4 -1.4
v -3.9 4 -1.4
v -4 4 -1.4
v -3.7 4 -1.5
v -3.8 4 -1.5
v -3.9 4 -1.5
v -4 4 -1.5
v -3.7 4 -1.6
v -3.8 4 -1.6
v -3.9 4 -1.6
v -4 4 -1.6
v -3.7 4 -1.7
v -3.8 4 -1.7
v -3.9 4 -1.7
v -4 4 -1.7
v -3.7 4 -1.8
v -3.8 4 -1.8
v -3.9 4 -1.8
v -4 4 -1.8
v -3.6 4 -1.9
v -3.7 4 -1.9
v -3.8 4 -1.9
v -3.9 4 -1.9
v -4 4 -1.9
v -3.6 4 -2
v -3.7 4 -2
v -3.8 4 -2
v -3.9 4 -2
v -4 4 -2
v -3.6 4 -2.1
v -3.7 4 -2.1
v -3.8 4 -2.1
v -3.9 4 -2.1
v -4 4 -2.1
v -2.3 4 -2.2
v -2.4 4 -2.2
v -2.5 4 -2.2
v -2.6 4 -2.2
v -2.7 4 -2.2
v -2.8 4 -2.2
v -2.9 4 -2.2
v -3 4 -2.2
v -3.1 4 -2.2
v -3.2 4 -2.2
v -3.3 4 -2.2
v -3.4 4 -2.2
v -3.5 4 -2.2
v -3.6 4 -2.2
v -3.7 4 -2.2
v -3.8 4 -2.2
v -3.9 4 -2.2
v -4 4 -2.2
v -4 0 4
v -4 0 -2.2
v -4 3 4
v -4 3 -2.2
v -4 3.1 4
v -4 3.1 -2.2
v -4 3.2 4
v -4 3.2 -2.2
v -4 3.3 4
v -4 3.3 -2.2
v -4 3.4 4
v -4 3.4 -2.2
v -4 3.5 4
v -4 3.5 -2.2
v -4 3.6 4
v -4 3.6 -2.2
v -4 3.7 4
v -4 3.7 -2.2
v -4 3.8 4
v -4 3.8 -2.2
v -4 3.9 4
v -4 3.9 -2.2
v -4 3.9 3.9
v -4 3.9 3.8
v -4 3.9 3.7
v -4 3.9 3.6
v -4 3.9 3.5
v -4 3.9 3.4
v -4 3.9 3.3
v -4 3.9 3.2
v -4 3.9 3.1
v -4 3.9 3
v -4 3.9 2.9
v -4 3.9 2.8
v -4 3.9 2.7
v -4 3.9 2.6
v -4 3.9 2.5
v -4 3.9 2.4
v -4 3.9 2.3
v -4 3.9 2.2
v -4 3.9 2.1
v -4 3.9 2
v -4 3.9 1.9
v -4 3.9 1.8
v -4 3.9 1.7
v -4 3.9 1.6
v -4 3.9 1.5
v -4 3.9 1.4
v -4 3.9 1.3
v -4 3.9 1.2
v -4 3.9 1.1
v -4 3.9 1
v -4 3.9 0.9
v -4 3.9 0.8
v -4 3.9 0.7
v -4 3.9 0.6
v -4 3.9 0.5
v -4 3.9 0.4
v -4 3.9 0.3
v -4 3.9 0.2
v -4 3.9 0.1
v -4 3.9 0
v -4 3.9 -0.1
v -4 3.9 -0.2
v -4 3.9 -0.3
v -4 3.9 -0.4
v -4 3.9 -0.5
v -4 3.9 -0.6
v -4 3.9 -0.7
v -4 3.9 -0.8
v -4 3.9 -0.9
v -4 3.9 -1
v -4 3.9 -1.1
v -4 3.9 -1.2
v -4 3.9 -1.3
v -4 3.9 -1.4
v -4 3.9 -1.5
v -4 3.9 -1.6
v -4 3.9 -1.7
v -4 3.9 -1.8
v -4 3.9 -1.9
v -4 3.9 -2
v -4 3.9 -2.1
v -2.3 3.9 4
v -2.4 3.9 4
v -2.5 3.9 4
v -2.6 3.9 4
v -2.7 3.9 4
v -2.8 3.9 4
v -2.9 3.9 4
v -3 3.9 4
v -3.1 3.9 4
v -3.2 3.9 4
v -3.3 3.9 4
v -3.4 3.9 4
v -3.5 3.9 4
v -3.6 3.9 4
v -3.7 3.9 4
v -3.8 3.9 4
v -3.9 3.9 4
v 4 4 -2.3
v 3.7 4 -2.3
v -2.2 4 -2.3
v 4 4 -2.4
v 3.9 4 -2.4
v 3.9 4 -2.3
v 3.8 4 -2.4
v 3.7 4 -2.4
v 3.8 4 -2.3
v 3.6 4 -2.4
v 3.6 4 -2.3
v -2.2 4 -2.4
v 4 4 -2.5
v 3.9 4 -2.5
v 3.8 4 -2.5
v 3.7 4 -2.5
v 3.6 4 -2.5
v 3.5 4 -2.5
v 3.5 4 -2.4
v 4 4 -2.6
v 3.9 4 -2.6
v 3.8 4 -2.6
v 3.7 4 -2.6
v 3.6 4 -2.6
v 3.5 4 -2.6
v 4 4 -2.7
v 3.9 4 -2.7
v 3.8 4 -2.7
v 3.7 4 -2.7
v 3.6 4 -2.7
v 3.5 4 -2.7
v -2.2 4 -2.7
v 4 4 -2.8
v 3.9 4 -2.8
v 3.8 4 -2.8
v 3.7 4 -2.8
v 3.6 4 -2.8
v 3.5 4 -2.8
v 3.4 4 -2.8
v 3.4 4 -2.7
v 4 4 -2.9
v 3.9 4 -2.9
v 3.8 4 -2.9
v 3.7 4 -2.9
v 3.6 4 -2.9
v 3.5 4 -2.9
v 3.4 4 -2.9
v 4 4 -3
v 3.9 4 -3
v 3.8 4 -3
v 3.7 4 -3
v 3.6 4 -3
v 3.5 4 -3
v 3.4 4 -3
v -2.2 4 -3
v 4 4 -3.1
v 3.9 4 -3.1
v 3.8 4 -3.1
v 3.7 4 -3.1
v 3.6 4 -3.1
v 3.5 4 -3.1
v 3.4 4 -3.1
v 3.3 4 -3.1
v 3.3 4 -3
v -2.2 4 -3.1
v 4 4 -3.2
v 3.9 4 -3.2
v 3.8 4 -3.2
v 3.7 4 -3.2
v 3.6 4 -3.2
v 3.5 4 -3.2
v 3.4 4 -3.2
v 3.3 4 -3.2
v 3.2 4 -3.2
v 3.2 4 -3.1
v -2.2 4 -3.2
v 4 4 -3.3
v 3.9 4 -3.3
v 3.8 4 -3.3
v 3.7 4 -3.3
v 3.6 4 -3.3
v 3.5 4 -3.3
v 3.4 4 -3.3
v 3.3 4 -3.3
v 3.2 4 -3.3
v 3.1 4 -3.3
v 3.1 4 -3.2
v -2.2 4 -3.3
v 4 4 -3.4
v 3.9 4 -3.4
v 3.8 4 -3.4
v 3.7 4 -3.4
v 3.6 4 -3.4
v 3.5 4 -3.4
v 3.4 4 -3.4
v 3.3 4 -3.4
v 3.2 4 -3.4
v 3.1 4 -3.4
v 3 4 -3.4
v 3 4 -3.3
v -2.2 4 -3.4
v 4 4 -3.5
v 3.9 4 -3.5
v 3.8 4 -3.5
v 3.7 4 -3.5
v 3.6 4 -3.5
v 3.5 4 -3.5
v 3.4 4 -3.5
v 3.3 4 -3.5
v 3.2 4 -3.5
v 3.1 4 -3.5
v 3 4 -3.5
v 2.9 4 -3.5
v 2.9 4 -3.4
v 2.8 4 -3.5
v 2.8 4 -3.4
v 2.7 4 -3.5
v 2.7 4 -3.4
v -2.2 4 -3.5
v 4 4 -3.6
v 3.9 4 -3.6
v 3.8 4 -3.6
v 3.7 4 -3.6
v 3.6 4 -3.6
v 3.5 4 -3.6
v 3.4 4 -3.6
v 3.3 4 -3.6
v 3.2 4 -3.6
v 3.1 4 -3.6
v 3 4 -3.6
v 2.9 4 -3.6
v 2.8 4 -3.6
v 2.7 4 -3.6
v 2.6 4 -3.6
v 2.6 4 -3.5
v 2.5 4 -3.6
v 2.5 4 -3.5
v 2.4 4 -3.6
v 2.4 4 -3.5
v -2.2 4 -3.6
v 4 4 -3.7
v 3.9 4 -3.7
v 3.8 4 -3.7
v 3.7 4 -3.7
v 3.6 4 -3.7
v 3.5 4 -3.7
v 3.4 4 -3.7
v 3.3 4 -3.7
v 3.2 4 -3.7
v 3.1 4 -3.7
v 3 4 -3.7
v 2.9 4 -3.7
v 2.8 4 -3.7
v 2.7 4 -3.7
v 2.6 4 -3.7
v 2.5 4 -3.7
v 2.4 4 -3.7
v 2.3 4 -3.7
v 2.3 4 -3.6
v 2.2 4 -3.7
v 2.2 4 -3.6
v 2.1 4 -3.7
v 2.1 4 -3.6
v 2 4 -3.7
v 2 4 -3.6
v 1.9 4 -3.7
v 1.9 4 -3.6
v -1.9 4 -3.7
v -1.9 4 -3.6
v -2 4 -3.7
v -2 4 -3.6
v -2.1 4 -3.7
v -2.1 4 -3.6
v -2.2 4 -3.7
v 4 4 -3.8
v 3.9 4 -3.8
v 3.8 4 -3.8
v 3.7 4 -3.8
v 3.6 4 -3.8
v 3.5 4 -3.8
v 3.4 4 -3.8
v 3.3 4 -3.8
v 3.2 4 -3.8
v 3.1 4 -3.8
v 3 4 -3.8
v 2.9 4 -3.8
v 2.8 4 -3.8
v 2.7 4 -3.8
v 2.6 4 -3.8
v 2.5 4 -3.8
v 2.4 4 -3.8
v 2.3 4 -3.8
v 2.2 4 -3.8
v 2.1 4 -3.8
v 2 4 -3.8
v 1.9 4 -3.8
v 1.8 4 -3.8
v 1.7 4 -3.8
v 1.7 4 -3.7
v 1.8 4 -3.7
v 1.6 4 -3.8
v 1.5 4 -3.8
v 1.5 4 -3.7
v 1.6 4 -3.7
v 1.4 4 -3.8
v 1.3 4 -3.8
v 1.3 4 -3.7
v 1.4 4 -3.7
v 1.2 4 -3.8
v 1.1 4 -3.8
v 1.1 4 -3.7
v 1.2 4 -3.7
v 1 4 -3.8
v 0.9 4 -3.8
v 0.9 4 -3.7
v 1 4 -3.7
v 0.8 4 -3.8
v 0.7 4 -3.8
v 0.7 4 -3.7
v 0.8 4 -3.7
v 0.6 4 -3.8
v 0.5 4 -3.8
v 0.5 4 -3.7
v 0.6 4 -3.7
v 0.4 4 -3.8
v 0.2 4 -3.8
v 0.2 4 -3.7
v 0.4 4 -3.7
v 0.1 4 -3.8
v -0.1 4 -3.8
v -0.1 4 -3.7
v 0.1 4 -3.7
v -0.2 4 -3.8
v -0.4 4 -3.8
v -0.4 4 -3.7
v -0.2 4 -3.7
v -0.5 4 -3.8
v -0.6 4 -3.8
v -0.6 4 -3.7
v -0.5 4 -3.7
v -0.7 4 -3.8
v -0.8 4 -3.8
v -0.8 4 -3.7
v -0.7 4 -3.7
v -0.9 4 -3.8
v -1 4 -3.8
v -1 4 -3.7
v -0.9 4 -3.7
v -1.1 4 -3.8
v -1.2 4 -3.8
v -1.2 4 -3.7
v -1.1 4 -3.7
v -1.3 4 -3.8
v -1.4 4 -3.8
v -1.4 4 -3.7
v -1.3 4 -3.7
v -1.5 4 -3.8
v -1.6 4 -3.8
v -1.6 4 -3.7
v -1.5 4 -3.7
v -1.7 4 -3.8
v -1.8 4 -3.8
v -1.8 4 -3.7
v -1.7 4 -3.7
v -1.9 4 -3.8
v -2 4 -3.8
v -2.1 4 -3.8
v -2.2 4 -3.8
v 4 4 -3.9
v 3.9 4 -3.9
v 3.8 4 -3.9
v 3.7 4 -3.9
v 3.6 4 -3.9
v 3.5 4 -3.9
v 3.4 4 -3.9
v 3.3 4 -3.9
v 3.2 4 -3.9
v 3.1 4 -3.9
v 3 4 -3.9
v 2.9 4 -3.9
v 2.8 4 -3.9
v 2.7 4 -3.9
v 2.6 4 -3.9
v 2.5 4 -3.9
v 2.4 4 -3.9
v 2.3 4 -3.9
v 2.2 4 -3.9
v 2.1 4 -3.9
v 2 4 -3.9
v 1.9 4 -3.9
v 1.8 4 -3.9
v 1.7 4 -3.9
v 1.6 4 -3.9
v 1.5 4 -3.9
v 1.4 4 -3.9
v 1.3 4 -3.9
v 1.2 4 -3.9
v 1.1 4 -3.9
v 1 4 -3.9
v 0.9 4 -3.9
v 0.8 4 -3.9
v 0.7 4 -3.9
v 0.6 4 -3.9
v 0.5 4 -3.9
v 0.4 4 -3.9
v 0.2 4 -3.9
v 0.1 4 -3.9
v 0 4 -3.9
v -0.1 4 -3.9
v 0 4 -3.8
v -0.2 4 -3.9
v -0.4 4 -3.9
v -0.5 4 -3.9
v -0.6 4 -3.9
v -0.7 4 -3.9
v -0.8 4 -3.9
v -0.9 4 -3.9
v -1 4 -3.9
v -1.1 4 -3.9
v -1.2 4 -3.9
v -1.3 4 -3.9
v -1.4 4 -3.9
v -1.5 4 -3.9
v -1.6 4 -3.9
v -1.7 4 -3.9
v -1.8 4 -3.9
v -1.9 4 -3.9
v -2 4 -3.9
v -2.1 4 -3.9
v 4 4 -4
v 3.9 4 -4
v 3.8 4 -4
v 3.7 4 -4
v 3.6 4 -4
v 3.5 4 -4
v 3.4 4 -4
v 3.3 4 -4
v 3.2 4 -4
v 3.1 4 -4
v 3 4 -4
v 2.9 4 -4
v 2.8 4 -4
v 2.7 4 -4
v 2.6 4 -4
v 2.5 4 -4
v 2.4 4 -4
v 2.3 4 -4
v 2.2 4 -4
v 2.1 4 -4
v 2 4 -4
v 1.9 4 -4
v 1.8 4 -4
v 1.7 4 -4
v 1.6 4 -4
v 1.5 4 -4
v 1.4 4 -4
v 1.3 4 -4
v 1.2 4 -4
v 1.1 4 -4
v 1 4 -4
v 0.9 4 -4
v 0.8 4 -4
v 0.7 4 -4
v 0.6 4 -4
v 0.5 4 -4
v 0.4 4 -4
v 0.3 4 -4
v 0.3 4 -3.9
v 0.2 4 -4
v 0.1 4 -4
v 0 4 -4
v -0.1 4 -4
v -0.2 4 -4
v -0.3 4 -4
v -0.3 4 -3.9
v -0.4 4 -4
v -0.5 4 -4
v -0.6 4 -4
v -0.7 4 -4
v -0.8 4 -4
v -0.9 4 -4
v -1 4 -4
v -1.1 4 -4
v -1.2 4 -4
v -1.3 4 -4
v -1.4 4 -4
v -1.5 4 -4
v -1.6 4 -4
v -1.7 4 -4
v -1.8 4 -4
v -1.9 4 -4
v -2 4 -4
v -2.1 4 -4
v -2.2 4 -4
v 4 0 -4
v -2.2 0 -4
v 4 3 -4
v 4 3.1 -4
v 4 3.2 -4
v 4 3.3 -4
v 4 3.4 -4
v 4 3.5 -4
v 4 3.6 -4
v 4 3.7 -4
v 4 3.8 -4
v 4 3.9 -4
v 4 3.9 -2.3
v 4 3.9 -2.4
v 4 3.9 -2.5
v 4 3.9 -2.6
v 4 3.9 -2.7
v 4 3.9 -2.8
v 4 3.9 -2.9
v 4 3.9 -3
v 4 3.9 -3.1
v 4 3.9 -3.2
v 4 3.9 -3.3
v 4 3.9 -3.4
v 4 3.9 -3.5
v 4 3.9 -3.6
v 4 3.9 -3.7
v 4 3.9 -3.8
v 4 3.9 -3.9
v 3.9 3.9 -4
v 3.8 3.9 -4
v 3.7 3.9 -4
v 3.6 3.9 -4
v 3.5 3.9 -4
v 3.4 3.9 -4
v 3.3 3.9 -4
v 3.2 3.9 -4
v 3.1 3.9 -4
v 3 3.9 -4
v 2.9 3.9 -4
v 2.8 3.9 -4
v 2.7 3.9 -4
v 2.6 3.9 -4
v 2.5 3.9 -4
v 2.4 3.9 -4
v 2.3 3.9 -4
v 2.2 3.9 -4
v 2.1 3.9 -4
v 2 3.9 -4
v 1.9 3.9 -4
v 1.8 3.9 -4
v 1.7 3.9 -4
v 1.6 3.9 -4
v 1.5 3.9 -4
v 1.4 3.9 -4
v 1.3 3.9 -4
v 1.2 3.9 -4
v 1.1 3.9 -4
v 1 3.9 -4
v 0.9 3.9 -4
v 0.8 3.9 -4
v 0.7 3.9 -4
v 0.6 3.9 -4
v 0.5 3.9 -4
v 0.4 3.9 -4
v 0.3 3.9 -4
v 0.2 3.9 -4
v 0.1 3.9 -4
v 0 3.9 -4
v -0.1 3.9 -4
v -0.2 3.9 -4
v -0.3 3.9 -4
v -0.4 3.9 -4
v -0.5 3.9 -4
v -0.6 3.9 -4
v -0.7 3.9 -4
v -0.8 3.9 -4
v -0.9 3.9 -4
v -1 3.9 -4
v -1.1 3.9 -4
v -1.2 3.9 -4
v -1.3 3.9 -4
v -1.4 3.9 -4
v -1.5 3.9 -4
v -1.6 3.9 -4
v -1.7 3.9 -4
v -1.8 3.9 -4
v -1.9 3.9 -4
v -2 3.9 -4
v -2.1 3.9 -4
v -2.2 3 -4
v -2.2 3.1 -4
v -2.2 3.2 -4
v -2.2 3.3 -4
v -2.2 3.4 -4
v -2.2 3.5 -4
v -2.2 3.6 -4
v -2.2 3.7 -4
v -2.2 3.8 -4
v -2.2 3.9 -4
v -3.6 4 -2.3
v -3.7 4 -2.3
v -3.9 4 -2.3
v -4 4 -2.3
v -3.5 4 -2.4
v -3.6 4 -2.4
v -3.7 4 -2.4
v -3.8 4 -2.4
v -3.8 4 -2.3
v -3.9 4 -2.4
v -4 4 -2.4
v -3.5 4 -2.5
v -3.6 4 -2.5
v -3.7 4 -2.5
v -3.8 4 -2.5
v -3.9 4 -2.5
v -4 4 -2.5
v -3.5 4 -2.6
v -3.6 4 -2.6
v -3.7 4 -2.6
v -3.8 4 -2.6
v -3.9 4 -2.6
v -4 4 -2.6
v -3.4 4 -2.7
v -3.5 4 -2.7
v -3.6 4 -2.7
v -3.7 4 -2.7
v -3.8 4 -2.7
v -3.9 4 -2.7
v -4 4 -2.7
v -3.4 4 -2.8
v -3.5 4 -2.8
v -3.6 4 -2.8
v -3.7 4 -2.8
v -3.8 4 -2.8
v -3.9 4 -2.8
v -4 4 -2.8
v -3.4 4 -2.9
v -3.5 4 -2.9
v -3.6 4 -2.9
v -3.7 4 -2.9
v -3.8 4 -2.9
v -3.9 4 -2.9
v -4 4 -2.9
v -3.3 4 -3
v -3.4 4 -3
v -3.5 4 -3
v -3.6 4 -3
v -3.7 4 -3
v -3.8 4 -3
v -3.9 4 -3
v -4 4 -3
v -3.2 4 -3.1
v -3.3 4 -3.1
v -3.4 4 -3.1
v -3.5 4 -3.1
v -3.6 4 -3.1
v -3.7 4 -3.1
v -3.8 4 -3.1
v -3.9 4 -3.1
v -4 4 -3.1
v -3.1 4 -3.2
v -3.2 4 -3.2
v -3.3 4 -3.2
v -3.4 4 -3.2
v -3.5 4 -3.2
v -3.6 4 -3.2
v -3.7 4 -3.2
v -3.8 4 -3.2
v -3.9 4 -3.2
v -4 4 -3.2
v -3 4 -3.3
v -3.1 4 -3.3
v -3.2 4 -3.3
v -3.3 4 -3.3
v -3.4 4 -3.3
v -3.5 4 -3.3
v -3.6 4 -3.3
v -3.7 4 -3.3
v -3.8 4 -3.3
v -3.9 4 -3.3
v -4 4 -3.3
v -2.7 4 -3.4
v -3 4 -3.4
v -3.1 4 -3.4
v -3.2 4 -3.4
v -3.3 4 -3.4
v -3.4 4 -3.4
v -3.5 4 -3.4
v -3.6 4 -3.4
v -3.7 4 -3.4
v -3.8 4 -3.4
v -3.9 4 -3.4
v -4 4 -3.4
v -2.4 4 -3.5
v -2.7 4 -3.5
v -2.8 4 -3.5
v -2.8 4 -3.4
v -2.9 4 -3.5
v -2.9 4 -3.4
v -3 4 -3.5
v -3.1 4 -3.5
v -3.2 4 -3.5
v -3.3 4 -3.5
v -3.4 4 -3.5
v -3.5 4 -3.5
v -3.6 4 -3.5
v -3.7 4 -3.5
v -3.8 4 -3.5
v -3.9 4 -3.5
v -4 4 -3.5
v -2.3 4 -3.6
v -2.4 4 -3.6
v -2.5 4 -3.6
v -2.5 4 -3.5
v -2.6 4 -3.6
v -2.6 4 -3.5
v -2.7 4 -3.6
v -2.8 4 -3.6
v -2.9 4 -3.6
v -3 4 -3.6
v -3.1 4 -3.6
v -3.2 4 -3.6
v -3.3 4 -3.6
v -3.4 4 -3.6
v -3.5 4 -3.6
v -3.6 4 -3.6
v -3.7 4 -3.6
v -3.8 4 -3.6
v -3.9 4 -3.6
v -4 4 -3.6
v -2.3 4 -3.7
v -2.4 4 -3.7
v -2.5 4 -3.7
v -2.6 4 -3.7
v -2.7 4 -3.7
v -2.8 4 -3.7
v -2.9 4 -3.7
v -3 4 -3.7
v -3.1 4 -3.7
v -3.2 4 -3.7
v -3.3 4 -3.7
v -3.4 4 -3.7
v -3.5 4 -3.7
v -3.6 4 -3.7
v -3.7 4 -3.7
v -3.8 4 -3.7
v -3.9 4 -3.7
v -4 4 -3.7
v -2.3 4 -3.8
v -2.4 4 -3.8
v -2.5 4 -3.8
v -2.6 4 -3.8
v -2.7 4 -3.8
v -2.8 4 -3.8
v -2.9 4 -3.8
v -3 4 -3.8
v -3.1 4 -3.8
v -3.2 4 -3.8
v -3.3 4 -3.8
v -3.4 4 -3.8
v -3.5 4 -3.8
v -3.6 4 -3.8
v -3.7 4 -3.8
v -3.8 4 -3.8
v -3.9 4 -3.8
v -4 4 -3.8
v -2.2 4 -3.9
v -2.3 4 -3.9
v -2.4 4 -3.9
v -2.5 4 -3.9
v -2.6 4 -3.9
v -2.7 4 -3.9
v -2.8 4 -3.9
v -2.9 4 -3.9
v -3 4 -3.9
v -3.1 4 -3.9
v -3.2 4 -3.9
v -3.3 4 -3.9
v -3.4 4 -3.9
v -3.5 4 -3.9
v -3.6 4 -3.9
v -3.7 4 -3.9
v -3.8 4 -3.9
v -3.9 4 -3.9
v -4 4 -3.9
v -2.3 4 -4
v -2.4 4 -4
v -2.5 4 -4
v -2.6 4 -4
v -2.7 4 -4
v -2.8 4 -4
v -2.9 4 -4
v -3 4 -4
v -3.1 4 -4
v -3.2 4 -4
v -3.3 4 -4
v -3.4 4 -4
v -3.5 4 -4
v -3.6 4 -4
v -3.7 4 -4
v -3.8 4 -4
v -3.9 4 -4
v -4 4 -4
v -4 0 -4
v -4 3 -4
v -4 3.1 -4
v -4 3.2 -4
v -4 3.3 -4
v -4 3.4 -4
v -4 3.5 -4
v -4 3.6 -4
v -4 3.7 -4
v -4 3.8 -4
v -4 3.9 -4
v -4 3.9 -2.3
v -4 3.9 -2.4
v -4 3.9 -2.5
v -4 3.9 -2.6
v -4 3.9 -2.7
v -4 3.9 -2.8
v -4 3.9 -2.9
v -4 3.9 -3
v -4 3.9 -3.1
v -4 3.9 -3.2
v -4 3.9 -3.3
v -4 3.9 -3.4
v -4 3.9 -3.5
v -4 3.9 -3.6
v -4 3.9 -3.7
v -4 3.9 -3.8
v -4 3.9 -3.9
v -2.3 3.9 -4
v -2.4 3.9 -4
v -2.5 3.9 -4
v -2.6 3.9 -4
v -2.7 3.9 -4
v -2.8 3.9 -4
v -2.9 3.9 -4
v -3 3.9 -4
v -3.1 3.9 -4
v -3.2 3.9 -4
v -3.3 3.9 -4
v -3.4 3.9 -4
v -3.5 3.9 -4
v -3.6 3.9 -4
v -3.7 3.9 -4
v -3.8 3.9 -4
v -3.9 3.9 -4

vt 0.0214844 0.5
vt 0.0371094 0.5
vt 0.0410156 0.5
vt 0.0449219 0.5
vt 0.0683594 0.5
vt 0.0761719 0.5
vt 0.0957031 0.5
vt 0.0996094 0.5

vn 0 1 0
vn 0 -1 0
vn 1 0 0
vn 0 0 1
vn -1 0 0
vn 0 0 -1

usemtl palette
f 1/8/1 2/8/1 4/8/1
f 4/8/1 2/8/1 3/8/1
f 2/3/1 5/3/1 3/3/1
f 3/3/1 5/3/1 6/3/1
f 7/3/1 8/3/1 10/3/1
f 10/3/1 8/3/1 9/3/1
f 11/3/1 12/3/1 14/3/1
f 14/3/1 12/3/1 13/3/1
f 15/3/1 16/3/1 18/3/1
f 18/3/1 16/3/1 17/3/1
f 19/3/1 20/3/1 22/3/1
f 22/3/1 20/3/1 21/3/1
f 23/3/1 24/3/1 26/3/1
f 26/3/1 24/3/1 25/3/1
f 27/3/1 28/3/1 30/3/1
f 30/3/1 28/3/1 29/3/1
f 31/3/1 32/3/1 34/3/1
f 34/3/1 32/3/1 33/3/1
f 35/3/1 36/3/1 38/3/1
f 38/3/1 36/3/1 37/3/1
f 39/3/1 40/3/1 42/3/1
f 42/3/1 40/3/1 41/3/1
f 43/3/1 44/3/1 46/3/1
f 46/3/1 44/3/1 45/3/1
f 47/3/1 48/3/1 50/3/1
f 50/3/1 48/3/1 49/3/1
f 51/3/1 52/3/1 54/3/1
f 54/3/1 52/3/1 53/3/1
f 55/3/1 56/3/1 58/3/1
f 58/3/1 56/3/1 57/3/1
f 59/3/1 60/3/1 62/3/1
f 62/3/1 60/3/1 61/3/1
f 63/3/1 64/3/1 66/3/1
f 66/3/1 64/3/1 65/3/1
f 67/3/1 68/3/1 70/3/1
f 70/3/1 68/3/1 69/3/1
f 71/3/1 72/3/1 74/3/1
f 74/3/1 72/3/1 73/3/1
f 75/3/1 76/3/1 78/3/1
f 78/3/1 76/3/1 77/3/1
f 79/3/1 80/3/1 82/3/1
f 82/3/1 80/3/1 81/3/1
f 83/3/1 84/3/1 86/3/1
f 86/3/1 84/3/1 85/3/1
f 87/3/1 88/3/1 90/3/1
f 90/3/1 88/3/1 89/3/1
f 91/3/1 92/3/1 94/3/1
f 94/3/1 92/3/1 93/3/1
f 95/3/1 96/3/1 98/3/1
f 98/3/1 96/3/1 97/3/1
f 99/3/1 100/3/1 102/3/1
f 102/3/1 100/3/1 101/3/1
f 103/3/1 104/3/1 106/3/1
f 106/3/1 104/3/1 105/3/1
f 107/3/1 108/3/1 110/3/1
f 110/3/1 108/3/1 109/3/1
f 111/3/1 112/3/1 114/3/1
f 114/3/1 112/3/1 113/3/1
f 115/3/1 116/3/1 118/3/1
f 118/3/1 116/3/1 117/3/1
f 119/3/1 120/3/1 122/3/1
f 122/3/1 120/3/1 121/3/1
f 123/3/1 124/3/1 126/3/1
f 126/3/1 124/3/1 125/3/1
f 127/3/1 128/3/1 1/3/1
f 1/3/1 128/3/1 2/3/1
f 129/2/1 130/2/1 6/2/1
f 6/2/1 130/2/1 10/2/1
f 131/2/1 132/2/1 9/2/1
f 9/2/1 132/2/1 14/2/1
f 133/2/1 134/2/1 13/2/1
f 13/2/1 134/2/1 18/2/1
f 135/2/1 136/2/1 17/2/1
f 17/2/1 136/2/1 22/2/1
f 137/2/1 138/2/1 21/2/1
f 21/2/1 138/2/1 26/2/1
f 139/2/1 140/2/1 25/2/1
f 25/2/1 140/2/1 30/2/1
f 141/2/1 142/2/1 29/2/1
f 29/2/1 142/2/1 34/2/1
f 143/2/1 144/2/1 33/2/1
f 33/2/1 144/2/1 38/2/1
f 145/2/1 146/2/1 37/2/1
f 37/2/1 146/2/1 42/2/1
f 147/2/1 148/2/1 41/2/1
f 41/2/1 148/2/1 46/2/1
f 149/2/1 150/2/1 45/2/1
f 45/2/1 150/2/1 50/2/1
f 151/2/1 152/2/1 49/2/1
f 49/2/1 152/2/1 54/2/1
f 153/2/1 154/2/1 53/2/1
f 53/2/1 154/2/1 58/2/1
f 155/2/1 156/2/1 57/2/1
f 57/2/1 156/2/1 62/2/1
f 157/2/1 158/2/1 61/2/1
f 61/2/1 158/2/1 66/2/1
f 159/2/1 160/2/1 65/2/1
f 65/2/1 160/2/1 70/2/1
f 161/2/1 162/2/1 69/2/1
f 69/2/1 162/2/1 74/2/1
f 163/2/1 164/2/1 73/2/1
f 73/2/1 164/2/1 78/2/1
f 164/2/1 165/2/1 75/2/1
f 75/2/1 165/2/1 76/2/1
f 166/2/1 167/2/1 79/2/1
f 79/2/1 167/2/1 80/2/1
f 167/2/1 168/2/1 81/2/1
f 81/2/1 168/2/1 86/2/1
f 169/2/1 170/2/1 85/2/1
f 85/2/1 170/2/1 90/2/1
f 170/2/1 171/2/1 87/2/1
f 87/2/1 171/2/1 88/2/1
f 172/2/1 173/2/1 91/2/1
f 91/2/1 173/2/1 92/2/1
f 174/2/1 175/2/1 95/2/1
f 95/2/1 175/2/1 96/2/1
f 176/2/1 177/2/1 99/2/1
f 99/2/1 177/2/1 100/2/1
f 178/2/1 179/2/1 103/2/1
f 103/2/1 179/2/1 104/2/1
f 180/2/1 181/2/1 107/2/1
f 107/2/1 181/2/1 108/2/1
f 182/2/1 183/2/1 111/2/1
f 111/2/1 183/2/1 112/2/1
f 184/2/1 185/2/1 115/2/1
f 115/2/1 185/2/1 116/2/1
f 186/2/1 187/2/1 119/2/1
f 119/2/1 187/2/1 120/2/1
f 188/2/1 189/2/1 123/2/1
f 123/2/1 189/2/1 124/2/1
f 190/2/1 191/2/1 127/2/1
f 127/2/1 191/2/1 128/2/1
f 192/5/1 193/5/1 129/5/1
f 129/5/1 193/5/1 130/5/1
f 193/2/1 194/2/1 7/2/1
f 7/2/1 194/2/1 8/2/1
f 194/5/1 195/5/1 131/5/1
f 131/5/1 195/5/1 132/5/1
f 195/2/1 196/2/1 11/2/1
f 11/2/1 196/2/1 12/2/1
f 196/5/1 197/5/1 133/5/1
f 133/5/1 197/5/1 134/5/1
f 197/2/1 198/2/1 15/2/1
f 15/2/1 198/2/1 16/2/1
f 198/5/1 199/5/1 135/5/1
f 135/5/1 199/5/1 136/5/1
f 199/2/1 200/2/1 19/2/1
f 19/2/1 200/2/1 20/2/1
f 200/5/1 201/5/1 137/5/1
f 137/5/1 201/5/1 138/5/1
f 201/2/1 202/2/1 23/2/1
f 23/2/1 202/2/1 24/2/1
f 202/5/1 203/5/1 139/5/1
f 139/5/1 203/5/1 140/5/1
f 203/2/1 204/2/1 27/2/1
f 27/2/1 204/2/1 28/2/1
f 204/5/1 205/5/1 141/5/1
f 141/5/1 205/5/1 142/5/1
f 205/2/1 206/2/1 31/2/1
f 31/2/1 206/2/1 32/2/1
f 206/5/1 207/5/1 143/5/1
f 143/5/1 207/5/1 144/5/1
f 207/2/1 208/2/1 35/2/1
f 35/2/1 208/2/1 36/2/1
f 208/5/1 209/5/1 145/5/1
f 145/5/1 209/5/1 146/5/1
f 209/2/1 210/2/1 39/2/1
f 39/2/1 210/2/1 40/2/1
f 210/5/1 211/5/1 147/5/1
f 147/5/1 211/5/1 148/5/1
f 211/2/1 212/2/1 43/2/1
f 43/2/1 212/2/1 44/2/1
f 213/2/1 214/2/1 47/2/1
f 47/2/1 214/2/1 48/2/1
f 215/2/1 216/2/1 51/2/1
f 51/2/1 216/2/1 52/2/1
f 217/2/1 218/2/1 55/2/1
f 55/2/1 218/2/1 56/2/1
f 219/2/1 220/2/1 59/2/1
f 59/2/1 220/2/1 60/2/1
f 221/2/1 222/2/1 63/2/1
f 63/2/1 222/2/1 64/2/1
f 223/2/1 224/2/1 67/2/1
f 67/2/1 224/2/1 68/2/1
f 225/2/1 226/2/1 71/2/1
f 71/2/1 226/2/1 72/2/1
f 227/2/1 228/2/1 77/2/1
f 77/2/1 228/2/1 82/2/1
f 229/2/1 230/2/1 83/2/1
f 83/2/1 230/2/1 84/2/1
f 231/2/1 232/2/1 89/2/1
f 89/2/1 232/2/1 94/2/1
f 233/2/1 234/2/1 93/2/1
f 93/2/1 234/2/1 98/2/1
f 235/2/1 236/2/1 97/2/1
f 97/2/1 236/2/1 102/2/1
f 237/2/1 238/2/1 101/2/1
f 101/2/1 238/2/1 106/2/1
f 239/2/1 240/2/1 105/2/1
f 105/2/1 240/2/1 110/2/1
f 241/2/1 242/2/1 109/2/1
f 109/2/1 242/2/1 114/2/1
f 243/2/1 244/2/1 113/2/1
f 113/2/1 244/2/1 118/2/1
f 245/2/1 246/2/1 117/2/1
f 117/2/1 246/2/1 122/2/1
f 246/5/1 247/5/1 186/5/1
f 186/5/1 247/5/1 187/5/1
f 247/2/1 248/2/1 121/2/1
f 121/2/1 248/2/1 126/2/1
f 248/5/1 249/5/1 188/5/1
f 188/5/1 249/5/1 189/5/1
f 250/3/1 251/3/1 190/3/1
f 190/3/1 251/3/1 191/3/1
f 252/2/1 253/2/1 192/2/1
f 192/2/1 253/2/1 193/2/1
f 253/5/1 254/5/1 193/5/1
f 193/5/1 254/5/1 194/5/1
f 254/2/1 255/2/1 194/2/1
f 194/2/1 255/2/1 195/2/1
f 255/5/1 256/5/1 195/5/1
f 195/5/1 256/5/1 196/5/1
f 256/2/1 257/2/1 196/2/1
f 196/2/1 257/2/1 197/2/1
f 257/5/1 258/5/1 197/5/1
f 197/5/1 258/5/1 198/5/1
f 258/2/1 259/2/1 198/2/1
f 198/2/1 259/2/1 199/2/1
f 259/5/1 260/5/1 199/5/1
f 199/5/1 260/5/1 200/5/1
f 260/2/1 261/2/1 200/2/1
f 200/2/1 261/2/1 201/2/1
f 261/5/1 262/5/1 201/5/1
f 201/5/1 262/5/1 202/5/1
f 262/2/1 263/2/1 202/2/1
f 202/2/1 263/2/1 203/2/1
f 263/5/1 264/5/1 203/5/1
f 203/5/1 264/5/1 204/5/1
f 264/2/1 265/2/1 204/2/1
f 204/2/1 265/2/1 205/2/1
f 265/5/1 266/5/1 205/5/1
f 205/5/1 266/5/1 206/5/1
f 266/2/1 267/2/1 206/2/1
f 206/2/1 267/2/1 207/2/1
f 268/2/1 269/2/1 208/2/1
f 208/2/1 269/2/1 209/2/1
f 270/2/1 271/2/1 210/2/1
f 210/2/1 271/2/1 211/2/1
f 272/2/1 273/2/1 246/2/1
f 246/2/1 273/2/1 247/2/1
f 274/2/1 275/2/1 248/2/1
f 248/2/1 275/2/1 249/2/1
f 276/2/1 277/2/1 250/2/1
f 250/2/1 277/2/1 251/2/1
f 278/5/1 279/5/1 252/5/1
f 252/5/1 279/5/1 253/5/1
f 279/2/1 280/2/1 253/2/1
f 253/2/1 280/2/1 254/2/1
f 280/5/1 281/5/1 254/5/1
f 254/5/1 281/5/1 255/5/1
f 281/2/1 282/2/1 255/2/1
f 255/2/1 282/2/1 256/2/1
f 282/5/1 283/5/1 256/5/1
f 256/5/1 283/5/1 257/5/1
f 283/2/1 284/2/1 257/2/1
f 257/2/1 284/2/1 258/2/1
f 284/5/1 285/5/1 258/5/1
f 258/5/1 285/5/1 259/5/1
f 285/2/1 286/2/1 259/2/1
f 259/2/1 286/2/1 260/2/1
f 286/5/1 287/5/1 260/5/1
f 260/5/1 287/5/1 261/5/1
f 287/2/1 288/2/1 261/2/1
f 261/2/1 288/2/1 262/2/1
f 288/5/1 289/5/1 262/5/1
f 262/5/1 289/5/1 263/5/1
f 289/2/1 290/2/1 263/2/1
f 263/2/1 290/2/1 264/2/1
f 291/2/1 292/2/1 265/2/1
f 265/2/1 292/2/1 266/2/1
f 293/3/1 294/3/1 276/3/1
f 276/3/1 294/3/1 277/3/1
f 295/2/1 296/2/1 278/2/1
f 278/2/1 296/2/1 279/2/1
f 296/5/1 297/5/1 279/5/1
f 279/5/1 297/5/1 280/5/1
f 297/2/1 298/2/1 280/2/1
f 280/2/1 298/2/1 281/2/1
f 298/5/1 299/5/1 281/5/1
f 281/5/1 299/5/1 282/5/1
f 299/2/1 300/2/1 282/2/1
f 282/2/1 300/2/1 283/2/1
f 300/5/1 301/5/1 283/5/1
f 283/5/1 301/5/1 284/5/1
f 301/2/1 302/2/1 284/2/1
f 284/2/1 302/2/1 285/2/1
f 302/5/1 303/5/1 285/5/1
f 285/5/1 303/5/1 286/5/1
f 303/2/1 304/2/1 286/2/1
f 286/2/1 304/2/1 287/2/1
f 305/2/1 306/2/1 288/2/1
f 288/2/1 306/2/1 289/2/1
f 307/2/1 308/2/1 293/2/1
f 293/2/1 308/2/1 294/2/1
f 309/5/1 310/5/1 295/5/1
f 295/5/1 310/5/1 296/5/1
f 310/2/1 311/2/1 296/2/1
f 296/2/1 311/2/1 297/2/1
f 311/5/1 312/5/1 297/5/1
f 297/5/1 312/5/1 298/5/1
f 312/2/1 313/2/1 298/2/1
f 298/2/1 313/2/1 299/2/1
f 313/5/1 314/5/1 299/5/1
f 299/5/1 314/5/1 300/5/1
f 314/2/1 315/2/1 300/2/1
f 300/2/1 315/2/1 301/2/1
f 315/5/1 316/5/1 301/5/1
f 301/5/1 316/5/1 302/5/1
f 316/2/1 317/2/1 302/2/1
f 302/2/1 317/2/1 303/2/1
f 318/3/1 319/3/1 307/3/1
f 307/3/1 319/3/1 308/3/1
f 320/2/1 321/2/1 309/2/1
f 309/2/1 321/2/1 310/2/1
f 321/5/1 322/5/1 310/5/1
f 310/5/1 322/5/1 311/5/1
f 322/2/1 323/2/1 311/2/1
f 311/2/1 323/2/1 312/2/1
f 323/5/1 324/5/1 312/5/1
f 312/5/1 324/5/1 313/5/1
f 324/2/1 325/2/1 313/2/1
f 313/2/1 325/2/1 314/2/1
f 325/5/1 326/5/1 314/5/1
f 314/5/1 326/5/1 315/5/1
f 326/2/1 327/2/1 315/2/1
f 315/2/1 327/2/1 316/2/1
f 328/2/1 329/2/1 318/2/1
f 318/2/1 329/2/1 319/2/1
f 330/5/1 331/5/1 320/5/1
f 320/5/1 331/5/1 321/5/1
f 331/2/1 332/2/1 321/2/1
f 321/2/1 332/2/1 322/2/1
f 332/5/1 333/5/1 322/5/1
f 322/5/1 333/5/1 323/5/1
f 333/2/1 334/2/1 323/2/1
f 323/2/1 334/2/1 324/2/1
f 334/5/1 335/5/1 324/5/1
f 324/5/1 335/5/1 325/5/1
f 335/2/1 336/2/1 325/2/1
f 325/2/1 336/2/1 326/2/1
f 337/3/1 338/3/1 328/3/1
f 328/3/1 338/3/1 329/3/1
f 339/2/1 340/2/1 330/2/1
f 330/2/1 340/2/1 331/2/1
f 340/5/1 341/5/1 331/5/1
f 331/5/1 341/5/1 332/5/1
f 341/2/1 342/2/1 332/2/1
f 332/2/1 342/2/1 333/2/1
f 342/5/1 343/5/1 333/5/1
f 333/5/1 343/5/1 334/5/1
f 343/2/1 344/2/1 334/2/1
f 334/2/1 344/2/1 335/2/1
f 345/2/1 346/2/1 337/2/1
f 337/2/1 346/2/1 338/2/1
f 347/5/1 348/5/1 339/5/1
f 339/5/1 348/5/1 340/5/1
f 348/2/1 349/2/1 340/2/1
f 340/2/1 349/2/1 341/2/1
f 349/5/1 350/5/1 341/5/1
f 341/5/1 350/5/1 342/5/1
f 350/2/1 351/2/1 342/2/1
f 342/2/1 351/2/1 343/2/1
f 352/3/1 353/3/1 345/3/1
f 345/3/1 353/3/1 346/3/1
f 354/2/1 355/2/1 347/2/1
f 347/2/1 355/2/1 348/2/1
f 355/5/1 356/5/1 348/5/1
f 348/5/1 356/5/1 349/5/1
f 356/2/1 357/2/1 349/2/1
f 349/2/1 357/2/1 350/2/1
f 357/5/1 358/5/1 350/5/1
f 350/5/1 358/5/1 351/5/1
f 359/2/1 360/2/1 352/2/1
f 352/2/1 360/2/1 353/2/1
f 361/5/1 362/5/1 354/5/1
f 354/5/1 362/5/1 355/5/1
f 362/2/1 363/2/1 355/2/1
f 355/2/1 363/2/1 356/2/1
f 363/5/1 364/5/1 356/5/1
f 356/5/1 364/5/1 357/5/1
f 364/2/1 365/2/1 357/2/1
f 357/2/1 365/2/1 358/2/1
f 366/3/1 367/3/1 359/3/1
f 359/3/1 367/3/1 360/3/1
f 368/2/1 369/2/1 361/2/1
f 361/2/1 369/2/1 362/2/1
f 369/5/1 370/5/1 362/5/1
f 362/5/1 370/5/1 363/5/1
f 370/2/1 371/2/1 363/2/1
f 363/2/1 371/2/1 364/2/1
f 372/2/1 373/2/1 366/2/1
f 366/2/1 373/2/1 367/2/1
f 374/5/1 375/5/1 368/5/1
f 368/5/1 375/5/1 369/5/1
f 375/2/1 376/2/1 369/2/1
f 369/2/1 376/2/1 370/2/1
f 376/5/1 377/5/1 370/5/1
f 370/5/1 377/5/1 371/5/1
f 378/3/1 379/3/1 372/3/1
f 372/3/1 379/3/1 373/3/1
f 380/2/1 381/2/1 374/2/1
f 374/2/1 381/2/1 375/2/1
f 381/5/1 382/5/1 375/5/1
f 375/5/1 382/5/1 376/5/1
f 382/2/1 383/2/1 376/2/1
f 376/2/1 383/2/1 377/2/1
f 384/2/1 385/2/1 378/2/1
f 378/2/1 385/2/1 379/2/1
f 386/5/1 387/5/1 380/5/1
f 380/5/1 387/5/1 381/5/1
f 387/2/1 388/2/1 381/2/1
f 381/2/1 388/2/1 382/2/1
f 389/3/1 390/3/1 384/3/1
f 384/3/1 390/3/1 385/3/1
f 391/2/1 392/2/1 386/2/1
f 386/2/1 392/2/1 387/2/1
f 392/5/1 393/5/1 387/5/1
f 387/5/1 393/5/1 388/5/1
f 394/2/1 395/2/1 389/2/1
f 389/2/1 395/2/1 390/2/1
f 396/5/1 397/5/1 391/5/1
f 391/5/1 397/5/1 392/5/1
f 397/2/1 398/2/1 392/2/1
f 392/2/1 398/2/1 393/2/1
f 399/3/1 400/3/1 394/3/1
f 394/3/1 400/3/1 395/3/1
f 401/2/1 402/2/1 396/2/1
f 396/2/1 402/2/1 397/2/1
f 402/5/1 403/5/1 397/5/1
f 397/5/1 403/5/1 398/5/1
f 404/2/1 405/2/1 399/2/1
f 399/2/1 405/2/1 400/2/1
f 406/5/1 407/5/1 401/5/1
f 401/5/1 407/5/1 402/5/1
f 407/2/1 408/2/1 402/2/1
f 402/2/1 408/2/1 403/2/1
f 409/3/1 410/3/1 404/3/1
f 404/3/1 410/3/1 405/3/1
f 411/2/1 412/2/1 406/2/1
f 406/2/1 412/2/1 407/2/1
f 413/2/1 414/2/1 409/2/1
f 409/2/1 414/2/1 410/2/1
f 415/5/1 416/5/1 411/5/1
f 411/5/1 416/5/1 412/5/1
f 417/3/1 418/3/1 413/3/1
f 413/3/1 418/3/1 414/3/1
f 419/2/1 420/2/1 415/2/1
f 415/2/1 420/2/1 416/2/1
f 421/2/1 422/2/1 417/2/1
f 417/2/1 422/2/1 418/2/1
f 423/5/1 424/5/1 419/5/1
f 419/5/1 424/5/1 420/5/1
f 425/3/1 426/3/1 421/3/1
f 421/3/1 426/3/1 422/3/1
f 427/2/1 428/2/1 423/2/1
f 423/2/1 428/2/1 424/2/1
f 429/2/1 430/2/1 425/2/1
f 425/2/1 430/2/1 426/2/1
f 431/5/1 432/5/1 427/5/1
f 427/5/1 432/5/1 428/5/1
f 433/3/1 434/3/1 429/3/1
f 429/3/1 434/3/1 430/3/1
f 435/2/1 436/2/1 431/2/1
f 431/2/1 436/2/1 432/2/1
f 437/2/1 438/2/1 433/2/1
f 433/2/1 438/2/1 434/2/1
f 439/5/1 440/5/1 435/5/1
f 435/5/1 440/5/1 436/5/1
f 441/3/1 442/3/1 437/3/1
f 437/3/1 442/3/1 438/3/1
f 443/2/1 444/2/1 439/2/1
f 439/2/1 444/2/1 440/2/1
f 445/2/1 446/2/1 441/2/1
f 441/2/1 446/2/1 442/2/1
f 447/5/1 448/5/1 443/5/1
f 443/5/1 448/5/1 444/5/1
f 449/3/1 450/3/1 445/3/1
f 445/3/1 450/3/1 446/3/1
f 451/2/1 452/2/1 447/2/1
f 447/2/1 452/2/1 448/2/1
f 453/2/1 454/2/1 449/2/1
f 449/2/1 454/2/1 450/2/1
f 455/5/1 456/5/1 451/5/1
f 451/5/1 456/5/1 452/5/1
f 457/3/1 458/3/1 453/3/1
f 453/3/1 458/3/1 454/3/1
f 459/2/1 460/2/1 455/2/1
f 455/2/1 460/2/1 456/2/1
f 461/2/1 462/2/1 457/2/1
f 457/2/1 462/2/1 458/2/1
f 463/5/1 464/5/1 459/5/1
f 459/5/1 464/5/1 460/5/1
f 465/3/1 466/3/1 461/3/1
f 461/3/1 466/3/1 462/3/1
f 467/2/1 468/2/1 463/2/1
f 463/2/1 468/2/1 464/2/1
f 469/2/1 470/2/1 465/2/1
f 465/2/1 470/2/1 466/2/1
f 471/3/1 472/3/1 469/3/1
f 469/3/1 472/3/1 470/3/1
f 473/5/1 474/5/1 467/5/1
f 467/5/1 474/5/1 468/5/1
f 475/2/1 476/2/1 471/2/1
f 471/2/1 476/2/1 472/2/1
f 477/2/1 478/2/1 473/2/1
f 473/2/1 478/2/1 474/2/1
f 479/3/1 480/3/1 475/3/1
f 475/3/1 480/3/1 476/3/1
f 481/2/1 482/2/1 479/2/1
f 479/2/1 482/2/1 480/2/1
f 483/5/1 484/5/1 477/5/1
f 477/5/1 484/5/1 478/5/1
f 485/3/1 486/3/1 481/3/1
f 481/3/1 486/3/1 482/3/1
f 487/2/1 488/2/1 483/2/1
f 483/2/1 488/2/1 484/2/1
f 489/2/1 490/2/1 485/2/1
f 485/2/1 490/2/1 486/2/1
f 491/3/1 492/3/1 489/3/1
f 489/3/1 492/3/1 490/3/1
f 493/5/1 494/5/1 487/5/1
f 487/5/1 494/5/1 488/5/1
f 495/2/1 496/2/1 491/2/1
f 491/2/1 496/2/1 492/2/1
f 497/2/1 498/2/1 493/2/1
f 493/2/1 498/2/1 494/2/1
f 499/3/1 500/3/1 495/3/1
f 495/3/1 500/3/1 496/3/1
f 501/5/1 502/5/1 497/5/1
f 497/5/1 502/5/1 498/5/1
f 503/2/1 504/2/1 499/2/1
f 499/2/1 504/2/1 500/2/1
f 505/2/1 506/2/1 501/2/1
f 501/2/1 506/2/1 502/2/1
f 507/3/1 508/3/1 503/3/1
f 503/3/1 508/3/1 504/3/1
f 509/5/1 510/5/1 505/5/1
f 505/5/1 510/5/1 506/5/1
f 511/2/1 512/2/1 507/2/1
f 507/2/1 512/2/1 508/2/1
f 513/2/1 514/2/1 509/2/1
f 509/2/1 514/2/1 510/2/1
f 515/3/1 516/3/1 511/3/1
f 511/3/1 516/3/1 512/3/1
f 517/5/1 518/5/1 513/5/1
f 513/5/1 518/5/1 514/5/1
f 519/2/1 520/2/1 515/2/1
f 515/2/1 520/2/1 516/2/1
f 521/2/1 522/2/1 517/2/1
f 517/2/1 522/2/1 518/2/1
f 523/3/1 524/3/1 519/3/1
f 519/3/1 524/3/1 520/3/1
f 525/5/1 526/5/1 521/5/1
f 521/5/1 526/5/1 522/5/1
f 527/2/1 528/2/1 523/2/1
f 523/2/1 528/2/1 524/2/1
f 529/2/1 530/2/1 525/2/1
f 525/2/1 530/2/1 526/2/1
f 531/3/1 532/3/1 527/3/1
f 527/3/1 532/3/1 528/3/1
f 533/5/1 534/5/1 529/5/1
f 529/5/1 534/5/1 530/5/1
f 535/2/1 536/2/1 531/2/1
f 531/2/1 536/2/1 532/2/1
f 537/2/1 538/2/1 533/2/1
f 533/2/1 538/2/1 534/2/1
f 539/3/1 540/3/1 535/3/1
f 535/3/1 540/3/1 536/3/1
f 541/5/1 542/5/1 537/5/1
f 537/5/1 542/5/1 538/5/1
f 543/2/1 544/2/1 539/2/1
f 539/2/1 544/2/1 540/2/1
f 545/2/1 546/2/1 541/2/1
f 541/2/1 546/2/1 542/2/1
f 547/3/1 548/3/1 543/3/1
f 543/3/1 548/3/1 544/3/1
f 549/5/1 550/5/1 545/5/1
f 545/5/1 550/5/1 546/5/1
f 551/2/1 552/2/1 547/2/1
f 547/2/1 552/2/1 548/2/1
f 553/2/1 554/2/1 549/2/1
f 549/2/1 554/2/1 550/2/1
f 554/5/1 555/5/1 407/5/1
f 407/5/1 555/5/1 408/5/1
f 556/3/1 557/3/1 551/3/1
f 551/3/1 557/3/1 552/3/1
f 558/5/1 559/5/1 553/5/1
f 553/5/1 559/5/1 554/5/1
f 559/2/1 560/2/1 554/2/1
f 554/2/1 560/2/1 555/2/1
f 561/2/1 562/2/1 556/2/1
f 556/2/1 562/2/1 557/2/1
f 563/2/1 564/2/1 558/2/1
f 558/2/1 564/2/1 559/2/1
f 564/5/1 565/5/1 559/5/1
f 559/5/1 565/5/1 560/5/1
f 566/3/1 567/3/1 561/3/1
f 561/3/1 567/3/1 562/3/1
f 567/2/1 568/2/1 2/2/1
f 2/2/1 568/2/1 5/2/1
f 568/5/1 569/5/1 563/5/1
f 563/5/1 569/5/1 564/5/1
f 569/2/1 570/2/1 564/2/1
f 564/2/1 570/2/1 565/2/1
f 570/5/1 571/5/1 382/5/1
f 382/5/1 571/5/1 383/5/1
f 571/5/1 572/5/1 364/5/1
f 364/5/1 572/5/1 365/5/1
f 572/5/1 573/5/1 343/5/1
f 343/5/1 573/5/1 344/5/1
f 573/5/1 574/5/1 335/5/1
f 335/5/1 574/5/1 336/5/1
f 574/5/1 575/5/1 326/5/1
f 326/5/1 575/5/1 327/5/1
f 575/5/1 576/5/1 316/5/1
f 316/5/1 576/5/1 317/5/1
f 576/5/1 577/5/1 303/5/1
f 303/5/1 577/5/1 304/5/1
f 577/5/1 578/5/1 287/5/1
f 287/5/1 578/5/1 288/5/1
f 578/5/1 579/5/1 305/5/1
f 305/5/1 579/5/1 306/5/1
f 579/5/1 580/5/1 289/5/1
f 289/5/1 580/5/1 290/5/1
f 580/5/1 581/5/1 264/5/1
f 264/5/1 581/5/1 265/5/1
f 581/5/1 582/5/1 291/5/1
f 291/5/1 582/5/1 292/5/1
f 582/5/1 583/5/1 266/5/1
f 266/5/1 583/5/1 267/5/1
f 583/5/1 584/5/1 207/5/1
f 207/5/1 584/5/1 208/5/1
f 584/5/1 585/5/1 268/5/1
f 268/5/1 585/5/1 269/5/1
f 585/5/1 586/5/1 209/5/1
f 209/5/1 586/5/1 210/5/1
f 586/5/1 587/5/1 270/5/1
f 270/5/1 587/5/1 271/5/1
f 587/5/1 588/5/1 211/5/1
f 211/5/1 588/5/1 212/5/1
f 588/5/1 589/5/1 149/5/1
f 149/5/1 589/5/1 150/5/1
f 589/5/1 590/5/1 213/5/1
f 213/5/1 590/5/1 214/5/1
f 590/5/1 591/5/1 151/5/1
f 151/5/1 591/5/1 152/5/1
f 591/5/1 592/5/1 215/5/1
f 215/5/1 592/5/1 216/5/1
f 592/5/1 593/5/1 153/5/1
f 153/5/1 593/5/1 154/5/1
f 593/5/1 594/5/1 217/5/1
f 217/5/1 594/5/1 218/5/1
f 594/5/1 595/5/1 155/5/1
f 155/5/1 595/5/1 156/5/1
f 595/5/1 596/5/1 219/5/1
f 219/5/1 596/5/1 220/5/1
f 596/5/1 597/5/1 157/5/1
f 157/5/1 597/5/1 158/5/1
f 597/5/1 598/5/1 221/5/1
f 221/5/1 598/5/1 222/5/1
f 598/5/1 599/5/1 159/5/1
f 159/5/1 599/5/1 160/5/1
f 599/5/1 600/5/1 223/5/1
f 223/5/1 600/5/1 224/5/1
f 600/5/1 601/5/1 161/5/1
f 161/5/1 601/5/1 162/5/1
f 601/5/1 602/5/1 225/5/1
f 225/5/1 602/5/1 226/5/1
f 602/5/1 603/5/1 163/5/1
f 163/5/1 603/5/1 165/5/1
f 603/5/1 604/5/1 227/5/1
f 227/5/1 604/5/1 228/5/1
f 604/5/1 605/5/1 166/5/1
f 166/5/1 605/5/1 168/5/1
f 605/5/1 606/5/1 229/5/1
f 229/5/1 606/5/1 230/5/1
f 606/5/1 607/5/1 169/5/1
f 169/5/1 607/5/1 171/5/1
f 607/5/1 608/5/1 231/5/1
f 231/5/1 608/5/1 232/5/1
f 608/5/1 609/5/1 172/5/1
f 172/5/1 609/5/1 173/5/1
f 609/5/1 610/5/1 233/5/1
f 233/5/1 610/5/1 234/5/1
f 610/5/1 611/5/1 174/5/1
f 174/5/1 611/5/1 175/5/1
f 611/5/1 612/5/1 235/5/1
f 235/5/1 612/5/1 236/5/1
f 612/5/1 613/5/1 176/5/1
f 176/5/1 613/5/1 177/5/1
f 613/5/1 614/5/1 237/5/1
f 237/5/1 614/5/1 238/5/1
f 614/5/1 615/5/1 178/5/1
f 178/5/1 615/5/1 179/5/1
f 615/5/1 616/5/1 239/5/1
f 239/5/1 616/5/1 240/5/1
f 616/5/1 617/5/1 180/5/1
f 180/5/1 617/5/1 181/5/1
f 617/5/1 618/5/1 241/5/1
f 241/5/1 618/5/1 242/5/1
f 618/5/1 619/5/1 182/5/1
f 182/5/1 619/5/1 183/5/1
f 619/5/1 620/5/1 243/5/1
f 243/5/1 620/5/1 244/5/1
f 620/5/1 621/5/1 184/5/1
f 184/5/1 621/5/1 185/5/1
f 621/5/1 622/5/1 245/5/1
f 245/5/1 622/5/1 246/5/1
f 622/5/1 623/5/1 272/5/1
f 272/5/1 623/5/1 273/5/1
f 623/5/1 624/5/1 247/5/1
f 247/5/1 624/5/1 248/5/1
f 624/5/1 625/5/1 274/5/1
f 274/5/1 625/5/1 275/5/1
f 626/1/2 627/1/2 629/1/2
f 629/1/2 627/1/2 628/1/2
f 630/1/3 627/1/3 631/1/3
f 631/1/3 627/1/3 626/1/3
f 632/6/3 630/6/3 633/6/3
f 633/6/3 630/6/3 631/6/3
f 634/1/3 632/1/3 635/1/3
f 635/1/3 632/1/3 633/1/3
f 636/6/3 634/6/3 637/6/3
f 637/6/3 634/6/3 635/6/3
f 638/1/3 636/1/3 639/1/3
f 639/1/3 636/1/3 637/1/3
f 640/4/3 638/4/3 641/4/3
f 641/4/3 638/4/3 639/4/3
f 642/1/3 640/1/3 643/1/3
f 643/1/3 640/1/3 641/1/3
f 644/4/3 642/4/3 645/4/3
f 645/4/3 642/4/3 643/4/3
f 646/1/3 644/1/3 647/1/3
f 647/1/3 644/1/3 645/1/3
f 648/7/3 646/7/3 649/7/3
f 649/7/3 646/7/3 647/7/3
f 4/8/3 648/8/3 1/8/3
f 1/8/3 648/8/3 650/8/3
f 1/3/3 650/3/3 127/3/3
f 127/3/3 650/3/3 651/3/3
f 127/2/3 651/2/3 190/2/3
f 190/2/3 651/2/3 652/2/3
f 190/3/3 652/3/3 250/3/3
f 250/3/3 652/3/3 653/3/3
f 250/2/3 653/2/3 276/2/3
f 276/2/3 653/2/3 654/2/3
f 276/3/3 654/3/3 293/3/3
f 293/3/3 654/3/3 655/3/3
f 293/2/3 655/2/3 307/2/3
f 307/2/3 655/2/3 656/2/3
f 307/3/3 656/3/3 318/3/3
f 318/3/3 656/3/3 657/3/3
f 318/2/3 657/2/3 328/2/3
f 328/2/3 657/2/3 658/2/3
f 328/3/3 658/3/3 337/3/3
f 337/3/3 658/3/3 659/3/3
f 337/2/3 659/2/3 345/2/3
f 345/2/3 659/2/3 660/2/3
f 345/3/3 660/3/3 352/3/3
f 352/3/3 660/3/3 661/3/3
f 352/2/3 661/2/3 359/2/3
f 359/2/3 661/2/3 662/2/3
f 359/3/3 662/3/3 366/3/3
f 366/3/3 662/3/3 663/3/3
f 366/2/3 663/2/3 372/2/3
f 372/2/3 663/2/3 664/2/3
f 372/3/3 664/3/3 378/3/3
f 378/3/3 664/3/3 665/3/3
f 378/2/3 665/2/3 384/2/3
f 384/2/3 665/2/3 666/2/3
f 384/3/3 666/3/3 389/3/3
f 389/3/3 666/3/3 667/3/3
f 389/2/3 667/2/3 394/2/3
f 394/2/3 667/2/3 668/2/3
f 394/3/3 668/3/3 399/3/3
f 399/3/3 668/3/3 669/3/3
f 399/2/3 669/2/3 404/2/3
f 404/2/3 669/2/3 670/2/3
f 404/3/3 670/3/3 409/3/3
f 409/3/3 670/3/3 671/3/3
f 409/2/3 671/2/3 413/2/3
f 413/2/3 671/2/3 672/2/3
f 413/3/3 672/3/3 417/3/3
f 417/3/3 672/3/3 673/3/3
f 417/2/3 673/2/3 421/2/3
f 421/2/3 673/2/3 674/2/3
f 421/3/3 674/3/3 425/3/3
f 425/3/3 674/3/3 675/3/3
f 425/2/3 675/2/3 429/2/3
f 429/2/3 675/2/3 676/2/3
f 429/3/3 676/3/3 433/3/3
f 433/3/3 676/3/3 677/3/3
f 433/2/3 677/2/3 437/2/3
f 437/2/3 677/2/3 678/2/3
f 437/3/3 678/3/3 441/3/3
f 441/3/3 678/3/3 679/3/3
f 441/2/3 679/2/3 445/2/3
f 445/2/3 679/2/3 680/2/3
f 445/3/3 680/3/3 449/3/3
f 449/3/3 680/3/3 681/3/3
f 449/2/3 681/2/3 453/2/3
f 453/2/3 681/2/3 682/2/3
f 453/3/3 682/3/3 457/3/3
f 457/3/3 682/3/3 683/3/3
f 457/2/3 683/2/3 461/2/3
f 461/2/3 683/2/3 684/2/3
f 461/3/3 684/3/3 465/3/3
f 465/3/3 684/3/3 685/3/3
f 465/2/3 685/2/3 469/2/3
f 469/2/3 685/2/3 686/2/3
f 469/3/3 686/3/3 471/3/3
f 471/3/3 686/3/3 687/3/3
f 471/2/3 687/2/3 475/2/3
f 475/2/3 687/2/3 688/2/3
f 475/3/3 688/3/3 479/3/3
f 479/3/3 688/3/3 689/3/3
f 479/2/3 689/2/3 481/2/3
f 481/2/3 689/2/3 690/2/3
f 481/3/3 690/3/3 485/3/3
f 485/3/3 690/3/3 691/3/3
f 485/2/3 691/2/3 489/2/3
f 489/2/3 691/2/3 692/2/3
f 489/3/3 692/3/3 491/3/3
f 491/3/3 692/3/3 693/3/3
f 491/2/3 693/2/3 495/2/3
f 495/2/3 693/2/3 694/2/3
f 495/3/3 694/3/3 499/3/3
f 499/3/3 694/3/3 695/3/3
f 499/2/3 695/2/3 503/2/3
f 503/2/3 695/2/3 696/2/3
f 503/3/3 696/3/3 507/3/3
f 507/3/3 696/3/3 697/3/3
f 507/2/3 697/2/3 511/2/3
f 511/2/3 697/2/3 698/2/3
f 511/3/3 698/3/3 515/3/3
f 515/3/3 698/3/3 699/3/3
f 515/2/3 699/2/3 519/2/3
f 519/2/3 699/2/3 700/2/3
f 519/3/3 700/3/3 523/3/3
f 523/3/3 700/3/3 701/3/3
f 523/2/3 701/2/3 527/2/3
f 527/2/3 701/2/3 702/2/3
f 527/3/3 702/3/3 531/3/3
f 531/3/3 702/3/3 703/3/3
f 531/2/3 703/2/3 535/2/3
f 535/2/3 703/2/3 704/2/3
f 535/3/3 704/3/3 539/3/3
f 539/3/3 704/3/3 705/3/3
f 539/2/3 705/2/3 543/2/3
f 543/2/3 705/2/3 706/2/3
f 543/3/3 706/3/3 547/3/3
f 547/3/3 706/3/3 707/3/3
f 547/2/3 707/2/3 551/2/3
f 551/2/3 707/2/3 708/2/3
f 551/3/3 708/3/3 556/3/3
f 556/3/3 708/3/3 709/3/3
f 556/2/3 709/2/3 561/2/3
f 561/2/3 709/2/3 710/2/3
f 561/3/3 710/3/3 566/3/3
f 566/3/3 710/3/3 649/3/3
f 711/8/4 648/8/4 3/8/4
f 3/8/4 648/8/4 4/8/4
f 712/3/4 711/3/4 6/3/4
f 6/3/4 711/3/4 3/3/4
f 713/2/4 712/2/4 10/2/4
f 10/2/4 712/2/4 6/2/4
f 714/3/4 713/3/4 9/3/4
f 9/3/4 713/3/4 10/3/4
f 715/2/4 714/2/4 14/2/4
f 14/2/4 714/2/4 9/2/4
f 716/3/4 715/3/4 13/3/4
f 13/3/4 715/3/4 14/3/4
f 717/2/4 716/2/4 18/2/4
f 18/2/4 716/2/4 13/2/4
f 718/3/4 717/3/4 17/3/4
f 17/3/4 717/3/4 18/3/4
f 719/2/4 718/2/4 22/2/4
f 22/2/4 718/2/4 17/2/4
f 720/3/4 719/3/4 21/3/4
f 21/3/4 719/3/4 22/3/4
f 721/2/4 720/2/4 26/2/4
f 26/2/4 720/2/4 21/2/4
f 722/3/4 721/3/4 25/3/4
f 25/3/4 721/3/4 26/3/4
f 723/2/4 722/2/4 30/2/4
f 30/2/4 722/2/4 25/2/4
f 724/3/4 723/3/4 29/3/4
f 29/3/4 723/3/4 30/3/4
f 725/2/4 724/2/4 34/2/4
f 34/2/4 724/2/4 29/2/4
f 726/3/4 725/3/4 33/3/4
f 33/3/4 725/3/4 34/3/4
f 727/2/4 726/2/4 38/2/4
f 38/2/4 726/2/4 33/2/4
f 728/3/4 727/3/4 37/3/4
f 37/3/4 727/3/4 38/3/4
f 729/2/4 728/2/4 42/2/4
f 42/2/4 728/2/4 37/2/4
f 730/3/4 729/3/4 41/3/4
f 41/3/4 729/3/4 42/3/4
f 731/2/4 730/2/4 46/2/4
f 46/2/4 730/2/4 41/2/4
f 732/3/4 731/3/4 45/3/4
f 45/3/4 731/3/4 46/3/4
f 733/2/4 732/2/4 50/2/4
f 50/2/4 732/2/4 45/2/4
f 734/3/4 733/3/4 49/3/4
f 49/3/4 733/3/4 50/3/4
f 735/2/4 734/2/4 54/2/4
f 54/2/4 734/2/4 49/2/4
f 736/3/4 735/3/4 53/3/4
f 53/3/4 735/3/4 54/3/4
f 737/2/4 736/2/4 58/2/4
f 58/2/4 736/2/4 53/2/4
f 738/3/4 737/3/4 57/3/4
f 57/3/4 737/3/4 58/3/4
f 739/2/4 738/2/4 62/2/4
f 62/2/4 738/2/4 57/2/4
f 740/3/4 739/3/4 61/3/4
f 61/3/4 739/3/4 62/3/4
f 741/2/4 740/2/4 66/2/4
f 66/2/4 740/2/4 61/2/4
f 742/3/4 741/3/4 65/3/4
f 65/3/4 741/3/4 66/3/4
f 743/2/4 742/2/4 70/2/4
f 70/2/4 742/2/4 65/2/4
f 744/3/4 743/3/4 69/3/4
f 69/3/4 743/3/4 70/3/4
f 745/2/4 744/2/4 74/2/4
f 74/2/4 744/2/4 69/2/4
f 746/3/4 745/3/4 73/3/4
f 73/3/4 745/3/4 74/3/4
f 747/2/4 746/2/4 78/2/4
f 78/2/4 746/2/4 73/2/4
f 748/3/4 747/3/4 77/3/4
f 77/3/4 747/3/4 78/3/4
f 749/2/4 748/2/4 82/2/4
f 82/2/4 748/2/4 77/2/4
f 750/3/4 749/3/4 81/3/4
f 81/3/4 749/3/4 82/3/4
f 751/2/4 750/2/4 86/2/4
f 86/2/4 750/2/4 81/2/4
f 752/3/4 751/3/4 85/3/4
f 85/3/4 751/3/4 86/3/4
f 753/2/4 752/2/4 90/2/4
f 90/2/4 752/2/4 85/2/4
f 754/3/4 753/3/4 89/3/4
f 89/3/4 753/3/4 90/3/4
f 755/2/4 754/2/4 94/2/4
f 94/2/4 754/2/4 89/2/4
f 756/3/4 755/3/4 93/3/4
f 93/3/4 755/3/4 94/3/4
f 757/2/4 756/2/4 98/2/4
f 98/2/4 756/2/4 93/2/4
f 758/3/4 757/3/4 97/3/4
f 97/3/4 757/3/4 98/3/4
f 759/2/4 758/2/4 102/2/4
f 102/2/4 758/2/4 97/2/4
f 760/3/4 759/3/4 101/3/4
f 101/3/4 759/3/4 102/3/4
f 761/2/4 760/2/4 106/2/4
f 106/2/4 760/2/4 101/2/4
f 762/3/4 761/3/4 105/3/4
f 105/3/4 761/3/4 106/3/4
f 763/2/4 762/2/4 110/2/4
f 110/2/4 762/2/4 105/2/4
f 764/3/4 763/3/4 109/3/4
f 109/3/4 763/3/4 110/3/4
f 765/2/4 764/2/4 114/2/4
f 114/2/4 764/2/4 109/2/4
f 766/3/4 765/3/4 113/3/4
f 113/3/4 765/3/4 114/3/4
f 767/2/4 766/2/4 118/2/4
f 118/2/4 766/2/4 113/2/4
f 768/3/4 767/3/4 117/3/4
f 117/3/4 767/3/4 118/3/4
f 769/2/4 768/2/4 122/2/4
f 122/2/4 768/2/4 117/2/4
f 770/3/4 769/3/4 121/3/4
f 121/3/4 769/3/4 122/3/4
f 771/2/4 770/2/4 126/2/4
f 126/2/4 770/2/4 121/2/4
f 628/1/4 627/1/4 772/1/4
f 772/1/4 627/1/4 630/1/4
f 772/6/4 630/6/4 773/6/4
f 773/6/4 630/6/4 632/6/4
f 773/1/4 632/1/4 774/1/4
f 774/1/4 632/1/4 634/1/4
f 774/6/4 634/6/4 775/6/4
f 775/6/4 634/6/4 636/6/4
f 775/1/4 636/1/4 776/1/4
f 776/1/4 636/1/4 638/1/4
f 776/4/4 638/4/4 777/4/4
f 777/4/4 638/4/4 640/4/4
f 777/1/4 640/1/4 778/1/4
f 778/1/4 640/1/4 642/1/4
f 778/4/4 642/4/4 779/4/4
f 779/4/4 642/4/4 644/4/4
f 779/1/4 644/1/4 780/1/4
f 780/1/4 644/1/4 646/1/4
f 780/7/4 646/7/4 781/7/4
f 781/7/4 646/7/4 648/7/4
f 781/3/4 771/3/4 125/3/4
f 125/3/4 771/3/4 126/3/4
f 782/3/1 783/3/1 785/3/1
f 785/3/1 783/3/1 784/3/1
f 786/3/1 787/3/1 789/3/1
f 789/3/1 787/3/1 788/3/1
f 790/3/1 791/3/1 793/3/1
f 793/3/1 791/3/1 792/3/1
f 794/3/1 795/3/1 797/3/1
f 797/3/1 795/3/1 796/3/1
f 798/3/1 799/3/1 801/3/1
f 801/3/1 799/3/1 800/3/1
f 802/3/1 803/3/1 805/3/1
f 805/3/1 803/3/1 804/3/1
f 806/3/1 807/3/1 809/3/1
f 809/3/1 807/3/1 808/3/1
f 810/3/1 811/3/1 813/3/1
f 813/3/1 811/3/1 812/3/1
f 814/3/1 815/3/1 817/3/1
f 817/3/1 815/3/1 816/3/1
f 818/2/1 819/2/1 782/2/1
f 782/2/1 819/2/1 783/2/1
f 820/2/1 821/2/1 786/2/1
f 786/2/1 821/2/1 787/2/1
f 822/2/1 823/2/1 790/2/1
f 790/2/1 823/2/1 791/2/1
f 824/2/1 825/2/1 794/2/1
f 794/2/1 825/2/1 795/2/1
f 826/2/1 827/2/1 798/2/1
f 798/2/1 827/2/1 799/2/1
f 828/2/1 829/2/1 802/2/1
f 802/2/1 829/2/1 803/2/1
f 830/2/1 831/2/1 806/2/1
f 806/2/1 831/2/1 807/2/1
f 832/2/1 833/2/1 810/2/1
f 810/2/1 833/2/1 811/2/1
f 834/2/1 835/2/1 814/2/1
f 814/2/1 835/2/1 815/2/1
f 249/2/1 836/2/1 125/2/1
f 125/2/1 836/2/1 785/2/1
f 836/5/1 837/5/1 818/5/1
f 818/5/1 837/5/1 819/5/1
f 837/2/1 838/2/1 784/2/1
f 784/2/1 838/2/1 789/2/1
f 838/5/1 839/5/1 820/5/1
f 820/5/1 839/5/1 821/5/1
f 839/2/1 840/2/1 788/2/1
f 788/2/1 840/2/1 793/2/1
f 840/5/1 841/5/1 822/5/1
f 822/5/1 841/5/1 823/5/1
f 841/2/1 842/2/1 792/2/1
f 792/2/1 842/2/1 797/2/1
f 842/5/1 843/5/1 824/5/1
f 824/5/1 843/5/1 825/5/1
f 843/2/1 844/2/1 796/2/1
f 796/2/1 844/2/1 801/2/1
f 844/5/1 845/5/1 826/5/1
f 826/5/1 845/5/1 827/5/1
f 845/2/1 846/2/1 800/2/1
f 800/2/1 846/2/1 805/2/1
f 846/5/1 847/5/1 828/5/1
f 828/5/1 847/5/1 829/5/1
f 847/2/1 848/2/1 804/2/1
f 804/2/1 848/2/1 809/2/1
f 848/5/1 849/5/1 830/5/1
f 830/5/1 849/5/1 831/5/1
f 849/2/1 850/2/1 808/2/1
f 808/2/1 850/2/1 813/2/1
f 850/5/1 851/5/1 832/5/1
f 832/5/1 851/5/1 833/5/1
f 852/3/1 853/3/1 834/3/1
f 834/3/1 853/3/1 835/3/1
f 854/2/1 855/2/1 836/2/1
f 836/2/1 855/2/1 837/2/1
f 855/5/1 856/5/1 837/5/1
f 837/5/1 856/5/1 838/5/1
f 856/2/1 857/2/1 838/2/1
f 838/2/1 857/2/1 839/2/1
f 857/5/1 858/5/1 839/5/1
f 839/5/1 858/5/1 840/5/1
f 858/2/1 859/2/1 840/2/1
f 840/2/1 859/2/1 841/2/1
f 859/5/1 860/5/1 841/5/1
f 841/5/1 860/5/1 842/5/1
f 860/2/1 861/2/1 842/2/1
f 842/2/1 861/2/1 843/2/1
f 861/5/1 862/5/1 843/5/1
f 843/5/1 862/5/1 844/5/1
f 862/2/1 863/2/1 844/2/1
f 844/2/1 863/2/1 845/2/1
f 863/5/1 864/5/1 845/5/1
f 845/5/1 864/5/1 846/5/1
f 864/2/1 865/2/1 846/2/1
f 846/2/1 865/2/1 847/2/1
f 865/5/1 866/5/1 847/5/1
f 847/5/1 866/5/1 848/5/1
f 866/2/1 867/2/1 848/2/1
f 848/2/1 867/2/1 849/2/1
f 867/5/1 868/5/1 849/5/1
f 849/5/1 868/5/1 850/5/1
f 868/2/1 869/2/1 850/2/1
f 850/2/1 869/2/1 851/2/1
f 870/2/1 871/2/1 852/2/1
f 852/2/1 871/2/1 853/2/1
f 872/2/1 873/2/1 855/2/1
f 855/2/1 873/2/1 856/2/1
f 874/2/1 875/2/1 857/2/1
f 857/2/1 875/2/1 858/2/1
f 875/5/1 876/5/1 858/5/1
f 858/5/1 876/5/1 859/5/1
f 876/2/1 877/2/1 859/2/1
f 859/2/1 877/2/1 860/2/1
f 877/5/1 878/5/1 860/5/1
f 860/5/1 878/5/1 861/5/1
f 878/2/1 879/2/1 861/2/1
f 861/2/1 879/2/1 862/2/1
f 879/5/1 880/5/1 862/5/1
f 862/5/1 880/5/1 863/5/1
f 880/2/1 881/2/1 863/2/1
f 863/2/1 881/2/1 864/2/1
f 881/5/1 882/5/1 864/5/1
f 864/5/1 882/5/1 865/5/1
f 882/2/1 883/2/1 865/2/1
f 865/2/1 883/2/1 866/2/1
f 883/5/1 884/5/1 866/5/1
f 866/5/1 884/5/1 867/5/1
f 884/2/1 885/2/1 867/2/1
f 867/2/1 885/2/1 868/2/1
f 885/5/1 886/5/1 868/5/1
f 868/5/1 886/5/1 869/5/1
f 887/3/1 888/3/1 870/3/1
f 870/3/1 888/3/1 871/3/1
f 889/2/1 890/2/1 875/2/1
f 875/2/1 890/2/1 876/2/1
f 891/2/1 892/2/1 877/2/1
f 877/2/1 892/2/1 878/2/1
f 892/5/1 893/5/1 878/5/1
f 878/5/1 893/5/1 879/5/1
f 893/2/1 894/2/1 879/2/1
f 879/2/1 894/2/1 880/2/1
f 894/5/1 895/5/1 880/5/1
f 880/5/1 895/5/1 881/5/1
f 895/2/1 896/2/1 881/2/1
f 881/2/1 896/2/1 882/2/1
f 896/5/1 897/5/1 882/5/1
f 882/5/1 897/5/1 883/5/1
f 897/2/1 898/2/1 883/2/1
f 883/2/1 898/2/1 884/2/1
f 898/5/1 899/5/1 884/5/1
f 884/5/1 899/5/1 885/5/1
f 899/2/1 900/2/1 885/2/1
f 885/2/1 900/2/1 886/2/1
f 901/2/1 902/2/1 887/2/1
f 887/2/1 902/2/1 888/2/1
f 903/2/1 904/2/1 892/2/1
f 892/2/1 904/2/1 893/2/1
f 904/5/1 905/5/1 893/5/1
f 893/5/1 905/5/1 894/5/1
f 905/2/1 906/2/1 894/2/1
f 894/2/1 906/2/1 895/2/1
f 906/5/1 907/5/1 895/5/1
f 895/5/1 907/5/1 896/5/1
f 907/2/1 908/2/1 896/2/1
f 896/2/1 908/2/1 897/2/1
f 908/5/1 909/5/1 897/5/1
f 897/5/1 909/5/1 898/5/1
f 909/2/1 910/2/1 898/2/1
f 898/2/1 910/2/1 899/2/1
f 910/5/1 911/5/1 899/5/1
f 899/5/1 911/5/1 900/5/1
f 912/3/1 913/3/1 901/3/1
f 901/3/1 913/3/1 902/3/1
f 914/2/1 915/2/1 904/2/1
f 904/2/1 915/2/1 905/2/1
f 915/5/1 916/5/1 905/5/1
f 905/5/1 916/5/1 906/5/1
f 916/2/1 917/2/1 906/2/1
f 906/2/1 917/2/1 907/2/1
f 917/5/1 918/5/1 907/5/1
f 907/5/1 918/5/1 908/5/1
f 918/2/1 919/2/1 908/2/1
f 908/2/1 919/2/1 909/2/1
f 919/5/1 920/5/1 909/5/1
f 909/5/1 920/5/1 910/5/1
f 920/2/1 921/2/1 910/2/1
f 910/2/1 921/2/1 911/2/1
f 922/2/1 923/2/1 912/2/1
f 912/2/1 923/2/1 913/2/1
f 924/2/1 925/2/1 915/2/1
f 915/2/1 925/2/1 916/2/1
f 925/5/1 926/5/1 916/5/1
f 916/5/1 926/5/1 917/5/1
f 926/2/1 927/2/1 917/2/1
f 917/2/1 927/2/1 918/2/1
f 927/5/1 928/5/1 918/5/1
f 918/5/1 928/5/1 919/5/1
f 928/2/1 929/2/1 919/2/1
f 919/2/1 929/2/1 920/2/1
f 929/5/1 930/5/1 920/5/1
f 920/5/1 930/5/1 921/5/1
f 931/3/1 932/3/1 922/3/1
f 922/3/1 932/3/1 923/3/1
f 933/2/1 934/2/1 925/2/1
f 925/2/1 934/2/1 926/2/1
f 934/5/1 935/5/1 926/5/1
f 926/5/1 935/5/1 927/5/1
f 935/2/1 936/2/1 927/2/1
f 927/2/1 936/2/1 928/2/1
f 936/5/1 937/5/1 928/5/1
f 928/5/1 937/5/1 929/5/1
f 937/2/1 938/2/1 929/2/1
f 929/2/1 938/2/1 930/2/1
f 939/2/1 940/2/1 931/2/1
f 931/2/1 940/2/1 932/2/1
f 941/2/1 942/2/1 934/2/1
f 934/2/1 942/2/1 935/2/1
f 942/5/1 943/5/1 935/5/1
f 935/5/1 943/5/1 936/5/1
f 943/2/1 944/2/1 936/2/1
f 936/2/1 944/2/1 937/2/1
f 944/5/1 945/5/1 937/5/1
f 937/5/1 945/5/1 938/5/1
f 946/3/1 947/3/1 939/3/1
f 939/3/1 947/3/1 940/3/1
f 948/5/1 949/5/1 941/5/1
f 941/5/1 949/5/1 942/5/1
f 949/2/1 950/2/1 942/2/1
f 942/2/1 950/2/1 943/2/1
f 950/5/1 951/5/1 943/5/1
f 943/5/1 951/5/1 944/5/1
f 951/2/1 952/2/1 944/2/1
f 944/2/1 952/2/1 945/2/1
f 953/2/1 954/2/1 946/2/1
f 946/2/1 954/2/1 947/2/1
f 955/2/1 956/2/1 948/2/1
f 948/2/1 956/2/1 949/2/1
f 956/5/1 957/5/1 949/5/1
f 949/5/1 957/5/1 950/5/1
f 957/2/1 958/2/1 950/2/1
f 950/2/1 958/2/1 951/2/1
f 958/5/1 959/5/1 951/5/1
f 951/5/1 959/5/1 952/5/1
f 960/3/1 961/3/1 953/3/1
f 953/3/1 961/3/1 954/3/1
f 962/2/1 963/2/1 956/2/1
f 956/2/1 963/2/1 957/2/1
f 963/5/1 964/5/1 957/5/1
f 957/5/1 964/5/1 958/5/1
f 964/2/1 965/2/1 958/2/1
f 958/2/1 965/2/1 959/2/1
f 966/2/1 967/2/1 960/2/1
f 960/2/1 967/2/1 961/2/1
f 968/5/1 969/5/1 962/5/1
f 962/5/1 969/5/1 963/5/1
f 969/2/1 970/2/1 963/2/1
f 963/2/1 970/2/1 964/2/1
f 970/5/1 971/5/1 964/5/1
f 964/5/1 971/5/1 965/5/1
f 972/3/1 973/3/1 966/3/1
f 966/3/1 973/3/1 967/3/1
f 974/2/1 975/2/1 968/2/1
f 968/2/1 975/2/1 969/2/1
f 975/5/1 976/5/1 969/5/1
f 969/5/1 976/5/1 970/5/1
f 976/2/1 977/2/1 970/2/1
f 970/2/1 977/2/1 971/2/1
f 978/2/1 979/2/1 972/2/1
f 972/2/1 979/2/1 973/2/1
f 980/2/1 981/2/1 975/2/1
f 975/2/1 981/2/1 976/2/1
f 981/5/1 982/5/1 976/5/1
f 976/5/1 982/5/1 977/5/1
f 983/3/1 984/3/1 978/3/1
f 978/3/1 984/3/1 979/3/1
f 985/5/1 986/5/1 980/5/1
f 980/5/1 986/5/1 981/5/1
f 986/2/1 987/2/1 981/2/1
f 981/2/1 987/2/1 982/2/1
f 988/2/1 989/2/1 983/2/1
f 983/2/1 989/2/1 984/2/1
f 990/2/1 991/2/1 985/2/1
f 985/2/1 991/2/1 986/2/1
f 991/5/1 992/5/1 986/5/1
f 986/5/1 992/5/1 987/5/1
f 993/3/1 994/3/1 988/3/1
f 988/3/1 994/3/1 989/3/1
f 995/5/1 996/5/1 990/5/1
f 990/5/1 996/5/1 991/5/1
f 996/2/1 997/2/1 991/2/1
f 991/2/1 997/2/1 992/2/1
f 998/2/1 999/2/1 993/2/1
f 993/2/1 999/2/1 994/2/1
f 1000/2/1 1001/2/1 995/2/1
f 995/2/1 1001/2/1 996/2/1
f 1001/5/1 1002/5/1 996/5/1
f 996/5/1 1002/5/1 997/5/1
f 1003/3/1 1004/3/1 998/3/1
f 998/3/1 1004/3/1 999/3/1
f 1005/2/1 1006/2/1 1001/2/1
f 1001/2/1 1006/2/1 1002/2/1
f 1007/2/1 1008/2/1 1003/2/1
f 1003/2/1 1008/2/1 1004/2/1
f 1009/5/1 1010/5/1 1005/5/1
f 1005/5/1 1010/5/1 1006/5/1
f 1011/3/1 1012/3/1 1007/3/1
f 1007/3/1 1012/3/1 1008/3/1
f 1013/2/1 1014/2/1 1009/2/1
f 1009/2/1 1014/2/1 1010/2/1
f 1015/2/1 1016/2/1 1011/2/1
f 1011/2/1 1016/2/1 1012/2/1
f 1017/5/1 1018/5/1 1013/5/1
f 1013/5/1 1018/5/1 1014/5/1
f 1019/3/1 1020/3/1 1015/3/1
f 1015/3/1 1020/3/1 1016/3/1
f 1021/2/1 1022/2/1 1017/2/1
f 1017/2/1 1022/2/1 1018/2/1
f 1023/2/1 1024/2/1 1019/2/1
f 1019/2/1 1024/2/1 1020/2/1
f 1025/5/1 1026/5/1 1021/5/1
f 1021/5/1 1026/5/1 1022/5/1
f 1027/3/1 1028/3/1 1023/3/1
f 1023/3/1 1028/3/1 1024/3/1
f 1029/2/1 1030/2/1 1025/2/1
f 1025/2/1 1030/2/1 1026/2/1
f 1031/2/1 1032/2/1 1027/2/1
f 1027/2/1 1032/2/1 1028/2/1
f 1033/5/1 1034/5/1 1029/5/1
f 1029/5/1 1034/5/1 1030/5/1
f 1035/3/1 1036/3/1 1031/3/1
f 1031/3/1 1036/3/1 1032/3/1
f 1037/2/1 1038/2/1 1033/2/1
f 1033/2/1 1038/2/1 1034/2/1
f 1039/2/1 1040/2/1 1035/2/1
f 1035/2/1 1040/2/1 1036/2/1
f 1041/5/1 1042/5/1 1037/5/1
f 1037/5/1 1042/5/1 1038/5/1
f 1043/3/1 1044/3/1 1039/3/1
f 1039/3/1 1044/3/1 1040/3/1
f 1045/2/1 1046/2/1 1041/2/1
f 1041/2/1 1046/2/1 1042/2/1
f 1047/2/1 1048/2/1 1043/2/1
f 1043/2/1 1048/2/1 1044/2/1
f 1049/5/1 1050/5/1 1045/5/1
f 1045/5/1 1050/5/1 1046/5/1
f 1051/3/1 1052/3/1 1047/3/1
f 1047/3/1 1052/3/1 1048/3/1
f 1053/2/1 1054/2/1 1049/2/1
f 1049/2/1 1054/2/1 1050/2/1
f 1055/2/1 1056/2/1 1051/2/1
f 1051/2/1 1056/2/1 1052/2/1
f 1057/5/1 1058/5/1 1053/5/1
f 1053/5/1 1058/5/1 1054/5/1
f 1059/3/1 1060/3/1 1055/3/1
f 1055/3/1 1060/3/1 1056/3/1
f 1061/2/1 1062/2/1 1057/2/1
f 1057/2/1 1062/2/1 1058/2/1
f 1063/2/1 1064/2/1 1059/2/1
f 1059/2/1 1064/2/1 1060/2/1
f 1065/3/1 1066/3/1 1063/3/1
f 1063/3/1 1066/3/1 1064/3/1
f 1067/5/1 1068/5/1 1061/5/1
f 1061/5/1 1068/5/1 1062/5/1
f 1069/2/1 1070/2/1 1065/2/1
f 1065/2/1 1070/2/1 1066/2/1
f 1071/2/1 1072/2/1 1067/2/1
f 1067/2/1 1072/2/1 1068/2/1
f 1073/3/1 1074/3/1 1069/3/1
f 1069/3/1 1074/3/1 1070/3/1
f 1075/2/1 1076/2/1 1073/2/1
f 1073/2/1 1076/2/1 1074/2/1
f 1077/5/1 1078/5/1 1071/5/1
f 1071/5/1 1078/5/1 1072/5/1
f 1079/3/1 1080/3/1 1075/3/1
f 1075/3/1 1080/3/1 1076/3/1
f 1081/2/1 1082/2/1 1077/2/1
f 1077/2/1 1082/2/1 1078/2/1
f 1083/2/1 1084/2/1 1079/2/1
f 1079/2/1 1084/2/1 1080/2/1
f 1085/3/1 1086/3/1 1083/3/1
f 1083/3/1 1086/3/1 1084/3/1
f 1087/5/1 1088/5/1 1081/5/1
f 1081/5/1 1088/5/1 1082/5/1
f 1089/2/1 1090/2/1 1085/2/1
f 1085/2/1 1090/2/1 1086/2/1
f 1091/2/1 1092/2/1 1087/2/1
f 1087/2/1 1092/2/1 1088/2/1
f 1093/3/1 1094/3/1 1089/3/1
f 1089/3/1 1094/3/1 1090/3/1
f 1095/5/1 1096/5/1 1091/5/1
f 1091/5/1 1096/5/1 1092/5/1
f 1097/2/1 1098/2/1 1093/2/1
f 1093/2/1 1098/2/1 1094/2/1
f 1099/2/1 1100/2/1 1095/2/1
f 1095/2/1 1100/2/1 1096/2/1
f 1101/3/1 1102/3/1 1097/3/1
f 1097/3/1 1102/3/1 1098/3/1
f 1103/5/1 1104/5/1 1099/5/1
f 1099/5/1 1104/5/1 1100/5/1
f 1105/2/1 1106/2/1 1101/2/1
f 1101/2/1 1106/2/1 1102/2/1
f 1107/2/1 1108/2/1 1103/2/1
f 1103/2/1 1108/2/1 1104/2/1
f 1109/3/1 1110/3/1 1105/3/1
f 1105/3/1 1110/3/1 1106/3/1
f 1111/5/1 1112/5/1 1107/5/1
f 1107/5/1 1112/5/1 1108/5/1
f 1113/2/1 1114/2/1 1109/2/1
f 1109/2/1 1114/2/1 1110/2/1
f 1115/2/1 1116/2/1 1111/2/1
f 1111/2/1 1116/2/1 1112/2/1
f 1117/3/1 1118/3/1 1113/3/1
f 1113/3/1 1118/3/1 1114/3/1
f 1119/5/1 1120/5/1 1115/5/1
f 1115/5/1 1120/5/1 1116/5/1
f 1121/2/1 1122/2/1 1117/2/1
f 1117/2/1 1122/2/1 1118/2/1
f 1123/2/1 1124/2/1 1119/2/1
f 1119/2/1 1124/2/1 1120/2/1
f 1125/3/1 1126/3/1 1121/3/1
f 1121/3/1 1126/3/1 1122/3/1
f 1127/5/1 1128/5/1 1123/5/1
f 1123/5/1 1128/5/1 1124/5/1
f 1129/2/1 1130/2/1 1125/2/1
f 1125/2/1 1130/2/1 1126/2/1
f 1131/2/1 1132/2/1 1127/2/1
f 1127/2/1 1132/2/1 1128/2/1
f 1133/3/1 1134/3/1 1129/3/1
f 1129/3/1 1134/3/1 1130/3/1
f 1135/5/1 1136/5/1 1131/5/1
f 1131/5/1 1136/5/1 1132/5/1
f 1137/2/1 1138/2/1 1133/2/1
f 1133/2/1 1138/2/1 1134/2/1
f 1139/2/1 1140/2/1 1135/2/1
f 1135/2/1 1140/2/1 1136/2/1
f 1141/3/1 1142/3/1 1137/3/1
f 1137/3/1 1142/3/1 1138/3/1
f 1143/5/1 1144/5/1 1139/5/1
f 1139/5/1 1144/5/1 1140/5/1
f 1145/2/1 1146/2/1 1141/2/1
f 1141/2/1 1146/2/1 1142/2/1
f 1147/5/1 1148/5/1 1000/5/1
f 1000/5/1 1148/5/1 1001/5/1
f 1148/2/1 1149/2/1 1143/2/1
f 1143/2/1 1149/2/1 1144/2/1
f 1150/3/1 1151/3/1 1145/3/1
f 1145/3/1 1151/3/1 1146/3/1
f 1152/2/1 1153/2/1 1147/2/1
f 1147/2/1 1153/2/1 1148/2/1
f 1153/5/1 1154/5/1 1148/5/1
f 1148/5/1 1154/5/1 1149/5/1
f 1155/2/1 1156/2/1 1150/2/1
f 1150/2/1 1156/2/1 1151/2/1
f 1157/5/1 1158/5/1 1152/5/1
f 1152/5/1 1158/5/1 1153/5/1
f 1158/2/1 1159/2/1 1153/2/1
f 1153/2/1 1159/2/1 1154/2/1
f 1160/3/1 1161/3/1 1155/3/1
f 1155/3/1 1161/3/1 1156/3/1
f 625/5/1 1162/5/1 249/5/1
f 249/5/1 1162/5/1 836/5/1
f 1162/5/1 1163/5/1 854/5/1
f 854/5/1 1163/5/1 855/5/1
f 1163/5/1 1164/5/1 872/5/1
f 872/5/1 1164/5/1 873/5/1
f 1164/5/1 1165/5/1 856/5/1
f 856/5/1 1165/5/1 857/5/1
f 1165/5/1 1166/5/1 874/5/1
f 874/5/1 1166/5/1 875/5/1
f 1166/5/1 1167/5/1 889/5/1
f 889/5/1 1167/5/1 890/5/1
f 1167/5/1 1168/5/1 876/5/1
f 876/5/1 1168/5/1 877/5/1
f 1168/5/1 1169/5/1 891/5/1
f 891/5/1 1169/5/1 892/5/1
f 1169/5/1 1170/5/1 903/5/1
f 903/5/1 1170/5/1 904/5/1
f 1170/5/1 1171/5/1 914/5/1
f 914/5/1 1171/5/1 915/5/1
f 1171/5/1 1172/5/1 924/5/1
f 924/5/1 1172/5/1 925/5/1
f 1172/5/1 1173/5/1 933/5/1
f 933/5/1 1173/5/1 934/5/1
f 1173/5/1 1174/5/1 955/5/1
f 955/5/1 1174/5/1 956/5/1
f 1174/5/1 1175/5/1 974/5/1
f 974/5/1 1175/5/1 975/5/1
f 1175/2/1 1176/2/1 1157/2/1
f 1157/2/1 1176/2/1 1158/2/1
f 1176/5/1 1177/5/1 1158/5/1
f 1158/5/1 1177/5/1 1159/5/1
f 1177/2/1 1178/2/1 812/2/1
f 812/2/1 1178/2/1 817/2/1
f 1178/2/1 1179/2/1 1160/2/1
f 1160/2/1 1179/2/1 1161/2/1
f 629/1/2 628/1/2 1181/1/2
f 1181/1/2 628/1/2 1180/1/2
f 1182/1/5 1183/1/5 1180/1/5
f 1180/1/5 1183/1/5 1181/1/5
f 1184/6/5 1185/6/5 1182/6/5
f 1182/6/5 1185/6/5 1183/6/5
f 1186/1/5 1187/1/5 1184/1/5
f 1184/1/5 1187/1/5 1185/1/5
f 1188/6/5 1189/6/5 1186/6/5
f 1186/6/5 1189/6/5 1187/6/5
f 1190/1/5 1191/1/5 1188/1/5
f 1188/1/5 1191/1/5 1189/1/5
f 1192/4/5 1193/4/5 1190/4/5
f 1190/4/5 1193/4/5 1191/4/5
f 1194/1/5 1195/1/5 1192/1/5
f 1192/1/5 1195/1/5 1193/1/5
f 1196/4/5 1197/4/5 1194/4/5
f 1194/4/5 1197/4/5 1195/4/5
f 1198/1/5 1199/1/5 1196/1/5
f 1196/1/5 1199/1/5 1197/1/5
f 1200/7/5 1201/7/5 1198/7/5
f 1198/7/5 1201/7/5 1199/7/5
f 816/3/5 815/3/5 1200/3/5
f 1200/3/5 815/3/5 1202/3/5
f 815/2/5 835/2/5 1202/2/5
f 1202/2/5 835/2/5 1203/2/5
f 835/3/5 853/3/5 1203/3/5
f 1203/3/5 853/3/5 1204/3/5
f 853/2/5 871/2/5 1204/2/5
f 1204/2/5 871/2/5 1205/2/5
f 871/3/5 888/3/5 1205/3/5
f 1205/3/5 888/3/5 1206/3/5
f 888/2/5 902/2/5 1206/2/5
f 1206/2/5 902/2/5 1207/2/5
f 902/3/5 913/3/5 1207/3/5
f 1207/3/5 913/3/5 1208/3/5
f 913/2/5 923/2/5 1208/2/5
f 1208/2/5 923/2/5 1209/2/5
f 923/3/5 932/3/5 1209/3/5
f 1209/3/5 932/3/5 1210/3/5
f 932/2/5 940/2/5 1210/2/5
f 1210/2/5 940/2/5 1211/2/5
f 940/3/5 947/3/5 1211/3/5
f 1211/3/5 947/3/5 1212/3/5
f 947/2/5 954/2/5 1212/2/5
f 1212/2/5 954/2/5 1213/2/5
f 954/3/5 961/3/5 1213/3/5
f 1213/3/5 961/3/5 1214/3/5
f 961/2/5 967/2/5 1214/2/5
f 1214/2/5 967/2/5 1215/2/5
f 967/3/5 973/3/5 1215/3/5
f 1215/3/5 973/3/5 1216/3/5
f 973/2/5 979/2/5 1216/2/5
f 1216/2/5 979/2/5 1217/2/5
f 979/3/5 984/3/5 1217/3/5
f 1217/3/5 984/3/5 1218/3/5
f 984/2/5 989/2/5 1218/2/5
f 1218/2/5 989/2/5 1219/2/5
f 989/3/5 994/3/5 1219/3/5
f 1219/3/5 994/3/5 1220/3/5
f 994/2/5 999/2/5 1220/2/5
f 1220/2/5 999/2/5 1221/2/5
f 999/3/5 1004/3/5 1221/3/5
f 1221/3/5 1004/3/5 1222/3/5
f 1004/2/5 1008/2/5 1222/2/5
f 1222/2/5 1008/2/5 1223/2/5
f 1008/3/5 1012/3/5 1223/3/5
f 1223/3/5 1012/3/5 1224/3/5
f 1012/2/5 1016/2/5 1224/2/5
f 1224/2/5 1016/2/5 1225/2/5
f 1016/3/5 1020/3/5 1225/3/5
f 1225/3/5 1020/3/5 1226/3/5
f 1020/2/5 1024/2/5 1226/2/5
f 1226/2/5 1024/2/5 1227/2/5
f 1024/3/5 1028/3/5 1227/3/5
f 1227/3/5 1028/3/5 1228/3/5
f 1028/2/5 1032/2/5 1228/2/5
f 1228/2/5 1032/2/5 1229/2/5
f 1032/3/5 1036/3/5 1229/3/5
f 1229/3/5 1036/3/5 1230/3/5
f 1036/2/5 1040/2/5 1230/2/5
f 1230/2/5 1040/2/5 1231/2/5
f 1040/3/5 1044/3/5 1231/3/5
f 1231/3/5 1044/3/5 1232/3/5
f 1044/2/5 1048/2/5 1232/2/5
f 1232/2/5 1048/2/5 1233/2/5
f 1048/3/5 1052/3/5 1233/3/5
f 1233/3/5 1052/3/5 1234/3/5
f 1052/2/5 1056/2/5 1234/2/5
f 1234/2/5 1056/2/5 1235/2/5
f 1056/3/5 1060/3/5 1235/3/5
f 1235/3/5 1060/3/5 1236/3/5
f 1060/2/5 1064/2/5 1236/2/5
f 1236/2/5 1064/2/5 1237/2/5
f 1064/3/5 1066/3/5 1237/3/5
f 1237/3/5 1066/3/5 1238/3/5
f 1066/2/5 1070/2/5 1238/2/5
f 1238/2/5 1070/2/5 1239/2/5
f 1070/3/5 1074/3/5 1239/3/5
f 1239/3/5 1074/3/5 1240/3/5
f 1074/2/5 1076/2/5 1240/2/5
f 1240/2/5 1076/2/5 1241/2/5
f 1076/3/5 1080/3/5 1241/3/5
f 1241/3/5 1080/3/5 1242/3/5
f 1080/2/5 1084/2/5 1242/2/5
f 1242/2/5 1084/2/5 1243/2/5
f 1084/3/5 1086/3/5 1243/3/5
f 1243/3/5 1086/3/5 1244/3/5
f 1086/2/5 1090/2/5 1244/2/5
f 1244/2/5 1090/2/5 1245/2/5
f 1090/3/5 1094/3/5 1245/3/5
f 1245/3/5 1094/3/5 1246/3/5
f 1094/2/5 1098/2/5 1246/2/5
f 1246/2/5 1098/2/5 1247/2/5
f 1098/3/5 1102/3/5 1247/3/5
f 1247/3/5 1102/3/5 1248/3/5
f 1102/2/5 1106/2/5 1248/2/5
f 1248/2/5 1106/2/5 1249/2/5
f 1106/3/5 1110/3/5 1249/3/5
f 1249/3/5 1110/3/5 1250/3/5
f 1110/2/5 1114/2/5 1250/2/5
f 1250/2/5 1114/2/5 1251/2/5
f 1114/3/5 1118/3/5 1251/3/5
f 1251/3/5 1118/3/5 1252/3/5
f 1118/2/5 1122/2/5 1252/2/5
f 1252/2/5 1122/2/5 1253/2/5
f 1122/3/5 1126/3/5 1253/3/5
f 1253/3/5 1126/3/5 1254/3/5
f 1126/2/5 1130/2/5 1254/2/5
f 1254/2/5 1130/2/5 1255/2/5
f 1130/3/5 1134/3/5 1255/3/5
f 1255/3/5 1134/3/5 1256/3/5
f 1134/2/5 1138/2/5 1256/2/5
f 1256/2/5 1138/2/5 1257/2/5
f 1138/3/5 1142/3/5 1257/3/5
f 1257/3/5 1142/3/5 1258/3/5
f 1142/2/5 1146/2/5 1258/2/5
f 1258/2/5 1146/2/5 1259/2/5
f 1146/3/5 1151/3/5 1259/3/5
f 1259/3/5 1151/3/5 1260/3/5
f 1151/2/5 1156/2/5 1260/2/5
f 1260/2/5 1156/2/5 1261/2/5
f 1156/3/5 1161/3/5 1261/3/5
f 1261/3/5 1161/3/5 1262/3/5
f 1161/2/5 1179/2/5 1262/2/5
f 1262/2/5 1179/2/5 1201/2/5
f 1263/2/4 781/2/4 785/2/4
f 785/2/4 781/2/4 125/2/4
f 1264/3/4 1263/3/4 784/3/4
f 784/3/4 1263/3/4 785/3/4
f 1265/2/4 1264/2/4 789/2/4
f 789/2/4 1264/2/4 784/2/4
f 1266/3/4 1265/3/4 788/3/4
f 788/3/4 1265/3/4 789/3/4
f 1267/2/4 1266/2/4 793/2/4
f 793/2/4 1266/2/4 788/2/4
f 1268/3/4 1267/3/4 792/3/4
f 792/3/4 1267/3/4 793/3/4
f 1269/2/4 1268/2/4 797/2/4
f 797/2/4 1268/2/4 792/2/4
f 1270/3/4 1269/3/4 796/3/4
f 796/3/4 1269/3/4 797/3/4
f 1271/2/4 1270/2/4 801/2/4
f 801/2/4 1270/2/4 796/2/4
f 1272/3/4 1271/3/4 800/3/4
f 800/3/4 1271/3/4 801/3/4
f 1273/2/4 1272/2/4 805/2/4
f 805/2/4 1272/2/4 800/2/4
f 1274/3/4 1273/3/4 804/3/4
f 804/3/4 1273/3/4 805/3/4
f 1275/2/4 1274/2/4 809/2/4
f 809/2/4 1274/2/4 804/2/4
f 1276/3/4 1275/3/4 808/3/4
f 808/3/4 1275/3/4 809/3/4
f 1277/2/4 1276/2/4 813/2/4
f 813/2/4 1276/2/4 808/2/4
f 1278/3/4 1277/3/4 812/3/4
f 812/3/4 1277/3/4 813/3/4
f 1279/2/4 1278/2/4 817/2/4
f 817/2/4 1278/2/4 812/2/4
f 1180/1/4 628/1/4 1182/1/4
f 1182/1/4 628/1/4 772/1/4
f 1182/6/4 772/6/4 1184/6/4
f 1184/6/4 772/6/4 773/6/4
f 1184/1/4 773/1/4 1186/1/4
f 1186/1/4 773/1/4 774/1/4
f 1186/6/4 774/6/4 1188/6/4
f 1188/6/4 774/6/4 775/6/4
f 1188/1/4 775/1/4 1190/1/4
f 1190/1/4 775/1/4 776/1/4
f 1190/4/4 776/4/4 1192/4/4
f 1192/4/4 776/4/4 777/4/4
f 1192/1/4 777/1/4 1194/1/4
f 1194/1/4 777/1/4 778/1/4
f 1194/4/4 778/4/4 1196/4/4
f 1196/4/4 778/4/4 779/4/4
f 1196/1/4 779/1/4 1198/1/4
f 1198/1/4 779/1/4 780/1/4
f 1198/7/4 780/7/4 1200/7/4
f 1200/7/4 780/7/4 781/7/4
f 1200/3/4 1279/3/4 816/3/4
f 816/3/4 1279/3/4 817/3/4
f 1280/2/1 1281/2/1 566/2/1
f 566/2/1 1281/2/1 569/2/1
f 1281/5/1 1282/5/1 569/5/1
f 569/5/1 1282/5/1 625/5/1
f 1283/3/1 1284/3/1 1280/3/1
f 1280/3/1 1284/3/1 1285/3/1
f 1286/5/1 1287/5/1 1288/5/1
f 1288/5/1 1287/5/1 1281/5/1
f 1287/2/1 1289/2/1 1281/2/1
f 1281/2/1 1289/2/1 1290/2/1
f 1289/5/1 1291/5/1 1290/5/1
f 1290/5/1 1291/5/1 1282/5/1
f 1292/2/1 1293/2/1 1283/2/1
f 1283/2/1 1293/2/1 1284/2/1
f 1294/2/1 1295/2/1 1286/2/1
f 1286/2/1 1295/2/1 1287/2/1
f 1295/5/1 1296/5/1 1287/5/1
f 1287/5/1 1296/5/1 1289/5/1
f 1296/2/1 1297/2/1 1289/2/1
f 1289/2/1 1297/2/1 1298/2/1
f 1299/3/1 1300/3/1 1292/3/1
f 1292/3/1 1300/3/1 1293/3/1
f 1301/5/1 1302/5/1 1294/5/1
f 1294/5/1 1302/5/1 1295/5/1
f 1302/2/1 1303/2/1 1295/2/1
f 1295/2/1 1303/2/1 1296/2/1
f 1303/5/1 1304/5/1 1296/5/1
f 1296/5/1 1304/5/1 1297/5/1
f 1305/2/1 1306/2/1 1299/2/1
f 1299/2/1 1306/2/1 1300/2/1
f 1307/2/1 1308/2/1 1301/2/1
f 1301/2/1 1308/2/1 1302/2/1
f 1308/5/1 1309/5/1 1302/5/1
f 1302/5/1 1309/5/1 1303/5/1
f 1309/2/1 1310/2/1 1303/2/1
f 1303/2/1 1310/2/1 1304/2/1
f 1310/5/1 1311/5/1 1298/5/1
f 1298/5/1 1311/5/1 1291/5/1
f 1312/3/1 1313/3/1 1305/3/1
f 1305/3/1 1313/3/1 1306/3/1
f 1314/5/1 1315/5/1 1307/5/1
f 1307/5/1 1315/5/1 1308/5/1
f 1315/2/1 1316/2/1 1308/2/1
f 1308/2/1 1316/2/1 1309/2/1
f 1316/5/1 1317/5/1 1309/5/1
f 1309/5/1 1317/5/1 1310/5/1
f 1317/2/1 1318/2/1 1310/2/1
f 1310/2/1 1318/2/1 1319/2/1
f 1320/2/1 1321/2/1 1312/2/1
f 1312/2/1 1321/2/1 1313/2/1
f 1322/2/1 1323/2/1 1314/2/1
f 1314/2/1 1323/2/1 1315/2/1
f 1323/5/1 1324/5/1 1315/5/1
f 1315/5/1 1324/5/1 1316/5/1
f 1324/2/1 1325/2/1 1316/2/1
f 1316/2/1 1325/2/1 1317/2/1
f 1325/5/1 1326/5/1 1317/5/1
f 1317/5/1 1326/5/1 1318/5/1
f 1327/3/1 1328/3/1 1320/3/1
f 1320/3/1 1328/3/1 1321/3/1
f 1329/5/1 1330/5/1 1322/5/1
f 1322/5/1 1330/5/1 1323/5/1
f 1330/2/1 1331/2/1 1323/2/1
f 1323/2/1 1331/2/1 1324/2/1
f 1331/5/1 1332/5/1 1324/5/1
f 1324/5/1 1332/5/1 1325/5/1
f 1332/2/1 1333/2/1 1325/2/1
f 1325/2/1 1333/2/1 1326/2/1
f 1333/5/1 1334/5/1 1319/5/1
f 1319/5/1 1334/5/1 1311/5/1
f 1335/2/1 1336/2/1 1327/2/1
f 1327/2/1 1336/2/1 1328/2/1
f 1337/2/1 1338/2/1 1329/2/1
f 1329/2/1 1338/2/1 1330/2/1
f 1338/5/1 1339/5/1 1330/5/1
f 1330/5/1 1339/5/1 1331/5/1
f 1339/2/1 1340/2/1 1331/2/1
f 1331/2/1 1340/2/1 1332/2/1
f 1340/5/1 1341/5/1 1332/5/1
f 1332/5/1 1341/5/1 1333/5/1
f 1341/2/1 1342/2/1 1333/2/1
f 1333/2/1 1342/2/1 1343/2/1
f 1342/5/1 1344/5/1 1343/5/1
f 1343/5/1 1344/5/1 1334/5/1
f 1345/3/1 1346/3/1 1335/3/1
f 1335/3/1 1346/3/1 1336/3/1
f 1347/5/1 1348/5/1 1337/5/1
f 1337/5/1 1348/5/1 1338/5/1
f 1348/2/1 1349/2/1 1338/2/1
f 1338/2/1 1349/2/1 1339/2/1
f 1349/5/1 1350/5/1 1339/5/1
f 1339/5/1 1350/5/1 1340/5/1
f 1350/2/1 1351/2/1 1340/2/1
f 1340/2/1 1351/2/1 1341/2/1
f 1351/5/1 1352/5/1 1341/5/1
f 1341/5/1 1352/5/1 1342/5/1
f 1352/2/1 1353/2/1 1342/2/1
f 1342/2/1 1353/2/1 1354/2/1
f 1353/5/1 1355/5/1 1354/5/1
f 1354/5/1 1355/5/1 1344/5/1
f 1356/2/1 1357/2/1 1345/2/1
f 1345/2/1 1357/2/1 1346/2/1
f 1358/2/1 1359/2/1 1347/2/1
f 1347/2/1 1359/2/1 1348/2/1
f 1359/5/1 1360/5/1 1348/5/1
f 1348/5/1 1360/5/1 1349/5/1
f 1360/2/1 1361/2/1 1349/2/1
f 1349/2/1 1361/2/1 1350/2/1
f 1361/5/1 1362/5/1 1350/5/1
f 1350/5/1 1362/5/1 1351/5/1
f 1362/2/1 1363/2/1 1351/2/1
f 1351/2/1 1363/2/1 1352/2/1
f 1363/5/1 1364/5/1 1352/5/1
f 1352/5/1 1364/5/1 1353/5/1
f 1364/2/1 1365/2/1 1353/2/1
f 1353/2/1 1365/2/1 1366/2/1
f 1365/5/1 1367/5/1 1366/5/1
f 1366/5/1 1367/5/1 1355/5/1
f 1368/3/1 1369/3/1 1356/3/1
f 1356/3/1 1369/3/1 1357/3/1
f 1370/5/1 1371/5/1 1358/5/1
f 1358/5/1 1371/5/1 1359/5/1
f 1371/2/1 1372/2/1 1359/2/1
f 1359/2/1 1372/2/1 1360/2/1
f 1372/5/1 1373/5/1 1360/5/1
f 1360/5/1 1373/5/1 1361/5/1
f 1373/2/1 1374/2/1 1361/2/1
f 1361/2/1 1374/2/1 1362/2/1
f 1374/5/1 1375/5/1 1362/5/1
f 1362/5/1 1375/5/1 1363/5/1
f 1375/2/1 1376/2/1 1363/2/1
f 1363/2/1 1376/2/1 1364/2/1
f 1376/5/1 1377/5/1 1364/5/1
f 1364/5/1 1377/5/1 1365/5/1
f 1377/2/1 1378/2/1 1365/2/1
f 1365/2/1 1378/2/1 1379/2/1
f 1378/5/1 1380/5/1 1379/5/1
f 1379/5/1 1380/5/1 1367/5/1
f 1381/2/1 1382/2/1 1368/2/1
f 1368/2/1 1382/2/1 1369/2/1
f 1383/2/1 1384/2/1 1370/2/1
f 1370/2/1 1384/2/1 1371/2/1
f 1384/5/1 1385/5/1 1371/5/1
f 1371/5/1 1385/5/1 1372/5/1
f 1385/2/1 1386/2/1 1372/2/1
f 1372/2/1 1386/2/1 1373/2/1
f 1386/5/1 1387/5/1 1373/5/1
f 1373/5/1 1387/5/1 1374/5/1
f 1387/2/1 1388/2/1 1374/2/1
f 1374/2/1 1388/2/1 1375/2/1
f 1388/5/1 1389/5/1 1375/5/1
f 1375/5/1 1389/5/1 1376/5/1
f 1389/2/1 1390/2/1 1376/2/1
f 1376/2/1 1390/2/1 1377/2/1
f 1390/5/1 1391/5/1 1377/5/1
f 1377/5/1 1391/5/1 1378/5/1
f 1391/2/1 1392/2/1 1378/2/1
f 1378/2/1 1392/2/1 1393/2/1
f 1392/5/1 1394/5/1 1393/5/1
f 1393/5/1 1394/5/1 1395/5/1
f 1394/2/1 1396/2/1 1395/2/1
f 1395/2/1 1396/2/1 1397/2/1
f 1396/5/1 1398/5/1 1397/5/1
f 1397/5/1 1398/5/1 1380/5/1
f 1399/3/1 1400/3/1 1381/3/1
f 1381/3/1 1400/3/1 1382/3/1
f 1401/5/1 1402/5/1 1383/5/1
f 1383/5/1 1402/5/1 1384/5/1
f 1402/2/1 1403/2/1 1384/2/1
f 1384/2/1 1403/2/1 1385/2/1
f 1403/5/1 1404/5/1 1385/5/1
f 1385/5/1 1404/5/1 1386/5/1
f 1404/2/1 1405/2/1 1386/2/1
f 1386/2/1 1405/2/1 1387/2/1
f 1405/5/1 1406/5/1 1387/5/1
f 1387/5/1 1406/5/1 1388/5/1
f 1406/2/1 1407/2/1 1388/2/1
f 1388/2/1 1407/2/1 1389/2/1
f 1407/5/1 1408/5/1 1389/5/1
f 1389/5/1 1408/5/1 1390/5/1
f 1408/2/1 1409/2/1 1390/2/1
f 1390/2/1 1409/2/1 1391/2/1
f 1409/5/1 1410/5/1 1391/5/1
f 1391/5/1 1410/5/1 1392/5/1
f 1410/2/1 1411/2/1 1392/2/1
f 1392/2/1 1411/2/1 1394/2/1
f 1411/5/1 1412/5/1 1394/5/1
f 1394/5/1 1412/5/1 1396/5/1
f 1412/2/1 1413/2/1 1396/2/1
f 1396/2/1 1413/2/1 1414/2/1
f 1413/5/1 1415/5/1 1414/5/1
f 1414/5/1 1415/5/1 1416/5/1
f 1415/2/1 1417/2/1 1416/2/1
f 1416/2/1 1417/2/1 1418/2/1
f 1417/5/1 1419/5/1 1418/5/1
f 1418/5/1 1419/5/1 1398/5/1
f 1420/2/1 1421/2/1 1399/2/1
f 1399/2/1 1421/2/1 1400/2/1
f 1422/2/1 1423/2/1 1401/2/1
f 1401/2/1 1423/2/1 1402/2/1
f 1423/5/1 1424/5/1 1402/5/1
f 1402/5/1 1424/5/1 1403/5/1
f 1424/2/1 1425/2/1 1403/2/1
f 1403/2/1 1425/2/1 1404/2/1
f 1425/5/1 1426/5/1 1404/5/1
f 1404/5/1 1426/5/1 1405/5/1
f 1426/2/1 1427/2/1 1405/2/1
f 1405/2/1 1427/2/1 1406/2/1
f 1427/5/1 1428/5/1 1406/5/1
f 1406/5/1 1428/5/1 1407/5/1
f 1428/2/1 1429/2/1 1407/2/1
f 1407/2/1 1429/2/1 1408/2/1
f 1429/5/1 1430/5/1 1408/5/1
f 1408/5/1 1430/5/1 1409/5/1
f 1430/2/1 1431/2/1 1409/2/1
f 1409/2/1 1431/2/1 1410/2/1
f 1431/5/1 1432/5/1 1410/5/1
f 1410/5/1 1432/5/1 1411/5/1
f 1432/2/1 1433/2/1 1411/2/1
f 1411/2/1 1433/2/1 1412/2/1
f 1433/5/1 1434/5/1 1412/5/1
f 1412/5/1 1434/5/1 1413/5/1
f 1434/2/1 1435/2/1 1413/2/1
f 1413/2/1 1435/2/1 1415/2/1
f 1435/5/1 1436/5/1 1415/5/1
f 1415/5/1 1436/5/1 1417/5/1
f 1436/2/1 1437/2/1 1417/2/1
f 1417/2/1 1437/2/1 1438/2/1
f 1437/5/1 1439/5/1 1438/5/1
f 1438/5/1 1439/5/1 1440/5/1
f 1439/2/1 1441/2/1 1440/2/1
f 1440/2/1 1441/2/1 1442/2/1
f 1441/5/1 1443/5/1 1442/5/1
f 1442/5/1 1443/5/1 1444/5/1
f 1443/2/1 1445/2/1 1444/2/1
f 1444/2/1 1445/2/1 1446/2/1
f 1445/5/1 1447/5/1 1446/5/1
f 1446/5/1 1447/5/1 1448/5/1
f 1447/2/1 1449/2/1 1448/2/1
f 1448/2/1 1449/2/1 1450/2/1
f 1449/5/1 1451/5/1 1450/5/1
f 1450/5/1 1451/5/1 1452/5/1
f 1451/2/1 1453/2/1 1452/2/1
f 1452/2/1 1453/2/1 1419/2/1
f 1454/3/1 1455/3/1 1420/3/1
f 1420/3/1 1455/3/1 1421/3/1
f 1456/5/1 1457/5/1 1422/5/1
f 1422/5/1 1457/5/1 1423/5/1
f 1458/5/1 1459/5/1 1424/5/1
f 1424/5/1 1459/5/1 1425/5/1
f 1460/5/1 1461/5/1 1426/5/1
f 1426/5/1 1461/5/1 1427/5/1
f 1462/5/1 1463/5/1 1428/5/1
f 1428/5/1 1463/5/1 1429/5/1
f 1464/5/1 1465/5/1 1430/5/1
f 1430/5/1 1465/5/1 1431/5/1
f 1466/5/1 1467/5/1 1432/5/1
f 1432/5/1 1467/5/1 1433/5/1
f 1468/5/1 1469/5/1 1434/5/1
f 1434/5/1 1469/5/1 1435/5/1
f 1470/5/1 1471/5/1 1436/5/1
f 1436/5/1 1471/5/1 1437/5/1
f 1472/5/1 1473/5/1 1439/5/1
f 1439/5/1 1473/5/1 1441/5/1
f 1474/5/1 1475/5/1 1443/5/1
f 1443/5/1 1475/5/1 1445/5/1
f 1476/5/1 1477/5/1 1479/5/1
f 1479/5/1 1477/5/1 1478/5/1
f 1480/5/1 1481/5/1 1483/5/1
f 1483/5/1 1481/5/1 1482/5/1
f 1484/5/1 1485/5/1 1487/5/1
f 1487/5/1 1485/5/1 1486/5/1
f 1488/5/1 1489/5/1 1491/5/1
f 1491/5/1 1489/5/1 1490/5/1
f 1492/5/1 1493/5/1 1495/5/1
f 1495/5/1 1493/5/1 1494/5/1
f 1496/5/1 1497/5/1 1499/5/1
f 1499/5/1 1497/5/1 1498/5/1
f 1500/5/1 1501/5/1 1503/5/1
f 1503/5/1 1501/5/1 1502/5/1
f 1504/5/1 1505/5/1 1507/5/1
f 1507/5/1 1505/5/1 1506/5/1
f 1508/5/1 1509/5/1 1511/5/1
f 1511/5/1 1509/5/1 1510/5/1
f 1512/5/1 1513/5/1 1515/5/1
f 1515/5/1 1513/5/1 1514/5/1
f 1516/5/1 1517/5/1 1519/5/1
f 1519/5/1 1517/5/1 1518/5/1
f 1520/5/1 1521/5/1 1523/5/1
f 1523/5/1 1521/5/1 1522/5/1
f 1524/5/1 1525/5/1 1527/5/1
f 1527/5/1 1525/5/1 1526/5/1
f 1528/5/1 1529/5/1 1531/5/1
f 1531/5/1 1529/5/1 1530/5/1
f 1532/5/1 1533/5/1 1535/5/1
f 1535/5/1 1533/5/1 1534/5/1
f 1536/5/1 1537/5/1 1539/5/1
f 1539/5/1 1537/5/1 1538/5/1
f 1540/5/1 1541/5/1 1543/5/1
f 1543/5/1 1541/5/1 1542/5/1
f 1544/5/1 1545/5/1 1447/5/1
f 1447/5/1 1545/5/1 1449/5/1
f 1546/5/1 1547/5/1 1451/5/1
f 1451/5/1 1547/5/1 1453/5/1
f 1548/2/1 1549/2/1 1454/2/1
f 1454/2/1 1549/2/1 1455/2/1
f 1550/2/1 1551/2/1 1456/2/1
f 1456/2/1 1551/2/1 1457/2/1
f 1552/2/1 1553/2/1 1458/2/1
f 1458/2/1 1553/2/1 1459/2/1
f 1554/2/1 1555/2/1 1460/2/1
f 1460/2/1 1555/2/1 1461/2/1
f 1556/2/1 1557/2/1 1462/2/1
f 1462/2/1 1557/2/1 1463/2/1
f 1558/2/1 1559/2/1 1464/2/1
f 1464/2/1 1559/2/1 1465/2/1
f 1560/2/1 1561/2/1 1466/2/1
f 1466/2/1 1561/2/1 1467/2/1
f 1562/2/1 1563/2/1 1468/2/1
f 1468/2/1 1563/2/1 1469/2/1
f 1564/2/1 1565/2/1 1470/2/1
f 1470/2/1 1565/2/1 1471/2/1
f 1566/2/1 1567/2/1 1472/2/1
f 1472/2/1 1567/2/1 1473/2/1
f 1568/2/1 1569/2/1 1474/2/1
f 1474/2/1 1569/2/1 1475/2/1
f 1570/2/1 1571/2/1 1476/2/1
f 1476/2/1 1571/2/1 1477/2/1
f 1572/2/1 1573/2/1 1480/2/1
f 1480/2/1 1573/2/1 1481/2/1
f 1574/2/1 1575/2/1 1484/2/1
f 1484/2/1 1575/2/1 1485/2/1
f 1576/2/1 1577/2/1 1488/2/1
f 1488/2/1 1577/2/1 1489/2/1
f 1578/2/1 1579/2/1 1492/2/1
f 1492/2/1 1579/2/1 1493/2/1
f 1580/2/1 1581/2/1 1496/2/1
f 1496/2/1 1581/2/1 1497/2/1
f 1582/2/1 1583/2/1 1500/2/1
f 1500/2/1 1583/2/1 1501/2/1
f 1584/2/1 1585/2/1 1504/2/1
f 1504/2/1 1585/2/1 1505/2/1
f 1585/2/1 1586/2/1 1506/2/1
f 1506/2/1 1586/2/1 1511/2/1
f 1587/2/1 1588/2/1 1589/2/1
f 1589/2/1 1588/2/1 1509/2/1
f 1590/2/1 1591/2/1 1512/2/1
f 1512/2/1 1591/2/1 1513/2/1
f 1591/2/1 1592/2/1 1514/2/1
f 1514/2/1 1592/2/1 1519/2/1
f 1593/2/1 1594/2/1 1518/2/1
f 1518/2/1 1594/2/1 1523/2/1
f 1595/2/1 1596/2/1 1522/2/1
f 1522/2/1 1596/2/1 1527/2/1
f 1597/2/1 1598/2/1 1526/2/1
f 1526/2/1 1598/2/1 1531/2/1
f 1599/2/1 1600/2/1 1530/2/1
f 1530/2/1 1600/2/1 1535/2/1
f 1601/2/1 1602/2/1 1534/2/1
f 1534/2/1 1602/2/1 1539/2/1
f 1603/2/1 1604/2/1 1538/2/1
f 1538/2/1 1604/2/1 1543/2/1
f 1605/2/1 1606/2/1 1542/2/1
f 1542/2/1 1606/2/1 1447/2/1
f 1607/2/1 1608/2/1 1449/2/1
f 1449/2/1 1608/2/1 1451/2/1
f 1609/3/1 1610/3/1 1548/3/1
f 1548/3/1 1610/3/1 1549/3/1
f 1610/2/1 1611/2/1 1285/2/1
f 1285/2/1 1611/2/1 1288/2/1
f 1611/3/1 1612/3/1 1550/3/1
f 1550/3/1 1612/3/1 1551/3/1
f 1612/2/1 1613/2/1 1423/2/1
f 1423/2/1 1613/2/1 1424/2/1
f 1613/3/1 1614/3/1 1552/3/1
f 1552/3/1 1614/3/1 1553/3/1
f 1614/2/1 1615/2/1 1425/2/1
f 1425/2/1 1615/2/1 1426/2/1
f 1615/3/1 1616/3/1 1554/3/1
f 1554/3/1 1616/3/1 1555/3/1
f 1616/2/1 1617/2/1 1427/2/1
f 1427/2/1 1617/2/1 1428/2/1
f 1617/3/1 1618/3/1 1556/3/1
f 1556/3/1 1618/3/1 1557/3/1
f 1618/2/1 1619/2/1 1429/2/1
f 1429/2/1 1619/2/1 1430/2/1
f 1619/3/1 1620/3/1 1558/3/1
f 1558/3/1 1620/3/1 1559/3/1
f 1620/2/1 1621/2/1 1431/2/1
f 1431/2/1 1621/2/1 1432/2/1
f 1621/3/1 1622/3/1 1560/3/1
f 1560/3/1 1622/3/1 1561/3/1
f 1622/2/1 1623/2/1 1433/2/1
f 1433/2/1 1623/2/1 1434/2/1
f 1623/3/1 1624/3/1 1562/3/1
f 1562/3/1 1624/3/1 1563/3/1
f 1624/2/1 1625/2/1 1435/2/1
f 1435/2/1 1625/2/1 1436/2/1
f 1625/3/1 1626/3/1 1564/3/1
f 1564/3/1 1626/3/1 1565/3/1
f 1626/2/1 1627/2/1 1437/2/1
f 1437/2/1 1627/2/1 1439/2/1
f 1627/3/1 1628/3/1 1566/3/1
f 1566/3/1 1628/3/1 1567/3/1
f 1628/2/1 1629/2/1 1441/2/1
f 1441/2/1 1629/2/1 1443/2/1
f 1629/3/1 1630/3/1 1568/3/1
f 1568/3/1 1630/3/1 1569/3/1
f 1630/2/1 1631/2/1 1445/2/1
f 1445/2/1 1631/2/1 1479/2/1
f 1631/3/1 1632/3/1 1570/3/1
f 1570/3/1 1632/3/1 1571/3/1
f 1632/2/1 1633/2/1 1478/2/1
f 1478/2/1 1633/2/1 1483/2/1
f 1633/3/1 1634/3/1 1572/3/1
f 1572/3/1 1634/3/1 1573/3/1
f 1634/2/1 1635/2/1 1482/2/1
f 1482/2/1 1635/2/1 1487/2/1
f 1635/3/1 1636/3/1 1574/3/1
f 1574/3/1 1636/3/1 1575/3/1
f 1636/2/1 1637/2/1 1486/2/1
f 1486/2/1 1637/2/1 1491/2/1
f 1637/3/1 1638/3/1 1576/3/1
f 1576/3/1 1638/3/1 1577/3/1
f 1638/2/1 1639/2/1 1490/2/1
f 1490/2/1 1639/2/1 1495/2/1
f 1639/3/1 1640/3/1 1578/3/1
f 1578/3/1 1640/3/1 1579/3/1
f 1640/2/1 1641/2/1 1494/2/1
f 1494/2/1 1641/2/1 1499/2/1
f 1641/3/1 1642/3/1 1580/3/1
f 1580/3/1 1642/3/1 1581/3/1
f 1642/2/1 1643/2/1 1498/2/1
f 1498/2/1 1643/2/1 1503/2/1
f 1643/3/1 1644/3/1 1582/3/1
f 1582/3/1 1644/3/1 1583/3/1
f 1644/2/1 1645/2/1 1502/2/1
f 1502/2/1 1645/2/1 1507/2/1
f 1645/3/1 1646/3/1 1584/3/1
f 1584/3/1 1646/3/1 1647/3/1
f 1646/2/1 1648/2/1 1647/2/1
f 1647/2/1 1648/2/1 1585/2/1
f 1648/3/1 1649/3/1 1585/3/1
f 1585/3/1 1649/3/1 1586/3/1
f 1649/2/1 1650/2/1 1508/2/1
f 1508/2/1 1650/2/1 1589/2/1
f 1650/3/1 1651/3/1 1587/3/1
f 1587/3/1 1651/3/1 1588/3/1
f 1651/2/1 1652/2/1 1510/2/1
f 1510/2/1 1652/2/1 1515/2/1
f 1652/3/1 1653/3/1 1590/3/1
f 1590/3/1 1653/3/1 1654/3/1
f 1653/2/1 1655/2/1 1654/2/1
f 1654/2/1 1655/2/1 1591/2/1
f 1655/3/1 1656/3/1 1591/3/1
f 1591/3/1 1656/3/1 1592/3/1
f 1656/2/1 1657/2/1 1516/2/1
f 1516/2/1 1657/2/1 1517/2/1
f 1657/3/1 1658/3/1 1593/3/1
f 1593/3/1 1658/3/1 1594/3/1
f 1658/2/1 1659/2/1 1520/2/1
f 1520/2/1 1659/2/1 1521/2/1
f 1659/3/1 1660/3/1 1595/3/1
f 1595/3/1 1660/3/1 1596/3/1
f 1660/2/1 1661/2/1 1524/2/1
f 1524/2/1 1661/2/1 1525/2/1
f 1661/3/1 1662/3/1 1597/3/1
f 1597/3/1 1662/3/1 1598/3/1
f 1662/2/1 1663/2/1 1528/2/1
f 1528/2/1 1663/2/1 1529/2/1
f 1663/3/1 1664/3/1 1599/3/1
f 1599/3/1 1664/3/1 1600/3/1
f 1664/2/1 1665/2/1 1532/2/1
f 1532/2/1 1665/2/1 1533/2/1
f 1665/3/1 1666/3/1 1601/3/1
f 1601/3/1 1666/3/1 1602/3/1
f 1666/2/1 1667/2/1 1536/2/1
f 1536/2/1 1667/2/1 1537/2/1
f 1667/3/1 1668/3/1 1603/3/1
f 1603/3/1 1668/3/1 1604/3/1
f 1668/2/1 1669/2/1 1540/2/1
f 1540/2/1 1669/2/1 1541/2/1
f 1669/3/1 1670/3/1 1605/3/1
f 1605/3/1 1670/3/1 1606/3/1
f 1670/2/1 1671/2/1 1544/2/1
f 1544/2/1 1671/2/1 1545/2/1
f 1671/3/1 1672/3/1 1607/3/1
f 1607/3/1 1672/3/1 1608/3/1
f 1672/2/1 1673/2/1 1546/2/1
f 1546/2/1 1673/2/1 1547/2/1
f 1674/1/2 626/1/2 1675/1/2
f 1675/1/2 626/1/2 629/1/2
f 631/1/3 626/1/3 1676/1/3
f 1676/1/3 626/1/3 1674/1/3
f 633/6/3 631/6/3 1677/6/3
f 1677/6/3 631/6/3 1676/6/3
f 635/1/3 633/1/3 1678/1/3
f 1678/1/3 633/1/3 1677/1/3
f 637/6/3 635/6/3 1679/6/3
f 1679/6/3 635/6/3 1678/6/3
f 639/1/3 637/1/3 1680/1/3
f 1680/1/3 637/1/3 1679/1/3
f 641/4/3 639/4/3 1681/4/3
f 1681/4/3 639/4/3 1680/4/3
f 643/1/3 641/1/3 1682/1/3
f 1682/1/3 641/1/3 1681/1/3
f 645/4/3 643/4/3 1683/4/3
f 1683/4/3 643/4/3 1682/4/3
f 647/1/3 645/1/3 1684/1/3
f 1684/1/3 645/1/3 1683/1/3
f 649/7/3 647/7/3 1685/7/3
f 1685/7/3 647/7/3 1684/7/3
f 566/2/3 649/2/3 1280/2/3
f 1280/2/3 649/2/3 1686/2/3
f 1280/3/3 1686/3/3 1283/3/3
f 1283/3/3 1686/3/3 1687/3/3
f 1283/2/3 1687/2/3 1292/2/3
f 1292/2/3 1687/2/3 1688/2/3
f 1292/3/3 1688/3/3 1299/3/3
f 1299/3/3 1688/3/3 1689/3/3
f 1299/2/3 1689/2/3 1305/2/3
f 1305/2/3 1689/2/3 1690/2/3
f 1305/3/3 1690/3/3 1312/3/3
f 1312/3/3 1690/3/3 1691/3/3
f 1312/2/3 1691/2/3 1320/2/3
f 1320/2/3 1691/2/3 1692/2/3
f 1320/3/3 1692/3/3 1327/3/3
f 1327/3/3 1692/3/3 1693/3/3
f 1327/2/3 1693/2/3 1335/2/3
f 1335/2/3 1693/2/3 1694/2/3
f 1335/3/3 1694/3/3 1345/3/3
f 1345/3/3 1694/3/3 1695/3/3
f 1345/2/3 1695/2/3 1356/2/3
f 1356/2/3 1695/2/3 1696/2/3
f 1356/3/3 1696/3/3 1368/3/3
f 1368/3/3 1696/3/3 1697/3/3
f 1368/2/3 1697/2/3 1381/2/3
f 1381/2/3 1697/2/3 1698/2/3
f 1381/3/3 1698/3/3 1399/3/3
f 1399/3/3 1698/3/3 1699/3/3
f 1399/2/3 1699/2/3 1420/2/3
f 1420/2/3 1699/2/3 1700/2/3
f 1420/3/3 1700/3/3 1454/3/3
f 1454/3/3 1700/3/3 1701/3/3
f 1454/2/3 1701/2/3 1548/2/3
f 1548/2/3 1701/2/3 1702/2/3
f 1548/3/3 1702/3/3 1609/3/3
f 1609/3/3 1702/3/3 1685/3/3
f 1703/3/6 1610/3/6 1685/3/6
f 1685/3/6 1610/3/6 1609/3/6
f 1704/2/6 1611/2/6 1703/2/6
f 1703/2/6 1611/2/6 1610/2/6
f 1705/3/6 1612/3/6 1704/3/6
f 1704/3/6 1612/3/6 1611/3/6
f 1706/2/6 1613/2/6 1705/2/6
f 1705/2/6 1613/2/6 1612/2/6
f 1707/3/6 1614/3/6 1706/3/6
f 1706/3/6 1614/3/6 1613/3/6
f 1708/2/6 1615/2/6 1707/2/6
f 1707/2/6 1615/2/6 1614/2/6
f 1709/3/6 1616/3/6 1708/3/6
f 1708/3/6 1616/3/6 1615/3/6
f 1710/2/6 1617/2/6 1709/2/6
f 1709/2/6 1617/2/6 1616/2/6
f 1711/3/6 1618/3/6 1710/3/6
f 1710/3/6 1618/3/6 1617/3/6
f 1712/2/6 1619/2/6 1711/2/6
f 1711/2/6 1619/2/6 1618/2/6
f 1713/3/6 1620/3/6 1712/3/6
f 1712/3/6 1620/3/6 1619/3/6
f 1714/2/6 1621/2/6 1713/2/6
f 1713/2/6 1621/2/6 1620/2/6
f 1715/3/6 1622/3/6 1714/3/6
f 1714/3/6 1622/3/6 1621/3/6
f 1716/2/6 1623/2/6 1715/2/6
f 1715/2/6 1623/2/6 1622/2/6
f 1717/3/6 1624/3/6 1716/3/6
f 1716/3/6 1624/3/6 1623/3/6
f 1718/2/6 1625/2/6 1717/2/6
f 1717/2/6 1625/2/6 1624/2/6
f 1719/3/6 1626/3/6 1718/3/6
f 1718/3/6 1626/3/6 1625/3/6
f 1720/2/6 1627/2/6 1719/2/6
f 1719/2/6 1627/2/6 1626/2/6
f 1721/3/6 1628/3/6 1720/3/6
f 1720/3/6 1628/3/6 1627/3/6
f 1722/2/6 1629/2/6 1721/2/6
f 1721/2/6 1629/2/6 1628/2/6
f 1723/3/6 1630/3/6 1722/3/6
f 1722/3/6 1630/3/6 1629/3/6
f 1724/2/6 1631/2/6 1723/2/6
f 1723/2/6 1631/2/6 1630/2/6
f 1725/3/6 1632/3/6 1724/3/6
f 1724/3/6 1632/3/6 1631/3/6
f 1726/2/6 1633/2/6 1725/2/6
f 1725/2/6 1633/2/6 1632/2/6
f 1727/3/6 1634/3/6 1726/3/6
f 1726/3/6 1634/3/6 1633/3/6
f 1728/2/6 1635/2/6 1727/2/6
f 1727/2/6 1635/2/6 1634/2/6
f 1729/3/6 1636/3/6 1728/3/6
f 1728/3/6 1636/3/6 1635/3/6
f 1730/2/6 1637/2/6 1729/2/6
f 1729/2/6 1637/2/6 1636/2/6
f 1731/3/6 1638/3/6 1730/3/6
f 1730/3/6 1638/3/6 1637/3/6
f 1732/2/6 1639/2/6 1731/2/6
f 1731/2/6 1639/2/6 1638/2/6
f 1733/3/6 1640/3/6 1732/3/6
f 1732/3/6 1640/3/6 1639/3/6
f 1734/2/6 1641/2/6 1733/2/6
f 1733/2/6 1641/2/6 1640/2/6
f 1735/3/6 1642/3/6 1734/3/6
f 1734/3/6 1642/3/6 1641/3/6
f 1736/2/6 1643/2/6 1735/2/6
f 1735/2/6 1643/2/6 1642/2/6
f 1737/3/6 1644/3/6 1736/3/6
f 1736/3/6 1644/3/6 1643/3/6
f 1738/2/6 1645/2/6 1737/2/6
f 1737/2/6 1645/2/6 1644/2/6
f 1739/3/6 1646/3/6 1738/3/6
f 1738/3/6 1646/3/6 1645/3/6
f 1740/2/6 1648/2/6 1739/2/6
f 1739/2/6 1648/2/6 1646/2/6
f 1741/3/6 1649/3/6 1740/3/6
f 1740/3/6 1649/3/6 1648/3/6
f 1742/2/6 1650/2/6 1741/2/6
f 1741/2/6 1650/2/6 1649/2/6
f 1743/3/6 1651/3/6 1742/3/6
f 1742/3/6 1651/3/6 1650/3/6
f 1744/2/6 1652/2/6 1743/2/6
f 1743/2/6 1652/2/6 1651/2/6
f 1745/3/6 1653/3/6 1744/3/6
f 1744/3/6 1653/3/6 1652/3/6
f 1746/2/6 1655/2/6 1745/2/6
f 1745/2/6 1655/2/6 1653/2/6
f 1747/3/6 1656/3/6 1746/3/6
f 1746/3/6 1656/3/6 1655/3/6
f 1748/2/6 1657/2/6 1747/2/6
f 1747/2/6 1657/2/6 1656/2/6
f 1749/3/6 1658/3/6 1748/3/6
f 1748/3/6 1658/3/6 1657/3/6
f 1750/2/6 1659/2/6 1749/2/6
f 1749/2/6 1659/2/6 1658/2/6
f 1751/3/6 1660/3/6 1750/3/6
f 1750/3/6 1660/3/6 1659/3/6
f 1752/2/6 1661/2/6 1751/2/6
f 1751/2/6 1661/2/6 1660/2/6
f 1753/3/6 1662/3/6 1752/3/6
f 1752/3/6 1662/3/6 1661/3/6
f 1754/2/6 1663/2/6 1753/2/6
f 1753/2/6 1663/2/6 1662/2/6
f 1755/3/6 1664/3/6 1754/3/6
f 1754/3/6 1664/3/6 1663/3/6
f 1756/2/6 1665/2/6 1755/2/6
f 1755/2/6 1665/2/6 1664/2/6
f 1757/3/6 1666/3/6 1756/3/6
f 1756/3/6 1666/3/6 1665/3/6
f 1758/2/6 1667/2/6 1757/2/6
f 1757/2/6 1667/2/6 1666/2/6
f 1759/3/6 1668/3/6 1758/3/6
f 1758/3/6 1668/3/6 1667/3/6
f 1760/2/6 1669/2/6 1759/2/6
f 1759/2/6 1669/2/6 1668/2/6
f 1761/3/6 1670/3/6 1760/3/6
f 1760/3/6 1670/3/6 1669/3/6
f 1762/2/6 1671/2/6 1761/2/6
f 1761/2/6 1671/2/6 1670/2/6
f 1763/3/6 1672/3/6 1762/3/6
f 1762/3/6 1672/3/6 1671/3/6
f 1675/1/6 1764/1/6 1674/1/6
f 1674/1/6 1764/1/6 1676/1/6
f 1764/6/6 1765/6/6 1676/6/6
f 1676/6/6 1765/6/6 1677/6/6
f 1765/1/6 1766/1/6 1677/1/6
f 1677/1/6 1766/1/6 1678/1/6
f 1766/6/6 1767/6/6 1678/6/6
f 1678/6/6 1767/6/6 1679/6/6
f 1767/1/6 1768/1/6 1679/1/6
f 1679/1/6 1768/1/6 1680/1/6
f 1768/4/6 1769/4/6 1680/4/6
f 1680/4/6 1769/4/6 1681/4/6
f 1769/1/6 1770/1/6 1681/1/6
f 1681/1/6 1770/1/6 1682/1/6
f 1770/4/6 1771/4/6 1682/4/6
f 1682/4/6 1771/4/6 1683/4/6
f 1771/1/6 1772/1/6 1683/1/6
f 1683/1/6 1772/1/6 1684/1/6
f 1772/7/6 1773/7/6 1684/7/6
f 1684/7/6 1773/7/6 1685/7/6
f 1773/2/6 1673/2/6 1763/2/6
f 1763/2/6 1673/2/6 1672/2/6
f 1774/5/1 1775/5/1 1175/5/1
f 1175/5/1 1775/5/1 1176/5/1
f 1775/2/1 1776/2/1 1176/2/1
f 1176/2/1 1776/2/1 1178/2/1
f 1776/3/1 1777/3/1 1178/3/1
f 1178/3/1 1777/3/1 1179/3/1
f 1778/5/1 1779/5/1 1174/5/1
f 1174/5/1 1779/5/1 1175/5/1
f 1779/2/1 1780/2/1 1774/2/1
f 1774/2/1 1780/2/1 1775/2/1
f 1780/5/1 1781/5/1 1775/5/1
f 1775/5/1 1781/5/1 1782/5/1
f 1783/2/1 1784/2/1 1776/2/1
f 1776/2/1 1784/2/1 1777/2/1
f 1785/2/1 1786/2/1 1778/2/1
f 1778/2/1 1786/2/1 1779/2/1
f 1786/5/1 1787/5/1 1779/5/1
f 1779/5/1 1787/5/1 1780/5/1
f 1787/2/1 1788/2/1 1780/2/1
f 1780/2/1 1788/2/1 1781/2/1
f 1789/3/1 1790/3/1 1783/3/1
f 1783/3/1 1790/3/1 1784/3/1
f 1791/5/1 1792/5/1 1785/5/1
f 1785/5/1 1792/5/1 1786/5/1
f 1792/2/1 1793/2/1 1786/2/1
f 1786/2/1 1793/2/1 1787/2/1
f 1793/5/1 1794/5/1 1787/5/1
f 1787/5/1 1794/5/1 1788/5/1
f 1795/2/1 1796/2/1 1789/2/1
f 1789/2/1 1796/2/1 1790/2/1
f 1797/5/1 1798/5/1 1173/5/1
f 1173/5/1 1798/5/1 1174/5/1
f 1798/2/1 1799/2/1 1791/2/1
f 1791/2/1 1799/2/1 1792/2/1
f 1799/5/1 1800/5/1 1792/5/1
f 1792/5/1 1800/5/1 1793/5/1
f 1800/2/1 1801/2/1 1793/2/1
f 1793/2/1 1801/2/1 1794/2/1
f 1802/3/1 1803/3/1 1795/3/1
f 1795/3/1 1803/3/1 1796/3/1
f 1804/2/1 1805/2/1 1797/2/1
f 1797/2/1 1805/2/1 1798/2/1
f 1805/5/1 1806/5/1 1798/5/1
f 1798/5/1 1806/5/1 1799/5/1
f 1806/2/1 1807/2/1 1799/2/1
f 1799/2/1 1807/2/1 1800/2/1
f 1807/5/1 1808/5/1 1800/5/1
f 1800/5/1 1808/5/1 1801/5/1
f 1809/2/1 1810/2/1 1802/2/1
f 1802/2/1 1810/2/1 1803/2/1
f 1811/5/1 1812/5/1 1804/5/1
f 1804/5/1 1812/5/1 1805/5/1
f 1812/2/1 1813/2/1 1805/2/1
f 1805/2/1 1813/2/1 1806/2/1
f 1813/5/1 1814/5/1 1806/5/1
f 1806/5/1 1814/5/1 1807/5/1
f 1814/2/1 1815/2/1 1807/2/1
f 1807/2/1 1815/2/1 1808/2/1
f 1816/3/1 1817/3/1 1809/3/1
f 1809/3/1 1817/3/1 1810/3/1
f 1818/5/1 1819/5/1 1172/5/1
f 1172/5/1 1819/5/1 1173/5/1
f 1819/2/1 1820/2/1 1811/2/1
f 1811/2/1 1820/2/1 1812/2/1
f 1820/5/1 1821/5/1 1812/5/1
f 1812/5/1 1821/5/1 1813/5/1
f 1821/2/1 1822/2/1 1813/2/1
f 1813/2/1 1822/2/1 1814/2/1
f 1822/5/1 1823/5/1 1814/5/1
f 1814/5/1 1823/5/1 1815/5/1
f 1824/2/1 1825/2/1 1816/2/1
f 1816/2/1 1825/2/1 1817/2/1
f 1826/5/1 1827/5/1 1171/5/1
f 1171/5/1 1827/5/1 1172/5/1
f 1827/2/1 1828/2/1 1818/2/1
f 1818/2/1 1828/2/1 1819/2/1
f 1828/5/1 1829/5/1 1819/5/1
f 1819/5/1 1829/5/1 1820/5/1
f 1829/2/1 1830/2/1 1820/2/1
f 1820/2/1 1830/2/1 1821/2/1
f 1830/5/1 1831/5/1 1821/5/1
f 1821/5/1 1831/5/1 1822/5/1
f 1831/2/1 1832/2/1 1822/2/1
f 1822/2/1 1832/2/1 1823/2/1
f 1833/3/1 1834/3/1 1824/3/1
f 1824/3/1 1834/3/1 1825/3/1
f 1835/5/1 1836/5/1 1170/5/1
f 1170/5/1 1836/5/1 1171/5/1
f 1836/2/1 1837/2/1 1826/2/1
f 1826/2/1 1837/2/1 1827/2/1
f 1837/5/1 1838/5/1 1827/5/1
f 1827/5/1 1838/5/1 1828/5/1
f 1838/2/1 1839/2/1 1828/2/1
f 1828/2/1 1839/2/1 1829/2/1
f 1839/5/1 1840/5/1 1829/5/1
f 1829/5/1 1840/5/1 1830/5/1
f 1840/2/1 1841/2/1 1830/2/1
f 1830/2/1 1841/2/1 1831/2/1
f 1841/5/1 1842/5/1 1831/5/1
f 1831/5/1 1842/5/1 1832/5/1
f 1843/2/1 1844/2/1 1833/2/1
f 1833/2/1 1844/2/1 1834/2/1
f 1845/5/1 1846/5/1 1169/5/1
f 1169/5/1 1846/5/1 1170/5/1
f 1846/2/1 1847/2/1 1835/2/1
f 1835/2/1 1847/2/1 1836/2/1
f 1847/5/1 1848/5/1 1836/5/1
f 1836/5/1 1848/5/1 1837/5/1
f 1848/2/1 1849/2/1 1837/2/1
f 1837/2/1 1849/2/1 1838/2/1
f 1849/5/1 1850/5/1 1838/5/1
f 1838/5/1 1850/5/1 1839/5/1
f 1850/2/1 1851/2/1 1839/2/1
f 1839/2/1 1851/2/1 1840/2/1
f 1851/5/1 1852/5/1 1840/5/1
f 1840/5/1 1852/5/1 1841/5/1
f 1852/2/1 1853/2/1 1841/2/1
f 1841/2/1 1853/2/1 1842/2/1
f 1854/3/1 1855/3/1 1843/3/1
f 1843/3/1 1855/3/1 1844/3/1
f 1856/5/1 1857/5/1 1166/5/1
f 1166/5/1 1857/5/1 1169/5/1
f 1857/2/1 1858/2/1 1845/2/1
f 1845/2/1 1858/2/1 1846/2/1
f 1858/5/1 1859/5/1 1846/5/1
f 1846/5/1 1859/5/1 1847/5/1
f 1859/2/1 1860/2/1 1847/2/1
f 1847/2/1 1860/2/1 1848/2/1
f 1860/5/1 1861/5/1 1848/5/1
f 1848/5/1 1861/5/1 1849/5/1
f 1861/2/1 1862/2/1 1849/2/1
f 1849/2/1 1862/2/1 1850/2/1
f 1862/5/1 1863/5/1 1850/5/1
f 1850/5/1 1863/5/1 1851/5/1
f 1863/2/1 1864/2/1 1851/2/1
f 1851/2/1 1864/2/1 1852/2/1
f 1864/5/1 1865/5/1 1852/5/1
f 1852/5/1 1865/5/1 1853/5/1
f 1866/2/1 1867/2/1 1854/2/1
f 1854/2/1 1867/2/1 1855/2/1
f 1868/5/1 1869/5/1 1163/5/1
f 1163/5/1 1869/5/1 1166/5/1
f 1869/2/1 1870/2/1 1856/2/1
f 1856/2/1 1870/2/1 1871/2/1
f 1870/5/1 1872/5/1 1871/5/1
f 1871/5/1 1872/5/1 1873/5/1
f 1872/2/1 1874/2/1 1873/2/1
f 1873/2/1 1874/2/1 1857/2/1
f 1874/5/1 1875/5/1 1857/5/1
f 1857/5/1 1875/5/1 1858/5/1
f 1875/2/1 1876/2/1 1858/2/1
f 1858/2/1 1876/2/1 1859/2/1
f 1876/5/1 1877/5/1 1859/5/1
f 1859/5/1 1877/5/1 1860/5/1
f 1877/2/1 1878/2/1 1860/2/1
f 1860/2/1 1878/2/1 1861/2/1
f 1878/5/1 1879/5/1 1861/5/1
f 1861/5/1 1879/5/1 1862/5/1
f 1879/2/1 1880/2/1 1862/2/1
f 1862/2/1 1880/2/1 1863/2/1
f 1880/5/1 1881/5/1 1863/5/1
f 1863/5/1 1881/5/1 1864/5/1
f 1881/2/1 1882/2/1 1864/2/1
f 1864/2/1 1882/2/1 1865/2/1
f 1883/3/1 1884/3/1 1866/3/1
f 1866/3/1 1884/3/1 1867/3/1
f 1885/5/1 1886/5/1 1162/5/1
f 1162/5/1 1886/5/1 1163/5/1
f 1886/2/1 1887/2/1 1868/2/1
f 1868/2/1 1887/2/1 1888/2/1
f 1887/5/1 1889/5/1 1888/5/1
f 1888/5/1 1889/5/1 1890/5/1
f 1889/2/1 1891/2/1 1890/2/1
f 1890/2/1 1891/2/1 1869/2/1
f 1891/5/1 1892/5/1 1869/5/1
f 1869/5/1 1892/5/1 1870/5/1
f 1892/2/1 1893/2/1 1870/2/1
f 1870/2/1 1893/2/1 1872/2/1
f 1893/5/1 1894/5/1 1872/5/1
f 1872/5/1 1894/5/1 1874/5/1
f 1894/2/1 1895/2/1 1874/2/1
f 1874/2/1 1895/2/1 1875/2/1
f 1895/5/1 1896/5/1 1875/5/1
f 1875/5/1 1896/5/1 1876/5/1
f 1896/2/1 1897/2/1 1876/2/1
f 1876/2/1 1897/2/1 1877/2/1
f 1897/5/1 1898/5/1 1877/5/1
f 1877/5/1 1898/5/1 1878/5/1
f 1898/2/1 1899/2/1 1878/2/1
f 1878/2/1 1899/2/1 1879/2/1
f 1899/5/1 1900/5/1 1879/5/1
f 1879/5/1 1900/5/1 1880/5/1
f 1900/2/1 1901/2/1 1880/2/1
f 1880/2/1 1901/2/1 1881/2/1
f 1901/5/1 1902/5/1 1881/5/1
f 1881/5/1 1902/5/1 1882/5/1
f 1903/2/1 1904/2/1 1883/2/1
f 1883/2/1 1904/2/1 1884/2/1
f 1453/5/1 1905/5/1 625/5/1
f 625/5/1 1905/5/1 1162/5/1
f 1905/2/1 1906/2/1 1885/2/1
f 1885/2/1 1906/2/1 1886/2/1
f 1906/5/1 1907/5/1 1886/5/1
f 1886/5/1 1907/5/1 1887/5/1
f 1907/2/1 1908/2/1 1887/2/1
f 1887/2/1 1908/2/1 1889/2/1
f 1908/5/1 1909/5/1 1889/5/1
f 1889/5/1 1909/5/1 1891/5/1
f 1909/2/1 1910/2/1 1891/2/1
f 1891/2/1 1910/2/1 1892/2/1
f 1910/5/1 1911/5/1 1892/5/1
f 1892/5/1 1911/5/1 1893/5/1
f 1911/2/1 1912/2/1 1893/2/1
f 1893/2/1 1912/2/1 1894/2/1
f 1912/5/1 1913/5/1 1894/5/1
f 1894/5/1 1913/5/1 1895/5/1
f 1913/2/1 1914/2/1 1895/2/1
f 1895/2/1 1914/2/1 1896/2/1
f 1914/5/1 1915/5/1 1896/5/1
f 1896/5/1 1915/5/1 1897/5/1
f 1915/2/1 1916/2/1 1897/2/1
f 1897/2/1 1916/2/1 1898/2/1
f 1916/5/1 1917/5/1 1898/5/1
f 1898/5/1 1917/5/1 1899/5/1
f 1917/2/1 1918/2/1 1899/2/1
f 1899/2/1 1918/2/1 1900/2/1
f 1918/5/1 1919/5/1 1900/5/1
f 1900/5/1 1919/5/1 1901/5/1
f 1919/2/1 1920/2/1 1901/2/1
f 1901/2/1 1920/2/1 1902/2/1
f 1921/3/1 1922/3/1 1903/3/1
f 1903/3/1 1922/3/1 1904/3/1
f 1923/5/1 1924/5/1 1905/5/1
f 1905/5/1 1924/5/1 1906/5/1
f 1925/5/1 1926/5/1 1907/5/1
f 1907/5/1 1926/5/1 1908/5/1
f 1927/5/1 1928/5/1 1909/5/1
f 1909/5/1 1928/5/1 1910/5/1
f 1929/5/1 1930/5/1 1911/5/1
f 1911/5/1 1930/5/1 1912/5/1
f 1931/5/1 1932/5/1 1913/5/1
f 1913/5/1 1932/5/1 1914/5/1
f 1933/5/1 1934/5/1 1915/5/1
f 1915/5/1 1934/5/1 1916/5/1
f 1935/5/1 1936/5/1 1917/5/1
f 1917/5/1 1936/5/1 1918/5/1
f 1937/5/1 1938/5/1 1919/5/1
f 1919/5/1 1938/5/1 1920/5/1
f 1939/2/1 1940/2/1 1921/2/1
f 1921/2/1 1940/2/1 1922/2/1
f 1941/2/1 1942/2/1 1453/2/1
f 1453/2/1 1942/2/1 1905/2/1
f 1943/2/1 1944/2/1 1906/2/1
f 1906/2/1 1944/2/1 1907/2/1
f 1945/2/1 1946/2/1 1908/2/1
f 1908/2/1 1946/2/1 1909/2/1
f 1947/2/1 1948/2/1 1910/2/1
f 1910/2/1 1948/2/1 1911/2/1
f 1949/2/1 1950/2/1 1912/2/1
f 1912/2/1 1950/2/1 1913/2/1
f 1951/2/1 1952/2/1 1914/2/1
f 1914/2/1 1952/2/1 1915/2/1
f 1953/2/1 1954/2/1 1916/2/1
f 1916/2/1 1954/2/1 1917/2/1
f 1955/2/1 1956/2/1 1918/2/1
f 1918/2/1 1956/2/1 1919/2/1
f 1957/2/1 1958/2/1 1782/2/1
f 1782/2/1 1958/2/1 1776/2/1
f 1958/3/1 1959/3/1 1939/3/1
f 1939/3/1 1959/3/1 1940/3/1
f 1673/3/1 1960/3/1 1941/3/1
f 1941/3/1 1960/3/1 1942/3/1
f 1960/2/1 1961/2/1 1923/2/1
f 1923/2/1 1961/2/1 1924/2/1
f 1961/3/1 1962/3/1 1943/3/1
f 1943/3/1 1962/3/1 1944/3/1
f 1962/2/1 1963/2/1 1925/2/1
f 1925/2/1 1963/2/1 1926/2/1
f 1963/3/1 1964/3/1 1945/3/1
f 1945/3/1 1964/3/1 1946/3/1
f 1964/2/1 1965/2/1 1927/2/1
f 1927/2/1 1965/2/1 1928/2/1
f 1965/3/1 1966/3/1 1947/3/1
f 1947/3/1 1966/3/1 1948/3/1
f 1966/2/1 1967/2/1 1929/2/1
f 1929/2/1 1967/2/1 1930/2/1
f 1967/3/1 1968/3/1 1949/3/1
f 1949/3/1 1968/3/1 1950/3/1
f 1968/2/1 1969/2/1 1931/2/1
f 1931/2/1 1969/2/1 1932/2/1
f 1969/3/1 1970/3/1 1951/3/1
f 1951/3/1 1970/3/1 1952/3/1
f 1970/2/1 1971/2/1 1933/2/1
f 1933/2/1 1971/2/1 1934/2/1
f 1971/3/1 1972/3/1 1953/3/1
f 1953/3/1 1972/3/1 1954/3/1
f 1972/2/1 1973/2/1 1935/2/1
f 1935/2/1 1973/2/1 1936/2/1
f 1973/3/1 1974/3/1 1955/3/1
f 1955/3/1 1974/3/1 1956/3/1
f 1974/2/1 1975/2/1 1937/2/1
f 1937/2/1 1975/2/1 1938/2/1
f 1975/3/1 1976/3/1 1957/3/1
f 1957/3/1 1976/3/1 1958/3/1
f 1976/8/1 1977/8/1 1958/8/1
f 1958/8/1 1977/8/1 1959/8/1
f 1675/1/2 629/1/2 1978/1/2
f 1978/1/2 629/1/2 1181/1/2
f 1183/1/5 1979/1/5 1181/1/5
f 1181/1/5 1979/1/5 1978/1/5
f 1185/6/5 1980/6/5 1183/6/5
f 1183/6/5 1980/6/5 1979/6/5
f 1187/1/5 1981/1/5 1185/1/5
f 1185/1/5 1981/1/5 1980/1/5
f 1189/6/5 1982/6/5 1187/6/5
f 1187/6/5 1982/6/5 1981/6/5
f 1191/1/5 1983/1/5 1189/1/5
f 1189/1/5 1983/1/5 1982/1/5
f 1193/4/5 1984/4/5 1191/4/5
f 1191/4/5 1984/4/5 1983/4/5
f 1195/1/5 1985/1/5 1193/1/5
f 1193/1/5 1985/1/5 1984/1/5
f 1197/4/5 1986/4/5 1195/4/5
f 1195/4/5 1986/4/5 1985/4/5
f 1199/1/5 1987/1/5 1197/1/5
f 1197/1/5 1987/1/5 1986/1/5
f 1201/7/5 1988/7/5 1199/7/5
f 1199/7/5 1988/7/5 1987/7/5
f 1179/3/5 1777/3/5 1201/3/5
f 1201/3/5 1777/3/5 1989/3/5
f 1777/2/5 1784/2/5 1989/2/5
f 1989/2/5 1784/2/5 1990/2/5
f 1784/3/5 1790/3/5 1990/3/5
f 1990/3/5 1790/3/5 1991/3/5
f 1790/2/5 1796/2/5 1991/2/5
f 1991/2/5 1796/2/5 1992/2/5
f 1796/3/5 1803/3/5 1992/3/5
f 1992/3/5 1803/3/5 1993/3/5
f 1803/2/5 1810/2/5 1993/2/5
f 1993/2/5 1810/2/5 1994/2/5
f 1810/3/5 1817/3/5 1994/3/5
f 1994/3/5 1817/3/5 1995/3/5
f 1817/2/5 1825/2/5 1995/2/5
f 1995/2/5 1825/2/5 1996/2/5
f 1825/3/5 1834/3/5 1996/3/5
f 1996/3/5 1834/3/5 1997/3/5
f 1834/2/5 1844/2/5 1997/2/5
f 1997/2/5 1844/2/5 1998/2/5
f 1844/3/5 1855/3/5 1998/3/5
f 1998/3/5 1855/3/5 1999/3/5
f 1855/2/5 1867/2/5 1999/2/5
f 1999/2/5 1867/2/5 2000/2/5
f 1867/3/5 1884/3/5 2000/3/5
f 2000/3/5 1884/3/5 2001/3/5
f 1884/2/5 1904/2/5 2001/2/5
f 2001/2/5 1904/2/5 2002/2/5
f 1904/3/5 1922/3/5 2002/3/5
f 2002/3/5 1922/3/5 2003/3/5
f 1922/2/5 1940/2/5 2003/2/5
f 2003/2/5 1940/2/5 2004/2/5
f 1940/3/5 1959/3/5 2004/3/5
f 2004/3/5 1959/3/5 2005/3/5
f 1959/8/5 1977/8/5 2005/8/5
f 2005/8/5 1977/8/5 1988/8/5
f 2006/3/6 1960/3/6 1773/3/6
f 1773/3/6 1960/3/6 1673/3/6
f 2007/2/6 1961/2/6 2006/2/6
f 2006/2/6 1961/2/6 1960/2/6
f 2008/3/6 1962/3/6 2007/3/6
f 2007/3/6 1962/3/6 1961/3/6
f 2009/2/6 1963/2/6 2008/2/6
f 2008/2/6 1963/2/6 1962/2/6
f 2010/3/6 1964/3/6 2009/3/6
f 2009/3/6 1964/3/6 1963/3/6
f 2011/2/6 1965/2/6 2010/2/6
f 2010/2/6 1965/2/6 1964/2/6
f 2012/3/6 1966/3/6 2011/3/6
f 2011/3/6 1966/3/6 1965/3/6
f 2013/2/6 1967/2/6 2012/2/6
f 2012/2/6 1967/2/6 1966/2/6
f 2014/3/6 1968/3/6 2013/3/6
f 2013/3/6 1968/3/6 1967/3/6
f 2015/2/6 1969/2/6 2014/2/6
f 2014/2/6 1969/2/6 1968/2/6
f 2016/3/6 1970/3/6 2015/3/6
f 2015/3/6 1970/3/6 1969/3/6
f 2017/2/6 1971/2/6 2016/2/6
f 2016/2/6 1971/2/6 1970/2/6
f 2018/3/6 1972/3/6 2017/3/6
f 2017/3/6 1972/3/6 1971/3/6
f 2019/2/6 1973/2/6 2018/2/6
f 2018/2/6 1973/2/6 1972/2/6
f 2020/3/6 1974/3/6 2019/3/6
f 2019/3/6 1974/3/6 1973/3/6
f 2021/2/6 1975/2/6 2020/2/6
f 2020/2/6 1975/2/6 1974/2/6
f 2022/3/6 1976/3/6 2021/3/6
f 2021/3/6 1976/3/6 1975/3/6
f 1978/1/6 1979/1/6 1675/1/6
f 1675/1/6 1979/1/6 1764/1/6
f 1979/6/6 1980/6/6 1764/6/6
f 1764/6/6 1980/6/6 1765/6/6
f 1980/1/6 1981/1/6 1765/1/6
f 1765/1/6 1981/1/6 1766/1/6
f 1981/6/6 1982/6/6 1766/6/6
f 1766/6/6 1982/6/6 1767/6/6
f 1982/1/6 1983/1/6 1767/1/6
f 1767/1/6 1983/1/6 1768/1/6
f 1983/4/6 1984/4/6 1768/4/6
f 1768/4/6 1984/4/6 1769/4/6
f 1984/1/6 1985/1/6 1769/1/6
f 1769/1/6 1985/1/6 1770/1/6
f 1985/4/6 1986/4/6 1770/4/6
f 1770/4/6 1986/4/6 1771/4/6
f 1986/1/6 1987/1/6 1771/1/6
f 1771/1/6 1987/1/6 1772/1/6
f 1987/7/6 1988/7/6 1772/7/6
f 1772/7/6 1988/7/6 1773/7/6
f 1988/8/6 1977/8/6 2022/8/6
f 2022/8/6 1977/8/6 1976/8/6
