# Vengi binary mesh normalized for Tanks of Freedom II

mtllib ../../materials/vox_grass.mtl
o grass_tile

v 4 4 3.9
v 3.9 4 3.9
v 3.9 4 4
v 4 4 4
v 3.8 4 3.9
v 3.8 4 4
v 3.7 4 3.9
v 3.6 4 3.9
v 3.6 4 4
v 3.7 4 4
v 3.5 4 3.9
v 3.4 4 3.9
v 3.4 4 4
v 3.5 4 4
v 3.3 4 3.9
v 3.2 4 3.9
v 3.2 4 4
v 3.3 4 4
v 3.1 4 3.9
v 3 4 3.9
v 3 4 4
v 3.1 4 4
v 2.9 4 3.9
v 2.8 4 3.9
v 2.8 4 4
v 2.9 4 4
v 2.7 4 3.9
v 2.6 4 3.9
v 2.6 4 4
v 2.7 4 4
v 2.5 4 3.9
v 2.4 4 3.9
v 2.4 4 4
v 2.5 4 4
v 2.3 4 3.9
v 2.2 4 3.9
v 2.2 4 4
v 2.3 4 4
v 2.1 4 3.9
v 2 4 3.9
v 2 4 4
v 2.1 4 4
v 1.9 4 3.9
v 1.8 4 3.9
v 1.8 4 4
v 1.9 4 4
v 1.7 4 3.9
v 1.6 4 3.9
v 1.6 4 4
v 1.7 4 4
v 1.5 4 3.9
v 1.4 4 3.9
v 1.4 4 4
v 1.5 4 4
v 1.3 4 3.9
v 1.2 4 3.9
v 1.2 4 4
v 1.3 4 4
v 1.1 4 3.9
v 1 4 3.9
v 1 4 4
v 1.1 4 4
v 0.9 4 3.9
v 0.8 4 3.9
v 0.8 4 4
v 0.9 4 4
v 0.7 4 3.9
v 0.6 4 3.9
v 0.6 4 4
v 0.7 4 4
v 0.5 4 3.9
v 0.4 4 3.9
v 0.4 4 4
v 0.5 4 4
v 0.3 4 3.9
v 0.2 4 3.9
v 0.2 4 4
v 0.3 4 4
v 0.1 4 3.9
v 0 4 3.9
v 0 4 4
v 0.1 4 4
v -0.1 4 3.9
v -0.2 4 3.9
v -0.2 4 4
v -0.1 4 4
v -0.3 4 3.9
v -0.4 4 3.9
v -0.4 4 4
v -0.3 4 4
v -0.5 4 3.9
v -0.6 4 3.9
v -0.6 4 4
v -0.5 4 4
v -0.7 4 3.9
v -0.8 4 3.9
v -0.8 4 4
v -0.7 4 4
v -0.9 4 3.9
v -1 4 3.9
v -1 4 4
v -0.9 4 4
v -1.1 4 3.9
v -1.2 4 3.9
v -1.2 4 4
v -1.1 4 4
v -1.3 4 3.9
v -1.4 4 3.9
v -1.4 4 4
v -1.3 4 4
v -1.5 4 3.9
v -1.6 4 3.9
v -1.6 4 4
v -1.5 4 4
v -1.7 4 3.9
v -1.8 4 3.9
v -1.8 4 4
v -1.7 4 4
v -1.9 4 3.9
v -2 4 3.9
v -2 4 4
v -1.9 4 4
v -2.1 4 3.9
v -2.2 4 3.9
v -2.2 4 4
v -2.1 4 4
v 4 4 3.8
v 3.9 4 3.8
v 3.8 4 3.8
v 3.7 4 3.8
v 3.6 4 3.8
v 3.5 4 3.8
v 3.4 4 3.8
v 3.3 4 3.8
v 3.2 4 3.8
v 3.1 4 3.8
v 3 4 3.8
v 2.9 4 3.8
v 2.8 4 3.8
v 2.7 4 3.8
v 2.6 4 3.8
v 2.5 4 3.8
v 2.4 4 3.8
v 2.3 4 3.8
v 2.2 4 3.8
v 2.1 4 3.8
v 2 4 3.8
v 1.9 4 3.8
v 1.8 4 3.8
v 1.7 4 3.8
v 1.6 4 3.8
v 1.5 4 3.8
v 1.4 4 3.8
v 1.3 4 3.8
v 1.2 4 3.8
v 1.1 4 3.8
v 1 4 3.8
v 0.9 4 3.8
v 0.8 4 3.8
v 0.7 4 3.8
v 0.6 4 3.8
v 0.5 4 3.8
v 0.4 4 3.8
v 0.3 4 3.8
v 0.2 4 3.8
v 0.1 4 3.8
v 0 4 3.8
v -0.1 4 3.8
v -0.2 4 3.8
v -0.3 4 3.8
v -0.4 4 3.8
v -0.5 4 3.8
v -0.6 4 3.8
v -0.7 4 3.8
v -0.8 4 3.8
v -0.9 4 3.8
v -1 4 3.8
v -1.1 4 3.8
v -1.2 4 3.8
v -1.3 4 3.8
v -1.4 4 3.8
v -1.5 4 3.8
v -1.6 4 3.8
v -1.7 4 3.8
v -1.8 4 3.8
v -1.9 4 3.8
v -2 4 3.8
v -2.1 4 3.8
v -2.2 4 3.8
v 4 4 3.7
v 3.9 4 3.7
v 3.8 4 3.7
v 3.7 4 3.7
v 3.6 4 3.7
v 3.5 4 3.7
v 3.4 4 3.7
v 3.3 4 3.7
v 3.2 4 3.7
v 3.1 4 3.7
v 3 4 3.7
v 2.9 4 3.7
v 2.8 4 3.7
v 2.7 4 3.7
v 2.6 4 3.7
v 2.5 4 3.7
v 2.4 4 3.7
v 2.3 4 3.7
v 2.2 4 3.7
v 2.1 4 3.7
v 2 4 3.7
v 1.9 4 3.7
v 1.8 4 3.7
v 1.7 4 3.7
v 1.6 4 3.7
v 1.5 4 3.7
v 1.4 4 3.7
v 1.3 4 3.7
v 1.2 4 3.7
v 1.1 4 3.7
v 1 4 3.7
v 0.9 4 3.7
v 0.8 4 3.7
v 0.7 4 3.7
v 0.6 4 3.7
v 0.5 4 3.7
v 0.4 4 3.7
v 0.2 4 3.7
v 0.1 4 3.7
v -0.1 4 3.7
v -0.2 4 3.7
v -0.4 4 3.7
v -0.5 4 3.7
v -0.6 4 3.7
v -0.7 4 3.7
v -0.8 4 3.7
v -0.9 4 3.7
v -1 4 3.7
v -1.1 4 3.7
v -1.2 4 3.7
v -1.3 4 3.7
v -1.4 4 3.7
v -1.5 4 3.7
v -1.6 4 3.7
v -1.7 4 3.7
v -1.8 4 3.7
v -1.9 4 3.7
v -2 4 3.7
v -2.1 4 3.7
v -2.2 4 3.7
v 4 4 3.6
v 3.9 4 3.6
v 3.8 4 3.6
v 3.7 4 3.6
v 3.6 4 3.6
v 3.5 4 3.6
v 3.4 4 3.6
v 3.3 4 3.6
v 3.2 4 3.6
v 3.1 4 3.6
v 3 4 3.6
v 2.9 4 3.6
v 2.8 4 3.6
v 2.7 4 3.6
v 2.6 4 3.6
v 2.5 4 3.6
v 2.4 4 3.6
v 2.3 4 3.6
v 2.2 4 3.6
v 2.1 4 3.6
v 2 4 3.6
v 1.9 4 3.6
v -1.9 4 3.6
v -2 4 3.6
v -2.1 4 3.6
v -2.2 4 3.6
v 4 4 3.5
v 3.9 4 3.5
v 3.8 4 3.5
v 3.7 4 3.5
v 3.6 4 3.5
v 3.5 4 3.5
v 3.4 4 3.5
v 3.3 4 3.5
v 3.2 4 3.5
v 3.1 4 3.5
v 3 4 3.5
v 2.9 4 3.5
v 2.8 4 3.5
v 2.7 4 3.5
v 2.6 4 3.5
v 2.5 4 3.5
v 2.4 4 3.5
v 4 4 3.4
v 3.9 4 3.4
v 3.8 4 3.4
v 3.7 4 3.4
v 3.6 4 3.4
v 3.5 4 3.4
v 3.4 4 3.4
v 3.3 4 3.4
v 3.2 4 3.4
v 3.1 4 3.4
v 3 4 3.4
v 2.9 4 3.4
v 2.8 4 3.4
v 2.7 4 3.4
v 4 4 3.3
v 3.9 4 3.3
v 3.8 4 3.3
v 3.7 4 3.3
v 3.6 4 3.3
v 3.5 4 3.3
v 3.4 4 3.3
v 3.3 4 3.3
v 3.2 4 3.3
v 3.1 4 3.3
v 3 4 3.3
v 4 4 3.2
v 3.9 4 3.2
v 3.8 4 3.2
v 3.7 4 3.2
v 3.6 4 3.2
v 3.5 4 3.2
v 3.4 4 3.2
v 3.3 4 3.2
v 3.2 4 3.2
v 3.1 4 3.2
v 4 4 3.1
v 3.9 4 3.1
v 3.8 4 3.1
v 3.7 4 3.1
v 3.6 4 3.1
v 3.5 4 3.1
v 3.4 4 3.1
v 3.3 4 3.1
v 3.2 4 3.1
v 4 4 3
v 3.9 4 3
v 3.8 4 3
v 3.7 4 3
v 3.6 4 3
v 3.5 4 3
v 3.4 4 3
v 3.3 4 3
v 4 4 2.9
v 3.9 4 2.9
v 3.8 4 2.9
v 3.7 4 2.9
v 3.6 4 2.9
v 3.5 4 2.9
v 3.4 4 2.9
v 4 4 2.8
v 3.9 4 2.8
v 3.8 4 2.8
v 3.7 4 2.8
v 3.6 4 2.8
v 3.5 4 2.8
v 3.4 4 2.8
v 4 4 2.7
v 3.9 4 2.7
v 3.8 4 2.7
v 3.7 4 2.7
v 3.6 4 2.7
v 3.5 4 2.7
v 3.4 4 2.7
v 4 4 2.6
v 3.9 4 2.6
v 3.8 4 2.6
v 3.7 4 2.6
v 3.6 4 2.6
v 3.5 4 2.6
v 4 4 2.5
v 3.9 4 2.5
v 3.8 4 2.5
v 3.7 4 2.5
v 3.6 4 2.5
v 3.5 4 2.5
v 4 4 2.4
v 3.9 4 2.4
v 3.8 4 2.4
v 3.7 4 2.4
v 3.6 4 2.4
v 3.5 4 2.4
v 4 4 2.3
v 3.9 4 2.3
v 3.8 4 2.3
v 3.7 4 2.3
v 3.6 4 2.3
v 4 4 2.2
v 3.9 4 2.2
v 3.8 4 2.2
v 3.7 4 2.2
v 3.6 4 2.2
v 4 4 2.1
v 3.9 4 2.1
v 3.8 4 2.1
v 3.7 4 2.1
v 3.6 4 2.1
v 4 4 2
v 3.9 4 2
v 3.8 4 2
v 3.7 4 2
v 3.6 4 2
v 4 4 1.9
v 3.9 4 1.9
v 3.8 4 1.9
v 3.7 4 1.9
v 3.6 4 1.9
v 4 4 1.8
v 3.9 4 1.8
v 3.8 4 1.8
v 3.7 4 1.8
v 4 4 1.7
v 3.9 4 1.7
v 3.8 4 1.7
v 3.7 4 1.7
v 4 4 1.6
v 3.9 4 1.6
v 3.8 4 1.6
v 3.7 4 1.6
v 4 4 1.5
v 3.9 4 1.5
v 3.8 4 1.5
v 3.7 4 1.5
v 4 4 1.4
v 3.9 4 1.4
v 3.8 4 1.4
v 3.7 4 1.4
v 4 4 1.3
v 3.9 4 1.3
v 3.8 4 1.3
v 3.7 4 1.3
v 4 4 1.2
v 3.9 4 1.2
v 3.8 4 1.2
v 3.7 4 1.2
v 4 4 1.1
v 3.9 4 1.1
v 3.8 4 1.1
v 3.7 4 1.1
v 4 4 1
v 3.9 4 1
v 3.8 4 1
v 3.7 4 1
v 4 4 0.9
v 3.9 4 0.9
v 3.8 4 0.9
v 3.7 4 0.9
v 4 4 0.8
v 3.9 4 0.8
v 3.8 4 0.8
v 3.7 4 0.8
v 4 4 0.7
v 3.9 4 0.7
v 3.8 4 0.7
v 3.7 4 0.7
v 4 4 0.6
v 3.9 4 0.6
v 3.8 4 0.6
v 3.7 4 0.6
v 4 4 0.5
v 3.9 4 0.5
v 3.8 4 0.5
v 3.7 4 0.5
v 4 4 0.4
v 3.9 4 0.4
v 3.8 4 0.4
v 3.7 4 0.4
v 4 4 0.3
v 3.9 4 0.3
v 4 4 0.2
v 3.9 4 0.2
v 3.8 4 0.2
v 3.7 4 0.2
v 4 4 0.1
v 3.9 4 0.1
v 3.8 4 0.1
v 3.7 4 0.1
v 4 4 0
v 3.9 4 0
v 4 4 -0.1
v 3.9 4 -0.1
v 3.8 4 -0.1
v 3.7 4 -0.1
v 4 4 -0.2
v 3.9 4 -0.2
v 3.8 4 -0.2
v 3.7 4 -0.2
v 4 4 -0.3
v 3.9 4 -0.3
v 4 4 -0.4
v 3.9 4 -0.4
v 3.8 4 -0.4
v 3.7 4 -0.4
v 4 4 -0.5
v 3.9 4 -0.5
v 3.8 4 -0.5
v 3.7 4 -0.5
v 4 4 -0.6
v 3.9 4 -0.6
v 3.8 4 -0.6
v 3.7 4 -0.6
v 4 4 -0.7
v 3.9 4 -0.7
v 3.8 4 -0.7
v 3.7 4 -0.7
v 4 4 -0.8
v 3.9 4 -0.8
v 3.8 4 -0.8
v 3.7 4 -0.8
v 4 4 -0.9
v 3.9 4 -0.9
v 3.8 4 -0.9
v 3.7 4 -0.9
v 4 4 -1
v 3.9 4 -1
v 3.8 4 -1
v 3.7 4 -1
v 4 4 -1.1
v 3.9 4 -1.1
v 3.8 4 -1.1
v 3.7 4 -1.1
v 4 4 -1.2
v 3.9 4 -1.2
v 3.8 4 -1.2
v 3.7 4 -1.2
v 4 4 -1.3
v 3.9 4 -1.3
v 3.8 4 -1.3
v 3.7 4 -1.3
v 4 4 -1.4
v 3.9 4 -1.4
v 3.8 4 -1.4
v 3.7 4 -1.4
v 4 4 -1.5
v 3.9 4 -1.5
v 3.8 4 -1.5
v 3.7 4 -1.5
v 4 4 -1.6
v 3.9 4 -1.6
v 3.8 4 -1.6
v 3.7 4 -1.6
v 4 4 -1.7
v 3.9 4 -1.7
v 3.8 4 -1.7
v 3.7 4 -1.7
v 4 4 -1.8
v 3.9 4 -1.8
v 3.8 4 -1.8
v 3.7 4 -1.8
v 4 4 -1.9
v 3.9 4 -1.9
v 3.8 4 -1.9
v 3.7 4 -1.9
v 3.6 4 -1.9
v 4 4 -2
v 3.9 4 -2
v 3.8 4 -2
v 3.7 4 -2
v 3.6 4 -2
v 4 4 -2.1
v 3.9 4 -2.1
v 3.8 4 -2.1
v 3.7 4 -2.1
v 3.6 4 -2.1
v 4 4 -2.2
v 3.9 4 -2.2
v 3.8 4 -2.2
v 3.7 4 -2.2
v 3.6 4 -2.2
v 3.5 4 -2.2
v 3.4 4 -2.2
v 3.3 4 -2.2
v 3.2 4 -2.2
v 3.1 4 -2.2
v 3 4 -2.2
v 2.9 4 -2.2
v 2.8 4 -2.2
v 2.7 4 -2.2
v 2.6 4 -2.2
v 2.5 4 -2.2
v 2.4 4 -2.2
v 2.3 4 -2.2
v 2.2 4 -2.2
v 2.1 4 -2.2
v 2 4 -2.2
v 1.9 4 -2.2
v 1.8 4 -2.2
v 1.7 4 -2.2
v 1.6 4 -2.2
v 1.5 4 -2.2
v 1.4 4 -2.2
v 1.3 4 -2.2
v 1.2 4 -2.2
v 1.1 4 -2.2
v 1 4 -2.2
v 0.9 4 -2.2
v 0.8 4 -2.2
v 0.7 4 -2.2
v 0.6 4 -2.2
v 0.5 4 -2.2
v 0.4 4 -2.2
v 0.2 4 -2.2
v 0.1 4 -2.2
v -0.1 4 -2.2
v -0.2 4 -2.2
v -0.4 4 -2.2
v -0.5 4 -2.2
v -0.6 4 -2.2
v -0.7 4 -2.2
v -0.8 4 -2.2
v -0.9 4 -2.2
v -1 4 -2.2
v -1.1 4 -2.2
v -1.2 4 -2.2
v -1.3 4 -2.2
v -1.4 4 -2.2
v -1.5 4 -2.2
v -1.6 4 -2.2
v -1.7 4 -2.2
v -1.8 4 -2.2
v -1.9 4 -2.2
v -2 4 -2.2
v -2.1 4 -2.2
v -2.2 4 -2.2
v 4 0 -2.2
v 4 0 4
v -2.2 0 4
v -2.2 0 -2.2
v 4 3 4
v 4 3 -2.2
v 4 3.1 4
v 4 3.1 -2.2
v 4 3.2 4
v 4 3.2 -2.2
v 4 3.3 4
v 4 3.3 -2.2
v 4 3.4 4
v 4 3.4 -2.2
v 4 3.5 4
v 4 3.5 -2.2
v 4 3.6 4
v 4 3.6 -2.2
v 4 3.7 4
v 4 3.7 -2.2
v 4 3.8 4
v 4 3.8 -2.2
v 4 3.9 4
v 4 3.9 -2.2
v 4 3.9 3.9
v 4 3.9 3.8
v 4 3.9 3.7
v 4 3.9 3.6
v 4 3.9 3.5
v 4 3.9 3.4
v 4 3.9 3.3
v 4 3.9 3.2
v 4 3.9 3.1
v 4 3.9 3
v 4 3.9 2.9
v 4 3.9 2.8
v 4 3.9 2.7
v 4 3.9 2.6
v 4 3.9 2.5
v 4 3.9 2.4
v 4 3.9 2.3
v 4 3.9 2.2
v 4 3.9 2.1
v 4 3.9 2
v 4 3.9 1.9
v 4 3.9 1.8
v 4 3.9 1.7
v 4 3.9 1.6
v 4 3.9 1.5
v 4 3.9 1.4
v 4 3.9 1.3
v 4 3.9 1.2
v 4 3.9 1.1
v 4 3.9 1
v 4 3.9 0.9
v 4 3.9 0.8
v 4 3.9 0.7
v 4 3.9 0.6
v 4 3.9 0.5
v 4 3.9 0.4
v 4 3.9 0.3
v 4 3.9 0.2
v 4 3.9 0.1
v 4 3.9 0
v 4 3.9 -0.1
v 4 3.9 -0.2
v 4 3.9 -0.3
v 4 3.9 -0.4
v 4 3.9 -0.5
v 4 3.9 -0.6
v 4 3.9 -0.7
v 4 3.9 -0.8
v 4 3.9 -0.9
v 4 3.9 -1
v 4 3.9 -1.1
v 4 3.9 -1.2
v 4 3.9 -1.3
v 4 3.9 -1.4
v 4 3.9 -1.5
v 4 3.9 -1.6
v 4 3.9 -1.7
v 4 3.9 -1.8
v 4 3.9 -1.9
v 4 3.9 -2
v 4 3.9 -2.1
v 3.9 3.9 4
v 3.8 3.9 4
v 3.7 3.9 4
v 3.6 3.9 4
v 3.5 3.9 4
v 3.4 3.9 4
v 3.3 3.9 4
v 3.2 3.9 4
v 3.1 3.9 4
v 3 3.9 4
v 2.9 3.9 4
v 2.8 3.9 4
v 2.7 3.9 4
v 2.6 3.9 4
v 2.5 3.9 4
v 2.4 3.9 4
v 2.3 3.9 4
v 2.2 3.9 4
v 2.1 3.9 4
v 2 3.9 4
v 1.9 3.9 4
v 1.8 3.9 4
v 1.7 3.9 4
v 1.6 3.9 4
v 1.5 3.9 4
v 1.4 3.9 4
v 1.3 3.9 4
v 1.2 3.9 4
v 1.1 3.9 4
v 1 3.9 4
v 0.9 3.9 4
v 0.8 3.9 4
v 0.7 3.9 4
v 0.6 3.9 4
v 0.5 3.9 4
v 0.4 3.9 4
v 0.3 3.9 4
v 0.2 3.9 4
v 0.1 3.9 4
v 0 3.9 4
v -0.1 3.9 4
v -0.2 3.9 4
v -0.3 3.9 4
v -0.4 3.9 4
v -0.5 3.9 4
v -0.6 3.9 4
v -0.7 3.9 4
v -0.8 3.9 4
v -0.9 3.9 4
v -1 3.9 4
v -1.1 3.9 4
v -1.2 3.9 4
v -1.3 3.9 4
v -1.4 3.9 4
v -1.5 3.9 4
v -1.6 3.9 4
v -1.7 3.9 4
v -1.8 3.9 4
v -1.9 3.9 4
v -2 3.9 4
v -2.1 3.9 4
v -2.2 3 4
v -2.2 3.1 4
v -2.2 3.2 4
v -2.2 3.3 4
v -2.2 3.4 4
v -2.2 3.5 4
v -2.2 3.6 4
v -2.2 3.7 4
v -2.2 3.8 4
v -2.2 3.9 4
v -2.3 4 3.9
v -2.4 4 3.9
v -2.4 4 4
v -2.3 4 4
v -2.5 4 3.9
v -2.6 4 3.9
v -2.6 4 4
v -2.5 4 4
v -2.7 4 3.9
v -2.8 4 3.9
v -2.8 4 4
v -2.7 4 4
v -2.9 4 3.9
v -3 4 3.9
v -3 4 4
v -2.9 4 4
v -3.1 4 3.9
v -3.2 4 3.9
v -3.2 4 4
v -3.1 4 4
v -3.3 4 3.9
v -3.4 4 3.9
v -3.4 4 4
v -3.3 4 4
v -3.5 4 3.9
v -3.6 4 3.9
v -3.6 4 4
v -3.5 4 4
v -3.7 4 3.9
v -3.8 4 3.9
v -3.8 4 4
v -3.7 4 4
v -3.9 4 3.9
v -4 4 3.9
v -4 4 4
v -3.9 4 4
v -2.3 4 3.8
v -2.4 4 3.8
v -2.5 4 3.8
v -2.6 4 3.8
v -2.7 4 3.8
v -2.8 4 3.8
v -2.9 4 3.8
v -3 4 3.8
v -3.1 4 3.8
v -3.2 4 3.8
v -3.3 4 3.8
v -3.4 4 3.8
v -3.5 4 3.8
v -3.6 4 3.8
v -3.7 4 3.8
v -3.8 4 3.8
v -3.9 4 3.8
v -4 4 3.8
v -2.3 4 3.7
v -2.4 4 3.7
v -2.5 4 3.7
v -2.6 4 3.7
v -2.7 4 3.7
v -2.8 4 3.7
v -2.9 4 3.7
v -3 4 3.7
v -3.1 4 3.7
v -3.2 4 3.7
v -3.3 4 3.7
v -3.4 4 3.7
v -3.5 4 3.7
v -3.6 4 3.7
v -3.7 4 3.7
v -3.8 4 3.7
v -3.9 4 3.7
v -4 4 3.7
v -2.3 4 3.6
v -2.4 4 3.6
v -2.5 4 3.6
v -2.6 4 3.6
v -2.7 4 3.6
v -2.8 4 3.6
v -2.9 4 3.6
v -3 4 3.6
v -3.1 4 3.6
v -3.2 4 3.6
v -3.3 4 3.6
v -3.4 4 3.6
v -3.5 4 3.6
v -3.6 4 3.6
v -3.7 4 3.6
v -3.8 4 3.6
v -3.9 4 3.6
v -4 4 3.6
v -2.4 4 3.5
v -2.5 4 3.5
v -2.6 4 3.5
v -2.7 4 3.5
v -2.8 4 3.5
v -2.9 4 3.5
v -3 4 3.5
v -3.1 4 3.5
v -3.2 4 3.5
v -3.3 4 3.5
v -3.4 4 3.5
v -3.5 4 3.5
v -3.6 4 3.5
v -3.7 4 3.5
v -3.8 4 3.5
v -3.9 4 3.5
v -4 4 3.5
v -2.7 4 3.4
v -2.8 4 3.4
v -2.9 4 3.4
v -3 4 3.4
v -3.1 4 3.4
v -3.2 4 3.4
v -3.3 4 3.4
v -3.4 4 3.4
v -3.5 4 3.4
v -3.6 4 3.4
v -3.7 4 3.4
v -3.8 4 3.4
v -3.9 4 3.4
v -4 4 3.4
v -3 4 3.3
v -3.1 4 3.3
v -3.2 4 3.3
v -3.3 4 3.3
v -3.4 4 3.3
v -3.5 4 3.3
v -3.6 4 3.3
v -3.7 4 3.3
v -3.8 4 3.3
v -3.9 4 3.3
v -4 4 3.3
v -3.1 4 3.2
v -3.2 4 3.2
v -3.3 4 3.2
v -3.4 4 3.2
v -3.5 4 3.2
v -3.6 4 3.2
v -3.7 4 3.2
v -3.8 4 3.2
v -3.9 4 3.2
v -4 4 3.2
v -3.2 4 3.1
v -3.3 4 3.1
v -3.4 4 3.1
v -3.5 4 3.1
v -3.6 4 3.1
v -3.7 4 3.1
v -3.8 4 3.1
v -3.9 4 3.1
v -4 4 3.1
v -3.3 4 3
v -3.4 4 3
v -3.5 4 3
v -3.6 4 3
v -3.7 4 3
v -3.8 4 3
v -3.9 4 3
v -4 4 3
v -3.4 4 2.9
v -3.5 4 2.9
v -3.6 4 2.9
v -3.7 4 2.9
v -3.8 4 2.9
v -3.9 4 2.9
v -4 4 2.9
v -3.4 4 2.8
v -3.5 4 2.8
v -3.6 4 2.8
v -3.7 4 2.8
v -3.8 4 2.8
v -3.9 4 2.8
v -4 4 2.8
v -3.4 4 2.7
v -3.5 4 2.7
v -3.6 4 2.7
v -3.7 4 2.7
v -3.8 4 2.7
v -3.9 4 2.7
v -4 4 2.7
v -3.5 4 2.6
v -3.6 4 2.6
v -3.7 4 2.6
v -3.8 4 2.6
v -3.9 4 2.6
v -4 4 2.6
v -3.5 4 2.5
v -3.6 4 2.5
v -3.7 4 2.5
v -3.8 4 2.5
v -3.9 4 2.5
v -4 4 2.5
v -3.5 4 2.4
v -3.6 4 2.4
v -3.7 4 2.4
v -3.8 4 2.4
v -3.9 4 2.4
v -4 4 2.4
v -3.6 4 2.3
v -3.7 4 2.3
v -3.8 4 2.3
v -3.9 4 2.3
v -4 4 2.3
v -3.6 4 2.2
v -3.7 4 2.2
v -3.8 4 2.2
v -3.9 4 2.2
v -4 4 2.2
v -3.6 4 2.1
v -3.7 4 2.1
v -3.8 4 2.1
v -3.9 4 2.1
v -4 4 2.1
v -3.6 4 2
v -3.7 4 2
v -3.8 4 2
v -3.9 4 2
v -4 4 2
v -3.6 4 1.9
v -3.7 4 1.9
v -3.8 4 1.9
v -3.9 4 1.9
v -4 4 1.9
v -3.7 4 1.8
v -3.8 4 1.8
v -3.9 4 1.8
v -4 4 1.8
v -3.7 4 1.7
v -3.8 4 1.7
v -3.9 4 1.7
v -4 4 1.7
v -3.7 4 1.6
v -3.8 4 1.6
v -3.9 4 1.6
v -4 4 1.6
v -3.7 4 1.5
v -3.8 4 1.5
v -3.9 4 1.5
v -4 4 1.5
v -3.7 4 1.4
v -3.8 4 1.4
v -3.9 4 1.4
v -4 4 1.4
v -3.7 4 1.3
v -3.8 4 1.3
v -3.9 4 1.3
v -4 4 1.3
v -3.7 4 1.2
v -3.8 4 1.2
v -3.9 4 1.2
v -4 4 1.2
v -3.7 4 1.1
v -3.8 4 1.1
v -3.9 4 1.1
v -4 4 1.1
v -3.7 4 1
v -3.8 4 1
v -3.9 4 1
v -4 4 1
v -3.7 4 0.9
v -3.8 4 0.9
v -3.9 4 0.9
v -4 4 0.9
v -3.7 4 0.8
v -3.8 4 0.8
v -3.9 4 0.8
v -4 4 0.8
v -3.7 4 0.7
v -3.8 4 0.7
v -3.9 4 0.7
v -4 4 0.7
v -3.7 4 0.6
v -3.8 4 0.6
v -3.9 4 0.6
v -4 4 0.6
v -3.7 4 0.5
v -3.8 4 0.5
v -3.9 4 0.5
v -4 4 0.5
v -3.7 4 0.4
v -3.8 4 0.4
v -3.9 4 0.4
v -4 4 0.4
v -3.9 4 0.3
v -4 4 0.3
v -3.7 4 0.2
v -3.8 4 0.2
v -3.9 4 0.2
v -4 4 0.2
v -3.7 4 0.1
v -3.8 4 0.1
v -3.9 4 0.1
v -4 4 0.1
v -3.9 4 0
v -4 4 0
v -3.7 4 -0.1
v -3.8 4 -0.1
v -3.9 4 -0.1
v -4 4 -0.1
v -3.7 4 -0.2
v -3.8 4 -0.2
v -3.9 4 -0.2
v -4 4 -0.2
v -3.9 4 -0.3
v -4 4 -0.3
v -3.7 4 -0.4
v -3.8 4 -0.4
v -3.9 4 -0.4
v -4 4 -0.4
v -3.7 4 -0.5
v -3.8 4 -0.5
v -3.9 4 -0.5
v -4 4 -0.5
v -3.7 4 -0.6
v -3.8 4 -0.6
v -3.9 4 -0.6
v -4 4 -0.6
v -3.7 4 -0.7
v -3.8 4 -0.7
v -3.9 4 -0.7
v -4 4 -0.7
v -3.7 4 -0.8
v -3.8 4 -0.8
v -3.9 4 -0.8
v -4 4 -0.8
v -3.7 4 -0.9
v -3.8 4 -0.9
v -3.9 4 -0.9
v -4 4 -0.9
v -3.7 4 -1
v -3.8 4 -1
v -3.9 4 -1
v -4 4 -1
v -3.7 4 -1.1
v -3.8 4 -1.1
v -3.9 4 -1.1
v -4 4 -1.1
v -3.7 4 -1.2
v -3.8 4 -1.2
v -3.9 4 -1.2
v -4 4 -1.2
v -3.7 4 -1.3
v -3.8 4 -1.3
v -3.9 4 -1.3
v -4 4 -1.3
v -3.7 4 -1.4
v -3.8 4 -1.4
v -3.9 4 -1.4
v -4 4 -1.4
v -3.7 4 -1.5
v -3.8 4 -1.5
v -3.9 4 -1.5
v -4 4 -1.5
v -3.7 4 -1.6
v -3.8 4 -1.6
v -3.9 4 -1.6
v -4 4 -1.6
v -3.7 4 -1.7
v -3.8 4 -1.7
v -3.9 4 -1.7
v -4 4 -1.7
v -3.7 4 -1.8
v -3.8 4 -1.8
v -3.9 4 -1.8
v -4 4 -1.8
v -3.6 4 -1.9
v -3.7 4 -1.9
v -3.8 4 -1.9
v -3.9 4 -1.9
v -4 4 -1.9
v -3.6 4 -2
v -3.7 4 -2
v -3.8 4 -2
v -3.9 4 -2
v -4 4 -2
v -3.6 4 -2.1
v -3.7 4 -2.1
v -3.8 4 -2.1
v -3.9 4 -2.1
v -4 4 -2.1
v -2.3 4 -2.2
v -2.4 4 -2.2
v -2.5 4 -2.2
v -2.6 4 -2.2
v -2.7 4 -2.2
v -2.8 4 -2.2
v -2.9 4 -2.2
v -3 4 -2.2
v -3.1 4 -2.2
v -3.2 4 -2.2
v -3.3 4 -2.2
v -3.4 4 -2.2
v -3.5 4 -2.2
v -3.6 4 -2.2
v -3.7 4 -2.2
v -3.8 4 -2.2
v -3.9 4 -2.2
v -4 4 -2.2
v -4 0 4
v -4 0 -2.2
v -4 3 4
v -4 3 -2.2
v -4 3.1 4
v -4 3.1 -2.2
v -4 3.2 4
v -4 3.2 -2.2
v -4 3.3 4
v -4 3.3 -2.2
v -4 3.4 4
v -4 3.4 -2.2
v -4 3.5 4
v -4 3.5 -2.2
v -4 3.6 4
v -4 3.6 -2.2
v -4 3.7 4
v -4 3.7 -2.2
v -4 3.8 4
v -4 3.8 -2.2
v -4 3.9 4
v -4 3.9 -2.2
v -4 3.9 3.9
v -4 3.9 3.8
v -4 3.9 3.7
v -4 3.9 3.6
v -4 3.9 3.5
v -4 3.9 3.4
v -4 3.9 3.3
v -4 3.9 3.2
v -4 3.9 3.1
v -4 3.9 3
v -4 3.9 2.9
v -4 3.9 2.8
v -4 3.9 2.7
v -4 3.9 2.6
v -4 3.9 2.5
v -4 3.9 2.4
v -4 3.9 2.3
v -4 3.9 2.2
v -4 3.9 2.1
v -4 3.9 2
v -4 3.9 1.9
v -4 3.9 1.8
v -4 3.9 1.7
v -4 3.9 1.6
v -4 3.9 1.5
v -4 3.9 1.4
v -4 3.9 1.3
v -4 3.9 1.2
v -4 3.9 1.1
v -4 3.9 1
v -4 3.9 0.9
v -4 3.9 0.8
v -4 3.9 0.7
v -4 3.9 0.6
v -4 3.9 0.5
v -4 3.9 0.4
v -4 3.9 0.3
v -4 3.9 0.2
v -4 3.9 0.1
v -4 3.9 0
v -4 3.9 -0.1
v -4 3.9 -0.2
v -4 3.9 -0.3
v -4 3.9 -0.4
v -4 3.9 -0.5
v -4 3.9 -0.6
v -4 3.9 -0.7
v -4 3.9 -0.8
v -4 3.9 -0.9
v -4 3.9 -1
v -4 3.9 -1.1
v -4 3.9 -1.2
v -4 3.9 -1.3
v -4 3.9 -1.4
v -4 3.9 -1.5
v -4 3.9 -1.6
v -4 3.9 -1.7
v -4 3.9 -1.8
v -4 3.9 -1.9
v -4 3.9 -2
v -4 3.9 -2.1
v -2.3 3.9 4
v -2.4 3.9 4
v -2.5 3.9 4
v -2.6 3.9 4
v -2.7 3.9 4
v -2.8 3.9 4
v -2.9 3.9 4
v -3 3.9 4
v -3.1 3.9 4
v -3.2 3.9 4
v -3.3 3.9 4
v -3.4 3.9 4
v -3.5 3.9 4
v -3.6 3.9 4
v -3.7 3.9 4
v -3.8 3.9 4
v -3.9 3.9 4
v 4 4 -2.3
v 3.7 4 -2.3
v -2.2 4 -2.3
v 4 4 -2.4
v 3.9 4 -2.4
v 3.9 4 -2.3
v 3.8 4 -2.4
v 3.7 4 -2.4
v 3.8 4 -2.3
v 3.6 4 -2.4
v 3.6 4 -2.3
v -2.2 4 -2.4
v 4 4 -2.5
v 3.9 4 -2.5
v 3.8 4 -2.5
v 3.7 4 -2.5
v 3.6 4 -2.5
v 3.5 4 -2.5
v 3.5 4 -2.4
v 4 4 -2.6
v 3.9 4 -2.6
v 3.8 4 -2.6
v 3.7 4 -2.6
v 3.6 4 -2.6
v 3.5 4 -2.6
v 4 4 -2.7
v 3.9 4 -2.7
v 3.8 4 -2.7
v 3.7 4 -2.7
v 3.6 4 -2.7
v 3.5 4 -2.7
v -2.2 4 -2.7
v 4 4 -2.8
v 3.9 4 -2.8
v 3.8 4 -2.8
v 3.7 4 -2.8
v 3.6 4 -2.8
v 3.5 4 -2.8
v 3.4 4 -2.8
v 3.4 4 -2.7
v 4 4 -2.9
v 3.9 4 -2.9
v 3.8 4 -2.9
v 3.7 4 -2.9
v 3.6 4 -2.9
v 3.5 4 -2.9
v 3.4 4 -2.9
v 4 4 -3
v 3.9 4 -3
v 3.8 4 -3
v 3.7 4 -3
v 3.6 4 -3
v 3.5 4 -3
v 3.4 4 -3
v -2.2 4 -3
v 4 4 -3.1
v 3.9 4 -3.1
v 3.8 4 -3.1
v 3.7 4 -3.1
v 3.6 4 -3.1
v 3.5 4 -3.1
v 3.4 4 -3.1
v 3.3 4 -3.1
v 3.3 4 -3
v -2.2 4 -3.1
v 4 4 -3.2
v 3.9 4 -3.2
v 3.8 4 -3.2
v 3.7 4 -3.2
v 3.6 4 -3.2
v 3.5 4 -3.2
v 3.4 4 -3.2
v 3.3 4 -3.2
v 3.2 4 -3.2
v 3.2 4 -3.1
v -2.2 4 -3.2
v 4 4 -3.3
v 3.9 4 -3.3
v 3.8 4 -3.3
v 3.7 4 -3.3
v 3.6 4 -3.3
v 3.5 4 -3.3
v 3.4 4 -3.3
v 3.3 4 -3.3
v 3.2 4 -3.3
v 3.1 4 -3.3
v 3.1 4 -3.2
v -2.2 4 -3.3
v 4 4 -3.4
v 3.9 4 -3.4
v 3.8 4 -3.4
v 3.7 4 -3.4
v 3.6 4 -3.4
v 3.5 4 -3.4
v 3.4 4 -3.4
v 3.3 4 -3.4
v 3.2 4 -3.4
v 3.1 4 -3.4
v 3 4 -3.4
v 3 4 -3.3
v -2.2 4 -3.4
v 4 4 -3.5
v 3.9 4 -3.5
v 3.8 4 -3.5
v 3.7 4 -3.5
v 3.6 4 -3.5
v 3.5 4 -3.5
v 3.4 4 -3.5
v 3.3 4 -3.5
v 3.2 4 -3.5
v 3.1 4 -3.5
v 3 4 -3.5
v 2.9 4 -3.5
v 2.9 4 -3.4
v 2.8 4 -3.5
v 2.8 4 -3.4
v 2.7 4 -3.5
v 2.7 4 -3.4
v -2.2 4 -3.5
v 4 4 -3.6
v 3.9 4 -3.6
v 3.8 4 -3.6
v 3.7 4 -3.6
v 3.6 4 -3.6
v 3.5 4 -3.6
v 3.4 4 -3.6
v 3.3 4 -3.6
v 3.2 4 -3.6
v 3.1 4 -3.6
v 3 4 -3.6
v 2.9 4 -3.6
v 2.8 4 -3.6
v 2.7 4 -3.6
v 2.6 4 -3.6
v 2.6 4 -3.5
v 2.5 4 -3.6
v 2.5 4 -3.5
v 2.4 4 -3.6
v 2.4 4 -3.5
v -2.2 4 -3.6
v 4 4 -3.7
v 3.9 4 -3.7
v 3.8 4 -3.7
v 3.7 4 -3.7
v 3.6 4 -3.7
v 3.5 4 -3.7
v 3.4 4 -3.7
v 3.3 4 -3.7
v 3.2 4 -3.7
v 3.1 4 -3.7
v 3 4 -3.7
v 2.9 4 -3.7
v 2.8 4 -3.7
v 2.7 4 -3.7
v 2.6 4 -3.7
v 2.5 4 -3.7
v 2.4 4 -3.7
v 2.3 4 -3.7
v 2.3 4 -3.6
v 2.2 4 -3.7
v 2.2 4 -3.6
v 2.1 4 -3.7
v 2.1 4 -3.6
v 2 4 -3.7
v 2 4 -3.6
v 1.9 4 -3.7
v 1.9 4 -3.6
v -1.9 4 -3.7
v -1.9 4 -3.6
v -2 4 -3.7
v -2 4 -3.6
v -2.1 4 -3.7
v -2.1 4 -3.6
v -2.2 4 -3.7
v 4 4 -3.8
v 3.9 4 -3.8
v 3.8 4 -3.8
v 3.7 4 -3.8
v 3.6 4 -3.8
v 3.5 4 -3.8
v 3.4 4 -3.8
v 3.3 4 -3.8
v 3.2 4 -3.8
v 3.1 4 -3.8
v 3 4 -3.8
v 2.9 4 -3.8
v 2.8 4 -3.8
v 2.7 4 -3.8
v 2.6 4 -3.8
v 2.5 4 -3.8
v 2.4 4 -3.8
v 2.3 4 -3.8
v 2.2 4 -3.8
v 2.1 4 -3.8
v 2 4 -3.8
v 1.9 4 -3.8
v 1.8 4 -3.8
v 1.7 4 -3.8
v 1.7 4 -3.7
v 1.8 4 -3.7
v 1.6 4 -3.8
v 1.5 4 -3.8
v 1.5 4 -3.7
v 1.6 4 -3.7
v 1.4 4 -3.8
v 1.3 4 -3.8
v 1.3 4 -3.7
v 1.4 4 -3.7
v 1.2 4 -3.8
v 1.1 4 -3.8
v 1.1 4 -3.7
v 1.2 4 -3.7
v 1 4 -3.8
v 0.9 4 -3.8
v 0.9 4 -3.7
v 1 4 -3.7
v 0.8 4 -3.8
v 0.7 4 -3.8
v 0.7 4 -3.7
v 0.8 4 -3.7
v 0.6 4 -3.8
v 0.5 4 -3.8
v 0.5 4 -3.7
v 0.6 4 -3.7
v 0.4 4 -3.8
v 0.2 4 -3.8
v 0.2 4 -3.7
v 0.4 4 -3.7
v 0.1 4 -3.8
v -0.1 4 -3.8
v -0.1 4 -3.7
v 0.1 4 -3.7
v -0.2 4 -3.8
v -0.4 4 -3.8
v -0.4 4 -3.7
v -0.2 4 -3.7
v -0.5 4 -3.8
v -0.6 4 -3.8
v -0.6 4 -3.7
v -0.5 4 -3.7
v -0.7 4 -3.8
v -0.8 4 -3.8
v -0.8 4 -3.7
v -0.7 4 -3.7
v -0.9 4 -3.8
v -1 4 -3.8
v -1 4 -3.7
v -0.9 4 -3.7
v -1.1 4 -3.8
v -1.2 4 -3.8
v -1.2 4 -3.7
v -1.1 4 -3.7
v -1.3 4 -3.8
v -1.4 4 -3.8
v -1.4 4 -3.7
v -1.3 4 -3.7
v -1.5 4 -3.8
v -1.6 4 -3.8
v -1.6 4 -3.7
v -1.5 4 -3.7
v -1.7 4 -3.8
v -1.8 4 -3.8
v -1.8 4 -3.7
v -1.7 4 -3.7
v -1.9 4 -3.8
v -2 4 -3.8
v -2.1 4 -3.8
v -2.2 4 -3.8
v 4 4 -3.9
v 3.9 4 -3.9
v 3.8 4 -3.9
v 3.7 4 -3.9
v 3.6 4 -3.9
v 3.5 4 -3.9
v 3.4 4 -3.9
v 3.3 4 -3.9
v 3.2 4 -3.9
v 3.1 4 -3.9
v 3 4 -3.9
v 2.9 4 -3.9
v 2.8 4 -3.9
v 2.7 4 -3.9
v 2.6 4 -3.9
v 2.5 4 -3.9
v 2.4 4 -3.9
v 2.3 4 -3.9
v 2.2 4 -3.9
v 2.1 4 -3.9
v 2 4 -3.9
v 1.9 4 -3.9
v 1.8 4 -3.9
v 1.7 4 -3.9
v 1.6 4 -3.9
v 1.5 4 -3.9
v 1.4 4 -3.9
v 1.3 4 -3.9
v 1.2 4 -3.9
v 1.1 4 -3.9
v 1 4 -3.9
v 0.9 4 -3.9
v 0.8 4 -3.9
v 0.7 4 -3.9
v 0.6 4 -3.9
v 0.5 4 -3.9
v 0.4 4 -3.9
v 0.2 4 -3.9
v 0.1 4 -3.9
v 0 4 -3.9
v -0.1 4 -3.9
v 0 4 -3.8
v -0.2 4 -3.9
v -0.4 4 -3.9
v -0.5 4 -3.9
v -0.6 4 -3.9
v -0.7 4 -3.9
v -0.8 4 -3.9
v -0.9 4 -3.9
v -1 4 -3.9
v -1.1 4 -3.9
v -1.2 4 -3.9
v -1.3 4 -3.9
v -1.4 4 -3.9
v -1.5 4 -3.9
v -1.6 4 -3.9
v -1.7 4 -3.9
v -1.8 4 -3.9
v -1.9 4 -3.9
v -2 4 -3.9
v -2.1 4 -3.9
v 4 4 -4
v 3.9 4 -4
v 3.8 4 -4
v 3.7 4 -4
v 3.6 4 -4
v 3.5 4 -4
v 3.4 4 -4
v 3.3 4 -4
v 3.2 4 -4
v 3.1 4 -4
v 3 4 -4
v 2.9 4 -4
v 2.8 4 -4
v 2.7 4 -4
v 2.6 4 -4
v 2.5 4 -4
v 2.4 4 -4
v 2.3 4 -4
v 2.2 4 -4
v 2.1 4 -4
v 2 4 -4
v 1.9 4 -4
v 1.8 4 -4
v 1.7 4 -4
v 1.6 4 -4
v 1.5 4 -4
v 1.4 4 -4
v 1.3 4 -4
v 1.2 4 -4
v 1.1 4 -4
v 1 4 -4
v 0.9 4 -4
v 0.8 4 -4
v 0.7 4 -4
v 0.6 4 -4
v 0.5 4 -4
v 0.4 4 -4
v 0.3 4 -4
v 0.3 4 -3.9
v 0.2 4 -4
v 0.1 4 -4
v 0 4 -4
v -0.1 4 -4
v -0.2 4 -4
v -0.3 4 -4
v -0.3 4 -3.9
v -0.4 4 -4
v -0.5 4 -4
v -0.6 4 -4
v -0.7 4 -4
v -0.8 4 -4
v -0.9 4 -4
v -1 4 -4
v -1.1 4 -4
v -1.2 4 -4
v -1.3 4 -4
v -1.4 4 -4
v -1.5 4 -4
v -1.6 4 -4
v -1.7 4 -4
v -1.8 4 -4
v -1.9 4 -4
v -2 4 -4
v -2.1 4 -4
v -2.2 4 -4
v 4 0 -4
v -2.2 0 -4
v 4 3 -4
v 4 3.1 -4
v 4 3.2 -4
v 4 3.3 -4
v 4 3.4 -4
v 4 3.5 -4
v 4 3.6 -4
v 4 3.7 -4
v 4 3.8 -4
v 4 3.9 -4
v 4 3.9 -2.3
v 4 3.9 -2.4
v 4 3.9 -2.5
v 4 3.9 -2.6
v 4 3.9 -2.7
v 4 3.9 -2.8
v 4 3.9 -2.9
v 4 3.9 -3
v 4 3.9 -3.1
v 4 3.9 -3.2
v 4 3.9 -3.3
v 4 3.9 -3.4
v 4 3.9 -3.5
v 4 3.9 -3.6
v 4 3.9 -3.7
v 4 3.9 -3.8
v 4 3.9 -3.9
v 3.9 3.9 -4
v 3.8 3.9 -4
v 3.7 3.9 -4
v 3.6 3.9 -4
v 3.5 3.9 -4
v 3.4 3.9 -4
v 3.3 3.9 -4
v 3.2 3.9 -4
v 3.1 3.9 -4
v 3 3.9 -4
v 2.9 3.9 -4
v 2.8 3.9 -4
v 2.7 3.9 -4
v 2.6 3.9 -4
v 2.5 3.9 -4
v 2.4 3.9 -4
v 2.3 3.9 -4
v 2.2 3.9 -4
v 2.1 3.9 -4
v 2 3.9 -4
v 1.9 3.9 -4
v 1.8 3.9 -4
v 1.7 3.9 -4
v 1.6 3.9 -4
v 1.5 3.9 -4
v 1.4 3.9 -4
v 1.3 3.9 -4
v 1.2 3.9 -4
v 1.1 3.9 -4
v 1 3.9 -4
v 0.9 3.9 -4
v 0.8 3.9 -4
v 0.7 3.9 -4
v 0.6 3.9 -4
v 0.5 3.9 -4
v 0.4 3.9 -4
v 0.3 3.9 -4
v 0.2 3.9 -4
v 0.1 3.9 -4
v 0 3.9 -4
v -0.1 3.9 -4
v -0.2 3.9 -4
v -0.3 3.9 -4
v -0.4 3.9 -4
v -0.5 3.9 -4
v -0.6 3.9 -4
v -0.7 3.9 -4
v -0.8 3.9 -4
v -0.9 3.9 -4
v -1 3.9 -4
v -1.1 3.9 -4
v -1.2 3.9 -4
v -1.3 3.9 -4
v -1.4 3.9 -4
v -1.5 3.9 -4
v -1.6 3.9 -4
v -1.7 3.9 -4
v -1.8 3.9 -4
v -1.9 3.9 -4
v -2 3.9 -4
v -2.1 3.9 -4
v -2.2 3 -4
v -2.2 3.1 -4
v -2.2 3.2 -4
v -2.2 3.3 -4
v -2.2 3.4 -4
v -2.2 3.5 -4
v -2.2 3.6 -4
v -2.2 3.7 -4
v -2.2 3.8 -4
v -2.2 3.9 -4
v -3.6 4 -2.3
v -3.7 4 -2.3
v -3.9 4 -2.3
v -4 4 -2.3
v -3.5 4 -2.4
v -3.6 4 -2.4
v -3.7 4 -2.4
v -3.8 4 -2.4
v -3.8 4 -2.3
v -3.9 4 -2.4
v -4 4 -2.4
v -3.5 4 -2.5
v -3.6 4 -2.5
v -3.7 4 -2.5
v -3.8 4 -2.5
v -3.9 4 -2.5
v -4 4 -2.5
v -3.5 4 -2.6
v -3.6 4 -2.6
v -3.7 4 -2.6
v -3.8 4 -2.6
v -3.9 4 -2.6
v -4 4 -2.6
v -3.4 4 -2.7
v -3.5 4 -2.7
v -3.6 4 -2.7
v -3.7 4 -2.7
v -3.8 4 -2.7
v -3.9 4 -2.7
v -4 4 -2.7
v -3.4 4 -2.8
v -3.5 4 -2.8
v -3.6 4 -2.8
v -3.7 4 -2.8
v -3.8 4 -2.8
v -3.9 4 -2.8
v -4 4 -2.8
v -3.4 4 -2.9
v -3.5 4 -2.9
v -3.6 4 -2.9
v -3.7 4 -2.9
v -3.8 4 -2.9
v -3.9 4 -2.9
v -4 4 -2.9
v -3.3 4 -3
v -3.4 4 -3
v -3.5 4 -3
v -3.6 4 -3
v -3.7 4 -3
v -3.8 4 -3
v -3.9 4 -3
v -4 4 -3
v -3.2 4 -3.1
v -3.3 4 -3.1
v -3.4 4 -3.1
v -3.5 4 -3.1
v -3.6 4 -3.1
v -3.7 4 -3.1
v -3.8 4 -3.1
v -3.9 4 -3.1
v -4 4 -3.1
v -3.1 4 -3.2
v -3.2 4 -3.2
v -3.3 4 -3.2
v -3.4 4 -3.2
v -3.5 4 -3.2
v -3.6 4 -3.2
v -3.7 4 -3.2
v -3.8 4 -3.2
v -3.9 4 -3.2
v -4 4 -3.2
v -3 4 -3.3
v -3.1 4 -3.3
v -3.2 4 -3.3
v -3.3 4 -3.3
v -3.4 4 -3.3
v -3.5 4 -3.3
v -3.6 4 -3.3
v -3.7 4 -3.3
v -3.8 4 -3.3
v -3.9 4 -3.3
v -4 4 -3.3
v -2.7 4 -3.4
v -3 4 -3.4
v -3.1 4 -3.4
v -3.2 4 -3.4
v -3.3 4 -3.4
v -3.4 4 -3.4
v -3.5 4 -3.4
v -3.6 4 -3.4
v -3.7 4 -3.4
v -3.8 4 -3.4
v -3.9 4 -3.4
v -4 4 -3.4
v -2.4 4 -3.5
v -2.7 4 -3.5
v -2.8 4 -3.5
v -2.8 4 -3.4
v -2.9 4 -3.5
v -2.9 4 -3.4
v -3 4 -3.5
v -3.1 4 -3.5
v -3.2 4 -3.5
v -3.3 4 -3.5
v -3.4 4 -3.5
v -3.5 4 -3.5
v -3.6 4 -3.5
v -3.7 4 -3.5
v -3.8 4 -3.5
v -3.9 4 -3.5
v -4 4 -3.5
v -2.3 4 -3.6
v -2.4 4 -3.6
v -2.5 4 -3.6
v -2.5 4 -3.5
v -2.6 4 -3.6
v -2.6 4 -3.5
v -2.7 4 -3.6
v -2.8 4 -3.6
v -2.9 4 -3.6
v -3 4 -3.6
v -3.1 4 -3.6
v -3.2 4 -3.6
v -3.3 4 -3.6
v -3.4 4 -3.6
v -3.5 4 -3.6
v -3.6 4 -3.6
v -3.7 4 -3.6
v -3.8 4 -3.6
v -3.9 4 -3.6
v -4 4 -3.6
v -2.3 4 -3.7
v -2.4 4 -3.7
v -2.5 4 -3.7
v -2.6 4 -3.7
v -2.7 4 -3.7
v -2.8 4 -3.7
v -2.9 4 -3.7
v -3 4 -3.7
v -3.1 4 -3.7
v -3.2 4 -3.7
v -3.3 4 -3.7
v -3.4 4 -3.7
v -3.5 4 -3.7
v -3.6 4 -3.7
v -3.7 4 -3.7
v -3.8 4 -3.7
v -3.9 4 -3.7
v -4 4 -3.7
v -2.3 4 -3.8
v -2.4 4 -3.8
v -2.5 4 -3.8
v -2.6 4 -3.8
v -2.7 4 -3.8
v -2.8 4 -3.8
v -2.9 4 -3.8
v -3 4 -3.8
v -3.1 4 -3.8
v -3.2 4 -3.8
v -3.3 4 -3.8
v -3.4 4 -3.8
v -3.5 4 -3.8
v -3.6 4 -3.8
v -3.7 4 -3.8
v -3.8 4 -3.8
v -3.9 4 -3.8
v -4 4 -3.8
v -2.2 4 -3.9
v -2.3 4 -3.9
v -2.4 4 -3.9
v -2.5 4 -3.9
v -2.6 4 -3.9
v -2.7 4 -3.9
v -2.8 4 -3.9
v -2.9 4 -3.9
v -3 4 -3.9
v -3.1 4 -3.9
v -3.2 4 -3.9
v -3.3 4 -3.9
v -3.4 4 -3.9
v -3.5 4 -3.9
v -3.6 4 -3.9
v -3.7 4 -3.9
v -3.8 4 -3.9
v -3.9 4 -3.9
v -4 4 -3.9
v -2.3 4 -4
v -2.4 4 -4
v -2.5 4 -4
v -2.6 4 -4
v -2.7 4 -4
v -2.8 4 -4
v -2.9 4 -4
v -3 4 -4
v -3.1 4 -4
v -3.2 4 -4
v -3.3 4 -4
v -3.4 4 -4
v -3.5 4 -4
v -3.6 4 -4
v -3.7 4 -4
v -3.8 4 -4
v -3.9 4 -4
v -4 4 -4
v -4 0 -4
v -4 3 -4
v -4 3.1 -4
v -4 3.2 -4
v -4 3.3 -4
v -4 3.4 -4
v -4 3.5 -4
v -4 3.6 -4
v -4 3.7 -4
v -4 3.8 -4
v -4 3.9 -4
v -4 3.9 -2.3
v -4 3.9 -2.4
v -4 3.9 -2.5
v -4 3.9 -2.6
v -4 3.9 -2.7
v -4 3.9 -2.8
v -4 3.9 -2.9
v -4 3.9 -3
v -4 3.9 -3.1
v -4 3.9 -3.2
v -4 3.9 -3.3
v -4 3.9 -3.4
v -4 3.9 -3.5
v -4 3.9 -3.6
v -4 3.9 -3.7
v -4 3.9 -3.8
v -4 3.9 -3.9
v -2.3 3.9 -4
v -2.4 3.9 -4
v -2.5 3.9 -4
v -2.6 3.9 -4
v -2.7 3.9 -4
v -2.8 3.9 -4
v -2.9 3.9 -4
v -3 3.9 -4
v -3.1 3.9 -4
v -3.2 3.9 -4
v -3.3 3.9 -4
v -3.4 3.9 -4
v -3.5 3.9 -4
v -3.6 3.9 -4
v -3.7 3.9 -4
v -3.8 3.9 -4
v -3.9 3.9 -4

vt 0.0214844 0.5
vt 0.0371094 0.5
vt 0.0449219 0.5
vt 0.0761719 0.5
vt 0.0957031 0.5
vt 0.0996094 0.5

vn 0 1 0
vn 0 -1 0
vn 1 0 0
vn 0 0 1
vn -1 0 0
vn 0 0 -1

usemtl palette
f 1/6/1 2/6/1 4/6/1
f 4/6/1 2/6/1 3/6/1
f 2/2/1 5/2/1 3/2/1
f 3/2/1 5/2/1 6/2/1
f 7/2/1 8/2/1 10/2/1
f 10/2/1 8/2/1 9/2/1
f 11/2/1 12/2/1 14/2/1
f 14/2/1 12/2/1 13/2/1
f 15/2/1 16/2/1 18/2/1
f 18/2/1 16/2/1 17/2/1
f 19/2/1 20/2/1 22/2/1
f 22/2/1 20/2/1 21/2/1
f 23/2/1 24/2/1 26/2/1
f 26/2/1 24/2/1 25/2/1
f 27/2/1 28/2/1 30/2/1
f 30/2/1 28/2/1 29/2/1
f 31/2/1 32/2/1 34/2/1
f 34/2/1 32/2/1 33/2/1
f 35/2/1 36/2/1 38/2/1
f 38/2/1 36/2/1 37/2/1
f 39/2/1 40/2/1 42/2/1
f 42/2/1 40/2/1 41/2/1
f 43/2/1 44/2/1 46/2/1
f 46/2/1 44/2/1 45/2/1
f 47/2/1 48/2/1 50/2/1
f 50/2/1 48/2/1 49/2/1
f 51/2/1 52/2/1 54/2/1
f 54/2/1 52/2/1 53/2/1
f 55/2/1 56/2/1 58/2/1
f 58/2/1 56/2/1 57/2/1
f 59/2/1 60/2/1 62/2/1
f 62/2/1 60/2/1 61/2/1
f 63/2/1 64/2/1 66/2/1
f 66/2/1 64/2/1 65/2/1
f 67/2/1 68/2/1 70/2/1
f 70/2/1 68/2/1 69/2/1
f 71/2/1 72/2/1 74/2/1
f 74/2/1 72/2/1 73/2/1
f 75/2/1 76/2/1 78/2/1
f 78/2/1 76/2/1 77/2/1
f 79/2/1 80/2/1 82/2/1
f 82/2/1 80/2/1 81/2/1
f 83/2/1 84/2/1 86/2/1
f 86/2/1 84/2/1 85/2/1
f 87/2/1 88/2/1 90/2/1
f 90/2/1 88/2/1 89/2/1
f 91/2/1 92/2/1 94/2/1
f 94/2/1 92/2/1 93/2/1
f 95/2/1 96/2/1 98/2/1
f 98/2/1 96/2/1 97/2/1
f 99/2/1 100/2/1 102/2/1
f 102/2/1 100/2/1 101/2/1
f 103/2/1 104/2/1 106/2/1
f 106/2/1 104/2/1 105/2/1
f 107/2/1 108/2/1 110/2/1
f 110/2/1 108/2/1 109/2/1
f 111/2/1 112/2/1 114/2/1
f 114/2/1 112/2/1 113/2/1
f 115/2/1 116/2/1 118/2/1
f 118/2/1 116/2/1 117/2/1
f 119/2/1 120/2/1 122/2/1
f 122/2/1 120/2/1 121/2/1
f 123/2/1 124/2/1 126/2/1
f 126/2/1 124/2/1 125/2/1
f 127/2/1 128/2/1 1/2/1
f 1/2/1 128/2/1 2/2/1
f 129/6/1 130/6/1 6/6/1
f 6/6/1 130/6/1 10/6/1
f 131/6/1 132/6/1 9/6/1
f 9/6/1 132/6/1 14/6/1
f 133/6/1 134/6/1 13/6/1
f 13/6/1 134/6/1 18/6/1
f 135/6/1 136/6/1 17/6/1
f 17/6/1 136/6/1 22/6/1
f 137/6/1 138/6/1 21/6/1
f 21/6/1 138/6/1 26/6/1
f 139/6/1 140/6/1 25/6/1
f 25/6/1 140/6/1 30/6/1
f 141/6/1 142/6/1 29/6/1
f 29/6/1 142/6/1 34/6/1
f 143/6/1 144/6/1 33/6/1
f 33/6/1 144/6/1 38/6/1
f 145/6/1 146/6/1 37/6/1
f 37/6/1 146/6/1 42/6/1
f 147/6/1 148/6/1 41/6/1
f 41/6/1 148/6/1 46/6/1
f 149/6/1 150/6/1 45/6/1
f 45/6/1 150/6/1 50/6/1
f 151/6/1 152/6/1 49/6/1
f 49/6/1 152/6/1 54/6/1
f 153/6/1 154/6/1 53/6/1
f 53/6/1 154/6/1 58/6/1
f 155/6/1 156/6/1 57/6/1
f 57/6/1 156/6/1 62/6/1
f 157/6/1 158/6/1 61/6/1
f 61/6/1 158/6/1 66/6/1
f 159/6/1 160/6/1 65/6/1
f 65/6/1 160/6/1 70/6/1
f 161/6/1 162/6/1 69/6/1
f 69/6/1 162/6/1 74/6/1
f 163/6/1 164/6/1 73/6/1
f 73/6/1 164/6/1 78/6/1
f 164/6/1 165/6/1 75/6/1
f 75/6/1 165/6/1 76/6/1
f 166/6/1 167/6/1 79/6/1
f 79/6/1 167/6/1 80/6/1
f 167/6/1 168/6/1 81/6/1
f 81/6/1 168/6/1 86/6/1
f 169/6/1 170/6/1 85/6/1
f 85/6/1 170/6/1 90/6/1
f 170/6/1 171/6/1 87/6/1
f 87/6/1 171/6/1 88/6/1
f 172/6/1 173/6/1 91/6/1
f 91/6/1 173/6/1 92/6/1
f 174/6/1 175/6/1 95/6/1
f 95/6/1 175/6/1 96/6/1
f 176/6/1 177/6/1 99/6/1
f 99/6/1 177/6/1 100/6/1
f 178/6/1 179/6/1 103/6/1
f 103/6/1 179/6/1 104/6/1
f 180/6/1 181/6/1 107/6/1
f 107/6/1 181/6/1 108/6/1
f 182/6/1 183/6/1 111/6/1
f 111/6/1 183/6/1 112/6/1
f 184/6/1 185/6/1 115/6/1
f 115/6/1 185/6/1 116/6/1
f 186/6/1 187/6/1 119/6/1
f 119/6/1 187/6/1 120/6/1
f 188/6/1 189/6/1 123/6/1
f 123/6/1 189/6/1 124/6/1
f 190/6/1 191/6/1 127/6/1
f 127/6/1 191/6/1 128/6/1
f 192/3/1 193/3/1 129/3/1
f 129/3/1 193/3/1 130/3/1
f 193/6/1 194/6/1 7/6/1
f 7/6/1 194/6/1 8/6/1
f 194/3/1 195/3/1 131/3/1
f 131/3/1 195/3/1 132/3/1
f 195/6/1 196/6/1 11/6/1
f 11/6/1 196/6/1 12/6/1
f 196/3/1 197/3/1 133/3/1
f 133/3/1 197/3/1 134/3/1
f 197/6/1 198/6/1 15/6/1
f 15/6/1 198/6/1 16/6/1
f 198/3/1 199/3/1 135/3/1
f 135/3/1 199/3/1 136/3/1
f 199/6/1 200/6/1 19/6/1
f 19/6/1 200/6/1 20/6/1
f 200/3/1 201/3/1 137/3/1
f 137/3/1 201/3/1 138/3/1
f 201/6/1 202/6/1 23/6/1
f 23/6/1 202/6/1 24/6/1
f 202/3/1 203/3/1 139/3/1
f 139/3/1 203/3/1 140/3/1
f 203/6/1 204/6/1 27/6/1
f 27/6/1 204/6/1 28/6/1
f 204/3/1 205/3/1 141/3/1
f 141/3/1 205/3/1 142/3/1
f 205/6/1 206/6/1 31/6/1
f 31/6/1 206/6/1 32/6/1
f 206/3/1 207/3/1 143/3/1
f 143/3/1 207/3/1 144/3/1
f 207/6/1 208/6/1 35/6/1
f 35/6/1 208/6/1 36/6/1
f 208/3/1 209/3/1 145/3/1
f 145/3/1 209/3/1 146/3/1
f 209/6/1 210/6/1 39/6/1
f 39/6/1 210/6/1 40/6/1
f 210/3/1 211/3/1 147/3/1
f 147/3/1 211/3/1 148/3/1
f 211/6/1 212/6/1 43/6/1
f 43/6/1 212/6/1 44/6/1
f 213/6/1 214/6/1 47/6/1
f 47/6/1 214/6/1 48/6/1
f 215/6/1 216/6/1 51/6/1
f 51/6/1 216/6/1 52/6/1
f 217/6/1 218/6/1 55/6/1
f 55/6/1 218/6/1 56/6/1
f 219/6/1 220/6/1 59/6/1
f 59/6/1 220/6/1 60/6/1
f 221/6/1 222/6/1 63/6/1
f 63/6/1 222/6/1 64/6/1
f 223/6/1 224/6/1 67/6/1
f 67/6/1 224/6/1 68/6/1
f 225/6/1 226/6/1 71/6/1
f 71/6/1 226/6/1 72/6/1
f 227/6/1 228/6/1 77/6/1
f 77/6/1 228/6/1 82/6/1
f 229/6/1 230/6/1 83/6/1
f 83/6/1 230/6/1 84/6/1
f 231/6/1 232/6/1 89/6/1
f 89/6/1 232/6/1 94/6/1
f 233/6/1 234/6/1 93/6/1
f 93/6/1 234/6/1 98/6/1
f 235/6/1 236/6/1 97/6/1
f 97/6/1 236/6/1 102/6/1
f 237/6/1 238/6/1 101/6/1
f 101/6/1 238/6/1 106/6/1
f 239/6/1 240/6/1 105/6/1
f 105/6/1 240/6/1 110/6/1
f 241/6/1 242/6/1 109/6/1
f 109/6/1 242/6/1 114/6/1
f 243/6/1 244/6/1 113/6/1
f 113/6/1 244/6/1 118/6/1
f 245/6/1 246/6/1 117/6/1
f 117/6/1 246/6/1 122/6/1
f 246/3/1 247/3/1 186/3/1
f 186/3/1 247/3/1 187/3/1
f 247/6/1 248/6/1 121/6/1
f 121/6/1 248/6/1 126/6/1
f 248/3/1 249/3/1 188/3/1
f 188/3/1 249/3/1 189/3/1
f 250/2/1 251/2/1 190/2/1
f 190/2/1 251/2/1 191/2/1
f 252/6/1 253/6/1 192/6/1
f 192/6/1 253/6/1 193/6/1
f 253/3/1 254/3/1 193/3/1
f 193/3/1 254/3/1 194/3/1
f 254/6/1 255/6/1 194/6/1
f 194/6/1 255/6/1 195/6/1
f 255/3/1 256/3/1 195/3/1
f 195/3/1 256/3/1 196/3/1
f 256/6/1 257/6/1 196/6/1
f 196/6/1 257/6/1 197/6/1
f 257/3/1 258/3/1 197/3/1
f 197/3/1 258/3/1 198/3/1
f 258/6/1 259/6/1 198/6/1
f 198/6/1 259/6/1 199/6/1
f 259/3/1 260/3/1 199/3/1
f 199/3/1 260/3/1 200/3/1
f 260/6/1 261/6/1 200/6/1
f 200/6/1 261/6/1 201/6/1
f 261/3/1 262/3/1 201/3/1
f 201/3/1 262/3/1 202/3/1
f 262/6/1 263/6/1 202/6/1
f 202/6/1 263/6/1 203/6/1
f 263/3/1 264/3/1 203/3/1
f 203/3/1 264/3/1 204/3/1
f 264/6/1 265/6/1 204/6/1
f 204/6/1 265/6/1 205/6/1
f 265/3/1 266/3/1 205/3/1
f 205/3/1 266/3/1 206/3/1
f 266/6/1 267/6/1 206/6/1
f 206/6/1 267/6/1 207/6/1
f 268/6/1 269/6/1 208/6/1
f 208/6/1 269/6/1 209/6/1
f 270/6/1 271/6/1 210/6/1
f 210/6/1 271/6/1 211/6/1
f 272/6/1 273/6/1 246/6/1
f 246/6/1 273/6/1 247/6/1
f 274/6/1 275/6/1 248/6/1
f 248/6/1 275/6/1 249/6/1
f 276/6/1 277/6/1 250/6/1
f 250/6/1 277/6/1 251/6/1
f 278/3/1 279/3/1 252/3/1
f 252/3/1 279/3/1 253/3/1
f 279/6/1 280/6/1 253/6/1
f 253/6/1 280/6/1 254/6/1
f 280/3/1 281/3/1 254/3/1
f 254/3/1 281/3/1 255/3/1
f 281/6/1 282/6/1 255/6/1
f 255/6/1 282/6/1 256/6/1
f 282/3/1 283/3/1 256/3/1
f 256/3/1 283/3/1 257/3/1
f 283/6/1 284/6/1 257/6/1
f 257/6/1 284/6/1 258/6/1
f 284/3/1 285/3/1 258/3/1
f 258/3/1 285/3/1 259/3/1
f 285/6/1 286/6/1 259/6/1
f 259/6/1 286/6/1 260/6/1
f 286/3/1 287/3/1 260/3/1
f 260/3/1 287/3/1 261/3/1
f 287/6/1 288/6/1 261/6/1
f 261/6/1 288/6/1 262/6/1
f 288/3/1 289/3/1 262/3/1
f 262/3/1 289/3/1 263/3/1
f 289/6/1 290/6/1 263/6/1
f 263/6/1 290/6/1 264/6/1
f 291/6/1 292/6/1 265/6/1
f 265/6/1 292/6/1 266/6/1
f 293/2/1 294/2/1 276/2/1
f 276/2/1 294/2/1 277/2/1
f 295/6/1 296/6/1 278/6/1
f 278/6/1 296/6/1 279/6/1
f 296/3/1 297/3/1 279/3/1
f 279/3/1 297/3/1 280/3/1
f 297/6/1 298/6/1 280/6/1
f 280/6/1 298/6/1 281/6/1
f 298/3/1 299/3/1 281/3/1
f 281/3/1 299/3/1 282/3/1
f 299/6/1 300/6/1 282/6/1
f 282/6/1 300/6/1 283/6/1
f 300/3/1 301/3/1 283/3/1
f 283/3/1 301/3/1 284/3/1
f 301/6/1 302/6/1 284/6/1
f 284/6/1 302/6/1 285/6/1
f 302/3/1 303/3/1 285/3/1
f 285/3/1 303/3/1 286/3/1
f 303/6/1 304/6/1 286/6/1
f 286/6/1 304/6/1 287/6/1
f 305/6/1 306/6/1 288/6/1
f 288/6/1 306/6/1 289/6/1
f 307/6/1 308/6/1 293/6/1
f 293/6/1 308/6/1 294/6/1
f 309/3/1 310/3/1 295/3/1
f 295/3/1 310/3/1 296/3/1
f 310/6/1 311/6/1 296/6/1
f 296/6/1 311/6/1 297/6/1
f 311/3/1 312/3/1 297/3/1
f 297/3/1 312/3/1 298/3/1
f 312/6/1 313/6/1 298/6/1
f 298/6/1 313/6/1 299/6/1
f 313/3/1 314/3/1 299/3/1
f 299/3/1 314/3/1 300/3/1
f 314/6/1 315/6/1 300/6/1
f 300/6/1 315/6/1 301/6/1
f 315/3/1 316/3/1 301/3/1
f 301/3/1 316/3/1 302/3/1
f 316/6/1 317/6/1 302/6/1
f 302/6/1 317/6/1 303/6/1
f 318/2/1 319/2/1 307/2/1
f 307/2/1 319/2/1 308/2/1
f 320/6/1 321/6/1 309/6/1
f 309/6/1 321/6/1 310/6/1
f 321/3/1 322/3/1 310/3/1
f 310/3/1 322/3/1 311/3/1
f 322/6/1 323/6/1 311/6/1
f 311/6/1 323/6/1 312/6/1
f 323/3/1 324/3/1 312/3/1
f 312/3/1 324/3/1 313/3/1
f 324/6/1 325/6/1 313/6/1
f 313/6/1 325/6/1 314/6/1
f 325/3/1 326/3/1 314/3/1
f 314/3/1 326/3/1 315/3/1
f 326/6/1 327/6/1 315/6/1
f 315/6/1 327/6/1 316/6/1
f 328/6/1 329/6/1 318/6/1
f 318/6/1 329/6/1 319/6/1
f 330/3/1 331/3/1 320/3/1
f 320/3/1 331/3/1 321/3/1
f 331/6/1 332/6/1 321/6/1
f 321/6/1 332/6/1 322/6/1
f 332/3/1 333/3/1 322/3/1
f 322/3/1 333/3/1 323/3/1
f 333/6/1 334/6/1 323/6/1
f 323/6/1 334/6/1 324/6/1
f 334/3/1 335/3/1 324/3/1
f 324/3/1 335/3/1 325/3/1
f 335/6/1 336/6/1 325/6/1
f 325/6/1 336/6/1 326/6/1
f 337/2/1 338/2/1 328/2/1
f 328/2/1 338/2/1 329/2/1
f 339/6/1 340/6/1 330/6/1
f 330/6/1 340/6/1 331/6/1
f 340/3/1 341/3/1 331/3/1
f 331/3/1 341/3/1 332/3/1
f 341/6/1 342/6/1 332/6/1
f 332/6/1 342/6/1 333/6/1
f 342/3/1 343/3/1 333/3/1
f 333/3/1 343/3/1 334/3/1
f 343/6/1 344/6/1 334/6/1
f 334/6/1 344/6/1 335/6/1
f 345/6/1 346/6/1 337/6/1
f 337/6/1 346/6/1 338/6/1
f 347/3/1 348/3/1 339/3/1
f 339/3/1 348/3/1 340/3/1
f 348/6/1 349/6/1 340/6/1
f 340/6/1 349/6/1 341/6/1
f 349/3/1 350/3/1 341/3/1
f 341/3/1 350/3/1 342/3/1
f 350/6/1 351/6/1 342/6/1
f 342/6/1 351/6/1 343/6/1
f 352/2/1 353/2/1 345/2/1
f 345/2/1 353/2/1 346/2/1
f 354/6/1 355/6/1 347/6/1
f 347/6/1 355/6/1 348/6/1
f 355/3/1 356/3/1 348/3/1
f 348/3/1 356/3/1 349/3/1
f 356/6/1 357/6/1 349/6/1
f 349/6/1 357/6/1 350/6/1
f 357/3/1 358/3/1 350/3/1
f 350/3/1 358/3/1 351/3/1
f 359/6/1 360/6/1 352/6/1
f 352/6/1 360/6/1 353/6/1
f 361/3/1 362/3/1 354/3/1
f 354/3/1 362/3/1 355/3/1
f 362/6/1 363/6/1 355/6/1
f 355/6/1 363/6/1 356/6/1
f 363/3/1 364/3/1 356/3/1
f 356/3/1 364/3/1 357/3/1
f 364/6/1 365/6/1 357/6/1
f 357/6/1 365/6/1 358/6/1
f 366/2/1 367/2/1 359/2/1
f 359/2/1 367/2/1 360/2/1
f 368/6/1 369/6/1 361/6/1
f 361/6/1 369/6/1 362/6/1
f 369/3/1 370/3/1 362/3/1
f 362/3/1 370/3/1 363/3/1
f 370/6/1 371/6/1 363/6/1
f 363/6/1 371/6/1 364/6/1
f 372/6/1 373/6/1 366/6/1
f 366/6/1 373/6/1 367/6/1
f 374/3/1 375/3/1 368/3/1
f 368/3/1 375/3/1 369/3/1
f 375/6/1 376/6/1 369/6/1
f 369/6/1 376/6/1 370/6/1
f 376/3/1 377/3/1 370/3/1
f 370/3/1 377/3/1 371/3/1
f 378/2/1 379/2/1 372/2/1
f 372/2/1 379/2/1 373/2/1
f 380/6/1 381/6/1 374/6/1
f 374/6/1 381/6/1 375/6/1
f 381/3/1 382/3/1 375/3/1
f 375/3/1 382/3/1 376/3/1
f 382/6/1 383/6/1 376/6/1
f 376/6/1 383/6/1 377/6/1
f 384/6/1 385/6/1 378/6/1
f 378/6/1 385/6/1 379/6/1
f 386/3/1 387/3/1 380/3/1
f 380/3/1 387/3/1 381/3/1
f 387/6/1 388/6/1 381/6/1
f 381/6/1 388/6/1 382/6/1
f 389/2/1 390/2/1 384/2/1
f 384/2/1 390/2/1 385/2/1
f 391/6/1 392/6/1 386/6/1
f 386/6/1 392/6/1 387/6/1
f 392/3/1 393/3/1 387/3/1
f 387/3/1 393/3/1 388/3/1
f 394/6/1 395/6/1 389/6/1
f 389/6/1 395/6/1 390/6/1
f 396/3/1 397/3/1 391/3/1
f 391/3/1 397/3/1 392/3/1
f 397/6/1 398/6/1 392/6/1
f 392/6/1 398/6/1 393/6/1
f 399/2/1 400/2/1 394/2/1
f 394/2/1 400/2/1 395/2/1
f 401/6/1 402/6/1 396/6/1
f 396/6/1 402/6/1 397/6/1
f 402/3/1 403/3/1 397/3/1
f 397/3/1 403/3/1 398/3/1
f 404/6/1 405/6/1 399/6/1
f 399/6/1 405/6/1 400/6/1
f 406/3/1 407/3/1 401/3/1
f 401/3/1 407/3/1 402/3/1
f 407/6/1 408/6/1 402/6/1
f 402/6/1 408/6/1 403/6/1
f 409/2/1 410/2/1 404/2/1
f 404/2/1 410/2/1 405/2/1
f 411/6/1 412/6/1 406/6/1
f 406/6/1 412/6/1 407/6/1
f 413/6/1 414/6/1 409/6/1
f 409/6/1 414/6/1 410/6/1
f 415/3/1 416/3/1 411/3/1
f 411/3/1 416/3/1 412/3/1
f 417/2/1 418/2/1 413/2/1
f 413/2/1 418/2/1 414/2/1
f 419/6/1 420/6/1 415/6/1
f 415/6/1 420/6/1 416/6/1
f 421/6/1 422/6/1 417/6/1
f 417/6/1 422/6/1 418/6/1
f 423/3/1 424/3/1 419/3/1
f 419/3/1 424/3/1 420/3/1
f 425/2/1 426/2/1 421/2/1
f 421/2/1 426/2/1 422/2/1
f 427/6/1 428/6/1 423/6/1
f 423/6/1 428/6/1 424/6/1
f 429/6/1 430/6/1 425/6/1
f 425/6/1 430/6/1 426/6/1
f 431/3/1 432/3/1 427/3/1
f 427/3/1 432/3/1 428/3/1
f 433/2/1 434/2/1 429/2/1
f 429/2/1 434/2/1 430/2/1
f 435/6/1 436/6/1 431/6/1
f 431/6/1 436/6/1 432/6/1
f 437/6/1 438/6/1 433/6/1
f 433/6/1 438/6/1 434/6/1
f 439/3/1 440/3/1 435/3/1
f 435/3/1 440/3/1 436/3/1
f 441/2/1 442/2/1 437/2/1
f 437/2/1 442/2/1 438/2/1
f 443/6/1 444/6/1 439/6/1
f 439/6/1 444/6/1 440/6/1
f 445/6/1 446/6/1 441/6/1
f 441/6/1 446/6/1 442/6/1
f 447/3/1 448/3/1 443/3/1
f 443/3/1 448/3/1 444/3/1
f 449/2/1 450/2/1 445/2/1
f 445/2/1 450/2/1 446/2/1
f 451/6/1 452/6/1 447/6/1
f 447/6/1 452/6/1 448/6/1
f 453/6/1 454/6/1 449/6/1
f 449/6/1 454/6/1 450/6/1
f 455/3/1 456/3/1 451/3/1
f 451/3/1 456/3/1 452/3/1
f 457/2/1 458/2/1 453/2/1
f 453/2/1 458/2/1 454/2/1
f 459/6/1 460/6/1 455/6/1
f 455/6/1 460/6/1 456/6/1
f 461/6/1 462/6/1 457/6/1
f 457/6/1 462/6/1 458/6/1
f 463/3/1 464/3/1 459/3/1
f 459/3/1 464/3/1 460/3/1
f 465/2/1 466/2/1 461/2/1
f 461/2/1 466/2/1 462/2/1
f 467/6/1 468/6/1 463/6/1
f 463/6/1 468/6/1 464/6/1
f 469/6/1 470/6/1 465/6/1
f 465/6/1 470/6/1 466/6/1
f 471/2/1 472/2/1 469/2/1
f 469/2/1 472/2/1 470/2/1
f 473/3/1 474/3/1 467/3/1
f 467/3/1 474/3/1 468/3/1
f 475/6/1 476/6/1 471/6/1
f 471/6/1 476/6/1 472/6/1
f 477/6/1 478/6/1 473/6/1
f 473/6/1 478/6/1 474/6/1
f 479/2/1 480/2/1 475/2/1
f 475/2/1 480/2/1 476/2/1
f 481/6/1 482/6/1 479/6/1
f 479/6/1 482/6/1 480/6/1
f 483/3/1 484/3/1 477/3/1
f 477/3/1 484/3/1 478/3/1
f 485/2/1 486/2/1 481/2/1
f 481/2/1 486/2/1 482/2/1
f 487/6/1 488/6/1 483/6/1
f 483/6/1 488/6/1 484/6/1
f 489/6/1 490/6/1 485/6/1
f 485/6/1 490/6/1 486/6/1
f 491/2/1 492/2/1 489/2/1
f 489/2/1 492/2/1 490/2/1
f 493/3/1 494/3/1 487/3/1
f 487/3/1 494/3/1 488/3/1
f 495/6/1 496/6/1 491/6/1
f 491/6/1 496/6/1 492/6/1
f 497/6/1 498/6/1 493/6/1
f 493/6/1 498/6/1 494/6/1
f 499/2/1 500/2/1 495/2/1
f 495/2/1 500/2/1 496/2/1
f 501/3/1 502/3/1 497/3/1
f 497/3/1 502/3/1 498/3/1
f 503/6/1 504/6/1 499/6/1
f 499/6/1 504/6/1 500/6/1
f 505/6/1 506/6/1 501/6/1
f 501/6/1 506/6/1 502/6/1
f 507/2/1 508/2/1 503/2/1
f 503/2/1 508/2/1 504/2/1
f 509/3/1 510/3/1 505/3/1
f 505/3/1 510/3/1 506/3/1
f 511/6/1 512/6/1 507/6/1
f 507/6/1 512/6/1 508/6/1
f 513/6/1 514/6/1 509/6/1
f 509/6/1 514/6/1 510/6/1
f 515/2/1 516/2/1 511/2/1
f 511/2/1 516/2/1 512/2/1
f 517/3/1 518/3/1 513/3/1
f 513/3/1 518/3/1 514/3/1
f 519/6/1 520/6/1 515/6/1
f 515/6/1 520/6/1 516/6/1
f 521/6/1 522/6/1 517/6/1
f 517/6/1 522/6/1 518/6/1
f 523/2/1 524/2/1 519/2/1
f 519/2/1 524/2/1 520/2/1
f 525/3/1 526/3/1 521/3/1
f 521/3/1 526/3/1 522/3/1
f 527/6/1 528/6/1 523/6/1
f 523/6/1 528/6/1 524/6/1
f 529/6/1 530/6/1 525/6/1
f 525/6/1 530/6/1 526/6/1
f 531/2/1 532/2/1 527/2/1
f 527/2/1 532/2/1 528/2/1
f 533/3/1 534/3/1 529/3/1
f 529/3/1 534/3/1 530/3/1
f 535/6/1 536/6/1 531/6/1
f 531/6/1 536/6/1 532/6/1
f 537/6/1 538/6/1 533/6/1
f 533/6/1 538/6/1 534/6/1
f 539/2/1 540/2/1 535/2/1
f 535/2/1 540/2/1 536/2/1
f 541/3/1 542/3/1 537/3/1
f 537/3/1 542/3/1 538/3/1
f 543/6/1 544/6/1 539/6/1
f 539/6/1 544/6/1 540/6/1
f 545/6/1 546/6/1 541/6/1
f 541/6/1 546/6/1 542/6/1
f 547/2/1 548/2/1 543/2/1
f 543/2/1 548/2/1 544/2/1
f 549/3/1 550/3/1 545/3/1
f 545/3/1 550/3/1 546/3/1
f 551/6/1 552/6/1 547/6/1
f 547/6/1 552/6/1 548/6/1
f 553/6/1 554/6/1 549/6/1
f 549/6/1 554/6/1 550/6/1
f 554/3/1 555/3/1 407/3/1
f 407/3/1 555/3/1 408/3/1
f 556/2/1 557/2/1 551/2/1
f 551/2/1 557/2/1 552/2/1
f 558/3/1 559/3/1 553/3/1
f 553/3/1 559/3/1 554/3/1
f 559/6/1 560/6/1 554/6/1
f 554/6/1 560/6/1 555/6/1
f 561/6/1 562/6/1 556/6/1
f 556/6/1 562/6/1 557/6/1
f 563/6/1 564/6/1 558/6/1
f 558/6/1 564/6/1 559/6/1
f 564/3/1 565/3/1 559/3/1
f 559/3/1 565/3/1 560/3/1
f 566/2/1 567/2/1 561/2/1
f 561/2/1 567/2/1 562/2/1
f 567/6/1 568/6/1 2/6/1
f 2/6/1 568/6/1 5/6/1
f 568/3/1 569/3/1 563/3/1
f 563/3/1 569/3/1 564/3/1
f 569/6/1 570/6/1 564/6/1
f 564/6/1 570/6/1 565/6/1
f 570/3/1 571/3/1 382/3/1
f 382/3/1 571/3/1 383/3/1
f 571/3/1 572/3/1 364/3/1
f 364/3/1 572/3/1 365/3/1
f 572/3/1 573/3/1 343/3/1
f 343/3/1 573/3/1 344/3/1
f 573/3/1 574/3/1 335/3/1
f 335/3/1 574/3/1 336/3/1
f 574/3/1 575/3/1 326/3/1
f 326/3/1 575/3/1 327/3/1
f 575/3/1 576/3/1 316/3/1
f 316/3/1 576/3/1 317/3/1
f 576/3/1 577/3/1 303/3/1
f 303/3/1 577/3/1 304/3/1
f 577/3/1 578/3/1 287/3/1
f 287/3/1 578/3/1 288/3/1
f 578/3/1 579/3/1 305/3/1
f 305/3/1 579/3/1 306/3/1
f 579/3/1 580/3/1 289/3/1
f 289/3/1 580/3/1 290/3/1
f 580/3/1 581/3/1 264/3/1
f 264/3/1 581/3/1 265/3/1
f 581/3/1 582/3/1 291/3/1
f 291/3/1 582/3/1 292/3/1
f 582/3/1 583/3/1 266/3/1
f 266/3/1 583/3/1 267/3/1
f 583/3/1 584/3/1 207/3/1
f 207/3/1 584/3/1 208/3/1
f 584/3/1 585/3/1 268/3/1
f 268/3/1 585/3/1 269/3/1
f 585/3/1 586/3/1 209/3/1
f 209/3/1 586/3/1 210/3/1
f 586/3/1 587/3/1 270/3/1
f 270/3/1 587/3/1 271/3/1
f 587/3/1 588/3/1 211/3/1
f 211/3/1 588/3/1 212/3/1
f 588/3/1 589/3/1 149/3/1
f 149/3/1 589/3/1 150/3/1
f 589/3/1 590/3/1 213/3/1
f 213/3/1 590/3/1 214/3/1
f 590/3/1 591/3/1 151/3/1
f 151/3/1 591/3/1 152/3/1
f 591/3/1 592/3/1 215/3/1
f 215/3/1 592/3/1 216/3/1
f 592/3/1 593/3/1 153/3/1
f 153/3/1 593/3/1 154/3/1
f 593/3/1 594/3/1 217/3/1
f 217/3/1 594/3/1 218/3/1
f 594/3/1 595/3/1 155/3/1
f 155/3/1 595/3/1 156/3/1
f 595/3/1 596/3/1 219/3/1
f 219/3/1 596/3/1 220/3/1
f 596/3/1 597/3/1 157/3/1
f 157/3/1 597/3/1 158/3/1
f 597/3/1 598/3/1 221/3/1
f 221/3/1 598/3/1 222/3/1
f 598/3/1 599/3/1 159/3/1
f 159/3/1 599/3/1 160/3/1
f 599/3/1 600/3/1 223/3/1
f 223/3/1 600/3/1 224/3/1
f 600/3/1 601/3/1 161/3/1
f 161/3/1 601/3/1 162/3/1
f 601/3/1 602/3/1 225/3/1
f 225/3/1 602/3/1 226/3/1
f 602/3/1 603/3/1 163/3/1
f 163/3/1 603/3/1 165/3/1
f 603/3/1 604/3/1 227/3/1
f 227/3/1 604/3/1 228/3/1
f 604/3/1 605/3/1 166/3/1
f 166/3/1 605/3/1 168/3/1
f 605/3/1 606/3/1 229/3/1
f 229/3/1 606/3/1 230/3/1
f 606/3/1 607/3/1 169/3/1
f 169/3/1 607/3/1 171/3/1
f 607/3/1 608/3/1 231/3/1
f 231/3/1 608/3/1 232/3/1
f 608/3/1 609/3/1 172/3/1
f 172/3/1 609/3/1 173/3/1
f 609/3/1 610/3/1 233/3/1
f 233/3/1 610/3/1 234/3/1
f 610/3/1 611/3/1 174/3/1
f 174/3/1 611/3/1 175/3/1
f 611/3/1 612/3/1 235/3/1
f 235/3/1 612/3/1 236/3/1
f 612/3/1 613/3/1 176/3/1
f 176/3/1 613/3/1 177/3/1
f 613/3/1 614/3/1 237/3/1
f 237/3/1 614/3/1 238/3/1
f 614/3/1 615/3/1 178/3/1
f 178/3/1 615/3/1 179/3/1
f 615/3/1 616/3/1 239/3/1
f 239/3/1 616/3/1 240/3/1
f 616/3/1 617/3/1 180/3/1
f 180/3/1 617/3/1 181/3/1
f 617/3/1 618/3/1 241/3/1
f 241/3/1 618/3/1 242/3/1
f 618/3/1 619/3/1 182/3/1
f 182/3/1 619/3/1 183/3/1
f 619/3/1 620/3/1 243/3/1
f 243/3/1 620/3/1 244/3/1
f 620/3/1 621/3/1 184/3/1
f 184/3/1 621/3/1 185/3/1
f 621/3/1 622/3/1 245/3/1
f 245/3/1 622/3/1 246/3/1
f 622/3/1 623/3/1 272/3/1
f 272/3/1 623/3/1 273/3/1
f 623/3/1 624/3/1 247/3/1
f 247/3/1 624/3/1 248/3/1
f 624/3/1 625/3/1 274/3/1
f 274/3/1 625/3/1 275/3/1
f 626/1/2 627/1/2 629/1/2
f 629/1/2 627/1/2 628/1/2
f 630/1/3 627/1/3 631/1/3
f 631/1/3 627/1/3 626/1/3
f 632/4/3 630/4/3 633/4/3
f 633/4/3 630/4/3 631/4/3
f 634/1/3 632/1/3 635/1/3
f 635/1/3 632/1/3 633/1/3
f 636/4/3 634/4/3 637/4/3
f 637/4/3 634/4/3 635/4/3
f 638/1/3 636/1/3 639/1/3
f 639/1/3 636/1/3 637/1/3
f 640/3/3 638/3/3 641/3/3
f 641/3/3 638/3/3 639/3/3
f 642/1/3 640/1/3 643/1/3
f 643/1/3 640/1/3 641/1/3
f 644/3/3 642/3/3 645/3/3
f 645/3/3 642/3/3 643/3/3
f 646/1/3 644/1/3 647/1/3
f 647/1/3 644/1/3 645/1/3
f 648/5/3 646/5/3 649/5/3
f 649/5/3 646/5/3 647/5/3
f 4/6/3 648/6/3 1/6/3
f 1/6/3 648/6/3 650/6/3
f 1/2/3 650/2/3 127/2/3
f 127/2/3 650/2/3 651/2/3
f 127/6/3 651/6/3 190/6/3
f 190/6/3 651/6/3 652/6/3
f 190/2/3 652/2/3 250/2/3
f 250/2/3 652/2/3 653/2/3
f 250/6/3 653/6/3 276/6/3
f 276/6/3 653/6/3 654/6/3
f 276/2/3 654/2/3 293/2/3
f 293/2/3 654/2/3 655/2/3
f 293/6/3 655/6/3 307/6/3
f 307/6/3 655/6/3 656/6/3
f 307/2/3 656/2/3 318/2/3
f 318/2/3 656/2/3 657/2/3
f 318/6/3 657/6/3 328/6/3
f 328/6/3 657/6/3 658/6/3
f 328/2/3 658/2/3 337/2/3
f 337/2/3 658/2/3 659/2/3
f 337/6/3 659/6/3 345/6/3
f 345/6/3 659/6/3 660/6/3
f 345/2/3 660/2/3 352/2/3
f 352/2/3 660/2/3 661/2/3
f 352/6/3 661/6/3 359/6/3
f 359/6/3 661/6/3 662/6/3
f 359/2/3 662/2/3 366/2/3
f 366/2/3 662/2/3 663/2/3
f 366/6/3 663/6/3 372/6/3
f 372/6/3 663/6/3 664/6/3
f 372/2/3 664/2/3 378/2/3
f 378/2/3 664/2/3 665/2/3
f 378/6/3 665/6/3 384/6/3
f 384/6/3 665/6/3 666/6/3
f 384/2/3 666/2/3 389/2/3
f 389/2/3 666/2/3 667/2/3
f 389/6/3 667/6/3 394/6/3
f 394/6/3 667/6/3 668/6/3
f 394/2/3 668/2/3 399/2/3
f 399/2/3 668/2/3 669/2/3
f 399/6/3 669/6/3 404/6/3
f 404/6/3 669/6/3 670/6/3
f 404/2/3 670/2/3 409/2/3
f 409/2/3 670/2/3 671/2/3
f 409/6/3 671/6/3 413/6/3
f 413/6/3 671/6/3 672/6/3
f 413/2/3 672/2/3 417/2/3
f 417/2/3 672/2/3 673/2/3
f 417/6/3 673/6/3 421/6/3
f 421/6/3 673/6/3 674/6/3
f 421/2/3 674/2/3 425/2/3
f 425/2/3 674/2/3 675/2/3
f 425/6/3 675/6/3 429/6/3
f 429/6/3 675/6/3 676/6/3
f 429/2/3 676/2/3 433/2/3
f 433/2/3 676/2/3 677/2/3
f 433/6/3 677/6/3 437/6/3
f 437/6/3 677/6/3 678/6/3
f 437/2/3 678/2/3 441/2/3
f 441/2/3 678/2/3 679/2/3
f 441/6/3 679/6/3 445/6/3
f 445/6/3 679/6/3 680/6/3
f 445/2/3 680/2/3 449/2/3
f 449/2/3 680/2/3 681/2/3
f 449/6/3 681/6/3 453/6/3
f 453/6/3 681/6/3 682/6/3
f 453/2/3 682/2/3 457/2/3
f 457/2/3 682/2/3 683/2/3
f 457/6/3 683/6/3 461/6/3
f 461/6/3 683/6/3 684/6/3
f 461/2/3 684/2/3 465/2/3
f 465/2/3 684/2/3 685/2/3
f 465/6/3 685/6/3 469/6/3
f 469/6/3 685/6/3 686/6/3
f 469/2/3 686/2/3 471/2/3
f 471/2/3 686/2/3 687/2/3
f 471/6/3 687/6/3 475/6/3
f 475/6/3 687/6/3 688/6/3
f 475/2/3 688/2/3 479/2/3
f 479/2/3 688/2/3 689/2/3
f 479/6/3 689/6/3 481/6/3
f 481/6/3 689/6/3 690/6/3
f 481/2/3 690/2/3 485/2/3
f 485/2/3 690/2/3 691/2/3
f 485/6/3 691/6/3 489/6/3
f 489/6/3 691/6/3 692/6/3
f 489/2/3 692/2/3 491/2/3
f 491/2/3 692/2/3 693/2/3
f 491/6/3 693/6/3 495/6/3
f 495/6/3 693/6/3 694/6/3
f 495/2/3 694/2/3 499/2/3
f 499/2/3 694/2/3 695/2/3
f 499/6/3 695/6/3 503/6/3
f 503/6/3 695/6/3 696/6/3
f 503/2/3 696/2/3 507/2/3
f 507/2/3 696/2/3 697/2/3
f 507/6/3 697/6/3 511/6/3
f 511/6/3 697/6/3 698/6/3
f 511/2/3 698/2/3 515/2/3
f 515/2/3 698/2/3 699/2/3
f 515/6/3 699/6/3 519/6/3
f 519/6/3 699/6/3 700/6/3
f 519/2/3 700/2/3 523/2/3
f 523/2/3 700/2/3 701/2/3
f 523/6/3 701/6/3 527/6/3
f 527/6/3 701/6/3 702/6/3
f 527/2/3 702/2/3 531/2/3
f 531/2/3 702/2/3 703/2/3
f 531/6/3 703/6/3 535/6/3
f 535/6/3 703/6/3 704/6/3
f 535/2/3 704/2/3 539/2/3
f 539/2/3 704/2/3 705/2/3
f 539/6/3 705/6/3 543/6/3
f 543/6/3 705/6/3 706/6/3
f 543/2/3 706/2/3 547/2/3
f 547/2/3 706/2/3 707/2/3
f 547/6/3 707/6/3 551/6/3
f 551/6/3 707/6/3 708/6/3
f 551/2/3 708/2/3 556/2/3
f 556/2/3 708/2/3 709/2/3
f 556/6/3 709/6/3 561/6/3
f 561/6/3 709/6/3 710/6/3
f 561/2/3 710/2/3 566/2/3
f 566/2/3 710/2/3 649/2/3
f 711/6/4 648/6/4 3/6/4
f 3/6/4 648/6/4 4/6/4
f 712/2/4 711/2/4 6/2/4
f 6/2/4 711/2/4 3/2/4
f 713/6/4 712/6/4 10/6/4
f 10/6/4 712/6/4 6/6/4
f 714/2/4 713/2/4 9/2/4
f 9/2/4 713/2/4 10/2/4
f 715/6/4 714/6/4 14/6/4
f 14/6/4 714/6/4 9/6/4
f 716/2/4 715/2/4 13/2/4
f 13/2/4 715/2/4 14/2/4
f 717/6/4 716/6/4 18/6/4
f 18/6/4 716/6/4 13/6/4
f 718/2/4 717/2/4 17/2/4
f 17/2/4 717/2/4 18/2/4
f 719/6/4 718/6/4 22/6/4
f 22/6/4 718/6/4 17/6/4
f 720/2/4 719/2/4 21/2/4
f 21/2/4 719/2/4 22/2/4
f 721/6/4 720/6/4 26/6/4
f 26/6/4 720/6/4 21/6/4
f 722/2/4 721/2/4 25/2/4
f 25/2/4 721/2/4 26/2/4
f 723/6/4 722/6/4 30/6/4
f 30/6/4 722/6/4 25/6/4
f 724/2/4 723/2/4 29/2/4
f 29/2/4 723/2/4 30/2/4
f 725/6/4 724/6/4 34/6/4
f 34/6/4 724/6/4 29/6/4
f 726/2/4 725/2/4 33/2/4
f 33/2/4 725/2/4 34/2/4
f 727/6/4 726/6/4 38/6/4
f 38/6/4 726/6/4 33/6/4
f 728/2/4 727/2/4 37/2/4
f 37/2/4 727/2/4 38/2/4
f 729/6/4 728/6/4 42/6/4
f 42/6/4 728/6/4 37/6/4
f 730/2/4 729/2/4 41/2/4
f 41/2/4 729/2/4 42/2/4
f 731/6/4 730/6/4 46/6/4
f 46/6/4 730/6/4 41/6/4
f 732/2/4 731/2/4 45/2/4
f 45/2/4 731/2/4 46/2/4
f 733/6/4 732/6/4 50/6/4
f 50/6/4 732/6/4 45/6/4
f 734/2/4 733/2/4 49/2/4
f 49/2/4 733/2/4 50/2/4
f 735/6/4 734/6/4 54/6/4
f 54/6/4 734/6/4 49/6/4
f 736/2/4 735/2/4 53/2/4
f 53/2/4 735/2/4 54/2/4
f 737/6/4 736/6/4 58/6/4
f 58/6/4 736/6/4 53/6/4
f 738/2/4 737/2/4 57/2/4
f 57/2/4 737/2/4 58/2/4
f 739/6/4 738/6/4 62/6/4
f 62/6/4 738/6/4 57/6/4
f 740/2/4 739/2/4 61/2/4
f 61/2/4 739/2/4 62/2/4
f 741/6/4 740/6/4 66/6/4
f 66/6/4 740/6/4 61/6/4
f 742/2/4 741/2/4 65/2/4
f 65/2/4 741/2/4 66/2/4
f 743/6/4 742/6/4 70/6/4
f 70/6/4 742/6/4 65/6/4
f 744/2/4 743/2/4 69/2/4
f 69/2/4 743/2/4 70/2/4
f 745/6/4 744/6/4 74/6/4
f 74/6/4 744/6/4 69/6/4
f 746/2/4 745/2/4 73/2/4
f 73/2/4 745/2/4 74/2/4
f 747/6/4 746/6/4 78/6/4
f 78/6/4 746/6/4 73/6/4
f 748/2/4 747/2/4 77/2/4
f 77/2/4 747/2/4 78/2/4
f 749/6/4 748/6/4 82/6/4
f 82/6/4 748/6/4 77/6/4
f 750/2/4 749/2/4 81/2/4
f 81/2/4 749/2/4 82/2/4
f 751/6/4 750/6/4 86/6/4
f 86/6/4 750/6/4 81/6/4
f 752/2/4 751/2/4 85/2/4
f 85/2/4 751/2/4 86/2/4
f 753/6/4 752/6/4 90/6/4
f 90/6/4 752/6/4 85/6/4
f 754/2/4 753/2/4 89/2/4
f 89/2/4 753/2/4 90/2/4
f 755/6/4 754/6/4 94/6/4
f 94/6/4 754/6/4 89/6/4
f 756/2/4 755/2/4 93/2/4
f 93/2/4 755/2/4 94/2/4
f 757/6/4 756/6/4 98/6/4
f 98/6/4 756/6/4 93/6/4
f 758/2/4 757/2/4 97/2/4
f 97/2/4 757/2/4 98/2/4
f 759/6/4 758/6/4 102/6/4
f 102/6/4 758/6/4 97/6/4
f 760/2/4 759/2/4 101/2/4
f 101/2/4 759/2/4 102/2/4
f 761/6/4 760/6/4 106/6/4
f 106/6/4 760/6/4 101/6/4
f 762/2/4 761/2/4 105/2/4
f 105/2/4 761/2/4 106/2/4
f 763/6/4 762/6/4 110/6/4
f 110/6/4 762/6/4 105/6/4
f 764/2/4 763/2/4 109/2/4
f 109/2/4 763/2/4 110/2/4
f 765/6/4 764/6/4 114/6/4
f 114/6/4 764/6/4 109/6/4
f 766/2/4 765/2/4 113/2/4
f 113/2/4 765/2/4 114/2/4
f 767/6/4 766/6/4 118/6/4
f 118/6/4 766/6/4 113/6/4
f 768/2/4 767/2/4 117/2/4
f 117/2/4 767/2/4 118/2/4
f 769/6/4 768/6/4 122/6/4
f 122/6/4 768/6/4 117/6/4
f 770/2/4 769/2/4 121/2/4
f 121/2/4 769/2/4 122/2/4
f 771/6/4 770/6/4 126/6/4
f 126/6/4 770/6/4 121/6/4
f 628/1/4 627/1/4 772/1/4
f 772/1/4 627/1/4 630/1/4
f 772/4/4 630/4/4 773/4/4
f 773/4/4 630/4/4 632/4/4
f 773/1/4 632/1/4 774/1/4
f 774/1/4 632/1/4 634/1/4
f 774/4/4 634/4/4 775/4/4
f 775/4/4 634/4/4 636/4/4
f 775/1/4 636/1/4 776/1/4
f 776/1/4 636/1/4 638/1/4
f 776/3/4 638/3/4 777/3/4
f 777/3/4 638/3/4 640/3/4
f 777/1/4 640/1/4 778/1/4
f 778/1/4 640/1/4 642/1/4
f 778/3/4 642/3/4 779/3/4
f 779/3/4 642/3/4 644/3/4
f 779/1/4 644/1/4 780/1/4
f 780/1/4 644/1/4 646/1/4
f 780/5/4 646/5/4 781/5/4
f 781/5/4 646/5/4 648/5/4
f 781/2/4 771/2/4 125/2/4
f 125/2/4 771/2/4 126/2/4
f 782/2/1 783/2/1 785/2/1
f 785/2/1 783/2/1 784/2/1
f 786/2/1 787/2/1 789/2/1
f 789/2/1 787/2/1 788/2/1
f 790/2/1 791/2/1 793/2/1
f 793/2/1 791/2/1 792/2/1
f 794/2/1 795/2/1 797/2/1
f 797/2/1 795/2/1 796/2/1
f 798/2/1 799/2/1 801/2/1
f 801/2/1 799/2/1 800/2/1
f 802/2/1 803/2/1 805/2/1
f 805/2/1 803/2/1 804/2/1
f 806/2/1 807/2/1 809/2/1
f 809/2/1 807/2/1 808/2/1
f 810/2/1 811/2/1 813/2/1
f 813/2/1 811/2/1 812/2/1
f 814/2/1 815/2/1 817/2/1
f 817/2/1 815/2/1 816/2/1
f 818/6/1 819/6/1 782/6/1
f 782/6/1 819/6/1 783/6/1
f 820/6/1 821/6/1 786/6/1
f 786/6/1 821/6/1 787/6/1
f 822/6/1 823/6/1 790/6/1
f 790/6/1 823/6/1 791/6/1
f 824/6/1 825/6/1 794/6/1
f 794/6/1 825/6/1 795/6/1
f 826/6/1 827/6/1 798/6/1
f 798/6/1 827/6/1 799/6/1
f 828/6/1 829/6/1 802/6/1
f 802/6/1 829/6/1 803/6/1
f 830/6/1 831/6/1 806/6/1
f 806/6/1 831/6/1 807/6/1
f 832/6/1 833/6/1 810/6/1
f 810/6/1 833/6/1 811/6/1
f 834/6/1 835/6/1 814/6/1
f 814/6/1 835/6/1 815/6/1
f 249/6/1 836/6/1 125/6/1
f 125/6/1 836/6/1 785/6/1
f 836/3/1 837/3/1 818/3/1
f 818/3/1 837/3/1 819/3/1
f 837/6/1 838/6/1 784/6/1
f 784/6/1 838/6/1 789/6/1
f 838/3/1 839/3/1 820/3/1
f 820/3/1 839/3/1 821/3/1
f 839/6/1 840/6/1 788/6/1
f 788/6/1 840/6/1 793/6/1
f 840/3/1 841/3/1 822/3/1
f 822/3/1 841/3/1 823/3/1
f 841/6/1 842/6/1 792/6/1
f 792/6/1 842/6/1 797/6/1
f 842/3/1 843/3/1 824/3/1
f 824/3/1 843/3/1 825/3/1
f 843/6/1 844/6/1 796/6/1
f 796/6/1 844/6/1 801/6/1
f 844/3/1 845/3/1 826/3/1
f 826/3/1 845/3/1 827/3/1
f 845/6/1 846/6/1 800/6/1
f 800/6/1 846/6/1 805/6/1
f 846/3/1 847/3/1 828/3/1
f 828/3/1 847/3/1 829/3/1
f 847/6/1 848/6/1 804/6/1
f 804/6/1 848/6/1 809/6/1
f 848/3/1 849/3/1 830/3/1
f 830/3/1 849/3/1 831/3/1
f 849/6/1 850/6/1 808/6/1
f 808/6/1 850/6/1 813/6/1
f 850/3/1 851/3/1 832/3/1
f 832/3/1 851/3/1 833/3/1
f 852/2/1 853/2/1 834/2/1
f 834/2/1 853/2/1 835/2/1
f 854/6/1 855/6/1 836/6/1
f 836/6/1 855/6/1 837/6/1
f 855/3/1 856/3/1 837/3/1
f 837/3/1 856/3/1 838/3/1
f 856/6/1 857/6/1 838/6/1
f 838/6/1 857/6/1 839/6/1
f 857/3/1 858/3/1 839/3/1
f 839/3/1 858/3/1 840/3/1
f 858/6/1 859/6/1 840/6/1
f 840/6/1 859/6/1 841/6/1
f 859/3/1 860/3/1 841/3/1
f 841/3/1 860/3/1 842/3/1
f 860/6/1 861/6/1 842/6/1
f 842/6/1 861/6/1 843/6/1
f 861/3/1 862/3/1 843/3/1
f 843/3/1 862/3/1 844/3/1
f 862/6/1 863/6/1 844/6/1
f 844/6/1 863/6/1 845/6/1
f 863/3/1 864/3/1 845/3/1
f 845/3/1 864/3/1 846/3/1
f 864/6/1 865/6/1 846/6/1
f 846/6/1 865/6/1 847/6/1
f 865/3/1 866/3/1 847/3/1
f 847/3/1 866/3/1 848/3/1
f 866/6/1 867/6/1 848/6/1
f 848/6/1 867/6/1 849/6/1
f 867/3/1 868/3/1 849/3/1
f 849/3/1 868/3/1 850/3/1
f 868/6/1 869/6/1 850/6/1
f 850/6/1 869/6/1 851/6/1
f 870/6/1 871/6/1 852/6/1
f 852/6/1 871/6/1 853/6/1
f 872/6/1 873/6/1 855/6/1
f 855/6/1 873/6/1 856/6/1
f 874/6/1 875/6/1 857/6/1
f 857/6/1 875/6/1 858/6/1
f 875/3/1 876/3/1 858/3/1
f 858/3/1 876/3/1 859/3/1
f 876/6/1 877/6/1 859/6/1
f 859/6/1 877/6/1 860/6/1
f 877/3/1 878/3/1 860/3/1
f 860/3/1 878/3/1 861/3/1
f 878/6/1 879/6/1 861/6/1
f 861/6/1 879/6/1 862/6/1
f 879/3/1 880/3/1 862/3/1
f 862/3/1 880/3/1 863/3/1
f 880/6/1 881/6/1 863/6/1
f 863/6/1 881/6/1 864/6/1
f 881/3/1 882/3/1 864/3/1
f 864/3/1 882/3/1 865/3/1
f 882/6/1 883/6/1 865/6/1
f 865/6/1 883/6/1 866/6/1
f 883/3/1 884/3/1 866/3/1
f 866/3/1 884/3/1 867/3/1
f 884/6/1 885/6/1 867/6/1
f 867/6/1 885/6/1 868/6/1
f 885/3/1 886/3/1 868/3/1
f 868/3/1 886/3/1 869/3/1
f 887/2/1 888/2/1 870/2/1
f 870/2/1 888/2/1 871/2/1
f 889/6/1 890/6/1 875/6/1
f 875/6/1 890/6/1 876/6/1
f 891/6/1 892/6/1 877/6/1
f 877/6/1 892/6/1 878/6/1
f 892/3/1 893/3/1 878/3/1
f 878/3/1 893/3/1 879/3/1
f 893/6/1 894/6/1 879/6/1
f 879/6/1 894/6/1 880/6/1
f 894/3/1 895/3/1 880/3/1
f 880/3/1 895/3/1 881/3/1
f 895/6/1 896/6/1 881/6/1
f 881/6/1 896/6/1 882/6/1
f 896/3/1 897/3/1 882/3/1
f 882/3/1 897/3/1 883/3/1
f 897/6/1 898/6/1 883/6/1
f 883/6/1 898/6/1 884/6/1
f 898/3/1 899/3/1 884/3/1
f 884/3/1 899/3/1 885/3/1
f 899/6/1 900/6/1 885/6/1
f 885/6/1 900/6/1 886/6/1
f 901/6/1 902/6/1 887/6/1
f 887/6/1 902/6/1 888/6/1
f 903/6/1 904/6/1 892/6/1
f 892/6/1 904/6/1 893/6/1
f 904/3/1 905/3/1 893/3/1
f 893/3/1 905/3/1 894/3/1
f 905/6/1 906/6/1 894/6/1
f 894/6/1 906/6/1 895/6/1
f 906/3/1 907/3/1 895/3/1
f 895/3/1 907/3/1 896/3/1
f 907/6/1 908/6/1 896/6/1
f 896/6/1 908/6/1 897/6/1
f 908/3/1 909/3/1 897/3/1
f 897/3/1 909/3/1 898/3/1
f 909/6/1 910/6/1 898/6/1
f 898/6/1 910/6/1 899/6/1
f 910/3/1 911/3/1 899/3/1
f 899/3/1 911/3/1 900/3/1
f 912/2/1 913/2/1 901/2/1
f 901/2/1 913/2/1 902/2/1
f 914/6/1 915/6/1 904/6/1
f 904/6/1 915/6/1 905/6/1
f 915/3/1 916/3/1 905/3/1
f 905/3/1 916/3/1 906/3/1
f 916/6/1 917/6/1 906/6/1
f 906/6/1 917/6/1 907/6/1
f 917/3/1 918/3/1 907/3/1
f 907/3/1 918/3/1 908/3/1
f 918/6/1 919/6/1 908/6/1
f 908/6/1 919/6/1 909/6/1
f 919/3/1 920/3/1 909/3/1
f 909/3/1 920/3/1 910/3/1
f 920/6/1 921/6/1 910/6/1
f 910/6/1 921/6/1 911/6/1
f 922/6/1 923/6/1 912/6/1
f 912/6/1 923/6/1 913/6/1
f 924/6/1 925/6/1 915/6/1
f 915/6/1 925/6/1 916/6/1
f 925/3/1 926/3/1 916/3/1
f 916/3/1 926/3/1 917/3/1
f 926/6/1 927/6/1 917/6/1
f 917/6/1 927/6/1 918/6/1
f 927/3/1 928/3/1 918/3/1
f 918/3/1 928/3/1 919/3/1
f 928/6/1 929/6/1 919/6/1
f 919/6/1 929/6/1 920/6/1
f 929/3/1 930/3/1 920/3/1
f 920/3/1 930/3/1 921/3/1
f 931/2/1 932/2/1 922/2/1
f 922/2/1 932/2/1 923/2/1
f 933/6/1 934/6/1 925/6/1
f 925/6/1 934/6/1 926/6/1
f 934/3/1 935/3/1 926/3/1
f 926/3/1 935/3/1 927/3/1
f 935/6/1 936/6/1 927/6/1
f 927/6/1 936/6/1 928/6/1
f 936/3/1 937/3/1 928/3/1
f 928/3/1 937/3/1 929/3/1
f 937/6/1 938/6/1 929/6/1
f 929/6/1 938/6/1 930/6/1
f 939/6/1 940/6/1 931/6/1
f 931/6/1 940/6/1 932/6/1
f 941/6/1 942/6/1 934/6/1
f 934/6/1 942/6/1 935/6/1
f 942/3/1 943/3/1 935/3/1
f 935/3/1 943/3/1 936/3/1
f 943/6/1 944/6/1 936/6/1
f 936/6/1 944/6/1 937/6/1
f 944/3/1 945/3/1 937/3/1
f 937/3/1 945/3/1 938/3/1
f 946/2/1 947/2/1 939/2/1
f 939/2/1 947/2/1 940/2/1
f 948/3/1 949/3/1 941/3/1
f 941/3/1 949/3/1 942/3/1
f 949/6/1 950/6/1 942/6/1
f 942/6/1 950/6/1 943/6/1
f 950/3/1 951/3/1 943/3/1
f 943/3/1 951/3/1 944/3/1
f 951/6/1 952/6/1 944/6/1
f 944/6/1 952/6/1 945/6/1
f 953/6/1 954/6/1 946/6/1
f 946/6/1 954/6/1 947/6/1
f 955/6/1 956/6/1 948/6/1
f 948/6/1 956/6/1 949/6/1
f 956/3/1 957/3/1 949/3/1
f 949/3/1 957/3/1 950/3/1
f 957/6/1 958/6/1 950/6/1
f 950/6/1 958/6/1 951/6/1
f 958/3/1 959/3/1 951/3/1
f 951/3/1 959/3/1 952/3/1
f 960/2/1 961/2/1 953/2/1
f 953/2/1 961/2/1 954/2/1
f 962/6/1 963/6/1 956/6/1
f 956/6/1 963/6/1 957/6/1
f 963/3/1 964/3/1 957/3/1
f 957/3/1 964/3/1 958/3/1
f 964/6/1 965/6/1 958/6/1
f 958/6/1 965/6/1 959/6/1
f 966/6/1 967/6/1 960/6/1
f 960/6/1 967/6/1 961/6/1
f 968/3/1 969/3/1 962/3/1
f 962/3/1 969/3/1 963/3/1
f 969/6/1 970/6/1 963/6/1
f 963/6/1 970/6/1 964/6/1
f 970/3/1 971/3/1 964/3/1
f 964/3/1 971/3/1 965/3/1
f 972/2/1 973/2/1 966/2/1
f 966/2/1 973/2/1 967/2/1
f 974/6/1 975/6/1 968/6/1
f 968/6/1 975/6/1 969/6/1
f 975/3/1 976/3/1 969/3/1
f 969/3/1 976/3/1 970/3/1
f 976/6/1 977/6/1 970/6/1
f 970/6/1 977/6/1 971/6/1
f 978/6/1 979/6/1 972/6/1
f 972/6/1 979/6/1 973/6/1
f 980/6/1 981/6/1 975/6/1
f 975/6/1 981/6/1 976/6/1
f 981/3/1 982/3/1 976/3/1
f 976/3/1 982/3/1 977/3/1
f 983/2/1 984/2/1 978/2/1
f 978/2/1 984/2/1 979/2/1
f 985/3/1 986/3/1 980/3/1
f 980/3/1 986/3/1 981/3/1
f 986/6/1 987/6/1 981/6/1
f 981/6/1 987/6/1 982/6/1
f 988/6/1 989/6/1 983/6/1
f 983/6/1 989/6/1 984/6/1
f 990/6/1 991/6/1 985/6/1
f 985/6/1 991/6/1 986/6/1
f 991/3/1 992/3/1 986/3/1
f 986/3/1 992/3/1 987/3/1
f 993/2/1 994/2/1 988/2/1
f 988/2/1 994/2/1 989/2/1
f 995/3/1 996/3/1 990/3/1
f 990/3/1 996/3/1 991/3/1
f 996/6/1 997/6/1 991/6/1
f 991/6/1 997/6/1 992/6/1
f 998/6/1 999/6/1 993/6/1
f 993/6/1 999/6/1 994/6/1
f 1000/6/1 1001/6/1 995/6/1
f 995/6/1 1001/6/1 996/6/1
f 1001/3/1 1002/3/1 996/3/1
f 996/3/1 1002/3/1 997/3/1
f 1003/2/1 1004/2/1 998/2/1
f 998/2/1 1004/2/1 999/2/1
f 1005/6/1 1006/6/1 1001/6/1
f 1001/6/1 1006/6/1 1002/6/1
f 1007/6/1 1008/6/1 1003/6/1
f 1003/6/1 1008/6/1 1004/6/1
f 1009/3/1 1010/3/1 1005/3/1
f 1005/3/1 1010/3/1 1006/3/1
f 1011/2/1 1012/2/1 1007/2/1
f 1007/2/1 1012/2/1 1008/2/1
f 1013/6/1 1014/6/1 1009/6/1
f 1009/6/1 1014/6/1 1010/6/1
f 1015/6/1 1016/6/1 1011/6/1
f 1011/6/1 1016/6/1 1012/6/1
f 1017/3/1 1018/3/1 1013/3/1
f 1013/3/1 1018/3/1 1014/3/1
f 1019/2/1 1020/2/1 1015/2/1
f 1015/2/1 1020/2/1 1016/2/1
f 1021/6/1 1022/6/1 1017/6/1
f 1017/6/1 1022/6/1 1018/6/1
f 1023/6/1 1024/6/1 1019/6/1
f 1019/6/1 1024/6/1 1020/6/1
f 1025/3/1 1026/3/1 1021/3/1
f 1021/3/1 1026/3/1 1022/3/1
f 1027/2/1 1028/2/1 1023/2/1
f 1023/2/1 1028/2/1 1024/2/1
f 1029/6/1 1030/6/1 1025/6/1
f 1025/6/1 1030/6/1 1026/6/1
f 1031/6/1 1032/6/1 1027/6/1
f 1027/6/1 1032/6/1 1028/6/1
f 1033/3/1 1034/3/1 1029/3/1
f 1029/3/1 1034/3/1 1030/3/1
f 1035/2/1 1036/2/1 1031/2/1
f 1031/2/1 1036/2/1 1032/2/1
f 1037/6/1 1038/6/1 1033/6/1
f 1033/6/1 1038/6/1 1034/6/1
f 1039/6/1 1040/6/1 1035/6/1
f 1035/6/1 1040/6/1 1036/6/1
f 1041/3/1 1042/3/1 1037/3/1
f 1037/3/1 1042/3/1 1038/3/1
f 1043/2/1 1044/2/1 1039/2/1
f 1039/2/1 1044/2/1 1040/2/1
f 1045/6/1 1046/6/1 1041/6/1
f 1041/6/1 1046/6/1 1042/6/1
f 1047/6/1 1048/6/1 1043/6/1
f 1043/6/1 1048/6/1 1044/6/1
f 1049/3/1 1050/3/1 1045/3/1
f 1045/3/1 1050/3/1 1046/3/1
f 1051/2/1 1052/2/1 1047/2/1
f 1047/2/1 1052/2/1 1048/2/1
f 1053/6/1 1054/6/1 1049/6/1
f 1049/6/1 1054/6/1 1050/6/1
f 1055/6/1 1056/6/1 1051/6/1
f 1051/6/1 1056/6/1 1052/6/1
f 1057/3/1 1058/3/1 1053/3/1
f 1053/3/1 1058/3/1 1054/3/1
f 1059/2/1 1060/2/1 1055/2/1
f 1055/2/1 1060/2/1 1056/2/1
f 1061/6/1 1062/6/1 1057/6/1
f 1057/6/1 1062/6/1 1058/6/1
f 1063/6/1 1064/6/1 1059/6/1
f 1059/6/1 1064/6/1 1060/6/1
f 1065/2/1 1066/2/1 1063/2/1
f 1063/2/1 1066/2/1 1064/2/1
f 1067/3/1 1068/3/1 1061/3/1
f 1061/3/1 1068/3/1 1062/3/1
f 1069/6/1 1070/6/1 1065/6/1
f 1065/6/1 1070/6/1 1066/6/1
f 1071/6/1 1072/6/1 1067/6/1
f 1067/6/1 1072/6/1 1068/6/1
f 1073/2/1 1074/2/1 1069/2/1
f 1069/2/1 1074/2/1 1070/2/1
f 1075/6/1 1076/6/1 1073/6/1
f 1073/6/1 1076/6/1 1074/6/1
f 1077/3/1 1078/3/1 1071/3/1
f 1071/3/1 1078/3/1 1072/3/1
f 1079/2/1 1080/2/1 1075/2/1
f 1075/2/1 1080/2/1 1076/2/1
f 1081/6/1 1082/6/1 1077/6/1
f 1077/6/1 1082/6/1 1078/6/1
f 1083/6/1 1084/6/1 1079/6/1
f 1079/6/1 1084/6/1 1080/6/1
f 1085/2/1 1086/2/1 1083/2/1
f 1083/2/1 1086/2/1 1084/2/1
f 1087/3/1 1088/3/1 1081/3/1
f 1081/3/1 1088/3/1 1082/3/1
f 1089/6/1 1090/6/1 1085/6/1
f 1085/6/1 1090/6/1 1086/6/1
f 1091/6/1 1092/6/1 1087/6/1
f 1087/6/1 1092/6/1 1088/6/1
f 1093/2/1 1094/2/1 1089/2/1
f 1089/2/1 1094/2/1 1090/2/1
f 1095/3/1 1096/3/1 1091/3/1
f 1091/3/1 1096/3/1 1092/3/1
f 1097/6/1 1098/6/1 1093/6/1
f 1093/6/1 1098/6/1 1094/6/1
f 1099/6/1 1100/6/1 1095/6/1
f 1095/6/1 1100/6/1 1096/6/1
f 1101/2/1 1102/2/1 1097/2/1
f 1097/2/1 1102/2/1 1098/2/1
f 1103/3/1 1104/3/1 1099/3/1
f 1099/3/1 1104/3/1 1100/3/1
f 1105/6/1 1106/6/1 1101/6/1
f 1101/6/1 1106/6/1 1102/6/1
f 1107/6/1 1108/6/1 1103/6/1
f 1103/6/1 1108/6/1 1104/6/1
f 1109/2/1 1110/2/1 1105/2/1
f 1105/2/1 1110/2/1 1106/2/1
f 1111/3/1 1112/3/1 1107/3/1
f 1107/3/1 1112/3/1 1108/3/1
f 1113/6/1 1114/6/1 1109/6/1
f 1109/6/1 1114/6/1 1110/6/1
f 1115/6/1 1116/6/1 1111/6/1
f 1111/6/1 1116/6/1 1112/6/1
f 1117/2/1 1118/2/1 1113/2/1
f 1113/2/1 1118/2/1 1114/2/1
f 1119/3/1 1120/3/1 1115/3/1
f 1115/3/1 1120/3/1 1116/3/1
f 1121/6/1 1122/6/1 1117/6/1
f 1117/6/1 1122/6/1 1118/6/1
f 1123/6/1 1124/6/1 1119/6/1
f 1119/6/1 1124/6/1 1120/6/1
f 1125/2/1 1126/2/1 1121/2/1
f 1121/2/1 1126/2/1 1122/2/1
f 1127/3/1 1128/3/1 1123/3/1
f 1123/3/1 1128/3/1 1124/3/1
f 1129/6/1 1130/6/1 1125/6/1
f 1125/6/1 1130/6/1 1126/6/1
f 1131/6/1 1132/6/1 1127/6/1
f 1127/6/1 1132/6/1 1128/6/1
f 1133/2/1 1134/2/1 1129/2/1
f 1129/2/1 1134/2/1 1130/2/1
f 1135/3/1 1136/3/1 1131/3/1
f 1131/3/1 1136/3/1 1132/3/1
f 1137/6/1 1138/6/1 1133/6/1
f 1133/6/1 1138/6/1 1134/6/1
f 1139/6/1 1140/6/1 1135/6/1
f 1135/6/1 1140/6/1 1136/6/1
f 1141/2/1 1142/2/1 1137/2/1
f 1137/2/1 1142/2/1 1138/2/1
f 1143/3/1 1144/3/1 1139/3/1
f 1139/3/1 1144/3/1 1140/3/1
f 1145/6/1 1146/6/1 1141/6/1
f 1141/6/1 1146/6/1 1142/6/1
f 1147/3/1 1148/3/1 1000/3/1
f 1000/3/1 1148/3/1 1001/3/1
f 1148/6/1 1149/6/1 1143/6/1
f 1143/6/1 1149/6/1 1144/6/1
f 1150/2/1 1151/2/1 1145/2/1
f 1145/2/1 1151/2/1 1146/2/1
f 1152/6/1 1153/6/1 1147/6/1
f 1147/6/1 1153/6/1 1148/6/1
f 1153/3/1 1154/3/1 1148/3/1
f 1148/3/1 1154/3/1 1149/3/1
f 1155/6/1 1156/6/1 1150/6/1
f 1150/6/1 1156/6/1 1151/6/1
f 1157/3/1 1158/3/1 1152/3/1
f 1152/3/1 1158/3/1 1153/3/1
f 1158/6/1 1159/6/1 1153/6/1
f 1153/6/1 1159/6/1 1154/6/1
f 1160/2/1 1161/2/1 1155/2/1
f 1155/2/1 1161/2/1 1156/2/1
f 625/3/1 1162/3/1 249/3/1
f 249/3/1 1162/3/1 836/3/1
f 1162/3/1 1163/3/1 854/3/1
f 854/3/1 1163/3/1 855/3/1
f 1163/3/1 1164/3/1 872/3/1
f 872/3/1 1164/3/1 873/3/1
f 1164/3/1 1165/3/1 856/3/1
f 856/3/1 1165/3/1 857/3/1
f 1165/3/1 1166/3/1 874/3/1
f 874/3/1 1166/3/1 875/3/1
f 1166/3/1 1167/3/1 889/3/1
f 889/3/1 1167/3/1 890/3/1
f 1167/3/1 1168/3/1 876/3/1
f 876/3/1 1168/3/1 877/3/1
f 1168/3/1 1169/3/1 891/3/1
f 891/3/1 1169/3/1 892/3/1
f 1169/3/1 1170/3/1 903/3/1
f 903/3/1 1170/3/1 904/3/1
f 1170/3/1 1171/3/1 914/3/1
f 914/3/1 1171/3/1 915/3/1
f 1171/3/1 1172/3/1 924/3/1
f 924/3/1 1172/3/1 925/3/1
f 1172/3/1 1173/3/1 933/3/1
f 933/3/1 1173/3/1 934/3/1
f 1173/3/1 1174/3/1 955/3/1
f 955/3/1 1174/3/1 956/3/1
f 1174/3/1 1175/3/1 974/3/1
f 974/3/1 1175/3/1 975/3/1
f 1175/6/1 1176/6/1 1157/6/1
f 1157/6/1 1176/6/1 1158/6/1
f 1176/3/1 1177/3/1 1158/3/1
f 1158/3/1 1177/3/1 1159/3/1
f 1177/6/1 1178/6/1 812/6/1
f 812/6/1 1178/6/1 817/6/1
f 1178/6/1 1179/6/1 1160/6/1
f 1160/6/1 1179/6/1 1161/6/1
f 629/1/2 628/1/2 1181/1/2
f 1181/1/2 628/1/2 1180/1/2
f 1182/1/5 1183/1/5 1180/1/5
f 1180/1/5 1183/1/5 1181/1/5
f 1184/4/5 1185/4/5 1182/4/5
f 1182/4/5 1185/4/5 1183/4/5
f 1186/1/5 1187/1/5 1184/1/5
f 1184/1/5 1187/1/5 1185/1/5
f 1188/4/5 1189/4/5 1186/4/5
f 1186/4/5 1189/4/5 1187/4/5
f 1190/1/5 1191/1/5 1188/1/5
f 1188/1/5 1191/1/5 1189/1/5
f 1192/3/5 1193/3/5 1190/3/5
f 1190/3/5 1193/3/5 1191/3/5
f 1194/1/5 1195/1/5 1192/1/5
f 1192/1/5 1195/1/5 1193/1/5
f 1196/3/5 1197/3/5 1194/3/5
f 1194/3/5 1197/3/5 1195/3/5
f 1198/1/5 1199/1/5 1196/1/5
f 1196/1/5 1199/1/5 1197/1/5
f 1200/5/5 1201/5/5 1198/5/5
f 1198/5/5 1201/5/5 1199/5/5
f 816/2/5 815/2/5 1200/2/5
f 1200/2/5 815/2/5 1202/2/5
f 815/6/5 835/6/5 1202/6/5
f 1202/6/5 835/6/5 1203/6/5
f 835/2/5 853/2/5 1203/2/5
f 1203/2/5 853/2/5 1204/2/5
f 853/6/5 871/6/5 1204/6/5
f 1204/6/5 871/6/5 1205/6/5
f 871/2/5 888/2/5 1205/2/5
f 1205/2/5 888/2/5 1206/2/5
f 888/6/5 902/6/5 1206/6/5
f 1206/6/5 902/6/5 1207/6/5
f 902/2/5 913/2/5 1207/2/5
f 1207/2/5 913/2/5 1208/2/5
f 913/6/5 923/6/5 1208/6/5
f 1208/6/5 923/6/5 1209/6/5
f 923/2/5 932/2/5 1209/2/5
f 1209/2/5 932/2/5 1210/2/5
f 932/6/5 940/6/5 1210/6/5
f 1210/6/5 940/6/5 1211/6/5
f 940/2/5 947/2/5 1211/2/5
f 1211/2/5 947/2/5 1212/2/5
f 947/6/5 954/6/5 1212/6/5
f 1212/6/5 954/6/5 1213/6/5
f 954/2/5 961/2/5 1213/2/5
f 1213/2/5 961/2/5 1214/2/5
f 961/6/5 967/6/5 1214/6/5
f 1214/6/5 967/6/5 1215/6/5
f 967/2/5 973/2/5 1215/2/5
f 1215/2/5 973/2/5 1216/2/5
f 973/6/5 979/6/5 1216/6/5
f 1216/6/5 979/6/5 1217/6/5
f 979/2/5 984/2/5 1217/2/5
f 1217/2/5 984/2/5 1218/2/5
f 984/6/5 989/6/5 1218/6/5
f 1218/6/5 989/6/5 1219/6/5
f 989/2/5 994/2/5 1219/2/5
f 1219/2/5 994/2/5 1220/2/5
f 994/6/5 999/6/5 1220/6/5
f 1220/6/5 999/6/5 1221/6/5
f 999/2/5 1004/2/5 1221/2/5
f 1221/2/5 1004/2/5 1222/2/5
f 1004/6/5 1008/6/5 1222/6/5
f 1222/6/5 1008/6/5 1223/6/5
f 1008/2/5 1012/2/5 1223/2/5
f 1223/2/5 1012/2/5 1224/2/5
f 1012/6/5 1016/6/5 1224/6/5
f 1224/6/5 1016/6/5 1225/6/5
f 1016/2/5 1020/2/5 1225/2/5
f 1225/2/5 1020/2/5 1226/2/5
f 1020/6/5 1024/6/5 1226/6/5
f 1226/6/5 1024/6/5 1227/6/5
f 1024/2/5 1028/2/5 1227/2/5
f 1227/2/5 1028/2/5 1228/2/5
f 1028/6/5 1032/6/5 1228/6/5
f 1228/6/5 1032/6/5 1229/6/5
f 1032/2/5 1036/2/5 1229/2/5
f 1229/2/5 1036/2/5 1230/2/5
f 1036/6/5 1040/6/5 1230/6/5
f 1230/6/5 1040/6/5 1231/6/5
f 1040/2/5 1044/2/5 1231/2/5
f 1231/2/5 1044/2/5 1232/2/5
f 1044/6/5 1048/6/5 1232/6/5
f 1232/6/5 1048/6/5 1233/6/5
f 1048/2/5 1052/2/5 1233/2/5
f 1233/2/5 1052/2/5 1234/2/5
f 1052/6/5 1056/6/5 1234/6/5
f 1234/6/5 1056/6/5 1235/6/5
f 1056/2/5 1060/2/5 1235/2/5
f 1235/2/5 1060/2/5 1236/2/5
f 1060/6/5 1064/6/5 1236/6/5
f 1236/6/5 1064/6/5 1237/6/5
f 1064/2/5 1066/2/5 1237/2/5
f 1237/2/5 1066/2/5 1238/2/5
f 1066/6/5 1070/6/5 1238/6/5
f 1238/6/5 1070/6/5 1239/6/5
f 1070/2/5 1074/2/5 1239/2/5
f 1239/2/5 1074/2/5 1240/2/5
f 1074/6/5 1076/6/5 1240/6/5
f 1240/6/5 1076/6/5 1241/6/5
f 1076/2/5 1080/2/5 1241/2/5
f 1241/2/5 1080/2/5 1242/2/5
f 1080/6/5 1084/6/5 1242/6/5
f 1242/6/5 1084/6/5 1243/6/5
f 1084/2/5 1086/2/5 1243/2/5
f 1243/2/5 1086/2/5 1244/2/5
f 1086/6/5 1090/6/5 1244/6/5
f 1244/6/5 1090/6/5 1245/6/5
f 1090/2/5 1094/2/5 1245/2/5
f 1245/2/5 1094/2/5 1246/2/5
f 1094/6/5 1098/6/5 1246/6/5
f 1246/6/5 1098/6/5 1247/6/5
f 1098/2/5 1102/2/5 1247/2/5
f 1247/2/5 1102/2/5 1248/2/5
f 1102/6/5 1106/6/5 1248/6/5
f 1248/6/5 1106/6/5 1249/6/5
f 1106/2/5 1110/2/5 1249/2/5
f 1249/2/5 1110/2/5 1250/2/5
f 1110/6/5 1114/6/5 1250/6/5
f 1250/6/5 1114/6/5 1251/6/5
f 1114/2/5 1118/2/5 1251/2/5
f 1251/2/5 1118/2/5 1252/2/5
f 1118/6/5 1122/6/5 1252/6/5
f 1252/6/5 1122/6/5 1253/6/5
f 1122/2/5 1126/2/5 1253/2/5
f 1253/2/5 1126/2/5 1254/2/5
f 1126/6/5 1130/6/5 1254/6/5
f 1254/6/5 1130/6/5 1255/6/5
f 1130/2/5 1134/2/5 1255/2/5
f 1255/2/5 1134/2/5 1256/2/5
f 1134/6/5 1138/6/5 1256/6/5
f 1256/6/5 1138/6/5 1257/6/5
f 1138/2/5 1142/2/5 1257/2/5
f 1257/2/5 1142/2/5 1258/2/5
f 1142/6/5 1146/6/5 1258/6/5
f 1258/6/5 1146/6/5 1259/6/5
f 1146/2/5 1151/2/5 1259/2/5
f 1259/2/5 1151/2/5 1260/2/5
f 1151/6/5 1156/6/5 1260/6/5
f 1260/6/5 1156/6/5 1261/6/5
f 1156/2/5 1161/2/5 1261/2/5
f 1261/2/5 1161/2/5 1262/2/5
f 1161/6/5 1179/6/5 1262/6/5
f 1262/6/5 1179/6/5 1201/6/5
f 1263/6/4 781/6/4 785/6/4
f 785/6/4 781/6/4 125/6/4
f 1264/2/4 1263/2/4 784/2/4
f 784/2/4 1263/2/4 785/2/4
f 1265/6/4 1264/6/4 789/6/4
f 789/6/4 1264/6/4 784/6/4
f 1266/2/4 1265/2/4 788/2/4
f 788/2/4 1265/2/4 789/2/4
f 1267/6/4 1266/6/4 793/6/4
f 793/6/4 1266/6/4 788/6/4
f 1268/2/4 1267/2/4 792/2/4
f 792/2/4 1267/2/4 793/2/4
f 1269/6/4 1268/6/4 797/6/4
f 797/6/4 1268/6/4 792/6/4
f 1270/2/4 1269/2/4 796/2/4
f 796/2/4 1269/2/4 797/2/4
f 1271/6/4 1270/6/4 801/6/4
f 801/6/4 1270/6/4 796/6/4
f 1272/2/4 1271/2/4 800/2/4
f 800/2/4 1271/2/4 801/2/4
f 1273/6/4 1272/6/4 805/6/4
f 805/6/4 1272/6/4 800/6/4
f 1274/2/4 1273/2/4 804/2/4
f 804/2/4 1273/2/4 805/2/4
f 1275/6/4 1274/6/4 809/6/4
f 809/6/4 1274/6/4 804/6/4
f 1276/2/4 1275/2/4 808/2/4
f 808/2/4 1275/2/4 809/2/4
f 1277/6/4 1276/6/4 813/6/4
f 813/6/4 1276/6/4 808/6/4
f 1278/2/4 1277/2/4 812/2/4
f 812/2/4 1277/2/4 813/2/4
f 1279/6/4 1278/6/4 817/6/4
f 817/6/4 1278/6/4 812/6/4
f 1180/1/4 628/1/4 1182/1/4
f 1182/1/4 628/1/4 772/1/4
f 1182/4/4 772/4/4 1184/4/4
f 1184/4/4 772/4/4 773/4/4
f 1184/1/4 773/1/4 1186/1/4
f 1186/1/4 773/1/4 774/1/4
f 1186/4/4 774/4/4 1188/4/4
f 1188/4/4 774/4/4 775/4/4
f 1188/1/4 775/1/4 1190/1/4
f 1190/1/4 775/1/4 776/1/4
f 1190/3/4 776/3/4 1192/3/4
f 1192/3/4 776/3/4 777/3/4
f 1192/1/4 777/1/4 1194/1/4
f 1194/1/4 777/1/4 778/1/4
f 1194/3/4 778/3/4 1196/3/4
f 1196/3/4 778/3/4 779/3/4
f 1196/1/4 779/1/4 1198/1/4
f 1198/1/4 779/1/4 780/1/4
f 1198/5/4 780/5/4 1200/5/4
f 1200/5/4 780/5/4 781/5/4
f 1200/2/4 1279/2/4 816/2/4
f 816/2/4 1279/2/4 817/2/4
f 1280/6/1 1281/6/1 566/6/1
f 566/6/1 1281/6/1 569/6/1
f 1281/3/1 1282/3/1 569/3/1
f 569/3/1 1282/3/1 625/3/1
f 1283/2/1 1284/2/1 1280/2/1
f 1280/2/1 1284/2/1 1285/2/1
f 1286/3/1 1287/3/1 1288/3/1
f 1288/3/1 1287/3/1 1281/3/1
f 1287/6/1 1289/6/1 1281/6/1
f 1281/6/1 1289/6/1 1290/6/1
f 1289/3/1 1291/3/1 1290/3/1
f 1290/3/1 1291/3/1 1282/3/1
f 1292/6/1 1293/6/1 1283/6/1
f 1283/6/1 1293/6/1 1284/6/1
f 1294/6/1 1295/6/1 1286/6/1
f 1286/6/1 1295/6/1 1287/6/1
f 1295/3/1 1296/3/1 1287/3/1
f 1287/3/1 1296/3/1 1289/3/1
f 1296/6/1 1297/6/1 1289/6/1
f 1289/6/1 1297/6/1 1298/6/1
f 1299/2/1 1300/2/1 1292/2/1
f 1292/2/1 1300/2/1 1293/2/1
f 1301/3/1 1302/3/1 1294/3/1
f 1294/3/1 1302/3/1 1295/3/1
f 1302/6/1 1303/6/1 1295/6/1
f 1295/6/1 1303/6/1 1296/6/1
f 1303/3/1 1304/3/1 1296/3/1
f 1296/3/1 1304/3/1 1297/3/1
f 1305/6/1 1306/6/1 1299/6/1
f 1299/6/1 1306/6/1 1300/6/1
f 1307/6/1 1308/6/1 1301/6/1
f 1301/6/1 1308/6/1 1302/6/1
f 1308/3/1 1309/3/1 1302/3/1
f 1302/3/1 1309/3/1 1303/3/1
f 1309/6/1 1310/6/1 1303/6/1
f 1303/6/1 1310/6/1 1304/6/1
f 1310/3/1 1311/3/1 1298/3/1
f 1298/3/1 1311/3/1 1291/3/1
f 1312/2/1 1313/2/1 1305/2/1
f 1305/2/1 1313/2/1 1306/2/1
f 1314/3/1 1315/3/1 1307/3/1
f 1307/3/1 1315/3/1 1308/3/1
f 1315/6/1 1316/6/1 1308/6/1
f 1308/6/1 1316/6/1 1309/6/1
f 1316/3/1 1317/3/1 1309/3/1
f 1309/3/1 1317/3/1 1310/3/1
f 1317/6/1 1318/6/1 1310/6/1
f 1310/6/1 1318/6/1 1319/6/1
f 1320/6/1 1321/6/1 1312/6/1
f 1312/6/1 1321/6/1 1313/6/1
f 1322/6/1 1323/6/1 1314/6/1
f 1314/6/1 1323/6/1 1315/6/1
f 1323/3/1 1324/3/1 1315/3/1
f 1315/3/1 1324/3/1 1316/3/1
f 1324/6/1 1325/6/1 1316/6/1
f 1316/6/1 1325/6/1 1317/6/1
f 1325/3/1 1326/3/1 1317/3/1
f 1317/3/1 1326/3/1 1318/3/1
f 1327/2/1 1328/2/1 1320/2/1
f 1320/2/1 1328/2/1 1321/2/1
f 1329/3/1 1330/3/1 1322/3/1
f 1322/3/1 1330/3/1 1323/3/1
f 1330/6/1 1331/6/1 1323/6/1
f 1323/6/1 1331/6/1 1324/6/1
f 1331/3/1 1332/3/1 1324/3/1
f 1324/3/1 1332/3/1 1325/3/1
f 1332/6/1 1333/6/1 1325/6/1
f 1325/6/1 1333/6/1 1326/6/1
f 1333/3/1 1334/3/1 1319/3/1
f 1319/3/1 1334/3/1 1311/3/1
f 1335/6/1 1336/6/1 1327/6/1
f 1327/6/1 1336/6/1 1328/6/1
f 1337/6/1 1338/6/1 1329/6/1
f 1329/6/1 1338/6/1 1330/6/1
f 1338/3/1 1339/3/1 1330/3/1
f 1330/3/1 1339/3/1 1331/3/1
f 1339/6/1 1340/6/1 1331/6/1
f 1331/6/1 1340/6/1 1332/6/1
f 1340/3/1 1341/3/1 1332/3/1
f 1332/3/1 1341/3/1 1333/3/1
f 1341/6/1 1342/6/1 1333/6/1
f 1333/6/1 1342/6/1 1343/6/1
f 1342/3/1 1344/3/1 1343/3/1
f 1343/3/1 1344/3/1 1334/3/1
f 1345/2/1 1346/2/1 1335/2/1
f 1335/2/1 1346/2/1 1336/2/1
f 1347/3/1 1348/3/1 1337/3/1
f 1337/3/1 1348/3/1 1338/3/1
f 1348/6/1 1349/6/1 1338/6/1
f 1338/6/1 1349/6/1 1339/6/1
f 1349/3/1 1350/3/1 1339/3/1
f 1339/3/1 1350/3/1 1340/3/1
f 1350/6/1 1351/6/1 1340/6/1
f 1340/6/1 1351/6/1 1341/6/1
f 1351/3/1 1352/3/1 1341/3/1
f 1341/3/1 1352/3/1 1342/3/1
f 1352/6/1 1353/6/1 1342/6/1
f 1342/6/1 1353/6/1 1354/6/1
f 1353/3/1 1355/3/1 1354/3/1
f 1354/3/1 1355/3/1 1344/3/1
f 1356/6/1 1357/6/1 1345/6/1
f 1345/6/1 1357/6/1 1346/6/1
f 1358/6/1 1359/6/1 1347/6/1
f 1347/6/1 1359/6/1 1348/6/1
f 1359/3/1 1360/3/1 1348/3/1
f 1348/3/1 1360/3/1 1349/3/1
f 1360/6/1 1361/6/1 1349/6/1
f 1349/6/1 1361/6/1 1350/6/1
f 1361/3/1 1362/3/1 1350/3/1
f 1350/3/1 1362/3/1 1351/3/1
f 1362/6/1 1363/6/1 1351/6/1
f 1351/6/1 1363/6/1 1352/6/1
f 1363/3/1 1364/3/1 1352/3/1
f 1352/3/1 1364/3/1 1353/3/1
f 1364/6/1 1365/6/1 1353/6/1
f 1353/6/1 1365/6/1 1366/6/1
f 1365/3/1 1367/3/1 1366/3/1
f 1366/3/1 1367/3/1 1355/3/1
f 1368/2/1 1369/2/1 1356/2/1
f 1356/2/1 1369/2/1 1357/2/1
f 1370/3/1 1371/3/1 1358/3/1
f 1358/3/1 1371/3/1 1359/3/1
f 1371/6/1 1372/6/1 1359/6/1
f 1359/6/1 1372/6/1 1360/6/1
f 1372/3/1 1373/3/1 1360/3/1
f 1360/3/1 1373/3/1 1361/3/1
f 1373/6/1 1374/6/1 1361/6/1
f 1361/6/1 1374/6/1 1362/6/1
f 1374/3/1 1375/3/1 1362/3/1
f 1362/3/1 1375/3/1 1363/3/1
f 1375/6/1 1376/6/1 1363/6/1
f 1363/6/1 1376/6/1 1364/6/1
f 1376/3/1 1377/3/1 1364/3/1
f 1364/3/1 1377/3/1 1365/3/1
f 1377/6/1 1378/6/1 1365/6/1
f 1365/6/1 1378/6/1 1379/6/1
f 1378/3/1 1380/3/1 1379/3/1
f 1379/3/1 1380/3/1 1367/3/1
f 1381/6/1 1382/6/1 1368/6/1
f 1368/6/1 1382/6/1 1369/6/1
f 1383/6/1 1384/6/1 1370/6/1
f 1370/6/1 1384/6/1 1371/6/1
f 1384/3/1 1385/3/1 1371/3/1
f 1371/3/1 1385/3/1 1372/3/1
f 1385/6/1 1386/6/1 1372/6/1
f 1372/6/1 1386/6/1 1373/6/1
f 1386/3/1 1387/3/1 1373/3/1
f 1373/3/1 1387/3/1 1374/3/1
f 1387/6/1 1388/6/1 1374/6/1
f 1374/6/1 1388/6/1 1375/6/1
f 1388/3/1 1389/3/1 1375/3/1
f 1375/3/1 1389/3/1 1376/3/1
f 1389/6/1 1390/6/1 1376/6/1
f 1376/6/1 1390/6/1 1377/6/1
f 1390/3/1 1391/3/1 1377/3/1
f 1377/3/1 1391/3/1 1378/3/1
f 1391/6/1 1392/6/1 1378/6/1
f 1378/6/1 1392/6/1 1393/6/1
f 1392/3/1 1394/3/1 1393/3/1
f 1393/3/1 1394/3/1 1395/3/1
f 1394/6/1 1396/6/1 1395/6/1
f 1395/6/1 1396/6/1 1397/6/1
f 1396/3/1 1398/3/1 1397/3/1
f 1397/3/1 1398/3/1 1380/3/1
f 1399/2/1 1400/2/1 1381/2/1
f 1381/2/1 1400/2/1 1382/2/1
f 1401/3/1 1402/3/1 1383/3/1
f 1383/3/1 1402/3/1 1384/3/1
f 1402/6/1 1403/6/1 1384/6/1
f 1384/6/1 1403/6/1 1385/6/1
f 1403/3/1 1404/3/1 1385/3/1
f 1385/3/1 1404/3/1 1386/3/1
f 1404/6/1 1405/6/1 1386/6/1
f 1386/6/1 1405/6/1 1387/6/1
f 1405/3/1 1406/3/1 1387/3/1
f 1387/3/1 1406/3/1 1388/3/1
f 1406/6/1 1407/6/1 1388/6/1
f 1388/6/1 1407/6/1 1389/6/1
f 1407/3/1 1408/3/1 1389/3/1
f 1389/3/1 1408/3/1 1390/3/1
f 1408/6/1 1409/6/1 1390/6/1
f 1390/6/1 1409/6/1 1391/6/1
f 1409/3/1 1410/3/1 1391/3/1
f 1391/3/1 1410/3/1 1392/3/1
f 1410/6/1 1411/6/1 1392/6/1
f 1392/6/1 1411/6/1 1394/6/1
f 1411/3/1 1412/3/1 1394/3/1
f 1394/3/1 1412/3/1 1396/3/1
f 1412/6/1 1413/6/1 1396/6/1
f 1396/6/1 1413/6/1 1414/6/1
f 1413/3/1 1415/3/1 1414/3/1
f 1414/3/1 1415/3/1 1416/3/1
f 1415/6/1 1417/6/1 1416/6/1
f 1416/6/1 1417/6/1 1418/6/1
f 1417/3/1 1419/3/1 1418/3/1
f 1418/3/1 1419/3/1 1398/3/1
f 1420/6/1 1421/6/1 1399/6/1
f 1399/6/1 1421/6/1 1400/6/1
f 1422/6/1 1423/6/1 1401/6/1
f 1401/6/1 1423/6/1 1402/6/1
f 1423/3/1 1424/3/1 1402/3/1
f 1402/3/1 1424/3/1 1403/3/1
f 1424/6/1 1425/6/1 1403/6/1
f 1403/6/1 1425/6/1 1404/6/1
f 1425/3/1 1426/3/1 1404/3/1
f 1404/3/1 1426/3/1 1405/3/1
f 1426/6/1 1427/6/1 1405/6/1
f 1405/6/1 1427/6/1 1406/6/1
f 1427/3/1 1428/3/1 1406/3/1
f 1406/3/1 1428/3/1 1407/3/1
f 1428/6/1 1429/6/1 1407/6/1
f 1407/6/1 1429/6/1 1408/6/1
f 1429/3/1 1430/3/1 1408/3/1
f 1408/3/1 1430/3/1 1409/3/1
f 1430/6/1 1431/6/1 1409/6/1
f 1409/6/1 1431/6/1 1410/6/1
f 1431/3/1 1432/3/1 1410/3/1
f 1410/3/1 1432/3/1 1411/3/1
f 1432/6/1 1433/6/1 1411/6/1
f 1411/6/1 1433/6/1 1412/6/1
f 1433/3/1 1434/3/1 1412/3/1
f 1412/3/1 1434/3/1 1413/3/1
f 1434/6/1 1435/6/1 1413/6/1
f 1413/6/1 1435/6/1 1415/6/1
f 1435/3/1 1436/3/1 1415/3/1
f 1415/3/1 1436/3/1 1417/3/1
f 1436/6/1 1437/6/1 1417/6/1
f 1417/6/1 1437/6/1 1438/6/1
f 1437/3/1 1439/3/1 1438/3/1
f 1438/3/1 1439/3/1 1440/3/1
f 1439/6/1 1441/6/1 1440/6/1
f 1440/6/1 1441/6/1 1442/6/1
f 1441/3/1 1443/3/1 1442/3/1
f 1442/3/1 1443/3/1 1444/3/1
f 1443/6/1 1445/6/1 1444/6/1
f 1444/6/1 1445/6/1 1446/6/1
f 1445/3/1 1447/3/1 1446/3/1
f 1446/3/1 1447/3/1 1448/3/1
f 1447/6/1 1449/6/1 1448/6/1
f 1448/6/1 1449/6/1 1450/6/1
f 1449/3/1 1451/3/1 1450/3/1
f 1450/3/1 1451/3/1 1452/3/1
f 1451/6/1 1453/6/1 1452/6/1
f 1452/6/1 1453/6/1 1419/6/1
f 1454/2/1 1455/2/1 1420/2/1
f 1420/2/1 1455/2/1 1421/2/1
f 1456/3/1 1457/3/1 1422/3/1
f 1422/3/1 1457/3/1 1423/3/1
f 1458/3/1 1459/3/1 1424/3/1
f 1424/3/1 1459/3/1 1425/3/1
f 1460/3/1 1461/3/1 1426/3/1
f 1426/3/1 1461/3/1 1427/3/1
f 1462/3/1 1463/3/1 1428/3/1
f 1428/3/1 1463/3/1 1429/3/1
f 1464/3/1 1465/3/1 1430/3/1
f 1430/3/1 1465/3/1 1431/3/1
f 1466/3/1 1467/3/1 1432/3/1
f 1432/3/1 1467/3/1 1433/3/1
f 1468/3/1 1469/3/1 1434/3/1
f 1434/3/1 1469/3/1 1435/3/1
f 1470/3/1 1471/3/1 1436/3/1
f 1436/3/1 1471/3/1 1437/3/1
f 1472/3/1 1473/3/1 1439/3/1
f 1439/3/1 1473/3/1 1441/3/1
f 1474/3/1 1475/3/1 1443/3/1
f 1443/3/1 1475/3/1 1445/3/1
f 1476/3/1 1477/3/1 1479/3/1
f 1479/3/1 1477/3/1 1478/3/1
f 1480/3/1 1481/3/1 1483/3/1
f 1483/3/1 1481/3/1 1482/3/1
f 1484/3/1 1485/3/1 1487/3/1
f 1487/3/1 1485/3/1 1486/3/1
f 1488/3/1 1489/3/1 1491/3/1
f 1491/3/1 1489/3/1 1490/3/1
f 1492/3/1 1493/3/1 1495/3/1
f 1495/3/1 1493/3/1 1494/3/1
f 1496/3/1 1497/3/1 1499/3/1
f 1499/3/1 1497/3/1 1498/3/1
f 1500/3/1 1501/3/1 1503/3/1
f 1503/3/1 1501/3/1 1502/3/1
f 1504/3/1 1505/3/1 1507/3/1
f 1507/3/1 1505/3/1 1506/3/1
f 1508/3/1 1509/3/1 1511/3/1
f 1511/3/1 1509/3/1 1510/3/1
f 1512/3/1 1513/3/1 1515/3/1
f 1515/3/1 1513/3/1 1514/3/1
f 1516/3/1 1517/3/1 1519/3/1
f 1519/3/1 1517/3/1 1518/3/1
f 1520/3/1 1521/3/1 1523/3/1
f 1523/3/1 1521/3/1 1522/3/1
f 1524/3/1 1525/3/1 1527/3/1
f 1527/3/1 1525/3/1 1526/3/1
f 1528/3/1 1529/3/1 1531/3/1
f 1531/3/1 1529/3/1 1530/3/1
f 1532/3/1 1533/3/1 1535/3/1
f 1535/3/1 1533/3/1 1534/3/1
f 1536/3/1 1537/3/1 1539/3/1
f 1539/3/1 1537/3/1 1538/3/1
f 1540/3/1 1541/3/1 1543/3/1
f 1543/3/1 1541/3/1 1542/3/1
f 1544/3/1 1545/3/1 1447/3/1
f 1447/3/1 1545/3/1 1449/3/1
f 1546/3/1 1547/3/1 1451/3/1
f 1451/3/1 1547/3/1 1453/3/1
f 1548/6/1 1549/6/1 1454/6/1
f 1454/6/1 1549/6/1 1455/6/1
f 1550/6/1 1551/6/1 1456/6/1
f 1456/6/1 1551/6/1 1457/6/1
f 1552/6/1 1553/6/1 1458/6/1
f 1458/6/1 1553/6/1 1459/6/1
f 1554/6/1 1555/6/1 1460/6/1
f 1460/6/1 1555/6/1 1461/6/1
f 1556/6/1 1557/6/1 1462/6/1
f 1462/6/1 1557/6/1 1463/6/1
f 1558/6/1 1559/6/1 1464/6/1
f 1464/6/1 1559/6/1 1465/6/1
f 1560/6/1 1561/6/1 1466/6/1
f 1466/6/1 1561/6/1 1467/6/1
f 1562/6/1 1563/6/1 1468/6/1
f 1468/6/1 1563/6/1 1469/6/1
f 1564/6/1 1565/6/1 1470/6/1
f 1470/6/1 1565/6/1 1471/6/1
f 1566/6/1 1567/6/1 1472/6/1
f 1472/6/1 1567/6/1 1473/6/1
f 1568/6/1 1569/6/1 1474/6/1
f 1474/6/1 1569/6/1 1475/6/1
f 1570/6/1 1571/6/1 1476/6/1
f 1476/6/1 1571/6/1 1477/6/1
f 1572/6/1 1573/6/1 1480/6/1
f 1480/6/1 1573/6/1 1481/6/1
f 1574/6/1 1575/6/1 1484/6/1
f 1484/6/1 1575/6/1 1485/6/1
f 1576/6/1 1577/6/1 1488/6/1
f 1488/6/1 1577/6/1 1489/6/1
f 1578/6/1 1579/6/1 1492/6/1
f 1492/6/1 1579/6/1 1493/6/1
f 1580/6/1 1581/6/1 1496/6/1
f 1496/6/1 1581/6/1 1497/6/1
f 1582/6/1 1583/6/1 1500/6/1
f 1500/6/1 1583/6/1 1501/6/1
f 1584/6/1 1585/6/1 1504/6/1
f 1504/6/1 1585/6/1 1505/6/1
f 1585/6/1 1586/6/1 1506/6/1
f 1506/6/1 1586/6/1 1511/6/1
f 1587/6/1 1588/6/1 1589/6/1
f 1589/6/1 1588/6/1 1509/6/1
f 1590/6/1 1591/6/1 1512/6/1
f 1512/6/1 1591/6/1 1513/6/1
f 1591/6/1 1592/6/1 1514/6/1
f 1514/6/1 1592/6/1 1519/6/1
f 1593/6/1 1594/6/1 1518/6/1
f 1518/6/1 1594/6/1 1523/6/1
f 1595/6/1 1596/6/1 1522/6/1
f 1522/6/1 1596/6/1 1527/6/1
f 1597/6/1 1598/6/1 1526/6/1
f 1526/6/1 1598/6/1 1531/6/1
f 1599/6/1 1600/6/1 1530/6/1
f 1530/6/1 1600/6/1 1535/6/1
f 1601/6/1 1602/6/1 1534/6/1
f 1534/6/1 1602/6/1 1539/6/1
f 1603/6/1 1604/6/1 1538/6/1
f 1538/6/1 1604/6/1 1543/6/1
f 1605/6/1 1606/6/1 1542/6/1
f 1542/6/1 1606/6/1 1447/6/1
f 1607/6/1 1608/6/1 1449/6/1
f 1449/6/1 1608/6/1 1451/6/1
f 1609/2/1 1610/2/1 1548/2/1
f 1548/2/1 1610/2/1 1549/2/1
f 1610/6/1 1611/6/1 1285/6/1
f 1285/6/1 1611/6/1 1288/6/1
f 1611/2/1 1612/2/1 1550/2/1
f 1550/2/1 1612/2/1 1551/2/1
f 1612/6/1 1613/6/1 1423/6/1
f 1423/6/1 1613/6/1 1424/6/1
f 1613/2/1 1614/2/1 1552/2/1
f 1552/2/1 1614/2/1 1553/2/1
f 1614/6/1 1615/6/1 1425/6/1
f 1425/6/1 1615/6/1 1426/6/1
f 1615/2/1 1616/2/1 1554/2/1
f 1554/2/1 1616/2/1 1555/2/1
f 1616/6/1 1617/6/1 1427/6/1
f 1427/6/1 1617/6/1 1428/6/1
f 1617/2/1 1618/2/1 1556/2/1
f 1556/2/1 1618/2/1 1557/2/1
f 1618/6/1 1619/6/1 1429/6/1
f 1429/6/1 1619/6/1 1430/6/1
f 1619/2/1 1620/2/1 1558/2/1
f 1558/2/1 1620/2/1 1559/2/1
f 1620/6/1 1621/6/1 1431/6/1
f 1431/6/1 1621/6/1 1432/6/1
f 1621/2/1 1622/2/1 1560/2/1
f 1560/2/1 1622/2/1 1561/2/1
f 1622/6/1 1623/6/1 1433/6/1
f 1433/6/1 1623/6/1 1434/6/1
f 1623/2/1 1624/2/1 1562/2/1
f 1562/2/1 1624/2/1 1563/2/1
f 1624/6/1 1625/6/1 1435/6/1
f 1435/6/1 1625/6/1 1436/6/1
f 1625/2/1 1626/2/1 1564/2/1
f 1564/2/1 1626/2/1 1565/2/1
f 1626/6/1 1627/6/1 1437/6/1
f 1437/6/1 1627/6/1 1439/6/1
f 1627/2/1 1628/2/1 1566/2/1
f 1566/2/1 1628/2/1 1567/2/1
f 1628/6/1 1629/6/1 1441/6/1
f 1441/6/1 1629/6/1 1443/6/1
f 1629/2/1 1630/2/1 1568/2/1
f 1568/2/1 1630/2/1 1569/2/1
f 1630/6/1 1631/6/1 1445/6/1
f 1445/6/1 1631/6/1 1479/6/1
f 1631/2/1 1632/2/1 1570/2/1
f 1570/2/1 1632/2/1 1571/2/1
f 1632/6/1 1633/6/1 1478/6/1
f 1478/6/1 1633/6/1 1483/6/1
f 1633/2/1 1634/2/1 1572/2/1
f 1572/2/1 1634/2/1 1573/2/1
f 1634/6/1 1635/6/1 1482/6/1
f 1482/6/1 1635/6/1 1487/6/1
f 1635/2/1 1636/2/1 1574/2/1
f 1574/2/1 1636/2/1 1575/2/1
f 1636/6/1 1637/6/1 1486/6/1
f 1486/6/1 1637/6/1 1491/6/1
f 1637/2/1 1638/2/1 1576/2/1
f 1576/2/1 1638/2/1 1577/2/1
f 1638/6/1 1639/6/1 1490/6/1
f 1490/6/1 1639/6/1 1495/6/1
f 1639/2/1 1640/2/1 1578/2/1
f 1578/2/1 1640/2/1 1579/2/1
f 1640/6/1 1641/6/1 1494/6/1
f 1494/6/1 1641/6/1 1499/6/1
f 1641/2/1 1642/2/1 1580/2/1
f 1580/2/1 1642/2/1 1581/2/1
f 1642/6/1 1643/6/1 1498/6/1
f 1498/6/1 1643/6/1 1503/6/1
f 1643/2/1 1644/2/1 1582/2/1
f 1582/2/1 1644/2/1 1583/2/1
f 1644/6/1 1645/6/1 1502/6/1
f 1502/6/1 1645/6/1 1507/6/1
f 1645/2/1 1646/2/1 1584/2/1
f 1584/2/1 1646/2/1 1647/2/1
f 1646/6/1 1648/6/1 1647/6/1
f 1647/6/1 1648/6/1 1585/6/1
f 1648/2/1 1649/2/1 1585/2/1
f 1585/2/1 1649/2/1 1586/2/1
f 1649/6/1 1650/6/1 1508/6/1
f 1508/6/1 1650/6/1 1589/6/1
f 1650/2/1 1651/2/1 1587/2/1
f 1587/2/1 1651/2/1 1588/2/1
f 1651/6/1 1652/6/1 1510/6/1
f 1510/6/1 1652/6/1 1515/6/1
f 1652/2/1 1653/2/1 1590/2/1
f 1590/2/1 1653/2/1 1654/2/1
f 1653/6/1 1655/6/1 1654/6/1
f 1654/6/1 1655/6/1 1591/6/1
f 1655/2/1 1656/2/1 1591/2/1
f 1591/2/1 1656/2/1 1592/2/1
f 1656/6/1 1657/6/1 1516/6/1
f 1516/6/1 1657/6/1 1517/6/1
f 1657/2/1 1658/2/1 1593/2/1
f 1593/2/1 1658/2/1 1594/2/1
f 1658/6/1 1659/6/1 1520/6/1
f 1520/6/1 1659/6/1 1521/6/1
f 1659/2/1 1660/2/1 1595/2/1
f 1595/2/1 1660/2/1 1596/2/1
f 1660/6/1 1661/6/1 1524/6/1
f 1524/6/1 1661/6/1 1525/6/1
f 1661/2/1 1662/2/1 1597/2/1
f 1597/2/1 1662/2/1 1598/2/1
f 1662/6/1 1663/6/1 1528/6/1
f 1528/6/1 1663/6/1 1529/6/1
f 1663/2/1 1664/2/1 1599/2/1
f 1599/2/1 1664/2/1 1600/2/1
f 1664/6/1 1665/6/1 1532/6/1
f 1532/6/1 1665/6/1 1533/6/1
f 1665/2/1 1666/2/1 1601/2/1
f 1601/2/1 1666/2/1 1602/2/1
f 1666/6/1 1667/6/1 1536/6/1
f 1536/6/1 1667/6/1 1537/6/1
f 1667/2/1 1668/2/1 1603/2/1
f 1603/2/1 1668/2/1 1604/2/1
f 1668/6/1 1669/6/1 1540/6/1
f 1540/6/1 1669/6/1 1541/6/1
f 1669/2/1 1670/2/1 1605/2/1
f 1605/2/1 1670/2/1 1606/2/1
f 1670/6/1 1671/6/1 1544/6/1
f 1544/6/1 1671/6/1 1545/6/1
f 1671/2/1 1672/2/1 1607/2/1
f 1607/2/1 1672/2/1 1608/2/1
f 1672/6/1 1673/6/1 1546/6/1
f 1546/6/1 1673/6/1 1547/6/1
f 1674/1/2 626/1/2 1675/1/2
f 1675/1/2 626/1/2 629/1/2
f 631/1/3 626/1/3 1676/1/3
f 1676/1/3 626/1/3 1674/1/3
f 633/4/3 631/4/3 1677/4/3
f 1677/4/3 631/4/3 1676/4/3
f 635/1/3 633/1/3 1678/1/3
f 1678/1/3 633/1/3 1677/1/3
f 637/4/3 635/4/3 1679/4/3
f 1679/4/3 635/4/3 1678/4/3
f 639/1/3 637/1/3 1680/1/3
f 1680/1/3 637/1/3 1679/1/3
f 641/3/3 639/3/3 1681/3/3
f 1681/3/3 639/3/3 1680/3/3
f 643/1/3 641/1/3 1682/1/3
f 1682/1/3 641/1/3 1681/1/3
f 645/3/3 643/3/3 1683/3/3
f 1683/3/3 643/3/3 1682/3/3
f 647/1/3 645/1/3 1684/1/3
f 1684/1/3 645/1/3 1683/1/3
f 649/5/3 647/5/3 1685/5/3
f 1685/5/3 647/5/3 1684/5/3
f 566/6/3 649/6/3 1280/6/3
f 1280/6/3 649/6/3 1686/6/3
f 1280/2/3 1686/2/3 1283/2/3
f 1283/2/3 1686/2/3 1687/2/3
f 1283/6/3 1687/6/3 1292/6/3
f 1292/6/3 1687/6/3 1688/6/3
f 1292/2/3 1688/2/3 1299/2/3
f 1299/2/3 1688/2/3 1689/2/3
f 1299/6/3 1689/6/3 1305/6/3
f 1305/6/3 1689/6/3 1690/6/3
f 1305/2/3 1690/2/3 1312/2/3
f 1312/2/3 1690/2/3 1691/2/3
f 1312/6/3 1691/6/3 1320/6/3
f 1320/6/3 1691/6/3 1692/6/3
f 1320/2/3 1692/2/3 1327/2/3
f 1327/2/3 1692/2/3 1693/2/3
f 1327/6/3 1693/6/3 1335/6/3
f 1335/6/3 1693/6/3 1694/6/3
f 1335/2/3 1694/2/3 1345/2/3
f 1345/2/3 1694/2/3 1695/2/3
f 1345/6/3 1695/6/3 1356/6/3
f 1356/6/3 1695/6/3 1696/6/3
f 1356/2/3 1696/2/3 1368/2/3
f 1368/2/3 1696/2/3 1697/2/3
f 1368/6/3 1697/6/3 1381/6/3
f 1381/6/3 1697/6/3 1698/6/3
f 1381/2/3 1698/2/3 1399/2/3
f 1399/2/3 1698/2/3 1699/2/3
f 1399/6/3 1699/6/3 1420/6/3
f 1420/6/3 1699/6/3 1700/6/3
f 1420/2/3 1700/2/3 1454/2/3
f 1454/2/3 1700/2/3 1701/2/3
f 1454/6/3 1701/6/3 1548/6/3
f 1548/6/3 1701/6/3 1702/6/3
f 1548/2/3 1702/2/3 1609/2/3
f 1609/2/3 1702/2/3 1685/2/3
f 1703/2/6 1610/2/6 1685/2/6
f 1685/2/6 1610/2/6 1609/2/6
f 1704/6/6 1611/6/6 1703/6/6
f 1703/6/6 1611/6/6 1610/6/6
f 1705/2/6 1612/2/6 1704/2/6
f 1704/2/6 1612/2/6 1611/2/6
f 1706/6/6 1613/6/6 1705/6/6
f 1705/6/6 1613/6/6 1612/6/6
f 1707/2/6 1614/2/6 1706/2/6
f 1706/2/6 1614/2/6 1613/2/6
f 1708/6/6 1615/6/6 1707/6/6
f 1707/6/6 1615/6/6 1614/6/6
f 1709/2/6 1616/2/6 1708/2/6
f 1708/2/6 1616/2/6 1615/2/6
f 1710/6/6 1617/6/6 1709/6/6
f 1709/6/6 1617/6/6 1616/6/6
f 1711/2/6 1618/2/6 1710/2/6
f 1710/2/6 1618/2/6 1617/2/6
f 1712/6/6 1619/6/6 1711/6/6
f 1711/6/6 1619/6/6 1618/6/6
f 1713/2/6 1620/2/6 1712/2/6
f 1712/2/6 1620/2/6 1619/2/6
f 1714/6/6 1621/6/6 1713/6/6
f 1713/6/6 1621/6/6 1620/6/6
f 1715/2/6 1622/2/6 1714/2/6
f 1714/2/6 1622/2/6 1621/2/6
f 1716/6/6 1623/6/6 1715/6/6
f 1715/6/6 1623/6/6 1622/6/6
f 1717/2/6 1624/2/6 1716/2/6
f 1716/2/6 1624/2/6 1623/2/6
f 1718/6/6 1625/6/6 1717/6/6
f 1717/6/6 1625/6/6 1624/6/6
f 1719/2/6 1626/2/6 1718/2/6
f 1718/2/6 1626/2/6 1625/2/6
f 1720/6/6 1627/6/6 1719/6/6
f 1719/6/6 1627/6/6 1626/6/6
f 1721/2/6 1628/2/6 1720/2/6
f 1720/2/6 1628/2/6 1627/2/6
f 1722/6/6 1629/6/6 1721/6/6
f 1721/6/6 1629/6/6 1628/6/6
f 1723/2/6 1630/2/6 1722/2/6
f 1722/2/6 1630/2/6 1629/2/6
f 1724/6/6 1631/6/6 1723/6/6
f 1723/6/6 1631/6/6 1630/6/6
f 1725/2/6 1632/2/6 1724/2/6
f 1724/2/6 1632/2/6 1631/2/6
f 1726/6/6 1633/6/6 1725/6/6
f 1725/6/6 1633/6/6 1632/6/6
f 1727/2/6 1634/2/6 1726/2/6
f 1726/2/6 1634/2/6 1633/2/6
f 1728/6/6 1635/6/6 1727/6/6
f 1727/6/6 1635/6/6 1634/6/6
f 1729/2/6 1636/2/6 1728/2/6
f 1728/2/6 1636/2/6 1635/2/6
f 1730/6/6 1637/6/6 1729/6/6
f 1729/6/6 1637/6/6 1636/6/6
f 1731/2/6 1638/2/6 1730/2/6
f 1730/2/6 1638/2/6 1637/2/6
f 1732/6/6 1639/6/6 1731/6/6
f 1731/6/6 1639/6/6 1638/6/6
f 1733/2/6 1640/2/6 1732/2/6
f 1732/2/6 1640/2/6 1639/2/6
f 1734/6/6 1641/6/6 1733/6/6
f 1733/6/6 1641/6/6 1640/6/6
f 1735/2/6 1642/2/6 1734/2/6
f 1734/2/6 1642/2/6 1641/2/6
f 1736/6/6 1643/6/6 1735/6/6
f 1735/6/6 1643/6/6 1642/6/6
f 1737/2/6 1644/2/6 1736/2/6
f 1736/2/6 1644/2/6 1643/2/6
f 1738/6/6 1645/6/6 1737/6/6
f 1737/6/6 1645/6/6 1644/6/6
f 1739/2/6 1646/2/6 1738/2/6
f 1738/2/6 1646/2/6 1645/2/6
f 1740/6/6 1648/6/6 1739/6/6
f 1739/6/6 1648/6/6 1646/6/6
f 1741/2/6 1649/2/6 1740/2/6
f 1740/2/6 1649/2/6 1648/2/6
f 1742/6/6 1650/6/6 1741/6/6
f 1741/6/6 1650/6/6 1649/6/6
f 1743/2/6 1651/2/6 1742/2/6
f 1742/2/6 1651/2/6 1650/2/6
f 1744/6/6 1652/6/6 1743/6/6
f 1743/6/6 1652/6/6 1651/6/6
f 1745/2/6 1653/2/6 1744/2/6
f 1744/2/6 1653/2/6 1652/2/6
f 1746/6/6 1655/6/6 1745/6/6
f 1745/6/6 1655/6/6 1653/6/6
f 1747/2/6 1656/2/6 1746/2/6
f 1746/2/6 1656/2/6 1655/2/6
f 1748/6/6 1657/6/6 1747/6/6
f 1747/6/6 1657/6/6 1656/6/6
f 1749/2/6 1658/2/6 1748/2/6
f 1748/2/6 1658/2/6 1657/2/6
f 1750/6/6 1659/6/6 1749/6/6
f 1749/6/6 1659/6/6 1658/6/6
f 1751/2/6 1660/2/6 1750/2/6
f 1750/2/6 1660/2/6 1659/2/6
f 1752/6/6 1661/6/6 1751/6/6
f 1751/6/6 1661/6/6 1660/6/6
f 1753/2/6 1662/2/6 1752/2/6
f 1752/2/6 1662/2/6 1661/2/6
f 1754/6/6 1663/6/6 1753/6/6
f 1753/6/6 1663/6/6 1662/6/6
f 1755/2/6 1664/2/6 1754/2/6
f 1754/2/6 1664/2/6 1663/2/6
f 1756/6/6 1665/6/6 1755/6/6
f 1755/6/6 1665/6/6 1664/6/6
f 1757/2/6 1666/2/6 1756/2/6
f 1756/2/6 1666/2/6 1665/2/6
f 1758/6/6 1667/6/6 1757/6/6
f 1757/6/6 1667/6/6 1666/6/6
f 1759/2/6 1668/2/6 1758/2/6
f 1758/2/6 1668/2/6 1667/2/6
f 1760/6/6 1669/6/6 1759/6/6
f 1759/6/6 1669/6/6 1668/6/6
f 1761/2/6 1670/2/6 1760/2/6
f 1760/2/6 1670/2/6 1669/2/6
f 1762/6/6 1671/6/6 1761/6/6
f 1761/6/6 1671/6/6 1670/6/6
f 1763/2/6 1672/2/6 1762/2/6
f 1762/2/6 1672/2/6 1671/2/6
f 1675/1/6 1764/1/6 1674/1/6
f 1674/1/6 1764/1/6 1676/1/6
f 1764/4/6 1765/4/6 1676/4/6
f 1676/4/6 1765/4/6 1677/4/6
f 1765/1/6 1766/1/6 1677/1/6
f 1677/1/6 1766/1/6 1678/1/6
f 1766/4/6 1767/4/6 1678/4/6
f 1678/4/6 1767/4/6 1679/4/6
f 1767/1/6 1768/1/6 1679/1/6
f 1679/1/6 1768/1/6 1680/1/6
f 1768/3/6 1769/3/6 1680/3/6
f 1680/3/6 1769/3/6 1681/3/6
f 1769/1/6 1770/1/6 1681/1/6
f 1681/1/6 1770/1/6 1682/1/6
f 1770/3/6 1771/3/6 1682/3/6
f 1682/3/6 1771/3/6 1683/3/6
f 1771/1/6 1772/1/6 1683/1/6
f 1683/1/6 1772/1/6 1684/1/6
f 1772/5/6 1773/5/6 1684/5/6
f 1684/5/6 1773/5/6 1685/5/6
f 1773/6/6 1673/6/6 1763/6/6
f 1763/6/6 1673/6/6 1672/6/6
f 1774/3/1 1775/3/1 1175/3/1
f 1175/3/1 1775/3/1 1176/3/1
f 1775/6/1 1776/6/1 1176/6/1
f 1176/6/1 1776/6/1 1178/6/1
f 1776/2/1 1777/2/1 1178/2/1
f 1178/2/1 1777/2/1 1179/2/1
f 1778/3/1 1779/3/1 1174/3/1
f 1174/3/1 1779/3/1 1175/3/1
f 1779/6/1 1780/6/1 1774/6/1
f 1774/6/1 1780/6/1 1775/6/1
f 1780/3/1 1781/3/1 1775/3/1
f 1775/3/1 1781/3/1 1782/3/1
f 1783/6/1 1784/6/1 1776/6/1
f 1776/6/1 1784/6/1 1777/6/1
f 1785/6/1 1786/6/1 1778/6/1
f 1778/6/1 1786/6/1 1779/6/1
f 1786/3/1 1787/3/1 1779/3/1
f 1779/3/1 1787/3/1 1780/3/1
f 1787/6/1 1788/6/1 1780/6/1
f 1780/6/1 1788/6/1 1781/6/1
f 1789/2/1 1790/2/1 1783/2/1
f 1783/2/1 1790/2/1 1784/2/1
f 1791/3/1 1792/3/1 1785/3/1
f 1785/3/1 1792/3/1 1786/3/1
f 1792/6/1 1793/6/1 1786/6/1
f 1786/6/1 1793/6/1 1787/6/1
f 1793/3/1 1794/3/1 1787/3/1
f 1787/3/1 1794/3/1 1788/3/1
f 1795/6/1 1796/6/1 1789/6/1
f 1789/6/1 1796/6/1 1790/6/1
f 1797/3/1 1798/3/1 1173/3/1
f 1173/3/1 1798/3/1 1174/3/1
f 1798/6/1 1799/6/1 1791/6/1
f 1791/6/1 1799/6/1 1792/6/1
f 1799/3/1 1800/3/1 1792/3/1
f 1792/3/1 1800/3/1 1793/3/1
f 1800/6/1 1801/6/1 1793/6/1
f 1793/6/1 1801/6/1 1794/6/1
f 1802/2/1 1803/2/1 1795/2/1
f 1795/2/1 1803/2/1 1796/2/1
f 1804/6/1 1805/6/1 1797/6/1
f 1797/6/1 1805/6/1 1798/6/1
f 1805/3/1 1806/3/1 1798/3/1
f 1798/3/1 1806/3/1 1799/3/1
f 1806/6/1 1807/6/1 1799/6/1
f 1799/6/1 1807/6/1 1800/6/1
f 1807/3/1 1808/3/1 1800/3/1
f 1800/3/1 1808/3/1 1801/3/1
f 1809/6/1 1810/6/1 1802/6/1
f 1802/6/1 1810/6/1 1803/6/1
f 1811/3/1 1812/3/1 1804/3/1
f 1804/3/1 1812/3/1 1805/3/1
f 1812/6/1 1813/6/1 1805/6/1
f 1805/6/1 1813/6/1 1806/6/1
f 1813/3/1 1814/3/1 1806/3/1
f 1806/3/1 1814/3/1 1807/3/1
f 1814/6/1 1815/6/1 1807/6/1
f 1807/6/1 1815/6/1 1808/6/1
f 1816/2/1 1817/2/1 1809/2/1
f 1809/2/1 1817/2/1 1810/2/1
f 1818/3/1 1819/3/1 1172/3/1
f 1172/3/1 1819/3/1 1173/3/1
f 1819/6/1 1820/6/1 1811/6/1
f 1811/6/1 1820/6/1 1812/6/1
f 1820/3/1 1821/3/1 1812/3/1
f 1812/3/1 1821/3/1 1813/3/1
f 1821/6/1 1822/6/1 1813/6/1
f 1813/6/1 1822/6/1 1814/6/1
f 1822/3/1 1823/3/1 1814/3/1
f 1814/3/1 1823/3/1 1815/3/1
f 1824/6/1 1825/6/1 1816/6/1
f 1816/6/1 1825/6/1 1817/6/1
f 1826/3/1 1827/3/1 1171/3/1
f 1171/3/1 1827/3/1 1172/3/1
f 1827/6/1 1828/6/1 1818/6/1
f 1818/6/1 1828/6/1 1819/6/1
f 1828/3/1 1829/3/1 1819/3/1
f 1819/3/1 1829/3/1 1820/3/1
f 1829/6/1 1830/6/1 1820/6/1
f 1820/6/1 1830/6/1 1821/6/1
f 1830/3/1 1831/3/1 1821/3/1
f 1821/3/1 1831/3/1 1822/3/1
f 1831/6/1 1832/6/1 1822/6/1
f 1822/6/1 1832/6/1 1823/6/1
f 1833/2/1 1834/2/1 1824/2/1
f 1824/2/1 1834/2/1 1825/2/1
f 1835/3/1 1836/3/1 1170/3/1
f 1170/3/1 1836/3/1 1171/3/1
f 1836/6/1 1837/6/1 1826/6/1
f 1826/6/1 1837/6/1 1827/6/1
f 1837/3/1 1838/3/1 1827/3/1
f 1827/3/1 1838/3/1 1828/3/1
f 1838/6/1 1839/6/1 1828/6/1
f 1828/6/1 1839/6/1 1829/6/1
f 1839/3/1 1840/3/1 1829/3/1
f 1829/3/1 1840/3/1 1830/3/1
f 1840/6/1 1841/6/1 1830/6/1
f 1830/6/1 1841/6/1 1831/6/1
f 1841/3/1 1842/3/1 1831/3/1
f 1831/3/1 1842/3/1 1832/3/1
f 1843/6/1 1844/6/1 1833/6/1
f 1833/6/1 1844/6/1 1834/6/1
f 1845/3/1 1846/3/1 1169/3/1
f 1169/3/1 1846/3/1 1170/3/1
f 1846/6/1 1847/6/1 1835/6/1
f 1835/6/1 1847/6/1 1836/6/1
f 1847/3/1 1848/3/1 1836/3/1
f 1836/3/1 1848/3/1 1837/3/1
f 1848/6/1 1849/6/1 1837/6/1
f 1837/6/1 1849/6/1 1838/6/1
f 1849/3/1 1850/3/1 1838/3/1
f 1838/3/1 1850/3/1 1839/3/1
f 1850/6/1 1851/6/1 1839/6/1
f 1839/6/1 1851/6/1 1840/6/1
f 1851/3/1 1852/3/1 1840/3/1
f 1840/3/1 1852/3/1 1841/3/1
f 1852/6/1 1853/6/1 1841/6/1
f 1841/6/1 1853/6/1 1842/6/1
f 1854/2/1 1855/2/1 1843/2/1
f 1843/2/1 1855/2/1 1844/2/1
f 1856/3/1 1857/3/1 1166/3/1
f 1166/3/1 1857/3/1 1169/3/1
f 1857/6/1 1858/6/1 1845/6/1
f 1845/6/1 1858/6/1 1846/6/1
f 1858/3/1 1859/3/1 1846/3/1
f 1846/3/1 1859/3/1 1847/3/1
f 1859/6/1 1860/6/1 1847/6/1
f 1847/6/1 1860/6/1 1848/6/1
f 1860/3/1 1861/3/1 1848/3/1
f 1848/3/1 1861/3/1 1849/3/1
f 1861/6/1 1862/6/1 1849/6/1
f 1849/6/1 1862/6/1 1850/6/1
f 1862/3/1 1863/3/1 1850/3/1
f 1850/3/1 1863/3/1 1851/3/1
f 1863/6/1 1864/6/1 1851/6/1
f 1851/6/1 1864/6/1 1852/6/1
f 1864/3/1 1865/3/1 1852/3/1
f 1852/3/1 1865/3/1 1853/3/1
f 1866/6/1 1867/6/1 1854/6/1
f 1854/6/1 1867/6/1 1855/6/1
f 1868/3/1 1869/3/1 1163/3/1
f 1163/3/1 1869/3/1 1166/3/1
f 1869/6/1 1870/6/1 1856/6/1
f 1856/6/1 1870/6/1 1871/6/1
f 1870/3/1 1872/3/1 1871/3/1
f 1871/3/1 1872/3/1 1873/3/1
f 1872/6/1 1874/6/1 1873/6/1
f 1873/6/1 1874/6/1 1857/6/1
f 1874/3/1 1875/3/1 1857/3/1
f 1857/3/1 1875/3/1 1858/3/1
f 1875/6/1 1876/6/1 1858/6/1
f 1858/6/1 1876/6/1 1859/6/1
f 1876/3/1 1877/3/1 1859/3/1
f 1859/3/1 1877/3/1 1860/3/1
f 1877/6/1 1878/6/1 1860/6/1
f 1860/6/1 1878/6/1 1861/6/1
f 1878/3/1 1879/3/1 1861/3/1
f 1861/3/1 1879/3/1 1862/3/1
f 1879/6/1 1880/6/1 1862/6/1
f 1862/6/1 1880/6/1 1863/6/1
f 1880/3/1 1881/3/1 1863/3/1
f 1863/3/1 1881/3/1 1864/3/1
f 1881/6/1 1882/6/1 1864/6/1
f 1864/6/1 1882/6/1 1865/6/1
f 1883/2/1 1884/2/1 1866/2/1
f 1866/2/1 1884/2/1 1867/2/1
f 1885/3/1 1886/3/1 1162/3/1
f 1162/3/1 1886/3/1 1163/3/1
f 1886/6/1 1887/6/1 1868/6/1
f 1868/6/1 1887/6/1 1888/6/1
f 1887/3/1 1889/3/1 1888/3/1
f 1888/3/1 1889/3/1 1890/3/1
f 1889/6/1 1891/6/1 1890/6/1
f 1890/6/1 1891/6/1 1869/6/1
f 1891/3/1 1892/3/1 1869/3/1
f 1869/3/1 1892/3/1 1870/3/1
f 1892/6/1 1893/6/1 1870/6/1
f 1870/6/1 1893/6/1 1872/6/1
f 1893/3/1 1894/3/1 1872/3/1
f 1872/3/1 1894/3/1 1874/3/1
f 1894/6/1 1895/6/1 1874/6/1
f 1874/6/1 1895/6/1 1875/6/1
f 1895/3/1 1896/3/1 1875/3/1
f 1875/3/1 1896/3/1 1876/3/1
f 1896/6/1 1897/6/1 1876/6/1
f 1876/6/1 1897/6/1 1877/6/1
f 1897/3/1 1898/3/1 1877/3/1
f 1877/3/1 1898/3/1 1878/3/1
f 1898/6/1 1899/6/1 1878/6/1
f 1878/6/1 1899/6/1 1879/6/1
f 1899/3/1 1900/3/1 1879/3/1
f 1879/3/1 1900/3/1 1880/3/1
f 1900/6/1 1901/6/1 1880/6/1
f 1880/6/1 1901/6/1 1881/6/1
f 1901/3/1 1902/3/1 1881/3/1
f 1881/3/1 1902/3/1 1882/3/1
f 1903/6/1 1904/6/1 1883/6/1
f 1883/6/1 1904/6/1 1884/6/1
f 1453/3/1 1905/3/1 625/3/1
f 625/3/1 1905/3/1 1162/3/1
f 1905/6/1 1906/6/1 1885/6/1
f 1885/6/1 1906/6/1 1886/6/1
f 1906/3/1 1907/3/1 1886/3/1
f 1886/3/1 1907/3/1 1887/3/1
f 1907/6/1 1908/6/1 1887/6/1
f 1887/6/1 1908/6/1 1889/6/1
f 1908/3/1 1909/3/1 1889/3/1
f 1889/3/1 1909/3/1 1891/3/1
f 1909/6/1 1910/6/1 1891/6/1
f 1891/6/1 1910/6/1 1892/6/1
f 1910/3/1 1911/3/1 1892/3/1
f 1892/3/1 1911/3/1 1893/3/1
f 1911/6/1 1912/6/1 1893/6/1
f 1893/6/1 1912/6/1 1894/6/1
f 1912/3/1 1913/3/1 1894/3/1
f 1894/3/1 1913/3/1 1895/3/1
f 1913/6/1 1914/6/1 1895/6/1
f 1895/6/1 1914/6/1 1896/6/1
f 1914/3/1 1915/3/1 1896/3/1
f 1896/3/1 1915/3/1 1897/3/1
f 1915/6/1 1916/6/1 1897/6/1
f 1897/6/1 1916/6/1 1898/6/1
f 1916/3/1 1917/3/1 1898/3/1
f 1898/3/1 1917/3/1 1899/3/1
f 1917/6/1 1918/6/1 1899/6/1
f 1899/6/1 1918/6/1 1900/6/1
f 1918/3/1 1919/3/1 1900/3/1
f 1900/3/1 1919/3/1 1901/3/1
f 1919/6/1 1920/6/1 1901/6/1
f 1901/6/1 1920/6/1 1902/6/1
f 1921/2/1 1922/2/1 1903/2/1
f 1903/2/1 1922/2/1 1904/2/1
f 1923/3/1 1924/3/1 1905/3/1
f 1905/3/1 1924/3/1 1906/3/1
f 1925/3/1 1926/3/1 1907/3/1
f 1907/3/1 1926/3/1 1908/3/1
f 1927/3/1 1928/3/1 1909/3/1
f 1909/3/1 1928/3/1 1910/3/1
f 1929/3/1 1930/3/1 1911/3/1
f 1911/3/1 1930/3/1 1912/3/1
f 1931/3/1 1932/3/1 1913/3/1
f 1913/3/1 1932/3/1 1914/3/1
f 1933/3/1 1934/3/1 1915/3/1
f 1915/3/1 1934/3/1 1916/3/1
f 1935/3/1 1936/3/1 1917/3/1
f 1917/3/1 1936/3/1 1918/3/1
f 1937/3/1 1938/3/1 1919/3/1
f 1919/3/1 1938/3/1 1920/3/1
f 1939/6/1 1940/6/1 1921/6/1
f 1921/6/1 1940/6/1 1922/6/1
f 1941/6/1 1942/6/1 1453/6/1
f 1453/6/1 1942/6/1 1905/6/1
f 1943/6/1 1944/6/1 1906/6/1
f 1906/6/1 1944/6/1 1907/6/1
f 1945/6/1 1946/6/1 1908/6/1
f 1908/6/1 1946/6/1 1909/6/1
f 1947/6/1 1948/6/1 1910/6/1
f 1910/6/1 1948/6/1 1911/6/1
f 1949/6/1 1950/6/1 1912/6/1
f 1912/6/1 1950/6/1 1913/6/1
f 1951/6/1 1952/6/1 1914/6/1
f 1914/6/1 1952/6/1 1915/6/1
f 1953/6/1 1954/6/1 1916/6/1
f 1916/6/1 1954/6/1 1917/6/1
f 1955/6/1 1956/6/1 1918/6/1
f 1918/6/1 1956/6/1 1919/6/1
f 1957/6/1 1958/6/1 1782/6/1
f 1782/6/1 1958/6/1 1776/6/1
f 1958/2/1 1959/2/1 1939/2/1
f 1939/2/1 1959/2/1 1940/2/1
f 1673/2/1 1960/2/1 1941/2/1
f 1941/2/1 1960/2/1 1942/2/1
f 1960/6/1 1961/6/1 1923/6/1
f 1923/6/1 1961/6/1 1924/6/1
f 1961/2/1 1962/2/1 1943/2/1
f 1943/2/1 1962/2/1 1944/2/1
f 1962/6/1 1963/6/1 1925/6/1
f 1925/6/1 1963/6/1 1926/6/1
f 1963/2/1 1964/2/1 1945/2/1
f 1945/2/1 1964/2/1 1946/2/1
f 1964/6/1 1965/6/1 1927/6/1
f 1927/6/1 1965/6/1 1928/6/1
f 1965/2/1 1966/2/1 1947/2/1
f 1947/2/1 1966/2/1 1948/2/1
f 1966/6/1 1967/6/1 1929/6/1
f 1929/6/1 1967/6/1 1930/6/1
f 1967/2/1 1968/2/1 1949/2/1
f 1949/2/1 1968/2/1 1950/2/1
f 1968/6/1 1969/6/1 1931/6/1
f 1931/6/1 1969/6/1 1932/6/1
f 1969/2/1 1970/2/1 1951/2/1
f 1951/2/1 1970/2/1 1952/2/1
f 1970/6/1 1971/6/1 1933/6/1
f 1933/6/1 1971/6/1 1934/6/1
f 1971/2/1 1972/2/1 1953/2/1
f 1953/2/1 1972/2/1 1954/2/1
f 1972/6/1 1973/6/1 1935/6/1
f 1935/6/1 1973/6/1 1936/6/1
f 1973/2/1 1974/2/1 1955/2/1
f 1955/2/1 1974/2/1 1956/2/1
f 1974/6/1 1975/6/1 1937/6/1
f 1937/6/1 1975/6/1 1938/6/1
f 1975/2/1 1976/2/1 1957/2/1
f 1957/2/1 1976/2/1 1958/2/1
f 1976/6/1 1977/6/1 1958/6/1
f 1958/6/1 1977/6/1 1959/6/1
f 1675/1/2 629/1/2 1978/1/2
f 1978/1/2 629/1/2 1181/1/2
f 1183/1/5 1979/1/5 1181/1/5
f 1181/1/5 1979/1/5 1978/1/5
f 1185/4/5 1980/4/5 1183/4/5
f 1183/4/5 1980/4/5 1979/4/5
f 1187/1/5 1981/1/5 1185/1/5
f 1185/1/5 1981/1/5 1980/1/5
f 1189/4/5 1982/4/5 1187/4/5
f 1187/4/5 1982/4/5 1981/4/5
f 1191/1/5 1983/1/5 1189/1/5
f 1189/1/5 1983/1/5 1982/1/5
f 1193/3/5 1984/3/5 1191/3/5
f 1191/3/5 1984/3/5 1983/3/5
f 1195/1/5 1985/1/5 1193/1/5
f 1193/1/5 1985/1/5 1984/1/5
f 1197/3/5 1986/3/5 1195/3/5
f 1195/3/5 1986/3/5 1985/3/5
f 1199/1/5 1987/1/5 1197/1/5
f 1197/1/5 1987/1/5 1986/1/5
f 1201/5/5 1988/5/5 1199/5/5
f 1199/5/5 1988/5/5 1987/5/5
f 1179/2/5 1777/2/5 1201/2/5
f 1201/2/5 1777/2/5 1989/2/5
f 1777/6/5 1784/6/5 1989/6/5
f 1989/6/5 1784/6/5 1990/6/5
f 1784/2/5 1790/2/5 1990/2/5
f 1990/2/5 1790/2/5 1991/2/5
f 1790/6/5 1796/6/5 1991/6/5
f 1991/6/5 1796/6/5 1992/6/5
f 1796/2/5 1803/2/5 1992/2/5
f 1992/2/5 1803/2/5 1993/2/5
f 1803/6/5 1810/6/5 1993/6/5
f 1993/6/5 1810/6/5 1994/6/5
f 1810/2/5 1817/2/5 1994/2/5
f 1994/2/5 1817/2/5 1995/2/5
f 1817/6/5 1825/6/5 1995/6/5
f 1995/6/5 1825/6/5 1996/6/5
f 1825/2/5 1834/2/5 1996/2/5
f 1996/2/5 1834/2/5 1997/2/5
f 1834/6/5 1844/6/5 1997/6/5
f 1997/6/5 1844/6/5 1998/6/5
f 1844/2/5 1855/2/5 1998/2/5
f 1998/2/5 1855/2/5 1999/2/5
f 1855/6/5 1867/6/5 1999/6/5
f 1999/6/5 1867/6/5 2000/6/5
f 1867/2/5 1884/2/5 2000/2/5
f 2000/2/5 1884/2/5 2001/2/5
f 1884/6/5 1904/6/5 2001/6/5
f 2001/6/5 1904/6/5 2002/6/5
f 1904/2/5 1922/2/5 2002/2/5
f 2002/2/5 1922/2/5 2003/2/5
f 1922/6/5 1940/6/5 2003/6/5
f 2003/6/5 1940/6/5 2004/6/5
f 1940/2/5 1959/2/5 2004/2/5
f 2004/2/5 1959/2/5 2005/2/5
f 1959/6/5 1977/6/5 2005/6/5
f 2005/6/5 1977/6/5 1988/6/5
f 2006/2/6 1960/2/6 1773/2/6
f 1773/2/6 1960/2/6 1673/2/6
f 2007/6/6 1961/6/6 2006/6/6
f 2006/6/6 1961/6/6 1960/6/6
f 2008/2/6 1962/2/6 2007/2/6
f 2007/2/6 1962/2/6 1961/2/6
f 2009/6/6 1963/6/6 2008/6/6
f 2008/6/6 1963/6/6 1962/6/6
f 2010/2/6 1964/2/6 2009/2/6
f 2009/2/6 1964/2/6 1963/2/6
f 2011/6/6 1965/6/6 2010/6/6
f 2010/6/6 1965/6/6 1964/6/6
f 2012/2/6 1966/2/6 2011/2/6
f 2011/2/6 1966/2/6 1965/2/6
f 2013/6/6 1967/6/6 2012/6/6
f 2012/6/6 1967/6/6 1966/6/6
f 2014/2/6 1968/2/6 2013/2/6
f 2013/2/6 1968/2/6 1967/2/6
f 2015/6/6 1969/6/6 2014/6/6
f 2014/6/6 1969/6/6 1968/6/6
f 2016/2/6 1970/2/6 2015/2/6
f 2015/2/6 1970/2/6 1969/2/6
f 2017/6/6 1971/6/6 2016/6/6
f 2016/6/6 1971/6/6 1970/6/6
f 2018/2/6 1972/2/6 2017/2/6
f 2017/2/6 1972/2/6 1971/2/6
f 2019/6/6 1973/6/6 2018/6/6
f 2018/6/6 1973/6/6 1972/6/6
f 2020/2/6 1974/2/6 2019/2/6
f 2019/2/6 1974/2/6 1973/2/6
f 2021/6/6 1975/6/6 2020/6/6
f 2020/6/6 1975/6/6 1974/6/6
f 2022/2/6 1976/2/6 2021/2/6
f 2021/2/6 1976/2/6 1975/2/6
f 1978/1/6 1979/1/6 1675/1/6
f 1675/1/6 1979/1/6 1764/1/6
f 1979/4/6 1980/4/6 1764/4/6
f 1764/4/6 1980/4/6 1765/4/6
f 1980/1/6 1981/1/6 1765/1/6
f 1765/1/6 1981/1/6 1766/1/6
f 1981/4/6 1982/4/6 1766/4/6
f 1766/4/6 1982/4/6 1767/4/6
f 1982/1/6 1983/1/6 1767/1/6
f 1767/1/6 1983/1/6 1768/1/6
f 1983/3/6 1984/3/6 1768/3/6
f 1768/3/6 1984/3/6 1769/3/6
f 1984/1/6 1985/1/6 1769/1/6
f 1769/1/6 1985/1/6 1770/1/6
f 1985/3/6 1986/3/6 1770/3/6
f 1770/3/6 1986/3/6 1771/3/6
f 1986/1/6 1987/1/6 1771/1/6
f 1771/1/6 1987/1/6 1772/1/6
f 1987/5/6 1988/5/6 1772/5/6
f 1772/5/6 1988/5/6 1773/5/6
f 1988/6/6 1977/6/6 2022/6/6
f 2022/6/6 1977/6/6 1976/6/6
