# Vengi binary mesh normalized for Tanks of Freedom II

mtllib ../../materials/vox_grass.mtl
o road_transition_2_tile

v 4 4 3.9
v 3.9 4 3.9
v 3.9 4 4
v 4 4 4
v 3.8 4 3.9
v 3.8 4 4
v 3.7 4 3.9
v 3.6 4 3.9
v 3.6 4 4
v 3.7 4 4
v 3.5 4 3.9
v 3.4 4 3.9
v 3.4 4 4
v 3.5 4 4
v 3.3 4 3.9
v 3.2 4 3.9
v 3.2 4 4
v 3.3 4 4
v 3.1 4 3.9
v 3 4 3.9
v 3 4 4
v 3.1 4 4
v 2.9 4 3.9
v 2.8 4 3.9
v 2.8 4 4
v 2.9 4 4
v 2.7 4 3.9
v 2.6 4 3.9
v 2.6 4 4
v 2.7 4 4
v 2.5 4 3.9
v 2.4 4 3.9
v 2.4 4 4
v 2.5 4 4
v 2.3 4 3.9
v 2.2 4 3.9
v 2.2 4 4
v 2.3 4 4
v 2.1 4 3.9
v 2 4 3.9
v 2 4 4
v 2.1 4 4
v 1.9 4 3.9
v 1.8 4 3.9
v 1.8 4 4
v 1.9 4 4
v 1.7 4 3.9
v 1.6 4 3.9
v 1.6 4 4
v 1.7 4 4
v 1.5 4 3.9
v 1.4 4 3.9
v 1.4 4 4
v 1.5 4 4
v 1.3 4 3.9
v 1.2 4 3.9
v 1.2 4 4
v 1.3 4 4
v 1.1 4 3.9
v 1 4 3.9
v 1 4 4
v 1.1 4 4
v 0.9 4 3.9
v 0.8 4 3.9
v 0.8 4 4
v 0.9 4 4
v 0.7 4 3.9
v 0.6 4 3.9
v 0.6 4 4
v 0.7 4 4
v 0.5 4 3.9
v 0.4 4 3.9
v 0.4 4 4
v 0.5 4 4
v 0.3 4 3.9
v 0.2 4 3.9
v 0.2 4 4
v 0.3 4 4
v 0.1 4 3.9
v 0 4 3.9
v 0 4 4
v 0.1 4 4
v -0.1 4 3.9
v -0.2 4 3.9
v -0.2 4 4
v -0.1 4 4
v -0.3 4 3.9
v -0.4 4 3.9
v -0.4 4 4
v -0.3 4 4
v -0.5 4 3.9
v -0.6 4 3.9
v -0.6 4 4
v -0.5 4 4
v -0.7 4 3.9
v -0.8 4 3.9
v -0.8 4 4
v -0.7 4 4
v -0.9 4 3.9
v -1 4 3.9
v -1 4 4
v -0.9 4 4
v -1.1 4 3.9
v -1.2 4 3.9
v -1.2 4 4
v -1.1 4 4
v -1.3 4 3.9
v -1.4 4 3.9
v -1.4 4 4
v -1.3 4 4
v -1.5 4 3.9
v -1.6 4 3.9
v -1.6 4 4
v -1.5 4 4
v -1.7 4 3.9
v -1.8 4 3.9
v -1.8 4 4
v -1.7 4 4
v -1.9 4 3.9
v -2 4 3.9
v -2 4 4
v -1.9 4 4
v -2.1 4 3.9
v -2.2 4 3.9
v -2.2 4 4
v -2.1 4 4
v 4 4 3.8
v 3.9 4 3.8
v 3.8 4 3.8
v 3.7 4 3.8
v 3.6 4 3.8
v 3.5 4 3.8
v 3.4 4 3.8
v 3.3 4 3.8
v 3.2 4 3.8
v 3.1 4 3.8
v 3 4 3.8
v 2.9 4 3.8
v 2.8 4 3.8
v 2.7 4 3.8
v 2.6 4 3.8
v 2.5 4 3.8
v 2.4 4 3.8
v 2.3 4 3.8
v 2.2 4 3.8
v 2.1 4 3.8
v -2.1 4 3.8
v -2.2 4 3.8
v 4 4 3.7
v 3.9 4 3.7
v 3.8 4 3.7
v 3.7 4 3.7
v 3.6 4 3.7
v 3.5 4 3.7
v 3.4 4 3.7
v 3.3 4 3.7
v 3.2 4 3.7
v 3.1 4 3.7
v 3 4 3.7
v 2.9 4 3.7
v 2.8 4 3.7
v 2.7 4 3.7
v 2.6 4 3.7
v 2.5 4 3.7
v 2.4 4 3.7
v 2.3 4 3.7
v 2.2 4 3.7
v 2.1 4 3.7
v 2 4 3.7
v -2 4 3.7
v -2.1 4 3.7
v -2.2 4 3.7
v 4 4 3.6
v 3.9 4 3.6
v 3.8 4 3.6
v 3.7 4 3.6
v 3.6 4 3.6
v 3.5 4 3.6
v 3.4 4 3.6
v 3.3 4 3.6
v 3.2 4 3.6
v 3.1 4 3.6
v 3 4 3.6
v 2.9 4 3.6
v 2.8 4 3.6
v 2.7 4 3.6
v 2.6 4 3.6
v 2.5 4 3.6
v 2.4 4 3.6
v 2.3 4 3.6
v 2.2 4 3.6
v 2.1 4 3.6
v -2.1 4 3.6
v -2.2 4 3.6
v 4 4 3.5
v 3.9 4 3.5
v 3.8 4 3.5
v 3.7 4 3.5
v 3.6 4 3.5
v 3.5 4 3.5
v 3.4 4 3.5
v 3.3 4 3.5
v 3.2 4 3.5
v 3.1 4 3.5
v 3 4 3.5
v 2.9 4 3.5
v 2.8 4 3.5
v 2.7 4 3.5
v 2.6 4 3.5
v 2.5 4 3.5
v 2.4 4 3.5
v 4 4 3.4
v 3.9 4 3.4
v 3.8 4 3.4
v 3.7 4 3.4
v 3.6 4 3.4
v 3.5 4 3.4
v 3.4 4 3.4
v 3.3 4 3.4
v 3.2 4 3.4
v 3.1 4 3.4
v 3 4 3.4
v 2.9 4 3.4
v 2.8 4 3.4
v 2.7 4 3.4
v 4 4 3.3
v 3.9 4 3.3
v 3.8 4 3.3
v 3.7 4 3.3
v 3.6 4 3.3
v 3.5 4 3.3
v 3.4 4 3.3
v 3.3 4 3.3
v 3.2 4 3.3
v 3.1 4 3.3
v 3 4 3.3
v 4 4 3.2
v 3.9 4 3.2
v 3.8 4 3.2
v 3.7 4 3.2
v 3.6 4 3.2
v 3.5 4 3.2
v 3.4 4 3.2
v 3.3 4 3.2
v 3.2 4 3.2
v 3.1 4 3.2
v 4 4 3.1
v 3.9 4 3.1
v 3.8 4 3.1
v 3.7 4 3.1
v 3.6 4 3.1
v 3.5 4 3.1
v 3.4 4 3.1
v 3.3 4 3.1
v 3.2 4 3.1
v 4 4 3
v 3.9 4 3
v 3.8 4 3
v 3.7 4 3
v 3.6 4 3
v 3.5 4 3
v 3.4 4 3
v 3.3 4 3
v 0.1 4 3
v 0 4 3
v -0.1 4 3
v 4 4 2.9
v 3.9 4 2.9
v 3.8 4 2.9
v 3.7 4 2.9
v 3.6 4 2.9
v 3.5 4 2.9
v 3.4 4 2.9
v 4 4 2.8
v 3.9 4 2.8
v 3.8 4 2.8
v 3.7 4 2.8
v 3.6 4 2.8
v 3.5 4 2.8
v 3.4 4 2.8
v 4 4 2.7
v 3.9 4 2.7
v 3.8 4 2.7
v 3.7 4 2.7
v 3.6 4 2.7
v 3.5 4 2.7
v 3.4 4 2.7
v -1.3 4 2.7
v -1.4 4 2.7
v -1.5 4 2.7
v -1.6 4 2.7
v -1.8 4 2.7
v -1.9 4 2.7
v 4 4 2.6
v 3.9 4 2.6
v 3.8 4 2.6
v 3.7 4 2.6
v 3.6 4 2.6
v 3.5 4 2.6
v 1.9 4 2.6
v 1.8 4 2.6
v 1.7 4 2.6
v 1.6 4 2.6
v 1.5 4 2.6
v 1.3 4 2.6
v 1.2 4 2.6
v 1.1 4 2.6
v 1 4 2.6
v 0.9 4 2.6
v 0.8 4 2.6
v 0.7 4 2.6
v 0.6 4 2.6
v 0.5 4 2.6
v 0 4 2.6
v -0.1 4 2.6
v -0.2 4 2.6
v -0.3 4 2.6
v -0.4 4 2.6
v -0.5 4 2.6
v -0.6 4 2.6
v -0.7 4 2.6
v -0.8 4 2.6
v -1.1 4 2.6
v -1.2 4 2.6
v -1.3 4 2.6
v -1.6 4 2.6
v -1.7 4 2.6
v -1.8 4 2.6
v -1.9 4 2.6
v -2 4 2.6
v 4 4 2.5
v 3.9 4 2.5
v 3.8 4 2.5
v 3.7 4 2.5
v 3.6 4 2.5
v 3.5 4 2.5
v 2.1 4 2.5
v 2 4 2.5
v 1.9 4 2.5
v 1.5 4 2.5
v 1.4 4 2.5
v 1.3 4 2.5
v 0.5 4 2.5
v 0.4 4 2.5
v 0.1 4 2.5
v 0 4 2.5
v -1 4 2.5
v -1.1 4 2.5
v -1.2 4 2.5
v -1.3 4 2.5
v 4 4 2.4
v 3.9 4 2.4
v 3.8 4 2.4
v 3.7 4 2.4
v 3.6 4 2.4
v 3.5 4 2.4
v 0.2 4 2.4
v 0.1 4 2.4
v 0 4 2.4
v -0.9 4 2.4
v -1 4 2.4
v 4 4 2.3
v 3.9 4 2.3
v 3.8 4 2.3
v 3.7 4 2.3
v 3.6 4 2.3
v 1.3 4 2.3
v 0.8 4 2.3
v 0.5 4 2.3
v 0.4 4 2.3
v 0.3 4 2.3
v -0.8 4 2.3
v -0.9 4 2.3
v -1.9 4 2.3
v -2 4 2.3
v -2.1 4 2.3
v 4 4 2.2
v 3.9 4 2.2
v 3.8 4 2.2
v 3.7 4 2.2
v 3.6 4 2.2
v 2.2 4 2.2
v 2.1 4 2.2
v 0.3 4 2.2
v 0.2 4 2.2
v -1.2 4 2.2
v -1.3 4 2.2
v 4 4 2.1
v 3.9 4 2.1
v 3.8 4 2.1
v 3.7 4 2.1
v 3.6 4 2.1
v 3.3 4 2.1
v 3.2 4 2.1
v 3.1 4 2.1
v 3 4 2.1
v 2.9 4 2.1
v 2.8 4 2.1
v 2.6 4 2.1
v 2.5 4 2.1
v 2.4 4 2.1
v 2.3 4 2.1
v 2.2 4 2.1
v 1.3 4 2.1
v 1.2 4 2.1
v 1.2 4 2.3
v 4 4 2
v 3.9 4 2
v 3.8 4 2
v 3.7 4 2
v 3.6 4 2
v 3.5 4 2
v 3.4 4 2
v 3.3 4 2
v 2.8 4 2
v 2.7 4 2
v 2.6 4 2
v -0.1 4 2
v -0.2 4 2
v 4 4 1.9
v 3.3 4 1.9
v 4 4 1.8
v 3.9 4 1.8
v 3.9 4 1.9
v -0.7 4 1.8
v -0.8 4 1.8
v -1.9 4 1.8
v -2.1 4 1.8
v 4 4 1.7
v 3.9 4 1.7
v 1.3 4 1.7
v 1.2 4 1.7
v 0.2 4 1.7
v 0.1 4 1.7
v 4 4 1.6
v 3.9 4 1.6
v 0.8 4 1.6
v 0.7 4 1.6
v 0.7 4 2.3
v -0.1 4 1.6
v -0.2 4 1.6
v -0.7 4 1.6
v -0.8 4 1.6
v -1.2 4 1.6
v -1.3 4 1.6
v 4 4 1.5
v 3.9 4 1.5
v 1.3 4 1.5
v 1.2 4 1.5
v 4 4 1.4
v 3.9 4 1.4
v 1.5 4 1.4
v 1.3 4 1.4
v 0.8 4 1.4
v 0.7 4 1.4
v 4 4 1.3
v 3.9 4 1.3
v 3.7 4 1.3
v 3.3 4 1.3
v 3.7 4 1.9
v 2.8 4 1.3
v 2.6 4 1.3
v 2.2 4 1.3
v 2.1 4 1.3
v 1.7 4 1.3
v 1.5 4 1.3
v -1.2 4 1.3
v -1.3 4 1.3
v 4 4 1.2
v 3.9 4 1.2
v 3.7 4 1.2
v 3 4 1.2
v 2.8 4 1.2
v 3 4 1.3
v 2.6 4 1.2
v 2.1 4 1.2
v 1.9 4 1.2
v 1.7 4 1.2
v -1.9 4 1.2
v -2.1 4 1.2
v 4 4 1.1
v 3.7 4 1.1
v 0.8 4 1.1
v 0.7 4 1.1
v 0.2 4 1.1
v 0.1 4 1.1
v 4 4 1
v 3.9 4 1
v 3.9 4 1.1
v 1 4 1
v 0.8 4 1
v 1 4 2.3
v -0.7 4 1
v -0.8 4 1
v -2 4 1
v -2.1 4 1
v -2 4 1.2
v 4 4 0.9
v 3.9 4 0.9
v 1.2 4 0.9
v 1 4 0.9
v 4 4 0.8
v 3.9 4 0.8
v 3.5 4 0.8
v 3 4 0.8
v 3.5 4 1.3
v 2.8 4 0.8
v 2.6 4 0.8
v 2.1 4 0.8
v 1.9 4 0.8
v 1.7 4 0.8
v 1.5 4 0.8
v 1.3 4 0.8
v 1.2 4 0.8
v -0.1 4 0.8
v -0.2 4 0.8
v -0.7 4 0.8
v -0.8 4 0.8
v 4 4 0.7
v 3.9 4 0.7
v 3.7 4 0.7
v 3.5 4 0.7
v 3.3 4 0.7
v 3 4 0.7
v 3.3 4 0.8
v 2.8 4 0.7
v 2.4 4 0.7
v 2.1 4 0.7
v 2.4 4 0.8
v 1.9 4 0.7
v 1.6 4 0.7
v 1.5 4 0.7
v 1.6 4 0.8
v 1.3 4 0.7
v 0.2 4 0.7
v 0.1 4 0.7
v 0 4 0.7
v -0.1 4 0.7
v -1.2 4 0.7
v -1.3 4 0.7
v 4 4 0.6
v 3.9 4 0.6
v 4 4 0.5
v 3.9 4 0.5
v -0.7 4 0.5
v -0.8 4 0.5
v 4 4 0.4
v 3.9 4 0.4
v 0.3 4 0.4
v 0.2 4 0.4
v 0.1 4 0.4
v 0 4 0.4
v -0.7 4 0.4
v -0.8 4 0.4
v -1.2 4 0.4
v -1.3 4 0.4
v 4 4 0.3
v 3.9 4 0.3
v -2 4 0.3
v -2.1 4 0.3
v 4 4 0.2
v 3.9 4 0.2
v 3.2 4 0.2
v 2.8 4 0.2
v 3.2 4 0.7
v 2.4 4 0.2
v 1 4 0.2
v 0.8 4 0.2
v 0.7 4 0.2
v 0.6 4 0.2
v 0.5 4 0.2
v 0.6 4 2.3
v 0.4 4 0.2
v 0.3 4 0.2
v -0.7 4 0.2
v -0.8 4 0.2
v -1.9 4 0.2
v -2 4 0.2
v 4 4 0.1
v 3.9 4 0.1
v 3.5 4 0.1
v 3.3 4 0.1
v 3.2 4 0.1
v 2.5 4 0.1
v 2.4 4 0.1
v 2.5 4 0.2
v 1.9 4 0.1
v 1.6 4 0.1
v 1.3 4 0.1
v 1.2 4 0.1
v 1 4 0.1
v 0.7 4 0.1
v 0.6 4 0.1
v 0.3 4 0.1
v 0.2 4 0.1
v 0.1 4 0.1
v 4 4 0
v 3.9 4 0
v 0.6 4 0
v 0.3 4 0
v -0.7 4 0
v -0.8 4 0
v -1.2 4 0
v -1.3 4 0
v 4 4 -0.1
v 3.9 4 -0.1
v 3.2 4 -0.1
v 2.5 4 -0.1
v 1.8 4 -0.1
v 1 4 -0.1
v 1.8 4 0.1
v 0.7 4 -0.1
v 0.6 4 -0.1
v -1.9 4 -0.1
v -2 4 -0.1
v 4 4 -0.2
v 3.9 4 -0.2
v 3.6 4 -0.2
v 3.3 4 -0.2
v 3.3 4 -0.1
v 3.6 4 -0.1
v 2.5 4 -0.2
v 1.8 4 -0.2
v -1.1 4 -0.2
v -1.2 4 -0.2
v -2 4 -0.2
v -2.1 4 -0.2
v 4 4 -0.3
v 3.9 4 -0.3
v -0.6 4 -0.3
v -0.7 4 -0.3
v 4 4 -0.4
v 3.9 4 -0.4
v -0.5 4 -0.4
v -0.6 4 -0.4
v -1 4 -0.4
v -1.1 4 -0.4
v 4 4 -0.5
v 3.9 4 -0.5
v -0.3 4 -0.5
v -0.5 4 -0.5
v 4 4 -0.6
v 3.9 4 -0.6
v -0.1 4 -0.6
v -0.2 4 -0.6
v -0.3 4 -0.6
v -0.9 4 -0.6
v -1 4 -0.6
v -2 4 -0.6
v -2.1 4 -0.6
v 4 4 -0.7
v 3.9 4 -0.7
v 3.6 4 -0.7
v 3.3 4 -0.7
v 2.5 4 -0.7
v 1.8 4 -0.7
v 1.7 4 -0.7
v 0.6 4 -0.7
v 1.7 4 -0.1
v 0.3 4 -0.7
v 0.1 4 -0.7
v 0 4 -0.7
v -0.1 4 -0.7
v 4 4 -0.8
v 3.9 4 -0.8
v 3.6 4 -0.8
v 3.3 4 -0.8
v 2.8 4 -0.8
v 2.7 4 -0.8
v 2.7 4 -0.7
v 2.8 4 -0.7
v 2.1 4 -0.8
v 1.8 4 -0.8
v 2.1 4 -0.7
v 1.7 4 -0.8
v 1.1 4 -0.8
v 0.8 4 -0.8
v 0.8 4 -0.7
v 1.1 4 -0.7
v 0.4 4 -0.8
v 0.3 4 -0.8
v 0.4 4 -0.7
v 0.1 4 -0.8
v -0.8 4 -0.8
v -0.9 4 -0.8
v 4 4 -0.9
v 3.9 4 -0.9
v -0.6 4 -0.9
v -0.7 4 -0.9
v -0.8 4 -0.9
v -1.9 4 -0.9
v -2 4 -0.9
v 4 4 -1
v 3.9 4 -1
v -0.4 4 -1
v -0.5 4 -1
v -0.4 4 -0.5
v -0.6 4 -1
v 4 4 -1.1
v 3.9 4 -1.1
v -0.2 4 -1.1
v -0.3 4 -1.1
v -0.4 4 -1.1
v -1.8 4 -1.1
v -1.9 4 -1.1
v 4 4 -1.2
v 3.9 4 -1.2
v 3.6 4 -1.2
v 3.2 4 -1.2
v 2.8 4 -1.2
v 3.2 4 -0.7
v 2.2 4 -1.2
v 2.1 4 -1.2
v 2.2 4 -0.7
v 1.7 4 -1.2
v 1.2 4 -1.2
v 1.1 4 -1.2
v 1.2 4 -0.7
v 0.8 4 -1.2
v 0.3 4 -1.2
v 0.1 4 -1.2
v 0 4 -1.2
v -0.1 4 -1.2
v -0.2 4 -1.2
v 4 4 -1.3
v 3.8 4 -1.3
v 3.8 4 -1.2
v 3.6 4 -1.3
v 3.3 4 -1.3
v 3.2 4 -1.3
v 2.8 4 -1.3
v 2.7 4 -1.3
v 2.2 4 -1.3
v 1.9 4 -1.3
v 1.7 4 -1.3
v 1.9 4 -1.2
v 1.2 4 -1.3
v 1 4 -1.3
v 0.8 4 -1.3
v 1 4 -1.2
v 0.4 4 -1.3
v 0.3 4 -1.3
v 0.1 4 -1.3
v 0 4 -1.3
v -1.7 4 -1.3
v -1.8 4 -1.3
v 4 4 -1.4
v 3.9 4 -1.4
v 3.9 4 -1.3
v 4 4 -1.5
v 3.9 4 -1.5
v -1.6 4 -1.5
v -1.7 4 -1.5
v 4 4 -1.6
v 3.9 4 -1.6
v -1.5 4 -1.6
v -1.6 4 -1.6
v 4 4 -1.7
v 3.9 4 -1.7
v -1.3 4 -1.7
v -1.5 4 -1.7
v 4 4 -1.8
v 3.9 4 -1.8
v -1.1 4 -1.8
v -1.2 4 -1.8
v -1.3 4 -1.8
v 4 4 -1.9
v 3.9 4 -1.9
v 3.8 4 -1.9
v 3.2 4 -1.9
v 2.2 4 -1.9
v 1.9 4 -1.9
v 1.2 4 -1.9
v 0.6 4 -1.9
v 0.3 4 -1.9
v 0.6 4 -1.3
v -0.5 4 -1.9
v -0.6 4 -1.9
v -0.8 4 -1.9
v -0.9 4 -1.9
v -1 4 -1.9
v -1.1 4 -1.9
v 4 4 -2
v 3.9 4 -2
v 3.8 4 -2
v 3.4 4 -2
v 3.4 4 -1.9
v 3.2 4 -2
v 2.3 4 -2
v 2.2 4 -2
v 2.3 4 -1.3
v 1.7 4 -2
v 1.2 4 -2
v 1.7 4 -1.9
v 0.7 4 -2
v 0.6 4 -2
v 0.7 4 -1.3
v 0.4 4 -2
v 0.3 4 -2
v 0.4 4 -1.9
v -0.4 4 -2
v -0.5 4 -2
v -0.7 4 -2
v -0.8 4 -2
v -0.7 4 -1.9
v 4 4 -2.1
v 3.7 4 -2.1
v 3.7 4 -2
v 3.2 4 -2.1
v 2.8 4 -2.1
v 2.3 4 -2.1
v 1.5 4 -2.1
v 1.2 4 -2.1
v 1.5 4 -2
v 1 4 -2.1
v 0.7 4 -2.1
v 0.3 4 -2.1
v 0.1 4 -2.1
v 0 4 -2.1
v -0.2 4 -2.1
v -0.4 4 -2.1
v 4 4 -2.2
v 3.9 4 -2.2
v 3.9 4 -2.1
v 3.8 4 -2.2
v 3.8 4 -2.1
v 3.7 4 -2.2
v 3.6 4 -2.2
v 3.6 4 -2.1
v 2.3 4 -2.2
v 2.2 4 -2.2
v 1.7 4 -2.2
v 1.5 4 -2.2
v 0.7 4 -2.2
v 0.6 4 -2.2
v 0.4 4 -2.2
v 0.3 4 -2.2
v -0.4 4 -2.2
v -0.5 4 -2.2
v -0.7 4 -2.2
v -0.8 4 -2.2
v -1.1 4 -2.2
v -1.3 4 -2.2
v -1.5 4 -2.2
v -1.6 4 -2.2
v -1.7 4 -2.2
v -1.8 4 -2.2
v -1.9 4 -2.2
v -2 4 -2.2
v -2.1 4 -2.2
v -2.2 4 -2.2
v 4 0 -2.2
v 4 0 4
v -2.2 0 4
v -2.2 0 -2.2
v 4 3 4
v 4 3 -2.2
v 4 3.1 4
v 4 3.1 -2.2
v 4 3.2 4
v 4 3.2 -2.2
v 4 3.3 4
v 4 3.3 -2.2
v 4 3.4 4
v 4 3.4 -2.2
v 4 3.5 4
v 4 3.5 -2.2
v 4 3.6 4
v 4 3.6 -2.2
v 4 3.7 4
v 4 3.7 -2.2
v 4 3.8 4
v 4 3.8 -2.2
v 4 3.9 4
v 4 3.9 -2.2
v 4 3.9 3.9
v 4 3.9 3.8
v 4 3.9 3.7
v 4 3.9 3.6
v 4 3.9 3.5
v 4 3.9 3.4
v 4 3.9 3.3
v 4 3.9 3.2
v 4 3.9 3.1
v 4 3.9 3
v 4 3.9 2.9
v 4 3.9 2.8
v 4 3.9 2.7
v 4 3.9 2.6
v 4 3.9 2.5
v 4 3.9 2.4
v 4 3.9 2.3
v 4 3.9 2.2
v 4 3.9 2.1
v 4 3.9 2
v 4 3.9 1.9
v 4 3.9 1.8
v 4 3.9 1.7
v 4 3.9 1.6
v 4 3.9 1.5
v 4 3.9 1.4
v 4 3.9 1.3
v 4 3.9 1.2
v 4 3.9 1.1
v 4 3.9 1
v 4 3.9 0.9
v 4 3.9 0.8
v 4 3.9 0.7
v 4 3.9 0.6
v 4 3.9 0.5
v 4 3.9 0.4
v 4 3.9 0.3
v 4 3.9 0.2
v 4 3.9 0.1
v 4 3.9 0
v 4 3.9 -0.1
v 4 3.9 -0.2
v 4 3.9 -0.3
v 4 3.9 -0.4
v 4 3.9 -0.5
v 4 3.9 -0.6
v 4 3.9 -0.7
v 4 3.9 -0.8
v 4 3.9 -0.9
v 4 3.9 -1
v 4 3.9 -1.1
v 4 3.9 -1.2
v 4 3.9 -1.3
v 4 3.9 -1.4
v 4 3.9 -1.5
v 4 3.9 -1.6
v 4 3.9 -1.7
v 4 3.9 -1.8
v 4 3.9 -1.9
v 4 3.9 -2
v 4 3.9 -2.1
v 3.9 3.9 4
v 3.8 3.9 4
v 3.7 3.9 4
v 3.6 3.9 4
v 3.5 3.9 4
v 3.4 3.9 4
v 3.3 3.9 4
v 3.2 3.9 4
v 3.1 3.9 4
v 3 3.9 4
v 2.9 3.9 4
v 2.8 3.9 4
v 2.7 3.9 4
v 2.6 3.9 4
v 2.5 3.9 4
v 2.4 3.9 4
v 2.3 3.9 4
v 2.2 3.9 4
v 2.1 3.9 4
v 2 3.9 4
v 1.9 3.9 4
v 1.8 3.9 4
v 1.7 3.9 4
v 1.6 3.9 4
v 1.5 3.9 4
v 1.4 3.9 4
v 1.3 3.9 4
v 1.2 3.9 4
v 1.1 3.9 4
v 1 3.9 4
v 0.9 3.9 4
v 0.8 3.9 4
v 0.7 3.9 4
v 0.6 3.9 4
v 0.5 3.9 4
v 0.4 3.9 4
v 0.3 3.9 4
v 0.2 3.9 4
v 0.1 3.9 4
v 0 3.9 4
v -0.1 3.9 4
v -0.2 3.9 4
v -0.3 3.9 4
v -0.4 3.9 4
v -0.5 3.9 4
v -0.6 3.9 4
v -0.7 3.9 4
v -0.8 3.9 4
v -0.9 3.9 4
v -1 3.9 4
v -1.1 3.9 4
v -1.2 3.9 4
v -1.3 3.9 4
v -1.4 3.9 4
v -1.5 3.9 4
v -1.6 3.9 4
v -1.7 3.9 4
v -1.8 3.9 4
v -1.9 3.9 4
v -2 3.9 4
v -2.1 3.9 4
v -2.2 3 4
v -2.2 3.1 4
v -2.2 3.2 4
v -2.2 3.3 4
v -2.2 3.4 4
v -2.2 3.5 4
v -2.2 3.6 4
v -2.2 3.7 4
v -2.2 3.8 4
v -2.2 3.9 4
v -2.3 4 3.9
v -2.4 4 3.9
v -2.4 4 4
v -2.3 4 4
v -2.5 4 3.9
v -2.6 4 3.9
v -2.6 4 4
v -2.5 4 4
v -2.7 4 3.9
v -2.8 4 3.9
v -2.8 4 4
v -2.7 4 4
v -2.9 4 3.9
v -3 4 3.9
v -3 4 4
v -2.9 4 4
v -3.1 4 3.9
v -3.2 4 3.9
v -3.2 4 4
v -3.1 4 4
v -3.3 4 3.9
v -3.4 4 3.9
v -3.4 4 4
v -3.3 4 4
v -3.5 4 3.9
v -3.6 4 3.9
v -3.6 4 4
v -3.5 4 4
v -3.7 4 3.9
v -3.8 4 3.9
v -3.8 4 4
v -3.7 4 4
v -3.9 4 3.9
v -4 4 3.9
v -4 4 4
v -3.9 4 4
v -2.3 4 3.8
v -2.4 4 3.8
v -2.5 4 3.8
v -2.6 4 3.8
v -2.7 4 3.8
v -2.8 4 3.8
v -2.9 4 3.8
v -3 4 3.8
v -3.1 4 3.8
v -3.2 4 3.8
v -3.3 4 3.8
v -3.4 4 3.8
v -3.5 4 3.8
v -3.6 4 3.8
v -3.7 4 3.8
v -3.8 4 3.8
v -3.9 4 3.8
v -4 4 3.8
v -2.3 4 3.7
v -2.4 4 3.7
v -2.5 4 3.7
v -2.6 4 3.7
v -2.7 4 3.7
v -2.8 4 3.7
v -2.9 4 3.7
v -3 4 3.7
v -3.1 4 3.7
v -3.2 4 3.7
v -3.3 4 3.7
v -3.4 4 3.7
v -3.5 4 3.7
v -3.6 4 3.7
v -3.7 4 3.7
v -3.8 4 3.7
v -3.9 4 3.7
v -4 4 3.7
v -2.3 4 3.6
v -2.4 4 3.6
v -2.5 4 3.6
v -2.6 4 3.6
v -2.7 4 3.6
v -2.8 4 3.6
v -2.9 4 3.6
v -3 4 3.6
v -3.1 4 3.6
v -3.2 4 3.6
v -3.3 4 3.6
v -3.4 4 3.6
v -3.5 4 3.6
v -3.6 4 3.6
v -3.7 4 3.6
v -3.8 4 3.6
v -3.9 4 3.6
v -4 4 3.6
v -2.4 4 3.5
v -2.5 4 3.5
v -2.6 4 3.5
v -2.7 4 3.5
v -2.8 4 3.5
v -2.9 4 3.5
v -3 4 3.5
v -3.1 4 3.5
v -3.2 4 3.5
v -3.3 4 3.5
v -3.4 4 3.5
v -3.5 4 3.5
v -3.6 4 3.5
v -3.7 4 3.5
v -3.8 4 3.5
v -3.9 4 3.5
v -4 4 3.5
v -2.7 4 3.4
v -2.8 4 3.4
v -2.9 4 3.4
v -3 4 3.4
v -3.1 4 3.4
v -3.2 4 3.4
v -3.3 4 3.4
v -3.4 4 3.4
v -3.5 4 3.4
v -3.6 4 3.4
v -3.7 4 3.4
v -3.8 4 3.4
v -3.9 4 3.4
v -4 4 3.4
v -3 4 3.3
v -3.1 4 3.3
v -3.2 4 3.3
v -3.3 4 3.3
v -3.4 4 3.3
v -3.5 4 3.3
v -3.6 4 3.3
v -3.7 4 3.3
v -3.8 4 3.3
v -3.9 4 3.3
v -4 4 3.3
v -3.1 4 3.2
v -3.2 4 3.2
v -3.3 4 3.2
v -3.4 4 3.2
v -3.5 4 3.2
v -3.6 4 3.2
v -3.7 4 3.2
v -3.8 4 3.2
v -3.9 4 3.2
v -4 4 3.2
v -3.2 4 3.1
v -3.3 4 3.1
v -3.4 4 3.1
v -3.5 4 3.1
v -3.6 4 3.1
v -3.7 4 3.1
v -3.8 4 3.1
v -3.9 4 3.1
v -4 4 3.1
v -3.3 4 3
v -3.4 4 3
v -3.5 4 3
v -3.6 4 3
v -3.7 4 3
v -3.8 4 3
v -3.9 4 3
v -4 4 3
v -3.4 4 2.9
v -3.5 4 2.9
v -3.6 4 2.9
v -3.7 4 2.9
v -3.8 4 2.9
v -3.9 4 2.9
v -4 4 2.9
v -3.4 4 2.8
v -3.5 4 2.8
v -3.6 4 2.8
v -3.7 4 2.8
v -3.8 4 2.8
v -3.9 4 2.8
v -4 4 2.8
v -3.4 4 2.7
v -3.5 4 2.7
v -3.6 4 2.7
v -3.7 4 2.7
v -3.8 4 2.7
v -3.9 4 2.7
v -4 4 2.7
v -3.5 4 2.6
v -3.6 4 2.6
v -3.7 4 2.6
v -3.8 4 2.6
v -3.9 4 2.6
v -4 4 2.6
v -3.5 4 2.5
v -3.6 4 2.5
v -3.7 4 2.5
v -3.8 4 2.5
v -3.9 4 2.5
v -4 4 2.5
v -3.5 4 2.4
v -3.6 4 2.4
v -3.7 4 2.4
v -3.8 4 2.4
v -3.9 4 2.4
v -4 4 2.4
v -3.6 4 2.3
v -3.7 4 2.3
v -3.8 4 2.3
v -3.9 4 2.3
v -4 4 2.3
v -3.6 4 2.2
v -3.7 4 2.2
v -3.8 4 2.2
v -3.9 4 2.2
v -4 4 2.2
v -3.6 4 2.1
v -3.7 4 2.1
v -3.8 4 2.1
v -3.9 4 2.1
v -4 4 2.1
v -3.6 4 2
v -3.7 4 2
v -3.8 4 2
v -3.9 4 2
v -4 4 2
v -3.6 4 1.9
v -3.7 4 1.9
v -3.8 4 1.9
v -3.9 4 1.9
v -4 4 1.9
v -3.7 4 1.8
v -3.8 4 1.8
v -3.9 4 1.8
v -4 4 1.8
v -3.7 4 1.7
v -3.8 4 1.7
v -3.9 4 1.7
v -4 4 1.7
v -3.7 4 1.6
v -3.8 4 1.6
v -3.9 4 1.6
v -4 4 1.6
v -3.7 4 1.5
v -3.8 4 1.5
v -3.9 4 1.5
v -4 4 1.5
v -3.7 4 1.4
v -3.8 4 1.4
v -3.9 4 1.4
v -4 4 1.4
v -3.7 4 1.3
v -3.8 4 1.3
v -3.9 4 1.3
v -4 4 1.3
v -3.7 4 1.2
v -3.8 4 1.2
v -3.9 4 1.2
v -4 4 1.2
v -3.7 4 1.1
v -3.8 4 1.1
v -3.9 4 1.1
v -4 4 1.1
v -3.7 4 1
v -3.8 4 1
v -3.9 4 1
v -4 4 1
v -3.7 4 0.9
v -3.8 4 0.9
v -3.9 4 0.9
v -4 4 0.9
v -3.7 4 0.8
v -3.8 4 0.8
v -3.9 4 0.8
v -4 4 0.8
v -3.7 4 0.7
v -3.8 4 0.7
v -3.9 4 0.7
v -4 4 0.7
v -3.7 4 0.6
v -3.8 4 0.6
v -3.9 4 0.6
v -4 4 0.6
v -3.7 4 0.5
v -3.8 4 0.5
v -3.9 4 0.5
v -4 4 0.5
v -3.7 4 0.4
v -3.8 4 0.4
v -3.9 4 0.4
v -4 4 0.4
v -3.9 4 0.3
v -4 4 0.3
v -3.7 4 0.2
v -3.8 4 0.2
v -3.9 4 0.2
v -4 4 0.2
v -3.7 4 0.1
v -3.8 4 0.1
v -3.9 4 0.1
v -4 4 0.1
v -3.9 4 0
v -4 4 0
v -3.7 4 -0.1
v -3.8 4 -0.1
v -3.9 4 -0.1
v -4 4 -0.1
v -3.7 4 -0.2
v -3.8 4 -0.2
v -3.9 4 -0.2
v -4 4 -0.2
v -3.9 4 -0.3
v -4 4 -0.3
v -3.7 4 -0.4
v -3.8 4 -0.4
v -3.9 4 -0.4
v -4 4 -0.4
v -3.7 4 -0.5
v -3.8 4 -0.5
v -3.9 4 -0.5
v -4 4 -0.5
v -3.7 4 -0.6
v -3.8 4 -0.6
v -3.9 4 -0.6
v -4 4 -0.6
v -3.7 4 -0.7
v -3.8 4 -0.7
v -3.9 4 -0.7
v -4 4 -0.7
v -3.7 4 -0.8
v -3.8 4 -0.8
v -3.9 4 -0.8
v -4 4 -0.8
v -3.7 4 -0.9
v -3.8 4 -0.9
v -3.9 4 -0.9
v -4 4 -0.9
v -3.7 4 -1
v -3.8 4 -1
v -3.9 4 -1
v -4 4 -1
v -3.7 4 -1.1
v -3.8 4 -1.1
v -3.9 4 -1.1
v -4 4 -1.1
v -3.7 4 -1.2
v -3.8 4 -1.2
v -3.9 4 -1.2
v -4 4 -1.2
v -3.7 4 -1.3
v -3.8 4 -1.3
v -3.9 4 -1.3
v -4 4 -1.3
v -3.7 4 -1.4
v -3.8 4 -1.4
v -3.9 4 -1.4
v -4 4 -1.4
v -3.7 4 -1.5
v -3.8 4 -1.5
v -3.9 4 -1.5
v -4 4 -1.5
v -3.7 4 -1.6
v -3.8 4 -1.6
v -3.9 4 -1.6
v -4 4 -1.6
v -3.7 4 -1.7
v -3.8 4 -1.7
v -3.9 4 -1.7
v -4 4 -1.7
v -3.7 4 -1.8
v -3.8 4 -1.8
v -3.9 4 -1.8
v -4 4 -1.8
v -3.6 4 -1.9
v -3.7 4 -1.9
v -3.8 4 -1.9
v -3.9 4 -1.9
v -4 4 -1.9
v -3.6 4 -2
v -3.7 4 -2
v -3.8 4 -2
v -3.9 4 -2
v -4 4 -2
v -3.6 4 -2.1
v -3.7 4 -2.1
v -3.8 4 -2.1
v -3.9 4 -2.1
v -4 4 -2.1
v -2.3 4 -2.2
v -2.4 4 -2.2
v -2.5 4 -2.2
v -2.6 4 -2.2
v -2.7 4 -2.2
v -2.8 4 -2.2
v -2.9 4 -2.2
v -3 4 -2.2
v -3.1 4 -2.2
v -3.2 4 -2.2
v -3.3 4 -2.2
v -3.4 4 -2.2
v -3.5 4 -2.2
v -3.6 4 -2.2
v -3.7 4 -2.2
v -3.8 4 -2.2
v -3.9 4 -2.2
v -4 4 -2.2
v -4 0 4
v -4 0 -2.2
v -4 3 4
v -4 3 -2.2
v -4 3.1 4
v -4 3.1 -2.2
v -4 3.2 4
v -4 3.2 -2.2
v -4 3.3 4
v -4 3.3 -2.2
v -4 3.4 4
v -4 3.4 -2.2
v -4 3.5 4
v -4 3.5 -2.2
v -4 3.6 4
v -4 3.6 -2.2
v -4 3.7 4
v -4 3.7 -2.2
v -4 3.8 4
v -4 3.8 -2.2
v -4 3.9 4
v -4 3.9 -2.2
v -4 3.9 3.9
v -4 3.9 3.8
v -4 3.9 3.7
v -4 3.9 3.6
v -4 3.9 3.5
v -4 3.9 3.4
v -4 3.9 3.3
v -4 3.9 3.2
v -4 3.9 3.1
v -4 3.9 3
v -4 3.9 2.9
v -4 3.9 2.8
v -4 3.9 2.7
v -4 3.9 2.6
v -4 3.9 2.5
v -4 3.9 2.4
v -4 3.9 2.3
v -4 3.9 2.2
v -4 3.9 2.1
v -4 3.9 2
v -4 3.9 1.9
v -4 3.9 1.8
v -4 3.9 1.7
v -4 3.9 1.6
v -4 3.9 1.5
v -4 3.9 1.4
v -4 3.9 1.3
v -4 3.9 1.2
v -4 3.9 1.1
v -4 3.9 1
v -4 3.9 0.9
v -4 3.9 0.8
v -4 3.9 0.7
v -4 3.9 0.6
v -4 3.9 0.5
v -4 3.9 0.4
v -4 3.9 0.3
v -4 3.9 0.2
v -4 3.9 0.1
v -4 3.9 0
v -4 3.9 -0.1
v -4 3.9 -0.2
v -4 3.9 -0.3
v -4 3.9 -0.4
v -4 3.9 -0.5
v -4 3.9 -0.6
v -4 3.9 -0.7
v -4 3.9 -0.8
v -4 3.9 -0.9
v -4 3.9 -1
v -4 3.9 -1.1
v -4 3.9 -1.2
v -4 3.9 -1.3
v -4 3.9 -1.4
v -4 3.9 -1.5
v -4 3.9 -1.6
v -4 3.9 -1.7
v -4 3.9 -1.8
v -4 3.9 -1.9
v -4 3.9 -2
v -4 3.9 -2.1
v -2.3 3.9 4
v -2.4 3.9 4
v -2.5 3.9 4
v -2.6 3.9 4
v -2.7 3.9 4
v -2.8 3.9 4
v -2.9 3.9 4
v -3 3.9 4
v -3.1 3.9 4
v -3.2 3.9 4
v -3.3 3.9 4
v -3.4 3.9 4
v -3.5 3.9 4
v -3.6 3.9 4
v -3.7 3.9 4
v -3.8 3.9 4
v -3.9 3.9 4
v 4 4 -2.3
v 3.7 4 -2.3
v -2.2 4 -2.3
v 4 4 -2.4
v 3.9 4 -2.4
v 3.9 4 -2.3
v 3.8 4 -2.4
v 3.7 4 -2.4
v 3.8 4 -2.3
v 3.6 4 -2.4
v 3.6 4 -2.3
v -2.2 4 -2.4
v 4 4 -2.5
v 3.9 4 -2.5
v 3.8 4 -2.5
v 3.7 4 -2.5
v 3.6 4 -2.5
v 3.5 4 -2.5
v 3.5 4 -2.4
v 4 4 -2.6
v 3.9 4 -2.6
v 3.8 4 -2.6
v 3.7 4 -2.6
v 3.6 4 -2.6
v 3.5 4 -2.6
v 4 4 -2.7
v 3.9 4 -2.7
v 3.8 4 -2.7
v 3.7 4 -2.7
v 3.6 4 -2.7
v 3.5 4 -2.7
v -2.2 4 -2.7
v 4 4 -2.8
v 3.9 4 -2.8
v 3.8 4 -2.8
v 3.7 4 -2.8
v 3.6 4 -2.8
v 3.5 4 -2.8
v 3.4 4 -2.8
v 3.4 4 -2.7
v 4 4 -2.9
v 3.9 4 -2.9
v 3.8 4 -2.9
v 3.7 4 -2.9
v 3.6 4 -2.9
v 3.5 4 -2.9
v 3.4 4 -2.9
v 4 4 -3
v 3.9 4 -3
v 3.8 4 -3
v 3.7 4 -3
v 3.6 4 -3
v 3.5 4 -3
v 3.4 4 -3
v -2.2 4 -3
v 4 4 -3.1
v 3.9 4 -3.1
v 3.8 4 -3.1
v 3.7 4 -3.1
v 3.6 4 -3.1
v 3.5 4 -3.1
v 3.4 4 -3.1
v 3.3 4 -3.1
v 3.3 4 -3
v -2.2 4 -3.1
v 4 4 -3.2
v 3.9 4 -3.2
v 3.8 4 -3.2
v 3.7 4 -3.2
v 3.6 4 -3.2
v 3.5 4 -3.2
v 3.4 4 -3.2
v 3.3 4 -3.2
v 3.2 4 -3.2
v 3.2 4 -3.1
v -2.2 4 -3.2
v 4 4 -3.3
v 3.9 4 -3.3
v 3.8 4 -3.3
v 3.7 4 -3.3
v 3.6 4 -3.3
v 3.5 4 -3.3
v 3.4 4 -3.3
v 3.3 4 -3.3
v 3.2 4 -3.3
v 3.1 4 -3.3
v 3.1 4 -3.2
v -2.2 4 -3.3
v 4 4 -3.4
v 3.9 4 -3.4
v 3.8 4 -3.4
v 3.7 4 -3.4
v 3.6 4 -3.4
v 3.5 4 -3.4
v 3.4 4 -3.4
v 3.3 4 -3.4
v 3.2 4 -3.4
v 3.1 4 -3.4
v 3 4 -3.4
v 3 4 -3.3
v -2.2 4 -3.4
v 4 4 -3.5
v 3.9 4 -3.5
v 3.8 4 -3.5
v 3.7 4 -3.5
v 3.6 4 -3.5
v 3.5 4 -3.5
v 3.4 4 -3.5
v 3.3 4 -3.5
v 3.2 4 -3.5
v 3.1 4 -3.5
v 3 4 -3.5
v 2.9 4 -3.5
v 2.9 4 -3.4
v 2.8 4 -3.5
v 2.8 4 -3.4
v 2.7 4 -3.5
v 2.7 4 -3.4
v -2.2 4 -3.5
v 4 4 -3.6
v 3.9 4 -3.6
v 3.8 4 -3.6
v 3.7 4 -3.6
v 3.6 4 -3.6
v 3.5 4 -3.6
v 3.4 4 -3.6
v 3.3 4 -3.6
v 3.2 4 -3.6
v 3.1 4 -3.6
v 3 4 -3.6
v 2.9 4 -3.6
v 2.8 4 -3.6
v 2.7 4 -3.6
v 2.6 4 -3.6
v 2.6 4 -3.5
v 2.5 4 -3.6
v 2.5 4 -3.5
v 2.4 4 -3.6
v 2.4 4 -3.5
v -2.2 4 -3.6
v 4 4 -3.7
v 3.9 4 -3.7
v 3.8 4 -3.7
v 3.7 4 -3.7
v 3.6 4 -3.7
v 3.5 4 -3.7
v 3.4 4 -3.7
v 3.3 4 -3.7
v 3.2 4 -3.7
v 3.1 4 -3.7
v 3 4 -3.7
v 2.9 4 -3.7
v 2.8 4 -3.7
v 2.7 4 -3.7
v 2.6 4 -3.7
v 2.5 4 -3.7
v 2.4 4 -3.7
v 2.3 4 -3.7
v 2.3 4 -3.6
v 2.2 4 -3.7
v 2.2 4 -3.6
v 2.1 4 -3.7
v 2.1 4 -3.6
v 2 4 -3.7
v 2 4 -3.6
v 1.9 4 -3.7
v 1.9 4 -3.6
v -1.9 4 -3.7
v -1.9 4 -3.6
v -2 4 -3.7
v -2 4 -3.6
v -2.1 4 -3.7
v -2.1 4 -3.6
v -2.2 4 -3.7
v 4 4 -3.8
v 3.9 4 -3.8
v 3.8 4 -3.8
v 3.7 4 -3.8
v 3.6 4 -3.8
v 3.5 4 -3.8
v 3.4 4 -3.8
v 3.3 4 -3.8
v 3.2 4 -3.8
v 3.1 4 -3.8
v 3 4 -3.8
v 2.9 4 -3.8
v 2.8 4 -3.8
v 2.7 4 -3.8
v 2.6 4 -3.8
v 2.5 4 -3.8
v 2.4 4 -3.8
v 2.3 4 -3.8
v 2.2 4 -3.8
v 2.1 4 -3.8
v 2 4 -3.8
v 1.9 4 -3.8
v 1.8 4 -3.8
v 1.7 4 -3.8
v 1.7 4 -3.7
v 1.8 4 -3.7
v 1.6 4 -3.8
v 1.5 4 -3.8
v 1.5 4 -3.7
v 1.6 4 -3.7
v 1.4 4 -3.8
v 1.3 4 -3.8
v 1.3 4 -3.7
v 1.4 4 -3.7
v 1.2 4 -3.8
v 1.1 4 -3.8
v 1.1 4 -3.7
v 1.2 4 -3.7
v 1 4 -3.8
v 0.9 4 -3.8
v 0.9 4 -3.7
v 1 4 -3.7
v 0.8 4 -3.8
v 0.7 4 -3.8
v 0.7 4 -3.7
v 0.8 4 -3.7
v 0.6 4 -3.8
v 0.5 4 -3.8
v 0.5 4 -3.7
v 0.6 4 -3.7
v 0.4 4 -3.8
v 0.2 4 -3.8
v 0.2 4 -3.7
v 0.4 4 -3.7
v 0.1 4 -3.8
v -0.1 4 -3.8
v -0.1 4 -3.7
v 0.1 4 -3.7
v -0.2 4 -3.8
v -0.4 4 -3.8
v -0.4 4 -3.7
v -0.2 4 -3.7
v -0.5 4 -3.8
v -0.6 4 -3.8
v -0.6 4 -3.7
v -0.5 4 -3.7
v -0.7 4 -3.8
v -0.8 4 -3.8
v -0.8 4 -3.7
v -0.7 4 -3.7
v -0.9 4 -3.8
v -1 4 -3.8
v -1 4 -3.7
v -0.9 4 -3.7
v -1.1 4 -3.8
v -1.2 4 -3.8
v -1.2 4 -3.7
v -1.1 4 -3.7
v -1.3 4 -3.8
v -1.4 4 -3.8
v -1.4 4 -3.7
v -1.3 4 -3.7
v -1.5 4 -3.8
v -1.6 4 -3.8
v -1.6 4 -3.7
v -1.5 4 -3.7
v -1.7 4 -3.8
v -1.8 4 -3.8
v -1.8 4 -3.7
v -1.7 4 -3.7
v -1.9 4 -3.8
v -2 4 -3.8
v -2.1 4 -3.8
v -2.2 4 -3.8
v 4 4 -3.9
v 3.9 4 -3.9
v 3.8 4 -3.9
v 3.7 4 -3.9
v 3.6 4 -3.9
v 3.5 4 -3.9
v 3.4 4 -3.9
v 3.3 4 -3.9
v 3.2 4 -3.9
v 3.1 4 -3.9
v 3 4 -3.9
v 2.9 4 -3.9
v 2.8 4 -3.9
v 2.7 4 -3.9
v 2.6 4 -3.9
v 2.5 4 -3.9
v 2.4 4 -3.9
v 2.3 4 -3.9
v 2.2 4 -3.9
v 2.1 4 -3.9
v 2 4 -3.9
v 1.9 4 -3.9
v 1.8 4 -3.9
v 1.7 4 -3.9
v 1.6 4 -3.9
v 1.5 4 -3.9
v 1.4 4 -3.9
v 1.3 4 -3.9
v 1.2 4 -3.9
v 1.1 4 -3.9
v 1 4 -3.9
v 0.9 4 -3.9
v 0.8 4 -3.9
v 0.7 4 -3.9
v 0.6 4 -3.9
v 0.5 4 -3.9
v 0.4 4 -3.9
v 0.2 4 -3.9
v 0.1 4 -3.9
v 0 4 -3.9
v -0.1 4 -3.9
v 0 4 -3.8
v -0.2 4 -3.9
v -0.4 4 -3.9
v -0.5 4 -3.9
v -0.6 4 -3.9
v -0.7 4 -3.9
v -0.8 4 -3.9
v -0.9 4 -3.9
v -1 4 -3.9
v -1.1 4 -3.9
v -1.2 4 -3.9
v -1.3 4 -3.9
v -1.4 4 -3.9
v -1.5 4 -3.9
v -1.6 4 -3.9
v -1.7 4 -3.9
v -1.8 4 -3.9
v -1.9 4 -3.9
v -2 4 -3.9
v -2.1 4 -3.9
v 4 4 -4
v 3.9 4 -4
v 3.8 4 -4
v 3.7 4 -4
v 3.6 4 -4
v 3.5 4 -4
v 3.4 4 -4
v 3.3 4 -4
v 3.2 4 -4
v 3.1 4 -4
v 3 4 -4
v 2.9 4 -4
v 2.8 4 -4
v 2.7 4 -4
v 2.6 4 -4
v 2.5 4 -4
v 2.4 4 -4
v 2.3 4 -4
v 2.2 4 -4
v 2.1 4 -4
v 2 4 -4
v 1.9 4 -4
v 1.8 4 -4
v 1.7 4 -4
v 1.6 4 -4
v 1.5 4 -4
v 1.4 4 -4
v 1.3 4 -4
v 1.2 4 -4
v 1.1 4 -4
v 1 4 -4
v 0.9 4 -4
v 0.8 4 -4
v 0.7 4 -4
v 0.6 4 -4
v 0.5 4 -4
v 0.4 4 -4
v 0.3 4 -4
v 0.3 4 -3.9
v 0.2 4 -4
v 0.1 4 -4
v 0 4 -4
v -0.1 4 -4
v -0.2 4 -4
v -0.3 4 -4
v -0.3 4 -3.9
v -0.4 4 -4
v -0.5 4 -4
v -0.6 4 -4
v -0.7 4 -4
v -0.8 4 -4
v -0.9 4 -4
v -1 4 -4
v -1.1 4 -4
v -1.2 4 -4
v -1.3 4 -4
v -1.4 4 -4
v -1.5 4 -4
v -1.6 4 -4
v -1.7 4 -4
v -1.8 4 -4
v -1.9 4 -4
v -2 4 -4
v -2.1 4 -4
v -2.2 4 -4
v 4 0 -4
v -2.2 0 -4
v 4 3 -4
v 4 3.1 -4
v 4 3.2 -4
v 4 3.3 -4
v 4 3.4 -4
v 4 3.5 -4
v 4 3.6 -4
v 4 3.7 -4
v 4 3.8 -4
v 4 3.9 -4
v 4 3.9 -2.3
v 4 3.9 -2.4
v 4 3.9 -2.5
v 4 3.9 -2.6
v 4 3.9 -2.7
v 4 3.9 -2.8
v 4 3.9 -2.9
v 4 3.9 -3
v 4 3.9 -3.1
v 4 3.9 -3.2
v 4 3.9 -3.3
v 4 3.9 -3.4
v 4 3.9 -3.5
v 4 3.9 -3.6
v 4 3.9 -3.7
v 4 3.9 -3.8
v 4 3.9 -3.9
v 3.9 3.9 -4
v 3.8 3.9 -4
v 3.7 3.9 -4
v 3.6 3.9 -4
v 3.5 3.9 -4
v 3.4 3.9 -4
v 3.3 3.9 -4
v 3.2 3.9 -4
v 3.1 3.9 -4
v 3 3.9 -4
v 2.9 3.9 -4
v 2.8 3.9 -4
v 2.7 3.9 -4
v 2.6 3.9 -4
v 2.5 3.9 -4
v 2.4 3.9 -4
v 2.3 3.9 -4
v 2.2 3.9 -4
v 2.1 3.9 -4
v 2 3.9 -4
v 1.9 3.9 -4
v 1.8 3.9 -4
v 1.7 3.9 -4
v 1.6 3.9 -4
v 1.5 3.9 -4
v 1.4 3.9 -4
v 1.3 3.9 -4
v 1.2 3.9 -4
v 1.1 3.9 -4
v 1 3.9 -4
v 0.9 3.9 -4
v 0.8 3.9 -4
v 0.7 3.9 -4
v 0.6 3.9 -4
v 0.5 3.9 -4
v 0.4 3.9 -4
v 0.3 3.9 -4
v 0.2 3.9 -4
v 0.1 3.9 -4
v 0 3.9 -4
v -0.1 3.9 -4
v -0.2 3.9 -4
v -0.3 3.9 -4
v -0.4 3.9 -4
v -0.5 3.9 -4
v -0.6 3.9 -4
v -0.7 3.9 -4
v -0.8 3.9 -4
v -0.9 3.9 -4
v -1 3.9 -4
v -1.1 3.9 -4
v -1.2 3.9 -4
v -1.3 3.9 -4
v -1.4 3.9 -4
v -1.5 3.9 -4
v -1.6 3.9 -4
v -1.7 3.9 -4
v -1.8 3.9 -4
v -1.9 3.9 -4
v -2 3.9 -4
v -2.1 3.9 -4
v -2.2 3 -4
v -2.2 3.1 -4
v -2.2 3.2 -4
v -2.2 3.3 -4
v -2.2 3.4 -4
v -2.2 3.5 -4
v -2.2 3.6 -4
v -2.2 3.7 -4
v -2.2 3.8 -4
v -2.2 3.9 -4
v -3.6 4 -2.3
v -3.7 4 -2.3
v -3.9 4 -2.3
v -4 4 -2.3
v -3.5 4 -2.4
v -3.6 4 -2.4
v -3.7 4 -2.4
v -3.8 4 -2.4
v -3.8 4 -2.3
v -3.9 4 -2.4
v -4 4 -2.4
v -3.5 4 -2.5
v -3.6 4 -2.5
v -3.7 4 -2.5
v -3.8 4 -2.5
v -3.9 4 -2.5
v -4 4 -2.5
v -3.5 4 -2.6
v -3.6 4 -2.6
v -3.7 4 -2.6
v -3.8 4 -2.6
v -3.9 4 -2.6
v -4 4 -2.6
v -3.4 4 -2.7
v -3.5 4 -2.7
v -3.6 4 -2.7
v -3.7 4 -2.7
v -3.8 4 -2.7
v -3.9 4 -2.7
v -4 4 -2.7
v -3.4 4 -2.8
v -3.5 4 -2.8
v -3.6 4 -2.8
v -3.7 4 -2.8
v -3.8 4 -2.8
v -3.9 4 -2.8
v -4 4 -2.8
v -3.4 4 -2.9
v -3.5 4 -2.9
v -3.6 4 -2.9
v -3.7 4 -2.9
v -3.8 4 -2.9
v -3.9 4 -2.9
v -4 4 -2.9
v -3.3 4 -3
v -3.4 4 -3
v -3.5 4 -3
v -3.6 4 -3
v -3.7 4 -3
v -3.8 4 -3
v -3.9 4 -3
v -4 4 -3
v -3.2 4 -3.1
v -3.3 4 -3.1
v -3.4 4 -3.1
v -3.5 4 -3.1
v -3.6 4 -3.1
v -3.7 4 -3.1
v -3.8 4 -3.1
v -3.9 4 -3.1
v -4 4 -3.1
v -3.1 4 -3.2
v -3.2 4 -3.2
v -3.3 4 -3.2
v -3.4 4 -3.2
v -3.5 4 -3.2
v -3.6 4 -3.2
v -3.7 4 -3.2
v -3.8 4 -3.2
v -3.9 4 -3.2
v -4 4 -3.2
v -3 4 -3.3
v -3.1 4 -3.3
v -3.2 4 -3.3
v -3.3 4 -3.3
v -3.4 4 -3.3
v -3.5 4 -3.3
v -3.6 4 -3.3
v -3.7 4 -3.3
v -3.8 4 -3.3
v -3.9 4 -3.3
v -4 4 -3.3
v -2.7 4 -3.4
v -3 4 -3.4
v -3.1 4 -3.4
v -3.2 4 -3.4
v -3.3 4 -3.4
v -3.4 4 -3.4
v -3.5 4 -3.4
v -3.6 4 -3.4
v -3.7 4 -3.4
v -3.8 4 -3.4
v -3.9 4 -3.4
v -4 4 -3.4
v -2.4 4 -3.5
v -2.7 4 -3.5
v -2.8 4 -3.5
v -2.8 4 -3.4
v -2.9 4 -3.5
v -2.9 4 -3.4
v -3 4 -3.5
v -3.1 4 -3.5
v -3.2 4 -3.5
v -3.3 4 -3.5
v -3.4 4 -3.5
v -3.5 4 -3.5
v -3.6 4 -3.5
v -3.7 4 -3.5
v -3.8 4 -3.5
v -3.9 4 -3.5
v -4 4 -3.5
v -2.3 4 -3.6
v -2.4 4 -3.6
v -2.5 4 -3.6
v -2.5 4 -3.5
v -2.6 4 -3.6
v -2.6 4 -3.5
v -2.7 4 -3.6
v -2.8 4 -3.6
v -2.9 4 -3.6
v -3 4 -3.6
v -3.1 4 -3.6
v -3.2 4 -3.6
v -3.3 4 -3.6
v -3.4 4 -3.6
v -3.5 4 -3.6
v -3.6 4 -3.6
v -3.7 4 -3.6
v -3.8 4 -3.6
v -3.9 4 -3.6
v -4 4 -3.6
v -2.3 4 -3.7
v -2.4 4 -3.7
v -2.5 4 -3.7
v -2.6 4 -3.7
v -2.7 4 -3.7
v -2.8 4 -3.7
v -2.9 4 -3.7
v -3 4 -3.7
v -3.1 4 -3.7
v -3.2 4 -3.7
v -3.3 4 -3.7
v -3.4 4 -3.7
v -3.5 4 -3.7
v -3.6 4 -3.7
v -3.7 4 -3.7
v -3.8 4 -3.7
v -3.9 4 -3.7
v -4 4 -3.7
v -2.3 4 -3.8
v -2.4 4 -3.8
v -2.5 4 -3.8
v -2.6 4 -3.8
v -2.7 4 -3.8
v -2.8 4 -3.8
v -2.9 4 -3.8
v -3 4 -3.8
v -3.1 4 -3.8
v -3.2 4 -3.8
v -3.3 4 -3.8
v -3.4 4 -3.8
v -3.5 4 -3.8
v -3.6 4 -3.8
v -3.7 4 -3.8
v -3.8 4 -3.8
v -3.9 4 -3.8
v -4 4 -3.8
v -2.2 4 -3.9
v -2.3 4 -3.9
v -2.4 4 -3.9
v -2.5 4 -3.9
v -2.6 4 -3.9
v -2.7 4 -3.9
v -2.8 4 -3.9
v -2.9 4 -3.9
v -3 4 -3.9
v -3.1 4 -3.9
v -3.2 4 -3.9
v -3.3 4 -3.9
v -3.4 4 -3.9
v -3.5 4 -3.9
v -3.6 4 -3.9
v -3.7 4 -3.9
v -3.8 4 -3.9
v -3.9 4 -3.9
v -4 4 -3.9
v -2.3 4 -4
v -2.4 4 -4
v -2.5 4 -4
v -2.6 4 -4
v -2.7 4 -4
v -2.8 4 -4
v -2.9 4 -4
v -3 4 -4
v -3.1 4 -4
v -3.2 4 -4
v -3.3 4 -4
v -3.4 4 -4
v -3.5 4 -4
v -3.6 4 -4
v -3.7 4 -4
v -3.8 4 -4
v -3.9 4 -4
v -4 4 -4
v -4 0 -4
v -4 3 -4
v -4 3.1 -4
v -4 3.2 -4
v -4 3.3 -4
v -4 3.4 -4
v -4 3.5 -4
v -4 3.6 -4
v -4 3.7 -4
v -4 3.8 -4
v -4 3.9 -4
v -4 3.9 -2.3
v -4 3.9 -2.4
v -4 3.9 -2.5
v -4 3.9 -2.6
v -4 3.9 -2.7
v -4 3.9 -2.8
v -4 3.9 -2.9
v -4 3.9 -3
v -4 3.9 -3.1
v -4 3.9 -3.2
v -4 3.9 -3.3
v -4 3.9 -3.4
v -4 3.9 -3.5
v -4 3.9 -3.6
v -4 3.9 -3.7
v -4 3.9 -3.8
v -4 3.9 -3.9
v -2.3 3.9 -4
v -2.4 3.9 -4
v -2.5 3.9 -4
v -2.6 3.9 -4
v -2.7 3.9 -4
v -2.8 3.9 -4
v -2.9 3.9 -4
v -3 3.9 -4
v -3.1 3.9 -4
v -3.2 3.9 -4
v -3.3 3.9 -4
v -3.4 3.9 -4
v -3.5 3.9 -4
v -3.6 3.9 -4
v -3.7 3.9 -4
v -3.8 3.9 -4
v -3.9 3.9 -4

vt 0.00585938 0.5
vt 0.0214844 0.5
vt 0.0292969 0.5
vt 0.0371094 0.5
vt 0.0449219 0.5
vt 0.0683594 0.5
vt 0.0761719 0.5
vt 0.0839844 0.5
vt 0.0957031 0.5
vt 0.0996094 0.5

vn 0 1 0
vn 0 -1 0
vn 1 0 0
vn 0 0 1
vn -1 0 0
vn 0 0 -1

usemtl palette
f 1/10/1 2/10/1 4/10/1
f 4/10/1 2/10/1 3/10/1
f 2/4/1 5/4/1 3/4/1
f 3/4/1 5/4/1 6/4/1
f 7/4/1 8/4/1 10/4/1
f 10/4/1 8/4/1 9/4/1
f 11/4/1 12/4/1 14/4/1
f 14/4/1 12/4/1 13/4/1
f 15/4/1 16/4/1 18/4/1
f 18/4/1 16/4/1 17/4/1
f 19/4/1 20/4/1 22/4/1
f 22/4/1 20/4/1 21/4/1
f 23/4/1 24/4/1 26/4/1
f 26/4/1 24/4/1 25/4/1
f 27/4/1 28/4/1 30/4/1
f 30/4/1 28/4/1 29/4/1
f 31/4/1 32/4/1 34/4/1
f 34/4/1 32/4/1 33/4/1
f 35/4/1 36/4/1 38/4/1
f 38/4/1 36/4/1 37/4/1
f 39/4/1 40/4/1 42/4/1
f 42/4/1 40/4/1 41/4/1
f 43/4/1 44/4/1 46/4/1
f 46/4/1 44/4/1 45/4/1
f 47/4/1 48/4/1 50/4/1
f 50/4/1 48/4/1 49/4/1
f 51/4/1 52/4/1 54/4/1
f 54/4/1 52/4/1 53/4/1
f 55/4/1 56/4/1 58/4/1
f 58/4/1 56/4/1 57/4/1
f 59/4/1 60/4/1 62/4/1
f 62/4/1 60/4/1 61/4/1
f 63/4/1 64/4/1 66/4/1
f 66/4/1 64/4/1 65/4/1
f 67/4/1 68/4/1 70/4/1
f 70/4/1 68/4/1 69/4/1
f 71/4/1 72/4/1 74/4/1
f 74/4/1 72/4/1 73/4/1
f 75/4/1 76/4/1 78/4/1
f 78/4/1 76/4/1 77/4/1
f 79/4/1 80/4/1 82/4/1
f 82/4/1 80/4/1 81/4/1
f 83/4/1 84/4/1 86/4/1
f 86/4/1 84/4/1 85/4/1
f 87/4/1 88/4/1 90/4/1
f 90/4/1 88/4/1 89/4/1
f 91/4/1 92/4/1 94/4/1
f 94/4/1 92/4/1 93/4/1
f 95/4/1 96/4/1 98/4/1
f 98/4/1 96/4/1 97/4/1
f 99/4/1 100/4/1 102/4/1
f 102/4/1 100/4/1 101/4/1
f 103/4/1 104/4/1 106/4/1
f 106/4/1 104/4/1 105/4/1
f 107/4/1 108/4/1 110/4/1
f 110/4/1 108/4/1 109/4/1
f 111/4/1 112/4/1 114/4/1
f 114/4/1 112/4/1 113/4/1
f 115/4/1 116/4/1 118/4/1
f 118/4/1 116/4/1 117/4/1
f 119/4/1 120/4/1 122/4/1
f 122/4/1 120/4/1 121/4/1
f 123/4/1 124/4/1 126/4/1
f 126/4/1 124/4/1 125/4/1
f 127/4/1 128/4/1 1/4/1
f 1/4/1 128/4/1 2/4/1
f 129/10/1 130/10/1 6/10/1
f 6/10/1 130/10/1 10/10/1
f 131/10/1 132/10/1 9/10/1
f 9/10/1 132/10/1 14/10/1
f 133/10/1 134/10/1 13/10/1
f 13/10/1 134/10/1 18/10/1
f 135/10/1 136/10/1 17/10/1
f 17/10/1 136/10/1 22/10/1
f 137/10/1 138/10/1 21/10/1
f 21/10/1 138/10/1 26/10/1
f 139/10/1 140/10/1 25/10/1
f 25/10/1 140/10/1 30/10/1
f 141/10/1 142/10/1 29/10/1
f 29/10/1 142/10/1 34/10/1
f 143/10/1 144/10/1 33/10/1
f 33/10/1 144/10/1 38/10/1
f 145/10/1 146/10/1 37/10/1
f 37/10/1 146/10/1 42/10/1
f 147/10/1 148/10/1 123/10/1
f 123/10/1 148/10/1 124/10/1
f 149/10/1 150/10/1 127/10/1
f 127/10/1 150/10/1 128/10/1
f 151/5/1 152/5/1 129/5/1
f 129/5/1 152/5/1 130/5/1
f 152/10/1 153/10/1 7/10/1
f 7/10/1 153/10/1 8/10/1
f 153/5/1 154/5/1 131/5/1
f 131/5/1 154/5/1 132/5/1
f 154/10/1 155/10/1 11/10/1
f 11/10/1 155/10/1 12/10/1
f 155/5/1 156/5/1 133/5/1
f 133/5/1 156/5/1 134/5/1
f 156/10/1 157/10/1 15/10/1
f 15/10/1 157/10/1 16/10/1
f 157/5/1 158/5/1 135/5/1
f 135/5/1 158/5/1 136/5/1
f 158/10/1 159/10/1 19/10/1
f 19/10/1 159/10/1 20/10/1
f 159/5/1 160/5/1 137/5/1
f 137/5/1 160/5/1 138/5/1
f 160/10/1 161/10/1 23/10/1
f 23/10/1 161/10/1 24/10/1
f 161/5/1 162/5/1 139/5/1
f 139/5/1 162/5/1 140/5/1
f 162/10/1 163/10/1 27/10/1
f 27/10/1 163/10/1 28/10/1
f 163/5/1 164/5/1 141/5/1
f 141/5/1 164/5/1 142/5/1
f 164/10/1 165/10/1 31/10/1
f 31/10/1 165/10/1 32/10/1
f 165/5/1 166/5/1 143/5/1
f 143/5/1 166/5/1 144/5/1
f 166/10/1 167/10/1 35/10/1
f 35/10/1 167/10/1 36/10/1
f 167/5/1 168/5/1 145/5/1
f 145/5/1 168/5/1 146/5/1
f 168/10/1 169/10/1 39/10/1
f 39/10/1 169/10/1 40/10/1
f 170/10/1 171/10/1 121/10/1
f 121/10/1 171/10/1 126/10/1
f 171/5/1 172/5/1 147/5/1
f 147/5/1 172/5/1 148/5/1
f 173/4/1 174/4/1 149/4/1
f 149/4/1 174/4/1 150/4/1
f 175/10/1 176/10/1 151/10/1
f 151/10/1 176/10/1 152/10/1
f 176/5/1 177/5/1 152/5/1
f 152/5/1 177/5/1 153/5/1
f 177/10/1 178/10/1 153/10/1
f 153/10/1 178/10/1 154/10/1
f 178/5/1 179/5/1 154/5/1
f 154/5/1 179/5/1 155/5/1
f 179/10/1 180/10/1 155/10/1
f 155/10/1 180/10/1 156/10/1
f 180/5/1 181/5/1 156/5/1
f 156/5/1 181/5/1 157/5/1
f 181/10/1 182/10/1 157/10/1
f 157/10/1 182/10/1 158/10/1
f 182/5/1 183/5/1 158/5/1
f 158/5/1 183/5/1 159/5/1
f 183/10/1 184/10/1 159/10/1
f 159/10/1 184/10/1 160/10/1
f 184/5/1 185/5/1 160/5/1
f 160/5/1 185/5/1 161/5/1
f 185/10/1 186/10/1 161/10/1
f 161/10/1 186/10/1 162/10/1
f 186/5/1 187/5/1 162/5/1
f 162/5/1 187/5/1 163/5/1
f 187/10/1 188/10/1 163/10/1
f 163/10/1 188/10/1 164/10/1
f 188/5/1 189/5/1 164/5/1
f 164/5/1 189/5/1 165/5/1
f 189/10/1 190/10/1 165/10/1
f 165/10/1 190/10/1 166/10/1
f 191/10/1 192/10/1 167/10/1
f 167/10/1 192/10/1 168/10/1
f 193/10/1 194/10/1 171/10/1
f 171/10/1 194/10/1 172/10/1
f 195/10/1 196/10/1 173/10/1
f 173/10/1 196/10/1 174/10/1
f 197/5/1 198/5/1 175/5/1
f 175/5/1 198/5/1 176/5/1
f 198/10/1 199/10/1 176/10/1
f 176/10/1 199/10/1 177/10/1
f 199/5/1 200/5/1 177/5/1
f 177/5/1 200/5/1 178/5/1
f 200/10/1 201/10/1 178/10/1
f 178/10/1 201/10/1 179/10/1
f 201/5/1 202/5/1 179/5/1
f 179/5/1 202/5/1 180/5/1
f 202/10/1 203/10/1 180/10/1
f 180/10/1 203/10/1 181/10/1
f 203/5/1 204/5/1 181/5/1
f 181/5/1 204/5/1 182/5/1
f 204/10/1 205/10/1 182/10/1
f 182/10/1 205/10/1 183/10/1
f 205/5/1 206/5/1 183/5/1
f 183/5/1 206/5/1 184/5/1
f 206/10/1 207/10/1 184/10/1
f 184/10/1 207/10/1 185/10/1
f 207/5/1 208/5/1 185/5/1
f 185/5/1 208/5/1 186/5/1
f 208/10/1 209/10/1 186/10/1
f 186/10/1 209/10/1 187/10/1
f 210/10/1 211/10/1 188/10/1
f 188/10/1 211/10/1 189/10/1
f 212/4/1 213/4/1 195/4/1
f 195/4/1 213/4/1 196/4/1
f 214/10/1 215/10/1 197/10/1
f 197/10/1 215/10/1 198/10/1
f 215/5/1 216/5/1 198/5/1
f 198/5/1 216/5/1 199/5/1
f 216/10/1 217/10/1 199/10/1
f 199/10/1 217/10/1 200/10/1
f 217/5/1 218/5/1 200/5/1
f 200/5/1 218/5/1 201/5/1
f 218/10/1 219/10/1 201/10/1
f 201/10/1 219/10/1 202/10/1
f 219/5/1 220/5/1 202/5/1
f 202/5/1 220/5/1 203/5/1
f 220/10/1 221/10/1 203/10/1
f 203/10/1 221/10/1 204/10/1
f 221/5/1 222/5/1 204/5/1
f 204/5/1 222/5/1 205/5/1
f 222/10/1 223/10/1 205/10/1
f 205/10/1 223/10/1 206/10/1
f 224/10/1 225/10/1 207/10/1
f 207/10/1 225/10/1 208/10/1
f 226/10/1 227/10/1 212/10/1
f 212/10/1 227/10/1 213/10/1
f 228/5/1 229/5/1 214/5/1
f 214/5/1 229/5/1 215/5/1
f 229/10/1 230/10/1 215/10/1
f 215/10/1 230/10/1 216/10/1
f 230/5/1 231/5/1 216/5/1
f 216/5/1 231/5/1 217/5/1
f 231/10/1 232/10/1 217/10/1
f 217/10/1 232/10/1 218/10/1
f 232/5/1 233/5/1 218/5/1
f 218/5/1 233/5/1 219/5/1
f 233/10/1 234/10/1 219/10/1
f 219/10/1 234/10/1 220/10/1
f 234/5/1 235/5/1 220/5/1
f 220/5/1 235/5/1 221/5/1
f 235/10/1 236/10/1 221/10/1
f 221/10/1 236/10/1 222/10/1
f 237/4/1 238/4/1 226/4/1
f 226/4/1 238/4/1 227/4/1
f 239/10/1 240/10/1 228/10/1
f 228/10/1 240/10/1 229/10/1
f 240/5/1 241/5/1 229/5/1
f 229/5/1 241/5/1 230/5/1
f 241/10/1 242/10/1 230/10/1
f 230/10/1 242/10/1 231/10/1
f 242/5/1 243/5/1 231/5/1
f 231/5/1 243/5/1 232/5/1
f 243/10/1 244/10/1 232/10/1
f 232/10/1 244/10/1 233/10/1
f 244/5/1 245/5/1 233/5/1
f 233/5/1 245/5/1 234/5/1
f 245/10/1 246/10/1 234/10/1
f 234/10/1 246/10/1 235/10/1
f 247/10/1 248/10/1 237/10/1
f 237/10/1 248/10/1 238/10/1
f 249/5/1 250/5/1 239/5/1
f 239/5/1 250/5/1 240/5/1
f 250/10/1 251/10/1 240/10/1
f 240/10/1 251/10/1 241/10/1
f 251/5/1 252/5/1 241/5/1
f 241/5/1 252/5/1 242/5/1
f 252/10/1 253/10/1 242/10/1
f 242/10/1 253/10/1 243/10/1
f 253/5/1 254/5/1 243/5/1
f 243/5/1 254/5/1 244/5/1
f 254/10/1 255/10/1 244/10/1
f 244/10/1 255/10/1 245/10/1
f 256/4/1 257/4/1 247/4/1
f 247/4/1 257/4/1 248/4/1
f 258/10/1 259/10/1 249/10/1
f 249/10/1 259/10/1 250/10/1
f 259/5/1 260/5/1 250/5/1
f 250/5/1 260/5/1 251/5/1
f 260/10/1 261/10/1 251/10/1
f 251/10/1 261/10/1 252/10/1
f 261/5/1 262/5/1 252/5/1
f 252/5/1 262/5/1 253/5/1
f 262/10/1 263/10/1 253/10/1
f 253/10/1 263/10/1 254/10/1
f 264/3/1 265/3/1 79/3/1
f 79/3/1 265/3/1 80/3/1
f 265/3/1 266/3/1 81/3/1
f 81/3/1 266/3/1 86/3/1
f 267/10/1 268/10/1 256/10/1
f 256/10/1 268/10/1 257/10/1
f 269/5/1 270/5/1 258/5/1
f 258/5/1 270/5/1 259/5/1
f 270/10/1 271/10/1 259/10/1
f 259/10/1 271/10/1 260/10/1
f 271/5/1 272/5/1 260/5/1
f 260/5/1 272/5/1 261/5/1
f 272/10/1 273/10/1 261/10/1
f 261/10/1 273/10/1 262/10/1
f 274/4/1 275/4/1 267/4/1
f 267/4/1 275/4/1 268/4/1
f 276/10/1 277/10/1 269/10/1
f 269/10/1 277/10/1 270/10/1
f 277/5/1 278/5/1 270/5/1
f 270/5/1 278/5/1 271/5/1
f 278/10/1 279/10/1 271/10/1
f 271/10/1 279/10/1 272/10/1
f 279/5/1 280/5/1 272/5/1
f 272/5/1 280/5/1 273/5/1
f 281/10/1 282/10/1 274/10/1
f 274/10/1 282/10/1 275/10/1
f 283/5/1 284/5/1 276/5/1
f 276/5/1 284/5/1 277/5/1
f 284/10/1 285/10/1 277/10/1
f 277/10/1 285/10/1 278/10/1
f 285/5/1 286/5/1 278/5/1
f 278/5/1 286/5/1 279/5/1
f 286/10/1 287/10/1 279/10/1
f 279/10/1 287/10/1 280/10/1
f 288/6/1 289/6/1 107/6/1
f 107/6/1 289/6/1 108/6/1
f 289/6/1 290/6/1 109/6/1
f 109/6/1 290/6/1 114/6/1
f 290/6/1 291/6/1 111/6/1
f 111/6/1 291/6/1 112/6/1
f 292/3/1 293/3/1 117/3/1
f 117/3/1 293/3/1 122/3/1
f 294/4/1 295/4/1 281/4/1
f 281/4/1 295/4/1 282/4/1
f 296/10/1 297/10/1 283/10/1
f 283/10/1 297/10/1 284/10/1
f 297/5/1 298/5/1 284/5/1
f 284/5/1 298/5/1 285/5/1
f 298/10/1 299/10/1 285/10/1
f 285/10/1 299/10/1 286/10/1
f 300/3/1 301/3/1 43/3/1
f 43/3/1 301/3/1 44/3/1
f 301/6/1 302/6/1 45/6/1
f 45/6/1 302/6/1 50/6/1
f 302/6/1 303/6/1 47/6/1
f 47/6/1 303/6/1 48/6/1
f 303/6/1 304/6/1 49/6/1
f 49/6/1 304/6/1 54/6/1
f 305/6/1 306/6/1 55/6/1
f 55/6/1 306/6/1 56/6/1
f 306/6/1 307/6/1 57/6/1
f 57/6/1 307/6/1 62/6/1
f 307/6/1 308/6/1 59/6/1
f 59/6/1 308/6/1 60/6/1
f 308/6/1 309/6/1 61/6/1
f 61/6/1 309/6/1 66/6/1
f 309/6/1 310/6/1 63/6/1
f 63/6/1 310/6/1 64/6/1
f 310/6/1 311/6/1 65/6/1
f 65/6/1 311/6/1 70/6/1
f 311/6/1 312/6/1 67/6/1
f 67/6/1 312/6/1 68/6/1
f 312/6/1 313/6/1 69/6/1
f 69/6/1 313/6/1 74/6/1
f 314/6/1 315/6/1 265/6/1
f 265/6/1 315/6/1 266/6/1
f 315/6/1 316/6/1 83/6/1
f 83/6/1 316/6/1 84/6/1
f 316/6/1 317/6/1 85/6/1
f 85/6/1 317/6/1 90/6/1
f 317/6/1 318/6/1 87/6/1
f 87/6/1 318/6/1 88/6/1
f 318/6/1 319/6/1 89/6/1
f 89/6/1 319/6/1 94/6/1
f 319/6/1 320/6/1 91/6/1
f 91/6/1 320/6/1 92/6/1
f 320/6/1 321/6/1 93/6/1
f 93/6/1 321/6/1 98/6/1
f 321/6/1 322/6/1 95/6/1
f 95/6/1 322/6/1 96/6/1
f 323/6/1 324/6/1 103/6/1
f 103/6/1 324/6/1 104/6/1
f 324/6/1 325/6/1 105/6/1
f 105/6/1 325/6/1 110/6/1
f 326/6/1 327/6/1 113/6/1
f 113/6/1 327/6/1 118/6/1
f 327/6/1 328/6/1 115/6/1
f 115/6/1 328/6/1 116/6/1
f 329/3/1 330/3/1 119/3/1
f 119/3/1 330/3/1 120/3/1
f 331/10/1 332/10/1 294/10/1
f 294/10/1 332/10/1 295/10/1
f 333/5/1 334/5/1 296/5/1
f 296/5/1 334/5/1 297/5/1
f 334/10/1 335/10/1 297/10/1
f 297/10/1 335/10/1 298/10/1
f 335/5/1 336/5/1 298/5/1
f 298/5/1 336/5/1 299/5/1
f 337/5/1 338/5/1 168/5/1
f 168/5/1 338/5/1 169/5/1
f 338/3/1 339/3/1 41/3/1
f 41/3/1 339/3/1 46/3/1
f 340/6/1 341/6/1 51/6/1
f 51/6/1 341/6/1 52/6/1
f 341/6/1 342/6/1 53/6/1
f 53/6/1 342/6/1 58/6/1
f 343/6/1 344/6/1 71/6/1
f 71/6/1 344/6/1 72/6/1
f 345/6/1 346/6/1 264/6/1
f 264/6/1 346/6/1 265/6/1
f 347/6/1 348/6/1 101/6/1
f 101/6/1 348/6/1 106/6/1
f 349/8/1 350/8/1 324/8/1
f 324/8/1 350/8/1 325/8/1
f 351/4/1 352/4/1 331/4/1
f 331/4/1 352/4/1 332/4/1
f 353/10/1 354/10/1 333/10/1
f 333/10/1 354/10/1 334/10/1
f 354/5/1 355/5/1 334/5/1
f 334/5/1 355/5/1 335/5/1
f 355/10/1 356/10/1 335/10/1
f 335/10/1 356/10/1 336/10/1
f 357/6/1 358/6/1 77/6/1
f 77/6/1 358/6/1 82/6/1
f 358/1/1 359/1/1 345/1/1
f 345/1/1 359/1/1 346/1/1
f 360/6/1 361/6/1 99/6/1
f 99/6/1 361/6/1 100/6/1
f 362/10/1 363/10/1 351/10/1
f 351/10/1 363/10/1 352/10/1
f 364/5/1 365/5/1 353/5/1
f 353/5/1 365/5/1 354/5/1
f 365/10/1 366/10/1 354/10/1
f 354/10/1 366/10/1 355/10/1
f 367/8/1 368/8/1 305/8/1
f 305/8/1 368/8/1 310/8/1
f 368/1/1 369/1/1 310/1/1
f 310/1/1 369/1/1 313/1/1
f 370/6/1 371/6/1 73/6/1
f 73/6/1 371/6/1 78/6/1
f 372/6/1 373/6/1 97/6/1
f 97/6/1 373/6/1 102/6/1
f 374/5/1 375/5/1 329/5/1
f 329/5/1 375/5/1 330/5/1
f 375/5/1 376/5/1 170/5/1
f 170/5/1 376/5/1 171/5/1
f 377/4/1 378/4/1 362/4/1
f 362/4/1 378/4/1 363/4/1
f 379/10/1 380/10/1 364/10/1
f 364/10/1 380/10/1 365/10/1
f 380/5/1 381/5/1 365/5/1
f 365/5/1 381/5/1 366/5/1
f 382/5/1 383/5/1 191/5/1
f 191/5/1 383/5/1 192/5/1
f 384/6/1 385/6/1 75/6/1
f 75/6/1 385/6/1 76/6/1
f 386/1/1 387/1/1 349/1/1
f 349/1/1 387/1/1 350/1/1
f 388/10/1 389/10/1 377/10/1
f 377/10/1 389/10/1 378/10/1
f 390/5/1 391/5/1 379/5/1
f 379/5/1 391/5/1 380/5/1
f 391/10/1 392/10/1 380/10/1
f 380/10/1 392/10/1 381/10/1
f 393/5/1 394/5/1 254/5/1
f 254/5/1 394/5/1 255/5/1
f 394/5/1 395/5/1 245/5/1
f 245/5/1 395/5/1 246/5/1
f 395/5/1 396/5/1 235/5/1
f 235/5/1 396/5/1 236/5/1
f 396/5/1 397/5/1 222/5/1
f 222/5/1 397/5/1 223/5/1
f 397/5/1 398/5/1 206/5/1
f 206/5/1 398/5/1 207/5/1
f 399/5/1 400/5/1 187/5/1
f 187/5/1 400/5/1 188/5/1
f 400/5/1 401/5/1 210/5/1
f 210/5/1 401/5/1 211/5/1
f 401/5/1 402/5/1 189/5/1
f 189/5/1 402/5/1 190/5/1
f 402/5/1 403/5/1 166/5/1
f 166/5/1 403/5/1 167/5/1
f 404/1/1 405/1/1 367/1/1
f 367/1/1 405/1/1 406/1/1
f 407/4/1 408/4/1 388/4/1
f 388/4/1 408/4/1 389/4/1
f 408/10/1 409/10/1 2/10/1
f 2/10/1 409/10/1 5/10/1
f 409/10/1 410/10/1 390/10/1
f 390/10/1 410/10/1 391/10/1
f 410/5/1 411/5/1 391/5/1
f 391/5/1 411/5/1 392/5/1
f 411/5/1 412/5/1 355/5/1
f 355/5/1 412/5/1 356/5/1
f 412/5/1 413/5/1 286/5/1
f 286/5/1 413/5/1 287/5/1
f 413/5/1 414/5/1 262/5/1
f 262/5/1 414/5/1 263/5/1
f 415/5/1 416/5/1 224/5/1
f 224/5/1 416/5/1 225/5/1
f 416/5/1 417/5/1 208/5/1
f 208/5/1 417/5/1 209/5/1
f 418/5/1 419/5/1 315/5/1
f 315/5/1 419/5/1 316/5/1
f 420/1/1 421/1/1 407/1/1
f 407/1/1 421/1/1 414/1/1
f 422/4/1 423/4/1 420/4/1
f 420/4/1 423/4/1 424/4/1
f 425/8/1 426/8/1 321/8/1
f 321/8/1 426/8/1 322/8/1
f 427/1/1 428/1/1 374/1/1
f 374/1/1 428/1/1 376/1/1
f 429/1/1 430/1/1 422/1/1
f 422/1/1 430/1/1 423/1/1
f 431/8/1 432/8/1 404/8/1
f 404/8/1 432/8/1 405/8/1
f 433/1/1 434/1/1 357/1/1
f 357/1/1 434/1/1 358/1/1
f 435/4/1 436/4/1 429/4/1
f 429/4/1 436/4/1 430/4/1
f 437/8/1 438/8/1 368/8/1
f 368/8/1 438/8/1 439/8/1
f 440/1/1 441/1/1 418/1/1
f 418/1/1 441/1/1 419/1/1
f 442/1/1 443/1/1 425/1/1
f 425/1/1 443/1/1 426/1/1
f 444/8/1 445/8/1 386/8/1
f 386/8/1 445/8/1 387/8/1
f 446/1/1 447/1/1 435/1/1
f 435/1/1 447/1/1 436/1/1
f 448/1/1 449/1/1 431/1/1
f 431/1/1 449/1/1 432/1/1
f 450/4/1 451/4/1 446/4/1
f 446/4/1 451/4/1 447/4/1
f 452/1/1 453/1/1 340/1/1
f 340/1/1 453/1/1 342/1/1
f 454/1/1 455/1/1 437/1/1
f 437/1/1 455/1/1 438/1/1
f 456/1/1 457/1/1 450/1/1
f 450/1/1 457/1/1 451/1/1
f 458/1/1 459/1/1 460/1/1
f 460/1/1 459/1/1 421/1/1
f 459/1/1 461/1/1 393/1/1
f 393/1/1 461/1/1 398/1/1
f 462/1/1 463/1/1 399/1/1
f 399/1/1 463/1/1 403/1/1
f 463/1/1 464/1/1 382/1/1
f 382/1/1 464/1/1 383/1/1
f 465/1/1 466/1/1 302/1/1
f 302/1/1 466/1/1 304/1/1
f 467/1/1 468/1/1 444/1/1
f 444/1/1 468/1/1 445/1/1
f 469/4/1 470/4/1 456/4/1
f 456/4/1 470/4/1 457/4/1
f 470/1/1 471/1/1 424/1/1
f 424/1/1 471/1/1 460/1/1
f 472/1/1 473/1/1 474/1/1
f 474/1/1 473/1/1 461/1/1
f 473/1/1 475/1/1 415/1/1
f 415/1/1 475/1/1 417/1/1
f 476/1/1 477/1/1 337/1/1
f 337/1/1 477/1/1 339/1/1
f 477/1/1 478/1/1 300/1/1
f 300/1/1 478/1/1 302/1/1
f 479/5/1 480/5/1 427/5/1
f 427/5/1 480/5/1 428/5/1
f 481/8/1 482/8/1 469/8/1
f 469/8/1 482/8/1 471/8/1
f 483/8/1 484/8/1 454/8/1
f 454/8/1 484/8/1 455/8/1
f 485/5/1 486/5/1 433/5/1
f 433/5/1 486/5/1 434/5/1
f 487/4/1 488/4/1 481/4/1
f 481/4/1 488/4/1 489/4/1
f 490/8/1 491/8/1 492/8/1
f 492/8/1 491/8/1 368/8/1
f 493/8/1 494/8/1 442/8/1
f 442/8/1 494/8/1 443/8/1
f 495/5/1 496/5/1 497/5/1
f 497/5/1 496/5/1 480/5/1
f 498/8/1 499/8/1 487/8/1
f 487/8/1 499/8/1 488/8/1
f 500/8/1 501/8/1 406/8/1
f 406/8/1 501/8/1 492/8/1
f 502/4/1 503/4/1 498/4/1
f 498/4/1 503/4/1 499/4/1
f 504/8/1 505/8/1 506/8/1
f 506/8/1 505/8/1 474/8/1
f 507/8/1 508/8/1 473/8/1
f 473/8/1 508/8/1 475/8/1
f 508/8/1 509/8/1 462/8/1
f 462/8/1 509/8/1 464/8/1
f 510/8/1 511/8/1 477/8/1
f 477/8/1 511/8/1 478/8/1
f 511/8/1 512/8/1 465/8/1
f 465/8/1 512/8/1 466/8/1
f 513/8/1 514/8/1 448/8/1
f 448/8/1 514/8/1 449/8/1
f 515/5/1 516/5/1 440/5/1
f 440/5/1 516/5/1 441/5/1
f 517/1/1 518/1/1 493/1/1
f 493/1/1 518/1/1 494/1/1
f 519/1/1 520/1/1 502/1/1
f 502/1/1 520/1/1 503/1/1
f 520/8/1 521/8/1 489/8/1
f 489/8/1 521/8/1 482/8/1
f 521/8/1 522/8/1 458/8/1
f 458/8/1 522/8/1 506/8/1
f 523/8/1 524/8/1 525/8/1
f 525/8/1 524/8/1 505/8/1
f 524/8/1 526/8/1 472/8/1
f 472/8/1 526/8/1 473/8/1
f 527/8/1 528/8/1 529/8/1
f 529/8/1 528/8/1 509/8/1
f 528/8/1 530/8/1 476/8/1
f 476/8/1 530/8/1 477/8/1
f 531/8/1 532/8/1 533/8/1
f 533/8/1 532/8/1 512/8/1
f 532/8/1 534/8/1 452/8/1
f 452/8/1 534/8/1 453/8/1
f 535/1/1 536/1/1 485/1/1
f 485/1/1 536/1/1 486/1/1
f 537/5/1 538/5/1 314/5/1
f 314/5/1 538/5/1 315/5/1
f 539/8/1 540/8/1 467/8/1
f 467/8/1 540/8/1 468/8/1
f 541/4/1 542/4/1 519/4/1
f 519/4/1 542/4/1 520/4/1
f 543/1/1 544/1/1 541/1/1
f 541/1/1 544/1/1 542/1/1
f 545/8/1 546/8/1 517/8/1
f 517/8/1 546/8/1 518/8/1
f 547/4/1 548/4/1 543/4/1
f 543/4/1 548/4/1 544/4/1
f 549/1/1 550/1/1 384/1/1
f 384/1/1 550/1/1 385/1/1
f 551/5/1 552/5/1 358/5/1
f 358/5/1 552/5/1 359/5/1
f 553/1/1 554/1/1 545/1/1
f 545/1/1 554/1/1 546/1/1
f 555/1/1 556/1/1 539/1/1
f 539/1/1 556/1/1 540/1/1
f 557/1/1 558/1/1 547/1/1
f 547/1/1 558/1/1 548/1/1
f 559/1/1 560/1/1 495/1/1
f 495/1/1 560/1/1 496/1/1
f 561/4/1 562/4/1 557/4/1
f 557/4/1 562/4/1 558/4/1
f 563/1/1 564/1/1 565/1/1
f 565/1/1 564/1/1 526/1/1
f 564/1/1 566/1/1 507/1/1
f 507/1/1 566/1/1 529/1/1
f 567/1/1 568/1/1 490/1/1
f 490/1/1 568/1/1 491/1/1
f 568/1/1 569/1/1 483/1/1
f 483/1/1 569/1/1 484/1/1
f 570/1/1 571/1/1 572/1/1
f 572/1/1 571/1/1 369/1/1
f 571/1/1 573/1/1 343/1/1
f 343/1/1 573/1/1 344/1/1
f 573/1/1 574/1/1 370/1/1
f 370/1/1 574/1/1 371/1/1
f 575/8/1 576/8/1 553/8/1
f 553/8/1 576/8/1 554/8/1
f 577/1/1 578/1/1 479/1/1
f 479/1/1 578/1/1 497/1/1
f 579/1/1 580/1/1 561/1/1
f 561/1/1 580/1/1 562/1/1
f 580/1/1 581/1/1 520/1/1
f 520/1/1 581/1/1 522/1/1
f 581/1/1 582/1/1 504/1/1
f 504/1/1 582/1/1 525/1/1
f 582/1/1 583/1/1 523/1/1
f 523/1/1 583/1/1 565/1/1
f 584/1/1 585/1/1 586/1/1
f 586/1/1 585/1/1 566/1/1
f 585/1/1 587/1/1 527/1/1
f 527/1/1 587/1/1 530/1/1
f 587/1/1 588/1/1 510/1/1
f 510/1/1 588/1/1 533/1/1
f 588/1/1 589/1/1 531/1/1
f 531/1/1 589/1/1 534/1/1
f 589/1/1 590/1/1 513/1/1
f 513/1/1 590/1/1 514/1/1
f 590/1/1 591/1/1 500/1/1
f 500/1/1 591/1/1 501/1/1
f 592/1/1 593/1/1 439/1/1
f 439/1/1 593/1/1 572/1/1
f 594/5/1 595/5/1 549/5/1
f 549/5/1 595/5/1 550/5/1
f 595/5/1 596/5/1 535/5/1
f 535/5/1 596/5/1 536/5/1
f 597/4/1 598/4/1 579/4/1
f 579/4/1 598/4/1 580/4/1
f 599/5/1 600/5/1 570/5/1
f 570/5/1 600/5/1 574/5/1
f 601/1/1 602/1/1 575/1/1
f 575/1/1 602/1/1 576/1/1
f 603/8/1 604/8/1 555/8/1
f 555/8/1 604/8/1 556/8/1
f 605/1/1 606/1/1 597/1/1
f 597/1/1 606/1/1 598/1/1
f 606/5/1 607/5/1 580/5/1
f 580/5/1 607/5/1 583/5/1
f 607/5/1 608/5/1 563/5/1
f 563/5/1 608/5/1 586/5/1
f 609/5/1 610/5/1 611/5/1
f 611/5/1 610/5/1 591/5/1
f 610/5/1 612/5/1 567/5/1
f 567/5/1 612/5/1 569/5/1
f 612/5/1 613/5/1 592/5/1
f 592/5/1 613/5/1 593/5/1
f 614/5/1 615/5/1 577/5/1
f 577/5/1 615/5/1 578/5/1
f 616/4/1 617/4/1 605/4/1
f 605/4/1 617/4/1 606/4/1
f 618/5/1 619/5/1 621/5/1
f 621/5/1 619/5/1 620/5/1
f 622/5/1 623/5/1 584/5/1
f 584/5/1 623/5/1 611/5/1
f 624/8/1 625/8/1 323/8/1
f 323/8/1 625/8/1 324/8/1
f 626/5/1 627/5/1 559/5/1
f 559/5/1 627/5/1 560/5/1
f 628/1/1 629/1/1 616/1/1
f 616/1/1 629/1/1 617/1/1
f 630/1/1 631/1/1 320/1/1
f 320/1/1 631/1/1 321/1/1
f 632/4/1 633/4/1 628/4/1
f 628/4/1 633/4/1 629/4/1
f 634/1/1 635/1/1 319/1/1
f 319/1/1 635/1/1 320/1/1
f 636/8/1 637/8/1 347/8/1
f 347/8/1 637/8/1 348/8/1
f 638/1/1 639/1/1 632/1/1
f 632/1/1 639/1/1 633/1/1
f 640/1/1 641/1/1 317/1/1
f 317/1/1 641/1/1 319/1/1
f 642/4/1 643/4/1 638/4/1
f 638/4/1 643/4/1 639/4/1
f 644/1/1 645/1/1 515/1/1
f 515/1/1 645/1/1 516/1/1
f 645/1/1 646/1/1 316/1/1
f 316/1/1 646/1/1 317/1/1
f 647/8/1 648/8/1 360/8/1
f 360/8/1 648/8/1 361/8/1
f 649/1/1 650/1/1 626/1/1
f 626/1/1 650/1/1 627/1/1
f 651/1/1 652/1/1 642/1/1
f 642/1/1 652/1/1 643/1/1
f 652/1/1 653/1/1 606/1/1
f 606/1/1 653/1/1 621/1/1
f 654/1/1 655/1/1 620/1/1
f 620/1/1 655/1/1 608/1/1
f 655/1/1 656/1/1 622/1/1
f 622/1/1 656/1/1 623/1/1
f 657/1/1 658/1/1 659/1/1
f 659/1/1 658/1/1 613/1/1
f 658/1/1 660/1/1 599/1/1
f 599/1/1 660/1/1 600/1/1
f 661/1/1 662/1/1 551/1/1
f 551/1/1 662/1/1 552/1/1
f 662/1/1 663/1/1 537/1/1
f 537/1/1 663/1/1 538/1/1
f 664/4/1 665/4/1 651/4/1
f 651/4/1 665/4/1 652/4/1
f 666/1/1 667/1/1 618/1/1
f 618/1/1 667/1/1 619/1/1
f 668/1/1 669/1/1 671/1/1
f 671/1/1 669/1/1 670/1/1
f 672/1/1 673/1/1 674/1/1
f 674/1/1 673/1/1 656/1/1
f 673/1/1 675/1/1 609/1/1
f 609/1/1 675/1/1 659/1/1
f 676/1/1 677/1/1 679/1/1
f 679/1/1 677/1/1 678/1/1
f 680/1/1 681/1/1 682/1/1
f 682/1/1 681/1/1 660/1/1
f 681/1/1 683/1/1 594/1/1
f 594/1/1 683/1/1 596/1/1
f 684/8/1 685/8/1 372/8/1
f 372/8/1 685/8/1 373/8/1
f 686/8/1 687/8/1 664/8/1
f 664/8/1 687/8/1 665/8/1
f 688/8/1 689/8/1 630/8/1
f 630/8/1 689/8/1 631/8/1
f 689/8/1 690/8/1 601/8/1
f 601/8/1 690/8/1 602/8/1
f 691/1/1 692/1/1 614/1/1
f 614/1/1 692/1/1 615/1/1
f 693/4/1 694/4/1 686/4/1
f 686/4/1 694/4/1 687/4/1
f 695/8/1 696/8/1 697/8/1
f 697/8/1 696/8/1 641/8/1
f 696/8/1 698/8/1 634/8/1
f 634/8/1 698/8/1 635/8/1
f 699/8/1 700/8/1 693/8/1
f 693/8/1 700/8/1 694/8/1
f 701/8/1 702/8/1 645/8/1
f 645/8/1 702/8/1 646/8/1
f 702/8/1 703/8/1 640/8/1
f 640/8/1 703/8/1 697/8/1
f 704/1/1 705/1/1 292/1/1
f 292/1/1 705/1/1 293/1/1
f 706/4/1 707/4/1 699/4/1
f 699/4/1 707/4/1 700/4/1
f 707/8/1 708/8/1 652/8/1
f 652/8/1 708/8/1 653/8/1
f 709/8/1 710/8/1 711/8/1
f 711/8/1 710/8/1 671/8/1
f 712/8/1 713/8/1 714/8/1
f 714/8/1 713/8/1 674/8/1
f 713/8/1 715/8/1 672/8/1
f 672/8/1 715/8/1 675/8/1
f 716/8/1 717/8/1 718/8/1
f 718/8/1 717/8/1 679/8/1
f 717/8/1 719/8/1 676/8/1
f 676/8/1 719/8/1 677/8/1
f 720/8/1 721/8/1 681/8/1
f 681/8/1 721/8/1 683/8/1
f 722/8/1 723/8/1 662/8/1
f 662/8/1 723/8/1 663/8/1
f 723/8/1 724/8/1 644/8/1
f 644/8/1 724/8/1 645/8/1
f 725/1/1 726/1/1 706/1/1
f 706/1/1 726/1/1 727/1/1
f 726/8/1 728/8/1 727/8/1
f 727/8/1 728/8/1 708/8/1
f 728/8/1 729/8/1 666/8/1
f 666/8/1 729/8/1 667/8/1
f 729/8/1 730/8/1 654/8/1
f 654/8/1 730/8/1 711/8/1
f 731/8/1 732/8/1 668/8/1
f 668/8/1 732/8/1 669/8/1
f 732/8/1 733/8/1 670/8/1
f 670/8/1 733/8/1 714/8/1
f 734/8/1 735/8/1 736/8/1
f 736/8/1 735/8/1 715/8/1
f 735/8/1 737/8/1 657/8/1
f 657/8/1 737/8/1 718/8/1
f 738/8/1 739/8/1 740/8/1
f 740/8/1 739/8/1 719/8/1
f 739/8/1 741/8/1 678/8/1
f 678/8/1 741/8/1 682/8/1
f 741/8/1 742/8/1 680/8/1
f 680/8/1 742/8/1 681/8/1
f 743/8/1 744/8/1 661/8/1
f 661/8/1 744/8/1 662/8/1
f 745/1/1 746/1/1 327/1/1
f 327/1/1 746/1/1 328/1/1
f 747/4/1 748/4/1 725/4/1
f 725/4/1 748/4/1 749/4/1
f 750/1/1 751/1/1 747/1/1
f 747/1/1 751/1/1 748/1/1
f 752/1/1 753/1/1 326/1/1
f 326/1/1 753/1/1 327/1/1
f 754/4/1 755/4/1 750/4/1
f 750/4/1 755/4/1 751/4/1
f 756/1/1 757/1/1 290/1/1
f 290/1/1 757/1/1 291/1/1
f 758/1/1 759/1/1 754/1/1
f 754/1/1 759/1/1 755/1/1
f 760/1/1 761/1/1 288/1/1
f 288/1/1 761/1/1 290/1/1
f 762/4/1 763/4/1 758/4/1
f 758/4/1 763/4/1 759/4/1
f 764/1/1 765/1/1 624/1/1
f 624/1/1 765/1/1 625/1/1
f 765/1/1 766/1/1 603/1/1
f 603/1/1 766/1/1 604/1/1
f 767/1/1 768/1/1 762/1/1
f 762/1/1 768/1/1 763/1/1
f 769/1/1 770/1/1 726/1/1
f 726/1/1 770/1/1 730/1/1
f 771/1/1 772/1/1 712/1/1
f 712/1/1 772/1/1 736/1/1
f 772/1/1 773/1/1 734/1/1
f 734/1/1 773/1/1 737/1/1
f 774/1/1 775/1/1 776/1/1
f 776/1/1 775/1/1 742/1/1
f 777/1/1 778/1/1 696/1/1
f 696/1/1 778/1/1 698/1/1
f 778/1/1 779/1/1 688/1/1
f 688/1/1 779/1/1 690/1/1
f 779/1/1 780/1/1 684/1/1
f 684/1/1 780/1/1 685/1/1
f 780/1/1 781/1/1 647/1/1
f 647/1/1 781/1/1 648/1/1
f 781/1/1 782/1/1 636/1/1
f 636/1/1 782/1/1 637/1/1
f 783/4/1 784/4/1 767/4/1
f 767/4/1 784/4/1 768/4/1
f 784/1/1 785/1/1 749/1/1
f 749/1/1 785/1/1 726/1/1
f 785/5/1 786/5/1 769/5/1
f 769/5/1 786/5/1 787/5/1
f 786/1/1 788/1/1 787/1/1
f 787/1/1 788/1/1 770/1/1
f 789/1/1 790/1/1 791/1/1
f 791/1/1 790/1/1 733/1/1
f 792/1/1 793/1/1 794/1/1
f 794/1/1 793/1/1 773/1/1
f 795/1/1 796/1/1 797/1/1
f 797/1/1 796/1/1 776/1/1
f 798/1/1 799/1/1 800/1/1
f 800/1/1 799/1/1 775/1/1
f 801/1/1 802/1/1 695/1/1
f 695/1/1 802/1/1 696/1/1
f 803/1/1 804/1/1 805/1/1
f 805/1/1 804/1/1 779/1/1
f 806/10/1 807/10/1 783/10/1
f 783/10/1 807/10/1 808/10/1
f 807/5/1 809/5/1 808/5/1
f 808/5/1 809/5/1 788/5/1
f 809/1/1 810/1/1 709/1/1
f 709/1/1 810/1/1 710/1/1
f 810/1/1 811/1/1 731/1/1
f 731/1/1 811/1/1 791/1/1
f 812/1/1 813/1/1 814/1/1
f 814/1/1 813/1/1 793/1/1
f 813/1/1 815/1/1 716/1/1
f 716/1/1 815/1/1 740/1/1
f 815/1/1 816/1/1 738/1/1
f 738/1/1 816/1/1 797/1/1
f 817/1/1 818/1/1 720/1/1
f 720/1/1 818/1/1 721/1/1
f 818/1/1 819/1/1 743/1/1
f 743/1/1 819/1/1 744/1/1
f 819/1/1 820/1/1 722/1/1
f 722/1/1 820/1/1 724/1/1
f 820/1/1 821/1/1 701/1/1
f 701/1/1 821/1/1 703/1/1
f 822/4/1 823/4/1 806/4/1
f 806/4/1 823/4/1 824/4/1
f 823/10/1 825/10/1 824/10/1
f 824/10/1 825/10/1 826/10/1
f 825/5/1 827/5/1 826/5/1
f 826/5/1 827/5/1 807/5/1
f 827/10/1 828/10/1 807/10/1
f 807/10/1 828/10/1 829/10/1
f 828/5/1 830/5/1 829/5/1
f 829/5/1 830/5/1 811/5/1
f 830/5/1 831/5/1 789/5/1
f 789/5/1 831/5/1 790/5/1
f 831/5/1 832/5/1 771/5/1
f 771/5/1 832/5/1 794/5/1
f 832/5/1 833/5/1 792/5/1
f 792/5/1 833/5/1 814/5/1
f 833/5/1 834/5/1 812/5/1
f 812/5/1 834/5/1 816/5/1
f 834/5/1 835/5/1 795/5/1
f 795/5/1 835/5/1 796/5/1
f 835/5/1 836/5/1 774/5/1
f 774/5/1 836/5/1 800/5/1
f 836/5/1 837/5/1 798/5/1
f 798/5/1 837/5/1 799/5/1
f 837/5/1 838/5/1 817/5/1
f 817/5/1 838/5/1 821/5/1
f 838/5/1 839/5/1 801/5/1
f 801/5/1 839/5/1 802/5/1
f 839/5/1 840/5/1 777/5/1
f 777/5/1 840/5/1 805/5/1
f 840/5/1 841/5/1 803/5/1
f 803/5/1 841/5/1 804/5/1
f 841/5/1 842/5/1 779/5/1
f 779/5/1 842/5/1 782/5/1
f 842/5/1 843/5/1 764/5/1
f 764/5/1 843/5/1 766/5/1
f 843/5/1 844/5/1 760/5/1
f 760/5/1 844/5/1 761/5/1
f 844/5/1 845/5/1 756/5/1
f 756/5/1 845/5/1 757/5/1
f 845/5/1 846/5/1 752/5/1
f 752/5/1 846/5/1 753/5/1
f 846/5/1 847/5/1 745/5/1
f 745/5/1 847/5/1 746/5/1
f 847/5/1 848/5/1 704/5/1
f 704/5/1 848/5/1 705/5/1
f 848/5/1 849/5/1 691/5/1
f 691/5/1 849/5/1 692/5/1
f 849/5/1 850/5/1 649/5/1
f 649/5/1 850/5/1 650/5/1
f 850/5/1 851/5/1 193/5/1
f 193/5/1 851/5/1 194/5/1
f 852/2/2 853/2/2 855/2/2
f 855/2/2 853/2/2 854/2/2
f 856/2/3 853/2/3 857/2/3
f 857/2/3 853/2/3 852/2/3
f 858/7/3 856/7/3 859/7/3
f 859/7/3 856/7/3 857/7/3
f 860/2/3 858/2/3 861/2/3
f 861/2/3 858/2/3 859/2/3
f 862/7/3 860/7/3 863/7/3
f 863/7/3 860/7/3 861/7/3
f 864/2/3 862/2/3 865/2/3
f 865/2/3 862/2/3 863/2/3
f 866/5/3 864/5/3 867/5/3
f 867/5/3 864/5/3 865/5/3
f 868/2/3 866/2/3 869/2/3
f 869/2/3 866/2/3 867/2/3
f 870/5/3 868/5/3 871/5/3
f 871/5/3 868/5/3 869/5/3
f 872/2/3 870/2/3 873/2/3
f 873/2/3 870/2/3 871/2/3
f 874/9/3 872/9/3 875/9/3
f 875/9/3 872/9/3 873/9/3
f 4/10/3 874/10/3 1/10/3
f 1/10/3 874/10/3 876/10/3
f 1/4/3 876/4/3 127/4/3
f 127/4/3 876/4/3 877/4/3
f 127/10/3 877/10/3 149/10/3
f 149/10/3 877/10/3 878/10/3
f 149/4/3 878/4/3 173/4/3
f 173/4/3 878/4/3 879/4/3
f 173/10/3 879/10/3 195/10/3
f 195/10/3 879/10/3 880/10/3
f 195/4/3 880/4/3 212/4/3
f 212/4/3 880/4/3 881/4/3
f 212/10/3 881/10/3 226/10/3
f 226/10/3 881/10/3 882/10/3
f 226/4/3 882/4/3 237/4/3
f 237/4/3 882/4/3 883/4/3
f 237/10/3 883/10/3 247/10/3
f 247/10/3 883/10/3 884/10/3
f 247/4/3 884/4/3 256/4/3
f 256/4/3 884/4/3 885/4/3
f 256/10/3 885/10/3 267/10/3
f 267/10/3 885/10/3 886/10/3
f 267/4/3 886/4/3 274/4/3
f 274/4/3 886/4/3 887/4/3
f 274/10/3 887/10/3 281/10/3
f 281/10/3 887/10/3 888/10/3
f 281/4/3 888/4/3 294/4/3
f 294/4/3 888/4/3 889/4/3
f 294/10/3 889/10/3 331/10/3
f 331/10/3 889/10/3 890/10/3
f 331/4/3 890/4/3 351/4/3
f 351/4/3 890/4/3 891/4/3
f 351/10/3 891/10/3 362/10/3
f 362/10/3 891/10/3 892/10/3
f 362/4/3 892/4/3 377/4/3
f 377/4/3 892/4/3 893/4/3
f 377/10/3 893/10/3 388/10/3
f 388/10/3 893/10/3 894/10/3
f 388/4/3 894/4/3 407/4/3
f 407/4/3 894/4/3 895/4/3
f 407/1/3 895/1/3 420/1/3
f 420/1/3 895/1/3 896/1/3
f 420/4/3 896/4/3 422/4/3
f 422/4/3 896/4/3 897/4/3
f 422/1/3 897/1/3 429/1/3
f 429/1/3 897/1/3 898/1/3
f 429/4/3 898/4/3 435/4/3
f 435/4/3 898/4/3 899/4/3
f 435/1/3 899/1/3 446/1/3
f 446/1/3 899/1/3 900/1/3
f 446/4/3 900/4/3 450/4/3
f 450/4/3 900/4/3 901/4/3
f 450/1/3 901/1/3 456/1/3
f 456/1/3 901/1/3 902/1/3
f 456/4/3 902/4/3 469/4/3
f 469/4/3 902/4/3 903/4/3
f 469/8/3 903/8/3 481/8/3
f 481/8/3 903/8/3 904/8/3
f 481/4/3 904/4/3 487/4/3
f 487/4/3 904/4/3 905/4/3
f 487/8/3 905/8/3 498/8/3
f 498/8/3 905/8/3 906/8/3
f 498/4/3 906/4/3 502/4/3
f 502/4/3 906/4/3 907/4/3
f 502/1/3 907/1/3 519/1/3
f 519/1/3 907/1/3 908/1/3
f 519/4/3 908/4/3 541/4/3
f 541/4/3 908/4/3 909/4/3
f 541/1/3 909/1/3 543/1/3
f 543/1/3 909/1/3 910/1/3
f 543/4/3 910/4/3 547/4/3
f 547/4/3 910/4/3 911/4/3
f 547/1/3 911/1/3 557/1/3
f 557/1/3 911/1/3 912/1/3
f 557/4/3 912/4/3 561/4/3
f 561/4/3 912/4/3 913/4/3
f 561/1/3 913/1/3 579/1/3
f 579/1/3 913/1/3 914/1/3
f 579/4/3 914/4/3 597/4/3
f 597/4/3 914/4/3 915/4/3
f 597/1/3 915/1/3 605/1/3
f 605/1/3 915/1/3 916/1/3
f 605/4/3 916/4/3 616/4/3
f 616/4/3 916/4/3 917/4/3
f 616/1/3 917/1/3 628/1/3
f 628/1/3 917/1/3 918/1/3
f 628/4/3 918/4/3 632/4/3
f 632/4/3 918/4/3 919/4/3
f 632/1/3 919/1/3 638/1/3
f 638/1/3 919/1/3 920/1/3
f 638/4/3 920/4/3 642/4/3
f 642/4/3 920/4/3 921/4/3
f 642/1/3 921/1/3 651/1/3
f 651/1/3 921/1/3 922/1/3
f 651/4/3 922/4/3 664/4/3
f 664/4/3 922/4/3 923/4/3
f 664/8/3 923/8/3 686/8/3
f 686/8/3 923/8/3 924/8/3
f 686/4/3 924/4/3 693/4/3
f 693/4/3 924/4/3 925/4/3
f 693/8/3 925/8/3 699/8/3
f 699/8/3 925/8/3 926/8/3
f 699/4/3 926/4/3 706/4/3
f 706/4/3 926/4/3 927/4/3
f 706/1/3 927/1/3 725/1/3
f 725/1/3 927/1/3 928/1/3
f 725/4/3 928/4/3 747/4/3
f 747/4/3 928/4/3 929/4/3
f 747/1/3 929/1/3 750/1/3
f 750/1/3 929/1/3 930/1/3
f 750/4/3 930/4/3 754/4/3
f 754/4/3 930/4/3 931/4/3
f 754/1/3 931/1/3 758/1/3
f 758/1/3 931/1/3 932/1/3
f 758/4/3 932/4/3 762/4/3
f 762/4/3 932/4/3 933/4/3
f 762/1/3 933/1/3 767/1/3
f 767/1/3 933/1/3 934/1/3
f 767/4/3 934/4/3 783/4/3
f 783/4/3 934/4/3 935/4/3
f 783/10/3 935/10/3 806/10/3
f 806/10/3 935/10/3 936/10/3
f 806/4/3 936/4/3 822/4/3
f 822/4/3 936/4/3 875/4/3
f 937/10/4 874/10/4 3/10/4
f 3/10/4 874/10/4 4/10/4
f 938/4/4 937/4/4 6/4/4
f 6/4/4 937/4/4 3/4/4
f 939/10/4 938/10/4 10/10/4
f 10/10/4 938/10/4 6/10/4
f 940/4/4 939/4/4 9/4/4
f 9/4/4 939/4/4 10/4/4
f 941/10/4 940/10/4 14/10/4
f 14/10/4 940/10/4 9/10/4
f 942/4/4 941/4/4 13/4/4
f 13/4/4 941/4/4 14/4/4
f 943/10/4 942/10/4 18/10/4
f 18/10/4 942/10/4 13/10/4
f 944/4/4 943/4/4 17/4/4
f 17/4/4 943/4/4 18/4/4
f 945/10/4 944/10/4 22/10/4
f 22/10/4 944/10/4 17/10/4
f 946/4/4 945/4/4 21/4/4
f 21/4/4 945/4/4 22/4/4
f 947/10/4 946/10/4 26/10/4
f 26/10/4 946/10/4 21/10/4
f 948/4/4 947/4/4 25/4/4
f 25/4/4 947/4/4 26/4/4
f 949/10/4 948/10/4 30/10/4
f 30/10/4 948/10/4 25/10/4
f 950/4/4 949/4/4 29/4/4
f 29/4/4 949/4/4 30/4/4
f 951/10/4 950/10/4 34/10/4
f 34/10/4 950/10/4 29/10/4
f 952/4/4 951/4/4 33/4/4
f 33/4/4 951/4/4 34/4/4
f 953/10/4 952/10/4 38/10/4
f 38/10/4 952/10/4 33/10/4
f 954/4/4 953/4/4 37/4/4
f 37/4/4 953/4/4 38/4/4
f 955/10/4 954/10/4 42/10/4
f 42/10/4 954/10/4 37/10/4
f 956/4/4 955/4/4 41/4/4
f 41/4/4 955/4/4 42/4/4
f 957/3/4 956/3/4 46/3/4
f 46/3/4 956/3/4 41/3/4
f 958/4/4 957/4/4 45/4/4
f 45/4/4 957/4/4 46/4/4
f 959/6/4 958/6/4 50/6/4
f 50/6/4 958/6/4 45/6/4
f 960/4/4 959/4/4 49/4/4
f 49/4/4 959/4/4 50/4/4
f 961/6/4 960/6/4 54/6/4
f 54/6/4 960/6/4 49/6/4
f 962/4/4 961/4/4 53/4/4
f 53/4/4 961/4/4 54/4/4
f 963/6/4 962/6/4 58/6/4
f 58/6/4 962/6/4 53/6/4
f 964/4/4 963/4/4 57/4/4
f 57/4/4 963/4/4 58/4/4
f 965/6/4 964/6/4 62/6/4
f 62/6/4 964/6/4 57/6/4
f 966/4/4 965/4/4 61/4/4
f 61/4/4 965/4/4 62/4/4
f 967/6/4 966/6/4 66/6/4
f 66/6/4 966/6/4 61/6/4
f 968/4/4 967/4/4 65/4/4
f 65/4/4 967/4/4 66/4/4
f 969/6/4 968/6/4 70/6/4
f 70/6/4 968/6/4 65/6/4
f 970/4/4 969/4/4 69/4/4
f 69/4/4 969/4/4 70/4/4
f 971/6/4 970/6/4 74/6/4
f 74/6/4 970/6/4 69/6/4
f 972/4/4 971/4/4 73/4/4
f 73/4/4 971/4/4 74/4/4
f 973/6/4 972/6/4 78/6/4
f 78/6/4 972/6/4 73/6/4
f 974/4/4 973/4/4 77/4/4
f 77/4/4 973/4/4 78/4/4
f 975/6/4 974/6/4 82/6/4
f 82/6/4 974/6/4 77/6/4
f 976/4/4 975/4/4 81/4/4
f 81/4/4 975/4/4 82/4/4
f 977/3/4 976/3/4 86/3/4
f 86/3/4 976/3/4 81/3/4
f 978/4/4 977/4/4 85/4/4
f 85/4/4 977/4/4 86/4/4
f 979/6/4 978/6/4 90/6/4
f 90/6/4 978/6/4 85/6/4
f 980/4/4 979/4/4 89/4/4
f 89/4/4 979/4/4 90/4/4
f 981/6/4 980/6/4 94/6/4
f 94/6/4 980/6/4 89/6/4
f 982/4/4 981/4/4 93/4/4
f 93/4/4 981/4/4 94/4/4
f 983/6/4 982/6/4 98/6/4
f 98/6/4 982/6/4 93/6/4
f 984/4/4 983/4/4 97/4/4
f 97/4/4 983/4/4 98/4/4
f 985/6/4 984/6/4 102/6/4
f 102/6/4 984/6/4 97/6/4
f 986/4/4 985/4/4 101/4/4
f 101/4/4 985/4/4 102/4/4
f 987/6/4 986/6/4 106/6/4
f 106/6/4 986/6/4 101/6/4
f 988/4/4 987/4/4 105/4/4
f 105/4/4 987/4/4 106/4/4
f 989/6/4 988/6/4 110/6/4
f 110/6/4 988/6/4 105/6/4
f 990/4/4 989/4/4 109/4/4
f 109/4/4 989/4/4 110/4/4
f 991/6/4 990/6/4 114/6/4
f 114/6/4 990/6/4 109/6/4
f 992/4/4 991/4/4 113/4/4
f 113/4/4 991/4/4 114/4/4
f 993/6/4 992/6/4 118/6/4
f 118/6/4 992/6/4 113/6/4
f 994/4/4 993/4/4 117/4/4
f 117/4/4 993/4/4 118/4/4
f 995/3/4 994/3/4 122/3/4
f 122/3/4 994/3/4 117/3/4
f 996/4/4 995/4/4 121/4/4
f 121/4/4 995/4/4 122/4/4
f 997/10/4 996/10/4 126/10/4
f 126/10/4 996/10/4 121/10/4
f 854/2/4 853/2/4 998/2/4
f 998/2/4 853/2/4 856/2/4
f 998/7/4 856/7/4 999/7/4
f 999/7/4 856/7/4 858/7/4
f 999/2/4 858/2/4 1000/2/4
f 1000/2/4 858/2/4 860/2/4
f 1000/7/4 860/7/4 1001/7/4
f 1001/7/4 860/7/4 862/7/4
f 1001/2/4 862/2/4 1002/2/4
f 1002/2/4 862/2/4 864/2/4
f 1002/5/4 864/5/4 1003/5/4
f 1003/5/4 864/5/4 866/5/4
f 1003/2/4 866/2/4 1004/2/4
f 1004/2/4 866/2/4 868/2/4
f 1004/5/4 868/5/4 1005/5/4
f 1005/5/4 868/5/4 870/5/4
f 1005/2/4 870/2/4 1006/2/4
f 1006/2/4 870/2/4 872/2/4
f 1006/9/4 872/9/4 1007/9/4
f 1007/9/4 872/9/4 874/9/4
f 1007/4/4 997/4/4 125/4/4
f 125/4/4 997/4/4 126/4/4
f 1008/4/1 1009/4/1 1011/4/1
f 1011/4/1 1009/4/1 1010/4/1
f 1012/4/1 1013/4/1 1015/4/1
f 1015/4/1 1013/4/1 1014/4/1
f 1016/4/1 1017/4/1 1019/4/1
f 1019/4/1 1017/4/1 1018/4/1
f 1020/4/1 1021/4/1 1023/4/1
f 1023/4/1 1021/4/1 1022/4/1
f 1024/4/1 1025/4/1 1027/4/1
f 1027/4/1 1025/4/1 1026/4/1
f 1028/4/1 1029/4/1 1031/4/1
f 1031/4/1 1029/4/1 1030/4/1
f 1032/4/1 1033/4/1 1035/4/1
f 1035/4/1 1033/4/1 1034/4/1
f 1036/4/1 1037/4/1 1039/4/1
f 1039/4/1 1037/4/1 1038/4/1
f 1040/4/1 1041/4/1 1043/4/1
f 1043/4/1 1041/4/1 1042/4/1
f 1044/10/1 1045/10/1 1008/10/1
f 1008/10/1 1045/10/1 1009/10/1
f 1046/10/1 1047/10/1 1012/10/1
f 1012/10/1 1047/10/1 1013/10/1
f 1048/10/1 1049/10/1 1016/10/1
f 1016/10/1 1049/10/1 1017/10/1
f 1050/10/1 1051/10/1 1020/10/1
f 1020/10/1 1051/10/1 1021/10/1
f 1052/10/1 1053/10/1 1024/10/1
f 1024/10/1 1053/10/1 1025/10/1
f 1054/10/1 1055/10/1 1028/10/1
f 1028/10/1 1055/10/1 1029/10/1
f 1056/10/1 1057/10/1 1032/10/1
f 1032/10/1 1057/10/1 1033/10/1
f 1058/10/1 1059/10/1 1036/10/1
f 1036/10/1 1059/10/1 1037/10/1
f 1060/10/1 1061/10/1 1040/10/1
f 1040/10/1 1061/10/1 1041/10/1
f 172/10/1 1062/10/1 125/10/1
f 125/10/1 1062/10/1 1011/10/1
f 1062/5/1 1063/5/1 1044/5/1
f 1044/5/1 1063/5/1 1045/5/1
f 1063/10/1 1064/10/1 1010/10/1
f 1010/10/1 1064/10/1 1015/10/1
f 1064/5/1 1065/5/1 1046/5/1
f 1046/5/1 1065/5/1 1047/5/1
f 1065/10/1 1066/10/1 1014/10/1
f 1014/10/1 1066/10/1 1019/10/1
f 1066/5/1 1067/5/1 1048/5/1
f 1048/5/1 1067/5/1 1049/5/1
f 1067/10/1 1068/10/1 1018/10/1
f 1018/10/1 1068/10/1 1023/10/1
f 1068/5/1 1069/5/1 1050/5/1
f 1050/5/1 1069/5/1 1051/5/1
f 1069/10/1 1070/10/1 1022/10/1
f 1022/10/1 1070/10/1 1027/10/1
f 1070/5/1 1071/5/1 1052/5/1
f 1052/5/1 1071/5/1 1053/5/1
f 1071/10/1 1072/10/1 1026/10/1
f 1026/10/1 1072/10/1 1031/10/1
f 1072/5/1 1073/5/1 1054/5/1
f 1054/5/1 1073/5/1 1055/5/1
f 1073/10/1 1074/10/1 1030/10/1
f 1030/10/1 1074/10/1 1035/10/1
f 1074/5/1 1075/5/1 1056/5/1
f 1056/5/1 1075/5/1 1057/5/1
f 1075/10/1 1076/10/1 1034/10/1
f 1034/10/1 1076/10/1 1039/10/1
f 1076/5/1 1077/5/1 1058/5/1
f 1058/5/1 1077/5/1 1059/5/1
f 1078/4/1 1079/4/1 1060/4/1
f 1060/4/1 1079/4/1 1061/4/1
f 1080/10/1 1081/10/1 1062/10/1
f 1062/10/1 1081/10/1 1063/10/1
f 1081/5/1 1082/5/1 1063/5/1
f 1063/5/1 1082/5/1 1064/5/1
f 1082/10/1 1083/10/1 1064/10/1
f 1064/10/1 1083/10/1 1065/10/1
f 1083/5/1 1084/5/1 1065/5/1
f 1065/5/1 1084/5/1 1066/5/1
f 1084/10/1 1085/10/1 1066/10/1
f 1066/10/1 1085/10/1 1067/10/1
f 1085/5/1 1086/5/1 1067/5/1
f 1067/5/1 1086/5/1 1068/5/1
f 1086/10/1 1087/10/1 1068/10/1
f 1068/10/1 1087/10/1 1069/10/1
f 1087/5/1 1088/5/1 1069/5/1
f 1069/5/1 1088/5/1 1070/5/1
f 1088/10/1 1089/10/1 1070/10/1
f 1070/10/1 1089/10/1 1071/10/1
f 1089/5/1 1090/5/1 1071/5/1
f 1071/5/1 1090/5/1 1072/5/1
f 1090/10/1 1091/10/1 1072/10/1
f 1072/10/1 1091/10/1 1073/10/1
f 1091/5/1 1092/5/1 1073/5/1
f 1073/5/1 1092/5/1 1074/5/1
f 1092/10/1 1093/10/1 1074/10/1
f 1074/10/1 1093/10/1 1075/10/1
f 1093/5/1 1094/5/1 1075/5/1
f 1075/5/1 1094/5/1 1076/5/1
f 1094/10/1 1095/10/1 1076/10/1
f 1076/10/1 1095/10/1 1077/10/1
f 1096/10/1 1097/10/1 1078/10/1
f 1078/10/1 1097/10/1 1079/10/1
f 1098/10/1 1099/10/1 1081/10/1
f 1081/10/1 1099/10/1 1082/10/1
f 1100/10/1 1101/10/1 1083/10/1
f 1083/10/1 1101/10/1 1084/10/1
f 1101/5/1 1102/5/1 1084/5/1
f 1084/5/1 1102/5/1 1085/5/1
f 1102/10/1 1103/10/1 1085/10/1
f 1085/10/1 1103/10/1 1086/10/1
f 1103/5/1 1104/5/1 1086/5/1
f 1086/5/1 1104/5/1 1087/5/1
f 1104/10/1 1105/10/1 1087/10/1
f 1087/10/1 1105/10/1 1088/10/1
f 1105/5/1 1106/5/1 1088/5/1
f 1088/5/1 1106/5/1 1089/5/1
f 1106/10/1 1107/10/1 1089/10/1
f 1089/10/1 1107/10/1 1090/10/1
f 1107/5/1 1108/5/1 1090/5/1
f 1090/5/1 1108/5/1 1091/5/1
f 1108/10/1 1109/10/1 1091/10/1
f 1091/10/1 1109/10/1 1092/10/1
f 1109/5/1 1110/5/1 1092/5/1
f 1092/5/1 1110/5/1 1093/5/1
f 1110/10/1 1111/10/1 1093/10/1
f 1093/10/1 1111/10/1 1094/10/1
f 1111/5/1 1112/5/1 1094/5/1
f 1094/5/1 1112/5/1 1095/5/1
f 1113/4/1 1114/4/1 1096/4/1
f 1096/4/1 1114/4/1 1097/4/1
f 1115/10/1 1116/10/1 1101/10/1
f 1101/10/1 1116/10/1 1102/10/1
f 1117/10/1 1118/10/1 1103/10/1
f 1103/10/1 1118/10/1 1104/10/1
f 1118/5/1 1119/5/1 1104/5/1
f 1104/5/1 1119/5/1 1105/5/1
f 1119/10/1 1120/10/1 1105/10/1
f 1105/10/1 1120/10/1 1106/10/1
f 1120/5/1 1121/5/1 1106/5/1
f 1106/5/1 1121/5/1 1107/5/1
f 1121/10/1 1122/10/1 1107/10/1
f 1107/10/1 1122/10/1 1108/10/1
f 1122/5/1 1123/5/1 1108/5/1
f 1108/5/1 1123/5/1 1109/5/1
f 1123/10/1 1124/10/1 1109/10/1
f 1109/10/1 1124/10/1 1110/10/1
f 1124/5/1 1125/5/1 1110/5/1
f 1110/5/1 1125/5/1 1111/5/1
f 1125/10/1 1126/10/1 1111/10/1
f 1111/10/1 1126/10/1 1112/10/1
f 1127/10/1 1128/10/1 1113/10/1
f 1113/10/1 1128/10/1 1114/10/1
f 1129/10/1 1130/10/1 1118/10/1
f 1118/10/1 1130/10/1 1119/10/1
f 1130/5/1 1131/5/1 1119/5/1
f 1119/5/1 1131/5/1 1120/5/1
f 1131/10/1 1132/10/1 1120/10/1
f 1120/10/1 1132/10/1 1121/10/1
f 1132/5/1 1133/5/1 1121/5/1
f 1121/5/1 1133/5/1 1122/5/1
f 1133/10/1 1134/10/1 1122/10/1
f 1122/10/1 1134/10/1 1123/10/1
f 1134/5/1 1135/5/1 1123/5/1
f 1123/5/1 1135/5/1 1124/5/1
f 1135/10/1 1136/10/1 1124/10/1
f 1124/10/1 1136/10/1 1125/10/1
f 1136/5/1 1137/5/1 1125/5/1
f 1125/5/1 1137/5/1 1126/5/1
f 1138/4/1 1139/4/1 1127/4/1
f 1127/4/1 1139/4/1 1128/4/1
f 1140/10/1 1141/10/1 1130/10/1
f 1130/10/1 1141/10/1 1131/10/1
f 1141/5/1 1142/5/1 1131/5/1
f 1131/5/1 1142/5/1 1132/5/1
f 1142/10/1 1143/10/1 1132/10/1
f 1132/10/1 1143/10/1 1133/10/1
f 1143/5/1 1144/5/1 1133/5/1
f 1133/5/1 1144/5/1 1134/5/1
f 1144/10/1 1145/10/1 1134/10/1
f 1134/10/1 1145/10/1 1135/10/1
f 1145/5/1 1146/5/1 1135/5/1
f 1135/5/1 1146/5/1 1136/5/1
f 1146/10/1 1147/10/1 1136/10/1
f 1136/10/1 1147/10/1 1137/10/1
f 1148/10/1 1149/10/1 1138/10/1
f 1138/10/1 1149/10/1 1139/10/1
f 1150/10/1 1151/10/1 1141/10/1
f 1141/10/1 1151/10/1 1142/10/1
f 1151/5/1 1152/5/1 1142/5/1
f 1142/5/1 1152/5/1 1143/5/1
f 1152/10/1 1153/10/1 1143/10/1
f 1143/10/1 1153/10/1 1144/10/1
f 1153/5/1 1154/5/1 1144/5/1
f 1144/5/1 1154/5/1 1145/5/1
f 1154/10/1 1155/10/1 1145/10/1
f 1145/10/1 1155/10/1 1146/10/1
f 1155/5/1 1156/5/1 1146/5/1
f 1146/5/1 1156/5/1 1147/5/1
f 1157/4/1 1158/4/1 1148/4/1
f 1148/4/1 1158/4/1 1149/4/1
f 1159/10/1 1160/10/1 1151/10/1
f 1151/10/1 1160/10/1 1152/10/1
f 1160/5/1 1161/5/1 1152/5/1
f 1152/5/1 1161/5/1 1153/5/1
f 1161/10/1 1162/10/1 1153/10/1
f 1153/10/1 1162/10/1 1154/10/1
f 1162/5/1 1163/5/1 1154/5/1
f 1154/5/1 1163/5/1 1155/5/1
f 1163/10/1 1164/10/1 1155/10/1
f 1155/10/1 1164/10/1 1156/10/1
f 1165/10/1 1166/10/1 1157/10/1
f 1157/10/1 1166/10/1 1158/10/1
f 1167/10/1 1168/10/1 1160/10/1
f 1160/10/1 1168/10/1 1161/10/1
f 1168/5/1 1169/5/1 1161/5/1
f 1161/5/1 1169/5/1 1162/5/1
f 1169/10/1 1170/10/1 1162/10/1
f 1162/10/1 1170/10/1 1163/10/1
f 1170/5/1 1171/5/1 1163/5/1
f 1163/5/1 1171/5/1 1164/5/1
f 1172/4/1 1173/4/1 1165/4/1
f 1165/4/1 1173/4/1 1166/4/1
f 1174/5/1 1175/5/1 1167/5/1
f 1167/5/1 1175/5/1 1168/5/1
f 1175/10/1 1176/10/1 1168/10/1
f 1168/10/1 1176/10/1 1169/10/1
f 1176/5/1 1177/5/1 1169/5/1
f 1169/5/1 1177/5/1 1170/5/1
f 1177/10/1 1178/10/1 1170/10/1
f 1170/10/1 1178/10/1 1171/10/1
f 1179/10/1 1180/10/1 1172/10/1
f 1172/10/1 1180/10/1 1173/10/1
f 1181/10/1 1182/10/1 1174/10/1
f 1174/10/1 1182/10/1 1175/10/1
f 1182/5/1 1183/5/1 1175/5/1
f 1175/5/1 1183/5/1 1176/5/1
f 1183/10/1 1184/10/1 1176/10/1
f 1176/10/1 1184/10/1 1177/10/1
f 1184/5/1 1185/5/1 1177/5/1
f 1177/5/1 1185/5/1 1178/5/1
f 1186/4/1 1187/4/1 1179/4/1
f 1179/4/1 1187/4/1 1180/4/1
f 1188/10/1 1189/10/1 1182/10/1
f 1182/10/1 1189/10/1 1183/10/1
f 1189/5/1 1190/5/1 1183/5/1
f 1183/5/1 1190/5/1 1184/5/1
f 1190/10/1 1191/10/1 1184/10/1
f 1184/10/1 1191/10/1 1185/10/1
f 1192/10/1 1193/10/1 1186/10/1
f 1186/10/1 1193/10/1 1187/10/1
f 1194/5/1 1195/5/1 1188/5/1
f 1188/5/1 1195/5/1 1189/5/1
f 1195/10/1 1196/10/1 1189/10/1
f 1189/10/1 1196/10/1 1190/10/1
f 1196/5/1 1197/5/1 1190/5/1
f 1190/5/1 1197/5/1 1191/5/1
f 1198/4/1 1199/4/1 1192/4/1
f 1192/4/1 1199/4/1 1193/4/1
f 1200/10/1 1201/10/1 1194/10/1
f 1194/10/1 1201/10/1 1195/10/1
f 1201/5/1 1202/5/1 1195/5/1
f 1195/5/1 1202/5/1 1196/5/1
f 1202/10/1 1203/10/1 1196/10/1
f 1196/10/1 1203/10/1 1197/10/1
f 1204/10/1 1205/10/1 1198/10/1
f 1198/10/1 1205/10/1 1199/10/1
f 1206/10/1 1207/10/1 1201/10/1
f 1201/10/1 1207/10/1 1202/10/1
f 1207/5/1 1208/5/1 1202/5/1
f 1202/5/1 1208/5/1 1203/5/1
f 1209/4/1 1210/4/1 1204/4/1
f 1204/4/1 1210/4/1 1205/4/1
f 1211/5/1 1212/5/1 1206/5/1
f 1206/5/1 1212/5/1 1207/5/1
f 1212/10/1 1213/10/1 1207/10/1
f 1207/10/1 1213/10/1 1208/10/1
f 1214/10/1 1215/10/1 1209/10/1
f 1209/10/1 1215/10/1 1210/10/1
f 1216/10/1 1217/10/1 1211/10/1
f 1211/10/1 1217/10/1 1212/10/1
f 1217/5/1 1218/5/1 1212/5/1
f 1212/5/1 1218/5/1 1213/5/1
f 1219/4/1 1220/4/1 1214/4/1
f 1214/4/1 1220/4/1 1215/4/1
f 1221/5/1 1222/5/1 1216/5/1
f 1216/5/1 1222/5/1 1217/5/1
f 1222/10/1 1223/10/1 1217/10/1
f 1217/10/1 1223/10/1 1218/10/1
f 1224/10/1 1225/10/1 1219/10/1
f 1219/10/1 1225/10/1 1220/10/1
f 1226/10/1 1227/10/1 1221/10/1
f 1221/10/1 1227/10/1 1222/10/1
f 1227/5/1 1228/5/1 1222/5/1
f 1222/5/1 1228/5/1 1223/5/1
f 1229/4/1 1230/4/1 1224/4/1
f 1224/4/1 1230/4/1 1225/4/1
f 1231/10/1 1232/10/1 1227/10/1
f 1227/10/1 1232/10/1 1228/10/1
f 1233/10/1 1234/10/1 1229/10/1
f 1229/10/1 1234/10/1 1230/10/1
f 1235/5/1 1236/5/1 1231/5/1
f 1231/5/1 1236/5/1 1232/5/1
f 1237/4/1 1238/4/1 1233/4/1
f 1233/4/1 1238/4/1 1234/4/1
f 1239/10/1 1240/10/1 1235/10/1
f 1235/10/1 1240/10/1 1236/10/1
f 1241/10/1 1242/10/1 1237/10/1
f 1237/10/1 1242/10/1 1238/10/1
f 1243/5/1 1244/5/1 1239/5/1
f 1239/5/1 1244/5/1 1240/5/1
f 1245/4/1 1246/4/1 1241/4/1
f 1241/4/1 1246/4/1 1242/4/1
f 1247/10/1 1248/10/1 1243/10/1
f 1243/10/1 1248/10/1 1244/10/1
f 1249/10/1 1250/10/1 1245/10/1
f 1245/10/1 1250/10/1 1246/10/1
f 1251/5/1 1252/5/1 1247/5/1
f 1247/5/1 1252/5/1 1248/5/1
f 1253/4/1 1254/4/1 1249/4/1
f 1249/4/1 1254/4/1 1250/4/1
f 1255/10/1 1256/10/1 1251/10/1
f 1251/10/1 1256/10/1 1252/10/1
f 1257/10/1 1258/10/1 1253/10/1
f 1253/10/1 1258/10/1 1254/10/1
f 1259/5/1 1260/5/1 1255/5/1
f 1255/5/1 1260/5/1 1256/5/1
f 1261/4/1 1262/4/1 1257/4/1
f 1257/4/1 1262/4/1 1258/4/1
f 1263/10/1 1264/10/1 1259/10/1
f 1259/10/1 1264/10/1 1260/10/1
f 1265/10/1 1266/10/1 1261/10/1
f 1261/10/1 1266/10/1 1262/10/1
f 1267/5/1 1268/5/1 1263/5/1
f 1263/5/1 1268/5/1 1264/5/1
f 1269/4/1 1270/4/1 1265/4/1
f 1265/4/1 1270/4/1 1266/4/1
f 1271/10/1 1272/10/1 1267/10/1
f 1267/10/1 1272/10/1 1268/10/1
f 1273/10/1 1274/10/1 1269/10/1
f 1269/10/1 1274/10/1 1270/10/1
f 1275/5/1 1276/5/1 1271/5/1
f 1271/5/1 1276/5/1 1272/5/1
f 1277/4/1 1278/4/1 1273/4/1
f 1273/4/1 1278/4/1 1274/4/1
f 1279/10/1 1280/10/1 1275/10/1
f 1275/10/1 1280/10/1 1276/10/1
f 1281/10/1 1282/10/1 1277/10/1
f 1277/10/1 1282/10/1 1278/10/1
f 1283/5/1 1284/5/1 1279/5/1
f 1279/5/1 1284/5/1 1280/5/1
f 1285/4/1 1286/4/1 1281/4/1
f 1281/4/1 1286/4/1 1282/4/1
f 1287/10/1 1288/10/1 1283/10/1
f 1283/10/1 1288/10/1 1284/10/1
f 1289/10/1 1290/10/1 1285/10/1
f 1285/10/1 1290/10/1 1286/10/1
f 1291/4/1 1292/4/1 1289/4/1
f 1289/4/1 1292/4/1 1290/4/1
f 1293/5/1 1294/5/1 1287/5/1
f 1287/5/1 1294/5/1 1288/5/1
f 1295/10/1 1296/10/1 1291/10/1
f 1291/10/1 1296/10/1 1292/10/1
f 1297/10/1 1298/10/1 1293/10/1
f 1293/10/1 1298/10/1 1294/10/1
f 1299/4/1 1300/4/1 1295/4/1
f 1295/4/1 1300/4/1 1296/4/1
f 1301/10/1 1302/10/1 1299/10/1
f 1299/10/1 1302/10/1 1300/10/1
f 1303/5/1 1304/5/1 1297/5/1
f 1297/5/1 1304/5/1 1298/5/1
f 1305/4/1 1306/4/1 1301/4/1
f 1301/4/1 1306/4/1 1302/4/1
f 1307/10/1 1308/10/1 1303/10/1
f 1303/10/1 1308/10/1 1304/10/1
f 1309/10/1 1310/10/1 1305/10/1
f 1305/10/1 1310/10/1 1306/10/1
f 1311/4/1 1312/4/1 1309/4/1
f 1309/4/1 1312/4/1 1310/4/1
f 1313/5/1 1314/5/1 1307/5/1
f 1307/5/1 1314/5/1 1308/5/1
f 1315/10/1 1316/10/1 1311/10/1
f 1311/10/1 1316/10/1 1312/10/1
f 1317/10/1 1318/10/1 1313/10/1
f 1313/10/1 1318/10/1 1314/10/1
f 1319/4/1 1320/4/1 1315/4/1
f 1315/4/1 1320/4/1 1316/4/1
f 1321/5/1 1322/5/1 1317/5/1
f 1317/5/1 1322/5/1 1318/5/1
f 1323/10/1 1324/10/1 1319/10/1
f 1319/10/1 1324/10/1 1320/10/1
f 1325/10/1 1326/10/1 1321/10/1
f 1321/10/1 1326/10/1 1322/10/1
f 1327/4/1 1328/4/1 1323/4/1
f 1323/4/1 1328/4/1 1324/4/1
f 1329/5/1 1330/5/1 1325/5/1
f 1325/5/1 1330/5/1 1326/5/1
f 1331/10/1 1332/10/1 1327/10/1
f 1327/10/1 1332/10/1 1328/10/1
f 1333/10/1 1334/10/1 1329/10/1
f 1329/10/1 1334/10/1 1330/10/1
f 1335/4/1 1336/4/1 1331/4/1
f 1331/4/1 1336/4/1 1332/4/1
f 1337/5/1 1338/5/1 1333/5/1
f 1333/5/1 1338/5/1 1334/5/1
f 1339/10/1 1340/10/1 1335/10/1
f 1335/10/1 1340/10/1 1336/10/1
f 1341/10/1 1342/10/1 1337/10/1
f 1337/10/1 1342/10/1 1338/10/1
f 1343/4/1 1344/4/1 1339/4/1
f 1339/4/1 1344/4/1 1340/4/1
f 1345/5/1 1346/5/1 1341/5/1
f 1341/5/1 1346/5/1 1342/5/1
f 1347/10/1 1348/10/1 1343/10/1
f 1343/10/1 1348/10/1 1344/10/1
f 1349/10/1 1350/10/1 1345/10/1
f 1345/10/1 1350/10/1 1346/10/1
f 1351/4/1 1352/4/1 1347/4/1
f 1347/4/1 1352/4/1 1348/4/1
f 1353/5/1 1354/5/1 1349/5/1
f 1349/5/1 1354/5/1 1350/5/1
f 1355/10/1 1356/10/1 1351/10/1
f 1351/10/1 1356/10/1 1352/10/1
f 1357/10/1 1358/10/1 1353/10/1
f 1353/10/1 1358/10/1 1354/10/1
f 1359/4/1 1360/4/1 1355/4/1
f 1355/4/1 1360/4/1 1356/4/1
f 1361/5/1 1362/5/1 1357/5/1
f 1357/5/1 1362/5/1 1358/5/1
f 1363/10/1 1364/10/1 1359/10/1
f 1359/10/1 1364/10/1 1360/10/1
f 1365/10/1 1366/10/1 1361/10/1
f 1361/10/1 1366/10/1 1362/10/1
f 1367/4/1 1368/4/1 1363/4/1
f 1363/4/1 1368/4/1 1364/4/1
f 1369/5/1 1370/5/1 1365/5/1
f 1365/5/1 1370/5/1 1366/5/1
f 1371/10/1 1372/10/1 1367/10/1
f 1367/10/1 1372/10/1 1368/10/1
f 1373/5/1 1374/5/1 1226/5/1
f 1226/5/1 1374/5/1 1227/5/1
f 1374/10/1 1375/10/1 1369/10/1
f 1369/10/1 1375/10/1 1370/10/1
f 1376/4/1 1377/4/1 1371/4/1
f 1371/4/1 1377/4/1 1372/4/1
f 1378/10/1 1379/10/1 1373/10/1
f 1373/10/1 1379/10/1 1374/10/1
f 1379/5/1 1380/5/1 1374/5/1
f 1374/5/1 1380/5/1 1375/5/1
f 1381/10/1 1382/10/1 1376/10/1
f 1376/10/1 1382/10/1 1377/10/1
f 1383/5/1 1384/5/1 1378/5/1
f 1378/5/1 1384/5/1 1379/5/1
f 1384/10/1 1385/10/1 1379/10/1
f 1379/10/1 1385/10/1 1380/10/1
f 1386/4/1 1387/4/1 1381/4/1
f 1381/4/1 1387/4/1 1382/4/1
f 851/5/1 1388/5/1 172/5/1
f 172/5/1 1388/5/1 1062/5/1
f 1388/5/1 1389/5/1 1080/5/1
f 1080/5/1 1389/5/1 1081/5/1
f 1389/5/1 1390/5/1 1098/5/1
f 1098/5/1 1390/5/1 1099/5/1
f 1390/5/1 1391/5/1 1082/5/1
f 1082/5/1 1391/5/1 1083/5/1
f 1391/5/1 1392/5/1 1100/5/1
f 1100/5/1 1392/5/1 1101/5/1
f 1392/5/1 1393/5/1 1115/5/1
f 1115/5/1 1393/5/1 1116/5/1
f 1393/5/1 1394/5/1 1102/5/1
f 1102/5/1 1394/5/1 1103/5/1
f 1394/5/1 1395/5/1 1117/5/1
f 1117/5/1 1395/5/1 1118/5/1
f 1395/5/1 1396/5/1 1129/5/1
f 1129/5/1 1396/5/1 1130/5/1
f 1396/5/1 1397/5/1 1140/5/1
f 1140/5/1 1397/5/1 1141/5/1
f 1397/5/1 1398/5/1 1150/5/1
f 1150/5/1 1398/5/1 1151/5/1
f 1398/5/1 1399/5/1 1159/5/1
f 1159/5/1 1399/5/1 1160/5/1
f 1399/5/1 1400/5/1 1181/5/1
f 1181/5/1 1400/5/1 1182/5/1
f 1400/5/1 1401/5/1 1200/5/1
f 1200/5/1 1401/5/1 1201/5/1
f 1401/10/1 1402/10/1 1383/10/1
f 1383/10/1 1402/10/1 1384/10/1
f 1402/5/1 1403/5/1 1384/5/1
f 1384/5/1 1403/5/1 1385/5/1
f 1403/10/1 1404/10/1 1038/10/1
f 1038/10/1 1404/10/1 1043/10/1
f 1404/10/1 1405/10/1 1386/10/1
f 1386/10/1 1405/10/1 1387/10/1
f 855/2/2 854/2/2 1407/2/2
f 1407/2/2 854/2/2 1406/2/2
f 1408/2/5 1409/2/5 1406/2/5
f 1406/2/5 1409/2/5 1407/2/5
f 1410/7/5 1411/7/5 1408/7/5
f 1408/7/5 1411/7/5 1409/7/5
f 1412/2/5 1413/2/5 1410/2/5
f 1410/2/5 1413/2/5 1411/2/5
f 1414/7/5 1415/7/5 1412/7/5
f 1412/7/5 1415/7/5 1413/7/5
f 1416/2/5 1417/2/5 1414/2/5
f 1414/2/5 1417/2/5 1415/2/5
f 1418/5/5 1419/5/5 1416/5/5
f 1416/5/5 1419/5/5 1417/5/5
f 1420/2/5 1421/2/5 1418/2/5
f 1418/2/5 1421/2/5 1419/2/5
f 1422/5/5 1423/5/5 1420/5/5
f 1420/5/5 1423/5/5 1421/5/5
f 1424/2/5 1425/2/5 1422/2/5
f 1422/2/5 1425/2/5 1423/2/5
f 1426/9/5 1427/9/5 1424/9/5
f 1424/9/5 1427/9/5 1425/9/5
f 1042/4/5 1041/4/5 1426/4/5
f 1426/4/5 1041/4/5 1428/4/5
f 1041/10/5 1061/10/5 1428/10/5
f 1428/10/5 1061/10/5 1429/10/5
f 1061/4/5 1079/4/5 1429/4/5
f 1429/4/5 1079/4/5 1430/4/5
f 1079/10/5 1097/10/5 1430/10/5
f 1430/10/5 1097/10/5 1431/10/5
f 1097/4/5 1114/4/5 1431/4/5
f 1431/4/5 1114/4/5 1432/4/5
f 1114/10/5 1128/10/5 1432/10/5
f 1432/10/5 1128/10/5 1433/10/5
f 1128/4/5 1139/4/5 1433/4/5
f 1433/4/5 1139/4/5 1434/4/5
f 1139/10/5 1149/10/5 1434/10/5
f 1434/10/5 1149/10/5 1435/10/5
f 1149/4/5 1158/4/5 1435/4/5
f 1435/4/5 1158/4/5 1436/4/5
f 1158/10/5 1166/10/5 1436/10/5
f 1436/10/5 1166/10/5 1437/10/5
f 1166/4/5 1173/4/5 1437/4/5
f 1437/4/5 1173/4/5 1438/4/5
f 1173/10/5 1180/10/5 1438/10/5
f 1438/10/5 1180/10/5 1439/10/5
f 1180/4/5 1187/4/5 1439/4/5
f 1439/4/5 1187/4/5 1440/4/5
f 1187/10/5 1193/10/5 1440/10/5
f 1440/10/5 1193/10/5 1441/10/5
f 1193/4/5 1199/4/5 1441/4/5
f 1441/4/5 1199/4/5 1442/4/5
f 1199/10/5 1205/10/5 1442/10/5
f 1442/10/5 1205/10/5 1443/10/5
f 1205/4/5 1210/4/5 1443/4/5
f 1443/4/5 1210/4/5 1444/4/5
f 1210/10/5 1215/10/5 1444/10/5
f 1444/10/5 1215/10/5 1445/10/5
f 1215/4/5 1220/4/5 1445/4/5
f 1445/4/5 1220/4/5 1446/4/5
f 1220/10/5 1225/10/5 1446/10/5
f 1446/10/5 1225/10/5 1447/10/5
f 1225/4/5 1230/4/5 1447/4/5
f 1447/4/5 1230/4/5 1448/4/5
f 1230/10/5 1234/10/5 1448/10/5
f 1448/10/5 1234/10/5 1449/10/5
f 1234/4/5 1238/4/5 1449/4/5
f 1449/4/5 1238/4/5 1450/4/5
f 1238/10/5 1242/10/5 1450/10/5
f 1450/10/5 1242/10/5 1451/10/5
f 1242/4/5 1246/4/5 1451/4/5
f 1451/4/5 1246/4/5 1452/4/5
f 1246/10/5 1250/10/5 1452/10/5
f 1452/10/5 1250/10/5 1453/10/5
f 1250/4/5 1254/4/5 1453/4/5
f 1453/4/5 1254/4/5 1454/4/5
f 1254/10/5 1258/10/5 1454/10/5
f 1454/10/5 1258/10/5 1455/10/5
f 1258/4/5 1262/4/5 1455/4/5
f 1455/4/5 1262/4/5 1456/4/5
f 1262/10/5 1266/10/5 1456/10/5
f 1456/10/5 1266/10/5 1457/10/5
f 1266/4/5 1270/4/5 1457/4/5
f 1457/4/5 1270/4/5 1458/4/5
f 1270/10/5 1274/10/5 1458/10/5
f 1458/10/5 1274/10/5 1459/10/5
f 1274/4/5 1278/4/5 1459/4/5
f 1459/4/5 1278/4/5 1460/4/5
f 1278/10/5 1282/10/5 1460/10/5
f 1460/10/5 1282/10/5 1461/10/5
f 1282/4/5 1286/4/5 1461/4/5
f 1461/4/5 1286/4/5 1462/4/5
f 1286/10/5 1290/10/5 1462/10/5
f 1462/10/5 1290/10/5 1463/10/5
f 1290/4/5 1292/4/5 1463/4/5
f 1463/4/5 1292/4/5 1464/4/5
f 1292/10/5 1296/10/5 1464/10/5
f 1464/10/5 1296/10/5 1465/10/5
f 1296/4/5 1300/4/5 1465/4/5
f 1465/4/5 1300/4/5 1466/4/5
f 1300/10/5 1302/10/5 1466/10/5
f 1466/10/5 1302/10/5 1467/10/5
f 1302/4/5 1306/4/5 1467/4/5
f 1467/4/5 1306/4/5 1468/4/5
f 1306/10/5 1310/10/5 1468/10/5
f 1468/10/5 1310/10/5 1469/10/5
f 1310/4/5 1312/4/5 1469/4/5
f 1469/4/5 1312/4/5 1470/4/5
f 1312/10/5 1316/10/5 1470/10/5
f 1470/10/5 1316/10/5 1471/10/5
f 1316/4/5 1320/4/5 1471/4/5
f 1471/4/5 1320/4/5 1472/4/5
f 1320/10/5 1324/10/5 1472/10/5
f 1472/10/5 1324/10/5 1473/10/5
f 1324/4/5 1328/4/5 1473/4/5
f 1473/4/5 1328/4/5 1474/4/5
f 1328/10/5 1332/10/5 1474/10/5
f 1474/10/5 1332/10/5 1475/10/5
f 1332/4/5 1336/4/5 1475/4/5
f 1475/4/5 1336/4/5 1476/4/5
f 1336/10/5 1340/10/5 1476/10/5
f 1476/10/5 1340/10/5 1477/10/5
f 1340/4/5 1344/4/5 1477/4/5
f 1477/4/5 1344/4/5 1478/4/5
f 1344/10/5 1348/10/5 1478/10/5
f 1478/10/5 1348/10/5 1479/10/5
f 1348/4/5 1352/4/5 1479/4/5
f 1479/4/5 1352/4/5 1480/4/5
f 1352/10/5 1356/10/5 1480/10/5
f 1480/10/5 1356/10/5 1481/10/5
f 1356/4/5 1360/4/5 1481/4/5
f 1481/4/5 1360/4/5 1482/4/5
f 1360/10/5 1364/10/5 1482/10/5
f 1482/10/5 1364/10/5 1483/10/5
f 1364/4/5 1368/4/5 1483/4/5
f 1483/4/5 1368/4/5 1484/4/5
f 1368/10/5 1372/10/5 1484/10/5
f 1484/10/5 1372/10/5 1485/10/5
f 1372/4/5 1377/4/5 1485/4/5
f 1485/4/5 1377/4/5 1486/4/5
f 1377/10/5 1382/10/5 1486/10/5
f 1486/10/5 1382/10/5 1487/10/5
f 1382/4/5 1387/4/5 1487/4/5
f 1487/4/5 1387/4/5 1488/4/5
f 1387/10/5 1405/10/5 1488/10/5
f 1488/10/5 1405/10/5 1427/10/5
f 1489/10/4 1007/10/4 1011/10/4
f 1011/10/4 1007/10/4 125/10/4
f 1490/4/4 1489/4/4 1010/4/4
f 1010/4/4 1489/4/4 1011/4/4
f 1491/10/4 1490/10/4 1015/10/4
f 1015/10/4 1490/10/4 1010/10/4
f 1492/4/4 1491/4/4 1014/4/4
f 1014/4/4 1491/4/4 1015/4/4
f 1493/10/4 1492/10/4 1019/10/4
f 1019/10/4 1492/10/4 1014/10/4
f 1494/4/4 1493/4/4 1018/4/4
f 1018/4/4 1493/4/4 1019/4/4
f 1495/10/4 1494/10/4 1023/10/4
f 1023/10/4 1494/10/4 1018/10/4
f 1496/4/4 1495/4/4 1022/4/4
f 1022/4/4 1495/4/4 1023/4/4
f 1497/10/4 1496/10/4 1027/10/4
f 1027/10/4 1496/10/4 1022/10/4
f 1498/4/4 1497/4/4 1026/4/4
f 1026/4/4 1497/4/4 1027/4/4
f 1499/10/4 1498/10/4 1031/10/4
f 1031/10/4 1498/10/4 1026/10/4
f 1500/4/4 1499/4/4 1030/4/4
f 1030/4/4 1499/4/4 1031/4/4
f 1501/10/4 1500/10/4 1035/10/4
f 1035/10/4 1500/10/4 1030/10/4
f 1502/4/4 1501/4/4 1034/4/4
f 1034/4/4 1501/4/4 1035/4/4
f 1503/10/4 1502/10/4 1039/10/4
f 1039/10/4 1502/10/4 1034/10/4
f 1504/4/4 1503/4/4 1038/4/4
f 1038/4/4 1503/4/4 1039/4/4
f 1505/10/4 1504/10/4 1043/10/4
f 1043/10/4 1504/10/4 1038/10/4
f 1406/2/4 854/2/4 1408/2/4
f 1408/2/4 854/2/4 998/2/4
f 1408/7/4 998/7/4 1410/7/4
f 1410/7/4 998/7/4 999/7/4
f 1410/2/4 999/2/4 1412/2/4
f 1412/2/4 999/2/4 1000/2/4
f 1412/7/4 1000/7/4 1414/7/4
f 1414/7/4 1000/7/4 1001/7/4
f 1414/2/4 1001/2/4 1416/2/4
f 1416/2/4 1001/2/4 1002/2/4
f 1416/5/4 1002/5/4 1418/5/4
f 1418/5/4 1002/5/4 1003/5/4
f 1418/2/4 1003/2/4 1420/2/4
f 1420/2/4 1003/2/4 1004/2/4
f 1420/5/4 1004/5/4 1422/5/4
f 1422/5/4 1004/5/4 1005/5/4
f 1422/2/4 1005/2/4 1424/2/4
f 1424/2/4 1005/2/4 1006/2/4
f 1424/9/4 1006/9/4 1426/9/4
f 1426/9/4 1006/9/4 1007/9/4
f 1426/4/4 1505/4/4 1042/4/4
f 1042/4/4 1505/4/4 1043/4/4
f 1506/10/1 1507/10/1 822/10/1
f 822/10/1 1507/10/1 827/10/1
f 1507/5/1 1508/5/1 827/5/1
f 827/5/1 1508/5/1 851/5/1
f 1509/4/1 1510/4/1 1506/4/1
f 1506/4/1 1510/4/1 1511/4/1
f 1512/5/1 1513/5/1 1514/5/1
f 1514/5/1 1513/5/1 1507/5/1
f 1513/10/1 1515/10/1 1507/10/1
f 1507/10/1 1515/10/1 1516/10/1
f 1515/5/1 1517/5/1 1516/5/1
f 1516/5/1 1517/5/1 1508/5/1
f 1518/10/1 1519/10/1 1509/10/1
f 1509/10/1 1519/10/1 1510/10/1
f 1520/10/1 1521/10/1 1512/10/1
f 1512/10/1 1521/10/1 1513/10/1
f 1521/5/1 1522/5/1 1513/5/1
f 1513/5/1 1522/5/1 1515/5/1
f 1522/10/1 1523/10/1 1515/10/1
f 1515/10/1 1523/10/1 1524/10/1
f 1525/4/1 1526/4/1 1518/4/1
f 1518/4/1 1526/4/1 1519/4/1
f 1527/5/1 1528/5/1 1520/5/1
f 1520/5/1 1528/5/1 1521/5/1
f 1528/10/1 1529/10/1 1521/10/1
f 1521/10/1 1529/10/1 1522/10/1
f 1529/5/1 1530/5/1 1522/5/1
f 1522/5/1 1530/5/1 1523/5/1
f 1531/10/1 1532/10/1 1525/10/1
f 1525/10/1 1532/10/1 1526/10/1
f 1533/10/1 1534/10/1 1527/10/1
f 1527/10/1 1534/10/1 1528/10/1
f 1534/5/1 1535/5/1 1528/5/1
f 1528/5/1 1535/5/1 1529/5/1
f 1535/10/1 1536/10/1 1529/10/1
f 1529/10/1 1536/10/1 1530/10/1
f 1536/5/1 1537/5/1 1524/5/1
f 1524/5/1 1537/5/1 1517/5/1
f 1538/4/1 1539/4/1 1531/4/1
f 1531/4/1 1539/4/1 1532/4/1
f 1540/5/1 1541/5/1 1533/5/1
f 1533/5/1 1541/5/1 1534/5/1
f 1541/10/1 1542/10/1 1534/10/1
f 1534/10/1 1542/10/1 1535/10/1
f 1542/5/1 1543/5/1 1535/5/1
f 1535/5/1 1543/5/1 1536/5/1
f 1543/10/1 1544/10/1 1536/10/1
f 1536/10/1 1544/10/1 1545/10/1
f 1546/10/1 1547/10/1 1538/10/1
f 1538/10/1 1547/10/1 1539/10/1
f 1548/10/1 1549/10/1 1540/10/1
f 1540/10/1 1549/10/1 1541/10/1
f 1549/5/1 1550/5/1 1541/5/1
f 1541/5/1 1550/5/1 1542/5/1
f 1550/10/1 1551/10/1 1542/10/1
f 1542/10/1 1551/10/1 1543/10/1
f 1551/5/1 1552/5/1 1543/5/1
f 1543/5/1 1552/5/1 1544/5/1
f 1553/4/1 1554/4/1 1546/4/1
f 1546/4/1 1554/4/1 1547/4/1
f 1555/5/1 1556/5/1 1548/5/1
f 1548/5/1 1556/5/1 1549/5/1
f 1556/10/1 1557/10/1 1549/10/1
f 1549/10/1 1557/10/1 1550/10/1
f 1557/5/1 1558/5/1 1550/5/1
f 1550/5/1 1558/5/1 1551/5/1
f 1558/10/1 1559/10/1 1551/10/1
f 1551/10/1 1559/10/1 1552/10/1
f 1559/5/1 1560/5/1 1545/5/1
f 1545/5/1 1560/5/1 1537/5/1
f 1561/10/1 1562/10/1 1553/10/1
f 1553/10/1 1562/10/1 1554/10/1
f 1563/10/1 1564/10/1 1555/10/1
f 1555/10/1 1564/10/1 1556/10/1
f 1564/5/1 1565/5/1 1556/5/1
f 1556/5/1 1565/5/1 1557/5/1
f 1565/10/1 1566/10/1 1557/10/1
f 1557/10/1 1566/10/1 1558/10/1
f 1566/5/1 1567/5/1 1558/5/1
f 1558/5/1 1567/5/1 1559/5/1
f 1567/10/1 1568/10/1 1559/10/1
f 1559/10/1 1568/10/1 1569/10/1
f 1568/5/1 1570/5/1 1569/5/1
f 1569/5/1 1570/5/1 1560/5/1
f 1571/4/1 1572/4/1 1561/4/1
f 1561/4/1 1572/4/1 1562/4/1
f 1573/5/1 1574/5/1 1563/5/1
f 1563/5/1 1574/5/1 1564/5/1
f 1574/10/1 1575/10/1 1564/10/1
f 1564/10/1 1575/10/1 1565/10/1
f 1575/5/1 1576/5/1 1565/5/1
f 1565/5/1 1576/5/1 1566/5/1
f 1576/10/1 1577/10/1 1566/10/1
f 1566/10/1 1577/10/1 1567/10/1
f 1577/5/1 1578/5/1 1567/5/1
f 1567/5/1 1578/5/1 1568/5/1
f 1578/10/1 1579/10/1 1568/10/1
f 1568/10/1 1579/10/1 1580/10/1
f 1579/5/1 1581/5/1 1580/5/1
f 1580/5/1 1581/5/1 1570/5/1
f 1582/10/1 1583/10/1 1571/10/1
f 1571/10/1 1583/10/1 1572/10/1
f 1584/10/1 1585/10/1 1573/10/1
f 1573/10/1 1585/10/1 1574/10/1
f 1585/5/1 1586/5/1 1574/5/1
f 1574/5/1 1586/5/1 1575/5/1
f 1586/10/1 1587/10/1 1575/10/1
f 1575/10/1 1587/10/1 1576/10/1
f 1587/5/1 1588/5/1 1576/5/1
f 1576/5/1 1588/5/1 1577/5/1
f 1588/10/1 1589/10/1 1577/10/1
f 1577/10/1 1589/10/1 1578/10/1
f 1589/5/1 1590/5/1 1578/5/1
f 1578/5/1 1590/5/1 1579/5/1
f 1590/10/1 1591/10/1 1579/10/1
f 1579/10/1 1591/10/1 1592/10/1
f 1591/5/1 1593/5/1 1592/5/1
f 1592/5/1 1593/5/1 1581/5/1
f 1594/4/1 1595/4/1 1582/4/1
f 1582/4/1 1595/4/1 1583/4/1
f 1596/5/1 1597/5/1 1584/5/1
f 1584/5/1 1597/5/1 1585/5/1
f 1597/10/1 1598/10/1 1585/10/1
f 1585/10/1 1598/10/1 1586/10/1
f 1598/5/1 1599/5/1 1586/5/1
f 1586/5/1 1599/5/1 1587/5/1
f 1599/10/1 1600/10/1 1587/10/1
f 1587/10/1 1600/10/1 1588/10/1
f 1600/5/1 1601/5/1 1588/5/1
f 1588/5/1 1601/5/1 1589/5/1
f 1601/10/1 1602/10/1 1589/10/1
f 1589/10/1 1602/10/1 1590/10/1
f 1602/5/1 1603/5/1 1590/5/1
f 1590/5/1 1603/5/1 1591/5/1
f 1603/10/1 1604/10/1 1591/10/1
f 1591/10/1 1604/10/1 1605/10/1
f 1604/5/1 1606/5/1 1605/5/1
f 1605/5/1 1606/5/1 1593/5/1
f 1607/10/1 1608/10/1 1594/10/1
f 1594/10/1 1608/10/1 1595/10/1
f 1609/10/1 1610/10/1 1596/10/1
f 1596/10/1 1610/10/1 1597/10/1
f 1610/5/1 1611/5/1 1597/5/1
f 1597/5/1 1611/5/1 1598/5/1
f 1611/10/1 1612/10/1 1598/10/1
f 1598/10/1 1612/10/1 1599/10/1
f 1612/5/1 1613/5/1 1599/5/1
f 1599/5/1 1613/5/1 1600/5/1
f 1613/10/1 1614/10/1 1600/10/1
f 1600/10/1 1614/10/1 1601/10/1
f 1614/5/1 1615/5/1 1601/5/1
f 1601/5/1 1615/5/1 1602/5/1
f 1615/10/1 1616/10/1 1602/10/1
f 1602/10/1 1616/10/1 1603/10/1
f 1616/5/1 1617/5/1 1603/5/1
f 1603/5/1 1617/5/1 1604/5/1
f 1617/10/1 1618/10/1 1604/10/1
f 1604/10/1 1618/10/1 1619/10/1
f 1618/5/1 1620/5/1 1619/5/1
f 1619/5/1 1620/5/1 1621/5/1
f 1620/10/1 1622/10/1 1621/10/1
f 1621/10/1 1622/10/1 1623/10/1
f 1622/5/1 1624/5/1 1623/5/1
f 1623/5/1 1624/5/1 1606/5/1
f 1625/4/1 1626/4/1 1607/4/1
f 1607/4/1 1626/4/1 1608/4/1
f 1627/5/1 1628/5/1 1609/5/1
f 1609/5/1 1628/5/1 1610/5/1
f 1628/10/1 1629/10/1 1610/10/1
f 1610/10/1 1629/10/1 1611/10/1
f 1629/5/1 1630/5/1 1611/5/1
f 1611/5/1 1630/5/1 1612/5/1
f 1630/10/1 1631/10/1 1612/10/1
f 1612/10/1 1631/10/1 1613/10/1
f 1631/5/1 1632/5/1 1613/5/1
f 1613/5/1 1632/5/1 1614/5/1
f 1632/10/1 1633/10/1 1614/10/1
f 1614/10/1 1633/10/1 1615/10/1
f 1633/5/1 1634/5/1 1615/5/1
f 1615/5/1 1634/5/1 1616/5/1
f 1634/10/1 1635/10/1 1616/10/1
f 1616/10/1 1635/10/1 1617/10/1
f 1635/5/1 1636/5/1 1617/5/1
f 1617/5/1 1636/5/1 1618/5/1
f 1636/10/1 1637/10/1 1618/10/1
f 1618/10/1 1637/10/1 1620/10/1
f 1637/5/1 1638/5/1 1620/5/1
f 1620/5/1 1638/5/1 1622/5/1
f 1638/10/1 1639/10/1 1622/10/1
f 1622/10/1 1639/10/1 1640/10/1
f 1639/5/1 1641/5/1 1640/5/1
f 1640/5/1 1641/5/1 1642/5/1
f 1641/10/1 1643/10/1 1642/10/1
f 1642/10/1 1643/10/1 1644/10/1
f 1643/5/1 1645/5/1 1644/5/1
f 1644/5/1 1645/5/1 1624/5/1
f 1646/10/1 1647/10/1 1625/10/1
f 1625/10/1 1647/10/1 1626/10/1
f 1648/10/1 1649/10/1 1627/10/1
f 1627/10/1 1649/10/1 1628/10/1
f 1649/5/1 1650/5/1 1628/5/1
f 1628/5/1 1650/5/1 1629/5/1
f 1650/10/1 1651/10/1 1629/10/1
f 1629/10/1 1651/10/1 1630/10/1
f 1651/5/1 1652/5/1 1630/5/1
f 1630/5/1 1652/5/1 1631/5/1
f 1652/10/1 1653/10/1 1631/10/1
f 1631/10/1 1653/10/1 1632/10/1
f 1653/5/1 1654/5/1 1632/5/1
f 1632/5/1 1654/5/1 1633/5/1
f 1654/10/1 1655/10/1 1633/10/1
f 1633/10/1 1655/10/1 1634/10/1
f 1655/5/1 1656/5/1 1634/5/1
f 1634/5/1 1656/5/1 1635/5/1
f 1656/10/1 1657/10/1 1635/10/1
f 1635/10/1 1657/10/1 1636/10/1
f 1657/5/1 1658/5/1 1636/5/1
f 1636/5/1 1658/5/1 1637/5/1
f 1658/10/1 1659/10/1 1637/10/1
f 1637/10/1 1659/10/1 1638/10/1
f 1659/5/1 1660/5/1 1638/5/1
f 1638/5/1 1660/5/1 1639/5/1
f 1660/10/1 1661/10/1 1639/10/1
f 1639/10/1 1661/10/1 1641/10/1
f 1661/5/1 1662/5/1 1641/5/1
f 1641/5/1 1662/5/1 1643/5/1
f 1662/10/1 1663/10/1 1643/10/1
f 1643/10/1 1663/10/1 1664/10/1
f 1663/5/1 1665/5/1 1664/5/1
f 1664/5/1 1665/5/1 1666/5/1
f 1665/10/1 1667/10/1 1666/10/1
f 1666/10/1 1667/10/1 1668/10/1
f 1667/5/1 1669/5/1 1668/5/1
f 1668/5/1 1669/5/1 1670/5/1
f 1669/10/1 1671/10/1 1670/10/1
f 1670/10/1 1671/10/1 1672/10/1
f 1671/5/1 1673/5/1 1672/5/1
f 1672/5/1 1673/5/1 1674/5/1
f 1673/10/1 1675/10/1 1674/10/1
f 1674/10/1 1675/10/1 1676/10/1
f 1675/5/1 1677/5/1 1676/5/1
f 1676/5/1 1677/5/1 1678/5/1
f 1677/10/1 1679/10/1 1678/10/1
f 1678/10/1 1679/10/1 1645/10/1
f 1680/4/1 1681/4/1 1646/4/1
f 1646/4/1 1681/4/1 1647/4/1
f 1682/5/1 1683/5/1 1648/5/1
f 1648/5/1 1683/5/1 1649/5/1
f 1684/5/1 1685/5/1 1650/5/1
f 1650/5/1 1685/5/1 1651/5/1
f 1686/5/1 1687/5/1 1652/5/1
f 1652/5/1 1687/5/1 1653/5/1
f 1688/5/1 1689/5/1 1654/5/1
f 1654/5/1 1689/5/1 1655/5/1
f 1690/5/1 1691/5/1 1656/5/1
f 1656/5/1 1691/5/1 1657/5/1
f 1692/5/1 1693/5/1 1658/5/1
f 1658/5/1 1693/5/1 1659/5/1
f 1694/5/1 1695/5/1 1660/5/1
f 1660/5/1 1695/5/1 1661/5/1
f 1696/5/1 1697/5/1 1662/5/1
f 1662/5/1 1697/5/1 1663/5/1
f 1698/5/1 1699/5/1 1665/5/1
f 1665/5/1 1699/5/1 1667/5/1
f 1700/5/1 1701/5/1 1669/5/1
f 1669/5/1 1701/5/1 1671/5/1
f 1702/5/1 1703/5/1 1705/5/1
f 1705/5/1 1703/5/1 1704/5/1
f 1706/5/1 1707/5/1 1709/5/1
f 1709/5/1 1707/5/1 1708/5/1
f 1710/5/1 1711/5/1 1713/5/1
f 1713/5/1 1711/5/1 1712/5/1
f 1714/5/1 1715/5/1 1717/5/1
f 1717/5/1 1715/5/1 1716/5/1
f 1718/5/1 1719/5/1 1721/5/1
f 1721/5/1 1719/5/1 1720/5/1
f 1722/5/1 1723/5/1 1725/5/1
f 1725/5/1 1723/5/1 1724/5/1
f 1726/5/1 1727/5/1 1729/5/1
f 1729/5/1 1727/5/1 1728/5/1
f 1730/5/1 1731/5/1 1733/5/1
f 1733/5/1 1731/5/1 1732/5/1
f 1734/5/1 1735/5/1 1737/5/1
f 1737/5/1 1735/5/1 1736/5/1
f 1738/5/1 1739/5/1 1741/5/1
f 1741/5/1 1739/5/1 1740/5/1
f 1742/5/1 1743/5/1 1745/5/1
f 1745/5/1 1743/5/1 1744/5/1
f 1746/5/1 1747/5/1 1749/5/1
f 1749/5/1 1747/5/1 1748/5/1
f 1750/5/1 1751/5/1 1753/5/1
f 1753/5/1 1751/5/1 1752/5/1
f 1754/5/1 1755/5/1 1757/5/1
f 1757/5/1 1755/5/1 1756/5/1
f 1758/5/1 1759/5/1 1761/5/1
f 1761/5/1 1759/5/1 1760/5/1
f 1762/5/1 1763/5/1 1765/5/1
f 1765/5/1 1763/5/1 1764/5/1
f 1766/5/1 1767/5/1 1769/5/1
f 1769/5/1 1767/5/1 1768/5/1
f 1770/5/1 1771/5/1 1673/5/1
f 1673/5/1 1771/5/1 1675/5/1
f 1772/5/1 1773/5/1 1677/5/1
f 1677/5/1 1773/5/1 1679/5/1
f 1774/10/1 1775/10/1 1680/10/1
f 1680/10/1 1775/10/1 1681/10/1
f 1776/10/1 1777/10/1 1682/10/1
f 1682/10/1 1777/10/1 1683/10/1
f 1778/10/1 1779/10/1 1684/10/1
f 1684/10/1 1779/10/1 1685/10/1
f 1780/10/1 1781/10/1 1686/10/1
f 1686/10/1 1781/10/1 1687/10/1
f 1782/10/1 1783/10/1 1688/10/1
f 1688/10/1 1783/10/1 1689/10/1
f 1784/10/1 1785/10/1 1690/10/1
f 1690/10/1 1785/10/1 1691/10/1
f 1786/10/1 1787/10/1 1692/10/1
f 1692/10/1 1787/10/1 1693/10/1
f 1788/10/1 1789/10/1 1694/10/1
f 1694/10/1 1789/10/1 1695/10/1
f 1790/10/1 1791/10/1 1696/10/1
f 1696/10/1 1791/10/1 1697/10/1
f 1792/10/1 1793/10/1 1698/10/1
f 1698/10/1 1793/10/1 1699/10/1
f 1794/10/1 1795/10/1 1700/10/1
f 1700/10/1 1795/10/1 1701/10/1
f 1796/10/1 1797/10/1 1702/10/1
f 1702/10/1 1797/10/1 1703/10/1
f 1798/10/1 1799/10/1 1706/10/1
f 1706/10/1 1799/10/1 1707/10/1
f 1800/10/1 1801/10/1 1710/10/1
f 1710/10/1 1801/10/1 1711/10/1
f 1802/10/1 1803/10/1 1714/10/1
f 1714/10/1 1803/10/1 1715/10/1
f 1804/10/1 1805/10/1 1718/10/1
f 1718/10/1 1805/10/1 1719/10/1
f 1806/10/1 1807/10/1 1722/10/1
f 1722/10/1 1807/10/1 1723/10/1
f 1808/10/1 1809/10/1 1726/10/1
f 1726/10/1 1809/10/1 1727/10/1
f 1810/10/1 1811/10/1 1730/10/1
f 1730/10/1 1811/10/1 1731/10/1
f 1811/10/1 1812/10/1 1732/10/1
f 1732/10/1 1812/10/1 1737/10/1
f 1813/10/1 1814/10/1 1815/10/1
f 1815/10/1 1814/10/1 1735/10/1
f 1816/10/1 1817/10/1 1738/10/1
f 1738/10/1 1817/10/1 1739/10/1
f 1817/10/1 1818/10/1 1740/10/1
f 1740/10/1 1818/10/1 1745/10/1
f 1819/10/1 1820/10/1 1744/10/1
f 1744/10/1 1820/10/1 1749/10/1
f 1821/10/1 1822/10/1 1748/10/1
f 1748/10/1 1822/10/1 1753/10/1
f 1823/10/1 1824/10/1 1752/10/1
f 1752/10/1 1824/10/1 1757/10/1
f 1825/10/1 1826/10/1 1756/10/1
f 1756/10/1 1826/10/1 1761/10/1
f 1827/10/1 1828/10/1 1760/10/1
f 1760/10/1 1828/10/1 1765/10/1
f 1829/10/1 1830/10/1 1764/10/1
f 1764/10/1 1830/10/1 1769/10/1
f 1831/10/1 1832/10/1 1768/10/1
f 1768/10/1 1832/10/1 1673/10/1
f 1833/10/1 1834/10/1 1675/10/1
f 1675/10/1 1834/10/1 1677/10/1
f 1835/4/1 1836/4/1 1774/4/1
f 1774/4/1 1836/4/1 1775/4/1
f 1836/10/1 1837/10/1 1511/10/1
f 1511/10/1 1837/10/1 1514/10/1
f 1837/4/1 1838/4/1 1776/4/1
f 1776/4/1 1838/4/1 1777/4/1
f 1838/10/1 1839/10/1 1649/10/1
f 1649/10/1 1839/10/1 1650/10/1
f 1839/4/1 1840/4/1 1778/4/1
f 1778/4/1 1840/4/1 1779/4/1
f 1840/10/1 1841/10/1 1651/10/1
f 1651/10/1 1841/10/1 1652/10/1
f 1841/4/1 1842/4/1 1780/4/1
f 1780/4/1 1842/4/1 1781/4/1
f 1842/10/1 1843/10/1 1653/10/1
f 1653/10/1 1843/10/1 1654/10/1
f 1843/4/1 1844/4/1 1782/4/1
f 1782/4/1 1844/4/1 1783/4/1
f 1844/10/1 1845/10/1 1655/10/1
f 1655/10/1 1845/10/1 1656/10/1
f 1845/4/1 1846/4/1 1784/4/1
f 1784/4/1 1846/4/1 1785/4/1
f 1846/10/1 1847/10/1 1657/10/1
f 1657/10/1 1847/10/1 1658/10/1
f 1847/4/1 1848/4/1 1786/4/1
f 1786/4/1 1848/4/1 1787/4/1
f 1848/10/1 1849/10/1 1659/10/1
f 1659/10/1 1849/10/1 1660/10/1
f 1849/4/1 1850/4/1 1788/4/1
f 1788/4/1 1850/4/1 1789/4/1
f 1850/10/1 1851/10/1 1661/10/1
f 1661/10/1 1851/10/1 1662/10/1
f 1851/4/1 1852/4/1 1790/4/1
f 1790/4/1 1852/4/1 1791/4/1
f 1852/10/1 1853/10/1 1663/10/1
f 1663/10/1 1853/10/1 1665/10/1
f 1853/4/1 1854/4/1 1792/4/1
f 1792/4/1 1854/4/1 1793/4/1
f 1854/10/1 1855/10/1 1667/10/1
f 1667/10/1 1855/10/1 1669/10/1
f 1855/4/1 1856/4/1 1794/4/1
f 1794/4/1 1856/4/1 1795/4/1
f 1856/10/1 1857/10/1 1671/10/1
f 1671/10/1 1857/10/1 1705/10/1
f 1857/4/1 1858/4/1 1796/4/1
f 1796/4/1 1858/4/1 1797/4/1
f 1858/10/1 1859/10/1 1704/10/1
f 1704/10/1 1859/10/1 1709/10/1
f 1859/4/1 1860/4/1 1798/4/1
f 1798/4/1 1860/4/1 1799/4/1
f 1860/10/1 1861/10/1 1708/10/1
f 1708/10/1 1861/10/1 1713/10/1
f 1861/4/1 1862/4/1 1800/4/1
f 1800/4/1 1862/4/1 1801/4/1
f 1862/10/1 1863/10/1 1712/10/1
f 1712/10/1 1863/10/1 1717/10/1
f 1863/4/1 1864/4/1 1802/4/1
f 1802/4/1 1864/4/1 1803/4/1
f 1864/10/1 1865/10/1 1716/10/1
f 1716/10/1 1865/10/1 1721/10/1
f 1865/4/1 1866/4/1 1804/4/1
f 1804/4/1 1866/4/1 1805/4/1
f 1866/10/1 1867/10/1 1720/10/1
f 1720/10/1 1867/10/1 1725/10/1
f 1867/4/1 1868/4/1 1806/4/1
f 1806/4/1 1868/4/1 1807/4/1
f 1868/10/1 1869/10/1 1724/10/1
f 1724/10/1 1869/10/1 1729/10/1
f 1869/4/1 1870/4/1 1808/4/1
f 1808/4/1 1870/4/1 1809/4/1
f 1870/10/1 1871/10/1 1728/10/1
f 1728/10/1 1871/10/1 1733/10/1
f 1871/4/1 1872/4/1 1810/4/1
f 1810/4/1 1872/4/1 1873/4/1
f 1872/10/1 1874/10/1 1873/10/1
f 1873/10/1 1874/10/1 1811/10/1
f 1874/4/1 1875/4/1 1811/4/1
f 1811/4/1 1875/4/1 1812/4/1
f 1875/10/1 1876/10/1 1734/10/1
f 1734/10/1 1876/10/1 1815/10/1
f 1876/4/1 1877/4/1 1813/4/1
f 1813/4/1 1877/4/1 1814/4/1
f 1877/10/1 1878/10/1 1736/10/1
f 1736/10/1 1878/10/1 1741/10/1
f 1878/4/1 1879/4/1 1816/4/1
f 1816/4/1 1879/4/1 1880/4/1
f 1879/10/1 1881/10/1 1880/10/1
f 1880/10/1 1881/10/1 1817/10/1
f 1881/4/1 1882/4/1 1817/4/1
f 1817/4/1 1882/4/1 1818/4/1
f 1882/10/1 1883/10/1 1742/10/1
f 1742/10/1 1883/10/1 1743/10/1
f 1883/4/1 1884/4/1 1819/4/1
f 1819/4/1 1884/4/1 1820/4/1
f 1884/10/1 1885/10/1 1746/10/1
f 1746/10/1 1885/10/1 1747/10/1
f 1885/4/1 1886/4/1 1821/4/1
f 1821/4/1 1886/4/1 1822/4/1
f 1886/10/1 1887/10/1 1750/10/1
f 1750/10/1 1887/10/1 1751/10/1
f 1887/4/1 1888/4/1 1823/4/1
f 1823/4/1 1888/4/1 1824/4/1
f 1888/10/1 1889/10/1 1754/10/1
f 1754/10/1 1889/10/1 1755/10/1
f 1889/4/1 1890/4/1 1825/4/1
f 1825/4/1 1890/4/1 1826/4/1
f 1890/10/1 1891/10/1 1758/10/1
f 1758/10/1 1891/10/1 1759/10/1
f 1891/4/1 1892/4/1 1827/4/1
f 1827/4/1 1892/4/1 1828/4/1
f 1892/10/1 1893/10/1 1762/10/1
f 1762/10/1 1893/10/1 1763/10/1
f 1893/4/1 1894/4/1 1829/4/1
f 1829/4/1 1894/4/1 1830/4/1
f 1894/10/1 1895/10/1 1766/10/1
f 1766/10/1 1895/10/1 1767/10/1
f 1895/4/1 1896/4/1 1831/4/1
f 1831/4/1 1896/4/1 1832/4/1
f 1896/10/1 1897/10/1 1770/10/1
f 1770/10/1 1897/10/1 1771/10/1
f 1897/4/1 1898/4/1 1833/4/1
f 1833/4/1 1898/4/1 1834/4/1
f 1898/10/1 1899/10/1 1772/10/1
f 1772/10/1 1899/10/1 1773/10/1
f 1900/2/2 852/2/2 1901/2/2
f 1901/2/2 852/2/2 855/2/2
f 857/2/3 852/2/3 1902/2/3
f 1902/2/3 852/2/3 1900/2/3
f 859/7/3 857/7/3 1903/7/3
f 1903/7/3 857/7/3 1902/7/3
f 861/2/3 859/2/3 1904/2/3
f 1904/2/3 859/2/3 1903/2/3
f 863/7/3 861/7/3 1905/7/3
f 1905/7/3 861/7/3 1904/7/3
f 865/2/3 863/2/3 1906/2/3
f 1906/2/3 863/2/3 1905/2/3
f 867/5/3 865/5/3 1907/5/3
f 1907/5/3 865/5/3 1906/5/3
f 869/2/3 867/2/3 1908/2/3
f 1908/2/3 867/2/3 1907/2/3
f 871/5/3 869/5/3 1909/5/3
f 1909/5/3 869/5/3 1908/5/3
f 873/2/3 871/2/3 1910/2/3
f 1910/2/3 871/2/3 1909/2/3
f 875/9/3 873/9/3 1911/9/3
f 1911/9/3 873/9/3 1910/9/3
f 822/10/3 875/10/3 1506/10/3
f 1506/10/3 875/10/3 1912/10/3
f 1506/4/3 1912/4/3 1509/4/3
f 1509/4/3 1912/4/3 1913/4/3
f 1509/10/3 1913/10/3 1518/10/3
f 1518/10/3 1913/10/3 1914/10/3
f 1518/4/3 1914/4/3 1525/4/3
f 1525/4/3 1914/4/3 1915/4/3
f 1525/10/3 1915/10/3 1531/10/3
f 1531/10/3 1915/10/3 1916/10/3
f 1531/4/3 1916/4/3 1538/4/3
f 1538/4/3 1916/4/3 1917/4/3
f 1538/10/3 1917/10/3 1546/10/3
f 1546/10/3 1917/10/3 1918/10/3
f 1546/4/3 1918/4/3 1553/4/3
f 1553/4/3 1918/4/3 1919/4/3
f 1553/10/3 1919/10/3 1561/10/3
f 1561/10/3 1919/10/3 1920/10/3
f 1561/4/3 1920/4/3 1571/4/3
f 1571/4/3 1920/4/3 1921/4/3
f 1571/10/3 1921/10/3 1582/10/3
f 1582/10/3 1921/10/3 1922/10/3
f 1582/4/3 1922/4/3 1594/4/3
f 1594/4/3 1922/4/3 1923/4/3
f 1594/10/3 1923/10/3 1607/10/3
f 1607/10/3 1923/10/3 1924/10/3
f 1607/4/3 1924/4/3 1625/4/3
f 1625/4/3 1924/4/3 1925/4/3
f 1625/10/3 1925/10/3 1646/10/3
f 1646/10/3 1925/10/3 1926/10/3
f 1646/4/3 1926/4/3 1680/4/3
f 1680/4/3 1926/4/3 1927/4/3
f 1680/10/3 1927/10/3 1774/10/3
f 1774/10/3 1927/10/3 1928/10/3
f 1774/4/3 1928/4/3 1835/4/3
f 1835/4/3 1928/4/3 1911/4/3
f 1929/4/6 1836/4/6 1911/4/6
f 1911/4/6 1836/4/6 1835/4/6
f 1930/10/6 1837/10/6 1929/10/6
f 1929/10/6 1837/10/6 1836/10/6
f 1931/4/6 1838/4/6 1930/4/6
f 1930/4/6 1838/4/6 1837/4/6
f 1932/10/6 1839/10/6 1931/10/6
f 1931/10/6 1839/10/6 1838/10/6
f 1933/4/6 1840/4/6 1932/4/6
f 1932/4/6 1840/4/6 1839/4/6
f 1934/10/6 1841/10/6 1933/10/6
f 1933/10/6 1841/10/6 1840/10/6
f 1935/4/6 1842/4/6 1934/4/6
f 1934/4/6 1842/4/6 1841/4/6
f 1936/10/6 1843/10/6 1935/10/6
f 1935/10/6 1843/10/6 1842/10/6
f 1937/4/6 1844/4/6 1936/4/6
f 1936/4/6 1844/4/6 1843/4/6
f 1938/10/6 1845/10/6 1937/10/6
f 1937/10/6 1845/10/6 1844/10/6
f 1939/4/6 1846/4/6 1938/4/6
f 1938/4/6 1846/4/6 1845/4/6
f 1940/10/6 1847/10/6 1939/10/6
f 1939/10/6 1847/10/6 1846/10/6
f 1941/4/6 1848/4/6 1940/4/6
f 1940/4/6 1848/4/6 1847/4/6
f 1942/10/6 1849/10/6 1941/10/6
f 1941/10/6 1849/10/6 1848/10/6
f 1943/4/6 1850/4/6 1942/4/6
f 1942/4/6 1850/4/6 1849/4/6
f 1944/10/6 1851/10/6 1943/10/6
f 1943/10/6 1851/10/6 1850/10/6
f 1945/4/6 1852/4/6 1944/4/6
f 1944/4/6 1852/4/6 1851/4/6
f 1946/10/6 1853/10/6 1945/10/6
f 1945/10/6 1853/10/6 1852/10/6
f 1947/4/6 1854/4/6 1946/4/6
f 1946/4/6 1854/4/6 1853/4/6
f 1948/10/6 1855/10/6 1947/10/6
f 1947/10/6 1855/10/6 1854/10/6
f 1949/4/6 1856/4/6 1948/4/6
f 1948/4/6 1856/4/6 1855/4/6
f 1950/10/6 1857/10/6 1949/10/6
f 1949/10/6 1857/10/6 1856/10/6
f 1951/4/6 1858/4/6 1950/4/6
f 1950/4/6 1858/4/6 1857/4/6
f 1952/10/6 1859/10/6 1951/10/6
f 1951/10/6 1859/10/6 1858/10/6
f 1953/4/6 1860/4/6 1952/4/6
f 1952/4/6 1860/4/6 1859/4/6
f 1954/10/6 1861/10/6 1953/10/6
f 1953/10/6 1861/10/6 1860/10/6
f 1955/4/6 1862/4/6 1954/4/6
f 1954/4/6 1862/4/6 1861/4/6
f 1956/10/6 1863/10/6 1955/10/6
f 1955/10/6 1863/10/6 1862/10/6
f 1957/4/6 1864/4/6 1956/4/6
f 1956/4/6 1864/4/6 1863/4/6
f 1958/10/6 1865/10/6 1957/10/6
f 1957/10/6 1865/10/6 1864/10/6
f 1959/4/6 1866/4/6 1958/4/6
f 1958/4/6 1866/4/6 1865/4/6
f 1960/10/6 1867/10/6 1959/10/6
f 1959/10/6 1867/10/6 1866/10/6
f 1961/4/6 1868/4/6 1960/4/6
f 1960/4/6 1868/4/6 1867/4/6
f 1962/10/6 1869/10/6 1961/10/6
f 1961/10/6 1869/10/6 1868/10/6
f 1963/4/6 1870/4/6 1962/4/6
f 1962/4/6 1870/4/6 1869/4/6
f 1964/10/6 1871/10/6 1963/10/6
f 1963/10/6 1871/10/6 1870/10/6
f 1965/4/6 1872/4/6 1964/4/6
f 1964/4/6 1872/4/6 1871/4/6
f 1966/10/6 1874/10/6 1965/10/6
f 1965/10/6 1874/10/6 1872/10/6
f 1967/4/6 1875/4/6 1966/4/6
f 1966/4/6 1875/4/6 1874/4/6
f 1968/10/6 1876/10/6 1967/10/6
f 1967/10/6 1876/10/6 1875/10/6
f 1969/4/6 1877/4/6 1968/4/6
f 1968/4/6 1877/4/6 1876/4/6
f 1970/10/6 1878/10/6 1969/10/6
f 1969/10/6 1878/10/6 1877/10/6
f 1971/4/6 1879/4/6 1970/4/6
f 1970/4/6 1879/4/6 1878/4/6
f 1972/10/6 1881/10/6 1971/10/6
f 1971/10/6 1881/10/6 1879/10/6
f 1973/4/6 1882/4/6 1972/4/6
f 1972/4/6 1882/4/6 1881/4/6
f 1974/10/6 1883/10/6 1973/10/6
f 1973/10/6 1883/10/6 1882/10/6
f 1975/4/6 1884/4/6 1974/4/6
f 1974/4/6 1884/4/6 1883/4/6
f 1976/10/6 1885/10/6 1975/10/6
f 1975/10/6 1885/10/6 1884/10/6
f 1977/4/6 1886/4/6 1976/4/6
f 1976/4/6 1886/4/6 1885/4/6
f 1978/10/6 1887/10/6 1977/10/6
f 1977/10/6 1887/10/6 1886/10/6
f 1979/4/6 1888/4/6 1978/4/6
f 1978/4/6 1888/4/6 1887/4/6
f 1980/10/6 1889/10/6 1979/10/6
f 1979/10/6 1889/10/6 1888/10/6
f 1981/4/6 1890/4/6 1980/4/6
f 1980/4/6 1890/4/6 1889/4/6
f 1982/10/6 1891/10/6 1981/10/6
f 1981/10/6 1891/10/6 1890/10/6
f 1983/4/6 1892/4/6 1982/4/6
f 1982/4/6 1892/4/6 1891/4/6
f 1984/10/6 1893/10/6 1983/10/6
f 1983/10/6 1893/10/6 1892/10/6
f 1985/4/6 1894/4/6 1984/4/6
f 1984/4/6 1894/4/6 1893/4/6
f 1986/10/6 1895/10/6 1985/10/6
f 1985/10/6 1895/10/6 1894/10/6
f 1987/4/6 1896/4/6 1986/4/6
f 1986/4/6 1896/4/6 1895/4/6
f 1988/10/6 1897/10/6 1987/10/6
f 1987/10/6 1897/10/6 1896/10/6
f 1989/4/6 1898/4/6 1988/4/6
f 1988/4/6 1898/4/6 1897/4/6
f 1901/2/6 1990/2/6 1900/2/6
f 1900/2/6 1990/2/6 1902/2/6
f 1990/7/6 1991/7/6 1902/7/6
f 1902/7/6 1991/7/6 1903/7/6
f 1991/2/6 1992/2/6 1903/2/6
f 1903/2/6 1992/2/6 1904/2/6
f 1992/7/6 1993/7/6 1904/7/6
f 1904/7/6 1993/7/6 1905/7/6
f 1993/2/6 1994/2/6 1905/2/6
f 1905/2/6 1994/2/6 1906/2/6
f 1994/5/6 1995/5/6 1906/5/6
f 1906/5/6 1995/5/6 1907/5/6
f 1995/2/6 1996/2/6 1907/2/6
f 1907/2/6 1996/2/6 1908/2/6
f 1996/5/6 1997/5/6 1908/5/6
f 1908/5/6 1997/5/6 1909/5/6
f 1997/2/6 1998/2/6 1909/2/6
f 1909/2/6 1998/2/6 1910/2/6
f 1998/9/6 1999/9/6 1910/9/6
f 1910/9/6 1999/9/6 1911/9/6
f 1999/10/6 1899/10/6 1989/10/6
f 1989/10/6 1899/10/6 1898/10/6
f 2000/5/1 2001/5/1 1401/5/1
f 1401/5/1 2001/5/1 1402/5/1
f 2001/10/1 2002/10/1 1402/10/1
f 1402/10/1 2002/10/1 1404/10/1
f 2002/4/1 2003/4/1 1404/4/1
f 1404/4/1 2003/4/1 1405/4/1
f 2004/5/1 2005/5/1 1400/5/1
f 1400/5/1 2005/5/1 1401/5/1
f 2005/10/1 2006/10/1 2000/10/1
f 2000/10/1 2006/10/1 2001/10/1
f 2006/5/1 2007/5/1 2001/5/1
f 2001/5/1 2007/5/1 2008/5/1
f 2009/10/1 2010/10/1 2002/10/1
f 2002/10/1 2010/10/1 2003/10/1
f 2011/10/1 2012/10/1 2004/10/1
f 2004/10/1 2012/10/1 2005/10/1
f 2012/5/1 2013/5/1 2005/5/1
f 2005/5/1 2013/5/1 2006/5/1
f 2013/10/1 2014/10/1 2006/10/1
f 2006/10/1 2014/10/1 2007/10/1
f 2015/4/1 2016/4/1 2009/4/1
f 2009/4/1 2016/4/1 2010/4/1
f 2017/5/1 2018/5/1 2011/5/1
f 2011/5/1 2018/5/1 2012/5/1
f 2018/10/1 2019/10/1 2012/10/1
f 2012/10/1 2019/10/1 2013/10/1
f 2019/5/1 2020/5/1 2013/5/1
f 2013/5/1 2020/5/1 2014/5/1
f 2021/10/1 2022/10/1 2015/10/1
f 2015/10/1 2022/10/1 2016/10/1
f 2023/5/1 2024/5/1 1399/5/1
f 1399/5/1 2024/5/1 1400/5/1
f 2024/10/1 2025/10/1 2017/10/1
f 2017/10/1 2025/10/1 2018/10/1
f 2025/5/1 2026/5/1 2018/5/1
f 2018/5/1 2026/5/1 2019/5/1
f 2026/10/1 2027/10/1 2019/10/1
f 2019/10/1 2027/10/1 2020/10/1
f 2028/4/1 2029/4/1 2021/4/1
f 2021/4/1 2029/4/1 2022/4/1
f 2030/10/1 2031/10/1 2023/10/1
f 2023/10/1 2031/10/1 2024/10/1
f 2031/5/1 2032/5/1 2024/5/1
f 2024/5/1 2032/5/1 2025/5/1
f 2032/10/1 2033/10/1 2025/10/1
f 2025/10/1 2033/10/1 2026/10/1
f 2033/5/1 2034/5/1 2026/5/1
f 2026/5/1 2034/5/1 2027/5/1
f 2035/10/1 2036/10/1 2028/10/1
f 2028/10/1 2036/10/1 2029/10/1
f 2037/5/1 2038/5/1 2030/5/1
f 2030/5/1 2038/5/1 2031/5/1
f 2038/10/1 2039/10/1 2031/10/1
f 2031/10/1 2039/10/1 2032/10/1
f 2039/5/1 2040/5/1 2032/5/1
f 2032/5/1 2040/5/1 2033/5/1
f 2040/10/1 2041/10/1 2033/10/1
f 2033/10/1 2041/10/1 2034/10/1
f 2042/4/1 2043/4/1 2035/4/1
f 2035/4/1 2043/4/1 2036/4/1
f 2044/5/1 2045/5/1 1398/5/1
f 1398/5/1 2045/5/1 1399/5/1
f 2045/10/1 2046/10/1 2037/10/1
f 2037/10/1 2046/10/1 2038/10/1
f 2046/5/1 2047/5/1 2038/5/1
f 2038/5/1 2047/5/1 2039/5/1
f 2047/10/1 2048/10/1 2039/10/1
f 2039/10/1 2048/10/1 2040/10/1
f 2048/5/1 2049/5/1 2040/5/1
f 2040/5/1 2049/5/1 2041/5/1
f 2050/10/1 2051/10/1 2042/10/1
f 2042/10/1 2051/10/1 2043/10/1
f 2052/5/1 2053/5/1 1397/5/1
f 1397/5/1 2053/5/1 1398/5/1
f 2053/10/1 2054/10/1 2044/10/1
f 2044/10/1 2054/10/1 2045/10/1
f 2054/5/1 2055/5/1 2045/5/1
f 2045/5/1 2055/5/1 2046/5/1
f 2055/10/1 2056/10/1 2046/10/1
f 2046/10/1 2056/10/1 2047/10/1
f 2056/5/1 2057/5/1 2047/5/1
f 2047/5/1 2057/5/1 2048/5/1
f 2057/10/1 2058/10/1 2048/10/1
f 2048/10/1 2058/10/1 2049/10/1
f 2059/4/1 2060/4/1 2050/4/1
f 2050/4/1 2060/4/1 2051/4/1
f 2061/5/1 2062/5/1 1396/5/1
f 1396/5/1 2062/5/1 1397/5/1
f 2062/10/1 2063/10/1 2052/10/1
f 2052/10/1 2063/10/1 2053/10/1
f 2063/5/1 2064/5/1 2053/5/1
f 2053/5/1 2064/5/1 2054/5/1
f 2064/10/1 2065/10/1 2054/10/1
f 2054/10/1 2065/10/1 2055/10/1
f 2065/5/1 2066/5/1 2055/5/1
f 2055/5/1 2066/5/1 2056/5/1
f 2066/10/1 2067/10/1 2056/10/1
f 2056/10/1 2067/10/1 2057/10/1
f 2067/5/1 2068/5/1 2057/5/1
f 2057/5/1 2068/5/1 2058/5/1
f 2069/10/1 2070/10/1 2059/10/1
f 2059/10/1 2070/10/1 2060/10/1
f 2071/5/1 2072/5/1 1395/5/1
f 1395/5/1 2072/5/1 1396/5/1
f 2072/10/1 2073/10/1 2061/10/1
f 2061/10/1 2073/10/1 2062/10/1
f 2073/5/1 2074/5/1 2062/5/1
f 2062/5/1 2074/5/1 2063/5/1
f 2074/10/1 2075/10/1 2063/10/1
f 2063/10/1 2075/10/1 2064/10/1
f 2075/5/1 2076/5/1 2064/5/1
f 2064/5/1 2076/5/1 2065/5/1
f 2076/10/1 2077/10/1 2065/10/1
f 2065/10/1 2077/10/1 2066/10/1
f 2077/5/1 2078/5/1 2066/5/1
f 2066/5/1 2078/5/1 2067/5/1
f 2078/10/1 2079/10/1 2067/10/1
f 2067/10/1 2079/10/1 2068/10/1
f 2080/4/1 2081/4/1 2069/4/1
f 2069/4/1 2081/4/1 2070/4/1
f 2082/5/1 2083/5/1 1392/5/1
f 1392/5/1 2083/5/1 1395/5/1
f 2083/10/1 2084/10/1 2071/10/1
f 2071/10/1 2084/10/1 2072/10/1
f 2084/5/1 2085/5/1 2072/5/1
f 2072/5/1 2085/5/1 2073/5/1
f 2085/10/1 2086/10/1 2073/10/1
f 2073/10/1 2086/10/1 2074/10/1
f 2086/5/1 2087/5/1 2074/5/1
f 2074/5/1 2087/5/1 2075/5/1
f 2087/10/1 2088/10/1 2075/10/1
f 2075/10/1 2088/10/1 2076/10/1
f 2088/5/1 2089/5/1 2076/5/1
f 2076/5/1 2089/5/1 2077/5/1
f 2089/10/1 2090/10/1 2077/10/1
f 2077/10/1 2090/10/1 2078/10/1
f 2090/5/1 2091/5/1 2078/5/1
f 2078/5/1 2091/5/1 2079/5/1
f 2092/10/1 2093/10/1 2080/10/1
f 2080/10/1 2093/10/1 2081/10/1
f 2094/5/1 2095/5/1 1389/5/1
f 1389/5/1 2095/5/1 1392/5/1
f 2095/10/1 2096/10/1 2082/10/1
f 2082/10/1 2096/10/1 2097/10/1
f 2096/5/1 2098/5/1 2097/5/1
f 2097/5/1 2098/5/1 2099/5/1
f 2098/10/1 2100/10/1 2099/10/1
f 2099/10/1 2100/10/1 2083/10/1
f 2100/5/1 2101/5/1 2083/5/1
f 2083/5/1 2101/5/1 2084/5/1
f 2101/10/1 2102/10/1 2084/10/1
f 2084/10/1 2102/10/1 2085/10/1
f 2102/5/1 2103/5/1 2085/5/1
f 2085/5/1 2103/5/1 2086/5/1
f 2103/10/1 2104/10/1 2086/10/1
f 2086/10/1 2104/10/1 2087/10/1
f 2104/5/1 2105/5/1 2087/5/1
f 2087/5/1 2105/5/1 2088/5/1
f 2105/10/1 2106/10/1 2088/10/1
f 2088/10/1 2106/10/1 2089/10/1
f 2106/5/1 2107/5/1 2089/5/1
f 2089/5/1 2107/5/1 2090/5/1
f 2107/10/1 2108/10/1 2090/10/1
f 2090/10/1 2108/10/1 2091/10/1
f 2109/4/1 2110/4/1 2092/4/1
f 2092/4/1 2110/4/1 2093/4/1
f 2111/5/1 2112/5/1 1388/5/1
f 1388/5/1 2112/5/1 1389/5/1
f 2112/10/1 2113/10/1 2094/10/1
f 2094/10/1 2113/10/1 2114/10/1
f 2113/5/1 2115/5/1 2114/5/1
f 2114/5/1 2115/5/1 2116/5/1
f 2115/10/1 2117/10/1 2116/10/1
f 2116/10/1 2117/10/1 2095/10/1
f 2117/5/1 2118/5/1 2095/5/1
f 2095/5/1 2118/5/1 2096/5/1
f 2118/10/1 2119/10/1 2096/10/1
f 2096/10/1 2119/10/1 2098/10/1
f 2119/5/1 2120/5/1 2098/5/1
f 2098/5/1 2120/5/1 2100/5/1
f 2120/10/1 2121/10/1 2100/10/1
f 2100/10/1 2121/10/1 2101/10/1
f 2121/5/1 2122/5/1 2101/5/1
f 2101/5/1 2122/5/1 2102/5/1
f 2122/10/1 2123/10/1 2102/10/1
f 2102/10/1 2123/10/1 2103/10/1
f 2123/5/1 2124/5/1 2103/5/1
f 2103/5/1 2124/5/1 2104/5/1
f 2124/10/1 2125/10/1 2104/10/1
f 2104/10/1 2125/10/1 2105/10/1
f 2125/5/1 2126/5/1 2105/5/1
f 2105/5/1 2126/5/1 2106/5/1
f 2126/10/1 2127/10/1 2106/10/1
f 2106/10/1 2127/10/1 2107/10/1
f 2127/5/1 2128/5/1 2107/5/1
f 2107/5/1 2128/5/1 2108/5/1
f 2129/10/1 2130/10/1 2109/10/1
f 2109/10/1 2130/10/1 2110/10/1
f 1679/5/1 2131/5/1 851/5/1
f 851/5/1 2131/5/1 1388/5/1
f 2131/10/1 2132/10/1 2111/10/1
f 2111/10/1 2132/10/1 2112/10/1
f 2132/5/1 2133/5/1 2112/5/1
f 2112/5/1 2133/5/1 2113/5/1
f 2133/10/1 2134/10/1 2113/10/1
f 2113/10/1 2134/10/1 2115/10/1
f 2134/5/1 2135/5/1 2115/5/1
f 2115/5/1 2135/5/1 2117/5/1
f 2135/10/1 2136/10/1 2117/10/1
f 2117/10/1 2136/10/1 2118/10/1
f 2136/5/1 2137/5/1 2118/5/1
f 2118/5/1 2137/5/1 2119/5/1
f 2137/10/1 2138/10/1 2119/10/1
f 2119/10/1 2138/10/1 2120/10/1
f 2138/5/1 2139/5/1 2120/5/1
f 2120/5/1 2139/5/1 2121/5/1
f 2139/10/1 2140/10/1 2121/10/1
f 2121/10/1 2140/10/1 2122/10/1
f 2140/5/1 2141/5/1 2122/5/1
f 2122/5/1 2141/5/1 2123/5/1
f 2141/10/1 2142/10/1 2123/10/1
f 2123/10/1 2142/10/1 2124/10/1
f 2142/5/1 2143/5/1 2124/5/1
f 2124/5/1 2143/5/1 2125/5/1
f 2143/10/1 2144/10/1 2125/10/1
f 2125/10/1 2144/10/1 2126/10/1
f 2144/5/1 2145/5/1 2126/5/1
f 2126/5/1 2145/5/1 2127/5/1
f 2145/10/1 2146/10/1 2127/10/1
f 2127/10/1 2146/10/1 2128/10/1
f 2147/4/1 2148/4/1 2129/4/1
f 2129/4/1 2148/4/1 2130/4/1
f 2149/5/1 2150/5/1 2131/5/1
f 2131/5/1 2150/5/1 2132/5/1
f 2151/5/1 2152/5/1 2133/5/1
f 2133/5/1 2152/5/1 2134/5/1
f 2153/5/1 2154/5/1 2135/5/1
f 2135/5/1 2154/5/1 2136/5/1
f 2155/5/1 2156/5/1 2137/5/1
f 2137/5/1 2156/5/1 2138/5/1
f 2157/5/1 2158/5/1 2139/5/1
f 2139/5/1 2158/5/1 2140/5/1
f 2159/5/1 2160/5/1 2141/5/1
f 2141/5/1 2160/5/1 2142/5/1
f 2161/5/1 2162/5/1 2143/5/1
f 2143/5/1 2162/5/1 2144/5/1
f 2163/5/1 2164/5/1 2145/5/1
f 2145/5/1 2164/5/1 2146/5/1
f 2165/10/1 2166/10/1 2147/10/1
f 2147/10/1 2166/10/1 2148/10/1
f 2167/10/1 2168/10/1 1679/10/1
f 1679/10/1 2168/10/1 2131/10/1
f 2169/10/1 2170/10/1 2132/10/1
f 2132/10/1 2170/10/1 2133/10/1
f 2171/10/1 2172/10/1 2134/10/1
f 2134/10/1 2172/10/1 2135/10/1
f 2173/10/1 2174/10/1 2136/10/1
f 2136/10/1 2174/10/1 2137/10/1
f 2175/10/1 2176/10/1 2138/10/1
f 2138/10/1 2176/10/1 2139/10/1
f 2177/10/1 2178/10/1 2140/10/1
f 2140/10/1 2178/10/1 2141/10/1
f 2179/10/1 2180/10/1 2142/10/1
f 2142/10/1 2180/10/1 2143/10/1
f 2181/10/1 2182/10/1 2144/10/1
f 2144/10/1 2182/10/1 2145/10/1
f 2183/10/1 2184/10/1 2008/10/1
f 2008/10/1 2184/10/1 2002/10/1
f 2184/4/1 2185/4/1 2165/4/1
f 2165/4/1 2185/4/1 2166/4/1
f 1899/4/1 2186/4/1 2167/4/1
f 2167/4/1 2186/4/1 2168/4/1
f 2186/10/1 2187/10/1 2149/10/1
f 2149/10/1 2187/10/1 2150/10/1
f 2187/4/1 2188/4/1 2169/4/1
f 2169/4/1 2188/4/1 2170/4/1
f 2188/10/1 2189/10/1 2151/10/1
f 2151/10/1 2189/10/1 2152/10/1
f 2189/4/1 2190/4/1 2171/4/1
f 2171/4/1 2190/4/1 2172/4/1
f 2190/10/1 2191/10/1 2153/10/1
f 2153/10/1 2191/10/1 2154/10/1
f 2191/4/1 2192/4/1 2173/4/1
f 2173/4/1 2192/4/1 2174/4/1
f 2192/10/1 2193/10/1 2155/10/1
f 2155/10/1 2193/10/1 2156/10/1
f 2193/4/1 2194/4/1 2175/4/1
f 2175/4/1 2194/4/1 2176/4/1
f 2194/10/1 2195/10/1 2157/10/1
f 2157/10/1 2195/10/1 2158/10/1
f 2195/4/1 2196/4/1 2177/4/1
f 2177/4/1 2196/4/1 2178/4/1
f 2196/10/1 2197/10/1 2159/10/1
f 2159/10/1 2197/10/1 2160/10/1
f 2197/4/1 2198/4/1 2179/4/1
f 2179/4/1 2198/4/1 2180/4/1
f 2198/10/1 2199/10/1 2161/10/1
f 2161/10/1 2199/10/1 2162/10/1
f 2199/4/1 2200/4/1 2181/4/1
f 2181/4/1 2200/4/1 2182/4/1
f 2200/10/1 2201/10/1 2163/10/1
f 2163/10/1 2201/10/1 2164/10/1
f 2201/4/1 2202/4/1 2183/4/1
f 2183/4/1 2202/4/1 2184/4/1
f 2202/10/1 2203/10/1 2184/10/1
f 2184/10/1 2203/10/1 2185/10/1
f 1901/2/2 855/2/2 2204/2/2
f 2204/2/2 855/2/2 1407/2/2
f 1409/2/5 2205/2/5 1407/2/5
f 1407/2/5 2205/2/5 2204/2/5
f 1411/7/5 2206/7/5 1409/7/5
f 1409/7/5 2206/7/5 2205/7/5
f 1413/2/5 2207/2/5 1411/2/5
f 1411/2/5 2207/2/5 2206/2/5
f 1415/7/5 2208/7/5 1413/7/5
f 1413/7/5 2208/7/5 2207/7/5
f 1417/2/5 2209/2/5 1415/2/5
f 1415/2/5 2209/2/5 2208/2/5
f 1419/5/5 2210/5/5 1417/5/5
f 1417/5/5 2210/5/5 2209/5/5
f 1421/2/5 2211/2/5 1419/2/5
f 1419/2/5 2211/2/5 2210/2/5
f 1423/5/5 2212/5/5 1421/5/5
f 1421/5/5 2212/5/5 2211/5/5
f 1425/2/5 2213/2/5 1423/2/5
f 1423/2/5 2213/2/5 2212/2/5
f 1427/9/5 2214/9/5 1425/9/5
f 1425/9/5 2214/9/5 2213/9/5
f 1405/4/5 2003/4/5 1427/4/5
f 1427/4/5 2003/4/5 2215/4/5
f 2003/10/5 2010/10/5 2215/10/5
f 2215/10/5 2010/10/5 2216/10/5
f 2010/4/5 2016/4/5 2216/4/5
f 2216/4/5 2016/4/5 2217/4/5
f 2016/10/5 2022/10/5 2217/10/5
f 2217/10/5 2022/10/5 2218/10/5
f 2022/4/5 2029/4/5 2218/4/5
f 2218/4/5 2029/4/5 2219/4/5
f 2029/10/5 2036/10/5 2219/10/5
f 2219/10/5 2036/10/5 2220/10/5
f 2036/4/5 2043/4/5 2220/4/5
f 2220/4/5 2043/4/5 2221/4/5
f 2043/10/5 2051/10/5 2221/10/5
f 2221/10/5 2051/10/5 2222/10/5
f 2051/4/5 2060/4/5 2222/4/5
f 2222/4/5 2060/4/5 2223/4/5
f 2060/10/5 2070/10/5 2223/10/5
f 2223/10/5 2070/10/5 2224/10/5
f 2070/4/5 2081/4/5 2224/4/5
f 2224/4/5 2081/4/5 2225/4/5
f 2081/10/5 2093/10/5 2225/10/5
f 2225/10/5 2093/10/5 2226/10/5
f 2093/4/5 2110/4/5 2226/4/5
f 2226/4/5 2110/4/5 2227/4/5
f 2110/10/5 2130/10/5 2227/10/5
f 2227/10/5 2130/10/5 2228/10/5
f 2130/4/5 2148/4/5 2228/4/5
f 2228/4/5 2148/4/5 2229/4/5
f 2148/10/5 2166/10/5 2229/10/5
f 2229/10/5 2166/10/5 2230/10/5
f 2166/4/5 2185/4/5 2230/4/5
f 2230/4/5 2185/4/5 2231/4/5
f 2185/10/5 2203/10/5 2231/10/5
f 2231/10/5 2203/10/5 2214/10/5
f 2232/4/6 2186/4/6 1999/4/6
f 1999/4/6 2186/4/6 1899/4/6
f 2233/10/6 2187/10/6 2232/10/6
f 2232/10/6 2187/10/6 2186/10/6
f 2234/4/6 2188/4/6 2233/4/6
f 2233/4/6 2188/4/6 2187/4/6
f 2235/10/6 2189/10/6 2234/10/6
f 2234/10/6 2189/10/6 2188/10/6
f 2236/4/6 2190/4/6 2235/4/6
f 2235/4/6 2190/4/6 2189/4/6
f 2237/10/6 2191/10/6 2236/10/6
f 2236/10/6 2191/10/6 2190/10/6
f 2238/4/6 2192/4/6 2237/4/6
f 2237/4/6 2192/4/6 2191/4/6
f 2239/10/6 2193/10/6 2238/10/6
f 2238/10/6 2193/10/6 2192/10/6
f 2240/4/6 2194/4/6 2239/4/6
f 2239/4/6 2194/4/6 2193/4/6
f 2241/10/6 2195/10/6 2240/10/6
f 2240/10/6 2195/10/6 2194/10/6
f 2242/4/6 2196/4/6 2241/4/6
f 2241/4/6 2196/4/6 2195/4/6
f 2243/10/6 2197/10/6 2242/10/6
f 2242/10/6 2197/10/6 2196/10/6
f 2244/4/6 2198/4/6 2243/4/6
f 2243/4/6 2198/4/6 2197/4/6
f 2245/10/6 2199/10/6 2244/10/6
f 2244/10/6 2199/10/6 2198/10/6
f 2246/4/6 2200/4/6 2245/4/6
f 2245/4/6 2200/4/6 2199/4/6
f 2247/10/6 2201/10/6 2246/10/6
f 2246/10/6 2201/10/6 2200/10/6
f 2248/4/6 2202/4/6 2247/4/6
f 2247/4/6 2202/4/6 2201/4/6
f 2204/2/6 2205/2/6 1901/2/6
f 1901/2/6 2205/2/6 1990/2/6
f 2205/7/6 2206/7/6 1990/7/6
f 1990/7/6 2206/7/6 1991/7/6
f 2206/2/6 2207/2/6 1991/2/6
f 1991/2/6 2207/2/6 1992/2/6
f 2207/7/6 2208/7/6 1992/7/6
f 1992/7/6 2208/7/6 1993/7/6
f 2208/2/6 2209/2/6 1993/2/6
f 1993/2/6 2209/2/6 1994/2/6
f 2209/5/6 2210/5/6 1994/5/6
f 1994/5/6 2210/5/6 1995/5/6
f 2210/2/6 2211/2/6 1995/2/6
f 1995/2/6 2211/2/6 1996/2/6
f 2211/5/6 2212/5/6 1996/5/6
f 1996/5/6 2212/5/6 1997/5/6
f 2212/2/6 2213/2/6 1997/2/6
f 1997/2/6 2213/2/6 1998/2/6
f 2213/9/6 2214/9/6 1998/9/6
f 1998/9/6 2214/9/6 1999/9/6
f 2214/10/6 2203/10/6 2248/10/6
f 2248/10/6 2203/10/6 2202/10/6
